/**
 * generated by fontconvert.py
 * name: iawriterquattro_14_regular
 * size: 14
 * mode: 2-bit  compressed: true
 * Command used: fontconvert.py iawriterquattro_14_regular 14 ../builtinFonts/source/iAWriterQuattro/iAWriterQuattro-Regular.ttf --2bit --compress --pnum --narrow-punct .,
 */
#pragma once
#include "EpdFontData.h"

static const uint8_t iawriterquattro_14_regularBitmaps[19951] = {
    0xB5, 0x59, 0x3F, 0x93, 0xE4, 0x46, 0x15, 0x7F, 0x92, 0x5C, 0x16, 0x55, 0x2A, 0xDC, 0xC9, 0x05,
    0x54, 0x5D, 0x79, 0x95, 0x3A, 0x60, 0x47, 0x29, 0xC1, 0x8C, 0x46, 0xC7, 0x05, 0x04, 0xFE, 0x10,
    0xFE, 0x08, 0x43, 0x42, 0xD5, 0x06, 0xDA, 0x93, 0x0E, 0x7F, 0x81, 0xFD, 0x06, 0x10, 0x10, 0x13,
    0x6D, 0x30, 0x60, 0x71, 0xD2, 0xF9, 0x42, 0x92, 0x06, 0x93, 0x11, 0x58, 0x05, 0x5B, 0x45, 0x40,
    0x60, 0x15, 0x27, 0x63, 0x1D, 0xD6, 0x5E, 0xF3, 0xFB, 0x75, 0x4B, 0xB3, 0x33, 0xE3, 0x5D, 0x6E,
    0x5D, 0x77, 0xCC, 0xE8, 0xF5, 0xCC, 0x48, 0xAF, 0x5F, 0xBF, 0xEE, 0x7E, 0x7F, 0x7E, 0xAF, 0x27,
    0x91, 0x64, 0xF7, 0x8E, 0xED, 0xFB, 0x03, 0xBC, 0x7F, 0x68, 0xDF, 0xEE, 0xB5, 0x2E, 0xDD, 0xBB,
    0x5F, 0x1D, 0xBE, 0x25, 0x6C, 0x3A, 0x91, 0xB0, 0x44, 0x13, 0x3D, 0x42, 0xA3, 0x1E, 0xB5, 0x68,
    0x7C, 0x8D, 0x26, 0xD0, 0x12, 0x1B, 0x63, 0x1A, 0xDB, 0xC8, 0x2A, 0x6C, 0x44, 0x96, 0x51, 0xC9,
    0x26, 0x43, 0xA3, 0x32, 0xA9, 0xF1, 0xC0, 0x35, 0xD2, 0xC7, 0x18, 0xA3, 0x5B, 0xB0, 0x39, 0x65,
    0xB3, 0x12, 0xF1, 0xDA, 0xA5, 0x88, 0x6F, 0x1B, 0x9D, 0xE3, 0x5E, 0xD0, 0xDC, 0xD0, 0xC3, 0x2B,
    0xF1, 0x8D, 0x29, 0xA3, 0x6F, 0xBF, 0xEA, 0xE2, 0x4F, 0x9F, 0x0F, 0x49, 0xD0, 0xFC, 0x3C, 0xC5,
    0x7D, 0x12, 0xBE, 0x4B, 0xFC, 0x69, 0x23, 0xEA, 0xDB, 0x46, 0x02, 0xF3, 0x4A, 0x64, 0x83, 0xC1,
    0x83, 0x2F, 0x3B, 0x09, 0x9E, 0x0F, 0xE8, 0x5B, 0x81, 0x72, 0xD2, 0x8F, 0xF0, 0xFD, 0x49, 0xD0,
    0x0C, 0xC9, 0x17, 0x7F, 0xEC, 0x22, 0x63, 0xB4, 0xD4, 0xAF, 0x0F, 0xC6, 0xF0, 0xF1, 0x13, 0x3A,
    0x2A, 0xF4, 0x86, 0x5A, 0xC9, 0xCF, 0x5A, 0x81, 0x26, 0x2B, 0xE9, 0xA4, 0x87, 0xF2, 0xD2, 0xF9,
    0xAD, 0xFD, 0xB0, 0x93, 0x92, 0x4E, 0x65, 0xF6, 0x83, 0xFA, 0x83, 0x93, 0xDA, 0xA2, 0x5F, 0x9F,
    0xB4, 0x90, 0xE2, 0xB7, 0x66, 0xC4, 0xEF, 0xF0, 0x79, 0x97, 0xF2, 0xF6, 0x63, 0xCD, 0x99, 0x2E,
    0x82, 0x46, 0xE1, 0x23, 0x77, 0x1F, 0xBD, 0xFD, 0xF0, 0x5B, 0xFB, 0x11, 0x36, 0x01, 0x59, 0x54,
    0xE6, 0xF5, 0xE7, 0xC2, 0xA1, 0xD9, 0x1D, 0x12, 0x21, 0x4C, 0xE2, 0x2B, 0x70, 0x1B, 0xEA, 0xD9,
    0x27, 0x99, 0x04, 0x3A, 0x22, 0xBB, 0x4C, 0x0D, 0xF5, 0x16, 0xBF, 0xE3, 0x66, 0x0D, 0x20, 0xEF,
    0x5A, 0x4C, 0x16, 0x7D, 0x85, 0x26, 0xFE, 0x18, 0x5B, 0xB4, 0xF0, 0xBB, 0x0E, 0xEA, 0x0F, 0x1D,
    0xF4, 0x4C, 0x39, 0x97, 0x58, 0xE3, 0x67, 0xA4, 0x65, 0x2D, 0xAA, 0xC3, 0x8F, 0x7C, 0x94, 0xC8,
    0x40, 0x45, 0xAF, 0x2E, 0xE3, 0x2C, 0x9F, 0x5E, 0x14, 0xBC, 0xB0, 0xA3, 0x77, 0xD8, 0x04, 0x8E,
    0x80, 0xAD, 0x83, 0x8E, 0x27, 0x22, 0xA7, 0x5C, 0x0C, 0x2E, 0xC9, 0xFE, 0xB5, 0xB2, 0xF7, 0xF1,
    0x14, 0x3C, 0xE0, 0xE4, 0x2A, 0x6A, 0xF6, 0xA5, 0x84, 0x05, 0xD5, 0xC4, 0x67, 0x6C, 0xD5, 0xE5,
    0xF2, 0xE1, 0xFE, 0x99, 0xED, 0xF6, 0xA1, 0xED, 0xA0, 0xEC, 0x7A, 0x47, 0x87, 0x97, 0xCA, 0xA6,
    0x47, 0x1F, 0x5A, 0xCE, 0x33, 0xAB, 0x49, 0x4B, 0x09, 0xB1, 0x95, 0x6A, 0xA7, 0x7E, 0x44, 0x4F,
    0xC2, 0xE7, 0x55, 0xF1, 0xED, 0x57, 0xE3, 0xFB, 0xB0, 0x10, 0x89, 0x31, 0x4A, 0x02, 0x3A, 0xC7,
    0x2A, 0x0E, 0x2B, 0xAC, 0x4F, 0x0C, 0x96, 0xA8, 0xF1, 0xB3, 0xC0, 0xD9, 0xF5, 0x2D, 0xFD, 0x67,
    0x5A, 0x1B, 0x33, 0x90, 0xEE, 0x7A, 0x1E, 0x75, 0xAA, 0x55, 0x8D, 0x6A, 0xE2, 0x2C, 0x91, 0x94,
    0xDA, 0x89, 0x14, 0xA6, 0xC1, 0x35, 0xFB, 0x0A, 0xFD, 0xC2, 0x4E, 0x8A, 0x13, 0xE0, 0x02, 0x58,
    0x26, 0x6A, 0x7D, 0x29, 0x76, 0xFA, 0x1E, 0x56, 0x01, 0x5E, 0x62, 0xB7, 0x8E, 0x9E, 0x41, 0x36,
    0x9A, 0xC7, 0xE9, 0xC4, 0x7A, 0x46, 0xE3, 0x70, 0xAC, 0x5C, 0xB0, 0x60, 0x1A, 0x3B, 0x9A, 0x24,
    0x62, 0xA1, 0xB9, 0xE4, 0x6E, 0xE8, 0xA4, 0xA7, 0x4B, 0x48, 0x78, 0x15, 0x37, 0xAA, 0x0C, 0xDA,
    0x58, 0x3C, 0x1A, 0x1C, 0x1C, 0x54, 0x06, 0x3C, 0xDF, 0xE6, 0x51, 0x53, 0xE5, 0xAA, 0x75, 0xC4,
    0xEF, 0x22, 0x15, 0xEF, 0xF3, 0x79, 0x6A, 0xFD, 0xCF, 0xEB, 0xD8, 0x8F, 0xFD, 0x29, 0x87, 0xF2,
    0xEC, 0xC2, 0xD5, 0x58, 0xF0, 0xFF, 0x74, 0x12, 0xFD, 0xAD, 0x93, 0xE4, 0xA7, 0x30, 0x21, 0x58,
    0xD8, 0x03, 0x5A, 0xD9, 0xF7, 0xA1, 0x00, 0x7D, 0x8D, 0x19, 0x49, 0xB2, 0xE9, 0xE1, 0x96, 0x46,
    0xA2, 0x36, 0xC1, 0xC2, 0x85, 0x3A, 0x95, 0xA0, 0xFD, 0x01, 0x19, 0x1C, 0xE3, 0xB4, 0x20, 0x11,
    0x66, 0x19, 0x63, 0x96, 0x4F, 0xB0, 0x46, 0x30, 0xE6, 0x10, 0xB7, 0x13, 0xAC, 0xCF, 0x1F, 0xC0,
    0x05, 0xB5, 0x14, 0x38, 0xD6, 0x78, 0xBA, 0xDB, 0xA0, 0xCD, 0x95, 0x95, 0xA9, 0x34, 0x64, 0x4A,
    0xA8, 0x27, 0x39, 0x7B, 0xB2, 0x36, 0x99, 0x14, 0x90, 0x53, 0x5C, 0x73, 0x81, 0x4B, 0x77, 0x9F,
    0xE3, 0x79, 0x96, 0x1E, 0xE0, 0xFB, 0x39, 0x06, 0x49, 0x2E, 0x92, 0x26, 0xE2, 0xDC, 0x6B, 0xFA,
    0x59, 0xA2, 0x19, 0xF6, 0xD8, 0x7C, 0x86, 0xC6, 0x7B, 0x49, 0xB1, 0x5F, 0xA0, 0x09, 0x5F, 0x4C,
    0xC1, 0x0D, 0x5E, 0xAC, 0xE9, 0xC3, 0x9A, 0x1E, 0xAC, 0x21, 0x27, 0xA0, 0x8B, 0xA0, 0x89, 0x4A,
    0x86, 0x3E, 0x0E, 0x92, 0xB2, 0x81, 0x8A, 0x26, 0xB3, 0x8D, 0x1B, 0xF8, 0xB0, 0xC1, 0xA2, 0x94,
    0xA4, 0xC5, 0xB4, 0xEF, 0xAB, 0xBD, 0x4D, 0xB5, 0x94, 0x5C, 0xC9, 0x0A, 0x3E, 0xBF, 0xCE, 0x8A,
    0xEC, 0x23, 0x51, 0x34, 0x01, 0x3D, 0x59, 0x8D, 0x9D, 0xE0, 0x03, 0x98, 0x44, 0x85, 0xFB, 0xEB,
    0xB2, 0x40, 0xD0, 0xB9, 0x86, 0x03, 0x6B, 0xB7, 0x68, 0x11, 0x17, 0x2D, 0xB3, 0x8B, 0xE6, 0xF5,
    0x8E, 0x9B, 0xC6, 0xA3, 0x30, 0xFD, 0x38, 0xBA, 0x96, 0xA4, 0x30, 0x65, 0xAA, 0xE3, 0x76, 0x9D,
    0xF9, 0x3B, 0x43, 0x99, 0xA8, 0x87, 0x2E, 0xBD, 0xCA, 0x82, 0x2E, 0x6A, 0xAD, 0x31, 0x64, 0x34,
    0x06, 0x4C, 0xA0, 0x27, 0x2D, 0x21, 0x6D, 0x89, 0x05, 0x5B, 0x42, 0xE2, 0xF2, 0x46, 0x22, 0x06,
    0x4A, 0x26, 0xCD, 0x2B, 0x17, 0x81, 0x3C, 0xB7, 0xF1, 0xBB, 0x3D, 0xB0, 0x6C, 0x78, 0xC4, 0x30,
    0x78, 0x3E, 0xB1, 0x6D, 0x06, 0x6E, 0x5C, 0xA9, 0xDA, 0xB8, 0x4D, 0xA0, 0x47, 0x82, 0x4E, 0x18,
    0xDB, 0x7E, 0xAA, 0xCC, 0x6F, 0x43, 0x8C, 0x2F, 0x9C, 0x13, 0xE6, 0xAF, 0x74, 0xA4, 0x79, 0x9F,
    0x3A, 0xD2, 0x78, 0x49, 0xFC, 0xBE, 0x86, 0x3E, 0xF1, 0xD5, 0xC3, 0x2E, 0xA4, 0xB7, 0x17, 0x8C,
    0xF7, 0xCE, 0x11, 0xA8, 0x7B, 0x9C, 0x05, 0x6D, 0xEA, 0xB2, 0xC9, 0x6E, 0x7E, 0xF8, 0x3D, 0x24,
    0x59, 0x30, 0xA8, 0xF6, 0xA4, 0x47, 0x7E, 0xE8, 0xA4, 0xFE, 0xF3, 0xBE, 0x92, 0x34, 0x2B, 0x28,
    0x36, 0x3A, 0xDD, 0xB9, 0xDC, 0xC5, 0x4D, 0xF2, 0x93, 0xA3, 0xD7, 0x7C, 0x3F, 0xEA, 0xDC, 0xFB,
    0xF8, 0xF9, 0x2D, 0x11, 0x82, 0x91, 0x99, 0xC6, 0x0D, 0xAA, 0x11, 0xE1, 0x68, 0x94, 0xA5, 0x04,
    0xA3, 0x33, 0x37, 0x6C, 0x95, 0xA5, 0x35, 0x77, 0x99, 0x41, 0xBC, 0xC6, 0x90, 0x11, 0x36, 0xCF,
    0xA3, 0xED, 0xB0, 0x8F, 0xDF, 0xEC, 0xC6, 0x9E, 0x8D, 0xFF, 0x58, 0xA7, 0xBD, 0xFB, 0xBF, 0x06,
    0x3D, 0x9B, 0x4C, 0x39, 0xA4, 0xED, 0x17, 0x94, 0x67, 0x05, 0x4F, 0xF2, 0x38, 0x67, 0xDC, 0xE4,
    0x60, 0x60, 0xF2, 0xC1, 0x13, 0xC3, 0x4E, 0xEA, 0x29, 0x44, 0x59, 0x6D, 0x61, 0x4F, 0x11, 0xFC,
    0x36, 0xB9, 0x28, 0x30, 0x87, 0x38, 0xA3, 0xAD, 0x3D, 0xB0, 0xFD, 0xE6, 0x4D, 0xC5, 0xBE, 0x7B,
    0xC8, 0x49, 0xEB, 0xDE, 0x79, 0xE5, 0x6A, 0xCF, 0x88, 0xE7, 0x97, 0x39, 0x22, 0xD9, 0xBC, 0x06,
    0x27, 0x7C, 0x8D, 0x7D, 0xFE, 0xF2, 0x3E, 0x7A, 0x5F, 0xD3, 0xC3, 0xAD, 0x8D, 0xEA, 0xB0, 0x49,
    0x5E, 0x3C, 0xEF, 0x94, 0x98, 0x6F, 0x9A, 0xFE, 0xC4, 0xEF, 0x93, 0xE6, 0xEC, 0x14, 0xA9, 0xAE,
    0x59, 0x2E, 0xC3, 0x26, 0x44, 0x1B, 0x35, 0x01, 0xDB, 0xF2, 0xB8, 0x75, 0x4F, 0x03, 0x04, 0xF7,
    0xCB, 0x0F, 0xFD, 0x3E, 0xFE, 0x13, 0x25, 0xFC, 0xCB, 0xE8, 0xA8, 0x4C, 0x74, 0x9D, 0x59, 0x6F,
    0xB3, 0x6E, 0xC1, 0x55, 0xB8, 0x10, 0x9B, 0xA1, 0x99, 0x59, 0xBD, 0xDA, 0xA6, 0x67, 0xFB, 0x0A,
    0xF8, 0x38, 0xE4, 0xCF, 0x88, 0xC6, 0xA9, 0x38, 0x03, 0xC5, 0x20, 0x7B, 0xC2, 0x68, 0xBB, 0xB2,
    0x49, 0x9E, 0x61, 0x3A, 0xA7, 0xD5, 0x6F, 0x19, 0x8D, 0x7B, 0x68, 0xEC, 0x75, 0x88, 0x24, 0x7E,
    0x07, 0x73, 0x0F, 0x38, 0x9F, 0x60, 0xCA, 0x18, 0x15, 0xD7, 0xE6, 0x9C, 0x06, 0x95, 0xD2, 0xEC,
    0x89, 0xAC, 0xF0, 0x99, 0xD2, 0xC4, 0x0A, 0x73, 0x85, 0x4C, 0xF1, 0x1A, 0x99, 0xA0, 0xC8, 0x72,
    0x2C, 0x67, 0x8E, 0xA5, 0xCC, 0x6D, 0x76, 0xE4, 0xA7, 0x2A, 0x73, 0xF0, 0x16, 0x90, 0x52, 0xC0,
    0xF4, 0xF1, 0x1D, 0xBF, 0x43, 0x20, 0xA0, 0x00, 0xB8, 0x22, 0xE8, 0x26, 0x6A, 0xDD, 0xBD, 0x18,
    0xE9, 0xC6, 0x58, 0x5E, 0x29, 0x18, 0x03, 0xE1, 0x26, 0xED, 0x06, 0xC6, 0x16, 0x35, 0x8C, 0x3C,
    0xF9, 0xE4, 0x65, 0xDB, 0x09, 0x12, 0x1C, 0xD3, 0x76, 0x7A, 0x9E, 0x5B, 0xAF, 0x0C, 0xE0, 0x5E,
    0x61, 0xA3, 0x5A, 0x6C, 0x03, 0x21, 0x06, 0xE4, 0xAD, 0xCD, 0x05, 0x68, 0xC4, 0x4E, 0xD6, 0x04,
    0x0C, 0xD9, 0x12, 0x72, 0xE1, 0xF6, 0xDA, 0xB9, 0xBE, 0xA5, 0xCE, 0x85, 0x82, 0x99, 0x82, 0x6E,
    0xEF, 0x99, 0x76, 0xFC, 0x71, 0xC6, 0xFE, 0x94, 0x43, 0x79, 0xD0, 0x97, 0x3A, 0x13, 0x09, 0xC8,
    0x5D, 0x74, 0x1F, 0x9E, 0x7D, 0x3E, 0x90, 0x26, 0xBD, 0x81, 0xB7, 0x24, 0xBD, 0x49, 0xE6, 0x4C,
    0x92, 0x0C, 0xF0, 0x3A, 0x93, 0x85, 0xBD, 0xCD, 0xA7, 0x80, 0x0D, 0xD2, 0x2E, 0xF6, 0x2C, 0x7B,
    0xC7, 0xEB, 0x99, 0x8E, 0x74, 0xEE, 0xC2, 0x8C, 0xA5, 0x74, 0x0E, 0x61, 0xE8, 0x17, 0x5D, 0x9D,
    0x74, 0xBE, 0x19, 0x3B, 0x29, 0x74, 0x57, 0xD9, 0x50, 0xFD, 0xBF, 0x09, 0x70, 0xD8, 0xD2, 0x7D,
    0x78, 0x49, 0xC3, 0x6D, 0x2F, 0x98, 0xB6, 0xB2, 0x39, 0xDC, 0x46, 0xDC, 0x37, 0x5E, 0xC9, 0x56,
    0x92, 0x5C, 0xD2, 0xF5, 0xA3, 0x51, 0x99, 0xDE, 0x37, 0x65, 0x85, 0x2C, 0x0B, 0xD9, 0xBA, 0x42,
    0xAE, 0xAC, 0x10, 0x0E, 0x2B, 0x84, 0xC3, 0x0A, 0x89, 0xB7, 0x42, 0xE6, 0xA9, 0x90, 0x3E, 0x2B,
    0x44, 0xC8, 0x0A, 0xE2, 0x9F, 0x21, 0x2A, 0xD5, 0x5F, 0x36, 0x52, 0x3F, 0x6E, 0xE5, 0x19, 0x9F,
    0x93, 0x0F, 0x39, 0xBB, 0xC2, 0xC0, 0x34, 0xFF, 0x0A, 0xF8, 0x12, 0x78, 0x1B, 0xF3, 0xF6, 0x86,
    0x6A, 0xB2, 0xB5, 0x77, 0x41, 0x58, 0x9F, 0xD2, 0x12, 0x7C, 0xD1, 0xD4, 0x00, 0x93, 0xA6, 0x6E,
    0x61, 0xFC, 0x15, 0x50, 0xCA, 0xAF, 0xAA, 0xAD, 0xA8, 0x18, 0xC8, 0x26, 0x8D, 0xAB, 0x85, 0xE4,
    0x71, 0xA5, 0x64, 0x88, 0xAB, 0xE8, 0x69, 0x17, 0x57, 0xC1, 0x8B, 0x36, 0xAE, 0xFC, 0x7F, 0x34,
    0x71, 0x25, 0xA6, 0x44, 0x53, 0x0B, 0x9A, 0x15, 0x9B, 0x1F, 0xB3, 0x79, 0x8F, 0x8D, 0xDC, 0xDE,
    0xD4, 0xC8, 0xEB, 0x88, 0x21, 0x4D, 0xDD, 0x38, 0xFA, 0x0C, 0x50, 0xFD, 0x77, 0x5D, 0xD0, 0x6C,
    0x81, 0xDC, 0xB7, 0x15, 0x08, 0x61, 0x67, 0x8B, 0xE2, 0x63, 0x1B, 0x83, 0xD4, 0xE3, 0x66, 0x1B,
    0x7D, 0xDA, 0x6C, 0xC3, 0x17, 0xCD, 0x36, 0xF8, 0x7B, 0xB3, 0xF5, 0x5E, 0x36, 0x5B, 0xF9, 0x06,
    0x54, 0x83, 0x0A, 0xD0, 0x1A, 0x84, 0xD8, 0xFB, 0x1D, 0xC0, 0x76, 0x98, 0x87, 0x61, 0x5C, 0xE3,
    0x9C, 0xE7, 0x26, 0x1A, 0xF7, 0x72, 0x58, 0x4F, 0xFE, 0x63, 0xC0, 0xE6, 0x82, 0x86, 0x11, 0x06,
    0x86, 0xDC, 0x06, 0x80, 0xE3, 0xA0, 0x11, 0xCC, 0x41, 0x23, 0x23, 0xEF, 0xFD, 0x1C, 0x01, 0x31,
    0xDA, 0x0E, 0x10, 0xF6, 0x1B, 0x94, 0x55, 0x0C, 0xD2, 0x1C, 0x9B, 0xA1, 0xAC, 0xA7, 0x2B, 0x0C,
    0xAE, 0xA1, 0x7E, 0x6C, 0xAA, 0xC3, 0x66, 0x9C, 0x58, 0x82, 0x6E, 0x40, 0x8F, 0xEB, 0x1E, 0x7D,
    0xD7, 0x1D, 0xA4, 0xA8, 0x96, 0xF2, 0x3A, 0x4A, 0x66, 0xF2, 0xEB, 0xD7, 0x36, 0x24, 0x37, 0xDF,
    0x63, 0x06, 0xE0, 0xEB, 0x6D, 0x28, 0xCE, 0xA1, 0x51, 0x0E, 0x88, 0x93, 0x5B, 0x05, 0x56, 0x0C,
    0x99, 0xE2, 0xC2, 0x28, 0xC3, 0x29, 0x1E, 0x6E, 0x5E, 0x09, 0xD0, 0x41, 0xA3, 0x80, 0x12, 0xE0,
    0x96, 0x3D, 0x14, 0xCF, 0xD2, 0x09, 0x88, 0x10, 0xB3, 0xC4, 0xCC, 0x8E, 0xE6, 0x37, 0xB4, 0xAB,
    0x0C, 0xF9, 0x80, 0xA8, 0xAA, 0x9F, 0x22, 0x24, 0x73, 0x41, 0xF5, 0x11, 0xBE, 0x3F, 0x81, 0x4B,
    0x24, 0xFA, 0x61, 0x1B, 0x4D, 0x28, 0xA3, 0x30, 0x2E, 0xEE, 0xA0, 0x3A, 0xB4, 0x25, 0x97, 0xF7,
    0xFF, 0x6A, 0xEE, 0x1B, 0x07, 0x6E, 0xA3, 0x39, 0xA7, 0xA4, 0x58, 0x8C, 0x64, 0x86, 0x87, 0xA6,
    0xE5, 0xAC, 0x56, 0xB0, 0xEB, 0x7C, 0x36, 0x25, 0xC6, 0x2A, 0x6B, 0x4E, 0x80, 0x4B, 0xD8, 0x5F,
    0xE4, 0x5A, 0x16, 0xA1, 0xC8, 0xAA, 0x2D, 0x40, 0x18, 0xD2, 0x28, 0x9F, 0x0A, 0x97, 0x8D, 0xC6,
    0x87, 0xAA, 0x50, 0x96, 0xC8, 0x1C, 0xAB, 0xA9, 0x3E, 0x60, 0x81, 0x85, 0xCD, 0x5C, 0x31, 0xB9,
    0x06, 0x80, 0xF3, 0xFE, 0x88, 0x51, 0x13, 0x42, 0x9A, 0x08, 0x60, 0x3C, 0xB8, 0xE6, 0x5E, 0x67,
    0xE1, 0x6F, 0x91, 0xF6, 0x54, 0x19, 0x7D, 0x82, 0xBA, 0x25, 0x2A, 0x95, 0x12, 0x56, 0x61, 0x4A,
    0x65, 0x0B, 0x7C, 0x9C, 0x44, 0xE5, 0x0A, 0x3D, 0x4F, 0xC3, 0xC6, 0xE6, 0x0D, 0x96, 0xE7, 0x48,
    0x25, 0x81, 0xDE, 0x62, 0xDC, 0x33, 0xBF, 0xC5, 0x30, 0xDD, 0xA5, 0x87, 0xE2, 0x55, 0xFA, 0x4E,
    0xF8, 0xB1, 0xED, 0xE4, 0x6B, 0xEC, 0xD1, 0x79, 0x2B, 0xBF, 0xC7, 0xC6, 0xA5, 0x1A, 0x3E, 0x65,
    0x11, 0x13, 0x41, 0x53, 0x82, 0x8F, 0xD2, 0x42, 0x7C, 0x20, 0x5F, 0x46, 0xBF, 0x0C, 0x08, 0x2E,
    0x25, 0x62, 0xAE, 0xB8, 0x4F, 0x3D, 0x33, 0x36, 0x17, 0x95, 0x09, 0x3C, 0xB5, 0x80, 0x74, 0xC3,
    0x6C, 0x4F, 0x68, 0x44, 0x0C, 0xE6, 0x36, 0xDE, 0x22, 0x00, 0x65, 0x71, 0x53, 0x6C, 0xF3, 0x3E,
    0x98, 0x47, 0x0B, 0xF0, 0x21, 0x02, 0xE6, 0x34, 0x10, 0xF9, 0x9C, 0x13, 0xF2, 0xAE, 0x69, 0x43,
    0x31, 0x8D, 0x09, 0x0B, 0x4C, 0x63, 0x82, 0xC8, 0x94, 0x4F, 0x2B, 0xC7, 0x67, 0x7B, 0xC8, 0x60,
    0xCB, 0x84, 0xC8, 0x0E, 0x99, 0x1D, 0x0C, 0x39, 0xCC, 0x15, 0xFB, 0x3D, 0x8D, 0xE1, 0x06, 0xDB,
    0xCD, 0x88, 0x7E, 0x2E, 0x94, 0x52, 0x67, 0xAC, 0xF3, 0x6D, 0xAA, 0x3C, 0xC3, 0xF1, 0xD1, 0x8D,
    0xC1, 0xAA, 0x61, 0x42, 0x6B, 0x16, 0x7E, 0x23, 0x80, 0x8E, 0xB5, 0x75, 0x3E, 0x18, 0x33, 0x52,
    0x63, 0x79, 0x66, 0xEB, 0xCD, 0xB7, 0xBC, 0x9C, 0xA8, 0xE5, 0x34, 0x34, 0xB1, 0x13, 0xA1, 0x13,
    0x0B, 0xD6, 0x70, 0x3A, 0x5A, 0x61, 0x21, 0xCB, 0x82, 0xD6, 0x16, 0xB6, 0x67, 0x53, 0x91, 0x73,
    0x3A, 0x15, 0xBE, 0x96, 0xB9, 0x9C, 0xCE, 0x60, 0xB4, 0x2B, 0x90, 0x2D, 0xF3, 0xE5, 0x14, 0x8D,
    0x96, 0x53, 0x21, 0x4D, 0x46, 0x2E, 0x26, 0x0B, 0x6C, 0x2C, 0x4B, 0xB3, 0xE6, 0x21, 0xCF, 0x3B,
    0xB8, 0x26, 0x51, 0xAC, 0x30, 0x69, 0xD8, 0x29, 0x94, 0xCC, 0x2B, 0x1B, 0x95, 0xE9, 0x04, 0x81,
    0x86, 0x0D, 0xC3, 0x39, 0x14, 0x16, 0x79, 0x81, 0x3B, 0xD0, 0x66, 0x38, 0x93, 0x1D, 0xB0, 0x67,
    0x54, 0x18, 0x49, 0xEF, 0x41, 0xD7, 0x05, 0x74, 0x0C, 0x4B, 0x1F, 0x85, 0x27, 0x22, 0x1D, 0x1C,
    0x4F, 0xE9, 0x42, 0x3E, 0xB0, 0x3B, 0x10, 0xED, 0x8E, 0x10, 0x3C, 0x46, 0x25, 0x50, 0x52, 0x86,
    0x70, 0xD2, 0xB0, 0xE1, 0x69, 0x1A, 0x9C, 0x15, 0xBF, 0x0B, 0xAD, 0xCC, 0xCB, 0xD1, 0x33, 0x4F,
    0xC7, 0xE5, 0x7E, 0x2D, 0xB8, 0x4F, 0xF1, 0x95, 0x2C, 0xEB, 0xD7, 0x70, 0x80, 0x22, 0x63, 0x9F,
    0x23, 0x60, 0x76, 0x4C, 0x9A, 0x3C, 0xE4, 0x5D, 0x02, 0xDC, 0x2D, 0x63, 0xCC, 0xAB, 0x60, 0xCE,
    0xA4, 0x5E, 0x1B, 0xD8, 0x04, 0x7D, 0xD0, 0xDB, 0xC5, 0xFC, 0x6A, 0x0F, 0x18, 0xE6, 0x76, 0x2F,
    0x3D, 0xB1, 0xE0, 0x50, 0x6F, 0x32, 0xF6, 0x61, 0x5F, 0xB7, 0x93, 0xB7, 0x50, 0xFD, 0xCB, 0x36,
    0x30, 0xFF, 0x6E, 0x55, 0xBB, 0x68, 0x5D, 0xFD, 0xE5, 0xB7, 0xAB, 0x3B, 0x88, 0xCF, 0xC8, 0x43,
    0x5E, 0xF6, 0x61, 0x5F, 0xE6, 0x1B, 0x8F, 0x79, 0xB1, 0xBF, 0x39, 0xC8, 0x58, 0xB8, 0xBC, 0xD8,
    0xCF, 0xF6, 0x3F, 0x83, 0x30, 0x98, 0x4C, 0xA6, 0x32, 0x0F, 0x39, 0xF0, 0xA1, 0xF6, 0x6C, 0x9D,
    0x0A, 0xD7, 0x78, 0xD8, 0x0B, 0x50, 0x4C, 0x4F, 0x3F, 0x60, 0x41, 0xAE, 0x05, 0xC8, 0x10, 0x97,
    0xFB, 0x7E, 0x9F, 0xEB, 0xAD, 0x67, 0xE0, 0x0E, 0x6B, 0xB4, 0xC7, 0x15, 0xBB, 0x48, 0xB2, 0x88,
    0x70, 0xBA, 0x6E, 0xE5, 0xCE, 0x9D, 0x4C, 0xF0, 0x0C, 0xAB, 0x8A, 0xDD, 0x81, 0x1F, 0x2B, 0xC0,
    0x65, 0x55, 0x3A, 0xE8, 0x7C, 0x3F, 0x5A, 0xAF, 0x99, 0x3C, 0xD3, 0xA3, 0x17, 0xCB, 0x58, 0x77,
    0xED, 0x5E, 0x8B, 0xEF, 0x7F, 0xA5, 0x76, 0xF3, 0x47, 0x16, 0x77, 0x08, 0xAC, 0xFD, 0xE4, 0xB6,
    0xDF, 0xA5, 0xB8, 0xEC, 0x01, 0xFC, 0x7A, 0xE4, 0x80, 0x3E, 0x6C, 0x01, 0x4E, 0xC0, 0xFB, 0x44,
    0xE4, 0xEB, 0xD1, 0x1D, 0x57, 0x9A, 0x4F, 0x32, 0x19, 0x11, 0x93, 0x18, 0x7C, 0x7B, 0xC4, 0x28,
    0x42, 0x45, 0x08, 0x04, 0x29, 0xF4, 0x63, 0x21, 0x73, 0x9F, 0xF7, 0x4A, 0xD6, 0x3A, 0xD6, 0xCB,
    0x44, 0xA3, 0x82, 0x5D, 0x9A, 0x71, 0x6D, 0x24, 0xBD, 0x78, 0x76, 0x99, 0x94, 0x29, 0xC2, 0xBE,
    0x2B, 0x34, 0xE8, 0x01, 0xEA, 0x6D, 0xDB, 0xB7, 0xDC, 0x8D, 0x9D, 0xFD, 0x12, 0xD7, 0x65, 0x07,
    0x07, 0x71, 0x07, 0x67, 0x2C, 0xBB, 0x43, 0xB7, 0xCC, 0x61, 0x38, 0x6F, 0xC2, 0x70, 0x6F, 0xEB,
    0xD7, 0x77, 0x59, 0xD9, 0xBB, 0xB1, 0xEA, 0xEF, 0xD2, 0x36, 0xD1, 0x5B, 0xA3, 0x91, 0x8A, 0x9F,
    0xD9, 0x98, 0xB1, 0x7D, 0xD3, 0x35, 0x9F, 0xF9, 0x44, 0xED, 0x43, 0xC0, 0x0B, 0x69, 0xE6, 0x48,
    0x1E, 0x5D, 0x11, 0x66, 0xBE, 0x82, 0xFF, 0x1A, 0xC6, 0xC6, 0x6E, 0x0A, 0xFC, 0x1D, 0xE3, 0x6C,
    0x0C, 0x5E, 0x7B, 0xBE, 0x03, 0x24, 0x87, 0x3C, 0xB8, 0x7F, 0xD5, 0x66, 0xC0, 0x75, 0x74, 0x73,
    0xFF, 0xA2, 0x94, 0xDE, 0x1E, 0xAB, 0xAC, 0x91, 0xB8, 0x01, 0xAB, 0xA3, 0xF2, 0xBE, 0xC4, 0xAD,
    0x77, 0xD8, 0xA9, 0x2E, 0x95, 0xF9, 0x6B, 0xE9, 0xBD, 0xFE, 0xB8, 0x9C, 0x8E, 0xC7, 0xBA, 0x69,
    0xEB, 0x88, 0x92, 0x9A, 0xD0, 0xE2, 0x25, 0x1E, 0x58, 0xCD, 0x58, 0x09, 0xF9, 0x6C, 0xBB, 0x74,
    0x58, 0x69, 0x85, 0xD4, 0xB5, 0x70, 0x18, 0x89, 0x69, 0x65, 0xCB, 0x93, 0x7D, 0x40, 0xD9, 0xB8,
    0xE4, 0x5F, 0x1B, 0x09, 0xFA, 0xC1, 0xAC, 0x51, 0x52, 0x2C, 0x24, 0x6D, 0x43, 0x00, 0xA6, 0x5F,
    0x74, 0xC0, 0x47, 0xC0, 0x39, 0x2A, 0x8B, 0xB2, 0xEE, 0x12, 0x29, 0xE4, 0x69, 0x7B, 0x76, 0x22,
    0xC1, 0xE7, 0x7A, 0x79, 0x2A, 0xC1, 0x8B, 0x66, 0x85, 0x3A, 0xFB, 0x8B, 0x72, 0xB1, 0x14, 0xEF,
    0x9F, 0x99, 0x3A, 0xE3, 0x61, 0x8A, 0xBA, 0x64, 0xCB, 0xB3, 0xA7, 0x67, 0x5C, 0x35, 0x02, 0x5C,
    0x5B, 0x16, 0x00, 0xC5, 0xF1, 0xB0, 0xDB, 0x1A, 0xDB, 0x79, 0xE5, 0xB0, 0x1A, 0xD3, 0x1A, 0xF5,
    0xE0, 0xF7, 0x7C, 0xB4, 0x46, 0x88, 0xCA, 0x36, 0xE3, 0x81, 0x38, 0xCD, 0x90, 0x47, 0x69, 0xC4,
    0xED, 0x37, 0xA6, 0xE9, 0xB7, 0x07, 0xF3, 0x03, 0x16, 0xB4, 0x7F, 0x72, 0xCC, 0x38, 0x70, 0xB5,
    0x3D, 0x98, 0x9B, 0x3B, 0x9C, 0x9E, 0xCE, 0xB1, 0x27, 0xF8, 0x91, 0x8C, 0xEE, 0xAF, 0x0B, 0x84,
    0xED, 0x92, 0xE4, 0xCE, 0x5F, 0xD7, 0x37, 0xB8, 0x24, 0xD2, 0x37, 0x08, 0x66, 0x70, 0xA7, 0x6E,
    0x51, 0x73, 0x00, 0x53, 0x6C, 0x3D, 0x6C, 0xD3, 0xEB, 0x35, 0x0F, 0x03, 0xDD, 0x96, 0xBA, 0x6B,
    0x6B, 0x6D, 0xDB, 0xFD, 0xDB, 0x00, 0x23, 0xDA, 0x08, 0xB0, 0x11, 0xCF, 0x94, 0x8A, 0xF9, 0xBF,
    0x04, 0x25, 0xD3, 0x1F, 0x18, 0xBD, 0x1C, 0x74, 0x84, 0x9C, 0xE2, 0x3A, 0xBF, 0xFB, 0xC5, 0x73,
    0xAA, 0x81, 0x5C, 0xC4, 0x30, 0x27, 0xF3, 0x3F, 0x1E, 0x4B, 0x02, 0x11, 0x60, 0x12, 0x42, 0x05,
    0x6D, 0xC1, 0x16, 0x54, 0x4A, 0xAE, 0x2D, 0xF2, 0x3D, 0xFC, 0xB7, 0x63, 0xB5, 0xD7, 0xF1, 0x84,
    0x72, 0xA6, 0x83, 0xBA, 0xF0, 0x95, 0xFC, 0x24, 0x31, 0x7A, 0x58, 0x85, 0xA6, 0xFB, 0x48, 0x8A,
    0xF2, 0xBF, 0xC5, 0x59, 0x3F, 0x6F, 0xE4, 0xD6, 0x11, 0x1F, 0x92, 0xB2, 0x88, 0x98, 0xBE, 0x7D,
    0x57, 0xD8, 0x4D, 0xEE, 0x6E, 0xE9, 0xC2, 0x85, 0x8A, 0xD3, 0x12, 0x06, 0xAE, 0x50, 0xC1, 0x3F,
    0x2F, 0x09, 0x90, 0x22, 0x87, 0x00, 0xFE, 0x06, 0x49, 0x1F, 0x24, 0x3A, 0x03, 0x2E, 0x54, 0xAC,
    0xB4, 0x0C, 0x5C, 0xA4, 0x4B, 0xF4, 0x11, 0x92, 0x36, 0x45, 0xCE, 0x01, 0x54, 0x6C, 0x10, 0x4A,
    0x4B, 0x23, 0x45, 0x80, 0x20, 0x05, 0x0F, 0x2E, 0x52, 0x18, 0x48, 0x18, 0x44, 0x1F, 0xE0, 0x25,
    0x26, 0x10, 0x9E, 0xB3, 0x2B, 0xE6, 0x37, 0xEF, 0x71, 0xB5, 0x5C, 0x59, 0x7B, 0x27, 0xDF, 0x6A,
    0xCF, 0x24, 0x87, 0xE4, 0x92, 0xF3, 0x66, 0xE6, 0xCD, 0x9B, 0x99, 0xF7, 0x7B, 0xDC, 0x24, 0x4D,
    0xF4, 0x4E, 0x7A, 0xBB, 0xA3, 0xF7, 0x1E, 0x76, 0x5F, 0xEF, 0x41, 0x67, 0xA7, 0x37, 0xC0, 0x20,
    0x3A, 0x34, 0xA9, 0xC8, 0x69, 0x66, 0x24, 0xFE, 0x11, 0xC8, 0x40, 0x78, 0x32, 0xC2, 0xB3, 0x61,
    0x4B, 0x59, 0x4B, 0xF3, 0xDF, 0x91, 0xB0, 0x28, 0x10, 0x6E, 0xCE, 0xBC, 0xDC, 0x86, 0xF6, 0xCB,
    0x65, 0x59, 0xF7, 0xF0, 0xAC, 0x69, 0x0A, 0xA7, 0x72, 0x2B, 0x2F, 0xA7, 0xB1, 0x48, 0xE9, 0xAE,
    0x90, 0x78, 0xC5, 0x04, 0xDB, 0xF0, 0x8C, 0x5C, 0xD0, 0xA8, 0x99, 0x6A, 0xB2, 0x15, 0x2D, 0x08,
    0xA2, 0x9C, 0xC2, 0xF0, 0x25, 0x10, 0x95, 0x34, 0x4D, 0xCD, 0x14, 0xF3, 0x23, 0x98, 0x1D, 0xF0,
    0x9B, 0x98, 0x45, 0x64, 0xE4, 0x94, 0x54, 0xA3, 0x91, 0x85, 0x66, 0x35, 0xEE, 0x29, 0x63, 0xA1,
    0x11, 0x6B, 0xF1, 0x7D, 0xB6, 0xE4, 0x10, 0xD4, 0x70, 0x9F, 0xF8, 0x44, 0xCC, 0xB6, 0xF2, 0xB4,
    0xE0, 0x1B, 0x2E, 0x36, 0xED, 0xC4, 0xEE, 0xEF, 0xD1, 0x39, 0x7C, 0xD4, 0x90, 0x28, 0x7E, 0x06,
    0x6F, 0x6E, 0xB1, 0x17, 0x35, 0xF9, 0xB0, 0x55, 0x54, 0xB0, 0xBB, 0x29, 0xC8, 0x7D, 0x3A, 0xA3,
    0xBE, 0x35, 0x91, 0x21, 0x89, 0x7C, 0x8C, 0x5E, 0xC2, 0xCA, 0xFC, 0x10, 0x94, 0xA4, 0x9E, 0x14,
    0x17, 0x3F, 0x25, 0xAB, 0x01, 0xE3, 0xF6, 0x94, 0x4C, 0xEF, 0xFC, 0xD6, 0x61, 0x3E, 0x7C, 0x73,
    0x44, 0x3E, 0xFB, 0x02, 0x32, 0x78, 0x3B, 0x13, 0xB9, 0x39, 0x68, 0xBB, 0x39, 0x66, 0x37, 0xCC,
    0xC8, 0xBA, 0x90, 0xA3, 0x14, 0xFD, 0x74, 0x0B, 0x74, 0xD1, 0x52, 0x7D, 0x9A, 0xC8, 0x83, 0x10,
    0x3A, 0xC3, 0xD0, 0x7B, 0xA6, 0x76, 0x0F, 0x04, 0x7D, 0xD0, 0x3F, 0x81, 0x40, 0x71, 0xE5, 0xA4,
    0x5F, 0x84, 0xDE, 0xA7, 0x6A, 0x17, 0xCC, 0x65, 0xA8, 0x9B, 0xB1, 0x8F, 0x94, 0x16, 0xA5, 0x85,
    0x6A, 0xF1, 0x5A, 0x91, 0x57, 0x53, 0x7C, 0x46, 0x4F, 0x60, 0x93, 0x27, 0xC9, 0x95, 0x7E, 0x23,
    0xCF, 0x9E, 0x4A, 0xE5, 0x4A, 0x25, 0xE4, 0xD9, 0xE4, 0x38, 0xF8, 0xAC, 0xD4, 0xC6, 0xBD, 0x47,
    0x18, 0x55, 0xA7, 0x70, 0x94, 0x9F, 0x8A, 0xFC, 0x88, 0x46, 0xF6, 0x94, 0xA6, 0x8E, 0x02, 0x95,
    0x34, 0x71, 0x6A, 0xF2, 0xF3, 0x53, 0x72, 0xCB, 0x40, 0x52, 0xED, 0x16, 0xB4, 0x67, 0xE5, 0xD4,
    0x6E, 0x18, 0x47, 0xC5, 0x84, 0xDB, 0x55, 0x34, 0x6A, 0x72, 0x1C, 0xD6, 0x05, 0x89, 0xEF, 0x17,
    0x0F, 0xE9, 0xC9, 0xFB, 0xB3, 0x9D, 0x0F, 0xFF, 0x7C, 0xFF, 0xF7, 0xB3, 0xFB, 0x1F, 0xFE, 0xF5,
    0xFE, 0xFB, 0x7F, 0xD9, 0xD9, 0xFB, 0xCE, 0xA3, 0x9E, 0x55, 0xDA, 0x8D, 0x34, 0xF2, 0x0C, 0x33,
    0x6E, 0x6C, 0xF0, 0x37, 0x45, 0xF0, 0x5D, 0x15, 0xD2, 0x38, 0xA4, 0x03, 0x1C, 0x11, 0x55, 0xF8,
    0x89, 0x87, 0x10, 0xA5, 0x63, 0xED, 0x1A, 0x9A, 0x87, 0xD6, 0xAA, 0xF7, 0xDD, 0x6D, 0xCE, 0xEB,
    0xD6, 0x14, 0x3C, 0xA5, 0x3D, 0x38, 0x07, 0x07, 0xA7, 0x03, 0x07, 0x2C, 0xBC, 0x19, 0xFF, 0x56,
    0x26, 0x4D, 0xEE, 0x3D, 0xA7, 0xF8, 0x29, 0xBB, 0xCE, 0xFE, 0x1D, 0xC1, 0x0F, 0xCC, 0xE0, 0xCA,
    0x77, 0x3D, 0x19, 0x4F, 0xD8, 0xB1, 0x16, 0xA2, 0x56, 0xC8, 0x01, 0x85, 0xF0, 0x5F, 0x48, 0x5E,
    0x7A, 0x53, 0x8A, 0x10, 0xF2, 0x09, 0x53, 0x31, 0x4A, 0x93, 0xE6, 0xF3, 0x34, 0x9C, 0x3C, 0xC6,
    0x73, 0xA2, 0xEB, 0x08, 0x3E, 0x29, 0xDD, 0xA6, 0x29, 0x45, 0xF3, 0x69, 0x99, 0x80, 0x46, 0xA0,
    0x49, 0x87, 0x46, 0xED, 0xF3, 0x00, 0xC4, 0x3C, 0x0E, 0x88, 0x7E, 0x02, 0x72, 0xBE, 0x06, 0xD9,
    0xE9, 0x71, 0xD2, 0x16, 0x9A, 0x1E, 0x0A, 0xCC, 0x03, 0xB9, 0xAD, 0xE8, 0xE4, 0x48, 0x05, 0x05,
    0x12, 0x38, 0x50, 0xF4, 0xE8, 0x13, 0xA2, 0xE5, 0xE3, 0x9D, 0xE7, 0xEC, 0x1D, 0xE3, 0xBB, 0xA1,
    0x9B, 0x9F, 0x38, 0xB9, 0xB2, 0x0B, 0x73, 0xE0, 0xFE, 0xC0, 0xCD, 0xF1, 0x1C, 0x6F, 0xE7, 0xA1,
    0x15, 0x53, 0x85, 0xEE, 0x1E, 0x92, 0xAB, 0x82, 0xD4, 0x9A, 0x7A, 0x8A, 0x8E, 0xEC, 0x8A, 0x62,
    0xAB, 0xA2, 0x99, 0xAB, 0x9C, 0xCA, 0xCF, 0x39, 0xE6, 0x12, 0xA4, 0xFE, 0x0E, 0x99, 0x5C, 0x71,
    0x11, 0xC8, 0x69, 0x82, 0x71, 0xA0, 0x47, 0x25, 0xF5, 0x89, 0x4A, 0x76, 0x45, 0x49, 0x07, 0x7C,
    0x42, 0x50, 0x95, 0x16, 0xA2, 0xB6, 0x74, 0x72, 0xFA, 0xF6, 0x97, 0x1E, 0x87, 0x7A, 0x67, 0x58,
    0x63, 0xF6, 0xDA, 0x19, 0xD1, 0xD8, 0xFA, 0x3B, 0x27, 0xC4, 0x2F, 0xC9, 0x2E, 0xBC, 0x1E, 0xB2,
    0xF5, 0x4E, 0x0F, 0x83, 0x18, 0xF6, 0x20, 0x11, 0x76, 0xEF, 0xD2, 0x3B, 0x3F, 0x42, 0x3E, 0xA3,
    0x8C, 0xBE, 0x8A, 0x22, 0x9B, 0x73, 0x5D, 0xE0, 0x3E, 0xEC, 0x23, 0x4E, 0xC6, 0x5B, 0x88, 0x1B,
    0x05, 0x01, 0x76, 0x41, 0xBB, 0x50, 0x44, 0x27, 0x50, 0x84, 0x7A, 0x27, 0x38, 0x88, 0x76, 0x51,
    0x01, 0xF2, 0x90, 0x4F, 0x5E, 0x05, 0x45, 0xC1, 0x14, 0x8F, 0xC3, 0x01, 0x2B, 0xEA, 0xB1, 0xA2,
    0x5D, 0x28, 0x72, 0x2A, 0xB4, 0x76, 0x6A, 0x56, 0xD4, 0x47, 0xEB, 0x3D, 0x9F, 0x15, 0x21, 0x77,
    0x09, 0x2D, 0x5E, 0xA5, 0x47, 0x14, 0xE4, 0xCB, 0xD4, 0xDD, 0xB8, 0x06, 0xCF, 0x69, 0x3F, 0x45,
    0x79, 0x4B, 0x49, 0x94, 0xA6, 0xE4, 0x45, 0x5C, 0x19, 0x35, 0x59, 0x84, 0x81, 0xCA, 0x63, 0x30,
    0xF9, 0xC7, 0x23, 0xF2, 0x50, 0xC2, 0xAC, 0x09, 0x98, 0x2C, 0x6A, 0xCB, 0x9B, 0x6E, 0xCD, 0x3D,
    0xC5, 0x33, 0x5D, 0x3D, 0x7E, 0x3D, 0x17, 0xCF, 0x19, 0x42, 0x2E, 0xBB, 0xC7, 0xCB, 0x98, 0x8F,
    0x65, 0x0A, 0x74, 0x96, 0xFA, 0x5C, 0x12, 0x75, 0x1D, 0x0F, 0xD1, 0x3D, 0x8E, 0x18, 0xF4, 0x87,
    0x25, 0x54, 0x28, 0x30, 0x96, 0x42, 0x94, 0xE9, 0xA2, 0x8F, 0x52, 0xCC, 0x73, 0x96, 0x49, 0xE0,
    0x8C, 0xF5, 0x1C, 0xEA, 0x54, 0x64, 0xB5, 0x7A, 0x8A, 0xF3, 0xD9, 0x1B, 0x2C, 0x66, 0x8B, 0xDA,
    0x4A, 0xAD, 0xED, 0xA6, 0x31, 0xB5, 0xD5, 0xA6, 0x8D, 0x9F, 0xD7, 0x69, 0x8B, 0x56, 0x24, 0x78,
    0xC4, 0x02, 0x36, 0x68, 0xC8, 0x73, 0xE1, 0x27, 0xF6, 0x92, 0xE3, 0x5F, 0x9B, 0x2D, 0x01, 0xD7,
    0xD1, 0xA6, 0x84, 0x80, 0xDF, 0xE8, 0x59, 0x27, 0x90, 0x74, 0x75, 0x7B, 0x6D, 0xB6, 0xF0, 0x4C,
    0xD7, 0x39, 0x7D, 0x53, 0x66, 0xD8, 0x9C, 0x46, 0xBD, 0x07, 0x38, 0xDD, 0xF7, 0x70, 0x7A, 0xE8,
    0xCD, 0xEF, 0x7A, 0x3D, 0xB6, 0xA0, 0xFE, 0x66, 0xAC, 0x62, 0x26, 0x9E, 0xE8, 0x5C, 0x73, 0x61,
    0x60, 0xC3, 0xD9, 0xA5, 0x83, 0x99, 0x22, 0x73, 0x19, 0x9A, 0x4B, 0xA5, 0x2F, 0x96, 0xD2, 0x17,
    0xA7, 0xD4, 0x17, 0x37, 0xC7, 0xD4, 0xC5, 0x89, 0xA8, 0x2F, 0xBE, 0x49, 0x82, 0xD8, 0x5C, 0x46,
    0x3C, 0xF3, 0x33, 0x5A, 0x9B, 0x19, 0x24, 0x14, 0xE9, 0x66, 0xFA, 0x02, 0xA3, 0x22, 0x93, 0xBF,
    0x91, 0xC9, 0x65, 0x34, 0x47, 0xA2, 0xEB, 0x0B, 0xED, 0x33, 0x14, 0xC2, 0xB4, 0x5B, 0xEE, 0xCB,
    0x00, 0xF3, 0x5A, 0x0C, 0xD0, 0xC6, 0xF5, 0x20, 0x6B, 0xD3, 0xAB, 0x5E, 0x41, 0x59, 0x5B, 0x37,
    0x98, 0x3F, 0x80, 0x06, 0x51, 0x06, 0x29, 0xCB, 0x61, 0xF8, 0xC9, 0xE5, 0x88, 0x7A, 0x1F, 0xC0,
    0x0C, 0x1E, 0x04, 0x14, 0xD5, 0x23, 0x5C, 0x03, 0x04, 0xE6, 0x5D, 0xEE, 0x57, 0xDB, 0xB8, 0x35,
    0x85, 0xDE, 0x9C, 0x43, 0x00, 0xC6, 0x00, 0x4D, 0x3E, 0xBC, 0xAC, 0x47, 0x5F, 0xA5, 0x9B, 0xF0,
    0x74, 0xF9, 0x88, 0xA4, 0xC1, 0xA2, 0x8C, 0x43, 0x79, 0xFC, 0x78, 0x34, 0xBF, 0xB5, 0x41, 0x7D,
    0x8C, 0xD7, 0x27, 0x05, 0x59, 0xFF, 0x46, 0x48, 0xA0, 0x95, 0x4B, 0x0F, 0x2E, 0x43, 0x6C, 0x13,
    0xFA, 0xDC, 0x72, 0x4A, 0x73, 0xEA, 0x6E, 0x9B, 0xD0, 0x75, 0x17, 0x83, 0x16, 0x69, 0x78, 0xEB,
    0x68, 0xF0, 0x7F, 0xD3, 0x7D, 0x0B, 0x2D, 0x02, 0xCC, 0x64, 0x63, 0x7A, 0xA2, 0x23, 0xE7, 0xA6,
    0xBB, 0x35, 0x45, 0x58, 0x92, 0xF8, 0x55, 0x3A, 0x70, 0x8A, 0x3D, 0x2A, 0xDB, 0x9E, 0xD5, 0x6B,
    0x1D, 0x53, 0x3F, 0x35, 0xC7, 0x22, 0xF1, 0xCB, 0xF5, 0x8E, 0xE6, 0x39, 0x67, 0x74, 0xEE, 0x14,
    0x9E, 0x72, 0x0A, 0xAB, 0x42, 0x9C, 0x65, 0xA0, 0x08, 0x14, 0xB7, 0x94, 0x00, 0xC7, 0x05, 0x4C,
    0xB8, 0x67, 0x4A, 0x3A, 0xEF, 0x22, 0xC3, 0xCF, 0xED, 0xD0, 0x9E, 0xE5, 0x40, 0x1E, 0x17, 0x2E,
    0x71, 0xF1, 0x16, 0xBD, 0xE9, 0x23, 0x91, 0xED, 0x6A, 0x69, 0x60, 0x27, 0x08, 0xAB, 0x89, 0x04,
    0xE5, 0x86, 0xFE, 0x08, 0x8C, 0xF2, 0x07, 0xE5, 0xE4, 0xE3, 0x0A, 0x94, 0x81, 0x42, 0x50, 0x0C,
    0xF2, 0x41, 0xE2, 0x7B, 0xF9, 0xD8, 0xFB, 0x38, 0x1F, 0xBB, 0x7F, 0xCA, 0xC7, 0xCE, 0xBF, 0xF2,
    0xB1, 0xF5, 0x05, 0xD6, 0x31, 0xFF, 0x05, 0x4D, 0x40, 0x23, 0x50, 0x02, 0xF2, 0x73, 0x3D, 0xA7,
    0x9A, 0x4C, 0x36, 0x09, 0xE2, 0xC2, 0x3D, 0x76, 0xEB, 0xA2, 0xA0, 0xC2, 0x3A, 0xA6, 0x21, 0xF7,
    0x1C, 0x58, 0x0D, 0x2B, 0x16, 0x1F, 0xD9, 0x14, 0x9B, 0xD2, 0x54, 0x33, 0xA1, 0xD9, 0x14, 0x94,
    0x75, 0x68, 0x3A, 0x7F, 0xC7, 0x7C, 0xCC, 0xCF, 0xED, 0xB8, 0x3D, 0xCB, 0x61, 0x79, 0xA6, 0x0A,
    0x64, 0xA6, 0x12, 0xE8, 0x45, 0x22, 0xF2, 0xD4, 0x91, 0x9B, 0xD3, 0xC7, 0x48, 0x27, 0xC1, 0x35,
    0xCB, 0x50, 0x16, 0x03, 0xB2, 0x73, 0x6F, 0xE1, 0xD0, 0x4D, 0xE8, 0x3B, 0xE5, 0x2A, 0xFF, 0x31,
    0xD9, 0xBF, 0xE0, 0xD5, 0xCD, 0xE9, 0xF2, 0xF4, 0xB7, 0x01, 0x7D, 0x76, 0x9D, 0x5C, 0xD2, 0xA6,
    0x75, 0xF1, 0xB6, 0x43, 0x0E, 0x69, 0x90, 0x98, 0xC6, 0x28, 0x3C, 0x48, 0xD4, 0xFF, 0xA1, 0xC0,
    0x8E, 0x30, 0x86, 0x5C, 0xFC, 0x1A, 0xE4, 0xC4, 0x3F, 0x6B, 0xBC, 0x3D, 0xE2, 0xC9, 0x2F, 0xDD,
    0xC1, 0xAA, 0xA9, 0xB5, 0xE6, 0x3D, 0xB4, 0x1F, 0x42, 0x4E, 0xE5, 0x9E, 0x07, 0x90, 0xEB, 0xC2,
    0x1E, 0x0F, 0xF6, 0xF8, 0xB0, 0x27, 0x82, 0xCE, 0x03, 0xD8, 0xA3, 0xA6, 0x43, 0xBB, 0xC8, 0x30,
    0xC7, 0x66, 0x43, 0x21, 0xB3, 0xC3, 0x3E, 0x65, 0x51, 0x08, 0x7B, 0x4E, 0xA8, 0x4E, 0x14, 0x56,
    0x81, 0x58, 0x94, 0x88, 0xDC, 0x29, 0x05, 0xEC, 0xE1, 0xE9, 0x6F, 0xB8, 0x5F, 0x41, 0xA8, 0x09,
    0x27, 0xBD, 0xFA, 0xAF, 0xDB, 0x95, 0x53, 0x7F, 0x31, 0xA9, 0x64, 0x7A, 0xDD, 0xFE, 0x6A, 0x34,
    0xD4, 0xE4, 0x69, 0x40, 0x1C, 0xA4, 0x23, 0x20, 0x7F, 0x2C, 0xDC, 0x1B, 0x2E, 0x44, 0xD7, 0x4C,
    0x2A, 0x77, 0x36, 0xA8, 0x4F, 0xFB, 0xB5, 0x20, 0xFB, 0x3F, 0x4A, 0x73, 0x7A, 0xF4, 0xF0, 0x72,
    0x88, 0x37, 0xA1, 0xCF, 0xC3, 0x64, 0x32, 0xA7, 0xEE, 0xB6, 0x19, 0x5F, 0xBE, 0x14, 0xD0, 0xAF,
    0xFC, 0x5C, 0xA4, 0xD1, 0x17, 0xD5, 0x3C, 0x0A, 0x1A, 0x7B, 0xC7, 0xFA, 0x73, 0xD1, 0x3E, 0x63,
    0xB8, 0xD9, 0x1C, 0xD2, 0xD9, 0x2F, 0xFA, 0x52, 0x74, 0xE5, 0xF4, 0xD5, 0x89, 0xAF, 0xE6, 0xC9,
    0x0F, 0xF7, 0x3E, 0x6C, 0x67, 0x50, 0xE4, 0x94, 0x43, 0x48, 0x34, 0xC4, 0xF7, 0xFC, 0xCC, 0xE7,
    0xC9, 0x51, 0x32, 0xEF, 0x75, 0x93, 0xA7, 0x31, 0x45, 0x7F, 0xDA, 0x98, 0x61, 0xC9, 0x09, 0x73,
    0x14, 0x1B, 0x5F, 0x71, 0xEC, 0xA0, 0xFE, 0x16, 0xF7, 0x6A, 0x9C, 0x46, 0x35, 0x7E, 0x82, 0xCF,
    0x79, 0xA6, 0x96, 0x4E, 0xFA, 0x59, 0x11, 0x20, 0xA3, 0x0A, 0x7B, 0xC6, 0x2D, 0x7C, 0x3E, 0x79,
    0x69, 0x7B, 0x92, 0x38, 0x7D, 0x76, 0x1E, 0x48, 0xE7, 0x19, 0x50, 0x17, 0xF8, 0x2A, 0x53, 0x58,
    0xEB, 0x56, 0xF5, 0xA0, 0xAD, 0xE6, 0xDB, 0x73, 0x4C, 0x80, 0x15, 0x2F, 0x7F, 0x19, 0x2B, 0x46,
    0x40, 0x67, 0xDD, 0x6F, 0x77, 0x6E, 0x6E, 0x61, 0xE6, 0x11, 0xA0, 0x20, 0xE5, 0xE5, 0x9F, 0x9B,
    0x47, 0x66, 0x19, 0x88, 0xDF, 0xA3, 0x42, 0x34, 0x5F, 0x4C, 0xAD, 0xE6, 0xE7, 0x53, 0x1D, 0xF5,
    0xDD, 0x8A, 0x8D, 0xD5, 0xEF, 0xAD, 0xC9, 0xE6, 0xE5, 0xEA, 0x08, 0x5D, 0xAE, 0x6A, 0x0D, 0x74,
    0x9D, 0xB4, 0xD7, 0xC1, 0x32, 0xEB, 0xC9, 0xB6, 0x6A, 0x06, 0xDB, 0x3F, 0x20, 0xE7, 0x31, 0x2A,
    0x98, 0xB5, 0x8C, 0xFA, 0xD7, 0x95, 0xED, 0xA8, 0x53, 0x9A, 0xD3, 0x6D, 0xCA, 0x35, 0xD5, 0x1B,
    0xEC, 0x13, 0xF8, 0x44, 0x7D, 0x44, 0x54, 0xEE, 0xE1, 0x7A, 0x62, 0x7C, 0x34, 0x07, 0x2F, 0xEB,
    0xEA, 0x98, 0x14, 0xDB, 0x17, 0x90, 0x50, 0x25, 0xE0, 0x3D, 0x1E, 0x9E, 0xBA, 0xAA, 0x47, 0xBE,
    0xE2, 0x01, 0x16, 0x9C, 0x61, 0x7C, 0x0E, 0x75, 0x79, 0x8B, 0xAC, 0x09, 0xD6, 0x2A, 0x33, 0xC8,
    0xC3, 0x39, 0x38, 0x66, 0x4D, 0xB1, 0x2E, 0x7B, 0x11, 0xF3, 0xF0, 0x4C, 0x50, 0xD2, 0x38, 0x90,
    0xD9, 0x6C, 0xBB, 0x12, 0xFC, 0x51, 0xB0, 0xB0, 0x1B, 0xE9, 0x5E, 0x68, 0xFB, 0xF4, 0x57, 0xE8,
    0x62, 0x1F, 0xA9, 0xCB, 0x9F, 0xBE, 0xAC, 0xCB, 0xAC, 0xC8, 0x3A, 0xCB, 0x87, 0xA1, 0xCE, 0x7C,
    0x8B, 0xF4, 0x12, 0xA2, 0xD8, 0x97, 0x7A, 0x09, 0x31, 0x3A, 0x37, 0x15, 0xB5, 0x97, 0xB6, 0xF9,
    0x89, 0xBE, 0x1F, 0x29, 0xB3, 0x84, 0xD8, 0x6A, 0x4B, 0x05, 0xD7, 0x0C, 0xCE, 0x78, 0xEE, 0x72,
    0x07, 0xAD, 0x58, 0x3C, 0xE3, 0x55, 0xF3, 0x19, 0xCF, 0x52, 0x03, 0x33, 0xE3, 0x55, 0xF3, 0xCF,
    0x7E, 0xD1, 0x62, 0xE5, 0x21, 0x85, 0xB4, 0x30, 0xBB, 0xDD, 0x2B, 0xD0, 0x06, 0x4B, 0xE8, 0xFA,
    0x7A, 0x64, 0x62, 0xCB, 0xDB, 0x91, 0xAD, 0xBF, 0xB7, 0x54, 0x7A, 0x9E, 0xBD, 0x0E, 0x85, 0xAC,
    0x23, 0xDB, 0xC2, 0xCC, 0x3F, 0xA7, 0xAB, 0x08, 0x60, 0x1D, 0xB9, 0x6F, 0x7F, 0x2D, 0xC8, 0xFF,
    0xC6, 0x25, 0xD0, 0xFF, 0xF1, 0x0D, 0x80, 0xFE, 0xAD, 0xC0, 0xFB, 0xF5, 0xF1, 0xBC, 0x5E, 0x62,
    0xCF, 0x50, 0x27, 0x03, 0x14, 0x5B, 0x0F, 0x21, 0x96, 0x60, 0x06, 0xFA, 0xA8, 0xAD, 0x9D, 0xFB,
    0x7F, 0x03, 0xF0, 0xF9, 0xB2, 0x70, 0xCF, 0xFB, 0x25, 0x5C, 0xA0, 0xE0, 0xBE, 0xAA, 0x0B, 0xA0,
    0x5A, 0xD2, 0xCF, 0x02, 0xB8, 0x16, 0x3C, 0x1D, 0xB0, 0x54, 0xB7, 0x40, 0xFE, 0x87, 0xD7, 0x02,
    0xF9, 0x10, 0x65, 0x3D, 0x44, 0x7A, 0xC4, 0x48, 0x5F, 0xA4, 0x90, 0xE4, 0x2F, 0xC3, 0x21, 0x52,
    0xF8, 0xA6, 0x74, 0x09, 0xDA, 0x07, 0x5D, 0xD0, 0x7E, 0x25, 0x54, 0x19, 0xF8, 0x49, 0x33, 0xEC,
    0xAD, 0xDD, 0xD5, 0x55, 0xBB, 0xFD, 0x8E, 0xDD, 0xD6, 0x8B, 0x00, 0xFA, 0x6D, 0xC9, 0x7E, 0x09,
    0x18, 0x5F, 0x4B, 0xF6, 0x4B, 0x80, 0xF7, 0x3A, 0xB2, 0x5F, 0x04, 0xB2, 0xD7, 0xF3, 0x47, 0xBE,
    0xA0, 0x2B, 0xDB, 0xE5, 0xBF, 0x1A, 0x4B, 0x5F, 0x72, 0x97, 0xF8, 0xDF, 0x66, 0x50, 0x0D, 0x59,
    0x0A, 0x32, 0x0B, 0x21, 0x3D, 0xE8, 0xF7, 0xA1, 0x7F, 0x08, 0xDD, 0xAA, 0x8A, 0x9C, 0xBC, 0x8E,
    0x3C, 0x59, 0x47, 0x03, 0xE8, 0x3F, 0x80, 0x7E, 0x65, 0x5D, 0x02, 0xE8, 0x80, 0x81, 0x0D, 0xF4,
    0xBF, 0x7B, 0x1D, 0x80, 0x1E, 0x2C, 0xBE, 0x92, 0x00, 0xB4, 0xA5, 0x37, 0x25, 0x8E, 0x61, 0x03,
    0xF0, 0x26, 0xA9, 0x68, 0x3E, 0x4F, 0xAD, 0x8B, 0xC7, 0xA9, 0x86, 0x0D, 0x9C, 0x67, 0x5C, 0xA6,
    0x35, 0x40, 0x83, 0xD0, 0xB7, 0x6E, 0x49, 0x76, 0x02, 0x79, 0x80, 0x56, 0x06, 0x18, 0x8F, 0x97,
    0x80, 0xF1, 0xBA, 0xB2, 0xBD, 0x02, 0x00, 0xB8, 0xA5, 0xEE, 0xB6, 0xBE, 0x3F, 0x56, 0xE7, 0x16,
    0x2F, 0xC2, 0x16, 0x71, 0x62, 0x97, 0xC0, 0x77, 0xB9, 0x8B, 0xDD, 0xC1, 0xC8, 0x62, 0xE9, 0x03,
    0x08, 0x30, 0x30, 0xD1, 0xC4, 0xFF, 0x67, 0x46, 0xA8, 0x53, 0x03, 0x65, 0xF2, 0x49, 0x14, 0xC6,
    0xBF, 0xF3, 0xC5, 0x48, 0xFB, 0x59, 0x3F, 0x80, 0xE9, 0x28, 0x33, 0xB4, 0xEA, 0x1F, 0xA6, 0xD0,
    0x3F, 0xA7, 0x70, 0x72, 0xC1, 0x35, 0x48, 0x32, 0x3C, 0x08, 0x81, 0x22, 0x41, 0xE5, 0x0A, 0x2A,
    0x98, 0x87, 0x79, 0x43, 0x4C, 0xD1, 0xA1, 0x5F, 0xAD, 0x94, 0xBB, 0x2A, 0x57, 0x36, 0xD5, 0xBF,
    0xFF, 0x03, 0xC5, 0x5A, 0x3B, 0x8F, 0xDC, 0xD6, 0x15, 0x3E, 0x24, 0x9D, 0x10, 0x31, 0x63, 0x31,
    0x45, 0x8A, 0x00, 0x8A, 0xC5, 0x14, 0x29, 0x54, 0x78, 0x97, 0x29, 0x52, 0xB8, 0x98, 0xE1, 0xD0,
    0x70, 0x91, 0xC2, 0x8D, 0xFF, 0x81, 0xF3, 0x0F, 0xA4, 0x42, 0x01, 0x04, 0x84, 0xD2, 0xD0, 0x36,
    0x82, 0x94, 0xD9, 0x9F, 0x90, 0x22, 0x6D, 0x02, 0x15, 0x5B, 0x4C, 0xE2, 0x91, 0x86, 0xB0, 0x81,
    0xB4, 0xA1, 0xE1, 0xD2, 0x45, 0x68, 0x78, 0x8B, 0x00, 0x41, 0x60, 0x26, 0xA6, 0xE3, 0x11, 0x3C,
    0x12, 0xF3, 0x7D, 0xE7, 0x92, 0xC3, 0xE1, 0xEC, 0xAE, 0x76, 0xE4, 0x19, 0x2A, 0x5C, 0x9E, 0xCB,
    0x1D, 0xF2, 0xDE, 0xF3, 0xB8, 0x8F, 0xF3, 0xBA, 0x57, 0x84, 0xD7, 0xB4, 0xCE, 0x9A, 0x62, 0xEB,
    0x72, 0x96, 0x28, 0xDC, 0x15, 0x0A, 0x6F, 0x8E, 0xC2, 0x1F, 0xB3, 0xB8, 0x81, 0xE2, 0x86, 0x8F,
    0x62, 0xEC, 0xC7, 0x22, 0x23, 0x2F, 0x15, 0x49, 0x5C, 0xB4, 0x9D, 0x39, 0x28, 0x2A, 0xA7, 0x10,
    0xAB, 0xB4, 0x4B, 0xB1, 0x4B, 0xAB, 0x14, 0xA7, 0xAE, 0x2B, 0x16, 0x4B, 0x41, 0x85, 0xB9, 0xF8,
    0xA9, 0xDC, 0x13, 0x34, 0x8A, 0x24, 0x10, 0x09, 0xF1, 0x87, 0x67, 0x24, 0x7C, 0x43, 0x5A, 0xF5,
    0x13, 0x85, 0xDE, 0x35, 0x2D, 0xC4, 0xC5, 0x3B, 0x3F, 0x9F, 0xCA, 0x35, 0x36, 0x17, 0x0F, 0x34,
    0x5C, 0x05, 0xAB, 0xAE, 0x33, 0x1F, 0x10, 0xA6, 0x6E, 0x16, 0xE1, 0xF7, 0x58, 0xF8, 0xF4, 0xF1,
    0x7B, 0x9A, 0xFB, 0xF5, 0x97, 0x2B, 0xAB, 0x7E, 0x77, 0x65, 0x90, 0x3C, 0xB0, 0x73, 0x91, 0xBB,
    0xE4, 0x2E, 0x0A, 0x80, 0x22, 0xA8, 0x29, 0xD4, 0xF2, 0xFF, 0x26, 0xA8, 0x9B, 0xFA, 0xE2, 0x64,
    0x47, 0x62, 0x57, 0x20, 0x85, 0x66, 0x12, 0xE6, 0x87, 0x13, 0xF8, 0x05, 0x0A, 0x72, 0x8D, 0xFC,
    0xDE, 0x01, 0x58, 0x05, 0x0A, 0xFB, 0x33, 0xBC, 0xB3, 0x74, 0x0E, 0x2D, 0xE2, 0x0D, 0x31, 0xE2,
    0xDD, 0xC5, 0xF8, 0xF5, 0x3F, 0xFC, 0xFA, 0x73, 0x88, 0x11, 0x93, 0xF3, 0x92, 0x1D, 0x05, 0x4A,
    0xD2, 0x00, 0x26, 0x86, 0x0D, 0xD9, 0xDE, 0xC6, 0xFF, 0x78, 0x80, 0x53, 0x71, 0x72, 0x53, 0xC5,
    0x6D, 0xBB, 0xEE, 0x0C, 0x8C, 0x3F, 0x15, 0xBF, 0xB8, 0x15, 0x87, 0xA0, 0x17, 0xA1, 0x42, 0x82,
    0xD7, 0x44, 0x36, 0x33, 0xAD, 0xCE, 0xC1, 0xAC, 0xF9, 0xCE, 0x7A, 0xAC, 0x1F, 0x82, 0x17, 0xBF,
    0x08, 0x53, 0xE2, 0x21, 0x3E, 0x91, 0xB4, 0xA1, 0x55, 0x18, 0xF6, 0x29, 0xF8, 0xCB, 0xDD, 0x50,
    0x39, 0x2A, 0xE3, 0x2D, 0xF4, 0x8B, 0x97, 0x8E, 0xC5, 0x52, 0x3C, 0x2D, 0xCD, 0x16, 0x2F, 0x81,
    0xDF, 0x14, 0x77, 0x7E, 0x2B, 0xD6, 0x39, 0x8E, 0xB6, 0x12, 0x80, 0xFF, 0x09, 0x70, 0xCF, 0xE7,
    0x20, 0x71, 0x8C, 0x29, 0xE1, 0x6F, 0x4C, 0x83, 0x01, 0x64, 0x09, 0x33, 0x43, 0xB7, 0xC2, 0x00,
    0xE7, 0x23, 0x71, 0xE3, 0x57, 0x7B, 0xD3, 0x6E, 0x2F, 0x59, 0xFC, 0xAC, 0x83, 0xDE, 0xFA, 0x1D,
    0x40, 0x0E, 0x5D, 0xC3, 0x0D, 0x6C, 0xE9, 0x8A, 0xBD, 0x64, 0xA0, 0x1A, 0xC8, 0x3C, 0x1D, 0x0B,
    0x8E, 0x89, 0x8E, 0x4D, 0x90, 0x0F, 0x2B, 0x8B, 0xAA, 0x83, 0x57, 0x74, 0x3C, 0x38, 0x2E, 0xCA,
    0x47, 0x98, 0x1D, 0x54, 0xA6, 0x57, 0xB1, 0x46, 0xFD, 0x18, 0x2B, 0xFB, 0x93, 0x1C, 0xEB, 0x13,
    0x7D, 0xB6, 0xE8, 0xD0, 0x4F, 0xEA, 0x13, 0xC0, 0x0A, 0x6D, 0x17, 0x32, 0x92, 0x20, 0x1E, 0x41,
    0xAE, 0x91, 0x72, 0xE3, 0x14, 0x0D, 0x94, 0x23, 0x28, 0x86, 0x0E, 0xF8, 0x7B, 0xFD, 0x2D, 0x37,
    0xF5, 0x83, 0x98, 0xED, 0x89, 0x87, 0xF8, 0xB0, 0xD6, 0xDF, 0x2F, 0x59, 0x14, 0x2C, 0x72, 0x16,
    0x10, 0xC8, 0xFB, 0xAD, 0x16, 0xA9, 0xF5, 0x14, 0xDA, 0xC7, 0xAB, 0x3F, 0x4D, 0x25, 0x38, 0xF9,
    0x20, 0x45, 0xA7, 0x40, 0x39, 0x24, 0x90, 0xCC, 0x14, 0xF3, 0x0B, 0x8A, 0xEE, 0xAB, 0x56, 0xD6,
    0x66, 0x8A, 0x40, 0x51, 0x39, 0xF5, 0x63, 0xAA, 0xAB, 0xCC, 0xC9, 0xBD, 0xD2, 0xC9, 0xAD, 0x0A,
    0x4A, 0x61, 0x0E, 0x18, 0x03, 0xA2, 0x06, 0x26, 0xD3, 0xBA, 0x08, 0x09, 0xF8, 0x9F, 0x30, 0xD9,
    0xF8, 0x36, 0x36, 0xF5, 0xD9, 0x0E, 0xED, 0x89, 0x07, 0xF8, 0xA0, 0x69, 0x0A, 0x1D, 0x6A, 0x1D,
    0x26, 0x68, 0x46, 0xFE, 0x26, 0x2C, 0xDE, 0x2B, 0x9C, 0xFA, 0xBF, 0x85, 0x5F, 0x1C, 0x17, 0x41,
    0xEC, 0x14, 0x11, 0xDE, 0x8D, 0x2F, 0x01, 0x7E, 0x63, 0x1D, 0xD6, 0x65, 0x1B, 0xB6, 0x35, 0x56,
    0x6E, 0xA5, 0xD0, 0x9B, 0xB8, 0xA0, 0x4B, 0x48, 0x36, 0x46, 0x73, 0x1B, 0x76, 0xA9, 0xB3, 0x59,
    0x8F, 0x78, 0xA1, 0x69, 0x15, 0x7A, 0x57, 0x58, 0xE9, 0x3B, 0xB7, 0x0A, 0x32, 0x3F, 0x75, 0x8A,
    0xC0, 0xCC, 0xF7, 0x0A, 0x76, 0xA2, 0x9A, 0x40, 0xED, 0x13, 0xC6, 0x3A, 0x9B, 0xA8, 0xEA, 0x25,
    0xF6, 0x63, 0xAB, 0x70, 0xCF, 0xAE, 0xE7, 0x68, 0x13, 0x4B, 0x68, 0x8C, 0xA6, 0x87, 0x39, 0xE5,
    0x72, 0x9E, 0x14, 0x4B, 0xE0, 0x42, 0xF7, 0x4C, 0xD3, 0xC1, 0x65, 0xB1, 0x33, 0x0F, 0x9C, 0x40,
    0x43, 0x2E, 0xEF, 0xE3, 0x03, 0xFA, 0x2F, 0x28, 0x0E, 0x27, 0x53, 0x18, 0x77, 0x30, 0xF4, 0xB8,
    0xF8, 0x58, 0x11, 0x2D, 0x1C, 0x70, 0x5C, 0x86, 0xE9, 0x77, 0x8F, 0xEE, 0x82, 0x31, 0xC6, 0x52,
    0x61, 0x90, 0x6B, 0xAA, 0xA7, 0xF4, 0x32, 0x5E, 0xA3, 0x2D, 0x5E, 0x8F, 0xCE, 0xF3, 0x8A, 0xB6,
    0xF4, 0xF0, 0x6E, 0x73, 0x40, 0xA1, 0xFA, 0x80, 0xDE, 0xFB, 0x0D, 0x9E, 0x98, 0xA3, 0x96, 0xF1,
    0xFC, 0x68, 0x95, 0xA8, 0x57, 0xAD, 0x7F, 0x83, 0xE6, 0x82, 0x16, 0xF2, 0x45, 0xCC, 0x2D, 0x17,
    0x12, 0x80, 0xD3, 0x39, 0xBE, 0x4C, 0xA0, 0x85, 0xFD, 0x03, 0xCE, 0x2D, 0xE2, 0x02, 0x0E, 0x49,
    0xEE, 0xA1, 0x1B, 0xD1, 0x3A, 0x77, 0xBB, 0x49, 0x16, 0x72, 0xFD, 0xD4, 0x71, 0x83, 0x9B, 0x1C,
    0x14, 0xC7, 0x0D, 0xAE, 0xF1, 0x26, 0xBF, 0x58, 0x64, 0x04, 0x62, 0x18, 0x37, 0x80, 0xBE, 0x2E,
    0x43, 0xF0, 0xC2, 0x76, 0xDE, 0xD9, 0x8D, 0xD2, 0xAE, 0x57, 0xA5, 0x4C, 0xF3, 0x52, 0xE7, 0xD5,
    0x86, 0x57, 0x81, 0x75, 0xD3, 0xC9, 0xB2, 0xB7, 0xFE, 0xA2, 0x1E, 0x84, 0xB6, 0xA4, 0x95, 0x39,
    0x09, 0x63, 0x8F, 0xEA, 0x71, 0x61, 0xFA, 0x0A, 0x7D, 0x18, 0x83, 0x1B, 0xAC, 0xCF, 0xE8, 0x82,
    0xF5, 0x39, 0x80, 0x9C, 0x8D, 0xB5, 0x06, 0x97, 0x18, 0x09, 0xB4, 0x58, 0x6C, 0xD1, 0x1C, 0x4A,
    0x56, 0x2F, 0xEF, 0xA0, 0xB7, 0x7E, 0x87, 0x18, 0xCB, 0x4B, 0xBC, 0xAA, 0xA1, 0x64, 0x1B, 0x68,
    0x9C, 0xF4, 0x5A, 0xCB, 0x12, 0x1B, 0x87, 0x3E, 0x68, 0x14, 0x04, 0x83, 0x07, 0xC6, 0x67, 0xEA,
    0xCD, 0x67, 0x26, 0x50, 0xD8, 0x94, 0x77, 0x28, 0x59, 0xA9, 0x57, 0xEA, 0x5C, 0xEC, 0xFF, 0x94,
    0xF8, 0x02, 0x47, 0x43, 0x5E, 0x5B, 0x93, 0x9C, 0xEB, 0x9B, 0x67, 0xC3, 0x02, 0xBA, 0x83, 0xB0,
    0x4B, 0x5D, 0x82, 0x83, 0xE9, 0xE9, 0x81, 0x74, 0xF0, 0x4E, 0x2C, 0x63, 0xC8, 0x79, 0xC7, 0x6A,
    0xE6, 0x4F, 0x79, 0x19, 0x2C, 0x52, 0xF9, 0x12, 0xB1, 0xD8, 0x37, 0x6F, 0xAC, 0xE0, 0x4A, 0x8E,
    0xA5, 0x82, 0xFB, 0x53, 0xC2, 0xC1, 0xDB, 0x11, 0xD0, 0x8D, 0x89, 0x74, 0x05, 0x58, 0x55, 0x7E,
    0xEB, 0x6C, 0xEB, 0x83, 0x29, 0x6A, 0x78, 0x24, 0xA6, 0xB8, 0xE8, 0xEB, 0x33, 0x0B, 0x86, 0x90,
    0x1C, 0xBB, 0x09, 0x6C, 0x03, 0x41, 0x7F, 0x13, 0x3E, 0x84, 0xFF, 0xF4, 0xB7, 0x3A, 0x77, 0xFE,
    0xE5, 0x96, 0x88, 0x9E, 0xE8, 0x98, 0x2D, 0xF1, 0x7E, 0xBE, 0x2B, 0xC0, 0xBB, 0x9F, 0x54, 0xB7,
    0x7F, 0xBE, 0x28, 0x7B, 0xB3, 0x61, 0xB9, 0xD7, 0x7D, 0x18, 0x9C, 0x98, 0x3F, 0x75, 0x8C, 0xBB,
    0x4B, 0x1E, 0x14, 0x7B, 0xDD, 0xFB, 0x23, 0xC4, 0xF5, 0x3A, 0x96, 0x21, 0x66, 0xFF, 0x2F, 0x10,
    0x5A, 0xA7, 0xF6, 0x93, 0xC3, 0x74, 0xD7, 0xA1, 0xD0, 0xB6, 0x6B, 0x85, 0xE9, 0x03, 0x5D, 0xF7,
    0xDF, 0x16, 0x42, 0xE9, 0x70, 0xA9, 0x6F, 0xF2, 0x7A, 0xBB, 0x58, 0xCC, 0x62, 0xC6, 0xA2, 0x76,
    0x4A, 0xFE, 0xB5, 0xDD, 0xF8, 0xAC, 0x3F, 0xBB, 0xF0, 0xE2, 0x23, 0xC4, 0x46, 0xA7, 0x72, 0xBF,
    0x0C, 0xF3, 0xC9, 0x64, 0xC2, 0x18, 0xED, 0xA2, 0x6B, 0xB9, 0x75, 0x71, 0xE2, 0x3F, 0x0F, 0xC8,
    0x16, 0x24, 0x08, 0x63, 0x22, 0x04, 0x4D, 0xE1, 0xC9, 0x14, 0x8B, 0x6E, 0x25, 0xD6, 0xE2, 0x44,
    0xA6, 0x12, 0x64, 0x2D, 0x6C, 0x6A, 0xFA, 0x31, 0xF4, 0xE5, 0x3E, 0x20, 0x1D, 0xD0, 0xE9, 0x69,
    0x92, 0x6C, 0x26, 0xC8, 0x44, 0x7C, 0x58, 0x61, 0x59, 0x8E, 0xD6, 0x89, 0x00, 0xBF, 0xAE, 0x7D,
    0x86, 0x0B, 0x9A, 0xE5, 0xB9, 0xFA, 0x0E, 0x67, 0x12, 0x26, 0x12, 0x4D, 0xDE, 0x58, 0xF9, 0x75,
    0x65, 0xC3, 0xB5, 0x9B, 0x62, 0x10, 0x32, 0xE7, 0xF3, 0xC2, 0x4B, 0xAB, 0x6B, 0xEA, 0x36, 0xF2,
    0x3A, 0x7E, 0xFE, 0x3B, 0xD2, 0x60, 0x76, 0x45, 0x57, 0x6C, 0xC2, 0x20, 0x90, 0x89, 0x32, 0x37,
    0x9F, 0x63, 0xF9, 0xCE, 0x65, 0x82, 0xDF, 0x2B, 0x99, 0xDB, 0x95, 0xCC, 0xDD, 0x5C, 0xB5, 0xC4,
    0x1C, 0x03, 0x37, 0x07, 0xD7, 0x8F, 0xB0, 0x80, 0x16, 0x7F, 0xCF, 0x64, 0xF1, 0x66, 0x21, 0x8F,
    0xF8, 0x9D, 0xF5, 0xE4, 0x3E, 0x20, 0xD4, 0x44, 0x16, 0x74, 0x3C, 0x70, 0x38, 0x25, 0xFC, 0xA2,
    0x65, 0xCF, 0x2A, 0x05, 0xF1, 0x7A, 0x76, 0xA9, 0x45, 0x62, 0x28, 0x2E, 0x97, 0x41, 0x90, 0x56,
    0xC0, 0x59, 0x01, 0x45, 0xE5, 0xA2, 0xFF, 0x40, 0xBF, 0x42, 0x40, 0xF2, 0x15, 0xB4, 0x3B, 0x0D,
    0x4B, 0x0D, 0xED, 0xBE, 0x02, 0xCE, 0x0A, 0x53, 0xB0, 0xB2, 0x2A, 0x21, 0x17, 0x10, 0x02, 0xE0,
    0xA3, 0x9D, 0xDB, 0xB9, 0x0C, 0x9C, 0x6C, 0xF7, 0x37, 0x02, 0xF9, 0x53, 0x33, 0x91, 0x4D, 0xBD,
    0x08, 0xCF, 0xA5, 0xC1, 0x41, 0x5C, 0xA8, 0x5B, 0x01, 0xFF, 0xD7, 0xC4, 0xFF, 0x45, 0x2C, 0x35,
    0xDE, 0xAD, 0x14, 0x3F, 0xEA, 0xC8, 0xC3, 0x1E, 0x7E, 0x8B, 0xD1, 0x59, 0x93, 0x35, 0x3B, 0x36,
    0xA2, 0xC8, 0xCF, 0xD6, 0x56, 0xED, 0x70, 0x80, 0x15, 0x98, 0x12, 0xD4, 0xAA, 0xA6, 0x01, 0x86,
    0xEB, 0xA6, 0xD2, 0x48, 0x76, 0xFA, 0x1B, 0xCB, 0x24, 0x0F, 0xF2, 0x21, 0xF8, 0xE9, 0xF5, 0x2F,
    0xA6, 0x91, 0xDC, 0x6B, 0xFA, 0x98, 0x89, 0x98, 0x07, 0xCF, 0xC7, 0x9F, 0x41, 0x13, 0xE1, 0x57,
    0x22, 0x77, 0x39, 0x40, 0x9A, 0x73, 0x8A, 0x31, 0xE7, 0xC4, 0xC0, 0x0D, 0xC0, 0xD1, 0x81, 0xF8,
    0x76, 0x8A, 0x04, 0x51, 0x8F, 0x93, 0x25, 0xAE, 0xB9, 0xD3, 0x44, 0xF9, 0xDE, 0xE5, 0x86, 0xF7,
    0x35, 0xC9, 0x99, 0xA8, 0xDA, 0x8D, 0xE8, 0x6A, 0x03, 0xAE, 0x66, 0xEC, 0xAA, 0x30, 0xAA, 0x0F,
    0xF6, 0xB2, 0x83, 0xF3, 0xDF, 0xE9, 0x42, 0x82, 0x53, 0xCD, 0xA9, 0x9D, 0xD7, 0x8A, 0xDB, 0xF0,
    0x23, 0xF1, 0xFE, 0x4A, 0xA7, 0xE4, 0x4C, 0xA6, 0x8F, 0xA9, 0x57, 0x44, 0xDE, 0xBA, 0xAC, 0x2E,
    0x42, 0x30, 0xC2, 0xA2, 0x26, 0xDF, 0x57, 0x99, 0x11, 0x2C, 0x91, 0xE0, 0x16, 0x42, 0xB3, 0xA7,
    0x68, 0x77, 0x22, 0x93, 0x2F, 0x44, 0x7E, 0x7A, 0x49, 0xDD, 0xCE, 0xD4, 0xC4, 0x26, 0x0B, 0x44,
    0x37, 0xA7, 0x5D, 0x5D, 0xAF, 0x34, 0xDE, 0x29, 0x7C, 0x9D, 0x45, 0x0C, 0xC8, 0x0C, 0x7C, 0x50,
    0x38, 0xD9, 0x9F, 0x4B, 0x27, 0x9B, 0x55, 0x00, 0xF8, 0x31, 0xB3, 0x11, 0x20, 0x02, 0x04, 0x00,
    0xFF, 0xCD, 0x6C, 0xE6, 0xBD, 0x9F, 0xCD, 0xDC, 0x8F, 0xB2, 0x99, 0xF3, 0x79, 0x36, 0xB3, 0xBE,
    0xCC, 0x66, 0xF2, 0x35, 0x60, 0x01, 0x98, 0x02, 0x26, 0x80, 0xE0, 0x62, 0x7A, 0xDF, 0x33, 0xF4,
    0x46, 0x61, 0x21, 0x23, 0xE8, 0xF0, 0x28, 0x9F, 0x32, 0x1D, 0x46, 0x1D, 0x9F, 0x9A, 0x24, 0xDC,
    0x6E, 0x30, 0x0C, 0xBF, 0x1B, 0x8B, 0x6E, 0xD2, 0x0C, 0xF4, 0xA8, 0x19, 0xF4, 0xD3, 0xFD, 0x79,
    0xEE, 0x42, 0xAC, 0xB8, 0x5B, 0xD8, 0x2D, 0xFE, 0x3B, 0xD2, 0xA4, 0xA4, 0x5E, 0x53, 0x47, 0xDB,
    0x66, 0xDA, 0xA0, 0xEE, 0xA7, 0x0D, 0x86, 0x92, 0x59, 0x53, 0x15, 0xD9, 0xC5, 0xA9, 0x8A, 0x7D,
    0x65, 0x6E, 0x93, 0xCA, 0xD5, 0x46, 0x44, 0x40, 0x3F, 0x6F, 0x5F, 0xAF, 0x7A, 0x98, 0xBE, 0x70,
    0x36, 0xC0, 0xCD, 0x5C, 0xE8, 0x0D, 0x17, 0xD6, 0x70, 0xFF, 0x71, 0xEF, 0x41, 0xEA, 0x20, 0x34,
    0x6D, 0x37, 0x08, 0x2F, 0x4B, 0x6D, 0xDA, 0x4C, 0xD5, 0x9C, 0xB5, 0xA9, 0x1A, 0x9B, 0x61, 0x29,
    0x53, 0x35, 0x4C, 0xD1, 0x50, 0x27, 0xAD, 0x12, 0x93, 0xE4, 0x69, 0x61, 0xD5, 0x7E, 0x63, 0x3D,
    0xD6, 0x67, 0x3B, 0xB6, 0xB7, 0xD5, 0x0F, 0xAA, 0xE4, 0xCA, 0x34, 0x2A, 0x69, 0xC5, 0x26, 0x2D,
    0xD4, 0xD0, 0x5A, 0xD3, 0x1B, 0x37, 0x29, 0x31, 0x7E, 0x63, 0x1D, 0xD6, 0xB5, 0x36, 0xF0, 0x5E,
    0x95, 0xD2, 0x1C, 0x42, 0x16, 0x67, 0x97, 0x34, 0xEA, 0xB7, 0x95, 0xE9, 0x3B, 0xD0, 0xAD, 0x98,
    0x33, 0x12, 0x40, 0x69, 0x8D, 0x41, 0xE3, 0x2E, 0xAC, 0xE3, 0xED, 0x9B, 0xC3, 0xC9, 0xB3, 0x49,
    0x6F, 0x44, 0x7A, 0x08, 0xE1, 0x7F, 0x79, 0xF3, 0x30, 0xB2, 0x7C, 0xB7, 0x66, 0xB0, 0xCC, 0x34,
    0x21, 0x1E, 0x88, 0x7C, 0x6E, 0x71, 0xC1, 0x17, 0x6A, 0x1A, 0xB8, 0x09, 0x21, 0xAD, 0x13, 0x4C,
    0x37, 0x2B, 0x30, 0x3A, 0x29, 0x30, 0xAA, 0xAF, 0x7D, 0x60, 0x15, 0x6C, 0x3C, 0xBA, 0x6F, 0x51,
    0xAF, 0x5D, 0x83, 0xA5, 0xC1, 0xD9, 0x50, 0x00, 0xBD, 0xB0, 0x49, 0x78, 0x92, 0x89, 0x96, 0x97,
    0xC2, 0x5A, 0x70, 0xC3, 0x63, 0xE5, 0xD5, 0x15, 0x77, 0x84, 0xC2, 0x77, 0x57, 0xDC, 0x14, 0xA2,
    0x7F, 0x3B, 0xE6, 0xBE, 0xAF, 0x4F, 0x0B, 0x8C, 0xD0, 0x36, 0xD5, 0x87, 0x07, 0x87, 0x17, 0x3D,
    0x55, 0x37, 0x8F, 0x4C, 0x5F, 0x8A, 0x34, 0x0F, 0x34, 0xA8, 0xD4, 0xE5, 0xF5, 0x56, 0x68, 0x47,
    0x64, 0xF1, 0x23, 0x06, 0x07, 0x5E, 0xBD, 0x14, 0x25, 0xC4, 0x7D, 0x9C, 0x78, 0x6B, 0xEF, 0xB3,
    0x33, 0x43, 0xD3, 0x5A, 0x33, 0xCE, 0xC0, 0x16, 0x00, 0x31, 0xF3, 0xB5, 0x70, 0x60, 0xE0, 0x5B,
    0x37, 0x50, 0x98, 0x77, 0x01, 0x33, 0xAC, 0xA8, 0x57, 0xE9, 0x6E, 0x73, 0x02, 0x3C, 0x09, 0x7C,
    0xE2, 0x04, 0xAE, 0x47, 0xA2, 0x5E, 0x55, 0x28, 0x89, 0x72, 0xCB, 0x90, 0x08, 0x1F, 0x5F, 0xD2,
    0x4E, 0x19, 0xA9, 0xE2, 0x2B, 0x75, 0xE7, 0x15, 0xFF, 0x86, 0xF9, 0xAC, 0xCE, 0xFF, 0x92, 0xCB,
    0x23, 0xF5, 0x4B, 0x66, 0x57, 0xDD, 0x83, 0x30, 0xB6, 0x69, 0x7F, 0xC2, 0xC6, 0xFE, 0xB4, 0x36,
    0xEE, 0x2E, 0x34, 0xD3, 0x7B, 0x4F, 0xBC, 0xDF, 0x3D, 0xF1, 0xFE, 0x28, 0x5E, 0x41, 0x4D, 0xC5,
    0xFD, 0xAD, 0x67, 0xDE, 0x8D, 0xB1, 0x8C, 0x69, 0xCB, 0x22, 0xC5, 0x92, 0xAC, 0xED, 0xD8, 0x3A,
    0xFD, 0xFD, 0x55, 0xD5, 0xA4, 0xA9, 0xB2, 0x8D, 0xF4, 0xF7, 0x20, 0xB2, 0x3D, 0xB0, 0xB3, 0xC4,
    0xCB, 0xC2, 0x90, 0x5B, 0xEC, 0x4E, 0x1B, 0x19, 0x3D, 0x6F, 0xBF, 0x8B, 0xFC, 0xA0, 0xB1, 0x58,
    0xCD, 0x6E, 0x99, 0x9A, 0x83, 0x06, 0xD9, 0xAD, 0xC7, 0xE2, 0x72, 0xD3, 0xFF, 0xEC, 0x3A, 0x53,
    0x84, 0x5C, 0x73, 0x71, 0xD4, 0x74, 0xA3, 0x66, 0x04, 0x98, 0xF9, 0xAB, 0xFF, 0xA0, 0x59, 0x10,
    0x04, 0xC3, 0x6C, 0x5C, 0x35, 0xFB, 0xA7, 0xDC, 0x27, 0x9B, 0xDF, 0x54, 0x6D, 0x65, 0x57, 0x61,
    0x7E, 0xBD, 0xF0, 0xE8, 0x2C, 0xD3, 0x21, 0x54, 0x7A, 0xCB, 0xFE, 0x04, 0xB5, 0x5B, 0x7A, 0x4B,
    0x6E, 0x09, 0xA6, 0x5E, 0x71, 0xBD, 0x40, 0xE4, 0xAB, 0xDB, 0xEA, 0x8C, 0x80, 0xBD, 0x33, 0x54,
    0xE1, 0xF6, 0xDE, 0x75, 0xFA, 0x74, 0xEE, 0x3A, 0xD1, 0x76, 0xCC, 0xE4, 0x3F, 0xEA, 0xD2, 0x6E,
    0x91, 0x57, 0x4D, 0xD9, 0x73, 0x1B, 0xE0, 0xA2, 0x14, 0xFA, 0x10, 0xB2, 0x3C, 0x93, 0xDE, 0x9E,
    0xB2, 0x3C, 0x3F, 0xBF, 0xE5, 0x45, 0xFC, 0x4E, 0xF2, 0xEB, 0xA5, 0x47, 0x25, 0xB4, 0x78, 0x6C,
    0xC6, 0xD5, 0x7D, 0xBB, 0x89, 0x14, 0x30, 0x7D, 0x8F, 0xF1, 0xC4, 0xDC, 0xDF, 0x83, 0xD7, 0x4C,
    0x79, 0xED, 0xE1, 0x7D, 0xAD, 0xC3, 0x6B, 0x6C, 0xE5, 0xC6, 0xC6, 0xFC, 0xD6, 0x16, 0xCD, 0x20,
    0xF3, 0xAB, 0xA5, 0x19, 0x5E, 0x42, 0x73, 0xBF, 0x71, 0xA1, 0x66, 0xCF, 0xB4, 0x30, 0xFA, 0xD8,
    0x1A, 0xAC, 0xD8, 0x38, 0xE3, 0x54, 0xAE, 0x8B, 0x5C, 0xCC, 0x0A, 0xD5, 0x65, 0xA3, 0x99, 0x34,
    0xD4, 0xDD, 0xBC, 0x17, 0x0C, 0xA7, 0x96, 0x5B, 0x2F, 0x37, 0x6F, 0x93, 0xAD, 0x90, 0x87, 0xE8,
    0x99, 0xA5, 0x78, 0xEB, 0x84, 0xCA, 0x43, 0xED, 0xD3, 0xA5, 0x7E, 0x2B, 0xCD, 0xC1, 0x20, 0xA3,
    0x62, 0xA0, 0xE4, 0xE8, 0xC5, 0x85, 0x41, 0x73, 0x96, 0xA7, 0x53, 0x35, 0xED, 0xD6, 0xDE, 0x8B,
    0xEA, 0x0F, 0x6F, 0x1D, 0x7E, 0x5A, 0xA5, 0x97, 0x02, 0x62, 0x80, 0x7E, 0x23, 0x40, 0x6A, 0x85,
    0xF6, 0xF7, 0xB3, 0xC0, 0x6C, 0x8B, 0x1A, 0xA9, 0xD9, 0x0D, 0xEC, 0x87, 0x9D, 0x05, 0xE1, 0xD7,
    0x2E, 0xEF, 0xFE, 0x2D, 0x04, 0x19, 0x9F, 0x07, 0x90, 0xAD, 0x08, 0x6B, 0x0B, 0xD5, 0x42, 0xA4,
    0xC9, 0xBD, 0x94, 0x70, 0xAE, 0x1D, 0xF3, 0x44, 0x01, 0xDA, 0xB8, 0x75, 0x65, 0x73, 0x92, 0x3F,
    0xFD, 0xBE, 0xBC, 0x1C, 0xF0, 0xB4, 0x55, 0xD5, 0x9B, 0x3D, 0xBB, 0x6E, 0x74, 0x5C, 0x04, 0x89,
    0x02, 0x8F, 0xCC, 0xF8, 0x69, 0x98, 0x4E, 0xC1, 0xCB, 0x13, 0x78, 0x67, 0x85, 0xAE, 0x43, 0xFF,
    0xE9, 0x8F, 0xE5, 0x95, 0x0B, 0xE8, 0xF1, 0xC4, 0xC7, 0xAE, 0x30, 0xD6, 0x8C, 0x2A, 0x71, 0x2F,
    0x20, 0xE3, 0xA7, 0xA9, 0xF5, 0xF4, 0x2D, 0x35, 0xB3, 0x2E, 0x7A, 0xD6, 0xDD, 0x3A, 0x6C, 0x31,
    0x84, 0x1C, 0x86, 0xD6, 0x52, 0xE1, 0xD0, 0x32, 0x78, 0x72, 0x24, 0x2E, 0xE2, 0x26, 0xE7, 0xB3,
    0xF3, 0x87, 0x2D, 0x86, 0x92, 0xC5, 0x87, 0xF6, 0x25, 0x57, 0xCE, 0xC7, 0xF4, 0xDA, 0xFB, 0x34,
    0xF7, 0x96, 0x89, 0x5E, 0xD4, 0x67, 0xB9, 0x58, 0xD9, 0x03, 0x68, 0xD8, 0x07, 0xFA, 0x94, 0xA2,
    0x78, 0x21, 0x72, 0x29, 0x0D, 0x6E, 0xFA, 0xE5, 0xA5, 0xD2, 0xB6, 0x3F, 0x6E, 0xB3, 0x05, 0xF1,
    0x61, 0x64, 0xFB, 0xE1, 0x4B, 0xA2, 0x91, 0x4F, 0xC2, 0x23, 0x02, 0x23, 0xE8, 0xBF, 0x53, 0xC8,
    0xF7, 0xFB, 0xE1, 0x64, 0x52, 0x7A, 0x50, 0xA9, 0x09, 0xB7, 0x60, 0xE1, 0x35, 0x42, 0x2E, 0x2B,
    0x3D, 0x39, 0x88, 0x2C, 0x07, 0xE2, 0x37, 0x36, 0xFC, 0xAE, 0xCC, 0xDC, 0xB5, 0x53, 0x93, 0x39,
    0xA3, 0xE7, 0x3C, 0xFA, 0x89, 0xB1, 0xAA, 0xB0, 0xF0, 0xFB, 0xAF, 0x93, 0x23, 0x93, 0x6A, 0x6A,
    0x37, 0x93, 0xAD, 0x6F, 0x78, 0xD6, 0x11, 0x83, 0xEA, 0x98, 0xC5, 0xCF, 0x9D, 0x57, 0x31, 0x9B,
    0xAF, 0xD4, 0x7A, 0x6A, 0xF5, 0xBA, 0x2D, 0xD8, 0xCD, 0xED, 0x16, 0x0B, 0x76, 0x3D, 0x8F, 0xC4,
    0x86, 0xE2, 0xC8, 0x42, 0x36, 0xF7, 0xB2, 0x40, 0x9C, 0x27, 0x20, 0xE8, 0xC7, 0xEE, 0x9F, 0x20,
    0x8F, 0x9F, 0x7A, 0xEF, 0x60, 0x81, 0x78, 0xA9, 0xEF, 0x23, 0x56, 0x73, 0x33, 0xDF, 0x8F, 0x8F,
    0xF1, 0xB8, 0x41, 0xCE, 0x9C, 0xFC, 0xC8, 0x9C, 0x8B, 0x1A, 0x39, 0x1A, 0x6F, 0x8D, 0x9C, 0x7C,
    0x06, 0x65, 0x7D, 0xD7, 0x2E, 0x68, 0x0E, 0x4F, 0xAD, 0x92, 0x46, 0xB3, 0x14, 0x3E, 0x66, 0xA5,
    0x7C, 0x05, 0x66, 0xEF, 0x15, 0x02, 0x27, 0x5B, 0xA2, 0x5C, 0xA6, 0x99, 0x3A, 0xFB, 0xF4, 0xF7,
    0xC3, 0x4C, 0x53, 0x49, 0x81, 0x59, 0x2B, 0xCD, 0x79, 0x40, 0x73, 0x9A, 0x8F, 0x67, 0x04, 0xCD,
    0x69, 0x41, 0x71, 0xE2, 0x6B, 0x7D, 0xE6, 0x67, 0xE0, 0xCE, 0xC2, 0x2C, 0x08, 0x52, 0xBB, 0x18,
    0xA1, 0x95, 0x93, 0x8F, 0x81, 0xCE, 0xC9, 0x8E, 0x25, 0x2A, 0x5C, 0x48, 0xF1, 0x2B, 0x98, 0x3B,
    0x1F, 0xC4, 0xFD, 0xD8, 0x8B, 0xCB, 0x53, 0x5F, 0xDC, 0x77, 0x8B, 0xBB, 0x37, 0xC4, 0xF9, 0x30,
    0x1F, 0x1D, 0x89, 0xF3, 0x51, 0x36, 0x1E, 0x89, 0xFD, 0x49, 0x7A, 0x8C, 0x59, 0xFB, 0xCF, 0xD8,
    0x47, 0x58, 0x53, 0x8B, 0x7F, 0xCA, 0xD2, 0x03, 0xB7, 0x8F, 0xD4, 0x95, 0x51, 0x93, 0xAD, 0xC6,
    0x3B, 0xA4, 0x5F, 0xA5, 0x06, 0x5D, 0x4D, 0xFB, 0xFA, 0xA2, 0x9D, 0x49, 0x43, 0xBA, 0x5D, 0x3E,
    0x8F, 0xEB, 0x79, 0x3C, 0x42, 0x0C, 0xEF, 0x7C, 0x69, 0x0E, 0x18, 0xCB, 0x92, 0x8E, 0x87, 0x36,
    0x8B, 0xE8, 0x2C, 0x05, 0x0C, 0xAA, 0xBD, 0xB5, 0x33, 0xF0, 0x5C, 0x86, 0xBF, 0xE7, 0x33, 0x87,
    0x3D, 0x9F, 0x99, 0xF9, 0x83, 0x2E, 0xAE, 0xB7, 0x0B, 0x2F, 0x75, 0x32, 0x17, 0x7F, 0x4E, 0x8E,
    0x5F, 0x3C, 0xA2, 0x42, 0x3F, 0x92, 0xD1, 0x7F, 0xC2, 0xEC, 0x39, 0x62, 0x96, 0xE3, 0xD2, 0xE0,
    0xF3, 0xDB, 0x23, 0x08, 0x4D, 0xCE, 0x35, 0x34, 0x16, 0x32, 0xC4, 0x1C, 0x0A, 0xD9, 0xFB, 0x8F,
    0xB8, 0x5B, 0xD4, 0x15, 0xFD, 0xEB, 0xC5, 0x89, 0xAE, 0xA1, 0xCF, 0xDC, 0xB8, 0x1E, 0xEB, 0x50,
    0x2B, 0x6E, 0xCE, 0x73, 0x9A, 0x13, 0x49, 0xA8, 0x59, 0x99, 0xB8, 0xC8, 0x6B, 0x36, 0xB8, 0x22,
    0xE3, 0xED, 0xB6, 0xAF, 0xC9, 0x7F, 0x23, 0x1E, 0x5F, 0x93, 0x3E, 0x77, 0xA7, 0x78, 0x52, 0x3B,
    0x6C, 0xB6, 0x4D, 0x16, 0xF0, 0x4B, 0x16, 0xEA, 0x9B, 0x5C, 0x9E, 0x8E, 0x06, 0xAD, 0x74, 0xA2,
    0xFB, 0x2E, 0xDC, 0x1C, 0x99, 0x74, 0xC8, 0xE8, 0x64, 0xB5, 0x64, 0x97, 0xC6, 0xEB, 0xF4, 0xB2,
    0x1E, 0x6E, 0x93, 0x5A, 0xBF, 0xE4, 0x34, 0xDC, 0x20, 0x72, 0x50, 0xC9, 0xB7, 0xD0, 0xA7, 0xB5,
    0x9F, 0x0C, 0xBD, 0x50, 0xE1, 0xFC, 0x09, 0xB2, 0x61, 0xC6, 0xA4, 0x4D, 0x79, 0x27, 0x17, 0xA6,
    0xBC, 0xF7, 0x95, 0xE9, 0x7F, 0xB5, 0x54, 0xB1, 0x6E, 0xDC, 0x30, 0x0C, 0xA5, 0x6D, 0x20, 0x2E,
    0x20, 0x20, 0xEA, 0xD0, 0xED, 0xD0, 0xB8, 0x43, 0x87, 0x0E, 0x49, 0xB4, 0x76, 0x88, 0xEE, 0xB4,
    0x77, 0xE9, 0x9F, 0xDC, 0x9A, 0xC1, 0xA9, 0xD5, 0x3F, 0xC8, 0x47, 0xF4, 0x13, 0x32, 0x64, 0x70,
    0x70, 0xFE, 0x04, 0xEF, 0x5D, 0x34, 0xE4, 0x03, 0x04, 0xD4, 0x83, 0x03, 0xF8, 0xA2, 0x3E, 0x4A,
    0xE7, 0x9E, 0x1B, 0x14, 0x28, 0x50, 0xA0, 0x3E, 0x93, 0x3C, 0xCB, 0xD4, 0xA3, 0x48, 0x3E, 0x9A,
    0x88, 0xAE, 0x68, 0x29, 0x2A, 0x4C, 0x79, 0x08, 0x43, 0xF9, 0x58, 0x59, 0x69, 0x8B, 0xBE, 0xA2,
    0xDC, 0xAF, 0x89, 0x06, 0x9D, 0x64, 0xAC, 0x89, 0x26, 0x48, 0xBB, 0x90, 0x89, 0xD7, 0x59, 0xD8,
    0x8F, 0xFD, 0xB1, 0xCF, 0x61, 0x7F, 0x07, 0x1C, 0x22, 0x35, 0x00, 0x96, 0xAE, 0x21, 0x75, 0x14,
    0x15, 0xC6, 0x6C, 0xC6, 0x37, 0x8C, 0x9F, 0x31, 0xBE, 0x9F, 0xF1, 0x0F, 0x32, 0x24, 0xAC, 0xCC,
    0xC3, 0x27, 0x62, 0x65, 0x47, 0xAC, 0xCB, 0x85, 0x5C, 0xB4, 0x54, 0x4E, 0x90, 0xEE, 0x5F, 0xA4,
    0x8E, 0x22, 0xBA, 0x35, 0x49, 0xA3, 0x6C, 0x43, 0x32, 0xEC, 0x29, 0x0B, 0x8E, 0x96, 0xF5, 0xC0,
    0x7B, 0xE4, 0x2B, 0x90, 0xB7, 0xB0, 0x7F, 0x13, 0x4D, 0xD2, 0x02, 0xCB, 0x2A, 0xBB, 0xB3, 0x32,
    0x7C, 0xB7, 0xD9, 0xF3, 0x27, 0x4B, 0xF4, 0x8A, 0xF1, 0xD6, 0x73, 0x11, 0xC8, 0xD3, 0xE1, 0x2A,
    0x46, 0x28, 0xF9, 0x0C, 0xF5, 0x56, 0x42, 0x9D, 0x0B, 0xA8, 0x33, 0xFE, 0x27, 0xF7, 0x50, 0xF9,
    0xF0, 0x9B, 0x5F, 0x39, 0x41, 0x89, 0x96, 0xDF, 0x6A, 0x56, 0x67, 0xB3, 0xB3, 0x96, 0x06, 0xA7,
    0x14, 0x88, 0x53, 0x97, 0x1D, 0xD1, 0x7D, 0x01, 0x35, 0x14, 0x0E, 0x95, 0xCB, 0x3D, 0x5A, 0x91,
    0x79, 0x2A, 0x50, 0x6D, 0x56, 0x23, 0xB2, 0xA5, 0x16, 0xC7, 0xA3, 0x1B, 0xE4, 0x8B, 0x13, 0x55,
    0x28, 0x28, 0x7E, 0xB0, 0x38, 0x1D, 0xC3, 0xDC, 0x12, 0xB6, 0x21, 0x60, 0x8F, 0x78, 0x26, 0x05,
    0xAF, 0x00, 0xDC, 0x60, 0xCD, 0xDF, 0x11, 0xB9, 0x8F, 0xC9, 0xF2, 0x33, 0xAF, 0xF3, 0xD5, 0x38,
    0x2A, 0x51, 0x35, 0xD9, 0x37, 0x74, 0xCA, 0xD0, 0xA8, 0x26, 0x71, 0x1C, 0x08, 0x3A, 0xD6, 0x49,
    0x88, 0xB2, 0x25, 0x2A, 0x5C, 0x76, 0x9A, 0xD8, 0x4A, 0x3C, 0x37, 0xBD, 0x0C, 0x3F, 0xA6, 0x2C,
    0x7C, 0xE5, 0xA4, 0xB2, 0x04, 0xC4, 0x7B, 0x38, 0xB1, 0x84, 0x5B, 0xA5, 0x45, 0x9D, 0xCC, 0x07,
    0x5A, 0x5C, 0xC8, 0x24, 0x30, 0x7E, 0x32, 0xF2, 0x26, 0xF9, 0x27, 0x4F, 0x9D, 0x4C, 0x9D, 0xCC,
    0x10, 0x4D, 0xE6, 0xA3, 0x29, 0x9C, 0x4E, 0x61, 0x36, 0x4C, 0x24, 0x69, 0xA3, 0xA9, 0x52, 0x84,
    0x75, 0x32, 0x4D, 0xE0, 0xC2, 0x53, 0x88, 0x06, 0x85, 0xD0, 0x71, 0x5B, 0x34, 0x38, 0x9D, 0x4E,
    0xA7, 0xD3, 0xE9, 0x74, 0xD8, 0x8E, 0x64, 0xA2, 0xC1, 0xC2, 0xE7, 0x18, 0x6F, 0x4C, 0xE1, 0x62,
    0xB4, 0xFE, 0x98, 0x53, 0x79, 0x3C, 0xFB, 0xAE, 0x3F, 0x79, 0xC6, 0xC9, 0x87, 0x0D, 0x2A, 0x73,
    0x5B, 0x3F, 0x94, 0xFE, 0x94, 0x2A, 0x4F, 0xE8, 0xB4, 0xE4, 0xCE, 0xB0, 0x06, 0xE7, 0xD0, 0x4B,
    0x9D, 0xED, 0x90, 0xDE, 0x1E, 0xD5, 0x83, 0x56, 0xB7, 0x5C, 0x94, 0x35, 0xAF, 0x23, 0x3A, 0x7C,
    0xF0, 0x5F, 0x3A, 0xBA, 0x57, 0xA6, 0xDD, 0x9F, 0x0C, 0x32, 0xF8, 0x4D, 0xE8, 0xF3, 0x60, 0x4A,
    0x66, 0xD2, 0x6B, 0x08, 0x93, 0x04, 0x90, 0x39, 0x78, 0xCC, 0x64, 0x28, 0x62, 0x27, 0xDF, 0x63,
    0x76, 0xEA, 0x34, 0xD7, 0x0A, 0xF3, 0x59, 0xBA, 0x8A, 0x04, 0xE6, 0xAE, 0x42, 0x8D, 0x34, 0xE6,
    0xED, 0x1A, 0xFC, 0xF6, 0x53, 0x9D, 0xF7, 0x2D, 0x58, 0xD4, 0xD6, 0xD2, 0xB4, 0x37, 0x67, 0xD4,
    0xEA, 0x2B, 0xCC, 0xE2, 0x1D, 0x8D, 0x1B, 0x9C, 0x51, 0xF5, 0x98, 0xEB, 0xAE, 0x70, 0x12, 0xB3,
    0xC8, 0xB5, 0xAB, 0xB7, 0x03, 0x40, 0xE9, 0xCF, 0x31, 0xF3, 0x18, 0xF3, 0x0D, 0xC7, 0x04, 0x0B,
    0x3C, 0xE6, 0xB7, 0x97, 0x46, 0x20, 0x66, 0x85, 0x98, 0x35, 0x62, 0xFA, 0x41, 0x17, 0xDD, 0xA8,
    0x85, 0x19, 0xF5, 0x25, 0x66, 0xFD, 0x1A, 0xB3, 0x0E, 0xAA, 0xCE, 0xF8, 0x8A, 0xF1, 0x31, 0xEB,
    0xEF, 0x18, 0x65, 0xFB, 0xC4, 0xBD, 0xEE, 0xE4, 0xE3, 0xCA, 0x2B, 0xCA, 0xF8, 0xBB, 0x60, 0xD6,
    0x87, 0x81, 0x52, 0xDC, 0x0B, 0x26, 0x6B, 0xF8, 0x86, 0xDA, 0x06, 0x43, 0xD9, 0x8E, 0x0F, 0x30,
    0x1C, 0x7A, 0xC1, 0xEC, 0x6A, 0xC1, 0x9D, 0xF1, 0x0B, 0xA6, 0x49, 0xF5, 0x2B, 0x27, 0x42, 0xB0,
    0xD4, 0x3C, 0x1D, 0xFB, 0xC1, 0xC5, 0x8C, 0x62, 0x12, 0xE5, 0x78, 0xAA, 0x2E, 0x38, 0xE6, 0xC8,
    0x34, 0xB3, 0xC2, 0xAD, 0x1C, 0x5E, 0x75, 0x71, 0x28, 0xE1, 0x22, 0x1E, 0x91, 0x5A, 0xC0, 0xFE,
    0x55, 0x64, 0xA0, 0x3F, 0x4C, 0xB3, 0xBF, 0x44, 0xD7, 0x2B, 0xF8, 0x96, 0x8C, 0xBF, 0x7D, 0x89,
    0x8F, 0xB6, 0x55, 0x07, 0x7C, 0xFE, 0x62, 0x9D, 0x33, 0xD1, 0x90, 0x50, 0x54, 0x98, 0xD0, 0x99,
    0x33, 0xFF, 0x45, 0x2D, 0xC6, 0xC6, 0xFF, 0x52, 0xCC, 0x4D, 0xEE, 0x52, 0xE2, 0xA7, 0x30, 0xD1,
    0x77, 0x79, 0xEF, 0xC2, 0x88, 0xFB, 0xC5, 0xE2, 0xF2, 0xE6, 0xB4, 0x51, 0xE5, 0x07, 0x0C, 0xC0,
    0x88, 0x6F, 0xE3, 0x1C, 0xE3, 0x21, 0xD6, 0x7C, 0x8C, 0xEF, 0xE0, 0xE7, 0x7E, 0x02, 0x25, 0x8E,
    0x3D, 0x0E, 0xC2, 0x30, 0x0C, 0x85, 0x5F, 0xC8, 0x50, 0xA4, 0x48, 0x64, 0x65, 0xA9, 0xD2, 0x81,
    0x0D, 0x50, 0x56, 0x86, 0xFE, 0xF8, 0x06, 0x70, 0x03, 0xC4, 0x1D, 0x3A, 0x30, 0xD1, 0x4A, 0x5C,
    0x80, 0xC3, 0x30, 0x17, 0x1F, 0xA1, 0x47, 0xC8, 0x11, 0x18, 0x32, 0x30, 0x54, 0x14, 0x47, 0xC8,
    0x6F, 0xB0, 0xF5, 0x6C, 0xBF, 0x6F, 0x89, 0x0A, 0x0E, 0x96, 0x34, 0xAB, 0x7E, 0x81, 0x8C, 0x2D,
    0x39, 0x94, 0xD8, 0x40, 0x4F, 0x30, 0x5F, 0xB8, 0x33, 0x55, 0x19, 0xB7, 0x6A, 0x04, 0xE0, 0x09,
    0xAF, 0xF8, 0xB8, 0xCC, 0x01, 0xAE, 0x97, 0xB1, 0x99, 0x59, 0x24, 0xCD, 0x53, 0x85, 0x52, 0x73,
    0x6D, 0xD8, 0xCE, 0xE9, 0x6A, 0x18, 0x86, 0xCE, 0xF2, 0x5F, 0x40, 0x37, 0x76, 0x41, 0x05, 0xCD,
    0x99, 0x3C, 0x07, 0x4C, 0x68, 0xA6, 0xC3, 0xAE, 0xCD, 0x0F, 0x3B, 0xFF, 0x31, 0x41, 0x29, 0x32,
    0xF7, 0xD1, 0x66, 0xBC, 0xB7, 0x28, 0x73, 0x14, 0x6B, 0xD9, 0x80, 0x64, 0x49, 0xA2, 0x3B, 0x92,
    0xA4, 0x27, 0x06, 0xB2, 0x82, 0xE7, 0x51, 0xE3, 0x86, 0x69, 0xFA, 0xC4, 0xF7, 0x5B, 0x8F, 0xA9,
    0xB6, 0xDC, 0xF5, 0x92, 0xE4, 0x29, 0x59, 0x95, 0x10, 0x5F, 0x61, 0xB0, 0xC2, 0xEA, 0xA4, 0x22,
    0xAE, 0xB7, 0xE8, 0x13, 0x70, 0x30, 0xB4, 0x17, 0xA7, 0x2C, 0x9A, 0x68, 0xC2, 0x0F, 0xBD, 0x58,
    0xCD, 0x8E, 0xDC, 0xC6, 0x11, 0x2E, 0x92, 0x41, 0x08, 0x84, 0x80, 0xFA, 0x92, 0x43, 0x02, 0x23,
    0xEA, 0xAB, 0x02, 0x44, 0xC3, 0xAB, 0x0E, 0xF3, 0x43, 0xC4, 0x48, 0x9E, 0x24, 0xB7, 0x1C, 0xD6,
    0x07, 0x1F, 0xD6, 0x01, 0x77, 0x49, 0xC3, 0xF7, 0x44, 0x6F, 0x10, 0xBF, 0x41, 0x74, 0xD8, 0x03,
    0x0D, 0x71, 0x96, 0x04, 0xFC, 0x00, 0xE6, 0x1B, 0x84, 0x40, 0x16, 0xC8, 0x95, 0x81, 0x09, 0x7B,
    0x0C, 0x70, 0xC4, 0x7C, 0x5F, 0x35, 0x67, 0xF6, 0x47, 0xB3, 0xBB, 0xA3, 0x48, 0xCA, 0x0C, 0xAB,
    0x76, 0xC9, 0x29, 0x16, 0xBB, 0xAB, 0xEB, 0xAB, 0xFA, 0x9A, 0x51, 0x67, 0x5A, 0x53, 0xDB, 0xDC,
    0x4A, 0x2C, 0x0B, 0x99, 0x4B, 0xA4, 0xE7, 0xB8, 0x92, 0xC4, 0xB2, 0xC4, 0xB9, 0xFB, 0xAE, 0x6A,
    0x5B, 0x47, 0x9D, 0xFB, 0xCA, 0x9D, 0xCF, 0xDD, 0x3B, 0x9E, 0xCD, 0xD3, 0x8B, 0x57, 0xAF, 0xE4,
    0x57, 0x02, 0x7F, 0x38, 0xDD, 0xCE, 0xD7, 0xDB, 0xD3, 0xF5, 0xF6, 0xF3, 0x35, 0x4C, 0x7F, 0x9E,
    0x40, 0x19, 0x55, 0xC1, 0x06, 0x2A, 0x1C, 0x44, 0x9E, 0x44, 0xA5, 0xC8, 0x6F, 0xCC, 0x82, 0x17,
    0x9F, 0x42, 0x3D, 0x35, 0x50, 0x0B, 0x1A, 0xCD, 0xA3, 0x5C, 0x24, 0x0D, 0x6B, 0x91, 0x22, 0x80,
    0xEA, 0x83, 0x56, 0xBC, 0xCE, 0xEF, 0xC4, 0xEF, 0xBC, 0x4E, 0x82, 0x71, 0xEC, 0xA9, 0x36, 0x02,
    0x83, 0x52, 0x4C, 0x2E, 0x67, 0xF4, 0xBC, 0x14, 0x2B, 0x98, 0x49, 0x2C, 0xF8, 0xBB, 0xE4, 0xB3,
    0x56, 0xB9, 0xFB, 0x3E, 0xE3, 0x50, 0xE7, 0x54, 0x69, 0x36, 0x8E, 0xF5, 0x29, 0xD5, 0x45, 0x8A,
    0xD3, 0x57, 0xA9, 0x5E, 0xBC, 0x4F, 0xD1, 0xCE, 0xA9, 0x87, 0xED, 0x0E, 0xDC, 0xF1, 0x6C, 0x7F,
    0xE9, 0xB4, 0xC4, 0x28, 0x2F, 0xA8, 0x3A, 0xAA, 0xAF, 0x4B, 0x37, 0xE8, 0x7B, 0x54, 0x45, 0x07,
    0xAA, 0x1E, 0xB6, 0x3B, 0xA0, 0x7E, 0xED, 0x82, 0x6E, 0x72, 0x1C, 0x2F, 0x4C, 0xFE, 0x39, 0xC2,
    0xF2, 0xEE, 0xC7, 0x75, 0xA8, 0xE6, 0x52, 0x35, 0x72, 0x1A, 0x8D, 0x83, 0x5C, 0xD8, 0x97, 0x99,
    0xBC, 0x5A, 0xD2, 0x20, 0x95, 0xA8, 0x96, 0x8D, 0x04, 0x8D, 0x60, 0x01, 0x5A, 0x55, 0x5C, 0x0F,
    0x2E, 0x8A, 0x7F, 0x5B, 0x05, 0xDD, 0xB5, 0x89, 0xBB, 0x43, 0xEF, 0x55, 0x2F, 0xF4, 0x27, 0xF4,
    0x2C, 0x7C, 0xC6, 0x6F, 0x35, 0x93, 0x16, 0xAA, 0xE7, 0x5C, 0xB7, 0x7C, 0x1E, 0x73, 0x1D, 0x4F,
    0x61, 0xB9, 0x94, 0xCF, 0x22, 0xCE, 0xCE, 0x39, 0x71, 0x29, 0x20, 0xB2, 0x81, 0x37, 0x44, 0x17,
    0xBF, 0x88, 0x2C, 0x35, 0xA5, 0xEC, 0x89, 0x66, 0xE3, 0x96, 0x9A, 0xD9, 0x25, 0xA2, 0x86, 0xB8,
    0xE1, 0x5D, 0xF4, 0x8D, 0xC9, 0x7B, 0xF7, 0x4D, 0xBE, 0x90, 0xE0, 0x6E, 0x04, 0xEE, 0x4E, 0x54,
    0x95, 0xDA, 0xE9, 0x1D, 0x0B, 0xDE, 0x1B, 0x33, 0x37, 0xA3, 0x1A, 0x40, 0xF0, 0xDB, 0x5E, 0xBC,
    0xB1, 0x1D, 0x3B, 0x55, 0x82, 0x55, 0x9B, 0xF1, 0xA1, 0xEB, 0xF9, 0x7A, 0xFD, 0x62, 0xBD, 0x56,
    0xA8, 0x4C, 0x9F, 0xF2, 0xB8, 0x03, 0x59, 0x96, 0x75, 0x12, 0x77, 0x6E, 0xE2, 0x84, 0x95, 0x10,
    0x56, 0xF2, 0xD1, 0x60, 0x95, 0x8D, 0x57, 0xC8, 0xF1, 0x37, 0x78, 0x70, 0x96, 0xA4, 0x62, 0x6A,
    0xCE, 0x32, 0xC5, 0x3D, 0xEE, 0xAF, 0xC9, 0x53, 0xD8, 0x66, 0xF0, 0x92, 0x8D, 0x5B, 0xD8, 0xC4,
    0x38, 0x0F, 0x9B, 0x14, 0xD1, 0x81, 0x74, 0x93, 0xB4, 0xEE, 0x9A, 0xAD, 0x81, 0x15, 0xB5, 0x5D,
    0x8D, 0x63, 0x42, 0x59, 0x4C, 0xA9, 0xF0, 0x21, 0x44, 0x4C, 0x8B, 0x31, 0x63, 0x5D, 0x67, 0x90,
    0xF9, 0x05, 0x04, 0xA1, 0x2A, 0xB0, 0xBE, 0x3D, 0x7E, 0xED, 0x66, 0x98, 0xB9, 0xC5, 0x48, 0x4C,
    0x12, 0xD4, 0x26, 0x0F, 0xEB, 0xB0, 0x8E, 0x72, 0xFC, 0x97, 0x04, 0xAD, 0x45, 0x38, 0x62, 0xFC,
    0x8A, 0xC9, 0xF6, 0xB0, 0xDE, 0x30, 0xCC, 0x80, 0xE4, 0x40, 0x21, 0xB6, 0x29, 0xE9, 0x04, 0xEF,
    0x43, 0x72, 0x8C, 0xCD, 0x4D, 0x3B, 0xCC, 0x7B, 0x43, 0x41, 0x12, 0xF6, 0x9A, 0xE9, 0xCC, 0x1A,
    0xB1, 0x58, 0x2E, 0x8C, 0x40, 0x86, 0xEB, 0xCB, 0xA6, 0xE6, 0x42, 0xB8, 0xC9, 0x0D, 0x2E, 0xC5,
    0xC3, 0x86, 0x80, 0x71, 0x97, 0xCF, 0x88, 0xA7, 0x69, 0x9C, 0x2C, 0x08, 0x8F, 0x09, 0xCB, 0x0C,
    0xE5, 0x18, 0x5B, 0xAD, 0x32, 0x71, 0x2F, 0x3E, 0xD6, 0x2B, 0xBC, 0xB2, 0x88, 0x98, 0x8B, 0xD3,
    0xD2, 0x45, 0x73, 0x43, 0xC1, 0x9C, 0x06, 0x8C, 0xA1, 0x3C, 0x1F, 0x47, 0x15, 0x9E, 0xEF, 0x7E,
    0xA3, 0x1D, 0xED, 0x79, 0x1F, 0xEF, 0xA7, 0x1F, 0xFA, 0xDB, 0x1C, 0xFA, 0x94, 0xE2, 0xF7, 0x78,
    0x60, 0x53, 0x8A, 0xCD, 0x4B, 0x59, 0x21, 0x17, 0x07, 0x29, 0xFD, 0x5E, 0x4A, 0xCC, 0xB6, 0xB4,
    0xB9, 0x94, 0x2B, 0x3C, 0x05, 0xF7, 0x5F, 0x8E, 0x89, 0x54, 0xFF, 0x44, 0xBD, 0xFC, 0xB4, 0x95,
    0x4B, 0xFE, 0x4E, 0x3B, 0x39, 0x87, 0xC4, 0x9A, 0xBF, 0xA5, 0x44, 0xF0, 0x11, 0xA0, 0xEE, 0x7A,
    0x1B, 0x87, 0x8E, 0x40, 0xD1, 0x41, 0x65, 0x18, 0x2D, 0x33, 0x63, 0xED, 0x40, 0x7A, 0xCB, 0x8C,
    0xE8, 0x58, 0x98, 0x87, 0xD0, 0xA1, 0x10, 0x27, 0xBA, 0x43, 0x02, 0x1B, 0xA6, 0x8B, 0x3B, 0xE8,
    0x48, 0xB4, 0x78, 0x55, 0xF0, 0x31, 0x56, 0x35, 0x22, 0x55, 0xB5, 0x40, 0x53, 0xD9, 0x49, 0xF4,
    0xF7, 0xB2, 0x10, 0x63, 0xCB, 0xB9, 0x2C, 0x6D, 0x39, 0x93, 0xD4, 0x96, 0x46, 0x36, 0xB6, 0x8C,
    0xBE, 0xEC, 0x6C, 0x19, 0x7C, 0xDB, 0xDA, 0xD2, 0xFF, 0x77, 0x6D, 0x4B, 0x19, 0x73, 0xA8, 0x4A,
    0xA0, 0x16, 0x54, 0xBF, 0xA3, 0xFA, 0x19, 0x95, 0x1C, 0x56, 0x15, 0x2A, 0x4C, 0x85, 0xE4, 0xAD,
    0x6A, 0x27, 0xAF, 0xDB, 0xA0, 0xFE, 0xA6, 0x0B, 0xEA, 0xA2, 0x87, 0x94, 0x90, 0x39, 0x64, 0x09,
    0xB1, 0x10, 0xF3, 0x69, 0x5D, 0x44, 0x5F, 0xD5, 0x45, 0xF8, 0x6D, 0x5D, 0x04, 0xFF, 0xAA, 0x0B,
    0xEF, 0xFB, 0xBA, 0x90, 0x1F, 0x21, 0x15, 0x24, 0x83, 0xAC, 0x20, 0x96, 0xA9, 0xD8, 0x51, 0xE4,
    0x81, 0x8F, 0x41, 0xCA, 0x50, 0xE4, 0x91, 0xCF, 0xDE, 0xD7, 0x11, 0x69, 0x03, 0x29, 0x6F, 0xC8,
    0xA3, 0x69, 0xF3, 0xAE, 0xA9, 0x7B, 0x8C, 0xB8, 0x92, 0x35, 0x0A, 0xCB, 0x12, 0x4A, 0xD4, 0x81,
    0x92, 0x15, 0xEC, 0x4A, 0x56, 0x42, 0xDB, 0xC7, 0xE0, 0x9D, 0x3A, 0x38, 0xEA, 0x38, 0x2F, 0x19,
    0x0F, 0x71, 0x08, 0x26, 0x92, 0x89, 0x68, 0xD6, 0x6E, 0x77, 0x31, 0x77, 0x88, 0x37, 0x13, 0xE2,
    0xCB, 0xDB, 0xD0, 0xA6, 0x09, 0xBB, 0xC2, 0x08, 0x3F, 0xA3, 0x2B, 0x19, 0x93, 0x72, 0x4D, 0xCE,
    0xFB, 0x58, 0x4A, 0xD3, 0x59, 0x5B, 0xB1, 0x76, 0x62, 0x6D, 0xC4, 0xDA, 0xE3, 0x5C, 0x1B, 0xD6,
    0x2E, 0xAC, 0x4D, 0x58, 0x7B, 0xB0, 0xB6, 0x60, 0xED, 0xC0, 0x8A, 0xB4, 0x77, 0x1A, 0x9A, 0xE3,
    0x85, 0x4E, 0x7F, 0x82, 0xF0, 0xEA, 0x64, 0x81, 0xB6, 0x9F, 0xCC, 0xEF, 0xB7, 0x88, 0x19, 0x98,
    0x1C, 0x07, 0x91, 0x98, 0x1A, 0x7D, 0x38, 0x61, 0xE3, 0x60, 0x99, 0x2E, 0xA9, 0x3B, 0x6A, 0xFF,
    0x2D, 0xCD, 0x15, 0xA3, 0x8D, 0xB3, 0x8F, 0x13, 0xDE, 0x6B, 0x1A, 0xFA, 0x81, 0xCF, 0x3F, 0x6E,
    0xD5, 0x7F, 0xC7, 0x67, 0xBD, 0x49, 0x6E, 0x3D, 0x5D, 0x61, 0x6C, 0x48, 0x53, 0x58, 0x6A, 0x38,
    0x89, 0x9E, 0x75, 0x00, 0xA6, 0x65, 0xA8, 0x13, 0xCD, 0x6F, 0x4D, 0x94, 0x85, 0x24, 0xE8, 0x77,
    0x5D, 0xD7, 0x70, 0x95, 0x63, 0xAB, 0xBD, 0x16, 0xC6, 0x03, 0xE2, 0xA3, 0x91, 0xD2, 0x98, 0x21,
    0x4E, 0x67, 0xAC, 0xE9, 0x2B, 0x86, 0xD5, 0x26, 0x25, 0xD2, 0x63, 0xF9, 0xB8, 0x5A, 0xA4, 0x54,
    0x67, 0x50, 0xE9, 0x12, 0x0A, 0xC5, 0x2F, 0xF5, 0xFB, 0xA8, 0x3F, 0xB3, 0x2D, 0x90, 0x30, 0x82,
    0x56, 0xB0, 0x6B, 0x3C, 0xC8, 0x49, 0x07, 0x9B, 0xBB, 0x63, 0x8F, 0x4B, 0x0C, 0xE7, 0x7D, 0x0E,
    0xB9, 0xE4, 0xE4, 0xAE, 0xD5, 0xED, 0xCF, 0xFF, 0x2F, 0x67, 0x7C, 0xCC, 0x88, 0x55, 0x9A, 0x12,
    0x12, 0x41, 0xF0, 0x17, 0xDD, 0x18, 0x49, 0xF5, 0x55, 0x13, 0x8E, 0xDF, 0x37, 0xA6, 0xF9, 0x73,
    0x13, 0x63, 0x35, 0x17, 0x0E, 0xD1, 0x2A, 0xE5, 0x24, 0xBB, 0x73, 0xFE, 0x46, 0x1B, 0xD3, 0x9C,
    0xE0, 0x9E, 0x1F, 0x06, 0xA9, 0xD0, 0x3A, 0xE8, 0x9F, 0x6B, 0x1E, 0x4D, 0xBE, 0xC9, 0xA1, 0x9E,
    0x38, 0xD7, 0x24, 0x87, 0x06, 0xE4, 0x66, 0x95, 0x67, 0x20, 0x2C, 0x51, 0x92, 0x4E, 0x3D, 0x39,
    0x86, 0x59, 0x38, 0xB6, 0xA0, 0xB6, 0xAD, 0x02, 0x39, 0x9D, 0x40, 0x8E, 0xEA, 0x92, 0xAC, 0x92,
    0x2C, 0xB1, 0xB8, 0xC7, 0x1F, 0xC9, 0x5D, 0xFF, 0x04, 0x29, 0x20, 0xDD, 0x24, 0x2C, 0x09, 0x8D,
    0xFA, 0xBE, 0x0C, 0xB7, 0x52, 0x9D, 0x8C, 0x89, 0xB9, 0x40, 0xB5, 0xAC, 0x41, 0x4F, 0x72, 0x56,
    0x3F, 0xEF, 0x68, 0x71, 0xD1, 0x79, 0x5B, 0x7E, 0x81, 0x3E, 0x35, 0x93, 0xE7, 0x60, 0x9A, 0x2F,
    0x74, 0x44, 0xF7, 0x7D, 0x41, 0xEA, 0x3A, 0x70, 0x49, 0xEE, 0xD6, 0xA6, 0x99, 0xC7, 0x7F, 0xB3,
    0xB9, 0xCA, 0x5F, 0x6F, 0x24, 0xD1, 0xF4, 0xC1, 0x9E, 0x31, 0x3F, 0x46, 0xC8, 0x81, 0x89, 0x45,
    0xD2, 0x60, 0xD3, 0x5C, 0x22, 0x4A, 0x83, 0x72, 0xFF, 0xF7, 0x5D, 0x25, 0xAE, 0x04, 0x59, 0xBA,
    0xCD, 0x2F, 0xB1, 0x02, 0x31, 0xC6, 0x63, 0x48, 0x49, 0x29, 0x13, 0x0B, 0xC0, 0x77, 0x05, 0x28,
    0xAF, 0xC8, 0x0E, 0xB2, 0x89, 0x15, 0xB0, 0xDE, 0x5F, 0xFB, 0x77, 0xE7, 0x06, 0xBD, 0x34, 0x03,
    0xA3, 0xD8, 0x4A, 0x99, 0xB5, 0xD3, 0xAA, 0xBD, 0x2D, 0xD8, 0xB7, 0x14, 0x59, 0x2E, 0x7D, 0x58,
    0x7B, 0x5D, 0xD0, 0xF8, 0xAD, 0xDF, 0x06, 0x8D, 0xD7, 0x21, 0x4D, 0x7A, 0x04, 0xAB, 0x40, 0x4A,
    0xA7, 0x80, 0xFF, 0x1C, 0xAC, 0xE2, 0x39, 0x88, 0xE3, 0x53, 0x88, 0x29, 0xB8, 0x49, 0x46, 0x5A,
    0x74, 0xAE, 0xF0, 0x33, 0xFF, 0x0F, 0x08, 0x58, 0x77, 0xAD, 0xD2, 0x3A, 0x6A, 0xA7, 0x7C, 0x8E,
    0x0D, 0xE0, 0x64, 0x23, 0x3E, 0xBA, 0x60, 0x88, 0x1A, 0x88, 0x4A, 0x56, 0xBB, 0xDE, 0xE9, 0xDD,
    0xEA, 0x9F, 0xFC, 0x7F, 0xA6, 0x7D, 0xD2, 0xDB, 0xF7, 0x49, 0x6F, 0xEA, 0x93, 0xEF, 0x9B, 0xA9,
    0x31, 0xFC, 0x50, 0x5C, 0x63, 0xDA, 0x38, 0x88, 0x2A, 0x3B, 0x9D, 0xF8, 0xE6, 0x0D, 0xC2, 0x3A,
    0xD5, 0x4F, 0xB5, 0xBC, 0x49, 0xC3, 0x97, 0xD3, 0xF3, 0xCC, 0x15, 0x9F, 0x79, 0x45, 0xDE, 0x8B,
    0x84, 0xFC, 0x87, 0x38, 0x48, 0x29, 0xF9, 0x82, 0x3C, 0xFF, 0xA8, 0xD9, 0xCF, 0x5C, 0x0B, 0x51,
    0x2B, 0xCD, 0xCB, 0x73, 0x3C, 0xCD, 0x68, 0xDE, 0x72, 0xCB, 0x72, 0x8A, 0xF2, 0x51, 0x4C, 0x82,
    0x82, 0xDA, 0x50, 0x40, 0xF0, 0x1A, 0x6E, 0xE1, 0x78, 0x0D, 0xF9, 0xB1, 0xDF, 0xDA, 0x2C, 0xB4,
    0xB2, 0xED, 0xF2, 0x77, 0xA3, 0xF9, 0xFB, 0x18, 0x8E, 0xC0, 0x17, 0x12, 0xDD, 0x26, 0xA1, 0xE1,
    0xA7, 0x08, 0x54, 0xCA, 0x6D, 0x24, 0x1A, 0x7A, 0x8A, 0x60, 0x9F, 0x0F, 0x2E, 0x14, 0x19, 0x60,
    0xC5, 0x92, 0x98, 0xA2, 0xCD, 0xA4, 0x42, 0x5E, 0xC1, 0x7A, 0xBF, 0x52, 0x8E, 0xC9, 0xDD, 0x8B,
    0xDD, 0x95, 0xF8, 0xC5, 0x14, 0x2A, 0x3B, 0x35, 0x2B, 0xE5, 0xFD, 0x08, 0x3C, 0xF2, 0x5B, 0xFE,
    0x82, 0x45, 0xE8, 0x60, 0xDC, 0x81, 0x6B, 0xB5, 0x85, 0x22, 0x26, 0xAC, 0x89, 0x06, 0xA0, 0x0E,
    0xAB, 0xC2, 0x39, 0x2F, 0x74, 0x6B, 0x16, 0xF5, 0x1B, 0x65, 0xD7, 0xC4, 0xC7, 0xF1, 0xB2, 0x86,
    0x8F, 0xEA, 0xCB, 0x2A, 0x79, 0x3D, 0x7E, 0xD7, 0x15, 0x97, 0x41, 0x57, 0xDC, 0x83, 0x0F, 0xF0,
    0x94, 0xBE, 0xC2, 0x28, 0xD0, 0x87, 0xDB, 0xA8, 0x0E, 0x9A, 0x00, 0xDB, 0xAA, 0xA0, 0x89, 0x72,
    0x1F, 0xDB, 0x2C, 0x6E, 0xB7, 0x34, 0x53, 0x0B, 0x4C, 0x24, 0xC5, 0x84, 0xE6, 0xF0, 0xF2, 0xBC,
    0x77, 0x5B, 0x34, 0x6E, 0xD5, 0x4C, 0x43, 0xCE, 0x88, 0xC3, 0x53, 0xA2, 0x8D, 0x90, 0xEC, 0x5F,
    0x4C, 0x00, 0x61, 0xE0, 0xF7, 0x92, 0xF5, 0xDE, 0xD8, 0x47, 0x0D, 0x23, 0xB0, 0xDC, 0x1D, 0x2B,
    0xCD, 0x2E, 0x43, 0xAE, 0x9D, 0x4B, 0x36, 0x88, 0xB7, 0x9D, 0x5E, 0x3E, 0x31, 0x66, 0x1C, 0xA7,
    0xE2, 0x60, 0xC7, 0x3F, 0x75, 0x7B, 0xB7, 0xC7, 0xCF, 0x1E, 0x43, 0xFC, 0x7F, 0xB9, 0xC3, 0x50,
    0x72, 0x1B, 0x43, 0xA4, 0x5A, 0x89, 0xAA, 0xA0, 0xE5, 0x66, 0xE0, 0x7F, 0x50, 0x7C, 0x29, 0xD2,
    0xCA, 0x88, 0xA0, 0x70, 0xAC, 0x9A, 0x8B, 0x83, 0xBE, 0x05, 0x59, 0x6A, 0x7E, 0x44, 0xC8, 0xBF,
    0xF0, 0x1E, 0x89, 0x50, 0xAF, 0x6C, 0x52, 0x25, 0x95, 0xBC, 0xC6, 0x3D, 0x45, 0xD6, 0xE8, 0x9C,
    0x0E, 0x89, 0x64, 0x8C, 0xC1, 0x80, 0x3D, 0x4F, 0x46, 0x12, 0x93, 0xCC, 0xB0, 0x7B, 0x38, 0xB4,
    0x2D, 0x5E, 0x4E, 0xE5, 0x05, 0xE1, 0x96, 0xF0, 0x0D, 0xD0, 0xC1, 0x5C, 0xD6, 0x26, 0xBC, 0x43,
    0xEE, 0x7C, 0x4A, 0xB8, 0x5F, 0xA2, 0xFE, 0x8C, 0x5B, 0xD4, 0xA5, 0xAD, 0x69, 0x9E, 0xE0, 0x9E,
    0x30, 0x77, 0xF5, 0xD9, 0x6F, 0x49, 0x8D, 0x76, 0x92, 0x3A, 0x69, 0x5D, 0x7D, 0x8E, 0xC0, 0xB3,
    0x4E, 0x92, 0x00, 0xF5, 0x83, 0xE3, 0x01, 0xF7, 0xCD, 0x29, 0xEA, 0xFA, 0x58, 0x61, 0x8E, 0xC7,
    0x83, 0xEE, 0xD3, 0xDE, 0xBB, 0xBF, 0x7C, 0x2D, 0xD9, 0x15, 0xF8, 0xBB, 0x3F, 0xBE, 0x41, 0x5C,
    0x82, 0xF6, 0x04, 0x71, 0xC1, 0x08, 0x6B, 0xB2, 0xC9, 0x50, 0xD9, 0x64, 0xD0, 0x10, 0x21, 0xEC,
    0x2E, 0x77, 0x35, 0xAF, 0xB3, 0xE2, 0x1A, 0xF8, 0x07, 0x7B, 0xC4, 0xFC, 0xC1, 0x1D, 0xFF, 0xB0,
    0x55, 0x52, 0xDF, 0xF3, 0xFD, 0x95, 0xE3, 0x8E, 0x6E, 0x4F, 0xF4, 0x80, 0xDE, 0xC2, 0xD7, 0x88,
    0xB8, 0xC0, 0x0B, 0x9E, 0x19, 0xAB, 0x7F, 0x46, 0x4C, 0x7A, 0x78, 0xF9, 0x06, 0xB9, 0x8F, 0x35,
    0xC5, 0xF6, 0x0B, 0x38, 0xD8, 0xE1, 0x19, 0xF2, 0x1A, 0x78, 0xF8, 0x4F, 0xA7, 0x2F, 0x8B, 0xD8,
    0xA1, 0xA2, 0x09, 0xCB, 0x9C, 0x1F, 0x46, 0xC7, 0x37, 0x89, 0xDD, 0xF4, 0x92, 0xE3, 0x6D, 0x35,
    0x6D, 0x20, 0x8F, 0x53, 0xA0, 0x97, 0x32, 0x53, 0xB5, 0xE0, 0x3B, 0x60, 0xBE, 0x08, 0x1E, 0xCC,
    0xD5, 0xE2, 0x93, 0xCE, 0xD7, 0x1D, 0x46, 0x3C, 0xFE, 0x24, 0xF7, 0x3E, 0x68, 0xF7, 0xD6, 0x8E,
    0x6C, 0xAC, 0x61, 0x2F, 0x88, 0x30, 0xEA, 0x73, 0x7D, 0x73, 0x61, 0x13, 0x6E, 0x5B, 0x58, 0x34,
    0x45, 0x53, 0x86, 0xA0, 0xBA, 0xA6, 0xED, 0x3B, 0xAA, 0xCE, 0x2B, 0xFE, 0x74, 0x7D, 0x8E, 0xF9,
    0x33, 0xE8, 0x33, 0x94, 0x0C, 0xFB, 0xF2, 0x8B, 0x36, 0xCE, 0xA3, 0xB1, 0xAB, 0x46, 0xB4, 0xB0,
    0x3C, 0xBE, 0x92, 0xB5, 0xAD, 0xDD, 0xB1, 0xA7, 0x1E, 0xBA, 0x2F, 0x7F, 0xFC, 0x00, 0xF4, 0x3C,
    0xBE, 0x52, 0xAD, 0xC3, 0x76, 0x90, 0x9D, 0x7C, 0x70, 0x1A, 0x83, 0x3C, 0x73, 0x9D, 0xA6, 0x75,
    0xA1, 0xF0, 0x6B, 0x27, 0x1F, 0xA0, 0xFC, 0xEC, 0x89, 0xAE, 0x92, 0xD1, 0x89, 0xE4, 0x46, 0x1F,
    0x72, 0xEC, 0xBE, 0xD2, 0xBA, 0x40, 0x87, 0x1B, 0x3A, 0xAD, 0x57, 0x22, 0xDD, 0x16, 0x5D, 0x3F,
    0xEA, 0x63, 0xAF, 0xF1, 0x7F, 0x01, 0xCD, 0x5B, 0xCD, 0x8E, 0xE4, 0xC6, 0x91, 0x4E, 0x92, 0x23,
    0xD1, 0x36, 0x01, 0x51, 0x07, 0x2F, 0xB0, 0xC0, 0xD8, 0xCE, 0x8B, 0x0F, 0x3A, 0x8C, 0x9A, 0x7E,
    0x00, 0xB2, 0xC8, 0x91, 0x8F, 0x3E, 0x58, 0x6F, 0xB0, 0xFB, 0x02, 0x8B, 0xDE, 0xA3, 0x00, 0xB3,
    0x9B, 0xD4, 0x1B, 0xCC, 0x1B, 0xEC, 0x65, 0x1F, 0x61, 0x6C, 0xB7, 0x01, 0xCE, 0x14, 0x21, 0x1D,
    0xF7, 0xB0, 0xC4, 0xEE, 0xC1, 0x47, 0x13, 0xF0, 0x00, 0x3E, 0x2D, 0xCC, 0x85, 0x88, 0x35, 0x07,
    0x53, 0x5D, 0xDC, 0xEF, 0x8B, 0x4C, 0x56, 0xB3, 0xAA, 0xAB, 0xBA, 0x6B, 0xD4, 0x5D, 0xB2, 0xD8,
    0x15, 0x91, 0x55, 0x64, 0x66, 0x32, 0x7F, 0x22, 0x23, 0xBF, 0x88, 0xC8, 0x56, 0x1F, 0x2B, 0xA5,
    0x7A, 0x50, 0x05, 0x4A, 0x40, 0x1A, 0xF4, 0x23, 0x25, 0x57, 0x31, 0x8E, 0x35, 0x29, 0xC7, 0xF7,
    0x43, 0x74, 0x4C, 0x9E, 0x79, 0x3E, 0xBF, 0x5D, 0xA9, 0x89, 0xE6, 0xD7, 0x29, 0xDE, 0xB5, 0x1C,
    0x47, 0xA5, 0x84, 0x49, 0xCF, 0x0E, 0xB3, 0xC5, 0xD8, 0x28, 0x95, 0x8E, 0x03, 0x58, 0xF6, 0x8A,
    0xF7, 0x52, 0xB2, 0x88, 0x4C, 0x1F, 0xC5, 0xD4, 0x36, 0x73, 0xC7, 0x35, 0x19, 0xEA, 0x73, 0x32,
    0xA5, 0xBC, 0x56, 0x29, 0xBF, 0x56, 0x2A, 0xC4, 0xF7, 0x9F, 0x21, 0xC3, 0x4F, 0x4C, 0x8F, 0xD3,
    0x71, 0xCC, 0x48, 0x89, 0x6D, 0xC5, 0x63, 0x90, 0xD2, 0x6F, 0x95, 0x1A, 0xC7, 0xD2, 0xEB, 0x83,
    0x36, 0xA8, 0x9D, 0x1E, 0xAF, 0x7C, 0xC9, 0x46, 0x9D, 0xB1, 0x93, 0x96, 0xD2, 0xB1, 0x17, 0x5A,
    0xCC, 0xEE, 0x45, 0xB6, 0xF1, 0xC8, 0xDF, 0xA3, 0x5C, 0xE7, 0x0D, 0x41, 0xCB, 0x7A, 0xA4, 0xBE,
    0xF3, 0xB7, 0xCA, 0xC7, 0x68, 0x86, 0x6F, 0x9E, 0x76, 0x91, 0x72, 0x7A, 0xE4, 0xCF, 0xB6, 0xCA,
    0x61, 0xEC, 0xFC, 0xF1, 0xDF, 0x39, 0xD2, 0x99, 0x72, 0x96, 0xE8, 0xAC, 0x47, 0x79, 0x42, 0xE7,
    0x15, 0xA7, 0xB8, 0xFA, 0x04, 0xDF, 0x2F, 0x95, 0xDB, 0x47, 0xCD, 0xD3, 0x36, 0x60, 0x9D, 0xC5,
    0x5B, 0x35, 0xEC, 0xBB, 0x56, 0xBA, 0x34, 0x9F, 0x8D, 0x50, 0x60, 0xE4, 0x1E, 0xF2, 0x09, 0xC7,
    0x31, 0xE4, 0xEC, 0x47, 0xD2, 0xB9, 0x7B, 0x3F, 0xD1, 0x95, 0x8A, 0x72, 0xB5, 0x48, 0x9F, 0xAF,
    0xC2, 0xB1, 0x77, 0xD1, 0x50, 0xCE, 0xCE, 0x34, 0x53, 0x4C, 0x63, 0x99, 0xC2, 0xFB, 0xD3, 0xFC,
    0x26, 0x65, 0x7F, 0x4D, 0xDA, 0x9B, 0xFB, 0xCE, 0xCA, 0x3E, 0x5F, 0x70, 0xC9, 0x21, 0x45, 0xE3,
    0xAE, 0x98, 0x6A, 0x0E, 0x99, 0x49, 0x7B, 0x93, 0x3A, 0x9D, 0x79, 0xCE, 0x9E, 0x30, 0x7F, 0x50,
    0x9B, 0xF2, 0x68, 0x8C, 0xD4, 0x77, 0xAD, 0x98, 0xBE, 0xE0, 0xC4, 0x2F, 0xCC, 0xFC, 0xBF, 0x77,
    0x92, 0x8E, 0x6B, 0xCA, 0x20, 0xAE, 0x16, 0xC9, 0x5A, 0xF9, 0x9C, 0x5D, 0x7C, 0x56, 0x26, 0x4B,
    0xBE, 0x95, 0x5C, 0xEC, 0xBB, 0x69, 0x72, 0xFA, 0xBD, 0x54, 0x36, 0xB6, 0xB6, 0xCE, 0x07, 0xAE,
    0x3C, 0x7D, 0x3C, 0x73, 0x28, 0x26, 0xA8, 0x23, 0xE0, 0x02, 0xB3, 0x92, 0xFE, 0x8F, 0x46, 0x7A,
    0x2A, 0xDC, 0xC4, 0x10, 0x97, 0x15, 0xC6, 0xB0, 0x42, 0x23, 0x2B, 0x0C, 0x7C, 0x85, 0x41, 0xAE,
    0x30, 0xB0, 0x15, 0x06, 0xB5, 0xC2, 0xA2, 0xA4, 0xCC, 0x92, 0x2A, 0x94, 0x97, 0x7B, 0x2E, 0x9E,
    0x61, 0x02, 0x2A, 0xC8, 0xAE, 0xC9, 0xCF, 0x72, 0x51, 0x86, 0x7A, 0xBA, 0x4A, 0xF9, 0x9D, 0x82,
    0xBA, 0x44, 0x71, 0x23, 0xDE, 0xB1, 0x32, 0x0B, 0xFA, 0x47, 0xD3, 0xFB, 0x7C, 0xBE, 0x0F, 0xA4,
    0x41, 0x29, 0xA8, 0x00, 0xFD, 0xAD, 0xAE, 0x9C, 0x6F, 0xEA, 0xCA, 0xFB, 0xEF, 0xBA, 0xF2, 0xBF,
    0xAE, 0xAB, 0xF0, 0x97, 0x75, 0xA5, 0xFD, 0xFA, 0x2A, 0x01, 0xE5, 0xA0, 0xDE, 0xAF, 0xFF, 0xD0,
    0xF9, 0xF5, 0xEF, 0x1B, 0xBF, 0x5E, 0xD6, 0xA0, 0x0C, 0x84, 0x7A, 0x5E, 0x49, 0x5D, 0x68, 0x20,
    0xF5, 0x47, 0x13, 0x66, 0x6E, 0x8B, 0xCE, 0x75, 0xE8, 0x5C, 0x01, 0xF9, 0xD1, 0xED, 0x66, 0x85,
    0x40, 0x6B, 0xE7, 0x94, 0x24, 0x48, 0x11, 0x16, 0xBB, 0xD3, 0x85, 0xA5, 0xDB, 0xFA, 0xB5, 0xD7,
    0x78, 0xE0, 0x2E, 0x7E, 0xF1, 0xAE, 0xAA, 0xB4, 0xC9, 0xB5, 0x40, 0x83, 0x35, 0x14, 0x64, 0x08,
    0x59, 0x0C, 0x3A, 0xA3, 0x98, 0x38, 0x76, 0xA2, 0x9C, 0x4A, 0xE5, 0x61, 0xBA, 0xBC, 0xEB, 0xA9,
    0x1F, 0x8F, 0x41, 0x01, 0x55, 0xB0, 0x90, 0x68, 0x97, 0x39, 0x7D, 0xC0, 0x79, 0xE3, 0x20, 0xFA,
    0x54, 0x12, 0x01, 0x77, 0x9F, 0x90, 0x12, 0x11, 0x72, 0x40, 0x7F, 0xC6, 0x99, 0x4C, 0xB8, 0x88,
    0xE2, 0x80, 0xEB, 0x87, 0x0D, 0xBC, 0xF2, 0xC0, 0x7A, 0x34, 0xD9, 0xE9, 0x30, 0x47, 0x6E, 0x87,
    0x59, 0xF0, 0xB8, 0x0A, 0xC0, 0x06, 0xF6, 0x80, 0x33, 0xAD, 0x2E, 0xCC, 0x4A, 0xE1, 0x62, 0x36,
    0xAB, 0x7E, 0x41, 0x9D, 0x46, 0x41, 0x24, 0x55, 0x76, 0x9B, 0xDB, 0xA5, 0x25, 0xAA, 0x31, 0xCF,
    0xA3, 0xD2, 0x08, 0x8D, 0xD7, 0x80, 0xDA, 0x19, 0x35, 0xE6, 0x7E, 0x54, 0x9A, 0xBA, 0x7A, 0xEC,
    0x31, 0x6F, 0x40, 0x6B, 0x88, 0x48, 0x91, 0x61, 0x3D, 0x63, 0x4F, 0x0A, 0x40, 0xBE, 0x4D, 0xC3,
    0x32, 0xC7, 0xFB, 0x0B, 0xB4, 0xAC, 0x18, 0xAF, 0x91, 0x27, 0xC2, 0x6F, 0xBF, 0xC9, 0x51, 0x17,
    0xA8, 0xB3, 0xD4, 0x9A, 0x7B, 0x9A, 0x7B, 0x95, 0xE4, 0x3D, 0xC9, 0x8E, 0x80, 0x0A, 0x9B, 0x89,
    0x27, 0x78, 0x21, 0xB9, 0x77, 0x2F, 0x8F, 0x67, 0x3C, 0x9F, 0xF1, 0x4A, 0xF8, 0x20, 0xBC, 0x27,
    0xC7, 0x5C, 0x80, 0x7B, 0xC2, 0x83, 0x86, 0xF5, 0x8B, 0x3A, 0xB1, 0x9C, 0x1B, 0x41, 0x78, 0x90,
    0x9F, 0x62, 0xCF, 0xBF, 0x64, 0xBB, 0x82, 0xB6, 0x80, 0xE4, 0x63, 0x9D, 0xA0, 0x39, 0xDC, 0xE8,
    0xD0, 0xBC, 0x1E, 0xB9, 0x1C, 0x26, 0x03, 0x9B, 0xDF, 0x73, 0x0D, 0xE7, 0x22, 0x4E, 0x78, 0xDC,
    0x53, 0xBE, 0x22, 0x2C, 0x15, 0xC8, 0x5A, 0x40, 0x35, 0xB8, 0x49, 0x34, 0x6E, 0xD6, 0x26, 0x8B,
    0x74, 0xBE, 0x47, 0x4D, 0x52, 0xBC, 0x9F, 0x2A, 0x43, 0x0D, 0xAC, 0x1A, 0x35, 0xF0, 0x45, 0x5C,
    0x70, 0xD0, 0x16, 0xA3, 0xE8, 0xF0, 0xEE, 0x5A, 0xC6, 0xA8, 0x53, 0xCB, 0x9E, 0x1B, 0xA8, 0x8A,
    0x9A, 0xA8, 0xFE, 0x54, 0x66, 0x40, 0x16, 0x9E, 0x25, 0xFE, 0x8E, 0x64, 0x53, 0x54, 0x85, 0xBC,
    0xB2, 0x36, 0xF7, 0x31, 0xB0, 0xA2, 0x69, 0x9C, 0xEE, 0xE7, 0xF8, 0xFE, 0x0A, 0xF7, 0xD2, 0xE6,
    0xBC, 0x0E, 0x44, 0xB1, 0xBE, 0x39, 0x89, 0xAE, 0x71, 0x04, 0x00, 0x24, 0x2A, 0x28, 0x31, 0xEF,
    0xF5, 0x95, 0x72, 0x46, 0xBC, 0xBE, 0x28, 0x67, 0xBA, 0xE6, 0xF1, 0xDF, 0x79, 0x12, 0x1D, 0x5D,
    0x8C, 0x2B, 0xA1, 0xFC, 0x88, 0x3F, 0x56, 0x70, 0x65, 0xA9, 0x37, 0x84, 0x57, 0xE7, 0x78, 0x4D,
    0x8E, 0xD7, 0xE5, 0x78, 0x6D, 0x8E, 0x69, 0xCC, 0x97, 0x18, 0x86, 0x71, 0x59, 0x03, 0xD4, 0x01,
    0xE0, 0x78, 0x63, 0xD5, 0xA9, 0xE0, 0xDF, 0x2A, 0xEC, 0xDB, 0xBA, 0x8A, 0xD5, 0x42, 0x57, 0x67,
    0x2A, 0xD7, 0x55, 0xA8, 0x06, 0x5D, 0x05, 0x5F, 0x76, 0xBA, 0xF2, 0xBE, 0x6E, 0x75, 0xE5, 0xFE,
    0xA5, 0xD6, 0x95, 0x1A, 0x4B, 0xB0, 0xA5, 0x02, 0x4B, 0xC8, 0x9E, 0x91, 0x3D, 0x21, 0x53, 0x87,
    0xD8, 0xFD, 0x8A, 0x75, 0x52, 0xAA, 0xC7, 0x2A, 0x62, 0x15, 0xF5, 0x68, 0xF8, 0xA8, 0xFC, 0x37,
    0xBA, 0x0E, 0x4B, 0xAF, 0xD5, 0x10, 0x28, 0x28, 0x46, 0xEE, 0xD9, 0x03, 0x09, 0xEB, 0x67, 0x05,
    0xAA, 0x66, 0xB4, 0x9A, 0x9E, 0x31, 0x1F, 0xF3, 0xB3, 0x1C, 0xCB, 0xBB, 0x02, 0xA8, 0x44, 0x5F,
    0xBE, 0x57, 0x1B, 0x8E, 0x21, 0xA3, 0x2F, 0x47, 0x45, 0x9D, 0x48, 0x75, 0x73, 0x5B, 0x5F, 0x7A,
    0x93, 0xBE, 0xCC, 0x98, 0xF7, 0x3E, 0x9D, 0x90, 0x8B, 0x61, 0xF1, 0x06, 0xF3, 0xB5, 0x56, 0x61,
    0x7B, 0x9E, 0x45, 0x10, 0xB6, 0x85, 0xD4, 0x61, 0xF4, 0xFE, 0x95, 0xDD, 0xC7, 0x77, 0xE9, 0xCA,
    0x3E, 0xCF, 0x05, 0xE5, 0x7A, 0x4D, 0x84, 0xB6, 0x85, 0x6D, 0x54, 0xB2, 0x1E, 0xD6, 0x87, 0xF7,
    0x8B, 0xB2, 0xC1, 0xB6, 0xC6, 0x55, 0x6A, 0x00, 0xC1, 0x29, 0xD8, 0x29, 0x76, 0x77, 0x65, 0xC1,
    0xE9, 0x8C, 0x6B, 0xA2, 0x54, 0x67, 0x94, 0x8D, 0xB4, 0x0F, 0x9F, 0xAF, 0x95, 0x2E, 0xC3, 0x4C,
    0x97, 0x29, 0x9E, 0x06, 0x35, 0xB7, 0x54, 0x6E, 0x81, 0xE0, 0x1D, 0xB9, 0x7B, 0x8B, 0x7B, 0x5D,
    0x42, 0xDE, 0x98, 0xFC, 0x61, 0x1D, 0x66, 0x51, 0xE6, 0xBF, 0x65, 0x3D, 0xAC, 0x13, 0xAD, 0x79,
    0x6A, 0xF0, 0xF3, 0xFC, 0xBD, 0x1F, 0x18, 0xE3, 0x41, 0x67, 0x50, 0xAF, 0x0B, 0xEA, 0xC0, 0x8A,
    0x43, 0xD9, 0x2B, 0xA3, 0x61, 0xB9, 0xEA, 0xD5, 0x82, 0xEA, 0x58, 0x9F, 0x53, 0x19, 0xB3, 0xD9,
    0x1E, 0x71, 0x82, 0x58, 0x16, 0x82, 0x18, 0xC2, 0xD7, 0xAC, 0x41, 0x0B, 0x4E, 0x40, 0xE6, 0x15,
    0x7A, 0x2A, 0xC0, 0x00, 0xBD, 0x1E, 0x08, 0x06, 0x2F, 0x50, 0x37, 0xC0, 0xE4, 0x82, 0xEF, 0x30,
    0x0A, 0xE6, 0x71, 0x08, 0x32, 0xBF, 0x22, 0xED, 0x81, 0x11, 0x5F, 0xE4, 0xE8, 0xC3, 0x2E, 0xC5,
    0x96, 0x12, 0x59, 0x73, 0x2E, 0x2C, 0x28, 0xB7, 0xD3, 0x8D, 0xDF, 0x41, 0x91, 0x77, 0xCE, 0xF2,
    0x5D, 0x67, 0x14, 0xFD, 0x61, 0x92, 0xED, 0x38, 0xF9, 0xAE, 0xB8, 0xDF, 0xAA, 0x0B, 0xB1, 0x07,
    0xAE, 0x0D, 0x37, 0xF7, 0xD5, 0xDF, 0x29, 0x59, 0xB0, 0x3D, 0x97, 0xCA, 0x18, 0x28, 0xBD, 0x4D,
    0xCC, 0x5E, 0x74, 0x57, 0xF2, 0xF9, 0x92, 0xF2, 0x22, 0xEC, 0x1E, 0xEB, 0x23, 0x1D, 0x5B, 0xB2,
    0x15, 0x7F, 0x16, 0x64, 0x10, 0xCE, 0x84, 0x8B, 0x25, 0xA1, 0x08, 0xCD, 0x99, 0xDC, 0x93, 0xA7,
    0x05, 0x4B, 0x5C, 0x9B, 0xB2, 0x83, 0x40, 0x84, 0xE3, 0xF9, 0x38, 0xBE, 0x15, 0x8E, 0x4D, 0x01,
    0x77, 0x74, 0x43, 0xEE, 0x75, 0xE4, 0xCE, 0x9C, 0xF7, 0xBB, 0x77, 0x4C, 0x1E, 0xE6, 0x37, 0x65,
    0x4D, 0x3D, 0xF7, 0x43, 0x22, 0xA3, 0x4E, 0x2F, 0xD4, 0x79, 0x3D, 0x83, 0x9F, 0xED, 0x4C, 0x9D,
    0x0A, 0x04, 0xE5, 0xF3, 0x09, 0x82, 0x2A, 0x6C, 0x6F, 0x3E, 0xD5, 0x65, 0x73, 0x9E, 0xA5, 0xE8,
    0xFA, 0x33, 0x51, 0x23, 0xA2, 0x90, 0x3A, 0x3B, 0xC2, 0xBD, 0xF5, 0x20, 0x0C, 0x9B, 0xDF, 0x42,
    0x4E, 0xF7, 0xC4, 0x88, 0x6B, 0x4B, 0x35, 0x1B, 0x36, 0x45, 0x26, 0xEA, 0x12, 0xF5, 0x61, 0x6D,
    0x14, 0x03, 0xD1, 0x03, 0xD4, 0x40, 0xC5, 0x5E, 0x40, 0x9B, 0xA4, 0xCA, 0xED, 0x2B, 0x3E, 0x59,
    0x71, 0x27, 0x57, 0x39, 0xF7, 0x7B, 0x95, 0x70, 0x67, 0x57, 0x0B, 0xE1, 0xD1, 0x72, 0xBC, 0xE1,
    0xE6, 0x8E, 0xE5, 0x8E, 0xE4, 0x31, 0xF9, 0x4D, 0x59, 0x5B, 0x8F, 0xA9, 0xD3, 0xD4, 0x8F, 0x77,
    0x95, 0xE6, 0xBD, 0xD8, 0xA9, 0x3A, 0xFC, 0xEA, 0xC2, 0x06, 0x0B, 0x0F, 0x3A, 0x34, 0x42, 0x4B,
    0x53, 0x4B, 0xFC, 0xCE, 0x7B, 0x7C, 0x06, 0x3B, 0xA2, 0x53, 0xE7, 0xA0, 0x33, 0xEE, 0xFF, 0xA0,
    0xC1, 0xE9, 0xF8, 0xE7, 0x81, 0xFC, 0x06, 0x79, 0x6A, 0xA7, 0x1B, 0x91, 0xF7, 0x9A, 0xA3, 0x51,
    0x70, 0x94, 0xAE, 0x31, 0x4A, 0x85, 0xFA, 0x48, 0x09, 0x6C, 0xAC, 0x8D, 0xA2, 0x05, 0x8A, 0xA2,
    0xAB, 0x04, 0x14, 0x95, 0x3E, 0x36, 0x1B, 0xBF, 0xC6, 0xA2, 0x42, 0x1A, 0xE2, 0x77, 0xD1, 0x84,
    0xE3, 0x37, 0x2B, 0x67, 0xFC, 0x72, 0x85, 0xF7, 0x64, 0xD8, 0x48, 0xB3, 0xA0, 0xA5, 0x7A, 0xDA,
    0x58, 0xE3, 0x32, 0x6B, 0x55, 0xD4, 0xA8, 0x3F, 0x40, 0x24, 0xDF, 0x95, 0x05, 0x2C, 0xFC, 0xB0,
    0x5C, 0xA1, 0x3C, 0xF1, 0xB6, 0xA5, 0x96, 0x74, 0x85, 0xEF, 0xA4, 0xD8, 0xD4, 0x5D, 0x86, 0x2F,
    0x0A, 0xB4, 0x07, 0x62, 0xBC, 0x24, 0xFC, 0xA6, 0xE7, 0x66, 0x05, 0x79, 0x79, 0x25, 0x90, 0x74,
    0x22, 0xCE, 0x80, 0x79, 0x36, 0xD8, 0x7B, 0x9A, 0x20, 0x55, 0x52, 0xC8, 0x89, 0x94, 0xE1, 0x73,
    0x98, 0xEF, 0xF8, 0x24, 0xD2, 0xA0, 0x63, 0x3E, 0x4A, 0xA6, 0x48, 0xD8, 0x95, 0x73, 0x80, 0x0D,
    0x64, 0xFD, 0xC4, 0x38, 0xAA, 0xD6, 0x80, 0xC3, 0xB8, 0x2A, 0xFA, 0x9B, 0x64, 0x4B, 0x2D, 0x85,
    0x61, 0x0C, 0x82, 0x19, 0xFB, 0x02, 0x2C, 0x23, 0xE0, 0x70, 0x08, 0x60, 0xFA, 0x09, 0xC0, 0x38,
    0xB4, 0x85, 0x09, 0x60, 0xA8, 0x16, 0x06, 0x52, 0x72, 0xE3, 0xBF, 0xCC, 0xB0, 0x57, 0x02, 0xAC,
    0x3C, 0x6D, 0x1C, 0x6E, 0x3C, 0x11, 0x7B, 0x4E, 0x6F, 0xDE, 0x12, 0x7C, 0x29, 0x08, 0xB7, 0xE3,
    0xBC, 0xB8, 0x00, 0x72, 0x4D, 0x42, 0x13, 0xA6, 0x4D, 0x38, 0x75, 0x9D, 0x18, 0x9C, 0x85, 0xE0,
    0xFE, 0x25, 0xB9, 0x83, 0x3B, 0xD8, 0x37, 0xE5, 0xA9, 0xC9, 0x19, 0xA0, 0x54, 0x27, 0x35, 0xF4,
    0x6A, 0x94, 0xDA, 0x56, 0xC6, 0x4F, 0xB8, 0x1C, 0x04, 0xE1, 0xEB, 0x17, 0x82, 0xF0, 0x89, 0xE0,
    0xAD, 0x3C, 0x60, 0x76, 0xA9, 0x2C, 0xC4, 0x13, 0x42, 0x19, 0xF1, 0x04, 0xFD, 0xFF, 0x14, 0x69,
    0xFA, 0x42, 0x0B, 0x9A, 0x77, 0x80, 0xE6, 0x63, 0xCC, 0x61, 0x8C, 0x5D, 0x37, 0x56, 0x29, 0x68,
    0x09, 0x7A, 0x57, 0xC6, 0xDE, 0x1F, 0xCB, 0xD8, 0xFF, 0x8F, 0x32, 0x0E, 0x81, 0xC7, 0xCF, 0x40,
    0x39, 0xA8, 0x0F, 0xCA, 0x45, 0x17, 0x94, 0x69, 0x0D, 0x2A, 0x41, 0x18, 0x20, 0xE2, 0x75, 0x47,
    0x7D, 0x8C, 0x99, 0x4C, 0x64, 0xCC, 0xBC, 0xFA, 0x25, 0xC0, 0xDE, 0x36, 0x72, 0x7F, 0x68, 0xFD,
    0x3D, 0xAD, 0x23, 0xC5, 0x5E, 0x5F, 0xC9, 0x0C, 0xD2, 0x6E, 0xA2, 0xD1, 0x44, 0xF8, 0x21, 0xDD,
    0x5B, 0x0B, 0x40, 0xA1, 0xEF, 0xD0, 0x3C, 0x13, 0xE3, 0x68, 0x45, 0x55, 0x81, 0xB2, 0xBA, 0xB4,
    0x16, 0xB6, 0x14, 0xDF, 0x4B, 0x14, 0x49, 0xFB, 0xC7, 0xA2, 0x84, 0x02, 0x18, 0xA9, 0x3E, 0x45,
    0x75, 0x04, 0xA0, 0xD4, 0x47, 0x23, 0x29, 0x8B, 0x9A, 0x77, 0x75, 0xDA, 0xFC, 0xAD, 0xFE, 0x4D,
    0xF3, 0x7F, 0xED, 0x37, 0x4D, 0xFF, 0xBF, 0x7F, 0x6E, 0xFA, 0xDF, 0x7D, 0xDD, 0xF4, 0x05, 0x28,
    0xFD, 0x65, 0xD3, 0x6B, 0xAF, 0xE9, 0x3F, 0x02, 0xFD, 0x00, 0xA4, 0x6E, 0x28, 0x16, 0x9B, 0x66,
    0x3F, 0x41, 0x76, 0x84, 0xEE, 0xCA, 0xB3, 0x91, 0x3F, 0x02, 0xE8, 0xCC, 0xC8, 0x9F, 0x05, 0xD0,
    0x1B, 0x10, 0xCD, 0xEF, 0x06, 0x2C, 0x43, 0x57, 0x64, 0x06, 0x2C, 0x3B, 0x16, 0x2C, 0x1F, 0xF3,
    0x8E, 0x3B, 0x49, 0x43, 0x46, 0x96, 0x6B, 0xB5, 0x80, 0x56, 0xA5, 0x2E, 0x89, 0xA5, 0x4F, 0x5E,
    0x7B, 0x80, 0x1A, 0xE6, 0x61, 0xDE, 0x18, 0x13, 0x13, 0xEB, 0x5E, 0x1C, 0x55, 0xFB, 0x88, 0x7A,
    0xCC, 0x13, 0x3D, 0x76, 0x8E, 0x19, 0xE6, 0x5C, 0x3B, 0x9B, 0xDD, 0xA3, 0x9A, 0x81, 0xE0, 0x5C,
    0xD6, 0x96, 0xA3, 0x04, 0x08, 0x63, 0x67, 0x60, 0x19, 0x96, 0xC5, 0x7A, 0x6D, 0x48, 0xB7, 0xBC,
    0x3B, 0x47, 0x12, 0x8D, 0x8D, 0x9B, 0x31, 0x73, 0xDB, 0xA0, 0xF4, 0x60, 0x23, 0x12, 0xE1, 0x12,
    0x5B, 0x5A, 0x8F, 0x17, 0x47, 0x36, 0x47, 0xCE, 0x04, 0xB0, 0xFC, 0x0C, 0x72, 0x1D, 0x42, 0x69,
    0x86, 0x16, 0xD7, 0xD2, 0x3B, 0x14, 0x5A, 0x3F, 0x34, 0xB2, 0x45, 0x50, 0x81, 0x51, 0x7B, 0xC7,
    0x96, 0xEF, 0x5C, 0x27, 0x45, 0x19, 0x8C, 0xAF, 0xC7, 0x4E, 0x7F, 0x39, 0x3E, 0x87, 0x71, 0x93,
    0xA8, 0x8A, 0x70, 0x23, 0x89, 0xC9, 0x72, 0x62, 0x8E, 0x1D, 0x26, 0x0F, 0x24, 0x8B, 0x64, 0x96,
    0x62, 0x52, 0x81, 0x54, 0x75, 0x37, 0xC0, 0xA0, 0xB7, 0x5C, 0xEC, 0xA6, 0x26, 0x00, 0x5C, 0xD7,
    0xA6, 0x2B, 0x17, 0x18, 0xD4, 0xA8, 0x33, 0x5D, 0x60, 0x57, 0xF8, 0x3D, 0x5F, 0x89, 0xF0, 0x60,
    0x9B, 0x87, 0x79, 0x1C, 0x88, 0x88, 0x61, 0x7B, 0xC2, 0x66, 0x16, 0xAA, 0x6F, 0x43, 0xC0, 0xA7,
    0x03, 0xC9, 0x9A, 0x32, 0x13, 0x7D, 0x41, 0x3F, 0xF3, 0x3E, 0x22, 0x88, 0xA7, 0x4F, 0x3A, 0xCD,
    0x96, 0x59, 0x34, 0xFE, 0x35, 0xF3, 0xD7, 0xBF, 0xCE, 0x0C, 0x50, 0xDF, 0xA6, 0x64, 0x33, 0x16,
    0x0F, 0x61, 0xE9, 0x04, 0x2F, 0xAF, 0x73, 0xF5, 0xF8, 0x7F, 0x85, 0x38, 0xB3, 0x0D, 0xE7, 0x34,
    0xB8, 0x7B, 0xF8, 0x92, 0xE8, 0x5D, 0x98, 0x31, 0x11, 0x77, 0x58, 0xC1, 0x92, 0xF4, 0x1F, 0xE0,
    0xE7, 0x25, 0x99, 0x48, 0x6A, 0xB8, 0x61, 0xDA, 0x3E, 0x90, 0x2C, 0x85, 0x81, 0x81, 0x4E, 0x77,
    0x90, 0xA1, 0x21, 0x64, 0x2B, 0xFE, 0x2C, 0xC8, 0x34, 0x59, 0xF8, 0x7C, 0x62, 0xDA, 0x3E, 0x90,
    0x2C, 0x92, 0x79, 0x38, 0x60, 0x97, 0xDE, 0x6C, 0xED, 0x97, 0x84, 0x83, 0x3B, 0x74, 0xB9, 0xD9,
    0xC2, 0x1D, 0x98, 0x73, 0x21, 0xFD, 0x89, 0xCF, 0x5F, 0xD1, 0xF7, 0x68, 0x8D, 0x2E, 0x6E, 0x3F,
    0x20, 0x5A, 0xAD, 0x24, 0xB3, 0x7E, 0xC4, 0x36, 0x64, 0x1E, 0xE6, 0x65, 0x19, 0x96, 0xCD, 0x69,
    0x71, 0xE5, 0xD0, 0x5A, 0x80, 0x8D, 0xD7, 0x7E, 0x97, 0x43, 0x1D, 0x0F, 0x39, 0xF4, 0x71, 0x4E,
    0x47, 0x6C, 0x42, 0xBF, 0x48, 0x52, 0xA0, 0x86, 0x85, 0x30, 0xF9, 0x69, 0x1E, 0x48, 0x16, 0x8F,
    0x99, 0xA5, 0x18, 0xC6, 0xA6, 0x96, 0xAA, 0x20, 0x90, 0x0D, 0xE0, 0x55, 0x13, 0x36, 0x5C, 0xD8,
    0x1E, 0x60, 0xAC, 0x21, 0x7E, 0xE7, 0x3D, 0x3E, 0x63, 0x1E, 0xC5, 0x1A, 0x06, 0x8F, 0x60, 0x0C,
    0x26, 0x2E, 0xB6, 0xC8, 0x9A, 0x46, 0x25, 0xEE, 0x3D, 0xB1, 0x8B, 0x6A, 0xEA, 0x0A, 0x9B, 0xEE,
    0xDA, 0xED, 0xED, 0x81, 0xD0, 0xC0, 0x19, 0xD2, 0x0D, 0x6D, 0x5D, 0x0F, 0xAC, 0x97, 0xCD, 0xF3,
    0xEC, 0x86, 0x9F, 0x0A, 0xAC, 0x6A, 0xCD, 0x6F, 0xD2, 0x57, 0x6B, 0xE5, 0xFD, 0x27, 0xC6, 0xE4,
    0x7F, 0xFC, 0x8E, 0xBB, 0xA5, 0xF4, 0x9A, 0xBE, 0xAD, 0x23, 0x69, 0xC7, 0xEE, 0x1C, 0x2C, 0x20,
    0x6F, 0x18, 0x0C, 0x11, 0x94, 0x42, 0x39, 0xFD, 0xD4, 0xC6, 0x41, 0xDE, 0x1B, 0xCF, 0xDD, 0xB1,
    0x27, 0x2C, 0xD1, 0x09, 0xD2, 0xFE, 0x3D, 0x61, 0x2D, 0x65, 0xD5, 0xF9, 0x40, 0x9F, 0x7C, 0x19,
    0xB4, 0x4F, 0x5B, 0xCC, 0x55, 0x1D, 0x4E, 0xE2, 0xF7, 0x86, 0x21, 0xD1, 0xB7, 0xF4, 0x06, 0x50,
    0xF8, 0x26, 0x8B, 0x02, 0x83, 0x0A, 0x0C, 0x8E, 0xBC, 0x44, 0xEC, 0x0C, 0x35, 0xA6, 0x29, 0x27,
    0x62, 0xB1, 0x73, 0x3D, 0x3C, 0x36, 0xC8, 0xC8, 0x92, 0xF9, 0x6C, 0xAE, 0xB3, 0xF7, 0xFF, 0x2C,
    0xA4, 0xD3, 0x2B, 0x95, 0x12, 0xDA, 0x50, 0x40, 0x30, 0xBD, 0x96, 0x77, 0xDE, 0x21, 0x8E, 0x91,
    0x21, 0x1F, 0x6B, 0x07, 0x42, 0xED, 0xB7, 0x6E, 0x4B, 0xDC, 0x0B, 0x11, 0xDF, 0x70, 0xEE, 0x78,
    0xF4, 0xEE, 0xF0, 0xE9, 0xC8, 0xD1, 0x23, 0xE2, 0xE7, 0xDE, 0x2D, 0xB6, 0xC5, 0xBD, 0xDC, 0x84,
    0x0E, 0x4C, 0xF0, 0xA0, 0xD4, 0x35, 0xEF, 0x13, 0x1F, 0xEC, 0xE3, 0xF2, 0x14, 0x39, 0x4D, 0xA9,
    0x93, 0x09, 0x28, 0xDD, 0x3B, 0xE2, 0xBE, 0x99, 0x19, 0x36, 0xBF, 0x98, 0x8C, 0xF4, 0x07, 0x62,
    0xC9, 0xCF, 0x77, 0x22, 0x70, 0x8C, 0xF8, 0xFD, 0xF0, 0x71, 0x70, 0xEE, 0x7D, 0xD1, 0xB6, 0x53,
    0xE1, 0x95, 0x6F, 0x8B, 0x0B, 0x27, 0x5C, 0x79, 0x0B, 0x5B, 0xDD, 0x72, 0xF8, 0x3A, 0x5B, 0x0E,
    0xDF, 0x0B, 0xD8, 0xCB, 0xD8, 0x22, 0x85, 0xD8, 0xA7, 0x8B, 0x23, 0x1C, 0xBE, 0x77, 0x61, 0xE0,
    0x99, 0x42, 0xDC, 0xC6, 0xC0, 0xED, 0x0D, 0x06, 0x56, 0xEA, 0x43, 0xB5, 0x0B, 0x28, 0x4E, 0x12,
    0xF0, 0x62, 0x48, 0xD6, 0x7E, 0xDE, 0x57, 0xF7, 0xA1, 0xAF, 0x2B, 0xA1, 0x3B, 0x5C, 0x72, 0x34,
    0x0D, 0x49, 0xEE, 0xBD, 0xAE, 0x3B, 0x4B, 0x23, 0x0F, 0x13, 0x8C, 0xFD, 0xFE, 0xBA, 0xAE, 0x85,
    0xEE, 0x2A, 0x6F, 0x3C, 0x33, 0xE3, 0x9D, 0x9E, 0x9E, 0x4B, 0xEB, 0xE9, 0xB9, 0xCC, 0x22, 0x1B,
    0x84, 0xF4, 0x66, 0xDE, 0x1E, 0xB7, 0x9D, 0x39, 0x24, 0xE5, 0xDE, 0x4D, 0xE4, 0x29, 0xAC, 0xB1,
    0xF0, 0x33, 0x95, 0x0E, 0x16, 0x5C, 0xB4, 0x7B, 0x81, 0xC7, 0x00, 0xBD, 0xFE, 0x0E, 0xE0, 0x62,
    0x9D, 0xBD, 0xC6, 0xEF, 0xC8, 0x02, 0x8E, 0x70, 0x8B, 0x8C, 0x60, 0x4F, 0x02, 0x08, 0x29, 0x08,
    0x20, 0xDC, 0x01, 0xF4, 0x4A, 0xC6, 0xA0, 0x61, 0x97, 0xD2, 0xC5, 0x1B, 0x76, 0x1E, 0x43, 0x37,
    0x10, 0x8F, 0x5E, 0xA2, 0x36, 0xE2, 0x94, 0xC8, 0x95, 0x8D, 0xF9, 0x30, 0x8C, 0xC3, 0x95, 0x1D,
    0x49, 0x94, 0x87, 0xFE, 0x56, 0xB1, 0xA4, 0x47, 0xF1, 0x1E, 0xDB, 0x84, 0x37, 0x1B, 0x93, 0xA5,
    0x33, 0x05, 0x7A, 0x53, 0x7C, 0x35, 0x55, 0xC6, 0xC0, 0x11, 0xBD, 0xF6, 0xF4, 0x3B, 0x45, 0x53,
    0x60, 0x18, 0x48, 0xBD, 0x52, 0xFE, 0xFA, 0x92, 0x1B, 0xA6, 0xBB, 0xDE, 0x68, 0xFF, 0x83, 0xC9,
    0x3F, 0x30, 0x86, 0xAC, 0xA1, 0x1B, 0x34, 0x34, 0x89, 0x5F, 0x6B, 0x75, 0x25, 0x90, 0x85, 0x51,
    0x3F, 0x2D, 0x6E, 0x0C, 0xCD, 0x16, 0x5E, 0x69, 0x09, 0x1C, 0x4A, 0xC3, 0xCC, 0x19, 0x91, 0x41,
    0x4B, 0x60, 0x94, 0x4F, 0x5D, 0xC9, 0x69, 0x4A, 0xB1, 0x86, 0x0A, 0x06, 0x39, 0x6A, 0x6B, 0x2F,
    0x59, 0xF3, 0x41, 0x68, 0xCA, 0xD8, 0x9E, 0x78, 0x12, 0x9A, 0xF3, 0xFA, 0x0C, 0x33, 0xF4, 0x64,
    0x2B, 0x56, 0x48, 0x22, 0x64, 0x3B, 0xCF, 0xC4, 0xB3, 0x75, 0x5F, 0xBC, 0x70, 0xE3, 0x61, 0xE8,
    0x6F, 0xA3, 0xF9, 0xA3, 0x3C, 0x16, 0xE1, 0xC6, 0x63, 0xF1, 0x13, 0x7A, 0x2C, 0xB0, 0x7B, 0x70,
    0xEF, 0x70, 0x68, 0x59, 0x4C, 0x13, 0x6E, 0x09, 0x12, 0x80, 0x3D, 0x4B, 0x67, 0x46, 0x3A, 0x12,
    0x99, 0x0B, 0x1A, 0xF5, 0x03, 0xB1, 0x23, 0xB7, 0x0F, 0x41, 0x9E, 0x99, 0x54, 0x3B, 0xA0, 0xDA,
    0xC1, 0xE7, 0x96, 0xD2, 0x8A, 0x67, 0x68, 0x90, 0xBF, 0xCA, 0x96, 0x4B, 0x29, 0x5D, 0x3D, 0x23,
    0x11, 0xDB, 0xFE, 0x45, 0xA1, 0xCF, 0xAD, 0x86, 0x57, 0x34, 0xCB, 0x62, 0x94, 0x89, 0x71, 0x3B,
    0xC6, 0xB0, 0xD1, 0x47, 0x23, 0x82, 0x0C, 0x8A, 0xF1, 0x3D, 0xC6, 0x7B, 0xE5, 0x99, 0xE4, 0x61,
    0x5E, 0x0D, 0xCB, 0x98, 0xFE, 0x36, 0x77, 0x8B, 0x72, 0x09, 0x7F, 0x39, 0x37, 0xE1, 0xF8, 0x38,
    0xAC, 0xF3, 0x58, 0x67, 0x79, 0x1C, 0xA9, 0x3C, 0x4E, 0x40, 0x98, 0xB7, 0xB1, 0x13, 0xBA, 0xC8,
    0x07, 0xFC, 0x86, 0x91, 0x11, 0x2F, 0x94, 0x79, 0x1E, 0xDA, 0xD0, 0xBF, 0xAC, 0x38, 0x94, 0x77,
    0xD6, 0xA8, 0xEF, 0xB5, 0x59, 0x7D, 0x72, 0x0C, 0x20, 0xCB, 0x5F, 0x22, 0xDF, 0xCB, 0x18, 0x84,
    0xB2, 0xBF, 0x65, 0x3D, 0x8D, 0x10, 0xBF, 0xCB, 0xBD, 0x97, 0x17, 0x02, 0xD1, 0x25, 0xAF, 0x0A,
    0x7A, 0xAC, 0xD0, 0x1E, 0x0B, 0x2D, 0xCC, 0xC0, 0x22, 0x4A, 0x36, 0x4F, 0xDA, 0x98, 0x25, 0x82,
    0x41, 0xCF, 0x25, 0x6C, 0xED, 0x09, 0x63, 0x48, 0x9E, 0xB2, 0x50, 0x70, 0xA2, 0x44, 0x12, 0x2E,
    0xC2, 0xE9, 0xAC, 0x04, 0xC3, 0x97, 0x8A, 0xB0, 0x5D, 0x02, 0x9A, 0xB6, 0xAC, 0xA9, 0x45, 0xEA,
    0x8B, 0x1A, 0x62, 0xFC, 0x06, 0x26, 0xD0, 0x19, 0xED, 0xA0, 0x78, 0xBB, 0xFA, 0x76, 0xAA, 0x45,
    0xFC, 0x61, 0xEB, 0xA9, 0xFA, 0x7C, 0xA7, 0x7A, 0x13, 0x42, 0x97, 0x9A, 0x0B, 0xDA, 0x0C, 0xFA,
    0xD8, 0xF8, 0x89, 0xD0, 0x11, 0x79, 0x57, 0xA4, 0x7D, 0x47, 0x36, 0xEE, 0xB1, 0x7D, 0xED, 0x59,
    0x8E, 0xBD, 0xCF, 0x07, 0xD2, 0xAE, 0x5D, 0x9C, 0x8B, 0x96, 0xDD, 0xF0, 0x23, 0x3F, 0xC5, 0x68,
    0xEC, 0x3F, 0x63, 0x28, 0x3E, 0xE4, 0xC3, 0xB7, 0x92, 0x06, 0xB5, 0x4B, 0xC6, 0x85, 0x7F, 0xFB,
    0xFE, 0x9C, 0xD4, 0xF9, 0x4D, 0x84, 0x53, 0x67, 0x53, 0x84, 0xD3, 0xC9, 0x6E, 0xCC, 0x83, 0xF7,
    0x88, 0x72, 0x36, 0x37, 0x51, 0x4E, 0x01, 0x2B, 0x73, 0xDA, 0x18, 0x06, 0xC5, 0x7B, 0x38, 0x8B,
    0xA2, 0xCC, 0x97, 0x30, 0xC0, 0x6D, 0x15, 0xC4, 0xA3, 0x39, 0x65, 0x44, 0x5D, 0x0E, 0xC1, 0x92,
    0xD3, 0x6D, 0x95, 0x89, 0xDE, 0x49, 0x1C, 0x4F, 0xB4, 0x86, 0x91, 0xF0, 0x05, 0x0B, 0xCC, 0x02,
    0x81, 0x6C, 0xFC, 0xFB, 0xC4, 0x5D, 0x89, 0x4A, 0xA0, 0xD7, 0x81, 0xCF, 0x80, 0xEB, 0x60, 0x72,
    0x06, 0xB5, 0x87, 0x3F, 0x60, 0xB7, 0x46, 0x62, 0xAA, 0x06, 0xB5, 0xBD, 0xE4, 0x22, 0x00, 0xC5,
    0x18, 0x96, 0x4F, 0x51, 0x48, 0x5B, 0x17, 0xCD, 0x8D, 0x63, 0xFF, 0x16, 0x1D, 0xEC, 0x80, 0xBB,
    0xB7, 0x03, 0x62, 0xBC, 0x5E, 0x4F, 0xF1, 0x4B, 0xB7, 0x57, 0x9B, 0xF3, 0x4B, 0xFD, 0x91, 0x1D,
    0xD0, 0xDF, 0xB2, 0x03, 0x3C, 0xBD, 0x29, 0xE6, 0xD5, 0x4E, 0x07, 0xA6, 0xB6, 0x4B, 0x8C, 0x6B,
    0x85, 0xB6, 0xF3, 0x58, 0x8B, 0x9C, 0x89, 0xA9, 0x76, 0x9A, 0xCD, 0x16, 0xFB, 0xC3, 0x76, 0x00,
    0xF6, 0x15, 0x71, 0x66, 0x34, 0x29, 0x06, 0x2A, 0x74, 0xB7, 0x33, 0xE7, 0x80, 0x7A, 0x6E, 0x1C,
    0xAF, 0x88, 0x03, 0xD2, 0x76, 0x61, 0x01, 0xB4, 0xBB, 0x87, 0x39, 0x9F, 0xDF, 0xEF, 0x21, 0x6B,
    0xF6, 0x78, 0xC8, 0x18, 0x62, 0xF6, 0x46, 0xD8, 0xEC, 0xE3, 0xAE, 0x4B, 0x71, 0x16, 0xE2, 0xDA,
    0x4B, 0x0C, 0x4F, 0x11, 0x1B, 0x44, 0x30, 0x4F, 0x43, 0xFA, 0x5A, 0xC6, 0x77, 0x3B, 0xDB, 0xEB,
    0x16, 0x8D, 0x86, 0x04, 0xAE, 0x6F, 0xD1, 0x2E, 0xF8, 0x99, 0x13, 0xF1, 0x4D, 0xF1, 0x7C, 0x09,
    0x5C, 0xF0, 0x57, 0x40, 0x8E, 0x9D, 0x7D, 0x52, 0xB4, 0xCF, 0x3E, 0x0D, 0x74, 0x3B, 0x72, 0x2C,
    0xD1, 0xE3, 0xE0, 0xB3, 0x2E, 0xB1, 0xB4, 0x00, 0x45, 0xBF, 0xFA, 0xAC, 0x43, 0xBB, 0x4D, 0xB0,
    0xEA, 0x9F, 0xFE, 0xAB, 0x53, 0xB8, 0xB7, 0x45, 0x33, 0xE8, 0x78, 0xCB, 0xD3, 0xF7, 0xCC, 0x50,
    0x05, 0xCA, 0x9F, 0xE9, 0x2C, 0xFD, 0x17, 0x7A, 0xFB, 0xFE, 0x94, 0xA1, 0x8D, 0x99, 0x7A, 0x66,
    0x69, 0xB6, 0x40, 0xEF, 0x0B, 0x2F, 0xDE, 0x80, 0x4E, 0xBD, 0x03, 0x3A, 0xDD, 0x5D, 0xD0, 0x39,
    0x8B, 0x86, 0xEF, 0x77, 0x44, 0xC7, 0xB0, 0x82, 0x62, 0xE8, 0x96, 0x05, 0x74, 0xCB, 0x42, 0x3C,
    0x8D, 0xDC, 0xE6, 0x83, 0xFA, 0x58, 0xDA, 0x7B, 0x9E, 0x58, 0xA9, 0x1F, 0x3B, 0xE6, 0x1C, 0x2E,
    0x57, 0x22, 0xE4, 0x99, 0x62, 0xCF, 0x33, 0xB3, 0x72, 0xD3, 0xBD, 0x56, 0xBB, 0xD7, 0xF7, 0xE1,
    0xEC, 0x98, 0xDA, 0x39, 0x3B, 0xE6, 0xD0, 0xDE, 0x95, 0x50, 0x1D, 0x5A, 0xFE, 0x25, 0x35, 0x82,
    0x4F, 0x6F, 0x03, 0x64, 0x3F, 0xDB, 0x6E, 0xFC, 0xC9, 0x63, 0x5C, 0x52, 0xE4, 0xC0, 0x69, 0xCE,
    0x6F, 0x49, 0x9B, 0xFA, 0x3E, 0x16, 0xCF, 0x00, 0xA7, 0x49, 0x8E, 0x79, 0xCA, 0xA9, 0x4F, 0x3D,
    0x4E, 0x4A, 0xE7, 0xE6, 0xFA, 0xAE, 0x4E, 0x8C, 0x2A, 0xF5, 0x44, 0x40, 0xBB, 0x07, 0x10, 0xEE,
    0x02, 0x38, 0x2A, 0xEA, 0xE8, 0xA8, 0x99, 0xFD, 0xBB, 0xC2, 0x03, 0x03, 0xC0, 0xAF, 0x29, 0x1A,
    0x37, 0x6C, 0xE7, 0xFA, 0xAE, 0xBA, 0xE9, 0xD1, 0x4E, 0xB0, 0xB4, 0xFD, 0xDF, 0x18, 0x0F, 0xEC,
    0x9E, 0x98, 0x6B, 0xCC, 0x6E, 0x92, 0xF0, 0x42, 0x6A, 0xD5, 0xC6, 0x3E, 0x4F, 0x4C, 0x92, 0x9B,
    0xA4, 0x97, 0x04, 0x72, 0x68, 0x9C, 0x7A, 0x92, 0xF8, 0x75, 0x4A, 0x43, 0x21, 0x2C, 0x25, 0xD1,
    0xF6, 0xA8, 0xB8, 0x49, 0x78, 0xA0, 0x56, 0x7C, 0xE1, 0xD7, 0x66, 0x77, 0x4C, 0x8C, 0x2F, 0x30,
    0x91, 0x62, 0x92, 0xC8, 0x8E, 0x26, 0xF2, 0x85, 0xE2, 0x68, 0x9B, 0x24, 0x6A, 0xD9, 0x7C, 0xB8,
    0x46, 0x7B, 0xFA, 0x14, 0xCD, 0x7F, 0x91, 0xBF, 0xF2, 0xBB, 0x8F, 0xB8, 0x45, 0xF6, 0x62, 0xE4,
    0x54, 0xC2, 0x63, 0x81, 0x39, 0x89, 0xB3, 0x64, 0x6C, 0x22, 0x94, 0xF3, 0x2F, 0xD1, 0x0B, 0x76,
    0x7E, 0x21, 0xF0, 0x27, 0x51, 0x66, 0x39, 0x87, 0xAD, 0xBA, 0x8A, 0xB2, 0xEA, 0xFA, 0xC3, 0x3E,
    0x1C, 0xBB, 0x74, 0x6C, 0xDC, 0x11, 0x2A, 0x54, 0x99, 0xC3, 0x93, 0x30, 0xD9, 0x24, 0x38, 0x77,
    0xFB, 0xF0, 0xE4, 0x29, 0xCE, 0xBA, 0x4E, 0xEE, 0x2A, 0xC1, 0x00, 0xFD, 0x6D, 0x77, 0xD5, 0x43,
    0x7D, 0xD8, 0xEA, 0x5C, 0xA4, 0x08, 0x3D, 0xD6, 0x75, 0x24, 0x73, 0xE3, 0x74, 0x3F, 0x30, 0x86,
    0xD8, 0x04, 0x22, 0xAB, 0xC9, 0x8D, 0x44, 0x17, 0x52, 0x3C, 0x73, 0x23, 0x9D, 0xC9, 0x31, 0x16,
    0xBA, 0x91, 0xFC, 0xAD, 0x50, 0xA8, 0x41, 0xAB, 0x0C, 0xE6, 0x6A, 0xAE, 0xAF, 0xAD, 0xC3, 0x25,
    0xB6, 0x4D, 0xE2, 0x42, 0x5A, 0x18, 0xBC, 0x63, 0x9D, 0xA2, 0x91, 0x2D, 0xFF, 0x86, 0x0E, 0xED,
    0x40, 0xD6, 0xE1, 0x76, 0xB2, 0xE7, 0xFA, 0x3E, 0x6A, 0xF3, 0xF0, 0x2B, 0xD1, 0xE3, 0x33, 0x7E,
    0xEB, 0x3A, 0xB5, 0x1E, 0xF7, 0xBA, 0xD7, 0x1B, 0xDA, 0xBA, 0x4E, 0x70, 0x4A, 0xF9, 0xF0, 0xBB,
    0x1E, 0x76, 0x5E, 0x42, 0x74, 0x04, 0xEC, 0x2E, 0x39, 0xF3, 0xB2, 0x35, 0x76, 0x27, 0xF8, 0x0F,
    0x0C, 0x79, 0xD7, 0x20, 0x34, 0xBF, 0x1E, 0xEA, 0x6B, 0x0E, 0xDA, 0x95, 0x9A, 0xE8, 0xD4, 0x7D,
    0x08, 0x1A, 0xBC, 0xC7, 0xD2, 0x63, 0xF6, 0xC1, 0x1D, 0x52, 0x35, 0xD1, 0x6E, 0xF0, 0xEC, 0xB1,
    0x0F, 0x1C, 0xDF, 0xF5, 0xAE, 0x87, 0x9C, 0xCD, 0xF8, 0x7E, 0xFA, 0xCA, 0x25, 0xAA, 0x24, 0xB4,
    0x2D, 0x1B, 0xA7, 0x38, 0x0F, 0xBC, 0xFF, 0x5D, 0xA7, 0x8A, 0x75, 0x1C, 0x9A, 0xC7, 0x53, 0xF4,
    0xED, 0xD0, 0xBB, 0x4E, 0x76, 0xEE, 0xE4, 0x03, 0xC0, 0x00, 0xAC, 0x4D, 0xA5, 0x09, 0x24, 0x90,
    0xE1, 0x8B, 0x4F, 0x95, 0xFA, 0xD7, 0x4F, 0x4E, 0x37, 0x77, 0xF3, 0xF7, 0xC5, 0x7C, 0xDF, 0x33,
    0xA5, 0xFE, 0xF9, 0x93, 0x93, 0xF6, 0xF1, 0x90, 0x4E, 0x3F, 0xC5, 0xE1, 0xE7, 0xF0, 0x2B, 0x18,
    0xD4, 0x96, 0xE6, 0xD7, 0x43, 0x0F, 0xB2, 0xA8, 0x40, 0x2C, 0x29, 0xB3, 0x03, 0x9B, 0xEF, 0xB7,
    0xAE, 0xBF, 0xEF, 0xD9, 0x5E, 0x75, 0xC6, 0x29, 0x48, 0xB9, 0x05, 0x9E, 0xF9, 0xF5, 0x76, 0xB3,
    0x1E, 0xF5, 0xAC, 0xC9, 0xFF, 0x03, 0xCD, 0x5A, 0xBD, 0x72, 0xDB, 0x46, 0x10, 0x5E, 0x00, 0x8A,
    0x60, 0x0B, 0x89, 0xA1, 0xCC, 0xA4, 0x4A, 0x26, 0xE2, 0x13, 0x88, 0x78, 0x01, 0x82, 0x84, 0x9D,
    0x38, 0x99, 0x4C, 0x8A, 0xE4, 0x11, 0xFC, 0x06, 0x69, 0x52, 0xA8, 0xA0, 0xC2, 0x73, 0x52, 0xA4,
    0x74, 0x1E, 0x41, 0x79, 0x03, 0x17, 0x2A, 0x5C, 0xD0, 0x16, 0x3A, 0x17, 0x69, 0x30, 0xE3, 0x32,
    0x0D, 0x66, 0xE2, 0x07, 0x80, 0x26, 0x28, 0xE0, 0x09, 0xC5, 0xCB, 0xB7, 0x87, 0xC3, 0x1F, 0x05,
    0xFD, 0x12, 0xA0, 0x04, 0xCE, 0x9E, 0x00, 0xF2, 0xB0, 0xBB, 0xDF, 0xDE, 0xFE, 0xDC, 0x8F, 0xC8,
    0xCA, 0x88, 0xC8, 0x5E, 0xA0, 0x71, 0xE6, 0x68, 0x5C, 0x9F, 0x9B, 0x3D, 0x34, 0x7B, 0x2E, 0x1A,
    0xDF, 0x0D, 0x88, 0x46, 0x8E, 0x20, 0x9A, 0xDA, 0x21, 0xD1, 0x2B, 0x0B, 0x4D, 0x6A, 0xC5, 0x64,
    0x24, 0x66, 0x42, 0x66, 0x62, 0x24, 0x64, 0x49, 0x99, 0x72, 0x93, 0x11, 0x3A, 0xCC, 0xC9, 0x15,
    0x74, 0x48, 0x78, 0x69, 0x4C, 0x03, 0x22, 0x0F, 0x1F, 0xFC, 0x1D, 0x13, 0x7F, 0xA3, 0x2E, 0x2B,
    0x6D, 0x34, 0xB3, 0x98, 0x6C, 0x79, 0x46, 0x6E, 0x34, 0xA3, 0x47, 0xFC, 0x2A, 0x39, 0xE0, 0x6F,
    0x2B, 0x32, 0xA4, 0x0C, 0x5D, 0x90, 0x27, 0xEC, 0x70, 0x8C, 0x67, 0x9F, 0xF8, 0xAF, 0x8B, 0xE7,
    0x59, 0xE4, 0xCA, 0x7F, 0x17, 0x86, 0x7C, 0xBE, 0x50, 0x2C, 0x07, 0x61, 0x45, 0xEA, 0x72, 0x14,
    0x98, 0x33, 0xBE, 0xDD, 0xE7, 0x66, 0xC4, 0xCD, 0x31, 0x37, 0xCF, 0xA8, 0x7E, 0x6D, 0x14, 0xF9,
    0x24, 0x06, 0x25, 0xB8, 0x01, 0x99, 0x11, 0x84, 0x83, 0x9D, 0xA9, 0x15, 0x59, 0xDF, 0x0A, 0x5B,
    0xCC, 0x86, 0xB5, 0xA6, 0x61, 0x1D, 0xB1, 0x95, 0x41, 0xAA, 0xCB, 0x96, 0xF0, 0xA0, 0x13, 0x4D,
    0x99, 0xEF, 0x4B, 0x33, 0xBC, 0x33, 0x23, 0x80, 0x83, 0xB6, 0x40, 0xAC, 0x2C, 0xE0, 0xBD, 0x0D,
    0x68, 0x86, 0xC7, 0x34, 0x23, 0x2B, 0xF2, 0xC9, 0x12, 0x8F, 0x2A, 0xC5, 0xBA, 0x70, 0x8D, 0x61,
    0x69, 0x16, 0x86, 0xA0, 0x6C, 0x4E, 0xC6, 0x3B, 0x46, 0x7C, 0x3F, 0x8C, 0xB2, 0x55, 0x0E, 0x56,
    0xA5, 0xA9, 0xAD, 0x34, 0xFD, 0x8B, 0x5D, 0x65, 0xC0, 0x1A, 0xF8, 0xE8, 0x49, 0x29, 0x8B, 0x8C,
    0x2D, 0x51, 0x57, 0x72, 0x00, 0x25, 0x61, 0x89, 0x00, 0x91, 0x04, 0xD7, 0xB7, 0x04, 0x34, 0x80,
    0x61, 0xF9, 0x3D, 0xA3, 0x68, 0x66, 0x52, 0xE9, 0x92, 0x90, 0x13, 0xE3, 0xD1, 0x15, 0xDC, 0x04,
    0xEA, 0xCE, 0xE2, 0xEF, 0x06, 0xAC, 0xE4, 0x42, 0xB2, 0xAD, 0x67, 0x74, 0x71, 0xF0, 0x18, 0x47,
    0xC7, 0x6C, 0x0D, 0x04, 0x8F, 0xFB, 0x4B, 0x01, 0x5F, 0x81, 0xDE, 0xA5, 0xE0, 0x4E, 0xBC, 0x68,
    0x25, 0x96, 0x76, 0xBE, 0x0A, 0x69, 0xF2, 0x8E, 0xE8, 0x4D, 0x02, 0x8E, 0x73, 0x8C, 0xF2, 0x10,
    0x91, 0xF5, 0xA0, 0x1B, 0x2F, 0x9A, 0xFD, 0x01, 0x99, 0x52, 0x22, 0x60, 0x3F, 0x3D, 0x11, 0x75,
    0xB0, 0x95, 0x03, 0x1D, 0x30, 0xBB, 0x67, 0x86, 0xB8, 0x0B, 0x07, 0x32, 0x97, 0x5F, 0x03, 0x9F,
    0x24, 0x63, 0xFB, 0x2C, 0x17, 0xEC, 0x81, 0x55, 0x2D, 0xA2, 0xCC, 0xE0, 0x61, 0x77, 0x11, 0x55,
    0xC3, 0xED, 0xDD, 0x8B, 0x6C, 0xB2, 0x52, 0x4C, 0xEA, 0xD8, 0xE3, 0x1E, 0xB2, 0x49, 0xA3, 0xD0,
    0xA8, 0xD0, 0x65, 0x33, 0x90, 0x5F, 0xE4, 0x35, 0x76, 0x47, 0x3A, 0x8A, 0xE0, 0x2B, 0xC7, 0x8C,
    0xEC, 0x90, 0x45, 0x78, 0x92, 0x0D, 0x92, 0xDD, 0x51, 0xDD, 0x61, 0x3B, 0xA5, 0x79, 0x52, 0x60,
    0x36, 0x4E, 0x40, 0xB6, 0xB3, 0x83, 0xDB, 0x3D, 0x18, 0xE8, 0x10, 0x7E, 0x0D, 0x45, 0xBC, 0xA8,
    0x3B, 0x23, 0x19, 0xCA, 0x4A, 0x2A, 0x93, 0x55, 0xE9, 0x96, 0xB3, 0xD2, 0x51, 0x7C, 0x7F, 0x8C,
    0xB2, 0x0B, 0x76, 0x2C, 0x6B, 0xAA, 0xB3, 0x2E, 0xD8, 0xDB, 0x76, 0x8F, 0x46, 0xC9, 0xB3, 0x6A,
    0x56, 0xA4, 0xD6, 0x6A, 0x36, 0xF2, 0x63, 0x0C, 0x66, 0xC9, 0x93, 0xE8, 0x5E, 0x78, 0x0A, 0x67,
    0xD5, 0x30, 0xCF, 0xAC, 0x7A, 0x76, 0x62, 0x3A, 0x1F, 0xA1, 0x16, 0xB9, 0x3D, 0x1A, 0xA5, 0xCA,
    0xAD, 0x34, 0x2B, 0xB2, 0x67, 0x4C, 0x85, 0xA7, 0xF8, 0xCC, 0xF6, 0xAE, 0x8D, 0x62, 0x2E, 0x9F,
    0x36, 0xF2, 0xAB, 0x4D, 0x8E, 0xF2, 0x14, 0x33, 0x99, 0xF6, 0x64, 0x94, 0x97, 0x6C, 0xFE, 0x03,
    0xD6, 0x7A, 0x3C, 0x00, 0x8B, 0xC1, 0x5D, 0x7B, 0xC5, 0x6A, 0x92, 0x55, 0x33, 0x14, 0x78, 0x45,
    0xB8, 0x4F, 0x66, 0x0A, 0xF1, 0x60, 0xD5, 0xB9, 0x11, 0x6A, 0x89, 0x76, 0x86, 0xFE, 0x4C, 0x53,
    0x1D, 0xB1, 0x6D, 0x74, 0x9D, 0x3E, 0xF5, 0x7E, 0x79, 0xA1, 0x0C, 0x6A, 0x94, 0xF2, 0x44, 0x8A,
    0x6C, 0xCC, 0xA3, 0x30, 0x33, 0x8A, 0x07, 0xB0, 0x15, 0x32, 0x43, 0x0A, 0xBB, 0xA6, 0x13, 0x98,
    0x89, 0xC9, 0xD7, 0x89, 0x1E, 0x26, 0x0A, 0x30, 0x85, 0x8A, 0xED, 0xF7, 0x5F, 0x44, 0x6A, 0xF2,
    0xE5, 0xE9, 0xB1, 0x71, 0xE2, 0x8A, 0xF8, 0x3A, 0x81, 0x98, 0x13, 0xDC, 0x1B, 0x7A, 0xAE, 0x6F,
    0x43, 0xCE, 0x76, 0xCD, 0x4C, 0xBD, 0xE1, 0x42, 0xAE, 0x57, 0x3A, 0xFD, 0x5C, 0xAD, 0x35, 0x8A,
    0xB9, 0xC9, 0x9A, 0x38, 0x4D, 0x0C, 0xB5, 0x23, 0xBF, 0xA3, 0x9D, 0xC1, 0x12, 0x7C, 0x9B, 0x3E,
    0xD9, 0x0B, 0x9E, 0xD7, 0x30, 0x9D, 0xFC, 0x2D, 0x30, 0x7F, 0x87, 0x7C, 0x7E, 0xA8, 0x5F, 0xEB,
    0x8F, 0x59, 0xA0, 0x0D, 0x54, 0x14, 0x47, 0x41, 0x93, 0x17, 0x18, 0xB3, 0x88, 0x8C, 0x53, 0xC4,
    0x08, 0xB4, 0xB4, 0xE9, 0xCB, 0xBE, 0xC7, 0x6B, 0x57, 0x17, 0x84, 0x57, 0xE5, 0x60, 0xB9, 0xFF,
    0x84, 0x8C, 0x8D, 0xA6, 0xE8, 0x99, 0x0C, 0xC8, 0x0C, 0x9D, 0x2E, 0x31, 0x2B, 0xF9, 0xFA, 0x77,
    0x15, 0xE1, 0xD6, 0x8B, 0x98, 0xEA, 0xF2, 0x8C, 0xD0, 0x0E, 0xCA, 0x05, 0x06, 0x56, 0x0E, 0x8A,
    0x74, 0xFF, 0x56, 0xBA, 0x4E, 0x9F, 0x5A, 0xBF, 0xBA, 0x0E, 0x7B, 0x7A, 0xC9, 0xB3, 0xAA, 0x43,
    0xD7, 0x98, 0x6B, 0xC1, 0x98, 0x2F, 0x3B, 0x3F, 0xFF, 0x56, 0xD0, 0xEC, 0x2D, 0xD1, 0x7F, 0x18,
    0xE7, 0x18, 0x59, 0x50, 0xF8, 0xE5, 0x82, 0xA1, 0xB7, 0xB8, 0x5C, 0x0D, 0xCC, 0xED, 0xE7, 0x11,
    0x0D, 0x4E, 0x05, 0x8D, 0xF1, 0x15, 0x10, 0x98, 0x31, 0x2C, 0x21, 0xCC, 0x4E, 0x30, 0xDB, 0x1F,
    0xB6, 0xC8, 0x95, 0x4B, 0x32, 0x8A, 0xBA, 0x31, 0x11, 0x0A, 0xBE, 0x79, 0x9A, 0x22, 0xE3, 0x8E,
    0x90, 0x86, 0x1E, 0xF4, 0xEA, 0xD7, 0xC6, 0xF2, 0x31, 0x97, 0x97, 0x80, 0x9E, 0x2C, 0x73, 0x21,
    0x2E, 0xAF, 0xD7, 0x30, 0xBE, 0xF3, 0x43, 0x20, 0x01, 0x1A, 0xB1, 0xDD, 0xDD, 0xF8, 0x2A, 0x6C,
    0x1B, 0x8D, 0xD9, 0x66, 0xED, 0x70, 0xB5, 0xEF, 0xCE, 0xA7, 0xD0, 0xDC, 0xEB, 0xDE, 0x77, 0x1B,
    0x75, 0x65, 0x12, 0x63, 0xD9, 0x9B, 0x18, 0xB1, 0x15, 0x9A, 0x41, 0x3E, 0xCD, 0xBE, 0xEE, 0x67,
    0xF5, 0xDD, 0xAB, 0xFA, 0x8F, 0xDB, 0x2E, 0x9A, 0xA8, 0x0B, 0x82, 0xDB, 0x7E, 0x61, 0xB8, 0x26,
    0xC3, 0x7D, 0x5F, 0xC0, 0x35, 0x93, 0x71, 0x0E, 0x97, 0x61, 0x66, 0x30, 0xE3, 0x62, 0xAA, 0x0C,
    0x55, 0xD2, 0xA2, 0xF8, 0x8D, 0xFB, 0x71, 0x7F, 0x7E, 0x8F, 0xDF, 0x67, 0x3E, 0xCA, 0xAC, 0x0A,
    0x65, 0x54, 0x51, 0x61, 0x52, 0x96, 0x11, 0xE4, 0x26, 0xD5, 0x32, 0x4A, 0x39, 0x7C, 0x9F, 0xF3,
    0x33, 0x12, 0xEE, 0xC3, 0x7D, 0x8D, 0x8B, 0xF8, 0x95, 0x91, 0x99, 0xEA, 0x59, 0xF9, 0x4A, 0xC9,
    0xD4, 0xC3, 0xD8, 0x0B, 0xAE, 0xCB, 0xE4, 0xAE, 0x8F, 0xB3, 0xAD, 0xB4, 0x88, 0x3C, 0x0C, 0xDB,
    0x5D, 0xB5, 0x07, 0x8C, 0x37, 0xD6, 0x61, 0xDD, 0xB1, 0x7D, 0xA5, 0x05, 0xEA, 0x85, 0x1D, 0xD9,
    0x3F, 0x14, 0xA9, 0x67, 0x63, 0x98, 0x6F, 0xAC, 0xC3, 0xDA, 0xFE, 0xBC, 0xEA, 0x48, 0xDB, 0xBF,
    0xE6, 0xA5, 0xC5, 0xCF, 0x14, 0x17, 0x55, 0x5A, 0x02, 0xA3, 0x5F, 0x5F, 0xBE, 0xA1, 0x0E, 0xEB,
    0x60, 0x2E, 0xCB, 0xCB, 0x37, 0xAB, 0xE5, 0x05, 0xF6, 0x8D, 0xCF, 0x97, 0x97, 0xAE, 0xF1, 0x5E,
    0x2A, 0xFF, 0xA2, 0xF2, 0x76, 0xDB, 0xF1, 0x2D, 0x79, 0xCF, 0x37, 0xE6, 0xBF, 0x8D, 0xFC, 0x78,
    0x85, 0xFC, 0x6E, 0x73, 0x31, 0xA7, 0x8B, 0xB9, 0xDE, 0xB2, 0x8A, 0x47, 0xA8, 0xE7, 0xA0, 0x60,
    0xA4, 0xC2, 0xC9, 0x93, 0x0B, 0xE8, 0x98, 0xE2, 0x7D, 0x14, 0x27, 0x2B, 0xAA, 0x61, 0x4D, 0x6F,
    0x8F, 0xB5, 0x21, 0x8F, 0x67, 0x86, 0x07, 0x64, 0x06, 0x79, 0xC5, 0xF7, 0x64, 0x66, 0x14, 0xF2,
    0x02, 0x96, 0xA7, 0xB0, 0x25, 0xD7, 0xC6, 0xB6, 0xA5, 0xE7, 0x0D, 0x63, 0x95, 0x04, 0x46, 0x98,
    0x63, 0x8E, 0xC8, 0x14, 0xFD, 0x61, 0xD9, 0x6A, 0xEE, 0x68, 0x41, 0x5E, 0x77, 0x58, 0xDA, 0x6B,
    0xD5, 0x08, 0x8E, 0x3E, 0xD2, 0xA9, 0xAE, 0xA7, 0xF1, 0x69, 0x95, 0x7B, 0x00, 0xB9, 0xDD, 0xE1,
    0x7A, 0xF3, 0x54, 0xC5, 0x10, 0x3D, 0x3E, 0xAB, 0xB0, 0xF4, 0x85, 0x87, 0xA7, 0xE4, 0x52, 0xE5,
    0x8C, 0x83, 0x72, 0x66, 0xB9, 0x3E, 0x86, 0xFE, 0xF5, 0x3E, 0x3F, 0x67, 0xEA, 0x52, 0xFF, 0x06,
    0xEF, 0x39, 0x16, 0x28, 0xB7, 0xA5, 0xA9, 0x22, 0x87, 0xB7, 0x94, 0x84, 0x27, 0x66, 0x58, 0x02,
    0x9D, 0xC1, 0xDE, 0x7A, 0x3B, 0x66, 0x12, 0x94, 0x84, 0x3E, 0xE2, 0xBA, 0xE4, 0x83, 0x57, 0xCE,
    0xEF, 0x44, 0xB8, 0xF2, 0x6F, 0x61, 0x2C, 0xBF, 0xCF, 0x27, 0x68, 0x93, 0x1A, 0x95, 0x2B, 0xCC,
    0xA8, 0x3A, 0xDA, 0x75, 0x9A, 0xDB, 0x3D, 0xBD, 0xE1, 0xE2, 0x15, 0x89, 0x6C, 0x97, 0xBB, 0x3E,
    0xCE, 0x40, 0xEF, 0x8E, 0x44, 0xBC, 0x3B, 0x32, 0x44, 0x5E, 0x19, 0xD2, 0x27, 0x2A, 0xC3, 0xEC,
    0x43, 0xAF, 0x45, 0x07, 0x78, 0x82, 0x26, 0x1E, 0xDE, 0x8F, 0x88, 0xF3, 0xDD, 0x42, 0xDE, 0x9B,
    0x18, 0xC0, 0x9F, 0x3F, 0xCE, 0xFD, 0x1A, 0xFD, 0xE1, 0xB7, 0x4E, 0x76, 0x6B, 0x2C, 0xBB, 0xFA,
    0x54, 0x34, 0x53, 0x51, 0x32, 0xA4, 0x3D, 0xD0, 0x4E, 0x8F, 0x58, 0x9A, 0xF2, 0x38, 0x2F, 0x8F,
    0xE8, 0x61, 0x47, 0x58, 0xDA, 0xFD, 0x6D, 0x88, 0x71, 0x1F, 0xEA, 0x0A, 0xD0, 0xD3, 0xF8, 0xB4,
    0xFA, 0x1B, 0xEF, 0x27, 0x74, 0x86, 0xCB, 0xFC, 0xF0, 0x19, 0x39, 0x72, 0x41, 0x86, 0x9D, 0x16,
    0x58, 0x7A, 0xC3, 0x63, 0xF3, 0x06, 0xB8, 0xCC, 0x1A, 0x39, 0xB4, 0x03, 0x0C, 0xBD, 0xEB, 0xBD,
    0x9A, 0xCF, 0x3A, 0xD6, 0xBF, 0x99, 0xDB, 0x2E, 0x3C, 0xD2, 0xA3, 0x23, 0x9D, 0xDA, 0xF8, 0xA8,
    0x40, 0x78, 0x7C, 0x72, 0x80, 0x1E, 0x63, 0xDE, 0xEE, 0x9F, 0x73, 0x14, 0x67, 0xF9, 0x81, 0x03,
    0x65, 0x9C, 0x3D, 0xD4, 0x51, 0xF1, 0x58, 0xC5, 0xF4, 0x4F, 0xC5, 0xBF, 0x17, 0xA8, 0x53, 0x8C,
    0xE6, 0xBF, 0x2B, 0x5C, 0xD1, 0x9C, 0x9F, 0xE3, 0x80, 0x41, 0x50, 0x6C, 0x6B, 0xCE, 0xAB, 0x1A,
    0x63, 0xC6, 0x8E, 0xB0, 0x42, 0x1B, 0x1F, 0x2B, 0xC2, 0x53, 0x82, 0xCE, 0xBC, 0xF1, 0xC2, 0x95,
    0x88, 0xB7, 0x18, 0x7D, 0xAC, 0xD0, 0x86, 0x49, 0x3E, 0xB7, 0xE5, 0xBA, 0x63, 0xE7, 0xBB, 0xBF,
    0x8A, 0xA7, 0x97, 0xEF, 0xC7, 0x78, 0x0B, 0x50, 0xBC, 0x49, 0x70, 0x2D, 0x67, 0x2D, 0xDD, 0x80,
    0xB2, 0x12, 0xF2, 0x40, 0xBE, 0x95, 0x14, 0xA0, 0x6E, 0xF4, 0x5F, 0x52, 0x9B, 0xB5, 0xC0, 0x25,
    0x5B, 0x22, 0x7D, 0x0D, 0xB1, 0xDA, 0xC5, 0x23, 0x19, 0xA3, 0xC7, 0x9F, 0xEA, 0x2C, 0xD2, 0x0B,
    0x68, 0xE5, 0xDA, 0x9C, 0x0D, 0xF2, 0x13, 0x0F, 0x6A, 0x3B, 0xF1, 0xE8, 0x0B, 0xFF, 0xFF, 0xAD,
    0x52, 0xBD, 0x4E, 0xC3, 0x30, 0x10, 0xFE, 0x92, 0x0C, 0x46, 0x8A, 0xD0, 0xBD, 0x41, 0xB3, 0xB0,
    0x82, 0x57, 0x86, 0x36, 0xF1, 0x63, 0x15, 0xA9, 0x10, 0x03, 0xAF, 0xD4, 0x21, 0x43, 0x45, 0xBD,
    0xB1, 0x9A, 0x37, 0xF0, 0x23, 0x78, 0x60, 0xC8, 0x90, 0x10, 0xEE, 0xDC, 0xB4, 0x03, 0x3F, 0x02,
    0x21, 0x1C, 0xDD, 0xE9, 0x8B, 0xEF, 0xFB, 0xCE, 0x77, 0xBA, 0x03, 0x80, 0x76, 0x9A, 0x06, 0x31,
    0xA4, 0xD3, 0x4C, 0x7C, 0xFC, 0xC1, 0x23, 0xE6, 0xA1, 0x08, 0xCA, 0x93, 0xAB, 0x9C, 0xB6, 0x8D,
    0xA5, 0x90, 0x90, 0x69, 0x50, 0x63, 0x89, 0x35, 0xCA, 0x28, 0x37, 0x7C, 0x67, 0x74, 0xBA, 0xC9,
    0x82, 0xB2, 0x85, 0x27, 0xA3, 0x5C, 0x05, 0x72, 0x4D, 0x32, 0x6D, 0x9F, 0xD0, 0x98, 0x11, 0x6D,
    0x36, 0xA0, 0xF2, 0xAD, 0xD1, 0x6E, 0x9F, 0xFE, 0x1B, 0x0C, 0xAC, 0xE9, 0xB1, 0xC9, 0x22, 0x76,
    0x79, 0xC4, 0x36, 0xF7, 0x3F, 0xC6, 0x51, 0xE1, 0x4B, 0x93, 0x5A, 0x53, 0xBD, 0xDF, 0xC4, 0xFF,
    0xDB, 0xFE, 0xF2, 0xDE, 0x6F, 0x34, 0xCC, 0x38, 0x7D, 0xAD, 0xD5, 0x8E, 0xC2, 0x67, 0x9F, 0x8F,
    0xC0, 0x4A, 0x06, 0x45, 0x93, 0xC5, 0x46, 0x40, 0xAD, 0x78, 0x50, 0x02, 0x96, 0x3C, 0x2D, 0x2F,
    0x60, 0x9D, 0x45, 0xE5, 0x66, 0x40, 0x98, 0x41, 0x12, 0x09, 0x27, 0x89, 0x44, 0x95, 0x44, 0xA8,
    0xA6, 0xC7, 0x97, 0xC9, 0x50, 0x8F, 0x7C, 0x54, 0xCF, 0x3C, 0xF9, 0x37, 0xC9, 0x4D, 0xF7, 0xB1,
    0x93, 0xA2, 0x56, 0x84, 0x6D, 0x2C, 0x2D, 0x27, 0x58, 0x60, 0x9D, 0x92, 0xC6, 0x2B, 0xDC, 0xC4,
    0xC2, 0xA1, 0xF0, 0x33, 0x28, 0xED, 0x1C, 0x22, 0xCC, 0xE4, 0x15, 0xE8, 0x21, 0xEE, 0x58, 0xDE,
    0x41, 0x1D, 0x12, 0xF2, 0x4B, 0x7B, 0x53, 0xBE, 0xCA, 0x73, 0x67, 0x3C, 0xD5, 0x41, 0x45, 0xED,
    0x64, 0x89, 0xB4, 0x2D, 0x43, 0xD6, 0xE3, 0x16, 0xE7, 0x12, 0xBA, 0x60, 0x65, 0x65, 0x55, 0xE4,
    0x4D, 0xB9, 0xE3, 0x6F, 0x2C, 0x22, 0xB9, 0x1A, 0xD7, 0x87, 0xBD, 0x54, 0x56, 0xEA, 0x12, 0xB4,
    0x48, 0x7D, 0xA4, 0xAE, 0xC4, 0x49, 0x17, 0x59, 0x60, 0x57, 0x48, 0xCB, 0x52, 0xEB, 0x87, 0x93,
    0xA8, 0xDD, 0x91, 0x2A, 0x6B, 0x34, 0x53, 0xCD, 0x31, 0xE3, 0xE5, 0x89, 0xF6, 0x0E, 0x75, 0x91,
    0x3D, 0x4E, 0xC3, 0x40, 0x10, 0x85, 0x5F, 0xBC, 0x48, 0x53, 0xAC, 0xE4, 0x50, 0x24, 0x65, 0xEC,
    0x14, 0x94, 0x80, 0x1B, 0x0A, 0x83, 0x8C, 0xBD, 0x12, 0x7D, 0x8E, 0xC0, 0x29, 0x5C, 0xB8, 0x40,
    0x68, 0x4F, 0xC0, 0x41, 0x82, 0x84, 0x29, 0x52, 0xD0, 0x20, 0xEF, 0x11, 0x2C, 0xD1, 0x47, 0xF4,
    0x34, 0x2E, 0x28, 0x9C, 0x22, 0x98, 0x19, 0x1B, 0x10, 0x51, 0x40, 0xDA, 0x62, 0x77, 0xE7, 0xE7,
    0xCD, 0xFB, 0x86, 0x5A, 0x44, 0x25, 0x12, 0xB2, 0xC5, 0x95, 0xCB, 0x5F, 0x5C, 0xAE, 0x5C, 0xA1,
    0x1C, 0x3F, 0xF9, 0x93, 0x5A, 0xE0, 0x16, 0xF8, 0x80, 0xB7, 0x06, 0x2D, 0xE0, 0xFB, 0x48, 0x7C,
    0xAC, 0x02, 0x54, 0x9D, 0x9B, 0x5E, 0x1B, 0xF8, 0x88, 0x3A, 0x9C, 0x2E, 0x71, 0x0C, 0x9C, 0xB7,
    0xC8, 0x4A, 0x1C, 0x68, 0x0B, 0xB2, 0x47, 0xDA, 0xA4, 0x25, 0x34, 0xD7, 0x3E, 0x41, 0x39, 0x8C,
    0x81, 0x93, 0x2D, 0x47, 0x4D, 0x42, 0x3B, 0x9D, 0xB3, 0xCE, 0x5E, 0xDC, 0xDB, 0x33, 0x6D, 0x0E,
    0x25, 0x03, 0x48, 0x80, 0x15, 0xD0, 0xC0, 0xAB, 0xA5, 0x4A, 0x6F, 0x91, 0x4A, 0x89, 0x09, 0x1E,
    0xE4, 0x9E, 0x68, 0x5B, 0xF4, 0x83, 0x71, 0x1F, 0xBD, 0x91, 0xE6, 0x2C, 0x51, 0xF0, 0xCC, 0xE4,
    0xD2, 0xD2, 0xEA, 0x37, 0x2B, 0x32, 0x97, 0x40, 0x0B, 0xAA, 0xA5, 0x79, 0x38, 0x38, 0x52, 0x2E,
    0xDF, 0x35, 0x15, 0xF6, 0xD2, 0x5E, 0x83, 0xA8, 0x41, 0xFC, 0x08, 0xEC, 0x9D, 0xE9, 0xC6, 0x64,
    0x9D, 0xE3, 0x9C, 0xA8, 0x42, 0x3C, 0x36, 0xD0, 0x06, 0xC3, 0x78, 0xEC, 0xA5, 0x46, 0x08, 0xA4,
    0x4B, 0x49, 0x18, 0x06, 0x98, 0x70, 0x54, 0xC3, 0x7B, 0x86, 0x62, 0xB3, 0x9C, 0x46, 0x66, 0xCE,
    0xDE, 0xAB, 0xDE, 0x7B, 0x2A, 0xDC, 0x46, 0x6B, 0xA8, 0x3B, 0x68, 0x1F, 0xB3, 0xFF, 0xD1, 0xC5,
    0xDF, 0xF4, 0x26, 0xFB, 0xF4, 0x6A, 0xD1, 0x0F, 0xD8, 0x59, 0x0F, 0xF0, 0x86, 0x5C, 0xFC, 0xCB,
    0xC5, 0x0F, 0xC0, 0x39, 0x4B, 0xCF, 0x7A, 0x80, 0x85, 0x00, 0x1C, 0xBD, 0x0A, 0x40, 0x65, 0xC1,
    0xA0, 0x86, 0xCD, 0x32, 0xC6, 0xF0, 0x2F, 0x8C, 0xD4, 0xAF, 0x3E, 0x26, 0x93, 0x2B, 0x21, 0x99,
    0x09, 0x49, 0xF3, 0x45, 0xF2, 0x5D, 0x48, 0x7E, 0x02, 0x9D, 0x54, 0xB1, 0x6E, 0xDC, 0x46, 0x10,
    0x7D, 0xE4, 0x02, 0x26, 0x02, 0x02, 0x62, 0xFA, 0x40, 0x61, 0x9B, 0x42, 0x0E, 0x5B, 0x15, 0x77,
    0x22, 0x5D, 0xA6, 0xCB, 0x2F, 0xF8, 0x0B, 0xEC, 0x42, 0x85, 0x8A, 0x55, 0x48, 0x27, 0x85, 0x0A,
    0x01, 0xD1, 0x17, 0x18, 0xF9, 0x81, 0x20, 0x51, 0x90, 0xE6, 0x0A, 0x2A, 0xB7, 0x88, 0x8A, 0x14,
    0x2A, 0xBC, 0xB0, 0x3F, 0x20, 0xB4, 0xE3, 0x0F, 0x58, 0x1B, 0x44, 0x40, 0x20, 0x77, 0xDA, 0xBC,
    0x59, 0x52, 0x77, 0x17, 0x25, 0x29, 0x12, 0x02, 0xEF, 0xDD, 0xED, 0xEC, 0xCC, 0x70, 0x67, 0xF6,
    0x71, 0xB0, 0x3F, 0x03, 0x1E, 0x12, 0x07, 0x87, 0x40, 0x39, 0x20, 0xF6, 0xB7, 0x48, 0x57, 0xCB,
    0x2A, 0x3F, 0xA9, 0xCD, 0xD1, 0xE1, 0x8F, 0x76, 0x76, 0xF8, 0x43, 0xA5, 0x8F, 0x2F, 0xB1, 0x38,
    0x76, 0x18, 0x9E, 0x3A, 0xF4, 0x97, 0xDD, 0x88, 0x77, 0x36, 0x60, 0x78, 0x6D, 0xB0, 0x78, 0x33,
    0xE2, 0xF4, 0x95, 0x41, 0xF9, 0xEA, 0xDA, 0x16, 0xD7, 0x67, 0x26, 0xFB, 0xED, 0xFB, 0x4A, 0x31,
    0x97, 0xF2, 0x6F, 0xA1, 0x7E, 0xA9, 0xA0, 0x6E, 0x88, 0x73, 0x8C, 0xCF, 0x47, 0x6B, 0xC0, 0x7B,
    0xAB, 0xFA, 0xA4, 0x4F, 0x19, 0x9A, 0x35, 0xF8, 0x30, 0xAB, 0x80, 0x80, 0x06, 0xA8, 0xFD, 0x2A,
    0x40, 0x59, 0x40, 0x75, 0x40, 0xEC, 0xB6, 0xB6, 0x98, 0x6B, 0xB1, 0x33, 0x0E, 0x25, 0x53, 0x95,
    0xDE, 0x0F, 0x82, 0x64, 0xC0, 0x0C, 0xC9, 0x6A, 0x43, 0xDF, 0x09, 0x7D, 0x23, 0x74, 0x51, 0x91,
    0xCE, 0x9B, 0x19, 0xCA, 0x33, 0xEF, 0x9B, 0xF2, 0x2B, 0x52, 0xF2, 0x65, 0x47, 0xDB, 0x33, 0x47,
    0x6A, 0x48, 0x25, 0x53, 0x34, 0xA5, 0x5F, 0x95, 0x4D, 0xD2, 0xCC, 0xC4, 0x36, 0x17, 0xCA, 0x85,
    0x32, 0x4D, 0x4A, 0x5B, 0x12, 0xD3, 0x26, 0x8D, 0x5A, 0x61, 0x39, 0xF0, 0xAD, 0x4B, 0x4F, 0x6A,
    0x73, 0x9E, 0xB5, 0x4D, 0x78, 0x90, 0x56, 0x6D, 0xE9, 0xE7, 0x35, 0x6D, 0x37, 0x9E, 0xBB, 0x17,
    0x9F, 0xD1, 0x2F, 0xA7, 0xF3, 0x90, 0x71, 0x63, 0x60, 0x65, 0xAD, 0x66, 0x39, 0xED, 0x51, 0x34,
    0xA0, 0x2D, 0x70, 0x8A, 0x36, 0xAB, 0x72, 0x92, 0xC9, 0x18, 0x61, 0x49, 0xAA, 0x2F, 0xD0, 0xC2,
    0x33, 0x01, 0x8A, 0xB7, 0xD2, 0x8D, 0xF9, 0x48, 0x69, 0xC5, 0x3A, 0xFE, 0x89, 0x58, 0xB8, 0x37,
    0x42, 0x4D, 0x7A, 0xA6, 0x69, 0x3B, 0xD7, 0x52, 0xEA, 0x01, 0x37, 0x2E, 0xF6, 0x4B, 0x53, 0x5E,
    0x7C, 0x5C, 0x9A, 0xE4, 0xEB, 0x3D, 0xDA, 0x9E, 0x67, 0x77, 0xF4, 0x6D, 0xCA, 0x8A, 0x5A, 0x92,
    0x5A, 0xB1, 0x65, 0x6A, 0x50, 0x03, 0xEA, 0x5B, 0xE8, 0xDA, 0x5B, 0xAD, 0x63, 0xA7, 0x35, 0x06,
    0xAD, 0x3F, 0xD1, 0xFF, 0xF1, 0x91, 0x00, 0x09, 0x64, 0x02, 0x49, 0xC4, 0x84, 0xBC, 0x48, 0x20,
    0xF7, 0x2E, 0x60, 0xBC, 0x58, 0xC4, 0xB7, 0x19, 0x32, 0xFF, 0x02, 0x45, 0xB3, 0x64, 0x51, 0x39,
    0x34, 0x6D, 0xED, 0x0E, 0x64, 0x2D, 0x76, 0xD9, 0xCF, 0xFC, 0xAF, 0xC1, 0xFF, 0xEE, 0x59, 0xB2,
    0x50, 0x01, 0x6A, 0xCA, 0x89, 0xB2, 0xCA, 0x6C, 0xD1, 0x14, 0x48, 0xCC, 0x1C, 0xB1, 0xD5, 0x72,
    0x17, 0xC1, 0xC7, 0x8A, 0xAA, 0x20, 0x17, 0x74, 0x07, 0x59, 0x8B, 0x5D, 0xF6, 0xC5, 0x6F, 0x4E,
    0xF1, 0x48, 0x9C, 0xC4, 0x4B, 0x9E, 0x90, 0xCF, 0xE2, 0x48, 0x48, 0x04, 0x47, 0xA9, 0x29, 0x9B,
    0x58, 0x52, 0x66, 0x82, 0x2B, 0xE9, 0x54, 0x88, 0xC9, 0xD4, 0x4B, 0x17, 0xF4, 0xE6, 0x47, 0x0A,
    0x4B, 0x65, 0x57, 0x1B, 0x97, 0x52, 0x88, 0xB7, 0x3C, 0x25, 0x50, 0x92, 0x8A, 0x87, 0x20, 0x5D,
    0x09, 0x95, 0xDB, 0xEB, 0x32, 0x41, 0xD2, 0x88, 0xEE, 0xD3, 0x53, 0xD2, 0x1F, 0xFC, 0x1B, 0x79,
    0x2A, 0x2B, 0x0D, 0x42, 0xE3, 0x2A, 0xFE, 0xDD, 0x5D, 0x22, 0x7A, 0x24, 0x8D, 0x8C, 0x3D, 0x3B,
    0x99, 0xF7, 0xE2, 0x21, 0xAB, 0xD7, 0xE2, 0x1B, 0xFD, 0x3D, 0x55, 0x2A, 0x95, 0xA5, 0x52, 0x7B,
    0x6A, 0xF8, 0x26, 0xF9, 0xC6, 0x76, 0x5E, 0xCE, 0xA5, 0xC6, 0x96, 0xFE, 0xB2, 0xB1, 0x98, 0x22,
    0xBC, 0xEF, 0x84, 0xAA, 0xF0, 0x9D, 0xFD, 0x3B, 0x81, 0x22, 0xDC, 0x82, 0x13, 0xA4, 0x18, 0x78,
    0x34, 0x5F, 0x25, 0xFD, 0xD2, 0x64, 0xCD, 0x7B, 0x97, 0xA3, 0xEB, 0x3E, 0x45, 0x87, 0x79, 0x64,
    0x31, 0x8B, 0xF9, 0x36, 0x81, 0x12, 0x78, 0xA7, 0x13, 0x41, 0xE5, 0x66, 0x29, 0xDC, 0x3C, 0x83,
    0x3B, 0x22, 0xF2, 0xBD, 0xD8, 0x65, 0xCF, 0xD9, 0xC0, 0x75, 0x6E, 0x98, 0x87, 0xED, 0xEE, 0x37,
    0xA9, 0x71, 0x3C, 0x4D, 0x0E, 0x48, 0x03, 0x55, 0x9F, 0xB2, 0xD0, 0x2A, 0x94, 0x8C, 0x7E, 0xAC,
    0x3B, 0x7C, 0x09, 0x81, 0x80, 0x9F, 0x68, 0x8A, 0xC5, 0x9E, 0x1B, 0xEC, 0x6C, 0x84, 0xBE, 0xCB,
    0xFC, 0x98, 0xA8, 0x43, 0x18, 0x2F, 0x27, 0xC0, 0xFA, 0xC1, 0x20, 0x53, 0x86, 0x86, 0x54, 0xE4,
    0x8B, 0x4B, 0xC2, 0x6D, 0xF1, 0xA4, 0x1F, 0x75, 0xF7, 0xC6, 0x57, 0x45, 0x7C, 0x63, 0xE6, 0xEA,
    0xDA, 0x4A, 0x21, 0x0B, 0xD5, 0x60, 0x91, 0x54, 0xE8, 0x53, 0x9E, 0x22, 0x9B, 0xB0, 0x47, 0xEC,
    0x53, 0x7F, 0xC4, 0xE2, 0x80, 0xBA, 0x63, 0x01, 0xF3, 0x59, 0x6C, 0x8B, 0x13, 0xEA, 0x6E, 0x28,
    0xC2, 0x58, 0x04, 0xC7, 0xE2, 0x5D, 0xEA, 0xA8, 0x0B, 0xFA, 0x5E, 0x09, 0xB0, 0xF3, 0x6C, 0x6C,
    0x32, 0x62, 0xFE, 0x07, 0x6A, 0xC6, 0x0A, 0x46, 0x5D, 0x8C, 0xEA, 0xDF, 0xD8, 0x28, 0x79, 0x59,
    0x23, 0x92, 0xB1, 0xEA, 0x08, 0x0A, 0xEB, 0x0B, 0x9A, 0x0A, 0xF9, 0x54, 0x19, 0xAF, 0xE4, 0x60,
    0xA2, 0xC0, 0x2B, 0x19, 0xB2, 0x93, 0x31, 0xFA, 0x5C, 0x52, 0x6D, 0xF1, 0x01, 0x71, 0x45, 0xC9,
    0xF6, 0x41, 0x98, 0xA2, 0xCB, 0xDA, 0xED, 0xE3, 0xF1, 0xBB, 0x35, 0x45, 0xD0, 0xF1, 0xFB, 0x65,
    0x3A, 0xC7, 0xD9, 0x42, 0x3C, 0x76, 0x68, 0x19, 0x33, 0x44, 0x2E, 0xEA, 0x23, 0x97, 0x74, 0x91,
    0x7B, 0x12, 0x2E, 0x38, 0xF2, 0x3D, 0x12, 0x7F, 0x5B, 0x25, 0x14, 0x5C, 0x62, 0x1F, 0xF4, 0x3C,
    0xF6, 0x8A, 0xD0, 0xF7, 0xC0, 0x29, 0x1B, 0xF7, 0xEC, 0x45, 0xB7, 0x14, 0x71, 0xD9, 0xA9, 0x44,
    0x1B, 0x7A, 0x14, 0x70, 0xBF, 0xFC, 0xE8, 0x59, 0x83, 0xF8, 0xA5, 0xD9, 0x40, 0x2E, 0xB6, 0xE6,
    0x64, 0xD5, 0xA8, 0x2B, 0xCE, 0x19, 0x23, 0xDA, 0xE7, 0x20, 0x9C, 0x7E, 0xB3, 0x46, 0xA3, 0xE0,
    0xFE, 0x30, 0xF9, 0xE4, 0x5C, 0x27, 0x9C, 0x2B, 0xAA, 0x23, 0xDC, 0x84, 0x6E, 0xB4, 0xE5, 0x86,
    0xFD, 0x0B, 0xBE, 0xBB, 0xF9, 0xF1, 0xA8, 0xC2, 0x9F, 0x9D, 0xD4, 0x31, 0x4E, 0x02, 0x41, 0x18,
    0x05, 0xE0, 0xB7, 0x4C, 0xE2, 0x26, 0x4E, 0xDC, 0x69, 0xB0, 0x31, 0xEC, 0xD2, 0x5A, 0xB0, 0xD2,
    0x50, 0x60, 0x1C, 0xC3, 0x26, 0x96, 0x14, 0x5E, 0xC5, 0xD2, 0x42, 0x93, 0x39, 0x92, 0xE5, 0x16,
    0x1A, 0xF7, 0x08, 0x1C, 0x61, 0x8F, 0x40, 0x41, 0x22, 0x1A, 0x60, 0x7D, 0x0F, 0x04, 0xFB, 0x21,
    0xE4, 0x0F, 0xB0, 0xC3, 0x7C, 0xFB, 0x3F, 0xFE, 0x21, 0x6D, 0x91, 0x86, 0x59, 0x0B, 0x87, 0x49,
    0x8B, 0x02, 0x68, 0xE1, 0x55, 0x9E, 0x55, 0x96, 0x2C, 0x49, 0xCB, 0x62, 0x1A, 0x5C, 0xFD, 0xD8,
    0x80, 0x59, 0x87, 0xD3, 0x63, 0xD8, 0x05, 0x78, 0x95, 0x7A, 0x90, 0x06, 0x2C, 0x07, 0x16, 0xBD,
    0x05, 0x32, 0x70, 0xE9, 0x08, 0xB6, 0xC2, 0x94, 0x3B, 0xE2, 0x0D, 0xE5, 0x61, 0x47, 0x5E, 0x4A,
    0x63, 0xA1, 0xDE, 0x1A, 0xF0, 0x6E, 0x0E, 0xD4, 0xA5, 0x21, 0x54, 0x9A, 0xA6, 0xB7, 0x28, 0x6C,
    0x63, 0x1A, 0xFB, 0x15, 0x08, 0x59, 0x41, 0x85, 0xA0, 0x17, 0x41, 0x6D, 0x14, 0x24, 0x03, 0x8E,
    0xAF, 0x7D, 0xE6, 0x2A, 0xD4, 0x48, 0x2B, 0x2E, 0x75, 0xBC, 0xED, 0x64, 0xCB, 0x8E, 0x92, 0x9D,
    0x3A, 0xB2, 0x95, 0x43, 0x6E, 0x43, 0xA9, 0x75, 0x84, 0xBE, 0x91, 0xAE, 0x08, 0x8D, 0x37, 0x5C,
    0x77, 0x7F, 0x43, 0xA8, 0x5F, 0x08, 0x2A, 0x05, 0x4D, 0xF9, 0xED, 0x44, 0x90, 0x0D, 0x84, 0x4A,
    0x1C, 0xA1, 0x59, 0x17, 0x07, 0x45, 0x74, 0xE4, 0xBA, 0xEA, 0x50, 0x7C, 0xC6, 0x77, 0xB5, 0xCA,
    0xF2, 0xE2, 0x83, 0x50, 0xD6, 0x55, 0xA6, 0x39, 0xB7, 0x8A, 0xCE, 0x34, 0x0E, 0xD9, 0x3F, 0xB4,
    0x89, 0xEA, 0x28, 0x0A, 0xB2, 0x27, 0xC8, 0x0B, 0xE2, 0xDC, 0xFC, 0x41, 0x66, 0x45, 0xC8, 0xAC,
    0xD5, 0x51, 0x41, 0x68, 0x3A, 0x14, 0xB4, 0xE5, 0x9E, 0x76, 0x15, 0x05, 0x81, 0x4D, 0x85, 0x44,
    0x90, 0x79, 0x27, 0x64, 0x3D, 0x3F, 0xCE, 0x3D, 0xA1, 0xA9, 0x27, 0xF4, 0xE4, 0x09, 0x7D, 0x76,
    0x0F, 0x0D, 0x2E, 0x5F, 0x09, 0xE9, 0x26, 0xA2, 0xA3, 0x8B, 0x19, 0xEF, 0xBE, 0xCA, 0x8A, 0x2E,
    0x2F, 0xA0, 0xB6, 0x82, 0x32, 0x41, 0xC3, 0x47, 0x42, 0x1C, 0x74, 0x5B, 0xE5, 0x82, 0x72, 0x23,
    0x68, 0x2E, 0x68, 0x8B, 0xF1, 0x4E, 0xD1, 0xED, 0x08, 0x8D, 0x34, 0xF7, 0x23, 0xDD, 0xF5, 0xED,
    0x9A, 0xD0, 0xDD, 0x8E, 0xD0, 0xF5, 0x50, 0x90, 0xE3, 0x7E, 0x5E, 0xD1, 0x8D, 0x0F, 0xD1, 0x45,
    0x41, 0xF1, 0x07, 0x76, 0xBB, 0x3F, 0xB0, 0x1C, 0xEF, 0x5C, 0x07, 0x36, 0xD3, 0x3F, 0x83, 0xD9,
    0x28, 0xB2, 0x39, 0x04, 0x85, 0x13, 0x54, 0xED, 0xA1, 0x98, 0x61, 0x88, 0x82, 0xA2, 0xA2, 0x8B,
    0x81, 0x98, 0x06, 0xA3, 0xEB, 0x14, 0x9D, 0x23, 0x34, 0xC9, 0xD5, 0x91, 0xA6, 0x8E, 0x4F, 0x46,
    0xB7, 0x3C, 0x46, 0xD7, 0x6B, 0x08, 0xE9, 0x27, 0xC1, 0x59, 0x5C, 0x74, 0xBF, 0xA5, 0x55, 0xB1,
    0x8E, 0xD3, 0x40, 0x14, 0x7C, 0xB6, 0x83, 0x9C, 0x60, 0x2E, 0x4B, 0x41, 0x11, 0x09, 0x74, 0xA6,
    0xA0, 0xA0, 0xB9, 0xCB, 0x0F, 0x24, 0xCE, 0x0A, 0x7A, 0xC8, 0x27, 0xF0, 0x07, 0xB4, 0x91, 0x08,
    0x17, 0x7F, 0x01, 0xF0, 0x21, 0x94, 0x2E, 0xAE, 0x88, 0x14, 0xF7, 0x34, 0x06, 0x7A, 0x94, 0xFE,
    0x24, 0x58, 0xA1, 0x20, 0xA5, 0xC8, 0xDD, 0x32, 0xF3, 0xEC, 0x04, 0x9D, 0x4E, 0x97, 0xD3, 0x1D,
    0x96, 0xDE, 0x24, 0xB6, 0x77, 0xF7, 0xCD, 0xBC, 0x37, 0xBB, 0x96, 0xB6, 0xE0, 0x1A, 0x11, 0x36,
    0x88, 0xC8, 0x01, 0x4C, 0xC9, 0x47, 0xDE, 0xFB, 0x5C, 0xC1, 0xE4, 0x7C, 0xB1, 0xE4, 0x90, 0x35,
    0x21, 0x23, 0x1C, 0xC8, 0xF6, 0x6A, 0x21, 0x52, 0xC4, 0xAC, 0x94, 0xC0, 0x3B, 0x89, 0x7F, 0xCC,
    0x25, 0x7D, 0x35, 0x92, 0x61, 0xD7, 0xE4, 0x2D, 0x13, 0x60, 0x35, 0xB9, 0x7D, 0x48, 0x87, 0x60,
    0x2C, 0x20, 0xAE, 0x00, 0xC1, 0x8A, 0xF7, 0xEF, 0x95, 0x94, 0x55, 0x52, 0x0D, 0x8F, 0x80, 0x8C,
    0x62, 0x72, 0x53, 0x96, 0xF7, 0xB7, 0xA4, 0xEE, 0x90, 0x94, 0x64, 0x49, 0x9A, 0xE4, 0x29, 0x82,
    0x62, 0x28, 0x4A, 0xC5, 0x51, 0x64, 0x2F, 0x04, 0x4C, 0x13, 0xC8, 0x5C, 0xA1, 0x4C, 0xE0, 0xB5,
    0x91, 0xD4, 0x4A, 0x5F, 0x66, 0xE0, 0x53, 0x2E, 0x08, 0x7D, 0xC1, 0x2D, 0x06, 0xCC, 0x25, 0x74,
    0x21, 0x66, 0xCF, 0xF1, 0x5F, 0x9E, 0x47, 0xFF, 0x59, 0xA9, 0x9E, 0x89, 0x25, 0xEB, 0xA6, 0xB9,
    0xF9, 0x90, 0x49, 0xF4, 0x13, 0x82, 0x3D, 0xF4, 0x8E, 0x20, 0xB7, 0x5B, 0x2F, 0x3B, 0xF3, 0x55,
    0x1D, 0x28, 0xD7, 0x3B, 0xBC, 0x9A, 0x60, 0xC8, 0x04, 0xC5, 0x99, 0xA0, 0x24, 0x13, 0xF4, 0xED,
    0x91, 0xB6, 0x2D, 0x6B, 0x6A, 0xA4, 0x8D, 0xE4, 0x83, 0x21, 0xA2, 0x2D, 0xA1, 0xBF, 0x90, 0xC8,
    0x7B, 0xFC, 0x47, 0x44, 0xBF, 0x30, 0xE6, 0x23, 0xC6, 0x22, 0xEB, 0xDA, 0x60, 0xA8, 0xC1, 0x94,
    0x7B, 0x3A, 0x75, 0x5D, 0xCF, 0xE4, 0x0A, 0x99, 0x4E, 0xAC, 0xE3, 0xCA, 0xAA, 0xF5, 0x83, 0x8E,
    0xCE, 0xE5, 0x1A, 0xBA, 0x16, 0xD7, 0xE4, 0xDA, 0xC8, 0xC1, 0x5C, 0x75, 0xBE, 0x76, 0xC3, 0xE1,
    0xD2, 0xCA, 0xCF, 0x70, 0x4B, 0xCE, 0xCA, 0x3D, 0xAB, 0xB5, 0x50, 0x13, 0xB5, 0xCD, 0x7C, 0xA9,
    0x3A, 0x9B, 0x6C, 0xD1, 0xB9, 0x8A, 0x97, 0x9A, 0xC1, 0x03, 0x89, 0x4B, 0xD8, 0x18, 0xB0, 0x01,
    0xA0, 0x3F, 0x49, 0x0E, 0x1B, 0xF7, 0xE9, 0x98, 0x73, 0xC2, 0x52, 0xF6, 0xDB, 0x38, 0x38, 0x05,
    0x24, 0x7C, 0xD1, 0xCF, 0x1B, 0x62, 0x32, 0xA5, 0x0D, 0xA7, 0x6C, 0xF2, 0x94, 0xED, 0x1E, 0xD0,
    0x86, 0x7D, 0x0B, 0x1B, 0x26, 0xB4, 0x61, 0x80, 0x96, 0xDB, 0x66, 0xA8, 0xFA, 0x53, 0x9D, 0x9A,
    0xDA, 0xAD, 0x7B, 0x79, 0xF5, 0xD4, 0xB5, 0xEA, 0x52, 0x9A, 0x34, 0x55, 0x15, 0xDE, 0x31, 0x60,
    0x04, 0x87, 0x19, 0x0E, 0x53, 0x1D, 0xC6, 0x38, 0x79, 0x22, 0xDC, 0x7B, 0x37, 0xC5, 0x58, 0x82,
    0xAB, 0xE5, 0x06, 0x93, 0x25, 0xC2, 0x15, 0x30, 0x5F, 0x81, 0x2A, 0x14, 0x28, 0x42, 0x81, 0x1A,
    0x14, 0x41, 0x89, 0xFF, 0xB2, 0x37, 0xC6, 0x35, 0xD3, 0xFD, 0x79, 0xDB, 0x88, 0x21, 0x62, 0x2D,
    0x0E, 0xA9, 0x1D, 0x36, 0xA6, 0xDB, 0xE9, 0xB0, 0xB5, 0x72, 0x2D, 0x01, 0xB4, 0x42, 0x87, 0x5E,
    0xC5, 0x8D, 0x91, 0x83, 0xE3, 0x12, 0xBF, 0x6B, 0x44, 0x86, 0xF8, 0xA7, 0x43, 0xB8, 0x89, 0xF4,
    0x50, 0xDA, 0xD4, 0x47, 0x52, 0x50, 0x36, 0x05, 0x7D, 0x8B, 0x4C, 0xA1, 0xC7, 0xD3, 0xA4, 0x1A,
    0x71, 0x73, 0x24, 0xB9, 0x1C, 0x4A, 0x54, 0xCA, 0x11, 0x01, 0x0D, 0xB2, 0x00, 0x5C, 0x3B, 0x78,
    0x38, 0xC0, 0xA6, 0x3B, 0x1D, 0xA0, 0xD8, 0xD9, 0xE0, 0x04, 0x13, 0x3E, 0xD3, 0x6D, 0xDC, 0x3F,
    0xB2, 0x3B, 0x42, 0x74, 0x5B, 0xCA, 0x02, 0x32, 0x12, 0x66, 0x4E, 0xED, 0x9C, 0x3D, 0x3D, 0x86,
    0xF7, 0xB8, 0xF9, 0x0A, 0xC2, 0x58, 0x12, 0xB6, 0xF5, 0x32, 0xB4, 0x08, 0x69, 0xF2, 0xB2, 0x14,
    0xF3, 0xE5, 0x75, 0x2E, 0xD1, 0xD9, 0x09, 0x57, 0x65, 0x53, 0x46, 0xBB, 0xF3, 0x88, 0x27, 0x86,
    0xA8, 0x4D, 0x6A, 0xC0, 0xDD, 0x53, 0xB8, 0x58, 0x56, 0xBF, 0x1D, 0x7A, 0xE8, 0xE6, 0xE0, 0xEF,
    0x32, 0x64, 0x70, 0x06, 0x0A, 0xDE, 0x18, 0x0B, 0xCA, 0x71, 0x7E, 0x0D, 0x24, 0xF6, 0x88, 0x8A,
    0x21, 0xE5, 0x98, 0xB2, 0xA7, 0x12, 0xAD, 0x42, 0xD4, 0x7C, 0xC1, 0x1D, 0xF1, 0xF8, 0x82, 0x07,
    0x76, 0xD5, 0x80, 0xA4, 0x84, 0xD9, 0x57, 0x2B, 0xE1, 0x9F, 0xEF, 0x4B, 0x89, 0xBF, 0x55, 0x2B,
    0x31, 0x2F, 0xAA, 0x81, 0xA4, 0x61, 0x75, 0x28, 0xC3, 0xE0, 0x93, 0x11, 0x5D, 0x6F, 0x7F, 0x22,
    0xC3, 0xC3, 0x0A, 0x7D, 0xD8, 0x26, 0xF2, 0xDB, 0x44, 0x8D, 0xBF, 0xD3, 0xEB, 0x4F, 0x67, 0xDB,
    0x58, 0x81, 0x2F, 0xDA, 0x1C, 0x32, 0xE2, 0xE0, 0x4D, 0xE7, 0x4E, 0xDF, 0x97, 0xDB, 0x7D, 0xA0,
    0x48, 0x2D, 0xE3, 0x87, 0xE3, 0xE0, 0x4E, 0x1F, 0x8E, 0xBF, 0xB5, 0x52, 0x31, 0x4E, 0xC3, 0x30,
    0x14, 0x7D, 0x89, 0x25, 0x2C, 0x91, 0xC1, 0x07, 0x60, 0xF0, 0xCA, 0xD4, 0xAC, 0x0C, 0x09, 0xCD,
    0x0D, 0xB8, 0x04, 0x7B, 0xD7, 0x0E, 0x45, 0xC9, 0x05, 0x90, 0x38, 0x01, 0xA7, 0xE8, 0x90, 0xA1,
    0x22, 0x3E, 0x42, 0x24, 0x2E, 0x90, 0x81, 0x81, 0x05, 0x29, 0x43, 0x86, 0x54, 0x2A, 0x35, 0xEF,
    0xC7, 0x29, 0x65, 0x61, 0x83, 0x48, 0xEF, 0xFB, 0xE7, 0xFB, 0xF9, 0xF9, 0xFB, 0xD9, 0xB8, 0x07,
    0xB0, 0x2C, 0x00, 0xDD, 0x31, 0x39, 0x10, 0x29, 0x91, 0x54, 0x58, 0xBD, 0xBA, 0xF8, 0xF8, 0xD2,
    0x25, 0x2E, 0xE9, 0x0D, 0xE2, 0x7E, 0x01, 0x0C, 0x39, 0x30, 0xFE, 0x80, 0xFC, 0x0F, 0xAC, 0xCB,
    0xBC, 0xF0, 0xC8, 0x6F, 0x0A, 0xAC, 0x46, 0xC0, 0x50, 0xCB, 0xF6, 0xC0, 0x82, 0xC8, 0xB6, 0xC4,
    0x06, 0xA8, 0xB3, 0xB0, 0x82, 0x4A, 0x51, 0x6F, 0xA1, 0x3A, 0x53, 0x28, 0x67, 0x2A, 0xED, 0xB4,
    0x4B, 0x2A, 0x66, 0x85, 0xEA, 0x2C, 0xF7, 0x49, 0x39, 0x7B, 0x4B, 0x26, 0xD9, 0xE3, 0x0E, 0xD8,
    0x35, 0xDE, 0x1F, 0x04, 0x6C, 0x0A, 0x1C, 0x9D, 0xA0, 0x86, 0xFA, 0x13, 0x88, 0xE6, 0xD2, 0xFB,
    0x61, 0x02, 0x73, 0x5B, 0xF1, 0xE4, 0xAC, 0x2A, 0xB6, 0x0D, 0x1E, 0x03, 0x0F, 0xB3, 0x1D, 0x46,
    0x8A, 0x2D, 0xD8, 0xDE, 0x3C, 0xC1, 0xCE, 0xA2, 0x81, 0xB5, 0x2E, 0xCC, 0xA5, 0x33, 0x77, 0x0C,
    0x14, 0xCD, 0x92, 0xA1, 0xA5, 0xCB, 0x9F, 0xFA, 0xDE, 0x8F, 0x82, 0x60, 0x2E, 0xE7, 0x65, 0x73,
    0x2B, 0x61, 0x21, 0x21, 0x47, 0xD9, 0x22, 0x43, 0xD9, 0x63, 0x4D, 0x8B, 0x40, 0xED, 0x81, 0x03,
    0xEA, 0x88, 0x61, 0x13, 0x73, 0x9B, 0x4C, 0xDA, 0xCD, 0x25, 0x58, 0x59, 0x6F, 0x44, 0xDF, 0xDC,
    0x89, 0xDA, 0x33, 0x83, 0xFE, 0x60, 0x50, 0x87, 0x39, 0xC4, 0x6F, 0xD1, 0x08, 0xEB, 0x13, 0x8F,
    0xDC, 0x3C, 0x9A, 0x6A, 0xA3, 0xDE, 0xB5, 0xAB, 0xE3, 0x5E, 0x0E, 0x2D, 0x41, 0xB2, 0xB5, 0xDA,
    0x2A, 0x97, 0x5F, 0xE6, 0xA6, 0x4A, 0x0F, 0xD6, 0x43, 0x0F, 0x9A, 0x9D, 0x45, 0x6C, 0x4F, 0x13,
    0xD3, 0x06, 0xFF, 0x81, 0x02, 0xDE, 0x03, 0xE1, 0x32, 0xD9, 0xF4, 0x1E, 0x37, 0xA9, 0x6F, 0xC7,
    0x5C, 0xFB, 0xFE, 0x1A, 0x65, 0x05, 0xFC, 0x56, 0xBF, 0x98, 0x0D, 0xCB, 0xF0, 0x6D, 0xA3, 0x78,
    0x22, 0x6E, 0x4C, 0xBD, 0xE2, 0x5C, 0xE7, 0x6B, 0x13, 0xE3, 0xE2, 0xF6, 0xA4, 0x16, 0x93, 0xB4,
    0x72, 0xD0, 0xC7, 0x02, 0x65, 0x87, 0xE4, 0x13, 0x28, 0x9F, 0xA6, 0x0B, 0x44, 0xC3, 0xA5, 0x76,
    0x2F, 0x09, 0xC9, 0xC9, 0x91, 0x49, 0xE9, 0xC2, 0xE5, 0x85, 0xEF, 0xF4, 0xDC, 0x24, 0xDF, 0xCE,
    0xFC, 0x74, 0xB2, 0x89, 0x02, 0x22, 0x84, 0xC6, 0x85, 0x07, 0x33, 0xE9, 0x4F, 0x3A, 0x57, 0xA2,
    0x4F, 0x5E, 0x8D, 0xF3, 0x77, 0xD2, 0xF9, 0x02, 0x63, 0xFC, 0x7F, 0xF8, 0x01, 0xFB, 0xFF, 0xE3,
    0x5F, 0xB8, 0x1B, 0xD8, 0xBF, 0xF0, 0x3B, 0x30, 0x3F, 0xE0, 0x77, 0x60, 0x60, 0x00, 0xE1, 0xFF,
    0xFF, 0xFF, 0x3F, 0x00, 0x61, 0xFE, 0x06, 0x26, 0xA0, 0x18, 0xE9, 0x98, 0xF1, 0xFF, 0x21, 0xA0,
    0xB9, 0x87, 0x1E, 0x70, 0xA3, 0xE9, 0xFF, 0x0F, 0x14, 0x03, 0x61, 0x72, 0xCD, 0x05, 0x00,
};

static const EpdGlyph iawriterquattro_14_regularGlyphs[] = {
    { 0, 0, 210, 0, 0, 0, 0 }, // U+0020
    { 5, 21, 280, 6, 21, 27, 0 }, // !
    { 8, 8, 280, 5, 22, 16, 27 }, // "
    { 18, 21, 280, 0, 21, 95, 43 }, // #
    { 16, 28, 280, 1, 25, 112, 138 }, // $
    { 25, 21, 420, 1, 21, 132, 250 }, // %
    { 17, 21, 280, 0, 21, 90, 382 }, // &
    { 3, 8, 280, 7, 22, 6, 472 }, // '
    { 10, 27, 280, 5, 23, 68, 478 }, // (
    { 9, 27, 280, 3, 23, 61, 546 }, // )
    { 16, 16, 280, 1, 17, 64, 607 }, // *
    { 15, 15, 280, 1, 17, 57, 671 }, // +
    { 7, 8, 140, 1, 4, 14, 728 }, // ,
    { 9, 3, 280, 4, 11, 7, 742 }, // -
    { 5, 4, 140, 2, 4, 5, 749 }, // .
    { 13, 27, 280, 2, 23, 88, 754 }, // /
    { 15, 21, 280, 1, 21, 79, 842 }, // 0
    { 16, 21, 280, 1, 21, 84, 921 }, // 1
    { 15, 21, 280, 1, 21, 79, 1005 }, // 2
    { 15, 21, 280, 1, 21, 79, 1084 }, // 3
    { 17, 21, 280, 0, 21, 90, 1163 }, // 4
    { 14, 21, 280, 2, 21, 74, 1253 }, // 5
    { 15, 21, 280, 1, 21, 79, 1327 }, // 6
    { 15, 21, 280, 1, 21, 79, 1406 }, // 7
    { 15, 21, 280, 1, 21, 79, 1485 }, // 8
    { 15, 21, 280, 1, 21, 79, 1564 }, // 9
    { 5, 16, 280, 6, 16, 20, 1643 }, // :
    { 7, 20, 280, 5, 16, 35, 1663 }, // ;
    { 14, 18, 280, 2, 18, 63, 1698 }, // <
    { 15, 9, 280, 1, 14, 34, 1761 }, // =
    { 14, 18, 280, 2, 18, 63, 1795 }, // >
    { 13, 21, 280, 2, 21, 69, 1858 }, // ?
    { 24, 25, 420, 1, 21, 150, 1927 }, // @
    { 17, 21, 280, 0, 21, 90, 2077 }, // A
    { 14, 21, 280, 2, 21, 74, 2167 }, // B
    { 14, 21, 280, 2, 21, 74, 2241 }, // C
    { 14, 21, 280, 2, 21, 74, 2315 }, // D
    { 14, 21, 280, 2, 21, 74, 2389 }, // E
    { 14, 21, 280, 2, 21, 74, 2463 }, // F
    { 15, 21, 280, 1, 21, 79, 2537 }, // G
    { 14, 21, 280, 2, 21, 74, 2616 }, // H
    { 3, 21, 140, 3, 21, 16, 2690 }, // I
    { 12, 21, 280, 2, 21, 63, 2706 }, // J
    { 15, 21, 280, 2, 21, 79, 2769 }, // K
    { 13, 21, 280, 3, 21, 69, 2848 }, // L
    { 20, 21, 420, 3, 21, 105, 2917 }, // M
    { 14, 21, 280, 2, 21, 74, 3022 }, // N
    { 15, 21, 280, 1, 21, 79, 3096 }, // O
    { 14, 21, 280, 2, 21, 74, 3175 }, // P
    { 18, 22, 280, 1, 21, 99, 3249 }, // Q
    { 15, 21, 280, 2, 21, 79, 3348 }, // R
    { 15, 21, 280, 1, 21, 79, 3427 }, // S
    { 17, 21, 280, 0, 21, 90, 3506 }, // T
    { 14, 21, 280, 2, 21, 74, 3596 }, // U
    { 16, 21, 280, 1, 21, 84, 3670 }, // V
    { 26, 21, 420, 0, 21, 137, 3754 }, // W
    { 17, 21, 280, 0, 21, 90, 3891 }, // X
    { 17, 21, 280, 0, 21, 90, 3981 }, // Y
    { 16, 21, 280, 1, 21, 84, 4071 }, // Z
    { 9, 28, 280, 6, 24, 63, 4155 }, // [
    { 13, 27, 280, 2, 23, 88, 4218 }, // <backslash>
    { 9, 28, 280, 2, 24, 63, 4306 }, // ]
    { 16, 13, 280, 1, 21, 52, 4369 }, // ^
    { 15, 3, 280, 1, -2, 12, 4421 }, // _
    { 6, 6, 280, 5, 23, 9, 4433 }, // `
    { 16, 16, 280, 1, 16, 64, 4442 }, // a
    { 14, 22, 280, 2, 22, 77, 4506 }, // b
    { 14, 16, 280, 2, 16, 56, 4583 }, // c
    { 14, 22, 280, 1, 22, 77, 4639 }, // d
    { 15, 16, 280, 1, 16, 60, 4716 }, // e
    { 11, 22, 210, 2, 22, 61, 4776 }, // f
    { 14, 22, 280, 1, 16, 77, 4837 }, // g
    { 13, 22, 280, 2, 22, 72, 4914 }, // h
    { 4, 22, 140, 2, 22, 22, 4986 }, // i
    { 9, 28, 140, -2, 22, 63, 5008 }, // j
    { 14, 22, 280, 3, 22, 77, 5071 }, // k
    { 6, 22, 140, 2, 22, 33, 5148 }, // l
    { 22, 16, 420, 2, 16, 88, 5181 }, // m
    { 13, 16, 280, 2, 16, 52, 5269 }, // n
    { 15, 16, 280, 1, 16, 60, 5321 }, // o
    { 14, 22, 280, 2, 16, 77, 5381 }, // p
    { 14, 22, 280, 1, 16, 77, 5458 }, // q
    { 10, 16, 210, 3, 16, 40, 5535 }, // r
    { 15, 16, 280, 1, 16, 60, 5575 }, // s
    { 11, 21, 210, 1, 21, 58, 5635 }, // t
    { 13, 16, 280, 2, 16, 52, 5693 }, // u
    { 15, 16, 280, 1, 16, 60, 5745 }, // v
    { 23, 16, 420, 2, 16, 92, 5805 }, // w
    { 15, 16, 280, 1, 16, 60, 5897 }, // x
    { 15, 22, 280, 1, 16, 83, 5957 }, // y
    { 14, 16, 280, 2, 16, 56, 6040 }, // z
    { 12, 28, 280, 3, 24, 84, 6096 }, // {
    { 3, 27, 280, 7, 23, 21, 6180 }, // |
    { 12, 28, 280, 3, 24, 84, 6201 }, // }
    { 15, 5, 280, 1, 12, 19, 6285 }, // ~
    { 0, 0, 280, 0, 0, 0, 0 }, // U+00A0
    { 5, 21, 280, 6, 16, 27, 0 }, // U+00A1
    { 14, 23, 280, 2, 20, 81, 27 }, // U+00A2
    { 16, 21, 280, 1, 21, 84, 108 }, // U+00A3
    { 17, 21, 280, 0, 21, 90, 192 }, // U+00A5
    { 3, 27, 280, 7, 23, 21, 282 }, // U+00A6
    { 14, 27, 280, 2, 21, 95, 303 }, // U+00A7
    { 9, 3, 280, 4, 22, 7, 398 }, // U+00A8
    { 20, 22, 420, 3, 22, 110, 405 }, // U+00A9
    { 10, 11, 280, 4, 21, 28, 515 }, // U+00AA
    { 14, 14, 280, 2, 15, 49, 543 }, // U+00AB
    { 15, 9, 280, 1, 11, 34, 592 }, // U+00AC
    { 9, 3, 280, 4, 11, 7, 626 }, // U+00AD
    { 12, 12, 280, 3, 22, 36, 633 }, // U+00AE
    { 9, 3, 280, 4, 22, 7, 669 }, // U+00AF
    { 11, 11, 280, 3, 22, 31, 676 }, // U+00B0
    { 15, 19, 280, 1, 19, 72, 707 }, // U+00B1
    { 9, 10, 280, 4, 20, 23, 779 }, // U+00B2
    { 9, 10, 280, 4, 20, 23, 802 }, // U+00B3
    { 6, 6, 280, 7, 23, 9, 825 }, // U+00B4
    { 13, 22, 280, 2, 16, 72, 834 }, // U+00B5
    { 14, 26, 280, 1, 21, 91, 906 }, // U+00B6
    { 5, 4, 280, 6, 11, 5, 997 }, // U+00B7
    { 7, 7, 280, 6, 1, 13, 1002 }, // U+00B8
    { 10, 10, 280, 4, 20, 25, 1015 }, // U+00B9
    { 10, 11, 280, 4, 21, 28, 1040 }, // U+00BA
    { 15, 14, 280, 1, 15, 53, 1068 }, // U+00BB
    { 18, 21, 280, 0, 21, 95, 1121 }, // U+00BC
    { 17, 21, 280, 0, 21, 90, 1216 }, // U+00BD
    { 18, 21, 280, 0, 21, 95, 1306 }, // U+00BE
    { 14, 22, 280, 2, 16, 77, 1401 }, // U+00BF
    { 17, 28, 280, 0, 28, 119, 1478 }, // U+00C0
    { 17, 28, 280, 0, 28, 119, 1597 }, // U+00C1
    { 17, 28, 280, 0, 28, 119, 1716 }, // U+00C2
    { 17, 28, 280, 0, 28, 119, 1835 }, // U+00C3
    { 17, 27, 280, 0, 27, 115, 1954 }, // U+00C4
    { 17, 30, 280, 0, 30, 128, 2069 }, // U+00C5
    { 25, 21, 420, 0, 21, 132, 2197 }, // U+00C6
    { 14, 27, 280, 2, 21, 95, 2329 }, // U+00C7
    { 14, 28, 280, 2, 28, 98, 2424 }, // U+00C8
    { 14, 28, 280, 2, 28, 98, 2522 }, // U+00C9
    { 14, 28, 280, 2, 28, 98, 2620 }, // U+00CA
    { 14, 27, 280, 2, 27, 95, 2718 }, // U+00CB
    { 5, 28, 140, 1, 28, 35, 2813 }, // U+00CC
    { 5, 28, 140, 3, 28, 35, 2848 }, // U+00CD
    { 11, 28, 140, -1, 28, 77, 2883 }, // U+00CE
    { 9, 27, 140, 0, 27, 61, 2960 }, // U+00CF
    { 16, 21, 280, 0, 21, 84, 3021 }, // U+00D0
    { 14, 28, 280, 2, 28, 98, 3105 }, // U+00D1
    { 15, 28, 280, 1, 28, 105, 3203 }, // U+00D2
    { 15, 28, 280, 1, 28, 105, 3308 }, // U+00D3
    { 15, 28, 280, 1, 28, 105, 3413 }, // U+00D4
    { 15, 28, 280, 1, 28, 105, 3518 }, // U+00D5
    { 15, 27, 280, 1, 27, 102, 3623 }, // U+00D6
    { 13, 14, 280, 2, 16, 46, 3725 }, // U+00D7
    { 16, 23, 280, 1, 22, 92, 3771 }, // U+00D8
    { 14, 28, 280, 2, 28, 98, 3863 }, // U+00D9
    { 14, 28, 280, 2, 28, 98, 3961 }, // U+00DA
    { 14, 28, 280, 2, 28, 98, 4059 }, // U+00DB
    { 14, 27, 280, 2, 27, 95, 4157 }, // U+00DC
    { 17, 28, 280, 0, 28, 119, 4252 }, // U+00DD
    { 14, 21, 280, 2, 21, 74, 4371 }, // U+00DE
    { 17, 22, 280, 0, 22, 94, 4445 }, // U+00DF
    { 16, 23, 280, 1, 23, 92, 4539 }, // U+00E0
    { 16, 23, 280, 1, 23, 92, 4631 }, // U+00E1
    { 16, 23, 280, 1, 23, 92, 4723 }, // U+00E2
    { 16, 23, 280, 1, 23, 92, 4815 }, // U+00E3
    { 16, 22, 280, 1, 22, 88, 4907 }, // U+00E4
    { 16, 25, 280, 1, 25, 100, 4995 }, // U+00E5
    { 24, 16, 420, 1, 16, 96, 5095 }, // U+00E6
    { 14, 22, 280, 2, 16, 77, 5191 }, // U+00E7
    { 15, 23, 280, 1, 23, 87, 5268 }, // U+00E8
    { 15, 23, 280, 1, 23, 87, 5355 }, // U+00E9
    { 15, 23, 280, 1, 23, 87, 5442 }, // U+00EA
    { 15, 22, 280, 1, 22, 83, 5529 }, // U+00EB
    { 5, 23, 140, 1, 23, 29, 5612 }, // U+00EC
    { 5, 23, 140, 3, 23, 29, 5641 }, // U+00ED
    { 11, 23, 140, -1, 23, 64, 5670 }, // U+00EE
    { 9, 22, 140, 0, 22, 50, 5734 }, // U+00EF
    { 15, 23, 280, 1, 23, 87, 5784 }, // U+00F0
    { 13, 23, 280, 2, 23, 75, 5871 }, // U+00F1
    { 15, 23, 280, 1, 23, 87, 5946 }, // U+00F2
    { 15, 23, 280, 1, 23, 87, 6033 }, // U+00F3
    { 15, 23, 280, 1, 23, 87, 6120 }, // U+00F4
    { 15, 23, 280, 1, 23, 87, 6207 }, // U+00F5
    { 15, 22, 280, 1, 22, 83, 6294 }, // U+00F6
    { 15, 15, 280, 1, 17, 57, 6377 }, // U+00F7
    { 16, 18, 280, 1, 17, 72, 6434 }, // U+00F8
    { 13, 23, 280, 2, 23, 75, 6506 }, // U+00F9
    { 13, 23, 280, 2, 23, 75, 6581 }, // U+00FA
    { 13, 23, 280, 2, 23, 75, 6656 }, // U+00FB
    { 13, 22, 280, 2, 22, 72, 6731 }, // U+00FC
    { 15, 29, 280, 1, 23, 109, 6803 }, // U+00FD
    { 14, 28, 280, 2, 22, 98, 6912 }, // U+00FE
    { 15, 28, 280, 1, 22, 105, 7010 }, // U+00FF
    { 17, 27, 280, 0, 27, 115, 0 }, // U+0100
    { 16, 22, 280, 1, 22, 88, 115 }, // U+0101
    { 17, 29, 280, 0, 29, 124, 203 }, // U+0102
    { 16, 24, 280, 1, 24, 96, 327 }, // U+0103
    { 18, 27, 280, 0, 21, 122, 423 }, // U+0104
    { 16, 22, 280, 1, 16, 88, 545 }, // U+0105
    { 14, 28, 280, 2, 28, 98, 633 }, // U+0106
    { 14, 23, 280, 2, 23, 81, 731 }, // U+0107
    { 14, 28, 280, 2, 28, 98, 812 }, // U+0108
    { 14, 23, 280, 2, 23, 81, 910 }, // U+0109
    { 14, 27, 280, 2, 27, 95, 991 }, // U+010A
    { 14, 22, 280, 2, 22, 77, 1086 }, // U+010B
    { 14, 29, 280, 2, 29, 102, 1163 }, // U+010C
    { 14, 24, 280, 2, 24, 84, 1265 }, // U+010D
    { 14, 29, 280, 2, 29, 102, 1349 }, // U+010E
    { 18, 22, 280, 1, 22, 99, 1451 }, // U+010F
    { 16, 21, 280, 0, 21, 84, 1550 }, // U+0110
    { 16, 22, 280, 1, 22, 88, 1634 }, // U+0111
    { 14, 27, 280, 2, 27, 95, 1722 }, // U+0112
    { 15, 22, 280, 1, 22, 83, 1817 }, // U+0113
    { 14, 29, 280, 2, 29, 102, 1900 }, // U+0114
    { 15, 24, 280, 1, 24, 90, 2002 }, // U+0115
    { 14, 27, 280, 2, 27, 95, 2092 }, // U+0116
    { 15, 22, 280, 1, 22, 83, 2187 }, // U+0117
    { 14, 27, 280, 2, 21, 95, 2270 }, // U+0118
    { 15, 22, 280, 1, 16, 83, 2365 }, // U+0119
    { 14, 29, 280, 2, 29, 102, 2448 }, // U+011A
    { 15, 24, 280, 1, 24, 90, 2550 }, // U+011B
    { 15, 28, 280, 1, 28, 105, 2640 }, // U+011C
    { 14, 29, 280, 1, 23, 102, 2745 }, // U+011D
    { 15, 29, 280, 1, 29, 109, 2847 }, // U+011E
    { 14, 30, 280, 1, 24, 105, 2956 }, // U+011F
    { 15, 27, 280, 1, 27, 102, 3061 }, // U+0120
    { 14, 28, 280, 1, 22, 98, 3163 }, // U+0121
    { 15, 29, 280, 1, 21, 109, 3261 }, // U+0122
    { 14, 30, 280, 1, 24, 105, 3370 }, // U+0123
    { 14, 28, 280, 2, 28, 98, 3475 }, // U+0124
    { 16, 28, 280, -1, 28, 112, 3573 }, // U+0125
    { 18, 21, 280, 0, 21, 95, 3685 }, // U+0126
    { 15, 22, 280, 0, 22, 83, 3780 }, // U+0127
    { 11, 28, 140, -1, 28, 77, 3863 }, // U+0128
    { 11, 23, 140, -1, 23, 64, 3940 }, // U+0129
    { 9, 27, 140, 0, 27, 61, 4004 }, // U+012A
    { 9, 22, 140, 0, 22, 50, 4065 }, // U+012B
    { 11, 29, 140, -1, 29, 80, 4115 }, // U+012C
    { 11, 24, 140, -1, 24, 66, 4195 }, // U+012D
    { 14, 27, 280, 2, 21, 95, 4261 }, // U+012E
    { 7, 28, 140, 0, 22, 49, 4356 }, // U+012F
    { 4, 27, 140, 2, 27, 27, 4405 }, // U+0130
    { 3, 16, 140, 3, 16, 12, 4432 }, // U+0131
    { 13, 21, 280, 2, 21, 69, 4444 }, // U+0132
    { 13, 28, 280, 2, 22, 91, 4513 }, // U+0133
    { 12, 28, 280, 2, 28, 84, 4604 }, // U+0134
    { 12, 29, 140, -2, 23, 87, 4688 }, // U+0135
    { 15, 29, 280, 2, 21, 109, 4775 }, // U+0136
    { 14, 30, 280, 3, 22, 105, 4884 }, // U+0137
    { 14, 16, 280, 3, 16, 56, 4989 }, // U+0138
    { 13, 28, 280, 3, 28, 91, 5045 }, // U+0139
    { 6, 30, 140, 2, 30, 45, 5136 }, // U+013A
    { 13, 29, 280, 3, 21, 95, 5181 }, // U+013B
    { 6, 30, 140, 2, 22, 45, 5276 }, // U+013C
    { 13, 23, 280, 3, 23, 75, 5321 }, // U+013D
    { 10, 23, 140, 2, 23, 58, 5396 }, // U+013E
    { 13, 21, 280, 3, 21, 69, 5454 }, // U+013F
    { 15, 22, 280, 2, 22, 83, 5523 }, // U+0140
    { 15, 21, 280, 1, 21, 79, 5606 }, // U+0141
    { 14, 22, 280, 2, 22, 77, 5685 }, // U+0142
    { 14, 28, 280, 2, 28, 98, 5762 }, // U+0143
    { 13, 23, 280, 2, 23, 75, 5860 }, // U+0144
    { 14, 29, 280, 2, 21, 102, 5935 }, // U+0145
    { 13, 24, 280, 2, 16, 78, 6037 }, // U+0146
    { 14, 29, 280, 2, 29, 102, 6115 }, // U+0147
    { 13, 24, 280, 2, 24, 78, 6217 }, // U+0148
    { 15, 22, 280, 0, 22, 83, 6295 }, // U+0149
    { 14, 27, 280, 2, 21, 95, 6378 }, // U+014A
    { 13, 22, 280, 2, 16, 72, 6473 }, // U+014B
    { 15, 27, 280, 1, 27, 102, 6545 }, // U+014C
    { 15, 22, 280, 1, 22, 83, 6647 }, // U+014D
    { 15, 29, 280, 1, 29, 109, 6730 }, // U+014E
    { 15, 24, 280, 1, 24, 90, 6839 }, // U+014F
    { 15, 28, 280, 1, 28, 105, 6929 }, // U+0150
    { 15, 23, 280, 1, 23, 87, 7034 }, // U+0151
    { 26, 21, 420, 0, 21, 137, 7121 }, // U+0152
    { 25, 16, 420, 1, 16, 100, 7258 }, // U+0153
    { 15, 28, 280, 2, 28, 105, 7358 }, // U+0154
    { 10, 23, 210, 3, 23, 58, 7463 }, // U+0155
    { 15, 29, 280, 2, 21, 109, 7521 }, // U+0156
    { 12, 24, 210, 1, 16, 72, 7630 }, // U+0157
    { 15, 29, 280, 2, 29, 109, 7702 }, // U+0158
    { 10, 24, 210, 3, 24, 60, 7811 }, // U+0159
    { 15, 28, 280, 1, 28, 105, 7871 }, // U+015A
    { 15, 23, 280, 1, 23, 87, 7976 }, // U+015B
    { 15, 28, 280, 1, 28, 105, 8063 }, // U+015C
    { 15, 23, 280, 1, 23, 87, 8168 }, // U+015D
    { 15, 27, 280, 1, 21, 102, 8255 }, // U+015E
    { 15, 22, 280, 1, 16, 83, 8357 }, // U+015F
    { 15, 29, 280, 1, 29, 109, 8440 }, // U+0160
    { 15, 24, 280, 1, 24, 90, 8549 }, // U+0161
    { 17, 29, 280, 0, 21, 124, 8639 }, // U+0162
    { 12, 29, 210, 1, 21, 87, 8763 }, // U+0163
    { 17, 29, 280, 0, 29, 124, 8850 }, // U+0164
    { 14, 24, 210, 1, 24, 84, 8974 }, // U+0165
    { 17, 21, 280, 0, 21, 90, 9058 }, // U+0166
    { 15, 21, 280, 1, 21, 79, 9148 }, // U+0167
    { 14, 28, 280, 2, 28, 98, 9227 }, // U+0168
    { 13, 23, 280, 2, 23, 75, 9325 }, // U+0169
    { 14, 27, 280, 2, 27, 95, 9400 }, // U+016A
    { 13, 22, 280, 2, 22, 72, 9495 }, // U+016B
    { 14, 29, 280, 2, 29, 102, 9567 }, // U+016C
    { 13, 24, 280, 2, 24, 78, 9669 }, // U+016D
    { 14, 30, 280, 2, 30, 105, 9747 }, // U+016E
    { 13, 25, 280, 2, 25, 82, 9852 }, // U+016F
    { 14, 28, 280, 2, 28, 98, 9934 }, // U+0170
    { 13, 23, 280, 2, 23, 75, 10032 }, // U+0171
    { 14, 27, 280, 2, 21, 95, 10107 }, // U+0172
    { 14, 22, 280, 2, 16, 77, 10202 }, // U+0173
    { 26, 28, 420, 0, 28, 182, 10279 }, // U+0174
    { 23, 23, 420, 2, 23, 133, 10461 }, // U+0175
    { 17, 28, 280, 0, 28, 119, 10594 }, // U+0176
    { 15, 29, 280, 1, 23, 109, 10713 }, // U+0177
    { 17, 27, 280, 0, 27, 115, 10822 }, // U+0178
    { 16, 28, 280, 1, 28, 112, 10937 }, // U+0179
    { 14, 23, 280, 2, 23, 81, 11049 }, // U+017A
    { 16, 27, 280, 1, 27, 108, 11130 }, // U+017B
    { 14, 22, 280, 2, 22, 77, 11238 }, // U+017C
    { 16, 29, 280, 1, 29, 116, 11315 }, // U+017D
    { 14, 24, 280, 2, 24, 84, 11431 }, // U+017E
    { 16, 25, 280, 1, 25, 100, 0 }, // U+01A0
    { 15, 19, 280, 1, 19, 72, 100 }, // U+01A1
    { 16, 25, 280, 2, 25, 100, 172 }, // U+01AF
    { 16, 19, 280, 2, 19, 76, 272 }, // U+01B0
    { 17, 34, 280, 0, 34, 145, 348 }, // U+01FA
    { 16, 29, 280, 1, 29, 116, 493 }, // U+01FB
    { 25, 28, 420, 0, 28, 175, 609 }, // U+01FC
    { 24, 23, 420, 1, 23, 138, 784 }, // U+01FD
    { 16, 29, 280, 1, 28, 116, 922 }, // U+01FE
    { 16, 24, 280, 1, 23, 96, 1038 }, // U+01FF
    { 15, 29, 280, 1, 21, 109, 1134 }, // U+0218
    { 15, 24, 280, 1, 16, 90, 1243 }, // U+0219
    { 17, 29, 280, 0, 21, 124, 1333 }, // U+021A
    { 12, 29, 210, 1, 21, 87, 1457 }, // U+021B
    { 6, 6, 0, -4, 23, 9, 0 }, // U+0300
    { 6, 6, 0, -2, 23, 9, 9 }, // U+0301
    { 10, 6, 0, -5, 23, 15, 18 }, // U+0302
    { 10, 4, 0, -5, 23, 10, 33 }, // U+0303
    { 10, 3, 0, -5, 22, 8, 43 }, // U+0304
    { 10, 6, 0, -5, 24, 15, 51 }, // U+0306
    { 4, 3, 0, -2, 22, 3, 66 }, // U+0307
    { 10, 3, 0, -5, 22, 8, 69 }, // U+0308
    { 6, 7, 0, -3, 24, 11, 77 }, // U+0309
    { 8, 8, 0, -4, 25, 16, 88 }, // U+030A
    { 10, 6, 0, -4, 23, 15, 104 }, // U+030B
    { 10, 6, 0, -5, 24, 15, 119 }, // U+030C
    { 5, 6, 0, -2, 24, 8, 134 }, // U+0312
    { 4, 6, 0, 0, 23, 6, 142 }, // U+0315
    { 6, 5, 0, -3, 19, 8, 148 }, // U+031B
    { 4, 3, 0, -2, -1, 3, 156 }, // U+0323
    { 5, 6, 0, -3, -2, 8, 159 }, // U+0326
    { 7, 7, 0, -3, 1, 13, 167 }, // U+0327
    { 7, 8, 0, -6, 2, 14, 180 }, // U+0328
    { 7, 8, 280, 6, 20, 14, 0 }, // U+0374
    { 7, 8, 280, 5, 4, 14, 14 }, // U+0375
    { 5, 5, 140, 2, -2, 7, 28 }, // U+037A
    { 7, 20, 280, 5, 16, 35, 35 }, // U+037E
    { 4, 6, 280, 8, 23, 6, 70 }, // U+0384
    { 12, 7, 280, 3, 25, 21, 76 }, // U+0385
    { 17, 23, 280, 0, 23, 98, 97 }, // U+0386
    { 5, 4, 280, 6, 15, 5, 195 }, // U+0387
    { 18, 23, 280, -2, 23, 104, 200 }, // U+0388
    { 18, 23, 280, -2, 23, 104, 304 }, // U+0389
    { 9, 23, 140, -3, 23, 52, 408 }, // U+038A
    { 18, 23, 280, -2, 23, 104, 460 }, // U+038C
    { 21, 23, 280, -4, 23, 121, 564 }, // U+038E
    { 18, 23, 280, -2, 23, 104, 685 }, // U+038F
    { 12, 25, 140, -2, 25, 75, 789 }, // U+0390
    { 17, 21, 280, 0, 21, 90, 864 }, // U+0391
    { 14, 21, 280, 2, 21, 74, 954 }, // U+0392
    { 13, 21, 280, 3, 21, 69, 1028 }, // U+0393
    { 16, 21, 280, 1, 21, 84, 1097 }, // U+0394
    { 14, 21, 280, 2, 21, 74, 1181 }, // U+0395
    { 16, 21, 280, 1, 21, 84, 1255 }, // U+0396
    { 14, 21, 280, 2, 21, 74, 1339 }, // U+0397
    { 15, 21, 280, 1, 21, 79, 1413 }, // U+0398
    { 3, 21, 140, 3, 21, 16, 1492 }, // U+0399
    { 15, 21, 280, 2, 21, 79, 1508 }, // U+039A
    { 17, 21, 280, 0, 21, 90, 1587 }, // U+039B
    { 20, 21, 420, 3, 21, 105, 1677 }, // U+039C
    { 14, 21, 280, 2, 21, 74, 1782 }, // U+039D
    { 15, 21, 280, 1, 21, 79, 1856 }, // U+039E
    { 15, 21, 280, 1, 21, 79, 1935 }, // U+039F
    { 14, 21, 280, 2, 21, 74, 2014 }, // U+03A0
    { 14, 21, 280, 2, 21, 74, 2088 }, // U+03A1
    { 13, 21, 280, 2, 21, 69, 2162 }, // U+03A3
    { 17, 21, 280, 0, 21, 90, 2231 }, // U+03A4
    { 17, 21, 280, 0, 21, 90, 2321 }, // U+03A5
    { 22, 23, 420, 2, 22, 127, 2411 }, // U+03A6
    { 17, 21, 280, 0, 21, 90, 2538 }, // U+03A7
    { 20, 21, 420, 3, 21, 105, 2628 }, // U+03A8
    { 9, 27, 140, 0, 27, 61, 2733 }, // U+03AA
    { 17, 27, 280, 0, 27, 115, 2794 }, // U+03AB
    { 16, 24, 280, 1, 24, 96, 2909 }, // U+03AC
    { 13, 23, 280, 2, 23, 75, 3005 }, // U+03AD
    { 14, 29, 280, 1, 23, 102, 3080 }, // U+03AE
    { 6, 23, 140, 2, 23, 35, 3182 }, // U+03AF
    { 13, 26, 280, 2, 26, 85, 3217 }, // U+03B0
    { 16, 16, 280, 1, 16, 64, 3302 }, // U+03B1
    { 14, 28, 280, 2, 22, 98, 3366 }, // U+03B2
    { 15, 22, 280, 1, 16, 83, 3464 }, // U+03B3
    { 15, 22, 280, 1, 22, 83, 3547 }, // U+03B4
    { 13, 16, 280, 2, 16, 52, 3630 }, // U+03B5
    { 13, 28, 280, 2, 22, 91, 3682 }, // U+03B6
    { 14, 22, 280, 1, 16, 77, 3773 }, // U+03B7
    { 14, 22, 280, 2, 22, 77, 3850 }, // U+03B8
    { 6, 16, 140, 2, 16, 24, 3927 }, // U+03B9
    { 14, 16, 280, 2, 16, 56, 3951 }, // U+03BA
    { 15, 22, 280, 1, 22, 83, 4007 }, // U+03BB
    { 14, 22, 280, 2, 16, 77, 4090 }, // U+03BC
    { 15, 16, 280, 1, 16, 60, 4167 }, // U+03BD
    { 12, 28, 280, 2, 22, 84, 4227 }, // U+03BE
    { 15, 16, 280, 1, 16, 60, 4311 }, // U+03BF
    { 17, 16, 280, 0, 16, 68, 4371 }, // U+03C0
    { 14, 22, 280, 2, 16, 77, 4439 }, // U+03C1
    { 13, 21, 280, 2, 16, 69, 4516 }, // U+03C2
    { 16, 16, 280, 1, 16, 64, 4585 }, // U+03C3
    { 13, 16, 280, 2, 16, 52, 4649 }, // U+03C4
    { 13, 16, 280, 2, 16, 52, 4701 }, // U+03C5
    { 22, 22, 420, 2, 16, 121, 4753 }, // U+03C6
    { 15, 22, 280, 2, 16, 83, 4874 }, // U+03C7
    { 20, 27, 420, 3, 21, 135, 4957 }, // U+03C8
    { 22, 17, 420, 2, 17, 94, 5092 }, // U+03C9
    { 9, 22, 140, -1, 22, 50, 5186 }, // U+03CA
    { 13, 23, 280, 2, 23, 75, 5236 }, // U+03CB
    { 15, 23, 280, 1, 23, 87, 5311 }, // U+03CC
    { 13, 24, 280, 2, 24, 78, 5398 }, // U+03CD
    { 22, 23, 420, 2, 23, 127, 5476 }, // U+03CE
    { 14, 28, 280, 2, 28, 98, 0 }, // U+0400
    { 14, 27, 280, 2, 27, 95, 98 }, // U+0401
    { 17, 26, 280, 0, 21, 111, 193 }, // U+0402
    { 13, 28, 280, 3, 28, 91, 304 }, // U+0403
    { 15, 21, 280, 1, 21, 79, 395 }, // U+0404
    { 15, 21, 280, 1, 21, 79, 474 }, // U+0405
    { 3, 21, 140, 3, 21, 16, 553 }, // U+0406
    { 9, 27, 140, 0, 27, 61, 569 }, // U+0407
    { 12, 21, 280, 2, 21, 63, 630 }, // U+0408
    { 29, 21, 420, -1, 21, 153, 693 }, // U+0409
    { 28, 21, 420, -1, 21, 147, 846 }, // U+040A
    { 17, 21, 280, 0, 21, 90, 993 }, // U+040B
    { 15, 28, 280, 2, 28, 105, 1083 }, // U+040C
    { 14, 28, 280, 2, 28, 98, 1188 }, // U+040D
    { 16, 29, 280, 1, 29, 116, 1286 }, // U+040E
    { 14, 26, 280, 2, 21, 91, 1402 }, // U+040F
    { 17, 21, 280, 0, 21, 90, 1493 }, // U+0410
    { 14, 21, 280, 2, 21, 74, 1583 }, // U+0411
    { 14, 21, 280, 2, 21, 74, 1657 }, // U+0412
    { 13, 21, 280, 3, 21, 69, 1731 }, // U+0413
    { 21, 26, 420, 3, 21, 137, 1800 }, // U+0414
    { 14, 21, 280, 2, 21, 74, 1937 }, // U+0415
    { 27, 21, 420, 0, 21, 142, 2011 }, // U+0416
    { 15, 21, 280, 1, 21, 79, 2153 }, // U+0417
    { 14, 21, 280, 2, 21, 74, 2232 }, // U+0418
    { 14, 29, 280, 2, 29, 102, 2306 }, // U+0419
    { 15, 21, 280, 2, 21, 79, 2408 }, // U+041A
    { 16, 21, 280, 0, 21, 84, 2487 }, // U+041B
    { 20, 21, 420, 3, 21, 105, 2571 }, // U+041C
    { 14, 21, 280, 2, 21, 74, 2676 }, // U+041D
    { 15, 21, 280, 1, 21, 79, 2750 }, // U+041E
    { 14, 21, 280, 2, 21, 74, 2829 }, // U+041F
    { 14, 21, 280, 2, 21, 74, 2903 }, // U+0420
    { 14, 21, 280, 2, 21, 74, 2977 }, // U+0421
    { 17, 21, 280, 0, 21, 90, 3051 }, // U+0422
    { 16, 21, 280, 1, 21, 84, 3141 }, // U+0423
    { 22, 23, 420, 2, 22, 127, 3225 }, // U+0424
    { 17, 21, 280, 0, 21, 90, 3352 }, // U+0425
    { 15, 26, 280, 2, 21, 98, 3442 }, // U+0426
    { 14, 21, 280, 1, 21, 74, 3540 }, // U+0427
    { 24, 21, 420, 1, 21, 126, 3614 }, // U+0428
    { 27, 26, 420, 0, 21, 176, 3740 }, // U+0429
    { 17, 21, 280, 0, 21, 90, 3916 }, // U+042A
    { 21, 21, 420, 3, 21, 111, 4006 }, // U+042B
    { 14, 21, 280, 2, 21, 74, 4117 }, // U+042C
    { 15, 21, 280, 1, 21, 79, 4191 }, // U+042D
    { 24, 21, 420, 1, 21, 126, 4270 }, // U+042E
    { 14, 21, 280, 1, 21, 74, 4396 }, // U+042F
    { 16, 16, 280, 1, 16, 64, 4470 }, // U+0430
    { 14, 23, 280, 2, 23, 81, 4534 }, // U+0431
    { 13, 16, 280, 3, 16, 52, 4615 }, // U+0432
    { 12, 16, 280, 3, 16, 48, 4667 }, // U+0433
    { 17, 20, 280, 0, 16, 85, 4715 }, // U+0434
    { 15, 16, 280, 1, 16, 60, 4800 }, // U+0435
    { 21, 16, 420, 3, 16, 84, 4860 }, // U+0436
    { 14, 16, 280, 1, 16, 56, 4944 }, // U+0437
    { 13, 16, 280, 2, 16, 52, 5000 }, // U+0438
    { 13, 24, 280, 2, 24, 78, 5052 }, // U+0439
    { 13, 16, 280, 3, 16, 52, 5130 }, // U+043A
    { 15, 16, 280, 0, 16, 60, 5182 }, // U+043B
    { 14, 16, 280, 2, 16, 56, 5242 }, // U+043C
    { 13, 16, 280, 2, 16, 52, 5298 }, // U+043D
    { 15, 16, 280, 1, 16, 60, 5350 }, // U+043E
    { 13, 16, 280, 2, 16, 52, 5410 }, // U+043F
    { 14, 22, 280, 2, 16, 77, 5462 }, // U+0440
    { 14, 16, 280, 2, 16, 56, 5539 }, // U+0441
    { 14, 16, 280, 2, 16, 56, 5595 }, // U+0442
    { 15, 22, 280, 1, 16, 83, 5651 }, // U+0443
    { 20, 27, 420, 3, 21, 135, 5734 }, // U+0444
    { 15, 16, 280, 1, 16, 60, 5869 }, // U+0445
    { 15, 20, 280, 2, 16, 75, 5929 }, // U+0446
    { 13, 16, 280, 2, 16, 52, 6004 }, // U+0447
    { 20, 16, 420, 3, 16, 80, 6056 }, // U+0448
    { 22, 20, 420, 2, 16, 110, 6136 }, // U+0449
    { 17, 16, 280, 0, 16, 68, 6246 }, // U+044A
    { 19, 16, 420, 4, 16, 76, 6314 }, // U+044B
    { 13, 16, 280, 3, 16, 52, 6390 }, // U+044C
    { 14, 16, 280, 2, 16, 56, 6442 }, // U+044D
    { 20, 16, 350, 1, 16, 80, 6498 }, // U+044E
    { 14, 16, 280, 1, 16, 56, 6578 }, // U+044F
    { 15, 23, 280, 1, 23, 87, 6634 }, // U+0450
    { 15, 22, 280, 1, 22, 83, 6721 }, // U+0451
    { 15, 29, 280, 0, 23, 109, 6804 }, // U+0452
    { 12, 23, 280, 3, 23, 69, 6913 }, // U+0453
    { 14, 16, 280, 2, 16, 56, 6982 }, // U+0454
    { 15, 16, 280, 1, 16, 60, 7038 }, // U+0455
    { 4, 22, 140, 2, 22, 22, 7098 }, // U+0456
    { 9, 22, 140, 0, 22, 50, 7120 }, // U+0457
    { 9, 28, 140, -2, 22, 63, 7170 }, // U+0458
    { 23, 16, 420, 2, 16, 92, 7233 }, // U+0459
    { 22, 16, 420, 2, 16, 88, 7325 }, // U+045A
    { 15, 22, 280, 0, 22, 83, 7413 }, // U+045B
    { 13, 23, 280, 3, 23, 75, 7496 }, // U+045C
    { 13, 23, 280, 2, 23, 75, 7571 }, // U+045D
    { 15, 30, 280, 1, 24, 113, 7646 }, // U+045E
    { 13, 20, 280, 2, 16, 65, 7759 }, // U+045F
    { 15, 21, 280, 1, 21, 79, 7824 }, // U+0472
    { 15, 16, 280, 1, 16, 60, 7903 }, // U+0473
    { 13, 26, 280, 3, 26, 85, 7963 }, // U+0490
    { 12, 20, 280, 3, 20, 60, 8048 }, // U+0491
    { 15, 21, 280, 1, 21, 79, 8108 }, // U+0492
    { 15, 16, 280, 1, 16, 60, 8187 }, // U+0493
    { 14, 26, 280, 2, 21, 91, 8247 }, // U+0494
    { 13, 22, 280, 3, 16, 72, 8338 }, // U+0495
    { 28, 26, 420, -1, 21, 182, 8410 }, // U+0496
    { 22, 20, 420, 2, 16, 110, 8592 }, // U+0497
    { 15, 26, 280, 1, 21, 98, 8702 }, // U+0498
    { 14, 20, 280, 1, 16, 70, 8800 }, // U+0499
    { 15, 26, 280, 2, 21, 98, 8870 }, // U+049A
    { 14, 20, 280, 2, 16, 70, 8968 }, // U+049B
    { 16, 21, 280, 1, 21, 84, 9038 }, // U+049C
    { 15, 16, 280, 2, 16, 60, 9122 }, // U+049D
    { 18, 21, 280, 0, 21, 95, 9182 }, // U+04A0
    { 17, 16, 280, 0, 16, 68, 9277 }, // U+04A1
    { 15, 26, 280, 2, 21, 98, 9345 }, // U+04A2
    { 15, 20, 280, 2, 16, 75, 9443 }, // U+04A3
    { 24, 21, 420, 1, 21, 126, 9518 }, // U+04A4
    { 16, 16, 280, 1, 16, 64, 9644 }, // U+04A5
    { 14, 26, 280, 2, 21, 91, 9708 }, // U+04AA
    { 14, 20, 280, 2, 16, 70, 9799 }, // U+04AB
    { 17, 21, 280, 0, 21, 90, 9869 }, // U+04AE
    { 15, 22, 280, 1, 16, 83, 9959 }, // U+04AF
    { 17, 21, 280, 0, 21, 90, 10042 }, // U+04B0
    { 15, 22, 280, 1, 16, 83, 10132 }, // U+04B1
    { 18, 26, 280, 0, 21, 117, 10215 }, // U+04B2
    { 16, 20, 280, 1, 16, 80, 10332 }, // U+04B3
    { 16, 26, 280, 1, 21, 104, 10412 }, // U+04B6
    { 15, 20, 280, 2, 16, 75, 10516 }, // U+04B7
    { 14, 21, 280, 1, 21, 74, 10591 }, // U+04B8
    { 13, 16, 280, 2, 16, 52, 10665 }, // U+04B9
    { 14, 21, 280, 2, 21, 74, 10717 }, // U+04BA
    { 13, 22, 280, 2, 22, 72, 10791 }, // U+04BB
    { 3, 21, 140, 3, 21, 16, 10863 }, // U+04C0
    { 27, 28, 420, 0, 28, 189, 10879 }, // U+04C1
    { 21, 23, 420, 3, 23, 121, 11068 }, // U+04C2
    { 14, 23, 280, 2, 23, 81, 11189 }, // U+04CF
    { 17, 29, 280, 0, 29, 124, 11270 }, // U+04D0
    { 16, 24, 280, 1, 24, 96, 11394 }, // U+04D1
    { 17, 27, 280, 0, 27, 115, 11490 }, // U+04D2
    { 16, 22, 280, 1, 22, 88, 11605 }, // U+04D3
    { 25, 21, 420, 0, 21, 132, 11693 }, // U+04D4
    { 24, 16, 420, 1, 16, 96, 11825 }, // U+04D5
    { 14, 29, 280, 2, 29, 102, 11921 }, // U+04D6
    { 15, 24, 280, 1, 24, 90, 12023 }, // U+04D7
    { 15, 21, 280, 1, 21, 79, 12113 }, // U+04D8
    { 15, 16, 280, 1, 16, 60, 12192 }, // U+04D9
    { 27, 27, 420, 0, 27, 183, 12252 }, // U+04DC
    { 21, 22, 420, 3, 22, 116, 12435 }, // U+04DD
    { 15, 27, 280, 1, 27, 102, 12551 }, // U+04DE
    { 14, 22, 280, 1, 22, 77, 12653 }, // U+04DF
    { 14, 27, 280, 2, 27, 95, 12730 }, // U+04E2
    { 13, 22, 280, 2, 22, 72, 12825 }, // U+04E3
    { 14, 27, 280, 2, 27, 95, 12897 }, // U+04E4
    { 13, 22, 280, 2, 22, 72, 12992 }, // U+04E5
    { 15, 27, 280, 1, 27, 102, 13064 }, // U+04E6
    { 15, 22, 280, 1, 22, 83, 13166 }, // U+04E7
    { 15, 21, 280, 1, 21, 79, 13249 }, // U+04E8
    { 15, 16, 280, 1, 16, 60, 13328 }, // U+04E9
    { 16, 27, 280, 1, 27, 108, 13388 }, // U+04EE
    { 15, 28, 280, 1, 22, 105, 13496 }, // U+04EF
    { 16, 27, 280, 1, 27, 108, 13601 }, // U+04F0
    { 15, 28, 280, 1, 22, 105, 13709 }, // U+04F1
    { 16, 28, 280, 1, 28, 112, 13814 }, // U+04F2
    { 15, 29, 280, 1, 23, 109, 13926 }, // U+04F3
    { 14, 27, 280, 1, 27, 95, 14035 }, // U+04F4
    { 13, 22, 280, 2, 22, 72, 14130 }, // U+04F5
    { 21, 27, 420, 3, 27, 142, 14202 }, // U+04F8
    { 19, 21, 420, 4, 21, 100, 14344 }, // U+04F9
    { 17, 25, 280, 0, 21, 107, 0 }, // U+1EA0
    { 16, 20, 280, 1, 16, 80, 107 }, // U+1EA1
    { 17, 30, 280, 0, 30, 128, 187 }, // U+1EA2
    { 16, 24, 280, 1, 24, 96, 315 }, // U+1EA3
    { 17, 33, 280, 0, 33, 141, 411 }, // U+1EA4
    { 16, 28, 280, 1, 28, 112, 552 }, // U+1EA5
    { 17, 33, 280, 0, 33, 141, 664 }, // U+1EA6
    { 17, 28, 280, 0, 28, 119, 805 }, // U+1EA7
    { 17, 33, 280, 0, 33, 141, 924 }, // U+1EA8
    { 16, 28, 280, 1, 28, 112, 1065 }, // U+1EA9
    { 17, 32, 280, 0, 32, 136, 1177 }, // U+1EAA
    { 16, 27, 280, 1, 27, 108, 1313 }, // U+1EAB
    { 17, 32, 280, 0, 28, 136, 1421 }, // U+1EAC
    { 16, 27, 280, 1, 23, 108, 1557 }, // U+1EAD
    { 17, 33, 280, 0, 33, 141, 1665 }, // U+1EAE
    { 16, 28, 280, 1, 28, 112, 1806 }, // U+1EAF
    { 17, 33, 280, 0, 33, 141, 1918 }, // U+1EB0
    { 16, 28, 280, 1, 28, 112, 2059 }, // U+1EB1
    { 17, 33, 280, 0, 33, 141, 2171 }, // U+1EB2
    { 16, 28, 280, 1, 28, 112, 2312 }, // U+1EB3
    { 17, 33, 280, 0, 33, 141, 2424 }, // U+1EB4
    { 16, 28, 280, 1, 28, 112, 2565 }, // U+1EB5
    { 17, 33, 280, 0, 29, 141, 2677 }, // U+1EB6
    { 16, 28, 280, 1, 24, 112, 2818 }, // U+1EB7
    { 14, 25, 280, 2, 21, 88, 2930 }, // U+1EB8
    { 15, 20, 280, 1, 16, 75, 3018 }, // U+1EB9
    { 14, 30, 280, 2, 30, 105, 3093 }, // U+1EBA
    { 15, 24, 280, 1, 24, 90, 3198 }, // U+1EBB
    { 14, 28, 280, 2, 28, 98, 3288 }, // U+1EBC
    { 15, 23, 280, 1, 23, 87, 3386 }, // U+1EBD
    { 15, 33, 280, 2, 33, 124, 3473 }, // U+1EBE
    { 16, 28, 280, 1, 28, 112, 3597 }, // U+1EBF
    { 15, 33, 280, 1, 33, 124, 3709 }, // U+1EC0
    { 15, 28, 280, 1, 28, 105, 3833 }, // U+1EC1
    { 14, 33, 280, 2, 33, 116, 3938 }, // U+1EC2
    { 15, 28, 280, 1, 28, 105, 4054 }, // U+1EC3
    { 14, 32, 280, 2, 32, 112, 4159 }, // U+1EC4
    { 15, 27, 280, 1, 27, 102, 4271 }, // U+1EC5
    { 14, 32, 280, 2, 28, 112, 4373 }, // U+1EC6
    { 15, 27, 280, 1, 23, 102, 4485 }, // U+1EC7
    { 7, 30, 140, 1, 30, 53, 4587 }, // U+1EC8
    { 7, 24, 140, 1, 24, 42, 4640 }, // U+1EC9
    { 4, 25, 140, 2, 21, 25, 4682 }, // U+1ECA
    { 4, 26, 140, 2, 22, 26, 4707 }, // U+1ECB
    { 15, 25, 280, 1, 21, 94, 4733 }, // U+1ECC
    { 15, 20, 280, 1, 16, 75, 4827 }, // U+1ECD
    { 15, 30, 280, 1, 30, 113, 4902 }, // U+1ECE
    { 15, 24, 280, 1, 24, 90, 5015 }, // U+1ECF
    { 16, 33, 280, 1, 33, 132, 5105 }, // U+1ED0
    { 16, 28, 280, 1, 28, 112, 5237 }, // U+1ED1
    { 15, 33, 280, 1, 33, 124, 5349 }, // U+1ED2
    { 15, 28, 280, 1, 28, 105, 5473 }, // U+1ED3
    { 15, 33, 280, 1, 33, 124, 5578 }, // U+1ED4
    { 15, 28, 280, 1, 28, 105, 5702 }, // U+1ED5
    { 15, 32, 280, 1, 32, 120, 5807 }, // U+1ED6
    { 15, 27, 280, 1, 27, 102, 5927 }, // U+1ED7
    { 15, 32, 280, 1, 28, 120, 6029 }, // U+1ED8
    { 15, 27, 280, 1, 23, 102, 6149 }, // U+1ED9
    { 16, 28, 280, 1, 28, 112, 6251 }, // U+1EDA
    { 15, 23, 280, 1, 23, 87, 6363 }, // U+1EDB
    { 16, 28, 280, 1, 28, 112, 6450 }, // U+1EDC
    { 15, 23, 280, 1, 23, 87, 6562 }, // U+1EDD
    { 16, 30, 280, 1, 30, 120, 6649 }, // U+1EDE
    { 15, 24, 280, 1, 24, 90, 6769 }, // U+1EDF
    { 16, 28, 280, 1, 28, 112, 6859 }, // U+1EE0
    { 15, 21, 280, 1, 21, 79, 6971 }, // U+1EE1
    { 16, 29, 280, 1, 25, 116, 7050 }, // U+1EE2
    { 15, 23, 280, 1, 19, 87, 7166 }, // U+1EE3
    { 14, 25, 280, 2, 21, 88, 7253 }, // U+1EE4
    { 13, 20, 280, 2, 16, 65, 7341 }, // U+1EE5
    { 14, 30, 280, 2, 30, 105, 7406 }, // U+1EE6
    { 13, 24, 280, 2, 24, 78, 7511 }, // U+1EE7
    { 16, 28, 280, 2, 28, 112, 7589 }, // U+1EE8
    { 16, 23, 280, 2, 23, 92, 7701 }, // U+1EE9
    { 16, 28, 280, 2, 28, 112, 7793 }, // U+1EEA
    { 16, 23, 280, 2, 23, 92, 7905 }, // U+1EEB
    { 16, 30, 280, 2, 30, 120, 7997 }, // U+1EEC
    { 16, 24, 280, 2, 24, 96, 8117 }, // U+1EED
    { 16, 28, 280, 2, 28, 112, 8213 }, // U+1EEE
    { 16, 21, 280, 2, 21, 84, 8325 }, // U+1EEF
    { 16, 29, 280, 2, 25, 116, 8409 }, // U+1EF0
    { 16, 23, 280, 2, 19, 92, 8525 }, // U+1EF1
    { 17, 28, 280, 0, 28, 119, 8617 }, // U+1EF2
    { 15, 29, 280, 1, 23, 109, 8736 }, // U+1EF3
    { 17, 25, 280, 0, 21, 107, 8845 }, // U+1EF4
    { 15, 22, 280, 1, 16, 83, 8952 }, // U+1EF5
    { 17, 30, 280, 0, 30, 128, 9035 }, // U+1EF6
    { 15, 30, 280, 1, 24, 113, 9163 }, // U+1EF7
    { 17, 28, 280, 0, 28, 119, 9276 }, // U+1EF8
    { 15, 29, 280, 1, 23, 109, 9395 }, // U+1EF9
    { 15, 3, 280, 1, 11, 12, 0 }, // U+2013
    { 22, 3, 420, 2, 11, 17, 12 }, // U+2014
    { 6, 8, 280, 5, 22, 12, 29 }, // U+2018
    { 6, 8, 280, 6, 22, 12, 41 }, // U+2019
    { 7, 8, 280, 5, 4, 14, 53 }, // U+201A
    { 13, 8, 280, 2, 22, 26, 67 }, // U+201C
    { 13, 8, 280, 3, 22, 26, 93 }, // U+201D
    { 13, 8, 280, 3, 4, 26, 119 }, // U+201E
    { 14, 28, 280, 2, 22, 98, 145 }, // U+2020
    { 14, 28, 280, 2, 22, 98, 243 }, // U+2021
    { 6, 6, 280, 6, 12, 9, 341 }, // U+2022
    { 22, 4, 421, 2, 4, 22, 350 }, // U+2026
    { 33, 21, 560, 1, 21, 174, 372 }, // U+2030
    { 8, 14, 280, 4, 15, 28, 546 }, // U+2039
    { 8, 14, 280, 5, 15, 28, 574 }, // U+203A
    { 17, 21, 280, 0, 21, 90, 602 }, // U+2044
    { 9, 10, 280, 4, 20, 23, 0 }, // U+2070
    { 10, 10, 280, 4, 20, 25, 23 }, // U+2074
    { 9, 10, 280, 4, 20, 23, 48 }, // U+2075
    { 9, 10, 280, 4, 20, 23, 71 }, // U+2076
    { 9, 10, 280, 4, 20, 23, 94 }, // U+2077
    { 9, 10, 280, 4, 20, 23, 117 }, // U+2078
    { 9, 10, 280, 4, 20, 23, 140 }, // U+2079
    { 9, 11, 280, 4, 11, 25, 163 }, // U+2080
    { 10, 11, 280, 4, 11, 28, 188 }, // U+2081
    { 9, 11, 280, 4, 11, 25, 216 }, // U+2082
    { 9, 11, 280, 4, 11, 25, 241 }, // U+2083
    { 10, 11, 280, 4, 11, 28, 266 }, // U+2084
    { 9, 11, 280, 4, 11, 25, 294 }, // U+2085
    { 9, 11, 280, 4, 11, 25, 319 }, // U+2086
    { 9, 11, 280, 4, 11, 25, 344 }, // U+2087
    { 9, 11, 280, 4, 11, 25, 369 }, // U+2088
    { 9, 11, 280, 4, 11, 25, 394 }, // U+2089
    { 14, 29, 280, 2, 24, 102, 0 }, // U+20A1
    { 16, 21, 280, 1, 21, 84, 102 }, // U+20A4
    { 17, 21, 280, 0, 21, 90, 186 }, // U+20A6
    { 17, 21, 280, 1, 21, 90, 276 }, // U+20A8
    { 17, 21, 280, 0, 21, 90, 366 }, // U+20A9
    { 15, 21, 280, 1, 21, 79, 456 }, // U+20AA
    { 15, 22, 280, 2, 22, 83, 535 }, // U+20AB
    { 14, 21, 280, 2, 21, 74, 618 }, // U+20AC
    { 17, 21, 280, 0, 21, 90, 692 }, // U+20AD
    { 17, 21, 280, 0, 21, 90, 782 }, // U+20AE
    { 17, 21, 280, 0, 21, 90, 872 }, // U+20B1
    { 15, 28, 280, 1, 25, 105, 962 }, // U+20B2
    { 17, 21, 280, 0, 21, 90, 1067 }, // U+20B4
    { 14, 28, 280, 2, 25, 98, 1157 }, // U+20B5
    { 16, 21, 280, 1, 21, 84, 1255 }, // U+20B8
    { 16, 21, 280, 1, 20, 84, 1339 }, // U+20B9
    { 16, 21, 280, 1, 21, 84, 1423 }, // U+20BA
    { 16, 21, 280, 1, 21, 84, 1507 }, // U+20BD
    { 14, 29, 280, 2, 25, 102, 1591 }, // U+20BF
    { 17, 21, 280, 0, 21, 90, 0 }, // U+2150
    { 17, 21, 280, 0, 21, 90, 90 }, // U+2151
    { 17, 21, 280, 0, 21, 90, 180 }, // U+2153
    { 17, 21, 280, 0, 21, 90, 270 }, // U+2154
    { 17, 21, 280, 0, 21, 90, 360 }, // U+2155
    { 17, 21, 280, 0, 21, 90, 450 }, // U+2156
    { 17, 21, 280, 0, 21, 90, 540 }, // U+2157
    { 17, 21, 280, 0, 21, 90, 630 }, // U+2158
    { 17, 21, 280, 0, 21, 90, 720 }, // U+2159
    { 17, 21, 280, 0, 21, 90, 810 }, // U+215A
    { 17, 21, 280, 0, 21, 90, 900 }, // U+215B
    { 17, 21, 280, 0, 21, 90, 990 }, // U+215C
    { 17, 21, 280, 0, 21, 90, 1080 }, // U+215D
    { 17, 21, 280, 0, 21, 90, 1170 }, // U+215E
    { 17, 13, 280, 0, 16, 56, 0 }, // U+2190
    { 13, 21, 280, 2, 21, 69, 56 }, // U+2191
    { 17, 13, 280, 0, 16, 56, 125 }, // U+2192
    { 13, 21, 280, 2, 20, 69, 181 }, // U+2193
    { 18, 13, 280, 0, 16, 59, 250 }, // U+2194
    { 13, 22, 280, 2, 21, 72, 309 }, // U+2195
    { 16, 15, 280, 1, 18, 60, 381 }, // U+2196
    { 16, 15, 280, 0, 18, 60, 441 }, // U+2197
    { 16, 15, 280, 0, 18, 60, 501 }, // U+2198
    { 16, 15, 280, 1, 18, 60, 561 }, // U+2199
    { 17, 17, 280, 0, 18, 73, 621 }, // U+21A9
    { 17, 17, 280, 0, 18, 73, 694 }, // U+21AA
    { 15, 21, 280, 1, 20, 79, 767 }, // U+21B0
    { 15, 21, 280, 2, 20, 79, 846 }, // U+21B1
    { 15, 21, 280, 1, 20, 79, 925 }, // U+21B2
    { 15, 21, 280, 2, 20, 79, 1004 }, // U+21B3
    { 18, 18, 280, 0, 19, 81, 1083 }, // U+21B6
    { 18, 18, 280, 0, 19, 81, 1164 }, // U+21B7
    { 17, 21, 280, 0, 21, 90, 1245 }, // U+21BA
    { 17, 21, 280, 0, 21, 90, 1335 }, // U+21BB
    { 17, 22, 280, 0, 21, 94, 1425 }, // U+21C4
    { 17, 22, 280, 0, 21, 94, 1519 }, // U+21C6
    { 15, 21, 280, 1, 21, 79, 0 }, // U+2202
    { 16, 21, 280, 1, 21, 84, 79 }, // U+2206
    { 14, 21, 280, 2, 21, 74, 163 }, // U+220F
    { 15, 27, 280, 1, 21, 102, 237 }, // U+2211
    { 15, 2, 280, 1, 10, 8, 339 }, // U+2212
    { 17, 20, 280, 0, 20, 85, 347 }, // U+221A
    { 18, 11, 280, 0, 15, 50, 432 }, // U+221E
    { 15, 27, 280, 1, 21, 102, 482 }, // U+222B
    { 15, 11, 280, 1, 15, 42, 584 }, // U+2248
    { 15, 14, 280, 1, 16, 53, 626 }, // U+2260
    { 14, 18, 280, 2, 18, 63, 679 }, // U+2264
    { 14, 18, 280, 2, 18, 63, 742 }, // U+2265
    { 15, 22, 280, 1, 22, 83, 0 }, // U+FB01
    { 14, 22, 280, 1, 22, 77, 83 }, // U+FB02
};

static const EpdUnicodeInterval iawriterquattro_14_regularIntervals[] = {
    { 0x20, 0x7E, 0x0 },
    { 0xA0, 0xA3, 0x5F },
    { 0xA5, 0x17E, 0x63 },
    { 0x1A0, 0x1A1, 0x13D },
    { 0x1AF, 0x1B0, 0x13F },
    { 0x1FA, 0x1FF, 0x141 },
    { 0x218, 0x21B, 0x147 },
    { 0x300, 0x304, 0x14B },
    { 0x306, 0x30C, 0x150 },
    { 0x312, 0x312, 0x157 },
    { 0x315, 0x315, 0x158 },
    { 0x31B, 0x31B, 0x159 },
    { 0x323, 0x323, 0x15A },
    { 0x326, 0x328, 0x15B },
    { 0x374, 0x375, 0x15E },
    { 0x37A, 0x37A, 0x160 },
    { 0x37E, 0x37E, 0x161 },
    { 0x384, 0x38A, 0x162 },
    { 0x38C, 0x38C, 0x169 },
    { 0x38E, 0x3A1, 0x16A },
    { 0x3A3, 0x3A8, 0x17E },
    { 0x3AA, 0x3CE, 0x184 },
    { 0x400, 0x45F, 0x1A9 },
    { 0x472, 0x473, 0x209 },
    { 0x490, 0x49D, 0x20B },
    { 0x4A0, 0x4A5, 0x219 },
    { 0x4AA, 0x4AB, 0x21F },
    { 0x4AE, 0x4B3, 0x221 },
    { 0x4B6, 0x4BB, 0x227 },
    { 0x4C0, 0x4C2, 0x22D },
    { 0x4CF, 0x4D9, 0x230 },
    { 0x4DC, 0x4DF, 0x23B },
    { 0x4E2, 0x4E9, 0x23F },
    { 0x4EE, 0x4F5, 0x247 },
    { 0x4F8, 0x4F9, 0x24F },
    { 0x1EA0, 0x1EF9, 0x251 },
    { 0x2013, 0x2014, 0x2AB },
    { 0x2018, 0x201A, 0x2AD },
    { 0x201C, 0x201E, 0x2B0 },
    { 0x2020, 0x2022, 0x2B3 },
    { 0x2026, 0x2026, 0x2B6 },
    { 0x2030, 0x2030, 0x2B7 },
    { 0x2039, 0x203A, 0x2B8 },
    { 0x2044, 0x2044, 0x2BA },
    { 0x2070, 0x2070, 0x2BB },
    { 0x2074, 0x2079, 0x2BC },
    { 0x2080, 0x2089, 0x2C2 },
    { 0x20A1, 0x20A1, 0x2CC },
    { 0x20A4, 0x20A4, 0x2CD },
    { 0x20A6, 0x20A6, 0x2CE },
    { 0x20A8, 0x20AE, 0x2CF },
    { 0x20B1, 0x20B2, 0x2D6 },
    { 0x20B4, 0x20B5, 0x2D8 },
    { 0x20B8, 0x20BA, 0x2DA },
    { 0x20BD, 0x20BD, 0x2DD },
    { 0x20BF, 0x20BF, 0x2DE },
    { 0x2150, 0x2151, 0x2DF },
    { 0x2153, 0x215E, 0x2E1 },
    { 0x2190, 0x2199, 0x2ED },
    { 0x21A9, 0x21AA, 0x2F7 },
    { 0x21B0, 0x21B3, 0x2F9 },
    { 0x21B6, 0x21B7, 0x2FD },
    { 0x21BA, 0x21BB, 0x2FF },
    { 0x21C4, 0x21C4, 0x301 },
    { 0x21C6, 0x21C6, 0x302 },
    { 0x2202, 0x2202, 0x303 },
    { 0x2206, 0x2206, 0x304 },
    { 0x220F, 0x220F, 0x305 },
    { 0x2211, 0x2212, 0x306 },
    { 0x221A, 0x221A, 0x308 },
    { 0x221E, 0x221E, 0x309 },
    { 0x222B, 0x222B, 0x30A },
    { 0x2248, 0x2248, 0x30B },
    { 0x2260, 0x2260, 0x30C },
    { 0x2264, 0x2265, 0x30D },
    { 0xFB01, 0xFB02, 0x30F },
};

static const EpdFontGroup iawriterquattro_14_regularGroups[] = {
    { 0, 2834, 7033, 95, 0 },
    { 2834, 2304, 7979, 95, 95 },
    { 5138, 2995, 12823, 127, 190 },
    { 8133, 745, 1628, 14, 317 },
    { 8878, 192, 232, 19, 331 },
    { 9070, 2088, 6287, 75, 350 },
    { 11158, 4096, 15872, 168, 425 },
    { 15254, 1593, 10241, 90, 593 },
    { 16847, 319, 784, 16, 683 },
    { 17166, 315, 540, 17, 699 },
    { 17481, 912, 1867, 19, 716 },
    { 18393, 404, 1470, 14, 735 },
    { 18797, 701, 1807, 22, 749 },
    { 19498, 398, 875, 12, 771 },
    { 19896, 55, 176, 2, 783 },
};

static const EpdFontData iawriterquattro_14_regular = {
    iawriterquattro_14_regularBitmaps,
    iawriterquattro_14_regularGlyphs,
    iawriterquattro_14_regularIntervals,
    76,
    38,
    30,
    -9,
    true,
    iawriterquattro_14_regularGroups,
    15,
    nullptr,
    nullptr,
    nullptr,
    nullptr,
    0,
    0,
    0,
    0,
    nullptr,
    0,
    nullptr,
    nullptr,
    nullptr,
};
