/**
 * generated by fontconvert.py
 * name: ibmplexmono_12_bold
 * size: 12
 * mode: 2-bit  compressed: true
 * Command used: fontconvert.py ibmplexmono_12_bold 12 ../builtinFonts/source/IBMPlexMono/IBMPlexMono-Bold.ttf --2bit --compress --pnum
 */
#pragma once
#include "EpdFontData.h"

static const uint8_t ibmplexmono_12_boldBitmaps[15053] = {
    0x9D, 0x58, 0x3D, 0x8F, 0xDD, 0xC6, 0x15, 0xBD, 0x24, 0x9D, 0x7D, 0x81, 0x5F, 0x00, 0xA6, 0x48,
    0xE1, 0x20, 0x10, 0xD8, 0xA7, 0x10, 0xDB, 0x14, 0x96, 0x86, 0x8E, 0x0A, 0x17, 0x2A, 0x92, 0x7F,
    0xE0, 0x3F, 0x10, 0x60, 0xDB, 0x00, 0x89, 0x39, 0x34, 0x54, 0xA4, 0x50, 0x61, 0x75, 0xF9, 0x23,
    0x01, 0x1C, 0x20, 0x5A, 0x91, 0xB6, 0x0A, 0x15, 0x2E, 0xCC, 0x58, 0x85, 0x0B, 0x17, 0xA2, 0x92,
    0xED, 0x52, 0xEC, 0xD8, 0x22, 0x62, 0x0A, 0x26, 0x39, 0x39, 0xE7, 0x0E, 0xF9, 0xF6, 0xBD, 0xCD,
    0x6A, 0xA5, 0xD5, 0xE3, 0x1C, 0x69, 0x39, 0x73, 0x67, 0xE6, 0xCE, 0xFD, 0x1E, 0xD6, 0x55, 0xAD,
    0x8F, 0x2D, 0x6C, 0x61, 0xE4, 0xA6, 0xDC, 0x90, 0x9F, 0x09, 0x7F, 0x46, 0x7C, 0xC3, 0xC7, 0xCA,
    0x94, 0x35, 0x97, 0x36, 0xA5, 0x4A, 0x1B, 0x31, 0x59, 0x25, 0x65, 0x56, 0xC8, 0x49, 0x2E, 0x66,
    0x32, 0xE3, 0xFA, 0x44, 0x43, 0x29, 0xD1, 0x70, 0x22, 0x71, 0x7F, 0x22, 0xDE, 0x2D, 0xCF, 0x77,
    0xDE, 0x25, 0xCF, 0x07, 0xD9, 0x7C, 0xDD, 0xCB, 0xF6, 0xA9, 0x93, 0xF4, 0xB1, 0x13, 0xD9, 0x36,
    0xE7, 0xA8, 0x5F, 0xCA, 0xC6, 0xFB, 0x26, 0xF5, 0xBE, 0xCD, 0xBF, 0xF9, 0xB6, 0xCA, 0x9F, 0x7C,
    0x2E, 0xF9, 0x93, 0x46, 0x32, 0xDF, 0x48, 0xEA, 0x5F, 0x4A, 0x82, 0x31, 0x39, 0xF6, 0x9D, 0x6C,
    0x9E, 0x39, 0xD9, 0x3C, 0x71, 0x3F, 0x01, 0xB2, 0xBF, 0x7E, 0xE5, 0x0C, 0xE8, 0x31, 0xA7, 0x88,
    0xEA, 0xE1, 0x60, 0xBD, 0x6D, 0x2F, 0x83, 0x19, 0x63, 0x67, 0xE7, 0xA4, 0x7B, 0x08, 0x5E, 0xC7,
    0x3C, 0xAB, 0x1E, 0x1A, 0x23, 0x76, 0xFE, 0x58, 0xCC, 0x08, 0x92, 0xDE, 0x54, 0x02, 0xEE, 0xA2,
    0xFF, 0xFA, 0x21, 0x79, 0xE1, 0x86, 0xED, 0xD3, 0x6E, 0x04, 0x4F, 0x43, 0x1E, 0xFB, 0xE1, 0x36,
    0xFA, 0x1F, 0x8A, 0xAD, 0xA4, 0xAE, 0xC0, 0x13, 0x78, 0xF5, 0xA3, 0x64, 0xFF, 0x04, 0x9A, 0xDF,
    0x4B, 0xDA, 0x8A, 0x6C, 0xC0, 0x7A, 0x32, 0xA6, 0x43, 0xEA, 0xD3, 0xC1, 0xF8, 0x4F, 0x07, 0x9B,
    0x9F, 0x55, 0xF5, 0xD6, 0x17, 0x75, 0xEC, 0xC5, 0x7E, 0xE2, 0x05, 0x3C, 0x35, 0x99, 0xFF, 0x9D,
    0x3B, 0x9A, 0x36, 0x83, 0x91, 0xC3, 0x87, 0x92, 0xAB, 0x64, 0x92, 0x04, 0x62, 0xE8, 0x04, 0x32,
    0xCC, 0x0B, 0xF6, 0xDE, 0x16, 0x29, 0x45, 0x4E, 0xF6, 0x5A, 0xA9, 0x9D, 0x18, 0x02, 0x01, 0xC8,
    0x40, 0x8C, 0x29, 0x98, 0x88, 0xE9, 0x79, 0x43, 0x16, 0x22, 0x9C, 0xE2, 0x91, 0x52, 0x40, 0x0B,
    0xA0, 0x20, 0x51, 0x2B, 0x9B, 0xEE, 0xBC, 0xE1, 0x35, 0xF4, 0x83, 0xC0, 0x90, 0x18, 0x53, 0x30,
    0x11, 0xD3, 0xD9, 0xB9, 0xE2, 0x46, 0xFA, 0x79, 0x0B, 0x8E, 0x29, 0x49, 0x77, 0xE4, 0xE7, 0x42,
    0x2C, 0xF6, 0xC1, 0x89, 0xE3, 0x69, 0x96, 0x4D, 0x6F, 0x8B, 0xA4, 0xCB, 0x45, 0x8A, 0x77, 0x44,
    0x7E, 0xAD, 0xB6, 0x71, 0x00, 0x0B, 0xC9, 0xAF, 0xB8, 0x38, 0x46, 0xFA, 0xCC, 0xE5, 0xCE, 0xB4,
    0xA6, 0x31, 0x85, 0xC5, 0x81, 0x1E, 0x4A, 0xED, 0xAB, 0xD0, 0xB2, 0xD6, 0x38, 0x3E, 0x19, 0xC4,
    0x69, 0x45, 0x0F, 0xC2, 0xB3, 0xF1, 0x4C, 0x09, 0x14, 0x99, 0xD0, 0x38, 0x00, 0x4A, 0x9B, 0xE6,
    0x96, 0x43, 0x57, 0xA6, 0xB8, 0x16, 0xA9, 0x1C, 0x9F, 0xD2, 0x68, 0xA0, 0x3C, 0x28, 0xA3, 0xCB,
    0xC1, 0x44, 0xEA, 0x4C, 0xB5, 0x75, 0xE6, 0xFE, 0x7D, 0x67, 0x3F, 0xFD, 0xB2, 0x57, 0xDC, 0xBF,
    0xDF, 0x6B, 0x1F, 0x81, 0x71, 0xD2, 0x91, 0x9E, 0xF3, 0x54, 0x0C, 0x76, 0x0C, 0xA2, 0x00, 0x36,
    0x3F, 0x8C, 0x92, 0xBE, 0x18, 0x25, 0x7F, 0x0C, 0xDC, 0x19, 0xE5, 0x28, 0x21, 0x03, 0x97, 0x63,
    0xEB, 0xFD, 0xB0, 0x42, 0xEC, 0x29, 0x0D, 0x5B, 0xF9, 0xC8, 0x3B, 0xDB, 0x64, 0x55, 0x0E, 0x4E,
    0x09, 0xC3, 0xB3, 0x37, 0x12, 0x61, 0xAF, 0x0D, 0xE6, 0xE5, 0x38, 0x84, 0xAF, 0x24, 0x99, 0x28,
    0x36, 0xBC, 0x42, 0x1D, 0x2B, 0xA4, 0xEE, 0x75, 0x8D, 0x8C, 0x0E, 0xD2, 0xDA, 0x36, 0x91, 0xBC,
    0x03, 0x55, 0x98, 0x6F, 0x30, 0xDF, 0x40, 0x10, 0x06, 0x93, 0xC5, 0xA2, 0x2F, 0x75, 0x29, 0x00,
    0xB1, 0x77, 0x34, 0xC4, 0x2D, 0x55, 0x53, 0x9F, 0x0A, 0x0E, 0x81, 0x7D, 0x80, 0xD4, 0x73, 0x71,
    0x90, 0xD6, 0x22, 0x63, 0x2D, 0xF1, 0x50, 0x43, 0x86, 0x35, 0xE4, 0x57, 0x43, 0x76, 0x35, 0x34,
    0x57, 0x53, 0xAD, 0xFD, 0x0A, 0x78, 0xA6, 0xAC, 0x00, 0x2F, 0x34, 0xEE, 0x80, 0x7D, 0x6D, 0x67,
    0xA7, 0x72, 0xDB, 0xCE, 0xC1, 0x1C, 0xAA, 0x1A, 0x5A, 0x30, 0x8A, 0x1B, 0x80, 0x46, 0x18, 0xE5,
    0x7D, 0xC2, 0x51, 0xE9, 0x3D, 0x33, 0xF6, 0xE7, 0xB2, 0xAD, 0x1E, 0x9D, 0x22, 0x4B, 0xF1, 0x9A,
    0x7E, 0x3F, 0x49, 0xFE, 0xCC, 0x57, 0xE6, 0xCC, 0x77, 0xA6, 0xCB, 0x55, 0x1F, 0xA6, 0xD9, 0xE9,
    0xA5, 0x5B, 0xF4, 0x52, 0xC8, 0x71, 0x0F, 0x33, 0xF2, 0xCD, 0x8A, 0x13, 0x38, 0xC4, 0x89, 0xD4,
    0x05, 0x42, 0x0D, 0x8C, 0x62, 0x0A, 0x0B, 0x6E, 0x86, 0xC5, 0x28, 0xDC, 0x22, 0x6A, 0xB0, 0x63,
    0xE9, 0xEF, 0x20, 0xC1, 0xF6, 0xF1, 0xC4, 0xE3, 0x0C, 0x94, 0x69, 0xB1, 0xDA, 0x47, 0xDE, 0xA4,
    0x5D, 0x06, 0xE9, 0xA6, 0x5D, 0xAE, 0xFA, 0x8F, 0xC0, 0x2F, 0x64, 0x57, 0xE5, 0xD8, 0x3B, 0xF0,
    0x02, 0x80, 0x2F, 0xE8, 0xA0, 0x65, 0x3F, 0xE7, 0x1F, 0xEA, 0x56, 0x6D, 0xAC, 0x33, 0xD5, 0x39,
    0x6D, 0xEE, 0xCF, 0xDC, 0xD6, 0x3F, 0xEB, 0xA2, 0x59, 0x19, 0x68, 0x94, 0x01, 0x55, 0x30, 0xE7,
    0x76, 0x50, 0x49, 0x21, 0xFB, 0x9E, 0xC0, 0xDF, 0xF9, 0xFB, 0xC5, 0x91, 0xFF, 0x77, 0x27, 0x91,
    0xF7, 0x04, 0xFF, 0x6D, 0x47, 0x30, 0xB3, 0xF5, 0x95, 0x9D, 0x04, 0x02, 0xC6, 0xF9, 0xF0, 0xAF,
    0x25, 0xF7, 0xCA, 0x24, 0x46, 0x49, 0xFA, 0xDE, 0x81, 0xAF, 0xEE, 0xFD, 0xF6, 0xFB, 0x1F, 0x88,
    0x0C, 0x6A, 0x85, 0x9C, 0xE7, 0xAB, 0x08, 0xEA, 0xCF, 0x60, 0xFE, 0x08, 0x7D, 0x23, 0xFE, 0x46,
    0x0F, 0xFA, 0x31, 0x0A, 0x1A, 0x50, 0x46, 0xFE, 0x01, 0x4E, 0x3E, 0xC0, 0x1A, 0x66, 0x0D, 0x7B,
    0xBF, 0xE2, 0xE9, 0x54, 0xC4, 0xC0, 0x31, 0x3D, 0xA7, 0xD3, 0x57, 0x72, 0xA4, 0xBF, 0x47, 0x1C,
    0x2A, 0x76, 0x50, 0x4F, 0x86, 0x36, 0x63, 0x48, 0x70, 0x4B, 0xCB, 0xEE, 0x70, 0xE6, 0x0A, 0xE1,
    0x26, 0x7E, 0xE1, 0x4C, 0xEA, 0x03, 0xB2, 0x7B, 0xC0, 0x9D, 0x73, 0xA4, 0x67, 0xC0, 0x8F, 0x2E,
    0xFF, 0xF0, 0x85, 0xCB, 0x9A, 0x42, 0x2D, 0x67, 0x03, 0xEF, 0x8C, 0x3C, 0x3D, 0x68, 0x0C, 0x5E,
    0x4B, 0xCD, 0xF8, 0xE0, 0xB9, 0xD1, 0x34, 0x81, 0xFD, 0x19, 0x91, 0x02, 0x56, 0xDE, 0x5B, 0xA1,
    0xAF, 0xA7, 0xD4, 0xA7, 0x86, 0x68, 0xA4, 0x1A, 0xEF, 0x83, 0x76, 0xA1, 0x35, 0x5B, 0x6C, 0xFB,
    0x1A, 0xA6, 0x63, 0xC0, 0xB7, 0x81, 0xF6, 0xD5, 0xCA, 0x2B, 0xA2, 0x2E, 0x0C, 0x3D, 0x83, 0x7F,
    0xEB, 0x79, 0xFB, 0x65, 0xAC, 0xAE, 0x4C, 0x05, 0x6D, 0x28, 0x6C, 0x83, 0xBE, 0x82, 0xB2, 0x30,
    0xEA, 0x34, 0x08, 0xBF, 0x4C, 0x1B, 0xA4, 0x6B, 0xE1, 0x01, 0xA0, 0xA9, 0xE5, 0x97, 0xAB, 0x84,
    0x0E, 0xC0, 0x7E, 0x8E, 0x93, 0x2E, 0x53, 0x59, 0x4C, 0x3A, 0xDF, 0x42, 0xBE, 0x96, 0x01, 0x84,
    0xF2, 0xFD, 0x00, 0xA9, 0x05, 0xBE, 0x85, 0x4C, 0xDD, 0xBC, 0x1A, 0x18, 0x27, 0x1D, 0xE9, 0x75,
    0xDE, 0x03, 0xF1, 0x7E, 0x5C, 0x9A, 0xEE, 0xB5, 0xB4, 0xAB, 0x3B, 0xFD, 0xBC, 0xB4, 0xD7, 0x4E,
    0x59, 0x1B, 0x63, 0x6D, 0x8C, 0x5D, 0xE9, 0x17, 0x90, 0x63, 0x93, 0xD3, 0x76, 0x9B, 0x77, 0x0B,
    0x8D, 0x02, 0x5F, 0x40, 0xC2, 0x2B, 0x9A, 0x2D, 0xA5, 0xCD, 0x28, 0xDB, 0x65, 0xBD, 0xFA, 0x74,
    0x97, 0xF8, 0x6F, 0x3B, 0xA9, 0xEF, 0x76, 0xAC, 0x42, 0x5E, 0xF9, 0xEC, 0x99, 0xE8, 0x55, 0x74,
    0x66, 0x2F, 0x3E, 0x41, 0x5C, 0x6F, 0x8C, 0xFD, 0x79, 0x49, 0x88, 0x33, 0x8A, 0x35, 0x8E, 0xBD,
    0x0A, 0x11, 0x4E, 0x48, 0xDD, 0xE7, 0x5D, 0x5D, 0xE1, 0x2C, 0xB0, 0xC4, 0x45, 0x73, 0x45, 0xDE,
    0x06, 0x6D, 0x41, 0x1B, 0x77, 0x26, 0xB1, 0x77, 0xA1, 0x8D, 0x8F, 0x1C, 0x42, 0x6E, 0x03, 0xAD,
    0x10, 0x70, 0x50, 0x84, 0x75, 0xFB, 0x9F, 0x5E, 0x2C, 0xF2, 0x89, 0xFD, 0x2D, 0x34, 0x46, 0xDA,
    0xA2, 0x5E, 0x34, 0x9C, 0x21, 0x22, 0xCB, 0x9B, 0x36, 0x3F, 0x87, 0x66, 0xBA, 0x0C, 0xE1, 0x02,
    0x21, 0xA2, 0x47, 0xD8, 0x18, 0x6B, 0x67, 0x26, 0x38, 0x50, 0xFD, 0xA3, 0x33, 0x06, 0x0E, 0x95,
    0xFF, 0x1B, 0x0E, 0xF4, 0x14, 0xCE, 0xF3, 0xD8, 0x99, 0x0D, 0x1C, 0x29, 0x49, 0x9C, 0x89, 0x00,
    0x39, 0x04, 0x94, 0x57, 0xD8, 0x0E, 0x70, 0x40, 0x0F, 0x0C, 0xC0, 0x98, 0x17, 0xE5, 0x04, 0x94,
    0x80, 0x01, 0xF2, 0xE3, 0xA2, 0xCC, 0xCE, 0x8A, 0x32, 0xF5, 0x45, 0x89, 0xBA, 0xA7, 0xDC, 0x00,
    0x09, 0x80, 0x78, 0x56, 0x0A, 0x43, 0xF4, 0x5E, 0xEA, 0xD5, 0x80, 0xB5, 0x84, 0x44, 0xA4, 0x59,
    0x5B, 0x6D, 0xFB, 0x15, 0x6B, 0xDA, 0xD5, 0x10, 0x0F, 0xBA, 0xFD, 0xD4, 0x6B, 0xFC, 0xA9, 0x04,
    0x67, 0xF2, 0xC5, 0xA1, 0xA3, 0x11, 0x78, 0xDF, 0x39, 0xDB, 0x29, 0x0B, 0xAA, 0x4B, 0x71, 0x91,
    0x0F, 0x86, 0xF8, 0x6B, 0xF1, 0xC1, 0x40, 0xB2, 0xAB, 0x94, 0xA0, 0xB7, 0x2D, 0x10, 0xFB, 0xE6,
    0xCD, 0x79, 0x73, 0x62, 0xFE, 0x82, 0xB3, 0xDC, 0x1B, 0xC5, 0x7C, 0x32, 0x2F, 0xC1, 0xC4, 0x2A,
    0xBD, 0x1C, 0x0F, 0xE4, 0x8D, 0x66, 0xD3, 0x66, 0x2E, 0x43, 0x41, 0x14, 0x69, 0x42, 0xCF, 0x5E,
    0xCA, 0x5A, 0xEF, 0x56, 0xA8, 0x77, 0xDB, 0x50, 0x17, 0xA4, 0xEE, 0x5D, 0x20, 0x6B, 0x73, 0x4D,
    0xE9, 0x34, 0xB5, 0x08, 0x29, 0xFD, 0x20, 0x4D, 0xEB, 0xE4, 0xEB, 0x83, 0x61, 0xED, 0x3A, 0x50,
    0x47, 0x6B, 0xBC, 0xBA, 0x1A, 0x53, 0x7A, 0x8C, 0x60, 0x59, 0x57, 0x9B, 0xC1, 0x36, 0x90, 0xE3,
    0x22, 0x43, 0xB8, 0x7F, 0xA7, 0xA5, 0x54, 0x48, 0xE0, 0x95, 0x56, 0x91, 0x83, 0x45, 0x66, 0xAE,
    0x35, 0x18, 0x33, 0x28, 0xAF, 0x01, 0x3A, 0xA4, 0xD1, 0x9E, 0xC5, 0xE9, 0x10, 0x10, 0x13, 0x7D,
    0x99, 0x7E, 0xDD, 0xDB, 0x0C, 0xC8, 0xFF, 0x05, 0x7C, 0xEF, 0xCC, 0x6D, 0xD8, 0xF0, 0x2D, 0xE0,
    0xFD, 0x1F, 0x9C, 0xF9, 0x33, 0xF0, 0xF7, 0x7F, 0x38, 0x33, 0xC0, 0xC6, 0x7B, 0x4B, 0xB0, 0x60,
    0x60, 0x78, 0x71, 0x39, 0x76, 0xD6, 0x7D, 0x07, 0x5B, 0x25, 0x63, 0x48, 0xE3, 0xBA, 0x0F, 0x13,
    0x83, 0x71, 0xBB, 0xE4, 0xA0, 0xD5, 0xED, 0x80, 0xF4, 0x0F, 0x8B, 0xCF, 0x3A, 0xDA, 0x28, 0x5C,
    0xAE, 0x48, 0x07, 0x9E, 0x65, 0x3D, 0x83, 0xAE, 0xD3, 0x73, 0x9D, 0x5A, 0xE9, 0x77, 0xFC, 0x72,
    0x9D, 0xB5, 0x02, 0xBB, 0x4C, 0xA6, 0x9E, 0x35, 0x6E, 0x80, 0xD0, 0x1F, 0x12, 0xCC, 0x65, 0x1A,
    0x66, 0x5D, 0xC7, 0xAA, 0x0F, 0xDD, 0xF1, 0x52, 0xF5, 0x31, 0x81, 0x19, 0x2C, 0xC5, 0xA2, 0xC9,
    0x43, 0xB7, 0x2B, 0x2C, 0xD2, 0xB9, 0xB6, 0x52, 0xAF, 0x02, 0x6F, 0xDE, 0x76, 0x13, 0x59, 0x04,
    0xB3, 0x18, 0x66, 0x51, 0xCC, 0xE2, 0x98, 0xF5, 0x10, 0x8B, 0x65, 0x16, 0xCD, 0x2C, 0x9E, 0x59,
    0x44, 0x6B, 0x0A, 0x66, 0x51, 0x7D, 0x0D, 0xE2, 0x1A, 0x17, 0x1D, 0x6D, 0xBC, 0x99, 0x5C, 0xA7,
    0xED, 0x4D, 0xEC, 0xCE, 0x75, 0x31, 0x8F, 0x21, 0x41, 0xAF, 0xC9, 0xB9, 0xCD, 0x1A, 0xF5, 0xD3,
    0x02, 0xBA, 0x94, 0x04, 0x84, 0xD1, 0x81, 0x3C, 0x8F, 0xF4, 0xFE, 0x93, 0x76, 0x89, 0x8B, 0xDA,
    0x18, 0x09, 0x2E, 0xD3, 0x84, 0x8C, 0xD2, 0x11, 0x75, 0xDD, 0x3B, 0xC8, 0x45, 0x47, 0xB0, 0x4B,
    0x96, 0xA9, 0x0C, 0xA7, 0x35, 0xDE, 0x6B, 0x4D, 0x88, 0x75, 0x6B, 0x66, 0xD3, 0x6E, 0xFB, 0xAC,
    0x3D, 0x2F, 0x66, 0x2F, 0x00, 0x17, 0xC6, 0xDA, 0xCC, 0x52, 0xD7, 0x98, 0xC3, 0xA2, 0x95, 0xA5,
    0xEB, 0x45, 0xB0, 0x9F, 0xE3, 0xA4, 0xDB, 0x86, 0x24, 0xBF, 0xD9, 0x25, 0xF9, 0x47, 0xE0, 0xEC,
    0xE7, 0x07, 0x99, 0xC5, 0x54, 0xBF, 0x40, 0xBF, 0xD5, 0xF1, 0x35, 0x35, 0x40, 0xBC, 0xDD, 0x65,
    0x88, 0xE6, 0xB4, 0xDB, 0xFA, 0xAF, 0x90, 0x12, 0xCF, 0x58, 0x70, 0x6A, 0x9A, 0xBC, 0x08, 0xF6,
    0x73, 0x9C, 0x74, 0xA4, 0x8F, 0xEA, 0x07, 0x5A, 0x64, 0xE4, 0xA1, 0x18, 0x41, 0x51, 0x68, 0x56,
    0x39, 0x35, 0xE1, 0x5C, 0x3F, 0xC5, 0xFE, 0xA5, 0x8E, 0xB3, 0xA8, 0x88, 0xB8, 0x3F, 0x63, 0x58,
    0xEE, 0x79, 0x6D, 0x68, 0xF6, 0x99, 0xB5, 0x6A, 0x73, 0x01, 0xAF, 0x49, 0x95, 0xC5, 0x0A, 0xD1,
    0xAB, 0x64, 0x28, 0x6D, 0x59, 0x2A, 0xF2, 0x9E, 0xAC, 0x71, 0x8F, 0x71, 0xAE, 0x58, 0x0B, 0xA6,
    0x49, 0x8B, 0xC4, 0x0D, 0x74, 0xA5, 0x57, 0x85, 0x50, 0x58, 0xF1, 0x5A, 0xD2, 0xDE, 0xC2, 0xB9,
    0x1F, 0x49, 0xD6, 0x05, 0x7B, 0xF7, 0xC5, 0x96, 0x45, 0xCB, 0xAB, 0xB6, 0xBE, 0x8B, 0x54, 0x79,
    0x8C, 0x54, 0x0A, 0xF9, 0x33, 0xFE, 0x2C, 0x09, 0xFF, 0x4A, 0xD0, 0xB2, 0xC1, 0xA5, 0xD7, 0x3F,
    0xF4, 0x47, 0xE5, 0x69, 0xBB, 0x34, 0x93, 0x42, 0x6E, 0xA1, 0xD1, 0x15, 0xE0, 0xA7, 0x68, 0xF4,
    0x09, 0xFE, 0xD4, 0x2B, 0xD9, 0x78, 0xDC, 0xD7, 0x35, 0xBD, 0xE2, 0x4A, 0x3D, 0x5D, 0x21, 0x47,
    0xE4, 0xF9, 0x0F, 0x90, 0xF3, 0x3F, 0x64, 0x5D, 0xD0, 0x2D, 0x75, 0x41, 0x11, 0x6A, 0x83, 0x33,
    0x17, 0xEA, 0x05, 0xDC, 0x31, 0x43, 0xD5, 0xA7, 0x35, 0x41, 0x1B, 0xC6, 0x03, 0xAE, 0x53, 0xDB,
    0xEC, 0x29, 0x78, 0x57, 0x43, 0x95, 0x37, 0xB7, 0x4D, 0x59, 0xE7, 0xAE, 0xF4, 0xB5, 0xB3, 0x28,
    0x0A, 0xCA, 0xF4, 0x8B, 0xFE, 0x75, 0x78, 0x1B, 0x05, 0xD0, 0x40, 0x83, 0x51, 0x84, 0x39, 0x8B,
    0x49, 0x34, 0x2B, 0x34, 0xA1, 0x2C, 0xC9, 0x84, 0x74, 0xA4, 0x7F, 0x1B, 0x47, 0xBC, 0xCC, 0xA1,
    0xDF, 0xC6, 0xA1, 0x2E, 0x73, 0x4C, 0x33, 0xA7, 0x0D, 0x82, 0x07, 0x00, 0xE5, 0xCC, 0xD5, 0xF9,
    0x8D, 0xE6, 0x02, 0xF6, 0x6B, 0x48, 0x3A, 0x5A, 0x0A, 0x47, 0x50, 0xC7, 0x6C, 0xFE, 0x10, 0xAA,
    0x45, 0x0D, 0x56, 0x93, 0xDE, 0x76, 0x40, 0x50, 0xDC, 0xC4, 0x9D, 0xD5, 0xFA, 0xE0, 0x20, 0x47,
    0xBC, 0x29, 0x4D, 0xB2, 0x03, 0xAF, 0xB1, 0x70, 0x8A, 0x62, 0x45, 0xB4, 0xF4, 0x5D, 0x06, 0xA1,
    0x23, 0x12, 0x39, 0x74, 0xC2, 0x3B, 0xC2, 0x55, 0xD8, 0x25, 0xEF, 0xBA, 0xC8, 0x66, 0x5B, 0x20,
    0x6D, 0x17, 0xBB, 0x6F, 0x1F, 0x2D, 0xEF, 0xBE, 0x59, 0x48, 0xD8, 0xCE, 0x68, 0xC2, 0x8E, 0x47,
    0x7E, 0x33, 0x9A, 0x34, 0x48, 0xEF, 0x12, 0x1F, 0x30, 0xA5, 0xED, 0x78, 0x92, 0xB5, 0xC3, 0x49,
    0xF6, 0x7C, 0x28, 0xF3, 0xE7, 0x7D, 0x79, 0xF3, 0xBB, 0xFE, 0xF6, 0x2D, 0x24, 0xE9, 0xF7, 0x17,
    0xFC, 0xE6, 0x33, 0x97, 0xFF, 0xF1, 0xB3, 0x2E, 0xFF, 0xDB, 0x9F, 0x50, 0xE7, 0xDB, 0x56, 0x8B,
    0x2F, 0xAC, 0xCE, 0x84, 0xCA, 0x3D, 0xE3, 0x79, 0x49, 0xA6, 0xCB, 0x7A, 0x62, 0x43, 0x52, 0x66,
    0xC2, 0x66, 0x69, 0x86, 0xDB, 0x83, 0x16, 0x8D, 0x16, 0xA5, 0x43, 0x48, 0xC6, 0x98, 0xBB, 0xF2,
    0xD6, 0xAF, 0xBC, 0x61, 0x8D, 0xE9, 0xBC, 0x80, 0xD0, 0x75, 0x98, 0x80, 0x35, 0x26, 0x55, 0xFA,
    0x99, 0x23, 0x9D, 0x97, 0x04, 0xBB, 0x7F, 0x2F, 0x88, 0x99, 0x8C, 0x87, 0x90, 0x75, 0xF9, 0xBD,
    0x85, 0x34, 0xC3, 0xF2, 0x35, 0x66, 0xFF, 0x8A, 0x5C, 0x0F, 0xB1, 0x1F, 0x12, 0x34, 0xC7, 0x4C,
    0x18, 0x63, 0x99, 0x51, 0xBF, 0x76, 0x18, 0x4D, 0x82, 0x33, 0xBF, 0xC9, 0xE0, 0x5F, 0x86, 0x16,
    0xF4, 0x7C, 0xCC, 0x8B, 0x73, 0xAC, 0x94, 0x98, 0x82, 0x89, 0x98, 0x7E, 0xF1, 0xD3, 0xDF, 0x55,
    0x0F, 0x0E, 0xC1, 0x25, 0xFD, 0xBA, 0x43, 0xC9, 0xDD, 0x96, 0xF5, 0x78, 0x43, 0x46, 0x3C, 0x50,
    0x76, 0x7A, 0xF6, 0x44, 0xBD, 0xDE, 0xE8, 0xF5, 0xF3, 0x20, 0xBD, 0x60, 0xE6, 0xF4, 0x78, 0x88,
    0x61, 0xC7, 0x89, 0x4B, 0xFD, 0x3D, 0x97, 0x7F, 0xF4, 0x4D, 0x67, 0x10, 0xE8, 0x4D, 0xE2, 0xAB,
    0x9B, 0x48, 0xDB, 0xFF, 0x03, 0xB5, 0x58, 0xCD, 0xAE, 0xDC, 0x44, 0x16, 0x3E, 0x6D, 0xC3, 0xF5,
    0x44, 0x1E, 0x30, 0x48, 0x19, 0x89, 0x9F, 0xA0, 0x42, 0x02, 0x09, 0x45, 0x4A, 0xC6, 0x89, 0x94,
    0x45, 0x10, 0x70, 0xAB, 0x46, 0x2C, 0xB2, 0x60, 0xC7, 0x13, 0xF0, 0x06, 0x97, 0x05, 0xCB, 0x4B,
    0x97, 0xC5, 0x2C, 0x66, 0xC1, 0x62, 0xEE, 0x1B, 0x0C, 0x6F, 0x30, 0x59, 0xB0, 0x60, 0x11, 0x52,
    0x8E, 0x58, 0x22, 0x41, 0x91, 0x59, 0x0E, 0x12, 0x86, 0x5C, 0x69, 0x24, 0x36, 0xA9, 0x19, 0xBC,
    0xB0, 0x14, 0xBB, 0x6B, 0xBE, 0x53, 0x65, 0xF7, 0xED, 0xBE, 0xC9, 0xFD, 0xA1, 0x69, 0xEC, 0xFA,
    0xBA, 0xED, 0xAA, 0x53, 0xA7, 0x8E, 0xAB, 0x4E, 0x9D, 0x9F, 0x92, 0xE4, 0x6B, 0xBE, 0xB5, 0x22,
    0x5C, 0x7F, 0xA4, 0x57, 0xE8, 0xCF, 0x24, 0x71, 0x6B, 0x65, 0xAA, 0xE9, 0xFE, 0x13, 0x51, 0xA9,
    0x96, 0x98, 0x99, 0x86, 0x72, 0xDF, 0x93, 0xF0, 0x9E, 0xE4, 0x0F, 0x73, 0xD2, 0xE2, 0x39, 0x80,
    0x56, 0xF0, 0x14, 0xEA, 0x75, 0x68, 0xCF, 0xFD, 0x10, 0xE8, 0x57, 0xFB, 0x93, 0x39, 0xA4, 0x0C,
    0x6D, 0x85, 0xF7, 0x55, 0xE9, 0x4A, 0x92, 0x35, 0xE8, 0x6B, 0x34, 0x01, 0xC2, 0x12, 0x79, 0xEF,
    0x96, 0x48, 0x5B, 0xA2, 0xDC, 0xA1, 0x1E, 0x6D, 0xDA, 0x43, 0xCA, 0x11, 0x2C, 0xEB, 0x15, 0x7A,
    0x96, 0xEE, 0x52, 0x59, 0x49, 0xF0, 0x12, 0x18, 0x47, 0xF8, 0x05, 0xF8, 0x78, 0x48, 0x8E, 0x9B,
    0x64, 0x04, 0x6E, 0xAE, 0xE3, 0x36, 0xA6, 0x61, 0x5A, 0xEE, 0xC3, 0x7D, 0xF9, 0xF2, 0x94, 0xF6,
    0xBA, 0xCA, 0x5A, 0x59, 0x17, 0x4E, 0xD8, 0xC2, 0x16, 0x4D, 0x59, 0x67, 0x4E, 0xAA, 0xB4, 0xD3,
    0x94, 0xF4, 0x0B, 0x7A, 0x7A, 0x31, 0xA8, 0xD2, 0xFB, 0x86, 0xF1, 0xD2, 0x3F, 0x7F, 0x3E, 0x08,
    0x02, 0x02, 0x53, 0x1D, 0x43, 0xD2, 0xF1, 0xFB, 0xE8, 0x7A, 0xAC, 0x05, 0x73, 0x91, 0x41, 0x8E,
    0x82, 0xE5, 0xB1, 0xFB, 0x90, 0x04, 0xEC, 0xF0, 0x8D, 0x85, 0x6F, 0x28, 0x45, 0x5D, 0xF6, 0xD0,
    0xAB, 0x92, 0x8C, 0x92, 0x98, 0x28, 0x5D, 0xED, 0x42, 0xDE, 0xCF, 0x21, 0x77, 0x4B, 0x09, 0xE6,
    0x9B, 0x76, 0x16, 0xE0, 0xA8, 0x29, 0x57, 0xF1, 0x5B, 0x0A, 0xDF, 0xD1, 0xCC, 0x1F, 0x50, 0x79,
    0xAB, 0x91, 0x9F, 0x3A, 0x14, 0x3C, 0xD0, 0xDE, 0x21, 0xF8, 0x60, 0x6E, 0xAD, 0xA8, 0xAF, 0x52,
    0xD2, 0xDC, 0x14, 0xCD, 0xED, 0xDB, 0xBE, 0xBF, 0xF9, 0x63, 0x77, 0xF3, 0xCA, 0x03, 0x47, 0x4B,
    0xF0, 0xFB, 0x6D, 0x3F, 0xDC, 0xE4, 0xF6, 0xAB, 0x34, 0x6B, 0x98, 0x9E, 0xFB, 0x71, 0xFF, 0x97,
    0x3B, 0x4C, 0x35, 0xDD, 0x28, 0xF1, 0x91, 0x64, 0x3C, 0xF5, 0x90, 0xC7, 0xD7, 0xE5, 0xA7, 0x35,
    0xBD, 0x9A, 0xD0, 0xCC, 0x15, 0x2A, 0x6B, 0x75, 0x55, 0xFE, 0x88, 0x79, 0xFE, 0x5B, 0x4F, 0x26,
    0x73, 0x01, 0xFC, 0xCC, 0x75, 0xDC, 0xC6, 0x34, 0x4C, 0x8B, 0x75, 0x5A, 0x82, 0xC2, 0xAC, 0xAC,
    0xC3, 0xF8, 0x2A, 0x96, 0x64, 0x41, 0xCF, 0x26, 0xF5, 0xE5, 0xE1, 0xB3, 0xEB, 0xDF, 0x5C, 0xBB,
    0xDE, 0x5F, 0xBB, 0xFE, 0xFD, 0xB5, 0xCB, 0xDF, 0x7C, 0x86, 0x1A, 0xD4, 0x6B, 0xAF, 0x62, 0xC1,
    0x73, 0x01, 0x29, 0x6E, 0x35, 0xBB, 0x89, 0x7B, 0x67, 0xE6, 0xF0, 0x8B, 0x67, 0xD4, 0x24, 0x8B,
    0x69, 0xA2, 0xD7, 0x80, 0x31, 0xD5, 0x84, 0xC7, 0x86, 0x1E, 0xAF, 0x55, 0x9A, 0xBC, 0xC3, 0x54,
    0xD3, 0xD5, 0x32, 0x10, 0x7C, 0xC9, 0x6A, 0x27, 0x2A, 0xD4, 0x28, 0x39, 0x35, 0x5D, 0x92, 0x94,
    0x0C, 0x5C, 0xA8, 0xA4, 0x2B, 0x25, 0xD7, 0xA0, 0x3E, 0x51, 0xB9, 0x63, 0x8D, 0x91, 0xD8, 0x35,
    0x41, 0xEB, 0x4E, 0xBB, 0x2B, 0xA0, 0xE6, 0xD1, 0x0C, 0xA0, 0xD5, 0xFC, 0x0B, 0xD6, 0x52, 0x5E,
    0x4F, 0x40, 0x1D, 0x61, 0x66, 0xBC, 0xCB, 0xA1, 0xFA, 0xD0, 0x2C, 0x27, 0xFD, 0x57, 0x4E, 0xAF,
    0x80, 0xDF, 0x4B, 0x20, 0x07, 0x66, 0x00, 0x15, 0xE7, 0x83, 0xB0, 0xD2, 0xF1, 0x2D, 0x6C, 0xA6,
    0x72, 0xCA, 0x3A, 0xDA, 0xBF, 0xDC, 0xCB, 0x6E, 0xE7, 0xA0, 0x6C, 0x4C, 0xF3, 0x5A, 0x93, 0x8E,
    0xB7, 0x5E, 0xE8, 0x45, 0x9C, 0x66, 0x99, 0xF2, 0x04, 0xA3, 0xE0, 0x21, 0xCE, 0x31, 0x96, 0x93,
    0xF6, 0x53, 0x4B, 0xE6, 0x56, 0x4B, 0xF2, 0x3E, 0x88, 0x5A, 0xA3, 0xD2, 0x56, 0x56, 0x0C, 0x7E,
    0xE6, 0x3A, 0x6E, 0x63, 0x1A, 0xA6, 0x2D, 0x2D, 0x75, 0xDA, 0x26, 0xEE, 0x0D, 0x9B, 0xE2, 0x2E,
    0xEA, 0xD4, 0x0A, 0x4A, 0x2D, 0xF4, 0xB9, 0xBF, 0x03, 0x4C, 0x2B, 0x90, 0x35, 0xD4, 0x89, 0x06,
    0x23, 0x35, 0xA9, 0xFD, 0x6F, 0x53, 0xD4, 0xBE, 0x17, 0xE4, 0xFB, 0x5D, 0xE8, 0xE3, 0x1D, 0xE0,
    0x7C, 0x3C, 0x98, 0xCA, 0xB8, 0xC4, 0xB9, 0x36, 0xB5, 0xD0, 0xBC, 0x1A, 0x9A, 0x4C, 0x73, 0xDA,
    0x25, 0xDF, 0xDD, 0x01, 0x04, 0x46, 0xD0, 0x7D, 0xE2, 0x5E, 0x87, 0x60, 0x59, 0x5B, 0xD4, 0x59,
    0x27, 0xE8, 0xC6, 0xFE, 0x2E, 0x69, 0xF0, 0x40, 0xDB, 0xB9, 0xE4, 0x08, 0x9B, 0x54, 0xDB, 0x23,
    0xF0, 0x7B, 0x18, 0x3A, 0x1A, 0xAD, 0x04, 0xE6, 0x08, 0xB3, 0x44, 0x25, 0xF6, 0x31, 0xDB, 0x31,
    0x59, 0xF1, 0xFF, 0x9B, 0x24, 0xAD, 0x51, 0xD1, 0x06, 0xF6, 0x58, 0x55, 0xF4, 0x7B, 0x01, 0x7D,
    0x58, 0x5D, 0x0D, 0x45, 0xA2, 0x02, 0xC4, 0x99, 0x5A, 0x51, 0x48, 0x30, 0x30, 0x1D, 0x8C, 0x52,
    0x1F, 0x30, 0x1B, 0x86, 0x60, 0x83, 0xD2, 0xCE, 0x40, 0x21, 0xB1, 0xEF, 0x1D, 0xE6, 0xBA, 0x81,
    0xA5, 0x82, 0xFD, 0x03, 0x5F, 0x1B, 0x6C, 0x0F, 0xEC, 0x16, 0x6A, 0x9D, 0x56, 0x79, 0x6B, 0x78,
    0x65, 0xE9, 0x80, 0xD0, 0x89, 0xD0, 0x29, 0x1A, 0xCE, 0xDF, 0x63, 0x8C, 0xD2, 0x06, 0x3E, 0xB3,
    0xC5, 0x40, 0xA9, 0xD3, 0x34, 0xAB, 0x9F, 0xD9, 0x1E, 0xEF, 0xBB, 0x17, 0x82, 0xFD, 0x62, 0xCC,
    0x3E, 0xE9, 0xB6, 0x2A, 0x77, 0xD2, 0xCE, 0x23, 0x3D, 0xC0, 0xCF, 0x5B, 0x9D, 0x13, 0x11, 0xE7,
    0x84, 0xDA, 0x7D, 0x22, 0xF7, 0x76, 0xFC, 0x37, 0x6D, 0x74, 0x68, 0xDB, 0x1A, 0x43, 0xC2, 0xE8,
    0x6B, 0xC0, 0x00, 0xE8, 0x4F, 0x3D, 0x7C, 0x2B, 0x90, 0x74, 0x58, 0x87, 0xD6, 0xF7, 0xA9, 0xF3,
    0x7D, 0x06, 0xE4, 0xC1, 0x37, 0x44, 0x08, 0x3B, 0x40, 0x45, 0xFD, 0xC0, 0x90, 0x15, 0xF7, 0x5D,
    0xF1, 0xDD, 0xD6, 0x54, 0xBA, 0x92, 0xB5, 0xA1, 0x17, 0xC9, 0x07, 0x5F, 0xB8, 0x0E, 0xAE, 0xE7,
    0x76, 0xA6, 0x9B, 0xF4, 0x98, 0xFB, 0xD3, 0x25, 0xD6, 0x7D, 0xFC, 0x27, 0xD0, 0xAF, 0xE7, 0x01,
    0xF8, 0x69, 0x10, 0x12, 0x55, 0x94, 0xC3, 0xBB, 0x39, 0x08, 0x04, 0xD9, 0x88, 0x6E, 0x8C, 0xD3,
    0xEB, 0x7D, 0x3F, 0x96, 0xC0, 0x77, 0x2C, 0xA7, 0x56, 0xD2, 0x85, 0xE0, 0xF2, 0xB1, 0x49, 0x74,
    0x60, 0xF5, 0xD1, 0xE6, 0xAC, 0x66, 0x70, 0xAA, 0x5E, 0x89, 0x87, 0x56, 0xBE, 0xEB, 0x2E, 0x91,
    0xDD, 0x8C, 0x49, 0xF9, 0x6E, 0x23, 0xBF, 0x6E, 0x51, 0xF0, 0xB0, 0xF9, 0x47, 0x7D, 0x10, 0xB7,
    0x25, 0x6F, 0xCF, 0x60, 0x07, 0xD8, 0x17, 0xBD, 0xB2, 0x12, 0x2B, 0xF0, 0x9A, 0x8C, 0x58, 0x73,
    0x09, 0x67, 0x60, 0xAD, 0x5F, 0xA2, 0xC6, 0x7D, 0xDF, 0x44, 0xFB, 0xF4, 0x7B, 0x8C, 0x61, 0x10,
    0x03, 0x7A, 0x4B, 0xD9, 0xA3, 0x96, 0x8A, 0x7B, 0x3D, 0x65, 0xE3, 0x4A, 0x6F, 0x83, 0x77, 0xFE,
    0x5D, 0x47, 0xC5, 0x4F, 0x7D, 0x00, 0x3F, 0x6F, 0x53, 0x6E, 0xE1, 0x0F, 0xC7, 0x38, 0xD0, 0x57,
    0xC2, 0xEA, 0x5A, 0x58, 0xD1, 0x20, 0xE6, 0xE3, 0xB8, 0xCF, 0x79, 0x7F, 0x84, 0xA9, 0x2E, 0xB6,
    0xEB, 0x3A, 0xD0, 0x87, 0x7E, 0x87, 0x50, 0xED, 0xD7, 0xB1, 0xAF, 0xFA, 0x80, 0x9D, 0xBC, 0x39,
    0x32, 0x21, 0x35, 0xE2, 0xB5, 0x06, 0x70, 0x40, 0x0B, 0x74, 0x40, 0x5F, 0xAA, 0xF9, 0x00, 0xCC,
    0x01, 0x09, 0x94, 0x7B, 0x6A, 0x2E, 0x1E, 0xAA, 0x79, 0xE1, 0xD5, 0x3C, 0x07, 0xA0, 0x97, 0xF3,
    0x14, 0x48, 0x00, 0x42, 0x9C, 0x72, 0x96, 0x7F, 0x98, 0x62, 0x3B, 0xB6, 0x11, 0x4E, 0xDA, 0x60,
    0x1F, 0x82, 0x8D, 0xC8, 0x9D, 0xAE, 0xF2, 0x76, 0x02, 0xBF, 0x4F, 0x6D, 0x4C, 0xC7, 0xF4, 0x21,
    0xB6, 0x63, 0x1B, 0x74, 0x96, 0x7F, 0xD8, 0xC6, 0x18, 0x27, 0xF9, 0x87, 0x6D, 0xF0, 0x3E, 0xC9,
    0x3F, 0x6C, 0x81, 0xF7, 0x89, 0xFE, 0x61, 0x0B, 0xBC, 0x2F, 0x60, 0x71, 0xA1, 0x01, 0x24, 0xBF,
    0x03, 0x9F, 0x47, 0x3D, 0xF8, 0xB1, 0xDD, 0xAC, 0xE3, 0x3E, 0x42, 0x7C, 0x2F, 0x7E, 0x19, 0x42,
    0xEE, 0x52, 0xD0, 0xDB, 0x2B, 0xD9, 0x03, 0x62, 0x8F, 0xBD, 0xFF, 0x38, 0xF0, 0x68, 0x8E, 0xC6,
    0xD6, 0xE0, 0x8F, 0xC8, 0xF0, 0x13, 0xEF, 0xF4, 0x5F, 0xFF, 0xDD, 0xEA, 0xBF, 0x7F, 0xDD, 0xEA,
    0x7F, 0x60, 0xEC, 0x05, 0xC6, 0xEE, 0x31, 0x76, 0x7B, 0x34, 0x76, 0xC9, 0x7A, 0xBF, 0xD7, 0xD2,
    0xD5, 0x89, 0xDD, 0x19, 0xF6, 0xC7, 0x40, 0xE9, 0x7E, 0x0D, 0x42, 0x54, 0x5B, 0x73, 0x8C, 0x1C,
    0xF3, 0xAF, 0xC4, 0x37, 0x67, 0xDA, 0x9F, 0xAD, 0x8C, 0x71, 0x82, 0xFD, 0xD9, 0x06, 0xEF, 0x93,
    0xEC, 0xCF, 0x56, 0xE4, 0x3E, 0x63, 0xEF, 0x99, 0x2A, 0xEB, 0x58, 0x77, 0x4A, 0xD8, 0x1D, 0xD6,
    0x22, 0xD6, 0xAA, 0xB4, 0x87, 0x2E, 0x0E, 0x8B, 0x18, 0x37, 0x70, 0xFC, 0x20, 0x5D, 0xF4, 0xBD,
    0x63, 0x1E, 0x7A, 0x1C, 0x21, 0xF6, 0x9C, 0x80, 0x31, 0xE5, 0x98, 0xF3, 0x42, 0xAA, 0x4A, 0xB2,
    0x2F, 0x5F, 0xC2, 0x54, 0xD1, 0x2E, 0x0E, 0x91, 0x6E, 0xA5, 0x5F, 0xCE, 0x29, 0x13, 0xA0, 0x19,
    0xA3, 0x39, 0x0A, 0xF0, 0x9C, 0xAD, 0x05, 0x28, 0x83, 0x16, 0x33, 0x43, 0xFE, 0x87, 0x4C, 0xC9,
    0x60, 0xAD, 0x4D, 0x81, 0xDC, 0xA0, 0x40, 0x78, 0x51, 0x84, 0x36, 0xC4, 0x14, 0xA5, 0x35, 0x41,
    0x28, 0x56, 0x02, 0x0D, 0x57, 0xEE, 0x91, 0x4F, 0xE1, 0x3B, 0x64, 0x13, 0xF5, 0xB0, 0x1D, 0xF5,
    0x70, 0x18, 0xF5, 0xF0, 0x85, 0x38, 0x07, 0x09, 0xF2, 0x59, 0xE1, 0x63, 0xA8, 0x53, 0xC2, 0x75,
    0x3F, 0x05, 0x0F, 0xBA, 0x03, 0x39, 0x59, 0x97, 0xB5, 0x42, 0x3E, 0x8A, 0x77, 0xF3, 0x17, 0xCE,
    0x29, 0x8D, 0x95, 0x0B, 0x69, 0xF3, 0x16, 0x63, 0x20, 0xDF, 0xE0, 0xC8, 0x03, 0x49, 0x6F, 0x8C,
    0xCD, 0x99, 0xDF, 0xA5, 0xDF, 0xC0, 0x0F, 0xFA, 0x95, 0x04, 0xFD, 0x72, 0x41, 0xBF, 0x76, 0xE8,
    0xC3, 0x8D, 0x79, 0xA5, 0xED, 0xAB, 0x21, 0x4F, 0x67, 0x3C, 0x3D, 0xFA, 0x8B, 0x4D, 0xF8, 0x14,
    0xF7, 0x10, 0x62, 0x3E, 0xE8, 0x03, 0xF8, 0x79, 0xBA, 0x36, 0xFA, 0x3E, 0x1D, 0xBF, 0x2F, 0xBD,
    0xEF, 0x28, 0xBB, 0xE7, 0xC2, 0x3F, 0xBF, 0xF3, 0x77, 0x6F, 0xCA, 0x13, 0xBA, 0xAA, 0xE4, 0xC2,
    0xDB, 0x8F, 0xE5, 0x7D, 0x77, 0x51, 0x54, 0x9C, 0x3E, 0x77, 0xC8, 0x62, 0x3B, 0xE8, 0x58, 0x77,
    0x17, 0xA9, 0x74, 0x1F, 0x50, 0x1F, 0x7C, 0xF9, 0xD6, 0x7D, 0xA7, 0x7F, 0xF1, 0x8D, 0xA8, 0x4D,
    0x15, 0xCF, 0x42, 0xA6, 0x58, 0xF4, 0x2E, 0x74, 0xEF, 0xB9, 0x75, 0xF7, 0x5D, 0x5D, 0x44, 0xFD,
    0xB1, 0x73, 0xA4, 0xD5, 0xD8, 0xF3, 0x7D, 0xC7, 0x9B, 0xE6, 0x54, 0xBB, 0x36, 0x33, 0x07, 0x21,
    0x6E, 0x2D, 0xE3, 0x1E, 0xE0, 0x33, 0xA1, 0x49, 0x87, 0xEB, 0xA8, 0xD7, 0x7F, 0xC0, 0x18, 0xF3,
    0xD0, 0xBE, 0x1C, 0xE3, 0x14, 0x1B, 0xB6, 0x11, 0x3F, 0xC4, 0xC6, 0x4F, 0xB2, 0x57, 0x9B, 0xF0,
    0x0A, 0xF6, 0xE9, 0x7F, 0x7D, 0xC0, 0xAA, 0x7D, 0xDA, 0x48, 0xAE, 0x0F, 0x78, 0x1B, 0xA6, 0x7D,
    0xD8, 0x84, 0x7A, 0xDC, 0x82, 0xC6, 0x8F, 0x85, 0xB7, 0xFC, 0x63, 0x05, 0xEC, 0x62, 0xE1, 0x3D,
    0x87, 0xE9, 0x89, 0x16, 0x47, 0x8F, 0xDB, 0xED, 0xBC, 0x7D, 0x8D, 0x42, 0xCA, 0x9C, 0x3F, 0x72,
    0xE2, 0x5E, 0x1F, 0xF7, 0xD6, 0x39, 0x3B, 0x42, 0xF1, 0xA1, 0xFF, 0x28, 0xCB, 0x1D, 0x70, 0xDE,
    0x11, 0x71, 0x89, 0xE1, 0x0B, 0x68, 0x36, 0xFA, 0x21, 0x13, 0x4F, 0xE0, 0x7D, 0x93, 0x7F, 0x45,
    0xF3, 0xB3, 0x33, 0xB0, 0x86, 0x19, 0x3E, 0x25, 0x64, 0xCB, 0x0D, 0x1F, 0xBC, 0x8E, 0x60, 0xCD,
    0x47, 0x4B, 0x5E, 0x8C, 0x99, 0x7C, 0xD2, 0x5D, 0x5C, 0x46, 0x81, 0x09, 0x6B, 0x0A, 0x47, 0x80,
    0xEF, 0xB5, 0xA4, 0xF7, 0x90, 0xA0, 0x41, 0x9A, 0x70, 0xCE, 0x13, 0xCF, 0x1E, 0x4F, 0xC5, 0x59,
    0x9A, 0xCB, 0xFC, 0x79, 0x5C, 0xE6, 0xC7, 0x72, 0x9C, 0x2E, 0xD7, 0xC1, 0x99, 0x9A, 0xFB, 0xAB,
    0xF9, 0x9D, 0xE0, 0x69, 0x37, 0xE1, 0xF5, 0xA4, 0xC8, 0x79, 0x13, 0x3E, 0x27, 0x79, 0xE8, 0x8D,
    0xBE, 0x4F, 0x52, 0xB4, 0x20, 0xA6, 0x5A, 0x9E, 0x0C, 0xAE, 0x9D, 0x1C, 0x4E, 0x27, 0x8B, 0xC7,
    0x68, 0x70, 0xD9, 0x31, 0x32, 0x0B, 0x91, 0x96, 0x68, 0xB4, 0x45, 0x86, 0xDD, 0xC8, 0xAF, 0x10,
    0x99, 0x7D, 0xFB, 0xAD, 0x93, 0xC8, 0x22, 0xCA, 0xBE, 0x68, 0x44, 0x5B, 0xDA, 0x31, 0xA3, 0x47,
    0x24, 0x76, 0x38, 0x39, 0xA5, 0x53, 0x2D, 0x96, 0xE6, 0x93, 0xC4, 0xD3, 0xB0, 0x8C, 0x2C, 0x8C,
    0x12, 0x0B, 0xAD, 0xB2, 0x8E, 0xCD, 0xF9, 0xC9, 0xEB, 0xBE, 0x11, 0xBF, 0xC7, 0xD6, 0xFD, 0xDA,
    0xC6, 0xBC, 0xC2, 0x7A, 0xB1, 0xD7, 0x7A, 0xB0, 0xBE, 0x5E, 0x1B, 0xC9, 0xC5, 0x11, 0xD4, 0x6C,
    0x8C, 0xA0, 0xB2, 0xF5, 0x08, 0x6A, 0x3A, 0xC5, 0xC7, 0x8C, 0x37, 0x98, 0xF9, 0x9A, 0x4F, 0x54,
    0x50, 0xB3, 0x3C, 0xC9, 0xA7, 0x61, 0x8C, 0xA0, 0x38, 0x8B, 0xE0, 0x28, 0x6A, 0x0A, 0x4E, 0x60,
    0xC0, 0x0A, 0x58, 0x88, 0x02, 0x24, 0x45, 0xBB, 0x12, 0xED, 0x1C, 0x47, 0x8E, 0x48, 0x07, 0x11,
    0x8C, 0x61, 0x83, 0x03, 0xEF, 0x65, 0xA2, 0x4E, 0xAD, 0x83, 0xEB, 0xB9, 0x9D, 0xE9, 0x98, 0xFE,
    0x09, 0x7C, 0x92, 0x76, 0x17, 0x36, 0xD7, 0x28, 0x06, 0x3F, 0x2F, 0xE7, 0x63, 0x4B, 0xF2, 0xFF,
    0x1F, 0xAD, 0x5A, 0x3D, 0x8F, 0xDD, 0x58, 0x19, 0x7E, 0x6D, 0x27, 0x73, 0x43, 0x0C, 0xF2, 0x14,
    0x83, 0xC4, 0x8A, 0x80, 0x53, 0xA4, 0x08, 0x02, 0xAD, 0x9B, 0x2D, 0x28, 0x36, 0x73, 0xBC, 0x59,
    0xD0, 0x16, 0x29, 0x92, 0x9A, 0x06, 0x6A, 0x84, 0x34, 0x94, 0x2B, 0x91, 0xDC, 0x63, 0xA0, 0xA0,
    0x9D, 0x9F, 0x90, 0x1F, 0x81, 0xB4, 0x48, 0x64, 0xC6, 0xCE, 0xF2, 0x03, 0x70, 0x46, 0x74, 0x5B,
    0xE0, 0xAC, 0xD2, 0x6D, 0x11, 0x03, 0x16, 0xF1, 0x12, 0xDB, 0x87, 0xE7, 0x3D, 0xAF, 0x7D, 0xE7,
    0xCE, 0xCE, 0x5C, 0xCF, 0x1D, 0xC7, 0xD7, 0x7E, 0x66, 0xAE, 0xED, 0xE3, 0xF7, 0x3C, 0xE7, 0xEB,
    0xFD, 0x3A, 0xD7, 0x31, 0x2D, 0x39, 0x3D, 0xCE, 0x7C, 0x74, 0x45, 0x94, 0xD6, 0x44, 0xA6, 0xB1,
    0x70, 0xDA, 0x96, 0xDC, 0xA6, 0x23, 0xAF, 0x4E, 0xC9, 0xAB, 0x34, 0xF9, 0xA5, 0x4A, 0x82, 0x42,
    0x65, 0x81, 0x31, 0x59, 0x68, 0x4C, 0x1E, 0x19, 0xC3, 0x57, 0x7C, 0xB7, 0xD4, 0xB1, 0x5F, 0xA5,
    0xB4, 0xA8, 0x7D, 0x53, 0xD2, 0x80, 0xE1, 0xE3, 0x9A, 0x43, 0x0A, 0x4D, 0x4D, 0x0A, 0xF5, 0x45,
    0x4E, 0x47, 0xD7, 0xC8, 0xD0, 0x8E, 0x31, 0x84, 0xF7, 0x49, 0xC7, 0x86, 0x52, 0x5C, 0xA7, 0x1F,
    0xE1, 0xBB, 0x49, 0x73, 0xD5, 0xA9, 0xDC, 0xAF, 0xC2, 0x9C, 0x92, 0x1B, 0xE4, 0x15, 0x91, 0xAD,
    0xD7, 0xF2, 0x64, 0x5E, 0xB8, 0x3D, 0x27, 0x57, 0x87, 0x6E, 0x53, 0x18, 0x3F, 0xA3, 0xE0, 0xA4,
    0xA6, 0x05, 0xF8, 0xBA, 0x06, 0xF2, 0xD3, 0x78, 0x3A, 0xE7, 0x71, 0x4E, 0xF1, 0x08, 0x27, 0x7E,
    0x5A, 0x33, 0x27, 0x22, 0xA7, 0x20, 0xF2, 0x41, 0x22, 0xBC, 0x06, 0xA0, 0xE1, 0x7E, 0xBD, 0x3D,
    0x17, 0x93, 0x2B, 0xA3, 0x73, 0xBF, 0x8E, 0x32, 0xBC, 0x87, 0x56, 0x3C, 0x06, 0x6A, 0xC8, 0xE2,
    0xC1, 0x50, 0x39, 0xB9, 0xF8, 0xBA, 0xC0, 0xD7, 0x00, 0x08, 0x51, 0x44, 0xE1, 0xFA, 0xE6, 0xDA,
    0xF8, 0xA7, 0x05, 0xC6, 0xAD, 0x41, 0x5D, 0x06, 0xA5, 0xD3, 0x44, 0x27, 0x2A, 0x4B, 0xE9, 0x3D,
    0x48, 0xA7, 0x73, 0xE0, 0xFB, 0xFC, 0x9C, 0xCB, 0x71, 0x79, 0xDF, 0x8E, 0x11, 0xA8, 0x73, 0x1D,
    0x1E, 0xFA, 0xC1, 0xE7, 0x7A, 0x50, 0x47, 0xB4, 0x56, 0x07, 0x9E, 0x2F, 0x56, 0xF2, 0x8F, 0x49,
    0x25, 0xBB, 0xE0, 0x4F, 0x2B, 0xA8, 0x64, 0x0F, 0xF7, 0xB5, 0x7D, 0xBE, 0x18, 0xE4, 0x29, 0xC8,
    0x30, 0x05, 0x79, 0x6F, 0x6B, 0x0A, 0xF2, 0x96, 0xBC, 0xF8, 0xCE, 0x7C, 0x5C, 0xD7, 0x64, 0xFB,
    0x56, 0xF6, 0xDD, 0xE9, 0x3C, 0xB9, 0x9D, 0x3A, 0x13, 0x44, 0xF1, 0xBC, 0x7D, 0x3A, 0x22, 0xFB,
    0xAA, 0x3C, 0x5D, 0xB4, 0x31, 0xC8, 0x8F, 0xC8, 0xFB, 0x6F, 0x6D, 0xDB, 0x6E, 0xFB, 0x60, 0x46,
    0xAE, 0x2C, 0xDF, 0x2F, 0x8E, 0x6C, 0x9F, 0x9E, 0x91, 0x3F, 0x81, 0xEB, 0x4D, 0xFA, 0x15, 0x45,
    0x7F, 0xC0, 0xB8, 0x7F, 0x85, 0x31, 0x32, 0x99, 0x54, 0x3C, 0x2C, 0x7F, 0xAC, 0x09, 0x8D, 0x35,
    0xA1, 0x4D, 0x47, 0x9A, 0xE7, 0x7E, 0xAC, 0x13, 0x1D, 0xAB, 0x6C, 0x33, 0xF0, 0xDC, 0xAE, 0x91,
    0xAE, 0x7F, 0xEF, 0x10, 0x52, 0x5A, 0x0D, 0x2C, 0x81, 0x27, 0xC0, 0xE3, 0x1E, 0xBB, 0x8B, 0xAA,
    0xA5, 0x00, 0x6B, 0x37, 0xEA, 0x5A, 0x52, 0x9F, 0x03, 0x71, 0x0B, 0xF9, 0xA7, 0xE0, 0x6B, 0xBE,
    0xCF, 0xCF, 0xB9, 0x1C, 0x97, 0x0F, 0xCD, 0x2B, 0xA0, 0x63, 0xFE, 0x49, 0x98, 0xEB, 0x2C, 0xCC,
    0xC3, 0x22, 0xCC, 0x83, 0x92, 0x61, 0xCC, 0x29, 0x86, 0x7B, 0xF2, 0x5C, 0x67, 0xB6, 0xBC, 0x7D,
    0xEF, 0x15, 0xF8, 0x04, 0x32, 0x00, 0x03, 0xF8, 0x1A, 0x70, 0xBA, 0xA0, 0xF0, 0xCD, 0xDF, 0x8B,
    0xC0, 0xBC, 0x2E, 0xA2, 0x42, 0xB1, 0xCE, 0x38, 0x07, 0xBE, 0xCF, 0xCF, 0xB9, 0x1C, 0x97, 0x0F,
    0x4D, 0x2E, 0xE7, 0xAA, 0xC7, 0x8C, 0x69, 0xFA, 0xD3, 0x76, 0x64, 0x7F, 0x8E, 0xDE, 0x5C, 0x98,
    0x8A, 0x06, 0x0C, 0x1F, 0x27, 0x3D, 0xB4, 0xDC, 0x58, 0xF9, 0xA8, 0x24, 0x8D, 0x35, 0xFF, 0x45,
    0x23, 0x00, 0x4C, 0x16, 0x9E, 0x18, 0x37, 0x30, 0x90, 0x4B, 0xFB, 0x9C, 0x27, 0x85, 0x83, 0x81,
    0xBC, 0x41, 0xC9, 0xBE, 0x53, 0xAA, 0x4F, 0xCA, 0xC0, 0xE4, 0x0B, 0x93, 0x38, 0xED, 0x74, 0x4A,
    0x2E, 0x74, 0x76, 0x90, 0x40, 0x67, 0xBF, 0x68, 0x2C, 0x2D, 0x97, 0xE7, 0x98, 0x8E, 0x27, 0x53,
    0x23, 0xA8, 0x68, 0xC3, 0x27, 0xBD, 0x03, 0x29, 0x52, 0x2C, 0x3D, 0x11, 0x28, 0x7A, 0xA7, 0xBE,
    0x9A, 0x52, 0x3D, 0x61, 0x88, 0x12, 0x0A, 0x7E, 0x46, 0x41, 0xC7, 0x66, 0xED, 0xD2, 0x5A, 0xAF,
    0xA1, 0xD6, 0x27, 0x6B, 0xB5, 0x42, 0x55, 0xE3, 0x7D, 0x0A, 0xF1, 0x70, 0x7F, 0x17, 0x2D, 0xE0,
    0x99, 0x57, 0xD1, 0xB7, 0x29, 0x57, 0x5E, 0x19, 0xFE, 0x13, 0x43, 0x16, 0xC3, 0xEA, 0x4C, 0xEE,
    0x1D, 0x8F, 0x3E, 0x80, 0xCA, 0xC1, 0x70, 0xBD, 0xAD, 0x60, 0xCA, 0x31, 0x21, 0x75, 0x32, 0x7D,
    0xB8, 0xC2, 0xC2, 0x9A, 0x7E, 0x07, 0x4B, 0xCF, 0x2B, 0xE1, 0x1A, 0x64, 0xDF, 0x11, 0x5E, 0x07,
    0xAF, 0x30, 0x88, 0x1D, 0xCA, 0x19, 0x36, 0xF0, 0x59, 0x94, 0x87, 0xB9, 0xCA, 0x6E, 0xC6, 0xAC,
    0x7D, 0xD4, 0xE7, 0x30, 0xB3, 0x03, 0x32, 0x5F, 0x96, 0x4B, 0x8E, 0x25, 0x52, 0x45, 0x58, 0x32,
    0xA6, 0xF0, 0xCC, 0x17, 0x05, 0xA5, 0x0F, 0x0A, 0x36, 0xFD, 0xEC, 0x02, 0x2C, 0xDE, 0x96, 0x14,
    0x3C, 0x07, 0x5F, 0xFA, 0xAD, 0xF0, 0x44, 0x19, 0x2E, 0xA7, 0x18, 0x49, 0x87, 0xE5, 0x9F, 0x82,
    0x29, 0x9B, 0xDF, 0x8E, 0x02, 0xC3, 0xD3, 0xF0, 0xD0, 0x0E, 0x3A, 0x9B, 0x67, 0x94, 0xC9, 0xC0,
    0x21, 0xBF, 0x87, 0x65, 0x7B, 0x0C, 0xB2, 0x06, 0xD7, 0x30, 0xCB, 0xB1, 0x0F, 0x95, 0x73, 0xA9,
    0x4B, 0x33, 0x43, 0x1B, 0xDC, 0x8B, 0x5C, 0x9A, 0x61, 0x79, 0xCC, 0xD5, 0x0E, 0x6B, 0xD6, 0x0B,
    0x41, 0x90, 0xCD, 0xCA, 0x9F, 0x34, 0xCF, 0xB1, 0x44, 0xA0, 0xD9, 0x8D, 0x51, 0xD6, 0xEE, 0x39,
    0x58, 0xEA, 0xCC, 0x51, 0x41, 0x3E, 0x73, 0x1E, 0xB8, 0x33, 0xD7, 0xC0, 0xD4, 0xDB, 0x73, 0x9F,
    0x83, 0x23, 0x7F, 0x98, 0x5A, 0xD4, 0x9B, 0x63, 0xAE, 0x78, 0x1F, 0xD8, 0xE3, 0x4E, 0xC6, 0x75,
    0x90, 0x08, 0x22, 0xD6, 0x06, 0x07, 0x19, 0xE9, 0x74, 0xDE, 0x36, 0x60, 0x9E, 0x3A, 0x76, 0x9E,
    0x56, 0xFD, 0x3C, 0xFD, 0x40, 0x4C, 0x62, 0x3C, 0x72, 0xE0, 0xDD, 0x15, 0x46, 0x0E, 0x17, 0xD3,
    0x12, 0xCB, 0x9D, 0xC2, 0xD7, 0x39, 0x29, 0xB8, 0x8A, 0xB7, 0x28, 0x27, 0x56, 0xD7, 0x17, 0x23,
    0xCA, 0x9D, 0x36, 0xAD, 0x9C, 0xCE, 0x34, 0x8E, 0xF1, 0x5A, 0xC7, 0x1E, 0x34, 0x0A, 0x98, 0x3D,
    0x7B, 0x18, 0xAB, 0x1A, 0x04, 0xC3, 0x3D, 0x76, 0x89, 0x57, 0x18, 0x3D, 0x58, 0xB9, 0x64, 0x2B,
    0xF0, 0xB5, 0xC5, 0x09, 0xCC, 0xF0, 0x17, 0x26, 0x0E, 0x5F, 0xC3, 0xBD, 0x2E, 0x55, 0x5F, 0x36,
    0x18, 0x85, 0x5B, 0xDF, 0xB1, 0x63, 0xC2, 0xD8, 0xF1, 0x8B, 0xD5, 0x54, 0x56, 0xAC, 0x93, 0x7A,
    0x9C, 0xF1, 0x53, 0x2E, 0xC1, 0xFA, 0x7B, 0x5E, 0x75, 0x1B, 0xC3, 0x8A, 0xF3, 0xFA, 0xF7, 0x59,
    0x70, 0x6A, 0xFA, 0x13, 0x8A, 0xED, 0xFC, 0x09, 0xA5, 0x27, 0xE7, 0x45, 0x36, 0x77, 0x2E, 0x46,
    0x08, 0xCA, 0xE4, 0xEC, 0x5D, 0xB2, 0xED, 0x18, 0x8D, 0x99, 0xDC, 0xB9, 0x98, 0x39, 0xB4, 0x0B,
    0xB5, 0x05, 0xAD, 0x05, 0x72, 0xAC, 0xB3, 0x6C, 0x14, 0xB6, 0x25, 0xBF, 0x39, 0xEA, 0x27, 0xFA,
    0x14, 0xA1, 0x0B, 0xDA, 0xE5, 0xBD, 0x00, 0xA0, 0x7C, 0xD8, 0xE0, 0x59, 0x5D, 0x14, 0x0B, 0xF4,
    0x9A, 0x97, 0x6C, 0x4E, 0x41, 0xE9, 0x66, 0x80, 0xDA, 0x0A, 0x44, 0x4F, 0x44, 0xFE, 0xE2, 0xB9,
    0x2C, 0x30, 0x96, 0xBF, 0xC1, 0x6B, 0x98, 0xA3, 0x3D, 0x5B, 0x76, 0x9D, 0x86, 0x0A, 0xBA, 0x0C,
    0xBF, 0xEE, 0xDB, 0x73, 0x9D, 0x5F, 0x44, 0xB4, 0xA9, 0x9F, 0x9F, 0xAA, 0x2C, 0x87, 0x55, 0x16,
    0x0C, 0xB7, 0xCE, 0xA0, 0x56, 0x00, 0xFE, 0xBE, 0x6A, 0x46, 0x92, 0x5E, 0x19, 0xAB, 0xBE, 0xD3,
    0xDC, 0xF4, 0x56, 0xA2, 0x7C, 0x8E, 0x56, 0xD9, 0x25, 0x39, 0x86, 0x9F, 0x56, 0x43, 0xA7, 0x3E,
    0x95, 0x70, 0xD2, 0xC3, 0xDA, 0x1F, 0x20, 0x66, 0x62, 0x33, 0x1C, 0x28, 0x78, 0x1C, 0x49, 0x54,
    0xA4, 0x49, 0xF0, 0x8D, 0xE8, 0x12, 0x13, 0xAE, 0x6B, 0x16, 0xC5, 0xB1, 0x9B, 0xDC, 0xB5, 0xFE,
    0x4D, 0x26, 0x27, 0x3F, 0xBA, 0xEC, 0x4C, 0xD9, 0x59, 0xA1, 0x94, 0xA3, 0x82, 0x28, 0x97, 0x08,
    0x04, 0xFD, 0xF3, 0x31, 0xAE, 0x1F, 0x20, 0xC2, 0xF8, 0x65, 0x69, 0x35, 0xBF, 0x36, 0x8C, 0x1C,
    0xC0, 0xF5, 0x57, 0x15, 0xE9, 0xBF, 0x35, 0xA4, 0xEF, 0x77, 0x36, 0x72, 0x47, 0xFF, 0xF6, 0x51,
    0x4B, 0x28, 0x6B, 0x52, 0xF5, 0x51, 0xF9, 0x60, 0x52, 0xEE, 0x89, 0x59, 0xD9, 0x3C, 0xEA, 0x78,
    0xFF, 0x23, 0xC8, 0xFA, 0x84, 0xEB, 0x2B, 0xFA, 0xFA, 0x62, 0xA9, 0xF3, 0x75, 0x29, 0x3C, 0x3E,
    0x6E, 0xFA, 0x08, 0xC9, 0xD6, 0x95, 0xF7, 0xB6, 0x42, 0xA6, 0x34, 0x62, 0x1F, 0x3A, 0x02, 0x9E,
    0x01, 0x8F, 0xBE, 0x21, 0xEF, 0x21, 0xE4, 0xE9, 0xCB, 0xE5, 0xED, 0xD8, 0x30, 0x05, 0x0A, 0x58,
    0x25, 0x2C, 0xEE, 0xD6, 0x6A, 0x99, 0x6C, 0x7F, 0x9A, 0x4E, 0x4E, 0x9B, 0x3C, 0xB0, 0x89, 0x83,
    0x42, 0xAC, 0x2B, 0x77, 0xC3, 0x0F, 0x86, 0x80, 0x2F, 0x5E, 0xE1, 0x2A, 0xAB, 0x62, 0xC0, 0xBA,
    0x05, 0x9C, 0x42, 0x0D, 0x9F, 0xCE, 0x06, 0x09, 0x0D, 0x39, 0xF0, 0x3F, 0x4B, 0xEE, 0xAF, 0x39,
    0x39, 0xAD, 0x86, 0x25, 0xED, 0x87, 0xA4, 0xE1, 0xDC, 0x8D, 0x0C, 0x0B, 0x5D, 0x7F, 0x84, 0x55,
    0x90, 0x06, 0x79, 0x1A, 0x64, 0xF6, 0x4C, 0xB6, 0x64, 0xAD, 0xCD, 0xCF, 0x1F, 0x69, 0xF3, 0xB0,
    0x00, 0x30, 0x01, 0x1F, 0x66, 0x3D, 0xE2, 0x99, 0x3A, 0xCD, 0xAD, 0x53, 0xAF, 0xE5, 0x13, 0x5F,
    0x2E, 0xAA, 0x7E, 0x3B, 0x4D, 0xE9, 0x43, 0xDD, 0x63, 0xFA, 0x5B, 0xF0, 0xF7, 0x8B, 0x35, 0xE8,
    0x02, 0x9A, 0xE0, 0x3C, 0x6E, 0xD1, 0xE2, 0x7F, 0x4D, 0x9F, 0x58, 0x28, 0x48, 0x61, 0x78, 0x14,
    0xEE, 0xFF, 0x78, 0xBD, 0x0C, 0x3C, 0xB7, 0x01, 0xE3, 0xE3, 0xF5, 0x0B, 0xA0, 0xA3, 0x1D, 0x8C,
    0x75, 0x84, 0x60, 0x3C, 0x42, 0x99, 0x1F, 0x8D, 0x8D, 0xD7, 0xC8, 0x5C, 0xB5, 0x43, 0x99, 0x45,
    0xB1, 0x2E, 0x80, 0x12, 0xA8, 0x80, 0x1A, 0x68, 0xA2, 0x78, 0xD9, 0x02, 0x4B, 0x40, 0x01, 0xD1,
    0x41, 0xBC, 0x0C, 0x5F, 0xC7, 0xCB, 0xC0, 0xC4, 0x4B, 0x1F, 0x80, 0x65, 0x58, 0x7A, 0x80, 0x0B,
    0xD0, 0x78, 0x1D, 0xFA, 0x01, 0x54, 0xC9, 0x01, 0x54, 0x0D, 0x3A, 0xD7, 0xAA, 0x5F, 0x7B, 0xA8,
    0x71, 0xCC, 0xC1, 0x69, 0x64, 0x9E, 0x4E, 0xE1, 0x74, 0x46, 0xDE, 0x71, 0xAF, 0x8A, 0x7A, 0x79,
    0xEC, 0xD9, 0x06, 0x19, 0xC6, 0xF7, 0xCD, 0x10, 0x39, 0xC6, 0xB3, 0xF6, 0xEF, 0xA6, 0xC8, 0x74,
    0x4A, 0x3B, 0x9A, 0xB5, 0xAE, 0x60, 0xCF, 0x8D, 0xF5, 0x39, 0xB3, 0xF5, 0xAA, 0x63, 0xF2, 0xDE,
    0xC0, 0x4C, 0xBD, 0x35, 0xB9, 0xD7, 0x84, 0x85, 0x57, 0x05, 0x97, 0x62, 0x9E, 0x71, 0xB2, 0x76,
    0x24, 0x46, 0xD4, 0xC7, 0x40, 0xFB, 0xEA, 0x89, 0xE3, 0xD3, 0x23, 0x35, 0xB1, 0x2C, 0xE6, 0x7A,
    0xB5, 0x79, 0x70, 0x6E, 0x03, 0x01, 0xD1, 0x15, 0xCC, 0x31, 0xD9, 0x04, 0x37, 0x3C, 0x70, 0x9B,
    0xDC, 0xB6, 0x09, 0x6E, 0xBF, 0xD4, 0x89, 0x5F, 0x0D, 0xE0, 0xEB, 0xE1, 0x19, 0x97, 0x0B, 0xC4,
    0x8C, 0x5B, 0x73, 0xBF, 0x29, 0xE7, 0x24, 0x91, 0x93, 0xF0, 0xEE, 0xE3, 0xA6, 0x6C, 0x00, 0x5F,
    0x5B, 0xF7, 0xC3, 0xD6, 0xDD, 0xD8, 0xF2, 0xDB, 0x44, 0xDB, 0xEF, 0xCA, 0xF5, 0xB2, 0x64, 0xD4,
    0x95, 0x39, 0xEF, 0x5D, 0x47, 0x57, 0xB3, 0xAA, 0x0E, 0x33, 0x6A, 0x54, 0xEC, 0x56, 0x30, 0xA8,
    0x4F, 0xEF, 0xCE, 0xCA, 0x99, 0x1E, 0xC1, 0x9F, 0x68, 0x31, 0x2F, 0x1A, 0x4D, 0x5E, 0xD9, 0x92,
    0xFF, 0xA2, 0x26, 0x37, 0x79, 0x3A, 0x9D, 0x73, 0x6A, 0x6A, 0xE8, 0xD6, 0x1A, 0x51, 0x5B, 0xAD,
    0x4E, 0xF0, 0xEE, 0x7D, 0xB8, 0x07, 0x6E, 0x03, 0xE3, 0xC0, 0x30, 0xD5, 0x29, 0xE4, 0x3E, 0x3F,
    0xE7, 0x72, 0x5C, 0x9E, 0xDF, 0xB3, 0xEF, 0x57, 0x70, 0xA0, 0x3A, 0x93, 0xEF, 0x47, 0x27, 0xE5,
    0x93, 0x20, 0xAB, 0x9E, 0x05, 0x59, 0xFD, 0x0C, 0xFE, 0xA5, 0x20, 0x23, 0x06, 0xEE, 0x1F, 0xEE,
    0x47, 0x5F, 0x96, 0xBC, 0x69, 0xB2, 0xA8, 0xE0, 0x32, 0xAF, 0x36, 0x33, 0x8A, 0x7E, 0x33, 0xE3,
    0xAC, 0xFE, 0x55, 0xD0, 0xE1, 0x36, 0xD2, 0xC6, 0xFC, 0x87, 0x6B, 0x99, 0x28, 0x4E, 0x56, 0xAF,
    0x80, 0x6B, 0xBE, 0x6F, 0x9F, 0x97, 0xA4, 0xFE, 0x54, 0x91, 0xFA, 0x23, 0x78, 0xFD, 0xBE, 0x8F,
    0xCC, 0x39, 0xF5, 0x8D, 0x72, 0xE4, 0x24, 0xB2, 0x99, 0x61, 0xEB, 0xE1, 0x10, 0x33, 0x61, 0xA5,
    0x24, 0xF2, 0xBB, 0x20, 0x53, 0x1D, 0x64, 0x75, 0xF0, 0x8D, 0xBA, 0x44, 0x92, 0xD3, 0xDD, 0x79,
    0xAC, 0x7B, 0xE5, 0xB3, 0x70, 0x12, 0xDF, 0x5A, 0xDA, 0xAB, 0x25, 0xB0, 0xB0, 0xFB, 0x3C, 0x7B,
    0xD3, 0x38, 0xD9, 0x71, 0xE7, 0x68, 0x1E, 0xCA, 0xCB, 0xC1, 0x12, 0x71, 0x4B, 0x01, 0x27, 0x32,
    0x3C, 0xBA, 0x63, 0xF5, 0xAF, 0xF7, 0xE6, 0xAC, 0x7E, 0x9C, 0xAB, 0x7F, 0xDD, 0xE4, 0x7B, 0xE8,
    0xDA, 0x63, 0x82, 0x03, 0x8E, 0x79, 0x54, 0xAE, 0x36, 0x0B, 0xA6, 0xB5, 0xE3, 0x50, 0x1A, 0xE1,
    0xD5, 0xFD, 0x78, 0x41, 0xD6, 0xCE, 0xDA, 0x66, 0xC9, 0x41, 0xCD, 0x6B, 0x87, 0xDD, 0xFF, 0x3C,
    0x2C, 0xC3, 0x24, 0xCC, 0x1D, 0xC9, 0x1A, 0x7C, 0x8D, 0xA2, 0xE6, 0x6B, 0xFB, 0x8C, 0x0E, 0xB8,
    0x91, 0x91, 0xDD, 0x21, 0xBB, 0x49, 0x9C, 0xA4, 0x8F, 0x38, 0x5B, 0xC6, 0x1B, 0x76, 0x98, 0xEB,
    0xAF, 0xE8, 0xC2, 0x39, 0xF7, 0xDE, 0xA0, 0xA3, 0x0A, 0xC8, 0xE9, 0x24, 0x9B, 0x99, 0xFD, 0x46,
    0x3C, 0x79, 0xBB, 0x71, 0xC7, 0x19, 0x66, 0xC3, 0x05, 0xE2, 0xF7, 0x11, 0x40, 0x69, 0x23, 0xE1,
    0xD3, 0x8E, 0x19, 0xB2, 0x99, 0xE0, 0xCB, 0xD9, 0xCC, 0x0A, 0xC2, 0x56, 0xD9, 0xCC, 0x19, 0xB8,
    0x62, 0xAC, 0x1C, 0xBB, 0xB9, 0x55, 0x59, 0x1B, 0xE7, 0xF5, 0x59, 0xA2, 0x49, 0x3C, 0xDF, 0x99,
    0x4F, 0x25, 0xFB, 0x91, 0x41, 0x25, 0x56, 0x72, 0x17, 0x46, 0x5E, 0xD5, 0x36, 0x83, 0xC8, 0x5C,
    0x85, 0x0F, 0xE6, 0x46, 0x76, 0x97, 0xD4, 0x3F, 0x64, 0x6E, 0xF1, 0xA6, 0xC8, 0xC0, 0xE7, 0x87,
    0x70, 0x0E, 0x84, 0x4F, 0x23, 0x7C, 0x7E, 0x42, 0x76, 0x3F, 0x13, 0x0A, 0x8C, 0xE8, 0x7E, 0x29,
    0x1B, 0x4D, 0x3C, 0x37, 0xB3, 0x6F, 0x49, 0x3F, 0xB6, 0xAD, 0xF4, 0x6B, 0x58, 0xCC, 0x3A, 0xFE,
    0x5E, 0x2C, 0xFE, 0x82, 0x67, 0xFD, 0x85, 0x62, 0x2D, 0x93, 0x7D, 0xF5, 0x3E, 0xC5, 0xF7, 0x6A,
    0xC0, 0x69, 0x0A, 0xEB, 0x8A, 0x60, 0x5D, 0xE4, 0xD7, 0xE2, 0x34, 0xED, 0x3D, 0x93, 0x30, 0x39,
    0x2C, 0x64, 0x2F, 0xA3, 0x07, 0xAF, 0x6D, 0x83, 0xB5, 0x38, 0x60, 0x73, 0x36, 0xCF, 0x46, 0xBF,
    0xB1, 0x05, 0x3B, 0xBF, 0x1E, 0xEB, 0xBE, 0x46, 0x62, 0xC4, 0x6B, 0xFB, 0xFD, 0x5E, 0x74, 0x65,
    0x33, 0xEE, 0x5E, 0xA9, 0xEC, 0xE6, 0xB6, 0xB5, 0x27, 0x6B, 0x36, 0x75, 0x96, 0x36, 0xD1, 0x77,
    0xE3, 0x5E, 0xC1, 0xC5, 0xB0, 0x53, 0x24, 0xB8, 0x37, 0xB9, 0x1D, 0x63, 0x9C, 0x02, 0x19, 0x5B,
    0x8B, 0x51, 0x4E, 0x5B, 0xF4, 0x67, 0x64, 0x77, 0x32, 0x9A, 0xF3, 0x3C, 0x52, 0xE1, 0xB1, 0x29,
    0xD3, 0x78, 0xD5, 0x24, 0x89, 0xF5, 0xD9, 0x7A, 0x1B, 0x2C, 0xF3, 0x0B, 0x6B, 0xBC, 0xBE, 0x7D,
    0x4E, 0xB6, 0xE6, 0x7C, 0xF0, 0x18, 0x56, 0x72, 0xD2, 0x38, 0xEC, 0x74, 0xBC, 0xA8, 0x81, 0x0D,
    0xB9, 0xC7, 0x39, 0x38, 0x5E, 0x24, 0x7B, 0x0A, 0xC7, 0xCB, 0xB2, 0x91, 0x73, 0x70, 0x1D, 0xAB,
    0x63, 0x0A, 0x67, 0x7E, 0x97, 0xED, 0xA7, 0xF7, 0xA2, 0x24, 0x2F, 0x2B, 0xED, 0xFF, 0xF5, 0x9D,
    0x99, 0x39, 0x38, 0xB3, 0x2C, 0x96, 0xE9, 0x9D, 0x40, 0xFE, 0xF3, 0xD2, 0xFE, 0x5F, 0xAF, 0x63,
    0x12, 0xEF, 0x11, 0x5F, 0x71, 0x36, 0xDE, 0x5C, 0x07, 0xFB, 0xBA, 0xAB, 0x3A, 0xAA, 0x55, 0x1D,
    0x53, 0x38, 0xBF, 0x1B, 0xA7, 0x06, 0x9C, 0xFA, 0xDD, 0x50, 0x4E, 0xBD, 0x3D, 0xDE, 0x15, 0x1D,
    0x17, 0x15, 0x13, 0xB8, 0xF0, 0xD6, 0xD0, 0x91, 0x38, 0x53, 0xDE, 0x4B, 0x92, 0x5F, 0x30, 0xA4,
    0xD0, 0x05, 0xF9, 0x85, 0x3B, 0x98, 0xC7, 0xF0, 0xBE, 0x04, 0x2E, 0xA3, 0x5A, 0x06, 0x27, 0x95,
    0x0E, 0x81, 0xE8, 0x4B, 0xE0, 0xDF, 0xA5, 0xDA, 0xFF, 0x4F, 0xA9, 0xEE, 0x01, 0x1F, 0xBE, 0x29,
    0xD5, 0x63, 0xE0, 0x2F, 0x7F, 0x2D, 0x55, 0x9D, 0x96, 0xAA, 0xD2, 0x8C, 0x22, 0x2A, 0x55, 0xB1,
    0x49, 0x76, 0x0B, 0xA3, 0x75, 0x14, 0xE6, 0xF5, 0x51, 0xF8, 0xB2, 0x5E, 0x46, 0x2F, 0xAB, 0xE5,
    0xFB, 0xFF, 0xAA, 0xF6, 0xEF, 0x41, 0xE6, 0x87, 0x3D, 0x7E, 0xFA, 0x59, 0x19, 0x7D, 0xFA, 0x59,
    0x11, 0xFD, 0xF9, 0x77, 0x45, 0x58, 0xE9, 0x9C, 0x63, 0x86, 0x4D, 0xB2, 0xD2, 0x64, 0x51, 0x73,
    0x5C, 0x11, 0xE5, 0x61, 0xC1, 0x11, 0x06, 0x47, 0x1C, 0x5E, 0x93, 0x92, 0xDB, 0x76, 0xF2, 0xC3,
    0x27, 0x8E, 0xB3, 0x54, 0x29, 0xBB, 0x83, 0x1B, 0x75, 0xEA, 0xDA, 0x2E, 0x2E, 0xEC, 0xF5, 0x20,
    0x5B, 0x27, 0x8B, 0x4A, 0x64, 0x07, 0x45, 0x50, 0x84, 0x19, 0xFF, 0x60, 0x0A, 0x77, 0x62, 0xAF,
    0xD6, 0xF6, 0x87, 0x54, 0xD4, 0xF6, 0xF2, 0x79, 0x4C, 0xB8, 0x0E, 0x96, 0x65, 0xF3, 0x22, 0x09,
    0x74, 0x1F, 0xF1, 0xF6, 0xB7, 0x75, 0x31, 0x38, 0x6E, 0xB2, 0x3F, 0xBA, 0x02, 0x6C, 0x0C, 0x35,
    0xCC, 0xD7, 0x39, 0xB8, 0x5F, 0x92, 0xF7, 0xE9, 0x77, 0xB0, 0x2D, 0xEC, 0xD6, 0x81, 0x07, 0xD9,
    0x3E, 0xDB, 0x65, 0xF9, 0x0D, 0x16, 0xEF, 0x6C, 0xF2, 0xCF, 0x0D, 0x16, 0xB2, 0xC9, 0x4E, 0x18,
    0x35, 0xE2, 0xFD, 0x41, 0x63, 0xD3, 0xCE, 0x82, 0xB1, 0x3A, 0xCE, 0xF8, 0xBC, 0x6E, 0x27, 0xF6,
    0x9F, 0x85, 0x40, 0x2E, 0x57, 0x15, 0xD4, 0x52, 0xCD, 0x99, 0x5C, 0xD5, 0x86, 0x9D, 0x86, 0x59,
    0xB8, 0x6E, 0xB3, 0x8B, 0xB1, 0x25, 0xCF, 0xB1, 0x7C, 0xCF, 0x1C, 0x5C, 0x17, 0xE7, 0xF2, 0x3D,
    0xF1, 0xF4, 0x3E, 0xF5, 0xD1, 0xF6, 0x88, 0xDB, 0xCF, 0xB9, 0xF1, 0xF5, 0x1C, 0xE1, 0x76, 0x39,
    0x61, 0x89, 0x8F, 0x04, 0xFF, 0x07, 0xB5, 0x56, 0x3D, 0x8E, 0xD4, 0x30, 0x14, 0x7E, 0x99, 0x00,
    0x91, 0x88, 0x20, 0x14, 0x94, 0x20, 0x5F, 0x00, 0x08, 0x05, 0x1D, 0x02, 0x87, 0x1B, 0x70, 0x10,
    0xA4, 0xA1, 0xA0, 0x04, 0x1C, 0xC1, 0x01, 0x98, 0x1B, 0x70, 0x05, 0x2E, 0xB0, 0x24, 0x0B, 0x25,
    0xC5, 0x9A, 0x6D, 0x69, 0x02, 0xAC, 0x44, 0x6B, 0x89, 0x48, 0x64, 0x45, 0x32, 0x8F, 0xEF, 0x39,
    0xCE, 0xEC, 0x0E, 0x2C, 0xA3, 0x15, 0xCC, 0x66, 0xF2, 0x69, 0x12, 0xDB, 0xEF, 0xFF, 0xB3, 0x5F,
    0x88, 0xA2, 0x9E, 0x26, 0xCC, 0xB9, 0x8B, 0x99, 0x5D, 0xC6, 0x5C, 0x2B, 0xA7, 0x1B, 0x5D, 0x67,
    0xCE, 0xA3, 0x4C, 0x9D, 0x29, 0xD3, 0x76, 0x82, 0xBC, 0x87, 0xB9, 0x06, 0xEB, 0xAC, 0xAC, 0x87,
    0x1C, 0x91, 0x39, 0x20, 0xA2, 0xB4, 0x99, 0x10, 0x55, 0xDC, 0x60, 0xCE, 0x6A, 0xE6, 0xD2, 0xD4,
    0x4C, 0x15, 0xE9, 0x92, 0x49, 0xD7, 0x13, 0xF0, 0x5E, 0x63, 0xBC, 0xC0, 0x3C, 0x65, 0xDC, 0x53,
    0x54, 0x59, 0xC8, 0xC7, 0x6E, 0x02, 0xE6, 0x05, 0x56, 0xE4, 0x4E, 0x03, 0x53, 0xE0, 0x17, 0xF4,
    0x29, 0x1E, 0x68, 0xC6, 0xCD, 0x9A, 0x3E, 0x43, 0x46, 0x60, 0x81, 0xE2, 0x44, 0xAC, 0xE4, 0xAB,
    0x42, 0x2D, 0x4D, 0x91, 0x74, 0xA6, 0x88, 0xEA, 0x4B, 0x90, 0xD4, 0x14, 0x0D, 0x03, 0xE2, 0x6B,
    0x89, 0x94, 0xF8, 0x18, 0x2E, 0x79, 0xAF, 0x3A, 0x22, 0xF8, 0x2E, 0x90, 0x35, 0xB3, 0x7E, 0x49,
    0x71, 0x57, 0x51, 0xDC, 0x1A, 0x42, 0x96, 0xCA, 0x4C, 0xB2, 0x28, 0xF9, 0x44, 0x1E, 0x72, 0xE6,
    0x31, 0xA7, 0x65, 0xE6, 0x4C, 0x91, 0xB6, 0x15, 0x25, 0x5D, 0x42, 0xB7, 0x29, 0xDB, 0xED, 0x29,
    0xF9, 0xE9, 0xE0, 0x2F, 0x74, 0x57, 0x85, 0x57, 0x3D, 0xE3, 0x05, 0x62, 0xE8, 0x48, 0x23, 0x8E,
    0x3C, 0x5A, 0xD2, 0x39, 0x62, 0xBA, 0x80, 0xB8, 0xA0, 0x03, 0x9E, 0x4A, 0x2E, 0x81, 0x07, 0x78,
    0xE6, 0xCA, 0xEA, 0xA5, 0xB6, 0x69, 0xAB, 0x6C, 0x42, 0x77, 0x28, 0xAB, 0xA1, 0xEB, 0x47, 0x4B,
    0x91, 0xE8, 0x32, 0xC5, 0xCA, 0x55, 0xC9, 0xC9, 0x04, 0x3F, 0x7E, 0x4A, 0x1C, 0x97, 0x4B, 0xE8,
    0xB1, 0xDA, 0xED, 0xD3, 0x9F, 0x6E, 0xC6, 0xF5, 0xE8, 0x67, 0xC5, 0xE1, 0x86, 0x3F, 0x7F, 0xDE,
    0x15, 0xF3, 0x78, 0x6F, 0x4C, 0xE2, 0xFC, 0x80, 0x62, 0x4F, 0x00, 0x4F, 0x3A, 0x7B, 0x0A, 0xD2,
    0xB9, 0x75, 0xD2, 0xB5, 0xE4, 0x03, 0xB7, 0x92, 0xC4, 0xF5, 0xC0, 0xA3, 0x6A, 0xE1, 0x89, 0x25,
    0xCE, 0x4B, 0x61, 0x4F, 0x20, 0x60, 0xB9, 0x4E, 0xC0, 0x05, 0x6D, 0x4A, 0xE2, 0x69, 0x89, 0xB8,
    0x89, 0x90, 0x7F, 0xF8, 0x1A, 0x0A, 0xFE, 0x57, 0x52, 0x6E, 0x20, 0x67, 0xC2, 0x88, 0x3D, 0x40,
    0xAE, 0xF4, 0x63, 0x47, 0xD9, 0x97, 0xDE, 0x43, 0x9E, 0xB7, 0xEA, 0xF7, 0xEF, 0xB6, 0x76, 0x3B,
    0x52, 0x5F, 0x7B, 0x0F, 0x79, 0xFE, 0xD7, 0x18, 0x28, 0x82, 0x60, 0x82, 0x8D, 0x9A, 0x01, 0xAA,
    0x04, 0x53, 0xF1, 0x7E, 0xE3, 0x6C, 0x63, 0xA1, 0xD9, 0x64, 0xD3, 0xAE, 0xDB, 0xDC, 0x56, 0x4C,
    0xA2, 0xBE, 0x78, 0x42, 0xD9, 0xE7, 0x1E, 0xDC, 0xC6, 0xD9, 0x83, 0xFD, 0xE2, 0x6D, 0x9C, 0x71,
    0x8D, 0x56, 0x76, 0xF7, 0x8F, 0xD9, 0x35, 0xB4, 0xDD, 0x7A, 0x5D, 0x41, 0xFA, 0x40, 0x81, 0x19,
    0xCE, 0x3C, 0xDA, 0xA1, 0x31, 0xAE, 0xCB, 0x67, 0x1C, 0xD7, 0x71, 0x9B, 0x43, 0xB0, 0x79, 0x7D,
    0xBB, 0xF5, 0x22, 0x7A, 0x83, 0x1E, 0xD1, 0x8F, 0xBD, 0x2B, 0x0E, 0x43, 0x79, 0x33, 0x1E, 0xEE,
    0xED, 0xD3, 0x11, 0xF2, 0x9C, 0x37, 0x5B, 0x3B, 0xFC, 0xBD, 0x9E, 0xB8, 0x1E, 0xB9, 0xAF, 0xC1,
    0xC3, 0x6B, 0x53, 0xD2, 0x0A, 0xD4, 0x0F, 0x7B, 0xEE, 0x9D, 0xF3, 0x90, 0xE7, 0xFF, 0x69, 0x0C,
    0x44, 0x17, 0x28, 0x90, 0x5D, 0x88, 0x08, 0x45, 0xCF, 0x47, 0xC2, 0x1F, 0x75, 0x87, 0x01, 0x02,
    0x03, 0x4E, 0xEC, 0x81, 0xE4, 0x8C, 0xEE, 0x07, 0x7C, 0x0E, 0x20, 0x9E, 0x6E, 0x40, 0x2C, 0xDC,
    0xC7, 0x8E, 0xFB, 0x04, 0x48, 0x31, 0x9D, 0x05, 0x28, 0x0B, 0xFB, 0x35, 0x0F, 0x02, 0x9C, 0xAA,
    0x10, 0x5A, 0x8C, 0x05, 0x8A, 0x11, 0x56, 0x0A, 0xEE, 0x65, 0xB5, 0x90, 0x71, 0xE4, 0x5E, 0x6B,
    0x0A, 0xBD, 0x64, 0xFB, 0x4C, 0xEF, 0xBB, 0xAB, 0xAA, 0x6C, 0xB1, 0xE7, 0xBA, 0x94, 0xB9, 0x43,
    0x8D, 0xBB, 0xB7, 0xD8, 0x7F, 0xBD, 0x47, 0xBD, 0xD8, 0xB9, 0xBB, 0xEF, 0xCC, 0x77, 0x6E, 0x54,
    0x5D, 0x95, 0x9B, 0xF4, 0xE1, 0x64, 0x6F, 0x68, 0xFE, 0xCD, 0xE1, 0xFC, 0x6F, 0x8E, 0xFA, 0x86,
    0x41, 0x6F, 0x60, 0xA7, 0x5F, 0xB0, 0x33, 0x2F, 0x3F, 0xB5, 0xE6, 0xD5, 0x87, 0xD6, 0xBC, 0x46,
    0xDF, 0x58, 0xA2, 0x12, 0x3D, 0xF2, 0xDE, 0x1E, 0xF5, 0x0D, 0xC9, 0x95, 0x9E, 0xB7, 0x74, 0x73,
    0x95, 0x80, 0xBF, 0xDA, 0xB2, 0xC1, 0x8E, 0x97, 0x53, 0x8D, 0xB1, 0x88, 0xB7, 0xD1, 0xEF, 0x61,
    0x67, 0x6F, 0xCF, 0x69, 0xCE, 0x5C, 0xDE, 0xE3, 0x23, 0xA8, 0xCD, 0x6D, 0xA8, 0x33, 0xF4, 0x1E,
    0xAC, 0xCA, 0x48, 0xF3, 0x4E, 0x7A, 0x5B, 0x29, 0x1F, 0x41, 0xCA, 0xA9, 0x52, 0xD9, 0xC8, 0xB7,
    0x3E, 0x75, 0x08, 0x13, 0x7C, 0xE8, 0xE7, 0xF0, 0xD1, 0x85, 0x91, 0x5C, 0x8C, 0xBA, 0x8B, 0x80,
    0xB2, 0x79, 0x83, 0xBC, 0x08, 0x6F, 0xD0, 0x8F, 0x0E, 0x02, 0x0F, 0xEB, 0x91, 0x1F, 0x52, 0x3A,
    0xE1, 0xFE, 0x3D, 0xE0, 0xAA, 0xF4, 0xB7, 0x06, 0x7A, 0x96, 0xBE, 0xF6, 0xBA, 0x7E, 0x04, 0x48,
    0x29, 0x17, 0x61, 0xDF, 0xB0, 0x2C, 0x28, 0x6E, 0x81, 0x38, 0xC6, 0x37, 0xF0, 0x01, 0x3C, 0x69,
    0xA6, 0x4D, 0x49, 0xB4, 0x0C, 0x7B, 0x49, 0xF6, 0x94, 0x1C, 0xE9, 0x0F, 0x41, 0x69, 0xE6, 0x76,
    0xC2, 0xE8, 0xE8, 0x3F, 0x40, 0x2E, 0xF9, 0x17, 0x9F, 0xF3, 0xE0, 0xEF, 0xFD, 0xD1, 0x5F, 0x6F,
    0x2F, 0x20, 0x02, 0x98, 0xB9, 0x98, 0x10, 0x85, 0xB1, 0x93, 0x80, 0x85, 0x85, 0x47, 0xCE, 0x23,
    0x01, 0x32, 0x37, 0xD2, 0x59, 0xEA, 0x94, 0x21, 0x2F, 0x0A, 0x63, 0xE7, 0x89, 0x7E, 0x01, 0x1D,
    0x8E, 0x31, 0x6E, 0xC3, 0x30, 0x0C, 0x45, 0xBF, 0x6D, 0x34, 0x06, 0x2A, 0xA0, 0xCA, 0x90, 0xB1,
    0x80, 0x3A, 0x7A, 0xAA, 0xF6, 0x00, 0x31, 0x79, 0x83, 0x4E, 0x39, 0x47, 0x2F, 0xD0, 0xC6, 0xDA,
    0xB2, 0xE6, 0x40, 0x46, 0xAC, 0x23, 0x08, 0xE8, 0x05, 0x94, 0x13, 0x44, 0x43, 0x07, 0x0D, 0x42,
    0x55, 0xC6, 0xFC, 0x1F, 0xE4, 0xF2, 0xF1, 0x1F, 0x37, 0x98, 0x40, 0xCE, 0x78, 0x15, 0x5B, 0xB7,
    0x81, 0x0E, 0xD6, 0x13, 0x5F, 0x31, 0xA0, 0x2B, 0xD0, 0x15, 0x76, 0xF1, 0x57, 0x15, 0x87, 0xD6,
    0x99, 0x8B, 0x9B, 0x6A, 0x10, 0xBF, 0x7D, 0x72, 0x5D, 0x67, 0xD7, 0xF0, 0xDC, 0xC5, 0x49, 0x07,
    0xAA, 0x5E, 0x92, 0x6D, 0x86, 0x75, 0xE4, 0xC9, 0x5B, 0x77, 0x52, 0x61, 0xF9, 0x88, 0xE2, 0x51,
    0x85, 0x1A, 0x6A, 0xAA, 0xA9, 0x8B, 0xCA, 0xF7, 0xAC, 0x22, 0x95, 0x79, 0x9C, 0xDF, 0xE7, 0x91,
    0x8A, 0xE0, 0x70, 0xE9, 0x6F, 0x45, 0xFF, 0x64, 0x73, 0x4E, 0xA4, 0xFD, 0x6B, 0xCF, 0x43, 0xE3,
    0x04, 0x66, 0xEF, 0x8F, 0x3A, 0xC1, 0x3F, 0x41, 0xB3, 0x65, 0x92, 0xFF, 0x16, 0x1C, 0x51, 0xF1,
    0x87, 0x22, 0xCA, 0x58, 0x4F, 0xA1, 0x42, 0xBF, 0x86, 0x1F, 0xC0, 0x75, 0x4B, 0xEE, 0x84, 0x2F,
    0xEC, 0xA0, 0xF1, 0x02, 0x95, 0x90, 0xF7, 0x79, 0x4A, 0xCF, 0xDC, 0x24, 0xE5, 0x0E, 0xF8, 0xDE,
    0x52, 0x36, 0xF1, 0x1F, 0xDB, 0xFF, 0xFF, 0xFF, 0x97, 0xFD, 0x50, 0xCC, 0xFF, 0xC0, 0xFE, 0x00,
    0x6E, 0xAC, 0x0F, 0x94, 0xE7, 0x07, 0x62, 0xF6, 0x2F, 0x00, 0xC5, 0x9A, 0xBF, 0xB2, 0xDB, 0xC6,
    0x15, 0xC6, 0x17, 0xA0, 0x6C, 0xC4, 0x46, 0x66, 0x90, 0x42, 0x85, 0x93, 0x49, 0x06, 0x29, 0x5C,
    0xA4, 0xC8, 0x18, 0x4D, 0xBA, 0x8C, 0xEF, 0x42, 0x52, 0xA1, 0xC2, 0x85, 0x1E, 0x21, 0x7A, 0x80,
    0xCC, 0xE8, 0x09, 0x7C, 0x81, 0x8C, 0x0B, 0x15, 0x2E, 0xAE, 0x1E, 0xC1, 0x6F, 0xE0, 0x3C, 0x40,
    0x74, 0x17, 0x91, 0x0B, 0x15, 0x2A, 0x04, 0x49, 0x85, 0x8B, 0x14, 0x86, 0x2D, 0xF5, 0x82, 0x25,
    0x14, 0xD0, 0x04, 0xE0, 0xE6, 0xFB, 0xCE, 0x02, 0x20, 0x48, 0x5E, 0x52, 0xF7, 0xD2, 0x9C, 0x09,
    0x89, 0x1F, 0x49, 0x00, 0xBB, 0x8B, 0x05, 0xF6, 0xFC, 0xDB, 0xB3, 0x54, 0xB9, 0x0A, 0x2B, 0x15,
    0xD4, 0xCA, 0x6F, 0x95, 0xEA, 0x94, 0xFA, 0x8B, 0x72, 0x2F, 0x6B, 0xBB, 0x61, 0xC3, 0xEF, 0x69,
    0xDB, 0x7B, 0x30, 0xB9, 0x55, 0xE9, 0x27, 0x0D, 0x36, 0xFC, 0x38, 0xB8, 0x11, 0x6B, 0x5B, 0x35,
    0xE2, 0xA3, 0x3F, 0x13, 0x4B, 0x9B, 0xFA, 0xD6, 0x56, 0xA0, 0xF6, 0xFB, 0xA8, 0xF1, 0xBB, 0x60,
    0x27, 0x4A, 0x0D, 0x2C, 0x2C, 0xA9, 0x41, 0xAE, 0x3E, 0x52, 0x2A, 0x2A, 0x55, 0x52, 0x28, 0xAD,
    0xD4, 0x43, 0xA5, 0xFE, 0x34, 0xDC, 0x67, 0x66, 0xBB, 0x61, 0x4B, 0xD5, 0x25, 0x37, 0x75, 0x0F,
    0x5D, 0xB3, 0x36, 0x0D, 0xAD, 0x2D, 0xA2, 0x26, 0xA9, 0x92, 0x32, 0xAA, 0x75, 0xE1, 0x29, 0x5D,
    0x28, 0xA5, 0x6D, 0xB9, 0x82, 0xFB, 0xC5, 0x07, 0x2A, 0x29, 0xC3, 0x9A, 0xE5, 0x58, 0x9E, 0xF5,
    0x58, 0x9F, 0x2C, 0xAC, 0xCD, 0x23, 0x6B, 0xCB, 0xB8, 0x8E, 0xF3, 0xB8, 0xF4, 0x54, 0x5C, 0x2A,
    0x15, 0xBF, 0x43, 0x37, 0xED, 0x3B, 0x39, 0xA7, 0xEE, 0xA1, 0x11, 0x95, 0xD4, 0x38, 0x52, 0x7F,
    0x0C, 0xE2, 0x32, 0xA9, 0x34, 0xAF, 0x69, 0xAD, 0xF2, 0xCC, 0x2B, 0x5C, 0xC3, 0x4E, 0x48, 0xBF,
    0x2E, 0xC9, 0xBC, 0x5E, 0xF8, 0xAC, 0x55, 0xD1, 0x4F, 0x9D, 0xC0, 0xDF, 0xE3, 0xEB, 0x18, 0x6D,
    0xE3, 0x1E, 0x8A, 0x11, 0x35, 0x3C, 0x8D, 0x5D, 0x78, 0xA9, 0x2E, 0xF0, 0xCE, 0x93, 0xCA, 0xF0,
    0x99, 0xA8, 0xC0, 0xF6, 0x4A, 0x99, 0x0A, 0x6D, 0xB4, 0x2B, 0xDE, 0xCC, 0xB1, 0x25, 0x68, 0x41,
    0x87, 0xFD, 0x25, 0xC8, 0x48, 0xF0, 0x53, 0x9B, 0x45, 0xCF, 0xDB, 0xA5, 0x7E, 0x64, 0x3B, 0x7D,
    0xD3, 0xB6, 0x9F, 0xFB, 0xB6, 0xCC, 0x30, 0xEE, 0x17, 0x63, 0xD3, 0x0C, 0x22, 0x05, 0xEA, 0xCC,
    0xBE, 0x40, 0xC5, 0x67, 0xDD, 0x0A, 0xEE, 0xDB, 0x06, 0x54, 0x2C, 0x77, 0x14, 0xB1, 0xF4, 0xF1,
    0x8C, 0x42, 0x0E, 0x27, 0xD4, 0x23, 0xE1, 0x6D, 0xE3, 0x41, 0xFF, 0x61, 0x7A, 0xE4, 0x78, 0x7C,
    0xBA, 0xC8, 0x52, 0xBE, 0x0D, 0x7E, 0x2F, 0x55, 0x76, 0xB3, 0x53, 0xD9, 0x2D, 0x70, 0xBB, 0x81,
    0x98, 0xD6, 0xA0, 0x70, 0xDF, 0xB7, 0x5B, 0x77, 0xFC, 0x46, 0x8F, 0x72, 0x16, 0x98, 0x12, 0x75,
    0x01, 0x24, 0xE8, 0xAE, 0x52, 0x8B, 0xD6, 0xF5, 0x4D, 0x2D, 0xD5, 0xD6, 0x35, 0x8C, 0xD2, 0xB9,
    0x51, 0x06, 0xD8, 0xDC, 0xF8, 0x00, 0xAA, 0x61, 0x42, 0x10, 0x81, 0xE4, 0xDB, 0xFC, 0x5C, 0xEB,
    0xFC, 0xFC, 0x1C, 0x65, 0x3A, 0xD0, 0x82, 0x1A, 0x54, 0x00, 0x63, 0x63, 0x72, 0xD6, 0xD5, 0xB9,
    0xBA, 0xFB, 0x89, 0x5A, 0xD4, 0x3A, 0xF5, 0x5B, 0x34, 0x6E, 0x71, 0x11, 0x83, 0x8B, 0xC5, 0xD5,
    0xEA, 0x3E, 0xF2, 0xA0, 0xD5, 0x45, 0x08, 0x79, 0x8D, 0x2A, 0x4A, 0x6D, 0xD8, 0x24, 0xC5, 0x02,
    0x6D, 0xF9, 0x5D, 0xA6, 0xBC, 0xDE, 0xA0, 0x5F, 0x18, 0xDB, 0x0C, 0x75, 0x34, 0x3A, 0x9A, 0x34,
    0x14, 0x6F, 0xD1, 0xCD, 0x00, 0xF7, 0x17, 0x40, 0x3D, 0x02, 0x9E, 0x4E, 0x0F, 0x7C, 0x5B, 0x3B,
    0xB1, 0x2D, 0x9F, 0xB8, 0x96, 0xC1, 0x35, 0x6D, 0x27, 0x78, 0x7D, 0x8F, 0xE7, 0xB4, 0xC4, 0xF3,
    0x32, 0x6A, 0xD1, 0x64, 0x18, 0x1A, 0x9D, 0x47, 0x95, 0xA6, 0x7E, 0x15, 0x31, 0xF4, 0x32, 0xC1,
    0xB8, 0x62, 0x8F, 0x47, 0xEB, 0x2C, 0x0D, 0x1B, 0xA3, 0x82, 0x36, 0x83, 0x5C, 0x4E, 0x6C, 0x36,
    0x6F, 0x39, 0x4E, 0x18, 0x37, 0xE8, 0x2E, 0x7A, 0x52, 0xB8, 0xF1, 0x94, 0x31, 0x2D, 0x5C, 0x9F,
    0x96, 0x52, 0x46, 0xDB, 0x0A, 0xF4, 0x4E, 0x4F, 0x72, 0x62, 0x52, 0xF7, 0x64, 0xA9, 0x37, 0x2D,
    0x68, 0x86, 0x73, 0x7C, 0xE2, 0xD4, 0x0A, 0x92, 0x15, 0x38, 0x96, 0x6A, 0xB4, 0xA1, 0xE5, 0x3A,
    0x57, 0x36, 0x5B, 0x1E, 0x6E, 0x6B, 0xA2, 0x4B, 0x26, 0x7C, 0xD2, 0x3A, 0x16, 0x84, 0xC3, 0x55,
    0x27, 0x18, 0xC0, 0xA4, 0x88, 0xCA, 0xA4, 0x30, 0x90, 0xF9, 0x91, 0x73, 0x3C, 0xAC, 0x39, 0x07,
    0x18, 0xF8, 0xF3, 0xE8, 0x11, 0x34, 0xEB, 0xBB, 0x46, 0x47, 0xDF, 0xD5, 0xC2, 0x9D, 0xC7, 0x75,
    0x72, 0xF6, 0xA4, 0x8A, 0xCF, 0x9E, 0x94, 0x91, 0xB3, 0x16, 0x8A, 0xDF, 0x3C, 0xA6, 0xCF, 0x9E,
    0xC8, 0x79, 0x96, 0x27, 0xAC, 0xBB, 0x8C, 0x1E, 0x75, 0x0A, 0xD6, 0x0F, 0xD6, 0x54, 0x61, 0x94,
    0x8A, 0xB0, 0xCC, 0x46, 0xDB, 0x5B, 0x50, 0xF6, 0x94, 0x5E, 0x3A, 0xC9, 0xD2, 0xB0, 0xA0, 0x4A,
    0xD3, 0xA6, 0x56, 0x9E, 0x4A, 0xAA, 0xE8, 0x41, 0x56, 0xCE, 0xAD, 0xE7, 0x31, 0x34, 0xC1, 0xCB,
    0x1F, 0xA8, 0xA8, 0x80, 0xF5, 0x7C, 0xD6, 0x41, 0x72, 0xA1, 0xE0, 0x18, 0x59, 0x11, 0x85, 0x23,
    0x6A, 0xDB, 0x31, 0xAC, 0x02, 0x86, 0xBC, 0x9E, 0xE8, 0xA2, 0x9D, 0xF8, 0x60, 0x41, 0xDA, 0xA8,
    0x86, 0xCF, 0xAA, 0x0D, 0xF4, 0xD7, 0x40, 0x03, 0xCE, 0xA1, 0xA2, 0xBA, 0x8A, 0x6B, 0x5D, 0x27,
    0xB5, 0x6E, 0x74, 0xAD, 0x3B, 0xF4, 0xB4, 0xB7, 0xB5, 0x36, 0xFF, 0xAD, 0xB5, 0x7E, 0x5B, 0xEB,
    0xE4, 0x65, 0xAD, 0xE3, 0x17, 0x6E, 0x3C, 0x83, 0x5B, 0xB5, 0x5E, 0xC0, 0x3E, 0x78, 0x40, 0xAD,
    0x73, 0x59, 0xCD, 0xDD, 0x57, 0x4E, 0xDD, 0x7B, 0xA5, 0x46, 0x19, 0x41, 0x8F, 0x4A, 0xD1, 0x50,
    0xD1, 0xD2, 0xB0, 0xCE, 0xF2, 0xB0, 0x19, 0xE1, 0xFE, 0x78, 0x8E, 0xE5, 0x46, 0xD9, 0xA2, 0x15,
    0xB8, 0xEC, 0xB5, 0xF6, 0xBD, 0xB5, 0xA5, 0x07, 0xA6, 0x36, 0xDA, 0x74, 0x5D, 0x53, 0xB5, 0x1B,
    0xBD, 0x49, 0x5B, 0x5F, 0xD1, 0x66, 0x5E, 0x08, 0x3D, 0x5C, 0x08, 0x4B, 0x14, 0x53, 0xDB, 0x4B,
    0x93, 0x67, 0xA8, 0x6B, 0xD4, 0x6F, 0xA9, 0x2F, 0x5B, 0xF0, 0x38, 0xCF, 0xB3, 0x1C, 0xCB, 0x87,
    0x83, 0x87, 0xC4, 0x3D, 0x34, 0x23, 0x2E, 0x84, 0xB8, 0x3A, 0xC7, 0xB0, 0xD8, 0x63, 0x5B, 0x9E,
    0x79, 0x47, 0xDD, 0x64, 0x1F, 0x4B, 0xD1, 0x5F, 0xC8, 0xC4, 0xA8, 0xBF, 0x73, 0x44, 0x56, 0x70,
    0x9E, 0xE5, 0x58, 0x9E, 0xF5, 0xC6, 0x36, 0xD8, 0x97, 0xA4, 0x8A, 0x2B, 0x8E, 0x5E, 0xD8, 0x66,
    0xF9, 0x02, 0xA6, 0xC4, 0xE3, 0xFD, 0xD2, 0x72, 0xD3, 0x8A, 0xEB, 0x7A, 0xB2, 0xE4, 0x7E, 0xBF,
    0x84, 0x5D, 0xB6, 0x29, 0x6C, 0x74, 0x11, 0x57, 0x94, 0x87, 0xB8, 0x36, 0x69, 0xD4, 0x5A, 0xB8,
    0xBF, 0x83, 0x80, 0xD5, 0x1F, 0x71, 0xAE, 0x7A, 0x85, 0x46, 0x9C, 0x76, 0x21, 0x05, 0x40, 0x1C,
    0xC8, 0x7B, 0x61, 0x44, 0xE7, 0xD9, 0xD7, 0x3B, 0x1F, 0xF6, 0x45, 0xCF, 0xE2, 0x52, 0xCC, 0xC6,
    0xF9, 0x34, 0xFE, 0xBA, 0x3C, 0x04, 0xD4, 0xED, 0x46, 0x94, 0x84, 0xFB, 0x2B, 0x06, 0xA7, 0x28,
    0x2C, 0xE6, 0x40, 0x86, 0xA1, 0x37, 0x25, 0x80, 0x6D, 0x08, 0x9B, 0x45, 0xB7, 0x68, 0x57, 0x60,
    0x9F, 0xC7, 0xE5, 0x3C, 0x6C, 0x93, 0xF8, 0xD1, 0x0B, 0xE8, 0x81, 0xFD, 0x0A, 0xF0, 0x5E, 0x5E,
    0x36, 0x59, 0xF0, 0x76, 0x05, 0xF7, 0x79, 0x9C, 0xE7, 0x59, 0x6E, 0x57, 0x70, 0x09, 0x3D, 0x1A,
    0xBC, 0x6B, 0xBA, 0xEE, 0x5D, 0xC5, 0x3E, 0xE6, 0x2B, 0x0F, 0xFB, 0x4A, 0xD1, 0x3F, 0x04, 0xF8,
    0x8D, 0xB1, 0x40, 0x44, 0x09, 0xCF, 0x09, 0xC9, 0xF0, 0x52, 0x11, 0xDA, 0x1A, 0xCA, 0xB6, 0x02,
    0xFB, 0x3C, 0xCE, 0xF3, 0x89, 0xF3, 0xFC, 0x79, 0x20, 0x11, 0x0D, 0xAE, 0xE5, 0xA1, 0xAD, 0xD0,
    0x16, 0x12, 0x01, 0xC6, 0xF0, 0x41, 0xC9, 0x57, 0xA4, 0x11, 0xEC, 0x8C, 0x64, 0xA2, 0x96, 0x72,
    0x2C, 0x0F, 0xC5, 0x60, 0x7D, 0x65, 0x6C, 0x19, 0x0C, 0x32, 0x11, 0x57, 0x88, 0xDF, 0x0B, 0x27,
    0x2B, 0xFC, 0x86, 0x7C, 0xCB, 0x71, 0x9E, 0x47, 0xA7, 0x4B, 0x65, 0xE3, 0x72, 0xD1, 0xC7, 0x65,
    0xD0, 0xA1, 0x4C, 0x43, 0x79, 0x72, 0xB2, 0xE5, 0xDB, 0x07, 0xE8, 0x6A, 0x2B, 0x11, 0x43, 0x82,
    0x36, 0xAF, 0x41, 0x4A, 0x3F, 0x84, 0xFE, 0x23, 0x3A, 0x11, 0x3B, 0x0F, 0xDF, 0xA2, 0xCC, 0x0D,
    0xFC, 0xB6, 0xA6, 0xD4, 0x4B, 0x0D, 0xDD, 0x85, 0x9C, 0xFD, 0x8E, 0xFA, 0x62, 0xC5, 0x47, 0x46,
    0xEF, 0x86, 0x60, 0x13, 0xF6, 0x26, 0xFB, 0x02, 0xF6, 0x22, 0xEB, 0x95, 0x31, 0xA8, 0x53, 0x20,
    0xAA, 0x4D, 0x25, 0xE6, 0x80, 0xCD, 0x11, 0x18, 0xB5, 0xC0, 0xC2, 0xB0, 0xED, 0x25, 0xEA, 0xB6,
    0xD0, 0xE5, 0x07, 0xD0, 0x87, 0x12, 0x8E, 0x1F, 0x02, 0xB3, 0x5C, 0x60, 0x6B, 0x65, 0xB7, 0x59,
    0x7A, 0x88, 0x9B, 0x96, 0x4B, 0x6F, 0x69, 0x6D, 0x2F, 0x6E, 0x1D, 0xEA, 0x52, 0x0F, 0xDB, 0xDC,
    0xE9, 0x6F, 0x6D, 0x9C, 0xD7, 0x4C, 0xC0, 0x46, 0xAF, 0x21, 0x36, 0x5C, 0x62, 0xB0, 0xDC, 0xCA,
    0x35, 0x1D, 0x8C, 0xD0, 0xE6, 0xB0, 0x57, 0xB4, 0x9A, 0x89, 0x8B, 0x91, 0xD2, 0x8C, 0x9F, 0x68,
    0x0F, 0xE0, 0x2E, 0x68, 0x29, 0x7F, 0x05, 0x6B, 0x7A, 0x2A, 0xE7, 0x69, 0x25, 0x3D, 0x58, 0xC9,
    0xD3, 0xE8, 0xD1, 0x14, 0x71, 0x48, 0xB4, 0xF1, 0xF4, 0xA9, 0x58, 0x9D, 0xB5, 0x68, 0x03, 0x91,
    0xC6, 0x68, 0xAD, 0x18, 0x69, 0x78, 0x30, 0x00, 0xF1, 0x10, 0xA7, 0xC5, 0xA9, 0x75, 0x01, 0x35,
    0x8C, 0xAC, 0xA8, 0x08, 0xAE, 0x72, 0x0D, 0xCF, 0xFF, 0xB3, 0x54, 0xBC, 0x08, 0xAE, 0xD5, 0x8B,
    0xF7, 0x77, 0xBE, 0x01, 0xC7, 0x6E, 0x82, 0x5B, 0xE0, 0x0E, 0x88, 0xD1, 0x47, 0xAD, 0xD3, 0xEC,
    0x21, 0x40, 0xC0, 0x96, 0xD1, 0x0F, 0x56, 0x4E, 0x86, 0xF9, 0xBE, 0x38, 0x8A, 0xC8, 0x87, 0x39,
    0xC1, 0xD5, 0xDB, 0xD3, 0x1C, 0x45, 0xF4, 0x57, 0xDF, 0x80, 0xF7, 0x41, 0x44, 0xA0, 0x6F, 0x8F,
    0x31, 0x27, 0x82, 0x23, 0x08, 0xBD, 0x46, 0xA4, 0x20, 0xC7, 0x6F, 0xD8, 0x42, 0xA7, 0x88, 0x35,
    0xD2, 0x84, 0xF3, 0xD2, 0x72, 0x02, 0x12, 0x38, 0xD1, 0x42, 0x2A, 0x09, 0xA4, 0x2A, 0x00, 0x19,
    0xBC, 0x43, 0x56, 0xC6, 0x78, 0xBA, 0x71, 0x49, 0xC9, 0x41, 0xA4, 0x5B, 0x58, 0xBE, 0x7F, 0x04,
    0x6F, 0x6D, 0xD1, 0xDB, 0x1F, 0x8A, 0xCE, 0x9C, 0x15, 0xBD, 0x8E, 0x8B, 0xFE, 0x33, 0xF0, 0x6B,
    0x70, 0x0D, 0x28, 0xC7, 0x21, 0x9E, 0x9F, 0xE3, 0x1D, 0xE1, 0x99, 0x73, 0x1C, 0x70, 0xB5, 0x74,
    0x88, 0x94, 0x8B, 0x11, 0x91, 0xDC, 0x82, 0xDE, 0xD6, 0x4A, 0x39, 0x96, 0x3F, 0xC4, 0xC3, 0x9B,
    0xB0, 0x51, 0x06, 0xD1, 0xA3, 0xD3, 0x0E, 0x46, 0x6D, 0x93, 0x66, 0xAC, 0xE0, 0x71, 0x9E, 0x67,
    0x39, 0x96, 0x17, 0x49, 0x58, 0x87, 0x5E, 0x39, 0x98, 0xBC, 0xFA, 0x39, 0x7A, 0xF7, 0x9B, 0x35,
    0x4B, 0xA6, 0xF3, 0xEB, 0x38, 0x9E, 0xC9, 0xF9, 0x71, 0x9E, 0x3B, 0xC8, 0xAF, 0x70, 0xD9, 0xB9,
    0x36, 0xBC, 0x76, 0xC3, 0xE8, 0x26, 0xA1, 0xD7, 0xAE, 0xE2, 0x82, 0xBA, 0x83, 0x23, 0xE9, 0xA2,
    0xCD, 0x64, 0x5E, 0xA3, 0xFA, 0xCE, 0x79, 0xC9, 0xD1, 0x63, 0xD2, 0x01, 0x0D, 0xA6, 0x20, 0x82,
    0x38, 0x47, 0x28, 0x12, 0xE1, 0x14, 0x84, 0x6F, 0x8D, 0xF0, 0xE9, 0xD3, 0x3C, 0x79, 0xFD, 0x9A,
    0xB9, 0x86, 0x49, 0x1F, 0xA8, 0x3F, 0x23, 0x93, 0xF7, 0xC6, 0x79, 0x96, 0x63, 0xF9, 0xCD, 0x36,
    0x88, 0xF4, 0x0B, 0xB6, 0x15, 0xB3, 0xA6, 0xD4, 0x5F, 0x2E, 0x9D, 0xDE, 0xB0, 0x1F, 0x24, 0x73,
    0xDE, 0x9B, 0x9E, 0x9D, 0x71, 0x1B, 0x6C, 0x9D, 0x44, 0x72, 0x06, 0x3A, 0x76, 0x29, 0x60, 0x72,
    0x46, 0x36, 0xBD, 0x34, 0x22, 0xEE, 0xED, 0xF7, 0x3F, 0x68, 0x21, 0x87, 0x9C, 0x47, 0xBB, 0x3D,
    0x6A, 0xA7, 0xB8, 0x9F, 0xCB, 0xE0, 0x72, 0x05, 0x8E, 0xD3, 0xF8, 0x8B, 0xF2, 0x32, 0x6C, 0x78,
    0xDD, 0x7F, 0xCD, 0xE1, 0xD4, 0x79, 0x64, 0xE6, 0x6D, 0x0B, 0xE7, 0x6D, 0x19, 0x8D, 0x07, 0xEE,
    0xDB, 0x79, 0xD9, 0x62, 0xF0, 0xB2, 0xF5, 0x1A, 0x4B, 0x60, 0xD9, 0xB7, 0x17, 0x75, 0x16, 0xBE,
    0xAC, 0xE1, 0x55, 0xDD, 0x37, 0xF7, 0x79, 0xBC, 0x5F, 0xAC, 0x5B, 0xE5, 0xC1, 0xA2, 0xF7, 0x16,
    0xF6, 0x5B, 0x2D, 0xF9, 0x29, 0x79, 0x37, 0x51, 0x7F, 0x8A, 0x46, 0xE3, 0xA6, 0xA7, 0x70, 0x2A,
    0x1F, 0xE1, 0x62, 0xD8, 0x49, 0x05, 0xA5, 0xD3, 0x0F, 0x38, 0xA5, 0xB9, 0x61, 0xE5, 0x7C, 0x24,
    0xA6, 0x2A, 0x77, 0x8E, 0x32, 0x98, 0x39, 0xCA, 0x18, 0x8E, 0xD0, 0x0A, 0x8D, 0x7C, 0xC7, 0x33,
    0xC7, 0x18, 0x3A, 0xC7, 0x18, 0xB8, 0xC9, 0x9B, 0x53, 0x69, 0x28, 0x5A, 0x86, 0x76, 0xF9, 0xED,
    0x54, 0xD8, 0x32, 0xBD, 0x06, 0xD1, 0x84, 0x6B, 0x83, 0x40, 0xD0, 0xA8, 0xD3, 0xCD, 0xED, 0x4B,
    0x6D, 0x1C, 0xE2, 0x12, 0x24, 0xF5, 0xF5, 0xA6, 0x13, 0xE6, 0xA9, 0xAF, 0x43, 0xDA, 0xA2, 0x66,
    0x31, 0xCB, 0x35, 0x32, 0x85, 0x7B, 0xCF, 0x61, 0xF4, 0x7E, 0xB0, 0x69, 0xFC, 0xDA, 0x4D, 0x56,
    0x62, 0x79, 0x47, 0x7B, 0x91, 0xC8, 0x5A, 0x72, 0x95, 0x96, 0x40, 0x8F, 0x70, 0xB3, 0x9F, 0xF2,
    0xE9, 0xF3, 0x21, 0x20, 0xE0, 0x85, 0xCA, 0x7E, 0xE3, 0xB2, 0xAB, 0x97, 0x72, 0xB9, 0xCA, 0x94,
    0x33, 0x73, 0x84, 0xBB, 0x49, 0xAF, 0x43, 0x15, 0x94, 0x43, 0x6D, 0x9A, 0xA3, 0x4E, 0xCC, 0x11,
    0xEF, 0x29, 0x82, 0xA8, 0xC9, 0x33, 0x28, 0xFE, 0x3E, 0xA4, 0x36, 0x1F, 0x88, 0x3B, 0xE4, 0xD8,
    0xA0, 0x40, 0xFA, 0x99, 0x32, 0xA9, 0x53, 0xA9, 0x1E, 0x01, 0x49, 0x25, 0x8D, 0x41, 0x4A, 0x98,
    0x77, 0x19, 0xA7, 0xBF, 0x76, 0xD8, 0xD8, 0xF1, 0xAD, 0x0D, 0xCF, 0xD3, 0x6D, 0xD1, 0xBF, 0xDB,
    0xF8, 0x65, 0x87, 0x0D, 0x3F, 0xAE, 0x54, 0x51, 0x25, 0x39, 0x27, 0xF8, 0xD8, 0x92, 0x7C, 0x4C,
    0x38, 0x17, 0x6E, 0x63, 0x8F, 0xDF, 0xB7, 0x19, 0x8E, 0xA9, 0x32, 0x94, 0xE4, 0x6A, 0xC5, 0x63,
    0x62, 0x73, 0x50, 0x83, 0x26, 0x7A, 0xFC, 0x63, 0x17, 0xDD, 0xAF, 0xBA, 0xE4, 0xFE, 0x8F, 0x9D,
    0xBD, 0x8D, 0xC8, 0x27, 0xB0, 0x75, 0x1B, 0xD8, 0xFC, 0x34, 0x2C, 0xD5, 0x3A, 0x36, 0x1F, 0x0C,
    0x03, 0xA4, 0xFE, 0x59, 0x87, 0x63, 0x80, 0xDF, 0x08, 0xD7, 0x43, 0x18, 0x0B, 0x9C, 0xDF, 0x2B,
    0x25, 0xFF, 0xB9, 0xA2, 0x94, 0xEC, 0x49, 0x26, 0x1E, 0x12, 0x00, 0xA8, 0x3F, 0x2A, 0x59, 0x02,
    0x10, 0xED, 0x3A, 0x5F, 0xD7, 0xAE, 0x43, 0x82, 0x10, 0x75, 0xF7, 0xBA, 0x4C, 0xFA, 0x7D, 0x4C,
    0x00, 0x64, 0xEA, 0x36, 0x4B, 0x12, 0x1E, 0xCB, 0x71, 0x1D, 0x94, 0x14, 0xD4, 0xC3, 0xBD, 0x8D,
    0xCC, 0xD3, 0x09, 0x98, 0xC2, 0x8D, 0xA9, 0x04, 0x9D, 0x06, 0xF5, 0x7C, 0xCA, 0xC5, 0x7D, 0x81,
    0xE9, 0x04, 0xA6, 0xFC, 0x67, 0xE9, 0x84, 0xB5, 0x00, 0x25, 0x35, 0xE9, 0x39, 0xE4, 0xD1, 0x8A,
    0x1C, 0xDA, 0x02, 0x3A, 0xE4, 0x02, 0x14, 0x26, 0xF9, 0x66, 0x01, 0x8A, 0xF2, 0xBA, 0x69, 0x3B,
    0x64, 0x0D, 0x02, 0x43, 0x3F, 0x6E, 0x97, 0x0F, 0xBD, 0xAB, 0x89, 0x8D, 0x49, 0x9E, 0x96, 0xDE,
    0x3B, 0x36, 0xCF, 0xCD, 0x81, 0xDD, 0x4E, 0x27, 0x56, 0xEB, 0x2C, 0x50, 0xC9, 0x7A, 0x62, 0x7E,
    0x9C, 0xE0, 0xBE, 0x56, 0x6C, 0x46, 0x31, 0xDF, 0x36, 0xAB, 0x49, 0x5D, 0x6E, 0xF2, 0xD5, 0x84,
    0x2E, 0x59, 0x63, 0x5A, 0x2A, 0x88, 0x30, 0x82, 0x22, 0x02, 0xED, 0x90, 0x2A, 0x1D, 0x98, 0x27,
    0x56, 0xBE, 0xC6, 0xBE, 0x59, 0xBA, 0x14, 0x6A, 0xC1, 0xD4, 0x2A, 0x5A, 0xCC, 0xDD, 0x5B, 0xAC,
    0x28, 0xAF, 0x3C, 0x89, 0x11, 0xCA, 0xDE, 0xAE, 0x61, 0xEC, 0xEF, 0xE3, 0x23, 0xBE, 0xFF, 0x33,
    0x3E, 0x1E, 0xBF, 0x81, 0x5F, 0x78, 0xFC, 0xA6, 0x51, 0xD1, 0xF7, 0x6F, 0x1B, 0x15, 0x7E, 0xFF,
    0xB6, 0x96, 0xF9, 0x2F, 0x27, 0x54, 0x39, 0x1F, 0x40, 0xED, 0x4E, 0xE0, 0xA3, 0x65, 0x61, 0xD4,
    0x7D, 0xFC, 0x33, 0x1B, 0xF8, 0xD9, 0xE6, 0x68, 0x6A, 0xF8, 0x60, 0x54, 0xB5, 0xF9, 0xF1, 0x10,
    0x8E, 0xF0, 0x34, 0xBE, 0x5F, 0x69, 0xCC, 0xC4, 0x75, 0x7C, 0x56, 0x24, 0x7F, 0x3B, 0xE3, 0x8C,
    0x33, 0xE5, 0x8C, 0x93, 0x99, 0x4C, 0x8D, 0x7D, 0x1C, 0x2F, 0xB3, 0xF8, 0xEB, 0xFE, 0x3C, 0xBE,
    0xDF, 0xF7, 0xF1, 0x57, 0xCC, 0xAB, 0x7C, 0xB9, 0xC6, 0x2F, 0xCD, 0x7C, 0x72, 0xFE, 0xB2, 0x91,
    0x86, 0xBA, 0xEA, 0x3C, 0x67, 0x34, 0xF6, 0x23, 0x43, 0x96, 0xD3, 0xCD, 0x44, 0x3D, 0xCC, 0x2E,
    0x61, 0x43, 0x0C, 0x3C, 0xB5, 0x09, 0x29, 0x10, 0x8C, 0x6D, 0x0B, 0x27, 0x1C, 0x8C, 0x97, 0x21,
    0x45, 0x72, 0xDE, 0x63, 0x1C, 0x47, 0xF7, 0x9E, 0x81, 0xB8, 0x76, 0xB6, 0x6C, 0x45, 0x46, 0xE7,
    0x82, 0xF6, 0x32, 0xBF, 0x57, 0x19, 0xDA, 0xCA, 0xC2, 0x5A, 0x26, 0xC9, 0x19, 0x03, 0x0E, 0x66,
    0x3B, 0xD1, 0x56, 0x86, 0xB6, 0x32, 0xAE, 0xEF, 0x28, 0xA2, 0x57, 0x8E, 0x53, 0xF8, 0x38, 0x77,
    0xD9, 0x07, 0xA8, 0xB1, 0x0A, 0xAB, 0x4C, 0x47, 0x65, 0x86, 0x39, 0x09, 0x4C, 0x56, 0x0E, 0x06,
    0xA1, 0x6B, 0x25, 0x26, 0x14, 0x33, 0x26, 0xC7, 0x21, 0x6C, 0x2C, 0xA7, 0xA2, 0x0E, 0xF5, 0x98,
    0xFB, 0xEA, 0x5C, 0xFD, 0xA8, 0xCA, 0x4E, 0x50, 0xF7, 0x04, 0x65, 0x4E, 0xB2, 0x21, 0xFF, 0x3F,
    0xD4, 0x3D, 0x81, 0x79, 0x39, 0x81, 0xC0, 0x9E, 0xC4, 0xB8, 0x56, 0x04, 0xFC, 0xC6, 0xB6, 0x01,
    0x80, 0x5E, 0xB6, 0x51, 0x25, 0x73, 0xA7, 0xD6, 0x65, 0xD3, 0x68, 0xDE, 0x5C, 0x7C, 0xD7, 0x89,
    0xC9, 0xC1, 0x3E, 0x4C, 0x9E, 0x76, 0x49, 0x77, 0x29, 0x17, 0x75, 0x8B, 0x36, 0x04, 0x7E, 0x87,
    0xFA, 0x0D, 0xEB, 0xDB, 0xA9, 0xAE, 0x41, 0x9D, 0x7E, 0x58, 0x0B, 0x63, 0x5D, 0x33, 0xD6, 0x6D,
    0x50, 0x0F, 0x2C, 0x9A, 0xFD, 0x59, 0xAD, 0x19, 0x5B, 0xE7, 0x31, 0x7D, 0x1F, 0xD8, 0x8E, 0xA5,
    0x2F, 0x8A, 0xBD, 0x67, 0x4C, 0xC7, 0x11, 0x8B, 0x0F, 0x6C, 0xB6, 0x81, 0x31, 0x6A, 0x57, 0x70,
    0xCC, 0x66, 0xCC, 0x8D, 0x83, 0xBF, 0x87, 0x05, 0xCC, 0xF0, 0x04, 0xC7, 0xBE, 0x19, 0xD6, 0x5B,
    0x06, 0x16, 0xDB, 0x1C, 0x9A, 0x5D, 0x9D, 0x02, 0x3B, 0xDE, 0xCA, 0x66, 0xCA, 0xF6, 0x3D, 0x73,
    0xBB, 0x6C, 0x16, 0x4C, 0x4D, 0x6D, 0x30, 0x3A, 0x19, 0x30, 0x92, 0x69, 0xA5, 0xEB, 0x1B, 0xB2,
    0x9B, 0x0D, 0xB3, 0x9B, 0x46, 0xB2, 0x98, 0xA2, 0x6F, 0x74, 0x7B, 0x74, 0x79, 0x49, 0xB5, 0x33,
    0x5B, 0x3B, 0x66, 0xB6, 0x25, 0x48, 0x90, 0x85, 0x1A, 0xE6, 0x4F, 0x32, 0x59, 0xC7, 0xF2, 0xBA,
    0x7E, 0xDB, 0x7D, 0xEE, 0x68, 0x6B, 0xBB, 0x2F, 0x7A, 0x67, 0x5F, 0x98, 0x2B, 0x19, 0xF9, 0xA5,
    0x7D, 0xB9, 0xA8, 0xAD, 0x8C, 0x6E, 0x57, 0xDA, 0x60, 0x3F, 0x20, 0xDB, 0x1D, 0x27, 0x01, 0xCC,
    0xF8, 0xB2, 0xEE, 0x30, 0x67, 0x34, 0x70, 0xB5, 0xD4, 0x1D, 0x66, 0x7C, 0x21, 0xED, 0x11, 0xE6,
    0x8D, 0x70, 0xD8, 0x9D, 0x2E, 0xE2, 0xCE, 0xA4, 0x51, 0x27, 0x3E, 0x75, 0xC6, 0xFB, 0xE7, 0x9F,
    0xFD, 0x38, 0xFF, 0x64, 0xBE, 0x8D, 0x21, 0x09, 0x3A, 0xB9, 0x58, 0x23, 0x1B, 0xDC, 0xC7, 0x16,
    0x74, 0x27, 0x65, 0xC6, 0x2C, 0x3F, 0xD7, 0xAB, 0x73, 0xDF, 0x9A, 0xCD, 0xFC, 0x7E, 0xBB, 0x62,
    0xB1, 0xC6, 0xA6, 0xFE, 0x89, 0xFE, 0xDC, 0x5C, 0x8A, 0x4D, 0xD2, 0xE8, 0x67, 0xD8, 0x2C, 0x87,
    0x19, 0x0E, 0x85, 0x67, 0x64, 0x43, 0xA7, 0xD2, 0x0D, 0xEE, 0x9C, 0x09, 0xFA, 0x0C, 0xFC, 0x70,
    0x56, 0x71, 0xED, 0x32, 0x92, 0x75, 0xE9, 0xD7, 0x88, 0x67, 0xCF, 0x56, 0xCC, 0xDA, 0x80, 0xF5,
    0x52, 0x13, 0x9F, 0x3B, 0xCC, 0x29, 0xE3, 0xEE, 0x61, 0x9E, 0xBC, 0x84, 0x71, 0xFF, 0x7C, 0x60,
    0x30, 0xF6, 0x17, 0xA6, 0x22, 0xCC, 0x9A, 0x13, 0xBF, 0xD0, 0x81, 0xAF, 0xB3, 0x23, 0xA5, 0xF1,
    0x05, 0xDA, 0xB9, 0x07, 0xDB, 0x6A, 0x5C, 0x9E, 0x67, 0xCA, 0x66, 0xED, 0xE1, 0x18, 0xFF, 0x53,
    0x50, 0x77, 0x3F, 0x75, 0xEB, 0x53, 0x53, 0xA8, 0xDA, 0x3A, 0xF9, 0x1E, 0x5E, 0x47, 0x59, 0xB1,
    0xDC, 0x73, 0x8D, 0x43, 0x72, 0x93, 0xFB, 0xD7, 0xB9, 0x2F, 0x91, 0x3B, 0x9A, 0xD7, 0x7F, 0xCF,
    0xFD, 0x1F, 0x63, 0xDD, 0xDC, 0x4F, 0x31, 0x79, 0x64, 0x8E, 0x13, 0x53, 0xBC, 0x50, 0xFE, 0x91,
    0x03, 0x11, 0x34, 0x6E, 0xA5, 0xF4, 0x90, 0x0C, 0xB7, 0xDF, 0x9C, 0xBA, 0xEB, 0x03, 0xFE, 0x3E,
    0x66, 0x5F, 0xD9, 0x47, 0xCC, 0x46, 0x85, 0x69, 0x4A, 0x7A, 0x60, 0x3F, 0xA5, 0x30, 0x03, 0x06,
    0x03, 0xD0, 0x17, 0x05, 0x9B, 0x48, 0xBB, 0xE8, 0xB7, 0xB0, 0x3D, 0x8D, 0xED, 0x16, 0xB5, 0xED,
    0x02, 0x10, 0x4A, 0x42, 0xC5, 0x11, 0x97, 0x68, 0xBF, 0xB0, 0x3D, 0xD1, 0xB9, 0xED, 0x43, 0x5A,
    0xA1, 0xA5, 0x2D, 0xBF, 0xD4, 0xCF, 0xEB, 0xEB, 0x71, 0xDE, 0xA8, 0x38, 0x6F, 0x21, 0x1F, 0xAD,
    0xE6, 0x82, 0x7C, 0x9C, 0xAB, 0x4E, 0x28, 0x1E, 0x3C, 0xFC, 0xEB, 0xF3, 0x3A, 0x7B, 0x6B, 0x31,
    0xA1, 0x32, 0xF9, 0x87, 0x5E, 0xAA, 0x17, 0x75, 0x72, 0xBB, 0x8E, 0xB9, 0xBA, 0x56, 0x70, 0x2D,
    0xE2, 0xD0, 0x7F, 0x64, 0xED, 0x4B, 0x4F, 0x1F, 0x92, 0x2B, 0x51, 0xD9, 0xF6, 0x02, 0x6E, 0x90,
    0x0F, 0x61, 0xDF, 0x7C, 0xC6, 0x25, 0x8B, 0x01, 0xF2, 0x2F, 0x84, 0xF5, 0x19, 0xD7, 0xBD, 0x66,
    0x36, 0x14, 0x08, 0x9D, 0xF1, 0xC8, 0xAF, 0x0D, 0x66, 0xD7, 0x8E, 0x69, 0x54, 0x99, 0x03, 0x1B,
    0x39, 0x1F, 0x0D, 0x0B, 0x19, 0xBB, 0x44, 0xE6, 0x18, 0xEA, 0xBD, 0xAB, 0xED, 0x43, 0x54, 0x7B,
    0x51, 0x3F, 0x84, 0x0B, 0xB0, 0x02, 0x7F, 0xAF, 0xFE, 0x4D, 0xF0, 0xCB, 0xFF, 0xF4, 0xB0, 0xEB,
    0xEF, 0x5E, 0x87, 0x2C, 0x75, 0x50, 0x16, 0x46, 0xE6, 0xAF, 0x63, 0xFC, 0xE9, 0xE1, 0xA2, 0xB6,
    0x0F, 0xC9, 0x42, 0xEC, 0xBA, 0xDF, 0x63, 0xF4, 0xD1, 0xE5, 0x0F, 0x7B, 0x61, 0xDE, 0xF6, 0x21,
    0xFD, 0xDC, 0x69, 0xCE, 0x8E, 0xF0, 0x67, 0x87, 0x9D, 0x63, 0x7E, 0xC0, 0xB2, 0xCA, 0xFF, 0x2D,
    0x5B, 0xC2, 0x45, 0xD9, 0x91, 0xD9, 0xEB, 0x18, 0x7F, 0x5C, 0xF0, 0x24, 0x4C, 0x77, 0xCC, 0xDA,
    0x3D, 0x4A, 0x86, 0xCA, 0x6F, 0xE0, 0x56, 0x3B, 0x86, 0xB3, 0x26, 0xE5, 0xEF, 0x63, 0xF6, 0xDB,
    0x6F, 0x4E, 0x66, 0x6D, 0x9F, 0x1C, 0xBD, 0xEF, 0xEA, 0x13, 0x1F, 0xC7, 0xB8, 0x62, 0x1C, 0x15,
    0xAA, 0x4F, 0x52, 0xAF, 0xC5, 0x35, 0xFE, 0xF9, 0xFB, 0xA3, 0xDE, 0x83, 0xBA, 0xFE, 0x21, 0xCE,
    0xDF, 0x41, 0xFC, 0x1F, 0x17, 0xAA, 0xD3, 0xA9, 0x47, 0xD9, 0xFF, 0xE6, 0xCF, 0x47, 0xBD, 0x0F,
    0xDA, 0x50, 0x4E, 0x17, 0x82, 0x0D, 0x7B, 0x7A, 0x8C, 0x3F, 0x73, 0x44, 0xFF, 0x86, 0x37, 0x7E,
    0xD1, 0x09, 0xFC, 0xBD, 0xB2, 0x2F, 0x57, 0x5F, 0x82, 0xDA, 0x65, 0x03, 0x8E, 0xF1, 0xA7, 0x8A,
    0x3D, 0x6D, 0x5F, 0x79, 0x29, 0xE9, 0x7F, 0xB5, 0x59, 0x3D, 0xAF, 0xD4, 0x46, 0x14, 0xBD, 0xF6,
    0x84, 0xE7, 0x07, 0x06, 0x39, 0x05, 0x45, 0xA4, 0xF7, 0x90, 0x29, 0x28, 0x52, 0x44, 0x32, 0x05,
    0x45, 0x8A, 0x08, 0x1B, 0x51, 0xA4, 0x88, 0xA2, 0xF0, 0x03, 0x12, 0x89, 0x7F, 0x00, 0x45, 0x6A,
    0x6C, 0x68, 0x28, 0xD2, 0xF0, 0x83, 0x22, 0x6C, 0x42, 0x91, 0xD6, 0x84, 0x82, 0xD6, 0x4A, 0xE8,
    0x99, 0x48, 0x96, 0x62, 0x84, 0xED, 0xC9, 0xB9, 0x33, 0xE3, 0xDD, 0xF7, 0x58, 0xF3, 0xD8, 0xE7,
    0x9D, 0xDD, 0xF5, 0x5D, 0xF9, 0xF3, 0xDE, 0x73, 0xE6, 0xCE, 0x9C, 0x3B, 0x9E, 0xA5, 0xBC, 0x25,
    0x2A, 0x3B, 0x22, 0xD5, 0x6B, 0xF3, 0x86, 0x81, 0xFC, 0x7E, 0x24, 0xD1, 0x95, 0x24, 0xDA, 0x9C,
    0x42, 0x99, 0x16, 0x51, 0x93, 0x56, 0x91, 0x52, 0x55, 0xAC, 0x54, 0x9D, 0x28, 0xC5, 0x47, 0x7C,
    0x56, 0xE6, 0x59, 0xD8, 0x96, 0x14, 0xE0, 0x61, 0x7C, 0xA2, 0x8A, 0x28, 0xAE, 0x8D, 0x61, 0xDF,
    0x57, 0xCF, 0x28, 0x56, 0x1D, 0xA5, 0x6A, 0xA0, 0xC4, 0x1B, 0xE9, 0x0B, 0x52, 0x74, 0xA0, 0x14,
    0xE1, 0x79, 0xCA, 0x33, 0x45, 0x25, 0x8E, 0xCB, 0x3B, 0xD8, 0x57, 0x65, 0x9D, 0x8E, 0x69, 0x1D,
    0xB6, 0xFC, 0x20, 0x3E, 0x8F, 0x60, 0x65, 0x66, 0x4C, 0xEF, 0x37, 0xB0, 0xD6, 0x98, 0x2F, 0x89,
    0x04, 0x6E, 0xF3, 0x0B, 0x5A, 0x7D, 0x1C, 0xE0, 0xF7, 0x55, 0x01, 0xBC, 0x35, 0xAC, 0xB2, 0x3C,
    0x10, 0xFB, 0x92, 0x71, 0xBF, 0x90, 0x07, 0x00, 0x7A, 0x00, 0x25, 0x00, 0x2E, 0x68, 0xB4, 0xD3,
    0xE8, 0x8D, 0xC6, 0xEA, 0x8D, 0x83, 0xC6, 0xE5, 0x55, 0x97, 0x9D, 0xE1, 0x07, 0x4A, 0x38, 0x0A,
    0x39, 0x0E, 0x62, 0x27, 0x88, 0x9D, 0xC2, 0xEF, 0x31, 0x79, 0xE0, 0x13, 0x28, 0x49, 0xD1, 0x1F,
    0x3D, 0x1D, 0xD0, 0xC3, 0xC5, 0x7C, 0xD8, 0x7B, 0x82, 0x26, 0x89, 0xD1, 0x34, 0x21, 0x22, 0x08,
    0xA4, 0x81, 0xDE, 0xE0, 0x27, 0x1E, 0x10, 0x07, 0x89, 0x1A, 0x70, 0xE5, 0xA1, 0x30, 0x7C, 0xF8,
    0x5C, 0x32, 0x02, 0x82, 0x32, 0x96, 0xE7, 0x19, 0x95, 0x69, 0x41, 0x63, 0x52, 0xF1, 0x7D, 0x7E,
    0x1F, 0x35, 0xA2, 0x8B, 0xA4, 0x50, 0x4A, 0x06, 0x4A, 0xB5, 0xA1, 0x52, 0x7C, 0xC4, 0x67, 0x7B,
    0x44, 0x1A, 0x92, 0xCA, 0x1B, 0x0F, 0x48, 0x33, 0xD0, 0x4C, 0x38, 0x1D, 0x02, 0xCC, 0xBC, 0xA7,
    0x1C, 0x0F, 0x6D, 0x94, 0xC3, 0x67, 0x0F, 0x5F, 0xF7, 0x03, 0x13, 0x2F, 0x79, 0x0F, 0x9E, 0xAA,
    0x80, 0xBF, 0xDA, 0x97, 0x71, 0x43, 0x59, 0x24, 0xE9, 0x81, 0x92, 0x3E, 0xFB, 0x6F, 0x23, 0x19,
    0x4A, 0x58, 0x1B, 0x23, 0xD6, 0x87, 0x41, 0xA8, 0x7F, 0x06, 0x90, 0x03, 0xC0, 0x12, 0x2C, 0x4A,
    0x69, 0x8C, 0xBD, 0x07, 0xC8, 0xCF, 0xCB, 0x6C, 0x6F, 0xF9, 0x11, 0x2A, 0x83, 0x55, 0xDA, 0x28,
    0x02, 0xAB, 0xC4, 0x69, 0x7E, 0xE8, 0xF9, 0x45, 0xB8, 0x56, 0xDA, 0xBC, 0x27, 0x9D, 0x19, 0x83,
    0xCC, 0x45, 0x19, 0x2E, 0xE4, 0x90, 0x8B, 0x68, 0xAF, 0x53, 0x04, 0x7C, 0x6C, 0x17, 0x8E, 0x1A,
    0xEB, 0x97, 0x34, 0x97, 0x90, 0xB9, 0xBC, 0xEE, 0x29, 0xD8, 0x85, 0x4B, 0x52, 0xAF, 0xC7, 0x89,
    0xE4, 0x3C, 0x5C, 0x71, 0x38, 0x4E, 0x36, 0x75, 0x8A, 0x75, 0x86, 0xC7, 0x7E, 0xF0, 0x01, 0xD8,
    0x5F, 0xEC, 0x98, 0x87, 0x39, 0xFD, 0xA2, 0x67, 0x30, 0x60, 0xF6, 0x3B, 0x33, 0x70, 0x42, 0xC4,
    0x0C, 0xD0, 0x1D, 0xAA, 0x08, 0x87, 0x29, 0xE2, 0x8C, 0x86, 0x53, 0xD2, 0xB8, 0xE3, 0xC9, 0x03,
    0x36, 0xB0, 0x72, 0x10, 0x1B, 0x39, 0xA0, 0x63, 0xEC, 0xD2, 0xB7, 0x14, 0x3F, 0xEE, 0x91, 0xBB,
    0x16, 0x7D, 0xA5, 0x31, 0x18, 0x97, 0x72, 0xFD, 0xCA, 0xD0, 0xA2, 0xE7, 0x76, 0xB0, 0x72, 0xB7,
    0xDE, 0x37, 0xAF, 0x7B, 0xA6, 0x09, 0x45, 0x67, 0x63, 0x73, 0xFB, 0x7E, 0xED, 0x98, 0x17, 0xFA,
    0x02, 0xA1, 0x1F, 0x6B, 0xB3, 0xD2, 0x20, 0xFE, 0xFC, 0x69, 0x6F, 0x9C, 0x04, 0xE4, 0x6C, 0x2D,
    0x0D, 0x99, 0x96, 0x86, 0xF8, 0xD8, 0x21, 0x9F, 0x8F, 0xB5, 0x01, 0x1F, 0xAF, 0xB8, 0x48, 0x41,
    0x1D, 0x67, 0x8C, 0x71, 0x1F, 0x9C, 0x82, 0xF6, 0xCB, 0x95, 0x46, 0x90, 0xD5, 0x88, 0x4B, 0x74,
    0x8B, 0x12, 0xCD, 0xA9, 0xD3, 0x9A, 0x47, 0x65, 0xB1, 0x9C, 0x53, 0x71, 0x88, 0xD4, 0x24, 0x46,
    0xA7, 0xD5, 0x60, 0xF0, 0xDA, 0xE1, 0xB7, 0x4F, 0xAD, 0xF0, 0xE8, 0x3A, 0xA6, 0x06, 0xBF, 0x53,
    0xF4, 0x97, 0xE1, 0xC0, 0xBA, 0xB1, 0x53, 0x6E, 0x66, 0xF4, 0x42, 0xA9, 0xDE, 0x6E, 0xD8, 0x5F,
    0x6D, 0x67, 0x9E, 0x24, 0x3D, 0x1A, 0x10, 0x13, 0x1B, 0xEF, 0x94, 0xCF, 0xA0, 0xC4, 0xBD, 0x8E,
    0x9C, 0x16, 0x65, 0x96, 0xF3, 0x2F, 0x2A, 0x24, 0xAC, 0x2A, 0x39, 0x18, 0x1D, 0x52, 0x5A, 0x3F,
    0xD2, 0xD7, 0x43, 0xA0, 0xF5, 0x4A, 0x9B, 0xF9, 0x84, 0x5B, 0xAE, 0x30, 0x86, 0xFD, 0x60, 0x04,
    0xC9, 0x02, 0x1B, 0x1F, 0xDC, 0x26, 0xFA, 0xC6, 0x36, 0xEE, 0x02, 0x84, 0x1E, 0x9C, 0x78, 0x68,
    0x2C, 0x36, 0x2D, 0x80, 0x2C, 0x16, 0xA1, 0x71, 0xB7, 0x04, 0x6E, 0xD8, 0xDC, 0x4B, 0x95, 0xC4,
    0x76, 0x88, 0x89, 0xC0, 0x52, 0x50, 0x7E, 0x77, 0x03, 0xBD, 0xB1, 0xD7, 0xE6, 0x87, 0x72, 0x31,
    0x18, 0xA2, 0x8B, 0x64, 0xE6, 0x46, 0x69, 0xA1, 0x4B, 0x21, 0x4B, 0xD3, 0xF0, 0xAB, 0x2E, 0xFA,
    0xD1, 0xBB, 0x9A, 0xD2, 0xEF, 0x25, 0x5D, 0xA6, 0x7A, 0x82, 0xB9, 0x36, 0xA2, 0xD3, 0xB6, 0xE5,
    0x35, 0xF4, 0xB5, 0xCC, 0xCA, 0x7B, 0xB3, 0x92, 0xF7, 0xF4, 0x17, 0x22, 0x5D, 0xC5, 0x5A, 0x8A,
    0x5E, 0xF5, 0x24, 0xE8, 0xE6, 0x62, 0x3E, 0xB3, 0xB3, 0xBD, 0xD7, 0x18, 0x51, 0x11, 0x46, 0x5A,
    0x6A, 0x67, 0x7B, 0x37, 0x85, 0xEE, 0xF6, 0x3C, 0x8B, 0x5B, 0x19, 0xA0, 0x9D, 0xB2, 0x2D, 0xAF,
    0x9D, 0x19, 0x2F, 0x5F, 0xC5, 0x33, 0x79, 0x3E, 0x7A, 0x0F, 0xD0, 0xAA, 0xE2, 0xD9, 0x9D, 0xE8,
    0xC2, 0x36, 0xE0, 0x5F, 0xCC, 0x20, 0x61, 0x3D, 0xA7, 0x10, 0x56, 0x88, 0x21, 0x68, 0xF8, 0x3A,
    0xEE, 0xAB, 0xE9, 0x68, 0xD4, 0x1D, 0x19, 0x3D, 0x39, 0x83, 0xD9, 0x4E, 0xFE, 0x1D, 0xF2, 0x73,
    0x63, 0x7F, 0xF9, 0x31, 0xAF, 0x13, 0xD5, 0x89, 0xD7, 0x09, 0xB4, 0xDB, 0x8F, 0xCE, 0xF2, 0x73,
    0xAA, 0xF3, 0x0F, 0x4C, 0x23, 0x56, 0x35, 0x48, 0x5C, 0xA6, 0x6A, 0xE9, 0x40, 0xB8, 0xBA, 0x1A,
    0x08, 0x07, 0xA1, 0x15, 0x83, 0x34, 0xD3, 0xA3, 0x35, 0x40, 0x09, 0x8A, 0xFE, 0x06, 0xE0, 0xEC,
    0xE1, 0x62, 0xC0, 0x1E, 0x0B, 0x49, 0x16, 0xBF, 0xAB, 0xD3, 0xBB, 0xF2, 0x58, 0x37, 0xF4, 0xEE,
    0x22, 0xC7, 0x22, 0xE5, 0x4D, 0x0D, 0xFA, 0x82, 0xA7, 0x9C, 0xB7, 0x76, 0x18, 0xC0, 0x9B, 0xE2,
    0xB7, 0x7E, 0x25, 0x9C, 0x14, 0x6B, 0xFD, 0x4A, 0xA8, 0x9B, 0x87, 0xFD, 0x5B, 0x83, 0xBE, 0x6F,
    0x6D, 0x27, 0x9F, 0x43, 0x0C, 0xB8, 0xE7, 0x5E, 0x82, 0x4E, 0x82, 0x57, 0x4E, 0xED, 0xBE, 0x54,
    0x76, 0x03, 0xD4, 0xCD, 0x0D, 0x34, 0xCC, 0xE6, 0x22, 0xBE, 0x21, 0x42, 0xEB, 0xEB, 0xA9, 0x99,
    0xCA, 0x63, 0x5C, 0x60, 0xCB, 0x2D, 0xD3, 0x2D, 0x01, 0xD9, 0x52, 0x86, 0xE1, 0x8A, 0x0D, 0x3B,
    0x0F, 0xDE, 0xEA, 0x29, 0x87, 0x2E, 0xB1, 0x32, 0xAD, 0x75, 0x79, 0xD5, 0x25, 0x36, 0x94, 0x79,
    0x11, 0xB6, 0x93, 0xF1, 0xF1, 0x74, 0x8D, 0xEF, 0xE3, 0xFB, 0x85, 0xE6, 0xD4, 0xD2, 0x6C, 0x09,
    0x46, 0x7E, 0xB9, 0x9F, 0x32, 0xFE, 0xBC, 0x52, 0x59, 0x89, 0xFC, 0x82, 0x4D, 0x35, 0x19, 0x1F,
    0xF3, 0xF9, 0x54, 0xC7, 0x36, 0xC5, 0x70, 0x96, 0xE7, 0xE7, 0x96, 0x15, 0x1C, 0xE0, 0x3F, 0xAB,
    0x0F, 0x2D, 0xE4, 0xB1, 0xFD, 0xB2, 0x82, 0x93, 0xF6, 0x9F, 0x79, 0x8F, 0x48, 0x7F, 0x5E, 0x8F,
    0xBB, 0x57, 0x3C, 0xEE, 0x6E, 0x2E, 0xE6, 0x73, 0xAE, 0x65, 0x05, 0x16, 0x7E, 0x83, 0x4D, 0x06,
    0x7D, 0xD4, 0xEA, 0x25, 0x03, 0xBD, 0x6C, 0xE0, 0xF7, 0x71, 0xE3, 0x0F, 0x93, 0xF1, 0xF1, 0x74,
    0x8D, 0xEF, 0xE3, 0xFB, 0xF9, 0x39, 0xF6, 0xB9, 0x4B, 0xBC, 0x50, 0x8A, 0x6E, 0x15, 0x13, 0xC6,
    0xC7, 0xA7, 0xFC, 0xF3, 0xFD, 0xE7, 0x59, 0x56, 0x70, 0x91, 0x1F, 0x5F, 0x65, 0x27, 0x0A, 0x4D,
    0x61, 0x0A, 0xCD, 0x15, 0x67, 0xF9, 0xD9, 0x7A, 0x59, 0xC1, 0xC5, 0x58, 0x39, 0x31, 0x19, 0x5B,
    0xD5, 0xA0, 0xFC, 0xD3, 0x35, 0xE8, 0xDC, 0x5C, 0x3E, 0xB5, 0xAC, 0xB0, 0x27, 0x9D, 0x62, 0x15,
    0xFC, 0x54, 0x7D, 0x72, 0xA2, 0x5F, 0xBC, 0xAC, 0xE0, 0xF7, 0xE6, 0x5D, 0x98, 0x67, 0x3E, 0x1C,
    0x33, 0xB8, 0x83, 0x13, 0x9E, 0xB1, 0x07, 0xAA, 0xE3, 0xBE, 0x69, 0x79, 0x35, 0x5B, 0xF0, 0x6A,
    0x4E, 0xF3, 0x7A, 0x6B, 0xE6, 0x99, 0xDA, 0x37, 0xF2, 0xC1, 0x13, 0xED, 0x14, 0x89, 0xB9, 0xC6,
    0xC9, 0x09, 0x1B, 0xAF, 0x54, 0x0D, 0xEE, 0xAD, 0x81, 0x93, 0xF1, 0xD2, 0x0C, 0x8F, 0xEA, 0x34,
    0x0F, 0xB4, 0x0B, 0x2F, 0x19, 0x8C, 0xBA, 0x08, 0x9B, 0xB9, 0xF2, 0x3E, 0x30, 0xDF, 0x37, 0x4D,
    0xC2, 0x4D, 0xA3, 0x63, 0xED, 0x8A, 0x79, 0xB6, 0x4E, 0x3C, 0x76, 0x8A, 0x79, 0xB3, 0x4E, 0xFC,
    0xD0, 0xD0, 0xA5, 0x1D, 0x30, 0x0F, 0x57, 0xD1, 0xA7, 0xB1, 0xCF, 0xB3, 0xA6, 0x83, 0x7F, 0x9D,
    0x62, 0x0D, 0xDE, 0x16, 0x88, 0x23, 0x31, 0x26, 0x3F, 0x34, 0x14, 0xFF, 0xB6, 0x1C, 0xE3, 0x84,
    0xC9, 0x55, 0xDE, 0xE7, 0xC6, 0x20, 0x99, 0x36, 0x5C, 0x8E, 0x71, 0x73, 0xDC, 0xF1, 0x73, 0xE7,
    0xB1, 0x3C, 0xC3, 0xD7, 0xFA, 0x8D, 0xA1, 0x9B, 0xBE, 0x6A, 0x66, 0xFD, 0xE6, 0xD8, 0x39, 0xD3,
    0x56, 0x7E, 0xCA, 0x2C, 0x1E, 0xF3, 0x2C, 0xE8, 0xF2, 0x6C, 0xE5, 0x67, 0x5A, 0x3E, 0x48, 0x3F,
    0x3F, 0x6F, 0x75, 0x81, 0xFF, 0xAC, 0x18, 0x8B, 0x78, 0x6C, 0xE8, 0x0C, 0x1C, 0x5D, 0xD3, 0x0B,
    0x7D, 0xDA, 0x80, 0x83, 0xAD, 0xDE, 0xA9, 0xCD, 0x37, 0x62, 0xC0, 0xB7, 0x8D, 0x01, 0x5C, 0x6C,
    0xF5, 0xB9, 0x30, 0x6F, 0xE8, 0xCC, 0x1E, 0x30, 0x6F, 0xC4, 0xD8, 0x0D, 0xF3, 0x7C, 0xDE, 0xDC,
    0x62, 0xDE, 0x8C, 0x71, 0x57, 0x4E, 0x31, 0x96, 0x60, 0x16, 0xED, 0x3D, 0xAB, 0x37, 0x70, 0x71,
    0xF4, 0xD2, 0x29, 0xD6, 0xC9, 0xB7, 0x50, 0xFF, 0xC9, 0xC9, 0xF7, 0xA2, 0xBE, 0x40, 0x8E, 0xF3,
    0x3E, 0x5B, 0xEF, 0xD7, 0x31, 0x96, 0x61, 0xDC, 0xD4, 0x8A, 0xF9, 0x7A, 0x9C, 0xAD, 0xB5, 0xA2,
    0x08, 0x3A, 0xD6, 0xDB, 0xA4, 0x8E, 0x1B, 0x56, 0x5D, 0x56, 0x61, 0xD1, 0x97, 0xE4, 0x0F, 0x76,
    0xC9, 0x98, 0x97, 0x58, 0x53, 0x69, 0x96, 0x8E, 0x27, 0xDD, 0xFD, 0xD8, 0x0E, 0xED, 0x5F, 0x04,
    0xF9, 0xC9, 0xFF, 0xF3, 0x4C, 0x8C, 0xBC, 0x08, 0x5A, 0xE3, 0x3F, 0x6A, 0xA0, 0xE8, 0x15, 0x2F,
    0xCB, 0xE2, 0x4C, 0x26, 0xBA, 0x5C, 0x2F, 0xD7, 0xD2, 0x60, 0x63, 0xF0, 0x1C, 0x8B, 0xE3, 0xB0,
    0xBF, 0xC4, 0xAC, 0xB3, 0x45, 0x90, 0xFD, 0x08, 0xB7, 0x44, 0xAD, 0x23, 0x9C, 0x33, 0xF5, 0x63,
    0x39, 0xBE, 0xA7, 0xA8, 0x35, 0x91, 0x8C, 0x46, 0x58, 0x8B, 0xF7, 0xA7, 0xCF, 0xBC, 0x6B, 0x3A,
    0xC1, 0x9F, 0xE3, 0x5A, 0xDE, 0x19, 0xF3, 0xED, 0xEB, 0x87, 0x5F, 0x39, 0x6D, 0xE7, 0xB9, 0xBF,
    0x12, 0x9C, 0xE1, 0x7F, 0x7E, 0x61, 0xE5, 0x9B, 0x9E, 0xF4, 0x4E, 0x71, 0xFF, 0x0F, 0xA5, 0x92,
    0x3B, 0x6E, 0x03, 0x21, 0x10, 0x86, 0x7F, 0xEF, 0x4A, 0x76, 0x81, 0x14, 0x8E, 0x40, 0xE3, 0x9E,
    0x13, 0x38, 0xB3, 0x4A, 0x8A, 0x1C, 0x23, 0x3E, 0x88, 0x65, 0x90, 0x72, 0x2D, 0x67, 0xC1, 0xF6,
    0x05, 0x50, 0x9A, 0xB4, 0xA4, 0x49, 0x4D, 0x41, 0x41, 0x81, 0x4D, 0x66, 0xF3, 0x28, 0x22, 0xE5,
    0x25, 0x05, 0xF8, 0x35, 0xAF, 0x4F, 0x83, 0xD0, 0xE0, 0x5A, 0xB3, 0xEE, 0x5D, 0xAD, 0xB5, 0xFA,
    0xA1, 0x2E, 0xF5, 0x49, 0x24, 0x19, 0x55, 0xA0, 0x60, 0xBC, 0xF3, 0x80, 0x2C, 0x32, 0xCB, 0xA4,
    0x82, 0xF6, 0x64, 0x09, 0x04, 0x40, 0x25, 0x9D, 0x28, 0x90, 0xA7, 0xC1, 0x60, 0x8B, 0x1D, 0x50,
    0x17, 0x61, 0x56, 0xA5, 0xEF, 0x8B, 0xF2, 0x7D, 0xD6, 0x5E, 0x24, 0xB2, 0x32, 0x39, 0xAB, 0x52,
    0x1B, 0xE8, 0xA9, 0x61, 0x5A, 0xB2, 0x38, 0xCF, 0xB1, 0x55, 0xB1, 0x41, 0x87, 0x33, 0x68, 0x7F,
    0x02, 0x5D, 0x55, 0x50, 0x97, 0xB1, 0xED, 0xD3, 0x2B, 0xA3, 0xB9, 0xAE, 0x99, 0xA7, 0x3D, 0xD7,
    0x0F, 0x27, 0x98, 0xEB, 0x0A, 0xD3, 0x67, 0x8C, 0x5C, 0xAF, 0x8B, 0x88, 0xD7, 0xCB, 0xBF, 0x90,
    0x69, 0x6D, 0xF8, 0xD0, 0x77, 0xCC, 0x7F, 0xF4, 0xD7, 0xFE, 0xBF, 0x71, 0xA2, 0x80, 0x1A, 0x53,
    0x7C, 0x98, 0x99, 0x7C, 0xCE, 0x68, 0x79, 0x8C, 0xE6, 0xF6, 0x31, 0x4F, 0x22, 0xF6, 0x15, 0xBF,
    0xD3, 0x54, 0xA0, 0x6C, 0x80, 0xBC, 0x7A, 0xB3, 0xA6, 0xCE, 0xBD, 0x7A, 0x6E, 0x61, 0xDE, 0xCE,
    0x83, 0x3A, 0x0F, 0xB8, 0x18, 0xB8, 0xE1, 0xA8, 0x42, 0xD7, 0x5A, 0xEE, 0x1F, 0xF2, 0x6E, 0xB1,
    0x4F, 0x9B, 0xC9, 0x4E, 0xF1, 0x94, 0x57, 0x5E, 0x5B, 0x1E, 0xD6, 0x40, 0x30, 0x70, 0x18, 0x71,
    0x0F, 0x75, 0x28, 0xEA, 0x58, 0xF4, 0x5D, 0xA6, 0xBB, 0x44, 0x37, 0x89, 0x44, 0x32, 0x22, 0x3A,
    0x19, 0x46, 0xE9, 0xB1, 0x9E, 0x25, 0x91, 0x75, 0x74, 0x76, 0x64, 0xD4, 0x59, 0x1D, 0x44, 0x9E,
    0x25, 0xAC, 0x97, 0x58, 0xC1, 0x58, 0x1D, 0x45, 0xE9, 0x78, 0x8B, 0xA2, 0xA2, 0xB1, 0x2B, 0x2C,
    0xA7, 0x41, 0x15, 0xA0, 0xE3, 0x91, 0xF5, 0x81, 0xE7, 0xCA, 0x3F, 0x44, 0x71, 0xEA, 0x92, 0xB5,
    0xC3, 0xA7, 0xF5, 0x03, 0xF5, 0x02, 0xAD, 0x4F, 0x31, 0x0E, 0x83, 0x30, 0x10, 0x33, 0x50, 0xA9,
    0x43, 0x06, 0xA6, 0x6E, 0x48, 0x37, 0x74, 0x6D, 0x95, 0x0F, 0x40, 0xC9, 0xC3, 0xA0, 0xF0, 0x31,
    0x44, 0x9F, 0xD0, 0x1F, 0x94, 0x27, 0x30, 0x64, 0xC8, 0x40, 0x92, 0xDE, 0x41, 0x3B, 0x56, 0x62,
    0xA8, 0xE2, 0xC1, 0x3A, 0xE7, 0xEC, 0xB3, 0x72, 0xD0, 0x01, 0x37, 0x8D, 0xF6, 0x65, 0x04, 0x64,
    0x98, 0xF3, 0x44, 0x39, 0x60, 0x41, 0xB6, 0x40, 0x2D, 0xA0, 0x06, 0x65, 0x83, 0x2E, 0x1A, 0x06,
    0x1A, 0x30, 0x74, 0x44, 0x1D, 0x51, 0x02, 0x95, 0x13, 0x72, 0xD2, 0xA6, 0xD0, 0x86, 0x09, 0x6F,
    0x25, 0x1E, 0x6A, 0x06, 0x3D, 0x50, 0x0F, 0x22, 0xDD, 0xD9, 0x90, 0x0C, 0xFF, 0x3F, 0x3A, 0x44,
    0x1F, 0xBD, 0x6D, 0xAC, 0x4B, 0x6C, 0x3A, 0x67, 0x4F, 0xF5, 0xC8, 0x7B, 0xB5, 0xAE, 0x73, 0x62,
    0xBE, 0x48, 0x68, 0x45, 0xC2, 0x37, 0x1F, 0x91, 0x02, 0x5A, 0x62, 0xB0, 0xB3, 0xA1, 0x11, 0x18,
    0x90, 0x39, 0xE4, 0x93, 0x48, 0xBF, 0x6E, 0xD6, 0xD3, 0x38, 0x9D, 0xA7, 0xEC, 0xF3, 0xBA, 0xD0,
    0x85, 0x2D, 0xE2, 0xAA, 0x81, 0x7A, 0x75, 0xB0, 0xA0, 0x9E, 0x27, 0xE2, 0xB9, 0x49, 0x45, 0x8D,
    0x34, 0x20, 0xE5, 0xBE, 0x1A, 0x97, 0x6F, 0xFA, 0xAE, 0xEE, 0x5E, 0xC8, 0x81, 0xFE, 0xD1, 0xDD,
    0x0B, 0xD9, 0xD3, 0xFD, 0x0D, 0x95, 0x94, 0xBD, 0x6E, 0x13, 0x41, 0x10, 0xC7, 0xC7, 0x36, 0xCA,
    0x09, 0xB9, 0xD8, 0x07, 0x40, 0x62, 0x5F, 0x00, 0xB1, 0x6D, 0xA4, 0x60, 0xE6, 0x02, 0x74, 0x14,
    0x79, 0x04, 0x78, 0x80, 0xA0, 0x34, 0x20, 0x51, 0x24, 0xD9, 0xEB, 0x52, 0x50, 0xC0, 0x1B, 0xD0,
    0xD0, 0x03, 0xA1, 0x00, 0x09, 0x89, 0x5B, 0x29, 0x48, 0x29, 0xD9, 0x38, 0x45, 0x0A, 0x8A, 0x9C,
    0x14, 0x4B, 0xB4, 0x07, 0x39, 0xC4, 0x21, 0xCE, 0x1E, 0xFE, 0x73, 0xFE, 0x0A, 0x14, 0x48, 0xD8,
    0xFA, 0xC9, 0xB3, 0xBB, 0xFF, 0xD9, 0x8F, 0xF9, 0x30, 0x5D, 0x7B, 0x45, 0xA4, 0xDC, 0x28, 0x89,
    0xF2, 0x92, 0xFA, 0x32, 0x26, 0x2B, 0x92, 0x72, 0x2D, 0xC1, 0xAF, 0x4A, 0x96, 0xAF, 0x8E, 0x68,
    0xF2, 0x30, 0xD2, 0xE4, 0xD1, 0x8C, 0xD7, 0x81, 0x26, 0xFB, 0x81, 0xF2, 0xFD, 0x8F, 0xE4, 0xBF,
    0x7D, 0xCA, 0xF8, 0x5C, 0x82, 0xEA, 0xD5, 0xAF, 0x23, 0x05, 0xD1, 0x59, 0xB6, 0x24, 0x1F, 0x51,
    0x22, 0x42, 0x46, 0x24, 0x73, 0xA5, 0x23, 0x0E, 0x97, 0x00, 0x91, 0x40, 0xA7, 0xF4, 0xAB, 0xA5,
    0x6D, 0x70, 0xBC, 0x83, 0xBB, 0xC7, 0xBA, 0x17, 0x9C, 0x3D, 0xC3, 0xD6, 0x49, 0xB4, 0xCD, 0x8C,
    0x31, 0xD8, 0x05, 0x5B, 0x49, 0xF4, 0xF7, 0xA4, 0xF2, 0x1B, 0x52, 0xD9, 0x8D, 0xC3, 0xE8, 0xE5,
    0xB0, 0xF2, 0x72, 0x52, 0xD9, 0xDB, 0x5F, 0xA2, 0xBD, 0xF5, 0x23, 0xDA, 0x75, 0x89, 0x36, 0x9D,
    0x93, 0x47, 0xAE, 0x89, 0x58, 0x94, 0x40, 0x6C, 0x2E, 0x72, 0x58, 0xB1, 0xBC, 0x6C, 0x58, 0xB8,
    0xE2, 0x31, 0x13, 0x7F, 0xE0, 0xC0, 0x6C, 0x4B, 0xE6, 0xBD, 0x9A, 0xDD, 0x51, 0xCD, 0x46, 0x6A,
    0x4E, 0xA4, 0xE4, 0x4E, 0x9E, 0xB9, 0x2C, 0x29, 0xFE, 0x46, 0x44, 0x1A, 0xC5, 0x3E, 0x38, 0x8B,
    0xB2, 0x79, 0xD6, 0x28, 0x76, 0xF3, 0x3C, 0xDA, 0xED, 0xF3, 0x60, 0x94, 0xC7, 0x6F, 0xC0, 0xDB,
    0x60, 0xDE, 0xBD, 0x0F, 0xA6, 0xF2, 0x81, 0x27, 0xEB, 0x38, 0xEF, 0xA8, 0x1A, 0xF4, 0xBE, 0x56,
    0x03, 0xFA, 0x5E, 0x0D, 0xB6, 0x95, 0x9F, 0xFF, 0xA2, 0x1C, 0x6C, 0x77, 0x41, 0x52, 0x0E, 0xBC,
    0x84, 0x81, 0x9F, 0x10, 0x82, 0x8A, 0x40, 0xE1, 0x21, 0x0A, 0xEC, 0x6E, 0x9D, 0x93, 0x99, 0xE4,
    0x18, 0xE6, 0xC4, 0x47, 0x42, 0x9C, 0xE1, 0x37, 0x9D, 0x91, 0x4D, 0xE7, 0x74, 0x4D, 0x35, 0xAA,
    0xD5, 0x0F, 0x23, 0x1F, 0x0A, 0xF9, 0x11, 0xF5, 0xA6, 0xF9, 0x09, 0x8C, 0x17, 0x71, 0xB8, 0x4C,
    0x79, 0x8A, 0x5D, 0x67, 0x39, 0x41, 0xC8, 0xDA, 0x5F, 0x1D, 0xEB, 0xBC, 0xAE, 0xAB, 0x4E, 0xF5,
    0xEA, 0xA7, 0xFE, 0x36, 0xF6, 0x2B, 0x1B, 0x6D, 0x61, 0x23, 0x07, 0x1B, 0x7D, 0x6A, 0xA3, 0x90,
    0x1D, 0x36, 0x64, 0x8F, 0x6B, 0xF8, 0x49, 0x39, 0xC7, 0x1E, 0x63, 0x6E, 0x88, 0xDA, 0xD2, 0xF5,
    0xE8, 0xA1, 0x75, 0xD1, 0x46, 0x53, 0xDA, 0x98, 0xD4, 0xC8, 0x73, 0x35, 0x07, 0x8B, 0x34, 0x65,
    0x98, 0xA2, 0x10, 0x33, 0xB2, 0x5A, 0x57, 0x11, 0x75, 0x39, 0x4C, 0x57, 0xFE, 0x18, 0x47, 0x5A,
    0x59, 0x68, 0x23, 0xDE, 0x50, 0x81, 0x09, 0x19, 0xDC, 0xC1, 0x44, 0x17, 0xE6, 0xFB, 0x19, 0x9C,
    0xB2, 0xB4, 0x5D, 0x68, 0xD7, 0x55, 0xA7, 0x7A, 0xB8, 0x5E, 0x84, 0x3A, 0x28, 0x94, 0x0E, 0x8A,
    0xB2, 0x0B, 0xB6, 0x6A, 0xEA, 0x42, 0xD7, 0x47, 0x9C, 0x0C, 0x6A, 0xDC, 0x1D, 0x9C, 0x06, 0x3E,
    0x40, 0xCD, 0xEC, 0x29, 0x52, 0xF0, 0x13, 0xF0, 0x54, 0xB9, 0xDB, 0xE2, 0x4E, 0x4D, 0x34, 0xE2,
    0x82, 0xEA, 0x7B, 0xF0, 0xD3, 0xD8, 0xD0, 0x4D, 0xEC, 0xB9, 0x0B, 0x76, 0xC0, 0x56, 0x81, 0x58,
    0x8F, 0xDB, 0x7E, 0xE8, 0x14, 0x5E, 0xA3, 0x99, 0x29, 0x8B, 0x77, 0x5F, 0x19, 0xD1, 0xE2, 0x9E,
    0xE8, 0x03, 0x53, 0x74, 0xD0, 0x1F, 0x36, 0x85, 0x3E, 0x74, 0xD0, 0x5F, 0xE4, 0x70, 0xA7, 0x1E,
    0x16, 0x12, 0x05, 0x97, 0xCD, 0xD1, 0x3F, 0xD2, 0x68, 0xAF, 0x12, 0x7F, 0x96, 0xCC, 0x6F, 0x3C,
    0xCF, 0x72, 0x73, 0x87, 0xC4, 0x20, 0x67, 0x16, 0x38, 0x70, 0x1D, 0xE0, 0x0E, 0xF9, 0xE0, 0x6A,
    0xEA, 0x77, 0x50, 0xDB, 0x4D, 0x9E, 0x3A, 0xE8, 0xD5, 0xAF, 0xED, 0xD5, 0x06, 0xF7, 0xAA, 0xA7,
    0xCF, 0x46, 0x1D, 0x07, 0x85, 0xE8, 0x82, 0xAD, 0xD7, 0xFC, 0x0F, 0xE6, 0x7E, 0xAD, 0xAF, 0xCB,
    0xDA, 0xA0, 0x2E, 0xC6, 0xFA, 0x28, 0xA7, 0xE3, 0x40, 0x5A, 0x3A, 0x08, 0x05, 0xEE, 0x40, 0xD3,
    0x86, 0x77, 0x68, 0xFE, 0x3E, 0x2E, 0xD3, 0x9D, 0x50, 0x02, 0x73, 0xC9, 0x7D, 0x4A, 0x7E, 0x95,
    0x88, 0xD9, 0x33, 0xEA, 0xD7, 0xF7, 0x89, 0x61, 0xAF, 0xB5, 0x76, 0xF7, 0x05, 0x97, 0xBD, 0x6A,
    0xAD, 0x4C, 0xF0, 0xED, 0x03, 0x57, 0x68, 0x9C, 0x34, 0xB6, 0x89, 0xD4, 0xED, 0x7F, 0x18, 0xF2,
    0xA0, 0xB9, 0x28, 0xFA, 0xA5, 0x85, 0xC2, 0xCC, 0x40, 0x6F, 0x63, 0x8E, 0xB5, 0xDE, 0x55, 0x53,
    0x6A, 0x2F, 0x34, 0x2D, 0x6A, 0x5F, 0xA4, 0x77, 0x1C, 0xA6, 0x9C, 0x20, 0xDF, 0x88, 0x95, 0xEA,
    0x59, 0x63, 0x9D, 0xB5, 0x3D, 0x96, 0xB6, 0xBD, 0xA5, 0x36, 0xCE, 0x63, 0xA4, 0x8F, 0x91, 0xF3,
    0xE9, 0x3C, 0xE2, 0xDC, 0x92, 0xE3, 0x0C, 0xFC, 0x8F, 0xCA, 0x54, 0xA3, 0xFB, 0xCC, 0xF7, 0xFC,
    0x0D, 0x95, 0x93, 0x31, 0x4E, 0xC4, 0x30, 0x14, 0x44, 0x3F, 0x76, 0x91, 0x22, 0x85, 0x1B, 0x7A,
    0x53, 0x20, 0x51, 0xA1, 0x34, 0x2B, 0x6D, 0x67, 0x73, 0x14, 0x8E, 0x40, 0x91, 0x82, 0x62, 0x17,
    0xE7, 0x48, 0x94, 0x14, 0x91, 0xE2, 0x23, 0xF8, 0x08, 0x7B, 0x84, 0x8F, 0x64, 0x89, 0x2F, 0x91,
    0x95, 0x99, 0x25, 0x5B, 0x51, 0x04, 0xC7, 0x96, 0xAB, 0x19, 0x3D, 0xCD, 0x7C, 0xDB, 0x5D, 0x22,
    0x09, 0x49, 0xF1, 0x43, 0xD2, 0xD8, 0x26, 0xEA, 0x64, 0x49, 0x27, 0x47, 0x7E, 0x1E, 0x71, 0xE8,
    0xBA, 0x8A, 0x90, 0x14, 0x51, 0xCC, 0x59, 0xA7, 0x4F, 0x5E, 0x5C, 0x4D, 0x74, 0x64, 0x86, 0x91,
    0x2C, 0x75, 0x55, 0x8C, 0x8B, 0xAB, 0x30, 0x18, 0xA2, 0x53, 0x11, 0x13, 0xDF, 0xB2, 0x25, 0xC5,
    0x8E, 0xDA, 0x08, 0xD7, 0x16, 0x46, 0x56, 0xFC, 0x8C, 0x1C, 0xE6, 0x64, 0xA2, 0x61, 0x4B, 0x2F,
    0xE2, 0xA8, 0xE4, 0x11, 0x9A, 0x3D, 0x91, 0x78, 0xA4, 0x7C, 0x3D, 0x68, 0xF8, 0x4C, 0x6C, 0xA0,
    0xFA, 0xC1, 0x51, 0x00, 0x23, 0x54, 0x32, 0xEA, 0x72, 0x4C, 0x99, 0x64, 0x02, 0xE3, 0x1D, 0xDA,
    0x17, 0x18, 0x45, 0x2C, 0xDD, 0x8D, 0xDB, 0x72, 0xFC, 0xCF, 0x08, 0xB3, 0xE2, 0x7B, 0x30, 0x9A,
    0x0C, 0x06, 0xD4, 0xDD, 0x61, 0x61, 0x40, 0xAB, 0x62, 0x68, 0x26, 0x69, 0x31, 0xF1, 0x47, 0xD6,
    0xA9, 0xC7, 0xAD, 0x4D, 0x67, 0x4B, 0xD3, 0xD9, 0x11, 0xF1, 0x88, 0x53, 0xC7, 0xA8, 0x9B, 0x47,
    0x8B, 0xB4, 0xDD, 0x93, 0xE2, 0x23, 0xB4, 0xEF, 0x2B, 0x23, 0x7F, 0x38, 0xB0, 0x2F, 0x0C, 0xF8,
    0xC4, 0xA3, 0xCB, 0x0E, 0xEA, 0x1E, 0x5D, 0xC2, 0x6C, 0xE9, 0xF6, 0xF8, 0xB7, 0xCB, 0x3A, 0x63,
    0xDB, 0xFB, 0xC8, 0xB8, 0x5B, 0x0F, 0x57, 0xC0, 0xE4, 0xB3, 0x6C, 0x9B, 0xE9, 0x3A, 0xA3, 0xAE,
    0xCB, 0x3A, 0x03, 0x6F, 0xE0, 0x37, 0x47, 0x8F, 0x1C, 0x3D, 0x18, 0x37, 0xBC, 0x74, 0x69, 0xF0,
    0x13, 0xDA, 0xA1, 0x8E, 0xF1, 0x03, 0x95, 0x54, 0x4D, 0x6E, 0xD3, 0x40, 0x18, 0x7D, 0x1E, 0x47,
    0xF2, 0xC2, 0x48, 0xEE, 0x32, 0xAB, 0xE4, 0x02, 0x34, 0xBE, 0x40, 0xC5, 0x78, 0xD7, 0x25, 0x47,
    0xE1, 0x02, 0xC8, 0x8E, 0xC4, 0x01, 0xA8, 0x38, 0x41, 0x97, 0x5C, 0x22, 0xC4, 0x28, 0x0B, 0x16,
    0x2C, 0x92, 0x1B, 0x74, 0x24, 0x38, 0xC0, 0x2C, 0xAC, 0x2A, 0x12, 0x6E, 0x86, 0xF7, 0xC6, 0x2E,
    0x4D, 0x81, 0x08, 0x32, 0xD2, 0xD3, 0x78, 0xBE, 0xDF, 0xF7, 0xCD, 0xF7, 0x79, 0x00, 0xAE, 0x97,
    0xC4, 0x1A, 0x30, 0x0F, 0x40, 0xEE, 0x01, 0x1B, 0x42, 0xB7, 0x26, 0xB4, 0x17, 0x7E, 0x90, 0x4B,
    0x1F, 0xED, 0xB4, 0x5E, 0x10, 0x96, 0x08, 0x2D, 0xD2, 0xE0, 0x51, 0x84, 0x1E, 0x76, 0xBD, 0xC6,
    0xC2, 0x2E, 0x30, 0xB1, 0x93, 0x41, 0xF7, 0x2F, 0xC4, 0xE5, 0x80, 0x74, 0x0F, 0x24, 0x07, 0x09,
    0x97, 0x4D, 0x08, 0x8E, 0xD8, 0x13, 0x62, 0xB1, 0x8C, 0x72, 0xE9, 0x65, 0x07, 0xFC, 0x57, 0x5C,
    0xE5, 0x17, 0x0F, 0xF1, 0x11, 0x2F, 0xF1, 0x13, 0xCF, 0xA8, 0x17, 0xEF, 0x8B, 0x0B, 0xA0, 0x7B,
    0x8B, 0xB4, 0x0F, 0x28, 0xBC, 0x6D, 0x59, 0xA3, 0x0F, 0xCC, 0xA9, 0x5D, 0x67, 0xC9, 0xA5, 0x8F,
    0x76, 0x47, 0x75, 0x66, 0xA1, 0xC3, 0x3C, 0x3C, 0xFC, 0x51, 0xE7, 0x71, 0x3E, 0xE9, 0x65, 0x77,
    0x9C, 0x2F, 0x84, 0xE5, 0x13, 0x76, 0x3C, 0xB3, 0x9C, 0x03, 0xCB, 0xEA, 0xD7, 0x4B, 0xF4, 0xA5,
    0xC3, 0xC7, 0x9C, 0x02, 0xA3, 0xFA, 0x29, 0x40, 0x49, 0x8B, 0x9C, 0x7B, 0xC2, 0x4F, 0x12, 0x7F,
    0x04, 0x1A, 0x0F, 0xC3, 0x3D, 0xFF, 0xC1, 0xF3, 0x37, 0x8F, 0xF5, 0x3B, 0x6F, 0x0E, 0xE6, 0x56,
    0xAE, 0x0C, 0x81, 0x86, 0x1E, 0x0B, 0x46, 0x98, 0x8C, 0xD0, 0xB7, 0x64, 0xD2, 0x0D, 0xE1, 0xCD,
    0xAD, 0x7C, 0xA2, 0xAF, 0x62, 0x98, 0x31, 0xE6, 0xB3, 0x1C, 0xCC, 0x19, 0x73, 0x8B, 0x03, 0xB9,
    0x90, 0x93, 0xB8, 0x89, 0xA3, 0xB8, 0x8A, 0xB3, 0xB8, 0xC7, 0x1A, 0x8E, 0x6A, 0x02, 0x5E, 0xE9,
    0x92, 0x28, 0x2D, 0x3B, 0x5C, 0xA5, 0x3D, 0x0E, 0xA6, 0x4F, 0x7B, 0xD3, 0x17, 0x3E, 0xEB, 0x35,
    0x3F, 0xBC, 0x5B, 0x67, 0xC3, 0x01, 0x9A, 0x23, 0x6A, 0x59, 0x3C, 0x71, 0x35, 0xB4, 0xD3, 0x50,
    0x36, 0x17, 0x13, 0xF2, 0x0C, 0xF0, 0x72, 0xA5, 0x3A, 0x20, 0x54, 0xB6, 0xD5, 0x0C, 0x94, 0xEC,
    0x8B, 0x19, 0x66, 0xA1, 0x95, 0x05, 0x8C, 0x02, 0x78, 0xFC, 0x5A, 0x33, 0x15, 0x5A, 0xC5, 0x31,
    0xC9, 0xC8, 0x6D, 0x1E, 0x73, 0x05, 0xA7, 0x3D, 0xDB, 0x67, 0x2E, 0x39, 0x64, 0x0E, 0xCD, 0xB5,
    0xC3, 0x8C, 0x3B, 0x4E, 0x81, 0x2B, 0xAB, 0xE8, 0xAC, 0xAB, 0xEF, 0xE2, 0xB0, 0x73, 0xF6, 0x2B,
    0xA2, 0xD5, 0xBE, 0xE2, 0x79, 0x45, 0xF9, 0x8A, 0xFA, 0x55, 0x5E, 0x61, 0x45, 0xF3, 0xBF, 0xE1,
    0x64, 0xFC, 0xD9, 0xC0, 0x41, 0x5C, 0xC4, 0xE9, 0x39, 0xC7, 0x71, 0xF4, 0x59, 0x43, 0xAC, 0xE5,
    0x44, 0xEC, 0x08, 0x72, 0x1C, 0x38, 0x90, 0xCB, 0x6F, 0x1C, 0x87, 0x1F, 0xB7, 0x1B, 0x6B, 0xA8,
    0xC6, 0xCB, 0x65, 0xE0, 0x82, 0x83, 0xA8, 0xDE, 0xDA, 0xEB, 0x0E, 0x8D, 0xD9, 0xA3, 0x4E, 0x08,
    0xEA, 0x88, 0x69, 0x3D, 0x45, 0x5D, 0xD7, 0x68, 0xD8, 0x9B, 0x39, 0x1B, 0x9B, 0x05, 0x87, 0x44,
    0xFD, 0x94, 0x7E, 0xFA, 0xE4, 0x6E, 0x83, 0xE8, 0x7B, 0x7C, 0x4A, 0x95, 0x57, 0xF7, 0x33, 0xE2,
    0x43, 0x77, 0x63, 0xEE, 0xEF, 0x3B, 0xF6, 0xA7, 0x23, 0x99, 0x1D, 0xF3, 0x54, 0xC8, 0x1F, 0x06,
    0x1D, 0x6E, 0xE4, 0xDC, 0x09, 0x09, 0x91, 0x6D, 0xD9, 0xFF, 0xBB, 0xB0, 0x2C, 0xDF, 0x6F, 0x77,
    0xB6, 0xF8, 0xE2, 0x9B, 0x62, 0xE3, 0x6B, 0x1A, 0x0A, 0x0D, 0x61, 0x91, 0x7A, 0xBB, 0xCC, 0xFC,
    0xDC, 0x95, 0x2E, 0x67, 0x4D, 0x8C, 0x09, 0xBC, 0xF9, 0x4E, 0x6E, 0xED, 0x88, 0xCF, 0x1C, 0xD9,
    0x6D, 0x95, 0x87, 0xBB, 0x76, 0xBE, 0xFD, 0xEA, 0xEC, 0xEB, 0x8D, 0xB7, 0xC5, 0xA6, 0x7B, 0x8C,
    0x51, 0x23, 0x1D, 0x62, 0x54, 0xB9, 0x2F, 0x5D, 0xB9, 0x2B, 0x38, 0x98, 0x29, 0xEB, 0x52, 0x8C,
    0xB3, 0xDE, 0x99, 0x4B, 0x77, 0xDE, 0x3B, 0x78, 0xCE, 0xDB, 0x79, 0x79, 0xDE, 0x5B, 0xF7, 0x13,
    0xAD, 0x52, 0xB1, 0x6D, 0xC3, 0x30, 0x10, 0x3C, 0x49, 0x80, 0x05, 0x44, 0x05, 0xDB, 0x00, 0x29,
    0xB8, 0x41, 0xB4, 0x41, 0xA8, 0xCE, 0xE3, 0x78, 0x82, 0x84, 0x1C, 0x21, 0x03, 0xD9, 0x26, 0x47,
    0x50, 0x36, 0x60, 0x91, 0x01, 0x58, 0xA8, 0xA0, 0x01, 0xDA, 0x9F, 0xA3, 0x8D, 0x18, 0x36, 0x10,
    0xA4, 0x08, 0x22, 0xE9, 0x20, 0xF1, 0x78, 0xB8, 0xE7, 0xFD, 0x6B, 0x38, 0x01, 0x8D, 0x04, 0xC0,
    0x24, 0x40, 0x15, 0xA0, 0x3B, 0xA2, 0x3F, 0x08, 0xB4, 0xF8, 0xC9, 0x88, 0x77, 0xBC, 0x83, 0xC0,
    0xDC, 0xC2, 0x59, 0x57, 0xF7, 0x04, 0x4A, 0x0A, 0x1A, 0x3F, 0x03, 0x76, 0x01, 0x7C, 0x06, 0xB8,
    0xAE, 0x68, 0x8E, 0x47, 0xB4, 0xE5, 0x84, 0x2E, 0x7B, 0xF4, 0x8B, 0x9D, 0x86, 0x64, 0x9C, 0x4A,
    0x26, 0xA8, 0x38, 0x06, 0x3D, 0xEB, 0x79, 0xE4, 0x17, 0x57, 0x89, 0x1E, 0x57, 0x78, 0x11, 0x77,
    0x05, 0x6B, 0xFC, 0x09, 0x22, 0xD3, 0x37, 0x0C, 0x23, 0x69, 0x46, 0x1A, 0xF2, 0x39, 0x12, 0xCF,
    0x35, 0x31, 0x63, 0x25, 0x23, 0x73, 0xC6, 0xCB, 0xBB, 0xAE, 0xC9, 0xB7, 0x42, 0x0D, 0x8F, 0xAE,
    0x18, 0x63, 0x24, 0x6D, 0x49, 0xDF, 0x7A, 0xD9, 0x1B, 0xD0, 0x89, 0x8E, 0x2D, 0x9D, 0x3B, 0x06,
    0x57, 0xD5, 0x90, 0xD4, 0x0B, 0xB1, 0xC5, 0xDD, 0xF5, 0xAB, 0xAA, 0x61, 0xB5, 0x96, 0xD5, 0x3A,
    0x2A, 0xFA, 0xE4, 0xC3, 0x10, 0x7D, 0x50, 0xC1, 0xCF, 0x2A, 0xF4, 0x49, 0xBB, 0x2E, 0x99, 0xA9,
    0x5B, 0x0C, 0xDA, 0xFC, 0x46, 0xE5, 0x0E, 0x28, 0x94, 0xEF, 0x09, 0x9B, 0x2F, 0x73, 0x22, 0x86,
    0xA8, 0x9D, 0x29, 0x36, 0xD9, 0xA3, 0x5F, 0x76, 0xCF, 0x1F, 0x79, 0xAB, 0x42, 0xDE, 0xE9, 0x8F,
    0x6C, 0x0F, 0xB2, 0x98, 0x45, 0xD2, 0x30, 0x8F, 0x8E, 0xC1, 0x22, 0x87, 0x14, 0x39, 0xCC, 0x88,
    0x91, 0x87, 0xF8, 0x07, 0x58, 0xA9, 0x98, 0x60, 0xD9, 0xD3, 0x36, 0xB7, 0x4E, 0xC9, 0x3A, 0x8D,
    0x22, 0xD1, 0xAC, 0x25, 0x3C, 0x60, 0x7F, 0x4E, 0xF7, 0x33, 0xCF, 0x1C, 0x4D, 0xC6, 0x5D, 0x2F,
    0x75, 0x9D, 0x09, 0xB7, 0x5E, 0x71, 0xC7, 0x0F, 0xEC, 0x99, 0x76, 0xD5, 0xE9, 0x11, 0xAB, 0x02,
    0x5F, 0xB4, 0x7C, 0xCA, 0xA1, 0x4E, 0x8A, 0x39, 0xBC, 0xB8, 0x15, 0xFF, 0x31, 0x5D, 0x2E, 0xBD,
    0x14, 0x29, 0x97, 0xE7, 0x1D, 0x38, 0x51, 0x90, 0xB1, 0x91, 0xB9, 0xF1, 0x05, 0x7D, 0xC1, 0xA6,
    0x3C, 0x49, 0x96, 0xD3, 0x24, 0x73, 0x9D, 0xC6, 0xAD, 0xF8, 0x0B, 0x63, 0xFC, 0xCF, 0x7F, 0x80,
    0xFD, 0xBF, 0xFE, 0x03, 0x7E, 0x10, 0x7E, 0xC0, 0x7F, 0x80, 0xFF, 0x01, 0x03, 0x03, 0x08, 0xDB,
    0xFF, 0xFF, 0x7F, 0x01, 0x86, 0xF9, 0x1F, 0xC8, 0x13, 0x85, 0x19, 0xFF, 0xC7, 0x5F, 0x60, 0x07,
    0x62, 0x7E, 0x10, 0x46, 0x12, 0xB7, 0x07, 0xF2, 0x61, 0x98, 0x58, 0xB3, 0x00,
};

static const EpdGlyph ibmplexmono_12_boldGlyphs[] = {
    { 0, 0, 0, 0, 0, 0, 0 }, // U+0000
    { 0, 0, 240, 0, 0, 0, 0 }, // U+000D
    { 0, 0, 240, 0, 0, 0, 0 }, // U+0020
    { 5, 17, 240, 5, 17, 22, 0 }, // !
    { 9, 9, 240, 3, 19, 21, 22 }, // "
    { 15, 17, 240, 0, 17, 64, 43 }, // #
    { 15, 23, 240, 0, 20, 87, 107 }, // $
    { 15, 17, 240, 0, 17, 64, 194 }, // %
    { 15, 17, 240, 0, 17, 64, 258 }, // &
    { 5, 9, 240, 5, 19, 12, 322 }, // '
    { 10, 22, 240, 4, 19, 55, 334 }, // (
    { 10, 22, 240, 1, 19, 55, 389 }, // )
    { 15, 13, 240, 0, 14, 49, 444 }, // *
    { 13, 13, 240, 1, 14, 43, 493 }, // +
    { 7, 8, 240, 4, 4, 14, 536 }, // ,
    { 9, 3, 240, 3, 9, 7, 550 }, // -
    { 7, 5, 240, 4, 5, 9, 557 }, // .
    { 13, 22, 240, 1, 19, 72, 566 }, // /
    { 15, 17, 240, 0, 17, 64, 638 }, // 0
    { 15, 17, 240, 0, 17, 64, 702 }, // 1
    { 14, 17, 240, 0, 17, 60, 766 }, // 2
    { 14, 17, 240, 0, 17, 60, 826 }, // 3
    { 15, 17, 240, 0, 17, 64, 886 }, // 4
    { 14, 17, 240, 1, 17, 60, 950 }, // 5
    { 15, 17, 240, 0, 17, 64, 1010 }, // 6
    { 13, 17, 240, 1, 17, 56, 1074 }, // 7
    { 15, 17, 240, 0, 17, 64, 1130 }, // 8
    { 15, 17, 240, 0, 17, 64, 1194 }, // 9
    { 7, 13, 240, 4, 13, 23, 1258 }, // :
    { 7, 17, 240, 4, 13, 30, 1281 }, // ;
    { 11, 15, 240, 2, 15, 42, 1311 }, // <
    { 13, 9, 240, 1, 12, 30, 1353 }, // =
    { 11, 15, 240, 2, 15, 42, 1383 }, // >
    { 13, 17, 240, 1, 17, 56, 1425 }, // ?
    { 14, 20, 240, 0, 17, 70, 1481 }, // @
    { 15, 17, 240, 0, 17, 64, 1551 }, // A
    { 13, 17, 240, 1, 17, 56, 1615 }, // B
    { 14, 17, 240, 1, 17, 60, 1671 }, // C
    { 14, 17, 240, 1, 17, 60, 1731 }, // D
    { 12, 17, 240, 2, 17, 51, 1791 }, // E
    { 12, 17, 240, 2, 17, 51, 1842 }, // F
    { 14, 17, 240, 0, 17, 60, 1893 }, // G
    { 13, 17, 240, 1, 17, 56, 1953 }, // H
    { 13, 17, 240, 1, 17, 56, 2009 }, // I
    { 13, 17, 240, 0, 17, 56, 2065 }, // J
    { 15, 17, 240, 1, 17, 64, 2121 }, // K
    { 12, 17, 240, 2, 17, 51, 2185 }, // L
    { 15, 17, 240, 0, 17, 64, 2236 }, // M
    { 13, 17, 240, 1, 17, 56, 2300 }, // N
    { 15, 17, 240, 0, 17, 64, 2356 }, // O
    { 13, 17, 240, 1, 17, 56, 2420 }, // P
    { 15, 22, 240, 0, 17, 83, 2476 }, // Q
    { 14, 17, 240, 1, 17, 60, 2559 }, // R
    { 14, 17, 240, 0, 17, 60, 2619 }, // S
    { 15, 17, 240, 0, 17, 64, 2679 }, // T
    { 13, 17, 240, 1, 17, 56, 2743 }, // U
    { 15, 17, 240, 0, 17, 64, 2799 }, // V
    { 15, 17, 240, 0, 17, 64, 2863 }, // W
    { 15, 17, 240, 0, 17, 64, 2927 }, // X
    { 15, 17, 240, 0, 17, 64, 2991 }, // Y
    { 13, 17, 240, 1, 17, 56, 3055 }, // Z
    { 9, 22, 240, 4, 19, 50, 3111 }, // [
    { 13, 22, 240, 1, 19, 72, 3161 }, // <backslash>
    { 9, 22, 240, 2, 19, 50, 3233 }, // ]
    { 15, 12, 240, 0, 17, 45, 3283 }, // ^
    { 13, 3, 240, 1, -2, 10, 3328 }, // _
    { 7, 6, 240, 3, 20, 11, 3338 }, // `
    { 14, 13, 240, 1, 13, 46, 3349 }, // a
    { 14, 19, 240, 1, 19, 67, 3395 }, // b
    { 13, 13, 240, 1, 13, 43, 3462 }, // c
    { 14, 19, 240, 0, 19, 67, 3505 }, // d
    { 13, 13, 240, 1, 13, 43, 3572 }, // e
    { 13, 19, 240, 1, 19, 62, 3615 }, // f
    { 14, 21, 240, 1, 16, 74, 3677 }, // g
    { 13, 19, 240, 1, 19, 62, 3751 }, // h
    { 12, 19, 240, 2, 19, 57, 3813 }, // i
    { 10, 24, 240, 2, 19, 60, 3870 }, // j
    { 14, 19, 240, 1, 19, 67, 3930 }, // k
    { 13, 19, 240, 1, 19, 62, 3997 }, // l
    { 15, 13, 240, 0, 13, 49, 4059 }, // m
    { 13, 13, 240, 1, 13, 43, 4108 }, // n
    { 13, 13, 240, 1, 13, 43, 4151 }, // o
    { 14, 18, 240, 1, 13, 63, 4194 }, // p
    { 14, 18, 240, 0, 13, 63, 4257 }, // q
    { 14, 13, 240, 1, 13, 46, 4320 }, // r
    { 13, 13, 240, 1, 13, 43, 4366 }, // s
    { 13, 17, 240, 1, 17, 56, 4409 }, // t
    { 13, 13, 240, 1, 13, 43, 4465 }, // u
    { 15, 13, 240, 0, 13, 49, 4508 }, // v
    { 15, 13, 240, 0, 13, 49, 4557 }, // w
    { 15, 13, 240, 0, 13, 49, 4606 }, // x
    { 15, 18, 240, 0, 13, 68, 4655 }, // y
    { 13, 13, 240, 1, 13, 43, 4723 }, // z
    { 11, 22, 240, 2, 19, 61, 4766 }, // {
    { 5, 22, 240, 5, 19, 28, 4827 }, // |
    { 11, 22, 240, 2, 19, 61, 4855 }, // }
    { 15, 7, 240, 0, 11, 27, 4916 }, // ~
    { 0, 0, 240, 0, 0, 0, 0 }, // U+00A0
    { 5, 19, 240, 5, 13, 24, 0 }, // U+00A1
    { 13, 19, 240, 1, 16, 62, 24 }, // U+00A2
    { 13, 17, 240, 1, 17, 56, 86 }, // U+00A3
    { 13, 18, 240, 1, 18, 59, 142 }, // U+00A4
    { 15, 17, 240, 0, 17, 64, 201 }, // U+00A5
    { 5, 22, 240, 5, 19, 28, 265 }, // U+00A6
    { 13, 21, 240, 1, 17, 69, 293 }, // U+00A7
    { 11, 4, 240, 2, 19, 11, 362 }, // U+00A8
    { 15, 17, 240, 0, 17, 64, 373 }, // U+00A9
    { 10, 8, 240, 3, 17, 20, 437 }, // U+00AA
    { 13, 12, 240, 1, 13, 39, 457 }, // U+00AB
    { 13, 8, 240, 1, 9, 26, 496 }, // U+00AC
    { 9, 3, 240, 3, 9, 7, 522 }, // U+00AD
    { 11, 9, 240, 2, 17, 25, 529 }, // U+00AE
    { 9, 3, 240, 3, 18, 7, 554 }, // U+00AF
    { 11, 9, 240, 2, 17, 25, 561 }, // U+00B0
    { 13, 17, 240, 1, 17, 56, 586 }, // U+00B1
    { 9, 9, 240, 3, 17, 21, 642 }, // U+00B2
    { 9, 9, 240, 3, 17, 21, 663 }, // U+00B3
    { 7, 6, 240, 5, 20, 11, 684 }, // U+00B4
    { 13, 18, 240, 1, 13, 59, 695 }, // U+00B5
    { 14, 21, 240, 0, 17, 74, 754 }, // U+00B6
    { 7, 5, 240, 4, 10, 9, 828 }, // U+00B7
    { 8, 7, 240, 4, 1, 14, 837 }, // U+00B8
    { 8, 9, 240, 4, 17, 18, 851 }, // U+00B9
    { 11, 8, 240, 2, 17, 22, 869 }, // U+00BA
    { 13, 12, 240, 1, 13, 39, 891 }, // U+00BB
    { 15, 17, 240, 0, 17, 64, 930 }, // U+00BC
    { 15, 17, 240, 0, 17, 64, 994 }, // U+00BD
    { 15, 17, 240, 0, 17, 64, 1058 }, // U+00BE
    { 13, 18, 240, 1, 13, 59, 1122 }, // U+00BF
    { 15, 25, 240, 0, 25, 94, 1181 }, // U+00C0
    { 15, 25, 240, 0, 25, 94, 1275 }, // U+00C1
    { 15, 23, 240, 0, 23, 87, 1369 }, // U+00C2
    { 15, 23, 240, 0, 23, 87, 1456 }, // U+00C3
    { 15, 23, 240, 0, 23, 87, 1543 }, // U+00C4
    { 15, 25, 240, 0, 25, 94, 1630 }, // U+00C5
    { 16, 17, 240, -1, 17, 68, 1724 }, // U+00C6
    { 14, 23, 240, 1, 17, 81, 1792 }, // U+00C7
    { 12, 25, 240, 2, 25, 75, 1873 }, // U+00C8
    { 12, 25, 240, 2, 25, 75, 1948 }, // U+00C9
    { 12, 23, 240, 2, 23, 69, 2023 }, // U+00CA
    { 12, 23, 240, 2, 23, 69, 2092 }, // U+00CB
    { 13, 25, 240, 1, 25, 82, 2161 }, // U+00CC
    { 13, 25, 240, 1, 25, 82, 2243 }, // U+00CD
    { 13, 23, 240, 1, 23, 75, 2325 }, // U+00CE
    { 13, 23, 240, 1, 23, 75, 2400 }, // U+00CF
    { 15, 17, 240, 0, 17, 64, 2475 }, // U+00D0
    { 13, 23, 240, 1, 23, 75, 2539 }, // U+00D1
    { 15, 25, 240, 0, 25, 94, 2614 }, // U+00D2
    { 15, 25, 240, 0, 25, 94, 2708 }, // U+00D3
    { 15, 23, 240, 0, 23, 87, 2802 }, // U+00D4
    { 15, 23, 240, 0, 23, 87, 2889 }, // U+00D5
    { 15, 23, 240, 0, 23, 87, 2976 }, // U+00D6
    { 13, 12, 240, 1, 13, 39, 3063 }, // U+00D7
    { 15, 21, 240, 0, 19, 79, 3102 }, // U+00D8
    { 13, 25, 240, 1, 25, 82, 3181 }, // U+00D9
    { 13, 25, 240, 1, 25, 82, 3263 }, // U+00DA
    { 13, 23, 240, 1, 23, 75, 3345 }, // U+00DB
    { 13, 23, 240, 1, 23, 75, 3420 }, // U+00DC
    { 15, 25, 240, 0, 25, 94, 3495 }, // U+00DD
    { 13, 17, 240, 1, 17, 56, 3589 }, // U+00DE
    { 14, 24, 240, 1, 19, 84, 3645 }, // U+00DF
    { 14, 20, 240, 1, 20, 70, 3729 }, // U+00E0
    { 14, 20, 240, 1, 20, 70, 3799 }, // U+00E1
    { 14, 19, 240, 1, 19, 67, 3869 }, // U+00E2
    { 14, 18, 240, 1, 18, 63, 3936 }, // U+00E3
    { 14, 19, 240, 1, 19, 67, 3999 }, // U+00E4
    { 14, 21, 240, 1, 21, 74, 4066 }, // U+00E5
    { 15, 13, 240, 0, 13, 49, 4140 }, // U+00E6
    { 13, 18, 240, 1, 13, 59, 4189 }, // U+00E7
    { 13, 20, 240, 1, 20, 65, 4248 }, // U+00E8
    { 13, 20, 240, 1, 20, 65, 4313 }, // U+00E9
    { 13, 19, 240, 1, 19, 62, 4378 }, // U+00EA
    { 13, 19, 240, 1, 19, 62, 4440 }, // U+00EB
    { 12, 20, 240, 2, 20, 60, 4502 }, // U+00EC
    { 12, 20, 240, 2, 20, 60, 4562 }, // U+00ED
    { 12, 19, 240, 2, 19, 57, 4622 }, // U+00EE
    { 12, 19, 240, 2, 19, 57, 4679 }, // U+00EF
    { 14, 20, 240, 1, 20, 70, 4736 }, // U+00F0
    { 13, 18, 240, 1, 18, 59, 4806 }, // U+00F1
    { 13, 20, 240, 1, 20, 65, 4865 }, // U+00F2
    { 13, 20, 240, 1, 20, 65, 4930 }, // U+00F3
    { 13, 19, 240, 1, 19, 62, 4995 }, // U+00F4
    { 13, 18, 240, 1, 18, 59, 5057 }, // U+00F5
    { 13, 19, 240, 1, 19, 62, 5116 }, // U+00F6
    { 13, 13, 240, 1, 14, 43, 5178 }, // U+00F7
    { 15, 17, 240, 0, 15, 64, 5221 }, // U+00F8
    { 13, 20, 240, 1, 20, 65, 5285 }, // U+00F9
    { 13, 20, 240, 1, 20, 65, 5350 }, // U+00FA
    { 13, 19, 240, 1, 19, 62, 5415 }, // U+00FB
    { 13, 19, 240, 1, 19, 62, 5477 }, // U+00FC
    { 15, 25, 240, 0, 20, 94, 5539 }, // U+00FD
    { 14, 24, 240, 1, 19, 84, 5633 }, // U+00FE
    { 15, 24, 240, 0, 19, 90, 5717 }, // U+00FF
    { 15, 23, 240, 0, 23, 87, 0 }, // U+0100
    { 14, 18, 240, 1, 18, 63, 87 }, // U+0101
    { 15, 25, 240, 0, 25, 94, 150 }, // U+0102
    { 14, 20, 240, 1, 20, 70, 244 }, // U+0103
    { 16, 22, 240, 0, 17, 88, 314 }, // U+0104
    { 15, 18, 240, 1, 13, 68, 402 }, // U+0105
    { 14, 25, 240, 1, 25, 88, 470 }, // U+0106
    { 13, 20, 240, 1, 20, 65, 558 }, // U+0107
    { 14, 23, 240, 1, 23, 81, 623 }, // U+0108
    { 13, 19, 240, 1, 19, 62, 704 }, // U+0109
    { 14, 23, 240, 1, 23, 81, 766 }, // U+010A
    { 13, 19, 240, 1, 19, 62, 847 }, // U+010B
    { 14, 24, 240, 1, 24, 84, 909 }, // U+010C
    { 13, 19, 240, 1, 19, 62, 993 }, // U+010D
    { 14, 24, 240, 1, 24, 84, 1055 }, // U+010E
    { 16, 19, 240, 0, 19, 76, 1139 }, // U+010F
    { 15, 17, 240, 0, 17, 64, 1215 }, // U+0110
    { 15, 19, 240, 0, 19, 72, 1279 }, // U+0111
    { 12, 23, 240, 2, 23, 69, 1351 }, // U+0112
    { 13, 18, 240, 1, 18, 59, 1420 }, // U+0113
    { 12, 25, 240, 2, 25, 75, 1479 }, // U+0114
    { 13, 20, 240, 1, 20, 65, 1554 }, // U+0115
    { 12, 23, 240, 2, 23, 69, 1619 }, // U+0116
    { 13, 19, 240, 1, 19, 62, 1688 }, // U+0117
    { 12, 22, 240, 2, 17, 66, 1750 }, // U+0118
    { 13, 18, 240, 1, 13, 59, 1816 }, // U+0119
    { 12, 24, 240, 2, 24, 72, 1875 }, // U+011A
    { 13, 19, 240, 1, 19, 62, 1947 }, // U+011B
    { 14, 23, 240, 0, 23, 81, 2009 }, // U+011C
    { 14, 24, 240, 1, 19, 84, 2090 }, // U+011D
    { 14, 25, 240, 0, 25, 88, 2174 }, // U+011E
    { 14, 25, 240, 1, 20, 88, 2262 }, // U+011F
    { 14, 23, 240, 0, 23, 81, 2350 }, // U+0120
    { 14, 24, 240, 1, 19, 84, 2431 }, // U+0121
    { 14, 24, 240, 0, 17, 84, 2515 }, // U+0122
    { 14, 25, 240, 1, 20, 88, 2599 }, // U+0123
    { 13, 23, 240, 1, 23, 75, 2687 }, // U+0124
    { 16, 24, 240, -2, 24, 96, 2762 }, // U+0125
    { 15, 17, 240, 0, 17, 64, 2858 }, // U+0126
    { 14, 19, 240, 0, 19, 67, 2922 }, // U+0127
    { 13, 23, 240, 1, 23, 75, 2989 }, // U+0128
    { 12, 18, 240, 2, 18, 54, 3064 }, // U+0129
    { 13, 23, 240, 1, 23, 75, 3118 }, // U+012A
    { 12, 18, 240, 2, 18, 54, 3193 }, // U+012B
    { 13, 25, 240, 1, 25, 82, 3247 }, // U+012C
    { 12, 20, 240, 2, 20, 60, 3329 }, // U+012D
    { 13, 22, 240, 1, 17, 72, 3389 }, // U+012E
    { 13, 24, 240, 2, 19, 78, 3461 }, // U+012F
    { 13, 23, 240, 1, 23, 75, 3539 }, // U+0130
    { 12, 13, 240, 2, 13, 39, 3614 }, // U+0131
    { 13, 17, 240, 1, 17, 56, 3653 }, // U+0132
    { 13, 24, 240, 1, 19, 78, 3709 }, // U+0133
    { 13, 23, 240, 0, 23, 75, 3787 }, // U+0134
    { 12, 24, 240, 2, 19, 72, 3862 }, // U+0135
    { 15, 24, 240, 1, 17, 90, 3934 }, // U+0136
    { 14, 26, 240, 1, 19, 91, 4024 }, // U+0137
    { 14, 13, 240, 1, 13, 46, 4115 }, // U+0138
    { 12, 25, 240, 2, 25, 75, 4161 }, // U+0139
    { 13, 26, 240, 1, 26, 85, 4236 }, // U+013A
    { 12, 24, 240, 2, 17, 72, 4321 }, // U+013B
    { 13, 26, 240, 1, 19, 85, 4393 }, // U+013C
    { 12, 19, 240, 2, 19, 57, 4478 }, // U+013D
    { 14, 19, 240, 1, 19, 67, 4535 }, // U+013E
    { 12, 17, 240, 2, 17, 51, 4602 }, // U+013F
    { 14, 19, 240, 1, 19, 67, 4653 }, // U+0140
    { 14, 17, 240, 0, 17, 60, 4720 }, // U+0141
    { 13, 19, 240, 1, 19, 62, 4780 }, // U+0142
    { 13, 25, 240, 1, 25, 82, 4842 }, // U+0143
    { 13, 20, 240, 1, 20, 65, 4924 }, // U+0144
    { 13, 24, 240, 1, 17, 78, 4989 }, // U+0145
    { 13, 20, 240, 1, 13, 65, 5067 }, // U+0146
    { 13, 24, 240, 1, 24, 78, 5132 }, // U+0147
    { 13, 19, 240, 1, 19, 62, 5210 }, // U+0148
    { 14, 19, 240, 0, 19, 67, 5272 }, // U+0149
    { 13, 22, 240, 1, 17, 72, 5339 }, // U+014A
    { 13, 18, 240, 1, 13, 59, 5411 }, // U+014B
    { 15, 23, 240, 0, 23, 87, 5470 }, // U+014C
    { 13, 18, 240, 1, 18, 59, 5557 }, // U+014D
    { 15, 25, 240, 0, 25, 94, 5616 }, // U+014E
    { 13, 20, 240, 1, 20, 65, 5710 }, // U+014F
    { 15, 25, 240, 0, 25, 94, 5775 }, // U+0150
    { 13, 20, 240, 1, 20, 65, 5869 }, // U+0151
    { 15, 17, 240, 0, 17, 64, 5934 }, // U+0152
    { 15, 13, 240, 0, 13, 49, 5998 }, // U+0153
    { 14, 25, 240, 1, 25, 88, 6047 }, // U+0154
    { 14, 20, 240, 1, 20, 70, 6135 }, // U+0155
    { 14, 24, 240, 1, 17, 84, 6205 }, // U+0156
    { 14, 20, 240, 1, 13, 70, 6289 }, // U+0157
    { 14, 24, 240, 1, 24, 84, 6359 }, // U+0158
    { 14, 19, 240, 1, 19, 67, 6443 }, // U+0159
    { 14, 25, 240, 0, 25, 88, 6510 }, // U+015A
    { 13, 20, 240, 1, 20, 65, 6598 }, // U+015B
    { 14, 23, 240, 0, 23, 81, 6663 }, // U+015C
    { 13, 19, 240, 1, 19, 62, 6744 }, // U+015D
    { 14, 23, 240, 0, 17, 81, 6806 }, // U+015E
    { 13, 19, 240, 1, 13, 62, 6887 }, // U+015F
    { 14, 24, 240, 0, 24, 84, 6949 }, // U+0160
    { 13, 19, 240, 1, 19, 62, 7033 }, // U+0161
    { 15, 23, 240, 0, 17, 87, 7095 }, // U+0162
    { 13, 23, 240, 1, 17, 75, 7182 }, // U+0163
    { 15, 24, 240, 0, 24, 90, 7257 }, // U+0164
    { 13, 20, 240, 1, 20, 65, 7347 }, // U+0165
    { 15, 17, 240, 0, 17, 64, 7412 }, // U+0166
    { 13, 17, 240, 1, 17, 56, 7476 }, // U+0167
    { 13, 23, 240, 1, 23, 75, 7532 }, // U+0168
    { 13, 18, 240, 1, 18, 59, 7607 }, // U+0169
    { 13, 23, 240, 1, 23, 75, 7666 }, // U+016A
    { 13, 18, 240, 1, 18, 59, 7741 }, // U+016B
    { 13, 25, 240, 1, 25, 82, 7800 }, // U+016C
    { 13, 20, 240, 1, 20, 65, 7882 }, // U+016D
    { 13, 25, 240, 1, 25, 82, 7947 }, // U+016E
    { 13, 21, 240, 1, 21, 69, 8029 }, // U+016F
    { 13, 25, 240, 1, 25, 82, 8098 }, // U+0170
    { 13, 20, 240, 1, 20, 65, 8180 }, // U+0171
    { 13, 22, 240, 1, 17, 72, 8245 }, // U+0172
    { 14, 18, 240, 1, 13, 63, 8317 }, // U+0173
    { 15, 23, 240, 0, 23, 87, 8380 }, // U+0174
    { 15, 19, 240, 0, 19, 72, 8467 }, // U+0175
    { 15, 23, 240, 0, 23, 87, 8539 }, // U+0176
    { 15, 24, 240, 0, 19, 90, 8626 }, // U+0177
    { 15, 23, 240, 0, 23, 87, 8716 }, // U+0178
    { 13, 25, 240, 1, 25, 82, 8803 }, // U+0179
    { 13, 20, 240, 1, 20, 65, 8885 }, // U+017A
    { 13, 23, 240, 1, 23, 75, 8950 }, // U+017B
    { 13, 19, 240, 1, 19, 62, 9025 }, // U+017C
    { 13, 24, 240, 1, 24, 78, 9087 }, // U+017D
    { 13, 19, 240, 1, 19, 62, 9165 }, // U+017E
    { 13, 19, 240, 1, 19, 62, 9227 }, // U+017F
    { 15, 20, 240, 0, 20, 75, 0 }, // U+01A0
    { 14, 16, 240, 1, 16, 56, 75 }, // U+01A1
    { 14, 20, 240, 1, 20, 70, 131 }, // U+01AF
    { 14, 16, 240, 1, 16, 56, 201 }, // U+01B0
    { 15, 24, 240, 0, 24, 90, 257 }, // U+01CD
    { 14, 19, 240, 1, 19, 67, 347 }, // U+01CE
    { 13, 24, 240, 1, 24, 78, 414 }, // U+01CF
    { 12, 19, 240, 2, 19, 57, 492 }, // U+01D0
    { 15, 24, 240, 0, 24, 90, 549 }, // U+01D1
    { 13, 19, 240, 1, 19, 62, 639 }, // U+01D2
    { 13, 24, 240, 1, 24, 78, 701 }, // U+01D3
    { 13, 19, 240, 1, 19, 62, 779 }, // U+01D4
    { 13, 27, 240, 1, 27, 88, 841 }, // U+01D5
    { 13, 22, 240, 1, 22, 72, 929 }, // U+01D6
    { 13, 29, 240, 1, 29, 95, 1001 }, // U+01D7
    { 13, 24, 240, 1, 24, 78, 1096 }, // U+01D8
    { 13, 30, 240, 1, 30, 98, 1174 }, // U+01D9
    { 13, 25, 240, 1, 25, 82, 1272 }, // U+01DA
    { 13, 29, 240, 1, 29, 95, 1354 }, // U+01DB
    { 13, 24, 240, 1, 24, 78, 1449 }, // U+01DC
    { 15, 30, 240, 0, 30, 113, 1527 }, // U+01FA
    { 14, 26, 240, 1, 26, 91, 1640 }, // U+01FB
    { 16, 25, 240, -1, 25, 100, 1731 }, // U+01FC
    { 15, 20, 240, 0, 20, 75, 1831 }, // U+01FD
    { 15, 27, 240, 0, 25, 102, 1906 }, // U+01FE
    { 15, 22, 240, 0, 20, 83, 2008 }, // U+01FF
    { 14, 24, 240, 0, 17, 84, 2091 }, // U+0218
    { 13, 20, 240, 1, 13, 65, 2175 }, // U+0219
    { 15, 24, 240, 0, 17, 90, 2240 }, // U+021A
    { 13, 24, 240, 1, 17, 78, 2330 }, // U+021B
    { 6, 6, 0, -4, 20, 9, 0 }, // U+0300
    { 6, 6, 0, -2, 20, 9, 9 }, // U+0301
    { 10, 5, 0, -5, 19, 13, 18 }, // U+0302
    { 10, 4, 0, -5, 18, 10, 31 }, // U+0303
    { 8, 3, 0, -4, 18, 6, 41 }, // U+0304
    { 10, 6, 0, -5, 20, 15, 47 }, // U+0306
    { 6, 4, 0, -3, 19, 6, 62 }, // U+0307
    { 10, 4, 0, -5, 19, 10, 68 }, // U+0308
    { 7, 6, 0, -3, 20, 11, 78 }, // U+0309
    { 8, 7, 0, -4, 21, 14, 89 }, // U+030A
    { 12, 6, 0, -5, 20, 18, 103 }, // U+030B
    { 10, 5, 0, -5, 19, 13, 121 }, // U+030C
    { 5, 6, 0, -2, 20, 8, 134 }, // U+0312
    { 5, 6, 0, 0, 19, 8, 142 }, // U+0315
    { 8, 5, 0, -4, 16, 10, 150 }, // U+031B
    { 6, 4, 0, -3, -1, 6, 160 }, // U+0323
    { 5, 6, 0, -3, -1, 8, 166 }, // U+0326
    { 7, 7, 0, -3, 1, 13, 174 }, // U+0327
    { 7, 6, 0, -6, 1, 11, 187 }, // U+0328
    { 15, 13, 240, 0, 13, 49, 0 }, // U+03C0
    { 12, 25, 240, 2, 25, 75, 0 }, // U+0400
    { 12, 23, 240, 2, 23, 69, 75 }, // U+0401
    { 15, 22, 240, 0, 17, 83, 144 }, // U+0402
    { 12, 25, 240, 2, 25, 75, 227 }, // U+0403
    { 15, 17, 240, 0, 17, 64, 302 }, // U+0404
    { 14, 17, 240, 0, 17, 60, 366 }, // U+0405
    { 13, 17, 240, 1, 17, 56, 426 }, // U+0406
    { 13, 23, 240, 1, 23, 75, 482 }, // U+0407
    { 13, 17, 240, 0, 17, 56, 557 }, // U+0408
    { 16, 17, 240, -1, 17, 68, 613 }, // U+0409
    { 15, 17, 240, 0, 17, 64, 681 }, // U+040A
    { 15, 17, 240, 0, 17, 64, 745 }, // U+040B
    { 14, 25, 240, 1, 25, 88, 809 }, // U+040C
    { 13, 25, 240, 1, 25, 82, 897 }, // U+040D
    { 15, 25, 240, 0, 25, 94, 979 }, // U+040E
    { 13, 21, 240, 1, 17, 69, 1073 }, // U+040F
    { 15, 17, 240, 0, 17, 64, 1142 }, // U+0410
    { 14, 17, 240, 1, 17, 60, 1206 }, // U+0411
    { 13, 17, 240, 1, 17, 56, 1266 }, // U+0412
    { 12, 17, 240, 2, 17, 51, 1322 }, // U+0413
    { 15, 21, 240, 0, 17, 79, 1373 }, // U+0414
    { 12, 17, 240, 2, 17, 51, 1452 }, // U+0415
    { 15, 17, 240, 0, 17, 64, 1503 }, // U+0416
    { 14, 17, 240, 0, 17, 60, 1567 }, // U+0417
    { 13, 17, 240, 1, 17, 56, 1627 }, // U+0418
    { 13, 25, 240, 1, 25, 82, 1683 }, // U+0419
    { 14, 17, 240, 1, 17, 60, 1765 }, // U+041A
    { 14, 17, 240, 0, 17, 60, 1825 }, // U+041B
    { 15, 17, 240, 0, 17, 64, 1885 }, // U+041C
    { 13, 17, 240, 1, 17, 56, 1949 }, // U+041D
    { 15, 17, 240, 0, 17, 64, 2005 }, // U+041E
    { 13, 17, 240, 1, 17, 56, 2069 }, // U+041F
    { 13, 17, 240, 1, 17, 56, 2125 }, // U+0420
    { 14, 17, 240, 1, 17, 60, 2181 }, // U+0421
    { 15, 17, 240, 0, 17, 64, 2241 }, // U+0422
    { 15, 17, 240, 0, 17, 64, 2305 }, // U+0423
    { 15, 19, 240, 0, 18, 72, 2369 }, // U+0424
    { 15, 17, 240, 0, 17, 64, 2441 }, // U+0425
    { 14, 21, 240, 1, 17, 74, 2505 }, // U+0426
    { 14, 17, 240, 0, 17, 60, 2579 }, // U+0427
    { 15, 17, 240, 0, 17, 64, 2639 }, // U+0428
    { 15, 21, 240, 0, 17, 79, 2703 }, // U+0429
    { 15, 17, 240, 0, 17, 64, 2782 }, // U+042A
    { 15, 17, 240, 0, 17, 64, 2846 }, // U+042B
    { 14, 17, 240, 1, 17, 60, 2910 }, // U+042C
    { 15, 17, 240, 0, 17, 64, 2970 }, // U+042D
    { 15, 17, 240, 0, 17, 64, 3034 }, // U+042E
    { 14, 17, 240, 0, 17, 60, 3098 }, // U+042F
    { 14, 13, 240, 1, 13, 46, 3158 }, // U+0430
    { 13, 19, 240, 1, 19, 62, 3204 }, // U+0431
    { 12, 13, 240, 2, 13, 39, 3266 }, // U+0432
    { 10, 13, 240, 3, 13, 33, 3305 }, // U+0433
    { 15, 17, 240, 0, 13, 64, 3338 }, // U+0434
    { 13, 13, 240, 1, 13, 43, 3402 }, // U+0435
    { 15, 13, 240, 0, 13, 49, 3445 }, // U+0436
    { 13, 13, 240, 1, 13, 43, 3494 }, // U+0437
    { 13, 13, 240, 1, 13, 43, 3537 }, // U+0438
    { 13, 20, 240, 1, 20, 65, 3580 }, // U+0439
    { 13, 13, 240, 1, 13, 43, 3645 }, // U+043A
    { 14, 13, 240, 0, 13, 46, 3688 }, // U+043B
    { 13, 13, 240, 1, 13, 43, 3734 }, // U+043C
    { 13, 13, 240, 1, 13, 43, 3777 }, // U+043D
    { 13, 13, 240, 1, 13, 43, 3820 }, // U+043E
    { 13, 13, 240, 1, 13, 43, 3863 }, // U+043F
    { 14, 18, 240, 1, 13, 63, 3906 }, // U+0440
    { 13, 13, 240, 1, 13, 43, 3969 }, // U+0441
    { 13, 13, 240, 1, 13, 43, 4012 }, // U+0442
    { 15, 18, 240, 0, 13, 68, 4055 }, // U+0443
    { 15, 22, 240, 0, 17, 83, 4123 }, // U+0444
    { 15, 13, 240, 0, 13, 49, 4206 }, // U+0445
    { 14, 17, 240, 1, 13, 60, 4255 }, // U+0446
    { 13, 13, 240, 1, 13, 43, 4315 }, // U+0447
    { 15, 13, 240, 0, 13, 49, 4358 }, // U+0448
    { 15, 17, 240, 0, 13, 64, 4407 }, // U+0449
    { 15, 13, 240, 0, 13, 49, 4471 }, // U+044A
    { 15, 13, 240, 0, 13, 49, 4520 }, // U+044B
    { 12, 13, 240, 2, 13, 39, 4569 }, // U+044C
    { 13, 13, 240, 1, 13, 43, 4608 }, // U+044D
    { 15, 13, 240, 0, 13, 49, 4651 }, // U+044E
    { 13, 13, 240, 1, 13, 43, 4700 }, // U+044F
    { 13, 20, 240, 1, 20, 65, 4743 }, // U+0450
    { 13, 19, 240, 1, 19, 62, 4808 }, // U+0451
    { 14, 24, 240, 0, 19, 84, 4870 }, // U+0452
    { 10, 20, 240, 3, 20, 50, 4954 }, // U+0453
    { 13, 13, 240, 1, 13, 43, 5004 }, // U+0454
    { 13, 13, 240, 1, 13, 43, 5047 }, // U+0455
    { 12, 19, 240, 2, 19, 57, 5090 }, // U+0456
    { 12, 19, 240, 2, 19, 57, 5147 }, // U+0457
    { 10, 24, 240, 2, 19, 60, 5204 }, // U+0458
    { 15, 13, 240, 0, 13, 49, 5264 }, // U+0459
    { 15, 13, 240, 0, 13, 49, 5313 }, // U+045A
    { 14, 19, 240, 0, 19, 67, 5362 }, // U+045B
    { 13, 20, 240, 1, 20, 65, 5429 }, // U+045C
    { 13, 20, 240, 1, 20, 65, 5494 }, // U+045D
    { 15, 25, 240, 0, 20, 94, 5559 }, // U+045E
    { 13, 17, 240, 1, 13, 56, 5653 }, // U+045F
    { 15, 17, 240, 0, 17, 64, 5709 }, // U+0472
    { 13, 13, 240, 1, 13, 43, 5773 }, // U+0473
    { 12, 21, 240, 2, 21, 63, 5816 }, // U+0490
    { 10, 17, 240, 3, 17, 43, 5879 }, // U+0491
    { 14, 17, 240, 0, 17, 60, 5922 }, // U+0492
    { 13, 13, 240, 1, 13, 43, 5982 }, // U+0493
    { 14, 22, 240, 1, 17, 77, 6025 }, // U+0494
    { 13, 18, 240, 1, 13, 59, 6102 }, // U+0495
    { 17, 21, 240, -1, 17, 90, 6161 }, // U+0496
    { 16, 17, 240, 0, 13, 68, 6251 }, // U+0497
    { 14, 21, 240, 0, 17, 74, 6319 }, // U+0498
    { 13, 16, 240, 1, 13, 52, 6393 }, // U+0499
    { 14, 21, 240, 1, 17, 74, 6445 }, // U+049A
    { 14, 17, 240, 1, 13, 60, 6519 }, // U+049B
    { 15, 17, 240, 0, 17, 64, 6579 }, // U+049C
    { 15, 13, 240, 0, 13, 49, 6643 }, // U+049D
    { 15, 17, 240, 0, 17, 64, 6692 }, // U+04A0
    { 15, 13, 240, 0, 13, 49, 6756 }, // U+04A1
    { 14, 21, 240, 1, 17, 74, 6805 }, // U+04A2
    { 14, 17, 240, 1, 13, 60, 6879 }, // U+04A3
    { 15, 17, 240, 0, 17, 64, 6939 }, // U+04A4
    { 15, 13, 240, 0, 13, 49, 7003 }, // U+04A5
    { 14, 21, 240, 1, 17, 74, 7052 }, // U+04AA
    { 13, 16, 240, 1, 13, 52, 7126 }, // U+04AB
    { 15, 17, 240, 0, 17, 64, 7178 }, // U+04AE
    { 15, 18, 240, 0, 13, 68, 7242 }, // U+04AF
    { 15, 17, 240, 0, 17, 64, 7310 }, // U+04B0
    { 15, 18, 240, 0, 13, 68, 7374 }, // U+04B1
    { 16, 21, 240, 0, 17, 84, 7442 }, // U+04B2
    { 15, 17, 240, 0, 13, 64, 7526 }, // U+04B3
    { 15, 21, 240, 0, 17, 79, 7590 }, // U+04B6
    { 14, 17, 240, 1, 13, 60, 7669 }, // U+04B7
    { 14, 17, 240, 0, 17, 60, 7729 }, // U+04B8
    { 13, 13, 240, 1, 13, 43, 7789 }, // U+04B9
    { 14, 17, 240, 1, 17, 60, 7832 }, // U+04BA
    { 13, 19, 240, 1, 19, 62, 7892 }, // U+04BB
    { 13, 17, 240, 1, 17, 56, 7954 }, // U+04C0
    { 15, 25, 240, 0, 25, 94, 8010 }, // U+04C1
    { 15, 20, 240, 0, 20, 75, 8104 }, // U+04C2
    { 13, 19, 240, 1, 19, 62, 8179 }, // U+04CF
    { 15, 25, 240, 0, 25, 94, 8241 }, // U+04D0
    { 14, 20, 240, 1, 20, 70, 8335 }, // U+04D1
    { 15, 23, 240, 0, 23, 87, 8405 }, // U+04D2
    { 14, 19, 240, 1, 19, 67, 8492 }, // U+04D3
    { 16, 17, 240, -1, 17, 68, 8559 }, // U+04D4
    { 15, 13, 240, 0, 13, 49, 8627 }, // U+04D5
    { 12, 25, 240, 2, 25, 75, 8676 }, // U+04D6
    { 13, 20, 240, 1, 20, 65, 8751 }, // U+04D7
    { 15, 17, 240, 0, 17, 64, 8816 }, // U+04D8
    { 13, 13, 240, 1, 13, 43, 8880 }, // U+04D9
    { 15, 23, 240, 0, 23, 87, 8923 }, // U+04DC
    { 15, 19, 240, 0, 19, 72, 9010 }, // U+04DD
    { 14, 23, 240, 0, 23, 81, 9082 }, // U+04DE
    { 13, 19, 240, 1, 19, 62, 9163 }, // U+04DF
    { 13, 23, 240, 1, 23, 75, 9225 }, // U+04E2
    { 13, 18, 240, 1, 18, 59, 9300 }, // U+04E3
    { 13, 23, 240, 1, 23, 75, 9359 }, // U+04E4
    { 13, 19, 240, 1, 19, 62, 9434 }, // U+04E5
    { 15, 23, 240, 0, 23, 87, 9496 }, // U+04E6
    { 13, 19, 240, 1, 19, 62, 9583 }, // U+04E7
    { 15, 17, 240, 0, 17, 64, 9645 }, // U+04E8
    { 13, 13, 240, 1, 13, 43, 9709 }, // U+04E9
    { 15, 23, 240, 0, 23, 87, 9752 }, // U+04EE
    { 15, 23, 240, 0, 18, 87, 9839 }, // U+04EF
    { 15, 23, 240, 0, 23, 87, 9926 }, // U+04F0
    { 15, 24, 240, 0, 19, 90, 10013 }, // U+04F1
    { 15, 25, 240, 0, 25, 94, 10103 }, // U+04F2
    { 15, 25, 240, 0, 20, 94, 10197 }, // U+04F3
    { 14, 23, 240, 0, 23, 81, 10291 }, // U+04F4
    { 13, 19, 240, 1, 19, 62, 10372 }, // U+04F5
    { 15, 23, 240, 0, 23, 87, 10434 }, // U+04F8
    { 15, 19, 240, 0, 19, 72, 10521 }, // U+04F9
    { 15, 22, 240, 0, 17, 83, 0 }, // U+1EA0
    { 14, 18, 240, 1, 13, 63, 83 }, // U+1EA1
    { 15, 25, 240, 0, 25, 94, 146 }, // U+1EA2
    { 14, 20, 240, 1, 20, 70, 240 }, // U+1EA3
    { 16, 28, 240, 0, 28, 112, 310 }, // U+1EA4
    { 14, 24, 240, 1, 24, 84, 422 }, // U+1EA5
    { 16, 28, 240, -1, 28, 112, 506 }, // U+1EA6
    { 16, 24, 240, -1, 24, 96, 618 }, // U+1EA7
    { 15, 28, 240, 0, 28, 105, 714 }, // U+1EA8
    { 14, 24, 240, 1, 24, 84, 819 }, // U+1EA9
    { 15, 27, 240, 0, 27, 102, 903 }, // U+1EAA
    { 14, 24, 240, 1, 24, 84, 1005 }, // U+1EAB
    { 15, 28, 240, 0, 23, 105, 1089 }, // U+1EAC
    { 14, 24, 240, 1, 19, 84, 1194 }, // U+1EAD
    { 15, 29, 240, 0, 29, 109, 1278 }, // U+1EAE
    { 14, 25, 240, 1, 25, 88, 1387 }, // U+1EAF
    { 15, 29, 240, 0, 29, 109, 1475 }, // U+1EB0
    { 14, 25, 240, 1, 25, 88, 1584 }, // U+1EB1
    { 15, 28, 240, 0, 28, 105, 1672 }, // U+1EB2
    { 14, 24, 240, 1, 24, 84, 1777 }, // U+1EB3
    { 15, 29, 240, 0, 29, 109, 1861 }, // U+1EB4
    { 14, 24, 240, 1, 24, 84, 1970 }, // U+1EB5
    { 15, 30, 240, 0, 25, 113, 2054 }, // U+1EB6
    { 14, 25, 240, 1, 20, 88, 2167 }, // U+1EB7
    { 12, 22, 240, 2, 17, 66, 2255 }, // U+1EB8
    { 13, 18, 240, 1, 13, 59, 2321 }, // U+1EB9
    { 12, 25, 240, 2, 25, 75, 2380 }, // U+1EBA
    { 13, 20, 240, 1, 20, 65, 2455 }, // U+1EBB
    { 12, 23, 240, 2, 23, 69, 2520 }, // U+1EBC
    { 13, 18, 240, 1, 18, 59, 2589 }, // U+1EBD
    { 14, 28, 240, 2, 28, 98, 2648 }, // U+1EBE
    { 15, 24, 240, 1, 24, 90, 2746 }, // U+1EBF
    { 15, 28, 240, -1, 28, 105, 2836 }, // U+1EC0
    { 15, 24, 240, -1, 24, 90, 2941 }, // U+1EC1
    { 13, 28, 240, 2, 28, 91, 3031 }, // U+1EC2
    { 14, 24, 240, 1, 24, 84, 3122 }, // U+1EC3
    { 12, 27, 240, 2, 27, 81, 3206 }, // U+1EC4
    { 13, 24, 240, 1, 24, 78, 3287 }, // U+1EC5
    { 12, 28, 240, 2, 23, 84, 3365 }, // U+1EC6
    { 13, 24, 240, 1, 19, 78, 3449 }, // U+1EC7
    { 13, 25, 240, 1, 25, 82, 3527 }, // U+1EC8
    { 12, 20, 240, 2, 20, 60, 3609 }, // U+1EC9
    { 13, 22, 240, 1, 17, 72, 3669 }, // U+1ECA
    { 12, 24, 240, 2, 19, 72, 3741 }, // U+1ECB
    { 15, 22, 240, 0, 17, 83, 3813 }, // U+1ECC
    { 13, 18, 240, 1, 13, 59, 3896 }, // U+1ECD
    { 15, 25, 240, 0, 25, 94, 3955 }, // U+1ECE
    { 13, 20, 240, 1, 20, 65, 4049 }, // U+1ECF
    { 16, 28, 240, 0, 28, 112, 4114 }, // U+1ED0
    { 15, 24, 240, 1, 24, 90, 4226 }, // U+1ED1
    { 16, 28, 240, -1, 28, 112, 4316 }, // U+1ED2
    { 15, 24, 240, -1, 24, 90, 4428 }, // U+1ED3
    { 15, 28, 240, 0, 28, 105, 4518 }, // U+1ED4
    { 14, 24, 240, 1, 24, 84, 4623 }, // U+1ED5
    { 15, 27, 240, 0, 27, 102, 4707 }, // U+1ED6
    { 13, 24, 240, 1, 24, 78, 4809 }, // U+1ED7
    { 15, 28, 240, 0, 23, 105, 4887 }, // U+1ED8
    { 13, 24, 240, 1, 19, 78, 4992 }, // U+1ED9
    { 15, 25, 240, 0, 25, 94, 5070 }, // U+1EDA
    { 14, 20, 240, 1, 20, 70, 5164 }, // U+1EDB
    { 15, 25, 240, 0, 25, 94, 5234 }, // U+1EDC
    { 14, 20, 240, 1, 20, 70, 5328 }, // U+1EDD
    { 15, 25, 240, 0, 25, 94, 5398 }, // U+1EDE
    { 14, 20, 240, 1, 20, 70, 5492 }, // U+1EDF
    { 15, 23, 240, 0, 23, 87, 5562 }, // U+1EE0
    { 14, 18, 240, 1, 18, 63, 5649 }, // U+1EE1
    { 15, 25, 240, 0, 20, 94, 5712 }, // U+1EE2
    { 14, 21, 240, 1, 16, 74, 5806 }, // U+1EE3
    { 13, 22, 240, 1, 17, 72, 5880 }, // U+1EE4
    { 13, 18, 240, 1, 13, 59, 5952 }, // U+1EE5
    { 13, 25, 240, 1, 25, 82, 6011 }, // U+1EE6
    { 13, 20, 240, 1, 20, 65, 6093 }, // U+1EE7
    { 14, 25, 240, 1, 25, 88, 6158 }, // U+1EE8
    { 14, 20, 240, 1, 20, 70, 6246 }, // U+1EE9
    { 14, 25, 240, 1, 25, 88, 6316 }, // U+1EEA
    { 14, 20, 240, 1, 20, 70, 6404 }, // U+1EEB
    { 14, 25, 240, 1, 25, 88, 6474 }, // U+1EEC
    { 14, 20, 240, 1, 20, 70, 6562 }, // U+1EED
    { 14, 23, 240, 1, 23, 81, 6632 }, // U+1EEE
    { 14, 18, 240, 1, 18, 63, 6713 }, // U+1EEF
    { 14, 25, 240, 1, 20, 88, 6776 }, // U+1EF0
    { 14, 21, 240, 1, 16, 74, 6864 }, // U+1EF1
    { 15, 25, 240, 0, 25, 94, 6938 }, // U+1EF2
    { 15, 25, 240, 0, 20, 94, 7032 }, // U+1EF3
    { 15, 22, 240, 0, 17, 83, 7126 }, // U+1EF4
    { 15, 18, 240, 0, 13, 68, 7209 }, // U+1EF5
    { 15, 25, 240, 0, 25, 94, 7277 }, // U+1EF6
    { 15, 25, 240, 0, 20, 94, 7371 }, // U+1EF7
    { 15, 23, 240, 0, 23, 87, 7465 }, // U+1EF8
    { 15, 23, 240, 0, 18, 87, 7552 }, // U+1EF9
    { 13, 3, 240, 1, 9, 10, 0 }, // U+2013
    { 15, 3, 240, 0, 9, 12, 10 }, // U+2014
    { 7, 9, 240, 4, 19, 16, 22 }, // U+2018
    { 7, 9, 240, 4, 19, 16, 38 }, // U+2019
    { 7, 8, 240, 4, 4, 14, 54 }, // U+201A
    { 14, 9, 240, 0, 19, 32, 68 }, // U+201C
    { 14, 9, 240, 1, 19, 32, 100 }, // U+201D
    { 13, 8, 240, 1, 4, 26, 132 }, // U+201E
    { 13, 24, 240, 1, 19, 78, 158 }, // U+2020
    { 13, 24, 240, 1, 19, 78, 236 }, // U+2021
    { 9, 7, 240, 3, 11, 16, 314 }, // U+2022
    { 15, 4, 240, 0, 4, 15, 330 }, // U+2026
    { 15, 17, 240, 0, 17, 64, 345 }, // U+2030
    { 5, 9, 240, 5, 17, 12, 409 }, // U+2032
    { 11, 9, 240, 2, 17, 25, 421 }, // U+2033
    { 7, 12, 240, 4, 13, 21, 446 }, // U+2039
    { 7, 12, 240, 4, 13, 21, 467 }, // U+203A
    { 15, 17, 240, 0, 17, 64, 488 }, // U+2044
    { 9, 9, 240, 3, 17, 21, 0 }, // U+2070
    { 9, 9, 240, 3, 17, 21, 21 }, // U+2074
    { 9, 9, 240, 3, 17, 21, 42 }, // U+2075
    { 9, 9, 240, 3, 17, 21, 63 }, // U+2076
    { 8, 9, 240, 4, 17, 18, 84 }, // U+2077
    { 9, 9, 240, 3, 17, 21, 102 }, // U+2078
    { 9, 9, 240, 3, 17, 21, 123 }, // U+2079
    { 9, 9, 240, 3, 9, 21, 144 }, // U+2080
    { 8, 9, 240, 4, 9, 18, 165 }, // U+2081
    { 9, 9, 240, 3, 9, 21, 183 }, // U+2082
    { 9, 9, 240, 3, 9, 21, 204 }, // U+2083
    { 9, 9, 240, 3, 9, 21, 225 }, // U+2084
    { 9, 9, 240, 3, 9, 21, 246 }, // U+2085
    { 9, 9, 240, 3, 9, 21, 267 }, // U+2086
    { 8, 9, 240, 4, 9, 18, 288 }, // U+2087
    { 9, 9, 240, 3, 9, 21, 306 }, // U+2088
    { 9, 9, 240, 3, 9, 21, 327 }, // U+2089
    { 14, 23, 240, 1, 20, 81, 0 }, // U+20A1
    { 13, 17, 240, 1, 17, 56, 81 }, // U+20A4
    { 15, 17, 240, 0, 17, 64, 137 }, // U+20A6
    { 15, 17, 240, 0, 17, 64, 201 }, // U+20A8
    { 15, 17, 240, 0, 17, 64, 265 }, // U+20A9
    { 15, 17, 240, 0, 17, 64, 329 }, // U+20AA
    { 14, 19, 240, 1, 19, 67, 393 }, // U+20AB
    { 14, 17, 240, 1, 17, 60, 460 }, // U+20AC
    { 16, 17, 240, 0, 17, 68, 520 }, // U+20AD
    { 15, 17, 240, 0, 17, 64, 588 }, // U+20AE
    { 15, 17, 240, 0, 17, 64, 652 }, // U+20B1
    { 14, 23, 240, 0, 20, 81, 716 }, // U+20B2
    { 15, 17, 240, 0, 17, 64, 797 }, // U+20B4
    { 14, 23, 240, 1, 20, 81, 861 }, // U+20B5
    { 13, 17, 240, 1, 17, 56, 942 }, // U+20B8
    { 14, 17, 240, 1, 17, 60, 998 }, // U+20B9
    { 15, 17, 240, 0, 17, 64, 1058 }, // U+20BA
    { 15, 17, 240, 0, 17, 64, 1122 }, // U+20BD
    { 13, 23, 240, 1, 20, 75, 1186 }, // U+20BF
    { 15, 17, 240, 0, 17, 64, 0 }, // U+2150
    { 15, 17, 240, 0, 17, 64, 64 }, // U+2151
    { 15, 17, 240, 0, 17, 64, 128 }, // U+2153
    { 15, 17, 240, 0, 17, 64, 192 }, // U+2154
    { 15, 17, 240, 0, 17, 64, 256 }, // U+2155
    { 15, 17, 240, 0, 17, 64, 320 }, // U+2156
    { 15, 17, 240, 0, 17, 64, 384 }, // U+2157
    { 15, 17, 240, 0, 17, 64, 448 }, // U+2158
    { 15, 17, 240, 0, 17, 64, 512 }, // U+2159
    { 15, 17, 240, 0, 17, 64, 576 }, // U+215A
    { 15, 17, 240, 0, 17, 64, 640 }, // U+215B
    { 15, 17, 240, 0, 17, 64, 704 }, // U+215C
    { 15, 17, 240, 0, 17, 64, 768 }, // U+215D
    { 15, 17, 240, 0, 17, 64, 832 }, // U+215E
    { 15, 13, 240, 0, 15, 49, 0 }, // U+2190
    { 13, 17, 240, 1, 17, 56, 49 }, // U+2191
    { 15, 13, 240, 0, 15, 49, 105 }, // U+2192
    { 13, 17, 240, 1, 17, 56, 154 }, // U+2193
    { 15, 11, 240, 0, 14, 42, 210 }, // U+2194
    { 13, 17, 240, 1, 17, 56, 252 }, // U+2195
    { 14, 14, 240, 1, 16, 49, 308 }, // U+2196
    { 14, 14, 240, 0, 16, 49, 357 }, // U+2197
    { 14, 14, 240, 0, 16, 49, 406 }, // U+2198
    { 14, 14, 240, 1, 16, 49, 455 }, // U+2199
    { 15, 15, 240, 0, 16, 57, 504 }, // U+21A9
    { 15, 15, 240, 0, 16, 57, 561 }, // U+21AA
    { 14, 18, 240, 0, 18, 63, 618 }, // U+21B0
    { 14, 18, 240, 1, 18, 63, 681 }, // U+21B1
    { 14, 18, 240, 0, 17, 63, 744 }, // U+21B2
    { 14, 18, 240, 1, 17, 63, 807 }, // U+21B3
    { 15, 16, 240, 0, 17, 60, 870 }, // U+21B6
    { 15, 16, 240, 0, 17, 60, 930 }, // U+21B7
    { 15, 17, 240, 0, 17, 64, 990 }, // U+21BA
    { 15, 17, 240, 0, 17, 64, 1054 }, // U+21BB
    { 15, 23, 240, 0, 20, 87, 1118 }, // U+21C4
    { 15, 23, 240, 0, 20, 87, 1205 }, // U+21C6
    { 13, 17, 240, 1, 17, 56, 0 }, // U+2202
    { 15, 17, 240, 0, 17, 64, 56 }, // U+2206
    { 13, 17, 240, 1, 17, 56, 120 }, // U+220F
    { 13, 22, 240, 1, 17, 72, 176 }, // U+2211
    { 13, 3, 240, 1, 9, 10, 248 }, // U+2212
    { 15, 17, 240, 0, 17, 64, 258 }, // U+2215
    { 15, 17, 240, 0, 17, 64, 322 }, // U+221A
    { 15, 9, 240, 0, 12, 34, 386 }, // U+221E
    { 14, 24, 240, 0, 19, 84, 420 }, // U+222B
    { 15, 11, 240, 0, 13, 42, 504 }, // U+2248
    { 13, 13, 240, 1, 14, 43, 546 }, // U+2260
    { 11, 15, 240, 2, 15, 42, 589 }, // U+2264
    { 11, 15, 240, 2, 15, 42, 631 }, // U+2265
    { 14, 19, 240, 0, 19, 67, 0 }, // U+FB01
    { 14, 19, 240, 0, 19, 67, 67 }, // U+FB02
};

static const EpdUnicodeInterval ibmplexmono_12_boldIntervals[] = {
    { 0x0, 0x0, 0x0 },
    { 0xD, 0xD, 0x1 },
    { 0x20, 0x7E, 0x2 },
    { 0xA0, 0x17F, 0x61 },
    { 0x1A0, 0x1A1, 0x141 },
    { 0x1AF, 0x1B0, 0x143 },
    { 0x1CD, 0x1DC, 0x145 },
    { 0x1FA, 0x1FF, 0x155 },
    { 0x218, 0x21B, 0x15B },
    { 0x300, 0x304, 0x15F },
    { 0x306, 0x30C, 0x164 },
    { 0x312, 0x312, 0x16B },
    { 0x315, 0x315, 0x16C },
    { 0x31B, 0x31B, 0x16D },
    { 0x323, 0x323, 0x16E },
    { 0x326, 0x328, 0x16F },
    { 0x3C0, 0x3C0, 0x172 },
    { 0x400, 0x45F, 0x173 },
    { 0x472, 0x473, 0x1D3 },
    { 0x490, 0x49D, 0x1D5 },
    { 0x4A0, 0x4A5, 0x1E3 },
    { 0x4AA, 0x4AB, 0x1E9 },
    { 0x4AE, 0x4B3, 0x1EB },
    { 0x4B6, 0x4BB, 0x1F1 },
    { 0x4C0, 0x4C2, 0x1F7 },
    { 0x4CF, 0x4D9, 0x1FA },
    { 0x4DC, 0x4DF, 0x205 },
    { 0x4E2, 0x4E9, 0x209 },
    { 0x4EE, 0x4F5, 0x211 },
    { 0x4F8, 0x4F9, 0x219 },
    { 0x1EA0, 0x1EF9, 0x21B },
    { 0x2013, 0x2014, 0x275 },
    { 0x2018, 0x201A, 0x277 },
    { 0x201C, 0x201E, 0x27A },
    { 0x2020, 0x2022, 0x27D },
    { 0x2026, 0x2026, 0x280 },
    { 0x2030, 0x2030, 0x281 },
    { 0x2032, 0x2033, 0x282 },
    { 0x2039, 0x203A, 0x284 },
    { 0x2044, 0x2044, 0x286 },
    { 0x2070, 0x2070, 0x287 },
    { 0x2074, 0x2079, 0x288 },
    { 0x2080, 0x2089, 0x28E },
    { 0x20A1, 0x20A1, 0x298 },
    { 0x20A4, 0x20A4, 0x299 },
    { 0x20A6, 0x20A6, 0x29A },
    { 0x20A8, 0x20AE, 0x29B },
    { 0x20B1, 0x20B2, 0x2A2 },
    { 0x20B4, 0x20B5, 0x2A4 },
    { 0x20B8, 0x20BA, 0x2A6 },
    { 0x20BD, 0x20BD, 0x2A9 },
    { 0x20BF, 0x20BF, 0x2AA },
    { 0x2150, 0x2151, 0x2AB },
    { 0x2153, 0x215E, 0x2AD },
    { 0x2190, 0x2199, 0x2B9 },
    { 0x21A9, 0x21AA, 0x2C3 },
    { 0x21B0, 0x21B3, 0x2C5 },
    { 0x21B6, 0x21B7, 0x2C9 },
    { 0x21BA, 0x21BB, 0x2CB },
    { 0x21C4, 0x21C4, 0x2CD },
    { 0x21C6, 0x21C6, 0x2CE },
    { 0x2202, 0x2202, 0x2CF },
    { 0x2206, 0x2206, 0x2D0 },
    { 0x220F, 0x220F, 0x2D1 },
    { 0x2211, 0x2212, 0x2D2 },
    { 0x2215, 0x2215, 0x2D4 },
    { 0x221A, 0x221A, 0x2D5 },
    { 0x221E, 0x221E, 0x2D6 },
    { 0x222B, 0x222B, 0x2D7 },
    { 0x2248, 0x2248, 0x2D8 },
    { 0x2260, 0x2260, 0x2D9 },
    { 0x2264, 0x2265, 0x2DA },
    { 0xFB01, 0xFB02, 0x2DC },
};

static const EpdFontGroup ibmplexmono_12_boldGroups[] = {
    { 0, 2229, 5610, 97, 0 },
    { 2229, 1916, 6608, 96, 97 },
    { 4145, 2565, 10641, 128, 193 },
    { 6710, 841, 2765, 30, 321 },
    { 7551, 197, 234, 19, 351 },
    { 7748, 22, 52, 1, 370 },
    { 7770, 3213, 11826, 168, 371 },
    { 10983, 1575, 8419, 90, 539 },
    { 12558, 312, 638, 18, 629 },
    { 12870, 191, 432, 17, 647 },
    { 13061, 732, 1396, 19, 664 },
    { 13793, 277, 952, 14, 683 },
    { 14070, 586, 1432, 22, 697 },
    { 14656, 347, 758, 13, 719 },
    { 15003, 50, 152, 2, 732 },
};

static const EpdFontData ibmplexmono_12_bold = {
    ibmplexmono_12_boldBitmaps,
    ibmplexmono_12_boldGlyphs,
    ibmplexmono_12_boldIntervals,
    73,
    33,
    26,
    -7,
    true,
    ibmplexmono_12_boldGroups,
    15,
    nullptr,
    nullptr,
    nullptr,
    nullptr,
    0,
    0,
    0,
    0,
    nullptr,
    0,
    nullptr,
    nullptr,
    nullptr,
};
