/**
 * generated by fontconvert.py
 * name: librefranklin_reader_16_regular_3x
 * size: 48
 * mode: 2-bit  compressed: true
 * Command used: fontconvert.py librefranklin_reader_16_regular_3x 48 ../builtinFonts/source/LibreFranklin/LibreFranklin-Regular.ttf --2bit --compress --pnum
 */
#pragma once
#include "EpdFontData.h"

static const uint8_t librefranklin_reader_16_regular_3xBitmaps[108431] = {
    0xED, 0x7D, 0x3D, 0x8F, 0xE4, 0x48, 0x96, 0x18, 0x3F, 0xAE, 0x8B, 0xC0, 0xD2, 0xA0, 0x0C, 0xCD,
    0x1A, 0xDD, 0x10, 0xE8, 0xC8, 0x38, 0x9D, 0xC3, 0x5F, 0x20, 0x31, 0x65, 0xC9, 0x90, 0x71, 0x6D,
    0x4C, 0x1F, 0xA0, 0x59, 0x43, 0x67, 0xEF, 0x18, 0xE5, 0xCA, 0x10, 0xC0, 0x84, 0x00, 0x41, 0xC6,
    0x39, 0x6D, 0xCC, 0x5A, 0x72, 0xD6, 0xD8, 0x01, 0x76, 0x6B, 0x8D, 0xFE, 0x07, 0x22, 0x75, 0x67,
    0xAC, 0xB1, 0xC6, 0xA5, 0x23, 0x6B, 0x0D, 0x11, 0xAB, 0x19, 0x48, 0xB3, 0x32, 0x96, 0x12, 0x78,
    0x00, 0xAB, 0xC5, 0x64, 0x88, 0x11, 0xF1, 0x3E, 0x23, 0xC9, 0xEC, 0xEA, 0xE9, 0x1A, 0xEC, 0x7C,
    0x54, 0x21, 0x91, 0xC5, 0x17, 0x99, 0x19, 0x9F, 0x2F, 0x5E, 0xBC, 0xEF, 0x88, 0xA2, 0xA8, 0x35,
    0x83, 0x31, 0x43, 0xBB, 0xF5, 0x6A, 0xF8, 0xD5, 0xFB, 0x57, 0xAD, 0x5E, 0xA7, 0x8B, 0x57, 0xE7,
    0x5F, 0xD5, 0xC5, 0xAB, 0x54, 0xAF, 0xA3, 0x7F, 0x15, 0xFC, 0x3A, 0x6C, 0xBD, 0x22, 0xFF, 0xCA,
    0x4D, 0x94, 0x2D, 0xD1, 0xE6, 0x9F, 0xB1, 0x9D, 0x1F, 0xF7, 0x5E, 0xEB, 0x10, 0xF0, 0x8B, 0xB5,
    0x39, 0xAF, 0x55, 0x99, 0xF5, 0xFF, 0xBC, 0xF9, 0xBF, 0xA2, 0xFF, 0xD3, 0xDA, 0xDE, 0x12, 0x95,
    0xF4, 0x7F, 0x8C, 0x32, 0xF7, 0x5B, 0xFC, 0x3F, 0x44, 0xA9, 0xFB, 0xEE, 0xF6, 0xFF, 0x7C, 0xFD,
    0x9F, 0xB8, 0xDF, 0xF6, 0xEE, 0x7F, 0xE6, 0xFE, 0xDB, 0xDF, 0x9E, 0xA2, 0x78, 0xFD, 0x9F, 0xBA,
    0xFF, 0xF6, 0xBB, 0xDD, 0xDA, 0xFB, 0xCB, 0xFF, 0x89, 0x39, 0xAE, 0xFF, 0xFB, 0xF5, 0x3B, 0x6B,
    0xA7, 0x9B, 0xE3, 0xE6, 0x98, 0x6D, 0x69, 0xDD, 0x23, 0x74, 0xB2, 0x5F, 0x84, 0x71, 0xC6, 0xB6,
    0x96, 0x00, 0x6A, 0x01, 0x4A, 0x1C, 0x84, 0x33, 0x92, 0xBA, 0x5A, 0x4C, 0xAF, 0xA0, 0x13, 0x42,
    0x07, 0x01, 0x65, 0x86, 0xAA, 0x42, 0x28, 0x41, 0x28, 0xBF, 0x84, 0x7C, 0x55, 0xEB, 0x5F, 0xB1,
    0x28, 0xE8, 0x4C, 0x15, 0x23, 0xE4, 0xAA, 0xB2, 0x7F, 0xE5, 0x7C, 0x01, 0xE5, 0x08, 0x55, 0x0A,
    0xAA, 0x27, 0xAC, 0x98, 0xA1, 0x33, 0x42, 0xE3, 0x05, 0xE4, 0xAA, 0x8A, 0x70, 0x46, 0x3C, 0x74,
    0x77, 0x77, 0x67, 0xDE, 0xAE, 0x6F, 0xED, 0x72, 0x77, 0xF7, 0x3A, 0x36, 0xE2, 0x6F, 0x78, 0x38,
    0xB4, 0x6E, 0x1A, 0xFE, 0x3B, 0xED, 0x4C, 0x75, 0x4B, 0x53, 0xDD, 0x5D, 0x4E, 0x75, 0xBF, 0x35,
    0xD5, 0x0E, 0xD2, 0x53, 0x1D, 0x7F, 0x8D, 0xA9, 0x5E, 0x2E, 0xA6, 0x9A, 0xA0, 0x07, 0x4E, 0xF5,
    0x5F, 0xF8, 0xF9, 0xB9, 0x7B, 0x63, 0xEE, 0xEE, 0x7E, 0xAE, 0x06, 0x3B, 0xBD, 0x07, 0xD4, 0x08,
    0xC8, 0x8D, 0xD7, 0xCD, 0x48, 0x8D, 0x8B, 0xE2, 0xCA, 0xDC, 0x1A, 0x32, 0x34, 0x4A, 0xAC, 0x46,
    0x28, 0xDE, 0xC0, 0xF1, 0xED, 0xA9, 0x4E, 0x1E, 0x65, 0xAA, 0xAF, 0xE1, 0xF8, 0xC3, 0xA7, 0xFA,
    0x1A, 0x8E, 0x57, 0x97, 0x13, 0x1F, 0x60, 0xF5, 0x36, 0x8E, 0xBF, 0xB0, 0xE3, 0xBC, 0x99, 0xA3,
    0xBD, 0xBF, 0x9B, 0x3B, 0x09, 0xE5, 0xD8, 0x95, 0x0F, 0x82, 0x0A, 0x09, 0x3D, 0x6B, 0xCD, 0x57,
    0xDC, 0x9A, 0x5D, 0xD8, 0x7B, 0x84, 0x5A, 0x5E, 0x67, 0x5B, 0x85, 0xFF, 0xF3, 0x3F, 0x6D, 0x24,
    0x12, 0x24, 0x88, 0x12, 0x67, 0x5F, 0x3B, 0xFE, 0x39, 0xAA, 0xB6, 0xD6, 0xF7, 0x97, 0xE6, 0x3F,
    0xBB, 0x2D, 0x66, 0x89, 0xFB, 0x72, 0x58, 0xFB, 0x52, 0x9A, 0x95, 0xAE, 0xDA, 0x9F, 0x0D, 0xAE,
    0x67, 0x6B, 0x3B, 0x76, 0x26, 0xD7, 0x27, 0x0B, 0x59, 0x9A, 0xBD, 0xBE, 0x9D, 0x7D, 0xAF, 0x63,
    0xFB, 0x60, 0x49, 0xB6, 0x1F, 0x43, 0x33, 0xDA, 0x2A, 0x7B, 0x80, 0x8A, 0x93, 0x85, 0x3A, 0x80,
    0xD2, 0x83, 0xED, 0xF2, 0x51, 0x8C, 0xB6, 0xB5, 0x0F, 0x04, 0xD9, 0x7A, 0x1F, 0x03, 0xD2, 0x75,
    0xEA, 0xF6, 0x3A, 0x01, 0x35, 0x76, 0xC8, 0x04, 0xD5, 0xEB, 0xF6, 0x91, 0xD0, 0x22, 0xA0, 0x75,
    0x3E, 0x3A, 0x86, 0x72, 0xE3, 0x4E, 0x9B, 0x03, 0xA2, 0xF5, 0xDA, 0x22, 0x41, 0x96, 0x68, 0x4D,
    0xBC, 0x7E, 0x76, 0x19, 0xDE, 0x10, 0x54, 0x8A, 0x05, 0xF2, 0x3F, 0x34, 0xB8, 0x39, 0x60, 0x31,
    0x97, 0x43, 0x24, 0x57, 0x73, 0xE2, 0x43, 0x17, 0xD7, 0x6B, 0xE3, 0xC3, 0x56, 0x7D, 0x98, 0x01,
    0xBD, 0x44, 0x4C, 0xA7, 0x75, 0xE7, 0xB5, 0xD7, 0xF5, 0xF4, 0x04, 0xFD, 0x87, 0x15, 0x1A, 0x09,
    0x3A, 0x7A, 0x2C, 0x40, 0xC8, 0x8E, 0x8C, 0x21, 0x5B, 0xEF, 0x91, 0xA1, 0xCC, 0xF0, 0xDE, 0x3D,
    0xDA, 0x49, 0x38, 0x31, 0xE4, 0xE7, 0x99, 0xA0, 0x5A, 0x41, 0x25, 0x36, 0xE8, 0xA0, 0x42, 0x41,
    0x39, 0x0E, 0xD1, 0x41, 0xD9, 0x7B, 0x41, 0xFF, 0x5C, 0xD4, 0x32, 0x46, 0x46, 0xB6, 0xE0, 0x0F,
    0x07, 0x80, 0x86, 0xC2, 0x75, 0xC7, 0x41, 0x95, 0x19, 0x2A, 0x37, 0x55, 0xD0, 0xEB, 0x53, 0x01,
    0xB8, 0x64, 0xF9, 0x03, 0xD3, 0x65, 0xC6, 0xE3, 0xF5, 0xD1, 0xAE, 0xDC, 0x61, 0x1D, 0xE3, 0xE2,
    0xA1, 0xD2, 0xCE, 0xCB, 0xBA, 0xD0, 0x5F, 0xC0, 0x2C, 0xCD, 0x7E, 0xA1, 0xBF, 0xFC, 0x4B, 0xF3,
    0x1F, 0x5B, 0x37, 0x9F, 0x99, 0x3E, 0xB8, 0x18, 0x3A, 0xE0, 0xFA, 0xD8, 0xBF, 0x59, 0xED, 0xD4,
    0x13, 0x2F, 0x9E, 0x6B, 0xC8, 0xE1, 0x96, 0x5F, 0xE8, 0xD7, 0xB0, 0x0A, 0xF1, 0x4F, 0x8D, 0x79,
    0xFB, 0x5A, 0xD2, 0x90, 0x63, 0xF4, 0xF8, 0xD0, 0x61, 0x87, 0xD6, 0xFD, 0xE3, 0x0D, 0x5A, 0x78,
    0xCB, 0xA4, 0x89, 0x88, 0x72, 0x2E, 0x71, 0xBC, 0x30, 0xBC, 0x2D, 0x88, 0xA4, 0x96, 0xE7, 0x88,
    0x87, 0x7E, 0x90, 0x44, 0xD8, 0xFD, 0xFA, 0x8E, 0x7F, 0x0F, 0x98, 0x53, 0xAD, 0xEB, 0x40, 0x98,
    0x12, 0xC3, 0xA7, 0x8D, 0xA3, 0x45, 0xB3, 0x3C, 0x86, 0xD6, 0x1F, 0xD8, 0xAA, 0x9B, 0x45, 0x35,
    0x9E, 0xB8, 0x5F, 0x56, 0xD0, 0x12, 0x34, 0x9E, 0xBA, 0xAA, 0x0B, 0x40, 0x62, 0x6A, 0xBC, 0xA3,
    0x77, 0x6A, 0xDC, 0x7F, 0x27, 0xF5, 0xBB, 0x06, 0x1B, 0x2F, 0x5D, 0x6D, 0x89, 0xFF, 0x0A, 0x36,
    0x5E, 0x19, 0xFF, 0x95, 0x41, 0x8E, 0xBC, 0xF6, 0xFF, 0x7D, 0xEF, 0xA1, 0xF1, 0xA8, 0xF6, 0x3D,
    0xF4, 0x48, 0x8C, 0xC7, 0x73, 0xED, 0x3F, 0xF4, 0x43, 0xC2, 0x3D, 0xD3, 0xF8, 0xC2, 0x76, 0x16,
    0x8D, 0x47, 0xCD, 0xCC, 0x85, 0x74, 0x4E, 0xCA, 0x42, 0x6C, 0x5C, 0x15, 0x62, 0xE3, 0xAA, 0x90,
    0x78, 0x03, 0x59, 0x48, 0xC4, 0x44, 0x14, 0x52, 0xE3, 0xB2, 0x4B, 0xD4, 0xB8, 0xEC, 0x3C, 0x35,
    0x2E, 0x87, 0x49, 0x8D, 0xCB, 0x09, 0xA1, 0xC6, 0xE5, 0xD4, 0x31, 0x25, 0xF3, 0x93, 0x6C, 0x57,
    0x2A, 0x96, 0x18, 0x85, 0xCB, 0xC1, 0x8D, 0x8B, 0x85, 0xE3, 0xC6, 0xC5, 0x12, 0x73, 0xE3, 0x80,
    0x0C, 0xF5, 0x5A, 0xB3, 0x6B, 0xFC, 0xD9, 0x4B, 0x46, 0x9B, 0x76, 0xF1, 0x8D, 0xE7, 0x80, 0x7F,
    0x16, 0xC1, 0x92, 0x75, 0x40, 0xAE, 0xF1, 0x16, 0x36, 0x65, 0xB5, 0xFE, 0xBE, 0x04, 0x59, 0x22,
    0xC3, 0x7D, 0x9B, 0xC3, 0x0E, 0xB6, 0x8D, 0xBB, 0x1D, 0x3C, 0xC2, 0xC1, 0x60, 0xD1, 0xDB, 0x36,
    0x6E, 0xCC, 0x57, 0xB7, 0x9E, 0x26, 0xD7, 0x9E, 0x8E, 0xAF, 0x0C, 0x5A, 0x62, 0x2B, 0xF4, 0xF8,
    0x9F, 0xF9, 0x7A, 0xD6, 0x6A, 0x33, 0xFB, 0xD3, 0xCA, 0x23, 0x60, 0xB5, 0x12, 0x18, 0xD7, 0x78,
    0xE1, 0x0F, 0xB1, 0x5E, 0x8C, 0xAC, 0xF3, 0xF8, 0x9C, 0x12, 0xF5, 0xF6, 0xD3, 0xEE, 0xE7, 0x96,
    0x77, 0x9A, 0x6B, 0xDC, 0x2D, 0x69, 0xD4, 0xF2, 0x1C, 0x58, 0xEE, 0xD0, 0x7F, 0xA7, 0x66, 0x91,
    0xAF, 0x1D, 0x9C, 0xEC, 0xC4, 0x0B, 0x04, 0x08, 0x07, 0x38, 0x5E, 0x8A, 0x53, 0xAC, 0x83, 0xA9,
    0x15, 0x6C, 0x8B, 0xE5, 0xB3, 0x60, 0x8B, 0x14, 0xB4, 0x2C, 0xB6, 0xF1, 0xD4, 0xCF, 0x25, 0x6E,
    0x34, 0xDF, 0x78, 0xE6, 0x0B, 0x73, 0x2A, 0xB4, 0xBC, 0x65, 0xE6, 0x21, 0x2A, 0x8C, 0x6D, 0x75,
    0x61, 0xA1, 0x23, 0xE5, 0x61, 0xA1, 0x63, 0xF2, 0xC2, 0xC2, 0x72, 0xD9, 0x28, 0xAC, 0xE7, 0x8D,
    0x42, 0xC7, 0xD8, 0x06, 0x5D, 0x72, 0x8D, 0x87, 0x9D, 0x4F, 0x25, 0x25, 0xC0, 0x61, 0x7A, 0x0E,
    0x33, 0xD5, 0xB3, 0xE4, 0x1A, 0xC7, 0xA9, 0xAB, 0x8C, 0x68, 0x7C, 0xAD, 0x79, 0x92, 0x93, 0x0C,
    0x5C, 0xB5, 0x5F, 0x0E, 0x20, 0x5C, 0x31, 0x2C, 0xB5, 0x5F, 0x32, 0x58, 0xCD, 0x14, 0x49, 0x95,
    0xE1, 0x4A, 0x88, 0xBD, 0xAD, 0x6C, 0x67, 0xA0, 0x0F, 0xD0, 0xB8, 0xED, 0x61, 0x0F, 0x6F, 0x42,
    0x22, 0x70, 0x07, 0x67, 0x03, 0x75, 0xB5, 0xC4, 0xEE, 0x9B, 0xE3, 0x0D, 0x1C, 0xF6, 0x31, 0xE1,
    0x59, 0x43, 0x87, 0x14, 0x35, 0x0E, 0x1C, 0xCD, 0x10, 0x1C, 0x15, 0x29, 0xF3, 0x18, 0x05, 0x63,
    0x54, 0x43, 0x1C, 0xCB, 0xB3, 0x8F, 0xA9, 0x30, 0x6E, 0x17, 0x71, 0xC0, 0x7C, 0x1C, 0xF2, 0xD6,
    0x82, 0x21, 0x62, 0x56, 0xE7, 0xAC, 0x19, 0x6E, 0xC5, 0x44, 0x11, 0xE7, 0x2B, 0x18, 0x76, 0x3C,
    0x53, 0x25, 0x7F, 0x6D, 0xCC, 0xFF, 0x36, 0xC4, 0xB2, 0xF8, 0x83, 0xF6, 0x64, 0xF7, 0xDD, 0x20,
    0x5A, 0x72, 0x67, 0x07, 0x73, 0x59, 0xB1, 0x01, 0x02, 0x32, 0xF3, 0xBE, 0x73, 0xA3, 0x4C, 0xCD,
    0x22, 0x7A, 0x03, 0x5F, 0xE5, 0xA6, 0xCE, 0xCC, 0x95, 0xC2, 0x94, 0x4D, 0xCC, 0xFB, 0x46, 0x48,
    0x44, 0x7C, 0x09, 0x91, 0x4F, 0xE8, 0x48, 0x73, 0xB5, 0xA4, 0x0F, 0xEA, 0xD9, 0x2F, 0xE1, 0xFE,
    0x40, 0x3D, 0xF1, 0x45, 0x49, 0x6A, 0x04, 0x49, 0x1E, 0xFD, 0x60, 0x66, 0x9E, 0x9E, 0xC9, 0x77,
    0x7D, 0x64, 0x62, 0x3C, 0x13, 0x0B, 0x4D, 0x93, 0xEA, 0x2B, 0xEE, 0xC4, 0x6C, 0x1C, 0xF0, 0x9D,
    0x66, 0xEC, 0x64, 0x7F, 0x24, 0x09, 0xB0, 0xD3, 0xC0, 0x08, 0xC2, 0x15, 0xD9, 0xC5, 0x2B, 0xD5,
    0x9A, 0xAE, 0x54, 0x32, 0x56, 0x0B, 0x68, 0x3F, 0xFF, 0xA3, 0xE0, 0x80, 0x37, 0x11, 0x21, 0x31,
    0x21, 0xB2, 0x44, 0x92, 0xDD, 0xA5, 0x12, 0xFD, 0x95, 0x54, 0xF0, 0xC0, 0xFF, 0x8C, 0x98, 0x30,
    0xD2, 0x6A, 0xF4, 0x48, 0xCA, 0x71, 0xCD, 0xCD, 0x4C, 0x8D, 0x1F, 0x01, 0x4F, 0xCE, 0x40, 0xD8,
    0xB1, 0x3B, 0xA9, 0xFB, 0xCE, 0xFA, 0x93, 0x8C, 0xF7, 0xCA, 0xE8, 0x5A, 0xEA, 0x63, 0xAC, 0xDA,
    0xB1, 0xA1, 0x8E, 0xDF, 0x6C, 0x61, 0xA0, 0x96, 0xCB, 0x71, 0xBA, 0x32, 0xDB, 0x81, 0xCE, 0x4F,
    0x76, 0xE7, 0xD4, 0x6F, 0xEE, 0x8B, 0x3D, 0x62, 0x55, 0xE2, 0x3E, 0x4D, 0xFD, 0x6C, 0x24, 0x24,
    0xA9, 0xD9, 0x0F, 0xBD, 0x38, 0xEC, 0xCE, 0xE0, 0x05, 0xB6, 0x46, 0x04, 0x4C, 0x36, 0xAC, 0x9F,
    0x13, 0x6C, 0x3C, 0x0A, 0xD0, 0xAA, 0x5B, 0xA0, 0xA5, 0x62, 0x57, 0xA7, 0x3D, 0xF5, 0x9C, 0x74,
    0x47, 0xF8, 0xB4, 0xAC, 0x15, 0x2F, 0x0E, 0xD7, 0x4E, 0xB8, 0x44, 0xC7, 0x02, 0xC6, 0x79, 0x42,
    0x7C, 0x38, 0xD5, 0x20, 0x54, 0x22, 0xC1, 0xB4, 0x2A, 0xC2, 0x93, 0x28, 0x89, 0x69, 0xDE, 0x08,
    0x6D, 0x5A, 0x9C, 0x5B, 0x2A, 0xA1, 0xF9, 0xA7, 0xE5, 0x2D, 0x90, 0xE8, 0x18, 0xD6, 0x34, 0xC0,
    0xD7, 0x59, 0xFF, 0x88, 0x0B, 0xD2, 0xD0, 0x72, 0xE2, 0x82, 0xD4, 0xB8, 0x9C, 0x09, 0x4A, 0x51,
    0x15, 0x22, 0x57, 0x81, 0x84, 0xA2, 0xC4, 0xE5, 0x6C, 0x10, 0x67, 0x0A, 0x43, 0xD3, 0x01, 0x8C,
    0x6A, 0x06, 0xB8, 0x53, 0x39, 0x64, 0xB4, 0xBC, 0x6F, 0xE2, 0x9B, 0xB0, 0x52, 0xBA, 0xFB, 0xDA,
    0xDB, 0x8F, 0x1D, 0xA7, 0xF0, 0xF2, 0xC7, 0xAC, 0x9C, 0x99, 0x01, 0x35, 0xDC, 0x37, 0x73, 0x8F,
    0xA2, 0x28, 0xBA, 0x2F, 0x44, 0xE1, 0x50, 0xF7, 0x35, 0x02, 0x3B, 0x70, 0x26, 0x59, 0xE0, 0xE0,
    0x19, 0x6D, 0x5B, 0x92, 0x08, 0xF1, 0x2D, 0xF6, 0xF4, 0xEA, 0xC5, 0x5A, 0xF0, 0xBF, 0x90, 0x60,
    0xBD, 0x71, 0xC3, 0x7C, 0xF6, 0xEA, 0xA5, 0xA6, 0xAA, 0xB5, 0x39, 0xAF, 0x33, 0xE0, 0x5F, 0x95,
    0x7D, 0x4D, 0xA5, 0x7D, 0x8D, 0x85, 0x7D, 0x0D, 0xF4, 0xCA, 0xED, 0xAB, 0xCF, 0xEC, 0xEB, 0x94,
    0xDA, 0x57, 0xE7, 0x5F, 0x89, 0x15, 0x72, 0xE4, 0x7E, 0x39, 0xD2, 0xC9, 0xE3, 0x8F, 0x1A, 0xCF,
    0xFB, 0x79, 0x36, 0xC3, 0x0D, 0xC0, 0x1F, 0x7C, 0x29, 0xF0, 0x46, 0x1D, 0x9D, 0x96, 0x9E, 0x07,
    0xF7, 0x47, 0x5F, 0xBB, 0xD0, 0x66, 0x4A, 0x8C, 0x67, 0x64, 0xFD, 0xD8, 0x07, 0xDC, 0x1C, 0xEB,
    0xFB, 0x29, 0x42, 0x6E, 0xA8, 0x86, 0xF7, 0xA3, 0x9B, 0x31, 0x26, 0x71, 0x6E, 0x0A, 0xFD, 0x0E,
    0x4C, 0xA1, 0x9A, 0x19, 0x37, 0x01, 0x48, 0x89, 0x6E, 0xEF, 0x51, 0x95, 0x4E, 0x4B, 0x29, 0xDE,
    0xDD, 0xAE, 0x83, 0xF7, 0xDA, 0xAB, 0xC4, 0xE0, 0xBD, 0x7B, 0xD4, 0x77, 0xAE, 0xB9, 0x82, 0xF7,
    0xDE, 0xF5, 0xA1, 0xA7, 0x9E, 0x14, 0xEA, 0x7D, 0xA4, 0x9E, 0xFB, 0x51, 0xC8, 0xD1, 0x25, 0x6E,
    0xBC, 0x31, 0x6E, 0x9B, 0x88, 0xE6, 0xA4, 0x81, 0x09, 0x3E, 0xD2, 0xBC, 0x95, 0x30, 0xFD, 0xBD,
    0xAB, 0x6E, 0x20, 0x56, 0x25, 0xF1, 0xFB, 0xC0, 0x08, 0xDE, 0xD0, 0x73, 0x1F, 0xB5, 0x61, 0x46,
    0xC6, 0x33, 0x3E, 0x9E, 0x5F, 0x4A, 0x80, 0x00, 0xB9, 0x2D, 0xD1, 0x8E, 0xCC, 0x53, 0x54, 0x67,
    0x16, 0x77, 0xE2, 0x5F, 0x29, 0x69, 0x4E, 0x7E, 0x94, 0xC3, 0xD1, 0xC9, 0x75, 0x01, 0xBB, 0x09,
    0xE7, 0xCA, 0x99, 0x1B, 0xAF, 0x44, 0xE3, 0x1E, 0x07, 0x32, 0x60, 0xC7, 0x7C, 0xFF, 0x27, 0xF7,
    0xE3, 0x99, 0x18, 0x77, 0x35, 0x05, 0x35, 0x4C, 0x41, 0x27, 0xA6, 0xE0, 0x14, 0xCC, 0xEE, 0xDE,
    0xBC, 0xFA, 0x23, 0x31, 0x81, 0xF7, 0x85, 0x8F, 0x4D, 0xFD, 0x7E, 0x08, 0xDE, 0x5B, 0xC0, 0xCA,
    0xCB, 0xF7, 0xEE, 0xEA, 0xFB, 0xF6, 0xAF, 0x2E, 0xEB, 0x17, 0xAD, 0xC7, 0xF0, 0xBE, 0x50, 0x0F,
    0x93, 0x0D, 0xDC, 0x9F, 0xDC, 0xFB, 0x48, 0x4B, 0x8E, 0x63, 0xEF, 0x09, 0x21, 0x2A, 0xB1, 0x9D,
    0x1A, 0x31, 0x7B, 0xE6, 0x2C, 0x76, 0xE5, 0x44, 0x73, 0x9E, 0x01, 0xFE, 0x9C, 0x68, 0x5D, 0x4A,
    0xB1, 0x95, 0x2F, 0xF6, 0x7F, 0x2C, 0xF6, 0x7F, 0x26, 0xC8, 0x85, 0x67, 0x0E, 0x6F, 0x7E, 0x11,
    0xAA, 0x11, 0x72, 0xA9, 0x59, 0xD2, 0xBC, 0xE5, 0xE5, 0x43, 0xC6, 0x0F, 0x51, 0xF0, 0x90, 0xBA,
    0x87, 0x1F, 0xF9, 0x87, 0xBC, 0x2B, 0xAC, 0x29, 0x68, 0x25, 0x94, 0xD6, 0x18, 0xB6, 0x3E, 0x94,
    0xF6, 0x78, 0x3A, 0xA7, 0x96, 0x50, 0x0F, 0x2B, 0x49, 0xFE, 0x9F, 0x66, 0x25, 0xCF, 0x03, 0x2A,
    0x5C, 0x0E, 0x11, 0xE9, 0x5A, 0x9C, 0xD6, 0xE5, 0x0B, 0xA0, 0xFC, 0xF7, 0x78, 0x24, 0xA1, 0x3C,
    0x8E, 0x87, 0x0B, 0xB2, 0x11, 0xA9, 0xF9, 0x7B, 0x03, 0x1D, 0xFC, 0x57, 0x20, 0xB7, 0x2D, 0xB0,
    0x57, 0x56, 0xE9, 0x19, 0x76, 0xD9, 0xE8, 0xF1, 0xDB, 0x8A, 0x0E, 0xB5, 0x21, 0x49, 0xB5, 0xF3,
    0xA8, 0xEE, 0xD6, 0xA8, 0x31, 0x30, 0xD7, 0x35, 0xCA, 0xDA, 0xB9, 0xFD, 0xE9, 0x7F, 0xB1, 0xB3,
    0x69, 0x9B, 0xFE, 0xA7, 0xC1, 0x94, 0x65, 0xCC, 0x75, 0x65, 0x92, 0x01, 0x7B, 0xC7, 0x63, 0xF6,
    0xED, 0x79, 0xFC, 0xA9, 0xB3, 0x7D, 0xFC, 0x61, 0x7D, 0xFF, 0x25, 0x2B, 0xC8, 0x96, 0xF7, 0x79,
    0x64, 0x4B, 0xC8, 0x39, 0x62, 0x11, 0xEE, 0x3B, 0xFE, 0x18, 0xBF, 0x12, 0xCA, 0xE3, 0x2B, 0x2F,
    0x2B, 0x67, 0xAC, 0xB8, 0x52, 0x8F, 0xD6, 0x68, 0xB3, 0xFE, 0xDC, 0x9E, 0xD3, 0x87, 0x15, 0xCB,
    0xB3, 0x73, 0x54, 0x4C, 0x51, 0x31, 0x44, 0xD5, 0x8A, 0x6B, 0x9D, 0x35, 0x6F, 0xB6, 0x4E, 0x77,
    0xE7, 0xA5, 0xA4, 0x1E, 0x8C, 0x6B, 0xD7, 0xFE, 0xF9, 0x69, 0x3D, 0x7D, 0xF4, 0xEA, 0x65, 0x6B,
    0xD9, 0xB7, 0x69, 0xE7, 0x35, 0x0A, 0x51, 0x20, 0x44, 0x34, 0x12, 0xF7, 0x49, 0x6D, 0x50, 0x19,
    0xAD, 0xFE, 0x21, 0x35, 0x12, 0x12, 0x0E, 0xA9, 0xB7, 0xC0, 0x3D, 0x96, 0xB0, 0x25, 0x95, 0x1E,
    0xFA, 0xBD, 0xA6, 0x48, 0xEF, 0x70, 0xD9, 0x14, 0xA9, 0x39, 0x9A, 0xCB, 0xA6, 0x26, 0x14, 0xF6,
    0xC6, 0xBD, 0xA6, 0x32, 0xE6, 0x42, 0xC3, 0xA6, 0x4A, 0xB6, 0x1E, 0x5C, 0x34, 0x75, 0x39, 0xBC,
    0xB0, 0xA9, 0x64, 0xBF, 0xA9, 0x7C, 0xBF, 0xA9, 0xF7, 0x99, 0xC9, 0x78, 0x7F, 0x26, 0xB7, 0x9A,
    0x7A, 0x8F, 0x99, 0x6C, 0x77, 0x67, 0xF2, 0xCA, 0xA2, 0x7D, 0xE0, 0x4C, 0x7E, 0xAD, 0x45, 0x7B,
    0xC8, 0x4C, 0x3E, 0xFB, 0x38, 0xDA, 0xFF, 0x7B, 0xCE, 0x0C, 0x36, 0x0A, 0x03, 0x7D, 0xA4, 0x8C,
    0x2D, 0x4B, 0xA0, 0x78, 0xE8, 0x95, 0xF5, 0x87, 0x45, 0x49, 0x65, 0xAF, 0x0B, 0x14, 0xFF, 0x56,
    0x22, 0x78, 0x1D, 0xB7, 0x28, 0x8A, 0x96, 0xC6, 0x6B, 0xBF, 0xE0, 0x90, 0xF1, 0x72, 0x1C, 0xFE,
    0x8B, 0x40, 0x88, 0x29, 0x0C, 0x70, 0x53, 0xBE, 0xC5, 0xD4, 0xFF, 0xCF, 0x50, 0x90, 0x41, 0xF5,
    0x05, 0x29, 0xA2, 0x9D, 0x12, 0x18, 0xA5, 0xDF, 0x12, 0xA4, 0xD6, 0x49, 0x0A, 0xF3, 0x0D, 0x63,
    0x87, 0xA1, 0x1A, 0x48, 0xF1, 0x41, 0xE2, 0x98, 0x93, 0x40, 0x13, 0x16, 0xFC, 0xED, 0x07, 0x29,
    0x5B, 0x99, 0x8C, 0x53, 0xCE, 0x0A, 0x93, 0xD8, 0x80, 0x7A, 0x12, 0x54, 0x36, 0x14, 0x12, 0x9C,
    0x50, 0x5A, 0xC5, 0x5E, 0x16, 0x2C, 0xA1, 0x57, 0x4E, 0x35, 0x30, 0x4B, 0x25, 0x44, 0xC5, 0xA0,
    0xFD, 0xA2, 0x02, 0x17, 0x16, 0xF5, 0x10, 0x9C, 0xA4, 0xBA, 0xE2, 0x3A, 0x28, 0x74, 0x3F, 0xB9,
    0x03, 0xC7, 0x3F, 0x11, 0xA8, 0xBA, 0x51, 0xEF, 0x82, 0x9B, 0x23, 0xBA, 0x36, 0x1B, 0xFB, 0x53,
    0x67, 0xB1, 0xA1, 0xD4, 0xD3, 0x2E, 0x16, 0x05, 0x1D, 0x77, 0xC4, 0x92, 0x05, 0x0B, 0x9A, 0xE9,
    0xE5, 0x16, 0xC8, 0xD0, 0x7A, 0x75, 0x8F, 0x44, 0x15, 0xB6, 0x16, 0x7A, 0xE5, 0x51, 0x80, 0x66,
    0x2D, 0x4E, 0x87, 0xAF, 0x94, 0xC6, 0xE0, 0x7B, 0x50, 0x69, 0x04, 0x0E, 0xD0, 0x9B, 0xCC, 0x92,
    0x06, 0x58, 0x50, 0xD4, 0x75, 0xA1, 0xFA, 0x64, 0x16, 0x1B, 0xC7, 0xEE, 0xA7, 0xA3, 0xD8, 0x56,
    0x95, 0xF1, 0x16, 0x61, 0x68, 0xD0, 0x6E, 0xC9, 0xAF, 0x3E, 0x21, 0xED, 0x50, 0xB0, 0x61, 0x69,
    0x3B, 0x2B, 0x43, 0x2B, 0xAD, 0x46, 0x6C, 0xB4, 0x7A, 0x4A, 0x5B, 0x65, 0x3D, 0x8F, 0xF9, 0x5A,
    0xDA, 0xFC, 0x97, 0xD7, 0x5B, 0xC4, 0xA7, 0x61, 0x7F, 0x09, 0x7C, 0x6A, 0xF0, 0x29, 0x23, 0x85,
    0x66, 0x83, 0x4F, 0xCE, 0x22, 0xD1, 0x51, 0xEF, 0x3A, 0xB2, 0x0E, 0x77, 0x64, 0x5B, 0xEC, 0x48,
    0x57, 0x05, 0x4F, 0xBF, 0xC7, 0xA7, 0x7B, 0x58, 0xA6, 0x7A, 0x39, 0xE0, 0xD3, 0x09, 0x97, 0xEE,
    0xCF, 0x23, 0xB1, 0x88, 0x4F, 0x4F, 0x3F, 0xD8, 0xA7, 0xE7, 0x77, 0x77, 0xBF, 0x36, 0x96, 0x69,
    0xFF, 0x39, 0x29, 0xB5, 0xC6, 0x0F, 0x78, 0x1A, 0x2E, 0x10, 0xFE, 0x59, 0x6B, 0x68, 0x27, 0xB8,
    0x4D, 0xB2, 0x1C, 0xC4, 0x06, 0x82, 0xED, 0x95, 0xC8, 0x93, 0xB4, 0x54, 0xDE, 0x4F, 0xC2, 0xB6,
    0x9E, 0x92, 0x78, 0x00, 0xDF, 0xFA, 0xEA, 0x55, 0xEB, 0xD1, 0xDE, 0x5B, 0x26, 0x62, 0xDF, 0x01,
    0xA8, 0xA7, 0xB4, 0x65, 0xA0, 0x54, 0xF5, 0x1A, 0xD0, 0x02, 0xB7, 0x6F, 0xEB, 0x48, 0x27, 0x99,
    0x5A, 0x8C, 0x22, 0x49, 0x87, 0x52, 0x52, 0xAF, 0x94, 0x7D, 0x9F, 0x4C, 0x47, 0xBE, 0x85, 0x8E,
    0xCC, 0xFD, 0x88, 0x35, 0xD0, 0x9D, 0x54, 0x47, 0x9F, 0x3E, 0x14, 0xE0, 0xDA, 0xA4, 0x2E, 0x5E,
    0x12, 0xDD, 0x48, 0x12, 0x64, 0xAD, 0xA0, 0x97, 0x74, 0xDD, 0x0E, 0x6E, 0x91, 0x6A, 0xC3, 0x59,
    0x36, 0x33, 0x45, 0x81, 0x61, 0x84, 0x08, 0xD3, 0x49, 0x56, 0x76, 0x94, 0x4A, 0x7C, 0x69, 0xC7,
    0x99, 0x65, 0xCF, 0x46, 0xD9, 0x99, 0x93, 0x64, 0xA7, 0x8E, 0xE2, 0x27, 0x8B, 0xFC, 0xC9, 0x24,
    0x7F, 0xD2, 0x3F, 0xE2, 0x4F, 0xCE, 0x0F, 0xEB, 0xD8, 0x61, 0xEF, 0x27, 0x83, 0xFC, 0x89, 0xB2,
    0x30, 0xED, 0x0E, 0x7F, 0xF7, 0x27, 0x8B, 0xFC, 0xC9, 0x24, 0x7F, 0xD2, 0xEF, 0x4D, 0xF2, 0x22,
    0x17, 0x69, 0x8C, 0xB4, 0xE5, 0x85, 0x7F, 0xD2, 0x69, 0x9E, 0x15, 0x37, 0x60, 0xFD, 0xCD, 0x01,
    0x97, 0xA7, 0x99, 0xDD, 0xD0, 0x5F, 0xAA, 0x23, 0xD0, 0xEB, 0x59, 0x78, 0x17, 0x1F, 0xD5, 0xFE,
    0x9E, 0xE4, 0x47, 0xB0, 0x02, 0xAD, 0x3C, 0x86, 0x53, 0xE1, 0x09, 0xE9, 0x8F, 0xE0, 0x2F, 0x2C,
    0x05, 0x71, 0x73, 0x52, 0x1B, 0xD0, 0x83, 0xB9, 0x1F, 0xE2, 0xCF, 0x1B, 0x60, 0x5D, 0x47, 0x9C,
    0x97, 0x5E, 0x99, 0x2B, 0x06, 0x21, 0x77, 0xB8, 0xDF, 0x17, 0xA3, 0xDC, 0x0D, 0xE9, 0x89, 0xE6,
    0xF0, 0xAC, 0xDC, 0xF7, 0x96, 0x5D, 0x28, 0x57, 0x66, 0xAC, 0xEB, 0xD0, 0x72, 0xA5, 0x4E, 0xD9,
    0x5E, 0x25, 0x77, 0xA6, 0x64, 0x01, 0x95, 0x3D, 0xC4, 0xEF, 0xD4, 0x5E, 0xEA, 0x8C, 0x24, 0xE5,
    0x51, 0x28, 0x1D, 0x29, 0xAB, 0x58, 0x2E, 0x11, 0x29, 0x66, 0x36, 0xE6, 0xA3, 0x57, 0x9F, 0x48,
    0x43, 0x18, 0x19, 0x2C, 0x88, 0xDF, 0x59, 0x0E, 0x12, 0x1A, 0xA2, 0xFD, 0xCF, 0x58, 0x84, 0x53,
    0x9E, 0x6E, 0x46, 0x55, 0xBA, 0xFE, 0xFD, 0xD8, 0x84, 0x3D, 0x93, 0xEE, 0x4A, 0x8D, 0x1A, 0x9F,
    0xEA, 0x76, 0x14, 0x2B, 0x9B, 0xF0, 0xFA, 0xD5, 0x45, 0x9B, 0x13, 0x0F, 0xD1, 0xF6, 0x26, 0xF4,
    0xA4, 0x5B, 0x56, 0x73, 0x52, 0xE6, 0xC3, 0x5E, 0x41, 0xC3, 0xDE, 0xD4, 0x47, 0xCD, 0x83, 0xA1,
    0xF6, 0x0A, 0xA4, 0xDA, 0x73, 0xCB, 0xF9, 0xEF, 0x05, 0x51, 0x38, 0xB1, 0x61, 0xC6, 0x2E, 0x2E,
    0x2B, 0xFA, 0x2C, 0x8D, 0xA8, 0xCD, 0x28, 0x28, 0x71, 0x2B, 0xD6, 0x6D, 0xB1, 0x13, 0x77, 0xC2,
    0x9F, 0x39, 0xE3, 0xEB, 0x19, 0x71, 0xC2, 0xF1, 0xF2, 0x6E, 0x5B, 0x7A, 0xAF, 0x14, 0xB7, 0x40,
    0x5F, 0xB9, 0x85, 0xF7, 0xCE, 0x7C, 0x52, 0xE7, 0x96, 0x13, 0x34, 0x46, 0xD2, 0xD1, 0xED, 0x28,
    0xF7, 0xED, 0x24, 0x7D, 0xD9, 0x70, 0xF5, 0x9C, 0x5F, 0x2B, 0xED, 0xFE, 0xE8, 0x66, 0xED, 0xDE,
    0x67, 0x57, 0x84, 0xF0, 0x60, 0x51, 0x34, 0x41, 0x63, 0x83, 0x69, 0x14, 0xB0, 0xC8, 0x84, 0x54,
    0x7A, 0x79, 0x25, 0x98, 0x6B, 0xB0, 0xD4, 0x60, 0x6D, 0x82, 0xD3, 0x3A, 0x38, 0x61, 0x25, 0x98,
    0x69, 0xB0, 0x30, 0xFF, 0x43, 0x82, 0xB5, 0xF9, 0x3B, 0x09, 0xB6, 0x46, 0x8E, 0x28, 0xB6, 0x7A,
    0x69, 0x06, 0x53, 0x33, 0x49, 0xB0, 0x30, 0x83, 0x04, 0x2B, 0x6B, 0x9B, 0x63, 0xB0, 0xB1, 0x5C,
    0x07, 0x83, 0xEB, 0x52, 0x0B, 0xD0, 0x5A, 0x04, 0x04, 0x98, 0xBB, 0xE8, 0x08, 0xE1, 0xCC, 0xD1,
    0x4B, 0xB0, 0x76, 0x9E, 0x3D, 0x42, 0x54, 0x93, 0xD3, 0xEE, 0xEC, 0x0C, 0x0C, 0x3A, 0x23, 0x03,
    0x83, 0xCE, 0xC2, 0xC0, 0x60, 0x0D, 0x16, 0x6A, 0x32, 0xF1, 0x1E, 0x04, 0xE8, 0xAD, 0x17, 0x29,
    0x53, 0xDD, 0x59, 0x82, 0x05, 0x0A, 0x6E, 0x1D, 0x0E, 0x56, 0x82, 0x0D, 0x58, 0x91, 0x48, 0xCA,
    0x93, 0xB8, 0xE1, 0x4D, 0x21, 0x04, 0x82, 0x8F, 0x28, 0x82, 0x05, 0x89, 0x82, 0x1D, 0x75, 0x91,
    0x41, 0x70, 0xA1, 0x00, 0x10, 0x4C, 0x6B, 0x08, 0xA6, 0xE4, 0x06, 0x03, 0x36, 0xA9, 0x41, 0x82,
    0x15, 0x59, 0xFD, 0x85, 0xC1, 0x8F, 0x40, 0xE9, 0xA0, 0xBF, 0x12, 0x9D, 0x56, 0x81, 0xC7, 0x0F,
    0x01, 0x83, 0x9A, 0x37, 0x0F, 0xFE, 0x80, 0x0D, 0xFC, 0xC1, 0x83, 0xB1, 0x3A, 0x3E, 0xD4, 0xCE,
    0x25, 0xC1, 0x21, 0x7F, 0x18, 0x34, 0x49, 0xC7, 0xFA, 0xF7, 0x80, 0x06, 0x46, 0x20, 0xB1, 0x77,
    0x76, 0xA0, 0x52, 0x1D, 0x37, 0xD7, 0xA0, 0x4A, 0xAD, 0xFA, 0x35, 0xA8, 0x56, 0x33, 0xF2, 0x38,
    0x50, 0xA3, 0xA6, 0xF5, 0x1A, 0xD4, 0x2A, 0x07, 0x63, 0x0B, 0xC5, 0x6F, 0xCC, 0xDB, 0x03, 0x41,
    0x0D, 0xB1, 0x0A, 0xC6, 0xC0, 0x74, 0xC3, 0xD9, 0x12, 0x0B, 0x4C, 0x37, 0xE6, 0xDF, 0x0A, 0x36,
    0xD3, 0xA8, 0x43, 0x49, 0xEE, 0x11, 0x80, 0x7E, 0xF6, 0x57, 0xAD, 0x01, 0x56, 0xCF, 0x15, 0xC6,
    0xAE, 0xD6, 0x18, 0xEB, 0xF6, 0x7E, 0xEF, 0x0D, 0x6C, 0x22, 0xEF, 0x79, 0x94, 0xE1, 0xE9, 0xE9,
    0x8B, 0xDB, 0x83, 0x3C, 0x78, 0xFE, 0x6C, 0x4B, 0xF8, 0xD1, 0x5C, 0xFA, 0xBB, 0x98, 0x83, 0x71,
    0x97, 0x83, 0xD3, 0x50, 0x15, 0x40, 0xF3, 0x83, 0xA1, 0xE9, 0x81, 0x2D, 0xD4, 0xAA, 0x2F, 0xBA,
    0x67, 0x21, 0x33, 0x32, 0xA8, 0xD1, 0x9E, 0xA2, 0x7F, 0x27, 0xCF, 0xE7, 0xC4, 0x48, 0x11, 0x85,
    0x5D, 0x3E, 0x2B, 0xA5, 0xE3, 0xB4, 0x8C, 0x08, 0x31, 0x91, 0x4E, 0xD0, 0x6E, 0x71, 0x8F, 0x96,
    0x76, 0x3D, 0x2A, 0x43, 0xFE, 0x72, 0xEB, 0x74, 0xE6, 0xA0, 0x27, 0x2B, 0xDD, 0xC2, 0x39, 0x14,
    0xF8, 0x2C, 0xFE, 0xD4, 0x10, 0x8B, 0x2F, 0x78, 0x8C, 0x5C, 0x39, 0xDD, 0x13, 0x1A, 0xF8, 0x96,
    0x5E, 0x68, 0xCE, 0xB2, 0x95, 0x6E, 0xF6, 0x20, 0x6F, 0x90, 0x02, 0xEE, 0xD9, 0x1B, 0xB3, 0xAD,
    0x8D, 0x73, 0xD8, 0x71, 0x2B, 0x3F, 0xBC, 0xBD, 0x0C, 0xE1, 0xE0, 0x71, 0x0A, 0xF5, 0x60, 0x26,
    0x95, 0x14, 0x24, 0x81, 0x4D, 0x91, 0x92, 0x68, 0xB0, 0x2B, 0x5F, 0x3A, 0xAE, 0xB7, 0xF3, 0x35,
    0xDE, 0x93, 0x35, 0x00, 0xE5, 0x56, 0x90, 0x5E, 0xD0, 0xA9, 0xCE, 0xCB, 0x89, 0xB8, 0x34, 0xCE,
    0xD9, 0x81, 0xCE, 0xC7, 0xEC, 0x9E, 0x74, 0xF9, 0xB6, 0xEB, 0x87, 0x0D, 0x49, 0x42, 0x63, 0x82,
    0xC6, 0x58, 0xCD, 0xF8, 0x76, 0x7B, 0x64, 0x34, 0x51, 0x62, 0x4C, 0xAA, 0xA0, 0x2C, 0x10, 0x86,
    0xB4, 0xD8, 0x34, 0xEF, 0x42, 0xA5, 0xEA, 0x58, 0x19, 0x6C, 0x82, 0x71, 0x17, 0x7D, 0x61, 0x08,
    0x1F, 0x09, 0xE8, 0x06, 0x19, 0xCD, 0xDA, 0x79, 0x92, 0xE3, 0x52, 0x5B, 0xE8, 0x96, 0x88, 0xC6,
    0xCA, 0x91, 0x67, 0x8C, 0x3D, 0x8D, 0xB5, 0x6E, 0xD2, 0x1A, 0xC9, 0x83, 0x96, 0xA0, 0x5F, 0x7B,
    0x6E, 0xAF, 0x81, 0xF8, 0xAC, 0x1B, 0x47, 0x8A, 0x1A, 0x0C, 0xD6, 0xAA, 0xC0, 0xFD, 0x6B, 0x41,
    0xAE, 0xE2, 0x2C, 0x64, 0x95, 0xD6, 0xED, 0x07, 0x23, 0xE4, 0xB0, 0x86, 0xC6, 0x6E, 0xE9, 0x0B,
    0x6F, 0xCF, 0xD4, 0xB9, 0xD4, 0x8D, 0x82, 0xBE, 0x88, 0xD1, 0x3A, 0x79, 0x7B, 0x14, 0x3B, 0x55,
    0x40, 0xEB, 0x00, 0xC4, 0x2C, 0xD5, 0xCE, 0xE3, 0x4B, 0x40, 0x62, 0xAE, 0x37, 0x20, 0xE1, 0x17,
    0x3A, 0xE5, 0xD2, 0x34, 0x33, 0xA5, 0xCA, 0x08, 0x20, 0x6C, 0x3C, 0x6B, 0xD3, 0x09, 0xE3, 0x84,
    0x15, 0x6F, 0x24, 0x1F, 0x39, 0x08, 0x31, 0xC6, 0x3E, 0x35, 0x6C, 0x96, 0x5C, 0x67, 0x9B, 0xF4,
    0x4C, 0x4E, 0x3E, 0x2D, 0xCD, 0x22, 0xD4, 0x1C, 0xB9, 0xA1, 0xD8, 0x0A, 0xC3, 0x6A, 0x7C, 0xAF,
    0x81, 0x89, 0x0D, 0x31, 0x78, 0x93, 0x9F, 0x55, 0xD0, 0xE3, 0x0D, 0x9E, 0x34, 0x7C, 0xE1, 0x49,
    0x79, 0x07, 0x9A, 0x81, 0xD7, 0xF1, 0x2D, 0x1C, 0x1E, 0xA9, 0x8A, 0xC0, 0xA1, 0xFD, 0x37, 0x28,
    0x6D, 0x83, 0xD2, 0x44, 0x4C, 0x4A, 0x75, 0x72, 0x94, 0x72, 0xED, 0x17, 0x91, 0x20, 0x1B, 0xBF,
    0xB8, 0xA4, 0x17, 0x52, 0x25, 0x72, 0x6E, 0x76, 0x81, 0x76, 0x17, 0x30, 0x7B, 0xC0, 0x2C, 0x2B,
    0x18, 0x77, 0x76, 0x71, 0xA3, 0xC5, 0x97, 0xE3, 0xF6, 0xA6, 0xCD, 0xE4, 0xBE, 0x2C, 0xE4, 0x66,
    0xAB, 0x64, 0x65, 0xF5, 0x15, 0xC5, 0xE3, 0x41, 0x10, 0x80, 0x45, 0xEE, 0xF8, 0xF9, 0x61, 0x35,
    0xF7, 0x0F, 0xAA, 0x79, 0xBF, 0xCF, 0xB3, 0xA4, 0x16, 0x7B, 0xB3, 0xD1, 0xEE, 0x0D, 0x20, 0x91,
    0x53, 0xA3, 0x9A, 0x51, 0x5A, 0x99, 0xA0, 0x99, 0x79, 0x87, 0x0A, 0x29, 0xF1, 0x5E, 0xB2, 0x08,
    0xF1, 0xAE, 0x4E, 0x36, 0x95, 0xE3, 0xCC, 0xB5, 0xEF, 0xFA, 0x79, 0xB7, 0xCD, 0x69, 0xE7, 0xDC,
    0x6E, 0x75, 0x07, 0xFA, 0x5D, 0xA5, 0xB0, 0x92, 0x5E, 0x77, 0x3B, 0xB0, 0xC8, 0x0E, 0x9C, 0x77,
    0x34, 0xC4, 0xFB, 0xBD, 0x31, 0xBA, 0x37, 0xC3, 0xB6, 0x6E, 0x25, 0xBD, 0xD6, 0xB5, 0x87, 0x28,
    0xAF, 0xCB, 0x2B, 0x9A, 0xEC, 0xF3, 0x0E, 0xD0, 0xC8, 0x11, 0x48, 0x25, 0x6D, 0xC0, 0x07, 0x05,
    0x3C, 0xC0, 0x1B, 0xA1, 0xC7, 0xF4, 0x87, 0xC8, 0x17, 0x8A, 0x07, 0xE0, 0x80, 0x53, 0xB1, 0x39,
    0x53, 0xC5, 0x90, 0x90, 0x56, 0xB3, 0x93, 0xC6, 0x44, 0x37, 0x39, 0xB1, 0xAF, 0xEF, 0xD6, 0xA0,
    0x49, 0xF3, 0x4C, 0x5C, 0x29, 0x39, 0x82, 0x97, 0xA8, 0x8D, 0x39, 0xB0, 0xCC, 0x47, 0x83, 0x01,
    0xBB, 0xC6, 0xC0, 0xA8, 0xC9, 0x33, 0x5D, 0x7A, 0x33, 0xC7, 0x91, 0x11, 0x9A, 0xD1, 0xDD, 0x6E,
    0x29, 0xE2, 0x16, 0x9C, 0x37, 0x24, 0x63, 0xBF, 0xDD, 0xD5, 0x7C, 0x7C, 0x5B, 0x88, 0x37, 0x83,
    0xA5, 0x25, 0x7B, 0x90, 0xFF, 0xA6, 0xFE, 0xDD, 0xA2, 0x5A, 0xE0, 0xD6, 0x67, 0xD1, 0x3A, 0xF4,
    0xEC, 0xA8, 0x7A, 0x7D, 0xE2, 0x3D, 0x1D, 0x0B, 0x5E, 0xEE, 0x14, 0x11, 0x47, 0x19, 0xA3, 0x81,
    0xE7, 0xC4, 0x3B, 0xB9, 0x82, 0x73, 0xD8, 0x77, 0xAA, 0x00, 0x96, 0xAD, 0x41, 0x45, 0x83, 0x05,
    0x13, 0x52, 0x03, 0x18, 0x17, 0xC0, 0xAB, 0xD7, 0x48, 0x1B, 0x80, 0x3B, 0xB5, 0xB6, 0x27, 0xC5,
    0xED, 0x2D, 0x5A, 0x9E, 0xEC, 0xE1, 0xD0, 0x78, 0xC3, 0x5E, 0x6A, 0x76, 0x69, 0x6F, 0xF1, 0x18,
    0xF1, 0x9B, 0xEE, 0x16, 0xBE, 0x0A, 0x9B, 0xFB, 0x16, 0xB9, 0x8E, 0x1E, 0xD1, 0x6B, 0x61, 0x62,
    0x65, 0x3B, 0x21, 0x56, 0xAC, 0x72, 0x5A, 0xBF, 0x59, 0x98, 0x2C, 0x98, 0xC6, 0x26, 0xCE, 0xBD,
    0x71, 0x50, 0xEC, 0x42, 0x2F, 0xD0, 0x5B, 0x48, 0x70, 0xEB, 0xDE, 0x6D, 0x24, 0x34, 0x73, 0x64,
    0x8A, 0x15, 0x2B, 0xC4, 0xFE, 0x2B, 0x1F, 0x0C, 0xB9, 0xDF, 0x09, 0xA5, 0xD5, 0xDC, 0xAA, 0xF6,
    0x5A, 0xD5, 0x97, 0x26, 0xE8, 0xA7, 0x30, 0xA3, 0xF7, 0xAC, 0x6B, 0xCF, 0x0C, 0x86, 0xE8, 0xE2,
    0x16, 0x60, 0xBB, 0x4E, 0xE3, 0xE7, 0xE5, 0x8C, 0x5F, 0x3C, 0xB3, 0xE2, 0xBA, 0x21, 0x2E, 0xEE,
    0x33, 0x3F, 0xBB, 0xBD, 0xD8, 0x7E, 0xB8, 0x0E, 0xD2, 0x93, 0xB0, 0x55, 0xEB, 0x57, 0xA8, 0x7D,
    0x8B, 0x1F, 0xF6, 0x52, 0x8F, 0x79, 0x2F, 0x78, 0x00, 0xF3, 0xF9, 0x3E, 0xD5, 0x58, 0xA4, 0x11,
    0x49, 0x48, 0x0E, 0xE5, 0xA5, 0x2A, 0x1D, 0x97, 0x38, 0x57, 0x5E, 0x07, 0xB5, 0x94, 0x1C, 0x62,
    0x69, 0xE0, 0x04, 0xB5, 0xED, 0x0D, 0x20, 0x68, 0x49, 0x92, 0x03, 0x70, 0x43, 0x27, 0x36, 0x89,
    0xE1, 0x50, 0x1A, 0xC9, 0x45, 0x79, 0xF2, 0x49, 0x1C, 0x96, 0xA3, 0xB9, 0x99, 0x08, 0xDB, 0xE8,
    0x22, 0x9E, 0x79, 0xBB, 0x76, 0xC4, 0xA7, 0xB9, 0xDD, 0xC8, 0x6B, 0x64, 0x25, 0x8A, 0x5A, 0xB0,
    0xB3, 0xB3, 0x38, 0x18, 0x2C, 0xFD, 0xE0, 0x83, 0x32, 0x75, 0x6C, 0xF0, 0xB0, 0x09, 0xC5, 0x8E,
    0x29, 0x16, 0x38, 0x71, 0x54, 0x50, 0xB7, 0x0B, 0xAD, 0xC4, 0xA0, 0x91, 0x4C, 0xF1, 0x49, 0x1C,
    0x4B, 0x2E, 0xB7, 0xCE, 0x2C, 0x20, 0x61, 0xC5, 0x59, 0xAB, 0x10, 0xE7, 0x47, 0x6B, 0x03, 0x22,
    0xE8, 0x9C, 0x31, 0x36, 0x30, 0x42, 0x18, 0xC2, 0x87, 0x94, 0x68, 0xAB, 0x9D, 0xDF, 0x84, 0x0C,
    0x0D, 0xAD, 0x67, 0x75, 0xD9, 0x2E, 0xED, 0x24, 0x82, 0x11, 0xD1, 0x64, 0x70, 0x65, 0xAF, 0xAD,
    0xB2, 0xDB, 0xF8, 0x4C, 0x0B, 0x52, 0x2B, 0x14, 0x6B, 0xDB, 0x19, 0xE5, 0x73, 0x80, 0xA4, 0x05,
    0x80, 0x82, 0x7E, 0xA8, 0xE0, 0xA2, 0x09, 0x50, 0x46, 0x72, 0x8A, 0xEB, 0xD5, 0x73, 0xBF, 0xF4,
    0xA1, 0x8D, 0xA1, 0xBF, 0x02, 0xED, 0x0A, 0x7A, 0xD7, 0xA0, 0x0B, 0x21, 0xF0, 0xB0, 0x27, 0x04,
    0xA6, 0x0F, 0x16, 0x02, 0xCB, 0x2B, 0xF2, 0x68, 0x13, 0xE8, 0x22, 0xB4, 0xE6, 0xC5, 0x76, 0xE5,
    0x9F, 0x10, 0x99, 0x70, 0x53, 0x8E, 0x55, 0x2E, 0x82, 0x0F, 0x6E, 0x20, 0x64, 0x69, 0x14, 0x96,
    0x58, 0x30, 0x8D, 0x40, 0x08, 0x5A, 0xED, 0xB6, 0x40, 0x0C, 0xCB, 0x58, 0xA0, 0xF6, 0xE8, 0x2C,
    0x8F, 0x70, 0xC0, 0xB0, 0x6B, 0xB1, 0xFB, 0xA9, 0xE6, 0xCB, 0x1B, 0xA5, 0xA4, 0x0D, 0xBC, 0x08,
    0x57, 0x84, 0x00, 0xE3, 0xC7, 0x4F, 0xEF, 0x7E, 0x6E, 0xF6, 0x9D, 0x6E, 0x5B, 0x33, 0x3E, 0xBF,
    0x7B, 0x19, 0x3D, 0xF6, 0xDF, 0x47, 0xAF, 0x5E, 0x9A, 0xAB, 0x9E, 0xBE, 0x6B, 0xAF, 0x9E, 0xDF,
    0xFD, 0xD2, 0x85, 0x11, 0x2D, 0x3B, 0xAF, 0xF3, 0x8F, 0xEE, 0x7E, 0x19, 0x7D, 0x03, 0x7F, 0x5F,
    0xDB, 0x09, 0x3A, 0x9F, 0xAD, 0xED, 0x36, 0x70, 0x82, 0xE6, 0xBF, 0xBF, 0x66, 0x74, 0x14, 0x01,
    0x9F, 0xF3, 0xA5, 0x2E, 0x2D, 0x63, 0x33, 0x62, 0x4B, 0x8F, 0x25, 0x09, 0x8F, 0x09, 0x2F, 0x72,
    0x43, 0xB2, 0xE1, 0x0B, 0x4D, 0xA2, 0x3D, 0x99, 0xBF, 0x25, 0x4C, 0xC9, 0xE8, 0xC8, 0xF0, 0x46,
    0xB1, 0x03, 0x61, 0x4F, 0x4F, 0x47, 0xCA, 0x39, 0xA8, 0xD2, 0x6D, 0x79, 0x56, 0x5E, 0x2D, 0xDC,
    0xA5, 0xD7, 0x97, 0xDC, 0xAB, 0x2A, 0x95, 0xDF, 0xC5, 0x1A, 0x6A, 0xAE, 0x57, 0xB4, 0xE6, 0x8F,
    0xA1, 0x3E, 0x0A, 0x7A, 0x26, 0xFA, 0x0B, 0xDD, 0x3C, 0x45, 0xC1, 0xD8, 0x3C, 0x7D, 0x9A, 0x04,
    0xAA, 0xBF, 0x0E, 0x67, 0xC7, 0x4D, 0xCA, 0xC4, 0x5D, 0xC1, 0xC7, 0x1B, 0xE1, 0xA6, 0x21, 0x77,
    0x7F, 0xCB, 0x8F, 0x99, 0xA0, 0x09, 0xFF, 0xE8, 0xA3, 0x57, 0xF8, 0xF7, 0x8B, 0xC7, 0x09, 0x1B,
    0xF8, 0x2E, 0xFD, 0xB5, 0x5B, 0x9A, 0x80, 0xF7, 0x1A, 0xBC, 0xA7, 0x43, 0x2E, 0xEA, 0xE2, 0xCF,
    0x05, 0x69, 0x65, 0x8D, 0x66, 0xB3, 0x6C, 0x89, 0x40, 0x8D, 0x54, 0xEE, 0xD0, 0xBC, 0x35, 0x4C,
    0xC5, 0x6A, 0x46, 0x97, 0x0B, 0x5C, 0x38, 0x31, 0x2E, 0x2C, 0x8C, 0x0B, 0x4A, 0x15, 0xBB, 0x83,
    0x8B, 0x5F, 0x88, 0xAF, 0x08, 0x5C, 0x9C, 0x18, 0x17, 0x67, 0xE6, 0x99, 0x04, 0x17, 0x3C, 0x5F,
    0x8A, 0x74, 0xF9, 0xD6, 0x77, 0xB9, 0x86, 0x8C, 0x7B, 0xD4, 0x6A, 0xD7, 0xB2, 0x2F, 0x82, 0x9E,
    0xB5, 0x7A, 0x9B, 0x8F, 0xC1, 0xD8, 0x18, 0xFB, 0xC5, 0x3C, 0xD4, 0xBC, 0x53, 0x1A, 0xE5, 0x41,
    0x7A, 0x1F, 0x49, 0x23, 0x03, 0xF2, 0x25, 0x34, 0xEB, 0x22, 0x67, 0x03, 0x1F, 0xB5, 0x7F, 0xB6,
    0x8F, 0x1F, 0x2F, 0xB8, 0x46, 0xB9, 0x0A, 0x2D, 0x9F, 0x52, 0xB9, 0xE0, 0x1F, 0x85, 0x43, 0x7A,
    0x22, 0x38, 0xDE, 0x02, 0xFD, 0x5E, 0x27, 0xD7, 0xF1, 0x11, 0x45, 0x50, 0xC3, 0x31, 0xC5, 0xE8,
    0x40, 0x93, 0xFB, 0x2C, 0x39, 0x47, 0xD4, 0xE5, 0x91, 0xA0, 0xE7, 0x44, 0x0F, 0x22, 0x36, 0x2C,
    0x78, 0x54, 0x56, 0x2F, 0xD9, 0xF1, 0x6E, 0x67, 0xB3, 0xCA, 0x1C, 0xC5, 0x1B, 0x1C, 0xC1, 0xC3,
    0x9E, 0xA7, 0xCD, 0x67, 0xA9, 0x06, 0x92, 0x9C, 0x84, 0x98, 0x60, 0xC9, 0x45, 0xC4, 0xCA, 0x00,
    0x6F, 0x36, 0xD5, 0x1F, 0xD2, 0xC4, 0x22, 0x74, 0x2C, 0x89, 0x91, 0xA1, 0x3C, 0x52, 0x20, 0x92,
    0x9B, 0x69, 0xDA, 0xD2, 0xC8, 0x48, 0x25, 0x90, 0x6E, 0x69, 0xDA, 0xD4, 0xE6, 0xEC, 0x74, 0x32,
    0x53, 0xF3, 0x31, 0x8A, 0x6A, 0xFA, 0x4D, 0x8B, 0x5D, 0x23, 0x98, 0x35, 0xC9, 0xAA, 0x89, 0x1E,
    0xC4, 0xCA, 0x65, 0x6D, 0x16, 0xCC, 0xDC, 0xB4, 0xF3, 0x3C, 0xBE, 0xF3, 0x39, 0xBE, 0xFB, 0xF9,
    0x37, 0x4A, 0x1F, 0x4B, 0x35, 0x83, 0xE6, 0x1B, 0x7D, 0x2E, 0xD5, 0xF3, 0xBB, 0x8F, 0x92, 0x4F,
    0x8D, 0x79, 0x1B, 0xF0, 0x6E, 0xB7, 0xDA, 0xEE, 0x24, 0xEC, 0x54, 0x32, 0x0B, 0x46, 0xBC, 0xA1,
    0xE3, 0xAD, 0x2E, 0xED, 0xFE, 0xF1, 0x86, 0x32, 0xB8, 0xF0, 0x32, 0x6F, 0x2C, 0xB8, 0x00, 0xD2,
    0x8D, 0xC4, 0xAD, 0x94, 0x69, 0x26, 0xC2, 0xDE, 0x51, 0xA8, 0xDF, 0x23, 0x96, 0x13, 0x03, 0x15,
    0x1F, 0xA9, 0xE1, 0x24, 0x1F, 0x4E, 0x5A, 0x97, 0xE5, 0x82, 0x87, 0x57, 0xAA, 0x5F, 0xD0, 0x58,
    0x48, 0xE4, 0x44, 0xE7, 0x0D, 0x6D, 0x2C, 0x16, 0x31, 0xDE, 0xA2, 0xC2, 0x23, 0x7B, 0x64, 0xD0,
    0xFC, 0x77, 0x18, 0x3A, 0x4E, 0x01, 0x74, 0x90, 0xFE, 0xE4, 0xE4, 0x87, 0x8A, 0x8A, 0x99, 0x01,
    0x92, 0xA5, 0x38, 0xDA, 0xDE, 0x13, 0x7E, 0x42, 0x4C, 0xBA, 0x3D, 0x0E, 0x6C, 0x1A, 0x42, 0x87,
    0xFB, 0xED, 0x42, 0x6C, 0xBC, 0xCF, 0x1C, 0x8A, 0x69, 0x73, 0xBC, 0x42, 0xE0, 0x3F, 0xD9, 0xB2,
    0xF6, 0x0C, 0xB9, 0x58, 0x56, 0x42, 0xF9, 0xFF, 0x8C, 0xF9, 0x9D, 0xCB, 0x23, 0xB6, 0x40, 0x3C,
    0x92, 0x9D, 0xCB, 0xDC, 0x40, 0x10, 0x83, 0x0F, 0x4D, 0x4A, 0xD0, 0x8A, 0xE9, 0xCB, 0x5C, 0x94,
    0x52, 0x86, 0xF9, 0x23, 0xDC, 0xBB, 0x8F, 0x8D, 0xF2, 0x7B, 0xB8, 0x04, 0xF5, 0x15, 0xC6, 0x8A,
    0xF6, 0xA4, 0x9A, 0xAD, 0x6C, 0x38, 0xEB, 0x11, 0xF7, 0xB4, 0x37, 0xB2, 0x95, 0xD6, 0x17, 0xF9,
    0x80, 0x7B, 0xDB, 0xC7, 0x32, 0xAF, 0x05, 0x95, 0xA1, 0x89, 0x4C, 0xB0, 0xCC, 0x0D, 0xD7, 0x4F,
    0x78, 0x0C, 0x61, 0x41, 0xAE, 0x0C, 0xF6, 0x3C, 0x96, 0x39, 0x5F, 0xC8, 0x04, 0x39, 0xD9, 0xD9,
    0xB7, 0x6B, 0xCB, 0x60, 0x4F, 0xFB, 0xA1, 0xDB, 0xB2, 0xB3, 0x28, 0xF3, 0xD9, 0xB6, 0xDC, 0xE1,
    0x95, 0x62, 0xF2, 0x11, 0x9F, 0x74, 0x49, 0x96, 0xF9, 0x30, 0xB1, 0xB5, 0x32, 0x5B, 0x96, 0xA1,
    0x6F, 0xCE, 0xE0, 0x4F, 0xBD, 0x8B, 0xB2, 0x76, 0x76, 0x6D, 0x40, 0x99, 0x0F, 0x47, 0xB6, 0xAA,
    0x85, 0x85, 0xEA, 0x73, 0xC1, 0xC9, 0xB6, 0x43, 0xA2, 0xAC, 0xF0, 0xC6, 0xD0, 0xC1, 0x2D, 0x2F,
    0xF4, 0xAF, 0xF2, 0xA8, 0xD2, 0x43, 0xD9, 0x44, 0x94, 0xD1, 0x7E, 0xD9, 0xCE, 0x55, 0x82, 0xB9,
    0x27, 0x3A, 0x8F, 0x2A, 0x25, 0xE6, 0x3C, 0x04, 0xE5, 0x79, 0x63, 0x20, 0x96, 0x0C, 0xB2, 0x10,
    0x3A, 0x1F, 0xB9, 0x05, 0x62, 0xDA, 0x5A, 0x9F, 0x56, 0xCE, 0x09, 0xF7, 0x33, 0x74, 0xAA, 0x76,
    0xA9, 0x66, 0xD7, 0x23, 0x34, 0x76, 0x84, 0xDC, 0x75, 0xBE, 0x72, 0xF1, 0x36, 0x33, 0xEA, 0x13,
    0x53, 0xC8, 0xF1, 0x41, 0x51, 0x98, 0x11, 0x64, 0xAA, 0xF2, 0xE8, 0xD7, 0x51, 0xFA, 0x34, 0x90,
    0x5E, 0xED, 0x37, 0x08, 0x81, 0x5B, 0x4C, 0x3F, 0x62, 0x33, 0xE1, 0x12, 0x17, 0x12, 0x91, 0xB3,
    0xE4, 0x2D, 0xD8, 0xAB, 0x2B, 0x08, 0x32, 0x9F, 0x94, 0xF4, 0xED, 0x76, 0xAC, 0xA2, 0x4B, 0xF9,
    0x86, 0xEB, 0x6E, 0xB0, 0xDF, 0x2E, 0x0F, 0x8E, 0x4D, 0x7B, 0xD3, 0xA6, 0xBD, 0xF6, 0xF2, 0xAC,
    0x8B, 0x37, 0x94, 0xFE, 0xD5, 0x91, 0x1A, 0x61, 0x5D, 0x20, 0x7B, 0xDF, 0xB2, 0xFE, 0x7A, 0xE0,
    0x73, 0xF7, 0x8C, 0x92, 0x8B, 0x30, 0x91, 0x7A, 0x7E, 0xE8, 0x56, 0x9C, 0xB8, 0x96, 0x74, 0x2E,
    0x9F, 0xBF, 0x7A, 0x23, 0x69, 0x67, 0xA2, 0x1C, 0x09, 0x42, 0x1A, 0xAB, 0xB5, 0x1C, 0x21, 0x29,
    0x46, 0x9E, 0x2A, 0xC8, 0x9E, 0x6C, 0x4D, 0xF8, 0x6F, 0x0F, 0x17, 0xA2, 0xF6, 0xE1, 0x5D, 0xC7,
    0x44, 0x1A, 0x7A, 0x4E, 0xE7, 0x3A, 0xED, 0x8D, 0xC3, 0x93, 0x39, 0x94, 0x91, 0xCF, 0xC1, 0x84,
    0x07, 0x4B, 0x53, 0x87, 0x05, 0x8D, 0x51, 0xEA, 0x9A, 0xD0, 0xB3, 0x71, 0xA3, 0x20, 0x09, 0x53,
    0xE9, 0xA4, 0xD6, 0x4E, 0x39, 0x28, 0x53, 0xFF, 0xAC, 0x6D, 0xF1, 0xB9, 0x99, 0xEA, 0x00, 0xDB,
    0xC6, 0x32, 0x50, 0xF7, 0x0C, 0xA1, 0x3F, 0x42, 0xAF, 0x1D, 0x9F, 0x6B, 0xC7, 0x60, 0x6A, 0x04,
    0x4B, 0x03, 0xCF, 0xE5, 0x43, 0x12, 0x38, 0x69, 0x86, 0x81, 0x10, 0x8B, 0x36, 0x82, 0x39, 0xD2,
    0xD8, 0xAA, 0x18, 0x86, 0x59, 0xB3, 0x88, 0xB9, 0xE7, 0x7D, 0x25, 0x5F, 0x39, 0x68, 0xE3, 0x5B,
    0xE9, 0x77, 0xEC, 0x59, 0xF4, 0xFC, 0xA4, 0xB1, 0xBA, 0xF6, 0x84, 0xC6, 0xE8, 0xAD, 0x21, 0xFB,
    0x8E, 0x9C, 0x77, 0xA7, 0x36, 0x94, 0xE8, 0x7B, 0x82, 0x19, 0x3E, 0x4E, 0xB2, 0xE7, 0xB2, 0xEF,
    0xC0, 0xF7, 0x71, 0xDF, 0x73, 0xA4, 0x68, 0x53, 0xA4, 0x76, 0x08, 0xF7, 0xBD, 0x44, 0xDA, 0x78,
    0x96, 0x3D, 0x97, 0x86, 0xCE, 0x9A, 0x82, 0xC9, 0xA8, 0xE7, 0x47, 0x6D, 0xA3, 0x84, 0x87, 0x44,
    0xF8, 0x6D, 0x6B, 0x1E, 0x3A, 0xC1, 0xCA, 0x74, 0x4A, 0x24, 0xD1, 0x77, 0xE2, 0x58, 0x1B, 0x4A,
    0x91, 0x14, 0x6C, 0xC2, 0x42, 0x79, 0xDE, 0x45, 0x4A, 0x67, 0x7F, 0x0E, 0xB8, 0x20, 0x68, 0xAE,
    0x56, 0x9E, 0x1A, 0x91, 0x76, 0xDD, 0x38, 0x48, 0x95, 0x1D, 0xED, 0x6B, 0x59, 0xD0, 0x29, 0xBB,
    0x78, 0x4C, 0x31, 0x06, 0xDA, 0x76, 0x29, 0x0C, 0xCF, 0x2D, 0xA4, 0x13, 0x99, 0x35, 0x97, 0x5F,
    0x48, 0x67, 0x8B, 0x59, 0x8B, 0x22, 0x15, 0x9C, 0xA3, 0x83, 0xE6, 0x59, 0x85, 0x69, 0x06, 0x43,
    0x71, 0x3B, 0xCD, 0x6B, 0x69, 0xCE, 0xFF, 0x28, 0x33, 0x8C, 0x79, 0xCA, 0x29, 0x2D, 0xFA, 0x09,
    0x84, 0xE4, 0x6A, 0xBB, 0xAB, 0x32, 0x99, 0xD3, 0x21, 0x25, 0xC5, 0x7D, 0xC5, 0xA6, 0xD5, 0xCE,
    0x35, 0x5C, 0x71, 0x9D, 0xB3, 0xD6, 0xC9, 0x96, 0x2E, 0xC6, 0xB4, 0x57, 0xB4, 0x49, 0x1F, 0x01,
    0x3E, 0xA0, 0xF5, 0xB8, 0xA7, 0x19, 0x96, 0x8B, 0xF6, 0xA5, 0x5E, 0xB1, 0x49, 0xAF, 0x5F, 0xAF,
    0xA0, 0x45, 0xAF, 0xED, 0x49, 0x41, 0x1B, 0x2E, 0x3B, 0x23, 0xE9, 0xB4, 0x3A, 0x52, 0x6B, 0x24,
    0x46, 0xF9, 0xA2, 0x38, 0xDF, 0xF7, 0x86, 0x23, 0xCA, 0xD7, 0xB1, 0xCA, 0x4C, 0x52, 0x67, 0x01,
    0xD5, 0xCA, 0xA1, 0xAD, 0x54, 0x50, 0xE1, 0x2C, 0x17, 0x9C, 0x54, 0xD7, 0x5A, 0x2E, 0x84, 0xC5,
    0xA3, 0x7B, 0x14, 0xE8, 0x78, 0x05, 0x12, 0xAD, 0x67, 0x61, 0xCF, 0x54, 0xAF, 0xF5, 0x88, 0xF4,
    0x68, 0x07, 0x35, 0x13, 0x27, 0x35, 0x4B, 0x47, 0x82, 0x6E, 0xDC, 0x46, 0x04, 0xC9, 0xF6, 0xC7,
    0x3E, 0x78, 0xBD, 0x51, 0xFB, 0xAB, 0x51, 0x7B, 0xBA, 0x51, 0x7B, 0x91, 0xA0, 0x45, 0x41, 0x60,
    0xBC, 0xD8, 0x59, 0xDB, 0x99, 0xDA, 0xB3, 0x71, 0x3E, 0xA2, 0x2F, 0xB1, 0x5E, 0xCD, 0xDC, 0x3B,
    0x60, 0xB1, 0x49, 0x6D, 0xD9, 0x5D, 0xBF, 0x42, 0xCD, 0xAE, 0xB5, 0x31, 0x36, 0xCA, 0xE5, 0x8A,
    0x21, 0x1B, 0xF8, 0xD6, 0x28, 0x07, 0x2C, 0x65, 0x6B, 0x1A, 0x95, 0xC2, 0x6C, 0x7A, 0x74, 0x48,
    0xB7, 0x60, 0x24, 0xA4, 0x7B, 0x96, 0x2A, 0x28, 0x57, 0x23, 0x2A, 0xD5, 0x68, 0x5B, 0x89, 0x3D,
    0x56, 0x07, 0xC6, 0xF3, 0xD2, 0xFA, 0x1D, 0x30, 0xA1, 0x59, 0xD3, 0xED, 0x0E, 0xB9, 0x2C, 0x9B,
    0x6E, 0x71, 0x97, 0xFB, 0x4F, 0x61, 0xC1, 0x28, 0xD7, 0xF6, 0x5E, 0xEE, 0xFE, 0xCF, 0xF7, 0xBD,
    0x2D, 0x6E, 0xA5, 0x97, 0x15, 0x59, 0xCB, 0x15, 0xEF, 0x75, 0xD0, 0x0A, 0x52, 0x31, 0x20, 0xC1,
    0x9A, 0x55, 0xDA, 0x5E, 0xD3, 0x2A, 0x4A, 0x93, 0x3A, 0x7E, 0x8D, 0x24, 0xE5, 0x82, 0xF5, 0x62,
    0x47, 0xDF, 0x4B, 0xC8, 0xE5, 0xE9, 0x9A, 0x6E, 0xD9, 0xEF, 0x62, 0x92, 0x91, 0x46, 0x06, 0x82,
    0x24, 0x06, 0xC6, 0x33, 0x11, 0x5C, 0xE4, 0x44, 0x6A, 0x8E, 0x3C, 0x72, 0x44, 0xBB, 0x96, 0x4E,
    0xA8, 0xBD, 0xF4, 0x47, 0xF1, 0xB6, 0x44, 0xB9, 0xF8, 0xD2, 0x77, 0x66, 0x3D, 0xE0, 0xA5, 0xBB,
    0xF1, 0xBA, 0x7F, 0x75, 0x88, 0xC8, 0x2C, 0x83, 0xBD, 0x4A, 0xEB, 0xC7, 0xC7, 0xA7, 0xC5, 0xB3,
    0x83, 0x76, 0x9C, 0x89, 0x42, 0xB0, 0xD4, 0xCC, 0x6C, 0xA0, 0xDD, 0xD0, 0xB1, 0x6F, 0xDA, 0x09,
    0xE8, 0x3D, 0xC1, 0x46, 0xB3, 0xB6, 0xDF, 0x09, 0xF0, 0x43, 0xC6, 0x1B, 0x4C, 0x5D, 0x30, 0xCF,
    0x45, 0x08, 0x9A, 0x40, 0x0E, 0x88, 0x14, 0xB7, 0xAD, 0x34, 0x25, 0xCA, 0x61, 0xCA, 0xBC, 0xD6,
    0xC1, 0x45, 0x4B, 0xAC, 0x34, 0x8E, 0x8B, 0x44, 0x24, 0xCB, 0x13, 0xB4, 0x32, 0x89, 0xC4, 0x2C,
    0x3B, 0x6D, 0xD5, 0x90, 0x95, 0x4E, 0x1D, 0x5A, 0xE8, 0x44, 0x1F, 0xEC, 0x02, 0xEF, 0xDA, 0x4C,
    0x8D, 0xA0, 0xC0, 0x07, 0xF6, 0x35, 0x00, 0x44, 0x27, 0xE5, 0x93, 0x01, 0x36, 0xC8, 0x13, 0x01,
    0x70, 0x53, 0xC8, 0xBD, 0xBA, 0xFD, 0x86, 0x59, 0xB1, 0x75, 0x4F, 0xFE, 0xFA, 0x92, 0x99, 0x0B,
    0xD8, 0xC1, 0x5E, 0xCB, 0x70, 0x07, 0xB5, 0xDB, 0x47, 0x2D, 0xB9, 0x1D, 0x94, 0xA2, 0x4D, 0x90,
    0x95, 0xE7, 0x66, 0xCB, 0x7B, 0x13, 0xE9, 0xD3, 0xAF, 0x22, 0x65, 0xC7, 0x25, 0x82, 0xD3, 0x18,
    0x05, 0x37, 0x5A, 0x03, 0xD7, 0x68, 0x56, 0x53, 0x93, 0x41, 0x49, 0x23, 0x09, 0xCD, 0x7E, 0xDC,
    0x22, 0x7D, 0x02, 0x3A, 0x7C, 0x4B, 0x47, 0xE7, 0x28, 0xED, 0x79, 0x08, 0x66, 0x48, 0x60, 0x39,
    0x58, 0xA1, 0x17, 0x60, 0x01, 0x47, 0xB2, 0x64, 0x6A, 0xD4, 0x39, 0xBF, 0x44, 0xC1, 0xB1, 0xA8,
    0xCF, 0xC5, 0x63, 0xA4, 0x0E, 0xC6, 0x2E, 0x52, 0x67, 0x8C, 0x38, 0x6E, 0x7D, 0x4C, 0xB8, 0x3E,
    0x9D, 0x22, 0x75, 0x74, 0x4D, 0x12, 0xD4, 0xEC, 0x86, 0x73, 0xC9, 0x6B, 0x24, 0x8B, 0xAC, 0xC0,
    0x52, 0x9D, 0xDD, 0x01, 0x1B, 0xF3, 0x0E, 0x30, 0x57, 0xFC, 0xD0, 0x06, 0x28, 0x78, 0x27, 0xB7,
    0xA5, 0xBE, 0x7D, 0xE0, 0xF5, 0x21, 0xBC, 0xD7, 0x6C, 0x04, 0x33, 0x19, 0xCC, 0xF3, 0xC5, 0xA2,
    0xCC, 0xDA, 0x02, 0x38, 0x5D, 0x59, 0x5F, 0xBD, 0xFA, 0x89, 0xC6, 0x8D, 0x54, 0x63, 0x4E, 0x80,
    0x57, 0x95, 0xC6, 0xBA, 0x46, 0xE1, 0x64, 0xAC, 0x31, 0x36, 0xD3, 0xF8, 0x5C, 0x29, 0x6C, 0x8F,
    0x31, 0xB9, 0xC3, 0x48, 0x9C, 0x01, 0xEF, 0x14, 0x34, 0xFA, 0x79, 0xD0, 0x49, 0x02, 0x03, 0x8C,
    0xEA, 0xD9, 0x27, 0xB4, 0x45, 0x1B, 0x2D, 0x60, 0x6A, 0xE9, 0x43, 0x30, 0xAC, 0x7A, 0x77, 0xF7,
    0x0A, 0xBC, 0x57, 0x94, 0xE1, 0x5E, 0x92, 0x91, 0x65, 0x93, 0xC2, 0x48, 0xA9, 0x75, 0xD1, 0x5C,
    0xD5, 0x07, 0x02, 0x8B, 0x3E, 0xBB, 0x1A, 0xED, 0xA3, 0xFC, 0x04, 0x3C, 0x18, 0x98, 0xB4, 0xE6,
    0xEC, 0x92, 0x95, 0x7D, 0x24, 0xE0, 0x69, 0xB1, 0x1E, 0x1B, 0x38, 0x93, 0xBB, 0xC8, 0x41, 0xEE,
    0x92, 0xEE, 0x83, 0x81, 0x3A, 0xD0, 0x1B, 0x6D, 0xED, 0x66, 0x19, 0xA1, 0xF1, 0x81, 0xCF, 0xD3,
    0xE6, 0x00, 0x9F, 0x9E, 0xDF, 0xE7, 0x59, 0xAA, 0x10, 0x1E, 0xEB, 0xF9, 0xDE, 0x23, 0xD7, 0xCB,
    0xA7, 0x79, 0xFE, 0x53, 0x3C, 0xD7, 0x5B, 0x59, 0x66, 0x42, 0x13, 0xFB, 0x57, 0x81, 0x65, 0x44,
    0x70, 0xFD, 0x59, 0x60, 0xE0, 0x69, 0x36, 0x65, 0x06, 0xE9, 0x71, 0xAE, 0x9C, 0xBF, 0x03, 0x81,
    0xC4, 0x7E, 0xFD, 0xFE, 0xE0, 0xF4, 0x52, 0xC8, 0x81, 0x2C, 0xA0, 0x43, 0xE8, 0x84, 0xF2, 0xC0,
    0xDB, 0x07, 0x85, 0xD3, 0x4F, 0x46, 0xE9, 0xEE, 0x67, 0xC1, 0x97, 0x0B, 0x3D, 0x42, 0x85, 0xD9,
    0xE7, 0x59, 0x91, 0xD0, 0x45, 0xC2, 0x1F, 0xDB, 0x47, 0x46, 0x70, 0xC8, 0x8B, 0x4F, 0xD0, 0x54,
    0x4B, 0x37, 0xA8, 0x41, 0xE4, 0xD5, 0x03, 0xF3, 0x80, 0xD2, 0x26, 0xCC, 0x2A, 0x18, 0xA7, 0xD4,
    0x69, 0x23, 0x82, 0x60, 0x0C, 0x0B, 0xFF, 0x42, 0x05, 0x0C, 0x3D, 0x3B, 0x5C, 0xC8, 0xA7, 0xA1,
    0xF8, 0x1A, 0x4A, 0xB7, 0x17, 0x3E, 0x13, 0x81, 0x6C, 0x1C, 0x8A, 0xCE, 0xEF, 0x0D, 0x07, 0x62,
    0xFB, 0xA3, 0xC1, 0xCF, 0xEF, 0xDC, 0x1F, 0xC1, 0x15, 0xA5, 0x63, 0x78, 0x1C, 0xD8, 0xD6, 0xFF,
    0x6B, 0x97, 0xBE, 0x65, 0x96, 0x2E, 0x20, 0xEF, 0x0D, 0xCB, 0xF9, 0xF4, 0xF0, 0xA2, 0xE0, 0x32,
    0x80, 0xE5, 0x7A, 0x85, 0x70, 0xE2, 0x43, 0x2D, 0xA4, 0xBD, 0xE1, 0x98, 0x05, 0x06, 0x09, 0x89,
    0x2F, 0x56, 0x84, 0x49, 0xB4, 0x96, 0xEE, 0x28, 0xF1, 0xAD, 0xF0, 0xB0, 0x90, 0x44, 0x9C, 0x48,
    0x20, 0xC2, 0x50, 0x57, 0x58, 0xA4, 0xB6, 0x32, 0x5A, 0x73, 0xE6, 0xB5, 0x72, 0xB9, 0x48, 0x46,
    0x62, 0xFC, 0x25, 0x6D, 0xEC, 0x95, 0xEF, 0xDD, 0x2C, 0xCE, 0xB8, 0x74, 0xFF, 0xDD, 0x27, 0x96,
    0x24, 0x4F, 0xB5, 0xBF, 0x01, 0x3B, 0x3D, 0x86, 0xFF, 0xC3, 0xE5, 0x70, 0xEE, 0x0B, 0xD6, 0x9F,
    0x3F, 0xF3, 0x4E, 0x26, 0xEB, 0x46, 0x74, 0xCE, 0xDF, 0x63, 0x06, 0xB6, 0x73, 0x54, 0x20, 0xA6,
    0xE4, 0x43, 0xE2, 0x99, 0xEE, 0x14, 0xF3, 0x92, 0x80, 0x42, 0x31, 0x55, 0x12, 0xFF, 0x09, 0xE1,
    0x0C, 0x65, 0x8B, 0x84, 0xC3, 0x5A, 0x7D, 0xCE, 0x71, 0x1C, 0xDA, 0xA7, 0xC6, 0x7C, 0xB6, 0x2D,
    0x23, 0x88, 0x0B, 0xFE, 0x26, 0x2D, 0xA6, 0x3D, 0x41, 0xDF, 0x4E, 0xE8, 0x1E, 0x59, 0xCF, 0x46,
    0xC7, 0xEA, 0x7E, 0x53, 0x90, 0x6E, 0xEF, 0x69, 0x1D, 0xBE, 0x3F, 0x50, 0x2D, 0xCD, 0xC5, 0xDE,
    0xDD, 0x6C, 0x70, 0x51, 0x73, 0xDF, 0xC3, 0x57, 0xC0, 0xD3, 0xA5, 0x6C, 0x6A, 0x39, 0x3E, 0xFD,
    0xFF, 0x5E, 0xFC, 0x47, 0xA6, 0xF7, 0xC0, 0x66, 0x02, 0xFE, 0x5F, 0x70, 0x32, 0x66, 0xE4, 0xB1,
    0xA3, 0xFA, 0xE0, 0x0F, 0xF3, 0xFA, 0xED, 0xAB, 0x5B, 0x6F, 0x95, 0x94, 0x97, 0x5F, 0x0F, 0x74,
    0x2D, 0x32, 0x4A, 0xE3, 0xCA, 0x26, 0x39, 0x81, 0xF7, 0xBE, 0x6D, 0xFD, 0xA6, 0xDD, 0x4E, 0xD1,
    0x30, 0xEC, 0xEA, 0x31, 0x85, 0xE9, 0xDB, 0x73, 0x31, 0xD2, 0x92, 0xBA, 0x68, 0xC5, 0xE5, 0xA4,
    0x15, 0x97, 0x83, 0xD6, 0xBC, 0x77, 0x5A, 0x2F, 0x2F, 0x25, 0x99, 0x5A, 0xA8, 0x26, 0x23, 0x64,
    0xD4, 0x85, 0x9B, 0x82, 0xB0, 0x07, 0xE0, 0x3C, 0x35, 0x94, 0x28, 0x7E, 0x91, 0x42, 0x51, 0x83,
    0x6E, 0x13, 0xA3, 0x70, 0x58, 0x41, 0x30, 0xA5, 0x60, 0xF3, 0x51, 0xCE, 0x74, 0x83, 0xD7, 0x3E,
    0xCE, 0x12, 0x6C, 0xE9, 0xFE, 0xB9, 0x31, 0x12, 0x1E, 0xEE, 0x0D, 0xDE, 0x50, 0x75, 0x10, 0x20,
    0xB1, 0x92, 0x0D, 0x38, 0x7A, 0x4E, 0x12, 0x14, 0xE2, 0xD2, 0x28, 0x0D, 0x55, 0x0E, 0x2C, 0x84,
    0x93, 0xD1, 0x28, 0x1D, 0xEC, 0x1D, 0xD8, 0x8A, 0xD9, 0x1D, 0x65, 0x7A, 0xD6, 0xC6, 0xE7, 0x29,
    0x94, 0x5F, 0x2E, 0xD9, 0x05, 0xCF, 0x82, 0xC2, 0xE5, 0xAD, 0x71, 0xA6, 0x53, 0xD9, 0x6E, 0xAA,
    0xF2, 0x78, 0x8F, 0x85, 0xC8, 0x56, 0xE9, 0x32, 0xA7, 0xC8, 0x00, 0x96, 0xD1, 0xDD, 0x82, 0x41,
    0xCE, 0x4A, 0xFF, 0xE0, 0x52, 0xB2, 0x88, 0x6B, 0x6D, 0x2D, 0x67, 0x2D, 0xEE, 0xE0, 0x5E, 0x38,
    0x37, 0xA1, 0xF7, 0xDA, 0xCC, 0xA4, 0x82, 0x78, 0x60, 0x2E, 0x15, 0x92, 0x76, 0x1B, 0x9A, 0x76,
    0x57, 0x69, 0xCB, 0x91, 0x5F, 0xEC, 0x15, 0x1C, 0x61, 0x18, 0x69, 0xC9, 0x96, 0xA4, 0x3E, 0xBA,
    0xC8, 0x63, 0x9E, 0xB2, 0x9E, 0x1A, 0x10, 0x07, 0xEC, 0x4C, 0x73, 0x24, 0xC4, 0x4B, 0x46, 0x15,
    0x85, 0x39, 0x35, 0x5A, 0xA1, 0x46, 0xE6, 0xD0, 0x15, 0xD6, 0x49, 0x24, 0x4C, 0x51, 0x7B, 0x4E,
    0x9A, 0x77, 0x69, 0xA3, 0x8A, 0x8C, 0xC6, 0xE7, 0x46, 0x99, 0xAC, 0x40, 0x9A, 0x95, 0x7B, 0xA1,
    0xD3, 0x2A, 0xFE, 0x93, 0xDE, 0x38, 0x83, 0xDE, 0x56, 0x72, 0x97, 0xF9, 0xE9, 0xDA, 0xB5, 0x60,
    0x39, 0x89, 0x41, 0x3B, 0x7A, 0x68, 0x83, 0x56, 0xAF, 0x37, 0x7B, 0x60, 0xD2, 0x08, 0xEC, 0x1F,
    0x81, 0xB1, 0x24, 0xB0, 0xAC, 0x58, 0x01, 0x6C, 0x10, 0xF2, 0x4E, 0xB7, 0x43, 0x61, 0x9E, 0x74,
    0x37, 0x4F, 0xCF, 0x4F, 0xCF, 0x97, 0xFA, 0xF9, 0x8F, 0x1F, 0x4B, 0x57, 0x5E, 0x87, 0x6E, 0xA3,
    0xA1, 0xAD, 0x4D, 0xEC, 0x4C, 0xAB, 0x48, 0x68, 0x54, 0x24, 0x79, 0xEA, 0x4B, 0x06, 0xE5, 0x68,
    0x11, 0x94, 0xE4, 0xBE, 0x64, 0x52, 0xBA, 0x2E, 0x5B, 0x32, 0x6B, 0x45, 0x63, 0x63, 0x74, 0xDE,
    0x19, 0x57, 0x62, 0xB4, 0x29, 0x49, 0x97, 0xB4, 0x50, 0xC2, 0x9E, 0x1D, 0x06, 0x4A, 0x84, 0x37,
    0x07, 0x94, 0x9C, 0x64, 0x97, 0x4D, 0x63, 0x74, 0x50, 0x99, 0x2F, 0x19, 0x94, 0x9B, 0x54, 0x13,
    0x86, 0x06, 0x19, 0x7D, 0x2D, 0xBB, 0x8D, 0x60, 0xB1, 0xAA, 0x12, 0xA1, 0x86, 0xF9, 0x9D, 0x2D,
    0xF9, 0x7B, 0x99, 0x03, 0xEC, 0xB7, 0xB6, 0xE4, 0xB7, 0x32, 0x55, 0xC2, 0xDF, 0xD8, 0x92, 0xDF,
    0xC8, 0x74, 0x09, 0xFF, 0xDA, 0x96, 0x70, 0xBA, 0xDB, 0xD8, 0xEA, 0x57, 0xD6, 0x92, 0xBF, 0x95,
    0xC9, 0x64, 0x5D, 0x49, 0x27, 0xEE, 0xF3, 0x9C, 0xB1, 0x64, 0xC0, 0x2E, 0x4F, 0xBE, 0x44, 0x9C,
    0x14, 0xA3, 0x2F, 0x21, 0x06, 0xA3, 0x74, 0x99, 0x19, 0xD6, 0x92, 0x8A, 0x23, 0x3A, 0x7B, 0x5F,
    0x52, 0xB0, 0xE3, 0x49, 0x87, 0x25, 0x74, 0x6A, 0x43, 0x49, 0xC6, 0x41, 0x4C, 0x07, 0x5F, 0x82,
    0x5C, 0x6A, 0xEC, 0x93, 0x4F, 0x36, 0x36, 0xA0, 0x1C, 0x93, 0xCB, 0x2E, 0x50, 0x12, 0x53, 0x98,
    0xD3, 0x19, 0x4A, 0x90, 0xCF, 0xB2, 0x3E, 0xCD, 0x50, 0xD2, 0xA2, 0x97, 0xF5, 0x88, 0x25, 0x35,
    0x5E, 0xDA, 0x33, 0x70, 0x09, 0x85, 0x41, 0x41, 0x49, 0x89, 0x97, 0x84, 0x9F, 0xB0, 0xA4, 0xC0,
    0x63, 0xB9, 0xC3, 0x92, 0x1C, 0xAF, 0x03, 0x3C, 0x62, 0x49, 0x86, 0x37, 0xAA, 0x46, 0x58, 0xE2,
    0x99, 0xAC, 0x44, 0x94, 0xF8, 0x4E, 0x3B, 0xFF, 0x71, 0x28, 0x89, 0xE0, 0x8A, 0xA1, 0x99, 0x4B,
    0x5A, 0x9F, 0x6A, 0x62, 0xE2, 0x12, 0xE0, 0xD1, 0x46, 0x2E, 0x71, 0x9D, 0x2E, 0x21, 0x27, 0x45,
    0xE3, 0x83, 0x64, 0xCE, 0x90, 0x1A, 0x0C, 0x4B, 0x0A, 0xCF, 0x19, 0x77, 0xB2, 0xC4, 0x40, 0x70,
    0x0C, 0x96, 0xB8, 0xB9, 0xC7, 0xFB, 0x82, 0xD1, 0x35, 0xBE, 0x8B, 0x31, 0xA8, 0xA6, 0x81, 0x01,
    0x74, 0x3E, 0x98, 0x0C, 0x4B, 0xAC, 0x23, 0x53, 0x8A, 0x37, 0xF0, 0x7A, 0x47, 0x63, 0x97, 0x9D,
    0x43, 0x95, 0xB4, 0xEE, 0x6A, 0x53, 0x59, 0xE2, 0x12, 0xE0, 0x0D, 0xBA, 0x64, 0xAE, 0x31, 0x9E,
    0xAA, 0x81, 0x8C, 0x29, 0x4B, 0x8D, 0xB7, 0xB9, 0x37, 0x94, 0x35, 0x0E, 0xD3, 0x30, 0x36, 0xF8,
    0xE0, 0x51, 0x86, 0x4A, 0x52, 0x74, 0xDF, 0x51, 0x25, 0x8B, 0x2A, 0x89, 0xD1, 0x9F, 0x80, 0x4A,
    0x22, 0xDC, 0x77, 0x5C, 0x82, 0x21, 0xF1, 0x5C, 0x82, 0x44, 0x87, 0x4B, 0xEA, 0x8B, 0x92, 0x8A,
    0xC3, 0x7A, 0x1B, 0x4C, 0x73, 0x8C, 0xD7, 0x9B, 0x8B, 0x92, 0xA3, 0x2E, 0x11, 0xB2, 0x57, 0x43,
    0x69, 0x90, 0x91, 0x4E, 0xD4, 0xB8, 0x03, 0x30, 0x95, 0xCE, 0x72, 0x41, 0x42, 0x7B, 0xF1, 0xDC,
    0x69, 0x7B, 0x4C, 0x27, 0x33, 0x6A, 0x39, 0x70, 0xD1, 0x20, 0x2B, 0x91, 0x3D, 0xD8, 0x69, 0xB0,
    0xD7, 0xE0, 0xA8, 0xC1, 0x59, 0x83, 0x8B, 0x06, 0x45, 0x36, 0xC2, 0x4E, 0xD2, 0x4C, 0x00, 0x07,
    0x0D, 0x8E, 0x1A, 0x9C, 0x35, 0x68, 0x24, 0xF8, 0x47, 0xA2, 0xC8, 0x0E, 0xFC, 0xAD, 0xCC, 0x73,
    0xED, 0x08, 0xDD, 0x20, 0xC0, 0xFF, 0x4A, 0x27, 0x83, 0x03, 0xBB, 0x96, 0xA3, 0x27, 0x3B, 0x47,
    0xBB, 0x8C, 0x04, 0xC9, 0x9B, 0xCE, 0x83, 0x19, 0x27, 0xFA, 0xE9, 0x3C, 0x39, 0x1A, 0x04, 0x18,
    0x71, 0x3C, 0xB9, 0x03, 0x31, 0x30, 0x13, 0x40, 0x14, 0x99, 0x01, 0xC4, 0xAA, 0x01, 0xCC, 0xE8,
    0x32, 0x64, 0x07, 0xE2, 0x2D, 0x14, 0x00, 0xA2, 0x74, 0x80, 0x60, 0x83, 0x94, 0xA8, 0x83, 0x3D,
    0x6E, 0x24, 0x58, 0x50, 0xAA, 0x6B, 0xDC, 0xCB, 0x27, 0x01, 0x26, 0x98, 0x74, 0xA8, 0xC3, 0x1D,
    0x3A, 0x4B, 0xB0, 0x86, 0x80, 0x87, 0x0E, 0xF7, 0x9D, 0x91, 0x60, 0x01, 0x17, 0x54, 0x77, 0xB4,
    0x9B, 0x7A, 0x01, 0xFA, 0xAC, 0x5F, 0x04, 0xFA, 0xF8, 0x7E, 0x06, 0x5D, 0xD5, 0x0C, 0x3A, 0xFE,
    0x9F, 0xC1, 0xDC, 0x3B, 0xDC, 0x76, 0x8C, 0xF3, 0xBD, 0x00, 0x5D, 0xD5, 0x0C, 0xBA, 0xAA, 0x05,
    0x58, 0xBB, 0x50, 0x07, 0x02, 0xAD, 0xF1, 0x4D, 0x80, 0xB9, 0xF3, 0x08, 0x20, 0x30, 0x75, 0x49,
    0xAC, 0x08, 0x8C, 0xDC, 0x9D, 0x37, 0x0C, 0x36, 0x96, 0xF8, 0x30, 0x58, 0x83, 0x77, 0x41, 0x27,
    0x4E, 0xE6, 0x4E, 0xDE, 0xFC, 0x24, 0xC1, 0x44, 0x83, 0x51, 0x00, 0x36, 0x1A, 0xAC, 0x34, 0x58,
    0x68, 0x30, 0xD3, 0x60, 0xA2, 0xC1, 0x28, 0x00, 0x6B, 0x0D, 0x56, 0x1A, 0x2C, 0x34, 0x98, 0x6A,
    0x30, 0xD6, 0x60, 0xE4, 0xA6, 0xEB, 0x28, 0x28, 0xC3, 0x71, 0xD7, 0x7C, 0x2B, 0x83, 0xE8, 0x82,
    0x5B, 0xB4, 0x32, 0x7D, 0xDF, 0x1E, 0x39, 0x67, 0x4A, 0x36, 0x48, 0x48, 0xFA, 0x65, 0xC0, 0x17,
    0xB6, 0x3A, 0x56, 0x28, 0xF1, 0x1E, 0xE0, 0xB7, 0x22, 0x55, 0x02, 0x46, 0x26, 0x8C, 0xD2, 0x7C,
    0x9B, 0x91, 0x20, 0x0D, 0x04, 0xA7, 0xC5, 0x13, 0x99, 0xB3, 0xC3, 0x1C, 0xA5, 0xF9, 0xD6, 0x6F,
    0x8F, 0x5C, 0xF2, 0x43, 0x83, 0xB2, 0x8F, 0x3A, 0xFF, 0xDB, 0x4A, 0xE6, 0x5D, 0x9D, 0x95, 0x3D,
    0xD3, 0xE9, 0x57, 0x5A, 0xED, 0xD6, 0xA7, 0x7D, 0x78, 0xED, 0x15, 0xDD, 0x8A, 0x23, 0xEC, 0xA4,
    0x39, 0x2E, 0x71, 0x16, 0x2B, 0x9E, 0x63, 0x7B, 0x8A, 0xAA, 0x7C, 0x8F, 0x3E, 0xC3, 0x95, 0xE4,
    0x43, 0x87, 0x42, 0x73, 0xAA, 0x63, 0xA1, 0x83, 0xBA, 0xA7, 0x30, 0x11, 0x64, 0x15, 0xC0, 0xB5,
    0xE6, 0x86, 0x43, 0xF8, 0x5C, 0xEB, 0x54, 0x9A, 0x21, 0xBC, 0x28, 0xF3, 0x6B, 0x08, 0x17, 0x17,
    0xB0, 0xF9, 0x56, 0xC1, 0x8E, 0x97, 0x98, 0xAF, 0xC1, 0xE7, 0xAB, 0xF3, 0xE1, 0x6E, 0x69, 0x9F,
    0xAF, 0xCE, 0x6F, 0x19, 0xAC, 0xC7, 0xE5, 0x7A, 0xE9, 0xF5, 0xCC, 0x83, 0xF5, 0xCE, 0xB4, 0x94,
    0xD1, 0x87, 0xF8, 0x92, 0x04, 0xF8, 0x14, 0xE2, 0x5B, 0x64, 0x02, 0x7C, 0x6C, 0x02, 0x7C, 0xAD,
    0xF5, 0xA5, 0x8E, 0x51, 0x19, 0xE0, 0x7B, 0xB8, 0x1F, 0xC2, 0xFD, 0x12, 0x07, 0xFB, 0x89, 0x82,
    0x2E, 0x70, 0xBF, 0xA1, 0xF9, 0x36, 0xE3, 0x5B, 0xFD, 0x5C, 0x6E, 0xF7, 0x96, 0x2F, 0xFD, 0x33,
    0xCB, 0xCF, 0xF0, 0xCE, 0xAF, 0xCB, 0xFD, 0xCE, 0xF4, 0x60, 0x0A, 0xDC, 0x3D, 0x4E, 0x9A, 0x9E,
    0xD0, 0xC4, 0xDF, 0x04, 0x97, 0xFA, 0x89, 0x44, 0x4F, 0xF0, 0xF7, 0x5C, 0x26, 0x06, 0xDD, 0x70,
    0x0A, 0xBB, 0x3F, 0x5C, 0x3A, 0x92, 0xEE, 0x44, 0xC7, 0x04, 0x91, 0x33, 0x41, 0x6C, 0xD5, 0xA2,
    0x63, 0xDC, 0x8E, 0x2A, 0x52, 0xA7, 0x57, 0x51, 0x3C, 0x93, 0x52, 0xAE, 0x9D, 0x95, 0xF6, 0xCC,
    0x68, 0x47, 0xDC, 0xE3, 0x5E, 0x54, 0x54, 0x7A, 0x25, 0x2A, 0x2A, 0x7A, 0x9F, 0xA8, 0xA8, 0xFD,
    0x18, 0xA9, 0xFA, 0x0A, 0x74, 0x3D, 0x46, 0x6A, 0xBC, 0x12, 0x23, 0x35, 0x5C, 0x89, 0x91, 0xEA,
    0xF7, 0xA2, 0xBE, 0xF4, 0xD8, 0x6B, 0xE9, 0x71, 0x1D, 0xAB, 0x18, 0xA9, 0x52, 0xCE, 0x67, 0x02,
    0x36, 0x09, 0x67, 0x86, 0x85, 0x0B, 0x07, 0xC2, 0x35, 0xDA, 0x59, 0x3F, 0xBD, 0xB6, 0x87, 0x5D,
    0x9C, 0x50, 0xF8, 0xF2, 0xD5, 0xA5, 0xBF, 0xE3, 0x13, 0xF4, 0xAD, 0x84, 0xDE, 0xED, 0xA6, 0x76,
    0xC1, 0xE9, 0xDC, 0x7E, 0x3D, 0x4E, 0xA7, 0x8F, 0xA4, 0x4F, 0xD1, 0x06, 0xA7, 0x83, 0xB6, 0x54,
    0xC5, 0xE9, 0x14, 0xC0, 0xE9, 0xE0, 0xF5, 0xC3, 0x35, 0x73, 0x3A, 0x98, 0x0F, 0x55, 0x52, 0xDE,
    0x58, 0xE6, 0xCF, 0xEA, 0x02, 0xCA, 0xDD, 0x4B, 0xCA, 0xEE, 0x25, 0x81, 0x90, 0xF2, 0xAB, 0x93,
    0xE1, 0x1C, 0x9C, 0x1C, 0x26, 0xBA, 0x38, 0x59, 0x82, 0x93, 0x27, 0x79, 0x4F, 0x4E, 0x27, 0x3C,
    0xF9, 0x8A, 0x77, 0x70, 0x3A, 0xE5, 0x13, 0xA7, 0xF3, 0x98, 0x9C, 0xCE, 0xF2, 0x0E, 0x4E, 0xE7,
    0xFC, 0x9E, 0x9C, 0xCE, 0x1C, 0xAC, 0xD7, 0x14, 0xAC, 0xE7, 0xF8, 0x27, 0xE0, 0x74, 0xCE, 0x0F,
    0xE4, 0x74, 0x92, 0x77, 0x70, 0x3A, 0x55, 0xC0, 0xE9, 0xC0, 0x0E, 0xAF, 0x38, 0xDD, 0x1A, 0x71,
    0x3A, 0x87, 0x07, 0x71, 0x3A, 0x4B, 0xC0, 0xE9, 0x8C, 0xDB, 0xF4, 0x82, 0xB3, 0xCD, 0x6A, 0x4E,
    0x87, 0x07, 0xFE, 0x22, 0xD4, 0xA8, 0x5B, 0x4E, 0xA7, 0x0A, 0x92, 0x88, 0xE4, 0x3A, 0x43, 0x08,
    0xE7, 0x63, 0x16, 0x12, 0xE5, 0x49, 0xFB, 0x54, 0xAA, 0x4C, 0x57, 0x22, 0xAF, 0x26, 0x93, 0xBD,
    0x39, 0xA8, 0x20, 0x08, 0xA8, 0xD4, 0x70, 0x66, 0x2E, 0xBC, 0x40, 0x35, 0x7C, 0x13, 0x1A, 0x05,
    0x9E, 0xBD, 0xDC, 0xE6, 0xD4, 0xBC, 0xA3, 0x00, 0x9F, 0xC3, 0x5F, 0x44, 0xFB, 0x67, 0x74, 0x70,
    0x7E, 0xEB, 0x68, 0xE8, 0x20, 0x52, 0x7A, 0x94, 0xD1, 0xF3, 0xD2, 0xC4, 0x98, 0x2B, 0xCE, 0xC2,
    0xA5, 0x11, 0x56, 0xBC, 0x59, 0xA7, 0xF8, 0x93, 0xD3, 0x5E, 0xB4, 0x77, 0x12, 0x72, 0x63, 0xBB,
    0x31, 0xE3, 0x16, 0x39, 0xBF, 0x81, 0x88, 0xF5, 0xAF, 0xC5, 0x8D, 0x25, 0x6A, 0x44, 0x59, 0x38,
    0xDA, 0xE3, 0x4E, 0xEC, 0x7E, 0xA2, 0xF8, 0xD9, 0x4A, 0xF2, 0xBA, 0x2F, 0xBE, 0x09, 0xFE, 0x4B,
    0xE7, 0x2D, 0x30, 0xC2, 0xE3, 0xA2, 0x54, 0xE6, 0xF3, 0x54, 0x59, 0xCF, 0x13, 0xBC, 0x09, 0x0E,
    0x23, 0xD1, 0x4E, 0x17, 0x2E, 0x1A, 0x6C, 0x94, 0x1F, 0x95, 0x4D, 0x5E, 0x9A, 0xD5, 0x2B, 0x65,
    0x55, 0x2F, 0x95, 0x51, 0x5D, 0x3B, 0x94, 0x64, 0xCA, 0xC2, 0xAE, 0x7D, 0x4F, 0x12, 0x6D, 0x5F,
    0xD7, 0xF1, 0xA2, 0xDA, 0xD8, 0xAE, 0x3D, 0x5A, 0x6A, 0x15, 0x89, 0x57, 0x29, 0xC3, 0x7B, 0xA1,
    0xEC, 0xEE, 0xB9, 0x32, 0xBB, 0x67, 0xCA, 0x6B, 0x46, 0xC7, 0x02, 0x06, 0x81, 0x82, 0xDA, 0xFB,
    0xA6, 0x55, 0xF6, 0xF8, 0x46, 0x99, 0xE3, 0x75, 0xC4, 0xA8, 0x8E, 0x6B, 0xD4, 0x41, 0x8F, 0xEF,
    0xC8, 0xC0, 0x71, 0xD2, 0x18, 0x59, 0xCB, 0x4C, 0xE2, 0xFD, 0x06, 0x9B, 0xF6, 0xA9, 0xA4, 0x58,
    0xE5, 0xE5, 0x25, 0x52, 0x02, 0x17, 0x99, 0xDF, 0x8A, 0xD5, 0x9D, 0xB8, 0xB9, 0x22, 0xCE, 0x95,
    0x8A, 0x22, 0xB2, 0xE1, 0xBD, 0x2F, 0xA3, 0x9F, 0xF8, 0xAF, 0x26, 0xF0, 0x7B, 0x4F, 0xE4, 0x32,
    0x91, 0x6B, 0x54, 0x5C, 0x80, 0x59, 0x7B, 0xD7, 0xE8, 0x25, 0xE2, 0x95, 0xAF, 0x39, 0xD3, 0xE9,
    0x2C, 0xD3, 0x66, 0xD7, 0xBD, 0x1C, 0x55, 0x79, 0x08, 0x92, 0x68, 0x5F, 0x64, 0xF7, 0xD6, 0xD0,
    0xF1, 0x0A, 0xD4, 0x3D, 0x18, 0xEA, 0x55, 0x7B, 0x3A, 0xA1, 0xF7, 0xA4, 0xE8, 0xB6, 0xCE, 0x02,
    0x25, 0x1B, 0xAC, 0xD4, 0x0F, 0x0B, 0xA3, 0xEF, 0x9B, 0x91, 0xF1, 0x1D, 0xA9, 0xCE, 0xAF, 0xA8,
    0x33, 0x2B, 0xD6, 0x2A, 0x73, 0x7F, 0xA1, 0x2E, 0x24, 0x85, 0xC5, 0x7C, 0xAD, 0x8E, 0x47, 0xFC,
    0x69, 0xBE, 0x95, 0xDA, 0x1B, 0x4F, 0xC2, 0x1B, 0x7D, 0xFB, 0xF1, 0x0B, 0xAD, 0x41, 0xB8, 0xD5,
    0x17, 0x08, 0xB5, 0x8A, 0xA9, 0xBF, 0xD1, 0xDA, 0x84, 0x52, 0x67, 0x28, 0x6E, 0x8D, 0xBE, 0x96,
    0x46, 0x4D, 0x49, 0x1B, 0x5E, 0x62, 0x7A, 0x52, 0x67, 0x62, 0xAF, 0xD6, 0x60, 0xF7, 0x4A, 0xB7,
    0x0F, 0xB8, 0x96, 0x2E, 0xBC, 0x9F, 0xAB, 0x54, 0x10, 0x77, 0xB5, 0xB6, 0xFC, 0xD8, 0x49, 0x40,
    0x95, 0x3C, 0x2D, 0x7A, 0xC1, 0x4A, 0x79, 0x3F, 0xAB, 0x03, 0xEF, 0xDB, 0x82, 0xC6, 0x91, 0xFB,
    0xF0, 0x83, 0x89, 0x4F, 0x84, 0xD8, 0xB0, 0x6F, 0xFF, 0x99, 0x33, 0xEB, 0x7A, 0x2B, 0xBD, 0x9D,
    0xC8, 0xB7, 0xAF, 0x5E, 0xC1, 0x15, 0x80, 0x99, 0x4E, 0x00, 0xA5, 0x59, 0x25, 0xCD, 0x28, 0xC5,
    0x3A, 0xFE, 0xE7, 0x85, 0x5E, 0xF7, 0x5B, 0x9D, 0xF5, 0x6D, 0xA5, 0x0C, 0x5F, 0x1D, 0x36, 0x28,
    0x86, 0xBE, 0xB5, 0xF3, 0x60, 0x1E, 0x0F, 0x6C, 0xB7, 0x2E, 0x00, 0x0D, 0xD2, 0xC7, 0x3D, 0x81,
    0x4F, 0xE0, 0x13, 0xF8, 0xBD, 0x01, 0xB7, 0x99, 0x12, 0xA9, 0x60, 0x2A, 0x14, 0xFB, 0xFF, 0x04,
    0x3D, 0x41, 0xDF, 0x72, 0xA8, 0x7E, 0x0F, 0x68, 0xDA, 0x86, 0x4A, 0xCB, 0x46, 0x88, 0x9C, 0x45,
    0x1A, 0xEA, 0x4B, 0xA9, 0x9F, 0x39, 0x09, 0x75, 0x91, 0x74, 0x0A, 0x73, 0xEC, 0x2F, 0xAB, 0x8A,
    0x62, 0x1F, 0xD1, 0xC8, 0xA9, 0x8D, 0xC8, 0x61, 0x82, 0x94, 0x92, 0xB3, 0x50, 0x61, 0x0A, 0x8D,
    0xCD, 0x8C, 0x59, 0xF3, 0x1D, 0x9F, 0xE2, 0xD5, 0x9F, 0xA8, 0xAD, 0x39, 0x01, 0xF3, 0xF8, 0xF9,
    0x27, 0x2D, 0xC5, 0x1A, 0x4A, 0xF6, 0x43, 0xA7, 0x24, 0x2B, 0x95, 0x3D, 0x2A, 0xD9, 0x4C, 0x66,
    0xD6, 0x4B, 0x4E, 0x92, 0x98, 0xD9, 0x78, 0xF7, 0x1A, 0xAA, 0x46, 0xB3, 0xCE, 0x43, 0xA3, 0xF3,
    0x3B, 0x0E, 0xC1, 0x95, 0x7E, 0x7D, 0xA0, 0x9C, 0x3B, 0x29, 0x65, 0x5C, 0xAB, 0xE6, 0xCF, 0xF9,
    0xA4, 0xE5, 0x1A, 0x56, 0x69, 0xAA, 0x12, 0x7D, 0x37, 0xBD, 0xCB, 0x44, 0x95, 0xA8, 0xA8, 0xD1,
    0x59, 0x25, 0x6A, 0xCD, 0x3D, 0x2C, 0x48, 0xDB, 0xA8, 0xF2, 0xB6, 0x96, 0x3E, 0xCA, 0x79, 0x12,
    0xDD, 0x57, 0x66, 0x73, 0xE7, 0xCE, 0x55, 0xCA, 0x3B, 0x9E, 0x3A, 0x15, 0x86, 0xDC, 0x42, 0xD0,
    0x27, 0x77, 0xF7, 0x20, 0xEF, 0x41, 0xF4, 0xBE, 0x68, 0xAC, 0x4D, 0xF6, 0x9E, 0x68, 0xDC, 0xE1,
    0x14, 0xEF, 0xE5, 0x3B, 0x89, 0xEE, 0x8B, 0x01, 0x40, 0x2E, 0xCD, 0x96, 0xD1, 0x66, 0x50, 0x3C,
    0x76, 0x85, 0x0E, 0x38, 0x93, 0xE8, 0xAE, 0x08, 0x81, 0xA8, 0xD1, 0x89, 0xE5, 0x4C, 0xB3, 0x0D,
    0x1A, 0x61, 0xD1, 0x5D, 0x8E, 0xBB, 0x8E, 0xE1, 0x7F, 0x4A, 0xC9, 0x59, 0xD5, 0x1D, 0xF6, 0x98,
    0x3B, 0x96, 0x06, 0x90, 0x71, 0xB4, 0x39, 0xB8, 0x3B, 0x4C, 0xEA, 0xC8, 0x29, 0xD8, 0x84, 0x38,
    0xD0, 0x6C, 0xFB, 0x7E, 0x81, 0x3B, 0x44, 0x2F, 0x14, 0x03, 0xE2, 0x7A, 0x81, 0x12, 0xDD, 0x23,
    0xC8, 0x9F, 0x65, 0xA1, 0xD9, 0x66, 0x5D, 0x45, 0x24, 0xEE, 0xFD, 0x33, 0xA2, 0xFB, 0x38, 0xE3,
    0x29, 0xAD, 0x5B, 0x02, 0x46, 0x86, 0x59, 0xC9, 0x94, 0x19, 0xAF, 0x3B, 0xDC, 0x5A, 0x21, 0xAF,
    0xC2, 0x55, 0xF7, 0xA8, 0x43, 0x64, 0x49, 0xAF, 0x24, 0x19, 0x71, 0x97, 0x69, 0x05, 0x4E, 0x44,
    0x42, 0x47, 0x2F, 0xBA, 0x0B, 0x03, 0x10, 0xAA, 0xCE, 0xDC, 0x0B, 0x1C, 0x52, 0xCA, 0x3C, 0x24,
    0x62, 0x5F, 0xF8, 0x68, 0x68, 0x79, 0x7B, 0x82, 0xA5, 0x2C, 0xB3, 0xDC, 0x17, 0xA7, 0x5C, 0x5F,
    0x90, 0xD9, 0x17, 0xFA, 0x9A, 0xD2, 0xA1, 0xD4, 0xB7, 0xA3, 0x8E, 0xEA, 0x0A, 0xF7, 0xDA, 0x26,
    0x56, 0x56, 0xF2, 0xDE, 0xAC, 0x72, 0xAC, 0x16, 0xF6, 0xCA, 0x97, 0x83, 0x12, 0x91, 0x83, 0x4B,
    0x99, 0x75, 0xBA, 0xEA, 0x34, 0xB8, 0x0B, 0x27, 0x09, 0xD4, 0xAC, 0x71, 0x60, 0xE5, 0x8E, 0xCC,
    0x05, 0x5B, 0xA2, 0xE1, 0x26, 0x50, 0x04, 0xD7, 0x41, 0x3C, 0x44, 0x15, 0xC0, 0xC5, 0x56, 0x2A,
    0xF1, 0x5D, 0x16, 0xA7, 0xE1, 0xB9, 0xB0, 0xC1, 0x61, 0x3A, 0x0B, 0x15, 0xEF, 0xDD, 0x5A, 0x62,
    0xC8, 0x40, 0x43, 0x5B, 0x44, 0x90, 0x11, 0x5F, 0x22, 0xE9, 0xF0, 0xAD, 0x94, 0x38, 0xC7, 0x77,
    0x30, 0xCF, 0xEA, 0xCA, 0x4A, 0x71, 0xA3, 0xCC, 0x2C, 0x3A, 0x2E, 0x3E, 0x00, 0xA7, 0x5F, 0x9E,
    0xEC, 0x85, 0xE9, 0xAD, 0x48, 0xA2, 0x5C, 0xF0, 0xA2, 0x94, 0xFE, 0x83, 0xE3, 0xC5, 0x07, 0x16,
    0x6B, 0x99, 0xE2, 0x94, 0x2C, 0xE6, 0xD5, 0x2E, 0xED, 0x3C, 0x7E, 0x50, 0x19, 0xE9, 0xA1, 0x28,
    0x68, 0x50, 0x2D, 0xC3, 0x9E, 0x8E, 0xEA, 0x52, 0x50, 0xC3, 0xCE, 0x69, 0x07, 0x41, 0xA5, 0x84,
    0x6B, 0x39, 0x38, 0xE6, 0x11, 0x19, 0xC0, 0xEF, 0xC4, 0xF0, 0x01, 0xD1, 0x0B, 0x5C, 0x1B, 0xBF,
    0x09, 0x70, 0x7A, 0x63, 0x6B, 0xFA, 0x19, 0x05, 0xA9, 0x2C, 0x29, 0x4F, 0xC6, 0x19, 0x15, 0x06,
    0x29, 0x5C, 0xA8, 0x70, 0x46, 0xA8, 0xA4, 0xFB, 0x78, 0x26, 0x81, 0x17, 0x29, 0x5F, 0x52, 0x9D,
    0xA3, 0x67, 0x2F, 0x7C, 0x6D, 0xC4, 0xEB, 0xE4, 0x0A, 0xBC, 0xCF, 0x13, 0xA8, 0xE2, 0x90, 0xD1,
    0x2D, 0x9E, 0x83, 0xA0, 0xE3, 0x85, 0xBB, 0xBE, 0x2F, 0x62, 0x0A, 0x86, 0xD3, 0x5B, 0x3A, 0xCB,
    0xD0, 0x81, 0x29, 0x71, 0x4C, 0x69, 0x3B, 0x4E, 0x09, 0xBB, 0x52, 0x0A, 0x8A, 0x59, 0x3B, 0x7F,
    0xE5, 0x8E, 0x26, 0x97, 0xE6, 0xBD, 0x76, 0x46, 0xA3, 0xCE, 0xCF, 0xDA, 0x41, 0xD0, 0x50, 0x7B,
    0x35, 0x43, 0x8B, 0xD7, 0xD3, 0x4B, 0x62, 0xDA, 0x1A, 0xBC, 0x97, 0x26, 0xA6, 0x0F, 0x26, 0xFC,
    0x9A, 0x9F, 0x5E, 0xA4, 0x30, 0x7E, 0x7A, 0x63, 0x6F, 0x78, 0x1A, 0x23, 0xA6, 0x8C, 0x7E, 0xEA,
    0xDC, 0x1D, 0x0F, 0x7E, 0x7A, 0xF1, 0x03, 0x3F, 0xBD, 0xA9, 0x37, 0x4D, 0xCD, 0x11, 0xD3, 0xCE,
    0x02, 0xF2, 0x8C, 0x4C, 0x78, 0xA1, 0x4E, 0xCE, 0xE1, 0x5E, 0x7E, 0x72, 0xF1, 0xC7, 0x48, 0x9E,
    0x52, 0xF0, 0xCF, 0x1E, 0xD0, 0x31, 0x58, 0x7C, 0x70, 0x04, 0x08, 0x2F, 0x5D, 0x3D, 0x09, 0xEA,
    0x5D, 0xDA, 0xB1, 0xA5, 0xE8, 0xE9, 0x29, 0xC8, 0xB8, 0xFB, 0x5A, 0x02, 0xF7, 0x61, 0x74, 0xE2,
    0x40, 0xAA, 0xC1, 0xDD, 0xBB, 0x13, 0x77, 0x82, 0x80, 0x2F, 0xE8, 0x11, 0x75, 0x95, 0x2D, 0x5F,
    0x48, 0x39, 0xE0, 0xBD, 0x17, 0xC6, 0xDF, 0x06, 0x2B, 0xA9, 0x46, 0x6B, 0x48, 0x74, 0x12, 0x39,
    0xCE, 0x47, 0xFC, 0x9A, 0xBF, 0x4D, 0xF6, 0x2C, 0x0E, 0x83, 0xD8, 0x7F, 0xAD, 0x76, 0xBB, 0x92,
    0xF3, 0xA6, 0xCF, 0x78, 0x49, 0x89, 0xD5, 0x59, 0xA5, 0x62, 0xBB, 0x9F, 0x11, 0x2A, 0xDD, 0x1D,
    0x0C, 0x93, 0x38, 0x37, 0x52, 0xF4, 0xFA, 0x9F, 0xA3, 0x5C, 0xEA, 0xA4, 0xFD, 0xE4, 0xFA, 0x1F,
    0x17, 0xEA, 0x12, 0xCC, 0x1C, 0xB5, 0xC4, 0x8B, 0xBF, 0xC2, 0x84, 0x8E, 0x98, 0x02, 0x83, 0x0C,
    0xEC, 0xDD, 0x0F, 0x27, 0x26, 0x54, 0xC7, 0x12, 0x2F, 0x32, 0x31, 0x11, 0x5D, 0xAE, 0xE4, 0xA6,
    0xAE, 0xC2, 0xD0, 0x05, 0xE7, 0xAB, 0xAA, 0x14, 0x6B, 0x1D, 0x32, 0xB9, 0xE2, 0xE0, 0x70, 0xD7,
    0xCB, 0x1F, 0x91, 0x17, 0x6E, 0x8D, 0x3C, 0x8F, 0x1A, 0xBE, 0xEE, 0x45, 0xD0, 0xEA, 0x75, 0x86,
    0xF0, 0x6B, 0xEB, 0xF4, 0x2A, 0x57, 0xEF, 0x91, 0xA3, 0x2D, 0xFE, 0x8F, 0x4A, 0x93, 0x7F, 0xCF,
    0x81, 0x19, 0xFF, 0x57, 0x25, 0xD4, 0xDF, 0xB8, 0x95, 0x0B, 0xA9, 0xA1, 0xB8, 0x76, 0x6F, 0x54,
    0x1F, 0x4C, 0xFC, 0x38, 0x28, 0xDD, 0xE8, 0xB8, 0xF5, 0x41, 0x6A, 0x44, 0x74, 0x89, 0xBE, 0x11,
    0x40, 0x9A, 0x64, 0xC5, 0x51, 0x9B, 0x18, 0x11, 0xA1, 0x12, 0xDC, 0x4B, 0x2E, 0x3D, 0x72, 0x3B,
    0x75, 0x36, 0x76, 0xFC, 0x9D, 0x83, 0xFA, 0xE0, 0xC8, 0x8F, 0xFA, 0xF4, 0x3C, 0x6C, 0x7E, 0x50,
    0x4B, 0x43, 0xF2, 0xB2, 0xFD, 0x41, 0xA3, 0x4E, 0xEE, 0x52, 0xA7, 0x6E, 0xDD, 0xFC, 0xAB, 0xD4,
    0x02, 0x8E, 0x14, 0x54, 0x8A, 0x1B, 0x49, 0x04, 0x2F, 0xC6, 0x90, 0x46, 0x7E, 0x90, 0xAC, 0x99,
    0x38, 0x34, 0x73, 0x88, 0x59, 0x95, 0x5B, 0x41, 0xF6, 0xCE, 0x13, 0xB1, 0xD2, 0xA8, 0x7D, 0x2A,
    0x1A, 0xA0, 0x0C, 0xFB, 0x92, 0x88, 0x70, 0x03, 0x48, 0xE5, 0x5B, 0x45, 0xC8, 0xD8, 0x81, 0xA4,
    0xE6, 0xAB, 0x6B, 0x0F, 0x52, 0xB8, 0xC1, 0x06, 0xF8, 0xF2, 0x01, 0xB7, 0x88, 0x74, 0xC2, 0x42,
    0x03, 0x7C, 0xC1, 0x41, 0xAB, 0x8E, 0x21, 0x76, 0x51, 0x9F, 0x18, 0x39, 0x0F, 0x52, 0x76, 0xCA,
    0x21, 0x74, 0x97, 0xEF, 0x65, 0xF0, 0xE7, 0xF4, 0x51, 0xF2, 0x15, 0xF2, 0xEE, 0x87, 0xD6, 0xF1,
    0x0A, 0xE2, 0x3A, 0x37, 0xC7, 0x86, 0x28, 0x5D, 0xBF, 0xBC, 0xEF, 0xD6, 0x35, 0x10, 0x5C, 0x8E,
    0xFE, 0x7B, 0xA9, 0xF0, 0x8F, 0x8D, 0xB9, 0xC0, 0x21, 0x85, 0x08, 0x75, 0xC0, 0xB2, 0x95, 0x01,
    0xCB, 0x96, 0x07, 0x69, 0xEB, 0x52, 0x6D, 0x4F, 0xC0, 0xEB, 0xC6, 0x15, 0xF6, 0x86, 0x6A, 0xED,
    0xF0, 0xF3, 0x2E, 0x60, 0x21, 0x4F, 0x01, 0xCB, 0x39, 0x68, 0x8E, 0x4F, 0xB1, 0x98, 0x55, 0xD0,
    0xFF, 0x26, 0x18, 0x5F, 0x90, 0x67, 0x6F, 0xAD, 0xFE, 0xEF, 0x64, 0x03, 0x6B, 0xF5, 0xCA, 0xB0,
    0x61, 0xE7, 0x5A, 0x36, 0xE0, 0x6F, 0x2E, 0x58, 0x94, 0x18, 0x2C, 0xF7, 0x81, 0x5D, 0xBF, 0x42,
    0x5E, 0xBC, 0xE1, 0x83, 0xA8, 0x7A, 0x29, 0xA2, 0xB0, 0x02, 0x00, 0x0E, 0x4E, 0x6E, 0xA0, 0x82,
    0x08, 0x87, 0x45, 0x49, 0xD9, 0xDC, 0x80, 0x0E, 0xD7, 0x46, 0x96, 0x43, 0x5E, 0xB6, 0xCC, 0xDE,
    0x21, 0x42, 0xC4, 0xC3, 0x06, 0x90, 0xA3, 0xAA, 0x29, 0xF3, 0xE8, 0xA8, 0x76, 0x32, 0xD6, 0x53,
    0x50, 0xDE, 0xE4, 0x4E, 0xE2, 0x3D, 0x89, 0xB4, 0xD0, 0x00, 0x73, 0xB3, 0x98, 0x85, 0x79, 0x56,
    0x78, 0x1F, 0xE4, 0x66, 0x15, 0x22, 0x79, 0x01, 0xF7, 0x4C, 0x74, 0x12, 0xEF, 0x33, 0x75, 0xAF,
    0xED, 0xA0, 0x12, 0x7D, 0xD9, 0x06, 0x2A, 0x15, 0x11, 0xA4, 0x32, 0xD0, 0xBA, 0x06, 0xE4, 0x7D,
    0x7C, 0x79, 0xE0, 0x51, 0x12, 0x29, 0x6F, 0x30, 0x7B, 0x75, 0x70, 0xAB, 0x6F, 0x01, 0xAC, 0xF5,
    0xA1, 0x53, 0x8A, 0xDF, 0x37, 0xCE, 0xB5, 0x4B, 0x1C, 0x7B, 0x1D, 0x2B, 0x74, 0xDC, 0xD1, 0x97,
    0x28, 0xC2, 0x26, 0x2D, 0x90, 0xB9, 0x76, 0x4B, 0x2B, 0xBC, 0x80, 0x28, 0x2F, 0xBC, 0x16, 0xD9,
    0xD7, 0x1A, 0xED, 0xF3, 0x86, 0x2E, 0x71, 0xC4, 0xFE, 0x1C, 0x84, 0xD1, 0x2D, 0x45, 0xD9, 0x77,
    0xE2, 0x76, 0x58, 0x67, 0x01, 0x1A, 0x03, 0x8E, 0xE3, 0x01, 0x41, 0x1C, 0xA9, 0x1B, 0xDE, 0x1E,
    0xDB, 0x09, 0x6B, 0x2D, 0xAC, 0x71, 0xC2, 0xA6, 0xE6, 0x21, 0x12, 0x57, 0xB0, 0xF9, 0xD4, 0xDE,
    0xB9, 0x52, 0x56, 0xF1, 0xA5, 0x1E, 0x18, 0x7B, 0xC3, 0x8A, 0xAD, 0x83, 0x10, 0xAF, 0x32, 0xA0,
    0x72, 0x47, 0x61, 0xAC, 0x4F, 0xF4, 0x6D, 0x28, 0xA9, 0xBC, 0x0B, 0x65, 0x96, 0xF7, 0x89, 0xD4,
    0x4E, 0x9E, 0x92, 0x01, 0xF2, 0x32, 0x70, 0xCC, 0x5B, 0xE5, 0x3B, 0xE9, 0x76, 0xA5, 0xAF, 0x63,
    0xFA, 0xBD, 0xD6, 0x23, 0x29, 0xE2, 0xD0, 0x68, 0xDA, 0x56, 0x9B, 0xD0, 0x1E, 0x2C, 0x29, 0x4F,
    0x40, 0xE8, 0x52, 0x7D, 0x26, 0xC7, 0xC1, 0xBD, 0x4D, 0xE6, 0xFD, 0xB2, 0xB9, 0x3F, 0x81, 0xDF,
    0x31, 0xB0, 0xDC, 0xB8, 0x8A, 0x2C, 0x52, 0x77, 0x0F, 0xF9, 0x50, 0x98, 0x0F, 0x87, 0x4E, 0xF9,
    0xC5, 0x55, 0x43, 0x84, 0xBD, 0xEA, 0x9C, 0x3B, 0xEF, 0xF9, 0x40, 0xA4, 0x61, 0x18, 0xFA, 0x49,
    0x21, 0xF9, 0x71, 0x93, 0x1D, 0xDC, 0xA8, 0x72, 0x56, 0xA7, 0xF2, 0xB5, 0x2A, 0xBB, 0x6D, 0x26,
    0x31, 0xF4, 0xC6, 0xB8, 0x5E, 0x65, 0xFF, 0xB0, 0x2A, 0xEB, 0xAB, 0x55, 0x8E, 0x6A, 0x1A, 0xAE,
    0x55, 0x79, 0x78, 0x50, 0x95, 0xF1, 0x83, 0xAB, 0x2C, 0xAF, 0x54, 0xD9, 0x3E, 0xB4, 0xCA, 0xFC,
    0x91, 0xAA, 0x1C, 0x1E, 0x5A, 0xA5, 0xD9, 0xAB, 0xF2, 0x1A, 0x4A, 0xE9, 0x2A, 0xAF, 0xA3, 0xD4,
    0xFC, 0xE1, 0x58, 0x5A, 0x3D, 0x14, 0xF1, 0x2F, 0x50, 0xEA, 0xED, 0x1D, 0xFE, 0xBD, 0x2E, 0xD4,
    0x8E, 0xAB, 0x14, 0x54, 0x2B, 0xA8, 0x79, 0x30, 0xA4, 0x7F, 0x47, 0x67, 0xCA, 0xBC, 0xFD, 0xF6,
    0xDF, 0x5E, 0x7D, 0x5C, 0xFB, 0xAB, 0x37, 0xAF, 0xBF, 0x1D, 0x9E, 0xDE, 0xBE, 0xE9, 0xB7, 0xE3,
    0x95, 0x85, 0xBA, 0x59, 0xB1, 0x85, 0x73, 0x7D, 0xD5, 0x0B, 0x21, 0x21, 0xED, 0x20, 0x52, 0xC3,
    0x1E, 0x71, 0x3B, 0x74, 0x88, 0x71, 0x64, 0xF6, 0xEB, 0x11, 0x23, 0x07, 0xDC, 0xA1, 0xE4, 0xAB,
    0x48, 0x77, 0xD9, 0x53, 0x12, 0xAA, 0x73, 0xD8, 0x58, 0xBD, 0xDF, 0x58, 0xB1, 0xDF, 0x58, 0x7A,
    0xA5, 0x31, 0xDA, 0x87, 0xED, 0x7E, 0x63, 0x34, 0xC4, 0xCB, 0xC6, 0x72, 0xB6, 0x5D, 0x85, 0x8D,
    0x89, 0x21, 0x5E, 0x36, 0x46, 0x43, 0xDC, 0x6F, 0x4C, 0x0C, 0xB1, 0xDB, 0x9F, 0xCF, 0x61, 0x7F,
    0x3E, 0xE7, 0xFD, 0xF9, 0x34, 0xEF, 0x5E, 0xBC, 0x0F, 0x9D, 0xCF, 0xE6, 0xDA, 0x7C, 0x1E, 0xF6,
    0xE7, 0xF3, 0xB4, 0x3F, 0x9F, 0x0F, 0x58, 0xBC, 0x66, 0xBF, 0xB1, 0xF2, 0xA2, 0xB1, 0xF8, 0x95,
    0x60, 0x7F, 0x5B, 0xFD, 0xE6, 0xCA, 0x3E, 0x7A, 0xF5, 0x13, 0xDB, 0x56, 0xFA, 0xF4, 0xF6, 0xED,
    0x78, 0x6B, 0x68, 0x65, 0x82, 0x37, 0x9B, 0xE2, 0xF9, 0x75, 0xC0, 0x81, 0xB2, 0x4F, 0x24, 0x5B,
    0xAD, 0xD8, 0x4C, 0x25, 0x9C, 0x8C, 0x85, 0x46, 0x58, 0x8A, 0x69, 0x70, 0xDE, 0x72, 0xA8, 0x7B,
    0x4F, 0xA7, 0x2E, 0x9B, 0x7C, 0x26, 0xDC, 0x62, 0xB8, 0xC9, 0xD6, 0x0E, 0x9D, 0x71, 0x6F, 0xD4,
    0x68, 0x6B, 0x19, 0x4A, 0x7C, 0x3A, 0x15, 0x98, 0x3A, 0xA4, 0xCB, 0xD1, 0xFA, 0x7C, 0x84, 0x1D,
    0xB6, 0xEE, 0xC1, 0x14, 0x2D, 0xD8, 0xB8, 0xA1, 0xED, 0xE6, 0x01, 0xAB, 0xF7, 0x8C, 0x3B, 0xD9,
    0x39, 0x91, 0x9F, 0x71, 0xFB, 0xD5, 0x06, 0x37, 0x49, 0xE5, 0xAD, 0xED, 0x3D, 0xEC, 0xAB, 0xDC,
    0x1B, 0xE7, 0x3B, 0x00, 0x33, 0x9F, 0xD1, 0xFC, 0x00, 0x5F, 0xAE, 0xE9, 0x46, 0x64, 0xBF, 0x65,
    0x6C, 0xA5, 0x2D, 0xDD, 0x88, 0x0C, 0x49, 0x0F, 0x17, 0xDC, 0x74, 0xEE, 0xB6, 0x6D, 0xB8, 0xAF,
    0xED, 0xE0, 0x2F, 0x8B, 0xB6, 0x55, 0x17, 0x38, 0x04, 0x7C, 0xCA, 0xAC, 0x7F, 0xC3, 0x01, 0x06,
    0x5D, 0x63, 0x16, 0x80, 0xF1, 0x2F, 0xE0, 0xB6, 0xA7, 0x76, 0x24, 0x7F, 0x8C, 0x33, 0xFB, 0x69,
    0x3C, 0xF4, 0xC9, 0xF1, 0x18, 0xCB, 0xBA, 0xD2, 0xBF, 0x44, 0x46, 0xC6, 0xAF, 0x4D, 0xBE, 0x44,
    0xC2, 0xBC, 0x0E, 0xCA, 0xD7, 0x8A, 0xD2, 0xFD, 0xD9, 0xDE, 0x96, 0xE0, 0xCF, 0x09, 0x97, 0x3F,
    0x39, 0xE7, 0x0E, 0x6F, 0x26, 0x71, 0xDF, 0xBA, 0x01, 0x69, 0xF8, 0x05, 0xAA, 0x87, 0x60, 0x59,
    0xFF, 0xDA, 0xBE, 0xFD, 0x98, 0x13, 0xDE, 0x67, 0xC2, 0x5B, 0xB5, 0x65, 0x31, 0x24, 0xBF, 0xBC,
    0x83, 0xEA, 0x1C, 0x09, 0x67, 0xD7, 0x23, 0xA4, 0x3E, 0x00, 0x87, 0x15, 0x9F, 0x62, 0x26, 0x83,
    0xD0, 0x80, 0x33, 0x29, 0x15, 0x0C, 0x5F, 0x2C, 0x9B, 0x52, 0xCE, 0x99, 0x85, 0xB4, 0x9E, 0xA9,
    0xB3, 0x71, 0xCC, 0x6C, 0x30, 0xBC, 0x1D, 0xD8, 0xDC, 0x18, 0xBF, 0x26, 0x87, 0x91, 0x48, 0x79,
    0x63, 0x7C, 0xF8, 0x33, 0xFB, 0xA6, 0xFF, 0xD5, 0x1B, 0x1C, 0xF1, 0x0D, 0x0B, 0x61, 0x37, 0x3C,
    0xC8, 0xB8, 0xE5, 0xE7, 0x52, 0x0C, 0xDE, 0x16, 0xBF, 0xFD, 0xDC, 0xF5, 0xCD, 0xCE, 0xE0, 0x67,
    0x50, 0x7F, 0x05, 0xDE, 0xE1, 0xF6, 0x19, 0xB5, 0xF1, 0xAD, 0xCB, 0xBB, 0xD0, 0xE3, 0x73, 0xCA,
    0x71, 0x92, 0xC7, 0x9C, 0xDD, 0x36, 0x8E, 0x74, 0xAB, 0x6A, 0x6B, 0x93, 0x45, 0x0E, 0xF4, 0x4C,
    0x0A, 0x11, 0xF7, 0x7C, 0x12, 0xCF, 0x1D, 0x3D, 0x8B, 0x1C, 0x22, 0xF4, 0x9C, 0xB8, 0xE7, 0x13,
    0x2E, 0x32, 0xD5, 0x53, 0x88, 0x2C, 0x84, 0xB5, 0x7B, 0x1E, 0xC9, 0xF2, 0x00, 0x51, 0x75, 0x2E,
    0x55, 0x3A, 0x68, 0x94, 0x2C, 0xB6, 0x59, 0x87, 0x9D, 0xD1, 0xDD, 0x02, 0xD7, 0xB8, 0xFE, 0x9B,
    0xCF, 0x9E, 0xB9, 0xA0, 0x9D, 0x63, 0xCC, 0x17, 0x9D, 0x60, 0xE0, 0xCC, 0xE2, 0x58, 0xAE, 0x12,
    0xB0, 0xC7, 0x3E, 0x27, 0xE0, 0x79, 0x5C, 0x43, 0x3A, 0x75, 0x3B, 0x43, 0x6E, 0x47, 0xC5, 0x6F,
    0xD4, 0xB5, 0x0B, 0x91, 0xF2, 0x68, 0x89, 0x94, 0x7B, 0xC8, 0xF7, 0xFD, 0xF9, 0x53, 0x1F, 0xD7,
    0x6B, 0x9F, 0x5F, 0xD0, 0x65, 0x6E, 0x5D, 0xCC, 0x11, 0xFE, 0x5D, 0xCE, 0x31, 0x48, 0x5D, 0xC3,
    0xD1, 0x49, 0x7F, 0x2B, 0xE2, 0x96, 0x7E, 0x67, 0x96, 0x97, 0xF6, 0x62, 0x89, 0x1E, 0xED, 0xF3,
    0x19, 0xDC, 0xC7, 0x79, 0x46, 0x89, 0x0F, 0x5D, 0x2E, 0xFC, 0x6D, 0xB4, 0x9C, 0x53, 0xB7, 0xE1,
    0xCB, 0x29, 0x3A, 0xB2, 0x30, 0xB8, 0xB8, 0x17, 0xF2, 0x0B, 0xE8, 0x45, 0x26, 0x9A, 0xA1, 0x61,
    0x9F, 0x82, 0x51, 0xB8, 0xF0, 0x4C, 0xE2, 0x79, 0x6E, 0x98, 0xFF, 0x99, 0x45, 0x9E, 0x9A, 0x73,
    0xC3, 0xEC, 0xE5, 0xB2, 0xF3, 0x6C, 0xDE, 0xF9, 0x9C, 0xBC, 0xE7, 0x73, 0xFA, 0xA0, 0xE7, 0xED,
    0xFE, 0xC8, 0x3E, 0xCB, 0x67, 0x39, 0x2E, 0x37, 0x5E, 0x3A, 0x56, 0xA7, 0x86, 0x0F, 0xD6, 0xA1,
    0xE1, 0xA3, 0x75, 0x10, 0x19, 0x17, 0xFA, 0x86, 0xE9, 0x5E, 0xD7, 0x30, 0x3D, 0x3C, 0x36, 0xE4,
    0x83, 0x60, 0x68, 0xBD, 0x7C, 0x24, 0x13, 0x52, 0x60, 0x1B, 0xBF, 0x56, 0x01, 0x05, 0x1E, 0xD6,
    0x13, 0xAD, 0x58, 0xE9, 0xB0, 0xBF, 0x0E, 0xB1, 0x59, 0x52, 0x8E, 0x2E, 0x3C, 0x03, 0x3D, 0x9F,
    0xDD, 0x73, 0x89, 0x9E, 0x80, 0xEB, 0x33, 0xEE, 0x48, 0xC7, 0x46, 0x54, 0x22, 0xA2, 0x65, 0xDD,
    0x91, 0x5F, 0x0A, 0xF7, 0x40, 0x72, 0x15, 0xBC, 0x0D, 0xAF, 0x4B, 0x3D, 0xB2, 0xFD, 0x85, 0x03,
    0x8E, 0x8C, 0xB8, 0x16, 0x15, 0x2D, 0x31, 0x2B, 0xF9, 0xB8, 0xFF, 0x97, 0xB7, 0xFE, 0x18, 0x70,
    0x1F, 0xFB, 0x38, 0x56, 0xD0, 0x84, 0xB8, 0xEB, 0x26, 0x40, 0x9D, 0x9F, 0xF9, 0x18, 0xA5, 0x99,
    0xCC, 0xFE, 0x35, 0xE5, 0xC0, 0x1D, 0xD0, 0x1F, 0xC2, 0xAA, 0xE6, 0x88, 0x76, 0xE7, 0x66, 0x24,
    0x4E, 0x27, 0xBD, 0x67, 0x6D, 0x76, 0xA4, 0x2E, 0xDB, 0x8E, 0x0A, 0xF5, 0x3C, 0x46, 0xCA, 0x31,
    0x30, 0x52, 0x5E, 0x76, 0xB0, 0x4C, 0xFD, 0xCE, 0xF3, 0x29, 0xDA, 0x70, 0x2E, 0x0A, 0x9E, 0x1F,
    0xB2, 0xDF, 0xB7, 0x7F, 0x5B, 0xAB, 0xE7, 0xBD, 0x3E, 0x6C, 0xF7, 0xB9, 0x54, 0x16, 0xEF, 0x79,
    0x73, 0x1E, 0x38, 0x47, 0xDB, 0xBF, 0x10, 0xF7, 0x6B, 0xB7, 0x3C, 0x9F, 0x36, 0x10, 0x8C, 0x8D,
    0xA1, 0x13, 0x59, 0x32, 0x0B, 0x67, 0x06, 0x9B, 0xA9, 0x93, 0x05, 0xDD, 0x92, 0x7E, 0x14, 0xC6,
    0x23, 0x52, 0x93, 0x37, 0x10, 0x81, 0x68, 0xEE, 0x0F, 0x3F, 0xF1, 0xEB, 0x5E, 0x0A, 0x7C, 0x48,
    0x2F, 0x2F, 0xC7, 0x1B, 0x85, 0x76, 0xF5, 0xC8, 0xD2, 0xCB, 0xC8, 0x78, 0xF8, 0xD5, 0x15, 0x97,
    0xAF, 0xC0, 0x00, 0xF8, 0x03, 0x03, 0x6E, 0x5A, 0x1B, 0x7E, 0xE6, 0x01, 0xC7, 0xAA, 0x1C, 0x00,
    0x28, 0xFD, 0xCC, 0x1A, 0x43, 0x7C, 0xDD, 0x12, 0x81, 0xBF, 0x8E, 0xD7, 0x3C, 0x3B, 0x00, 0x56,
    0xE6, 0x1E, 0x2C, 0xF4, 0x7E, 0xAB, 0xAA, 0xB5, 0xB4, 0x00, 0xE8, 0x6B, 0x73, 0x8C, 0x29, 0x3C,
    0x90, 0xA9, 0x17, 0xA3, 0xF0, 0x2B, 0xEF, 0x81, 0x24, 0x0C, 0xF2, 0xE2, 0xC2, 0x55, 0x76, 0x41,
    0x8B, 0xBD, 0x87, 0xF4, 0x81, 0x00, 0xC2, 0xC3, 0xD8, 0x31, 0x82, 0x67, 0x06, 0x0A, 0x0E, 0x4F,
    0x34, 0x7C, 0xE1, 0x7C, 0xEC, 0xDC, 0x5A, 0x46, 0x09, 0x0C, 0x0C, 0x54, 0x12, 0xA8, 0x35, 0xD0,
    0xEF, 0x02, 0xA7, 0x47, 0x05, 0xF6, 0xDB, 0xD9, 0xEB, 0x9B, 0xEA, 0xB5, 0x1A, 0x9C, 0x1A, 0xB6,
    0x9A, 0x10, 0xE2, 0x1B, 0x3D, 0x03, 0x6D, 0x18, 0x20, 0xEE, 0x32, 0x97, 0x13, 0x5F, 0xCA, 0x0C,
    0x19, 0x90, 0xFF, 0x7A, 0x62, 0x8B, 0x3D, 0x68, 0x9B, 0x53, 0x5C, 0xE0, 0x13, 0xA0, 0x86, 0x5B,
    0xFA, 0x7B, 0x27, 0x5A, 0x82, 0x6D, 0x7B, 0x3D, 0x29, 0x6E, 0xCD, 0x80, 0xE8, 0xE2, 0x36, 0xB5,
    0x40, 0x24, 0x40, 0xB1, 0xD4, 0x48, 0xE4, 0xF3, 0xE9, 0xCF, 0x01, 0xC8, 0x3C, 0x73, 0x03, 0xFE,
    0x40, 0xCF, 0x55, 0x60, 0xFF, 0x2D, 0x9F, 0x37, 0xEE, 0xC0, 0xB9, 0x97, 0x12, 0x0A, 0x27, 0x62,
    0xD7, 0x57, 0x69, 0x11, 0xD1, 0x28, 0x64, 0x72, 0x82, 0xDA, 0x76, 0xF4, 0x85, 0x41, 0xEF, 0xB8,
    0x09, 0x8F, 0x1A, 0x14, 0x42, 0x32, 0x70, 0x44, 0x5B, 0xD8, 0xC1, 0xA4, 0xA4, 0xAC, 0x89, 0x03,
    0xD3, 0x5C, 0x70, 0x26, 0xEF, 0xA0, 0x1F, 0xEE, 0xFE, 0x2B, 0xB4, 0x92, 0x9F, 0x05, 0x15, 0x75,
    0x13, 0x7F, 0x26, 0x39, 0x43, 0xD0, 0xDD, 0xC6, 0x32, 0xD2, 0x22, 0x8B, 0x64, 0x21, 0x33, 0x4C,
    0xF2, 0x11, 0x54, 0x99, 0x53, 0x25, 0x01, 0x26, 0xFA, 0xA5, 0xF5, 0xB7, 0x62, 0x60, 0x60, 0xA0,
    0xD2, 0x2A, 0xEA, 0xAF, 0x09, 0xFC, 0x83, 0xBC, 0xFB, 0x50, 0xB9, 0x0F, 0x3F, 0x10, 0xE8, 0xA3,
    0xCD, 0x23, 0x49, 0x9D, 0xAF, 0x8C, 0xCA, 0xE1, 0xA9, 0xA4, 0x53, 0x87, 0xF2, 0x8C, 0xE6, 0x47,
    0xE1, 0xB9, 0x5A, 0x4E, 0xEA, 0x82, 0x80, 0x03, 0x61, 0x6F, 0xEC, 0x89, 0xD0, 0x82, 0xBC, 0x19,
    0xDB, 0x69, 0x2A, 0xAF, 0x5E, 0xF1, 0x17, 0xB9, 0x3A, 0xCC, 0x87, 0xE8, 0xCF, 0x0A, 0xE3, 0xEC,
    0xCD, 0xF2, 0xB3, 0x4F, 0xC1, 0x7D, 0xA4, 0x90, 0x89, 0x70, 0x92, 0xAD, 0x0B, 0x5B, 0x0F, 0x02,
    0x13, 0x65, 0x68, 0x27, 0xE1, 0x6F, 0x7C, 0xAB, 0x32, 0xF3, 0x08, 0x07, 0x97, 0x41, 0x9A, 0x9F,
    0x63, 0xB4, 0x1E, 0x64, 0xF8, 0x40, 0xD7, 0x0A, 0x54, 0xD8, 0x68, 0xCD, 0x37, 0x52, 0x91, 0xE4,
    0xD7, 0x05, 0xA2, 0xB0, 0x88, 0xE4, 0x8C, 0x1E, 0xF5, 0x21, 0x16, 0x9B, 0xD6, 0xEE, 0x3A, 0x14,
    0x7F, 0xFB, 0x07, 0x3C, 0x9C, 0x3E, 0x7A, 0xF5, 0xCA, 0x98, 0x9F, 0xAD, 0x98, 0xA4, 0x7B, 0xF8,
    0xF4, 0xF0, 0xED, 0x79, 0x20, 0xD4, 0xFC, 0xA4, 0xFD, 0x83, 0x2D, 0xBC, 0x99, 0x25, 0x2A, 0x3B,
    0x15, 0x5C, 0x4E, 0xD7, 0x93, 0x2D, 0x4C, 0xE6, 0x0F, 0x2E, 0xA6, 0x07, 0xC3, 0xA2, 0x07, 0xA7,
    0xDB, 0xA8, 0xAC, 0xEA, 0xEA, 0x0D, 0xEA, 0x86, 0xBC, 0xBA, 0xE3, 0xD6, 0xEF, 0x23, 0x08, 0x78,
    0x01, 0x07, 0xAF, 0x94, 0x2E, 0xA8, 0x38, 0x0B, 0x06, 0xD5, 0x9F, 0x75, 0x05, 0xB9, 0xE3, 0x8D,
    0x11, 0x07, 0x60, 0xA4, 0x98, 0x0D, 0x96, 0x88, 0xAD, 0xF4, 0x09, 0xF6, 0xAC, 0xC9, 0x51, 0x8C,
    0xA9, 0x51, 0x23, 0x7C, 0x1F, 0x48, 0xD6, 0xA2, 0x5B, 0xA8, 0xC9, 0x41, 0xEA, 0x2C, 0x68, 0x5B,
    0x06, 0x5E, 0x80, 0xA3, 0xA0, 0x6B, 0x39, 0xB9, 0x1C, 0x4A, 0x27, 0x72, 0x83, 0x3E, 0xDC, 0x93,
    0x53, 0xC3, 0xD1, 0xA5, 0x1C, 0x5F, 0x1E, 0x3E, 0x41, 0x06, 0xB8, 0x50, 0xB9, 0x05, 0x13, 0x9D,
    0x59, 0xB0, 0x56, 0x59, 0x01, 0x2A, 0x99, 0x6B, 0x20, 0x53, 0x89, 0x07, 0x6A, 0x73, 0xFF, 0x52,
    0x98, 0x87, 0x17, 0xE5, 0x51, 0xA7, 0xFD, 0xE9, 0x3A, 0xE5, 0xE6, 0xD0, 0x29, 0x1F, 0x88, 0x93,
    0x52, 0xC2, 0xE8, 0x58, 0x7D, 0xF3, 0xF6, 0x63, 0xE5, 0x25, 0xB8, 0xFE, 0xDD, 0xBD, 0xD4, 0x5E,
    0x11, 0x5F, 0xC8, 0x21, 0x84, 0x97, 0xD9, 0x8F, 0x72, 0xB4, 0xE8, 0x38, 0x2D, 0x72, 0x5A, 0xAC,
    0xBF, 0x03, 0x4C, 0xF2, 0xAA, 0x4D, 0x8B, 0x05, 0xCF, 0x3E, 0xF1, 0xA9, 0xC6, 0x5A, 0x26, 0x4D,
    0xD6, 0xB9, 0x7A, 0x12, 0x4E, 0x1B, 0x3C, 0xBC, 0xCC, 0x79, 0x42, 0xB3, 0xCB, 0xD9, 0xC2, 0x46,
    0x12, 0x60, 0xB9, 0x24, 0xEB, 0xDC, 0x28, 0xA8, 0x7D, 0x20, 0xB4, 0x30, 0xBA, 0x38, 0x5F, 0xF0,
    0x5A, 0xB4, 0x37, 0x0B, 0xD9, 0xCC, 0x3A, 0x77, 0x97, 0xC2, 0x25, 0x7C, 0x10, 0x7E, 0x60, 0xAD,
    0xF7, 0x95, 0x9D, 0x48, 0x2D, 0xE7, 0x8E, 0x84, 0x2F, 0x59, 0x61, 0xEB, 0xA6, 0xE5, 0x0F, 0x2D,
    0xCC, 0x59, 0xAE, 0xE7, 0xB3, 0x55, 0xF8, 0x72, 0x63, 0x36, 0x92, 0x4A, 0xB0, 0xC9, 0xE0, 0xD5,
    0xBF, 0x79, 0x75, 0x5D, 0xBB, 0xF6, 0x83, 0x79, 0xF6, 0x52, 0x92, 0x7F, 0x6E, 0x0D, 0xC5, 0x11,
    0xE4, 0x80, 0x99, 0xB5, 0x4B, 0xC5, 0xEF, 0xF7, 0x5A, 0xED, 0xE2, 0x3B, 0xFD, 0x84, 0xD7, 0xD6,
    0x39, 0x1E, 0x76, 0x64, 0x6D, 0x53, 0x76, 0x2F, 0x77, 0xEE, 0xAC, 0x76, 0xF7, 0x1B, 0x1C, 0x22,
    0x97, 0x5C, 0x02, 0x94, 0xF1, 0x90, 0x08, 0xDA, 0xAF, 0x45, 0xE9, 0x70, 0x03, 0x33, 0xB5, 0x5B,
    0x85, 0x28, 0xDE, 0x05, 0x60, 0xC8, 0x65, 0x22, 0x15, 0xB1, 0x47, 0x52, 0x8C, 0x88, 0xA5, 0x1B,
    0xFE, 0xD3, 0xF3, 0xF7, 0xE5, 0x19, 0x94, 0x3D, 0xAD, 0x7D, 0xF5, 0x5B, 0x2F, 0xFB, 0xD1, 0xF3,
    0x5F, 0x1D, 0xAE, 0x28, 0x3A, 0x7C, 0x32, 0xF0, 0x6F, 0xE7, 0x4B, 0xA6, 0xE6, 0xF6, 0x52, 0x44,
    0x0B, 0xEF, 0xFD, 0x83, 0xDF, 0x4F, 0xF4, 0xDB, 0xE7, 0x77, 0xD7, 0xE6, 0xE1, 0xFA, 0x5F, 0x8D,
    0x39, 0xE7, 0x9F, 0xDE, 0x1F, 0xF1, 0xBD, 0x11, 0xEF, 0x86, 0xDF, 0x3D, 0xA7, 0x73, 0xEB, 0x50,
    0xDD, 0x27, 0xA6, 0xF3, 0xA9, 0xD6, 0xF0, 0xFA, 0xBD, 0x01, 0xEE, 0x2F, 0xF3, 0xAA, 0xEB, 0x4A,
    0xA7, 0xF1, 0xFB, 0xA1, 0x1E, 0x46, 0xC1, 0xB3, 0x27, 0xFE, 0xA8, 0x61, 0xE0, 0xE7, 0xD2, 0xDF,
    0x2C, 0x40, 0x1A, 0x70, 0x8E, 0xC6, 0xEA, 0xF0, 0x39, 0xF3, 0xBA, 0x9B, 0x8E, 0xB4, 0xBE, 0x35,
    0x5E, 0x70, 0x30, 0x88, 0x28, 0xC4, 0x0E, 0x9F, 0x65, 0x64, 0x5D, 0x21, 0xF8, 0xEB, 0x1A, 0x2F,
    0x62, 0xA0, 0xC5, 0xAD, 0x61, 0x71, 0x0F, 0xF8, 0x5C, 0xD0, 0x45, 0x0F, 0xA4, 0xE6, 0xAB, 0x45,
    0x70, 0x4B, 0xED, 0x1D, 0xFE, 0x0F, 0xF8, 0x9C, 0x53, 0xE8, 0x4D, 0x47, 0xD2, 0x39, 0x1C, 0xB2,
    0xF8, 0x4C, 0xF1, 0x50, 0xFE, 0xE6, 0x1D, 0xAA, 0xA7, 0x32, 0xF2, 0xCA, 0x09, 0x38, 0x44, 0xDD,
    0xE1, 0xFB, 0x06, 0x23, 0xC8, 0x7F, 0x63, 0x96, 0x02, 0x59, 0xC8, 0x3F, 0x9A, 0x29, 0x63, 0x3B,
    0x25, 0x66, 0xED, 0xAC, 0x41, 0xE3, 0xE4, 0xA5, 0x69, 0x9F, 0x17, 0x7F, 0x20, 0xE7, 0x86, 0x1A,
    0x2E, 0x47, 0xF5, 0x9C, 0x26, 0xF0, 0x5C, 0x47, 0x8C, 0x23, 0xAD, 0x51, 0x4B, 0x7A, 0x40, 0x57,
    0xEE, 0x04, 0xE6, 0x70, 0xF0, 0xF3, 0xD9, 0x93, 0x06, 0xA4, 0x45, 0xE6, 0x21, 0xA2, 0x6C, 0xFC,
    0x5D, 0x04, 0xE7, 0x3F, 0xAF, 0x0B, 0xAF, 0x51, 0x0A, 0x4C, 0x05, 0x5A, 0xDA, 0x68, 0x7D, 0x0D,
    0xAF, 0x2F, 0x5C, 0x4B, 0xD8, 0x45, 0x58, 0x29, 0xE3, 0xC3, 0x42, 0xCF, 0xB9, 0xC0, 0x93, 0xD4,
    0x5F, 0x2A, 0x81, 0x02, 0xC4, 0x49, 0x1C, 0x3A, 0x43, 0xCD, 0xE6, 0x3B, 0x8E, 0x05, 0xAF, 0x60,
    0xF8, 0xDD, 0x37, 0xF7, 0xFA, 0x53, 0x1F, 0x46, 0x1D, 0xF0, 0xC3, 0x40, 0x6F, 0x6E, 0x9D, 0x6C,
    0x62, 0xCF, 0xA8, 0xB8, 0x15, 0x59, 0x33, 0xBC, 0x5D, 0xD5, 0x8B, 0x33, 0x47, 0x50, 0xCD, 0x4C,
    0xBE, 0xAC, 0x05, 0xA5, 0x4C, 0x41, 0x99, 0x3A, 0x81, 0x2B, 0x9C, 0x91, 0x07, 0xB7, 0x44, 0x0D,
    0xB9, 0x43, 0x34, 0x6A, 0x58, 0xBB, 0x6B, 0xB7, 0xA2, 0xDB, 0xAF, 0x8D, 0x8B, 0xB7, 0x34, 0x77,
    0xAD, 0xB7, 0xBF, 0xFE, 0xC6, 0xE2, 0x43, 0xE9, 0xA2, 0x25, 0x4F, 0xEE, 0xE2, 0xF0, 0xC8, 0xDE,
    0x16, 0x73, 0x82, 0x10, 0x86, 0x33, 0xDB, 0xF7, 0x16, 0xD0, 0xC8, 0x3A, 0xF4, 0x2A, 0x9C, 0xBC,
    0x41, 0xB9, 0x96, 0x51, 0x7D, 0x1A, 0x35, 0xA4, 0xE1, 0xF2, 0x43, 0x49, 0x5D, 0xD9, 0xA2, 0x7C,
    0x7B, 0x12, 0x91, 0x17, 0xB4, 0xE0, 0xD4, 0x0F, 0xA4, 0xE1, 0xA3, 0x28, 0x33, 0x57, 0xD6, 0x69,
    0xAD, 0x9C, 0xF0, 0x21, 0x78, 0x2A, 0x7B, 0x2A, 0xFB, 0x9E, 0x96, 0x1D, 0x90, 0x67, 0xCD, 0xD8,
    0x26, 0x0F, 0xA2, 0x3D, 0x4A, 0x8B, 0x47, 0x92, 0x16, 0x1B, 0x94, 0x16, 0x07, 0x41, 0x1F, 0xCE,
    0x82, 0x2E, 0x38, 0x9D, 0x34, 0x4B, 0x8B, 0x9E, 0x0E, 0xDC, 0x01, 0x0B, 0xF4, 0x1B, 0x92, 0x16,
    0xED, 0xBE, 0xEF, 0xD9, 0x17, 0x83, 0xA4, 0xC5, 0x46, 0x48, 0x8B, 0x0D, 0xC7, 0x6C, 0xD1, 0xBE,
    0xF6, 0xCF, 0x2C, 0x2D, 0x36, 0x42, 0x5A, 0x14, 0xBE, 0x3F, 0x4F, 0xCF, 0xDF, 0xE1, 0xE7, 0x5A,
    0xA9, 0x22, 0x9D, 0x45, 0xE1, 0xFE, 0xF0, 0x40, 0x7B, 0xD8, 0x79, 0xDF, 0x1E, 0x86, 0xE6, 0x07,
    0x67, 0xDA, 0x85, 0xDC, 0x43, 0xE7, 0x08, 0x23, 0x8C, 0x52, 0x32, 0xED, 0x76, 0x64, 0xDA, 0xF5,
    0xCE, 0x6A, 0x6C, 0xF1, 0x1F, 0xD9, 0xEF, 0xA0, 0xF0, 0x07, 0xE0, 0x89, 0x54, 0x6E, 0xE4, 0x3C,
    0x90, 0x4A, 0x6B, 0x6E, 0xE4, 0x72, 0xDB, 0x2C, 0x64, 0x0F, 0xEB, 0xA4, 0x3D, 0xEC, 0xC4, 0xB6,
    0xA0, 0xDA, 0xA6, 0xB4, 0xE1, 0x30, 0x52, 0x91, 0xCF, 0xA6, 0xB4, 0xC9, 0x6C, 0x38, 0x90, 0x76,
    0xAC, 0x45, 0x74, 0xE9, 0xC4, 0x40, 0x6E, 0xFD, 0xF8, 0x4F, 0x91, 0xF0, 0xC7, 0xD9, 0x04, 0x32,
    0xE1, 0xA9, 0xF3, 0x2E, 0xE0, 0xB4, 0x05, 0x84, 0xED, 0x04, 0x3D, 0x50, 0x7D, 0xE3, 0x5E, 0x4F,
    0x95, 0x1C, 0x4F, 0x29, 0x47, 0x5A, 0x88, 0x68, 0xDA, 0x21, 0x17, 0xC0, 0x29, 0x93, 0xF3, 0xA6,
    0x66, 0x94, 0xE6, 0x3A, 0xF1, 0xD6, 0x5C, 0x5E, 0x05, 0xE1, 0xAA, 0x31, 0x07, 0x2B, 0xC7, 0xE6,
    0xFA, 0x5E, 0x1A, 0xF2, 0x3B, 0x32, 0xF1, 0xB7, 0x64, 0xF0, 0xB9, 0x7F, 0x85, 0x18, 0x52, 0x4A,
    0xDC, 0x49, 0x55, 0x74, 0x9A, 0xC4, 0x37, 0xD0, 0x4E, 0x9E, 0x36, 0x70, 0x94, 0xBD, 0x87, 0xFE,
    0x3F, 0xED, 0x5A, 0xBD, 0x92, 0xE4, 0x48, 0x11, 0x96, 0x5A, 0x11, 0x2B, 0xA3, 0x0D, 0x59, 0x8B,
    0xB1, 0x63, 0xB4, 0x8F, 0x81, 0x1E, 0x41, 0xF2, 0xB1, 0xC7, 0x3A, 0x03, 0x1F, 0x8C, 0x7B, 0x04,
    0x75, 0xC4, 0x99, 0x18, 0xAC, 0x73, 0x6F, 0x70, 0x06, 0x9C, 0x73, 0x2E, 0x9E, 0x14, 0xC7, 0x03,
    0x20, 0x82, 0x07, 0x40, 0x01, 0x7B, 0x06, 0x60, 0xA0, 0x08, 0x64, 0xF4, 0x82, 0xA4, 0xA4, 0xF2,
    0x3F, 0x35, 0x37, 0x1D, 0xEC, 0x05, 0x17, 0x01, 0x73, 0x9C, 0x26, 0x76, 0x2B, 0xAB, 0xA7, 0xAB,
    0x2A, 0x2B, 0x7F, 0xBF, 0x4C, 0x4D, 0x96, 0xA5, 0xE7, 0x63, 0xF8, 0x33, 0x0E, 0x0D, 0x5C, 0xB3,
    0x0B, 0x00, 0xBC, 0x4B, 0x74, 0x07, 0x43, 0x0E, 0xF8, 0xB4, 0x44, 0x9F, 0x89, 0x9E, 0x89, 0x6E,
    0x88, 0xDE, 0x88, 0x06, 0x90, 0x2F, 0x75, 0xF0, 0x1B, 0xD8, 0xDB, 0x1F, 0x24, 0x7A, 0x4C, 0xF4,
    0xDF, 0xD2, 0x4E, 0xB8, 0xD5, 0x9C, 0x68, 0x58, 0xD3, 0x76, 0x39, 0x0E, 0x89, 0x9E, 0xF8, 0x9C,
    0x1D, 0xE9, 0x16, 0xE9, 0x0A, 0x20, 0xD1, 0x3B, 0x92, 0x59, 0x01, 0x30, 0x74, 0xF4, 0x75, 0x5A,
    0x30, 0x76, 0x78, 0x20, 0x3E, 0x3D, 0x4C, 0x1D, 0x2F, 0xC5, 0xC5, 0x73, 0x97, 0xCE, 0xA0, 0xA7,
    0x86, 0x25, 0xF1, 0xC0, 0x74, 0x05, 0xB7, 0x40, 0xAF, 0x46, 0x9F, 0x03, 0x5D, 0xC2, 0x66, 0x74,
    0x71, 0xA0, 0xF7, 0x3B, 0x34, 0x3C, 0x4B, 0x9F, 0xBE, 0x21, 0x5D, 0xDC, 0xA5, 0xEF, 0x9D, 0xBB,
    0x3D, 0xCB, 0x73, 0xBC, 0x4B, 0xBC, 0xE3, 0x25, 0xDC, 0x3D, 0xCA, 0x84, 0x64, 0x35, 0x04, 0x19,
    0x0A, 0x4D, 0x72, 0x1E, 0x83, 0xCC, 0x17, 0xD9, 0xDE, 0x75, 0x71, 0x61, 0x1D, 0x0D, 0xBC, 0x94,
    0x74, 0xB7, 0xF0, 0xD7, 0x17, 0xA4, 0x51, 0x79, 0x35, 0xAA, 0x13, 0xE9, 0xF7, 0xD9, 0x43, 0xFA,
    0xFF, 0x4A, 0x7A, 0xA7, 0x67, 0x47, 0xDB, 0xF8, 0x92, 0xE9, 0x1B, 0xD9, 0x49, 0x47, 0xF4, 0xE8,
    0xB6, 0xB4, 0xB1, 0x8D, 0xD1, 0xFA, 0x51, 0xE8, 0xBC, 0x87, 0xCF, 0x32, 0xA1, 0xF5, 0x79, 0x29,
    0xF4, 0x9B, 0xCF, 0xDB, 0x2C, 0x3E, 0xC9, 0x13, 0xDE, 0x2A, 0xFD, 0x8A, 0x5D, 0xA4, 0x04, 0x5E,
    0x44, 0x42, 0xA9, 0x80, 0x6D, 0x84, 0x7E, 0x45, 0x93, 0x8A, 0x27, 0xE3, 0x05, 0xF4, 0x5B, 0xE9,
    0x7B, 0x38, 0xC9, 0x49, 0x44, 0x0F, 0xB0, 0xD7, 0x40, 0x0A, 0xB8, 0x91, 0x4A, 0x7A, 0xA0, 0x25,
    0x83, 0xAC, 0x44, 0x75, 0xEC, 0x62, 0x77, 0x80, 0xEB, 0x6F, 0xA2, 0x75, 0x40, 0x75, 0xCF, 0x62,
    0x0E, 0x80, 0x9B, 0x0D, 0x99, 0x3A, 0xDE, 0x09, 0xB5, 0xA6, 0x9A, 0x2F, 0x00, 0xCC, 0x42, 0xD1,
    0xEA, 0xCC, 0x8C, 0xD1, 0xD4, 0x32, 0x75, 0x4A, 0xF4, 0x33, 0x9F, 0x5C, 0xC4, 0x72, 0xF0, 0x8C,
    0xC4, 0xC0, 0x7C, 0x67, 0xD2, 0x1C, 0x27, 0xD3, 0xDD, 0xC9, 0xF8, 0xAD, 0x4E, 0xEE, 0x9F, 0x73,
    0x8F, 0xB7, 0x03, 0xD7, 0x87, 0xCB, 0xD9, 0xB5, 0xB3, 0x28, 0x10, 0x9C, 0x9C, 0x55, 0x54, 0x19,
    0xC9, 0x6D, 0xF7, 0x89, 0x49, 0x34, 0x63, 0x59, 0x9B, 0xF7, 0xE1, 0xBF, 0xD1, 0x84, 0x98, 0x94,
    0x34, 0x9B, 0xE0, 0x13, 0x3F, 0xAB, 0x38, 0x20, 0xE9, 0x14, 0x5C, 0x8D, 0x15, 0x2F, 0x2A, 0x49,
    0xC1, 0x85, 0xBA, 0x10, 0x88, 0x85, 0x7C, 0x95, 0x7D, 0x04, 0x34, 0x51, 0xDB, 0xD9, 0x21, 0x58,
    0xD5, 0x04, 0xC1, 0xDE, 0x32, 0x70, 0x4B, 0x5C, 0x64, 0x82, 0x36, 0xBA, 0xB7, 0x32, 0xC9, 0xDE,
    0xC0, 0xFE, 0x36, 0xCB, 0x8C, 0x7D, 0xE5, 0xFA, 0x85, 0x4F, 0x7E, 0xFA, 0x2B, 0x1E, 0x1F, 0xA0,
    0xC5, 0x54, 0x57, 0x52, 0xE8, 0xBB, 0xA2, 0x5B, 0xE0, 0x88, 0xC2, 0xC1, 0xB1, 0x92, 0xB1, 0x91,
    0x11, 0x78, 0xFC, 0x44, 0xC6, 0x5F, 0x98, 0xDC, 0x39, 0x6C, 0xB1, 0xF6, 0x3B, 0xF1, 0x31, 0x0D,
    0x99, 0x9D, 0x1C, 0xAC, 0xE9, 0x4C, 0x43, 0xAC, 0xA6, 0x34, 0x0D, 0xBF, 0x1A, 0x42, 0xBE, 0x1F,
    0x8F, 0x63, 0x23, 0x81, 0x89, 0xD5, 0xB5, 0xBF, 0x35, 0x12, 0x34, 0x64, 0xE5, 0x8A, 0x42, 0x42,
    0xE8, 0x14, 0x57, 0x91, 0xB4, 0xA3, 0xE6, 0x4E, 0xAA, 0x38, 0x23, 0xAC, 0x49, 0x09, 0x06, 0xF7,
    0xBF, 0x90, 0x93, 0x9E, 0x48, 0x65, 0xE2, 0xFE, 0x0D, 0x2E, 0xE8, 0x79, 0x6B, 0x8A, 0x7D, 0xA2,
    0xBF, 0x3C, 0xD1, 0xB9, 0x3A, 0x78, 0x37, 0xA5, 0x45, 0xE2, 0xF9, 0x3F, 0x42, 0x17, 0x5C, 0x8D,
    0xC7, 0x0F, 0xA3, 0x21, 0xD2, 0x76, 0xC1, 0x13, 0x58, 0x70, 0xC2, 0x73, 0x77, 0xA3, 0x7B, 0x86,
    0x62, 0x1A, 0xBB, 0x2D, 0xA1, 0x5C, 0x5C, 0x0A, 0x14, 0x0D, 0xD0, 0x71, 0x5D, 0x24, 0xEF, 0x15,
    0x07, 0xB0, 0x7B, 0x67, 0x2E, 0x88, 0xAB, 0xCB, 0x50, 0x43, 0xDB, 0xC7, 0x2A, 0x1F, 0x9B, 0x0C,
    0x7E, 0xB8, 0x05, 0x43, 0x94, 0x9B, 0x86, 0x3F, 0x3C, 0x71, 0x0D, 0x29, 0xD0, 0xD9, 0x3D, 0x87,
    0xFB, 0x9D, 0x04, 0xDE, 0xC9, 0x9D, 0xDA, 0x70, 0xA7, 0x6B, 0x58, 0x7C, 0xCD, 0x7E, 0xED, 0x74,
    0xB9, 0x19, 0x9D, 0xFC, 0xD3, 0xBE, 0xDF, 0x06, 0xD8, 0x62, 0xD1, 0x3A, 0xA1, 0xA5, 0x24, 0x86,
    0x4D, 0x51, 0x11, 0x9E, 0x7D, 0xE5, 0xA5, 0x37, 0x3C, 0xFB, 0x3D, 0xF3, 0x39, 0xD3, 0x35, 0xBE,
    0xC2, 0x64, 0xCC, 0x7A, 0x77, 0x7B, 0x28, 0xC0, 0xED, 0x44, 0x23, 0xE6, 0x68, 0x02, 0x55, 0x8D,
    0x93, 0x44, 0x54, 0xEC, 0x3F, 0x73, 0x3B, 0xF4, 0x1C, 0xB8, 0xDE, 0x23, 0x4E, 0x1F, 0x40, 0x14,
    0xFF, 0x19, 0x51, 0x7E, 0x8D, 0x38, 0x33, 0x21, 0xF7, 0x81, 0x51, 0x9C, 0x01, 0xA6, 0x0F, 0x20,
    0xC6, 0xD7, 0x8F, 0x3F, 0x81, 0xED, 0xF1, 0xF1, 0xB1, 0xB5, 0x7D, 0xBE, 0x27, 0x3E, 0x98, 0x08,
    0xBA, 0xD8, 0x94, 0xD8, 0x9F, 0xF8, 0x7D, 0xA1, 0xDE, 0x85, 0x16, 0xFA, 0xF8, 0x68, 0x1E, 0x3B,
    0x90, 0x6D, 0x8B, 0x01, 0x36, 0x4A, 0x54, 0xFA, 0xAB, 0x93, 0xB9, 0x65, 0x72, 0xDD, 0x7F, 0xB4,
    0xBD, 0xED, 0xB6, 0xAA, 0x63, 0xA5, 0x7A, 0xE1, 0x7F, 0x8B, 0x5C, 0xFF, 0xCF, 0xC9, 0xEB, 0x53,
    0xB2, 0x42, 0x52, 0x53, 0xDB, 0xAA, 0xE8, 0x2F, 0x45, 0x52, 0xC1, 0x7E, 0x18, 0x54, 0x05, 0x23,
    0xA4, 0xC0, 0xBD, 0x36, 0x64, 0x44, 0x68, 0x1D, 0x6B, 0x4D, 0x1B, 0x9F, 0xE1, 0x9F, 0xB0, 0x56,
    0x18, 0xB6, 0x53, 0x2C, 0xFE, 0x3D, 0xAC, 0x18, 0xA5, 0xFE, 0x92, 0x3C, 0x37, 0x1D, 0x21, 0xC1,
    0xFD, 0x86, 0x61, 0x81, 0x7D, 0x79, 0x44, 0xB2, 0xE6, 0x42, 0x0C, 0x49, 0x0A, 0x69, 0x13, 0xC7,
    0x8D, 0x8E, 0x12, 0x0C, 0x45, 0xA0, 0xBC, 0x97, 0xBC, 0xE1, 0xB0, 0xB9, 0x80, 0xC9, 0xF1, 0x70,
    0x09, 0x73, 0x6D, 0x10, 0xB8, 0xC2, 0xC2, 0x64, 0xB5, 0x04, 0x34, 0x38, 0x04, 0xAE, 0x53, 0xE4,
    0xB6, 0x2C, 0xD0, 0x44, 0xD4, 0xDB, 0x41, 0xC8, 0x03, 0x94, 0x48, 0x2D, 0x92, 0xAF, 0x54, 0x84,
    0x8A, 0x33, 0x50, 0x89, 0x38, 0x09, 0x03, 0x9E, 0x93, 0x13, 0x03, 0x13, 0xD5, 0xB3, 0xCA, 0x00,
    0x1E, 0xBC, 0xCA, 0x64, 0xC8, 0x0C, 0x85, 0xD7, 0x28, 0x63, 0x65, 0xA1, 0x81, 0xE0, 0x71, 0xDD,
    0x1E, 0x52, 0x11, 0xFB, 0xA5, 0x9C, 0xCA, 0x4B, 0xD5, 0xBF, 0x16, 0xE6, 0x76, 0x52, 0x06, 0x94,
    0x85, 0x92, 0xB9, 0x62, 0x16, 0x2A, 0x96, 0x12, 0x17, 0x02, 0x15, 0x6F, 0xC3, 0x2C, 0xD4, 0x7C,
    0x00, 0xB3, 0x20, 0x99, 0x8B, 0x59, 0xE8, 0xF6, 0x90, 0x0D, 0x55, 0x62, 0x64, 0x13, 0x3E, 0x19,
    0x94, 0x01, 0x66, 0xA1, 0x50, 0xF9, 0x23, 0x0B, 0xA5, 0x22, 0x03, 0x64, 0xA1, 0x0A, 0xAD, 0x8E,
    0x38, 0x59, 0x95, 0x01, 0x66, 0xC1, 0x52, 0x27, 0xB2, 0xD0, 0xED, 0x21, 0x21, 0x7B, 0xDE, 0x4E,
    0x2C, 0xC4, 0xC9, 0x97, 0xA6, 0xE6, 0xC4, 0xC2, 0x9F, 0xCC, 0x00, 0x28, 0x16, 0x19, 0x34, 0xA9,
    0x03, 0x38, 0xA0, 0xE0, 0x74, 0x98, 0xB4, 0x01, 0x1E, 0x1C, 0x60, 0xCE, 0x1E, 0x31, 0xC1, 0x1A,
    0x91, 0xF9, 0x2D, 0x4E, 0x96, 0x2C, 0xC0, 0x82, 0xD9, 0x27, 0x4D, 0xC0, 0x46, 0xE9, 0xA0, 0xAB,
    0x82, 0x02, 0x89, 0xBE, 0xA3, 0xEC, 0x3C, 0x7A, 0x59, 0x3B, 0x09, 0x1B, 0x29, 0xF9, 0x0D, 0x62,
    0xAD, 0xB3, 0x7C, 0x7B, 0x50, 0x33, 0x6B, 0xCC, 0xA8, 0x86, 0xC6, 0x8A, 0xE3, 0x9B, 0x9E, 0x51,
    0x1B, 0x48, 0x57, 0x03, 0x6B, 0xB5, 0x16, 0xEC, 0x25, 0xBA, 0x37, 0x5E, 0x04, 0xEA, 0x15, 0x9B,
    0x5D, 0xB3, 0x41, 0xAE, 0x22, 0xE8, 0x36, 0x4D, 0x07, 0x27, 0x15, 0x51, 0xBF, 0x12, 0x76, 0x11,
    0x04, 0x72, 0x15, 0x5B, 0x14, 0x83, 0x2D, 0x44, 0xAA, 0x39, 0xFA, 0x39, 0x2F, 0x28, 0x2D, 0x09,
    0xCC, 0x62, 0x39, 0xE9, 0xE0, 0xDE, 0x4D, 0x55, 0x3B, 0x00, 0x7C, 0xC9, 0x02, 0x7F, 0xC1, 0x78,
    0xE9, 0x02, 0x95, 0xD8, 0xF0, 0xA0, 0x52, 0xAC, 0xF7, 0x4A, 0x2C, 0x79, 0x50, 0x0B, 0x6F, 0x36,
    0x4E, 0x5C, 0x24, 0x59, 0xBE, 0x77, 0xB7, 0x32, 0xC0, 0xB8, 0xE0, 0xF9, 0xBC, 0xA0, 0x4F, 0xC1,
    0x65, 0x23, 0x41, 0x98, 0x03, 0xC0, 0x72, 0x62, 0x73, 0xDF, 0x2D, 0x0B, 0xA6, 0xD5, 0x6C, 0xF4,
    0x9B, 0xA6, 0xC1, 0x13, 0x7D, 0xD4, 0xD2, 0xAD, 0x19, 0xB3, 0x11, 0x87, 0xBD, 0x39, 0xC0, 0x89,
    0x4B, 0xD9, 0x81, 0x79, 0xA6, 0xB3, 0x72, 0x6E, 0x95, 0x0C, 0x14, 0x95, 0x72, 0xD6, 0x04, 0xDE,
    0xFB, 0x9C, 0xFE, 0xD5, 0x30, 0xB1, 0x20, 0x50, 0x11, 0x43, 0xE2, 0xA4, 0x25, 0xE5, 0x16, 0xAC,
    0x55, 0xDC, 0xE3, 0x02, 0xCC, 0x73, 0xC9, 0x96, 0x81, 0x7B, 0xD4, 0x3B, 0x32, 0x78, 0x43, 0xF5,
    0xAB, 0x5B, 0x35, 0x1B, 0x27, 0x6C, 0xB1, 0x27, 0xDC, 0xA3, 0x59, 0x19, 0x58, 0x55, 0xDA, 0x96,
    0x5C, 0x88, 0x69, 0xBC, 0x64, 0x0D, 0xE6, 0x75, 0xC8, 0x61, 0x4E, 0x30, 0xD4, 0xB2, 0x3F, 0xB1,
    0x83, 0x1F, 0x6D, 0x9A, 0x06, 0x73, 0xF9, 0xA8, 0xED, 0x56, 0xC5, 0xAA, 0xCC, 0x61, 0x62, 0xB0,
    0x5F, 0xD5, 0x15, 0x0A, 0xC9, 0xF6, 0x83, 0xD8, 0x5D, 0xDA, 0x96, 0x54, 0x95, 0x3E, 0xFA, 0x9D,
    0x3A, 0x00, 0xC0, 0xCF, 0x89, 0xC3, 0x0B, 0xFC, 0xD1, 0x5B, 0xA1, 0xBF, 0x25, 0x0E, 0x2B, 0xF8,
    0xBB, 0x7A, 0x46, 0x27, 0xE6, 0x56, 0x29, 0x84, 0x65, 0xC7, 0x15, 0x48, 0xEE, 0x7D, 0x41, 0xB6,
    0xC4, 0xC2, 0x6B, 0x87, 0x8B, 0x38, 0x64, 0xE1, 0xFE, 0x5B, 0xC9, 0x47, 0x27, 0xF7, 0xE2, 0xB3,
    0x78, 0x6A, 0xEE, 0x1F, 0x95, 0xEA, 0xAF, 0x06, 0x94, 0x71, 0x8F, 0x39, 0xD3, 0x66, 0xA1, 0x7D,
    0x34, 0x1D, 0xFC, 0x88, 0xBB, 0xBA, 0x07, 0x6F, 0xF3, 0x88, 0x9C, 0xD5, 0x31, 0x08, 0x5D, 0xA3,
    0x33, 0x7B, 0x87, 0xA5, 0x07, 0xEA, 0x5B, 0x89, 0x0C, 0x77, 0x47, 0x54, 0xA8, 0xCD, 0x5C, 0xCF,
    0xAB, 0x18, 0xF8, 0x2F, 0x9E, 0xDC, 0x1A, 0x2B, 0xC3, 0xAF, 0x99, 0xED, 0x40, 0x43, 0xC9, 0xD2,
    0x28, 0xD4, 0x1C, 0x47, 0x3A, 0x6F, 0xE1, 0xDF, 0xCF, 0x24, 0x24, 0xE9, 0x59, 0xAF, 0xAC, 0x2E,
    0x6D, 0x8E, 0x5A, 0x89, 0x78, 0x46, 0xE1, 0x9D, 0x60, 0x73, 0x88, 0x57, 0xE8, 0xE5, 0x90, 0xA1,
    0x4A, 0x35, 0x87, 0xE9, 0xBD, 0x76, 0x6D, 0x60, 0x4B, 0xD5, 0x85, 0x9E, 0x59, 0x9C, 0x4C, 0x0C,
    0x7D, 0x62, 0xF2, 0x4A, 0x0C, 0xFD, 0xD5, 0xA3, 0x21, 0xB8, 0x82, 0x59, 0xC5, 0x56, 0x4A, 0x5D,
    0x62, 0xD0, 0x3D, 0xC3, 0xB1, 0xE8, 0x5C, 0xEE, 0xC4, 0xD9, 0xF8, 0xB5, 0x3C, 0x06, 0xEA, 0x22,
    0xC6, 0xF3, 0x43, 0xA4, 0xAF, 0x43, 0x51, 0x48, 0x60, 0xE3, 0xE6, 0xEB, 0xEB, 0x60, 0x0B, 0xAB,
    0x69, 0x09, 0x3D, 0xA9, 0x0C, 0x46, 0x38, 0x79, 0xB5, 0x8B, 0xFE, 0x6A, 0x0C, 0xC5, 0xD6, 0x17,
    0x05, 0x9B, 0x0B, 0xB8, 0xDB, 0x59, 0x79, 0x47, 0x11, 0xAA, 0x10, 0x29, 0x74, 0x02, 0x9C, 0x67,
    0xAF, 0x31, 0xD9, 0xD2, 0x24, 0xC0, 0x72, 0x43, 0x54, 0x62, 0x72, 0x25, 0x2D, 0x6B, 0x45, 0x5B,
    0x83, 0xF5, 0x60, 0x98, 0x21, 0xBD, 0x31, 0x32, 0x54, 0xA8, 0x2C, 0x1A, 0xAA, 0x2C, 0x57, 0x93,
    0xB1, 0xA5, 0x12, 0x62, 0xC8, 0x60, 0x13, 0x32, 0xE4, 0x0D, 0x0B, 0x40, 0x0C, 0x35, 0x9A, 0x62,
    0x42, 0x83, 0xB1, 0x89, 0x93, 0x0E, 0x77, 0xB3, 0x9E, 0xE2, 0x16, 0x7B, 0x8A, 0xAB, 0x5B, 0x3C,
    0x82, 0xA3, 0xD2, 0xEB, 0x87, 0xD9, 0xD1, 0x55, 0x42, 0x67, 0x28, 0xF5, 0xAB, 0x27, 0x42, 0x4F,
    0x81, 0x03, 0x2A, 0x67, 0x74, 0x70, 0xE4, 0x69, 0xAF, 0x75, 0x74, 0xD5, 0x01, 0xF1, 0x27, 0x79,
    0x6D, 0xCF, 0x1C, 0x50, 0xD1, 0x60, 0xB9, 0xEC, 0xE6, 0xB5, 0x4C, 0xA1, 0xEF, 0x00, 0x0C, 0xAA,
    0x69, 0x9A, 0x3A, 0xF3, 0x09, 0x9A, 0x8D, 0x06, 0x0D, 0xD1, 0x84, 0x15, 0x1D, 0x5D, 0x09, 0x50,
    0x91, 0xDC, 0x03, 0x22, 0xA2, 0xC5, 0x91, 0x92, 0x24, 0x97, 0x35, 0x14, 0x57, 0x32, 0x91, 0x84,
    0xB2, 0x38, 0xBA, 0x52, 0xA4, 0x44, 0x3D, 0x54, 0x43, 0x4A, 0x9C, 0x2B, 0xEC, 0xA5, 0xC7, 0xE0,
    0x48, 0x09, 0xF5, 0x6D, 0x48, 0x89, 0xD2, 0x00, 0x98, 0x96, 0x66, 0x47, 0x4A, 0xC8, 0x42, 0xBF,
    0x65, 0x5E, 0xDF, 0x99, 0x62, 0x4A, 0x8C, 0xED, 0x37, 0x33, 0xF2, 0xBD, 0xF0, 0x06, 0x09, 0xC6,
    0xF3, 0xC9, 0x1D, 0xEB, 0xC7, 0xEE, 0xA7, 0x3D, 0xFC, 0xC1, 0xFD, 0xA7, 0x8B, 0x4E, 0xDB, 0x44,
    0xA7, 0x3D, 0x78, 0x70, 0xE5, 0x71, 0xF5, 0x89, 0x3B, 0x97, 0x11, 0x36, 0x15, 0xC1, 0x19, 0x91,
    0x85, 0x39, 0xFA, 0xF6, 0x18, 0x27, 0xFE, 0x9E, 0xE2, 0xD0, 0x80, 0xC9, 0xFA, 0xFB, 0x8D, 0x53,
    0x67, 0xC0, 0x7B, 0x1A, 0x06, 0xD7, 0x9D, 0x83, 0x25, 0xA2, 0xB3, 0xC0, 0xC0, 0x25, 0x32, 0x10,
    0x5F, 0x94, 0xE4, 0xB1, 0x1B, 0xF4, 0x00, 0x01, 0xAC, 0x42, 0x10, 0xB4, 0x77, 0xA8, 0x28, 0x87,
    0xD9, 0x66, 0x67, 0x08, 0xB1, 0xE9, 0x0C, 0xC7, 0xB6, 0xD4, 0xEE, 0x1B, 0x3F, 0x7E, 0xDA, 0x46,
    0x01, 0xCA, 0x33, 0x7C, 0x13, 0xB2, 0x74, 0xD2, 0x8F, 0x68, 0x5D, 0x43, 0xAE, 0xC6, 0xD5, 0xC5,
    0xB9, 0xF8, 0x2D, 0xA7, 0xEC, 0x49, 0xD5, 0x7F, 0x58, 0xE5, 0xD1, 0xD2, 0xDE, 0xD5, 0x78, 0x30,
    0xE3, 0xA8, 0xF4, 0xEC, 0xB1, 0xFB, 0xB3, 0xC7, 0xCE, 0x4F, 0xF3, 0xEB, 0xA1, 0xC3, 0x78, 0x38,
    0x76, 0xF5, 0x63, 0x17, 0x3F, 0xF6, 0x19, 0x66, 0x43, 0x3B, 0xEF, 0xE2, 0xCC, 0x36, 0x2F, 0x8B,
    0xD9, 0x35, 0x26, 0x2B, 0x7B, 0x15, 0xA2, 0xCF, 0xFC, 0x6F, 0xC9, 0xB0, 0x2C, 0xBE, 0xDD, 0x7B,
    0xE5, 0x6D, 0x7E, 0xED, 0xD0, 0x0C, 0x21, 0x57, 0x6A, 0xA9, 0xD4, 0xC1, 0x8E, 0xDD, 0x34, 0x73,
    0xC0, 0xD0, 0x54, 0x3E, 0x8E, 0xEB, 0x8B, 0x1C, 0x4F, 0x4F, 0xC6, 0xC2, 0x42, 0xB5, 0x96, 0x52,
    0xCB, 0xA1, 0x00, 0x93, 0x34, 0xA4, 0xD6, 0x22, 0x2F, 0xB7, 0xBE, 0x10, 0x27, 0x56, 0x2F, 0xD7,
    0xA6, 0x37, 0xF0, 0x1F, 0x25, 0xD8, 0xE7, 0x5F, 0x80, 0x95, 0x63, 0x70, 0xB4, 0x3A, 0x4D, 0x6F,
    0x5A, 0xB7, 0xE9, 0xBB, 0xBA, 0xF2, 0x09, 0x5F, 0xA7, 0x17, 0x2A, 0xE7, 0xAF, 0x8F, 0x47, 0xFB,
    0xB1, 0xC8, 0xAD, 0x5E, 0xD4, 0x19, 0xF6, 0x3D, 0xDA, 0xA5, 0xD6, 0x97, 0x59, 0x2F, 0xE3, 0x59,
    0x45, 0xF8, 0xFA, 0xF3, 0xF6, 0x87, 0xBF, 0xEC, 0xB6, 0xFF, 0xC6, 0x4F, 0xF3, 0xAD, 0xFF, 0xBC,
    0xF9, 0xCC, 0xC3, 0xC6, 0x3B, 0xF5, 0xFE, 0xAB, 0x8C, 0x8B, 0x8C, 0x5B, 0x2C, 0x9D, 0x5E, 0x7F,
    0xE4, 0xB6, 0x34, 0x8A, 0xCD, 0x4E, 0x87, 0xA4, 0x76, 0xFE, 0x8E, 0x8D, 0xA5, 0x21, 0xA9, 0x80,
    0xB9, 0xB5, 0x22, 0x8F, 0xA0, 0x41, 0xBB, 0x31, 0x17, 0x49, 0xAF, 0x25, 0xB8, 0x2C, 0x47, 0x89,
    0x85, 0x53, 0x1C, 0x7B, 0x2D, 0xA2, 0xF8, 0x7B, 0xB5, 0x36, 0x3E, 0xAC, 0x64, 0x1C, 0xE2, 0x39,
    0x7A, 0x6E, 0x69, 0xB1, 0x63, 0xF9, 0x4E, 0xCA, 0xBB, 0xB2, 0x71, 0x8A, 0x3D, 0xD7, 0x57, 0x9A,
    0x28, 0x58, 0x4A, 0xBD, 0x94, 0x61, 0xFA, 0xBE, 0xAD, 0xB7, 0x52, 0x87, 0xDF, 0xEA, 0xBD, 0xF9,
    0x34, 0x7B, 0xE6, 0x79, 0x10, 0x2B, 0xCF, 0xF5, 0x6F, 0x45, 0xF0, 0x1C, 0x86, 0x94, 0xB4, 0x5B,
    0x77, 0xE5, 0xF4, 0xF7, 0x0E, 0xC5, 0x3E, 0xC8, 0x9B, 0xAF, 0xB7, 0x68, 0xE2, 0x95, 0xA7, 0xBA,
    0x54, 0xC1, 0xBC, 0x97, 0x77, 0x83, 0xD8, 0x01, 0x6B, 0xE5, 0xE5, 0xD7, 0x9E, 0x55, 0xF6, 0x2A,
    0x75, 0xC9, 0xCE, 0xA3, 0x62, 0xD5, 0x6B, 0x56, 0xB4, 0xE2, 0x5A, 0xEF, 0x8E, 0xDC, 0xFC, 0x0B,
    0xED, 0x3D, 0x3D, 0xAF, 0xE4, 0x46, 0x72, 0x24, 0xE7, 0xF4, 0x08, 0x8B, 0xC0, 0xF1, 0x02, 0xAF,
    0x02, 0x6D, 0xC0, 0x5C, 0x30, 0xCC, 0xD4, 0x4E, 0x8E, 0x03, 0x3B, 0xB8, 0x54, 0x81, 0x9E, 0x0C,
    0x48, 0xC1, 0x5D, 0x7C, 0x0A, 0x5E, 0x7C, 0x11, 0x07, 0xF0, 0x1F, 0xD8, 0x40, 0x17, 0xFB, 0x02,
    0x09, 0xD0, 0x3D, 0x05, 0xEB, 0xD0, 0x19, 0x69, 0x5C, 0xE8, 0x64, 0x12, 0xE7, 0xC4, 0x61, 0x2F,
    0x90, 0x1C, 0xDC, 0x18, 0x1E, 0xD8, 0x5C, 0x81, 0x64, 0xBB, 0xBB, 0x3E, 0xBA, 0xAB, 0x7A, 0xF8,
    0x56, 0xBB, 0xDA, 0x95, 0xF6, 0xAD, 0x8E, 0xDC, 0x87, 0x9D, 0xAE, 0x1A, 0x4E, 0x77, 0xF5, 0x57,
    0x55, 0x75, 0x75, 0x75, 0x75, 0x67, 0x4E, 0xC6, 0x9C, 0x9F, 0xF1, 0x97, 0xAC, 0x3D, 0xB9, 0x49,
    0x0A, 0xF7, 0xB7, 0xC7, 0xBF, 0x32, 0xFC, 0x1D, 0x2E, 0xFE, 0x7A, 0xFB, 0x57, 0x5D, 0xFC, 0xD5,
    0xEA, 0xEF, 0x68, 0xFF, 0x1A, 0xF5, 0x37, 0x5C, 0xFC, 0x9D, 0xEC, 0x5F, 0x7B, 0xF1, 0xD7, 0x85,
    0xBF, 0xB3, 0xFD, 0x7B, 0xF7, 0xF6, 0xD1, 0x05, 0xB1, 0xA5, 0x91, 0xE9, 0xFD, 0xF7, 0x99, 0x4E,
    0x3B, 0xF3, 0x94, 0xD3, 0xAD, 0x31, 0x66, 0xC4, 0x64, 0x61, 0xDC, 0x73, 0xF0, 0x68, 0xFA, 0x22,
    0x33, 0xF8, 0x60, 0x26, 0xF8, 0xF4, 0x36, 0xDD, 0x18, 0xF3, 0xA7, 0xE4, 0xC6, 0x98, 0x93, 0x4D,
    0x1B, 0x33, 0xDB, 0x6C, 0x8D, 0x99, 0x92, 0x64, 0x67, 0xCC, 0x60, 0x31, 0x95, 0xFB, 0x41, 0x89,
    0xBF, 0xCA, 0x5D, 0xAE, 0xB5, 0xFB, 0x12, 0x5E, 0x3D, 0xDA, 0x9F, 0x9E, 0x20, 0xED, 0x3E, 0x1D,
    0x9C, 0xC0, 0x0F, 0xCE, 0x29, 0x97, 0x5E, 0x98, 0xF3, 0xCE, 0x50, 0x7B, 0xEC, 0x9E, 0xDA, 0x2C,
    0x17, 0x5F, 0x8D, 0x82, 0xB2, 0x41, 0x6A, 0x46, 0x91, 0x0E, 0x63, 0xA0, 0xA2, 0xEC, 0xDD, 0x53,
    0x8B, 0x74, 0x03, 0x94, 0xAD, 0xA5, 0x8F, 0x49, 0x68, 0x8F, 0xBB, 0xD2, 0xFD, 0x73, 0xA4, 0xD7,
    0x7F, 0xDB, 0xA8, 0xF4, 0x3A, 0x0D, 0xF5, 0x1D, 0x34, 0x57, 0xA2, 0x5E, 0xA5, 0xA8, 0xBB, 0x6C,
    0x87, 0xDC, 0xB7, 0xCF, 0xCF, 0xF7, 0xBE, 0xDD, 0x92, 0x6E, 0x4C, 0x0D, 0x11, 0x97, 0xDA, 0x97,
    0xB9, 0x9D, 0x77, 0xB6, 0xD1, 0x5A, 0xCA, 0xB4, 0xB4, 0x05, 0xD5, 0xAE, 0xEB, 0x88, 0x48, 0xDB,
    0x5F, 0x7B, 0x78, 0xDD, 0xF6, 0x03, 0xF5, 0x63, 0xE1, 0xF2, 0xB3, 0x88, 0x65, 0xEF, 0xEA, 0x34,
    0xE1, 0xD0, 0xF8, 0xE6, 0x9A, 0xFA, 0x5D, 0x8E, 0x07, 0x1A, 0x27, 0x8B, 0x18, 0x3F, 0x67, 0x22,
    0xCF, 0x3D, 0x34, 0xFA, 0xEC, 0x0F, 0xCD, 0x13, 0x26, 0xFC, 0xC6, 0x8E, 0xA0, 0x1F, 0x68, 0xCC,
    0xAB, 0x74, 0x61, 0x92, 0x3B, 0x1E, 0x3B, 0x35, 0x96, 0xBD, 0xE8, 0x08, 0x13, 0x86, 0x1E, 0xD6,
    0x6F, 0x10, 0x5F, 0x85, 0x2F, 0x45, 0x33, 0xC0, 0x0C, 0x10, 0xB5, 0xE7, 0x26, 0xE2, 0x56, 0x36,
    0xCB, 0xFB, 0xEF, 0x70, 0x73, 0x74, 0xC6, 0x3C, 0x82, 0xA9, 0xD2, 0x63, 0xAB, 0xCF, 0x58, 0xCC,
    0x80, 0x99, 0x9C, 0xB0, 0x21, 0x4F, 0xD8, 0x84, 0x7D, 0x18, 0x19, 0x05, 0xF5, 0x71, 0x09, 0xA4,
    0x96, 0x44, 0xC5, 0xEE, 0x11, 0x8E, 0x97, 0x49, 0x54, 0xA7, 0x8E, 0xA0, 0x51, 0x40, 0x4D, 0x04,
    0x9D, 0xBF, 0x23, 0x34, 0xDE, 0x59, 0x82, 0x2E, 0x5D, 0x53, 0x56, 0x46, 0xD0, 0xAC, 0xA0, 0x45,
    0x40, 0x85, 0x31, 0x8A, 0xA7, 0x4B, 0x68, 0x17, 0x43, 0x07, 0x05, 0xF5, 0x21, 0x47, 0x7A, 0x86,
    0x97, 0x81, 0xDE, 0xBE, 0xBD, 0xB5, 0x63, 0xFF, 0xF6, 0xD6, 0x73, 0xEF, 0x4E, 0x4C, 0x54, 0xEE,
    0xAA, 0x75, 0xA8, 0x89, 0xA0, 0xEF, 0xD6, 0xD8, 0xF5, 0xF7, 0x02, 0x9D, 0x9E, 0x13, 0x92, 0xEC,
    0x4A, 0x33, 0x35, 0x07, 0x51, 0x5B, 0xFF, 0x4C, 0x31, 0x45, 0x37, 0xBC, 0x6D, 0x2B, 0xED, 0x89,
    0x0B, 0xCD, 0x30, 0x55, 0xB8, 0x7B, 0x66, 0x37, 0xD8, 0x17, 0xC1, 0xCE, 0x72, 0x1E, 0x13, 0x40,
    0xA1, 0xE7, 0x7C, 0x30, 0x13, 0x3A, 0x2A, 0xEE, 0xA1, 0xE5, 0x63, 0x0F, 0x3E, 0x36, 0xE6, 0x3F,
    0xAF, 0xED, 0xF3, 0x89, 0x93, 0x57, 0x46, 0x3E, 0x89, 0x04, 0x26, 0x05, 0x9D, 0x14, 0xB4, 0x97,
    0xD0, 0x98, 0x48, 0xE8, 0x00, 0x13, 0x93, 0xB8, 0x19, 0x74, 0x75, 0xE0, 0x08, 0x19, 0x37, 0x48,
    0x95, 0x14, 0x8E, 0xD8, 0xBF, 0x76, 0xB5, 0xB5, 0xAA, 0x81, 0xFB, 0xC9, 0x53, 0x5B, 0x43, 0x2B,
    0xFE, 0xAD, 0xDE, 0x60, 0xC7, 0x4B, 0x6E, 0xC6, 0xDA, 0xFC, 0x37, 0x64, 0x61, 0x2B, 0x52, 0xF8,
    0xCC, 0x8F, 0x99, 0x20, 0xA1, 0x0B, 0xBC, 0xC1, 0xF2, 0x93, 0xE5, 0xBA, 0x03, 0xA6, 0x51, 0x3A,
    0x12, 0x32, 0xE0, 0xD7, 0x28, 0xE1, 0xA0, 0xE1, 0x1B, 0x62, 0xC7, 0x27, 0xD7, 0xBC, 0x07, 0x60,
    0x14, 0x96, 0x00, 0x6A, 0x3F, 0x48, 0x62, 0xE3, 0xB5, 0x8B, 0x25, 0x63, 0xA4, 0x4E, 0xB1, 0x2F,
    0x9D, 0x68, 0xF2, 0xD9, 0x06, 0x3F, 0x31, 0x23, 0xDC, 0x51, 0x4F, 0x5A, 0xCD, 0x67, 0x47, 0xED,
    0x2A, 0x92, 0x45, 0x94, 0x14, 0xEF, 0x0E, 0x21, 0x07, 0xCE, 0x77, 0x9F, 0x51, 0x3F, 0xD9, 0x46,
    0x48, 0x89, 0x06, 0x5B, 0x70, 0x42, 0x33, 0xBA, 0x9B, 0x5D, 0xD3, 0xB0, 0x10, 0xA2, 0x71, 0x92,
    0x3B, 0x02, 0x71, 0x18, 0x82, 0xAC, 0xC6, 0x09, 0x0F, 0x5D, 0x5C, 0x39, 0xF1, 0xF0, 0xD0, 0x60,
    0x35, 0xB9, 0x1B, 0xD3, 0xD0, 0xBF, 0xB9, 0x4F, 0xDA, 0x76, 0xFE, 0x5F, 0x48, 0xDC, 0x40, 0xAB,
    0x83, 0x22, 0x53, 0x98, 0xD1, 0x96, 0x7D, 0xE5, 0x1A, 0xD7, 0x92, 0x55, 0xDA, 0x02, 0xAF, 0xDC,
    0x64, 0xED, 0x8E, 0x3B, 0xEE, 0xB7, 0x7A, 0x9F, 0x30, 0x8F, 0xF8, 0xAB, 0xE4, 0x19, 0x4F, 0x23,
    0x78, 0x90, 0xED, 0x0B, 0xD7, 0x3F, 0x7B, 0x29, 0x6F, 0x4B, 0xC5, 0x5D, 0x26, 0x47, 0xD7, 0x51,
    0xCA, 0x6C, 0xE6, 0xDF, 0x3C, 0xF9, 0x53, 0x13, 0x58, 0x63, 0xE7, 0x7E, 0xDA, 0x05, 0x06, 0x08,
    0x43, 0x2E, 0x14, 0x88, 0x4C, 0xAD, 0xF2, 0x05, 0xE6, 0xD0, 0x94, 0xA1, 0x40, 0x64, 0x9D, 0xA1,
    0x40, 0x9C, 0xA5, 0x99, 0x2F, 0x90, 0xE6, 0xA9, 0x2F, 0xB0, 0xC3, 0x1F, 0x72, 0x81, 0x29, 0x65,
    0xDC, 0xD0, 0x4C, 0x64, 0x1E, 0xCA, 0x05, 0xF2, 0x2C, 0x2C, 0xA8, 0x40, 0xD6, 0xB2, 0x48, 0x21,
    0xF0, 0x4C, 0x81, 0x0B, 0xF4, 0x8C, 0x80, 0x0A, 0xF4, 0x74, 0xA2, 0xBA, 0x90, 0x7A, 0x16, 0x5D,
    0x43, 0x2A, 0x28, 0x73, 0xA8, 0x6D, 0x04, 0x45, 0x06, 0x0B, 0x0C, 0x8A, 0x1C, 0x16, 0x18, 0x78,
    0x50, 0x4A, 0xA3, 0xA2, 0x0F, 0xED, 0x36, 0x52, 0xE3, 0x71, 0xC5, 0x67, 0x51, 0x1C, 0x16, 0xB8,
    0x13, 0x92, 0xC5, 0x15, 0xA8, 0xF5, 0x26, 0xA7, 0xF6, 0x9F, 0xA4, 0xC4, 0x18, 0x14, 0x93, 0x33,
    0x4E, 0x79, 0x0F, 0xFA, 0x9D, 0x6B, 0x42, 0x31, 0x0C, 0xA0, 0x09, 0x95, 0x00, 0xAA, 0x60, 0xB4,
    0x4A, 0x41, 0x66, 0x94, 0x40, 0xDC, 0x19, 0xA3, 0x38, 0xAA, 0xE3, 0x05, 0x7E, 0xD4, 0xA4, 0xD7,
    0xD7, 0x1F, 0x1A, 0x60, 0x6C, 0x9F, 0x09, 0x75, 0x3C, 0xA8, 0x0E, 0xDF, 0x1D, 0x9E, 0xEE, 0x90,
    0xAC, 0xAF, 0x17, 0xBE, 0xB2, 0x82, 0xF4, 0xB1, 0x31, 0xF6, 0xFF, 0x2F, 0x5E, 0x49, 0x7D, 0xF3,
    0x7B, 0x5E, 0xDF, 0x57, 0x01, 0x17, 0x7E, 0x34, 0xBF, 0xF7, 0x45, 0x3B, 0xBF, 0xC8, 0xBF, 0xE6,
    0x5B, 0xFF, 0xBD, 0xF5, 0x41, 0xF2, 0x1C, 0xCF, 0xBB, 0x9F, 0xBD, 0xEA, 0x72, 0xDF, 0xFD, 0x4C,
    0x97, 0xF0, 0xB6, 0xE1, 0xD5, 0x69, 0x16, 0xB4, 0xE8, 0xDA, 0xAF, 0x21, 0x52, 0x96, 0xE6, 0x7E,
    0x04, 0xCC, 0xFE, 0x7B, 0xE0, 0x05, 0xAD, 0x7B, 0xAF, 0x02, 0xDE, 0x81, 0x1C, 0xAB, 0xB3, 0x73,
    0x30, 0xC3, 0x1F, 0x57, 0xF6, 0x65, 0xE2, 0x08, 0x8E, 0xED, 0x15, 0x34, 0x3B, 0xBB, 0x25, 0x61,
    0x3E, 0x50, 0x0F, 0x3E, 0x59, 0xEC, 0x13, 0xC1, 0x1D, 0x54, 0xF2, 0xBC, 0xB2, 0x0C, 0x2B, 0x42,
    0x5F, 0x09, 0x45, 0x54, 0xCA, 0x01, 0xB1, 0x98, 0xE8, 0xF4, 0x4A, 0x62, 0x1F, 0x56, 0xE0, 0xA3,
    0x67, 0x76, 0x9E, 0x37, 0x34, 0x61, 0xA5, 0x01, 0x83, 0xFC, 0x49, 0x68, 0x9D, 0x45, 0xB4, 0xCE,
    0x10, 0x5A, 0x67, 0xC6, 0x57, 0xBF, 0xA2, 0x46, 0x73, 0x6B, 0xBC, 0x02, 0xDF, 0x80, 0x75, 0xE9,
    0x0D, 0x71, 0xCE, 0x3D, 0xE4, 0xE2, 0x9B, 0x04, 0xF9, 0xE5, 0x99, 0xCA, 0xD9, 0x17, 0x44, 0x39,
    0x70, 0xC9, 0x81, 0x57, 0xBB, 0x25, 0x51, 0x65, 0xD9, 0x7E, 0xE9, 0x97, 0xEE, 0x43, 0xE9, 0xD5,
    0x88, 0xA1, 0xF4, 0x5A, 0xC2, 0xA9, 0xF4, 0x2A, 0xC7, 0x89, 0xA5, 0x88, 0xFD, 0x96, 0x07, 0x71,
    0xE9, 0xB4, 0x24, 0x6C, 0x28, 0xFB, 0xF3, 0x1D, 0x75, 0x75, 0x6D, 0x19, 0x2E, 0xB5, 0x88, 0xD3,
    0x73, 0x50, 0x25, 0x02, 0xAD, 0xB1, 0x86, 0xFE, 0x05, 0x69, 0x58, 0x40, 0x1D, 0x61, 0x19, 0xCB,
    0xBA, 0xC1, 0x31, 0x8C, 0x82, 0xC0, 0x0D, 0x46, 0xBF, 0xE6, 0xF4, 0x2B, 0xE1, 0xC0, 0x82, 0x1F,
    0x8A, 0x05, 0x5C, 0xEB, 0xDF, 0x80, 0x76, 0x3D, 0x05, 0x86, 0x3E, 0x05, 0xE9, 0xB3, 0x08, 0x3E,
    0xBF, 0x5F, 0x59, 0x65, 0x08, 0x66, 0x2E, 0xC4, 0x48, 0xAD, 0xC7, 0xD0, 0xCF, 0x42, 0x72, 0xF2,
    0x49, 0x5E, 0x90, 0x96, 0x4E, 0x95, 0x39, 0x84, 0xE4, 0x40, 0x39, 0x0C, 0xBC, 0x78, 0xB2, 0x1D,
    0x50, 0x84, 0x45, 0x3A, 0xB5, 0x19, 0xAC, 0x90, 0x8C, 0x5B, 0x4B, 0xA6, 0xAC, 0x4B, 0x72, 0xED,
    0x73, 0xB1, 0x7E, 0xF1, 0x6A, 0x27, 0x0A, 0x2A, 0x6E, 0x9D, 0x2E, 0x58, 0x7D, 0xAE, 0x6C, 0xFA,
    0x77, 0x4C, 0xEC, 0x83, 0x44, 0x0A, 0x42, 0xA7, 0x16, 0xD8, 0xDF, 0x7E, 0x87, 0xFF, 0xED, 0xE4,
    0xCA, 0x94, 0x14, 0x8C, 0x9F, 0x2B, 0x69, 0x12, 0x08, 0xA8, 0x18, 0xD9, 0x19, 0x61, 0x9F, 0x4A,
    0x94, 0x08, 0x18, 0x2F, 0x5F, 0x93, 0x2F, 0xC2, 0x6B, 0x5F, 0xEB, 0x17, 0x1B, 0xE4, 0x32, 0x0F,
    0x85, 0x00, 0x4F, 0x59, 0x92, 0xD4, 0xA1, 0x23, 0x0B, 0xCE, 0x27, 0xED, 0xFC, 0x8F, 0xC3, 0x92,
    0x37, 0x2C, 0x4D, 0xC3, 0x28, 0x48, 0x83, 0x19, 0x60, 0xB9, 0x58, 0x48, 0x49, 0x2B, 0x55, 0xEE,
    0x95, 0xE5, 0xA0, 0x61, 0xB0, 0xF6, 0xD2, 0x19, 0xA5, 0x8A, 0x1E, 0x58, 0x7D, 0x16, 0x82, 0xE1,
    0x08, 0x45, 0x9C, 0xB0, 0xDB, 0x3E, 0xC3, 0x0C, 0x91, 0x29, 0x1E, 0x69, 0x9C, 0x23, 0x3F, 0x18,
    0xA1, 0xBB, 0x0F, 0xD2, 0x9A, 0xE1, 0x74, 0x72, 0xD0, 0xD1, 0x69, 0x4C, 0xF4, 0x0C, 0xB6, 0xB3,
    0x9F, 0x39, 0xA8, 0x9B, 0xDB, 0xB1, 0x02, 0x19, 0xD8, 0x9F, 0x7E, 0x63, 0x48, 0x0D, 0xED, 0xDD,
    0x32, 0x07, 0x86, 0xE2, 0xE8, 0xFA, 0x69, 0xEF, 0x7E, 0x71, 0x4C, 0x60, 0x6D, 0x90, 0x12, 0x03,
    0xEE, 0x91, 0x34, 0x58, 0x45, 0x60, 0x33, 0x00, 0x27, 0x70, 0xBF, 0x2B, 0xDC, 0x97, 0xC8, 0x77,
    0x77, 0xF0, 0xBF, 0xFD, 0x0F, 0x4C, 0x33, 0x25, 0xD1, 0xEB, 0x6A, 0xD9, 0x4D, 0x68, 0x0E, 0xAD,
    0x49, 0x73, 0x75, 0xC4, 0x34, 0x93, 0x5B, 0xC4, 0x70, 0x6B, 0x24, 0x7F, 0x0F, 0x2D, 0x33, 0x27,
    0xF5, 0x02, 0xA4, 0x88, 0x35, 0xEB, 0xE2, 0xD0, 0xC0, 0xD3, 0x85, 0x5E, 0xE6, 0x7E, 0xEE, 0xD7,
    0x24, 0x1A, 0x37, 0x29, 0x1B, 0x6C, 0x3B, 0x45, 0x4D, 0x6D, 0x89, 0x73, 0xB8, 0x2C, 0xC2, 0x75,
    0x97, 0xB8, 0x43, 0x37, 0x26, 0x7A, 0xA8, 0x17, 0x2F, 0x8A, 0x9B, 0x34, 0x6E, 0xA5, 0x8C, 0xBB,
    0xE8, 0x8B, 0x71, 0x17, 0xF5, 0xB5, 0x75, 0x83, 0x76, 0x31, 0x51, 0xBB, 0xCC, 0xD1, 0x70, 0xB3,
    0x38, 0x6A, 0x53, 0x60, 0x71, 0xC5, 0x23, 0x6C, 0x53, 0x6A, 0x7B, 0xE8, 0x8F, 0x6A, 0xC6, 0xB6,
    0x2F, 0x71, 0x9D, 0x32, 0x50, 0x57, 0x40, 0x1F, 0x95, 0xAE, 0x7B, 0x68, 0x98, 0x43, 0x15, 0x6D,
    0x25, 0xA0, 0xCF, 0x73, 0xB2, 0x6E, 0x9D, 0xF0, 0x0B, 0x18, 0x1B, 0x99, 0xC1, 0xB7, 0x8F, 0x38,
    0x36, 0x32, 0x62, 0x53, 0x67, 0x47, 0xD1, 0x21, 0x81, 0x31, 0x85, 0x63, 0xCD, 0xCE, 0xD6, 0xCF,
    0x6F, 0x80, 0x72, 0x37, 0xD6, 0xB0, 0xCF, 0x4A, 0x3F, 0xF5, 0xDD, 0x98, 0xC4, 0xB1, 0x9B, 0x79,
    0x51, 0x00, 0x63, 0x17, 0xC7, 0x78, 0xCB, 0x32, 0x01, 0x40, 0x20, 0x10, 0x06, 0xF9, 0x13, 0x5E,
    0x39, 0xD3, 0x9C, 0xB1, 0xCC, 0xE0, 0x29, 0x0A, 0x00, 0x1C, 0x9D, 0x67, 0x65, 0x76, 0x3A, 0x5D,
    0xCC, 0xC1, 0x0A, 0x7F, 0x25, 0x07, 0x1F, 0xB7, 0x5A, 0x2D, 0x8C, 0x23, 0x29, 0xB5, 0xB8, 0x9C,
    0xFB, 0xAC, 0x36, 0x48, 0x1E, 0xE1, 0x4D, 0x44, 0x81, 0xFB, 0x64, 0x9E, 0xAD, 0xD4, 0xBE, 0x2B,
    0x2B, 0xFF, 0x93, 0x82, 0x5F, 0xCC, 0x02, 0x63, 0x23, 0x4B, 0x2D, 0x54, 0xFA, 0x28, 0xD6, 0x41,
    0xCB, 0xFB, 0x49, 0xFA, 0x58, 0x48, 0x30, 0xA1, 0x2D, 0x9F, 0x9F, 0xC9, 0x3B, 0x57, 0x79, 0x2C,
    0x2F, 0xCD, 0xF7, 0x91, 0xE9, 0x14, 0x64, 0x90, 0xB6, 0xA7, 0x3E, 0x26, 0x13, 0x0A, 0xF3, 0x75,
    0x80, 0x52, 0xE2, 0x44, 0x25, 0xF5, 0x56, 0x8B, 0x74, 0x58, 0xF4, 0xD7, 0x8F, 0x6D, 0xCB, 0x00,
    0x63, 0xB0, 0xF3, 0xB7, 0x40, 0x83, 0x00, 0xF2, 0x07, 0x3B, 0x1F, 0x32, 0x64, 0x4F, 0x87, 0xE4,
    0x27, 0xD0, 0x74, 0xCC, 0x66, 0xD7, 0x3F, 0x1F, 0xC2, 0xE7, 0x47, 0xC8, 0xDE, 0x48, 0x03, 0xC8,
    0x89, 0xDD, 0xB9, 0xF2, 0xBE, 0x34, 0x7D, 0xEA, 0xC6, 0x80, 0x7D, 0x3F, 0x77, 0xFD, 0xBE, 0x23,
    0xD5, 0x66, 0x67, 0xC0, 0x9C, 0xE3, 0x3E, 0x61, 0x4C, 0xBB, 0xCF, 0x09, 0x3F, 0x5B, 0xF9, 0x59,
    0x10, 0xBE, 0xB2, 0x9F, 0x38, 0x5F, 0xFA, 0x06, 0xED, 0x36, 0xBD, 0x5B, 0xFF, 0xDB, 0x12, 0x7B,
    0x68, 0xBA, 0x3F, 0x9A, 0x1E, 0x0C, 0xC2, 0xFF, 0x60, 0x33, 0xB7, 0x2D, 0x34, 0xA6, 0x76, 0x50,
    0x83, 0x54, 0x71, 0x83, 0xFD, 0xC1, 0xFB, 0x3C, 0x3B, 0x81, 0x15, 0xBA, 0xF6, 0xAC, 0xCF, 0xAE,
    0x0C, 0x68, 0x64, 0x3B, 0x1E, 0x0A, 0xE8, 0x31, 0x68, 0x07, 0x2C, 0xDC, 0x59, 0x0A, 0x46, 0x36,
    0x61, 0x77, 0x6E, 0xC4, 0x54, 0x8B, 0x6B, 0xD0, 0x23, 0x4E, 0x3F, 0xAA, 0x3E, 0x9A, 0x91, 0xF6,
    0x38, 0xAD, 0x70, 0x3E, 0xC3, 0x84, 0x6B, 0x27, 0x9E, 0x2E, 0xC4, 0xD6, 0x79, 0x46, 0xB6, 0x8B,
    0x6B, 0xD9, 0x81, 0x26, 0x44, 0x89, 0x1C, 0xFC, 0xEC, 0x06, 0xE5, 0x9E, 0x8C, 0x4E, 0x9D, 0x21,
    0xB1, 0x83, 0x66, 0x3C, 0xC7, 0x0A, 0x76, 0x64, 0x9D, 0x3A, 0x50, 0xCA, 0xB1, 0xEB, 0x8C, 0xE6,
    0xE6, 0x40, 0x9C, 0x06, 0x44, 0x14, 0x4C, 0x3C, 0x98, 0x3C, 0x28, 0x89, 0xBA, 0x99, 0xE7, 0x9C,
    0xFB, 0x66, 0x47, 0x5B, 0x09, 0x07, 0xA4, 0xDB, 0xD2, 0xD1, 0x13, 0xA5, 0xC0, 0x10, 0x6A, 0x6C,
    0x82, 0x33, 0x6F, 0x91, 0x61, 0x2D, 0x0F, 0xC4, 0x87, 0xB0, 0xE6, 0xA1, 0x35, 0xB0, 0x85, 0x90,
    0xFD, 0x38, 0x6B, 0xC2, 0xC4, 0x2D, 0x99, 0x43, 0x36, 0xAE, 0x75, 0x33, 0xC8, 0xE6, 0x6D, 0x27,
    0x33, 0x6F, 0xF7, 0xBF, 0xBE, 0xE5, 0xE7, 0x8B, 0x60, 0x01, 0x5C, 0x5E, 0x24, 0xD9, 0x85, 0x64,
    0x98, 0x48, 0xF7, 0x2B, 0xD9, 0x86, 0xE4, 0x7B, 0x5F, 0x5C, 0xE8, 0x5F, 0x6F, 0x0B, 0x4D, 0x2B,
    0x13, 0xCB, 0x0E, 0xD4, 0x23, 0x67, 0xB1, 0x1E, 0x61, 0x76, 0x64, 0xE7, 0xED, 0x6F, 0x3F, 0xEC,
    0x88, 0x73, 0x34, 0x6E, 0xCE, 0x13, 0x93, 0x23, 0xCB, 0x63, 0x45, 0x3C, 0xB6, 0x4F, 0xB8, 0x13,
    0x93, 0x92, 0x48, 0x68, 0x61, 0xC8, 0x10, 0x33, 0x29, 0x41, 0xF8, 0x0C, 0xAC, 0x49, 0xBB, 0xDF,
    0xF7, 0x5C, 0x9C, 0x1B, 0x5E, 0x60, 0x30, 0x19, 0x9C, 0xFD, 0xCE, 0x75, 0xDF, 0x0E, 0x9B, 0xB8,
    0x39, 0xB9, 0x5E, 0xDD, 0x21, 0x9B, 0xB2, 0xFD, 0x69, 0xA7, 0xCE, 0x6E, 0xB9, 0xFE, 0xD0, 0x6D,
    0x5F, 0x8D, 0x0E, 0xDE, 0xD9, 0x4C, 0x9B, 0xC1, 0xBD, 0x63, 0xDF, 0x74, 0x40, 0x7D, 0x4A, 0xF2,
    0xD9, 0xA1, 0x08, 0xD8, 0x2D, 0x1E, 0x18, 0x1C, 0xD0, 0x1E, 0x01, 0x70, 0x1F, 0x06, 0xFE, 0x5F,
    0x6E, 0xBF, 0xC4, 0xE2, 0xBB, 0x1E, 0xCB, 0x81, 0x31, 0x43, 0xC0, 0x18, 0x80, 0x5B, 0xFB, 0x3F,
    0x00, 0x90, 0x41, 0x03, 0xCC, 0x83, 0x72, 0xAB, 0x4E, 0x02, 0x28, 0x11, 0xC0, 0x42, 0x0B, 0x9B,
    0x81, 0xA3, 0x00, 0x68, 0xCB, 0x9D, 0xD5, 0x7B, 0x06, 0xA2, 0x66, 0x20, 0xA2, 0xB0, 0x5A, 0x0E,
    0x54, 0xC1, 0x0D, 0x52, 0x5B, 0x05, 0x57, 0x53, 0x67, 0xD4, 0x4A, 0x1C, 0xBA, 0xC0, 0x77, 0x6C,
    0xB5, 0xDD, 0xAF, 0x0D, 0x00, 0x96, 0x84, 0x76, 0xB0, 0x6F, 0x1F, 0x32, 0xDB, 0xB1, 0xEF, 0x1D,
    0x60, 0xD0, 0x73, 0x07, 0xEE, 0x40, 0x06, 0x92, 0x54, 0x01, 0x4E, 0x52, 0x51, 0x6F, 0xD6, 0xC8,
    0xC1, 0x90, 0x7F, 0x93, 0xF9, 0xF0, 0x8C, 0xDC, 0x9E, 0x6C, 0x85, 0xFB, 0xA0, 0x16, 0x54, 0xE6,
    0xE9, 0xDE, 0xF2, 0xB3, 0x49, 0x6E, 0x6E, 0x0D, 0x42, 0x0E, 0x2C, 0xC9, 0xC5, 0xDA, 0x14, 0x07,
    0xCF, 0xD3, 0x30, 0xC6, 0x1E, 0x5C, 0x2B, 0x09, 0x73, 0xE4, 0x65, 0xC9, 0xB7, 0x7D, 0x3E, 0xB8,
    0x86, 0xC7, 0x51, 0xF3, 0xC9, 0x57, 0x7B, 0x5E, 0x7C, 0x8D, 0x7E, 0x44, 0x1E, 0x58, 0x8A, 0x9C,
    0xD8, 0x1C, 0x37, 0xFB, 0x95, 0xCE, 0xDE, 0x8D, 0xE6, 0x47, 0x57, 0xC8, 0xF8, 0xC1, 0xE0, 0x3C,
    0xA0, 0xAE, 0x91, 0xDB, 0xBA, 0x56, 0xC8, 0x1D, 0xED, 0x20, 0x41, 0x95, 0x78, 0x42, 0x6D, 0xD0,
    0xE9, 0x31, 0x30, 0x44, 0x1D, 0xDB, 0x01, 0xBD, 0xD3, 0x09, 0x20, 0x4C, 0x58, 0xF6, 0x03, 0x2C,
    0x46, 0x27, 0xCE, 0x2A, 0x61, 0x5F, 0xA6, 0x9F, 0x1B, 0xCE, 0x90, 0xF4, 0x51, 0xA7, 0xA0, 0xD4,
    0x86, 0x54, 0x0E, 0x60, 0xB0, 0xAE, 0xC9, 0x81, 0xB5, 0x16, 0xA0, 0x2B, 0xCF, 0xB4, 0x38, 0xB7,
    0xAA, 0xF6, 0x97, 0x6C, 0xC8, 0x10, 0x62, 0x72, 0x54, 0xB3, 0xB3, 0xE6, 0x89, 0x99, 0x76, 0x7E,
    0xBF, 0x32, 0xBB, 0x3D, 0x04, 0xE9, 0xDE, 0x07, 0xF9, 0xFD, 0x2D, 0xC9, 0xFC, 0x7E, 0x25, 0x0B,
    0xD8, 0xDA, 0xF9, 0xA0, 0x7B, 0x59, 0x66, 0x3C, 0xBB, 0xA1, 0xF3, 0x31, 0x64, 0xF6, 0xFE, 0x3D,
    0xAC, 0xE6, 0x8B, 0x24, 0x45, 0xC7, 0xFE, 0x70, 0x8F, 0x68, 0xC9, 0xEF, 0x28, 0x18, 0x83, 0x68,
    0xFD, 0x4C, 0x69, 0x89, 0x4F, 0x98, 0x73, 0x1C, 0x88, 0x67, 0x9C, 0x49, 0xD4, 0x2C, 0x7E, 0xF0,
    0x83, 0x5E, 0x6C, 0x67, 0x43, 0xE1, 0x18, 0x8D, 0xD5, 0xBD, 0x6B, 0x9C, 0xAD, 0x67, 0x9C, 0x52,
    0xDD, 0x54, 0x9D, 0x51, 0x13, 0x48, 0x07, 0xD6, 0x08, 0x60, 0x52, 0xCC, 0xCF, 0xFE, 0xE4, 0xF7,
    0xF8, 0xB3, 0x23, 0x31, 0xE4, 0x37, 0x34, 0x06, 0xD5, 0xF2, 0xEC, 0x31, 0xD0, 0x10, 0x83, 0xF3,
    0x1C, 0x90, 0xD7, 0xF2, 0xBD, 0xDF, 0xEC, 0x7A, 0x89, 0xAF, 0x39, 0x73, 0xDE, 0x64, 0xF1, 0xBB,
    0x6D, 0x89, 0x5F, 0x56, 0x91, 0xFA, 0xC3, 0x4A, 0x9C, 0xFC, 0x9A, 0xDA, 0xFA, 0xDB, 0x3E, 0xD7,
    0x3D, 0x1D, 0x9E, 0x7A, 0xEB, 0xD8, 0xC0, 0x9C, 0x7D, 0xF1, 0x56, 0x34, 0xD8, 0xA2, 0x7A, 0x7A,
    0xDD, 0x31, 0x6F, 0x72, 0xE6, 0x0A, 0xD4, 0xD9, 0xBA, 0x85, 0x14, 0x54, 0xC7, 0xCE, 0x46, 0x6E,
    0xA9, 0x9F, 0x25, 0xA4, 0x9C, 0x2B, 0x2D, 0x7C, 0x35, 0x71, 0xE0, 0x11, 0xBE, 0x8F, 0x5C, 0x9F,
    0x6A, 0x16, 0x25, 0xDD, 0x24, 0x97, 0x5D, 0x7E, 0x47, 0xF9, 0xEA, 0xF6, 0x31, 0x4A, 0x9B, 0x52,
    0x6E, 0xD0, 0x1F, 0x38, 0x31, 0xFB, 0xF5, 0x4A, 0xCF, 0x55, 0x3C, 0xB3, 0x5A, 0x33, 0xFB, 0x95,
    0x8B, 0x5F, 0x0F, 0x7B, 0x7A, 0x8E, 0x89, 0xEA, 0x7F, 0x3F, 0x20, 0x44, 0xA2, 0x3B, 0xDF, 0x99,
    0x10, 0x2F, 0xE7, 0x47, 0xCA, 0xA7, 0x26, 0x23, 0x6A, 0x8F, 0x9A, 0x97, 0xD5, 0x87, 0x70, 0x97,
    0xAC, 0x73, 0x8B, 0x99, 0x65, 0x0F, 0x76, 0xE8, 0xCC, 0x2F, 0xBF, 0x5A, 0x6E, 0xF0, 0xC2, 0x2B,
    0x5C, 0x37, 0x7E, 0x29, 0xF5, 0xEB, 0xDB, 0xF7, 0x7D, 0x9F, 0x61, 0x7B, 0x3D, 0x3C, 0xA2, 0xF8,
    0x1B, 0xF0, 0x45, 0xF2, 0x0F, 0x39, 0xE3, 0x9C, 0x1D, 0xD1, 0xB8, 0x37, 0x62, 0xF6, 0x03, 0xE4,
    0x7D, 0x86, 0x8C, 0x9F, 0xC2, 0xF7, 0x4E, 0x5A, 0x74, 0xB8, 0x72, 0x6B, 0xB0, 0x84, 0x06, 0x45,
    0xF6, 0x4F, 0x12, 0x65, 0x79, 0xDA, 0x85, 0xAD, 0xAE, 0x9D, 0xE3, 0x00, 0xF7, 0x29, 0x39, 0x6D,
    0x49, 0x4E, 0xB2, 0xAD, 0xD8, 0x27, 0x1B, 0x97, 0xEC, 0xC9, 0x8E, 0x30, 0xD1, 0x2C, 0xC9, 0x21,
    0x49, 0xE6, 0x75, 0x97, 0x9C, 0x49, 0x7F, 0x9A, 0x70, 0xFA, 0x14, 0xE6, 0xFF, 0x20, 0x09, 0x4B,
    0xF0, 0x3F, 0x40, 0xD2, 0x7C, 0x6D, 0x47, 0xC9, 0x0E, 0x93, 0x6E, 0x3C, 0x85, 0xE4, 0xD1, 0x27,
    0x17, 0xA4, 0xE1, 0x31, 0x0C, 0x34, 0x48, 0xFE, 0x02, 0x38, 0x48, 0x06, 0x44, 0xBE, 0x7B, 0x4B,
    0xEA, 0x65, 0x30, 0x13, 0xDC, 0xDF, 0xE4, 0xBB, 0x9F, 0xDF, 0x29, 0x08, 0x3F, 0x09, 0x2B, 0x9F,
    0x42, 0xF8, 0x79, 0x99, 0x90, 0x2E, 0x44, 0xBA, 0x09, 0x69, 0x5C, 0x32, 0xA1, 0x25, 0x0E, 0x2D,
    0x0F, 0x28, 0x79, 0x4A, 0x91, 0x6E, 0x44, 0xBA, 0x0B, 0x69, 0x5A, 0x6D, 0xD1, 0x5A, 0x37, 0xA4,
    0x73, 0x91, 0x2E, 0x44, 0xBA, 0x14, 0xE9, 0x4A, 0xA4, 0x6B, 0x91, 0x6E, 0x9E, 0x23, 0xDD, 0xBE,
    0x44, 0xFA, 0x79, 0xF2, 0xAF, 0xEF, 0xA0, 0xB3, 0xBC, 0xA3, 0x5E, 0xB2, 0xEE, 0xB2, 0x4D, 0x12,
    0x73, 0x47, 0x1B, 0x56, 0x22, 0x2D, 0xDB, 0x3C, 0x15, 0x69, 0xDA, 0xB6, 0xC7, 0x74, 0x2E, 0xD2,
    0x50, 0x1D, 0x4E, 0x5F, 0x89, 0x74, 0x92, 0xFE, 0x32, 0xA4, 0x9D, 0xB1, 0x61, 0x4B, 0xFF, 0x08,
    0xD2, 0xD9, 0xEF, 0x13, 0xB7, 0xF7, 0xFC, 0xDE, 0xED, 0x17, 0xAD, 0x99, 0x3B, 0xB7, 0x76, 0x88,
    0xFF, 0x2C, 0xBE, 0x71, 0x7A, 0xDB, 0xDB, 0xB0, 0x29, 0x56, 0xA3, 0xBB, 0x0B, 0xBA, 0x65, 0x1E,
    0xD9, 0xC2, 0x64, 0x87, 0x16, 0x7A, 0x63, 0x1D, 0xFC, 0xC6, 0x6F, 0x01, 0xBC, 0xF6, 0xAA, 0x43,
    0x51, 0xDE, 0x99, 0x44, 0x98, 0x9D, 0x7B, 0xAF, 0x0A, 0xED, 0xC8, 0x15, 0xAA, 0xFF, 0x29, 0x7C,
    0x5B, 0x3D, 0x71, 0xBA, 0x49, 0x03, 0x0A, 0x40, 0x03, 0xBC, 0x38, 0x47, 0xE6, 0xFC, 0x90, 0xD6,
    0xD4, 0x1F, 0x48, 0xD7, 0x55, 0xCC, 0x94, 0xF6, 0x9F, 0x3A, 0xF8, 0x28, 0x50, 0xCF, 0x6B, 0xF0,
    0xA3, 0x35, 0xFF, 0x02, 0x1F, 0x4F, 0x40, 0xB9, 0xFA, 0x0D, 0xEB, 0x58, 0x3F, 0xEE, 0x8F, 0x07,
    0xD7, 0xBF, 0x34, 0xD7, 0xD7, 0xC4, 0x95, 0xD6, 0x3F, 0xD0, 0xA0, 0x10, 0x29, 0xC2, 0x8F, 0xBC,
    0x99, 0xDC, 0x1B, 0x16, 0x06, 0x66, 0xF7, 0x13, 0x7C, 0xB3, 0x3C, 0x86, 0x56, 0x75, 0x76, 0x91,
    0x16, 0x58, 0xFB, 0xE8, 0xBE, 0x1E, 0x50, 0x9D, 0xCF, 0x78, 0x5F, 0x0B, 0x37, 0xB3, 0x5C, 0x47,
    0xB7, 0xB4, 0x5B, 0x05, 0x5B, 0x54, 0xAC, 0x2C, 0x37, 0x8B, 0xDC, 0x74, 0x81, 0x1D, 0x99, 0x49,
    0x6C, 0xE1, 0x3C, 0x77, 0x82, 0x7F, 0xBE, 0x0F, 0x19, 0x2E, 0x54, 0x04, 0x96, 0xD5, 0x2C, 0xB4,
    0x78, 0x69, 0x67, 0xD2, 0x73, 0xC1, 0x43, 0x0D, 0x76, 0xE8, 0xCE, 0x68, 0xEA, 0x01, 0xCD, 0xDA,
    0xD5, 0xB7, 0x46, 0xA9, 0xF5, 0xA7, 0x0F, 0x0D, 0xEE, 0xC2, 0x91, 0x06, 0xBA, 0xF3, 0x1B, 0xE5,
    0x2D, 0x1B, 0xFA, 0xAF, 0xBC, 0x75, 0x27, 0x05, 0x95, 0xB4, 0x19, 0xC0, 0x92, 0xE5, 0x6D, 0xD6,
    0xE0, 0x8C, 0x3C, 0xB1, 0x11, 0x0F, 0x4D, 0xB2, 0x83, 0x32, 0xC9, 0x82, 0xB1, 0x16, 0x6C, 0x4F,
    0x09, 0xBA, 0xFD, 0xB1, 0x45, 0x10, 0xD7, 0x0D, 0x6E, 0x9D, 0x86, 0xDA, 0x78, 0x69, 0xC8, 0x74,
    0x8D, 0xED, 0x4A, 0x1B, 0x32, 0x03, 0xAD, 0x87, 0x52, 0x5C, 0x31, 0x26, 0xD2, 0x5A, 0x0D, 0x8A,
    0x3D, 0x2C, 0x17, 0xC1, 0x66, 0x8D, 0xBB, 0x37, 0xB8, 0x59, 0x39, 0xB1, 0xDF, 0x24, 0x19, 0xA4,
    0x47, 0xDA, 0xA6, 0xD9, 0xA1, 0x43, 0xE2, 0x01, 0x0D, 0x42, 0x6C, 0xE0, 0x1E, 0x68, 0xDB, 0x0C,
    0x8D, 0xD9, 0x23, 0xAD, 0xE0, 0x70, 0x21, 0xE2, 0xEC, 0xD6, 0x50, 0x5A, 0x8A, 0x7A, 0xF6, 0x9E,
    0xED, 0xDB, 0x0B, 0xCF, 0xED, 0x6E, 0xE2, 0x85, 0x23, 0xFC, 0xA0, 0x06, 0x6D, 0x88, 0x6D, 0xF3,
    0x58, 0x4B, 0x5F, 0xF3, 0x34, 0x32, 0xEB, 0x9F, 0x55, 0xAB, 0x81, 0xE5, 0x1A, 0x6A, 0x16, 0x76,
    0x04, 0xDE, 0x7B, 0x04, 0x5C, 0x0B, 0xFB, 0x40, 0xBA, 0xEB, 0xB0, 0xDD, 0xB4, 0x9E, 0x94, 0xB7,
    0xD9, 0x21, 0x49, 0xA2, 0x1D, 0x44, 0xE6, 0x1F, 0x91, 0x6B, 0xF6, 0x4C, 0xB6, 0x5F, 0x89, 0x6C,
    0x46, 0xD6, 0x17, 0xA5, 0x55, 0xE0, 0x44, 0xBB, 0xC6, 0x93, 0x2C, 0x1C, 0x99, 0xE1, 0xD2, 0x4E,
    0xB2, 0xF0, 0x1E, 0x1D, 0x80, 0x9B, 0xE9, 0xA2, 0xF0, 0x73, 0x22, 0x91, 0x6C, 0x93, 0x54, 0x48,
    0x9F, 0x96, 0xC8, 0xEE, 0x74, 0x89, 0x4C, 0xBD, 0xB5, 0x5A, 0x20, 0xFD, 0x5A, 0x53, 0x22, 0x83,
    0xD3, 0xBF, 0x40, 0xFA, 0xC2, 0x25, 0x32, 0x24, 0x05, 0xB2, 0x3B, 0x5D, 0x22, 0x53, 0xE1, 0xF0,
    0x31, 0x5D, 0x16, 0x2E, 0x90, 0xE2, 0xC4, 0x41, 0x40, 0x86, 0xC2, 0xD7, 0x8B, 0x0C, 0xC9, 0xEE,
    0x74, 0x89, 0x4C, 0xE5, 0x49, 0x92, 0xE9, 0xB2, 0x70, 0x25, 0xF4, 0x2E, 0x91, 0xD5, 0x72, 0x57,
    0x6B, 0x93, 0xB9, 0xC9, 0x23, 0xBB, 0x53, 0x30, 0x18, 0x7A, 0x85, 0x88, 0x0E, 0xF9, 0x28, 0xE4,
    0x8E, 0x3C, 0x09, 0x14, 0xB2, 0x30, 0xC2, 0x3F, 0x82, 0x91, 0x50, 0x78, 0x16, 0x21, 0x59, 0x69,
    0x53, 0xC8, 0xEE, 0x24, 0x7C, 0x5F, 0x9B, 0x49, 0x14, 0xDE, 0xFC, 0x8F, 0x42, 0x62, 0xE1, 0xDD,
    0x1F, 0x14, 0xB2, 0xC0, 0x79, 0xF6, 0x8F, 0x0A, 0x09, 0x85, 0xEF, 0x96, 0x9D, 0x42, 0xA2, 0x66,
    0x3E, 0x69, 0x24, 0xAC, 0xF1, 0xEB, 0x33, 0x20, 0x1F, 0x5C, 0xB7, 0xF3, 0xF5, 0x07, 0x5C, 0x78,
    0x3B, 0x00, 0x92, 0x9D, 0xAD, 0x68, 0xD7, 0xAD, 0x0F, 0xC8, 0x85, 0xEC, 0xEB, 0xB0, 0x89, 0x21,
    0x90, 0x50, 0xB8, 0x33, 0xE4, 0xCB, 0x9F, 0xA3, 0xEA, 0x3A, 0x22, 0x12, 0x04, 0xD4, 0x07, 0xEC,
    0xF5, 0x70, 0x52, 0x5D, 0x8A, 0x85, 0xC3, 0xE6, 0x44, 0xAF, 0x47, 0x7B, 0x06, 0x4C, 0xAF, 0x17,
    0xA3, 0x7D, 0x8F, 0x7B, 0x5E, 0x12, 0x09, 0x85, 0x97, 0xD3, 0xCA, 0x30, 0x69, 0xCE, 0x1A, 0x09,
    0x85, 0x3B, 0x3E, 0x24, 0x90, 0x29, 0x0A, 0x90, 0x5E, 0x21, 0x77, 0x08, 0xEB, 0xA1, 0x07, 0x85,
    0x97, 0xB3, 0x46, 0x42, 0xE1, 0xD5, 0x28, 0x2D, 0x2E, 0x54, 0x78, 0x6D, 0x8C, 0xDA, 0x4F, 0xC6,
    0x66, 0xD7, 0x7B, 0xD1, 0x58, 0xF3, 0x08, 0x89, 0xB9, 0x47, 0x3F, 0xC7, 0x6D, 0x0D, 0xE7, 0x5D,
    0x7A, 0xFB, 0xA5, 0xF9, 0x9A, 0xB8, 0x65, 0xB9, 0x3C, 0x9B, 0x39, 0x04, 0x64, 0x77, 0x5E, 0x41,
    0x8A, 0xA9, 0x76, 0x69, 0xD0, 0x92, 0xE9, 0x42, 0xEC, 0x89, 0x7B, 0xA4, 0x28, 0x3C, 0x20, 0x9B,
    0x69, 0x05, 0x29, 0x0A, 0x0F, 0x48, 0xE9, 0x91, 0x1C, 0xEF, 0x72, 0x47, 0xC8, 0xFD, 0x25, 0x32,
    0x5D, 0x73, 0xEB, 0x5C, 0x93, 0x1D, 0x56, 0xD1, 0xBC, 0x14, 0x1E, 0xCA, 0x9F, 0x3A, 0x58, 0xEA,
    0x2A, 0xED, 0xF6, 0x3C, 0xFB, 0x2D, 0xC2, 0x0B, 0xF9, 0x01, 0x2B, 0x32, 0xE9, 0x49, 0x76, 0x0A,
    0x2B, 0xAD, 0x0B, 0x26, 0xDE, 0x9A, 0x5F, 0x9A, 0x4B, 0x12, 0xDA, 0xA1, 0x32, 0x97, 0x24, 0xFC,
    0x26, 0x91, 0xD8, 0xC0, 0x4A, 0x25, 0xB6, 0x19, 0xD7, 0xB0, 0xC1, 0x1F, 0x4F, 0x60, 0x53, 0xE9,
    0xBE, 0x7F, 0x41, 0x82, 0xC6, 0x8A, 0xA3, 0x9A, 0x02, 0x2B, 0xB8, 0xB9, 0xC0, 0x06, 0x12, 0x24,
    0x56, 0x1D, 0xF0, 0x5B, 0x21, 0x41, 0x60, 0x05, 0x09, 0x02, 0x5B, 0x6A, 0x8F, 0x9D, 0x4B, 0x12,
    0x04, 0x56, 0x90, 0x20, 0xB0, 0xD2, 0x11, 0xDD, 0x63, 0x25, 0x09, 0x01, 0x2B, 0x49, 0x08, 0xD8,
    0x52, 0x7B, 0xBE, 0x2B, 0x12, 0x1E, 0x44, 0x58, 0x20, 0xE1, 0x86, 0x5C, 0x53, 0x3C, 0xB6, 0x3B,
    0xA1, 0x8E, 0x7D, 0x96, 0x58, 0x20, 0xA1, 0x63, 0xA3, 0x75, 0x65, 0xC2, 0x68, 0xCE, 0x85, 0x73,
    0x4F, 0x90, 0x2D, 0x95, 0x59, 0x68, 0x2B, 0x9A, 0xB1, 0x15, 0xEC, 0xA4, 0x3D, 0x22, 0x07, 0x3B,
    0xC6, 0x36, 0x13, 0x3B, 0x97, 0x2D, 0x02, 0xDB, 0x9D, 0xC8, 0xE4, 0x5E, 0x9B, 0x80, 0x75, 0x24,
    0xE4, 0xB4, 0xB5, 0xB8, 0xF7, 0xD8, 0x1D, 0x28, 0x93, 0xDE, 0xCA, 0x4D, 0x58, 0x90, 0x30, 0x7F,
    0xE3, 0x27, 0x1C, 0x61, 0x43, 0x47, 0x48, 0x6C, 0xA4, 0x23, 0x10, 0x36, 0xC8, 0x76, 0x8B, 0x7D,
    0x70, 0x7D, 0xE3, 0x56, 0x30, 0xB2, 0x23, 0x76, 0x78, 0xB6, 0xC5, 0x18, 0x35, 0xEB, 0x2D, 0x0D,
    0x8C, 0x15, 0xE2, 0xDD, 0xB2, 0x1F, 0xC6, 0x56, 0xB3, 0x72, 0x6B, 0x23, 0xAC, 0xE0, 0x3A, 0x75,
    0x58, 0x0C, 0x49, 0xF5, 0x62, 0x4E, 0x56, 0xF4, 0x8B, 0xE0, 0xFD, 0x23, 0x48, 0xC8, 0xC2, 0x10,
    0x52, 0x24, 0x68, 0x8E, 0xCF, 0x23, 0x61, 0xBF, 0xA2, 0xE0, 0x08, 0xBF, 0x84, 0x40, 0x42, 0x1A,
    0x0A, 0x13, 0x24, 0xE4, 0x21, 0x29, 0x65, 0x4A, 0x18, 0x99, 0x82, 0x04, 0x91, 0x6D, 0x20, 0x21,
    0x95, 0xCE, 0x9F, 0xD3, 0x4A, 0xB6, 0x82, 0x04, 0x41, 0xAD, 0x20, 0xA1, 0x9D, 0x57, 0x24, 0x43,
    0xAA, 0xBC, 0xBA, 0x42, 0xB6, 0xC7, 0x15, 0x12, 0xAA, 0x35, 0x3D, 0x2C, 0x91, 0x5A, 0xB3, 0xE7,
    0xFF, 0xA9, 0x98, 0x9E, 0x81, 0x84, 0x7C, 0x4D, 0xE4, 0xA8, 0x6C, 0x83, 0xFC, 0xE9, 0xA4, 0x8A,
    0xBD, 0x5C, 0x76, 0x99, 0x20, 0x21, 0x17, 0x2E, 0xD4, 0x81, 0x04, 0xE9, 0x3A, 0x1C, 0x48, 0x28,
    0x04, 0x36, 0x90, 0x20, 0xB1, 0x7E, 0x5B, 0x47, 0xE5, 0x9B, 0x3E, 0xD7, 0xE9, 0x02, 0xB6, 0xBC,
    0x3D, 0x95, 0xAC, 0x25, 0xD8, 0xE6, 0x86, 0x98, 0xB5, 0xE7, 0xC2, 0x43, 0x25, 0x30, 0xB5, 0x46,
    0xFB, 0xB0, 0xA5, 0xEC, 0x11, 0xEB, 0xD6, 0xB8, 0x83, 0xE6, 0xAB, 0xE0, 0xFA, 0x55, 0x84, 0xA1,
    0x51, 0x1A, 0xBF, 0x37, 0x24, 0x9C, 0xFD, 0x70, 0x2E, 0xA1, 0x07, 0x51, 0xB3, 0x68, 0x12, 0xD2,
    0xF3, 0x2A, 0x5F, 0xFD, 0x99, 0xDC, 0x41, 0xD4, 0x7C, 0xD5, 0xF7, 0x91, 0xE2, 0xAB, 0x97, 0xBB,
    0x61, 0x0A, 0x2B, 0x59, 0x7B, 0xC8, 0x41, 0xB2, 0xF6, 0xF0, 0x43, 0x75, 0xC6, 0x88, 0xFB, 0x3E,
    0xD5, 0xE7, 0x35, 0xA7, 0x15, 0x12, 0xFC, 0x34, 0x57, 0x24, 0x14, 0xDC, 0x66, 0x8A, 0x84, 0x8E,
    0x7F, 0x18, 0x48, 0xB8, 0xBA, 0xED, 0x7C, 0x5F, 0x48, 0x9F, 0x77, 0xEF, 0x50, 0x24, 0x48, 0x28,
    0x83, 0xB6, 0x27, 0x48, 0x10, 0xE7, 0xA5, 0x4A, 0x29, 0x6E, 0x7D, 0x6F, 0x2A, 0x12, 0x52, 0x3E,
    0x7E, 0xAB, 0x5A, 0xC1, 0xFB, 0x55, 0xAB, 0x56, 0x60, 0x77, 0x28, 0xDD, 0x0A, 0x3C, 0xD3, 0x91,
    0x84, 0xDB, 0xDF, 0x69, 0x1E, 0x46, 0x8B, 0x87, 0x73, 0x18, 0x31, 0x47, 0x26, 0x41, 0x38, 0x87,
    0xD2, 0x62, 0x64, 0x8A, 0x3C, 0x3C, 0xD1, 0x5E, 0x00, 0x36, 0x80, 0x08, 0x8B, 0x24, 0xB4, 0x11,
    0x96, 0x56, 0x10, 0x11, 0xB6, 0x40, 0xC5, 0x3A, 0x2A, 0x0D, 0x48, 0x28, 0x26, 0x38, 0xFD, 0x10,
    0x76, 0x2E, 0x71, 0x11, 0x71, 0x76, 0xD8, 0xA2, 0xF7, 0x1C, 0x02, 0x48, 0x68, 0x06, 0xF0, 0xE5,
    0x3B, 0x25, 0xDE, 0x26, 0x72, 0x84, 0x65, 0x84, 0xC3, 0x62, 0x97, 0x35, 0xBC, 0x7C, 0xC8, 0x4C,
    0x82, 0x5B, 0x92, 0x47, 0x72, 0xEA, 0x02, 0x12, 0xF2, 0x39, 0xC1, 0x23, 0xB9, 0x0B, 0x79, 0x02,
    0x01, 0x09, 0xE5, 0x08, 0xD8, 0x9D, 0x3F, 0x91, 0x83, 0x4B, 0x89, 0x53, 0xC2, 0x9B, 0x91, 0x74,
    0x98, 0x16, 0x9A, 0xE2, 0x98, 0xF0, 0x59, 0x05, 0x0A, 0x16, 0x71, 0x44, 0xD3, 0x29, 0xD6, 0xAD,
    0xC3, 0x57, 0xFD, 0x6A, 0x02, 0xB1, 0x29, 0x6E, 0x7E, 0x02, 0x09, 0x6E, 0xD9, 0xA2, 0x5C, 0x72,
    0x61, 0x60, 0x3B, 0xDB, 0x88, 0x3E, 0x30, 0x0D, 0x21, 0x0A, 0x86, 0x08, 0x0B, 0x24, 0xC0, 0x8A,
    0xEB, 0x9C, 0x68, 0xBE, 0x0A, 0x4B, 0x17, 0x13, 0xAB, 0xDD, 0xC5, 0x1C, 0x61, 0x81, 0x04, 0x58,
    0xBC, 0x48, 0x2C, 0x90, 0x00, 0xCD, 0x2A, 0xB1, 0xB8, 0x41, 0x71, 0x8C, 0xB0, 0xDD, 0x89, 0x8D,
    0xC4, 0x02, 0x9B, 0xA2, 0x7F, 0x43, 0xA2, 0xB1, 0x3B, 0xF4, 0x97, 0x36, 0xCA, 0xD5, 0x0A, 0x49,
    0x28, 0x62, 0x2C, 0xAE, 0x27, 0x63, 0xAC, 0xD8, 0xFF, 0x10, 0x58, 0x68, 0x85, 0x14, 0x3C, 0x32,
    0xCC, 0x72, 0xBB, 0xBF, 0x14, 0xF3, 0xDD, 0x79, 0x45, 0xC6, 0x0A, 0xAC, 0x5C, 0xDD, 0x04, 0xAC,
    0xB4, 0x24, 0x04, 0x6C, 0xB3, 0x26, 0xD6, 0xD4, 0x02, 0x47, 0x08, 0xBB, 0x61, 0x05, 0xAB, 0x96,
    0x38, 0x1E, 0x2B, 0x49, 0x08, 0x58, 0x49, 0x42, 0xC0, 0x36, 0xD3, 0x1A, 0xB6, 0xBD, 0x18, 0x18,
    0xA0, 0xB1, 0xEE, 0xD7, 0x9D, 0x60, 0x02, 0x13, 0x31, 0xAF, 0x29, 0xFD, 0x7D, 0x3C, 0x42, 0xC1,
    0xB1, 0xFC, 0xE9, 0xB0, 0x9A, 0x6E, 0xEE, 0x4C, 0x87, 0xDF, 0x4A, 0xDF, 0x77, 0xB9, 0xA0, 0x53,
    0x87, 0xA7, 0xE7, 0x0B, 0xD6, 0x9C, 0x44, 0xCC, 0xB2, 0x51, 0x55, 0x17, 0xB6, 0x85, 0x50, 0x54,
    0xA9, 0x3C, 0xE5, 0x85, 0x86, 0x28, 0x55, 0xC4, 0x40, 0x65, 0x2D, 0x9D, 0x71, 0x25, 0x0B, 0x57,
    0x22, 0x28, 0xE8, 0xA4, 0x82, 0x30, 0xD1, 0xE7, 0xE9, 0x1D, 0xC4, 0x88, 0xA3, 0x7E, 0x2A, 0x90,
    0x45, 0x7D, 0x47, 0x9D, 0x9A, 0xE7, 0x0A, 0x42, 0xF3, 0x2D, 0xE9, 0xEC, 0x49, 0xC8, 0x67, 0xE7,
    0x0E, 0x2A, 0x9F, 0x3D, 0x01, 0x3E, 0xEC, 0x86, 0x4D, 0xF8, 0x50, 0x1A, 0x9D, 0x3B, 0x74, 0x67,
    0xA8, 0x0F, 0xCC, 0x91, 0xCF, 0x8B, 0x57, 0x78, 0x6E, 0x6C, 0xF4, 0x0B, 0x76, 0xE4, 0xBC, 0x78,
    0xD2, 0xAD, 0x75, 0x51, 0x08, 0x3E, 0x46, 0x66, 0x5E, 0x89, 0x5D, 0xED, 0x5C, 0x7A, 0x38, 0x9B,
    0x70, 0x02, 0x93, 0x5F, 0xDA, 0xFB, 0x7D, 0x13, 0xDE, 0x22, 0xB8, 0x32, 0x42, 0x8B, 0x4B, 0xAF,
    0x9F, 0xA5, 0xFD, 0xFD, 0x3C, 0x46, 0x34, 0x71, 0x38, 0xA7, 0x56, 0x69, 0x29, 0x09, 0xC5, 0x1B,
    0xD2, 0x08, 0x15, 0x9C, 0x02, 0x69, 0xD9, 0xEB, 0xA9, 0x1C, 0x9D, 0x61, 0x50, 0xAE, 0xCE, 0x5E,
    0x5F, 0xD5, 0xE7, 0x6D, 0x1F, 0x9A, 0x78, 0x26, 0xDE, 0x5C, 0x4C, 0xCD, 0x56, 0x97, 0xEC, 0xF4,
    0x92, 0x3E, 0xD6, 0x68, 0x0F, 0xC9, 0xFD, 0x7B, 0x76, 0x71, 0x4D, 0x8A, 0xA8, 0x81, 0xDC, 0x0C,
    0x99, 0x22, 0xB6, 0x11, 0xB5, 0x7B, 0x1D, 0xFB, 0x96, 0x35, 0x31, 0xA2, 0x8D, 0xFB, 0x21, 0xB8,
    0x67, 0xDD, 0x81, 0xC8, 0x4C, 0xD4, 0x99, 0x3B, 0xB7, 0x3B, 0x7B, 0xD2, 0x1A, 0x9E, 0x8E, 0x8B,
    0x02, 0x61, 0x1F, 0xB4, 0x2A, 0x7C, 0xAE, 0xA2, 0xB3, 0x3A, 0x27, 0x1D, 0x63, 0xA6, 0x76, 0x07,
    0x55, 0x17, 0x45, 0x79, 0xAF, 0x63, 0xCB, 0xB4, 0x70, 0x70, 0x63, 0x2F, 0x09, 0xDD, 0x67, 0x8A,
    0x54, 0x63, 0x14, 0x87, 0xC0, 0x68, 0x26, 0x46, 0xD9, 0x0A, 0x67, 0x2D, 0x43, 0x72, 0xDC, 0x72,
    0x3A, 0x49, 0xCA, 0x75, 0x0C, 0x9D, 0x12, 0xA7, 0xDE, 0x24, 0x29, 0xD7, 0xF1, 0x71, 0x6A, 0x0C,
    0x0C, 0x22, 0xD9, 0x61, 0xAF, 0xE3, 0xE2, 0xD0, 0x01, 0xBC, 0xC8, 0xD1, 0x25, 0x53, 0x27, 0x55,
    0x35, 0x77, 0xCB, 0x78, 0x66, 0x1F, 0x25, 0xE5, 0x92, 0x76, 0x62, 0xDD, 0x81, 0x76, 0x5A, 0x34,
    0x05, 0xDA, 0x4B, 0xE6, 0x08, 0x93, 0xA4, 0x5C, 0xD2, 0x4E, 0xA7, 0xA2, 0x02, 0xF7, 0xA4, 0xAD,
    0x82, 0x40, 0x3B, 0x4D, 0xF4, 0x40, 0x3B, 0x25, 0x32, 0xCF, 0xDA, 0x8D, 0xD1, 0x9C, 0xD9, 0x47,
    0x90, 0x09, 0xF1, 0xAD, 0x26, 0xCD, 0xC7, 0xBD, 0xD0, 0xE1, 0x88, 0x3C, 0x85, 0x0A, 0xFC, 0x92,
    0x88, 0x28, 0x3F, 0x3C, 0xDE, 0x2B, 0x13, 0xC5, 0x16, 0xA8, 0x4D, 0x74, 0xC8, 0xA3, 0x91, 0x31,
    0x67, 0x78, 0x9C, 0x2B, 0x3B, 0xB4, 0xD1, 0x11, 0x65, 0x34, 0xA2, 0xC7, 0x3A, 0x05, 0x66, 0x85,
    0xA7, 0x39, 0x8D, 0x96, 0xFF, 0x79, 0xE8, 0xF5, 0x8E, 0x36, 0x43, 0x83, 0xD5, 0x80, 0x4E, 0xBE,
    0x8D, 0x5A, 0x84, 0x89, 0x70, 0x61, 0x35, 0x6D, 0x5D, 0x0B, 0xAB, 0xC6, 0xA2, 0x65, 0x4B, 0x49,
    0x9E, 0x02, 0xC2, 0x6E, 0x0F, 0x3B, 0x97, 0x4A, 0xE8, 0x1D, 0x94, 0x9F, 0x14, 0x1C, 0x77, 0xCE,
    0xC4, 0x58, 0x83, 0x38, 0x35, 0x2A, 0x0C, 0x93, 0xA3, 0x3D, 0x57, 0x8B, 0x72, 0xD8, 0x1E, 0x9F,
    0xE4, 0xCC, 0x3A, 0xAB, 0xD8, 0x6D, 0x40, 0xBB, 0x0C, 0x74, 0x06, 0xB4, 0x37, 0xDA, 0x42, 0xB9,
    0xE8, 0xF8, 0x43, 0x25, 0x6C, 0xE9, 0xF7, 0x8A, 0x7B, 0x69, 0x39, 0xA1, 0x63, 0x43, 0xA5, 0x31,
    0xFB, 0xBB, 0x89, 0x14, 0xBE, 0x3C, 0x92, 0x31, 0x69, 0xA7, 0xD9, 0x94, 0x1B, 0x14, 0xC7, 0x58,
    0x7E, 0x0C, 0x31, 0xAB, 0x1B, 0x34, 0x3F, 0x55, 0x27, 0xE9, 0xD2, 0x58, 0xE0, 0xD4, 0xD1, 0x19,
    0xE7, 0xCC, 0x68, 0xCB, 0x07, 0x1E, 0xCE, 0xD7, 0x72, 0x6E, 0x89, 0xC8, 0x8E, 0x0F, 0xDC, 0xF1,
    0xF9, 0xF2, 0x4D, 0xE0, 0x6C, 0x02, 0x67, 0x13, 0x38, 0x9B, 0xC0, 0xD9, 0x04, 0xCE, 0xEB, 0x10,
    0x38, 0xEF, 0x44, 0x31, 0x6D, 0x92, 0x88, 0x27, 0xA9, 0x85, 0x28, 0x67, 0x3F, 0xC6, 0x7C, 0x6C,
    0x89, 0x56, 0x34, 0x9D, 0x12, 0x51, 0xB9, 0x19, 0xAB, 0x28, 0x5A, 0xDF, 0x90, 0x6B, 0x67, 0x1D,
    0xB3, 0x57, 0xDB, 0xB7, 0x74, 0xC6, 0xAC, 0xD7, 0x73, 0x5F, 0x2E, 0xC4, 0x6B, 0x34, 0xC2, 0x4D,
    0xC9, 0x9B, 0xF8, 0x6C, 0xF2, 0x65, 0x93, 0x2F, 0x9B, 0x7C, 0xD9, 0xE4, 0xCB, 0x8F, 0x5E, 0xBE,
    0xA4, 0xBF, 0x8F, 0x16, 0x01, 0x18, 0x3B, 0xF2, 0xA4, 0x38, 0xCE, 0x98, 0x14, 0x67, 0xBD, 0x85,
    0x26, 0xB9, 0x61, 0x75, 0x19, 0x29, 0x2F, 0x46, 0x8C, 0x91, 0xF5, 0x2B, 0x3F, 0x04, 0x17, 0x8E,
    0xF0, 0x5C, 0xBF, 0x9F, 0xFC, 0x48, 0x9F, 0x4D, 0x9C, 0x6C, 0xE2, 0x64, 0x13, 0x27, 0x9B, 0x38,
    0xF9, 0xCB, 0xB0, 0x8F, 0x69, 0x26, 0xD5, 0x67, 0x6A, 0xEE, 0xB7, 0xF7, 0x15, 0x61, 0xD7, 0x2B,
    0x69, 0x6C, 0x22, 0xDB, 0xE4, 0xCB, 0x26, 0x5F, 0x36, 0xF9, 0xB2, 0xC9, 0x97, 0x4D, 0xBE, 0xDC,
    0x1B, 0xF9, 0xF2, 0xF0, 0x2B, 0xCD, 0xFA, 0x32, 0x73, 0xE1, 0x86, 0x77, 0x69, 0xFD, 0x32, 0x91,
    0xF5, 0x4B, 0x87, 0x7E, 0xDD, 0x99, 0x27, 0xB9, 0xCA, 0xC4, 0x79, 0x4A, 0x2A, 0x2E, 0xE5, 0xCE,
    0x9F, 0x28, 0x4F, 0x02, 0xE7, 0x41, 0x56, 0x2B, 0x2E, 0x35, 0x92, 0x4F, 0xD7, 0x0B, 0x20, 0x2E,
    0xF2, 0x88, 0x4B, 0xB9, 0xA0, 0x63, 0xE7, 0xCC, 0x72, 0x43, 0x5C, 0x17, 0xC5, 0x82, 0xBB, 0x98,
    0x6B, 0x57, 0x31, 0xE7, 0xCF, 0x4D, 0xEC, 0x65, 0x70, 0xB3, 0x6C, 0x42, 0x6B, 0x13, 0x5A, 0x9B,
    0xD0, 0xDA, 0x84, 0xD6, 0x26, 0xB4, 0x7E, 0x88, 0x45, 0x51, 0xCC, 0xB0, 0xCC, 0x4A, 0x5C, 0x5C,
    0x7D, 0xF9, 0x90, 0x66, 0xF8, 0x2B, 0xF8, 0xDD, 0x1D, 0xF8, 0xFC, 0x0E, 0x7C, 0x79, 0x07, 0xBE,
    0x36, 0xEB, 0xF4, 0x34, 0x77, 0x84, 0xFE, 0xEA, 0x8C, 0x59, 0x5D, 0x34, 0x19, 0x53, 0xAE, 0xE1,
    0x77, 0x66, 0x59, 0xC5, 0xDB, 0x39, 0xB2, 0x8A, 0xB7, 0x7C, 0x74, 0x15, 0x7F, 0xC1, 0x4E, 0xC3,
    0x84, 0x5E, 0xC5, 0x77, 0xEE, 0x5E, 0xC6, 0x79, 0x8D, 0xCC, 0x64, 0x0D, 0x9F, 0xC1, 0xAD, 0x3C,
    0xF3, 0x1A, 0x99, 0xAB, 0xF8, 0x12, 0x06, 0xD4, 0xBC, 0x46, 0xE6, 0x2A, 0xDE, 0xF1, 0x9D, 0x35,
    0xBC, 0x1B, 0x3F, 0x6B, 0x78, 0xBC, 0x00, 0x71, 0x5E, 0x23, 0x73, 0x0D, 0xBF, 0xC3, 0x50, 0x06,
    0x17, 0xF8, 0x02, 0x23, 0xDF, 0xCE, 0x6B, 0x64, 0xAE, 0xE1, 0x1B, 0xBC, 0x44, 0x67, 0x5E, 0x23,
    0x73, 0x0D, 0x6F, 0x4C, 0xB2, 0x86, 0xCF, 0x28, 0xF2, 0xE4, 0xBC, 0x46, 0xE6, 0xC5, 0xBD, 0x24,
    0x44, 0x66, 0x18, 0xA1, 0xD1, 0xB5, 0x19, 0x97, 0x78, 0x0C, 0xED, 0x7E, 0x89, 0x6F, 0x43, 0x48,
    0x4F, 0x85, 0xD7, 0xF7, 0x4F, 0x8A, 0x3B, 0x81, 0x96, 0x55, 0x3C, 0x31, 0xF4, 0x0B, 0x3C, 0x92,
    0x79, 0x49, 0x7F, 0x19, 0x8B, 0x1D, 0x45, 0xE6, 0x25, 0xBE, 0xE1, 0xA8, 0x73, 0xF3, 0x4A, 0x6B,
    0x5E, 0xE2, 0xD3, 0x48, 0x34, 0x5C, 0x72, 0x80, 0x39, 0x56, 0xF7, 0x56, 0xF1, 0xE5, 0x1D, 0xF8,
    0xFA, 0x0E, 0x7C, 0x73, 0x07, 0xBE, 0xBB, 0x03, 0x6F, 0xD6, 0xF1, 0x9E, 0x2B, 0x46, 0xF5, 0xF2,
    0x1C, 0x3B, 0xC2, 0x7B, 0x9F, 0xE8, 0x08, 0x5F, 0x05, 0x9F, 0xE5, 0x59, 0x93, 0x39, 0xAC, 0xE2,
    0xBB, 0x70, 0xE5, 0xD5, 0xAC, 0xC9, 0x3C, 0xAC, 0xE1, 0x83, 0x88, 0xD1, 0xF8, 0x20, 0x58, 0xE2,
    0x7B, 0x06, 0xA7, 0x55, 0x7C, 0x90, 0x2A, 0x1A, 0x1F, 0x84, 0x8B, 0xC6, 0x07, 0x4F, 0x31, 0x8D,
    0x0F, 0x2B, 0x16, 0xDB, 0x6F, 0xD7, 0xFC, 0x48, 0x49, 0x28, 0x39, 0xBA, 0xBC, 0xAA, 0x4A, 0xE1,
    0x85, 0x18, 0x54, 0x78, 0x21, 0xFC, 0x14, 0xBE, 0xD1, 0x87, 0xAF, 0x3C, 0xBE, 0x5D, 0xB9, 0x0F,
    0xD1, 0x68, 0x01, 0x58, 0xC6, 0x1A, 0x4A, 0xFC, 0xA4, 0x37, 0xCA, 0x65, 0xED, 0x46, 0xA9, 0xDD,
    0xA8, 0x23, 0xF9, 0x1D, 0xA2, 0x4E, 0xC5, 0x97, 0xCF, 0x75, 0x90, 0x6C, 0x3F, 0x62, 0x8F, 0x7A,
    0x40, 0x8E, 0x3C, 0x2D, 0xBE, 0xD9, 0xBB, 0x80, 0xF2, 0x7E, 0x76, 0xA3, 0x2E, 0x0A, 0x94, 0x36,
    0x34, 0x9D, 0x6B, 0xBE, 0xDE, 0x07, 0x35, 0x0D, 0x74, 0x6A, 0x4F, 0xBD, 0x64, 0xA4, 0xC0, 0x0C,
    0xE1, 0x56, 0x34, 0x13, 0xEE, 0x34, 0xA3, 0x4B, 0xF6, 0x2A, 0x71, 0x08, 0xCD, 0x7E, 0x11, 0xAE,
    0x60, 0xCB, 0x30, 0x74, 0xE2, 0x24, 0xB5, 0x11, 0x71, 0x0A, 0xCB, 0x9D, 0x28, 0x50, 0xF7, 0xBB,
    0x8D, 0x99, 0x68, 0x06, 0xAB, 0x98, 0xC8, 0x5B, 0x61, 0xAC, 0x5A, 0x92, 0x1B, 0x79, 0x64, 0x75,
    0x2C, 0x84, 0x6E, 0xF4, 0xD6, 0x9E, 0x6F, 0xC9, 0xD5, 0x0A, 0x56, 0xA2, 0x15, 0x30, 0x01, 0xCE,
    0x7A, 0xE2, 0x47, 0x13, 0x69, 0xFA, 0xCE, 0x60, 0x1B, 0x87, 0xF8, 0x7F, 0x03, 0xC0, 0x97, 0xA9,
    0x6F, 0x1D, 0xF3, 0xA6, 0x45, 0xF7, 0xC2, 0xF2, 0x8C, 0x4E, 0xD1, 0x77, 0x92, 0xAA, 0x93, 0x27,
    0x89, 0xBE, 0x13, 0x28, 0x31, 0x8F, 0x24, 0x68, 0xE5, 0x55, 0xAA, 0x0E, 0xA1, 0x2E, 0x72, 0x20,
    0x39, 0x46, 0xD5, 0xC9, 0xC3, 0xA8, 0x93, 0x24, 0xDA, 0x9D, 0xF2, 0xA8, 0x43, 0xC1, 0x0D, 0xE8,
    0x29, 0xBE, 0x60, 0x97, 0x6B, 0xB8, 0x13, 0x10, 0xCA, 0x0C, 0x07, 0x07, 0x59, 0x47, 0x5F, 0xE4,
    0x7E, 0x31, 0x5F, 0x11, 0x91, 0x72, 0x90, 0x2B, 0x74, 0x3E, 0xAD, 0xC2, 0xE5, 0x5A, 0x4F, 0xF0,
    0x1C, 0x47, 0xCF, 0x0B, 0x6C, 0x17, 0x9B, 0x37, 0x5E, 0xBA, 0x44, 0x8B, 0x9F, 0x21, 0x2C, 0xC7,
    0xC5, 0x11, 0x8C, 0x5A, 0x5F, 0x35, 0x91, 0x45, 0xD7, 0x47, 0x3C, 0x8C, 0x6E, 0xFB, 0x79, 0xD7,
    0x18, 0xE5, 0x40, 0xD5, 0x68, 0x9B, 0x43, 0xAB, 0x8D, 0x47, 0xD1, 0x71, 0x0B, 0xED, 0xC7, 0x9B,
    0x69, 0x50, 0x5F, 0x11, 0xCB, 0x71, 0x53, 0xF9, 0xB9, 0xEA, 0x22, 0xBD, 0xA0, 0xD3, 0x66, 0x88,
    0x52, 0x67, 0x96, 0x6B, 0x9B, 0xC4, 0xEE, 0xB9, 0xC1, 0x9F, 0x8A, 0xF0, 0xB3, 0xAE, 0xF1, 0x9E,
    0xF0, 0xBD, 0x21, 0xBE, 0xB1, 0x16, 0x2D, 0xDB, 0xCF, 0x5A, 0x35, 0x90, 0x54, 0x3C, 0x8C, 0xEF,
    0x4E, 0xF2, 0xC4, 0x1E, 0x22, 0x33, 0x95, 0x18, 0xEA, 0x83, 0x52, 0x11, 0xF6, 0x12, 0x18, 0x95,
    0x15, 0xE6, 0xB8, 0x4E, 0x54, 0x67, 0xD4, 0x99, 0x54, 0x49, 0xD2, 0x95, 0x5A, 0x9B, 0x3C, 0x54,
    0x0B, 0x95, 0x4A, 0xCD, 0xDE, 0x1B, 0xD9, 0xAB, 0xE9, 0xEF, 0x7E, 0x40, 0x2B, 0x56, 0x23, 0x57,
    0xE6, 0xAD, 0x96, 0x85, 0x2F, 0x05, 0x2C, 0x9A, 0x41, 0xC9, 0x43, 0xBE, 0x1B, 0xF0, 0x22, 0xC0,
    0xA8, 0x8D, 0x81, 0x9E, 0x7B, 0xBC, 0x6A, 0x60, 0xEB, 0xAC, 0x57, 0x0D, 0xCC, 0x5E, 0xD1, 0xDD,
    0xCB, 0x59, 0xD2, 0xBF, 0x34, 0xD0, 0x44, 0xA6, 0x30, 0x7C, 0x24, 0x7F, 0x7E, 0x78, 0x94, 0x2B,
    0xAE, 0x41, 0xAA, 0xA9, 0xA7, 0x75, 0x96, 0xDF, 0x09, 0x7E, 0x57, 0x09, 0xE3, 0x89, 0x32, 0x27,
    0xB7, 0x82, 0xD9, 0x15, 0xF2, 0x88, 0x46, 0x27, 0x94, 0x5D, 0xAF, 0x86, 0x12, 0x83, 0x11, 0xC7,
    0x32, 0x1A, 0xC9, 0xA0, 0x7F, 0xF2, 0x83, 0x9B, 0xEC, 0x37, 0x66, 0xB7, 0x31, 0xBB, 0x8D, 0xD9,
    0xBD, 0xF1, 0xCC, 0xEE, 0xAD, 0xDF, 0xAB, 0x39, 0x7D, 0x94, 0x66, 0x06, 0x19, 0x3A, 0xC2, 0xC8,
    0xA0, 0x4B, 0x42, 0x2F, 0x6B, 0xCD, 0x9F, 0x3D, 0x47, 0xB3, 0xAB, 0x90, 0x5C, 0x5C, 0xBB, 0x3D,
    0xCA, 0x3B, 0xBA, 0x8F, 0xC1, 0x4E, 0x80, 0x17, 0xE9, 0x9E, 0x82, 0x41, 0x6D, 0xE7, 0xAF, 0x5E,
    0x1E, 0x12, 0x7D, 0xE0, 0xFF, 0x35, 0x3E, 0x1B, 0x7F, 0xDB, 0xF8, 0xDB, 0xC6, 0xDF, 0x7E, 0x14,
    0xCA, 0x9C, 0x30, 0xC6, 0xFB, 0xB3, 0x4E, 0xD5, 0xEB, 0x00, 0x0A, 0x30, 0xFF, 0xED, 0x37, 0xFE,
    0xB6, 0x01, 0x1B, 0x7F, 0xDB, 0xF8, 0xDB, 0xAB, 0xE1, 0x6F, 0x78, 0x3B, 0x14, 0x5D, 0xE9, 0xCA,
    0xC7, 0x2E, 0x2B, 0xC3, 0x77, 0x73, 0xCF, 0x34, 0xD7, 0x07, 0xB2, 0xA6, 0xEE, 0x71, 0x7B, 0x65,
    0xA4, 0x9B, 0x75, 0xF1, 0xBA, 0x64, 0x78, 0xEB, 0x8A, 0xB6, 0xE7, 0x1E, 0x92, 0x0E, 0xC7, 0x0E,
    0x69, 0xBF, 0x7A, 0x19, 0x26, 0x73, 0x12, 0xCD, 0xB3, 0x7D, 0xFC, 0x85, 0x7D, 0x34, 0x71, 0x50,
    0xA3, 0x1C, 0xE0, 0xB4, 0x3B, 0x85, 0xFD, 0xD0, 0x2B, 0x34, 0xE5, 0xB6, 0xF0, 0x51, 0x80, 0x95,
    0x37, 0x45, 0xBB, 0x7D, 0x0D, 0x46, 0x11, 0x8A, 0x9E, 0xD4, 0xA0, 0x51, 0xA4, 0xC1, 0xFB, 0xCB,
    0x6A, 0x5C, 0x73, 0x54, 0x68, 0x02, 0x79, 0xEB, 0xE5, 0x65, 0xE1, 0x36, 0x4C, 0xB7, 0x61, 0x0A,
    0xD7, 0xF6, 0x24, 0x21, 0x36, 0x39, 0xEF, 0xEA, 0xD6, 0xB4, 0x95, 0xD6, 0xE1, 0x48, 0xDD, 0xB9,
    0xDB, 0x28, 0xF7, 0xC0, 0x69, 0x61, 0xBD, 0x0C, 0x7E, 0x46, 0x70, 0xC5, 0x19, 0xEC, 0xBB, 0xC1,
    0x9D, 0xB0, 0x56, 0xE3, 0x83, 0xDD, 0x90, 0xDA, 0x05, 0x54, 0xDB, 0x7B, 0xFF, 0x90, 0x57, 0xFB,
    0xB0, 0xFB, 0x44, 0x4E, 0x26, 0xC2, 0xED, 0x73, 0xFB, 0xFC, 0x2E, 0x9F, 0xD2, 0x39, 0xB1, 0x33,
    0x7B, 0xBC, 0x00, 0xF0, 0x05, 0xFF, 0x77, 0xBF, 0x6A, 0x17, 0xBA, 0xD9, 0xE6, 0x65, 0x87, 0x34,
    0x12, 0xB6, 0xFD, 0xFF, 0xA6, 0xFC, 0xBF, 0xEE, 0xDD, 0x8A, 0xBB, 0xF1, 0xCB, 0xA7, 0xA2, 0x6F,
    0xE1, 0x79, 0x1A, 0xC1, 0xCC, 0x1A, 0x83, 0xD3, 0xDA, 0xA3, 0x08, 0x9E, 0x23, 0x18, 0xD9, 0xF2,
    0x2E, 0x72, 0x4E, 0x05, 0xDF, 0x84, 0xF4, 0x23, 0xEF, 0x64, 0x44, 0xFE, 0x11, 0xA0, 0xE5, 0xF6,
    0xC2, 0x7D, 0xE2, 0x8A, 0xFC, 0xF6, 0xBC, 0xFF, 0x44, 0xCD, 0x7C, 0xDD, 0xDF, 0x77, 0x61, 0x8C,
    0x72, 0xB7, 0x68, 0x0D, 0x39, 0xB1, 0xF7, 0xDE, 0x00, 0x3A, 0x48, 0x38, 0x37, 0x18, 0x6A, 0x39,
    0xDC, 0x32, 0x8F, 0x56, 0xCD, 0x70, 0xF9, 0x07, 0xF9, 0x0C, 0xF5, 0x61, 0xED, 0xAD, 0xE0, 0x2A,
    0x82, 0xC1, 0xFF, 0x42, 0xC0, 0x39, 0xB9, 0x5D, 0xF4, 0xA1, 0xE9, 0x8E, 0x12, 0xCE, 0xF0, 0xA6,
    0x4C, 0x11, 0x3D, 0x1E, 0xAE, 0xD7, 0x95, 0x3E, 0xF6, 0x31, 0x7C, 0x56, 0x70, 0x17, 0xC1, 0x6E,
    0x51, 0x28, 0x61, 0xE7, 0x2E, 0xF2, 0x92, 0xF0, 0xAF, 0xBF, 0x34, 0xE6, 0xEB, 0xDB, 0x5B, 0xBA,
    0x04, 0xC8, 0x5F, 0xFB, 0x89, 0x8A, 0x5C, 0x1D, 0x6E, 0x83, 0xFE, 0xAE, 0x70, 0x27, 0x61, 0x9B,
    0xFF, 0x83, 0x7F, 0x32, 0x70, 0x4B, 0xF7, 0xFE, 0x15, 0xD1, 0xFF, 0xCC, 0xF6, 0x69, 0xBF, 0xA5,
    0x3D, 0xBF, 0xA5, 0x3F, 0xD2, 0xA8, 0xFF, 0x76, 0x97, 0xFD, 0xAD, 0xE0, 0x22, 0x1A, 0x1F, 0x65,
    0x34, 0x7E, 0xEA, 0x08, 0x6E, 0xA2, 0xF1, 0x17, 0x8D, 0xCF, 0x2C, 0x1A, 0xBF, 0x45, 0x34, 0xBE,
    0xEB, 0x68, 0xFC, 0x47, 0xF3, 0xA3, 0xF0, 0x57, 0xBB, 0xF5, 0x3C, 0x5D, 0xCE, 0x02, 0x7E, 0x18,
    0x2E, 0x82, 0xEE, 0x69, 0xFA, 0x51, 0x74, 0x74, 0x3B, 0x88, 0xAF, 0xBF, 0xF4, 0x13, 0x5C, 0xCC,
    0xE7, 0x21, 0x82, 0xF7, 0x1A, 0x3E, 0x47, 0xFC, 0x60, 0xAF, 0xE1, 0xA3, 0xE6, 0x27, 0x4F, 0xA4,
    0x3F, 0x89, 0xF9, 0x46, 0x05, 0x96, 0x78, 0xF7, 0x53, 0xED, 0x78, 0x03, 0x57, 0xA7, 0x49, 0x0B,
    0xD9, 0x3E, 0x35, 0xEA, 0xE7, 0x7E, 0x37, 0x36, 0xD3, 0xAB, 0xF0, 0x34, 0x5A, 0x94, 0x9B, 0x83,
    0x77, 0x33, 0x74, 0xCF, 0xBF, 0x41, 0xBD, 0x07, 0x59, 0xD8, 0x5B, 0x1F, 0x24, 0x6F, 0xEA, 0xA3,
    0xE3, 0x08, 0xF7, 0xAD, 0x0A, 0x4F, 0xDC, 0x0B, 0xFF, 0x46, 0x04, 0x17, 0x0D, 0xCA, 0xF0, 0xC8,
    0x7D, 0xAB, 0x26, 0x99, 0x03, 0x07, 0x0D, 0x9E, 0x35, 0x38, 0x69, 0x70, 0xD1, 0xA0, 0xCF, 0x9A,
    0xC0, 0x5E, 0x83, 0x27, 0x0D, 0x9E, 0x35, 0x38, 0x69, 0xD0, 0x48, 0xF0, 0xCF, 0x7E, 0xC7, 0x0B,
    0xC0, 0xFF, 0xF0, 0x59, 0x03, 0xF8, 0x07, 0xE1, 0x0D, 0x6A, 0xC1, 0x7F, 0xF7, 0x1B, 0xFE, 0x00,
    0xF6, 0xFE, 0xFA, 0x02, 0x04, 0x1B, 0xCE, 0x1A, 0xC1, 0x32, 0x5C, 0xB1, 0xEC, 0x40, 0xEF, 0x6B,
    0x87, 0xA0, 0x77, 0x34, 0x45, 0x30, 0xE1, 0xAC, 0x09, 0x6C, 0x29, 0x6B, 0x02, 0xD9, 0x8D, 0x8F,
    0x40, 0xCE, 0x9A, 0x40, 0xCE, 0x9A, 0xC0, 0xCC, 0xF0, 0xB5, 0x16, 0x00, 0x26, 0x86, 0x4F, 0x55,
    0x21, 0xD8, 0x72, 0x04, 0x7F, 0x04, 0x29, 0x6B, 0x06, 0xE9, 0xEA, 0x34, 0x06, 0x29, 0x6B, 0x06,
    0x29, 0x6B, 0x06, 0x29, 0x6B, 0x0F, 0x36, 0x74, 0xF8, 0x87, 0xC0, 0x8A, 0x2E, 0x18, 0x25, 0xB0,
    0xA4, 0x0B, 0x8F, 0x09, 0xDC, 0xC1, 0x90, 0xF0, 0x60, 0x0A, 0xFD, 0xE6, 0x41, 0xCB, 0x69, 0x27,
    0x09, 0x36, 0x68, 0x2B, 0x60, 0x10, 0x3C, 0x71, 0x03, 0x58, 0xA0, 0x3B, 0x2E, 0x83, 0x90, 0x75,
    0x00, 0x21, 0xEB, 0x00, 0x42, 0xD6, 0x02, 0x6C, 0xE0, 0xD8, 0x8F, 0x07, 0x5D, 0x9C, 0x6F, 0x01,
    0x16, 0x60, 0x9D, 0xF3, 0xA0, 0xEB, 0x37, 0x01, 0x3A, 0x81, 0x2B, 0xC1, 0xD6, 0x9D, 0x1A, 0x0C,
    0x60, 0x43, 0x96, 0xBE, 0xDE, 0xB3, 0x73, 0x09, 0xE6, 0x1A, 0xCC, 0x34, 0x98, 0x44, 0x60, 0xAB,
    0xC1, 0x5A, 0x83, 0xA5, 0x06, 0x73, 0x0D, 0x66, 0x1A, 0x4C, 0x22, 0xB0, 0xD1, 0x60, 0xAD, 0xC1,
    0x52, 0x83, 0x3B, 0x0D, 0xA6, 0x1A, 0x4C, 0xA0, 0xB9, 0x0E, 0x82, 0x33, 0x1C, 0x56, 0x59, 0xCD,
    0xDF, 0x46, 0x9B, 0x25, 0x71, 0x0C, 0xEF, 0x38, 0x84, 0x77, 0x77, 0x79, 0xF2, 0x40, 0x72, 0xDD,
    0x8B, 0xF8, 0xDD, 0x71, 0xF8, 0xEE, 0x8B, 0xE8, 0xDD, 0x57, 0x71, 0xF0, 0xEE, 0x8B, 0xD8, 0xDD,
    0xF5, 0x65, 0x2C, 0x6F, 0xC5, 0xE8, 0xAD, 0x06, 0x7A, 0x8C, 0x34, 0xE3, 0xC3, 0xEB, 0xE3, 0xDD,
    0x37, 0xCE, 0x05, 0x5E, 0x11, 0x6F, 0x54, 0x24, 0x7D, 0x75, 0xB3, 0x03, 0xEF, 0x14, 0x2C, 0xB1,
    0xCA, 0x7E, 0x0C, 0x9E, 0x00, 0xF2, 0xD4, 0x58, 0xA7, 0xBD, 0xFC, 0x33, 0xF4, 0xB7, 0xBF, 0xE1,
    0x1F, 0x14, 0xE4, 0xD8, 0xD4, 0x86, 0x4B, 0xE3, 0x07, 0x2A, 0x75, 0xA2, 0xD2, 0xF6, 0x9C, 0x8F,
    0x57, 0x53, 0x82, 0x35, 0x3B, 0x38, 0xDD, 0x23, 0xBB, 0x29, 0xA4, 0xF4, 0x3D, 0x29, 0x67, 0x6A,
    0xF0, 0x76, 0x16, 0x9E, 0xD8, 0x0D, 0x72, 0x89, 0x70, 0xF3, 0x8E, 0xAB, 0x52, 0xA7, 0x0E, 0x3A,
    0x24, 0xDA, 0x63, 0xDA, 0x45, 0x00, 0x91, 0x97, 0x65, 0x01, 0x2B, 0xEE, 0xC5, 0x30, 0x39, 0xEE,
    0xD4, 0x5D, 0x40, 0xEE, 0x34, 0xB6, 0x18, 0x59, 0x36, 0x2F, 0xE5, 0xCC, 0x2D, 0xA2, 0xE6, 0xB3,
    0xC2, 0xA8, 0x5C, 0xC1, 0x1B, 0x17, 0x75, 0x71, 0x96, 0xF0, 0x54, 0x47, 0x70, 0xA3, 0xCF, 0xE6,
    0xC5, 0xF0, 0xDC, 0x68, 0x97, 0xD8, 0x18, 0x5E, 0xD4, 0x46, 0x4F, 0x0C, 0x97, 0x17, 0xB0, 0xB9,
    0x57, 0xB0, 0xA5, 0x37, 0xAE, 0xCF, 0x33, 0xEB, 0x5B, 0x5F, 0xC0, 0x93, 0xBA, 0x9B, 0x76, 0xA5,
    0x7D, 0xAB, 0xA8, 0x3F, 0x2E, 0xFB, 0x4B, 0xF7, 0x67, 0x11, 0xF5, 0xB7, 0xF2, 0xD6, 0xB7, 0xE3,
    0x21, 0x1E, 0x2F, 0x59, 0x34, 0x9E, 0xE2, 0xF1, 0x26, 0x1D, 0x6E, 0xA0, 0xAC, 0x36, 0x1A, 0xAF,
    0x8D, 0x54, 0x77, 0x26, 0x75, 0x5B, 0x62, 0x87, 0x17, 0x47, 0xEB, 0xF9, 0x10, 0xCF, 0x97, 0x34,
    0x9A, 0x4F, 0xC1, 0xB7, 0x90, 0xE6, 0x5B, 0x4D, 0x14, 0xF0, 0x7C, 0x2C, 0xD1, 0xD1, 0xC7, 0x69,
    0xB2, 0x27, 0x9E, 0xFE, 0xCB, 0x6F, 0xAF, 0x3B, 0xAF, 0x59, 0x45, 0xF3, 0x3D, 0xF0, 0x83, 0x51,
    0x2B, 0xC9, 0xBE, 0xE2, 0x6D, 0x74, 0x0A, 0xEC, 0x4A, 0x7F, 0x4D, 0x2E, 0xFB, 0x92, 0x21, 0xBF,
    0x6B, 0xCC, 0x9F, 0x62, 0x1E, 0x16, 0x07, 0xDD, 0xAE, 0xB5, 0x90, 0xC8, 0x2F, 0x64, 0x82, 0x72,
    0x05, 0x88, 0x02, 0x6E, 0xC7, 0xF1, 0xB6, 0x5B, 0xCD, 0xDF, 0xA3, 0x68, 0xDB, 0x71, 0xB0, 0xED,
    0x28, 0xD6, 0x76, 0x1C, 0x6A, 0x3B, 0x8D, 0x6F, 0x7E, 0x88, 0x03, 0xDD, 0x75, 0x51, 0x9C, 0xED,
    0xD7, 0x1E, 0x66, 0x7B, 0x93, 0x0F, 0x9B, 0x7C, 0xD8, 0xE4, 0xC3, 0x26, 0x1F, 0xDE, 0x58, 0xF9,
    0xF0, 0xCE, 0xE7, 0x49, 0xC4, 0xFD, 0xF7, 0xD1, 0x0E, 0x83, 0xD2, 0xCE, 0xE3, 0x00, 0xD9, 0x8D,
    0xE6, 0xD8, 0x10, 0x1E, 0xBB, 0x97, 0xB2, 0x65, 0x52, 0xD1, 0xB1, 0xE3, 0xE0, 0xD8, 0x1D, 0xF0,
    0x85, 0x7D, 0xE8, 0xD7, 0x59, 0x79, 0xD5, 0x96, 0x78, 0xEA, 0x3E, 0xDC, 0x71, 0x86, 0xAB, 0xE5,
    0x7B, 0x1C, 0x18, 0x7B, 0x93, 0x07, 0x9B, 0x3C, 0xD8, 0xE4, 0xC1, 0x26, 0x0F, 0xDE, 0x50, 0x79,
    0x10, 0xC7, 0xB4, 0xC6, 0x0B, 0xFC, 0xFE, 0x55, 0xEB, 0xEB, 0x45, 0x1C, 0xF0, 0x40, 0xB4, 0xA3,
    0x86, 0xE3, 0xEF, 0x8B, 0xA7, 0xDA, 0x1E, 0x94, 0xF7, 0x2B, 0xC1, 0xAC, 0xDF, 0xE8, 0x58, 0xD6,
    0x1B, 0xFF, 0xDF, 0xF8, 0xFF, 0xC6, 0xFF, 0x37, 0xFE, 0xFF, 0x26, 0xDB, 0x8B, 0x94, 0x7A, 0xDF,
    0xA7, 0xBA, 0xDF, 0x7A, 0x19, 0x41, 0xEE, 0xB5, 0xC3, 0xF7, 0x3E, 0xF2, 0xF4, 0x26, 0x0F, 0x36,
    0x79, 0xB0, 0xC9, 0x83, 0x4D, 0x1E, 0xBC, 0xD9, 0xF2, 0x80, 0xAD, 0xEE, 0xBF, 0x4A, 0x76, 0x5C,
    0xD4, 0x94, 0x94, 0x0B, 0x9B, 0xFC, 0xFD, 0x76, 0x74, 0xED, 0x36, 0xAD, 0x07, 0xA2, 0xF5, 0x48,
    0xF1, 0x65, 0x5D, 0xF0, 0x5A, 0x9A, 0x7C, 0x05, 0x38, 0x7D, 0xD3, 0x51, 0x9B, 0x89, 0x03, 0xEE,
    0x42, 0x80, 0x54, 0x78, 0x19, 0xE3, 0xDC, 0xC2, 0xCB, 0x05, 0x3B, 0x4D, 0x1D, 0x28, 0x1A, 0x2A,
    0xBC, 0xDC, 0xB1, 0x0F, 0xC6, 0xC8, 0x21, 0x71, 0xED, 0xCB, 0x3C, 0xF3, 0xED, 0xCB, 0x8F, 0x43,
    0xD8, 0x31, 0x19, 0x72, 0x4C, 0x7A, 0x0A, 0x84, 0x21, 0xA1, 0xE2, 0x8A, 0xF9, 0x16, 0x1C, 0xC3,
    0x4E, 0xC6, 0x22, 0xB8, 0xF6, 0x21, 0xB0, 0xDC, 0x21, 0x34, 0xF6, 0xC8, 0xAF, 0x32, 0x77, 0xA9,
    0x21, 0xEA, 0xD8, 0x81, 0xC6, 0x2C, 0x55, 0x30, 0x43, 0x3F, 0x8A, 0x91, 0x5A, 0x80, 0xA2, 0x5A,
    0xD5, 0xE4, 0x55, 0x76, 0xE0, 0x10, 0xB1, 0xEE, 0xE5, 0x8C, 0x1D, 0x45, 0x46, 0x8E, 0x6E, 0xE5,
    0x5E, 0xA6, 0xC0, 0xBC, 0xEE, 0x65, 0x76, 0xBE, 0x37, 0xAE, 0x7D, 0xD9, 0xD3, 0xC2, 0xB6, 0x2F,
    0x57, 0x30, 0xD9, 0x51, 0xB5, 0xDC, 0x27, 0x57, 0xEB, 0xB9, 0xAE, 0xB1, 0x4F, 0x1F, 0x1B, 0x83,
    0x11, 0xC2, 0xFF, 0x4E, 0x0E, 0x1F, 0x18, 0xA2, 0x46, 0x0C, 0x17, 0x70, 0x38, 0xE5, 0x38, 0x4A,
    0x41, 0x20, 0x51, 0xEC, 0xC6, 0x22, 0x04, 0xCE, 0xAD, 0xB9, 0xB3, 0x7C, 0xF4, 0xC7, 0x0E, 0x9A,
    0x43, 0x84, 0x61, 0x4C, 0xB1, 0xAD, 0x72, 0xF0, 0x34, 0x7B, 0xE0, 0x1A, 0xF7, 0x17, 0xD8, 0x90,
    0x15, 0xB6, 0xBE, 0x6B, 0xE4, 0x3F, 0x7B, 0x69, 0x75, 0xF4, 0x83, 0xFE, 0x84, 0x65, 0x2F, 0xA1,
    0x27, 0x7A, 0x6C, 0x9F, 0x73, 0xA0, 0x9C, 0xA8, 0x09, 0xB2, 0x73, 0xA6, 0xCF, 0xBD, 0x9F, 0xA5,
    0x74, 0x9C, 0x41, 0xC4, 0x9B, 0xA3, 0x83, 0x2D, 0x53, 0x18, 0x25, 0x58, 0x7F, 0x11, 0x8B, 0x10,
    0xBE, 0x4C, 0xC3, 0x98, 0xA9, 0xBD, 0x3F, 0xDF, 0x51, 0x78, 0x49, 0x24, 0x91, 0x87, 0x2B, 0x60,
    0x0A, 0x3F, 0x8E, 0x72, 0xDA, 0x27, 0x0B, 0x5C, 0xAE, 0xA2, 0x5A, 0x94, 0xC2, 0x95, 0xEA, 0xBF,
    0x00, 0x13, 0x38, 0xA5, 0x31, 0xFF, 0x0C, 0xA5, 0x78, 0x5E, 0x6A, 0x8B, 0x60, 0x87, 0x1F, 0x1F,
    0xEB, 0x71, 0xC2, 0x6A, 0x78, 0x8C, 0xED, 0x06, 0xA4, 0xB6, 0x0D, 0x7A, 0x43, 0x8F, 0x35, 0x62,
    0x9E, 0x0F, 0x36, 0x58, 0x83, 0x27, 0x31, 0xCE, 0x44, 0xDF, 0x4C, 0x6C, 0x8E, 0xAB, 0x5E, 0xE2,
    0xD7, 0x53, 0xC0, 0x80, 0x5F, 0x5B, 0x8B, 0x18, 0x1E, 0x94, 0x07, 0x8D, 0xD9, 0x51, 0x98, 0xE2,
    0x80, 0x29, 0xC8, 0xB7, 0x29, 0x60, 0x6A, 0x72, 0x7E, 0x0A, 0x98, 0x8E, 0xE6, 0x80, 0xC7, 0x90,
    0x8D, 0x58, 0x60, 0x72, 0x76, 0xB7, 0xF2, 0x98, 0x92, 0x83, 0x5A, 0x7B, 0x4C, 0xE3, 0x9D, 0x5B,
    0x19, 0x63, 0xD8, 0xEB, 0x89, 0x31, 0x3B, 0xEF, 0x01, 0xC6, 0x18, 0x0E, 0xF3, 0xD8, 0xFA, 0x9A,
    0x72, 0x18, 0xE6, 0x80, 0xE9, 0xA8, 0xA7, 0x01, 0xE3, 0x1A, 0x29, 0x0D, 0x9C, 0x7D, 0xC4, 0xFF,
    0x72, 0xEE, 0x33, 0xC0, 0xB4, 0x10, 0xFC, 0x76, 0xE4, 0x4E, 0x3C, 0x63, 0x81, 0xDE, 0x2F, 0x90,
    0xFA, 0x6B, 0x4E, 0x84, 0xCB, 0x28, 0x60, 0x96, 0x70, 0xD9, 0x18, 0x60, 0xEC, 0x50, 0xF3, 0x61,
    0x28, 0x33, 0x3E, 0xA3, 0xE8, 0xC3, 0xEA, 0xEC, 0x78, 0xFC, 0xE8, 0xF8, 0x73, 0x38, 0x25, 0xF7,
    0x42, 0xF2, 0xF1, 0x21, 0xB1, 0x20, 0xFB, 0x40, 0xD6, 0x8C, 0x61, 0x24, 0xD2, 0xAC, 0x0A, 0x1E,
    0x80, 0x33, 0x4D, 0xF6, 0xDE, 0xB3, 0x86, 0x49, 0x48, 0x32, 0x31, 0x45, 0xD6, 0x66, 0x93, 0x28,
    0xFC, 0x48, 0xF9, 0x1C, 0x95, 0x64, 0x14, 0xA5, 0xB7, 0x22, 0xC4, 0x2C, 0x67, 0x33, 0x79, 0x36,
    0x32, 0x48, 0xB9, 0xD9, 0x39, 0x3F, 0x43, 0xA7, 0xE1, 0x5E, 0x51, 0x86, 0x99, 0x63, 0x1F, 0x4E,
    0x66, 0x7E, 0xC4, 0x35, 0x2E, 0x20, 0xD0, 0x9F, 0xF4, 0x8B, 0x77, 0xC1, 0xCF, 0x1A, 0x15, 0x8F,
    0xD6, 0x75, 0x43, 0xA1, 0x7C, 0x63, 0x21, 0xDC, 0x6C, 0x27, 0x45, 0x6B, 0x61, 0x02, 0x6B, 0x3B,
    0xB0, 0x00, 0x4C, 0x28, 0xF2, 0x26, 0x6F, 0x68, 0xFF, 0x0E, 0xFE, 0xFF, 0x24, 0x8A, 0x9A, 0xA7,
    0x9E, 0x9F, 0xEB, 0xD5, 0x95, 0xF2, 0xCE, 0xD2, 0xBE, 0x59, 0x26, 0x8A, 0x61, 0x2A, 0xB6, 0x61,
    0x22, 0xAF, 0x2C, 0xED, 0x93, 0x15, 0x79, 0x64, 0xE5, 0xDA, 0x1F, 0x2B, 0xF2, 0xC6, 0xBA, 0xD1,
    0xBE, 0x58, 0xAD, 0x76, 0xFE, 0xD2, 0x11, 0xFD, 0xAE, 0x0E, 0xAF, 0x61, 0xF9, 0xA4, 0x82, 0xA8,
    0x9E, 0x5A, 0xA9, 0xB1, 0x6D, 0xD0, 0x06, 0xDD, 0x6B, 0xA8, 0x79, 0x01, 0x68, 0x5C, 0x87, 0x2A,
    0x73, 0xAA, 0x65, 0xE4, 0x51, 0x0D, 0x0D, 0x95, 0x5C, 0x71, 0x1F, 0xC5, 0x82, 0x09, 0xFD, 0xA4,
    0x03, 0xF3, 0xE8, 0xC3, 0x62, 0x29, 0x85, 0x23, 0x68, 0x42, 0x40, 0x78, 0x3E, 0xED, 0x97, 0xE5,
    0x93, 0x60, 0xFA, 0x7E, 0xCD, 0x62, 0x70, 0x49, 0x8F, 0x74, 0x17, 0x06, 0xAF, 0xBA, 0x80, 0x2F,
    0xDD, 0x7A, 0xE5, 0x48, 0xDC, 0xF1, 0xF3, 0x8F, 0x3A, 0xE4, 0x90, 0x99, 0xBE, 0x74, 0x41, 0x07,
    0x16, 0xAE, 0xD4, 0x3A, 0x25, 0x5B, 0x0D, 0x49, 0x3C, 0x30, 0x13, 0x92, 0x67, 0xA0, 0x40, 0x47,
    0x8D, 0x36, 0xAC, 0xB5, 0x77, 0xD3, 0x8D, 0xDC, 0x4B, 0x50, 0x9E, 0x4D, 0xA9, 0xDA, 0x98, 0x56,
    0x5E, 0x4D, 0xDA, 0xA7, 0xA9, 0xBD, 0x08, 0xA6, 0x7C, 0x90, 0x8C, 0x57, 0xC5, 0xE2, 0x7C, 0xA2,
    0x77, 0x46, 0x04, 0xA4, 0xB8, 0xB7, 0xDA, 0xE1, 0x30, 0xCA, 0x87, 0xE9, 0xF5, 0x79, 0x30, 0x6D,
    0xBC, 0x75, 0x83, 0x36, 0xDE, 0xBA, 0xF1, 0xD6, 0xBB, 0x78, 0xEB, 0x3B, 0x4A, 0x8D, 0x55, 0xE7,
    0x00, 0x76, 0xCA, 0xA9, 0x53, 0xFB, 0x04, 0xC9, 0x63, 0x46, 0xE8, 0x0F, 0x74, 0x08, 0xFC, 0x78,
    0xAC, 0xE4, 0xDD, 0x13, 0xD2, 0x17, 0xA8, 0x73, 0x67, 0xC7, 0x82, 0x71, 0x66, 0x16, 0x97, 0xDB,
    0x94, 0x68, 0x6D, 0x3E, 0x7B, 0x93, 0xBF, 0xB8, 0x29, 0xE8, 0xDE, 0x3C, 0x1B, 0x37, 0xDD, 0xA0,
    0x8D, 0x9B, 0x6E, 0xDC, 0xF4, 0x19, 0x9A, 0xAA, 0xDE, 0xC5, 0x5C, 0x44, 0x13, 0xBC, 0x46, 0xE8,
    0x7E, 0xEE, 0xA0, 0x6E, 0xDC, 0x74, 0x83, 0x36, 0x6E, 0xBA, 0x71, 0xD3, 0xE7, 0xE1, 0xA6, 0xA4,
    0x5B, 0xEA, 0x3D, 0xAE, 0x4E, 0x81, 0x55, 0x7C, 0x68, 0x75, 0x52, 0x56, 0x4F, 0x09, 0x16, 0xCA,
    0x41, 0x23, 0xD5, 0x57, 0xA2, 0xD4, 0x6A, 0x95, 0x1F, 0xD9, 0x56, 0x1B, 0x7D, 0x56, 0xB6, 0x31,
    0x6A, 0xA1, 0x5F, 0xEB, 0x0B, 0x42, 0x4A, 0x7D, 0x30, 0xF7, 0xAD, 0xD7, 0xCF, 0x72, 0x65, 0xFC,
    0xEA, 0xC2, 0xC5, 0x07, 0x99, 0x84, 0x82, 0x3F, 0x35, 0x2A, 0x2C, 0xC1, 0xB9, 0x12, 0x55, 0x6D,
    0xC1, 0xD7, 0xA2, 0x17, 0xA3, 0x4E, 0x2C, 0x0F, 0xDC, 0xB0, 0xCB, 0xE4, 0x85, 0x70, 0x30, 0xD2,
    0xC2, 0x1E, 0xEB, 0x2C, 0x77, 0xDB, 0x4A, 0x1C, 0x6B, 0x8B, 0x14, 0x02, 0xA5, 0x2F, 0x09, 0xAC,
    0xD3, 0x85, 0xD8, 0x22, 0xE9, 0xC5, 0x42, 0x24, 0xC3, 0x21, 0x69, 0x7C, 0x9C, 0x6C, 0xF2, 0x68,
    0x19, 0x43, 0x39, 0x61, 0x4B, 0x8C, 0xB6, 0x62, 0xC2, 0xF1, 0x7F, 0xBA, 0x75, 0x0E, 0x4B, 0x6A,
    0x31, 0x4B, 0xBE, 0x2D, 0xCA, 0x88, 0xC3, 0xEF, 0x5C, 0x8E, 0x2F, 0x69, 0xA7, 0xB6, 0x79, 0xC2,
    0x1D, 0x61, 0xB8, 0x61, 0xE2, 0xAF, 0x06, 0xE3, 0x23, 0xFB, 0x61, 0xBE, 0xED, 0x7D, 0x39, 0x5C,
    0x92, 0x9F, 0xA9, 0x19, 0xED, 0x03, 0xCB, 0xDD, 0xE9, 0x9D, 0xBC, 0x4E, 0x74, 0x92, 0x77, 0x91,
    0xB9, 0x92, 0x2A, 0x79, 0x42, 0xC2, 0xC8, 0x78, 0x13, 0x6E, 0xC3, 0x31, 0x3A, 0x64, 0xAE, 0x8E,
    0x5B, 0x98, 0x3F, 0xEA, 0xEB, 0x3F, 0x95, 0xDD, 0xAA, 0xBD, 0xBC, 0xC7, 0xF2, 0xA4, 0x56, 0x7D,
    0x72, 0x11, 0x58, 0xE8, 0x10, 0xC2, 0x3B, 0x3D, 0x19, 0xE2, 0x83, 0x7D, 0xE6, 0xC5, 0xAE, 0x88,
    0xDA, 0xC0, 0x37, 0x0C, 0xAC, 0xD6, 0x03, 0xF8, 0x35, 0xD1, 0x76, 0xD3, 0xF9, 0x47, 0x00, 0x2D,
    0xB7, 0xEE, 0x79, 0x3F, 0x38, 0x4C, 0x78, 0x91, 0xD1, 0xAA, 0x00, 0x3D, 0xAD, 0x8A, 0xCF, 0x23,
    0xA0, 0x53, 0xA2, 0xC3, 0x41, 0xAB, 0x48, 0xD1, 0x3D, 0x97, 0xF0, 0x25, 0xBE, 0xCA, 0xA5, 0xE3,
    0xFD, 0x4E, 0x9E, 0x96, 0x87, 0x18, 0x47, 0xFA, 0x1C, 0xB6, 0x04, 0xF7, 0x01, 0xAA, 0x8C, 0x0C,
    0x3A, 0xE3, 0x36, 0x61, 0x5B, 0x79, 0x07, 0x98, 0x54, 0x5F, 0x34, 0xD4, 0x99, 0xB3, 0x80, 0x5A,
    0x33, 0xB6, 0x32, 0xBE, 0xCC, 0xF4, 0x3D, 0x43, 0xBA, 0xBC, 0x4E, 0x41, 0x46, 0x52, 0x96, 0x2A,
    0xAA, 0x1D, 0xA3, 0x6E, 0xA5, 0xBB, 0x86, 0xA8, 0x6D, 0x2D, 0x5B, 0xC2, 0xC9, 0xF6, 0xD0, 0x4A,
    0x85, 0x6C, 0xC1, 0x94, 0x5A, 0x17, 0x02, 0x13, 0x7F, 0xC4, 0x2D, 0xAF, 0x7B, 0xE5, 0x8E, 0x1E,
    0x3B, 0x2B, 0xE8, 0x20, 0xA1, 0x51, 0x8E, 0x82, 0x45, 0x8E, 0x90, 0xAF, 0x7E, 0x44, 0xF3, 0xE1,
    0x6E, 0xE8, 0x22, 0xBC, 0x6D, 0xFC, 0xB8, 0x8B, 0xDF, 0x0E, 0x62, 0xBF, 0x46, 0x08, 0x8D, 0x4A,
    0x39, 0xAE, 0x29, 0xAF, 0xB7, 0x5C, 0xF9, 0xC4, 0xD5, 0xF2, 0xDE, 0x6E, 0x37, 0x11, 0x1E, 0xB9,
    0x5D, 0x6E, 0xBE, 0x61, 0xEF, 0x1C, 0x74, 0x04, 0xF2, 0xCE, 0xA9, 0x59, 0xB3, 0x5D, 0xBC, 0x06,
    0xE2, 0x15, 0x04, 0x32, 0x4F, 0xD6, 0xFC, 0x03, 0x52, 0x22, 0x48, 0x7B, 0x9D, 0x49, 0xE3, 0x16,
    0x10, 0xD9, 0x3A, 0x33, 0x76, 0x97, 0xD8, 0x2B, 0x28, 0x98, 0x36, 0x7D, 0xCC, 0xD4, 0x9C, 0x9D,
    0x89, 0x84, 0x5E, 0xC2, 0xA2, 0x1F, 0x29, 0x63, 0xA8, 0x63, 0xF5, 0x23, 0x68, 0x0C, 0xEC, 0xE4,
    0x84, 0x7A, 0x0C, 0x39, 0x1D, 0xA5, 0xD8, 0x2E, 0x04, 0x95, 0x58, 0x75, 0x82, 0xBA, 0xA0, 0x94,
    0x87, 0x93, 0x9D, 0x08, 0x79, 0xEF, 0x58, 0x28, 0xC1, 0xF7, 0x54, 0x86, 0xFA, 0xDA, 0x3E, 0x40,
    0xE1, 0xF4, 0x65, 0x06, 0xCE, 0x7C, 0xC2, 0x73, 0xCE, 0x92, 0x75, 0xBC, 0x13, 0x2A, 0x22, 0xE8,
    0xA4, 0xA0, 0x51, 0xFD, 0x8E, 0x15, 0x67, 0x2C, 0x41, 0x52, 0x96, 0xF9, 0x38, 0x54, 0x44, 0x19,
    0xBD, 0x9B, 0xA1, 0x03, 0x27, 0xA9, 0x2F, 0x00, 0x55, 0xEA, 0xB2, 0xF6, 0x1D, 0x0F, 0x98, 0x8C,
    0x3C, 0x92, 0x0C, 0x3B, 0xB9, 0x08, 0x9F, 0x09, 0x6A, 0xDD, 0x0A, 0x99, 0x72, 0x68, 0x79, 0x57,
    0x65, 0x86, 0xAE, 0x80, 0x9E, 0x2C, 0x04, 0xA5, 0xB2, 0x8D, 0xE3, 0xA1, 0x42, 0x5D, 0xB1, 0x9E,
    0xEA, 0x0B, 0xD7, 0x5B, 0xA5, 0xD6, 0xB9, 0x26, 0xCE, 0x84, 0xF3, 0xD7, 0x49, 0xDD, 0x9B, 0x7B,
    0x37, 0x54, 0x3C, 0x03, 0x2A, 0x9F, 0x1B, 0xAA, 0x22, 0x5A, 0x8E, 0x02, 0xEA, 0xA2, 0x3A, 0x1C,
    0xB0, 0x1F, 0x0E, 0x09, 0x79, 0x2F, 0x42, 0x8F, 0x21, 0x2F, 0x9B, 0x11, 0x2A, 0xAD, 0xBC, 0xFB,
    0xD8, 0x90, 0x03, 0xA7, 0x58, 0xC8, 0x65, 0xA0, 0x8C, 0xF2, 0x74, 0xCC, 0xFC, 0xBD, 0x07, 0xB3,
    0xEF, 0x77, 0x16, 0x8E, 0x29, 0x73, 0x51, 0xB1, 0xF4, 0xBA, 0x51, 0x9E, 0xF3, 0xFC, 0x48, 0x0F,
    0x9A, 0x46, 0x45, 0x91, 0x3F, 0x08, 0xED, 0x72, 0x96, 0x3A, 0xED, 0x20, 0x17, 0x73, 0xFB, 0x20,
    0x22, 0xF5, 0x3D, 0x63, 0xC7, 0xB5, 0x55, 0x9D, 0xF2, 0x97, 0x51, 0xDE, 0x32, 0xD2, 0x57, 0x46,
    0x79, 0xCA, 0x7C, 0x9F, 0x7E, 0x32, 0xEF, 0xB0, 0xA8, 0x20, 0xAE, 0x77, 0x0E, 0x75, 0x21, 0x8E,
    0x57, 0x88, 0x90, 0x7F, 0xC2, 0xFB, 0x37, 0x15, 0x02, 0x09, 0x8E, 0x05, 0xD0, 0xE2, 0xBD, 0x86,
    0xFF, 0x73, 0x52, 0x42, 0x66, 0xBF, 0x92, 0xA1, 0x9A, 0x56, 0x22, 0x8E, 0x63, 0x01, 0xC1, 0x9A,
    0xBD, 0xA7, 0x2D, 0x33, 0x47, 0x64, 0x5E, 0x7C, 0x89, 0xA4, 0x6B, 0xDF, 0xF4, 0x11, 0xA7, 0x43,
    0x4B, 0x74, 0xAF, 0x26, 0x9D, 0xFA, 0x3C, 0x3F, 0x7C, 0xCC, 0x35, 0xBE, 0x0A, 0xFC, 0xFE, 0x2A,
    0x54, 0x32, 0xED, 0x42, 0xBA, 0x12, 0x95, 0x77, 0xE8, 0x6F, 0x3E, 0x07, 0xDA, 0x5C, 0x0B, 0x7E,
    0x4A, 0xF9, 0xD7, 0xA4, 0xB2, 0xB9, 0x34, 0xDF, 0x3E, 0x8A, 0x67, 0xD3, 0x07, 0x4E, 0xEF, 0x82,
    0x8F, 0xDF, 0xA1, 0xE0, 0x01, 0x66, 0xD3, 0xDE, 0xAF, 0xCF, 0xA6, 0xD9, 0x55, 0xD0, 0xA5, 0xFD,
    0x2A, 0x0C, 0xD2, 0x47, 0x91, 0xEE, 0x7D, 0x5A, 0xC4, 0x3B, 0xF3, 0xE9, 0x0C, 0xD2, 0x47, 0xEE,
    0x64, 0x9F, 0x4F, 0x29, 0x9C, 0x7F, 0x1B, 0x48, 0x9F, 0x79, 0x80, 0x1F, 0xC8, 0x1F, 0x14, 0x2E,
    0x25, 0x2D, 0xD9, 0x57, 0xD2, 0x38, 0x3A, 0xDD, 0x4B, 0xB9, 0x99, 0x5B, 0xA0, 0xDF, 0x7C, 0xFA,
    0x16, 0xA8, 0x74, 0x87, 0x34, 0x5C, 0x90, 0x70, 0xA0, 0x61, 0xB2, 0x80, 0x13, 0x77, 0x45, 0xA3,
    0xA7, 0xC1, 0x59, 0x6F, 0x30, 0x1E, 0xDC, 0xC1, 0x3B, 0x3B, 0xD4, 0xB0, 0xCA, 0x7E, 0xEC, 0x47,
    0xE1, 0x8A, 0x0F, 0xC6, 0xCD, 0xAA, 0xFF, 0x85, 0xF4, 0xBE, 0xA8, 0xC2, 0x4A, 0xF1, 0x2A, 0xBA,
    0xE0, 0x6F, 0x08, 0xD3, 0x8E, 0x7E, 0x9B, 0x86, 0x08, 0xB7, 0xE0, 0x6D, 0xF7, 0x24, 0x4C, 0xD9,
    0x71, 0xC5, 0xDB, 0x22, 0x95, 0xBE, 0x16, 0xD2, 0x00, 0xF3, 0xBD, 0xFB, 0x59, 0x6C, 0x73, 0x73,
    0x9B, 0x9B, 0xF7, 0x6E, 0x6E, 0xCA, 0x3D, 0x7C, 0x61, 0x90, 0x91, 0xFB, 0xF7, 0x72, 0xF7, 0x5E,
    0xEC, 0xDD, 0xCB, 0x9D, 0x7B, 0xB9, 0x6F, 0x2F, 0x77, 0xED, 0xC5, 0x9E, 0xBD, 0xDC, 0xB1, 0x97,
    0xFB, 0xF5, 0xAF, 0x6F, 0xB7, 0x7E, 0x9B, 0x8F, 0xDB, 0x7C, 0xBC, 0x67, 0xF3, 0x51, 0x46, 0x57,
    0x40, 0x33, 0xF7, 0x29, 0xC8, 0x32, 0x8C, 0xAA, 0x50, 0x5E, 0x6E, 0x97, 0x4C, 0x02, 0x8F, 0xE9,
    0x31, 0xE8, 0xA5, 0xF9, 0x21, 0x8A, 0xA0, 0x70, 0xAF, 0xA2, 0x27, 0x6C, 0x73, 0x70, 0x9B, 0x83,
    0xF7, 0x69, 0x0E, 0xFE, 0x3F, 0xED, 0x1C, 0x3D, 0x93, 0xDD, 0x48, 0x71, 0x24, 0x95, 0x57, 0x81,
    0x02, 0x11, 0x80, 0x03, 0x6F, 0xA0, 0x9C, 0x44, 0xFF, 0x00, 0x89, 0x22, 0x24, 0x21, 0xB8, 0x25,
    0x80, 0x94, 0xE8, 0x08, 0xF6, 0x27, 0xE8, 0x01, 0x7F, 0x60, 0x03, 0xFB, 0x1F, 0xDC, 0x55, 0x1D,
    0x4B, 0xE0, 0x94, 0x08, 0xA9, 0x20, 0x20, 0x7D, 0x55, 0x57, 0xC4, 0x28, 0xD8, 0x0B, 0xEE, 0x12,
    0xAB, 0x0A, 0x5D, 0xD5, 0x5B, 0x9F, 0x9E, 0x86, 0xE9, 0x9E, 0xEE, 0xE9, 0xD6, 0xDB, 0xF7, 0xEA,
    0x6C, 0xE3, 0x5D, 0xFB, 0x16, 0xA9, 0xCA, 0x7E, 0x3D, 0xB3, 0xD2, 0x7C, 0xF4, 0xF4, 0xD7, 0x74,
    0xF7, 0x8C, 0x31, 0x8B, 0xA7, 0xB2, 0x5D, 0x6C, 0x67, 0x0F, 0x37, 0x0F, 0x08, 0x97, 0x76, 0x13,
    0xD9, 0xBD, 0x79, 0xF8, 0xE7, 0xA9, 0xB5, 0x5F, 0x13, 0x98, 0x5A, 0xF7, 0x8C, 0x1E, 0x6E, 0x01,
    0xB6, 0x1B, 0x00, 0x33, 0x04, 0xFD, 0x1F, 0x1A, 0x0F, 0xC3, 0x40, 0x23, 0x4B, 0xCF, 0x06, 0x5F,
    0x99, 0xEB, 0xC8, 0x7D, 0xB3, 0x85, 0x99, 0xC0, 0xFF, 0xAE, 0xAD, 0x01, 0x5E, 0xDF, 0xFB, 0xC6,
    0x76, 0xC6, 0x60, 0x85, 0x31, 0x85, 0x9D, 0x4C, 0x62, 0x6D, 0xE7, 0x5B, 0x9E, 0xE1, 0x45, 0xEC,
    0xD0, 0xD5, 0x39, 0x78, 0x42, 0x38, 0x82, 0xBA, 0xCB, 0xC1, 0x8F, 0xC4, 0xDA, 0xDA, 0x44, 0x57,
    0x0C, 0x6F, 0xC2, 0xC0, 0xDB, 0xF7, 0x03, 0x47, 0xA1, 0xCD, 0x5F, 0xBF, 0xE4, 0x19, 0x9F, 0x85,
    0x89, 0x31, 0x08, 0x70, 0xD4, 0x0A, 0x5C, 0xA8, 0xC9, 0x43, 0xF5, 0xEB, 0xCF, 0x71, 0x6C, 0x80,
    0xC1, 0xE7, 0xD4, 0xBE, 0xC3, 0xC3, 0x0D, 0xF7, 0xD5, 0xD2, 0x32, 0xB7, 0xB0, 0xCA, 0xB6, 0x67,
    0x38, 0x81, 0xB9, 0x11, 0x9C, 0xF1, 0xEA, 0x3B, 0x38, 0x07, 0x7C, 0x11, 0x5C, 0xDA, 0x21, 0xC0,
    0x15, 0x7D, 0xEA, 0xE1, 0xAD, 0x82, 0xBB, 0x00, 0x37, 0x0C, 0x5B, 0x81, 0x63, 0x84, 0xB7, 0xBC,
    0xC8, 0xA1, 0x9D, 0x1C, 0xE1, 0x81, 0x08, 0x1F, 0xE0, 0x91, 0x3E, 0x85, 0x7E, 0xF7, 0x4C, 0x13,
    0x6E, 0x3C, 0x38, 0xCE, 0x0A, 0xE0, 0x0C, 0x29, 0x21, 0xB5, 0xFB, 0x06, 0xC7, 0x6F, 0x9F, 0x3F,
    0x69, 0xED, 0xD8, 0xE0, 0xBC, 0xF0, 0xE9, 0x2A, 0x37, 0x5F, 0x4F, 0x26, 0xB3, 0x01, 0xB8, 0x20,
    0xEA, 0x01, 0x38, 0x46, 0xB8, 0x46, 0x18, 0x10, 0x04, 0x18, 0x2A, 0xA1, 0xED, 0xE8, 0x65, 0xA0,
    0x42, 0x78, 0xCE, 0xA5, 0x10, 0x5B, 0x9E, 0x28, 0x62, 0x7D, 0x27, 0x4B, 0x48, 0x84, 0x43, 0x94,
    0x48, 0x8B, 0x98, 0xD8, 0x3E, 0xE3, 0x0F, 0x32, 0xD7, 0x32, 0x63, 0x2F, 0x77, 0xB3, 0x69, 0x18,
    0x76, 0x54, 0x56, 0x11, 0x9D, 0x17, 0x3B, 0xFF, 0x0F, 0xE1, 0x51, 0xE0, 0x5C, 0xD5, 0xC3, 0xFB,
    0xE5, 0x28, 0xED, 0x54, 0x03, 0xB7, 0x6F, 0x42, 0xFB, 0x89, 0xDD, 0xA6, 0xDC, 0x2F, 0x8E, 0xA7,
    0xBB, 0x3B, 0x4E, 0x98, 0xF1, 0x64, 0x84, 0xD9, 0xFA, 0x30, 0xC9, 0xCB, 0x79, 0xE5, 0xE5, 0x95,
    0x97, 0x1F, 0x25, 0x2F, 0x3F, 0xB3, 0xF6, 0x2B, 0xBF, 0x38, 0xAD, 0x54, 0x23, 0x75, 0xDE, 0x30,
    0x6D, 0xDE, 0x18, 0x4D, 0xA7, 0x35, 0x53, 0x69, 0x6D, 0x14, 0xC5, 0xF6, 0xFC, 0xE7, 0xD1, 0x28,
    0xDA, 0x45, 0xF2, 0xF3, 0xC3, 0xF3, 0xA8, 0xF1, 0x4F, 0x58, 0xD2, 0xCE, 0x28, 0x7A, 0x76, 0x68,
    0xB3, 0x57, 0xE6, 0xD2, 0xD3, 0x6E, 0xA0, 0xEC, 0xCE, 0x37, 0xD9, 0x22, 0xB9, 0x06, 0x1A, 0xFF,
    0x8F, 0xEF, 0xBE, 0x40, 0x82, 0x0E, 0xD4, 0xFE, 0x9D, 0xA7, 0xE9, 0x04, 0xC8, 0x23, 0x51, 0x1C,
    0x35, 0x10, 0xA6, 0x3B, 0xD7, 0xE0, 0xCC, 0x1C, 0x40, 0xEB, 0x05, 0x6B, 0xA2, 0x78, 0x81, 0x66,
    0x95, 0x43, 0xA7, 0xC2, 0x15, 0x33, 0x0B, 0x14, 0xF7, 0x9E, 0xF0, 0xC7, 0xC4, 0xA2, 0x65, 0x32,
    0x8A, 0xDA, 0x77, 0x2C, 0x17, 0x67, 0x5D, 0x4B, 0x4D, 0x19, 0x11, 0x36, 0xA7, 0x6B, 0xFB, 0x00,
    0xD5, 0xAA, 0x96, 0xA5, 0x6C, 0xB3, 0xE0, 0xAD, 0x2E, 0xD4, 0x76, 0x8A, 0xCB, 0x3A, 0xB1, 0x96,
    0x14, 0xBF, 0x1D, 0xD4, 0x3E, 0xF5, 0x6B, 0xF0, 0xAF, 0x8B, 0x8B, 0x8B, 0x5F, 0x85, 0xB6, 0x52,
    0x7B, 0xF8, 0x74, 0x4A, 0xFC, 0xC8, 0xE3, 0x85, 0xCF, 0xDD, 0x5A, 0xFF, 0xEA, 0xEB, 0x17, 0xCB,
    0x5A, 0x58, 0x84, 0xAF, 0x03, 0x05, 0x71, 0xBB, 0x25, 0x51, 0x4B, 0x6B, 0xBF, 0xBA, 0xE0, 0xC7,
    0x68, 0xFE, 0x35, 0x5A, 0xCB, 0x0C, 0x77, 0x6B, 0x53, 0x96, 0x27, 0x8B, 0xDA, 0x9C, 0x31, 0x7F,
    0x50, 0x3B, 0x1D, 0xE2, 0x0C, 0xC9, 0x6C, 0x38, 0x52, 0xAB, 0x78, 0x7F, 0xAB, 0x6B, 0xB7, 0x87,
    0xEB, 0xB6, 0xAC, 0x1D, 0xA5, 0x56, 0x49, 0x86, 0xE9, 0x6E, 0x6D, 0x64, 0x83, 0x29, 0x59, 0xD4,
    0x86, 0xA5, 0x45, 0x22, 0x9A, 0xA8, 0x19, 0xC3, 0x18, 0x32, 0x59, 0x38, 0x64, 0xF2, 0x81, 0x35,
    0x2D, 0x41, 0x89, 0x6B, 0x8A, 0x65, 0x49, 0x33, 0x37, 0xD4, 0x5D, 0xE1, 0xC8, 0xB0, 0xF0, 0x70,
    0x6C, 0x77, 0x05, 0x91, 0x75, 0xE3, 0xBE, 0xC9, 0x7D, 0x27, 0x85, 0xED, 0x49, 0xC3, 0x01, 0x8F,
    0x41, 0x2F, 0xBD, 0x97, 0x5D, 0x31, 0xB0, 0x23, 0x32, 0x70, 0x0D, 0x23, 0x9A, 0xEB, 0x27, 0xB8,
    0x20, 0x6E, 0xE5, 0x5E, 0x5F, 0xBC, 0xC4, 0x71, 0x33, 0x35, 0x8C, 0x22, 0x9A, 0x07, 0x61, 0xF9,
    0x4E, 0x68, 0x68, 0x63, 0xF8, 0x8D, 0x59, 0xC4, 0xC7, 0x5E, 0x24, 0x41, 0x4F, 0x72, 0xD1, 0xB2,
    0x09, 0x51, 0x5A, 0x2B, 0x92, 0xD9, 0xDA, 0x5B, 0xA2, 0xE7, 0x97, 0xF6, 0x35, 0x31, 0xC2, 0x13,
    0x25, 0xA3, 0xA0, 0xFE, 0x36, 0x28, 0x68, 0xD1, 0xA6, 0xA9, 0x68, 0x53, 0x1A, 0xD3, 0xA8, 0x84,
    0xCF, 0x2C, 0x7D, 0x7A, 0xBC, 0x3A, 0x41, 0x7B, 0xFB, 0x73, 0x12, 0x3A, 0xF8, 0xE7, 0x08, 0x97,
    0x2C, 0xF1, 0xC3, 0x2B, 0xA1, 0x26, 0xF3, 0xE8, 0x43, 0x6A, 0x23, 0xA4, 0x22, 0x8F, 0xF1, 0x62,
    0x00, 0x5A, 0x99, 0x52, 0x0A, 0x3B, 0x06, 0x2D, 0x97, 0xD9, 0x31, 0xE6, 0x25, 0x4D, 0x6E, 0x5D,
    0x93, 0x22, 0x11, 0x32, 0x45, 0x16, 0xF9, 0x02, 0x16, 0x22, 0x2A, 0x14, 0x99, 0x95, 0x0A, 0xAE,
    0x94, 0x61, 0xB2, 0x84, 0xB7, 0x8A, 0xD2, 0x4E, 0xC1, 0xDD, 0x1B, 0xC0, 0xC7, 0xBF, 0xAD, 0x16,
    0xF0, 0xA9, 0x31, 0x1C, 0x1F, 0x73, 0xA1, 0xE6, 0xA5, 0xE7, 0xAB, 0xF1, 0x90, 0x06, 0xFC, 0xFC,
    0x0C, 0x2D, 0x14, 0x22, 0x04, 0xC1, 0x67, 0xE4, 0x5E, 0xB6, 0x81, 0x59, 0x76, 0x88, 0x77, 0xDF,
    0xE0, 0xE0, 0x3A, 0x9B, 0xC2, 0x20, 0x49, 0x85, 0x1A, 0x52, 0x03, 0x44, 0xE4, 0xB8, 0x68, 0x33,
    0xCE, 0xC9, 0xAB, 0x12, 0x7B, 0x5B, 0xFF, 0xD6, 0xAF, 0xBB, 0x56, 0x47, 0x5A, 0x61, 0x69, 0xFA,
    0x21, 0x45, 0xB7, 0x31, 0xE1, 0x0F, 0xA3, 0xD0, 0xA1, 0x10, 0x65, 0xAA, 0xF6, 0x88, 0x99, 0x62,
    0xFD, 0x7C, 0xA7, 0x84, 0x8E, 0x12, 0x14, 0xD5, 0x42, 0x68, 0x48, 0x41, 0x59, 0xA5, 0xE6, 0x2F,
    0x56, 0xAD, 0xCE, 0xB9, 0xC2, 0x6A, 0xA4, 0x45, 0x8E, 0x55, 0x3D, 0x34, 0xD3, 0x71, 0xB8, 0xA5,
    0x77, 0x22, 0x87, 0x44, 0xFE, 0x36, 0x9E, 0xA5, 0xCD, 0x44, 0x59, 0xC6, 0x08, 0x2B, 0x6B, 0x3E,
    0x34, 0x7F, 0xD6, 0xCE, 0xF5, 0x31, 0xEB, 0x36, 0x51, 0xB2, 0xD2, 0x64, 0xDA, 0x62, 0xD6, 0x54,
    0x8D, 0x86, 0x90, 0xA2, 0x11, 0xB5, 0xA9, 0xAE, 0xAC, 0xB2, 0xB9, 0x73, 0x31, 0x31, 0x88, 0xBF,
    0xC3, 0x00, 0xD0, 0x38, 0xDC, 0x2A, 0x75, 0xA7, 0xDA, 0x38, 0xB3, 0x5A, 0xEF, 0x9E, 0x6B, 0xE9,
    0x6B, 0x0A, 0x5D, 0x30, 0xBF, 0x7B, 0x80, 0xCD, 0xFB, 0xA5, 0x48, 0x28, 0x9C, 0xC2, 0xAD, 0xB6,
    0xAF, 0x78, 0x0A, 0x0D, 0x99, 0x4A, 0xDA, 0x44, 0xDA, 0x68, 0x31, 0xD5, 0x13, 0x72, 0x6E, 0xDC,
    0x7C, 0x3C, 0x16, 0xFC, 0x0F, 0x0A, 0x27, 0x36, 0xF0, 0xBD, 0x2E, 0x64, 0xDD, 0x87, 0x8D, 0x17,
    0x84, 0x32, 0x64, 0x4A, 0xB1, 0x43, 0x47, 0xD1, 0x76, 0x60, 0xF8, 0x44, 0x8C, 0xE6, 0xD8, 0xA1,
    0x51, 0xF8, 0xCE, 0x01, 0x49, 0xC0, 0x6B, 0x6B, 0x15, 0xA7, 0x36, 0x60, 0xA4, 0x8E, 0x62, 0x4B,
    0xE4, 0x81, 0x22, 0x5D, 0x41, 0x84, 0x56, 0x69, 0xB7, 0xA5, 0x2E, 0x88, 0x98, 0x70, 0xBA, 0x47,
    0x17, 0x06, 0x29, 0xB8, 0x0F, 0x1A, 0x65, 0x22, 0xBC, 0x63, 0xE1, 0xDB, 0x60, 0x4D, 0xD4, 0xCD,
    0x51, 0x05, 0xFE, 0x7D, 0x85, 0xDE, 0x1C, 0x15, 0x62, 0x0B, 0x89, 0x6C, 0x72, 0xCD, 0x70, 0x5A,
    0x8E, 0x29, 0x41, 0x46, 0x7B, 0x2D, 0x7A, 0x67, 0xA3, 0x4C, 0xB3, 0x02, 0x77, 0x69, 0x3D, 0x63,
    0x14, 0xAC, 0x80, 0x9D, 0xEC, 0xC7, 0x4A, 0x6A, 0x21, 0x85, 0x15, 0xC8, 0xE9, 0xA3, 0x12, 0xDE,
    0x48, 0xBC, 0xDC, 0x89, 0x50, 0x70, 0x45, 0x9E, 0x52, 0x4A, 0xFF, 0x82, 0xC3, 0xC2, 0xFC, 0xE2,
    0xF7, 0xC4, 0xB4, 0x4C, 0x3B, 0x93, 0xA6, 0xAA, 0x5E, 0xDB, 0xE6, 0xB5, 0xA2, 0xC4, 0x51, 0xD1,
    0x68, 0x60, 0xEE, 0xE8, 0x32, 0xE8, 0xDD, 0x23, 0x4F, 0xAA, 0x50, 0x11, 0xB5, 0x0B, 0x24, 0x8D,
    0x9A, 0x1B, 0x27, 0x25, 0xDE, 0xA4, 0x90, 0x59, 0x29, 0x44, 0x56, 0xED, 0x31, 0xCA, 0x03, 0x2E,
    0x99, 0x95, 0x70, 0x10, 0xB1, 0x53, 0xC1, 0x4E, 0x41, 0x96, 0x48, 0xAD, 0x57, 0x71, 0xA3, 0xC6,
    0xF8, 0xE4, 0xC1, 0xBC, 0x74, 0x2B, 0xA3, 0xAF, 0x8C, 0xFE, 0x48, 0x18, 0x3D, 0xBA, 0xAE, 0x4F,
    0x20, 0xA2, 0x51, 0x73, 0x8F, 0xB5, 0x76, 0xCE, 0xB4, 0x3E, 0x2E, 0xED, 0x2B, 0x91, 0x00, 0xD6,
    0xFE, 0x22, 0xD0, 0x16, 0x50, 0x59, 0xD8, 0x92, 0x79, 0x9B, 0xAD, 0x17, 0xEB, 0x33, 0x0B, 0x68,
    0x99, 0xB1, 0xF5, 0x60, 0xE5, 0x2D, 0x77, 0xBC, 0x1F, 0xE0, 0x59, 0x79, 0x7B, 0xE5, 0xED, 0xC7,
    0xA7, 0xC4, 0x33, 0x74, 0x13, 0x76, 0x5C, 0xD8, 0x09, 0xFA, 0x1E, 0xAA, 0x90, 0xA2, 0x08, 0xF8,
    0xA0, 0xAC, 0xBD, 0xF2, 0xF6, 0xCA, 0xDB, 0x8F, 0x87, 0xB7, 0x73, 0xCF, 0x4B, 0xC5, 0xAD, 0x36,
    0x8B, 0x2B, 0xFF, 0x7E, 0xE3, 0x29, 0x12, 0x76, 0xCE, 0x57, 0xDE, 0xCA, 0x9E, 0x69, 0x23, 0x7D,
    0x43, 0xDD, 0x6F, 0x7C, 0x00, 0x66, 0x87, 0xDB, 0x66, 0x3F, 0xD7, 0x92, 0xFA, 0x25, 0x47, 0x78,
    0x74, 0xF5, 0xEE, 0x8C, 0x46, 0xA2, 0xA6, 0x59, 0x7F, 0xEE, 0xFF, 0xA7, 0x12, 0xA1, 0xFA, 0x23,
    0xBF, 0x0D, 0x23, 0xDF, 0xF9, 0x28, 0x3E, 0x91, 0xD8, 0x53, 0xDE, 0x25, 0xFA, 0x4E, 0x32, 0x24,
    0x07, 0xA4, 0x86, 0x91, 0x76, 0x60, 0x67, 0x9E, 0xD0, 0x2A, 0x4F, 0x18, 0xB4, 0xDF, 0x2A, 0xFC,
    0x36, 0x8D, 0x7C, 0x59, 0xFF, 0xF3, 0xEE, 0x2A, 0xE7, 0xB8, 0xCD, 0xFA, 0x73, 0xEF, 0x3F, 0x39,
    0xC9, 0x96, 0xDF, 0x5C, 0x2D, 0x62, 0x56, 0x12, 0x19, 0x40, 0x01, 0x1B, 0x91, 0xA8, 0xC9, 0x68,
    0xE7, 0xED, 0x64, 0x08, 0x5A, 0xEC, 0xEE, 0x2D, 0x10, 0x27, 0xA0, 0x6F, 0x40, 0x90, 0xC2, 0xC2,
    0x81, 0x18, 0x44, 0xA6, 0x76, 0x44, 0xD7, 0xCE, 0x5E, 0x69, 0xBC, 0x7F, 0xFD, 0xCC, 0xE3, 0x4C,
    0xD7, 0xDF, 0x8F, 0xF2, 0x37, 0x51, 0x3A, 0x16, 0x83, 0xD4, 0x7B, 0x67, 0xB9, 0x24, 0x76, 0x7E,
    0xF3, 0xFF, 0x1B, 0xF8, 0x7F, 0x5F, 0xD9, 0x3A, 0xD2, 0xEA, 0xFA, 0x5D, 0x1E, 0xD4, 0xAB, 0xD1,
    0xFA, 0xFF, 0x5B, 0xFE, 0x6F, 0xEC, 0x91, 0xE4, 0x96, 0xBF, 0xE1, 0x22, 0x77, 0xB4, 0xC6, 0x20,
    0x12, 0xCA, 0x9E, 0x05, 0x06, 0xA4, 0x16, 0x84, 0x3C, 0x86, 0x5D, 0xF0, 0xF7, 0x41, 0x10, 0xE5,
    0x0F, 0xC1, 0xB7, 0xDF, 0x5A, 0xE5, 0x96, 0xCF, 0xAC, 0x76, 0x10, 0xB4, 0xDA, 0x5F, 0x9F, 0x69,
    0x0F, 0x61, 0xA2, 0x9D, 0x0A, 0xA5, 0x8A, 0x06, 0xC4, 0x56, 0xF9, 0x0B, 0x0B, 0xC8, 0x81, 0xB0,
    0x92, 0x51, 0xC2, 0xE6, 0x17, 0x06, 0x96, 0x62, 0xB6, 0x95, 0x30, 0x20, 0x47, 0x1E, 0x0B, 0x9F,
    0xEF, 0x51, 0xB0, 0xE1, 0x15, 0xA2, 0x9E, 0xEE, 0x67, 0xA6, 0x56, 0xA0, 0x2E, 0x19, 0x75, 0x20,
    0xB7, 0xA6, 0x51, 0x4C, 0x8B, 0xD0, 0xC5, 0xC2, 0x6E, 0xAC, 0x39, 0xFE, 0x73, 0x13, 0xF3, 0x18,
    0xC0, 0x76, 0xDB, 0xD0, 0xC0, 0x71, 0xDA, 0x3B, 0x8A, 0x52, 0x79, 0xA3, 0xCE, 0x1B, 0x91, 0x89,
    0x55, 0xC6, 0x5F, 0x48, 0x6F, 0xD9, 0x53, 0x54, 0x0A, 0xA2, 0x91, 0x2A, 0x5C, 0xE5, 0x13, 0x94,
    0x12, 0x1F, 0xA9, 0xCA, 0x50, 0x1F, 0x53, 0x80, 0x2B, 0xA6, 0x28, 0xFA, 0x9E, 0x7B, 0xEE, 0x42,
    0x08, 0xA9, 0x00, 0x7C, 0x5B, 0x09, 0x21, 0xF7, 0xC1, 0xB0, 0x85, 0x86, 0x12, 0x85, 0xBE, 0x41,
    0x8C, 0x61, 0x87, 0x3A, 0xBD, 0x89, 0x18, 0x25, 0x50, 0x57, 0x41, 0x0C, 0x79, 0x0C, 0x0B, 0x33,
    0x89, 0xD1, 0x5D, 0xD8, 0x49, 0x62, 0x7E, 0x39, 0x14, 0x7A, 0x5D, 0xD8, 0x8A, 0xF9, 0xBD, 0x28,
    0x88, 0xD9, 0x9F, 0x42, 0xA1, 0x7B, 0xB3, 0xC2, 0xF6, 0x58, 0x21, 0xBB, 0xD3, 0xCF, 0x62, 0x04,
    0x32, 0xB6, 0x9D, 0x1E, 0xF5, 0xA8, 0xE7, 0x33, 0xC8, 0x56, 0xA1, 0x82, 0x82, 0xE0, 0xA0, 0xD7,
    0xD8, 0xE9, 0x34, 0xDE, 0xBA, 0x58, 0x61, 0xB4, 0xD6, 0xB8, 0x96, 0x54, 0x80, 0x02, 0x96, 0xA6,
    0x0A, 0xEB, 0xB3, 0x0B, 0xC1, 0x2F, 0x9F, 0xCE, 0xE0, 0xF3, 0xB6, 0x68, 0xFB, 0x10, 0x79, 0xC3,
    0xBE, 0xF5, 0x4B, 0x0B, 0x74, 0x70, 0x71, 0x49, 0x8C, 0x52, 0x58, 0x95, 0x15, 0x96, 0xA8, 0x58,
    0xE5, 0x22, 0xA6, 0xCE, 0x11, 0xCA, 0x5E, 0xDC, 0xED, 0xB2, 0xB9, 0x85, 0x58, 0x39, 0x73, 0xD6,
    0xD9, 0xE7, 0x07, 0xE9, 0x2A, 0x71, 0xC7, 0x5F, 0xDF, 0x98, 0x72, 0xCB, 0x91, 0x38, 0xCE, 0x30,
    0x68, 0x14, 0xAC, 0xEB, 0xCB, 0x1B, 0xDC, 0x8D, 0xE0, 0xB7, 0x05, 0xEE, 0x25, 0x64, 0x2B, 0x1D,
    0x5D, 0xD4, 0xE6, 0x23, 0x7A, 0xDC, 0xD8, 0xAE, 0xD8, 0x2E, 0x6E, 0xBD, 0x8C, 0xF1, 0x2E, 0x47,
    0x4B, 0x99, 0x73, 0x5D, 0x90, 0x57, 0x0E, 0x4E, 0x79, 0xFB, 0xE5, 0xE0, 0x92, 0x33, 0x58, 0x1A,
    0x48, 0x44, 0x9A, 0xAF, 0xF1, 0x83, 0xC6, 0xFE, 0x13, 0xFE, 0x9C, 0x5A, 0x8C, 0x41, 0xBF, 0x42,
    0x8C, 0x43, 0x7E, 0x52, 0x63, 0x39, 0x2B, 0x69, 0xCF, 0xFB, 0x2D, 0x4C, 0xBB, 0x6B, 0x08, 0x4B,
    0x40, 0x3E, 0x8D, 0x24, 0x20, 0x2D, 0x76, 0x94, 0x4C, 0xCF, 0xB0, 0xD9, 0x57, 0xC9, 0x23, 0x2B,
    0xFC, 0x03, 0x86, 0xC3, 0x3E, 0x4C, 0xAB, 0x0D, 0xD6, 0x1E, 0xDA, 0x58, 0x4E, 0x75, 0x40, 0x3D,
    0xD3, 0x76, 0x50, 0xAE, 0x03, 0x5D, 0x85, 0x8E, 0x6D, 0x97, 0x2A, 0x68, 0xE6, 0x29, 0x79, 0x73,
    0xCC, 0x91, 0xE5, 0x09, 0xBE, 0xD7, 0xA1, 0xF3, 0xF9, 0x44, 0xB0, 0x3C, 0x5B, 0xE4, 0xB7, 0x9F,
    0x3F, 0x74, 0xB0, 0x3C, 0xBA, 0x14, 0x11, 0xF5, 0x7D, 0xBE, 0xB8, 0xFD, 0x69, 0x5F, 0x1C, 0xCB,
    0x29, 0x54, 0xA3, 0x93, 0xC7, 0x3E, 0x69, 0x56, 0x13, 0xD2, 0x7A, 0x32, 0xE4, 0x48, 0x52, 0xA3,
    0x5E, 0xFB, 0x4B, 0x02, 0xC9, 0x28, 0x69, 0x2C, 0xA8, 0x0A, 0xDA, 0x90, 0xCD, 0x39, 0x4B, 0x06,
    0x6B, 0x82, 0xEE, 0x37, 0xF1, 0xC5, 0x6D, 0x24, 0xBB, 0xC7, 0xD9, 0xB5, 0x5A, 0x8D, 0x6E, 0xB5,
    0x72, 0xE9, 0x73, 0xAD, 0x76, 0x0A, 0xAD, 0x90, 0x4A, 0xA5, 0xAA, 0x46, 0xAD, 0xC4, 0x76, 0x52,
    0x38, 0xAD, 0x46, 0x1F, 0x4A, 0xA7, 0x1E, 0x28, 0xD8, 0xDD, 0x1B, 0x2B, 0x58, 0x31, 0x25, 0x86,
    0x4C, 0x15, 0xB6, 0xA9, 0xC6, 0xDB, 0x02, 0xA3, 0x01, 0xD7, 0x18, 0x0D, 0xB2, 0x6A, 0x15, 0x54,
    0xE6, 0xCF, 0x74, 0xB0, 0x72, 0x92, 0xFB, 0xD3, 0x87, 0x1C, 0xEE, 0x2C, 0x28, 0x58, 0xCF, 0x0E,
    0x46, 0x29, 0xD8, 0x49, 0x2B, 0xD8, 0x41, 0x2B, 0xD8, 0xCD, 0x1D, 0x7A, 0x23, 0x05, 0xBB, 0x3D,
    0xC6, 0x66, 0x3A, 0x19, 0x4D, 0xBB, 0x5E, 0x8C, 0x76, 0xC0, 0x18, 0xE5, 0x86, 0xB9, 0x9B, 0xA0,
    0x12, 0x6B, 0x53, 0xF8, 0x52, 0x19, 0xC9, 0x99, 0x8A, 0x83, 0x93, 0x93, 0xE6, 0x6E, 0xB0, 0xFC,
    0x4C, 0x7B, 0x06, 0x2B, 0x2D, 0x0E, 0xAA, 0xA5, 0x0C, 0xB9, 0x39, 0x9E, 0x94, 0xF4, 0x70, 0xC1,
    0xF2, 0x95, 0xD1, 0x57, 0x46, 0x7F, 0x2C, 0x8C, 0x1E, 0x7D, 0x5A, 0xDF, 0xF1, 0x67, 0x32, 0x3D,
    0x88, 0x36, 0x8D, 0xF4, 0xBE, 0x36, 0x5D, 0x06, 0xCB, 0x17, 0x47, 0x66, 0xFE, 0x18, 0x70, 0x74,
    0x10, 0x2C, 0x1F, 0x25, 0xCE, 0x51, 0x61, 0x1A, 0xFB, 0x24, 0x96, 0x05, 0x6D, 0xE3, 0x21, 0xD1,
    0xF7, 0x83, 0x07, 0xCB, 0x57, 0xDE, 0x5E, 0x79, 0xFB, 0x91, 0xF0, 0xF6, 0xB3, 0xE7, 0x3A, 0x60,
    0x88, 0xE1, 0x5A, 0xE1, 0xD9, 0x4D, 0xD4, 0xD6, 0x34, 0x45, 0xE9, 0x27, 0xD6, 0x5B, 0xF3, 0x68,
    0xB1, 0x4F, 0x87, 0x0F, 0x82, 0x12, 0xFF, 0x2B, 0x6A, 0x6B, 0xB5, 0x01, 0x78, 0xF2, 0x89, 0xF9,
    0x38, 0x9F, 0x95, 0x9D, 0x57, 0x76, 0x7E, 0x4C, 0x36, 0x79, 0xC0, 0xEB, 0x22, 0x27, 0x65, 0x92,
    0x8C, 0x82, 0x7B, 0x2C, 0xA4, 0x58, 0xD8, 0x9A, 0xE0, 0x53, 0x2F, 0x3E, 0x6C, 0xEE, 0xCB, 0xCA,
    0xDB, 0x2B, 0x6F, 0x3F, 0x12, 0xDE, 0xFE, 0xC9, 0xC5, 0x27, 0x62, 0x43, 0xEF, 0x05, 0x9C, 0xEF,
    0x09, 0x0C, 0x5D, 0x3C, 0xBB, 0xFE, 0xEC, 0x3E, 0x59, 0xF4, 0xD3, 0x6B, 0x7E, 0xBE, 0x90, 0xFC,
    0xA9, 0xF9, 0x6D, 0x40, 0x39, 0x70, 0xF9, 0x50, 0x77, 0x57, 0x34, 0x0F, 0xBA, 0x00, 0x3F, 0xBD,
    0xFE, 0x42, 0xAC, 0xA8, 0x56, 0xF9, 0x36, 0x42, 0x6A, 0xD3, 0x46, 0x08, 0xAE, 0x36, 0xF9, 0x20,
    0x96, 0xD9, 0x60, 0xAA, 0x29, 0xD0, 0x98, 0x6B, 0x11, 0x1B, 0xA5, 0x00, 0x87, 0xFD, 0x13, 0xC8,
    0x10, 0x78, 0xF1, 0xAB, 0x27, 0x2D, 0x05, 0x55, 0x52, 0xF4, 0xBB, 0x70, 0xAA, 0x14, 0xD1, 0x7D,
    0xE9, 0x89, 0xBC, 0xF2, 0x74, 0x9D, 0x72, 0x92, 0xD5, 0x20, 0x51, 0xC5, 0x48, 0x22, 0x83, 0x83,
    0x4A, 0x36, 0xA3, 0x93, 0xDD, 0x21, 0x18, 0x30, 0xC9, 0xB9, 0xB8, 0x02, 0x17, 0xAB, 0x50, 0x27,
    0xA9, 0x43, 0x96, 0x5B, 0x04, 0x8B, 0x5B, 0xB3, 0x4E, 0x49, 0xED, 0x68, 0xF1, 0x00, 0xF8, 0xD6,
    0x7F, 0xB6, 0x6D, 0x31, 0x90, 0x41, 0xA9, 0x40, 0xE8, 0x8A, 0xF6, 0x9D, 0x47, 0x78, 0x46, 0x74,
    0x4B, 0x47, 0xFA, 0x53, 0xEB, 0x4F, 0x97, 0x72, 0xB0, 0x02, 0x0E, 0x32, 0xF6, 0x11, 0xC7, 0x9D,
    0xB0, 0x2F, 0xBF, 0xA5, 0x8C, 0x3D, 0xB7, 0x53, 0x29, 0x83, 0x21, 0x84, 0x52, 0x09, 0x0D, 0x87,
    0x52, 0xEB, 0xAB, 0x7C, 0x09, 0x3F, 0x0B, 0xA5, 0x8C, 0x8E, 0x73, 0x0F, 0x94, 0x37, 0xD7, 0x85,
    0x52, 0xED, 0x3F, 0xC3, 0xB9, 0xB9, 0x92, 0xFF, 0x0C, 0x55, 0x01, 0x06, 0x75, 0x49, 0xB1, 0xC0,
    0x38, 0x3B, 0xF2, 0xA4, 0xC3, 0x1C, 0xDC, 0xFC, 0xC2, 0xE1, 0x3C, 0x88, 0x77, 0x7E, 0x49, 0xD2,
    0xBE, 0xC5, 0x79, 0xBC, 0x22, 0x59, 0x09, 0x33, 0x0D, 0x4E, 0x30, 0xEC, 0x2B, 0x38, 0xCF, 0x51,
    0xBA, 0xE5, 0xBC, 0xED, 0x4E, 0xE8, 0x80, 0x67, 0x2F, 0xF2, 0x8D, 0x4F, 0x8E, 0xFB, 0xF4, 0xCC,
    0x58, 0x1F, 0x14, 0xE7, 0x30, 0x2C, 0x89, 0xC7, 0xDC, 0x86, 0x75, 0xDF, 0x50, 0xE8, 0xD7, 0xD3,
    0x04, 0x11, 0xD9, 0xC8, 0x4E, 0xBD, 0xD4, 0x7E, 0x0B, 0xB4, 0x74, 0xD1, 0xE2, 0xE7, 0x6E, 0xA5,
    0x1A, 0x11, 0x7A, 0x95, 0xAD, 0x73, 0x61, 0xD1, 0x72, 0xCF, 0x6A, 0x16, 0x43, 0x83, 0x23, 0x1F,
    0xB3, 0x86, 0xC5, 0x49, 0x3A, 0x6A, 0x57, 0xB6, 0x0E, 0x67, 0x9A, 0xE6, 0xC5, 0xC9, 0x27, 0x4E,
    0x89, 0x4A, 0x5C, 0x7C, 0x2A, 0x87, 0xB2, 0x11, 0x66, 0x52, 0xEE, 0xC4, 0x83, 0xF3, 0x8D, 0x7B,
    0xC5, 0x49, 0xBD, 0x38, 0x19, 0xD9, 0x93, 0x91, 0xA9, 0x2F, 0xCF, 0x05, 0x74, 0x62, 0x5A, 0xBC,
    0x20, 0xAD, 0x8C, 0x34, 0xBA, 0x47, 0x63, 0xA7, 0xB5, 0x21, 0x5B, 0x88, 0x87, 0x97, 0xD8, 0xFD,
    0xC7, 0x05, 0x4E, 0xFF, 0xE7, 0xE0, 0xE6, 0x10, 0xCC, 0x01, 0x64, 0xD6, 0x9A, 0x58, 0xCD, 0x3B,
    0x76, 0x21, 0xF1, 0xE9, 0x98, 0x6A, 0xA2, 0x74, 0x06, 0xB8, 0x97, 0xA5, 0x0A, 0x17, 0xA1, 0x4C,
    0x25, 0x5D, 0x42, 0xF1, 0x9D, 0x9D, 0x72, 0x20, 0x3C, 0x47, 0xA1, 0x5F, 0xDA, 0x09, 0xCC, 0xD6,
    0x6F, 0x1C, 0xAD, 0xBA, 0x2E, 0x88, 0x83, 0x76, 0x90, 0x3D, 0xE6, 0x35, 0xE0, 0x16, 0xC0, 0xD2,
    0x1F, 0xEC, 0x05, 0x30, 0xF5, 0x6C, 0x84, 0xE9, 0x65, 0x8D, 0xF5, 0x47, 0x4E, 0xE0, 0x6E, 0x87,
    0x83, 0xA3, 0xAD, 0x91, 0xE2, 0xA9, 0x8D, 0x44, 0xCD, 0x3A, 0xE1, 0xA3, 0xAD, 0x70, 0x40, 0x2F,
    0xCE, 0xBE, 0x41, 0x2C, 0x96, 0x41, 0x6C, 0xEA, 0x2B, 0xAD, 0x98, 0x48, 0x2B, 0x8D, 0x81, 0xF5,
    0x6E, 0x03, 0x17, 0x86, 0x31, 0x28, 0x27, 0x7E, 0x23, 0x2E, 0xFC, 0x1F, 0xDF, 0xB7, 0x0A, 0x5F,
    0xD9, 0x69, 0x65, 0xA7, 0xF7, 0xCF, 0x4E, 0x67, 0x7F, 0x56, 0x36, 0xE2, 0x46, 0x62, 0x5E, 0xC3,
    0xDD, 0x4C, 0xB0, 0xCA, 0xAA, 0x7D, 0x49, 0x1B, 0x4E, 0xFC, 0x4F, 0x79, 0xC8, 0xAB, 0x19, 0x92,
    0x90, 0x55, 0xD3, 0x19, 0xDE, 0x56, 0xCE, 0x7C, 0x34, 0x00, 0x43, 0xE8, 0x3E, 0x8E, 0x9E, 0xC3,
    0xD7, 0xF1, 0xC3, 0xDF, 0xDC, 0xB6, 0xF2, 0xD0, 0xCA, 0x43, 0xF7, 0xA2, 0x92, 0xC4, 0x96, 0x23,
    0x1E, 0x71, 0x60, 0x74, 0xCF, 0x20, 0x9C, 0xD2, 0x6A, 0x67, 0xB3, 0xF2, 0xD0, 0xCA, 0x43, 0x8F,
    0x84, 0x87, 0x74, 0x31, 0x53, 0x91, 0x98, 0x48, 0x87, 0x70, 0xF5, 0xD1, 0xB2, 0x54, 0xC5, 0x69,
    0xA1, 0xF3, 0x49, 0x25, 0x65, 0x85, 0x42, 0x7C, 0x98, 0x7F, 0xB9, 0x53, 0x19, 0x1C, 0xB7, 0xA2,
    0xFD, 0xD4, 0x4D, 0x06, 0x8D, 0xBE, 0x0D, 0xA5, 0x52, 0x89, 0x1A, 0x90, 0x5F, 0xF9, 0x01, 0x92,
    0x33, 0x8E, 0xEC, 0x16, 0x0B, 0xAB, 0xAE, 0xF5, 0xA9, 0x74, 0xA1, 0xB1, 0xE1, 0x08, 0xA3, 0x01,
    0xFF, 0x89, 0x78, 0x1D, 0x1D, 0x10, 0xD2, 0xC9, 0x20, 0x2E, 0x9D, 0x86, 0x7B, 0x90, 0xDC, 0xC7,
    0xC1, 0x09, 0x92, 0xFA, 0x73, 0x24, 0x1B, 0xC2, 0xD1, 0xD6, 0x18, 0x49, 0xE5, 0xEE, 0xC4, 0x11,
    0x5C, 0xFA, 0xDD, 0x75, 0x4F, 0x03, 0xA8, 0x8D, 0xBA, 0x79, 0xC9, 0x88, 0xA7, 0x04, 0x25, 0x14,
    0x0F, 0xC1, 0x4E, 0x26, 0x1C, 0xFA, 0xF3, 0x27, 0x0B, 0xC8, 0xD9, 0xE2, 0xB3, 0xD9, 0x69, 0x08,
    0x89, 0x1D, 0xD8, 0x3F, 0x00, 0x6F, 0xF7, 0x9E, 0x54, 0x3B, 0x1E, 0x00, 0x9F, 0xC3, 0x2C, 0xD8,
    0xA7, 0xD2, 0x1B, 0xBA, 0x43, 0x8F, 0x87, 0x50, 0x59, 0x76, 0xBF, 0xC2, 0xDF, 0x67, 0x76, 0xCC,
    0xF2, 0x00, 0x78, 0x08, 0xE1, 0xD4, 0xC4, 0x1E, 0xD0, 0x31, 0x06, 0x8F, 0x36, 0x0D, 0x80, 0x62,
    0xF8, 0x29, 0xD3, 0x0E, 0xA0, 0x24, 0x93, 0x7B, 0x06, 0x3B, 0x1E, 0x8D, 0xDF, 0x70, 0x94, 0xBC,
    0x03, 0x87, 0x21, 0x54, 0x36, 0xAC, 0xD2, 0xC0, 0x03, 0xF0, 0x43, 0x68, 0x25, 0xFB, 0x7E, 0x32,
    0x61, 0x61, 0xDC, 0x10, 0xE4, 0xA0, 0x45, 0x62, 0xE7, 0x24, 0x2C, 0x66, 0x04, 0x3C, 0xD6, 0x8B,
    0x5B, 0xE0, 0x97, 0x3A, 0x63, 0xFF, 0xDF, 0x7A, 0xCF, 0xB3, 0xCC, 0x2D, 0xB2, 0x46, 0xB3, 0x82,
    0x4A, 0x86, 0x38, 0x95, 0xE5, 0xBF, 0x60, 0xA5, 0xC4, 0x2E, 0xEE, 0x33, 0xD2, 0xEC, 0x67, 0xF5,
    0x99, 0x4F, 0x7D, 0x05, 0xD2, 0xF2, 0x62, 0xB7, 0x56, 0x27, 0x57, 0x2E, 0x32, 0x2D, 0xB5, 0xD5,
    0x17, 0xE9, 0x3C, 0xFE, 0x58, 0xA7, 0x58, 0x26, 0xCB, 0xCB, 0x89, 0x16, 0xA7, 0x49, 0xB7, 0xDA,
    0xAF, 0xD9, 0xE9, 0x71, 0x8A, 0x00, 0x39, 0x0F, 0x7D, 0x26, 0xFA, 0x94, 0x82, 0xBE, 0xE0, 0x73,
    0x79, 0x00, 0x22, 0xD3, 0x37, 0x1B, 0x65, 0x3A, 0x01, 0x24, 0xD5, 0x92, 0xC1, 0x5C, 0xBC, 0xA8,
    0x4F, 0x70, 0x66, 0x77, 0x74, 0x54, 0x8F, 0x1A, 0xBE, 0xF4, 0x77, 0x6C, 0x01, 0x5C, 0xD0, 0x06,
    0xDA, 0xC1, 0x11, 0xFB, 0xC6, 0x1A, 0x88, 0x01, 0x49, 0x3A, 0x77, 0x65, 0x25, 0x9D, 0xDB, 0x4A,
    0x3A, 0xF7, 0x3F, 0x1C, 0x7A, 0x9F, 0x52, 0x3A, 0xF7, 0x2B, 0xBA, 0x5A, 0x74, 0xE0, 0x7B, 0x69,
    0xF0, 0xDE, 0xB7, 0x26, 0x1C, 0xE6, 0x9E, 0xFD, 0x15, 0x78, 0x9E, 0x92, 0x75, 0xDA, 0x76, 0xD7,
    0xC8, 0x6D, 0x91, 0xDB, 0x46, 0xEE, 0x0F, 0xEC, 0x59, 0x42, 0x01, 0x5F, 0x06, 0xC7, 0x40, 0x09,
    0x87, 0x55, 0xBA, 0xC0, 0x95, 0x0A, 0x96, 0xC0, 0x50, 0xA6, 0x60, 0xBC, 0xEC, 0xB3, 0x0B, 0x39,
    0x40, 0x0A, 0x9E, 0x4F, 0xC0, 0xF6, 0x28, 0x1C, 0xBF, 0x25, 0x9C, 0x9C, 0x84, 0x4F, 0xF5, 0xBB,
    0x3F, 0x3A, 0x66, 0x3D, 0x17, 0x3D, 0xC7, 0x42, 0xCD, 0x5D, 0xE3, 0x04, 0x71, 0xD5, 0x29, 0x1C,
    0x76, 0x81, 0xDF, 0xD5, 0xBD, 0x88, 0x5D, 0x23, 0x97, 0xB0, 0x85, 0xB5, 0x28, 0x54, 0x6A, 0x3D,
    0xA5, 0xDF, 0x93, 0x68, 0x1F, 0x39, 0x15, 0xBF, 0x84, 0xE5, 0xF4, 0x07, 0x21, 0xCE, 0xAD, 0xF7,
    0x95, 0xBF, 0x0A, 0xF7, 0xBB, 0x35, 0xF6, 0xEF, 0x64, 0x50, 0x20, 0x9D, 0x34, 0x1C, 0x6C, 0x62,
    0x5A, 0xDA, 0x07, 0x1F, 0xB3, 0xE7, 0x5D, 0x80, 0x9D, 0x4D, 0xF2, 0xD9, 0x0F, 0x95, 0x8F, 0x9E,
    0x5D, 0xD7, 0x27, 0xB5, 0x7D, 0x8E, 0x7C, 0xD0, 0x49, 0xA1, 0x7D, 0xA0, 0x82, 0x22, 0x9C, 0x5E,
    0x34, 0xDB, 0x07, 0x7E, 0x56, 0xDB, 0x67, 0xB5, 0x7D, 0x56, 0xDB, 0xE7, 0x63, 0xB1, 0x7D, 0xFE,
    0x0B, 0xED, 0x5D, 0xBD, 0x92, 0xDC, 0x48, 0x72, 0xC6, 0x8F, 0xA6, 0x11, 0x21, 0x18, 0x38, 0xE7,
    0x68, 0x90, 0x06, 0x7C, 0x29, 0x42, 0x78, 0x02, 0x09, 0x90, 0x9E, 0x60, 0x8D, 0xE5, 0x29, 0xC4,
    0x7D, 0x03, 0x9E, 0x31, 0x8F, 0x80, 0xF6, 0xCE, 0x90, 0x43, 0x63, 0xCF, 0x97, 0xC1, 0x8D, 0xD0,
    0x0E, 0x0D, 0xBE, 0x80, 0x42, 0x80, 0x42, 0x86, 0xDC, 0x76, 0x64, 0xAB, 0x0D, 0x9E, 0xA1, 0x75,
    0xB6, 0x0D, 0x5C, 0x44, 0x0F, 0xD5, 0xDD, 0x25, 0x54, 0x65, 0x56, 0xD5, 0x97, 0x35, 0x3F, 0x24,
    0x87, 0xF3, 0xD3, 0x9C, 0x29, 0x04, 0x83, 0x5D, 0x1F, 0xA6, 0x1B, 0x48, 0x14, 0xB2, 0x32, 0xBF,
    0xFA, 0xC9, 0xAC, 0x24, 0x49, 0x92, 0x5A, 0x99, 0x63, 0x9B, 0xD8, 0xA3, 0xA1, 0x13, 0xBB, 0x5B,
    0x3D, 0x71, 0xF2, 0xD2, 0x1C, 0xDF, 0x25, 0x4F, 0xE4, 0xC8, 0x95, 0xDA, 0x88, 0x13, 0x25, 0x56,
    0xB1, 0x3E, 0x2A, 0xAC, 0x9E, 0x84, 0x5E, 0xC4, 0x5E, 0x9C, 0xD0, 0x95, 0x28, 0x4E, 0xB4, 0xE1,
    0x89, 0x7E, 0x3E, 0xD1, 0xE1, 0x09, 0x5D, 0xE9, 0xE3, 0x75, 0x27, 0x32, 0x7D, 0x62, 0x2D, 0x04,
    0xDD, 0x0F, 0x42, 0xD4, 0x42, 0xED, 0x5A, 0x35, 0x09, 0xC9, 0xB7, 0xAD, 0x90, 0xBD, 0x52, 0x53,
    0x2D, 0x64, 0xAF, 0xD5, 0xA6, 0x12, 0xB2, 0x37, 0x6A, 0x5D, 0xA9, 0x83, 0x90, 0x7C, 0x2C, 0x84,
    0xEC, 0xBD, 0x1A, 0x73, 0x21, 0xFB, 0x0C, 0x32, 0x21, 0xEA, 0xFC, 0xF5, 0x14, 0x4F, 0x64, 0xFA,
    0x82, 0x28, 0x7B, 0xAE, 0x6F, 0x89, 0xB2, 0x17, 0x5A, 0xA8, 0x16, 0x4E, 0x94, 0x5A, 0x6C, 0x94,
    0xBD, 0xD2, 0x7F, 0x44, 0xD9, 0x6B, 0x7D, 0x02, 0x65, 0x6F, 0xD4, 0x4A, 0x9F, 0x38, 0xA0, 0xE4,
    0xFA, 0xCA, 0x0A, 0x25, 0x37, 0xAF, 0xB7, 0x03, 0xC9, 0x4D, 0xBD, 0x8E, 0x20, 0x79, 0x82, 0xB2,
    0x67, 0x74, 0x39, 0xA5, 0x2F, 0xED, 0x25, 0x47, 0xD9, 0x0B, 0x12, 0xC9, 0xCB, 0x5E, 0x92, 0xD0,
    0x5E, 0xF6, 0x8A, 0xFE, 0xE4, 0x65, 0xAF, 0xE9, 0x84, 0x97, 0xBD, 0xA1, 0xCB, 0x97, 0x4E, 0xF6,
    0x96, 0x04, 0xF0, 0xB2, 0xF7, 0x6A, 0xC9, 0xAA, 0xD9, 0x81, 0xE4, 0x46, 0xF6, 0x25, 0x48, 0x0E,
    0xB2, 0x67, 0xF6, 0x62, 0x56, 0xF6, 0xDC, 0xDE, 0xDF, 0xCA, 0x5E, 0xD8, 0x13, 0x3D, 0x9F, 0x28,
    0x95, 0x3B, 0xB6, 0x56, 0xCF, 0xED, 0xB1, 0xB3, 0x7A, 0x6E, 0x8F, 0x3D, 0x1A, 0x0B, 0x7D, 0x1C,
    0x9C, 0x9E, 0xDB, 0xC3, 0xE9, 0xB9, 0x3D, 0x3A, 0xAB, 0xD6, 0xF6, 0x58, 0x86, 0x27, 0x46, 0x7A,
    0x26, 0x7E, 0xEA, 0x94, 0x64, 0xCF, 0xFD, 0x2B, 0xA4, 0xA6, 0x59, 0xF8, 0xB7, 0x4E, 0x0F, 0x53,
    0x7A, 0xBD, 0xE8, 0x8D, 0xEC, 0x95, 0xD7, 0x9C, 0xD6, 0xFC, 0xAD, 0xF6, 0xED, 0xA2, 0x31, 0x27,
    0x1A, 0xAF, 0x6C, 0xB5, 0x91, 0xBD, 0xF5, 0xFA, 0x59, 0x99, 0x1B, 0xF6, 0x5E, 0x2D, 0x4A, 0x23,
    0x3B, 0xE8, 0x49, 0x6E, 0x64, 0x07, 0x4D, 0xCA, 0xF5, 0x1F, 0x33, 0xD0, 0xB5, 0x4C, 0xCB, 0x9E,
    0x63, 0xC3, 0xD1, 0xB2, 0x17, 0xD8, 0xD6, 0xF4, 0x89, 0x12, 0x5B, 0x63, 0x3F, 0x0B, 0x59, 0x61,
    0x7B, 0xD5, 0xB2, 0xD7, 0xD8, 0xA2, 0xB5, 0xEC, 0xD8, 0x4C, 0x8C, 0xEC, 0x2D, 0x5A, 0x05, 0x2D,
    0x7B, 0x8F, 0x8D, 0xB1, 0x34, 0x27, 0x96, 0xC2, 0xBE, 0x05, 0xBE, 0x03, 0x4D, 0xFE, 0x97, 0x96,
    0x8F, 0xDB, 0x3B, 0x3C, 0x53, 0xEA, 0x7F, 0x5D, 0x43, 0x9D, 0x8F, 0xC9, 0x6A, 0x8D, 0xD3, 0x3E,
    0x56, 0xFA, 0x09, 0x74, 0x75, 0x4F, 0xAA, 0xE7, 0x54, 0x74, 0xFE, 0xCA, 0xA1, 0x4B, 0x07, 0xA3,
    0x8C, 0x8D, 0xF9, 0xBF, 0x30, 0x7A, 0xD8, 0x5B, 0x5B, 0xB0, 0xB5, 0x8A, 0x69, 0x1A, 0x79, 0xCE,
    0x7A, 0xA2, 0x9B, 0xB3, 0x6D, 0xC1, 0xBA, 0xCE, 0x6D, 0x7B, 0x4B, 0xF5, 0xB9, 0xD3, 0x8D, 0x6F,
    0xC7, 0xE9, 0x1B, 0x5B, 0xF6, 0x6F, 0x69, 0xB8, 0x9D, 0x72, 0xEA, 0xAE, 0xF9, 0xBB, 0xF7, 0xF6,
    0x89, 0x17, 0xBE, 0xED, 0x2D, 0xFC, 0x43, 0xA6, 0x83, 0x2F, 0xD7, 0xF0, 0xF0, 0xFA, 0xF4, 0xC7,
    0x9F, 0x8C, 0x6C, 0xBA, 0x06, 0x7F, 0xE4, 0xEB, 0xCF, 0xF5, 0xF0, 0xC1, 0xDE, 0x6B, 0xE0, 0xB6,
    0x3F, 0x97, 0x53, 0x6B, 0xE5, 0xE7, 0xB2, 0x33, 0x56, 0x73, 0xB9, 0xB4, 0x7A, 0x3F, 0x97, 0x9D,
    0x86, 0xCF, 0x65, 0xD7, 0x0A, 0xE7, 0xB2, 0x53, 0x63, 0x53, 0x5E, 0x41, 0x79, 0x74, 0x65, 0xA7,
    0xD9, 0xCA, 0x97, 0x33, 0x53, 0x5E, 0xD9, 0x97, 0xEC, 0xAE, 0x53, 0x99, 0xF2, 0xC6, 0x9A, 0xA5,
    0xA5, 0x75, 0x8D, 0xFA, 0xB9, 0x1A, 0x92, 0x47, 0x3F, 0xD1, 0x2C, 0x8F, 0x91, 0x53, 0x5B, 0xAE,
    0x59, 0x4E, 0xFD, 0xA5, 0xB9, 0x95, 0xF6, 0x46, 0x7E, 0xF5, 0xE3, 0xC9, 0xA0, 0xA6, 0xDE, 0x3C,
    0x17, 0xD9, 0xA7, 0x76, 0x7E, 0xDE, 0x9E, 0xED, 0x9D, 0x2E, 0xD7, 0xAC, 0x3D, 0xBA, 0x9C, 0xB1,
    0x91, 0xD3, 0x65, 0xD3, 0x46, 0x3E, 0xE8, 0x8F, 0xF9, 0xDA, 0xE9, 0x7B, 0xA7, 0x85, 0x97, 0x1D,
    0xB5, 0xB9, 0xFF, 0xB0, 0x83, 0x36, 0x3C, 0xEA, 0x57, 0xB7, 0x93, 0xCE, 0xAF, 0x00, 0x43, 0x60,
    0x74, 0xA9, 0x06, 0x43, 0x30, 0xDF, 0xFB, 0x4D, 0x1A, 0x38, 0x61, 0x25, 0x29, 0x46, 0xEB, 0xCD,
    0x76, 0xE2, 0xED, 0x3D, 0xF2, 0x87, 0xD4, 0xB5, 0x0A, 0x20, 0x36, 0x92, 0xFA, 0x24, 0xAF, 0x7E,
    0x8A, 0xBC, 0x2E, 0xF2, 0xBA, 0xC8, 0xEB, 0x22, 0xAF, 0x8B, 0xBC, 0xEE, 0x18, 0x79, 0x9D, 0xB4,
    0x56, 0x89, 0x73, 0x2C, 0x35, 0xF8, 0x14, 0x74, 0x27, 0x46, 0x5B, 0x1A, 0xBA, 0x93, 0xD6, 0x3A,
    0xA7, 0x68, 0xE8, 0x3F, 0xD0, 0x75, 0x54, 0xE0, 0x35, 0x52, 0x74, 0x31, 0xB5, 0x82, 0x27, 0x7A,
    0x20, 0x37, 0x11, 0xF9, 0x5E, 0xE4, 0x7B, 0x47, 0xCF, 0xF7, 0x22, 0x15, 0x89, 0x54, 0x24, 0x52,
    0x91, 0x48, 0x45, 0x9E, 0x10, 0x15, 0x69, 0x84, 0x55, 0xD1, 0xD5, 0x7E, 0x48, 0x02, 0x7B, 0x37,
    0x25, 0x81, 0x35, 0x5B, 0xCA, 0x13, 0x43, 0xF0, 0x8B, 0x34, 0xEC, 0x99, 0x66, 0x81, 0x4D, 0x9D,
    0xA5, 0xB8, 0xC1, 0x89, 0xF9, 0xA2, 0xBF, 0x11, 0x17, 0x3D, 0x24, 0x8B, 0x0B, 0x7D, 0x64, 0xF1,
    0xAB, 0x21, 0x3C, 0xD1, 0x86, 0x27, 0xB4, 0xD6, 0xAF, 0xC4, 0x7D, 0x4E, 0xD5, 0xDB, 0xC8, 0x57,
    0x22, 0x5F, 0x79, 0x78, 0xBE, 0xD2, 0x7B, 0xBE, 0x52, 0x42, 0x83, 0x82, 0x57, 0x54, 0xC0, 0xE9,
    0x1A, 0xD4, 0xB8, 0x05, 0xFF, 0x3C, 0xA0, 0xC9, 0xD9, 0x5D, 0xDA, 0x44, 0xAF, 0x2E, 0xCF, 0xDF,
    0xFF, 0x0B, 0xEF, 0x2C, 0xD3, 0x7F, 0x83, 0x66, 0xB5, 0x83, 0x16, 0xE5, 0x5D, 0x9B, 0x2F, 0x67,
    0x48, 0x57, 0xFE, 0x5A, 0xFD, 0xE9, 0x6A, 0xC6, 0xD5, 0x0B, 0xF4, 0x42, 0x49, 0x4B, 0x22, 0x68,
    0xD2, 0xA9, 0x20, 0x1A, 0x85, 0xA4, 0x48, 0x83, 0x80, 0x5A, 0x96, 0x43, 0x27, 0xD8, 0xD3, 0x1B,
    0x41, 0xBF, 0x90, 0x8F, 0xB0, 0x46, 0x3A, 0x78, 0x1E, 0x98, 0x19, 0x94, 0xE8, 0x20, 0x78, 0x5B,
    0xF2, 0x50, 0xA3, 0xEB, 0xE9, 0xA9, 0x10, 0xFA, 0x54, 0xD0, 0x43, 0xB2, 0x4C, 0x4E, 0xD2, 0x01,
    0x0C, 0x15, 0x5B, 0x33, 0xE7, 0xB2, 0xBD, 0x13, 0x5F, 0xE1, 0x77, 0x99, 0x04, 0xE8, 0xAA, 0xF9,
    0x68, 0x0C, 0xD8, 0xC1, 0x52, 0x02, 0xE2, 0x4C, 0x46, 0x09, 0x5B, 0x36, 0x5D, 0x0D, 0xDD, 0x7A,
    0xE0, 0x97, 0x95, 0x9B, 0x1F, 0xA7, 0x4E, 0x17, 0x8C, 0x59, 0xF4, 0xBC, 0xBA, 0xD5, 0x46, 0xAC,
    0x74, 0xEF, 0x4A, 0xB7, 0x35, 0xFD, 0xB6, 0x3A, 0x70, 0xA5, 0xAD, 0xAB, 0xF3, 0x4C, 0x5F, 0xBA,
    0xF7, 0x8A, 0xAB, 0xAF, 0x02, 0x9D, 0xD9, 0xB9, 0x89, 0x25, 0x60, 0xD1, 0x67, 0xDA, 0x95, 0x41,
    0x35, 0xCC, 0x0E, 0x34, 0x07, 0x9D, 0x98, 0xDD, 0x67, 0x01, 0xB0, 0x56, 0xDB, 0x12, 0xD4, 0xEB,
    0xA4, 0x63, 0xCF, 0x9F, 0x48, 0x22, 0x90, 0x48, 0xA2, 0x00, 0x70, 0x2F, 0xDD, 0xE8, 0x5E, 0x3A,
    0x9A, 0xDD, 0x8D, 0x61, 0x2F, 0xDD, 0xE7, 0x37, 0x01, 0xBF, 0xE6, 0x79, 0x83, 0xAA, 0x0B, 0xEA,
    0xB9, 0x0A, 0xA1, 0x0A, 0xFC, 0x77, 0x22, 0xFA, 0x40, 0x82, 0x9B, 0xE0, 0xDB, 0x4F, 0xD4, 0x1B,
    0x84, 0x33, 0xCD, 0x49, 0x41, 0x55, 0xF2, 0xF9, 0x2E, 0xA0, 0x48, 0x9A, 0xA9, 0x0D, 0xFE, 0x09,
    0x2B, 0x43, 0xBC, 0x76, 0x5E, 0xE0, 0xAD, 0xD6, 0x79, 0xFF, 0x38, 0x1B, 0xD2, 0x62, 0xAB, 0xA2,
    0x6B, 0x2D, 0xC7, 0x0A, 0x44, 0xC8, 0x9D, 0xCA, 0x5A, 0x2E, 0x79, 0xB0, 0x3F, 0x3D, 0x90, 0x39,
    0x5A, 0xB1, 0xB5, 0x23, 0x72, 0x4A, 0x06, 0xA8, 0x56, 0x4C, 0x6F, 0x4D, 0x4B, 0x5F, 0x78, 0x82,
    0x3C, 0xB7, 0xC9, 0x77, 0x17, 0x29, 0x76, 0x40, 0xD2, 0xD7, 0xDE, 0xF0, 0xC1, 0x50, 0x50, 0x23,
    0x4C, 0x81, 0xFD, 0x73, 0xE7, 0xAD, 0xAF, 0xB4, 0x85, 0xCF, 0x15, 0xB3, 0x21, 0x77, 0x80, 0xF5,
    0x2B, 0xBD, 0x09, 0x4D, 0x87, 0x0D, 0xBC, 0x4E, 0xD7, 0x3C, 0x17, 0xD0, 0x77, 0x1E, 0xBC, 0x6F,
    0x78, 0xE1, 0xFD, 0x04, 0x76, 0x6B, 0xB5, 0x0D, 0x3B, 0xF7, 0x06, 0x6C, 0xEF, 0x8D, 0xB5, 0xB3,
    0x64, 0x3D, 0x58, 0xF1, 0x16, 0x3C, 0x5E, 0x03, 0x32, 0x9F, 0xDC, 0xB9, 0xE9, 0x7D, 0xEF, 0x1D,
    0xC4, 0x69, 0x68, 0x57, 0x97, 0xF0, 0x52, 0x26, 0xA8, 0xE2, 0x03, 0x76, 0xA9, 0x46, 0x32, 0x83,
    0xE7, 0x7F, 0x7F, 0x4A, 0xAF, 0xD8, 0xFC, 0x99, 0xDE, 0x7E, 0x4E, 0xD5, 0xD1, 0xE8, 0x33, 0x6C,
    0x9E, 0x0A, 0xB2, 0x90, 0x3B, 0xD7, 0xC3, 0xB3, 0xD4, 0x44, 0x77, 0xDD, 0x06, 0xAE, 0x85, 0xB9,
    0xA3, 0xE0, 0x18, 0x5B, 0xA9, 0x26, 0xD7, 0x19, 0xC9, 0xCF, 0x8D, 0x6E, 0xFB, 0xF6, 0x82, 0x53,
    0x57, 0xBB, 0x4B, 0x49, 0x3E, 0x4E, 0x5E, 0x41, 0x47, 0x49, 0xF4, 0x34, 0x64, 0x79, 0x05, 0x66,
    0xE1, 0xAA, 0xF2, 0xF8, 0x19, 0xE5, 0xCB, 0x7F, 0xDB, 0x8A, 0xF2, 0x55, 0x32, 0x5C, 0x2E, 0x33,
    0xF6, 0x9F, 0xF0, 0x79, 0xB1, 0x1E, 0x0A, 0x57, 0x3F, 0x7F, 0x07, 0xDD, 0xA3, 0xC1, 0xD7, 0xA7,
    0x26, 0x42, 0xBE, 0x23, 0xBD, 0x75, 0x5D, 0x66, 0xDD, 0xB7, 0x6F, 0xF8, 0x42, 0x5A, 0xC8, 0xCA,
    0x75, 0x72, 0x97, 0xF6, 0x3D, 0x1A, 0x16, 0x9F, 0x2A, 0x6E, 0xE6, 0x3B, 0x52, 0x8D, 0xF3, 0xEE,
    0x07, 0x7A, 0xEF, 0x35, 0xE8, 0x43, 0x8E, 0x5E, 0x19, 0xF4, 0x87, 0x9D, 0xF9, 0xD2, 0x33, 0x97,
    0xC9, 0xEB, 0x21, 0x8E, 0x65, 0x3D, 0x7F, 0x1B, 0x30, 0xA7, 0xC0, 0x4E, 0x8E, 0x72, 0x84, 0x6A,
    0x23, 0xFB, 0x49, 0x3B, 0xB4, 0x9A, 0x07, 0xA4, 0x5D, 0xB3, 0x6A, 0xC8, 0x37, 0x30, 0x82, 0xB2,
    0xE8, 0xDB, 0x80, 0x7E, 0x19, 0x46, 0xEA, 0x19, 0x6A, 0xAD, 0xEB, 0xC0, 0x77, 0x30, 0x0D, 0x2F,
    0x2D, 0xC3, 0xEE, 0xE4, 0x83, 0x1F, 0x91, 0x4A, 0x45, 0x2A, 0x15, 0xA9, 0x54, 0xA4, 0x52, 0xF7,
    0x49, 0xA5, 0xD2, 0xB3, 0x0E, 0xDE, 0xD2, 0x1A, 0x2C, 0xF1, 0x0E, 0xFB, 0xAC, 0xF0, 0xAA, 0x5C,
    0x7D, 0xB7, 0xEA, 0x57, 0x77, 0x53, 0xA5, 0x72, 0xFB, 0xC6, 0x0B, 0xE3, 0xA4, 0x3A, 0xE7, 0xC1,
    0xAD, 0xCD, 0xD6, 0xA3, 0x7F, 0x3C, 0x6E, 0x62, 0xBA, 0xB2, 0xDC, 0x9F, 0xCD, 0xCD, 0x35, 0x06,
    0x39, 0x0B, 0x71, 0x3F, 0xE6, 0x36, 0xD2, 0xA7, 0x48, 0x9F, 0x8E, 0x8F, 0x3E, 0x85, 0x23, 0xD6,
    0x2A, 0x98, 0x15, 0xEC, 0x8E, 0x03, 0x0A, 0x29, 0x5F, 0x1F, 0xC3, 0x8A, 0xAF, 0x48, 0x9F, 0x22,
    0x7D, 0x8A, 0xF4, 0x29, 0xD2, 0xA7, 0xFB, 0x1E, 0x89, 0xBA, 0xCC, 0x77, 0x3D, 0x54, 0xF9, 0xD9,
    0xD9, 0xBD, 0xCD, 0x03, 0x44, 0xFA, 0x14, 0xE9, 0xD3, 0x91, 0xD3, 0x27, 0x33, 0x8B, 0xE9, 0xDF,
    0xA9, 0x59, 0x02, 0xD3, 0xC2, 0x22, 0x9A, 0x9D, 0x58, 0x3C, 0x31, 0x17, 0x73, 0xB0, 0xBB, 0xF3,
    0x17, 0xB1, 0xDA, 0x4A, 0xB5, 0xED, 0xC5, 0x62, 0x22, 0xB9, 0x94, 0x4A, 0x8E, 0x5C, 0x59, 0x43,
    0x75, 0x85, 0x11, 0x4E, 0xC2, 0xA5, 0x0D, 0x71, 0xF4, 0x29, 0xD2, 0xA7, 0x48, 0x9F, 0x22, 0x7D,
    0x7A, 0xB2, 0xF4, 0xC9, 0x2C, 0xAA, 0x62, 0x63, 0x6C, 0x16, 0x7E, 0x59, 0x4B, 0xAC, 0x57, 0xCE,
    0x58, 0x0B, 0xAE, 0xED, 0xB7, 0xB5, 0xC1, 0xF3, 0xDF, 0xFD, 0xCC, 0xC2, 0xA0, 0xFE, 0xE0, 0xEA,
    0xB2, 0x81, 0x95, 0x55, 0x25, 0x8C, 0x56, 0xA5, 0x0A, 0x5E, 0x7B, 0x2F, 0x16, 0xAC, 0xAC, 0x1F,
    0xC4, 0xDC, 0x46, 0xFA, 0x14, 0xE9, 0xD3, 0x31, 0xD3, 0xA7, 0x8C, 0x6F, 0x34, 0xBA, 0x46, 0xD6,
    0xE1, 0x64, 0x9E, 0x5E, 0x2D, 0x0C, 0xCB, 0xC1, 0x4A, 0x63, 0xC1, 0xD6, 0x38, 0x1D, 0x87, 0xEB,
    0xF9, 0x7A, 0xF5, 0x9F, 0x68, 0x75, 0x6B, 0x85, 0x81, 0x20, 0x46, 0x6A, 0x5C, 0xFC, 0x18, 0x2C,
    0x4A, 0x0F, 0xAC, 0x7B, 0x19, 0xAE, 0xC8, 0x3C, 0xB2, 0x83, 0x16, 0x1F, 0xFF, 0xEC, 0x1F, 0x5D,
    0x70, 0x27, 0x6B, 0x5D, 0x19, 0x3B, 0x63, 0x3B, 0x49, 0x48, 0x75, 0xE7, 0xE1, 0x24, 0xA1, 0x72,
    0x56, 0xEC, 0xD9, 0x60, 0xA9, 0x56, 0x4F, 0x5F, 0x3A, 0x65, 0xAA, 0xC5, 0x30, 0x19, 0xAC, 0xDE,
    0x4C, 0xCE, 0xC0, 0x2C, 0x3D, 0xD4, 0xD7, 0x5C, 0x03, 0xAC, 0xCC, 0xAD, 0x1C, 0xCC, 0x8D, 0x39,
    0xE9, 0x61, 0x9C, 0xFF, 0x80, 0xD0, 0x30, 0xAF, 0x1E, 0x08, 0xB6, 0x59, 0x5A, 0x38, 0x79, 0xDF,
    0x39, 0x02, 0xCC, 0x89, 0x79, 0x4D, 0x5E, 0x45, 0x36, 0x00, 0x0D, 0x09, 0xEB, 0x91, 0x88, 0x6D,
    0x11, 0x6A, 0x1D, 0x10, 0x70, 0x8F, 0xB0, 0x91, 0x50, 0x3B, 0x7C, 0x80, 0xB4, 0x18, 0xF9, 0x33,
    0xA1, 0x36, 0x97, 0xD7, 0xC2, 0x25, 0xC0, 0xE2, 0x28, 0xE1, 0xF5, 0x8F, 0xF0, 0x45, 0xB5, 0x11,
    0xD4, 0x64, 0x50, 0xCF, 0x17, 0x5E, 0x8A, 0x80, 0xBD, 0x7C, 0x83, 0xC1, 0xFB, 0x95, 0x6F, 0x3F,
    0x93, 0xBA, 0x91, 0x4B, 0xCD, 0x09, 0xF4, 0xAA, 0x91, 0x5A, 0xD7, 0x0B, 0x9D, 0x4C, 0xA5, 0xC6,
    0x16, 0x52, 0x9F, 0x1B, 0xA1, 0xED, 0x29, 0x59, 0xCD, 0x1E, 0x6C, 0xA4, 0x6F, 0x29, 0x29, 0x33,
    0x20, 0x82, 0xA9, 0x5D, 0xC2, 0xAD, 0x9F, 0xEA, 0xE4, 0x95, 0x6B, 0xA2, 0xBD, 0x0C, 0x45, 0xF0,
    0x70, 0x2D, 0xE0, 0x41, 0xB6, 0xEE, 0xB5, 0x80, 0xE7, 0xC2, 0x32, 0x9C, 0xA3, 0x19, 0x39, 0xBC,
    0xFD, 0xB4, 0xBD, 0xD1, 0x42, 0xA3, 0x85, 0x34, 0x71, 0x2F, 0x0F, 0x8B, 0x31, 0x52, 0xDD, 0xE0,
    0x6A, 0x2B, 0x71, 0x3D, 0x49, 0xDC, 0x6E, 0x02, 0xBC, 0x0A, 0xAE, 0x37, 0x06, 0xCF, 0xBB, 0x0C,
    0xEE, 0x2F, 0xEB, 0x23, 0x3F, 0x04, 0x78, 0x2F, 0x71, 0x4A, 0xA3, 0x64, 0x8B, 0x41, 0xAF, 0xE2,
    0xF2, 0x81, 0x1E, 0x83, 0x71, 0x3C, 0x0E, 0xD7, 0x64, 0x78, 0x81, 0x66, 0x9A, 0x37, 0x69, 0x31,
    0x77, 0x7B, 0x57, 0x16, 0xB3, 0x1F, 0x3E, 0xB7, 0x78, 0x60, 0x6E, 0xE6, 0x63, 0x62, 0x98, 0x9A,
    0x2B, 0xFB, 0xF3, 0xB5, 0x57, 0xBA, 0x04, 0xFC, 0xBE, 0x12, 0x9D, 0x18, 0xDB, 0x2F, 0x68, 0xBD,
    0x96, 0xBA, 0x5E, 0x01, 0xCC, 0x10, 0xB9, 0x90, 0x1B, 0xF6, 0xD1, 0x99, 0xF5, 0xA1, 0x8C, 0x1D,
    0x27, 0x61, 0xEC, 0x62, 0x40, 0x18, 0x3B, 0x5E, 0xE3, 0xF0, 0x56, 0xE0, 0x1A, 0x1A, 0x98, 0xE0,
    0x77, 0x8C, 0x9B, 0x00, 0xB7, 0x17, 0xF0, 0xFA, 0x13, 0x78, 0x75, 0xC7, 0xF8, 0x53, 0xF7, 0xBF,
    0x5E, 0xFE, 0xF0, 0xF9, 0xC2, 0xFA, 0x08, 0xEB, 0x2B, 0xAC, 0x4F, 0x17, 0x3E, 0x90, 0xDB, 0xFA,
    0x57, 0x02, 0xBB, 0x19, 0xB6, 0x32, 0x78, 0x9F, 0xB5, 0x7B, 0xDF, 0x1B, 0xEF, 0x73, 0xA1, 0x0F,
    0xA3, 0x9C, 0x7E, 0x1C, 0x2C, 0x97, 0xB2, 0xFA, 0xB4, 0x62, 0xAD, 0xB4, 0xFA, 0x76, 0x6E, 0x3A,
    0x57, 0x8C, 0x33, 0xD3, 0x31, 0x3B, 0x55, 0x1B, 0xD0, 0x57, 0x43, 0x23, 0xA5, 0x3E, 0x7B, 0x7D,
    0xCF, 0x55, 0xD0, 0x1E, 0x7A, 0x32, 0x82, 0x0E, 0x17, 0xC4, 0x3C, 0x06, 0xE5, 0x3B, 0x7B, 0x87,
    0xEE, 0xBA, 0x99, 0x4D, 0x7D, 0xF9, 0x1F, 0x91, 0x04, 0xA2, 0xFD, 0xCB, 0x25, 0x33, 0xF2, 0x98,
    0x57, 0x5E, 0xE6, 0x41, 0x10, 0x58, 0x2E, 0xE3, 0xB7, 0x10, 0x6F, 0x9D, 0x4F, 0x49, 0x5F, 0x39,
    0xF6, 0xC4, 0x7D, 0xF7, 0x74, 0xF0, 0xD4, 0xD9, 0xFC, 0x6E, 0xC1, 0x86, 0xDE, 0xF5, 0xED, 0x1B,
    0xF2, 0x03, 0x0E, 0x73, 0x0D, 0xFB, 0xBE, 0x7F, 0xAF, 0x38, 0xA2, 0x6F, 0x74, 0x15, 0xB7, 0x46,
    0x4C, 0xA1, 0x36, 0x1E, 0xBB, 0x3E, 0x9A, 0xA7, 0xD6, 0x7B, 0x81, 0xCD, 0x2B, 0x06, 0x5C, 0x07,
    0xB8, 0xE2, 0xBE, 0xC1, 0x88, 0x44, 0x0B, 0x70, 0xCE, 0x51, 0x5F, 0x23, 0x7A, 0xD7, 0x5C, 0xF4,
    0x85, 0x37, 0x62, 0x28, 0xE3, 0x22, 0x9E, 0x04, 0x1E, 0x02, 0xAC, 0x75, 0x0F, 0x71, 0x0B, 0x31,
    0x43, 0x37, 0xC4, 0xAF, 0xDF, 0x29, 0xF5, 0xCB, 0xD9, 0xD9, 0xD9, 0x92, 0xB1, 0x70, 0x95, 0xB3,
    0x2D, 0xFC, 0x5A, 0x3C, 0x20, 0x9E, 0xAF, 0xFF, 0xDB, 0x7F, 0x54, 0xEA, 0xBF, 0x5F, 0xBE, 0x7C,
    0xD9, 0xDD, 0x92, 0xFC, 0xD7, 0xD6, 0x4F, 0xFF, 0x89, 0xFA, 0xFC, 0xC4, 0xFB, 0x48, 0x83, 0xF7,
    0x97, 0x5F, 0x7C, 0xDF, 0x02, 0x97, 0x81, 0x7E, 0x54, 0x81, 0xFE, 0x34, 0x01, 0x6E, 0x03, 0xFD,
    0x0B, 0xF4, 0x33, 0x0B, 0xF4, 0xB7, 0x0C, 0xF4, 0xBB, 0x09, 0xF4, 0x3F, 0x68, 0x1F, 0x25, 0xB5,
    0x50, 0x87, 0x7B, 0x6A, 0xD2, 0x16, 0xBF, 0xE0, 0x97, 0xC2, 0x78, 0x61, 0x87, 0x8F, 0x8C, 0x12,
    0xBF, 0x7C, 0xE7, 0x1A, 0x38, 0xB4, 0xE7, 0x75, 0x80, 0x3B, 0x89, 0xA7, 0xC0, 0x1E, 0x74, 0x12,
    0xAF, 0xA4, 0x3D, 0xF9, 0xE0, 0x2B, 0x59, 0x8F, 0x83, 0x7D, 0xF7, 0x19, 0x6C, 0xEB, 0xCE, 0x50,
    0x2A, 0x02, 0x5F, 0xB3, 0xCF, 0x46, 0xF2, 0x77, 0xC9, 0xDC, 0x8C, 0xCE, 0x94, 0x3A, 0xFB, 0x97,
    0xFB, 0x91, 0x5A, 0xB0, 0x28, 0xC9, 0xA1, 0x24, 0x83, 0x12, 0xFC, 0x49, 0xB2, 0x27, 0xC9, 0x9D,
    0x04, 0x73, 0x92, 0xBC, 0x49, 0xB2, 0x26, 0xC9, 0x99, 0x24, 0x63, 0x92, 0x7C, 0x49, 0xB0, 0x25,
    0xC9, 0x95, 0x24, 0x53, 0x92, 0x3C, 0x49, 0xB2, 0x24, 0xE9, 0xD3, 0xA5, 0xC7, 0x97, 0x7C, 0x40,
    0xB2, 0x23, 0xC9, 0x1D, 0xDA, 0x00, 0xAD, 0xAF, 0x41, 0xAB, 0x3B, 0x40, 0xD7, 0xDD, 0xEF, 0x6A,
    0x39, 0xE5, 0x33, 0xC8, 0xA7, 0x95, 0x35, 0x21, 0x6B, 0x49, 0xF2, 0x1E, 0xC9, 0x7A, 0x24, 0xE7,
    0x09, 0x18, 0x8F, 0xE4, 0x3B, 0x92, 0xED, 0x48, 0xAE, 0x23, 0x99, 0x8E, 0xE4, 0x39, 0x01, 0xCB,
    0x91, 0x1C, 0x47, 0x32, 0x9C, 0x80, 0xDF, 0x48, 0x76, 0x13, 0x70, 0x1B, 0x64, 0x36, 0x05, 0x76,
    0xF1, 0x0A, 0x8C, 0x3A, 0x2F, 0x3F, 0x0F, 0x88, 0xDF, 0xA4, 0x94, 0x2C, 0xEF, 0xFB, 0xE4, 0x1B,
    0x3A, 0x5A, 0x8C, 0xBF, 0xC7, 0x50, 0xFB, 0xAF, 0x05, 0x07, 0x39, 0x2B, 0xD4, 0xE3, 0xA0, 0x61,
    0x04, 0x5F, 0x00, 0x44, 0x25, 0x82, 0x9B, 0xBC, 0x6D, 0x10, 0x5F, 0xD6, 0x6D, 0x83, 0xFD, 0x4B,
    0x7B, 0x74, 0xD8, 0x4A, 0xC6, 0xAF, 0x06, 0xAD, 0x4C, 0x78, 0x91, 0x5D, 0xC6, 0xA5, 0x96, 0x37,
    0x05, 0x09, 0xCB, 0xFC, 0x2D, 0x58, 0xAF, 0x53, 0x08, 0xB3, 0x86, 0xD0, 0x3F, 0x36, 0xCB, 0x2B,
    0x6C, 0x35, 0x3B, 0xC1, 0xBD, 0x96, 0x38, 0x1B, 0xC7, 0xFD, 0x8A, 0xD9, 0xD9, 0xBC, 0x60, 0x1E,
    0x46, 0x1F, 0x66, 0x0E, 0xCE, 0x92, 0x5B, 0x9A, 0x4D, 0xB6, 0x13, 0xD0, 0xE6, 0xE2, 0x35, 0xB7,
    0x99, 0x96, 0x16, 0xA7, 0xAC, 0xFD, 0x44, 0xDA, 0xC0, 0xEE, 0x50, 0x2F, 0xA8, 0x77, 0xF1, 0xE7,
    0xD9, 0xEC, 0x4E, 0xFD, 0xF4, 0x92, 0x09, 0x7A, 0xDA, 0xBB, 0x4E, 0x05, 0x4C, 0x48, 0xF5, 0x3A,
    0x29, 0x80, 0x1F, 0xA6, 0x1F, 0x2B, 0x37, 0x69, 0x32, 0x03, 0x3F, 0x37, 0xD7, 0xA8, 0x55, 0x83,
    0xC0, 0xCF, 0x86, 0xD5, 0x6A, 0x8D, 0x60, 0xE3, 0xC1, 0xFC, 0x03, 0x54, 0xA4, 0x1B, 0x82, 0x3F,
    0xA3, 0x5E, 0xAF, 0x92, 0x4B, 0xE7, 0xE9, 0xAE, 0x05, 0xEB, 0xE4, 0xD2, 0xB9, 0x3A, 0x31, 0xF1,
    0x28, 0xF3, 0x98, 0x88, 0x2C, 0x27, 0x05, 0xCE, 0x47, 0xF9, 0x1A, 0x2D, 0x97, 0x90, 0x78, 0xA7,
    0xDE, 0x42, 0xC2, 0x20, 0x9D, 0x06, 0xA1, 0xF7, 0x7C, 0xDB, 0xBE, 0x59, 0xE6, 0x88, 0x15, 0xFF,
    0x48, 0xCF, 0xE4, 0xDB, 0xD9, 0x79, 0xD3, 0xCD, 0x36, 0xDC, 0x7C, 0x69, 0x3B, 0x49, 0x26, 0x88,
    0xF4, 0x8F, 0xBF, 0x57, 0x76, 0x8C, 0x08, 0x26, 0xDA, 0xB3, 0xCB, 0xC6, 0x86, 0x3B, 0xD0, 0xC4,
    0x09, 0x74, 0xD4, 0xB1, 0x8F, 0xF4, 0x54, 0x7D, 0xBC, 0x6C, 0x8C, 0xA5, 0x30, 0x95, 0xD5, 0xD8,
    0xD4, 0x1D, 0x34, 0x72, 0xCD, 0x60, 0xA7, 0x85, 0xDA, 0x23, 0xC9, 0x75, 0x39, 0x79, 0x3E, 0xB8,
    0x69, 0x49, 0x76, 0xEA, 0x2B, 0xD7, 0x83, 0xF4, 0x93, 0x72, 0x99, 0x48, 0xFE, 0x2E, 0x72, 0x18,
    0x14, 0x38, 0xCB, 0x9E, 0x3C, 0xFB, 0xB9, 0x8B, 0x0C, 0x25, 0x82, 0xC8, 0x50, 0x22, 0x43, 0xB9,
    0x05, 0x86, 0x12, 0x2C, 0x18, 0x5A, 0x1B, 0xB3, 0xB4, 0x24, 0x83, 0xB4, 0x4D, 0x5C, 0xB6, 0x19,
    0x32, 0x6D, 0xB6, 0xA3, 0x46, 0x23, 0x61, 0xFB, 0xC4, 0x4D, 0xA1, 0x9C, 0x5A, 0x0D, 0xA0, 0xCE,
    0xDF, 0x06, 0x7D, 0xFD, 0x08, 0xA3, 0x30, 0x87, 0x04, 0x16, 0x14, 0x4D, 0x30, 0x68, 0x0D, 0x43,
    0xDA, 0x27, 0x67, 0x0F, 0x6D, 0xDF, 0x22, 0x77, 0x89, 0xDC, 0xE5, 0xD1, 0x71, 0x97, 0xB0, 0x8A,
    0x7A, 0xAC, 0x95, 0xFB, 0x03, 0x20, 0xC1, 0xF3, 0x87, 0x6C, 0xE8, 0x91, 0xBB, 0x44, 0xEE, 0x12,
    0xB9, 0xCB, 0x23, 0xE2, 0x2E, 0xA1, 0xD5, 0x17, 0xD9, 0x72, 0xEF, 0x0F, 0x80, 0x04, 0x8B, 0xB3,
    0x07, 0x48, 0x1F, 0x17, 0xB9, 0x4B, 0xE4, 0x2E, 0x8F, 0x8C, 0xBB, 0x44, 0x57, 0x1D, 0x5D, 0x75,
    0x74, 0xD5, 0x8F, 0xC2, 0x55, 0x63, 0xAA, 0x5B, 0x11, 0xCA, 0x90, 0xA3, 0x35, 0xAB, 0xA4, 0x6D,
    0x04, 0x8B, 0x20, 0x72, 0x51, 0x8B, 0x00, 0x06, 0x04, 0x22, 0x43, 0x75, 0x2A, 0xBF, 0xB6, 0xF7,
    0x49, 0x6F, 0x45, 0xD6, 0x5B, 0x91, 0xF6, 0x56, 0xE4, 0xBD, 0x35, 0x86, 0x4D, 0xE4, 0xED, 0xF1,
    0xC6, 0xFA, 0x85, 0x0D, 0xF3, 0x88, 0x6E, 0x37, 0xBA, 0xDD, 0x6F, 0xD9, 0xED, 0x42, 0x4D, 0x88,
    0x14, 0xF1, 0xB8, 0xF7, 0x19, 0x6D, 0x8F, 0xE6, 0xEB, 0xAB, 0xC3, 0x9A, 0x84, 0x36, 0xD6, 0x1F,
    0x3E, 0x0F, 0xA8, 0x44, 0xBE, 0x97, 0x53, 0x1C, 0x1C, 0x14, 0xC9, 0xB1, 0x14, 0xCC, 0x84, 0x80,
    0x74, 0x62, 0x0B, 0xDE, 0x52, 0xE4, 0x75, 0xF6, 0x67, 0x27, 0x9F, 0x2D, 0x51, 0xEB, 0x3D, 0xCE,
    0xCB, 0x2C, 0xFD, 0x4B, 0xD7, 0xF1, 0x8A, 0xCE, 0x1E, 0xCD, 0x5F, 0xF1, 0x79, 0xA1, 0xE7, 0x1F,
    0x97, 0xB8, 0xE3, 0x80, 0x12, 0x7B, 0x09, 0x88, 0x5D, 0x02, 0xF6, 0x68, 0xDB, 0x44, 0x66, 0xFF,
    0x31, 0xCE, 0xD8, 0x44, 0x10, 0xA9, 0x54, 0xA4, 0x52, 0xB7, 0x3F, 0x63, 0xB3, 0x03, 0x26, 0x45,
    0x0B, 0x2F, 0x5D, 0xD0, 0xBA, 0x0F, 0xF2, 0x36, 0x05, 0xE7, 0xFB, 0x32, 0xB3, 0x3A, 0xAF, 0x73,
    0xA6, 0xEA, 0x0F, 0xDE, 0x72, 0x61, 0xA0, 0xB7, 0x4C, 0xC1, 0x9F, 0x8A, 0xD4, 0x1C, 0xAD, 0xE4,
    0x6B, 0xEB, 0x38, 0x63, 0x13, 0xE9, 0x57, 0xA4, 0x5F, 0xB7, 0x33, 0xEA, 0x21, 0x53, 0x3D, 0x5F,
    0xD8, 0xB2, 0x27, 0x48, 0xF6, 0x1C, 0x66, 0x7B, 0x4E, 0x94, 0x4C, 0x9A, 0x13, 0xE4, 0x7B, 0xD6,
    0x91, 0xF1, 0xE2, 0x2D, 0xF4, 0x22, 0xE3, 0x33, 0xA7, 0x7C, 0xDE, 0x43, 0x1D, 0x6F, 0xC5, 0x06,
    0x34, 0x8D, 0x4C, 0xFA, 0x7C, 0xAC, 0x59, 0x9F, 0x85, 0x6D, 0x10, 0xB1, 0xF8, 0x8D, 0xCC, 0x9D,
    0x51, 0xE0, 0xFA, 0x3A, 0xFF, 0xD2, 0x82, 0xCC, 0x1B, 0xAE, 0x06, 0x83, 0xBC, 0x1D, 0x61, 0x5A,
    0x0F, 0xFD, 0xF5, 0xF3, 0xEE, 0x64, 0x80, 0x15, 0xC9, 0xFA, 0x35, 0x67, 0xCA, 0xA9, 0x96, 0x0D,
    0x9D, 0xA1, 0x77, 0xD6, 0xF3, 0x85, 0x0B, 0xBE, 0x00, 0x24, 0xE3, 0x61, 0x93, 0xB3, 0x71, 0x52,
    0x77, 0x1C, 0x92, 0x64, 0xA9, 0xE7, 0xE8, 0x57, 0xEA, 0x73, 0x5C, 0x87, 0x53, 0x67, 0xAB, 0xB7,
    0x60, 0xA5, 0xCD, 0x66, 0x5A, 0x03, 0x86, 0x15, 0xFB, 0xCD, 0x89, 0xAC, 0x41, 0x4F, 0x21, 0x61,
    0x40, 0x1D, 0x04, 0xDF, 0x54, 0x84, 0x97, 0x1E, 0xBF, 0xD5, 0xE2, 0x38, 0xC5, 0x3A, 0xE9, 0x2E,
    0x64, 0x79, 0x09, 0x93, 0xC0, 0x84, 0x39, 0x62, 0xC2, 0xDC, 0x3C, 0x61, 0x86, 0x99, 0x30, 0x45,
    0xC1, 0x17, 0xE3, 0x20, 0xF9, 0xCD, 0xAD, 0xE1, 0xE7, 0x67, 0xE6, 0x70, 0x98, 0xB3, 0xB5, 0x2C,
    0x6F, 0x0B, 0xEB, 0xEB, 0xBF, 0x33, 0x1B, 0x13, 0xE1, 0x96, 0x3E, 0x5F, 0x8E, 0xB1, 0x3E, 0x09,
    0x1F, 0x04, 0xAE, 0x03, 0x8C, 0xEF, 0x2B, 0xC4, 0x19, 0x6D, 0x82, 0x84, 0xDD, 0x9D, 0x65, 0x11,
    0xEC, 0x9A, 0x86, 0xFA, 0xA2, 0xDD, 0x64, 0x26, 0x73, 0x5D, 0x2D, 0x51, 0xDF, 0x2A, 0xC2, 0x10,
    0x04, 0x6F, 0xA2, 0xD1, 0x71, 0x04, 0x66, 0x09, 0x09, 0xA6, 0xCC, 0xE6, 0x4C, 0x90, 0x7F, 0x8A,
    0x72, 0x5B, 0x95, 0x18, 0x0D, 0x48, 0xD1, 0x59, 0x1B, 0xDF, 0x4E, 0x8D, 0x1B, 0xD8, 0xDB, 0x57,
    0xF7, 0x3F, 0xBC, 0x69, 0xD5, 0x92, 0x7F, 0xFE, 0xCF, 0x6C, 0xD1, 0x27, 0xFE, 0x7A, 0x49, 0x6E,
    0xDD, 0x7C, 0x61, 0xFE, 0xF3, 0xAE, 0xD0, 0x05, 0xBD, 0xFC, 0xF6, 0xF0, 0xC7, 0xDF, 0xCD, 0x3F,
    0x9B, 0x0C, 0xF6, 0x79, 0xB7, 0x56, 0xB9, 0xC1, 0xCE, 0x1E, 0x24, 0x84, 0x73, 0x17, 0x33, 0x94,
    0x8B, 0x64, 0x13, 0x2B, 0x8B, 0x0B, 0x1B, 0x5C, 0x99, 0x71, 0x5B, 0x6A, 0x38, 0xF8, 0x32, 0xB5,
    0x8F, 0xF6, 0x7B, 0xDA, 0x4C, 0xCB, 0x1D, 0xAF, 0xDF, 0x5C, 0xE0, 0x7B, 0xBE, 0x01, 0xA1, 0x65,
    0xEF, 0x31, 0xDF, 0x47, 0x26, 0x92, 0x81, 0x94, 0xEA, 0xFF, 0xE4, 0x6E, 0x8A, 0x30, 0xF6, 0x36,
    0x5F, 0xC3, 0xDB, 0x73, 0x7D, 0xFD, 0x52, 0x6C, 0x6F, 0x98, 0x41, 0x64, 0xEA, 0x08, 0xA9, 0x4B,
    0xCC, 0xAB, 0xA9, 0x1F, 0x9C, 0xF9, 0xF1, 0xF1, 0x6A, 0xF8, 0x45, 0xD7, 0xC4, 0x62, 0x87, 0xDE,
    0xB5, 0xDF, 0x27, 0x36, 0x28, 0x64, 0xCB, 0xA9, 0x76, 0xF8, 0xFD, 0x75, 0x46, 0xF5, 0x6D, 0x88,
    0xC8, 0xC6, 0x6C, 0x54, 0x36, 0xBF, 0x88, 0xC3, 0xD9, 0x7B, 0xFB, 0x7A, 0x68, 0xEF, 0xB2, 0x53,
    0x32, 0xED, 0x6C, 0x18, 0x33, 0xE2, 0x92, 0xB9, 0x8B, 0x65, 0xD9, 0x27, 0x3E, 0x30, 0x87, 0x82,
    0x77, 0x2A, 0xB7, 0xDF, 0xE2, 0x94, 0x78, 0x3F, 0x49, 0x6F, 0xAD, 0x75, 0xFB, 0x92, 0xED, 0x01,
    0xA5, 0x1C, 0x88, 0xB5, 0x74, 0x74, 0x90, 0x37, 0x07, 0xBB, 0x11, 0xC2, 0xAB, 0xC8, 0x3B, 0xB4,
    0x3E, 0xC7, 0x13, 0xD0, 0x2D, 0x1A, 0x0D, 0xF1, 0xB9, 0xA0, 0xB6, 0x89, 0x0F, 0x2E, 0x6A, 0x6D,
    0xC4, 0xEE, 0xD2, 0x31, 0x5D, 0xCB, 0x88, 0x5F, 0xF8, 0x54, 0x2A, 0x7F, 0xEA, 0x5E, 0xD9, 0x31,
    0x99, 0xEA, 0xD2, 0x60, 0xBA, 0x15, 0x0E, 0x3D, 0xEC, 0xD1, 0x0B, 0xDB, 0xDD, 0x5E, 0x0A, 0x04,
    0xF3, 0x17, 0xCF, 0xBF, 0xBB, 0x82, 0xFC, 0x14, 0x82, 0xE9, 0x88, 0xE1, 0x28, 0xDA, 0x67, 0x19,
    0x55, 0x5C, 0x38, 0x86, 0xAD, 0x64, 0x00, 0x1F, 0xBF, 0xC7, 0x36, 0xA4, 0x0F, 0x9E, 0xAB, 0x75,
    0xFB, 0x64, 0x7E, 0x10, 0xDE, 0x3F, 0x48, 0x1C, 0x33, 0xE1, 0xD3, 0x92, 0x84, 0x6D, 0xB0, 0xEC,
    0x9F, 0x35, 0x49, 0x2B, 0x00, 0x35, 0x92, 0x93, 0x57, 0x83, 0xA2, 0x2E, 0x81, 0x33, 0xB0, 0x3B,
    0x5E, 0x63, 0x47, 0x42, 0xED, 0xE0, 0xF1, 0x34, 0xB3, 0xAD, 0x20, 0x12, 0xF5, 0x00, 0xC3, 0x6D,
    0x9A, 0xA1, 0xC1, 0x78, 0x9B, 0x19, 0x87, 0x41, 0x34, 0x7C, 0x26, 0x3A, 0xC0, 0xD6, 0x91, 0x7A,
    0x79, 0x5F, 0x0B, 0xF7, 0xC3, 0x9D, 0x28, 0x35, 0x03, 0x94, 0x1B, 0x9C, 0x7A, 0xDA, 0x31, 0x50,
    0x48, 0xF4, 0xD6, 0x99, 0x7C, 0x43, 0x95, 0xF5, 0x76, 0x70, 0x0B, 0xC5, 0x5A, 0x3E, 0x1F, 0xBF,
    0x0C, 0x5C, 0x67, 0xA5, 0xAC, 0xCF, 0x41, 0xE8, 0xCB, 0x42, 0x32, 0xAD, 0x85, 0x92, 0xBB, 0xBA,
    0xBD, 0xFC, 0xA7, 0x6B, 0xE2, 0x1E, 0xDA, 0x83, 0x79, 0x88, 0x49, 0xB0, 0xD2, 0x1C, 0xB7, 0x01,
    0x5D, 0x89, 0x6E, 0x6A, 0x45, 0xF9, 0x4B, 0xD0, 0x5B, 0x75, 0x0B, 0x30, 0xA6, 0x99, 0x12, 0xAB,
    0x15, 0x59, 0xD4, 0x6D, 0x22, 0xB5, 0x66, 0x25, 0x7A, 0x1F, 0x92, 0xDC, 0x34, 0x2A, 0x30, 0x8D,
    0xAF, 0x7E, 0x4C, 0x8E, 0xF9, 0x88, 0x2C, 0x39, 0xB2, 0xE4, 0xC8, 0x92, 0x23, 0x4B, 0xFE, 0x56,
    0x59, 0x32, 0x1C, 0x03, 0x25, 0x16, 0xD9, 0xC0, 0x9C, 0x53, 0x69, 0xAB, 0x98, 0xB7, 0x60, 0x1D,
    0x61, 0x30, 0xC3, 0x51, 0x61, 0xDD, 0xF0, 0x7C, 0xE3, 0xCC, 0x15, 0x06, 0xE4, 0xA4, 0x4A, 0x6C,
    0x3F, 0xDC, 0x0A, 0x6B, 0x88, 0xFB, 0xD9, 0x85, 0x3C, 0x3C, 0x49, 0x5F, 0x1F, 0x8F, 0xE1, 0x8F,
    0x2C, 0x39, 0xB2, 0xE4, 0xC8, 0x92, 0x9F, 0x2C, 0x4B, 0xBE, 0xB8, 0xC5, 0xCC, 0xB1, 0xE3, 0xE3,
    0xD8, 0x03, 0x27, 0xB2, 0xE4, 0xC8, 0x92, 0x23, 0x4B, 0x8E, 0x2C, 0xF9, 0x51, 0xB1, 0x64, 0x48,
    0xC3, 0xC4, 0x95, 0x7A, 0x78, 0x50, 0x84, 0xB2, 0xA4, 0x67, 0x6F, 0x1F, 0xD0, 0xC8, 0x47, 0x96,
    0x1C, 0x59, 0x72, 0x64, 0xC9, 0x4F, 0x98, 0x25, 0x47, 0x96, 0x17, 0x59, 0x5E, 0x64, 0x79, 0x91,
    0xE5, 0x3D, 0x0A, 0x96, 0x77, 0x17, 0xC7, 0xEB, 0xB3, 0x60, 0xC4, 0x55, 0x3D, 0x2C, 0xCE, 0x43,
    0x1C, 0xEC, 0x04, 0x57, 0xCA, 0x56, 0x9E, 0x54, 0xC1, 0x72, 0xB5, 0x26, 0xD8, 0xFB, 0xA4, 0x1D,
    0x83, 0xFB, 0x2D, 0x25, 0xFE, 0xF7, 0xE0, 0x76, 0xA2, 0xD1, 0x97, 0x02, 0xD5, 0xE2, 0xD2, 0x98,
    0x81, 0x7F, 0x7E, 0xD3, 0xE2, 0x36, 0x62, 0x77, 0x96, 0x4C, 0x5D, 0xFD, 0x7C, 0xB9, 0x58, 0x6D,
    0x97, 0x0B, 0x93, 0x73, 0x5B, 0x08, 0xEF, 0x90, 0x61, 0xCE, 0xDB, 0xC8, 0xC6, 0x23, 0x1B, 0x8F,
    0x6C, 0x3C, 0xB2, 0xF1, 0xBB, 0x63, 0xE3, 0x62, 0xF9, 0x73, 0x2A, 0x08, 0xA1, 0x5C, 0xFA, 0x2C,
    0x17, 0x3E, 0x8B, 0xBD, 0x42, 0xE5, 0xA2, 0xE7, 0xB9, 0x11, 0xC0, 0x92, 0xE7, 0x16, 0x17, 0x3C,
    0xD3, 0x72, 0xE7, 0x03, 0x54, 0x88, 0x9F, 0x0F, 0xAC, 0xC5, 0x52, 0xE7, 0x23, 0x5D, 0xE8, 0x0C,
    0x19, 0x27, 0x1A, 0xBD, 0x99, 0x2A, 0xEE, 0x1B, 0x14, 0xD1, 0x71, 0xA2, 0x73, 0x1B, 0x36, 0xD1,
    0x6B, 0x04, 0xC7, 0x1D, 0x21, 0x79, 0xBF, 0xF8, 0x1E, 0x1E, 0x0F, 0x6A, 0x71, 0x89, 0xDB, 0xF6,
    0xC9, 0x19, 0xCF, 0x3B, 0xDD, 0x36, 0xE2, 0x5B, 0x47, 0x2E, 0x9B, 0x3E, 0x6F, 0xC7, 0xC0, 0x0C,
    0x8D, 0xC2, 0x9E, 0x94, 0x23, 0x7D, 0x4C, 0x85, 0x26, 0x46, 0xB5, 0x27, 0x3E, 0x86, 0x55, 0x38,
    0xC7, 0xAD, 0x54, 0xC1, 0x1B, 0xDA, 0x8E, 0x06, 0x99, 0xA1, 0x02, 0xDA, 0x94, 0x27, 0x51, 0xAE,
    0x13, 0x4C, 0x5B, 0xA6, 0xDA, 0x6D, 0xDB, 0x26, 0x42, 0x3C, 0x80, 0x45, 0x9B, 0xD1, 0x92, 0x66,
    0x11, 0xB7, 0xB6, 0x5A, 0x67, 0xD1, 0x1A, 0x98, 0xAB, 0x0F, 0x9C, 0xDA, 0xC3, 0xF3, 0xE5, 0x11,
    0x45, 0x74, 0x01, 0xED, 0x2E, 0xB5, 0x0E, 0x30, 0xB8, 0x68, 0xF7, 0xC4, 0xF8, 0x96, 0x4F, 0x09,
    0xAF, 0x4E, 0x54, 0x7B, 0xB8, 0x70, 0x6A, 0xBC, 0xF1, 0xA9, 0x8B, 0x97, 0xEF, 0x1E, 0x5D, 0x15,
    0x7E, 0xDD, 0x29, 0xCB, 0xA2, 0x7E, 0xF0, 0xA7, 0x54, 0xB0, 0x5D, 0xD2, 0x83, 0x9C, 0xBA, 0x44,
    0xAE, 0xF8, 0xD2, 0xE2, 0xA9, 0xFB, 0x3C, 0x05, 0x91, 0xD8, 0x59, 0xB8, 0x84, 0x2B, 0xB4, 0xD0,
    0xB7, 0x0A, 0x7A, 0xDC, 0x26, 0x68, 0xF8, 0x3C, 0x20, 0x7E, 0xF3, 0x57, 0xEF, 0xD4, 0xE1, 0xEC,
    0xEC, 0xEC, 0x5F, 0xEF, 0x5A, 0x50, 0x06, 0x3F, 0x50, 0x6A, 0x02, 0x03, 0x4A, 0x65, 0xF7, 0x6C,
    0xDB, 0xB1, 0x84, 0x9D, 0x0D, 0xC0, 0xE3, 0xF1, 0xA5, 0xDC, 0xEC, 0xFD, 0xCB, 0x03, 0x29, 0xB9,
    0xCE, 0x4A, 0x63, 0x87, 0xDA, 0x66, 0x50, 0x29, 0xF5, 0xCB, 0x7B, 0x45, 0x3B, 0x3E, 0x51, 0xB7,
    0xA0, 0xE7, 0x19, 0x0D, 0x3F, 0xF3, 0x97, 0x2B, 0x17, 0xC6, 0x6E, 0xF6, 0xBA, 0xB3, 0xA3, 0x33,
    0x1B, 0x9F, 0xAE, 0xA6, 0x25, 0xB0, 0xE1, 0x5E, 0xC1, 0xC6, 0xCF, 0xD9, 0xD5, 0x66, 0x3F, 0xBD,
    0x83, 0xEB, 0x06, 0xF8, 0xE7, 0x89, 0xE0, 0x29, 0x01, 0xBD, 0x35, 0xFC, 0xB3, 0xB7, 0xB6, 0x71,
    0x7F, 0xD0, 0x09, 0x16, 0x6A, 0x33, 0x80, 0xD7, 0x8F, 0x7E, 0xE7, 0x2F, 0x52, 0x59, 0xC6, 0xAB,
    0x7E, 0x65, 0x14, 0xBA, 0xFB, 0x5B, 0xF3, 0x13, 0xEA, 0xF6, 0x9D, 0xDC, 0xCB, 0xBE, 0x35, 0x7E,
    0xD0, 0x7E, 0x1F, 0x3F, 0xE3, 0xE7, 0x8D, 0x3F, 0x59, 0x8F, 0x16, 0x3F, 0xD9, 0x91, 0x8E, 0x59,
    0x89, 0x8B, 0xB1, 0x32, 0xFD, 0xE6, 0xDE, 0x92, 0xE5, 0xD5, 0x20, 0x13, 0xA3, 0x6C, 0xDA, 0xB5,
    0x99, 0x58, 0x5A, 0xFE, 0x8D, 0xD9, 0xB3, 0x91, 0x13, 0x8D, 0xDC, 0x8B, 0xDE, 0xDB, 0xD6, 0x5A,
    0xC4, 0xCF, 0xA3, 0xFC, 0xCC, 0x39, 0x93, 0x10, 0x0D, 0xB6, 0xB4, 0xF2, 0x73, 0x7B, 0xC5, 0xE7,
    0xF4, 0x5B, 0x62, 0xF6, 0xF7, 0x98, 0x47, 0x3A, 0xF7, 0xDB, 0x27, 0x76, 0xF1, 0x33, 0x7E, 0xDE,
    0xF4, 0x33, 0xE7, 0x69, 0x6B, 0xBB, 0x1F, 0x2D, 0xD9, 0xC7, 0x4F, 0x7C, 0xAE, 0x59, 0xDF, 0xBB,
    0xFB, 0xD4, 0xF7, 0x68, 0x9F, 0x8E, 0xDF, 0x6E, 0xBA, 0xE9, 0x07, 0x1A, 0x98, 0xDE, 0x72, 0x7C,
    0xFF, 0xC4, 0x71, 0xFD, 0x1B, 0x33, 0x27, 0xD1, 0xAA, 0x15, 0xC7, 0xF1, 0x2F, 0x53, 0xDB, 0xC3,
    0xB3, 0x71, 0xFB, 0x35, 0xF7, 0xA8, 0x32, 0x9B, 0x4D, 0xB4, 0xB1, 0x4B, 0x3A, 0x5F, 0xBD, 0x8D,
    0x76, 0x34, 0x7E, 0x1E, 0xB9, 0x1D, 0x75, 0xF3, 0x74, 0x1C, 0xDA, 0x6C, 0xD6, 0x85, 0x94, 0x3A,
    0xBD, 0xDF, 0xD2, 0xAC, 0x8F, 0xA9, 0x39, 0x90, 0x59, 0xAF, 0x97, 0x2D, 0xCC, 0xAC, 0x1C, 0xAF,
    0x30, 0xB6, 0x61, 0xCB, 0x2D, 0xAF, 0x5F, 0x29, 0xFC, 0xE4, 0x0C, 0x4D, 0x00, 0xDD, 0x55, 0x78,
    0x72, 0xB4, 0xAB, 0xDF, 0x90, 0x5D, 0x35, 0xD3, 0xC8, 0x3C, 0x84, 0x14, 0xFF, 0xBB, 0xE3, 0xFF,
    0x5A, 0x93, 0x54, 0xEB, 0xC0, 0xB3, 0xE3, 0x34, 0x7E, 0x37, 0x71, 0xD2, 0xFB, 0x46, 0xB7, 0xE7,
    0x96, 0x96, 0xF8, 0x25, 0x9C, 0xBB, 0xA0, 0x57, 0x3C, 0x81, 0x9E, 0x9A, 0x24, 0xD9, 0xA6, 0x0B,
    0x61, 0x56, 0xA8, 0x99, 0x46, 0xAE, 0x3D, 0xDC, 0x36, 0x59, 0x40, 0x06, 0xC9, 0x9A, 0x17, 0x28,
    0x6E, 0x6F, 0xF0, 0x3F, 0x2D, 0x22, 0x58, 0x9C, 0xBD, 0xF9, 0x8A, 0xF1, 0x97, 0x4D, 0x62, 0x13,
    0x78, 0xC6, 0xFF, 0xBF, 0xF0, 0x7F, 0xCA, 0xDD, 0xDB, 0xF0, 0x9C, 0xBA, 0x6B, 0xA5, 0xB4, 0x1F,
    0x42, 0x6D, 0x86, 0x65, 0x69, 0x7D, 0xE0, 0x65, 0xFF, 0xCF, 0x0A, 0x62, 0x52, 0xAA, 0x9E, 0x12,
    0xD9, 0xE1, 0xC4, 0xE9, 0xA4, 0x24, 0x5A, 0x4B, 0xCE, 0x13, 0xA7, 0x26, 0x8D, 0xCE, 0x01, 0x3A,
    0x5D, 0xFD, 0x6F, 0x73, 0xFD, 0xD6, 0x45, 0xAD, 0x76, 0x40, 0xD3, 0xA3, 0xFC, 0xD7, 0xEA, 0x9A,
    0x19, 0xFB, 0x63, 0xFD, 0xD7, 0xC2, 0x96, 0x19, 0xC1, 0xF2, 0x3F, 0x3D, 0x15, 0xE3, 0x17, 0x07,
    0xE5, 0x26, 0x38, 0x24, 0xA2, 0x88, 0x22, 0xBA, 0x14, 0x41, 0x5B, 0x29, 0x04, 0x2A, 0xAF, 0x41,
    0x95, 0x59, 0x92, 0x3D, 0xF9, 0x25, 0x74, 0x80, 0x7A, 0x87, 0xDA, 0x8E, 0xC2, 0x88, 0x18, 0x7D,
    0x7C, 0x79, 0xAA, 0xCC, 0x3C, 0x9E, 0xCF, 0xC2, 0xBF, 0x15, 0x68, 0xC3, 0x68, 0xE0, 0x69, 0x3F,
    0xB7, 0x6E, 0xCA, 0x50, 0x76, 0x44, 0x09, 0xFE, 0x6E, 0x6B, 0x5B, 0xFF, 0x42, 0x84, 0x23, 0x26,
    0x8B, 0x41, 0x89, 0x2E, 0x2D, 0xA5, 0xE6, 0xEE, 0xF5, 0xA2, 0x8F, 0x95, 0xB9, 0xCB, 0x6A, 0x30,
    0x0E, 0xE6, 0x2B, 0x0A, 0x2B, 0x59, 0x18, 0x9F, 0x9B, 0x2D, 0xC9, 0x9F, 0xDF, 0xC1, 0xC6, 0xE4,
    0xB4, 0x74, 0x9D, 0x4C, 0x32, 0x3D, 0x45, 0x2C, 0x7C, 0xEB, 0x05, 0x72, 0x62, 0x2E, 0xFB, 0xE2,
    0x17, 0x15, 0x06, 0x97, 0x7E, 0xD6, 0x85, 0xC0, 0xB0, 0xEA, 0xDB, 0xA5, 0x08, 0x7A, 0x02, 0x86,
    0x34, 0x87, 0x47, 0x7A, 0x7A, 0xDB, 0xE5, 0x75, 0x3B, 0x3C, 0x0D, 0x36, 0x95, 0xD7, 0x60, 0xA3,
    0x6C, 0x7B, 0x3B, 0x1B, 0xDE, 0xB8, 0xB4, 0xEC, 0xA9, 0xDB, 0x9D, 0xD6, 0xE7, 0xDD, 0xEF, 0x6D,
    0x94, 0x4B, 0xEA, 0xA2, 0x19, 0x4A, 0x17, 0x07, 0xD3, 0xA8, 0x5F, 0xD9, 0x18, 0x0C, 0xEA, 0x1F,
    0x68, 0xDA, 0x5C, 0xAF, 0x53, 0xA3, 0x15, 0xB1, 0xFA, 0x1A, 0xC4, 0xEB, 0xB4, 0x46, 0x9B, 0x2C,
    0xF6, 0x66, 0x75, 0x6E, 0x4A, 0xFC, 0x7F, 0x9B, 0x40, 0x88, 0xCF, 0xBD, 0x0C, 0xF2, 0x77, 0xDE,
    0x2E, 0xC6, 0x52, 0x2C, 0xDD, 0xA8, 0xD4, 0x25, 0x62, 0x88, 0x93, 0xBC, 0x65, 0x58, 0xF2, 0x21,
    0xC1, 0x0D, 0x64, 0x92, 0x56, 0xE0, 0x27, 0xBD, 0x8F, 0xF4, 0xFE, 0xD1, 0xFB, 0x46, 0xEF, 0x17,
    0xBD, 0x4F, 0xF4, 0xFE, 0xD0, 0xFB, 0x42, 0xE1, 0x07, 0xD1, 0x07, 0x2E, 0x7E, 0x16, 0xBE, 0xC4,
    0x4E, 0xE6, 0x92, 0xE0, 0xB6, 0xD5, 0xB3, 0xB8, 0x83, 0x1A, 0x38, 0x1E, 0x70, 0x5F, 0x72, 0xD7,
    0x6B, 0xCA, 0x5C, 0x90, 0x9D, 0x69, 0xCA, 0xB4, 0x7E, 0x7A, 0x43, 0x03, 0x29, 0xFA, 0x3F, 0x93,
    0x56, 0x36, 0xDC, 0xA4, 0xE1, 0x8E, 0x1C, 0x61, 0x2C, 0x3C, 0xD9, 0xC2, 0x45, 0x5F, 0xA8, 0xC2,
    0x82, 0x6B, 0x9C, 0xA7, 0xA4, 0xCE, 0x17, 0x5D, 0x60, 0x6F, 0x5D, 0x60, 0xAF, 0x7C, 0x3E, 0x89,
    0x2B, 0x5D, 0xE0, 0x55, 0x5D, 0xCD, 0xC4, 0x73, 0x56, 0x5E, 0x14, 0xB4, 0x4A, 0x04, 0x65, 0x5E,
    0x02, 0x34, 0xF1, 0xB8, 0x48, 0x93, 0xB7, 0x00, 0x29, 0xE9, 0x84, 0x83, 0x94, 0x0E, 0xA0, 0xF7,
    0x9B, 0x16, 0xD1, 0x1C, 0xE2, 0x64, 0x05, 0xD8, 0x21, 0x1C, 0x98, 0x0A, 0x4F, 0x5E, 0x08, 0x0F,
    0xD9, 0xFE, 0x58, 0xC8, 0x79, 0x0B, 0x2C, 0xE4, 0xB4, 0x09, 0x16, 0xBA, 0xAA, 0x98, 0xBC, 0x10,
    0x0E, 0x56, 0x2E, 0x26, 0x78, 0xF2, 0x42, 0x38, 0x38, 0x70, 0xA5, 0x10, 0xCC, 0x2C, 0x17, 0x20,
    0xE8, 0x0C, 0x23, 0x41, 0x97, 0x3C, 0x81, 0x3B, 0x06, 0x76, 0x04, 0xD6, 0x32, 0xFC, 0x35, 0x40,
    0x9F, 0x18, 0xA1, 0xA7, 0xC1, 0x41, 0x6F, 0x3A, 0x27, 0x0A, 0x29, 0x05, 0x38, 0x40, 0xED, 0x4E,
    0x7E, 0xC1, 0x15, 0xC1, 0x42, 0x89, 0x2F, 0xD7, 0x3E, 0x4F, 0x75, 0x6F, 0xF6, 0x84, 0x12, 0x57,
    0x86, 0x2D, 0xA6, 0x66, 0x98, 0x8B, 0xCD, 0x93, 0xA6, 0x0A, 0x52, 0xA0, 0xCE, 0xB0, 0x81, 0x94,
    0xD8, 0x33, 0x9C, 0x85, 0x70, 0x77, 0xEA, 0xD5, 0x9F, 0x95, 0xDE, 0x88, 0x48, 0xC1, 0x22, 0xCD,
    0x65, 0xE3, 0x6B, 0x43, 0x99, 0x20, 0x58, 0xBE, 0x13, 0xE9, 0x64, 0x81, 0xBB, 0xE6, 0xC0, 0x8A,
    0x44, 0xD6, 0x4F, 0xE5, 0xAA, 0xDD, 0x5C, 0x74, 0x60, 0x5D, 0xED, 0x5D, 0x2C, 0xAA, 0x85, 0x54,
    0xD1, 0x2E, 0xAA, 0x77, 0x9D, 0xF8, 0x7D, 0x7D, 0x7A, 0x65, 0x13, 0x2E, 0xAC, 0xBD, 0x13, 0x72,
    0xD5, 0x65, 0x33, 0x49, 0xB8, 0x06, 0x62, 0x55, 0x45, 0x68, 0x4E, 0x6B, 0x1B, 0x94, 0x0D, 0xAB,
    0x66, 0x2E, 0xEB, 0xB4, 0x0E, 0x95, 0x90, 0x1F, 0xC2, 0xC2, 0xD4, 0x3A, 0xB6, 0x29, 0x81, 0x3B,
    0x39, 0xD8, 0x73, 0xB8, 0xF8, 0xE4, 0xBC, 0x65, 0x27, 0xDB, 0x02, 0x36, 0x8D, 0xC2, 0xDC, 0x09,
    0x1B, 0xCE, 0x46, 0x36, 0x2B, 0x6C, 0x65, 0x54, 0x5D, 0x3D, 0xEC, 0x25, 0xA5, 0x12, 0xD1, 0x42,
    0xCD, 0xB6, 0x48, 0xD0, 0xC9, 0x1D, 0x13, 0xD1, 0x3B, 0x5E, 0xCB, 0xC6, 0x3E, 0xE1, 0xCE, 0x67,
    0xBE, 0x6B, 0xEB, 0x18, 0xB2, 0x08, 0x51, 0xC3, 0x2E, 0xB2, 0x79, 0x31, 0x60, 0x46, 0x4A, 0x75,
    0xDF, 0x1B, 0x23, 0x06, 0xA9, 0x0C, 0x4A, 0xB9, 0x73, 0xD2, 0xDD, 0x41, 0x19, 0xDE, 0x3E, 0xD7,
    0x4B, 0x00, 0xD7, 0x02, 0xCA, 0xBC, 0x10, 0x32, 0x31, 0x44, 0x90, 0x19, 0x22, 0xC9, 0x65, 0x02,
    0x1C, 0x99, 0x7C, 0x22, 0x29, 0xD7, 0xD7, 0x72, 0x89, 0x27, 0x5C, 0xA6, 0x58, 0xFB, 0xD1, 0xAA,
    0xB8, 0x2B, 0xD7, 0x26, 0x42, 0xDE, 0x5A, 0xA6, 0x8D, 0x2D, 0x9B, 0x0D, 0xC5, 0xB8, 0xAC, 0xBF,
    0x6E, 0xCB, 0x66, 0x99, 0x20, 0x97, 0x79, 0xFB, 0xB7, 0xD1, 0xB9, 0x64, 0x2A, 0xE7, 0x90, 0xB2,
    0xA1, 0x82, 0x74, 0x11, 0xD4, 0x10, 0x5A, 0xA6, 0xB3, 0xA3, 0x2D, 0xE7, 0xD6, 0x77, 0x8F, 0xFA,
    0xEB, 0x7B, 0x27, 0x73, 0x6B, 0xFD, 0xCF, 0xE8, 0x32, 0x36, 0xE8, 0x72, 0xC6, 0x56, 0x95, 0xBA,
    0x95, 0x07, 0xF7, 0x8C, 0x0D, 0x94, 0x07, 0x36, 0x8F, 0x73, 0xD9, 0xE5, 0x95, 0x9A, 0xCB, 0xAE,
    0xEB, 0x3A, 0x97, 0xDD, 0xBE, 0x7F, 0x2D, 0x45, 0x02, 0x6D, 0xA9, 0xFC, 0x1F, 0x4A, 0xBD, 0x27,
    0x7B, 0xD8, 0xAA, 0xFF, 0x52, 0x87, 0xCA, 0x66, 0x44, 0xF8, 0x55, 0x6D, 0x0B, 0xCF, 0x31, 0xD6,
    0xB9, 0x95, 0x9F, 0x52, 0xF4, 0x50, 0x37, 0x97, 0x96, 0x5F, 0xD0, 0x33, 0xD2, 0x60, 0xD5, 0x96,
    0xCA, 0x6B, 0xBB, 0xCA, 0xB2, 0xE5, 0xAD, 0xF4, 0x94, 0x33, 0xAC, 0x74, 0x51, 0xF2, 0xB1, 0x19,
    0xD7, 0xE1, 0x26, 0xB1, 0xDE, 0x91, 0xE3, 0x50, 0x07, 0x9A, 0x45, 0x1B, 0x9D, 0x3B, 0xE6, 0xB2,
    0xB9, 0xA8, 0x7B, 0x2F, 0xFE, 0x1D, 0xE5, 0x94, 0x18, 0x68, 0x4C, 0xEC, 0x45, 0xED, 0xFB, 0x55,
    0xFE, 0xFD, 0xB2, 0x33, 0x1C, 0x1D, 0xD1, 0xF0, 0xFA, 0x70, 0x70, 0xE5, 0x12, 0xF4, 0x24, 0x37,
    0x1B, 0x33, 0x8E, 0x8E, 0x7B, 0xB4, 0x9E, 0x8C, 0x6D, 0x80, 0xB3, 0x6D, 0x5B, 0x9F, 0x6B, 0x7C,
    0x7B, 0x57, 0x56, 0xED, 0x2F, 0xCF, 0xFC, 0xC8, 0x01, 0xEE, 0x35, 0x7B, 0x5B, 0x65, 0x91, 0x80,
    0x43, 0x94, 0xFD, 0x7D, 0x53, 0x75, 0xB9, 0x4D, 0xC2, 0xD4, 0x3B, 0x98, 0x76, 0xA7, 0x01, 0xCB,
    0xD4, 0x2C, 0x63, 0xDB, 0x8C, 0x6D, 0xF3, 0xD8, 0xDA, 0x66, 0x01, 0x3E, 0x3A, 0x1D, 0xC4, 0xEE,
    0x94, 0x5E, 0x8F, 0x17, 0x4A, 0x06, 0x23, 0xED, 0x80, 0xDB, 0xC8, 0xCD, 0x03, 0x3E, 0xF8, 0x51,
    0x10, 0xB1, 0x3D, 0xE9, 0x01, 0xB8, 0x92, 0xEF, 0x78, 0xB5, 0x98, 0x20, 0xA5, 0xC1, 0xAD, 0x64,
    0xEA, 0x0F, 0x20, 0xE3, 0x49, 0xF2, 0x00, 0x47, 0x85, 0x61, 0x4D, 0x22, 0x23, 0x5F, 0x04, 0x11,
    0x44, 0xF0, 0x35, 0xC0, 0x05, 0xF3, 0xBE, 0xF4, 0x89, 0x02, 0x95, 0x4B, 0xCB, 0xF0, 0x15, 0xA0,
    0x42, 0x40, 0xC7, 0x6F, 0xC8, 0x82, 0x91, 0x65, 0x1B, 0x8C, 0x4D, 0x7B, 0x61, 0xAD, 0xFB, 0x8E,
    0x46, 0x91, 0xF6, 0x64, 0xC8, 0x0E, 0x3A, 0x9A, 0x45, 0x77, 0xFC, 0xC8, 0x78, 0x2D, 0x28, 0x0B,
    0x1B, 0xB9, 0x14, 0x6B, 0xAA, 0x6A, 0xB2, 0x70, 0xD5, 0xF6, 0x76, 0x0C, 0x13, 0x4F, 0xBA, 0x3C,
    0xBE, 0x8F, 0x3A, 0x7E, 0x7C, 0xC6, 0x47, 0xA5, 0x36, 0x57, 0x8E, 0x3E, 0x8A, 0x8D, 0xD7, 0x63,
    0x39, 0x96, 0x9F, 0x76, 0x79, 0x6F, 0x3D, 0xC6, 0xF7, 0xFD, 0xE5, 0x39, 0xC0, 0xBE, 0xB8, 0xDC,
    0x42, 0xF9, 0xAE, 0x48, 0x24, 0xA6, 0xF8, 0xCF, 0x45, 0xF2, 0xA9, 0xDB, 0x29, 0x67, 0x28, 0x7A,
    0x85, 0x84, 0x75, 0xBA, 0x7C, 0xDC, 0xAD, 0xFF, 0xB2, 0x7E, 0x2D, 0xE4, 0x7C, 0x6D, 0x4D, 0x6F,
    0xE3, 0x8E, 0xFE, 0x3D, 0xF4, 0x7A, 0xC3, 0xF1, 0xAA, 0x11, 0x87, 0x46, 0x77, 0x4C, 0xC3, 0x7F,
    0x7A, 0xA4, 0x40, 0xFF, 0x5B, 0xCE, 0xD5, 0x36, 0xD7, 0xD6, 0xDC, 0xF9, 0x9F, 0xFB, 0xFC, 0x73,
    0x57, 0x7F, 0xEE, 0xE1, 0xFF, 0x3F, 0xED, 0x5D, 0xBF, 0xB3, 0xE5, 0x46, 0x56, 0xD6, 0x8F, 0xF5,
    0x88, 0x42, 0x81, 0x08, 0xF0, 0x06, 0x7E, 0x54, 0x89, 0x98, 0x02, 0x94, 0x12, 0x98, 0x92, 0x28,
    0xFE, 0x01, 0x07, 0x9E, 0x64, 0x37, 0x20, 0x22, 0xB1, 0x83, 0x49, 0x09, 0xA8, 0x92, 0xAA, 0x08,
    0x09, 0x76, 0x08, 0xF8, 0x0F, 0xEC, 0x2A, 0x3C, 0x89, 0x13, 0x02, 0x02, 0x58, 0x69, 0x8B, 0x80,
    0x80, 0x60, 0x05, 0x54, 0x91, 0xA2, 0x5A, 0x4C, 0x60, 0x27, 0x16, 0x70, 0xB7, 0xB8, 0xE3, 0x95,
    0x6E, 0xA3, 0xFE, 0x71, 0xFA, 0x7C, 0x47, 0xF7, 0xDE, 0xE7, 0x19, 0xCF, 0x9B, 0x99, 0x37, 0xE3,
    0xBE, 0x55, 0xEF, 0xA9, 0xBF, 0xDB, 0xF7, 0xEA, 0xB6, 0xFA, 0xC7, 0x39, 0xDF, 0x39, 0xDD, 0x7D,
    0x3A, 0x8A, 0xF8, 0x55, 0xAB, 0xD9, 0x5E, 0x9A, 0x28, 0x6A, 0xD5, 0xE1, 0x55, 0xA4, 0x4B, 0x48,
    0x27, 0x2A, 0xF2, 0xE9, 0xF4, 0xC4, 0xE9, 0x6C, 0xE5, 0x74, 0xB1, 0x40, 0xFA, 0xC0, 0xE9, 0x6A,
    0xE6, 0x74, 0x3D, 0x71, 0xBA, 0x1D, 0x38, 0xAD, 0x3A, 0x4E, 0xBF, 0x1B, 0x71, 0x3A, 0x0A, 0xE9,
    0x90, 0xBE, 0x3D, 0xBD, 0x3E, 0x74, 0xAF, 0x0F, 0x5B, 0xE5, 0x5F, 0xCB, 0x8B, 0xA4, 0x6B, 0x48,
    0xD3, 0xE8, 0x1B, 0xB6, 0x5F, 0xFA, 0x2E, 0xFF, 0x6B, 0xF3, 0x3F, 0x3D, 0xE9, 0xFF, 0xD9, 0xA2,
    0xFF, 0x17, 0xE6, 0x7F, 0x79, 0xD0, 0xFF, 0xAB, 0xD9, 0x7C, 0x66, 0xD4, 0xFF, 0xFB, 0x41, 0xFF,
    0x57, 0xDD, 0xF6, 0x3F, 0x56, 0xE6, 0x17, 0x3F, 0x34, 0xFF, 0xA3, 0x17, 0xFA, 0xDF, 0x7E, 0x8F,
    0xFF, 0xDB, 0x1A, 0x88, 0xCE, 0xA5, 0x68, 0x18, 0x35, 0x77, 0x9C, 0x7E, 0xF2, 0xE4, 0x13, 0x9F,
    0xD6, 0x83, 0xE6, 0xD5, 0xA5, 0x0F, 0xA1, 0xFE, 0xDF, 0x18, 0x29, 0x4A, 0x03, 0xF2, 0xED, 0xBB,
    0xB4, 0x2F, 0x70, 0xF9, 0xE8, 0xC9, 0xDF, 0xE8, 0x8B, 0xA9, 0xBD, 0xEF, 0x7E, 0x69, 0xED, 0xE5,
    0x05, 0xCB, 0xF2, 0x72, 0x2F, 0xE7, 0xF2, 0xD8, 0x0D, 0x62, 0x78, 0x3B, 0x56, 0x6A, 0x0C, 0xE8,
    0x55, 0xA2, 0x07, 0x13, 0xA0, 0x07, 0xA4, 0x20, 0x35, 0x7A, 0xA0, 0x00, 0xFD, 0xBB, 0x42, 0xA4,
    0xAE, 0xA1, 0xC4, 0x22, 0x7B, 0xCF, 0xB8, 0x37, 0xE0, 0x29, 0x09, 0x19, 0xFD, 0x3A, 0xF9, 0x56,
    0xD7, 0xA0, 0x01, 0xE4, 0x81, 0x41, 0x63, 0xF4, 0x4C, 0xE8, 0xAF, 0x10, 0x7D, 0x10, 0x5A, 0xF3,
    0xCE, 0xD1, 0x2F, 0x49, 0x31, 0x7C, 0x40, 0x2D, 0xED, 0x9A, 0xFB, 0x6E, 0x50, 0x24, 0x91, 0x7B,
    0x15, 0x36, 0x5D, 0xBE, 0xE9, 0x97, 0x5F, 0xB3, 0x97, 0x3F, 0x37, 0x97, 0x78, 0x31, 0x97, 0xDC,
    0x5E, 0x6A, 0x7B, 0x51, 0xE6, 0xF2, 0x7F, 0xF6, 0xA2, 0xE9, 0x8C, 0xB9, 0x8C, 0xF6, 0xD2, 0x98,
    0xCB, 0x62, 0x6E, 0x66, 0x6E, 0xBA, 0x5D, 0x3A, 0x73, 0x39, 0x59, 0x79, 0x6A, 0x6D, 0x67, 0x93,
    0x95, 0xFA, 0x4F, 0xE8, 0x4B, 0x6F, 0x2E, 0x89, 0xAD, 0xD4, 0xC2, 0x5E, 0x6A, 0xBA, 0x7C, 0x6D,
    0x2E, 0x27, 0x53, 0xCE, 0xFA, 0x68, 0x2F, 0xA3, 0xBD, 0x34, 0xE6, 0xF2, 0xBE, 0x7D, 0x86, 0xDF,
    0x7E, 0x05, 0xB5, 0x54, 0x89, 0x8B, 0x7B, 0xB3, 0x70, 0xF2, 0xC3, 0xBD, 0x7E, 0x43, 0xA8, 0x8B,
    0x07, 0xB3, 0x80, 0xFD, 0x01, 0xD1, 0x8D, 0xE7, 0x1A, 0x4E, 0x18, 0x21, 0x7C, 0xA4, 0xD4, 0xCA,
    0x28, 0x07, 0x61, 0xE4, 0x44, 0x15, 0xDF, 0xAA, 0x62, 0xB1, 0xA5, 0x7F, 0x52, 0x48, 0x27, 0x53,
    0x91, 0x1D, 0x1A, 0x15, 0xEA, 0x31, 0xFC, 0x4A, 0xA9, 0xBE, 0xC0, 0x12, 0x15, 0x47, 0x51, 0xDC,
    0x77, 0xA2, 0xD7, 0xFE, 0xAA, 0xA1, 0x76, 0x37, 0x95, 0x8C, 0x3C, 0xD0, 0xC0, 0x45, 0xC2, 0x93,
    0x84, 0xAA, 0x91, 0x70, 0x90, 0x70, 0x92, 0xF0, 0x20, 0xE1, 0x22, 0xE1, 0x49, 0x42, 0x7F, 0x6B,
    0x07, 0x07, 0x09, 0x67, 0x09, 0x0F, 0x12, 0x2E, 0x12, 0x2A, 0x84, 0x5F, 0xFB, 0xF6, 0x32, 0xF0,
    0x9F, 0xFD, 0xAD, 0x0D, 0xFC, 0x47, 0x7F, 0x6B, 0x03, 0x7F, 0xA6, 0xD4, 0x11, 0xE0, 0xD0, 0x53,
    0xA7, 0xB1, 0xB0, 0xA6, 0x5B, 0x5B, 0x58, 0xD0, 0xAD, 0x2D, 0xCC, 0x48, 0x7C, 0x5A, 0x98, 0xD2,
    0xAD, 0x2D, 0x8C, 0xE8, 0xD6, 0x0E, 0xB6, 0xEE, 0xD6, 0x0E, 0x56, 0xEE, 0xD6, 0x0E, 0xD2, 0xAD,
    0x1D, 0xA4, 0x5B, 0x3B, 0x98, 0x28, 0xF2, 0x08, 0x1A, 0x18, 0xB9, 0x1A, 0x20, 0xE8, 0x6E, 0x4D,
    0xD0, 0xDD, 0x9A, 0x60, 0xA1, 0xC8, 0x40, 0x36, 0xD0, 0xDD, 0x9A, 0xA0, 0xBB, 0x35, 0x41, 0x77,
    0x6B, 0x0F, 0x6B, 0xD3, 0x6E, 0x1E, 0x96, 0xE6, 0xD6, 0x1E, 0xDA, 0x5B, 0x7B, 0x98, 0x9A, 0x2E,
    0xE1, 0x61, 0x6C, 0xDA, 0xCD, 0xC3, 0x4D, 0x4E, 0x2D, 0x08, 0xCD, 0xAD, 0x19, 0x96, 0xBA, 0x4B,
    0x30, 0xCC, 0x95, 0x71, 0xA8, 0x10, 0x34, 0xB7, 0x66, 0x68, 0x6E, 0xCD, 0xD0, 0xDC, 0x1A, 0xA0,
    0xBE, 0x35, 0xC0, 0xAD, 0x98, 0x0D, 0x40, 0x7D, 0x6B, 0x80, 0xBA, 0xDD, 0x00, 0x6A, 0x3B, 0x13,
    0x61, 0xAB, 0xAD, 0x1B, 0x86, 0xC6, 0xD2, 0x61, 0x58, 0x48, 0x98, 0x49, 0x98, 0x48, 0x18, 0xED,
    0x60, 0x2B, 0x61, 0x25, 0x61, 0x21, 0x61, 0x26, 0x61, 0x22, 0x61, 0xB4, 0x83, 0xB5, 0x84, 0x95,
    0x84, 0x85, 0x84, 0xA9, 0x84, 0xB1, 0x84, 0x91, 0xA9, 0xAE, 0x0E, 0x24, 0x83, 0x4F, 0xFF, 0x00,
    0x24, 0xCD, 0x3F, 0x80, 0x54, 0x3C, 0xA1, 0x54, 0x06, 0xC3, 0xD3, 0x0F, 0xFA, 0x9C, 0xA5, 0xAA,
    0xA1, 0x08, 0x03, 0xD7, 0xC0, 0x09, 0x6A, 0xD2, 0x7D, 0x5C, 0x8B, 0xEB, 0xC7, 0xFC, 0xC5, 0x2F,
    0xB8, 0x46, 0x8E, 0xFC, 0x08, 0x2C, 0xC1, 0x13, 0x10, 0xDF, 0x51, 0xF3, 0xD2, 0x45, 0xEC, 0xA6,
    0x4D, 0x1E, 0x53, 0xB5, 0xF4, 0xB6, 0xD0, 0xBA, 0xF6, 0x72, 0xC7, 0x72, 0x74, 0xDA, 0x50, 0xE3,
    0xD5, 0xA4, 0x33, 0x4B, 0x7F, 0x1A, 0x9D, 0xAE, 0x6C, 0x7A, 0xD4, 0xE9, 0xED, 0xC1, 0x9F, 0x98,
    0x2F, 0xB4, 0xEA, 0x9F, 0x74, 0xB6, 0x79, 0x38, 0x2D, 0xCD, 0x26, 0xD7, 0xBD, 0x49, 0x66, 0x96,
    0xDB, 0x8D, 0x5A, 0xF7, 0xE4, 0xF9, 0x56, 0x5B, 0x24, 0x96, 0xB7, 0x46, 0x8C, 0x48, 0x80, 0xDB,
    0xF4, 0x91, 0xEA, 0x77, 0x4B, 0x8F, 0x94, 0x6E, 0xA0, 0x9F, 0x87, 0xF4, 0x1B, 0x9C, 0xF6, 0xC3,
    0x10, 0x46, 0x58, 0x50, 0xFA, 0x41, 0xE9, 0x07, 0xA5, 0x1F, 0x94, 0xFE, 0x4B, 0x55, 0xFA, 0xAF,
    0xE8, 0xF5, 0xE4, 0x33, 0xE9, 0x38, 0x3C, 0xBD, 0x1E, 0x98, 0x49, 0x98, 0x2F, 0x02, 0x16, 0xC2,
    0x20, 0xB5, 0xB3, 0xDF, 0x20, 0x87, 0x47, 0x69, 0xBD, 0xCA, 0x2A, 0xDC, 0x89, 0xED, 0x35, 0x90,
    0x8A, 0x90, 0xBE, 0xC7, 0xA4, 0xE2, 0xCE, 0x5E, 0xC9, 0x93, 0x4F, 0x22, 0x16, 0x42, 0xC7, 0x97,
    0x9A, 0x8E, 0x4A, 0x4C, 0xC3, 0xE8, 0xAC, 0xC1, 0xE9, 0xD4, 0xC3, 0x94, 0x04, 0x93, 0x9F, 0xCD,
    0x8C, 0xE0, 0xB7, 0x53, 0x18, 0xF6, 0xE9, 0xE1, 0xEA, 0x93, 0x19, 0x35, 0xDA, 0x7B, 0x51, 0xA9,
    0xC7, 0x56, 0xC2, 0xF2, 0xA4, 0xDA, 0x06, 0x4C, 0xCE, 0x85, 0xD3, 0xC9, 0x8A, 0xE9, 0x94, 0xFE,
    0x20, 0x70, 0xAF, 0x48, 0xD3, 0x96, 0x15, 0x3D, 0x4D, 0xE8, 0xB2, 0x32, 0x8A, 0x61, 0x14, 0xF3,
    0x2A, 0x4A, 0x32, 0x40, 0x21, 0xA7, 0x72, 0x35, 0x47, 0xF7, 0xF8, 0x15, 0xF8, 0x6A, 0xE0, 0xAB,
    0x81, 0xAF, 0x06, 0xBE, 0xFA, 0x32, 0xF9, 0x6A, 0x6B, 0x27, 0x58, 0x66, 0x12, 0xC4, 0x34, 0x4F,
    0x9D, 0x6D, 0x03, 0x20, 0x76, 0xDD, 0x5C, 0x5F, 0x33, 0x1A, 0xB7, 0x86, 0x4A, 0x4D, 0x54, 0x94,
    0x83, 0x97, 0xEA, 0x29, 0x4E, 0x25, 0x28, 0x70, 0x41, 0x55, 0x20, 0x91, 0x73, 0x90, 0x4A, 0xB1,
    0x5A, 0x5F, 0x8F, 0x58, 0x0D, 0x1C, 0x32, 0xA4, 0xEF, 0x15, 0x87, 0xAC, 0xC4, 0xA0, 0x7C, 0x53,
    0x50, 0x22, 0x50, 0xAC, 0x1A, 0x91, 0x87, 0xCF, 0x97, 0x0A, 0x5B, 0x31, 0x5B, 0xAF, 0x1B, 0x8E,
    0xC5, 0x72, 0x69, 0xDA, 0xF0, 0xC6, 0x38, 0xB1, 0xCB, 0x83, 0x61, 0xB0, 0xB9, 0x65, 0x14, 0xD5,
    0x6C, 0x24, 0x52, 0x6F, 0x19, 0x44, 0x6D, 0x50, 0xEE, 0x46, 0x67, 0x3D, 0x66, 0x6E, 0xFC, 0x99,
    0xB5, 0x71, 0xDB, 0x10, 0x5E, 0xDC, 0x92, 0x8C, 0x75, 0x23, 0xB5, 0x1B, 0xDA, 0x44, 0xE8, 0x57,
    0x9F, 0x5B, 0xEA, 0x91, 0xE9, 0x35, 0x43, 0x07, 0x23, 0xCE, 0x3B, 0x8D, 0x4E, 0x66, 0x44, 0x1A,
    0x05, 0x66, 0xA4, 0xF6, 0xC1, 0xAF, 0x07, 0xC8, 0xC8, 0x37, 0xDF, 0xEB, 0x21, 0x9E, 0x11, 0x91,
    0x31, 0xCB, 0x29, 0x33, 0xE2, 0x53, 0x84, 0xBA, 0xC8, 0x4F, 0xE5, 0x66, 0x24, 0xE7, 0x4A, 0x7D,
    0x33, 0x2F, 0x47, 0x8B, 0x80, 0x02, 0xB2, 0xC8, 0x5B, 0x66, 0xC5, 0x99, 0x3D, 0xF2, 0x9C, 0x26,
    0x80, 0x7A, 0x2E, 0x13, 0x60, 0x96, 0xF0, 0x28, 0xE1, 0xBA, 0xE3, 0xFC, 0x3B, 0xD8, 0x49, 0x38,
    0xDE, 0x6A, 0x02, 0xEC, 0x38, 0xFF, 0x7A, 0xBB, 0x09, 0x30, 0x48, 0x13, 0x60, 0x92, 0x26, 0xC0,
    0x41, 0x9A, 0x00, 0x8B, 0x34, 0x01, 0x4E, 0x3B, 0x13, 0xA0, 0x91, 0x26, 0xC0, 0x20, 0x4D, 0x80,
    0x09, 0x60, 0x42, 0xB7, 0xF6, 0x26, 0xC0, 0x22, 0x4D, 0x00, 0xB5, 0x33, 0x01, 0x3A, 0x69, 0x02,
    0x0C, 0xD2, 0x04, 0x98, 0xA5, 0x09, 0x70, 0x94, 0x26, 0x80, 0xE0, 0xFC, 0xB5, 0xE4, 0xFC, 0x6E,
    0x81, 0x0B, 0xC1, 0x5C, 0x72, 0xFE, 0x54, 0x72, 0xFE, 0x78, 0xC7, 0xF9, 0xAD, 0x11, 0x04, 0x26,
    0xC0, 0x6D, 0x9C, 0x3F, 0x97, 0x9C, 0x3F, 0xDD, 0x71, 0x7E, 0x25, 0x39, 0x7F, 0x2B, 0x39, 0x7F,
    0x25, 0x39, 0x7F, 0x21, 0x39, 0xBF, 0xA9, 0x01, 0x86, 0xC9, 0x8E, 0xF3, 0xAB, 0x3D, 0xE7, 0x57,
    0x08, 0x75, 0x0D, 0x48, 0x13, 0x60, 0xBC, 0xCE, 0xF9, 0xB7, 0x1A, 0x38, 0x22, 0xC9, 0xDF, 0x6A,
    0xA0, 0xBD, 0xCE, 0xF9, 0x4B, 0x09, 0x73, 0x09, 0xD3, 0xB7, 0x85, 0xF3, 0xDF, 0x62, 0x02, 0x28,
    0xB9, 0x02, 0xF5, 0xEE, 0x60, 0x2C, 0x61, 0x2A, 0x16, 0x08, 0xE9, 0xEA, 0x68, 0xC4, 0x0A, 0x21,
    0x2F, 0x50, 0x92, 0xA7, 0x66, 0xB2, 0x1B, 0xBE, 0x07, 0x22, 0xC2, 0xC1, 0x45, 0xC2, 0x59, 0xC2,
    0x51, 0xC2, 0x46, 0x40, 0xF0, 0x74, 0x7D, 0x2C, 0x17, 0x2D, 0x45, 0xEF, 0xFE, 0x69, 0x73, 0xC5,
    0x28, 0xD0, 0x53, 0xE5, 0x35, 0x18, 0x05, 0x35, 0x18, 0x05, 0x35, 0x18, 0x05, 0xB5, 0x37, 0x0A,
    0x4C, 0xE7, 0xF7, 0x46, 0x41, 0xBD, 0x19, 0x05, 0x27, 0x67, 0x14, 0xD4, 0x60, 0x14, 0xD4, 0xCE,
    0x48, 0xAA, 0xB6, 0x1B, 0xD5, 0x4E, 0xE0, 0x14, 0xC6, 0xE0, 0xF5, 0xC3, 0xC6, 0x99, 0xED, 0xD6,
    0x28, 0xA8, 0x5D, 0xF1, 0x13, 0x93, 0x9E, 0xBC, 0x51, 0x50, 0x0B, 0x62, 0x79, 0xF7, 0xE9, 0x40,
    0xDA, 0x5F, 0x95, 0x51, 0xC0, 0x69, 0x18, 0x56, 0xCF, 0x9B, 0xC6, 0x31, 0x78, 0x71, 0x8D, 0x49,
    0x0A, 0xDE, 0xC1, 0x02, 0x0C, 0x6F, 0x66, 0x10, 0x15, 0x0C, 0x15, 0xD4, 0xE0, 0x3D, 0x8C, 0xAF,
    0x1E, 0x06, 0x57, 0x0F, 0x63, 0x14, 0xDD, 0x89, 0x95, 0x5F, 0x71, 0x52, 0xDA, 0x81, 0x71, 0x8C,
    0x24, 0x5E, 0x40, 0xC6, 0x3D, 0x17, 0xDE, 0x7F, 0xFF, 0x1D, 0x5A, 0x93, 0xFB, 0xD6, 0xBC, 0x1E,
    0x29, 0xF5, 0x4D, 0x83, 0xF6, 0x16, 0x0A, 0xC2, 0x28, 0xC3, 0x65, 0xE5, 0x11, 0xAD, 0x25, 0xF7,
    0x0D, 0x9B, 0xD2, 0x12, 0xE2, 0x51, 0x54, 0x97, 0xAF, 0xB0, 0xDE, 0xAF, 0x31, 0xF6, 0xFA, 0xE8,
    0x9B, 0x26, 0x7E, 0x44, 0x5F, 0xC8, 0xDD, 0xF2, 0x4E, 0xF2, 0x05, 0x57, 0xEE, 0x97, 0xC8, 0xD0,
    0xF1, 0x6C, 0xB2, 0xB7, 0x37, 0xF0, 0xF7, 0xB5, 0x74, 0xC5, 0x3B, 0x50, 0x9D, 0x8F, 0x32, 0xF7,
    0xCA, 0x20, 0xA6, 0xF5, 0xB7, 0x7E, 0x5E, 0x41, 0x77, 0x89, 0x0A, 0xF9, 0xE5, 0x22, 0x3C, 0xF3,
    0x66, 0x65, 0x6F, 0xCF, 0x4C, 0xD7, 0x7C, 0x15, 0x64, 0xBE, 0x36, 0xAF, 0x62, 0x29, 0xF4, 0xB5,
    0xFF, 0x76, 0x80, 0x7E, 0x3F, 0xA2, 0xF2, 0xD9, 0x3E, 0x3B, 0x65, 0x72, 0xBC, 0xCC, 0x39, 0x1A,
    0xE1, 0xBD, 0x9A, 0x0B, 0xC4, 0x1B, 0xCB, 0x2E, 0x70, 0xBA, 0x73, 0x13, 0xC2, 0x25, 0x3A, 0xAB,
    0xB6, 0xB2, 0x56, 0x3B, 0x2C, 0x26, 0x16, 0xAA, 0x33, 0xBC, 0x0A, 0x5C, 0x9E, 0xE1, 0x53, 0x2B,
    0x26, 0x67, 0x76, 0xB8, 0x38, 0xC3, 0xEA, 0x5E, 0xE1, 0xAD, 0xBC, 0xFB, 0xE7, 0xB9, 0xF5, 0x79,
    0xAB, 0x33, 0xBC, 0xD5, 0xE7, 0x72, 0x6B, 0xFD, 0x96, 0xBB, 0xF6, 0x38, 0x6F, 0x2F, 0xD9, 0x9E,
    0xF9, 0xAE, 0xBD, 0x33, 0x25, 0x18, 0xD0, 0xB4, 0xEF, 0x2F, 0xC9, 0xAE, 0x3F, 0xED, 0xFB, 0x5B,
    0xA4, 0x76, 0xFD, 0xB1, 0xDD, 0xF5, 0xD7, 0x1A, 0xE7, 0x48, 0x16, 0xC1, 0x6F, 0x7A, 0xE7, 0xB6,
    0x10, 0xE3, 0x61, 0x3F, 0x5E, 0xE2, 0xDD, 0x78, 0xD2, 0xC3, 0x4C, 0x8C, 0xB7, 0xCA, 0x95, 0x80,
    0xC6, 0x63, 0x61, 0xB9, 0x4C, 0xDC, 0xBB, 0x1B, 0x19, 0xFF, 0xEB, 0x5F, 0x3F, 0xEC, 0xFD, 0x74,
    0xCC, 0x6E, 0xBC, 0xB3, 0x3C, 0x38, 0x82, 0x7F, 0x1B, 0xD9, 0x53, 0xAB, 0x24, 0xF3, 0x7A, 0x20,
    0xB3, 0xB5, 0x1F, 0x46, 0xD2, 0xA9, 0xE8, 0x3D, 0xA5, 0xFE, 0x0B, 0x46, 0x99, 0x79, 0x75, 0x78,
    0xEF, 0xE1, 0xBB, 0x82, 0xC8, 0x6D, 0xB8, 0x78, 0x03, 0x84, 0xF6, 0x26, 0x42, 0x9F, 0x36, 0x20,
    0xC1, 0xBD, 0xFE, 0xCB, 0xB0, 0xFA, 0x5A, 0xA8, 0xDB, 0x04, 0xAB, 0xAA, 0xC0, 0x8D, 0x1F, 0x1B,
    0x0D, 0x7C, 0xFA, 0x47, 0x8F, 0x5C, 0x0B, 0xDB, 0x8F, 0x5B, 0xBB, 0xD3, 0xCE, 0xCE, 0xB8, 0x5E,
    0x54, 0xD8, 0xAE, 0x11, 0x9B, 0xF7, 0x2A, 0x6F, 0xA6, 0x1E, 0x78, 0x6F, 0x6F, 0x61, 0x7D, 0x63,
    0xA3, 0x2B, 0xC7, 0x49, 0x7F, 0xB6, 0xF3, 0xA4, 0x32, 0xF5, 0x7D, 0x73, 0x7B, 0x97, 0x99, 0x41,
    0xAF, 0x86, 0xDC, 0xF7, 0xEA, 0x56, 0x8D, 0x85, 0x6F, 0xEB, 0x8D, 0x79, 0x16, 0xBE, 0xFF, 0x57,
    0x6A, 0x2E, 0xFD, 0xE0, 0x28, 0xD5, 0xA1, 0xF2, 0xA0, 0xD0, 0x93, 0x2F, 0x93, 0x07, 0x47, 0x06,
    0xB9, 0x96, 0x88, 0x23, 0x83, 0xF6, 0x32, 0xC8, 0xFC, 0x06, 0xBE, 0x6F, 0x07, 0xE3, 0x25, 0xB0,
    0xFF, 0x9D, 0x5D, 0x09, 0x44, 0xD9, 0xB8, 0xD4, 0xC7, 0x0A, 0x9F, 0xA7, 0xC4, 0x27, 0x2D, 0xC0,
    0x75, 0x31, 0xE7, 0x00, 0xC6, 0x0C, 0xEB, 0x4D, 0xD4, 0xA8, 0xAF, 0xEB, 0xC4, 0x2A, 0x2E, 0x6E,
    0x85, 0xAD, 0x56, 0xA1, 0x7D, 0x44, 0xCB, 0xB9, 0x36, 0x8D, 0x94, 0x73, 0x2E, 0x72, 0x6B, 0xC7,
    0x56, 0xC5, 0x3B, 0x31, 0xB0, 0x75, 0x87, 0xA7, 0x0F, 0xA9, 0x87, 0x94, 0xD8, 0x77, 0x52, 0xEC,
    0x55, 0xA2, 0xBF, 0x79, 0xC7, 0xE8, 0x79, 0x1F, 0x8D, 0xE2, 0xCF, 0x61, 0x85, 0xF0, 0xFE, 0x65,
    0xA2, 0x5F, 0x44, 0xFD, 0xC2, 0x92, 0xCF, 0xCC, 0x32, 0x2E, 0x62, 0xFE, 0x3C, 0xC5, 0xD5, 0xC6,
    0xAB, 0x9F, 0x4C, 0x72, 0x15, 0xF0, 0x38, 0xDE, 0x6F, 0x5C, 0x43, 0xC9, 0x5C, 0x4B, 0x86, 0x63,
    0x0B, 0x7A, 0x10, 0x26, 0xA5, 0xB4, 0xD8, 0x6E, 0xA4, 0x00, 0xDA, 0x44, 0xD0, 0xA7, 0x81, 0xD1,
    0x05, 0x46, 0x17, 0x18, 0x5D, 0x60, 0x74, 0x81, 0xD1, 0xDD, 0x31, 0xA3, 0x13, 0xAF, 0xC4, 0x94,
    0xA9, 0xA0, 0x15, 0x1C, 0x0B, 0x4C, 0x07, 0x2A, 0x1B, 0x0B, 0x89, 0x7E, 0xB2, 0xE3, 0xB5, 0x5D,
    0xDA, 0x7B, 0x55, 0xF2, 0x54, 0x07, 0x78, 0xEE, 0x52, 0xA0, 0x7A, 0x4E, 0x2D, 0xA0, 0x99, 0x7F,
    0x40, 0x05, 0xC0, 0xCD, 0xFE, 0xCE, 0x93, 0xD7, 0x6C, 0xEC, 0x07, 0xAE, 0x17, 0xB8, 0xDE, 0x5B,
    0xCA, 0xF5, 0x74, 0xBE, 0xAE, 0x74, 0x58, 0x3D, 0x99, 0x69, 0xA9, 0x06, 0x33, 0x92, 0x7A, 0xD1,
    0x28, 0xCE, 0xD0, 0xB7, 0xC6, 0x19, 0x2E, 0x7D, 0x8F, 0x30, 0x5C, 0x33, 0xDB, 0xFD, 0x1A, 0x96,
    0xB2, 0x8B, 0xF0, 0x3D, 0xD6, 0x66, 0x55, 0xD8, 0x0C, 0x42, 0xBC, 0xC3, 0x19, 0x05, 0x4D, 0x26,
    0x13, 0xE1, 0xB6, 0x9C, 0xB7, 0x87, 0x13, 0xF3, 0x9F, 0x76, 0xC5, 0x12, 0x7D, 0xDD, 0x70, 0x0C,
    0xF0, 0x78, 0x1E, 0xB7, 0xAF, 0xE3, 0xF2, 0xD7, 0x71, 0xC3, 0x13, 0x4C, 0x5E, 0xE8, 0x8A, 0x06,
    0x6E, 0xF6, 0xBE, 0xFB, 0x0B, 0xDC, 0x2F, 0x70, 0xBF, 0xC0, 0xFD, 0x02, 0xF7, 0x0B, 0xDC, 0x0F,
    0x5F, 0xBF, 0xBB, 0xFD, 0xFD, 0x16, 0x81, 0x9F, 0xEA, 0xFB, 0xFB, 0xFA, 0x6E, 0xB6, 0xC7, 0xED,
    0xE8, 0xE9, 0xC7, 0xED, 0x6F, 0xA2, 0x22, 0xCE, 0x91, 0xA7, 0x12, 0xAD, 0x99, 0x14, 0x9D, 0xA9,
    0xCE, 0x58, 0xD2, 0x6B, 0x5D, 0x99, 0xF2, 0x53, 0x1D, 0x22, 0x4F, 0x45, 0xB4, 0xAA, 0xF7, 0x1A,
    0x1E, 0x75, 0x8B, 0x16, 0xED, 0x29, 0xD3, 0xCA, 0x89, 0x63, 0x65, 0xE8, 0xD0, 0x9D, 0x7E, 0x95,
    0x9A, 0x8E, 0x2E, 0x52, 0xD1, 0xF3, 0x17, 0xB3, 0xFD, 0xB3, 0xBF, 0xA9, 0x45, 0xDC, 0x10, 0x88,
    0x60, 0x20, 0x82, 0x81, 0x08, 0x7E, 0x1B, 0x85, 0xF9, 0xF2, 0x5A, 0x86, 0x72, 0x4F, 0xE0, 0x5F,
    0x0D, 0xD0, 0x9A, 0xEE, 0x3C, 0xC7, 0x09, 0xA4, 0xC3, 0x59, 0x8E, 0xA7, 0x3A, 0x67, 0x39, 0x5E,
    0xC8, 0x0D, 0xFB, 0x1C, 0x2F, 0x0E, 0x0F, 0xBB, 0x9C, 0xD4, 0x13, 0xA1, 0x65, 0x97, 0x53, 0x30,
    0x25, 0x2A, 0xE4, 0x5A, 0x14, 0x22, 0x47, 0xDB, 0x77, 0x7F, 0x22, 0xB7, 0x39, 0x7A, 0xB1, 0xDD,
    0xAA, 0xFF, 0x10, 0x39, 0x2C, 0xE0, 0x0B, 0x11, 0x42, 0x07, 0x55, 0x41, 0xBA, 0xCB, 0xC9, 0x85,
    0xC1, 0x8B, 0x39, 0x05, 0xAE, 0xAE, 0x13, 0x39, 0xA0, 0x39, 0x4B, 0x99, 0x03, 0x3A, 0xB7, 0x90,
    0x39, 0x40, 0xB6, 0x32, 0x99, 0x23, 0x17, 0xCE, 0x9C, 0xD0, 0xBA, 0x67, 0xC5, 0x10, 0x8B, 0x1C,
    0x54, 0xAD, 0xD1, 0x3E, 0xA7, 0x83, 0xDF, 0x84, 0x9C, 0x4C, 0xEE, 0xD7, 0x3A, 0x5D, 0x7C, 0x50,
    0xA1, 0x64, 0x6F, 0xCF, 0x39, 0x61, 0x7D, 0x9C, 0x04, 0x13, 0xB9, 0x92, 0x53, 0xC9, 0x2D, 0x62,
    0xA7, 0x8B, 0xD5, 0x76, 0x5B, 0x4E, 0xF1, 0xA2, 0x39, 0x7B, 0xCA, 0x77, 0x35, 0x47, 0x5D, 0xCF,
    0x61, 0xC2, 0xFF, 0x26, 0xE5, 0x7C, 0x87, 0x3A, 0xB8, 0xCB, 0x56, 0x78, 0xC6, 0xD6, 0xAE, 0x24,
    0x65, 0xBD, 0xD6, 0x77, 0x76, 0xFD, 0xED, 0xF4, 0x1D, 0x7A, 0xAF, 0xA8, 0x90, 0x93, 0x10, 0x07,
    0xCD, 0xD5, 0xF1, 0xD3, 0x5D, 0x1D, 0x73, 0x57, 0x46, 0x23, 0x8E, 0xE0, 0xE4, 0x19, 0x47, 0x3D,
    0xD2, 0xE0, 0x9D, 0xA4, 0x68, 0xAF, 0x4A, 0x97, 0x1A, 0x37, 0x6E, 0x8A, 0x1C, 0x20, 0xC9, 0xED,
    0x99, 0x7C, 0xBB, 0x22, 0xF9, 0xAE, 0x4B, 0xCB, 0xEB, 0x12, 0x16, 0xA5, 0xF2, 0xD7, 0x32, 0xA7,
    0x66, 0x5A, 0xFD, 0x73, 0x99, 0xE3, 0x08, 0xB6, 0xFE, 0xEE, 0x96, 0xA4, 0x78, 0x7E, 0x0F, 0x1B,
    0xA4, 0xDA, 0x2B, 0x6A, 0x8C, 0xE9, 0xAA, 0x96, 0x99, 0x22, 0xBF, 0x36, 0x49, 0x69, 0xC2, 0x24,
    0x73, 0x2E, 0x6B, 0xB3, 0xE9, 0xAA, 0x06, 0x9C, 0x40, 0x6B, 0x36, 0xE7, 0x39, 0xF6, 0x97, 0xBE,
    0x88, 0x2E, 0xE4, 0xE8, 0xE5, 0x8C, 0x9F, 0x5C, 0x23, 0xA7, 0x9E, 0xD3, 0x9F, 0x1E, 0xA3, 0xCE,
    0x3E, 0xB2, 0x2D, 0xD0, 0x21, 0x61, 0xED, 0x7C, 0xF9, 0x8E, 0x48, 0x5D, 0x8F, 0xFC, 0x40, 0x62,
    0x5E, 0x9F, 0x75, 0xF3, 0x8C, 0xF2, 0x60, 0xF4, 0x55, 0xB6, 0x22, 0xB1, 0x3D, 0x98, 0x1E, 0xD9,
    0xC4, 0xAE, 0xDD, 0x88, 0xDA, 0xAC, 0x7A, 0x08, 0x74, 0x64, 0x32, 0x31, 0xD9, 0x25, 0x97, 0x71,
    0xEF, 0x3C, 0x0D, 0x8E, 0xF6, 0x0E, 0x8E, 0xCA, 0x55, 0x92, 0x46, 0x4D, 0x6E, 0x07, 0x5A, 0x66,
    0xED, 0x36, 0xA2, 0x5A, 0xBF, 0x74, 0xCD, 0x6F, 0xE8, 0x18, 0x93, 0x62, 0xF0, 0x9F, 0x74, 0x48,
    0x8F, 0x61, 0x63, 0x29, 0xD2, 0x3A, 0xAA, 0xE9, 0x4A, 0xDB, 0x98, 0x4C, 0xFD, 0x78, 0x03, 0xE1,
    0x8C, 0xE4, 0x99, 0xAA, 0x34, 0x97, 0x14, 0x92, 0x86, 0x79, 0xA6, 0xBB, 0x11, 0xD3, 0x4C, 0xC5,
    0x8E, 0x2A, 0xA4, 0xD6, 0xFC, 0xF6, 0x82, 0x24, 0x9B, 0xFD, 0x42, 0x82, 0xD2, 0x9E, 0xFC, 0x90,
    0x5F, 0x91, 0xF6, 0xAE, 0xF8, 0x36, 0x53, 0xE3, 0x93, 0xEB, 0xF2, 0x99, 0x76, 0x41, 0x8C, 0x38,
    0xE7, 0xEA, 0x5E, 0x27, 0xA4, 0xD8, 0xE2, 0xED, 0xE1, 0x85, 0xDF, 0x5E, 0xF1, 0xDE, 0x27, 0x3F,
    0x02, 0x3F, 0x10, 0x44, 0x1E, 0x87, 0xF2, 0x95, 0xB7, 0xA7, 0xDB, 0xDF, 0x2E, 0xA4, 0xAF, 0x61,
    0xBE, 0xF4, 0x36, 0x52, 0x7F, 0x21, 0xDF, 0xCF, 0x5B, 0x87, 0x78, 0xFB, 0xAE, 0x2D, 0xC5, 0xEF,
    0xB7, 0x28, 0xAF, 0xB3, 0x0B, 0xFD, 0xC4, 0x99, 0x60, 0xBE, 0x57, 0xD1, 0xAF, 0x1F, 0x79, 0xCD,
    0x74, 0xCA, 0x43, 0x2F, 0x35, 0xD6, 0x31, 0xF7, 0xD8, 0x95, 0x27, 0xDB, 0x69, 0xFF, 0x47, 0xA1,
    0x7E, 0x45, 0x45, 0xA9, 0x8C, 0x61, 0x4D, 0xDB, 0x93, 0x27, 0xFA, 0x62, 0x6F, 0x37, 0x25, 0xD0,
    0xD8, 0xE9, 0xED, 0xCD, 0x53, 0xB7, 0x53, 0xD1, 0x8D, 0xB4, 0xC6, 0x3D, 0x90, 0xD1, 0x72, 0x31,
    0x8F, 0xCB, 0xC2, 0x94, 0xE5, 0x81, 0x2D, 0x11, 0x19, 0x1F, 0x47, 0x53, 0xC6, 0xAF, 0x9E, 0xB8,
    0x51, 0x51, 0xF2, 0x98, 0x57, 0x60, 0x84, 0xA4, 0x4C, 0xB8, 0x2B, 0xF4, 0x40, 0xB0, 0x3C, 0x11,
    0x8E, 0xCF, 0x9C, 0xE7, 0x81, 0x5A, 0x8C, 0x7F, 0xBB, 0x93, 0x55, 0xD3, 0xB9, 0xE1, 0xF2, 0xDE,
    0x5E, 0xF8, 0x21, 0xA3, 0x8F, 0x6E, 0x06, 0x31, 0x77, 0x35, 0x0A, 0xD3, 0x65, 0x16, 0x4A, 0x98,
    0x91, 0x16, 0x50, 0x32, 0xFC, 0xE5, 0x51, 0x78, 0x4F, 0x46, 0x50, 0x40, 0x1C, 0xE0, 0xF2, 0x46,
    0x84, 0xC9, 0x94, 0xBA, 0x4A, 0x84, 0xCC, 0xDC, 0x9E, 0x10, 0x63, 0x64, 0x62, 0xA8, 0x85, 0x28,
    0xFA, 0xCD, 0xD7, 0x37, 0xA9, 0xE5, 0x83, 0x94, 0x7F, 0x02, 0x4A, 0xCA, 0x3D, 0x61, 0x2B, 0x4C,
    0x28, 0x40, 0x07, 0x81, 0x94, 0x44, 0xA3, 0x40, 0x1C, 0x9E, 0xFE, 0x81, 0xC2, 0xC0, 0xF5, 0xA6,
    0xF1, 0x21, 0x04, 0xBB, 0x32, 0x6B, 0xA3, 0x61, 0x08, 0xC2, 0x76, 0x27, 0xBD, 0x05, 0x84, 0x91,
    0x66, 0x0D, 0x8C, 0x12, 0x81, 0x34, 0xA9, 0xB9, 0x8A, 0xB6, 0x61, 0x00, 0xA8, 0xBD, 0x23, 0x24,
    0x7F, 0x41, 0xFE, 0x3A, 0x94, 0x2C, 0xDE, 0x97, 0x1A, 0x9E, 0x28, 0xDB, 0x3F, 0x6D, 0xD7, 0x42,
    0xDC, 0x04, 0xA8, 0xA5, 0x44, 0x99, 0xED, 0xC4, 0x07, 0x5F, 0x49, 0x47, 0x8F, 0x6E, 0xCC, 0x40,
    0xC1, 0x9A, 0xEF, 0x10, 0x9D, 0x6E, 0x69, 0x3F, 0xD1, 0xB6, 0x07, 0xD1, 0xEE, 0x8D, 0x40, 0x40,
    0xDE, 0x4B, 0x42, 0x07, 0xB0, 0x06, 0xFD, 0x51, 0x39, 0xEE, 0x08, 0x8A, 0x83, 0x7B, 0xF0, 0x91,
    0x91, 0xE3, 0xA3, 0x84, 0x5A, 0x05, 0xC7, 0xE4, 0xB8, 0xFD, 0x0E, 0x84, 0x2A, 0x05, 0xC7, 0xE9,
    0x38, 0x59, 0xCD, 0x22, 0x10, 0x8E, 0xE3, 0x71, 0x26, 0x27, 0x21, 0x4B, 0x93, 0x09, 0x59, 0x6A,
    0xEC, 0xEB, 0xCC, 0x48, 0x13, 0x40, 0x33, 0x20, 0xF3, 0x68, 0x2D, 0x6F, 0x31, 0x5B, 0x22, 0xAC,
    0xEB, 0x15, 0x90, 0x73, 0x1B, 0x1F, 0x80, 0xCB, 0x7B, 0x94, 0xD9, 0x9A, 0x3F, 0x00, 0x67, 0xC7,
    0xF6, 0x9B, 0x44, 0x9F, 0x9F, 0x01, 0xF5, 0xE2, 0x28, 0x87, 0x16, 0xC7, 0x8A, 0x91, 0xF1, 0x8C,
    0x4A, 0xB3, 0x91, 0x1C, 0xFA, 0x0B, 0xA0, 0x5C, 0xF4, 0x9E, 0x54, 0xF4, 0xAC, 0x54, 0xF4, 0xBA,
    0xD8, 0xEC, 0xA4, 0x9A, 0xB9, 0xEF, 0x3A, 0x91, 0xE4, 0x82, 0x0D, 0x53, 0x94, 0xE1, 0x9E, 0xFA,
    0xD7, 0xE2, 0x9E, 0x60, 0x71, 0x22, 0x7A, 0x8D, 0x7C, 0x08, 0x61, 0x8A, 0x1D, 0xEC, 0x82, 0x06,
    0x53, 0xB4, 0x60, 0x0A, 0x13, 0x4C, 0xF1, 0x81, 0x29, 0x30, 0x30, 0x6D, 0xED, 0xBD, 0x93, 0x50,
    0xC0, 0x37, 0x76, 0x73, 0xB5, 0x1D, 0x43, 0x9D, 0xDB, 0x4A, 0xD5, 0xB9, 0x0D, 0x57, 0x9D, 0xDB,
    0x96, 0xD5, 0xD5, 0xEE, 0xEA, 0xF6, 0x74, 0xFD, 0x85, 0xBB, 0xFE, 0x84, 0x1C, 0xAE, 0xAE, 0x8F,
    0x5A, 0x7D, 0x45, 0xBB, 0x23, 0x5B, 0x56, 0x4E, 0xC2, 0x2E, 0xE2, 0xDE, 0x3B, 0x7B, 0x5F, 0xB5,
    0xBD, 0x0E, 0xE1, 0x7A, 0xE1, 0x7A, 0x39, 0x4E, 0x5A, 0xD0, 0x3C, 0x41, 0xF3, 0x04, 0xCD, 0x13,
    0x34, 0x0F, 0x6B, 0x9E, 0x97, 0xFE, 0x7A, 0xF0, 0xE4, 0xB1, 0xF0, 0x0A, 0xCD, 0x2F, 0x19, 0xED,
    0x42, 0x8C, 0xD5, 0x02, 0xB5, 0x22, 0x10, 0xE2, 0x2E, 0x9E, 0x06, 0x66, 0xED, 0x22, 0x68, 0xC8,
    0x28, 0x19, 0x22, 0xEE, 0x5A, 0x31, 0x05, 0xCD, 0xF8, 0x16, 0x68, 0xC6, 0x67, 0x7F, 0xFD, 0xFA,
    0x93, 0xCE, 0x8D, 0xCB, 0xD1, 0x09, 0x8B, 0xE7, 0xBB, 0xD2, 0xF7, 0x7C, 0xB8, 0x3F, 0x57, 0x1E,
    0xEA, 0x80, 0xD4, 0xF5, 0xA8, 0xD3, 0x51, 0x77, 0x2B, 0xC9, 0x35, 0x76, 0x65, 0x1E, 0x3D, 0xB7,
    0x87, 0x6F, 0x9C, 0x78, 0x31, 0x17, 0x04, 0xF9, 0xEB, 0xCD, 0x3C, 0xFD, 0xE4, 0x15, 0xEE, 0x04,
    0xD1, 0x01, 0xB7, 0x4F, 0xA5, 0xEC, 0xAC, 0x89, 0xB5, 0xBF, 0x16, 0x0F, 0xE9, 0xC2, 0x25, 0x0C,
    0xA5, 0x58, 0x1D, 0x9A, 0xCA, 0x93, 0x2E, 0x94, 0x18, 0x79, 0x95, 0x1A, 0xA2, 0x7B, 0xF7, 0x0A,
    0xFC, 0x27, 0xF0, 0x9F, 0xC0, 0x7F, 0x02, 0xFF, 0x41, 0xFE, 0xD3, 0xDB, 0xC9, 0x95, 0x99, 0x82,
    0xF1, 0xE5, 0x66, 0xFA, 0xE4, 0x64, 0xFE, 0x72, 0x5B, 0x49, 0x36, 0x00, 0x9F, 0x3E, 0x38, 0xC9,
    0x4D, 0x9F, 0x58, 0x71, 0x49, 0xEB, 0xE6, 0x6B, 0x27, 0x22, 0x0B, 0xBF, 0x36, 0x74, 0xB9, 0x73,
    0x16, 0xA5, 0xE7, 0xBD, 0x26, 0xF3, 0x14, 0xA5, 0x59, 0x7F, 0x65, 0xAF, 0xBD, 0xBD, 0x9A, 0xF9,
    0x94, 0x52, 0x2F, 0x1F, 0xB2, 0xD7, 0xDA, 0x5D, 0x95, 0xBD, 0xFE, 0x27, 0x1D, 0xEA, 0x64, 0x8A,
    0x5B, 0xF2, 0x5A, 0x0F, 0x5A, 0xDE, 0xE2, 0x8E, 0x41, 0xF2, 0xA1, 0x25, 0xC5, 0x64, 0x3F, 0xED,
    0x27, 0x28, 0x7D, 0xDF, 0x9C, 0xC3, 0xF5, 0xC2, 0xB5, 0xB8, 0x9D, 0x52, 0x97, 0xD2, 0x41, 0x3E,
    0x88, 0xB9, 0xDF, 0xE9, 0x9A, 0x83, 0x5C, 0x1C, 0x50, 0x56, 0x29, 0x39, 0x7F, 0x0C, 0x47, 0x40,
    0x09, 0x07, 0x79, 0x29, 0xD6, 0x19, 0xCA, 0x0D, 0x7F, 0xD2, 0x41, 0xDE, 0x4B, 0x07, 0xF9, 0xF8,
    0x5A, 0x1D, 0xE4, 0x1F, 0x63, 0xD9, 0x4A, 0x5C, 0x9B, 0x9D, 0xB0, 0xB4, 0x86, 0xA9, 0xE0, 0x86,
    0x6A, 0x88, 0xE7, 0x45, 0x73, 0xD0, 0x00, 0x30, 0x67, 0xEC, 0x02, 0x35, 0xA9, 0xD3, 0x07, 0xD1,
    0x8F, 0x95, 0x3F, 0xA4, 0xCC, 0x4E, 0xC4, 0xE8, 0xDE, 0x9D, 0x29, 0x2F, 0xCB, 0x15, 0x4C, 0x9E,
    0xD7, 0x7A, 0xB8, 0x97, 0x70, 0x10, 0x4C, 0xC3, 0xEB, 0x1B, 0x62, 0x2B, 0x30, 0x67, 0x98, 0x5B,
    0x60, 0x99, 0x52, 0x36, 0xBC, 0x22, 0x8D, 0xAA, 0x7D, 0x10, 0x33, 0xED, 0x12, 0x75, 0xB7, 0xA0,
    0xE1, 0x99, 0xD1, 0x74, 0x95, 0x8B, 0xC9, 0x65, 0xA7, 0xED, 0x6E, 0x79, 0x01, 0xFE, 0x60, 0x25,
    0xBE, 0x28, 0x57, 0x22, 0xE0, 0x91, 0x37, 0x6E, 0xDE, 0xE9, 0x31, 0xF6, 0x32, 0x68, 0xBD, 0x5A,
    0xE1, 0x1C, 0x4D, 0xE1, 0x39, 0x16, 0x34, 0xE6, 0xE3, 0x08, 0xE7, 0xBD, 0xE9, 0xAB, 0xB9, 0x68,
    0x69, 0xD2, 0xC6, 0x0D, 0xCC, 0x09, 0x71, 0x01, 0x6F, 0xE4, 0x7A, 0xDB, 0x47, 0x0A, 0xF7, 0xAE,
    0xDA, 0x53, 0x20, 0x27, 0x31, 0x9D, 0x74, 0x14, 0x3C, 0x76, 0x15, 0xEB, 0x1B, 0x94, 0x7C, 0xCE,
    0x4E, 0x64, 0x0E, 0x62, 0xCD, 0xC5, 0x28, 0x16, 0x8E, 0x4C, 0xA2, 0x0D, 0xE6, 0xAB, 0x6D, 0x80,
    0x91, 0xE4, 0x22, 0x1F, 0x66, 0xE8, 0x12, 0xAA, 0x6E, 0x45, 0x87, 0xA8, 0x14, 0x88, 0x8B, 0x5A,
    0xEB, 0x75, 0xDA, 0x23, 0xA0, 0x0A, 0xB9, 0xDA, 0x54, 0xF3, 0x13, 0x9B, 0xF0, 0x5E, 0x54, 0xAB,
    0xA9, 0x5D, 0xED, 0x37, 0xB1, 0x46, 0xCD, 0x20, 0xCE, 0xB3, 0x32, 0x23, 0xAC, 0xF3, 0x7C, 0xCC,
    0xCC, 0x4E, 0xBA, 0xA6, 0x39, 0xDA, 0x8A, 0xFC, 0xE6, 0xA1, 0x59, 0x36, 0x3D, 0x89, 0xD9, 0xE7,
    0x0E, 0x57, 0x73, 0x9C, 0x22, 0x98, 0xBF, 0xF4, 0x44, 0x09, 0xDB, 0xF6, 0x46, 0xB6, 0xFB, 0x23,
    0x25, 0xA6, 0xF5, 0x36, 0xC9, 0xF0, 0xA5, 0x98, 0x6D, 0x84, 0xC3, 0xF9, 0x12, 0xA8, 0xD6, 0xF6,
    0x78, 0x61, 0xB2, 0x58, 0xFF, 0xD4, 0x7A, 0x61, 0x05, 0x4D, 0x06, 0x7B, 0xE0, 0x7A, 0xEE, 0x1D,
    0xD0, 0x35, 0x12, 0xE8, 0x98, 0x15, 0x74, 0xD9, 0x12, 0x5A, 0xBD, 0x80, 0x21, 0x91, 0xC3, 0x1A,
    0xCF, 0xF8, 0xA5, 0x8B, 0xCB, 0x1B, 0x5E, 0x69, 0x72, 0xC3, 0x3D, 0x3F, 0x86, 0x41, 0x51, 0xC0,
    0x0A, 0xF4, 0x9E, 0x17, 0xAF, 0x27, 0xC0, 0x70, 0x73, 0x3D, 0x2E, 0x63, 0xDB, 0xC5, 0xAD, 0xA4,
    0x4B, 0x5C, 0xF8, 0xAD, 0xD9, 0x77, 0x4C, 0xBF, 0xDE, 0x63, 0xF5, 0x91, 0x8F, 0x74, 0x28, 0x61,
    0x1F, 0x4E, 0xB8, 0x9D, 0x98, 0xF1, 0xFC, 0x7E, 0xC4, 0x0B, 0xC5, 0xA3, 0x67, 0x4D, 0xE3, 0x1E,
    0x22, 0xEE, 0xCE, 0x09, 0x8E, 0x2D, 0xEC, 0x0D, 0x3D, 0x88, 0xA1, 0x5A, 0x36, 0x8B, 0x5C, 0x64,
    0xE3, 0xDA, 0x2E, 0xC6, 0xF3, 0x60, 0x2B, 0xE8, 0x67, 0x09, 0x2E, 0xE5, 0xBD, 0xC1, 0x0E, 0xF8,
    0x08, 0x37, 0x48, 0x3E, 0xC2, 0x9D, 0x93, 0x3D, 0x08, 0x20, 0x5D, 0x6F, 0x47, 0x10, 0x05, 0xCB,
    0x45, 0x11, 0x9B, 0xCB, 0x08, 0x51, 0x0D, 0x3C, 0x53, 0x03, 0xCF, 0xD4, 0xC1, 0x97, 0xBB, 0xE8,
    0xEF, 0x38, 0xED, 0xC3, 0xB7, 0xB6, 0xDA, 0xB7, 0xC4, 0xF6, 0x3C, 0x44, 0xB5, 0xF2, 0xCB, 0x2E,
    0xF4, 0x9A, 0x19, 0xE2, 0x6D, 0xB9, 0x0D, 0xD0, 0xDA, 0x11, 0xD9, 0x4F, 0x6C, 0x1D, 0xD8, 0x48,
    0x89, 0xBD, 0xDE, 0x7A, 0xF0, 0x43, 0xE5, 0xDA, 0x9D, 0xFB, 0x43, 0x8A, 0x9B, 0x1C, 0x5A, 0xE8,
    0x3F, 0x19, 0x0A, 0xDB, 0x47, 0x28, 0xC0, 0x3F, 0x86, 0x15, 0x4F, 0x9B, 0xA0, 0xFD, 0x4C, 0xDA,
    0xDB, 0x52, 0x45, 0xC9, 0x83, 0x03, 0xC4, 0x02, 0x11, 0x59, 0x1B, 0x3D, 0x2E, 0xAE, 0x5B, 0xE1,
    0xB0, 0x82, 0x42, 0x1D, 0x12, 0x11, 0x1D, 0x5F, 0x1C, 0x73, 0x00, 0x2B, 0x4D, 0x32, 0xAB, 0xD8,
    0x61, 0xD3, 0xC2, 0x56, 0x80, 0xD3, 0xFD, 0x70, 0x43, 0x04, 0xA6, 0x13, 0x98, 0x4E, 0x60, 0x3A,
    0x81, 0xE9, 0x7C, 0x0B, 0xD3, 0x89, 0x3F, 0xFA, 0x00, 0x9A, 0x0A, 0x37, 0xE2, 0x9E, 0xB0, 0x37,
    0x76, 0xD0, 0x4F, 0xFD, 0xB8, 0x54, 0xBF, 0x82, 0xD5, 0x72, 0x3F, 0xA3, 0x46, 0x4F, 0x8C, 0x2F,
    0x65, 0x20, 0xB7, 0xAF, 0xB7, 0xE9, 0xB5, 0xEF, 0x83, 0x7C, 0xC0, 0xA6, 0xA0, 0xB4, 0x90, 0x6D,
    0x79, 0x5D, 0x9E, 0xDC, 0xC0, 0x6E, 0x02, 0xBB, 0xB9, 0x7F, 0xEC, 0x26, 0x68, 0xF1, 0xA0, 0xC5,
    0x83, 0x16, 0x0F, 0x5A, 0xFC, 0xF9, 0xFC, 0x15, 0x97, 0x0F, 0xD9, 0x70, 0x55, 0x72, 0xCB, 0x6A,
    0x85, 0x5E, 0x38, 0x94, 0xF7, 0x4D, 0x07, 0x3D, 0x3D, 0xFE, 0x5C, 0xED, 0xCE, 0x0D, 0xC1, 0xB1,
    0x9C, 0x8A, 0x76, 0x8D, 0xE5, 0xFA, 0x08, 0xD1, 0xCA, 0x7B, 0xC4, 0xDB, 0x98, 0x3A, 0x17, 0x8F,
    0xC8, 0xA2, 0xA7, 0x3C, 0x89, 0xED, 0x86, 0x40, 0x87, 0x88, 0x4B, 0xE6, 0xB7, 0xD7, 0x53, 0xAF,
    0x7E, 0x1A, 0x34, 0x7C, 0xD0, 0xF0, 0xF7, 0x58, 0xC3, 0xC3, 0x63, 0xC4, 0x62, 0xA5, 0x03, 0xC8,
    0x50, 0x10, 0xC4, 0x05, 0xA6, 0xA1, 0xCE, 0xF0, 0x08, 0xAE, 0xDF, 0x41, 0xB7, 0xC7, 0x03, 0x9C,
    0x1A, 0x6C, 0xC5, 0x26, 0x48, 0x94, 0xD9, 0x78, 0xD7, 0x0B, 0xEF, 0xFF, 0xC1, 0xD6, 0x71, 0xFC,
    0xA6, 0x97, 0xC7, 0x3C, 0xDD, 0x88, 0x22, 0x09, 0xF7, 0x4F, 0x88, 0x9D, 0xCC, 0x8F, 0xD4, 0x15,
    0x42, 0x53, 0xEC, 0x16, 0x90, 0x2C, 0xB8, 0x80, 0x44, 0xED, 0x16, 0x90, 0x8C, 0xD0, 0xFC, 0x72,
    0x01, 0xC9, 0x76, 0x87, 0xDB, 0x17, 0x90, 0x08, 0x75, 0x74, 0xDB, 0x02, 0x92, 0xEE, 0xBE, 0x2C,
    0x1B, 0x09, 0x4C, 0x2F, 0x30, 0xBD, 0xC0, 0xF4, 0x02, 0xD3, 0x7B, 0x86, 0x99, 0x29, 0x4F, 0x2F,
    0xFC, 0x82, 0xC3, 0xDE, 0xC4, 0xEB, 0xA1, 0x35, 0x15, 0x93, 0xF7, 0x49, 0xEB, 0x6B, 0xC9, 0x01,
    0x7A, 0x58, 0x85, 0xD6, 0xEA, 0x5F, 0xFD, 0x2F, 0x14, 0xD0, 0x39, 0xD0, 0xBF, 0xC3, 0x5B, 0xB2,
    0x23, 0xB9, 0x81, 0x3E, 0x53, 0x87, 0xD7, 0x22, 0x22, 0x03, 0x9B, 0x0B, 0x6C, 0xEE, 0x1E, 0xFB,
    0x6B, 0x7A, 0x85, 0xAF, 0x46, 0xDD, 0x1D, 0xDC, 0xDD, 0xF9, 0x92, 0x80, 0x0D, 0x30, 0xC0, 0x00,
    0xDF, 0x1E, 0xB8, 0xDB, 0x3C, 0x23, 0xCF, 0x57, 0xDD, 0x79, 0x7B, 0xA2, 0x52, 0xEA, 0x63, 0xE9,
    0xEF, 0xD9, 0xED, 0x49, 0xDF, 0x79, 0x7C, 0xA4, 0xCB, 0x47, 0xAC, 0x63, 0xB9, 0xE0, 0xF4, 0xD9,
    0x79, 0x7D, 0x36, 0xE1, 0x39, 0x45, 0xD7, 0xFD, 0x3E, 0xD1, 0x33, 0xC3, 0xB4, 0x13, 0x1E, 0xA4,
    0x4C, 0x38, 0x7F, 0x76, 0xDE, 0x1F, 0x03, 0x57, 0x51, 0x64, 0x51, 0x0A, 0xE1, 0x00, 0x22, 0x6D,
    0x15, 0x0B, 0xCB, 0x45, 0x24, 0x92, 0x67, 0x48, 0xA4, 0x2F, 0x96, 0xC8, 0xCE, 0x12, 0xB9, 0x8F,
    0xD8, 0x6A, 0x15, 0x0E, 0x49, 0xF8, 0xE9, 0x19, 0x12, 0xE3, 0xBB, 0x0F, 0xFF, 0x44, 0xAD, 0x36,
    0xE8, 0x47, 0xBE, 0xBB, 0x61, 0x48, 0x7C, 0x5B, 0x02, 0xDA, 0x62, 0xA5, 0xC4, 0x69, 0xC7, 0xCB,
    0x7C, 0x44, 0x26, 0xCD, 0x20, 0xCC, 0x79, 0x35, 0xB1, 0x37, 0xA4, 0x3D, 0x41, 0xA8, 0x29, 0x51,
    0x50, 0x56, 0xE2, 0x69, 0xD3, 0x0D, 0x45, 0x09, 0x8E, 0xD9, 0xCE, 0xD8, 0x8F, 0x64, 0x7F, 0x48,
    0xB2, 0x77, 0xD6, 0x56, 0xC7, 0xBD, 0x45, 0xE4, 0x23, 0xFA, 0x7E, 0x0C, 0x26, 0xCA, 0x61, 0xD7,
    0xB7, 0xA3, 0xD6, 0x87, 0x32, 0xB9, 0x92, 0x98, 0xDC, 0xF9, 0x1E, 0xF1, 0xA9, 0xB1, 0xDC, 0x3D,
    0x21, 0xF3, 0x30, 0xC1, 0x48, 0x7E, 0xEE, 0xA8, 0xF2, 0xFE, 0xD4, 0x5C, 0x62, 0xDF, 0x66, 0xEF,
    0x0F, 0x1F, 0x45, 0x97, 0xE8, 0xEA, 0xCB, 0x98, 0x01, 0xCA, 0xDD, 0x3F, 0xBB, 0xED, 0x3F, 0x91,
    0x39, 0xAD, 0xF9, 0x84, 0x63, 0xB6, 0x40, 0xCB, 0x4E, 0x3A, 0x70, 0x4C, 0x8D, 0x36, 0x28, 0x65,
    0xE4, 0xA9, 0xF2, 0x3B, 0x51, 0x79, 0x2F, 0x77, 0x01, 0x05, 0x5A, 0x18, 0x60, 0x80, 0x01, 0xBE,
    0x5C, 0x5A, 0x08, 0x9F, 0x5B, 0x9E, 0x37, 0xA1, 0xE5, 0xAF, 0x4E, 0x18, 0x22, 0x74, 0x9E, 0xD0,
    0x07, 0x44, 0x19, 0xFE, 0x53, 0xF8, 0xC4, 0xC1, 0x25, 0xAA, 0xD9, 0x25, 0x34, 0xB3, 0x34, 0x24,
    0xA7, 0x1D, 0x5C, 0x42, 0xB9, 0x44, 0x6C, 0xC3, 0xB6, 0x2E, 0xDB, 0xE7, 0x1C, 0x11, 0x32, 0x5B,
    0x4E, 0xCD, 0x67, 0x3E, 0x08, 0xD4, 0x28, 0x50, 0xA3, 0xA0, 0x22, 0xBF, 0xCF, 0xD0, 0x3B, 0xE0,
    0x56, 0x9E, 0x30, 0x61, 0x07, 0xE4, 0x8B, 0xC0, 0x4A, 0x78, 0xDD, 0x43, 0xB5, 0x7F, 0xBF, 0x55,
    0x64, 0x30, 0xFF, 0x5F, 0x5E, 0x22, 0xA7, 0xC9, 0xE5, 0xE2, 0x7A, 0xC2, 0x7F, 0x26, 0x7E, 0xF8,
    0x63, 0x5D, 0xE6, 0xEF, 0x9D, 0xF9, 0xFF, 0x59, 0x23, 0x26, 0x3A, 0xF5, 0x2F, 0xCD, 0x3C, 0x11,
    0x7C, 0x8C, 0xF2, 0x03, 0x4E, 0x12, 0xE3, 0xFE, 0x30, 0xA5, 0xE4, 0x19, 0x6B, 0x1E, 0x1D, 0xCD,
    0xC4, 0x0D, 0xED, 0x40, 0xE9, 0xF4, 0xDC, 0x84, 0x30, 0xD8, 0xDF, 0xAC, 0xB3, 0xD3, 0x61, 0xBF,
    0x7C, 0x21, 0xE2, 0x4E, 0x04, 0x14, 0xD0, 0x3D, 0x47, 0xF5, 0x73, 0xA0, 0xE3, 0x65, 0x64, 0x62,
    0x42, 0x2C, 0xEC, 0xC9, 0x92, 0x68, 0x2A, 0xF1, 0x08, 0xAE, 0xB1, 0xC0, 0x58, 0xEC, 0x03, 0xA0,
    0x4D, 0xEC, 0x70, 0x78, 0xF9, 0xD8, 0x1C, 0x05, 0x43, 0xEE, 0x34, 0x2D, 0xD4, 0x12, 0x2F, 0x2E,
    0xDC, 0x39, 0x5D, 0x0B, 0xDD, 0x72, 0x85, 0x49, 0x7E, 0x65, 0xCF, 0xF8, 0xB2, 0xE5, 0xB6, 0x11,
    0x02, 0x5C, 0x18, 0x07, 0x3D, 0xEB, 0x3B, 0x3A, 0x81, 0xFF, 0xE9, 0x8F, 0x7A, 0xEB, 0x8C, 0x4F,
    0x94, 0x60, 0x5A, 0xBD, 0x38, 0xBA, 0xA8, 0x14, 0x07, 0x17, 0x25, 0x92, 0x92, 0x55, 0x22, 0xDE,
    0xB9, 0x5D, 0xAA, 0x82, 0xA7, 0x98, 0x28, 0x3A, 0xFD, 0x37, 0xFE, 0xA8, 0xE1, 0xBA, 0xD0, 0x32,
    0xEE, 0x6F, 0x9D, 0x28, 0x7E, 0x6A, 0x03, 0x17, 0xE5, 0x2C, 0x18, 0x0B, 0xA6, 0x93, 0x90, 0xCC,
    0x56, 0x23, 0x2B, 0xF5, 0x13, 0xA5, 0xA3, 0xF9, 0xE1, 0xE6, 0xDE, 0x49, 0xC9, 0xDE, 0x2B, 0x9D,
    0x85, 0x8F, 0x42, 0x5A, 0xEF, 0x57, 0x72, 0xF9, 0x9E, 0x27, 0xBB, 0x7D, 0xB2, 0xD0, 0xC9, 0xC1,
    0x0D, 0xA2, 0x85, 0x06, 0xDB, 0xD6, 0x15, 0x7B, 0x3B, 0xD2, 0xF4, 0xD2, 0x88, 0xD6, 0x1F, 0xD2,
    0xB7, 0xD8, 0xC5, 0x47, 0xBA, 0xE7, 0x2E, 0xB6, 0x0F, 0xE6, 0x7A, 0xEB, 0x54, 0xA1, 0x7B, 0xE6,
    0xD6, 0xFD, 0xFF, 0x4D, 0x2D, 0x7A, 0xAD, 0xC1, 0x57, 0xDB, 0x40, 0x48, 0xB5, 0x9B, 0xDC, 0x0E,
    0x23, 0xCD, 0x1E, 0xED, 0xA0, 0x1A, 0x75, 0xB2, 0xB2, 0x03, 0x48, 0x27, 0x33, 0x3B, 0x7A, 0xAC,
    0xE3, 0xC5, 0x8C, 0x2A, 0x43, 0x54, 0xD1, 0x6F, 0x5F, 0x0A, 0x3A, 0x51, 0x09, 0x02, 0xF1, 0x5D,
    0xD1, 0x3B, 0x2E, 0xB4, 0x7B, 0xF4, 0xA6, 0xBE, 0x02, 0xD5, 0x08, 0x28, 0x50, 0x8D, 0x40, 0x35,
    0x2E, 0x50, 0x8D, 0xFC, 0x22, 0x7D, 0x28, 0xF8, 0x5E, 0xB7, 0x26, 0x57, 0x96, 0x8E, 0x1F, 0xDE,
    0xC3, 0xE9, 0xC7, 0xC0, 0x2F, 0x02, 0xBF, 0xB8, 0x63, 0x7E, 0x21, 0x5F, 0x76, 0x5F, 0x49, 0xEF,
    0x0F, 0x47, 0x1D, 0xC0, 0xBD, 0x66, 0x36, 0x7C, 0x64, 0x1C, 0xCA, 0x6F, 0x89, 0x78, 0x95, 0x40,
    0x62, 0x8F, 0x58, 0x1C, 0xBC, 0x68, 0x01, 0x1F, 0xBD, 0xF5, 0xAF, 0xAC, 0xB8, 0x22, 0x80, 0xD5,
    0x77, 0xAC, 0xC4, 0x02, 0x81, 0x52, 0x04, 0xFD, 0x88, 0x7E, 0xF4, 0x69, 0xE0, 0x1E, 0x01, 0x05,
    0x14, 0xB8, 0xC7, 0x9B, 0xE1, 0xE6, 0xE0, 0x57, 0x61, 0x8F, 0xD5, 0xB0, 0xD4, 0x42, 0xDF, 0xD3,
    0x7A, 0x31, 0x74, 0x59, 0xED, 0x64, 0x82, 0xD9, 0x02, 0x67, 0x77, 0xBE, 0xE9, 0x28, 0xB0, 0x71,
    0x8F, 0x67, 0xD0, 0x75, 0xFE, 0x57, 0x4F, 0x4E, 0xD8, 0xB2, 0x09, 0xC8, 0x67, 0x4E, 0xEB, 0xE7,
    0xF3, 0xC5, 0xF8, 0xE1, 0x67, 0x81, 0x91, 0x04, 0x46, 0xF2, 0x96, 0x30, 0x92, 0x1B, 0x3C, 0xD5,
    0x38, 0x11, 0x0B, 0x0A, 0x4B, 0xB1, 0x07, 0x50, 0x6C, 0x78, 0x8B, 0xC5, 0xE2, 0xE2, 0x54, 0x4D,
    0x39, 0x6E, 0x3B, 0x6F, 0x60, 0x95, 0xB2, 0xDE, 0x88, 0xDB, 0x32, 0xD2, 0x62, 0xC4, 0x0B, 0xBF,
    0xF2, 0x68, 0xFF, 0x1C, 0x3A, 0x20, 0x2A, 0x44, 0x9E, 0xFE, 0x5E, 0x75, 0xC0, 0x7B, 0xF2, 0x86,
    0xFC, 0x5C, 0x89, 0x0D, 0xF1, 0xFA, 0x68, 0xEA, 0x51, 0x94, 0x73, 0xB8, 0xFC, 0x0C, 0x6E, 0x23,
    0x27, 0xBD, 0xE4, 0xBE, 0xBC, 0xE8, 0xD1, 0x29, 0xF0, 0x9A, 0x80, 0x02, 0x0A, 0xBC, 0xE6, 0x55,
    0xF3, 0x9A, 0xF7, 0x9E, 0x82, 0xF4, 0x9A, 0xD8, 0x94, 0x5B, 0xC1, 0xC6, 0x6B, 0xD8, 0xF8, 0xA3,
    0x49, 0xF7, 0x43, 0xE6, 0x37, 0xF7, 0x75, 0x74, 0x4E, 0x59, 0xB6, 0x3D, 0x79, 0x6D, 0xEB, 0x3D,
    0xDF, 0xBE, 0x5E, 0x2E, 0x5E, 0x98, 0x16, 0x67, 0xC9, 0x1C, 0x92, 0xAB, 0x4F, 0xEA, 0x3B, 0xB8,
    0x15, 0xF6, 0x70, 0xDF, 0x44, 0xC7, 0x7A, 0x9C, 0xB9, 0x0C, 0x23, 0x97, 0xAC, 0xF3, 0xE5, 0x85,
    0x9D, 0xF8, 0xBE, 0x5B, 0x54, 0xD7, 0xAC, 0xE1, 0x40, 0x87, 0x02, 0x1D, 0xBA, 0x67, 0x0E, 0x1A,
    0xFD, 0xDB, 0x83, 0xFD, 0x73, 0x0C, 0x61, 0xB6, 0x7F, 0x4C, 0x5E, 0x78, 0x47, 0x59, 0xBB, 0x42,
    0xE4, 0x8F, 0xD8, 0x4A, 0x9C, 0xC6, 0x13, 0x0B, 0x7B, 0xDA, 0xAC, 0x13, 0x7E, 0x0B, 0x9C, 0xC0,
    0xAB, 0x03, 0xCC, 0x33, 0x1B, 0xD0, 0x1F, 0xF2, 0x23, 0x48, 0x5B, 0x2D, 0x29, 0x6C, 0x37, 0x9F,
    0xA3, 0x02, 0xCE, 0x61, 0x18, 0x60, 0x03, 0x87, 0xFE, 0x50, 0xCF, 0x87, 0x25, 0xEB, 0x43, 0x12,
    0x78, 0x67, 0xFA, 0x88, 0x67, 0xBE, 0xEA, 0x0F, 0xB1, 0x0B, 0xE8, 0xCF, 0xB6, 0xBF, 0xF7, 0x03,
    0xAD, 0x09, 0x28, 0xA0, 0x40, 0x6B, 0x5E, 0x99, 0xBB, 0x46, 0xBF, 0xF4, 0xAD, 0xEC, 0x77, 0xD2,
    0xAD, 0x68, 0xE9, 0x81, 0xB9, 0x08, 0x2D, 0x6D, 0xF6, 0x71, 0x97, 0x74, 0x01, 0x7B, 0x23, 0xEA,
    0xB4, 0x0C, 0x4D, 0x6C, 0xD5, 0x68, 0x01, 0x9A, 0xDB, 0x32, 0x68, 0xA1, 0xE3, 0x82, 0x96, 0xF4,
    0x26, 0xE6, 0xF4, 0x10, 0xD9, 0x58, 0x49, 0x6E, 0xD3, 0x9D, 0xDE, 0xF9, 0x97, 0xD9, 0x27, 0xD1,
    0xDB, 0x70, 0x4B, 0x5B, 0xD6, 0xDE, 0x1C, 0x9C, 0xD3, 0x44, 0x4E, 0x09, 0xD8, 0x5A, 0x8C, 0x75,
    0x9E, 0xAB, 0xDE, 0x7E, 0xCB, 0x6B, 0x6D, 0x2B, 0xFC, 0xE1, 0xF6, 0xF7, 0x7B, 0x81, 0xAA, 0x04,
    0xAA, 0x72, 0x4F, 0xA9, 0x4A, 0x50, 0xBB, 0x01, 0x05, 0xB5, 0x1B, 0xD4, 0x2E, 0xAA, 0x5D, 0x08,
    0xE6, 0x60, 0xE2, 0x04, 0x45, 0xEC, 0x1E, 0x5D, 0xC5, 0xD4, 0xC9, 0x24, 0x66, 0xA4, 0x3B, 0xFC,
    0x9A, 0x70, 0x80, 0xF6, 0x22, 0x76, 0x86, 0x7A, 0x76, 0xB4, 0xDD, 0xE5, 0x07, 0xA0, 0x0A, 0xBB,
    0xF8, 0xEF, 0xA1, 0x60, 0xE8, 0x80, 0xAD, 0x04, 0x2A, 0x04, 0x4A, 0x94, 0x98, 0xAC, 0xBE, 0x51,
    0x5F, 0xEE, 0x35, 0x6B, 0x04, 0x6A, 0xED, 0x1E, 0xA7, 0x97, 0x90, 0xBE, 0x98, 0xEE, 0xCE, 0xD2,
    0x85, 0x49, 0x7B, 0x0D, 0x1C, 0x81, 0x0A, 0x8E, 0x40, 0x07, 0x47, 0xA0, 0x84, 0x23, 0xD0, 0xC2,
    0x11, 0xA8, 0xE1, 0x08, 0xF4, 0x70, 0x04, 0x8A, 0x38, 0x42, 0x4D, 0x8C, 0xAA, 0x18, 0x75, 0xB1,
    0x50, 0xC6, 0x4E, 0x1B, 0xDB, 0xED, 0x30, 0x56, 0x1D, 0xB7, 0x6C, 0x5D, 0x67, 0x30, 0xB6, 0x30,
    0xE4, 0x0B, 0xEC, 0xAA, 0x4B, 0x60, 0x46, 0x05, 0x63, 0xB7, 0xC0, 0xF4, 0xC9, 0x56, 0xDA, 0xE1,
    0x19, 0xD2, 0xDB, 0xC0, 0x6D, 0xE8, 0xBB, 0xC7, 0xE8, 0x86, 0x65, 0x95, 0x97, 0x5B, 0x09, 0x06,
    0x1A, 0x85, 0xA9, 0x4C, 0x71, 0xA4, 0xCB, 0xF6, 0x10, 0x22, 0x2A, 0xD7, 0x83, 0x4F, 0xAF, 0xB2,
    0xD8, 0xEE, 0xE2, 0xFB, 0x89, 0xBA, 0xB2, 0xB9, 0xBA, 0x50, 0x57, 0x0E, 0x5B, 0xAC, 0xC5, 0x24,
    0x0C, 0xCA, 0x0A, 0xD5, 0x5F, 0x0C, 0x4A, 0x91, 0x69, 0x26, 0x35, 0x5F, 0xC8, 0xD8, 0x44, 0xBF,
    0x94, 0x67, 0x28, 0xF2, 0x44, 0x30, 0x0C, 0x5F, 0xD8, 0x93, 0x51, 0x03, 0x67, 0x19, 0x26, 0x3E,
    0x88, 0x08, 0xAE, 0xE1, 0x9F, 0x62, 0x74, 0x51, 0x3B, 0xBE, 0xF7, 0x2F, 0xE0, 0x99, 0xD0, 0xE9,
    0x4D, 0x54, 0x39, 0x3C, 0x6B, 0x16, 0x7C, 0x60, 0xA0, 0xA5, 0x39, 0x43, 0xB7, 0x01, 0xAB, 0x68,
    0x38, 0x7A, 0x48, 0x37, 0x25, 0x6B, 0xEB, 0x04, 0xC3, 0x2B, 0x2E, 0x10, 0xC3, 0x17, 0xCE, 0x36,
    0xCE, 0xED, 0xD8, 0x3E, 0xCF, 0xD0, 0x9E, 0x32, 0x8E, 0xA7, 0x97, 0x29, 0xE1, 0x46, 0x63, 0x5F,
    0x5C, 0xC1, 0x3D, 0xB1, 0xB4, 0x19, 0xDD, 0x59, 0x86, 0x5E, 0x77, 0x95, 0xF8, 0xB1, 0x03, 0xC7,
    0x2C, 0xEB, 0x6E, 0xC4, 0xEB, 0xB0, 0x2A, 0x76, 0x7D, 0x9B, 0xA3, 0x95, 0xFC, 0xA8, 0xA8, 0x79,
    0xE0, 0x19, 0x45, 0xEC, 0x2B, 0x02, 0x32, 0xCC, 0x3D, 0x7B, 0xCA, 0x80, 0xB0, 0x2E, 0xA6, 0x14,
    0xBE, 0x7A, 0xF5, 0xE1, 0x4B, 0x1C, 0x95, 0x12, 0x02, 0xDE, 0x28, 0x45, 0x6D, 0x63, 0xC3, 0xC5,
    0x50, 0xF5, 0xC6, 0xEA, 0x54, 0xFB, 0xD3, 0x68, 0xD7, 0x88, 0x4F, 0x0C, 0xDD, 0x3A, 0x34, 0xC5,
    0x08, 0x4D, 0xDD, 0x4E, 0x90, 0x95, 0x50, 0xE9, 0xA3, 0x60, 0x1E, 0x23, 0x3E, 0x39, 0x35, 0x55,
    0xC7, 0xC2, 0x65, 0xD8, 0x58, 0x3A, 0x54, 0xBD, 0x99, 0x3A, 0xE4, 0x3E, 0x8E, 0xE4, 0xEC, 0xCC,
    0x74, 0xFB, 0xB1, 0x99, 0x36, 0x09, 0x96, 0x94, 0xD1, 0xB9, 0x8F, 0xA5, 0x7E, 0xDF, 0xF1, 0x14,
    0xF9, 0x83, 0x7A, 0x23, 0x7B, 0x5E, 0x6A, 0x43, 0x95, 0xCB, 0xE1, 0x6A, 0x37, 0x61, 0xEA, 0x0C,
    0x7F, 0x3A, 0xB7, 0xCA, 0xD5, 0xD0, 0x86, 0x62, 0x7F, 0xF8, 0x7A, 0x67, 0x33, 0x26, 0x9B, 0xD1,
    0x91, 0xF6, 0xE8, 0xED, 0x1D, 0x7B, 0x3A, 0xAB, 0xBD, 0x89, 0xDC, 0x11, 0x56, 0x7E, 0x2B, 0xF4,
    0x81, 0x3D, 0x02, 0x53, 0xC4, 0xD1, 0x7A, 0x5C, 0xF5, 0x6A, 0x64, 0xAB, 0x97, 0x62, 0xF1, 0xD8,
    0xEA, 0x8D, 0xAD, 0x2C, 0x39, 0x44, 0xBC, 0x67, 0xD5, 0x56, 0x9D, 0x91, 0x16, 0xB6, 0x7A, 0x29,
    0xC3, 0x56, 0xAF, 0x41, 0xF6, 0x33, 0xCE, 0x23, 0xE1, 0xBA, 0x75, 0xAA, 0x91, 0xAD, 0x5E, 0x0A,
    0x54, 0x64, 0xAB, 0x37, 0xB3, 0x62, 0x69, 0xF5, 0x95, 0x4B, 0xFB, 0x2D, 0x73, 0xBB, 0x40, 0xF0,
    0x24, 0x33, 0x3A, 0x87, 0xEC, 0x67, 0x48, 0x05, 0x25, 0x2E, 0x7A, 0xE3, 0x44, 0x19, 0x74, 0xF6,
    0x97, 0xAD, 0xBA, 0xCA, 0x4A, 0x38, 0x5D, 0x4B, 0x35, 0x77, 0xC8, 0xD1, 0xA1, 0xD8, 0x9D, 0x62,
    0xDC, 0x51, 0xC6, 0x44, 0xE7, 0xB4, 0x9B, 0x8C, 0x9E, 0x46, 0x43, 0x6F, 0x8F, 0x30, 0x6E, 0xE8,
    0xCB, 0x7E, 0xFC, 0xD4, 0x36, 0x8C, 0xA4, 0xFD, 0xCC, 0x04, 0xCA, 0xD0, 0x54, 0x9D, 0xFD, 0x98,
    0xFE, 0x8C, 0x0F, 0x13, 0x6A, 0xAA, 0x37, 0x66, 0xE7, 0x0E, 0xC7, 0x00, 0x2D, 0x8D, 0xCA, 0x5E,
    0xED, 0x67, 0x0E, 0x90, 0x51, 0x18, 0x57, 0xB9, 0x3B, 0x33, 0xF7, 0xE8, 0x2B, 0xD7, 0x56, 0x6F,
    0x6A, 0x51, 0x61, 0xC2, 0x5C, 0xC2, 0xF1, 0xC4, 0xB4, 0xBE, 0x52, 0x7F, 0x99, 0xD5, 0x8B, 0xAE,
    0xA1, 0x9C, 0x02, 0x43, 0x9F, 0x80, 0x20, 0xEB, 0x9E, 0x59, 0x78, 0xDE, 0x01, 0x91, 0xD6, 0x74,
    0xCF, 0x74, 0x5E, 0x25, 0xFD, 0x65, 0x76, 0xCB, 0xEB, 0xAA, 0x73, 0x48, 0x57, 0x2F, 0x9C, 0xB8,
    0x66, 0x62, 0xE9, 0x0E, 0x64, 0x69, 0x00, 0x3F, 0x57, 0x3A, 0xE4, 0x6E, 0x47, 0x06, 0x49, 0xAF,
    0x40, 0xFB, 0xCE, 0xAD, 0x37, 0x32, 0x46, 0xD0, 0x9F, 0x5B, 0x0D, 0xD1, 0xC7, 0xB6, 0xEA, 0x05,
    0xA6, 0xB1, 0x55, 0x2F, 0x7D, 0xAC, 0x55, 0xFF, 0x2D, 0x98, 0xC9, 0x53, 0xFA, 0x58, 0xAD, 0xFE,
    0x07, 0x74, 0x74, 0x29, 0xF7, 0xB0, 0x5C, 0xE4, 0xE2, 0xA5, 0x20, 0xE2, 0x10, 0x03, 0xB7, 0x10,
    0xE7, 0xE1, 0xE6, 0xFC, 0x31, 0x99, 0x91, 0x32, 0xCA, 0x45, 0x04, 0x3A, 0xC8, 0xC8, 0x44, 0x58,
    0xAB, 0x84, 0x3F, 0x96, 0x8A, 0xB5, 0x1C, 0x31, 0xA3, 0x44, 0x64, 0x44, 0x8C, 0x62, 0x19, 0x12,
    0x0B, 0xD6, 0xAC, 0x48, 0x0E, 0x02, 0x31, 0x7B, 0x65, 0x46, 0xCD, 0xA8, 0xDF, 0x87, 0xC0, 0x66,
    0x65, 0xB8, 0x0A, 0x4E, 0x02, 0xD6, 0xE7, 0x8E, 0x4F, 0xBC, 0xF3, 0xD9, 0x05, 0xA5, 0x3A, 0x9E,
    0xD3, 0xA0, 0xC3, 0x19, 0x01, 0x3A, 0x23, 0x20, 0xA5, 0x52, 0x7B, 0x42, 0xD6, 0xAA, 0xAF, 0x77,
    0x54, 0x6C, 0x13, 0x58, 0xF9, 0xAE, 0x0C, 0x1B, 0x8E, 0x77, 0xF4, 0x4B, 0x17, 0xA1, 0x95, 0xC4,
    0x4B, 0x57, 0x47, 0x29, 0x28, 0x57, 0x2A, 0x0E, 0xED, 0x73, 0xB7, 0x9A, 0x22, 0x18, 0xE8, 0x6F,
    0xF4, 0x8B, 0xE4, 0x58, 0xEE, 0x65, 0xE6, 0x48, 0x9D, 0x88, 0x44, 0x40, 0xA6, 0x03, 0x0E, 0x0C,
    0xA0, 0xCF, 0xF4, 0xA7, 0x07, 0x3A, 0x21, 0xBA, 0xF6, 0x27, 0xC2, 0x0F, 0xA4, 0x8B, 0x6B, 0x2F,
    0xE3, 0x3B, 0x3A, 0xFB, 0xB0, 0x75, 0x15, 0x58, 0xA9, 0x86, 0x0E, 0xF8, 0xEA, 0x7D, 0x34, 0x8F,
    0x88, 0x14, 0x2C, 0xD1, 0x95, 0xFA, 0x44, 0x3B, 0xF0, 0x63, 0xEA, 0x95, 0xED, 0x4A, 0x56, 0x06,
    0x45, 0xA3, 0xD7, 0x96, 0xB9, 0x9B, 0x26, 0x4C, 0xA9, 0x4F, 0xE8, 0xC0, 0x41, 0xF6, 0x0B, 0x34,
    0x64, 0x62, 0x6D, 0x00, 0xD9, 0x2F, 0x64, 0x7E, 0xE3, 0xFD, 0x1C, 0x45, 0xE4, 0x4E, 0xB7, 0x4B,
    0x22, 0x53, 0xFB, 0xD6, 0x60, 0xDE, 0x22, 0xA5, 0x3D, 0x51, 0xBC, 0xEC, 0x52, 0x59, 0xF9, 0x97,
    0x69, 0x54, 0x9B, 0x2F, 0x54, 0xEE, 0x40, 0x81, 0xC2, 0xBE, 0xA5, 0x73, 0xEB, 0x35, 0x73, 0x8C,
    0xA2, 0xA3, 0x33, 0x1F, 0xDB, 0xC5, 0x0A, 0xE7, 0x52, 0xFF, 0xBE, 0xFD, 0x42, 0xEF, 0xCE, 0x25,
    0x30, 0x4E, 0x7E, 0xCB, 0xBB, 0xE9, 0xF8, 0x48, 0x33, 0x8B, 0x6A, 0x9F, 0x7B, 0xFB, 0xB6, 0x79,
    0x8C, 0x76, 0x25, 0xEB, 0x2A, 0x31, 0x6F, 0x35, 0xCE, 0x1F, 0x61, 0x9E, 0x3B, 0xA5, 0x98, 0x79,
    0x4E, 0xF9, 0x2A, 0xFD, 0xD6, 0x60, 0xCB, 0x4C, 0x6B, 0x3E, 0x1B, 0x53, 0x68, 0xCB, 0xD8, 0x66,
    0x9A, 0x55, 0xC8, 0xB7, 0x3F, 0xCB, 0xEE, 0x66, 0x9A, 0x3D, 0x28, 0x5C, 0xBF, 0x4F, 0x69, 0x85,
    0xE8, 0x60, 0x8E, 0x76, 0x28, 0xCC, 0x1C, 0xC2, 0x48, 0x83, 0xA5, 0x3A, 0x59, 0xA3, 0x2B, 0xB7,
    0xDD, 0x41, 0x3F, 0x77, 0xED, 0xC2, 0xFA, 0xD9, 0xB5, 0xA8, 0xE6, 0x1E, 0x3A, 0x88, 0xA0, 0x65,
    0xAE, 0x0D, 0x51, 0x52, 0x1B, 0x1D, 0xEA, 0x44, 0x53, 0x1B, 0xFA, 0xB9, 0x75, 0x09, 0x2D, 0x55,
    0xF6, 0x8C, 0xD6, 0x14, 0x47, 0xBF, 0x45, 0x94, 0x6C, 0x8D, 0xDD, 0x5B, 0x8D, 0x8B, 0x59, 0xB8,
    0x3D, 0xB7, 0x2D, 0xE1, 0x56, 0xC0, 0x9E, 0x18, 0x9D, 0x4A, 0x5D, 0x84, 0x85, 0x81, 0x42, 0x12,
    0x2A, 0x65, 0x9A, 0x6A, 0x7B, 0xEB, 0x5F, 0x78, 0xB1, 0xC6, 0x5F, 0x9A, 0x12, 0x96, 0xEA, 0x17,
    0xF4, 0x56, 0xAF, 0x7E, 0x6E, 0x4A, 0x58, 0xA8, 0xFF, 0x25, 0xF1, 0xD1, 0xBA, 0xEE, 0x56, 0xC8,
    0xA5, 0x1D, 0x24, 0xB5, 0x99, 0xF2, 0xAE, 0xA2, 0xDB, 0xF1, 0xC9, 0xF5, 0xA9, 0x42, 0x8E, 0xBD,
    0x50, 0x7F, 0x65, 0xED, 0x70, 0x14, 0xBD, 0x9A, 0x4F, 0x53, 0x88, 0x58, 0xD2, 0xA5, 0xA4, 0x10,
    0x7A, 0x2F, 0x75, 0x52, 0x52, 0x05, 0x2D, 0xDA, 0x0F, 0xA3, 0x18, 0x6D, 0x11, 0x1F, 0x9C, 0x00,
    0xB1, 0xEC, 0x5B, 0xEF, 0x55, 0x00, 0x09, 0x19, 0x3F, 0x69, 0x76, 0xD6, 0xA4, 0x14, 0xA7, 0x8B,
    0x34, 0x73, 0x51, 0x93, 0xE4, 0x32, 0xF4, 0x62, 0xB5, 0x89, 0xDE, 0x03, 0x8A, 0xCF, 0x3F, 0x06,
    0x81, 0xAD, 0x7B, 0x3A, 0x58, 0xCF, 0x85, 0x99, 0xB0, 0x9A, 0xC0, 0x0D, 0x09, 0x87, 0x79, 0xC4,
    0xD6, 0xD9, 0xCF, 0x26, 0xCD, 0x71, 0xEF, 0xC0, 0xBB, 0x67, 0x2F, 0x54, 0x56, 0x9B, 0x1D, 0xD0,
    0x0B, 0xDA, 0xB0, 0xD4, 0x92, 0x90, 0x94, 0x50, 0x87, 0xAD, 0x9A, 0x0B, 0x85, 0x94, 0x68, 0x60,
    0x8F, 0xAB, 0xA1, 0x45, 0xEC, 0x72, 0xB5, 0xC2, 0x8C, 0xED, 0xC1, 0xDC, 0x9E, 0x29, 0xC0, 0xEC,
    0x6F, 0xC1, 0x93, 0x17, 0x8D, 0x18, 0x2A, 0xFC, 0x2F, 0x19, 0x01, 0x9D, 0x83, 0xA9, 0x35, 0x98,
    0xFB, 0x79, 0x6A, 0xDC, 0xC0, 0x19, 0x0C, 0x4E, 0x68, 0xD2, 0x2F, 0x39, 0xBB, 0xA6, 0xF6, 0x24,
    0xDE, 0xCD, 0x22, 0x2A, 0x34, 0x87, 0x0B, 0x1F, 0x09, 0x94, 0xE2, 0x9F, 0x0F, 0xD0, 0x07, 0x53,
    0x1F, 0x30, 0xB4, 0x71, 0xCF, 0x35, 0x93, 0xDC, 0xB2, 0x5D, 0xFB, 0x18, 0x41, 0x98, 0x95, 0xDA,
    0x19, 0x69, 0x07, 0x3F, 0x9A, 0xD0, 0xEC, 0xB6, 0xBF, 0xE4, 0x4D, 0x6F, 0xFB, 0x4B, 0x7E, 0xE8,
    0x19, 0x3F, 0x4C, 0x82, 0x0E, 0xED, 0x19, 0x9D, 0xBD, 0xBD, 0xA1, 0xBF, 0x0B, 0x37, 0xC6, 0xCA,
    0xBF, 0x63, 0x7F, 0xA9, 0xE6, 0x3E, 0x99, 0x1B, 0x56, 0x3A, 0x00, 0x37, 0x1B, 0xA0, 0xE5, 0xB6,
    0x1F, 0xF9, 0x05, 0x6A, 0x7D, 0x25, 0x23, 0x0B, 0xB7, 0xE2, 0xD4, 0x0C, 0x23, 0x38, 0xE4, 0xF1,
    0x20, 0x38, 0x70, 0x72, 0xC9, 0xDC, 0x52, 0x39, 0xCA, 0xE4, 0x59, 0x5A, 0xE0, 0x76, 0x8F, 0x22,
    0x6C, 0x98, 0xCB, 0xB0, 0x0A, 0xF0, 0x4D, 0x83, 0xBE, 0x47, 0xFE, 0x3F, 0xED, 0x5A, 0x3B, 0x92,
    0xD3, 0x40, 0x10, 0x95, 0xA5, 0x02, 0x07, 0x0A, 0x44, 0x40, 0xC4, 0x06, 0x3A, 0x82, 0x8E, 0x30,
    0xCA, 0x89, 0xB9, 0x04, 0x09, 0x47, 0x18, 0x1F, 0x61, 0x13, 0x0E, 0xB1, 0x7B, 0x09, 0xE9, 0x08,
    0xBE, 0x01, 0x2E, 0x8A, 0x1C, 0x05, 0x0E, 0x0C, 0x65, 0xA9, 0xE9, 0xE9, 0x99, 0xE9, 0xEE, 0x01,
    0xAF, 0x10, 0xB0, 0xEC, 0xA7, 0x4A, 0x4A, 0x3C, 0xBD, 0xB6, 0xFA, 0xBD, 0xE9, 0xCF, 0x53, 0x4B,
    0xDA, 0x2C, 0xC3, 0xE3, 0xC5, 0x4D, 0x9B, 0xF1, 0xD1, 0xC0, 0x41, 0x0C, 0x80, 0x13, 0xAF, 0x0B,
    0x80, 0x89, 0x8D, 0x0A, 0x00, 0xFA, 0x68, 0x18, 0xF8, 0x0A, 0x43, 0x58, 0x6F, 0x00, 0xB6, 0x70,
    0x0E, 0xC6, 0x16, 0x4E, 0x68, 0x2B, 0xC7, 0x06, 0xF6, 0xDE, 0xE8, 0xA0, 0x45, 0x1F, 0x47, 0x5A,
    0xE7, 0x30, 0x3A, 0xEF, 0x63, 0x38, 0x65, 0xA0, 0xAF, 0xB3, 0xA7, 0x70, 0x30, 0xDD, 0xAC, 0x06,
    0x34, 0x06, 0xFE, 0xB3, 0x32, 0x2C, 0xE0, 0x97, 0x31, 0x4A, 0xB8, 0x89, 0x8A, 0x77, 0x8F, 0x8B,
    0x32, 0xEC, 0x0A, 0xF7, 0x78, 0xC2, 0xAD, 0x41, 0x8C, 0xE4, 0xE0, 0xA2, 0x99, 0xF1, 0x86, 0x31,
    0x48, 0x3B, 0x32, 0x4A, 0x07, 0x18, 0x23, 0x5B, 0xB9, 0xCF, 0x2E, 0x50, 0x68, 0xDC, 0x2F, 0x6C,
    0xC8, 0x8D, 0xC1, 0xE8, 0x31, 0x05, 0x0B, 0xC4, 0xCF, 0xC7, 0xB2, 0x9B, 0xE8, 0xC4, 0x73, 0x24,
    0xE0, 0x5C, 0x9E, 0x7D, 0x5E, 0x4E, 0x04, 0x36, 0x79, 0x02, 0x47, 0x9F, 0xD0, 0xC8, 0x86, 0xF2,
    0xD6, 0xD2, 0xAF, 0x0F, 0x3E, 0xEF, 0x7D, 0x24, 0xE0, 0x28, 0xF4, 0x84, 0xD0, 0x7B, 0xB4, 0x03,
    0xB1, 0x69, 0x3D, 0x8F, 0xC1, 0x87, 0x23, 0x63, 0x0A, 0x76, 0x0A, 0xDC, 0x4F, 0x91, 0x40, 0xA4,
    0x10, 0x8C, 0xAD, 0x0B, 0x49, 0x1E, 0xE8, 0x12, 0x85, 0x22, 0x6C, 0x84, 0x4A, 0x65, 0x1B, 0xCB,
    0xCF, 0x85, 0xA4, 0x8C, 0x35, 0xE6, 0x28, 0x54, 0xD1, 0xB0, 0x18, 0x92, 0x40, 0xC0, 0x53, 0x30,
    0xC0, 0x59, 0x1A, 0x22, 0x01, 0x4F, 0xA1, 0x0B, 0xE1, 0x27, 0x0A, 0xAA, 0x2C, 0xC7, 0x0D, 0xA7,
    0xAC, 0x80, 0xA9, 0xD0, 0xD5, 0x5B, 0x48, 0xFD, 0x03, 0xBC, 0xE5, 0x02, 0x40, 0x0A, 0x9F, 0xA4,
    0xE2, 0x2D, 0xC4, 0x8C, 0x11, 0x05, 0x90, 0x72, 0xAD, 0xB5, 0x81, 0x5D, 0x32, 0xB2, 0x51, 0x02,
    0x13, 0x70, 0x14, 0xD2, 0xCE, 0x1A, 0xD8, 0xD8, 0x68, 0x03, 0x29, 0xEC, 0xB5, 0xD1, 0x8B, 0xD1,
    0x09, 0x81, 0x9F, 0xFA, 0x05, 0x12, 0x43, 0x08, 0xA0, 0x6B, 0x21, 0x40, 0x15, 0xA9, 0x18, 0x1C,
    0x33, 0xC5, 0x5A, 0x11, 0xA8, 0x35, 0x01, 0xAB, 0x08, 0x84, 0x82, 0xF1, 0xC7, 0x15, 0x63, 0xE2,
    0x5E, 0x40, 0x05, 0x1A, 0x8F, 0xA3, 0xEC, 0x5F, 0x76, 0x43, 0x46, 0xAB, 0x8C, 0x93, 0x8A, 0xCC,
    0x24, 0x8E, 0xDF, 0x7D, 0x6C, 0xE7, 0x1A, 0xB4, 0x44, 0xEF, 0x46, 0x48, 0x95, 0xE8, 0x46, 0x7A,
    0xF6, 0xD1, 0x4C, 0xD7, 0xD2, 0x8D, 0x4E, 0xCF, 0x53, 0x3B, 0x40, 0xA5, 0x1B, 0x25, 0xAA, 0x53,
    0x75, 0x81, 0xDA, 0x61, 0x94, 0xCE, 0x1B, 0x38, 0xD6, 0x2A, 0xD1, 0x16, 0x86, 0x4A, 0x55, 0x21,
    0x2E, 0x0B, 0xC9, 0xA9, 0x53, 0xB1, 0x5C, 0xAA, 0x97, 0x7A, 0x5B, 0x12, 0x4B, 0x52, 0x68, 0x19,
    0x89, 0x34, 0x4A, 0x90, 0x48, 0x49, 0x2A, 0x46, 0x22, 0x95, 0x29, 0x19, 0x89, 0x16, 0x8C, 0x94,
    0xD3, 0xCF, 0xB8, 0x4F, 0x82, 0x8C, 0x45, 0xA4, 0x20, 0xB9, 0x26, 0x20, 0x79, 0x21, 0xC2, 0x74,
    0x80, 0xE0, 0x08, 0x92, 0xF5, 0x2E, 0xB7, 0x01, 0x29, 0x7C, 0xA0, 0xC7, 0x03, 0xE3, 0x30, 0x52,
    0x11, 0xC9, 0x76, 0xE4, 0xB2, 0x8C, 0x5B, 0x31, 0x04, 0x18, 0x05, 0xD8, 0x09, 0x80, 0xE0, 0x44,
    0x24, 0x1B, 0x83, 0xE4, 0x91, 0x58, 0x3C, 0x72, 0x87, 0x94, 0x4B, 0xC3, 0x02, 0x5D, 0x19, 0x46,
    0x69, 0xEB, 0xB3, 0xE0, 0x78, 0xA4, 0x5A, 0x52, 0xE7, 0x90, 0x8C, 0xA8, 0x15, 0x86, 0x6B, 0xA7,
    0x1A, 0x14, 0x37, 0xD1, 0xAB, 0xCC, 0x21, 0xC8, 0x67, 0x2D, 0x0C, 0xAE, 0xFF, 0x46, 0xDD, 0xD9,
    0x5A, 0x90, 0x48, 0xD2, 0x86, 0x2C, 0xB9, 0xDA, 0xEF, 0x75, 0xD7, 0x25, 0x4A, 0x54, 0x80, 0x96,
    0x02, 0x17, 0xAE, 0x29, 0x2D, 0xB6, 0x73, 0x7A, 0x4D, 0x9D, 0x33, 0x9B, 0xD5, 0x7C, 0x6E, 0x66,
    0xAD, 0xAF, 0x1D, 0xBE, 0x02, 0x12, 0xAB, 0xD1, 0x0A, 0xBE, 0x4D, 0x64, 0xB1, 0xD3, 0x65, 0x54,
    0xEB, 0x1A, 0xC3, 0x72, 0x55, 0x73, 0xA8, 0xD5, 0xE5, 0x48, 0x97, 0x8E, 0x9D, 0x14, 0x9B, 0x3A,
    0x0D, 0xBB, 0x1C, 0xBE, 0x68, 0x17, 0xDF, 0xEE, 0xAA, 0x4A, 0x7D, 0x8D, 0x41, 0x1E, 0xD7, 0x9A,
    0xF0, 0xAB, 0x47, 0xD3, 0x65, 0xDA, 0x5A, 0x3C, 0x86, 0x7B, 0xB1, 0xF6, 0x89, 0xB5, 0x4B, 0x3A,
    0x3E, 0xD3, 0xD6, 0x98, 0x5D, 0x1E, 0xFB, 0xD3, 0xE9, 0xC4, 0x09, 0xD8, 0x3E, 0x11, 0x86, 0x5D,
    0xA2, 0x1A, 0x33, 0x2E, 0x93, 0xD9, 0x63, 0xD6, 0x65, 0xAF, 0x6B, 0x2D, 0x75, 0x39, 0x2D, 0x76,
    0x79, 0x58, 0xE6, 0xD2, 0xCC, 0xBA, 0x3C, 0x26, 0x61, 0x98, 0x73, 0xD9, 0x2E, 0x72, 0xB9, 0x59,
    0xEC, 0xB2, 0x9E, 0x71, 0xD9, 0x2D, 0x75, 0x59, 0xDE, 0x93, 0xCB, 0x61, 0xA9, 0x4B, 0xB8, 0xCB,
    0xE5, 0x5C, 0x49, 0xA5, 0x2E, 0xE7, 0x4B, 0xEA, 0xFC, 0xEF, 0x55, 0xDA, 0x2C, 0x2D, 0xFC, 0x5F,
    0x4A, 0xEA, 0xFB, 0x6D, 0x3C, 0xAE, 0xAB, 0xA4, 0xE3, 0x9A, 0xC4, 0x32, 0x89, 0x65, 0x17, 0x5B,
    0xE9, 0x79, 0x11, 0x57, 0x0D, 0xD9, 0xBD, 0x30, 0xE3, 0xDD, 0x7D, 0xE0, 0x5F, 0x96, 0x7C, 0xD2,
    0xA6, 0xE3, 0x04, 0x36, 0x7C, 0x5D, 0x7F, 0x29, 0x4A, 0xD9, 0xB1, 0x4C, 0x5E, 0x89, 0x46, 0x82,
    0x08, 0xA4, 0x9A, 0xC0, 0x2D, 0xB0, 0x34, 0x1A, 0x29, 0xAC, 0xD7, 0x0F, 0x27, 0x84, 0xFD, 0x9F,
    0x2C, 0xB7, 0xB2, 0x94, 0xAC, 0xB5, 0x52, 0x05, 0x17, 0x86, 0x8E, 0x8E, 0x4B, 0x7D, 0x23, 0xAD,
    0x53, 0x88, 0x03, 0x75, 0x56, 0x23, 0xA5, 0x62, 0xA5, 0x4E, 0x24, 0x55, 0xF9, 0x1D, 0xB0, 0xD3,
    0x45, 0x58, 0x75, 0xCB, 0xB9, 0x17, 0xD8, 0xDD, 0x25, 0xD8, 0xB3, 0xC0, 0x1E, 0x05, 0xF6, 0x02,
    0xD9, 0x52, 0xCE, 0xAA, 0x85, 0xAC, 0x79, 0x5E, 0x64, 0x15, 0x6C, 0x3C, 0x0E, 0xAA, 0x2F, 0x7E,
    0xBB, 0x54, 0xA7, 0x5D, 0xBE, 0xF7, 0xE9, 0x9F, 0xA8, 0xF5, 0xFE, 0xE6, 0x29, 0xDC, 0x1B, 0xAE,
    0x33, 0xC8, 0x3A, 0x83, 0xAC, 0x33, 0xC8, 0x3A, 0x83, 0xA4, 0x4F, 0x00, 0x32, 0xF5, 0xB4, 0xC4,
    0x07, 0xF6, 0xF0, 0xBF, 0x97, 0x56, 0x96, 0x6F, 0x6E, 0xDB, 0x07, 0x57, 0xBF, 0x75, 0xF0, 0x58,
    0x07, 0x8F, 0xFB, 0x1B, 0x3C, 0xE8, 0x31, 0x3A, 0xBF, 0x18, 0x73, 0x8F, 0xAD, 0xE9, 0x65, 0x45,
    0xD8, 0xDB, 0xA4, 0x1F, 0xAD, 0xE3, 0x6A, 0xA3, 0x19, 0x0E, 0xA5, 0x84, 0xB1, 0x80, 0x51, 0xBF,
    0x9F, 0x4B, 0x2F, 0xA7, 0x26, 0x79, 0xC4, 0x51, 0x26, 0x02, 0x9A, 0x27, 0x62, 0x84, 0x18, 0x0F,
    0xD5, 0x50, 0xEB, 0xE0, 0xB1, 0x0E, 0x1E, 0xEB, 0xE0, 0xB1, 0x0E, 0x1E, 0x7F, 0x3F, 0x78, 0x94,
    0xCE, 0xF4, 0x8A, 0x48, 0xFF, 0x29, 0x10, 0x54, 0xD4, 0xFD, 0x07, 0x41, 0xD0, 0x42, 0xF7, 0x11,
    0x5E, 0x87, 0xE2, 0x97, 0x79, 0xC8, 0x2D, 0x9E, 0x52, 0xC5, 0x1D, 0x59, 0x79, 0x4A, 0x5C, 0xC9,
    0xDB, 0x8A, 0x42, 0xBD, 0x02, 0x51, 0xA0, 0x4D, 0x72, 0x57, 0xB6, 0x0E, 0x1E, 0xEB, 0xE0, 0xF1,
    0x7C, 0x06, 0x8F, 0x1F, 0xED, 0x3D, 0xBB, 0xAE, 0xE4, 0x46, 0x76, 0x7C, 0xEC, 0x5C, 0x06, 0x15,
    0x70, 0x03, 0x7B, 0x83, 0x19, 0xC0, 0xFC, 0x04, 0xA6, 0x0E, 0x16, 0x60, 0x6F, 0xB4, 0x81, 0x13,
    0x05, 0x3B, 0x0B, 0x58, 0x9F, 0x60, 0x05, 0xD7, 0xA1, 0x03, 0xC3, 0x4D, 0x63, 0x43, 0x27, 0x13,
    0x48, 0xB9, 0x03, 0x29, 0x58, 0x29, 0x18, 0xFF, 0x80, 0x97, 0xB4, 0x1D, 0x38, 0xD8, 0x84, 0x80,
    0xE0, 0xD8, 0x1D, 0x48, 0x81, 0xE4, 0x40, 0x0D, 0xB8, 0x17, 0xEE, 0x3B, 0xCB, 0xEE, 0x32, 0xEB,
    0x75, 0x1E, 0x55, 0x87, 0x57, 0x33, 0xA3, 0x2B, 0xCD, 0x68, 0x96, 0x0D, 0xDC, 0x19, 0x9E, 0x73,
    0xBA, 0xC9, 0x62, 0x3D, 0xCE, 0xBB, 0x4E, 0x65, 0x19, 0x7E, 0x86, 0x39, 0x63, 0x1F, 0xCD, 0xE1,
    0x52, 0x9F, 0x18, 0xAC, 0xF4, 0x91, 0xC1, 0xAD, 0x9E, 0xC2, 0xE5, 0xAD, 0xD6, 0x2F, 0x7E, 0xA1,
    0x75, 0x0F, 0x14, 0xFB, 0xB9, 0x7A, 0xB0, 0x72, 0xA0, 0x3E, 0x7B, 0x78, 0xEF, 0xE1, 0x29, 0x3C,
    0x87, 0xC3, 0x4D, 0x80, 0x7D, 0x73, 0x86, 0x00, 0x6B, 0x0B, 0x16, 0xCB, 0xC5, 0x8B, 0x5D, 0x7E,
    0x1B, 0x7E, 0xA0, 0x96, 0x07, 0xED, 0xDC, 0x5D, 0x4F, 0xFE, 0xE1, 0x07, 0xFF, 0xD4, 0xD9, 0x3F,
    0x6D, 0x17, 0xEE, 0x63, 0xDF, 0x32, 0xDC, 0xB7, 0xB1, 0x0D, 0x5E, 0x9E, 0x7E, 0x84, 0x66, 0x4E,
    0xF6, 0x76, 0xA3, 0x83, 0x73, 0x4B, 0xA9, 0xFD, 0x63, 0xED, 0x0D, 0xCE, 0xE6, 0xF6, 0x97, 0x00,
    0x77, 0xE6, 0x4E, 0x1D, 0xF6, 0x5A, 0x63, 0xDE, 0x78, 0xC0, 0x5E, 0xB3, 0x3F, 0xD5, 0xD8, 0x6B,
    0xCB, 0x03, 0xFA, 0x5C, 0x63, 0xAF, 0x2D, 0x8F, 0x1E, 0x4B, 0x78, 0x9C, 0x7D, 0xB3, 0xA9, 0xC4,
    0x5E, 0x34, 0x0D, 0x38, 0x54, 0xA1, 0xF5, 0xAE, 0xE9, 0x47, 0x85, 0xCD, 0x31, 0xCF, 0x3A, 0xD6,
    0x14, 0xDE, 0xEB, 0x53, 0x0D, 0xBD, 0x6E, 0x1B, 0x78, 0x6E, 0xB0, 0xB9, 0xB6, 0xAD, 0x6D, 0x04,
    0x77, 0x74, 0xD0, 0xDB, 0x04, 0xBE, 0x30, 0xB8, 0x49, 0xE0, 0xEB, 0x1E, 0x46, 0x55, 0x80, 0xEB,
    0x04, 0xD6, 0x6F, 0x15, 0xBC, 0xB4, 0x37, 0x7E, 0x9F, 0x7B, 0xDF, 0xB7, 0x4D, 0xE0, 0xA5, 0x3F,
    0xE7, 0x7B, 0xFB, 0xB7, 0x89, 0xC6, 0x23, 0x1D, 0x2F, 0x3E, 0x9E, 0x2A, 0x1A, 0xEF, 0x8A, 0xCC,
    0x87, 0x05, 0x3E, 0xC4, 0xF3, 0xA5, 0x88, 0xE6, 0x53, 0x3C, 0xDF, 0x32, 0x1D, 0xCD, 0xC7, 0x7D,
    0x34, 0x5F, 0x3B, 0x6C, 0xA0, 0x7D, 0xB7, 0x26, 0x9A, 0xEF, 0xF1, 0x7A, 0x88, 0xD7, 0x4B, 0x1E,
    0xAD, 0x27, 0xB3, 0xCC, 0xD8, 0x7A, 0x6B, 0x7D, 0x0B, 0xC2, 0x7A, 0x5C, 0x5A, 0x61, 0xBE, 0x97,
    0x0F, 0xFE, 0x46, 0x66, 0xF9, 0x5F, 0x3F, 0x7A, 0x6A, 0x56, 0xF9, 0x28, 0xAD, 0x77, 0xE4, 0x07,
    0x67, 0x78, 0x6D, 0xC6, 0x2F, 0x02, 0x3F, 0x81, 0x8E, 0xBF, 0xE1, 0xE4, 0x2C, 0x7B, 0x42, 0xB9,
    0x8F, 0xF9, 0x3C, 0xD6, 0xFA, 0xCB, 0x2C, 0xFA, 0xEC, 0xE7, 0x15, 0x56, 0x58, 0xD0, 0x9F, 0x56,
    0x94, 0x09, 0x36, 0x8E, 0xD3, 0x64, 0x0B, 0x33, 0xBA, 0xFB, 0x45, 0x68, 0xFE, 0x2D, 0x69, 0x7B,
    0x45, 0x19, 0x99, 0x6F, 0xE6, 0x81, 0xBE, 0xC3, 0x18, 0x7A, 0xC4, 0x7C, 0x8E, 0x6E, 0x10, 0x96,
    0x7B, 0xDD, 0xFA, 0xDF, 0xB8, 0x97, 0xDA, 0xDB, 0xBB, 0x95, 0xEE, 0xA7, 0x6E, 0x3C, 0x6A, 0xD7,
    0xC9, 0xB9, 0xC5, 0x85, 0x39, 0xD8, 0x99, 0x8E, 0xEE, 0x7C, 0x03, 0x6B, 0x83, 0x1C, 0x7C, 0x27,
    0x54, 0xCB, 0x20, 0xE7, 0x61, 0x26, 0x2D, 0x37, 0xB2, 0x7F, 0x61, 0x4E, 0xF5, 0x25, 0x4C, 0x81,
    0x41, 0x8F, 0x0A, 0x5E, 0x7D, 0xAF, 0xA7, 0x1A, 0x5E, 0xBD, 0xD3, 0x87, 0x1A, 0x66, 0x52, 0xAB,
    0x8F, 0x0D, 0xF4, 0x43, 0xA3, 0x4F, 0x2D, 0x00, 0xCB, 0x77, 0x3A, 0xDF, 0x29, 0x06, 0x38, 0x23,
    0xA0, 0x0C, 0x6F, 0x99, 0x10, 0xD8, 0xCB, 0x40, 0x65, 0x80, 0xF1, 0xE5, 0x80, 0x49, 0x02, 0xE2,
    0xE7, 0x44, 0x2D, 0x60, 0x6D, 0xC3, 0x56, 0x9F, 0x5B, 0xFA, 0x3E, 0x0D, 0x7D, 0xD3, 0x1A, 0x3A,
    0xA4, 0x33, 0xCB, 0x13, 0x81, 0xA9, 0xA2, 0xFD, 0xC6, 0x7A, 0x14, 0xFA, 0xBA, 0x70, 0x22, 0x00,
    0x47, 0x61, 0xE9, 0x55, 0x32, 0x3E, 0x6C, 0xE4, 0xFC, 0x98, 0x66, 0x76, 0x4C, 0x2B, 0x3A, 0xDA,
    0xB9, 0x93, 0xA5, 0x7E, 0x41, 0x2D, 0xD3, 0xE1, 0xEE, 0x69, 0x98, 0x21, 0x0D, 0x9D, 0x3B, 0x41,
    0x92, 0xF6, 0x64, 0xBE, 0x5D, 0xC2, 0xCB, 0xD3, 0x25, 0x61, 0xE6, 0xE8, 0x1D, 0x88, 0x99, 0xE7,
    0x78, 0x9D, 0x51, 0x66, 0xD9, 0x73, 0x44, 0x13, 0x23, 0x3A, 0x1D, 0xFD, 0x84, 0xF2, 0x3A, 0xD7,
    0x1E, 0xAE, 0x51, 0x2C, 0xEB, 0xE4, 0x94, 0x61, 0xB7, 0xDB, 0x89, 0x3F, 0x19, 0x2E, 0x48, 0x11,
    0xBB, 0x08, 0x71, 0xC9, 0x22, 0xC4, 0x21, 0x42, 0xB8, 0x25, 0x42, 0x10, 0xC7, 0x0D, 0xB1, 0x21,
    0xFE, 0x84, 0x10, 0xDD, 0xEB, 0x20, 0xCE, 0xAB, 0x08, 0xC7, 0xDA, 0x89, 0x62, 0xD3, 0xA6, 0x88,
    0x83, 0xD3, 0x8E, 0x90, 0x13, 0x4C, 0x19, 0x53, 0x95, 0x1D, 0xA7, 0x26, 0x08, 0x27, 0xEA, 0x50,
    0x9B, 0xF1, 0x1C, 0xB2, 0xA4, 0x56, 0x80, 0x67, 0x98, 0x47, 0xA2, 0xAD, 0x50, 0x7D, 0xBD, 0xF3,
    0xCF, 0x03, 0x05, 0x43, 0x03, 0xF7, 0x74, 0xAF, 0xA7, 0xC2, 0x6F, 0x1B, 0xCB, 0x46, 0xAC, 0x8A,
    0x31, 0x21, 0xF7, 0xFB, 0xE4, 0xFD, 0x41, 0x13, 0xBE, 0xAC, 0xB9, 0x91, 0x32, 0x44, 0x5A, 0x06,
    0xAA, 0x1D, 0x53, 0xC6, 0xF5, 0x8E, 0x2B, 0xD1, 0xFF, 0x50, 0xA2, 0xBB, 0xB7, 0xB2, 0x77, 0xA1,
    0xDC, 0x74, 0x61, 0xAE, 0xFA, 0x13, 0x81, 0xBB, 0x16, 0xCC, 0x98, 0x2A, 0x19, 0xA4, 0xC8, 0x1D,
    0xCD, 0x43, 0x46, 0x6A, 0xB3, 0x11, 0xF5, 0xD0, 0x0A, 0x94, 0x41, 0xA3, 0x15, 0x75, 0xCE, 0x42,
    0xD7, 0x94, 0xB6, 0x59, 0x14, 0xDA, 0x51, 0xE8, 0x9C, 0x51, 0xA8, 0xA7, 0xD0, 0x25, 0x7B, 0x93,
    0xD0, 0xBC, 0x41, 0x0F, 0x02, 0xF5, 0x02, 0x54, 0x7B, 0x68, 0x44, 0x65, 0x1F, 0x54, 0x13, 0xB7,
    0x94, 0x06, 0x37, 0x0D, 0xBD, 0xA6, 0xBE, 0x07, 0x7B, 0x7A, 0x86, 0xD5, 0x97, 0x7B, 0x6D, 0xB6,
    0xB5, 0x0F, 0x54, 0xFA, 0x8F, 0x16, 0xAA, 0xCD, 0x02, 0x5C, 0xE6, 0xFE, 0xE7, 0x16, 0x32, 0x4A,
    0xEF, 0xD7, 0xCB, 0x42, 0x70, 0x4F, 0xF7, 0xAB, 0xE6, 0xEC, 0x75, 0x01, 0xB7, 0xCC, 0x26, 0x0F,
    0xB5, 0x6E, 0x3D, 0x79, 0xA8, 0x72, 0x8B, 0xA9, 0x44, 0x7D, 0xF9, 0x6A, 0x7E, 0x3F, 0xFB, 0xA5,
    0x75, 0xDD, 0x65, 0xAF, 0xFB, 0x29, 0xED, 0xAA, 0xA6, 0xA6, 0x15, 0x53, 0x4B, 0xCC, 0x73, 0x4A,
    0x6A, 0xB8, 0x71, 0xC3, 0x60, 0xE9, 0xB1, 0x26, 0xF2, 0x7D, 0x50, 0x35, 0xE9, 0x98, 0xED, 0xD9,
    0x12, 0xE5, 0x0F, 0xBE, 0xE4, 0x5A, 0xAF, 0xB6, 0x4B, 0xEB, 0xBF, 0x8A, 0x54, 0x24, 0xAE, 0x5F,
    0xE9, 0xD5, 0xC7, 0x3A, 0x9E, 0xD6, 0xAF, 0x52, 0x0B, 0x1D, 0x2B, 0x63, 0xD1, 0x3B, 0x9D, 0xEF,
    0xA1, 0x36, 0xC4, 0x76, 0xDA, 0x3E, 0x2F, 0xF7, 0xE9, 0xEC, 0xC4, 0xFE, 0x2D, 0x99, 0x54, 0xE4,
    0x73, 0xF1, 0xB6, 0x1F, 0x4C, 0xE1, 0x42, 0xA2, 0x02, 0x59, 0xA6, 0x06, 0x19, 0xBE, 0x42, 0x4D,
    0x24, 0x9B, 0x59, 0xAA, 0x48, 0x3D, 0xA5, 0xD4, 0x33, 0x52, 0x75, 0xDA, 0xE6, 0xA3, 0x9D, 0x23,
    0x3F, 0x1B, 0xB8, 0x29, 0x1D, 0x44, 0xF3, 0xE8, 0xB9, 0xC3, 0x6D, 0x64, 0x59, 0x7B, 0x3F, 0x40,
    0xD0, 0x51, 0x86, 0x64, 0x1A, 0x2E, 0xFD, 0x04, 0x1A, 0x4C, 0x95, 0x4C, 0xE1, 0x61, 0x59, 0x85,
    0xA0, 0xDF, 0xEC, 0x35, 0x13, 0x84, 0xA6, 0x79, 0x67, 0xA4, 0xD6, 0x9A, 0xFB, 0x27, 0xAD, 0x63,
    0x02, 0xA8, 0xA5, 0xE6, 0x0B, 0x4B, 0x71, 0x4B, 0x23, 0x6A, 0x56, 0x6D, 0xDA, 0x81, 0xD4, 0x8E,
    0x2F, 0xD9, 0xCE, 0xF9, 0x4D, 0x4E, 0xF4, 0xCB, 0xBC, 0xC9, 0x84, 0x5A, 0x69, 0xC6, 0x0C, 0x6C,
    0xEF, 0x20, 0xB5, 0x64, 0xAF, 0xE4, 0x7C, 0x29, 0x48, 0xCD, 0xD9, 0x7A, 0x77, 0xFE, 0x15, 0xA2,
    0xED, 0xB1, 0x17, 0x76, 0xAD, 0x20, 0xD4, 0x81, 0x8E, 0x83, 0x7B, 0x03, 0x42, 0x65, 0x7E, 0xAB,
    0x7D, 0x6C, 0x33, 0x75, 0x94, 0xF9, 0xB9, 0x01, 0x25, 0x54, 0xEA, 0xD3, 0xF2, 0xFA, 0x19, 0xA1,
    0x52, 0x0F, 0x97, 0x6B, 0x72, 0x64, 0xAF, 0xB1, 0x69, 0xB3, 0x4E, 0x6D, 0x83, 0x75, 0x2B, 0x52,
    0x5D, 0x93, 0x29, 0x95, 0x7A, 0xCA, 0xC0, 0xD5, 0x2B, 0x51, 0x83, 0x4A, 0xC9, 0xA9, 0x3D, 0x6F,
    0x32, 0xA5, 0x12, 0x9F, 0x9B, 0x6F, 0xF2, 0x0A, 0xD5, 0x37, 0x79, 0x85, 0xBA, 0xF7, 0x1D, 0x23,
    0x53, 0xD1, 0x2B, 0x24, 0x50, 0x41, 0x0B, 0x16, 0xA9, 0x30, 0x89, 0x44, 0x6A, 0x68, 0xB2, 0x4C,
    0x0D, 0x4D, 0x96, 0xA9, 0xE0, 0x0C, 0x14, 0xA9, 0xB0, 0xA4, 0xA4, 0x7E, 0xCE, 0x35, 0x2E, 0xDB,
    0x94, 0x8A, 0xF3, 0x5E, 0x1A, 0x5F, 0x68, 0xB2, 0x48, 0x6D, 0x60, 0x28, 0x25, 0x2A, 0xFA, 0x2F,
    0xA5, 0x39, 0x39, 0x10, 0x6F, 0x56, 0x32, 0x9F, 0xB1, 0xC9, 0xD2, 0x4A, 0x21, 0x4B, 0x55, 0xA0,
    0xA2, 0x5B, 0x94, 0x52, 0x83, 0x58, 0xC5, 0x26, 0x4B, 0xEB, 0x97, 0xB8, 0x5C, 0x19, 0xF5, 0x18,
    0x35, 0x99, 0x50, 0x0B, 0xDF, 0x18, 0xD2, 0x64, 0xCE, 0x55, 0xC6, 0x98, 0xBB, 0xA4, 0xFC, 0x8A,
    0x34, 0x99, 0x50, 0xC3, 0x84, 0x20, 0x4D, 0x26, 0xD4, 0x30, 0x87, 0x3B, 0xB6, 0x14, 0x4F, 0xC0,
    0xAE, 0xE6, 0xB8, 0xC9, 0x48, 0xAD, 0x42, 0x53, 0x29, 0xDB, 0x02, 0x6A, 0x88, 0xD2, 0x94, 0x94,
    0xE5, 0x05, 0x6A, 0x1E, 0x3C, 0xA3, 0xB4, 0xC9, 0x40, 0x55, 0x41, 0x5C, 0xD5, 0x54, 0xA1, 0xF3,
    0xD4, 0x5C, 0x13, 0xAB, 0x30, 0x8B, 0xA8, 0xD6, 0x3C, 0x4B, 0x7A, 0xD9, 0x0D, 0xDB, 0xA3, 0xF7,
    0x89, 0x10, 0x5D, 0xC4, 0xC3, 0xA7, 0xE1, 0xF3, 0x31, 0x4A, 0xC9, 0x0B, 0x8F, 0x57, 0x45, 0xF2,
    0xF7, 0xC0, 0x82, 0x5D, 0x11, 0xF5, 0x8A, 0x0E, 0x2E, 0x81, 0x7A, 0xB8, 0x8F, 0x7A, 0x97, 0xDD,
    0x43, 0xBD, 0xCB, 0x44, 0xAA, 0xD5, 0x46, 0xAE, 0x1F, 0x67, 0x22, 0x75, 0x7E, 0x05, 0x35, 0xC6,
    0x5B, 0x9C, 0x8D, 0x95, 0xAD, 0x5C, 0x87, 0xF1, 0x11, 0x40, 0xA3, 0xFC, 0xC6, 0x0A, 0x8C, 0x19,
    0xA4, 0xB3, 0x73, 0x7E, 0xC6, 0xDA, 0x8B, 0x53, 0xB7, 0x95, 0x13, 0x8B, 0x5C, 0x75, 0x71, 0xBA,
    0x76, 0xEB, 0x1C, 0x7C, 0xC9, 0xCF, 0x96, 0x26, 0x0C, 0x4E, 0xE4, 0x45, 0xF1, 0x01, 0x1F, 0x42,
    0x08, 0xCB, 0x2F, 0xD2, 0x58, 0xFC, 0x2D, 0x24, 0x75, 0xA5, 0xE3, 0xD2, 0x8A, 0xEA, 0x2A, 0x9E,
    0x71, 0x49, 0x8A, 0x4A, 0x11, 0xC9, 0x9A, 0x58, 0x4B, 0xC9, 0xD6, 0x55, 0x94, 0x6C, 0x5D, 0x3F,
    0xC9, 0xD6, 0x95, 0x93, 0x6C, 0x5D, 0x33, 0xB9, 0x47, 0x2D, 0xB9, 0x47, 0x27, 0x59, 0x57, 0x48,
    0xB2, 0x75, 0x6D, 0x24, 0x5B, 0x57, 0x45, 0x32, 0x41, 0x0F, 0xD9, 0x93, 0x89, 0x1A, 0x31, 0xCF,
    0x41, 0x26, 0x5D, 0xD6, 0x48, 0xED, 0x3A, 0xA9, 0x09, 0x7E, 0xF1, 0x94, 0x54, 0x7B, 0x0D, 0x08,
    0x35, 0x61, 0x51, 0xAF, 0x30, 0x8E, 0xAF, 0x35, 0x92, 0xD5, 0x81, 0x45, 0x7D, 0xA3, 0x40, 0x05,
    0x38, 0x26, 0x99, 0x80, 0xAD, 0xAC, 0x69, 0x98, 0x70, 0xE8, 0x8A, 0x32, 0x60, 0x7B, 0x66, 0x85,
    0x34, 0x50, 0xB5, 0x96, 0x91, 0xF2, 0xC8, 0x7B, 0x4E, 0x48, 0x25, 0x57, 0x68, 0x23, 0x95, 0x66,
    0x5D, 0x9F, 0x99, 0xD7, 0x95, 0x99, 0xD3, 0xBA, 0x26, 0x73, 0x58, 0x57, 0x54, 0xC6, 0x15, 0x92,
    0xEB, 0x32, 0xB1, 0x0F, 0x1B, 0xBF, 0x96, 0x05, 0x52, 0x17, 0xAB, 0xA6, 0x38, 0x5E, 0x43, 0xEA,
    0x1B, 0xD5, 0xA4, 0x9B, 0x64, 0x92, 0x8F, 0xB6, 0x4B, 0x9A, 0x43, 0x9D, 0xA8, 0xA3, 0xA0, 0x06,
    0xB7, 0x89, 0xB6, 0xD9, 0x45, 0x9A, 0x91, 0x44, 0xF2, 0x0B, 0x4D, 0xD0, 0x16, 0xCA, 0x54, 0xC9,
    0xD4, 0x28, 0xEB, 0xD6, 0xF4, 0x84, 0xE0, 0x7E, 0x4D, 0x95, 0x04, 0x70, 0xE6, 0xA6, 0x1A, 0x42,
    0x96, 0x2A, 0x96, 0x81, 0x6F, 0x14, 0xA9, 0xDE, 0xD8, 0x62, 0x18, 0x73, 0xB7, 0xA2, 0x18, 0xD4,
    0x89, 0xC6, 0x98, 0xA3, 0x00, 0x9E, 0xD7, 0x54, 0x82, 0x21, 0x70, 0x96, 0x44, 0x1F, 0xC0, 0xFC,
    0x88, 0x44, 0x19, 0xC0, 0xD4, 0x08, 0x49, 0x13, 0x58, 0x53, 0x03, 0xDA, 0x48, 0x03, 0x24, 0x3A,
    0x00, 0x7D, 0x9B, 0x44, 0x01, 0x38, 0x44, 0xC9, 0x2A, 0x44, 0xFA, 0x8F, 0x09, 0x29, 0x16, 0xFD,
    0xD7, 0x58, 0xEE, 0x2B, 0x14, 0x5A, 0xB1, 0xD0, 0x17, 0x48, 0x77, 0xD9, 0x1A, 0xE9, 0x2E, 0x4B,
    0x49, 0xB1, 0xAC, 0x57, 0xA9, 0x80, 0xBC, 0xEF, 0xE3, 0xBE, 0xD5, 0x99, 0xB7, 0x52, 0xDC, 0x94,
    0x77, 0x14, 0x1B, 0x1F, 0x68, 0xB9, 0x94, 0x70, 0x14, 0xEB, 0x32, 0x1B, 0xB8, 0xD4, 0xF1, 0xCF,
    0x5C, 0x94, 0x86, 0xD8, 0xA1, 0xE6, 0x29, 0x2D, 0x0D, 0x24, 0x33, 0x8A, 0x32, 0x21, 0xD9, 0x49,
    0xA2, 0x58, 0xBF, 0xC4, 0x4E, 0xA2, 0x98, 0x31, 0x98, 0x33, 0x91, 0xD2, 0x24, 0xCE, 0x33, 0xB2,
    0xEA, 0x47, 0x99, 0x92, 0x0D, 0xD7, 0x6C, 0x85, 0xB2, 0xD2, 0x6F, 0xEF, 0x02, 0xE5, 0x66, 0xD0,
    0xCF, 0x44, 0x8A, 0x5D, 0x2B, 0x3B, 0x47, 0x69, 0xD9, 0xA4, 0x6A, 0x9C, 0x6A, 0x66, 0x81, 0x8E,
    0x51, 0x06, 0x37, 0xEB, 0x53, 0x8A, 0x5F, 0x1D, 0x53, 0x4A, 0xF1, 0x91, 0x96, 0xBB, 0x94, 0x32,
    0xF8, 0x64, 0x88, 0xA4, 0x05, 0x79, 0x50, 0xF8, 0x68, 0xAB, 0x2D, 0x83, 0xC6, 0xC0, 0x39, 0x17,
    0xF2, 0x34, 0xBE, 0xCE, 0x65, 0x3C, 0x72, 0xF6, 0x96, 0x50, 0x1C, 0x3B, 0xEC, 0x22, 0x3E, 0x8C,
    0xDC, 0x30, 0xAC, 0xDF, 0x82, 0x39, 0x38, 0xAE, 0xB6, 0x69, 0x63, 0x98, 0xB5, 0x19, 0x93, 0x02,
    0x05, 0xB1, 0x95, 0x33, 0x2A, 0xDE, 0x31, 0x1D, 0x83, 0x50, 0x1C, 0x27, 0xAC, 0xC2, 0x2A, 0xCA,
    0x99, 0xBA, 0xDB, 0x07, 0x77, 0x3E, 0xA7, 0x38, 0x3E, 0x08, 0x59, 0x1B, 0x84, 0xE2, 0xD8, 0x60,
    0x43, 0x98, 0x34, 0x57, 0xDD, 0xC0, 0xC1, 0x9D, 0xD3, 0x98, 0xDD, 0x01, 0xA2, 0x7F, 0x8C, 0xE2,
    0x17, 0x50, 0x97, 0x52, 0x54, 0xE0, 0x26, 0x87, 0x98, 0xE2, 0xC5, 0x95, 0x40, 0xF1, 0xD2, 0x0A,
    0xD6, 0x7E, 0x4E, 0x32, 0x29, 0x8E, 0x32, 0x25, 0xC8, 0xAA, 0x94, 0x12, 0x44, 0x55, 0x4A, 0xA9,
    0xC1, 0x94, 0x8D, 0x29, 0x1D, 0x08, 0xAC, 0x98, 0x12, 0xE4, 0x54, 0xD2, 0x6A, 0x10, 0x53, 0x09,
    0x05, 0xA4, 0x54, 0xD2, 0x3B, 0x0A, 0x9F, 0x17, 0x51, 0x1A, 0xD4, 0x2C, 0x22, 0x0A, 0x04, 0x6E,
    0x93, 0x91, 0x23, 0x46, 0x23, 0x1F, 0x6D, 0x90, 0xE3, 0xC9, 0x0C, 0xC1, 0x5C, 0x42, 0x15, 0x1E,
    0x58, 0x06, 0x1E, 0x4F, 0x72, 0x35, 0x19, 0x05, 0xFD, 0x86, 0x65, 0xF8, 0xB5, 0x0A, 0x0B, 0xFD,
    0x88, 0x33, 0x75, 0x0C, 0x2C, 0x97, 0x89, 0x70, 0x54, 0x37, 0xBA, 0x90, 0xC2, 0xD4, 0xC7, 0xCA,
    0x8F, 0xF6, 0x53, 0x96, 0xAE, 0x95, 0x6B, 0x30, 0xEA, 0x78, 0xD8, 0xD9, 0x7C, 0x6B, 0xF2, 0xFC,
    0x82, 0xEB, 0x44, 0xA6, 0xD9, 0x77, 0xD6, 0xB2, 0xB4, 0x14, 0x6A, 0xD3, 0x18, 0x8F, 0xF7, 0x17,
    0x8B, 0xDD, 0x77, 0x34, 0x14, 0xE2, 0xFE, 0xDE, 0x81, 0xDD, 0x30, 0x1A, 0x0A, 0x31, 0xEA, 0xFB,
    0xC0, 0x91, 0x1C, 0x17, 0xE3, 0x94, 0x52, 0x23, 0xE7, 0xE3, 0x14, 0xA7, 0x0E, 0xF4, 0x12, 0xA5,
    0x72, 0x56, 0xE7, 0xC0, 0x29, 0xB6, 0x37, 0x1F, 0xEB, 0x97, 0x0E, 0x6B, 0x75, 0x49, 0x30, 0xC8,
    0xE6, 0x57, 0x9E, 0x36, 0xE4, 0x86, 0xDC, 0x90, 0x1B, 0xF2, 0xDD, 0x46, 0x36, 0x12, 0xB2, 0x65,
    0x2E, 0x1F, 0x74, 0x25, 0xA5, 0xC8, 0x3D, 0xF3, 0x00, 0x2D, 0x9F, 0x9F, 0xBA, 0x80, 0x06, 0x47,
    0x5E, 0x2D, 0xAF, 0x3E, 0xEF, 0xF5, 0xE5, 0xA9, 0xFF, 0xFC, 0x6A, 0xF9, 0xD6, 0x9D, 0x49, 0x4E,
    0x3E, 0xED, 0x99, 0x03, 0x15, 0x62, 0xA4, 0x04, 0xE9, 0xC3, 0xA7, 0x93, 0x84, 0x1C, 0x19, 0xD2,
    0xCB, 0xA1, 0x4C, 0x40, 0xCE, 0x99, 0xF0, 0xA0, 0x03, 0x51, 0x8B, 0x0D, 0xB2, 0xE2, 0x7E, 0x58,
    0xFF, 0x59, 0x64, 0xC9, 0xB3, 0x6F, 0x95, 0x1B, 0x65, 0xDC, 0x8F, 0xD5, 0x8F, 0x06, 0x91, 0x1B,
    0x5F, 0xFC, 0x9A, 0x43, 0xF5, 0xAD, 0x42, 0x14, 0xF1, 0xC4, 0x2A, 0xE3, 0x39, 0xB9, 0x21, 0x36,
    0xC4, 0x3B, 0x84, 0xA0, 0xFC, 0xB2, 0xA4, 0x41, 0x31, 0xC3, 0xAD, 0xBE, 0x2F, 0x44, 0x17, 0x23,
    0xF8, 0x92, 0xFC, 0x5E, 0x10, 0x55, 0x8C, 0x50, 0xB1, 0xFF, 0xA9, 0x8E, 0x11, 0x5D, 0x84, 0xB8,
    0xE1, 0x19, 0x33, 0x85, 0x8E, 0xD2, 0xBC, 0x4A, 0x9E, 0x53, 0xEA, 0x11, 0x63, 0x8C, 0xD8, 0x45,
    0x88, 0x4B, 0x16, 0x21, 0x98, 0xC7, 0x6E, 0x79, 0xCA, 0x57, 0xAC, 0x4D, 0x2E, 0x13, 0x63, 0x74,
    0x17, 0x83, 0x9E, 0x1E, 0xFA, 0xC2, 0xDF, 0xF9, 0xF1, 0x6F, 0x77, 0x5D, 0x68, 0xFB, 0xC3, 0x5E,
    0x74, 0xE1, 0x11, 0xFB, 0x87, 0xBB, 0xD8, 0x6F, 0x17, 0x6F, 0xE8, 0x02, 0x86, 0x00, 0xE2, 0xC0,
    0x2F, 0x7F, 0x31, 0x84, 0x0B, 0xE2, 0x79, 0xEB, 0xB9, 0xCF, 0xE2, 0x36, 0x78, 0x33, 0x34, 0xEC,
    0xA1, 0x71, 0x0B, 0x66, 0x08, 0x81, 0x02, 0x08, 0x0B, 0xC0, 0x46, 0xB4, 0xBD, 0x06, 0xB7, 0xE0,
    0xBD, 0x36, 0x7A, 0x47, 0x56, 0x1A, 0xCC, 0xD1, 0x45, 0x5F, 0x65, 0x2A, 0x40, 0x44, 0x98, 0xD7,
    0x08, 0xD7, 0x35, 0x02, 0xAE, 0xF7, 0x98, 0x30, 0xAE, 0x11, 0x0E, 0x6B, 0x84, 0xD3, 0x1A, 0x61,
    0x5E, 0x23, 0x5C, 0xD7, 0x08, 0xD0, 0xAC, 0x84, 0x30, 0xAE, 0x11, 0x8E, 0x6B, 0x84, 0xD3, 0x1A,
    0x61, 0x5E, 0x23, 0x68, 0x99, 0xF0, 0x0D, 0x49, 0x68, 0x62, 0x84, 0xDF, 0xEB, 0x84, 0x99, 0x38,
    0xC2, 0x7F, 0x40, 0xB3, 0x22, 0xC2, 0xBF, 0x01, 0xB3, 0x8E, 0x08, 0xE3, 0x10, 0x38, 0x6E, 0x4C,
    0xE8, 0xD0, 0xCF, 0xC7, 0x09, 0x35, 0xBA, 0x06, 0x39, 0xA1, 0x42, 0x6F, 0x22, 0x27, 0x94, 0xE8,
    0x3F, 0xE3, 0x84, 0x2C, 0x34, 0x2B, 0x21, 0xF8, 0x44, 0xB9, 0x94, 0xD0, 0x82, 0x4B, 0x31, 0x22,
    0x84, 0x66, 0x25, 0x84, 0xD0, 0xAC, 0x84, 0x50, 0x80, 0x63, 0x36, 0x22, 0x84, 0x14, 0xB1, 0x94,
    0xB0, 0x0F, 0xEE, 0xDF, 0x98, 0xD0, 0x92, 0xF8, 0x13, 0x23, 0xD4, 0xC1, 0xC9, 0x1C, 0x13, 0x7C,
    0xB3, 0x52, 0x82, 0x6F, 0x56, 0x4A, 0xC8, 0x42, 0x0A, 0x7B, 0x42, 0x70, 0xBE, 0x46, 0x81, 0xD0,
    0xF8, 0x60, 0x44, 0x42, 0xA8, 0x7D, 0x5C, 0x20, 0x21, 0xB8, 0x4C, 0x0A, 0x81, 0xE0, 0x72, 0xB6,
    0x04, 0x82, 0x4B, 0x42, 0x92, 0x08, 0x9D, 0xDB, 0x99, 0x9B, 0x12, 0x6C, 0x96, 0x96, 0x44, 0xB0,
    0x99, 0x52, 0x12, 0xA1, 0x74, 0xD6, 0x63, 0x4A, 0xB0, 0xCD, 0x92, 0x08, 0xB6, 0x59, 0x22, 0xC1,
    0x34, 0x4B, 0x24, 0x98, 0xD0, 0x8A, 0x48, 0x30, 0xCD, 0x12, 0x09, 0x66, 0x66, 0x8B, 0x04, 0x13,
    0xFA, 0x96, 0x09, 0x7B, 0xB3, 0x7F, 0x53, 0x22, 0x74, 0x54, 0x3F, 0xA2, 0x84, 0x7A, 0x8D, 0x50,
    0x51, 0x42, 0x4B, 0x08, 0xC5, 0x1A, 0x21, 0xD3, 0x8C, 0xA5, 0x11, 0xC2, 0x7E, 0x8D, 0xD0, 0x6A,
    0x1A, 0x2A, 0x26, 0x84, 0x9A, 0x10, 0xAC, 0xB7, 0x61, 0x44, 0x2F, 0xB6, 0xBD, 0xDE, 0xD9, 0x86,
    0x9C, 0x90, 0x50, 0x38, 0x42, 0x7E, 0xE7, 0x36, 0x39, 0x91, 0xFD, 0x06, 0x9E, 0xA0, 0xBF, 0x34,
    0x3E, 0x0A, 0x4A, 0xE8, 0xB4, 0x5F, 0x12, 0xDE, 0x25, 0x31, 0xA2, 0xCF, 0xC4, 0x5C, 0x97, 0xE0,
    0x96, 0x18, 0x89, 0x77, 0x1D, 0x09, 0x3B, 0x42, 0x28, 0x09, 0xE1, 0x4A, 0x37, 0x3B, 0xE4, 0x84,
    0x70, 0x66, 0xBB, 0x20, 0xC8, 0xC3, 0xA7, 0xA5, 0x29, 0x3D, 0x91, 0x6A, 0xE6, 0xFA, 0x89, 0x5E,
    0xDB, 0x9E, 0xF0, 0x64, 0x5D, 0xD6, 0xA6, 0x72, 0x56, 0x49, 0x32, 0xB6, 0x96, 0xE4, 0x6B, 0x2D,
    0xC9, 0xD6, 0x5A, 0x92, 0xAB, 0xB5, 0x24, 0x53, 0x6B, 0x49, 0x9E, 0xD6, 0x92, 0x2C, 0xAD, 0x25,
    0x39, 0x5A, 0x4B, 0x32, 0xB4, 0x96, 0xE4, 0x67, 0x2D, 0xC9, 0xCE, 0xFC, 0xD3, 0x67, 0xA2, 0xDC,
    0x14, 0x65, 0xA6, 0x28, 0x2F, 0x45, 0x59, 0x29, 0xCA, 0x49, 0x51, 0x46, 0x8A, 0xF2, 0x51, 0x94,
    0x8D, 0xA2, 0x5C, 0x4C, 0x65, 0x62, 0x65, 0x67, 0x7D, 0x24, 0x0F, 0x2B, 0x49, 0x16, 0x2A, 0x49,
    0x0E, 0x2A, 0x49, 0x06, 0x2A, 0x49, 0xFE, 0x29, 0x49, 0xF6, 0x29, 0x49, 0xEE, 0x29, 0x49, 0xE6,
    0x29, 0x49, 0xDE, 0x29, 0x49, 0xD6, 0x29, 0x49, 0xCE, 0x29, 0x49, 0xC6, 0x29, 0x49, 0xBE, 0x29,
    0x49, 0xB6, 0x29, 0x49, 0xAE, 0x29, 0x49, 0xA6, 0x29, 0x49, 0x9E, 0x29, 0x49, 0x96, 0x29, 0x49,
    0x8E, 0x29, 0x49, 0x86, 0x29, 0x49, 0x7E, 0x29, 0x49, 0x76, 0x29, 0x49, 0x6E, 0x29, 0x49, 0x66,
    0x29, 0x49, 0x5E, 0x29, 0x49, 0x56, 0x29, 0x49, 0x4E, 0x29, 0x49, 0x46, 0x29, 0x49, 0x3E, 0x29,
    0x49, 0x36, 0x29, 0x49, 0x2E, 0x29, 0x49, 0x26, 0x29, 0x49, 0x1E, 0x29, 0x49, 0x16, 0x29, 0x49,
    0x0E, 0x29, 0x49, 0x06, 0x29, 0x49, 0xFE, 0x28, 0x49, 0xF6, 0x28, 0x49, 0xEE, 0x28, 0x49, 0xE6,
    0x28, 0x49, 0xDE, 0x28, 0x49, 0xD6, 0x28, 0x5E, 0x3D, 0x41, 0x40, 0x16, 0x12, 0x32, 0x13, 0x91,
    0x9D, 0x84, 0x6C, 0x25, 0x64, 0x2D, 0x21, 0x4B, 0x09, 0x99, 0x4B, 0xC8, 0x0C, 0x90, 0xA9, 0x0C,
    0x51, 0x52, 0x1E, 0xF3, 0x0F, 0x86, 0xAC, 0x65, 0xA4, 0xB0, 0xAB, 0xAE, 0x95, 0x90, 0x69, 0x80,
    0xC2, 0xFA, 0x85, 0xE2, 0x00, 0x6F, 0x15, 0xBB, 0x82, 0xFC, 0xDC, 0x4D, 0x12, 0x98, 0x1C, 0xB2,
    0x97, 0x90, 0x99, 0x80, 0x3C, 0x4B, 0xC8, 0x64, 0xCF, 0x5F, 0x65, 0x22, 0xE7, 0xDF, 0xF6, 0x29,
    0xD3, 0xA2, 0x0F, 0xFA, 0x6D, 0x45, 0x44, 0x2D, 0xCD, 0xFF, 0xE6, 0xE3, 0xEC, 0x6D, 0xFA, 0xE4,
    0x36, 0x0F, 0x8B, 0xCC, 0xF1, 0x21, 0xE8, 0x07, 0x85, 0xF1, 0x7E, 0x8E, 0x6E, 0x3C, 0x8F, 0x10,
    0xC5, 0x19, 0x5D, 0x06, 0xC3, 0x05, 0x11, 0x15, 0x66, 0x16, 0x38, 0x44, 0x8B, 0x5B, 0xD8, 0x1D,
    0xC2, 0xEC, 0x6C, 0xF0, 0x37, 0xB1, 0x88, 0xFF, 0x34, 0xDF, 0xAE, 0xDC, 0x8C, 0xB0, 0x88, 0x6F,
    0xEC, 0x7C, 0x73, 0xDB, 0x23, 0x4A, 0x97, 0xC8, 0xB8, 0x83, 0x14, 0x15, 0x87, 0x38, 0xBB, 0x19,
    0x73, 0x05, 0xC4, 0x88, 0xFD, 0x6D, 0x11, 0xD7, 0x2C, 0x42, 0x9C, 0x49, 0x1A, 0x8A, 0x45, 0x4C,
    0x01, 0xB1, 0x83, 0x77, 0xF1, 0xEB, 0x7D, 0x43, 0x6C, 0x88, 0x37, 0x84, 0xE8, 0x70, 0xA3, 0x9B,
    0xCC, 0xD8, 0xBE, 0x17, 0xC4, 0xB7, 0x05, 0x18, 0x12, 0x49, 0xD3, 0xC6, 0x55, 0x75, 0x84, 0x78,
    0xC2, 0x29, 0x8E, 0x16, 0x24, 0x01, 0x86, 0x29, 0x46, 0xF4, 0xAF, 0x14, 0x4F, 0xC8, 0x79, 0x3C,
    0x81, 0x99, 0x69, 0xBD, 0xAD, 0x03, 0x85, 0x81, 0xFB, 0x03, 0x49, 0xAD, 0xF3, 0x45, 0x09, 0x78,
    0x95, 0x33, 0xA3, 0xFA, 0xD3, 0x1B, 0x4C, 0x6C, 0xBB, 0xBD, 0xA2, 0x26, 0x72, 0x78, 0x41, 0xFA,
    0xC4, 0x21, 0xCA, 0x01, 0x6E, 0xA2, 0xB6, 0x56, 0x91, 0x64, 0xCC, 0xEF, 0xDD, 0x1A, 0xFF, 0xE6,
    0x3F, 0xB7, 0xBC, 0x6F, 0x2D, 0x0F, 0xFF, 0x82, 0xEB, 0x04, 0x2C, 0x91, 0x8E, 0xED, 0x93, 0x2A,
    0x58, 0x7A, 0x19, 0x29, 0x63, 0x72, 0x60, 0x5F, 0x0F, 0x5D, 0x66, 0xBE, 0x7E, 0xB7, 0x7B, 0x34,
    0x68, 0x4C, 0x52, 0xBC, 0xEE, 0x50, 0x19, 0x84, 0xBC, 0xFC, 0x16, 0x36, 0xD1, 0xBA, 0x1B, 0x57,
    0x50, 0xA1, 0x0C, 0xB6, 0x37, 0x5C, 0x33, 0xBA, 0x9D, 0xCF, 0x55, 0x88, 0xA8, 0x48, 0x32, 0x22,
    0xA9, 0x5B, 0x96, 0x85, 0xCA, 0x2F, 0x2D, 0x0C, 0x85, 0xDB, 0x6D, 0x44, 0x62, 0x65, 0x36, 0xBF,
    0x70, 0xA0, 0xF6, 0xF5, 0x99, 0x55, 0x53, 0xEC, 0x5C, 0x72, 0xC5, 0x84, 0xA3, 0x3E, 0xB3, 0xCC,
    0xEE, 0xDA, 0xC1, 0x3D, 0xC2, 0x1F, 0x67, 0xB4, 0x9A, 0xE2, 0xA3, 0x1D, 0x4F, 0xEB, 0xF5, 0x8D,
    0x8C, 0x33, 0x51, 0xA2, 0x24, 0x94, 0x4B, 0x9C, 0x7F, 0x72, 0x6F, 0xA8, 0xEF, 0x55, 0xE1, 0xB8,
    0x2C, 0xC3, 0x43, 0xC1, 0x8F, 0xDD, 0x56, 0x46, 0x80, 0xBD, 0x5A, 0xD0, 0x3F, 0x14, 0x6C, 0xEE,
    0xFF, 0xD9, 0x02, 0xD3, 0xF7, 0xC9, 0x5F, 0x03, 0xA6, 0xFD, 0xE9, 0xE0, 0x2B, 0x83, 0x9B, 0x08,
    0xA6, 0xE3, 0x15, 0xC3, 0xCB, 0x14, 0xEE, 0xE9, 0xC6, 0x2C, 0x33, 0x17, 0xE8, 0x46, 0xB8, 0xD2,
    0x56, 0xBE, 0x43, 0xD8, 0x70, 0x89, 0x82, 0x70, 0x0E, 0xE5, 0x92, 0x39, 0x69, 0xB1, 0x32, 0x56,
    0x4D, 0xB1, 0x75, 0x5B, 0xAC, 0x88, 0xAB, 0x67, 0x81, 0xC9, 0xD6, 0x5E, 0xBB, 0x46, 0x71, 0x57,
    0x6D, 0x61, 0x61, 0xDC, 0xD0, 0xEA, 0xB6, 0x14, 0xE2, 0x7A, 0x69, 0x2C, 0x9C, 0x03, 0xDF, 0xDD,
    0xEB, 0xFF, 0xF6, 0x2A, 0x60, 0xEF, 0x7F, 0xFE, 0x4F, 0xE6, 0x2A, 0x54, 0x53, 0x5C, 0xBE, 0xAE,
    0x1C, 0xA3, 0xB5, 0x5F, 0x58, 0xC8, 0x73, 0x15, 0xF2, 0x53, 0xAF, 0x1F, 0xFD, 0xDA, 0x24, 0x2C,
    0x55, 0xA1, 0x1C, 0xA3, 0x0E, 0x35, 0x57, 0x7A, 0xCA, 0x0F, 0xB2, 0x32, 0x54, 0x60, 0xF2, 0xFE,
    0x3B, 0x07, 0x07, 0x06, 0x31, 0x05, 0xB8, 0x0A, 0x9B, 0x5F, 0x0A, 0xBF, 0x96, 0xEC, 0xE0, 0x3F,
    0x33, 0x1D, 0xEE, 0x5F, 0xED, 0x03, 0xAD, 0x3F, 0x5C, 0x61, 0x65, 0x3E, 0x85, 0xF7, 0x40, 0x9C,
    0x3F, 0x03, 0x6E, 0x54, 0x3F, 0x2D, 0xF7, 0xBC, 0xC2, 0x70, 0x5D, 0xA8, 0xD4, 0x18, 0xCC, 0xE4,
    0x98, 0xB0, 0xAF, 0x0F, 0x7C, 0x8B, 0x1D, 0x9F, 0x27, 0x54, 0x5A, 0xEC, 0x99, 0x6D, 0xC4, 0x17,
    0x74, 0x71, 0x6F, 0xD5, 0x93, 0x1F, 0xF6, 0xF3, 0xFE, 0xF0, 0xB5, 0x79, 0xA1, 0x9B, 0xD9, 0x73,
    0x7C, 0xCB, 0x76, 0xF7, 0x97, 0x60, 0xB5, 0xD9, 0xF1, 0x20, 0x9B, 0x1B, 0x77, 0x76, 0xEA, 0x87,
    0x1D, 0x46, 0xC7, 0xC1, 0x40, 0xAD, 0x51, 0xE6, 0x9F, 0x87, 0xE1, 0xB1, 0x28, 0x57, 0x7D, 0x12,
    0x18, 0x63, 0xE1, 0x04, 0x7D, 0x09, 0xBB, 0xC8, 0x2E, 0x44, 0xA1, 0x70, 0x29, 0xE5, 0xB5, 0xEF,
    0x3C, 0x65, 0xA1, 0x30, 0x54, 0x25, 0x0B, 0x98, 0x14, 0xF6, 0x77, 0x1D, 0x44, 0x57, 0xDD, 0xD6,
    0x0B, 0xAA, 0x2C, 0xED, 0xC3, 0xE8, 0xBC, 0x32, 0x44, 0xEF, 0xC2, 0x9F, 0xD0, 0x81, 0x5B, 0xE6,
    0x92, 0x61, 0x6A, 0x7C, 0xE5, 0x2B, 0x0E, 0x9D, 0x88, 0xC5, 0xAD, 0xC0, 0xE7, 0x77, 0xCC, 0x30,
    0xCB, 0xDC, 0xCB, 0x06, 0xA7, 0x1D, 0x3D, 0xD1, 0x30, 0xBB, 0xBF, 0xDC, 0xBD, 0xAF, 0x61, 0xF7,
    0x1A, 0xAD, 0xF9, 0x55, 0xF0, 0x82, 0x5F, 0x1D, 0xAB, 0x2A, 0xEA, 0x58, 0xDE, 0x33, 0x2A, 0x83,
    0x9F, 0xC1, 0xCA, 0xBF, 0x7B, 0x6F, 0x45, 0xB9, 0x60, 0xE5, 0x42, 0x97, 0xC7, 0x8D, 0x4C, 0x98,
    0x8C, 0x4C, 0x94, 0x4C, 0x4C, 0x30, 0x9C, 0xB9, 0x06, 0xF0, 0xE2, 0x57, 0x54, 0xBD, 0x31, 0x9F,
    0x4F, 0xDF, 0x43, 0x1B, 0x1F, 0x34, 0x84, 0x82, 0x6F, 0xA9, 0xE6, 0x9B, 0xAF, 0x6B, 0xB6, 0x29,
    0x0D, 0xB3, 0x67, 0x9C, 0x8B, 0xD1, 0xCF, 0x24, 0x33, 0x01, 0x5C, 0x5D, 0xD3, 0x47, 0xA6, 0x5E,
    0xDA, 0x29, 0x83, 0x0A, 0x63, 0xB9, 0x4B, 0x52, 0x3C, 0x13, 0x35, 0x14, 0x5F, 0xCF, 0x94, 0x22,
    0xC3, 0xD7, 0x33, 0x53, 0xB7, 0x85, 0x05, 0x6B, 0xEC, 0x3E, 0x52, 0x2B, 0xD2, 0xE6, 0x3D, 0x52,
    0x68, 0x78, 0x49, 0xE8, 0x8A, 0xD3, 0x65, 0xB9, 0xE7, 0x85, 0x84, 0xA2, 0x4A, 0xEB, 0x0D, 0xC4,
    0xB6, 0x9C, 0xAD, 0x36, 0x10, 0xBA, 0xEB, 0x48, 0xD4, 0x8E, 0xC1, 0x32, 0x36, 0xFF, 0x12, 0x95,
    0x67, 0xB9, 0xB6, 0x18, 0xEC, 0x8D, 0xF6, 0xB3, 0xDC, 0x97, 0xAF, 0xB2, 0x7D, 0xA6, 0x78, 0x7F,
    0x0E, 0x6C, 0xBE, 0xDC, 0x70, 0x4D, 0xEB, 0x86, 0x4D, 0x8A, 0x2C, 0x7B, 0xFA, 0xD7, 0x4F, 0xBF,
    0x45, 0xCB, 0x7B, 0xB1, 0x8B, 0xB4, 0xBC, 0x4B, 0xAC, 0xE5, 0x1D, 0x22, 0x2D, 0xEF, 0x4A, 0x35,
    0xF6, 0xAD, 0x66, 0xF6, 0x56, 0x33, 0x7B, 0xAB, 0x99, 0xBD, 0xD5, 0xCC, 0xCE, 0x7E, 0xA8, 0x9A,
    0xD9, 0x97, 0xC8, 0xB8, 0x60, 0x1E, 0xE3, 0x22, 0x22, 0xA7, 0xC7, 0x05, 0xF4, 0x91, 0xED, 0xC3,
    0xF9, 0xE1, 0x10, 0xF9, 0x3D, 0xF4, 0xFC, 0x8A, 0xF0, 0x32, 0x26, 0x3F, 0x61, 0x5E, 0x81, 0x3E,
    0xFF, 0x57, 0xF6, 0x3C, 0xFE, 0x02, 0x6D, 0x04, 0xAB, 0x08, 0xCE, 0x23, 0x37, 0xCA, 0xD2, 0x23,
    0xA4, 0xB0, 0xA7, 0x29, 0xF9, 0xBD, 0x23, 0xAC, 0x1C, 0x68, 0x15, 0xED, 0x47, 0x5A, 0x82, 0xB9,
    0xA0, 0x82, 0x64, 0x2B, 0xF9, 0xBD, 0x95, 0xFC, 0x7E, 0xB3, 0x25, 0xBF, 0x59, 0x19, 0x9F, 0x43,
    0x64, 0xB1, 0x01, 0x73, 0x64, 0x82, 0x60, 0xA2, 0x5C, 0xBE, 0x5F, 0x59, 0xC9, 0x2F, 0x0D, 0xEC,
    0xB2, 0x9C, 0x66, 0x76, 0xDC, 0x32, 0xF5, 0x96, 0xB0, 0x5F, 0x5E, 0xE6, 0x87, 0x6E, 0x9C, 0x26,
    0xEB, 0xF1, 0x86, 0xE9, 0x52, 0xD9, 0x6A, 0x06, 0xC9, 0x56, 0xA3, 0x11, 0xE5, 0xCE, 0x56, 0xA3,
    0x11, 0x1E, 0xB4, 0xD5, 0x68, 0x8C, 0x02, 0xF6, 0x5B, 0x8D, 0x46, 0x6A, 0xF6, 0x6C, 0x35, 0x1A,
    0xB7, 0x1A, 0x8D, 0xC1, 0xB8, 0x88, 0x9A, 0xBC, 0xD5, 0x68, 0xDC, 0x6A, 0x34, 0xBE, 0xF9, 0x1A,
    0x8D, 0x59, 0xEC, 0x26, 0xDA, 0xAD, 0x92, 0x24, 0x5A, 0x5A, 0xA3, 0x31, 0x25, 0xA5, 0xB5, 0xC6,
    0x85, 0x1A, 0x8D, 0x29, 0x49, 0xA7, 0xA4, 0x35, 0x8D, 0x25, 0x5B, 0x57, 0x57, 0xB2, 0x75, 0x5D,
    0xE5, 0x1E, 0x45, 0x65, 0xAB, 0xD1, 0xB8, 0x46, 0xDA, 0x6A, 0x34, 0x6E, 0x35, 0x1A, 0x7B, 0x2A,
    0x97, 0xB6, 0x1A, 0x8D, 0xD8, 0x4D, 0x5B, 0x8D, 0x46, 0x32, 0x58, 0xD9, 0x56, 0xA3, 0x31, 0x7B,
    0x5B, 0x6A, 0x34, 0x6E, 0x94, 0x3F, 0x5D, 0xCA, 0x56, 0xA3, 0x71, 0xAB, 0xD1, 0xB8, 0xD5, 0x68,
    0xDC, 0x6A, 0x34, 0xFA, 0xEF, 0x30, 0xCA, 0x56, 0xA3, 0xF1, 0xCD, 0xD6, 0x68, 0xFC, 0x49, 0x04,
    0xFF, 0x03, 0x07, 0x9F, 0x70, 0xA6, 0x9D, 0x47, 0xA5, 0x8C, 0x6F, 0xB9, 0x4D, 0x58, 0xF1, 0xCD,
    0x3D, 0xF9, 0xC0, 0xE1, 0x86, 0x5B, 0xF0, 0x37, 0x3C, 0xE5, 0xC4, 0xBE, 0xDF, 0xC4, 0x9C, 0xD7,
    0x6C, 0x0B, 0x4F, 0xC9, 0x0F, 0x27, 0x4C, 0xD2, 0xD1, 0xF3, 0xF8, 0x45, 0xDF, 0xCB, 0xDE, 0xF0,
    0x67, 0xCB, 0x85, 0x86, 0x75, 0xBC, 0xE5, 0x42, 0x3F, 0x08, 0xBC, 0xE5, 0x42, 0x6F, 0xB9, 0xD0,
    0x6F, 0x24, 0x17, 0xDA, 0x8D, 0x0C, 0x9B, 0xE4, 0xED, 0x85, 0x71, 0xFE, 0x2B, 0x0B, 0x59, 0x6A,
    0xCE, 0xF5, 0xA9, 0x63, 0x8B, 0xC5, 0x01, 0x48, 0xDA, 0x8A, 0xA2, 0xD2, 0x21, 0x67, 0xB2, 0xA1,
    0x66, 0x92, 0xA1, 0x66, 0x72, 0xA1, 0x62, 0x52, 0xA1, 0x64, 0xEB, 0x3C, 0xDF, 0xFD, 0xD0, 0x2C,
    0x7F, 0xCB, 0x8C, 0xDE, 0x32, 0xA3, 0x47, 0x26, 0x58, 0xB6, 0xCC, 0xE8, 0x77, 0x3C, 0x33, 0x3A,
    0x02, 0xCB, 0x28, 0x14, 0xA2, 0x22, 0xB8, 0x8E, 0x0E, 0x03, 0xA9, 0x23, 0xB7, 0x48, 0x13, 0xC5,
    0x66, 0xDA, 0x68, 0xC3, 0xE4, 0x30, 0x47, 0x9A, 0x0C, 0xBF, 0x9F, 0xB0, 0x5D, 0x72, 0x66, 0xAD,
    0xF9, 0x9A, 0x1D, 0x13, 0xD2, 0x5C, 0x79, 0x03, 0x5A, 0x10, 0x1F, 0x7E, 0xC6, 0x2E, 0x37, 0xA3,
    0x2F, 0xD0, 0x1D, 0x38, 0xBC, 0x5F, 0xA6, 0xF7, 0x30, 0xAD, 0xC3, 0xF1, 0xF7, 0xE3, 0xFB, 0xC5,
    0xCF, 0xAB, 0xCD, 0xF1, 0x6A, 0x3B, 0xDA, 0xDE, 0x2F, 0x59, 0x7B, 0xE3, 0xF7, 0x89, 0xDF, 0x37,
    0x89, 0x96, 0x0D, 0x11, 0x3D, 0xFA, 0x7E, 0xAE, 0xD3, 0x0D, 0xA8, 0xF3, 0x3D, 0xCF, 0xAB, 0xA2,
    0xE2, 0x3F, 0x71, 0x95, 0x82, 0x5A, 0xFF, 0x1F, 0x83, 0x1B, 0xFD, 0xB9, 0xE6, 0xE9, 0x66, 0xFF,
    0xCE, 0x4C, 0xA2, 0x4E, 0xFF, 0x23, 0x83, 0x17, 0x3E, 0xAA, 0xA3, 0x8C, 0xB6, 0x81, 0x36, 0xD8,
    0x16, 0x09, 0x39, 0x92, 0xE6, 0x5F, 0x18, 0x53, 0x31, 0x2B, 0x86, 0x1A, 0xB4, 0x26, 0x09, 0x8E,
    0xEE, 0xC1, 0x35, 0xE2, 0x80, 0xEA, 0xC2, 0x46, 0x4C, 0x28, 0xE6, 0x60, 0x3A, 0xA0, 0x1D, 0xEE,
    0xD9, 0x57, 0xC9, 0xC2, 0x48, 0x23, 0xB1, 0xFF, 0xFD, 0x7E, 0x59, 0x22, 0x9B, 0x07, 0xEA, 0xB9,
    0x0A, 0xFC, 0x9F, 0xBC, 0x80, 0x97, 0x00, 0x68, 0xE3, 0xCC, 0x8C, 0x2B, 0x96, 0xFE, 0x7C, 0xEE,
    0x99, 0x2C, 0x79, 0xD3, 0xA8, 0x0B, 0x34, 0xFF, 0xC8, 0x94, 0x79, 0x27, 0xE5, 0x14, 0xF1, 0x01,
    0x1D, 0xA8, 0x23, 0xC1, 0x1F, 0x3F, 0x5F, 0x46, 0x95, 0x82, 0x0A, 0x92, 0x0D, 0x42, 0x45, 0x0A,
    0xF0, 0x44, 0x78, 0x01, 0x10, 0xB0, 0x47, 0x26, 0x04, 0x3A, 0x48, 0x76, 0x9B, 0x19, 0x5B, 0x2F,
    0x41, 0x04, 0xCF, 0xA4, 0xF9, 0xF8, 0x02, 0x0A, 0x72, 0x29, 0xAF, 0x71, 0xD0, 0x9C, 0x9B, 0x78,
    0xFE, 0x05, 0x5A, 0x6E, 0xE5, 0xD3, 0x3A, 0xDA, 0x63, 0x14, 0xA9, 0xF6, 0x32, 0x91, 0x07, 0x0C,
    0x68, 0xB2, 0x5D, 0xC6, 0xB3, 0xEF, 0x4E, 0xCC, 0x80, 0xEE, 0x7C, 0x09, 0x85, 0x0B, 0x33, 0x67,
    0x70, 0x63, 0x73, 0xEB, 0x35, 0x8C, 0x73, 0xE4, 0x06, 0x3C, 0x31, 0x18, 0x73, 0x6C, 0x9D, 0xBA,
    0x8E, 0xD9, 0xAB, 0x65, 0x54, 0x77, 0xCE, 0xC1, 0x03, 0x2D, 0xDF, 0x32, 0xE1, 0x59, 0xEF, 0xC1,
    0xAD, 0xA3, 0x35, 0xF3, 0xA2, 0x16, 0xCC, 0xA9, 0x79, 0x62, 0xF6, 0x7F, 0x67, 0x6D, 0xC4, 0x99,
    0xC1, 0xB4, 0xF4, 0x49, 0xCB, 0x37, 0xE8, 0xD9, 0x06, 0xD3, 0x7D, 0xDA, 0x06, 0x6E, 0x09, 0xAC,
    0x6C, 0xDD, 0x9D, 0x89, 0xB2, 0x01, 0x52, 0x0A, 0x2E, 0xC0, 0x3D, 0x65, 0x23, 0xA3, 0xA4, 0x0E,
    0x36, 0x23, 0xF1, 0x76, 0xD0, 0x4C, 0x93, 0x09, 0x1D, 0x2C, 0xD4, 0xCD, 0x05, 0xD7, 0xAD, 0xA6,
    0x69, 0xF7, 0x20, 0x7F, 0x06, 0xF4, 0x20, 0x34, 0x84, 0x73, 0xD1, 0xC0, 0x0D, 0x75, 0xB1, 0xD0,
    0xF3, 0xAD, 0xF6, 0xC4, 0xD3, 0xF2, 0x67, 0xDC, 0xC7, 0xF3, 0x15, 0x65, 0x7F, 0xC4, 0x0E, 0x47,
    0xC6, 0x32, 0x20, 0x97, 0xCB, 0x89, 0xD3, 0xA2, 0xD4, 0x07, 0x15, 0x7E, 0x60, 0xD8, 0x76, 0x68,
    0x72, 0x6D, 0x32, 0x16, 0xC3, 0xB5, 0xD9, 0x33, 0x13, 0x9C, 0x8C, 0x67, 0xF7, 0x67, 0xAF, 0x4F,
    0x78, 0x5D, 0x13, 0xBC, 0xF9, 0x7E, 0x7B, 0xC2, 0xFB, 0x74, 0xC7, 0x70, 0xFF, 0x0C, 0xEE, 0x5F,
    0x9A, 0x64, 0xE6, 0x89, 0xB4, 0x67, 0x4C, 0xDB, 0x69, 0xBA, 0x70, 0x26, 0x6C, 0x1B, 0x99, 0xEA,
    0xED, 0xC3, 0xEC, 0xA0, 0xFF, 0x19, 0x7A, 0x77, 0x2A, 0xE2, 0xB8, 0x19, 0x70, 0xBD, 0x2A, 0xA2,
    0xA5, 0x91, 0x3D, 0x0B, 0x39, 0x59, 0xD4, 0xD6, 0x4D, 0x63, 0xFC, 0x64, 0xD6, 0x87, 0xE2, 0x1C,
    0xF2, 0x2E, 0x67, 0xF3, 0x02, 0xB9, 0x0E, 0x7E, 0x26, 0x50, 0xBF, 0x88, 0x29, 0x60, 0x52, 0xA1,
    0x43, 0x18, 0x96, 0xAA, 0x75, 0xC4, 0xDE, 0x1E, 0xC3, 0x4C, 0xD8, 0x65, 0xF9, 0xB3, 0x70, 0xDD,
    0x67, 0xD2, 0xAC, 0xF8, 0x0E, 0xD7, 0x90, 0x34, 0x9E, 0xFD, 0xFA, 0x79, 0x78, 0xE3, 0x1B, 0xE4,
    0x56, 0x37, 0xF8, 0x92, 0xF9, 0x10, 0x7B, 0x3E, 0xDD, 0xB5, 0x41, 0xBF, 0xF8, 0xC4, 0xB6, 0xCD,
    0xF4, 0xE0, 0x87, 0xFE, 0xFE, 0xAD, 0x9F, 0xE3, 0xE6, 0x7A, 0xF0, 0x8B, 0x7C, 0xB0, 0x49, 0xEA,
    0x87, 0x70, 0x5D, 0xE2, 0x9E, 0x93, 0x1E, 0x7C, 0xCD, 0x83, 0xF1, 0x1B, 0x9C, 0xE1, 0x1A, 0xD6,
    0xB3, 0xDD, 0x8E, 0x7B, 0x20, 0xD7, 0x13, 0xB9, 0x1E, 0xE1, 0x9A, 0x94, 0xD4, 0x80, 0xEB, 0xC2,
    0x5E, 0x4F, 0xA0, 0x56, 0x86, 0xFB, 0xD4, 0xF6, 0x1A, 0x5C, 0xCF, 0x7D, 0x07, 0xA9, 0x68, 0xE0,
    0xFB, 0xB0, 0x7E, 0x01, 0xAF, 0xA1, 0x1A, 0xC6, 0x6D, 0x7C, 0x18, 0x27, 0x1B, 0x6F, 0xD9, 0xDB,
    0xF6, 0xEB, 0x0F, 0x1F, 0x0D, 0xA6, 0x4C, 0x62, 0x1F, 0xA6, 0x83, 0x65, 0x28, 0x7B, 0xAF, 0xC9,
    0x77, 0xCE, 0xE7, 0xA0, 0x5D, 0xFD, 0xB0, 0xDE, 0x5B, 0x00, 0x3B, 0x27, 0x70, 0x5B, 0xC7, 0x05,
    0xAC, 0x2A, 0x9E, 0x3F, 0x5F, 0xAB, 0x65, 0x91, 0xD9, 0x5A, 0x8C, 0xD2, 0xE7, 0xC9, 0x28, 0x9B,
    0xF7, 0x49, 0xB5, 0xA6, 0xE0, 0xC6, 0x3C, 0x4A, 0xE8, 0x4A, 0x8B, 0x78, 0x33, 0xD8, 0xD2, 0x4E,
    0xE5, 0x46, 0x8B, 0xF8, 0x1B, 0xA9, 0x4A, 0x94, 0x5F, 0x2F, 0x42, 0x01, 0xA7, 0x27, 0x3A, 0xF2,
    0x02, 0xE3, 0xC2, 0x17, 0x57, 0xF5, 0x10, 0x9F, 0xBD, 0x07, 0xB7, 0x7F, 0x26, 0xBE, 0x6B, 0xF7,
    0xC5, 0xCB, 0xB9, 0xC9, 0xDF, 0x89, 0x4F, 0x47, 0x73, 0xF5, 0xB9, 0x8E, 0x2C, 0xE5, 0xF2, 0xE5,
    0x2B, 0xF8, 0x72, 0x05, 0x5F, 0xAD, 0xE0, 0xD7, 0x72, 0x05, 0x5B, 0x2D, 0xB7, 0xA7, 0x5B, 0xC9,
    0x34, 0x18, 0xE2, 0x42, 0x2F, 0xD0, 0xFC, 0x5A, 0xC2, 0x2F, 0xFA, 0x82, 0x88, 0x5F, 0x78, 0xA7,
    0x88, 0xAF, 0xCD, 0x66, 0xBD, 0x8B, 0x34, 0x91, 0x8F, 0x22, 0xBE, 0x33, 0x45, 0x21, 0x2F, 0x52,
    0x33, 0x7B, 0x11, 0xBF, 0xBC, 0x93, 0x84, 0x2F, 0xAC, 0xC9, 0x7D, 0x91, 0x9A, 0x29, 0xE2, 0x6B,
    0xAB, 0xD2, 0x5F, 0xA4, 0x66, 0x8A, 0xF8, 0xCE, 0x56, 0x8F, 0xBC, 0x08, 0x2B, 0xA2, 0x17, 0xF1,
    0xA6, 0xEB, 0x05, 0xBC, 0x2D, 0x7E, 0x20, 0xE0, 0xAD, 0x16, 0x26, 0xE0, 0x95, 0xDB, 0x32, 0x74,
    0x91, 0x9A, 0x29, 0xE1, 0x3B, 0x17, 0x65, 0xB8, 0x48, 0xCD, 0x94, 0xF0, 0x5E, 0x23, 0xBD, 0x48,
    0xCD, 0x14, 0xF0, 0xA5, 0xF7, 0x37, 0x5D, 0xA5, 0x66, 0xE2, 0x0C, 0x3D, 0x66, 0xCC, 0xD2, 0x48,
    0xF1, 0x6D, 0xA8, 0x47, 0x19, 0xE1, 0x9D, 0x65, 0x91, 0xE2, 0x43, 0x38, 0x34, 0xC2, 0x7B, 0xCB,
    0x22, 0xC1, 0x97, 0xB8, 0x85, 0x92, 0xE1, 0x55, 0x70, 0xFD, 0x5C, 0xE3, 0xC9, 0x70, 0xCC, 0xA4,
    0xF7, 0x75, 0xCD, 0x4C, 0xF1, 0x5D, 0xD8, 0xD1, 0x77, 0x11, 0xB3, 0x38, 0x62, 0x7C, 0x1E, 0xE5,
    0x2A, 0xA5, 0x1C, 0xE0, 0x12, 0x8B, 0x08, 0x11, 0x5F, 0xAF, 0xE0, 0xDB, 0x15, 0x7C, 0xB7, 0x82,
    0x1F, 0x56, 0xF0, 0x5A, 0xC6, 0x97, 0x18, 0xAA, 0xBF, 0xF0, 0x66, 0x5E, 0x44, 0x3C, 0x58, 0xCE,
    0x11, 0xBE, 0xC1, 0xFC, 0xDB, 0x0B, 0x6F, 0xE6, 0x41, 0xC4, 0x0F, 0x18, 0x3B, 0xBB, 0xF0, 0x66,
    0xF6, 0x12, 0x1E, 0x0D, 0x1D, 0x8E, 0xC7, 0xEA, 0x5A, 0x1C, 0x8F, 0x06, 0x3E, 0xC7, 0x37, 0xC4,
    0x3E, 0xBB, 0xB0, 0x66, 0x1E, 0x45, 0xFC, 0x40, 0x0A, 0x6F, 0x5E, 0xA4, 0x66, 0x9A, 0x71, 0x0B,
    0x67, 0xA5, 0x3C, 0xA5, 0xF6, 0x18, 0xE5, 0xE8, 0xB4, 0x2A, 0x18, 0xC3, 0x13, 0x7B, 0x8C, 0xE1,
    0x1B, 0x96, 0x37, 0x89, 0xF8, 0x8E, 0x85, 0x6C, 0x10, 0xCF, 0x2B, 0x74, 0x52, 0x7C, 0x2F, 0xE2,
    0xD9, 0xE7, 0xA7, 0x92, 0x1C, 0xBC, 0x11, 0xF5, 0x9B, 0xBD, 0xA4, 0xC5, 0x3C, 0x91, 0x92, 0xDB,
    0x73, 0x31, 0xE5, 0xFD, 0x56, 0x52, 0x49, 0x2A, 0xA9, 0x78, 0xB4, 0xD5, 0x8F, 0xCF, 0x92, 0xC2,
    0x74, 0x27, 0xA9, 0x4B, 0x69, 0x40, 0xBF, 0x95, 0x52, 0xDC, 0xBD, 0x3D, 0x91, 0xDE, 0x56, 0x52,
    0x71, 0xEA, 0x3B, 0x51, 0x23, 0xFC, 0x31, 0x69, 0x33, 0x8F, 0x9D, 0xC3, 0xD7, 0x76, 0xE7, 0x57,
    0x8C, 0x03, 0x7D, 0x11, 0x99, 0xCE, 0x9E, 0x6F, 0xEC, 0x82, 0x85, 0xB6, 0xA3, 0x2E, 0xF7, 0x43,
    0x20, 0x9F, 0x68, 0x98, 0x7D, 0x0E, 0x3C, 0xEE, 0xCA, 0xFC, 0xF1, 0x60, 0xCE, 0x8C, 0x19, 0xB1,
    0xE5, 0x16, 0x93, 0x61, 0x51, 0x2F, 0x6F, 0x1D, 0xBB, 0x06, 0xAB, 0x6E, 0x74, 0xB7, 0x74, 0x1B,
    0x43, 0xC0, 0xBE, 0xFB, 0xDF, 0x50, 0xA2, 0x52, 0x67, 0xC4, 0xD2, 0xFB, 0xA3, 0x9B, 0x50, 0xA5,
    0x0F, 0x2D, 0x82, 0x35, 0x79, 0xF4, 0x0B, 0x72, 0x84, 0x80, 0x5B, 0x09, 0xD6, 0xAF, 0x59, 0x2F,
    0xC4, 0x0E, 0xF4, 0x6F, 0x65, 0xBD, 0x1E, 0x68, 0x11, 0x42, 0xBA, 0xE8, 0xF2, 0x3D, 0xB4, 0x0D,
    0x67, 0x26, 0x6D, 0x42, 0x1F, 0x9D, 0xA9, 0x08, 0xA5, 0xC1, 0x7C, 0x2A, 0x22, 0xEE, 0xC5, 0x1E,
    0xA8, 0x5B, 0x30, 0x43, 0x57, 0x3D, 0xF3, 0xBE, 0x45, 0xBC, 0x27, 0x2D, 0xAB, 0x9B, 0x91, 0xA8,
    0x91, 0xB3, 0x35, 0x23, 0xEC, 0xCF, 0xDC, 0x18, 0xFC, 0xD7, 0xC2, 0x95, 0xDE, 0x83, 0x7B, 0x31,
    0xED, 0x33, 0x8C, 0x51, 0x9E, 0x20, 0xBD, 0xE1, 0x9D, 0x62, 0xDD, 0x57, 0x5F, 0x7C, 0xC4, 0xB1,
    0x66, 0x10, 0xBE, 0x62, 0x92, 0x47, 0xBB, 0x12, 0xDD, 0x27, 0xF7, 0x16, 0x5F, 0x22, 0x7F, 0xA4,
    0xB6, 0x2B, 0x63, 0xEE, 0xC7, 0x14, 0x0B, 0x79, 0xEB, 0x0C, 0x5B, 0xE3, 0x2E, 0xB3, 0x5E, 0x60,
    0xF7, 0x03, 0x73, 0xA4, 0xA3, 0xB5, 0x3B, 0x0A, 0x12, 0x69, 0xA0, 0xAC, 0x80, 0x58, 0xC0, 0x47,
    0x11, 0x7B, 0xA2, 0xFA, 0xD6, 0x18, 0xCD, 0x12, 0x8A, 0xC5, 0x30, 0x77, 0xD6, 0xEC, 0xC0, 0xAD,
    0x55, 0x22, 0xDB, 0xDD, 0x9F, 0xA0, 0x0D, 0x0A, 0x07, 0x8E, 0x78, 0xB1, 0x1B, 0x98, 0xD5, 0xA5,
    0xF5, 0x65, 0xFB, 0x55, 0x77, 0xDD, 0x83, 0x2F, 0x15, 0xA2, 0x3E, 0x85, 0xA9, 0x6E, 0xE2, 0x66,
    0xD2, 0xDE, 0x45, 0x7F, 0xBC, 0xCF, 0xD7, 0x7B, 0x77, 0x6C, 0x52, 0x80, 0xB2, 0xD7, 0x85, 0xCB,
    0x01, 0xB0, 0xC1, 0x57, 0xF3, 0x93, 0xD2, 0x5C, 0x3F, 0x1A, 0x5C, 0xBD, 0x16, 0xFD, 0xE2, 0xE9,
    0x73, 0xDB, 0xEE, 0x1C, 0x9D, 0xA1, 0x74, 0x5F, 0xFA, 0x1E, 0xA6, 0x4B, 0x45, 0xBC, 0xAF, 0x0D,
    0x2E, 0xFF, 0x01, 0x55, 0x8B, 0x02, 0xBD, 0xAD, 0x35, 0x89, 0x32, 0x92, 0xFA, 0x0C, 0x03, 0xB2,
    0xF1, 0xC5, 0x56, 0x0F, 0x3B, 0xBD, 0x1F, 0x0D, 0xA9, 0xD9, 0x9E, 0xDA, 0x98, 0xBF, 0x4B, 0xC5,
    0x4F, 0xA2, 0xDF, 0xC6, 0xF6, 0xED, 0x6D, 0x2C, 0x0A, 0x54, 0x5C, 0x71, 0x39, 0x4E, 0xCB, 0x72,
    0xCD, 0xBD, 0x26, 0x56, 0xF9, 0xB3, 0x58, 0xD5, 0x9A, 0x62, 0x49, 0xF6, 0x45, 0x2C, 0xDB, 0xEE,
    0x62, 0x2D, 0x3B, 0xD1, 0xC7, 0x53, 0xE1, 0xF5, 0xDE, 0x5B, 0x26, 0x47, 0x96, 0x51, 0xF2, 0x63,
    0xF3, 0x97, 0xC4, 0x17, 0xE1, 0x26, 0xA6, 0x46, 0x2F, 0x84, 0xEB, 0xA0, 0x12, 0xB6, 0x3D, 0x04,
    0x6B, 0xD6, 0xAB, 0xE0, 0x0A, 0xFD, 0x5C, 0x2D, 0x54, 0xCA, 0x08, 0x73, 0xCC, 0x71, 0x46, 0xA2,
    0x4D, 0xE7, 0x98, 0xC7, 0xF7, 0xE2, 0xBD, 0x3F, 0x37, 0x7D, 0xFD, 0x4B, 0x37, 0x20, 0x8D, 0x1B,
    0x18, 0x33, 0xCD, 0xBE, 0x81, 0xF2, 0x46, 0x13, 0x04, 0x0B, 0x8E, 0x94, 0xAB, 0x43, 0x0D, 0xF6,
    0x92, 0x6C, 0x95, 0x75, 0x8B, 0x44, 0xD1, 0x62, 0x4B, 0x17, 0x1E, 0x37, 0x0C, 0x9B, 0x26, 0x3A,
    0x52, 0xCE, 0x2E, 0xE4, 0x88, 0x91, 0xDC, 0x4C, 0xF7, 0xFE, 0xD4, 0xE5, 0x3F, 0x67, 0x6C, 0x0F,
    0x57, 0xAB, 0x7D, 0x99, 0x65, 0x98, 0x27, 0xDE, 0x1B, 0x5B, 0xD2, 0x8A, 0x32, 0x16, 0x83, 0x9B,
    0x96, 0x2A, 0xBF, 0xBC, 0x6A, 0x12, 0xC3, 0xD1, 0x21, 0xC3, 0x0C, 0x18, 0xD3, 0xFF, 0x58, 0x0C,
    0x26, 0x0D, 0x69, 0xFD, 0x1B, 0xCF, 0xB8, 0x31, 0xCD, 0x34, 0x94, 0xFF, 0x07, 0x95, 0x7D, 0x2E,
    0x78, 0x26, 0xDA, 0x32, 0x0C, 0xB9, 0xF7, 0xAD, 0x12, 0x06, 0xAA, 0xDD, 0xBE, 0x23, 0x28, 0xF2,
    0xBC, 0xCB, 0x7C, 0x2A, 0xE5, 0x09, 0x75, 0x6E, 0xEF, 0x85, 0x25, 0xB9, 0x09, 0x83, 0xAB, 0x03,
    0x7B, 0x42, 0x26, 0xBB, 0x77, 0x98, 0x23, 0x6A, 0xCC, 0x14, 0x53, 0xFA, 0xB4, 0x08, 0xC4, 0x28,
    0x1F, 0xFA, 0x42, 0x4C, 0xEB, 0x0F, 0x4A, 0x40, 0xCC, 0xE0, 0xB3, 0xA0, 0x01, 0x93, 0x07, 0x77,
    0x22, 0x60, 0xAA, 0x90, 0xF5, 0x0C, 0x98, 0x3A, 0x64, 0x3B, 0x03, 0xC6, 0x33, 0x60, 0x82, 0x81,
    0xEC, 0xE6, 0x80, 0x29, 0x21, 0x1D, 0x38, 0x60, 0x14, 0x6C, 0x1F, 0x0F, 0x6F, 0xDA, 0xC2, 0xAE,
    0x96, 0x80, 0x09, 0x42, 0x65, 0xEF, 0x6A, 0xB7, 0x9C, 0x31, 0x3D, 0x74, 0x70, 0x9D, 0x74, 0xC6,
    0xBC, 0xA0, 0xC1, 0xD5, 0x29, 0x98, 0x31, 0x8A, 0xE4, 0x4F, 0x66, 0x98, 0x51, 0x48, 0xF9, 0xF1,
    0xBA, 0x64, 0x28, 0x28, 0x1C, 0xE6, 0x4A, 0xF3, 0xD7, 0x6D, 0x3E, 0xBD, 0x06, 0x6B, 0xA2, 0xF0,
    0xB9, 0x0D, 0xFA, 0x16, 0xA3, 0x03, 0x7E, 0xFE, 0xC0, 0x4C, 0x74, 0x18, 0x45, 0xA2, 0xFA, 0x4E,
    0xE0, 0x52, 0x6D, 0xBC, 0x0E, 0x73, 0x15, 0x34, 0x71, 0xA7, 0x93, 0x15, 0xEC, 0xF4, 0x92, 0x8B,
    0x5F, 0xEC, 0xA8, 0xAD, 0x84, 0x03, 0xD8, 0xD0, 0x5A, 0x5A, 0x5D, 0x4D, 0xE4, 0xE1, 0x21, 0x5E,
    0x87, 0xAB, 0xB2, 0xE7, 0x4F, 0xDF, 0x13, 0x4F, 0x41, 0xB8, 0xCD, 0x0C, 0x6C, 0xE4, 0xE0, 0x17,
    0x9C, 0xD7, 0x3A, 0xBE, 0x71, 0xA2, 0xEE, 0x46, 0x43, 0x7E, 0xD0, 0x2F, 0x6D, 0xFA, 0xD8, 0xFB,
    0xE1, 0x8D, 0x95, 0xBE, 0x46, 0xB6, 0xBB, 0x91, 0xAB, 0x9D, 0xE6, 0x95, 0x7C, 0x0E, 0xC8, 0xB5,
    0x76, 0xE0, 0x35, 0x18, 0xA8, 0x3F, 0x4E, 0x69, 0x64, 0x6D, 0x6E, 0x05, 0x17, 0x90, 0xE9, 0x04,
    0xD2, 0xE0, 0x9F, 0xED, 0xBF, 0x1F, 0x68, 0xFD, 0xF1, 0xFD, 0xF6, 0xC4, 0x2D, 0x17, 0x1E, 0x3D,
    0x93, 0x50, 0x23, 0x33, 0x84, 0x46, 0x26, 0x99, 0x0E, 0xCC, 0x4B, 0x7C, 0xA0, 0xBE, 0x61, 0xBA,
    0x77, 0x91, 0x48, 0xB0, 0x5B, 0x2A, 0xAC, 0x0A, 0x66, 0x6D, 0x15, 0xCC, 0x49, 0x90, 0x73, 0xEB,
    0x8A, 0xCB, 0xC0, 0x9F, 0xFE, 0xD0, 0xA2, 0x68, 0xD1, 0x12, 0xBE, 0xE0, 0x62, 0x7B, 0x01, 0x8B,
    0x1E, 0x63, 0xC5, 0xBB, 0xAC, 0x26, 0x91, 0xDD, 0x63, 0xD6, 0xCD, 0x38, 0x3E, 0xCB, 0x32, 0xBA,
    0x10, 0xB1, 0xF3, 0x1B, 0xF3, 0xCE, 0x36, 0x2B, 0xC6, 0x26, 0x09, 0xFB, 0xA2, 0x3D, 0x27, 0x2F,
    0x36, 0x7A, 0x48, 0xE9, 0x6D, 0xB5, 0x0F, 0xD2, 0xCF, 0x7E, 0xAA, 0x9E, 0x51, 0x51, 0x74, 0x21,
    0x98, 0x1C, 0x37, 0xF2, 0xD1, 0xAD, 0x25, 0x3E, 0xBC, 0x01, 0x66, 0xC9, 0x4C, 0x73, 0xD2, 0x4C,
    0x53, 0x1A, 0x62, 0x52, 0x01, 0x3B, 0xB1, 0x29, 0xF5, 0xBB, 0xC0, 0x03, 0x2A, 0x7D, 0x72, 0xD9,
    0x98, 0x5E, 0xC4, 0x4D, 0x83, 0x3D, 0x28, 0xC0, 0x47, 0xBB, 0x77, 0xEE, 0xE0, 0x9C, 0x11, 0x12,
    0x1F, 0xA6, 0x2C, 0xC8, 0x4D, 0xA7, 0x66, 0x06, 0x5B, 0xCA, 0x9C, 0xCE, 0x72, 0xF0, 0xCC, 0x68,
    0xAF, 0x03, 0xEB, 0x0F, 0x11, 0x7B, 0x80, 0x94, 0xE3, 0x25, 0x1E, 0x6A, 0xDD, 0x69, 0x37, 0x1E,
    0x1A, 0x74, 0x86, 0x50, 0xE1, 0xF3, 0x12, 0x1C, 0xA4, 0xBC, 0x5D, 0xE7, 0x20, 0xE7, 0x5A, 0x73,
    0xD0, 0xCE, 0x67, 0x10, 0x98, 0x77, 0x5B, 0xA0, 0x22, 0xAC, 0x58, 0x03, 0xF5, 0x35, 0x2E, 0x33,
    0x8C, 0x1E, 0x9B, 0x77, 0x58, 0xDE, 0x0F, 0x2A, 0x79, 0x98, 0x33, 0x80, 0x3E, 0xF7, 0xB3, 0x73,
    0xB0, 0xEF, 0xF1, 0x8D, 0x9F, 0xE0, 0x2E, 0x2B, 0xD5, 0x4F, 0x70, 0xFB, 0xAC, 0x86, 0x08, 0x7E,
    0x3B, 0x7C, 0x21, 0x0B, 0xE1, 0x9A, 0x79, 0x35, 0x38, 0x58, 0x0B, 0x90, 0x01, 0x61, 0x56, 0x3D,
    0xE6, 0x3F, 0x74, 0xAC, 0xBE, 0x9B, 0xE5, 0x1D, 0x5E, 0xAC, 0x7B, 0xFE, 0xB8, 0xF7, 0xCF, 0x6B,
    0xFD, 0x96, 0xA8, 0x30, 0x5F, 0xEC, 0x29, 0xDE, 0x7F, 0x30, 0x73, 0xE9, 0xA9, 0xCB, 0xAF, 0x69,
    0xF0, 0xE0, 0xF0, 0xDE, 0xD6, 0x47, 0xAA, 0x91, 0xD5, 0xB4, 0x97, 0x60, 0x2F, 0x5B, 0xF1, 0x74,
    0x0A, 0xF6, 0x96, 0x19, 0x9C, 0x32, 0xD8, 0x64, 0xB8, 0xA4, 0x6F, 0x86, 0x7B, 0x0E, 0xEE, 0xA8,
    0xCC, 0x6F, 0xE8, 0x02, 0xAD, 0x0D, 0xA7, 0x67, 0x29, 0x76, 0x47, 0x0C, 0x19, 0xBB, 0xD7, 0x32,
    0xB2, 0x69, 0xE6, 0xDE, 0x35, 0xBA, 0x3F, 0xCA, 0x4E, 0xE7, 0x3C, 0x4A, 0xC2, 0x39, 0x42, 0xCE,
    0x07, 0x24, 0x74, 0xD4, 0x3C, 0xE4, 0x71, 0x65, 0xF9, 0x08, 0x21, 0x58, 0xC9, 0x0C, 0xB2, 0x03,
    0x4B, 0x31, 0xB0, 0xD9, 0x20, 0x25, 0x8F, 0xB3, 0x5C, 0x7D, 0x46, 0x0C, 0x75, 0xC7, 0xB2, 0x52,
    0x73, 0x26, 0xA8, 0xAE, 0x18, 0x67, 0xBC, 0xBA, 0x3F, 0xFC, 0xFC, 0xFD, 0xF2, 0xF7, 0xF3, 0xEF,
    0x9D, 0x13, 0x95, 0x71, 0xB0, 0x4F, 0xC5, 0x1E, 0xAB, 0x3A, 0x76, 0x82, 0x35, 0x92, 0x77, 0x37,
    0x71, 0xEB, 0x26, 0x41, 0xBF, 0x5D, 0xEC, 0xC8, 0x1D, 0xEF, 0x43, 0x14, 0xE9, 0x79, 0xC3, 0x17,
    0x66, 0xD5, 0x1A, 0x97, 0x48, 0xC7, 0x8A, 0x09, 0x28, 0x53, 0x4A, 0xED, 0xCC, 0x23, 0x28, 0x0D,
    0x6B, 0x7B, 0x12, 0xE1, 0x69, 0x4D, 0x35, 0x39, 0x3E, 0x50, 0x63, 0xC5, 0xDA, 0xEE, 0xCE, 0xF9,
    0xDA, 0xD1, 0x86, 0xEE, 0x0A, 0xD6, 0x54, 0x37, 0xED, 0x46, 0x1E, 0x99, 0xA0, 0x6D, 0x2F, 0x9D,
    0xAA, 0x79, 0x64, 0x11, 0x1F, 0x96, 0xED, 0xA5, 0x4C, 0xB3, 0x69, 0xDB, 0x6B, 0xB7, 0xF6, 0xE6,
    0xF5, 0x68, 0x4A, 0xEB, 0x16, 0x75, 0x74, 0x7A, 0x5C, 0xC5, 0xAA, 0xAD, 0x8C, 0x19, 0xCB, 0xF9,
    0xB2, 0x97, 0xB4, 0xED, 0x61, 0xD3, 0xD5, 0xC8, 0x62, 0x2A, 0x24, 0xED, 0xAB, 0x0C, 0xCE, 0xAC,
    0x23, 0x6D, 0x39, 0x6D, 0xBB, 0x0A, 0x4A, 0xE9, 0x99, 0x07, 0x2A, 0x78, 0x3E, 0x27, 0xF3, 0x3C,
    0xB7, 0xA1, 0xDA, 0xEB, 0x95, 0x3B, 0x7B, 0x2A, 0xB2, 0x15, 0xBB, 0xF7, 0x53, 0x73, 0x47, 0x5A,
    0xEE, 0x8C, 0x7F, 0xE6, 0x8D, 0x82, 0xB6, 0x83, 0x2B, 0x4B, 0x83, 0xA7, 0x62, 0xE6, 0x9E, 0x90,
    0x0A, 0xF7, 0x94, 0x1F, 0x33, 0x66, 0xC7, 0x69, 0x48, 0xE6, 0x8A, 0x62, 0x97, 0x4D, 0x1C, 0x6D,
    0x20, 0xEE, 0xA4, 0x6B, 0x12, 0x67, 0xA5, 0x4E, 0x45, 0xD4, 0xB4, 0xA8, 0x93, 0xA9, 0x8F, 0x11,
    0x23, 0x8B, 0x09, 0xE4, 0xE1, 0x44, 0x1C, 0xA2, 0x71, 0x1E, 0x59, 0x74, 0xC0, 0xBF, 0x8C, 0xA2,
    0x75, 0x7E, 0xCE, 0x19, 0x3B, 0xE1, 0xA9, 0xE3, 0xBB, 0x35, 0x43, 0xCE, 0x1D, 0x49, 0x81, 0x6A,
    0xBC, 0x16, 0x70, 0xC8, 0x98, 0x7E, 0x4C, 0xBC, 0x73, 0xCA, 0x6F, 0x53, 0x1D, 0x09, 0x8F, 0xE8,
    0xD9, 0xE9, 0x18, 0x56, 0xED, 0x2E, 0xF8, 0x56, 0x8E, 0x89, 0x9F, 0x6D, 0xA4, 0xAD, 0xD3, 0xF2,
    0xC2, 0x11, 0x8A, 0xBB, 0x9A, 0x4E, 0xFC, 0x6C, 0x2A, 0xD3, 0xF6, 0x86, 0xAE, 0xE8, 0x96, 0xA5,
    0x09, 0xFB, 0xB6, 0xD3, 0x03, 0x17, 0x6D, 0xDB, 0xD9, 0x31, 0x1C, 0x8A, 0xC7, 0x0B, 0x84, 0x03,
    0x97, 0x2A, 0xFF, 0x67, 0xEF, 0x37, 0x3A, 0x41, 0x13, 0xCB, 0x17, 0x6B, 0x08, 0xCD, 0x89, 0x54,
    0x29, 0xA8, 0x40, 0xD9, 0x2F, 0xED, 0xD8, 0x83, 0xAF, 0x0B, 0xB3, 0x31, 0x8D, 0x04, 0x21, 0xAA,
    0x53, 0x0F, 0x3E, 0x3E, 0x27, 0x37, 0x0E, 0x20, 0x32, 0x2A, 0xB0, 0x4D, 0x89, 0xB4, 0xE8, 0x42,
    0x2A, 0x08, 0xC8, 0x88, 0x9D, 0x77, 0xAF, 0x10, 0xF1, 0xF0, 0x77, 0x5E, 0x3A, 0xBC, 0xCE, 0x67,
    0x4B, 0x6E, 0xDA, 0x92, 0x9B, 0x3C, 0xEB, 0x7A, 0x8B, 0x92, 0x9B, 0xF2, 0x0F, 0xBE, 0xDE, 0xC5,
    0x2A, 0xC5, 0x5D, 0x16, 0xAB, 0x03, 0x63, 0x1C, 0x69, 0x3E, 0x45, 0x2A, 0x06, 0x13, 0xE5, 0xCB,
    0x28, 0x3D, 0xA7, 0x92, 0xBB, 0x74, 0x6A, 0xFC, 0xC4, 0xF4, 0xB6, 0x28, 0x59, 0xF4, 0x60, 0xBE,
    0x76, 0x22, 0xFC, 0xC6, 0xCC, 0x03, 0x26, 0x86, 0x6D, 0xB7, 0xCF, 0xD9, 0x3B, 0xF1, 0xD9, 0x74,
    0xBF, 0x4D, 0xF7, 0xDB, 0x74, 0xBF, 0x4D, 0xF7, 0x7B, 0xD7, 0x75, 0xBF, 0xFC, 0x33, 0x94, 0x2E,
    0x2D, 0xB2, 0xB8, 0x82, 0xB8, 0x15, 0x1B, 0x22, 0x4E, 0xF6, 0x24, 0xBF, 0x88, 0x08, 0x11, 0x2F,
    0x3F, 0x46, 0x98, 0xFA, 0x30, 0xBB, 0x27, 0x90, 0x1A, 0x54, 0x60, 0xB4, 0x6F, 0x85, 0xAC, 0xD8,
    0xF4, 0xBD, 0x4D, 0xDF, 0x7B, 0xFB, 0xF4, 0x3D, 0x18, 0x1D, 0xF3, 0x02, 0x20, 0x71, 0x8C, 0xD3,
    0x12, 0xC2, 0x90, 0xB3, 0xFB, 0xF3, 0x8D, 0x0F, 0xCB, 0xC9, 0x7B, 0x4F, 0xC9, 0x91, 0xD7, 0xC4,
    0xA3, 0xD7, 0x58, 0x26, 0x32, 0xC3, 0x6C, 0xE7, 0xA7, 0x0B, 0xA0, 0x17, 0xCF, 0x58, 0x62, 0xD0,
    0xEF, 0xCA, 0x9A, 0x62, 0x50, 0xEF, 0x86, 0x7A, 0xEE, 0x3A, 0xEB, 0x99, 0xED, 0x51, 0x39, 0x54,
    0x61, 0x80, 0x8A, 0xA5, 0xB7, 0x0B, 0xAC, 0xF4, 0xD6, 0xBB, 0x3F, 0xD7, 0x08, 0xF3, 0xDD, 0x07,
    0x59, 0xBA, 0x1D, 0x15, 0x39, 0x7B, 0x9E, 0x11, 0xF7, 0x9D, 0x80, 0x2B, 0x2F, 0x43, 0xB1, 0xE7,
    0x69, 0x21, 0x1B, 0xF0, 0xD2, 0xC0, 0x39, 0x32, 0x3F, 0x02, 0x1F, 0x7D, 0x68, 0x60, 0x1B, 0xAC,
    0x87, 0x06, 0x2E, 0x90, 0xCE, 0xB5, 0xA3, 0xAB, 0x64, 0xFC, 0xCE, 0x40, 0x17, 0xE9, 0x78, 0xF4,
    0x73, 0x80, 0x18, 0xEA, 0xC2, 0x41, 0xCE, 0xEE, 0xCF, 0xF1, 0x20, 0x53, 0x2B, 0xE2, 0x0A, 0x8A,
    0xCE, 0x6E, 0x61, 0x36, 0x3D, 0xE6, 0x6E, 0x75, 0x78, 0x52, 0xE1, 0x09, 0x0F, 0x6E, 0x37, 0x4A,
    0x35, 0xE8, 0xD1, 0x26, 0x5B, 0x28, 0x27, 0xD5, 0xCE, 0x27, 0xDC, 0x89, 0xD8, 0x58, 0x55, 0x0B,
    0x8A, 0x07, 0xCF, 0x24, 0x77, 0xC7, 0xC4, 0xB4, 0x06, 0xBA, 0xA5, 0xB6, 0x09, 0x3F, 0xAA, 0xAC,
    0x06, 0x07, 0x25, 0xC5, 0x8E, 0xB8, 0x43, 0x2F, 0xEB, 0x96, 0xB7, 0xEA, 0xE0, 0x5C, 0x93, 0x9D,
    0xFB, 0x7B, 0xFD, 0xCF, 0x2D, 0xB1, 0xF3, 0xBF, 0xE5, 0xC4, 0x1A, 0xAC, 0x87, 0x94, 0x9C, 0x58,
    0xE3, 0xF3, 0x20, 0x16, 0x79, 0xF3, 0xC4, 0xEB, 0x77, 0xEE, 0xBF, 0x36, 0xD4, 0x3C, 0x1A, 0x21,
    0xF4, 0x15, 0xEC, 0x26, 0x7B, 0xF3, 0xC6, 0xF7, 0x66, 0xE7, 0xD2, 0x11, 0x82, 0xD8, 0x3C, 0x61,
    0xB6, 0x5D, 0xE5, 0xAA, 0x73, 0x78, 0x2F, 0xDC, 0xD2, 0x75, 0x54, 0xA6, 0xF0, 0xBE, 0xA4, 0x27,
    0xD6, 0xF4, 0x35, 0xA9, 0xBC, 0x3C, 0xD6, 0x24, 0xD1, 0x60, 0x6C, 0x48, 0x62, 0xCD, 0xD4, 0x52,
    0x00, 0xD5, 0xDB, 0x46, 0x1F, 0x28, 0x70, 0x44, 0xA0, 0x35, 0xA5, 0x85, 0xD9, 0x59, 0x1B, 0xAF,
    0x03, 0xFC, 0x81, 0x4E, 0x7F, 0x29, 0x81, 0xF0, 0xDB, 0x80, 0x03, 0xD5, 0xD4, 0x99, 0x96, 0x7E,
    0xA4, 0x1A, 0xFA, 0x99, 0x6A, 0xE7, 0x6C, 0x07, 0xD1, 0x55, 0x72, 0xD1, 0xAA, 0x9E, 0x98, 0xA4,
    0xCD, 0x99, 0x98, 0xD2, 0xA6, 0x0C, 0x09, 0x3B, 0xB1, 0x3D, 0x14, 0x1E, 0xB2, 0x76, 0x46, 0x0D,
    0xB5, 0xB0, 0xCE, 0x90, 0xD2, 0xE4, 0x12, 0x4A, 0x72, 0x37, 0x53, 0xDA, 0x70, 0x80, 0x84, 0xBE,
    0x7E, 0xF4, 0x81, 0xE6, 0x7B, 0x35, 0x66, 0x3A, 0xAB, 0x0E, 0x94, 0x99, 0xEF, 0xC8, 0x4C, 0x3C,
    0x91, 0x39, 0x8A, 0xC5, 0x6C, 0x6E, 0xE9, 0x09, 0x2F, 0xEF, 0xBF, 0x78, 0x46, 0x6D, 0x11, 0xBA,
    0x5B, 0x97, 0x6E, 0xFC, 0x20, 0x9B, 0x17, 0x1A, 0x5A, 0x28, 0xAC, 0xD3, 0xD7, 0xCF, 0x60, 0xC6,
    0x9B, 0x8B, 0x16, 0xEA, 0xD8, 0x5E, 0xD1, 0x86, 0x75, 0x81, 0x46, 0x7F, 0x87, 0xCA, 0xB6, 0x77,
    0x1F, 0x6A, 0xED, 0x8E, 0x19, 0x51, 0x93, 0xDE, 0xA2, 0xCF, 0xA6, 0xC8, 0x6C, 0x8A, 0xCC, 0xA6,
    0xC8, 0xFC, 0xE8, 0x15, 0x99, 0xC7, 0xD7, 0x67, 0x84, 0x81, 0x47, 0x05, 0x0E, 0x79, 0x75, 0x43,
    0xE4, 0x82, 0xA8, 0x06, 0x2D, 0x3C, 0xF8, 0x33, 0x8D, 0xE5, 0xBB, 0x0F, 0x20, 0x7C, 0xAD, 0x0B,
    0xA0, 0x80, 0xA3, 0x55, 0xE6, 0x0C, 0xEA, 0x75, 0x94, 0xBE, 0xC8, 0x95, 0xF7, 0xBF, 0x4C, 0x59,
    0x5A, 0x65, 0xE7, 0x4D, 0x7E, 0x36, 0xDD, 0x65, 0xD3, 0x5D, 0xDE, 0x11, 0xDD, 0x85, 0xD9, 0x27,
    0x60, 0x9B, 0x80, 0x5D, 0x02, 0x36, 0x09, 0xD8, 0x23, 0x60, 0x8B, 0x80, 0x1D, 0x82, 0x36, 0x08,
    0xD8, 0x1F, 0x60, 0x7B, 0xA0, 0xDD, 0x01, 0x36, 0x07, 0xD8, 0x1B, 0x60, 0x6B, 0xA0, 0x9D, 0x01,
    0x36, 0xC6, 0x6B, 0xDA, 0x17, 0x5D, 0x72, 0x4A, 0xC0, 0x76, 0xB1, 0x5D, 0xBC, 0xC1, 0x0B, 0x16,
    0xC9, 0xC8, 0x8A, 0xD1, 0x7B, 0x3E, 0xAB, 0xA3, 0xF3, 0x7A, 0x66, 0x4D, 0xF0, 0x76, 0x76, 0x57,
    0x7F, 0x24, 0x25, 0x38, 0x2C, 0x87, 0x90, 0x67, 0xD2, 0x86, 0x0D, 0x53, 0x95, 0x75, 0xAB, 0x5F,
    0xFD, 0x97, 0x7C, 0x62, 0xE6, 0xC1, 0xD5, 0x82, 0x34, 0xDE, 0x4C, 0xE5, 0x72, 0x41, 0x2F, 0x50,
    0xF9, 0xD1, 0x3B, 0x64, 0x4D, 0xA0, 0xC2, 0x07, 0x2B, 0x46, 0xEB, 0xC1, 0x5C, 0x6E, 0xBE, 0xAC,
    0xAD, 0xC1, 0x48, 0xA3, 0xBF, 0xF0, 0x9E, 0xCB, 0x57, 0x5E, 0x68, 0x23, 0x09, 0x38, 0x6E, 0x17,
    0xEF, 0xC2, 0x85, 0xF7, 0x78, 0xE7, 0xCF, 0xBF, 0x0A, 0xF2, 0xE4, 0x14, 0x24, 0xC9, 0xCE, 0xC7,
    0x41, 0x0F, 0x3E, 0x96, 0x69, 0xEA, 0x4B, 0xEA, 0x17, 0x83, 0x0D, 0xED, 0x5C, 0x7D, 0x7D, 0xDF,
    0xA3, 0xD7, 0x0D, 0x46, 0x9B, 0x4F, 0xDD, 0xB9, 0xBD, 0x17, 0xA7, 0xCE, 0xED, 0xAF, 0x38, 0x7D,
    0xAF, 0xC9, 0x0C, 0x41, 0xE4, 0xED, 0xB6, 0xFF, 0xB7, 0xFF, 0x5F, 0xF7, 0xFF, 0x30, 0x8F, 0x6E,
    0x9E, 0x7F, 0x12, 0x9C, 0x37, 0x07, 0x6F, 0xCA, 0x84, 0x83, 0x43, 0x60, 0x13, 0xF1, 0xC9, 0xFC,
    0xEA, 0xEB, 0xC1, 0xD6, 0xA0, 0xB3, 0xC9, 0xF0, 0x2E, 0xC1, 0x61, 0x6F, 0x42, 0x6D, 0x3B, 0xBB,
    0x5F, 0xC1, 0xD6, 0xB8, 0xAC, 0xF4, 0x61, 0x38, 0x5B, 0x45, 0xED, 0xF8, 0x7D, 0xCE, 0xFF, 0x99,
    0x25, 0x3B, 0x6C, 0xFF, 0xBF, 0x5D, 0xFF, 0x97, 0x62, 0xF1, 0xAC, 0x2C, 0xDD, 0xFA, 0x10, 0xEF,
    0x7C, 0x30, 0x49, 0xA9, 0x2D, 0x61, 0x9C, 0x76, 0xDF, 0x03, 0xAB, 0xC2, 0xCE, 0xF2, 0x33, 0xAC,
    0x11, 0xC2, 0x4F, 0xBF, 0x3C, 0x32, 0xFD, 0xA3, 0x8E, 0xF6, 0x3C, 0x98, 0x09, 0x5F, 0xF0, 0xED,
    0xFD, 0x23, 0x4B, 0xAC, 0x30, 0x76, 0x51, 0xC3, 0x52, 0x98, 0xCE, 0xBC, 0xA2, 0x80, 0x4B, 0x7A,
    0xA2, 0x56, 0x15, 0xDF, 0xED, 0xA0, 0x6C, 0xE8, 0x1C, 0x61, 0xBB, 0xD7, 0x81, 0xFA, 0x29, 0x7F,
    0x9E, 0x3D, 0xEC, 0x56, 0x87, 0xC5, 0xD0, 0xA1, 0xB6, 0x4D, 0xCB, 0x0B, 0xC6, 0x54, 0xEC, 0xB8,
    0x05, 0x3C, 0x9E, 0x92, 0x7A, 0x68, 0x35, 0xDB, 0xC2, 0xC7, 0x2A, 0x5A, 0x0D, 0x3C, 0xED, 0xC7,
    0x58, 0x5F, 0x2F, 0x76, 0xF9, 0x6D, 0xF8, 0x41, 0xF0, 0xFC, 0x7A, 0xB9, 0x09, 0xE7, 0x33, 0x54,
    0x70, 0xD4, 0x30, 0x24, 0x05, 0x68, 0x67, 0x89, 0xCF, 0xF0, 0x9C, 0x9E, 0xE6, 0xE4, 0xB9, 0xCD,
    0x84, 0x8A, 0xEE, 0xB1, 0x3D, 0xB2, 0x03, 0x10, 0x6C, 0xDA, 0x05, 0x29, 0xC8, 0xDF, 0xB9, 0xD4,
    0xB2, 0x99, 0x65, 0xFB, 0x0C, 0xD1, 0xE1, 0x75, 0x24, 0xE5, 0xAF, 0x72, 0x07, 0xC4, 0x4F, 0x34,
    0xB3, 0x87, 0xD6, 0xDB, 0x2F, 0x6C, 0x49, 0x7A, 0x96, 0x4A, 0x71, 0xA0, 0xE7, 0x33, 0x98, 0x7B,
    0xA9, 0xA8, 0x5A, 0x44, 0x1D, 0x9D, 0x9D, 0xCA, 0x32, 0xEC, 0x3A, 0xB3, 0xCF, 0xFF, 0xC2, 0x92,
    0x7E, 0xDA, 0x08, 0xEE, 0x78, 0xDD, 0xB0, 0x18, 0xBE, 0x30, 0xB8, 0x49, 0xE0, 0x2B, 0x73, 0x31,
    0xC6, 0x70, 0x9D, 0xC0, 0xFA, 0xAD, 0x82, 0x97, 0xF6, 0xC6, 0xEF, 0x73, 0xEF, 0xFB, 0xB6, 0x09,
    0x3C, 0xD3, 0x1A, 0xC1, 0x52, 0xFF, 0x36, 0xD1, 0x78, 0xA4, 0xE3, 0xC5, 0xC7, 0x53, 0x45, 0xE3,
    0x4D, 0xCF, 0x97, 0x34, 0x1E, 0x8E, 0x78, 0xBE, 0x14, 0xD1, 0x7C, 0x8A, 0xE7, 0x1B, 0x3D, 0x9F,
    0xC1, 0x9F, 0x27, 0xC9, 0xE7, 0x2B, 0x39, 0x9F, 0xC1, 0xBE, 0x5B, 0x13, 0xCD, 0xF7, 0x78, 0x3D,
    0xC4, 0xEB, 0x25, 0x8F, 0xD6, 0x13, 0x16, 0x0A, 0xF4, 0xEB, 0x2D, 0x6C, 0xAE, 0x0D, 0xEB, 0xB1,
    0xC6, 0xEC, 0x9F, 0xB0, 0xA3, 0x5B, 0x5F, 0x3F, 0x7A, 0x8A, 0xA5, 0x14, 0xA2, 0xF5, 0x8E, 0xFC,
    0xE0, 0x9C, 0x31, 0xA7, 0x1E, 0x29, 0x7F, 0xC2, 0x2B, 0x54, 0xDD, 0x70, 0xB2, 0xDF, 0xCF, 0x4A,
    0xA5, 0x01, 0x54, 0xB8, 0x89, 0x3F, 0xFF, 0xB2, 0xFC, 0xFD, 0x6D, 0x58, 0x7E, 0xA6, 0xB9, 0x58,
    0x40, 0xD9, 0xB4, 0x14, 0x3A, 0xB2, 0xC7, 0x62, 0xEE, 0x1D, 0x4D, 0x6E, 0x69, 0x69, 0x69, 0x75,
    0x9A, 0x8E, 0x65, 0x95, 0xF5, 0x9C, 0xC4, 0x9E, 0x0E, 0xB4, 0xC8, 0xD5, 0x39, 0xE4, 0x76, 0xBA,
    0xEC, 0x4A, 0x2C, 0x14, 0x33, 0x58, 0x57, 0x56, 0x1F, 0x3A, 0x62, 0x72, 0x29, 0xD3, 0xC1, 0x55,
    0x8B, 0xA9, 0xD3, 0xF6, 0x64, 0x18, 0x38, 0x0C, 0xD2, 0x64, 0x8D, 0x05, 0x6E, 0x5B, 0x2D, 0x3F,
    0xAE, 0xC6, 0xEF, 0xC0, 0xDB, 0x17, 0x4E, 0x7B, 0xB7, 0x7B, 0x49, 0xAF, 0xEB, 0x65, 0xDD, 0xEB,
    0x1A, 0x2A, 0x37, 0xD8, 0x53, 0xE2, 0xFC, 0x41, 0x39, 0xEE, 0x6C, 0x7B, 0xBF, 0x5B, 0xDC, 0x2B,
    0x7D, 0x23, 0xEC, 0x9F, 0x75, 0x99, 0x5D, 0x2D, 0x94, 0x86, 0x3E, 0xA1, 0x59, 0x5F, 0xBB, 0x7D,
    0xF2, 0x13, 0xF8, 0x07, 0xA1, 0x67, 0xCB, 0x38, 0x0B, 0xA9, 0x24, 0x7D, 0x39, 0x52, 0xAF, 0xEB,
    0x84, 0x1E, 0xC7, 0xCE, 0x64, 0x26, 0xE3, 0x51, 0x9A, 0x47, 0x14, 0xBE, 0x8D, 0x3E, 0xB5, 0xA4,
    0xC8, 0xD7, 0x09, 0x9D, 0x99, 0xB5, 0x49, 0x80, 0x3E, 0xA0, 0xBF, 0x12, 0x7D, 0x9E, 0xCA, 0x1C,
    0x61, 0x2B, 0x02, 0x95, 0x01, 0xC6, 0x97, 0x03, 0x26, 0x09, 0x88, 0x9F, 0x13, 0xB5, 0x80, 0xB5,
    0x0D, 0x5B, 0x7D, 0x6E, 0xE9, 0xFB, 0x34, 0xF4, 0x4D, 0x51, 0x2F, 0xE9, 0x0C, 0xEF, 0x41, 0x60,
    0xAA, 0x68, 0xBF, 0xB1, 0x1E, 0x85, 0xBE, 0x2E, 0x9C, 0x7C, 0xC3, 0x51, 0x80, 0xCC, 0xB0, 0xDA,
    0xED, 0x0E, 0x26, 0x23, 0x87, 0x47, 0xFA, 0x1D, 0xE8, 0xC9, 0x7F, 0x23, 0x1C, 0x10, 0x38, 0x84,
    0x53, 0x5C, 0xF5, 0xDD, 0xD3, 0x30, 0x43, 0x68, 0x2D, 0x19, 0x50, 0x13, 0xFA, 0x64, 0xBE, 0xF9,
    0xB0, 0xC7, 0x24, 0xCC, 0x51, 0x93, 0x08, 0xC7, 0xF6, 0x35, 0x7C, 0xC0, 0x7D, 0xB0, 0xD1, 0xB6,
    0x87, 0x78, 0xD7, 0x43, 0xBC, 0xE9, 0xA1, 0x8B, 0xF6, 0x3C, 0xB8, 0x6C, 0xD5, 0x9E, 0xFC, 0x9C,
    0xED, 0x78, 0xA8, 0x9C, 0xBF, 0x96, 0x54, 0x5F, 0x3B, 0x30, 0xBD, 0xD4, 0xF1, 0x10, 0xCA, 0x90,
    0xED, 0xAB, 0xFD, 0x88, 0x76, 0x3B, 0x6C, 0x8A, 0xDF, 0xA6, 0xF8, 0x6D, 0x8A, 0xDF, 0xA6, 0xF8,
    0xFD, 0x48, 0x15, 0xBF, 0xC7, 0xBF, 0xFB, 0x90, 0xF1, 0xFE, 0x9E, 0x32, 0xB2, 0x33, 0xAE, 0x46,
    0x56, 0xEE, 0x86, 0x31, 0xAC, 0x4F, 0x35, 0x86, 0x1C, 0x4E, 0x18, 0xB7, 0x34, 0x7A, 0x1B, 0x9C,
    0x74, 0xE4, 0xF5, 0x1C, 0xFF, 0x94, 0x73, 0xE6, 0xB7, 0x2D, 0x64, 0x3E, 0xA3, 0x59, 0xE9, 0xF1,
    0x6D, 0x61, 0xE7, 0x9B, 0xAE, 0xB7, 0xE9, 0x7A, 0xEF, 0x8E, 0xAE, 0x97, 0x84, 0xFF, 0x5C, 0xE3,
    0x43, 0x0C, 0xD0, 0x75, 0x12, 0xDD, 0xF6, 0x80, 0xD1, 0xC0, 0xF0, 0xFE, 0xA4, 0x12, 0xC9, 0x40,
    0xF6, 0x9F, 0x47, 0x86, 0x1E, 0x89, 0x10, 0xC2, 0x0F, 0x91, 0x99, 0x40, 0xAC, 0xD0, 0xB7, 0x9F,
    0x18, 0x7B, 0x24, 0x6A, 0x08, 0x99, 0x0B, 0x1D, 0x29, 0x12, 0xEC, 0xE3, 0x87, 0x7E, 0xB6, 0x87,
    0x20, 0xA2, 0x6B, 0x4E, 0x88, 0x24, 0xDA, 0xCF, 0x6B, 0x86, 0x13, 0xEF, 0x89, 0x33, 0xFA, 0xCF,
    0xC7, 0x84, 0xCF, 0xFA, 0xD2, 0x4F, 0x7B, 0xB6, 0xED, 0x6E, 0xCF, 0x8E, 0xC2, 0x61, 0x89, 0x83,
    0x0C, 0x9A, 0x18, 0x74, 0x82, 0x50, 0xED, 0x8D, 0xD5, 0xF7, 0x20, 0x70, 0xAB, 0x5C, 0xC6, 0x21,
    0xD8, 0xB5, 0xDA, 0xD4, 0x2A, 0xC2, 0x49, 0x6C, 0x72, 0xA6, 0x48, 0xE1, 0xBC, 0x09, 0xA1, 0xD2,
    0xE6, 0xAA, 0x90, 0xAC, 0x28, 0x02, 0x19, 0x59, 0xB8, 0x0A, 0x2D, 0xC2, 0x8E, 0x40, 0xFB, 0x07,
    0x82, 0xF8, 0x13, 0xF8, 0xD3, 0x49, 0xCB, 0xF2, 0xB8, 0xD5, 0xE4, 0x8D, 0xAA, 0xF8, 0x6D, 0xFB,
    0x3D, 0xC9, 0x13, 0x22, 0xBD, 0x64, 0x0B, 0x6F, 0x01, 0x64, 0x37, 0xDC, 0x05, 0xE8, 0x89, 0x55,
    0xBF, 0xF7, 0x6C, 0x63, 0x24, 0xCB, 0xE7, 0x5C, 0x1F, 0x3F, 0x36, 0xB6, 0x2C, 0xB5, 0xD0, 0x57,
    0x83, 0xA2, 0xC2, 0xDA, 0x6B, 0x57, 0x4D, 0x80, 0x4E, 0x7E, 0x48, 0x7A, 0x84, 0x8A, 0x90, 0x56,
    0x73, 0xF2, 0x2F, 0x3E, 0x91, 0x80, 0x7D, 0xA8, 0x17, 0x7A, 0x22, 0x61, 0xFC, 0x3D, 0x54, 0x05,
    0x3C, 0x13, 0xA8, 0xF5, 0x55, 0x7F, 0x4F, 0xA8, 0xC9, 0x00, 0x54, 0xB3, 0xD3, 0xA6, 0x2B, 0xFF,
    0x0E, 0x27, 0xD4, 0x91, 0x00, 0x72, 0xDA, 0x13, 0xF4, 0x99, 0x76, 0x85, 0x07, 0x01, 0x3A, 0xB2,
    0x9C, 0x82, 0x33, 0x4B, 0x2C, 0x98, 0x33, 0xDA, 0xD7, 0x17, 0x02, 0x79, 0x35, 0x0B, 0x67, 0xF2,
    0x0E, 0xA1, 0xCA, 0xF5, 0xFC, 0x89, 0x28, 0x6C, 0x74, 0xFC, 0x0E, 0x6C, 0xCE, 0x1F, 0x09, 0x34,
    0x90, 0xB5, 0xE2, 0x94, 0x38, 0x3A, 0x0B, 0xC8, 0xB8, 0xDB, 0xBE, 0x60, 0xF3, 0x85, 0x40, 0x8A,
    0xCD, 0x9E, 0x92, 0xCD, 0xAC, 0x92, 0xCD, 0x3A, 0x33, 0x23, 0x49, 0xF4, 0x62, 0xA0, 0x07, 0x74,
    0xBF, 0x03, 0x69, 0x14, 0xB7, 0x17, 0x17, 0x3E, 0x69, 0xEC, 0x4E, 0xF2, 0xAB, 0x3B, 0xD5, 0xDC,
    0x5C, 0xA8, 0x70, 0xD1, 0x85, 0x0B, 0xED, 0x2F, 0xCA, 0x70, 0x51, 0x87, 0x8B, 0x2E, 0x24, 0x8D,
    0x81, 0xF2, 0x02, 0x93, 0xDA, 0x89, 0x8B, 0x5C, 0xE3, 0xA6, 0xE9, 0x99, 0xE8, 0xD0, 0x19, 0x39,
    0x73, 0x1D, 0x92, 0xD7, 0x20, 0x63, 0x30, 0x27, 0xBE, 0xC2, 0xED, 0xE2, 0x95, 0x2E, 0xC2, 0x1E,
    0xC2, 0xFF, 0x07, 0xED, 0x5A, 0x3D, 0x6E, 0xDD, 0x46, 0x10, 0xE6, 0x0F, 0x60, 0x02, 0x61, 0xC1,
    0x2A, 0x69, 0x5C, 0xF0, 0x06, 0xE1, 0x05, 0x02, 0x90, 0x47, 0x70, 0xF3, 0x9A, 0xA4, 0x48, 0x1F,
    0x17, 0xBA, 0x40, 0x80, 0xC7, 0x23, 0xE8, 0x08, 0x2E, 0x62, 0x20, 0x90, 0x0B, 0xB5, 0xE9, 0xC8,
    0x23, 0x10, 0xC8, 0x05, 0x08, 0xC4, 0x29, 0xE2, 0x8A, 0x05, 0x0B, 0x4A, 0xE1, 0xE3, 0x64, 0x66,
    0x77, 0x66, 0x77, 0xF6, 0xE9, 0xC9, 0x90, 0x60, 0x09, 0x11, 0x92, 0x47, 0x80, 0xE6, 0x7C, 0x7E,
    0xE4, 0xEE, 0xEC, 0xEC, 0xFC, 0x7C, 0xBB, 0xAB, 0x28, 0xC2, 0xEB, 0xA7, 0xDB, 0x37, 0x91, 0xBB,
    0x72, 0x80, 0xCD, 0xA3, 0x0E, 0x00, 0x46, 0x01, 0x19, 0x02, 0x38, 0x08, 0x2A, 0x09, 0x41, 0xC3,
    0x68, 0x0F, 0xDB, 0x07, 0x80, 0x81, 0x11, 0x49, 0x15, 0x4C, 0x16, 0x24, 0xF4, 0x4D, 0x06, 0x8B,
    0x45, 0x29, 0xCC, 0x51, 0x14, 0xC3, 0x2A, 0xBD, 0x51, 0xEB, 0xFB, 0x4D, 0x50, 0x8B, 0xFF, 0x56,
    0x10, 0xBD, 0xE8, 0xAB, 0x06, 0xBE, 0x7E, 0xB1, 0x03, 0x97, 0xEB, 0x63, 0x80, 0xC8, 0x32, 0x0A,
    0xCD, 0x01, 0x82, 0x10, 0x0D, 0x01, 0x9A, 0x11, 0xCD, 0xA6, 0xA7, 0x57, 0x88, 0x56, 0x87, 0x68,
    0x6A, 0xC0, 0xA3, 0x88, 0xFA, 0xF0, 0xA8, 0x02, 0xE8, 0x3D, 0x2A, 0xB0, 0x51, 0x8F, 0x52, 0x80,
    0xC9, 0xA3, 0x24, 0x40, 0xD8, 0xCC, 0x7C, 0x2F, 0xEA, 0x60, 0x51, 0x68, 0xFF, 0x44, 0x28, 0xEC,
    0x21, 0xEC, 0x5D, 0x69, 0x16, 0x1F, 0x6B, 0xAD, 0x46, 0x94, 0x1D, 0x8F, 0xB6, 0xF5, 0xA8, 0xD6,
    0x56, 0x4A, 0xC8, 0x63, 0x1D, 0x42, 0x23, 0x2D, 0x0E, 0xBD, 0x36, 0xBE, 0xAD, 0x2D, 0xDF, 0x6A,
    0xB4, 0x7D, 0x66, 0xFE, 0x82, 0xB9, 0x9D, 0x83, 0x79, 0x6F, 0x02, 0xC4, 0xC3, 0xE7, 0x78, 0xE1,
    0xE1, 0xF3, 0x94, 0xB4, 0x1E, 0xA1, 0x96, 0xBD, 0x47, 0xB1, 0x0D, 0x24, 0xD1, 0x13, 0x4C, 0x20,
    0x09, 0xDA, 0x73, 0x7F, 0x33, 0x8F, 0x75, 0x51, 0xA8, 0x32, 0x61, 0x25, 0xA8, 0x34, 0x81, 0x2C,
    0xA8, 0x30, 0xDD, 0x0B, 0xCA, 0x78, 0x0C, 0xB3, 0xF8, 0x47, 0xEF, 0x51, 0x62, 0xBA, 0x77, 0x36,
    0x33, 0x09, 0x40, 0xA1, 0x49, 0x21, 0x33, 0x34, 0x87, 0x6A, 0xEA, 0x5E, 0xD9, 0xFA, 0xA0, 0x50,
    0x61, 0x7D, 0xDE, 0x7B, 0x72, 0xE3, 0x51, 0x66, 0x2D, 0x3F, 0x47, 0x5E, 0x19, 0x3D, 0x7F, 0x63,
    0xE0, 0xF3, 0x93, 0x42, 0x9D, 0x8A, 0x15, 0x6A, 0x5D, 0xC5, 0x0A, 0x2A, 0xA3, 0xE6, 0xDD, 0xD8,
    0x22, 0xF0, 0x17, 0x85, 0xF2, 0xC0, 0x7B, 0xD2, 0xC0, 0xB3, 0xD2, 0xC0, 0xEB, 0xC8, 0x23, 0x6B,
    0x49, 0x6B, 0xD4, 0x3D, 0x5A, 0xE6, 0xD5, 0xF5, 0x7B, 0xC9, 0x94, 0x23, 0xC7, 0xE8, 0x26, 0x2E,
    0x30, 0xD0, 0x17, 0xC6, 0x43, 0x70, 0x88, 0x9F, 0x3A, 0xD4, 0xA8, 0xC0, 0x1B, 0x87, 0x84, 0xC6,
    0x31, 0x26, 0x6E, 0x6B, 0x9A, 0x86, 0x12, 0xFA, 0x6E, 0x33, 0x76, 0x18, 0xBB, 0xC5, 0x8C, 0x79,
    0x7A, 0x96, 0xC4, 0xF5, 0x0A, 0x86, 0x02, 0x95, 0xA4, 0x51, 0x94, 0xF8, 0x2C, 0xF8, 0xD9, 0xD9,
    0x27, 0x0E, 0xD5, 0x3C, 0x0B, 0x7E, 0xD6, 0xFC, 0x04, 0xFB, 0xFC, 0x03, 0xAC, 0xAA, 0xD6, 0xDF,
    0x4B, 0xF6, 0xF4, 0x12, 0x6C, 0x26, 0x2F, 0xAD, 0x93, 0xD2, 0xB3, 0x57, 0xCE, 0x8E, 0xCF, 0x03,
    0x3F, 0x57, 0x7E, 0x8A, 0x6F, 0x4E, 0xE7, 0xE7, 0x89, 0x67, 0xE1, 0xAB, 0x6D, 0x70, 0x65, 0xE4,
    0x8B, 0x52, 0x6B, 0xA3, 0x02, 0x6D, 0x5C, 0x0C, 0xAE, 0x1E, 0x4D, 0xF6, 0xE6, 0x08, 0x41, 0x43,
    0x77, 0xAB, 0x4F, 0x9A, 0x34, 0xDD, 0xDE, 0x7D, 0xFB, 0x98, 0x27, 0xC8, 0xB8, 0xE8, 0x64, 0xEE,
    0xC8, 0xCD, 0x50, 0x21, 0x65, 0x19, 0xFD, 0x7E, 0x33, 0x1F, 0x3B, 0x4F, 0x6F, 0xF1, 0xEE, 0x5D,
    0xA9, 0x19, 0x9D, 0xC2, 0xB6, 0xB2, 0xA7, 0x52, 0xDD, 0xB1, 0xFF, 0xCD, 0xDE, 0x12, 0x85, 0x2D,
    0xBE, 0xDE, 0xBA, 0x48, 0x6B, 0xB8, 0xC6, 0x1B, 0x75, 0x36, 0x7B, 0xF3, 0xF5, 0x33, 0xDE, 0xDF,
    0x3D, 0x65, 0x95, 0x76, 0x26, 0x29, 0x82, 0x7A, 0x77, 0x46, 0x67, 0xF4, 0xC2, 0x51, 0xFD, 0x08,
    0xB4, 0x9C, 0x46, 0x18, 0x9F, 0x95, 0x8B, 0x66, 0xE2, 0xE2, 0x01, 0x1A, 0x4B, 0xCF, 0xE3, 0x6B,
    0xAA, 0x0A, 0xE0, 0xD9, 0x59, 0xAF, 0x10, 0x26, 0x8B, 0x0C, 0x24, 0x60, 0x31, 0x75, 0xB4, 0xA9,
    0xE3, 0xF8, 0x28, 0x19, 0x26, 0xA9, 0xCA, 0x3B, 0x48, 0x17, 0x54, 0x7B, 0xA9, 0xAC, 0x34, 0xDC,
    0xC8, 0x6A, 0x48, 0xD9, 0xCC, 0xC5, 0x76, 0x72, 0xE5, 0x23, 0xEE, 0x4C, 0x73, 0x54, 0x33, 0xE1,
    0xFD, 0xF7, 0x9D, 0x61, 0x60, 0xD4, 0xA8, 0x67, 0x60, 0x76, 0x05, 0x62, 0xAE, 0xC5, 0x2F, 0x3A,
    0x80, 0xB5, 0x48, 0xF4, 0x8B, 0x86, 0xDD, 0x81, 0x5F, 0xAF, 0xC4, 0xE6, 0xCB, 0x1B, 0x19, 0x4A,
    0x7C, 0x8D, 0x7D, 0xDC, 0x4D, 0x13, 0xD4, 0xCE, 0x3B, 0x1E, 0x11, 0x2A, 0x98, 0xB0, 0x01, 0x73,
    0x5A, 0xB2, 0x6C, 0x62, 0xCA, 0x06, 0xEF, 0x56, 0x8C, 0x85, 0xF7, 0xC8, 0xF2, 0x1C, 0xD5, 0x8E,
    0x5D, 0x1D, 0x70, 0x18, 0x07, 0x49, 0xBA, 0x4D, 0x22, 0x83, 0xEF, 0x0C, 0x99, 0x19, 0x5C, 0x92,
    0x2F, 0x1C, 0xE5, 0x5A, 0xF1, 0x3E, 0x88, 0x99, 0xE9, 0x45, 0x19, 0x44, 0x6F, 0x6E, 0x9B, 0x5A,
    0x27, 0x73, 0x5B, 0xEB, 0xE3, 0x53, 0xCC, 0x5D, 0xF7, 0xF6, 0x36, 0xAA, 0xD2, 0xDD, 0x7C, 0x61,
    0xB6, 0x94, 0x1E, 0x49, 0x95, 0x5A, 0xA6, 0x18, 0xC7, 0xF0, 0x82, 0xE5, 0xE8, 0x2C, 0x9F, 0x92,
    0xC7, 0x3B, 0x72, 0x6A, 0xE4, 0xC9, 0xC5, 0x69, 0xED, 0xD6, 0x0E, 0xC0, 0x2B, 0x06, 0x43, 0x53,
    0x85, 0xAB, 0x99, 0x55, 0x66, 0xE1, 0x17, 0x32, 0xF4, 0x1F, 0x03, 0x79, 0xF5, 0x86, 0x72, 0x6A,
    0x36, 0x00, 0x2E, 0x60, 0xB6, 0xC4, 0x02, 0x6E, 0x31, 0xAA, 0x7A, 0xEB, 0xBE, 0x36, 0x10, 0x49,
    0xAE, 0x98, 0xF4, 0x92, 0x9C, 0xF3, 0xC2, 0x8A, 0xE4, 0x98, 0xC3, 0xD8, 0xE4, 0x97, 0xD2, 0x46,
    0xBB, 0x75, 0xFB, 0x0B, 0xB8, 0x54, 0xCE, 0x18, 0x7F, 0xF8, 0xD4, 0x68, 0xD7, 0xF4, 0x59, 0xCD,
    0x46, 0x7C, 0x1B, 0x6C, 0x41, 0xA8, 0x85, 0xA5, 0xDE, 0x9E, 0xB0, 0xBA, 0x35, 0x2E, 0x59, 0x35,
    0x9E, 0xC0, 0xE4, 0xD4, 0x60, 0xE9, 0x53, 0xD7, 0xC0, 0xBB, 0x12, 0xB6, 0xC9, 0x56, 0x6D, 0x4F,
    0xD8, 0xAD, 0x08, 0x47, 0xA7, 0x5E, 0xEA, 0x7E, 0xC4, 0x99, 0xE9, 0x9C, 0xD1, 0x99, 0xE9, 0x9C,
    0x99, 0xCE, 0x29, 0xA6, 0xF3, 0xF6, 0xB6, 0xF1, 0xD9, 0xF2, 0xE0, 0xC6, 0x27, 0xA3, 0xCB, 0x5D,
    0x87, 0xBC, 0xAF, 0xC9, 0xAC, 0x65, 0xBB, 0xB6, 0x0B, 0xC5, 0xD8, 0xEE, 0xCD, 0x8C, 0x4C, 0x59,
    0xF0, 0xFD, 0xD9, 0x7C, 0x35, 0x91, 0x4E, 0xAB, 0xB1, 0x07, 0xBD, 0x66, 0x5A, 0x2E, 0x8C, 0x19,
    0xEA, 0xC3, 0xBF, 0x98, 0x0B, 0x85, 0x45, 0xA1, 0xAE, 0x32, 0x29, 0xC8, 0xB2, 0x5E, 0x96, 0xB8,
    0xFE, 0xCF, 0xC5, 0xF6, 0x58, 0x2C, 0x48, 0xEC, 0x65, 0x0B, 0x51, 0x3C, 0x13, 0x83, 0xA9, 0xB3,
    0x41, 0x87, 0x81, 0xB9, 0x72, 0xDA, 0x40, 0xC7, 0x5F, 0x4D, 0xCC, 0x19, 0x1F, 0x5E, 0x2B, 0xD3,
    0x70, 0x0E, 0x7F, 0xC3, 0x5A, 0x50, 0xD8, 0x61, 0x24, 0xFC, 0x0E, 0x2B, 0x9D, 0x53, 0x7C, 0xC2,
    0x98, 0xC0, 0x2E, 0x38, 0x6E, 0x16, 0xF2, 0x5D, 0x1B, 0x5F, 0x03, 0x89, 0x95, 0x8D, 0x25, 0x12,
    0x33, 0x1B, 0x48, 0xA9, 0xDD, 0xBB, 0xA4, 0x00, 0x33, 0x7E, 0x1D, 0x77, 0xDB, 0xBD, 0x9C, 0xFA,
    0x2D, 0xBE, 0xD6, 0x04, 0x1C, 0x64, 0xD3, 0xF4, 0x04, 0xD4, 0x6E, 0xB3, 0x3F, 0x23, 0x89, 0x25,
    0x9E, 0x27, 0x17, 0x76, 0xEE, 0xCB, 0xCA, 0x25, 0x82, 0xDE, 0xE6, 0x81, 0xED, 0x4D, 0xF4, 0x83,
    0x7D, 0x35, 0xE1, 0xEF, 0x2B, 0x93, 0x5B, 0x32, 0x70, 0xFB, 0xC5, 0x60, 0x52, 0x91, 0x58, 0x0D,
    0x2D, 0x59, 0x8A, 0x16, 0x66, 0x6F, 0xB7, 0x96, 0x0C, 0x15, 0xDB, 0x81, 0x09, 0x45, 0xA8, 0x47,
    0xDE, 0xB7, 0xB4, 0xCA, 0x37, 0xF6, 0xAC, 0xC6, 0x5F, 0x7E, 0x7B, 0x88, 0x37, 0x8C, 0x02, 0xD4,
    0x7E, 0x06, 0xF5, 0x0F, 0x46, 0x63, 0xD0, 0xDF, 0x14, 0xA0, 0x45, 0xA1, 0xBD, 0x3E, 0x89, 0xB2,
    0x83, 0xD4, 0xAC, 0x50, 0x7D, 0x58, 0x04, 0x87, 0x56, 0x39, 0x1F, 0xC6, 0xB8, 0xF4, 0x0D, 0x8A,
    0x5E, 0x1A, 0xA3, 0x37, 0xC1, 0x59, 0xCE, 0x8D, 0x6A, 0x46, 0x7D, 0xCA, 0x93, 0x79, 0xA9, 0xE9,
    0xA5, 0xFB, 0x34, 0x0F, 0x66, 0x5A, 0x76, 0xFC, 0x9B, 0xC8, 0x9D, 0xDB, 0x80, 0x57, 0xF0, 0x35,
    0x04, 0xCC, 0xF4, 0x02, 0x34, 0x89, 0xB5, 0xC9, 0x7B, 0xF4, 0x7B, 0xB4, 0xA0, 0x8D, 0x50, 0xEA,
    0x0F, 0x6D, 0x89, 0x08, 0xC7, 0xD9, 0x06, 0x3F, 0x2A, 0x3B, 0x97, 0xC1, 0xBC, 0x66, 0x81, 0xD5,
    0xE3, 0x63, 0xAB, 0x4F, 0x81, 0xD5, 0xE7, 0xC0, 0xEA, 0xCB, 0xBD, 0xA8, 0xFA, 0x2C, 0x9A, 0xA3,
    0x32, 0x40, 0x5E, 0x55, 0x24, 0xAC, 0x99, 0x57, 0xAE, 0xA6, 0x8A, 0xAD, 0xCE, 0x83, 0xC6, 0x5A,
    0x93, 0xF8, 0xA1, 0xD6, 0x24, 0x9E, 0x2A, 0xF6, 0xE8, 0x77, 0xED, 0x33, 0x67, 0xAA, 0x9A, 0xD7,
    0x23, 0xAD, 0x3B, 0xF3, 0xA1, 0x29, 0xB9, 0xE1, 0xA9, 0x59, 0xAC, 0x21, 0x6F, 0x77, 0x3B, 0x3E,
    0xCF, 0xCC, 0xF4, 0x99, 0x8F, 0xAA, 0xBC, 0x5B, 0x50, 0x79, 0xE7, 0x20, 0x6E, 0x1B, 0x35, 0x97,
    0x4E, 0xDF, 0x0B, 0x1D, 0xFD, 0x26, 0x33, 0xFC, 0xD5, 0x3C, 0x6F, 0x85, 0xFB, 0xEA, 0x4A, 0x4D,
    0x39, 0xEA, 0x3A, 0x04, 0x46, 0x7F, 0x7A, 0x14, 0xF6, 0x10, 0x75, 0xBD, 0x46, 0xDA, 0xFD, 0xD0,
    0x52, 0xFA, 0xA7, 0x74, 0x0B, 0xF6, 0xAF, 0x83, 0x25, 0x54, 0xA1, 0x3D, 0x2C, 0x2A, 0x83, 0x2D,
    0xEF, 0x4A, 0x75, 0xF0, 0x1A, 0xB6, 0x4B, 0x1D, 0x43, 0xAD, 0x67, 0x2F, 0xEC, 0x23, 0x85, 0xE2,
    0x48, 0x9D, 0x67, 0x4F, 0x89, 0x3A, 0x7F, 0xCB, 0x29, 0xA2, 0x63, 0x1B, 0x1C, 0x36, 0x47, 0x5A,
    0x32, 0xC7, 0xCB, 0x26, 0xE3, 0xD2, 0x9D, 0x6D, 0x3A, 0xA3, 0x56, 0x39, 0xC2, 0x62, 0x94, 0x63,
    0xF1, 0xC4, 0xFD, 0xC8, 0x6C, 0x07, 0xAF, 0x6F, 0x99, 0x09, 0xB9, 0xF4, 0xF2, 0x10, 0x19, 0xB4,
    0xDC, 0xAA, 0xD5, 0xEC, 0xA8, 0xA2, 0x70, 0xD3, 0xA1, 0xFC, 0x51, 0xA7, 0xA8, 0x4B, 0x5D, 0x6C,
    0x5A, 0x75, 0x1A, 0xCF, 0xE9, 0xC8, 0x9A, 0xE4, 0x46, 0x97, 0x9D, 0x59, 0xE7, 0xB0, 0x56, 0xF9,
    0xEE, 0xAC, 0xB3, 0x90, 0x76, 0xE3, 0x5E, 0x25, 0x99, 0x49, 0x65, 0xA7, 0x45, 0x25, 0x91, 0xF5,
    0x64, 0x72, 0xCE, 0xD5, 0xF8, 0x12, 0xFF, 0x37, 0x01, 0x66, 0xC7, 0x26, 0xD2, 0x67, 0x08, 0xFE,
    0xE3, 0x36, 0xFA, 0xCD, 0xCB, 0xD9, 0xC1, 0xC9, 0x4D, 0x0D, 0xEE, 0xFD, 0x66, 0x1F, 0xEC, 0x4A,
    0x4D, 0xEE, 0x64, 0x42, 0x38, 0x7D, 0x8E, 0xFA, 0xE4, 0x3C, 0x3A, 0x3A, 0x8A, 0x4C, 0xAC, 0x0D,
    0x32, 0xA3, 0x3F, 0x6A, 0xFE, 0x67, 0xF4, 0x0D, 0xF0, 0xBC, 0x7B, 0x7F, 0x48, 0x35, 0xCB, 0xDE,
    0x2B, 0xFF, 0xC9, 0x74, 0x9A, 0xBE, 0xD0, 0xA9, 0xFF, 0xAD, 0xF7, 0xC3, 0x27, 0xBB, 0xE2, 0xAB,
    0x5F, 0x1F, 0xE9, 0x43, 0x8F, 0x93, 0x13, 0x25, 0x47, 0xC5, 0x7A, 0x3A, 0xF8, 0x2A, 0x95, 0xF8,
    0x6B, 0x15, 0x78, 0x5D, 0x7B, 0x32, 0xAA, 0x53, 0x55, 0x8A, 0xD2, 0xE5, 0x1E, 0x02, 0xAE, 0xAF,
    0x06, 0x9E, 0x0E, 0x1E, 0xB5, 0x7C, 0xAA, 0x74, 0x9D, 0xE1, 0x19, 0x9E, 0xE1, 0x7F, 0x07, 0x76,
    0xF7, 0x9C, 0x86, 0x3F, 0xF7, 0x15, 0x72, 0x2C, 0x7F, 0x38, 0xF2, 0xDC, 0xB0, 0x0C, 0x61, 0x74,
    0x0C, 0x03, 0xAD, 0x42, 0xBA, 0x15, 0xE4, 0x66, 0x2A, 0x8D, 0xE1, 0x9E, 0x75, 0xC8, 0xB8, 0xA2,
    0x2A, 0xB4, 0x6B, 0xA5, 0x1A, 0x96, 0x72, 0x1F, 0x07, 0x0B, 0xC8, 0x40, 0x48, 0x1E, 0x20, 0xA4,
    0x5F, 0x26, 0x64, 0x77, 0x84, 0xDC, 0x0A, 0xF2, 0xA7, 0x55, 0x83, 0x94, 0x83, 0xF1, 0x01, 0xC2,
    0xF0, 0xF5, 0xEE, 0x47, 0x38, 0xEC, 0x76, 0xBB, 0xC6, 0xB5, 0x73, 0x16, 0x1E, 0x2C, 0xA8, 0xB9,
    0x38, 0x88, 0xB0, 0x1D, 0x11, 0xDB, 0x54, 0xE8, 0x23, 0x51, 0xB0, 0xDD, 0xCE, 0x51, 0xD2, 0x9E,
    0x57, 0xDC, 0x86, 0x61, 0xD5, 0x22, 0x14, 0xF2, 0x53, 0xE2, 0x78, 0x27, 0x72, 0xD3, 0xDB, 0xA7,
    0x58, 0x39, 0x25, 0x57, 0xEF, 0x44, 0xFD, 0xE9, 0x4B, 0x84, 0xCC, 0xEF, 0x98, 0xE8, 0xAD, 0x13,
    0xCB, 0x52, 0x25, 0x2C, 0x85, 0x85, 0x24, 0x70, 0x1C, 0x84, 0xB9, 0xB0, 0xA3, 0x9C, 0x3E, 0xFA,
    0x07, 0xAD, 0x55, 0x3D, 0x6E, 0xD4, 0x50, 0x10, 0x1E, 0x7B, 0xA3, 0xAC, 0x84, 0x25, 0x5C, 0x51,
    0xA5, 0x70, 0x8B, 0x68, 0xDC, 0x50, 0x22, 0xD9, 0x47, 0xA0, 0x48, 0x1A, 0x68, 0xA8, 0xD3, 0x70,
    0x84, 0xF5, 0x11, 0x52, 0x70, 0x00, 0x0A, 0x0A, 0xE0, 0x0E, 0x60, 0x1F, 0xC1, 0x05, 0x07, 0x70,
    0x91, 0x26, 0x54, 0x5B, 0xB8, 0x48, 0x84, 0xD7, 0xC3, 0xF7, 0x7D, 0x63, 0x07, 0x50, 0x22, 0x40,
    0x88, 0x91, 0xFD, 0x66, 0xF7, 0x79, 0xDE, 0xFC, 0x7E, 0x33, 0xCF, 0x4C, 0xB4, 0xED, 0xC5, 0xB2,
    0x59, 0x2C, 0xF7, 0x91, 0xAC, 0x70, 0x6F, 0xC0, 0x4A, 0xF7, 0x03, 0x58, 0xE5, 0xEE, 0x83, 0x36,
    0xDD, 0x6B, 0xB3, 0xD7, 0x60, 0xD7, 0x66, 0x49, 0x0B, 0x8E, 0xC3, 0xA9, 0x87, 0xD4, 0x71, 0x30,
    0x3B, 0xF1, 0x49, 0xAA, 0xCA, 0xEB, 0x30, 0xF0, 0x2A, 0x58, 0xAD, 0xF5, 0x44, 0xD6, 0x12, 0xAA,
    0xA3, 0xA2, 0x3D, 0x1D, 0x70, 0xD9, 0x6C, 0xA5, 0xB4, 0x90, 0x6E, 0xAA, 0x84, 0xC8, 0xCE, 0xF9,
    0x29, 0xC3, 0x7A, 0xA3, 0xEF, 0x73, 0x2D, 0x56, 0xCB, 0xA5, 0x0B, 0x6A, 0xA8, 0x2E, 0xA5, 0xF5,
    0xC8, 0x56, 0x3A, 0xD7, 0xB6, 0x6D, 0x16, 0x1F, 0x8A, 0x90, 0xA6, 0x26, 0x1A, 0x4E, 0x3D, 0x6C,
    0x65, 0xFE, 0x4D, 0xBE, 0x96, 0xDE, 0xB7, 0x0C, 0x14, 0x52, 0x25, 0xEC, 0xF1, 0x54, 0x06, 0xF3,
    0x39, 0xFC, 0x82, 0x28, 0x4E, 0x75, 0x3C, 0xDA, 0xF9, 0x2C, 0x55, 0x83, 0x1D, 0x7F, 0x08, 0x2B,
    0x2D, 0x1D, 0x4A, 0x7B, 0x78, 0xEE, 0x97, 0x56, 0x0E, 0xA5, 0x8B, 0xF6, 0x55, 0xF0, 0x71, 0xE5,
    0xC5, 0xA8, 0x5C, 0xF5, 0x79, 0xCD, 0x64, 0x29, 0x39, 0x96, 0x9C, 0xD5, 0x8C, 0x81, 0xD4, 0x07,
    0xF3, 0xE1, 0x4F, 0xFC, 0xD1, 0x99, 0xA8, 0x5E, 0x83, 0x54, 0x70, 0x1B, 0x1F, 0xDA, 0x59, 0xB1,
    0xF4, 0x15, 0x63, 0x28, 0xBD, 0x63, 0x0C, 0x8C, 0x25, 0x87, 0x2D, 0x64, 0x8D, 0x99, 0x05, 0x4D,
    0x48, 0xB7, 0xDC, 0x53, 0x1A, 0x54, 0xD8, 0x6C, 0x29, 0x19, 0x3D, 0x51, 0xC2, 0x92, 0xF3, 0x37,
    0x8B, 0x6A, 0x44, 0xFB, 0xDB, 0xE7, 0xC5, 0x87, 0x7A, 0x95, 0x84, 0xFE, 0x09, 0xD6, 0xFE, 0x61,
    0x85, 0xE3, 0x29, 0xF2, 0x9C, 0x3C, 0x97, 0x0B, 0x0D, 0xFD, 0x19, 0x89, 0xB2, 0x03, 0x11, 0xE7,
    0x96, 0xDF, 0xBC, 0xF4, 0x3A, 0x6B, 0x4C, 0x18, 0x64, 0x0D, 0xAC, 0xE5, 0xC2, 0xBF, 0x29, 0xEB,
    0xB9, 0x75, 0xD6, 0x43, 0xC8, 0x24, 0xC6, 0x18, 0x59, 0x12, 0x62, 0x74, 0xEC, 0xD9, 0x9A, 0xA6,
    0xA4, 0xBD, 0x50, 0x8D, 0x67, 0x53, 0x06, 0x3A, 0xE5, 0x63, 0x8F, 0xEA, 0x32, 0x27, 0x95, 0xD7,
    0xBB, 0xD9, 0x76, 0x2C, 0xB6, 0xB5, 0x2C, 0x7D, 0x0D, 0x81, 0xC4, 0x1B, 0xEA, 0x41, 0xA0, 0x8D,
    0xD6, 0x6E, 0x59, 0xB1, 0x2F, 0x99, 0xA6, 0x22, 0x1C, 0xAD, 0x9C, 0xAD, 0x9A, 0x17, 0x3D, 0x5B,
    0x41, 0x2A, 0x89, 0x56, 0x40, 0x08, 0x42, 0xD9, 0xA5, 0xFD, 0x42, 0x4F, 0xF1, 0x3E, 0xE6, 0x0F,
    0xBA, 0xFC, 0x59, 0xB5, 0x5B, 0x22, 0xC9, 0xA1, 0x3C, 0xA3, 0x99, 0x0A, 0xA5, 0x2B, 0x19, 0x08,
    0xF5, 0xB4, 0xF8, 0x03, 0xFC, 0xD5, 0xA9, 0x2B, 0x37, 0x07, 0x18, 0x39, 0x98, 0x3E, 0x17, 0x84,
    0x2F, 0x33, 0x46, 0x68, 0xA6, 0x88, 0x2C, 0xA1, 0xC5, 0x0C, 0xBB, 0x5B, 0x76, 0x0F, 0x30, 0x00,
    0x91, 0x9E, 0x85, 0xA6, 0x4A, 0x18, 0x40, 0x80, 0x56, 0x11, 0x2E, 0x25, 0x1B, 0x98, 0x5D, 0x97,
    0x31, 0x81, 0x8D, 0xDD, 0x43, 0x72, 0x1E, 0x18, 0xAA, 0xE8, 0x10, 0x8C, 0x70, 0x16, 0xD0, 0x46,
    0x0A, 0xEB, 0xF9, 0x62, 0xB8, 0xA2, 0xF6, 0x92, 0xD0, 0x54, 0x1D, 0x02, 0x46, 0x49, 0xA0, 0x4B,
    0xF8, 0xEA, 0x62, 0x8A, 0xB8, 0x34, 0xB2, 0xC8, 0xF7, 0x51, 0xBF, 0xBC, 0x9B, 0x31, 0x5E, 0xCB,
    0xA1, 0x26, 0x8B, 0x8E, 0x64, 0xA7, 0xD5, 0x6A, 0x3B, 0xAB, 0x22, 0x94, 0x3D, 0x7E, 0x8C, 0xDC,
    0x9E, 0x8C, 0xC8, 0x46, 0xF6, 0x5C, 0xED, 0x49, 0x87, 0x3A, 0xBD, 0x4B, 0x6E, 0xF6, 0x74, 0x69,
    0x5A, 0x9A, 0x9F, 0x02, 0x12, 0x62, 0x38, 0x4C, 0x0C, 0xD2, 0x34, 0xE0, 0xDD, 0xC7, 0xF8, 0x89,
    0x11, 0xB4, 0x63, 0xEA, 0xE9, 0x72, 0xBE, 0xBC, 0xB7, 0x74, 0xDC, 0xBE, 0xB3, 0x25, 0xB4, 0x21,
    0x22, 0xD2, 0x14, 0x50, 0xEB, 0x76, 0x31, 0xA0, 0xA0, 0x0A, 0xC0, 0xFD, 0xDA, 0xC2, 0x5C, 0x81,
    0x40, 0x91, 0x8D, 0xF0, 0xB8, 0x05, 0xB4, 0x22, 0x95, 0x5D, 0x7B, 0x88, 0x0E, 0x55, 0x1E, 0x36,
    0x31, 0xF5, 0xE0, 0xFC, 0x6C, 0x1B, 0x4C, 0x9A, 0x6B, 0x2B, 0x10, 0xDA, 0x40, 0x70, 0xFB, 0x17,
    0x83, 0x7A, 0x28, 0xB8, 0xFB, 0x9C, 0xBF, 0xA7, 0x9F, 0x93, 0xBA, 0x3E, 0x95, 0x99, 0x3D, 0xE7,
    0x16, 0x1C, 0x6B, 0x90, 0x6E, 0xA3, 0x75, 0xE2, 0xA5, 0x85, 0x45, 0x60, 0xD4, 0x4E, 0x21, 0xFD,
    0xE8, 0xD4, 0xEF, 0xD2, 0xFC, 0xE2, 0xDD, 0xFF, 0x6A, 0xDC, 0x27, 0x1F, 0x69, 0xEE, 0xEE, 0x83,
    0xA8, 0x81, 0xEC, 0xCD, 0x6C, 0x5B, 0x54, 0x6A, 0xB4, 0x12, 0xD1, 0x01, 0xCC, 0x8D, 0x20, 0x6F,
    0x0F, 0xDE, 0xEA, 0x52, 0x10, 0x4E, 0xAA, 0x40, 0x8B, 0xEE, 0x02, 0x21, 0x26, 0x51, 0xAB, 0xA7,
    0x5A, 0x37, 0xEB, 0x88, 0x1A, 0x59, 0x85, 0x75, 0x4E, 0x05, 0xAC, 0x1A, 0xDD, 0x17, 0x9D, 0xA4,
    0x7E, 0xAC, 0xD8, 0x79, 0xA8, 0xAF, 0xC5, 0x25, 0x7D, 0xA8, 0x04, 0xCB, 0x4A, 0x8D, 0xB9, 0x8D,
    0x81, 0x77, 0x12, 0x2D, 0xF9, 0xFA, 0xCA, 0xA2, 0x97, 0x76, 0xA8, 0x13, 0x61, 0x8D, 0x43, 0x03,
    0x0B, 0xD5, 0x10, 0x26, 0xB4, 0x73, 0x58, 0xC7, 0xEB, 0x4F, 0x0B, 0xEA, 0x7E, 0x04, 0xE8, 0x27,
    0x9F, 0xA4, 0x98, 0x13, 0xEA, 0xC0, 0x01, 0x3A, 0xC5, 0x6D, 0x72, 0xE2, 0x57, 0xBA, 0xF4, 0x6E,
    0x6C, 0xB9, 0x60, 0x86, 0xB8, 0x77, 0x7E, 0x86, 0xCB, 0x26, 0xEE, 0x03, 0x06, 0xF5, 0x31, 0xE0,
    0x32, 0x0A, 0xC1, 0x55, 0x5C, 0x30, 0x8D, 0xE0, 0x52, 0x60, 0xD4, 0x4C, 0x82, 0xCB, 0xD0, 0x8E,
    0xD2, 0xD5, 0xC7, 0xDC, 0x3F, 0xBB, 0xAF, 0x9C, 0xBF, 0xA3, 0x79, 0xB9, 0x30, 0x4E, 0x77, 0xEB,
    0xCE, 0x74, 0xFB, 0xED, 0xF0, 0xB7, 0xBF, 0xDA, 0xDB, 0xB3, 0xDF, 0x01, 0xED, 0x96, 0xB1, 0x72,
    0xDB, 0x30, 0x0C, 0x86, 0x65, 0xF3, 0x72, 0x1A, 0x34, 0x68, 0xEA, 0x92, 0x45, 0x8F, 0xA0, 0x47,
    0x90, 0xEE, 0x3A, 0x74, 0xED, 0x92, 0xA9, 0x0F, 0xD1, 0x47, 0x90, 0x1F, 0xA1, 0x43, 0x5F, 0xA1,
    0x8B, 0x17, 0x3F, 0x82, 0x74, 0xD7, 0xB1, 0x8B, 0xDF, 0xA0, 0x9E, 0x3B, 0x79, 0x70, 0xAF, 0xBA,
    0x1E, 0x63, 0x14, 0x20, 0x01, 0x02, 0x54, 0x12, 0x27, 0xB9, 0xA6, 0x77, 0x19, 0xAA, 0xC5, 0xF8,
    0x61, 0x8A, 0xFC, 0x08, 0x40, 0x20, 0x8B, 0x82, 0x9E, 0xAB, 0xF7, 0x85, 0x7D, 0x06, 0xF0, 0x56,
    0x8E, 0x70, 0x6B, 0x25, 0xC0, 0xD9, 0xA8, 0x15, 0x00, 0x18, 0xE9, 0x50, 0xF6, 0xB9, 0xDC, 0xA8,
    0xAC, 0x50, 0x4E, 0x2A, 0x6B, 0x94, 0x7B, 0x95, 0x0D, 0xCA, 0xA3, 0xCA, 0x36, 0x97, 0x1D, 0x7C,
    0x87, 0xD9, 0x32, 0x7E, 0xB3, 0x94, 0x00, 0x6F, 0x2D, 0x25, 0x80, 0x33, 0x94, 0x2B, 0x38, 0xAF,
    0x0D, 0xA5, 0xC3, 0x91, 0x86, 0xD2, 0xE1, 0x3C, 0x86, 0xB2, 0xC2, 0x55, 0x06, 0xA5, 0xAC, 0xE1,
    0x84, 0x4B, 0xEF, 0x95, 0xF1, 0x88, 0xF2, 0xA8, 0x8C, 0x87, 0xE0, 0x4A, 0x8C, 0x13, 0xBE, 0x30,
    0x2B, 0xE3, 0x84, 0xD3, 0x79, 0x85, 0xDA, 0x14, 0xA5, 0x52, 0x12, 0x91, 0x52, 0x06, 0x40, 0xA5,
    0x24, 0x46, 0x8A, 0x6D, 0xAF, 0x8C, 0xF4, 0xC6, 0x24, 0x8C, 0x3E, 0xE4, 0x65, 0x52, 0xC6, 0x42,
    0x29, 0x23, 0x50, 0xA2, 0x24, 0xC6, 0x42, 0x29, 0xE3, 0xB0, 0x44, 0x19, 0xB7, 0x5A, 0x0B, 0x65,
    0x0C, 0x44, 0xA2, 0x8C, 0x00, 0x42, 0xC9, 0x78, 0x42, 0xC9, 0x6E, 0xA1, 0x74, 0x3C, 0x07, 0x53,
    0xCA, 0xC6, 0x99, 0x32, 0x32, 0xD2, 0x7A, 0xFB, 0xC2, 0xE0, 0x30, 0x65, 0xCB, 0x92, 0x7F, 0x65,
    0x2B, 0x4C, 0x29, 0xE9, 0x60, 0x4A, 0x49, 0x56, 0x15, 0x29, 0x25, 0x48, 0x11, 0x27, 0x85, 0xD0,
    0x05, 0x23, 0x05, 0x38, 0x52, 0x6A, 0xF8, 0x03, 0xA5, 0x26, 0x27, 0x50, 0x6A, 0xEA, 0x02, 0xA5,
    0x26, 0x36, 0x50, 0xB6, 0x49, 0x06, 0xAB, 0x0B, 0x61, 0x8D, 0x7B, 0x99, 0x0B, 0x53, 0x32, 0x81,
    0x52, 0xEB, 0x3C, 0x50, 0x6A, 0xB9, 0x95, 0x08, 0x64, 0x8A, 0x91, 0x28, 0x9D, 0x4A, 0xFC, 0xA7,
    0x37, 0x25, 0x42, 0xD3, 0x98, 0x02, 0x22, 0x69, 0xCA, 0x8B, 0x28, 0x1B, 0x0E, 0x2B, 0x53, 0xB6,
    0xE6, 0x8B, 0x41, 0xA9, 0x8C, 0x04, 0x3D, 0x0F, 0xF0, 0xF3, 0x46, 0x1E, 0xFC, 0xC6, 0x47, 0xB0,
    0xCF, 0x4B, 0xCA, 0x2E, 0x97, 0xC5, 0xFD, 0xCF, 0x47, 0x80, 0xDF, 0xA6, 0x57, 0x84, 0x0F, 0xDE,
    0x7E, 0xC4, 0x65, 0x7C, 0xFD, 0x60, 0xF6, 0x1B, 0x9E, 0xB3, 0x89, 0x56, 0x3E, 0xA4, 0x59, 0x2E,
    0xA9, 0x5C, 0x7D, 0xEA, 0x47, 0xE7, 0xCF, 0x57, 0xBB, 0xF4, 0x4E, 0xCD, 0x0D, 0x0A, 0x07, 0xCE,
    0x1C, 0xB5, 0x18, 0xD1, 0x4A, 0xD6, 0x19, 0xA5, 0xDC, 0xC6, 0x38, 0xC9, 0x3A, 0x31, 0x36, 0x31,
    0xC9, 0x65, 0x6A, 0x53, 0x6C, 0xD5, 0x29, 0xF9, 0xAB, 0x38, 0x6B, 0xAB, 0x09, 0x1E, 0xC2, 0xCB,
    0x9D, 0x6E, 0x33, 0xFE, 0x07, 0x9A, 0xD5, 0x9A, 0x96, 0x59, 0x99, 0xD6, 0x57, 0xD2, 0x74, 0x6B,
    0x13, 0x07, 0x47, 0x5D, 0xD3, 0x99, 0x4E, 0x1A, 0x46, 0x57, 0xB6, 0xD3, 0x92, 0xA3, 0xB6, 0x8D,
    0x79, 0xC0, 0x5D, 0xD5, 0xB6, 0x71, 0x77, 0x18, 0xA3, 0xD6, 0x46, 0xBB, 0x45, 0x47, 0x67, 0x73,
    0xD5, 0xE0, 0xBF, 0x99, 0x83, 0xDE, 0xEF, 0x6C, 0x0F, 0xA6, 0x15, 0x06, 0x53, 0x80, 0xC1, 0x31,
    0xDA, 0xA6, 0x5D, 0x2D, 0x1D, 0xB8, 0x99, 0x1E, 0x2E, 0x3A, 0xDC, 0xFD, 0x8E, 0xC3, 0x0B, 0x38,
    0x16, 0x93, 0x8E, 0x0B, 0xC7, 0x1D, 0x52, 0xDC, 0xDC, 0xC2, 0xD1, 0xE5, 0x9B, 0xA3, 0x78, 0x9C,
    0xF2, 0x00, 0xB5, 0x79, 0x80, 0x3C, 0x86, 0xD1, 0xE7, 0x8E, 0xDA, 0x3A, 0x68, 0x78, 0x6D, 0xD3,
    0x40, 0x13, 0x96, 0x36, 0x73, 0xB4, 0xA4, 0xB3, 0x8E, 0x11, 0xB3, 0xBF, 0xCE, 0x93, 0x3D, 0xD9,
    0x86, 0x43, 0xE5, 0xB0, 0xA1, 0x61, 0xB6, 0x60, 0xEC, 0x81, 0x20, 0x6D, 0xB0, 0xB1, 0x45, 0xE7,
    0xB5, 0xA1, 0x6A, 0x23, 0x76, 0xB6, 0x70, 0xF7, 0x69, 0x6A, 0x73, 0x52, 0xE8, 0x32, 0x32, 0xB6,
    0x95, 0x88, 0x48, 0xE3, 0x4A, 0x0D, 0x4C, 0xFE, 0x49, 0xB3, 0x0E, 0x72, 0x62, 0x31, 0xBC, 0x9E,
    0x77, 0xDC, 0xC7, 0x14, 0x88, 0xAD, 0x34, 0xB9, 0x8C, 0x35, 0xDB, 0x1E, 0x88, 0xC4, 0x46, 0x2A,
    0x44, 0x5E, 0xC2, 0xBF, 0xDA, 0x6E, 0xB7, 0x3B, 0xFA, 0x73, 0x80, 0x33, 0x9A, 0x9F, 0x42, 0x2B,
    0x08, 0x1F, 0xBF, 0xB4, 0x90, 0x7F, 0xE9, 0xE8, 0x93, 0x63, 0x4C, 0xC7, 0x93, 0xD7, 0xA6, 0x74,
    0xFB, 0xBA, 0x4C, 0xFF, 0xDF, 0x14, 0x73, 0x23, 0x9F, 0x87, 0x98, 0x1D, 0x99, 0x13, 0x57, 0xAD,
    0xE7, 0x26, 0x53, 0x06, 0xF3, 0xC4, 0xFD, 0xDC, 0xC7, 0x13, 0x82, 0x6E, 0xC6, 0x3E, 0x1E, 0x2F,
    0x15, 0xFC, 0x0A, 0xE6, 0x89, 0x9C, 0x5F, 0x83, 0x09, 0x3F, 0x46, 0xBA, 0xA4, 0x7A, 0x3E, 0x9E,
    0x66, 0x35, 0xF7, 0xC9, 0x3C, 0x47, 0x86, 0x1D, 0x57, 0x12, 0x9A, 0xEF, 0xC2, 0xA9, 0xB4, 0x0E,
    0x90, 0xD7, 0xDB, 0xBE, 0xB0, 0xF7, 0x9F, 0x57, 0x6D, 0x5E, 0x7F, 0x59, 0x9E, 0xE2, 0xE9, 0xEC,
    0xCE, 0xEF, 0x0E, 0x70, 0x7C, 0xAE, 0x5E, 0xCE, 0xF7, 0xE6, 0xE6, 0x03, 0xDC, 0xF2, 0x1D, 0x07,
    0xEF, 0x3B, 0x3D, 0x65, 0x72, 0x2E, 0xEC, 0xA5, 0xF3, 0xB9, 0xBA, 0x7C, 0x71, 0x7D, 0xBA, 0xA8,
    0xAB, 0x47, 0xF5, 0xF1, 0xA2, 0xAE, 0xFF, 0x5A, 0x1F, 0x32, 0xDD, 0xDC, 0xD1, 0xFB, 0x4C, 0xB7,
    0x8F, 0xE8, 0x8E, 0x3F, 0x98, 0xA7, 0xEB, 0x4D, 0xA6, 0x87, 0x85, 0x1E, 0xB9, 0xAE, 0x1E, 0xD2,
    0x72, 0x06, 0x3C, 0x51, 0xAF, 0xE4, 0x5E, 0xC4, 0x7A, 0xAD, 0x17, 0x3C, 0xD6, 0x3E, 0xD3, 0xEE,
    0x11, 0x2D, 0xE9, 0x16, 0x2D, 0xE9, 0x13, 0x2D, 0xE1, 0x7E, 0x48, 0x4B, 0xB8, 0x45, 0xB7, 0x72,
    0xC6, 0x25, 0xBD, 0x29, 0x4C, 0x9E, 0xFE, 0x00, 0xED, 0x5D, 0xBB, 0x92, 0xE4, 0x46, 0x76, 0xC5,
    0x23, 0xA6, 0x61, 0xC0, 0x80, 0x23, 0xD2, 0xD8, 0x31, 0xE0, 0xCB, 0xC1, 0x27, 0x00, 0xBE, 0x9C,
    0x31, 0xB6, 0xD7, 0x20, 0x0D, 0xF9, 0xA2, 0xD1, 0x9F, 0x00, 0xF8, 0x72, 0xC6, 0x20, 0xFD, 0x35,
    0xC8, 0x88, 0x8D, 0xA1, 0x41, 0xFD, 0x01, 0x2A, 0x24, 0x43, 0xC6, 0x1A, 0x2A, 0x47, 0x96, 0x8C,
    0x45, 0x6C, 0x0C, 0x0D, 0xCA, 0x82, 0x51, 0x0A, 0xD5, 0x8C, 0x50, 0x48, 0x21, 0xDF, 0xE7, 0x24,
    0x50, 0x3D, 0x3D, 0x64, 0xCF, 0x73, 0x51, 0xC1, 0xE0, 0xE0, 0x1C, 0x74, 0x15, 0x12, 0xF9, 0xB8,
    0x79, 0xF3, 0xDE, 0x9B, 0x37, 0xA3, 0x88, 0x3F, 0x45, 0x87, 0xE0, 0x02, 0xA0, 0x14, 0x83, 0x07,
    0xB5, 0x10, 0x0D, 0x82, 0xB3, 0x03, 0xAD, 0x10, 0xE2, 0x68, 0x41, 0xB5, 0x80, 0xD9, 0xDD, 0xEA,
    0x17, 0x74, 0xB2, 0x20, 0x5E, 0x80, 0x70, 0x0F, 0xBB, 0x59, 0xC0, 0xE4, 0xFE, 0xF0, 0x29, 0x82,
    0xE5, 0xC1, 0x67, 0x28, 0xC6, 0xDD, 0x08, 0x20, 0xFE, 0x63, 0xF4, 0xFE, 0x3E, 0xB5, 0x70, 0x9F,
    0x59, 0xBD, 0xA6, 0xFD, 0xFC, 0x56, 0x20, 0x7F, 0x0D, 0x5E, 0xB1, 0xF5, 0x95, 0xB4, 0x83, 0xB7,
    0x02, 0x54, 0x89, 0xE6, 0x73, 0x7A, 0x07, 0x60, 0x6F, 0xAC, 0xC7, 0x06, 0x97, 0x5B, 0xFB, 0x69,
    0x70, 0x94, 0x1C, 0x7E, 0x33, 0xA8, 0x11, 0x2C, 0x02, 0xE3, 0xF6, 0xF7, 0xCB, 0xF3, 0xD4, 0xFF,
    0xA2, 0x28, 0x95, 0x52, 0x26, 0x31, 0x02, 0xEA, 0x83, 0x80, 0xF8, 0xC5, 0xF7, 0xCB, 0xFF, 0x5F,
    0xFC, 0x29, 0xFA, 0x18, 0x3E, 0xBB, 0x7C, 0xDB, 0xE5, 0xDB, 0x2E, 0xDF, 0x3E, 0x6D, 0xF9, 0x16,
    0x7E, 0x7A, 0xB8, 0xAD, 0x9B, 0x55, 0xBC, 0x33, 0x66, 0xFD, 0x2C, 0x23, 0x56, 0x4E, 0x2B, 0x41,
    0xB3, 0x33, 0xBF, 0x8A, 0xF9, 0x22, 0x60, 0x7E, 0xB7, 0x54, 0xF4, 0x1F, 0x91, 0xC9, 0x05, 0x6A,
    0xD5, 0x0B, 0x13, 0x73, 0x6B, 0x2C, 0x4C, 0x65, 0x1A, 0xA8, 0xB1, 0xCC, 0x6C, 0x9B, 0x6C, 0x58,
    0x4D, 0x03, 0xE7, 0x15, 0x73, 0x01, 0x66, 0xFE, 0xEE, 0x0F, 0xB2, 0xC9, 0x3D, 0xF3, 0x2A, 0x92,
    0x33, 0x9B, 0xED, 0x87, 0xB5, 0x7D, 0x48, 0x65, 0x17, 0x04, 0xB5, 0x55, 0xFF, 0x33, 0x21, 0x46,
    0x5E, 0x46, 0x24, 0x9E, 0xB1, 0x65, 0xB5, 0x8F, 0xF7, 0xB5, 0x51, 0x9B, 0x55, 0x81, 0x67, 0xAA,
    0x15, 0x53, 0x9A, 0x22, 0x7A, 0xA6, 0x30, 0x73, 0xED, 0x7D, 0x4C, 0x6E, 0x5E, 0xC3, 0x33, 0xD9,
    0x47, 0xC6, 0xE4, 0x1B, 0xCC, 0xFC, 0x80, 0x37, 0xBD, 0xBC, 0xB1, 0x7E, 0xD6, 0x75, 0xB8, 0xAE,
    0xE7, 0x76, 0xD5, 0x16, 0xBE, 0xBD, 0x0C, 0x93, 0xAC, 0x98, 0xCC, 0xB7, 0xFB, 0xC9, 0x3E, 0xDC,
    0xF5, 0x8D, 0x85, 0xA9, 0x1A, 0xB5, 0x08, 0x6C, 0x3C, 0x53, 0xBF, 0xBA, 0xBD, 0x83, 0x1E, 0x75,
    0xB2, 0x5D, 0x6F, 0x5A, 0x31, 0x27, 0x60, 0xB4, 0x3C, 0x3C, 0xAE, 0x98, 0x06, 0x98, 0x1E, 0x3A,
    0x2F, 0xFC, 0xCD, 0xE0, 0x98, 0x51, 0xAF, 0x41, 0x67, 0x1E, 0x77, 0x37, 0x62, 0x7E, 0x8E, 0xCB,
    0x4D, 0xB8, 0xAE, 0x3A, 0xF8, 0xAB, 0x03, 0x08, 0xDC, 0x23, 0xAC, 0x62, 0xED, 0xEF, 0xCB, 0x51,
    0x61, 0xD7, 0xAD, 0x77, 0xFE, 0x3A, 0xF7, 0xA3, 0x35, 0x96, 0x25, 0x7C, 0xE9, 0x57, 0xCD, 0x27,
    0xBF, 0x4A, 0x7E, 0xE5, 0x57, 0xCC, 0xB3, 0x5B, 0x74, 0xE3, 0xFA, 0xBB, 0x87, 0x32, 0xFE, 0xDD,
    0xFB, 0xD2, 0x16, 0x41, 0xDA, 0xE3, 0x75, 0x73, 0xE5, 0x3A, 0x7A, 0xD8, 0xF5, 0x09, 0x7E, 0x7F,
    0xDC, 0xAF, 0xF7, 0xEB, 0xFD, 0x5A, 0x89, 0xDF, 0xE1, 0xDE, 0xB1, 0x18, 0xDF, 0x39, 0xD9, 0x61,
    0x25, 0x8C, 0xFF, 0x86, 0xD6, 0x09, 0x9C, 0xE4, 0xE8, 0x05, 0x0A, 0xD0, 0xCC, 0x2D, 0xD1, 0x9C,
    0xE4, 0x01, 0x69, 0xDA, 0x93, 0x22, 0x90, 0x2E, 0x17, 0xAF, 0x1B, 0x29, 0xA8, 0x66, 0x3D, 0xB7,
    0x28, 0x19, 0x94, 0x18, 0x11, 0x56, 0x1B, 0xA9, 0x56, 0xE9, 0x47, 0xF7, 0x46, 0x40, 0xA5, 0xEA,
    0xCB, 0xB1, 0x93, 0xE1, 0x4A, 0x0A, 0xA7, 0x4E, 0x02, 0xD6, 0x52, 0xDA, 0xE7, 0x4E, 0x75, 0x2D,
    0xE4, 0x6F, 0x95, 0x4E, 0xB6, 0xA5, 0xF2, 0x46, 0xED, 0x84, 0x72, 0x22, 0x7F, 0xBA, 0xF5, 0xA6,
    0x41, 0xF9, 0x2B, 0x60, 0x51, 0x94, 0xD2, 0xC3, 0x8B, 0x59, 0xA9, 0x49, 0x24, 0x50, 0x0D, 0xCB,
    0xA4, 0x96, 0x82, 0x8A, 0xBC, 0xCC, 0x7A, 0x19, 0xC0, 0x52, 0x9C, 0x73, 0x10, 0xA9, 0x4F, 0x1A,
    0x59, 0x14, 0xB2, 0x8B, 0x32, 0x2C, 0x79, 0xA6, 0x28, 0x05, 0x5A, 0x4A, 0x97, 0x1F, 0xBF, 0xB0,
    0xF6, 0x36, 0xFD, 0x6A, 0x48, 0x8B, 0xB1, 0x60, 0xA1, 0x06, 0xF0, 0xFC, 0x78, 0xF0, 0xB4, 0xFD,
    0xDC, 0xB7, 0x80, 0xBF, 0xE5, 0x7D, 0x83, 0xAA, 0x0B, 0xEA, 0xB9, 0x08, 0x21, 0x35, 0x4A, 0xCE,
    0x30, 0x03, 0xFB, 0xB2, 0xED, 0x4C, 0xAE, 0xEB, 0x3C, 0x47, 0x18, 0x8B, 0x39, 0x86, 0xAE, 0x92,
    0x2E, 0x4F, 0x81, 0x8E, 0x94, 0x2D, 0x45, 0xEA, 0xFD, 0x1B, 0x16, 0x4B, 0x81, 0xA1, 0xD0, 0xD5,
    0x72, 0xA7, 0xF2, 0x0F, 0x96, 0x9A, 0x44, 0xE1, 0x1F, 0x2C, 0x7F, 0xD5, 0xE9, 0x41, 0xBA, 0x08,
    0xA9, 0xEB, 0xB2, 0xBA, 0xC7, 0xB9, 0xC1, 0xA7, 0x3B, 0x7A, 0x6B, 0xFE, 0xDA, 0x0C, 0x99, 0xCA,
    0xCC, 0xFF, 0xA5, 0x2E, 0x50, 0xAE, 0xB5, 0x84, 0x1B, 0xA3, 0x65, 0xCB, 0xC1, 0x27, 0x5E, 0xFF,
    0x28, 0xAC, 0xD2, 0xE4, 0x1A, 0x71, 0xB2, 0xFA, 0x16, 0xAA, 0xF6, 0x89, 0x60, 0xDD, 0xBF, 0x22,
    0x51, 0x60, 0x6F, 0x37, 0xA0, 0xBF, 0x90, 0x58, 0x59, 0x56, 0x1B, 0xDF, 0x5F, 0x93, 0x40, 0xDF,
    0xA0, 0x6E, 0x52, 0x82, 0x44, 0xB1, 0xBF, 0x7A, 0x62, 0x01, 0xD3, 0x38, 0x17, 0x80, 0xB0, 0xEA,
    0x50, 0x2E, 0x50, 0x16, 0x55, 0xB4, 0xAA, 0x95, 0x32, 0xE7, 0x59, 0xF4, 0xB5, 0xFE, 0xD3, 0xC4,
    0x7C, 0xBF, 0x52, 0xAF, 0x99, 0x99, 0xDF, 0x4E, 0x54, 0x1D, 0x14, 0xB0, 0xFA, 0xE8, 0x7C, 0xEF,
    0xC9, 0xE4, 0x37, 0x5C, 0xA3, 0xC5, 0xF2, 0xA2, 0x75, 0x0D, 0x5C, 0x0F, 0xF2, 0x01, 0xB6, 0xF5,
    0x4B, 0xD5, 0x24, 0x47, 0x78, 0x37, 0x5A, 0x58, 0xC7, 0x21, 0xEA, 0xEE, 0x41, 0x87, 0x07, 0xA3,
    0x81, 0x9E, 0x37, 0x12, 0x3A, 0xD3, 0x48, 0x9B, 0xD9, 0x62, 0xD7, 0xE1, 0xD0, 0xC1, 0x2F, 0x16,
    0xA4, 0xCC, 0xE6, 0xD4, 0x94, 0x52, 0x92, 0x8B, 0xE7, 0xF0, 0x08, 0x6C, 0x3D, 0xA5, 0x60, 0xBF,
    0x82, 0x9F, 0x81, 0xAF, 0x9A, 0xC6, 0x7C, 0x4E, 0xD2, 0xC8, 0x7E, 0x35, 0xE7, 0xEE, 0xD4, 0x52,
    0x77, 0xBA, 0x81, 0x96, 0xB6, 0x7D, 0xCB, 0x0F, 0xF5, 0x3B, 0x5A, 0xB7, 0x2A, 0x5D, 0xD8, 0x57,
    0xC9, 0x0D, 0xDB, 0x13, 0x4A, 0xFC, 0xA2, 0x9E, 0xA3, 0xF8, 0x3D, 0x3B, 0xBA, 0x79, 0x40, 0x61,
    0x82, 0xED, 0x9A, 0x51, 0xAD, 0xC7, 0x61, 0xAD, 0x8F, 0xD1, 0x15, 0x63, 0x0E, 0x2C, 0x51, 0xD7,
    0xA8, 0xBA, 0x17, 0x9D, 0xA2, 0x92, 0x90, 0x2F, 0xEA, 0x22, 0x36, 0x32, 0x5F, 0xB8, 0x05, 0x55,
    0x38, 0xAF, 0x0D, 0xB5, 0x7F, 0xE3, 0xE5, 0x1D, 0x6A, 0x9A, 0x20, 0x0B, 0xF7, 0x1E, 0xCB, 0xCB,
    0x77, 0x19, 0xAE, 0xDA, 0xD5, 0x08, 0xEB, 0x4C, 0xC3, 0x5D, 0x54, 0x93, 0xBC, 0x32, 0x4D, 0x73,
    0xD6, 0x15, 0xF9, 0xFA, 0xF6, 0xB6, 0xD7, 0x75, 0x9D, 0x79, 0x3D, 0xBC, 0xC3, 0xA9, 0x7F, 0x26,
    0x41, 0x72, 0xA2, 0x71, 0xDB, 0x40, 0x5B, 0xBA, 0xF2, 0xDE, 0x09, 0x5A, 0x47, 0x2D, 0x92, 0xE1,
    0x97, 0xC6, 0xBF, 0xD7, 0x52, 0x95, 0x9F, 0xE5, 0x7F, 0xB5, 0xED, 0x30, 0xBD, 0x68, 0x52, 0x31,
    0x2D, 0x95, 0xF8, 0x96, 0xFF, 0x97, 0xDF, 0x6A, 0xE7, 0xA5, 0xA1, 0xCE, 0xBF, 0x69, 0x59, 0x96,
    0xAA, 0xD1, 0xA0, 0xE4, 0xDD, 0xFE, 0xFF, 0x4F, 0xE6, 0xFF, 0x29, 0x6B, 0x2E, 0x8A, 0xB0, 0xEA,
    0x73, 0xB7, 0xFF, 0xFB, 0x59, 0xFC, 0xDB, 0x38, 0x45, 0xC4, 0xA9, 0x7E, 0xFE, 0x5F, 0xAB, 0xC9,
    0x56, 0x5E, 0x91, 0x8B, 0x6A, 0x65, 0x1F, 0xBB, 0x44, 0xF5, 0x6B, 0x69, 0x15, 0x9B, 0xCC, 0x84,
    0x7A, 0x36, 0xFF, 0x8E, 0x46, 0x44, 0x0F, 0x91, 0x55, 0x93, 0x8C, 0x11, 0x45, 0xDF, 0x3F, 0x9B,
    0x79, 0x53, 0x3E, 0xFD, 0xA6, 0xBF, 0xAE, 0xB8, 0xE1, 0x74, 0xB8, 0xB6, 0xDD, 0x47, 0xA4, 0x98,
    0x09, 0x56, 0xD5, 0x3F, 0x8E, 0x3B, 0x67, 0x3B, 0x45, 0xAF, 0xEE, 0x9C, 0xD8, 0xBE, 0xB9, 0xDF,
    0xF9, 0x8C, 0xEF, 0x14, 0x76, 0xFA, 0x7D, 0xEC, 0x3B, 0xE2, 0xC5, 0xF2, 0xF9, 0x76, 0xF3, 0x8E,
    0x08, 0x14, 0xE5, 0xE0, 0x8E, 0x53, 0x9A, 0xD7, 0x77, 0xAC, 0xFA, 0xB6, 0x71, 0x67, 0xB8, 0x7A,
    0xE7, 0x62, 0x95, 0xD8, 0x21, 0xBC, 0x63, 0x7E, 0x0E, 0xEE, 0xCC, 0x4B, 0xA1, 0x7F, 0xF4, 0x76,
    0x9C, 0xCA, 0xAA, 0x96, 0xE6, 0x4D, 0x6F, 0x9C, 0x26, 0x1E, 0xDE, 0xF1, 0xA1, 0x57, 0xAB, 0x3B,
    0xB1, 0x70, 0xEE, 0x85, 0x43, 0x50, 0x6F, 0x95, 0x73, 0x4E, 0x84, 0x77, 0x72, 0x23, 0xFF, 0xD6,
    0x77, 0xEC, 0xFA, 0x7B, 0x7D, 0xC7, 0x2E, 0xBF, 0x5A, 0xAB, 0x1E, 0xFB, 0x3B, 0x66, 0x99, 0xD6,
    0xFB, 0x15, 0xEC, 0xE4, 0x54, 0xF4, 0x91, 0xCC, 0xE2, 0xFE, 0x4E, 0x6D, 0xEF, 0x44, 0x0F, 0xBF,
    0xA3, 0xB5, 0xEF, 0x78, 0xE3, 0x4E, 0xA9, 0xEE, 0x24, 0x4E, 0xC1, 0x0D, 0xEF, 0xA4, 0x4E, 0x53,
    0x5F, 0xDF, 0x99, 0xAE, 0xDC, 0xC9, 0x37, 0xEE, 0xE8, 0x12, 0x14, 0x4E, 0x16, 0xE3, 0x9D, 0xD1,
    0x7D, 0x73, 0xEB, 0x7D, 0x2A, 0xB7, 0x74, 0x09, 0xEF, 0xD4, 0x6E, 0xC1, 0x83, 0xF5, 0x36, 0x90,
    0xD7, 0x22, 0x68, 0x05, 0x58, 0xA8, 0x56, 0x7E, 0xF9, 0x2C, 0xB9, 0xD4, 0x5B, 0x0A, 0xB0, 0x4D,
    0x3B, 0xB2, 0xCA, 0xB8, 0x3B, 0x9A, 0xAB, 0xFC, 0xBA, 0xC0, 0xDD, 0x51, 0x2B, 0xDA, 0x58, 0xA0,
    0x41, 0x65, 0xB2, 0x13, 0xD2, 0xA4, 0x56, 0x1E, 0xA7, 0xF0, 0x4E, 0x2F, 0xB9, 0x0A, 0x56, 0x93,
    0xD2, 0x6A, 0x74, 0x7B, 0x7B, 0xAB, 0xDC, 0x91, 0x47, 0xB5, 0x80, 0x05, 0x3B, 0x1F, 0x8C, 0x92,
    0x1A, 0xCD, 0x1B, 0x34, 0xB2, 0x6A, 0x5C, 0xB2, 0xF8, 0x3B, 0x63, 0x10, 0xDC, 0x48, 0x23, 0xB8,
    0xC5, 0xE5, 0x24, 0x8D, 0x7A, 0x5A, 0xA5, 0x93, 0xA4, 0x68, 0x71, 0x05, 0x6A, 0x56, 0x55, 0xBF,
    0x68, 0xD4, 0x3C, 0xA6, 0x6F, 0x66, 0xDC, 0xF4, 0x25, 0x13, 0x7F, 0xDE, 0xF9, 0x9D, 0xFF, 0xD4,
    0xF9, 0xFF, 0xB1, 0x61, 0x35, 0xBD, 0x78, 0xB5, 0xFC, 0xFF, 0xD9, 0x46, 0xD4, 0x8B, 0xB6, 0x62,
    0x3C, 0xDF, 0xE6, 0xB5, 0x3C, 0xD8, 0xE2, 0x5F, 0x5D, 0xE1, 0xA5, 0x68, 0xD9, 0xE4, 0xCF, 0x57,
    0x78, 0x71, 0x8D, 0x3F, 0x70, 0xF9, 0xCF, 0xC6, 0x91, 0xA3, 0x34, 0xFB, 0xD5, 0xFB, 0xF6, 0x52,
    0x1A, 0x6E, 0xF0, 0xB9, 0x50, 0xD6, 0xE9, 0x75, 0xFD, 0x68, 0x7F, 0xEA, 0x9A, 0x97, 0x36, 0xC3,
    0x2D, 0x5E, 0x5A, 0x4E, 0xB7, 0x78, 0x69, 0xBD, 0xDE, 0xE2, 0xA5, 0x6F, 0x65, 0x8B, 0x97, 0x86,
    0xB4, 0xCD, 0xF6, 0xBA, 0xC6, 0xF7, 0xE2, 0xF4, 0x56, 0x7C, 0xFB, 0x8E, 0xF9, 0xEB, 0xE5, 0x79,
    0xAB, 0xF7, 0xBA, 0x56, 0x0F, 0xD7, 0xEA, 0x2D, 0xBD, 0x52, 0xCF, 0xD7, 0xDA, 0xA5, 0x56, 0xFE,
    0xF5, 0x15, 0x1F, 0x5F, 0x69, 0xF7, 0xA7, 0xDB, 0xFD, 0x27, 0x51, 0x86, 0x3B, 0xE2, 0xE5, 0x38,
    0xFA, 0x4A, 0xAB, 0xA2, 0xC4, 0xC3, 0x88, 0xD9, 0xE4, 0x2F, 0xD1, 0x36, 0x3F, 0x5C, 0xE1, 0x9B,
    0x6D, 0x7E, 0x88, 0x36, 0xF9, 0x57, 0x81, 0x1F, 0xD4, 0xF0, 0x3F, 0x78, 0x61, 0xF0, 0xE4, 0xB6,
    0xD9, 0x0E, 0x4F, 0xB0, 0x13, 0xB8, 0x78, 0xB7, 0xD4, 0x95, 0xF0, 0xB7, 0x8D, 0x68, 0xAE, 0x9D,
    0x7A, 0x34, 0xEA, 0x8B, 0x26, 0xA0, 0xBE, 0x24, 0x47, 0x87, 0xA4, 0x32, 0x0C, 0x0F, 0xC2, 0xA0,
    0xB8, 0x0B, 0x50, 0x55, 0x10, 0x42, 0x09, 0x61, 0x71, 0xE3, 0x7A, 0x04, 0x4C, 0x6B, 0x4A, 0x20,
    0x35, 0x7F, 0xA7, 0xAC, 0xEA, 0x9D, 0xA7, 0x5E, 0x99, 0xA1, 0x79, 0xF4, 0x54, 0xC3, 0x3E, 0x1B,
    0x0C, 0x8E, 0x3B, 0xF9, 0x21, 0x1E, 0x81, 0x2F, 0x30, 0x10, 0x47, 0x53, 0x58, 0x39, 0xB5, 0x0F,
    0xCF, 0xF3, 0x8B, 0x83, 0x39, 0xA4, 0x4A, 0x0A, 0xB0, 0x62, 0x3F, 0xEA, 0xBD, 0x54, 0xBE, 0xA6,
    0x32, 0x0A, 0xDF, 0xDA, 0xA9, 0xBF, 0x65, 0x6A, 0x04, 0xEF, 0xB9, 0xFB, 0xD0, 0xA2, 0x26, 0x47,
    0x2F, 0x67, 0xDC, 0x8F, 0x81, 0x6F, 0x2C, 0x02, 0x87, 0x1F, 0x29, 0x79, 0xBC, 0x33, 0xCC, 0xA3,
    0x84, 0xDC, 0x84, 0x77, 0x68, 0x8D, 0xC9, 0xC9, 0x49, 0xD8, 0xA2, 0x7F, 0x53, 0xA2, 0xE7, 0x28,
    0x35, 0xD0, 0xD7, 0x5B, 0xBD, 0xC4, 0x02, 0x3F, 0x89, 0x3E, 0xD8, 0xC7, 0x4F, 0x81, 0x31, 0x29,
    0x00, 0x29, 0xA1, 0x9C, 0x26, 0x7B, 0xE9, 0xEE, 0xEE, 0x41, 0x5E, 0xE1, 0x84, 0xDF, 0xD2, 0x34,
    0x4F, 0x4A, 0x66, 0xA2, 0x55, 0xD1, 0x11, 0xD6, 0xF0, 0x0E, 0x15, 0x5A, 0x7D, 0x1D, 0x21, 0xCC,
    0xA5, 0xF7, 0x12, 0x6B, 0x02, 0xD4, 0xEB, 0x30, 0xCB, 0xD1, 0xC7, 0x3D, 0x38, 0x94, 0x18, 0xA5,
    0x79, 0x84, 0x2E, 0x63, 0x91, 0x96, 0x33, 0x16, 0xE9, 0x38, 0x9A, 0x9E, 0x62, 0x81, 0x2D, 0xD2,
    0xFF, 0x5A, 0x44, 0x8A, 0x42, 0x6A, 0xA3, 0x04, 0x46, 0xE8, 0x93, 0x06, 0x99, 0x90, 0x11, 0x83,
    0x4A, 0xDD, 0x7B, 0x0C, 0xAA, 0x6D, 0xE0, 0xFA, 0xB8, 0xFE, 0xC7, 0xC8, 0x6A, 0x8D, 0xAC, 0xB1,
    0x4A, 0x23, 0x1B, 0x9D, 0xDB, 0x1B, 0x4B, 0xCC, 0x0C, 0x8B, 0x91, 0xDE, 0xDB, 0x28, 0xC0, 0x2B,
    0xDA, 0xD3, 0x5C, 0xD2, 0x93, 0xAD, 0xAF, 0xA7, 0x10, 0xAC, 0x9E, 0x22, 0xB0, 0x7A, 0xF2, 0xBB,
    0xF6, 0x64, 0x0A, 0xD4, 0xCF, 0xFB, 0x83, 0x99, 0x7A, 0xDC, 0xFB, 0x19, 0xEF, 0xAD, 0xAD, 0x97,
    0xA3, 0x47, 0xC6, 0xC5, 0xED, 0xEB, 0xF3, 0x74, 0xB5, 0xAE, 0xB5, 0xA5, 0x65, 0xBB, 0x55, 0xB8,
    0xC5, 0x32, 0x42, 0xDA, 0x00, 0x04, 0x08, 0xDA, 0x3D, 0x26, 0xC4, 0x3D, 0x44, 0xFB, 0xDB, 0x1D,
    0x6A, 0x09, 0xD5, 0x7A, 0x69, 0x85, 0xC6, 0x5A, 0xE8, 0x91, 0x88, 0x54, 0x5B, 0xF7, 0x10, 0x5D,
    0x0B, 0x28, 0x23, 0xC5, 0x95, 0x7B, 0x39, 0x8F, 0x80, 0x58, 0xD6, 0xDA, 0x95, 0xB1, 0xA2, 0x6A,
    0x0D, 0x47, 0xD5, 0x44, 0x23, 0x4E, 0x3C, 0xC7, 0xD1, 0x28, 0x04, 0x8D, 0x54, 0x41, 0xA3, 0x18,
    0x50, 0xC4, 0x68, 0xD1, 0x09, 0x40, 0xD1, 0x8D, 0xFB, 0x79, 0x43, 0x3C, 0xD0, 0x36, 0xDD, 0xE5,
    0x59, 0x14, 0x34, 0xB5, 0xFC, 0xC2, 0xC0, 0xBA, 0x92, 0x68, 0x28, 0x9A, 0x21, 0x08, 0x29, 0xA1,
    0xB0, 0x08, 0xDE, 0xB2, 0xAB, 0x63, 0x31, 0x4E, 0x14, 0x27, 0x41, 0x11, 0x16, 0x37, 0x81, 0xBF,
    0xE8, 0x69, 0xE0, 0xA2, 0x29, 0x03, 0xD5, 0x8D, 0xB6, 0xEF, 0x2E, 0x3F, 0xF7, 0x3C, 0x8A, 0x3E,
    0xA4, 0x90, 0x3D, 0xC2, 0xF5, 0xA1, 0x87, 0x5A, 0x57, 0xAB, 0xB1, 0x01, 0xDC, 0xB1, 0x08, 0x73,
    0x86, 0x05, 0xC3, 0x9A, 0x61, 0xCF, 0x50, 0x10, 0x4C, 0x19, 0xE6, 0x0C, 0x0B, 0x86, 0x35, 0xC3,
    0x9E, 0xA1, 0x20, 0x98, 0x32, 0xCC, 0xA4, 0x3E, 0xEB, 0x61, 0x21, 0xCE, 0x08, 0x97, 0xC9, 0x1B,
    0x61, 0x2B, 0x8E, 0x08, 0x97, 0xF6, 0x06, 0x28, 0x5D, 0xD5, 0x00, 0x65, 0x70, 0x1C, 0x40, 0x19,
    0x1C, 0x07, 0xB0, 0x56, 0x11, 0x9A, 0x0E, 0x4A, 0xEB, 0x27, 0x40, 0xED, 0xB4, 0xB4, 0x30, 0x91,
    0xC3, 0xD5, 0xC3, 0x4C, 0xF6, 0x42, 0x0F, 0xE5, 0x0F, 0x03, 0x54, 0x46, 0x6E, 0x0F, 0xD5, 0x78,
    0xF1, 0x50, 0x49, 0x1A, 0x07, 0xD5, 0x0F, 0x7B, 0xA8, 0x7E, 0xD8, 0x43, 0xF5, 0xC3, 0x1E, 0x6A,
    0x45, 0xC4, 0x41, 0x3D, 0x10, 0x1D, 0xD4, 0xD3, 0x80, 0x85, 0x89, 0x1E, 0x57, 0x16, 0xEA, 0x1F,
    0x76, 0x50, 0xFF, 0xB0, 0x83, 0x46, 0xC3, 0xB1, 0xB0, 0xB5, 0x25, 0xD5, 0xD0, 0xCC, 0x2F, 0x06,
    0x9A, 0x1F, 0xB6, 0xD0, 0xFC, 0xB0, 0x85, 0xE6, 0x87, 0x2D, 0xB4, 0xAA, 0x93, 0x81, 0xB5, 0x9B,
    0x20, 0x15, 0xB4, 0x4B, 0x1A, 0x0D, 0xED, 0x0F, 0x1B, 0xE8, 0xC2, 0x0E, 0x34, 0x2C, 0x7C, 0x90,
    0xAE, 0x84, 0x4E, 0x27, 0xD3, 0xB0, 0xF6, 0xB2, 0x5A, 0x42, 0xB7, 0x56, 0x52, 0xF0, 0xAF, 0x4E,
    0x28, 0x28, 0xF8, 0xBF, 0x6E, 0x3D, 0xA4, 0xA0, 0x40, 0xA7, 0x42, 0x0F, 0x12, 0xC3, 0xC0, 0x91,
    0xE1, 0x91, 0x61, 0xC7, 0x30, 0x22, 0x78, 0x61, 0x78, 0x66, 0x38, 0x32, 0x3C, 0x32, 0xEC, 0x18,
    0x46, 0x04, 0x2F, 0x0C, 0xCF, 0x0C, 0x47, 0x84, 0x2D, 0x8B, 0x91, 0xAD, 0xA0, 0x9C, 0xD1, 0xFD,
    0x5F, 0x75, 0xC8, 0x00, 0x6A, 0x27, 0x90, 0x1B, 0xC8, 0x17, 0x25, 0x37, 0x0F, 0xEE, 0x17, 0x3B,
    0xF3, 0x3F, 0x6B, 0xA0, 0x69, 0xBE, 0xF6, 0x85, 0x2D, 0xD8, 0x2B, 0x9E, 0x08, 0xD2, 0x89, 0x75,
    0x2C, 0x40, 0x43, 0xD2, 0x1A, 0x35, 0xDC, 0x27, 0xE0, 0xDA, 0xFC, 0x08, 0x3F, 0x18, 0x57, 0x9C,
    0x89, 0x09, 0x43, 0x85, 0x17, 0x09, 0x86, 0xB1, 0xC1, 0xA5, 0x18, 0x31, 0x18, 0x78, 0x99, 0x00,
    0x31, 0xFA, 0x77, 0xD1, 0xF1, 0x31, 0xDC, 0x77, 0x69, 0x23, 0x0C, 0xB9, 0x94, 0x15, 0x24, 0x50,
    0xDD, 0xC6, 0x07, 0x2B, 0x4F, 0x9F, 0x7F, 0x70, 0xAA, 0x7D, 0x52, 0x17, 0x27, 0xAF, 0x27, 0xF4,
    0x77, 0x15, 0xB2, 0x25, 0xDD, 0x92, 0x48, 0x16, 0x0A, 0xC3, 0x8E, 0x95, 0xFB, 0x2D, 0x06, 0x1B,
    0xC0, 0x21, 0x82, 0x40, 0x43, 0xDD, 0x71, 0x5A, 0x3F, 0xE6, 0x9A, 0xC8, 0x3F, 0xD8, 0x78, 0x22,
    0xED, 0x83, 0x53, 0x17, 0x81, 0xEF, 0x0B, 0x85, 0xB1, 0x25, 0x13, 0x3A, 0x58, 0x0B, 0x17, 0xB4,
    0x77, 0x74, 0x85, 0xF2, 0x0F, 0xAE, 0x9D, 0x68, 0x3E, 0xA1, 0x37, 0xD6, 0x69, 0xC6, 0x5D, 0x04,
    0x6A, 0xB3, 0x7D, 0x33, 0xAD, 0x53, 0x3B, 0xF7, 0xA8, 0xD6, 0x01, 0x9D, 0xE7, 0x53, 0x2B, 0x81,
    0x19, 0xBB, 0x0B, 0x73, 0x18, 0xF3, 0x83, 0x2B, 0x94, 0xD5, 0xF5, 0x4A, 0xD0, 0xA1, 0xCE, 0xB8,
    0x26, 0x2B, 0x75, 0xA8, 0xEE, 0x21, 0x22, 0x05, 0xAF, 0x8B, 0xE0, 0xC1, 0xBE, 0xD9, 0xE5, 0x83,
    0x13, 0x0F, 0xE5, 0x83, 0x53, 0x1A, 0xC7, 0x43, 0x06, 0x3D, 0x68, 0x79, 0x70, 0xCE, 0xDB, 0x54,
    0x0B, 0x18, 0xD6, 0xCB, 0x83, 0x2B, 0x80, 0x85, 0xB8, 0xE0, 0x42, 0x31, 0xE3, 0xED, 0xB6, 0x29,
    0x2B, 0x45, 0xB1, 0xA0, 0x98, 0xD4, 0x28, 0xD8, 0x57, 0xD6, 0x52, 0xFC, 0xAA, 0x9C, 0xD5, 0x27,
    0x52, 0x98, 0x48, 0x9F, 0x2A, 0x38, 0x12, 0x95, 0x83, 0x56, 0xAD, 0x82, 0x8F, 0x6F, 0x1C, 0xD1,
    0x83, 0x1B, 0x86, 0x88, 0x12, 0x8E, 0xA5, 0x4F, 0x59, 0x6F, 0xCB, 0xEF, 0x55, 0xE3, 0x6A, 0x2A,
    0x14, 0xE9, 0x51, 0x76, 0xB9, 0x87, 0x6F, 0xC0, 0x45, 0xBC, 0xB0, 0x91, 0xF6, 0xCC, 0x70, 0x64,
    0x78, 0x60, 0xC8, 0x06, 0xDE, 0x33, 0xD5, 0x31, 0x16, 0x82, 0x63, 0x84, 0x97, 0x3F, 0x9E, 0x1F,
    0xE8, 0x5E, 0x25, 0x4D, 0xED, 0xD8, 0x07, 0x33, 0xC8, 0x8E, 0x76, 0xB4, 0xA3, 0x0F, 0x87, 0x5E,
    0xBF, 0xD0, 0x9F, 0x1F, 0x8D, 0x2E, 0xE8, 0x3E, 0x8F, 0x84, 0x5A, 0xB1, 0x4A, 0xA7, 0xC0, 0x82,
    0x30, 0xFB, 0x68, 0x51, 0x1A, 0x06, 0xB1, 0xDD, 0xFB, 0x49, 0x79, 0x5A, 0x51, 0x2B, 0x4F, 0x0E,
    0xFB, 0x2C, 0xC2, 0x58, 0xCB, 0x92, 0x45, 0xAA, 0xB6, 0x14, 0x04, 0x3E, 0x99, 0x80, 0x68, 0xC5,
    0x6A, 0x06, 0x5A, 0xCD, 0x50, 0x4C, 0xB0, 0x49, 0x57, 0x6B, 0x15, 0x7D, 0x30, 0x03, 0x4E, 0xEC,
    0x0E, 0x5A, 0x26, 0xF1, 0x3A, 0x98, 0x32, 0x4F, 0x65, 0x30, 0xA5, 0x8E, 0x05, 0x95, 0xBD, 0x92,
    0x6B, 0x1D, 0xDE, 0x48, 0x73, 0xC8, 0xA8, 0xEC, 0xAD, 0x54, 0x1D, 0xB0, 0xEC, 0x0B, 0xE0, 0x79,
    0x4D, 0xEF, 0xAE, 0x38, 0xF0, 0x74, 0x8A, 0x65, 0x4F, 0x03, 0x8F, 0xA8, 0x6E, 0x2F, 0x9C, 0x39,
    0x73, 0xAD, 0xEB, 0x9C, 0xA1, 0xE4, 0xA3, 0xD3, 0xB5, 0xBC, 0x06, 0x89, 0x65, 0x57, 0x51, 0x79,
    0x58, 0x76, 0xA5, 0xB0, 0x61, 0xD9, 0xDB, 0x20, 0x38, 0x2B, 0xB2, 0xBB, 0x34, 0x0F, 0xA4, 0x06,
    0x40, 0xD9, 0x13, 0xB7, 0x6E, 0xC5, 0x92, 0x63, 0xD9, 0x4D, 0x4F, 0xAB, 0xC1, 0x9A, 0x75, 0x66,
    0x6F, 0x54, 0x41, 0xE6, 0x55, 0xAF, 0x66, 0x16, 0x10, 0x0E, 0x77, 0xD4, 0xDF, 0x9C, 0xB1, 0xE4,
    0x58, 0xF6, 0x96, 0x43, 0xA5, 0x9D, 0xFA, 0x92, 0xC0, 0xDA, 0x92, 0xD5, 0x1C, 0xA7, 0xC2, 0xD8,
    0xB2, 0xBB, 0x41, 0xE0, 0xCD, 0x93, 0x13, 0xA8, 0x99, 0x11, 0x85, 0x12, 0x9F, 0x61, 0x01, 0xB5,
    0xB5, 0x69, 0xCE, 0xF6, 0xF7, 0x0A, 0x33, 0x19, 0x6D, 0xBA, 0xFD, 0xDA, 0x20, 0x9E, 0x84, 0xDC,
    0xC3, 0x5D, 0x48, 0x1C, 0x9C, 0x4D, 0x02, 0xF4, 0xF2, 0x14, 0x17, 0xB6, 0xA3, 0x31, 0xAC, 0x90,
    0x2F, 0x00, 0x04, 0x91, 0x5E, 0x9E, 0xF8, 0xE0, 0x40, 0xB3, 0x4E, 0x28, 0xC3, 0x50, 0x39, 0xD0,
    0x60, 0xF5, 0x62, 0xA9, 0x26, 0xA3, 0x55, 0x84, 0xAA, 0xB5, 0xDB, 0x8D, 0x78, 0x40, 0x75, 0x9A,
    0x74, 0x48, 0xB5, 0xA2, 0x00, 0x05, 0x5B, 0x5E, 0x1F, 0x79, 0xEF, 0x82, 0x2C, 0x7B, 0x86, 0x63,
    0x4D, 0x12, 0x24, 0x42, 0xE5, 0x42, 0xA3, 0x60, 0xFF, 0xF8, 0xC4, 0xEA, 0x65, 0xA5, 0x36, 0x58,
    0x8E, 0x38, 0x7E, 0x67, 0x2C, 0xB9, 0x2E, 0x7B, 0x8B, 0x83, 0x31, 0x57, 0x44, 0x47, 0xF2, 0x6D,
    0xA5, 0xD8, 0x09, 0x08, 0xEB, 0x43, 0x74, 0x7A, 0x14, 0x34, 0x52, 0xF6, 0x02, 0x1E, 0xF9, 0x3B,
    0x7A, 0x28, 0x3A, 0x6D, 0xB4, 0xD8, 0xEB, 0x86, 0xDA, 0x6F, 0x6E, 0xA8, 0x35, 0x4F, 0xDC, 0xB6,
    0x1D, 0xA1, 0x91, 0xD0, 0x85, 0x7B, 0x81, 0x73, 0x00, 0x3C, 0xE9, 0x29, 0xDA, 0x25, 0xE6, 0x98,
    0x98, 0x92, 0x22, 0x67, 0x54, 0x14, 0x34, 0x3A, 0x00, 0xD8, 0x01, 0x87, 0xB1, 0x55, 0x79, 0xE8,
    0xB8, 0x03, 0x75, 0x86, 0xA3, 0x80, 0x82, 0x58, 0xA1, 0xFB, 0x50, 0x1F, 0xA0, 0xD3, 0x83, 0xD1,
    0x43, 0x9F, 0x40, 0x88, 0xCB, 0xC9, 0xEF, 0xC0, 0xEF, 0xC7, 0xEF, 0x4E, 0xF5, 0xC2, 0x75, 0x46,
    0xF5, 0x99, 0x98, 0x91, 0xA3, 0xE2, 0xE0, 0xBE, 0xB2, 0x51, 0x71, 0x57, 0x62, 0xE7, 0x26, 0x42,
    0x03, 0xA2, 0x99, 0x7A, 0xC1, 0x10, 0x85, 0xB9, 0x0B, 0xAC, 0x84, 0xDE, 0xDA, 0x07, 0x63, 0xC5,
    0xF9, 0xCF, 0x2C, 0xCB, 0xCF, 0x2C, 0xD9, 0x07, 0x42, 0x33, 0x4B, 0xFD, 0x23, 0xA1, 0x33, 0xCF,
    0x08, 0xCE, 0xB8, 0xA2, 0x7C, 0x29, 0x07, 0x67, 0xE3, 0x49, 0x84, 0xCE, 0x67, 0xE0, 0xB7, 0x46,
    0x9F, 0x3C, 0x4A, 0xF5, 0x8E, 0x1F, 0x9F, 0x6E, 0xE7, 0x02, 0xA8, 0x56, 0xE2, 0x0E, 0x03, 0x3A,
    0x5A, 0x0C, 0xDC, 0x68, 0x5A, 0x8C, 0xD9, 0xE8, 0x3C, 0x4A, 0x55, 0xF6, 0xB0, 0x47, 0x40, 0xDD,
    0x3D, 0x08, 0x9E, 0x9E, 0x85, 0x25, 0xA3, 0x52, 0xF3, 0x1B, 0xF1, 0xDB, 0x8E, 0x54, 0x13, 0x47,
    0xAA, 0xA5, 0xCE, 0xA1, 0x1B, 0xB3, 0xAB, 0x55, 0x35, 0xD5, 0x97, 0x2A, 0x2C, 0x1C, 0x6B, 0xBE,
    0x43, 0x74, 0xA6, 0x16, 0x6B, 0x10, 0xCD, 0x84, 0x54, 0x10, 0xC1, 0xD5, 0xB6, 0x9D, 0xDC, 0xF3,
    0x9E, 0x68, 0xDB, 0xB4, 0x2D, 0x4B, 0xCC, 0xAD, 0x99, 0xEB, 0x9D, 0x5A, 0x27, 0x18, 0x01, 0xD7,
    0xDA, 0xAF, 0xA0, 0xDA, 0xCD, 0xD4, 0x32, 0x04, 0xF6, 0xE4, 0x0F, 0x1E, 0x49, 0x39, 0x01, 0x7B,
    0x91, 0x19, 0xF5, 0x6A, 0x1F, 0x2A, 0xA8, 0x08, 0x8F, 0x8E, 0xF8, 0x09, 0x02, 0x11, 0x97, 0x2C,
    0x25, 0x94, 0xD3, 0x1B, 0x95, 0xF4, 0xB6, 0x3D, 0xF6, 0x9E, 0x4C, 0x60, 0xBD, 0xF4, 0x7A, 0x04,
    0xE8, 0xBA, 0xFE, 0x49, 0xE8, 0xD1, 0x81, 0xCD, 0x12, 0x8E, 0xB1, 0x2B, 0xE3, 0x8F, 0x7A, 0x01,
    0x25, 0x3B, 0x7C, 0x85, 0xA3, 0xFF, 0x87, 0x0D, 0x53, 0xD0, 0x9E, 0xE1, 0x68, 0xBF, 0xDE, 0xAF,
    0xDF, 0xC7, 0xF5, 0x9B, 0x32, 0x1C, 0xA5, 0xA4, 0xD3, 0x31, 0x71, 0x7A, 0x97, 0xC4, 0x25, 0x42,
    0xF7, 0x88, 0x5F, 0x60, 0xD6, 0x7F, 0x93, 0x44, 0xF6, 0xD1, 0x10, 0x67, 0x26, 0xF2, 0x5F, 0x43,
    0x9C, 0xDE, 0x40, 0x14, 0x6B, 0x62, 0x7C, 0x7C, 0xA2, 0xF4, 0x51, 0x18, 0x57, 0x88, 0x8A, 0x92,
    0x1B, 0x6E, 0x11, 0xB5, 0xF7, 0x31, 0x3E, 0x9C, 0xE8, 0x98, 0x68, 0x29, 0x61, 0xA2, 0x1A, 0x9F,
    0x11, 0x13, 0x62, 0x45, 0xCC, 0x21, 0x71, 0x61, 0x22, 0x86, 0x50, 0xE9, 0x13, 0x5B, 0x29, 0x1D,
    0x71, 0x62, 0x22, 0x03, 0x57, 0xE0, 0x49, 0x57, 0xD8, 0xC0, 0x44, 0x09, 0x51, 0xDA, 0xE4, 0xB4,
    0x74, 0x84, 0x7B, 0x15, 0x43, 0xC4, 0xDE, 0x60, 0xA6, 0x09, 0x30, 0x9D, 0x2A, 0xE2, 0x9F, 0x7A,
    0xB5, 0x65, 0x56, 0x7D, 0xE4, 0xE5, 0x9F, 0xC2, 0xBD, 0x3A, 0x97, 0xF7, 0x45, 0x1C, 0xD8, 0xF6,
    0xF9, 0x39, 0x11, 0x3D, 0xD9, 0x82, 0x93, 0xC0, 0xBC, 0xBC, 0x67, 0x1F, 0xDF, 0xB3, 0x8F, 0xEF,
    0xD9, 0xC7, 0xDF, 0x0D, 0xF8, 0x50, 0xD9, 0xC7, 0xDD, 0x4A, 0xF1, 0x10, 0x45, 0xE4, 0x1E, 0xB0,
    0x71, 0xC2, 0x43, 0xC0, 0x6B, 0x67, 0x00, 0xE4, 0x0B, 0x9E, 0x20, 0xEE, 0xC3, 0xEF, 0x19, 0x2F,
    0x7D, 0xE2, 0x81, 0x09, 0x9D, 0x0C, 0x25, 0xEB, 0x09, 0xCE, 0xB5, 0x50, 0xB2, 0x5B, 0x20, 0xF5,
    0x19, 0x13, 0x26, 0xF4, 0x1F, 0x38, 0xBF, 0x82, 0xE5, 0x6D, 0xF6, 0x16, 0x5B, 0xD0, 0xD2, 0x6F,
    0x4D, 0xA7, 0x30, 0x08, 0xCB, 0x5B, 0xC7, 0x8C, 0xCD, 0xFB, 0x55, 0x3A, 0x97, 0x82, 0xBD, 0xCF,
    0xD8, 0xAB, 0x33, 0x82, 0x78, 0x08, 0xA0, 0x6E, 0x90, 0xB7, 0x6E, 0x0E, 0x5B, 0x50, 0xC3, 0x7B,
    0x07, 0x49, 0x6F, 0x63, 0x7C, 0x26, 0x36, 0x82, 0xD7, 0xE4, 0x9E, 0xC9, 0x21, 0x7B, 0xC1, 0x19,
    0x78, 0xEF, 0xBD, 0x29, 0x88, 0xC0, 0xED, 0x1E, 0x33, 0xF0, 0x2D, 0x1A, 0x06, 0x29, 0x4C, 0xE8,
    0xE8, 0xCD, 0x02, 0x9D, 0xE3, 0x13, 0x88, 0x91, 0xD1, 0x05, 0xD5, 0x3C, 0xDA, 0xEA, 0x6B, 0x13,
    0x52, 0x3F, 0x51, 0x31, 0x6D, 0xF4, 0x64, 0x69, 0x9A, 0x1B, 0xC3, 0xC0, 0x26, 0xC7, 0xE3, 0x1E,
    0x92, 0xCC, 0x04, 0xD1, 0x4D, 0x54, 0x4C, 0xFB, 0xAC, 0xD2, 0xC6, 0x7C, 0x62, 0x58, 0x4A, 0x67,
    0xF8, 0x38, 0xC8, 0x20, 0x77, 0x30, 0x3C, 0xBB, 0x14, 0x6A, 0xE7, 0xAA, 0xCB, 0xC9, 0x93, 0x58,
    0x89, 0xF9, 0xF6, 0x56, 0x8D, 0xB8, 0x3B, 0x9A, 0xE0, 0x0A, 0x11, 0xAE, 0x2D, 0xA2, 0xD0, 0x1F,
    0x45, 0xA6, 0xF0, 0x6B, 0x7F, 0x8F, 0xC6, 0xD1, 0x79, 0x73, 0x7D, 0x44, 0x81, 0x30, 0xA5, 0xB8,
    0x96, 0x94, 0x9F, 0xF4, 0x0E, 0xF4, 0xC7, 0x7E, 0x27, 0x8B, 0x7E, 0xD1, 0x3B, 0x0B, 0x1A, 0x6F,
    0x86, 0xF2, 0xF5, 0x5F, 0xFA, 0xB1, 0x6E, 0x62, 0xCC, 0x5C, 0x3B, 0x0E, 0x1C, 0xF3, 0xE3, 0xFA,
    0xC3, 0x08, 0x46, 0x3F, 0xEC, 0x3F, 0x67, 0x8C, 0xFA, 0x82, 0xFE, 0x36, 0x6D, 0xF6, 0x5B, 0x1F,
    0x77, 0xC7, 0xBB, 0x39, 0x0A, 0x8C, 0x36, 0x05, 0xDE, 0x8D, 0xFF, 0x60, 0xBC, 0xA4, 0x90, 0x75,
    0xBE, 0xE3, 0x71, 0x74, 0xD8, 0x1A, 0x77, 0x4E, 0x2E, 0x84, 0xE3, 0xD4, 0xD6, 0xB4, 0xED, 0x02,
    0xE1, 0xF8, 0xB5, 0x82, 0xC9, 0xF2, 0x6D, 0x20, 0x2F, 0xBC, 0x1C, 0x38, 0x83, 0x38, 0xF3, 0x7C,
    0x98, 0x9A, 0x3D, 0xFC, 0x5E, 0x7B, 0x45, 0xFE, 0xF4, 0x01, 0x6F, 0x77, 0xEE, 0xD9, 0xF2, 0x86,
    0x72, 0xEC, 0x8A, 0xDC, 0x4B, 0x42, 0xDE, 0x10, 0x2B, 0xF9, 0x19, 0x3B, 0x3E, 0x0A, 0xE5, 0xEA,
    0x00, 0x8F, 0x0F, 0xE5, 0xF0, 0x96, 0xDC, 0x3E, 0x63, 0xFB, 0x03, 0x7F, 0xC1, 0x6D, 0x61, 0xA5,
    0xFF, 0x03, 0xF1, 0x5C, 0xA7, 0x03, 0x09, 0xE7, 0x0B, 0x6D, 0x77, 0xDB, 0x98, 0x5F, 0x04, 0x24,
    0x85, 0x74, 0x7C, 0x62, 0xF8, 0x28, 0xE0, 0xCD, 0x2E, 0xFA, 0xF3, 0x8A, 0x97, 0x19, 0x6F, 0xFA,
    0xB9, 0x73, 0xDD, 0xDD, 0xFE, 0x45, 0xDC, 0x8B, 0xAD, 0x19, 0xF0, 0x29, 0x6E, 0x40, 0xCB, 0x71,
    0xC8, 0xC5, 0x41, 0xDA, 0x1F, 0x1C, 0xD8, 0x3D, 0x0E, 0xE7, 0x94, 0x06, 0x71, 0x41, 0x32, 0xA0,
    0x55, 0x39, 0x39, 0xBF, 0x36, 0xCE, 0x66, 0xF3, 0x8D, 0x56, 0xFD, 0x6A, 0x6A, 0x1E, 0xA5, 0x77,
    0x95, 0xE6, 0x7E, 0xD3, 0x91, 0xCE, 0xAD, 0xD2, 0x58, 0xA1, 0x05, 0xBB, 0x47, 0xCD, 0xBE, 0x19,
    0xBF, 0x2F, 0xBD, 0xF1, 0x71, 0x0D, 0xB2, 0xA5, 0x21, 0x96, 0x40, 0x45, 0x58, 0x3A, 0x71, 0xB9,
    0x08, 0x75, 0x88, 0x44, 0x68, 0xC5, 0x90, 0xE3, 0xBA, 0x6B, 0x28, 0x70, 0xD1, 0x15, 0xA0, 0x1C,
    0x7D, 0xD9, 0xCB, 0xB3, 0x9E, 0x11, 0x02, 0x55, 0xE6, 0x18, 0x05, 0xB2, 0x79, 0xAD, 0x65, 0xC0,
    0xC4, 0x03, 0x5E, 0x09, 0x76, 0x16, 0xA3, 0x73, 0x79, 0x8A, 0xAE, 0x68, 0xB9, 0x9C, 0x13, 0xB4,
    0xC4, 0x07, 0x7C, 0x19, 0xEC, 0xF8, 0x05, 0x49, 0x86, 0x02, 0xB8, 0x0E, 0xF6, 0x19, 0xAF, 0x10,
    0xED, 0xED, 0x10, 0xB0, 0x9E, 0x0E, 0xE4, 0xF8, 0x93, 0x3E, 0xDC, 0x85, 0xC3, 0x47, 0xF3, 0xE1,
    0xFB, 0xA5, 0x22, 0xA8, 0x97, 0x21, 0x9C, 0xB7, 0xE0, 0x8B, 0x1C, 0x38, 0x33, 0xD1, 0xCC, 0x74,
    0xA1, 0xB0, 0x9B, 0x99, 0x56, 0x73, 0x8C, 0x04, 0x1C, 0x8D, 0xB0, 0xA0, 0x27, 0x3D, 0xC6, 0x0C,
    0x80, 0x63, 0x5E, 0x21, 0x0C, 0x30, 0x80, 0xE6, 0x5D, 0x9E, 0x00, 0x85, 0x5B, 0x9E, 0x5E, 0x52,
    0xCE, 0x65, 0x88, 0x82, 0x29, 0x55, 0xEE, 0x6E, 0xFF, 0x46, 0x67, 0x78, 0xE3, 0x5E, 0xED, 0x38,
    0xF1, 0xFB, 0xBA, 0xA4, 0x4B, 0xC6, 0xF7, 0xEB, 0x83, 0x1C, 0xB8, 0x07, 0xBB, 0x84, 0x51, 0x49,
    0xBE, 0x5F, 0x39, 0xB9, 0xA0, 0x86, 0xD8, 0x4B, 0xED, 0xA6, 0x9B, 0x4C, 0xCC, 0xC6, 0xEB, 0x17,
    0x76, 0x62, 0xAE, 0x49, 0xD1, 0xE5, 0x64, 0xC5, 0x11, 0xCF, 0xD4, 0x25, 0x46, 0x7E, 0xD8, 0x11,
    0x0E, 0xFE, 0x1D, 0x14, 0x06, 0x5F, 0xF6, 0xC6, 0xBF, 0xBD, 0x72, 0x3E, 0xEC, 0x5B, 0x93, 0x4C,
    0x7F, 0xDD, 0xB7, 0x26, 0xED, 0x5B, 0x93, 0xF6, 0xAD, 0x49, 0x00, 0x1F, 0x73, 0x6B, 0x52, 0x61,
    0x16, 0x68, 0x0D, 0xC2, 0xCA, 0xC3, 0x83, 0x1A, 0x2A, 0x4E, 0x06, 0x8C, 0x68, 0x17, 0x56, 0xDE,
    0x91, 0x0C, 0x55, 0x99, 0x9F, 0x9F, 0x40, 0x71, 0x5A, 0xDE, 0x8B, 0x54, 0x72, 0x76, 0xF9, 0x24,
    0x48, 0x93, 0x52, 0xF2, 0xBE, 0xD2, 0xE8, 0xCB, 0x17, 0xCF, 0xA2, 0x8F, 0xF8, 0xB3, 0xCB, 0xE7,
    0x5D, 0x3E, 0xEF, 0xF2, 0x79, 0x97, 0xCF, 0xEF, 0x52, 0x3E, 0xEF, 0x39, 0x40, 0xF6, 0x1C, 0x20,
    0x7B, 0x0E, 0x10, 0x5F, 0xB4, 0x3D, 0x07, 0x08, 0x7F, 0xC2, 0x94, 0xED, 0x61, 0x9A, 0xF4, 0xC7,
    0xC7, 0x9C, 0x6C, 0x3D, 0x4C, 0xC7, 0xBD, 0xE3, 0xFB, 0x71, 0x98, 0x70, 0xFC, 0x43, 0x63, 0x48,
    0x18, 0xBE, 0x89, 0xC3, 0x14, 0xE0, 0x6F, 0xC2, 0x61, 0x2A, 0xEF, 0xB7, 0xC5, 0x61, 0xC2, 0xEF,
    0x30, 0xCD, 0xB7, 0x58, 0xE1, 0xE8, 0x3E, 0x1C, 0xA6, 0xEF, 0x0E, 0x93, 0x76, 0x87, 0xA9, 0xBA,
    0xC3, 0x04, 0xDD, 0x61, 0x5A, 0xEE, 0x30, 0x19, 0x77, 0x98, 0x82, 0x3B, 0x4C, 0xBC, 0x1D, 0xA6,
    0xDB, 0x0E, 0x92, 0x6C, 0x87, 0xA9, 0xB5, 0xC3, 0x84, 0xDA, 0x61, 0x1A, 0xED, 0x20, 0x79, 0x76,
    0x98, 0x32, 0x3B, 0x48, 0x94, 0x1D, 0xA4, 0xC7, 0x9E, 0x82, 0xA4, 0xD8, 0x53, 0x90, 0x0A, 0x7B,
    0x0A, 0x12, 0x60, 0x4F, 0x41, 0xDA, 0xEB, 0x29, 0x48, 0x76, 0x3D, 0x05, 0x29, 0xAE, 0xA7, 0x20,
    0xB1, 0xF5, 0xF9, 0xED, 0xD3, 0x59, 0xD7, 0x64, 0xB6, 0x94, 0xCB, 0x43, 0x7A, 0xA6, 0x92, 0x97,
    0x2D, 0x59, 0x64, 0xB3, 0x15, 0x93, 0x6B, 0xE6, 0xCC, 0x7E, 0xB4, 0x96, 0xB6, 0x32, 0x56, 0x9A,
    0xB9, 0x70, 0xE8, 0x49, 0x4B, 0x7B, 0x17, 0xDB, 0x15, 0xD3, 0x1B, 0xA6, 0x43, 0x57, 0x99, 0x62,
    0x0E, 0x11, 0x9A, 0xF2, 0x29, 0x9B, 0x52, 0x6A, 0x99, 0x61, 0xC5, 0x8C, 0xE4, 0x0D, 0x68, 0xD1,
    0xCB, 0x57, 0x58, 0x66, 0xF2, 0xF5, 0xF9, 0x7F, 0x92, 0xF9, 0x0B, 0x9A, 0xCC, 0xFF, 0x4B, 0x32,
    0xFF, 0x81, 0x06, 0xF6, 0x3F, 0x4B, 0xE6, 0xCF, 0xBE, 0xD0, 0xBD, 0xF8, 0x67, 0xC9, 0xFC, 0xBB,
    0x6F, 0x68, 0x21, 0xFE, 0x41, 0x32, 0xFF, 0xE6, 0x0A, 0xBD, 0x14, 0x39, 0x97, 0xCC, 0xBF, 0x3A,
    0x26, 0x11, 0x17, 0xC5, 0x1C, 0x84, 0x5F, 0x0E, 0x4E, 0x96, 0x71, 0x93, 0xEA, 0x59, 0x33, 0x2E,
    0xCC, 0xA0, 0x10, 0x27, 0xCD, 0xD4, 0xDE, 0x45, 0x33, 0x6A, 0x06, 0x0E, 0x09, 0x18, 0x34, 0x53,
    0xF8, 0x9C, 0x94, 0x07, 0xCB, 0x08, 0x5B, 0xEF, 0x86, 0xC9, 0xFC, 0x6A, 0xA3, 0xD1, 0x8C, 0xF5,
    0x33, 0xC8, 0x51, 0xAD, 0x19, 0xEB, 0x87, 0x90, 0xE3, 0x5A, 0x33, 0xB1, 0xF3, 0x95, 0x5C, 0x0C,
    0x63, 0x6D, 0xC1, 0x32, 0xE0, 0xCB, 0x30, 0x4E, 0x27, 0x3C, 0x59, 0xA6, 0xB6, 0x3E, 0x95, 0xD1,
    0x33, 0x46, 0xC0, 0x0D, 0x96, 0x31, 0xBE, 0x47, 0x99, 0x04, 0xC2, 0x30, 0xA6, 0xD0, 0xF2, 0xD2,
    0x30, 0xC6, 0xB1, 0x20, 0x0B, 0x6A, 0x98, 0xCC, 0x7A, 0x64, 0x22, 0xCB, 0x68, 0x7D, 0x28, 0x01,
    0x46, 0x17, 0x5A, 0x09, 0x23, 0xC3, 0x44, 0xE6, 0x40, 0xAE, 0xC9, 0x33, 0xAA, 0xD0, 0x6A, 0xFE,
    0xB5, 0x8C, 0xAA, 0xFB, 0xC2, 0x38, 0x75, 0x14, 0x53, 0x6B, 0x9F, 0xCE, 0xE8, 0x99, 0x4A, 0xA7,
    0xB6, 0x3F, 0x7A, 0x46, 0xD5, 0x7D, 0xAB, 0x13, 0x72, 0x58, 0x46, 0x98, 0x94, 0x1A, 0x96, 0xC9,
    0xB4, 0xC7, 0xA7, 0xF1, 0x8C, 0x2C, 0xB4, 0x96, 0xA6, 0x96, 0x49, 0x94, 0xE7, 0x67, 0x06, 0x46,
    0x66, 0x54, 0x49, 0x8D, 0xDC, 0x34, 0x46, 0x7E, 0x21, 0xFB, 0x00, 0x31, 0xBD, 0x4C, 0xB2, 0x71,
    0x42, 0xA6, 0x96, 0x79, 0x5C, 0x46, 0x66, 0xA6, 0xDA, 0xBA, 0x0D, 0x5B, 0xE3, 0x5E, 0x9E, 0x75,
    0xF2, 0x0D, 0xC7, 0x14, 0x60, 0x87, 0x6F, 0xBD, 0x41, 0xBE, 0x41, 0x26, 0xB5, 0xDB, 0x33, 0x89,
    0x99, 0x89, 0x89, 0xAD, 0x22, 0xED, 0x98, 0x08, 0x94, 0x9F, 0xD6, 0x2A, 0xFC, 0x4E, 0xBD, 0x32,
    0x4C, 0xEB, 0x8F, 0x2C, 0x6C, 0xED, 0x29, 0x16, 0x21, 0x63, 0x4F, 0x3D, 0xF7, 0x8C, 0x3D, 0x9B,
    0x90, 0x98, 0x8E, 0x19, 0x38, 0x1F, 0xC8, 0x30, 0x76, 0xA1, 0x9D, 0x4B, 0x67, 0x89, 0x19, 0x01,
    0x97, 0x0D, 0x97, 0x4C, 0x14, 0xA6, 0xFD, 0xE7, 0x64, 0xCF, 0x3B, 0xFA, 0x38, 0x11, 0x26, 0x80,
    0xE7, 0x0C, 0xD2, 0xEF, 0x06, 0xF1, 0xF3, 0xF6, 0x76, 0xF8, 0x6C, 0xD0, 0x89, 0x92, 0xA3, 0x9F,
    0xB6, 0x75, 0xAC, 0x3B, 0x41, 0xDE, 0xC6, 0x8A, 0x83, 0x7F, 0x32, 0xC1, 0x16, 0xFB, 0x96, 0xC3,
    0x8C, 0xD2, 0x20, 0xBC, 0xA8, 0x0C, 0xD2, 0x61, 0xF7, 0xBC, 0x29, 0x3E, 0xD1, 0xC7, 0x45, 0xDF,
    0x09, 0x2F, 0x08, 0xED, 0x46, 0xBB, 0x93, 0x79, 0xB8, 0xB1, 0xD6, 0x5A, 0xED, 0xDF, 0x4C, 0xF9,
    0xBD, 0x9D, 0x46, 0x7D, 0x90, 0x47, 0x87, 0x19, 0x2B, 0xF4, 0x79, 0xBA, 0x39, 0x2A, 0x31, 0x23,
    0xA9, 0xCB, 0xCA, 0xE4, 0x56, 0xA1, 0xA7, 0x7D, 0xA2, 0x73, 0x86, 0x4B, 0x6D, 0x22, 0x40, 0x85,
    0x2B, 0xE2, 0x03, 0x7F, 0x45, 0x17, 0xB3, 0x1A, 0x77, 0x40, 0xA7, 0xBA, 0xDC, 0xF6, 0x0E, 0x61,
    0x0F, 0x6A, 0xEA, 0xCB, 0xD0, 0x05, 0xAF, 0x26, 0x3E, 0x52, 0x1E, 0x29, 0x3B, 0x99, 0x9C, 0xBB,
    0x29, 0xFF, 0x84, 0x9A, 0x04, 0x49, 0x21, 0x9D, 0xAA, 0x00, 0xD7, 0xAC, 0xC2, 0x86, 0xF8, 0x42,
    0xB8, 0x5C, 0xE1, 0xB9, 0x65, 0x5F, 0x0B, 0xE3, 0x62, 0x85, 0xC5, 0x47, 0x85, 0x95, 0x02, 0x30,
    0xDD, 0x87, 0x2F, 0xF7, 0xD6, 0x87, 0x5A, 0x0F, 0x4D, 0xF7, 0xD6, 0x6F, 0x19, 0xB4, 0xC7, 0xBA,
    0xBD, 0xB8, 0x3D, 0xF3, 0xA0, 0xBD, 0x33, 0x5E, 0x1A, 0x0C, 0x61, 0x7F, 0x49, 0x82, 0xFE, 0x14,
    0xF6, 0xB7, 0x48, 0x04, 0xFD, 0xB1, 0x0D, 0xFA, 0x6B, 0x8D, 0xAA, 0xFE, 0x04, 0x69, 0xDC, 0x4D,
    0x7F, 0x0F, 0xC7, 0x43, 0x38, 0x5E, 0xE2, 0x60, 0x3C, 0xB9, 0x13, 0xDA, 0xED, 0x78, 0xAB, 0x84,
    0xDD, 0x80, 0xE1, 0xA2, 0xEA, 0xE4, 0xDF, 0xC5, 0xD6, 0x16, 0x9E, 0xFA, 0xC4, 0xF6, 0x87, 0xAD,
    0xF1, 0xEE, 0xE5, 0xC1, 0x19, 0x3C, 0x7C, 0x18, 0xC6, 0xD2, 0x06, 0xD1, 0x86, 0x37, 0x61, 0x94,
    0xCB, 0xD3, 0xF0, 0xF4, 0xC1, 0xDF, 0xD9, 0x5D, 0xD9, 0x2B, 0xEF, 0x1B, 0x86, 0x47, 0xBE, 0x9B,
    0x99, 0x12, 0x37, 0xC1, 0xEE, 0xB3, 0xCC, 0x8E, 0x76, 0xF4, 0x11, 0x6A, 0x3A, 0x55, 0xA8, 0xE9,
    0xB8, 0xF3, 0x62, 0x1A, 0x90, 0x38, 0x10, 0x26, 0xB9, 0xB1, 0xEB, 0x24, 0xD8, 0x22, 0x1E, 0x24,
    0x11, 0x98, 0x39, 0x99, 0x43, 0x47, 0x5B, 0xD2, 0x07, 0xDA, 0xAE, 0x0E, 0x1B, 0xFE, 0x33, 0x4E,
    0xD8, 0xD0, 0xD3, 0x86, 0xFF, 0x8A, 0x52, 0x26, 0x14, 0x61, 0x72, 0x85, 0xAB, 0xDB, 0xFF, 0xA3,
    0xB7, 0xD9, 0xFE, 0x7F, 0x3D, 0x19, 0x40, 0x7D, 0x0F, 0xBA, 0x3F, 0x19, 0xC0, 0xE9, 0x9E, 0x64,
    0x00, 0xE3, 0x3D, 0xC9, 0x00, 0x86, 0x6B, 0xE9, 0x0D, 0xF8, 0xDD, 0x6B, 0x4C, 0x1E, 0x11, 0x53,
    0x32, 0x80, 0x12, 0xEB, 0x33, 0x31, 0xC7, 0xE0, 0xCA, 0x93, 0x8A, 0xF4, 0xA1, 0x7F, 0xC3, 0xAA,
    0x8D, 0xAE, 0xB4, 0x1F, 0xB7, 0x6D, 0x73, 0xB5, 0x4F, 0x50, 0x7F, 0xF9, 0xC5, 0x79, 0x4F, 0x49,
    0x25, 0xD8, 0xD1, 0x47, 0x87, 0x82, 0xBC, 0xA4, 0x1B, 0x1F, 0xB9, 0x1E, 0x79, 0x49, 0x0B, 0x22,
    0x41, 0xC1, 0x39, 0x18, 0x9C, 0xD9, 0x53, 0xE4, 0x66, 0xC6, 0xBB, 0x2E, 0x2A, 0xD6, 0x6E, 0x38,
    0xDD, 0x4C, 0xAA, 0xD7, 0x3E, 0xBD, 0x70, 0x89, 0x7A, 0x4D, 0x12, 0x36, 0xA5, 0x79, 0x59, 0x63,
    0x51, 0xE5, 0x32, 0xD5, 0x34, 0xE6, 0x4B, 0x67, 0xD4, 0xD3, 0x94, 0xA6, 0x94, 0xE2, 0x01, 0x41,
    0xA8, 0xE5, 0x29, 0xDB, 0x91, 0x0F, 0xFC, 0x55, 0x3A, 0xA5, 0xD7, 0x11, 0x4D, 0xE4, 0xEB, 0x04,
    0xE3, 0x13, 0x35, 0x4C, 0xA9, 0xDD, 0x08, 0x92, 0xB0, 0x89, 0xC0, 0xE5, 0xE3, 0x94, 0xB2, 0xB7,
    0x20, 0x03, 0x58, 0x2A, 0xEB, 0xAF, 0x53, 0x7E, 0x9F, 0x34, 0x41, 0x86, 0xD7, 0x10, 0x96, 0x6C,
    0xA6, 0x2A, 0x39, 0x8B, 0x60, 0xC5, 0xB0, 0xE6, 0x5D, 0xA1, 0x6F, 0x05, 0x5B, 0xCE, 0x60, 0xF8,
    0x49, 0xC0, 0xDF, 0xF2, 0xBE, 0x41, 0xD5, 0x05, 0xF5, 0x5C, 0x84, 0x90, 0x1A, 0x85, 0x63, 0xE0,
    0xA3, 0x8C, 0x63, 0xEF, 0x28, 0x82, 0x5C, 0x3C, 0x4F, 0xC9, 0xC9, 0x31, 0xC7, 0xE4, 0xCF, 0x98,
    0x79, 0x25, 0x73, 0x81, 0xED, 0x12, 0x2A, 0xDC, 0xA8, 0x46, 0x37, 0xD5, 0xD9, 0x1D, 0x15, 0x6C,
    0x06, 0x6B, 0x81, 0x31, 0x3A, 0x83, 0x59, 0xAA, 0xB8, 0x22, 0xA4, 0x02, 0xD2, 0xE9, 0x34, 0xF2,
    0x4F, 0x9C, 0xE7, 0xC0, 0x24, 0x60, 0x3A, 0x9A, 0xA9, 0x42, 0xFB, 0xDF, 0x74, 0x30, 0x77, 0x29,
    0xAC, 0x41, 0x59, 0x8E, 0xF4, 0x1B, 0x9F, 0x71, 0x6F, 0x19, 0x93, 0x3F, 0xAE, 0x73, 0xF6, 0x05,
    0x59, 0xFF, 0x06, 0x5E, 0xBB, 0x34, 0x34, 0xDA, 0x4F, 0x11, 0x2D, 0x6D, 0x1A, 0x5A, 0xB8, 0xBC,
    0xA4, 0x75, 0xCB, 0xF7, 0x6F, 0x5C, 0xB7, 0x88, 0x46, 0x3C, 0x1E, 0xEC, 0x57, 0x87, 0x5A, 0x46,
    0x64, 0xD3, 0xD8, 0xE1, 0x0E, 0x77, 0xF8, 0x59, 0xC1, 0xFE, 0x4A, 0xCE, 0x9C, 0xFD, 0xD4, 0x84,
    0xFD, 0xD4, 0x84, 0xFD, 0xD4, 0x84, 0xFD, 0xD4, 0x04, 0x0F, 0x59, 0x01, 0x79, 0xDC, 0x53, 0x13,
    0xFE, 0xFE, 0xC5, 0x1F, 0xB7, 0x62, 0x79, 0xCE, 0x9F, 0x28, 0xF9, 0x85, 0x26, 0xE3, 0xDF, 0x43,
    0xE5, 0x2F, 0x95, 0xF6, 0x73, 0x2F, 0x2E, 0x77, 0xB8, 0x6F, 0xAF, 0xDF, 0xD8, 0x3E, 0x9F, 0x93,
    0x0E, 0x36, 0x6C, 0xA9, 0x7C, 0x17, 0x5A, 0x4A, 0x52, 0x8A, 0xE8, 0x32, 0x20, 0x47, 0xFB, 0xED,
    0x5F, 0x94, 0x89, 0xE3, 0xF5, 0x77, 0xDF, 0x18, 0x65, 0x35, 0x31, 0xBA, 0x66, 0xAB, 0xD4, 0xDD,
    0x52, 0xB7, 0x6F, 0x66, 0x46, 0x8B, 0xEE, 0x63, 0xB1, 0xEE, 0x03, 0x85, 0x29, 0x45, 0x8D, 0xEB,
    0xCD, 0xDA, 0x3C, 0xAF, 0x76, 0x91, 0xD2, 0xCA, 0x28, 0x72, 0xA1, 0x2E, 0x2A, 0xF4, 0x9E, 0x89,
    0x33, 0x91, 0x52, 0xEB, 0x4E, 0x84, 0x03, 0x36, 0x30, 0x58, 0x78, 0x69, 0x5D, 0xFB, 0xF8, 0xE0,
    0xC6, 0x4D, 0x25, 0x35, 0x84, 0x02, 0xC3, 0xB1, 0xB2, 0x3E, 0x2E, 0x1C, 0x02, 0x82, 0x5C, 0x98,
    0xF0, 0x50, 0xFA, 0xC3, 0x6C, 0x7D, 0x7C, 0x70, 0xE5, 0x37, 0x84, 0xBB, 0x09, 0x60, 0x84, 0x23,
    0xB1, 0x5D, 0xEC, 0xF0, 0x69, 0x4D, 0xD6, 0x92, 0x3C, 0xAD, 0xC8, 0x73, 0xEB, 0xAF, 0xEF, 0x23,
    0x55, 0x8C, 0xDB, 0x43, 0xC9, 0xFE, 0xB7, 0x7D, 0xFD, 0x81, 0x64, 0x2D, 0x33, 0xDF, 0x9F, 0xB6,
    0xC8, 0xCD, 0x77, 0xDF, 0xA8, 0xA5, 0xCD, 0xFA, 0x5C, 0x93, 0x02, 0x12, 0xE8, 0x03, 0x39, 0xAC,
    0x5A, 0x53, 0x4E, 0x97, 0x79, 0x78, 0x24, 0xAC, 0x6C, 0xF7, 0x55, 0x67, 0x90, 0x84, 0x93, 0xC3,
    0xD8, 0x6D, 0xE2, 0xB0, 0x83, 0x55, 0x7A, 0xBA, 0xE2, 0xAE, 0xD8, 0xEA, 0xC4, 0xAF, 0xF3, 0xBA,
    0xD3, 0x56, 0xAB, 0xEE, 0x3D, 0xFA, 0xF9, 0xC0, 0x0F, 0x84, 0xE3, 0xD6, 0x90, 0xE9, 0x6C, 0xF2,
    0x67, 0xAB, 0xCB, 0xDC, 0x09, 0x1B, 0xE4, 0x65, 0xB7, 0x02, 0xCF, 0x2F, 0xDC, 0x9E, 0x94, 0x70,
    0xC0, 0x0E, 0xE4, 0x24, 0xA7, 0x95, 0x58, 0xBB, 0x95, 0x86, 0x23, 0x5B, 0xCB, 0x00, 0x6B, 0x91,
    0x5A, 0x25, 0xFE, 0x90, 0x8E, 0xFB, 0x45, 0x1C, 0xF7, 0xD6, 0x18, 0xF9, 0x19, 0x48, 0xDA, 0xEB,
    0xE4, 0xE9, 0xEA, 0x64, 0x53, 0x51, 0xAA, 0x98, 0x93, 0x75, 0x65, 0xDA, 0x9E, 0x0B, 0xE6, 0x31,
    0xAD, 0xB9, 0xC1, 0x31, 0x17, 0x4A, 0xBF, 0x8A, 0x45, 0x70, 0x9A, 0x75, 0x0F, 0x29, 0x6F, 0x2E,
    0xD6, 0xC8, 0x06, 0x65, 0xF3, 0x06, 0x36, 0x9B, 0x84, 0x1F, 0xF6, 0x2E, 0x45, 0x60, 0x9E, 0x33,
    0xF1, 0x00, 0xEE, 0x01, 0xB9, 0xDB, 0x1F, 0x32, 0xC1, 0xCF, 0x7B, 0x37, 0x6E, 0xED, 0x52, 0x04,
    0x89, 0xC6, 0x29, 0x74, 0xF0, 0x00, 0x7F, 0xA2, 0x81, 0xEA, 0x57, 0x29, 0xEC, 0x26, 0xA7, 0xD4,
    0x46, 0xE6, 0x01, 0x05, 0x64, 0xDE, 0x9B, 0xA9, 0x66, 0x4B, 0x63, 0xE6, 0xC6, 0xAC, 0xDD, 0x7C,
    0xD8, 0x83, 0xDE, 0x35, 0xD6, 0xF9, 0x7A, 0x3B, 0xD1, 0x81, 0x12, 0xF2, 0x01, 0x78, 0x04, 0x85,
    0x7C, 0x40, 0x05, 0x0D, 0x57, 0x2A, 0xAB, 0x3D, 0x9E, 0x6A, 0x21, 0x43, 0x45, 0x8F, 0xA8, 0x6D,
    0xFD, 0x75, 0xA5, 0xE7, 0x89, 0xC0, 0x28, 0x12, 0xA8, 0x76, 0xD4, 0x2F, 0xCA, 0x20, 0x35, 0x4E,
    0x2E, 0xC2, 0xD4, 0x72, 0x6C, 0xBD, 0x8A, 0xC3, 0x63, 0x48, 0x42, 0xDC, 0xAF, 0xEF, 0x1F, 0x58,
    0x13, 0x23, 0xCD, 0x2C, 0xDB, 0x48, 0xCD, 0x33, 0x71, 0xA7, 0xA4, 0xF2, 0xB7, 0x6B, 0x45, 0x96,
    0x0F, 0x0A, 0x91, 0x01, 0xB8, 0xA4, 0x15, 0x53, 0xA2, 0x89, 0x42, 0x6D, 0x8B, 0x9C, 0x30, 0x78,
    0x01, 0x9D, 0xFF, 0xAA, 0x29, 0x2B, 0xDA, 0x72, 0x36, 0xB8, 0xD0, 0x42, 0xAB, 0x47, 0x42, 0x2A,
    0x1E, 0xD5, 0x94, 0x89, 0x7F, 0x40, 0x61, 0xF6, 0x30, 0x72, 0x6C, 0xBB, 0x7F, 0x80, 0x6E, 0xCA,
    0x0A, 0x76, 0xE1, 0x0D, 0x91, 0x8F, 0x5D, 0x84, 0x14, 0x30, 0x03, 0xAC, 0x62, 0xFC, 0x03, 0x0A,
    0xB7, 0xE1, 0x30, 0x4C, 0x61, 0x33, 0x93, 0xBD, 0xBE, 0x72, 0xA9, 0x67, 0x06, 0xE7, 0x09, 0x8A,
    0x38, 0x05, 0xCF, 0x00, 0xAB, 0x33, 0xFB, 0x00, 0x6F, 0xD5, 0xB4, 0x36, 0xBF, 0x29, 0x62, 0x93,
    0xE0, 0x89, 0x44, 0x05, 0xA5, 0x24, 0x3A, 0xA0, 0x92, 0x9D, 0x1A, 0x7B, 0x63, 0xE3, 0xEB, 0x6D,
    0x24, 0xA3, 0xA9, 0x7C, 0x00, 0x46, 0x8D, 0xD4, 0x94, 0xC2, 0x5B, 0x3F, 0x00, 0xD3, 0xD6, 0xE6,
    0xC1, 0xBA, 0x81, 0x97, 0xE8, 0xBC, 0x47, 0xCA, 0x8B, 0x9F, 0x1D, 0xEF, 0x78, 0xC7, 0x7F, 0xBB,
    0xD8, 0x9E, 0x68, 0xF6, 0x93, 0x10, 0x2F, 0x5E, 0x04, 0x56, 0x7C, 0xB9, 0xCB, 0xF7, 0x71, 0x71,
    0x1B, 0xE0, 0x40, 0x58, 0x7D, 0xDA, 0xB8, 0x0D, 0x70, 0x4D, 0x5A, 0x01, 0xEB, 0x40, 0x73, 0x8F,
    0x13, 0xE2, 0x0E, 0x3E, 0x18, 0xF0, 0x91, 0x20, 0x10, 0x82, 0xAA, 0x80, 0x57, 0xCC, 0x67, 0x97,
    0x9A, 0x4C, 0x83, 0xD9, 0x83, 0x4A, 0xF8, 0x54, 0x25, 0xB3, 0xD7, 0x82, 0x7A, 0x05, 0x9C, 0x46,
    0x3D, 0x67, 0x46, 0x43, 0x53, 0x1E, 0x79, 0xAB, 0xDF, 0xDD, 0x29, 0x0B, 0xA3, 0x3A, 0xFB, 0x41,
    0x59, 0x58, 0x38, 0xEF, 0xF0, 0x8C, 0xEB, 0xBB, 0xD9, 0x2F, 0xD6, 0xFE, 0xB2, 0x80, 0xD8, 0x06,
    0x19, 0x29, 0x7D, 0xC1, 0xF8, 0x06, 0x3B, 0x05, 0x62, 0xB3, 0x14, 0xD4, 0x9A, 0x84, 0x74, 0x3E,
    0x7E, 0x1B, 0xF8, 0x62, 0x77, 0xF0, 0xEB, 0x40, 0x1E, 0x1C, 0x3F, 0xB8, 0x32, 0xA3, 0x82, 0x8A,
    0xDA, 0x40, 0x06, 0x12, 0xA7, 0x4F, 0x76, 0x3B, 0xB9, 0x93, 0x3B, 0xB9, 0x93, 0x3B, 0xF9, 0x60,
    0x32, 0x66, 0xF2, 0xB5, 0x3D, 0x7D, 0xD7, 0x5D, 0x74, 0xBD, 0x58, 0x7F, 0xDE, 0x1B, 0xD9, 0xB4,
    0x5B, 0xE4, 0x15, 0xE3, 0xE1, 0xE6, 0x44, 0x01, 0x6B, 0x74, 0x7C, 0xD5, 0x9D, 0xDE, 0xE9, 0x9D,
    0xDE, 0xE9, 0x9D, 0xFE, 0x64, 0xE8, 0x38, 0xA4, 0xD7, 0x93, 0xD5, 0x7F, 0xBF, 0xD8, 0x9C, 0x45,
    0xD4, 0x19, 0xA7, 0xEF, 0x9D, 0x6E, 0xB7, 0xE9, 0xAD, 0x99, 0xAB, 0xDE, 0xE9, 0x87, 0xD2, 0x25,
    0xB9, 0x6E, 0x38, 0x58, 0x23, 0x08, 0x7C, 0x61, 0x37, 0xCE, 0x63, 0x31, 0xFD, 0x8A, 0x21, 0x3F,
    0xC8, 0xCE, 0xBC, 0x7F, 0xE6, 0xB2, 0xF6, 0x22, 0xAB, 0xCF, 0xF3, 0x15, 0xE3, 0xA9, 0x6A, 0x75,
    0xC8, 0x46, 0xB5, 0x1A, 0xA3, 0xD5, 0x2A, 0x02, 0xA8, 0x5A, 0xF9, 0xF3, 0xAB, 0xD5, 0xD0, 0x36,
    0xC9, 0xA9, 0xEE, 0x7C, 0x87, 0xB4, 0x65, 0xBE, 0x73, 0x3F, 0x54, 0xF9, 0x83, 0x18, 0x44, 0xF0,
    0x5E, 0xAD, 0x15, 0x73, 0x15, 0x1C, 0x76, 0x70, 0x64, 0xC6, 0x79, 0xA5, 0x2B, 0x08, 0x27, 0x3C,
    0x05, 0xF5, 0x23, 0x82, 0x43, 0x27, 0xFC, 0x96, 0x63, 0x74, 0xAA, 0xAD, 0x99, 0x4B, 0xC0, 0x54,
    0x2B, 0xA6, 0x74, 0xC7, 0xE0, 0x5C, 0x67, 0x8A, 0x5F, 0xC5, 0x3C, 0xE4, 0x97, 0xAB, 0x07, 0x94,
    0x70, 0xFD, 0x5E, 0xEB, 0x77, 0x5F, 0xD5, 0x4F, 0xBC, 0xAA, 0x55, 0xE7, 0x05, 0xC5, 0xB6, 0x38,
    0xAC, 0xDA, 0xAB, 0x23, 0x26, 0x59, 0xB5, 0xA9, 0xCF, 0x4F, 0x55, 0xE9, 0xA3, 0x9A, 0x7A, 0x1F,
    0xFB, 0x51, 0xAD, 0x4E, 0x75, 0xA9, 0x44, 0xB0, 0xEF, 0x1A, 0x98, 0xF3, 0x8A, 0xE9, 0x42, 0xE6,
    0x8C, 0x6E, 0x75, 0xCE, 0x45, 0x6F, 0x98, 0x5F, 0x9A, 0x6B, 0xEB, 0xA7, 0x21, 0x88, 0xD3, 0xE0,
    0xD3, 0xDB, 0x83, 0x8D, 0x9A, 0x3B, 0xF3, 0xD9, 0x30, 0xA7, 0x15, 0xA3, 0x3E, 0x36, 0x95, 0x88,
    0x67, 0x7C, 0x90, 0x98, 0xDF, 0x4E, 0x3F, 0xAC, 0x98, 0x79, 0xC5, 0xE8, 0xBE, 0x4D, 0xCC, 0x79,
    0xC5, 0xCC, 0x54, 0xC2, 0x27, 0xBD, 0xDB, 0x4D, 0x77, 0xF6, 0xC9, 0x4D, 0xD5, 0x0F, 0xC1, 0x5B,
    0x94, 0xF6, 0xF0, 0x86, 0x33, 0xA4, 0x20, 0x9D, 0x82, 0x37, 0x6D, 0x4D, 0xE8, 0xCF, 0x19, 0xCF,
    0xA8, 0x0F, 0x98, 0x7C, 0xC5, 0xE8, 0x7C, 0x7D, 0xC8, 0xE8, 0x28, 0x1A, 0xAA, 0x43, 0xA1, 0x13,
    0x73, 0xDD, 0xCB, 0x28, 0xBB, 0xC4, 0x1B, 0x98, 0xF6, 0x3D, 0x32, 0xFD, 0x03, 0xCA, 0xBC, 0x62,
    0xE2, 0xD5, 0xBB, 0xAF, 0xEB, 0x67, 0x5D, 0x87, 0xA5, 0x0D, 0x56, 0x82, 0xB6, 0x98, 0x56, 0xED,
    0x75, 0x7E, 0x43, 0x9B, 0x26, 0xC6, 0x95, 0xE9, 0x12, 0x2A, 0x7D, 0x65, 0xCD, 0x40, 0xD4, 0x7F,
    0x2E, 0xAB, 0x1E, 0x35, 0xAE, 0x98, 0x2E, 0x64, 0x2E, 0xAB, 0xBE, 0xFA, 0x3C, 0x64, 0x5E, 0xBA,
    0x3E, 0x6F, 0x54, 0xFA, 0xEF, 0x9D, 0xCC, 0x3D, 0xDD, 0x27, 0x41, 0x79, 0xA4, 0xED, 0xE8, 0x7D,
    0xA2, 0xAD, 0x23, 0xD5, 0x5E, 0x12, 0xD2, 0x90, 0x7B, 0x06, 0x4B, 0xA7, 0x9E, 0x4C, 0x8E, 0x3D,
    0x29, 0x7A, 0x3D, 0xA5, 0xCE, 0x35, 0x4F, 0xFF, 0x4A, 0xCF, 0xD9, 0xB6, 0x2C, 0x4F, 0x05, 0x25,
    0x20, 0xEE, 0x29, 0xE5, 0x70, 0x49, 0x29, 0x87, 0xD5, 0xD6, 0x60, 0x1C, 0x7D, 0x9C, 0xD6, 0xFB,
    0x02, 0xA8, 0xA2, 0x04, 0xE0, 0x25, 0x25, 0x07, 0x2F, 0x08, 0xE5, 0xCA, 0x4F, 0x36, 0xFA, 0x00,
    0xA5, 0x8E, 0x92, 0x13, 0xDF, 0x87, 0x0E, 0x0F, 0x46, 0x57, 0x7F, 0x85, 0x9F, 0xC7, 0x65, 0x29,
    0xEE, 0x29, 0x35, 0xBF, 0x1F, 0xBF, 0x3B, 0xD5, 0x8B, 0xDA, 0x3C, 0x7A, 0xA5, 0x3E, 0x7B, 0x4C,
    0xF6, 0x5C, 0x0A, 0x9D, 0x16, 0x5A, 0xA5, 0x46, 0xFB, 0x46, 0x8F, 0xF9, 0x9E, 0x82, 0x70, 0x7B,
    0x52, 0xC2, 0x78, 0x46, 0xEA, 0x29, 0x5A, 0x97, 0xE7, 0x38, 0x96, 0x19, 0x46, 0x3A, 0xBC, 0xBE,
    0xE7, 0x5C, 0x8B, 0x1B, 0x5A, 0x95, 0x18, 0x67, 0x72, 0x17, 0x2C, 0x53, 0xDC, 0x72, 0x26, 0x0D,
    0xF2, 0xEB, 0x54, 0xAC, 0xE2, 0xC5, 0x81, 0x45, 0x3C, 0x0F, 0x34, 0xC9, 0x5A, 0x39, 0xA7, 0xBF,
    0x76, 0x5F, 0x30, 0x73, 0x75, 0x69, 0x0A, 0x9F, 0x9A, 0x7F, 0x63, 0x9F, 0x58, 0xD1, 0x85, 0xEE,
    0x1D, 0xF5, 0x3F, 0x07, 0xDB, 0x92, 0xE6, 0x80, 0x24, 0xD2, 0x9C, 0x05, 0xAF, 0x19, 0x62, 0x41,
    0x9D, 0x12, 0x37, 0xE1, 0xA8, 0xC8, 0xB9, 0x34, 0x38, 0x55, 0x10, 0xC2, 0xE9, 0x54, 0x28, 0x6F,
    0x41, 0x21, 0x8F, 0x23, 0x85, 0xA4, 0xB6, 0x0A, 0x63, 0xA8, 0xDE, 0x99, 0xB0, 0x56, 0xB4, 0x9F,
    0x81, 0x91, 0x80, 0x17, 0x89, 0x45, 0xB0, 0x44, 0x0C, 0x76, 0x47, 0xAF, 0x70, 0x16, 0xE0, 0x34,
    0x70, 0x3A, 0xA4, 0x1C, 0x90, 0xBA, 0xC2, 0xC1, 0x5E, 0x9F, 0xEB, 0x38, 0x09, 0x42, 0x75, 0xD2,
    0x47, 0xC6, 0xC9, 0x76, 0x28, 0x50, 0xFC, 0x96, 0xF8, 0x01, 0xEF, 0xD3, 0xBD, 0xA1, 0x7E, 0x9A,
    0xFB, 0x70, 0xF6, 0x86, 0xF6, 0x08, 0xF6, 0xBA, 0xEB, 0xF6, 0x8C, 0x23, 0x6A, 0xEF, 0xB8, 0x3F,
    0x40, 0xFF, 0x98, 0xE0, 0xD0, 0x70, 0x1D, 0x4A, 0x8E, 0xF6, 0x24, 0x29, 0x19, 0x6A, 0x3A, 0xA8,
    0x61, 0xC0, 0xA3, 0xD2, 0x12, 0xDD, 0x1F, 0x71, 0x1C, 0x1E, 0xB0, 0x8C, 0x45, 0xD0, 0x9F, 0x2B,
    0x13, 0x18, 0x32, 0xB8, 0x9F, 0xD7, 0xE9, 0xA0, 0x7D, 0x9E, 0xAC, 0x13, 0x8E, 0x9F, 0xDC, 0x86,
    0xBA, 0x9A, 0x01, 0x62, 0x56, 0xFC, 0x99, 0x3F, 0xC9, 0x4F, 0xD8, 0x71, 0x69, 0x4E, 0x2B, 0xBB,
    0xB8, 0xF1, 0xAC, 0x37, 0x29, 0xD8, 0x93, 0xE6, 0xAF, 0x34, 0xB6, 0x0F, 0xF5, 0xDD, 0x38, 0x9A,
    0x0C, 0x05, 0x4E, 0x1B, 0x98, 0xCD, 0x12, 0x5E, 0x2F, 0x2E, 0xF2, 0xEA, 0xCA, 0xE9, 0x65, 0xDB,
    0x9F, 0xAF, 0xFD, 0x97, 0x61, 0x3E, 0x7E, 0x4A, 0x27, 0x1E, 0x8E, 0x24, 0xFA, 0xDC, 0xD1, 0x09,
    0x63, 0xB0, 0x68, 0x6D, 0x98, 0xA6, 0xB5, 0x06, 0xA6, 0xFB, 0xA7, 0xB3, 0x12, 0xC6, 0x70, 0x71,
    0xDC, 0x44, 0x74, 0x78, 0x85, 0x98, 0x9F, 0x29, 0xB3, 0xCC, 0x10, 0xD1, 0xB9, 0x15, 0xAA, 0x3E,
    0x5A, 0x41, 0x87, 0x23, 0x64, 0xA6, 0x5A, 0x4C, 0xA3, 0xC0, 0xB9, 0x08, 0x07, 0x5B, 0x73, 0x0D,
    0x1E, 0xAC, 0x20, 0xD0, 0x3C, 0xE0, 0x4F, 0x5F, 0x20, 0x3B, 0x42, 0xCF, 0x7B, 0x4C, 0xD5, 0xD5,
    0x29, 0x3C, 0xDF, 0xC2, 0xE9, 0xC8, 0xFE, 0xA0, 0x8B, 0x0E, 0xCD, 0x1C, 0x2E, 0xBB, 0x31, 0xF6,
    0x46, 0xA0, 0x2F, 0x11, 0x0A, 0xDD, 0xDE, 0xEE, 0x87, 0x99, 0xA8, 0x2F, 0xF3, 0xD1, 0x18, 0xAE,
    0xCB, 0x1B, 0x1A, 0x82, 0xFD, 0x55, 0xA7, 0xE6, 0x33, 0x33, 0xDC, 0x2B, 0xB8, 0x33, 0x34, 0x78,
    0x5C, 0xF1, 0xD1, 0x1A, 0xE6, 0x7D, 0xAC, 0x72, 0x43, 0x82, 0xC5, 0x1F, 0x5E, 0x92, 0x6C, 0xD3,
    0x29, 0xCF, 0x8D, 0x57, 0xE8, 0x4B, 0x78, 0xEA, 0xB3, 0x5D, 0x78, 0xB8, 0x83, 0x3C, 0xAE, 0xD0,
    0x28, 0x4F, 0x84, 0xDF, 0xFF, 0x11, 0xD2, 0x52, 0x6D, 0xF8, 0xC7, 0x35, 0xCD, 0x26, 0x9A, 0x8F,
    0x90, 0xBE, 0x52, 0xEE, 0x31, 0x0A, 0x36, 0x9F, 0xBE, 0x91, 0xCE, 0x1F, 0x83, 0xA6, 0xFA, 0x7E,
    0x63, 0xEB, 0x5C, 0x6F, 0xE2, 0x2B, 0x1D, 0xE2, 0x2D, 0x7A, 0x55, 0xBC, 0xDD, 0x35, 0x83, 0x8E,
    0x7C, 0xF2, 0xF4, 0x66, 0xB7, 0x6F, 0x83, 0xE9, 0xE3, 0xFE, 0x21, 0x75, 0x65, 0x00, 0xC2, 0x5E,
    0x7D, 0x1C, 0xAE, 0x57, 0x06, 0xF7, 0x15, 0x51, 0x90, 0x62, 0x02, 0xC6, 0x29, 0x3C, 0x09, 0x26,
    0x14, 0x33, 0xD7, 0x84, 0xD2, 0x15, 0x11, 0x56, 0xC2, 0x24, 0x05, 0x32, 0x20, 0xF7, 0x73, 0xD5,
    0x25, 0x10, 0xA6, 0xFA, 0x30, 0x1A, 0x3A, 0x77, 0x46, 0xF5, 0xD1, 0x1F, 0x6E, 0x7F, 0x12, 0x74,
    0x54, 0xCD, 0x55, 0x41, 0x9D, 0x51, 0xE6, 0x16, 0xB4, 0x5B, 0x6C, 0x4D, 0x02, 0x76, 0xCA, 0x98,
    0xB7, 0x27, 0x98, 0xC1, 0x94, 0x7E, 0x80, 0x8A, 0x36, 0x79, 0x64, 0xF8, 0xF3, 0xBB, 0xD5, 0xD6,
    0x3B, 0x54, 0x88, 0x7E, 0x82, 0x99, 0x36, 0xEE, 0x71, 0xDE, 0xAD, 0x70, 0x16, 0x4E, 0x28, 0xF6,
    0xBA, 0x24, 0x44, 0x71, 0xD9, 0x29, 0x21, 0x39, 0x93, 0xBF, 0x7A, 0x16, 0xB9, 0x2C, 0x4F, 0xA6,
    0x7C, 0xE6, 0xC8, 0x1A, 0xD3, 0xEA, 0x89, 0xCE, 0x2A, 0x7A, 0xF1, 0x2A, 0x58, 0x8A, 0x07, 0xA1,
    0x42, 0x06, 0x5B, 0x89, 0x72, 0xD7, 0x59, 0x12, 0xDC, 0x96, 0xCB, 0xFB, 0x71, 0x15, 0xF2, 0x79,
    0x1B, 0x24, 0xF2, 0x3D, 0x75, 0x8D, 0xEA, 0x00, 0x9D, 0x1F, 0x8C, 0xA6, 0x07, 0x3E, 0x81, 0xCB,
    0xC2, 0xE5, 0xE4, 0x77, 0xE0, 0xF7, 0xF3, 0x63, 0x20, 0xD1, 0x07, 0x18, 0x9F, 0xA2, 0x2B, 0x75,
    0xE6, 0xED, 0xF5, 0x89, 0x39, 0x2E, 0x16, 0xEA, 0x3A, 0xB7, 0x66, 0x81, 0xC4, 0x6C, 0x26, 0xC2,
    0xF6, 0x6B, 0x09, 0x15, 0x84, 0x62, 0x8E, 0xB9, 0x7F, 0xCA, 0x9A, 0xD9, 0x1D, 0xA1, 0x94, 0x50,
    0x26, 0xBD, 0xD6, 0xD2, 0x77, 0x7D, 0xF0, 0x23, 0xDF, 0x0A, 0x2E, 0x7D, 0x22, 0x88, 0x45, 0xAD,
    0xDD, 0x1C, 0x7E, 0x70, 0x63, 0xDA, 0x22, 0x33, 0xD6, 0xFD, 0xDE, 0xAD, 0x83, 0x47, 0x39, 0x9D,
    0xF5, 0x5D, 0xBA, 0xED, 0x5C, 0x07, 0xEF, 0xEC, 0x49, 0xEC, 0xD1, 0x5A, 0x67, 0x40, 0xC2, 0xD9,
    0xDE, 0x0E, 0x5E, 0xC6, 0x68, 0x94, 0xB9, 0x83, 0x19, 0x4C, 0x4D, 0x34, 0x1E, 0xD9, 0x53, 0x4C,
    0x12, 0x53, 0x67, 0x78, 0xB0, 0xB8, 0xF0, 0xF9, 0xFD, 0x0E, 0x5E, 0x3E, 0xD9, 0x0D, 0x6D, 0x07,
    0x6A, 0x07, 0x68, 0x23, 0x97, 0x09, 0x37, 0xD1, 0xA3, 0x03, 0x5B, 0x13, 0x95, 0xEC, 0x43, 0x14,
    0x8E, 0x87, 0xC1, 0xA3, 0x8C, 0x46, 0x47, 0xE1, 0xA6, 0x1D, 0xDD, 0x07, 0xE7, 0xCD, 0xDE, 0x1A,
    0x53, 0xF6, 0x42, 0x1B, 0x96, 0xF0, 0xA5, 0x17, 0x14, 0x19, 0x68, 0xD7, 0xBD, 0x57, 0xAD, 0x73,
    0xD0, 0x6D, 0x21, 0x27, 0x6E, 0x0C, 0xA6, 0x26, 0x95, 0x2C, 0x3B, 0xD6, 0xE7, 0xCE, 0xB9, 0xDD,
    0xCA, 0xA3, 0xDB, 0xA7, 0xAF, 0x5E, 0x4B, 0xF8, 0xE3, 0xCC, 0x52, 0x77, 0xB4, 0xC0, 0xEC, 0x66,
    0x52, 0x79, 0x70, 0x40, 0x86, 0x99, 0x50, 0xEE, 0xDC, 0xC6, 0xED, 0x26, 0x8A, 0x9F, 0xDB, 0xEB,
    0x0E, 0x26, 0xB5, 0x47, 0xB9, 0xF6, 0x47, 0x6F, 0xFF, 0xE1, 0x27, 0xFB, 0xC6, 0x37, 0x7E, 0x61,
    0x71, 0xE3, 0x5F, 0xD2, 0x09, 0xCA, 0x0E, 0x64, 0x61, 0xA7, 0xAB, 0xEA, 0xF5, 0x0F, 0xAA, 0x6C,
    0x99, 0x0E, 0xA0, 0x57, 0xBF, 0x5F, 0x39, 0x9B, 0x9C, 0xB4, 0x9A, 0x59, 0x79, 0xDE, 0xC5, 0xFE,
    0x10, 0xB5, 0x2E, 0xF5, 0x39, 0x8D, 0x3B, 0x17, 0x2F, 0xDE, 0xCB, 0xD0, 0xFC, 0xB3, 0xBB, 0xAE,
    0xFC, 0xAC, 0xD3, 0xD5, 0x3E, 0x4B, 0x43, 0xE7, 0x32, 0x95, 0xA8, 0xEB, 0x83, 0xBB, 0x6E, 0xFD,
    0x8E, 0x5F, 0x77, 0x9D, 0xA8, 0xEB, 0xA3, 0x33, 0x64, 0xD5, 0x7E, 0x17, 0x63, 0xE7, 0xB3, 0x25,
    0xC8, 0x6B, 0x7B, 0xC0, 0xA2, 0x7C, 0xAE, 0x5B, 0xBE, 0x75, 0x85, 0x35, 0x4F, 0x0B, 0x59, 0x4E,
    0x9D, 0xFF, 0xE6, 0xD2, 0xAA, 0xF2, 0x8B, 0x6F, 0x9F, 0xA8, 0xD4, 0x9A, 0x9D, 0xED, 0x0E, 0x87,
    0xDA, 0x25, 0xB4, 0x9C, 0xD5, 0x9E, 0x96, 0xD2, 0xF4, 0x1E, 0x79, 0x9D, 0x98, 0xE9, 0x51, 0xED,
    0x75, 0xA9, 0xB4, 0x78, 0x52, 0xA7, 0xB7, 0x2E, 0x33, 0xD2, 0x2F, 0xF7, 0x2E, 0xC6, 0x9E, 0xFC,
    0x0B, 0xCE, 0x6D, 0xAE, 0x13, 0xE3, 0x41, 0xE3, 0x98, 0x8E, 0xF9, 0x66, 0x9D, 0xE9, 0x7D, 0x42,
    0xAB, 0xD2, 0xB4, 0x0A, 0xB4, 0xC8, 0xD0, 0xDA, 0xA5, 0x66, 0xC1, 0x6F, 0xFD, 0x6A, 0xCD, 0x2D,
    0x22, 0xB3, 0xC0, 0x01, 0x79, 0x04, 0x8D, 0xEC, 0x12, 0x91, 0x0A, 0xB5, 0x69, 0x1D, 0xC0, 0xDC,
    0x34, 0x11, 0xA6, 0xA2, 0x59, 0x1E, 0x09, 0x36, 0x88, 0x96, 0x36, 0xE4, 0xA2, 0xB5, 0x07, 0xBF,
    0x9F, 0xE0, 0xF7, 0x53, 0x34, 0xD6, 0x67, 0xAA, 0x60, 0xB7, 0xCF, 0xCC, 0x2B, 0x1F, 0x54, 0xDF,
    0x7D, 0xA9, 0x9F, 0x69, 0x5A, 0xE7, 0xA8, 0x40, 0x93, 0x39, 0x6D, 0xA3, 0x14, 0x70, 0x8E, 0x7B,
    0x25, 0x62, 0x6F, 0x9D, 0xAB, 0xE7, 0x5C, 0x7E, 0xFB, 0x46, 0x69, 0xE5, 0xF5, 0xA5, 0xB2, 0x5B,
    0xCD, 0x17, 0xE9, 0x75, 0x69, 0xBD, 0xC4, 0xAE, 0x2F, 0xB0, 0x59, 0xDC, 0x1D, 0x6B, 0x54, 0xA8,
    0x4C, 0xA8, 0x70, 0xA4, 0xAA, 0x8B, 0x08, 0x88, 0x75, 0x1E, 0x38, 0x2F, 0x8E, 0x7A, 0x58, 0xEA,
    0x1F, 0x7B, 0xB0, 0xC7, 0x8D, 0x3D, 0xEC, 0x0F, 0x1F, 0x71, 0x17, 0xCE, 0x09, 0xED, 0xAE, 0x67,
    0x34, 0xD0, 0x4E, 0x78, 0xD6, 0xEC, 0xE4, 0x93, 0xD7, 0x64, 0x57, 0x41, 0x2A, 0xFB, 0xF4, 0x83,
    0x40, 0x8D, 0x3F, 0x10, 0x80, 0xC1, 0x83, 0x0A, 0x8B, 0x53, 0x61, 0x41, 0x4B, 0x00, 0xA7, 0x02,
    0x5F, 0x0E, 0x4F, 0xF1, 0x1A, 0x33, 0xA8, 0x83, 0x21, 0xC5, 0xDA, 0x49, 0xB0, 0xDE, 0x22, 0xAC,
    0xD1, 0x08, 0x8F, 0xAF, 0x75, 0xD9, 0x09, 0xD4, 0x4A, 0xBA, 0xC4, 0xC0, 0x02, 0x3B, 0x29, 0x61,
    0xF6, 0x75, 0x93, 0xCF, 0x50, 0xF7, 0xF1, 0xD6, 0x65, 0xFF, 0x7C, 0x2D, 0xCD, 0xCC, 0x33, 0xDA,
    0x68, 0x4E, 0x68, 0xA0, 0x39, 0x82, 0xF1, 0x65, 0x46, 0x9D, 0xD7, 0x66, 0x18, 0xBC, 0xA3, 0xDC,
    0x48, 0xDF, 0x18, 0x1B, 0x8C, 0x19, 0x7C, 0xDF, 0x82, 0x2A, 0x7C, 0xA4, 0xA3, 0x25, 0xE1, 0x5C,
    0x49, 0x38, 0x54, 0x12, 0x5C, 0x5D, 0xFA, 0xC0, 0xB5, 0x2F, 0x85, 0x5A, 0x95, 0x35, 0x66, 0x74,
    0x77, 0xBD, 0x3B, 0x8A, 0xE9, 0xD0, 0xBB, 0xD4, 0x1E, 0x83, 0xBD, 0x54, 0xFD, 0xA7, 0xB1, 0xC3,
    0x6F, 0xE3, 0x32, 0x7F, 0xD3, 0x25, 0x7D, 0x0D, 0x7E, 0xF7, 0xE8, 0x9F, 0xE6, 0x1E, 0xDC, 0xBB,
    0xE2, 0xA4, 0xBE, 0x90, 0x7A, 0xA5, 0xF7, 0x9D, 0xB6, 0xDE, 0x0F, 0xFE, 0x85, 0x1A, 0x3C, 0x73,
    0xD3, 0x5E, 0xBE, 0x82, 0x7A, 0x80, 0xBF, 0x9D, 0xCC, 0x8F, 0xDD, 0xF4, 0xFE, 0x77, 0x6F, 0xE0,
    0x8D, 0x5B, 0x2C, 0xE4, 0xC9, 0x5E, 0xAA, 0xEE, 0xDE, 0x98, 0xDE, 0xE1, 0x2E, 0x63, 0x71, 0x71,
    0x47, 0xD7, 0xC9, 0x3D, 0x6E, 0xF6, 0x52, 0xDC, 0x7F, 0x19, 0xFB, 0xBF, 0x4D, 0xFC, 0x65, 0xEA,
    0x7F, 0x2C, 0xF7, 0x8F, 0x28, 0xE5, 0xD8, 0xB4, 0x55, 0x62, 0x4B, 0xF6, 0x94, 0x82, 0x0D, 0x61,
    0xF3, 0x27, 0x66, 0xA7, 0xED, 0xFD, 0x44, 0xDB, 0x7B, 0x89, 0xD4, 0xFB, 0x4C, 0xC7, 0xAE, 0xCE,
    0xDE, 0xF2, 0xE2, 0x3F, 0xD5, 0xB1, 0x32, 0x8D, 0xD3, 0x04, 0xF6, 0x8B, 0x8F, 0xF0, 0x22, 0x0A,
    0x4F, 0xA5, 0xE5, 0xB0, 0xA0, 0x5F, 0x8D, 0x54, 0xD8, 0xD2, 0xD7, 0x16, 0x99, 0xC4, 0x7A, 0x1F,
    0x3D, 0x3A, 0x3F, 0x0A, 0x3A, 0x01, 0x8A, 0x03, 0x34, 0x5E, 0x45, 0xC9, 0x83, 0x51, 0x6A, 0xCF,
    0xC9, 0x31, 0xE8, 0x78, 0x15, 0x65, 0x76, 0xCD, 0xB8, 0x81, 0x72, 0xDD, 0x05, 0x32, 0x7B, 0xD6,
    0x5D, 0x43, 0x28, 0x02, 0x54, 0x12, 0xAA, 0x2F, 0x84, 0x26, 0x44, 0xFD, 0x19, 0x91, 0x33, 0x8D,
    0x9F, 0x41, 0x7B, 0xD2, 0x28, 0x77, 0xAE, 0xC2, 0x05, 0x7D, 0xA1, 0x65, 0xB5, 0xEC, 0x2F, 0x97,
    0x5B, 0xCE, 0x63, 0x3B, 0x3C, 0x12, 0x9A, 0x41, 0x25, 0xFC, 0x34, 0x50, 0x2E, 0x86, 0x2F, 0x7C,
    0xCE, 0xB9, 0xF8, 0xB6, 0x31, 0x13, 0xBD, 0xB7, 0x44, 0xDD, 0x81, 0x5D, 0x2A, 0x43, 0xBF, 0x6F,
    0x0B, 0x0A, 0x78, 0x82, 0x2E, 0x9C, 0x02, 0x0D, 0x62, 0xB5, 0x54, 0x1F, 0x9E, 0x9A, 0x01, 0xAB,
    0xFF, 0xD1, 0xEB, 0xDA, 0xD4, 0xB9, 0x97, 0x3A, 0x4C, 0xDF, 0x72, 0x8C, 0x9C, 0xCB, 0x4B, 0xAD,
    0x68, 0xFC, 0x12, 0xE7, 0xE4, 0xB7, 0xDE, 0x67, 0xFA, 0x20, 0x52, 0x3B, 0x69, 0x5D, 0xDC, 0x69,
    0x75, 0x2A, 0x6D, 0xA2, 0x4F, 0x23, 0xD9, 0x0B, 0x48, 0x8D, 0xD8, 0xCA, 0xF5, 0x8F, 0xCF, 0xF9,
    0x7F, 0x28, 0x20, 0x8D, 0xE5, 0xA1, 0x04, 0x47, 0xFF, 0x11, 0x4F, 0x54, 0x3D, 0x7A, 0x4D, 0xB0,
    0x94, 0x27, 0xCA, 0x7B, 0x30, 0xE2, 0x41, 0xAB, 0x23, 0x86, 0xD5, 0xFF, 0x4A, 0xE0, 0xCE, 0x48,
    0xBB, 0x6D, 0xE8, 0x58, 0xD3, 0xFA, 0xA1, 0x60, 0xC0, 0x55, 0xC8, 0x88, 0x76, 0xED, 0x11, 0x17,
    0x2B, 0x67, 0xF4, 0x68, 0x4E, 0xB8, 0xD8, 0x98, 0xC9, 0x17, 0x6A, 0xFF, 0xA6, 0x03, 0xFF, 0x48,
    0x79, 0x86, 0x45, 0x51, 0xBB, 0xB4, 0x80, 0xDD, 0x3D, 0xAF, 0x96, 0xFA, 0xD6, 0x62, 0x21, 0xF3,
    0x71, 0x3B, 0xA7, 0x94, 0x5A, 0x66, 0x98, 0x94, 0xDA, 0xDA, 0xBA, 0x62, 0x72, 0x9E, 0x19, 0x4F,
    0x7E, 0x2B, 0xCF, 0xF7, 0xF9, 0xC6, 0x78, 0x0A, 0x0A, 0xB4, 0xB1, 0x26, 0x82, 0x8D, 0xA5, 0x10,
    0x54, 0x90, 0x91, 0x07, 0xF1, 0x0E, 0x97, 0x76, 0xF1, 0x9D, 0x51, 0x4C, 0x0B, 0x17, 0x03, 0x78,
    0x0C, 0x3B, 0x80, 0xA5, 0x54, 0x6F, 0x99, 0x90, 0x4A, 0x54, 0xB2, 0xC1, 0x19, 0xA9, 0x54, 0x27,
    0x25, 0x44, 0xAA, 0xD0, 0xC9, 0x0B, 0x0F, 0x40, 0x95, 0xBA, 0xB7, 0x1E, 0x81, 0xAA, 0xB5, 0x1D,
    0x6A, 0x04, 0xCA, 0x9C, 0x78, 0x79, 0x06, 0xCA, 0xE4, 0x63, 0x9D, 0x3C, 0x95, 0x5A, 0xBB, 0x8C,
    0xA7, 0x32, 0xCC, 0xE9, 0x5A, 0x9B, 0x45, 0xDF, 0xE8, 0x1E, 0x62, 0xA8, 0x4A, 0xBF, 0xB1, 0xFE,
    0xA7, 0x36, 0x41, 0x89, 0x07, 0xBF, 0x44, 0xAD, 0x8D, 0xA1, 0x1B, 0x84, 0x70, 0xAD, 0x0F, 0x69,
    0x9A, 0xAD, 0xD2, 0x67, 0xA9, 0xD4, 0x1F, 0x07, 0x60, 0xA9, 0xCC, 0x5B, 0x33, 0x1A, 0x43, 0x15,
    0x3E, 0xD3, 0xDF, 0xC1, 0x50, 0x95, 0x3F, 0xA7, 0x6D, 0x30, 0x94, 0x3B, 0x60, 0xB9, 0xB0, 0xF9,
    0x62, 0xFD, 0x19, 0xC9, 0xA9, 0x10, 0xA1, 0x7F, 0x38, 0x09, 0xCE, 0xFF, 0xE6, 0xBF, 0xDA, 0x88,
    0x79, 0xF7, 0x96, 0x92, 0x30, 0x87, 0x1D, 0xA5, 0xC5, 0x73, 0x86, 0x83, 0x9F, 0x6F, 0x6F, 0x5B,
    0xF9, 0xBF, 0x9F, 0x4C, 0x29, 0x0A, 0x7C, 0x6D, 0xAB, 0xDB, 0xBB, 0xCA, 0xB1, 0xAB, 0xB2, 0x1A,
    0xAA, 0xD0, 0x8C, 0xCF, 0xD6, 0x54, 0xF1, 0xD1, 0x0F, 0xBF, 0x1E, 0x9A, 0xA3, 0xB4, 0xAE, 0x9A,
    0x0E, 0x1A, 0xED, 0xB4, 0x6E, 0xC7, 0x73, 0x64, 0x8E, 0x66, 0xE5, 0xD6, 0x4E, 0x6D, 0xE8, 0xA9,
    0xEF, 0x13, 0xA9, 0x3F, 0x0E, 0xD6, 0xDE, 0xCF, 0xB1, 0xE7, 0xE8, 0x5F, 0x29, 0xD6, 0xFD, 0xAB,
    0xB0, 0x19, 0x83, 0x8F, 0xAE, 0x44, 0x65, 0xD0, 0x31, 0x0F, 0xEE, 0x1D, 0xB0, 0xFB, 0xD6, 0xD4,
    0xC9, 0x6B, 0xED, 0x9B, 0x41, 0x4A, 0x4A, 0x9A, 0xC4, 0x45, 0x30, 0x1E, 0xAD, 0x69, 0xB0, 0x0F,
    0x07, 0x8C, 0x18, 0x05, 0x53, 0xB9, 0xA2, 0x26, 0x1E, 0x69, 0x92, 0x0A, 0x87, 0xE8, 0xE8, 0x23,
    0x87, 0x5C, 0xDE, 0xC6, 0xFE, 0x15, 0x4B, 0xC0, 0x1B, 0x31, 0xFE, 0x3F, 0xED, 0x7D, 0x3F, 0x8F,
    0xE4, 0xC8, 0x92, 0x1F, 0x59, 0xC4, 0x0C, 0x81, 0xA3, 0x41, 0x6B, 0x17, 0xC2, 0x1B, 0x83, 0xDF,
    0x40, 0xFC, 0x06, 0x62, 0x09, 0x32, 0x9F, 0x33, 0xC6, 0xF6, 0x0A, 0x78, 0x6B, 0xAC, 0x23, 0xEF,
    0x19, 0xFD, 0x11, 0x58, 0xC2, 0x99, 0x72, 0xC6, 0xD8, 0xFD, 0x06, 0xEF, 0x80, 0xBB, 0x96, 0xB1,
    0x32, 0x65, 0x3C, 0x80, 0xC4, 0xDD, 0x17, 0x28, 0x19, 0xCF, 0x3E, 0xDE, 0x61, 0xD6, 0xD8, 0x93,
    0x71, 0x14, 0x54, 0x8B, 0xAB, 0x59, 0xB1, 0x98, 0x62, 0x66, 0x46, 0x46, 0xFC, 0x22, 0xC9, 0xEA,
    0xE9, 0x99, 0xD9, 0xD9, 0x9D, 0x9D, 0xE9, 0xC6, 0xA0, 0x27, 0x22, 0xAA, 0x8B, 0xCC, 0x3F, 0x91,
    0x91, 0x91, 0xF1, 0x2F, 0x93, 0x24, 0x49, 0x7E, 0x67, 0xCC, 0x9F, 0x12, 0xFF, 0xF3, 0xCC, 0x2C,
    0x3F, 0x83, 0x03, 0x53, 0x0B, 0x9A, 0xD9, 0xC1, 0xA5, 0x83, 0xCD, 0xD1, 0xC2, 0xAD, 0x87, 0xCF,
    0x0B, 0xB8, 0x33, 0xF4, 0xB3, 0xC0, 0xC5, 0xF2, 0xB7, 0xCF, 0x3F, 0x5F, 0xE0, 0x43, 0x92, 0xD4,
    0xEE, 0x77, 0xE1, 0xBE, 0xD0, 0xB9, 0xBF, 0x5C, 0x1E, 0x36, 0xDA, 0x5F, 0xEE, 0x09, 0x8D, 0x39,
    0x25, 0x99, 0x31, 0x7B, 0xFF, 0xE4, 0x29, 0xC9, 0xCD, 0xC5, 0xBD, 0xA5, 0x58, 0xE0, 0xD2, 0xFD,
    0x79, 0xB2, 0x7C, 0x6E, 0xE1, 0x91, 0xE0, 0xE5, 0xF3, 0xDB, 0xA3, 0xC0, 0xC9, 0x1E, 0xE0, 0x84,
    0xFF, 0x7E, 0x0B, 0xCE, 0x01, 0x2E, 0x96, 0xF7, 0x86, 0x9F, 0x8A, 0x9E, 0xED, 0xDB, 0x33, 0x04,
    0x30, 0x75, 0x2D, 0x0F, 0x7F, 0xEE, 0x3B, 0x9F, 0xFC, 0xD5, 0xDD, 0x9D, 0x09, 0x5F, 0xAD, 0x8C,
    0xE1, 0x3F, 0x71, 0xF0, 0x1E, 0x60, 0xFC, 0x1B, 0x93, 0xC0, 0xC8, 0x1D, 0xC3, 0x33, 0x9F, 0x1A,
    0xF5, 0x5E, 0x6C, 0xDB, 0x0C, 0xED, 0x37, 0x09, 0x34, 0x68, 0xCF, 0x08, 0x34, 0x6E, 0x19, 0xD7,
    0x9E, 0xE1, 0x36, 0x82, 0xFF, 0x2C, 0x70, 0x35, 0xCB, 0xDF, 0x37, 0x86, 0x9F, 0xB3, 0xC0, 0x3D,
    0x3F, 0xB3, 0xA4, 0xFE, 0x2F, 0xD3, 0xB9, 0x2F, 0x68, 0xFC, 0xF3, 0xA5, 0x0D, 0xA1, 0x1D, 0xE5,
    0x32, 0xCE, 0x29, 0xCF, 0xFE, 0x64, 0x7F, 0x5D, 0xFC, 0x9F, 0x8C, 0x6E, 0xAE, 0xBF, 0x4F, 0x9E,
    0x76, 0xEE, 0xE3, 0x22, 0xF0, 0xC3, 0x3E, 0xB0, 0x8F, 0xF1, 0x5D, 0xAC, 0x3D, 0x3C, 0xD0, 0x93,
    0x99, 0xAF, 0xFC, 0x07, 0x2F, 0xA8, 0x59, 0x7F, 0x30, 0xF3, 0x0B, 0xFF, 0x0E, 0x1E, 0xA0, 0x43,
    0x17, 0xBA, 0xBF, 0xB4, 0x39, 0xC0, 0x3B, 0x80, 0x73, 0x80, 0x4B, 0x80, 0x6B, 0x80, 0x5B, 0x80,
    0x8D, 0xC0, 0x3B, 0x80, 0x73, 0x80, 0x4B, 0x80, 0x1B, 0x80, 0x5B, 0xD3, 0x32, 0x6C, 0x2E, 0x0C,
    0x67, 0xE6, 0xCC, 0x70, 0x61, 0x46, 0x86, 0x2B, 0xD3, 0x33, 0xDC, 0x98, 0x3D, 0xC3, 0x9D, 0x49,
    0x02, 0x9C, 0x2E, 0xA3, 0x13, 0xE0, 0x6C, 0xE1, 0x9E, 0x00, 0x17, 0xCB, 0x48, 0x05, 0x78, 0x79,
    0x0C, 0xC3, 0xCB, 0x63, 0x18, 0xB6, 0x23, 0x48, 0xF0, 0xCE, 0xCF, 0x89, 0x83, 0x33, 0x3B, 0x27,
    0x04, 0xBB, 0x79, 0x25, 0xB8, 0xB6, 0xF3, 0x4D, 0xB0, 0x1B, 0x5F, 0x82, 0xDD, 0x4C, 0x7A, 0x78,
    0xE7, 0xA6, 0xDE, 0xC3, 0xB9, 0x63, 0x53, 0x0F, 0x97, 0x6E, 0xE6, 0x3D, 0xDC, 0x38, 0x0E, 0xF4,
    0xB0, 0x9F, 0x26, 0x0F, 0xFB, 0x95, 0xE8, 0xE0, 0xFF, 0xE4, 0x39, 0xC8, 0xC1, 0xBF, 0xF7, 0xDC,
    0xEE, 0xE0, 0xAF, 0x3D, 0xC7, 0x39, 0xB8, 0x0D, 0x23, 0xBA, 0xC0, 0xC4, 0x64, 0x1E, 0x9E, 0x00,
    0x3E, 0x01, 0x3C, 0x00, 0xDC, 0x03, 0xBC, 0x17, 0x78, 0x4E, 0x04, 0x9E, 0x00, 0x3E, 0x01, 0x3C,
    0x00, 0xDC, 0x33, 0x0C, 0xFC, 0x26, 0x6B, 0xCD, 0x2F, 0xC4, 0x91, 0x7F, 0xEF, 0x14, 0x7C, 0x4A,
    0xFC, 0x2C, 0x39, 0x56, 0xF0, 0x93, 0xED, 0x17, 0xD9, 0x81, 0x7E, 0xD9, 0x87, 0xBD, 0xDA, 0x7F,
    0xC5, 0x2B, 0x88, 0x97, 0x02, 0x09, 0x4D, 0x6E, 0x89, 0x88, 0x90, 0x45, 0x36, 0x98, 0x97, 0xE1,
    0xD5, 0x4F, 0xEE, 0xBE, 0x49, 0x7E, 0xCD, 0x9F, 0xC7, 0x35, 0xF8, 0xB8, 0x06, 0x7F, 0xAD, 0x35,
    0xC8, 0xDB, 0x59, 0xE3, 0xA6, 0x2F, 0xF0, 0x1E, 0xD3, 0x97, 0xAD, 0x85, 0xB7, 0xBC, 0xCC, 0x4F,
    0x1F, 0xED, 0xA1, 0x67, 0x86, 0xED, 0xFE, 0x1E, 0xE0, 0x66, 0x19, 0xBC, 0x96, 0x9B, 0x7C, 0x60,
    0xD8, 0xF6, 0x9A, 0xE0, 0x1D, 0x4D, 0x25, 0xAB, 0x0C, 0x04, 0x97, 0xB6, 0xE9, 0x04, 0xD7, 0x34,
    0x95, 0xD4, 0x32, 0x86, 0x1D, 0x2B, 0x78, 0x38, 0x35, 0x86, 0xB7, 0x63, 0xAF, 0x85, 0x78, 0xB8,
    0x08, 0xD3, 0xEA, 0x1E, 0x39, 0x32, 0x5C, 0x87, 0x69, 0xA5, 0x96, 0x11, 0xEC, 0x1F, 0x13, 0x34,
    0xAD, 0x19, 0xE0, 0x09, 0xE0, 0x0B, 0xC0, 0xF4, 0x5D, 0xFF, 0x73, 0x02, 0xD8, 0xB7, 0xE1, 0x2F,
    0x37, 0x37, 0x37, 0x9D, 0x6A, 0x9B, 0xB4, 0x39, 0x31, 0xD0, 0x97, 0x16, 0xE0, 0x06, 0xFA, 0x5B,
    0x11, 0x4B, 0x27, 0xA1, 0x03, 0x1B, 0xE3, 0xE3, 0x3A, 0xB9, 0x31, 0x86, 0x99, 0x82, 0x2F, 0x9B,
    0x63, 0x9E, 0xC2, 0x5C, 0x24, 0x1A, 0xDE, 0x33, 0xDC, 0xC1, 0xDC, 0xB5, 0x7E, 0x49, 0x26, 0x41,
    0x9F, 0x14, 0x58, 0x78, 0x66, 0xD1, 0xC3, 0x8E, 0x01, 0x2E, 0x01, 0xCE, 0x00, 0x5E, 0x1E, 0x2A,
    0x70, 0xE1, 0xA6, 0x23, 0x0B, 0x5A, 0xCC, 0xF8, 0xF3, 0x20, 0x83, 0xE8, 0x9B, 0x1F, 0x32, 0x92,
    0xDF, 0x83, 0x1C, 0xAF, 0x20, 0x85, 0x46, 0xFA, 0x2B, 0x48, 0xF9, 0x50, 0xE4, 0x20, 0x48, 0x85,
    0x48, 0xED, 0x85, 0x4C, 0x40, 0x40, 0x83, 0x6F, 0xAE, 0x22, 0xED, 0x0C, 0x48, 0x77, 0x01, 0x84,
    0x44, 0x93, 0x43, 0x52, 0x44, 0x32, 0x52, 0x7E, 0x09, 0x19, 0x05, 0x29, 0x11, 0xA9, 0x48, 0x9F,
    0xC7, 0x45, 0xE1, 0x10, 0x3E, 0x3D, 0x58, 0xE4, 0x59, 0xD0, 0xE2, 0x17, 0xA4, 0x34, 0xE1, 0xA8,
    0xB2, 0x20, 0x95, 0xA1, 0xD7, 0x58, 0xA4, 0xE6, 0x03, 0x81, 0x47, 0x7A, 0x46, 0x1A, 0x3E, 0x05,
    0x38, 0xE4, 0x8C, 0xC8, 0x7E, 0xE3, 0x14, 0xE3, 0x99, 0xF9, 0x2C, 0x67, 0x08, 0x91, 0xC1, 0x56,
    0x31, 0x17, 0xE9, 0x4C, 0x7B, 0x74, 0x78, 0xBA, 0xDF, 0xA5, 0xC3, 0xC9, 0xA2, 0x31, 0x20, 0xDF,
    0x93, 0xCE, 0x80, 0xE4, 0xA7, 0x7D, 0x9B, 0x5E, 0x99, 0x12, 0x76, 0x0A, 0xAF, 0x83, 0xBD, 0x83,
    0x76, 0x72, 0xEA, 0x33, 0xED, 0xE5, 0x26, 0x4C, 0xCE, 0x22, 0xF6, 0xBB, 0x4B, 0xD8, 0xDB, 0xE7,
    0xC6, 0x62, 0x74, 0x1A, 0x69, 0x27, 0x87, 0x79, 0xA9, 0x98, 0x98, 0xB3, 0xC3, 0xFC, 0xE9, 0x24,
    0x35, 0x27, 0x87, 0x15, 0x41, 0x19, 0x73, 0x98, 0x9F, 0xB0, 0xCC, 0x1C, 0x1D, 0xE6, 0xF6, 0x60,
    0xCB, 0x79, 0x0E, 0x4B, 0x5D, 0x7F, 0x4B, 0xBB, 0x5F, 0x2E, 0x98, 0x13, 0x2A, 0x96, 0x75, 0x3C,
    0xE6, 0x84, 0x6D, 0x73, 0x21, 0xCC, 0xBD, 0xBE, 0x9B, 0x08, 0x73, 0xD3, 0xBB, 0xF4, 0xCB, 0x63,
    0x76, 0xE6, 0xAD, 0xEE, 0xE7, 0xB1, 0xC2, 0x1D, 0x5D, 0x07, 0xC2, 0xAC, 0x64, 0xB3, 0x8C, 0xEE,
    0xB1, 0x9D, 0xB9, 0x38, 0x16, 0xF6, 0x98, 0x7D, 0x61, 0x65, 0x92, 0x80, 0xD9, 0x7D, 0x7B, 0x66,
    0x6C, 0xD9, 0xC2, 0xDB, 0x09, 0xB0, 0xDE, 0xF6, 0x83, 0xB0, 0xCA, 0xFC, 0x93, 0xED, 0x23, 0x61,
    0xA5, 0xF9, 0x37, 0xC0, 0x72, 0x7F, 0x96, 0x24, 0xCC, 0x0D, 0x3A, 0x63, 0xA9, 0xD7, 0x24, 0x09,
    0x4B, 0xFC, 0x78, 0x07, 0xAC, 0x73, 0x73, 0x11, 0x30, 0x7F, 0xF0, 0x0C, 0x58, 0xED, 0xE6, 0x30,
    0x60, 0x25, 0xAD, 0x24, 0x8F, 0x79, 0x1D, 0x37, 0x60, 0xBB, 0xBB, 0x03, 0x60, 0xBC, 0x47, 0xFF,
    0x02, 0xD8, 0x84, 0x18, 0x69, 0x2E, 0x4B, 0x8F, 0x67, 0xD2, 0xB5, 0xAD, 0x1E, 0xF9, 0x71, 0x83,
    0xFC, 0xF3, 0xD6, 0xA0, 0xD5, 0x01, 0x6E, 0x6E, 0xFE, 0xF3, 0xC7, 0x3E, 0x50, 0xAF, 0x01, 0x85,
    0x77, 0x1C, 0x83, 0xA5, 0xB7, 0xCB, 0x29, 0x2D, 0xB0, 0xD6, 0xED, 0x32, 0x4E, 0xAF, 0xD8, 0x6E,
    0x04, 0x76, 0x9B, 0x56, 0xF4, 0x2D, 0xB6, 0x79, 0x1D, 0xC0, 0x2E, 0xE6, 0x45, 0xE2, 0x22, 0x3A,
    0x5F, 0xFD, 0xC7, 0x5B, 0x92, 0x81, 0x86, 0x94, 0x7A, 0xE3, 0x85, 0xE3, 0x40, 0x42, 0xD8, 0x7D,
    0x65, 0xEF, 0xC5, 0xE7, 0x60, 0x97, 0xDE, 0xC4, 0x1A, 0xCC, 0xF2, 0x6B, 0x4C, 0x82, 0x49, 0xCC,
    0xAA, 0x25, 0xD4, 0x8E, 0x59, 0xB6, 0x95, 0x0C, 0x8C, 0x32, 0xCE, 0x72, 0x93, 0x19, 0x30, 0xEF,
    0x14, 0x2C, 0xEE, 0x5B, 0x73, 0x2C, 0x79, 0x27, 0x58, 0xD4, 0xB8, 0x92, 0x0D, 0x5F, 0xB5, 0xDD,
    0x7E, 0x46, 0xDE, 0x3D, 0x4E, 0x35, 0x23, 0xA5, 0x15, 0xB0, 0x03, 0x23, 0x67, 0x41, 0x96, 0xE7,
    0x36, 0x6C, 0xC1, 0x5A, 0x90, 0x76, 0x1B, 0xC9, 0x2D, 0xD2, 0x3F, 0x0C, 0x39, 0x6E, 0x21, 0xF1,
    0x7B, 0xA2, 0x16, 0xA8, 0xB6, 0x49, 0xAB, 0xCF, 0x35, 0xF6, 0xA7, 0xC2, 0x9E, 0x96, 0x3C, 0x20,
    0xCB, 0x17, 0x0A, 0x40, 0x8E, 0x39, 0x8E, 0x9B, 0x1A, 0x51, 0x1E, 0xEB, 0x9D, 0xA5, 0x1A, 0x98,
    0x85, 0x65, 0x54, 0x61, 0x7E, 0xD4, 0xCC, 0xD1, 0x9C, 0x26, 0x6E, 0x4E, 0x73, 0x9C, 0xED, 0xD4,
    0xAB, 0xEF, 0x1D, 0x2B, 0xF4, 0xAF, 0x6E, 0x02, 0x87, 0x54, 0xC8, 0x3B, 0x19, 0x72, 0x95, 0xE2,
    0x37, 0x32, 0xAA, 0x1D, 0x37, 0x78, 0x34, 0x49, 0xBF, 0x23, 0xB8, 0xE5, 0x75, 0x3E, 0xBF, 0xA3,
    0x7C, 0xF8, 0xF2, 0x13, 0x97, 0x0F, 0x9F, 0xBC, 0x44, 0x5C, 0x38, 0xEC, 0x07, 0xB2, 0xFB, 0x38,
    0x16, 0x7D, 0xE9, 0x0F, 0x5B, 0x69, 0xB0, 0xEB, 0xB6, 0x56, 0xD0, 0x10, 0xDF, 0xB6, 0x56, 0xD5,
    0x22, 0x56, 0x5D, 0x60, 0x36, 0xFE, 0xB6, 0xE6, 0x1F, 0xCC, 0xBC, 0xFF, 0xDC, 0xB1, 0x6D, 0x6B,
    0xFE, 0xD5, 0xBE, 0xAB, 0x32, 0xEE, 0x40, 0xEE, 0x58, 0x3F, 0x35, 0xEE, 0xD0, 0xEE, 0x57, 0x74,
    0xB3, 0x2C, 0x90, 0x96, 0x9D, 0x01, 0xF6, 0x60, 0x3F, 0xB3, 0x02, 0xDB, 0xD2, 0x22, 0x4B, 0xDD,
    0x81, 0x6D, 0x0C, 0x2B, 0x76, 0x68, 0x83, 0x30, 0x68, 0xAC, 0xAD, 0xE7, 0x18, 0x16, 0xFC, 0x89,
    0xA5, 0x4C, 0xE9, 0xEC, 0x41, 0x01, 0x9E, 0xE0, 0x80, 0x27, 0x70, 0xEE, 0xEC, 0x47, 0x41, 0x5B,
    0x46, 0x78, 0xBE, 0x02, 0x9B, 0x4D, 0x78, 0xF7, 0x86, 0x70, 0x76, 0x15, 0xBE, 0xF6, 0xDE, 0xCB,
    0x66, 0x9B, 0xB1, 0x2F, 0xD8, 0xC7, 0x0A, 0xFA, 0x8E, 0x63, 0xE2, 0xC6, 0xAA, 0x87, 0x31, 0x64,
    0xC3, 0x4A, 0x1F, 0xC6, 0xD0, 0x8F, 0xF9, 0x29, 0x88, 0x1D, 0x9E, 0x8B, 0xCA, 0xCF, 0x11, 0x59,
    0x3B, 0xDC, 0xDC, 0x9D, 0xFC, 0x9F, 0x9F, 0x9C, 0xE8, 0xD9, 0xBB, 0x53, 0xC4, 0xE0, 0xE0, 0x57,
    0xCE, 0x87, 0x74, 0x70, 0xF3, 0x1E, 0xCC, 0x17, 0xAD, 0xF9, 0x7B, 0x76, 0x1A, 0x39, 0x5B, 0x0F,
    0x49, 0xB4, 0xC0, 0x4B, 0x17, 0x3E, 0xD0, 0x1B, 0x36, 0x88, 0xA4, 0x9D, 0x77, 0x4A, 0xB5, 0xF7,
    0xF8, 0x39, 0x3E, 0x54, 0xF8, 0x77, 0x77, 0xDA, 0x8E, 0xCC, 0x72, 0x9A, 0x04, 0xF8, 0x09, 0x75,
    0x0C, 0x14, 0xF9, 0x27, 0xD0, 0x30, 0x66, 0x54, 0x30, 0x7A, 0xD0, 0x2F, 0xDC, 0x11, 0xD6, 0x7E,
    0xEC, 0xD6, 0x51, 0xD0, 0x2E, 0x6A, 0x4B, 0x29, 0xFC, 0x42, 0xCA, 0x8D, 0x5B, 0xBC, 0x13, 0xAD,
    0x9D, 0x9E, 0x55, 0x0B, 0xBB, 0x88, 0x3A, 0x3E, 0xBD, 0x9E, 0x78, 0xB3, 0x5B, 0x8E, 0x35, 0xBB,
    0xB0, 0x0B, 0x66, 0xAF, 0x92, 0x0C, 0x9C, 0x51, 0x05, 0x38, 0xA9, 0x4A, 0x05, 0x6F, 0x3B, 0xD3,
    0xEA, 0x6D, 0xC7, 0x5A, 0x04, 0x1F, 0x61, 0xDC, 0xAE, 0xC1, 0x0F, 0x19, 0xF3, 0xED, 0xEF, 0x36,
    0x0A, 0xBE, 0xD6, 0x86, 0xED, 0x36, 0x57, 0xD0, 0xAF, 0x52, 0x39, 0xE8, 0xD0, 0xA9, 0x18, 0xC6,
    0xE7, 0x3F, 0x80, 0x3E, 0xD6, 0xC9, 0x78, 0x5A, 0xAB, 0x82, 0xE1, 0x45, 0x75, 0x06, 0xD5, 0x61,
    0x04, 0xCD, 0xE1, 0x08, 0x8A, 0xC3, 0x21, 0xCC, 0xA3, 0x75, 0xBC, 0x05, 0xB5, 0xA1, 0x25, 0xF3,
    0x9D, 0xF7, 0x24, 0x8C, 0xA0, 0x34, 0xF4, 0xA2, 0x33, 0xCC, 0x31, 0xFF, 0x90, 0xC6, 0x70, 0x10,
    0xDD, 0xF5, 0x24, 0x7C, 0xF8, 0x83, 0x56, 0x17, 0xFC, 0xC1, 0xFC, 0x4D, 0x60, 0xFC, 0xEE, 0x67,
    0x8B, 0xC2, 0xF0, 0x95, 0xB9, 0x58, 0xBD, 0x61, 0xE5, 0x6C, 0x7D, 0x84, 0x1F, 0xE1, 0x2D, 0x58,
    0xD6, 0x66, 0x65, 0x60, 0x11, 0x36, 0x88, 0xB4, 0xD6, 0x74, 0x12, 0xCE, 0x2F, 0xCE, 0xAA, 0x12,
    0x9E, 0xE3, 0x0C, 0x2E, 0x97, 0xB0, 0xA9, 0x9E, 0xFD, 0x6A, 0x09, 0xAE, 0x3A, 0x5E, 0x8A, 0x39,
    0xDA, 0xE2, 0x9C, 0x8D, 0xD2, 0xB0, 0x19, 0xB8, 0x97, 0xB3, 0x55, 0x6D, 0xFF, 0x22, 0xE8, 0x12,
    0x8D, 0x37, 0x9E, 0x8C, 0xE2, 0xFD, 0x0A, 0x92, 0xA0, 0x9B, 0x41, 0x14, 0x90, 0x89, 0x89, 0x44,
    0xEB, 0x59, 0x84, 0x41, 0x16, 0xB6, 0x44, 0x71, 0x1C, 0x92, 0xEF, 0x3E, 0xF8, 0x09, 0xC9, 0xFA,
    0xDF, 0x8B, 0xF7, 0xBE, 0x0A, 0x46, 0xF7, 0x41, 0x6C, 0x9C, 0x8D, 0xB6, 0x64, 0x9E, 0xC4, 0x92,
    0xE9, 0x8F, 0x74, 0xD4, 0x0E, 0xDF, 0x04, 0xB6, 0xB7, 0x5D, 0x82, 0x53, 0x92, 0x9A, 0x90, 0x89,
    0x95, 0x8E, 0x8D, 0xB9, 0x5E, 0xCC, 0x14, 0xA2, 0x03, 0xF4, 0xA1, 0x35, 0x5E, 0x7A, 0xD6, 0xC1,
    0xAC, 0xD8, 0x38, 0x73, 0x17, 0xC8, 0xF6, 0x56, 0x2C, 0x87, 0xE7, 0x84, 0x2D, 0x33, 0xB6, 0x09,
    0x3C, 0x31, 0x4B, 0x13, 0x52, 0x30, 0x3E, 0xCE, 0x19, 0x4F, 0xE6, 0xD2, 0x84, 0x4C, 0xE4, 0xAE,
    0x31, 0xBF, 0x17, 0xE1, 0xDC, 0x99, 0x7F, 0x14, 0x69, 0xDE, 0x1A, 0x08, 0x6F, 0x68, 0x0C, 0xC4,
    0x40, 0x54, 0x88, 0x88, 0x29, 0xD5, 0x4B, 0x3A, 0xE4, 0x30, 0x6E, 0x80, 0x1B, 0x85, 0x11, 0x83,
    0x28, 0xC0, 0x4E, 0x0A, 0xE1, 0x18, 0xC2, 0x18, 0xEC, 0x60, 0x00, 0x24, 0xC1, 0x3F, 0x43, 0xE4,
    0x02, 0x5B, 0x3B, 0x34, 0x20, 0xD9, 0x41, 0x03, 0x88, 0x21, 0xB8, 0xD5, 0xD0, 0x80, 0x0A, 0x1B,
    0x80, 0xFB, 0x99, 0x0A, 0xF6, 0x60, 0xFB, 0xB1, 0x17, 0xF4, 0x13, 0x1A, 0x26, 0x4E, 0x09, 0x9C,
    0x0D, 0x8F, 0x88, 0xEC, 0x01, 0x39, 0xC3, 0xC8, 0xCC, 0xF2, 0xE0, 0x9B, 0x6F, 0xF7, 0x0F, 0xF1,
    0x00, 0x37, 0x38, 0x32, 0xEB, 0x7D, 0xF5, 0x91, 0xF4, 0xCB, 0x91, 0x6E, 0xBE, 0x20, 0x92, 0x05,
    0x82, 0x16, 0xF9, 0xD2, 0x91, 0x3A, 0x31, 0x51, 0xD8, 0xF5, 0xB3, 0x90, 0x2A, 0xD6, 0x09, 0x5C,
    0x70, 0xCD, 0xB9, 0x31, 0xFF, 0x4B, 0x2C, 0x08, 0xFA, 0xDC, 0x7F, 0x42, 0x67, 0x95, 0x38, 0x15,
    0x4B, 0x4D, 0x22, 0xF5, 0xFE, 0xE8, 0x83, 0xC3, 0x16, 0x46, 0xBA, 0x25, 0x8F, 0xE1, 0x85, 0xD4,
    0xD9, 0xA3, 0xD3, 0x59, 0x07, 0xFB, 0xF4, 0x91, 0xB8, 0xCD, 0x2F, 0xA0, 0x93, 0xD7, 0x3E, 0xDD,
    0x7B, 0x4F, 0xBE, 0x45, 0x13, 0x4B, 0x69, 0x12, 0xBC, 0x3E, 0x00, 0x6C, 0xC6, 0x6E, 0x5B, 0xF5,
    0xB3, 0xD0, 0xDB, 0x85, 0xD5, 0x4E, 0x4B, 0x4D, 0xB2, 0x8B, 0x25, 0x28, 0xA1, 0x61, 0xBC, 0x96,
    0x11, 0x08, 0xBA, 0xA8, 0x90, 0xFA, 0x3A, 0x22, 0xB9, 0x50, 0xA8, 0x41, 0x91, 0xDA, 0x35, 0xA9,
    0xB1, 0x5E, 0x85, 0xE3, 0xEB, 0x49, 0x43, 0xFB, 0x40, 0x52, 0xFF, 0x33, 0x92, 0x1E, 0xF2, 0xC6,
    0xE6, 0x21, 0xA4, 0xE3, 0x66, 0xB7, 0x37, 0x06, 0x67, 0x8C, 0x49, 0x1B, 0xA3, 0x5A, 0xAD, 0xA7,
    0x23, 0xD8, 0x21, 0x85, 0xB4, 0x2F, 0xD7, 0x53, 0x1B, 0xF6, 0x74, 0x66, 0x00, 0xC3, 0x3B, 0x3B,
    0x91, 0x6C, 0x7C, 0x5C, 0x66, 0x42, 0x64, 0xCD, 0x31, 0x70, 0x8E, 0x84, 0xA5, 0x91, 0x31, 0xE1,
    0x1C, 0x78, 0x2D, 0xA7, 0x7D, 0x82, 0x0C, 0x15, 0x33, 0xED, 0x30, 0x83, 0x13, 0x8D, 0xCE, 0xF4,
    0x6A, 0x7E, 0x74, 0xDC, 0x6B, 0xCC, 0x37, 0x69, 0x17, 0x4C, 0xB3, 0x31, 0xDF, 0x6F, 0xAC, 0x8E,
    0x44, 0x93, 0x4E, 0xEB, 0x95, 0xD6, 0xF3, 0x29, 0x6E, 0xBF, 0x34, 0xF5, 0x99, 0x98, 0xF2, 0x9E,
    0xD9, 0x58, 0x37, 0xDB, 0xFA, 0x5B, 0xD9, 0xEA, 0x9E, 0xEC, 0xA9, 0x43, 0x4F, 0x1E, 0x05, 0xDF,
    0x3B, 0x90, 0xE0, 0xC8, 0xCD, 0x0A, 0xA2, 0xDD, 0xC2, 0xCB, 0xB0, 0x8B, 0xEE, 0x3C, 0x03, 0xF5,
    0xAC, 0x8C, 0xA6, 0xC1, 0xAF, 0xE9, 0xF6, 0xE6, 0x0E, 0x59, 0xB7, 0xE1, 0x18, 0x98, 0x43, 0xC2,
    0x4F, 0x70, 0xFF, 0xE5, 0x7E, 0xE2, 0x7C, 0x6C, 0xC7, 0xCE, 0x33, 0x1F, 0x85, 0x95, 0x86, 0x03,
    0xDA, 0x90, 0xA0, 0x87, 0x2D, 0x98, 0x4F, 0x58, 0x85, 0x70, 0x47, 0xF4, 0x1D, 0x35, 0xD1, 0x35,
    0x28, 0x78, 0x9D, 0x9D, 0xF9, 0x98, 0x15, 0x05, 0x6B, 0x87, 0xA9, 0xC5, 0x8E, 0x63, 0x8D, 0x2E,
    0x7B, 0xD6, 0x80, 0x12, 0x3E, 0x80, 0x2E, 0x0D, 0xFA, 0x6B, 0xD6, 0x0D, 0x96, 0x06, 0xFD, 0x6F,
    0x51, 0x34, 0x54, 0xE0, 0x69, 0x83, 0xDA, 0x95, 0x52, 0xA8, 0x94, 0x0E, 0x95, 0x19, 0xD4, 0x5A,
    0x22, 0x64, 0x42, 0x45, 0x45, 0x85, 0xAB, 0x8A, 0xDA, 0x52, 0x1A, 0xD0, 0xA8, 0x6A, 0x03, 0x8A,
    0x57, 0x07, 0x1A, 0xC9, 0xF2, 0xFD, 0x9A, 0x67, 0x69, 0x19, 0x4C, 0x9E, 0x25, 0x6B, 0x56, 0xC8,
    0x8D, 0x74, 0x7B, 0xD8, 0x41, 0xA8, 0x5C, 0x2F, 0x0D, 0x32, 0x46, 0x66, 0xC9, 0xC5, 0x94, 0x54,
    0x1C, 0x69, 0x77, 0x76, 0x5D, 0x3A, 0xF0, 0xB9, 0x3E, 0x63, 0x11, 0xD1, 0xF3, 0x2C, 0x25, 0xBE,
    0xC5, 0xFE, 0x7C, 0x4D, 0xD6, 0x0E, 0x67, 0x40, 0x09, 0xFB, 0x4E, 0x49, 0xBB, 0xDE, 0x18, 0xE2,
    0xDB, 0xD8, 0xC0, 0x10, 0x76, 0xBA, 0x3D, 0x8F, 0x10, 0x5B, 0x4B, 0x1A, 0x77, 0x3A, 0x99, 0x78,
    0x8C, 0xC5, 0x2E, 0x52, 0xF8, 0xAD, 0x99, 0xC7, 0xEB, 0xD8, 0xF0, 0x64, 0x18, 0x2B, 0xBB, 0x13,
    0xB1, 0xC0, 0x4A, 0x80, 0xDD, 0x2C, 0x0A, 0xE9, 0x23, 0xF2, 0x88, 0xBC, 0x39, 0xF2, 0x6D, 0xF0,
    0xF8, 0xDE, 0x3C, 0x07, 0x0B, 0x8E, 0x39, 0xBF, 0x0D, 0xD2, 0x22, 0x82, 0x87, 0x9C, 0x0F, 0x17,
    0x51, 0xA7, 0xB1, 0xE4, 0xE6, 0x79, 0x4B, 0xA3, 0x93, 0xDB, 0xAE, 0x85, 0x88, 0xC1, 0xE9, 0xE3,
    0x06, 0x8F, 0xE2, 0x2A, 0x18, 0xC4, 0x95, 0x3A, 0x0A, 0x78, 0x0E, 0x86, 0xCE, 0x20, 0x8F, 0x3B,
    0x27, 0x8D, 0x0F, 0xB4, 0x31, 0x14, 0xCE, 0xDB, 0x68, 0x23, 0x93, 0x27, 0x2B, 0xE6, 0xE7, 0xEF,
    0xDC, 0x51, 0x34, 0x65, 0x56, 0x98, 0xC4, 0x96, 0x38, 0x05, 0xE3, 0xE4, 0xEF, 0x17, 0x90, 0x82,
    0x9C, 0x0B, 0xEF, 0x2A, 0xB5, 0x0A, 0x90, 0x17, 0x8C, 0x7F, 0xB4, 0x06, 0x48, 0x30, 0xA5, 0xFE,
    0xD6, 0xC0, 0xDC, 0xAE, 0x04, 0x2F, 0xB7, 0x67, 0x12, 0xD9, 0x21, 0x1A, 0xD9, 0x78, 0x9E, 0x8B,
    0xF1, 0xF9, 0x11, 0x7F, 0xC4, 0x7F, 0x5B, 0xF8, 0xB7, 0x3E, 0x0E, 0xC0, 0x6F, 0x1E, 0x18, 0x50,
    0x10, 0x07, 0x18, 0xBC, 0x0D, 0x7E, 0x69, 0x57, 0xB8, 0x5E, 0x4F, 0xAC, 0x02, 0xF1, 0x8A, 0x5A,
    0x51, 0xE6, 0x47, 0xCA, 0x23, 0xE5, 0x91, 0x12, 0x74, 0x3C, 0x5E, 0xAB, 0x91, 0xA2, 0xB7, 0x56,
    0xE3, 0xDE, 0x85, 0xD2, 0xAE, 0x28, 0xD1, 0x11, 0x3C, 0xFB, 0x48, 0x29, 0xBB, 0x15, 0xC5, 0x29,
    0x93, 0x68, 0x94, 0x4F, 0xBA, 0x77, 0x40, 0xA3, 0x47, 0x7D, 0xE6, 0xA6, 0x72, 0xD2, 0x6D, 0xFA,
    0x08, 0x50, 0xFB, 0xF3, 0xD3, 0x5E, 0xA1, 0xEC, 0x95, 0xC8, 0xD0, 0x98, 0x06, 0x56, 0xB7, 0xBD,
    0x46, 0x87, 0xE0, 0x5D, 0xBA, 0xBB, 0xFB, 0xEF, 0xCC, 0x80, 0xFE, 0x45, 0x4F, 0x0D, 0x9B, 0x54,
    0x42, 0xC6, 0x29, 0xA2, 0x64, 0xB7, 0xE1, 0x56, 0x19, 0x48, 0x4D, 0x91, 0xE0, 0x81, 0x8C, 0x2D,
    0x93, 0x03, 0xA2, 0x75, 0x88, 0xD1, 0x9B, 0x30, 0xDA, 0x21, 0xA0, 0xE5, 0x3B, 0xA0, 0xD5, 0xBD,
    0x68, 0xF4, 0xDE, 0xA8, 0x55, 0x9D, 0x6A, 0x73, 0xAA, 0x7B, 0x14, 0xF5, 0x57, 0x8F, 0x06, 0x8C,
    0x95, 0x5A, 0xCA, 0xAB, 0x71, 0xDE, 0x9C, 0x85, 0xF3, 0x3D, 0x33, 0xE8, 0xE6, 0xB7, 0x13, 0x6B,
    0x50, 0xCA, 0xEA, 0x05, 0xB5, 0x11, 0xB0, 0xDD, 0xA7, 0x87, 0xD9, 0xF1, 0x7A, 0x8E, 0x98, 0x1F,
    0x5B, 0xC1, 0xCE, 0x0A, 0xB3, 0x1F, 0x02, 0x36, 0x10, 0x76, 0x67, 0xD3, 0xD1, 0xED, 0x44, 0x86,
    0x37, 0xA4, 0x2E, 0xB5, 0x83, 0xDF, 0x47, 0x16, 0x46, 0xC3, 0xDB, 0x45, 0x0F, 0x98, 0xB5, 0x42,
    0x09, 0x66, 0xAD, 0x95, 0x82, 0xF9, 0x54, 0x07, 0xC3, 0xE9, 0x98, 0x27, 0xC0, 0xB2, 0x08, 0x3B,
    0xBF, 0x25, 0x76, 0xFD, 0x99, 0xB9, 0x7A, 0xBB, 0x6E, 0x4B, 0xA5, 0x30, 0xDD, 0x07, 0xD5, 0x3F,
    0xC7, 0xF7, 0x30, 0x2E, 0x46, 0x8D, 0xE0, 0xA4, 0xB0, 0x93, 0xC2, 0x7A, 0xC4, 0x2E, 0x6A, 0x1E,
    0x5E, 0x04, 0xDE, 0xB5, 0xF3, 0xF7, 0x62, 0xCD, 0xD7, 0x1F, 0x21, 0x68, 0x7F, 0xFE, 0x46, 0x40,
    0xC7, 0x98, 0x9D, 0xC4, 0x28, 0x77, 0x22, 0x0B, 0x3A, 0xA9, 0x01, 0xE1, 0x58, 0xB3, 0x73, 0x63,
    0xE9, 0x1F, 0xE6, 0x82, 0xD5, 0xBA, 0x10, 0xEF, 0x7E, 0x0E, 0xAF, 0xB0, 0xD6, 0x6C, 0x02, 0xAD,
    0x5B, 0x87, 0xB9, 0xC1, 0x04, 0x30, 0x15, 0xD0, 0x5A, 0x5A, 0x05, 0xE4, 0x54, 0xE4, 0xEE, 0x0D,
    0x40, 0x83, 0xE0, 0x7E, 0x0D, 0xEE, 0xE4, 0x6D, 0xD0, 0x06, 0x68, 0x99, 0xB4, 0x17, 0x7A, 0x41,
    0x7D, 0x63, 0xEE, 0x51, 0xE3, 0xB0, 0x1A, 0x9D, 0xE3, 0xC6, 0x48, 0xFE, 0xC0, 0xBE, 0x0B, 0x63,
    0xBE, 0x49, 0xD0, 0xBD, 0xFF, 0x02, 0xE7, 0x41, 0x85, 0x81, 0x4B, 0x96, 0x23, 0x8B, 0xE2, 0x14,
    0x8A, 0x70, 0x38, 0xDF, 0xEB, 0x17, 0x9F, 0xD3, 0xDF, 0x55, 0xEE, 0x49, 0x85, 0xA1, 0x84, 0xD3,
    0x89, 0xCC, 0x3B, 0x12, 0x02, 0x51, 0x5A, 0xB9, 0x11, 0x2A, 0x71, 0xB8, 0xFF, 0xD9, 0xD4, 0x61,
    0x9F, 0x50, 0x49, 0xDE, 0xEE, 0x10, 0x1C, 0x1B, 0xB4, 0x2B, 0xDD, 0xF6, 0x09, 0xC4, 0xA4, 0x6C,
    0x84, 0xFB, 0xA8, 0xE2, 0x1C, 0x5E, 0x59, 0x85, 0x6D, 0x40, 0x45, 0x56, 0xEC, 0xAF, 0x20, 0x2A,
    0x1A, 0x03, 0xC3, 0x24, 0x38, 0xA9, 0x16, 0x82, 0xE1, 0xDE, 0x06, 0x49, 0x9D, 0x7D, 0xF4, 0x46,
    0x3D, 0xBA, 0x59, 0xBF, 0x67, 0x0B, 0xC1, 0xEA, 0x1B, 0xAA, 0x2C, 0x87, 0xEA, 0x82, 0xEA, 0xE9,
    0x0E, 0x11, 0xE7, 0x33, 0xF8, 0x33, 0x8C, 0x5B, 0x65, 0x20, 0xC4, 0x86, 0xBD, 0x03, 0xB5, 0x73,
    0x02, 0x1D, 0x65, 0x16, 0x4A, 0x71, 0x80, 0xF4, 0x3C, 0xC4, 0xCE, 0x2F, 0x1A, 0xE2, 0x9D, 0xBC,
    0x23, 0x84, 0xDC, 0x59, 0x7E, 0xB6, 0x6B, 0xE3, 0x13, 0xDA, 0x29, 0x31, 0x93, 0xEA, 0xB4, 0x1C,
    0x63, 0xDE, 0x51, 0x5C, 0x45, 0xC1, 0xA9, 0x2A, 0x03, 0x26, 0x4C, 0xE8, 0x53, 0xE4, 0xD1, 0xE4,
    0x73, 0xA9, 0x1E, 0x13, 0x85, 0x19, 0x8A, 0xCB, 0xAA, 0x0D, 0xA5, 0x0D, 0x3A, 0x0E, 0xCA, 0x0A,
    0x21, 0x8A, 0xDD, 0x2A, 0x00, 0xB6, 0x0B, 0xAA, 0x0B, 0x87, 0x37, 0x76, 0x3A, 0xDB, 0xA6, 0x87,
    0x1A, 0x0B, 0xE6, 0xFB, 0x27, 0xDF, 0xB9, 0xAF, 0x11, 0xC5, 0xB5, 0xD2, 0x07, 0xC6, 0x76, 0xE4,
    0xAA, 0x73, 0x7D, 0xA8, 0xFC, 0xC2, 0x3C, 0x24, 0xEC, 0xD0, 0xCB, 0xFC, 0xAA, 0x3D, 0xB8, 0x0F,
    0x27, 0x76, 0xC0, 0x79, 0x8A, 0xF8, 0xBB, 0x47, 0xA2, 0x04, 0x5B, 0x6A, 0xE9, 0x84, 0xC1, 0x01,
    0xA6, 0xDD, 0xFA, 0x1B, 0x1D, 0x45, 0x42, 0x68, 0x9D, 0x18, 0x39, 0x24, 0xE2, 0x1A, 0xDA, 0x05,
    0x8A, 0xAC, 0x11, 0x27, 0x96, 0x0E, 0x68, 0x5D, 0xB4, 0x89, 0x91, 0xDE, 0xE3, 0x78, 0x16, 0x9E,
    0xEB, 0x7C, 0xF4, 0xFC, 0x49, 0x5C, 0x9F, 0x9D, 0x2F, 0xB1, 0x23, 0x91, 0x73, 0x43, 0x44, 0x59,
    0x20, 0x47, 0x91, 0x70, 0x57, 0x47, 0xC1, 0xBA, 0x13, 0x76, 0x47, 0x5D, 0x51, 0x4E, 0x9D, 0x9A,
    0xF3, 0x0D, 0x4A, 0xF9, 0x50, 0xCA, 0x5F, 0x6C, 0xBE, 0xB9, 0x7A, 0x8E, 0x6A, 0xCF, 0x16, 0x65,
    0xB3, 0xCD, 0x07, 0x0C, 0xD4, 0x0D, 0x14, 0xEC, 0xFB, 0xB8, 0x1A, 0x9F, 0x61, 0x35, 0x86, 0x47,
    0xA2, 0xC4, 0xE3, 0x5C, 0xAC, 0xE6, 0x82, 0xE7, 0x2B, 0x75, 0xDB, 0xC3, 0x01, 0x6A, 0xF1, 0xF0,
    0x9C, 0x72, 0x60, 0x61, 0x1E, 0xE6, 0x9D, 0x23, 0xCA, 0x84, 0x37, 0x5A, 0xE6, 0x9F, 0x13, 0x51,
    0xEA, 0x15, 0x8F, 0xAD, 0xF9, 0x30, 0x5F, 0xF1, 0x6A, 0x1A, 0xF8, 0xF9, 0xC2, 0x1C, 0xBE, 0x2C,
    0x94, 0x1F, 0x6E, 0x3A, 0xE4, 0xF9, 0x6A, 0xB5, 0x2E, 0xD6, 0x6B, 0x87, 0xF6, 0x9C, 0xD3, 0xE6,
    0x1A, 0xE4, 0x75, 0xDA, 0x61, 0x09, 0x12, 0x3F, 0x10, 0x9D, 0xEC, 0x53, 0x69, 0x17, 0x12, 0x3F,
    0x08, 0xF2, 0xC9, 0xD0, 0x0C, 0x4A, 0xDA, 0x3B, 0x64, 0xC0, 0x97, 0x02, 0x36, 0x5E, 0x6A, 0x58,
    0x65, 0x8E, 0xA4, 0xCC, 0x02, 0x86, 0x08, 0x8E, 0x05, 0xCC, 0x38, 0x45, 0x78, 0x0C, 0x25, 0xA1,
    0x2A, 0x49, 0xDC, 0x72, 0x69, 0xD4, 0x67, 0x01, 0xC7, 0x9F, 0x0F, 0x0C, 0x85, 0xA1, 0xDC, 0x8B,
    0xF9, 0x6D, 0x99, 0xB4, 0x61, 0x27, 0x2D, 0x0B, 0x47, 0x47, 0x5F, 0x60, 0x62, 0x0C, 0xA0, 0xF7,
    0xF1, 0x3B, 0xB0, 0xB0, 0x91, 0x25, 0x9C, 0x10, 0xCE, 0xA3, 0xD3, 0x08, 0x98, 0x43, 0xEA, 0x57,
    0x2B, 0x60, 0xBE, 0x09, 0xBA, 0x4E, 0x87, 0xFC, 0xF6, 0x81, 0x13, 0xDA, 0x6D, 0x2B, 0x28, 0x83,
    0xDD, 0x84, 0xA3, 0x63, 0x4E, 0xB5, 0x68, 0xC6, 0xC0, 0xFF, 0x95, 0x7F, 0xF1, 0x18, 0xC0, 0x10,
    0x76, 0x3A, 0x86, 0x50, 0xC3, 0xCA, 0x4D, 0x16, 0x37, 0xBD, 0x0C, 0xA9, 0x69, 0xA3, 0x4F, 0x6C,
    0xF3, 0x60, 0xC7, 0xC5, 0x00, 0x52, 0xE9, 0x3C, 0x4C, 0x56, 0x29, 0x03, 0x55, 0xCB, 0x0C, 0xB5,
    0x32, 0xBE, 0x98, 0x23, 0x1F, 0x9B, 0x5B, 0x30, 0x92, 0xA3, 0x00, 0x2D, 0x41, 0x25, 0x18, 0x24,
    0x25, 0xEE, 0xB1, 0x35, 0x86, 0x80, 0x36, 0x20, 0xC2, 0x3C, 0xB3, 0xF1, 0xFE, 0x7B, 0x8B, 0x46,
    0x2A, 0xC7, 0xB2, 0x47, 0xD8, 0x99, 0xE1, 0x19, 0x4F, 0x31, 0x9C, 0x21, 0x79, 0xA6, 0x2C, 0x17,
    0x95, 0x32, 0x63, 0xFC, 0x97, 0xE4, 0xFD, 0xFF, 0xDC, 0x4A, 0xB2, 0xC8, 0xEB, 0x52, 0x52, 0xB1,
    0xA2, 0x50, 0x94, 0x92, 0x4A, 0x61, 0x28, 0xCB, 0x72, 0x7E, 0x46, 0xA3, 0xE0, 0xFF, 0xF3, 0x61,
    0x0E, 0x14, 0x09, 0xE3, 0xCD, 0x04, 0x25, 0xF5, 0xDE, 0x3D, 0xBC, 0xE2, 0x80, 0xAD, 0x51, 0xA4,
    0x71, 0xE9, 0xA5, 0x8D, 0x0A, 0x9E, 0x09, 0x61, 0x0A, 0x17, 0x95, 0x92, 0x0A, 0x7A, 0x5F, 0x67,
    0x12, 0x4C, 0x49, 0x3D, 0x94, 0x20, 0xA4, 0xFB, 0x12, 0x64, 0x78, 0x5F, 0x81, 0x88, 0x3F, 0xE2,
    0x3E, 0x76, 0xC4, 0x0D, 0x62, 0x50, 0xBB, 0x85, 0xDA, 0x28, 0xD0, 0x36, 0xF9, 0x96, 0xC8, 0x8F,
    0x37, 0xE1, 0x67, 0x8F, 0xA9, 0x24, 0x3A, 0xD6, 0xE8, 0x3E, 0x64, 0x48, 0x80, 0x41, 0x55, 0xB4,
    0xEF, 0x88, 0x7C, 0x0C, 0xFA, 0x32, 0xA6, 0x94, 0x40, 0x4E, 0x49, 0x82, 0x15, 0xE0, 0x8A, 0x03,
    0x9B, 0x76, 0x96, 0x47, 0x9D, 0x29, 0xC7, 0x34, 0x28, 0x57, 0x2D, 0x3D, 0xCE, 0xC9, 0x80, 0x9A,
    0x9E, 0xE0, 0xA4, 0x40, 0x69, 0x42, 0xD1, 0x9A, 0x33, 0x47, 0xF5, 0xF8, 0x30, 0xE8, 0x94, 0x6B,
    0xF4, 0xF5, 0x9E, 0x8F, 0xE6, 0x6F, 0xFF, 0x48, 0x1A, 0x60, 0x89, 0x35, 0xDB, 0x76, 0xCA, 0x18,
    0xD4, 0xA2, 0x29, 0x28, 0x47, 0x63, 0x9D, 0xE3, 0x51, 0x0E, 0x2F, 0x4E, 0x6F, 0xC5, 0xC8, 0xA7,
    0xF6, 0x11, 0x8C, 0x81, 0xDA, 0xFD, 0x1A, 0x88, 0xCF, 0x6F, 0xEC, 0xE6, 0xE4, 0xD7, 0xFC, 0x79,
    0x5C, 0xDB, 0x8F, 0x6B, 0xFB, 0xA3, 0x5B, 0xDB, 0x49, 0x8B, 0x07, 0xE0, 0xF7, 0x8E, 0x7D, 0x76,
    0x43, 0xC9, 0xEA, 0x89, 0x8A, 0xC6, 0x3D, 0xBC, 0x0B, 0xF6, 0x4B, 0xF7, 0x21, 0x60, 0x9F, 0x7D,
    0x01, 0x58, 0x1D, 0xD4, 0x15, 0x8B, 0xE5, 0xDC, 0x36, 0x5F, 0xB2, 0x2C, 0xE8, 0x32, 0xAD, 0xAD,
    0xFA, 0x00, 0x65, 0xC1, 0x0E, 0x15, 0x16, 0x00, 0x3B, 0xC0, 0xC4, 0xB6, 0xE6, 0xAF, 0x97, 0xE3,
    0x71, 0x7A, 0x1B, 0xF4, 0xCC, 0x7F, 0xB4, 0x0F, 0xD8, 0x19, 0x2A, 0x45, 0x16, 0xBE, 0x41, 0x19,
    0x86, 0x17, 0xCF, 0xCE, 0x54, 0xB4, 0x62, 0x08, 0x16, 0xB0, 0x84, 0x73, 0xB3, 0x33, 0x2A, 0x1F,
    0x36, 0x25, 0x88, 0x8D, 0x60, 0xDA, 0xC0, 0xF2, 0x6C, 0x8F, 0xD8, 0xA7, 0x83, 0x35, 0x9C, 0xF4,
    0x6A, 0x92, 0x6B, 0x56, 0xBE, 0xB7, 0xC5, 0x94, 0xD1, 0x4C, 0x15, 0xC6, 0x8D, 0xA4, 0x6A, 0x52,
    0xAA, 0xAC, 0xAC, 0x0E, 0xC4, 0xAF, 0xF2, 0xAE, 0xA6, 0x28, 0xDD, 0x3C, 0x36, 0x2A, 0xAC, 0x57,
    0x18, 0x36, 0x0B, 0xCF, 0x23, 0x1D, 0xEC, 0xE3, 0xF2, 0x37, 0xE1, 0x2D, 0xF5, 0x14, 0xB5, 0xB0,
    0xE3, 0xC3, 0x52, 0x70, 0xDE, 0x9B, 0x10, 0x81, 0xEC, 0x75, 0x80, 0x82, 0xE4, 0x6C, 0x1A, 0x96,
    0x72, 0x69, 0xD8, 0x46, 0x4B, 0x27, 0xF2, 0x22, 0xBC, 0x32, 0x0B, 0x1D, 0x4D, 0xF7, 0x3F, 0xAF,
    0x72, 0x12, 0x8C, 0xD5, 0xE3, 0x1B, 0x02, 0xBE, 0x72, 0xC8, 0x9E, 0xED, 0xB5, 0x8F, 0xC0, 0x07,
    0x08, 0x90, 0x61, 0xF6, 0x7D, 0xD4, 0x21, 0xF0, 0x66, 0x66, 0xCA, 0x5F, 0x2F, 0xA1, 0x0E, 0xC1,
    0x0E, 0xEA, 0x10, 0x38, 0x15, 0x33, 0xD8, 0xF2, 0x6A, 0xA8, 0x43, 0x50, 0x42, 0x1D, 0x82, 0x0C,
    0xEA, 0x10, 0xA4, 0xF3, 0x3E, 0x53, 0xA9, 0x9E, 0xD3, 0xA6, 0xA6, 0x75, 0xBD, 0x0E, 0xC1, 0xB0,
    0xA9, 0xC0, 0xE9, 0xDA, 0x00, 0x7D, 0xA2, 0xA3, 0x30, 0xB8, 0x6C, 0xD3, 0x1B, 0xC2, 0xFF, 0x72,
    0x67, 0x7F, 0xFE, 0x36, 0x72, 0x13, 0x34, 0x0A, 0x7E, 0x7D, 0x7D, 0x02, 0x5D, 0x87, 0x60, 0xDC,
    0xEC, 0xAF, 0xAE, 0x43, 0x10, 0xC6, 0x67, 0x55, 0x87, 0x60, 0x4F, 0x52, 0x6B, 0xE2, 0x0C, 0xD7,
    0xD7, 0xD4, 0x21, 0x60, 0x4F, 0x46, 0x54, 0x87, 0xE0, 0x92, 0xBC, 0xBF, 0x3A, 0x04, 0xDE, 0xDA,
    0x32, 0xBF, 0x60, 0xD0, 0x48, 0x01, 0x05, 0x71, 0x38, 0x60, 0xF1, 0xF9, 0xEE, 0x6A, 0xF1, 0xF9,
    0x97, 0x09, 0x65, 0x71, 0x79, 0x4B, 0xDC, 0xCE, 0x88, 0xE9, 0xCB, 0xA7, 0x85, 0xD1, 0x4A, 0x70,
    0x63, 0x06, 0x47, 0xC2, 0x50, 0xF6, 0x26, 0x69, 0x07, 0x5F, 0xC4, 0xD7, 0xFE, 0xFC, 0xFB, 0xEB,
    0x05, 0xE5, 0xAF, 0xC3, 0x06, 0xE1, 0x03, 0xEC, 0x60, 0x03, 0x6C, 0x45, 0x33, 0x4A, 0xDB, 0x97,
    0x68, 0xC4, 0x7A, 0xC1, 0x13, 0x2F, 0x83, 0x96, 0x43, 0x88, 0x85, 0x1F, 0x92, 0x57, 0x6C, 0x02,
    0xE3, 0xF1, 0xDC, 0xA1, 0x1E, 0xFB, 0x0C, 0xD5, 0xF7, 0x5B, 0x28, 0x44, 0xEF, 0x91, 0x1E, 0x44,
    0xFD, 0x08, 0x96, 0x31, 0x4C, 0x15, 0x9E, 0x60, 0x4D, 0x60, 0x1D, 0x10, 0x83, 0xBB, 0xF2, 0x7E,
    0xD3, 0xE1, 0x85, 0xD2, 0xC6, 0xAA, 0xAD, 0xFF, 0x53, 0xE0, 0xFC, 0xC2, 0xF0, 0x9E, 0x93, 0xCB,
    0x3B, 0x28, 0xF6, 0x6B, 0xA4, 0x02, 0x80, 0xB5, 0x48, 0x56, 0x70, 0x29, 0x40, 0xC1, 0x9A, 0xB0,
    0x0B, 0x26, 0x78, 0x95, 0x84, 0xE2, 0xF3, 0x9D, 0x2D, 0x3E, 0x4F, 0xEE, 0xCE, 0x0A, 0xF8, 0x41,
    0xC5, 0xAA, 0xB4, 0xC0, 0x3F, 0x39, 0x56, 0xD6, 0xBA, 0x45, 0x3F, 0xD6, 0x1F, 0x85, 0x0F, 0x9D,
    0xC7, 0x60, 0xF9, 0x37, 0x6C, 0xFD, 0xB3, 0x1F, 0xFD, 0xEE, 0xEF, 0xEE, 0xDB, 0x79, 0x7D, 0xD5,
    0xE2, 0x0F, 0xF3, 0x5F, 0x03, 0xC7, 0x9D, 0xCC, 0xC6, 0xAA, 0xF7, 0x99, 0x0D, 0x65, 0x78, 0xE8,
    0xEF, 0xD6, 0xFE, 0xBE, 0x34, 0x66, 0x9F, 0xAE, 0x63, 0xE2, 0xDE, 0xEC, 0xC7, 0x4D, 0x53, 0xFA,
    0xF8, 0xFB, 0x0D, 0x7F, 0x27, 0x4A, 0xE7, 0xF5, 0xC6, 0x8C, 0x8E, 0x7E, 0x0F, 0x0F, 0xFE, 0x7D,
    0xE4, 0xEF, 0xC6, 0x95, 0x8A, 0xDE, 0xE4, 0xA7, 0x21, 0x6D, 0xE0, 0xF1, 0xF7, 0xCF, 0xF9, 0xBB,
    0x85, 0xDF, 0x46, 0x7E, 0xFB, 0x2D, 0xE5, 0xD6, 0xA5, 0x14, 0x1B, 0x57, 0x9A, 0xCB, 0x8A, 0xB1,
    0x96, 0x53, 0x70, 0x5C, 0x71, 0x35, 0x5F, 0x42, 0xEB, 0xE2, 0xCC, 0x45, 0x51, 0xE8, 0xE4, 0xB8,
    0x8A, 0xC5, 0xFC, 0x45, 0x88, 0xC3, 0xDA, 0xED, 0xF3, 0x29, 0x13, 0xF3, 0x7B, 0x89, 0x18, 0x14,
    0xC4, 0x65, 0xB6, 0x31, 0xE6, 0x52, 0x13, 0x39, 0xB9, 0x4B, 0x11, 0xCF, 0x44, 0xEC, 0x91, 0x68,
    0x34, 0xF1, 0xA7, 0xBB, 0xBB, 0xEF, 0x82, 0x32, 0xA0, 0x2A, 0x70, 0x57, 0x34, 0x7F, 0x8A, 0x18,
    0xAA, 0x4A, 0x6B, 0x22, 0xED, 0xCF, 0xAA, 0x66, 0x77, 0x38, 0xF0, 0xAA, 0xDA, 0xDD, 0xE1, 0x0C,
    0xAF, 0x6A, 0x78, 0x07, 0xB5, 0x41, 0xD5, 0xF2, 0x0E, 0x21, 0x15, 0x8D, 0x26, 0x76, 0x5B, 0x44,
    0x5A, 0x26, 0xF3, 0x06, 0x51, 0xD5, 0xFA, 0xE6, 0xA5, 0x34, 0xAD, 0x89, 0xE9, 0x16, 0x51, 0xD5,
    0x00, 0x0F, 0x6F, 0x57, 0xB5, 0xC0, 0x43, 0x3B, 0xCB, 0x15, 0x71, 0x1F, 0xD5, 0x06, 0x8F, 0x2D,
    0x63, 0x38, 0x4A, 0xAA, 0x56, 0x78, 0x18, 0x4F, 0xAC, 0x19, 0x1E, 0x46, 0x5E, 0xD5, 0x0E, 0xF7,
    0x1A, 0x9E, 0x75, 0x37, 0x4B, 0x0D, 0x71, 0xE6, 0x06, 0xAC, 0x25, 0xCE, 0x11, 0xA4, 0x58, 0x53,
    0x9C, 0x2D, 0xC0, 0x58, 0x5B, 0x9C, 0x79, 0x09, 0x6B, 0x8C, 0xB3, 0xAE, 0x89, 0xB5, 0xC6, 0x55,
    0xD0, 0xDA, 0x86, 0x11, 0x78, 0x0F, 0x9E, 0x1E, 0xA5, 0x0E, 0x82, 0x15, 0xE7, 0x91, 0xF4, 0x9E,
    0x49, 0x36, 0x0A, 0xFB, 0xF9, 0x8A, 0xA4, 0xA2, 0x36, 0xCD, 0x46, 0xF4, 0xA6, 0x58, 0xC3, 0x57,
    0xA4, 0x11, 0x49, 0x21, 0xF8, 0x18, 0x48, 0x74, 0x36, 0x89, 0x48, 0xCE, 0x65, 0x0F, 0x55, 0xA7,
    0xE9, 0x08, 0xD3, 0xC7, 0xAD, 0x6F, 0x29, 0x60, 0x07, 0x48, 0x21, 0xAA, 0x07, 0x48, 0xD5, 0x9A,
    0x54, 0x52, 0x0C, 0x11, 0x90, 0x0A, 0x9B, 0xB7, 0xF2, 0x5A, 0x52, 0xFE, 0xB6, 0xA4, 0xCD, 0xC7,
    0x9F, 0x1E, 0xD0, 0xAE, 0x8D, 0xD6, 0x6F, 0xF4, 0xB1, 0x5B, 0x8D, 0xC4, 0xC6, 0x78, 0x15, 0x21,
    0x54, 0x89, 0x49, 0x34, 0xF6, 0x7A, 0xB6, 0x39, 0x10, 0x09, 0x48, 0xE3, 0x9A, 0x74, 0x58, 0x91,
    0x2E, 0x9B, 0x9C, 0x23, 0x6B, 0x5B, 0x62, 0xA0, 0x1F, 0x7D, 0x40, 0x8F, 0x3E, 0xA0, 0x47, 0x1F,
    0xD0, 0x23, 0xA6, 0x7C, 0x40, 0xFA, 0x7C, 0xBA, 0xF6, 0x8C, 0x58, 0x95, 0xEF, 0xB2, 0xE9, 0xC1,
    0x91, 0x0B, 0x49, 0x9C, 0xA6, 0xB1, 0x4F, 0x12, 0xE5, 0x28, 0x21, 0x7E, 0x85, 0x60, 0x78, 0x34,
    0x8B, 0xBD, 0x90, 0xF0, 0x2F, 0x09, 0x43, 0x15, 0xF3, 0x5A, 0x0E, 0xDE, 0x9A, 0x0C, 0x23, 0xD1,
    0x7F, 0x66, 0x07, 0x4A, 0x72, 0x8F, 0x72, 0xD4, 0xA3, 0x71, 0x88, 0x2D, 0x67, 0x8F, 0x57, 0x5A,
    0x3D, 0x5E, 0x69, 0xF5, 0x0B, 0x5C, 0x69, 0x85, 0x1E, 0xD5, 0x97, 0x78, 0x46, 0x3D, 0x00, 0xFC,
    0x0A, 0x6D, 0xBD, 0x83, 0xF8, 0x1E, 0x24, 0x00, 0xA4, 0x84, 0x80, 0x4A, 0x95, 0xA8, 0x22, 0x35,
    0x07, 0xC9, 0xAC, 0xFA, 0x12, 0x6C, 0xCB, 0x06, 0x7D, 0xA8, 0xFC, 0x8E, 0xA7, 0xE8, 0xCB, 0x7D,
    0x86, 0x52, 0xE3, 0xDF, 0xFD, 0x22, 0xEB, 0x91, 0x8D, 0x58, 0x8F, 0xD7, 0x1B, 0x3E, 0x5E, 0x6F,
    0xF8, 0xEB, 0x5D, 0x31, 0x1A, 0xCC, 0x2A, 0x65, 0x88, 0xF0, 0x03, 0xC4, 0xAF, 0xDD, 0x5A, 0xD2,
    0x23, 0x99, 0x6F, 0x33, 0x5F, 0xF0, 0x77, 0x0E, 0x7C, 0x6B, 0x35, 0xBC, 0x49, 0x5C, 0x49, 0x6C,
    0x07, 0x28, 0x51, 0xBB, 0x4D, 0x31, 0x87, 0xC7, 0x39, 0x8A, 0x44, 0x8F, 0xFF, 0xFC, 0xEE, 0x79,
    0xF2, 0x61, 0xFC, 0x3C, 0xD6, 0x87, 0x0E, 0xCE, 0xF2, 0xC7, 0xFA, 0xD0, 0x8F, 0xF5, 0xA1, 0x7F,
    0xED, 0xFA, 0xD0, 0x70, 0x39, 0xCC, 0xE3, 0x7D, 0x39, 0x9F, 0x18, 0x08, 0x17, 0x42, 0xBD, 0xD5,
    0x95, 0x52, 0x70, 0x29, 0x55, 0xC4, 0xE2, 0xC5, 0xAF, 0x05, 0xE6, 0x18, 0xC9, 0xCD, 0xAB, 0xEA,
    0x2E, 0xCA, 0x5F, 0x55, 0xB1, 0x0E, 0x1F, 0x20, 0xA5, 0x5D, 0xD5, 0xE0, 0x01, 0x6B, 0xED, 0xF4,
    0xF3, 0x52, 0xBA, 0xAD, 0x7A, 0x3F, 0x1F, 0xF8, 0xF8, 0x7C, 0x98, 0x14, 0x17, 0x22, 0xF6, 0x37,
    0x48, 0xD1, 0x15, 0x54, 0x84, 0x62, 0x2E, 0x2B, 0x4A, 0xE0, 0xDB, 0xC2, 0xC4, 0x7F, 0x54, 0x28,
    0xE3, 0x7D, 0x4C, 0x09, 0x95, 0x1E, 0x8D, 0x8B, 0x4F, 0x93, 0x79, 0x0D, 0x2D, 0x94, 0xF3, 0x59,
    0x21, 0xCA, 0x91, 0x09, 0xEA, 0xA7, 0x11, 0x86, 0x3B, 0x6A, 0x4A, 0x49, 0x8F, 0x2E, 0x70, 0x13,
    0x3A, 0x45, 0x7D, 0xA7, 0x97, 0x01, 0xA5, 0x5D, 0x51, 0x1A, 0x2F, 0x1C, 0x80, 0x52, 0xAF, 0x28,
    0x25, 0x9B, 0xBE, 0xDF, 0x84, 0x52, 0x04, 0xED, 0xEA, 0xDD, 0x29, 0x6F, 0xF1, 0xF6, 0x6A, 0x45,
    0x59, 0xF7, 0xAB, 0xF1, 0x73, 0x58, 0xA0, 0x1F, 0x27, 0x1A, 0x9F, 0x94, 0x96, 0x9D, 0x50, 0xF2,
    0xD5, 0xC8, 0xD7, 0xF1, 0xEC, 0xA4, 0xC1, 0xB7, 0xCB, 0x94, 0x5B, 0x98, 0x65, 0x27, 0xD5, 0xBF,
    0x43, 0x4E, 0x58, 0x73, 0x8B, 0xC1, 0x32, 0x09, 0xAF, 0xE1, 0xBA, 0xE1, 0xF5, 0xDC, 0xBB, 0x47,
    0xDD, 0x04, 0xCB, 0x40, 0x69, 0xCB, 0x04, 0xDA, 0x0E, 0x3F, 0x15, 0xA4, 0xC5, 0x31, 0xEA, 0x70,
    0x21, 0x3F, 0x10, 0x51, 0x0F, 0xF8, 0x6C, 0xD9, 0xAE, 0xE7, 0x65, 0x7A, 0xBF, 0xF8, 0x88, 0x86,
    0xCA, 0xFD, 0xFC, 0x49, 0x79, 0xA4, 0x06, 0xE5, 0xC4, 0xDA, 0x23, 0x32, 0x20, 0x42, 0x65, 0x7C,
    0xA8, 0x2A, 0xCD, 0x9E, 0x1F, 0xDD, 0x52, 0xB9, 0x9F, 0x59, 0x4E, 0x02, 0x3B, 0x8E, 0x5F, 0x3D,
    0x09, 0x52, 0xF9, 0x8A, 0x41, 0xE1, 0x78, 0x05, 0x48, 0x8E, 0x07, 0xF0, 0xCC, 0x97, 0x5F, 0x9A,
    0xC5, 0x0F, 0xB2, 0x89, 0xA4, 0x0F, 0x43, 0xAE, 0x3F, 0x40, 0xBD, 0x47, 0xB5, 0x40, 0xB5, 0xAD,
    0x46, 0x04, 0xFB, 0xB3, 0xC3, 0x9E, 0x86, 0x31, 0x30, 0xAA, 0xD6, 0x94, 0x1A, 0x37, 0x11, 0x0A,
    0x9B, 0x63, 0xFD, 0x72, 0x35, 0x3F, 0x5B, 0x3F, 0x91, 0x3B, 0x39, 0x56, 0x33, 0x8C, 0x18, 0x67,
    0xD6, 0xB4, 0x46, 0x91, 0x26, 0x30, 0x69, 0xA8, 0xDB, 0x17, 0xAC, 0x5C, 0xF1, 0x01, 0xD8, 0x6E,
    0xA6, 0x87, 0x30, 0x72, 0x07, 0x1D, 0xA9, 0xA6, 0x8F, 0x76, 0x9D, 0xB8, 0x15, 0xA4, 0x62, 0xFE,
    0xCC, 0x22, 0x55, 0x8E, 0xAA, 0x13, 0xCB, 0x78, 0x11, 0x6C, 0x27, 0x11, 0x68, 0xFC, 0xE9, 0x20,
    0x1C, 0x7B, 0x88, 0x5E, 0x0B, 0x2F, 0x86, 0x2A, 0x4B, 0x6C, 0xCF, 0x00, 0x7E, 0xAF, 0x55, 0x51,
    0x3B, 0xFD, 0x62, 0xD0, 0x63, 0xD9, 0x94, 0x51, 0x82, 0x42, 0x9B, 0xF2, 0xF5, 0x18, 0xFD, 0xEA,
    0x30, 0xAB, 0x0E, 0xAB, 0xF4, 0x62, 0x3C, 0xA6, 0x92, 0x3D, 0x45, 0x17, 0xED, 0xF3, 0x96, 0x94,
    0x22, 0x8E, 0xF3, 0x72, 0xAF, 0x45, 0xAB, 0xB2, 0x7F, 0x71, 0xA3, 0x5C, 0x9B, 0xDE, 0x88, 0xD2,
    0x99, 0xC8, 0xB6, 0x33, 0x4A, 0xBC, 0x35, 0xBC, 0x38, 0xAE, 0xB9, 0x58, 0xB8, 0x7A, 0xD1, 0xBA,
    0x56, 0x40, 0xE6, 0xEA, 0xE9, 0x6B, 0x63, 0x76, 0xEA, 0xCA, 0xEA, 0x1F, 0x62, 0x86, 0x3B, 0x76,
    0x66, 0x65, 0x54, 0xFA, 0x3F, 0xBA, 0x1C, 0x61, 0xF2, 0x07, 0x27, 0x12, 0xE6, 0xBB, 0xBF, 0x03,
    0xC7, 0x14, 0x73, 0xD5, 0xAB, 0x48, 0xFA, 0x44, 0x55, 0x51, 0x56, 0x4A, 0xB2, 0x66, 0xF2, 0xFD,
    0xEA, 0xAB, 0x78, 0x47, 0xCF, 0xB7, 0x37, 0xB7, 0xF6, 0xC6, 0xBC, 0xCE, 0x70, 0x28, 0xBE, 0x9D,
    0x42, 0x5A, 0xC0, 0x34, 0x0E, 0x35, 0x0D, 0xB2, 0xF7, 0x74, 0x84, 0xAB, 0x51, 0x26, 0xA6, 0x55,
    0x1C, 0x31, 0x30, 0x32, 0x2D, 0xC7, 0x3B, 0x88, 0x89, 0x46, 0x99, 0xC0, 0x69, 0x30, 0x2D, 0x4D,
    0x82, 0xEC, 0x42, 0x9A, 0xD1, 0x24, 0x5F, 0xA2, 0x4A, 0x50, 0x65, 0xA8, 0x14, 0x35, 0x0A, 0x87,
    0x13, 0xAD, 0xA1, 0x12, 0x42, 0xB3, 0xA2, 0x9D, 0x84, 0x49, 0xCB, 0x50, 0x6F, 0xF0, 0x2C, 0x08,
    0x17, 0x95, 0x98, 0xF8, 0xB7, 0xFE, 0xA8, 0x0E, 0xF1, 0x65, 0x93, 0xB0, 0x3B, 0x95, 0x9F, 0x28,
    0x83, 0x42, 0x34, 0x0B, 0xDF, 0x96, 0x5C, 0xE2, 0x50, 0x56, 0x2F, 0xD1, 0x32, 0x2A, 0x7E, 0x34,
    0x68, 0xDA, 0x1E, 0x2A, 0x5E, 0x4D, 0xB2, 0x46, 0x39, 0x02, 0x4E, 0x2A, 0x28, 0xA6, 0x9A, 0xE6,
    0xBE, 0x96, 0x71, 0xF6, 0xB5, 0x54, 0x70, 0xC9, 0xF8, 0xC6, 0xDA, 0x89, 0x67, 0x22, 0xE7, 0x35,
    0x39, 0x31, 0xB7, 0x17, 0x28, 0xA0, 0xA9, 0x5B, 0x25, 0xE7, 0x35, 0x4C, 0xBC, 0xE6, 0x4B, 0x96,
    0x6E, 0x13, 0xEF, 0x3C, 0x55, 0x44, 0xB3, 0xFF, 0xD7, 0x52, 0xB0, 0x9D, 0x65, 0x03, 0x0D, 0x15,
    0xD3, 0xEC, 0x3B, 0xD5, 0x5D, 0xE2, 0x34, 0x58, 0x6D, 0x44, 0xF3, 0x15, 0x6D, 0x86, 0x98, 0xB6,
    0xEF, 0xD8, 0x16, 0x7A, 0x16, 0xAB, 0x53, 0x1E, 0x09, 0xE7, 0xE2, 0x9E, 0x8B, 0x72, 0xE6, 0x04,
    0x2A, 0x4B, 0x89, 0x87, 0xEF, 0x27, 0x2F, 0xA0, 0xBF, 0xF3, 0xCD, 0xA8, 0xC5, 0x46, 0xAD, 0x46,
    0x3C, 0x98, 0x19, 0xB9, 0x14, 0x4F, 0x3B, 0x6B, 0xDB, 0x57, 0x90, 0x15, 0xEC, 0x7E, 0x1B, 0xC3,
    0xF7, 0x48, 0x2F, 0xEE, 0x13, 0x6C, 0x3E, 0x5B, 0x2D, 0x29, 0x99, 0x88, 0x6D, 0x95, 0xF4, 0x40,
    0x11, 0x3D, 0x14, 0xFE, 0x37, 0x8A, 0x3C, 0x18, 0xE1, 0x71, 0x5C, 0x88, 0x65, 0x2F, 0x12, 0xC9,
    0x3A, 0xFE, 0x2E, 0x28, 0x8D, 0xF0, 0x71, 0xEE, 0x81, 0x19, 0x4A, 0xB1, 0xDA, 0x56, 0x9A, 0xE9,
    0xD1, 0xE8, 0x77, 0xAE, 0x74, 0x7A, 0xE3, 0xA5, 0x81, 0xC7, 0xFD, 0xD1, 0x48, 0x19, 0xBE, 0x24,
    0x24, 0x73, 0xF0, 0x9E, 0x97, 0x45, 0x02, 0xA7, 0x8A, 0x34, 0xF2, 0xD8, 0x48, 0x60, 0x73, 0xC1,
    0x6D, 0x85, 0xE0, 0x3F, 0xF0, 0xF6, 0x7E, 0xF4, 0xDA, 0x45, 0x49, 0x19, 0x13, 0x33, 0x6B, 0x1B,
    0xDE, 0x3F, 0x34, 0x85, 0x98, 0x0E, 0xBA, 0x1B, 0xE9, 0xA4, 0x62, 0x3C, 0x2A, 0xAF, 0x4A, 0x98,
    0xE0, 0x54, 0xAD, 0xA9, 0x3C, 0x65, 0xC2, 0x45, 0x67, 0x8E, 0x01, 0x2F, 0x3D, 0xDE, 0x0B, 0x1E,
    0x0A, 0x0E, 0xEC, 0x88, 0x95, 0xCE, 0x14, 0x51, 0xB9, 0xA3, 0x3B, 0x76, 0x26, 0x32, 0xA8, 0xEE,
    0xA8, 0x69, 0x13, 0xB9, 0x8F, 0x03, 0x7E, 0x21, 0x25, 0x66, 0xC7, 0xD4, 0x2C, 0x74, 0x8A, 0x8C,
    0xB1, 0x7C, 0x41, 0x0F, 0x39, 0x5C, 0x73, 0xC4, 0x3B, 0x73, 0x28, 0x42, 0x0A, 0x11, 0xCD, 0x93,
    0xCF, 0x22, 0x23, 0x9C, 0xAB, 0x16, 0x30, 0x7E, 0xAC, 0x83, 0x62, 0x49, 0x5E, 0x73, 0xEF, 0xA5,
    0x20, 0xDC, 0x55, 0x2C, 0xE8, 0x05, 0x2F, 0xC3, 0xAD, 0xCB, 0x1C, 0xB3, 0x45, 0x71, 0x63, 0xBB,
    0x50, 0xA4, 0x6F, 0xE2, 0x30, 0x26, 0xB5, 0x9D, 0x2D, 0x9B, 0xC2, 0x7C, 0x88, 0xEC, 0x3C, 0x62,
    0x98, 0x2D, 0x54, 0x8D, 0x5C, 0xD9, 0x74, 0xF6, 0xFA, 0x70, 0x25, 0x75, 0xFA, 0xAE, 0xD9, 0x76,
    0x42, 0x2C, 0x8F, 0xDD, 0xE7, 0x9E, 0x41, 0x9E, 0xE9, 0x4C, 0x6C, 0x76, 0x22, 0xDD, 0x6B, 0xA0,
    0xBF, 0xBB, 0xA8, 0xF8, 0x8C, 0x36, 0x44, 0x9D, 0x49, 0x00, 0x6A, 0xCF, 0xD9, 0x7F, 0xBE, 0x1D,
    0x83, 0x6B, 0x6C, 0x8F, 0xC6, 0xF5, 0x12, 0x0F, 0xB9, 0x67, 0x3E, 0xFB, 0xF2, 0x31, 0xB8, 0x95,
    0xFD, 0x99, 0xCA, 0x5F, 0x8D, 0xEA, 0x70, 0x6D, 0xD0, 0x88, 0x67, 0x0E, 0x3B, 0xD0, 0xE4, 0xEC,
    0x2E, 0x97, 0x81, 0x9D, 0xDE, 0x7E, 0x86, 0x19, 0x58, 0x89, 0xBB, 0x88, 0x42, 0x65, 0x2C, 0x8D,
    0x25, 0x5A, 0x68, 0x3A, 0x73, 0x52, 0x78, 0x6B, 0xD7, 0xE5, 0x8C, 0xDA, 0xC3, 0xB9, 0x42, 0xAD,
    0xA5, 0xB1, 0xB7, 0x65, 0x4C, 0x0A, 0x6F, 0x10, 0xAF, 0x6D, 0x8A, 0xCC, 0x3D, 0xF8, 0xF2, 0xF0,
    0x18, 0x6F, 0x51, 0x6E, 0x38, 0xFC, 0xC2, 0x35, 0x2B, 0x6E, 0xBE, 0x46, 0x5B, 0x6A, 0x6C, 0x5B,
    0x7D, 0x5F, 0xF8, 0xAB, 0xE8, 0xFD, 0x67, 0x94, 0x5B, 0xAB, 0xF6, 0xBE, 0xA6, 0x7F, 0x97, 0xD7,
    0x8C, 0xCF, 0x54, 0x47, 0xE3, 0x5B, 0xAD, 0x70, 0x3D, 0x1F, 0xD1, 0x7C, 0x9D, 0xA2, 0xF9, 0x1C,
    0xE3, 0xF9, 0x46, 0x7E, 0xB0, 0x17, 0x7F, 0xC5, 0xFC, 0x12, 0xF3, 0x53, 0xC4, 0x6F, 0x7B, 0xBE,
    0x1F, 0x2C, 0xF0, 0x63, 0x83, 0xFC, 0x3A, 0x4B, 0x81, 0x8E, 0xA0, 0xA9, 0x95, 0xD2, 0x00, 0x43,
    0x57, 0x52, 0x1D, 0xF9, 0x75, 0x23, 0x5E, 0xB4, 0xE5, 0x3F, 0x49, 0xD9, 0x6E, 0x52, 0xF3, 0xB9,
    0xFE, 0x80, 0x41, 0x13, 0xB5, 0x58, 0x82, 0x82, 0x8D, 0xC8, 0xFA, 0x6F, 0xD3, 0x60, 0xB6, 0x71,
    0xFA, 0xE6, 0xBF, 0xDC, 0x89, 0xD1, 0xA6, 0x55, 0xD6, 0x77, 0x38, 0x38, 0x9D, 0x22, 0xDD, 0xF6,
    0xA0, 0xF5, 0xDF, 0x4B, 0xA4, 0xFC, 0xBE, 0xD0, 0x26, 0x4B, 0x2C, 0x0F, 0xF7, 0xF4, 0xBB, 0x9F,
    0xBE, 0x01, 0xF1, 0x75, 0x6B, 0x5E, 0xED, 0x31, 0x08, 0xE4, 0x9E, 0xE2, 0x36, 0x17, 0xD5, 0x84,
    0x03, 0xB6, 0x8F, 0x32, 0x36, 0x7D, 0x8E, 0x31, 0x69, 0xA7, 0x17, 0x96, 0x3B, 0x24, 0x67, 0x8A,
    0x70, 0x61, 0xDF, 0x9E, 0x26, 0x34, 0x81, 0x7C, 0xD6, 0x53, 0xA2, 0xF5, 0x9F, 0x8E, 0xD5, 0xEF,
    0x39, 0x81, 0x54, 0x63, 0xA3, 0x8A, 0xDB, 0x1C, 0xE4, 0xD2, 0xF3, 0xCE, 0x5E, 0x4B, 0x2F, 0xC5,
    0x6D, 0x8E, 0x92, 0x7E, 0xBB, 0x6C, 0x75, 0x92, 0x6F, 0xBC, 0x6C, 0xE7, 0x92, 0xC8, 0x51, 0x99,
    0x93, 0x64, 0xEF, 0x2E, 0x7F, 0x23, 0x69, 0xBD, 0xA5, 0xBD, 0x18, 0x70, 0x10, 0x9F, 0x28, 0x1E,
    0x6A, 0xA7, 0xF6, 0xDD, 0x91, 0xEF, 0x69, 0x95, 0x7E, 0x65, 0x91, 0x23, 0xBE, 0x47, 0x21, 0xC3,
    0x16, 0xE2, 0xDA, 0x26, 0xAD, 0x3E, 0xD7, 0xD8, 0x9F, 0x0A, 0x7B, 0x2A, 0x2E, 0xF6, 0x46, 0x4A,
    0xF2, 0xB9, 0xAD, 0x31, 0xC7, 0x71, 0x53, 0x23, 0xCA, 0x63, 0xBD, 0xF3, 0x12, 0x5C, 0x66, 0x41,
    0xEB, 0xA2, 0x6A, 0xE6, 0x4A, 0x3C, 0xC7, 0xE4, 0x38, 0xDB, 0x69, 0x48, 0x36, 0x0F, 0x91, 0x64,
    0xAF, 0x6E, 0x02, 0x87, 0x54, 0xC8, 0x3B, 0x99, 0xE2, 0xEB, 0x76, 0x6D, 0xB6, 0x3C, 0x6E, 0xF0,
    0xA8, 0xCA, 0x8D, 0x7F, 0x40, 0xF8, 0x90, 0x3A, 0x9C, 0xDE, 0xDA, 0x3B, 0xDC, 0xC0, 0x9B, 0xEB,
    0x8C, 0xB4, 0x4A, 0xC4, 0x59, 0x86, 0x1E, 0xD5, 0xA6, 0x61, 0x17, 0xEE, 0xA0, 0xC4, 0x9A, 0x5D,
    0x26, 0x83, 0x12, 0x64, 0x95, 0xBF, 0x43, 0xC9, 0xA8, 0xC7, 0xD8, 0x11, 0x57, 0x9B, 0x9B, 0xF9,
    0xE9, 0x90, 0xE9, 0xBA, 0x15, 0x17, 0x1F, 0xC0, 0x04, 0x02, 0xED, 0x98, 0x40, 0x75, 0x21, 0x36,
    0x0C, 0x1B, 0xDC, 0x64, 0x2F, 0x72, 0xE8, 0xA3, 0x49, 0x27, 0x3D, 0xE0, 0x1C, 0xD9, 0x0D, 0x1A,
    0xBC, 0xC9, 0x80, 0x42, 0xE9, 0x2E, 0xD2, 0x1C, 0x5A, 0xCC, 0x73, 0xE4, 0x1A, 0x97, 0x8E, 0x49,
    0x84, 0x7D, 0xA4, 0x9A, 0x43, 0xDE, 0x74, 0x26, 0xE5, 0xAF, 0x38, 0x90, 0x8D, 0x4F, 0x23, 0x47,
    0x5E, 0x65, 0xBC, 0xBF, 0x4B, 0x2C, 0x42, 0xA2, 0xBA, 0x51, 0x4B, 0x3C, 0xCE, 0x29, 0x8A, 0x2F,
    0x69, 0xA2, 0x83, 0x84, 0xF0, 0xA1, 0xF8, 0xF9, 0xB9, 0x63, 0x60, 0xE7, 0x01, 0x93, 0x9D, 0x72,
    0x9C, 0x88, 0xD9, 0x52, 0x2A, 0x2A, 0x4F, 0xB8, 0xA5, 0x28, 0xCD, 0x6F, 0x67, 0x20, 0xC2, 0x50,
    0x99, 0x6A, 0x4A, 0xBC, 0xC1, 0x71, 0x54, 0xDD, 0xE2, 0x8E, 0xD5, 0x78, 0xB1, 0xE3, 0x29, 0x32,
    0xFA, 0x34, 0xE1, 0xC0, 0xD5, 0x0B, 0x1F, 0x4D, 0x91, 0xED, 0x89, 0xBA, 0xA1, 0xE3, 0x26, 0x12,
    0x5D, 0x7D, 0x25, 0x27, 0xED, 0xFA, 0x82, 0x36, 0x98, 0x83, 0x36, 0x12, 0xF9, 0x6E, 0xE4, 0xFA,
    0x6A, 0xC8, 0x1E, 0x4D, 0x64, 0x61, 0x7E, 0x54, 0x84, 0x43, 0xE7, 0x2B, 0x87, 0x0E, 0x6A, 0x0F,
    0x57, 0xDD, 0xA2, 0xF9, 0x51, 0xB6, 0xAC, 0xDA, 0x07, 0xA1, 0x1D, 0x94, 0x66, 0xA1, 0xBA, 0x45,
    0x1D, 0x53, 0xEE, 0x37, 0x3B, 0x3F, 0xA9, 0x0A, 0x4B, 0xB6, 0xF3, 0xB3, 0x53, 0x66, 0xA8, 0xCC,
    0xC9, 0xFF, 0x49, 0x39, 0x23, 0x4C, 0x9F, 0x6B, 0xB3, 0xD4, 0x32, 0x3F, 0xAA, 0x5B, 0xAE, 0x63,
    0xA5, 0x96, 0x04, 0x9D, 0xDD, 0x13, 0x06, 0x6D, 0x7A, 0x3A, 0xD5, 0xDA, 0x6C, 0xD5, 0x58, 0xA1,
    0xDB, 0x6B, 0x1B, 0xD8, 0xA4, 0x13, 0x03, 0xFC, 0x66, 0x98, 0xDC, 0x4F, 0xC9, 0x8D, 0x89, 0xA2,
    0xAD, 0x33, 0xAC, 0x74, 0xC3, 0x3B, 0xEC, 0x14, 0xDB, 0xCC, 0xE2, 0xDC, 0xED, 0x28, 0x6B, 0xD3,
    0xCB, 0xD8, 0x31, 0x96, 0x78, 0x71, 0x20, 0x69, 0x63, 0xE2, 0x0B, 0xC2, 0xEB, 0x15, 0xA5, 0x5C,
    0x39, 0x42, 0xB7, 0x7E, 0x9E, 0x3C, 0x87, 0x82, 0x18, 0xB9, 0x55, 0x0E, 0x47, 0x70, 0x18, 0xCA,
    0x9E, 0xB4, 0x74, 0x66, 0x92, 0xB8, 0xAF, 0xE5, 0xD9, 0x13, 0xEE, 0x4A, 0xE6, 0x9C, 0x43, 0x79,
    0x3A, 0x73, 0xCE, 0xC0, 0x1D, 0xF6, 0xEA, 0x39, 0xD6, 0x66, 0x3E, 0x48, 0xED, 0x66, 0xFF, 0x15,
    0xA3, 0x2C, 0x1E, 0xAD, 0x4A, 0xE1, 0x93, 0x4A, 0xD0, 0x3D, 0x58, 0x2D, 0x1A, 0xB2, 0x9E, 0x9D,
    0x25, 0x1C, 0x0C, 0xEC, 0x43, 0xF2, 0xE4, 0x60, 0x65, 0xCD, 0x42, 0x42, 0x4F, 0x30, 0x3F, 0xED,
    0x13, 0x49, 0x35, 0x0C, 0x77, 0xCA, 0x9E, 0x20, 0xE2, 0x28, 0xE7, 0x48, 0xB3, 0x23, 0x98, 0x79,
    0x1B, 0x32, 0xF8, 0x1D, 0x41, 0x42, 0x57, 0xAA, 0xF1, 0xC1, 0x1C, 0x5A, 0xD2, 0x05, 0xB4, 0x89,
    0xEC, 0xB9, 0x1C, 0xF4, 0xEA, 0x1B, 0x03, 0xA5, 0xA9, 0xF7, 0x49, 0x82, 0xA5, 0x90, 0x21, 0x68,
    0xC9, 0x97, 0x19, 0x3F, 0xF1, 0x6C, 0x0C, 0x60, 0x20, 0x69, 0x9C, 0xCD, 0x6B, 0x80, 0xED, 0xA2,
    0x84, 0xE8, 0xFB, 0xB3, 0x04, 0x8F, 0x39, 0x63, 0x42, 0xC5, 0x0C, 0x9E, 0x3B, 0xFB, 0xD4, 0x1E,
    0xEC, 0xBA, 0x1C, 0x4C, 0xE6, 0x1A, 0xD3, 0xCE, 0x18, 0x7D, 0x05, 0xEC, 0xDB, 0x29, 0xAC, 0x35,
    0xFF, 0x04, 0x8C, 0xDC, 0x98, 0xFF, 0xAB, 0x8A, 0xBF, 0x18, 0x55, 0x3E, 0x05, 0x99, 0xB7, 0xC0,
    0x22, 0x4F, 0x3E, 0x2A, 0x57, 0x2D, 0xA0, 0xBD, 0x5A, 0x2A, 0x6A, 0x99, 0xCC, 0x6A, 0x89, 0x5C,
    0xD4, 0xF2, 0xD0, 0x9B, 0xFD, 0x39, 0xD9, 0x8E, 0xED, 0x7A, 0x72, 0x23, 0xBF, 0x89, 0xC9, 0x0E,
    0x89, 0xB2, 0x2A, 0x95, 0x54, 0x2D, 0x1A, 0x08, 0x3D, 0xCC, 0x24, 0x1B, 0xE4, 0xD5, 0x05, 0xBC,
    0x73, 0x54, 0x7C, 0x7F, 0xE1, 0xF8, 0x2F, 0x55, 0xBD, 0xAA, 0x56, 0x29, 0x3E, 0xAC, 0x6D, 0xEF,
    0xB5, 0x5C, 0xD0, 0xD2, 0xED, 0x99, 0x8A, 0x0A, 0x8B, 0xDA, 0xFD, 0xDB, 0xF9, 0xE9, 0xA0, 0xDB,
    0x9D, 0x0F, 0xEF, 0x1C, 0xA0, 0xD3, 0x47, 0x45, 0xC8, 0x62, 0x42, 0x11, 0x13, 0xCA, 0x98, 0xD0,
    0xC4, 0x84, 0x2E, 0x26, 0x98, 0x88, 0x90, 0xC5, 0x84, 0x22, 0x26, 0x94, 0x31, 0xA1, 0x89, 0x09,
    0x5D, 0x4C, 0x30, 0x11, 0x21, 0x8B, 0x09, 0xCB, 0xB2, 0xD3, 0x84, 0x65, 0x8D, 0x6A, 0xC2, 0xB2,
    0xA0, 0x35, 0x61, 0x11, 0x3E, 0x9A, 0x60, 0x6C, 0x72, 0x19, 0x10, 0xEC, 0xE2, 0x55, 0x04, 0x2B,
    0xF5, 0x14, 0xA1, 0x74, 0x15, 0x88, 0x80, 0xD0, 0xB8, 0x12, 0xDA, 0x40, 0xB0, 0x12, 0x4E, 0x11,
    0xFC, 0xF1, 0x5B, 0x08, 0x72, 0x7A, 0x20, 0x42, 0xEE, 0xF7, 0xF8, 0xA3, 0xB6, 0xF4, 0x23, 0xA1,
    0xF6, 0xE5, 0xC8, 0x85, 0xD0, 0xFA, 0x4B, 0x9B, 0x85, 0xE0, 0x56, 0x3D, 0x10, 0x82, 0xA9, 0x93,
    0x09, 0x39, 0xD5, 0x8E, 0x65, 0x42, 0x29, 0x37, 0x67, 0x74, 0x14, 0x90, 0x7B, 0xD2, 0x04, 0x1F,
    0xA7, 0x0B, 0x84, 0x50, 0xBF, 0x21, 0x10, 0x48, 0xEE, 0x0B, 0x21, 0x0F, 0x6A, 0x58, 0x20, 0xB0,
    0x3F, 0x26, 0x10, 0xEA, 0x70, 0xB9, 0x78, 0x20, 0xB4, 0xA1, 0xFD, 0x81, 0x60, 0x42, 0xCA, 0x0B,
    0x11, 0x76, 0x7C, 0x80, 0x22, 0x42, 0x8E, 0x25, 0x60, 0x3B, 0x77, 0x89, 0xC4, 0xA4, 0x09, 0x35,
    0x6F, 0x3D, 0x44, 0x68, 0x38, 0xA5, 0x9D, 0x08, 0x86, 0x73, 0x57, 0x3C, 0x61, 0x27, 0x17, 0x60,
    0x7B, 0x02, 0xEF, 0xB6, 0x81, 0x50, 0x8A, 0xDD, 0xD1, 0x13, 0x6A, 0x51, 0xD7, 0x3D, 0x41, 0xFC,
    0x9F, 0x44, 0x30, 0xCA, 0x4D, 0xDB, 0x99, 0x7F, 0xE6, 0xE3, 0x00, 0x11, 0xFE, 0x0D, 0x4E, 0x97,
    0x74, 0xA3, 0xCA, 0x14, 0x13, 0xCE, 0x31, 0x61, 0x8C, 0x09, 0xC7, 0x98, 0x70, 0x88, 0x09, 0x49,
    0x44, 0xB8, 0xC4, 0x84, 0x73, 0x4C, 0x00, 0x95, 0xFD, 0xA7, 0xBB, 0x17, 0x1D, 0x88, 0xDA, 0x50,
    0x2C, 0xEF, 0x10, 0x13, 0x50, 0xFD, 0xB2, 0x99, 0xBF, 0x17, 0x45, 0xE8, 0x3B, 0xD8, 0x43, 0xDC,
    0x69, 0x16, 0x8E, 0x66, 0x8E, 0xA0, 0x4A, 0xD9, 0x76, 0xB1, 0x72, 0x98, 0xEC, 0x22, 0x3F, 0xAB,
    0x14, 0xB7, 0x12, 0x59, 0x17, 0xE9, 0x81, 0x79, 0xAC, 0xF4, 0x95, 0x6B, 0xC2, 0x31, 0x56, 0xF9,
    0xFA, 0x58, 0x2B, 0x3C, 0xC4, 0x8A, 0x63, 0x24, 0x8F, 0x57, 0x19, 0x82, 0x71, 0xBB, 0x56, 0x0D,
    0x4D, 0xD7, 0x65, 0xE3, 0xD7, 0x3F, 0x5E, 0x2F, 0xC9, 0x58, 0x30, 0x21, 0xE6, 0x43, 0xDF, 0x0B,
    0x96, 0x62, 0x17, 0x50, 0x9B, 0xFC, 0x61, 0xAF, 0x13, 0x9F, 0xBD, 0xAB, 0x71, 0xA6, 0x76, 0xC9,
    0x49, 0x19, 0xC4, 0x06, 0xB5, 0xA7, 0xF2, 0x06, 0xF9, 0x54, 0xDB, 0xC6, 0x9E, 0xDC, 0x7D, 0xF3,
    0x01, 0xEE, 0x85, 0x98, 0xF6, 0x04, 0x07, 0x27, 0xBA, 0x3A, 0x62, 0x0F, 0x47, 0x3A, 0x4C, 0x7E,
    0x12, 0xAC, 0x54, 0x58, 0xAD, 0xB0, 0x56, 0x61, 0x06, 0xB1, 0x9D, 0xC2, 0x72, 0x85, 0x95, 0x0A,
    0x6B, 0x14, 0xE6, 0xD2, 0xA1, 0xE4, 0xDE, 0xCB, 0x0B, 0x60, 0x3E, 0x25, 0x2A, 0x60, 0x05, 0xDD,
    0x31, 0x80, 0x69, 0x51, 0x01, 0x6B, 0x28, 0xCB, 0x12, 0x53, 0xA3, 0x08, 0x4B, 0x43, 0xA6, 0x25,
    0xA6, 0x47, 0x11, 0x46, 0x09, 0x52, 0x84, 0x55, 0x21, 0x37, 0x0F, 0x93, 0xA4, 0x08, 0xE3, 0x9C,
    0x3F, 0x4C, 0x94, 0xF2, 0x58, 0xC6, 0x79, 0x85, 0x98, 0x2C, 0xE5, 0xB1, 0x9A, 0xF3, 0x12, 0x31,
    0x61, 0xCA, 0x63, 0x21, 0x65, 0xCA, 0x61, 0x3B, 0xC9, 0xB4, 0xC4, 0xB4, 0x29, 0x87, 0x95, 0x92,
    0x6D, 0x89, 0xA9, 0x53, 0x54, 0x59, 0x2D, 0x01, 0x8C, 0xD3, 0xA7, 0x2C, 0x26, 0x09, 0x54, 0x16,
    0x93, 0x14, 0x2A, 0x8B, 0x7D, 0x0D, 0x69, 0x93, 0x98, 0x46, 0x05, 0x42, 0x26, 0x60, 0x93, 0xC2,
    0x4E, 0x0A, 0x1B, 0x14, 0xD6, 0x2B, 0x2C, 0x30, 0xCC, 0x5F, 0xBE, 0x48, 0x20, 0xA9, 0xCA, 0xB9,
    0x9E, 0x27, 0xC1, 0x12, 0x48, 0xAC, 0x02, 0x57, 0xB5, 0xCF, 0x54, 0x87, 0xE4, 0x2A, 0x37, 0x89,
    0xA2, 0x27, 0x9D, 0x56, 0x42, 0x41, 0xB0, 0x41, 0x49, 0xBB, 0x5E, 0x49, 0xB6, 0x5E, 0x1D, 0xC8,
    0xF7, 0x4A, 0xA6, 0x29, 0x09, 0xA7, 0xE4, 0x6A, 0xA7, 0x64, 0x95, 0x92, 0xA8, 0x3B, 0xF5, 0xF2,
    0xDD, 0x56, 0xE8, 0x79, 0xF2, 0xF4, 0xEE, 0x45, 0x2C, 0x50, 0xA7, 0xDF, 0x24, 0xA1, 0x8B, 0x42,
    0x46, 0x93, 0x55, 0xE0, 0xCC, 0x5B, 0x10, 0xBA, 0xB8, 0x40, 0xC3, 0x6F, 0x78, 0x80, 0xDE, 0x96,
    0x70, 0x59, 0xD9, 0x58, 0x74, 0x88, 0x52, 0x1D, 0x07, 0x2D, 0xD5, 0xE6, 0x9A, 0x23, 0x38, 0x2C,
    0xB5, 0x3A, 0x1E, 0xE8, 0x3A, 0x0E, 0xF2, 0xAF, 0x4D, 0xF4, 0x1D, 0x6A, 0xD8, 0xE7, 0x3C, 0x17,
    0xA1, 0xA5, 0x4F, 0xC3, 0x7B, 0x6A, 0x89, 0xDF, 0xF0, 0x4B, 0x90, 0x09, 0xA1, 0xA4, 0x64, 0x0D,
    0xCA, 0xDA, 0xAC, 0x09, 0x4D, 0xF0, 0x71, 0x4D, 0x62, 0xF9, 0xDE, 0x2B, 0x02, 0x5D, 0x00, 0x53,
    0x63, 0x9E, 0x53, 0xAF, 0x08, 0x59, 0x4C, 0x20, 0x9F, 0x9E, 0x10, 0xBC, 0x9F, 0xE8, 0x3E, 0x42,
    0xB2, 0x41, 0x18, 0xDF, 0x9C, 0x30, 0xBC, 0xE1, 0x6B, 0x57, 0x2D, 0x5D, 0xF5, 0x65, 0xD5, 0xDB,
    0x22, 0x1E, 0x8F, 0x2A, 0x1E, 0xC2, 0xD5, 0x98, 0x92, 0x1E, 0x8B, 0xF3, 0x72, 0x8E, 0x67, 0x6E,
    0x44, 0x42, 0x1E, 0x18, 0xA4, 0xF6, 0xDE, 0xE8, 0xAF, 0x58, 0xE1, 0xA9, 0xE3, 0x80, 0xF0, 0x3A,
    0x0E, 0x22, 0xAF, 0xE3, 0xAC, 0x84, 0x3A, 0xCE, 0x23, 0xA9, 0xE3, 0xC5, 0xCD, 0x84, 0x97, 0x3A,
    0xD2, 0x6E, 0xDE, 0xD4, 0xA4, 0x0A, 0x7D, 0xDB, 0xC2, 0x27, 0x88, 0x74, 0x66, 0x5D, 0x18, 0xF7,
    0x8D, 0x90, 0xCF, 0x96, 0x19, 0xB5, 0x6E, 0xFE, 0xFD, 0x47, 0x34, 0x3A, 0x50, 0x9F, 0xA8, 0x40,
    0xF6, 0x2A, 0x90, 0x5D, 0x0B, 0xE4, 0xBC, 0x02, 0xFD, 0xE2, 0x85, 0xBD, 0x5B, 0xFA, 0x8E, 0xFE,
    0xCE, 0x3F, 0x3A, 0x35, 0x12, 0xA5, 0x14, 0x34, 0xE0, 0x82, 0xAF, 0xDE, 0x3C, 0x4A, 0x0B, 0x5A,
    0x1F, 0x2F, 0x06, 0x57, 0xAC, 0x14, 0x5C, 0x4B, 0xEE, 0x24, 0x48, 0xE9, 0xC3, 0x01, 0xCE, 0x6C,
    0x19, 0xDD, 0x46, 0xF2, 0x87, 0x21, 0xD7, 0x1F, 0xA0, 0xDE, 0xA3, 0x5A, 0xA0, 0xDA, 0xD6, 0x01,
    0xA2, 0xFA, 0x53, 0x40, 0x4F, 0xD3, 0x28, 0xE8, 0xEF, 0xB2, 0x1E, 0xB7, 0x8D, 0x4B, 0x36, 0xD5,
    0x58, 0xBF, 0x58, 0xCD, 0x4F, 0xB2, 0xA1, 0x3E, 0xFC, 0xA0, 0xF7, 0xFD, 0x57, 0x5A, 0x0B, 0x78,
    0xA9, 0x30, 0x2B, 0x8A, 0x3A, 0x25, 0x77, 0x3A, 0x25, 0x96, 0x3A, 0x15, 0xA1, 0x48, 0xCA, 0xA4,
    0xBD, 0x2D, 0x72, 0xE9, 0x24, 0x1F, 0xA6, 0x5B, 0xE3, 0x6E, 0xE8, 0x1B, 0x61, 0xAB, 0x92, 0x83,
    0x76, 0xE7, 0xEE, 0x80, 0x1D, 0x41, 0xC2, 0x0A, 0x56, 0xA8, 0x23, 0x79, 0xE6, 0x4E, 0xEC, 0x90,
    0xD2, 0x7C, 0xEC, 0xD0, 0x26, 0x30, 0x74, 0xCA, 0x85, 0xD7, 0xA1, 0x83, 0x03, 0xB1, 0xE6, 0x5E,
    0xEC, 0xF4, 0x10, 0xEC, 0x80, 0xDF, 0xCB, 0x07, 0x7C, 0x43, 0x7D, 0x42, 0xAC, 0x99, 0xB0, 0x2D,
    0x95, 0xC1, 0x76, 0x16, 0xB6, 0xC2, 0x2F, 0xF7, 0x21, 0xF3, 0xF1, 0x55, 0xE1, 0x0D, 0x2E, 0x7A,
    0x8A, 0xFB, 0xDE, 0x9E, 0x6B, 0x18, 0x97, 0xE6, 0x62, 0x60, 0xCC, 0x4A, 0x83, 0xE3, 0x99, 0x53,
    0x0D, 0xB2, 0x91, 0x82, 0x45, 0xFC, 0x3C, 0xE8, 0x39, 0xBA, 0x32, 0x7F, 0xC3, 0x3D, 0xF3, 0x7E,
    0x00, 0xEC, 0x27, 0xB8, 0x68, 0x77, 0xE1, 0x25, 0xCF, 0x13, 0xEC, 0xAF, 0x38, 0x23, 0x56, 0x5D,
    0x10, 0x2B, 0x55, 0xC8, 0x59, 0xE6, 0x0A, 0xA3, 0xC9, 0x6C, 0x1E, 0xD1, 0x2F, 0xDE, 0x8D, 0x88,
    0x35, 0x0A, 0xAB, 0xF0, 0x7B, 0xC9, 0x13, 0xE5, 0x4F, 0x4F, 0x1E, 0xB1, 0x6B, 0x58, 0xBB, 0x3E,
    0x1B, 0xDD, 0x7A, 0x51, 0xD0, 0xB8, 0x0B, 0x04, 0xFC, 0xCA, 0x5F, 0x4E, 0x8F, 0x69, 0x98, 0xFF,
    0xD6, 0x86, 0xE8, 0xD0, 0xAA, 0x77, 0x65, 0xAD, 0x89, 0x67, 0x16, 0x98, 0x99, 0xA4, 0x35, 0xFF,
    0x60, 0xE6, 0xBD, 0xBF, 0xEA, 0xB6, 0x35, 0xFF, 0xEA, 0xEF, 0x09, 0xF5, 0x85, 0x72, 0x29, 0x10,
    0x7E, 0xE2, 0x3A, 0x67, 0x36, 0x0D, 0xB1, 0xE5, 0x98, 0x6E, 0xC3, 0x95, 0xCF, 0x33, 0x57, 0x7B,
    0x67, 0xE2, 0x55, 0xDD, 0x4A, 0x84, 0xC1, 0xD0, 0x82, 0xDD, 0x9C, 0x6D, 0x71, 0x75, 0x88, 0xFD,
    0xF4, 0x12, 0x18, 0xE0, 0x09, 0x6A, 0xF2, 0x08, 0x9C, 0x93, 0x55, 0x83, 0xC2, 0x20, 0x00, 0x9E,
    0xAF, 0xC0, 0x66, 0x13, 0xDE, 0xBD, 0x21, 0x9C, 0x5D, 0x85, 0xAF, 0xBD, 0xF7, 0xB2, 0x6E, 0xF3,
    0xFF, 0x90, 0xBE, 0xE4, 0x93, 0xF4, 0xB1, 0x9C, 0x5D, 0x5A, 0x47, 0xEB, 0xF7, 0x8F, 0x3D, 0x8F,
    0x49, 0xE6, 0x6F, 0x80, 0xA0, 0x7A, 0x50, 0x83, 0x1F, 0x43, 0xFB, 0x9C, 0xEE, 0x94, 0xB8, 0x71,
    0x3E, 0x3A, 0xB1, 0xE4, 0xC7, 0xDC, 0xB9, 0x36, 0xE7, 0x82, 0xE7, 0xA2, 0x30, 0x5F, 0xFB, 0x39,
    0xEA, 0x83, 0x9F, 0xBB, 0x35, 0x64, 0x80, 0x77, 0x76, 0x9B, 0x20, 0x16, 0x06, 0xBA, 0x53, 0xE5,
    0x99, 0x13, 0x0D, 0x76, 0xDE, 0xC3, 0x31, 0xA6, 0x35, 0x7F, 0xCF, 0x0A, 0xA8, 0x2B, 0xC9, 0x42,
    0x8A, 0x50, 0xC4, 0x4B, 0x5C, 0x67, 0xCF, 0xC2, 0x69, 0x67, 0xFE, 0x54, 0x4B, 0x7D, 0x27, 0x27,
    0x27, 0x5A, 0xBE, 0x2B, 0x4D, 0x6A, 0x37, 0xED, 0xA0, 0x1E, 0x57, 0x02, 0x75, 0xBA, 0x16, 0xF1,
    0x08, 0xF1, 0x25, 0x40, 0x2F, 0x0F, 0xAA, 0xB2, 0xC3, 0xFB, 0x80, 0x37, 0x6B, 0x7B, 0x87, 0x62,
    0x83, 0x51, 0xF4, 0xC7, 0x87, 0x00, 0xEF, 0xA2, 0x1A, 0xA2, 0x3F, 0x1F, 0x7C, 0xDA, 0x94, 0x3B,
    0x8F, 0xF0, 0x23, 0xFC, 0x29, 0xC3, 0xED, 0xA6, 0x45, 0x92, 0x3E, 0x93, 0x98, 0xCE, 0x5F, 0x00,
    0xE8, 0x56, 0xD5, 0x43, 0x1E, 0x06, 0xF8, 0x0A, 0x25, 0x37, 0x8F, 0xF7, 0x3B, 0x25, 0x1F, 0xF8,
    0xC5, 0x53, 0xDA, 0x70, 0x83, 0x47, 0xB6, 0xF7, 0x84, 0xED, 0xD5, 0xFB, 0x92, 0x47, 0xEC, 0xFD,
    0x60, 0x9D, 0xCA, 0x31, 0xD2, 0x36, 0xC1, 0x77, 0xC6, 0x26, 0xB6, 0xFC, 0x3E, 0x8E, 0xF5, 0x47,
    0x83, 0xC5, 0x97, 0x36, 0xF2, 0xC4, 0x97, 0xE2, 0x6F, 0x78, 0x33, 0xD0, 0x27, 0x2A, 0x7D, 0xA1,
    0x6E, 0x82, 0xFB, 0x6D, 0x81, 0x9F, 0xDD, 0x7C, 0x6D, 0x7B, 0xF1, 0xE5, 0x0B, 0x61, 0xFE, 0xD3,
    0x9B, 0x81, 0x1D, 0x7A, 0x7C, 0x7E, 0xB3, 0xE3, 0xF0, 0xD6, 0xE0, 0xA6, 0x1F, 0xD2, 0x44, 0x36,
    0xA3, 0x6B, 0x48, 0xF2, 0x70, 0xE4, 0x74, 0xC5, 0x80, 0xF1, 0x89, 0x21, 0x5F, 0x19, 0xF3, 0x53,
    0x40, 0xAA, 0xE0, 0xD1, 0x59, 0x90, 0x1C, 0x0C, 0x72, 0xE1, 0x7E, 0x50, 0x67, 0x81, 0xFB, 0x7F,
    0x9B, 0x46, 0x3D, 0x35, 0x0B, 0xBD, 0x47, 0x7E, 0xFA, 0xF6, 0x96, 0x6F, 0x9C, 0xF8, 0xD1, 0x9B,
    0x67, 0xCF, 0x1C, 0x81, 0x45, 0xD6, 0x59, 0x32, 0xB5, 0x78, 0x43, 0xE3, 0x45, 0x9C, 0x5D, 0x1D,
    0x54, 0x3D, 0x15, 0xD3, 0x6C, 0x81, 0x96, 0xD9, 0x0C, 0x0D, 0xB3, 0xA9, 0xB2, 0xCB, 0x1A, 0x34,
    0xB6, 0x2A, 0xA4, 0xD5, 0x08, 0xD8, 0x5D, 0x1B, 0x9B, 0xD8, 0x7B, 0x05, 0x99, 0x3A, 0xB8, 0xEB,
    0xFC, 0xD7, 0x46, 0xEE, 0x6B, 0xE8, 0xE9, 0x4A, 0xE7, 0xBA, 0xAB, 0x03, 0x82, 0xE3, 0xB6, 0xC3,
    0x11, 0x55, 0x56, 0xF0, 0x1C, 0x67, 0xA1, 0x74, 0xC1, 0x1D, 0x9C, 0x94, 0x03, 0x93, 0xD5, 0xB9,
    0x6B, 0xAC, 0x16, 0xC1, 0xF5, 0xDC, 0x7D, 0x9F, 0x36, 0xFD, 0x79, 0xCF, 0x7E, 0xE4, 0x50, 0x4A,
    0x60, 0x08, 0xEF, 0x93, 0x20, 0x83, 0x1D, 0xD4, 0x8A, 0xA1, 0xB4, 0xAF, 0x09, 0x91, 0x11, 0x11,
    0x52, 0x47, 0x53, 0x0C, 0x12, 0x74, 0xEE, 0x6B, 0xD1, 0x53, 0xD3, 0x9B, 0xE7, 0x28, 0x43, 0xC6,
    0x77, 0x00, 0xE9, 0x4E, 0x5C, 0xA5, 0x07, 0x7F, 0xE0, 0x60, 0xFA, 0x3C, 0x80, 0x4F, 0xC3, 0x92,
    0x3E, 0xA4, 0x1C, 0x45, 0x7C, 0xA8, 0xF9, 0xCA, 0x98, 0xFF, 0x2A, 0x12, 0xF1, 0xBF, 0xA9, 0xD5,
    0x2B, 0xB7, 0xC5, 0xB8, 0xE4, 0xCD, 0x53, 0x58, 0xB9, 0x9D, 0xAC, 0xDB, 0xCA, 0xAD, 0xDA, 0x99,
    0x18, 0x24, 0xC8, 0xD4, 0x1D, 0x94, 0x9D, 0x80, 0x0B, 0x4E, 0x5A, 0xB9, 0xFE, 0xA4, 0x11, 0xB0,
    0xB6, 0x1C, 0x77, 0x20, 0x97, 0x0C, 0x80, 0x7C, 0x7B, 0x4A, 0x79, 0x05, 0x1C, 0x5F, 0x07, 0x6E,
    0x7D, 0xAD, 0x42, 0xF0, 0xB8, 0xD1, 0x86, 0x66, 0xB3, 0x91, 0x2D, 0x06, 0x7C, 0xEE, 0xC5, 0x2F,
    0x24, 0xB1, 0x48, 0x50, 0x60, 0xEE, 0x22, 0x71, 0x47, 0x93, 0x9C, 0xCE, 0x4F, 0xF2, 0x2D, 0x70,
    0x3A, 0xF5, 0xB2, 0xD1, 0xF9, 0xC7, 0x5A, 0x4F, 0xCA, 0xCC, 0x0E, 0x16, 0xF6, 0x04, 0xF2, 0x8A,
    0x29, 0x74, 0x65, 0x40, 0xC8, 0x84, 0x3C, 0x32, 0x18, 0x62, 0x47, 0x76, 0xDD, 0x0F, 0xFB, 0xE4,
    0xDE, 0x1F, 0xB8, 0x4D, 0x4A, 0x96, 0xDA, 0x21, 0x81, 0x18, 0xF1, 0x0A, 0xE2, 0x0B, 0x48, 0xC2,
    0x44, 0x1F, 0x94, 0x51, 0xF8, 0x47, 0x25, 0x01, 0x08, 0x50, 0x01, 0x06, 0x3F, 0xA0, 0x67, 0xE4,
    0x72, 0x3D, 0xD6, 0xA4, 0x36, 0xA7, 0x90, 0x71, 0x27, 0x1F, 0x50, 0xEF, 0x42, 0x3D, 0x17, 0xFE,
    0x80, 0x53, 0x0C, 0x43, 0x7B, 0x2B, 0xA8, 0x90, 0x22, 0xDE, 0x51, 0xF8, 0xA0, 0x94, 0xB0, 0x99,
    0xB3, 0xFA, 0x00, 0xFA, 0xA3, 0x09, 0x0D, 0x5C, 0xAC, 0xAC, 0x3E, 0x40, 0x41, 0xB9, 0xC7, 0x0F,
    0x78, 0x2E, 0x42, 0x7B, 0x2B, 0xAC, 0x53, 0x43, 0xDF, 0x3D, 0xC2, 0x07, 0x19, 0x56, 0x11, 0x1C,
    0xE1, 0x83, 0x42, 0xF4, 0x6B, 0x6A, 0x6F, 0x85, 0xE5, 0x77, 0xB0, 0xBD, 0x15, 0xD6, 0xEF, 0x41,
    0xE5, 0xBC, 0x0A, 0x09, 0x84, 0x63, 0xC4, 0xAD, 0x15, 0x44, 0xA7, 0x73, 0x7B, 0x0F, 0xFC, 0x01,
    0x96, 0xDC, 0xA2, 0xF6, 0x56, 0xA1, 0x0E, 0x91, 0x70, 0x50, 0x43, 0x37, 0xCD, 0x4D, 0xBA, 0xB5,
    0x92, 0xCE, 0x34, 0xC1, 0x90, 0x42, 0x7B, 0x2B, 0xAA, 0x15, 0x74, 0xC2, 0xC3, 0xC4, 0x85, 0x3F,
    0x50, 0x29, 0xB9, 0x19, 0x15, 0x22, 0x99, 0x92, 0xA8, 0x9C, 0xB3, 0x6F, 0xAF, 0xFB, 0x20, 0x35,
    0xCA, 0x42, 0xD1, 0xF9, 0xAA, 0x26, 0x53, 0x7C, 0xCB, 0xBC, 0x6F, 0x6F, 0xE5, 0x3D, 0xEB, 0xB3,
    0x0E, 0xC5, 0x9A, 0x6F, 0x6E, 0x5C, 0xA1, 0x86, 0x5B, 0x1D, 0xB6, 0x55, 0xAE, 0x0A, 0x94, 0xAD,
    0x4D, 0x1F, 0x3A, 0xA4, 0xF9, 0xEA, 0x37, 0x3A, 0x13, 0x47, 0x62, 0xE1, 0x96, 0x16, 0x97, 0xA6,
    0x4A, 0x74, 0x75, 0x2A, 0x95, 0xE8, 0xA7, 0x6B, 0xA9, 0x5D, 0x70, 0x45, 0x9B, 0x6F, 0x6F, 0x7C,
    0x51, 0xAA, 0x2F, 0x31, 0xA0, 0x79, 0x67, 0x60, 0x3E, 0x2A, 0x9D, 0x4E, 0xDC, 0xE3, 0xD4, 0x0E,
    0xD0, 0x0B, 0xC5, 0x25, 0xE2, 0x16, 0x0D, 0x57, 0x0B, 0x11, 0x5F, 0x41, 0x46, 0xF1, 0x59, 0x71,
    0xE2, 0xB4, 0xCD, 0xD4, 0x90, 0x5F, 0xDC, 0xA9, 0x0F, 0xCA, 0x28, 0x56, 0x9F, 0x3F, 0xC8, 0xB1,
    0x82, 0x66, 0xAF, 0x17, 0xCE, 0x9E, 0xFB, 0x77, 0xD0, 0x4B, 0xAD, 0xDF, 0x5C, 0x9C, 0x2C, 0x42,
    0x56, 0xCB, 0x19, 0x24, 0xE8, 0xBC, 0xBD, 0xCE, 0x83, 0x24, 0xAB, 0x38, 0x54, 0x76, 0x4C, 0x36,
    0x65, 0x48, 0x23, 0x51, 0x51, 0xFA, 0x83, 0x3A, 0x12, 0x81, 0x6B, 0xE9, 0xD3, 0x5E, 0x93, 0x57,
    0x5D, 0xF4, 0x41, 0xA1, 0x52, 0x34, 0xB6, 0x44, 0xDF, 0x35, 0x61, 0xB9, 0x8B, 0x3F, 0x08, 0x84,
    0x95, 0xDC, 0x4D, 0xE5, 0x83, 0x24, 0x16, 0xC8, 0x83, 0x6A, 0x44, 0x2C, 0xC2, 0xB7, 0x84, 0xFE,
    0x59, 0x71, 0x05, 0x7C, 0x70, 0xF1, 0xAA, 0xDB, 0x39, 0xFA, 0x60, 0xE1, 0xD2, 0x6F, 0x20, 0x14,
    0x19, 0x25, 0xB4, 0x8F, 0x2E, 0xDE, 0xDA, 0xA3, 0x9C, 0xBE, 0xB1, 0xDA, 0xD5, 0x76, 0xE1, 0x83,
    0xD5, 0xCE, 0x4C, 0x1F, 0x9C, 0x57, 0x1F, 0xD4, 0xEE, 0x03, 0x2E, 0xE0, 0x23, 0x55, 0x23, 0xD2,
    0xCE, 0x5C, 0x31, 0x86, 0xA6, 0xD7, 0x3E, 0x48, 0x3E, 0xE5, 0x0F, 0xAE, 0xA8, 0x20, 0x9D, 0xB9,
    0xAE, 0x9B, 0x48, 0x82, 0xEC, 0x91, 0xD5, 0xAF, 0x60, 0x20, 0x68, 0xF8, 0xC0, 0x28, 0xB9, 0xEB,
    0x44, 0xDB, 0x61, 0x45, 0x4D, 0xA2, 0x65, 0xB4, 0x6B, 0x20, 0xAD, 0xA4, 0x0B, 0x88, 0x7A, 0xA0,
    0x85, 0xF4, 0xE0, 0x63, 0x82, 0xFF, 0xF5, 0x09, 0xA7, 0xCD, 0x34, 0x21, 0xE4, 0xEE, 0x90, 0x70,
    0x50, 0x15, 0xD1, 0xC2, 0x2D, 0x10, 0x93, 0xD0, 0xA8, 0x06, 0x42, 0xCA, 0x25, 0xA7, 0x12, 0xC9,
    0xE9, 0x34, 0x94, 0xC8, 0x70, 0x94, 0x87, 0xF3, 0x9D, 0xC1, 0x3E, 0x70, 0x74, 0x20, 0x0E, 0x1C,
    0x98, 0xD6, 0xB0, 0xC7, 0x5A, 0x9A, 0x29, 0x49, 0x1D, 0xE7, 0x40, 0xE3, 0xCC, 0xF8, 0x8C, 0xCA,
    0xEE, 0x1D, 0x31, 0xC1, 0x9F, 0xEA, 0x7B, 0x1D, 0xC3, 0x57, 0x78, 0x1A, 0x1C, 0xAD, 0x84, 0x53,
    0x64, 0x4F, 0xB4, 0x1A, 0xEA, 0x24, 0x0E, 0x44, 0x13, 0x5D, 0xB8, 0xF4, 0x39, 0xFD, 0xC7, 0x48,
    0x13, 0x5E, 0xED, 0x70, 0xBB, 0x75, 0x89, 0x45, 0xFC, 0xBB, 0x4B, 0x02, 0x4B, 0x2E, 0x8A, 0x3B,
    0x4F, 0xD6, 0xE5, 0x41, 0xF5, 0x6E, 0x39, 0xF1, 0x5E, 0xFC, 0xBD, 0xDD, 0xBE, 0xBF, 0x77, 0xC5,
    0x90, 0x51, 0x5C, 0xD3, 0x18, 0x70, 0x92, 0x0B, 0x8F, 0x15, 0xCB, 0xC7, 0x06, 0xC6, 0xB4, 0x65,
    0x8E, 0x3B, 0xC2, 0xD8, 0x0F, 0xA2, 0x53, 0x10, 0x2D, 0xBE, 0xE2, 0xF6, 0x08, 0x26, 0x2C, 0x3D,
    0xBF, 0xE7, 0xE0, 0x0C, 0x8F, 0xF9, 0x80, 0x2A, 0xD4, 0x28, 0x7E, 0xA1, 0xFF, 0x02, 0x8D, 0x4A,
    0x4C, 0x03, 0x5F, 0x71, 0x4D, 0xB2, 0x35, 0xFF, 0x95, 0xA1, 0x74, 0xC4, 0x51, 0x1A, 0x56, 0x45,
    0xBC, 0xDB, 0x4B, 0x77, 0x14, 0x8F, 0x37, 0x6A, 0x2D, 0x34, 0x74, 0xB1, 0x38, 0xD2, 0x6A, 0xAA,
    0x10, 0x77, 0x50, 0x6B, 0x66, 0x92, 0x4A, 0x62, 0xBC, 0xB6, 0x8C, 0x0B, 0xDA, 0x41, 0x9A, 0x3B,
    0x9D, 0x18, 0xBD, 0x56, 0x33, 0x4F, 0x8B, 0xD7, 0x34, 0xA5, 0xA8, 0x02, 0xCD, 0x26, 0xE4, 0x76,
    0xAF, 0x12, 0x45, 0x7B, 0xBA, 0x2A, 0x5F, 0x90, 0x6C, 0x64, 0xB3, 0x7D, 0xE4, 0xB4, 0x22, 0x4E,
    0xD6, 0x73, 0x26, 0x8F, 0x2D, 0x71, 0xFA, 0x6C, 0x55, 0x77, 0xEE, 0x22, 0x3B, 0x16, 0xA4, 0x16,
    0x94, 0x6A, 0xDD, 0xAA, 0xE0, 0xE2, 0x4C, 0xE9, 0xA0, 0xA5, 0x5A, 0xE2, 0xAD, 0x8B, 0x07, 0xFD,
    0x8A, 0xCE, 0xA5, 0xF4, 0x0D, 0x1F, 0x8A, 0x95, 0x89, 0xAD, 0xEF, 0x04, 0x17, 0x91, 0xB9, 0xC4,
    0xA0, 0x4A, 0xD6, 0xE4, 0x0C, 0x15, 0xE4, 0x0A, 0x6F, 0x8A, 0x38, 0x83, 0xF6, 0xC6, 0x0D, 0xB4,
    0xFA, 0xC8, 0x0E, 0x65, 0x43, 0x9F, 0xA9, 0x23, 0x55, 0x8E, 0xB5, 0xE9, 0x87, 0x02, 0x8B, 0x78,
    0x0D, 0x25, 0xAA, 0xA3, 0x11, 0x56, 0xA0, 0x0E, 0xEB, 0x8D, 0x57, 0x80, 0x81, 0x8B, 0xFD, 0x18,
    0x1F, 0x31, 0xD6, 0x27, 0xE9, 0xB5, 0x22, 0x90, 0xDD, 0xE3, 0xC0, 0xAC, 0xD4, 0x59, 0x43, 0xD5,
    0x61, 0xD3, 0xD7, 0xD8, 0xA0, 0xCA, 0xEE, 0x12, 0x37, 0xD4, 0x41, 0xE0, 0xAC, 0xB0, 0x23, 0x62,
    0x97, 0xE4, 0x3A, 0xA6, 0x12, 0xD2, 0x45, 0x60, 0x37, 0xF1, 0x39, 0xE4, 0x49, 0xA7, 0x0E, 0x32,
    0xA9, 0x89, 0x8A, 0x0D, 0x63, 0xFF, 0x32, 0x13, 0x8D, 0xCB, 0x10, 0x9F, 0xBE, 0xE0, 0x8B, 0xBA,
    0xB0, 0xC2, 0xBA, 0x5A, 0xF1, 0xB6, 0x9F, 0x29, 0x8B, 0x0F, 0x4F, 0x49, 0x8A, 0xD8, 0x93, 0x6E,
    0x0F, 0x18, 0x98, 0x6E, 0x30, 0x32, 0xCE, 0x61, 0x30, 0xBD, 0xB9, 0xAD, 0x72, 0x07, 0x97, 0x8C,
    0x5C, 0xA0, 0x71, 0xA5, 0x2D, 0x4D, 0x82, 0x56, 0x9D, 0x1C, 0xCF, 0xEB, 0xE7, 0x0C, 0xCD, 0x38,
    0xA3, 0x9C, 0x94, 0x76, 0x3E, 0x7C, 0xED, 0x02, 0xC6, 0x9E, 0x1A, 0xCA, 0xB9, 0xD9, 0x0C, 0x42,
    0x6F, 0xAA, 0xC9, 0x8D, 0x57, 0x66, 0x5C, 0x60, 0x64, 0x4A, 0x99, 0x78, 0xCE, 0x7E, 0x7E, 0x17,
    0xCE, 0x96, 0x8D, 0xD9, 0x0A, 0xC9, 0xE6, 0x54, 0x70, 0xDC, 0x1F, 0x2B, 0x95, 0x87, 0x91, 0xEA,
    0x63, 0x68, 0xAE, 0x8B, 0x50, 0x7E, 0xAE, 0xAB, 0xF7, 0x6B, 0x96, 0xFE, 0x90, 0xB0, 0xF6, 0x9A,
    0x7E, 0x99, 0xFC, 0x4E, 0xCA, 0x95, 0x3F, 0x13, 0x96, 0x4E, 0x61, 0x78, 0x4A, 0x60, 0xE7, 0x56,
    0xA4, 0xD8, 0x4E, 0xD7, 0xBF, 0x9D, 0x9F, 0x7F, 0xEE, 0x07, 0xCD, 0x57, 0xEC, 0x0B, 0x95, 0x22,
    0xCE, 0x61, 0x25, 0x86, 0x4A, 0x55, 0xF6, 0xE4, 0x86, 0xF5, 0x82, 0x73, 0xAE, 0xE7, 0x3D, 0xF1,
    0x21, 0x21, 0x73, 0xF0, 0x28, 0x9A, 0xD8, 0xED, 0x11, 0xB4, 0xB2, 0x3D, 0xC0, 0x49, 0x02, 0xAA,
    0xE3, 0x0A, 0xC6, 0x2A, 0x20, 0x58, 0xAC, 0x08, 0x4A, 0x48, 0xA1, 0x88, 0x42, 0xB1, 0xC3, 0xC2,
    0xEF, 0xAF, 0x6C, 0x02, 0xC4, 0x09, 0xCC, 0x09, 0x07, 0x80, 0xF7, 0x00, 0xE3, 0xDF, 0x18, 0xDC,
    0x10, 0x8E, 0x60, 0x5E, 0xC7, 0xF7, 0x62, 0xDB, 0xE6, 0x64, 0xC3, 0x14, 0xAA, 0x6F, 0xB8, 0xD2,
    0xE6, 0xA4, 0x1E, 0xA6, 0x56, 0xC3, 0x7F, 0x16, 0xB8, 0x82, 0x5A, 0x74, 0x8D, 0x14, 0x0B, 0xE8,
    0xA1, 0x02, 0xFC, 0xA1, 0x14, 0x57, 0xC2, 0x5E, 0x72, 0x2A, 0x0C, 0xD4, 0x54, 0xBF, 0xF0, 0xDC,
    0xB5, 0x3E, 0x9D, 0xF7, 0x92, 0x84, 0x8B, 0x37, 0x96, 0xB9, 0xFE, 0x3E, 0x79, 0xDA, 0x51, 0xA2,
    0x84, 0x04, 0xA4, 0xA7, 0xA8, 0x5D, 0xD6, 0xB0, 0x49, 0xE6, 0xAB, 0xCC, 0xBB, 0x90, 0xFD, 0xF0,
    0x07, 0xAC, 0xAD, 0x88, 0x02, 0xEA, 0x57, 0x83, 0x41, 0x80, 0x62, 0x9C, 0xE8, 0x96, 0x2F, 0x30,
    0xF5, 0x46, 0x7F, 0xCC, 0x7F, 0xD0, 0xC9, 0x11, 0x2A, 0xD6, 0xDE, 0xBE, 0x45, 0x39, 0xC7, 0x10,
    0x6D, 0xBD, 0x07, 0x1B, 0x5C, 0x4D, 0x80, 0x86, 0x6C, 0xF4, 0x11, 0x8D, 0xCD, 0xE8, 0x56, 0xC2,
    0x56, 0x55, 0xE4, 0x6D, 0x18, 0x91, 0xE1, 0xC0, 0xD3, 0x74, 0x42, 0xD4, 0x90, 0xCE, 0x3A, 0xA2,
    0x45, 0x03, 0x72, 0x15, 0xF6, 0x80, 0x96, 0xA1, 0x70, 0xF0, 0x88, 0xF6, 0x2C, 0x4E, 0x7A, 0xF0,
    0x4C, 0x14, 0x50, 0xFA, 0x9F, 0xD3, 0x25, 0x3C, 0x1F, 0x88, 0xA5, 0xBA, 0x07, 0x34, 0xD4, 0xC0,
    0x63, 0x23, 0xC8, 0xBC, 0x61, 0xE5, 0x0A, 0x68, 0x83, 0x29, 0x3B, 0xAB, 0xF7, 0x85, 0x65, 0xD7,
    0x51, 0xE9, 0x03, 0xBE, 0x61, 0x76, 0x44, 0x13, 0x4F, 0x47, 0xD6, 0x57, 0x56, 0xD9, 0x7E, 0x74,
    0x01, 0x74, 0xD1, 0x6D, 0x4F, 0x27, 0x8D, 0x8E, 0x1A, 0x1D, 0x34, 0x1A, 0x69, 0x7F, 0xDC, 0x0C,
    0xF5, 0xAC, 0x4E, 0x9F, 0xDD, 0xFC, 0x7B, 0xBF, 0x34, 0xAA, 0x90, 0xBD, 0x95, 0x24, 0x07, 0x3D,
    0x56, 0x47, 0x40, 0x83, 0x7A, 0x23, 0xFD, 0x3E, 0xDD, 0x33, 0x0B, 0x35, 0x56, 0xB1, 0x5F, 0x4D,
    0x59, 0x34, 0xA1, 0xB9, 0x46, 0xD9, 0xA5, 0x31, 0xA2, 0x82, 0xD2, 0xC9, 0x9D, 0x89, 0xFD, 0x75,
    0x46, 0xA2, 0xDD, 0x1C, 0x12, 0x8C, 0x46, 0xCD, 0x93, 0xE7, 0x44, 0xD5, 0x27, 0x9C, 0x34, 0x03,
    0x4F, 0xDA, 0x7C, 0x38, 0x23, 0x5A, 0x68, 0x6E, 0xCF, 0x29, 0xE4, 0x7D, 0x7B, 0x69, 0x44, 0x0B,
    0x27, 0x54, 0x3A, 0xDA, 0x5E, 0x65, 0x7E, 0x2C, 0x71, 0x49, 0x4E, 0x7A, 0xC1, 0x9A, 0x6F, 0x74,
    0x22, 0x14, 0xBA, 0x83, 0x0B, 0x8D, 0x66, 0x1A, 0x4D, 0x22, 0xD4, 0x26, 0x99, 0xB6, 0x6A, 0x07,
    0x52, 0x96, 0xF0, 0x2A, 0x36, 0x8C, 0xFF, 0xF6, 0xD0, 0x44, 0x45, 0x41, 0xEE, 0x19, 0x49, 0xBD,
    0x50, 0x3C, 0xC8, 0x66, 0xDE, 0x71, 0x15, 0xBA, 0xB3, 0x20, 0xA5, 0x9F, 0x19, 0xF6, 0x33, 0x0A,
    0x42, 0xE5, 0x13, 0x0E, 0x62, 0x9A, 0xE9, 0x42, 0x8D, 0xE0, 0x59, 0x90, 0x8C, 0x78, 0xE8, 0x20,
    0x3A, 0x40, 0x17, 0x2C, 0xDD, 0xA3, 0x20, 0x0D, 0x31, 0xF1, 0x41, 0xDA, 0x4B, 0x08, 0x17, 0x49,
    0x4F, 0xB8, 0x8A, 0x8C, 0x47, 0xF2, 0xB0, 0xC2, 0x0E, 0xD2, 0xE9, 0x8E, 0xD2, 0x90, 0xC1, 0xD4,
    0xD5, 0x04, 0x09, 0x77, 0x10, 0x3B, 0x5A, 0xE7, 0xCB, 0xBB, 0xCF, 0x28, 0x0B, 0x26, 0x44, 0x94,
    0x94, 0x38, 0x2B, 0x91, 0xB1, 0x5F, 0xC9, 0x9E, 0x0E, 0x8F, 0x96, 0xCE, 0xD7, 0xFE, 0x65, 0xA7,
    0x1B, 0x0A, 0x5D, 0x48, 0x83, 0x28, 0x3F, 0x88, 0x1E, 0x41, 0x48, 0x8B, 0x48, 0x30, 0x91, 0x1D,
    0xC4, 0x92, 0xB6, 0x35, 0x6E, 0xA5, 0x46, 0x4E, 0x38, 0xD6, 0x67, 0x41, 0x72, 0x9C, 0x85, 0x4C,
    0x23, 0x17, 0x41, 0x76, 0x38, 0x73, 0x29, 0xCE, 0x69, 0x42, 0xAB, 0xFB, 0x20, 0xAA, 0x50, 0x87,
    0xAE, 0x4B, 0xF1, 0x39, 0x3B, 0x8F, 0x3A, 0x23, 0x06, 0x18, 0x09, 0x90, 0x1C, 0x91, 0x14, 0x11,
    0xB8, 0x48, 0xD4, 0x3F, 0xE2, 0x37, 0x82, 0x3C, 0xF9, 0xE2, 0x5E, 0xE5, 0xE4, 0x5A, 0x6E, 0x66,
    0xA1, 0xB2, 0x38, 0x2B, 0x95, 0xE1, 0xD9, 0xA8, 0xEC, 0xCF, 0x16, 0x33, 0x43, 0x13, 0xC8, 0x5D,
    0x24, 0xE1, 0xAA, 0x25, 0xAF, 0xD6, 0x49, 0xB4, 0x4A, 0xA2, 0x35, 0x12, 0xAD, 0x90, 0xE8, 0x6D,
    0x44, 0xAB, 0x23, 0x5A, 0x1B, 0xD1, 0x7B, 0x97, 0xDE, 0xD8, 0xF4, 0x26, 0x68, 0xB1, 0x9A, 0x9F,
    0x66, 0x7F, 0x37, 0x23, 0xEE, 0x53, 0xCD, 0x88, 0x7B, 0x5A, 0x33, 0xA2, 0xBA, 0xB3, 0x60, 0xA4,
    0x85, 0x10, 0x56, 0xC9, 0x46, 0xDA, 0x8C, 0xB8, 0xCB, 0x4A, 0xEA, 0x23, 0x61, 0xB0, 0x5D, 0x37,
    0x23, 0x2A, 0x3A, 0xCD, 0x98, 0xC3, 0x46, 0xDF, 0x8C, 0x15, 0x0B, 0x82, 0x1F, 0x6F, 0xDA, 0x1F,
    0x3B, 0x2D, 0x09, 0x22, 0x85, 0x61, 0xDC, 0x50, 0x3D, 0xB4, 0xE6, 0xA1, 0x15, 0x0F, 0xAD, 0x77,
    0x68, 0xB5, 0xC3, 0xBF, 0x2F, 0x68, 0x1D, 0xDC, 0x3F, 0xDE, 0xEC, 0xFD, 0xB8, 0x1C, 0x05, 0x4B,
    0x8D, 0x1A, 0x41, 0xD1, 0x20, 0x9B, 0x11, 0xC7, 0xBA, 0x19, 0x71, 0x27, 0x6F, 0x46, 0x9C, 0x95,
    0x66, 0xC4, 0x19, 0xB3, 0x58, 0xAE, 0x30, 0xD9, 0xB6, 0x09, 0xEB, 0x05, 0x4B, 0x19, 0xAB, 0xC7,
    0x98, 0x43, 0xA2, 0x1D, 0xBC, 0x55, 0x58, 0x63, 0xCE, 0xB1, 0x92, 0xA1, 0x75, 0x0C, 0xAD, 0x62,
    0x68, 0x0D, 0x43, 0x2B, 0x18, 0x57, 0xB8, 0x5C, 0xAF, 0x80, 0x54, 0xE5, 0x54, 0xEB, 0xB5, 0xE2,
    0x46, 0x4D, 0xAB, 0x16, 0x4A, 0xB3, 0x78, 0xA1, 0x15, 0x0B, 0xAD, 0x57, 0x68, 0xB5, 0x42, 0x6B,
    0x15, 0x5A, 0xA9, 0x40, 0x9D, 0xA2, 0x9B, 0x71, 0x03, 0xC6, 0xFD, 0x17, 0xB7, 0x5F, 0xDC, 0x7D,
    0x71, 0xF3, 0xC5, 0xBD, 0x17, 0xB7, 0x5E, 0xDC, 0x79, 0x71, 0xE3, 0x45, 0x21, 0xBF, 0xC0, 0xF9,
    0x44, 0xDB, 0x2E, 0xC1, 0x15, 0xED, 0xE7, 0xC5, 0x44, 0x5B, 0x23, 0xC1, 0xA1, 0xEE, 0x58, 0x3E,
    0xC9, 0x66, 0xBE, 0xC0, 0xBB, 0xB0, 0x3D, 0xE4, 0x13, 0x6D, 0xB8, 0x1E, 0xE6, 0x7D, 0x27, 0x9F,
    0x68, 0xBB, 0xF5, 0x30, 0xEF, 0xE3, 0xF9, 0x24, 0x3B, 0x77, 0x3E, 0xED, 0xC2, 0x1A, 0x96, 0xAD,
    0xB6, 0x5B, 0xAF, 0x8B, 0x73, 0xBC, 0xCF, 0xE2, 0x3A, 0xC3, 0x5D, 0x76, 0xD9, 0x64, 0xBF, 0x9A,
    0x69, 0x93, 0x0D, 0x6D, 0x93, 0x36, 0xA7, 0x61, 0xAF, 0xCA, 0x27, 0xAE, 0xB1, 0xE9, 0xE0, 0x16,
    0xE0, 0x86, 0x54, 0x99, 0x7C, 0xA2, 0xED, 0x35, 0x1A, 0x1F, 0x9F, 0x41, 0x8A, 0xF0, 0x09, 0xC6,
    0xF3, 0xCC, 0x70, 0x0E, 0xE3, 0x1C, 0xC6, 0x7C, 0xF7, 0xB7, 0x5A, 0xA3, 0xDA, 0xC1, 0xBC, 0x28,
    0xB5, 0xCB, 0x80, 0x3E, 0xE6, 0xF9, 0x59, 0xB6, 0x54, 0xD8, 0x44, 0x0F, 0x00, 0xF7, 0xB0, 0x9F,
    0xF6, 0xB0, 0x9D, 0xF6, 0xC0, 0x57, 0x3D, 0x6C, 0xA6, 0xFD, 0x03, 0x0E, 0xCE, 0x49, 0x7C, 0x74,
    0x4E, 0xE2, 0xC3, 0xF3, 0xEA, 0xF8, 0xBC, 0x3A, 0x40, 0xAF, 0x8E, 0xD0, 0x2B, 0xF5, 0x7E, 0x75,
    0x1A, 0x58, 0x9D, 0x16, 0x56, 0x47, 0xE9, 0x78, 0xE7, 0x6A, 0x80, 0x07, 0xDC, 0x5B, 0x1B, 0xB0,
    0x73, 0x74, 0xFE, 0xA6, 0x05, 0x21, 0x18, 0xEF, 0xF2, 0x63, 0x82, 0x7F, 0x2B, 0x10, 0xFC, 0x3E,
    0x53, 0x4B, 0x39, 0x87, 0x52, 0x9F, 0x4B, 0x21, 0xD4, 0x23, 0x3A, 0xD6, 0xAD, 0x8E, 0xBB, 0xAB,
    0x03, 0xF6, 0xEA, 0x88, 0xBD, 0x3A, 0x64, 0xAF, 0x8E, 0xD9, 0xAB, 0x83, 0xF6, 0xEA, 0xA8, 0xBD,
    0x3A, 0x6C, 0xAF, 0x8E, 0xDB, 0xAB, 0x03, 0xF7, 0xEA, 0xC8, 0xBD, 0x3A, 0x74, 0xAF, 0x8E, 0xDD,
    0xAB, 0x83, 0xF7, 0xEA, 0xE8, 0xBD, 0x3A, 0x7C, 0xAF, 0x8E, 0xDF, 0xAB, 0x03, 0xF8, 0xEA, 0x08,
    0xBE, 0x3A, 0x84, 0xAF, 0x8E, 0xE1, 0xAB, 0x83, 0xF8, 0xEA, 0x28, 0xBE, 0x3A, 0x8C, 0xAF, 0x8E,
    0xE3, 0xF7, 0xCC, 0x5C, 0x1D, 0x85, 0x7C, 0xAC, 0x27, 0x7B, 0xC5, 0x0E, 0x79, 0x4C, 0x80, 0xF8,
    0xBD, 0x51, 0x7B, 0x0F, 0xA2, 0xE3, 0xF9, 0xEA, 0x80, 0xBE, 0x3A, 0xA2, 0xAF, 0x0E, 0xE9, 0xAB,
    0x63, 0xFA, 0xEA, 0xA0, 0xBE, 0x3A, 0xAA, 0xAF, 0x0E, 0xEB, 0xAB, 0xE3, 0xFA, 0xEA, 0xC0, 0x7E,
    0xDF, 0x22, 0x5C, 0x2D, 0xD3, 0x54, 0x9B, 0x40, 0x36, 0x56, 0x76, 0x6C, 0x06, 0xE1, 0x5A, 0xD4,
    0x7A, 0x93, 0x8D, 0x04, 0x8A, 0xB6, 0x24, 0xB8, 0xAD, 0x36, 0x16, 0x4A, 0x9A, 0x90, 0xAC, 0x08,
    0x35, 0x5D, 0x06, 0x86, 0xDB, 0xEE, 0xFF, 0x07, 0xED, 0x5D, 0xBB, 0xB2, 0xDC, 0xC8, 0x79, 0x06,
    0x06, 0x22, 0x27, 0x40, 0x80, 0x68, 0x37, 0x10, 0x03, 0x3C, 0x02, 0xDE, 0xC0, 0x80, 0xCB, 0xA1,
    0x13, 0x06, 0xE6, 0xAA, 0x4A, 0x1B, 0x38, 0xB6, 0x37, 0xE0, 0x0B, 0xA8, 0x0A, 0x70, 0x29, 0x74,
    0xC2, 0x80, 0x1B, 0xDB, 0x81, 0xB6, 0xCA, 0xA2, 0x82, 0xF5, 0x1B, 0x00, 0x96, 0x02, 0x07, 0x0A,
    0x3C, 0x89, 0x22, 0x07, 0x1A, 0xCB, 0xCB, 0x60, 0xA5, 0xC0, 0xA8, 0x32, 0xB6, 0x0C, 0x52, 0x00,
    0xDA, 0xE8, 0xEE, 0xFF, 0xDA, 0xC0, 0x1C, 0xDE, 0x77, 0x0F, 0xC9, 0x99, 0xDA, 0x5A, 0xE2, 0xFB,
    0x66, 0x0E, 0xD0, 0xE8, 0xEB, 0xDF, 0xFF, 0xAD, 0xA3, 0x48, 0x7F, 0x0A, 0x73, 0x7A, 0xA7, 0xE8,
    0x93, 0x07, 0xB5, 0x79, 0xFA, 0xE0, 0xC1, 0xDF, 0x78, 0x64, 0xFC, 0x67, 0x7A, 0x33, 0xF4, 0xEE,
    0x4B, 0x7D, 0x09, 0xC5, 0x66, 0x11, 0x28, 0x71, 0x05, 0x42, 0x94, 0x9A, 0x51, 0xA0, 0xDC, 0xF4,
    0x02, 0x95, 0xEE, 0x5F, 0x44, 0xB5, 0xE9, 0x04, 0x32, 0x46, 0x3C, 0xE1, 0xE0, 0x1E, 0x80, 0xE8,
    0xE8, 0xDF, 0x18, 0x50, 0x66, 0x06, 0x81, 0x0A, 0x73, 0x16, 0xA8, 0x74, 0xB7, 0x44, 0xD4, 0x9A,
    0x8A, 0x51, 0xEC, 0x1F, 0x00, 0x28, 0x81, 0x4A, 0xF4, 0xC8, 0x97, 0x19, 0x51, 0xE6, 0xCA, 0x8C,
    0x08, 0xCB, 0xE7, 0xFF, 0xF5, 0x65, 0x46, 0x04, 0xB7, 0xF4, 0x08, 0xCA, 0x0C, 0xE8, 0x88, 0xAD,
    0x54, 0xF8, 0x36, 0x1B, 0x14, 0xEA, 0x6F, 0x40, 0x8B, 0x42, 0xF4, 0x3C, 0xF9, 0xD3, 0xC2, 0xF6,
    0xA5, 0xCF, 0x8C, 0x2A, 0x75, 0xAE, 0xDE, 0x28, 0x81, 0xDB, 0x78, 0x74, 0x50, 0xEF, 0xBE, 0x16,
    0xBB, 0x52, 0xB5, 0xD4, 0x08, 0x54, 0xAB, 0x1A, 0x2C, 0x03, 0x74, 0xBA, 0x58, 0xF3, 0xBE, 0xA1,
    0xB9, 0x8D, 0xFA, 0x8B, 0x2D, 0x06, 0x95, 0xBD, 0xDB, 0xB6, 0x49, 0x80, 0x16, 0xD5, 0x27, 0x64,
    0x0F, 0x89, 0x4D, 0xD0, 0x7B, 0x8C, 0x40, 0xAD, 0x42, 0xA5, 0x42, 0x99, 0x42, 0x89, 0x42, 0xD1,
    0x43, 0x68, 0xD0, 0x07, 0x95, 0x9C, 0x1C, 0x5A, 0xD9, 0x12, 0xB6, 0xC8, 0xA6, 0x32, 0x9A, 0xB2,
    0x37, 0x0D, 0xA8, 0xC2, 0xCC, 0x21, 0x55, 0xAE, 0x6F, 0x1E, 0x50, 0xED, 0x5A, 0x51, 0x9A, 0x5A,
    0x5F, 0xEC, 0x14, 0x3C, 0x31, 0xC1, 0xAB, 0x03, 0x51, 0x47, 0x68, 0x43, 0x41, 0x65, 0xD8, 0x73,
    0x98, 0x2A, 0xB0, 0x13, 0x32, 0x55, 0x42, 0xA7, 0x11, 0x14, 0x75, 0x40, 0xA2, 0x5C, 0x19, 0x34,
    0x45, 0x65, 0x60, 0x2A, 0xC5, 0xEE, 0xCF, 0x14, 0x95, 0x81, 0x29, 0x2A, 0x03, 0x53, 0x35, 0x8E,
    0x06, 0xA6, 0xA8, 0x0C, 0x44, 0xC5, 0x5C, 0x49, 0x48, 0xAD, 0x65, 0x68, 0x02, 0x8A, 0xCB, 0x40,
    0x54, 0xB6, 0x56, 0x7C, 0x40, 0x95, 0x3C, 0x65, 0x22, 0x55, 0xD3, 0x03, 0x89, 0x32, 0xBE, 0x43,
    0x0B, 0x8A, 0xEB, 0x88, 0xAE, 0x13, 0xAC, 0x78, 0xA6, 0x44, 0x19, 0x90, 0xCA, 0xB9, 0x0C, 0x48,
    0x51, 0xC5, 0x7B, 0xCA, 0x0F, 0xE0, 0x5E, 0x52, 0xFE, 0x73, 0xDE, 0x52, 0xDD, 0x4B, 0x51, 0xE3,
    0x96, 0x52, 0x45, 0x85, 0xCF, 0x69, 0x4B, 0x0D, 0xBA, 0x5C, 0x0F, 0x3E, 0x37, 0x7B, 0xF5, 0xB5,
    0x53, 0xD1, 0x74, 0x7F, 0xD1, 0x42, 0x61, 0xA3, 0x1D, 0xF8, 0x91, 0x37, 0xB4, 0xF6, 0x5E, 0x9F,
    0xE0, 0x1A, 0xBB, 0xA9, 0x33, 0x71, 0x55, 0xDF, 0xD4, 0x0B, 0x77, 0xFA, 0x2A, 0x0D, 0x21, 0xD5,
    0xC9, 0x9B, 0x80, 0x3A, 0x6C, 0xFB, 0x7D, 0xB4, 0x1D, 0x1D, 0x3B, 0x63, 0xC8, 0x0D, 0xED, 0xCD,
    0xE0, 0x1B, 0xB6, 0xD4, 0xF4, 0x12, 0xA3, 0x96, 0xFA, 0xB4, 0xA4, 0x4C, 0xB4, 0x9D, 0x14, 0x42,
    0x8A, 0xDE, 0xE8, 0x70, 0xD3, 0x6C, 0x42, 0xE3, 0x5D, 0x74, 0x78, 0xEC, 0x16, 0x07, 0x39, 0x59,
    0x2D, 0x55, 0x40, 0x95, 0xD0, 0x55, 0x0E, 0x72, 0xE2, 0xDB, 0x50, 0xD9, 0x96, 0x4A, 0x80, 0x12,
    0xC3, 0x7C, 0xBD, 0x3F, 0x52, 0x38, 0xCC, 0xA3, 0xBB, 0x66, 0xAA, 0xB5, 0x04, 0x04, 0x73, 0xE3,
    0x14, 0xA1, 0x9C, 0x20, 0xB1, 0x5D, 0x4D, 0x24, 0xB6, 0x2B, 0x8F, 0xC4, 0xF9, 0x3A, 0xBC, 0xE4,
    0xFD, 0xEC, 0xFA, 0xF6, 0x89, 0xEB, 0xF1, 0x53, 0x24, 0x24, 0x06, 0x5C, 0x87, 0x50, 0x66, 0x40,
    0x8C, 0x52, 0x03, 0x5E, 0xA0, 0xDC, 0x80, 0x18, 0x25, 0x87, 0x60, 0x1D, 0x23, 0x5C, 0xE3, 0x8B,
    0x01, 0xA6, 0x4E, 0xE9, 0x31, 0x49, 0x10, 0x80, 0xE9, 0x71, 0x70, 0x95, 0xD2, 0x18, 0xF1, 0x38,
    0xA7, 0xC9, 0xC2, 0xE3, 0x52, 0xD4, 0xEE, 0x24, 0xDE, 0x06, 0x31, 0x0F, 0x61, 0x87, 0xF9, 0xF6,
    0xB6, 0x35, 0xD4, 0x14, 0x92, 0x28, 0xC1, 0x84, 0xF0, 0x10, 0x60, 0x13, 0xE2, 0x53, 0x80, 0xB9,
    0xBC, 0xB3, 0x9B, 0xEF, 0xC2, 0xF7, 0x59, 0x82, 0xF7, 0xD7, 0xF5, 0x11, 0xD1, 0x08, 0x05, 0xDC,
    0x06, 0xF5, 0x57, 0x73, 0x9F, 0x9E, 0x22, 0x59, 0x01, 0x17, 0xEA, 0x9F, 0x2A, 0xEC, 0x42, 0x7B,
    0x85, 0x98, 0x2A, 0x1C, 0xF0, 0x31, 0x68, 0xEF, 0xB0, 0x3F, 0x84, 0x98, 0x1A, 0xF4, 0x42, 0x7F,
    0xA2, 0x17, 0x64, 0x7C, 0x52, 0xB8, 0x85, 0x1F, 0x24, 0xD4, 0x5F, 0x7D, 0x0D, 0xB0, 0xF8, 0xAA,
    0x71, 0x16, 0xE0, 0x43, 0x80, 0xD7, 0x3F, 0xA8, 0x82, 0x9D, 0x0F, 0xCF, 0x53, 0x30, 0x3F, 0x29,
    0x3C, 0x5E, 0xF1, 0x87, 0x87, 0xBF, 0x7B, 0x00, 0x9F, 0xD6, 0x63, 0xF1, 0xF9, 0x5E, 0x70, 0xF8,
    0xFC, 0x6B, 0xFB, 0xBC, 0x37, 0x78, 0x79, 0xF2, 0x2F, 0x0A, 0xAF, 0xDB, 0xD5, 0xB7, 0x8D, 0x6B,
    0x16, 0x81, 0x4B, 0xDE, 0x0E, 0xD3, 0xC2, 0xF0, 0x61, 0xE1, 0xD8, 0xCC, 0x35, 0x4C, 0xC9, 0x4E,
    0xA9, 0xD2, 0xB2, 0xB8, 0x76, 0x05, 0x1E, 0xD0, 0xE7, 0xAD, 0x80, 0xDF, 0xB9, 0x89, 0xE7, 0x27,
    0x1F, 0x53, 0x25, 0x3E, 0xB8, 0x2F, 0x80, 0x99, 0x5E, 0x07, 0x70, 0x1F, 0x15, 0x5B, 0x43, 0xFB,
    0xDD, 0xED, 0x05, 0xB1, 0x04, 0xD1, 0x27, 0xF7, 0x25, 0x78, 0xB0, 0x95, 0x7D, 0x78, 0x37, 0x3C,
    0x32, 0x99, 0x10, 0x39, 0x7D, 0x5F, 0xA4, 0x7E, 0xFA, 0x69, 0x53, 0xCE, 0x44, 0xEB, 0x8E, 0xAE,
    0xE4, 0x87, 0x43, 0xA2, 0x58, 0xF4, 0x13, 0x49, 0x8A, 0xCF, 0x6D, 0x21, 0x77, 0xCB, 0x79, 0x6D,
    0xCD, 0x2B, 0xF9, 0x9E, 0x91, 0x2C, 0x68, 0x1E, 0x58, 0xE3, 0x84, 0x2B, 0x5D, 0x8E, 0x1A, 0x0D,
    0x5C, 0x07, 0x8B, 0x77, 0x43, 0xF8, 0xC1, 0x54, 0x31, 0x71, 0xC6, 0x12, 0x7F, 0x5C, 0x44, 0xA0,
    0xFE, 0x7E, 0x47, 0x84, 0x97, 0xFE, 0xEA, 0x8F, 0xB5, 0x92, 0x6F, 0x29, 0xC1, 0x63, 0xEE, 0x14,
    0xBD, 0xE0, 0xF3, 0x85, 0x31, 0xDF, 0x6C, 0x4C, 0xF7, 0x46, 0x28, 0x8C, 0x51, 0x11, 0xAE, 0x0C,
    0x22, 0x60, 0xC0, 0x50, 0x16, 0x11, 0x21, 0x75, 0x49, 0x2E, 0x0F, 0x34, 0x9B, 0xB2, 0x23, 0x05,
    0x7F, 0xBA, 0x7C, 0xF9, 0x99, 0xDA, 0xCD, 0x65, 0xBE, 0x1C, 0xC7, 0x59, 0x17, 0xCE, 0xA9, 0x10,
    0x7F, 0xA6, 0x6F, 0xE7, 0x8A, 0xFB, 0x23, 0x29, 0xAC, 0x9A, 0x39, 0x7C, 0xD5, 0x44, 0xE8, 0x5B,
    0xF1, 0x93, 0x9A, 0x6D, 0x15, 0xE5, 0x66, 0xAB, 0xD3, 0x2B, 0xF5, 0x0B, 0x40, 0x05, 0x90, 0x40,
    0xFC, 0xE0, 0x3E, 0x29, 0xF9, 0xA1, 0x92, 0xE2, 0x96, 0x46, 0x09, 0xA9, 0x7D, 0x73, 0xAA, 0x9B,
    0x03, 0x7E, 0x19, 0xB3, 0x56, 0x37, 0x61, 0x6B, 0x0B, 0x59, 0xAD, 0x8F, 0x6C, 0xBA, 0x21, 0x99,
    0x21, 0x85, 0x7B, 0xC4, 0xC2, 0x82, 0x8D, 0xB6, 0x8B, 0xC4, 0xBE, 0xF6, 0x5D, 0xBF, 0xA5, 0x40,
    0xCE, 0xAB, 0x30, 0x0B, 0x77, 0xC3, 0x9C, 0xAC, 0xD8, 0x33, 0x19, 0x6C, 0x0A, 0xA8, 0x29, 0x6F,
    0x30, 0xF2, 0xE6, 0x03, 0xE4, 0x0C, 0x5A, 0xB4, 0x4F, 0x64, 0x58, 0x41, 0x63, 0x42, 0x69, 0x1F,
    0x5C, 0xA2, 0x9A, 0xD6, 0xC0, 0x0B, 0x0E, 0x82, 0x5B, 0xE0, 0xF1, 0x23, 0x71, 0x29, 0xD4, 0x98,
    0xFB, 0xB7, 0xF6, 0x55, 0x95, 0x01, 0x97, 0xD8, 0x47, 0x12, 0x37, 0xF0, 0xE6, 0x1E, 0x38, 0xB0,
    0x87, 0xFB, 0xCD, 0x58, 0x8D, 0x26, 0xEF, 0x3E, 0x22, 0x35, 0xF0, 0x0D, 0x5C, 0xC9, 0x4D, 0xB1,
    0xC7, 0x55, 0xCC, 0x9D, 0xDE, 0x0E, 0x57, 0xEE, 0x72, 0xD3, 0x65, 0x4E, 0x94, 0xAF, 0x44, 0x55,
    0xBB, 0xE0, 0x0A, 0xCD, 0xC5, 0x9E, 0x9B, 0x65, 0xBD, 0x38, 0x0E, 0xDA, 0x97, 0xEB, 0x6A, 0x21,
    0xE3, 0x1D, 0xAA, 0xE2, 0x5D, 0x3D, 0x43, 0xDF, 0xE0, 0x7A, 0x9E, 0xC8, 0xA2, 0x87, 0x26, 0x18,
    0xE7, 0x47, 0x70, 0xF4, 0x8D, 0x7D, 0xA4, 0x76, 0x1B, 0xA9, 0x9F, 0x26, 0xD0, 0x45, 0xDC, 0x7D,
    0xD9, 0xBC, 0xCB, 0x4E, 0x2A, 0x31, 0xF4, 0x71, 0xE5, 0x2A, 0x01, 0x63, 0xA1, 0xC5, 0x3E, 0xD4,
    0x45, 0x51, 0x50, 0x81, 0xDE, 0xC6, 0x52, 0xA2, 0x7D, 0xA1, 0x67, 0x2D, 0x7F, 0x2E, 0x0B, 0x48,
    0x06, 0x06, 0x77, 0x27, 0xDF, 0xD9, 0xC0, 0xBA, 0x70, 0x34, 0xE8, 0x95, 0xD1, 0x50, 0x95, 0x1D,
    0x60, 0x90, 0xB9, 0x95, 0xAA, 0x25, 0xAB, 0xE9, 0x8C, 0x06, 0x4F, 0x67, 0xE9, 0xAB, 0xD8, 0x20,
    0xB0, 0xBE, 0xE4, 0x53, 0x5B, 0xAE, 0xC4, 0xFB, 0xAF, 0xF8, 0x3F, 0x6E, 0xFD, 0xD2, 0x97, 0x0F,
    0x30, 0x23, 0x56, 0x38, 0xA6, 0xD7, 0xAF, 0x66, 0x18, 0x91, 0xCF, 0xE0, 0xBB, 0x29, 0xBA, 0xE7,
    0x8B, 0x6B, 0x47, 0xEE, 0xB3, 0x07, 0x3F, 0xC5, 0x95, 0x73, 0x86, 0x59, 0x47, 0x7E, 0x06, 0x39,
    0x9C, 0x95, 0xE1, 0x07, 0x27, 0xCF, 0xA1, 0x65, 0xC5, 0x1D, 0xFC, 0x70, 0xA9, 0xEE, 0x0A, 0xFB,
    0x50, 0x8A, 0x7F, 0x74, 0xF7, 0xC9, 0x63, 0x9A, 0xA0, 0x3E, 0x5D, 0xA9, 0x5F, 0x44, 0xAF, 0xF8,
    0x89, 0xBF, 0x36, 0xCF, 0x05, 0x7C, 0x28, 0xAD, 0x54, 0xFE, 0x31, 0x93, 0x5E, 0x02, 0x02, 0x9B,
    0xD7, 0xA8, 0x27, 0xFE, 0x41, 0xFC, 0x76, 0x79, 0xD2, 0xF6, 0x3C, 0x3F, 0xAF, 0xD5, 0x17, 0xFF,
    0x2B, 0xAF, 0x2F, 0x83, 0x9E, 0xF8, 0x1B, 0x35, 0xE7, 0x2F, 0x7A, 0xDE, 0x1D, 0xA4, 0xD6, 0x01,
    0xBA, 0x19, 0xDC, 0x02, 0xCD, 0x9F, 0xAD, 0x6F, 0x1F, 0xF0, 0x2E, 0x48, 0x60, 0xA2, 0x3C, 0xE2,
    0xF8, 0xF0, 0xE5, 0x4E, 0xD1, 0xEA, 0xE5, 0x1B, 0x31, 0x43, 0x23, 0xD9, 0xB3, 0xCF, 0x6D, 0x01,
    0xDC, 0x6C, 0x66, 0x7B, 0x8E, 0x1D, 0xE3, 0x27, 0x98, 0x58, 0xDC, 0x50, 0xB0, 0x7D, 0xBE, 0x84,
    0x89, 0xB7, 0xB7, 0x77, 0x1F, 0x60, 0x08, 0x67, 0xDE, 0x6F, 0x69, 0x02, 0x58, 0xB8, 0xB2, 0x38,
    0x78, 0x72, 0x5D, 0xC1, 0xBE, 0xD5, 0xDA, 0x05, 0x6A, 0x80, 0xAE, 0xA0, 0x0B, 0xC0, 0xDA, 0xC1,
    0x7A, 0x01, 0x23, 0x5C, 0xBD, 0xF8, 0xDE, 0x03, 0xB0, 0x0D, 0xE0, 0x4C, 0xF0, 0x74, 0x03, 0x2C,
    0x43, 0x68, 0x4B, 0x55, 0x07, 0xD0, 0xDF, 0x79, 0x81, 0x17, 0x2C, 0x17, 0x28, 0x86, 0x1F, 0x7B,
    0xBE, 0x90, 0xEB, 0x9F, 0xF8, 0xB9, 0x02, 0xCA, 0x3C, 0x41, 0x5D, 0x79, 0xEB, 0xD7, 0xDA, 0xE6,
    0x29, 0x2C, 0x39, 0xEE, 0x05, 0x07, 0xA8, 0xE7, 0xCC, 0x16, 0x35, 0x5E, 0x6F, 0xE3, 0xD7, 0x87,
    0xA3, 0x2D, 0x4C, 0xB2, 0x3E, 0xD3, 0x2F, 0x21, 0x89, 0x6F, 0x90, 0x0E, 0x56, 0x99, 0xD8, 0xF6,
    0x9C, 0xCC, 0xDE, 0xCF, 0x7B, 0x92, 0xD8, 0x42, 0x17, 0x86, 0xAC, 0xF7, 0xA5, 0x6D, 0x05, 0x5E,
    0xD6, 0xD6, 0x8A, 0x8E, 0xCD, 0x10, 0x77, 0xA0, 0xD3, 0x39, 0x9A, 0x79, 0x95, 0x75, 0x8E, 0xEE,
    0xD6, 0x13, 0xF8, 0xF5, 0x55, 0xC5, 0xE8, 0x9A, 0xF6, 0xE4, 0x2D, 0xE8, 0x4E, 0x1B, 0x6C, 0x1B,
    0xFE, 0xAB, 0x9F, 0xD2, 0x48, 0x3C, 0x04, 0x83, 0xB0, 0xD6, 0xE3, 0xCF, 0x4B, 0x3D, 0xA6, 0xC5,
    0xA1, 0x67, 0xC7, 0x82, 0xF9, 0x66, 0xFD, 0xA3, 0x47, 0x28, 0x3B, 0x2D, 0x8F, 0x5F, 0x7E, 0x5C,
    0x3D, 0x54, 0x92, 0xD6, 0x43, 0xE5, 0x9A, 0x92, 0xC2, 0x90, 0xD6, 0xF2, 0xD1, 0x20, 0x85, 0xAF,
    0x8D, 0x1F, 0x1B, 0xBB, 0x66, 0x09, 0x5B, 0xB3, 0xED, 0xE8, 0xCF, 0xAB, 0x18, 0x8B, 0x9C, 0xF9,
    0x51, 0x70, 0x00, 0x81, 0xAE, 0x34, 0xE8, 0x46, 0xE6, 0x1E, 0xCD, 0xC6, 0x50, 0xFB, 0xC7, 0xB1,
    0xF0, 0x09, 0x98, 0x1D, 0xD9, 0x0B, 0xD9, 0x27, 0x95, 0x7E, 0x12, 0x8D, 0x90, 0x91, 0xDC, 0x72,
    0x50, 0x4A, 0x07, 0x91, 0xB3, 0x94, 0x8C, 0x8C, 0xF3, 0xC7, 0x1A, 0x58, 0x54, 0x1B, 0x84, 0xB3,
    0x8A, 0x5D, 0x27, 0x0F, 0x46, 0x9A, 0x27, 0x26, 0xB1, 0x9D, 0xB4, 0x2D, 0x7F, 0x14, 0x30, 0x37,
    0x63, 0x2A, 0x44, 0xB3, 0x3B, 0x15, 0xBB, 0x6C, 0x04, 0x1E, 0x1C, 0xF8, 0xFB, 0x45, 0xC3, 0x59,
    0x4B, 0xB9, 0xB3, 0x16, 0xF0, 0xA6, 0xD7, 0x86, 0xB5, 0x96, 0x8C, 0xDF, 0x0B, 0xF8, 0x26, 0xEF,
    0x1B, 0x54, 0x5D, 0x50, 0xCF, 0x59, 0x08, 0x4D, 0x20, 0x70, 0x07, 0x1B, 0x8B, 0x46, 0x8B, 0xE8,
    0xEC, 0x88, 0x65, 0x1E, 0x49, 0xB8, 0x8E, 0xDF, 0x58, 0x74, 0x15, 0xBB, 0xE2, 0x8B, 0x8E, 0xB4,
    0x4E, 0x00, 0x51, 0xCB, 0x6F, 0x98, 0xB9, 0x39, 0x57, 0xB8, 0xF5, 0x8E, 0xB6, 0xCF, 0xF3, 0xEB,
    0xF4, 0x72, 0x89, 0xB1, 0x77, 0x3D, 0x1A, 0xF6, 0x6C, 0x30, 0x9D, 0xD8, 0x2A, 0xF8, 0x1E, 0x47,
    0x83, 0xCF, 0x77, 0xF4, 0xDA, 0x90, 0xCF, 0xA4, 0x9F, 0x05, 0xDD, 0xB2, 0x6F, 0x07, 0x45, 0x0F,
    0x83, 0xF9, 0x1B, 0xEB, 0x69, 0x43, 0x42, 0xD1, 0x3A, 0x26, 0x7F, 0x45, 0xFB, 0x1D, 0x9A, 0x64,
    0x26, 0xB5, 0xC4, 0xC3, 0xAB, 0x1D, 0x02, 0x4F, 0x33, 0xED, 0xED, 0x8A, 0x5F, 0xD3, 0x20, 0xB8,
    0x67, 0x8C, 0x9A, 0x56, 0x7E, 0x1C, 0x6C, 0xE7, 0x82, 0x8D, 0xDC, 0xAD, 0x81, 0x95, 0xDE, 0x0E,
    0x56, 0x37, 0x48, 0x23, 0xCF, 0x76, 0x44, 0x11, 0x3F, 0x25, 0x36, 0xA2, 0x3E, 0x07, 0x51, 0x3B,
    0x0B, 0xEF, 0xA2, 0xD0, 0x55, 0xD0, 0x3C, 0xFB, 0xCB, 0x87, 0xBE, 0x75, 0xDC, 0xD7, 0xBE, 0xE1,
    0x12, 0x03, 0xAB, 0xF4, 0x42, 0xBB, 0xAA, 0xA3, 0x9F, 0xDC, 0xD8, 0x93, 0xAA, 0x84, 0x3E, 0x66,
    0x17, 0xA5, 0x96, 0xA4, 0xB2, 0x81, 0x5C, 0xAA, 0x56, 0x99, 0x93, 0xBC, 0x6C, 0x92, 0x67, 0xCA,
    0x1C, 0x99, 0x8A, 0x51, 0x93, 0xA9, 0xEB, 0x41, 0x8C, 0x9D, 0x5E, 0x0C, 0xAB, 0x5E, 0x8C, 0xB8,
    0xF3, 0x85, 0xEB, 0x93, 0x18, 0xD1, 0x97, 0xAE, 0xBB, 0x97, 0xB8, 0xDE, 0xFF, 0xDB, 0x52, 0x5D,
    0x5F, 0x2A, 0xC3, 0x7E, 0x99, 0x73, 0xF1, 0x5E, 0xF2, 0x7D, 0x65, 0x3D, 0x1C, 0xA9, 0x7E, 0xFE,
    0x82, 0x76, 0x8D, 0x6B, 0x07, 0xE0, 0xFA, 0xB4, 0x56, 0x26, 0x76, 0xDA, 0x19, 0xC9, 0xAD, 0xD4,
    0x0A, 0x5A, 0x05, 0x39, 0xED, 0x9C, 0xC8, 0x57, 0xD2, 0xFE, 0x1D, 0xB4, 0xA3, 0x93, 0xE1, 0x63,
    0x03, 0x23, 0x74, 0xF2, 0x5D, 0xE3, 0x59, 0xF5, 0xB9, 0x6F, 0xF7, 0x5C, 0xF4, 0x87, 0x44, 0x2E,
    0xA8, 0xA2, 0xFF, 0xC0, 0x3A, 0xDC, 0xB0, 0x74, 0x3B, 0xEC, 0xF4, 0xC3, 0xF5, 0x57, 0xFD, 0x2D,
    0xB8, 0xE6, 0x06, 0x09, 0xBC, 0xAB, 0xF7, 0x8C, 0x0D, 0xE4, 0x60, 0xFD, 0x36, 0x60, 0x70, 0xE7,
    0x40, 0xCB, 0x71, 0x85, 0x57, 0x78, 0x85, 0xDF, 0x17, 0x7C, 0xFE, 0xE4, 0x91, 0x84, 0xEA, 0xFB,
    0xB7, 0x08, 0x5B, 0x13, 0x3C, 0xB9, 0xD0, 0x30, 0x7F, 0x0F, 0x61, 0xE6, 0xA7, 0x50, 0xB1, 0xE9,
    0xEB, 0xDA, 0x57, 0xBC, 0x96, 0x7F, 0xEB, 0xDD, 0x9E, 0x67, 0x6B, 0x0F, 0x61, 0x05, 0x1A, 0x2D,
    0x7B, 0xD7, 0xEB, 0x0F, 0xE3, 0x7A, 0xA6, 0xB5, 0xF6, 0x28, 0x86, 0xC4, 0x9B, 0x5C, 0x5B, 0x74,
    0xBB, 0xAE, 0x13, 0x39, 0x4E, 0xF6, 0x64, 0x0B, 0xAD, 0x12, 0x9C, 0x5B, 0x2D, 0xE8, 0x96, 0x42,
    0x06, 0x2E, 0xCD, 0x20, 0xCD, 0x29, 0xAB, 0x34, 0x97, 0x89, 0x3D, 0xDD, 0x7A, 0x29, 0x7C, 0x72,
    0xAC, 0x0C, 0x78, 0x30, 0xD2, 0xB0, 0x2C, 0xEC, 0x29, 0xF6, 0x39, 0xD2, 0xE4, 0xE2, 0x04, 0x4C,
    0x7E, 0x92, 0x93, 0x49, 0x39, 0x7E, 0xC6, 0xA9, 0x79, 0x53, 0x11, 0x4C, 0xD2, 0x09, 0xEF, 0x1F,
    0xA7, 0xD1, 0xB3, 0x4F, 0xEB, 0x23, 0x61, 0xBC, 0xC0, 0x27, 0xA5, 0x66, 0x96, 0x5B, 0xDE, 0x0C,
    0xAD, 0x0A, 0x46, 0xCA, 0xBE, 0xF8, 0xA4, 0x1A, 0x63, 0xEE, 0x30, 0xE0, 0xA9, 0x83, 0x3B, 0x9E,
    0xE9, 0x39, 0xF4, 0x24, 0xDA, 0x1A, 0xF8, 0x7D, 0x2A, 0x49, 0xC5, 0xA5, 0x7B, 0x20, 0x09, 0xCF,
    0x5E, 0xCB, 0x4D, 0x32, 0xB6, 0x7F, 0x12, 0x89, 0xE8, 0xFE, 0x49, 0x32, 0xAA, 0xE6, 0x2C, 0xBC,
    0xFC, 0xDD, 0xF2, 0x90, 0xF0, 0xEE, 0xDC, 0x36, 0x8C, 0x90, 0xBE, 0xED, 0x93, 0x84, 0x90, 0x6E,
    0x9F, 0x54, 0x2A, 0x1D, 0x54, 0x23, 0xB6, 0x08, 0x76, 0x1F, 0xAC, 0xE3, 0x9D, 0xFE, 0x20, 0xB7,
    0xEE, 0xA4, 0xCB, 0x66, 0x59, 0x79, 0x54, 0xE6, 0x32, 0xD9, 0x87, 0x32, 0xA3, 0xCC, 0x6C, 0xA9,
    0x8A, 0xB7, 0x72, 0xD2, 0x78, 0xA5, 0x4C, 0x77, 0x8B, 0xEE, 0x6C, 0xAF, 0xA4, 0x9A, 0xB8, 0xC2,
    0xF7, 0x0C, 0x52, 0x8F, 0x2C, 0x45, 0xB4, 0xCB, 0xB9, 0x14, 0x73, 0x65, 0x5F, 0x50, 0xA7, 0xCD,
    0xCC, 0x29, 0xA7, 0x3F, 0xCF, 0x4D, 0xC7, 0xFB, 0xCC, 0xC2, 0x34, 0x47, 0x31, 0x1D, 0x88, 0xDD,
    0x65, 0x6D, 0x68, 0x28, 0x3A, 0xED, 0x3B, 0x47, 0x48, 0xD9, 0x3F, 0xE6, 0xE0, 0xAD, 0x91, 0x3D,
    0x58, 0x12, 0x6F, 0xDC, 0xEC, 0xA1, 0x00, 0x67, 0x7B, 0xFB, 0x01, 0x0B, 0xC0, 0xA1, 0xC1, 0x4E,
    0xC1, 0x9D, 0x51, 0xE8, 0x48, 0xC3, 0xFB, 0x5B, 0xA7, 0x27, 0xC7, 0x22, 0x38, 0x0D, 0x3B, 0x16,
    0xC1, 0x8F, 0x1A, 0x9C, 0x30, 0x26, 0x06, 0x07, 0x3F, 0x80, 0x7C, 0x11, 0x60, 0x0A, 0x2E, 0xC1,
    0xE6, 0x70, 0xF6, 0x0F, 0x18, 0xB0, 0x00, 0x38, 0x2F, 0x65, 0x18, 0x38, 0xC8, 0xCA, 0x78, 0x28,
    0x42, 0x69, 0xC4, 0xE4, 0xE6, 0x55, 0xFC, 0x50, 0x04, 0x1C, 0xB6, 0x6E, 0x12, 0x61, 0x95, 0x6F,
    0xB7, 0x7E, 0x3D, 0xF0, 0xEC, 0x99, 0xB0, 0xF6, 0xB7, 0xC7, 0x02, 0xF8, 0x22, 0x64, 0xAC, 0x08,
    0x1E, 0x25, 0x98, 0x38, 0x16, 0xC6, 0x16, 0xA1, 0x34, 0x62, 0x1E, 0xAF, 0x85, 0x7A, 0xB8, 0x92,
    0xCA, 0xE1, 0x46, 0x82, 0x5F, 0x4B, 0x6B, 0xD1, 0x7F, 0x6B, 0x2F, 0xF6, 0xB3, 0xF4, 0x4E, 0xE8,
    0xE4, 0xC4, 0xA2, 0x40, 0x25, 0x3D, 0x16, 0xE4, 0x0C, 0xC3, 0x53, 0xCA, 0x41, 0x4D, 0x28, 0x01,
    0x18, 0xE4, 0x94, 0xD6, 0x47, 0xBB, 0xFA, 0x8F, 0x0F, 0x10, 0x88, 0xC9, 0xF9, 0xC7, 0x4F, 0x76,
    0x95, 0x71, 0xD7, 0x25, 0xFF, 0xBA, 0xE4, 0x7F, 0x2F, 0x4B, 0x7E, 0xAA, 0x1D, 0x64, 0x33, 0x6D,
    0x11, 0x7F, 0x13, 0x98, 0x6E, 0x5C, 0x6F, 0xAF, 0x2B, 0xF1, 0x75, 0xC9, 0xBF, 0x2E, 0xF9, 0x1F,
    0xED, 0x92, 0xCF, 0xF3, 0x43, 0x23, 0xEC, 0x70, 0xF6, 0xEE, 0xAF, 0x03, 0xB2, 0x50, 0x23, 0xFE,
    0xBE, 0x2F, 0xF9, 0x91, 0xB4, 0x99, 0xFA, 0x50, 0xE6, 0x5C, 0x18, 0xF2, 0x9C, 0x0B, 0x38, 0x2F,
    0xB8, 0x90, 0xF3, 0x20, 0x51, 0xAB, 0x79, 0xE3, 0xE8, 0x41, 0xDB, 0x7E, 0x5B, 0xB1, 0xA2, 0xC3,
    0xC2, 0x6B, 0xE8, 0x21, 0xE0, 0xEB, 0x87, 0x75, 0x08, 0x7E, 0xE6, 0x69, 0x98, 0x2A, 0x22, 0x11,
    0x4B, 0x79, 0x03, 0x4F, 0x1F, 0xB4, 0x81, 0xB9, 0xA5, 0x11, 0x3B, 0x4B, 0xDB, 0xAD, 0x48, 0x83,
    0x91, 0xD3, 0x92, 0xDE, 0x53, 0x01, 0x3B, 0xF1, 0x10, 0x5A, 0xD6, 0x39, 0x8D, 0x05, 0x3C, 0xE6,
    0xC8, 0x15, 0xD3, 0x82, 0xE7, 0xCB, 0xCC, 0x15, 0xB5, 0x44, 0x2A, 0x3B, 0x49, 0x6E, 0xD8, 0xAB,
    0x45, 0x3C, 0x46, 0xAC, 0x8F, 0x09, 0xAC, 0xE9, 0x8D, 0x58, 0x10, 0x07, 0xF9, 0x10, 0xFF, 0x98,
    0x4C, 0x2E, 0xBF, 0xF6, 0x31, 0x85, 0x5C, 0x80, 0xED, 0x63, 0x94, 0xCC, 0x9A, 0xBA, 0xE5, 0xFC,
    0xA4, 0x56, 0xDD, 0x3F, 0x28, 0x4B, 0x6C, 0xBC, 0xEB, 0x99, 0x1B, 0xF8, 0x45, 0x04, 0x7E, 0xBF,
    0x79, 0xA8, 0x09, 0x0E, 0x96, 0x76, 0xBF, 0xB8, 0x2B, 0x73, 0x6F, 0x6C, 0x42, 0xEF, 0xD9, 0x0D,
    0xD1, 0xEE, 0xFC, 0x42, 0xDD, 0xF4, 0x60, 0x02, 0x4F, 0xDD, 0x63, 0x58, 0x8E, 0xCC, 0x98, 0x70,
    0xD1, 0x09, 0xDE, 0xA5, 0x0E, 0xDF, 0x36, 0xC8, 0xFC, 0x62, 0x1F, 0xF2, 0x1B, 0xF5, 0x98, 0xF5,
    0x21, 0x71, 0x20, 0xD6, 0xCC, 0x7A, 0xCB, 0x50, 0x38, 0x4F, 0x83, 0x45, 0x6F, 0x1B, 0x0A, 0x2D,
    0x36, 0x9D, 0xA3, 0x2C, 0xCC, 0x7B, 0x93, 0x88, 0xE9, 0xCD, 0xB5, 0xB3, 0x90, 0x82, 0xC1, 0x83,
    0x42, 0xA5, 0x25, 0x9B, 0x22, 0x29, 0xFA, 0x42, 0x67, 0x2A, 0xA4, 0x14, 0x78, 0xF6, 0x55, 0xD0,
    0x89, 0x87, 0x44, 0xE2, 0x31, 0xD0, 0x99, 0xF8, 0x31, 0xE8, 0xA6, 0x61, 0x38, 0x93, 0xC1, 0xA4,
    0x86, 0x09, 0xF9, 0xD9, 0xD1, 0x63, 0xF0, 0x66, 0x19, 0x67, 0xA2, 0xE9, 0xE4, 0x30, 0x51, 0x49,
    0x94, 0x7A, 0xF9, 0x10, 0x7A, 0x0C, 0x0B, 0x02, 0xF0, 0x18, 0x4E, 0x53, 0xB3, 0x3E, 0xE6, 0x8F,
    0x4F, 0x64, 0xD2, 0x20, 0x37, 0xA1, 0x56, 0x3A, 0xC5, 0xC9, 0x4A, 0x1C, 0x55, 0x96, 0x9C, 0x15,
    0x48, 0x87, 0x13, 0xEF, 0xF8, 0x25, 0x1A, 0xC8, 0xF6, 0xDF, 0xAA, 0x16, 0x9B, 0x97, 0xC2, 0x13,
    0x67, 0xD5, 0x7F, 0xF5, 0xFC, 0x17, 0x6F, 0x1C, 0xC0, 0xDF, 0x6B, 0x62, 0x3B, 0xAF, 0xA7, 0x34,
    0x2E, 0x5A, 0xA3, 0x12, 0xDF, 0x2C, 0xC2, 0x05, 0xC7, 0xE9, 0xBD, 0x63, 0x6E, 0x73, 0xE7, 0x94,
    0x07, 0x15, 0x89, 0xFE, 0x8C, 0x13, 0x74, 0x94, 0x26, 0xE2, 0xDB, 0xF8, 0x7F, 0x8E, 0xE8, 0x47,
    0x8B, 0x79, 0x6A, 0x7C, 0x5A, 0xB8, 0x41, 0x58, 0xB1, 0x30, 0x79, 0x48, 0xA9, 0x72, 0xAD, 0xE4,
    0xD0, 0xF9, 0xA9, 0x71, 0xAA, 0xF5, 0xAF, 0x67, 0xDE, 0xA0, 0x38, 0xAF, 0x00, 0x39, 0xB2, 0xFA,
    0x88, 0xBB, 0x6B, 0x21, 0x92, 0xE6, 0x4C, 0x14, 0x06, 0x01, 0xE9, 0xC4, 0x16, 0x31, 0xE0, 0x7E,
    0xAE, 0x12, 0x32, 0xFD, 0x49, 0x0C, 0x71, 0x95, 0xD2, 0xC9, 0x75, 0x9F, 0x46, 0xCD, 0x7D, 0x6A,
    0xE2, 0x9B, 0xD4, 0xAC, 0x37, 0x5C, 0xD8, 0x2F, 0x07, 0x5A, 0x06, 0xAD, 0xE0, 0xD4, 0x5B, 0x21,
    0x25, 0xDD, 0xB8, 0xBE, 0xDA, 0xAB, 0xB9, 0x79, 0x14, 0x37, 0x11, 0x6E, 0x58, 0x6B, 0x35, 0x0B,
    0x3F, 0xAB, 0xCC, 0x0C, 0x47, 0x99, 0x3E, 0xE8, 0x2C, 0x7C, 0xEC, 0xEC, 0x76, 0x8F, 0xCB, 0x26,
    0xFC, 0xCD, 0xC1, 0xA3, 0x3B, 0xC7, 0xDB, 0x38, 0x69, 0x33, 0x35, 0x14, 0x5A, 0xD2, 0x8B, 0xED,
    0xB4, 0xDF, 0x33, 0x62, 0xD9, 0x7C, 0xF9, 0x6B, 0xE5, 0xF6, 0x0F, 0x2E, 0xBB, 0x29, 0x79, 0x69,
    0x57, 0x6C, 0x33, 0x84, 0xB2, 0xD5, 0x94, 0x85, 0xAE, 0x17, 0xFD, 0xD6, 0x7A, 0x09, 0x57, 0x09,
    0xBB, 0x5B, 0xAD, 0xBF, 0xA5, 0xED, 0xAC, 0xAD, 0xFE, 0x2E, 0x17, 0x8B, 0xB5, 0xE9, 0x4A, 0xB1,
    0x52, 0x5B, 0xD4, 0xEC, 0x2F, 0x1F, 0xB9, 0x42, 0xD9, 0x7B, 0x82, 0xE2, 0x07, 0xFB, 0x62, 0x59,
    0x18, 0x46, 0xEA, 0xB6, 0x0C, 0xE6, 0xFB, 0x22, 0x77, 0x9F, 0x2E, 0x86, 0xAE, 0x54, 0x9A, 0xA8,
    0x25, 0xE0, 0x4A, 0x5E, 0xC9, 0x2B, 0x79, 0x25, 0xDF, 0x3F, 0xD2, 0x3C, 0x81, 0x8F, 0xF5, 0xB7,
    0xF9, 0x45, 0xA0, 0x3B, 0x50, 0xD9, 0xF1, 0x7E, 0x48, 0x32, 0xD2, 0xDB, 0xA3, 0x8F, 0x97, 0x4C,
    0xF6, 0xC8, 0x48, 0x7A, 0xFA, 0x80, 0x14, 0xD9, 0x2A, 0x62, 0x7A, 0x2D, 0xA2, 0x0E, 0x89, 0x4F,
    0x5C, 0x40, 0xF4, 0x53, 0xE7, 0x06, 0x94, 0xB0, 0xC6, 0x5F, 0xE7, 0xA1, 0xBB, 0x12, 0x57, 0xE2,
    0x56, 0x10, 0x4F, 0x21, 0xF3, 0x08, 0xF8, 0x35, 0x95, 0x62, 0x56, 0xE9, 0xDF, 0x16, 0x51, 0x84,
    0x84, 0xDC, 0x43, 0xF5, 0xE1, 0x80, 0xBE, 0xA5, 0x44, 0x12, 0x12, 0xBB, 0x13, 0x4C, 0x4F, 0xEF,
    0xB5, 0x44, 0x32, 0x4B, 0x46, 0x76, 0xC5, 0x1F, 0x24, 0x1E, 0x14, 0xE6, 0x18, 0xAB, 0x4C, 0x44,
    0x21, 0x30, 0x2E, 0x69, 0xC7, 0x8E, 0x78, 0x51, 0xB8, 0x20, 0x55, 0x40, 0x06, 0x01, 0x94, 0x9C,
    0xFB, 0x18, 0x70, 0x8F, 0x7B, 0xDF, 0xC5, 0xEF, 0xA4, 0xDD, 0x0D, 0x31, 0xDE, 0x0F, 0x95, 0xA4,
    0x0F, 0x31, 0xB8, 0xC1, 0x8E, 0xB8, 0xAF, 0x3E, 0x6B, 0x29, 0xD8, 0x41, 0xF8, 0xAB, 0x72, 0x20,
    0xAC, 0x51, 0xF9, 0x06, 0xFC, 0xE7, 0xF7, 0x1E, 0x63, 0x50, 0xF2, 0xB3, 0x8C, 0x12, 0x07, 0x78,
    0x7B, 0x09, 0xE2, 0x18, 0x42, 0x97, 0x48, 0x70, 0xB2, 0x51, 0x4F, 0x8F, 0x37, 0x41, 0x60, 0x57,
    0xBC, 0xC1, 0xAB, 0x4C, 0x19, 0x28, 0xAF, 0xE5, 0xDE, 0xFF, 0x6D, 0xE3, 0xD4, 0x84, 0x0A, 0xF5,
    0x28, 0xC4, 0xED, 0x7B, 0x8E, 0x6B, 0xAB, 0xD6, 0x6D, 0x60, 0xF2, 0x1E, 0xF9, 0xFB, 0xD4, 0x8B,
    0x6D, 0x57, 0xD0, 0xD2, 0x81, 0x22, 0x13, 0x9B, 0xBD, 0x53, 0xEF, 0x54, 0xD3, 0x4B, 0x30, 0x92,
    0x79, 0x97, 0x42, 0x3D, 0x5B, 0x1F, 0xF6, 0xEE, 0xEA, 0x37, 0x85, 0xD8, 0x79, 0x1B, 0x11, 0x75,
    0xD7, 0x60, 0x24, 0x9D, 0x59, 0xBE, 0x86, 0xAD, 0x48, 0xAC, 0xF6, 0x25, 0x2A, 0xDC, 0x11, 0xE6,
    0x9B, 0xBF, 0xC6, 0xEC, 0xD4, 0x76, 0xEE, 0x48, 0xD1, 0x32, 0x60, 0x27, 0x33, 0xD4, 0xF5, 0x7D,
    0x61, 0xBE, 0xD5, 0x81, 0x63, 0xB7, 0x02, 0xB0, 0xF3, 0xB7, 0x1B, 0x50, 0xFD, 0x9B, 0x80, 0xC0,
    0x7E, 0x95, 0xDE, 0x62, 0xA0, 0x65, 0xA1, 0xD0, 0x21, 0xBC, 0x16, 0x49, 0xD3, 0x6D, 0x6C, 0x58,
    0x7F, 0x09, 0x35, 0x57, 0xF4, 0x2E, 0xD0, 0xDF, 0x29, 0x04, 0x6E, 0x6F, 0x1B, 0x34, 0x5C, 0x44,
    0x5E, 0x68, 0x61, 0x34, 0x09, 0xE4, 0x05, 0x16, 0x46, 0x46, 0x20, 0x6F, 0xD6, 0x46, 0x94, 0x39,
    0xC9, 0xC3, 0xE7, 0x0E, 0x32, 0x4D, 0xEA, 0x4C, 0x0C, 0xCE, 0xC1, 0x64, 0x45, 0xDE, 0x17, 0x63,
    0x45, 0x56, 0x2E, 0xB1, 0xFE, 0x7E, 0x6B, 0x8F, 0x31, 0xDD, 0x3D, 0xEF, 0x78, 0x61, 0xFF, 0xFF,
    0x47, 0xF3, 0x3F, 0xE0, 0x86, 0x21, 0xF7, 0x0E, 0x8D, 0x14, 0x4F, 0x56, 0x44, 0xC2, 0xC9, 0x9F,
    0xBC, 0x1F, 0x0B, 0xC8, 0x2D, 0x89, 0x74, 0xDF, 0x38, 0x81, 0xD3, 0x41, 0xEB, 0x63, 0x3A, 0xC1,
    0x70, 0x7F, 0x77, 0x85, 0x4F, 0x85, 0x19, 0x3F, 0xC6, 0x52, 0xC3, 0x4A, 0x78, 0x6B, 0xD1, 0x27,
    0xCA, 0xF9, 0x20, 0xBA, 0x7D, 0xA8, 0x52, 0xC6, 0x73, 0x3A, 0x8F, 0xE1, 0x60, 0x3D, 0x44, 0xD1,
    0x36, 0xBC, 0xDC, 0xC6, 0xCB, 0x4F, 0xF8, 0xD2, 0x45, 0x10, 0xBF, 0xFE, 0xE5, 0x09, 0x2F, 0xDD,
    0x44, 0xE8, 0x2F, 0xBD, 0xF5, 0x04, 0x2E, 0x47, 0xBC, 0x74, 0x46, 0xB1, 0xF5, 0x72, 0xFD, 0xD7,
    0x2D, 0xA5, 0xA6, 0x59, 0x97, 0xCF, 0xC5, 0x2D, 0xA4, 0xE6, 0x1F, 0x5A, 0xDF, 0x95, 0x49, 0x1A,
    0x17, 0x97, 0xB0, 0x84, 0xFE, 0x79, 0xBD, 0x04, 0xC5, 0xDF, 0xCF, 0xD7, 0x4B, 0xBF, 0x7C, 0x8E,
    0x09, 0xE6, 0x35, 0x59, 0xC0, 0x6C, 0xF6, 0x85, 0x0F, 0x89, 0x06, 0xEB, 0xFE, 0x0F, 0x75, 0x19,
    0x45, 0xAF, 0x7B, 0x79, 0x08, 0x32, 0xB7, 0xB5, 0x3A, 0x0E, 0xF1, 0x0A, 0x5E, 0x09, 0xC4, 0x3E,
    0x35, 0x9D, 0x03, 0x9F, 0x43, 0xAE, 0x08, 0x0B, 0xEE, 0xA1, 0x5F, 0xEC, 0x0A, 0xEE, 0x92, 0x80,
    0xB6, 0x82, 0x9A, 0xE6, 0xDB, 0x76, 0xED, 0x71, 0x94, 0x9B, 0xA2, 0x95, 0x47, 0x0E, 0xB4, 0x72,
    0xDB, 0xE8, 0xC0, 0xB3, 0xFB, 0x9F, 0xB4, 0x18, 0x1A, 0x0E, 0x59, 0x93, 0x5C, 0xA4, 0x24, 0x7A,
    0x5C, 0xD9, 0x0C, 0x9D, 0x24, 0x7E, 0x9A, 0xBE, 0x15, 0xC7, 0xEF, 0x0C, 0x5C, 0x6A, 0x95, 0xAD,
    0xB9, 0x95, 0xF9, 0x9C, 0x4B, 0x09, 0x0A, 0x3B, 0xBB, 0xB0, 0xD1, 0x51, 0x81, 0x45, 0xED, 0xD1,
    0xAF, 0xE0, 0x07, 0x02, 0x2C, 0x14, 0xA6, 0xA1, 0x3F, 0x59, 0xF7, 0xF1, 0x5D, 0xAF, 0xF2, 0xC7,
    0x23, 0xBC, 0x86, 0xC4, 0x64, 0xF6, 0x3A, 0x85, 0xC4, 0x13, 0xF6, 0xBA, 0x05, 0xEF, 0xFA, 0xF5,
    0xFA, 0x68, 0x48, 0x18, 0xEA, 0x0A, 0xF4, 0x5F, 0x2F, 0xCD, 0xBF, 0x59, 0xD7, 0x08, 0xB7, 0x69,
    0x28, 0xCD, 0x6F, 0xED, 0x3D, 0x8E, 0x76, 0x28, 0xA2, 0xA3, 0x6C, 0xEB, 0xFC, 0xD0, 0x30, 0x27,
    0xDD, 0x6C, 0xAF, 0x47, 0x54, 0x44, 0x96, 0xEC, 0x34, 0x49, 0xBE, 0x96, 0xFE, 0x7A, 0x44, 0x25,
    0x0E, 0xA9, 0x86, 0xAD, 0xEF, 0x53, 0xC9, 0xCE, 0x96, 0xD7, 0xEB, 0x0F, 0xE3, 0xFA, 0xAA, 0xAA,
    0xBE, 0xAA, 0xAA, 0xAF, 0xAA, 0xEA, 0xAB, 0xAA, 0xFA, 0xAA, 0xAA, 0xBE, 0xAA, 0xAA, 0xAF, 0xAA,
    0xEA, 0xAB, 0xAA, 0xFA, 0xE3, 0x54, 0x55, 0x87, 0x9F, 0x75, 0x43, 0xBC, 0xDC, 0xD7, 0xD4, 0x3D,
    0x95, 0x88, 0x15, 0xF7, 0xA8, 0x2A, 0x93, 0xB1, 0x5C, 0x8D, 0x2A, 0x35, 0x4B, 0x85, 0x07, 0x0E,
    0xF3, 0x22, 0xA5, 0x22, 0x46, 0xCC, 0x26, 0xFD, 0xBD, 0x5D, 0xF6, 0x1E, 0xDB, 0x0C, 0xB1, 0x2A,
    0x4C, 0xC4, 0x6D, 0x1A, 0x6A, 0xDD, 0x2A, 0x23, 0xDC, 0x76, 0x12, 0x25, 0xE9, 0xE0, 0xF1, 0xC2,
    0x77, 0x8D, 0x73, 0xC5, 0x56, 0xF4, 0x88, 0x91, 0x6E, 0xD2, 0x51, 0x89, 0xE9, 0x78, 0xCE, 0xED,
    0x09, 0xBC, 0xEA, 0xDB, 0x8A, 0x66, 0xAE, 0x41, 0x4A, 0x8D, 0xB8, 0x37, 0x8F, 0x78, 0x18, 0xD2,
    0xAE, 0x3C, 0xBA, 0xFB, 0x28, 0x8A, 0x64, 0x88, 0x52, 0xE6, 0xF4, 0x57, 0x8D, 0x38, 0xB5, 0xD7,
    0x47, 0x6B, 0xB9, 0xF0, 0xC6, 0x5A, 0x9D, 0x8D, 0x5A, 0xE5, 0x7E, 0xAB, 0x74, 0x96, 0x8A, 0xC7,
    0x22, 0x88, 0x9A, 0x3A, 0xA0, 0xC7, 0xB7, 0xCA, 0x12, 0x6A, 0xB9, 0x4A, 0x9D, 0x82, 0x6B, 0xFF,
    0xA6, 0x74, 0x61, 0x04, 0x42, 0x79, 0x09, 0x9C, 0x52, 0x61, 0x1A, 0x1B, 0x83, 0xDA, 0x84, 0x5C,
    0x5F, 0xFA, 0x78, 0x1D, 0xA5, 0x59, 0xB1, 0xD9, 0xCC, 0x83, 0xF8, 0xAC, 0x3E, 0x77, 0x61, 0x93,
    0x9A, 0xCB, 0x30, 0xB7, 0x38, 0x73, 0xD6, 0x37, 0xFF, 0x51, 0x1A, 0x70, 0x56, 0x45, 0xFE, 0x4F,
    0x61, 0x56, 0x70, 0xB3, 0xF9, 0x8C, 0x4A, 0x41, 0x8E, 0x5C, 0xB6, 0xC3, 0xC5, 0x3B, 0x1C, 0x28,
    0x7D, 0x34, 0xE7, 0xB4, 0x42, 0x9B, 0x6C, 0xE4, 0xE9, 0xCE, 0x96, 0xE1, 0x4D, 0xB8, 0xE3, 0x4B,
    0x72, 0xC9, 0x3E, 0x57, 0xBD, 0x0C, 0x77, 0x08, 0x4F, 0xAD, 0xD0, 0xDD, 0x79, 0xED, 0x77, 0x8F,
    0xA8, 0x8F, 0x88, 0xA5, 0xB8, 0xC1, 0xFE, 0x20, 0xDA, 0xE3, 0x84, 0xFD, 0x61, 0x23, 0x82, 0x08,
    0x15, 0x1B, 0xE5, 0xAC, 0x2C, 0x75, 0xDF, 0x05, 0x6E, 0xDC, 0xBC, 0x27, 0x87, 0x31, 0xB3, 0x90,
    0x25, 0x62, 0xFA, 0xE8, 0xEB, 0x54, 0xA6, 0xAA, 0x1D, 0x37, 0x9A, 0x77, 0x79, 0x0E, 0xF6, 0x89,
    0x8A, 0x72, 0xDE, 0x19, 0xB5, 0x1D, 0xBD, 0x24, 0x47, 0xBC, 0x56, 0x51, 0x30, 0x35, 0xD4, 0x3C,
    0x92, 0x33, 0x43, 0xD9, 0xF2, 0x65, 0x56, 0x77, 0xC8, 0x92, 0xAF, 0xDE, 0x1C, 0x33, 0xDC, 0xCA,
    0x34, 0xA2, 0xC6, 0xFC, 0xF1, 0x57, 0x7A, 0x52, 0xCC, 0x77, 0xE6, 0xBF, 0xE3, 0x9E, 0x2B, 0x58,
    0x7B, 0xF9, 0xE4, 0x10, 0x15, 0x7D, 0x18, 0x1B, 0xB3, 0x3D, 0x9D, 0xE4, 0xDE, 0x66, 0x7A, 0x8E,
    0x5C, 0x26, 0xDC, 0xA7, 0x9B, 0xAE, 0x54, 0x06, 0x82, 0xD8, 0xF7, 0xC7, 0x35, 0xEF, 0x9C, 0x2B,
    0xCC, 0x0B, 0x56, 0x3B, 0x2F, 0xAC, 0x3C, 0xAB, 0x82, 0x9A, 0x7B, 0x16, 0xD6, 0xEE, 0x49, 0x8B,
    0xE6, 0x61, 0xBE, 0x7F, 0xAE, 0xFD, 0x43, 0xB0, 0xE0, 0xA5, 0xB6, 0x57, 0xDC, 0x33, 0x22, 0x3E,
    0x7F, 0x89, 0x64, 0xF6, 0xFE, 0x1A, 0x42, 0xDB, 0xC9, 0xD6, 0xE5, 0x2F, 0xEC, 0x13, 0x7F, 0x14,
    0xF1, 0xE1, 0xCE, 0x76, 0x38, 0xE5, 0xCF, 0xD8, 0xB7, 0x37, 0x73, 0x81, 0x5D, 0x0D, 0x85, 0x7A,
    0x1D, 0x9D, 0xAA, 0xAB, 0xA2, 0xF8, 0xB1, 0x83, 0x53, 0x77, 0x89, 0x8A, 0x77, 0xEA, 0x2C, 0x71,
    0x38, 0x78, 0xEB, 0x71, 0xCB, 0xA9, 0x42, 0x9A, 0xD2, 0x08, 0xAD, 0x48, 0x69, 0xD7, 0x8C, 0x28,
    0x12, 0xA9, 0x04, 0x2C, 0x8E, 0x69, 0x64, 0xAE, 0x93, 0x7D, 0x61, 0xED, 0x96, 0x02, 0xE7, 0xD6,
    0xD2, 0xC8, 0x49, 0x09, 0xCE, 0x99, 0x35, 0xC4, 0x30, 0xEE, 0xD7, 0x97, 0xFC, 0x2B, 0x51, 0x0F,
    0x7D, 0x30, 0x1D, 0xF7, 0x72, 0x7B, 0xEB, 0x70, 0x1E, 0xE0, 0x38, 0xC0, 0x7A, 0xEE, 0xF6, 0xF5,
    0x38, 0xE3, 0xB1, 0xBF, 0x4E, 0xCE, 0x09, 0xBD, 0x9E, 0x5F, 0x15, 0x1F, 0x36, 0x58, 0xDB, 0x61,
    0xE2, 0x60, 0x5F, 0x18, 0x6D, 0x63, 0x78, 0xAB, 0x60, 0x97, 0xD3, 0x05, 0x9D, 0x16, 0x7A, 0x56,
    0xDA, 0x60, 0xB5, 0x40, 0x7D, 0xA1, 0x14, 0x3F, 0xD2, 0xF6, 0x48, 0x89, 0x18, 0xAC, 0xB2, 0x6C,
    0x7C, 0xFB, 0x2F, 0x6A, 0xD2, 0xA3, 0x70, 0x4F, 0x6F, 0x55, 0xE0, 0x80, 0xDD, 0xC2, 0xF8, 0xCC,
    0x0D, 0x22, 0x73, 0xBD, 0xF9, 0xF2, 0x0B, 0x16, 0xBC, 0x0E, 0xE1, 0xE4, 0xD4, 0x06, 0x02, 0x5C,
    0x1E, 0x4C, 0x4A, 0x71, 0x28, 0x08, 0xE6, 0xA1, 0xB0, 0xF8, 0x30, 0x90, 0x1D, 0x43, 0x37, 0xD2,
    0xDB, 0x8E, 0x37, 0x5E, 0xAE, 0x2C, 0x42, 0x97, 0xD6, 0x36, 0x34, 0x7C, 0x90, 0xFF, 0x95, 0x2F,
    0xF4, 0xED, 0x4D, 0x20, 0xC3, 0xF4, 0x69, 0xC3, 0xF7, 0x37, 0xF0, 0xD9, 0x86, 0x3F, 0x40, 0xDA,
    0x8E, 0xCD, 0x12, 0x01, 0x69, 0xE6, 0xAB, 0xAD, 0x9E, 0xD6, 0x66, 0x2E, 0x5F, 0x36, 0x05, 0xCA,
    0x77, 0x4E, 0xE4, 0xE2, 0xD5, 0xF5, 0xBC, 0x7D, 0x83, 0x76, 0x73, 0xF4, 0x33, 0xFF, 0xC1, 0x79,
    0xEF, 0x95, 0xEF, 0x3C, 0x79, 0xF9, 0xC3, 0x2D, 0x3E, 0xC0, 0x0F, 0xCD, 0x1A, 0x39, 0xC7, 0xC7,
    0xDA, 0xF9, 0x87, 0x36, 0x25, 0xC4, 0x1F, 0x21, 0x7D, 0xD3, 0x10, 0xF0, 0xA8, 0x28, 0x9D, 0x02,
    0xBE, 0xD0, 0x19, 0x23, 0x72, 0x76, 0xC6, 0x1F, 0x76, 0xA5, 0xC5, 0x16, 0x72, 0x49, 0xD1, 0xA1,
    0x6E, 0x94, 0xC0, 0xE5, 0x24, 0xA5, 0xD9, 0x9C, 0x0E, 0xD2, 0xF2, 0xD3, 0x24, 0x16, 0x14, 0xF9,
    0xA3, 0xCE, 0x67, 0x25, 0x32, 0xDA, 0xA0, 0xBE, 0x74, 0x54, 0x3C, 0x7F, 0xAF, 0x31, 0xBE, 0xE8,
    0x91, 0x0E, 0x7B, 0x9A, 0x94, 0x58, 0x8A, 0x05, 0x45, 0xDE, 0xB0, 0x65, 0xA9, 0x13, 0x3C, 0x4B,
    0xEB, 0x20, 0x6E, 0xE7, 0xFA, 0x2C, 0x31, 0x2A, 0x68, 0x8E, 0x67, 0x87, 0x2D, 0xB4, 0x9C, 0x8E,
    0x82, 0xCF, 0x75, 0x7E, 0x30, 0x22, 0x78, 0x93, 0x49, 0x87, 0xFE, 0x4C, 0xDA, 0xF0, 0x91, 0xE0,
    0xB1, 0x52, 0x93, 0xDE, 0x00, 0x80, 0x5C, 0x9F, 0xA3, 0xE6, 0xA7, 0xD1, 0xFB, 0x02, 0xCF, 0x27,
    0x2A, 0x35, 0x4A, 0x4F, 0xBC, 0xD8, 0x17, 0x43, 0xF6, 0x9E, 0x1C, 0x9A, 0x3B, 0x3C, 0x0C, 0x20,
    0x87, 0xA9, 0x60, 0x10, 0x43, 0x71, 0x26, 0xBE, 0x56, 0xF9, 0x58, 0x0D, 0xF1, 0x52, 0x3C, 0x8B,
    0xC1, 0xF3, 0x69, 0x12, 0x7B, 0x11, 0xD6, 0x37, 0xE6, 0xA0, 0xED, 0x52, 0x2B, 0x70, 0x0F, 0x7C,
    0xAA, 0xE6, 0x82, 0x55, 0x44, 0xB3, 0x31, 0x4B, 0xAB, 0x3C, 0xF1, 0x50, 0x09, 0x01, 0x59, 0xB8,
    0x2D, 0x94, 0x2A, 0xDA, 0x1D, 0x29, 0xFE, 0xD2, 0xEF, 0x65, 0xC8, 0x70, 0x10, 0xFA, 0x1E, 0x9E,
    0x78, 0x15, 0xA8, 0xFA, 0xD5, 0x1C, 0xA7, 0xF7, 0xBE, 0xB3, 0x54, 0xBC, 0x7C, 0x69, 0x8B, 0xBE,
    0x96, 0xFF, 0x33, 0xA3, 0xB2, 0x43, 0x70, 0xFD, 0xE7, 0x2A, 0x8D, 0x44, 0x27, 0xDB, 0xF1, 0xCC,
    0xA5, 0x57, 0xFD, 0x41, 0x78, 0x18, 0xA8, 0xFE, 0x33, 0xEA, 0xBD, 0x19, 0xF5, 0xB7, 0x69, 0xB7,
    0xDF, 0xE6, 0x22, 0xD7, 0x82, 0xE4, 0x39, 0x5E, 0xDF, 0xA8, 0xFE, 0x4F, 0xE3, 0x3F, 0x18, 0x2F,
    0x89, 0xC8, 0xAD, 0xD1, 0xE8, 0x71, 0xD4, 0xED, 0x8D, 0xBB, 0x98, 0xF3, 0x38, 0xE8, 0x71, 0xCA,
    0x7E, 0x18, 0xCB, 0xEE, 0xF8, 0xC5, 0x89, 0x29, 0xA7, 0xEC, 0x0E, 0xFD, 0xEE, 0xBC, 0x80, 0x5B,
    0xD3, 0x22, 0xE0, 0x8B, 0x60, 0x9E, 0x08, 0xFF, 0xAE, 0xBE, 0x30, 0xFF, 0xB4, 0x01, 0x9F, 0x52,
    0x3E, 0x89, 0xD3, 0xEE, 0x3C, 0x76, 0x61, 0xDE, 0x3B, 0x84, 0x3C, 0xA7, 0x42, 0xD1, 0xF3, 0x67,
    0x4C, 0x7C, 0x14, 0xCE, 0xAB, 0x67, 0xB9, 0x09, 0x0F, 0xE6, 0xE1, 0xBD, 0x79, 0x7B, 0x94, 0xED,
    0x9F, 0xAB, 0x2C, 0x7F, 0x77, 0x0D, 0x67, 0x1B, 0xE2, 0x34, 0x06, 0x8F, 0xEC, 0x90, 0xD8, 0xAE,
    0x17, 0xEB, 0x23, 0xF9, 0xD8, 0x48, 0xB9, 0xBE, 0x38, 0x3E, 0x5C, 0x8F, 0x0E, 0xC0, 0x87, 0xEA,
    0x83, 0xC8, 0xF3, 0xE3, 0x86, 0xB7, 0x89, 0x5C, 0xDA, 0xA5, 0xA1, 0xEE, 0x8E, 0xBF, 0x88, 0x5B,
    0x73, 0x71, 0x19, 0xCC, 0x60, 0x2E, 0xAC, 0x42, 0xAA, 0xD0, 0x54, 0x17, 0x45, 0x9C, 0xFF, 0x8B,
    0xD5, 0xB2, 0xAD, 0x3E, 0xE3, 0x73, 0xC6, 0x49, 0x4E, 0x4C, 0x61, 0x4F, 0xEF, 0xB4, 0xE1, 0x49,
    0x45, 0x1B, 0x11, 0x26, 0xDF, 0x28, 0x07, 0xBC, 0xF0, 0x3E, 0x6E, 0x85, 0xA2, 0x70, 0x63, 0xFC,
    0xE9, 0x93, 0xFB, 0x1F, 0x86, 0x40, 0x92, 0x51, 0xBA, 0x14, 0x4C, 0xC2, 0xD1, 0x64, 0x2A, 0x1D,
    0x8B, 0xDB, 0x28, 0x25, 0xE2, 0x8C, 0x14, 0xD8, 0x53, 0xF3, 0xBE, 0xFA, 0x44, 0xFB, 0x3E, 0x92,
    0x05, 0x4E, 0xB8, 0xC3, 0xC6, 0xED, 0x5A, 0x89, 0xB3, 0x51, 0x4F, 0xD7, 0xF4, 0x4F, 0x47, 0xC7,
    0x48, 0xD2, 0x61, 0x8D, 0x0D, 0x9D, 0x18, 0x59, 0xE2, 0xA9, 0x8B, 0xBC, 0xB7, 0xF4, 0x54, 0x82,
    0xDB, 0x32, 0xA6, 0x8E, 0x38, 0xC7, 0x56, 0x44, 0xD1, 0x8D, 0x3B, 0xA2, 0x0A, 0xDC, 0xDF, 0x9D,
    0x23, 0x4E, 0x39, 0xD3, 0x45, 0xF4, 0x63, 0x38, 0xDD, 0x0E, 0x73, 0xE0, 0x8D, 0x48, 0xE1, 0x4E,
    0xD5, 0x3F, 0xB8, 0xF4, 0x69, 0xC9, 0x26, 0xB1, 0x97, 0x2C, 0xFD, 0x99, 0x71, 0xA3, 0xD8, 0xB7,
    0x3A, 0x2A, 0xE3, 0x0C, 0x78, 0x1D, 0x50, 0x05, 0xAE, 0x4B, 0x4E, 0xDB, 0x50, 0x7A, 0x55, 0x75,
    0x23, 0x46, 0x90, 0xA5, 0x62, 0x63, 0xB6, 0x4B, 0xDA, 0x12, 0xEC, 0x32, 0xC5, 0x46, 0x33, 0xD9,
    0xAE, 0x62, 0xC5, 0xF6, 0x64, 0xF8, 0x8D, 0x52, 0x56, 0x2F, 0x98, 0x34, 0x4B, 0x3E, 0x85, 0x78,
    0xE3, 0xAF, 0xE9, 0xC0, 0x57, 0xF1, 0xDA, 0xBE, 0x72, 0x0A, 0xAE, 0x1C, 0x9C, 0x37, 0x4B, 0x51,
    0x85, 0x90, 0x8A, 0x05, 0x8F, 0x25, 0xF4, 0xFF, 0x3F, 0xB3, 0xE5, 0xB2, 0x04, 0xC1, 0xA7, 0x67,
    0xAD, 0x0D, 0x36, 0xDA, 0xB0, 0x6D, 0xC7, 0x31, 0xA2, 0x93, 0x40, 0x65, 0x6B, 0x83, 0x8B, 0xA7,
    0xEC, 0x13, 0x09, 0xE6, 0x7F, 0x3B, 0x45, 0x7C, 0x86, 0xA7, 0xE8, 0x39, 0x07, 0x38, 0xEB, 0x6F,
    0xD3, 0xBF, 0xE0, 0xB9, 0xA5, 0x38, 0xE8, 0x33, 0x0F, 0x3A, 0x66, 0x47, 0xEF, 0x20, 0xBB, 0x6F,
    0xA9, 0x3A, 0x79, 0x29, 0x4E, 0x03, 0x05, 0xCA, 0x2A, 0x25, 0x0E, 0x74, 0xC4, 0x2D, 0x2D, 0xCC,
    0x6D, 0x38, 0x60, 0x4C, 0x6F, 0x34, 0x95, 0x3A, 0x6A, 0xD2, 0x23, 0xCD, 0x52, 0xE1, 0x10, 0xED,
    0x71, 0x41, 0x2B, 0xE9, 0xDF, 0xBE, 0x7D, 0xA6, 0x55, 0x24, 0x77, 0xC3, 0x0D, 0x69, 0x2B, 0xDC,
    0x75, 0x4C, 0xA4, 0x1C, 0x1E, 0x23, 0xE5, 0x25, 0x29, 0x50, 0xED, 0x3C, 0x35, 0x7B, 0xA1, 0x17,
    0x26, 0x14, 0x7B, 0x97, 0x4E, 0xA9, 0x29, 0x26, 0x74, 0xF4, 0xBE, 0x9F, 0xBD, 0x10, 0x8A, 0x5A,
    0x95, 0x34, 0xAC, 0x65, 0xFD, 0xCA, 0x24, 0x50, 0xE9, 0x2D, 0xD9, 0xBD, 0x28, 0x30, 0x21, 0xF4,
    0x34, 0x15, 0x0B, 0xB2, 0xDE, 0x2E, 0xB4, 0xEC, 0x2D, 0xB2, 0x11, 0x45, 0x10, 0x79, 0xC1, 0x02,
    0x91, 0x17, 0x2F, 0x10, 0xB5, 0xB0, 0xDA, 0xF4, 0x42, 0x64, 0x00, 0x04, 0xEB, 0x3F, 0x20, 0x18,
    0x11, 0x9C, 0x57, 0x50, 0xD4, 0x2E, 0xC8, 0xE8, 0x2D, 0x46, 0x2D, 0x8F, 0x02, 0x95, 0x78, 0x70,
    0x6D, 0x2F, 0xF6, 0x56, 0x2D, 0x8E, 0x88, 0x8E, 0xD1, 0x81, 0xB6, 0x5F, 0xF6, 0x24, 0xFA, 0xBF,
    0x85, 0x4E, 0xD2, 0xAA, 0x49, 0xA1, 0x55, 0x43, 0x78, 0xFF, 0x3B, 0x7C, 0x82, 0xFC, 0x52, 0x1F,
    0xC0, 0xDE, 0xAA, 0xA9, 0xC0, 0x3F, 0xEF, 0x33, 0x70, 0x2F, 0x84, 0x92, 0xC1, 0x29, 0xD4, 0xA2,
    0x76, 0x07, 0xD5, 0x2A, 0xB3, 0x6A, 0x4D, 0xD9, 0xD2, 0xA9, 0xEA, 0x05, 0xCE, 0xD2, 0x70, 0xA1,
    0x2F, 0x39, 0x9B, 0xA0, 0xEC, 0x83, 0xA3, 0xEA, 0x9F, 0x93, 0x72, 0x45, 0x9A, 0x55, 0x4F, 0x96,
    0x7D, 0xF7, 0xA8, 0xFA, 0x75, 0x12, 0x22, 0x11, 0x4A, 0x74, 0x08, 0x51, 0x73, 0x09, 0xC5, 0x21,
    0xEA, 0x5E, 0x07, 0xDD, 0xF4, 0x84, 0xC3, 0xCD, 0x21, 0x3A, 0x17, 0xC3, 0xA1, 0xF4, 0xDB, 0xEA,
    0x31, 0x9D, 0xA9, 0x7A, 0xC9, 0xDC, 0x79, 0xB1, 0xE7, 0x8D, 0x30, 0xA7, 0xF7, 0x1C, 0x7A, 0x67,
    0xA2, 0xF7, 0x2F, 0x91, 0x38, 0x6F, 0x1C, 0x1F, 0xDE, 0x29, 0xA1, 0xA9, 0x51, 0xC2, 0x17, 0xD4,
    0xC1, 0x99, 0x9D, 0xB6, 0xEC, 0x0D, 0xDC, 0xA1, 0xA2, 0xA3, 0x5A, 0xBF, 0xCE, 0x0A, 0x75, 0x12,
    0x2D, 0x4A, 0x1D, 0x35, 0x2A, 0xD4, 0xC9, 0x85, 0x91, 0x85, 0xC1, 0xBB, 0x5A, 0x78, 0xBB, 0x03,
    0x72, 0x5B, 0x4B, 0x46, 0xB6, 0x0E, 0x2F, 0x5B, 0xBE, 0x74, 0x95, 0xDA, 0xC0, 0xDD, 0xF0, 0xB7,
    0x47, 0xD7, 0xE9, 0x1A, 0x5C, 0xA2, 0x5B, 0xDC, 0x2F, 0xF5, 0x7C, 0xEE, 0xF4, 0x19, 0x2F, 0x6B,
    0x37, 0xF5, 0x35, 0xB8, 0x8A, 0xB5, 0xB8, 0x87, 0xC0, 0x07, 0x43, 0xD2, 0x0F, 0xEF, 0x4C, 0x32,
    0xE2, 0x65, 0xE6, 0x67, 0xB7, 0x06, 0xA5, 0x93, 0x16, 0xD6, 0xC4, 0x0E, 0x2F, 0x61, 0x10, 0x36,
    0x28, 0xF7, 0xB4, 0xFE, 0xC4, 0xDB, 0x19, 0x2F, 0xBD, 0xF0, 0xE1, 0x2E, 0x31, 0xB3, 0x5E, 0x87,
    0x92, 0x4E, 0xCB, 0xF5, 0xB9, 0xBD, 0x1C, 0xC5, 0xC0, 0x3F, 0xF1, 0xA5, 0x4C, 0x66, 0x62, 0x2F,
    0x7F, 0xF7, 0xE0, 0xEF, 0x3F, 0x37, 0x7E, 0xD0, 0x36, 0xDE, 0xCE, 0x43, 0x2F, 0xDF, 0x72, 0xED,
    0xF8, 0xD5, 0xA3, 0xE1, 0x0E, 0xD9, 0xF0, 0xA8, 0xD9, 0x54, 0xF5, 0x5A, 0x69, 0x2D, 0x67, 0x83,
    0xC3, 0xCB, 0x4C, 0x5E, 0x0E, 0x2D, 0x9D, 0x8A, 0x38, 0xB6, 0xEC, 0xE0, 0x84, 0x97, 0x89, 0x75,
    0xE2, 0x7F, 0x7B, 0x97, 0xE3, 0xCE, 0xA5, 0x78, 0x5A, 0xCA, 0xC5, 0xE1, 0x24, 0x81, 0xF2, 0x0C,
    0xA8, 0x42, 0x1E, 0x3C, 0x7B, 0x52, 0xBA, 0x13, 0x6D, 0xDF, 0x55, 0xA6, 0x6A, 0x91, 0xE4, 0x8C,
    0x13, 0xD9, 0xF2, 0xF9, 0xD5, 0x9F, 0xD2, 0xB8, 0xA8, 0xD9, 0x54, 0x26, 0x74, 0xAF, 0x22, 0x89,
    0x5F, 0xCB, 0x4A, 0x8F, 0xD6, 0x08, 0x2D, 0x01, 0x1E, 0x2F, 0xBC, 0x16, 0xF0, 0x26, 0x0D, 0xEC,
    0x71, 0xAB, 0x22, 0x49, 0xB7, 0xA2, 0xE6, 0x3B, 0xA7, 0xC6, 0xC0, 0xC4, 0x4C, 0x49, 0x1E, 0x45,
    0xAE, 0xCF, 0x2B, 0xF5, 0x2E, 0xA8, 0x4C, 0xC9, 0x61, 0xB7, 0x9A, 0xCA, 0x39, 0x9B, 0xF8, 0x0D,
    0x14, 0xED, 0xB5, 0x5E, 0x95, 0x22, 0xCB, 0xEF, 0x5B, 0xA0, 0x68, 0x77, 0xC7, 0x54, 0xCB, 0x87,
    0xF1, 0x4E, 0xD2, 0x5C, 0x13, 0x52, 0xD1, 0x8B, 0xA9, 0x78, 0x4B, 0x1D, 0x84, 0x62, 0x5B, 0x66,
    0xE2, 0x0C, 0xA9, 0x29, 0xA4, 0xD2, 0x2D, 0xC5, 0x3A, 0x1D, 0x61, 0x76, 0x18, 0x42, 0xAA, 0x10,
    0x91, 0x54, 0xA4, 0xAB, 0x3A, 0x87, 0x54, 0x4B, 0x73, 0x62, 0xA1, 0x35, 0x66, 0x92, 0x4A, 0xA4,
    0x43, 0xC9, 0x14, 0x69, 0xC5, 0x26, 0x51, 0xEC, 0x02, 0x80, 0x54, 0xBC, 0xC9, 0x6E, 0x6C, 0xE5,
    0x90, 0x41, 0x53, 0x2A, 0xFD, 0xE9, 0x7A, 0x8F, 0x27, 0xBF, 0xF4, 0x09, 0x41, 0x23, 0xB9, 0x67,
    0xA6, 0xA8, 0x17, 0x4D, 0x49, 0x2D, 0xBC, 0x11, 0xF1, 0x30, 0x44, 0x4D, 0x74, 0x8A, 0x33, 0x51,
    0xA3, 0xF4, 0x85, 0xC1, 0xC7, 0xCB, 0xD3, 0x71, 0x31, 0xF9, 0x75, 0x15, 0x38, 0x5E, 0x9C, 0x5E,
    0xC2, 0x07, 0x64, 0xC7, 0x65, 0x63, 0x47, 0xED, 0xB6, 0x35, 0xD1, 0xC5, 0x81, 0x19, 0x7E, 0xC7,
    0x52, 0xEF, 0xDA, 0x21, 0xF4, 0x7F, 0xD9, 0xA6, 0x56, 0x62, 0x15, 0x92, 0x52, 0x99, 0x75, 0x5B,
    0x47, 0x92, 0x66, 0x4B, 0xDD, 0x60, 0x19, 0x55, 0x86, 0x80, 0xB7, 0x0A, 0xCF, 0x72, 0xC5, 0x7E,
    0x1F, 0xE1, 0xF1, 0x05, 0xF0, 0x74, 0x03, 0x4C, 0x43, 0xD8, 0xDD, 0x00, 0xB3, 0x57, 0x83, 0x8D,
    0x84, 0xB9, 0x86, 0x05, 0x9A, 0x11, 0x7A, 0xD9, 0xF4, 0x39, 0x6D, 0xBB, 0x6F, 0x82, 0xF5, 0xA2,
    0x60, 0x3B, 0x2B, 0x48, 0x86, 0x00, 0xBF, 0x37, 0xD5, 0x30, 0x21, 0xF3, 0x63, 0x2F, 0x1D, 0x11,
    0x72, 0xDC, 0x9A, 0x2B, 0x98, 0x93, 0x4D, 0xA0, 0x97, 0x9E, 0x26, 0x1E, 0x92, 0xDC, 0xE6, 0xE1,
    0x3D, 0x56, 0xE4, 0xFB, 0x03, 0x83, 0x48, 0x7F, 0xFF, 0xDD, 0x83, 0x2A, 0x17, 0xEA, 0x79, 0x63,
    0xDD, 0x3A, 0xC9, 0x27, 0x05, 0x60, 0xC7, 0xF0, 0x54, 0x0A, 0x5D, 0xBB, 0xF3, 0x33, 0x1D, 0xA5,
    0xDE, 0xB9, 0xA4, 0x59, 0x28, 0x0F, 0xD3, 0xDB, 0x97, 0x7A, 0x54, 0xD7, 0x41, 0x80, 0xB3, 0x1E,
    0xCD, 0x7A, 0x24, 0x1F, 0xF4, 0x28, 0x4E, 0xF4, 0x08, 0x4E, 0xF5, 0xE8, 0xCD, 0xF4, 0xC8, 0xCD,
    0x83, 0x52, 0x04, 0x70, 0x7E, 0x81, 0xC2, 0xB9, 0x95, 0xC7, 0x71, 0x0C, 0x0A, 0x8D, 0x57, 0x74,
    0x3B, 0xD1, 0x77, 0xE8, 0x11, 0xD6, 0x5A, 0x24, 0xAD, 0xA8, 0xEF, 0x06, 0xE9, 0xE7, 0x5D, 0xDB,
    0xE1, 0xC3, 0x41, 0xB5, 0xDC, 0x1D, 0x0F, 0x6A, 0x1A, 0x19, 0x94, 0xD2, 0xE9, 0x32, 0x52, 0xE9,
    0x08, 0xB4, 0x42, 0x2A, 0x56, 0x0A, 0xA9, 0x24, 0x3C, 0x74, 0xE3, 0xA2, 0x7A, 0x4A, 0x9D, 0x13,
    0xF2, 0x79, 0xE0, 0x04, 0x20, 0x24, 0x3C, 0x6D, 0x41, 0xDC, 0x38, 0xF1, 0x8D, 0xB2, 0x20, 0xF2,
    0xFE, 0x5F, 0x2F, 0x8F, 0x36, 0xF3, 0x20, 0x1E, 0x23, 0x10, 0xDB, 0x18, 0xF7, 0x06, 0x55, 0x57,
    0x1F, 0xF6, 0x25, 0x7D, 0x5E, 0xFB, 0xF2, 0x77, 0x90, 0x58, 0xD4, 0x7C, 0x34, 0x75, 0xB6, 0x77,
    0x59, 0xB3, 0xD3, 0x86, 0xD0, 0xC5, 0xEE, 0x5E, 0xBE, 0x30, 0x43, 0xCA, 0xCC, 0x03, 0x64, 0xD2,
    0xAE, 0x44, 0x30, 0x50, 0x46, 0xEE, 0xB1, 0xFD, 0x46, 0xF1, 0x7B, 0x68, 0x95, 0x1F, 0x6C, 0x45,
    0x97, 0x1C, 0xE7, 0x2B, 0x42, 0x84, 0x85, 0xE6, 0xEB, 0x9B, 0x17, 0x49, 0x06, 0x01, 0x1E, 0xAF,
    0xF8, 0xC3, 0xC3, 0x72, 0x9D, 0x0F, 0x8E, 0x80, 0xF8, 0x5E, 0x70, 0xF8, 0xFC, 0x6B, 0xFB, 0xBC,
    0x37, 0x78, 0x79, 0xF2, 0x8B, 0x56, 0x1F, 0xEC, 0x37, 0xBD, 0x00, 0x0F, 0x01, 0xEE, 0x03, 0x7C,
    0x0E, 0x70, 0xA7, 0x64, 0x95, 0xD0, 0x05, 0x28, 0x0C, 0x4B, 0x08, 0xF6, 0x66, 0xA1, 0x7E, 0xE5,
    0xB0, 0x09, 0x93, 0x18, 0x03, 0xB5, 0x7B, 0x7F, 0xA3, 0x4E, 0x25, 0xF4, 0xF9, 0x2E, 0x36, 0x51,
    0x10, 0x55, 0x20, 0x5D, 0xDC, 0xAC, 0x01, 0x6A, 0x77, 0x72, 0xD9, 0x0B, 0x89, 0x84, 0x0D, 0x64,
    0xC2, 0x68, 0xF5, 0xB1, 0x03, 0x23, 0x4D, 0x61, 0x6F, 0x0C, 0x48, 0x92, 0xF9, 0x78, 0x2A, 0xF1,
    0xC1, 0x7D, 0x01, 0x6C, 0x82, 0x2D, 0x06, 0xD3, 0x45, 0x30, 0x48, 0xD0, 0x73, 0x1F, 0x55, 0xC2,
    0x7D, 0xA6, 0x53, 0x3F, 0x34, 0x17, 0xB4, 0x15, 0x4A, 0x57, 0xA1, 0xF4, 0x25, 0x6A, 0x78, 0xCA,
    0xED, 0x86, 0xD2, 0x94, 0x28, 0x3D, 0x49, 0xAA, 0xD3, 0x4B, 0x34, 0x37, 0xAB, 0x3D, 0xAE, 0x99,
    0x71, 0xAE, 0x99, 0x71, 0x34, 0xBE, 0x66, 0xC6, 0x91, 0xEF, 0x73, 0xC5, 0x8C, 0xAF, 0x99, 0x71,
    0xAE, 0x99, 0x71, 0xAE, 0x99, 0x71, 0xAE, 0x99, 0x71, 0xF6, 0x4C, 0xAE, 0xEF, 0x63, 0x66, 0x9C,
    0x32, 0x3C, 0x0E, 0xD9, 0xF8, 0xC6, 0xD7, 0x87, 0x48, 0x03, 0xD9, 0x6B, 0x5F, 0xA4, 0x0D, 0x99,
    0x12, 0x39, 0xEA, 0x39, 0xCD, 0x93, 0x41, 0x4A, 0x1C, 0x4F, 0xAA, 0x03, 0xAE, 0x91, 0x34, 0x72,
    0x7E, 0xD8, 0x21, 0x5B, 0x26, 0x1B, 0xA5, 0xF3, 0x05, 0xB2, 0x93, 0xCA, 0x5E, 0x24, 0x4F, 0xCA,
    0x80, 0x0D, 0xE4, 0x79, 0x8F, 0x54, 0x4D, 0x8F, 0xE4, 0xA0, 0x26, 0x69, 0x20, 0x85, 0x2E, 0xEE,
    0xCF, 0x40, 0xFE, 0x9E, 0xC9, 0xD2, 0xFC, 0x27, 0x90, 0xFF, 0x21, 0x93, 0xE7, 0xFC, 0x16, 0xC8,
    0xDF, 0xCA, 0x33, 0xC5, 0xFF, 0x11, 0xC8, 0x7F, 0x67, 0xC5, 0xB5, 0x1D, 0x71, 0x9E, 0xFC, 0x0D,
    0xBD, 0xD2, 0xFA, 0x42, 0x29, 0x90, 0xBF, 0x16, 0x67, 0x3F, 0xCF, 0x48, 0x76, 0xC2, 0x49, 0x73,
    0x12, 0x24, 0x39, 0xF9, 0x8E, 0x44, 0x92, 0xEA, 0x3E, 0x33, 0x03, 0x91, 0xE2, 0xA8, 0xF4, 0x9E,
    0x48, 0xE1, 0x47, 0x72, 0x26, 0x32, 0xE3, 0x23, 0x5B, 0x3B, 0x41, 0x1A, 0x6C, 0x36, 0x26, 0x8F,
    0x7C, 0xD4, 0x6B, 0x45, 0xA4, 0x38, 0xC6, 0x3D, 0x22, 0xF2, 0x40, 0xE7, 0x4C, 0x2F, 0x4C, 0xC6,
    0x94, 0xCC, 0x74, 0x66, 0x12, 0x8D, 0x0B, 0x56, 0x33, 0xCA, 0x24, 0xB9, 0x75, 0x0F, 0x82, 0x84,
    0x57, 0xB2, 0x06, 0x65, 0x49, 0xC2, 0xF4, 0x75, 0x16, 0x64, 0xCE, 0xD1, 0x09, 0x4C, 0xC2, 0x2B,
    0xD5, 0x3E, 0x7D, 0xAB, 0xBA, 0x72, 0x71, 0x08, 0x4C, 0x42, 0x9E, 0x0B, 0x8B, 0x99, 0xF4, 0xB1,
    0x87, 0x07, 0x4D, 0xFA, 0x57, 0x72, 0x0A, 0x5E, 0x26, 0x7D, 0x18, 0xDA, 0x11, 0x66, 0x69, 0x24,
    0xDD, 0x2B, 0xA5, 0x70, 0x34, 0x2F, 0x92, 0xAE, 0xE9, 0x5C, 0x48, 0x84, 0x20, 0xDD, 0x2B, 0xE5,
    0xFE, 0xE7, 0x44, 0x16, 0x3E, 0xC5, 0xEC, 0x49, 0x91, 0xAE, 0xE9, 0xDC, 0x95, 0x22, 0x0D, 0x85,
    0xF7, 0x10, 0xE9, 0x9A, 0xCE, 0x35, 0x9F, 0x20, 0xED, 0x2B, 0x79, 0xB7, 0x26, 0x41, 0xDA, 0xA6,
    0xC3, 0x80, 0x0E, 0x22, 0xAD, 0xD1, 0x27, 0x81, 0x28, 0x59, 0x22, 0x6D, 0xD3, 0xA5, 0x1B, 0x72,
    0x15, 0xCA, 0x7D, 0x8C, 0x87, 0x24, 0xD7, 0xA6, 0xF3, 0x26, 0x7D, 0x4D, 0x4E, 0xA5, 0x08, 0xD8,
    0xAB, 0x21, 0xB6, 0x73, 0x29, 0xE1, 0xC4, 0x69, 0x26, 0x49, 0x9C, 0x92, 0x64, 0x8A, 0xB6, 0x21,
    0x49, 0xE2, 0xE8, 0xDF, 0x90, 0x4B, 0x48, 0xC6, 0xE8, 0xC2, 0x2C, 0xC9, 0x08, 0xA7, 0x02, 0x45,
    0xB6, 0x94, 0x91, 0x57, 0x90, 0x38, 0x63, 0xA6, 0x56, 0x94, 0xAC, 0x28, 0x04, 0x8B, 0x48, 0xA7,
    0xDC, 0xEA, 0x60, 0x8E, 0x3C, 0x6D, 0x48, 0xDC, 0x5B, 0xF8, 0xB7, 0x60, 0xB2, 0xE1, 0xE9, 0x0A,
    0x48, 0x1C, 0x75, 0x29, 0x64, 0x94, 0xEF, 0x60, 0x96, 0xA3, 0x89, 0x6D, 0x42, 0x0F, 0x25, 0x54,
    0x88, 0x1D, 0xF7, 0x0F, 0x96, 0x4C, 0xB7, 0x9E, 0x46, 0xCA, 0xC1, 0xF6, 0x46, 0x6F, 0xA3, 0xDD,
    0xD4, 0x07, 0xFB, 0xE9, 0x6C, 0xC4, 0xE9, 0xDD, 0x37, 0xBB, 0x4C, 0xAD, 0xD5, 0xBD, 0xE3, 0xC9,
    0x70, 0xD8, 0x3F, 0x18, 0x72, 0x9B, 0x30, 0x61, 0x7B, 0xD2, 0x9B, 0x7F, 0xCB, 0xF3, 0xDE, 0x2F,
    0xBB, 0x8B, 0xAE, 0x12, 0x23, 0x2F, 0x1C, 0x9D, 0xF4, 0x0C, 0x4E, 0x01, 0xF3, 0x1E, 0x11, 0x92,
    0x40, 0xF3, 0xD2, 0xE7, 0x71, 0x23, 0x57, 0xE0, 0x56, 0xEC, 0x19, 0x01, 0x9F, 0x69, 0x59, 0xF3,
    0xB8, 0xA7, 0x15, 0xCD, 0x63, 0x8E, 0x10, 0xF3, 0x98, 0x82, 0x65, 0x01, 0xCF, 0xB4, 0x5A, 0x75,
    0xB4, 0x62, 0xDA, 0x81, 0xE2, 0xA4, 0xCB, 0x76, 0x06, 0x2D, 0x69, 0xB9, 0x78, 0x27, 0xF6, 0x19,
    0x3C, 0xD8, 0xEA, 0x09, 0x30, 0x38, 0xB9, 0x99, 0x11, 0xB0, 0x6F, 0xDC, 0xD8, 0xE6, 0xCE, 0x70,
    0x38, 0x85, 0xE0, 0x97, 0x1E, 0xB0, 0xAF, 0xEA, 0xC4, 0x3A, 0xCD, 0x38, 0x7C, 0x80, 0x21, 0xDE,
    0x01, 0x8E, 0x61, 0x2F, 0x5C, 0x01, 0xF6, 0x6A, 0xD9, 0xC2, 0x44, 0x88, 0xDD, 0x36, 0xA0, 0x9C,
    0x09, 0xFB, 0x7F, 0x27, 0xC2, 0xCE, 0x05, 0x68, 0x7D, 0x6B, 0xC4, 0x99, 0x0B, 0xDC, 0xEA, 0x09,
    0xA7, 0xEE, 0xF8, 0x8F, 0x33, 0xE1, 0xC4, 0x2D, 0x0D, 0x1D, 0x61, 0x9B, 0xDE, 0x26, 0xF3, 0x49,
    0xB6, 0xBD, 0xA3, 0xD2, 0x5A, 0x80, 0x1C, 0xB3, 0x08, 0xB5, 0x2E, 0x30, 0xA6, 0xB2, 0x7E, 0x3B,
    0x84, 0xD7, 0x4E, 0x5A, 0x4F, 0x0A, 0x77, 0x3E, 0xFE, 0x0F, 0x70, 0x6E, 0xFE, 0xCB, 0xC7, 0x4C,
    0x02, 0xCE, 0xCC, 0xFF, 0x29, 0x7C, 0xF4, 0x42, 0x07, 0xE1, 0x04, 0x8F, 0xCF, 0x06, 0x1C, 0x73,
    0x62, 0x70, 0xEF, 0x38, 0x65, 0x20, 0x56, 0x11, 0x71, 0x0B, 0x71, 0x7D, 0x88, 0xFD, 0xA2, 0xC5,
    0xD8, 0xA7, 0x12, 0x60, 0x8C, 0x41, 0x92, 0x88, 0x53, 0x88, 0xA3, 0x44, 0x7C, 0x78, 0xD2, 0x28,
    0x4C, 0xEB, 0xF7, 0x0B, 0xF0, 0xD3, 0x07, 0x1A, 0xDB, 0xE4, 0xFE, 0x1A, 0x77, 0x2F, 0xC0, 0x55,
    0x80, 0xA5, 0x92, 0xBB, 0x34, 0xE1, 0x70, 0x0E, 0x47, 0x72, 0x30, 0x88, 0x0F, 0x9B, 0x14, 0x36,
    0xE7, 0x60, 0xD4, 0x9E, 0x82, 0x69, 0x49, 0x8F, 0xE2, 0x3C, 0x98, 0x67, 0x42, 0x5F, 0xC7, 0xF2,
    0x05, 0x0A, 0xF9, 0x76, 0xBC, 0x20, 0x4A, 0x77, 0xEF, 0xEE, 0xBF, 0xFA, 0x07, 0xFD, 0xAF, 0xBC,
    0x30, 0x0F, 0xFA, 0x9A, 0x12, 0xDA, 0x5A, 0x4F, 0xA8, 0xC6, 0x0E, 0x1A, 0xB4, 0xF0, 0xC2, 0x82,
    0xCC, 0x8D, 0x31, 0x48, 0x9F, 0x65, 0x37, 0x6C, 0x1E, 0x7F, 0x2A, 0x9D, 0x39, 0xB6, 0x29, 0xE0,
    0x6A, 0x1D, 0x48, 0x04, 0x2B, 0xDF, 0x59, 0x2F, 0x26, 0xA1, 0x5D, 0xE5, 0xA7, 0xBF, 0xAC, 0xA2,
    0xF7, 0xF3, 0x93, 0x84, 0xA7, 0xA8, 0xA6, 0x61, 0x20, 0x7C, 0x16, 0xAE, 0xDC, 0x79, 0x38, 0xA8,
    0x8A, 0x8D, 0x8B, 0x62, 0x48, 0xD4, 0x61, 0xC0, 0xFD, 0x46, 0xF9, 0x14, 0x12, 0x87, 0xB0, 0xD6,
    0x13, 0x79, 0x34, 0x07, 0x88, 0xE7, 0x65, 0x90, 0x48, 0x64, 0x2C, 0x55, 0xD9, 0xD7, 0xE6, 0xD7,
    0x21, 0x6E, 0xB9, 0xCF, 0xA1, 0x29, 0x4B, 0x7E, 0xD6, 0x7A, 0x38, 0x7F, 0x62, 0x82, 0x2A, 0x79,
    0xA7, 0xD3, 0x43, 0xAE, 0x40, 0xE5, 0x81, 0xB4, 0x53, 0xBD, 0x4A, 0x02, 0xE9, 0x9C, 0x2F, 0x64,
    0xD9, 0x13, 0x15, 0x19, 0x89, 0x2E, 0x17, 0x32, 0x4D, 0x54, 0xEA, 0xE7, 0xFE, 0x51, 0x8B, 0x40,
    0xB2, 0xEC, 0xE0, 0x6E, 0x3A, 0x8B, 0x92, 0x9F, 0xB4, 0x0E, 0xB1, 0x04, 0x99, 0x5A, 0x96, 0x5C,
    0xA7, 0xB6, 0x74, 0x97, 0xB2, 0xEC, 0xEE, 0xC7, 0xB1, 0x8C, 0xA1, 0x03, 0x15, 0xF1, 0x49, 0xBB,
    0x89, 0xC8, 0x48, 0x43, 0x08, 0xA8, 0xEE, 0x65, 0xC9, 0x65, 0xD9, 0x33, 0x95, 0x97, 0x24, 0x12,
    0x3E, 0xB7, 0xB3, 0x2C, 0xB9, 0x4C, 0x1A, 0x53, 0x92, 0x50, 0x49, 0x25, 0x6F, 0xA0, 0x6B, 0x56,
    0xA2, 0xE4, 0x32, 0x7D, 0x0E, 0xFC, 0x94, 0xCA, 0x7E, 0xE0, 0xEC, 0x6E, 0xC1, 0xA1, 0xC4, 0xAD,
    0xC8, 0xF3, 0xA7, 0x2C, 0x32, 0x69, 0x18, 0xF1, 0x94, 0x85, 0x01, 0x49, 0x79, 0x18, 0x58, 0x5F,
    0x84, 0xF1, 0xF8, 0x32, 0x87, 0x4C, 0x14, 0x68, 0xD3, 0x7D, 0x91, 0x8D, 0x3A, 0x74, 0x2C, 0x20,
    0x3A, 0xE5, 0xB5, 0x03, 0x7B, 0x51, 0x91, 0x64, 0x87, 0x52, 0xF3, 0x69, 0x57, 0x19, 0xA1, 0x82,
    0xF2, 0xE6, 0x05, 0x0E, 0xD4, 0x80, 0x65, 0x3C, 0xDF, 0x06, 0x3F, 0x88, 0x98, 0x35, 0x6F, 0x67,
    0x38, 0x8B, 0xF1, 0x1D, 0xA9, 0xFC, 0x7A, 0x29, 0xA4, 0x0F, 0xEB, 0xC4, 0x1C, 0xD1, 0xA8, 0x7C,
    0x62, 0x4E, 0x2E, 0x15, 0xFE, 0x46, 0x3E, 0xA4, 0x57, 0xA5, 0x07, 0x32, 0x2E, 0x7F, 0xED, 0xAC,
    0x09, 0xA5, 0x3C, 0xB3, 0x1B, 0xCD, 0x4C, 0x8E, 0x57, 0x5B, 0x76, 0x39, 0x59, 0xBB, 0xB2, 0xAB,
    0x6C, 0x6A, 0xB9, 0x3B, 0x7F, 0xE4, 0xAC, 0xE6, 0x26, 0x9D, 0x19, 0x30, 0x15, 0xE7, 0x86, 0x45,
    0x51, 0xB4, 0x97, 0x03, 0xD6, 0xAF, 0x23, 0xF0, 0x7F, 0xBF, 0xFF, 0x5E, 0xD8, 0x96, 0x8E, 0xE9,
    0x79, 0x78, 0x25, 0x81, 0xBD, 0xF0, 0x00, 0x77, 0x7B, 0x7C, 0xD7, 0xA0, 0xCB, 0xB9, 0x08, 0x40,
    0x2D, 0x45, 0x9C, 0xEA, 0x51, 0x66, 0x32, 0x7A, 0x28, 0xD7, 0x8A, 0x1F, 0x68, 0x99, 0x58, 0x57,
    0xBC, 0x6F, 0x85, 0x6E, 0x0D, 0xAB, 0xB8, 0xE5, 0x5E, 0x99, 0x8A, 0xC4, 0x10, 0x35, 0x77, 0xF9,
    0x58, 0x74, 0x5D, 0x6B, 0x60, 0x72, 0x61, 0xBB, 0x27, 0xDC, 0x3E, 0x1E, 0xDD, 0x5B, 0xD6, 0x38,
    0x47, 0x8C, 0xE4, 0x95, 0x69, 0x07, 0x7F, 0x42, 0x9B, 0xC9, 0x85, 0x46, 0xB6, 0x6D, 0x8B, 0x23,
    0x87, 0xFF, 0xAC, 0x95, 0xD3, 0xF3, 0xF8, 0x8E, 0x1F, 0xE1, 0x75, 0x23, 0x76, 0x42, 0x6F, 0xE5,
    0x9A, 0x63, 0x2F, 0x3F, 0xFB, 0x1A, 0xDF, 0xF8, 0x2E, 0x8F, 0xC9, 0xBB, 0xFC, 0x92, 0x71, 0xCB,
    0xD7, 0xB9, 0x78, 0x79, 0x4B, 0x3F, 0xFF, 0x2A, 0xC2, 0x83, 0x03, 0x1F, 0xC3, 0xFD, 0x0B, 0x7F,
    0x04, 0x96, 0xBB, 0x6E, 0x29, 0xE4, 0xBE, 0x21, 0x7F, 0xD4, 0xD6, 0x1D, 0x57, 0x58, 0xE1, 0x35,
    0x9D, 0x5E, 0xD4, 0x5A, 0x73, 0x19, 0x05, 0x6E, 0x36, 0x05, 0xE7, 0x39, 0x68, 0xA8, 0x7B, 0xBB,
    0xEB, 0x93, 0xB8, 0xA6, 0x3D, 0x5C, 0x53, 0x73, 0x52, 0x0F, 0xBA, 0x3E, 0xB8, 0xEB, 0x13, 0x36,
    0x32, 0xDD, 0x27, 0x73, 0xD7, 0x18, 0x5F, 0x61, 0xAF, 0x07, 0x5C, 0x6F, 0x1B, 0x50, 0xE5, 0x1F,
    0xBD, 0xF9, 0x0E, 0xD2, 0x6E, 0xD0, 0x81, 0x8B, 0xEB, 0xE8, 0xAD, 0x5D, 0xF9, 0xCD, 0xE3, 0x3B,
    0xAD, 0xCD, 0x6C, 0xD8, 0x60, 0x77, 0x70, 0x89, 0xB2, 0x6B, 0x98, 0x07, 0x4B, 0x3A, 0x5A, 0x71,
    0x70, 0xD7, 0x07, 0x98, 0xFC, 0xDC, 0x36, 0xBC, 0xF0, 0xB9, 0x7D, 0x5D, 0x14, 0x48, 0xFC, 0x35,
    0xF5, 0xC2, 0xF5, 0x73, 0xC7, 0x1E, 0x25, 0x06, 0xE7, 0x89, 0xF1, 0xC2, 0x91, 0x86, 0x6B, 0x60,
    0x76, 0x0B, 0x89, 0xBB, 0x4F, 0x1E, 0xD9, 0xFD, 0xCE, 0x3F, 0x5F, 0xE5, 0xBD, 0xAB, 0xBC, 0x77,
    0x95, 0xF7, 0xAE, 0xF2, 0xDE, 0x55, 0xDE, 0xBB, 0xD5, 0xF2, 0x9E, 0xEB, 0xA1, 0x47, 0x34, 0xD4,
    0x0C, 0xD4, 0x87, 0xDF, 0xF5, 0x75, 0xEA, 0x4D, 0x2E, 0xC3, 0x55, 0xDE, 0xBB, 0xCA, 0x7B, 0x57,
    0x79, 0xEF, 0xE6, 0x4F, 0xB9, 0x9B, 0xA2, 0x55, 0xCF, 0x9E, 0x62, 0x2A, 0x89, 0x2F, 0xF0, 0xC9,
    0x05, 0xFE, 0x78, 0x81, 0xCF, 0x2E, 0xF0, 0xC5, 0x7E, 0xCA, 0x58, 0x5F, 0xCC, 0x5D, 0x8B, 0x8D,
    0xD9, 0x33, 0x1B, 0xAD, 0xC5, 0xCF, 0xF6, 0xF8, 0xC4, 0x1E, 0xD9, 0x3C, 0xEF, 0x99, 0x84, 0xA6,
    0x5D, 0x3E, 0xB3, 0xF6, 0xCB, 0x1D, 0x7E, 0x23, 0xDE, 0xF0, 0x02, 0xBB, 0xCB, 0xBB, 0x6E, 0x38,
    0xEF, 0x15, 0x33, 0xDA, 0xE3, 0x0F, 0xEE, 0x88, 0x9D, 0x79, 0xAF, 0x98, 0xBB, 0x7C, 0xE6, 0x26,
    0xF8, 0x79, 0xAF, 0x98, 0xBB, 0x7C, 0xE9, 0x2C, 0xE0, 0xF3, 0x8E, 0xAD, 0xAE, 0xD9, 0xE5, 0x6D,
    0xD5, 0x67, 0x7B, 0x09, 0x0C, 0x96, 0x5D, 0x3E, 0xF1, 0x0E, 0x4A, 0xF3, 0xAE, 0xCD, 0x71, 0x87,
    0xDF, 0x88, 0x5C, 0x52, 0x5C, 0xD9, 0xE1, 0x6B, 0x9F, 0x6F, 0x69, 0xDE, 0x2B, 0xE6, 0x0E, 0x7F,
    0x00, 0x1B, 0xD5, 0xBC, 0x57, 0xCC, 0x8D, 0x37, 0x20, 0x6A, 0x1C, 0xB2, 0x4D, 0x66, 0xE4, 0x0C,
    0x12, 0xC7, 0x86, 0x7C, 0xC1, 0x66, 0x69, 0xC5, 0xD7, 0x90, 0x63, 0x2A, 0xE4, 0x7D, 0x47, 0xDE,
    0xF0, 0x90, 0xEE, 0x72, 0xC3, 0x27, 0x94, 0x68, 0x58, 0xF3, 0xA0, 0x18, 0xD9, 0x94, 0x3F, 0x0B,
    0xC5, 0x40, 0x6D, 0xB2, 0xDD, 0xF0, 0x25, 0xA6, 0xD8, 0x9A, 0x77, 0x6A, 0x73, 0xCB, 0xC7, 0x3B,
    0x99, 0x9B, 0xF5, 0x0C, 0x30, 0x07, 0x7D, 0x76, 0x9F, 0xCF, 0x2E, 0xF0, 0xC5, 0x05, 0xBE, 0xBC,
    0xC0, 0xB7, 0x17, 0x78, 0xB3, 0xCF, 0x93, 0x94, 0x12, 0xBC, 0x17, 0x49, 0x50, 0x01, 0x9F, 0x71,
    0x4E, 0x96, 0x59, 0xF7, 0xD9, 0x61, 0x97, 0xA7, 0x55, 0x25, 0xE0, 0x5B, 0x8E, 0xDA, 0x9B, 0x75,
    0x31, 0x9B, 0x3D, 0x9E, 0x45, 0x3E, 0xCD, 0x1F, 0x85, 0xD7, 0xF2, 0xBC, 0x57, 0xCC, 0x80, 0xCF,
    0x85, 0x57, 0xF4, 0xAC, 0x8A, 0xD9, 0xEF, 0xF2, 0xEC, 0xC8, 0xA9, 0x79, 0x96, 0x15, 0xD6, 0x76,
    0xA3, 0xF3, 0x4A, 0xA4, 0x64, 0x2A, 0x67, 0x74, 0x19, 0xE5, 0xA8, 0xF8, 0x54, 0x86, 0x3C, 0x0A,
    0x3E, 0x0F, 0x1C, 0xB1, 0x90, 0x2F, 0xE5, 0xE8, 0x13, 0xBC, 0x90, 0x44, 0x03, 0xBE, 0xD9, 0xE5,
    0xED, 0x87, 0x4E, 0x12, 0x5A, 0x45, 0x8F, 0x6F, 0x55, 0xEF, 0xFC, 0x06, 0xFB, 0xD1, 0x37, 0xAA,
    0x4F, 0x55, 0x28, 0xAD, 0x55, 0x72, 0x1B, 0x73, 0xC6, 0xAF, 0x07, 0xB9, 0x0F, 0x99, 0xB0, 0xFF,
    0x2F, 0xB4, 0xA5, 0x86, 0x17, 0xE3, 0x0D, 0x08, 0xC9, 0x75, 0xAB, 0xF8, 0x60, 0x1E, 0x59, 0xFD,
    0x64, 0x1F, 0x09, 0x09, 0xAF, 0x33, 0x90, 0x0A, 0xD3, 0x7B, 0x6A, 0x82, 0xAC, 0xF7, 0xBF, 0x78,
    0x16, 0xB4, 0x89, 0x84, 0xD4, 0xF7, 0x67, 0x4A, 0x26, 0xDE, 0xD0, 0x41, 0x01, 0xEC, 0xD1, 0x68,
    0x9C, 0xDB, 0xD2, 0x22, 0x3D, 0x09, 0xA0, 0xC9, 0x85, 0x4C, 0x08, 0x6F, 0xE5, 0xE4, 0x66, 0x96,
    0x0E, 0x17, 0x9C, 0x5B, 0xAC, 0xEF, 0x28, 0xC9, 0x89, 0x9B, 0xE4, 0x45, 0xD2, 0x57, 0xE2, 0x20,
    0x27, 0x20, 0x99, 0x5C, 0xF2, 0xC5, 0xEC, 0x99, 0xAE, 0x2A, 0xC1, 0x9E, 0xF4, 0xE6, 0x34, 0xE8,
    0x97, 0xB5, 0x3E, 0x25, 0x4E, 0xEF, 0x6C, 0x41, 0xEE, 0x0C, 0xD8, 0x4F, 0x7D, 0x1B, 0xD8, 0x00,
    0xA0, 0xFB, 0x74, 0xAF, 0xE3, 0xE6, 0x64, 0xB5, 0x2E, 0xDA, 0x39, 0x6E, 0x0D, 0x84, 0xF0, 0x2D,
    0xEB, 0x7F, 0xFA, 0xFC, 0x4B, 0xCD, 0xDA, 0x46, 0xF8, 0x36, 0xD2, 0xA1, 0x8F, 0x9D, 0xBD, 0xC1,
    0xE0, 0xDF, 0xE2, 0x29, 0x8F, 0x1D, 0x29, 0xC7, 0xAA, 0x81, 0xDF, 0x6F, 0xD9, 0x23, 0xA7, 0xA0,
    0x6B, 0xE4, 0xA0, 0x5F, 0xA2, 0x3D, 0x76, 0x0A, 0xEB, 0x4C, 0xEE, 0x4B, 0x15, 0x2B, 0x64, 0xE0,
    0x93, 0x64, 0x4F, 0x61, 0xBB, 0x69, 0x76, 0x88, 0xB4, 0xEE, 0x43, 0xF5, 0x12, 0xC9, 0xC6, 0x3C,
    0xFB, 0xE6, 0x15, 0xE5, 0x60, 0x4A, 0x58, 0x96, 0xAB, 0x07, 0x2A, 0x43, 0x2A, 0x52, 0x26, 0x2F,
    0xE2, 0x78, 0x0B, 0xCE, 0x23, 0x34, 0x53, 0xD2, 0x82, 0x7A, 0xA9, 0x49, 0x75, 0x30, 0x72, 0x0A,
    0xFD, 0x31, 0x87, 0x6E, 0x5D, 0x3B, 0xC1, 0x07, 0xCE, 0x01, 0x38, 0x1F, 0x0D, 0x1C, 0xFB, 0xE2,
    0x7D, 0xFC, 0xCE, 0x5E, 0x86, 0x3F, 0xF8, 0x33, 0x7F, 0x6A, 0xE3, 0xCF, 0x0F, 0x5C, 0xAA, 0x3B,
    0xAD, 0x8F, 0xC3, 0x33, 0xCF, 0x6D, 0x0E, 0xE6, 0x99, 0x7B, 0xC3, 0xC0, 0x5B, 0x94, 0x9E, 0x87,
    0x7C, 0xC7, 0x7D, 0xA8, 0x21, 0x1D, 0x86, 0xC8, 0xEF, 0x3A, 0xF3, 0x4C, 0x70, 0xE6, 0x09, 0xE9,
    0x44, 0x8B, 0xDC, 0xCC, 0x73, 0x0D, 0xA4, 0x0D, 0x5E, 0xE5, 0xF6, 0xE7, 0x30, 0x10, 0xEE, 0xB4,
    0xFB, 0x22, 0xBC, 0xCA, 0xE3, 0x9E, 0x81, 0x93, 0x9C, 0x00, 0x25, 0xBA, 0x87, 0x89, 0xAC, 0xED,
    0x6E, 0x32, 0xC6, 0x19, 0x59, 0x67, 0x6A, 0x57, 0x39, 0xDA, 0x73, 0x69, 0x90, 0xD7, 0x79, 0xD9,
    0x75, 0x46, 0xF6, 0xDB, 0x93, 0x8B, 0xBD, 0x94, 0x7A, 0xA2, 0x5A, 0xAF, 0x04, 0x6F, 0x04, 0x16,
    0x9D, 0x86, 0xB5, 0xD6, 0x5D, 0xFE, 0x0A, 0x5E, 0x1A, 0x8C, 0x81, 0x7F, 0x07, 0xAE, 0x9C, 0x6F,
    0x1B, 0x5C, 0x1B, 0xEB, 0x6D, 0x03, 0x71, 0x2C, 0x9D, 0x1C, 0x25, 0xDD, 0x1B, 0x83, 0x72, 0x9B,
    0x23, 0x5F, 0xEC, 0xBD, 0x3A, 0x9A, 0xCB, 0x20, 0x75, 0x5A, 0x86, 0x4A, 0xEB, 0x73, 0x44, 0x79,
    0xEE, 0x12, 0xF0, 0x91, 0xAB, 0x68, 0xE3, 0x44, 0x19, 0x19, 0x8D, 0xF9, 0x2E, 0x7E, 0xC8, 0xF9,
    0x10, 0x85, 0x16, 0x2E, 0x55, 0x4F, 0x54, 0x3B, 0x83, 0xD4, 0x70, 0xBA, 0xD6, 0xDB, 0x30, 0xBF,
    0x3D, 0x14, 0xC7, 0x39, 0x3E, 0x14, 0x87, 0x3B, 0x1E, 0xE5, 0x11, 0x3B, 0xB5, 0x50, 0x9E, 0x1C,
    0xA4, 0xE6, 0x3B, 0x93, 0xA9, 0xC7, 0x4B, 0x38, 0xCD, 0x71, 0xF4, 0x2F, 0x3D, 0x46, 0x98, 0xC7,
    0x11, 0xF4, 0x86, 0x5E, 0xB4, 0x40, 0x51, 0x02, 0x8E, 0xDA, 0x1B, 0x79, 0x93, 0xC0, 0xEA, 0xAD,
    0x81, 0x85, 0x07, 0x2B, 0x47, 0xC6, 0x7C, 0x92, 0xCD, 0x2C, 0x94, 0xBF, 0x4A, 0xFA, 0x6F, 0xA5,
    0xC8, 0x2F, 0x4E, 0xBA, 0x00, 0x4D, 0x09, 0x27, 0x1B, 0xEF, 0x72, 0x91, 0xCC, 0xF2, 0x24, 0x33,
    0x5B, 0x9E, 0x4A, 0x91, 0x35, 0xFB, 0x2C, 0x41, 0x2F, 0xB3, 0x5D, 0xF6, 0xB2, 0x8B, 0xBD, 0x26,
    0xF8, 0x4E, 0xF6, 0xF8, 0x3D, 0x79, 0xE8, 0x45, 0xE0, 0xBC, 0x23, 0x6F, 0x09, 0xCB, 0x0C, 0x2E,
    0xE1, 0xA3, 0xEC, 0xEF, 0x4A, 0x59, 0xB6, 0xEC, 0xA9, 0xD3, 0xD3, 0x46, 0x48, 0xBA, 0xF9, 0x28,
    0x4C, 0x5E, 0xD6, 0xB7, 0x1A, 0xA7, 0x3E, 0x37, 0x00, 0x30, 0x43, 0xA7, 0xDB, 0x26, 0xA2, 0x57,
    0xB9, 0xCB, 0x80, 0x9F, 0xF8, 0x61, 0xE0, 0x4F, 0x55, 0x84, 0x6C, 0x49, 0x90, 0x17, 0xCF, 0x3A,
    0xD5, 0xD1, 0x79, 0x8A, 0x99, 0xD4, 0xC9, 0xE9, 0x93, 0x41, 0x6B, 0x79, 0x8C, 0xE2, 0x51, 0x9D,
    0x0E, 0xF5, 0x50, 0x1E, 0xA0, 0xB8, 0x0E, 0xBF, 0xE7, 0xD5, 0x4D, 0x7D, 0x5B, 0x7D, 0x5D, 0xE8,
    0x2D, 0xFA, 0x31, 0x38, 0xBB, 0xB1, 0xBC, 0x70, 0x0A, 0xC7, 0x29, 0xD8, 0xE5, 0x4D, 0xC1, 0x1A,
    0x63, 0x58, 0x59, 0xE1, 0x83, 0xE1, 0xD0, 0xF2, 0x85, 0x27, 0xDE, 0xC2, 0x4E, 0xCA, 0xD7, 0x5E,
    0x61, 0xD0, 0xDC, 0x86, 0xA1, 0x2A, 0x18, 0x0A, 0xB2, 0xD0, 0x7D, 0x1B, 0x3A, 0x8A, 0xCA, 0x3F,
    0xF7, 0x24, 0x13, 0x5E, 0x79, 0xE3, 0x6E, 0x26, 0xC3, 0x7C, 0x06, 0x95, 0x64, 0xBA, 0xF6, 0x96,
    0x48, 0x11, 0x45, 0x34, 0xAB, 0x19, 0xD7, 0x49, 0xAB, 0x3A, 0x48, 0xA9, 0x8A, 0x45, 0x78, 0x93,
    0x1D, 0xA6, 0x89, 0xB6, 0x14, 0x75, 0xE2, 0x30, 0x61, 0x67, 0x17, 0x3A, 0x6A, 0xB3, 0xD0, 0x39,
    0x0E, 0xCD, 0x44, 0xE9, 0x1C, 0xEC, 0xC9, 0x7E, 0x76, 0x61, 0xF6, 0x0F, 0x97, 0xD4, 0x28, 0x4C,
    0x52, 0xFF, 0x32, 0x38, 0xD4, 0xEB, 0x84, 0x78, 0x79, 0x25, 0x5C, 0x9A, 0xA5, 0x0E, 0x36, 0x61,
    0x6F, 0x88, 0x97, 0x1D, 0xFC, 0x84, 0x3E, 0xAD, 0x59, 0x6A, 0xAD, 0x99, 0x5E, 0xD4, 0x2B, 0xAE,
    0xEF, 0xF7, 0x02, 0x3C, 0x85, 0xB8, 0xD0, 0x71, 0x71, 0x53, 0x2E, 0x71, 0x6D, 0x77, 0x2F, 0x6A,
    0x27, 0x3D, 0x64, 0x9B, 0x53, 0xC8, 0x75, 0x7B, 0xA6, 0xC1, 0xA9, 0xE7, 0x47, 0xDD, 0x1F, 0xBA,
    0xB0, 0xBF, 0x1C, 0x74, 0x7F, 0xAA, 0x64, 0xF6, 0xB6, 0x34, 0xE8, 0x7F, 0x10, 0x4D, 0xA4, 0xB3,
    0xFB, 0x8A, 0x36, 0x75, 0xDD, 0x23, 0x0F, 0x2C, 0xA8, 0x99, 0x08, 0x5E, 0x63, 0xBB, 0x15, 0xDC,
    0xBE, 0x91, 0x07, 0x52, 0x17, 0x38, 0xBE, 0x70, 0x09, 0xC7, 0x20, 0x2D, 0x3A, 0xB7, 0x7C, 0x10,
    0xFB, 0x0E, 0x4A, 0x3E, 0xE1, 0x66, 0x87, 0xAF, 0x7E, 0xDA, 0x1A, 0x0E, 0x3E, 0xD3, 0x4A, 0xBE,
    0x22, 0xD0, 0x92, 0x1E, 0x95, 0x49, 0x38, 0x52, 0xF9, 0xF7, 0xA5, 0x56, 0xA7, 0x51, 0xCB, 0xAD,
    0x1A, 0x0A, 0x5F, 0xD0, 0x09, 0xD4, 0xFF, 0x0F, 0xED, 0x5D, 0xBD, 0x8E, 0xE4, 0x48, 0x72, 0x4E,
    0xB2, 0x30, 0x43, 0x60, 0x09, 0x89, 0xD6, 0xAE, 0x71, 0x6B, 0xD0, 0x3F, 0x43, 0x74, 0xE4, 0xB3,
    0x04, 0x99, 0xEB, 0x8C, 0xB1, 0xBD, 0xC6, 0x9E, 0xB1, 0xFE, 0xAE, 0x31, 0x7A, 0x00, 0x01, 0x2C,
    0x40, 0x2F, 0x30, 0xC6, 0xAE, 0x2F, 0x63, 0x05, 0x48, 0x7D, 0xC6, 0xBC, 0xC0, 0x01, 0x2C, 0x40,
    0x2F, 0x50, 0xCE, 0xD9, 0x57, 0x38, 0xCC, 0x1A, 0x77, 0x32, 0x44, 0xA3, 0x0E, 0xAA, 0x19, 0x54,
    0x31, 0xC5, 0xFC, 0x89, 0x88, 0x2F, 0x92, 0xD5, 0x7F, 0x33, 0x3D, 0x3D, 0x3D, 0xB3, 0x45, 0xA0,
    0xBB, 0x33, 0xB2, 0xAB, 0x98, 0xC9, 0xCC, 0x88, 0xC8, 0x2F, 0x23, 0x23, 0x82, 0xC6, 0x18, 0xF3,
    0x1B, 0x6B, 0x7F, 0x34, 0xF1, 0xFA, 0xD2, 0x4E, 0xD7, 0x8B, 0x50, 0xCE, 0x5C, 0xD9, 0x8E, 0x81,
    0xA8, 0x3D, 0x61, 0x37, 0x9E, 0xE8, 0x03, 0x71, 0x70, 0xE5, 0x85, 0x8D, 0xD7, 0x72, 0x22, 0xAA,
    0xE9, 0xF3, 0x3F, 0xFD, 0x10, 0x3F, 0xD7, 0x5A, 0xBB, 0x32, 0xA6, 0xB1, 0x76, 0x37, 0x11, 0xE1,
    0xF7, 0x74, 0xCB, 0xA3, 0x31, 0xB9, 0xFF, 0x87, 0xFF, 0x97, 0x31, 0x85, 0xAB, 0x99, 0xAE, 0xD2,
    0xDA, 0xF5, 0xF4, 0xFD, 0x1D, 0x35, 0xBD, 0x99, 0x9A, 0x0C, 0xAD, 0x4D, 0xCD, 0x0D, 0xD3, 0x77,
    0x96, 0x81, 0x68, 0xEC, 0xDE, 0x98, 0x7F, 0x88, 0xDD, 0xAD, 0x42, 0x1F, 0xC2, 0x45, 0x77, 0x32,
    0xB1, 0x5B, 0x42, 0xE4, 0x48, 0x18, 0x4B, 0xB7, 0x0A, 0xC4, 0x4A, 0x88, 0x7E, 0xEA, 0x02, 0x5F,
    0xDD, 0x6D, 0x89, 0xCD, 0xE7, 0x17, 0x74, 0xF5, 0x76, 0xD3, 0x5B, 0xB9, 0x36, 0xF6, 0xEE, 0xC4,
    0x9A, 0x06, 0xD9, 0x77, 0xA7, 0xE7, 0xEE, 0x75, 0x09, 0xD1, 0x31, 0x31, 0x55, 0xB7, 0x4C, 0x4C,
    0x0F, 0xD7, 0x72, 0xF7, 0xA6, 0xC7, 0x6E, 0x88, 0x98, 0x86, 0x54, 0x46, 0x34, 0x9F, 0xA6, 0xB5,
    0x9A, 0x46, 0x35, 0x0E, 0xD5, 0x81, 0x07, 0x7E, 0x9A, 0x86, 0xFD, 0x34, 0x90, 0x07, 0x1A, 0xDE,
    0xDD, 0xF4, 0xDF, 0x38, 0xAA, 0xAD, 0xDD, 0xFA, 0x9B, 0xC8, 0x48, 0xD9, 0x70, 0xEF, 0xDC, 0x0F,
    0x68, 0x1B, 0x6E, 0x57, 0x7A, 0x86, 0xA9, 0xC3, 0x97, 0x5A, 0x7F, 0xA3, 0xD2, 0x3F, 0xD1, 0xF4,
    0xA9, 0x21, 0x7C, 0x78, 0x5C, 0x66, 0x7D, 0xFC, 0x2A, 0x0D, 0x16, 0xB2, 0xD8, 0xDE, 0x00, 0x5B,
    0x6D, 0xE8, 0x79, 0xAD, 0xE5, 0xD9, 0x7D, 0x0A, 0x3C, 0xEA, 0x29, 0xE6, 0x5E, 0xF3, 0xE4, 0xE2,
    0xD9, 0xF4, 0xA4, 0xEE, 0x17, 0x3D, 0xC0, 0xE0, 0xDA, 0xDF, 0x11, 0x5D, 0x3B, 0xBA, 0x8A, 0x4D,
    0x7C, 0x38, 0x9A, 0xFB, 0xF3, 0xD9, 0xE5, 0xF4, 0x1C, 0x4F, 0x2F, 0xFF, 0xDD, 0x3C, 0xDA, 0xEB,
    0xB9, 0xB5, 0x6F, 0x40, 0x5C, 0x1A, 0x9C, 0x08, 0x27, 0x72, 0xFE, 0xDA, 0x12, 0xDD, 0x5A, 0xD4,
    0x19, 0x6E, 0xB2, 0xD5, 0x34, 0x56, 0x44, 0x1F, 0x60, 0x5A, 0x85, 0x01, 0xBC, 0xC2, 0x19, 0x5F,
    0x7A, 0x29, 0xA0, 0xBB, 0xBF, 0x0A, 0xF3, 0x3D, 0x44, 0x06, 0xD9, 0xC7, 0x4E, 0x1C, 0x62, 0x6B,
    0xC4, 0x80, 0x36, 0xB0, 0xFB, 0xC8, 0xF7, 0x5D, 0xF9, 0xEA, 0x1D, 0xB7, 0xBB, 0xF1, 0x2C, 0xB5,
    0x61, 0xE5, 0xE0, 0xE7, 0x81, 0x15, 0x81, 0xFF, 0x64, 0xCD, 0xFD, 0x9E, 0x6E, 0x70, 0x20, 0xEE,
    0x8D, 0xCF, 0x75, 0x74, 0x95, 0x3B, 0xE1, 0x2B, 0xEB, 0xBE, 0x34, 0x10, 0x3D, 0xB1, 0xF8, 0x32,
    0x13, 0xC1, 0x75, 0x3D, 0x5F, 0x2D, 0xAC, 0xA8, 0x09, 0x57, 0x5E, 0x80, 0xAA, 0x99, 0xBA, 0xB6,
    0x29, 0x50, 0x29, 0x4D, 0x63, 0x98, 0x69, 0x7A, 0x30, 0xE5, 0x11, 0x35, 0xD3, 0xD4, 0xD6, 0xBF,
    0xA2, 0xD6, 0xD9, 0xA9, 0x69, 0xEA, 0x84, 0xC7, 0x8C, 0x48, 0xDE, 0x5D, 0xE8, 0xA3, 0xA2, 0x9B,
    0x19, 0x3D, 0xDE, 0x89, 0x6E, 0xED, 0xD8, 0x59, 0x7D, 0xBD, 0x23, 0x3D, 0x9E, 0xA0, 0x2F, 0xF9,
    0xEA, 0x1D, 0x7D, 0x50, 0xFD, 0x51, 0x8F, 0x38, 0x3D, 0xDF, 0x0D, 0xF4, 0x21, 0xA5, 0xD5, 0x10,
    0x4C, 0x74, 0x8D, 0xF4, 0x34, 0xDE, 0x35, 0x3E, 0x72, 0x6F, 0x77, 0x15, 0xCE, 0xDF, 0x34, 0x5F,
    0x55, 0x32, 0x9F, 0x25, 0xAE, 0x3B, 0xD3, 0x7C, 0x17, 0x9A, 0x1F, 0xD6, 0x29, 0xBF, 0xE4, 0x9A,
    0x9F, 0x1C, 0x7F, 0x6D, 0x81, 0xDF, 0x14, 0xFF, 0x55, 0xAE, 0x2F, 0x30, 0x00, 0x4D, 0xE0, 0xDF,
    0xA3, 0x62, 0x8F, 0x5A, 0x3A, 0x44, 0xFC, 0xBF, 0x16, 0x76, 0xF4, 0x8D, 0x0C, 0x7C, 0xFB, 0x20,
    0x3F, 0x07, 0x96, 0xFA, 0xF0, 0xAD, 0xF0, 0x04, 0x99, 0x25, 0xF5, 0x1E, 0xB8, 0xB0, 0x8C, 0x7F,
    0x9D, 0x02, 0x5F, 0x05, 0x31, 0xDE, 0xB0, 0x76, 0xF8, 0x8F, 0x6F, 0x7B, 0xFA, 0x9E, 0xE1, 0xC9,
    0x3B, 0x82, 0x36, 0xB1, 0x96, 0xDB, 0x2D, 0x88, 0x96, 0xA5, 0x0D, 0x96, 0x84, 0xD0, 0x12, 0xFE,
    0xDB, 0xAB, 0x27, 0xAB, 0x44, 0x61, 0x02, 0x1F, 0xBF, 0x9C, 0x54, 0x64, 0x7E, 0x51, 0xA3, 0xC5,
    0xEC, 0x83, 0x10, 0xB9, 0x7B, 0x8E, 0x3C, 0x11, 0xD4, 0x07, 0xBE, 0xCE, 0x58, 0xEF, 0x8C, 0xF5,
    0x3E, 0x11, 0xAC, 0xE7, 0xAE, 0x8B, 0x8B, 0xE9, 0xD7, 0xE7, 0x17, 0x33, 0x36, 0xF7, 0xAD, 0xF4,
    0x38, 0xDD, 0x9F, 0x76, 0xFD, 0xF7, 0xFF, 0x35, 0xFD, 0xFA, 0xED, 0xA5, 0xF9, 0xD5, 0x5E, 0xBC,
    0x94, 0xD5, 0xC4, 0xCF, 0x01, 0x6E, 0xF5, 0xB4, 0x66, 0x72, 0x7D, 0x80, 0x5D, 0x2D, 0xC9, 0x40,
    0x2D, 0xFC, 0x3F, 0xD2, 0xC2, 0xA9, 0xEA, 0x43, 0x4D, 0x45, 0x1C, 0xC9, 0xF5, 0xE1, 0x0E, 0x0C,
    0xE2, 0xB8, 0xDE, 0x23, 0x35, 0xD7, 0xFA, 0x52, 0xD7, 0x07, 0xFE, 0xCE, 0xA8, 0xA3, 0x54, 0x4F,
    0xA8, 0x90, 0x3A, 0x4A, 0xF5, 0x74, 0xE3, 0x28, 0x6A, 0x5C, 0x5F, 0x45, 0x25, 0xDD, 0x44, 0xD9,
    0xA1, 0x7A, 0xF9, 0xBF, 0xA6, 0xE9, 0x41, 0x0B, 0x16, 0xBC, 0x03, 0x74, 0x53, 0x3A, 0x4A, 0xF5,
    0x24, 0x86, 0xD4, 0xD1, 0x58, 0x9F, 0xB3, 0xEE, 0xEC, 0xC3, 0x07, 0x6A, 0x5E, 0x11, 0x18, 0x21,
    0x0D, 0x50, 0x5F, 0x32, 0x38, 0x8A, 0x1D, 0x8D, 0xF5, 0x3C, 0x1C, 0xD4, 0xD1, 0x9A, 0xA0, 0xFC,
    0x8E, 0x35, 0xFB, 0x08, 0xF5, 0x1D, 0x63, 0x9C, 0xD8, 0x52, 0xAC, 0x17, 0xC5, 0x99, 0x85, 0x9E,
    0x85, 0xFA, 0x1C, 0x54, 0x7C, 0xE8, 0x68, 0xA8, 0xC7, 0x15, 0x22, 0x74, 0xB4, 0x8E, 0xEA, 0x6A,
    0x04, 0xC8, 0xB8, 0xE3, 0x7A, 0x5C, 0x6B, 0x42, 0x39, 0xD4, 0x37, 0x80, 0x35, 0xC2, 0x12, 0x14,
    0xEA, 0xA5, 0x9B, 0xD4, 0x56, 0xA8, 0x07, 0x08, 0x17, 0x3B, 0xEA, 0xEB, 0xB3, 0xF9, 0x4A, 0x54,
    0x07, 0xA4, 0x60, 0x15, 0x86, 0x1E, 0x62, 0x7D, 0xA9, 0xD0, 0xF5, 0x84, 0x6D, 0x2F, 0x2E, 0x3A,
    0x7B, 0xBC, 0xB8, 0x78, 0xAE, 0x50, 0x7C, 0x05, 0x2B, 0x0B, 0x42, 0xA2, 0x12, 0xEA, 0x87, 0x5B,
    0x7C, 0x1E, 0x57, 0xB5, 0x51, 0xAD, 0xB2, 0xB8, 0x8E, 0x19, 0xD9, 0xD3, 0xE2, 0xB5, 0x37, 0xC9,
    0x5E, 0x50, 0x23, 0xBE, 0x00, 0x02, 0x7F, 0x72, 0x5D, 0x9F, 0xFA, 0xFF, 0x8D, 0x95, 0xF5, 0x39,
    0xEE, 0xD6, 0xEA, 0x38, 0xDA, 0xBC, 0xAE, 0x45, 0x58, 0xCC, 0xF3, 0xB8, 0xC5, 0x2D, 0x18, 0xF0,
    0xC3, 0xC0, 0xDD, 0x39, 0x2A, 0xFE, 0xD9, 0x73, 0x77, 0xF6, 0x8A, 0xDF, 0x0E, 0x27, 0xF9, 0x56,
    0x40, 0x7E, 0xAF, 0xEA, 0x05, 0xCC, 0x5B, 0xC5, 0xFF, 0x2C, 0xFF, 0x89, 0xBC, 0xB0, 0xFC, 0x13,
    0x47, 0x8A, 0x1C, 0xAD, 0x4F, 0xC9, 0x1D, 0xEB, 0x85, 0x54, 0x4E, 0x69, 0xA4, 0x89, 0x05, 0x52,
    0xF9, 0x25, 0xC5, 0x44, 0xF5, 0x5D, 0xA2, 0x2F, 0x44, 0x0F, 0xEC, 0x41, 0x9D, 0x49, 0x7D, 0x93,
    0xE8, 0x89, 0xF4, 0x7B, 0xDD, 0x15, 0xFA, 0xA7, 0x4F, 0xEA, 0xCB, 0xD8, 0x6F, 0xEA, 0x6F, 0xAA,
    0xC7, 0xAE, 0xD0, 0x7B, 0x79, 0x5A, 0x1F, 0x2B, 0x66, 0xFA, 0x33, 0xE3, 0x7A, 0x93, 0xEA, 0xD5,
    0x2D, 0x34, 0x9F, 0xEA, 0xE1, 0x53, 0x7A, 0x7B, 0x8F, 0xF3, 0x0F, 0xF5, 0x47, 0x0F, 0x30, 0xF6,
    0x49, 0x7D, 0xED, 0xF0, 0x47, 0x6F, 0x4F, 0xAC, 0x17, 0x53, 0x93, 0xBD, 0x3D, 0xB5, 0xBE, 0xF8,
    0xFA, 0x74, 0x3D, 0xCA, 0x63, 0xBD, 0x49, 0xEA, 0x4D, 0xA8, 0xDF, 0xCF, 0xEA, 0x1D, 0x62, 0xEE,
    0xC7, 0x15, 0xB3, 0x3B, 0x7D, 0x62, 0x02, 0x54, 0x57, 0x2E, 0x83, 0x0E, 0xDE, 0x4D, 0x2D, 0x1D,
    0xE7, 0xFB, 0x9E, 0xF1, 0x91, 0x56, 0x61, 0x57, 0xFD, 0xDE, 0x28, 0xFB, 0xB0, 0x1B, 0xA4, 0xFB,
    0xBA, 0xAA, 0xC8, 0x18, 0x6D, 0x94, 0x87, 0x09, 0xC2, 0x13, 0xEE, 0xA6, 0xAA, 0x69, 0x7E, 0x17,
    0x2C, 0x7D, 0x1B, 0x82, 0xEA, 0x79, 0x1C, 0xA5, 0x58, 0xE5, 0x3F, 0xC1, 0x58, 0x60, 0x43, 0x48,
    0x9D, 0xF6, 0x25, 0x2D, 0x69, 0xA3, 0x81, 0xCB, 0xFC, 0x67, 0x6D, 0x08, 0xF7, 0xC7, 0x2A, 0x0F,
    0x1C, 0xCB, 0x30, 0xBE, 0xB1, 0xCA, 0xDF, 0x79, 0x41, 0x3A, 0x71, 0x63, 0x68, 0x4A, 0x22, 0xF8,
    0x0F, 0x55, 0x05, 0xE9, 0xD8, 0x25, 0x57, 0xF1, 0x8D, 0xD7, 0x5C, 0xD5, 0x84, 0x27, 0x0E, 0x7F,
    0xDA, 0xB8, 0x2B, 0x5C, 0xB3, 0x15, 0x36, 0x56, 0xF5, 0x41, 0xAE, 0x8B, 0x28, 0x85, 0x1B, 0xD7,
    0xD4, 0x18, 0x79, 0xF7, 0x48, 0x55, 0x0B, 0x11, 0x6E, 0xAA, 0x2A, 0x88, 0x2D, 0xFA, 0xB0, 0x01,
    0xD9, 0x18, 0xD9, 0xD4, 0xF8, 0x66, 0x7C, 0x55, 0x43, 0xEB, 0x52, 0xED, 0x7A, 0xE1, 0xAB, 0x78,
    0xEF, 0xE4, 0x25, 0xC8, 0x55, 0x89, 0xA1, 0x6D, 0x31, 0x5F, 0xE8, 0x72, 0xA9, 0x3A, 0xCC, 0x3F,
    0x75, 0x34, 0x89, 0xE1, 0xC2, 0xB2, 0xA0, 0xDB, 0xD9, 0x6A, 0xAA, 0x16, 0x4C, 0xD6, 0x92, 0xBF,
    0xB8, 0xB5, 0x7B, 0xFA, 0xF5, 0x32, 0xF6, 0xA2, 0xC2, 0xC7, 0x0E, 0x83, 0xD3, 0xC8, 0xE0, 0x90,
    0xDE, 0x6C, 0x61, 0x08, 0xBB, 0xF0, 0x90, 0x5D, 0x1C, 0xE2, 0x4D, 0xDC, 0xAF, 0xF1, 0x9E, 0xB6,
    0x8D, 0xC0, 0x67, 0x90, 0x3D, 0x2F, 0x4D, 0xDA, 0x6E, 0x3E, 0x8F, 0x7B, 0xD9, 0x33, 0xE3, 0x6C,
    0x47, 0x61, 0x45, 0x9E, 0x58, 0xD0, 0x46, 0x6F, 0xC3, 0xFF, 0x2F, 0x91, 0x73, 0xC2, 0x5D, 0xAA,
    0x39, 0x7F, 0xC5, 0x76, 0xB9, 0x6A, 0xC5, 0xBD, 0x63, 0xC6, 0x5C, 0xF3, 0x33, 0x20, 0xFB, 0xB6,
    0x8A, 0xC9, 0xFD, 0x07, 0x7A, 0x55, 0xD5, 0x78, 0x6B, 0x41, 0x98, 0xE1, 0x56, 0x16, 0xE6, 0x3E,
    0x15, 0x18, 0x3B, 0x58, 0x5D, 0x55, 0xFA, 0xAA, 0x83, 0x96, 0x34, 0x57, 0x95, 0x8A, 0xE8, 0x40,
    0x0B, 0x5A, 0xCB, 0x7F, 0x87, 0xFE, 0xB5, 0x51, 0x55, 0x4F, 0xC3, 0xC3, 0x5C, 0x7C, 0x4D, 0xBF,
    0x68, 0xB0, 0x98, 0xD3, 0x16, 0xD1, 0x14, 0xF2, 0xA0, 0x14, 0xB7, 0x9E, 0x5D, 0xFE, 0x3C, 0xFD,
    0xBE, 0xFC, 0xCF, 0xC7, 0xA1, 0x19, 0xBF, 0x74, 0x56, 0x01, 0x85, 0x4D, 0x8F, 0x06, 0x8D, 0x50,
    0xB4, 0xA2, 0x56, 0x4A, 0x30, 0x7B, 0xC4, 0x9D, 0x0B, 0x85, 0x36, 0x2B, 0x25, 0xC3, 0x9D, 0x37,
    0x18, 0xFC, 0x2E, 0x5A, 0x09, 0xE3, 0x37, 0x3A, 0x7F, 0xD7, 0x45, 0x6C, 0xAA, 0xF0, 0xD3, 0x5C,
    0x52, 0x4B, 0xBD, 0xE3, 0x83, 0x9A, 0x00, 0x87, 0xB7, 0x64, 0xB3, 0xE9, 0xD4, 0xE3, 0x0A, 0x5E,
    0x9D, 0xBD, 0x80, 0x72, 0x07, 0xB3, 0x60, 0xA4, 0x15, 0x03, 0x0C, 0x9A, 0xF8, 0x7B, 0x65, 0xE0,
    0xEF, 0xEC, 0x16, 0x30, 0xFC, 0xC4, 0xC8, 0x15, 0x9E, 0x2D, 0x24, 0x54, 0x29, 0x2B, 0xA0, 0x67,
    0xF9, 0x67, 0x8A, 0x42, 0x63, 0x94, 0xB9, 0xC2, 0x9C, 0x65, 0x2C, 0x52, 0x7A, 0xB7, 0xB1, 0x50,
    0x26, 0xB1, 0x52, 0xED, 0x38, 0x6A, 0xB5, 0x9F, 0x50, 0x67, 0x0A, 0x99, 0xDA, 0x3B, 0xD4, 0xD8,
    0xC0, 0x17, 0x16, 0x36, 0x81, 0xB8, 0x07, 0x68, 0xD5, 0x4E, 0xA1, 0x55, 0xDB, 0x80, 0x13, 0x14,
    0x3F, 0x5D, 0xAB, 0x34, 0x72, 0x9B, 0x6E, 0x38, 0x9E, 0xF4, 0x6A, 0xBF, 0x92, 0x59, 0x05, 0x22,
    0x6A, 0xF5, 0x7C, 0x0B, 0x9B, 0x8C, 0xCB, 0x36, 0xDD, 0x60, 0xC1, 0x17, 0xF7, 0x6A, 0xFD, 0x3E,
    0xA8, 0x2D, 0x94, 0x86, 0x54, 0xA3, 0xC2, 0x5C, 0x9A, 0xB2, 0x26, 0x43, 0xEA, 0x49, 0xBF, 0x04,
    0x4A, 0x2C, 0x79, 0x81, 0x42, 0x8B, 0x3F, 0x4C, 0x6F, 0xE1, 0x8E, 0x2F, 0xE0, 0x74, 0xE9, 0x08,
    0x9D, 0x9B, 0x7A, 0x56, 0x49, 0x77, 0xA6, 0x29, 0x03, 0x3E, 0x9B, 0xC0, 0x2D, 0x3C, 0xB1, 0x83,
    0xC0, 0x3C, 0x6D, 0xB9, 0x7B, 0xF6, 0x0E, 0xF8, 0x7A, 0xED, 0x56, 0xB1, 0x35, 0x99, 0xDC, 0x96,
    0x4E, 0x8C, 0x5E, 0x33, 0x80, 0xF5, 0x22, 0xF6, 0xCA, 0x83, 0xCD, 0xB8, 0x91, 0xB5, 0xF6, 0xCD,
    0x25, 0xED, 0x20, 0x5B, 0xB5, 0xF8, 0x95, 0x7A, 0x0D, 0xD5, 0x8B, 0x60, 0xAD, 0x2C, 0xFA, 0x99,
    0xDE, 0x6D, 0x7A, 0x7B, 0xBF, 0x28, 0x83, 0x2F, 0x7A, 0x75, 0xD6, 0x28, 0x0F, 0xB5, 0x8E, 0x0B,
    0x3A, 0xAF, 0xF2, 0xC3, 0x43, 0x94, 0x9B, 0xB0, 0x50, 0x6D, 0x3E, 0x88, 0x95, 0xFE, 0x67, 0x34,
    0xD2, 0x6F, 0x67, 0x36, 0xFA, 0x0A, 0x84, 0xA2, 0x13, 0x5D, 0x98, 0xC3, 0x79, 0xEA, 0x34, 0x2D,
    0xE3, 0xB3, 0x2F, 0x2C, 0x19, 0xE6, 0x57, 0x64, 0x9C, 0x0D, 0xDA, 0xCC, 0xCB, 0x33, 0x1D, 0x59,
    0xB6, 0xDE, 0xF6, 0x1B, 0xE4, 0xC6, 0x31, 0xBE, 0xD8, 0xE9, 0x0F, 0xBC, 0xF1, 0x08, 0x96, 0xE3,
    0x41, 0x96, 0x97, 0xE7, 0x1B, 0x80, 0x6D, 0x4B, 0x28, 0xC3, 0x56, 0xE4, 0x44, 0xB9, 0x80, 0x32,
    0x9C, 0xCC, 0x13, 0x22, 0x48, 0x15, 0x1D, 0x2A, 0x2F, 0x56, 0xA1, 0x9F, 0x5D, 0x5E, 0xC2, 0x86,
    0x4C, 0x0E, 0x84, 0x6A, 0x2B, 0x06, 0x85, 0x1A, 0x18, 0xAD, 0x16, 0xC3, 0x73, 0x1C, 0xB9, 0x0D,
    0x98, 0x94, 0x87, 0x93, 0xA7, 0xA2, 0x68, 0x73, 0x41, 0xBB, 0x4C, 0xA6, 0x8F, 0xF1, 0x56, 0x27,
    0x35, 0x70, 0x97, 0x94, 0xFF, 0x20, 0xE5, 0x7A, 0x94, 0xCF, 0xB7, 0x62, 0x54, 0x58, 0xB7, 0x02,
    0x24, 0x57, 0xB4, 0x79, 0x70, 0xD6, 0x76, 0x5A, 0x0D, 0x0A, 0xBF, 0x5D, 0x10, 0xCC, 0x98, 0xF1,
    0xEC, 0x1F, 0x4C, 0x94, 0xEB, 0x70, 0x80, 0xD7, 0xB8, 0x13, 0xB0, 0xA7, 0xBD, 0xFF, 0x77, 0x09,
    0x07, 0x36, 0x19, 0x22, 0xD1, 0x06, 0x96, 0xDA, 0x02, 0xD5, 0x6D, 0x83, 0x06, 0xF7, 0x6F, 0xED,
    0xF8, 0xE2, 0x14, 0x7F, 0xF6, 0xDA, 0xA2, 0x64, 0xEF, 0x89, 0x5C, 0xEB, 0x3B, 0x5F, 0x73, 0x5E,
    0xAD, 0x8F, 0xBF, 0xF1, 0xE4, 0x7D, 0xB6, 0xC2, 0x99, 0x4A, 0x1F, 0x65, 0xB7, 0xFA, 0xE4, 0xFC,
    0x6E, 0x5F, 0xDD, 0x9B, 0x2B, 0x17, 0x93, 0x85, 0x5A, 0x65, 0xD9, 0x4E, 0x72, 0xFA, 0xAB, 0xBD,
    0xFA, 0x6A, 0xAE, 0xBF, 0xAA, 0xAD, 0x7D, 0x62, 0x92, 0x56, 0x76, 0x29, 0x38, 0x38, 0x36, 0x57,
    0x2D, 0xE7, 0xC9, 0x7A, 0xAE, 0xAC, 0x94, 0x91, 0x1F, 0xFE, 0x82, 0x77, 0x42, 0xF3, 0x5D, 0xAE,
    0x4F, 0x5A, 0x73, 0x6D, 0xDD, 0xCB, 0xE1, 0x1C, 0x50, 0xD4, 0x3A, 0x0F, 0xE5, 0xC5, 0xC5, 0xC5,
    0x0F, 0xCA, 0x16, 0xE8, 0x45, 0xF0, 0x98, 0x34, 0xAE, 0x7B, 0xAA, 0x9E, 0xA3, 0xD0, 0xD3, 0xA2,
    0xC1, 0xC7, 0xCC, 0xFB, 0x21, 0x61, 0x8E, 0x2A, 0x25, 0xD5, 0x24, 0x26, 0xA3, 0x5B, 0xE8, 0x7E,
    0x2C, 0xEE, 0x4C, 0x66, 0x7A, 0xE9, 0x57, 0xAB, 0xBD, 0xD1, 0x0B, 0x3C, 0x42, 0x36, 0xD7, 0xAE,
    0x5A, 0xE2, 0x47, 0x36, 0xE9, 0xC7, 0x3E, 0xC3, 0x63, 0xD4, 0x5E, 0xF7, 0x5A, 0x7C, 0x5E, 0x60,
    0x37, 0x37, 0x1A, 0xB9, 0x30, 0x63, 0x14, 0x2B, 0x81, 0xAC, 0x5B, 0xF7, 0x91, 0x11, 0xD6, 0x7D,
    0x27, 0xE4, 0xB4, 0x99, 0x71, 0x53, 0x58, 0xC6, 0x4F, 0x67, 0x41, 0x0B, 0xE4, 0x71, 0x26, 0xC9,
    0xCD, 0xC6, 0xC9, 0xE4, 0x2F, 0x7E, 0x42, 0x07, 0x6D, 0xEF, 0x5D, 0xEB, 0x5D, 0xAE, 0xD6, 0x0D,
    0x7B, 0x6D, 0x7C, 0x5E, 0x2B, 0xD5, 0xF1, 0xDA, 0xE0, 0xF9, 0x1E, 0xC8, 0xDC, 0x93, 0x97, 0xD3,
    0xA2, 0x95, 0x2A, 0x99, 0x15, 0x68, 0x89, 0xBB, 0x96, 0xDD, 0xF1, 0xA0, 0xBF, 0xBE, 0x03, 0xAE,
    0xC0, 0xB5, 0x06, 0xA6, 0x08, 0x3D, 0x70, 0x8A, 0x07, 0xFC, 0xF8, 0x16, 0x3E, 0xBE, 0x92, 0x8F,
    0x8F, 0xF0, 0xF1, 0xFD, 0xDB, 0x7F, 0xFC, 0x6F, 0xCA, 0x22, 0xFF, 0x0A, 0x51, 0xF5, 0x06, 0xCA,
    0xE3, 0x1C, 0xB3, 0x6B, 0x34, 0xEF, 0xE7, 0x0A, 0x77, 0x71, 0x6B, 0xA3, 0xDC, 0x49, 0xF4, 0x79,
    0xCF, 0xEC, 0x31, 0x73, 0x94, 0x3B, 0x94, 0x23, 0x78, 0x08, 0xD3, 0xC2, 0x4D, 0x1B, 0x28, 0x23,
    0x0A, 0xAB, 0x60, 0x00, 0x74, 0x79, 0x78, 0x87, 0xF2, 0xF6, 0xE9, 0x5E, 0xCA, 0xDD, 0x41, 0xDA,
    0xED, 0xC4, 0xE6, 0xB3, 0x69, 0x65, 0x9F, 0x33, 0xAD, 0xD7, 0x4B, 0xEE, 0x7F, 0x2D, 0x6B, 0xF7,
    0xB2, 0x12, 0xB4, 0xC6, 0x13, 0xE1, 0x70, 0xD1, 0x82, 0x91, 0xDB, 0x81, 0x71, 0x43, 0x1B, 0x2C,
    0x79, 0x3B, 0x82, 0xE7, 0x4E, 0xE4, 0x5E, 0x98, 0x88, 0xCB, 0xDD, 0xB2, 0x7C, 0xF9, 0xFB, 0x30,
    0xE6, 0x19, 0x0A, 0x55, 0x3B, 0x5B, 0xBB, 0x2D, 0x38, 0xC3, 0xBC, 0x62, 0x2B, 0xB1, 0x48, 0x59,
    0x38, 0x27, 0x47, 0x17, 0x9B, 0x31, 0x39, 0x1B, 0xBA, 0x07, 0x32, 0x0B, 0x72, 0xF6, 0xF5, 0x27,
    0x72, 0xA2, 0xDC, 0x03, 0xCB, 0x79, 0xE7, 0x0C, 0x84, 0xA4, 0x1B, 0x20, 0x17, 0x9A, 0x2C, 0x35,
    0x59, 0x69, 0xB2, 0xD5, 0x64, 0xAF, 0x49, 0xAB, 0xC8, 0x85, 0x26, 0x4B, 0x4D, 0x56, 0x9A, 0x6C,
    0x35, 0xD9, 0x6B, 0xD2, 0x2A, 0x72, 0xA1, 0xC9, 0x69, 0xB3, 0x89, 0xE4, 0x04, 0xF8, 0x91, 0x6C,
    0xBD, 0x09, 0x8C, 0xC9, 0xCE, 0x79, 0xB0, 0x08, 0x39, 0x31, 0x32, 0x90, 0x6E, 0x8D, 0x03, 0xD2,
    0x6D, 0x23, 0x80, 0x74, 0x9C, 0x0F, 0x64, 0xEB, 0x77, 0xA7, 0x4C, 0xBA, 0xB5, 0x11, 0x48, 0x27,
    0x02, 0x42, 0xE6, 0xC1, 0xDF, 0x8D, 0x48, 0xBF, 0x01, 0x17, 0x32, 0x8A, 0x14, 0x91, 0x4D, 0x58,
    0x00, 0x89, 0xEC, 0xDC, 0x1F, 0x21, 0x6D, 0xF0, 0x66, 0x89, 0x64, 0xB0, 0x98, 0x31, 0x19, 0x76,
    0xF6, 0x4C, 0x56, 0x74, 0x88, 0x1B, 0xC8, 0x26, 0x7A, 0x37, 0x45, 0xD2, 0xDF, 0x58, 0xC8, 0xA0,
    0x10, 0x89, 0x0C, 0x8E, 0x32, 0x4C, 0x46, 0x93, 0x01, 0x91, 0x15, 0x9F, 0x62, 0xF7, 0x41, 0xEC,
    0x77, 0x48, 0x76, 0xD4, 0xD3, 0x40, 0x46, 0x4D, 0x1B, 0xC9, 0x78, 0x63, 0x22, 0x0B, 0xDE, 0x75,
    0x7B, 0xB2, 0x92, 0x63, 0x43, 0x47, 0xD2, 0x79, 0x75, 0x24, 0x09, 0x70, 0x44, 0x92, 0x54, 0x78,
    0x20, 0x73, 0xF1, 0xD2, 0x73, 0x24, 0x63, 0x9D, 0x40, 0x56, 0xE0, 0xC7, 0x30, 0x91, 0x7C, 0x10,
    0x1E, 0x48, 0x46, 0x32, 0x81, 0x04, 0xA3, 0xF8, 0x44, 0xFE, 0x99, 0xA1, 0x8A, 0x27, 0xFF, 0x0F,
    0x8F, 0x52, 0x7B, 0xB0, 0xB3, 0x47, 0x72, 0xAF, 0xC9, 0x41, 0x93, 0x1B, 0x4D, 0xAE, 0x34, 0x69,
    0x14, 0x79, 0xD4, 0xE4, 0x5E, 0x93, 0x83, 0x26, 0x37, 0x9A, 0x5C, 0x69, 0xD2, 0x28, 0xF2, 0xA8,
    0xC9, 0xBD, 0x26, 0x07, 0x24, 0x3B, 0xAD, 0x46, 0x78, 0xC3, 0xB3, 0x06, 0x53, 0xC9, 0xE6, 0x6D,
    0xCA, 0xD1, 0x0B, 0x6D, 0xF9, 0xB8, 0xB5, 0x68, 0x27, 0x2B, 0xE6, 0xAA, 0xA7, 0x15, 0xD3, 0x3A,
    0x75, 0xCA, 0xC7, 0xE3, 0x5C, 0x2E, 0xA0, 0x5C, 0x41, 0xB9, 0x81, 0x72, 0x07, 0x65, 0x2B, 0xE5,
    0x1C, 0xCA, 0x05, 0x94, 0x2B, 0x28, 0xB7, 0x50, 0xEE, 0x6C, 0xC7, 0x65, 0x7B, 0xE4, 0xF2, 0xC2,
    0xEE, 0xB9, 0x5C, 0xDA, 0x81, 0xCB, 0xB5, 0x73, 0xC1, 0x8B, 0xE5, 0x69, 0xDD, 0xE7, 0x72, 0x6F,
    0x0D, 0x95, 0xB3, 0x89, 0x8D, 0xA9, 0xBC, 0x98, 0x84, 0x83, 0xCA, 0xA5, 0xB7, 0xBA, 0x85, 0xB2,
    0x83, 0x09, 0x54, 0x76, 0xF0, 0x81, 0xCA, 0xC1, 0x79, 0xD7, 0x97, 0xF3, 0xB0, 0x9B, 0xF7, 0xE5,
    0x85, 0xE3, 0xA4, 0x58, 0xAE, 0x82, 0x5E, 0xF0, 0x65, 0x0F, 0x8C, 0x62, 0xD9, 0x8F, 0x6F, 0x2C,
    0x7B, 0xB6, 0x0C, 0xE5, 0xE0, 0x65, 0x1A, 0xCA, 0x85, 0x67, 0xC8, 0x50, 0xAE, 0xA2, 0x35, 0xDC,
    0x95, 0x83, 0x1F, 0x61, 0x28, 0x87, 0x69, 0x0A, 0xE5, 0xC0, 0xDD, 0xBE, 0xFC, 0xCF, 0x81, 0xB5,
    0x7D, 0xF9, 0xAB, 0xC0, 0xD7, 0xBE, 0xFC, 0x5D, 0x60, 0x5F, 0x5F, 0xEE, 0x68, 0x44, 0xD7, 0x2C,
    0x80, 0xA1, 0x7C, 0x80, 0xF2, 0x0E, 0xCA, 0x5B, 0x28, 0xAF, 0xA1, 0xBC, 0x94, 0x32, 0xBB, 0xF1,
    0xAF, 0x7B, 0x09, 0x15, 0x98, 0xCA, 0x3B, 0x28, 0x6F, 0xA1, 0xBC, 0xE6, 0x32, 0xF0, 0xDB, 0xD2,
    0x63, 0x12, 0x3C, 0x93, 0x49, 0x8F, 0xC7, 0x93, 0x53, 0xE9, 0x87, 0x26, 0xA9, 0x1B, 0xB9, 0x3B,
    0x9E, 0xC9, 0x1E, 0xCB, 0xF1, 0xCC, 0x19, 0x0B, 0x9D, 0xB1, 0xD0, 0x19, 0x0B, 0x9D, 0xB1, 0xD0,
    0x43, 0x60, 0x21, 0x6D, 0x4D, 0x5D, 0xB2, 0xB9, 0xC4, 0x37, 0xF9, 0x5E, 0xCB, 0xD2, 0x56, 0x17,
    0xDC, 0x7E, 0x97, 0x67, 0x8C, 0x74, 0xC6, 0x48, 0xBF, 0x4A, 0x8C, 0x74, 0x63, 0xD0, 0x6C, 0x95,
    0x04, 0xB1, 0x7E, 0x20, 0x9A, 0xFB, 0xF3, 0xF4, 0x13, 0x0B, 0x9A, 0xED, 0xB4, 0x49, 0x6E, 0x91,
    0xB8, 0x58, 0xD7, 0x89, 0x3F, 0x5A, 0xAF, 0x0D, 0xEE, 0x4E, 0xAC, 0xDF, 0x2C, 0xB3, 0xE7, 0xF4,
    0x85, 0x32, 0x9E, 0xA8, 0x77, 0x91, 0xA3, 0x1A, 0xB1, 0x14, 0x1E, 0xF8, 0xAC, 0x3F, 0xDE, 0x27,
    0x68, 0x08, 0x71, 0x74, 0x5D, 0x51, 0x68, 0xAC, 0x9C, 0xC1, 0x94, 0x16, 0x82, 0x8A, 0x06, 0x74,
    0x84, 0x0E, 0x07, 0xC9, 0x0D, 0x3A, 0x71, 0xE8, 0xA0, 0x59, 0x1F, 0x20, 0xD9, 0x5F, 0x1D, 0x34,
    0xEB, 0x02, 0x20, 0xF1, 0xE8, 0x6E, 0x91, 0x04, 0x41, 0xBA, 0xA8, 0x44, 0x3C, 0x55, 0xCB, 0x42,
    0xD0, 0x24, 0x9E, 0xBE, 0x0E, 0xE5, 0x75, 0x41, 0x97, 0x9D, 0x0B, 0xCA, 0x1C, 0xD5, 0x21, 0x5C,
    0x9D, 0x04, 0x75, 0xA6, 0x41, 0x9E, 0xAD, 0x0E, 0x22, 0x4D, 0x69, 0x1D, 0x34, 0x5A, 0xCF, 0xE8,
    0x51, 0xF9, 0xCC, 0xA4, 0x74, 0x35, 0xA3, 0xED, 0xA3, 0xA2, 0xEB, 0x24, 0x68, 0x76, 0x4E, 0x1F,
    0xAF, 0x1D, 0x8F, 0xC6, 0x8D, 0xE7, 0x4D, 0x41, 0xB4, 0x7A, 0x3E, 0xE6, 0xF3, 0xA5, 0xE7, 0x33,
    0x09, 0x9A, 0x1D, 0x30, 0x68, 0xD6, 0x1D, 0xC0, 0xA6, 0xFC, 0x92, 0x27, 0xFC, 0x94, 0xF2, 0x9B,
    0xB1, 0x09, 0x3F, 0x76, 0x09, 0xBF, 0xB6, 0xE8, 0xA6, 0x75, 0x50, 0x41, 0xB3, 0x9E, 0xDF, 0x53,
    0x79, 0x48, 0xE5, 0x25, 0x4B, 0xE4, 0xC9, 0xF4, 0x89, 0xBC, 0xC5, 0x18, 0x49, 0x96, 0xC7, 0x2A,
    0x06, 0xCD, 0x12, 0x0A, 0x73, 0xE2, 0x3F, 0xFE, 0x74, 0xD1, 0xF3, 0x99, 0x59, 0x22, 0xEF, 0xA2,
    0x0F, 0xF6, 0xFA, 0x2C, 0x96, 0x1F, 0xBC, 0x4B, 0x22, 0x2E, 0x9E, 0xA6, 0x0E, 0x54, 0x5F, 0xDA,
    0xE4, 0x70, 0xF6, 0x37, 0x57, 0x05, 0xCD, 0x66, 0x71, 0x4B, 0xB0, 0xFC, 0x60, 0x84, 0xE9, 0x47,
    0xFA, 0xF5, 0xC1, 0xAE, 0x49, 0xB9, 0xBE, 0x5E, 0x82, 0x6E, 0xE7, 0x83, 0x95, 0x62, 0x16, 0xB7,
    0xC8, 0xA1, 0xBE, 0x70, 0x7C, 0x5E, 0x61, 0xEC, 0xCD, 0x84, 0xB0, 0x5E, 0xFF, 0xD3, 0x73, 0x4B,
    0x7B, 0x9E, 0x00, 0x47, 0x2C, 0x1F, 0xD4, 0x46, 0xFE, 0x8A, 0xA9, 0x09, 0xB2, 0x78, 0x28, 0x04,
    0x21, 0x1A, 0x2D, 0xC7, 0x7D, 0x1C, 0x64, 0x5F, 0xEE, 0x36, 0x3E, 0xEC, 0x28, 0xB3, 0x00, 0x47,
    0x11, 0x0F, 0x7B, 0xC5, 0xF0, 0x30, 0xA1, 0x80, 0x92, 0xF9, 0x7D, 0x42, 0xE3, 0x15, 0xB8, 0xEA,
    0x6D, 0x65, 0x85, 0x9D, 0x36, 0x8D, 0x35, 0xC4, 0xD3, 0xEC, 0x1A, 0x26, 0xA6, 0xCF, 0xB4, 0xB0,
    0xEB, 0xDE, 0xB7, 0xB0, 0x23, 0x3F, 0xB4, 0xCC, 0x62, 0x13, 0xD1, 0x9D, 0x26, 0x0A, 0x47, 0xAC,
    0x6F, 0x47, 0x6C, 0x4E, 0x11, 0x69, 0x3B, 0x49, 0x0F, 0x54, 0xDF, 0xA4, 0xD7, 0xFB, 0x06, 0x9F,
    0xA7, 0xC6, 0x27, 0xAD, 0x30, 0x12, 0xA8, 0x04, 0x62, 0x53, 0xE0, 0xB8, 0xA9, 0x11, 0xE5, 0xB1,
    0xA6, 0xBD, 0x38, 0xCF, 0x02, 0xFB, 0x58, 0xF8, 0xDB, 0xAA, 0x99, 0xAB, 0x78, 0xB3, 0xEA, 0xF7,
    0xC0, 0x30, 0xDB, 0xF1, 0xDC, 0x3D, 0x2A, 0x88, 0x89, 0x1D, 0x5E, 0x5F, 0x10, 0x87, 0xD4, 0xC8,
    0x3B, 0x0B, 0xE5, 0x4B, 0x87, 0xFC, 0x16, 0xCF, 0xE2, 0x36, 0x27, 0x78, 0xD4, 0x64, 0x2F, 0xE1,
    0x20, 0xD0, 0xA4, 0xE1, 0xB2, 0x4E, 0xEF, 0x8C, 0x2B, 0xD4, 0xC1, 0x76, 0xE6, 0x9F, 0x0B, 0x3A,
    0xB3, 0xD7, 0x8E, 0x1F, 0x1C, 0xB0, 0xBF, 0x05, 0xA4, 0x03, 0x58, 0x45, 0xCE, 0xE1, 0x97, 0xF4,
    0x00, 0xAF, 0x83, 0xFE, 0x21, 0xC7, 0xEC, 0x31, 0xF6, 0x37, 0x7A, 0x88, 0x87, 0x1B, 0x91, 0xA3,
    0x2E, 0x6F, 0x36, 0x3B, 0x3A, 0x05, 0xDD, 0xA3, 0xBB, 0x88, 0x44, 0x83, 0x85, 0xE1, 0xBC, 0x09,
    0xAB, 0xB4, 0x88, 0x55, 0x8E, 0x89, 0xEE, 0xB7, 0xCA, 0xB5, 0xE6, 0x14, 0x56, 0xC9, 0xEF, 0x80,
    0x55, 0xDC, 0x2C, 0xA7, 0x6B, 0x57, 0xB2, 0xB6, 0xED, 0x92, 0xB5, 0x6F, 0x5F, 0xDF, 0x88, 0x55,
    0x0E, 0xD7, 0x61, 0x95, 0xE3, 0x0D, 0x58, 0x65, 0xBC, 0x19, 0xAB, 0x1C, 0x39, 0xB8, 0xFD, 0xE2,
    0xBB, 0x77, 0x4E, 0xD8, 0xF1, 0x16, 0xF4, 0xEB, 0xA4, 0xFD, 0x6B, 0xB0, 0xD3, 0xBD, 0x60, 0x95,
    0x6B, 0x12, 0x7C, 0xDC, 0x03, 0x56, 0x49, 0xB1, 0xEB, 0x1D, 0xB1, 0xCA, 0x72, 0x86, 0x9D, 0x53,
    0x6C, 0xDD, 0x24, 0x58, 0x45, 0x25, 0xB4, 0xD9, 0x93, 0xBF, 0x67, 0x6C, 0x2E, 0x60, 0x95, 0x9D,
    0x18, 0x66, 0xD1, 0x73, 0x3A, 0xF8, 0x87, 0xC6, 0xBC, 0x39, 0xE2, 0x9D, 0xD5, 0x44, 0x81, 0x2B,
    0x2D, 0x45, 0xF5, 0x7A, 0xFF, 0x84, 0x8C, 0x14, 0x92, 0x5F, 0xE6, 0xFE, 0x7A, 0x29, 0xFE, 0x3D,
    0x5D, 0x12, 0x4E, 0x53, 0x25, 0xF1, 0xA5, 0x79, 0x9A, 0xE0, 0xA3, 0x49, 0xB0, 0x4A, 0xFC, 0xC0,
    0x0B, 0xA3, 0x14, 0xD0, 0x2B, 0x50, 0x58, 0x4F, 0x5F, 0xBE, 0xF9, 0xF1, 0xBC, 0x34, 0xDF, 0x79,
    0x69, 0x86, 0x48, 0xA4, 0xEE, 0xDD, 0x89, 0x5F, 0xA2, 0x94, 0xFE, 0xEE, 0xBC, 0x34, 0xDF, 0xDB,
    0xD2, 0x7C, 0x36, 0xC3, 0xDC, 0xF9, 0x3A, 0x43, 0x99, 0x33, 0x94, 0x39, 0x43, 0x99, 0x33, 0x94,
    0xF9, 0x24, 0xA0, 0x8C, 0x32, 0xBB, 0x84, 0xA3, 0x57, 0x59, 0xC8, 0xC8, 0x1C, 0xF2, 0x1E, 0x09,
    0x6D, 0x76, 0xF1, 0xCF, 0x71, 0x36, 0xBB, 0x9C, 0xB1, 0xDD, 0x19, 0xDB, 0xDD, 0x03, 0xB6, 0x0B,
    0x6E, 0x48, 0x17, 0xA0, 0x1A, 0x0C, 0x3A, 0xC1, 0x3F, 0x36, 0x3A, 0xC4, 0x8A, 0xFB, 0xA4, 0x62,
    0x8F, 0xF4, 0x7A, 0xAA, 0x34, 0x6B, 0xF4, 0x8F, 0x5F, 0xE9, 0x13, 0x37, 0x51, 0xC5, 0x8B, 0xC4,
    0x42, 0xDE, 0x68, 0x0B, 0x7A, 0xA6, 0xA1, 0x1D, 0x24, 0x4C, 0x92, 0x38, 0x88, 0x1F, 0x7D, 0x48,
    0xF9, 0x9E, 0xA0, 0xE0, 0x36, 0x30, 0xC9, 0x18, 0xEF, 0x3E, 0xD2, 0x6D, 0xC2, 0xA9, 0x78, 0x64,
    0xF4, 0x86, 0xE3, 0x68, 0xD6, 0xA4, 0xB7, 0x62, 0xF4, 0x2C, 0x2E, 0x6D, 0x72, 0x02, 0x17, 0xA0,
    0x5C, 0x86, 0xB9, 0x8C, 0x2C, 0xA6, 0xAD, 0xF5, 0x69, 0x66, 0x31, 0xA4, 0xD9, 0x17, 0x61, 0xAD,
    0xF6, 0xA7, 0x69, 0x95, 0xF2, 0xD0, 0x18, 0x54, 0xFC, 0x53, 0xE7, 0xE9, 0x03, 0x42, 0x01, 0x45,
    0x07, 0xC9, 0x79, 0x06, 0xD0, 0x43, 0xA7, 0x89, 0x4D, 0x62, 0xA9, 0xD2, 0x78, 0xB3, 0x19, 0x9D,
    0x44, 0x57, 0xA5, 0xF1, 0x75, 0x69, 0xD0, 0xDC, 0x8C, 0x4E, 0xC2, 0xDB, 0xAE, 0xA6, 0xF3, 0x24,
    0x1D, 0xC7, 0xE2, 0x9E, 0xE9, 0xF4, 0xFE, 0x32, 0xE0, 0x77, 0xA2, 0x6F, 0xF1, 0x3C, 0xAB, 0x1B,
    0xC6, 0x67, 0x79, 0x1D, 0x5D, 0xDC, 0x30, 0x1F, 0x49, 0x54, 0x62, 0x98, 0xCF, 0xCC, 0xA8, 0xF9,
    0xCE, 0xFA, 0x35, 0x42, 0x47, 0x15, 0x93, 0xE3, 0x34, 0x2A, 0x66, 0x21, 0x70, 0xDB, 0x8C, 0x56,
    0x39, 0xF9, 0x6C, 0x31, 0x8E, 0x3E, 0x0F, 0xFC, 0x78, 0x54, 0xD0, 0x10, 0xFA, 0x58, 0x25, 0xFC,
    0xEC, 0x51, 0x20, 0xE4, 0xB9, 0x0D, 0x9E, 0x0D, 0x3D, 0x9C, 0x74, 0xED, 0x50, 0x7E, 0x4A, 0x1B,
    0x73, 0x3C, 0x71, 0x8E, 0x1D, 0x7F, 0xA7, 0x42, 0xD2, 0x3C, 0x58, 0x92, 0xCB, 0x18, 0xCA, 0x7E,
    0x64, 0x79, 0x0E, 0xC1, 0xEC, 0x3B, 0x0D, 0xED, 0xD2, 0xC9, 0x1E, 0xF5, 0x89, 0x9A, 0x8E, 0x5B,
    0x47, 0x85, 0xD3, 0x25, 0xB9, 0xCF, 0x72, 0xBD, 0xF5, 0x34, 0x2E, 0x1E, 0xF7, 0xCD, 0x69, 0x17,
    0x23, 0x95, 0x12, 0xFC, 0x83, 0x10, 0x65, 0xD8, 0x70, 0x6E, 0x3F, 0xA4, 0x3E, 0xC7, 0xBC, 0xB4,
    0x05, 0xC2, 0xE6, 0x7E, 0xB6, 0xDA, 0xC6, 0x49, 0x6A, 0x41, 0x85, 0x67, 0x78, 0x42, 0x3A, 0x7D,
    0x7D, 0xFC, 0xFA, 0x0B, 0x4B, 0x69, 0xE3, 0xDC, 0x9D, 0x22, 0xA3, 0x74, 0x14, 0xCF, 0x08, 0xA9,
    0xF9, 0xBC, 0x44, 0x2C, 0x64, 0x53, 0xBF, 0x34, 0xA5, 0xEC, 0xF8, 0xD7, 0xA6, 0x16, 0x7F, 0x9A,
    0xAD, 0x84, 0xDE, 0x79, 0x58, 0xF3, 0x7C, 0xCD, 0x30, 0x07, 0x05, 0xF0, 0x80, 0xD2, 0x79, 0x44,
    0xD1, 0x1E, 0xD3, 0x73, 0x55, 0x91, 0x9A, 0xE5, 0x15, 0x84, 0x4A, 0xF5, 0x79, 0x22, 0x2F, 0x6D,
    0x79, 0x32, 0x0F, 0xC3, 0x1D, 0x88, 0x18, 0xB4, 0xA5, 0x6E, 0xDD, 0xDE, 0x2E, 0x19, 0xAE, 0xF2,
    0xE0, 0x53, 0x7A, 0x0A, 0x1F, 0x21, 0xBB, 0x32, 0x37, 0xAF, 0xC7, 0xC7, 0x7F, 0x80, 0x71, 0xAB,
    0xAD, 0x00, 0x47, 0xC3, 0x59, 0x6E, 0x9D, 0x77, 0x65, 0x23, 0x60, 0x7F, 0x2B, 0x26, 0x28, 0xF7,
    0x04, 0x34, 0xC4, 0x5E, 0x51, 0x66, 0x9C, 0x6B, 0x2F, 0xA4, 0x49, 0xDD, 0xC9, 0x6C, 0x37, 0x14,
    0xE8, 0x3A, 0x18, 0xC8, 0x8C, 0xB0, 0x49, 0x79, 0x47, 0x71, 0x15, 0x89, 0xF9, 0xCD, 0x79, 0x69,
    0xBF, 0x90, 0x7C, 0x0D, 0x3A, 0xC0, 0xC3, 0xE8, 0x98, 0x8D, 0x77, 0x24, 0x3F, 0x8E, 0x90, 0x8F,
    0xDB, 0x5E, 0x9D, 0x0E, 0x14, 0x6D, 0x55, 0xCA, 0x4D, 0x65, 0x41, 0xAA, 0xB5, 0xC1, 0xA9, 0xD1,
    0xB9, 0xD3, 0x5B, 0x6F, 0xAE, 0x5A, 0x03, 0x5B, 0x62, 0xA6, 0xF4, 0x90, 0xB1, 0x67, 0x40, 0x6E,
    0xEC, 0x20, 0x8C, 0x7D, 0x44, 0x53, 0xC4, 0x22, 0x38, 0x7C, 0x1C, 0x65, 0x67, 0x83, 0x86, 0x37,
    0xCF, 0x77, 0x05, 0xE4, 0x97, 0x18, 0x30, 0xBD, 0x8C, 0x5F, 0x15, 0x33, 0x08, 0xA9, 0x5D, 0x1B,
    0xB0, 0xBA, 0x05, 0x59, 0xE9, 0x84, 0x73, 0x97, 0x46, 0x1A, 0xCE, 0x28, 0x93, 0xE5, 0x51, 0xE4,
    0x42, 0x1A, 0x5E, 0x70, 0xA2, 0xC9, 0x25, 0x77, 0x4A, 0x1A, 0x8E, 0xC2, 0x90, 0x59, 0xC8, 0x03,
    0x27, 0x0D, 0xB7, 0xEC, 0x48, 0xB8, 0x43, 0xC1, 0x8E, 0xC9, 0x08, 0x48, 0xB9, 0xD4, 0x98, 0xDE,
    0x8D, 0x30, 0x02, 0xCB, 0x6D, 0x11, 0xB7, 0xC9, 0x47, 0x44, 0x24, 0xAC, 0xE6, 0x02, 0xC0, 0x29,
    0xC1, 0x51, 0x79, 0x8B, 0x46, 0xE2, 0x2E, 0xA4, 0x30, 0x1D, 0x00, 0x6E, 0x1A, 0xD9, 0x47, 0xD6,
    0xD1, 0x91, 0x13, 0xC1, 0x89, 0x68, 0xBC, 0x22, 0x6C, 0xF2, 0x10, 0x0A, 0x81, 0xFE, 0xC8, 0xBC,
    0xD5, 0x12, 0x9D, 0x8F, 0xB7, 0xA8, 0x7B, 0x3B, 0xB7, 0xA9, 0xC4, 0x5C, 0xA4, 0x3B, 0x0C, 0xF7,
    0xAD, 0x9D, 0xC5, 0x0C, 0xA3, 0x7F, 0x8F, 0x2D, 0xB8, 0xC7, 0x14, 0x1A, 0xE6, 0x2D, 0xF4, 0xD6,
    0x22, 0x4B, 0x52, 0x53, 0xE8, 0x24, 0xA9, 0x4E, 0x4B, 0x20, 0x44, 0x6E, 0xAD, 0x42, 0xD0, 0xB5,
    0x4D, 0x92, 0x0C, 0xA9, 0xBC, 0x06, 0xC5, 0x2C, 0xA3, 0xC4, 0xE6, 0x1A, 0x2C, 0x99, 0x40, 0x3F,
    0x8D, 0xF4, 0x72, 0x0D, 0xF4, 0x16, 0x1A, 0xC7, 0x97, 0x9A, 0xAC, 0xD3, 0x74, 0x0A, 0x2A, 0xD9,
    0x42, 0xAF, 0x7A, 0x91, 0x20, 0x56, 0x65, 0x38, 0xD4, 0xA9, 0x98, 0x7A, 0x0D, 0x89, 0x7A, 0x9D,
    0x7E, 0xB6, 0xD7, 0x83, 0xDC, 0xEB, 0x51, 0xED, 0xB5, 0x83, 0x92, 0x76, 0x5F, 0x32, 0x56, 0x8F,
    0x71, 0xAF, 0x90, 0x56, 0x7A, 0x2D, 0x50, 0xBD, 0x17, 0xB8, 0xCF, 0xBB, 0x23, 0x11, 0x9E, 0x30,
    0xEA, 0xE0, 0x8F, 0x49, 0xD1, 0xA2, 0xC0, 0xC1, 0xE4, 0xB6, 0x48, 0x74, 0x16, 0x70, 0xBB, 0x4A,
    0x3E, 0x31, 0x15, 0x38, 0xFB, 0x55, 0xEE, 0x13, 0xC6, 0x73, 0x8E, 0xB9, 0x41, 0x0C, 0x5E, 0x45,
    0xC8, 0x26, 0xB4, 0x8A, 0xEC, 0xB5, 0x91, 0x14, 0x64, 0x55, 0x48, 0xEB, 0xB2, 0x89, 0xAA, 0x7B,
    0xC5, 0x21, 0x1D, 0xC1, 0xFD, 0x98, 0xBA, 0xD0, 0x59, 0x60, 0x44, 0x6F, 0x77, 0xE4, 0xF0, 0x8D,
    0x83, 0x70, 0x6C, 0x48, 0x0E, 0x5A, 0xD0, 0xBE, 0x7B, 0x67, 0x38, 0x27, 0x87, 0x77, 0x04, 0xA7,
    0xE4, 0x3C, 0x25, 0x84, 0xB7, 0x84, 0x0E, 0x90, 0x0A, 0xAE, 0xC9, 0x2B, 0x7B, 0x6B, 0xD8, 0xEB,
    0x9F, 0x72, 0x2B, 0x82, 0x2C, 0x74, 0x23, 0x40, 0x3B, 0xCE, 0xDD, 0x78, 0x10, 0xA2, 0x08, 0xE9,
    0xF6, 0x38, 0xD1, 0x23, 0x75, 0x20, 0x2A, 0xCE, 0x02, 0x62, 0x82, 0xA6, 0x2F, 0xAE, 0x65, 0x15,
    0xA8, 0xC4, 0x11, 0x7B, 0x23, 0x61, 0x07, 0xAD, 0xDF, 0x47, 0xC1, 0x8E, 0xA0, 0x1B, 0x01, 0x0B,
    0xF5, 0xB8, 0x22, 0xF1, 0xC4, 0x4C, 0x5D, 0x90, 0x5C, 0xA9, 0xD3, 0xA2, 0xB1, 0xC0, 0x55, 0x6E,
    0x81, 0x2B, 0xE0, 0x57, 0x22, 0x3C, 0xBD, 0xFD, 0x93, 0x48, 0x5D, 0x67, 0xD5, 0x32, 0x0A, 0x02,
    0x58, 0x23, 0x51, 0xA1, 0xB8, 0x95, 0x56, 0xE5, 0x72, 0x02, 0x29, 0x5D, 0xA0, 0x78, 0xEB, 0x8C,
    0x2D, 0x89, 0xF4, 0xAE, 0xAF, 0x00, 0xB8, 0xBD, 0xBD, 0x4A, 0x9F, 0xA1, 0xBC, 0x67, 0xA8, 0xBC,
    0xD4, 0xEB, 0x34, 0x16, 0xA8, 0xC7, 0x2A, 0x9D, 0xAF, 0x6E, 0x73, 0x1A, 0xC5, 0xAA, 0x6C, 0x4E,
    0x5F, 0xEA, 0xC4, 0xA0, 0x07, 0x5C, 0x0F, 0x76, 0x68, 0xC4, 0xDF, 0x20, 0xB1, 0x04, 0x62, 0x0F,
    0x23, 0x03, 0x4A, 0xE9, 0xE2, 0xA7, 0xE5, 0xFC, 0xDC, 0x52, 0x0E, 0x2F, 0x7B, 0x08, 0x47, 0x31,
    0x3A, 0x52, 0xE5, 0x61, 0x49, 0xD5, 0x8D, 0xEF, 0xDD, 0xEB, 0x04, 0x7E, 0x7B, 0xF9, 0x78, 0xD1,
    0xE6, 0x19, 0x40, 0x9E, 0x01, 0xE4, 0x19, 0x40, 0x9E, 0x01, 0xE4, 0x7B, 0x06, 0x90, 0x66, 0x36,
    0x0E, 0x2A, 0x63, 0x75, 0xCE, 0x62, 0xF6, 0x7E, 0x89, 0x8C, 0x8F, 0x83, 0xF7, 0xC9, 0x82, 0x78,
    0x86, 0x96, 0x67, 0x68, 0x79, 0x86, 0x96, 0x67, 0x68, 0x79, 0xC5, 0xF5, 0x77, 0xD3, 0xCF, 0xDF,
    0x83, 0xC8, 0xBA, 0x1F, 0xF9, 0x8E, 0xCF, 0x00, 0x00, 0xBE, 0x3B, 0x2E, 0x9F, 0x3A, 0xB8, 0x8E,
    0xED, 0x51, 0xD5, 0xB7, 0xDE, 0x14, 0x8B, 0xA1, 0xE3, 0x46, 0x65, 0x68, 0xE0, 0x78, 0xFC, 0xC8,
    0x4F, 0x25, 0xBE, 0x90, 0x70, 0x8B, 0x79, 0xF1, 0x42, 0x58, 0xEE, 0x8A, 0x47, 0xFA, 0x88, 0xF9,
    0xEB, 0xCA, 0xE9, 0x73, 0x85, 0x8C, 0x77, 0x83, 0xAC, 0x3D, 0x8D, 0xF7, 0xE8, 0xFA, 0x25, 0x4C,
    0xE3, 0x30, 0x15, 0x70, 0x8A, 0x7B, 0xFB, 0xD8, 0xBD, 0x67, 0xEC, 0x3D, 0x23, 0xCD, 0x33, 0xD2,
    0x3C, 0x23, 0xCD, 0x33, 0xD2, 0x7C, 0x48, 0xA4, 0xE9, 0xAE, 0x7F, 0x99, 0x7E, 0xFE, 0x91, 0x3A,
    0xEC, 0xC6, 0x41, 0xD6, 0x0D, 0x37, 0x50, 0xFC, 0x60, 0x2B, 0x51, 0x90, 0x8E, 0x3B, 0x5A, 0x81,
    0x08, 0x6B, 0x5E, 0x20, 0xA3, 0x7F, 0x1A, 0x09, 0x0E, 0x40, 0xAF, 0xD6, 0x27, 0x47, 0x19, 0x64,
    0xAA, 0x7A, 0x76, 0x69, 0x3B, 0xCA, 0xEC, 0x38, 0xA6, 0x64, 0x6F, 0xF4, 0xD6, 0x67, 0x8F, 0x27,
    0xEC, 0x31, 0x42, 0x0E, 0x8B, 0xDE, 0x65, 0xB4, 0x64, 0xF7, 0x36, 0x97, 0x4C, 0x9D, 0x46, 0xA3,
    0x72, 0x3F, 0xF7, 0x63, 0x4D, 0x38, 0xC3, 0xCE, 0x33, 0xEC, 0x3C, 0xC3, 0xCE, 0x47, 0x04, 0x3B,
    0xD1, 0xBF, 0x31, 0xD7, 0xCE, 0xCB, 0x1F, 0x80, 0x78, 0x54, 0xEE, 0x8B, 0x92, 0x74, 0xBD, 0xB4,
    0x63, 0x0F, 0xCE, 0xB1, 0x67, 0xE2, 0xC3, 0x11, 0x3B, 0x21, 0x04, 0x62, 0x57, 0xF8, 0x0E, 0xF9,
    0xCA, 0x05, 0x61, 0x1C, 0x91, 0x10, 0xFD, 0x35, 0x36, 0x2C, 0x23, 0x13, 0x21, 0xAF, 0x51, 0xEF,
    0x3D, 0x31, 0x90, 0xEC, 0x8C, 0xE4, 0x88, 0xE6, 0x03, 0x93, 0x28, 0xAB, 0xFA, 0x73, 0x8F, 0xC2,
    0xFC, 0x9B, 0xD1, 0xBF, 0xE9, 0x83, 0x93, 0x59, 0x87, 0xAF, 0x21, 0xAB, 0x91, 0xE0, 0xA0, 0xA4,
    0x3F, 0x05, 0x57, 0xF3, 0x90, 0x3C, 0xBD, 0x0A, 0x11, 0x13, 0xC1, 0x05, 0xAD, 0x8A, 0x3E, 0x73,
    0xDE, 0x29, 0x35, 0x00, 0xE2, 0xA7, 0xDE, 0x5F, 0x55, 0x3B, 0xFB, 0x9D, 0x89, 0xB7, 0x23, 0xCA,
    0xC4, 0xD2, 0x06, 0x87, 0x24, 0xBE, 0xD8, 0xBF, 0xA7, 0x62, 0x68, 0xC2, 0xC3, 0x86, 0xF6, 0xC1,
    0x93, 0x93, 0xD1, 0xD6, 0xBC, 0xB0, 0x7B, 0xF2, 0xF2, 0x9A, 0x16, 0xEA, 0x4F, 0xBB, 0x48, 0xAF,
    0x59, 0x3D, 0x10, 0x98, 0xF3, 0x81, 0x0D, 0x83, 0x14, 0xF7, 0x84, 0x9C, 0x29, 0xD8, 0xAA, 0x77,
    0x2F, 0x62, 0xF2, 0x23, 0xE5, 0x20, 0x44, 0xE9, 0x7D, 0xFF, 0x9D, 0xE8, 0x1D, 0x7C, 0x0A, 0x97,
    0x97, 0x7E, 0xC1, 0xCD, 0xE0, 0x05, 0x80, 0x9D, 0x14, 0xA3, 0x90, 0x7F, 0x35, 0x15, 0x83, 0xB3,
    0xE9, 0xB6, 0x0C, 0x81, 0x0B, 0x4E, 0x63, 0x04, 0x58, 0xF6, 0x83, 0x7B, 0x37, 0x07, 0xEC, 0x7E,
    0x3E, 0xB6, 0x62, 0x91, 0xBE, 0xF1, 0x44, 0xD2, 0xD8, 0x40, 0x79, 0x79, 0x45, 0xD9, 0xDC, 0xAE,
    0xBC, 0x83, 0xFB, 0x0F, 0xE7, 0xF2, 0xB9, 0xFC, 0x11, 0x96, 0xDF, 0x70, 0x08, 0x35, 0x26, 0x00,
    0x7D, 0x97, 0x72, 0x67, 0xED, 0xEC, 0xFD, 0xE5, 0x73, 0x6B, 0xCA, 0x63, 0x28, 0x8B, 0x99, 0x97,
    0xE4, 0x7A, 0xB8, 0x63, 0xE1, 0x8F, 0xC1, 0x25, 0xB6, 0x97, 0xD7, 0xD3, 0x9F, 0x0B, 0xEF, 0xA3,
    0xF0, 0xC7, 0xAF, 0x69, 0x9A, 0x46, 0x9E, 0xAF, 0x5B, 0x17, 0x60, 0xEF, 0xDB, 0x3F, 0x40, 0x81,
    0xE0, 0xDB, 0x93, 0xAF, 0x93, 0x1D, 0x2A, 0xE6, 0x0B, 0xD0, 0xE1, 0xAE, 0x1F, 0x47, 0x8D, 0xB9,
    0x74, 0x7B, 0x5A, 0xEF, 0x98, 0xF3, 0x91, 0x5E, 0xFA, 0xC5, 0x67, 0xCE, 0xD8, 0xAD, 0xDF, 0x67,
    0xE6, 0xEC, 0xEE, 0xE7, 0x9A, 0x4F, 0xB1, 0x66, 0x37, 0xAB, 0xF1, 0xD7, 0x9B, 0x65, 0x5A, 0x23,
    0x66, 0x69, 0xAE, 0x61, 0xF3, 0xAA, 0xD4, 0x8C, 0xB3, 0x1A, 0x7A, 0x95, 0x25, 0xD4, 0xEC, 0x67,
    0x35, 0xA3, 0xEA, 0xE1, 0x13, 0x4A, 0x9B, 0x2D, 0x7D, 0xCE, 0xE2, 0x8D, 0xE0, 0x29, 0x6A, 0x0A,
    0xDB, 0xE4, 0x9A, 0x98, 0xE4, 0x11, 0x9F, 0xB4, 0x8B, 0xAF, 0xF1, 0x96, 0x9A, 0x3A, 0xBE, 0xBC,
    0x5C, 0x6A, 0xCA, 0x59, 0x4D, 0x30, 0xC8, 0x63, 0x4D, 0x88, 0x00, 0x54, 0x63, 0x68, 0xC3, 0xAB,
    0xB0, 0xAF, 0xAD, 0xF1, 0xFB, 0x97, 0x1B, 0x6A, 0xBA, 0x07, 0xAC, 0xE9, 0x6F, 0xD1, 0xE7, 0x59,
    0x4D, 0x36, 0x7B, 0xF6, 0xF9, 0xF8, 0xCC, 0xC7, 0x30, 0x1C, 0xBF, 0xEA, 0xB9, 0x38, 0xCC, 0xE6,
    0x6B, 0x7F, 0xC3, 0x9C, 0xE6, 0xF1, 0x8C, 0xC7, 0xD7, 0xFC, 0x6D, 0x82, 0x14, 0xDF, 0x92, 0x25,
    0x54, 0xF1, 0xCF, 0x71, 0xC6, 0x51, 0xC3, 0xAC, 0x66, 0x95, 0xD6, 0x1C, 0x67, 0xBC, 0xFA, 0x22,
    0xAD, 0x79, 0xC5, 0x3C, 0x1F, 0x77, 0x89, 0x3F, 0xF3, 0x09, 0xF2, 0x6E, 0xA6, 0x44, 0x63, 0x66,
    0xA0, 0xFD, 0x63, 0xA0, 0xCA, 0x10, 0x56, 0x3F, 0x3C, 0xBA, 0x75, 0x66, 0x29, 0xCB, 0xE8, 0xA8,
    0x28, 0x0B, 0x54, 0xFE, 0xEB, 0xA3, 0x9C, 0x12, 0x7C, 0x86, 0x54, 0xE0, 0x72, 0xA1, 0xF6, 0x8A,
    0x72, 0xFF, 0x04, 0x6A, 0x1B, 0xA9, 0x4B, 0xF7, 0x06, 0xDE, 0xF0, 0x36, 0x95, 0xD0, 0x42, 0xE6,
    0x33, 0x92, 0x73, 0x7B, 0x3E, 0x28, 0x5D, 0x5A, 0x77, 0xB2, 0x25, 0x94, 0x3B, 0xBE, 0x13, 0xAA,
    0x0E, 0x2F, 0x72, 0xE0, 0x6C, 0xF4, 0x03, 0x50, 0x45, 0x78, 0xB5, 0x65, 0x4F, 0xE1, 0x99, 0x9A,
    0xDA, 0xBF, 0x25, 0x75, 0xF5, 0x3D, 0x0B, 0xD5, 0xBA, 0xEE, 0x4B, 0xAD, 0x28, 0xFD, 0x0C, 0xEA,
    0xF9, 0xBC, 0xC7, 0x07, 0x8C, 0x8B, 0x55, 0x23, 0x78, 0x50, 0xD4, 0x4E, 0x51, 0x6B, 0xA4, 0x8E,
    0x6A, 0x1E, 0x5E, 0x10, 0xEF, 0xBA, 0xF9, 0x7B, 0x11, 0xF9, 0x3A, 0xE5, 0xFA, 0x42, 0x8C, 0x23,
    0x3B, 0x4C, 0x63, 0x70, 0xAF, 0xD4, 0x12, 0x8D, 0xA3, 0xD6, 0x9C, 0xA9, 0xF7, 0x43, 0x75, 0x2A,
    0xFF, 0x98, 0x5E, 0x80, 0x34, 0x9C, 0xB9, 0x15, 0xA5, 0xBF, 0x77, 0x38, 0x8F, 0xF5, 0x23, 0xA3,
    0x40, 0x98, 0x4B, 0xE5, 0x60, 0x72, 0x1D, 0x55, 0x5C, 0x43, 0xA5, 0x07, 0xCE, 0xD7, 0x53, 0xA8,
    0x4A, 0xB4, 0x62, 0xC9, 0xD5, 0x01, 0x88, 0xF6, 0xCE, 0x29, 0x93, 0x57, 0x3C, 0xEF, 0xD4, 0x0A,
    0x0C, 0x67, 0xE7, 0xCF, 0xE1, 0x88, 0x5C, 0x1D, 0x31, 0xFB, 0xDC, 0x0B, 0x23, 0x1E, 0xCC, 0xC3,
    0x4D, 0x2A, 0xE5, 0x77, 0xA3, 0x0E, 0xED, 0xDD, 0x61, 0xEA, 0xD5, 0xA7, 0x22, 0x95, 0x30, 0x7D,
    0x25, 0xD2, 0x70, 0xB7, 0xE2, 0x6B, 0x7A, 0x9B, 0x69, 0x85, 0xA9, 0xCB, 0x3E, 0xA6, 0xE2, 0xE7,
    0x17, 0xDF, 0xB9, 0xA7, 0xF8, 0xE6, 0x85, 0x08, 0xFE, 0xEE, 0x6E, 0xC5, 0x1E, 0xB7, 0x5F, 0x1F,
    0xED, 0x38, 0x84, 0x89, 0xDD, 0x4A, 0x71, 0xB8, 0x65, 0x31, 0xB8, 0xA2, 0xDE, 0xB6, 0x58, 0x61,
    0x71, 0x7B, 0xC2, 0x4F, 0xA3, 0x91, 0x22, 0x38, 0x6C, 0x58, 0xED, 0x45, 0xE8, 0xAF, 0xCF, 0xF8,
    0xF5, 0x2E, 0xE8, 0x95, 0xD7, 0x5A, 0xF0, 0x74, 0xE2, 0x1B, 0x40, 0x26, 0xC8, 0x1A, 0xB3, 0x5F,
    0xC2, 0xD5, 0x80, 0xB0, 0xB7, 0x2E, 0x0F, 0x97, 0xB8, 0xA8, 0x84, 0x5C, 0x7F, 0x6B, 0x01, 0xC7,
    0x1B, 0x70, 0x7A, 0x59, 0x84, 0x9C, 0x5B, 0x3B, 0xD4, 0x59, 0x3D, 0x9C, 0x90, 0x1F, 0x31, 0x97,
    0x91, 0x3F, 0x20, 0xAB, 0x59, 0xB2, 0xFB, 0xB0, 0x4B, 0x80, 0x97, 0x5F, 0x81, 0x3F, 0x4D, 0xF0,
    0xCC, 0xE4, 0x5B, 0x47, 0x65, 0x48, 0xB7, 0xAE, 0x68, 0x97, 0x35, 0xCA, 0x8D, 0xE5, 0xD6, 0xD1,
    0x9F, 0xA2, 0x94, 0x37, 0x81, 0xC5, 0x3B, 0x6E, 0x8D, 0xE4, 0xCB, 0x89, 0xB7, 0x2E, 0xE4, 0xA5,
    0xE4, 0x07, 0x03, 0xD9, 0x8B, 0x5A, 0xDA, 0x32, 0xF2, 0x4E, 0x7D, 0x09, 0x8E, 0x1A, 0x25, 0xBD,
    0x16, 0x8D, 0x47, 0x61, 0x0B, 0x89, 0x79, 0xFC, 0xAD, 0x0B, 0x4C, 0xC7, 0x79, 0xC0, 0x14, 0x37,
    0xAD, 0x7E, 0x91, 0xBB, 0xBB, 0x75, 0x87, 0xEC, 0x62, 0xD7, 0x56, 0xBD, 0x13, 0xFE, 0xCF, 0x3A,
    0xB3, 0xE2, 0xCC, 0xB5, 0x50, 0xE5, 0xC9, 0xB4, 0x3A, 0x6D, 0xA4, 0xF2, 0x48, 0x2A, 0x75, 0x6E,
    0xA2, 0x85, 0xF2, 0x04, 0xE5, 0x34, 0x88, 0xC2, 0x75, 0x63, 0x72, 0x3A, 0xA7, 0xFF, 0x8B, 0xDF,
    0xCD, 0xB5, 0x4B, 0x63, 0xA1, 0xDB, 0xAD, 0x74, 0x27, 0x1B, 0xED, 0x64, 0xDA, 0xE9, 0xD7, 0xBB,
    0x5B, 0xFB, 0xBF, 0x3A, 0x73, 0xE4, 0x7F, 0x83, 0x1F, 0x69, 0xE1, 0xDF, 0x98, 0x07, 0x42, 0x7B,
    0x04, 0x6E, 0xF3, 0xA9, 0xA9, 0x84, 0xDB, 0x62, 0x26, 0x2B, 0x78, 0xE7, 0xD9, 0x36, 0xBE, 0x80,
    0x23, 0xDE, 0x78, 0x1D, 0x13, 0x45, 0x8A, 0x60, 0x71, 0x37, 0xAB, 0x38, 0xFB, 0xA3, 0xDC, 0x18,
    0x64, 0xA4, 0xA3, 0x9C, 0x42, 0x6B, 0xBE, 0xB1, 0xF8, 0xB7, 0x46, 0x97, 0x52, 0xF2, 0x05, 0x2B,
    0xD8, 0xD0, 0xBD, 0x47, 0xC7, 0x81, 0xE8, 0x2D, 0x4D, 0x69, 0xE8, 0xA2, 0x7F, 0x78, 0xA7, 0xB9,
    0xDD, 0xCA, 0x7B, 0x02, 0x57, 0x3A, 0x91, 0xD5, 0x1A, 0x7D, 0xB7, 0x7D, 0xC3, 0x15, 0x64, 0x22,
    0xDA, 0xCA, 0x8D, 0xA3, 0xA3, 0x5F, 0x87, 0x79, 0xF5, 0xE4, 0xC6, 0x41, 0x03, 0x82, 0x13, 0x6C,
    0x15, 0x7C, 0x1D, 0x97, 0x70, 0x0E, 0x03, 0xAE, 0x0E, 0xCE, 0x25, 0x19, 0xD2, 0xB2, 0x2E, 0xFC,
    0x81, 0xF5, 0x4E, 0x93, 0xDB, 0xD3, 0x30, 0x60, 0x4E, 0xEE, 0xAF, 0x21, 0x0B, 0x6D, 0xD1, 0xA8,
    0xB4, 0xED, 0xA0, 0x4A, 0x0D, 0xC4, 0x6B, 0xCD, 0xA7, 0x2B, 0x05, 0x4D, 0x14, 0xD7, 0x26, 0xAE,
    0x1A, 0x9D, 0x6A, 0x27, 0xD7, 0x0E, 0xCB, 0x85, 0x76, 0x49, 0x2E, 0xF4, 0x57, 0x0B, 0xDD, 0x89,
    0x45, 0x92, 0x74, 0x6B, 0x77, 0x42, 0xC7, 0x4A, 0xE3, 0xBD, 0x65, 0x4F, 0xE3, 0xDC, 0xF9, 0x30,
    0x72, 0xF2, 0xB7, 0x03, 0x3B, 0xFB, 0xBB, 0x67, 0x26, 0x8B, 0x68, 0x70, 0xD8, 0x3D, 0xB0, 0xDF,
    0x05, 0x7D, 0x39, 0x38, 0x5D, 0xFA, 0xE7, 0x8D, 0xAF, 0x2D, 0xF5, 0x2C, 0x58, 0xC6, 0xF7, 0x2E,
    0x0E, 0x71, 0xE7, 0x4C, 0xDC, 0xD6, 0x46, 0x67, 0x50, 0x71, 0x83, 0x8B, 0x5B, 0xF0, 0x63, 0x64,
    0xB2, 0x35, 0xCF, 0x43, 0x70, 0x14, 0x1A, 0x78, 0x90, 0xC8, 0x91, 0xB7, 0xF1, 0x73, 0xBC, 0x24,
    0xA9, 0x66, 0x50, 0x38, 0xF5, 0xE2, 0xDF, 0x68, 0x82, 0xA7, 0x5E, 0xFC, 0x0F, 0x18, 0xF0, 0x44,
    0x31, 0xB4, 0xA0, 0x33, 0xD0, 0xD7, 0x12, 0xBD, 0x2B, 0x17, 0x08, 0xEE, 0xAC, 0x4A, 0x1B, 0xB6,
    0x07, 0x45, 0xA5, 0xD2, 0xF6, 0x2D, 0x4F, 0x60, 0xC1, 0x06, 0x34, 0x50, 0x8F, 0x69, 0xFC, 0xC6,
    0x5A, 0x7C, 0xFF, 0x0F, 0x85, 0x38, 0x3B, 0x0F, 0x2C, 0x05, 0x8D, 0x7F, 0xB3, 0xE6, 0xC0, 0xA3,
    0xDD, 0xF2, 0x98, 0x70, 0x54, 0x83, 0x1F, 0xED, 0x28, 0xA4, 0x55, 0xDC, 0xA0, 0xAF, 0x4D, 0x08,
    0x61, 0x21, 0xE9, 0xEA, 0xA2, 0xAD, 0x70, 0xC7, 0xA3, 0x5D, 0xC3, 0x3B, 0x5D, 0x3D, 0x2F, 0x44,
    0x6C, 0xEC, 0x3D, 0x69, 0x1B, 0xB6, 0x2D, 0x2F, 0x79, 0xE9, 0xEF, 0xBD, 0x6F, 0xF6, 0x92, 0x78,
    0x60, 0x21, 0xEA, 0x48, 0xD2, 0x61, 0x56, 0x90, 0x11, 0xB4, 0x74, 0x39, 0x40, 0x79, 0x49, 0xDA,
    0x73, 0x7E, 0x24, 0x94, 0xBD, 0x1C, 0xCA, 0xCA, 0xA9, 0x54, 0x95, 0x8F, 0x27, 0xEB, 0xB3, 0x2B,
    0xEE, 0x83, 0xD2, 0x0B, 0x68, 0x27, 0x0E, 0x07, 0x58, 0x7B, 0x79, 0xBE, 0x97, 0x66, 0x0E, 0x4D,
    0x94, 0xA7, 0x7E, 0x83, 0x99, 0x1A, 0x31, 0x31, 0xF2, 0xEA, 0x7A, 0xA3, 0x5E, 0x82, 0x63, 0x4C,
    0x02, 0x64, 0x4C, 0x82, 0x64, 0x4C, 0x02, 0x65, 0x4C, 0x8A, 0x65, 0x52, 0x30, 0x93, 0xA2, 0x99,
    0x14, 0xCE, 0xA4, 0x78, 0x26, 0x05, 0x34, 0x33, 0x44, 0x93, 0x42, 0x9A, 0x14, 0xD3, 0xA4, 0xA0,
    0x26, 0x45, 0x35, 0x29, 0xAC, 0x99, 0xE1, 0x9A, 0x14, 0xD8, 0xA4, 0xC8, 0x26, 0x85, 0x36, 0x29,
    0xB6, 0x49, 0xC1, 0xCD, 0x0C, 0xDD, 0xA4, 0xF0, 0x26, 0xC5, 0x37, 0x29, 0xC0, 0x89, 0x08, 0x67,
    0x63, 0xAE, 0x80, 0x38, 0x33, 0x8C, 0xE3, 0x05, 0x38, 0x09, 0x43, 0x49, 0x76, 0x95, 0x3A, 0xF2,
    0xA4, 0xB2, 0x88, 0xCC, 0x2C, 0x1A, 0x38, 0xDE, 0x95, 0xCE, 0x2F, 0xA7, 0xEB, 0xF7, 0x3E, 0x39,
    0xE0, 0x25, 0xBF, 0x8E, 0xB9, 0x38, 0xD1, 0xFE, 0x41, 0x33, 0xA5, 0xEA, 0x7F, 0x37, 0x0F, 0xBA,
    0x41, 0x60, 0x16, 0x30, 0x8F, 0x8A, 0xE0, 0x51, 0x9E, 0xE5, 0x95, 0x7F, 0x4F, 0xB0, 0xCE, 0xC8,
    0x09, 0xEF, 0x24, 0xF3, 0x53, 0xD9, 0xA8, 0x0C, 0x9F, 0x5B, 0x01, 0x2B, 0x51, 0x57, 0x49, 0x32,
    0xF9, 0x30, 0x95, 0x82, 0x84, 0xE2, 0x82, 0x2F, 0x0D, 0x34, 0x71, 0xF1, 0x18, 0x0D, 0xA2, 0x9F,
    0x06, 0xCE, 0xED, 0xB7, 0x88, 0x86, 0xA2, 0x2A, 0xE4, 0x06, 0x22, 0xA7, 0x70, 0x03, 0x15, 0xBF,
    0x81, 0xF7, 0x60, 0x10, 0x02, 0x51, 0x03, 0x9D, 0x64, 0x46, 0x35, 0x08, 0x82, 0x62, 0x03, 0x39,
    0xA4, 0xDF, 0xDC, 0xE2, 0x2A, 0x9D, 0x53, 0xA6, 0xC7, 0x91, 0xFB, 0x75, 0x30, 0x1A, 0x08, 0x8D,
    0x46, 0x23, 0x21, 0x6B, 0x34, 0x14, 0x0A, 0x88, 0x70, 0x8D, 0x7C, 0x0F, 0x20, 0x20, 0x0F, 0x99,
    0x52, 0x47, 0x18, 0x57, 0x05, 0x87, 0x7C, 0x03, 0x88, 0x28, 0x5C, 0x03, 0x00, 0x88, 0xBC, 0xDE,
    0x43, 0x0C, 0x60, 0x10, 0x04, 0x18, 0x44, 0x01, 0x46, 0xC1, 0x00, 0x85, 0x03, 0x14, 0x10, 0x50,
    0x48, 0x40, 0x41, 0x01, 0x8D, 0x05, 0x14, 0x18, 0x50, 0x68, 0x40, 0xC1, 0x01, 0x85, 0x07, 0x34,
    0x20, 0x50, 0x88, 0x40, 0x41, 0x02, 0x85, 0x09, 0x14, 0x28, 0x50, 0xA8, 0x40, 0xC3, 0x02, 0x1D,
    0x03, 0x85, 0xC0, 0xC0, 0x0B, 0x0B, 0xEF, 0x29, 0xF8, 0x90, 0xF6, 0x6D, 0x08, 0xF3, 0x7D, 0x10,
    0xD5, 0xBF, 0x5E, 0x5E, 0xBE, 0x98, 0x1B, 0x8B, 0x10, 0x21, 0xA8, 0x08, 0xAD, 0x69, 0xEC, 0x25,
    0x57, 0xFE, 0xC2, 0x3B, 0x70, 0x0A, 0x58, 0x2E, 0xAC, 0x3C, 0xF6, 0x56, 0x00, 0x63, 0xE7, 0x57,
    0xEA, 0x9D, 0xD8, 0xCD, 0x68, 0x96, 0xFC, 0x72, 0x4F, 0x2F, 0x08, 0xAC, 0x62, 0x9A, 0xFA, 0x15,
    0x03, 0x71, 0xDA, 0x34, 0x74, 0x18, 0x60, 0x19, 0x58, 0x2E, 0x9C, 0x50, 0xC6, 0x35, 0x3F, 0xE4,
    0xBE, 0x2F, 0xF9, 0x75, 0x80, 0x4B, 0x06, 0x0C, 0xA1, 0x43, 0x1D, 0xEF, 0x3D, 0xB6, 0x90, 0x9F,
    0x7D, 0xEA, 0x10, 0x63, 0x86, 0x16, 0x83, 0x6D, 0x5D, 0x87, 0x00, 0x35, 0xD8, 0x15, 0xC0, 0x06,
    0xBB, 0x69, 0x71, 0xCB, 0xF4, 0xFF, 0xED, 0x5D, 0xBD, 0x92, 0xDB, 0xC8, 0x11, 0xC6, 0x8F, 0x97,
    0x08, 0x10, 0xE0, 0x12, 0x29, 0xD0, 0x56, 0x19, 0x6F, 0x20, 0xA4, 0x0E, 0x74, 0x02, 0x5C, 0x7E,
    0x81, 0x0D, 0xBC, 0x0E, 0xE4, 0xE0, 0x1C, 0x9F, 0x83, 0x4D, 0x2F, 0x70, 0x15, 0x58, 0x7E, 0x82,
    0x0D, 0xA4, 0x37, 0xB0, 0x02, 0x29, 0xB9, 0x0B, 0x9D, 0x81, 0x8F, 0xC0, 0xC4, 0x39, 0x03, 0x5D,
    0xE0, 0xC8, 0x0C, 0x70, 0x55, 0xA0, 0x8A, 0xE4, 0x18, 0x33, 0x00, 0x66, 0xBE, 0x6E, 0x82, 0xBB,
    0x2B, 0xED, 0x1F, 0xB9, 0x6A, 0xD4, 0x96, 0x84, 0x19, 0x92, 0x83, 0x1E, 0xCC, 0x4C, 0x7F, 0x5F,
    0xCF, 0xF4, 0xF4, 0x78, 0xDE, 0xE8, 0x15, 0x2A, 0xB5, 0x24, 0x19, 0xB1, 0x52, 0x0D, 0xC9, 0x48,
    0x94, 0x5A, 0x93, 0x8C, 0x54, 0xA9, 0x0D, 0xC9, 0xC8, 0x94, 0x52, 0x24, 0x23, 0xE7, 0x19, 0x65,
    0x9B, 0x51, 0x60, 0x46, 0x9B, 0x56, 0xB3, 0xAB, 0x32, 0x02, 0x9D, 0xB1, 0x20, 0x82, 0x6E, 0x2A,
    0x22, 0x6A, 0xA4, 0xD6, 0xB9, 0xAA, 0x89, 0xE4, 0x4D, 0x4E, 0x64, 0x4F, 0x54, 0x9D, 0x12, 0xD9,
    0x53, 0xB5, 0x4C, 0x88, 0xEC, 0x99, 0x5A, 0x24, 0x6A, 0x4B, 0x24, 0x9F, 0x45, 0x44, 0xF6, 0x52,
    0xCD, 0x42, 0x22, 0x7B, 0x9B, 0x08, 0x88, 0xA8, 0xED, 0xD7, 0x7D, 0xCC, 0x08, 0x74, 0x81, 0x28,
    0x7B, 0xA8, 0x1F, 0x89, 0xB2, 0x47, 0x5A, 0xA8, 0x1C, 0x32, 0x62, 0x2D, 0x36, 0xCA, 0x9E, 0xE8,
    0x0F, 0x51, 0xF6, 0x54, 0x67, 0xA0, 0xEC, 0x99, 0x9A, 0xEB, 0x8C, 0x2D, 0x4A, 0xAE, 0x4B, 0x56,
    0x28, 0xB9, 0x69, 0xDE, 0x02, 0x24, 0x37, 0xEF, 0x75, 0x06, 0x92, 0x7B, 0x28, 0x7B, 0xD0, 0x15,
    0xA7, 0x74, 0xD1, 0x4E, 0x72, 0x94, 0x3D, 0xEA, 0x44, 0x72, 0xB2, 0xC7, 0x9D, 0xD0, 0x4E, 0xF6,
    0xA4, 0xFB, 0xC8, 0xC9, 0x9E, 0x76, 0x19, 0x4E, 0xF6, 0xAC, 0x2B, 0x3E, 0xB6, 0xB2, 0xE7, 0x9D,
    0x00, 0x4E, 0xF6, 0x52, 0x4D, 0xFB, 0xAE, 0x59, 0x80, 0xE4, 0x46, 0xF6, 0x29, 0x48, 0x0E, 0xB2,
    0x07, 0x43, 0x61, 0x83, 0xEC, 0xE1, 0xF0, 0xFC, 0x41, 0xF6, 0x68, 0xC8, 0x28, 0xFB, 0x8C, 0x58,
    0xD9, 0xAB, 0x19, 0xFA, 0xF9, 0x70, 0xAD, 0x87, 0x7E, 0x3E, 0x5C, 0x1B, 0xDB, 0xCF, 0xFB, 0x6B,
    0x6B, 0xFB, 0xF9, 0x70, 0xD9, 0x7E, 0x3E, 0x5C, 0xC5, 0xD0, 0xAD, 0x87, 0x6B, 0xCA, 0x33, 0x66,
    0x5D, 0x9D, 0xFA, 0x5A, 0xFB, 0x9D, 0xEC, 0xA1, 0x6B, 0xC2, 0x6E, 0x68, 0x46, 0xAE, 0xD5, 0xBB,
    0xCA, 0xC4, 0xAE, 0x5F, 0x94, 0x46, 0xF6, 0xC4, 0xF5, 0x9C, 0xDC, 0x7C, 0x96, 0xBA, 0x71, 0x91,
    0x99, 0x8C, 0xCC, 0x75, 0xB6, 0xD4, 0xC8, 0x9E, 0xBB, 0xFE, 0x99, 0x98, 0x07, 0x96, 0xAE, 0x5B,
    0xC4, 0x46, 0x76, 0xE8, 0x27, 0xA1, 0x91, 0x1D, 0x7A, 0x52, 0xA8, 0x3F, 0x0C, 0xA0, 0xAF, 0x05,
    0x5A, 0xF6, 0x10, 0x07, 0x8E, 0x96, 0x3D, 0xC2, 0xB1, 0xA6, 0x33, 0x62, 0x1C, 0x8D, 0x65, 0x2B,
    0x64, 0x82, 0xE3, 0x55, 0xCB, 0x9E, 0xE2, 0x88, 0xD6, 0xB2, 0xE3, 0x30, 0x31, 0xB2, 0xE7, 0xA8,
    0x15, 0xB4, 0xEC, 0x25, 0x0E, 0xC6, 0xD8, 0x64, 0x4C, 0x89, 0x7E, 0xF3, 0xEE, 0xF3, 0x7A, 0x76,
    0xCE, 0x32, 0x4A, 0xAA, 0xE8, 0x74, 0xA3, 0x1D, 0x46, 0x46, 0xC9, 0x5F, 0xC4, 0x8B, 0x0F, 0x98,
    0x7A, 0xAE, 0xD4, 0x7F, 0xED, 0x28, 0x6F, 0xAF, 0x7A, 0x28, 0xC6, 0x76, 0xDD, 0x7E, 0xC4, 0xD4,
    0xD0, 0xD1, 0x37, 0x5D, 0xBF, 0xB5, 0xFD, 0xBB, 0xFD, 0xCA, 0xB6, 0xF0, 0x2B, 0xD3, 0x93, 0x33,
    0xF3, 0x6F, 0x64, 0x3A, 0x71, 0x39, 0x28, 0x92, 0x66, 0xE8, 0xD5, 0x46, 0x43, 0x84, 0x7D, 0x27,
    0xD3, 0xBA, 0x60, 0x18, 0xFE, 0xBA, 0xC1, 0x86, 0xC1, 0xEA, 0xEB, 0xBC, 0x8B, 0xA5, 0x53, 0x02,
    0xFE, 0xE5, 0x70, 0x3F, 0x85, 0x8A, 0xDE, 0xC9, 0xBD, 0x6F, 0xCB, 0xFC, 0xCB, 0xCF, 0x43, 0x8D,
    0x27, 0x6E, 0xE0, 0x4E, 0x5C, 0x25, 0xFD, 0xCA, 0xDD, 0xA7, 0x50, 0x79, 0x9D, 0xFD, 0xF9, 0xBD,
    0x91, 0x4D, 0xBF, 0xC1, 0xB7, 0x7D, 0xF9, 0xED, 0x7B, 0xF8, 0x34, 0x3C, 0xAB, 0xEA, 0x15, 0x47,
    0x7B, 0xEF, 0x0F, 0x10, 0xD1, 0xDE, 0x5B, 0x4D, 0xD7, 0xDE, 0xC7, 0xC3, 0xA0, 0x69, 0xEF, 0xED,
    0xF0, 0x68, 0xEF, 0xED, 0x10, 0x6E, 0xEF, 0xED, 0x18, 0x30, 0xF7, 0x73, 0xB8, 0x9F, 0xD9, 0x7B,
    0x3B, 0x2C, 0x94, 0xBB, 0x0F, 0xCC, 0xFD, 0x7C, 0x68, 0x64, 0x5B, 0x4E, 0x62, 0xEE, 0x97, 0x83,
    0x4E, 0x9B, 0x0E, 0xB8, 0xAA, 0xEB, 0x95, 0x75, 0xF2, 0xE8, 0x1A, 0xB5, 0xF2, 0x18, 0x39, 0xB5,
    0xDA, 0x6B, 0xE5, 0xD4, 0x5F, 0x6A, 0x87, 0x78, 0x69, 0xE4, 0x57, 0x6F, 0x4F, 0x2A, 0x55, 0x97,
    0xA6, 0x5E, 0x9D, 0x72, 0xCB, 0xDB, 0xFA, 0x96, 0xBD, 0xB2, 0xD4, 0xF7, 0x69, 0xDF, 0x7B, 0xF4,
    0x7D, 0xD0, 0x6B, 0x48, 0x7D, 0x6F, 0xD4, 0xEA, 0x27, 0xFD, 0x5F, 0x5B, 0xB6, 0xFF, 0xB3, 0xED,
    0x85, 0x5F, 0x35, 0x1A, 0xFF, 0x4C, 0x70, 0xF9, 0x51, 0xEE, 0x5F, 0xBC, 0x27, 0x12, 0xB1, 0x51,
    0x18, 0xA9, 0x15, 0x1F, 0xA7, 0xA8, 0xAE, 0x4C, 0xFF, 0x27, 0xBC, 0xC7, 0xBC, 0x2B, 0x4A, 0xD1,
    0xD4, 0xBB, 0x8A, 0x52, 0xB4, 0x7F, 0x7B, 0xC9, 0x9A, 0xBD, 0x89, 0xF8, 0xDA, 0x8C, 0x9D, 0x9F,
    0xA4, 0x0D, 0xCB, 0xC8, 0x97, 0x2C, 0x83, 0x0A, 0xA6, 0x65, 0x9D, 0xB1, 0x32, 0xD5, 0x75, 0x0F,
    0x89, 0x78, 0x99, 0xC1, 0xCC, 0x3B, 0x84, 0x4B, 0x78, 0xB0, 0xF0, 0x60, 0xE1, 0xC1, 0xC2, 0x83,
    0x9F, 0x3C, 0x0F, 0x06, 0x40, 0x8A, 0xE0, 0xA9, 0x95, 0xAB, 0x96, 0x46, 0xA0, 0xF9, 0x18, 0xF8,
    0x20, 0xEE, 0x50, 0xC8, 0x89, 0xF7, 0xDC, 0x27, 0x50, 0xAD, 0xB4, 0x1E, 0x47, 0x16, 0xFB, 0x2C,
    0xFD, 0xE4, 0xE9, 0x28, 0x94, 0x90, 0x47, 0x2D, 0xEF, 0x15, 0x3B, 0x84, 0x06, 0x0B, 0x0D, 0x3E,
    0x4C, 0x1A, 0xEC, 0xF3, 0x8C, 0x0B, 0x4E, 0xAD, 0x28, 0x91, 0xD4, 0x0D, 0x34, 0xE3, 0x84, 0x85,
    0x64, 0x4C, 0x38, 0xD5, 0x2C, 0x59, 0xC6, 0xA9, 0xED, 0xF4, 0xB6, 0x73, 0x28, 0x75, 0x89, 0x22,
    0xA8, 0xBE, 0x55, 0x41, 0x5D, 0x34, 0x8C, 0xBC, 0x52, 0x8E, 0xE4, 0xB7, 0x23, 0x83, 0x91, 0xCA,
    0x4B, 0x56, 0x8F, 0xEF, 0x6E, 0x32, 0x4C, 0xFF, 0xC5, 0xA9, 0x29, 0x33, 0x77, 0x43, 0x05, 0x7A,
    0xA5, 0x6F, 0xDC, 0x86, 0x73, 0xB1, 0x2D, 0x95, 0x4C, 0x55, 0xE4, 0x0D, 0xB6, 0xEA, 0x31, 0x25,
    0x4C, 0xAB, 0x65, 0x49, 0x11, 0xE1, 0x51, 0xAD, 0x8D, 0xED, 0xA3, 0xB2, 0x37, 0x3C, 0x01, 0xF5,
    0x70, 0xD2, 0xD1, 0x95, 0x1A, 0x8A, 0x98, 0x02, 0x28, 0x1F, 0xD9, 0x25, 0x1C, 0x59, 0x38, 0xB2,
    0x70, 0x64, 0xE1, 0xC8, 0xDF, 0xC2, 0x5C, 0xB1, 0x3F, 0x0E, 0xB4, 0xB1, 0xAB, 0x18, 0xC2, 0x6B,
    0xE6, 0xDE, 0xC0, 0x04, 0xD8, 0x73, 0xE5, 0xF4, 0xD2, 0xA9, 0x6D, 0xE6, 0x4E, 0x5D, 0x5D, 0xEE,
    0x00, 0x68, 0x08, 0xD8, 0xD9, 0xDE, 0xAF, 0x46, 0x11, 0x13, 0xC5, 0x3D, 0xBB, 0x11, 0x3A, 0xD2,
    0xA6, 0x98, 0x8F, 0xC1, 0x21, 0x20, 0x21, 0x82, 0x20, 0xE2, 0x1F, 0x42, 0x1F, 0xA0, 0x1E, 0x02,
    0x1E, 0x62, 0xDD, 0xE3, 0xC1, 0x9C, 0xF0, 0x77, 0xE1, 0xEF, 0x87, 0x3F, 0x8D, 0xFD, 0x9A, 0x67,
    0x94, 0xB5, 0xC7, 0xA7, 0x85, 0xA7, 0x9C, 0xE0, 0x72, 0x22, 0xCD, 0xC8, 0xBB, 0xAF, 0x38, 0x71,
    0xAA, 0x38, 0x1B, 0x37, 0xAD, 0x3F, 0xA7, 0x36, 0x03, 0x63, 0xC1, 0x46, 0x51, 0xD1, 0x69, 0xDE,
    0x0B, 0x4E, 0xFB, 0xBC, 0x92, 0x71, 0xEB, 0xB6, 0x2F, 0x71, 0x4B, 0x7C, 0x52, 0x08, 0x7F, 0x17,
    0xFE, 0x2E, 0xFC, 0x5D, 0xF8, 0xBB, 0xF0, 0x77, 0xE1, 0xEF, 0x8F, 0xE6, 0xEB, 0xF1, 0x7A, 0x0F,
    0xC6, 0x22, 0x52, 0x80, 0x8A, 0x43, 0x50, 0x25, 0x78, 0x8A, 0x50, 0x4A, 0x50, 0x94, 0x00, 0x28,
    0xC1, 0x4E, 0x02, 0x9B, 0x88, 0x98, 0x04, 0x2C, 0x47, 0x71, 0x52, 0xF8, 0xBB, 0xF0, 0x77, 0xE1,
    0xEF, 0x87, 0xC6, 0xDF, 0x9F, 0xB1, 0xF4, 0xA9, 0xAA, 0x77, 0x18, 0xB9, 0xC7, 0xC9, 0xF5, 0x8C,
    0x11, 0x30, 0xEE, 0xDB, 0x71, 0xCE, 0x28, 0x59, 0xED, 0x65, 0xDC, 0x14, 0x48, 0xAE, 0xCD, 0x48,
    0xB9, 0x53, 0xC5, 0x8E, 0xE7, 0x46, 0x45, 0x29, 0x7D, 0xFB, 0x60, 0x46, 0xD8, 0x63, 0xEE, 0x2E,
    0x96, 0x6D, 0x98, 0x42, 0xCA, 0x1A, 0x46, 0xD7, 0x93, 0x05, 0xA3, 0xEB, 0xD1, 0x54, 0xE8, 0xBA,
    0xD0, 0x75, 0xA1, 0xEB, 0x42, 0xD7, 0x85, 0xAE, 0x0B, 0x5D, 0xFF, 0x32, 0xBA, 0xFE, 0x6C, 0x14,
    0x57, 0x11, 0x52, 0x11, 0x4D, 0x11, 0x48, 0x09, 0x86, 0x52, 0xF8, 0x4C, 0xF6, 0xDC, 0x23, 0x5E,
    0x22, 0x54, 0x02, 0x4A, 0x22, 0x40, 0x22, 0x36, 0x0E, 0xB0, 0x88, 0x88, 0x08, 0x60, 0x88, 0x38,
    0x28, 0x14, 0x5D, 0x28, 0xBA, 0x50, 0xF4, 0x07, 0xA2, 0xE8, 0xFE, 0x87, 0x82, 0xCF, 0x51, 0xB7,
    0xD2, 0xF8, 0x4B, 0xC2, 0x5A, 0x1A, 0xEF, 0xB4, 0x46, 0x05, 0xA5, 0xC8, 0x04, 0x79, 0x86, 0x08,
    0x03, 0x28, 0xE3, 0x32, 0x92, 0x86, 0x4D, 0x8F, 0xC7, 0x53, 0x6D, 0xE7, 0x6F, 0xD9, 0x00, 0x39,
    0x2F, 0x1E, 0x60, 0x10, 0xCA, 0x04, 0xBA, 0x30, 0x72, 0x61, 0xE4, 0xC2, 0xC8, 0x85, 0x91, 0x0B,
    0x23, 0xBF, 0x63, 0x46, 0x8E, 0x58, 0x0A, 0x30, 0x8A, 0x08, 0x8A, 0xE0, 0x89, 0xB8, 0x89, 0x90,
    0x89, 0x68, 0xB9, 0x03, 0x94, 0x77, 0x83, 0x91, 0x32, 0x51, 0x2E, 0x2C, 0x5C, 0x58, 0xF8, 0x21,
    0x4D, 0x94, 0x0B, 0x2F, 0x15, 0x5E, 0x2A, 0xBC, 0x54, 0x78, 0xA9, 0xF0, 0x52, 0xE1, 0xA5, 0xF7,
    0x33, 0x53, 0x7C, 0x0F, 0xD7, 0x93, 0x09, 0xE2, 0x21, 0x84, 0x58, 0x08, 0xB1, 0x10, 0x62, 0x09,
    0x60, 0x72, 0x87, 0x01, 0x4C, 0xC6, 0xAE, 0x92, 0xA5, 0xB9, 0xF3, 0x88, 0xCF, 0x62, 0x9A, 0xE0,
    0xFE, 0x18, 0x3B, 0x40, 0xE7, 0x54, 0xD1, 0xD1, 0x8C, 0x94, 0x39, 0xB3, 0x07, 0x7C, 0xE7, 0x69,
    0xC9, 0x76, 0x9E, 0x86, 0x6E, 0xC4, 0xDB, 0x8C, 0x15, 0x13, 0x6A, 0x67, 0xE7, 0xE9, 0x94, 0xD5,
    0xE3, 0xEC, 0x21, 0xF4, 0x54, 0x66, 0x5E, 0x75, 0x85, 0xB4, 0x70, 0xA6, 0xA5, 0x5B, 0x53, 0xE2,
    0x18, 0x41, 0x75, 0x8C, 0x3A, 0xC9, 0x14, 0xAE, 0x4E, 0x9A, 0x7E, 0x3A, 0xA3, 0xD4, 0x9B, 0xBC,
    0xB1, 0xDC, 0x51, 0x1E, 0x58, 0xEF, 0x58, 0xD2, 0x56, 0x62, 0x84, 0x3E, 0x65, 0xEF, 0xD0, 0xF3,
    0xDE, 0xBC, 0xF7, 0x8E, 0xF4, 0x12, 0x9B, 0x48, 0x6C, 0x22, 0xB1, 0x89, 0xC4, 0x26, 0x92, 0xCD,
    0xAA, 0xE6, 0x1B, 0x87, 0xBB, 0x59, 0xF5, 0xAB, 0xC1, 0x13, 0x71, 0x13, 0x21, 0x13, 0xD1, 0x92,
    0x00, 0x25, 0x62, 0x24, 0xC2, 0x23, 0x22, 0x23, 0x01, 0x45, 0x82, 0x87, 0x8F, 0x04, 0x85, 0x62,
    0xD6, 0x88, 0x59, 0x73, 0xF8, 0x66, 0xCD, 0xEE, 0x86, 0xD6, 0x4F, 0x1E, 0x9F, 0xCA, 0x98, 0xF2,
    0x85, 0x01, 0xCE, 0xCF, 0x47, 0x02, 0x1F, 0x52, 0xCA, 0x3E, 0xBE, 0xA1, 0xF5, 0x92, 0xB1, 0xBC,
    0x9B, 0x6C, 0x68, 0x5D, 0x70, 0xE1, 0x6E, 0xBB, 0xA1, 0xF5, 0xD6, 0x57, 0x6A, 0x9A, 0xB0, 0x42,
    0x2B, 0xE0, 0x46, 0x66, 0x01, 0xAE, 0x84, 0xB4, 0x6F, 0xEC, 0xF2, 0x4B, 0xCD, 0x82, 0x78, 0xD4,
    0x2C, 0x98, 0x32, 0x5E, 0xDC, 0x88, 0x59, 0x20, 0x66, 0x81, 0x98, 0x05, 0x62, 0x16, 0x88, 0x59,
    0x70, 0x74, 0x4B, 0x25, 0xAF, 0xF7, 0xC0, 0x32, 0xDD, 0x03, 0xBB, 0x1A, 0xC3, 0x61, 0x02, 0xC1,
    0x3B, 0x7B, 0x60, 0x2F, 0xC7, 0x30, 0x97, 0xEF, 0x81, 0x5D, 0x8C, 0x82, 0xEC, 0xF5, 0x7B, 0x60,
    0xC5, 0x2C, 0x10, 0xB3, 0x40, 0xCC, 0x82, 0x63, 0x33, 0x0B, 0x4E, 0xD8, 0x50, 0x0E, 0xB8, 0x73,
    0x7C, 0xC6, 0xDD, 0x7F, 0xF8, 0xBC, 0xBD, 0x6E, 0x17, 0xCA, 0xBF, 0xF2, 0x5F, 0x2F, 0x28, 0xFF,
    0x7A, 0xE9, 0x85, 0xDB, 0x1D, 0x5A, 0xE7, 0xF1, 0x07, 0xF3, 0x6F, 0xF0, 0x9F, 0xC4, 0x1B, 0xCE,
    0xC0, 0xF9, 0xA2, 0xE5, 0x4E, 0x50, 0x9E, 0x6B, 0xE3, 0x9F, 0x47, 0x3B, 0x62, 0xEC, 0x2C, 0x84,
    0x2E, 0xC5, 0x4E, 0x10, 0x3B, 0x41, 0xEC, 0x04, 0xB1, 0x13, 0xC4, 0x4E, 0x10, 0x3B, 0xE1, 0x00,
    0xEC, 0x04, 0x40, 0x6C, 0x04, 0x6B, 0xC4, 0x69, 0x84, 0x68, 0xDC, 0x0F, 0x57, 0x02, 0x30, 0x7F,
    0xEF, 0x45, 0xDB, 0x71, 0xB0, 0xDD, 0x77, 0x8F, 0xF8, 0x8B, 0xD0, 0x0B, 0xA8, 0xEB, 0x43, 0x9D,
    0x30, 0xBA, 0x35, 0xC2, 0x2C, 0x41, 0xD8, 0x2F, 0x01, 0x57, 0xB1, 0x19, 0xC4, 0x66, 0x10, 0x9B,
    0x41, 0x36, 0xEE, 0xC2, 0xF5, 0x10, 0x1B, 0x77, 0x65, 0xA1, 0x40, 0x0C, 0x00, 0x31, 0x00, 0xC4,
    0x00, 0x10, 0x03, 0x40, 0x0C, 0x80, 0x03, 0x30, 0x00, 0xF6, 0xEC, 0xF5, 0xED, 0xDC, 0x69, 0xD3,
    0x25, 0x34, 0x77, 0xCD, 0xA1, 0xF6, 0x81, 0xF7, 0xFA, 0xCA, 0x82, 0x80, 0x90, 0x7B, 0x21, 0xF7,
    0xC7, 0xED, 0x27, 0x24, 0xDC, 0x55, 0xB8, 0xAB, 0x70, 0x57, 0xE1, 0xAE, 0xC2, 0x5D, 0x85, 0xBB,
    0xDE, 0xC5, 0xE4, 0xF5, 0x3D, 0x5D, 0x4F, 0x67, 0x3F, 0xB0, 0x10, 0x62, 0x21, 0xC4, 0x42, 0x88,
    0x65, 0x3F, 0xF0, 0x5D, 0xEF, 0x07, 0xCE, 0x11, 0x35, 0x11, 0x20, 0x6F, 0x9B, 0xD8, 0xF6, 0xF0,
    0x07, 0x78, 0x22, 0x89, 0xAF, 0x49, 0x34, 0x94, 0xA8, 0x5B, 0x4D, 0x77, 0xD7, 0x09, 0x69, 0xAC,
    0xBB, 0x4E, 0x6C, 0xCE, 0x87, 0xAB, 0xC0, 0x51, 0x32, 0xBB, 0x75, 0x22, 0x67, 0x34, 0xF5, 0x0E,
    0x2E, 0xFF, 0xFC, 0x0C, 0x8D, 0xB7, 0x1A, 0x13, 0xCD, 0x03, 0x25, 0xE0, 0xA1, 0xFE, 0x47, 0xD8,
    0x0C, 0x74, 0x01, 0x1B, 0x8C, 0xF4, 0xD6, 0xC5, 0x15, 0xB2, 0x81, 0x01, 0x64, 0x4A, 0xB0, 0x0D,
    0x02, 0xE4, 0xF4, 0x83, 0xE5, 0xB0, 0xE8, 0xD5, 0xDD, 0x27, 0x3D, 0xC1, 0xD9, 0x74, 0xBA, 0xB1,
    0x31, 0x84, 0x6A, 0x3B, 0x90, 0xE6, 0x0E, 0x7B, 0x9C, 0xE5, 0x66, 0x0A, 0x4F, 0x7B, 0x21, 0x0D,
    0x0C, 0x39, 0x5C, 0xAA, 0x35, 0x96, 0xCD, 0xAC, 0xF5, 0xE2, 0xBB, 0x7D, 0x96, 0x1B, 0xA0, 0xB5,
    0xED, 0x4D, 0x68, 0x79, 0x76, 0xA5, 0x80, 0x63, 0x97, 0x1A, 0xB4, 0x6A, 0x67, 0x64, 0x25, 0x96,
    0x4A, 0xB7, 0x09, 0x37, 0x4D, 0xD2, 0xDA, 0x63, 0x19, 0x26, 0x1C, 0xC1, 0x4E, 0xD5, 0x02, 0x13,
    0x4B, 0x97, 0x68, 0x7F, 0x80, 0xDD, 0xE5, 0x2B, 0x13, 0xBF, 0x61, 0xEF, 0x9D, 0x23, 0x62, 0xDC,
    0x30, 0xB1, 0x40, 0xD2, 0x4A, 0xEC, 0x84, 0x25, 0xDA, 0x08, 0x0D, 0xDA, 0x07, 0x6B, 0xEC, 0x0F,
    0xDB, 0x31, 0x43, 0x21, 0x9E, 0x82, 0x51, 0x9C, 0x36, 0x60, 0xCC, 0x6B, 0x6E, 0x3F, 0xA8, 0x31,
    0xC3, 0xCF, 0xB2, 0xBE, 0x04, 0x63, 0xE9, 0x24, 0xFD, 0x8F, 0x32, 0xFD, 0x8D, 0xB0, 0x53, 0x7A,
    0xBE, 0x61, 0x7C, 0x7E, 0xD7, 0x53, 0xFA, 0xDD, 0xB4, 0x3A, 0x92, 0xCE, 0xBB, 0xBF, 0xF7, 0x26,
    0x63, 0x82, 0x26, 0x67, 0x80, 0x1D, 0x69, 0xD0, 0x9E, 0x05, 0xF4, 0xC4, 0x1A, 0xFA, 0xA8, 0x75,
    0xB6, 0xF7, 0x2F, 0xD4, 0xE7, 0xE2, 0x96, 0x43, 0xB3, 0xF0, 0xE8, 0xDC, 0xC3, 0xA3, 0x26, 0xFC,
    0x8F, 0xA0, 0x29, 0x4E, 0xCE, 0x70, 0x2A, 0x0E, 0x36, 0xF9, 0x65, 0x38, 0xC7, 0x42, 0x16, 0xF9,
    0x89, 0x5B, 0x70, 0xFE, 0xEB, 0x85, 0x6B, 0xE5, 0x97, 0xD4, 0xFB, 0x37, 0xD8, 0x9B, 0x20, 0x5F,
    0x43, 0x77, 0x25, 0x2F, 0xC1, 0x09, 0xA5, 0x9C, 0x1C, 0x74, 0xB3, 0xC4, 0xDF, 0xCF, 0xF6, 0x14,
    0xE6, 0x93, 0xC9, 0xB4, 0x5F, 0xEE, 0xDD, 0xB6, 0x11, 0xFA, 0x25, 0xF4, 0x4B, 0xE8, 0xD7, 0xD1,
    0xD3, 0x2F, 0xFF, 0x8C, 0xCC, 0xED, 0x4C, 0x71, 0x36, 0x1E, 0xCF, 0x0E, 0x44, 0xCD, 0x87, 0xDB,
    0x9B, 0xB3, 0xD5, 0x0F, 0x4E, 0x0B, 0x25, 0x45, 0x40, 0x66, 0x87, 0xF6, 0x26, 0x7C, 0x4C, 0x10,
    0x35, 0x16, 0xA3, 0x4E, 0xCC, 0x50, 0xA7, 0xE1, 0x56, 0x08, 0xF4, 0xCA, 0x6C, 0x15, 0x2C, 0xAE,
    0xA2, 0x10, 0x87, 0xAA, 0x3F, 0xDC, 0x9B, 0xFA, 0x13, 0x66, 0x27, 0xCC, 0xEE, 0x69, 0x30, 0xBB,
    0x1F, 0xCF, 0xC8, 0xBC, 0x77, 0xFB, 0xD4, 0x57, 0x96, 0xEE, 0x6C, 0xBD, 0x60, 0x33, 0xD4, 0xD5,
    0x2D, 0x4F, 0x44, 0xB8, 0x34, 0x11, 0x92, 0xC4, 0xD6, 0x4C, 0xEA, 0xF5, 0x33, 0x8D, 0x0B, 0xB3,
    0x15, 0xF3, 0x72, 0x7C, 0x2A, 0xE9, 0x30, 0x2F, 0x61, 0x35, 0xC2, 0x6A, 0x84, 0xD5, 0x1C, 0x3B,
    0xAB, 0x79, 0xF3, 0x16, 0x55, 0xB6, 0xD6, 0x40, 0xBF, 0x77, 0xD4, 0xA5, 0xF0, 0x95, 0x5B, 0x2D,
    0x1A, 0xB4, 0x65, 0x88, 0xE8, 0x4C, 0xA0, 0xDA, 0x33, 0x01, 0x67, 0x07, 0xBD, 0xDF, 0x98, 0x02,
    0x17, 0xC7, 0xA0, 0xD2, 0x84, 0xA1, 0x08, 0x43, 0x79, 0x42, 0x73, 0x4F, 0x98, 0x3A, 0x9D, 0xED,
    0x31, 0x05, 0x2E, 0x88, 0x37, 0x8C, 0x4B, 0xE8, 0xE5, 0xC5, 0x06, 0x2C, 0x1B, 0x1A, 0x44, 0x62,
    0x01, 0x78, 0x32, 0x04, 0xA7, 0x38, 0x85, 0x11, 0xD3, 0x31, 0x21, 0x48, 0x14, 0xA0, 0xD5, 0x80,
    0xDE, 0xE4, 0x18, 0x70, 0xEA, 0x77, 0x57, 0x0C, 0xCD, 0x93, 0x0F, 0xDE, 0x9E, 0xF6, 0xC7, 0x45,
    0xEB, 0x10, 0x9F, 0x9A, 0xA2, 0xB3, 0x58, 0xA9, 0xFE, 0x07, 0x67, 0xC4, 0x6F, 0xDD, 0xC1, 0x13,
    0xB1, 0x6A, 0xDC, 0xA1, 0x13, 0xDA, 0x21, 0x06, 0x56, 0x2C, 0x0B, 0xDB, 0x85, 0x8C, 0x13, 0xCB,
    0x30, 0xC0, 0x62, 0x53, 0xD2, 0x3D, 0x7B, 0x33, 0x08, 0xFD, 0x12, 0xFA, 0x25, 0xF4, 0xEB, 0x9B,
    0x5A, 0xD3, 0x43, 0x7D, 0x1D, 0x81, 0x8A, 0xF6, 0x2B, 0x02, 0x6A, 0x4E, 0xC4, 0x09, 0x4E, 0xB5,
    0xE3, 0x84, 0xD3, 0x29, 0xEC, 0xA3, 0x33, 0xA4, 0xED, 0xD3, 0x1E, 0x56, 0xB3, 0xC1, 0x19, 0xAA,
    0x02, 0x12, 0x97, 0xE3, 0xF8, 0x9A, 0xA2, 0xBE, 0x3E, 0xB9, 0x6A, 0x1D, 0xE3, 0x63, 0xB1, 0x07,
    0x88, 0x4B, 0xC0, 0xDE, 0x00, 0x9D, 0x51, 0x63, 0x8C, 0x26, 0x9E, 0xB5, 0xFA, 0x1A, 0xB6, 0x2F,
    0xFF, 0xC9, 0x4A, 0xAA, 0x95, 0xB0, 0x9D, 0x74, 0xD3, 0x5C, 0x26, 0x73, 0xB0, 0x3C, 0x1B, 0x9C,
    0x20, 0xB5, 0x8A, 0x77, 0x0E, 0x7D, 0xA1, 0xC9, 0x2C, 0x77, 0x02, 0x87, 0x0B, 0xB7, 0x14, 0x6E,
    0x29, 0xDC, 0xF2, 0x56, 0xEB, 0x9A, 0x09, 0x8E, 0xA9, 0x94, 0xF9, 0x73, 0x13, 0x92, 0x82, 0x04,
    0x90, 0x6A, 0x2D, 0x1C, 0xF4, 0xC0, 0xDF, 0x8C, 0x7F, 0x1B, 0x39, 0x53, 0xDC, 0x0D, 0xE0, 0x09,
    0x59, 0x64, 0x3C, 0x25, 0x6E, 0xF1, 0xC4, 0x6F, 0xD5, 0xBA, 0xED, 0x75, 0x85, 0x5C, 0x0A, 0xB7,
    0x14, 0x6E, 0x29, 0xDC, 0x52, 0xB8, 0xE5, 0xB7, 0xEA, 0x2F, 0x16, 0xCD, 0xF7, 0x2D, 0x1C, 0xE2,
    0xB1, 0x8A, 0x5A, 0xBD, 0x4D, 0x41, 0x93, 0xC3, 0xE6, 0x81, 0x1C, 0xF7, 0x02, 0xD1, 0xF3, 0x5E,
    0x2E, 0x50, 0x29, 0xFB, 0xE4, 0x6C, 0x98, 0x80, 0xEC, 0xEC, 0x9A, 0x90, 0x5D, 0x4B, 0xA7, 0x64,
    0x5F, 0x50, 0x46, 0x76, 0x3C, 0xFD, 0x4D, 0xB8, 0xA5, 0x70, 0x4B, 0xE1, 0x96, 0xDF, 0x18, 0xB7,
    0xC4, 0x70, 0x94, 0x13, 0x54, 0x15, 0x25, 0x68, 0x34, 0x9F, 0xEC, 0x0D, 0xA5, 0x4E, 0x67, 0xFF,
    0x29, 0xDD, 0x6B, 0xFA, 0x9E, 0x86, 0x8C, 0x0C, 0xF7, 0x26, 0x22, 0x54, 0x43, 0xC9, 0x5E, 0x9D,
    0x84, 0xB6, 0x78, 0x80, 0xED, 0x69, 0xCF, 0xED, 0xD0, 0x74, 0x32, 0xDE, 0x42, 0x93, 0x87, 0x0D,
    0xD0, 0x49, 0x7F, 0x21, 0x74, 0x52, 0xE8, 0xA4, 0xD0, 0x49, 0x79, 0xF1, 0xC7, 0x4C, 0x27, 0x8F,
    0xDC, 0x15, 0x58, 0x33, 0x48, 0x5B, 0x98, 0x56, 0x9C, 0xFE, 0x1A, 0x19, 0xE4, 0x2F, 0xC2, 0x20,
    0x85, 0x41, 0x0A, 0x83, 0x3C, 0x4A, 0x06, 0x89, 0xBE, 0x79, 0xA9, 0xF9, 0xF1, 0x3F, 0x60, 0x45,
    0x7A, 0x32, 0xE2, 0x9B, 0x17, 0xA3, 0x3B, 0x5E, 0x34, 0xE2, 0x9B, 0xD7, 0xD5, 0x37, 0x58, 0x98,
    0x99, 0x46, 0x18, 0xA6, 0xCF, 0xEE, 0xF0, 0xE4, 0x51, 0x99, 0x83, 0x14, 0xD2, 0x28, 0xA4, 0x51,
    0x48, 0xE3, 0x13, 0x25, 0x8D, 0x6F, 0x2E, 0x11, 0x82, 0xF4, 0xEA, 0xF2, 0x4B, 0xDB, 0x63, 0xAC,
    0x7B, 0x61, 0x30, 0xE6, 0x24, 0x3D, 0xC5, 0x4F, 0x8A, 0x4E, 0xBD, 0x15, 0x30, 0x9F, 0x58, 0x9B,
    0x02, 0x41, 0x5F, 0xDE, 0xA5, 0x7B, 0xA1, 0xCC, 0x34, 0x0A, 0x4F, 0x14, 0x9E, 0xF8, 0x34, 0x67,
    0x1A, 0x85, 0x71, 0x09, 0xE3, 0x12, 0xC6, 0x25, 0x8C, 0xCB, 0x93, 0x28, 0x21, 0x7B, 0xC8, 0xCF,
    0x01, 0x47, 0x09, 0x11, 0x62, 0x26, 0xC4, 0x4C, 0x88, 0x99, 0x84, 0x4D, 0x71, 0xBA, 0xAA, 0xC0,
    0xF7, 0x75, 0x30, 0x61, 0x53, 0x74, 0xAC, 0x00, 0xBF, 0x32, 0xB4, 0xAF, 0xFD, 0xDC, 0xB8, 0x68,
    0x9B, 0x58, 0x00, 0xD9, 0x6F, 0x3F, 0x28, 0xBB, 0xF7, 0xDF, 0xFE, 0x63, 0xEC, 0x60, 0xB3, 0x2E,
    0x61, 0xD6, 0x8F, 0xCD, 0x5E, 0xFE, 0xAA, 0xEE, 0xD7, 0x99, 0xBB, 0x3D, 0xFB, 0xA6, 0xB5, 0x7E,
    0xBA, 0x29, 0x91, 0x5B, 0xF6, 0x00, 0x24, 0xFF, 0xDC, 0xFB, 0x3F, 0xE6, 0x65, 0x9B, 0xD0, 0x10,
    0x1A, 0x3E, 0xE2, 0x2E, 0xC4, 0x60, 0x3B, 0xA8, 0x4C, 0x44, 0xE6, 0x64, 0xF5, 0x57, 0x55, 0xB4,
    0xA3, 0xD2, 0x34, 0xA1, 0x19, 0x42, 0xE6, 0x24, 0x5D, 0x9D, 0x34, 0x5D, 0xC0, 0x1C, 0x8D, 0x65,
    0xDC, 0x67, 0xCD, 0xDA, 0x55, 0x37, 0xE2, 0xCC, 0xD7, 0x74, 0x3B, 0xBE, 0xBA, 0x59, 0x73, 0xF7,
    0x91, 0x8A, 0xBF, 0xE9, 0x7F, 0x92, 0x01, 0xC2, 0x5A, 0xE5, 0x5C, 0x3F, 0xC9, 0xBF, 0x5C, 0xF1,
    0xE3, 0xD2, 0x4E, 0xCE, 0x8B, 0x54, 0x23, 0xE0, 0xF8, 0x5F, 0xAA, 0x66, 0x13, 0x43, 0x96, 0x5A,
    0x80, 0xAA, 0xF4, 0xDF, 0x62, 0xEC, 0x4F, 0x7F, 0xF4, 0xE2, 0x43, 0x71, 0xA5, 0x32, 0x69, 0x09,
    0xE7, 0x81, 0xFE, 0xE5, 0x3B, 0xDC, 0xEB, 0xE4, 0x5C, 0x0B, 0xBC, 0xFF, 0x6F, 0xFA, 0xFC, 0xC3,
    0x5E, 0x22, 0x45, 0xB0, 0x28, 0xA3, 0x41, 0xE9, 0x23, 0x84, 0x37, 0x87, 0x70, 0x5B, 0x07, 0xC1,
    0x0A, 0x09, 0x57, 0x4A, 0xC3, 0x58, 0x7B, 0x15, 0x8D, 0x51, 0xAD, 0xD1, 0xF2, 0x73, 0xE1, 0x5F,
    0x0C, 0x3F, 0x88, 0x7B, 0x4C, 0x2C, 0xDD, 0xB9, 0x1D, 0x8B, 0xFE, 0xA9, 0xEB, 0xFE, 0x69, 0xC5,
    0x50, 0x4E, 0xC7, 0x9C, 0xD6, 0xF6, 0x39, 0x53, 0x0C, 0x20, 0x1F, 0x99, 0x02, 0x63, 0xCB, 0x01,
    0x3A, 0x10, 0x4F, 0xDC, 0x04, 0x83, 0x09, 0x81, 0x9B, 0xE1, 0xF6, 0x9F, 0xF5, 0x10, 0xB1, 0xBA,
    0x2F, 0x70, 0xAB, 0xBF, 0x54, 0x3B, 0xDD, 0xA2, 0x6C, 0xC8, 0xDC, 0xFE, 0x01, 0x53, 0x1F, 0xF8,
    0xB4, 0xA6, 0x86, 0x21, 0x58, 0x1E, 0x3A, 0x0A, 0x75, 0xA8, 0x48, 0x58, 0xDB, 0x45, 0x84, 0x9B,
    0x00, 0xDA, 0xB2, 0x62, 0x9C, 0xEF, 0xA8, 0x74, 0x3C, 0x78, 0x45, 0xEC, 0x26, 0x12, 0x0E, 0x3E,
    0x57, 0x4D, 0x8A, 0xAE, 0x60, 0xAD, 0xAC, 0x19, 0x4B, 0xE7, 0xC8, 0x8C, 0xB2, 0x9D, 0xF4, 0x26,
    0xA7, 0xBB, 0x04, 0x78, 0x7A, 0x4B, 0xEC, 0x5D, 0x9E, 0x4E, 0x76, 0xD2, 0xEA, 0xA0, 0xD2, 0xAD,
    0xBC, 0xBC, 0x3E, 0x57, 0xD6, 0x37, 0xDB, 0x49, 0xAF, 0x33, 0x4C, 0x8F, 0xBC, 0xDF, 0x94, 0xB5,
    0xC7, 0x6E, 0x7B, 0xD1, 0xF6, 0x8C, 0x59, 0x7B, 0x47, 0x8A, 0x1C, 0x5D, 0xBF, 0xE0, 0xFD, 0x25,
    0x60, 0xFD, 0x89, 0xF7, 0x37, 0x9C, 0x97, 0x33, 0xCF, 0x2A, 0x59, 0x7F, 0xCD, 0x9D, 0x80, 0x79,
    0x77, 0xFE, 0x04, 0xED, 0xEF, 0x7C, 0x3C, 0xF0, 0xF1, 0xE2, 0xB3, 0xF1, 0xE4, 0xF6, 0x2D, 0xF7,
    0xE3, 0x2D, 0x53, 0x43, 0xC8, 0xED, 0x21, 0x0C, 0xB7, 0x8D, 0xC4, 0x6C, 0xCF, 0xDF, 0xD9, 0xBE,
    0x3B, 0xAF, 0xAC, 0x0D, 0xCE, 0xC6, 0xBB, 0xD3, 0x07, 0x8D, 0x47, 0x8C, 0x30, 0x5B, 0xF1, 0x12,
    0x83, 0xDC, 0x7B, 0x36, 0xDE, 0xB3, 0xB3, 0x19, 0x4E, 0xE9, 0x21, 0x7A, 0x9E, 0xF7, 0x42, 0xA9,
    0x5F, 0xEF, 0xD4, 0x92, 0xE4, 0x61, 0xD4, 0x79, 0x14, 0xF5, 0xEA, 0x91, 0xD3, 0x3C, 0x78, 0x3A,
    0x89, 0x9D, 0xDE, 0xEA, 0xD2, 0x55, 0x71, 0x43, 0x3B, 0x78, 0xB3, 0xDF, 0x0E, 0x5E, 0xF6, 0x76,
    0xF0, 0xEA, 0x8F, 0x17, 0x7D, 0x53, 0x77, 0x5F, 0x2F, 0x55, 0xC7, 0xD0, 0x8D, 0x5A, 0xEE, 0xBA,
    0x53, 0x1F, 0x8C, 0xBA, 0x8B, 0xA3, 0x3D, 0x0C, 0xA1, 0xDC, 0x32, 0x42, 0x53, 0xE8, 0x5A, 0xD7,
    0x62, 0x6E, 0x2D, 0x36, 0x1B, 0xE3, 0x3B, 0x34, 0xA6, 0xAF, 0xB3, 0x83, 0xA7, 0xA1, 0xED, 0xC1,
    0xAD, 0xDD, 0x8C, 0x76, 0xF0, 0xDC, 0xD9, 0x80, 0xB9, 0x3E, 0x28, 0xA3, 0x76, 0x46, 0xA3, 0x33,
    0x15, 0x53, 0x55, 0x3B, 0x23, 0x32, 0xD1, 0x54, 0x61, 0xE1, 0x2C, 0x48, 0x97, 0x88, 0xB5, 0x6A,
    0x9C, 0xBB, 0x44, 0x39, 0x9E, 0x88, 0x74, 0x62, 0x76, 0xB3, 0xC4, 0x7C, 0x2C, 0xC1, 0x9F, 0xC3,
    0x24, 0x20, 0xB2, 0x39, 0xA9, 0x9B, 0x0C, 0xEB, 0x93, 0x62, 0x4D, 0x13, 0xFB, 0x42, 0x72, 0xAD,
    0x5D, 0x5C, 0x62, 0x1E, 0xE1, 0x7B, 0x23, 0x6F, 0xD4, 0xBE, 0xEB, 0xA0, 0x43, 0x30, 0xD7, 0x0A,
    0xF6, 0xF8, 0x89, 0xA4, 0x0B, 0xA0, 0x0F, 0x2D, 0x97, 0xD8, 0x23, 0x23, 0x16, 0x36, 0x78, 0x49,
    0xD7, 0xDA, 0x7E, 0x87, 0xF5, 0xBD, 0x3E, 0x68, 0xBB, 0xC3, 0xEA, 0xFC, 0x82, 0x1E, 0xAC, 0xE5,
    0x34, 0x81, 0xDB, 0xB1, 0x86, 0xFD, 0xAD, 0x77, 0x37, 0x99, 0x8F, 0xF4, 0x51, 0x1D, 0x76, 0x7C,
    0x75, 0x4B, 0x37, 0x12, 0x6A, 0x07, 0x2F, 0x1E, 0x39, 0x31, 0xF9, 0x48, 0xC6, 0xEE, 0x33, 0x3A,
    0x92, 0x23, 0x76, 0x78, 0x4D, 0x49, 0x0F, 0xF7, 0x09, 0xD8, 0xB1, 0x33, 0x3E, 0xEE, 0x07, 0x34,
    0xCD, 0xF3, 0xAE, 0x22, 0xBB, 0x45, 0x7E, 0xA2, 0x6E, 0x80, 0x1E, 0xF3, 0xE9, 0x1E, 0x49, 0xC7,
    0x2C, 0x9D, 0xB0, 0xC3, 0x84, 0xF2, 0x9A, 0xA6, 0x89, 0x3C, 0x2C, 0xB4, 0xA8, 0xA9, 0x3B, 0x2B,
    0x6E, 0xC3, 0x1E, 0xCF, 0x8A, 0x0B, 0xE6, 0x0F, 0x3C, 0x47, 0x28, 0xD4, 0x56, 0xA8, 0xAD, 0x50,
    0x5B, 0xA1, 0xB6, 0x47, 0x49, 0x6D, 0xF7, 0xC6, 0x5D, 0x8D, 0x11, 0x17, 0x72, 0x45, 0x8E, 0xE6,
    0x82, 0x86, 0x33, 0x93, 0x70, 0x9E, 0x9B, 0x22, 0x27, 0x60, 0x43, 0x34, 0x79, 0x85, 0x09, 0xFC,
    0x1A, 0x89, 0xD5, 0x8A, 0xE7, 0xD9, 0xD3, 0xBD, 0xEF, 0x7B, 0x1D, 0xD0, 0x7D, 0xFA, 0x18, 0x54,
    0xCE, 0xAF, 0xEE, 0x4B, 0xEB, 0x0B, 0x25, 0x16, 0x4A, 0xFC, 0xA4, 0x28, 0xB1, 0xCF, 0x69, 0x0D,
    0x67, 0x95, 0x64, 0x32, 0xD0, 0xAF, 0x28, 0x49, 0x4B, 0x89, 0xB3, 0xE0, 0x0E, 0xC9, 0x2C, 0x69,
    0x3A, 0xA6, 0x27, 0x4E, 0xFA, 0x54, 0x63, 0x0D, 0x67, 0x06, 0x61, 0x61, 0x2B, 0x5A, 0x38, 0x65,
    0x80, 0xB8, 0x53, 0xC6, 0xA4, 0x59, 0x40, 0x8A, 0xEF, 0xAE, 0x1D, 0xCD, 0xCF, 0xD9, 0xB1, 0x3E,
    0xCC, 0x3A, 0x0E, 0x69, 0x6D, 0x74, 0xB3, 0x35, 0xCC, 0xB7, 0x67, 0x4B, 0x29, 0x35, 0x79, 0x3D,
    0x91, 0x86, 0xC2, 0x25, 0xD6, 0x6F, 0x11, 0x21, 0x74, 0x76, 0x07, 0x46, 0x15, 0xAE, 0x7E, 0x1B,
    0xB2, 0xA2, 0x99, 0x74, 0x3D, 0xA5, 0x76, 0xEF, 0x7A, 0xA6, 0xBF, 0xB4, 0xF6, 0x0E, 0xF6, 0x12,
    0x4A, 0x2C, 0x94, 0x58, 0x28, 0xB1, 0x50, 0xE2, 0x27, 0x32, 0xDB, 0x1B, 0xE1, 0xDA, 0x60, 0x45,
    0x02, 0x7A, 0x34, 0x88, 0x4A, 0x6B, 0xC4, 0xBB, 0x0D, 0x82, 0xDD, 0x06, 0x91, 0xAE, 0x06, 0xB5,
    0x88, 0xAC, 0xD1, 0xA2, 0x58, 0x8E, 0x0E, 0x56, 0x24, 0x6A, 0x5C, 0x8A, 0xB8, 0x48, 0xA6, 0x55,
    0xAE, 0x8C, 0x1A, 0xF7, 0xE3, 0x3E, 0x37, 0x8E, 0x12, 0xBA, 0xA7, 0x8F, 0x4F, 0x8D, 0x78, 0x00,
    0xA9, 0xC6, 0xF5, 0x82, 0x7F, 0x82, 0xAA, 0x26, 0x6E, 0x5D, 0xB5, 0xF3, 0xB6, 0xD1, 0x87, 0x15,
    0x5A, 0x8C, 0xD3, 0x2D, 0xE7, 0x5B, 0x75, 0xFD, 0xF8, 0x6E, 0x5D, 0xC2, 0xDD, 0x85, 0xBB, 0x3F,
    0x01, 0xEE, 0xFE, 0x7F, 0xED, 0x9D, 0x3B, 0x93, 0xDC, 0xC6, 0x11, 0xC7, 0x01, 0x6C, 0xDD, 0x21,
    0x40, 0x00, 0x07, 0xA6, 0x03, 0xB2, 0x4A, 0xF8, 0x02, 0x2E, 0x23, 0x75, 0x60, 0x0B, 0x60, 0xEC,
    0x84, 0x01, 0x2F, 0x91, 0x02, 0x27, 0x8A, 0x98, 0x6C, 0xA2, 0xC0, 0x19, 0xB6, 0xFC, 0x09, 0x18,
    0x88, 0xB9, 0x03, 0x33, 0x90, 0x12, 0x3B, 0x70, 0xA0, 0x0C, 0xFB, 0x11, 0x50, 0xE5, 0x72, 0xEC,
    0x2D, 0x97, 0x94, 0x28, 0xDA, 0x60, 0x5D, 0xB5, 0x27, 0xEF, 0xEE, 0x78, 0x06, 0xF3, 0xEA, 0x7F,
    0x63, 0xEF, 0x45, 0xDE, 0x8B, 0x64, 0xA3, 0x4A, 0xE2, 0xF6, 0xDC, 0x2E, 0x66, 0x30, 0xD3, 0xD3,
    0xFD, 0x9B, 0x57, 0x23, 0x49, 0x8E, 0x5C, 0x9F, 0x33, 0xB9, 0xD9, 0xA0, 0xDC, 0xA9, 0x05, 0xC8,
    0x4A, 0xED, 0x99, 0xAC, 0x56, 0x44, 0x4C, 0xB5, 0xAC, 0x5A, 0x92, 0xD0, 0x6B, 0x79, 0x4B, 0xE4,
    0xCC, 0x7C, 0x61, 0x20, 0x09, 0xB9, 0x96, 0x0F, 0xF4, 0x8E, 0xCF, 0x74, 0xC2, 0x9A, 0x26, 0xCC,
    0x99, 0xAC, 0xCB, 0xB4, 0x02, 0x39, 0xED, 0x97, 0x58, 0xE8, 0xD3, 0x45, 0x72, 0xF1, 0xF5, 0xAB,
    0xB7, 0x28, 0xF7, 0x50, 0xDE, 0x64, 0x86, 0x0F, 0x94, 0x94, 0x58, 0xFE, 0xA4, 0xC1, 0xE2, 0xEA,
    0x07, 0xEE, 0xD5, 0x92, 0x3E, 0xCE, 0xAE, 0xA2, 0xC5, 0xAD, 0xD5, 0x4A, 0x27, 0xD1, 0xDC, 0x16,
    0x29, 0xA9, 0xA1, 0xCC, 0x54, 0x67, 0x13, 0x2B, 0xA4, 0x54, 0x1B, 0xF7, 0x3F, 0x7B, 0x55, 0xE6,
    0xDE, 0x19, 0xBD, 0xC1, 0x63, 0xBB, 0x74, 0xEB, 0xFC, 0xDC, 0xD2, 0xE7, 0x55, 0x54, 0x45, 0x4C,
    0xEB, 0x52, 0x15, 0xE9, 0xAC, 0x7C, 0x88, 0x95, 0x6D, 0xAF, 0xC1, 0x3F, 0xAE, 0xBB, 0x76, 0x51,
    0x7B, 0xEC, 0x15, 0x94, 0xE7, 0xE7, 0x36, 0x9D, 0xFB, 0x1F, 0x14, 0xFA, 0x4E, 0xAD, 0xBD, 0xEB,
    0xC6, 0x65, 0xBE, 0x72, 0xB9, 0xEE, 0x5C, 0x6E, 0xAD, 0xBF, 0x8F, 0x55, 0xD6, 0x5D, 0xC8, 0x67,
    0x31, 0xE6, 0xBE, 0x0E, 0xC5, 0x1C, 0xC6, 0xDB, 0x2D, 0x43, 0xAB, 0xAE, 0xC7, 0xA6, 0x8F, 0xCD,
    0xB6, 0x35, 0xB7, 0xDF, 0x47, 0x2D, 0xD8, 0xB9, 0xFF, 0xF9, 0x1B, 0x1E, 0xCC, 0x97, 0x36, 0x44,
    0x6B, 0x4C, 0x76, 0x6B, 0x52, 0x0F, 0xA6, 0xDD, 0x07, 0xA2, 0x65, 0xCB, 0x99, 0x8A, 0x8A, 0xA3,
    0x9F, 0x6C, 0x98, 0xA9, 0xD8, 0xD7, 0xF4, 0x77, 0xB5, 0xDE, 0x10, 0xCD, 0xD4, 0xF7, 0x2A, 0x62,
    0x71, 0x4C, 0x5E, 0xEB, 0x92, 0xCA, 0x9D, 0xDA, 0x94, 0x54, 0x31, 0x1B, 0xB5, 0xAD, 0x68, 0x57,
    0xD5, 0x65, 0xAD, 0x99, 0xDC, 0x50, 0xB5, 0xAA, 0x27, 0xF2, 0x1E, 0xE4, 0x6A, 0x22, 0x1F, 0x3A,
    0xDA, 0x31, 0xB8, 0x5C, 0x4E, 0x64, 0xF5, 0xA8, 0x64, 0x5D, 0x5E, 0xFE, 0x3C, 0x97, 0x3E, 0x6F,
    0x3D, 0x91, 0x75, 0x7D, 0xEE, 0x2E, 0xAD, 0xDF, 0x8A, 0xB5, 0xC7, 0xB4, 0xBD, 0xB0, 0x3D, 0x0B,
    0xD6, 0xDE, 0x39, 0xD1, 0x07, 0x2D, 0xAF, 0xB8, 0xBE, 0x64, 0x4C, 0x9F, 0xB8, 0xBE, 0x25, 0x8A,
    0xE9, 0x63, 0xC7, 0xF4, 0xB5, 0x89, 0x05, 0x1C, 0x9F, 0xAD, 0x62, 0xFA, 0xCE, 0xFB, 0x03, 0xEF,
    0x2F, 0x29, 0xEB, 0x4F, 0xA6, 0x9B, 0x41, 0x7F, 0xAB, 0x5D, 0x09, 0x7C, 0x7F, 0xD4, 0xA5, 0x30,
    0xDF, 0x4B, 0x7B, 0x77, 0x23, 0xD3, 0xFD, 0x0F, 0x6F, 0xCE, 0x4C, 0x2F, 0x5F, 0x1E, 0xEB, 0xEF,
    0xD1, 0x1E, 0x6C, 0x89, 0xF7, 0xA0, 0x1E, 0xC4, 0xD9, 0x93, 0x50, 0xF1, 0xA7, 0xF8, 0x67, 0xEB,
    0x4D, 0xC0, 0x80, 0x3F, 0x55, 0xEA, 0xC7, 0xE3, 0x96, 0x6C, 0x06, 0x6E, 0xE9, 0xD0, 0x52, 0xE5,
    0xD9, 0x80, 0x26, 0xBD, 0x26, 0x6A, 0x42, 0x1A, 0xDD, 0xD8, 0xBE, 0x1F, 0xBC, 0x50, 0x80, 0x27,
    0x34, 0x26, 0xEB, 0x1C, 0x9C, 0xE2, 0x10, 0xBD, 0x17, 0xBD, 0xC7, 0x29, 0xB8, 0x97, 0x02, 0xBC,
    0x6D, 0x05, 0x6E, 0xE0, 0xAB, 0xA3, 0x0F, 0x91, 0xBE, 0x82, 0x72, 0xAF, 0xA9, 0xC6, 0xED, 0xC1,
    0x4D, 0xB7, 0xD4, 0x46, 0x0F, 0xF4, 0x19, 0xB6, 0xB1, 0x9C, 0x7F, 0x26, 0xA6, 0x7A, 0x6F, 0x9C,
    0x57, 0xAC, 0x90, 0xDA, 0xDF, 0xBC, 0xD1, 0x8D, 0x17, 0x7C, 0x9C, 0x69, 0xB9, 0x34, 0x98, 0xEB,
    0xED, 0x11, 0x82, 0xB8, 0xDF, 0x4B, 0x3B, 0x8B, 0xF3, 0xA3, 0xAD, 0x90, 0x53, 0x45, 0xE9, 0x88,
    0x16, 0x79, 0x1D, 0x5B, 0x78, 0x8D, 0x55, 0x1E, 0x48, 0xB4, 0xEB, 0x3F, 0x7F, 0x3E, 0x77, 0xBA,
    0x6C, 0xBF, 0xDE, 0x8D, 0x8F, 0xEA, 0x98, 0xC1, 0xF6, 0x97, 0xD2, 0x56, 0x6D, 0x3A, 0xA6, 0x79,
    0x1B, 0xD1, 0x18, 0x0D, 0x6A, 0x5C, 0x8D, 0x95, 0x26, 0xB1, 0x77, 0x79, 0xE7, 0xBA, 0x86, 0x53,
    0xDF, 0xD3, 0xF5, 0x8D, 0xC6, 0xFF, 0x7C, 0x5D, 0x2E, 0x66, 0xA1, 0xFE, 0x35, 0x65, 0x14, 0xA1,
    0xFF, 0x76, 0x6A, 0x28, 0x43, 0x33, 0x35, 0x6A, 0x15, 0x15, 0x54, 0xB7, 0x4A, 0xE4, 0x8F, 0x4A,
    0x6D, 0x42, 0x2B, 0x99, 0x36, 0x6B, 0x82, 0x23, 0xD6, 0xBF, 0x8E, 0x42, 0x61, 0x6C, 0xFF, 0x10,
    0x85, 0xEE, 0xB8, 0x90, 0x1B, 0x61, 0x79, 0x3D, 0x61, 0x38, 0x26, 0xF0, 0x7C, 0x58, 0x09, 0xA0,
    0x6C, 0xB1, 0xD4, 0xDB, 0x9A, 0x3E, 0x4F, 0x45, 0x9F, 0xB4, 0x0C, 0x15, 0xD2, 0x18, 0xF3, 0x19,
    0x85, 0x21, 0xA7, 0xF5, 0x06, 0x35, 0x1A, 0xEA, 0x3A, 0xB3, 0x2E, 0x3A, 0xB6, 0x82, 0xAE, 0x55,
    0xD2, 0x3E, 0xD0, 0x72, 0xAE, 0x4D, 0x93, 0xB1, 0x4D, 0x73, 0xDA, 0xDA, 0xA9, 0xED, 0xAF, 0xCE,
    0xE0, 0x69, 0x75, 0x38, 0x3F, 0xF3, 0x1A, 0x52, 0x51, 0xDD, 0x99, 0x51, 0xAD, 0x02, 0x7D, 0xB3,
    0x96, 0x22, 0xD4, 0x0B, 0x58, 0x8A, 0xF4, 0x6F, 0xC4, 0x6A, 0xB8, 0xEB, 0x09, 0x8A, 0x05, 0xE2,
    0x69, 0xAA, 0xA8, 0x57, 0xB1, 0x6A, 0xBE, 0x44, 0xBC, 0x05, 0xBE, 0xCD, 0xD4, 0x1B, 0xA4, 0x6B,
    0xDD, 0xB1, 0xD9, 0x10, 0xA0, 0xBC, 0x42, 0xAE, 0x98, 0xDC, 0xAC, 0x19, 0x60, 0x23, 0xAD, 0x67,
    0x0A, 0x69, 0x3D, 0x47, 0xFE, 0x4E, 0xAA, 0x03, 0xB2, 0x7A, 0xBD, 0x45, 0x56, 0x2F, 0x57, 0xC8,
    0xEA, 0xB3, 0x85, 0xB0, 0xBA, 0xB0, 0xBA, 0xB0, 0xBA, 0xB0, 0xBA, 0xB0, 0xFA, 0xC7, 0xCF, 0xEA,
    0xE9, 0x0B, 0x3A, 0xEF, 0x43, 0x1A, 0xA1, 0xA2, 0xB3, 0x44, 0xBD, 0x22, 0xED, 0xDD, 0x00, 0xA3,
    0xFF, 0xF7, 0x8F, 0xB1, 0x25, 0xCB, 0x36, 0x53, 0xE0, 0x1F, 0xA8, 0x27, 0xA2, 0x42, 0xAA, 0xC0,
    0x85, 0x52, 0x67, 0x48, 0x01, 0xBD, 0xA6, 0xB6, 0xBF, 0x5F, 0x53, 0x9F, 0x37, 0x44, 0x3C, 0x9F,
    0xF9, 0x3B, 0x8F, 0x78, 0xBE, 0xA7, 0x78, 0xFE, 0xB5, 0xE0, 0xB9, 0xE0, 0xB9, 0xE0, 0xF9, 0x87,
    0x89, 0xE7, 0xE9, 0xB7, 0x08, 0xB2, 0xD6, 0x64, 0xAF, 0xE9, 0xCC, 0xF7, 0x36, 0x29, 0xA8, 0x99,
    0x07, 0x7B, 0x57, 0x01, 0x4D, 0x85, 0xBF, 0x47, 0x79, 0x8B, 0x53, 0xE3, 0xF9, 0xC2, 0x94, 0xE6,
    0x80, 0x79, 0x9E, 0xBD, 0xB8, 0xCB, 0xDE, 0x2A, 0x53, 0xE7, 0x82, 0xE3, 0x82, 0xE3, 0x82, 0xE3,
    0x82, 0xE3, 0x82, 0xE3, 0xC9, 0xD3, 0x6F, 0x60, 0x96, 0x49, 0xFF, 0xAE, 0x0A, 0x66, 0x5E, 0xB5,
    0x8E, 0x98, 0x53, 0x97, 0x69, 0x4B, 0x8B, 0xB0, 0xA4, 0x7F, 0xB1, 0xA5, 0xD7, 0x5D, 0xBC, 0x0F,
    0xB6, 0xED, 0xFB, 0xB1, 0x30, 0xC4, 0x95, 0x9C, 0xBC, 0xBC, 0x45, 0xE2, 0x94, 0x09, 0x72, 0x21,
    0x70, 0x21, 0xF0, 0x8F, 0x74, 0x82, 0x5C, 0x08, 0x55, 0x08, 0x55, 0x08, 0x55, 0x08, 0x55, 0x08,
    0x55, 0x08, 0xF5, 0x36, 0xAE, 0x27, 0x67, 0x28, 0x77, 0x6C, 0xB1, 0xB2, 0x7F, 0x60, 0xB9, 0x53,
    0x58, 0xBE, 0xA7, 0xDF, 0x0A, 0xEB, 0x0A, 0xEB, 0x0A, 0xEB, 0x7E, 0x2A, 0x9B, 0x41, 0x6E, 0x76,
    0x9D, 0x9C, 0x81, 0x3D, 0x58, 0x3D, 0xB0, 0x70, 0xFA, 0x5D, 0xCB, 0x3B, 0x28, 0x93, 0x6B, 0xFC,
    0x42, 0xCE, 0xAC, 0x47, 0x8F, 0x5B, 0x49, 0x2A, 0xDC, 0x59, 0x9E, 0xB1, 0xAD, 0x2E, 0x1D, 0x6E,
    0x2C, 0x2F, 0x62, 0x0B, 0x84, 0xF9, 0x88, 0x01, 0x59, 0xF7, 0x07, 0xBC, 0xD9, 0x39, 0x0E, 0x0D,
    0x60, 0xD7, 0x7A, 0xC2, 0x67, 0xE2, 0xFB, 0xD7, 0xF8, 0x28, 0xBF, 0x78, 0xB7, 0x26, 0xEB, 0xD9,
    0xE8, 0x80, 0x8D, 0x16, 0x66, 0x0A, 0x37, 0xDF, 0x14, 0x6C, 0xAB, 0x7C, 0x1D, 0x1F, 0xC9, 0xB0,
    0xFC, 0xF3, 0xF8, 0xC4, 0x35, 0xC2, 0x7A, 0x8E, 0xBE, 0xD8, 0xFB, 0x5E, 0xFF, 0x73, 0x61, 0x79,
    0x61, 0x79, 0x61, 0x79, 0x61, 0xF9, 0x87, 0x65, 0x79, 0x6A, 0x43, 0x4F, 0xA9, 0xA1, 0xEB, 0x89,
    0x15, 0x7C, 0x46, 0x5A, 0x3B, 0xA3, 0xFB, 0x40, 0xE6, 0x24, 0xFB, 0x82, 0x98, 0x3E, 0xF3, 0x94,
    0x04, 0x24, 0xA2, 0x9D, 0x37, 0x65, 0x0C, 0x56, 0xBD, 0xA1, 0xDE, 0xA2, 0xC1, 0x3D, 0xE0, 0xC4,
    0x4F, 0x94, 0xF4, 0x11, 0x4E, 0x6E, 0x64, 0xEA, 0xBB, 0xDD, 0x05, 0x76, 0x3E, 0xA3, 0xF5, 0x92,
    0x53, 0x0B, 0x5F, 0x39, 0x07, 0x67, 0xC0, 0xF6, 0xB9, 0x6F, 0x9B, 0x39, 0x69, 0x98, 0x9C, 0x5A,
    0xE9, 0x8E, 0xCC, 0xD7, 0xC0, 0x5C, 0xBC, 0x80, 0xAD, 0x80, 0xED, 0xA3, 0x05, 0xDB, 0xDF, 0x30,
    0x48, 0xBC, 0xEA, 0x84, 0x62, 0x7F, 0xDB, 0x27, 0x14, 0x4F, 0xAF, 0x3C, 0xA1, 0x58, 0xF3, 0x13,
    0x8A, 0xF3, 0xC9, 0x09, 0xC5, 0x01, 0x0B, 0x9D, 0xDD, 0x78, 0x18, 0x2C, 0x20, 0x28, 0x20, 0x28,
    0x20, 0x28, 0x20, 0x28, 0x20, 0x48, 0x8C, 0x1E, 0xB5, 0xB2, 0x70, 0x62, 0xAF, 0x60, 0x9A, 0x04,
    0x27, 0xF6, 0x0E, 0xC7, 0x07, 0xF9, 0x38, 0x21, 0x30, 0x3D, 0xB1, 0xB7, 0x4A, 0x08, 0x30, 0x1E,
    0xA8, 0x7B, 0xB8, 0xF0, 0xC4, 0xDE, 0xB3, 0x6B, 0x9C, 0xD8, 0x13, 0x10, 0x14, 0x10, 0x14, 0x10,
    0x3C, 0x0A, 0x82, 0x4F, 0xF8, 0xF4, 0xDF, 0x9E, 0x91, 0x1F, 0xA0, 0x5F, 0x76, 0x84, 0xF4, 0x00,
    0x8A, 0xD4, 0x9B, 0x1E, 0x56, 0xFB, 0xFF, 0x94, 0x94, 0x0C, 0xAA, 0xF2, 0x2B, 0xE4, 0x82, 0xC9,
    0x30, 0xDA, 0x3B, 0xC2, 0xA6, 0x0C, 0x03, 0x67, 0xEC, 0xE8, 0x5B, 0xC9, 0x56, 0x6F, 0xCA, 0x3D,
    0xCB, 0x9E, 0xDD, 0x2E, 0x1B, 0x04, 0x14, 0x05, 0x14, 0x05, 0x14, 0x05, 0x14, 0x05, 0x14, 0xAF,
    0x06, 0x45, 0x7A, 0x54, 0x2C, 0xAE, 0x56, 0x5B, 0xDB, 0xB2, 0x21, 0xAD, 0xC7, 0x22, 0x38, 0x44,
    0xBD, 0x3A, 0xFF, 0x32, 0xB6, 0x5A, 0xA1, 0xEB, 0x9C, 0x3A, 0x1B, 0xB0, 0xE4, 0x10, 0x7F, 0x88,
    0x7E, 0x2D, 0xA3, 0x33, 0x0D, 0x39, 0xB5, 0xF6, 0x15, 0x35, 0xF5, 0x0D, 0x7D, 0x0A, 0x6A, 0x8F,
    0x53, 0xCC, 0x86, 0xDA, 0xE9, 0xDF, 0x09, 0x42, 0x0A, 0x42, 0x0A, 0x42, 0x26, 0x37, 0x3A, 0x92,
    0x55, 0x8F, 0x59, 0xFF, 0x1D, 0x17, 0x75, 0x27, 0x47, 0xB2, 0x88, 0x29, 0xBD, 0xFC, 0x48, 0x56,
    0x71, 0xCE, 0x8E, 0x64, 0x2D, 0xEF, 0xFD, 0x48, 0x96, 0x20, 0xA0, 0x20, 0xA0, 0x20, 0xA0, 0x20,
    0xA0, 0x20, 0xE0, 0x11, 0x04, 0xBC, 0xF0, 0x88, 0x92, 0xB1, 0x63, 0x8B, 0xB4, 0x6F, 0xFD, 0x02,
    0x51, 0xF0, 0x33, 0x8F, 0xE2, 0x88, 0x92, 0xE0, 0x9C, 0xE0, 0x9C, 0xE0, 0xDC, 0xC5, 0x4B, 0xC3,
    0x82, 0x37, 0x82, 0x37, 0x82, 0x37, 0x82, 0x37, 0xB2, 0x14, 0xFA, 0xDE, 0xD7, 0x87, 0x7D, 0xBE,
    0x45, 0xD8, 0x48, 0xD8, 0x48, 0xD8, 0xE8, 0xDD, 0xAF, 0x47, 0x7F, 0x1E, 0xC4, 0xB5, 0x5E, 0xFC,
    0xF6, 0xBA, 0xA3, 0x6E, 0x41, 0x24, 0x91, 0x1E, 0xB5, 0xD4, 0xDC, 0x40, 0xDA, 0x1E, 0x97, 0xB4,
    0xC1, 0x26, 0xAC, 0x56, 0x33, 0x69, 0x55, 0x51, 0xAC, 0x1F, 0x08, 0x95, 0x69, 0x9B, 0x4B, 0x24,
    0x6D, 0x8E, 0x22, 0x91, 0xA5, 0xA3, 0xEF, 0x20, 0xC3, 0x18, 0x63, 0xEE, 0xD6, 0xC0, 0xFE, 0x3B,
    0x7F, 0xCB, 0x3D, 0x01, 0x23, 0x65, 0xC7, 0x0D, 0xB6, 0xDC, 0xC5, 0xF8, 0x93, 0xCA, 0x6E, 0xA6,
    0x35, 0x50, 0x34, 0x38, 0x63, 0xF5, 0xF6, 0x8B, 0xDE, 0x9A, 0xB2, 0xC0, 0x3B, 0xD6, 0xDC, 0xF6,
    0x80, 0x43, 0x15, 0xC0, 0x50, 0xA6, 0x60, 0xE4, 0x55, 0x43, 0x60, 0x81, 0x71, 0x7F, 0x3E, 0x98,
    0x3D, 0xF5, 0xF6, 0x16, 0xD0, 0xE7, 0xEC, 0x25, 0xEC, 0x15, 0xD9, 0xC3, 0x4E, 0x92, 0xFB, 0x95,
    0x52, 0x1C, 0xC1, 0xBE, 0xFA, 0xAB, 0xF7, 0x4E, 0xBE, 0x85, 0x76, 0xBE, 0x09, 0x66, 0x6A, 0xFF,
    0xB8, 0x3E, 0xEE, 0x3E, 0xF1, 0x8F, 0x0B, 0xFE, 0xB1, 0x34, 0x1F, 0x97, 0x7E, 0x5C, 0xE2, 0x7B,
    0x99, 0xEE, 0x3A, 0xBD, 0xED, 0x62, 0x66, 0x38, 0xD1, 0x85, 0x11, 0xFF, 0x6E, 0xEC, 0x61, 0xE3,
    0x4C, 0xA3, 0x1E, 0x82, 0x99, 0x1B, 0x17, 0xEA, 0x7F, 0x6A, 0x57, 0x9A, 0x4E, 0xA6, 0xF5, 0xFE,
    0x9F, 0x6A, 0x67, 0x50, 0xF4, 0x27, 0xDD, 0x03, 0x74, 0x16, 0xAE, 0x97, 0x6C, 0xF5, 0x47, 0xD7,
    0x9B, 0x06, 0xF3, 0xB1, 0xB6, 0x3D, 0xC7, 0x7C, 0xCC, 0x6D, 0xB7, 0x31, 0x1F, 0x0D, 0x46, 0x1C,
    0x5C, 0x78, 0x91, 0xB4, 0x3F, 0xB4, 0xEF, 0x3B, 0x3C, 0x68, 0xE8, 0xE9, 0x97, 0x3B, 0xFF, 0x08,
    0x9C, 0x0F, 0xDB, 0xC0, 0x72, 0x18, 0x10, 0xF5, 0x74, 0xD8, 0x39, 0x83, 0xC1, 0x53, 0x86, 0xBB,
    0xF4, 0x71, 0xF3, 0xD7, 0xF7, 0x6C, 0xEB, 0x57, 0x71, 0x89, 0x84, 0x9B, 0xBC, 0x30, 0xDA, 0x39,
    0xC6, 0x3A, 0x87, 0x63, 0x03, 0x33, 0xD8, 0x2F, 0x80, 0x5B, 0xBD, 0x58, 0xE6, 0x70, 0x93, 0x6C,
    0x79, 0x5F, 0xCB, 0x84, 0x42, 0x56, 0x22, 0x09, 0x59, 0x09, 0x59, 0x1D, 0x27, 0xAB, 0x93, 0x36,
    0xCE, 0x4B, 0xED, 0xE3, 0xB3, 0x93, 0x59, 0xB5, 0x60, 0x3E, 0xC8, 0x2C, 0x55, 0xFF, 0xAF, 0x30,
    0x1F, 0xF3, 0xFB, 0xA4, 0x88, 0x90, 0x33, 0x3B, 0xFA, 0x91, 0xEC, 0xAF, 0x25, 0x26, 0x91, 0xBC,
    0xF1, 0xA1, 0x27, 0xE1, 0x73, 0x87, 0x38, 0xA1, 0x1F, 0x8A, 0x56, 0xC4, 0x59, 0xCA, 0x59, 0xFC,
    0x55, 0xBA, 0xBA, 0x83, 0x3D, 0x15, 0x02, 0x63, 0x02, 0x63, 0x77, 0x03, 0x63, 0x3C, 0xEA, 0x45,
    0x32, 0x67, 0x5F, 0xE0, 0x71, 0x2F, 0x52, 0x16, 0xF8, 0x82, 0x47, 0xBE, 0x98, 0x6C, 0x85, 0x1F,
    0xE7, 0x94, 0x56, 0xB0, 0x26, 0x06, 0xC1, 0x2F, 0x26, 0xD1, 0x2F, 0x78, 0xF8, 0x8B, 0x49, 0xFC,
    0x0B, 0x93, 0xC0, 0x76, 0xAB, 0xF3, 0x8D, 0x4F, 0x89, 0x62, 0x21, 0x30, 0xDE, 0x35, 0x06, 0x86,
    0xB7, 0x9F, 0x58, 0x09, 0xFA, 0xA1, 0x17, 0x9C, 0x67, 0x12, 0x5E, 0xA2, 0x84, 0xAD, 0x0C, 0xE2,
    0x4A, 0x61, 0x3A, 0xD7, 0x2D, 0x0B, 0x14, 0x64, 0x2A, 0x01, 0x1C, 0x8D, 0x51, 0x03, 0x4C, 0xD8,
    0x27, 0x2C, 0x61, 0xC5, 0x12, 0xEC, 0xD4, 0x2F, 0x75, 0x41, 0x92, 0x20, 0x09, 0x9F, 0x50, 0x42,
    0xF3, 0x2E, 0x09, 0xDB, 0x0B, 0x13, 0xEC, 0x92, 0x05, 0xA2, 0x1A, 0x4F, 0x58, 0xD9, 0x55, 0x4F,
    0x02, 0x6C, 0x09, 0x2C, 0x81, 0xDB, 0x15, 0x08, 0xC4, 0x36, 0xBF, 0xD2, 0x18, 0xC8, 0xCD, 0x22,
    0x1B, 0x81, 0x37, 0x6B, 0xE6, 0x28, 0xBF, 0x25, 0x1C, 0xE1, 0x12, 0x4E, 0x71, 0x09, 0x07, 0xB9,
    0x84, 0xB3, 0x5C, 0xC2, 0x71, 0x2E, 0x99, 0x10, 0xDD, 0x04, 0xEA, 0x26, 0x5C, 0x37, 0x45, 0xBB,
    0x09, 0xDD, 0x4D, 0x01, 0xEF, 0x82, 0xD9, 0x33, 0xF4, 0x3F, 0x15, 0xB5, 0xAA, 0xA7, 0xE0, 0x68,
    0x3A, 0xEA, 0x22, 0x9E, 0x41, 0x46, 0x30, 0xD8, 0x9E, 0x2B, 0x5C, 0xCD, 0x8D, 0xE7, 0x2F, 0xC7,
    0x02, 0xFD, 0x40, 0xDC, 0x16, 0xD9, 0xAB, 0x81, 0x25, 0x55, 0xE0, 0x4E, 0xF0, 0xA4, 0x57, 0x07,
    0x8E, 0xE5, 0x97, 0x37, 0xF7, 0x25, 0x19, 0x6C, 0x09, 0x99, 0x81, 0x54, 0x80, 0xA3, 0xAC, 0x71,
    0x07, 0x3E, 0xEE, 0xE7, 0x3F, 0x10, 0x2A, 0x34, 0x0D, 0x15, 0x61, 0xC4, 0xD4, 0x0D, 0x95, 0x5A,
    0x2A, 0x6D, 0x13, 0x2A, 0x2D, 0xA8, 0xB4, 0x4F, 0x1E, 0x52, 0xDA, 0x89, 0x74, 0x2B, 0xD2, 0xE2,
    0x88, 0x54, 0x3A, 0x69, 0x19, 0xB7, 0x2C, 0x24, 0x04, 0x48, 0xED, 0x2E, 0x0A, 0xB2, 0xDF, 0x80,
    0x60, 0x69, 0xB0, 0x35, 0xA9, 0x5B, 0x93, 0x26, 0x70, 0x6A, 0x0D, 0x93, 0xE7, 0x53, 0xD7, 0xDD,
    0x1C, 0xA2, 0x46, 0x1B, 0xB1, 0x75, 0xE4, 0x43, 0x40, 0xD5, 0x9B, 0x8B, 0x83, 0xA7, 0x22, 0x8A,
    0xAB, 0x09, 0x10, 0x6B, 0x72, 0x8D, 0x19, 0xC4, 0xCF, 0x27, 0x93, 0x4B, 0x1B, 0xBE, 0x4E, 0xCF,
    0x71, 0x6D, 0x0A, 0x90, 0x0C, 0x5A, 0x27, 0xA1, 0x3A, 0x26, 0xB1, 0x3A, 0xA6, 0xC1, 0x3A, 0xA6,
    0xEF, 0x13, 0x9F, 0x86, 0xEB, 0x98, 0xBE, 0x51, 0x7C, 0xF2, 0x4A, 0xF1, 0xE9, 0x3B, 0xC5, 0x2F,
    0x7F, 0xA9, 0xB8, 0x70, 0xAB, 0x24, 0x48, 0x82, 0x70, 0xAB, 0x70, 0xEB, 0x3D, 0x72, 0x6B, 0xB4,
    0xA8, 0xE0, 0x24, 0x1A, 0x16, 0xD2, 0x7F, 0x00, 0x3B, 0x7F, 0x40, 0x87, 0xB3, 0x01, 0x89, 0x58,
    0xE6, 0x0E, 0x42, 0xDD, 0xA7, 0x10, 0x00, 0xC4, 0xEE, 0xD4, 0x6B, 0x61, 0x36, 0x05, 0x22, 0xD0,
    0xC1, 0x0E, 0xE4, 0x39, 0x3A, 0x1B, 0x7C, 0x1D, 0x6E, 0x7A, 0x23, 0xAF, 0x22, 0xDC, 0x2A, 0xDC,
    0x2A, 0xDC, 0xFA, 0x5E, 0xDC, 0xFA, 0x64, 0x32, 0xB7, 0xBA, 0xE5, 0x13, 0xFD, 0x93, 0x77, 0x86,
    0x4C, 0x27, 0x57, 0x11, 0x1F, 0x79, 0x60, 0x91, 0xC9, 0xF2, 0x72, 0x32, 0x0D, 0x1D, 0x32, 0x4D,
    0xE0, 0xC1, 0x44, 0x26, 0x2F, 0xD6, 0x9E, 0xBC, 0x59, 0x1B, 0x17, 0x9C, 0x27, 0x6B, 0xCE, 0xC9,
    0x34, 0xC2, 0xC8, 0x91, 0x72, 0xF1, 0x7B, 0x5E, 0x7F, 0xFD, 0x59, 0xC8, 0x56, 0x12, 0x24, 0x41,
    0xC8, 0x56, 0xC8, 0xF6, 0x56, 0xC9, 0xF6, 0xA4, 0x85, 0x09, 0xD8, 0x3D, 0x2E, 0xE3, 0x2D, 0x2F,
    0x98, 0x73, 0x4D, 0x70, 0x6A, 0x84, 0xAC, 0xC3, 0xF3, 0xA5, 0x78, 0x5C, 0x82, 0x9F, 0x48, 0x18,
    0xF3, 0x0A, 0xFD, 0x45, 0x0D, 0x2E, 0x8A, 0xBE, 0xE1, 0x9A, 0xAE, 0xCF, 0xE3, 0x12, 0x3D, 0xAE,
    0xD2, 0xE3, 0x42, 0xFD, 0xF5, 0xD6, 0xEA, 0x85, 0x7A, 0x85, 0x7A, 0x85, 0x7A, 0xDF, 0x83, 0x7A,
    0x79, 0x18, 0x14, 0xFE, 0x6A, 0xEA, 0xC9, 0xBB, 0xA9, 0x27, 0x2F, 0xA7, 0x9E, 0x84, 0x42, 0x99,
    0xC4, 0x42, 0x99, 0xBC, 0x9F, 0xFA, 0xF8, 0x0B, 0xAA, 0x1F, 0x22, 0x1C, 0x8A, 0x10, 0xAB, 0x24,
    0x48, 0x82, 0x10, 0xAB, 0x10, 0xEB, 0x9D, 0x10, 0x2B, 0xBC, 0x65, 0xCE, 0x84, 0xD8, 0xD2, 0xE2,
    0x3F, 0x22, 0xA2, 0x9E, 0x07, 0xA2, 0x2C, 0xC0, 0x65, 0x94, 0x70, 0xFA, 0x19, 0xA5, 0x7C, 0x3F,
    0xFA, 0x12, 0xD7, 0xC0, 0xB3, 0xC1, 0x3B, 0xD1, 0xFB, 0xF6, 0x22, 0x42, 0x9E, 0x42, 0x9E, 0x42,
    0x9E, 0xB7, 0xB2, 0x4F, 0x40, 0xD0, 0x4B, 0x12, 0x24, 0x41, 0xD0, 0x4B, 0xD0, 0xEB, 0xCE, 0x96,
    0xC1, 0xDF, 0xFD, 0x3A, 0x63, 0xD1, 0xEB, 0x52, 0xBE, 0x35, 0x2B, 0x7B, 0x24, 0x09, 0xEC, 0xA4,
    0x74, 0x12, 0x0F, 0x4B, 0x0B, 0xB8, 0x09, 0xB8, 0x09, 0xB8, 0xDD, 0xDD, 0x06, 0xCF, 0x6B, 0x5E,
    0x18, 0x50, 0xAA, 0x01, 0xC6, 0x7B, 0x58, 0xE9, 0x48, 0xE8, 0x28, 0x62, 0x21, 0x70, 0x21, 0x1D,
    0x17, 0x2C, 0x92, 0x12, 0x23, 0x0A, 0x96, 0xB8, 0x1B, 0xBD, 0xC6, 0x8D, 0xAC, 0x0D, 0x6E, 0x63,
    0x2D, 0xD9, 0x26, 0xD6, 0x39, 0xAE, 0xD3, 0x8C, 0x26, 0x7E, 0x48, 0x60, 0x51, 0x67, 0x0F, 0xEB,
    0x3F, 0xFC, 0xDD, 0x73, 0x68, 0x00, 0x2B, 0x66, 0x0F, 0xBF, 0x4A, 0x1E, 0xF0, 0xA2, 0xFB, 0x9E,
    0x0A, 0xB5, 0xEF, 0x61, 0xBA, 0x78, 0x47, 0x22, 0xB6, 0x19, 0x82, 0xA8, 0x48, 0xB5, 0x74, 0x63,
    0x40, 0xC0, 0x25, 0xF1, 0xEE, 0xD1, 0x93, 0x8F, 0xBE, 0x3D, 0xFA, 0x71, 0xEB, 0xD9, 0x63, 0x1D,
    0x16, 0x96, 0xE8, 0x77, 0x31, 0x1F, 0x1A, 0x1B, 0xAE, 0x71, 0xA1, 0x10, 0x5B, 0x9F, 0xCF, 0x8A,
    0x46, 0x86, 0x1B, 0x3F, 0x84, 0x9C, 0x32, 0xEB, 0xE5, 0x7D, 0x4E, 0x33, 0x1F, 0x76, 0x71, 0x1B,
    0xF3, 0x89, 0x61, 0x13, 0x5D, 0x84, 0xAD, 0xDA, 0x51, 0x85, 0x1B, 0x85, 0xF8, 0x9C, 0xDC, 0x41,
    0x89, 0xDC, 0xE5, 0xE4, 0xFE, 0x71, 0x91, 0xC0, 0x32, 0xF7, 0x25, 0x97, 0x53, 0x88, 0xE2, 0x35,
    0x86, 0xAD, 0x4B, 0x0A, 0xE4, 0x93, 0x10, 0xD2, 0xCA, 0xC6, 0xB7, 0x6B, 0x08, 0xCE, 0xB4, 0xE4,
    0x40, 0x86, 0xCD, 0x29, 0xE8, 0x65, 0x66, 0x72, 0xCA, 0x28, 0x2E, 0xAD, 0x9D, 0x2F, 0x70, 0x39,
    0xED, 0x62, 0x3E, 0x36, 0xA7, 0x18, 0x3A, 0x6B, 0xCC, 0x29, 0x06, 0xDC, 0x32, 0xD5, 0xB5, 0x88,
    0x01, 0xBC, 0xC6, 0x60, 0x7D, 0xA4, 0xE5, 0x74, 0x26, 0xFF, 0xA1, 0xA1, 0x00, 0x15, 0xEA, 0x6F,
    0x87, 0xDA, 0xDE, 0xE0, 0x92, 0x65, 0x89, 0xBA, 0x5F, 0x28, 0xBA, 0xBC, 0xE9, 0xDC, 0x2A, 0xED,
    0x19, 0x07, 0x54, 0xB6, 0x1D, 0x9A, 0x9A, 0xCB, 0xC4, 0x5A, 0xC4, 0x0F, 0x4D, 0xAC, 0xD4, 0xE6,
    0xB8, 0x95, 0x29, 0xE8, 0xE9, 0x1F, 0x78, 0x65, 0x12, 0xBC, 0x89, 0x17, 0x66, 0x0C, 0x1B, 0x8A,
    0xD1, 0x0D, 0x55, 0xBB, 0x9A, 0xBE, 0xE4, 0x77, 0xD4, 0xD7, 0x0D, 0xD8, 0xE6, 0xD7, 0xC4, 0x12,
    0x93, 0x02, 0xE6, 0xA0, 0x7E, 0x68, 0x95, 0xE7, 0x50, 0xF0, 0xBF, 0xDC, 0xA3, 0x01, 0x8E, 0x9B,
    0x5D, 0x2B, 0x45, 0x66, 0x46, 0x1A, 0x2A, 0x74, 0x4A, 0xFF, 0xD1, 0xF7, 0x49, 0xDD, 0x57, 0x63,
    0x9C, 0xBC, 0xD1, 0x2A, 0xEC, 0x7D, 0xBF, 0xDE, 0x9A, 0x67, 0x8C, 0xFC, 0x1C, 0xE2, 0xE4, 0x99,
    0x48, 0x8A, 0x21, 0x4E, 0x5E, 0x61, 0x32, 0xF4, 0xBD, 0xB6, 0x34, 0xFF, 0xFA, 0xD0, 0x85, 0xB5,
    0xF9, 0x86, 0x3F, 0x56, 0xD1, 0x98, 0xA6, 0xF0, 0x45, 0x18, 0x63, 0x3A, 0xFA, 0xD6, 0xED, 0x0F,
    0x01, 0x9D, 0x5C, 0xF4, 0x46, 0x67, 0x98, 0xD2, 0xB1, 0x8C, 0x2E, 0x54, 0x9F, 0x0D, 0xE9, 0xEB,
    0x8A, 0x60, 0x69, 0x3E, 0xB5, 0xCD, 0xEB, 0x60, 0x5E, 0xB9, 0x01, 0xE2, 0xD2, 0x9A, 0xB7, 0xE5,
    0x98, 0xC3, 0x32, 0x98, 0x7C, 0x5D, 0x9A, 0x36, 0x9A, 0x69, 0x37, 0xD1, 0x64, 0x8B, 0xD0, 0x1D,
    0x88, 0x3D, 0x77, 0xE5, 0xB0, 0x45, 0x70, 0xC2, 0xF8, 0xD6, 0xB1, 0xCC, 0x15, 0x77, 0x2C, 0x82,
    0x1F, 0x4E, 0xA4, 0x46, 0xC8, 0xBD, 0xA5, 0x34, 0x55, 0x52, 0x78, 0xFB, 0x65, 0x8A, 0x50, 0x7A,
    0xC1, 0x58, 0xE9, 0xDA, 0x2B, 0xA3, 0x29, 0x42, 0x98, 0xE9, 0x32, 0x63, 0xE3, 0xEE, 0x10, 0xAC,
    0xE1, 0x36, 0xE9, 0xF7, 0xC1, 0x16, 0xEE, 0x62, 0x30, 0x4B, 0x5D, 0x84, 0x34, 0x34, 0x99, 0xF6,
    0x17, 0x71, 0x3C, 0x93, 0x1A, 0x0E, 0x5C, 0x45, 0x93, 0xF8, 0x87, 0xA8, 0xD8, 0xBD, 0xFA, 0x77,
    0xB4, 0xA6, 0x1D, 0x7B, 0x7B, 0xB5, 0x82, 0x85, 0xDD, 0x04, 0xE7, 0xC7, 0xA2, 0x39, 0x06, 0x7D,
    0xDF, 0x52, 0xCB, 0xBC, 0xA6, 0x76, 0x19, 0x76, 0xA1, 0x0C, 0x54, 0x58, 0xD2, 0xA1, 0xD5, 0x82,
    0x0A, 0x60, 0xC9, 0xA9, 0xB0, 0xBF, 0x60, 0xB4, 0x07, 0xE1, 0x3C, 0x21, 0xC6, 0x73, 0x89, 0xB1,
    0x3D, 0x07, 0xEA, 0x7E, 0x96, 0xB4, 0x9C, 0x2D, 0xE9, 0xB0, 0x8A, 0x78, 0x19, 0x52, 0xD1, 0xA4,
    0xFF, 0x17, 0x74, 0xB4, 0x5E, 0x50, 0x8C, 0x2B, 0xA8, 0x57, 0xCB, 0xE1, 0xA4, 0xE2, 0xD9, 0x9B,
    0x56, 0xE8, 0x48, 0xE8, 0x48, 0xE8, 0x48, 0xC4, 0x87, 0xA1, 0xA3, 0xF7, 0xBE, 0x20, 0x28, 0x2C,
    0x8B, 0xD0, 0xFA, 0x68, 0xC4, 0x10, 0x2A, 0x56, 0x88, 0x47, 0x88, 0xE7, 0x93, 0x24, 0x9E, 0x34,
    0x74, 0xD3, 0xCA, 0x44, 0x27, 0x8B, 0xBA, 0xBE, 0x0C, 0x82, 0x51, 0x98, 0x20, 0x18, 0xE2, 0x29,
    0x9D, 0x4B, 0x1D, 0x89, 0xC7, 0x0A, 0x8E, 0x78, 0xAC, 0xE0, 0x88, 0x87, 0x08, 0x2D, 0x11, 0xB6,
    0x49, 0xFC, 0x8D, 0x21, 0x1E, 0x77, 0x6B, 0x4B, 0x3C, 0xE9, 0x77, 0x71, 0x47, 0x46, 0x8A, 0x9B,
    0x33, 0xA0, 0x1A, 0xE2, 0xAA, 0x4A, 0x68, 0x99, 0x1D, 0x9B, 0x3C, 0xA3, 0x56, 0xEE, 0xFC, 0x4B,
    0x2A, 0x96, 0x6D, 0xCA, 0xE2, 0xC3, 0xB3, 0x35, 0x64, 0x2E, 0xB6, 0xB8, 0x26, 0x80, 0xC3, 0x48,
    0x75, 0xD9, 0x44, 0x5A, 0xB7, 0xC1, 0x65, 0x87, 0x15, 0xDE, 0x09, 0xF3, 0x61, 0xEB, 0xD4, 0xBF,
    0x95, 0x79, 0x37, 0x21, 0x4B, 0x21, 0x4B, 0xA1, 0xB4, 0x8F, 0x80, 0x2C, 0x4F, 0x5E, 0xC0, 0x5A,
    0x45, 0x4B, 0xBD, 0xE8, 0x8A, 0x98, 0x78, 0xA2, 0x6D, 0x1D, 0xD5, 0xC4, 0xE6, 0xC7, 0x79, 0xD4,
    0xD2, 0xCF, 0xB4, 0x6E, 0x81, 0x55, 0xBD, 0x48, 0x00, 0x53, 0x0D, 0xBF, 0x81, 0xF9, 0xBE, 0x86,
    0x16, 0x9C, 0x9E, 0x46, 0x81, 0xC3, 0x28, 0x33, 0x70, 0x03, 0xB0, 0xA0, 0xFC, 0xB5, 0xCC, 0xC8,
    0x09, 0x9F, 0x0A, 0x9F, 0x7E, 0x5A, 0x33, 0x72, 0x5F, 0x7C, 0x43, 0xA5, 0x7C, 0x9C, 0xE2, 0xFF,
    0x8C, 0xB4, 0xC4, 0xA1, 0x0D, 0xB6, 0xC8, 0xBF, 0x01, 0xB2, 0x25, 0x25, 0x53, 0xD4, 0xDB, 0x53,
    0x51, 0xE3, 0x66, 0x4A, 0xF7, 0xF3, 0x6C, 0xC3, 0xDB, 0x60, 0xC2, 0xF5, 0xE4, 0x65, 0xF2, 0xA1,
    0x5E, 0xC2, 0x98, 0xC2, 0x98, 0xC2, 0x98, 0x22, 0xDE, 0x3E, 0x63, 0xBE, 0x7A, 0x0D, 0x6A, 0xA2,
    0xA5, 0x5F, 0x07, 0xAA, 0x3C, 0xB4, 0xD9, 0x01, 0x4C, 0xEF, 0x15, 0x42, 0x76, 0x68, 0x4F, 0xA3,
    0x96, 0x6E, 0x46, 0xB7, 0x32, 0x7C, 0x48, 0xF6, 0x57, 0x78, 0x51, 0x78, 0x51, 0x78, 0xF1, 0xB1,
    0xF0, 0xE2, 0xFF, 0x01, 0xED, 0x59, 0x3D, 0x92, 0xDB, 0x36, 0x14, 0x06, 0xC5, 0x59, 0x6B, 0x26,
    0x2C, 0xD8, 0x64, 0x8B, 0x24, 0x05, 0xFB, 0x34, 0x3C, 0x02, 0x79, 0x84, 0x2D, 0xAC, 0x34, 0x29,
    0xD2, 0xBB, 0xF1, 0x11, 0xA8, 0x23, 0x6C, 0xE3, 0x1B, 0xD8, 0x33, 0x1E, 0xB9, 0x70, 0x9B, 0x71,
    0x43, 0x1E, 0x41, 0xB9, 0x81, 0x0A, 0x37, 0x99, 0x14, 0x61, 0xA1, 0x82, 0xF6, 0x50, 0x44, 0xF0,
    0xBD, 0x87, 0x07, 0x02, 0x22, 0xAD, 0xD5, 0xFE, 0xF9, 0x6F, 0x42, 0x8F, 0xA9, 0x07, 0x02, 0x78,
    0xF8, 0xDE, 0x2F, 0x1E, 0xB0, 0x95, 0xC6, 0xB3, 0xA3, 0xB7, 0x6E, 0x4F, 0xFD, 0xD4, 0xF4, 0xB3,
    0x55, 0xC1, 0xC3, 0x1F, 0xED, 0xB3, 0xD3, 0x0F, 0xD2, 0x7A, 0xB6, 0xF1, 0x9E, 0xF5, 0xEC, 0x62,
    0x83, 0xBE, 0x1B, 0x39, 0xB2, 0x7E, 0xAD, 0xA6, 0x4F, 0x20, 0xCC, 0xF1, 0xDC, 0xC7, 0x78, 0x86,
    0x40, 0xD4, 0x6F, 0x01, 0x57, 0x5D, 0xAA, 0x48, 0x2B, 0x15, 0x0F, 0x4A, 0x25, 0xBD, 0x52, 0x69,
    0xA7, 0x54, 0xB1, 0x57, 0xAA, 0x6A, 0x95, 0x32, 0xAE, 0xB1, 0xD0, 0x8D, 0x8A, 0x75, 0xA9, 0x52,
    0x33, 0x24, 0x33, 0x43, 0x0A, 0xFD, 0xDA, 0x80, 0x3F, 0x28, 0x7D, 0xC3, 0x7F, 0x8C, 0x91, 0x27,
    0xD5, 0xBA, 0x39, 0xE3, 0xFF, 0xFA, 0x49, 0x6D, 0x16, 0xC9, 0xB1, 0x88, 0xC1, 0x51, 0x19, 0x0C,
    0x35, 0x30, 0x34, 0x06, 0xC3, 0xDA, 0x60, 0x30, 0xF0, 0x0C, 0xCB, 0xD4, 0x74, 0xE5, 0xE6, 0x73,
    0xB1, 0x33, 0xFF, 0x1B, 0xE6, 0x9F, 0x98, 0xB9, 0x67, 0xAE, 0x51, 0xAA, 0x1C, 0x6B, 0x18, 0x26,
    0x45, 0x67, 0xF9, 0x6F, 0x8D, 0xF8, 0x0D, 0xF1, 0x5F, 0x0E, 0xCC, 0x3F, 0x33, 0x4B, 0x17, 0x58,
    0xC3, 0x44, 0xC6, 0x4F, 0xA1, 0xD9, 0x4A, 0x33, 0xA2, 0x25, 0x7D, 0x01, 0x01, 0x74, 0xA6, 0xAA,
    0x2D, 0xE9, 0x0D, 0x40, 0xA1, 0xBB, 0x85, 0x59, 0x03, 0xFA, 0x03, 0x43, 0xE8, 0x30, 0x3D, 0xD0,
    0x1A, 0x2A, 0xEB, 0x49, 0x97, 0x58, 0x17, 0xFA, 0xC4, 0xDA, 0xD0, 0xA9, 0xD2, 0x3B, 0xD2, 0x6B,
    0x6C, 0xC6, 0x40, 0xB7, 0x4B, 0xFD, 0xB1, 0x84, 0xEE, 0x80, 0x57, 0xDF, 0xF3, 0x57, 0xF8, 0x1C,
    0x3B, 0x1F, 0xBE, 0x2D, 0xB4, 0xEE, 0x1E, 0xE0, 0x77, 0x6D, 0x7E, 0xF7, 0x64, 0xB7, 0x37, 0x46,
    0x90, 0x9C, 0x04, 0x69, 0xC8, 0x7E, 0xB1, 0x31, 0x1A, 0x6C, 0x98, 0x68, 0xD6, 0x33, 0xE9, 0xA1,
    0x21, 0xDD, 0xC3, 0x9E, 0x50, 0x30, 0x54, 0xA4, 0xAA, 0x1D, 0xD9, 0x95, 0xD4, 0x67, 0xA6, 0x45,
    0x30, 0x51, 0xCB, 0xEA, 0x83, 0x8D, 0x97, 0x3D, 0xDB, 0x39, 0xE9, 0x46, 0xFC, 0xB0, 0x77, 0x64,
    0xD6, 0x7D, 0x20, 0x39, 0xC0, 0xA7, 0x34, 0xFC, 0x5A, 0xF2, 0x0D, 0x18, 0x22, 0xEF, 0xAD, 0x1C,
    0x66, 0xD1, 0xA5, 0xE0, 0x1F, 0x9C, 0x1D, 0x23, 0xB2, 0xE3, 0xDE, 0xE2, 0x6F, 0xC9, 0x6F, 0x46,
    0xFC, 0x6B, 0xF2, 0x9F, 0x85, 0x66, 0x1F, 0x8A, 0x0F, 0xEC, 0x47, 0x70, 0x11, 0xF8, 0xD2, 0xE2,
    0x7A, 0x92, 0x0B, 0x0A, 0xB3, 0xF2, 0xF9, 0xE4, 0x6E, 0x86, 0xCC, 0x6F, 0x26, 0xB7, 0x33, 0x64,
    0x76, 0x33, 0xD9, 0xCC, 0x90, 0xE9, 0xA3, 0x91, 0xEB, 0x23, 0x52, 0x0F, 0x9B, 0x55, 0xA6, 0xFF,
    0xFA, 0x6D, 0xA3, 0xBB, 0x31, 0x93, 0xF5, 0xB7, 0x25, 0xFF, 0x35, 0xFF, 0x0C, 0xF9, 0xEE, 0x45,
    0x69, 0x8C, 0x59, 0xAA, 0x8B, 0x67, 0x7F, 0x82, 0x37, 0x48, 0xFB, 0xCC, 0x93, 0xC9, 0xAD, 0xC8,
    0xF5, 0x5D, 0xC8, 0xF4, 0x66, 0xB2, 0xF9, 0x4A, 0xC9, 0xEC, 0x56, 0xE4, 0xF6, 0x2E, 0x64, 0x7E,
    0x33, 0xB9, 0xBB, 0x27, 0x59, 0xDC, 0x4C, 0xB6, 0xF7, 0x24, 0x7F, 0xDE, 0x5C, 0xCF, 0xEC, 0xFF,
    0x5F, 0x73, 0xCC, 0x7F, 0xD9, 0xF0, 0x5F, 0x5D, 0x59, 0xF2, 0xF2, 0x29, 0x82, 0xF7, 0xAD, 0xFE,
    0xE7, 0x2E, 0x31, 0xEF, 0xC8, 0xE1, 0xD5, 0x1F, 0xFA, 0xC5, 0xC6, 0x90, 0x4F, 0x25, 0xBA, 0xA3,
    0xAB, 0xB3, 0xC2, 0xFF, 0xBB, 0x22, 0xF5, 0x66, 0x45, 0xE9, 0x6A, 0xF5, 0xE6, 0x3E, 0x89, 0x54,
    0xC8, 0x8F, 0xAF, 0xAE, 0x8C, 0xDD, 0x2E, 0x9F, 0xD5, 0xDD, 0x67, 0x4A, 0x57, 0x77, 0x4C, 0x2B,
    0x77, 0xCC, 0x1A, 0xF7, 0xCF, 0x04, 0x41, 0xCC, 0xFF, 0xA2, 0xAF, 0x51, 0xEF, 0xA3, 0xEC, 0xD3,
    0x1A, 0xB5, 0x97, 0x6E, 0x72, 0x9C, 0x89, 0x0A, 0x39, 0x81, 0x75, 0x4E, 0xC1, 0xDE, 0x8B, 0x3A,
    0x2A, 0xF3, 0xDA, 0xD3, 0xB8, 0x0C, 0xE7, 0x34, 0x53, 0xF7, 0x50, 0xC1, 0x65, 0xCA, 0x8D, 0x4A,
    0x9B, 0x1A, 0xE3, 0xC9, 0xBB, 0x52, 0x5D, 0x22, 0x5E, 0x54, 0xB4, 0x5A, 0x61, 0xA9, 0x8B, 0xD5,
    0x55, 0x8D, 0x0E, 0x63, 0x76, 0x32, 0x4A, 0x01, 0x66, 0x1D, 0x57, 0x4C, 0xCD, 0x97, 0x6A, 0x5B,
    0x3C, 0xB6, 0x5D, 0x91, 0x96, 0x62, 0x4D, 0x7E, 0x59, 0xD0, 0x60, 0xF5, 0xA3, 0x3A, 0xF5, 0x3C,
    0xD7, 0x1F, 0x1C, 0x1D, 0x8F, 0x9E, 0x3D, 0xD6, 0x82, 0xA3, 0x69, 0xA9, 0xA0, 0x0E, 0x1E, 0x68,
    0xB0, 0x77, 0xAE, 0x71, 0x38, 0xEA, 0x5D, 0x90, 0x43, 0x0B, 0xCB, 0xA2, 0x9B, 0xF2, 0xDE, 0x8C,
    0xDC, 0x47, 0xF3, 0x7A, 0x2E, 0x93, 0x92, 0x78, 0xB0, 0xC0, 0xF1, 0x31, 0xDA, 0x2C, 0x8D, 0x83,
    0x55, 0x2F, 0xC0, 0xD7, 0x47, 0xDD, 0x74, 0x3E, 0xAA, 0x86, 0x4F, 0x00, 0x5F, 0x10, 0xDF, 0xDC,
    0x62, 0x9B, 0x00, 0x8F, 0x09, 0x8C, 0x44, 0xC8, 0x0C, 0xF0, 0xC6, 0xBD, 0x67, 0x80, 0xF3, 0xBC,
    0x98, 0x7D, 0x7B, 0x0A, 0x3C, 0xA3, 0x55, 0x17, 0x3C, 0x6D, 0x0A, 0x3C, 0xD7, 0x3C, 0xAD, 0x9D,
    0xD7, 0x78, 0xC1, 0x5F, 0x58, 0x2F, 0x13, 0xE0, 0xAA, 0x60, 0x89, 0xD9, 0xF0, 0x13, 0xE0, 0xAA,
    0xE0, 0x09, 0xAC, 0xB6, 0x09, 0x70, 0x55, 0x71, 0x77, 0xDD, 0xCF, 0x02, 0x57, 0x55, 0x3F, 0x76,
    0x4F, 0x81, 0x07, 0xDD, 0x53, 0xE0, 0x41, 0xF7, 0x14, 0x78, 0xD0, 0x3D, 0x05, 0x1E, 0x74, 0x4F,
    0x81, 0xFB, 0xDD, 0x33, 0xC0, 0x7D, 0xC1, 0x66, 0x80, 0xFB, 0x6A, 0x99, 0x01, 0xEE, 0x2B, 0x75,
    0x06, 0xB8, 0x6F, 0x92, 0x19, 0xE0, 0xBE, 0x41, 0x67, 0x80, 0x5B, 0x77, 0x80, 0xC7, 0xCD, 0x01,
    0xF7, 0x9C, 0x69, 0x0E, 0xB8, 0xE7, 0x8A, 0x73, 0xC0, 0x3D, 0x47, 0x9E, 0x03, 0x6E, 0xC3, 0xA0,
    0xC0, 0x91, 0x1A, 0xC0, 0x2F, 0xAE, 0xA4, 0xE3, 0xE2, 0xE9, 0x18, 0x44, 0xF5, 0xC0, 0xC0, 0x13,
    0x17, 0xAB, 0x26, 0xAE, 0xDF, 0x4B, 0x08, 0x2E, 0x74, 0xCF, 0xC0, 0x6B, 0x4A, 0x9C, 0x92, 0x14,
    0x4A, 0x12, 0x7C, 0x6F, 0xA4, 0x6B, 0xE9, 0xA8, 0xB7, 0x74, 0x37, 0x61, 0x94, 0x14, 0x5A, 0x9B,
    0x5A, 0xF0, 0x0D, 0xC0, 0x91, 0xB1, 0xD9, 0xA5, 0x91, 0xC0, 0x69, 0xD9, 0xC8, 0x26, 0x0F, 0x00,
    0xD7, 0xFA, 0xEF, 0xE7, 0x7C, 0xE1, 0x51, 0xE8, 0x0F, 0xBF, 0x4B, 0x72, 0xA3, 0x5C, 0x58, 0xE0,
    0xBC, 0x0B, 0x84, 0xF4, 0x11, 0xEF, 0x8A, 0x54, 0xB2, 0xE4, 0xF5, 0xCC, 0x4A, 0x4B, 0x30, 0xCE,
    0xF1, 0x71, 0xC1, 0x06, 0x6E, 0xD9, 0x2A, 0xEF, 0xD9, 0x55, 0x48, 0xC1, 0x09, 0x82, 0x75, 0xA9,
    0xE9, 0x60, 0xDC, 0x79, 0xDA, 0x6B, 0x38, 0x47, 0xC4, 0x60, 0xC1, 0x96, 0x18, 0xD3, 0x1D, 0x01,
    0x67, 0xDB, 0xE3, 0x63, 0x46, 0xE6, 0x91, 0x8C, 0x63, 0x7D, 0x9C, 0xDC, 0x55, 0xD5, 0x07, 0x19,
    0x58, 0x8C, 0x46, 0xC2, 0x21, 0x9E, 0x99, 0xC1, 0xBD, 0x78, 0x5E, 0x36, 0xE6, 0xDF, 0x1A, 0xFE,
    0xB0, 0x97, 0x39, 0xCC, 0x67, 0x2C, 0x05, 0x22, 0xBA, 0x3A, 0x6A, 0x65, 0x0E, 0xF3, 0x49, 0xDC,
    0xDE, 0x1D, 0xD3, 0x8D, 0x8B, 0xCD, 0x20, 0xA5, 0xCD, 0x06, 0x4B, 0xD7, 0x9D, 0x68, 0x97, 0x9E,
    0x52, 0x1C, 0xF5, 0xF7, 0x3C, 0x67, 0xEB, 0x01, 0xB7, 0x2D, 0x23, 0x73, 0x24, 0x89, 0x6A, 0xE7,
    0x01, 0x5F, 0x72, 0x77, 0x82, 0x03, 0xFE, 0x51, 0x37, 0x0E, 0xF3, 0x76, 0xA9, 0x99, 0xEE, 0x88,
    0x15, 0x7D, 0xD4, 0xBD, 0x90, 0xC0, 0x00, 0xF0, 0x13, 0xDD, 0x00, 0x7E, 0xA2, 0x1B, 0x17, 0x3D,
    0x27, 0xBA, 0x01, 0xFC, 0x04, 0x34, 0x00, 0xFF, 0xB4, 0x60, 0x04, 0x7C, 0x4E, 0x2D, 0xDB, 0x11,
    0xB8, 0xA7, 0x54, 0x15, 0x2A, 0x95, 0x80, 0x8B, 0x49, 0xB2, 0x89, 0x49, 0x08, 0xB8, 0x00, 0x45,
    0xBE, 0xD0, 0xBD, 0x5F, 0xA2, 0x11, 0x70, 0x83, 0xA0, 0x13, 0x77, 0xE0, 0x74, 0x26, 0xEE, 0x50,
    0xB7, 0x5E, 0x52, 0x87, 0x23, 0x71, 0xBE, 0xB2, 0xBB, 0x5B, 0x64, 0x05, 0xA8, 0x0F, 0x32, 0x28,
    0xF7, 0x5D, 0x31, 0x96, 0x35, 0xB4, 0x2C, 0xC1, 0x25, 0x20, 0x0F, 0xB7, 0xC0, 0x31, 0x67, 0x6D,
    0xF1, 0x27, 0x10, 0x49, 0x36, 0xDE, 0xCC, 0x6D, 0xB0, 0x3B, 0xFB, 0xA2, 0x50, 0x89, 0xED, 0xB6,
    0x5D, 0xF4, 0x52, 0x26, 0x77, 0x8A, 0xE3, 0x32, 0x42, 0xAC, 0x66, 0x02, 0xA9, 0x15, 0xA7, 0xD0,
    0xEB, 0x27, 0x5A, 0xF3, 0xC5, 0xED, 0x36, 0xB2, 0x57, 0x6A, 0x91, 0x73, 0xA9, 0x4A, 0x4B, 0x99,
    0x41, 0x79, 0x22, 0x04, 0x0E, 0x76, 0x36, 0xA3, 0x70, 0x4A, 0xE9, 0x8F, 0x6E, 0x0F, 0x50, 0x17,
    0xB2, 0xA6, 0xA2, 0xF1, 0x3A, 0x3E, 0x1D, 0xFC, 0x1A, 0xA6, 0x73, 0x8C, 0x86, 0x20, 0xFF, 0xD1,
    0xA4, 0x7A, 0x10, 0x4E, 0x6F, 0xF5, 0xB5, 0x5F, 0xDB, 0x20, 0x25, 0x1B, 0x76, 0xB1, 0xE6, 0xFC,
    0x56, 0x62, 0x79, 0x68, 0x01, 0xD7, 0x9C, 0x9C, 0x11, 0x3A, 0x4E, 0x82, 0x5C, 0xBB, 0x16, 0x58,
    0x9A, 0x94, 0x50, 0x03, 0x0E, 0x89, 0x81, 0xB1, 0x11, 0x32, 0x1B, 0xA5, 0xA6, 0x05, 0xEB, 0xAE,
    0xB5, 0x8E, 0xB4, 0xE4, 0xCC, 0xB4, 0xE6, 0x20, 0xE6, 0x04, 0x4F, 0x69, 0x3C, 0x77, 0x7B, 0x24,
    0xAE, 0xC0, 0xD4, 0x45, 0x79, 0x5C, 0x75, 0xED, 0x04, 0xD8, 0x96, 0xC0, 0xE1, 0x45, 0x25, 0x2B,
    0x50, 0x12, 0xC8, 0x84, 0x4B, 0x65, 0x46, 0x9B, 0x02, 0x00, 0x10, 0x67, 0x82, 0x3A, 0x17, 0xE4,
    0x16, 0x78, 0xCB, 0x95, 0x3A, 0x24, 0x20, 0x01, 0xF0, 0xAA, 0x45, 0x12, 0xCA, 0xBC, 0xE0, 0xE5,
    0x24, 0x12, 0xA9, 0x22, 0x16, 0x0A, 0x19, 0xBA, 0x63, 0xE9, 0xAC, 0x70, 0xED, 0x28, 0x25, 0x05,
    0x1C, 0x24, 0x4D, 0x44, 0xDA, 0x54, 0x24, 0x26, 0x81, 0xE5, 0x62, 0x9C, 0x24, 0x27, 0xC1, 0xE9,
    0x76, 0x59, 0x34, 0x50, 0xEC, 0xAD, 0x16, 0x9C, 0x26, 0x44, 0x1B, 0xB8, 0x2C, 0x56, 0xF9, 0x9E,
    0xAF, 0x10, 0xF9, 0x6E, 0x91, 0x76, 0x50, 0xF2, 0x68, 0xE2, 0x48, 0x4C, 0xA0, 0xF2, 0x88, 0xC1,
    0x6C, 0x6D, 0xC4, 0x51, 0x7C, 0x50, 0x42, 0xD6, 0xBD, 0xF5, 0xE5, 0x04, 0x23, 0x52, 0x8C, 0x28,
    0xE8, 0x72, 0x12, 0x8C, 0x68, 0x4B, 0xB1, 0x3E, 0xDF, 0x4A, 0x48, 0x50, 0xD8, 0x14, 0x5A, 0xA2,
    0x73, 0xC9, 0xDB, 0xCE, 0x4E, 0x2A, 0xB6, 0xC2, 0x15, 0x3F, 0x04, 0x83, 0xB7, 0x74, 0x72, 0x64,
    0x02, 0x49, 0x70, 0x7F, 0x78, 0x49, 0xB2, 0xE4, 0xC0, 0x8F, 0x5B, 0x5D, 0xBA, 0x22, 0xE5, 0xA1,
    0x5C, 0x21, 0x90, 0xAF, 0x13, 0x27, 0x5C, 0x08, 0xB3, 0x73, 0x90, 0xF6, 0xC8, 0x6B, 0x38, 0x9D,
    0x13, 0x98, 0x4A, 0x4B, 0xE4, 0x12, 0xF4, 0xC4, 0xED, 0x6F, 0xB1, 0x13, 0x8C, 0xF0, 0x67, 0x2C,
    0x93, 0xC0, 0xE7, 0x11, 0x92, 0xC6, 0x89, 0x7D, 0xEE, 0xF4, 0x55, 0xB7, 0x16, 0x46, 0xCC, 0xF2,
    0x29, 0xBE, 0xD3, 0x67, 0xE8, 0xBF, 0x1E, 0xDF, 0xC5, 0x14, 0xFB, 0xE0, 0x7A, 0xDF, 0x2F, 0x7F,
    0xC2, 0x6A, 0x27, 0x2C, 0x6E, 0x92, 0xA0, 0x96, 0x09, 0x4B, 0x97, 0xB0, 0xC4, 0xFA, 0xDC, 0x2C,
    0x9B, 0x73, 0x59, 0xF6, 0xDF, 0x3C, 0xCB, 0xDD, 0xB9, 0x2C, 0x87, 0x6F, 0x9E, 0xE5, 0xFE, 0x6C,
    0x96, 0xE5, 0xFF, 0x2C, 0x6F, 0xC1, 0x52, 0x05, 0x2C, 0xD5, 0x65, 0xF9, 0xA9, 0x4B, 0x08, 0x93,
    0xD3, 0xF5, 0x78, 0x38, 0xAA, 0xF6, 0x7E, 0xCB, 0x50, 0x63, 0x0B, 0x7F, 0xE3, 0x1B, 0x5B, 0xB8,
    0x7E, 0x1B, 0x5B, 0x29, 0xED, 0x41, 0xED, 0xC8, 0xD2, 0x6B, 0xE1, 0x4F, 0x65, 0x63, 0x8B, 0xCE,
    0x62, 0xD2, 0xA2, 0x3F, 0x1B, 0xBA, 0x16, 0xDD, 0xE8, 0xD5, 0xD2, 0x0A, 0x0F, 0x55, 0x79, 0x20,
    0x69, 0x15, 0x4A, 0xDA, 0x06, 0x5B, 0xB0, 0xAF, 0xBC, 0x65, 0x90, 0x88, 0x4E, 0xB2, 0xEC, 0xBE,
    0x1C, 0xCB, 0xF8, 0x6C, 0x96, 0xC5, 0x83, 0xB0, 0x3C, 0x9C, 0xCD, 0x72, 0xFB, 0x5D, 0xB1, 0xCC,
    0xCE, 0x65, 0x19, 0x3D, 0x22, 0x4B, 0xBA, 0xCF, 0x14, 0x96, 0x54, 0x23, 0x3A, 0x96, 0xDC, 0x12,
    0x96, 0xDC, 0x12, 0x96, 0xDC, 0x1A, 0x0F, 0x6B, 0xA6, 0xE5, 0x58, 0xDA, 0x4A, 0x73, 0xED, 0xB5,
    0x1C, 0x4A, 0x6A, 0x39, 0x94, 0xD4, 0x72, 0x59, 0x83, 0x5A, 0xD5, 0x18, 0xDF, 0x86, 0x43, 0x98,
    0x27, 0xFE, 0x03, 0xBD, 0x96, 0x3D, 0x92, 0x95, 0x40, 0x10, 0xC7, 0xF9, 0xA8, 0x7D, 0x54, 0x49,
    0x40, 0xA4, 0xC9, 0x06, 0x1C, 0x81, 0x23, 0xC0, 0xDE, 0xC0, 0xC0, 0x4D, 0x34, 0x30, 0xB7, 0xCA,
    0xF2, 0x08, 0x70, 0x84, 0x0D, 0xDC, 0xD8, 0xD4, 0x7A, 0xC9, 0x1E, 0x61, 0x38, 0x02, 0x81, 0xB9,
    0x04, 0x9B, 0xE8, 0x26, 0x04, 0x04, 0x6C, 0x15, 0xD0, 0xF6, 0xE7, 0xBC, 0xB7, 0xA0, 0x96, 0x96,
    0x55, 0x12, 0xF0, 0x7E, 0x0F, 0x86, 0x99, 0xEE, 0xFE, 0x77, 0xF7, 0x4C, 0x10, 0x9C, 0xAE, 0x0F,
    0x30, 0xF1, 0x6F, 0x02, 0x00, 0x1D, 0x41, 0x89, 0x40, 0x8F, 0x42, 0xA0, 0x8B, 0xDF, 0xAC, 0xD7,
    0x8E, 0xDE, 0x65, 0x78, 0x4B, 0x60, 0xA0, 0x21, 0xF8, 0x18, 0xE6, 0x20, 0x70, 0x33, 0x7D, 0xB0,
    0xE2, 0x1F, 0x7C, 0x8A, 0xEF, 0x83, 0x88, 0xE7, 0x48, 0xA0, 0x89, 0xA1, 0x45, 0xC0, 0x7B, 0x0A,
    0x15, 0x4F, 0xD6, 0x67, 0xC0, 0xEB, 0xC0, 0x90, 0x1B, 0x14, 0x2B, 0x83, 0x1B, 0xCB, 0x85, 0xA1,
    0x9E, 0xCA, 0x99, 0xA1, 0x9C, 0x3D, 0xD4, 0x5B, 0x58, 0xEA, 0x49, 0xC1, 0x09, 0x14, 0x7F, 0x07,
    0xFE, 0xF3, 0xD3, 0x84, 0xBB, 0x45, 0x3D, 0x14, 0x66, 0x58, 0x6E, 0xA6, 0x7A, 0x2F, 0x3C, 0xA0,
    0xB3, 0xF8, 0x8B, 0x8E, 0x7B, 0x97, 0x23, 0xE8, 0x11, 0xC8, 0x71, 0x18, 0x11, 0xC8, 0xDF, 0x9A,
    0x26, 0xA2, 0x5B, 0x81, 0xA3, 0x23, 0x8A, 0x6F, 0x86, 0xB7, 0x82, 0x06, 0xC6, 0x1C, 0x67, 0x9A,
    0xC3, 0xE1, 0x2F, 0xAF, 0x93, 0x23, 0xD0, 0x97, 0xA4, 0xC1, 0x5A, 0xF1, 0x3A, 0x87, 0xE3, 0x8D,
    0x29, 0x76, 0xF1, 0x4A, 0xA1, 0x00, 0x85, 0xDA, 0x00, 0x14, 0x62, 0x83, 0xD4, 0x20, 0x37, 0x28,
    0x0D, 0xE0, 0xAB, 0x40, 0x04, 0x2A, 0x48, 0xB2, 0x28, 0x64, 0x93, 0x42, 0x69, 0x5A, 0xB9, 0x4E,
    0x20, 0x84, 0x46, 0x20, 0x86, 0x40, 0x20, 0x9B, 0x15, 0x8A, 0x51, 0xA1, 0xEE, 0x15, 0x30, 0x1C,
    0x0C, 0x38, 0x56, 0x20, 0x5D, 0x14, 0xF2, 0x49, 0xA1, 0x1C, 0x14, 0x28, 0x74, 0x04, 0x11, 0x05,
    0x82, 0x20, 0x01, 0x8D, 0x5C, 0x36, 0x2B, 0x94, 0x16, 0x4B, 0xD7, 0x2B, 0xC0, 0xF7, 0xE3, 0xF1,
    0xE8, 0xE0, 0xF8, 0x19, 0xF4, 0x9A, 0x7F, 0x03, 0xE2, 0x99, 0x05, 0xEA, 0x3F, 0x00, 0xCB, 0xF4,
    0xFC, 0x9A, 0x2F, 0x92, 0x48, 0x65, 0xDE, 0x42, 0xC5, 0xB2, 0x9F, 0x03, 0x85, 0xDB, 0xF4, 0xF4,
    0xD0, 0xFE, 0x39, 0x84, 0x3F, 0x81, 0x66, 0x03, 0xD1, 0x09, 0xAA, 0x67, 0x9C, 0x63, 0x11, 0x5C,
    0xE1, 0xDA, 0x0B, 0xC9, 0xF5, 0x16, 0xB8, 0x17, 0x48, 0x62, 0x62, 0x9A, 0x22, 0xAC, 0xB7, 0x77,
    0x98, 0x9A, 0x31, 0xD9, 0x8D, 0x39, 0xD9, 0x84, 0xDC, 0x21, 0x72, 0x52, 0xB8, 0xE1, 0x7A, 0x1F,
    0x6C, 0xFE, 0xC1, 0x8C, 0x99, 0x2C, 0x37, 0x67, 0x85, 0xF2, 0xDF, 0xC0, 0xD9, 0x84, 0x30, 0x46,
    0xAD, 0x58, 0x3E, 0x64, 0xA3, 0x74, 0xAE, 0xAE, 0xD4, 0xB2, 0x69, 0x4B, 0x76, 0xD9, 0x01, 0xCA,
    0xF0, 0x48, 0xD9, 0xBF, 0xE0, 0x30, 0x4C, 0x13, 0x2E, 0x27, 0x09, 0x78, 0xC7, 0x45, 0xA1, 0x85,
    0x46, 0x8F, 0x7A, 0x36, 0xFC, 0x0E, 0xEE, 0x4D, 0x37, 0x29, 0xB8, 0xE0, 0x52, 0x8A, 0x92, 0x26,
    0x10, 0x67, 0xF2, 0xF3, 0x3A, 0xD5, 0xCA, 0xBD, 0x7D, 0x43, 0xEF, 0x52, 0xFA, 0xE7, 0xB8, 0xBA,
    0x2B, 0xAD, 0x77, 0x32, 0x3B, 0xB9, 0xD7, 0xC6, 0x18, 0x52, 0x64, 0x3A, 0x2B, 0x4D, 0x8D, 0x7C,
    0x02, 0xD5, 0x36, 0x75, 0x56, 0x85, 0x7C, 0xB1, 0x0A, 0xDF, 0xC7, 0x63, 0xDA, 0x02, 0x36, 0xB4,
    0xC3, 0xDD, 0x37, 0x86, 0x50, 0x4C, 0xAD, 0xA7, 0x42, 0x13, 0x6A, 0x65, 0x97, 0x07, 0xB6, 0x18,
    0x2B, 0x65, 0x26, 0xA8, 0xC8, 0x23, 0x84, 0x9E, 0x9B, 0x41, 0xE5, 0x56, 0xB1, 0xA1, 0x15, 0xA1,
    0x62, 0xE8, 0xA5, 0x43, 0x62, 0x78, 0xB5, 0x55, 0xC2, 0xA0, 0x6B, 0xC1, 0xA8, 0x66, 0xB8, 0x13,
    0x14, 0x06, 0xBB, 0x0E, 0x39, 0x4A, 0xE7, 0xC7, 0xCF, 0xA5, 0x31, 0x62, 0x6E, 0xC8, 0xEE, 0x10,
    0xE3, 0x9D, 0xDB, 0x1B, 0x2E, 0xCA, 0x51, 0xE3, 0xB0, 0x95, 0x14, 0x17, 0x52, 0x25, 0xC3, 0x77,
    0x97, 0xE4, 0x86, 0xE4, 0x5F, 0x6F, 0x01, 0xAF, 0x54, 0x02, 0xB6, 0x25, 0x74, 0xAA, 0x4E, 0x10,
    0x1E, 0x5F, 0x9E, 0xED, 0x66, 0x56, 0x43, 0xE8, 0x97, 0x01, 0x6C, 0x21, 0xD0, 0x5F, 0x1F, 0x6D,
    0x1F, 0xDB, 0xD1, 0x26, 0x19, 0x36, 0x05, 0x74, 0x26, 0x9A, 0x69, 0xB5, 0x97, 0xC8, 0xBE, 0x3E,
    0x15, 0x83, 0x97, 0xBC, 0xFD, 0x95, 0xE4, 0x5E, 0x69, 0x2F, 0x70, 0xBD, 0x9F, 0xA6, 0xDF, 0x4C,
    0xE3, 0xAD, 0x49, 0x77, 0xF3, 0x15, 0xFB, 0xF9, 0x2C, 0x4F, 0xDC, 0x76, 0xE2, 0xE8, 0x34, 0xF1,
    0xD6, 0xD0, 0xD4, 0x56, 0xC8, 0x6C, 0x85, 0xDC, 0xAF, 0x60, 0x61, 0x2B, 0x77, 0x4B, 0xB9, 0x79,
    0x5B, 0xFC, 0x06, 0x21, 0xD8, 0xE2, 0xEF, 0x6E, 0x82, 0xED, 0xE5, 0xA8, 0x54, 0xCF, 0x77, 0x3D,
    0x13, 0x27, 0x61, 0x99, 0x78, 0x67, 0x78, 0xBC, 0xFA, 0x40, 0x66, 0xD7, 0x68, 0x4E, 0x48, 0xBD,
    0x1C, 0xF4, 0xE0, 0x21, 0x3E, 0xA0, 0xFB, 0xB6, 0xF9, 0x36, 0x12, 0x93, 0x08, 0xDA, 0x4C, 0x77,
    0xAC, 0xD6, 0x12, 0xB2, 0xD5, 0xFA, 0x3A, 0x87, 0xA7, 0x63, 0x22, 0x3A, 0xAE, 0x34, 0x3C, 0x4F,
    0x95, 0x70, 0x50, 0x52, 0x9A, 0x79, 0x52, 0xA1, 0x38, 0xE5, 0x6A, 0xEE, 0x24, 0x6B, 0xC5, 0xB2,
    0x90, 0xC9, 0x9F, 0x68, 0xC1, 0xD8, 0xEF, 0x31, 0xCE, 0x52, 0xD4, 0xB6, 0xF5, 0x14, 0x1E, 0xC4,
    0x31, 0xD4, 0xE6, 0x92, 0x1D, 0x23, 0x4F, 0x0E, 0x40, 0x67, 0xA4, 0x86, 0x93, 0xBF, 0x4B, 0x75,
    0x4F, 0x1D, 0xB2, 0x59, 0xC3, 0x56, 0x4C, 0xDA, 0x3C, 0x35, 0xAB, 0xF0, 0x4C, 0x32, 0x3C, 0x05,
    0x3C, 0xC9, 0x78, 0xF0, 0x63, 0xA6, 0xA7, 0x07, 0x18, 0x37, 0xA9, 0x5A, 0x80, 0x55, 0x29, 0x7E,
    0x0D, 0xDC, 0xAB, 0xA8, 0x55, 0xC6, 0xD4, 0xF6, 0x23, 0xAA, 0x2B, 0x34, 0xEF, 0x81, 0x5B, 0x7F,
    0xA1, 0xED, 0x42, 0x23, 0x5F, 0x05, 0xF2, 0x48, 0x3A, 0xE3, 0xEB, 0xE3, 0x47, 0x15, 0x53, 0x0B,
    0xEE, 0x60, 0x6F, 0x9C, 0x8E, 0x4D, 0xAC, 0x5E, 0x0B, 0x8B, 0x86, 0x83, 0x2F, 0x17, 0xC0, 0xDB,
    0xFA, 0x22, 0xDB, 0x45, 0x22, 0x7D, 0xB3, 0x0F, 0xC4, 0x1E, 0x0C, 0x8B, 0x1C, 0x62, 0xD0, 0x60,
    0xC9, 0x27, 0x8C, 0xB3, 0x34, 0x22, 0x54, 0x44, 0x5A, 0x3E, 0x16, 0x8D, 0xA4, 0x2E, 0x86, 0x4B,
    0x52, 0x17, 0x65, 0x12, 0x40, 0xE1, 0x34, 0xB1, 0xA0, 0xD3, 0xF4, 0xB6, 0xF6, 0x85, 0xA0, 0x41,
    0xC0, 0xF6, 0xB5, 0xEA, 0xDE, 0x94, 0xAB, 0x99, 0x43, 0xC6, 0xE2, 0x16, 0x74, 0x78, 0x9B, 0xD8,
    0x91, 0x01, 0x5B, 0xE7, 0xC7, 0x17, 0xEC, 0xBC, 0xEE, 0xCB, 0x83, 0xF4, 0xFB, 0x1E, 0x21, 0xE2,
    0x7C, 0xA4, 0x25, 0x51, 0xBF, 0x9B, 0xE0, 0xB4, 0xC7, 0xF5, 0x3B, 0xE8, 0x36, 0x8D, 0x23, 0xDA,
    0xD5, 0x6C, 0x6C, 0x15, 0x95, 0xEE, 0xDA, 0x7E, 0x71, 0x5E, 0xB3, 0xEF, 0xB5, 0x54, 0xB9, 0x67,
    0x24, 0x7C, 0xF2, 0xEE, 0xED, 0xF8, 0xB8, 0x56, 0x07, 0x2E, 0x10, 0x07, 0x9A, 0x6C, 0xB9, 0xEE,
    0x6C, 0x9C, 0x87, 0xAB, 0x9E, 0xEB, 0xCD, 0xAA, 0x77, 0xAC, 0xDB, 0x0F, 0xED, 0x5C, 0xBD, 0xB3,
    0xDC, 0x48, 0x11, 0xD7, 0x07, 0x67, 0x05, 0x0A, 0x74, 0x01, 0x26, 0xF0, 0x0B, 0x94, 0x5F, 0x51,
    0xA5, 0x3F, 0x41, 0x82, 0x80, 0x0B, 0x48, 0x1C, 0xDC, 0x83, 0xC0, 0xC1, 0xE5, 0x67, 0xAA, 0x9C,
    0x92, 0x69, 0x21, 0x25, 0xE0, 0x05, 0x47, 0x4E, 0xE0, 0x00, 0xAF, 0x83, 0x8B, 0x89, 0xB4, 0x55,
    0x04, 0x04, 0x04, 0x28, 0xB9, 0x18, 0x41, 0xBD, 0x83, 0x3A, 0x13, 0x20, 0xAA, 0xF6, 0xA8, 0x7D,
    0x3E, 0xAD, 0x86, 0xF9, 0xE8, 0x9E, 0xE9, 0x9E, 0x91, 0xD6, 0x5F, 0x7B, 0x3E, 0x5F, 0xD9, 0x5B,
    0x2E, 0xBF, 0xF9, 0xFD, 0x24, 0xED, 0x7C, 0xF5, 0xF4, 0x74, 0xF7, 0xB4, 0x36, 0x8A, 0xBC, 0x4F,
    0x2E, 0xA2, 0xE2, 0x08, 0xE5, 0x82, 0x94, 0xCB, 0x39, 0x2A, 0x27, 0x28, 0x57, 0xC7, 0xA8, 0xC6,
    0xB2, 0x2C, 0xD4, 0x07, 0x2C, 0x1F, 0xA2, 0x76, 0x0F, 0x65, 0x59, 0xE8, 0x46, 0x28, 0xCB, 0x82,
    0xC0, 0xB2, 0x2C, 0x88, 0x01, 0xCB, 0xFB, 0x58, 0xF4, 0xA6, 0x78, 0x4B, 0xC8, 0xCF, 0x0E, 0x6E,
    0x77, 0xE5, 0x5C, 0x15, 0xE1, 0x1E, 0x4D, 0x0B, 0x5D, 0x6F, 0x2A, 0xCC, 0xA7, 0xD1, 0x8D, 0x14,
    0xF6, 0xA6, 0x56, 0x88, 0xEB, 0xE8, 0x42, 0x08, 0xD9, 0x88, 0x58, 0x88, 0xA3, 0x7E, 0xE8, 0xA8,
    0x6F, 0xEF, 0xCD, 0x9D, 0xF0, 0x9F, 0xA6, 0x76, 0x51, 0x65, 0xBE, 0x2D, 0x12, 0xB2, 0x45, 0x35,
    0xB4, 0x50, 0xFD, 0xC5, 0x1A, 0x0B, 0x71, 0x90, 0x5F, 0xB3, 0xD1, 0xE5, 0x4C, 0x5C, 0xA7, 0xE6,
    0xD1, 0x28, 0x4A, 0xAE, 0xE5, 0xF3, 0x33, 0x19, 0xB2, 0xC9, 0x96, 0xE5, 0x23, 0xA4, 0xBC, 0xB7,
    0xE5, 0xD2, 0x0E, 0x80, 0x1C, 0x3E, 0x52, 0xAE, 0x59, 0x79, 0x20, 0xE5, 0x7E, 0xB1, 0xDC, 0xBE,
    0x60, 0xB9, 0x5E, 0x2D, 0x0F, 0x2B, 0xE5, 0xE5, 0x76, 0x96, 0xA4, 0x2F, 0xBC, 0x8F, 0xAE, 0xEF,
    0x99, 0x40, 0x61, 0xF9, 0x5E, 0x64, 0xC7, 0x2A, 0xAA, 0x37, 0x89, 0x99, 0x28, 0x35, 0x1B, 0x53,
    0x84, 0x33, 0x1B, 0xCB, 0x07, 0x3B, 0xA8, 0x38, 0x93, 0x5F, 0x58, 0xC3, 0x97, 0x16, 0xB2, 0xD2,
    0x12, 0x06, 0x57, 0x75, 0x24, 0x37, 0x13, 0xA0, 0xE7, 0x21, 0xD5, 0x33, 0xAB, 0x28, 0x3D, 0x69,
    0xF2, 0x5B, 0xE3, 0x4E, 0xD7, 0x5F, 0x0B, 0x31, 0x6F, 0xA5, 0x7C, 0x8C, 0x56, 0x64, 0xEC, 0x53,
    0xEA, 0x73, 0x84, 0xAE, 0xA9, 0xCF, 0xE0, 0xCA, 0x73, 0xE3, 0xCA, 0x03, 0x4A, 0xED, 0x1D, 0xDB,
    0x51, 0x2E, 0xB5, 0xB1, 0x93, 0xDA, 0x21, 0x41, 0x49, 0x95, 0xE2, 0x9B, 0x62, 0x59, 0x16, 0x52,
    0x90, 0x15, 0x55, 0xCE, 0xB0, 0xCF, 0xB2, 0x90, 0x0B, 0xB2, 0xB8, 0xB0, 0x9C, 0xCD, 0x51, 0x7E,
    0x8C, 0x16, 0x3F, 0x28, 0xD2, 0xD0, 0xB0, 0x6F, 0x08, 0xF6, 0x76, 0x31, 0xB8, 0x7A, 0xE7, 0x77,
    0xF0, 0x0D, 0x80, 0xF6, 0xF3, 0x8D, 0xC3, 0x4B, 0xF3, 0xF9, 0xE8, 0xBB, 0x39, 0x56, 0x77, 0xB6,
    0x9F, 0x09, 0xB1, 0x95, 0x1F, 0xB2, 0x6F, 0xE0, 0xB6, 0x40, 0xE0, 0xE6, 0x24, 0xF4, 0x6E, 0xFE,
    0x6E, 0x4B, 0xCE, 0xF1, 0x04, 0x0C, 0x3E, 0x52, 0x79, 0x82, 0x0A, 0xC4, 0x11, 0x98, 0xDD, 0x96,
    0x46, 0x94, 0xA2, 0xDA, 0x56, 0xDD, 0xC5, 0x04, 0x06, 0x6A, 0xC7, 0x84, 0x75, 0x0F, 0x3B, 0x06,
    0x55, 0xB8, 0xF2, 0xB1, 0xF9, 0xEE, 0x0F, 0x70, 0x88, 0xE5, 0xDF, 0x2B, 0xB5, 0x8F, 0xE8, 0x07,
    0x13, 0x73, 0x4F, 0x62, 0xEA, 0x48, 0x8D, 0xE6, 0x96, 0x0F, 0x80, 0x02, 0xDF, 0xB9, 0xED, 0x07,
    0x55, 0x54, 0x31, 0x37, 0xA4, 0xC3, 0xE9, 0x95, 0xD9, 0x94, 0x26, 0xD2, 0x9D, 0xCA, 0x43, 0x87,
    0x55, 0x54, 0x93, 0xCD, 0xEC, 0x34, 0x3A, 0xF5, 0x2D, 0xBC, 0xBE, 0xF2, 0x04, 0xE2, 0x13, 0x41,
    0xD1, 0x7B, 0x97, 0x1F, 0x9B, 0x45, 0xD8, 0x98, 0xA7, 0xE8, 0xD8, 0x56, 0xCF, 0x8D, 0xF8, 0x73,
    0x6A, 0xCB, 0xC1, 0x12, 0x98, 0x3A, 0x1B, 0x87, 0x12, 0x76, 0x2D, 0x3E, 0x81, 0xAC, 0x19, 0x14,
    0x59, 0x23, 0x29, 0x22, 0xD2, 0xC2, 0xD1, 0xE8, 0x7A, 0x74, 0xD9, 0x89, 0xAF, 0xCE, 0xDD, 0xA3,
    0x60, 0x5A, 0xC6, 0xB3, 0xA3, 0xDA, 0x43, 0x03, 0x43, 0x74, 0x24, 0x5A, 0x6C, 0xD5, 0xFB, 0xA6,
    0xEF, 0x80, 0x94, 0x78, 0x47, 0xA8, 0x4F, 0x62, 0x35, 0xC9, 0x31, 0xAA, 0x93, 0xD4, 0x58, 0xA1,
    0x33, 0xB1, 0x17, 0xAD, 0xD1, 0x58, 0xA9, 0x9E, 0x55, 0xD8, 0x3D, 0xBD, 0x12, 0x3A, 0xA8, 0x4E,
    0x5A, 0xB2, 0xFD, 0xED, 0x7B, 0x42, 0x7C, 0xAE, 0x24, 0xE4, 0xBE, 0x52, 0x5D, 0x82, 0x7E, 0x22,
    0x0A, 0x26, 0x86, 0x46, 0x86, 0x1A, 0x8A, 0x0E, 0x11, 0x45, 0x1B, 0xA2, 0xFA, 0xE6, 0xAB, 0x35,
    0x4D, 0x91, 0x11, 0x91, 0xCD, 0xCC, 0x22, 0xC8, 0x89, 0xE9, 0x90, 0x99, 0xBE, 0xE4, 0x44, 0x7C,
    0x1C, 0xD5, 0x87, 0xD4, 0x18, 0x52, 0x53, 0x48, 0x1D, 0x43, 0x4A, 0x2C, 0x50, 0xBB, 0x90, 0x1A,
    0x42, 0x6A, 0x0C, 0xA9, 0x29, 0xA4, 0xE6, 0x90, 0x72, 0x66, 0x9C, 0xA3, 0x76, 0x21, 0x35, 0x78,
    0xD4, 0x8C, 0x2A, 0xD1, 0x51, 0x93, 0xAD, 0xD2, 0x51, 0x35, 0x56, 0xE9, 0xA8, 0x12, 0xAB, 0x74,
    0x94, 0x1D, 0x58, 0x47, 0xA5, 0xC2, 0xDA, 0xCE, 0x48, 0xC5, 0x58, 0xA5, 0xA3, 0xA2, 0x0E, 0xAA,
    0xD4, 0x54, 0x2B, 0xFC, 0xCF, 0xAE, 0x3B, 0x23, 0x75, 0xFB, 0xF2, 0x9E, 0x38, 0xAA, 0xD5, 0x7F,
    0xFC, 0xC8, 0x39, 0x45, 0xFA, 0x4F, 0x6D, 0x26, 0x8E, 0xB4, 0x4B, 0xA9, 0xF5, 0x8D, 0x47, 0x65,
    0x46, 0x56, 0x28, 0x05, 0x1B, 0x03, 0xA5, 0x22, 0x2D, 0xC1, 0x9C, 0x6A, 0xB5, 0xAC, 0x30, 0xAA,
    0xD2, 0x55, 0x32, 0xCA, 0x54, 0xC9, 0x28, 0x53, 0x25, 0xA3, 0x12, 0x5D, 0x25, 0xA3, 0x4C, 0x95,
    0x9C, 0xD2, 0x55, 0xAE, 0x8C, 0xEA, 0xE6, 0x9C, 0xA3, 0x7A, 0x67, 0xAB, 0x47, 0x55, 0x7E, 0x64,
    0x45, 0x7A, 0x84, 0x89, 0xC7, 0x29, 0x65, 0xC5, 0x6B, 0x97, 0xEA, 0xE5, 0xCE, 0xA3, 0x94, 0xAC,
    0x78, 0x94, 0x94, 0x95, 0xD1, 0xA3, 0x94, 0xAC, 0xF8, 0x94, 0x14, 0x4F, 0x9F, 0x92, 0x55, 0x7E,
    0xE8, 0x51, 0x52, 0x3C, 0xFF, 0xEC, 0x51, 0xA9, 0x75, 0xD5, 0x2D, 0x15, 0x87, 0x94, 0x56, 0x3D,
    0x1E, 0x55, 0x87, 0x54, 0x11, 0x52, 0x79, 0x48, 0xA5, 0x21, 0x15, 0x2D, 0x50, 0x6D, 0x48, 0xD5,
    0x21, 0x55, 0x84, 0x54, 0x16, 0x52, 0x49, 0x48, 0x45, 0x0B, 0x54, 0x1B, 0x52, 0x60, 0x3B, 0x64,
    0x2C, 0x72, 0x30, 0x11, 0xF5, 0x0A, 0x5D, 0x3A, 0xAC, 0x5B, 0x6F, 0xF5, 0x8A, 0xCA, 0x6E, 0xA9,
    0x59, 0x1B, 0xF2, 0x87, 0x15, 0x9E, 0xDA, 0x08, 0x8C, 0xDF, 0xAF, 0xF0, 0xC7, 0x15, 0xDE, 0xAF,
    0xB9, 0x55, 0xDF, 0x70, 0x4F, 0x70, 0x63, 0xC2, 0x1A, 0x7B, 0x95, 0x60, 0xDB, 0xAE, 0xE5, 0x13,
    0xC1, 0x2C, 0x28, 0xCB, 0xCB, 0x6E, 0x1F, 0x17, 0x79, 0xCF, 0x95, 0xB5, 0x7C, 0xEA, 0x37, 0x08,
    0xF8, 0xD8, 0xEF, 0x31, 0xF0, 0x11, 0xB7, 0x81, 0x1C, 0xDF, 0xAD, 0xF0, 0xAD, 0xD7, 0xB1, 0xD6,
    0x06, 0x92, 0xD6, 0xF8, 0xE1, 0x5C, 0x7C, 0xB7, 0x7F, 0x31, 0x9E, 0x4D, 0xFE, 0xB3, 0xF9, 0x7E,
    0x91, 0x6F, 0x57, 0x78, 0x39, 0x6E, 0x4B, 0x7C, 0xBC, 0xC2, 0x2B, 0xAB, 0x74, 0x89, 0x97, 0xCB,
    0x2C, 0x5E, 0xE2, 0xCB, 0x15, 0x5E, 0x6E, 0x37, 0x4B, 0xBC, 0x5A, 0xAD, 0xC8, 0xBF, 0xA7, 0x6D,
    0x51, 0xC3, 0xB7, 0xCE, 0xF0, 0xB9, 0x65, 0x84, 0xBE, 0x15, 0x37, 0x97, 0x97, 0x9F, 0x39, 0x85,
    0xAB, 0x6F, 0x39, 0x06, 0x7A, 0x7D, 0x97, 0xC2, 0x63, 0x3E, 0x5F, 0xC2, 0x2A, 0x41, 0xFE, 0x7F,
    0xC0, 0xB7, 0xB0, 0x4A, 0x90, 0xFF, 0x15, 0xD4, 0xAB, 0x36, 0x6E, 0xA5, 0xB7, 0xDD, 0x7A, 0x4C,
    0xD4, 0x0A, 0x49, 0xC0, 0x60, 0xDC, 0xB9, 0xF5, 0xAB, 0xF9, 0x14, 0x96, 0x89, 0xE1, 0xE7, 0xBB,
    0x11, 0xF0, 0x19, 0x6C, 0x96, 0x4D, 0x6B, 0x17, 0x90, 0xE6, 0x73, 0x2D, 0xA6, 0xF1, 0x21, 0xF2,
    0xF8, 0x02, 0xC5, 0xF7, 0x15, 0xF9, 0x1C, 0xA1, 0xC7, 0x5B, 0x13, 0xD1, 0xE3, 0x53, 0x5C, 0xF8,
    0x1E, 0x1F, 0x63, 0xFC, 0xCD, 0xE3, 0xD5, 0x9E, 0x30, 0x2F, 0xF1, 0xCA, 0x41, 0xB8, 0x59, 0xE0,
    0x33, 0x35, 0x2E, 0xD7, 0x21, 0x6F, 0x06, 0xB8, 0x09, 0xF9, 0x5B, 0xC6, 0x40, 0x0E, 0x78, 0xD8,
    0x54, 0x42, 0x5E, 0xD9, 0xE1, 0x62, 0x89, 0x8F, 0x1E, 0xE8, 0xF9, 0x0A, 0x79, 0xD9, 0xB9, 0x7E,
    0x89, 0x97, 0x9D, 0x18, 0x16, 0x79, 0x39, 0xAA, 0x8B, 0x7C, 0x1A, 0xF2, 0x57, 0xCB, 0x7C, 0x3E,
    0x2E, 0xF3, 0xED, 0x61, 0x81, 0x97, 0x5C, 0x37, 0x9B, 0x7A, 0x49, 0x7B, 0x62, 0x63, 0xCE, 0x6C,
    0x50, 0xDE, 0x1C, 0x2F, 0x87, 0xD1, 0x78, 0x28, 0x52, 0x7E, 0x1D, 0xAF, 0xFD, 0x88, 0xDF, 0x2A,
    0xB7, 0xFE, 0x63, 0x36, 0x3E, 0x7A, 0x5B, 0xFF, 0x13, 0xBA, 0x25, 0x84, 0x57, 0x5B, 0xD6, 0x0E,
    0x1D, 0x14, 0xC2, 0x97, 0x6E, 0x1D, 0x6D, 0xA8, 0xBE, 0x53, 0x4B, 0x6E, 0xA7, 0xED, 0x86, 0x1B,
    0xAE, 0xDB, 0x2F, 0xE6, 0x47, 0x66, 0x56, 0x36, 0x4B, 0x3B, 0xA3, 0x59, 0xEF, 0x27, 0x3E, 0xC4,
    0x03, 0x27, 0xB1, 0xEC, 0x5A, 0x4A, 0x3C, 0x09, 0xA8, 0x94, 0xD4, 0x40, 0xD8, 0x51, 0x7F, 0x87,
    0x6C, 0x41, 0xCA, 0x15, 0xCC, 0xE8, 0x95, 0xD9, 0x8D, 0xC1, 0x86, 0xEE, 0x3D, 0xAD, 0xBB, 0x49,
    0x91, 0xA9, 0xDB, 0x65, 0x3A, 0x7B, 0x45, 0xBB, 0x8B, 0xC4, 0x3F, 0x77, 0x7B, 0x69, 0xA2, 0xBE,
    0x37, 0x76, 0x5B, 0xA8, 0xEB, 0xB9, 0xF6, 0x2C, 0x9D, 0x6F, 0x1E, 0x3B, 0xEF, 0x24, 0xD5, 0xED,
    0xB7, 0x9E, 0x79, 0xE2, 0x76, 0xE0, 0x0C, 0x8C, 0xE6, 0xD1, 0x8D, 0xF2, 0x80, 0x62, 0x78, 0xA0,
    0xBE, 0x76, 0xE6, 0x1C, 0xA7, 0x42, 0x17, 0x30, 0x48, 0x4F, 0x5D, 0xAA, 0x12, 0x14, 0xD4, 0xE4,
    0x8C, 0xB5, 0xBD, 0x15, 0x76, 0x7D, 0xFD, 0xE8, 0xAE, 0x1C, 0xA8, 0x3F, 0x6D, 0x07, 0xBB, 0x14,
    0xFF, 0x71, 0x16, 0xE7, 0x8E, 0x3A, 0x97, 0x95, 0xF8, 0xAB, 0xD3, 0x2B, 0x3B, 0xD3, 0x24, 0xBC,
    0xF1, 0x2F, 0xF8, 0x78, 0xA7, 0x87, 0xC9, 0x0E, 0x76, 0x2B, 0x0D, 0x54, 0x81, 0xE3, 0xC4, 0x02,
    0x20, 0x9D, 0x48, 0xE9, 0x95, 0x3B, 0xDB, 0xC7, 0x42, 0x3C, 0x51, 0xF1, 0xC3, 0xAD, 0x10, 0x8F,
    0x4D, 0x24, 0x51, 0x51, 0xDB, 0x3F, 0x84, 0x76, 0x38, 0x7A, 0xD9, 0xE7, 0xBD, 0xD2, 0xAE, 0x5D,
    0x39, 0xB8, 0xC1, 0x56, 0x0A, 0xB7, 0x46, 0x1B, 0x67, 0xA4, 0xD6, 0x63, 0xA1, 0xAF, 0xEC, 0xCD,
    0x08, 0x0E, 0x30, 0x92, 0x47, 0x73, 0x45, 0xED, 0x31, 0x07, 0x6A, 0x86, 0xC0, 0x60, 0x97, 0x12,
    0x82, 0xA5, 0x59, 0xBB, 0x33, 0x36, 0xF3, 0xA5, 0x3B, 0xBC, 0xD2, 0xDA, 0x33, 0x2F, 0xE1, 0xC4,
    0xFF, 0xE8, 0x86, 0xDA, 0x0E, 0x76, 0x2B, 0xFF, 0xCF, 0xCC, 0x17, 0xBB, 0x50, 0x87, 0x7E, 0xB8,
    0x13, 0x11, 0x9E, 0x01, 0xD9, 0x53, 0x33, 0x23, 0x9A, 0x42, 0xE0, 0xE3, 0x31, 0x4E, 0x20, 0xC4,
    0x9D, 0x14, 0x4C, 0xF4, 0xE3, 0x89, 0x6E, 0xC7, 0x1D, 0x3D, 0x31, 0x6A, 0x82, 0xC4, 0x8C, 0xC5,
    0xC7, 0xAA, 0xF8, 0x66, 0xCC, 0x8F, 0xD1, 0x10, 0x85, 0x1E, 0x79, 0x1D, 0x19, 0xAC, 0xEC, 0xCA,
    0xD5, 0x0A, 0xA6, 0xD4, 0x23, 0x5F, 0x1A, 0x07, 0x78, 0xE7, 0x1C, 0x17, 0xBC, 0xB1, 0x70, 0xEA,
    0xD6, 0x0E, 0x76, 0xAD, 0xA1, 0x1E, 0xEC, 0xCE, 0xEA, 0x8E, 0xD4, 0x6C, 0x63, 0x8D, 0xBE, 0x69,
    0x76, 0x03, 0x0A, 0x83, 0xDD, 0xA1, 0x90, 0xD3, 0x2B, 0x7A, 0xB0, 0xAD, 0xF8, 0x9B, 0x70, 0x14,
    0x19, 0x6C, 0x33, 0xF2, 0xEA, 0x60, 0x2E, 0x61, 0xBE, 0x4B, 0x0F, 0x37, 0xC6, 0xDA, 0xE0, 0x99,
    0x68, 0xB8, 0x2F, 0xB1, 0x87, 0xA5, 0x3B, 0xEA, 0xA3, 0x48, 0x35, 0x82, 0x6E, 0x4A, 0x27, 0xFA,
    0x9C, 0xB8, 0x0B, 0x52, 0x34, 0x33, 0x80, 0xAD, 0x18, 0x0A, 0x76, 0xD0, 0x79, 0xC8, 0xDD, 0x71,
    0x6B, 0x41, 0x0C, 0x5C, 0x29, 0xD9, 0x85, 0xBB, 0x52, 0x12, 0x13, 0xBA, 0x54, 0x57, 0x06, 0x8C,
    0x98, 0x55, 0xC4, 0x18, 0x97, 0x83, 0x8D, 0x37, 0x4A, 0x99, 0xAF, 0xC9, 0x95, 0x5C, 0xCC, 0x95,
    0x8D, 0x53, 0x4F, 0x35, 0xD9, 0x2D, 0xE4, 0x60, 0x23, 0x94, 0x8F, 0x77, 0xC4, 0x45, 0x48, 0x9D,
    0x0B, 0x93, 0xD1, 0xF3, 0x00, 0xB8, 0xE2, 0x8A, 0x33, 0x8B, 0xA9, 0xD2, 0x2B, 0x47, 0x16, 0x51,
    0xA5, 0x71, 0xF3, 0x89, 0xC5, 0x53, 0xF1, 0xC6, 0xD8, 0xBB, 0xD2, 0x39, 0xE8, 0x39, 0x6C, 0xAD,
    0x83, 0x42, 0x78, 0xF1, 0x4A, 0x77, 0x6E, 0x19, 0x5C, 0x19, 0x5D, 0x71, 0x60, 0xF1, 0x4F, 0x7A,
    0xA5, 0x67, 0xE1, 0x6B, 0x7B, 0x63, 0xC5, 0xFD, 0xA1, 0xC2, 0xDD, 0x58, 0xF2, 0x2B, 0x24, 0xFA,
    0x57, 0x70, 0x9F, 0x8B, 0x6C, 0x83, 0x19, 0x3F, 0xB0, 0xF0, 0x3D, 0xDA, 0x57, 0x2F, 0x27, 0x52,
    0x51, 0x74, 0x62, 0xFB, 0x7B, 0x92, 0x25, 0xB0, 0x27, 0xE5, 0xC3, 0x4A, 0x79, 0xEF, 0x46, 0xB8,
    0x79, 0xA9, 0x7A, 0xEF, 0x3F, 0x69, 0xB0, 0x5C, 0x09, 0x7D, 0x9C, 0x6D, 0x05, 0xA3, 0x31, 0x65,
    0x6D, 0xDF, 0x8C, 0xA6, 0xAC, 0x35, 0xCE, 0xA4, 0xCB, 0x09, 0x39, 0x78, 0xCA, 0x55, 0x43, 0x4A,
    0x53, 0x36, 0x67, 0xE0, 0xA6, 0x6C, 0x94, 0x7C, 0xA9, 0xCB, 0x26, 0x36, 0xAC, 0x57, 0x7B, 0x6C,
    0x4F, 0x56, 0x5C, 0x70, 0xB9, 0x15, 0xB8, 0xF3, 0x9B, 0x72, 0x0E, 0x02, 0xD3, 0x0A, 0xB7, 0x7D,
    0xF8, 0x65, 0xDC, 0x3C, 0x5A, 0xAD, 0x9A, 0x7A, 0x5B, 0xC6, 0xA5, 0xF4, 0xFA, 0xCB, 0xFD, 0x62,
    0x7B, 0x68, 0x3B, 0x79, 0x5F, 0xF6, 0x20, 0xF8, 0x2E, 0xC8, 0x42, 0xC6, 0x24, 0x01, 0xB3, 0xAA,
    0xB1, 0x3B, 0x9A, 0x00, 0xCD, 0x6C, 0xC6, 0x73, 0x6F, 0xCD, 0xB3, 0x5A, 0xDD, 0x94, 0x98, 0x31,
    0x97, 0x32, 0x7C, 0xF3, 0xA3, 0x4E, 0xE8, 0x39, 0x32, 0x42, 0x62, 0xE6, 0xCB, 0x04, 0xCF, 0x61,
    0x1E, 0xF5, 0xA1, 0xC5, 0xC6, 0xCD, 0xF5, 0x11, 0x65, 0xE0, 0x42, 0x29, 0xE6, 0x3B, 0x8F, 0xC0,
    0x1E, 0x7D, 0x86, 0x39, 0xFA, 0x2A, 0x9F, 0x84, 0x04, 0xF9, 0x53, 0x12, 0xD5, 0x5F, 0x2B, 0xD3,
    0xFB, 0x57, 0x3E, 0x0F, 0xB4, 0x3B, 0x45, 0x94, 0x04, 0x8B, 0xE1, 0x0B, 0xAA, 0xFA, 0x6A, 0x41,
    0xCF, 0x09, 0x13, 0x1E, 0x19, 0x2A, 0xF8, 0x81, 0x6B, 0x4B, 0xD2, 0x10, 0x40, 0x31, 0x7E, 0x7A,
    0x0B, 0x61, 0x66, 0x4E, 0x07, 0x21, 0xD9, 0x43, 0x3D, 0xAA, 0xC5, 0xB6, 0xB3, 0x99, 0x1B, 0x5A,
    0x3A, 0x0A, 0x9C, 0x67, 0xD3, 0x80, 0xA4, 0x87, 0x6F, 0x3A, 0x70, 0x65, 0x33, 0x2C, 0x6B, 0xA5,
    0x85, 0x28, 0x51, 0xC5, 0xD5, 0x51, 0xCD, 0x63, 0x4E, 0x2D, 0x0F, 0x96, 0x79, 0x91, 0x2A, 0x5E,
    0x4F, 0xC2, 0x15, 0x68, 0xCA, 0xAB, 0xE5, 0x47, 0x70, 0xAA, 0xB7, 0x0D, 0x6F, 0x63, 0xB4, 0xD6,
    0xC6, 0x5A, 0xB0, 0x51, 0xAC, 0x05, 0x3B, 0x18, 0x7B, 0x5E, 0xA8, 0x9F, 0xBD, 0x7D, 0xD9, 0x8A,
    0x59, 0x47, 0x92, 0x17, 0x0F, 0x30, 0x7D, 0x58, 0x9F, 0x0F, 0x56, 0xCF, 0x0F, 0xCF, 0xD3, 0x5F,
    0x0D, 0x3F, 0xC0, 0xEC, 0x80, 0xED, 0xF2, 0x38, 0xE7, 0x7C, 0x16, 0x32, 0x3E, 0x47, 0xE1, 0x0C,
    0x52, 0x18, 0xF3, 0xD9, 0x0F, 0x65, 0x63, 0xCF, 0x05, 0xC9, 0x1B, 0x9D, 0x23, 0xEF, 0xBF, 0x3F,
    0xFD, 0x9E, 0xAC, 0x78, 0x82, 0xB5, 0xE7, 0xED, 0x60, 0xDF, 0xD5, 0xE1, 0xC3, 0xBF, 0x64, 0x7B,
    0x7F, 0x32, 0xE3, 0x57, 0xCF, 0xA6, 0xC6, 0x06, 0xF7, 0xBE, 0xBD, 0x8E, 0x87, 0xF4, 0xD6, 0x9D,
    0x7F, 0xFA, 0xD8, 0x1A, 0x16, 0xB5, 0x3B, 0x4C, 0x8C, 0x48, 0x5E, 0x15, 0x54, 0x10, 0x7B, 0x61,
    0xE0, 0x8A, 0xA9, 0x02, 0xD0, 0x05, 0x6E, 0x75, 0x29, 0x67, 0x5D, 0x90, 0x60, 0xF5, 0x1D, 0x21,
    0x3E, 0x5D, 0x53, 0x40, 0xAE, 0xC7, 0xE8, 0x0C, 0xBB, 0xEF, 0x45, 0x0D, 0xE1, 0x18, 0x4C, 0x16,
    0xA3, 0xE9, 0x0A, 0x93, 0xC7, 0x08, 0x1B, 0xA3, 0x1C, 0xBC, 0xE9, 0xB4, 0x4C, 0xE1, 0x3C, 0xC3,
    0xC1, 0x9B, 0x26, 0xCB, 0x74, 0xEE, 0x94, 0x76, 0xF0, 0x56, 0xBD, 0x3B, 0x8E, 0xC3, 0xD9, 0x13,
    0xD6, 0x25, 0x9B, 0x3D, 0x8D, 0x51, 0x13, 0x23, 0x6E, 0xF0, 0xC4, 0x07, 0x98, 0x94, 0x46, 0x01,
    0x06, 0x4F, 0x2B, 0x00, 0x53, 0xD1, 0x73, 0x8E, 0x81, 0xB5, 0x0F, 0x19, 0x12, 0x32, 0x00, 0x86,
    0x4A, 0xB9, 0x00, 0xFF, 0x7C, 0xF6, 0x74, 0x5A, 0x4D, 0xF4, 0x9E, 0x61, 0xA8, 0x78, 0x6B, 0x86,
    0x2D, 0x07, 0xCD, 0xB0, 0xC5, 0xA5, 0x19, 0xB6, 0xAE, 0x35, 0xD3, 0x51, 0xD9, 0x55, 0x0C, 0x59,
    0x46, 0x9F, 0x28, 0x07, 0x6F, 0x50, 0xED, 0x7B, 0x0A, 0x6B, 0x16, 0xE4, 0xA9, 0xF0, 0x4E, 0xB1,
    0x07, 0x27, 0x98, 0x1B, 0x64, 0x84, 0xCF, 0xA4, 0x64, 0x9B, 0xD3, 0xC6, 0xD6, 0x90, 0xB3, 0xD4,
    0x27, 0x55, 0x7B, 0x45, 0xF3, 0x0B, 0x34, 0xD3, 0x0A, 0xC1, 0x7B, 0xFA, 0x77, 0x21, 0xFE, 0x41,
    0x17, 0x9C, 0x10, 0xFF, 0xD2, 0x11, 0x5C, 0xEA, 0x32, 0x29, 0x29, 0x6F, 0xD9, 0x18, 0xAA, 0xEB,
    0x35, 0x19, 0x0E, 0xF3, 0xAD, 0x05, 0xA9, 0xCC, 0xD4, 0x9C, 0xB3, 0xD9, 0x81, 0x1D, 0x7C, 0xE4,
    0xFE, 0x01, 0xDD, 0xDD, 0xC0, 0x66, 0x15, 0xEC, 0x7C, 0x6B, 0xE0, 0x61, 0x27, 0x58, 0x9F, 0x95,
    0xD3, 0x6D, 0x2E, 0xD9, 0x6B, 0xC7, 0x8F, 0xA8, 0xB2, 0x60, 0x7D, 0xA4, 0x81, 0x1C, 0x46, 0x22,
    0x90, 0xD5, 0xCE, 0x2E, 0x79, 0x92, 0x4C, 0x19, 0xF9, 0x32, 0xEF, 0xAF, 0x02, 0x57, 0x3D, 0x32,
    0x6E, 0xA3, 0x26, 0xAB, 0xC9, 0x5B, 0x5F, 0xAE, 0xAF, 0x2E, 0x43, 0x33, 0x58, 0x95, 0x75, 0xB0,
    0x72, 0x6D, 0xF5, 0x24, 0xB0, 0x65, 0x75, 0x9C, 0xD3, 0x00, 0x9E, 0x4E, 0xB0, 0xE7, 0xE7, 0x74,
    0x5C, 0xA6, 0x40, 0xB7, 0xF8, 0xDA, 0xA6, 0xB2, 0x56, 0xF8, 0xE0, 0x34, 0xB8, 0xA7, 0xB5, 0x50,
    0x89, 0x3B, 0x06, 0xAB, 0x77, 0x0C, 0xCE, 0x34, 0xD9, 0x59, 0x60, 0xA8, 0x89, 0x98, 0xD4, 0x18,
    0x52, 0xD9, 0x11, 0x57, 0xCD, 0xD7, 0x9F, 0x3C, 0x9E, 0xD1, 0x88, 0xF3, 0x41, 0xEF, 0x9B, 0x57,
    0xF6, 0xBE, 0xB7, 0x00, 0x66, 0x54, 0x6F, 0x8C, 0x71, 0xD7, 0x53, 0x58, 0x31, 0x1D, 0xF2, 0x35,
    0x57, 0x29, 0x22, 0x80, 0x3D, 0x83, 0x07, 0x66, 0xDA, 0x93, 0xFC, 0xBC, 0x96, 0xDD, 0x7A, 0xC1,
    0x4E, 0x66, 0x13, 0xFE, 0xB5, 0x5C, 0x8F, 0xA5, 0xBC, 0x52, 0x95, 0x7A, 0x47, 0x60, 0xAC, 0x15,
    0x1A, 0x69, 0xD2, 0x35, 0xEB, 0xEF, 0x1F, 0xA1, 0xFB, 0x0D, 0xEB, 0xFE, 0x05, 0xED, 0xC2, 0x78,
    0x8B, 0xF5, 0x68, 0xEC, 0xD8, 0xF6, 0x21, 0x7C, 0x6D, 0xE9, 0x5F, 0xDD, 0x30, 0x78, 0x4D, 0x0D,
    0x1F, 0x12, 0xF6, 0x8F, 0xB9, 0xCB, 0xF2, 0x80, 0xF5, 0x37, 0x5F, 0x18, 0xD5, 0x91, 0x3D, 0xC9,
    0xAE, 0x1E, 0x28, 0xEC, 0x66, 0xD6, 0xDF, 0xFA, 0x8A, 0xC1, 0xEF, 0xBF, 0x9D, 0xE2, 0xBD, 0x9A,
    0xE8, 0x17, 0xE4, 0x85, 0x99, 0xCF, 0xD3, 0x86, 0x4D, 0x85, 0xA0, 0x92, 0xEB, 0x36, 0xDE, 0x7D,
    0xC0, 0xE0, 0xE4, 0x13, 0x66, 0x1F, 0x30, 0x47, 0xCB, 0xA8, 0x50, 0xF0, 0x67, 0xEE, 0x31, 0x34,
    0x39, 0xAC, 0x17, 0xE9, 0x8C, 0x90, 0x52, 0xB8, 0x33, 0x3D, 0x2B, 0x06, 0x93, 0xE7, 0x05, 0xE0,
    0xC6, 0xE1, 0x18, 0x13, 0xB8, 0x52, 0x89, 0x4C, 0x98, 0x19, 0xFD, 0x73, 0x95, 0x7D, 0x77, 0x37,
    0x88, 0x03, 0x1F, 0xCE, 0xC5, 0xD0, 0xBA, 0xA4, 0x7F, 0xF6, 0xD5, 0xE5, 0xDD, 0x88, 0x1F, 0x35,
    0x8D, 0x9E, 0xE7, 0x02, 0x01, 0xFF, 0x17, 0x66, 0x46, 0x92, 0x2E, 0xBD, 0xD5, 0x41, 0xB2, 0xA7,
    0xDB, 0x87, 0xE7, 0xEA, 0x45, 0xBD, 0x10, 0x1F, 0x77, 0xB5, 0xA3, 0xCD, 0xEE, 0x98, 0x32, 0x18,
    0x79, 0xDC, 0x57, 0x73, 0x12, 0x48, 0xF5, 0xE6, 0xEB, 0x81, 0x3F, 0xA7, 0x17, 0x74, 0xDE, 0x3D,
    0x91, 0x5A, 0x94, 0x1F, 0xEE, 0xD0, 0x50, 0xA6, 0x79, 0xA6, 0xAC, 0xCE, 0xBE, 0x84, 0x7F, 0xD9,
    0xAC, 0xF8, 0xEF, 0xEF, 0x98, 0xB7, 0x96, 0xC9, 0x16, 0x98, 0xA5, 0x80, 0x77, 0xBC, 0xDD, 0x78,
    0x51, 0xBC, 0xFE, 0xCC, 0x78, 0xF0, 0x43, 0x7A, 0x5F, 0x46, 0x5E, 0x4C, 0xEF, 0xDA, 0xD7, 0xE2,
    0x1B, 0x66, 0x3E, 0xB8, 0x25, 0x90, 0x78, 0x8B, 0xA4, 0x64, 0x81, 0x3C, 0x12, 0xD8, 0x9B, 0xEC,
    0xED, 0x5F, 0x8B, 0x2F, 0x3A, 0xE1, 0xD6, 0xF8, 0xFC, 0x63, 0xD1, 0x27, 0x24, 0xD1, 0x7B, 0x50,
    0xED, 0xAD, 0x6C, 0xD2, 0xBF, 0x3A, 0x84, 0xEA, 0x6D, 0x7E, 0x9D, 0xFA, 0xA3, 0xFB, 0x63, 0xD6,
    0x9C, 0x36, 0x94, 0x35, 0x36, 0x86, 0xB6, 0xCE, 0x6D, 0x4F, 0xE0, 0xE5, 0xA5, 0x1D, 0xA8, 0x6C,
    0x8D, 0x4D, 0xA6, 0x49, 0x65, 0x4E, 0x11, 0x7B, 0x93, 0xE3, 0x08, 0xA1, 0x28, 0x33, 0x3E, 0x9D,
    0xC9, 0xAD, 0xDE, 0x23, 0xAE, 0x4D, 0x2E, 0xF4, 0xE8, 0xF0, 0x04, 0x1E, 0x73, 0x62, 0x8F, 0xEE,
    0x8C, 0xA3, 0x9B, 0xC0, 0x79, 0xF5, 0x04, 0x91, 0x3C, 0xC4, 0x0F, 0x21, 0x94, 0x67, 0xB0, 0x8A,
    0xF3, 0x1A, 0x99, 0x70, 0xF3, 0x51, 0x04, 0x78, 0x66, 0xB8, 0x84, 0xF7, 0x20, 0x7A, 0x3B, 0x35,
    0x1C, 0xD7, 0x90, 0x94, 0xFA, 0xB2, 0xD8, 0xC4, 0x30, 0xCF, 0x8F, 0xCD, 0xB1, 0xF9, 0xD6, 0x62,
    0x54, 0xBE, 0xE7, 0xC2, 0x4F, 0xCC, 0x51, 0xFC, 0x86, 0xF6, 0x27, 0x7E, 0x09, 0x4C, 0xC7, 0xD3,
    0xE0, 0x99, 0xE1, 0xD2, 0xC3, 0x74, 0xBE, 0x7C, 0xAC, 0xCE, 0xA6, 0x73, 0x32, 0xDF, 0x4A, 0x16,
    0x32, 0x22, 0x1F, 0x0A, 0x53, 0x79, 0x51, 0xB1, 0x16, 0xF3, 0x86, 0x8B, 0xC1, 0xB9, 0x89, 0x4F,
    0x8C, 0x4E, 0x7E, 0x34, 0xB6, 0xF2, 0x58, 0x99, 0xF4, 0xB2, 0xC9, 0xC9, 0xA3, 0x4E, 0x87, 0x41,
    0x79, 0x36, 0xBE, 0x7D, 0x69, 0xE5, 0x3D, 0xD1, 0x38, 0xB7, 0xEB, 0x21, 0xC3, 0x60, 0x3F, 0xAC,
    0x97, 0x52, 0x63, 0x1D, 0x21, 0xD4, 0xB8, 0x15, 0x7F, 0x83, 0x74, 0xFF, 0x8D, 0xC2, 0xF2, 0xF1,
    0xDF, 0x28, 0x2C, 0x6B, 0xDD, 0x2B, 0x2C, 0x6F, 0xCF, 0x15, 0x56, 0xF1, 0x96, 0x5F, 0xEB, 0xF5,
    0x3A, 0x65, 0x0A, 0x1B, 0xF7, 0xE1, 0x9F, 0xF2, 0xB1, 0x7D, 0x06, 0x47, 0xFB, 0xF8, 0x02, 0xA1,
    0x79, 0xDF, 0xD1, 0xEA, 0x83, 0xC8, 0xE0, 0xD4, 0xDA, 0x00, 0xF0, 0x3E, 0x64, 0x8B, 0xEF, 0x1B,
    0x02, 0xCE, 0x70, 0x5B, 0x4E, 0x40, 0xE7, 0x54, 0x10, 0x1C, 0x8C, 0x51, 0xC5, 0xDC, 0xF7, 0xA2,
    0x83, 0xE7, 0xD7, 0x8F, 0xA7, 0x71, 0xB4, 0xDD, 0xAC, 0x1B, 0xBD, 0xF7, 0xA9, 0x5B, 0x56, 0xD1,
    0x18, 0x68, 0xB6, 0xA4, 0x17, 0x67, 0xE2, 0x84, 0x05, 0xAF, 0xB7, 0xEC, 0x99, 0xBF, 0x7E, 0x84,
    0x1B, 0x6F, 0x8C, 0x4D, 0xCB, 0x22, 0xB6, 0xEA, 0x41, 0x3C, 0xA5, 0x4D, 0x20, 0x9A, 0x36, 0x93,
    0x8C, 0xBB, 0xDA, 0x65, 0xDD, 0x1C, 0x30, 0x0B, 0x10, 0x93, 0x0C, 0x62, 0xFB, 0xCE, 0xA9, 0xAE,
    0xE2, 0x87, 0x11, 0xCD, 0x1D, 0x72, 0x63, 0x30, 0xAF, 0xA2, 0x98, 0xED, 0x6B, 0x1C, 0x9D, 0x7A,
    0x8E, 0xD7, 0x90, 0xB2, 0x30, 0x78, 0xEE, 0xBD, 0x22, 0xB5, 0xFE, 0x7E, 0x4F, 0x2B, 0x7B, 0xCB,
    0x22, 0x0F, 0x93, 0x78, 0x49, 0x74, 0xDB, 0x1A, 0xF5, 0xC7, 0x4B, 0x65, 0x69, 0xE3, 0x14, 0x0E,
    0xCC, 0x93, 0x6E, 0xE8, 0x46, 0xB9, 0xA7, 0xDB, 0x24, 0x77, 0xC7, 0x07, 0x76, 0x29, 0x5A, 0xBD,
    0x74, 0x64, 0x3B, 0x6F, 0xBF, 0x18, 0xBC, 0x3F, 0x4F, 0xFF, 0x3E, 0xE9, 0x74, 0xA6, 0x8C, 0xF9,
    0x3C, 0x0C, 0xDE, 0x7A, 0xF3, 0x07, 0x95, 0x7A, 0x79, 0xFC, 0x55, 0xAF, 0xDD, 0x09, 0xB4, 0x79,
    0x49, 0x84, 0xDF, 0x92, 0x0E, 0x14, 0xE5, 0x13, 0x0D, 0x70, 0x55, 0x82, 0xBE, 0x4C, 0xA6, 0x52,
    0xBE, 0xAC, 0x5C, 0xEB, 0xBC, 0x95, 0x9A, 0xBC, 0x73, 0xB0, 0x71, 0xB1, 0xAF, 0x0A, 0xDE, 0xEC,
    0x1F, 0x9C, 0xA7, 0x97, 0x0A, 0x4C, 0x78, 0x82, 0x6C, 0x53, 0x5C, 0x55, 0x3D, 0x35, 0x59, 0xF4,
    0x5C, 0x97, 0xCC, 0x80, 0x49, 0xC9, 0xFB, 0xD1, 0xFE, 0x2A, 0xF6, 0x56, 0xB8, 0x79, 0xF2, 0x86,
    0x1E, 0x6A, 0x7C, 0xC9, 0xB4, 0x08, 0xCF, 0xCE, 0xF7, 0x32, 0xDD, 0xCF, 0x06, 0x63, 0x7E, 0x62,
    0xFB, 0x80, 0xB6, 0x10, 0xDC, 0x15, 0x2B, 0xB8, 0x1D, 0xB3, 0xED, 0x32, 0xEE, 0xDC, 0x54, 0xBC,
    0xEB, 0x1D, 0xCB, 0x76, 0x52, 0xE3, 0xF2, 0x54, 0xFC, 0x17, 0xD3, 0x73, 0x0B, 0x1D, 0x1E, 0x1C,
    0x13, 0x30, 0x1C, 0xF5, 0x49, 0x93, 0xFC, 0x07, 0x8B, 0xA9, 0xD3, 0xE1, 0xFA, 0x51, 0x3D, 0x74,
    0xC0, 0x19, 0x51, 0x6D, 0x16, 0xF0, 0x73, 0x0C, 0xA3, 0x81, 0xDA, 0x03, 0x37, 0x47, 0xB4, 0x0A,
    0x16, 0x76, 0x83, 0xD3, 0x30, 0x35, 0x33, 0x3E, 0x43, 0x7F, 0xB5, 0xD6, 0x33, 0x67, 0x3B, 0xBA,
    0xFB, 0xE6, 0x2D, 0xB7, 0x3D, 0x42, 0x65, 0xD8, 0x19, 0x93, 0x12, 0x53, 0x15, 0xE1, 0xED, 0x52,
    0x80, 0x13, 0x9C, 0x59, 0x60, 0xBA, 0x62, 0x46, 0x60, 0xA9, 0x12, 0x92, 0xB4, 0x2C, 0x68, 0x28,
    0x0D, 0x39, 0x38, 0x6E, 0x71, 0xE9, 0x8F, 0x0C, 0xC2, 0x99, 0x89, 0x83, 0x47, 0x0A, 0x2B, 0x0E,
    0x41, 0x66, 0x5F, 0x0A, 0xC2, 0x11, 0xF4, 0x77, 0x0A, 0xBE, 0x4A, 0x7F, 0xBD, 0xA1, 0xF3, 0xC6,
    0xB9, 0xF0, 0x21, 0x9B, 0x94, 0x9C, 0x43, 0x38, 0xE9, 0x22, 0x59, 0xAE, 0x76, 0xBA, 0x23, 0x71,
    0x45, 0x61, 0x2C, 0xE6, 0x98, 0x88, 0x8A, 0x4A, 0x1B, 0x21, 0x82, 0xA4, 0xF6, 0x4C, 0x13, 0xD2,
    0x84, 0xF7, 0x91, 0x27, 0x68, 0x34, 0x08, 0xD2, 0x01, 0x0E, 0x70, 0x41, 0xCC, 0x46, 0x38, 0xC0,
    0x05, 0x11, 0x1D, 0x20, 0xF6, 0x6F, 0xE5, 0xD9, 0x1C, 0xE0, 0x2A, 0x68, 0x24, 0x4E, 0x2F, 0x27,
    0xB3, 0x16, 0x66, 0xA3, 0x6E, 0x7A, 0x05, 0x21, 0x5C, 0x55, 0x29, 0xF5, 0xA2, 0x7F, 0x11, 0xC3,
    0xFE, 0xB6, 0xC5, 0x17, 0x2A, 0xE0, 0x6A, 0xDF, 0xA2, 0xD6, 0xCE, 0x16, 0xBA, 0x5A, 0x9E, 0x27,
    0xE6, 0x39, 0x6A, 0xBE, 0x1F, 0x57, 0x2D, 0xBA, 0x79, 0x0D, 0x3B, 0xB1, 0x25, 0x6A, 0x45, 0xE2,
    0x87, 0xAF, 0x43, 0x9B, 0x05, 0xD0, 0x24, 0x73, 0x45, 0xDF, 0xF2, 0x29, 0xC7, 0x59, 0x3E, 0xB7,
    0x2F, 0xE9, 0x27, 0x12, 0xAF, 0xA9, 0x0B, 0x6F, 0x69, 0xE8, 0xFA, 0x1D, 0x7C, 0x07, 0x5F, 0xF4,
    0x94, 0xE3, 0x3D, 0xBE, 0x42, 0x79, 0xA8, 0xBB, 0xE1, 0x70, 0x73, 0x12, 0x7A, 0x37, 0xC3, 0xDA,
    0xBF, 0xEF, 0xE5, 0xFA, 0x5E, 0x08, 0x1E, 0x32, 0xEC, 0xB8, 0xD5, 0x5C, 0x04, 0xD9, 0x3F, 0x5E,
    0x2F, 0x0E, 0xCF, 0x9F, 0x67, 0x54, 0x06, 0x3F, 0x33, 0x43, 0x35, 0x92, 0xFA, 0x1D, 0x8A, 0x47,
    0xAF, 0xD4, 0x5F, 0xB4, 0x1E, 0x9F, 0xE8, 0x53, 0x06, 0xBF, 0xA2, 0x35, 0x58, 0xFA, 0x29, 0x78,
    0xC7, 0x13, 0x3D, 0xE2, 0xFD, 0x4D, 0xF8, 0x68, 0xE4, 0xC2, 0xFB, 0xCD, 0x06, 0xEA, 0xB7, 0x24,
    0x6C, 0x9C, 0xE3, 0x0E, 0x5C, 0xAF, 0x0F, 0xE0, 0xED, 0x0F, 0x41, 0x5E, 0x19, 0x73, 0x6E, 0x7A,
    0xCB, 0x83, 0xFF, 0x3C, 0x83, 0xD1, 0xC2, 0x99, 0x87, 0x41, 0xBD, 0xA8, 0x68, 0x7F, 0x22, 0x6B,
    0xAC, 0xE3, 0xB3, 0xD9, 0xF2, 0xAC, 0xB1, 0xD3, 0x49, 0x74, 0x8B, 0xB3, 0x49, 0xC7, 0xA2, 0xE1,
    0x72, 0xB3, 0xE1, 0x70, 0xC7, 0x9B, 0xD5, 0x9F, 0x5C, 0x1B, 0x5E, 0x2B, 0x0F, 0x27, 0x5B, 0x79,
    0x7C, 0xA1, 0x56, 0x9E, 0x68, 0x56, 0x7A, 0x7A, 0xF0, 0x82, 0x56, 0x9E, 0x4E, 0xB9, 0xF3, 0x5A,
    0x39, 0xF3, 0x56, 0xFA, 0x12, 0xDA, 0xBC, 0x42, 0x2B, 0xC7, 0xE7, 0x1F, 0x4B, 0xF7, 0x1D, 0xFC,
    0x10, 0xA1, 0x79, 0xBB, 0xD1, 0xFB, 0x14, 0x25, 0x13, 0x45, 0x1D, 0x45, 0x25, 0xF9, 0xC1, 0x0E,
    0xF1, 0x13, 0xB7, 0xC2, 0x33, 0x66, 0xF6, 0x64, 0x22, 0x8C, 0xD1, 0x6D, 0x28, 0xBA, 0xA6, 0xC1,
    0xBC, 0x23, 0x3B, 0x15, 0x69, 0x68, 0x12, 0xC1, 0xC0, 0x82, 0x7E, 0x0D, 0x3B, 0x2E, 0x69, 0x88,
    0xDA, 0x21, 0xA8, 0x52, 0xD6, 0xB9, 0x45, 0xC5, 0xFC, 0x21, 0x45, 0x57, 0xA6, 0xB7, 0xBF, 0xA0,
    0xFD, 0xCB, 0x49, 0x8F, 0x9A, 0x98, 0xF6, 0xA1, 0x79, 0x40, 0x7E, 0x8B, 0x44, 0xFC, 0xD4, 0x75,
    0x22, 0x63, 0x76, 0x6A, 0xC6, 0x8C, 0xFA, 0x8C, 0x1D, 0x5D, 0x66, 0x2C, 0x09, 0xB3, 0xA3, 0x29,
    0x24, 0x25, 0xBD, 0xEF, 0x16, 0x3B, 0x0E, 0xAA, 0xBC, 0x1E, 0x59, 0x54, 0x5C, 0x99, 0xE4, 0xBC,
    0x06, 0x2E, 0x6C, 0x0A, 0xF1, 0x6F, 0x44, 0xB5, 0x18, 0xB2, 0x9B, 0xCC, 0xBD, 0x92, 0xD7, 0x27,
    0x8D, 0x45, 0x7A, 0x01, 0x21, 0x8A, 0xF1, 0x54, 0xA7, 0x71, 0x2B, 0x01, 0x51, 0xAE, 0x9B, 0x84,
    0xA8, 0xC0, 0x9F, 0xEC, 0x68, 0x22, 0x3C, 0xBC, 0xB1, 0xA8, 0xC3, 0x97, 0xBE, 0x1B, 0xA7, 0xCF,
    0x32, 0x9B, 0xF2, 0xBF, 0x71, 0xA8, 0xC2, 0x9F, 0x22, 0x31, 0xDE, 0xBE, 0xCD, 0x84, 0x6B, 0xE0,
    0xED, 0x0B, 0x44, 0x6A, 0x87, 0xE8, 0x01, 0xFD, 0xEE, 0x67, 0x1D, 0xF6, 0x32, 0x63, 0x0E, 0x56,
    0xC6, 0x54, 0x7E, 0xC6, 0x1C, 0x86, 0x6C, 0x29, 0xD0, 0xC2, 0xE6, 0x68, 0xA0, 0xF9, 0x39, 0x9F,
    0xAE, 0xC7, 0x8D, 0x3C, 0x85, 0xF2, 0x6D, 0xA2, 0x0B, 0xFA, 0x83, 0x13, 0x2C, 0xA5, 0x97, 0xE7,
    0xFB, 0xF2, 0x64, 0x60, 0x76, 0x0E, 0x9F, 0xB1, 0x73, 0x7A, 0xEE, 0xA2, 0xB6, 0xE8, 0xCE, 0x42,
    0x22, 0x9C, 0xD8, 0xA8, 0x77, 0xC0, 0xF0, 0x18, 0x70, 0xAF, 0xDA, 0xD2, 0xE1, 0x54, 0x6D, 0xC0,
    0x2D, 0xDE, 0xC1, 0xDB, 0x76, 0x26, 0xD8, 0x34, 0xC0, 0x4F, 0x29, 0x99, 0x58, 0xD3, 0x08, 0xEF,
    0x92, 0xA8, 0x82, 0xDE, 0xB6, 0x3A, 0x8C, 0x34, 0xE9, 0xCD, 0xD4, 0xBA, 0xED, 0x2A, 0xAE, 0x10,
    0xDB, 0x38, 0x53, 0xA6, 0x4F, 0x32, 0xD0, 0xC3, 0x4F, 0x19, 0x4A, 0xF4, 0x91, 0x0F, 0xC6, 0x9C,
    0x54, 0x48, 0x32, 0x77, 0x91, 0x02, 0x89, 0x0A, 0x8A, 0xFA, 0xC2, 0x05, 0x15, 0xA4, 0x81, 0x69,
    0x5E, 0x52, 0x83, 0x5F, 0x21, 0xE0, 0x68, 0xAC, 0x5C, 0x34, 0xA2, 0xF6, 0x51, 0x4D, 0xD1, 0xFE,
    0xB9, 0xD1, 0xE1, 0x14, 0x6A, 0xD7, 0xD1, 0xF4, 0x0E, 0xBD, 0x6E, 0x74, 0xBB, 0xA1, 0x08, 0x0D,
    0x96, 0xD7, 0x8D, 0x6A, 0xAA, 0xF2, 0x17, 0x7F, 0x78, 0x06, 0x17, 0xEB, 0x95, 0x4F, 0xD0, 0x17,
    0xD3, 0xFD, 0xE4, 0x50, 0x2F, 0xA3, 0x26, 0x08, 0x4B, 0xF0, 0x5F, 0x24, 0xE5, 0xC4, 0x81, 0xDA,
    0x50, 0xF7, 0xAC, 0x82, 0x41, 0xCD, 0x72, 0x21, 0xFC, 0xDC, 0xDB, 0xCE, 0x4F, 0xBD, 0x2D, 0xFD,
    0x3C, 0x5B, 0x7C, 0x81, 0x22, 0x48, 0xF2, 0x0D, 0xDE, 0x1F, 0x70, 0x44, 0x8D, 0x79, 0xB8, 0x03,
    0x37, 0x18, 0x59, 0xCA, 0xEF, 0x33, 0x08, 0x8C, 0x2F, 0x7F, 0xE3, 0xC4, 0x8B, 0x36, 0x0C, 0x63,
    0xAC, 0xEB, 0xBD, 0x0D, 0xC6, 0xC3, 0xCF, 0x54, 0x0E, 0x92, 0x99, 0xF1, 0x28, 0x86, 0x7A, 0x43,
    0x6C, 0x5E, 0x32, 0x6F, 0xE6, 0xC0, 0x21, 0xD3, 0x2F, 0x01, 0x3C, 0x25, 0x2E, 0x19, 0x0F, 0x6B,
    0xF5, 0x3E, 0x11, 0x79, 0xC4, 0xDE, 0x27, 0x1A, 0x8F, 0xB8, 0xE2, 0x02, 0x36, 0x13, 0x49, 0x1E,
    0x7C, 0x59, 0x7F, 0x13, 0x09, 0x3B, 0x40, 0x8F, 0x82, 0x05, 0x77, 0x06, 0x62, 0x7E, 0xD3, 0xBB,
    0x7F, 0x36, 0xA2, 0xF7, 0x09, 0xEA, 0xD2, 0xFD, 0x1F, 0x7D, 0x5A, 0x31, 0x96, 0xE3, 0xC8, 0x0D,
    0x25, 0xC5, 0xE7, 0xD6, 0xBE, 0xA7, 0x80, 0x4E, 0x26, 0xEA, 0x40, 0x47, 0xD0, 0x11, 0xA8, 0xE7,
    0xC4, 0xE9, 0x06, 0xD3, 0x1B, 0xF8, 0x08, 0x3B, 0x41, 0x1F, 0x81, 0x3A, 0x42, 0x3B, 0xD8, 0x1B,
    0x6C, 0xD4, 0x1B, 0x4C, 0xE2, 0xC0, 0x19, 0x75, 0x04, 0x1D, 0x41, 0xC1, 0x38, 0xB0, 0x9D, 0x28,
    0x60, 0xA0, 0x9E, 0x47, 0xB1, 0x4C, 0xA0, 0x00, 0xD4, 0x47, 0xB1, 0xC6, 0x7A, 0x6F, 0x57, 0x9A,
    0xDF, 0xC5, 0xE2, 0xAF, 0x2A, 0x00, 0x1F, 0x00, 0x59, 0x55, 0xD5, 0xE7, 0x0A, 0x3E, 0xE1, 0x12,
    0xBF, 0xF7, 0x0F, 0x00, 0x37, 0xE1, 0xCC, 0xDF, 0x75, 0x98, 0x01, 0xDD, 0x86, 0x63, 0x1C, 0xEA,
    0xD0, 0x76, 0x96, 0xA1, 0x0E, 0x3D, 0x4C, 0x32, 0xD4, 0xA1, 0xFD, 0xC8, 0x5F, 0x83, 0x47, 0xC3,
    0x35, 0xA2, 0xF3, 0xEB, 0xBC, 0xA6, 0x30, 0x5C, 0x0E, 0xF3, 0x9A, 0xC2, 0x3F, 0x2B, 0x44, 0x5B,
    0xFB, 0x8D, 0xA8, 0x50, 0xC8, 0x50, 0xA1, 0x90, 0xA1, 0x42, 0xC1, 0xA3, 0x4A, 0xC1, 0xA3, 0x4A,
    0xC1, 0xA3, 0x6D, 0xA8, 0x0A, 0x68, 0xA2, 0x80, 0x68, 0xA2, 0x80, 0x68, 0xB8, 0x15, 0x50, 0xA0,
    0x00, 0x28, 0x50, 0x00, 0x14, 0x28, 0x00, 0x0A, 0x14, 0x00, 0x05, 0x0A, 0x80, 0x02, 0x85, 0x84,
    0x22, 0x85, 0x84, 0x22, 0x85, 0x84, 0x22, 0x85, 0x84, 0x32, 0x85, 0xE7, 0xF0, 0x71, 0x74, 0x28,
    0x51, 0xD8, 0x86, 0x10, 0xEE, 0x0E, 0x25, 0x0A, 0xFD, 0x82, 0x86, 0x13, 0xA0, 0x44, 0xA1, 0x21,
    0x90, 0x09, 0x2A, 0xBA, 0x5D, 0xC6, 0x2C, 0xF6, 0xF5, 0x3E, 0x84, 0x09, 0x50, 0xA2, 0xD0, 0x87,
    0xB7, 0xE5, 0x9A, 0x00, 0xE8, 0x42, 0xA1, 0xE6, 0x61, 0x1D, 0x4D, 0xAC, 0x68, 0x7F, 0x17, 0xFB,
    0xDF, 0xD1, 0x1A, 0x15, 0xA5, 0x9B, 0x74, 0xF4, 0xA3, 0x21, 0xAB, 0x10, 0x94, 0x77, 0xE1, 0xA7,
    0x68, 0xE8, 0x37, 0x43, 0xB7, 0x4C, 0xD3, 0xAE, 0x12, 0x14, 0x76, 0x01, 0x50, 0x38, 0x08, 0x40,
    0xFB, 0x3B, 0xA0, 0x9F, 0x5E, 0x5E, 0xE7, 0x97, 0xCF, 0xFE, 0x20, 0xC2, 0x75, 0xE0, 0x95, 0xBB,
    0x83, 0xD8, 0x84, 0x8B, 0xA2, 0x40, 0x61, 0x1B, 0xCE, 0x8A, 0x02, 0x85, 0x7D, 0x38, 0x2A, 0x0A,
    0x14, 0x86, 0x47, 0xF5, 0xE9, 0x65, 0xF9, 0x7C, 0x46, 0x0A, 0xBB, 0x30, 0xAE, 0xCC, 0xF1, 0xE5,
    0x6F, 0xC1, 0xDD, 0x57, 0xBE, 0x43, 0x78, 0x80, 0x47, 0x9C, 0x0C, 0xBD, 0xAE, 0x3C, 0x82, 0x50,
    0xF0, 0x88, 0x47, 0x42, 0xD3, 0xE0, 0x44, 0xA1, 0x7E, 0x4D, 0x13, 0xC3, 0x2E, 0x2C, 0xD1, 0xE5,
    0xE8, 0x29, 0xC8, 0xDA, 0xCE, 0x55, 0x7E, 0x10, 0x74, 0x6E, 0xB7, 0x82, 0x39, 0x56, 0xBA, 0xB8,
    0x03, 0x46, 0xBA, 0xAA, 0x9F, 0x72, 0x0A, 0xF4, 0xE9, 0xA6, 0xB5, 0x47, 0xD8, 0x95, 0x8E, 0x82,
    0x45, 0x4E, 0x47, 0xC1, 0x50, 0x4F, 0x41, 0x51, 0x4F, 0x41, 0xFF, 0xE9, 0x29, 0x28, 0x07, 0xA3,
    0xF0, 0x0F, 0xE0, 0x6B, 0x14, 0xB6, 0xF1, 0xD2, 0xE8, 0x45, 0x46, 0xA1, 0xE5, 0x1F, 0xB2, 0x0F,
    0x46, 0xA1, 0xE5, 0x1D, 0xD8, 0xC7, 0x4B, 0x8D, 0x42, 0x43, 0xBE, 0xB6, 0x89, 0x0E, 0x07, 0x14,
    0x16, 0x9B, 0xF9, 0xAF, 0x1E, 0x5C, 0xDA, 0x85, 0x3D, 0x5B, 0xD2, 0x3D, 0xDB, 0x05, 0x3E, 0xCC,
    0x78, 0x14, 0x0D, 0xEC, 0xC2, 0x41, 0x87, 0x2E, 0x56, 0x04, 0xEB, 0xFA, 0x12, 0xFE, 0x5D, 0xFD,
    0xF8, 0x53, 0x0F, 0xE1, 0x1B, 0xAA, 0x40, 0x9C, 0xAE, 0x97, 0x88, 0xE0, 0x82, 0x0F, 0x45, 0x0F,
    0xB0, 0x58, 0x51, 0x01, 0xBA, 0x2B, 0x18, 0x9C, 0xEE, 0x62, 0xF8, 0xFE, 0x07, 0x4C, 0x11, 0xE3,
    0x5F, 0x43, 0xE3, 0xFA, 0xB4, 0x8E, 0x68, 0x90, 0x3B, 0xFA, 0xDA, 0xDA, 0x9A, 0x9B, 0xB8, 0xB0,
    0x03, 0xDD, 0xB3, 0xB6, 0xDB, 0x09, 0x85, 0x38, 0xFB, 0x30, 0x79, 0x0A, 0xFB, 0x11, 0x6D, 0x48,
    0x7F, 0xD4, 0x57, 0x87, 0x62, 0x08, 0x4E, 0xA7, 0x01, 0x0E, 0x84, 0xCE, 0x72, 0x2E, 0xA0, 0x2E,
    0x04, 0x1B, 0xDA, 0xCE, 0x25, 0x3B, 0x46, 0x15, 0x48, 0xA8, 0xA3, 0x50, 0x0D, 0xF7, 0x02, 0x05,
    0x3D, 0x7B, 0x4F, 0x61, 0x23, 0x63, 0x3C, 0x85, 0xAD, 0x8C, 0xF1, 0x14, 0x5A, 0x19, 0x93, 0x51,
    0x98, 0x4B, 0x14, 0x42, 0xC9, 0xED, 0x9A, 0x22, 0x85, 0x56, 0xFE, 0xE5, 0x29, 0x74, 0xA1, 0xE8,
    0xF9, 0xA5, 0x5D, 0xB0, 0x28, 0x41, 0x14, 0x9E, 0xC3, 0xF7, 0xA3, 0x9B, 0x96, 0x28, 0x98, 0x3A,
    0xD9, 0xB4, 0x44, 0xC1, 0xD4, 0xC9, 0xA6, 0x5D, 0x28, 0x24, 0x75, 0xC2, 0xE0, 0x93, 0xD4, 0xC9,
    0xA6, 0x5D, 0x28, 0x90, 0xC1, 0xD5, 0xAC, 0x4E, 0x1D, 0x68, 0x61, 0x14, 0x31, 0x1A, 0xA6, 0x3E,
    0x43, 0x14, 0x78, 0x9F, 0x77, 0xCB, 0x05, 0x8D, 0x9E, 0x0A, 0x51, 0xE8, 0x8E, 0xA2, 0x4E, 0xAD,
    0x5A, 0x34, 0xED, 0xC2, 0x4F, 0x7A, 0x51, 0xF7, 0x58, 0xC9, 0x31, 0x4D, 0x35, 0xAE, 0x32, 0x82,
    0xE1, 0xD6, 0x98, 0xF1, 0x83, 0xE7, 0xDF, 0x6C, 0x5A, 0x38, 0x88, 0x70, 0xEB, 0x42, 0xFC, 0xE0,
    0x41, 0x00, 0x9A, 0xE2, 0xDF, 0x12, 0x19, 0x0C, 0x4D, 0x14, 0x16, 0xEB, 0x30, 0x34, 0x51, 0x58,
    0xD4, 0xC9, 0x50, 0xA0, 0x30, 0x57, 0xEB, 0xBC, 0x68, 0x1B, 0xEE, 0xAB, 0xD4, 0x8C, 0xD4, 0xE9,
    0x92, 0x0B, 0x51, 0xED, 0xD4, 0x49, 0x29, 0x6C, 0xE4, 0x80, 0xFC, 0x2E, 0xB0, 0x3A, 0x25, 0x0B,
    0x12, 0x0A, 0x75, 0x70, 0x83, 0xED, 0x27, 0xAA, 0x13, 0xEC, 0x42, 0x52, 0x27, 0xA7, 0x02, 0x7B,
    0xA3, 0x86, 0xE6, 0x68, 0x06, 0xE2, 0x55, 0xC0, 0x16, 0xE7, 0x54, 0x40, 0xD5, 0xC9, 0x7B, 0x44,
    0xF7, 0x28, 0x68, 0x21, 0xC4, 0x05, 0x14, 0xA2, 0xFD, 0x5C, 0xF2, 0x08, 0x45, 0xBD, 0x10, 0xED,
    0xE7, 0x92, 0x16, 0xEA, 0x18, 0xAF, 0x85, 0x5D, 0xA6, 0x85, 0xA8, 0x4E, 0x46, 0xA1, 0x41, 0x75,
    0x32, 0x0A, 0x4E, 0x9D, 0x52, 0xE0, 0x12, 0x75, 0xBA, 0x3A, 0x0A, 0xCB, 0xF9, 0xBC, 0xD1, 0xFE,
    0x9E, 0x3C, 0x85, 0xA8, 0x4E, 0x21, 0xDB, 0x05, 0x50, 0x27, 0x67, 0x8E, 0xF4, 0xB9, 0x48, 0x86,
    0x53, 0xA1, 0x94, 0x7D, 0xC8, 0xF9, 0x7D, 0x5E, 0xAB, 0x13, 0x62, 0x55, 0xFB, 0x28, 0x64, 0xD3,
    0x16, 0x46, 0x37, 0x61, 0x5A, 0xD7, 0x38, 0x8B, 0x2F, 0x4F, 0xEB, 0x1A, 0x67, 0xE1, 0x32, 0xA1,
    0x29, 0x9C, 0x55, 0xB2, 0xA6, 0x75, 0x8D, 0x13, 0x1C, 0xAA, 0x41, 0x35, 0xCC, 0xFD, 0x54, 0xC8,
    0x53, 0xDE, 0xBA, 0x69, 0x4D, 0x61, 0xAC, 0x10, 0x4D, 0x71, 0x1D, 0xD0, 0x26, 0x59, 0x31, 0xA0,
    0x10, 0x54, 0x01, 0x6D, 0x57, 0xAA, 0xFA, 0xE3, 0x9F, 0x10, 0xD7, 0x01, 0x05, 0x69, 0x49, 0x28,
    0x50, 0x00, 0x14, 0xE3, 0x7A, 0x42, 0x51, 0x5A, 0x12, 0xDA, 0x4D, 0x25, 0x14, 0xA5, 0x25, 0xA1,
    0xA8, 0x6E, 0x86, 0x22, 0x85, 0x84, 0x3A, 0x69, 0xE9, 0xA6, 0x02, 0x85, 0x95, 0xC6, 0x67, 0xFF,
    0x70, 0xEA, 0x66, 0xA8, 0x13, 0x58, 0x45, 0x23, 0x85, 0x2F, 0xE1, 0x77, 0x87, 0x32, 0x85, 0x9D,
    0x0A, 0x8E, 0xA2, 0x4C, 0x61, 0x50, 0x53, 0x57, 0x94, 0xBE, 0x39, 0x25, 0x62, 0xDA, 0xA8, 0xF1,
    0x87, 0x30, 0xBF, 0x47, 0x0F, 0x30, 0x7B, 0xB9, 0x52, 0xE2, 0x73, 0x5A, 0xC6, 0x8F, 0x09, 0x25,
    0x0A, 0xB1, 0x4A, 0xE2, 0x84, 0xA6, 0x9B, 0x8C, 0x42, 0x54, 0x1F, 0x2E, 0x59, 0x04, 0x6D, 0x83,
    0xEA, 0x3D, 0xBB, 0x94, 0xA0, 0xF4, 0x15, 0xBD, 0xBC, 0x21, 0x12, 0x82, 0x12, 0x85, 0xB8, 0x6B,
    0x9C, 0x1D, 0x42, 0x5E, 0x1B, 0xD3, 0xE1, 0x4D, 0x42, 0x39, 0xA8, 0x2A, 0x7A, 0x56, 0x94, 0x77,
    0xC1, 0xD0, 0x4F, 0x2F, 0xFD, 0x83, 0xEA, 0x16, 0xBE, 0x91, 0xCD, 0xC0, 0x0B, 0x7F, 0x88, 0x87,
    0xEE, 0xE5, 0x6E, 0xC7, 0x20, 0xC9, 0x20, 0x1F, 0x44, 0x64, 0xB6, 0x0D, 0x95, 0xA2, 0x1C, 0x4E,
    0x62, 0x34, 0x5A, 0xF8, 0xC9, 0x0C, 0x31, 0xAE, 0x6F, 0xE3, 0x8A, 0xA7, 0xEA, 0x25, 0x56, 0x49,
    0xD1, 0x16, 0x1A, 0x0E, 0xFF, 0xE9, 0x54, 0x25, 0xA2, 0x51, 0x20, 0xA9, 0x53, 0x2C, 0x96, 0x20,
    0xB1, 0xE8, 0xDA, 0xC7, 0x73, 0x32, 0x21, 0xB9, 0x8A, 0x0E, 0x33, 0x4C, 0xB9, 0xB4, 0x78, 0xC1,
    0x31, 0x69, 0x71, 0xA9, 0xAC, 0x46, 0xB4, 0x78, 0xC6, 0xD7, 0x4C, 0x5A, 0x96, 0x78, 0xFC, 0x9A,
    0x26, 0x3E, 0xC0, 0x39, 0xBF, 0x86, 0xE0, 0xA5, 0x25, 0xE6, 0xE8, 0x03, 0x64, 0x3A, 0x4C, 0x6C,
    0xB6, 0xE4, 0x17, 0x28, 0xEC, 0xE5, 0x58, 0x6E, 0x8E, 0x42, 0x37, 0x62, 0x45, 0x65, 0x14, 0x6E,
    0x98, 0x47, 0x2A, 0x85, 0xFE, 0x86, 0xCA, 0xA0, 0x71, 0x7D, 0xB8, 0x96, 0x6A, 0x1C, 0x87, 0xDA,
    0x2E, 0x0C, 0x37, 0x40, 0x2D, 0xAE, 0x0B, 0x1A, 0x27, 0x34, 0x75, 0xEB, 0x91, 0xD9, 0xC1, 0x7B,
    0x67, 0x1D, 0x6F, 0x63, 0xEA, 0xD6, 0x05, 0xAB, 0xF2, 0x41, 0x5A, 0x62, 0x4D, 0x19, 0xFF, 0x9F,
    0xA4, 0x65, 0x47, 0x5A, 0x21, 0x3A, 0xEF, 0xA4, 0xE5, 0xE3, 0x97, 0x21, 0xE6, 0x04, 0x20, 0xB0,
    0x83, 0x65, 0x83, 0x28, 0xB0, 0xAD, 0xF9, 0x66, 0xD5, 0xDD, 0xB1, 0xDE, 0xD1, 0x22, 0xE6, 0xD3,
    0xCF, 0x29, 0x2C, 0xFC, 0x69, 0xF8, 0xBF, 0x55, 0x52, 0xF5, 0x64, 0xE2, 0xE5, 0xBA, 0x78, 0xBD,
    0x2B, 0xC1, 0x37, 0x96, 0x23, 0x67, 0xF5, 0xFA, 0x51, 0x0D, 0x14, 0xCB, 0xAA, 0xD4, 0xC8, 0xFB,
    0xD7, 0x2F, 0x30, 0xCB, 0x41, 0xC3, 0xC0, 0x07, 0xED, 0xC2, 0x3D, 0x33, 0x67, 0x4E, 0x6C, 0xEB,
    0x90, 0x87, 0xD7, 0xED, 0x8C, 0x49, 0x7E, 0xEA, 0x27, 0x8E, 0x71, 0x87, 0xF3, 0x00, 0xFB, 0x67,
    0x2C, 0x14, 0xB2, 0xFA, 0x61, 0xA7, 0xB0, 0x2F, 0x20, 0xEC, 0x5A, 0x5F, 0x41, 0x18, 0xEC, 0xAB,
    0x18, 0x9D, 0xC4, 0xD7, 0x10, 0x76, 0x66, 0xBE, 0x88, 0xF8, 0x41, 0xCE, 0xF4, 0x83, 0x62, 0xCA,
    0x32, 0x37, 0x4F, 0x44, 0x1D, 0x29, 0x4B, 0x9B, 0x06, 0xEB, 0x95, 0x24, 0x22, 0x4F, 0xEF, 0x43,
    0x28, 0xD4, 0x74, 0xAD, 0x65, 0x2D, 0x8E, 0x48, 0x1B, 0x42, 0x69, 0x47, 0xDA, 0x54, 0x6C, 0x23,
    0x91, 0x36, 0x1D, 0xB1, 0x27, 0xB2, 0xD8, 0xDD, 0xAD, 0xB0, 0x23, 0x0B, 0x83, 0xA9, 0xB0, 0x23,
    0x9A, 0x92, 0x67, 0x3B, 0xC2, 0xF9, 0x7B, 0xEA, 0xF0, 0x7D, 0x83, 0xD5, 0x9F, 0xA1, 0xC5, 0x77,
    0x4D, 0x52, 0x7F, 0x81, 0x1E, 0xDF, 0x9C, 0xF2, 0xE7, 0x6B, 0x24, 0x02, 0x8D, 0x04, 0x65, 0x4C,
    0xCE, 0xD6, 0x72, 0x1D, 0x75, 0x43, 0x98, 0x88, 0x74, 0xCB, 0x6C, 0x90, 0x7B, 0x71, 0x57, 0x6D,
    0x12, 0xA6, 0x9D, 0x6B, 0x6A, 0x72, 0xA3, 0x6F, 0x44, 0x1B, 0xE3, 0x5B, 0x2E, 0x7F, 0x8A, 0x1E,
    0xBE, 0x44, 0xC4, 0xDA, 0x0A, 0xDB, 0xD8, 0x6D, 0x3C, 0xF3, 0xA0, 0xF3, 0xEE, 0xAC, 0xCA, 0xB8,
    0x65, 0xB9, 0x3C, 0x46, 0x6F, 0xEB, 0x6E, 0x6A, 0xFC, 0x44, 0x44, 0xB2, 0xCA, 0x70, 0x89, 0xC7,
    0xD8, 0x2D, 0xA3, 0x88, 0x88, 0xC1, 0xDC, 0x62, 0xE0, 0x5E, 0x3A, 0x11, 0x51, 0xD1, 0xB8, 0xEC,
    0xA9, 0xF2, 0x78, 0xA5, 0x05, 0xE8, 0x8A, 0x18, 0x8E, 0xB5, 0x24, 0x73, 0x3B, 0x9B, 0xE5, 0x2E,
    0x3F, 0x07, 0x71, 0x57, 0x0E, 0x3F, 0x5B, 0x89, 0x4F, 0xE7, 0x28, 0x28, 0x0F, 0xB9, 0xBE, 0x91,
    0xE5, 0x1C, 0x63, 0x10, 0x3A, 0xC9, 0xD1, 0x6C, 0xD8, 0x34, 0x78, 0x44, 0xFD, 0xEB, 0xFB, 0xCF,
    0x16, 0x04, 0xD9, 0x92, 0xD0, 0x8A, 0x24, 0x42, 0x92, 0xAF, 0x0F, 0xB7, 0x2A, 0x6B, 0xFB, 0x51,
    0x33, 0xFF, 0xAF, 0x60, 0x2E, 0x12, 0x07, 0x1B, 0xDF, 0x70, 0x31, 0x1B, 0x19, 0x7C, 0x02, 0xAB,
    0x91, 0xB0, 0x77, 0x41, 0x47, 0xA3, 0x71, 0x3C, 0xF9, 0x55, 0xFB, 0x71, 0x39, 0xAF, 0x57, 0x98,
    0x5C, 0xE3, 0x31, 0x5D, 0xF4, 0x9C, 0x66, 0xB1, 0xBA, 0x8F, 0xFE, 0xFA, 0x9A, 0x4B, 0x63, 0x23,
    0xD2, 0x9D, 0x95, 0x5D, 0xBB, 0xB9, 0x58, 0x77, 0xB5, 0x53, 0xB1, 0xF0, 0x52, 0x4D, 0xCF, 0x2A,
    0x2F, 0x09, 0xE4, 0xD8, 0x92, 0x06, 0x7D, 0xCC, 0xE3, 0x48, 0x06, 0xEB, 0x8E, 0xC8, 0x24, 0x79,
    0xF5, 0xA5, 0x73, 0x67, 0xE5, 0xD7, 0x61, 0xC2, 0x60, 0x64, 0x0A, 0x25, 0x57, 0x0F, 0xBE, 0x00,
    0x93, 0xEC, 0xA6, 0xCE, 0x94, 0x5A, 0xA2, 0x93, 0xC6, 0x28, 0xE8, 0x05, 0xCE, 0x90, 0x19, 0xA4,
    0x32, 0x30, 0x84, 0xEF, 0x2F, 0x5F, 0x35, 0x8D, 0x48, 0x8E, 0x78, 0x80, 0x7A, 0x0B, 0x6A, 0xD1,
    0x2D, 0x14, 0x5C, 0xD8, 0x0F, 0xEC, 0x53, 0xC5, 0x85, 0x0D, 0xC1, 0xFA, 0x6B, 0x6C, 0xBE, 0x70,
    0x3F, 0xFA, 0x25, 0xFD, 0x41, 0x76, 0x2B, 0x1A, 0x4C, 0xAA, 0xB0, 0x53, 0xB2, 0xE0, 0x71, 0x4B,
    0xC0, 0x32, 0xDC, 0x18, 0x08, 0xBE, 0x7A, 0x5C, 0x12, 0x3C, 0x6E, 0x0F, 0xC2, 0xB2, 0xC0, 0x68,
    0x9A, 0x9D, 0xE1, 0xB6, 0x1D, 0x1E, 0x4F, 0xF9, 0xA0, 0xC7, 0xD3, 0x86, 0x94, 0xA5, 0x88, 0x82,
    0x4E, 0xA1, 0x63, 0x4C, 0xF8, 0xA9, 0x48, 0x27, 0xC3, 0x8D, 0xCE, 0xC6, 0xE1, 0x89, 0xCE, 0xC6,
    0x45, 0xF6, 0x06, 0x72, 0x99, 0x63, 0x89, 0x8E, 0xB8, 0xCF, 0x8A, 0xCE, 0x82, 0x2F, 0x2E, 0x68,
    0xAD, 0x93, 0x94, 0xD1, 0x34, 0x01, 0xFB, 0x2F, 0xC9, 0x58, 0x9A, 0xF0, 0x9A, 0x82, 0x3B, 0x64,
    0xCB, 0x12, 0xEE, 0xC6, 0xDC, 0x5C, 0x16, 0x7C, 0xFE, 0x4D, 0x85, 0x11, 0x74, 0x87, 0xFB, 0xD5,
    0xDA, 0x71, 0x81, 0xA7, 0x96, 0xD1, 0xC6, 0x0F, 0xF1, 0x06, 0x90, 0x60, 0x55, 0x87, 0x93, 0xE5,
    0xF3, 0x99, 0x06, 0x5A, 0x66, 0x5B, 0xFB, 0x8E, 0xBE, 0x65, 0x90, 0x8D, 0xDF, 0x5B, 0xCB, 0x6E,
    0x99, 0xCE, 0x93, 0xCB, 0xC0, 0xD8, 0x59, 0x88, 0x4E, 0x9D, 0x84, 0xD8, 0xFC, 0x94, 0xE8, 0xEC,
    0x7D, 0xDC, 0x63, 0x9C, 0x6E, 0x3E, 0xF8, 0x5E, 0x13, 0xE1, 0x35, 0x37, 0xFC, 0xC2, 0x7F, 0xBE,
    0x06, 0x5F, 0x5B, 0x37, 0xAC, 0x85, 0x23, 0x5D, 0xE3, 0xEC, 0x80, 0xE8, 0x1C, 0x68, 0xEE, 0x16,
    0x3A, 0xDC, 0xF7, 0x48, 0x87, 0x23, 0x56, 0x03, 0x3D, 0xEE, 0x31, 0xCE, 0x35, 0x8C, 0x3E, 0x4B,
    0x22, 0x0A, 0xFA, 0x1F, 0x27, 0xED, 0xCD, 0x59, 0xB3, 0xE3, 0x9A, 0x1B, 0x96, 0x17, 0xF1, 0xC9,
    0xFD, 0x4D, 0x05, 0xBE, 0x61, 0xC5, 0x3E, 0x0B, 0xDE, 0x3F, 0x62, 0x48, 0x38, 0xB1, 0xEE, 0x25,
    0x9C, 0x9F, 0xB8, 0x55, 0xE4, 0x5F, 0x44, 0xA7, 0x31, 0xBC, 0x0D, 0x1C, 0xC4, 0x27, 0x5D, 0x9A,
    0xE2, 0xB4, 0xF0, 0x3F, 0x78, 0x47, 0x48, 0x81, 0x24, 0xAC, 0x74, 0xBA, 0x51, 0x5C, 0xA2, 0x5E,
    0x2C, 0x97, 0xA7, 0x21, 0x2A, 0x80, 0x71, 0x8A, 0x68, 0x48, 0x7C, 0xD5, 0x10, 0xA3, 0x50, 0x94,
    0x61, 0xCE, 0x0A, 0x44, 0xD6, 0xE3, 0x23, 0x86, 0xBD, 0x88, 0xF5, 0xC5, 0xB5, 0x85, 0x34, 0xB2,
    0xB2, 0x38, 0xBB, 0x4C, 0x2F, 0x0A, 0x22, 0x05, 0xB7, 0xBF, 0xA3, 0x19, 0xA9, 0xED, 0xF8, 0x64,
    0xDA, 0x35, 0x77, 0x42, 0x70, 0x89, 0x21, 0x34, 0xAB, 0xAE, 0xEB, 0xA4, 0x73, 0xF0, 0xC9, 0x7A,
    0x2A, 0xCE, 0x2F, 0xCF, 0xEE, 0x06, 0xA2, 0xCF, 0x74, 0xD9, 0x13, 0x4C, 0x54, 0x6B, 0x03, 0x6D,
    0xE4, 0x94, 0xEC, 0x9E, 0xD3, 0x89, 0x6C, 0x93, 0x61, 0xED, 0x02, 0x46, 0x8B, 0x94, 0x36, 0x09,
    0x9D, 0x26, 0x54, 0x2E, 0x65, 0x57, 0x3A, 0x72, 0x99, 0xE5, 0x53, 0x4A, 0x47, 0x72, 0xF7, 0x9D,
    0x12, 0x55, 0x3A, 0x6D, 0xF6, 0x90, 0x4C, 0xE9, 0xE4, 0xB8, 0xEE, 0x4E, 0x9B, 0x3D, 0x60, 0x35,
    0x29, 0x9D, 0x7D, 0x51, 0xA0, 0x39, 0xB9, 0xF1, 0xF1, 0x74, 0x74, 0x82, 0x43, 0xF0, 0x74, 0xB4,
    0xEA, 0xEB, 0x1F, 0x59, 0x03, 0x28, 0x66, 0x4A, 0x1B, 0xDD, 0x37, 0xBB, 0x4F, 0x15, 0x93, 0x29,
    0x3D, 0xF8, 0xFD, 0x9C, 0x9E, 0x38, 0xCC, 0xBF, 0x7D, 0xB1, 0x9C, 0xB5, 0x83, 0x7D, 0xC5, 0xB4,
    0x68, 0x18, 0xA1, 0x57, 0x0C, 0x89, 0x0E, 0x18, 0xC0, 0x1E, 0x3B, 0xD1, 0x2F, 0x47, 0xEC, 0x48,
    0xCE, 0x6F, 0xEB, 0x02, 0x50, 0xAC, 0x4E, 0x44, 0x4D, 0x68, 0xEA, 0x32, 0x3C, 0x0A, 0x0D, 0x45,
    0x40, 0xAD, 0xA1, 0xE8, 0xF4, 0xCF, 0x1A, 0x44, 0x01, 0xF9, 0xFB, 0xD2, 0x66, 0x3F, 0x95, 0x4A,
    0xAC, 0x6E, 0x5C, 0xB7, 0xD2, 0xEC, 0x1C, 0x7C, 0x39, 0x51, 0x17, 0x1F, 0x14, 0x69, 0xB0, 0xED,
    0xB2, 0x3A, 0xAF, 0x44, 0x41, 0x1B, 0xB2, 0x9E, 0xC2, 0x61, 0x2A, 0x51, 0x10, 0x62, 0x59, 0x45,
    0x13, 0x6E, 0x05, 0x0A, 0xEA, 0xCB, 0x9E, 0x82, 0xCE, 0x57, 0xAE, 0x34, 0x3D, 0x05, 0xCB, 0x39,
    0xCF, 0xC5, 0x47, 0xC4, 0xC7, 0x42, 0x3D, 0xE9, 0x29, 0xE8, 0x5D, 0xBA, 0xA9, 0x94, 0x65, 0x78,
    0x0A, 0x6A, 0xCD, 0x9E, 0x42, 0x13, 0xCE, 0x05, 0x0A, 0xB2, 0xBB, 0x19, 0x05, 0xB1, 0xEF, 0x8C,
    0x82, 0x2C, 0x82, 0x29, 0x3C, 0x59, 0x1F, 0x42, 0x9F, 0x52, 0x8F, 0x31, 0x5B, 0x1F, 0xFD, 0xF3,
    0xD5, 0xAB, 0x44, 0xBA, 0x23, 0xA4, 0x8E, 0x4C, 0x01, 0xBA, 0x55, 0xD1, 0x0B, 0x88, 0xC2, 0x12,
    0x45, 0xDF, 0xBF, 0x8A, 0x93, 0xC9, 0x53, 0xEA, 0x99, 0xEE, 0xFB, 0x6D, 0x09, 0xCE, 0x33, 0x3C,
    0x61, 0xA4, 0xD9, 0x3B, 0xEE, 0xFE, 0x49, 0x12, 0x7F, 0x51, 0x0A, 0x9C, 0xE8, 0xC6, 0x2A, 0x48,
    0x56, 0x6A, 0xEA, 0x55, 0xCB, 0x3B, 0x1D, 0x27, 0xF9, 0x9B, 0x68, 0x08, 0xCF, 0xD8, 0x4A, 0x07,
    0xE7, 0xA8, 0x57, 0xB1, 0x81, 0xC6, 0xF0, 0x46, 0xCB, 0x16, 0xB4, 0x4F, 0x2F, 0x9A, 0x1C, 0x26,
    0xDB, 0x3C, 0xAE, 0xFA, 0x62, 0x09, 0x40, 0x14, 0x1C, 0x3A, 0x29, 0x05, 0x41, 0x79, 0x86, 0x61,
    0xD2, 0x0A, 0x1B, 0xEF, 0xC6, 0xEB, 0xE6, 0x83, 0x90, 0xF5, 0xC4, 0xAA, 0xD8, 0x12, 0x8B, 0x98,
    0x93, 0x6C, 0x62, 0x67, 0x65, 0x34, 0xBB, 0x0E, 0x93, 0x9D, 0xDF, 0xAF, 0x6F, 0x66, 0x0B, 0x3D,
    0xEB, 0x7E, 0xFE, 0x1A, 0xD1, 0x81, 0x42, 0x49, 0x4A, 0x82, 0x44, 0x8D, 0x97, 0x98, 0x34, 0xFF,
    0x25, 0x19, 0x8B, 0xD8, 0xC2, 0xC6, 0xA7, 0xD7, 0x56, 0xAC, 0xF8, 0xF7, 0x36, 0xA6, 0x84, 0xA6,
    0x64, 0x02, 0x1F, 0x97, 0xF9, 0x42, 0x3C, 0x1E, 0xC0, 0x73, 0x80, 0xF7, 0x36, 0xCE, 0x36, 0xD1,
    0xB3, 0x4D, 0xA1, 0xF1, 0x5D, 0x4E, 0xC1, 0xBF, 0xB7, 0x51, 0x4B, 0x8D, 0x3B, 0x65, 0xDE, 0x7D,
    0xC4, 0xC8, 0x2D, 0x14, 0x24, 0xFE, 0xE3, 0x3B, 0x3C, 0x29, 0x4C, 0xEC, 0x83, 0xA3, 0xD0, 0x4E,
    0x78, 0x17, 0xA5, 0xB0, 0x77, 0xA8, 0xEE, 0x82, 0x47, 0x75, 0x17, 0x3C, 0xAA, 0x75, 0x92, 0x7F,
    0xE5, 0xC3, 0x16, 0x33, 0x83, 0x62, 0x58, 0xB7, 0x45, 0x84, 0x33, 0x1A, 0xD3, 0x36, 0x3D, 0xC6,
    0x3D, 0x27, 0x75, 0x36, 0x2D, 0x6B, 0x24, 0x17, 0x1D, 0x5D, 0xAD, 0x16, 0x53, 0x60, 0xA9, 0x76,
    0x53, 0xA9, 0xD6, 0x47, 0x3D, 0x3A, 0x95, 0xDE, 0xDB, 0x78, 0x14, 0xDF, 0xDB, 0xB8, 0x96, 0xDE,
    0xDB, 0x90, 0x5E, 0xA0, 0x7F, 0x6F, 0x83, 0xE5, 0xE9, 0x7F, 0xED, 0x5A, 0xBD, 0x8E, 0xDC, 0xC8,
    0x11, 0xE6, 0x8F, 0xB5, 0x0C, 0x18, 0xD0, 0x81, 0x2F, 0x52, 0xC0, 0xF4, 0xE0, 0x0B, 0xF8, 0x08,
    0xA4, 0xE1, 0xD0, 0x89, 0x02, 0xEF, 0x05, 0xBE, 0x37, 0x38, 0x01, 0xDE, 0x47, 0xE0, 0x3C, 0x82,
    0x1E, 0x42, 0x07, 0x58, 0x52, 0x70, 0xB9, 0x13, 0x32, 0x77, 0x32, 0x89, 0x23, 0x07, 0x9E, 0x40,
    0x86, 0x71, 0x8A, 0x26, 0xA0, 0x8D, 0x91, 0x31, 0xC3, 0x76, 0xD7, 0x5F, 0x57, 0x35, 0x87, 0xB3,
    0xBB, 0xDA, 0x95, 0x4E, 0x30, 0x2C, 0x06, 0xBB, 0x55, 0x1C, 0xB2, 0xFA, 0xAB, 0xDF, 0xEE, 0xAE,
    0x66, 0x92, 0xC4, 0x57, 0xFA, 0xA3, 0x73, 0x6F, 0x85, 0xE9, 0x9D, 0xBF, 0x5E, 0x10, 0xFD, 0x14,
    0x68, 0x77, 0xA2, 0x87, 0x1C, 0x5D, 0x5B, 0x60, 0x4A, 0x66, 0x0E, 0xC0, 0xB4, 0xCC, 0xCC, 0xC0,
    0x0C, 0xCC, 0xB8, 0x11, 0x99, 0xB9, 0x43, 0x21, 0x7B, 0x7C, 0x6C, 0xE3, 0xFF, 0xD6, 0xF4, 0x52,
    0x83, 0x6F, 0x66, 0x24, 0xBC, 0x1A, 0x13, 0x96, 0xE3, 0xFF, 0x3E, 0xA1, 0xA1, 0xFD, 0x08, 0x9B,
    0x00, 0x30, 0xE3, 0x61, 0xE9, 0x22, 0x71, 0x7C, 0xB5, 0x6E, 0x52, 0xA6, 0x76, 0x47, 0x65, 0x2A,
    0xCB, 0x14, 0x84, 0x8E, 0xAE, 0x1C, 0x07, 0x12, 0xE5, 0x2D, 0xE3, 0x65, 0x77, 0x96, 0x19, 0x95,
    0xE9, 0x2D, 0xD3, 0xC6, 0xCC, 0xD6, 0x32, 0x3B, 0x65, 0x1A, 0xCB, 0xD4, 0x16, 0x76, 0xC4, 0x54,
    0xC4, 0x5C, 0x0D, 0xEE, 0x27, 0x61, 0xAE, 0xC0, 0x84, 0x93, 0x67, 0x26, 0x71, 0x89, 0xDB, 0x20,
    0x53, 0x90, 0x75, 0x27, 0x64, 0x1A, 0xB6, 0x35, 0x32, 0x2E, 0x5C, 0x13, 0x3E, 0x35, 0xBF, 0x76,
    0x22, 0x04, 0x94, 0xBF, 0x22, 0x7F, 0xB5, 0x64, 0xCA, 0x12, 0x7F, 0x19, 0xD8, 0x2A, 0xDE, 0x69,
    0x53, 0xCA, 0xDE, 0x84, 0xC7, 0xA7, 0x5C, 0x0C, 0xEE, 0x2D, 0x3F, 0x15, 0xC1, 0x15, 0x03, 0x8C,
    0xEB, 0xD4, 0xF2, 0x15, 0xC7, 0x06, 0xEA, 0xD3, 0x04, 0x7B, 0x7B, 0x46, 0xDD, 0x82, 0xCC, 0x7E,
    0x8D, 0x69, 0xDC, 0xBE, 0x0F, 0x06, 0xF2, 0xA6, 0xEA, 0x83, 0x1D, 0xBD, 0x45, 0x2F, 0x30, 0xDE,
    0x0B, 0xCA, 0x0C, 0x96, 0xF1, 0x20, 0x5B, 0xC3, 0x74, 0xC1, 0x11, 0x5E, 0x85, 0x24, 0x0C, 0x0A,
    0xAE, 0x6F, 0x84, 0x29, 0x3C, 0xFC, 0x5A, 0x80, 0x42, 0xB8, 0x84, 0x90, 0x69, 0xBC, 0x2D, 0x82,
    0x72, 0xF0, 0x72, 0x21, 0x6A, 0x43, 0xF0, 0xE5, 0x6C, 0x90, 0x0C, 0x02, 0xC4, 0xDB, 0x6D, 0xA7,
    0x01, 0x3B, 0x90, 0x11, 0x1B, 0x7C, 0xBC, 0x25, 0xF3, 0x52, 0x90, 0xD7, 0x68, 0xD2, 0x92, 0xAC,
    0xEC, 0xC5, 0xCD, 0x5D, 0x3A, 0x50, 0x24, 0x67, 0x36, 0x65, 0xD8, 0xD9, 0x3C, 0x5C, 0x6D, 0xD2,
    0x4C, 0x9E, 0xDB, 0x0A, 0x44, 0x49, 0x39, 0xF9, 0x29, 0x44, 0xA1, 0x0F, 0xA4, 0x97, 0x1A, 0x5D,
    0x4F, 0x7E, 0x1F, 0xC8, 0xA7, 0xE0, 0xF4, 0x24, 0xDF, 0xCA, 0x1B, 0x2F, 0x92, 0x7A, 0x2F, 0xA3,
    0x1C, 0x92, 0xFE, 0x98, 0x48, 0x14, 0xFD, 0x06, 0x0C, 0xE1, 0x41, 0xBE, 0x7B, 0xE3, 0xDC, 0x3F,
    0x01, 0x64, 0x0D, 0x18, 0x6A, 0xC2, 0xD8, 0x63, 0x8E, 0x20, 0xC4, 0x94, 0x0C, 0x86, 0x79, 0x97,
    0x93, 0x1D, 0x30, 0x7E, 0x4B, 0x32, 0x10, 0x9A, 0xBD, 0x9E, 0xD9, 0x70, 0xFE, 0x99, 0xF6, 0xC8,
    0x4E, 0xF0, 0x16, 0xE9, 0x27, 0x7A, 0xFC, 0x6F, 0x5E, 0x0E, 0xBD, 0xDA, 0xBB, 0xDF, 0x02, 0x3D,
    0x62, 0x56, 0x9E, 0x32, 0xD7, 0xA5, 0x48, 0x17, 0x10, 0x9C, 0x63, 0xC6, 0xE5, 0x63, 0xF4, 0x0F,
    0xE4, 0x88, 0x60, 0xC0, 0x87, 0x73, 0x87, 0xDA, 0x78, 0xC1, 0xC3, 0x16, 0xE9, 0x12, 0x06, 0x65,
    0xBA, 0x41, 0x9F, 0x10, 0x8D, 0xC6, 0x22, 0x3A, 0x47, 0x8B, 0x12, 0x5D, 0xE1, 0xD8, 0x83, 0x97,
    0xDF, 0x79, 0xBC, 0xA8, 0xD9, 0x98, 0xBA, 0x4D, 0x4A, 0xDE, 0xC7, 0xE1, 0x0A, 0x8C, 0x11, 0x00,
    0xE0, 0xB6, 0x35, 0x42, 0x02, 0x00, 0x83, 0x8F, 0x5E, 0x8A, 0x22, 0xAF, 0xD7, 0x7F, 0xC8, 0x10,
    0xD5, 0x09, 0x1D, 0x83, 0xF1, 0x05, 0xBA, 0x56, 0xEC, 0xD4, 0x61, 0x0A, 0x25, 0x28, 0x83, 0xF1,
    0x72, 0x7A, 0xBC, 0x84, 0x5F, 0x2B, 0xBA, 0xDF, 0x53, 0xC4, 0x80, 0x17, 0x33, 0x1C, 0xDB, 0x71,
    0x8C, 0xE0, 0xAB, 0xFF, 0x0E, 0x11, 0x52, 0x43, 0x3A, 0xB0, 0xEB, 0x5B, 0x47, 0x95, 0x18, 0xC6,
    0x6B, 0x8E, 0x18, 0x3B, 0x28, 0xAB, 0xDC, 0x43, 0x51, 0x9F, 0x9F, 0xE1, 0x78, 0xE3, 0xA2, 0xDA,
    0x27, 0x4F, 0x9E, 0x45, 0x6C, 0x6F, 0xEB, 0x24, 0x58, 0xF5, 0x94, 0x44, 0x05, 0x71, 0x4E, 0xA2,
    0x62, 0x69, 0xAB, 0xA5, 0x77, 0xA4, 0xAD, 0x97, 0xC0, 0x6A, 0xD1, 0x46, 0x68, 0xA3, 0xAD, 0x72,
    0x51, 0x15, 0xAF, 0x5D, 0x54, 0xC7, 0x1B, 0xB7, 0x28, 0xEB, 0x7F, 0xE7, 0xA8, 0x67, 0x8C, 0x7F,
    0xB1, 0x28, 0x9D, 0x0F, 0x94, 0x93, 0x65, 0x73, 0x83, 0x32, 0x75, 0x73, 0x66, 0x50, 0xE6, 0xFE,
    0x49, 0x83, 0x12, 0x2C, 0x6F, 0x50, 0x96, 0x10, 0xF7, 0x8A, 0x12, 0x0A, 0xA9, 0x29, 0xE7, 0x50,
    0xA5, 0xB5, 0x5E, 0x61, 0x39, 0x37, 0x85, 0x1B, 0x26, 0x81, 0x4A, 0x51, 0x82, 0x98, 0x52, 0x51,
    0xC2, 0x20, 0x85, 0xA2, 0x74, 0x18, 0x76, 0x26, 0x5F, 0xF9, 0x4F, 0xC0, 0x08, 0xB6, 0xED, 0x14,
    0xA3, 0x99, 0x7D, 0x48, 0xE8, 0x20, 0x2C, 0xCD, 0x09, 0x01, 0x65, 0xCD, 0x93, 0xEB, 0xDE, 0x4E,
    0x39, 0x01, 0x25, 0x3D, 0x16, 0x50, 0x92, 0xAA, 0xA1, 0xCC, 0x91, 0x21, 0x02, 0x4A, 0x02, 0x20,
    0x28, 0x19, 0x9E, 0xA0, 0xE4, 0xDB, 0x82, 0x92, 0x23, 0x58, 0x50, 0x8A, 0xE2, 0x8C, 0xB2, 0xE2,
    0xAA, 0xCA, 0xE5, 0x59, 0xE0, 0x30, 0x4A, 0x29, 0xC0, 0xFC, 0x5F, 0x54, 0x61, 0x94, 0xE2, 0x0E,
    0x46, 0x29, 0xCE, 0x2A, 0x39, 0x21, 0xD9, 0x48, 0x04, 0x27, 0x98, 0x90, 0xA6, 0xF4, 0x60, 0x60,
    0x42, 0xA9, 0xE6, 0x47, 0x94, 0xEA, 0x9C, 0x81, 0xF2, 0xEE, 0x10, 0x3C, 0xB7, 0xB5, 0x33, 0x32,
    0xA2, 0x6C, 0xEC, 0x34, 0x65, 0xA7, 0x75, 0xAC, 0x84, 0x1A, 0x32, 0x88, 0x52, 0xE3, 0x1C, 0x51,
    0x6A, 0xB8, 0x41, 0xCE, 0x9B, 0x60, 0x04, 0x94, 0x66, 0xF1, 0xE1, 0x7F, 0xE9, 0x4C, 0x88, 0x80,
    0x18, 0x13, 0x40, 0xC0, 0x9A, 0xF0, 0x02, 0x94, 0xB5, 0x59, 0xEC, 0xB4, 0x30, 0xE3, 0xEE, 0x2D,
    0x6B, 0x97, 0x1E, 0x7E, 0x02, 0xEB, 0xDD, 0xBF, 0xAE, 0xE5, 0xF2, 0x39, 0x3E, 0x38, 0x7B, 0x7D,
    0x4C, 0xB6, 0x8D, 0xD9, 0x65, 0xB9, 0x89, 0x9F, 0x5E, 0xBE, 0xFD, 0xF1, 0xF9, 0xAF, 0xAE, 0xBF,
    0x73, 0x0E, 0xB5, 0xFE, 0xD6, 0xB9, 0xBF, 0x5E, 0x3F, 0x33, 0x8B, 0x3F, 0x8E, 0xA5, 0x2F, 0xFC,
    0x17, 0xFE, 0x0B, 0xFF, 0xFF, 0xCB, 0xE7, 0xF1, 0x84, 0x67, 0xAF, 0xCA, 0xEE, 0xA2, 0x0C, 0x73,
    0x78, 0x2C, 0x33, 0x41, 0xE1, 0xDF, 0xDB, 0x1D, 0xED, 0x64, 0x17, 0x30, 0x47, 0xBB, 0xF4, 0x99,
    0xA3, 0x65, 0x51, 0x67, 0xC1, 0x8D, 0x66, 0x47, 0x6B, 0xCA, 0xFD, 0x2D, 0xE2, 0xFA, 0x7B, 0x8B,
    0xDB, 0xDF, 0x4F, 0x9C, 0x7B, 0x88, 0xB8, 0xC3, 0x3D, 0xC5, 0x6D, 0x1E, 0x20, 0xEE, 0xF4, 0xC1,
    0xE2, 0x2A, 0x8B, 0xBB, 0xB1, 0x06, 0x6A, 0xE3, 0x65, 0xE6, 0x7E, 0xBD, 0x05, 0x51, 0x2C, 0x84,
    0xD9, 0x31, 0x23, 0x34, 0x87, 0x75, 0x61, 0xB9, 0x7D, 0xBF, 0xB4, 0x60, 0x6A, 0x2B, 0x2C, 0x02,
    0x33, 0x18, 0x97, 0xA4, 0xD6, 0xF7, 0xF9, 0xFD, 0xC0, 0xDC, 0x5B, 0xB3, 0xCD, 0x25, 0x61, 0x91,
    0xDB, 0xA6, 0x07, 0x68, 0xF6, 0x9A, 0xAF, 0x57, 0x89, 0x5D, 0x32, 0x74, 0xC3, 0x63, 0x99, 0xDE,
    0x30, 0xC9, 0xF7, 0x32, 0xCA, 0xEB, 0x3F, 0xE9, 0xDD, 0xF9, 0x43, 0x48, 0x95, 0x7D, 0x4A, 0x2E,
    0x5E, 0xA5, 0x2E, 0xC7, 0x47, 0x51, 0xB0, 0x13, 0x4B, 0x05, 0x93, 0x8B, 0xB9, 0x44, 0xD0, 0x20,
    0x36, 0x0C, 0xC6, 0x14, 0x43, 0x66, 0xDA, 0xA1, 0x08, 0xC4, 0xEE, 0xD2, 0x50, 0x95, 0x38, 0xE9,
    0x7C, 0xA8, 0x56, 0x82, 0xB9, 0x3F, 0x1F, 0xEA, 0x20, 0xD1, 0x33, 0x5D, 0x1A, 0xAA, 0x90, 0x50,
    0x38, 0x1F, 0x2A, 0xA8, 0xB7, 0x32, 0xD4, 0xB9, 0x7A, 0xCB, 0xA1, 0xB2, 0xCB, 0x43, 0x95, 0x97,
    0x87, 0xFA, 0x10, 0x4B, 0xA6, 0x97, 0x2D, 0xB9, 0x36, 0xD4, 0x07, 0x58, 0x72, 0xB8, 0x68, 0xC9,
    0x5B, 0x9C, 0xF6, 0x48, 0x4B, 0x3E, 0xC8, 0x69, 0xF7, 0xB1, 0xA4, 0xE9, 0x06, 0x51, 0x47, 0xE8,
    0x05, 0x35, 0xAD, 0x60, 0xEF, 0x8E, 0xF3, 0xD5, 0x08, 0x3B, 0xF1, 0x1D, 0x24, 0xE8, 0x1E, 0x12,
    0xE1, 0x80, 0x6B, 0xEA, 0xC5, 0x1F, 0xFC, 0x01, 0xB2, 0x6E, 0xC2, 0xE7, 0x60, 0x2B, 0xBF, 0x85,
    0xDD, 0xFE, 0x26, 0xC3, 0x76, 0x01, 0x56, 0x87, 0xAB, 0x3F, 0x2F, 0xE6, 0xD6, 0xF4, 0xF5, 0xCB,
    0x88, 0xCF, 0x6D, 0x75, 0x44, 0x7E, 0x8A, 0xF8, 0xC2, 0xF6, 0x03, 0xA4, 0xAF, 0x13, 0x4D, 0xD5,
    0xBB, 0x05, 0xBF, 0x8D, 0xF8, 0xDA, 0xC5, 0x9D, 0x8F, 0x66, 0xC1, 0xB7, 0xB6, 0x57, 0x81, 0x7C,
    0xB7, 0xE8, 0x8B, 0x2C, 0xF7, 0x31, 0x31, 0x1F, 0x35, 0x46, 0x80, 0x8F, 0xAB, 0x45, 0xBA, 0xD8,
    0x09, 0x65, 0x77, 0xA8, 0x9B, 0x2F, 0xD4, 0x2B, 0xFE, 0xD7, 0xD5, 0x3D, 0x3E, 0xD2, 0xDB, 0xB7,
    0xAB, 0x5B, 0x2D, 0xD4, 0x3B, 0x57, 0xFF, 0x76, 0x75, 0xDB, 0x85, 0x7A, 0x67, 0xEA, 0xDF, 0xAE,
    0x6E, 0xB2, 0x50, 0x2F, 0xA8, 0xFF, 0xC7, 0xD8, 0xDB, 0xA5, 0x8B, 0xD4, 0x0D, 0x3D, 0x1E, 0x56,
    0xF7, 0x46, 0xA6, 0x4B, 0x0A, 0x6E, 0xED, 0x98, 0x91, 0xB7, 0xFB, 0xD0, 0x32, 0x23, 0xF5, 0xDB,
    0xD0, 0x24, 0x23, 0x75, 0xB5, 0x69, 0x46, 0xDE, 0xAE, 0xDD, 0xEF, 0x78, 0x5C, 0x52, 0xB7, 0x7A,
    0x2B, 0x6D, 0x1A, 0x52, 0x37, 0x0D, 0x6D, 0x1B, 0x51, 0x37, 0x95, 0x13, 0x80, 0xD9, 0xF4, 0xA9,
    0xAC, 0xBA, 0x03, 0x01, 0x0E, 0xEA, 0xF6, 0x68, 0x57, 0xF5, 0x36, 0x9D, 0x84, 0x68, 0x70, 0x37,
    0x08, 0x34, 0x37, 0xED, 0xFF, 0x5D, 0x14, 0xDC, 0x74, 0xBC, 0xA1, 0xDE, 0x2E, 0xF1, 0x49, 0xF5,
    0x36, 0x01, 0x54, 0x6F, 0x0B, 0x3F, 0x06, 0x43, 0x9F, 0x62, 0x6F, 0x3B, 0x17, 0x7B, 0x7B, 0x70,
    0xB1, 0xB7, 0x11, 0xB0, 0xF1, 0x76, 0x4B, 0x2D, 0x6C, 0x13, 0x28, 0x7E, 0xA8, 0xE1, 0x14, 0xE7,
    0x99, 0xF1, 0x2E, 0x00, 0xB6, 0xC1, 0x0D, 0xCD, 0x60, 0x9B, 0xCB, 0x39, 0x16, 0xCF, 0x29, 0x0A,
    0x7C, 0x9B, 0xCB, 0x00, 0x38, 0x0A, 0x6E, 0x6F, 0xF1, 0x28, 0xB8, 0x07, 0x17, 0x07, 0x77, 0xEF,
    0xBA, 0x6A, 0x71, 0xD6, 0x14, 0x05, 0x77, 0x03, 0x25, 0x7A, 0x13, 0x15, 0x86, 0x28, 0xB8, 0x2B,
    0xE8, 0x04, 0xC5, 0x99, 0xD5, 0xC7, 0x4D, 0xDB, 0x43, 0x14, 0xDC, 0x1E, 0x70, 0x14, 0xDC, 0x3E,
    0x24, 0xE2, 0xE0, 0x5E, 0x36, 0x75, 0x06, 0x17, 0xE7, 0x6E, 0xEB, 0xE2, 0xDC, 0x5D, 0xF2, 0xB5,
    0x8B, 0x73, 0xB9, 0x72, 0x71, 0x2E, 0x97, 0x2E, 0xCE, 0xDD, 0x62, 0xC1, 0xE7, 0x6E, 0x91, 0xCB,
    0xDF, 0xBF, 0x52, 0xFA, 0x39, 0x9F, 0x55, 0x3E, 0x9F, 0x5F, 0xC8, 0x11, 0xC7, 0xCC, 0x42, 0xE4,
    0xDC, 0xC1, 0x85, 0x5C, 0xDA, 0x25, 0x7C, 0x80, 0x76, 0xE4, 0x03, 0x90, 0xA3, 0x1C, 0xA4, 0x38,
    0xD9, 0xFA, 0x85, 0x86, 0xD5, 0xC8, 0x8B, 0x54, 0x3C, 0xE1, 0xF9, 0xC7, 0x77, 0xA0, 0x93, 0x73,
    0xEF, 0xBF, 0x05, 0x21, 0xD8, 0x66, 0xF4, 0xEB, 0xE1, 0x1C, 0xB2, 0xB9, 0xF1, 0xC6, 0x28, 0xF9,
    0x64, 0x0E, 0xDB, 0x75, 0x05, 0x1E, 0x24, 0x8D, 0x7C, 0x62, 0xBA, 0xA5, 0x88, 0xA0, 0x89, 0xB8,
    0xE7, 0x7E, 0xB9, 0x7F, 0x9F, 0x5C, 0x54, 0xF3, 0x1A, 0xD3, 0x3B, 0xA8, 0x15, 0xD8, 0x13, 0xE7,
    0x6B, 0x7B, 0xE2, 0xD5, 0xF9, 0x8E, 0x27, 0xF0, 0xFE, 0x68, 0x37, 0xB1, 0x75, 0xB8, 0x41, 0xE7,
    0x31, 0x30, 0x44, 0x6F, 0x93, 0x3D, 0xBA, 0xD1, 0xC5, 0xAF, 0x70, 0x9B, 0xB6, 0x91, 0x51, 0x52,
    0x27, 0x9D, 0x59, 0x7E, 0x39, 0x0F, 0x67, 0xBB, 0x7C, 0xA3, 0x62, 0x7B, 0xF6, 0x33, 0x27, 0x5F,
    0xCB, 0xCD, 0x7E, 0xAF, 0x00, 0x15, 0x2B, 0xE7, 0xF0, 0x34, 0x0F, 0xB4, 0x85, 0xAE, 0x3A, 0xB4,
    0x5B, 0xF1, 0x08, 0xAD, 0xA4, 0xBD, 0x6F, 0xE7, 0x71, 0xEE, 0xF1, 0x5C, 0xB1, 0xC7, 0x8C, 0x72,
    0xF3, 0x8F, 0x0E, 0x4E, 0x5A, 0x9C, 0x7B, 0x83, 0xFE, 0x1E, 0xD8, 0xFC, 0xB4, 0x98, 0xEF, 0xD8,
    0x2F, 0x47, 0x3E, 0x9D, 0x3A, 0xC9, 0xA1, 0xF3, 0x8E, 0x8E, 0x19, 0x10, 0x6E, 0xCA, 0x4F, 0xE2,
    0xBB, 0x6C, 0x14, 0x32, 0x5F, 0x19, 0xB6, 0x88, 0xCF, 0x7F, 0x92, 0xFF, 0x26, 0x45, 0xFE, 0xF0,
    0xAA, 0xD3, 0xD8, 0xD4, 0x96, 0xB1, 0xC4, 0x69, 0xA5, 0x7D, 0xCC, 0x56, 0x49, 0x3D, 0x89, 0xCB,
    0x78, 0x47, 0x2F, 0xD1, 0x44, 0xB6, 0xAB, 0x30, 0x3C, 0xF6, 0x2C, 0xB5, 0x4B, 0xCA, 0x1D, 0x09,
    0x80, 0x57, 0xBA, 0xC4, 0xF6, 0xE8, 0xA3, 0xC3, 0xE4, 0x41, 0x83, 0xDB, 0x6C, 0x97, 0xCC, 0xCE,
    0x4B, 0xC9, 0xF4, 0x73, 0x91, 0xC9, 0x83, 0xC9, 0xEE, 0x76, 0x72, 0xB0, 0x75, 0x7B, 0x8D, 0x34,
    0x86, 0x5A, 0x27, 0xDB, 0xBB, 0xC9, 0xED, 0x0A, 0x69, 0x4E, 0xE6, 0x0D, 0x59, 0x5B, 0x72, 0xBF,
    0x42, 0x56, 0x77, 0x93, 0xD3, 0x0A, 0x59, 0xEA, 0x7C, 0xB1, 0x4E, 0x16, 0x5A, 0x61, 0xD7, 0xC9,
    0xFC, 0x6E, 0xF2, 0xB4, 0x42, 0x66, 0x96, 0x9C, 0x6F, 0x27, 0x7F, 0xF6, 0xD8, 0x78, 0x08, 0x19,
    0x61, 0x58, 0xD3, 0xC2, 0x28, 0x6F, 0xCE, 0x52, 0xF8, 0x2C, 0x29, 0xD5, 0x0F, 0x46, 0x7C, 0x76,
    0xA6, 0x21, 0x71, 0x7F, 0xB8, 0x71, 0x72, 0x78, 0x1D, 0xCE, 0xE1, 0x6B, 0xA9, 0x43, 0xD1, 0x51,
    0x7B, 0xAB, 0xC7, 0xF1, 0xAD, 0x16, 0x8C, 0xD2, 0xE9, 0xB9, 0x68, 0x6F, 0xBE, 0xA5, 0xB9, 0x36,
    0x9B, 0xAD, 0x5F, 0x29, 0x79, 0xC3, 0x18, 0xAF, 0xA8, 0x96, 0xE1, 0xE3, 0x75, 0x47, 0xC3, 0x60,
    0x39, 0x1B, 0x43, 0xB1, 0xC9, 0xDD, 0x96, 0xBF, 0xF8, 0x78, 0x9B, 0xFA, 0xF2, 0xEA, 0x41, 0xBD,
    0x93, 0x8F, 0x05, 0x5A, 0xFF, 0x22, 0x7F, 0x12, 0xD0, 0xE1, 0xF6, 0xEE, 0x29, 0x15, 0xCA, 0x6A,
    0x92, 0x53, 0x97, 0x7D, 0x52, 0x8E, 0x02, 0xAF, 0x4B, 0x32, 0x1A, 0xFC, 0x1B, 0xF9, 0xB8, 0xE7,
    0xE7, 0xBB, 0x1A, 0xF7, 0x5E, 0xF4, 0xCD, 0xC4, 0x66, 0x5E, 0xDF, 0xDA, 0xE8, 0x3B, 0xA8, 0xBE,
    0xB9, 0x7C, 0xE6, 0x70, 0x83, 0xFA, 0xCA, 0xB5, 0x05, 0x7D, 0xAF, 0xAC, 0xBE, 0xB5, 0xD1, 0x37,
    0xA5, 0x8A, 0x5C, 0x6E, 0xE5, 0xB3, 0xA5, 0x2E, 0xC9, 0xE3, 0x05, 0x02, 0x39, 0xC4, 0xAC, 0x7A,
    0xCC, 0xFA, 0x42, 0x97, 0x22, 0x66, 0x1D, 0xA8, 0x6B, 0x9E, 0x46, 0x57, 0x7B, 0xAD, 0xAE, 0x6C,
    0x7A, 0x5D, 0xD4, 0x68, 0x5D, 0x49, 0xB5, 0xF0, 0xE4, 0xF6, 0xD0, 0xF9, 0xE2, 0x08, 0x5F, 0xE1,
    0x49, 0xD5, 0xCD, 0xE9, 0xFA, 0xFA, 0xE5, 0x47, 0x6A, 0x57, 0x55, 0xF3, 0x27, 0xD1, 0xA1, 0xF8,
    0x04, 0x56, 0x32, 0xD0, 0x1F, 0xA8, 0x3C, 0xAD, 0x16, 0xDE, 0x41, 0xB7, 0xEF, 0xD3, 0xE9, 0x30,
    0x3C, 0xD6, 0x4A, 0x57, 0x2F, 0xCF, 0x93, 0xE2, 0x6B, 0xFD, 0x55, 0x1F, 0xD4, 0x7D, 0x48, 0x1D,
    0xEA, 0x58, 0xA6, 0x7D, 0xC8, 0x3E, 0x90, 0x65, 0xFC, 0x5D, 0xDE, 0x31, 0x7C, 0x43, 0x41, 0xD9,
    0x55, 0x68, 0x38, 0xA0, 0x8D, 0x37, 0xA1, 0xA2, 0xBD, 0x0D, 0x0B, 0x98, 0x59, 0x44, 0xF2, 0xE7,
    0x7E, 0x4F, 0xC3, 0xA2, 0x26, 0xD5, 0x9F, 0x1B, 0xFD, 0xB0, 0xA8, 0x0D, 0x95, 0x0F, 0xC9, 0xD0,
    0xC3, 0x0A, 0x73, 0xA6, 0x39, 0xB8, 0x88, 0xEE, 0xDA, 0x67, 0x45, 0x82, 0x91, 0x6B, 0x46, 0x33,
    0x18, 0xA2, 0x0F, 0x11, 0x0D, 0x5E, 0xA3, 0x85, 0xD5, 0x8D, 0x2A, 0xC3, 0x29, 0x59, 0xD8, 0x21,
    0x81, 0x6F, 0xAC, 0x64, 0x1A, 0x28, 0x4C, 0x47, 0xF7, 0x46, 0xC9, 0xD4, 0xD9, 0x29, 0x43, 0x7D,
    0xD1, 0x2B, 0x99, 0x99, 0xFD, 0xCF, 0x2F, 0x93, 0xCF, 0x75, 0x69, 0x9B, 0xFB, 0x34, 0xAC, 0xA5,
    0xFF, 0xDD, 0xE4, 0xAF, 0x7D, 0x9E, 0xBC, 0x21, 0x09, 0x5F, 0x1B, 0xB9, 0xBA, 0x1B, 0xEB, 0xE7,
    0xB5, 0x16, 0x7F, 0xAF, 0x1B, 0xB0, 0x3E, 0x0A, 0x46, 0x71, 0x72, 0x1B, 0xA6, 0x4A, 0x9A, 0x0A,
    0x0F, 0x06, 0xF0, 0xD6, 0x78, 0xB0, 0x3B, 0x73, 0xF2, 0xA0, 0x4E, 0xB6, 0x1E, 0xBC, 0xE0, 0xE4,
    0xC2, 0xC5, 0x11, 0x74, 0xD4, 0xA5, 0xFB, 0x51, 0x37, 0x93, 0x47, 0x5D, 0x47, 0x9E, 0xDF, 0x35,
    0xCF, 0xAA, 0x04, 0x23, 0x77, 0x2D, 0x5D, 0x0C, 0xB2, 0x3E, 0xFC, 0xAC, 0x5A, 0x98, 0xE8, 0xBC,
    0x89, 0xBF, 0x90, 0xD5, 0x85, 0x02, 0xAB, 0x6E, 0x6C, 0xE6, 0xC9, 0xF7, 0x6A, 0xC9, 0x2E, 0x90,
    0xBB, 0x95, 0xF8, 0x6B, 0x75, 0xFF, 0xFB, 0x8B, 0xE4, 0xF3, 0x5F, 0x8F, 0x0F, 0x44, 0x2D, 0xDB,
    0xAF, 0xFE, 0x0B, 0xED, 0xD4, 0xC1, 0x11, 0x82, 0x30, 0x10, 0x05, 0xD0, 0x8D, 0x17, 0x8E, 0x9C,
    0xAC, 0x83, 0x12, 0x48, 0x13, 0x69, 0xC2, 0x26, 0x42, 0x13, 0x96, 0x60, 0x1D, 0x58, 0x02, 0x25,
    0x50, 0x82, 0x0D, 0xE8, 0x37, 0x24, 0x1F, 0x93, 0x65, 0xC6, 0x71, 0x3C, 0xA8, 0x33, 0x4E, 0xF6,
    0xF6, 0x92, 0x85, 0x2C, 0x33, 0xE4, 0x8B, 0x6C, 0x6B, 0x07, 0xE0, 0x22, 0x06, 0x88, 0xEA, 0xA3,
    0xC2, 0x9A, 0x0D, 0x08, 0x8B, 0x85, 0x1A, 0xA5, 0x56, 0xA9, 0x5B, 0x34, 0xAF, 0xEA, 0x71, 0xE5,
    0x9B, 0x17, 0xF9, 0xB0, 0x91, 0x35, 0xE2, 0x5C, 0x08, 0x18, 0x94, 0x2C, 0x25, 0x51, 0x69, 0xC0,
    0xC3, 0xA9, 0x54, 0xAA, 0x8F, 0xCB, 0x14, 0xF2, 0x48, 0x35, 0xC5, 0x9E, 0x91, 0x9A, 0x63, 0xCF,
    0xFB, 0x9A, 0xA2, 0xF6, 0xCE, 0x01, 0x47, 0xE7, 0xEC, 0x7A, 0x12, 0xBF, 0xBD, 0xAA, 0xEA, 0xAB,
    0xE2, 0xBF, 0x7F, 0x13, 0x79, 0x92, 0x0C, 0xA2, 0x92, 0x81, 0xCF, 0x31, 0x19, 0xA8, 0x46, 0xA9,
    0x55, 0xEA, 0xF2, 0x0D, 0xC8, 0xC9, 0x40, 0x31, 0x19, 0x28, 0x26, 0xC3, 0x63, 0xB2, 0xE1, 0xD5,
    0xD4, 0xBF, 0x91, 0x29, 0xE4, 0xD5, 0x9D, 0xAE, 0xC9, 0x50, 0xF5, 0x8F, 0xC9, 0x70, 0x07,
};

static const EpdGlyph librefranklin_reader_16_regular_3xGlyphs[] = {
    { 0, 0, 342, 0, 0, 0, 0 }, // U+0020
    { 11, 75, 390, 7, 75, 207, 0 }, // !
    { 29, 24, 654, 6, 75, 174, 207 }, // "
    { 54, 76, 965, 3, 75, 1026, 381 }, // #
    { 55, 91, 968, 2, 82, 1252, 1407 }, // $
    { 82, 77, 1466, 5, 76, 1579, 2659 }, // %
    { 72, 77, 1245, 4, 76, 1386, 4238 }, // &
    { 12, 24, 384, 6, 75, 72, 5624 }, // '
    { 21, 92, 458, 6, 75, 483, 5696 }, // (
    { 21, 92, 458, 1, 75, 483, 6179 }, // )
    { 35, 35, 608, 2, 75, 307, 6662 }, // *
    { 44, 44, 891, 6, 59, 484, 6969 }, // +
    { 12, 27, 339, 4, 12, 81, 7453 }, // ,
    { 26, 7, 610, 6, 30, 46, 7534 }, // -
    { 11, 12, 334, 5, 12, 33, 7580 }, // .
    { 34, 80, 547, 0, 75, 680, 7613 }, // /
    { 57, 77, 1101, 6, 76, 1098, 8293 }, // 0
    { 39, 75, 744, 4, 75, 732, 9391 }, // 1
    { 51, 76, 958, 4, 76, 969, 10123 }, // 2
    { 55, 77, 1026, 4, 76, 1059, 11092 }, // 3
    { 57, 75, 1038, 4, 75, 1069, 12151 }, // 4
    { 55, 76, 1046, 5, 75, 1045, 13220 }, // 5
    { 55, 77, 1058, 6, 76, 1059, 14265 }, // 6
    { 52, 75, 958, 4, 75, 975, 15324 }, // 7
    { 56, 77, 1069, 6, 76, 1078, 16299 }, // 8
    { 55, 77, 1053, 5, 76, 1059, 17377 }, // 9
    { 11, 51, 334, 5, 51, 141, 18436 }, // :
    { 12, 66, 366, 4, 51, 198, 18577 }, // ;
    { 43, 41, 870, 5, 56, 441, 18775 }, // <
    { 44, 30, 891, 6, 51, 330, 19216 }, // =
    { 44, 41, 870, 6, 56, 451, 19546 }, // >
    { 47, 76, 837, 2, 76, 893, 19997 }, // ?
    { 77, 79, 1334, 4, 67, 1521, 20890 }, // @
    { 65, 75, 1163, 4, 75, 1219, 22411 }, // A
    { 55, 75, 1118, 9, 75, 1032, 23630 }, // B
    { 60, 77, 1131, 6, 76, 1155, 24662 }, // C
    { 57, 75, 1155, 9, 75, 1069, 25817 }, // D
    { 50, 75, 1005, 9, 75, 938, 26886 }, // E
    { 47, 75, 962, 9, 75, 882, 27824 }, // F
    { 61, 77, 1182, 6, 76, 1175, 28706 }, // G
    { 55, 75, 1176, 9, 75, 1032, 29881 }, // H
    { 11, 75, 464, 9, 75, 207, 30913 }, // I
    { 29, 76, 669, 4, 75, 551, 31120 }, // J
    { 57, 75, 1122, 9, 75, 1069, 31671 }, // K
    { 48, 75, 963, 9, 75, 900, 32740 }, // L
    { 72, 75, 1450, 9, 75, 1350, 33640 }, // M
    { 57, 75, 1211, 9, 75, 1069, 34990 }, // N
    { 64, 77, 1222, 6, 76, 1232, 36059 }, // O
    { 55, 75, 1104, 9, 75, 1032, 37291 }, // P
    { 64, 89, 1224, 6, 76, 1424, 38323 }, // Q
    { 55, 75, 1114, 9, 75, 1032, 39747 }, // R
    { 55, 77, 1026, 4, 76, 1059, 40779 }, // S
    { 57, 75, 1032, 4, 75, 1069, 41838 }, // T
    { 55, 76, 1134, 8, 75, 1045, 42907 }, // U
    { 63, 75, 1131, 4, 75, 1182, 43952 }, // V
    { 97, 75, 1672, 4, 75, 1819, 45134 }, // W
    { 61, 75, 1101, 4, 75, 1144, 46953 }, // X
    { 60, 75, 1080, 4, 75, 1125, 48097 }, // Y
    { 55, 75, 1010, 4, 75, 1032, 49222 }, // Z
    { 20, 92, 459, 8, 75, 460, 50254 }, // [
    { 34, 80, 547, 0, 75, 680, 50714 }, // <backslash>
    { 19, 92, 459, 1, 75, 437, 51394 }, // ]
    { 39, 42, 762, 4, 55, 410, 51831 }, // ^
    { 40, 7, 829, 6, -5, 70, 52241 }, // _
    { 28, 15, 456, 0, 76, 105, 52311 }, // `
    { 45, 55, 877, 3, 54, 619, 52416 }, // a
    { 48, 76, 958, 7, 75, 912, 53035 }, // b
    { 48, 55, 867, 4, 54, 660, 53947 }, // c
    { 49, 76, 958, 4, 75, 931, 54607 }, // d
    { 50, 55, 930, 4, 54, 688, 55538 }, // e
    { 34, 75, 606, 2, 75, 638, 56226 }, // f
    { 56, 72, 963, 2, 54, 1008, 56864 }, // g
    { 45, 75, 934, 7, 75, 844, 57872 }, // h
    { 10, 75, 382, 7, 75, 188, 58716 }, // i
    { 22, 92, 382, -5, 75, 506, 58904 }, // j
    { 47, 75, 902, 7, 75, 882, 59410 }, // k
    { 10, 75, 382, 7, 75, 188, 60292 }, // l
    { 77, 54, 1450, 7, 54, 1040, 60480 }, // m
    { 45, 54, 934, 7, 54, 608, 61520 }, // n
    { 52, 55, 958, 4, 54, 715, 62128 }, // o
    { 48, 71, 955, 7, 54, 852, 0 }, // p
    { 49, 71, 958, 4, 54, 870, 852 }, // q
    { 29, 54, 613, 7, 54, 392, 1722 }, // r
    { 45, 55, 819, 2, 54, 619, 2114 }, // s
    { 34, 71, 619, 2, 71, 604, 2733 }, // t
    { 44, 54, 926, 7, 53, 594, 3337 }, // u
    { 51, 53, 875, 2, 53, 676, 3931 }, // v
    { 74, 53, 1274, 3, 53, 981, 4607 }, // w
    { 50, 53, 870, 2, 53, 663, 5588 }, // x
    { 49, 70, 848, 2, 53, 858, 6251 }, // y
    { 42, 53, 771, 3, 53, 557, 7109 }, // z
    { 29, 92, 488, 0, 75, 667, 7666 }, // {
    { 8, 102, 418, 9, 85, 204, 8333 }, // |
    { 30, 92, 488, 1, 75, 690, 8537 }, // }
    { 46, 13, 909, 5, 44, 150, 9227 }, // ~
    { 0, 0, 342, 0, 0, 0, 0 }, // U+00A0
    { 11, 70, 390, 7, 53, 193, 0 }, // U+00A1
    { 48, 75, 893, 4, 75, 900, 193 }, // U+00A2
    { 56, 76, 984, 1, 76, 1064, 1093 }, // U+00A3
    { 44, 44, 859, 5, 59, 484, 2157 }, // U+00A4
    { 61, 75, 974, 0, 75, 1144, 2641 }, // U+00A5
    { 8, 102, 418, 9, 85, 204, 3785 }, // U+00A6
    { 43, 84, 781, 3, 76, 903, 3989 }, // U+00A7
    { 23, 12, 400, 1, 75, 69, 4892 }, // U+00A8
    { 77, 77, 1328, 3, 76, 1483, 4961 }, // U+00A9
    { 31, 35, 640, 3, 75, 272, 6444 }, // U+00AA
    { 37, 38, 714, 3, 45, 352, 6716 }, // U+00AB
    { 44, 22, 891, 6, 41, 242, 7068 }, // U+00AC
    { 49, 49, 872, 3, 76, 601, 7310 }, // U+00AE
    { 30, 7, 506, 1, 73, 53, 7911 }, // U+00AF
    { 33, 32, 742, 7, 86, 264, 7964 }, // U+00B0
    { 44, 61, 891, 6, 67, 671, 8228 }, // U+00B1
    { 32, 49, 723, 4, 87, 392, 8899 }, // U+00B2
    { 35, 49, 747, 5, 87, 429, 9291 }, // U+00B3
    { 28, 15, 456, 1, 76, 105, 9720 }, // U+00B4
    { 44, 70, 926, 7, 53, 770, 9825 }, // U+00B5
    { 45, 84, 898, 4, 75, 945, 10595 }, // U+00B6
    { 12, 11, 322, 4, 43, 33, 11540 }, // U+00B7
    { 22, 22, 354, 0, 1, 121, 11573 }, // U+00B8
    { 25, 48, 587, 3, 85, 300, 11694 }, // U+00B9
    { 33, 36, 658, 4, 76, 297, 11994 }, // U+00BA
    { 38, 38, 714, 4, 45, 361, 12291 }, // U+00BB
    { 81, 76, 1426, 4, 75, 1539, 12652 }, // U+00BC
    { 86, 76, 1520, 3, 75, 1634, 14191 }, // U+00BD
    { 86, 77, 1491, 4, 76, 1656, 15825 }, // U+00BE
    { 47, 71, 826, 2, 53, 835, 17481 }, // U+00BF
    { 65, 97, 1163, 4, 97, 1577, 18316 }, // U+00C0
    { 65, 97, 1163, 4, 97, 1577, 19893 }, // U+00C1
    { 65, 96, 1163, 4, 96, 1560, 21470 }, // U+00C2
    { 65, 95, 1163, 4, 95, 1544, 23030 }, // U+00C3
    { 65, 96, 1163, 4, 96, 1560, 24574 }, // U+00C4
    { 65, 101, 1163, 4, 101, 1642, 26134 }, // U+00C5
    { 93, 75, 1613, 4, 75, 1744, 27776 }, // U+00C6
    { 60, 97, 1131, 6, 76, 1455, 29520 }, // U+00C7
    { 50, 97, 1005, 9, 97, 1213, 30975 }, // U+00C8
    { 50, 97, 1005, 9, 97, 1213, 32188 }, // U+00C9
    { 50, 96, 1005, 9, 96, 1200, 33401 }, // U+00CA
    { 50, 96, 1005, 9, 96, 1200, 34601 }, // U+00CB
    { 28, 97, 464, 1, 97, 679, 35801 }, // U+00CC
    { 28, 97, 464, 1, 97, 679, 36480 }, // U+00CD
    { 32, 96, 464, -1, 96, 768, 37159 }, // U+00CE
    { 24, 96, 464, 3, 96, 576, 37927 }, // U+00CF
    { 64, 75, 1163, 3, 75, 1200, 38503 }, // U+00D0
    { 57, 95, 1211, 9, 95, 1354, 39703 }, // U+00D1
    { 64, 98, 1222, 6, 97, 1568, 41057 }, // U+00D2
    { 64, 98, 1222, 6, 97, 1568, 42625 }, // U+00D3
    { 64, 97, 1222, 6, 96, 1552, 44193 }, // U+00D4
    { 64, 96, 1222, 6, 95, 1536, 45745 }, // U+00D5
    { 64, 97, 1222, 6, 96, 1552, 47281 }, // U+00D6
    { 42, 43, 864, 6, 59, 452, 48833 }, // U+00D7
    { 71, 77, 1166, 1, 76, 1367, 49285 }, // U+00D8
    { 55, 98, 1134, 8, 97, 1348, 50652 }, // U+00D9
    { 55, 98, 1134, 8, 97, 1348, 52000 }, // U+00DA
    { 55, 97, 1134, 8, 96, 1334, 53348 }, // U+00DB
    { 55, 97, 1134, 8, 96, 1334, 54682 }, // U+00DC
    { 60, 97, 1080, 4, 97, 1455, 56016 }, // U+00DD
    { 55, 75, 1109, 9, 75, 1032, 57471 }, // U+00DE
    { 55, 76, 973, 2, 75, 1045, 58503 }, // U+00DF
    { 45, 77, 877, 3, 76, 867, 59548 }, // U+00E0
    { 45, 77, 877, 3, 76, 867, 60415 }, // U+00E1
    { 45, 76, 877, 3, 75, 855, 61282 }, // U+00E2
    { 45, 75, 877, 3, 74, 844, 62137 }, // U+00E3
    { 45, 76, 877, 3, 75, 855, 0 }, // U+00E4
    { 45, 81, 877, 3, 80, 912, 855 }, // U+00E5
    { 86, 55, 1477, 3, 54, 1183, 1767 }, // U+00E6
    { 48, 75, 867, 4, 54, 900, 2950 }, // U+00E7
    { 50, 77, 930, 4, 76, 963, 3850 }, // U+00E8
    { 50, 77, 930, 4, 76, 963, 4813 }, // U+00E9
    { 50, 76, 930, 4, 75, 950, 5776 }, // U+00EA
    { 50, 76, 930, 4, 75, 950, 6726 }, // U+00EB
    { 28, 76, 382, -1, 76, 532, 7676 }, // U+00EC
    { 28, 76, 382, -2, 76, 532, 8208 }, // U+00ED
    { 31, 75, 382, -3, 75, 582, 8740 }, // U+00EE
    { 24, 75, 382, 0, 75, 450, 9322 }, // U+00EF
    { 52, 77, 958, 4, 76, 1001, 9772 }, // U+00F0
    { 45, 74, 934, 7, 74, 833, 10773 }, // U+00F1
    { 52, 77, 958, 4, 76, 1001, 11606 }, // U+00F2
    { 52, 77, 958, 4, 76, 1001, 12607 }, // U+00F3
    { 52, 76, 958, 4, 75, 988, 13608 }, // U+00F4
    { 52, 75, 958, 4, 74, 975, 14596 }, // U+00F5
    { 52, 76, 958, 4, 75, 988, 15571 }, // U+00F6
    { 44, 47, 893, 6, 61, 517, 16559 }, // U+00F7
    { 56, 55, 933, 1, 54, 770, 17076 }, // U+00F8
    { 44, 77, 926, 7, 76, 847, 17846 }, // U+00F9
    { 44, 77, 926, 7, 76, 847, 18693 }, // U+00FA
    { 44, 76, 926, 7, 75, 836, 19540 }, // U+00FB
    { 44, 76, 926, 7, 75, 836, 20376 }, // U+00FC
    { 49, 93, 848, 2, 76, 1140, 21212 }, // U+00FD
    { 48, 92, 952, 7, 75, 1104, 22352 }, // U+00FE
    { 49, 92, 848, 2, 75, 1127, 23456 }, // U+00FF
    { 65, 94, 1163, 4, 94, 1528, 0 }, // U+0100
    { 45, 74, 877, 3, 73, 833, 1528 }, // U+0101
    { 65, 96, 1163, 4, 96, 1560, 2361 }, // U+0102
    { 45, 76, 877, 3, 75, 855, 3921 }, // U+0103
    { 67, 92, 1163, 4, 75, 1541, 4776 }, // U+0104
    { 47, 71, 877, 3, 54, 835, 6317 }, // U+0105
    { 60, 98, 1131, 6, 97, 1470, 7152 }, // U+0106
    { 48, 77, 867, 4, 76, 924, 8622 }, // U+0107
    { 60, 97, 1131, 6, 96, 1455, 9546 }, // U+0108
    { 48, 76, 867, 4, 75, 912, 11001 }, // U+0109
    { 60, 97, 1131, 6, 96, 1455, 11913 }, // U+010A
    { 48, 76, 867, 4, 75, 912, 13368 }, // U+010B
    { 60, 97, 1131, 6, 96, 1455, 14280 }, // U+010C
    { 48, 76, 867, 4, 75, 912, 15735 }, // U+010D
    { 57, 96, 1155, 9, 96, 1368, 16647 }, // U+010E
    { 63, 76, 958, 4, 75, 1197, 18015 }, // U+010F
    { 64, 75, 1163, 3, 75, 1200, 19212 }, // U+0110
    { 55, 76, 974, 4, 75, 1045, 20412 }, // U+0111
    { 50, 94, 1005, 9, 94, 1175, 21457 }, // U+0112
    { 50, 74, 930, 4, 73, 925, 22632 }, // U+0113
    { 50, 96, 1005, 9, 96, 1200, 23557 }, // U+0114
    { 50, 76, 930, 4, 75, 950, 24757 }, // U+0115
    { 50, 96, 1005, 9, 96, 1200, 25707 }, // U+0116
    { 50, 76, 930, 4, 75, 950, 26907 }, // U+0117
    { 51, 92, 1005, 9, 75, 1173, 27857 }, // U+0118
    { 50, 70, 930, 4, 54, 875, 29030 }, // U+0119
    { 50, 96, 1005, 9, 96, 1200, 29905 }, // U+011A
    { 50, 76, 930, 4, 75, 950, 31105 }, // U+011B
    { 61, 97, 1182, 6, 96, 1480, 32055 }, // U+011C
    { 56, 93, 963, 2, 75, 1302, 33535 }, // U+011D
    { 61, 97, 1182, 6, 96, 1480, 34837 }, // U+011E
    { 56, 93, 963, 2, 75, 1302, 36317 }, // U+011F
    { 61, 97, 1182, 6, 96, 1480, 37619 }, // U+0120
    { 56, 93, 963, 2, 75, 1302, 39099 }, // U+0121
    { 61, 100, 1182, 6, 76, 1525, 40401 }, // U+0122
    { 56, 97, 963, 2, 79, 1358, 41926 }, // U+0123
    { 55, 96, 1176, 9, 96, 1320, 43284 }, // U+0124
    { 56, 91, 934, -4, 91, 1274, 44604 }, // U+0125
    { 73, 75, 1171, 0, 75, 1369, 45878 }, // U+0126
    { 51, 75, 936, 1, 75, 957, 47247 }, // U+0127
    { 30, 95, 464, 0, 95, 713, 48204 }, // U+0128
    { 31, 74, 382, -3, 74, 574, 48917 }, // U+0129
    { 31, 94, 464, -1, 94, 729, 49491 }, // U+012A
    { 30, 73, 382, -3, 73, 548, 50220 }, // U+012B
    { 31, 96, 464, -1, 96, 744, 50768 }, // U+012C
    { 31, 75, 382, -3, 75, 582, 51512 }, // U+012D
    { 20, 92, 464, 1, 75, 460, 52094 }, // U+012E
    { 21, 92, 382, -2, 75, 483, 52554 }, // U+012F
    { 11, 96, 464, 9, 96, 264, 53037 }, // U+0130
    { 10, 53, 382, 7, 53, 133, 53301 }, // U+0131
    { 53, 76, 1131, 9, 75, 1007, 53434 }, // U+0132
    { 34, 92, 763, 7, 75, 782, 54441 }, // U+0133
    { 38, 97, 669, 4, 96, 922, 55223 }, // U+0134
    { 33, 92, 382, -5, 75, 759, 56145 }, // U+0135
    { 57, 99, 1122, 9, 75, 1411, 56904 }, // U+0136
    { 47, 99, 902, 7, 75, 1164, 58315 }, // U+0137
    { 47, 53, 902, 7, 53, 623, 59479 }, // U+0138
    { 49, 97, 963, 8, 97, 1189, 60102 }, // U+0139
    { 28, 97, 382, -2, 97, 679, 61291 }, // U+013A
    { 48, 99, 963, 9, 75, 1188, 61970 }, // U+013B
    { 10, 99, 382, 7, 75, 248, 63158 }, // U+013C
    { 48, 75, 963, 9, 75, 900, 0 }, // U+013D
    { 24, 75, 382, 7, 75, 450, 900 }, // U+013E
    { 48, 75, 963, 9, 75, 900, 1350 }, // U+013F
    { 28, 75, 536, 7, 75, 525, 2250 }, // U+0140
    { 55, 75, 963, 2, 75, 1032, 2775 }, // U+0141
    { 27, 75, 442, 0, 75, 507, 3807 }, // U+0142
    { 57, 97, 1211, 9, 97, 1383, 4314 }, // U+0143
    { 45, 76, 934, 7, 76, 855, 5697 }, // U+0144
    { 57, 99, 1211, 9, 75, 1411, 6552 }, // U+0145
    { 45, 78, 934, 7, 54, 878, 7963 }, // U+0146
    { 57, 96, 1211, 9, 96, 1368, 8841 }, // U+0147
    { 45, 75, 934, 7, 75, 844, 10209 }, // U+0148
    { 55, 75, 934, -3, 75, 1032, 11053 }, // U+0149
    { 57, 93, 1211, 9, 75, 1326, 12085 }, // U+014A
    { 45, 71, 939, 7, 54, 799, 13411 }, // U+014B
    { 64, 95, 1222, 6, 94, 1520, 14210 }, // U+014C
    { 52, 74, 958, 4, 73, 962, 15730 }, // U+014D
    { 64, 97, 1222, 6, 96, 1552, 16692 }, // U+014E
    { 52, 76, 958, 4, 75, 988, 18244 }, // U+014F
    { 64, 98, 1222, 6, 97, 1568, 19232 }, // U+0150
    { 52, 77, 958, 4, 76, 1001, 20800 }, // U+0151
    { 102, 77, 1798, 6, 76, 1964, 21801 }, // U+0152
    { 92, 55, 1595, 4, 54, 1265, 23765 }, // U+0153
    { 55, 97, 1114, 9, 97, 1334, 25030 }, // U+0154
    { 29, 76, 613, 7, 76, 551, 26364 }, // U+0155
    { 55, 99, 1114, 9, 75, 1362, 26915 }, // U+0156
    { 29, 78, 613, 7, 54, 566, 28277 }, // U+0157
    { 55, 96, 1114, 9, 96, 1320, 28843 }, // U+0158
    { 31, 75, 613, 6, 75, 582, 30163 }, // U+0159
    { 55, 98, 1026, 4, 97, 1348, 30745 }, // U+015A
    { 45, 77, 819, 2, 76, 867, 32093 }, // U+015B
    { 55, 97, 1026, 4, 96, 1334, 32960 }, // U+015C
    { 45, 76, 819, 2, 75, 855, 34294 }, // U+015D
    { 55, 97, 1026, 4, 76, 1334, 35149 }, // U+015E
    { 45, 75, 819, 2, 54, 844, 36483 }, // U+015F
    { 55, 97, 1026, 4, 96, 1334, 37327 }, // U+0160
    { 45, 76, 819, 2, 75, 855, 38661 }, // U+0161
    { 57, 96, 1032, 4, 75, 1368, 39516 }, // U+0162
    { 34, 92, 619, 2, 71, 782, 40884 }, // U+0163
    { 57, 96, 1032, 4, 96, 1368, 41666 }, // U+0164
    { 36, 78, 619, 2, 78, 702, 43034 }, // U+0165
    { 57, 75, 1032, 4, 75, 1069, 43736 }, // U+0166
    { 34, 71, 619, 2, 71, 604, 44805 }, // U+0167
    { 55, 96, 1134, 8, 95, 1320, 45409 }, // U+0168
    { 44, 75, 926, 7, 74, 825, 46729 }, // U+0169
    { 55, 95, 1134, 8, 94, 1307, 47554 }, // U+016A
    { 44, 74, 926, 7, 73, 814, 48861 }, // U+016B
    { 55, 97, 1134, 8, 96, 1334, 49675 }, // U+016C
    { 44, 76, 926, 7, 75, 836, 51009 }, // U+016D
    { 55, 102, 1134, 8, 101, 1403, 51845 }, // U+016E
    { 44, 81, 926, 7, 80, 891, 53248 }, // U+016F
    { 55, 98, 1134, 8, 97, 1348, 54139 }, // U+0170
    { 44, 77, 926, 7, 76, 847, 55487 }, // U+0171
    { 55, 92, 1134, 8, 75, 1265, 56334 }, // U+0172
    { 46, 70, 926, 7, 53, 805, 57599 }, // U+0173
    { 97, 96, 1672, 4, 96, 2328, 58404 }, // U+0174
    { 74, 75, 1274, 3, 75, 1388, 60732 }, // U+0175
    { 60, 96, 1080, 4, 96, 1440, 62120 }, // U+0176
    { 49, 92, 848, 2, 75, 1127, 0 }, // U+0177
    { 60, 96, 1080, 4, 96, 1440, 1127 }, // U+0178
    { 55, 97, 1010, 4, 97, 1334, 2567 }, // U+0179
    { 42, 76, 771, 3, 76, 798, 3901 }, // U+017A
    { 55, 96, 1010, 4, 96, 1320, 4699 }, // U+017B
    { 42, 75, 771, 3, 75, 788, 6019 }, // U+017C
    { 55, 96, 1010, 4, 96, 1320, 6807 }, // U+017D
    { 42, 75, 771, 3, 75, 788, 8127 }, // U+017E
    { 64, 81, 1222, 6, 80, 1296, 0 }, // U+01A0
    { 52, 60, 958, 4, 59, 780, 1296 }, // U+01A1
    { 65, 81, 1134, 8, 80, 1317, 2076 }, // U+01AF
    { 55, 60, 926, 7, 59, 825, 3393 }, // U+01B0
    { 120, 96, 2133, 9, 96, 2880, 4218 }, // U+01C4
    { 108, 75, 1925, 9, 75, 2025, 7098 }, // U+01C5
    { 101, 76, 1728, 4, 75, 1919, 9123 }, // U+01C6
    { 84, 76, 1632, 9, 75, 1596, 11042 }, // U+01C7
    { 68, 92, 1346, 9, 75, 1564, 12638 }, // U+01C8
    { 34, 92, 765, 7, 75, 782, 14202 }, // U+01C9
    { 100, 76, 1878, 9, 75, 1900, 14984 }, // U+01CA
    { 84, 92, 1592, 9, 75, 1932, 16884 }, // U+01CB
    { 68, 92, 1315, 7, 75, 1564, 18816 }, // U+01CC
    { 61, 97, 1182, 6, 96, 1480, 20380 }, // U+01E6
    { 56, 93, 963, 2, 75, 1302, 21860 }, // U+01E7
    { 64, 93, 1222, 6, 76, 1488, 23162 }, // U+01EA
    { 52, 71, 958, 4, 54, 923, 24650 }, // U+01EB
    { 120, 75, 2133, 9, 75, 2250, 25573 }, // U+01F1
    { 108, 75, 1925, 9, 75, 2025, 27823 }, // U+01F2
    { 101, 76, 1728, 4, 75, 1919, 29848 }, // U+01F3
    { 61, 98, 1182, 6, 97, 1495, 31767 }, // U+01F4
    { 56, 94, 963, 2, 76, 1316, 33262 }, // U+01F5
    { 62, 97, 1051, 2, 97, 1504, 34578 }, // U+01FA
    { 45, 96, 877, 3, 95, 1080, 36082 }, // U+01FB
    { 93, 97, 1613, 4, 97, 2256, 37162 }, // U+01FC
    { 86, 77, 1477, 3, 76, 1656, 39418 }, // U+01FD
    { 71, 98, 1166, 1, 97, 1740, 41074 }, // U+01FE
    { 56, 77, 933, 1, 76, 1078, 42814 }, // U+01FF
    { 65, 97, 1163, 4, 97, 1577, 43892 }, // U+0200
    { 45, 77, 877, 3, 76, 867, 45469 }, // U+0201
    { 65, 96, 1163, 4, 96, 1560, 46336 }, // U+0202
    { 45, 76, 877, 3, 75, 855, 47896 }, // U+0203
    { 50, 97, 1005, 9, 97, 1213, 48751 }, // U+0204
    { 50, 77, 930, 4, 76, 963, 49964 }, // U+0205
    { 50, 96, 1005, 9, 96, 1200, 50927 }, // U+0206
    { 50, 76, 930, 4, 75, 950, 52127 }, // U+0207
    { 35, 97, 464, -7, 97, 849, 53077 }, // U+0208
    { 34, 76, 382, -9, 76, 646, 53926 }, // U+0209
    { 31, 96, 464, -1, 96, 744, 54572 }, // U+020A
    { 31, 75, 382, -3, 75, 582, 55316 }, // U+020B
    { 64, 98, 1222, 6, 97, 1568, 55898 }, // U+020C
    { 52, 77, 958, 4, 76, 1001, 57466 }, // U+020D
    { 64, 97, 1222, 6, 96, 1552, 58467 }, // U+020E
    { 52, 76, 958, 4, 75, 988, 60019 }, // U+020F
    { 55, 97, 1114, 9, 97, 1334, 61007 }, // U+0210
    { 36, 76, 613, 0, 76, 684, 62341 }, // U+0211
    { 55, 96, 1114, 9, 96, 1320, 0 }, // U+0212
    { 31, 75, 613, 6, 75, 582, 1320 }, // U+0213
    { 55, 98, 1134, 8, 97, 1348, 1902 }, // U+0214
    { 45, 77, 926, 6, 76, 867, 3250 }, // U+0215
    { 55, 97, 1134, 8, 96, 1334, 4117 }, // U+0216
    { 44, 76, 926, 7, 75, 836, 5451 }, // U+0217
    { 55, 100, 1026, 4, 76, 1375, 6287 }, // U+0218
    { 45, 78, 819, 2, 54, 878, 7662 }, // U+0219
    { 57, 99, 1032, 4, 75, 1411, 8540 }, // U+021A
    { 34, 95, 619, 2, 71, 808, 9951 }, // U+021B
    { 28, 15, 0, 0, 76, 105, 0 }, // U+0300
    { 28, 15, 0, 1, 76, 105, 105 }, // U+0301
    { 31, 12, 0, 1, 75, 93, 210 }, // U+0302
    { 31, 9, 0, 1, 74, 70, 303 }, // U+0303
    { 30, 7, 0, 1, 73, 53, 373 }, // U+0304
    { 31, 12, 0, 1, 75, 93, 426 }, // U+0306
    { 10, 13, 0, 1, 75, 33, 519 }, // U+0307
    { 23, 12, 0, 1, 75, 69, 552 }, // U+0308
    { 17, 19, 0, 21, 78, 81, 621 }, // U+0309
    { 21, 21, 0, 1, 80, 111, 702 }, // U+030A
    { 34, 19, 0, 2, 76, 162, 813 }, // U+030B
    { 31, 13, 0, 1, 75, 101, 975 }, // U+030C
    { 35, 19, 0, 2, 76, 167, 1076 }, // U+030F
    { 30, 11, 0, 1, 75, 83, 1243 }, // U+0311
    { 9, 18, 0, 5, 80, 41, 1326 }, // U+0312
    { 16, 12, 0, 51, 59, 48, 1367 }, // U+031B
    { 8, 12, 0, 1, -5, 24, 1415 }, // U+0323
    { 23, 12, 0, 1, -5, 69, 1439 }, // U+0324
    { 9, 17, 0, 1, -7, 39, 1508 }, // U+0326
    { 22, 22, 0, 0, 1, 121, 1547 }, // U+0327
    { 20, 18, 0, 1, 1, 90, 1668 }, // U+0328
    { 30, 11, 0, 5, -5, 83, 1758 }, // U+032E
    { 32, 8, 0, 10, -5, 64, 1841 }, // U+0331
    { 40, 7, 0, 6, 30, 70, 1905 }, // U+0335
    { 60, 75, 1046, 3, 75, 1125, 0 }, // U+0394
    { 65, 76, 1227, 6, 76, 1235, 1125 }, // U+03A9
    { 44, 70, 926, 7, 53, 770, 2360 }, // U+03BC
    { 62, 53, 1061, 2, 53, 822, 3130 }, // U+03C0
    { 50, 97, 1005, 9, 97, 1213, 0 }, // U+0400
    { 50, 96, 1005, 9, 96, 1200, 1213 }, // U+0401
    { 72, 76, 1280, 4, 75, 1368, 2413 }, // U+0402
    { 45, 97, 907, 10, 97, 1092, 3781 }, // U+0403
    { 60, 77, 1131, 6, 76, 1155, 4873 }, // U+0404
    { 55, 77, 1026, 4, 76, 1059, 6028 }, // U+0405
    { 11, 75, 464, 9, 75, 207, 7087 }, // U+0406
    { 24, 96, 464, 3, 96, 576, 7294 }, // U+0407
    { 29, 76, 669, 4, 75, 551, 7870 }, // U+0408
    { 103, 77, 1712, 1, 75, 1983, 8421 }, // U+0409
    { 95, 75, 1730, 10, 75, 1782, 10404 }, // U+040A
    { 73, 75, 1280, 4, 75, 1369, 12186 }, // U+040B
    { 56, 97, 1107, 10, 97, 1358, 13555 }, // U+040C
    { 58, 97, 1243, 10, 97, 1407, 14913 }, // U+040D
    { 60, 97, 981, 2, 96, 1455, 16320 }, // U+040E
    { 54, 89, 1170, 10, 75, 1202, 17775 }, // U+040F
    { 65, 75, 1163, 4, 75, 1219, 18977 }, // U+0410
    { 55, 75, 1128, 10, 75, 1032, 20196 }, // U+0411
    { 55, 75, 1118, 9, 75, 1032, 21228 }, // U+0412
    { 45, 75, 907, 10, 75, 844, 22260 }, // U+0413
    { 68, 89, 1208, 4, 75, 1513, 23104 }, // U+0414
    { 50, 75, 1005, 9, 75, 938, 24617 }, // U+0415
    { 93, 75, 1576, 3, 75, 1744, 25555 }, // U+0416
    { 56, 77, 1062, 5, 76, 1078, 27299 }, // U+0417
    { 58, 75, 1243, 10, 75, 1088, 28377 }, // U+0418
    { 58, 96, 1243, 10, 96, 1392, 29465 }, // U+0419
    { 56, 75, 1107, 10, 75, 1050, 30857 }, // U+041A
    { 63, 77, 1187, 1, 75, 1213, 31907 }, // U+041B
    { 72, 75, 1450, 9, 75, 1350, 33120 }, // U+041C
    { 55, 75, 1197, 10, 75, 1032, 34470 }, // U+041D
    { 64, 77, 1222, 6, 76, 1232, 35502 }, // U+041E
    { 55, 75, 1197, 10, 75, 1032, 36734 }, // U+041F
    { 55, 75, 1104, 9, 75, 1032, 37766 }, // U+0420
    { 60, 77, 1131, 6, 76, 1155, 38798 }, // U+0421
    { 57, 75, 1032, 4, 75, 1069, 39953 }, // U+0422
    { 60, 76, 981, 2, 75, 1140, 41022 }, // U+0423
    { 83, 78, 1526, 6, 77, 1619, 42162 }, // U+0424
    { 61, 75, 1101, 4, 75, 1144, 43781 }, // U+0425
    { 61, 89, 1202, 10, 75, 1358, 44925 }, // U+0426
    { 52, 75, 1106, 7, 75, 975, 46283 }, // U+0427
    { 81, 75, 1613, 10, 75, 1519, 47258 }, // U+0428
    { 90, 89, 1659, 10, 75, 2003, 48777 }, // U+0429
    { 72, 75, 1270, 4, 75, 1350, 50780 }, // U+042A
    { 71, 75, 1454, 10, 75, 1332, 52130 }, // U+042B
    { 53, 75, 1064, 10, 75, 994, 53462 }, // U+042C
    { 62, 77, 1147, 4, 76, 1194, 54456 }, // U+042D
    { 89, 77, 1675, 10, 76, 1714, 55650 }, // U+042E
    { 54, 75, 1110, 6, 75, 1013, 57364 }, // U+042F
    { 45, 55, 877, 3, 54, 619, 58377 }, // U+0430
    { 52, 77, 974, 5, 76, 1001, 58996 }, // U+0431
    { 44, 53, 893, 8, 53, 583, 59997 }, // U+0432
    { 35, 53, 699, 8, 53, 464, 60580 }, // U+0433
    { 54, 67, 939, 3, 53, 905, 61044 }, // U+0434
    { 50, 55, 930, 4, 54, 688, 61949 }, // U+0435
    { 75, 53, 1286, 3, 53, 994, 62637 }, // U+0436
    { 45, 55, 832, 3, 54, 619, 0 }, // U+0437
    { 45, 53, 978, 8, 53, 597, 619 }, // U+0438
    { 45, 75, 978, 8, 75, 844, 1216 }, // U+0439
    { 46, 53, 891, 7, 53, 610, 2060 }, // U+043A
    { 50, 54, 947, 1, 53, 675, 2670 }, // U+043B
    { 54, 53, 1112, 8, 53, 716, 3345 }, // U+043C
    { 44, 53, 962, 8, 53, 583, 4061 }, // U+043D
    { 52, 55, 958, 4, 54, 715, 4644 }, // U+043E
    { 44, 53, 962, 8, 53, 583, 5359 }, // U+043F
    { 48, 71, 955, 7, 54, 852, 5942 }, // U+0440
    { 48, 55, 867, 4, 54, 660, 6794 }, // U+0441
    { 46, 53, 762, 1, 53, 610, 7454 }, // U+0442
    { 49, 70, 848, 2, 53, 858, 8064 }, // U+0443
    { 74, 92, 1318, 4, 75, 1702, 8922 }, // U+0444
    { 50, 53, 870, 2, 53, 663, 10624 }, // U+0445
    { 51, 67, 971, 8, 53, 855, 11287 }, // U+0446
    { 43, 53, 912, 6, 53, 570, 12142 }, // U+0447
    { 64, 53, 1277, 8, 53, 848, 12712 }, // U+0448
    { 71, 67, 1291, 8, 53, 1190, 13560 }, // U+0449
    { 59, 53, 1008, 1, 53, 782, 14750 }, // U+044A
    { 56, 53, 1154, 8, 53, 742, 15532 }, // U+044B
    { 41, 53, 840, 8, 53, 544, 16274 }, // U+044C
    { 50, 55, 893, 2, 54, 688, 16818 }, // U+044D
    { 71, 55, 1328, 8, 54, 977, 17506 }, // U+044E
    { 42, 53, 880, 5, 53, 557, 18483 }, // U+044F
    { 50, 77, 930, 4, 76, 963, 19040 }, // U+0450
    { 50, 76, 930, 4, 75, 950, 20003 }, // U+0451
    { 53, 92, 958, 0, 75, 1219, 20953 }, // U+0452
    { 35, 76, 699, 8, 76, 665, 22172 }, // U+0453
    { 48, 55, 883, 4, 54, 660, 22837 }, // U+0454
    { 45, 55, 819, 2, 54, 619, 23497 }, // U+0455
    { 10, 75, 382, 7, 75, 188, 24116 }, // U+0456
    { 24, 75, 382, 0, 75, 450, 24304 }, // U+0457
    { 22, 92, 382, -5, 75, 506, 24754 }, // U+0458
    { 81, 54, 1370, 1, 53, 1094, 25260 }, // U+0459
    { 75, 53, 1384, 8, 53, 994, 26354 }, // U+045A
    { 53, 75, 947, 0, 75, 994, 27348 }, // U+045B
    { 46, 76, 891, 7, 76, 874, 28342 }, // U+045C
    { 45, 76, 978, 8, 76, 855, 29216 }, // U+045D
    { 49, 92, 848, 2, 75, 1127, 30071 }, // U+045E
    { 44, 67, 962, 8, 53, 737, 31198 }, // U+045F
    { 69, 78, 1216, 4, 78, 1346, 31935 }, // U+0462
    { 52, 75, 907, 1, 75, 975, 33281 }, // U+0463
    { 77, 75, 1325, 3, 75, 1444, 34256 }, // U+046A
    { 63, 53, 1107, 3, 53, 835, 35700 }, // U+046B
    { 64, 77, 1222, 6, 77, 1232, 36535 }, // U+0472
    { 52, 55, 958, 4, 54, 715, 37767 }, // U+0473
    { 70, 76, 1165, 4, 76, 1330, 38482 }, // U+0474
    { 56, 55, 904, 2, 55, 770, 39812 }, // U+0475
    { 67, 110, 1286, 10, 96, 1843, 40582 }, // U+048A
    { 53, 87, 998, 8, 75, 1153, 42425 }, // U+048B
    { 66, 78, 1112, 0, 78, 1287, 43578 }, // U+048C
    { 51, 75, 875, 0, 75, 957, 44865 }, // U+048D
    { 55, 75, 1114, 10, 75, 1032, 45822 }, // U+048E
    { 48, 71, 955, 7, 54, 852, 46854 }, // U+048F
    { 45, 88, 907, 10, 88, 990, 47706 }, // U+0490
    { 36, 67, 726, 8, 67, 603, 48696 }, // U+0491
    { 55, 75, 923, 1, 75, 1032, 49299 }, // U+0492
    { 44, 53, 738, 1, 53, 583, 50331 }, // U+0493
    { 51, 85, 1053, 10, 75, 1084, 50914 }, // U+0494
    { 42, 70, 850, 8, 53, 735, 51998 }, // U+0495
    { 97, 89, 1643, 3, 75, 2159, 52733 }, // U+0496
    { 78, 67, 1317, 3, 53, 1307, 54892 }, // U+0497
    { 56, 90, 1062, 5, 76, 1260, 56199 }, // U+0498
    { 45, 68, 832, 3, 54, 765, 57459 }, // U+0499
    { 59, 89, 1144, 10, 75, 1313, 58224 }, // U+049A
    { 49, 67, 928, 8, 53, 821, 59537 }, // U+049B
    { 56, 75, 1107, 10, 75, 1050, 60358 }, // U+049C
    { 45, 53, 901, 8, 53, 597, 61408 }, // U+049D
    { 68, 75, 1107, -2, 75, 1275, 62005 }, // U+049E
    { 53, 75, 888, 0, 75, 994, 0 }, // U+049F
    { 76, 75, 1317, 4, 75, 1425, 994 }, // U+04A0
    { 61, 53, 1038, 1, 53, 809, 2419 }, // U+04A1
    { 64, 89, 1251, 10, 75, 1424, 3228 }, // U+04A2
    { 51, 67, 986, 8, 53, 855, 4652 }, // U+04A3
    { 83, 75, 1525, 10, 75, 1557, 5507 }, // U+04A4
    { 66, 53, 1198, 8, 53, 875, 7064 }, // U+04A5
    { 77, 78, 1362, 6, 76, 1502, 7939 }, // U+04A8
    { 60, 57, 1040, 4, 55, 855, 9441 }, // U+04A9
    { 60, 90, 1131, 6, 76, 1350, 10296 }, // U+04AA
    { 48, 68, 867, 4, 54, 816, 11646 }, // U+04AB
    { 57, 89, 1032, 4, 75, 1269, 12462 }, // U+04AC
    { 46, 67, 762, 1, 53, 771, 13731 }, // U+04AD
    { 60, 75, 1080, 4, 75, 1125, 14502 }, // U+04AE
    { 51, 70, 875, 2, 53, 893, 15627 }, // U+04AF
    { 60, 75, 1080, 4, 75, 1125, 16520 }, // U+04B0
    { 51, 70, 875, 2, 53, 893, 17645 }, // U+04B1
    { 65, 89, 1144, 4, 75, 1447, 18538 }, // U+04B2
    { 53, 67, 910, 2, 53, 888, 19985 }, // U+04B3
    { 84, 89, 1461, 4, 75, 1869, 20873 }, // U+04B4
    { 67, 65, 1106, 1, 53, 1089, 22742 }, // U+04B5
    { 61, 89, 1158, 7, 75, 1358, 23831 }, // U+04B6
    { 50, 67, 936, 6, 53, 838, 25189 }, // U+04B7
    { 53, 75, 1118, 7, 75, 994, 26027 }, // U+04B8
    { 44, 53, 925, 6, 53, 583, 27021 }, // U+04B9
    { 52, 75, 1106, 10, 75, 975, 27604 }, // U+04BA
    { 45, 75, 934, 7, 75, 844, 28579 }, // U+04BB
    { 61, 89, 1158, 7, 75, 1358, 29423 }, // U+04BC
    { 50, 67, 936, 6, 53, 838, 30781 }, // U+04BD
    { 79, 90, 1338, 0, 76, 1778, 31619 }, // U+04BE
    { 62, 68, 1058, 0, 54, 1054, 33397 }, // U+04BF
    { 11, 75, 464, 9, 75, 207, 34451 }, // U+04C0
    { 93, 96, 1576, 3, 96, 2232, 34658 }, // U+04C1
    { 75, 75, 1286, 3, 75, 1407, 36890 }, // U+04C2
    { 53, 92, 1064, 10, 75, 1219, 38297 }, // U+04C3
    { 43, 70, 888, 8, 53, 753, 39516 }, // U+04C4
    { 73, 89, 1237, 1, 75, 1625, 40269 }, // U+04C5
    { 59, 65, 978, 1, 53, 959, 41894 }, // U+04C6
    { 55, 93, 1197, 10, 75, 1279, 42853 }, // U+04C7
    { 44, 70, 962, 8, 53, 770, 44132 }, // U+04C8
    { 64, 89, 1237, 10, 75, 1424, 44902 }, // U+04C9
    { 52, 65, 982, 8, 53, 845, 46326 }, // U+04CA
    { 61, 89, 1158, 7, 75, 1358, 47171 }, // U+04CB
    { 50, 67, 936, 6, 53, 838, 48529 }, // U+04CC
    { 82, 89, 1510, 9, 75, 1825, 49367 }, // U+04CD
    { 62, 65, 1142, 8, 53, 1008, 51192 }, // U+04CE
    { 10, 75, 382, 7, 75, 188, 52200 }, // U+04CF
    { 65, 96, 1163, 4, 96, 1560, 52388 }, // U+04D0
    { 45, 76, 877, 3, 75, 855, 53948 }, // U+04D1
    { 65, 96, 1163, 4, 96, 1560, 54803 }, // U+04D2
    { 45, 76, 877, 3, 75, 855, 56363 }, // U+04D3
    { 93, 75, 1613, 4, 75, 1744, 57218 }, // U+04D4
    { 86, 55, 1477, 3, 54, 1183, 58962 }, // U+04D5
    { 50, 96, 1005, 9, 96, 1200, 60145 }, // U+04D6
    { 50, 76, 930, 4, 75, 950, 61345 }, // U+04D7
    { 64, 77, 1221, 6, 76, 1232, 62295 }, // U+04D8
    { 50, 55, 930, 4, 54, 688, 0 }, // U+04D9
    { 64, 97, 1221, 6, 96, 1552, 688 }, // U+04DA
    { 50, 76, 930, 4, 75, 950, 2240 }, // U+04DB
    { 93, 96, 1576, 3, 96, 2232, 3190 }, // U+04DC
    { 75, 75, 1286, 3, 75, 1407, 5422 }, // U+04DD
    { 56, 97, 1062, 5, 96, 1358, 6829 }, // U+04DE
    { 45, 76, 832, 3, 75, 855, 8187 }, // U+04DF
    { 57, 76, 1005, 3, 75, 1083, 9042 }, // U+04E0
    { 46, 71, 837, 3, 53, 817, 10125 }, // U+04E1
    { 58, 94, 1243, 10, 94, 1363, 10942 }, // U+04E2
    { 45, 73, 978, 8, 73, 822, 12305 }, // U+04E3
    { 58, 96, 1243, 10, 96, 1392, 13127 }, // U+04E4
    { 45, 75, 978, 8, 75, 844, 14519 }, // U+04E5
    { 64, 97, 1222, 6, 96, 1552, 15363 }, // U+04E6
    { 52, 76, 958, 4, 75, 988, 16915 }, // U+04E7
    { 64, 77, 1222, 6, 77, 1232, 17903 }, // U+04E8
    { 52, 55, 958, 4, 54, 715, 19135 }, // U+04E9
    { 64, 96, 1222, 6, 96, 1536, 19850 }, // U+04EA
    { 52, 76, 958, 4, 75, 988, 21386 }, // U+04EB
    { 62, 97, 1147, 4, 96, 1504, 22374 }, // U+04EC
    { 50, 76, 893, 2, 75, 950, 23878 }, // U+04ED
    { 60, 95, 981, 2, 94, 1425, 24828 }, // U+04EE
    { 49, 90, 848, 2, 73, 1103, 26253 }, // U+04EF
    { 60, 97, 981, 2, 96, 1455, 27356 }, // U+04F0
    { 49, 92, 848, 2, 75, 1127, 28811 }, // U+04F1
    { 60, 98, 981, 2, 97, 1470, 29938 }, // U+04F2
    { 49, 93, 848, 2, 76, 1140, 31408 }, // U+04F3
    { 52, 96, 1106, 7, 96, 1248, 32548 }, // U+04F4
    { 43, 75, 912, 6, 75, 807, 33796 }, // U+04F5
    { 45, 89, 907, 10, 75, 1002, 34603 }, // U+04F6
    { 35, 67, 699, 8, 53, 587, 35605 }, // U+04F7
    { 71, 96, 1454, 10, 96, 1704, 36192 }, // U+04F8
    { 56, 75, 1154, 8, 75, 1050, 37896 }, // U+04F9
    { 55, 93, 925, 1, 75, 1279, 38946 }, // U+04FA
    { 44, 70, 738, 1, 53, 770, 40225 }, // U+04FB
    { 59, 93, 1072, 4, 75, 1372, 40995 }, // U+04FC
    { 48, 71, 856, 2, 53, 852, 42367 }, // U+04FD
    { 61, 75, 1101, 4, 75, 1144, 43219 }, // U+04FE
    { 50, 53, 870, 2, 53, 663, 44363 }, // U+04FF
    { 65, 92, 1163, 4, 75, 1495, 0 }, // U+1EA0
    { 45, 71, 877, 3, 54, 799, 1495 }, // U+1EA1
    { 65, 99, 1163, 4, 99, 1609, 2294 }, // U+1EA2
    { 45, 79, 877, 3, 78, 889, 3903 }, // U+1EA3
    { 65, 112, 1163, 4, 112, 1820, 4792 }, // U+1EA4
    { 45, 92, 877, 3, 91, 1035, 6612 }, // U+1EA5
    { 65, 112, 1163, 4, 112, 1820, 7647 }, // U+1EA6
    { 45, 92, 877, 3, 91, 1035, 9467 }, // U+1EA7
    { 65, 111, 1163, 4, 111, 1804, 10502 }, // U+1EA8
    { 47, 91, 877, 3, 90, 1070, 12306 }, // U+1EA9
    { 65, 110, 1163, 4, 110, 1788, 13376 }, // U+1EAA
    { 45, 90, 877, 3, 89, 1013, 15164 }, // U+1EAB
    { 65, 113, 1163, 4, 96, 1837, 16177 }, // U+1EAC
    { 45, 92, 877, 3, 75, 1035, 18014 }, // U+1EAD
    { 65, 115, 1163, 4, 115, 1869, 19049 }, // U+1EAE
    { 45, 95, 877, 3, 94, 1069, 20918 }, // U+1EAF
    { 65, 115, 1163, 4, 115, 1869, 21987 }, // U+1EB0
    { 45, 95, 877, 3, 94, 1069, 23856 }, // U+1EB1
    { 65, 116, 1163, 4, 116, 1885, 24925 }, // U+1EB2
    { 45, 96, 877, 3, 95, 1080, 26810 }, // U+1EB3
    { 65, 113, 1163, 4, 113, 1837, 27890 }, // U+1EB4
    { 45, 93, 877, 3, 92, 1047, 29727 }, // U+1EB5
    { 65, 113, 1163, 4, 96, 1837, 30774 }, // U+1EB6
    { 45, 92, 877, 3, 75, 1035, 32611 }, // U+1EB7
    { 50, 92, 1005, 9, 75, 1150, 33646 }, // U+1EB8
    { 50, 71, 930, 4, 54, 888, 34796 }, // U+1EB9
    { 50, 99, 1005, 9, 99, 1238, 35684 }, // U+1EBA
    { 50, 79, 930, 4, 78, 988, 36922 }, // U+1EBB
    { 50, 95, 1005, 9, 95, 1188, 37910 }, // U+1EBC
    { 50, 75, 930, 4, 74, 938, 39098 }, // U+1EBD
    { 50, 112, 1005, 9, 112, 1400, 40036 }, // U+1EBE
    { 50, 92, 930, 4, 91, 1150, 41436 }, // U+1EBF
    { 50, 112, 1005, 9, 112, 1400, 42586 }, // U+1EC0
    { 50, 92, 930, 4, 91, 1150, 43986 }, // U+1EC1
    { 50, 111, 1005, 9, 111, 1388, 45136 }, // U+1EC2
    { 50, 91, 930, 4, 90, 1138, 46524 }, // U+1EC3
    { 50, 110, 1005, 9, 110, 1375, 47662 }, // U+1EC4
    { 50, 90, 930, 4, 89, 1125, 49037 }, // U+1EC5
    { 50, 113, 1005, 9, 96, 1413, 50162 }, // U+1EC6
    { 50, 92, 930, 4, 75, 1150, 51575 }, // U+1EC7
    { 17, 99, 464, 5, 99, 421, 52725 }, // U+1EC8
    { 17, 78, 382, 2, 78, 332, 53146 }, // U+1EC9
    { 11, 92, 464, 9, 75, 253, 53478 }, // U+1ECA
    { 10, 92, 382, 7, 75, 230, 53731 }, // U+1ECB
    { 64, 93, 1222, 6, 76, 1488, 53961 }, // U+1ECC
    { 52, 71, 958, 4, 54, 923, 55449 }, // U+1ECD
    { 64, 100, 1222, 6, 99, 1600, 56372 }, // U+1ECE
    { 52, 79, 958, 4, 78, 1027, 57972 }, // U+1ECF
    { 64, 113, 1222, 6, 112, 1808, 58999 }, // U+1ED0
    { 52, 92, 958, 4, 91, 1196, 60807 }, // U+1ED1
    { 64, 113, 1222, 6, 112, 1808, 0 }, // U+1ED2
    { 52, 92, 958, 4, 91, 1196, 1808 }, // U+1ED3
    { 64, 112, 1222, 6, 111, 1792, 3004 }, // U+1ED4
    { 52, 91, 958, 4, 90, 1183, 4796 }, // U+1ED5
    { 64, 111, 1222, 6, 110, 1776, 5979 }, // U+1ED6
    { 52, 90, 958, 4, 89, 1170, 7755 }, // U+1ED7
    { 64, 113, 1222, 6, 96, 1808, 8925 }, // U+1ED8
    { 52, 92, 958, 4, 75, 1196, 10733 }, // U+1ED9
    { 64, 98, 1222, 6, 97, 1568, 11929 }, // U+1EDA
    { 52, 77, 958, 4, 76, 1001, 13497 }, // U+1EDB
    { 64, 98, 1222, 6, 97, 1568, 14498 }, // U+1EDC
    { 52, 77, 958, 4, 76, 1001, 16066 }, // U+1EDD
    { 64, 100, 1222, 6, 99, 1600, 17067 }, // U+1EDE
    { 52, 79, 958, 4, 78, 1027, 18667 }, // U+1EDF
    { 64, 96, 1222, 6, 95, 1536, 19694 }, // U+1EE0
    { 52, 75, 958, 4, 74, 975, 21230 }, // U+1EE1
    { 64, 97, 1222, 6, 80, 1552, 22205 }, // U+1EE2
    { 52, 76, 958, 4, 59, 988, 23757 }, // U+1EE3
    { 55, 92, 1134, 8, 75, 1265, 24745 }, // U+1EE4
    { 44, 70, 926, 7, 53, 770, 26010 }, // U+1EE5
    { 55, 100, 1134, 8, 99, 1375, 26780 }, // U+1EE6
    { 44, 79, 926, 7, 78, 869, 28155 }, // U+1EE7
    { 65, 98, 1134, 8, 97, 1593, 29024 }, // U+1EE8
    { 55, 77, 926, 7, 76, 1059, 30617 }, // U+1EE9
    { 65, 98, 1134, 8, 97, 1593, 31676 }, // U+1EEA
    { 55, 77, 926, 7, 76, 1059, 33269 }, // U+1EEB
    { 65, 100, 1134, 8, 99, 1625, 34328 }, // U+1EEC
    { 55, 79, 926, 7, 78, 1087, 35953 }, // U+1EED
    { 65, 96, 1134, 8, 95, 1560, 37040 }, // U+1EEE
    { 55, 75, 926, 7, 74, 1032, 38600 }, // U+1EEF
    { 65, 97, 1134, 8, 80, 1577, 39632 }, // U+1EF0
    { 55, 76, 926, 7, 59, 1045, 41209 }, // U+1EF1
    { 60, 97, 1080, 4, 97, 1455, 42254 }, // U+1EF2
    { 49, 93, 848, 2, 76, 1140, 43709 }, // U+1EF3
    { 60, 92, 1080, 4, 75, 1380, 44849 }, // U+1EF4
    { 49, 70, 848, 2, 53, 858, 46229 }, // U+1EF5
    { 60, 99, 1080, 4, 99, 1485, 47087 }, // U+1EF6
    { 49, 95, 848, 2, 78, 1164, 48572 }, // U+1EF7
    { 60, 95, 1080, 4, 95, 1425, 49736 }, // U+1EF8
    { 49, 91, 848, 2, 74, 1115, 51161 }, // U+1EF9
    { 0, 0, 960, 0, 0, 0, 0 }, // U+2007
    { 0, 0, 496, 0, 0, 0, 0 }, // U+2008
    { 0, 0, 496, 0, 0, 0, 0 }, // U+2009
    { 0, 0, 381, 0, 0, 0, 0 }, // U+200A
    { 0, 0, 264, 0, 0, 0, 0 }, // U+200B
    { 26, 7, 610, 6, 30, 46, 0 }, // U+2010
    { 54, 8, 1053, 6, 30, 108, 46 }, // U+2012
    { 44, 8, 893, 6, 30, 88, 154 }, // U+2013
    { 76, 8, 1408, 6, 30, 152, 242 }, // U+2014
    { 76, 8, 1408, 6, 30, 152, 394 }, // U+2015
    { 13, 25, 355, 5, 75, 82, 546 }, // U+2018
    { 13, 25, 355, 4, 75, 82, 628 }, // U+2019
    { 13, 24, 355, 4, 11, 78, 710 }, // U+201A
    { 31, 25, 637, 5, 75, 194, 788 }, // U+201C
    { 31, 25, 638, 4, 75, 194, 982 }, // U+201D
    { 31, 24, 638, 4, 11, 186, 1176 }, // U+201E
    { 43, 92, 715, 1, 75, 989, 1362 }, // U+2020
    { 43, 92, 715, 1, 75, 989, 2351 }, // U+2021
    { 19, 20, 498, 6, 48, 95, 3340 }, // U+2022
    { 64, 12, 1198, 5, 12, 192, 3435 }, // U+2026
    { 122, 77, 2118, 5, 76, 2349, 3627 }, // U+2030
    { 18, 30, 373, -1, 75, 135, 5976 }, // U+2032
    { 34, 30, 626, -1, 75, 255, 6111 }, // U+2033
    { 20, 38, 427, 3, 45, 190, 6366 }, // U+2039
    { 20, 38, 429, 4, 45, 190, 6556 }, // U+203A
    { 55, 76, 392, -15, 75, 1045, 6746 }, // U+2044
    { 56, 76, 1011, 4, 75, 1064, 7791 }, // U+2052
    { 36, 49, 774, 5, 86, 441, 0 }, // U+2070
    { 36, 48, 773, 5, 85, 432, 441 }, // U+2074
    { 36, 48, 752, 5, 85, 432, 873 }, // U+2075
    { 35, 49, 757, 5, 87, 429, 1305 }, // U+2076
    { 33, 48, 691, 6, 86, 396, 1734 }, // U+2077
    { 36, 49, 750, 5, 87, 441, 2130 }, // U+2078
    { 34, 49, 757, 5, 87, 417, 2571 }, // U+2079
    { 48, 75, 960, 4, 75, 900, 0 }, // U+20A1
    { 58, 75, 981, -1, 75, 1088, 900 }, // U+20A3
    { 56, 76, 984, 1, 76, 1064, 1988 }, // U+20A4
    { 74, 75, 1179, 0, 75, 1388, 3052 }, // U+20A6
    { 95, 77, 1723, 9, 75, 1829, 4440 }, // U+20A7
    { 104, 75, 1678, 1, 75, 1950, 6269 }, // U+20A9
    { 47, 75, 810, 3, 75, 882, 8219 }, // U+20AB
    { 59, 77, 960, -2, 76, 1136, 9101 }, // U+20AC
    { 69, 75, 1157, 0, 75, 1294, 10237 }, // U+20AD
    { 57, 75, 1032, 4, 75, 1069, 11531 }, // U+20AE
    { 71, 75, 1216, 0, 75, 1332, 12600 }, // U+20B1
    { 61, 91, 1182, 6, 82, 1388, 13932 }, // U+20B2
    { 56, 77, 1018, 4, 76, 1078, 15320 }, // U+20B4
    { 60, 91, 1131, 6, 82, 1365, 16398 }, // U+20B5
    { 57, 75, 1032, 4, 75, 1069, 17763 }, // U+20B8
    { 57, 75, 926, 0, 75, 1069, 18832 }, // U+20B9
    { 54, 75, 891, 1, 75, 1013, 19901 }, // U+20BA
    { 55, 83, 1146, 8, 82, 1142, 20914 }, // U+20BC
    { 65, 75, 1115, 0, 75, 1219, 22056 }, // U+20BD
    { 88, 76, 1547, 4, 75, 1672, 0 }, // U+2153
    { 88, 77, 1554, 4, 76, 1694, 1672 }, // U+2154
    { 87, 76, 1558, 5, 75, 1653, 3366 }, // U+215B
    { 92, 77, 1618, 4, 76, 1771, 5019 }, // U+215C
    { 93, 76, 1621, 4, 75, 1767, 6790 }, // U+215D
    { 85, 76, 1485, 4, 75, 1615, 8557 }, // U+215E
    { 51, 77, 946, 4, 76, 982, 0 }, // U+2202
    { 48, 44, 933, 5, 59, 528, 982 }, // U+2205
    { 60, 75, 1046, 3, 75, 1125, 1510 }, // U+2206
    { 64, 75, 1046, 1, 75, 1200, 2635 }, // U+220F
    { 49, 75, 840, 2, 75, 919, 3835 }, // U+2211
    { 44, 8, 891, 6, 41, 88, 4754 }, // U+2212
    { 34, 80, 550, 0, 75, 680, 4842 }, // U+2215
    { 19, 20, 498, 6, 48, 95, 5522 }, // U+2219
    { 63, 102, 1014, 1, 85, 1607, 5617 }, // U+221A
    { 65, 33, 1165, 4, 44, 537, 7224 }, // U+221E
    { 44, 104, 704, 0, 86, 1144, 7761 }, // U+222B
    { 46, 32, 909, 5, 52, 368, 8905 }, // U+2248
    { 44, 59, 960, 6, 65, 649, 9273 }, // U+2260
    { 44, 59, 882, 5, 65, 649, 9922 }, // U+2264
    { 44, 59, 882, 6, 65, 649, 10571 }, // U+2265
    { 53, 75, 987, 2, 75, 994, 0 }, // U+FB01
    { 53, 75, 989, 2, 75, 994, 994 }, // U+FB02
};

static const EpdUnicodeInterval librefranklin_reader_16_regular_3xIntervals[] = {
    { 0x20, 0x7E, 0x0 },
    { 0xA0, 0xAC, 0x5F },
    { 0xAE, 0x17E, 0x6C },
    { 0x1A0, 0x1A1, 0x13D },
    { 0x1AF, 0x1B0, 0x13F },
    { 0x1C4, 0x1CC, 0x141 },
    { 0x1E6, 0x1E7, 0x14A },
    { 0x1EA, 0x1EB, 0x14C },
    { 0x1F1, 0x1F5, 0x14E },
    { 0x1FA, 0x21B, 0x153 },
    { 0x300, 0x304, 0x175 },
    { 0x306, 0x30C, 0x17A },
    { 0x30F, 0x30F, 0x181 },
    { 0x311, 0x312, 0x182 },
    { 0x31B, 0x31B, 0x184 },
    { 0x323, 0x324, 0x185 },
    { 0x326, 0x328, 0x187 },
    { 0x32E, 0x32E, 0x18A },
    { 0x331, 0x331, 0x18B },
    { 0x335, 0x335, 0x18C },
    { 0x394, 0x394, 0x18D },
    { 0x3A9, 0x3A9, 0x18E },
    { 0x3BC, 0x3BC, 0x18F },
    { 0x3C0, 0x3C0, 0x190 },
    { 0x400, 0x45F, 0x191 },
    { 0x462, 0x463, 0x1F1 },
    { 0x46A, 0x46B, 0x1F3 },
    { 0x472, 0x475, 0x1F5 },
    { 0x48A, 0x4A5, 0x1F9 },
    { 0x4A8, 0x4FF, 0x215 },
    { 0x1EA0, 0x1EF9, 0x26D },
    { 0x2007, 0x200B, 0x2C7 },
    { 0x2010, 0x2010, 0x2CC },
    { 0x2012, 0x2015, 0x2CD },
    { 0x2018, 0x201A, 0x2D1 },
    { 0x201C, 0x201E, 0x2D4 },
    { 0x2020, 0x2022, 0x2D7 },
    { 0x2026, 0x2026, 0x2DA },
    { 0x2030, 0x2030, 0x2DB },
    { 0x2032, 0x2033, 0x2DC },
    { 0x2039, 0x203A, 0x2DE },
    { 0x2044, 0x2044, 0x2E0 },
    { 0x2052, 0x2052, 0x2E1 },
    { 0x2070, 0x2070, 0x2E2 },
    { 0x2074, 0x2079, 0x2E3 },
    { 0x20A1, 0x20A1, 0x2E9 },
    { 0x20A3, 0x20A4, 0x2EA },
    { 0x20A6, 0x20A7, 0x2EC },
    { 0x20A9, 0x20A9, 0x2EE },
    { 0x20AB, 0x20AE, 0x2EF },
    { 0x20B1, 0x20B2, 0x2F3 },
    { 0x20B4, 0x20B5, 0x2F5 },
    { 0x20B8, 0x20BA, 0x2F7 },
    { 0x20BC, 0x20BD, 0x2FA },
    { 0x2153, 0x2154, 0x2FC },
    { 0x215B, 0x215E, 0x2FE },
    { 0x2202, 0x2202, 0x302 },
    { 0x2205, 0x2206, 0x303 },
    { 0x220F, 0x220F, 0x305 },
    { 0x2211, 0x2212, 0x306 },
    { 0x2215, 0x2215, 0x308 },
    { 0x2219, 0x221A, 0x309 },
    { 0x221E, 0x221E, 0x30B },
    { 0x222B, 0x222B, 0x30C },
    { 0x2248, 0x2248, 0x30D },
    { 0x2260, 0x2260, 0x30E },
    { 0x2264, 0x2265, 0x30F },
    { 0xFB01, 0xFB02, 0x311 },
};

static const EpdFontGroup librefranklin_reader_16_regular_3xGroups[] = {
    { 0, 12561, 64729, 80, 0 },
    { 12561, 2255, 9810, 15, 80 },
    { 14816, 9301, 64705, 67, 95 },
    { 24117, 3468, 25090, 28, 162 },
    { 27585, 5957, 65336, 61, 190 },
    { 33542, 6998, 65259, 58, 251 },
    { 40540, 1032, 9168, 8, 309 },
    { 41572, 8863, 64217, 46, 317 },
    { 50435, 1726, 11110, 10, 363 },
    { 52161, 859, 2089, 24, 373 },
    { 53020, 828, 4035, 4, 397 },
    { 53848, 8708, 65107, 55, 401 },
    { 62556, 10812, 65102, 70, 456 },
    { 73368, 9072, 65309, 56, 526 },
    { 82440, 6638, 46078, 39, 582 },
    { 89078, 3806, 64710, 50, 621 },
    { 92884, 3440, 53043, 40, 671 },
    { 96324, 1743, 9072, 27, 711 },
    { 98067, 1001, 3060, 7, 738 },
    { 99068, 4285, 23828, 19, 745 },
    { 103353, 2593, 10305, 6, 764 },
    { 105946, 2313, 11405, 15, 770 },
    { 108259, 172, 2100, 2, 785 },
};

static const EpdKernClassEntry librefranklin_reader_16_regular_3xKernLeftClasses[] = {
    { 0x0022, 1 }, // "
    { 0x0027, 1 }, // '
    { 0x0028, 2 }, // (
    { 0x002C, 3 }, // ,
    { 0x002D, 4 }, // -
    { 0x002E, 3 }, // .
    { 0x0041, 5 }, // A
    { 0x0042, 6 }, // B
    { 0x0043, 7 }, // C
    { 0x0044, 8 }, // D
    { 0x0045, 9 }, // E
    { 0x0046, 10 }, // F
    { 0x0047, 11 }, // G
    { 0x004A, 12 }, // J
    { 0x004B, 13 }, // K
    { 0x004C, 14 }, // L
    { 0x004F, 8 }, // O
    { 0x0050, 15 }, // P
    { 0x0051, 8 }, // Q
    { 0x0052, 16 }, // R
    { 0x0053, 17 }, // S
    { 0x0054, 18 }, // T
    { 0x0055, 19 }, // U
    { 0x0056, 20 }, // V
    { 0x0057, 21 }, // W
    { 0x0058, 22 }, // X
    { 0x0059, 23 }, // Y
    { 0x005A, 24 }, // Z
    { 0x005B, 2 }, // [
    { 0x0061, 25 }, // a
    { 0x0062, 26 }, // b
    { 0x0063, 27 }, // c
    { 0x0065, 28 }, // e
    { 0x0066, 29 }, // f
    { 0x0067, 30 }, // g
    { 0x0068, 31 }, // h
    { 0x006A, 32 }, // j
    { 0x006B, 33 }, // k
    { 0x006D, 31 }, // m
    { 0x006E, 31 }, // n
    { 0x006F, 34 }, // o
    { 0x0070, 26 }, // p
    { 0x0072, 35 }, // r
    { 0x0073, 36 }, // s
    { 0x0074, 37 }, // t
    { 0x0076, 38 }, // v
    { 0x0077, 39 }, // w
    { 0x0078, 40 }, // x
    { 0x0079, 41 }, // y
    { 0x007A, 42 }, // z
    { 0x007B, 2 }, // {
    { 0x00BF, 43 }, // U+00BF
    { 0x00C0, 5 }, // U+00C0
    { 0x00C1, 5 }, // U+00C1
    { 0x00C2, 5 }, // U+00C2
    { 0x00C3, 5 }, // U+00C3
    { 0x00C4, 5 }, // U+00C4
    { 0x00C5, 5 }, // U+00C5
    { 0x00C6, 9 }, // U+00C6
    { 0x00C7, 7 }, // U+00C7
    { 0x00C8, 9 }, // U+00C8
    { 0x00C9, 9 }, // U+00C9
    { 0x00CA, 9 }, // U+00CA
    { 0x00CB, 9 }, // U+00CB
    { 0x00D0, 8 }, // U+00D0
    { 0x00D2, 8 }, // U+00D2
    { 0x00D3, 8 }, // U+00D3
    { 0x00D4, 8 }, // U+00D4
    { 0x00D5, 8 }, // U+00D5
    { 0x00D6, 8 }, // U+00D6
    { 0x00D9, 19 }, // U+00D9
    { 0x00DA, 19 }, // U+00DA
    { 0x00DB, 19 }, // U+00DB
    { 0x00DC, 19 }, // U+00DC
    { 0x00DD, 23 }, // U+00DD
    { 0x00E0, 25 }, // U+00E0
    { 0x00E1, 25 }, // U+00E1
    { 0x00E2, 25 }, // U+00E2
    { 0x00E3, 25 }, // U+00E3
    { 0x00E4, 25 }, // U+00E4
    { 0x00E5, 25 }, // U+00E5
    { 0x00E6, 28 }, // U+00E6
    { 0x00E7, 27 }, // U+00E7
    { 0x00E8, 28 }, // U+00E8
    { 0x00E9, 28 }, // U+00E9
    { 0x00EA, 28 }, // U+00EA
    { 0x00EB, 28 }, // U+00EB
    { 0x00F1, 31 }, // U+00F1
    { 0x00F2, 34 }, // U+00F2
    { 0x00F3, 34 }, // U+00F3
    { 0x00F4, 34 }, // U+00F4
    { 0x00F5, 34 }, // U+00F5
    { 0x00F6, 34 }, // U+00F6
    { 0x00F8, 34 }, // U+00F8
    { 0x00FD, 41 }, // U+00FD
    { 0x00FF, 41 }, // U+00FF
    { 0x0100, 5 }, // U+0100
    { 0x0101, 25 }, // U+0101
    { 0x0102, 5 }, // U+0102
    { 0x0103, 25 }, // U+0103
    { 0x0104, 5 }, // U+0104
    { 0x0105, 25 }, // U+0105
    { 0x0106, 7 }, // U+0106
    { 0x0107, 27 }, // U+0107
    { 0x0108, 7 }, // U+0108
    { 0x0109, 27 }, // U+0109
    { 0x010A, 7 }, // U+010A
    { 0x010B, 27 }, // U+010B
    { 0x010C, 7 }, // U+010C
    { 0x010D, 27 }, // U+010D
    { 0x010E, 8 }, // U+010E
    { 0x010F, 44 }, // U+010F
    { 0x0110, 8 }, // U+0110
    { 0x0112, 9 }, // U+0112
    { 0x0113, 28 }, // U+0113
    { 0x0114, 9 }, // U+0114
    { 0x0115, 28 }, // U+0115
    { 0x0116, 9 }, // U+0116
    { 0x0117, 28 }, // U+0117
    { 0x0118, 9 }, // U+0118
    { 0x0119, 28 }, // U+0119
    { 0x011A, 9 }, // U+011A
    { 0x011B, 28 }, // U+011B
    { 0x011C, 11 }, // U+011C
    { 0x011D, 30 }, // U+011D
    { 0x011E, 11 }, // U+011E
    { 0x011F, 30 }, // U+011F
    { 0x0120, 11 }, // U+0120
    { 0x0121, 30 }, // U+0121
    { 0x0122, 11 }, // U+0122
    { 0x0123, 30 }, // U+0123
    { 0x0125, 31 }, // U+0125
    { 0x0127, 31 }, // U+0127
    { 0x0134, 12 }, // U+0134
    { 0x0135, 32 }, // U+0135
    { 0x0136, 13 }, // U+0136
    { 0x0137, 33 }, // U+0137
    { 0x0138, 33 }, // U+0138
    { 0x0139, 14 }, // U+0139
    { 0x013B, 14 }, // U+013B
    { 0x013E, 44 }, // U+013E
    { 0x0144, 31 }, // U+0144
    { 0x0146, 31 }, // U+0146
    { 0x0148, 31 }, // U+0148
    { 0x014B, 31 }, // U+014B
    { 0x014C, 8 }, // U+014C
    { 0x014D, 34 }, // U+014D
    { 0x014E, 8 }, // U+014E
    { 0x014F, 34 }, // U+014F
    { 0x0150, 8 }, // U+0150
    { 0x0151, 34 }, // U+0151
    { 0x0153, 28 }, // U+0153
    { 0x0154, 16 }, // U+0154
    { 0x0155, 35 }, // U+0155
    { 0x0156, 16 }, // U+0156
    { 0x0157, 35 }, // U+0157
    { 0x0158, 16 }, // U+0158
    { 0x0159, 35 }, // U+0159
    { 0x015A, 17 }, // U+015A
    { 0x015B, 36 }, // U+015B
    { 0x015C, 17 }, // U+015C
    { 0x015D, 36 }, // U+015D
    { 0x015E, 17 }, // U+015E
    { 0x015F, 36 }, // U+015F
    { 0x0160, 17 }, // U+0160
    { 0x0161, 36 }, // U+0161
    { 0x0162, 18 }, // U+0162
    { 0x0163, 37 }, // U+0163
    { 0x0164, 18 }, // U+0164
    { 0x0165, 37 }, // U+0165
    { 0x0166, 18 }, // U+0166
    { 0x0167, 37 }, // U+0167
    { 0x0168, 19 }, // U+0168
    { 0x016A, 19 }, // U+016A
    { 0x016C, 19 }, // U+016C
    { 0x016E, 19 }, // U+016E
    { 0x0170, 19 }, // U+0170
    { 0x0172, 19 }, // U+0172
    { 0x0174, 21 }, // U+0174
    { 0x0175, 39 }, // U+0175
    { 0x0176, 23 }, // U+0176
    { 0x0177, 41 }, // U+0177
    { 0x0178, 23 }, // U+0178
    { 0x0179, 24 }, // U+0179
    { 0x017A, 42 }, // U+017A
    { 0x017B, 24 }, // U+017B
    { 0x017C, 42 }, // U+017C
    { 0x017D, 24 }, // U+017D
    { 0x017E, 42 }, // U+017E
    { 0x01A0, 8 }, // U+01A0
    { 0x01A1, 34 }, // U+01A1
    { 0x01AF, 19 }, // U+01AF
    { 0x01C4, 24 }, // U+01C4
    { 0x01EA, 8 }, // U+01EA
    { 0x01EB, 34 }, // U+01EB
    { 0x01F1, 24 }, // U+01F1
    { 0x01F2, 42 }, // U+01F2
    { 0x01FA, 5 }, // U+01FA
    { 0x01FB, 25 }, // U+01FB
    { 0x01FC, 9 }, // U+01FC
    { 0x01FD, 28 }, // U+01FD
    { 0x01FF, 34 }, // U+01FF
    { 0x0200, 5 }, // U+0200
    { 0x0201, 25 }, // U+0201
    { 0x0202, 5 }, // U+0202
    { 0x0203, 25 }, // U+0203
    { 0x0204, 9 }, // U+0204
    { 0x0205, 28 }, // U+0205
    { 0x0206, 9 }, // U+0206
    { 0x0207, 28 }, // U+0207
    { 0x020C, 8 }, // U+020C
    { 0x020D, 34 }, // U+020D
    { 0x020E, 8 }, // U+020E
    { 0x020F, 34 }, // U+020F
    { 0x0210, 16 }, // U+0210
    { 0x0211, 35 }, // U+0211
    { 0x0212, 16 }, // U+0212
    { 0x0213, 35 }, // U+0213
    { 0x0214, 19 }, // U+0214
    { 0x0216, 19 }, // U+0216
    { 0x0218, 17 }, // U+0218
    { 0x0219, 36 }, // U+0219
    { 0x021A, 18 }, // U+021A
    { 0x021B, 37 }, // U+021B
    { 0x1EA0, 5 }, // U+1EA0
    { 0x1EA1, 25 }, // U+1EA1
    { 0x1EA2, 5 }, // U+1EA2
    { 0x1EA3, 25 }, // U+1EA3
    { 0x1EA4, 5 }, // U+1EA4
    { 0x1EA5, 25 }, // U+1EA5
    { 0x1EA6, 5 }, // U+1EA6
    { 0x1EA7, 25 }, // U+1EA7
    { 0x1EA8, 5 }, // U+1EA8
    { 0x1EA9, 25 }, // U+1EA9
    { 0x1EAA, 5 }, // U+1EAA
    { 0x1EAB, 25 }, // U+1EAB
    { 0x1EAC, 5 }, // U+1EAC
    { 0x1EAD, 25 }, // U+1EAD
    { 0x1EAE, 5 }, // U+1EAE
    { 0x1EAF, 25 }, // U+1EAF
    { 0x1EB0, 5 }, // U+1EB0
    { 0x1EB1, 25 }, // U+1EB1
    { 0x1EB2, 5 }, // U+1EB2
    { 0x1EB3, 25 }, // U+1EB3
    { 0x1EB4, 5 }, // U+1EB4
    { 0x1EB5, 25 }, // U+1EB5
    { 0x1EB6, 5 }, // U+1EB6
    { 0x1EB7, 25 }, // U+1EB7
    { 0x1EB8, 9 }, // U+1EB8
    { 0x1EB9, 28 }, // U+1EB9
    { 0x1EBA, 9 }, // U+1EBA
    { 0x1EBB, 28 }, // U+1EBB
    { 0x1EBC, 9 }, // U+1EBC
    { 0x1EBD, 28 }, // U+1EBD
    { 0x1EBE, 9 }, // U+1EBE
    { 0x1EBF, 28 }, // U+1EBF
    { 0x1EC0, 9 }, // U+1EC0
    { 0x1EC1, 28 }, // U+1EC1
    { 0x1EC2, 9 }, // U+1EC2
    { 0x1EC3, 28 }, // U+1EC3
    { 0x1EC4, 9 }, // U+1EC4
    { 0x1EC5, 28 }, // U+1EC5
    { 0x1EC6, 9 }, // U+1EC6
    { 0x1EC7, 28 }, // U+1EC7
    { 0x1ECC, 8 }, // U+1ECC
    { 0x1ECD, 34 }, // U+1ECD
    { 0x1ECE, 8 }, // U+1ECE
    { 0x1ECF, 34 }, // U+1ECF
    { 0x1ED0, 8 }, // U+1ED0
    { 0x1ED1, 34 }, // U+1ED1
    { 0x1ED2, 8 }, // U+1ED2
    { 0x1ED3, 34 }, // U+1ED3
    { 0x1ED4, 8 }, // U+1ED4
    { 0x1ED5, 34 }, // U+1ED5
    { 0x1ED6, 8 }, // U+1ED6
    { 0x1ED7, 34 }, // U+1ED7
    { 0x1ED8, 8 }, // U+1ED8
    { 0x1ED9, 34 }, // U+1ED9
    { 0x1EDA, 8 }, // U+1EDA
    { 0x1EDB, 34 }, // U+1EDB
    { 0x1EDC, 8 }, // U+1EDC
    { 0x1EDD, 34 }, // U+1EDD
    { 0x1EDE, 8 }, // U+1EDE
    { 0x1EDF, 34 }, // U+1EDF
    { 0x1EE0, 8 }, // U+1EE0
    { 0x1EE1, 34 }, // U+1EE1
    { 0x1EE2, 8 }, // U+1EE2
    { 0x1EE3, 34 }, // U+1EE3
    { 0x1EE4, 19 }, // U+1EE4
    { 0x1EE6, 19 }, // U+1EE6
    { 0x1EE8, 19 }, // U+1EE8
    { 0x1EEA, 19 }, // U+1EEA
    { 0x1EEC, 19 }, // U+1EEC
    { 0x1EEE, 19 }, // U+1EEE
    { 0x1EF0, 19 }, // U+1EF0
    { 0x1EF2, 23 }, // U+1EF2
    { 0x1EF3, 41 }, // U+1EF3
    { 0x1EF4, 23 }, // U+1EF4
    { 0x1EF5, 41 }, // U+1EF5
    { 0x1EF6, 23 }, // U+1EF6
    { 0x1EF7, 41 }, // U+1EF7
    { 0x1EF8, 23 }, // U+1EF8
    { 0x1EF9, 41 }, // U+1EF9
    { 0x2013, 4 }, // U+2013
    { 0x2014, 4 }, // U+2014
    { 0x2018, 45 }, // U+2018
    { 0x2019, 46 }, // U+2019
    { 0x201C, 45 }, // U+201C
    { 0x201D, 46 }, // U+201D
};

static const EpdKernClassEntry librefranklin_reader_16_regular_3xKernRightClasses[] = {
    { 0x0022, 1 }, // "
    { 0x0027, 1 }, // '
    { 0x0029, 2 }, // )
    { 0x002A, 3 }, // *
    { 0x002C, 4 }, // ,
    { 0x002D, 5 }, // -
    { 0x002E, 4 }, // .
    { 0x003A, 6 }, // :
    { 0x003B, 6 }, // ;
    { 0x003F, 2 }, // ?
    { 0x0041, 7 }, // A
    { 0x0042, 8 }, // B
    { 0x0043, 9 }, // C
    { 0x0044, 8 }, // D
    { 0x0045, 8 }, // E
    { 0x0046, 8 }, // F
    { 0x0047, 9 }, // G
    { 0x0048, 8 }, // H
    { 0x0049, 8 }, // I
    { 0x004A, 10 }, // J
    { 0x004B, 8 }, // K
    { 0x004C, 8 }, // L
    { 0x004D, 8 }, // M
    { 0x004E, 8 }, // N
    { 0x004F, 9 }, // O
    { 0x0050, 8 }, // P
    { 0x0051, 9 }, // Q
    { 0x0052, 8 }, // R
    { 0x0053, 11 }, // S
    { 0x0054, 12 }, // T
    { 0x0055, 13 }, // U
    { 0x0056, 14 }, // V
    { 0x0057, 15 }, // W
    { 0x0058, 16 }, // X
    { 0x0059, 17 }, // Y
    { 0x005A, 18 }, // Z
    { 0x005D, 2 }, // ]
    { 0x0061, 19 }, // a
    { 0x0062, 8 }, // b
    { 0x0063, 20 }, // c
    { 0x0064, 21 }, // d
    { 0x0065, 20 }, // e
    { 0x0066, 8 }, // f
    { 0x0067, 22 }, // g
    { 0x0068, 8 }, // h
    { 0x0069, 23 }, // i
    { 0x006A, 24 }, // j
    { 0x006B, 8 }, // k
    { 0x006C, 8 }, // l
    { 0x006D, 25 }, // m
    { 0x006E, 25 }, // n
    { 0x006F, 20 }, // o
    { 0x0070, 26 }, // p
    { 0x0071, 21 }, // q
    { 0x0072, 27 }, // r
    { 0x0073, 28 }, // s
    { 0x0074, 29 }, // t
    { 0x0075, 30 }, // u
    { 0x0076, 31 }, // v
    { 0x0077, 32 }, // w
    { 0x0078, 33 }, // x
    { 0x0079, 34 }, // y
    { 0x007A, 35 }, // z
    { 0x007D, 2 }, // }
    { 0x00C0, 7 }, // U+00C0
    { 0x00C1, 7 }, // U+00C1
    { 0x00C2, 7 }, // U+00C2
    { 0x00C3, 7 }, // U+00C3
    { 0x00C4, 7 }, // U+00C4
    { 0x00C5, 7 }, // U+00C5
    { 0x00C6, 36 }, // U+00C6
    { 0x00C7, 9 }, // U+00C7
    { 0x00C8, 8 }, // U+00C8
    { 0x00C9, 8 }, // U+00C9
    { 0x00CA, 8 }, // U+00CA
    { 0x00CB, 8 }, // U+00CB
    { 0x00CC, 8 }, // U+00CC
    { 0x00CD, 8 }, // U+00CD
    { 0x00CE, 8 }, // U+00CE
    { 0x00CF, 8 }, // U+00CF
    { 0x00D0, 8 }, // U+00D0
    { 0x00D1, 8 }, // U+00D1
    { 0x00D2, 9 }, // U+00D2
    { 0x00D3, 9 }, // U+00D3
    { 0x00D4, 9 }, // U+00D4
    { 0x00D5, 9 }, // U+00D5
    { 0x00D6, 9 }, // U+00D6
    { 0x00D9, 13 }, // U+00D9
    { 0x00DA, 13 }, // U+00DA
    { 0x00DB, 13 }, // U+00DB
    { 0x00DC, 13 }, // U+00DC
    { 0x00DD, 17 }, // U+00DD
    { 0x00DE, 8 }, // U+00DE
    { 0x00DF, 37 }, // U+00DF
    { 0x00E0, 19 }, // U+00E0
    { 0x00E1, 19 }, // U+00E1
    { 0x00E2, 19 }, // U+00E2
    { 0x00E3, 19 }, // U+00E3
    { 0x00E4, 19 }, // U+00E4
    { 0x00E5, 19 }, // U+00E5
    { 0x00E6, 19 }, // U+00E6
    { 0x00E7, 20 }, // U+00E7
    { 0x00E8, 20 }, // U+00E8
    { 0x00E9, 20 }, // U+00E9
    { 0x00EA, 20 }, // U+00EA
    { 0x00EB, 20 }, // U+00EB
    { 0x00EC, 23 }, // U+00EC
    { 0x00ED, 23 }, // U+00ED
    { 0x00EE, 23 }, // U+00EE
    { 0x00EF, 23 }, // U+00EF
    { 0x00F0, 37 }, // U+00F0
    { 0x00F1, 25 }, // U+00F1
    { 0x00F2, 20 }, // U+00F2
    { 0x00F3, 20 }, // U+00F3
    { 0x00F4, 20 }, // U+00F4
    { 0x00F5, 20 }, // U+00F5
    { 0x00F6, 20 }, // U+00F6
    { 0x00F8, 20 }, // U+00F8
    { 0x00F9, 30 }, // U+00F9
    { 0x00FA, 30 }, // U+00FA
    { 0x00FB, 30 }, // U+00FB
    { 0x00FC, 30 }, // U+00FC
    { 0x00FD, 34 }, // U+00FD
    { 0x00FE, 23 }, // U+00FE
    { 0x00FF, 34 }, // U+00FF
    { 0x0100, 7 }, // U+0100
    { 0x0101, 19 }, // U+0101
    { 0x0102, 7 }, // U+0102
    { 0x0103, 19 }, // U+0103
    { 0x0104, 7 }, // U+0104
    { 0x0105, 19 }, // U+0105
    { 0x0106, 9 }, // U+0106
    { 0x0107, 20 }, // U+0107
    { 0x0108, 9 }, // U+0108
    { 0x0109, 20 }, // U+0109
    { 0x010A, 9 }, // U+010A
    { 0x010B, 20 }, // U+010B
    { 0x010C, 9 }, // U+010C
    { 0x010D, 20 }, // U+010D
    { 0x010E, 8 }, // U+010E
    { 0x010F, 21 }, // U+010F
    { 0x0110, 37 }, // U+0110
    { 0x0111, 21 }, // U+0111
    { 0x0112, 8 }, // U+0112
    { 0x0113, 20 }, // U+0113
    { 0x0114, 8 }, // U+0114
    { 0x0115, 20 }, // U+0115
    { 0x0116, 8 }, // U+0116
    { 0x0117, 20 }, // U+0117
    { 0x0118, 8 }, // U+0118
    { 0x0119, 20 }, // U+0119
    { 0x011A, 8 }, // U+011A
    { 0x011B, 20 }, // U+011B
    { 0x011C, 9 }, // U+011C
    { 0x011D, 22 }, // U+011D
    { 0x011E, 9 }, // U+011E
    { 0x011F, 22 }, // U+011F
    { 0x0120, 9 }, // U+0120
    { 0x0121, 22 }, // U+0121
    { 0x0122, 9 }, // U+0122
    { 0x0123, 22 }, // U+0123
    { 0x0124, 8 }, // U+0124
    { 0x0125, 8 }, // U+0125
    { 0x0126, 8 }, // U+0126
    { 0x0127, 8 }, // U+0127
    { 0x0128, 8 }, // U+0128
    { 0x0129, 23 }, // U+0129
    { 0x012A, 8 }, // U+012A
    { 0x012B, 23 }, // U+012B
    { 0x012C, 8 }, // U+012C
    { 0x012D, 23 }, // U+012D
    { 0x012E, 8 }, // U+012E
    { 0x012F, 23 }, // U+012F
    { 0x0130, 8 }, // U+0130
    { 0x0131, 23 }, // U+0131
    { 0x0132, 8 }, // U+0132
    { 0x0133, 23 }, // U+0133
    { 0x0134, 10 }, // U+0134
    { 0x0135, 24 }, // U+0135
    { 0x0136, 8 }, // U+0136
    { 0x0137, 8 }, // U+0137
    { 0x0138, 8 }, // U+0138
    { 0x0139, 8 }, // U+0139
    { 0x013A, 8 }, // U+013A
    { 0x013B, 8 }, // U+013B
    { 0x013C, 8 }, // U+013C
    { 0x013D, 8 }, // U+013D
    { 0x013E, 8 }, // U+013E
    { 0x013F, 8 }, // U+013F
    { 0x0140, 8 }, // U+0140
    { 0x0141, 8 }, // U+0141
    { 0x0142, 8 }, // U+0142
    { 0x0143, 8 }, // U+0143
    { 0x0144, 25 }, // U+0144
    { 0x0145, 8 }, // U+0145
    { 0x0146, 25 }, // U+0146
    { 0x0147, 8 }, // U+0147
    { 0x0148, 25 }, // U+0148
    { 0x0149, 38 }, // U+0149
    { 0x014A, 8 }, // U+014A
    { 0x014B, 25 }, // U+014B
    { 0x014C, 9 }, // U+014C
    { 0x014D, 20 }, // U+014D
    { 0x014E, 9 }, // U+014E
    { 0x014F, 20 }, // U+014F
    { 0x0150, 9 }, // U+0150
    { 0x0151, 20 }, // U+0151
    { 0x0152, 9 }, // U+0152
    { 0x0153, 20 }, // U+0153
    { 0x0154, 8 }, // U+0154
    { 0x0155, 27 }, // U+0155
    { 0x0156, 8 }, // U+0156
    { 0x0157, 27 }, // U+0157
    { 0x0158, 8 }, // U+0158
    { 0x0159, 27 }, // U+0159
    { 0x015A, 11 }, // U+015A
    { 0x015B, 28 }, // U+015B
    { 0x015C, 11 }, // U+015C
    { 0x015D, 28 }, // U+015D
    { 0x015E, 11 }, // U+015E
    { 0x015F, 28 }, // U+015F
    { 0x0160, 11 }, // U+0160
    { 0x0161, 28 }, // U+0161
    { 0x0162, 12 }, // U+0162
    { 0x0163, 29 }, // U+0163
    { 0x0164, 12 }, // U+0164
    { 0x0165, 29 }, // U+0165
    { 0x0166, 12 }, // U+0166
    { 0x0167, 29 }, // U+0167
    { 0x0168, 13 }, // U+0168
    { 0x0169, 30 }, // U+0169
    { 0x016A, 13 }, // U+016A
    { 0x016B, 30 }, // U+016B
    { 0x016C, 13 }, // U+016C
    { 0x016D, 30 }, // U+016D
    { 0x016E, 13 }, // U+016E
    { 0x016F, 30 }, // U+016F
    { 0x0170, 13 }, // U+0170
    { 0x0171, 30 }, // U+0171
    { 0x0172, 13 }, // U+0172
    { 0x0173, 30 }, // U+0173
    { 0x0174, 15 }, // U+0174
    { 0x0175, 32 }, // U+0175
    { 0x0176, 17 }, // U+0176
    { 0x0177, 34 }, // U+0177
    { 0x0178, 17 }, // U+0178
    { 0x0179, 18 }, // U+0179
    { 0x017A, 35 }, // U+017A
    { 0x017B, 18 }, // U+017B
    { 0x017C, 35 }, // U+017C
    { 0x017D, 18 }, // U+017D
    { 0x017E, 35 }, // U+017E
    { 0x01A0, 9 }, // U+01A0
    { 0x01A1, 20 }, // U+01A1
    { 0x01AF, 13 }, // U+01AF
    { 0x01B0, 30 }, // U+01B0
    { 0x01C4, 8 }, // U+01C4
    { 0x01C5, 8 }, // U+01C5
    { 0x01C7, 8 }, // U+01C7
    { 0x01C8, 8 }, // U+01C8
    { 0x01C9, 8 }, // U+01C9
    { 0x01CA, 8 }, // U+01CA
    { 0x01CB, 8 }, // U+01CB
    { 0x01CC, 25 }, // U+01CC
    { 0x01E6, 37 }, // U+01E6
    { 0x01EA, 9 }, // U+01EA
    { 0x01EB, 20 }, // U+01EB
    { 0x01F1, 8 }, // U+01F1
    { 0x01F2, 8 }, // U+01F2
    { 0x01F3, 21 }, // U+01F3
    { 0x01F4, 9 }, // U+01F4
    { 0x01F5, 22 }, // U+01F5
    { 0x01FA, 7 }, // U+01FA
    { 0x01FB, 19 }, // U+01FB
    { 0x01FC, 36 }, // U+01FC
    { 0x01FD, 19 }, // U+01FD
    { 0x01FE, 39 }, // U+01FE
    { 0x01FF, 20 }, // U+01FF
    { 0x0200, 7 }, // U+0200
    { 0x0201, 19 }, // U+0201
    { 0x0202, 7 }, // U+0202
    { 0x0203, 19 }, // U+0203
    { 0x0204, 8 }, // U+0204
    { 0x0205, 20 }, // U+0205
    { 0x0206, 8 }, // U+0206
    { 0x0207, 20 }, // U+0207
    { 0x0208, 8 }, // U+0208
    { 0x0209, 23 }, // U+0209
    { 0x020A, 8 }, // U+020A
    { 0x020B, 23 }, // U+020B
    { 0x020C, 9 }, // U+020C
    { 0x020D, 20 }, // U+020D
    { 0x020E, 9 }, // U+020E
    { 0x020F, 20 }, // U+020F
    { 0x0210, 8 }, // U+0210
    { 0x0211, 27 }, // U+0211
    { 0x0212, 8 }, // U+0212
    { 0x0213, 27 }, // U+0213
    { 0x0214, 13 }, // U+0214
    { 0x0215, 30 }, // U+0215
    { 0x0216, 13 }, // U+0216
    { 0x0217, 30 }, // U+0217
    { 0x0218, 11 }, // U+0218
    { 0x0219, 28 }, // U+0219
    { 0x021A, 12 }, // U+021A
    { 0x021B, 29 }, // U+021B
    { 0x1EA0, 7 }, // U+1EA0
    { 0x1EA1, 19 }, // U+1EA1
    { 0x1EA2, 7 }, // U+1EA2
    { 0x1EA3, 19 }, // U+1EA3
    { 0x1EA4, 7 }, // U+1EA4
    { 0x1EA5, 19 }, // U+1EA5
    { 0x1EA6, 7 }, // U+1EA6
    { 0x1EA7, 19 }, // U+1EA7
    { 0x1EA8, 7 }, // U+1EA8
    { 0x1EA9, 19 }, // U+1EA9
    { 0x1EAA, 7 }, // U+1EAA
    { 0x1EAB, 19 }, // U+1EAB
    { 0x1EAC, 7 }, // U+1EAC
    { 0x1EAD, 19 }, // U+1EAD
    { 0x1EAE, 7 }, // U+1EAE
    { 0x1EAF, 19 }, // U+1EAF
    { 0x1EB0, 7 }, // U+1EB0
    { 0x1EB1, 19 }, // U+1EB1
    { 0x1EB2, 7 }, // U+1EB2
    { 0x1EB3, 19 }, // U+1EB3
    { 0x1EB4, 7 }, // U+1EB4
    { 0x1EB5, 19 }, // U+1EB5
    { 0x1EB6, 7 }, // U+1EB6
    { 0x1EB7, 19 }, // U+1EB7
    { 0x1EB8, 8 }, // U+1EB8
    { 0x1EB9, 20 }, // U+1EB9
    { 0x1EBA, 8 }, // U+1EBA
    { 0x1EBB, 20 }, // U+1EBB
    { 0x1EBC, 8 }, // U+1EBC
    { 0x1EBD, 20 }, // U+1EBD
    { 0x1EBE, 8 }, // U+1EBE
    { 0x1EBF, 20 }, // U+1EBF
    { 0x1EC0, 8 }, // U+1EC0
    { 0x1EC1, 20 }, // U+1EC1
    { 0x1EC2, 8 }, // U+1EC2
    { 0x1EC3, 20 }, // U+1EC3
    { 0x1EC4, 8 }, // U+1EC4
    { 0x1EC5, 20 }, // U+1EC5
    { 0x1EC6, 8 }, // U+1EC6
    { 0x1EC7, 20 }, // U+1EC7
    { 0x1EC8, 8 }, // U+1EC8
    { 0x1EC9, 23 }, // U+1EC9
    { 0x1ECA, 8 }, // U+1ECA
    { 0x1ECB, 23 }, // U+1ECB
    { 0x1ECC, 9 }, // U+1ECC
    { 0x1ECD, 20 }, // U+1ECD
    { 0x1ECE, 9 }, // U+1ECE
    { 0x1ECF, 20 }, // U+1ECF
    { 0x1ED0, 9 }, // U+1ED0
    { 0x1ED1, 20 }, // U+1ED1
    { 0x1ED2, 9 }, // U+1ED2
    { 0x1ED3, 20 }, // U+1ED3
    { 0x1ED4, 9 }, // U+1ED4
    { 0x1ED5, 20 }, // U+1ED5
    { 0x1ED6, 9 }, // U+1ED6
    { 0x1ED7, 20 }, // U+1ED7
    { 0x1ED8, 9 }, // U+1ED8
    { 0x1ED9, 20 }, // U+1ED9
    { 0x1EDA, 9 }, // U+1EDA
    { 0x1EDB, 20 }, // U+1EDB
    { 0x1EDC, 9 }, // U+1EDC
    { 0x1EDD, 20 }, // U+1EDD
    { 0x1EDE, 9 }, // U+1EDE
    { 0x1EDF, 20 }, // U+1EDF
    { 0x1EE0, 9 }, // U+1EE0
    { 0x1EE1, 20 }, // U+1EE1
    { 0x1EE2, 9 }, // U+1EE2
    { 0x1EE3, 20 }, // U+1EE3
    { 0x1EE4, 13 }, // U+1EE4
    { 0x1EE5, 30 }, // U+1EE5
    { 0x1EE6, 13 }, // U+1EE6
    { 0x1EE7, 30 }, // U+1EE7
    { 0x1EE8, 13 }, // U+1EE8
    { 0x1EE9, 30 }, // U+1EE9
    { 0x1EEA, 13 }, // U+1EEA
    { 0x1EEB, 30 }, // U+1EEB
    { 0x1EEC, 13 }, // U+1EEC
    { 0x1EED, 30 }, // U+1EED
    { 0x1EEE, 13 }, // U+1EEE
    { 0x1EEF, 30 }, // U+1EEF
    { 0x1EF0, 13 }, // U+1EF0
    { 0x1EF1, 30 }, // U+1EF1
    { 0x1EF2, 17 }, // U+1EF2
    { 0x1EF3, 34 }, // U+1EF3
    { 0x1EF4, 40 }, // U+1EF4
    { 0x1EF5, 34 }, // U+1EF5
    { 0x1EF6, 17 }, // U+1EF6
    { 0x1EF7, 34 }, // U+1EF7
    { 0x1EF8, 17 }, // U+1EF8
    { 0x1EF9, 34 }, // U+1EF9
    { 0x2013, 5 }, // U+2013
    { 0x2014, 5 }, // U+2014
    { 0x2019, 41 }, // U+2019
    { 0x201D, 41 }, // U+201D
    { 0xFB01, 8 }, // U+FB01
    { 0xFB02, 8 }, // U+FB02
};

static const int8_t librefranklin_reader_16_regular_3xKernMatrix[] = {
       0,    0,    0,    0,    0,    0, -128,    0,    0,    0,    0,    0,    0,    0,    0,    0,    0,    0,    0,  -67,  -67,    0,    0,    0,    0,    0,  -11,  -70,    0,    0,    0,    0,    0,    0,    0,    0,    0,    0,    0,    0,    0,
       0,    0,    0,    0,    0,    0,    0,    0,    0,    0,    0,    0,    0,    0,    0,    0,    0,    0,    0,    0,    0,    0,    0,  127,    0,    0,    0,    0,    0,    0,    0,    0,    0,    0,    0,    0,    0,    0,    0,    0,    0,
       0,    0,    0,    0,    0,    0,    0,    0,  -99,    0,    0, -128,    0, -128, -128,    0, -128,    0,    0,  -43,  -43,    0,    0,    0,    0,    0,    0,    0,    0,    0, -112, -107,    0,  -86,    0,    0,    0,    0,    0, -128,    0,
       0,    0,    0,    0,    0,    0,    0,    0,    0,    0,    0, -128,    0, -123, -102, -115, -128,  -86,    0,    0,    0,    0,    0,    0,    0,    0,    0,    0,    0,    0,    0,    0,  -91,    0,    0,    0,    0,    0,    0, -128,    0,
    -128,    0,    0,    0,    0,    0,  -59,    0,  -69,    0,  -26, -128,  -69, -128, -128,  -26, -128,    0,    0,  -70,  -54,    0,    0,    0,    0,    0,    0,  -54,  -80,    0, -109,  -82,  -37,  -64,    0,    0,    0,    0,    0, -128, -106,
       0,    0,    0,    0,    0,    0,  -26,    0,  -16,    0,    0,  -43,    0,  -32,  -32,  -37,  -53,    0,    0,    0,    0,    0,    0,    0,    0,    0,    0,    0,    0,    0,    0,    0,    0,    0,    0,    0,    0,    0,    0,  -53,    0,
       0,    0,    0,    0,    0,    0,  -37,    0,    0,    0,    0,  -26,    0,  -21,  -21,  -48,  -34,    0,    0,    0,    0,    0,    0,    0,    0,    0,    0,    0,    0,    0,    0,    0,    0,    0,    0,    0,    0,    0,    0,  -34,    0,
       0,    0,    0,  -99,    0,    0,  -69,    0,    0,  -21,  -32,  -86,    0,  -69,  -69,  -93, -106,  -32,    0,    0,    0,    0,    0,    0,    0,    0,    0,  -16,    0,    0,    0,    0,    0,    0,    0, -128,    0,    0,    0, -106,    0,
       0,    0,    0,    0,    0,    0,    0,    0,  -59,    0,    0,    0,    0,    0,    0,    0,    0,    0,    0,  -43,  -27,    0,    0,    0,    0,    0,    0,  -27,    0,    0, -101,  -80,  -38,  -64,    0,    0,    0,    0,    0,    0,    0,
       0,    0,    0, -128,    0,    0, -114,    0,  -50,  -93,  -32,    0,    0,    0,    0,    0,  -26,    0, -128, -125, -117, -102,    0,    0, -106, -109,  -90,  -86,  -69,  -58,  -82,  -54, -102,  -78, -102, -128,    0,    0,    0,  -26,    0,
       0,    0,    0,    0,    0,    0,    0,    0,    0,    0,    0,  -86,    0,  -37,  -37,    0,  -69,    0,    0,    0,    0,    0,    0,    0,    0,    0,    0,    0,    0,    0,    0,    0,    0,    0,    0,    0,    0,    0,    0,  -69,    0,
       0,    0,    0,    0,    0,    0,  -26,    0,    0,    0,    0,    0,    0,    0,    0,    0,    0,    0,    0,    0,    0,    0,    0,    0,    0,    0,    0,    0,    0,    0,    0,    0,    0,    0,    0,    0,    0,    0,    0,    0,    0,
       0,    0,    0,    0,  -80,    0,  -43,    0,  -85,    0,  -29,  -66,  -37,  -50,  -29,    0,  -45,    0,  -43,  -80,  -75,    0,    0,    0,    0,    0,    0,    0,  -64,  -48, -128,  -85,  -43,  -85,    0,    0,    0,    0,    0,  -45,    0,
    -128,    0,    0,    0,  -99,    0,  -26,    0, -107,    0,    0, -128,  -70, -128, -128,    0, -128,    0,    0,  -43,  -38,    0,    0,    0,    0,    0,    0,  -27,    0,    0, -102,  -70,    0,  -83,    0,    0,    0,    0,    0, -128, -128,
       0,    0,    0, -128,    0,    0, -128,    0,    0, -128,    0,  -59,    0,  -32,  -37,  -53,  -45,  -80,  -32,  -83,  -83,  -54,    0,    0,    0,    0,    0,  -53,    0,    0,    0,    0,    0,    0,    0, -128,    0,    0,    0,  -45,    0,
       0,    0,    0,    0,    0,    0,  -37,    0,  -16,    0,    0,  -16,    0,  -21,  -21,    0,  -29,    0,    0,  -59,  -59,  -54,    0,    0,    0,    0,    0,    0,    0,    0,    0,    0,    0,    0,    0,    0,    0,    0,    0,  -29,    0,
       0,    0,    0,    0,    0,    0,  -29,    0,  -27,  -16,  -21,  -26,    0,  -42,  -37,  -48,  -45,    0,    0,    0,    0,    0,    0,    0,    0,    0,    0,    0,  -43,    0,  -48,  -37,    0,  -48,    0,    0,    0,    0,    0,  -45,    0,
       0,    0,    0, -128, -128, -128, -128,    0,  -86, -128,  -26,    0,    0,    0,    0,  -21,  -48,    0, -128, -128, -128, -128,    0,    0, -125, -125, -128, -128,  -70, -128, -125, -122, -109, -125, -122, -128,    0,    0,    0,  -48,    0,
       0,    0,    0,    0,    0,    0,  -69,    0,    0,  -21,    0,    0,    0,    0,    0,  -21,    0,    0,    0,    0,    0,    0,    0,    0,    0,    0,    0,    0,    0,    0,    0,    0,    0,    0,    0, -123,    0,    0,    0,    0,    0,
       0,    0,    0, -128, -123,  -75, -128,    0,  -69,  -82,  -42,    0,    0,  -21,  -21,  -21,  -21,    0,  -93, -109, -101, -106,    0,    0,  -91,  -91,  -85, -101,    0,  -91,  -42,  -42,  -42,  -42,  -53, -128,    0,    0,    0,  -21,    0,
       0,    0,    0, -128, -102,    0, -128,    0,  -69,  -82,  -37,    0,    0,  -21,  -26,  -21,  -21,    0,  -90, -106, -101,    0,    0,    0,  -75,  -91,  -59,    0,    0,  -80,  -32,  -32,  -32,  -32,  -37, -128,    0,    0,    0,  -21,    0,
       0,    0,    0,    0, -115,    0,  -26,    0,  -93,    0,  -58,  -21,  -21,  -26,  -26,  -16,  -26,    0,  -32,  -85,    0,    0,    0,    0,    0,    0,    0,    0,    0,    0,    0,    0,    0,  -93,    0,    0,    0,    0,    0,  -26,    0,
       0,    0,    0, -128, -128,  -96, -128,    0, -106, -109,  -45,    0,    0,  -21,  -21,  -16,  -16,  -26, -128, -128, -128, -128,    0,    0, -101,  -91,  -80, -123,  -43, -109,  -82,  -74,  -93,  -66,  -86, -128,    0,    0,    0,  -16,    0,
       0,    0,    0,    0,  -86,    0,    0,    0,  -37,    0,    0,    0,    0,    0,    0,    0,  -16,    0,    0,  -59,  -59,    0,    0,    0,    0,    0,    0,    0,  -48,    0,  -59,  -59,    0,  -54,    0,    0,    0,    0,    0,  -16,    0,
       0,    0,    0,    0,    0,    0,    0,    0,    0,    0,    0,    0,    0,    0,    0,    0,    0,    0,    0,    0,    0,    0,    0,    0,    0,    0,    0,    0,  -21,    0,  -21,  -21,    0,  -16,    0,    0,    0,    0,    0,    0,    0,
       0,    0,    0,    0,    0,    0,    0,    0,    0,    0,    0,    0,    0,    0,    0,    0,    0,    0,    0,    0,    0,    0,    0,    0,    0,    0,    0,    0,  -21,    0,  -37,  -37,  -37,  -37,  -21,    0,    0,    0,    0,    0,    0,
       0,    0,    0,    0,    0,    0,    0,    0,    0,    0,    0,    0,    0,    0,    0,    0,    0,    0,    0,  -11,    0,    0,    0,    0,    0,    0,    0,    0,  -21,    0,  -21,  -16,  -37,  -21,  -21,    0,    0,    0,    0,    0,    0,
     -32,    0,    0,    0,    0,    0,    0,    0,    0,    0,    0, -128,    0, -101, -106,    0,    0,    0,    0,    0,    0,    0,    0,    0,    0,    0,    0,    0,  -19,    0,  -26,  -21,  -42,  -26,  -26,    0,    0,    0,    0,    0,    0,
       0,  115,   11,  -70,    0,    0,  -70,    0,    0,    0,    0,    0,    0,    0,    0,    0,    0,    0,    0,  -32,  -21,    0,    0,    0,    0,    0,    0,  -21,    0,    0,    0,    0,  -11,    0,    0,    0,    0,    0,    0,    0,  102,
       0,    0,    0,    0,    0,    0,    0,    0,    0,    0,    0,    0,    0,    0,    0,    0,    0,    0,  -21,  -29,  -32,    0,    0,    0,    0,    0,    0,  -21,    0,    0,    0,    0,    0,    0,    0,    0,    0,    0,    0,    0,    0,
       0,    0,    0,    0,    0,    0,    0,    0,    0,    0,    0,    0,    0,    0,    0,    0,    0,    0,    0,    0,    0,    0,    0,    0,    0,    0,    0,    0,  -21,    0,  -21,  -21,    0,  -21,    0,    0,    0,    0,    0,    0,    0,
       0,   48,    0,    0,    0,    0,    0,    0,    0,    0,    0,    0,    0,    0,    0,    0,    0,    0,    0,    0,    0,    0,    0,    0,    0,    0,    0,    0,    0,    0,    0,    0,    0,    0,    0,    0,    0,    0,    0,    0,    0,
       0,    0,    0,    0,  -91,    0,    0,    0,    0,    0,    0,    0,    0,    0,    0,    0,    0,    0,  -21,  -45,  -42,    0,    0,    0,    0,    0,    0,  -53,  -29,  -21,  -26,  -26,  -32,  -26,    0,    0,    0,    0,    0,    0,    0,
     -54,    0,    0,  -43,    0,    0,    0,    0,    0,    0,    0, -128,    0, -109, -106,    0,    0,    0,    0,    0,    0,    0,    0,    0,    0,    0,    0,    0,  -21,    0,  -42,  -29,  -58,  -37,  -26,    0,    0,    0,    0,    0,    0,
      16,    0,    0, -128,  -86,    0,    0,    0,    0,    0,    0,    0,    0,    0,    0,    0,    0,    0,  -10,  -21,  -21,    0,    0,    0,    0,    0,    0,  -16,    0,    0,    0,    0,    0,    0,    0,    0,    0,    0,    0,    0,    0,
       0,    0,    0,    0,    0,    0,    0,    0,    0,    0,    0,    0,    0,    0,    0,    0,    0,    0,    0,    0,    0,    0,    0,    0,    0,    0,    0,    0,  -21,    0,  -26,  -21,  -26,  -21,    0,    0,    0,    0,    0,    0,    0,
      11,    0,    0,    0,    0,    0,    0,    0,    0,    0,    0,    0,    0,    0,    0,    0,    0,    0,    0,  -21,  -21,    0,    0,    0,    0,    0,    0,    0,    0,    0,    0,    0,  -11,    0,    0,    0,    0,    0,    0,    0,   43,
       0,    0,    0, -112,    0,    0, -109,    0,    0,    0,    0,    0,    0,    0,    0,    0,    0,    0,  -21,  -42,  -37,  -21,    0,    0,    0,    0,    0,  -26,    0,    0,  -16,  -16,  -21,  -16,    0,    0,    0,    0,    0,    0,    0,
       0,    0,    0, -112,    0,    0,  -82,    0,    0,    0,    0,    0,    0,    0,    0,    0,    0,    0,  -21,  -29,  -37,  -21,    0,    0,    0,    0,    0,  -21,    0,    0,  -16,  -16,  -16,  -16,    0,    0,    0,    0,    0,    0,    0,
       0,    0,    0,    0,  -91,    0,    0,    0,    0,    0,    0,    0,    0,    0,    0,    0,    0,    0,  -26,  -61,  -37,    0,    0,    0,    0,    0,    0,  -26,  -34,  -21,  -29,  -29,  -21,  -29,    0,    0,    0,    0,    0,    0,    0,
       0,    0,    0, -106,    0,    0, -109,    0,    0,    0,    0,    0,    0,    0,    0,    0,    0,    0,  -21,  -37,  -37,  -21,    0,    0,    0,    0,    0,  -26,    0,    0,  -16,  -16,  -16,  -16,    0,    0,    0,    0,    0,    0,    0,
       0,    0,    0,    0,    0,    0,    0,    0,    0,    0,    0,    0,    0,    0,    0,    0,    0,    0,    0,  -26,  -21,    0,    0,    0,    0,    0,    0,    0,    0,    0,    0,    0,    0,    0,    0,    0,    0,    0,    0,    0,    0,
       0,    0,    0,    0,    0,    0,    0,    0,    0,    0,    0,    0,    0,    0,    0,    0,    0,    0,    0,    0,    0,    0,    0,   86,    0,    0,    0,    0,    0,    0,    0,    0,    0,    0,    0,    0,    0,    0,    0,    0,    0,
       0,    0,    0,    0,    0,    0,    0,   62,   53,    0,   53,   70,   62,   62,   62,   62,   62,   62,   35,   18,   27,   27,   70,   70,   45,   45,   53,   35,   62,   53,   62,   53,   53,   53,   45,    0,   53,  127,   45,  127,    0,
       0,    0,    0,    0,    0,    0, -128,    0,    0,    0,    0,    0,    0,    0,    0,    0,    0,    0,    0,    0,    0,    0,    0,    0,    0,    0,    0,    0,    0,    0,    0,    0,    0,    0,    0,    0,    0,    0,    0,    0,    0,
       0,    0,    0,    0,    0,    0, -128,    0,    0,    0,    0,    0,    0,    0,    0,    0,    0,    0,    0, -107, -107,    0,    0,    0,    0,    0,  -35,  -99,    0,    0,  -21,    0,    0,    0,    0,    0,    0,    0,    0,    0,    0,
};

static const EpdLigaturePair librefranklin_reader_16_regular_3xLigaturePairs[] = {
    { 0x00660069, 0xFB01 }, // f i -> U+FB01
    { 0x0066006C, 0xFB02 }, // f l -> U+FB02
};

static const EpdFontData librefranklin_reader_16_regular_3x = {
    librefranklin_reader_16_regular_3xBitmaps,
    librefranklin_reader_16_regular_3xGlyphs,
    librefranklin_reader_16_regular_3xIntervals,
    68,
    121,
    97,
    -25,
    true,
    librefranklin_reader_16_regular_3xGroups,
    23,
    nullptr,
    librefranklin_reader_16_regular_3xKernLeftClasses,
    librefranklin_reader_16_regular_3xKernRightClasses,
    librefranklin_reader_16_regular_3xKernMatrix,
    309,
    402,
    46,
    41,
    librefranklin_reader_16_regular_3xLigaturePairs,
    2,
    nullptr,
    nullptr,
    nullptr,
};
