/**
 * generated by fontconvert.py
 * name: librefranklin_10_bold_2x
 * size: 20
 * mode: 1-bit
 * Command used: fontconvert.py librefranklin_10_bold_2x 20 ../builtinFonts/source/LibreFranklin/LibreFranklin-Bold.ttf
 */
#pragma once
#include "EpdFontData.h"

static const uint8_t librefranklin_10_bold_2xBitmaps[42594] = {
    0xFF, 0x7F, 0x9F, 0xCF, 0xE7, 0xF3, 0xF9, 0xFC, 0xFE, 0x7F, 0x3F, 0x9F, 0xCF, 0xE7, 0xF3, 0xF8,
    0xF8, 0x7C, 0x3E, 0x1F, 0x0F, 0x87, 0xC3, 0xE0, 0xE0, 0x00, 0x00, 0x7F, 0x3F, 0x9F, 0xCF, 0xE7,
    0xF3, 0xF9, 0xFC, 0xFE, 0x7F, 0xFE, 0x7F, 0xFE, 0x7F, 0xFC, 0x7F, 0xFC, 0x7F, 0xFC, 0x3E, 0x7C,
    0x3E, 0x7C, 0x3E, 0x7C, 0x3E, 0x7C, 0x3E, 0x78, 0x3E, 0x78, 0x3E, 0x30, 0x1C, 0x00, 0xF0, 0x78,
    0x00, 0x78, 0x3C, 0x00, 0x3C, 0x1E, 0x00, 0x1E, 0x0F, 0x00, 0x0F, 0x07, 0x80, 0x07, 0x83, 0xC0,
    0x07, 0xC3, 0xE0, 0x03, 0xC1, 0xE0, 0x01, 0xE0, 0xF0, 0x1F, 0xFF, 0xFF, 0xCF, 0xFF, 0xFF, 0xE7,
    0xFF, 0xFF, 0xF3, 0xFF, 0xFF, 0xF8, 0x1E, 0x0F, 0x80, 0x0F, 0x07, 0x80, 0x07, 0x83, 0xC0, 0x03,
    0xC1, 0xE0, 0x01, 0xE0, 0xF0, 0x3F, 0xFF, 0xFF, 0x9F, 0xFF, 0xFF, 0xCF, 0xFF, 0xFF, 0xE3, 0xFF,
    0xFF, 0xF0, 0x1E, 0x0F, 0x00, 0x0F, 0x07, 0x80, 0x07, 0x83, 0xC0, 0x03, 0xC1, 0xE0, 0x03, 0xE1,
    0xF0, 0x01, 0xE0, 0xF0, 0x00, 0xF0, 0x78, 0x00, 0x78, 0x3C, 0x00, 0x3C, 0x1E, 0x00, 0x00, 0x00,
    0x00, 0x00, 0x0F, 0x00, 0x00, 0x07, 0xC0, 0x00, 0x01, 0xF0, 0x00, 0x03, 0xFF, 0x80, 0x03, 0xFF,
    0xF8, 0x01, 0xFF, 0xFF, 0x80, 0xFF, 0xFF, 0xF0, 0x7F, 0xFF, 0xFC, 0x3F, 0xDF, 0x7E, 0x0F, 0xC7,
    0xC7, 0x03, 0xF1, 0xF0, 0xC0, 0xFC, 0x7C, 0x00, 0x3F, 0x1F, 0x00, 0x0F, 0xE7, 0xC0, 0x03, 0xFF,
    0xF0, 0x00, 0xFF, 0xFE, 0x00, 0x1F, 0xFF, 0xF0, 0x07, 0xFF, 0xFF, 0x00, 0xFF, 0xFF, 0xE0, 0x0F,
    0xFF, 0xFC, 0x00, 0xFF, 0xFF, 0x80, 0x07, 0xFF, 0xE0, 0x01, 0xFF, 0xFC, 0x00, 0x7C, 0x7F, 0x00,
    0x1F, 0x0F, 0xC0, 0x07, 0xC3, 0xF1, 0xC1, 0xF0, 0xFC, 0xF8, 0x7C, 0x3F, 0x7F, 0x9F, 0x3F, 0xDF,
    0xFF, 0xFF, 0xE7, 0xFF, 0xFF, 0xF0, 0x7F, 0xFF, 0xFC, 0x0F, 0xFF, 0xFC, 0x00, 0xFF, 0xFE, 0x00,
    0x01, 0xF8, 0x00, 0x00, 0x7C, 0x00, 0x00, 0x1F, 0x00, 0x00, 0x03, 0x80, 0x00, 0x01, 0xC0, 0x00,
    0x1C, 0x00, 0x7F, 0xC0, 0x01, 0xF0, 0x07, 0xFF, 0x00, 0x0F, 0x00, 0x7F, 0xFC, 0x00, 0xF8, 0x03,
    0xE3, 0xE0, 0x0F, 0x80, 0x3F, 0x0F, 0x80, 0x78, 0x01, 0xF0, 0x7C, 0x07, 0xC0, 0x1F, 0x83, 0xF0,
    0x7C, 0x00, 0xFC, 0x1F, 0x83, 0xC0, 0x07, 0xE0, 0xFC, 0x3E, 0x00, 0x3F, 0x07, 0xE3, 0xE0, 0x01,
    0xF8, 0x3F, 0x1E, 0x00, 0x07, 0xC1, 0xF1, 0xF0, 0x00, 0x3F, 0x1F, 0x9F, 0x00, 0x00, 0xFD, 0xF8,
    0xF0, 0x00, 0x07, 0xFF, 0xCF, 0x8F, 0xF0, 0x1F, 0xFC, 0xF8, 0xFF, 0xC0, 0x3F, 0x87, 0x8F, 0xFF,
    0x00, 0x20, 0x7C, 0xFF, 0xFC, 0x00, 0x07, 0xC7, 0xC3, 0xE0, 0x00, 0x3C, 0x7E, 0x1F, 0x80, 0x03,
    0xE3, 0xE0, 0xFC, 0x00, 0x3E, 0x1F, 0x03, 0xE0, 0x01, 0xE0, 0xF8, 0x1F, 0x00, 0x1F, 0x07, 0xC0,
    0xF8, 0x01, 0xF0, 0x3E, 0x0F, 0xC0, 0x0F, 0x01, 0xF0, 0x7E, 0x00, 0xF8, 0x0F, 0xC3, 0xE0, 0x0F,
    0x80, 0x3F, 0x3F, 0x00, 0x78, 0x01, 0xFF, 0xF0, 0x07, 0xC0, 0x07, 0xFF, 0x00, 0x3C, 0x00, 0x0F,
    0xF0, 0x00, 0xC0, 0x00, 0x1E, 0x00, 0x00, 0x0F, 0x80, 0x00, 0x00, 0x3F, 0xF8, 0x00, 0x00, 0x3F,
    0xFF, 0x00, 0x00, 0x3F, 0xFF, 0xC0, 0x00, 0x3F, 0xFF, 0xF0, 0x00, 0x3F, 0xC3, 0xF8, 0x00, 0x1F,
    0xC0, 0xFC, 0x00, 0x0F, 0xE0, 0x7E, 0x00, 0x07, 0xF0, 0x3F, 0x00, 0x03, 0xF8, 0x3F, 0x80, 0x01,
    0xFE, 0x3F, 0x80, 0x00, 0xFF, 0xBF, 0xC0, 0x00, 0x3F, 0xFF, 0xC0, 0x00, 0x0F, 0xFF, 0xC0, 0x00,
    0x07, 0xFF, 0x80, 0x00, 0x03, 0xFF, 0x80, 0x78, 0x07, 0xFF, 0xE0, 0x7E, 0x07, 0xFF, 0xF8, 0x3F,
    0x07, 0xFF, 0xFE, 0x3F, 0x87, 0xF9, 0xFF, 0x3F, 0x87, 0xF8, 0x7F, 0xFF, 0x83, 0xF8, 0x1F, 0xFF,
    0xC3, 0xFC, 0x07, 0xFF, 0xC1, 0xFE, 0x03, 0xFF, 0xC0, 0xFF, 0x00, 0xFF, 0xE0, 0x7F, 0xC0, 0x3F,
    0xF8, 0x1F, 0xF0, 0x7F, 0xFF, 0xEF, 0xFF, 0xFF, 0xFF, 0xF7, 0xFF, 0xFF, 0xFF, 0xF9, 0xFF, 0xFF,
    0xDF, 0xFC, 0x7F, 0xFF, 0x87, 0xFE, 0x0F, 0xFF, 0x00, 0x7F, 0x00, 0x78, 0x00, 0x00, 0x00, 0xFF,
    0xFF, 0xFF, 0xEF, 0xDF, 0x9F, 0x3E, 0x7C, 0xF9, 0xE3, 0xC3, 0x00, 0x07, 0xE0, 0xF8, 0x3F, 0x07,
    0xC1, 0xF8, 0x3F, 0x0F, 0xC1, 0xF8, 0x7F, 0x0F, 0xC1, 0xF8, 0x3F, 0x0F, 0xE1, 0xFC, 0x3F, 0x07,
    0xE0, 0xFC, 0x1F, 0x83, 0xF0, 0x7E, 0x0F, 0xC1, 0xF8, 0x3F, 0x07, 0xE0, 0xFC, 0x1F, 0xC1, 0xF8,
    0x3F, 0x07, 0xE0, 0xFE, 0x0F, 0xC1, 0xF8, 0x1F, 0x83, 0xF0, 0x3E, 0x07, 0xE0, 0x7C, 0x0F, 0xC0,
    0xFC, 0x07, 0xC0, 0x7E, 0x03, 0xE0, 0x3F, 0x03, 0xF0, 0x1F, 0x81, 0xF8, 0x1F, 0xC0, 0xFC, 0x0F,
    0xC0, 0xFE, 0x0F, 0xE0, 0x7E, 0x07, 0xE0, 0x7E, 0x07, 0xE0, 0x7E, 0x07, 0xE0, 0x7E, 0x07, 0xE0,
    0x7E, 0x07, 0xE0, 0x7E, 0x07, 0xE0, 0xFE, 0x0F, 0xE0, 0xFC, 0x0F, 0xC1, 0xFC, 0x1F, 0x81, 0xF8,
    0x3F, 0x03, 0xF0, 0x3E, 0x07, 0xE0, 0x7C, 0x07, 0xC0, 0x01, 0xF0, 0x00, 0x3E, 0x00, 0x03, 0xC0,
    0x00, 0x78, 0x03, 0x0F, 0x0C, 0xF9, 0xEF, 0x9F, 0xFF, 0xFB, 0xFF, 0xFF, 0x3F, 0xFF, 0xC0, 0xFF,
    0x80, 0x0F, 0xF0, 0x03, 0xFE, 0x00, 0xFB, 0xE0, 0x1F, 0x3E, 0x07, 0xC7, 0xE0, 0xF8, 0x78, 0x0E,
    0x0E, 0x00, 0x00, 0x00, 0x00, 0xF8, 0x00, 0x0F, 0xC0, 0x00, 0x7E, 0x00, 0x03, 0xF0, 0x00, 0x1F,
    0x80, 0x00, 0xFC, 0x00, 0x07, 0xE0, 0x00, 0x3F, 0x00, 0xFF, 0xFF, 0xFF, 0xFF, 0xFF, 0xFF, 0xFF,
    0xFF, 0xFF, 0xFF, 0xFF, 0xFF, 0xFF, 0x80, 0xFC, 0x00, 0x07, 0xE0, 0x00, 0x3F, 0x00, 0x01, 0xF8,
    0x00, 0x0F, 0xC0, 0x00, 0x7E, 0x00, 0x01, 0xF0, 0x00, 0x0F, 0x80, 0x00, 0xFF, 0xFF, 0xFF, 0xFF,
    0xFF, 0xFF, 0xFF, 0x3E, 0x3E, 0x3C, 0x78, 0x78, 0xF0, 0x60, 0xFF, 0xFF, 0xFF, 0xFF, 0xFF, 0xFF,
    0xFF, 0xFF, 0xFF, 0xFF, 0xFF, 0xFF, 0xFF, 0xFF, 0xFF, 0xFF, 0x00, 0x3E, 0x00, 0x3E, 0x00, 0x3E,
    0x00, 0x7C, 0x00, 0x7C, 0x00, 0x7C, 0x00, 0xF8, 0x00, 0xF8, 0x00, 0xF8, 0x01, 0xF0, 0x01, 0xF0,
    0x01, 0xF0, 0x03, 0xE0, 0x03, 0xE0, 0x03, 0xE0, 0x07, 0xC0, 0x07, 0xC0, 0x07, 0xC0, 0x0F, 0x80,
    0x0F, 0x80, 0x1F, 0x80, 0x1F, 0x00, 0x1F, 0x00, 0x3F, 0x00, 0x3E, 0x00, 0x3E, 0x00, 0x7E, 0x00,
    0x7C, 0x00, 0x7C, 0x00, 0xFC, 0x00, 0xF8, 0x00, 0xF8, 0x00, 0x00, 0x1F, 0x00, 0x00, 0x1F, 0xFC,
    0x00, 0x07, 0xFF, 0xE0, 0x03, 0xFF, 0xFE, 0x00, 0x7F, 0xFF, 0xE0, 0x1F, 0xFF, 0xFE, 0x07, 0xFC,
    0x3F, 0xC0, 0xFF, 0x03, 0xFC, 0x3F, 0xC0, 0x3F, 0x87, 0xF8, 0x07, 0xF9, 0xFE, 0x00, 0xFF, 0x3F,
    0xC0, 0x0F, 0xE7, 0xF8, 0x01, 0xFE, 0xFF, 0x00, 0x3F, 0xDF, 0xE0, 0x07, 0xFB, 0xFC, 0x00, 0xFF,
    0x7F, 0x80, 0x1F, 0xEF, 0xF0, 0x03, 0xFD, 0xFE, 0x00, 0x7F, 0xBF, 0xC0, 0x0F, 0xF7, 0xF8, 0x01,
    0xFE, 0xFF, 0x00, 0x3F, 0xDF, 0xE0, 0x0F, 0xF1, 0xFE, 0x01, 0xFE, 0x3F, 0xC0, 0x3F, 0xC7, 0xFC,
    0x0F, 0xF0, 0x7F, 0xC3, 0xFE, 0x07, 0xFF, 0xFF, 0x80, 0xFF, 0xFF, 0xE0, 0x0F, 0xFF, 0xF8, 0x00,
    0x7F, 0xFE, 0x00, 0x07, 0xFF, 0x00, 0x00, 0x1F, 0x00, 0x00, 0x00, 0xFC, 0x00, 0x7F, 0x80, 0x3F,
    0xF0, 0x1F, 0xFE, 0x0F, 0xFF, 0xC1, 0xFF, 0xF8, 0x3F, 0xFF, 0x07, 0xFF, 0xE0, 0x63, 0xFC, 0x00,
    0x7F, 0x80, 0x0F, 0xF0, 0x01, 0xFE, 0x00, 0x3F, 0xC0, 0x07, 0xF8, 0x00, 0xFF, 0x00, 0x1F, 0xE0,
    0x03, 0xFC, 0x00, 0x7F, 0x80, 0x0F, 0xF0, 0x01, 0xFE, 0x00, 0x3F, 0xC0, 0x07, 0xF8, 0x00, 0xFF,
    0x00, 0x1F, 0xE0, 0x03, 0xFC, 0x0F, 0xFF, 0xFF, 0xFF, 0xFF, 0xFF, 0xFF, 0xFF, 0xFF, 0xFF, 0xFF,
    0xFF, 0xFF, 0xFF, 0xF8, 0x00, 0x3E, 0x00, 0x00, 0xFF, 0xF0, 0x01, 0xFF, 0xFC, 0x01, 0xFF, 0xFF,
    0x83, 0xFF, 0xFF, 0xC1, 0xFF, 0xFF, 0xF1, 0xFF, 0x9F, 0xF9, 0xFF, 0x03, 0xFE, 0x7F, 0x00, 0xFF,
    0x1F, 0x00, 0x7F, 0x83, 0x00, 0x3F, 0xC0, 0x00, 0x1F, 0xE0, 0x00, 0x0F, 0xF0, 0x00, 0x0F, 0xF0,
    0x00, 0x0F, 0xF8, 0x00, 0x0F, 0xF8, 0x00, 0x0F, 0xF8, 0x00, 0x0F, 0xFC, 0x00, 0x0F, 0xF8, 0x00,
    0x0F, 0xF8, 0x00, 0x0F, 0xF8, 0x00, 0x1F, 0xF8, 0x00, 0x1F, 0xF0, 0x00, 0x1F, 0xF0, 0x00, 0x1F,
    0xF0, 0x00, 0x1F, 0xF0, 0x00, 0x1F, 0xFF, 0xFF, 0xDF, 0xFF, 0xFF, 0xEF, 0xFF, 0xFF, 0xF7, 0xFF,
    0xFF, 0xFB, 0xFF, 0xFF, 0xFD, 0xFF, 0xFF, 0xFE, 0x00, 0x3F, 0x00, 0x00, 0xFF, 0xF8, 0x00, 0xFF,
    0xFF, 0x80, 0x7F, 0xFF, 0xF0, 0x3F, 0xFF, 0xFE, 0x1F, 0xFF, 0xFF, 0xC3, 0xFC, 0x1F, 0xF0, 0x7C,
    0x03, 0xFC, 0x0C, 0x00, 0x7F, 0x80, 0x00, 0x1F, 0xC0, 0x00, 0x0F, 0xF0, 0x00, 0x03, 0xFC, 0x00,
    0x03, 0xFE, 0x00, 0x3F, 0xFF, 0x80, 0x1F, 0xFF, 0x80, 0x07, 0xFF, 0xC0, 0x01, 0xFF, 0xFC, 0x00,
    0x7F, 0xFF, 0x80, 0x0F, 0xFF, 0xF0, 0x00, 0x07, 0xFE, 0x00, 0x00, 0xFF, 0x80, 0x00, 0x1F, 0xE0,
    0x00, 0x07, 0xF8, 0x20, 0x00, 0xFE, 0x3C, 0x00, 0x7F, 0x9F, 0xC0, 0x1F, 0xEF, 0xFC, 0x1F, 0xFB,
    0xFF, 0xFF, 0xFC, 0x7F, 0xFF, 0xFF, 0x0F, 0xFF, 0xFF, 0x80, 0xFF, 0xFF, 0xC0, 0x0F, 0xFF, 0xC0,
    0x00, 0x7F, 0x00, 0x00, 0x00, 0x03, 0xFC, 0x00, 0x00, 0xFF, 0x80, 0x00, 0x3F, 0xF0, 0x00, 0x07,
    0xFE, 0x00, 0x01, 0xFF, 0xC0, 0x00, 0x7F, 0xF8, 0x00, 0x1F, 0xFF, 0x00, 0x03, 0xFF, 0xE0, 0x00,
    0xFF, 0xFC, 0x00, 0x3F, 0x7F, 0x80, 0x0F, 0xCF, 0xF0, 0x01, 0xF9, 0xFE, 0x00, 0x7E, 0x3F, 0xC0,
    0x1F, 0x87, 0xF8, 0x07, 0xE0, 0xFF, 0x00, 0xFC, 0x1F, 0xE0, 0x3F, 0x03, 0xFC, 0x0F, 0xC0, 0x7F,
    0x83, 0xFF, 0xFF, 0xFF, 0x7F, 0xFF, 0xFF, 0xFF, 0xFF, 0xFF, 0xFF, 0xFF, 0xFF, 0xFF, 0xFF, 0xFF,
    0xFF, 0xFF, 0xFF, 0xFF, 0xFF, 0x00, 0x03, 0xFC, 0x00, 0x00, 0x7F, 0x80, 0x00, 0x0F, 0xF0, 0x00,
    0x01, 0xFE, 0x00, 0x00, 0x3F, 0xC0, 0x00, 0x07, 0xF8, 0x00, 0x00, 0xFF, 0x00, 0x1F, 0xFF, 0xFF,
    0x07, 0xFF, 0xFF, 0xC1, 0xFF, 0xFF, 0xF0, 0x7F, 0xFF, 0xFC, 0x1F, 0xFF, 0xFF, 0x07, 0xFF, 0xFF,
    0x83, 0xF8, 0x00, 0x00, 0xFE, 0x00, 0x00, 0x3F, 0x80, 0x00, 0x0F, 0xC0, 0x00, 0x03, 0xF0, 0x00,
    0x00, 0xFC, 0xFF, 0x80, 0x3F, 0xFF, 0xF8, 0x0F, 0xFF, 0xFF, 0x83, 0xFF, 0xFF, 0xF0, 0xFF, 0xFF,
    0xFC, 0x1F, 0xFF, 0xFF, 0x81, 0xE0, 0x3F, 0xE0, 0x00, 0x07, 0xFC, 0x00, 0x00, 0xFF, 0x00, 0x00,
    0x3F, 0xC0, 0x00, 0x0F, 0xF0, 0xC0, 0x03, 0xFC, 0xF8, 0x01, 0xFF, 0x7F, 0x00, 0x7F, 0xBF, 0xF0,
    0x7F, 0xEF, 0xFF, 0xFF, 0xF1, 0xFF, 0xFF, 0xFC, 0x3F, 0xFF, 0xFE, 0x03, 0xFF, 0xFE, 0x00, 0x3F,
    0xFF, 0x00, 0x01, 0xFC, 0x00, 0x00, 0x0F, 0x80, 0x00, 0x1F, 0xFC, 0x00, 0x1F, 0xFF, 0xC0, 0x0F,
    0xFF, 0xF8, 0x07, 0xFF, 0xFF, 0x03, 0xFF, 0xFF, 0xC1, 0xFF, 0x0F, 0xF8, 0x7F, 0x80, 0xFC, 0x3F,
    0xC0, 0x38, 0x0F, 0xE0, 0x00, 0x07, 0xF8, 0x00, 0x01, 0xFE, 0x00, 0x00, 0x7F, 0x80, 0x00, 0x1F,
    0xC7, 0xFC, 0x07, 0xFF, 0xFF, 0xC1, 0xFF, 0xFF, 0xF8, 0x7F, 0xFF, 0xFF, 0x1F, 0xFF, 0xFF, 0xE7,
    0xFF, 0x1F, 0xFD, 0xFE, 0x01, 0xFF, 0x7F, 0x80, 0x3F, 0xDF, 0xE0, 0x0F, 0xF7, 0xF8, 0x03, 0xFD,
    0xFE, 0x00, 0xFF, 0x3F, 0x80, 0x3F, 0xCF, 0xF0, 0x1F, 0xF1, 0xFE, 0x0F, 0xF8, 0x7F, 0xFF, 0xFE,
    0x0F, 0xFF, 0xFF, 0x01, 0xFF, 0xFF, 0x80, 0x3F, 0xFF, 0xC0, 0x03, 0xFF, 0xC0, 0x00, 0x1F, 0x80,
    0x00, 0x7F, 0xFF, 0xFF, 0xFF, 0xFF, 0xFF, 0xFF, 0xFF, 0xFF, 0xFF, 0xFF, 0xFF, 0xFF, 0xFF, 0xFE,
    0xFF, 0xFF, 0xFE, 0x00, 0x01, 0xFC, 0x00, 0x01, 0xF8, 0x00, 0x03, 0xF8, 0x00, 0x07, 0xF0, 0x00,
    0x07, 0xF0, 0x00, 0x0F, 0xE0, 0x00, 0x0F, 0xE0, 0x00, 0x1F, 0xC0, 0x00, 0x1F, 0xC0, 0x00, 0x3F,
    0x80, 0x00, 0x3F, 0x80, 0x00, 0x7F, 0x80, 0x00, 0x7F, 0x00, 0x00, 0xFF, 0x00, 0x00, 0xFF, 0x00,
    0x01, 0xFE, 0x00, 0x01, 0xFE, 0x00, 0x03, 0xFE, 0x00, 0x03, 0xFC, 0x00, 0x03, 0xFC, 0x00, 0x07,
    0xFC, 0x00, 0x07, 0xFC, 0x00, 0x07, 0xF8, 0x00, 0x0F, 0xF8, 0x00, 0x0F, 0xF8, 0x00, 0x00, 0x3F,
    0x00, 0x00, 0x7F, 0xF8, 0x00, 0x7F, 0xFF, 0x80, 0x3F, 0xFF, 0xF0, 0x1F, 0xFF, 0xFE, 0x0F, 0xFF,
    0xFF, 0xC3, 0xFC, 0x0F, 0xF0, 0xFE, 0x01, 0xFE, 0x7F, 0x80, 0x3F, 0x9F, 0xE0, 0x0F, 0xE7, 0xF8,
    0x03, 0xF9, 0xFF, 0x01, 0xFC, 0x3F, 0xF0, 0x7F, 0x0F, 0xFF, 0xFF, 0x81, 0xFF, 0xFF, 0xC0, 0x7F,
    0xFF, 0xE0, 0x07, 0xFF, 0xFC, 0x01, 0xFF, 0xFF, 0xC1, 0xFF, 0xFF, 0xF8, 0xFF, 0x3F, 0xFE, 0x7F,
    0x01, 0xFF, 0xDF, 0xC0, 0x1F, 0xF7, 0xE0, 0x03, 0xFF, 0xF8, 0x00, 0xFF, 0xFE, 0x00, 0x3F, 0xFF,
    0xC0, 0x0F, 0xF7, 0xF8, 0x07, 0xFD, 0xFF, 0xFF, 0xFE, 0x3F, 0xFF, 0xFF, 0x0F, 0xFF, 0xFF, 0x80,
    0xFF, 0xFF, 0xC0, 0x0F, 0xFF, 0xC0, 0x00, 0x7F, 0x80, 0x00, 0x00, 0x3E, 0x00, 0x00, 0x7F, 0xF0,
    0x00, 0x7F, 0xFF, 0x00, 0x3F, 0xFF, 0xE0, 0x1F, 0xFF, 0xFC, 0x0F, 0xFF, 0xFF, 0x87, 0xFC, 0x1F,
    0xF1, 0xFE, 0x03, 0xFC, 0xFF, 0x80, 0x7F, 0xBF, 0xC0, 0x0F, 0xEF, 0xF0, 0x03, 0xFB, 0xFC, 0x00,
    0xFF, 0xFF, 0x80, 0x3F, 0xDF, 0xE0, 0x1F, 0xF7, 0xFE, 0x1F, 0xFD, 0xFF, 0xFF, 0xFF, 0x3F, 0xFF,
    0xFF, 0xC7, 0xFF, 0xFF, 0xF0, 0xFF, 0xFF, 0xFC, 0x0F, 0xFC, 0xFF, 0x00, 0x00, 0x3F, 0xC0, 0x00,
    0x0F, 0xE0, 0x00, 0x03, 0xF8, 0x00, 0x01, 0xFE, 0x07, 0x00, 0x7F, 0x0F, 0xE0, 0x3F, 0xC3, 0xFC,
    0x3F, 0xE0, 0xFF, 0xFF, 0xF8, 0x1F, 0xFF, 0xFC, 0x03, 0xFF, 0xFE, 0x00, 0x7F, 0xFF, 0x00, 0x0F,
    0xFF, 0x00, 0x00, 0x7E, 0x00, 0x00, 0x7F, 0xFF, 0xFF, 0xFF, 0xFF, 0xFF, 0xFF, 0x7E, 0x00, 0x00,
    0x00, 0x00, 0x00, 0x00, 0x00, 0xFF, 0xFF, 0xFF, 0xFF, 0xFF, 0xFF, 0xFF, 0x7F, 0xFF, 0xFF, 0xFF,
    0xFF, 0xFF, 0xFF, 0x7E, 0x00, 0x00, 0x00, 0x00, 0x00, 0x00, 0x00, 0xFF, 0xFF, 0xFF, 0xFF, 0xFF,
    0xFF, 0xFF, 0x3E, 0x3E, 0x3C, 0x78, 0x78, 0xF0, 0xE0, 0x00, 0x00, 0x38, 0x00, 0x07, 0xC0, 0x01,
    0xFE, 0x00, 0x7F, 0xF0, 0x0F, 0xFF, 0x83, 0xFF, 0xFC, 0x7F, 0xFF, 0x8F, 0xFF, 0xE0, 0xFF, 0xFC,
    0x07, 0xFF, 0x00, 0x3F, 0xE0, 0x01, 0xFF, 0xE0, 0x0F, 0xFF, 0xC0, 0x3F, 0xFF, 0xC0, 0x3F, 0xFF,
    0xC0, 0x7F, 0xFF, 0x00, 0x7F, 0xF8, 0x00, 0xFF, 0xC0, 0x00, 0xFE, 0x00, 0x00, 0xF0, 0x00, 0x01,
    0x00, 0xFF, 0xFF, 0xFF, 0xFF, 0xFF, 0xFF, 0xFF, 0xFF, 0xFF, 0xFF, 0xFF, 0xFF, 0xFF, 0x00, 0x00,
    0x00, 0x00, 0x00, 0x00, 0x00, 0x00, 0x00, 0x00, 0x03, 0xFF, 0xFF, 0x3F, 0xFF, 0xFF, 0xFF, 0xFF,
    0xFF, 0xFF, 0xFF, 0xFF, 0xFF, 0xFF, 0xFF, 0xFF, 0xC0, 0xE0, 0x00, 0x07, 0xC0, 0x00, 0x3F, 0xC0,
    0x01, 0xFF, 0xC0, 0x0F, 0xFF, 0x80, 0x7F, 0xFF, 0x80, 0xFF, 0xFF, 0x00, 0xFF, 0xFE, 0x01, 0xFF,
    0xF8, 0x01, 0xFF, 0xC0, 0x03, 0xFE, 0x00, 0xFF, 0xF0, 0x1F, 0xFF, 0x87, 0xFF, 0xF9, 0xFF, 0xFE,
    0x1F, 0xFF, 0xC0, 0xFF, 0xF0, 0x07, 0xFE, 0x00, 0x3F, 0x80, 0x01, 0xF0, 0x00, 0x04, 0x00, 0x00,
    0x00, 0x00, 0xFC, 0x00, 0x1F, 0xFE, 0x00, 0xFF, 0xFE, 0x0F, 0xFF, 0xFC, 0x7F, 0xFF, 0xF9, 0xFF,
    0x3F, 0xEF, 0xF0, 0x3F, 0xBF, 0x80, 0xFF, 0x3C, 0x03, 0xFC, 0x00, 0x0F, 0xE0, 0x00, 0x3F, 0x80,
    0x01, 0xFE, 0x00, 0x0F, 0xF0, 0x00, 0x7F, 0x80, 0x03, 0xFC, 0x00, 0x1F, 0xE0, 0x00, 0x7F, 0x00,
    0x03, 0xF8, 0x00, 0x0F, 0xC0, 0x00, 0x3F, 0x00, 0x00, 0xF8, 0x00, 0x03, 0xE0, 0x00, 0x0F, 0x00,
    0x00, 0x00, 0x00, 0x00, 0x00, 0x00, 0x07, 0xF0, 0x00, 0x1F, 0xC0, 0x00, 0x7F, 0x00, 0x01, 0xFC,
    0x00, 0x07, 0xF0, 0x00, 0x1F, 0xC0, 0x00, 0x7F, 0x00, 0x00, 0x03, 0xFC, 0x00, 0x00, 0x1F, 0xFF,
    0xC0, 0x00, 0x3F, 0xFF, 0xF8, 0x00, 0x3F, 0xFF, 0xFF, 0x00, 0x3F, 0xE0, 0xFF, 0xC0, 0x3F, 0x80,
    0x07, 0xF0, 0x3F, 0x00, 0x01, 0xF8, 0x3F, 0x00, 0x00, 0x7E, 0x3F, 0x07, 0xE0, 0x1F, 0x1F, 0x07,
    0xFF, 0xE7, 0xCF, 0x07, 0xFF, 0xE3, 0xEF, 0x87, 0xFF, 0xF1, 0xF7, 0xC7, 0xF7, 0xF8, 0xFB, 0xC3,
    0xE0, 0xFC, 0x3F, 0xE3, 0xF0, 0x7E, 0x1F, 0xF1, 0xF0, 0x1F, 0x0F, 0xF8, 0xF8, 0x0F, 0x0F, 0xFC,
    0x7C, 0x0F, 0x87, 0xFE, 0x3E, 0x07, 0xC3, 0xDF, 0x1F, 0x07, 0xE3, 0xE7, 0x8F, 0xC7, 0xF3, 0xF3,
    0xE7, 0xFF, 0xFF, 0xF1, 0xF1, 0xFF, 0xFF, 0xF0, 0xF8, 0x7F, 0xEF, 0xF0, 0x3E, 0x1F, 0xC3, 0xE0,
    0x1F, 0x81, 0x80, 0x00, 0x07, 0xE0, 0x00, 0x00, 0x01, 0xFC, 0x00, 0x18, 0x00, 0x7F, 0x80, 0x3E,
    0x00, 0x1F, 0xFF, 0xFF, 0x00, 0x07, 0xFF, 0xFF, 0x00, 0x00, 0xFF, 0xFF, 0x00, 0x00, 0x0F, 0xFC,
    0x00, 0x00, 0x00, 0x1F, 0xF0, 0x00, 0x00, 0xFF, 0xC0, 0x00, 0x03, 0xFF, 0x00, 0x00, 0x0F, 0xFE,
    0x00, 0x00, 0x7F, 0xF8, 0x00, 0x01, 0xFF, 0xE0, 0x00, 0x0F, 0xFF, 0xC0, 0x00, 0x3F, 0xFF, 0x00,
    0x00, 0xFD, 0xFC, 0x00, 0x07, 0xF7, 0xF8, 0x00, 0x1F, 0xDF, 0xE0, 0x00, 0x7E, 0x3F, 0xC0, 0x03,
    0xF8, 0xFF, 0x00, 0x0F, 0xE3, 0xFC, 0x00, 0x3F, 0x07, 0xF8, 0x01, 0xFC, 0x1F, 0xE0, 0x07, 0xE0,
    0x7F, 0x80, 0x3F, 0x80, 0xFF, 0x00, 0xFF, 0xFF, 0xFC, 0x03, 0xFF, 0xFF, 0xF0, 0x1F, 0xFF, 0xFF,
    0xE0, 0x7F, 0xFF, 0xFF, 0x81, 0xFF, 0xFF, 0xFE, 0x0F, 0xFF, 0xFF, 0xFC, 0x3F, 0x80, 0x0F, 0xF0,
    0xFE, 0x00, 0x3F, 0xE7, 0xF0, 0x00, 0x7F, 0x9F, 0xC0, 0x01, 0xFE, 0x7F, 0x00, 0x07, 0xFF, 0xF8,
    0x00, 0x0F, 0xFF, 0xE0, 0x00, 0x3F, 0xC0, 0x7F, 0xFF, 0xF0, 0x0F, 0xFF, 0xFF, 0x81, 0xFF, 0xFF,
    0xF8, 0x3F, 0xFF, 0xFF, 0x87, 0xFF, 0xFF, 0xF8, 0xFF, 0x03, 0xFF, 0x9F, 0xE0, 0x1F, 0xF3, 0xFC,
    0x01, 0xFE, 0x7F, 0x80, 0x3F, 0xCF, 0xF0, 0x07, 0xF9, 0xFE, 0x00, 0xFF, 0x3F, 0xC0, 0x3F, 0xC7,
    0xFF, 0xFF, 0xF8, 0xFF, 0xFF, 0xFC, 0x1F, 0xFF, 0xFF, 0x03, 0xFF, 0xFF, 0xE0, 0x7F, 0xFF, 0xFF,
    0x0F, 0xFF, 0xFF, 0xF1, 0xFE, 0x07, 0xFF, 0x3F, 0xC0, 0x3F, 0xE7, 0xF8, 0x03, 0xFC, 0xFF, 0x00,
    0x7F, 0xDF, 0xE0, 0x0F, 0xFB, 0xFC, 0x01, 0xFF, 0x7F, 0x80, 0x7F, 0xEF, 0xF0, 0x3F, 0xF9, 0xFF,
    0xFF, 0xFF, 0x3F, 0xFF, 0xFF, 0xC7, 0xFF, 0xFF, 0xF0, 0xFF, 0xFF, 0xFC, 0x1F, 0xFF, 0xFE, 0x00,
    0x00, 0x0F, 0x80, 0x00, 0x07, 0xFF, 0x80, 0x01, 0xFF, 0xFE, 0x00, 0x3F, 0xFF, 0xF0, 0x0F, 0xFF,
    0xFF, 0x80, 0xFF, 0xFF, 0xFC, 0x1F, 0xF8, 0x7F, 0xE3, 0xFE, 0x01, 0xFE, 0x3F, 0xE0, 0x1F, 0xE3,
    0xFC, 0x00, 0xFF, 0x7F, 0xC0, 0x0F, 0xF7, 0xF8, 0x00, 0x70, 0x7F, 0x80, 0x00, 0x07, 0xF8, 0x00,
    0x00, 0x7F, 0x80, 0x00, 0x0F, 0xF8, 0x00, 0x00, 0xFF, 0x80, 0x00, 0x0F, 0xF8, 0x00, 0x00, 0x7F,
    0x80, 0x00, 0x07, 0xF8, 0x00, 0x00, 0x7F, 0x80, 0x00, 0x07, 0xF8, 0x00, 0x38, 0x7F, 0xC0, 0x03,
    0xF3, 0xFC, 0x00, 0x7F, 0x3F, 0xE0, 0x0F, 0xF1, 0xFF, 0x01, 0xFE, 0x1F, 0xFC, 0x7F, 0xE0, 0xFF,
    0xFF, 0xFC, 0x07, 0xFF, 0xFF, 0x80, 0x3F, 0xFF, 0xF0, 0x01, 0xFF, 0xFE, 0x00, 0x07, 0xFF, 0x80,
    0x00, 0x0F, 0xC0, 0x00, 0x7F, 0xFF, 0x80, 0x07, 0xFF, 0xFF, 0x00, 0x7F, 0xFF, 0xFC, 0x07, 0xFF,
    0xFF, 0xE0, 0x7F, 0xFF, 0xFF, 0x07, 0xFF, 0xFF, 0xF8, 0x7F, 0x81, 0xFF, 0xC7, 0xF8, 0x07, 0xFC,
    0x7F, 0x80, 0x3F, 0xE7, 0xF8, 0x03, 0xFE, 0x7F, 0x80, 0x1F, 0xE7, 0xF8, 0x01, 0xFE, 0x7F, 0x80,
    0x1F, 0xF7, 0xF8, 0x01, 0xFF, 0x7F, 0x80, 0x1F, 0xF7, 0xF8, 0x01, 0xFF, 0x7F, 0x80, 0x1F, 0xF7,
    0xF8, 0x01, 0xFF, 0x7F, 0x80, 0x1F, 0xF7, 0xF8, 0x01, 0xFE, 0x7F, 0x80, 0x1F, 0xE7, 0xF8, 0x03,
    0xFE, 0x7F, 0x80, 0x3F, 0xE7, 0xF8, 0x07, 0xFC, 0x7F, 0x81, 0xFF, 0xC7, 0xFF, 0xFF, 0xF8, 0x7F,
    0xFF, 0xFF, 0x07, 0xFF, 0xFF, 0xE0, 0x7F, 0xFF, 0xFC, 0x07, 0xFF, 0xFF, 0x00, 0x7F, 0xFF, 0xC0,
    0x00, 0x7F, 0xFF, 0xFF, 0x7F, 0xFF, 0xFF, 0x7F, 0xFF, 0xFF, 0x7F, 0xFF, 0xFF, 0x7F, 0xFF, 0xFF,
    0x7F, 0xFF, 0xFE, 0x7F, 0x80, 0x00, 0x7F, 0x80, 0x00, 0x7F, 0x80, 0x00, 0x7F, 0x80, 0x00, 0x7F,
    0x80, 0x00, 0x7F, 0x80, 0x00, 0x7F, 0xFF, 0xC0, 0x7F, 0xFF, 0xE0, 0x7F, 0xFF, 0xE0, 0x7F, 0xFF,
    0xE0, 0x7F, 0xFF, 0xE0, 0x7F, 0xFF, 0xE0, 0x7F, 0x80, 0x00, 0x7F, 0x80, 0x00, 0x7F, 0x80, 0x00,
    0x7F, 0x80, 0x00, 0x7F, 0x80, 0x00, 0x7F, 0x80, 0x00, 0x7F, 0x80, 0x00, 0x7F, 0xFF, 0xFF, 0x7F,
    0xFF, 0xFF, 0x7F, 0xFF, 0xFF, 0x7F, 0xFF, 0xFF, 0x7F, 0xFF, 0xFF, 0x7F, 0xFF, 0xFF, 0x7F, 0xFF,
    0xFE, 0xFF, 0xFF, 0xFD, 0xFF, 0xFF, 0xFB, 0xFF, 0xFF, 0xF7, 0xFF, 0xFF, 0xEF, 0xFF, 0xFF, 0xDF,
    0xE0, 0x00, 0x3F, 0xC0, 0x00, 0x7F, 0x80, 0x00, 0xFF, 0x00, 0x01, 0xFE, 0x00, 0x03, 0xFC, 0x00,
    0x07, 0xF8, 0x00, 0x0F, 0xFF, 0xFC, 0x1F, 0xFF, 0xF8, 0x3F, 0xFF, 0xF0, 0x7F, 0xFF, 0xE0, 0xFF,
    0xFF, 0xC1, 0xFF, 0xFF, 0x83, 0xFC, 0x00, 0x07, 0xF8, 0x00, 0x0F, 0xF0, 0x00, 0x1F, 0xE0, 0x00,
    0x3F, 0xC0, 0x00, 0x7F, 0x80, 0x00, 0xFF, 0x00, 0x01, 0xFE, 0x00, 0x03, 0xFC, 0x00, 0x07, 0xF8,
    0x00, 0x0F, 0xF0, 0x00, 0x1F, 0xC0, 0x00, 0x00, 0x00, 0x0F, 0xC0, 0x00, 0x03, 0xFF, 0xC0, 0x00,
    0x7F, 0xFF, 0x80, 0x07, 0xFF, 0xFE, 0x00, 0x7F, 0xFF, 0xF8, 0x07, 0xFF, 0xFF, 0xE0, 0x7F, 0xE1,
    0xFF, 0x83, 0xFC, 0x03, 0xFC, 0x3F, 0xC0, 0x0F, 0xF1, 0xFE, 0x00, 0x7F, 0x9F, 0xF0, 0x01, 0xFC,
    0xFF, 0x00, 0x0E, 0x07, 0xF8, 0x00, 0x00, 0x3F, 0xC0, 0x00, 0x01, 0xFE, 0x00, 0x00, 0x1F, 0xF0,
    0x00, 0x00, 0xFF, 0x81, 0xFF, 0xF7, 0xFC, 0x0F, 0xFF, 0xDF, 0xE0, 0x7F, 0xFE, 0xFF, 0x03, 0xFF,
    0xF7, 0xF8, 0x1F, 0xFF, 0xBF, 0xC0, 0x03, 0xFD, 0xFF, 0x00, 0x1F, 0xE7, 0xF8, 0x00, 0xFF, 0x3F,
    0xC0, 0x0F, 0xF9, 0xFF, 0x00, 0xFF, 0xC7, 0xFE, 0x0F, 0xFE, 0x1F, 0xFF, 0xFF, 0xF0, 0xFF, 0xFF,
    0xFF, 0x81, 0xFF, 0xFF, 0x7C, 0x07, 0xFF, 0xF3, 0xE0, 0x0F, 0xFE, 0x0E, 0x00, 0x0F, 0xC0, 0x00,
    0x7F, 0x00, 0x1F, 0xEF, 0xF0, 0x03, 0xFD, 0xFE, 0x00, 0x7F, 0xBF, 0xC0, 0x0F, 0xF7, 0xF8, 0x01,
    0xFE, 0xFF, 0x00, 0x3F, 0xDF, 0xE0, 0x07, 0xFB, 0xFC, 0x00, 0xFF, 0x7F, 0x80, 0x1F, 0xEF, 0xF0,
    0x03, 0xFD, 0xFE, 0x00, 0x7F, 0xBF, 0xC0, 0x0F, 0xF7, 0xFF, 0xFF, 0xFE, 0xFF, 0xFF, 0xFF, 0xDF,
    0xFF, 0xFF, 0xFB, 0xFF, 0xFF, 0xFF, 0x7F, 0xFF, 0xFF, 0xEF, 0xFF, 0xFF, 0xFD, 0xFE, 0x00, 0x7F,
    0xBF, 0xC0, 0x0F, 0xF7, 0xF8, 0x01, 0xFE, 0xFF, 0x00, 0x3F, 0xDF, 0xE0, 0x07, 0xFB, 0xFC, 0x00,
    0xFF, 0x7F, 0x80, 0x1F, 0xEF, 0xF0, 0x03, 0xFD, 0xFE, 0x00, 0x7F, 0xBF, 0xC0, 0x0F, 0xF7, 0xF8,
    0x01, 0xFE, 0xFF, 0x00, 0x3F, 0xDF, 0xC0, 0x07, 0xF8, 0x7F, 0x3F, 0xDF, 0xEF, 0xF7, 0xFB, 0xFD,
    0xFE, 0xFF, 0x7F, 0xBF, 0xDF, 0xEF, 0xF7, 0xFB, 0xFD, 0xFE, 0xFF, 0x7F, 0xBF, 0xDF, 0xEF, 0xF7,
    0xFB, 0xFD, 0xFE, 0xFF, 0x7F, 0xBF, 0xDF, 0xEF, 0xF7, 0xFB, 0xFD, 0xFC, 0x01, 0xFE, 0x03, 0xFC,
    0x07, 0xF8, 0x0F, 0xF0, 0x1F, 0xE0, 0x3F, 0xC0, 0x7F, 0x80, 0xFF, 0x01, 0xFE, 0x03, 0xFC, 0x07,
    0xF8, 0x0F, 0xF0, 0x1F, 0xE0, 0x3F, 0xC0, 0x7F, 0x80, 0xFF, 0x01, 0xFE, 0x03, 0xFC, 0x07, 0xF8,
    0x0F, 0xF0, 0x1F, 0xE0, 0x3F, 0xC0, 0x7F, 0x80, 0xFF, 0x03, 0xFF, 0xFF, 0xFF, 0xFF, 0xFF, 0xFF,
    0xFF, 0xFF, 0xDF, 0xFF, 0x3F, 0xFC, 0x0F, 0xC0, 0x7F, 0x80, 0x1F, 0xC7, 0xF8, 0x03, 0xFC, 0x7F,
    0x80, 0x7F, 0x87, 0xF8, 0x0F, 0xF0, 0x7F, 0x81, 0xFE, 0x07, 0xF8, 0x1F, 0xC0, 0x7F, 0x83, 0xFC,
    0x07, 0xF8, 0x7F, 0x80, 0x7F, 0x8F, 0xF0, 0x07, 0xF9, 0xFE, 0x00, 0x7F, 0x9F, 0xC0, 0x07, 0xFB,
    0xFC, 0x00, 0x7F, 0xFF, 0xE0, 0x07, 0xFF, 0xFE, 0x00, 0x7F, 0xFF, 0xF0, 0x07, 0xFF, 0xFF, 0x00,
    0x7F, 0xFF, 0xF8, 0x07, 0xFF, 0xFF, 0x80, 0x7F, 0xF7, 0xFC, 0x07, 0xFE, 0x3F, 0xC0, 0x7F, 0xC3,
    0xFE, 0x07, 0xF8, 0x1F, 0xE0, 0x7F, 0x81, 0xFF, 0x07, 0xF8, 0x0F, 0xF8, 0x7F, 0x80, 0xFF, 0x87,
    0xF8, 0x07, 0xFC, 0x7F, 0x80, 0x7F, 0xC7, 0xF8, 0x03, 0xFE, 0x7F, 0x80, 0x3F, 0xE7, 0xF8, 0x01,
    0xFF, 0x7F, 0x00, 0x1F, 0xF0, 0x7F, 0x00, 0x00, 0xFF, 0x00, 0x01, 0xFE, 0x00, 0x03, 0xFC, 0x00,
    0x07, 0xF8, 0x00, 0x0F, 0xF0, 0x00, 0x1F, 0xE0, 0x00, 0x3F, 0xC0, 0x00, 0x7F, 0x80, 0x00, 0xFF,
    0x00, 0x01, 0xFE, 0x00, 0x03, 0xFC, 0x00, 0x07, 0xF8, 0x00, 0x0F, 0xF0, 0x00, 0x1F, 0xE0, 0x00,
    0x3F, 0xC0, 0x00, 0x7F, 0x80, 0x00, 0xFF, 0x00, 0x01, 0xFE, 0x00, 0x03, 0xFC, 0x00, 0x07, 0xF8,
    0x00, 0x0F, 0xF0, 0x00, 0x1F, 0xE0, 0x00, 0x3F, 0xC0, 0x00, 0x7F, 0x80, 0x00, 0xFF, 0xFF, 0xFD,
    0xFF, 0xFF, 0xFB, 0xFF, 0xFF, 0xF7, 0xFF, 0xFF, 0xEF, 0xFF, 0xFF, 0xDF, 0xFF, 0xFF, 0x80, 0x7F,
    0xF0, 0x00, 0xFF, 0xEF, 0xFE, 0x00, 0x1F, 0xFD, 0xFF, 0xC0, 0x07, 0xFF, 0xBF, 0xFC, 0x00, 0xFF,
    0xF7, 0xFF, 0x80, 0x1F, 0xFE, 0xFF, 0xF0, 0x07, 0xFF, 0xDF, 0xFF, 0x00, 0xFF, 0xFB, 0xFF, 0xE0,
    0x3F, 0xFF, 0x7F, 0xFC, 0x07, 0xFF, 0xEF, 0xFF, 0xC0, 0xFF, 0xFD, 0xFF, 0xF8, 0x3F, 0xFF, 0xBF,
    0xFF, 0x87, 0xFF, 0xF7, 0xEF, 0xF0, 0xFD, 0xFE, 0xFD, 0xFE, 0x3F, 0xBF, 0xDF, 0xBF, 0xE7, 0xF7,
    0xFB, 0xF3, 0xFC, 0xFC, 0xFF, 0x7E, 0x7F, 0xBF, 0x9F, 0xEF, 0xC7, 0xFF, 0xF3, 0xFD, 0xF8, 0xFF,
    0xFC, 0x7F, 0xBF, 0x1F, 0xFF, 0x8F, 0xF7, 0xE1, 0xFF, 0xE1, 0xFE, 0xFC, 0x3F, 0xFC, 0x3F, 0xDF,
    0x87, 0xFF, 0x87, 0xFB, 0xF0, 0x7F, 0xE0, 0xFF, 0x7E, 0x0F, 0xFC, 0x1F, 0xEF, 0xC1, 0xFF, 0x83,
    0xFD, 0xF8, 0x1F, 0xE0, 0x7F, 0xBF, 0x03, 0xFC, 0x0F, 0xF7, 0xE0, 0x7F, 0x81, 0xFE, 0xFC, 0x07,
    0xE0, 0x3F, 0xDF, 0x80, 0xFC, 0x07, 0xF8, 0x7F, 0x00, 0x07, 0xEF, 0xF0, 0x01, 0xFD, 0xFF, 0x00,
    0x3F, 0xBF, 0xE0, 0x07, 0xF7, 0xFE, 0x00, 0xFE, 0xFF, 0xE0, 0x1F, 0xDF, 0xFC, 0x03, 0xFB, 0xFF,
    0xC0, 0x7F, 0x7F, 0xFC, 0x0F, 0xEF, 0xFF, 0xC1, 0xFD, 0xFF, 0xF8, 0x3F, 0xBF, 0xFF, 0x87, 0xF7,
    0xFF, 0xF8, 0xFE, 0xFD, 0xFF, 0x1F, 0xDF, 0x9F, 0xF3, 0xFB, 0xF1, 0xFF, 0x7F, 0x7E, 0x3F, 0xEF,
    0xEF, 0xC3, 0xFF, 0xFD, 0xF8, 0x3F, 0xFF, 0xBF, 0x07, 0xFF, 0xF7, 0xE0, 0x7F, 0xFE, 0xFC, 0x07,
    0xFF, 0xDF, 0x80, 0x7F, 0xFB, 0xF0, 0x0F, 0xFF, 0x7E, 0x00, 0xFF, 0xEF, 0xC0, 0x0F, 0xFD, 0xF8,
    0x01, 0xFF, 0xBF, 0x00, 0x1F, 0xF7, 0xE0, 0x01, 0xFE, 0xFC, 0x00, 0x1F, 0xDF, 0x80, 0x03, 0xF8,
    0x00, 0x0F, 0xC0, 0x00, 0x01, 0xFF, 0xE0, 0x00, 0x1F, 0xFF, 0xE0, 0x00, 0xFF, 0xFF, 0xE0, 0x07,
    0xFF, 0xFF, 0xC0, 0x3F, 0xFF, 0xFF, 0x01, 0xFF, 0x87, 0xFE, 0x07, 0xF8, 0x07, 0xFC, 0x3F, 0xC0,
    0x0F, 0xF0, 0xFF, 0x00, 0x3F, 0xE7, 0xFC, 0x00, 0x7F, 0x9F, 0xE0, 0x01, 0xFE, 0x7F, 0x80, 0x07,
    0xF9, 0xFE, 0x00, 0x1F, 0xF7, 0xF8, 0x00, 0x7F, 0xDF, 0xE0, 0x01, 0xFF, 0x7F, 0x80, 0x07, 0xFD,
    0xFE, 0x00, 0x1F, 0xF7, 0xF8, 0x00, 0x7F, 0xDF, 0xE0, 0x01, 0xFF, 0x7F, 0x80, 0x07, 0xF9, 0xFE,
    0x00, 0x1F, 0xE7, 0xFC, 0x00, 0x7F, 0x8F, 0xF0, 0x03, 0xFE, 0x3F, 0xC0, 0x0F, 0xF0, 0xFF, 0x80,
    0x7F, 0xC1, 0xFF, 0x83, 0xFE, 0x03, 0xFF, 0xFF, 0xF8, 0x0F, 0xFF, 0xFF, 0xC0, 0x0F, 0xFF, 0xFE,
    0x00, 0x1F, 0xFF, 0xE0, 0x00, 0x1F, 0xFF, 0x00, 0x00, 0x0F, 0xC0, 0x00, 0x7F, 0xFF, 0xE0, 0x0F,
    0xFF, 0xFF, 0x81, 0xFF, 0xFF, 0xF8, 0x3F, 0xFF, 0xFF, 0x87, 0xFF, 0xFF, 0xF8, 0xFF, 0xFF, 0xFF,
    0x9F, 0xE0, 0x1F, 0xF3, 0xFC, 0x01, 0xFE, 0x7F, 0x80, 0x3F, 0xEF, 0xF0, 0x07, 0xFD, 0xFE, 0x00,
    0xFF, 0xBF, 0xC0, 0x1F, 0xE7, 0xF8, 0x07, 0xFC, 0xFF, 0x03, 0xFF, 0x9F, 0xFF, 0xFF, 0xE3, 0xFF,
    0xFF, 0xFC, 0x7F, 0xFF, 0xFF, 0x0F, 0xFF, 0xFF, 0xC1, 0xFF, 0xFF, 0xE0, 0x3F, 0xFF, 0x80, 0x07,
    0xF8, 0x00, 0x00, 0xFF, 0x00, 0x00, 0x1F, 0xE0, 0x00, 0x03, 0xFC, 0x00, 0x00, 0x7F, 0x80, 0x00,
    0x0F, 0xF0, 0x00, 0x01, 0xFE, 0x00, 0x00, 0x3F, 0xC0, 0x00, 0x07, 0xF8, 0x00, 0x00, 0xFF, 0x00,
    0x00, 0x1F, 0xC0, 0x00, 0x00, 0x00, 0x0F, 0xC0, 0x00, 0x01, 0xFF, 0xE0, 0x00, 0x1F, 0xFF, 0xE0,
    0x00, 0xFF, 0xFF, 0xE0, 0x07, 0xFF, 0xFF, 0xC0, 0x3F, 0xFF, 0xFF, 0x01, 0xFF, 0x87, 0xFE, 0x07,
    0xF8, 0x07, 0xFC, 0x3F, 0xC0, 0x0F, 0xF0, 0xFF, 0x00, 0x3F, 0xE7, 0xFC, 0x00, 0x7F, 0x9F, 0xE0,
    0x01, 0xFE, 0x7F, 0x80, 0x07, 0xF9, 0xFE, 0x00, 0x1F, 0xF7, 0xF8, 0x00, 0x7F, 0xDF, 0xE0, 0x01,
    0xFF, 0x7F, 0x80, 0x07, 0xFD, 0xFE, 0x00, 0x1F, 0xF7, 0xF8, 0x00, 0x7F, 0xDF, 0xE0, 0x01, 0xFF,
    0x7F, 0x80, 0x07, 0xF9, 0xFE, 0x00, 0x1F, 0xE7, 0xFC, 0x00, 0x7F, 0x8F, 0xF0, 0x03, 0xFE, 0x3F,
    0xC0, 0x0F, 0xF0, 0xFF, 0x80, 0x7F, 0xC1, 0xFF, 0x83, 0xFE, 0x03, 0xFF, 0xFF, 0xF8, 0x0F, 0xFF,
    0xFF, 0xC0, 0x1F, 0xFF, 0xFE, 0x00, 0x1F, 0xFF, 0xFC, 0x00, 0x1F, 0xFF, 0xFC, 0x00, 0x0F, 0xFF,
    0xFC, 0x00, 0x00, 0x7F, 0xF0, 0x00, 0x00, 0xFF, 0xC0, 0x00, 0x01, 0xFF, 0x00, 0x00, 0x01, 0xFC,
    0x00, 0x00, 0x00, 0xE0, 0x7F, 0xFF, 0xF0, 0x0F, 0xFF, 0xFF, 0xC1, 0xFF, 0xFF, 0xFC, 0x3F, 0xFF,
    0xFF, 0xC7, 0xFF, 0xFF, 0xFC, 0xFF, 0x01, 0xFF, 0x9F, 0xE0, 0x0F, 0xFB, 0xFC, 0x01, 0xFF, 0x7F,
    0x80, 0x3F, 0xEF, 0xF0, 0x07, 0xFD, 0xFE, 0x00, 0xFF, 0xBF, 0xC0, 0x1F, 0xE7, 0xF8, 0x0F, 0xFC,
    0xFF, 0xFF, 0xFF, 0x1F, 0xFF, 0xFF, 0xE3, 0xFF, 0xFF, 0xF8, 0x7F, 0xFF, 0xFC, 0x0F, 0xFF, 0xFF,
    0x01, 0xFE, 0x1F, 0xE0, 0x3F, 0xC1, 0xFE, 0x07, 0xF8, 0x3F, 0xC0, 0xFF, 0x03, 0xFC, 0x1F, 0xE0,
    0x7F, 0x83, 0xFC, 0x0F, 0xF8, 0x7F, 0x80, 0xFF, 0x0F, 0xF0, 0x1F, 0xE1, 0xFE, 0x03, 0xFE, 0x3F,
    0xC0, 0x3F, 0xC7, 0xF8, 0x07, 0xFC, 0xFF, 0x00, 0x7F, 0x9F, 0xC0, 0x0F, 0xF0, 0x00, 0x3F, 0x00,
    0x00, 0x7F, 0xFC, 0x00, 0x7F, 0xFF, 0xC0, 0x3F, 0xFF, 0xF8, 0x1F, 0xFF, 0xFF, 0x0F, 0xFF, 0xFF,
    0xE3, 0xFE, 0x0F, 0xF1, 0xFE, 0x00, 0xF8, 0x7F, 0x80, 0x1C, 0x1F, 0xE0, 0x00, 0x07, 0xF8, 0x00,
    0x01, 0xFF, 0x80, 0x00, 0x7F, 0xFC, 0x00, 0x0F, 0xFF, 0xE0, 0x03, 0xFF, 0xFF, 0x00, 0x7F, 0xFF,
    0xF0, 0x0F, 0xFF, 0xFE, 0x01, 0xFF, 0xFF, 0xC0, 0x1F, 0xFF, 0xF8, 0x00, 0xFF, 0xFE, 0x00, 0x03,
    0xFF, 0xC0, 0x00, 0x1F, 0xF0, 0x00, 0x03, 0xFC, 0x70, 0x00, 0xFF, 0x3E, 0x00, 0x3F, 0xDF, 0xC0,
    0x0F, 0xFF, 0xF8, 0x0F, 0xFB, 0xFF, 0xFF, 0xFE, 0x7F, 0xFF, 0xFF, 0x0F, 0xFF, 0xFF, 0x80, 0xFF,
    0xFF, 0xC0, 0x0F, 0xFF, 0xC0, 0x00, 0x3F, 0x80, 0x00, 0xFF, 0xFF, 0xFF, 0xFF, 0xFF, 0xFF, 0xFF,
    0xFF, 0xFF, 0xFF, 0xFF, 0xFF, 0xFF, 0xFF, 0xFF, 0xFF, 0xFF, 0xFF, 0xFF, 0xF0, 0x07, 0xF8, 0x00,
    0x01, 0xFE, 0x00, 0x00, 0x7F, 0x80, 0x00, 0x1F, 0xE0, 0x00, 0x07, 0xF8, 0x00, 0x01, 0xFE, 0x00,
    0x00, 0x7F, 0x80, 0x00, 0x1F, 0xE0, 0x00, 0x07, 0xF8, 0x00, 0x01, 0xFE, 0x00, 0x00, 0x7F, 0x80,
    0x00, 0x1F, 0xE0, 0x00, 0x07, 0xF8, 0x00, 0x01, 0xFE, 0x00, 0x00, 0x7F, 0x80, 0x00, 0x1F, 0xE0,
    0x00, 0x07, 0xF8, 0x00, 0x01, 0xFE, 0x00, 0x00, 0x7F, 0x80, 0x00, 0x1F, 0xE0, 0x00, 0x07, 0xF8,
    0x00, 0x01, 0xFE, 0x00, 0x00, 0x7F, 0x80, 0x00, 0x1F, 0xE0, 0x00, 0x07, 0xF8, 0x00, 0xFF, 0x00,
    0x1F, 0xFF, 0xC0, 0x07, 0xFF, 0xF0, 0x01, 0xFF, 0xFC, 0x00, 0x7F, 0xFF, 0x00, 0x1F, 0xFF, 0xC0,
    0x07, 0xFF, 0xF0, 0x01, 0xFF, 0xFC, 0x00, 0x7F, 0xFF, 0x00, 0x1F, 0xFF, 0xC0, 0x07, 0xFF, 0xF0,
    0x01, 0xFF, 0xFC, 0x00, 0x7F, 0xFF, 0x00, 0x1F, 0xFF, 0xC0, 0x07, 0xFF, 0xF0, 0x01, 0xFF, 0xFC,
    0x00, 0x7F, 0xFF, 0x00, 0x1F, 0xFF, 0xC0, 0x07, 0xFF, 0xF0, 0x01, 0xFF, 0xFC, 0x00, 0x7F, 0xFF,
    0x00, 0x1F, 0xFF, 0xC0, 0x07, 0xFF, 0xF8, 0x01, 0xFD, 0xFE, 0x00, 0xFE, 0x7F, 0xC0, 0x3F, 0x9F,
    0xF8, 0x3F, 0xE3, 0xFF, 0xFF, 0xF0, 0xFF, 0xFF, 0xFC, 0x1F, 0xFF, 0xFE, 0x03, 0xFF, 0xFF, 0x00,
    0x3F, 0xFF, 0x00, 0x01, 0xFE, 0x00, 0xFF, 0x00, 0x03, 0xFF, 0xFC, 0x00, 0x3F, 0x9F, 0xE0, 0x01,
    0xFC, 0xFF, 0x00, 0x0F, 0xE7, 0xFC, 0x00, 0xFE, 0x1F, 0xE0, 0x07, 0xF0, 0xFF, 0x00, 0x3F, 0x87,
    0xFC, 0x03, 0xF8, 0x1F, 0xE0, 0x1F, 0xC0, 0xFF, 0x00, 0xFE, 0x07, 0xF8, 0x0F, 0xE0, 0x1F, 0xE0,
    0x7F, 0x00, 0xFF, 0x03, 0xF8, 0x07, 0xF8, 0x1F, 0x80, 0x1F, 0xE1, 0xFC, 0x00, 0xFF, 0x0F, 0xE0,
    0x07, 0xF8, 0x7E, 0x00, 0x1F, 0xE7, 0xF0, 0x00, 0xFF, 0x3F, 0x80, 0x07, 0xF9, 0xF8, 0x00, 0x1F,
    0xFF, 0xC0, 0x00, 0xFF, 0xFE, 0x00, 0x07, 0xFF, 0xE0, 0x00, 0x1F, 0xFF, 0x00, 0x00, 0xFF, 0xF0,
    0x00, 0x07, 0xFF, 0x80, 0x00, 0x1F, 0xFC, 0x00, 0x00, 0xFF, 0xC0, 0x00, 0x07, 0xFE, 0x00, 0x00,
    0x1F, 0xF0, 0x00, 0x00, 0xFF, 0x00, 0x00, 0xFF, 0x00, 0x1F, 0xC0, 0x07, 0xFF, 0xE0, 0x07, 0xF8,
    0x01, 0xFF, 0xFE, 0x00, 0xFF, 0x80, 0x3F, 0xBF, 0xC0, 0x1F, 0xF0, 0x07, 0xE7, 0xF8, 0x03, 0xFE,
    0x01, 0xFC, 0xFF, 0x00, 0xFF, 0xC0, 0x3F, 0x8F, 0xF0, 0x1F, 0xFC, 0x07, 0xF1, 0xFE, 0x03, 0xFF,
    0x80, 0xFC, 0x3F, 0xC0, 0xFF, 0xF0, 0x3F, 0x87, 0xFC, 0x1F, 0xFF, 0x07, 0xF0, 0x7F, 0x83, 0xFF,
    0xE0, 0xFC, 0x0F, 0xF0, 0x7F, 0xFC, 0x1F, 0x81, 0xFE, 0x1F, 0xFF, 0x87, 0xF0, 0x1F, 0xE3, 0xF7,
    0xF8, 0xFE, 0x03, 0xFC, 0x7E, 0xFF, 0x1F, 0x80, 0x7F, 0x9F, 0xCF, 0xE7, 0xF0, 0x07, 0xFB, 0xF1,
    0xFC, 0xFE, 0x00, 0xFF, 0x7E, 0x3F, 0xDF, 0x80, 0x1F, 0xEF, 0xC7, 0xFB, 0xF0, 0x03, 0xFF, 0xF8,
    0x7F, 0xFE, 0x00, 0x3F, 0xFE, 0x0F, 0xFF, 0x80, 0x07, 0xFF, 0xC1, 0xFF, 0xF0, 0x00, 0xFF, 0xF8,
    0x1F, 0xFE, 0x00, 0x0F, 0xFE, 0x03, 0xFF, 0xC0, 0x01, 0xFF, 0xC0, 0x7F, 0xF0, 0x00, 0x3F, 0xF8,
    0x0F, 0xFE, 0x00, 0x03, 0xFF, 0x00, 0xFF, 0xC0, 0x00, 0x7F, 0xC0, 0x1F, 0xF0, 0x00, 0x0F, 0xF8,
    0x03, 0xFE, 0x00, 0x01, 0xFF, 0x00, 0x3F, 0xC0, 0x00, 0x1F, 0xC0, 0x07, 0xF0, 0x00, 0xFF, 0x80,
    0x0F, 0xE3, 0xFE, 0x00, 0xFF, 0x1F, 0xF0, 0x0F, 0xF0, 0x7F, 0xC0, 0x7F, 0x01, 0xFE, 0x07, 0xF8,
    0x0F, 0xF8, 0x3F, 0x80, 0x3F, 0xE3, 0xFC, 0x01, 0xFF, 0x3F, 0xC0, 0x07, 0xFD, 0xFC, 0x00, 0x1F,
    0xFF, 0xE0, 0x00, 0xFF, 0xFE, 0x00, 0x03, 0xFF, 0xE0, 0x00, 0x0F, 0xFF, 0x00, 0x00, 0x7F, 0xF0,
    0x00, 0x01, 0xFF, 0x00, 0x00, 0x0F, 0xFC, 0x00, 0x00, 0x7F, 0xF0, 0x00, 0x07, 0xFF, 0x80, 0x00,
    0x3F, 0xFE, 0x00, 0x03, 0xFF, 0xF8, 0x00, 0x3F, 0xFF, 0xC0, 0x01, 0xFD, 0xFF, 0x00, 0x1F, 0xE7,
    0xFC, 0x01, 0xFE, 0x3F, 0xE0, 0x0F, 0xE0, 0xFF, 0x80, 0xFF, 0x03, 0xFC, 0x0F, 0xF0, 0x1F, 0xF0,
    0x7F, 0x00, 0x7F, 0xC7, 0xF8, 0x03, 0xFE, 0x7F, 0x80, 0x0F, 0xFB, 0xFC, 0x00, 0x3F, 0xC0, 0xFF,
    0x80, 0x07, 0xFF, 0xFC, 0x00, 0x3F, 0x9F, 0xF0, 0x03, 0xFC, 0xFF, 0x80, 0x1F, 0xC3, 0xFE, 0x01,
    0xFC, 0x0F, 0xF8, 0x0F, 0xE0, 0x7F, 0xC0, 0xFE, 0x01, 0xFF, 0x0F, 0xF0, 0x07, 0xF8, 0x7F, 0x00,
    0x3F, 0xE7, 0xF0, 0x00, 0xFF, 0x3F, 0x80, 0x07, 0xFF, 0xF8, 0x00, 0x1F, 0xFF, 0xC0, 0x00, 0x7F,
    0xFC, 0x00, 0x03, 0xFF, 0xC0, 0x00, 0x0F, 0xFE, 0x00, 0x00, 0x7F, 0xE0, 0x00, 0x01, 0xFF, 0x00,
    0x00, 0x0F, 0xF0, 0x00, 0x00, 0x7F, 0x80, 0x00, 0x03, 0xFC, 0x00, 0x00, 0x1F, 0xE0, 0x00, 0x00,
    0xFF, 0x00, 0x00, 0x07, 0xF8, 0x00, 0x00, 0x3F, 0xC0, 0x00, 0x01, 0xFE, 0x00, 0x00, 0x0F, 0xF0,
    0x00, 0x00, 0x7F, 0x80, 0x00, 0x03, 0xFC, 0x00, 0x00, 0x1F, 0xE0, 0x00, 0x00, 0x7F, 0x00, 0x00,
    0x7F, 0xFF, 0xFF, 0xDF, 0xFF, 0xFF, 0xF7, 0xFF, 0xFF, 0xFD, 0xFF, 0xFF, 0xFF, 0x7F, 0xFF, 0xFF,
    0x9F, 0xFF, 0xFF, 0xE0, 0x00, 0x1F, 0xF0, 0x00, 0x0F, 0xF8, 0x00, 0x07, 0xFC, 0x00, 0x01, 0xFF,
    0x00, 0x00, 0xFF, 0x80, 0x00, 0x7F, 0xC0, 0x00, 0x3F, 0xF0, 0x00, 0x0F, 0xF8, 0x00, 0x07, 0xFC,
    0x00, 0x03, 0xFF, 0x00, 0x00, 0xFF, 0x80, 0x00, 0x7F, 0xC0, 0x00, 0x3F, 0xF0, 0x00, 0x0F, 0xF8,
    0x00, 0x07, 0xFC, 0x00, 0x03, 0xFF, 0x00, 0x00, 0xFF, 0x80, 0x00, 0x7F, 0xC0, 0x00, 0x3F, 0xF0,
    0x00, 0x0F, 0xFF, 0xFF, 0xF7, 0xFF, 0xFF, 0xFF, 0xFF, 0xFF, 0xFF, 0xFF, 0xFF, 0xFF, 0xFF, 0xFF,
    0xFF, 0xFF, 0xFF, 0xFF, 0xFC, 0xFF, 0xFF, 0xFF, 0xFF, 0xFF, 0xFF, 0xC1, 0xF8, 0x3F, 0x07, 0xE0,
    0xFC, 0x1F, 0x83, 0xF0, 0x7E, 0x0F, 0xC1, 0xF8, 0x3F, 0x07, 0xE0, 0xFC, 0x1F, 0x83, 0xF0, 0x7E,
    0x0F, 0xC1, 0xF8, 0x3F, 0x07, 0xE0, 0xFC, 0x1F, 0x83, 0xF0, 0x7E, 0x0F, 0xC1, 0xF8, 0x3F, 0x07,
    0xE0, 0xFC, 0x1F, 0x83, 0xFF, 0xFF, 0xFF, 0xFF, 0xFF, 0xC0, 0x7C, 0x00, 0x3E, 0x00, 0x1F, 0x80,
    0x07, 0xC0, 0x03, 0xE0, 0x01, 0xF8, 0x00, 0x7C, 0x00, 0x3E, 0x00, 0x1F, 0x80, 0x07, 0xC0, 0x03,
    0xE0, 0x01, 0xF8, 0x00, 0x7C, 0x00, 0x3E, 0x00, 0x1F, 0x80, 0x07, 0xC0, 0x03, 0xE0, 0x01, 0xF8,
    0x00, 0x7C, 0x00, 0x3E, 0x00, 0x0F, 0x80, 0x07, 0xC0, 0x03, 0xE0, 0x00, 0xF8, 0x00, 0x7C, 0x00,
    0x3E, 0x00, 0x0F, 0x80, 0x07, 0xC0, 0x03, 0xE0, 0x00, 0xF8, 0x00, 0x7C, 0x00, 0x3E, 0xFF, 0xFF,
    0xFF, 0xFF, 0xFF, 0xF0, 0x7E, 0x0F, 0xC1, 0xF8, 0x3F, 0x07, 0xE0, 0xFC, 0x1F, 0x83, 0xF0, 0x7E,
    0x0F, 0xC1, 0xF8, 0x3F, 0x07, 0xE0, 0xFC, 0x1F, 0x83, 0xF0, 0x7E, 0x0F, 0xC1, 0xF8, 0x3F, 0x07,
    0xE0, 0xFC, 0x1F, 0x83, 0xF0, 0x7E, 0x0F, 0xC1, 0xF8, 0x3F, 0x07, 0xE0, 0xFF, 0xFF, 0xFF, 0xFF,
    0xFF, 0xFF, 0xC0, 0x00, 0xC0, 0x00, 0x78, 0x00, 0x3E, 0x00, 0x0F, 0xC0, 0x07, 0xF0, 0x01, 0xFE,
    0x00, 0x7F, 0x80, 0x3F, 0xF0, 0x0F, 0xFC, 0x07, 0xDF, 0x01, 0xF3, 0xE0, 0xF8, 0xF8, 0x3E, 0x1F,
    0x0F, 0x87, 0xC7, 0xC1, 0xF9, 0xF0, 0x3E, 0xF8, 0x0F, 0xBE, 0x01, 0xF0, 0xFF, 0xFF, 0xFF, 0xFF,
    0xFF, 0xFF, 0xFF, 0xFF, 0xFF, 0xFF, 0xFF, 0xFE, 0x60, 0x03, 0xC0, 0x1F, 0xC1, 0xFF, 0x8F, 0xFF,
    0x1F, 0xFC, 0x0F, 0xC0, 0x06, 0x00, 0xFF, 0x00, 0x1F, 0xFF, 0x00, 0xFF, 0xFF, 0x07, 0xFF, 0xFC,
    0x3F, 0xFF, 0xF9, 0xFE, 0x0F, 0xE3, 0xF0, 0x3F, 0x81, 0x80, 0x7F, 0x00, 0x01, 0xFC, 0x01, 0xFF,
    0xF0, 0x3F, 0xFF, 0xC3, 0xFF, 0xFF, 0x3F, 0xFF, 0xFC, 0xFF, 0x07, 0xF7, 0xF0, 0x1F, 0xDF, 0xC0,
    0x7F, 0x7F, 0x01, 0xFF, 0xFC, 0x0F, 0xF7, 0xF8, 0xFF, 0xDF, 0xFF, 0xFF, 0x7F, 0xFF, 0xFC, 0xFF,
    0xF7, 0xF1, 0xFF, 0x9F, 0x81, 0xF0, 0x00, 0xFE, 0x00, 0x03, 0xF8, 0x00, 0x0F, 0xE0, 0x00, 0x3F,
    0x80, 0x00, 0xFE, 0x00, 0x03, 0xF8, 0x00, 0x0F, 0xE0, 0x00, 0x3F, 0x80, 0x00, 0xFE, 0x1F, 0x03,
    0xF9, 0xFF, 0x0F, 0xFF, 0xFE, 0x3F, 0xFF, 0xFC, 0xFF, 0xFF, 0xFB, 0xFE, 0x1F, 0xEF, 0xE0, 0x3F,
    0xFF, 0x80, 0xFF, 0xFE, 0x01, 0xFF, 0xF8, 0x07, 0xFF, 0xE0, 0x1F, 0xFF, 0x80, 0x7F, 0xFE, 0x01,
    0xFF, 0xF8, 0x07, 0xFF, 0xE0, 0x1F, 0xFF, 0x80, 0x7F, 0xFE, 0x03, 0xFF, 0xFC, 0x0F, 0xEF, 0xF8,
    0x7F, 0xBF, 0xFF, 0xFC, 0xFF, 0xFF, 0xF3, 0xE7, 0xFF, 0x8F, 0x8F, 0xFC, 0x00, 0x0F, 0x80, 0x00,
    0xFC, 0x00, 0x0F, 0xFE, 0x00, 0xFF, 0xFC, 0x07, 0xFF, 0xF8, 0x3F, 0xFF, 0xF0, 0xFF, 0x1F, 0xE7,
    0xF8, 0x3F, 0x9F, 0xC0, 0x7E, 0xFF, 0x00, 0x03, 0xF8, 0x00, 0x0F, 0xE0, 0x00, 0x3F, 0x80, 0x00,
    0xFE, 0x00, 0x03, 0xF8, 0x00, 0x0F, 0xE0, 0x00, 0x3F, 0xC0, 0x18, 0x7F, 0x00, 0xF9, 0xFE, 0x07,
    0xE3, 0xFC, 0x3F, 0x8F, 0xFF, 0xFC, 0x1F, 0xFF, 0xE0, 0x3F, 0xFF, 0x00, 0x3F, 0xF8, 0x00, 0x1F,
    0x00, 0x00, 0x01, 0xFC, 0x00, 0x03, 0xF8, 0x00, 0x07, 0xF0, 0x00, 0x0F, 0xE0, 0x00, 0x1F, 0xC0,
    0x00, 0x3F, 0x80, 0x00, 0x7F, 0x00, 0x00, 0xFE, 0x01, 0xF1, 0xFC, 0x0F, 0xFB, 0xF8, 0x3F, 0xFF,
    0xF0, 0xFF, 0xFF, 0xE3, 0xFF, 0xFF, 0xCF, 0xF8, 0x7F, 0x9F, 0xE0, 0x7F, 0x3F, 0x80, 0xFE, 0xFF,
    0x01, 0xFD, 0xFC, 0x03, 0xFB, 0xF8, 0x07, 0xF7, 0xF0, 0x0F, 0xEF, 0xE0, 0x1F, 0xDF, 0xC0, 0x3F,
    0xBF, 0x80, 0x7F, 0x7F, 0x80, 0xFE, 0xFF, 0x01, 0xFC, 0xFE, 0x03, 0xF9, 0xFF, 0x0F, 0xF1, 0xFF,
    0xFF, 0xE3, 0xFF, 0xFF, 0xC3, 0xFF, 0xFF, 0x83, 0xFF, 0x7F, 0x00, 0xF0, 0x00, 0x00, 0x7E, 0x00,
    0x07, 0xFF, 0x00, 0x3F, 0xFF, 0x80, 0xFF, 0xFF, 0x83, 0xFF, 0xFF, 0x07, 0xF0, 0x7F, 0x1F, 0xC0,
    0x7F, 0x3F, 0x80, 0xFE, 0xFE, 0x00, 0xFD, 0xFF, 0xFF, 0xFB, 0xFF, 0xFF, 0xFF, 0xFF, 0xFF, 0xFF,
    0xFF, 0xFF, 0xFF, 0xFF, 0xFF, 0xBF, 0x80, 0x00, 0x7F, 0x80, 0x00, 0x7F, 0x00, 0x70, 0xFF, 0x01,
    0xF8, 0xFF, 0x8F, 0xF1, 0xFF, 0xFF, 0xC1, 0xFF, 0xFF, 0x01, 0xFF, 0xFC, 0x00, 0xFF, 0xF0, 0x00,
    0x3F, 0x00, 0x01, 0xFF, 0x01, 0xFF, 0x81, 0xFF, 0xC0, 0xFF, 0xE0, 0x7F, 0xF0, 0x3F, 0x80, 0x1F,
    0xC0, 0x0F, 0xE0, 0x0F, 0xF0, 0x3F, 0xFF, 0xBF, 0xFF, 0xDF, 0xFF, 0xEF, 0xFF, 0xF3, 0xFF, 0xF8,
    0x1F, 0xC0, 0x0F, 0xE0, 0x07, 0xF0, 0x03, 0xF8, 0x01, 0xFC, 0x00, 0xFE, 0x00, 0x7F, 0x00, 0x3F,
    0x80, 0x1F, 0xC0, 0x0F, 0xE0, 0x07, 0xF0, 0x03, 0xF8, 0x01, 0xFC, 0x00, 0xFE, 0x00, 0x7F, 0x00,
    0x3F, 0x80, 0x1F, 0xC0, 0x00, 0x00, 0x00, 0x00, 0x1F, 0xC0, 0xF0, 0x3F, 0xFC, 0x7C, 0x3F, 0xFF,
    0xFF, 0x1F, 0xFF, 0xFF, 0xCF, 0xF0, 0xFF, 0xF3, 0xF8, 0x1F, 0xC0, 0xFC, 0x03, 0xF0, 0x3F, 0x00,
    0xFC, 0x0F, 0xC0, 0x3F, 0x03, 0xF8, 0x1F, 0xC0, 0xFF, 0x0F, 0xF0, 0x1F, 0xFF, 0xF8, 0x03, 0xFF,
    0xFC, 0x00, 0x7F, 0xFC, 0x00, 0x7F, 0xF8, 0x00, 0x3F, 0x00, 0x00, 0x0F, 0xFC, 0x00, 0x03, 0xFF,
    0xFF, 0x00, 0xFF, 0xFF, 0xF0, 0x3F, 0xFF, 0xFE, 0x07, 0xFF, 0xFF, 0xC3, 0xFF, 0xFF, 0xF1, 0xF8,
    0x03, 0xFE, 0xFC, 0x00, 0x3F, 0xBF, 0x00, 0x0F, 0xCF, 0xE0, 0x03, 0xF3, 0xFE, 0x03, 0xFC, 0x7F,
    0xFF, 0xFE, 0x0F, 0xFF, 0xFF, 0x00, 0xFF, 0xFF, 0x00, 0x03, 0xFC, 0x00, 0xFE, 0x00, 0x07, 0xF0,
    0x00, 0x3F, 0x80, 0x01, 0xFC, 0x00, 0x0F, 0xE0, 0x00, 0x7F, 0x00, 0x03, 0xF8, 0x00, 0x1F, 0xC0,
    0x00, 0xFE, 0x0F, 0x87, 0xF3, 0xFF, 0x3F, 0xBF, 0xFD, 0xFF, 0xFF, 0xEF, 0xFF, 0xFF, 0xFF, 0xFF,
    0xFF, 0xFE, 0x0F, 0xFF, 0xC0, 0x7F, 0xFE, 0x03, 0xFF, 0xF0, 0x1F, 0xFF, 0x80, 0xFF, 0xFC, 0x07,
    0xFF, 0xE0, 0x3F, 0xFF, 0x01, 0xFF, 0xF8, 0x0F, 0xFF, 0xC0, 0x7F, 0xFE, 0x03, 0xFF, 0xF0, 0x1F,
    0xFF, 0x80, 0xFF, 0xFC, 0x07, 0xFF, 0xE0, 0x3F, 0xFF, 0x01, 0xFF, 0xF8, 0x0F, 0xE0, 0xFF, 0xFF,
    0xFF, 0xFF, 0xFF, 0xDF, 0x00, 0x01, 0xFF, 0xFF, 0xFF, 0xFF, 0xFF, 0xFF, 0xFF, 0xFF, 0xFF, 0xFF,
    0xFF, 0xFF, 0xFF, 0xFF, 0xFF, 0xFF, 0xFF, 0xFF, 0xFF, 0x80, 0x0F, 0xE1, 0xFC, 0x3F, 0x87, 0xF0,
    0xFE, 0x1F, 0xC1, 0xF0, 0x00, 0x00, 0x01, 0xFC, 0x3F, 0x87, 0xF0, 0xFE, 0x1F, 0xC3, 0xF8, 0x7F,
    0x0F, 0xE1, 0xFC, 0x3F, 0x87, 0xF0, 0xFE, 0x1F, 0xC3, 0xF8, 0x7F, 0x0F, 0xE1, 0xFC, 0x3F, 0x87,
    0xF0, 0xFE, 0x1F, 0xC3, 0xF8, 0x7F, 0x1F, 0xFF, 0xFF, 0xFF, 0x7F, 0xEF, 0xF9, 0xFE, 0x00, 0x00,
    0xFE, 0x00, 0x01, 0xFC, 0x00, 0x03, 0xF8, 0x00, 0x07, 0xF0, 0x00, 0x0F, 0xE0, 0x00, 0x1F, 0xC0,
    0x00, 0x3F, 0x80, 0x00, 0x7F, 0x00, 0x00, 0xFE, 0x00, 0x01, 0xFC, 0x03, 0xFB, 0xF8, 0x0F, 0xE7,
    0xF0, 0x3F, 0x8F, 0xE0, 0xFE, 0x1F, 0xC3, 0xF8, 0x3F, 0x8F, 0xE0, 0x7F, 0x3F, 0x80, 0xFE, 0xFE,
    0x01, 0xFF, 0xFE, 0x03, 0xFF, 0xFC, 0x07, 0xFF, 0xFC, 0x0F, 0xFF, 0xF8, 0x1F, 0xFF, 0xF8, 0x3F,
    0xE7, 0xF8, 0x7F, 0x8F, 0xF0, 0xFE, 0x0F, 0xF1, 0xFC, 0x1F, 0xE3, 0xF8, 0x1F, 0xE7, 0xF0, 0x3F,
    0xCF, 0xE0, 0x3F, 0xDF, 0xC0, 0x7F, 0xBF, 0x80, 0x7F, 0x80, 0xFF, 0xFF, 0xFF, 0xFF, 0xFF, 0xFF,
    0xFF, 0xFF, 0xFF, 0xFF, 0xFF, 0xFF, 0xFF, 0xFF, 0xFF, 0xFF, 0xFF, 0xFF, 0xFF, 0xFF, 0xFF, 0xFF,
    0xFF, 0xFF, 0xFF, 0xFF, 0xFF, 0x80, 0x00, 0x0F, 0x80, 0x3C, 0x1F, 0xCF, 0xF8, 0x3F, 0xE3, 0xFB,
    0xFF, 0x8F, 0xFE, 0x7F, 0xFF, 0xFB, 0xFF, 0xEF, 0xFF, 0xFF, 0xFF, 0xFD, 0xFF, 0xFF, 0xFF, 0xFF,
    0xBF, 0xC1, 0xFF, 0x07, 0xFF, 0xF0, 0x1F, 0xC0, 0xFF, 0xFE, 0x03, 0xF8, 0x1F, 0xFF, 0xC0, 0x7F,
    0x03, 0xFF, 0xF8, 0x0F, 0xE0, 0x7F, 0xFF, 0x01, 0xFC, 0x0F, 0xFF, 0xE0, 0x3F, 0x81, 0xFF, 0xFC,
    0x07, 0xF0, 0x3F, 0xFF, 0x80, 0xFE, 0x07, 0xFF, 0xF0, 0x1F, 0xC0, 0xFF, 0xFE, 0x03, 0xF8, 0x1F,
    0xFF, 0xC0, 0x7F, 0x03, 0xFF, 0xF8, 0x0F, 0xE0, 0x7F, 0xFF, 0x01, 0xFC, 0x0F, 0xFF, 0xE0, 0x3F,
    0x81, 0xFF, 0xFC, 0x07, 0xF0, 0x3F, 0xFF, 0x80, 0xFE, 0x07, 0xF0, 0x00, 0x0F, 0x87, 0xF1, 0xFF,
    0x3F, 0xBF, 0xFD, 0xFF, 0xFF, 0xEF, 0xFF, 0xFF, 0xFF, 0xFF, 0xFF, 0xFC, 0x0F, 0xFF, 0xC0, 0x7F,
    0xFE, 0x03, 0xFF, 0xF0, 0x1F, 0xFF, 0x80, 0xFF, 0xFC, 0x07, 0xFF, 0xE0, 0x3F, 0xFF, 0x01, 0xFF,
    0xF8, 0x0F, 0xFF, 0xC0, 0x7F, 0xFE, 0x03, 0xFF, 0xF0, 0x1F, 0xFF, 0x80, 0xFF, 0xFC, 0x07, 0xFF,
    0xE0, 0x3F, 0xFF, 0x01, 0xFF, 0xF8, 0x0F, 0xE0, 0x00, 0xFE, 0x00, 0x07, 0xFF, 0x00, 0x3F, 0xFF,
    0x80, 0xFF, 0xFF, 0x83, 0xFF, 0xFF, 0x87, 0xF8, 0xFF, 0x1F, 0xC0, 0x7F, 0x3F, 0x80, 0xFE, 0xFF,
    0x01, 0xFF, 0xFC, 0x01, 0xFF, 0xF8, 0x03, 0xFF, 0xF0, 0x07, 0xFF, 0xE0, 0x0F, 0xFF, 0xC0, 0x1F,
    0xFF, 0x80, 0x3F, 0xFF, 0x80, 0xFF, 0x7F, 0x01, 0xFC, 0xFF, 0x07, 0xF8, 0xFF, 0x1F, 0xE1, 0xFF,
    0xFF, 0xC1, 0xFF, 0xFF, 0x01, 0xFF, 0xFC, 0x00, 0xFF, 0xE0, 0x00, 0x3E, 0x00, 0x00, 0x1F, 0x03,
    0xF9, 0xFF, 0x0F, 0xFF, 0xFE, 0x3F, 0xFF, 0xFC, 0xFF, 0xFF, 0xFB, 0xFE, 0x1F, 0xEF, 0xF0, 0x3F,
    0xFF, 0x80, 0x7F, 0xFE, 0x01, 0xFF, 0xF8, 0x07, 0xFF, 0xE0, 0x1F, 0xFF, 0x80, 0x7F, 0xFE, 0x01,
    0xFF, 0xF8, 0x07, 0xFF, 0xE0, 0x1F, 0xFF, 0x80, 0x7F, 0xFE, 0x03, 0xFF, 0xF8, 0x0F, 0xFF, 0xF8,
    0x7F, 0xBF, 0xFF, 0xFE, 0xFF, 0xFF, 0xF3, 0xFF, 0xFF, 0x8F, 0xEF, 0xFC, 0x3F, 0x87, 0x80, 0xFE,
    0x00, 0x03, 0xF8, 0x00, 0x0F, 0xE0, 0x00, 0x3F, 0x80, 0x00, 0xFE, 0x00, 0x03, 0xF8, 0x00, 0x00,
    0x01, 0xF8, 0x00, 0x0F, 0xFC, 0xF8, 0x7F, 0xFD, 0xF0, 0xFF, 0xFF, 0xE3, 0xFF, 0xFF, 0xCF, 0xF0,
    0x7F, 0x9F, 0xC0, 0x7F, 0x3F, 0x80, 0xFE, 0xFF, 0x01, 0xFD, 0xFC, 0x03, 0xFB, 0xF8, 0x07, 0xF7,
    0xF0, 0x0F, 0xEF, 0xE0, 0x1F, 0xDF, 0xC0, 0x3F, 0xBF, 0x80, 0x7F, 0x7F, 0x80, 0xFE, 0x7F, 0x01,
    0xFC, 0xFF, 0x03, 0xF9, 0xFF, 0x0F, 0xF1, 0xFF, 0xFF, 0xE3, 0xFF, 0xFF, 0xC3, 0xFF, 0xFF, 0x81,
    0xFF, 0x7F, 0x00, 0xF0, 0xFE, 0x00, 0x01, 0xFC, 0x00, 0x03, 0xF8, 0x00, 0x07, 0xF0, 0x00, 0x0F,
    0xE0, 0x00, 0x1F, 0xC0, 0x00, 0x3F, 0x80, 0x00, 0x1F, 0xFC, 0xFF, 0xFB, 0xFF, 0xFF, 0xFF, 0xFF,
    0xFF, 0xFF, 0xFF, 0xFF, 0xFF, 0xC0, 0xFF, 0x01, 0xFC, 0x03, 0xF8, 0x07, 0xF0, 0x0F, 0xE0, 0x1F,
    0xC0, 0x3F, 0x80, 0x7F, 0x00, 0xFE, 0x01, 0xFC, 0x03, 0xF8, 0x07, 0xF0, 0x0F, 0xE0, 0x1F, 0xC0,
    0x3F, 0x80, 0x00, 0x00, 0xFC, 0x00, 0x3F, 0xFC, 0x03, 0xFF, 0xF8, 0x3F, 0xFF, 0xE3, 0xFF, 0xFF,
    0x1F, 0x81, 0xF9, 0xFC, 0x07, 0x8F, 0xE0, 0x00, 0x7F, 0xE0, 0x01, 0xFF, 0xF0, 0x0F, 0xFF, 0xF0,
    0x3F, 0xFF, 0xC0, 0xFF, 0xFF, 0x03, 0xFF, 0xFC, 0x01, 0xFF, 0xE0, 0x00, 0xFF, 0x18, 0x01, 0xFB,
    0xE0, 0x0F, 0xDF, 0xC1, 0xFE, 0xFF, 0xFF, 0xE3, 0xFF, 0xFF, 0x0F, 0xFF, 0xF0, 0x1F, 0xFE, 0x00,
    0x1F, 0x80, 0x07, 0xE0, 0x03, 0xF8, 0x01, 0xFC, 0x00, 0xFE, 0x00, 0x7F, 0x00, 0x3F, 0x80, 0x1F,
    0xC0, 0x1F, 0xFE, 0xFF, 0xFF, 0xFF, 0xFF, 0xFF, 0xFF, 0xFF, 0xFF, 0xF7, 0xFF, 0xF8, 0x7F, 0x80,
    0x3F, 0xC0, 0x1F, 0xE0, 0x0F, 0xF0, 0x07, 0xF8, 0x03, 0xFC, 0x01, 0xFE, 0x00, 0xFF, 0x00, 0x7F,
    0x80, 0x3F, 0xC0, 0x1F, 0xE0, 0x0F, 0xF0, 0x07, 0xFF, 0xC1, 0xFF, 0xE0, 0xFF, 0xF0, 0x3F, 0xF8,
    0x0F, 0xFC, 0x00, 0x00, 0x07, 0xF0, 0x1F, 0xFF, 0x80, 0xFF, 0xFC, 0x07, 0xFF, 0xE0, 0x3F, 0xFF,
    0x01, 0xFF, 0xF8, 0x0F, 0xFF, 0xC0, 0x7F, 0xFE, 0x03, 0xFF, 0xF0, 0x1F, 0xFF, 0x80, 0xFF, 0xFC,
    0x07, 0xFF, 0xE0, 0x3F, 0xFF, 0x01, 0xFF, 0xF8, 0x0F, 0xFF, 0xC0, 0x7F, 0xFE, 0x07, 0xFF, 0xF0,
    0x7F, 0xFF, 0xFF, 0xFF, 0xFF, 0xFF, 0xF7, 0xFF, 0xFF, 0xBF, 0xFD, 0xFC, 0xFF, 0x8F, 0xE1, 0xF0,
    0x00, 0x00, 0x00, 0x00, 0x7F, 0x00, 0x3E, 0x7F, 0x00, 0x7E, 0x7F, 0x80, 0x7E, 0x3F, 0x80, 0xFC,
    0x3F, 0xC0, 0xFC, 0x3F, 0xC0, 0xFC, 0x1F, 0xC1, 0xF8, 0x1F, 0xE1, 0xF8, 0x0F, 0xE3, 0xF0, 0x0F,
    0xF3, 0xF0, 0x0F, 0xF3, 0xE0, 0x07, 0xF7, 0xE0, 0x07, 0xFF, 0xE0, 0x03, 0xFF, 0xC0, 0x03, 0xFF,
    0xC0, 0x03, 0xFF, 0x80, 0x01, 0xFF, 0x80, 0x01, 0xFF, 0x80, 0x00, 0xFF, 0x00, 0x00, 0xFF, 0x00,
    0x00, 0xFE, 0x00, 0x00, 0x7E, 0x00, 0x00, 0x00, 0x00, 0x00, 0x1F, 0xC0, 0x7E, 0x03, 0xF7, 0xF0,
    0x1F, 0x80, 0xF9, 0xFC, 0x0F, 0xF0, 0x7E, 0x7F, 0x83, 0xFC, 0x1F, 0x8F, 0xE0, 0xFF, 0x07, 0xC3,
    0xF8, 0x7F, 0xC1, 0xF0, 0xFF, 0x1F, 0xF8, 0xFC, 0x1F, 0xC7, 0xFE, 0x3E, 0x07, 0xF1, 0xFF, 0x8F,
    0x81, 0xFE, 0xFF, 0xF7, 0xE0, 0x3F, 0xBF, 0xFD, 0xF0, 0x0F, 0xEF, 0xBF, 0x7C, 0x03, 0xFF, 0xCF,
    0xFF, 0x00, 0x7F, 0xF3, 0xFF, 0x80, 0x1F, 0xFC, 0xFF, 0xE0, 0x07, 0xFE, 0x1F, 0xF8, 0x00, 0xFF,
    0x87, 0xFC, 0x00, 0x3F, 0xE1, 0xFF, 0x00, 0x0F, 0xF0, 0x3F, 0xC0, 0x01, 0xFC, 0x0F, 0xE0, 0x00,
    0x7F, 0x03, 0xF8, 0x00, 0x1F, 0x80, 0x7E, 0x00, 0x00, 0x00, 0x00, 0x7F, 0x80, 0xFE, 0x7F, 0xC0,
    0xFC, 0x3F, 0xC1, 0xFC, 0x1F, 0xE3, 0xF8, 0x1F, 0xF3, 0xF0, 0x0F, 0xF7, 0xE0, 0x07, 0xFF, 0xE0,
    0x03, 0xFF, 0xC0, 0x03, 0xFF, 0x80, 0x01, 0xFF, 0x00, 0x00, 0xFF, 0x80, 0x00, 0xFF, 0x80, 0x01,
    0xFF, 0xC0, 0x03, 0xFF, 0xE0, 0x07, 0xFF, 0xE0, 0x07, 0xEF, 0xF0, 0x0F, 0xEF, 0xF8, 0x1F, 0xC7,
    0xFC, 0x3F, 0x83, 0xFC, 0x3F, 0x01, 0xFE, 0x7F, 0x01, 0xFF, 0x7E, 0x00, 0xFF, 0x00, 0x00, 0x01,
    0xFE, 0x00, 0xFD, 0xFC, 0x01, 0xFB, 0xFC, 0x03, 0xE3, 0xF8, 0x0F, 0xC7, 0xF8, 0x1F, 0x8F, 0xF0,
    0x7E, 0x0F, 0xE0, 0xFC, 0x1F, 0xE1, 0xF0, 0x1F, 0xC7, 0xE0, 0x3F, 0x8F, 0xC0, 0x7F, 0x9F, 0x00,
    0x7F, 0x7E, 0x00, 0xFF, 0xF8, 0x00, 0xFF, 0xF0, 0x01, 0xFF, 0xE0, 0x03, 0xFF, 0x80, 0x03, 0xFF,
    0x00, 0x07, 0xFC, 0x00, 0x07, 0xF8, 0x00, 0x0F, 0xF0, 0x00, 0x1F, 0xC0, 0x00, 0x1F, 0x80, 0x00,
    0x7E, 0x00, 0x01, 0xFC, 0x00, 0x7F, 0xF0, 0x01, 0xFF, 0xE0, 0x03, 0xFF, 0x80, 0x07, 0xFE, 0x00,
    0x07, 0xF0, 0x00, 0x00, 0x00, 0x00, 0x07, 0xFF, 0xFF, 0x7F, 0xFF, 0xF7, 0xFF, 0xFF, 0x7F, 0xFF,
    0xE0, 0x03, 0xFE, 0x00, 0x3F, 0xC0, 0x07, 0xF8, 0x00, 0xFF, 0x00, 0x1F, 0xF0, 0x01, 0xFE, 0x00,
    0x3F, 0xC0, 0x07, 0xF8, 0x00, 0xFF, 0x80, 0x0F, 0xF0, 0x01, 0xFE, 0x00, 0x3F, 0xC0, 0x07, 0xF8,
    0x00, 0xFF, 0x80, 0x0F, 0xFF, 0xFF, 0xFF, 0xFF, 0xFF, 0xFF, 0xFF, 0xFF, 0xFF, 0xF0, 0x00, 0xFE,
    0x07, 0xFC, 0x1F, 0xF8, 0x3F, 0xF0, 0x7E, 0x01, 0xF8, 0x03, 0xF0, 0x07, 0xE0, 0x0F, 0xC0, 0x1F,
    0x80, 0x3F, 0x00, 0x7E, 0x00, 0xFC, 0x01, 0xF8, 0x03, 0xF0, 0x07, 0xE0, 0x1F, 0xC1, 0xFF, 0x03,
    0xFC, 0x07, 0xF8, 0x0F, 0xFC, 0x03, 0xF8, 0x03, 0xF0, 0x07, 0xE0, 0x0F, 0xC0, 0x1F, 0x80, 0x3F,
    0x00, 0x7E, 0x00, 0xFC, 0x01, 0xF8, 0x03, 0xF0, 0x07, 0xE0, 0x0F, 0xC0, 0x0F, 0xC0, 0x1F, 0xF8,
    0x3F, 0xF0, 0x3F, 0xE0, 0x1F, 0xC0, 0x79, 0xF7, 0xDF, 0x7D, 0xF7, 0xDF, 0x7D, 0xF7, 0xDF, 0x7D,
    0xF7, 0xDF, 0x7D, 0xF7, 0xDF, 0x7D, 0xF7, 0xDF, 0x7D, 0xF7, 0xDF, 0x7D, 0xF7, 0xDF, 0x7D, 0xF7,
    0xDF, 0x7D, 0xF7, 0xDF, 0x7D, 0xF7, 0xC0, 0xFF, 0x00, 0xFF, 0x80, 0xFF, 0xC0, 0xFF, 0xC0, 0x0F,
    0xE0, 0x07, 0xE0, 0x07, 0xE0, 0x07, 0xE0, 0x07, 0xE0, 0x07, 0xE0, 0x07, 0xE0, 0x07, 0xE0, 0x07,
    0xE0, 0x07, 0xE0, 0x07, 0xE0, 0x07, 0xE0, 0x07, 0xF8, 0x03, 0xFF, 0x00, 0xFF, 0x01, 0xFF, 0x03,
    0xFE, 0x07, 0xF0, 0x07, 0xE0, 0x07, 0xE0, 0x07, 0xE0, 0x07, 0xE0, 0x07, 0xE0, 0x07, 0xE0, 0x07,
    0xE0, 0x07, 0xE0, 0x07, 0xE0, 0x07, 0xE0, 0x07, 0xE0, 0x0F, 0xE0, 0xFF, 0xC0, 0xFF, 0xC0, 0xFF,
    0x80, 0xFE, 0x00, 0x00, 0x00, 0x00, 0x3F, 0x00, 0xC3, 0xFF, 0x07, 0x9F, 0xFF, 0xFE, 0xFF, 0xFF,
    0xFB, 0xFF, 0xFF, 0xE7, 0x03, 0xFF, 0x18, 0x03, 0xF0, 0x00, 0x3F, 0x9F, 0xCF, 0xE7, 0xF3, 0xF9,
    0xFC, 0xFE, 0x00, 0x00, 0x07, 0x87, 0xC3, 0xE1, 0xF0, 0xF8, 0x7C, 0x3E, 0x1F, 0x9F, 0xCF, 0xE7,
    0xF3, 0xF9, 0xFC, 0xFE, 0x7F, 0x3F, 0x9F, 0xCF, 0xE7, 0xFB, 0xFC, 0x00, 0x7C, 0x00, 0x01, 0xF0,
    0x00, 0x07, 0xC0, 0x00, 0x1F, 0x00, 0x01, 0xFF, 0x00, 0x1F, 0xFF, 0x00, 0xFF, 0xFE, 0x07, 0xFF,
    0xFC, 0x3F, 0xEF, 0xF1, 0xFE, 0x0F, 0xE7, 0xF0, 0x1F, 0xBF, 0xC0, 0x7C, 0xFE, 0x00, 0x03, 0xF8,
    0x00, 0x0F, 0xE0, 0x00, 0x3F, 0x80, 0x00, 0xFE, 0x00, 0x03, 0xF8, 0x00, 0x0F, 0xF0, 0x00, 0x1F,
    0xC0, 0x3E, 0x7F, 0x01, 0xF9, 0xFE, 0x0F, 0xE3, 0xFF, 0xFF, 0x07, 0xFF, 0xFC, 0x0F, 0xFF, 0xE0,
    0x1F, 0xFE, 0x00, 0x1F, 0xE0, 0x00, 0x1F, 0x00, 0x00, 0x7C, 0x00, 0x01, 0xF0, 0x00, 0x07, 0xC0,
    0x00, 0x00, 0x1F, 0x00, 0x00, 0x3F, 0xF8, 0x00, 0x1F, 0xFF, 0x80, 0x0F, 0xFF, 0xF0, 0x07, 0xFF,
    0xFE, 0x03, 0xFF, 0xFF, 0xC0, 0xFF, 0x8F, 0xF0, 0x3F, 0xC1, 0xF8, 0x0F, 0xF0, 0x30, 0x03, 0xFC,
    0x00, 0x00, 0xFF, 0x00, 0x00, 0x3F, 0xC0, 0x00, 0x0F, 0xF0, 0x00, 0x03, 0xFC, 0x00, 0x0F, 0xFF,
    0xFE, 0x03, 0xFF, 0xFF, 0x80, 0xFF, 0xFF, 0xE0, 0x1F, 0xFF, 0xF0, 0x00, 0x7F, 0x80, 0x00, 0x1F,
    0xE0, 0x00, 0x07, 0xF8, 0x00, 0x01, 0xFE, 0x00, 0x00, 0x7F, 0x80, 0x00, 0x1F, 0xC0, 0x38, 0x07,
    0xF0, 0x1F, 0xC3, 0xF8, 0x07, 0xF7, 0xFF, 0xFF, 0xFB, 0xFF, 0xFF, 0xFE, 0xFF, 0xFF, 0xFF, 0x3F,
    0xFF, 0xFF, 0x8F, 0xFF, 0xFF, 0xC3, 0xFF, 0xFF, 0xE0, 0x00, 0x00, 0x00, 0xC0, 0x00, 0xC7, 0x9F,
    0xE7, 0xBF, 0xFF, 0xFE, 0x7F, 0xFF, 0xF8, 0xFF, 0xFF, 0xC1, 0xFF, 0xFE, 0x0F, 0xC0, 0xFC, 0x3E,
    0x01, 0xF1, 0xF8, 0x07, 0xC7, 0xC0, 0x0F, 0x9F, 0x00, 0x3E, 0x7C, 0x00, 0xF9, 0xF8, 0x07, 0xC3,
    0xE0, 0x1F, 0x0F, 0xC0, 0xFC, 0x1F, 0xFF, 0xE0, 0xFF, 0xFF, 0xC7, 0xFF, 0xFF, 0xBF, 0xFF, 0xFE,
    0x79, 0xFC, 0x78, 0xC0, 0x00, 0xC0, 0x00, 0x00, 0x00, 0x7F, 0x80, 0x03, 0xFB, 0xFE, 0x00, 0x3F,
    0xDF, 0xF0, 0x01, 0xFC, 0x7F, 0xC0, 0x1F, 0xE1, 0xFF, 0x00, 0xFE, 0x0F, 0xF8, 0x0F, 0xE0, 0x3F,
    0xE0, 0x7F, 0x01, 0xFF, 0x07, 0xF0, 0x07, 0xFC, 0x7F, 0x80, 0x1F, 0xE3, 0xF8, 0x00, 0xFF, 0xBF,
    0x80, 0x03, 0xFF, 0xFC, 0x00, 0x0F, 0xFF, 0xC0, 0x00, 0x7F, 0xFC, 0x00, 0x01, 0xFF, 0xE0, 0x00,
    0x0F, 0xFE, 0x00, 0x07, 0xFF, 0xFF, 0x80, 0x3F, 0xFF, 0xFC, 0x01, 0xFF, 0xFF, 0xE0, 0x0F, 0xFF,
    0xFF, 0x00, 0x01, 0xFE, 0x00, 0x00, 0x0F, 0xF0, 0x00, 0x1F, 0xFF, 0xFC, 0x00, 0xFF, 0xFF, 0xF0,
    0x07, 0xFF, 0xFF, 0x80, 0x3F, 0xFF, 0xFC, 0x01, 0xFF, 0xFF, 0xE0, 0x00, 0x3F, 0xC0, 0x00, 0x01,
    0xFE, 0x00, 0x00, 0x0F, 0xF0, 0x00, 0x00, 0x7F, 0x80, 0x00, 0x79, 0xF7, 0xDF, 0x7D, 0xF7, 0xDF,
    0x7D, 0xF7, 0xDF, 0x7D, 0xF7, 0xDF, 0x7D, 0xF3, 0x80, 0x00, 0x00, 0x00, 0x01, 0xF7, 0xDF, 0x7D,
    0xF7, 0xDF, 0x7D, 0xF7, 0xDF, 0x7D, 0xF7, 0xDF, 0x7D, 0xF7, 0xC0, 0x00, 0xF8, 0x00, 0x3F, 0xF8,
    0x07, 0xFF, 0xE0, 0x3F, 0xFF, 0x83, 0xFF, 0xFE, 0x3F, 0x83, 0xF1, 0xFC, 0x0F, 0x0F, 0xE0, 0x00,
    0x7F, 0x80, 0x01, 0xFF, 0x80, 0x0F, 0xFF, 0x00, 0x3F, 0xFE, 0x00, 0xFF, 0xFC, 0x0F, 0xFF, 0xF0,
    0xFF, 0xFF, 0x8F, 0xE3, 0xFE, 0x7E, 0x07, 0xF3, 0xF0, 0x1F, 0x9F, 0x80, 0xFC, 0xFF, 0x07, 0xE7,
    0xFF, 0x7E, 0x1F, 0xFF, 0xF0, 0x7F, 0xFF, 0x01, 0xFF, 0xF8, 0x03, 0xFF, 0xE0, 0x07, 0xFF, 0x80,
    0x07, 0xFC, 0x00, 0x0F, 0xE0, 0x80, 0x3F, 0x1E, 0x01, 0xF9, 0xFC, 0x1F, 0xCF, 0xFF, 0xFE, 0x3F,
    0xFF, 0xE0, 0xFF, 0xFE, 0x01, 0xFF, 0xC0, 0x01, 0xF0, 0x00, 0xFC, 0x7F, 0xF9, 0xFF, 0xF3, 0xFF,
    0xE7, 0xFF, 0xC7, 0xFF, 0x8F, 0xC0, 0x00, 0x03, 0xE0, 0x00, 0x00, 0x1F, 0xFE, 0x00, 0x00, 0x3F,
    0xFF, 0xC0, 0x00, 0x3F, 0xFF, 0xF8, 0x00, 0x7F, 0xFF, 0xFE, 0x00, 0x7F, 0x00, 0x3F, 0x80, 0x3E,
    0x00, 0x07, 0xE0, 0x3E, 0x07, 0xC1, 0xF8, 0x3E, 0x0F, 0xF8, 0x7C, 0x1F, 0x1F, 0xFE, 0x1F, 0x1F,
    0x1F, 0xFF, 0x87, 0x8F, 0x8F, 0xE7, 0xE3, 0xE7, 0x8F, 0xC1, 0xF1, 0xF7, 0xC7, 0xE0, 0xF8, 0x7B,
    0xE3, 0xF0, 0x00, 0x3D, 0xF1, 0xF0, 0x00, 0x1F, 0xF8, 0xF8, 0x00, 0x0F, 0xFC, 0x7C, 0x00, 0x07,
    0xFE, 0x3F, 0x00, 0x03, 0xDF, 0x1F, 0x81, 0xE1, 0xE7, 0x8F, 0xC1, 0xF1, 0xF3, 0xC3, 0xF9, 0xF8,
    0xF9, 0xF1, 0xFF, 0xF8, 0x78, 0x78, 0x7F, 0xF8, 0x7C, 0x3E, 0x0F, 0xF8, 0x7C, 0x0F, 0x81, 0xE0,
    0x7E, 0x07, 0xE0, 0x00, 0x7E, 0x01, 0xFC, 0x00, 0xFE, 0x00, 0x7F, 0xFF, 0xFE, 0x00, 0x0F, 0xFF,
    0xFE, 0x00, 0x03, 0xFF, 0xFE, 0x00, 0x00, 0x7F, 0xFC, 0x00, 0x00, 0x07, 0xE0, 0x00, 0x00, 0x07,
    0xC0, 0x3F, 0xE0, 0xFF, 0xE3, 0xFF, 0xE7, 0xC7, 0xC0, 0x0F, 0x81, 0xFF, 0x1F, 0xFE, 0x7F, 0xFC,
    0xF8, 0xF9, 0xE1, 0xF7, 0xE3, 0xE7, 0xFF, 0xCF, 0xFF, 0x8F, 0xEF, 0x00, 0x00, 0x00, 0x00, 0x01,
    0xE1, 0xE0, 0xF8, 0x78, 0x3E, 0x3E, 0x1F, 0x1F, 0x07, 0xC7, 0xC3, 0xE3, 0xE1, 0xF8, 0xF8, 0x7C,
    0x7E, 0x1F, 0x1F, 0x07, 0xE7, 0xE0, 0xF8, 0xF8, 0x3E, 0x3F, 0x07, 0xC7, 0xC0, 0xF0, 0xF8, 0x3E,
    0x3E, 0x07, 0x87, 0x80, 0xE0, 0xE0, 0xFF, 0xFF, 0xFF, 0xFF, 0xFF, 0xFF, 0xFF, 0xFF, 0xFF, 0xFF,
    0xFF, 0xFF, 0xFF, 0x80, 0x00, 0xFC, 0x00, 0x07, 0xE0, 0x00, 0x3F, 0x00, 0x01, 0xF8, 0x00, 0x0F,
    0xC0, 0x00, 0x7E, 0x00, 0x03, 0xE0, 0x00, 0xF0, 0x00, 0x1F, 0xF0, 0x03, 0xFF, 0xE0, 0x3F, 0xFF,
    0x83, 0xE0, 0x3E, 0x3D, 0xF8, 0xF1, 0xEF, 0xF3, 0xCE, 0x7F, 0xCE, 0xF3, 0x8E, 0x77, 0x9F, 0xF3,
    0xFC, 0xFF, 0x1F, 0xE7, 0xF0, 0xFF, 0x39, 0xC7, 0x79, 0xCE, 0x39, 0xCE, 0x7B, 0xCF, 0x71, 0xDC,
    0x3C, 0x03, 0xE0, 0xFC, 0x7E, 0x03, 0xFF, 0xE0, 0x0F, 0xFE, 0x00, 0x1F, 0x80, 0x00, 0xFF, 0xFF,
    0xFF, 0xFF, 0xFF, 0xFF, 0xFF, 0xFF, 0xFF, 0xFF, 0x07, 0xE0, 0x3F, 0xE0, 0xFF, 0xE3, 0xFF, 0xE7,
    0xE7, 0xFF, 0x07, 0xFE, 0x07, 0xFC, 0x0F, 0xF8, 0x1F, 0xF0, 0x7D, 0xF1, 0xFB, 0xFF, 0xE3, 0xFF,
    0x83, 0xFE, 0x01, 0xF8, 0x00, 0x00, 0xF0, 0x00, 0x07, 0xC0, 0x00, 0x7E, 0x00, 0x03, 0xF0, 0x00,
    0x1F, 0x80, 0x00, 0xFC, 0x00, 0x07, 0xE0, 0x00, 0x3F, 0x00, 0xFF, 0xFF, 0xF7, 0xFF, 0xFF, 0xFF,
    0xFF, 0xFF, 0xFF, 0xFF, 0xFF, 0xFF, 0xFF, 0xBF, 0xFF, 0xF0, 0x07, 0xE0, 0x00, 0x3F, 0x00, 0x01,
    0xF8, 0x00, 0x0F, 0xC0, 0x00, 0x7E, 0x00, 0x03, 0xF0, 0x00, 0x0F, 0x80, 0x00, 0x00, 0x00, 0x00,
    0x00, 0x00, 0x00, 0x00, 0xFF, 0xFF, 0xFF, 0xFF, 0xFF, 0xFF, 0xFF, 0xFF, 0xFF, 0xFF, 0xFF, 0xFF,
    0xFF, 0x00, 0x03, 0xC0, 0x0F, 0xF8, 0x3F, 0xFC, 0x7F, 0xFE, 0x7E, 0x7E, 0x7C, 0x3F, 0x38, 0x3F,
    0x00, 0x3F, 0x00, 0x3E, 0x00, 0x7E, 0x00, 0xFC, 0x01, 0xF8, 0x03, 0xF0, 0x07, 0xE0, 0x1F, 0xC0,
    0x3F, 0x00, 0x7F, 0xFF, 0xFF, 0xFF, 0xFF, 0xFF, 0xFF, 0xFF, 0x7F, 0xFF, 0x01, 0xE0, 0x07, 0xFE,
    0x0F, 0xFF, 0x87, 0xFF, 0xE3, 0xE3, 0xF0, 0xC0, 0xF8, 0x00, 0x7C, 0x00, 0x7E, 0x03, 0xFE, 0x03,
    0xFE, 0x01, 0xFF, 0x00, 0xFF, 0xE0, 0x03, 0xF0, 0x00, 0xFC, 0x00, 0x3E, 0x70, 0x1F, 0x7C, 0x1F,
    0xBF, 0xFF, 0x8F, 0xFF, 0xC3, 0xFF, 0xC0, 0x7F, 0x00, 0x00, 0x20, 0x07, 0x81, 0xFC, 0x3F, 0xF7,
    0xFF, 0xFF, 0xF3, 0xF8, 0x0C, 0x00, 0x00, 0x00, 0x07, 0xF0, 0x1F, 0xFF, 0x80, 0xFF, 0xFC, 0x07,
    0xFF, 0xE0, 0x3F, 0xFF, 0x01, 0xFF, 0xF8, 0x0F, 0xFF, 0xC0, 0x7F, 0xFE, 0x03, 0xFF, 0xF0, 0x1F,
    0xFF, 0x80, 0xFF, 0xFC, 0x07, 0xFF, 0xE0, 0x3F, 0xFF, 0x01, 0xFF, 0xF8, 0x0F, 0xFF, 0xC0, 0x7F,
    0xFE, 0x07, 0xFF, 0xF0, 0x7F, 0xFF, 0xFF, 0xFF, 0xFF, 0xFF, 0xFF, 0xFF, 0xFF, 0xFF, 0xFD, 0xFF,
    0xFF, 0x8F, 0xFF, 0xF0, 0x00, 0xFE, 0x00, 0x07, 0xF0, 0x00, 0x3F, 0x80, 0x01, 0xFC, 0x00, 0x0F,
    0xE0, 0x00, 0x7F, 0x00, 0x00, 0x03, 0xFF, 0xFC, 0x1F, 0xFF, 0xF8, 0x7F, 0xFF, 0xF1, 0xFF, 0xFF,
    0xE7, 0xFF, 0x9F, 0x0F, 0xFF, 0x3E, 0x3F, 0xFE, 0x7C, 0x7F, 0xFC, 0xF8, 0xFF, 0xF9, 0xF1, 0xFF,
    0xF3, 0xE3, 0xFF, 0xE7, 0xC7, 0xFF, 0xCF, 0x8F, 0xFF, 0x9F, 0x0F, 0xFF, 0x3E, 0x1F, 0xFE, 0x7C,
    0x1F, 0xFC, 0xF8, 0x1F, 0xF9, 0xF0, 0x0F, 0xF3, 0xE0, 0x03, 0xE7, 0xC0, 0x03, 0xCF, 0x80, 0x07,
    0x9F, 0x00, 0x0F, 0x3E, 0x00, 0x1E, 0x7C, 0x00, 0x3C, 0xF8, 0x00, 0x79, 0xF0, 0x00, 0xF3, 0xE0,
    0x01, 0xE7, 0xC0, 0x03, 0xCF, 0x80, 0x07, 0x9F, 0x00, 0x0F, 0x3E, 0x00, 0x1E, 0x7C, 0x00, 0x3C,
    0xF8, 0x00, 0x79, 0xF0, 0x00, 0xF3, 0xE0, 0x01, 0xE7, 0xC0, 0x7F, 0xFF, 0xFF, 0xFF, 0xFF, 0xFF,
    0x7E, 0x0E, 0x01, 0xC0, 0x78, 0x0F, 0xC3, 0xFC, 0x0F, 0xC0, 0xFB, 0xFF, 0xFF, 0xCF, 0xF0, 0x00,
    0x00, 0x0F, 0x83, 0xF8, 0xFF, 0x8F, 0xF8, 0xFF, 0x8D, 0xF8, 0x1F, 0x81, 0xF8, 0x1F, 0x81, 0xF8,
    0x1F, 0x81, 0xF8, 0x1F, 0x81, 0xF8, 0x1F, 0x81, 0xF8, 0xFF, 0xFF, 0xFF, 0xFF, 0xFF, 0xFF, 0x07,
    0x80, 0x3F, 0xE0, 0xFF, 0xE3, 0xFF, 0xC7, 0xC7, 0xDF, 0x0F, 0xBE, 0x0F, 0xFC, 0x1F, 0xF8, 0x3F,
    0xF0, 0x7F, 0xE1, 0xF3, 0xE3, 0xE7, 0xFF, 0x87, 0xFE, 0x03, 0xF8, 0x00, 0x00, 0x00, 0x1E, 0x1E,
    0x07, 0xC7, 0xC0, 0xF0, 0xF0, 0x3E, 0x3E, 0x0F, 0xC7, 0xC1, 0xF1, 0xF0, 0x7E, 0x7E, 0x0F, 0x8F,
    0xC3, 0xF3, 0xF1, 0xF8, 0xF8, 0x7C, 0x7E, 0x1F, 0x1F, 0x0F, 0x8F, 0x83, 0xE3, 0xE1, 0xF1, 0xF0,
    0x78, 0x78, 0x1C, 0x1E, 0x00, 0x00, 0x00, 0x00, 0x0E, 0x00, 0x7C, 0x00, 0x00, 0xF0, 0x0F, 0xE0,
    0x00, 0x0F, 0x81, 0xFF, 0x00, 0x00, 0x78, 0x0F, 0xF8, 0x00, 0x07, 0x80, 0x7F, 0xC0, 0x00, 0x7C,
    0x03, 0x7E, 0x00, 0x03, 0xC0, 0x03, 0xF0, 0x00, 0x3C, 0x00, 0x1F, 0x80, 0x03, 0xE0, 0x00, 0xFC,
    0x00, 0x1E, 0x00, 0x07, 0xE0, 0x01, 0xE0, 0x00, 0x3F, 0x00, 0x1F, 0x00, 0x01, 0xF8, 0x00, 0xF0,
    0x7C, 0x0F, 0xC0, 0x0F, 0x07, 0xE0, 0x7E, 0x00, 0xF8, 0x7F, 0x03, 0xF0, 0x07, 0x83, 0xF8, 0x1F,
    0x80, 0x78, 0x3F, 0xC7, 0xFF, 0x87, 0xC3, 0xFE, 0x3F, 0xFC, 0x3C, 0x3D, 0xF1, 0xFF, 0xE3, 0xC1,
    0xEF, 0x8F, 0xFF, 0x3E, 0x1E, 0x7C, 0x00, 0x01, 0xE1, 0xE3, 0xE0, 0x00, 0x1E, 0x1F, 0x1F, 0x00,
    0x01, 0xF0, 0xF0, 0xF8, 0x00, 0x0F, 0x0F, 0xFF, 0xF8, 0x00, 0xF0, 0x7F, 0xFF, 0xC0, 0x0F, 0x83,
    0xFF, 0xFE, 0x00, 0x78, 0x1F, 0xFF, 0xF0, 0x07, 0xC0, 0x00, 0x7C, 0x00, 0x7C, 0x00, 0x03, 0xE0,
    0x03, 0xC0, 0x00, 0x1F, 0x00, 0x3E, 0x00, 0x00, 0xF8, 0x00, 0xC0, 0x00, 0x00, 0x00, 0x00, 0x00,
    0x00, 0x1E, 0x00, 0x1F, 0x00, 0x00, 0x7C, 0x00, 0xFE, 0x00, 0x00, 0xF0, 0x07, 0xFC, 0x00, 0x03,
    0xE0, 0x0F, 0xF8, 0x00, 0x0F, 0x80, 0x1F, 0xF0, 0x00, 0x1E, 0x00, 0x37, 0xE0, 0x00, 0x7C, 0x00,
    0x0F, 0xC0, 0x01, 0xF0, 0x00, 0x1F, 0x80, 0x03, 0xC0, 0x00, 0x3F, 0x00, 0x0F, 0x80, 0x00, 0x7E,
    0x00, 0x3E, 0x00, 0x00, 0xFC, 0x00, 0x78, 0x00, 0x01, 0xF8, 0x01, 0xF0, 0xFC, 0x03, 0xF0, 0x07,
    0xC7, 0xFE, 0x07, 0xE0, 0x0F, 0x1F, 0xFE, 0x0F, 0xC0, 0x3E, 0x7F, 0xFE, 0x1F, 0x80, 0xF9, 0xF8,
    0xFD, 0xFF, 0xE1, 0xE3, 0xE0, 0xFB, 0xFF, 0xC7, 0xC1, 0x81, 0xF7, 0xFF, 0x9F, 0x00, 0x03, 0xEF,
    0xFF, 0x3C, 0x00, 0x0F, 0xC0, 0x00, 0xF8, 0x00, 0x3F, 0x00, 0x03, 0xE0, 0x00, 0xFE, 0x00, 0x07,
    0x80, 0x03, 0xF0, 0x00, 0x1F, 0x00, 0x0F, 0xC0, 0x00, 0x7C, 0x00, 0x3F, 0x00, 0x00, 0xF0, 0x00,
    0xFC, 0x00, 0x03, 0xE0, 0x03, 0xE0, 0x00, 0x0F, 0x80, 0x0F, 0xFF, 0xE0, 0x1E, 0x00, 0x3F, 0xFF,
    0xC0, 0x7C, 0x00, 0x7F, 0xFF, 0x80, 0xF0, 0x00, 0xFF, 0xFF, 0x00, 0xC0, 0x00, 0x00, 0x00, 0x03,
    0xE0, 0x00, 0x03, 0x80, 0x1F, 0xF8, 0x00, 0x07, 0xC0, 0x3F, 0xFC, 0x00, 0x07, 0x80, 0x7F, 0xFE,
    0x00, 0x0F, 0x00, 0x7C, 0x7F, 0x00, 0x1F, 0x00, 0x38, 0x3F, 0x00, 0x1E, 0x00, 0x00, 0x3F, 0x00,
    0x3C, 0x00, 0x00, 0x3E, 0x00, 0x7C, 0x00, 0x07, 0xFE, 0x00, 0x78, 0x00, 0x07, 0xFC, 0x00, 0xF0,
    0x00, 0x07, 0xFC, 0x01, 0xF0, 0x00, 0x07, 0xFE, 0x01, 0xE0, 0x00, 0x00, 0x7F, 0x03, 0xC0, 0xF8,
    0x00, 0x1F, 0x07, 0xC1, 0xF8, 0x00, 0x1F, 0x07, 0x83, 0xF8, 0x30, 0x1F, 0x0F, 0x07, 0xF8, 0xFC,
    0x3F, 0x1F, 0x07, 0xF8, 0xFF, 0xFF, 0x1E, 0x0F, 0xF8, 0x7F, 0xFE, 0x3E, 0x1E, 0xF8, 0x3F, 0xFC,
    0x7C, 0x3E, 0xF8, 0x07, 0xF0, 0x78, 0x3C, 0xF8, 0x00, 0x00, 0xF8, 0x78, 0xF8, 0x00, 0x01, 0xF0,
    0xF0, 0xF8, 0x00, 0x01, 0xE1, 0xF0, 0xF8, 0x00, 0x03, 0xE1, 0xFF, 0xFF, 0x00, 0x07, 0xC1, 0xFF,
    0xFF, 0x00, 0x07, 0x81, 0xFF, 0xFF, 0x00, 0x0F, 0x81, 0xFF, 0xFF, 0x00, 0x1F, 0x00, 0x01, 0xF8,
    0x00, 0x1E, 0x00, 0x01, 0xF8, 0x00, 0x3E, 0x00, 0x01, 0xF8, 0x00, 0x3C, 0x00, 0x00, 0xF8, 0x00,
    0x18, 0x00, 0x00, 0x00, 0x00, 0x00, 0x00, 0x0F, 0xF0, 0x00, 0x7F, 0x80, 0x03, 0xFC, 0x00, 0x1F,
    0xE0, 0x00, 0xFF, 0x00, 0x07, 0xF8, 0x00, 0x3F, 0xC0, 0x00, 0x00, 0x00, 0x00, 0x00, 0x00, 0x3E,
    0x00, 0x01, 0xF8, 0x00, 0x0F, 0xC0, 0x00, 0xFC, 0x00, 0x0F, 0xE0, 0x00, 0xFF, 0x00, 0x0F, 0xF0,
    0x00, 0xFF, 0x00, 0x1F, 0xF0, 0x00, 0xFF, 0x00, 0x0F, 0xF0, 0x00, 0x7F, 0x00, 0x03, 0xF8, 0x07,
    0xDF, 0xC0, 0x7F, 0xFF, 0x07, 0xFF, 0xFF, 0xFF, 0x9F, 0xFF, 0xFC, 0xFF, 0xFF, 0xC3, 0xFF, 0xFC,
    0x07, 0xFF, 0x80, 0x03, 0xE0, 0x00, 0x00, 0x20, 0x00, 0x00, 0x00, 0xF0, 0x00, 0x00, 0x07, 0xF0,
    0x00, 0x00, 0x1F, 0xF8, 0x00, 0x00, 0x7F, 0xF8, 0x00, 0x00, 0x7F, 0xE0, 0x00, 0x00, 0x3F, 0x80,
    0x00, 0x00, 0x0E, 0x00, 0x00, 0x00, 0x00, 0x00, 0x00, 0x00, 0x00, 0x00, 0x01, 0xFF, 0x00, 0x00,
    0x0F, 0xFC, 0x00, 0x00, 0x3F, 0xF0, 0x00, 0x00, 0xFF, 0xE0, 0x00, 0x07, 0xFF, 0x80, 0x00, 0x1F,
    0xFE, 0x00, 0x00, 0xFF, 0xFC, 0x00, 0x03, 0xFF, 0xF0, 0x00, 0x0F, 0xDF, 0xC0, 0x00, 0x7F, 0x7F,
    0x80, 0x01, 0xFD, 0xFE, 0x00, 0x07, 0xE3, 0xFC, 0x00, 0x3F, 0x8F, 0xF0, 0x00, 0xFE, 0x3F, 0xC0,
    0x03, 0xF0, 0x7F, 0x80, 0x1F, 0xC1, 0xFE, 0x00, 0x7E, 0x07, 0xF8, 0x03, 0xF8, 0x0F, 0xF0, 0x0F,
    0xFF, 0xFF, 0xC0, 0x3F, 0xFF, 0xFF, 0x01, 0xFF, 0xFF, 0xFE, 0x07, 0xFF, 0xFF, 0xF8, 0x1F, 0xFF,
    0xFF, 0xE0, 0xFF, 0xFF, 0xFF, 0xC3, 0xF8, 0x00, 0xFF, 0x0F, 0xE0, 0x03, 0xFE, 0x7F, 0x00, 0x07,
    0xF9, 0xFC, 0x00, 0x1F, 0xE7, 0xF0, 0x00, 0x7F, 0xFF, 0x80, 0x00, 0xFF, 0xFE, 0x00, 0x03, 0xFC,
    0x00, 0x00, 0x10, 0x00, 0x00, 0x03, 0xC0, 0x00, 0x00, 0x3F, 0x80, 0x00, 0x07, 0xFE, 0x00, 0x00,
    0x7F, 0xF8, 0x00, 0x01, 0xFF, 0x80, 0x00, 0x07, 0xF0, 0x00, 0x00, 0x1C, 0x00, 0x00, 0x00, 0x00,
    0x00, 0x00, 0x00, 0x00, 0x00, 0x00, 0x01, 0xFF, 0x00, 0x00, 0x0F, 0xFC, 0x00, 0x00, 0x3F, 0xF0,
    0x00, 0x00, 0xFF, 0xE0, 0x00, 0x07, 0xFF, 0x80, 0x00, 0x1F, 0xFE, 0x00, 0x00, 0xFF, 0xFC, 0x00,
    0x03, 0xFF, 0xF0, 0x00, 0x0F, 0xDF, 0xC0, 0x00, 0x7F, 0x7F, 0x80, 0x01, 0xFD, 0xFE, 0x00, 0x07,
    0xE3, 0xFC, 0x00, 0x3F, 0x8F, 0xF0, 0x00, 0xFE, 0x3F, 0xC0, 0x03, 0xF0, 0x7F, 0x80, 0x1F, 0xC1,
    0xFE, 0x00, 0x7E, 0x07, 0xF8, 0x03, 0xF8, 0x0F, 0xF0, 0x0F, 0xFF, 0xFF, 0xC0, 0x3F, 0xFF, 0xFF,
    0x01, 0xFF, 0xFF, 0xFE, 0x07, 0xFF, 0xFF, 0xF8, 0x1F, 0xFF, 0xFF, 0xE0, 0xFF, 0xFF, 0xFF, 0xC3,
    0xF8, 0x00, 0xFF, 0x0F, 0xE0, 0x03, 0xFE, 0x7F, 0x00, 0x07, 0xF9, 0xFC, 0x00, 0x1F, 0xE7, 0xF0,
    0x00, 0x7F, 0xFF, 0x80, 0x00, 0xFF, 0xFE, 0x00, 0x03, 0xFC, 0x00, 0x07, 0x80, 0x00, 0x00, 0x3F,
    0x00, 0x00, 0x01, 0xFE, 0x00, 0x00, 0x0F, 0xFC, 0x00, 0x00, 0x7D, 0xF8, 0x00, 0x03, 0xE3, 0xF0,
    0x00, 0x1F, 0x07, 0xE0, 0x00, 0x00, 0x00, 0x00, 0x00, 0x00, 0x00, 0x00, 0x00, 0x00, 0x00, 0x00,
    0x01, 0xFF, 0x00, 0x00, 0x0F, 0xFC, 0x00, 0x00, 0x3F, 0xF0, 0x00, 0x00, 0xFF, 0xE0, 0x00, 0x07,
    0xFF, 0x80, 0x00, 0x1F, 0xFE, 0x00, 0x00, 0xFF, 0xFC, 0x00, 0x03, 0xFF, 0xF0, 0x00, 0x0F, 0xDF,
    0xC0, 0x00, 0x7F, 0x7F, 0x80, 0x01, 0xFD, 0xFE, 0x00, 0x07, 0xE3, 0xFC, 0x00, 0x3F, 0x8F, 0xF0,
    0x00, 0xFE, 0x3F, 0xC0, 0x03, 0xF0, 0x7F, 0x80, 0x1F, 0xC1, 0xFE, 0x00, 0x7E, 0x07, 0xF8, 0x03,
    0xF8, 0x0F, 0xF0, 0x0F, 0xFF, 0xFF, 0xC0, 0x3F, 0xFF, 0xFF, 0x01, 0xFF, 0xFF, 0xFE, 0x07, 0xFF,
    0xFF, 0xF8, 0x1F, 0xFF, 0xFF, 0xE0, 0xFF, 0xFF, 0xFF, 0xC3, 0xF8, 0x00, 0xFF, 0x0F, 0xE0, 0x03,
    0xFE, 0x7F, 0x00, 0x07, 0xF9, 0xFC, 0x00, 0x1F, 0xE7, 0xF0, 0x00, 0x7F, 0xFF, 0x80, 0x00, 0xFF,
    0xFE, 0x00, 0x03, 0xFC, 0x00, 0x7F, 0x0C, 0x00, 0x03, 0xFF, 0xF0, 0x00, 0x1F, 0xFF, 0xE0, 0x00,
    0x3F, 0xFF, 0x80, 0x00, 0xC1, 0xF8, 0x00, 0x00, 0x00, 0x00, 0x00, 0x00, 0x00, 0x00, 0x00, 0x00,
    0x00, 0x00, 0x00, 0x00, 0x00, 0x00, 0x00, 0x7F, 0xC0, 0x00, 0x03, 0xFF, 0x00, 0x00, 0x0F, 0xFC,
    0x00, 0x00, 0x3F, 0xF8, 0x00, 0x01, 0xFF, 0xE0, 0x00, 0x07, 0xFF, 0x80, 0x00, 0x3F, 0xFF, 0x00,
    0x00, 0xFF, 0xFC, 0x00, 0x03, 0xF7, 0xF0, 0x00, 0x1F, 0xDF, 0xE0, 0x00, 0x7F, 0x7F, 0x80, 0x01,
    0xF8, 0xFF, 0x00, 0x0F, 0xE3, 0xFC, 0x00, 0x3F, 0x8F, 0xF0, 0x00, 0xFC, 0x1F, 0xE0, 0x07, 0xF0,
    0x7F, 0x80, 0x1F, 0x81, 0xFE, 0x00, 0xFE, 0x03, 0xFC, 0x03, 0xFF, 0xFF, 0xF0, 0x0F, 0xFF, 0xFF,
    0xC0, 0x7F, 0xFF, 0xFF, 0x81, 0xFF, 0xFF, 0xFE, 0x07, 0xFF, 0xFF, 0xF8, 0x3F, 0xFF, 0xFF, 0xF0,
    0xFE, 0x00, 0x3F, 0xC3, 0xF8, 0x00, 0xFF, 0x9F, 0xC0, 0x01, 0xFE, 0x7F, 0x00, 0x07, 0xF9, 0xFC,
    0x00, 0x1F, 0xFF, 0xE0, 0x00, 0x3F, 0xFF, 0x80, 0x00, 0xFF, 0x00, 0xFC, 0xFC, 0x00, 0x07, 0xF3,
    0xF0, 0x00, 0x1F, 0xCF, 0xC0, 0x00, 0x7F, 0x3F, 0x00, 0x01, 0xFC, 0xFC, 0x00, 0x03, 0xF3, 0xF0,
    0x00, 0x00, 0x00, 0x00, 0x00, 0x00, 0x00, 0x00, 0x00, 0x00, 0x00, 0x00, 0x00, 0x7F, 0xC0, 0x00,
    0x03, 0xFF, 0x00, 0x00, 0x0F, 0xFC, 0x00, 0x00, 0x3F, 0xF8, 0x00, 0x01, 0xFF, 0xE0, 0x00, 0x07,
    0xFF, 0x80, 0x00, 0x3F, 0xFF, 0x00, 0x00, 0xFF, 0xFC, 0x00, 0x03, 0xF7, 0xF0, 0x00, 0x1F, 0xDF,
    0xE0, 0x00, 0x7F, 0x7F, 0x80, 0x01, 0xF8, 0xFF, 0x00, 0x0F, 0xE3, 0xFC, 0x00, 0x3F, 0x8F, 0xF0,
    0x00, 0xFC, 0x1F, 0xE0, 0x07, 0xF0, 0x7F, 0x80, 0x1F, 0x81, 0xFE, 0x00, 0xFE, 0x03, 0xFC, 0x03,
    0xFF, 0xFF, 0xF0, 0x0F, 0xFF, 0xFF, 0xC0, 0x7F, 0xFF, 0xFF, 0x81, 0xFF, 0xFF, 0xFE, 0x07, 0xFF,
    0xFF, 0xF8, 0x3F, 0xFF, 0xFF, 0xF0, 0xFE, 0x00, 0x3F, 0xC3, 0xF8, 0x00, 0xFF, 0x9F, 0xC0, 0x01,
    0xFE, 0x7F, 0x00, 0x07, 0xF9, 0xFC, 0x00, 0x1F, 0xFF, 0xE0, 0x00, 0x3F, 0xFF, 0x80, 0x00, 0xFF,
    0x00, 0x00, 0x00, 0x00, 0x00, 0x3F, 0x00, 0x00, 0x01, 0xFE, 0x00, 0x00, 0x0F, 0xFC, 0x00, 0x00,
    0x38, 0xF0, 0x00, 0x00, 0xE1, 0xC0, 0x00, 0x03, 0x8F, 0x00, 0x00, 0x0F, 0xFC, 0x00, 0x00, 0x1F,
    0xE0, 0x00, 0x00, 0x3F, 0x00, 0x00, 0x00, 0x00, 0x00, 0x00, 0x00, 0x00, 0x00, 0x00, 0x1F, 0xF0,
    0x00, 0x00, 0xFF, 0xC0, 0x00, 0x03, 0xFF, 0x00, 0x00, 0x0F, 0xFE, 0x00, 0x00, 0x7F, 0xF8, 0x00,
    0x01, 0xFF, 0xE0, 0x00, 0x0F, 0xFF, 0xC0, 0x00, 0x3F, 0xFF, 0x00, 0x00, 0xFD, 0xFC, 0x00, 0x07,
    0xF7, 0xF8, 0x00, 0x1F, 0xDF, 0xE0, 0x00, 0x7E, 0x3F, 0xC0, 0x03, 0xF8, 0xFF, 0x00, 0x0F, 0xE3,
    0xFC, 0x00, 0x3F, 0x07, 0xF8, 0x01, 0xFC, 0x1F, 0xE0, 0x07, 0xE0, 0x7F, 0x80, 0x3F, 0x80, 0xFF,
    0x00, 0xFF, 0xFF, 0xFC, 0x03, 0xFF, 0xFF, 0xF0, 0x1F, 0xFF, 0xFF, 0xE0, 0x7F, 0xFF, 0xFF, 0x81,
    0xFF, 0xFF, 0xFE, 0x0F, 0xFF, 0xFF, 0xFC, 0x3F, 0x80, 0x0F, 0xF0, 0xFE, 0x00, 0x3F, 0xE7, 0xF0,
    0x00, 0x7F, 0x9F, 0xC0, 0x01, 0xFE, 0x7F, 0x00, 0x07, 0xFF, 0xF8, 0x00, 0x0F, 0xFF, 0xE0, 0x00,
    0x3F, 0xC0, 0x00, 0x00, 0xFF, 0xFF, 0xFF, 0xC0, 0x00, 0x3F, 0xFF, 0xFF, 0xF8, 0x00, 0x07, 0xFF,
    0xFF, 0xFF, 0x00, 0x01, 0xFF, 0xFF, 0xFF, 0xE0, 0x00, 0x3F, 0xFF, 0xFF, 0xFC, 0x00, 0x0F, 0xFF,
    0xFF, 0xFF, 0x80, 0x01, 0xFF, 0xFC, 0x00, 0x00, 0x00, 0x7F, 0x7F, 0x80, 0x00, 0x00, 0x0F, 0xCF,
    0xF0, 0x00, 0x00, 0x03, 0xF9, 0xFE, 0x00, 0x00, 0x00, 0xFE, 0x3F, 0xC0, 0x00, 0x00, 0x1F, 0xC7,
    0xF8, 0x00, 0x00, 0x07, 0xF0, 0xFF, 0xFF, 0x80, 0x00, 0xFE, 0x1F, 0xFF, 0xF8, 0x00, 0x3F, 0x83,
    0xFF, 0xFF, 0x00, 0x07, 0xE0, 0x7F, 0xFF, 0xE0, 0x01, 0xFC, 0x0F, 0xFF, 0xFC, 0x00, 0x3F, 0x01,
    0xFF, 0xFF, 0x80, 0x0F, 0xFF, 0xFF, 0xC0, 0x00, 0x01, 0xFF, 0xFF, 0xF8, 0x00, 0x00, 0x7F, 0xFF,
    0xFF, 0x00, 0x00, 0x0F, 0xFF, 0xFF, 0xE0, 0x00, 0x03, 0xFF, 0xFF, 0xFC, 0x00, 0x00, 0x7F, 0xFF,
    0xFF, 0x80, 0x00, 0x1F, 0xC0, 0x0F, 0xF0, 0x00, 0x07, 0xF8, 0x01, 0xFF, 0xFF, 0xF8, 0xFE, 0x00,
    0x3F, 0xFF, 0xFF, 0xBF, 0xC0, 0x07, 0xFF, 0xFF, 0xF7, 0xF0, 0x00, 0xFF, 0xFF, 0xFF, 0xFE, 0x00,
    0x1F, 0xFF, 0xFF, 0xFF, 0x80, 0x03, 0xFF, 0xFF, 0xF8, 0x00, 0x0F, 0x80, 0x00, 0x07, 0xFF, 0x80,
    0x01, 0xFF, 0xFE, 0x00, 0x3F, 0xFF, 0xF0, 0x0F, 0xFF, 0xFF, 0x80, 0xFF, 0xFF, 0xFC, 0x1F, 0xF8,
    0x7F, 0xE3, 0xFE, 0x01, 0xFE, 0x3F, 0xE0, 0x1F, 0xE3, 0xFC, 0x00, 0xFF, 0x7F, 0xC0, 0x0F, 0xF7,
    0xF8, 0x00, 0x70, 0x7F, 0x80, 0x00, 0x07, 0xF8, 0x00, 0x00, 0x7F, 0x80, 0x00, 0x0F, 0xF8, 0x00,
    0x00, 0xFF, 0x80, 0x00, 0x0F, 0xF8, 0x00, 0x00, 0x7F, 0x80, 0x00, 0x07, 0xF8, 0x00, 0x00, 0x7F,
    0x80, 0x00, 0x07, 0xF8, 0x00, 0x38, 0x7F, 0xC0, 0x03, 0xF3, 0xFC, 0x00, 0x7F, 0x3F, 0xE0, 0x0F,
    0xF1, 0xFF, 0x01, 0xFE, 0x1F, 0xFC, 0x7F, 0xE0, 0xFF, 0xFF, 0xFC, 0x07, 0xFF, 0xFF, 0x80, 0x3F,
    0xFF, 0xF0, 0x01, 0xFF, 0xFE, 0x00, 0x07, 0xFF, 0x80, 0x00, 0x0F, 0xC0, 0x00, 0x00, 0x70, 0x00,
    0x00, 0x0F, 0xC0, 0x00, 0x00, 0xFF, 0x00, 0x00, 0x01, 0xF0, 0x00, 0x00, 0x0F, 0x00, 0x00, 0x3F,
    0xF0, 0x00, 0x03, 0xFF, 0x00, 0x00, 0x3F, 0xE0, 0x00, 0x00, 0x00, 0x00, 0x01, 0x00, 0x00, 0x01,
    0xE0, 0x00, 0x03, 0xF8, 0x00, 0x03, 0xFF, 0x00, 0x03, 0xFF, 0xC0, 0x00, 0xFF, 0xC0, 0x00, 0x0F,
    0xC0, 0x00, 0x01, 0xC0, 0x00, 0x00, 0x00, 0x00, 0x00, 0x00, 0x7F, 0xFF, 0xFF, 0x7F, 0xFF, 0xFF,
    0x7F, 0xFF, 0xFF, 0x7F, 0xFF, 0xFF, 0x7F, 0xFF, 0xFF, 0x7F, 0xFF, 0xFE, 0x7F, 0x80, 0x00, 0x7F,
    0x80, 0x00, 0x7F, 0x80, 0x00, 0x7F, 0x80, 0x00, 0x7F, 0x80, 0x00, 0x7F, 0x80, 0x00, 0x7F, 0xFF,
    0xC0, 0x7F, 0xFF, 0xE0, 0x7F, 0xFF, 0xE0, 0x7F, 0xFF, 0xE0, 0x7F, 0xFF, 0xE0, 0x7F, 0xFF, 0xE0,
    0x7F, 0x80, 0x00, 0x7F, 0x80, 0x00, 0x7F, 0x80, 0x00, 0x7F, 0x80, 0x00, 0x7F, 0x80, 0x00, 0x7F,
    0x80, 0x00, 0x7F, 0x80, 0x00, 0x7F, 0xFF, 0xFF, 0x7F, 0xFF, 0xFF, 0x7F, 0xFF, 0xFF, 0x7F, 0xFF,
    0xFF, 0x7F, 0xFF, 0xFF, 0x7F, 0xFF, 0xFF, 0x00, 0x00, 0x80, 0x00, 0x03, 0xC0, 0x00, 0x1F, 0xC0,
    0x00, 0x7F, 0xC0, 0x03, 0xFF, 0xC0, 0x03, 0xFF, 0x80, 0x03, 0xF8, 0x00, 0x01, 0x80, 0x00, 0x00,
    0x00, 0x00, 0x00, 0x00, 0x00, 0x7F, 0xFF, 0xFF, 0x7F, 0xFF, 0xFF, 0x7F, 0xFF, 0xFF, 0x7F, 0xFF,
    0xFF, 0x7F, 0xFF, 0xFF, 0x7F, 0xFF, 0xFE, 0x7F, 0x80, 0x00, 0x7F, 0x80, 0x00, 0x7F, 0x80, 0x00,
    0x7F, 0x80, 0x00, 0x7F, 0x80, 0x00, 0x7F, 0x80, 0x00, 0x7F, 0xFF, 0xC0, 0x7F, 0xFF, 0xE0, 0x7F,
    0xFF, 0xE0, 0x7F, 0xFF, 0xE0, 0x7F, 0xFF, 0xE0, 0x7F, 0xFF, 0xE0, 0x7F, 0x80, 0x00, 0x7F, 0x80,
    0x00, 0x7F, 0x80, 0x00, 0x7F, 0x80, 0x00, 0x7F, 0x80, 0x00, 0x7F, 0x80, 0x00, 0x7F, 0x80, 0x00,
    0x7F, 0xFF, 0xFF, 0x7F, 0xFF, 0xFF, 0x7F, 0xFF, 0xFF, 0x7F, 0xFF, 0xFF, 0x7F, 0xFF, 0xFF, 0x7F,
    0xFF, 0xFF, 0x00, 0x3C, 0x00, 0x00, 0x7F, 0x00, 0x00, 0xFF, 0x00, 0x01, 0xFF, 0x80, 0x03, 0xF7,
    0xC0, 0x07, 0xE7, 0xE0, 0x0F, 0xC3, 0xF0, 0x00, 0x00, 0x00, 0x00, 0x00, 0x00, 0x00, 0x00, 0x00,
    0x7F, 0xFF, 0xFF, 0x7F, 0xFF, 0xFF, 0x7F, 0xFF, 0xFF, 0x7F, 0xFF, 0xFF, 0x7F, 0xFF, 0xFF, 0x7F,
    0xFF, 0xFE, 0x7F, 0x80, 0x00, 0x7F, 0x80, 0x00, 0x7F, 0x80, 0x00, 0x7F, 0x80, 0x00, 0x7F, 0x80,
    0x00, 0x7F, 0x80, 0x00, 0x7F, 0xFF, 0xC0, 0x7F, 0xFF, 0xE0, 0x7F, 0xFF, 0xE0, 0x7F, 0xFF, 0xE0,
    0x7F, 0xFF, 0xE0, 0x7F, 0xFF, 0xE0, 0x7F, 0x80, 0x00, 0x7F, 0x80, 0x00, 0x7F, 0x80, 0x00, 0x7F,
    0x80, 0x00, 0x7F, 0x80, 0x00, 0x7F, 0x80, 0x00, 0x7F, 0x80, 0x00, 0x7F, 0xFF, 0xFF, 0x7F, 0xFF,
    0xFF, 0x7F, 0xFF, 0xFF, 0x7F, 0xFF, 0xFF, 0x7F, 0xFF, 0xFF, 0x7F, 0xFF, 0xFF, 0x07, 0xE7, 0xE0,
    0x07, 0xE7, 0xF0, 0x07, 0xE7, 0xF0, 0x07, 0xE7, 0xF0, 0x07, 0xE7, 0xF0, 0x07, 0xE7, 0xE0, 0x00,
    0x00, 0x00, 0x00, 0x00, 0x00, 0x00, 0x00, 0x00, 0x7F, 0xFF, 0xFF, 0x7F, 0xFF, 0xFF, 0x7F, 0xFF,
    0xFF, 0x7F, 0xFF, 0xFF, 0x7F, 0xFF, 0xFF, 0x7F, 0xFF, 0xFE, 0x7F, 0x80, 0x00, 0x7F, 0x80, 0x00,
    0x7F, 0x80, 0x00, 0x7F, 0x80, 0x00, 0x7F, 0x80, 0x00, 0x7F, 0x80, 0x00, 0x7F, 0xFF, 0xC0, 0x7F,
    0xFF, 0xE0, 0x7F, 0xFF, 0xE0, 0x7F, 0xFF, 0xE0, 0x7F, 0xFF, 0xE0, 0x7F, 0xFF, 0xE0, 0x7F, 0x80,
    0x00, 0x7F, 0x80, 0x00, 0x7F, 0x80, 0x00, 0x7F, 0x80, 0x00, 0x7F, 0x80, 0x00, 0x7F, 0x80, 0x00,
    0x7F, 0x80, 0x00, 0x7F, 0xFF, 0xFF, 0x7F, 0xFF, 0xFF, 0x7F, 0xFF, 0xFF, 0x7F, 0xFF, 0xFF, 0x7F,
    0xFF, 0xFF, 0x7F, 0xFF, 0xFF, 0x20, 0x03, 0xC0, 0x1F, 0xC0, 0xFF, 0x8F, 0xFF, 0x9F, 0xFC, 0x0F,
    0xE0, 0x06, 0x00, 0x00, 0x00, 0x07, 0xF0, 0x3F, 0xC1, 0xFE, 0x0F, 0xF0, 0x7F, 0x83, 0xFC, 0x1F,
    0xE0, 0xFF, 0x07, 0xF8, 0x3F, 0xC1, 0xFE, 0x0F, 0xF0, 0x7F, 0x83, 0xFC, 0x1F, 0xE0, 0xFF, 0x07,
    0xF8, 0x3F, 0xC1, 0xFE, 0x0F, 0xF0, 0x7F, 0x83, 0xFC, 0x1F, 0xE0, 0xFF, 0x07, 0xF8, 0x3F, 0xC1,
    0xFE, 0x0F, 0xF0, 0x7F, 0x83, 0xFC, 0x1F, 0xC0, 0x00, 0x10, 0x07, 0x80, 0xFC, 0x3F, 0xF7, 0xFF,
    0xFF, 0xF1, 0xF8, 0x0E, 0x00, 0x00, 0x00, 0x00, 0x07, 0xF0, 0x3F, 0xC1, 0xFE, 0x0F, 0xF0, 0x7F,
    0x83, 0xFC, 0x1F, 0xE0, 0xFF, 0x07, 0xF8, 0x3F, 0xC1, 0xFE, 0x0F, 0xF0, 0x7F, 0x83, 0xFC, 0x1F,
    0xE0, 0xFF, 0x07, 0xF8, 0x3F, 0xC1, 0xFE, 0x0F, 0xF0, 0x7F, 0x83, 0xFC, 0x1F, 0xE0, 0xFF, 0x07,
    0xF8, 0x3F, 0xC1, 0xFE, 0x0F, 0xF0, 0x7F, 0x83, 0xFC, 0x1F, 0xC0, 0x03, 0xC0, 0x0F, 0xE0, 0x1F,
    0xF0, 0x3F, 0xF8, 0x7E, 0xFC, 0xFC, 0x7E, 0xF8, 0x3E, 0x00, 0x00, 0x00, 0x00, 0x00, 0x00, 0x0F,
    0xE0, 0x0F, 0xF0, 0x0F, 0xF0, 0x0F, 0xF0, 0x0F, 0xF0, 0x0F, 0xF0, 0x0F, 0xF0, 0x0F, 0xF0, 0x0F,
    0xF0, 0x0F, 0xF0, 0x0F, 0xF0, 0x0F, 0xF0, 0x0F, 0xF0, 0x0F, 0xF0, 0x0F, 0xF0, 0x0F, 0xF0, 0x0F,
    0xF0, 0x0F, 0xF0, 0x0F, 0xF0, 0x0F, 0xF0, 0x0F, 0xF0, 0x0F, 0xF0, 0x0F, 0xF0, 0x0F, 0xF0, 0x0F,
    0xF0, 0x0F, 0xF0, 0x0F, 0xF0, 0x0F, 0xF0, 0x0F, 0xF0, 0x0F, 0xF0, 0x0F, 0xE0, 0xFC, 0x7F, 0xFC,
    0xFF, 0xF9, 0xFF, 0xF3, 0xFF, 0xE7, 0xFF, 0x8F, 0xC0, 0x00, 0x00, 0x00, 0x00, 0x00, 0x1F, 0xC0,
    0x3F, 0xC0, 0x7F, 0x80, 0xFF, 0x01, 0xFE, 0x03, 0xFC, 0x07, 0xF8, 0x0F, 0xF0, 0x1F, 0xE0, 0x3F,
    0xC0, 0x7F, 0x80, 0xFF, 0x01, 0xFE, 0x03, 0xFC, 0x07, 0xF8, 0x0F, 0xF0, 0x1F, 0xE0, 0x3F, 0xC0,
    0x7F, 0x80, 0xFF, 0x01, 0xFE, 0x03, 0xFC, 0x07, 0xF8, 0x0F, 0xF0, 0x1F, 0xE0, 0x3F, 0xC0, 0x7F,
    0x80, 0xFF, 0x01, 0xFE, 0x03, 0xFC, 0x07, 0xF0, 0x3F, 0xFF, 0xE0, 0x00, 0xFF, 0xFF, 0xE0, 0x03,
    0xFF, 0xFF, 0xE0, 0x0F, 0xFF, 0xFF, 0xE0, 0x3F, 0xFF, 0xFF, 0xC0, 0xFF, 0xFF, 0xFF, 0x83, 0xFC,
    0x07, 0xFE, 0x0F, 0xF0, 0x0F, 0xFC, 0x3F, 0xC0, 0x1F, 0xF0, 0xFF, 0x00, 0x3F, 0xE3, 0xFC, 0x00,
    0xFF, 0x8F, 0xF0, 0x01, 0xFE, 0x3F, 0xC0, 0x07, 0xFB, 0xFF, 0xFC, 0x1F, 0xEF, 0xFF, 0xF0, 0x7F,
    0xBF, 0xFF, 0xC1, 0xFE, 0xFF, 0xFF, 0x07, 0xFB, 0xFF, 0xFC, 0x1F, 0xE3, 0xFC, 0x00, 0x7F, 0x8F,
    0xF0, 0x01, 0xFE, 0x3F, 0xC0, 0x0F, 0xF8, 0xFF, 0x00, 0x3F, 0xE3, 0xFC, 0x01, 0xFF, 0x0F, 0xF0,
    0x0F, 0xFC, 0x3F, 0xC0, 0x7F, 0xE0, 0xFF, 0xFF, 0xFF, 0x83, 0xFF, 0xFF, 0xFC, 0x0F, 0xFF, 0xFF,
    0xE0, 0x3F, 0xFF, 0xFE, 0x00, 0xFF, 0xFF, 0xF0, 0x03, 0xFF, 0xFE, 0x00, 0x00, 0x00, 0xFE, 0x18,
    0x00, 0x3F, 0xFF, 0x80, 0x07, 0xFF, 0xF0, 0x00, 0xFF, 0xFE, 0x00, 0x18, 0x3F, 0x00, 0x00, 0x00,
    0x00, 0x00, 0x00, 0x00, 0x00, 0x00, 0x00, 0x00, 0x00, 0x00, 0x00, 0x0F, 0xE0, 0x00, 0xFD, 0xFE,
    0x00, 0x3F, 0xBF, 0xE0, 0x07, 0xF7, 0xFC, 0x00, 0xFE, 0xFF, 0xC0, 0x1F, 0xDF, 0xFC, 0x03, 0xFB,
    0xFF, 0x80, 0x7F, 0x7F, 0xF8, 0x0F, 0xEF, 0xFF, 0x81, 0xFD, 0xFF, 0xF8, 0x3F, 0xBF, 0xFF, 0x07,
    0xF7, 0xFF, 0xF0, 0xFE, 0xFF, 0xFF, 0x1F, 0xDF, 0xBF, 0xE3, 0xFB, 0xF3, 0xFE, 0x7F, 0x7E, 0x3F,
    0xEF, 0xEF, 0xC7, 0xFD, 0xFD, 0xF8, 0x7F, 0xFF, 0xBF, 0x07, 0xFF, 0xF7, 0xE0, 0xFF, 0xFE, 0xFC,
    0x0F, 0xFF, 0xDF, 0x80, 0xFF, 0xFB, 0xF0, 0x0F, 0xFF, 0x7E, 0x01, 0xFF, 0xEF, 0xC0, 0x1F, 0xFD,
    0xF8, 0x01, 0xFF, 0xBF, 0x00, 0x3F, 0xF7, 0xE0, 0x03, 0xFE, 0xFC, 0x00, 0x3F, 0xDF, 0x80, 0x03,
    0xFB, 0xF0, 0x00, 0x7F, 0x00, 0x20, 0x00, 0x00, 0x00, 0xF0, 0x00, 0x00, 0x07, 0xF0, 0x00, 0x00,
    0x1F, 0xF8, 0x00, 0x00, 0x7F, 0xF8, 0x00, 0x00, 0x7F, 0xE0, 0x00, 0x00, 0x1F, 0x80, 0x00, 0x00,
    0x0E, 0x00, 0x00, 0x00, 0x00, 0x00, 0x00, 0x3F, 0x00, 0x00, 0x07, 0xFF, 0x80, 0x00, 0x7F, 0xFF,
    0x80, 0x03, 0xFF, 0xFF, 0x80, 0x1F, 0xFF, 0xFF, 0x00, 0xFF, 0xFF, 0xFC, 0x07, 0xFE, 0x1F, 0xF8,
    0x1F, 0xE0, 0x1F, 0xF0, 0xFF, 0x00, 0x3F, 0xC3, 0xFC, 0x00, 0xFF, 0x9F, 0xF0, 0x01, 0xFE, 0x7F,
    0x80, 0x07, 0xF9, 0xFE, 0x00, 0x1F, 0xE7, 0xF8, 0x00, 0x7F, 0xDF, 0xE0, 0x01, 0xFF, 0x7F, 0x80,
    0x07, 0xFD, 0xFE, 0x00, 0x1F, 0xF7, 0xF8, 0x00, 0x7F, 0xDF, 0xE0, 0x01, 0xFF, 0x7F, 0x80, 0x07,
    0xFD, 0xFE, 0x00, 0x1F, 0xE7, 0xF8, 0x00, 0x7F, 0x9F, 0xF0, 0x01, 0xFE, 0x3F, 0xC0, 0x0F, 0xF8,
    0xFF, 0x00, 0x3F, 0xC3, 0xFE, 0x01, 0xFF, 0x07, 0xFE, 0x0F, 0xF8, 0x0F, 0xFF, 0xFF, 0xE0, 0x3F,
    0xFF, 0xFF, 0x00, 0x3F, 0xFF, 0xF8, 0x00, 0x7F, 0xFF, 0x80, 0x00, 0x7F, 0xFC, 0x00, 0x00, 0x3F,
    0x00, 0x00, 0x00, 0x00, 0x10, 0x00, 0x00, 0x01, 0xE0, 0x00, 0x00, 0x3F, 0x80, 0x00, 0x03, 0xFE,
    0x00, 0x00, 0x7F, 0xF8, 0x00, 0x01, 0xFF, 0xC0, 0x00, 0x07, 0xF0, 0x00, 0x00, 0x0C, 0x00, 0x00,
    0x00, 0x00, 0x00, 0x00, 0x00, 0x3F, 0x00, 0x00, 0x07, 0xFF, 0x80, 0x00, 0x7F, 0xFF, 0x80, 0x03,
    0xFF, 0xFF, 0x80, 0x1F, 0xFF, 0xFF, 0x00, 0xFF, 0xFF, 0xFC, 0x07, 0xFE, 0x1F, 0xF8, 0x1F, 0xE0,
    0x1F, 0xF0, 0xFF, 0x00, 0x3F, 0xC3, 0xFC, 0x00, 0xFF, 0x9F, 0xF0, 0x01, 0xFE, 0x7F, 0x80, 0x07,
    0xF9, 0xFE, 0x00, 0x1F, 0xE7, 0xF8, 0x00, 0x7F, 0xDF, 0xE0, 0x01, 0xFF, 0x7F, 0x80, 0x07, 0xFD,
    0xFE, 0x00, 0x1F, 0xF7, 0xF8, 0x00, 0x7F, 0xDF, 0xE0, 0x01, 0xFF, 0x7F, 0x80, 0x07, 0xFD, 0xFE,
    0x00, 0x1F, 0xE7, 0xF8, 0x00, 0x7F, 0x9F, 0xF0, 0x01, 0xFE, 0x3F, 0xC0, 0x0F, 0xF8, 0xFF, 0x00,
    0x3F, 0xC3, 0xFE, 0x01, 0xFF, 0x07, 0xFE, 0x0F, 0xF8, 0x0F, 0xFF, 0xFF, 0xE0, 0x3F, 0xFF, 0xFF,
    0x00, 0x3F, 0xFF, 0xF8, 0x00, 0x7F, 0xFF, 0x80, 0x00, 0x7F, 0xFC, 0x00, 0x00, 0x3F, 0x00, 0x00,
    0x00, 0x07, 0x80, 0x00, 0x00, 0x3F, 0x80, 0x00, 0x01, 0xFF, 0x00, 0x00, 0x0F, 0xFC, 0x00, 0x00,
    0x7E, 0xF8, 0x00, 0x03, 0xF3, 0xF0, 0x00, 0x1F, 0x87, 0xE0, 0x00, 0x00, 0x00, 0x00, 0x00, 0x00,
    0x00, 0x00, 0x00, 0x3F, 0x00, 0x00, 0x07, 0xFF, 0x80, 0x00, 0x7F, 0xFF, 0x80, 0x03, 0xFF, 0xFF,
    0x80, 0x1F, 0xFF, 0xFF, 0x00, 0xFF, 0xFF, 0xFC, 0x07, 0xFE, 0x1F, 0xF8, 0x1F, 0xE0, 0x1F, 0xF0,
    0xFF, 0x00, 0x3F, 0xC3, 0xFC, 0x00, 0xFF, 0x9F, 0xF0, 0x01, 0xFE, 0x7F, 0x80, 0x07, 0xF9, 0xFE,
    0x00, 0x1F, 0xE7, 0xF8, 0x00, 0x7F, 0xDF, 0xE0, 0x01, 0xFF, 0x7F, 0x80, 0x07, 0xFD, 0xFE, 0x00,
    0x1F, 0xF7, 0xF8, 0x00, 0x7F, 0xDF, 0xE0, 0x01, 0xFF, 0x7F, 0x80, 0x07, 0xFD, 0xFE, 0x00, 0x1F,
    0xE7, 0xF8, 0x00, 0x7F, 0x9F, 0xF0, 0x01, 0xFE, 0x3F, 0xC0, 0x0F, 0xF8, 0xFF, 0x00, 0x3F, 0xC3,
    0xFE, 0x01, 0xFF, 0x07, 0xFE, 0x0F, 0xF8, 0x0F, 0xFF, 0xFF, 0xE0, 0x3F, 0xFF, 0xFF, 0x00, 0x3F,
    0xFF, 0xF8, 0x00, 0x7F, 0xFF, 0x80, 0x00, 0x7F, 0xFC, 0x00, 0x00, 0x3F, 0x00, 0x00, 0x00, 0x7F,
    0x0C, 0x00, 0x03, 0xFF, 0xF8, 0x00, 0x0F, 0xFF, 0xE0, 0x00, 0x3F, 0xFF, 0x80, 0x00, 0xC1, 0xF8,
    0x00, 0x00, 0x00, 0x00, 0x00, 0x00, 0x00, 0x00, 0x00, 0x00, 0x00, 0x00, 0x00, 0x0F, 0xC0, 0x00,
    0x01, 0xFF, 0xE0, 0x00, 0x1F, 0xFF, 0xE0, 0x00, 0xFF, 0xFF, 0xE0, 0x07, 0xFF, 0xFF, 0xC0, 0x3F,
    0xFF, 0xFF, 0x01, 0xFF, 0x87, 0xFE, 0x07, 0xF8, 0x07, 0xFC, 0x3F, 0xC0, 0x0F, 0xF0, 0xFF, 0x00,
    0x3F, 0xE7, 0xFC, 0x00, 0x7F, 0x9F, 0xE0, 0x01, 0xFE, 0x7F, 0x80, 0x07, 0xF9, 0xFE, 0x00, 0x1F,
    0xF7, 0xF8, 0x00, 0x7F, 0xDF, 0xE0, 0x01, 0xFF, 0x7F, 0x80, 0x07, 0xFD, 0xFE, 0x00, 0x1F, 0xF7,
    0xF8, 0x00, 0x7F, 0xDF, 0xE0, 0x01, 0xFF, 0x7F, 0x80, 0x07, 0xF9, 0xFE, 0x00, 0x1F, 0xE7, 0xFC,
    0x00, 0x7F, 0x8F, 0xF0, 0x03, 0xFE, 0x3F, 0xC0, 0x0F, 0xF0, 0xFF, 0x80, 0x7F, 0xC1, 0xFF, 0x83,
    0xFE, 0x03, 0xFF, 0xFF, 0xF8, 0x0F, 0xFF, 0xFF, 0xC0, 0x0F, 0xFF, 0xFE, 0x00, 0x1F, 0xFF, 0xE0,
    0x00, 0x1F, 0xFF, 0x00, 0x00, 0x0F, 0xC0, 0x00, 0x00, 0xFC, 0xFC, 0x00, 0x03, 0xF3, 0xF8, 0x00,
    0x0F, 0xCF, 0xE0, 0x00, 0x3F, 0x3F, 0x80, 0x00, 0xFC, 0xFE, 0x00, 0x03, 0xF3, 0xF0, 0x00, 0x00,
    0x00, 0x00, 0x00, 0x00, 0x00, 0x00, 0x00, 0x0F, 0xC0, 0x00, 0x01, 0xFF, 0xE0, 0x00, 0x1F, 0xFF,
    0xE0, 0x00, 0xFF, 0xFF, 0xE0, 0x07, 0xFF, 0xFF, 0xC0, 0x3F, 0xFF, 0xFF, 0x01, 0xFF, 0x87, 0xFE,
    0x07, 0xF8, 0x07, 0xFC, 0x3F, 0xC0, 0x0F, 0xF0, 0xFF, 0x00, 0x3F, 0xE7, 0xFC, 0x00, 0x7F, 0x9F,
    0xE0, 0x01, 0xFE, 0x7F, 0x80, 0x07, 0xF9, 0xFE, 0x00, 0x1F, 0xF7, 0xF8, 0x00, 0x7F, 0xDF, 0xE0,
    0x01, 0xFF, 0x7F, 0x80, 0x07, 0xFD, 0xFE, 0x00, 0x1F, 0xF7, 0xF8, 0x00, 0x7F, 0xDF, 0xE0, 0x01,
    0xFF, 0x7F, 0x80, 0x07, 0xF9, 0xFE, 0x00, 0x1F, 0xE7, 0xFC, 0x00, 0x7F, 0x8F, 0xF0, 0x03, 0xFE,
    0x3F, 0xC0, 0x0F, 0xF0, 0xFF, 0x80, 0x7F, 0xC1, 0xFF, 0x83, 0xFE, 0x03, 0xFF, 0xFF, 0xF8, 0x0F,
    0xFF, 0xFF, 0xC0, 0x0F, 0xFF, 0xFE, 0x00, 0x1F, 0xFF, 0xE0, 0x00, 0x1F, 0xFF, 0x00, 0x00, 0x0F,
    0xC0, 0x00, 0x00, 0x00, 0x03, 0x80, 0x1C, 0x7C, 0x03, 0xEF, 0xE0, 0x7F, 0xFF, 0x0F, 0xF7, 0xF9,
    0xFE, 0x3F, 0xFF, 0xC1, 0xFF, 0xF8, 0x0F, 0xFF, 0x00, 0x7F, 0xE0, 0x03, 0xFC, 0x00, 0x7F, 0xE0,
    0x0F, 0xFF, 0x01, 0xFF, 0xF8, 0x3F, 0xFF, 0xC7, 0xF9, 0xFE, 0xFF, 0x0F, 0xFF, 0xE0, 0x7F, 0x7C,
    0x03, 0xE3, 0x80, 0x1C, 0x00, 0x00, 0x00, 0x00, 0x07, 0xE0, 0x00, 0x00, 0x3F, 0xFC, 0x1C, 0x00,
    0xFF, 0xFF, 0x3E, 0x01, 0xFF, 0xFF, 0xFF, 0x07, 0xFF, 0xFF, 0xFE, 0x07, 0xFF, 0xFF, 0xFC, 0x0F,
    0xFC, 0x3F, 0xF8, 0x1F, 0xF0, 0x0F, 0xF8, 0x1F, 0xE0, 0x0F, 0xF8, 0x3F, 0xE0, 0x0F, 0xF8, 0x3F,
    0xC0, 0x1F, 0xFC, 0x3F, 0xC0, 0x3F, 0xFC, 0x3F, 0xC0, 0x7F, 0xFC, 0x7F, 0xC0, 0xFF, 0xFC, 0x7F,
    0xC1, 0xFB, 0xFC, 0x7F, 0xC3, 0xF3, 0xFE, 0x7F, 0xC7, 0xE3, 0xFE, 0x7F, 0xCF, 0xC3, 0xFE, 0x7F,
    0xDF, 0x83, 0xFC, 0x7F, 0xFF, 0x03, 0xFC, 0x3F, 0xFE, 0x03, 0xFC, 0x3F, 0xFE, 0x03, 0xFC, 0x3F,
    0xFC, 0x03, 0xFC, 0x3F, 0xF8, 0x07, 0xF8, 0x1F, 0xF0, 0x07, 0xF8, 0x1F, 0xF0, 0x0F, 0xF8, 0x1F,
    0xFC, 0x3F, 0xF0, 0x3F, 0xFF, 0xFF, 0xE0, 0x7F, 0xFF, 0xFF, 0xE0, 0xFF, 0xFF, 0xFF, 0x80, 0x7C,
    0xFF, 0xFF, 0x00, 0x38, 0x3F, 0xFC, 0x00, 0x00, 0x07, 0xE0, 0x00, 0x00, 0x40, 0x00, 0x00, 0x3C,
    0x00, 0x00, 0x0F, 0xE0, 0x00, 0x07, 0xFE, 0x00, 0x01, 0xFF, 0xF0, 0x00, 0x1F, 0xFC, 0x00, 0x00,
    0x7F, 0x00, 0x00, 0x01, 0x80, 0x00, 0x00, 0x00, 0x00, 0x00, 0x00, 0x0F, 0xF0, 0x01, 0xFF, 0xFC,
    0x00, 0x7F, 0xFF, 0x00, 0x1F, 0xFF, 0xC0, 0x07, 0xFF, 0xF0, 0x01, 0xFF, 0xFC, 0x00, 0x7F, 0xFF,
    0x00, 0x1F, 0xFF, 0xC0, 0x07, 0xFF, 0xF0, 0x01, 0xFF, 0xFC, 0x00, 0x7F, 0xFF, 0x00, 0x1F, 0xFF,
    0xC0, 0x07, 0xFF, 0xF0, 0x01, 0xFF, 0xFC, 0x00, 0x7F, 0xFF, 0x00, 0x1F, 0xFF, 0xC0, 0x07, 0xFF,
    0xF0, 0x01, 0xFF, 0xFC, 0x00, 0x7F, 0xFF, 0x00, 0x1F, 0xFF, 0xC0, 0x07, 0xFF, 0xF0, 0x01, 0xFF,
    0xFC, 0x00, 0x7F, 0xFF, 0x80, 0x1F, 0xDF, 0xE0, 0x0F, 0xE7, 0xFC, 0x03, 0xF9, 0xFF, 0x83, 0xFE,
    0x3F, 0xFF, 0xFF, 0x0F, 0xFF, 0xFF, 0xC1, 0xFF, 0xFF, 0xE0, 0x3F, 0xFF, 0xF0, 0x03, 0xFF, 0xF0,
    0x00, 0x1F, 0xE0, 0x00, 0x00, 0x00, 0x00, 0x00, 0x00, 0x78, 0x00, 0x00, 0x7E, 0x00, 0x00, 0xFF,
    0xC0, 0x00, 0xFF, 0xF0, 0x00, 0x7F, 0xF0, 0x00, 0x0F, 0xC0, 0x00, 0x03, 0x80, 0x00, 0x00, 0x00,
    0x00, 0x00, 0x00, 0x00, 0x0F, 0xF0, 0x01, 0xFF, 0xFC, 0x00, 0x7F, 0xFF, 0x00, 0x1F, 0xFF, 0xC0,
    0x07, 0xFF, 0xF0, 0x01, 0xFF, 0xFC, 0x00, 0x7F, 0xFF, 0x00, 0x1F, 0xFF, 0xC0, 0x07, 0xFF, 0xF0,
    0x01, 0xFF, 0xFC, 0x00, 0x7F, 0xFF, 0x00, 0x1F, 0xFF, 0xC0, 0x07, 0xFF, 0xF0, 0x01, 0xFF, 0xFC,
    0x00, 0x7F, 0xFF, 0x00, 0x1F, 0xFF, 0xC0, 0x07, 0xFF, 0xF0, 0x01, 0xFF, 0xFC, 0x00, 0x7F, 0xFF,
    0x00, 0x1F, 0xFF, 0xC0, 0x07, 0xFF, 0xF0, 0x01, 0xFF, 0xFC, 0x00, 0x7F, 0xFF, 0x80, 0x1F, 0xDF,
    0xE0, 0x0F, 0xE7, 0xFC, 0x03, 0xF9, 0xFF, 0x83, 0xFE, 0x3F, 0xFF, 0xFF, 0x0F, 0xFF, 0xFF, 0xC1,
    0xFF, 0xFF, 0xE0, 0x3F, 0xFF, 0xF0, 0x03, 0xFF, 0xF0, 0x00, 0x1F, 0xE0, 0x00, 0x00, 0x0F, 0x00,
    0x00, 0x0F, 0xE0, 0x00, 0x07, 0xFC, 0x00, 0x03, 0xFF, 0x80, 0x01, 0xFB, 0xF0, 0x00, 0xFC, 0x7E,
    0x00, 0x3E, 0x0F, 0x80, 0x00, 0x00, 0x00, 0x00, 0x00, 0x00, 0x00, 0x00, 0x00, 0x0F, 0xF0, 0x01,
    0xFF, 0xFC, 0x00, 0x7F, 0xFF, 0x00, 0x1F, 0xFF, 0xC0, 0x07, 0xFF, 0xF0, 0x01, 0xFF, 0xFC, 0x00,
    0x7F, 0xFF, 0x00, 0x1F, 0xFF, 0xC0, 0x07, 0xFF, 0xF0, 0x01, 0xFF, 0xFC, 0x00, 0x7F, 0xFF, 0x00,
    0x1F, 0xFF, 0xC0, 0x07, 0xFF, 0xF0, 0x01, 0xFF, 0xFC, 0x00, 0x7F, 0xFF, 0x00, 0x1F, 0xFF, 0xC0,
    0x07, 0xFF, 0xF0, 0x01, 0xFF, 0xFC, 0x00, 0x7F, 0xFF, 0x00, 0x1F, 0xFF, 0xC0, 0x07, 0xFF, 0xF0,
    0x01, 0xFF, 0xFC, 0x00, 0x7F, 0xFF, 0x80, 0x1F, 0xDF, 0xE0, 0x0F, 0xE7, 0xFC, 0x03, 0xF9, 0xFF,
    0x83, 0xFE, 0x3F, 0xFF, 0xFF, 0x0F, 0xFF, 0xFF, 0xC1, 0xFF, 0xFF, 0xE0, 0x3F, 0xFF, 0xF0, 0x03,
    0xFF, 0xF0, 0x00, 0x1F, 0xE0, 0x00, 0x03, 0xF1, 0xF8, 0x00, 0xFE, 0x7E, 0x00, 0x3F, 0x9F, 0x80,
    0x0F, 0xE7, 0xE0, 0x03, 0xF1, 0xF8, 0x00, 0xFC, 0x7E, 0x00, 0x00, 0x00, 0x00, 0x00, 0x00, 0x00,
    0x00, 0x00, 0x00, 0x3F, 0xC0, 0x07, 0xFF, 0xF0, 0x01, 0xFF, 0xFC, 0x00, 0x7F, 0xFF, 0x00, 0x1F,
    0xFF, 0xC0, 0x07, 0xFF, 0xF0, 0x01, 0xFF, 0xFC, 0x00, 0x7F, 0xFF, 0x00, 0x1F, 0xFF, 0xC0, 0x07,
    0xFF, 0xF0, 0x01, 0xFF, 0xFC, 0x00, 0x7F, 0xFF, 0x00, 0x1F, 0xFF, 0xC0, 0x07, 0xFF, 0xF0, 0x01,
    0xFF, 0xFC, 0x00, 0x7F, 0xFF, 0x00, 0x1F, 0xFF, 0xC0, 0x07, 0xFF, 0xF0, 0x01, 0xFF, 0xFC, 0x00,
    0x7F, 0xFF, 0x00, 0x1F, 0xFF, 0xC0, 0x07, 0xFF, 0xF0, 0x01, 0xFF, 0xFE, 0x00, 0x7F, 0x7F, 0x80,
    0x3F, 0x9F, 0xF0, 0x0F, 0xE7, 0xFE, 0x0F, 0xF8, 0xFF, 0xFF, 0xFC, 0x3F, 0xFF, 0xFF, 0x07, 0xFF,
    0xFF, 0x80, 0xFF, 0xFF, 0xC0, 0x0F, 0xFF, 0xC0, 0x00, 0x7F, 0x80, 0x00, 0x00, 0x00, 0x10, 0x00,
    0x00, 0x07, 0x80, 0x00, 0x00, 0xFE, 0x00, 0x00, 0x3F, 0xF0, 0x00, 0x07, 0xFF, 0x80, 0x00, 0x3F,
    0xF0, 0x00, 0x01, 0xF8, 0x00, 0x00, 0x0E, 0x00, 0x00, 0x00, 0x00, 0x00, 0x00, 0x00, 0x00, 0x00,
    0x3F, 0xE0, 0x01, 0xFF, 0xFF, 0x00, 0x0F, 0xE7, 0xFC, 0x00, 0xFF, 0x3F, 0xE0, 0x07, 0xF0, 0xFF,
    0x80, 0x7F, 0x03, 0xFE, 0x03, 0xF8, 0x1F, 0xF0, 0x3F, 0x80, 0x7F, 0xC3, 0xFC, 0x01, 0xFE, 0x1F,
    0xC0, 0x0F, 0xF9, 0xFC, 0x00, 0x3F, 0xCF, 0xE0, 0x01, 0xFF, 0xFE, 0x00, 0x07, 0xFF, 0xF0, 0x00,
    0x1F, 0xFF, 0x00, 0x00, 0xFF, 0xF0, 0x00, 0x03, 0xFF, 0x80, 0x00, 0x1F, 0xF8, 0x00, 0x00, 0x7F,
    0xC0, 0x00, 0x03, 0xFC, 0x00, 0x00, 0x1F, 0xE0, 0x00, 0x00, 0xFF, 0x00, 0x00, 0x07, 0xF8, 0x00,
    0x00, 0x3F, 0xC0, 0x00, 0x01, 0xFE, 0x00, 0x00, 0x0F, 0xF0, 0x00, 0x00, 0x7F, 0x80, 0x00, 0x03,
    0xFC, 0x00, 0x00, 0x1F, 0xE0, 0x00, 0x00, 0xFF, 0x00, 0x00, 0x07, 0xF8, 0x00, 0x00, 0x1F, 0xC0,
    0x00, 0x7F, 0x00, 0x00, 0x0F, 0xF0, 0x00, 0x01, 0xFE, 0x00, 0x00, 0x3F, 0xC0, 0x00, 0x07, 0xF8,
    0x00, 0x00, 0xFF, 0x00, 0x00, 0x1F, 0xFF, 0xFC, 0x03, 0xFF, 0xFF, 0xE0, 0x7F, 0xFF, 0xFF, 0x0F,
    0xFF, 0xFF, 0xF1, 0xFF, 0xFF, 0xFF, 0x3F, 0xFF, 0xFF, 0xE7, 0xF8, 0x07, 0xFE, 0xFF, 0x00, 0x7F,
    0xDF, 0xE0, 0x07, 0xFB, 0xFC, 0x00, 0xFF, 0x7F, 0x80, 0x1F, 0xEF, 0xF0, 0x07, 0xFD, 0xFE, 0x01,
    0xFF, 0x3F, 0xFF, 0xFF, 0xE7, 0xFF, 0xFF, 0xF8, 0xFF, 0xFF, 0xFF, 0x1F, 0xFF, 0xFF, 0xC3, 0xFF,
    0xFF, 0xE0, 0x7F, 0xFF, 0xE0, 0x0F, 0xF0, 0x00, 0x01, 0xFE, 0x00, 0x00, 0x3F, 0xC0, 0x00, 0x07,
    0xF8, 0x00, 0x00, 0xFF, 0x00, 0x00, 0x1F, 0xC0, 0x00, 0x00, 0x00, 0x7F, 0xE0, 0x00, 0x7F, 0xFE,
    0x00, 0x3F, 0xFF, 0xC0, 0x1F, 0xFF, 0xF8, 0x0F, 0xFF, 0xFE, 0x03, 0xF8, 0x3F, 0x81, 0xFC, 0x07,
    0xE0, 0x7F, 0x01, 0xF8, 0x1F, 0xC0, 0xFE, 0x07, 0xF0, 0x7F, 0x0F, 0xFC, 0x3F, 0xC3, 0xFF, 0x1F,
    0xC0, 0xFF, 0xCF, 0xC0, 0x3F, 0xF7, 0xE0, 0x07, 0xFD, 0xF8, 0x00, 0x7F, 0x7F, 0xC0, 0x1F, 0xDF,
    0xFC, 0x07, 0xF7, 0xFF, 0x81, 0xFC, 0xFF, 0xF0, 0x7F, 0x1F, 0xFE, 0x1F, 0xC3, 0xFF, 0xC7, 0xF0,
    0x1F, 0xF1, 0xFC, 0x01, 0xFC, 0x7F, 0x00, 0x3F, 0x1F, 0xC0, 0x0F, 0xC7, 0xF0, 0x03, 0xF1, 0xFC,
    0xC3, 0xFC, 0x7F, 0x3F, 0xFE, 0x1F, 0xDF, 0xFF, 0x87, 0xF7, 0xFF, 0xC1, 0xFD, 0xFF, 0xC0, 0x00,
    0x0F, 0xC0, 0x01, 0x00, 0x00, 0x0F, 0x80, 0x00, 0x3F, 0x80, 0x00, 0xFF, 0x80, 0x03, 0xFF, 0xC0,
    0x03, 0xFF, 0x00, 0x01, 0xFC, 0x00, 0x00, 0x60, 0x00, 0x00, 0x00, 0x03, 0xFC, 0x00, 0x7F, 0xFC,
    0x03, 0xFF, 0xFC, 0x1F, 0xFF, 0xF0, 0xFF, 0xFF, 0xE7, 0xF8, 0x3F, 0x8F, 0xC0, 0xFE, 0x06, 0x01,
    0xFC, 0x00, 0x07, 0xF0, 0x07, 0xFF, 0xC0, 0xFF, 0xFF, 0x0F, 0xFF, 0xFC, 0xFF, 0xFF, 0xF3, 0xFC,
    0x1F, 0xDF, 0xC0, 0x7F, 0x7F, 0x01, 0xFD, 0xFC, 0x07, 0xFF, 0xF0, 0x3F, 0xDF, 0xE3, 0xFF, 0x7F,
    0xFF, 0xFD, 0xFF, 0xFF, 0xF3, 0xFF, 0xDF, 0xC7, 0xFE, 0x7E, 0x07, 0xC0, 0x00, 0x00, 0x00, 0x80,
    0x00, 0x1E, 0x00, 0x01, 0xFC, 0x00, 0x3F, 0xF0, 0x03, 0xFF, 0xC0, 0x0F, 0xFC, 0x00, 0x3F, 0x80,
    0x00, 0xE0, 0x00, 0x00, 0x00, 0x00, 0x03, 0xFC, 0x00, 0x7F, 0xFC, 0x03, 0xFF, 0xFC, 0x1F, 0xFF,
    0xF0, 0xFF, 0xFF, 0xE7, 0xF8, 0x3F, 0x8F, 0xC0, 0xFE, 0x06, 0x01, 0xFC, 0x00, 0x07, 0xF0, 0x07,
    0xFF, 0xC0, 0xFF, 0xFF, 0x0F, 0xFF, 0xFC, 0xFF, 0xFF, 0xF3, 0xFC, 0x1F, 0xDF, 0xC0, 0x7F, 0x7F,
    0x01, 0xFD, 0xFC, 0x07, 0xFF, 0xF0, 0x3F, 0xDF, 0xE3, 0xFF, 0x7F, 0xFF, 0xFD, 0xFF, 0xFF, 0xF3,
    0xFF, 0xDF, 0xC7, 0xFE, 0x7E, 0x07, 0xC0, 0x00, 0x00, 0x3C, 0x00, 0x03, 0xF8, 0x00, 0x1F, 0xF0,
    0x00, 0xFF, 0xE0, 0x07, 0xEF, 0xC0, 0x3F, 0x1F, 0x80, 0xF8, 0x3E, 0x00, 0x00, 0x00, 0x00, 0x00,
    0x00, 0x03, 0xFC, 0x00, 0x7F, 0xFC, 0x03, 0xFF, 0xFC, 0x1F, 0xFF, 0xF0, 0xFF, 0xFF, 0xE7, 0xF8,
    0x3F, 0x8F, 0xC0, 0xFE, 0x06, 0x01, 0xFC, 0x00, 0x07, 0xF0, 0x07, 0xFF, 0xC0, 0xFF, 0xFF, 0x0F,
    0xFF, 0xFC, 0xFF, 0xFF, 0xF3, 0xFC, 0x1F, 0xDF, 0xC0, 0x7F, 0x7F, 0x01, 0xFD, 0xFC, 0x07, 0xFF,
    0xF0, 0x3F, 0xDF, 0xE3, 0xFF, 0x7F, 0xFF, 0xFD, 0xFF, 0xFF, 0xF3, 0xFF, 0xDF, 0xC7, 0xFE, 0x7E,
    0x07, 0xC0, 0x00, 0x03, 0xF8, 0x60, 0x3F, 0xFF, 0x80, 0xFF, 0xFE, 0x01, 0xFF, 0xF8, 0x06, 0x1F,
    0xC0, 0x00, 0x00, 0x00, 0x00, 0x00, 0x00, 0x00, 0x00, 0x00, 0xFF, 0x00, 0x1F, 0xFF, 0x00, 0xFF,
    0xFF, 0x07, 0xFF, 0xFC, 0x3F, 0xFF, 0xF9, 0xFE, 0x0F, 0xE3, 0xF0, 0x3F, 0x81, 0x80, 0x7F, 0x00,
    0x01, 0xFC, 0x01, 0xFF, 0xF0, 0x3F, 0xFF, 0xC3, 0xFF, 0xFF, 0x3F, 0xFF, 0xFC, 0xFF, 0x07, 0xF7,
    0xF0, 0x1F, 0xDF, 0xC0, 0x7F, 0x7F, 0x01, 0xFF, 0xFC, 0x0F, 0xF7, 0xF8, 0xFF, 0xDF, 0xFF, 0xFF,
    0x7F, 0xFF, 0xFC, 0xFF, 0xF7, 0xF1, 0xFF, 0x9F, 0x81, 0xF0, 0x00, 0x0F, 0xE7, 0xE0, 0x3F, 0x9F,
    0x80, 0xFE, 0x7E, 0x03, 0xF9, 0xF8, 0x0F, 0xE7, 0xE0, 0x1F, 0x1F, 0x80, 0x00, 0x00, 0x00, 0x00,
    0x00, 0x00, 0xFF, 0x00, 0x1F, 0xFF, 0x00, 0xFF, 0xFF, 0x07, 0xFF, 0xFC, 0x3F, 0xFF, 0xF9, 0xFE,
    0x0F, 0xE3, 0xF0, 0x3F, 0x81, 0x80, 0x7F, 0x00, 0x01, 0xFC, 0x01, 0xFF, 0xF0, 0x3F, 0xFF, 0xC3,
    0xFF, 0xFF, 0x3F, 0xFF, 0xFC, 0xFF, 0x07, 0xF7, 0xF0, 0x1F, 0xDF, 0xC0, 0x7F, 0x7F, 0x01, 0xFF,
    0xFC, 0x0F, 0xF7, 0xF8, 0xFF, 0xDF, 0xFF, 0xFF, 0x7F, 0xFF, 0xFC, 0xFF, 0xF7, 0xF1, 0xFF, 0x9F,
    0x81, 0xF0, 0x00, 0x00, 0x00, 0x00, 0x01, 0xF8, 0x00, 0x0F, 0xF0, 0x00, 0x7F, 0xC0, 0x01, 0xC7,
    0x80, 0x07, 0x1E, 0x00, 0x1C, 0x78, 0x00, 0x7F, 0xC0, 0x00, 0xFF, 0x00, 0x01, 0xF8, 0x00, 0x00,
    0x00, 0x00, 0x3F, 0xC0, 0x07, 0xFF, 0xC0, 0x3F, 0xFF, 0xC1, 0xFF, 0xFF, 0x0F, 0xFF, 0xFE, 0x7F,
    0x83, 0xF8, 0xFC, 0x0F, 0xE0, 0x60, 0x1F, 0xC0, 0x00, 0x7F, 0x00, 0x7F, 0xFC, 0x0F, 0xFF, 0xF0,
    0xFF, 0xFF, 0xCF, 0xFF, 0xFF, 0x3F, 0xC1, 0xFD, 0xFC, 0x07, 0xF7, 0xF0, 0x1F, 0xDF, 0xC0, 0x7F,
    0xFF, 0x03, 0xFD, 0xFE, 0x3F, 0xF7, 0xFF, 0xFF, 0xDF, 0xFF, 0xFF, 0x3F, 0xFD, 0xFC, 0x7F, 0xE7,
    0xE0, 0x7C, 0x00, 0x00, 0x00, 0xFE, 0x01, 0xF8, 0x00, 0x3F, 0xFE, 0x3F, 0xF8, 0x03, 0xFF, 0xFF,
    0xFF, 0xE0, 0x3F, 0xFF, 0xFF, 0xFF, 0x83, 0xFF, 0xFF, 0xFF, 0xFE, 0x3F, 0xC1, 0xFF, 0x83, 0xF8,
    0xFC, 0x0F, 0xF8, 0x1F, 0xC0, 0xC0, 0x3F, 0x80, 0x7F, 0x00, 0x01, 0xFC, 0x03, 0xF8, 0x03, 0xFF,
    0xFF, 0xFF, 0xC1, 0xFF, 0xFF, 0xFF, 0xFE, 0x1F, 0xFF, 0xFF, 0xFF, 0xF3, 0xFF, 0xFF, 0xFF, 0xFF,
    0x9F, 0xF0, 0xFF, 0xFF, 0xF9, 0xFE, 0x07, 0xF0, 0x00, 0x0F, 0xE0, 0x3F, 0x80, 0x00, 0xFF, 0x01,
    0xFE, 0x00, 0xE7, 0xF8, 0x1F, 0xF8, 0x1F, 0xDF, 0xC1, 0xFF, 0xF3, 0xFC, 0xFF, 0xFF, 0xFF, 0xFF,
    0xE7, 0xFF, 0xFB, 0xFF, 0xFE, 0x1F, 0xFF, 0x8F, 0xFF, 0xE0, 0x7F, 0xF0, 0x1F, 0xFC, 0x00, 0xFC,
    0x00, 0x3F, 0x00, 0x00, 0xFC, 0x00, 0x0F, 0xFE, 0x00, 0xFF, 0xFC, 0x07, 0xFF, 0xF8, 0x3F, 0xFF,
    0xF0, 0xFF, 0x1F, 0xE7, 0xF8, 0x3F, 0x9F, 0xC0, 0x7E, 0xFF, 0x00, 0x03, 0xF8, 0x00, 0x0F, 0xE0,
    0x00, 0x3F, 0x80, 0x00, 0xFE, 0x00, 0x03, 0xF8, 0x00, 0x0F, 0xE0, 0x00, 0x3F, 0xC0, 0x18, 0x7F,
    0x00, 0xF9, 0xFE, 0x07, 0xE3, 0xFC, 0x3F, 0x8F, 0xFF, 0xFC, 0x1F, 0xFF, 0xE0, 0x3F, 0xFF, 0x00,
    0x3F, 0xF8, 0x00, 0x1F, 0x00, 0x00, 0x78, 0x00, 0x01, 0xF8, 0x00, 0x0F, 0xF0, 0x00, 0x07, 0xC0,
    0x00, 0x0F, 0x80, 0x0F, 0xFE, 0x00, 0x3F, 0xF0, 0x00, 0x7F, 0x80, 0x00, 0x00, 0x00, 0x01, 0x00,
    0x00, 0x07, 0x80, 0x00, 0x0F, 0xE0, 0x00, 0x3F, 0xF0, 0x00, 0x7F, 0xFC, 0x00, 0x3F, 0xF8, 0x00,
    0x07, 0xF0, 0x00, 0x00, 0xC0, 0x00, 0x00, 0x00, 0x00, 0xFC, 0x00, 0x0F, 0xFE, 0x00, 0x7F, 0xFF,
    0x01, 0xFF, 0xFF, 0x07, 0xFF, 0xFE, 0x0F, 0xE0, 0xFE, 0x3F, 0x80, 0xFE, 0x7F, 0x01, 0xFD, 0xFC,
    0x01, 0xFB, 0xFF, 0xFF, 0xF7, 0xFF, 0xFF, 0xFF, 0xFF, 0xFF, 0xFF, 0xFF, 0xFF, 0xFF, 0xFF, 0xFF,
    0x7F, 0x00, 0x00, 0xFF, 0x00, 0x00, 0xFE, 0x00, 0xE1, 0xFE, 0x03, 0xF1, 0xFF, 0x1F, 0xE3, 0xFF,
    0xFF, 0x83, 0xFF, 0xFE, 0x03, 0xFF, 0xF8, 0x01, 0xFF, 0xE0, 0x00, 0x7E, 0x00, 0x00, 0x01, 0x00,
    0x00, 0x0F, 0x00, 0x00, 0x7E, 0x00, 0x07, 0xFE, 0x00, 0x3F, 0xFC, 0x00, 0xFF, 0xE0, 0x00, 0xFC,
    0x00, 0x01, 0xC0, 0x00, 0x00, 0x00, 0x00, 0x00, 0xFC, 0x00, 0x0F, 0xFE, 0x00, 0x7F, 0xFF, 0x01,
    0xFF, 0xFF, 0x07, 0xFF, 0xFE, 0x0F, 0xE0, 0xFE, 0x3F, 0x80, 0xFE, 0x7F, 0x01, 0xFD, 0xFC, 0x01,
    0xFB, 0xFF, 0xFF, 0xF7, 0xFF, 0xFF, 0xFF, 0xFF, 0xFF, 0xFF, 0xFF, 0xFF, 0xFF, 0xFF, 0xFF, 0x7F,
    0x00, 0x00, 0xFF, 0x00, 0x00, 0xFE, 0x00, 0xE1, 0xFE, 0x03, 0xF1, 0xFF, 0x1F, 0xE3, 0xFF, 0xFF,
    0x83, 0xFF, 0xFE, 0x03, 0xFF, 0xF8, 0x01, 0xFF, 0xE0, 0x00, 0x7E, 0x00, 0x00, 0x7C, 0x00, 0x01,
    0xFC, 0x00, 0x07, 0xFC, 0x00, 0x1F, 0xFC, 0x00, 0x7E, 0xFC, 0x01, 0xF8, 0xFC, 0x03, 0xE0, 0xF8,
    0x00, 0x00, 0x00, 0x00, 0x00, 0x00, 0x00, 0xFC, 0x00, 0x0F, 0xFE, 0x00, 0x7F, 0xFF, 0x01, 0xFF,
    0xFF, 0x07, 0xFF, 0xFE, 0x0F, 0xE0, 0xFE, 0x3F, 0x80, 0xFE, 0x7F, 0x01, 0xFD, 0xFC, 0x01, 0xFB,
    0xFF, 0xFF, 0xF7, 0xFF, 0xFF, 0xFF, 0xFF, 0xFF, 0xFF, 0xFF, 0xFF, 0xFF, 0xFF, 0xFF, 0x7F, 0x00,
    0x00, 0xFF, 0x00, 0x00, 0xFE, 0x00, 0xE1, 0xFE, 0x03, 0xF1, 0xFF, 0x1F, 0xE3, 0xFF, 0xFF, 0x83,
    0xFF, 0xFE, 0x03, 0xFF, 0xF8, 0x01, 0xFF, 0xE0, 0x00, 0x7E, 0x00, 0x0F, 0xC7, 0xE0, 0x1F, 0x9F,
    0xC0, 0x3F, 0x3F, 0x80, 0x7E, 0x7F, 0x00, 0xFC, 0x7E, 0x01, 0xF8, 0xFC, 0x00, 0x00, 0x00, 0x00,
    0x00, 0x00, 0x00, 0x7E, 0x00, 0x07, 0xFF, 0x00, 0x3F, 0xFF, 0x80, 0xFF, 0xFF, 0x83, 0xFF, 0xFF,
    0x07, 0xF0, 0x7F, 0x1F, 0xC0, 0x7F, 0x3F, 0x80, 0xFE, 0xFE, 0x00, 0xFD, 0xFF, 0xFF, 0xFB, 0xFF,
    0xFF, 0xFF, 0xFF, 0xFF, 0xFF, 0xFF, 0xFF, 0xFF, 0xFF, 0xFF, 0xBF, 0x80, 0x00, 0x7F, 0x80, 0x00,
    0x7F, 0x00, 0x70, 0xFF, 0x01, 0xF8, 0xFF, 0x8F, 0xF1, 0xFF, 0xFF, 0xC1, 0xFF, 0xFF, 0x01, 0xFF,
    0xFC, 0x00, 0xFF, 0xF0, 0x00, 0x3F, 0x00, 0x20, 0x03, 0xC0, 0x1F, 0xC0, 0xFF, 0x87, 0xFF, 0x9F,
    0xFC, 0x0F, 0xE0, 0x06, 0x00, 0x00, 0x00, 0x07, 0xF0, 0x3F, 0x81, 0xFC, 0x0F, 0xE0, 0x7F, 0x03,
    0xF8, 0x1F, 0xC0, 0xFE, 0x07, 0xF0, 0x3F, 0x81, 0xFC, 0x0F, 0xE0, 0x7F, 0x03, 0xF8, 0x1F, 0xC0,
    0xFE, 0x07, 0xF0, 0x3F, 0x81, 0xFC, 0x0F, 0xE0, 0x7F, 0x03, 0xF8, 0x00, 0x10, 0x07, 0x80, 0xFE,
    0x3F, 0xF7, 0xFF, 0xFF, 0xF1, 0xF8, 0x0E, 0x00, 0x00, 0x00, 0x00, 0x07, 0xF0, 0x3F, 0x81, 0xFC,
    0x0F, 0xE0, 0x7F, 0x03, 0xF8, 0x1F, 0xC0, 0xFE, 0x07, 0xF0, 0x3F, 0x81, 0xFC, 0x0F, 0xE0, 0x7F,
    0x03, 0xF8, 0x1F, 0xC0, 0xFE, 0x07, 0xF0, 0x3F, 0x81, 0xFC, 0x0F, 0xE0, 0x7F, 0x03, 0xF8, 0x03,
    0xC0, 0x0F, 0xE0, 0x1F, 0xF0, 0x3F, 0xF8, 0x7E, 0xFC, 0xFC, 0x7E, 0xF8, 0x3E, 0x00, 0x00, 0x00,
    0x00, 0x00, 0x00, 0x0F, 0xE0, 0x0F, 0xE0, 0x0F, 0xE0, 0x0F, 0xE0, 0x0F, 0xE0, 0x0F, 0xE0, 0x0F,
    0xE0, 0x0F, 0xE0, 0x0F, 0xE0, 0x0F, 0xE0, 0x0F, 0xE0, 0x0F, 0xE0, 0x0F, 0xE0, 0x0F, 0xE0, 0x0F,
    0xE0, 0x0F, 0xE0, 0x0F, 0xE0, 0x0F, 0xE0, 0x0F, 0xE0, 0x0F, 0xE0, 0x0F, 0xE0, 0x0F, 0xE0, 0xFE,
    0x7F, 0xFC, 0xFF, 0xF9, 0xFF, 0xF3, 0xFF, 0xE7, 0xFF, 0x8F, 0xC0, 0x00, 0x00, 0x00, 0x00, 0x00,
    0x1F, 0xC0, 0x3F, 0x80, 0x7F, 0x00, 0xFE, 0x01, 0xFC, 0x03, 0xF8, 0x07, 0xF0, 0x0F, 0xE0, 0x1F,
    0xC0, 0x3F, 0x80, 0x7F, 0x00, 0xFE, 0x01, 0xFC, 0x03, 0xF8, 0x07, 0xF0, 0x0F, 0xE0, 0x1F, 0xC0,
    0x3F, 0x80, 0x7F, 0x00, 0xFE, 0x01, 0xFC, 0x03, 0xF8, 0x00, 0x02, 0x01, 0x00, 0x0F, 0x8F, 0x00,
    0x3F, 0xFE, 0x00, 0xFF, 0xF8, 0x00, 0x7F, 0xE0, 0x00, 0x7F, 0xF0, 0x03, 0xFF, 0xF0, 0x0F, 0xDF,
    0xE0, 0x1E, 0x1F, 0xE0, 0x10, 0x1F, 0xE0, 0x03, 0xFF, 0xE0, 0x3F, 0xFF, 0xC0, 0xFF, 0xFF, 0x83,
    0xFF, 0xFF, 0x8F, 0xFF, 0xFF, 0x3F, 0xC1, 0xFE, 0x7F, 0x01, 0xFE, 0xFE, 0x03, 0xFF, 0xF8, 0x07,
    0xFF, 0xF0, 0x07, 0xFF, 0xE0, 0x0F, 0xFF, 0xC0, 0x1F, 0xFF, 0x80, 0x3F, 0xFF, 0x00, 0x7F, 0xFF,
    0x01, 0xFE, 0xFE, 0x03, 0xF9, 0xFE, 0x0F, 0xF1, 0xFE, 0x3F, 0xC3, 0xFF, 0xFF, 0x83, 0xFF, 0xFE,
    0x03, 0xFF, 0xF8, 0x01, 0xFF, 0xC0, 0x00, 0x7C, 0x00, 0x07, 0xE0, 0xC0, 0xFF, 0xFE, 0x07, 0xFF,
    0xF0, 0x3F, 0xFF, 0x80, 0xC3, 0xF8, 0x00, 0x00, 0x00, 0x00, 0x00, 0x00, 0x00, 0x00, 0x00, 0x0F,
    0x87, 0xF1, 0xFF, 0x3F, 0xBF, 0xFD, 0xFF, 0xFF, 0xEF, 0xFF, 0xFF, 0xFF, 0xFF, 0xFF, 0xFC, 0x0F,
    0xFF, 0xC0, 0x7F, 0xFE, 0x03, 0xFF, 0xF0, 0x1F, 0xFF, 0x80, 0xFF, 0xFC, 0x07, 0xFF, 0xE0, 0x3F,
    0xFF, 0x01, 0xFF, 0xF8, 0x0F, 0xFF, 0xC0, 0x7F, 0xFE, 0x03, 0xFF, 0xF0, 0x1F, 0xFF, 0x80, 0xFF,
    0xFC, 0x07, 0xFF, 0xE0, 0x3F, 0xFF, 0x01, 0xFF, 0xF8, 0x0F, 0xE0, 0x01, 0x00, 0x00, 0x07, 0x80,
    0x00, 0x0F, 0xE0, 0x00, 0x3F, 0xF0, 0x00, 0x7F, 0xFC, 0x00, 0x3F, 0xF8, 0x00, 0x07, 0xF0, 0x00,
    0x00, 0xC0, 0x00, 0x00, 0x00, 0x01, 0xFC, 0x00, 0x0F, 0xFE, 0x00, 0x7F, 0xFF, 0x01, 0xFF, 0xFF,
    0x07, 0xFF, 0xFF, 0x0F, 0xF1, 0xFE, 0x3F, 0x80, 0xFE, 0x7F, 0x01, 0xFD, 0xFE, 0x03, 0xFF, 0xF8,
    0x03, 0xFF, 0xF0, 0x07, 0xFF, 0xE0, 0x0F, 0xFF, 0xC0, 0x1F, 0xFF, 0x80, 0x3F, 0xFF, 0x00, 0x7F,
    0xFF, 0x01, 0xFE, 0xFE, 0x03, 0xF9, 0xFE, 0x0F, 0xF1, 0xFE, 0x3F, 0xC3, 0xFF, 0xFF, 0x83, 0xFF,
    0xFE, 0x03, 0xFF, 0xF8, 0x01, 0xFF, 0xC0, 0x00, 0x7C, 0x00, 0x00, 0x01, 0x00, 0x00, 0x0F, 0x00,
    0x00, 0x7E, 0x00, 0x07, 0xFE, 0x00, 0x3F, 0xFC, 0x00, 0xFF, 0xE0, 0x00, 0xFC, 0x00, 0x01, 0xC0,
    0x00, 0x00, 0x00, 0x00, 0x01, 0xFC, 0x00, 0x0F, 0xFE, 0x00, 0x7F, 0xFF, 0x01, 0xFF, 0xFF, 0x07,
    0xFF, 0xFF, 0x0F, 0xF1, 0xFE, 0x3F, 0x80, 0xFE, 0x7F, 0x01, 0xFD, 0xFE, 0x03, 0xFF, 0xF8, 0x03,
    0xFF, 0xF0, 0x07, 0xFF, 0xE0, 0x0F, 0xFF, 0xC0, 0x1F, 0xFF, 0x80, 0x3F, 0xFF, 0x00, 0x7F, 0xFF,
    0x01, 0xFE, 0xFE, 0x03, 0xF9, 0xFE, 0x0F, 0xF1, 0xFE, 0x3F, 0xC3, 0xFF, 0xFF, 0x83, 0xFF, 0xFE,
    0x03, 0xFF, 0xF8, 0x01, 0xFF, 0xC0, 0x00, 0x7C, 0x00, 0x00, 0x7C, 0x00, 0x01, 0xFC, 0x00, 0x07,
    0xFC, 0x00, 0x1F, 0xFC, 0x00, 0x7E, 0xFC, 0x01, 0xF8, 0xFC, 0x03, 0xE0, 0xF8, 0x00, 0x00, 0x00,
    0x00, 0x00, 0x00, 0x01, 0xFC, 0x00, 0x0F, 0xFE, 0x00, 0x7F, 0xFF, 0x01, 0xFF, 0xFF, 0x07, 0xFF,
    0xFF, 0x0F, 0xF1, 0xFE, 0x3F, 0x80, 0xFE, 0x7F, 0x01, 0xFD, 0xFE, 0x03, 0xFF, 0xF8, 0x03, 0xFF,
    0xF0, 0x07, 0xFF, 0xE0, 0x0F, 0xFF, 0xC0, 0x1F, 0xFF, 0x80, 0x3F, 0xFF, 0x00, 0x7F, 0xFF, 0x01,
    0xFE, 0xFE, 0x03, 0xF9, 0xFE, 0x0F, 0xF1, 0xFE, 0x3F, 0xC3, 0xFF, 0xFF, 0x83, 0xFF, 0xFE, 0x03,
    0xFF, 0xF8, 0x01, 0xFF, 0xC0, 0x00, 0x7C, 0x00, 0x07, 0xF0, 0x60, 0x1F, 0xFF, 0xC0, 0x3F, 0xFF,
    0x80, 0x7F, 0xFF, 0x00, 0x61, 0xFC, 0x00, 0x00, 0x00, 0x00, 0x00, 0x00, 0x00, 0x00, 0x00, 0x00,
    0xFE, 0x00, 0x07, 0xFF, 0x00, 0x3F, 0xFF, 0x80, 0xFF, 0xFF, 0x83, 0xFF, 0xFF, 0x87, 0xF8, 0xFF,
    0x1F, 0xC0, 0x7F, 0x3F, 0x80, 0xFE, 0xFF, 0x01, 0xFF, 0xFC, 0x01, 0xFF, 0xF8, 0x03, 0xFF, 0xF0,
    0x07, 0xFF, 0xE0, 0x0F, 0xFF, 0xC0, 0x1F, 0xFF, 0x80, 0x3F, 0xFF, 0x80, 0xFF, 0x7F, 0x01, 0xFC,
    0xFF, 0x07, 0xF8, 0xFF, 0x1F, 0xE1, 0xFF, 0xFF, 0xC1, 0xFF, 0xFF, 0x01, 0xFF, 0xFC, 0x00, 0xFF,
    0xE0, 0x00, 0x3E, 0x00, 0x0F, 0xC7, 0xE0, 0x1F, 0x9F, 0xC0, 0x3F, 0x3F, 0x80, 0x7E, 0x7F, 0x00,
    0xFC, 0x7E, 0x01, 0xF8, 0xFC, 0x00, 0x00, 0x00, 0x00, 0x00, 0x00, 0x00, 0xFE, 0x00, 0x07, 0xFF,
    0x00, 0x3F, 0xFF, 0x80, 0xFF, 0xFF, 0x83, 0xFF, 0xFF, 0x87, 0xF8, 0xFF, 0x1F, 0xC0, 0x7F, 0x3F,
    0x80, 0xFE, 0xFF, 0x01, 0xFF, 0xFC, 0x01, 0xFF, 0xF8, 0x03, 0xFF, 0xF0, 0x07, 0xFF, 0xE0, 0x0F,
    0xFF, 0xC0, 0x1F, 0xFF, 0x80, 0x3F, 0xFF, 0x80, 0xFF, 0x7F, 0x01, 0xFC, 0xFF, 0x07, 0xF8, 0xFF,
    0x1F, 0xE1, 0xFF, 0xFF, 0xC1, 0xFF, 0xFF, 0x01, 0xFF, 0xFC, 0x00, 0xFF, 0xE0, 0x00, 0x3E, 0x00,
    0x01, 0xF8, 0x00, 0x0F, 0xE0, 0x00, 0x7F, 0x00, 0x03, 0xF8, 0x00, 0x1F, 0xC0, 0x00, 0xFE, 0x00,
    0x07, 0xF0, 0x00, 0x1E, 0x00, 0x00, 0x00, 0x00, 0x00, 0x00, 0x3F, 0xFF, 0xFF, 0xFF, 0xFF, 0xFF,
    0xFF, 0xFF, 0xFF, 0xFF, 0xFF, 0xFF, 0xFF, 0xE0, 0x00, 0x00, 0x00, 0x00, 0x00, 0x0F, 0xC0, 0x00,
    0x7F, 0x00, 0x03, 0xF8, 0x00, 0x1F, 0xC0, 0x00, 0xFE, 0x00, 0x07, 0xF0, 0x00, 0x3F, 0x80, 0x00,
    0xF0, 0x00, 0x00, 0x7F, 0x00, 0x00, 0xFF, 0xE3, 0x01, 0xFF, 0xFF, 0xC1, 0xFF, 0xFF, 0xE1, 0xFF,
    0xFF, 0xE0, 0xFE, 0x1F, 0xE0, 0xFE, 0x07, 0xF8, 0x7F, 0x07, 0xFC, 0x7F, 0x87, 0xFF, 0x3F, 0x87,
    0xFF, 0x9F, 0xC7, 0xFF, 0xCF, 0xE7, 0xEF, 0xE7, 0xF7, 0xE7, 0xF3, 0xFF, 0xE3, 0xF9, 0xFF, 0xC1,
    0xFC, 0xFF, 0xC1, 0xFE, 0x3F, 0xC0, 0xFE, 0x1F, 0xE0, 0xFF, 0x07, 0xF8, 0xFF, 0x07, 0xFF, 0xFF,
    0x87, 0xFF, 0xFF, 0x83, 0xFF, 0xFF, 0x81, 0xC7, 0xFF, 0x00, 0x00, 0x7C, 0x00, 0x04, 0x00, 0x00,
    0x3C, 0x00, 0x03, 0xF8, 0x00, 0x1F, 0xF8, 0x00, 0xFF, 0xF0, 0x01, 0xFF, 0x80, 0x00, 0xFC, 0x00,
    0x00, 0xE0, 0x00, 0x00, 0x00, 0x00, 0x00, 0x3F, 0x80, 0xFF, 0xFC, 0x07, 0xFF, 0xE0, 0x3F, 0xFF,
    0x01, 0xFF, 0xF8, 0x0F, 0xFF, 0xC0, 0x7F, 0xFE, 0x03, 0xFF, 0xF0, 0x1F, 0xFF, 0x80, 0xFF, 0xFC,
    0x07, 0xFF, 0xE0, 0x3F, 0xFF, 0x01, 0xFF, 0xF8, 0x0F, 0xFF, 0xC0, 0x7F, 0xFE, 0x03, 0xFF, 0xF0,
    0x3F, 0xFF, 0x83, 0xFF, 0xFF, 0xFF, 0xFF, 0xFF, 0xFF, 0xBF, 0xFF, 0xFD, 0xFF, 0xEF, 0xE7, 0xFC,
    0x7F, 0x0F, 0x80, 0x00, 0x00, 0x02, 0x00, 0x00, 0x78, 0x00, 0x1F, 0xC0, 0x03, 0xFE, 0x00, 0xFF,
    0xF0, 0x07, 0xFF, 0x00, 0x3F, 0x80, 0x00, 0xC0, 0x00, 0x00, 0x00, 0x00, 0x00, 0x00, 0x3F, 0x80,
    0xFF, 0xFC, 0x07, 0xFF, 0xE0, 0x3F, 0xFF, 0x01, 0xFF, 0xF8, 0x0F, 0xFF, 0xC0, 0x7F, 0xFE, 0x03,
    0xFF, 0xF0, 0x1F, 0xFF, 0x80, 0xFF, 0xFC, 0x07, 0xFF, 0xE0, 0x3F, 0xFF, 0x01, 0xFF, 0xF8, 0x0F,
    0xFF, 0xC0, 0x7F, 0xFE, 0x03, 0xFF, 0xF0, 0x3F, 0xFF, 0x83, 0xFF, 0xFF, 0xFF, 0xFF, 0xFF, 0xFF,
    0xBF, 0xFF, 0xFD, 0xFF, 0xEF, 0xE7, 0xFC, 0x7F, 0x0F, 0x80, 0x00, 0x00, 0xF0, 0x00, 0x0F, 0xC0,
    0x00, 0xFF, 0x00, 0x0F, 0xFC, 0x00, 0xFF, 0xF0, 0x0F, 0xCF, 0xC0, 0xFC, 0x3F, 0x00, 0x00, 0x00,
    0x00, 0x00, 0x00, 0x00, 0x00, 0x3F, 0x80, 0xFF, 0xFC, 0x07, 0xFF, 0xE0, 0x3F, 0xFF, 0x01, 0xFF,
    0xF8, 0x0F, 0xFF, 0xC0, 0x7F, 0xFE, 0x03, 0xFF, 0xF0, 0x1F, 0xFF, 0x80, 0xFF, 0xFC, 0x07, 0xFF,
    0xE0, 0x3F, 0xFF, 0x01, 0xFF, 0xF8, 0x0F, 0xFF, 0xC0, 0x7F, 0xFE, 0x03, 0xFF, 0xF0, 0x3F, 0xFF,
    0x83, 0xFF, 0xFF, 0xFF, 0xFF, 0xFF, 0xFF, 0xBF, 0xFF, 0xFD, 0xFF, 0xEF, 0xE7, 0xFC, 0x7F, 0x0F,
    0x80, 0x00, 0x1F, 0x9F, 0x80, 0xFC, 0xFE, 0x07, 0xE7, 0xF0, 0x3F, 0x3F, 0x81, 0xF9, 0xF8, 0x0F,
    0xCF, 0xC0, 0x00, 0x00, 0x00, 0x00, 0x00, 0x00, 0x00, 0x07, 0xF0, 0x1F, 0xFF, 0x80, 0xFF, 0xFC,
    0x07, 0xFF, 0xE0, 0x3F, 0xFF, 0x01, 0xFF, 0xF8, 0x0F, 0xFF, 0xC0, 0x7F, 0xFE, 0x03, 0xFF, 0xF0,
    0x1F, 0xFF, 0x80, 0xFF, 0xFC, 0x07, 0xFF, 0xE0, 0x3F, 0xFF, 0x01, 0xFF, 0xF8, 0x0F, 0xFF, 0xC0,
    0x7F, 0xFE, 0x07, 0xFF, 0xF0, 0x7F, 0xFF, 0xFF, 0xFF, 0xFF, 0xFF, 0xF7, 0xFF, 0xFF, 0xBF, 0xFD,
    0xFC, 0xFF, 0x8F, 0xE1, 0xF0, 0x00, 0x00, 0x00, 0x40, 0x00, 0x07, 0x80, 0x00, 0x3F, 0x80, 0x03,
    0xFF, 0x00, 0x1F, 0xFE, 0x00, 0x3F, 0xF0, 0x00, 0x7E, 0x00, 0x00, 0xE0, 0x00, 0x00, 0x00, 0x00,
    0x00, 0x00, 0x03, 0xFC, 0x01, 0xFB, 0xF8, 0x03, 0xF7, 0xF8, 0x07, 0xC7, 0xF0, 0x1F, 0x8F, 0xF0,
    0x3F, 0x1F, 0xE0, 0xFC, 0x1F, 0xC1, 0xF8, 0x3F, 0xC3, 0xE0, 0x3F, 0x8F, 0xC0, 0x7F, 0x1F, 0x80,
    0xFF, 0x3E, 0x00, 0xFE, 0xFC, 0x01, 0xFF, 0xF0, 0x01, 0xFF, 0xE0, 0x03, 0xFF, 0xC0, 0x07, 0xFF,
    0x00, 0x07, 0xFE, 0x00, 0x0F, 0xF8, 0x00, 0x0F, 0xF0, 0x00, 0x1F, 0xE0, 0x00, 0x3F, 0x80, 0x00,
    0x3F, 0x00, 0x00, 0xFC, 0x00, 0x03, 0xF8, 0x00, 0xFF, 0xE0, 0x03, 0xFF, 0xC0, 0x07, 0xFF, 0x00,
    0x0F, 0xFC, 0x00, 0x0F, 0xE0, 0x00, 0x00, 0xFE, 0x00, 0x03, 0xF8, 0x00, 0x0F, 0xE0, 0x00, 0x3F,
    0x80, 0x00, 0xFE, 0x00, 0x03, 0xF8, 0x00, 0x0F, 0xE0, 0x00, 0x3F, 0x80, 0x00, 0xFE, 0x1F, 0x03,
    0xF9, 0xFF, 0x0F, 0xFF, 0xFE, 0x3F, 0xFF, 0xFC, 0xFF, 0xFF, 0xFB, 0xFE, 0x1F, 0xEF, 0xF0, 0x3F,
    0xFF, 0x80, 0x7F, 0xFE, 0x01, 0xFF, 0xF8, 0x07, 0xFF, 0xE0, 0x1F, 0xFF, 0x80, 0x7F, 0xFE, 0x01,
    0xFF, 0xF8, 0x07, 0xFF, 0xE0, 0x1F, 0xFF, 0x80, 0x7F, 0xFE, 0x03, 0xFF, 0xF8, 0x0F, 0xFF, 0xF8,
    0x7F, 0xBF, 0xFF, 0xFE, 0xFF, 0xFF, 0xF3, 0xFF, 0xFF, 0x8F, 0xEF, 0xFC, 0x3F, 0x87, 0x80, 0xFE,
    0x00, 0x03, 0xF8, 0x00, 0x0F, 0xE0, 0x00, 0x3F, 0x80, 0x00, 0xFE, 0x00, 0x03, 0xF8, 0x00, 0x00,
    0x07, 0xF3, 0xF0, 0x0F, 0xE7, 0xE0, 0x1F, 0xCF, 0xC0, 0x3F, 0x9F, 0x80, 0x7F, 0x3F, 0x00, 0x7C,
    0x7E, 0x00, 0x00, 0x00, 0x00, 0x00, 0x00, 0x00, 0x00, 0x01, 0xFE, 0x00, 0xFD, 0xFC, 0x01, 0xFB,
    0xFC, 0x03, 0xE3, 0xF8, 0x0F, 0xC7, 0xF8, 0x1F, 0x8F, 0xF0, 0x7E, 0x0F, 0xE0, 0xFC, 0x1F, 0xE1,
    0xF0, 0x1F, 0xC7, 0xE0, 0x3F, 0x8F, 0xC0, 0x7F, 0x9F, 0x00, 0x7F, 0x7E, 0x00, 0xFF, 0xF8, 0x00,
    0xFF, 0xF0, 0x01, 0xFF, 0xE0, 0x03, 0xFF, 0x80, 0x03, 0xFF, 0x00, 0x07, 0xFC, 0x00, 0x07, 0xF8,
    0x00, 0x0F, 0xF0, 0x00, 0x1F, 0xC0, 0x00, 0x1F, 0x80, 0x00, 0x7E, 0x00, 0x01, 0xFC, 0x00, 0x7F,
    0xF0, 0x01, 0xFF, 0xE0, 0x03, 0xFF, 0x80, 0x07, 0xFE, 0x00, 0x07, 0xF0, 0x00, 0x00, 0x01, 0xFF,
    0xFE, 0x00, 0x07, 0xFF, 0xF8, 0x00, 0x1F, 0xFF, 0xE0, 0x00, 0x7F, 0xFF, 0x80, 0x01, 0xFF, 0xFC,
    0x00, 0x00, 0x00, 0x00, 0x00, 0x00, 0x00, 0x00, 0x00, 0x00, 0x00, 0x00, 0x00, 0x00, 0x00, 0x00,
    0x00, 0x7F, 0xC0, 0x00, 0x03, 0xFF, 0x00, 0x00, 0x0F, 0xFC, 0x00, 0x00, 0x3F, 0xF8, 0x00, 0x01,
    0xFF, 0xE0, 0x00, 0x07, 0xFF, 0x80, 0x00, 0x3F, 0xFF, 0x00, 0x00, 0xFF, 0xFC, 0x00, 0x03, 0xF7,
    0xF0, 0x00, 0x1F, 0xDF, 0xE0, 0x00, 0x7F, 0x7F, 0x80, 0x01, 0xF8, 0xFF, 0x00, 0x0F, 0xE3, 0xFC,
    0x00, 0x3F, 0x8F, 0xF0, 0x00, 0xFC, 0x1F, 0xE0, 0x07, 0xF0, 0x7F, 0x80, 0x1F, 0x81, 0xFE, 0x00,
    0xFE, 0x03, 0xFC, 0x03, 0xFF, 0xFF, 0xF0, 0x0F, 0xFF, 0xFF, 0xC0, 0x7F, 0xFF, 0xFF, 0x81, 0xFF,
    0xFF, 0xFE, 0x07, 0xFF, 0xFF, 0xF8, 0x3F, 0xFF, 0xFF, 0xF0, 0xFE, 0x00, 0x3F, 0xC3, 0xF8, 0x00,
    0xFF, 0x9F, 0xC0, 0x01, 0xFE, 0x7F, 0x00, 0x07, 0xF9, 0xFC, 0x00, 0x1F, 0xFF, 0xE0, 0x00, 0x3F,
    0xFF, 0x80, 0x00, 0xFF, 0x0F, 0xFF, 0xF0, 0x3F, 0xFF, 0xC0, 0xFF, 0xFF, 0x03, 0xFF, 0xFC, 0x0F,
    0xFF, 0xE0, 0x00, 0x00, 0x00, 0x00, 0x00, 0x00, 0x00, 0x00, 0x00, 0xFF, 0x00, 0x1F, 0xFF, 0x00,
    0xFF, 0xFF, 0x07, 0xFF, 0xFC, 0x3F, 0xFF, 0xF9, 0xFE, 0x0F, 0xE3, 0xF0, 0x3F, 0x81, 0x80, 0x7F,
    0x00, 0x01, 0xFC, 0x01, 0xFF, 0xF0, 0x3F, 0xFF, 0xC3, 0xFF, 0xFF, 0x3F, 0xFF, 0xFC, 0xFF, 0x07,
    0xF7, 0xF0, 0x1F, 0xDF, 0xC0, 0x7F, 0x7F, 0x01, 0xFF, 0xFC, 0x0F, 0xF7, 0xF8, 0xFF, 0xDF, 0xFF,
    0xFF, 0x7F, 0xFF, 0xFC, 0xFF, 0xF7, 0xF1, 0xFF, 0x9F, 0x81, 0xF0, 0x00, 0x01, 0xF0, 0x3E, 0x00,
    0x07, 0xE1, 0xF0, 0x00, 0x0F, 0xFF, 0xC0, 0x00, 0x1F, 0xFE, 0x00, 0x00, 0x3F, 0xF0, 0x00, 0x00,
    0x3F, 0x00, 0x00, 0x00, 0x00, 0x00, 0x00, 0x00, 0x00, 0x00, 0x00, 0x00, 0x00, 0x00, 0x00, 0x7F,
    0xC0, 0x00, 0x03, 0xFF, 0x00, 0x00, 0x0F, 0xFC, 0x00, 0x00, 0x3F, 0xF8, 0x00, 0x01, 0xFF, 0xE0,
    0x00, 0x07, 0xFF, 0x80, 0x00, 0x3F, 0xFF, 0x00, 0x00, 0xFF, 0xFC, 0x00, 0x03, 0xF7, 0xF0, 0x00,
    0x1F, 0xDF, 0xE0, 0x00, 0x7F, 0x7F, 0x80, 0x01, 0xF8, 0xFF, 0x00, 0x0F, 0xE3, 0xFC, 0x00, 0x3F,
    0x8F, 0xF0, 0x00, 0xFC, 0x1F, 0xE0, 0x07, 0xF0, 0x7F, 0x80, 0x1F, 0x81, 0xFE, 0x00, 0xFE, 0x03,
    0xFC, 0x03, 0xFF, 0xFF, 0xF0, 0x0F, 0xFF, 0xFF, 0xC0, 0x7F, 0xFF, 0xFF, 0x81, 0xFF, 0xFF, 0xFE,
    0x07, 0xFF, 0xFF, 0xF8, 0x3F, 0xFF, 0xFF, 0xF0, 0xFE, 0x00, 0x3F, 0xC3, 0xF8, 0x00, 0xFF, 0x9F,
    0xC0, 0x01, 0xFE, 0x7F, 0x00, 0x07, 0xF9, 0xFC, 0x00, 0x1F, 0xFF, 0xE0, 0x00, 0x3F, 0xFF, 0x80,
    0x00, 0xFF, 0x0F, 0x81, 0xE0, 0x3F, 0x0F, 0x80, 0x7F, 0xFE, 0x01, 0xFF, 0xF0, 0x01, 0xFF, 0x80,
    0x01, 0xF8, 0x00, 0x00, 0x00, 0x00, 0x00, 0x00, 0x00, 0xFF, 0x00, 0x1F, 0xFF, 0x00, 0xFF, 0xFF,
    0x07, 0xFF, 0xFC, 0x3F, 0xFF, 0xF9, 0xFE, 0x0F, 0xE3, 0xF0, 0x3F, 0x81, 0x80, 0x7F, 0x00, 0x01,
    0xFC, 0x01, 0xFF, 0xF0, 0x3F, 0xFF, 0xC3, 0xFF, 0xFF, 0x3F, 0xFF, 0xFC, 0xFF, 0x07, 0xF7, 0xF0,
    0x1F, 0xDF, 0xC0, 0x7F, 0x7F, 0x01, 0xFF, 0xFC, 0x0F, 0xF7, 0xF8, 0xFF, 0xDF, 0xFF, 0xFF, 0x7F,
    0xFF, 0xFC, 0xFF, 0xF7, 0xF1, 0xFF, 0x9F, 0x81, 0xF0, 0x00, 0x00, 0x1F, 0xF0, 0x00, 0x00, 0x7F,
    0xE0, 0x00, 0x00, 0xFF, 0xC0, 0x00, 0x01, 0xFF, 0xC0, 0x00, 0x07, 0xFF, 0x80, 0x00, 0x0F, 0xFF,
    0x00, 0x00, 0x3F, 0xFF, 0x00, 0x00, 0x7F, 0xFE, 0x00, 0x00, 0xFD, 0xFC, 0x00, 0x03, 0xFB, 0xFC,
    0x00, 0x07, 0xF7, 0xF8, 0x00, 0x0F, 0xC7, 0xF8, 0x00, 0x3F, 0x8F, 0xF0, 0x00, 0x7F, 0x1F, 0xE0,
    0x00, 0xFC, 0x1F, 0xE0, 0x03, 0xF8, 0x3F, 0xC0, 0x07, 0xE0, 0x7F, 0x80, 0x1F, 0xC0, 0x7F, 0x80,
    0x3F, 0xFF, 0xFF, 0x00, 0x7F, 0xFF, 0xFE, 0x01, 0xFF, 0xFF, 0xFE, 0x03, 0xFF, 0xFF, 0xFC, 0x07,
    0xFF, 0xFF, 0xF8, 0x1F, 0xFF, 0xFF, 0xF8, 0x3F, 0x80, 0x0F, 0xF0, 0x7F, 0x00, 0x1F, 0xF1, 0xFC,
    0x00, 0x1F, 0xE3, 0xF8, 0x00, 0x3F, 0xC7, 0xF0, 0x00, 0x7F, 0xDF, 0xC0, 0x00, 0x7F, 0xBF, 0x80,
    0x00, 0xFF, 0x00, 0x00, 0x01, 0xFC, 0x00, 0x00, 0x07, 0xE0, 0x00, 0x00, 0x0F, 0x80, 0x00, 0x00,
    0x1F, 0x10, 0x00, 0x00, 0x3F, 0xF0, 0x00, 0x00, 0x7F, 0xC0, 0x00, 0x00, 0x7F, 0x80, 0x00, 0x00,
    0x18, 0x00, 0x00, 0xFF, 0x00, 0x1F, 0xFF, 0x00, 0xFF, 0xFF, 0x07, 0xFF, 0xFC, 0x3F, 0xFF, 0xF9,
    0xFE, 0x0F, 0xE3, 0xF0, 0x3F, 0x81, 0x80, 0x7F, 0x00, 0x01, 0xFC, 0x01, 0xFF, 0xF0, 0x3F, 0xFF,
    0xC3, 0xFF, 0xFF, 0x3F, 0xFF, 0xFC, 0xFF, 0x07, 0xF7, 0xF0, 0x1F, 0xDF, 0xC0, 0x7F, 0x7F, 0x01,
    0xFF, 0xFC, 0x0F, 0xF7, 0xF8, 0xFF, 0xDF, 0xFF, 0xFF, 0x7F, 0xFF, 0xFC, 0xFF, 0xF7, 0xF1, 0xFF,
    0x9F, 0x81, 0xF0, 0xFC, 0x00, 0x07, 0xC0, 0x00, 0x3E, 0x00, 0x00, 0xFC, 0xC0, 0x03, 0xFF, 0x00,
    0x0F, 0xFC, 0x00, 0x1F, 0xF0, 0x00, 0x0C, 0x00, 0x00, 0x00, 0x10, 0x00, 0x00, 0x0F, 0x00, 0x00,
    0x03, 0xF8, 0x00, 0x01, 0xFF, 0x80, 0x00, 0x7F, 0xF8, 0x00, 0x07, 0xFE, 0x00, 0x00, 0x7F, 0x00,
    0x00, 0x07, 0x00, 0x00, 0x00, 0x00, 0x00, 0x00, 0x00, 0xF8, 0x00, 0x00, 0x7F, 0xF8, 0x00, 0x1F,
    0xFF, 0xE0, 0x03, 0xFF, 0xFF, 0x00, 0xFF, 0xFF, 0xF8, 0x0F, 0xFF, 0xFF, 0xC1, 0xFF, 0x87, 0xFE,
    0x3F, 0xE0, 0x1F, 0xE3, 0xFE, 0x01, 0xFE, 0x3F, 0xC0, 0x0F, 0xF7, 0xFC, 0x00, 0xFF, 0x7F, 0x80,
    0x07, 0x07, 0xF8, 0x00, 0x00, 0x7F, 0x80, 0x00, 0x07, 0xF8, 0x00, 0x00, 0xFF, 0x80, 0x00, 0x0F,
    0xF8, 0x00, 0x00, 0xFF, 0x80, 0x00, 0x07, 0xF8, 0x00, 0x00, 0x7F, 0x80, 0x00, 0x07, 0xF8, 0x00,
    0x00, 0x7F, 0x80, 0x03, 0x87, 0xFC, 0x00, 0x3F, 0x3F, 0xC0, 0x07, 0xF3, 0xFE, 0x00, 0xFF, 0x1F,
    0xF0, 0x1F, 0xE1, 0xFF, 0xC7, 0xFE, 0x0F, 0xFF, 0xFF, 0xC0, 0x7F, 0xFF, 0xF8, 0x03, 0xFF, 0xFF,
    0x00, 0x1F, 0xFF, 0xE0, 0x00, 0x7F, 0xF8, 0x00, 0x00, 0xFC, 0x00, 0x00, 0x01, 0x00, 0x00, 0x1E,
    0x00, 0x03, 0xF8, 0x00, 0x3F, 0xF0, 0x03, 0xFF, 0xC0, 0x1F, 0xFC, 0x00, 0x7F, 0x00, 0x00, 0xC0,
    0x00, 0x00, 0x00, 0x00, 0x03, 0xF0, 0x00, 0x3F, 0xF8, 0x03, 0xFF, 0xF0, 0x1F, 0xFF, 0xE0, 0xFF,
    0xFF, 0xC3, 0xFC, 0x7F, 0x9F, 0xE0, 0xFE, 0x7F, 0x01, 0xFB, 0xFC, 0x00, 0x0F, 0xE0, 0x00, 0x3F,
    0x80, 0x00, 0xFE, 0x00, 0x03, 0xF8, 0x00, 0x0F, 0xE0, 0x00, 0x3F, 0x80, 0x00, 0xFF, 0x00, 0x61,
    0xFC, 0x03, 0xE7, 0xF8, 0x1F, 0x8F, 0xF0, 0xFE, 0x3F, 0xFF, 0xF0, 0x7F, 0xFF, 0x80, 0xFF, 0xFC,
    0x00, 0xFF, 0xE0, 0x00, 0x7C, 0x00, 0x00, 0x07, 0x80, 0x00, 0x00, 0xFC, 0x00, 0x00, 0x1F, 0xE0,
    0x00, 0x03, 0xFF, 0x00, 0x00, 0x7D, 0xF8, 0x00, 0x0F, 0x8F, 0xC0, 0x01, 0xF0, 0x7E, 0x00, 0x00,
    0x00, 0x00, 0x00, 0x00, 0x00, 0x00, 0x00, 0xF8, 0x00, 0x00, 0x7F, 0xF8, 0x00, 0x1F, 0xFF, 0xE0,
    0x03, 0xFF, 0xFF, 0x00, 0xFF, 0xFF, 0xF8, 0x0F, 0xFF, 0xFF, 0xC1, 0xFF, 0x87, 0xFE, 0x3F, 0xE0,
    0x1F, 0xE3, 0xFE, 0x01, 0xFE, 0x3F, 0xC0, 0x0F, 0xF7, 0xFC, 0x00, 0xFF, 0x7F, 0x80, 0x07, 0x07,
    0xF8, 0x00, 0x00, 0x7F, 0x80, 0x00, 0x07, 0xF8, 0x00, 0x00, 0xFF, 0x80, 0x00, 0x0F, 0xF8, 0x00,
    0x00, 0xFF, 0x80, 0x00, 0x07, 0xF8, 0x00, 0x00, 0x7F, 0x80, 0x00, 0x07, 0xF8, 0x00, 0x00, 0x7F,
    0x80, 0x03, 0x87, 0xFC, 0x00, 0x3F, 0x3F, 0xC0, 0x07, 0xF3, 0xFE, 0x00, 0xFF, 0x1F, 0xF0, 0x1F,
    0xE1, 0xFF, 0xC7, 0xFE, 0x0F, 0xFF, 0xFF, 0xC0, 0x7F, 0xFF, 0xF8, 0x03, 0xFF, 0xFF, 0x00, 0x1F,
    0xFF, 0xE0, 0x00, 0x7F, 0xF8, 0x00, 0x00, 0xFC, 0x00, 0x00, 0x78, 0x00, 0x03, 0xF8, 0x00, 0x1F,
    0xF0, 0x00, 0xFF, 0xE0, 0x07, 0xEF, 0xC0, 0x3F, 0x1F, 0x80, 0xF8, 0x3E, 0x00, 0x00, 0x00, 0x00,
    0x00, 0x00, 0x03, 0xF0, 0x00, 0x3F, 0xF8, 0x03, 0xFF, 0xF0, 0x1F, 0xFF, 0xE0, 0xFF, 0xFF, 0xC3,
    0xFC, 0x7F, 0x9F, 0xE0, 0xFE, 0x7F, 0x01, 0xFB, 0xFC, 0x00, 0x0F, 0xE0, 0x00, 0x3F, 0x80, 0x00,
    0xFE, 0x00, 0x03, 0xF8, 0x00, 0x0F, 0xE0, 0x00, 0x3F, 0x80, 0x00, 0xFF, 0x00, 0x61, 0xFC, 0x03,
    0xE7, 0xF8, 0x1F, 0x8F, 0xF0, 0xFE, 0x3F, 0xFF, 0xF0, 0x7F, 0xFF, 0x80, 0xFF, 0xFC, 0x00, 0xFF,
    0xE0, 0x00, 0x7C, 0x00, 0x00, 0x1F, 0xC0, 0x00, 0x01, 0xFE, 0x00, 0x00, 0x1F, 0xE0, 0x00, 0x01,
    0xFE, 0x00, 0x00, 0x1F, 0xE0, 0x00, 0x01, 0xFE, 0x00, 0x00, 0x0F, 0xC0, 0x00, 0x00, 0x00, 0x00,
    0x00, 0x0F, 0x80, 0x00, 0x07, 0xFF, 0x80, 0x01, 0xFF, 0xFE, 0x00, 0x3F, 0xFF, 0xF0, 0x0F, 0xFF,
    0xFF, 0x80, 0xFF, 0xFF, 0xFC, 0x1F, 0xF8, 0x7F, 0xE3, 0xFE, 0x01, 0xFE, 0x3F, 0xE0, 0x1F, 0xE3,
    0xFC, 0x00, 0xFF, 0x7F, 0xC0, 0x0F, 0xF7, 0xF8, 0x00, 0x70, 0x7F, 0x80, 0x00, 0x07, 0xF8, 0x00,
    0x00, 0x7F, 0x80, 0x00, 0x0F, 0xF8, 0x00, 0x00, 0xFF, 0x80, 0x00, 0x0F, 0xF8, 0x00, 0x00, 0x7F,
    0x80, 0x00, 0x07, 0xF8, 0x00, 0x00, 0x7F, 0x80, 0x00, 0x07, 0xF8, 0x00, 0x38, 0x7F, 0xC0, 0x03,
    0xF3, 0xFC, 0x00, 0x7F, 0x3F, 0xE0, 0x0F, 0xF1, 0xFF, 0x01, 0xFE, 0x1F, 0xFC, 0x7F, 0xE0, 0xFF,
    0xFF, 0xFC, 0x07, 0xFF, 0xFF, 0x80, 0x3F, 0xFF, 0xF0, 0x01, 0xFF, 0xFE, 0x00, 0x07, 0xFF, 0x80,
    0x00, 0x0F, 0xC0, 0x00, 0x00, 0xFE, 0x00, 0x03, 0xF8, 0x00, 0x0F, 0xE0, 0x00, 0x3F, 0x80, 0x00,
    0xFE, 0x00, 0x03, 0xF8, 0x00, 0x0F, 0xC0, 0x00, 0x00, 0x00, 0x00, 0xFC, 0x00, 0x0F, 0xFE, 0x00,
    0xFF, 0xFC, 0x07, 0xFF, 0xF8, 0x3F, 0xFF, 0xF0, 0xFF, 0x1F, 0xE7, 0xF8, 0x3F, 0x9F, 0xC0, 0x7E,
    0xFF, 0x00, 0x03, 0xF8, 0x00, 0x0F, 0xE0, 0x00, 0x3F, 0x80, 0x00, 0xFE, 0x00, 0x03, 0xF8, 0x00,
    0x0F, 0xE0, 0x00, 0x3F, 0xC0, 0x18, 0x7F, 0x00, 0xF9, 0xFE, 0x07, 0xE3, 0xFC, 0x3F, 0x8F, 0xFF,
    0xFC, 0x1F, 0xFF, 0xE0, 0x3F, 0xFF, 0x00, 0x3F, 0xF8, 0x00, 0x1F, 0x00, 0x01, 0xF8, 0x7E, 0x00,
    0x0F, 0xCF, 0xC0, 0x00, 0x7F, 0xF8, 0x00, 0x03, 0xFF, 0x00, 0x00, 0x1F, 0xE0, 0x00, 0x00, 0xFC,
    0x00, 0x00, 0x00, 0x00, 0x00, 0x00, 0x00, 0x00, 0x00, 0x0F, 0x80, 0x00, 0x07, 0xFF, 0x80, 0x01,
    0xFF, 0xFE, 0x00, 0x3F, 0xFF, 0xF0, 0x0F, 0xFF, 0xFF, 0x80, 0xFF, 0xFF, 0xFC, 0x1F, 0xF8, 0x7F,
    0xE3, 0xFE, 0x01, 0xFE, 0x3F, 0xE0, 0x1F, 0xE3, 0xFC, 0x00, 0xFF, 0x7F, 0xC0, 0x0F, 0xF7, 0xF8,
    0x00, 0x70, 0x7F, 0x80, 0x00, 0x07, 0xF8, 0x00, 0x00, 0x7F, 0x80, 0x00, 0x0F, 0xF8, 0x00, 0x00,
    0xFF, 0x80, 0x00, 0x0F, 0xF8, 0x00, 0x00, 0x7F, 0x80, 0x00, 0x07, 0xF8, 0x00, 0x00, 0x7F, 0x80,
    0x00, 0x07, 0xF8, 0x00, 0x38, 0x7F, 0xC0, 0x03, 0xF3, 0xFC, 0x00, 0x7F, 0x3F, 0xE0, 0x0F, 0xF1,
    0xFF, 0x01, 0xFE, 0x1F, 0xFC, 0x7F, 0xE0, 0xFF, 0xFF, 0xFC, 0x07, 0xFF, 0xFF, 0x80, 0x3F, 0xFF,
    0xF0, 0x01, 0xFF, 0xFE, 0x00, 0x07, 0xFF, 0x80, 0x00, 0x0F, 0xC0, 0x00, 0x0F, 0x87, 0xE0, 0x3F,
    0x3F, 0x00, 0x7F, 0xF8, 0x00, 0xFF, 0xC0, 0x01, 0xFE, 0x00, 0x03, 0xF0, 0x00, 0x00, 0x00, 0x00,
    0x00, 0x00, 0x00, 0xFC, 0x00, 0x0F, 0xFE, 0x00, 0xFF, 0xFC, 0x07, 0xFF, 0xF8, 0x3F, 0xFF, 0xF0,
    0xFF, 0x1F, 0xE7, 0xF8, 0x3F, 0x9F, 0xC0, 0x7E, 0xFF, 0x00, 0x03, 0xF8, 0x00, 0x0F, 0xE0, 0x00,
    0x3F, 0x80, 0x00, 0xFE, 0x00, 0x03, 0xF8, 0x00, 0x0F, 0xE0, 0x00, 0x3F, 0xC0, 0x18, 0x7F, 0x00,
    0xF9, 0xFE, 0x07, 0xE3, 0xFC, 0x3F, 0x8F, 0xFF, 0xFC, 0x1F, 0xFF, 0xE0, 0x3F, 0xFF, 0x00, 0x3F,
    0xF8, 0x00, 0x1F, 0x00, 0x03, 0xE1, 0xF8, 0x00, 0x1F, 0x1F, 0x00, 0x00, 0xFB, 0xF0, 0x00, 0x07,
    0xFE, 0x00, 0x00, 0x3F, 0xC0, 0x00, 0x01, 0xF8, 0x00, 0x00, 0x00, 0x00, 0x00, 0x00, 0x00, 0x00,
    0x00, 0x00, 0x00, 0x07, 0xFF, 0xF8, 0x00, 0x7F, 0xFF, 0xF0, 0x07, 0xFF, 0xFF, 0xC0, 0x7F, 0xFF,
    0xFE, 0x07, 0xFF, 0xFF, 0xF0, 0x7F, 0xFF, 0xFF, 0x87, 0xF8, 0x1F, 0xFC, 0x7F, 0x80, 0x7F, 0xC7,
    0xF8, 0x03, 0xFE, 0x7F, 0x80, 0x3F, 0xE7, 0xF8, 0x01, 0xFE, 0x7F, 0x80, 0x1F, 0xE7, 0xF8, 0x01,
    0xFF, 0x7F, 0x80, 0x1F, 0xF7, 0xF8, 0x01, 0xFF, 0x7F, 0x80, 0x1F, 0xF7, 0xF8, 0x01, 0xFF, 0x7F,
    0x80, 0x1F, 0xF7, 0xF8, 0x01, 0xFF, 0x7F, 0x80, 0x1F, 0xE7, 0xF8, 0x01, 0xFE, 0x7F, 0x80, 0x3F,
    0xE7, 0xF8, 0x03, 0xFE, 0x7F, 0x80, 0x7F, 0xC7, 0xF8, 0x1F, 0xFC, 0x7F, 0xFF, 0xFF, 0x87, 0xFF,
    0xFF, 0xF0, 0x7F, 0xFF, 0xFE, 0x07, 0xFF, 0xFF, 0xC0, 0x7F, 0xFF, 0xF0, 0x07, 0xFF, 0xFC, 0x00,
    0x00, 0x01, 0xFC, 0x7C, 0x00, 0x07, 0xF1, 0xF0, 0x00, 0x1F, 0xC7, 0xC0, 0x00, 0x7F, 0x1F, 0x00,
    0x01, 0xFC, 0x7C, 0x00, 0x07, 0xF0, 0xF0, 0x00, 0x1F, 0xC3, 0x80, 0x00, 0x7F, 0x1E, 0x01, 0xF1,
    0xFC, 0x70, 0x1F, 0xF7, 0xF1, 0xC0, 0xFF, 0xFF, 0xC0, 0x07, 0xFF, 0xFF, 0x00, 0x3F, 0xFF, 0xFC,
    0x01, 0xFF, 0x0F, 0xF0, 0x07, 0xF8, 0x1F, 0xC0, 0x1F, 0xC0, 0x7F, 0x00, 0xFF, 0x01, 0xFC, 0x03,
    0xF8, 0x07, 0xF0, 0x0F, 0xE0, 0x1F, 0xC0, 0x3F, 0x80, 0x7F, 0x00, 0xFE, 0x01, 0xFC, 0x03, 0xF8,
    0x07, 0xF0, 0x0F, 0xE0, 0x1F, 0xC0, 0x3F, 0xC0, 0x7F, 0x00, 0xFF, 0x01, 0xFC, 0x01, 0xFC, 0x07,
    0xF0, 0x07, 0xFC, 0x3F, 0xC0, 0x0F, 0xFF, 0xFF, 0x00, 0x3F, 0xFF, 0xFC, 0x00, 0x7F, 0xFF, 0xF0,
    0x00, 0xFF, 0xDF, 0xC0, 0x00, 0x78, 0x00, 0x00, 0x3F, 0xFF, 0xE0, 0x00, 0xFF, 0xFF, 0xE0, 0x03,
    0xFF, 0xFF, 0xE0, 0x0F, 0xFF, 0xFF, 0xE0, 0x3F, 0xFF, 0xFF, 0xC0, 0xFF, 0xFF, 0xFF, 0x83, 0xFC,
    0x07, 0xFE, 0x0F, 0xF0, 0x0F, 0xFC, 0x3F, 0xC0, 0x1F, 0xF0, 0xFF, 0x00, 0x3F, 0xE3, 0xFC, 0x00,
    0xFF, 0x8F, 0xF0, 0x01, 0xFE, 0x3F, 0xC0, 0x07, 0xFB, 0xFF, 0xFC, 0x1F, 0xEF, 0xFF, 0xF0, 0x7F,
    0xBF, 0xFF, 0xC1, 0xFE, 0xFF, 0xFF, 0x07, 0xFB, 0xFF, 0xFC, 0x1F, 0xE3, 0xFC, 0x00, 0x7F, 0x8F,
    0xF0, 0x01, 0xFE, 0x3F, 0xC0, 0x0F, 0xF8, 0xFF, 0x00, 0x3F, 0xE3, 0xFC, 0x01, 0xFF, 0x0F, 0xF0,
    0x0F, 0xFC, 0x3F, 0xC0, 0x7F, 0xE0, 0xFF, 0xFF, 0xFF, 0x83, 0xFF, 0xFF, 0xFC, 0x0F, 0xFF, 0xFF,
    0xE0, 0x3F, 0xFF, 0xFE, 0x00, 0xFF, 0xFF, 0xF0, 0x03, 0xFF, 0xFE, 0x00, 0x00, 0x00, 0x01, 0xFC,
    0x00, 0x00, 0xFE, 0x00, 0x0F, 0xFF, 0xC0, 0x0F, 0xFF, 0xE0, 0x07, 0xFF, 0xF8, 0x03, 0xFF, 0xF8,
    0x00, 0xFF, 0xFC, 0x00, 0x03, 0xF8, 0x01, 0xF1, 0xFC, 0x03, 0xFE, 0xFE, 0x03, 0xFF, 0xFF, 0x03,
    0xFF, 0xFF, 0x83, 0xFF, 0xFF, 0xC3, 0xFE, 0x1F, 0xE1, 0xFE, 0x07, 0xF0, 0xFE, 0x03, 0xF8, 0xFF,
    0x01, 0xFC, 0x7F, 0x00, 0xFE, 0x3F, 0x80, 0x7F, 0x1F, 0xC0, 0x3F, 0x8F, 0xE0, 0x1F, 0xC7, 0xF0,
    0x0F, 0xE3, 0xF8, 0x07, 0xF1, 0xFE, 0x03, 0xF8, 0xFF, 0x01, 0xFC, 0x3F, 0x80, 0xFE, 0x1F, 0xF0,
    0xFF, 0x07, 0xFF, 0xFF, 0x83, 0xFF, 0xFF, 0xC0, 0xFF, 0xFF, 0xE0, 0x3F, 0xF7, 0xF0, 0x03, 0xC0,
    0x00, 0x0F, 0xFF, 0xF0, 0x0F, 0xFF, 0xF0, 0x0F, 0xFF, 0xF0, 0x0F, 0xFF, 0xF0, 0x07, 0xFF, 0xF0,
    0x00, 0x00, 0x00, 0x00, 0x00, 0x00, 0x00, 0x00, 0x00, 0x00, 0x00, 0x00, 0x7F, 0xFF, 0xFF, 0x7F,
    0xFF, 0xFF, 0x7F, 0xFF, 0xFF, 0x7F, 0xFF, 0xFF, 0x7F, 0xFF, 0xFF, 0x7F, 0xFF, 0xFE, 0x7F, 0x80,
    0x00, 0x7F, 0x80, 0x00, 0x7F, 0x80, 0x00, 0x7F, 0x80, 0x00, 0x7F, 0x80, 0x00, 0x7F, 0x80, 0x00,
    0x7F, 0xFF, 0xC0, 0x7F, 0xFF, 0xE0, 0x7F, 0xFF, 0xE0, 0x7F, 0xFF, 0xE0, 0x7F, 0xFF, 0xE0, 0x7F,
    0xFF, 0xE0, 0x7F, 0x80, 0x00, 0x7F, 0x80, 0x00, 0x7F, 0x80, 0x00, 0x7F, 0x80, 0x00, 0x7F, 0x80,
    0x00, 0x7F, 0x80, 0x00, 0x7F, 0x80, 0x00, 0x7F, 0xFF, 0xFF, 0x7F, 0xFF, 0xFF, 0x7F, 0xFF, 0xFF,
    0x7F, 0xFF, 0xFF, 0x7F, 0xFF, 0xFF, 0x7F, 0xFF, 0xFF, 0x0F, 0xFF, 0xE0, 0x3F, 0xFF, 0xC0, 0x7F,
    0xFF, 0x80, 0x7F, 0xFF, 0x00, 0xFF, 0xFE, 0x00, 0x00, 0x00, 0x00, 0x00, 0x00, 0x00, 0x00, 0x00,
    0x00, 0x7E, 0x00, 0x07, 0xFF, 0x00, 0x3F, 0xFF, 0x80, 0xFF, 0xFF, 0x83, 0xFF, 0xFF, 0x07, 0xF0,
    0x7F, 0x1F, 0xC0, 0x7F, 0x3F, 0x80, 0xFE, 0xFE, 0x00, 0xFD, 0xFF, 0xFF, 0xFB, 0xFF, 0xFF, 0xFF,
    0xFF, 0xFF, 0xFF, 0xFF, 0xFF, 0xFF, 0xFF, 0xFF, 0xBF, 0x80, 0x00, 0x7F, 0x80, 0x00, 0x7F, 0x00,
    0x70, 0xFF, 0x01, 0xF8, 0xFF, 0x8F, 0xF1, 0xFF, 0xFF, 0xC1, 0xFF, 0xFF, 0x01, 0xFF, 0xFC, 0x00,
    0xFF, 0xF0, 0x00, 0x3F, 0x00, 0x0F, 0x81, 0xF0, 0x07, 0xC3, 0xF0, 0x07, 0xFF, 0xE0, 0x03, 0xFF,
    0xC0, 0x01, 0xFF, 0x80, 0x00, 0x7E, 0x00, 0x00, 0x00, 0x00, 0x00, 0x00, 0x00, 0x00, 0x00, 0x00,
    0x7F, 0xFF, 0xFF, 0x7F, 0xFF, 0xFF, 0x7F, 0xFF, 0xFF, 0x7F, 0xFF, 0xFF, 0x7F, 0xFF, 0xFF, 0x7F,
    0xFF, 0xFE, 0x7F, 0x80, 0x00, 0x7F, 0x80, 0x00, 0x7F, 0x80, 0x00, 0x7F, 0x80, 0x00, 0x7F, 0x80,
    0x00, 0x7F, 0x80, 0x00, 0x7F, 0xFF, 0xC0, 0x7F, 0xFF, 0xE0, 0x7F, 0xFF, 0xE0, 0x7F, 0xFF, 0xE0,
    0x7F, 0xFF, 0xE0, 0x7F, 0xFF, 0xE0, 0x7F, 0x80, 0x00, 0x7F, 0x80, 0x00, 0x7F, 0x80, 0x00, 0x7F,
    0x80, 0x00, 0x7F, 0x80, 0x00, 0x7F, 0x80, 0x00, 0x7F, 0x80, 0x00, 0x7F, 0xFF, 0xFF, 0x7F, 0xFF,
    0xFF, 0x7F, 0xFF, 0xFF, 0x7F, 0xFF, 0xFF, 0x7F, 0xFF, 0xFF, 0x7F, 0xFF, 0xFF, 0x0F, 0x01, 0xE0,
    0x1F, 0x87, 0xC0, 0x1F, 0xFF, 0x00, 0x3F, 0xFE, 0x00, 0x3F, 0xF0, 0x00, 0x1F, 0x80, 0x00, 0x00,
    0x00, 0x00, 0x00, 0x00, 0x00, 0x7E, 0x00, 0x07, 0xFF, 0x00, 0x3F, 0xFF, 0x80, 0xFF, 0xFF, 0x83,
    0xFF, 0xFF, 0x07, 0xF0, 0x7F, 0x1F, 0xC0, 0x7F, 0x3F, 0x80, 0xFE, 0xFE, 0x00, 0xFD, 0xFF, 0xFF,
    0xFB, 0xFF, 0xFF, 0xFF, 0xFF, 0xFF, 0xFF, 0xFF, 0xFF, 0xFF, 0xFF, 0xFF, 0xBF, 0x80, 0x00, 0x7F,
    0x80, 0x00, 0x7F, 0x00, 0x70, 0xFF, 0x01, 0xF8, 0xFF, 0x8F, 0xF1, 0xFF, 0xFF, 0xC1, 0xFF, 0xFF,
    0x01, 0xFF, 0xFC, 0x00, 0xFF, 0xF0, 0x00, 0x3F, 0x00, 0x00, 0x7F, 0x00, 0x00, 0xFF, 0x00, 0x00,
    0xFF, 0x00, 0x00, 0xFF, 0x00, 0x00, 0xFF, 0x00, 0x00, 0x7F, 0x00, 0x00, 0x7E, 0x00, 0x00, 0x00,
    0x00, 0x00, 0x00, 0x00, 0x7F, 0xFF, 0xFF, 0x7F, 0xFF, 0xFF, 0x7F, 0xFF, 0xFF, 0x7F, 0xFF, 0xFF,
    0x7F, 0xFF, 0xFF, 0x7F, 0xFF, 0xFE, 0x7F, 0x80, 0x00, 0x7F, 0x80, 0x00, 0x7F, 0x80, 0x00, 0x7F,
    0x80, 0x00, 0x7F, 0x80, 0x00, 0x7F, 0x80, 0x00, 0x7F, 0xFF, 0xC0, 0x7F, 0xFF, 0xE0, 0x7F, 0xFF,
    0xE0, 0x7F, 0xFF, 0xE0, 0x7F, 0xFF, 0xE0, 0x7F, 0xFF, 0xE0, 0x7F, 0x80, 0x00, 0x7F, 0x80, 0x00,
    0x7F, 0x80, 0x00, 0x7F, 0x80, 0x00, 0x7F, 0x80, 0x00, 0x7F, 0x80, 0x00, 0x7F, 0x80, 0x00, 0x7F,
    0xFF, 0xFF, 0x7F, 0xFF, 0xFF, 0x7F, 0xFF, 0xFF, 0x7F, 0xFF, 0xFF, 0x7F, 0xFF, 0xFF, 0x7F, 0xFF,
    0xFF, 0x00, 0xFE, 0x00, 0x01, 0xFC, 0x00, 0x03, 0xF8, 0x00, 0x07, 0xF0, 0x00, 0x0F, 0xE0, 0x00,
    0x1F, 0xC0, 0x00, 0x1F, 0x00, 0x00, 0x00, 0x00, 0x00, 0x7E, 0x00, 0x07, 0xFF, 0x00, 0x3F, 0xFF,
    0x80, 0xFF, 0xFF, 0x83, 0xFF, 0xFF, 0x07, 0xF0, 0x7F, 0x1F, 0xC0, 0x7F, 0x3F, 0x80, 0xFE, 0xFE,
    0x00, 0xFD, 0xFF, 0xFF, 0xFB, 0xFF, 0xFF, 0xFF, 0xFF, 0xFF, 0xFF, 0xFF, 0xFF, 0xFF, 0xFF, 0xFF,
    0xBF, 0x80, 0x00, 0x7F, 0x80, 0x00, 0x7F, 0x00, 0x70, 0xFF, 0x01, 0xF8, 0xFF, 0x8F, 0xF1, 0xFF,
    0xFF, 0xC1, 0xFF, 0xFF, 0x01, 0xFF, 0xFC, 0x00, 0xFF, 0xF0, 0x00, 0x3F, 0x00, 0x7F, 0xFF, 0xFF,
    0x3F, 0xFF, 0xFF, 0x9F, 0xFF, 0xFF, 0xCF, 0xFF, 0xFF, 0xE7, 0xFF, 0xFF, 0xF3, 0xFF, 0xFF, 0xF1,
    0xFE, 0x00, 0x00, 0xFF, 0x00, 0x00, 0x7F, 0x80, 0x00, 0x3F, 0xC0, 0x00, 0x1F, 0xE0, 0x00, 0x0F,
    0xF0, 0x00, 0x07, 0xFF, 0xFC, 0x03, 0xFF, 0xFF, 0x01, 0xFF, 0xFF, 0x80, 0xFF, 0xFF, 0xC0, 0x7F,
    0xFF, 0xE0, 0x3F, 0xFF, 0xF0, 0x1F, 0xE0, 0x00, 0x0F, 0xF0, 0x00, 0x07, 0xF8, 0x00, 0x03, 0xFC,
    0x00, 0x01, 0xFE, 0x00, 0x00, 0xFF, 0x00, 0x00, 0x7F, 0x80, 0x00, 0x3F, 0xFF, 0xFF, 0x9F, 0xFF,
    0xFF, 0xCF, 0xFF, 0xFF, 0xE7, 0xFF, 0xFF, 0xF3, 0xFF, 0xFF, 0xF9, 0xFF, 0xFF, 0xFC, 0x00, 0x01,
    0xFC, 0x00, 0x01, 0xF8, 0x00, 0x00, 0xF8, 0x00, 0x00, 0xFC, 0x40, 0x00, 0x3F, 0xE0, 0x00, 0x1F,
    0xF0, 0x00, 0x07, 0xF8, 0x00, 0x00, 0x60, 0x00, 0x7E, 0x00, 0x07, 0xFF, 0x00, 0x3F, 0xFF, 0x80,
    0xFF, 0xFF, 0x83, 0xFF, 0xFF, 0x07, 0xF0, 0x7F, 0x1F, 0xC0, 0x7F, 0x3F, 0x80, 0xFE, 0xFE, 0x00,
    0xFD, 0xFF, 0xFF, 0xFB, 0xFF, 0xFF, 0xFF, 0xFF, 0xFF, 0xFF, 0xFF, 0xFF, 0xFF, 0xFF, 0xFF, 0xBF,
    0x80, 0x00, 0x7F, 0x80, 0x00, 0x7F, 0x00, 0x70, 0xFF, 0x01, 0xF8, 0xFF, 0x8F, 0xF1, 0xFF, 0xFF,
    0xC1, 0xFF, 0xFF, 0x01, 0xFF, 0xFC, 0x00, 0xFF, 0xF0, 0x00, 0x3F, 0x00, 0x00, 0x7C, 0x00, 0x01,
    0xF8, 0x80, 0x03, 0xFF, 0x00, 0x03, 0xFE, 0x00, 0x03, 0xFC, 0x00, 0x00, 0x80, 0x00, 0x0F, 0xC3,
    0xF0, 0x07, 0xE7, 0xE0, 0x03, 0xFF, 0xC0, 0x01, 0xFF, 0x80, 0x00, 0xFF, 0x00, 0x00, 0x7E, 0x00,
    0x00, 0x00, 0x00, 0x00, 0x00, 0x00, 0x00, 0x00, 0x00, 0x7F, 0xFF, 0xFF, 0x7F, 0xFF, 0xFF, 0x7F,
    0xFF, 0xFF, 0x7F, 0xFF, 0xFF, 0x7F, 0xFF, 0xFF, 0x7F, 0xFF, 0xFE, 0x7F, 0x80, 0x00, 0x7F, 0x80,
    0x00, 0x7F, 0x80, 0x00, 0x7F, 0x80, 0x00, 0x7F, 0x80, 0x00, 0x7F, 0x80, 0x00, 0x7F, 0xFF, 0xC0,
    0x7F, 0xFF, 0xE0, 0x7F, 0xFF, 0xE0, 0x7F, 0xFF, 0xE0, 0x7F, 0xFF, 0xE0, 0x7F, 0xFF, 0xE0, 0x7F,
    0x80, 0x00, 0x7F, 0x80, 0x00, 0x7F, 0x80, 0x00, 0x7F, 0x80, 0x00, 0x7F, 0x80, 0x00, 0x7F, 0x80,
    0x00, 0x7F, 0x80, 0x00, 0x7F, 0xFF, 0xFF, 0x7F, 0xFF, 0xFF, 0x7F, 0xFF, 0xFF, 0x7F, 0xFF, 0xFF,
    0x7F, 0xFF, 0xFF, 0x7F, 0xFF, 0xFF, 0x0F, 0x87, 0xE0, 0x0F, 0x9F, 0x80, 0x1F, 0xBE, 0x00, 0x1F,
    0xF8, 0x00, 0x1F, 0xF0, 0x00, 0x1F, 0xC0, 0x00, 0x00, 0x00, 0x00, 0x00, 0x00, 0x00, 0x7E, 0x00,
    0x07, 0xFF, 0x00, 0x3F, 0xFF, 0x80, 0xFF, 0xFF, 0x83, 0xFF, 0xFF, 0x07, 0xF0, 0x7F, 0x1F, 0xC0,
    0x7F, 0x3F, 0x80, 0xFE, 0xFE, 0x00, 0xFD, 0xFF, 0xFF, 0xFB, 0xFF, 0xFF, 0xFF, 0xFF, 0xFF, 0xFF,
    0xFF, 0xFF, 0xFF, 0xFF, 0xFF, 0xBF, 0x80, 0x00, 0x7F, 0x80, 0x00, 0x7F, 0x00, 0x70, 0xFF, 0x01,
    0xF8, 0xFF, 0x8F, 0xF1, 0xFF, 0xFF, 0xC1, 0xFF, 0xFF, 0x01, 0xFF, 0xFC, 0x00, 0xFF, 0xF0, 0x00,
    0x3F, 0x00, 0x00, 0x07, 0x80, 0x00, 0x00, 0xFE, 0x00, 0x00, 0x0F, 0xF8, 0x00, 0x00, 0xFF, 0xE0,
    0x00, 0x07, 0xDF, 0x80, 0x00, 0x7C, 0x7E, 0x00, 0x07, 0xC1, 0xF0, 0x00, 0x00, 0x00, 0x00, 0x00,
    0x00, 0x00, 0x00, 0x00, 0x7E, 0x00, 0x00, 0x1F, 0xFE, 0x00, 0x03, 0xFF, 0xFC, 0x00, 0x3F, 0xFF,
    0xF0, 0x03, 0xFF, 0xFF, 0xC0, 0x3F, 0xFF, 0xFF, 0x03, 0xFF, 0x0F, 0xFC, 0x1F, 0xE0, 0x1F, 0xE1,
    0xFE, 0x00, 0x7F, 0x8F, 0xF0, 0x03, 0xFC, 0xFF, 0x80, 0x0F, 0xE7, 0xF8, 0x00, 0x70, 0x3F, 0xC0,
    0x00, 0x01, 0xFE, 0x00, 0x00, 0x0F, 0xF0, 0x00, 0x00, 0xFF, 0x80, 0x00, 0x07, 0xFC, 0x0F, 0xFF,
    0xBF, 0xE0, 0x7F, 0xFE, 0xFF, 0x03, 0xFF, 0xF7, 0xF8, 0x1F, 0xFF, 0xBF, 0xC0, 0xFF, 0xFD, 0xFE,
    0x00, 0x1F, 0xEF, 0xF8, 0x00, 0xFF, 0x3F, 0xC0, 0x07, 0xF9, 0xFE, 0x00, 0x7F, 0xCF, 0xF8, 0x07,
    0xFE, 0x3F, 0xF0, 0x7F, 0xF0, 0xFF, 0xFF, 0xFF, 0x87, 0xFF, 0xFF, 0xFC, 0x0F, 0xFF, 0xFB, 0xE0,
    0x3F, 0xFF, 0x9F, 0x00, 0x7F, 0xF0, 0x70, 0x00, 0x7E, 0x00, 0x00, 0x00, 0x3E, 0x00, 0x00, 0x1F,
    0xC0, 0x00, 0x0F, 0xF8, 0x00, 0x07, 0xFF, 0x00, 0x03, 0xF7, 0xE0, 0x01, 0xF8, 0xFC, 0x00, 0x7C,
    0x1F, 0x00, 0x00, 0x00, 0x00, 0x00, 0x00, 0x00, 0x00, 0x1F, 0xC0, 0xF0, 0x3F, 0xFC, 0x7C, 0x3F,
    0xFF, 0xFF, 0x1F, 0xFF, 0xFF, 0xCF, 0xF0, 0xFF, 0xF3, 0xF8, 0x1F, 0xC0, 0xFC, 0x03, 0xF0, 0x3F,
    0x00, 0xFC, 0x0F, 0xC0, 0x3F, 0x03, 0xF8, 0x1F, 0xC0, 0xFF, 0x0F, 0xF0, 0x1F, 0xFF, 0xF8, 0x03,
    0xFF, 0xFC, 0x00, 0x7F, 0xFC, 0x00, 0x7F, 0xF8, 0x00, 0x3F, 0x00, 0x00, 0x0F, 0xFC, 0x00, 0x03,
    0xFF, 0xFF, 0x00, 0xFF, 0xFF, 0xF0, 0x3F, 0xFF, 0xFE, 0x07, 0xFF, 0xFF, 0xC3, 0xFF, 0xFF, 0xF1,
    0xF8, 0x03, 0xFE, 0xFC, 0x00, 0x3F, 0xBF, 0x00, 0x0F, 0xCF, 0xE0, 0x03, 0xF3, 0xFE, 0x03, 0xFC,
    0x7F, 0xFF, 0xFE, 0x0F, 0xFF, 0xFF, 0x00, 0xFF, 0xFF, 0x00, 0x03, 0xFC, 0x00, 0x01, 0xF0, 0x3E,
    0x00, 0x0F, 0xC3, 0xE0, 0x00, 0x3F, 0xFF, 0x00, 0x00, 0xFF, 0xF0, 0x00, 0x03, 0xFF, 0x00, 0x00,
    0x07, 0xE0, 0x00, 0x00, 0x00, 0x00, 0x00, 0x00, 0x00, 0x00, 0x00, 0x0F, 0xC0, 0x00, 0x03, 0xFF,
    0xC0, 0x00, 0x7F, 0xFF, 0x80, 0x07, 0xFF, 0xFE, 0x00, 0x7F, 0xFF, 0xF8, 0x07, 0xFF, 0xFF, 0xE0,
    0x7F, 0xE1, 0xFF, 0x83, 0xFC, 0x03, 0xFC, 0x3F, 0xC0, 0x0F, 0xF1, 0xFE, 0x00, 0x7F, 0x9F, 0xF0,
    0x01, 0xFC, 0xFF, 0x00, 0x0E, 0x07, 0xF8, 0x00, 0x00, 0x3F, 0xC0, 0x00, 0x01, 0xFE, 0x00, 0x00,
    0x1F, 0xF0, 0x00, 0x00, 0xFF, 0x81, 0xFF, 0xF7, 0xFC, 0x0F, 0xFF, 0xDF, 0xE0, 0x7F, 0xFE, 0xFF,
    0x03, 0xFF, 0xF7, 0xF8, 0x1F, 0xFF, 0xBF, 0xC0, 0x03, 0xFD, 0xFF, 0x00, 0x1F, 0xE7, 0xF8, 0x00,
    0xFF, 0x3F, 0xC0, 0x0F, 0xF9, 0xFF, 0x00, 0xFF, 0xC7, 0xFE, 0x0F, 0xFE, 0x1F, 0xFF, 0xFF, 0xF0,
    0xFF, 0xFF, 0xFF, 0x81, 0xFF, 0xFF, 0x7C, 0x07, 0xFF, 0xF3, 0xE0, 0x0F, 0xFE, 0x0E, 0x00, 0x0F,
    0xC0, 0x00, 0x07, 0x80, 0xF0, 0x01, 0xF8, 0xFC, 0x00, 0x7F, 0xFE, 0x00, 0x0F, 0xFF, 0x80, 0x01,
    0xFF, 0x80, 0x00, 0x1F, 0x80, 0x00, 0x00, 0x00, 0x00, 0x00, 0x00, 0x00, 0x00, 0x7F, 0x03, 0xC0,
    0xFF, 0xF1, 0xF0, 0xFF, 0xFF, 0xFC, 0x7F, 0xFF, 0xFF, 0x3F, 0xC3, 0xFF, 0xCF, 0xE0, 0x7F, 0x03,
    0xF0, 0x0F, 0xC0, 0xFC, 0x03, 0xF0, 0x3F, 0x00, 0xFC, 0x0F, 0xE0, 0x7F, 0x03, 0xFC, 0x3F, 0xC0,
    0x7F, 0xFF, 0xE0, 0x0F, 0xFF, 0xF0, 0x01, 0xFF, 0xF0, 0x01, 0xFF, 0xE0, 0x00, 0xFC, 0x00, 0x00,
    0x3F, 0xF0, 0x00, 0x0F, 0xFF, 0xFC, 0x03, 0xFF, 0xFF, 0xC0, 0xFF, 0xFF, 0xF8, 0x1F, 0xFF, 0xFF,
    0x0F, 0xFF, 0xFF, 0xC7, 0xE0, 0x0F, 0xFB, 0xF0, 0x00, 0xFE, 0xFC, 0x00, 0x3F, 0x3F, 0x80, 0x0F,
    0xCF, 0xF8, 0x0F, 0xF1, 0xFF, 0xFF, 0xF8, 0x3F, 0xFF, 0xFC, 0x03, 0xFF, 0xFC, 0x00, 0x0F, 0xF0,
    0x00, 0x00, 0x1F, 0xC0, 0x00, 0x00, 0xFE, 0x00, 0x00, 0x07, 0xF0, 0x00, 0x00, 0x3F, 0x80, 0x00,
    0x01, 0xFC, 0x00, 0x00, 0x0F, 0xE0, 0x00, 0x00, 0x3F, 0x00, 0x00, 0x00, 0x00, 0x00, 0x00, 0x0F,
    0xC0, 0x00, 0x03, 0xFF, 0xC0, 0x00, 0x7F, 0xFF, 0x80, 0x07, 0xFF, 0xFE, 0x00, 0x7F, 0xFF, 0xF8,
    0x07, 0xFF, 0xFF, 0xE0, 0x7F, 0xE1, 0xFF, 0x83, 0xFC, 0x03, 0xFC, 0x3F, 0xC0, 0x0F, 0xF1, 0xFE,
    0x00, 0x7F, 0x9F, 0xF0, 0x01, 0xFC, 0xFF, 0x00, 0x0E, 0x07, 0xF8, 0x00, 0x00, 0x3F, 0xC0, 0x00,
    0x01, 0xFE, 0x00, 0x00, 0x1F, 0xF0, 0x00, 0x00, 0xFF, 0x81, 0xFF, 0xF7, 0xFC, 0x0F, 0xFF, 0xDF,
    0xE0, 0x7F, 0xFE, 0xFF, 0x03, 0xFF, 0xF7, 0xF8, 0x1F, 0xFF, 0xBF, 0xC0, 0x03, 0xFD, 0xFF, 0x00,
    0x1F, 0xE7, 0xF8, 0x00, 0xFF, 0x3F, 0xC0, 0x0F, 0xF9, 0xFF, 0x00, 0xFF, 0xC7, 0xFE, 0x0F, 0xFE,
    0x1F, 0xFF, 0xFF, 0xF0, 0xFF, 0xFF, 0xFF, 0x81, 0xFF, 0xFF, 0x7C, 0x07, 0xFF, 0xF3, 0xE0, 0x0F,
    0xFE, 0x0E, 0x00, 0x0F, 0xC0, 0x00, 0x00, 0x7F, 0x00, 0x00, 0x1F, 0xC0, 0x00, 0x07, 0xF0, 0x00,
    0x01, 0xFC, 0x00, 0x00, 0x7F, 0x00, 0x00, 0x1F, 0xC0, 0x00, 0x03, 0xE0, 0x00, 0x00, 0x00, 0x00,
    0x00, 0x7F, 0x03, 0xC0, 0xFF, 0xF1, 0xF0, 0xFF, 0xFF, 0xFC, 0x7F, 0xFF, 0xFF, 0x3F, 0xC3, 0xFF,
    0xCF, 0xE0, 0x7F, 0x03, 0xF0, 0x0F, 0xC0, 0xFC, 0x03, 0xF0, 0x3F, 0x00, 0xFC, 0x0F, 0xE0, 0x7F,
    0x03, 0xFC, 0x3F, 0xC0, 0x7F, 0xFF, 0xE0, 0x0F, 0xFF, 0xF0, 0x01, 0xFF, 0xF0, 0x01, 0xFF, 0xE0,
    0x00, 0xFC, 0x00, 0x00, 0x3F, 0xF0, 0x00, 0x0F, 0xFF, 0xFC, 0x03, 0xFF, 0xFF, 0xC0, 0xFF, 0xFF,
    0xF8, 0x1F, 0xFF, 0xFF, 0x0F, 0xFF, 0xFF, 0xC7, 0xE0, 0x0F, 0xFB, 0xF0, 0x00, 0xFE, 0xFC, 0x00,
    0x3F, 0x3F, 0x80, 0x0F, 0xCF, 0xF8, 0x0F, 0xF1, 0xFF, 0xFF, 0xF8, 0x3F, 0xFF, 0xFC, 0x03, 0xFF,
    0xFC, 0x00, 0x0F, 0xF0, 0x00, 0x00, 0x0F, 0xC0, 0x00, 0x03, 0xFF, 0xC0, 0x00, 0x7F, 0xFF, 0x80,
    0x07, 0xFF, 0xFE, 0x00, 0x7F, 0xFF, 0xF8, 0x07, 0xFF, 0xFF, 0xE0, 0x7F, 0xE1, 0xFF, 0x83, 0xFC,
    0x03, 0xFC, 0x3F, 0xC0, 0x0F, 0xF1, 0xFE, 0x00, 0x7F, 0x9F, 0xF0, 0x01, 0xFC, 0xFF, 0x00, 0x0E,
    0x07, 0xF8, 0x00, 0x00, 0x3F, 0xC0, 0x00, 0x01, 0xFE, 0x00, 0x00, 0x1F, 0xF0, 0x00, 0x00, 0xFF,
    0x81, 0xFF, 0xF7, 0xFC, 0x0F, 0xFF, 0xDF, 0xE0, 0x7F, 0xFE, 0xFF, 0x03, 0xFF, 0xF7, 0xF8, 0x1F,
    0xFF, 0xBF, 0xC0, 0x03, 0xFD, 0xFF, 0x00, 0x1F, 0xE7, 0xF8, 0x00, 0xFF, 0x3F, 0xC0, 0x0F, 0xF9,
    0xFF, 0x00, 0xFF, 0xC7, 0xFE, 0x0F, 0xFE, 0x1F, 0xFF, 0xFF, 0xF0, 0xFF, 0xFF, 0xFF, 0x81, 0xFF,
    0xFF, 0x7C, 0x07, 0xFF, 0xF3, 0xE0, 0x0F, 0xFE, 0x0E, 0x00, 0x0F, 0xC0, 0x00, 0x00, 0x00, 0x00,
    0x00, 0x01, 0xE0, 0x00, 0x00, 0x1F, 0x80, 0x00, 0x00, 0xFC, 0x00, 0x00, 0x07, 0xE0, 0x00, 0x00,
    0x1F, 0x00, 0x00, 0x00, 0x70, 0x00, 0x00, 0x07, 0x00, 0x00, 0x00, 0x38, 0x00, 0x00, 0x00, 0x00,
    0x00, 0x00, 0x00, 0x00, 0x00, 0x03, 0x80, 0x00, 0x01, 0xC0, 0x00, 0x00, 0xF0, 0x00, 0x00, 0x3E,
    0x00, 0x00, 0x0F, 0x80, 0x00, 0x03, 0xE0, 0x00, 0x00, 0xF8, 0x00, 0x00, 0x3E, 0x00, 0x00, 0x00,
    0x00, 0x00, 0x00, 0x00, 0x00, 0x01, 0xFC, 0x0F, 0x03, 0xFF, 0xC7, 0xC3, 0xFF, 0xFF, 0xF1, 0xFF,
    0xFF, 0xFC, 0xFF, 0x0F, 0xFF, 0x3F, 0x81, 0xFC, 0x0F, 0xC0, 0x3F, 0x03, 0xF0, 0x0F, 0xC0, 0xFC,
    0x03, 0xF0, 0x3F, 0x81, 0xFC, 0x0F, 0xF0, 0xFF, 0x01, 0xFF, 0xFF, 0x80, 0x3F, 0xFF, 0xC0, 0x07,
    0xFF, 0xC0, 0x07, 0xFF, 0x80, 0x03, 0xF0, 0x00, 0x00, 0xFF, 0xC0, 0x00, 0x3F, 0xFF, 0xF0, 0x0F,
    0xFF, 0xFF, 0x03, 0xFF, 0xFF, 0xE0, 0x7F, 0xFF, 0xFC, 0x3F, 0xFF, 0xFF, 0x1F, 0x80, 0x3F, 0xEF,
    0xC0, 0x03, 0xFB, 0xF0, 0x00, 0xFC, 0xFE, 0x00, 0x3F, 0x3F, 0xE0, 0x3F, 0xC7, 0xFF, 0xFF, 0xE0,
    0xFF, 0xFF, 0xF0, 0x0F, 0xFF, 0xF0, 0x00, 0x3F, 0xC0, 0x00, 0x00, 0x0F, 0x00, 0x00, 0x07, 0xF0,
    0x00, 0x01, 0xFF, 0x00, 0x00, 0x7F, 0xF0, 0x00, 0x1F, 0xBF, 0x00, 0x07, 0xE3, 0xF0, 0x00, 0xF8,
    0x3E, 0x00, 0x00, 0x00, 0x00, 0x00, 0x00, 0x00, 0x00, 0x00, 0x00, 0x01, 0xFC, 0x00, 0x7F, 0xBF,
    0xC0, 0x0F, 0xF7, 0xF8, 0x01, 0xFE, 0xFF, 0x00, 0x3F, 0xDF, 0xE0, 0x07, 0xFB, 0xFC, 0x00, 0xFF,
    0x7F, 0x80, 0x1F, 0xEF, 0xF0, 0x03, 0xFD, 0xFE, 0x00, 0x7F, 0xBF, 0xC0, 0x0F, 0xF7, 0xF8, 0x01,
    0xFE, 0xFF, 0x00, 0x3F, 0xDF, 0xFF, 0xFF, 0xFB, 0xFF, 0xFF, 0xFF, 0x7F, 0xFF, 0xFF, 0xEF, 0xFF,
    0xFF, 0xFD, 0xFF, 0xFF, 0xFF, 0xBF, 0xFF, 0xFF, 0xF7, 0xF8, 0x01, 0xFE, 0xFF, 0x00, 0x3F, 0xDF,
    0xE0, 0x07, 0xFB, 0xFC, 0x00, 0xFF, 0x7F, 0x80, 0x1F, 0xEF, 0xF0, 0x03, 0xFD, 0xFE, 0x00, 0x7F,
    0xBF, 0xC0, 0x0F, 0xF7, 0xF8, 0x01, 0xFE, 0xFF, 0x00, 0x3F, 0xDF, 0xE0, 0x07, 0xFB, 0xFC, 0x00,
    0xFF, 0x7F, 0x00, 0x1F, 0xE0, 0x03, 0xC0, 0x00, 0x01, 0xFC, 0x00, 0x00, 0xFF, 0x80, 0x00, 0x7F,
    0xF0, 0x00, 0x3F, 0x7E, 0x00, 0x1F, 0x8F, 0xC0, 0x07, 0xC1, 0xF0, 0x00, 0x00, 0x00, 0x00, 0x07,
    0xF0, 0x00, 0x01, 0xFC, 0x00, 0x00, 0x7F, 0x00, 0x00, 0x1F, 0xC0, 0x00, 0x07, 0xF0, 0x00, 0x01,
    0xFC, 0x00, 0x00, 0x7F, 0x00, 0x00, 0x1F, 0xC0, 0x00, 0x07, 0xF0, 0x7C, 0x01, 0xFC, 0xFF, 0xC0,
    0x7F, 0x7F, 0xF8, 0x1F, 0xFF, 0xFE, 0x07, 0xFF, 0xFF, 0xC1, 0xFF, 0xFF, 0xF0, 0x7F, 0xC1, 0xFC,
    0x1F, 0xC0, 0x7F, 0x07, 0xF0, 0x1F, 0xC1, 0xFC, 0x07, 0xF0, 0x7F, 0x01, 0xFC, 0x1F, 0xC0, 0x7F,
    0x07, 0xF0, 0x1F, 0xC1, 0xFC, 0x07, 0xF0, 0x7F, 0x01, 0xFC, 0x1F, 0xC0, 0x7F, 0x07, 0xF0, 0x1F,
    0xC1, 0xFC, 0x07, 0xF0, 0x7F, 0x01, 0xFC, 0x1F, 0xC0, 0x7F, 0x07, 0xF0, 0x1F, 0xC1, 0xFC, 0x07,
    0xF0, 0x7F, 0x01, 0xFC, 0x1F, 0xE0, 0x03, 0xF8, 0x0F, 0xF0, 0x03, 0xFE, 0x07, 0xF8, 0x01, 0xFF,
    0x03, 0xFC, 0x00, 0xFF, 0x8F, 0xFF, 0xFF, 0xFF, 0xF7, 0xFF, 0xFF, 0xFF, 0xFF, 0xFF, 0xFF, 0xFF,
    0xFD, 0xFF, 0xFF, 0xFF, 0xFE, 0x1F, 0xE0, 0x07, 0xFC, 0x0F, 0xF0, 0x03, 0xFE, 0x07, 0xF8, 0x01,
    0xFF, 0x03, 0xFC, 0x00, 0xFF, 0x81, 0xFF, 0xFF, 0xFF, 0xC0, 0xFF, 0xFF, 0xFF, 0xE0, 0x7F, 0xFF,
    0xFF, 0xF0, 0x3F, 0xFF, 0xFF, 0xF8, 0x1F, 0xFF, 0xFF, 0xFC, 0x0F, 0xFF, 0xFF, 0xFE, 0x07, 0xF8,
    0x01, 0xFF, 0x03, 0xFC, 0x00, 0xFF, 0x81, 0xFE, 0x00, 0x7F, 0xC0, 0xFF, 0x00, 0x3F, 0xE0, 0x7F,
    0x80, 0x1F, 0xF0, 0x3F, 0xC0, 0x0F, 0xF8, 0x1F, 0xE0, 0x07, 0xFC, 0x0F, 0xF0, 0x03, 0xFE, 0x07,
    0xF8, 0x01, 0xFF, 0x03, 0xFC, 0x00, 0xFF, 0x81, 0xFE, 0x00, 0x7F, 0xC0, 0xFF, 0x00, 0x3F, 0xE0,
    0x7F, 0x80, 0x0F, 0xE0, 0x3F, 0x80, 0x00, 0x7F, 0x00, 0x03, 0xFF, 0xF8, 0x07, 0xFF, 0xF0, 0x0F,
    0xFF, 0xE0, 0x1F, 0xFF, 0xC0, 0x1F, 0xFF, 0x00, 0x1F, 0xC0, 0x00, 0x3F, 0x83, 0xE0, 0x7F, 0x3F,
    0xF0, 0xFE, 0xFF, 0xF1, 0xFF, 0xFF, 0xE3, 0xFF, 0xFF, 0xE7, 0xFF, 0xFF, 0xCF, 0xF8, 0x3F, 0x9F,
    0xE0, 0x7F, 0x3F, 0x80, 0xFE, 0x7F, 0x01, 0xFC, 0xFE, 0x03, 0xF9, 0xFC, 0x07, 0xF3, 0xF8, 0x0F,
    0xE7, 0xF0, 0x1F, 0xCF, 0xE0, 0x3F, 0x9F, 0xC0, 0x7F, 0x3F, 0x80, 0xFE, 0x7F, 0x01, 0xFC, 0xFE,
    0x03, 0xF9, 0xFC, 0x07, 0xF3, 0xF8, 0x0F, 0xE7, 0xF0, 0x1F, 0xCF, 0xE0, 0x3F, 0x80, 0x3F, 0x06,
    0xFF, 0xFE, 0xFF, 0xFE, 0xFF, 0xFE, 0x61, 0xFC, 0x00, 0x00, 0x00, 0x00, 0x00, 0x00, 0x00, 0x00,
    0x0F, 0xE0, 0x0F, 0xF0, 0x0F, 0xF0, 0x0F, 0xF0, 0x0F, 0xF0, 0x0F, 0xF0, 0x0F, 0xF0, 0x0F, 0xF0,
    0x0F, 0xF0, 0x0F, 0xF0, 0x0F, 0xF0, 0x0F, 0xF0, 0x0F, 0xF0, 0x0F, 0xF0, 0x0F, 0xF0, 0x0F, 0xF0,
    0x0F, 0xF0, 0x0F, 0xF0, 0x0F, 0xF0, 0x0F, 0xF0, 0x0F, 0xF0, 0x0F, 0xF0, 0x0F, 0xF0, 0x0F, 0xF0,
    0x0F, 0xF0, 0x0F, 0xF0, 0x0F, 0xF0, 0x0F, 0xF0, 0x0F, 0xF0, 0x0F, 0xF0, 0x0F, 0xE0, 0x3F, 0x06,
    0xFF, 0xFE, 0xFF, 0xFE, 0xFF, 0xFE, 0x61, 0xFC, 0x00, 0x00, 0x00, 0x00, 0x00, 0x00, 0x00, 0x00,
    0x0F, 0xE0, 0x0F, 0xE0, 0x0F, 0xE0, 0x0F, 0xE0, 0x0F, 0xE0, 0x0F, 0xE0, 0x0F, 0xE0, 0x0F, 0xE0,
    0x0F, 0xE0, 0x0F, 0xE0, 0x0F, 0xE0, 0x0F, 0xE0, 0x0F, 0xE0, 0x0F, 0xE0, 0x0F, 0xE0, 0x0F, 0xE0,
    0x0F, 0xE0, 0x0F, 0xE0, 0x0F, 0xE0, 0x0F, 0xE0, 0x0F, 0xE0, 0x0F, 0xE0, 0xFF, 0xFE, 0xFF, 0xFF,
    0xFF, 0xFF, 0xFF, 0xFF, 0xFF, 0xFE, 0x00, 0x00, 0x00, 0x00, 0x00, 0x00, 0x00, 0x00, 0x0F, 0xE0,
    0x0F, 0xF0, 0x0F, 0xF0, 0x0F, 0xF0, 0x0F, 0xF0, 0x0F, 0xF0, 0x0F, 0xF0, 0x0F, 0xF0, 0x0F, 0xF0,
    0x0F, 0xF0, 0x0F, 0xF0, 0x0F, 0xF0, 0x0F, 0xF0, 0x0F, 0xF0, 0x0F, 0xF0, 0x0F, 0xF0, 0x0F, 0xF0,
    0x0F, 0xF0, 0x0F, 0xF0, 0x0F, 0xF0, 0x0F, 0xF0, 0x0F, 0xF0, 0x0F, 0xF0, 0x0F, 0xF0, 0x0F, 0xF0,
    0x0F, 0xF0, 0x0F, 0xF0, 0x0F, 0xF0, 0x0F, 0xF0, 0x0F, 0xF0, 0x0F, 0xE0, 0xFF, 0xFE, 0xFF, 0xFF,
    0xFF, 0xFF, 0xFF, 0xFF, 0xFF, 0xFE, 0x00, 0x00, 0x00, 0x00, 0x00, 0x00, 0x00, 0x00, 0x0F, 0xE0,
    0x0F, 0xE0, 0x0F, 0xE0, 0x0F, 0xE0, 0x0F, 0xE0, 0x0F, 0xE0, 0x0F, 0xE0, 0x0F, 0xE0, 0x0F, 0xE0,
    0x0F, 0xE0, 0x0F, 0xE0, 0x0F, 0xE0, 0x0F, 0xE0, 0x0F, 0xE0, 0x0F, 0xE0, 0x0F, 0xE0, 0x0F, 0xE0,
    0x0F, 0xE0, 0x0F, 0xE0, 0x0F, 0xE0, 0x0F, 0xE0, 0x0F, 0xE0, 0xF8, 0x1E, 0xFC, 0x3E, 0x7F, 0xFC,
    0x7F, 0xFC, 0x1F, 0xF8, 0x07, 0xE0, 0x00, 0x00, 0x00, 0x00, 0x00, 0x00, 0x0F, 0xE0, 0x0F, 0xF0,
    0x0F, 0xF0, 0x0F, 0xF0, 0x0F, 0xF0, 0x0F, 0xF0, 0x0F, 0xF0, 0x0F, 0xF0, 0x0F, 0xF0, 0x0F, 0xF0,
    0x0F, 0xF0, 0x0F, 0xF0, 0x0F, 0xF0, 0x0F, 0xF0, 0x0F, 0xF0, 0x0F, 0xF0, 0x0F, 0xF0, 0x0F, 0xF0,
    0x0F, 0xF0, 0x0F, 0xF0, 0x0F, 0xF0, 0x0F, 0xF0, 0x0F, 0xF0, 0x0F, 0xF0, 0x0F, 0xF0, 0x0F, 0xF0,
    0x0F, 0xF0, 0x0F, 0xF0, 0x0F, 0xF0, 0x0F, 0xF0, 0x0F, 0xE0, 0xF8, 0x1E, 0xFC, 0x3E, 0x7F, 0xFE,
    0x7F, 0xFC, 0x1F, 0xF8, 0x07, 0xE0, 0x00, 0x00, 0x00, 0x00, 0x00, 0x00, 0x0F, 0xE0, 0x0F, 0xE0,
    0x0F, 0xE0, 0x0F, 0xE0, 0x0F, 0xE0, 0x0F, 0xE0, 0x0F, 0xE0, 0x0F, 0xE0, 0x0F, 0xE0, 0x0F, 0xE0,
    0x0F, 0xE0, 0x0F, 0xE0, 0x0F, 0xE0, 0x0F, 0xE0, 0x0F, 0xE0, 0x0F, 0xE0, 0x0F, 0xE0, 0x0F, 0xE0,
    0x0F, 0xE0, 0x0F, 0xE0, 0x0F, 0xE0, 0x0F, 0xE0, 0x3F, 0x8F, 0xF3, 0xFC, 0xFF, 0x3F, 0xCF, 0xF3,
    0xFC, 0xFF, 0x3F, 0xCF, 0xF3, 0xFC, 0xFF, 0x3F, 0xCF, 0xF3, 0xFC, 0xFF, 0x3F, 0xCF, 0xF3, 0xFC,
    0xFF, 0x3F, 0xCF, 0xF3, 0xFC, 0xFF, 0x3F, 0xCF, 0xF3, 0xFC, 0xFF, 0x3F, 0xCF, 0xF3, 0xF8, 0xFC,
    0x7C, 0x3E, 0x0F, 0x8F, 0xFF, 0xFF, 0xDF, 0xE0, 0xC0, 0x1F, 0xC3, 0xF8, 0x7F, 0x0F, 0xE1, 0xFC,
    0x3F, 0x83, 0xE0, 0x00, 0x00, 0x03, 0xF8, 0x7F, 0x0F, 0xE1, 0xFC, 0x3F, 0x87, 0xF0, 0xFE, 0x1F,
    0xC3, 0xF8, 0x7F, 0x0F, 0xE1, 0xFC, 0x3F, 0x87, 0xF0, 0xFE, 0x1F, 0xC3, 0xF8, 0x7F, 0x0F, 0xE1,
    0xFC, 0x3F, 0x87, 0xF1, 0xFC, 0x7E, 0x0F, 0x83, 0xF1, 0x3F, 0xE7, 0xFC, 0x7F, 0x81, 0x80, 0x7F,
    0x3F, 0x9F, 0xCF, 0xE7, 0xF3, 0xF8, 0xF8, 0x00, 0x00, 0x3F, 0x9F, 0xEF, 0xF7, 0xFB, 0xFD, 0xFE,
    0xFF, 0x7F, 0xBF, 0xDF, 0xEF, 0xF7, 0xFB, 0xFD, 0xFE, 0xFF, 0x7F, 0xBF, 0xDF, 0xEF, 0xF7, 0xFB,
    0xFD, 0xFE, 0xFF, 0x7F, 0xBF, 0xDF, 0xEF, 0xF7, 0xFB, 0xFD, 0xFE, 0xFE, 0x01, 0xFF, 0xFF, 0xFF,
    0xFF, 0xFF, 0xFF, 0xFF, 0xFF, 0xFF, 0xFF, 0xFF, 0xFF, 0xFF, 0xFF, 0xFF, 0xFF, 0xFF, 0xFF, 0xFF,
    0x80, 0x7F, 0x00, 0x1F, 0xE7, 0xF8, 0x01, 0xFE, 0x7F, 0x80, 0x1F, 0xE7, 0xF8, 0x01, 0xFE, 0x7F,
    0x80, 0x1F, 0xE7, 0xF8, 0x01, 0xFE, 0x7F, 0x80, 0x1F, 0xE7, 0xF8, 0x01, 0xFE, 0x7F, 0x80, 0x1F,
    0xE7, 0xF8, 0x01, 0xFE, 0x7F, 0x80, 0x1F, 0xE7, 0xF8, 0x01, 0xFE, 0x7F, 0x80, 0x1F, 0xE7, 0xF8,
    0x01, 0xFE, 0x7F, 0x80, 0x1F, 0xE7, 0xF8, 0x01, 0xFE, 0x7F, 0x80, 0x1F, 0xE7, 0xF8, 0x01, 0xFE,
    0x7F, 0x80, 0x1F, 0xE7, 0xF8, 0x01, 0xFE, 0x7F, 0x80, 0x1F, 0xE7, 0xF8, 0x01, 0xFE, 0x7F, 0x80,
    0x1F, 0xE7, 0xF8, 0x01, 0xFE, 0x7F, 0x80, 0x3F, 0xE7, 0xF8, 0x7F, 0xFE, 0x7F, 0x8F, 0xFF, 0xE7,
    0xF8, 0xFF, 0xFE, 0x7F, 0x8F, 0xFF, 0xC7, 0xF8, 0xFF, 0xF8, 0x7F, 0x0F, 0xFF, 0x00, 0x00, 0x1F,
    0x80, 0xFE, 0x1F, 0xFF, 0x87, 0xFF, 0xE1, 0xFF, 0xF8, 0x7F, 0xFE, 0x1F, 0xFF, 0x87, 0xF7, 0xC0,
    0xF8, 0x00, 0x00, 0x00, 0x00, 0x3F, 0x87, 0xFF, 0xE1, 0xFF, 0xF8, 0x7F, 0xFE, 0x1F, 0xFF, 0x87,
    0xFF, 0xE1, 0xFF, 0xF8, 0x7F, 0xFE, 0x1F, 0xFF, 0x87, 0xFF, 0xE1, 0xFF, 0xF8, 0x7F, 0xFE, 0x1F,
    0xFF, 0x87, 0xFF, 0xE1, 0xFF, 0xF8, 0x7F, 0xFE, 0x1F, 0xFF, 0x87, 0xFF, 0xE1, 0xFF, 0xF8, 0x7F,
    0xFE, 0x1F, 0xFF, 0x87, 0xFF, 0xE1, 0xFC, 0x00, 0x7F, 0x00, 0x3F, 0xC0, 0x7F, 0xF0, 0x1F, 0xFC,
    0x07, 0xFE, 0x01, 0xFF, 0x00, 0x7F, 0x80, 0x00, 0x00, 0x01, 0xE0, 0x00, 0xFE, 0x00, 0x7F, 0xC0,
    0x3F, 0xF8, 0x1F, 0xBF, 0x0F, 0xC7, 0xE3, 0xE0, 0xF8, 0x00, 0x00, 0x00, 0x00, 0x00, 0x00, 0x00,
    0x1F, 0xE0, 0x07, 0xF8, 0x01, 0xFE, 0x00, 0x7F, 0x80, 0x1F, 0xE0, 0x07, 0xF8, 0x01, 0xFE, 0x00,
    0x7F, 0x80, 0x1F, 0xE0, 0x07, 0xF8, 0x01, 0xFE, 0x00, 0x7F, 0x80, 0x1F, 0xE0, 0x07, 0xF8, 0x01,
    0xFE, 0x00, 0x7F, 0x80, 0x1F, 0xE0, 0x07, 0xF8, 0x01, 0xFE, 0x00, 0x7F, 0x80, 0x1F, 0xE0, 0x07,
    0xF8, 0x01, 0xFE, 0x00, 0x7F, 0x80, 0x3F, 0xE3, 0xFF, 0xF8, 0xFF, 0xFE, 0x3F, 0xFF, 0x8F, 0xFF,
    0xC3, 0xFF, 0xE0, 0xFF, 0xF0, 0x07, 0xE0, 0x00, 0x03, 0xC0, 0x0F, 0xE0, 0x1F, 0xF0, 0x3F, 0xF8,
    0x7E, 0xFC, 0xFC, 0x7E, 0xF8, 0x3E, 0x00, 0x00, 0x00, 0x00, 0x00, 0x00, 0x0F, 0xE0, 0x0F, 0xE0,
    0x0F, 0xE0, 0x0F, 0xE0, 0x0F, 0xE0, 0x0F, 0xE0, 0x0F, 0xE0, 0x0F, 0xE0, 0x0F, 0xE0, 0x0F, 0xE0,
    0x0F, 0xE0, 0x0F, 0xE0, 0x0F, 0xE0, 0x0F, 0xE0, 0x0F, 0xE0, 0x0F, 0xE0, 0x0F, 0xE0, 0x0F, 0xE0,
    0x0F, 0xE0, 0x0F, 0xE0, 0x0F, 0xE0, 0x0F, 0xE0, 0x0F, 0xE0, 0x1F, 0xE0, 0xFF, 0xE0, 0xFF, 0xC0,
    0xFF, 0xC0, 0xFF, 0x80, 0xFF, 0x00, 0x00, 0x00, 0x7F, 0x80, 0x1F, 0xC7, 0xF8, 0x03, 0xFC, 0x7F,
    0x80, 0x7F, 0x87, 0xF8, 0x0F, 0xF0, 0x7F, 0x81, 0xFE, 0x07, 0xF8, 0x1F, 0xC0, 0x7F, 0x83, 0xFC,
    0x07, 0xF8, 0x7F, 0x80, 0x7F, 0x8F, 0xF0, 0x07, 0xF9, 0xFE, 0x00, 0x7F, 0x9F, 0xC0, 0x07, 0xFB,
    0xFC, 0x00, 0x7F, 0xFF, 0xE0, 0x07, 0xFF, 0xFE, 0x00, 0x7F, 0xFF, 0xF0, 0x07, 0xFF, 0xFF, 0x00,
    0x7F, 0xFF, 0xF8, 0x07, 0xFF, 0xFF, 0x80, 0x7F, 0xF7, 0xFC, 0x07, 0xFE, 0x3F, 0xC0, 0x7F, 0xC3,
    0xFE, 0x07, 0xF8, 0x1F, 0xE0, 0x7F, 0x81, 0xFF, 0x07, 0xF8, 0x0F, 0xF8, 0x7F, 0x80, 0xFF, 0x87,
    0xF8, 0x07, 0xFC, 0x7F, 0x80, 0x7F, 0xC7, 0xF8, 0x03, 0xFE, 0x7F, 0x80, 0x3F, 0xE7, 0xF8, 0x01,
    0xFF, 0x7F, 0x00, 0x1F, 0xF0, 0x00, 0x00, 0x00, 0x00, 0x00, 0x00, 0x00, 0x01, 0xF0, 0x00, 0x00,
    0x3F, 0x00, 0x00, 0x03, 0xF0, 0x00, 0x00, 0x1F, 0x00, 0x00, 0x01, 0xF0, 0x00, 0x00, 0x0E, 0x00,
    0x00, 0x01, 0xE0, 0x00, 0x00, 0x1C, 0x00, 0x00, 0x00, 0x00, 0x00, 0xFE, 0x00, 0x01, 0xFC, 0x00,
    0x03, 0xF8, 0x00, 0x07, 0xF0, 0x00, 0x0F, 0xE0, 0x00, 0x1F, 0xC0, 0x00, 0x3F, 0x80, 0x00, 0x7F,
    0x00, 0x00, 0xFE, 0x00, 0x01, 0xFC, 0x03, 0xFB, 0xF8, 0x0F, 0xE7, 0xF0, 0x3F, 0x8F, 0xE0, 0xFE,
    0x1F, 0xC3, 0xF8, 0x3F, 0x8F, 0xE0, 0x7F, 0x3F, 0x80, 0xFE, 0xFE, 0x01, 0xFF, 0xFE, 0x03, 0xFF,
    0xFC, 0x07, 0xFF, 0xFC, 0x0F, 0xFF, 0xF8, 0x1F, 0xFF, 0xF8, 0x3F, 0xE7, 0xF8, 0x7F, 0x8F, 0xF0,
    0xFE, 0x0F, 0xF1, 0xFC, 0x1F, 0xE3, 0xF8, 0x1F, 0xE7, 0xF0, 0x3F, 0xCF, 0xE0, 0x3F, 0xDF, 0xC0,
    0x7F, 0xBF, 0x80, 0x7F, 0x80, 0x00, 0x00, 0x00, 0x00, 0x00, 0x01, 0xF0, 0x00, 0x03, 0xE0, 0x00,
    0x07, 0xC0, 0x00, 0x0F, 0x80, 0x00, 0x1F, 0x00, 0x00, 0x1C, 0x00, 0x00, 0x78, 0x00, 0x00, 0xE0,
    0x00, 0x00, 0x00, 0x00, 0x00, 0x00, 0x01, 0xFC, 0x03, 0xFB, 0xF8, 0x0F, 0xE7, 0xF0, 0x3F, 0x8F,
    0xE0, 0xFE, 0x1F, 0xC3, 0xF8, 0x3F, 0x8F, 0xE0, 0x7F, 0x3F, 0x80, 0xFE, 0xFE, 0x01, 0xFF, 0xFE,
    0x03, 0xFF, 0xFC, 0x07, 0xFF, 0xFC, 0x0F, 0xFF, 0xF8, 0x1F, 0xFF, 0xF8, 0x3F, 0xE7, 0xF8, 0x7F,
    0x8F, 0xF0, 0xFE, 0x0F, 0xF1, 0xFC, 0x1F, 0xE3, 0xF8, 0x1F, 0xE7, 0xF0, 0x3F, 0xCF, 0xE0, 0x3F,
    0xDF, 0xC0, 0x7F, 0xBF, 0x80, 0x7F, 0x80, 0x00, 0x10, 0x00, 0x00, 0xF0, 0x00, 0x03, 0xF8, 0x00,
    0x1F, 0xF8, 0x00, 0x7F, 0xF8, 0x00, 0x7F, 0xE0, 0x00, 0x7F, 0x00, 0x00, 0x70, 0x00, 0x00, 0x00,
    0x00, 0x00, 0x00, 0x00, 0x00, 0x3F, 0x80, 0x00, 0x3F, 0xC0, 0x00, 0x3F, 0xC0, 0x00, 0x3F, 0xC0,
    0x00, 0x3F, 0xC0, 0x00, 0x3F, 0xC0, 0x00, 0x3F, 0xC0, 0x00, 0x3F, 0xC0, 0x00, 0x3F, 0xC0, 0x00,
    0x3F, 0xC0, 0x00, 0x3F, 0xC0, 0x00, 0x3F, 0xC0, 0x00, 0x3F, 0xC0, 0x00, 0x3F, 0xC0, 0x00, 0x3F,
    0xC0, 0x00, 0x3F, 0xC0, 0x00, 0x3F, 0xC0, 0x00, 0x3F, 0xC0, 0x00, 0x3F, 0xC0, 0x00, 0x3F, 0xC0,
    0x00, 0x3F, 0xC0, 0x00, 0x3F, 0xC0, 0x00, 0x3F, 0xC0, 0x00, 0x3F, 0xC0, 0x00, 0x3F, 0xC0, 0x00,
    0x3F, 0xFF, 0xFF, 0x3F, 0xFF, 0xFF, 0x3F, 0xFF, 0xFF, 0x3F, 0xFF, 0xFF, 0x3F, 0xFF, 0xFF, 0x3F,
    0xFF, 0xFF, 0x00, 0x10, 0x07, 0x80, 0xFE, 0x3F, 0xF7, 0xFF, 0xFF, 0xF1, 0xF8, 0x0E, 0x00, 0x00,
    0x00, 0x00, 0x07, 0xF0, 0x3F, 0x81, 0xFC, 0x0F, 0xE0, 0x7F, 0x03, 0xF8, 0x1F, 0xC0, 0xFE, 0x07,
    0xF0, 0x3F, 0x81, 0xFC, 0x0F, 0xE0, 0x7F, 0x03, 0xF8, 0x1F, 0xC0, 0xFE, 0x07, 0xF0, 0x3F, 0x81,
    0xFC, 0x0F, 0xE0, 0x7F, 0x03, 0xF8, 0x1F, 0xC0, 0xFE, 0x07, 0xF0, 0x3F, 0x81, 0xFC, 0x0F, 0xE0,
    0x7F, 0x03, 0xF8, 0x1F, 0xC0, 0x7F, 0x00, 0x00, 0xFF, 0x00, 0x01, 0xFE, 0x00, 0x03, 0xFC, 0x00,
    0x07, 0xF8, 0x00, 0x0F, 0xF0, 0x00, 0x1F, 0xE0, 0x00, 0x3F, 0xC0, 0x00, 0x7F, 0x80, 0x00, 0xFF,
    0x00, 0x01, 0xFE, 0x00, 0x03, 0xFC, 0x00, 0x07, 0xF8, 0x00, 0x0F, 0xF0, 0x00, 0x1F, 0xE0, 0x00,
    0x3F, 0xC0, 0x00, 0x7F, 0x80, 0x00, 0xFF, 0x00, 0x01, 0xFE, 0x00, 0x03, 0xFC, 0x00, 0x07, 0xF8,
    0x00, 0x0F, 0xF0, 0x00, 0x1F, 0xE0, 0x00, 0x3F, 0xC0, 0x00, 0x7F, 0x80, 0x00, 0xFF, 0xFF, 0xFD,
    0xFF, 0xFF, 0xFB, 0xFF, 0xFF, 0xF7, 0xFF, 0xFF, 0xEF, 0xFF, 0xFF, 0xDF, 0xFF, 0xFF, 0x80, 0x00,
    0x00, 0x00, 0x00, 0x00, 0x00, 0xF8, 0x00, 0x01, 0xF0, 0x00, 0x03, 0xE0, 0x00, 0x07, 0xC0, 0x00,
    0x0F, 0x80, 0x00, 0x0E, 0x00, 0x00, 0x3C, 0x00, 0x00, 0x70, 0x00, 0x00, 0x00, 0x00, 0xFF, 0xFF,
    0xFF, 0xFF, 0xFF, 0xFF, 0xFF, 0xFF, 0xFF, 0xFF, 0xFF, 0xFF, 0xFF, 0xFF, 0xFF, 0xFF, 0xFF, 0xFF,
    0xFF, 0xFF, 0xFF, 0xFF, 0xFF, 0xFF, 0xFF, 0xFF, 0xFF, 0x80, 0x00, 0xF9, 0xF3, 0xE7, 0xCF, 0x8F,
    0x1C, 0x70, 0x40, 0x7F, 0x03, 0xE0, 0xFF, 0x07, 0xC1, 0xFE, 0x0F, 0x83, 0xFC, 0x1F, 0x07, 0xF8,
    0x3E, 0x0F, 0xF0, 0x3C, 0x1F, 0xE0, 0x70, 0x3F, 0xC0, 0xE0, 0x7F, 0x83, 0xC0, 0xFF, 0x07, 0x01,
    0xFE, 0x00, 0x03, 0xFC, 0x00, 0x07, 0xF8, 0x00, 0x0F, 0xF0, 0x00, 0x1F, 0xE0, 0x00, 0x3F, 0xC0,
    0x00, 0x7F, 0x80, 0x00, 0xFF, 0x00, 0x01, 0xFE, 0x00, 0x03, 0xFC, 0x00, 0x07, 0xF8, 0x00, 0x0F,
    0xF0, 0x00, 0x1F, 0xE0, 0x00, 0x3F, 0xC0, 0x00, 0x7F, 0x80, 0x00, 0xFF, 0xFF, 0xFD, 0xFF, 0xFF,
    0xFB, 0xFF, 0xFF, 0xF7, 0xFF, 0xFF, 0xEF, 0xFF, 0xFF, 0xDF, 0xFF, 0xFF, 0x80, 0xFE, 0x7D, 0xFC,
    0xFB, 0xF9, 0xF7, 0xF3, 0xEF, 0xE7, 0xDF, 0xC3, 0xBF, 0x8F, 0x7F, 0x1C, 0xFE, 0x39, 0xFC, 0x73,
    0xF8, 0x07, 0xF0, 0x0F, 0xE0, 0x1F, 0xC0, 0x3F, 0x80, 0x7F, 0x00, 0xFE, 0x01, 0xFC, 0x03, 0xF8,
    0x07, 0xF0, 0x0F, 0xE0, 0x1F, 0xC0, 0x3F, 0x80, 0x7F, 0x00, 0xFE, 0x01, 0xFC, 0x03, 0xF8, 0x07,
    0xF0, 0x0F, 0xE0, 0x1F, 0xC0, 0x3F, 0x80, 0x00, 0x7F, 0x00, 0x00, 0xFF, 0x00, 0x01, 0xFE, 0x00,
    0x03, 0xFC, 0x00, 0x07, 0xF8, 0x00, 0x0F, 0xF0, 0x00, 0x1F, 0xE0, 0x00, 0x3F, 0xC0, 0x00, 0x7F,
    0x80, 0x00, 0xFF, 0x00, 0x01, 0xFE, 0x0F, 0xE3, 0xFC, 0x1F, 0xC7, 0xF8, 0x3F, 0x8F, 0xF0, 0x7F,
    0x1F, 0xE0, 0xFE, 0x3F, 0xC1, 0xFC, 0x7F, 0x83, 0xF8, 0xFF, 0x00, 0x01, 0xFE, 0x00, 0x03, 0xFC,
    0x00, 0x07, 0xF8, 0x00, 0x0F, 0xF0, 0x00, 0x1F, 0xE0, 0x00, 0x3F, 0xC0, 0x00, 0x7F, 0x80, 0x00,
    0xFF, 0xFF, 0xFD, 0xFF, 0xFF, 0xFB, 0xFF, 0xFF, 0xF7, 0xFF, 0xFF, 0xEF, 0xFF, 0xFF, 0xDF, 0xFF,
    0xFF, 0x80, 0xFE, 0x00, 0xFE, 0x00, 0xFE, 0x00, 0xFE, 0x00, 0xFE, 0x00, 0xFE, 0x00, 0xFE, 0x00,
    0xFE, 0x00, 0xFE, 0x00, 0xFE, 0x00, 0xFE, 0x00, 0xFE, 0x00, 0xFE, 0x00, 0xFE, 0x00, 0xFE, 0x00,
    0xFE, 0xFE, 0xFE, 0xFE, 0xFE, 0xFE, 0xFE, 0xFE, 0xFE, 0xFE, 0xFE, 0xFE, 0xFE, 0xFE, 0xFE, 0x00,
    0xFE, 0x00, 0xFE, 0x00, 0xFE, 0x00, 0xFE, 0x00, 0xFE, 0x00, 0xFE, 0x00, 0xFE, 0x00, 0xFE, 0x00,
    0x1F, 0xC0, 0x00, 0x0F, 0xF0, 0x00, 0x07, 0xF8, 0x00, 0x03, 0xFC, 0x00, 0x01, 0xFE, 0x00, 0x00,
    0xFF, 0x00, 0x00, 0x7F, 0x80, 0x00, 0x3F, 0xC0, 0x00, 0x1F, 0xE0, 0x00, 0x0F, 0xF1, 0xC0, 0x07,
    0xFF, 0xE0, 0x03, 0xFF, 0xF0, 0x01, 0xFF, 0xF8, 0x07, 0xFF, 0xFC, 0x03, 0xFF, 0xFE, 0x01, 0xFF,
    0xF8, 0x00, 0xFF, 0xE0, 0x00, 0x7F, 0xF0, 0x00, 0x3F, 0xF8, 0x00, 0x03, 0xFC, 0x00, 0x01, 0xFE,
    0x00, 0x00, 0xFF, 0x00, 0x00, 0x7F, 0x80, 0x00, 0x3F, 0xC0, 0x00, 0x1F, 0xE0, 0x00, 0x0F, 0xFF,
    0xFF, 0xC7, 0xFF, 0xFF, 0xE3, 0xFF, 0xFF, 0xF1, 0xFF, 0xFF, 0xF8, 0xFF, 0xFF, 0xFC, 0x7F, 0xFF,
    0xFE, 0x1F, 0xC0, 0x7F, 0x01, 0xFC, 0x07, 0xF0, 0x1F, 0xC0, 0x7F, 0x01, 0xFC, 0x07, 0xF0, 0x1F,
    0xC0, 0x7F, 0x01, 0xFC, 0x87, 0xF6, 0x1F, 0xF8, 0x7F, 0xE1, 0xFF, 0x87, 0xFE, 0x1F, 0xF0, 0xFF,
    0x87, 0xFC, 0x3F, 0xF0, 0xFF, 0xC3, 0xFF, 0x0F, 0xFC, 0x3F, 0xF0, 0x1F, 0xC0, 0x7F, 0x01, 0xFC,
    0x07, 0xF0, 0x1F, 0xC0, 0x7F, 0x01, 0xFC, 0x00, 0x00, 0x00, 0x20, 0x00, 0x00, 0x1E, 0x00, 0x00,
    0x1F, 0xC0, 0x00, 0x0F, 0xF8, 0x00, 0x0F, 0xFF, 0x00, 0x01, 0xFF, 0xC0, 0x00, 0x3F, 0x80, 0x00,
    0x03, 0x00, 0x00, 0x00, 0x00, 0x00, 0x00, 0x00, 0x00, 0x01, 0xFC, 0x00, 0x1F, 0xBF, 0xC0, 0x07,
    0xF7, 0xFC, 0x00, 0xFE, 0xFF, 0x80, 0x1F, 0xDF, 0xF8, 0x03, 0xFB, 0xFF, 0x80, 0x7F, 0x7F, 0xF0,
    0x0F, 0xEF, 0xFF, 0x01, 0xFD, 0xFF, 0xF0, 0x3F, 0xBF, 0xFF, 0x07, 0xF7, 0xFF, 0xE0, 0xFE, 0xFF,
    0xFE, 0x1F, 0xDF, 0xFF, 0xE3, 0xFB, 0xF7, 0xFC, 0x7F, 0x7E, 0x7F, 0xCF, 0xEF, 0xC7, 0xFD, 0xFD,
    0xF8, 0xFF, 0xBF, 0xBF, 0x0F, 0xFF, 0xF7, 0xE0, 0xFF, 0xFE, 0xFC, 0x1F, 0xFF, 0xDF, 0x81, 0xFF,
    0xFB, 0xF0, 0x1F, 0xFF, 0x7E, 0x01, 0xFF, 0xEF, 0xC0, 0x3F, 0xFD, 0xF8, 0x03, 0xFF, 0xBF, 0x00,
    0x3F, 0xF7, 0xE0, 0x07, 0xFE, 0xFC, 0x00, 0x7F, 0xDF, 0x80, 0x07, 0xFB, 0xF0, 0x00, 0x7F, 0x7E,
    0x00, 0x0F, 0xE0, 0x00, 0x01, 0x00, 0x00, 0x78, 0x00, 0x0F, 0xE0, 0x03, 0xFF, 0x00, 0x7F, 0xF8,
    0x07, 0xFF, 0x00, 0x1F, 0x80, 0x00, 0xE0, 0x00, 0x00, 0x00, 0x00, 0x00, 0x7C, 0x3F, 0x8F, 0xF9,
    0xFD, 0xFF, 0xEF, 0xFF, 0xFF, 0x7F, 0xFF, 0xFF, 0xFF, 0xFF, 0xFF, 0xE0, 0x7F, 0xFE, 0x03, 0xFF,
    0xF0, 0x1F, 0xFF, 0x80, 0xFF, 0xFC, 0x07, 0xFF, 0xE0, 0x3F, 0xFF, 0x01, 0xFF, 0xF8, 0x0F, 0xFF,
    0xC0, 0x7F, 0xFE, 0x03, 0xFF, 0xF0, 0x1F, 0xFF, 0x80, 0xFF, 0xFC, 0x07, 0xFF, 0xE0, 0x3F, 0xFF,
    0x01, 0xFF, 0xF8, 0x0F, 0xFF, 0xC0, 0x7F, 0x7F, 0x00, 0x07, 0xEF, 0xF0, 0x01, 0xFD, 0xFF, 0x00,
    0x3F, 0xBF, 0xE0, 0x07, 0xF7, 0xFE, 0x00, 0xFE, 0xFF, 0xE0, 0x1F, 0xDF, 0xFC, 0x03, 0xFB, 0xFF,
    0xC0, 0x7F, 0x7F, 0xFC, 0x0F, 0xEF, 0xFF, 0xC1, 0xFD, 0xFF, 0xF8, 0x3F, 0xBF, 0xFF, 0x87, 0xF7,
    0xFF, 0xF8, 0xFE, 0xFD, 0xFF, 0x1F, 0xDF, 0x9F, 0xF3, 0xFB, 0xF1, 0xFF, 0x7F, 0x7E, 0x3F, 0xEF,
    0xEF, 0xC3, 0xFF, 0xFD, 0xF8, 0x3F, 0xFF, 0xBF, 0x07, 0xFF, 0xF7, 0xE0, 0x7F, 0xFE, 0xFC, 0x07,
    0xFF, 0xDF, 0x80, 0x7F, 0xFB, 0xF0, 0x0F, 0xFF, 0x7E, 0x00, 0xFF, 0xEF, 0xC0, 0x0F, 0xFD, 0xF8,
    0x01, 0xFF, 0xBF, 0x00, 0x1F, 0xF7, 0xE0, 0x01, 0xFE, 0xFC, 0x00, 0x1F, 0xDF, 0x80, 0x03, 0xF8,
    0x00, 0x00, 0x00, 0x00, 0x00, 0x00, 0x00, 0x03, 0xE0, 0x00, 0x00, 0x7C, 0x00, 0x00, 0x0F, 0x80,
    0x00, 0x01, 0xF0, 0x00, 0x00, 0x3E, 0x00, 0x00, 0x03, 0xC0, 0x00, 0x00, 0x70, 0x00, 0x00, 0x1C,
    0x00, 0x00, 0x00, 0x00, 0x00, 0x00, 0x0F, 0x87, 0xF1, 0xFF, 0x3F, 0xBF, 0xFD, 0xFF, 0xFF, 0xEF,
    0xFF, 0xFF, 0xFF, 0xFF, 0xFF, 0xFC, 0x0F, 0xFF, 0xC0, 0x7F, 0xFE, 0x03, 0xFF, 0xF0, 0x1F, 0xFF,
    0x80, 0xFF, 0xFC, 0x07, 0xFF, 0xE0, 0x3F, 0xFF, 0x01, 0xFF, 0xF8, 0x0F, 0xFF, 0xC0, 0x7F, 0xFE,
    0x03, 0xFF, 0xF0, 0x1F, 0xFF, 0x80, 0xFF, 0xFC, 0x07, 0xFF, 0xE0, 0x3F, 0xFF, 0x01, 0xFF, 0xF8,
    0x0F, 0xE0, 0x00, 0x00, 0x00, 0x00, 0x00, 0x07, 0xC0, 0x00, 0x3E, 0x00, 0x01, 0xF0, 0x00, 0x0F,
    0x80, 0x00, 0x7C, 0x00, 0x01, 0xE0, 0x00, 0x0E, 0x00, 0x00, 0xE0, 0x00, 0x00, 0x00, 0x00, 0x03,
    0xF0, 0xFC, 0x00, 0x3F, 0x3F, 0x00, 0x03, 0xFF, 0xC0, 0x00, 0x3F, 0xF0, 0x00, 0x03, 0xFC, 0x00,
    0x00, 0x3F, 0x00, 0x00, 0x00, 0x00, 0x00, 0x00, 0x00, 0x00, 0x00, 0x00, 0x00, 0x0F, 0xE0, 0x00,
    0xFD, 0xFE, 0x00, 0x3F, 0xBF, 0xE0, 0x07, 0xF7, 0xFC, 0x00, 0xFE, 0xFF, 0xC0, 0x1F, 0xDF, 0xFC,
    0x03, 0xFB, 0xFF, 0x80, 0x7F, 0x7F, 0xF8, 0x0F, 0xEF, 0xFF, 0x81, 0xFD, 0xFF, 0xF8, 0x3F, 0xBF,
    0xFF, 0x07, 0xF7, 0xFF, 0xF0, 0xFE, 0xFF, 0xFF, 0x1F, 0xDF, 0xBF, 0xE3, 0xFB, 0xF3, 0xFE, 0x7F,
    0x7E, 0x3F, 0xEF, 0xEF, 0xC7, 0xFD, 0xFD, 0xF8, 0x7F, 0xFF, 0xBF, 0x07, 0xFF, 0xF7, 0xE0, 0xFF,
    0xFE, 0xFC, 0x0F, 0xFF, 0xDF, 0x80, 0xFF, 0xFB, 0xF0, 0x0F, 0xFF, 0x7E, 0x01, 0xFF, 0xEF, 0xC0,
    0x1F, 0xFD, 0xF8, 0x01, 0xFF, 0xBF, 0x00, 0x3F, 0xF7, 0xE0, 0x03, 0xFE, 0xFC, 0x00, 0x3F, 0xDF,
    0x80, 0x03, 0xFB, 0xF0, 0x00, 0x7F, 0x1F, 0x07, 0xC0, 0x7C, 0x7E, 0x01, 0xF7, 0xE0, 0x07, 0xFE,
    0x00, 0x1F, 0xE0, 0x00, 0x7E, 0x00, 0x00, 0x00, 0x00, 0x00, 0x00, 0x00, 0x0F, 0x87, 0xF1, 0xFF,
    0x3F, 0xBF, 0xFD, 0xFF, 0xFF, 0xEF, 0xFF, 0xFF, 0xFF, 0xFF, 0xFF, 0xFC, 0x0F, 0xFF, 0xC0, 0x7F,
    0xFE, 0x03, 0xFF, 0xF0, 0x1F, 0xFF, 0x80, 0xFF, 0xFC, 0x07, 0xFF, 0xE0, 0x3F, 0xFF, 0x01, 0xFF,
    0xF8, 0x0F, 0xFF, 0xC0, 0x7F, 0xFE, 0x03, 0xFF, 0xF0, 0x1F, 0xFF, 0x80, 0xFF, 0xFC, 0x07, 0xFF,
    0xE0, 0x3F, 0xFF, 0x01, 0xFF, 0xF8, 0x0F, 0xE0, 0xF8, 0x00, 0x00, 0x1F, 0x00, 0x00, 0x03, 0xE0,
    0x00, 0x00, 0x7C, 0x00, 0x00, 0x0F, 0x80, 0x00, 0x01, 0xF0, 0x00, 0x00, 0x1E, 0x00, 0x00, 0x03,
    0xC0, 0x00, 0x00, 0x78, 0x00, 0x3E, 0x0E, 0x7F, 0x1F, 0xF3, 0xCF, 0xEF, 0xFF, 0x79, 0xFF, 0xFF,
    0xE0, 0x3F, 0xFF, 0xFE, 0x07, 0xFF, 0xFF, 0xC0, 0xFF, 0x03, 0xF8, 0x1F, 0xC0, 0x7F, 0x03, 0xF8,
    0x0F, 0xE0, 0x7F, 0x01, 0xFC, 0x0F, 0xE0, 0x3F, 0x81, 0xFC, 0x07, 0xF0, 0x3F, 0x80, 0xFE, 0x07,
    0xF0, 0x1F, 0xC0, 0xFE, 0x03, 0xF8, 0x1F, 0xC0, 0x7F, 0x03, 0xF8, 0x0F, 0xE0, 0x7F, 0x01, 0xFC,
    0x0F, 0xE0, 0x3F, 0x81, 0xFC, 0x07, 0xF0, 0x3F, 0x80, 0xFE, 0x07, 0xF0, 0x1F, 0xC0, 0xFE, 0x03,
    0xF8, 0x7F, 0x00, 0x07, 0xEF, 0xF0, 0x01, 0xFD, 0xFF, 0x00, 0x3F, 0xBF, 0xE0, 0x07, 0xF7, 0xFE,
    0x00, 0xFE, 0xFF, 0xE0, 0x1F, 0xDF, 0xFE, 0x03, 0xFB, 0xFF, 0xC0, 0x7F, 0x7F, 0xFC, 0x0F, 0xEF,
    0xFF, 0xC1, 0xFD, 0xFF, 0xFC, 0x3F, 0xBF, 0xFF, 0x87, 0xF7, 0xFF, 0xF8, 0xFE, 0xFD, 0xFF, 0x9F,
    0xDF, 0x9F, 0xFB, 0xFB, 0xF1, 0xFF, 0x7F, 0x7E, 0x3F, 0xFF, 0xEF, 0xC3, 0xFF, 0xFD, 0xF8, 0x3F,
    0xFF, 0xBF, 0x03, 0xFF, 0xF7, 0xE0, 0x3F, 0xFE, 0xFC, 0x07, 0xFF, 0xDF, 0x80, 0x7F, 0xFB, 0xF0,
    0x07, 0xFF, 0x7E, 0x00, 0x7F, 0xEF, 0xC0, 0x0F, 0xFD, 0xF8, 0x00, 0xFF, 0xBF, 0x00, 0x0F, 0xF7,
    0xE0, 0x00, 0xFE, 0xFC, 0x00, 0x1F, 0xDF, 0x80, 0x03, 0xF8, 0x00, 0x00, 0xFF, 0x00, 0x06, 0x3F,
    0xE0, 0x01, 0xFF, 0xFC, 0x00, 0x3F, 0xFF, 0x00, 0x07, 0xFF, 0xE0, 0x00, 0xFF, 0xF8, 0x00, 0x1F,
    0xFE, 0x00, 0x00, 0x3E, 0x00, 0x00, 0x0F, 0x87, 0xF1, 0xFF, 0x3F, 0xBF, 0xFD, 0xFF, 0xFF, 0xEF,
    0xFF, 0xFF, 0xFF, 0xFF, 0xFF, 0xFE, 0x0F, 0xFF, 0xC0, 0x7F, 0xFE, 0x03, 0xFF, 0xF0, 0x1F, 0xFF,
    0x80, 0xFF, 0xFC, 0x07, 0xFF, 0xE0, 0x3F, 0xFF, 0x01, 0xFF, 0xF8, 0x0F, 0xFF, 0xC0, 0x7F, 0xFE,
    0x03, 0xFF, 0xF0, 0x1F, 0xFF, 0x80, 0xFF, 0xFC, 0x07, 0xFF, 0xE0, 0x3F, 0xFF, 0x01, 0xFF, 0xF8,
    0x0F, 0xE0, 0x00, 0x7F, 0x00, 0x07, 0xF8, 0x00, 0xFF, 0xC0, 0x0F, 0xFC, 0x00, 0x7F, 0xE0, 0x03,
    0xFE, 0x00, 0x1F, 0xC0, 0x00, 0x00, 0x00, 0x01, 0xFF, 0xFE, 0x00, 0x07, 0xFF, 0xF8, 0x00, 0x1F,
    0xFF, 0xE0, 0x00, 0x7F, 0xFF, 0x80, 0x00, 0xFF, 0xFE, 0x00, 0x00, 0x00, 0x00, 0x00, 0x00, 0x00,
    0x00, 0x00, 0x00, 0x00, 0x00, 0x00, 0x0F, 0xC0, 0x00, 0x01, 0xFF, 0xE0, 0x00, 0x1F, 0xFF, 0xE0,
    0x00, 0xFF, 0xFF, 0xE0, 0x07, 0xFF, 0xFF, 0xC0, 0x3F, 0xFF, 0xFF, 0x01, 0xFF, 0x87, 0xFE, 0x07,
    0xF8, 0x07, 0xFC, 0x3F, 0xC0, 0x0F, 0xF0, 0xFF, 0x00, 0x3F, 0xE7, 0xFC, 0x00, 0x7F, 0x9F, 0xE0,
    0x01, 0xFE, 0x7F, 0x80, 0x07, 0xF9, 0xFE, 0x00, 0x1F, 0xF7, 0xF8, 0x00, 0x7F, 0xDF, 0xE0, 0x01,
    0xFF, 0x7F, 0x80, 0x07, 0xFD, 0xFE, 0x00, 0x1F, 0xF7, 0xF8, 0x00, 0x7F, 0xDF, 0xE0, 0x01, 0xFF,
    0x7F, 0x80, 0x07, 0xF9, 0xFE, 0x00, 0x1F, 0xE7, 0xFC, 0x00, 0x7F, 0x8F, 0xF0, 0x03, 0xFE, 0x3F,
    0xC0, 0x0F, 0xF0, 0xFF, 0x80, 0x7F, 0xC1, 0xFF, 0x83, 0xFE, 0x03, 0xFF, 0xFF, 0xF8, 0x0F, 0xFF,
    0xFF, 0xC0, 0x0F, 0xFF, 0xFE, 0x00, 0x1F, 0xFF, 0xE0, 0x00, 0x1F, 0xFF, 0x00, 0x00, 0x0F, 0xC0,
    0x00, 0x0F, 0xFF, 0xE0, 0x3F, 0xFF, 0xC0, 0x7F, 0xFF, 0x80, 0x7F, 0xFF, 0x00, 0xFF, 0xFE, 0x00,
    0x00, 0x00, 0x00, 0x00, 0x00, 0x00, 0x00, 0x00, 0x00, 0xFE, 0x00, 0x07, 0xFF, 0x00, 0x3F, 0xFF,
    0x80, 0xFF, 0xFF, 0x83, 0xFF, 0xFF, 0x87, 0xF8, 0xFF, 0x1F, 0xC0, 0x7F, 0x3F, 0x80, 0xFE, 0xFF,
    0x01, 0xFF, 0xFC, 0x01, 0xFF, 0xF8, 0x03, 0xFF, 0xF0, 0x07, 0xFF, 0xE0, 0x0F, 0xFF, 0xC0, 0x1F,
    0xFF, 0x80, 0x3F, 0xFF, 0x80, 0xFF, 0x7F, 0x01, 0xFC, 0xFF, 0x07, 0xF8, 0xFF, 0x1F, 0xE1, 0xFF,
    0xFF, 0xC1, 0xFF, 0xFF, 0x01, 0xFF, 0xFC, 0x00, 0xFF, 0xE0, 0x00, 0x3E, 0x00, 0x01, 0xF0, 0x3E,
    0x00, 0x03, 0xE1, 0xF8, 0x00, 0x0F, 0xFF, 0xC0, 0x00, 0x1F, 0xFE, 0x00, 0x00, 0x3F, 0xF0, 0x00,
    0x00, 0x3F, 0x00, 0x00, 0x00, 0x00, 0x00, 0x00, 0x00, 0x00, 0x00, 0x00, 0x0F, 0xC0, 0x00, 0x01,
    0xFF, 0xE0, 0x00, 0x1F, 0xFF, 0xE0, 0x00, 0xFF, 0xFF, 0xE0, 0x07, 0xFF, 0xFF, 0xC0, 0x3F, 0xFF,
    0xFF, 0x01, 0xFF, 0x87, 0xFE, 0x07, 0xF8, 0x07, 0xFC, 0x3F, 0xC0, 0x0F, 0xF0, 0xFF, 0x00, 0x3F,
    0xE7, 0xFC, 0x00, 0x7F, 0x9F, 0xE0, 0x01, 0xFE, 0x7F, 0x80, 0x07, 0xF9, 0xFE, 0x00, 0x1F, 0xF7,
    0xF8, 0x00, 0x7F, 0xDF, 0xE0, 0x01, 0xFF, 0x7F, 0x80, 0x07, 0xFD, 0xFE, 0x00, 0x1F, 0xF7, 0xF8,
    0x00, 0x7F, 0xDF, 0xE0, 0x01, 0xFF, 0x7F, 0x80, 0x07, 0xF9, 0xFE, 0x00, 0x1F, 0xE7, 0xFC, 0x00,
    0x7F, 0x8F, 0xF0, 0x03, 0xFE, 0x3F, 0xC0, 0x0F, 0xF0, 0xFF, 0x80, 0x7F, 0xC1, 0xFF, 0x83, 0xFE,
    0x03, 0xFF, 0xFF, 0xF8, 0x0F, 0xFF, 0xFF, 0xC0, 0x0F, 0xFF, 0xFE, 0x00, 0x1F, 0xFF, 0xE0, 0x00,
    0x1F, 0xFF, 0x00, 0x00, 0x0F, 0xC0, 0x00, 0x0F, 0x01, 0xE0, 0x1F, 0x87, 0xC0, 0x1F, 0xFF, 0x00,
    0x3F, 0xFE, 0x00, 0x3F, 0xF0, 0x00, 0x1F, 0x80, 0x00, 0x00, 0x00, 0x00, 0x00, 0x00, 0x00, 0xFE,
    0x00, 0x07, 0xFF, 0x00, 0x3F, 0xFF, 0x80, 0xFF, 0xFF, 0x83, 0xFF, 0xFF, 0x87, 0xF8, 0xFF, 0x1F,
    0xC0, 0x7F, 0x3F, 0x80, 0xFE, 0xFF, 0x01, 0xFF, 0xFC, 0x01, 0xFF, 0xF8, 0x03, 0xFF, 0xF0, 0x07,
    0xFF, 0xE0, 0x0F, 0xFF, 0xC0, 0x1F, 0xFF, 0x80, 0x3F, 0xFF, 0x80, 0xFF, 0x7F, 0x01, 0xFC, 0xFF,
    0x07, 0xF8, 0xFF, 0x1F, 0xE1, 0xFF, 0xFF, 0xC1, 0xFF, 0xFF, 0x01, 0xFF, 0xFC, 0x00, 0xFF, 0xE0,
    0x00, 0x3E, 0x00, 0x00, 0x04, 0x04, 0x00, 0x00, 0x38, 0x38, 0x00, 0x01, 0xF1, 0xF0, 0x00, 0x0F,
    0xCF, 0xC0, 0x00, 0x7F, 0x7F, 0x00, 0x03, 0xF3, 0xF8, 0x00, 0x1F, 0x9F, 0x80, 0x00, 0x38, 0x3C,
    0x00, 0x00, 0x40, 0x40, 0x00, 0x00, 0x3F, 0x00, 0x00, 0x07, 0xFF, 0x80, 0x00, 0x7F, 0xFF, 0x80,
    0x03, 0xFF, 0xFF, 0x80, 0x1F, 0xFF, 0xFF, 0x00, 0xFF, 0xFF, 0xFC, 0x07, 0xFE, 0x1F, 0xF8, 0x1F,
    0xE0, 0x1F, 0xF0, 0xFF, 0x00, 0x3F, 0xC3, 0xFC, 0x00, 0xFF, 0x9F, 0xF0, 0x01, 0xFE, 0x7F, 0x80,
    0x07, 0xF9, 0xFE, 0x00, 0x1F, 0xE7, 0xF8, 0x00, 0x7F, 0xDF, 0xE0, 0x01, 0xFF, 0x7F, 0x80, 0x07,
    0xFD, 0xFE, 0x00, 0x1F, 0xF7, 0xF8, 0x00, 0x7F, 0xDF, 0xE0, 0x01, 0xFF, 0x7F, 0x80, 0x07, 0xFD,
    0xFE, 0x00, 0x1F, 0xE7, 0xF8, 0x00, 0x7F, 0x9F, 0xF0, 0x01, 0xFE, 0x3F, 0xC0, 0x0F, 0xF8, 0xFF,
    0x00, 0x3F, 0xC3, 0xFE, 0x01, 0xFF, 0x07, 0xFE, 0x0F, 0xF8, 0x0F, 0xFF, 0xFF, 0xE0, 0x3F, 0xFF,
    0xFF, 0x00, 0x3F, 0xFF, 0xF8, 0x00, 0x7F, 0xFF, 0x80, 0x00, 0x7F, 0xFC, 0x00, 0x00, 0x3F, 0x00,
    0x00, 0x00, 0x40, 0x00, 0x01, 0xC1, 0xC0, 0x07, 0xC7, 0xC0, 0x1F, 0xDF, 0xC0, 0x7F, 0x7F, 0x01,
    0xFD, 0xFC, 0x07, 0xE3, 0xE0, 0x07, 0x87, 0x80, 0x04, 0x04, 0x00, 0x01, 0xFC, 0x00, 0x0F, 0xFE,
    0x00, 0x7F, 0xFF, 0x01, 0xFF, 0xFF, 0x07, 0xFF, 0xFF, 0x0F, 0xF1, 0xFE, 0x3F, 0x80, 0xFE, 0x7F,
    0x01, 0xFD, 0xFE, 0x03, 0xFF, 0xF8, 0x03, 0xFF, 0xF0, 0x07, 0xFF, 0xE0, 0x0F, 0xFF, 0xC0, 0x1F,
    0xFF, 0x80, 0x3F, 0xFF, 0x00, 0x7F, 0xFF, 0x01, 0xFE, 0xFE, 0x03, 0xF9, 0xFE, 0x0F, 0xF1, 0xFE,
    0x3F, 0xC3, 0xFF, 0xFF, 0x83, 0xFF, 0xFE, 0x03, 0xFF, 0xF8, 0x01, 0xFF, 0xC0, 0x00, 0x7C, 0x00,
    0x00, 0x0F, 0x80, 0x00, 0x00, 0x00, 0x03, 0xFF, 0xBF, 0xFF, 0xFF, 0x80, 0x7F, 0xFF, 0xFF, 0xFF,
    0xFC, 0x07, 0xFF, 0xFF, 0xFF, 0xFF, 0xE0, 0x7F, 0xFF, 0xFF, 0xFF, 0xFF, 0x07, 0xFF, 0xFF, 0xFF,
    0xFF, 0xF8, 0x7F, 0xE0, 0xFF, 0xFF, 0xFF, 0xC3, 0xFC, 0x03, 0xFF, 0x00, 0x00, 0x3F, 0xC0, 0x0F,
    0xF8, 0x00, 0x01, 0xFE, 0x00, 0x7F, 0xC0, 0x00, 0x1F, 0xF0, 0x01, 0xFE, 0x00, 0x00, 0xFF, 0x00,
    0x0F, 0xF0, 0x00, 0x07, 0xF8, 0x00, 0x7F, 0x80, 0x00, 0x3F, 0xC0, 0x03, 0xFF, 0xFF, 0x01, 0xFE,
    0x00, 0x1F, 0xFF, 0xF8, 0x0F, 0xF0, 0x00, 0xFF, 0xFF, 0xC0, 0x7F, 0x80, 0x07, 0xFF, 0xFE, 0x03,
    0xFC, 0x00, 0x3F, 0xFF, 0xF0, 0x1F, 0xE0, 0x01, 0xFF, 0xFF, 0x80, 0xFF, 0x00, 0x0F, 0xF8, 0x00,
    0x07, 0xF8, 0x00, 0x7F, 0x80, 0x00, 0x3F, 0xC0, 0x03, 0xFC, 0x00, 0x01, 0xFF, 0x00, 0x1F, 0xE0,
    0x00, 0x07, 0xF8, 0x00, 0xFF, 0x00, 0x00, 0x3F, 0xC0, 0x0F, 0xF8, 0x00, 0x01, 0xFF, 0x00, 0xFF,
    0xC0, 0x00, 0x07, 0xFE, 0x0F, 0xFF, 0xFF, 0xFC, 0x1F, 0xFF, 0xFF, 0xFF, 0xFF, 0xF0, 0xFF, 0xFF,
    0xFF, 0xFF, 0xFF, 0x83, 0xFF, 0xFF, 0xFF, 0xFF, 0xFC, 0x07, 0xFF, 0xFF, 0xFF, 0xFF, 0xE0, 0x1F,
    0xFE, 0xFF, 0xFF, 0xFF, 0x00, 0x1F, 0x80, 0x00, 0x00, 0x00, 0x00, 0xFC, 0x00, 0xFC, 0x00, 0x0F,
    0xFE, 0x0F, 0xFE, 0x00, 0xFF, 0xFC, 0x7F, 0xFC, 0x07, 0xFF, 0xFF, 0xFF, 0xF8, 0x3F, 0xFF, 0xFF,
    0xFF, 0xF0, 0xFF, 0x1F, 0xFE, 0x0F, 0xE7, 0xF0, 0x1F, 0xF0, 0x1F, 0x9F, 0xC0, 0x7F, 0x80, 0x7F,
    0xFF, 0x01, 0xFE, 0x01, 0xFF, 0xF8, 0x03, 0xFF, 0xFF, 0xFF, 0xE0, 0x0F, 0xFF, 0xFF, 0xFF, 0x80,
    0x3F, 0xFF, 0xFF, 0xFE, 0x00, 0xFF, 0xFF, 0xFF, 0xF8, 0x03, 0xFF, 0xFF, 0xEF, 0xE0, 0x0F, 0xE0,
    0x00, 0x3F, 0xC0, 0x7F, 0x80, 0x00, 0x7F, 0x01, 0xFF, 0x00, 0x71, 0xFE, 0x0F, 0xFE, 0x03, 0xF3,
    0xFC, 0x7F, 0xFE, 0x7F, 0xCF, 0xFF, 0xFF, 0xFF, 0xFE, 0x1F, 0xFF, 0xFF, 0xFF, 0xF0, 0x3F, 0xFF,
    0x3F, 0xFF, 0x80, 0x3F, 0xF8, 0x3F, 0xF8, 0x00, 0x1F, 0x00, 0x1F, 0x00, 0x00, 0x00, 0x40, 0x00,
    0x00, 0x78, 0x00, 0x00, 0x3F, 0x80, 0x00, 0x3F, 0xF0, 0x00, 0x1F, 0xFE, 0x00, 0x07, 0xFF, 0x00,
    0x00, 0x7E, 0x00, 0x00, 0x0E, 0x00, 0x00, 0x00, 0x00, 0x00, 0x00, 0x00, 0x00, 0x01, 0xFF, 0xFF,
    0xC0, 0x3F, 0xFF, 0xFF, 0x07, 0xFF, 0xFF, 0xF0, 0xFF, 0xFF, 0xFF, 0x1F, 0xFF, 0xFF, 0xF3, 0xFC,
    0x07, 0xFE, 0x7F, 0x80, 0x3F, 0xEF, 0xF0, 0x07, 0xFD, 0xFE, 0x00, 0xFF, 0xBF, 0xC0, 0x1F, 0xF7,
    0xF8, 0x03, 0xFE, 0xFF, 0x00, 0x7F, 0x9F, 0xE0, 0x3F, 0xF3, 0xFF, 0xFF, 0xFC, 0x7F, 0xFF, 0xFF,
    0x8F, 0xFF, 0xFF, 0xE1, 0xFF, 0xFF, 0xF0, 0x3F, 0xFF, 0xFC, 0x07, 0xF8, 0x7F, 0x80, 0xFF, 0x07,
    0xF8, 0x1F, 0xE0, 0xFF, 0x03, 0xFC, 0x0F, 0xF0, 0x7F, 0x81, 0xFE, 0x0F, 0xF0, 0x3F, 0xE1, 0xFE,
    0x03, 0xFC, 0x3F, 0xC0, 0x7F, 0x87, 0xF8, 0x0F, 0xF8, 0xFF, 0x00, 0xFF, 0x1F, 0xE0, 0x1F, 0xF3,
    0xFC, 0x01, 0xFE, 0x7F, 0x00, 0x3F, 0xC0, 0x00, 0x10, 0x00, 0xF0, 0x0F, 0xE0, 0x7F, 0xE3, 0xFF,
    0xCF, 0xFE, 0x1F, 0xC0, 0x18, 0x00, 0x00, 0x00, 0x00, 0x3F, 0xF9, 0xFF, 0xF7, 0xFF, 0xFF, 0xFF,
    0xFF, 0xFF, 0xFF, 0xFF, 0xFF, 0xFF, 0x81, 0xFE, 0x03, 0xF8, 0x07, 0xF0, 0x0F, 0xE0, 0x1F, 0xC0,
    0x3F, 0x80, 0x7F, 0x00, 0xFE, 0x01, 0xFC, 0x03, 0xF8, 0x07, 0xF0, 0x0F, 0xE0, 0x1F, 0xC0, 0x3F,
    0x80, 0x7F, 0x00, 0x7F, 0xFF, 0xF0, 0x0F, 0xFF, 0xFF, 0xC1, 0xFF, 0xFF, 0xFC, 0x3F, 0xFF, 0xFF,
    0xC7, 0xFF, 0xFF, 0xFC, 0xFF, 0x01, 0xFF, 0x9F, 0xE0, 0x0F, 0xFB, 0xFC, 0x01, 0xFF, 0x7F, 0x80,
    0x3F, 0xEF, 0xF0, 0x07, 0xFD, 0xFE, 0x00, 0xFF, 0xBF, 0xC0, 0x1F, 0xE7, 0xF8, 0x0F, 0xFC, 0xFF,
    0xFF, 0xFF, 0x1F, 0xFF, 0xFF, 0xE3, 0xFF, 0xFF, 0xF8, 0x7F, 0xFF, 0xFC, 0x0F, 0xFF, 0xFF, 0x01,
    0xFE, 0x1F, 0xE0, 0x3F, 0xC1, 0xFE, 0x07, 0xF8, 0x3F, 0xC0, 0xFF, 0x03, 0xFC, 0x1F, 0xE0, 0x7F,
    0x83, 0xFC, 0x0F, 0xF8, 0x7F, 0x80, 0xFF, 0x0F, 0xF0, 0x1F, 0xE1, 0xFE, 0x03, 0xFE, 0x3F, 0xC0,
    0x3F, 0xC7, 0xF8, 0x07, 0xFC, 0xFF, 0x00, 0x7F, 0x9F, 0xC0, 0x0F, 0xF0, 0x00, 0x00, 0x00, 0x00,
    0x00, 0x00, 0x00, 0x03, 0xC0, 0x00, 0x00, 0xFC, 0x00, 0x00, 0x1F, 0x80, 0x00, 0x03, 0xF0, 0x00,
    0x00, 0x3E, 0x00, 0x00, 0x03, 0x80, 0x00, 0x00, 0xE0, 0x00, 0x00, 0x1C, 0x00, 0x00, 0x00, 0x00,
    0x00, 0x00, 0x1F, 0xFC, 0xFF, 0xFB, 0xFF, 0xFF, 0xFF, 0xFF, 0xFF, 0xFF, 0xFF, 0xFF, 0xFF, 0xC0,
    0xFF, 0x01, 0xFC, 0x03, 0xF8, 0x07, 0xF0, 0x0F, 0xE0, 0x1F, 0xC0, 0x3F, 0x80, 0x7F, 0x00, 0xFE,
    0x01, 0xFC, 0x03, 0xF8, 0x07, 0xF0, 0x0F, 0xE0, 0x1F, 0xC0, 0x3F, 0x80, 0x00, 0x00, 0x00, 0x00,
    0xF8, 0x01, 0xF8, 0x03, 0xF0, 0x07, 0xE0, 0x07, 0x80, 0x07, 0x00, 0x1C, 0x00, 0x78, 0x00, 0x00,
    0x00, 0x07, 0xC3, 0xF0, 0x00, 0x7C, 0x7C, 0x00, 0x07, 0xDF, 0x80, 0x00, 0x7F, 0xE0, 0x00, 0x07,
    0xF8, 0x00, 0x00, 0x7E, 0x00, 0x00, 0x00, 0x00, 0x00, 0x00, 0x00, 0x00, 0x00, 0x00, 0x00, 0x0F,
    0xFF, 0xFE, 0x01, 0xFF, 0xFF, 0xF8, 0x3F, 0xFF, 0xFF, 0x87, 0xFF, 0xFF, 0xF8, 0xFF, 0xFF, 0xFF,
    0x9F, 0xE0, 0x3F, 0xF3, 0xFC, 0x01, 0xFF, 0x7F, 0x80, 0x3F, 0xEF, 0xF0, 0x07, 0xFD, 0xFE, 0x00,
    0xFF, 0xBF, 0xC0, 0x1F, 0xF7, 0xF8, 0x03, 0xFC, 0xFF, 0x01, 0xFF, 0x9F, 0xFF, 0xFF, 0xE3, 0xFF,
    0xFF, 0xFC, 0x7F, 0xFF, 0xFF, 0x0F, 0xFF, 0xFF, 0x81, 0xFF, 0xFF, 0xE0, 0x3F, 0xC3, 0xFC, 0x07,
    0xF8, 0x3F, 0xC0, 0xFF, 0x07, 0xF8, 0x1F, 0xE0, 0x7F, 0x83, 0xFC, 0x0F, 0xF0, 0x7F, 0x81, 0xFF,
    0x0F, 0xF0, 0x1F, 0xE1, 0xFE, 0x03, 0xFC, 0x3F, 0xC0, 0x7F, 0xC7, 0xF8, 0x07, 0xF8, 0xFF, 0x00,
    0xFF, 0x9F, 0xE0, 0x0F, 0xF3, 0xF8, 0x01, 0xFE, 0x7C, 0x3F, 0x3F, 0x3F, 0x0F, 0xFF, 0x03, 0xFF,
    0x00, 0xFF, 0x00, 0x3F, 0x00, 0x00, 0x00, 0x00, 0x00, 0x00, 0x0F, 0x3F, 0x9F, 0x9F, 0xDF, 0xCF,
    0xFF, 0xE7, 0xFF, 0xF3, 0xFF, 0xF9, 0xFF, 0xFC, 0xFF, 0x80, 0x7F, 0x80, 0x3F, 0x80, 0x1F, 0xC0,
    0x0F, 0xE0, 0x07, 0xF0, 0x03, 0xF8, 0x01, 0xFC, 0x00, 0xFE, 0x00, 0x7F, 0x00, 0x3F, 0x80, 0x1F,
    0xC0, 0x0F, 0xE0, 0x07, 0xF0, 0x03, 0xF8, 0x01, 0xFC, 0x00, 0x00, 0x00, 0x40, 0x00, 0x00, 0x78,
    0x00, 0x00, 0xFE, 0x00, 0x00, 0xFF, 0xC0, 0x00, 0xFF, 0xF0, 0x00, 0x7F, 0xF0, 0x00, 0x1F, 0xC0,
    0x00, 0x03, 0x00, 0x00, 0x00, 0x00, 0x00, 0x00, 0x0F, 0xC0, 0x00, 0x1F, 0xFF, 0x00, 0x1F, 0xFF,
    0xF0, 0x0F, 0xFF, 0xFE, 0x07, 0xFF, 0xFF, 0xC3, 0xFF, 0xFF, 0xF8, 0xFF, 0x83, 0xFC, 0x7F, 0x80,
    0x3E, 0x1F, 0xE0, 0x07, 0x07, 0xF8, 0x00, 0x01, 0xFE, 0x00, 0x00, 0x7F, 0xE0, 0x00, 0x1F, 0xFF,
    0x00, 0x03, 0xFF, 0xF8, 0x00, 0xFF, 0xFF, 0xC0, 0x1F, 0xFF, 0xFC, 0x03, 0xFF, 0xFF, 0x80, 0x7F,
    0xFF, 0xF0, 0x07, 0xFF, 0xFE, 0x00, 0x3F, 0xFF, 0x80, 0x00, 0xFF, 0xF0, 0x00, 0x07, 0xFC, 0x00,
    0x00, 0xFF, 0x1C, 0x00, 0x3F, 0xCF, 0x80, 0x0F, 0xF7, 0xF0, 0x03, 0xFF, 0xFE, 0x03, 0xFE, 0xFF,
    0xFF, 0xFF, 0x9F, 0xFF, 0xFF, 0xC3, 0xFF, 0xFF, 0xE0, 0x3F, 0xFF, 0xF0, 0x03, 0xFF, 0xF0, 0x00,
    0x0F, 0xE0, 0x00, 0x00, 0x01, 0x00, 0x00, 0x78, 0x00, 0x0F, 0xE0, 0x03, 0xFF, 0x00, 0x7F, 0xF8,
    0x03, 0xFF, 0x00, 0x1F, 0xC0, 0x00, 0xE0, 0x00, 0x00, 0x00, 0x00, 0x07, 0xE0, 0x01, 0xFF, 0xE0,
    0x1F, 0xFF, 0xC1, 0xFF, 0xFF, 0x1F, 0xFF, 0xF8, 0xFC, 0x0F, 0xCF, 0xE0, 0x3C, 0x7F, 0x00, 0x03,
    0xFF, 0x00, 0x0F, 0xFF, 0x80, 0x7F, 0xFF, 0x81, 0xFF, 0xFE, 0x07, 0xFF, 0xF8, 0x1F, 0xFF, 0xE0,
    0x0F, 0xFF, 0x00, 0x07, 0xF8, 0xC0, 0x0F, 0xDF, 0x00, 0x7E, 0xFE, 0x0F, 0xF7, 0xFF, 0xFF, 0x1F,
    0xFF, 0xF8, 0x7F, 0xFF, 0x80, 0xFF, 0xF0, 0x00, 0xFC, 0x00, 0x00, 0x1E, 0x00, 0x00, 0x0F, 0xE0,
    0x00, 0x07, 0xFC, 0x00, 0x03, 0xFF, 0x80, 0x01, 0xFB, 0xF0, 0x00, 0xFC, 0x7E, 0x00, 0x3E, 0x0F,
    0x80, 0x00, 0x00, 0x00, 0x00, 0x00, 0x00, 0x00, 0x0F, 0xC0, 0x00, 0x1F, 0xFF, 0x00, 0x1F, 0xFF,
    0xF0, 0x0F, 0xFF, 0xFE, 0x07, 0xFF, 0xFF, 0xC3, 0xFF, 0xFF, 0xF8, 0xFF, 0x83, 0xFC, 0x7F, 0x80,
    0x3E, 0x1F, 0xE0, 0x07, 0x07, 0xF8, 0x00, 0x01, 0xFE, 0x00, 0x00, 0x7F, 0xE0, 0x00, 0x1F, 0xFF,
    0x00, 0x03, 0xFF, 0xF8, 0x00, 0xFF, 0xFF, 0xC0, 0x1F, 0xFF, 0xFC, 0x03, 0xFF, 0xFF, 0x80, 0x7F,
    0xFF, 0xF0, 0x07, 0xFF, 0xFE, 0x00, 0x3F, 0xFF, 0x80, 0x00, 0xFF, 0xF0, 0x00, 0x07, 0xFC, 0x00,
    0x00, 0xFF, 0x1C, 0x00, 0x3F, 0xCF, 0x80, 0x0F, 0xF7, 0xF0, 0x03, 0xFF, 0xFE, 0x03, 0xFE, 0xFF,
    0xFF, 0xFF, 0x9F, 0xFF, 0xFF, 0xC3, 0xFF, 0xFF, 0xE0, 0x3F, 0xFF, 0xF0, 0x03, 0xFF, 0xF0, 0x00,
    0x0F, 0xE0, 0x00, 0x00, 0x78, 0x00, 0x0F, 0xE0, 0x00, 0xFF, 0x80, 0x0F, 0xFE, 0x00, 0xFD, 0xF8,
    0x0F, 0xC7, 0xE0, 0x7C, 0x1F, 0x00, 0x00, 0x00, 0x00, 0x00, 0x00, 0x07, 0xE0, 0x01, 0xFF, 0xE0,
    0x1F, 0xFF, 0xC1, 0xFF, 0xFF, 0x1F, 0xFF, 0xF8, 0xFC, 0x0F, 0xCF, 0xE0, 0x3C, 0x7F, 0x00, 0x03,
    0xFF, 0x00, 0x0F, 0xFF, 0x80, 0x7F, 0xFF, 0x81, 0xFF, 0xFE, 0x07, 0xFF, 0xF8, 0x1F, 0xFF, 0xE0,
    0x0F, 0xFF, 0x00, 0x07, 0xF8, 0xC0, 0x0F, 0xDF, 0x00, 0x7E, 0xFE, 0x0F, 0xF7, 0xFF, 0xFF, 0x1F,
    0xFF, 0xF8, 0x7F, 0xFF, 0x80, 0xFF, 0xF0, 0x00, 0xFC, 0x00, 0x00, 0x3F, 0x00, 0x00, 0x7F, 0xFC,
    0x00, 0x7F, 0xFF, 0xC0, 0x3F, 0xFF, 0xF8, 0x1F, 0xFF, 0xFF, 0x0F, 0xFF, 0xFF, 0xE3, 0xFE, 0x0F,
    0xF1, 0xFE, 0x00, 0xF8, 0x7F, 0x80, 0x1C, 0x1F, 0xE0, 0x00, 0x07, 0xF8, 0x00, 0x01, 0xFF, 0x80,
    0x00, 0x7F, 0xFC, 0x00, 0x0F, 0xFF, 0xE0, 0x03, 0xFF, 0xFF, 0x00, 0x7F, 0xFF, 0xF0, 0x0F, 0xFF,
    0xFE, 0x01, 0xFF, 0xFF, 0xC0, 0x1F, 0xFF, 0xF8, 0x00, 0xFF, 0xFE, 0x00, 0x03, 0xFF, 0xC0, 0x00,
    0x1F, 0xF0, 0x00, 0x03, 0xFC, 0x70, 0x00, 0xFF, 0x3E, 0x00, 0x3F, 0xDF, 0xC0, 0x0F, 0xFF, 0xF8,
    0x0F, 0xFB, 0xFF, 0xFF, 0xFE, 0x7F, 0xFF, 0xFF, 0x0F, 0xFF, 0xFF, 0x80, 0xFF, 0xFF, 0xC0, 0x0F,
    0xFF, 0xC0, 0x00, 0x3F, 0x80, 0x00, 0x07, 0x80, 0x00, 0x01, 0xF8, 0x00, 0x00, 0xFF, 0x00, 0x00,
    0x07, 0xE0, 0x00, 0x00, 0xF8, 0x00, 0x0F, 0xFE, 0x00, 0x03, 0xFF, 0x00, 0x00, 0x7F, 0x80, 0x00,
    0x00, 0x00, 0x00, 0x00, 0xFC, 0x00, 0x3F, 0xFC, 0x03, 0xFF, 0xF8, 0x3F, 0xFF, 0xE3, 0xFF, 0xFF,
    0x1F, 0x81, 0xF9, 0xFC, 0x07, 0x8F, 0xE0, 0x00, 0x7F, 0xE0, 0x01, 0xFF, 0xF0, 0x0F, 0xFF, 0xF0,
    0x3F, 0xFF, 0xC0, 0xFF, 0xFF, 0x03, 0xFF, 0xFC, 0x01, 0xFF, 0xE0, 0x00, 0xFF, 0x18, 0x01, 0xFB,
    0xE0, 0x0F, 0xDF, 0xC1, 0xFE, 0xFF, 0xFF, 0xE3, 0xFF, 0xFF, 0x0F, 0xFF, 0xF0, 0x1F, 0xFE, 0x00,
    0x1F, 0x80, 0x00, 0xF0, 0x00, 0x07, 0xE0, 0x00, 0x3F, 0x80, 0x00, 0x3E, 0x00, 0x00, 0xF0, 0x01,
    0xFF, 0x80, 0x0F, 0xFC, 0x00, 0x7F, 0x80, 0x00, 0x00, 0x00, 0x03, 0xE1, 0xF8, 0x00, 0xFC, 0xFC,
    0x00, 0x1F, 0xFE, 0x00, 0x03, 0xFF, 0x00, 0x00, 0x7F, 0x80, 0x00, 0x0F, 0xC0, 0x00, 0x00, 0x00,
    0x00, 0x00, 0x00, 0x00, 0x00, 0x3F, 0x00, 0x00, 0x7F, 0xFC, 0x00, 0x7F, 0xFF, 0xC0, 0x3F, 0xFF,
    0xF8, 0x1F, 0xFF, 0xFF, 0x0F, 0xFF, 0xFF, 0xE3, 0xFE, 0x0F, 0xF1, 0xFE, 0x00, 0xF8, 0x7F, 0x80,
    0x1C, 0x1F, 0xE0, 0x00, 0x07, 0xF8, 0x00, 0x01, 0xFF, 0x80, 0x00, 0x7F, 0xFC, 0x00, 0x0F, 0xFF,
    0xE0, 0x03, 0xFF, 0xFF, 0x00, 0x7F, 0xFF, 0xF0, 0x0F, 0xFF, 0xFE, 0x01, 0xFF, 0xFF, 0xC0, 0x1F,
    0xFF, 0xF8, 0x00, 0xFF, 0xFE, 0x00, 0x03, 0xFF, 0xC0, 0x00, 0x1F, 0xF0, 0x00, 0x03, 0xFC, 0x70,
    0x00, 0xFF, 0x3E, 0x00, 0x3F, 0xDF, 0xC0, 0x0F, 0xFF, 0xF8, 0x0F, 0xFB, 0xFF, 0xFF, 0xFE, 0x7F,
    0xFF, 0xFF, 0x0F, 0xFF, 0xFF, 0x80, 0xFF, 0xFF, 0xC0, 0x0F, 0xFF, 0xC0, 0x00, 0x3F, 0x80, 0x00,
    0x1F, 0x87, 0xC0, 0x7E, 0x7E, 0x01, 0xFF, 0xE0, 0x07, 0xFE, 0x00, 0x1F, 0xE0, 0x00, 0x7E, 0x00,
    0x00, 0x00, 0x00, 0x00, 0x00, 0x00, 0xFC, 0x00, 0x3F, 0xFC, 0x03, 0xFF, 0xF8, 0x3F, 0xFF, 0xE3,
    0xFF, 0xFF, 0x1F, 0x81, 0xF9, 0xFC, 0x07, 0x8F, 0xE0, 0x00, 0x7F, 0xE0, 0x01, 0xFF, 0xF0, 0x0F,
    0xFF, 0xF0, 0x3F, 0xFF, 0xC0, 0xFF, 0xFF, 0x03, 0xFF, 0xFC, 0x01, 0xFF, 0xE0, 0x00, 0xFF, 0x18,
    0x01, 0xFB, 0xE0, 0x0F, 0xDF, 0xC1, 0xFE, 0xFF, 0xFF, 0xE3, 0xFF, 0xFF, 0x0F, 0xFF, 0xF0, 0x1F,
    0xFE, 0x00, 0x1F, 0x80, 0xFF, 0xFF, 0xFF, 0xFF, 0xFF, 0xFF, 0xFF, 0xFF, 0xFF, 0xFF, 0xFF, 0xFF,
    0xFF, 0xFF, 0xFF, 0xFF, 0xFF, 0xFF, 0xFF, 0xF0, 0x07, 0xF8, 0x00, 0x01, 0xFE, 0x00, 0x00, 0x7F,
    0x80, 0x00, 0x1F, 0xE0, 0x00, 0x07, 0xF8, 0x00, 0x01, 0xFE, 0x00, 0x00, 0x7F, 0x80, 0x00, 0x1F,
    0xE0, 0x00, 0x07, 0xF8, 0x00, 0x01, 0xFE, 0x00, 0x00, 0x7F, 0x80, 0x00, 0x1F, 0xE0, 0x00, 0x07,
    0xF8, 0x00, 0x01, 0xFE, 0x00, 0x00, 0x7F, 0x80, 0x00, 0x1F, 0xE0, 0x00, 0x07, 0xF8, 0x00, 0x01,
    0xFE, 0x00, 0x00, 0x7F, 0x80, 0x00, 0x1F, 0xE0, 0x00, 0x07, 0xF8, 0x00, 0x01, 0xFE, 0x00, 0x00,
    0x7F, 0x80, 0x00, 0x1F, 0xE0, 0x00, 0x07, 0xF8, 0x00, 0x00, 0x78, 0x00, 0x00, 0x1E, 0x00, 0x00,
    0x0F, 0xE0, 0x00, 0x03, 0xFC, 0x00, 0x00, 0x1F, 0x00, 0x00, 0x03, 0xE0, 0x00, 0x3F, 0xF8, 0x00,
    0x0F, 0xFC, 0x00, 0x03, 0xFE, 0x00, 0x00, 0x00, 0x00, 0x00, 0x07, 0xE0, 0x03, 0xF8, 0x01, 0xFC,
    0x00, 0xFE, 0x00, 0x7F, 0x00, 0x3F, 0x80, 0x1F, 0xC0, 0x1F, 0xFE, 0xFF, 0xFF, 0xFF, 0xFF, 0xFF,
    0xFF, 0xFF, 0xFF, 0xF7, 0xFF, 0xF8, 0x7F, 0x80, 0x3F, 0xC0, 0x1F, 0xE0, 0x0F, 0xF0, 0x07, 0xF8,
    0x03, 0xFC, 0x01, 0xFE, 0x00, 0xFF, 0x00, 0x7F, 0x80, 0x3F, 0xC0, 0x1F, 0xE0, 0x0F, 0xF0, 0x07,
    0xFF, 0xC1, 0xFF, 0xE0, 0xFF, 0xF0, 0x3F, 0xF8, 0x0F, 0xFC, 0x01, 0xC0, 0x01, 0xE0, 0x00, 0xFC,
    0x00, 0x7F, 0x00, 0x07, 0xC0, 0x03, 0xE0, 0x3F, 0xF0, 0x3F, 0xF0, 0x0F, 0xF0, 0x00, 0x00, 0x03,
    0xE1, 0xF8, 0x00, 0xFC, 0xFC, 0x00, 0x1F, 0xFE, 0x00, 0x03, 0xFF, 0x00, 0x00, 0x7F, 0x80, 0x00,
    0x0F, 0xC0, 0x00, 0x00, 0x00, 0x00, 0x00, 0x00, 0x00, 0x00, 0x00, 0x00, 0x3F, 0xFF, 0xFF, 0xFF,
    0xFF, 0xFF, 0xFF, 0xFF, 0xFF, 0xFF, 0xFF, 0xFF, 0xFF, 0xFF, 0xFF, 0xFF, 0xFF, 0xFF, 0xFF, 0xFC,
    0x01, 0xFE, 0x00, 0x00, 0x7F, 0x80, 0x00, 0x1F, 0xE0, 0x00, 0x07, 0xF8, 0x00, 0x01, 0xFE, 0x00,
    0x00, 0x7F, 0x80, 0x00, 0x1F, 0xE0, 0x00, 0x07, 0xF8, 0x00, 0x01, 0xFE, 0x00, 0x00, 0x7F, 0x80,
    0x00, 0x1F, 0xE0, 0x00, 0x07, 0xF8, 0x00, 0x01, 0xFE, 0x00, 0x00, 0x7F, 0x80, 0x00, 0x1F, 0xE0,
    0x00, 0x07, 0xF8, 0x00, 0x01, 0xFE, 0x00, 0x00, 0x7F, 0x80, 0x00, 0x1F, 0xE0, 0x00, 0x07, 0xF8,
    0x00, 0x01, 0xFE, 0x00, 0x00, 0x7F, 0x80, 0x00, 0x1F, 0xE0, 0x00, 0x07, 0xF8, 0x00, 0x01, 0xFE,
    0x00, 0x00, 0x07, 0xC0, 0x01, 0xF0, 0x00, 0x7C, 0x1F, 0x9F, 0x07, 0xF7, 0xC1, 0xFC, 0xF0, 0x7F,
    0x38, 0x1F, 0xDE, 0x07, 0xF7, 0x81, 0xFD, 0xC0, 0xFF, 0xF3, 0xFF, 0xFE, 0xFF, 0xFF, 0xBF, 0xFF,
    0xEF, 0xFF, 0xF9, 0xFF, 0xFE, 0x0F, 0xF0, 0x03, 0xFC, 0x00, 0xFF, 0x00, 0x3F, 0xC0, 0x0F, 0xF0,
    0x03, 0xFC, 0x00, 0xFF, 0x00, 0x3F, 0xC0, 0x0F, 0xF0, 0x03, 0xFC, 0x00, 0xFF, 0x00, 0x3F, 0xC0,
    0x0F, 0xFF, 0x81, 0xFF, 0xE0, 0x7F, 0xF8, 0x0F, 0xFE, 0x01, 0xFF, 0x80, 0xFF, 0xFF, 0xFF, 0xFF,
    0xFF, 0xFF, 0xFF, 0xFF, 0xFF, 0xFF, 0xFF, 0xFF, 0xFF, 0xFF, 0xFF, 0xFF, 0xFF, 0xFF, 0xFF, 0xF0,
    0x07, 0xF8, 0x00, 0x01, 0xFE, 0x00, 0x00, 0x7F, 0x80, 0x00, 0x1F, 0xE0, 0x00, 0x07, 0xF8, 0x00,
    0x01, 0xFE, 0x00, 0x00, 0x7F, 0x80, 0x03, 0xFF, 0xFE, 0x00, 0xFF, 0xFF, 0xC0, 0x3F, 0xFF, 0xF0,
    0x0F, 0xFF, 0xFC, 0x03, 0xFF, 0xFF, 0x00, 0xFF, 0xFF, 0x80, 0x01, 0xFE, 0x00, 0x00, 0x7F, 0x80,
    0x00, 0x1F, 0xE0, 0x00, 0x07, 0xF8, 0x00, 0x01, 0xFE, 0x00, 0x00, 0x7F, 0x80, 0x00, 0x1F, 0xE0,
    0x00, 0x07, 0xF8, 0x00, 0x01, 0xFE, 0x00, 0x00, 0x7F, 0x80, 0x00, 0x1F, 0xE0, 0x00, 0x07, 0xF8,
    0x00, 0x07, 0xE0, 0x03, 0xF8, 0x01, 0xFC, 0x00, 0xFE, 0x00, 0x7F, 0x00, 0x3F, 0x80, 0x1F, 0xC0,
    0x1F, 0xFE, 0xFF, 0xFF, 0xFF, 0xFF, 0xFF, 0xFF, 0xFF, 0xFF, 0xF7, 0xFF, 0xF8, 0x7F, 0x80, 0x3F,
    0xC0, 0x1F, 0xE0, 0x7F, 0xFE, 0x3F, 0xFF, 0x9F, 0xFF, 0xCF, 0xFF, 0xC0, 0xFF, 0x00, 0x7F, 0x80,
    0x3F, 0xC0, 0x1F, 0xE0, 0x0F, 0xF0, 0x07, 0xFF, 0xC1, 0xFF, 0xE0, 0xFF, 0xF0, 0x3F, 0xF8, 0x0F,
    0xFC, 0x01, 0xFC, 0x18, 0x00, 0xFF, 0xFE, 0x00, 0x3F, 0xFF, 0x80, 0x0F, 0xFF, 0xE0, 0x01, 0x87,
    0xF0, 0x00, 0x00, 0x00, 0x00, 0x00, 0x00, 0x00, 0x00, 0x00, 0x00, 0x00, 0x00, 0x00, 0x3F, 0xC0,
    0x07, 0xFF, 0xF0, 0x01, 0xFF, 0xFC, 0x00, 0x7F, 0xFF, 0x00, 0x1F, 0xFF, 0xC0, 0x07, 0xFF, 0xF0,
    0x01, 0xFF, 0xFC, 0x00, 0x7F, 0xFF, 0x00, 0x1F, 0xFF, 0xC0, 0x07, 0xFF, 0xF0, 0x01, 0xFF, 0xFC,
    0x00, 0x7F, 0xFF, 0x00, 0x1F, 0xFF, 0xC0, 0x07, 0xFF, 0xF0, 0x01, 0xFF, 0xFC, 0x00, 0x7F, 0xFF,
    0x00, 0x1F, 0xFF, 0xC0, 0x07, 0xFF, 0xF0, 0x01, 0xFF, 0xFC, 0x00, 0x7F, 0xFF, 0x00, 0x1F, 0xFF,
    0xC0, 0x07, 0xFF, 0xF0, 0x01, 0xFF, 0xFE, 0x00, 0x7F, 0x7F, 0x80, 0x3F, 0x9F, 0xF0, 0x0F, 0xE7,
    0xFE, 0x0F, 0xF8, 0xFF, 0xFF, 0xFC, 0x3F, 0xFF, 0xFF, 0x07, 0xFF, 0xFF, 0x80, 0xFF, 0xFF, 0xC0,
    0x0F, 0xFF, 0xC0, 0x00, 0x7F, 0x80, 0x00, 0x0F, 0xE1, 0x80, 0xFF, 0xFE, 0x07, 0xFF, 0xF0, 0x3F,
    0xFF, 0x81, 0x83, 0xF0, 0x00, 0x00, 0x00, 0x00, 0x00, 0x00, 0x00, 0x00, 0x00, 0x00, 0x07, 0xF0,
    0x1F, 0xFF, 0x80, 0xFF, 0xFC, 0x07, 0xFF, 0xE0, 0x3F, 0xFF, 0x01, 0xFF, 0xF8, 0x0F, 0xFF, 0xC0,
    0x7F, 0xFE, 0x03, 0xFF, 0xF0, 0x1F, 0xFF, 0x80, 0xFF, 0xFC, 0x07, 0xFF, 0xE0, 0x3F, 0xFF, 0x01,
    0xFF, 0xF8, 0x0F, 0xFF, 0xC0, 0x7F, 0xFE, 0x07, 0xFF, 0xF0, 0x7F, 0xFF, 0xFF, 0xFF, 0xFF, 0xFF,
    0xF7, 0xFF, 0xFF, 0xBF, 0xFD, 0xFC, 0xFF, 0x8F, 0xE1, 0xF0, 0x00, 0x03, 0xFF, 0xF8, 0x00, 0xFF,
    0xFF, 0x00, 0x3F, 0xFF, 0xC0, 0x0F, 0xFF, 0xF0, 0x03, 0xFF, 0xF8, 0x00, 0x00, 0x00, 0x00, 0x00,
    0x00, 0x00, 0x00, 0x00, 0x00, 0x00, 0x00, 0x00, 0x3F, 0xC0, 0x07, 0xFF, 0xF0, 0x01, 0xFF, 0xFC,
    0x00, 0x7F, 0xFF, 0x00, 0x1F, 0xFF, 0xC0, 0x07, 0xFF, 0xF0, 0x01, 0xFF, 0xFC, 0x00, 0x7F, 0xFF,
    0x00, 0x1F, 0xFF, 0xC0, 0x07, 0xFF, 0xF0, 0x01, 0xFF, 0xFC, 0x00, 0x7F, 0xFF, 0x00, 0x1F, 0xFF,
    0xC0, 0x07, 0xFF, 0xF0, 0x01, 0xFF, 0xFC, 0x00, 0x7F, 0xFF, 0x00, 0x1F, 0xFF, 0xC0, 0x07, 0xFF,
    0xF0, 0x01, 0xFF, 0xFC, 0x00, 0x7F, 0xFF, 0x00, 0x1F, 0xFF, 0xC0, 0x07, 0xFF, 0xF0, 0x01, 0xFF,
    0xFE, 0x00, 0x7F, 0x7F, 0x80, 0x3F, 0x9F, 0xF0, 0x0F, 0xE7, 0xFE, 0x0F, 0xF8, 0xFF, 0xFF, 0xFC,
    0x3F, 0xFF, 0xFF, 0x07, 0xFF, 0xFF, 0x80, 0xFF, 0xFF, 0xC0, 0x0F, 0xFF, 0xC0, 0x00, 0x7F, 0x80,
    0x00, 0x3F, 0xFF, 0xC1, 0xFF, 0xFE, 0x0F, 0xFF, 0xF0, 0x7F, 0xFF, 0x83, 0xFF, 0xFC, 0x00, 0x00,
    0x00, 0x00, 0x00, 0x00, 0x00, 0x00, 0x00, 0x00, 0x07, 0xF0, 0x1F, 0xFF, 0x80, 0xFF, 0xFC, 0x07,
    0xFF, 0xE0, 0x3F, 0xFF, 0x01, 0xFF, 0xF8, 0x0F, 0xFF, 0xC0, 0x7F, 0xFE, 0x03, 0xFF, 0xF0, 0x1F,
    0xFF, 0x80, 0xFF, 0xFC, 0x07, 0xFF, 0xE0, 0x3F, 0xFF, 0x01, 0xFF, 0xF8, 0x0F, 0xFF, 0xC0, 0x7F,
    0xFE, 0x07, 0xFF, 0xF0, 0x7F, 0xFF, 0xFF, 0xFF, 0xFF, 0xFF, 0xF7, 0xFF, 0xFF, 0xBF, 0xFD, 0xFC,
    0xFF, 0x8F, 0xE1, 0xF0, 0x00, 0x03, 0xE0, 0x78, 0x00, 0xFC, 0x3E, 0x00, 0x1F, 0xFF, 0x00, 0x07,
    0xFF, 0xC0, 0x00, 0xFF, 0xC0, 0x00, 0x07, 0xE0, 0x00, 0x00, 0x00, 0x00, 0x00, 0x00, 0x00, 0x00,
    0x00, 0x00, 0x3F, 0xC0, 0x07, 0xFF, 0xF0, 0x01, 0xFF, 0xFC, 0x00, 0x7F, 0xFF, 0x00, 0x1F, 0xFF,
    0xC0, 0x07, 0xFF, 0xF0, 0x01, 0xFF, 0xFC, 0x00, 0x7F, 0xFF, 0x00, 0x1F, 0xFF, 0xC0, 0x07, 0xFF,
    0xF0, 0x01, 0xFF, 0xFC, 0x00, 0x7F, 0xFF, 0x00, 0x1F, 0xFF, 0xC0, 0x07, 0xFF, 0xF0, 0x01, 0xFF,
    0xFC, 0x00, 0x7F, 0xFF, 0x00, 0x1F, 0xFF, 0xC0, 0x07, 0xFF, 0xF0, 0x01, 0xFF, 0xFC, 0x00, 0x7F,
    0xFF, 0x00, 0x1F, 0xFF, 0xC0, 0x07, 0xFF, 0xF0, 0x01, 0xFF, 0xFE, 0x00, 0x7F, 0x7F, 0x80, 0x3F,
    0x9F, 0xF0, 0x0F, 0xE7, 0xFE, 0x0F, 0xF8, 0xFF, 0xFF, 0xFC, 0x3F, 0xFF, 0xFF, 0x07, 0xFF, 0xFF,
    0x80, 0xFF, 0xFF, 0xC0, 0x0F, 0xFF, 0xC0, 0x00, 0x7F, 0x80, 0x00, 0x3E, 0x07, 0xC0, 0xF8, 0x7E,
    0x07, 0xFF, 0xE0, 0x1F, 0xFE, 0x00, 0x7F, 0xE0, 0x00, 0xFC, 0x00, 0x00, 0x00, 0x00, 0x00, 0x00,
    0x00, 0x00, 0x07, 0xF0, 0x1F, 0xFF, 0x80, 0xFF, 0xFC, 0x07, 0xFF, 0xE0, 0x3F, 0xFF, 0x01, 0xFF,
    0xF8, 0x0F, 0xFF, 0xC0, 0x7F, 0xFE, 0x03, 0xFF, 0xF0, 0x1F, 0xFF, 0x80, 0xFF, 0xFC, 0x07, 0xFF,
    0xE0, 0x3F, 0xFF, 0x01, 0xFF, 0xF8, 0x0F, 0xFF, 0xC0, 0x7F, 0xFE, 0x07, 0xFF, 0xF0, 0x7F, 0xFF,
    0xFF, 0xFF, 0xFF, 0xFF, 0xF7, 0xFF, 0xFF, 0xBF, 0xFD, 0xFC, 0xFF, 0x8F, 0xE1, 0xF0, 0x00, 0x00,
    0x00, 0x00, 0x00, 0x07, 0xE0, 0x00, 0x07, 0xFC, 0x00, 0x01, 0xFF, 0x00, 0x00, 0x71, 0xC0, 0x00,
    0x1C, 0x78, 0x00, 0x07, 0x1C, 0x00, 0x01, 0xFF, 0x00, 0x00, 0x3F, 0xC0, 0x00, 0x07, 0xE0, 0x00,
    0x00, 0x00, 0x00, 0x00, 0x00, 0x00, 0xFF, 0x00, 0x1F, 0xFF, 0xC0, 0x07, 0xFF, 0xF0, 0x01, 0xFF,
    0xFC, 0x00, 0x7F, 0xFF, 0x00, 0x1F, 0xFF, 0xC0, 0x07, 0xFF, 0xF0, 0x01, 0xFF, 0xFC, 0x00, 0x7F,
    0xFF, 0x00, 0x1F, 0xFF, 0xC0, 0x07, 0xFF, 0xF0, 0x01, 0xFF, 0xFC, 0x00, 0x7F, 0xFF, 0x00, 0x1F,
    0xFF, 0xC0, 0x07, 0xFF, 0xF0, 0x01, 0xFF, 0xFC, 0x00, 0x7F, 0xFF, 0x00, 0x1F, 0xFF, 0xC0, 0x07,
    0xFF, 0xF0, 0x01, 0xFF, 0xFC, 0x00, 0x7F, 0xFF, 0x00, 0x1F, 0xFF, 0xC0, 0x07, 0xFF, 0xF8, 0x01,
    0xFD, 0xFE, 0x00, 0xFE, 0x7F, 0xC0, 0x3F, 0x9F, 0xF8, 0x3F, 0xE3, 0xFF, 0xFF, 0xF0, 0xFF, 0xFF,
    0xFC, 0x1F, 0xFF, 0xFE, 0x03, 0xFF, 0xFF, 0x00, 0x3F, 0xFF, 0x00, 0x01, 0xFE, 0x00, 0x00, 0x00,
    0x00, 0x0F, 0xC0, 0x00, 0xFF, 0x00, 0x0F, 0xFC, 0x00, 0x78, 0xE0, 0x03, 0x87, 0x00, 0x1E, 0x78,
    0x00, 0x7F, 0xC0, 0x03, 0xFC, 0x00, 0x0F, 0xC0, 0x00, 0x00, 0x00, 0x00, 0x00, 0x0F, 0xE0, 0x3F,
    0xFF, 0x01, 0xFF, 0xF8, 0x0F, 0xFF, 0xC0, 0x7F, 0xFE, 0x03, 0xFF, 0xF0, 0x1F, 0xFF, 0x80, 0xFF,
    0xFC, 0x07, 0xFF, 0xE0, 0x3F, 0xFF, 0x01, 0xFF, 0xF8, 0x0F, 0xFF, 0xC0, 0x7F, 0xFE, 0x03, 0xFF,
    0xF0, 0x1F, 0xFF, 0x80, 0xFF, 0xFC, 0x0F, 0xFF, 0xE0, 0xFF, 0xFF, 0xFF, 0xFF, 0xFF, 0xFF, 0xEF,
    0xFF, 0xFF, 0x7F, 0xFB, 0xF9, 0xFF, 0x1F, 0xC3, 0xE0, 0x00, 0x00, 0x10, 0x00, 0x00, 0x0E, 0x0E,
    0x00, 0x07, 0xC7, 0xC0, 0x03, 0xFB, 0xF8, 0x01, 0xFD, 0xFC, 0x00, 0xFE, 0xFE, 0x00, 0x7E, 0x3E,
    0x00, 0x0F, 0x0F, 0x00, 0x01, 0x01, 0x00, 0x00, 0x00, 0x00, 0x0F, 0xF0, 0x01, 0xFF, 0xFC, 0x00,
    0x7F, 0xFF, 0x00, 0x1F, 0xFF, 0xC0, 0x07, 0xFF, 0xF0, 0x01, 0xFF, 0xFC, 0x00, 0x7F, 0xFF, 0x00,
    0x1F, 0xFF, 0xC0, 0x07, 0xFF, 0xF0, 0x01, 0xFF, 0xFC, 0x00, 0x7F, 0xFF, 0x00, 0x1F, 0xFF, 0xC0,
    0x07, 0xFF, 0xF0, 0x01, 0xFF, 0xFC, 0x00, 0x7F, 0xFF, 0x00, 0x1F, 0xFF, 0xC0, 0x07, 0xFF, 0xF0,
    0x01, 0xFF, 0xFC, 0x00, 0x7F, 0xFF, 0x00, 0x1F, 0xFF, 0xC0, 0x07, 0xFF, 0xF0, 0x01, 0xFF, 0xFC,
    0x00, 0x7F, 0xFF, 0x80, 0x1F, 0xDF, 0xE0, 0x0F, 0xE7, 0xFC, 0x03, 0xF9, 0xFF, 0x83, 0xFE, 0x3F,
    0xFF, 0xFF, 0x0F, 0xFF, 0xFF, 0xC1, 0xFF, 0xFF, 0xE0, 0x3F, 0xFF, 0xF0, 0x03, 0xFF, 0xF0, 0x00,
    0x1F, 0xE0, 0x00, 0x00, 0x80, 0x80, 0x0E, 0x0E, 0x00, 0xF8, 0xF8, 0x0F, 0xCF, 0xC0, 0xFE, 0xFE,
    0x1F, 0xCF, 0xC0, 0xFC, 0xFC, 0x03, 0x83, 0x80, 0x08, 0x08, 0x00, 0x00, 0x00, 0x3F, 0x80, 0xFF,
    0xFC, 0x07, 0xFF, 0xE0, 0x3F, 0xFF, 0x01, 0xFF, 0xF8, 0x0F, 0xFF, 0xC0, 0x7F, 0xFE, 0x03, 0xFF,
    0xF0, 0x1F, 0xFF, 0x80, 0xFF, 0xFC, 0x07, 0xFF, 0xE0, 0x3F, 0xFF, 0x01, 0xFF, 0xF8, 0x0F, 0xFF,
    0xC0, 0x7F, 0xFE, 0x03, 0xFF, 0xF0, 0x3F, 0xFF, 0x83, 0xFF, 0xFF, 0xFF, 0xFF, 0xFF, 0xFF, 0xBF,
    0xFF, 0xFD, 0xFF, 0xEF, 0xE7, 0xFC, 0x7F, 0x0F, 0x80, 0x00, 0xFF, 0x00, 0x1F, 0xFF, 0xC0, 0x07,
    0xFF, 0xF0, 0x01, 0xFF, 0xFC, 0x00, 0x7F, 0xFF, 0x00, 0x1F, 0xFF, 0xC0, 0x07, 0xFF, 0xF0, 0x01,
    0xFF, 0xFC, 0x00, 0x7F, 0xFF, 0x00, 0x1F, 0xFF, 0xC0, 0x07, 0xFF, 0xF0, 0x01, 0xFF, 0xFC, 0x00,
    0x7F, 0xFF, 0x00, 0x1F, 0xFF, 0xC0, 0x07, 0xFF, 0xF0, 0x01, 0xFF, 0xFC, 0x00, 0x7F, 0xFF, 0x00,
    0x1F, 0xFF, 0xC0, 0x07, 0xFF, 0xF0, 0x01, 0xFF, 0xFC, 0x00, 0x7F, 0xFF, 0x00, 0x1F, 0xFF, 0xC0,
    0x07, 0xFF, 0xF8, 0x01, 0xFD, 0xFE, 0x00, 0xFE, 0x7F, 0xC0, 0x3F, 0x9F, 0xF8, 0x3F, 0xE3, 0xFF,
    0xFF, 0xF0, 0xFF, 0xFF, 0xFC, 0x1F, 0xFF, 0xFE, 0x03, 0xFF, 0xFF, 0x00, 0x3F, 0xFF, 0x00, 0x01,
    0xFE, 0x00, 0x00, 0x3E, 0x00, 0x00, 0x1F, 0x00, 0x00, 0x07, 0xE6, 0x00, 0x01, 0xFF, 0x80, 0x00,
    0x7F, 0xE0, 0x00, 0x0F, 0xF8, 0x00, 0x00, 0x60, 0x00, 0x00, 0x00, 0x07, 0xF0, 0x1F, 0xFF, 0x80,
    0xFF, 0xFC, 0x07, 0xFF, 0xE0, 0x3F, 0xFF, 0x01, 0xFF, 0xF8, 0x0F, 0xFF, 0xC0, 0x7F, 0xFE, 0x03,
    0xFF, 0xF0, 0x1F, 0xFF, 0x80, 0xFF, 0xFC, 0x07, 0xFF, 0xE0, 0x3F, 0xFF, 0x01, 0xFF, 0xF8, 0x0F,
    0xFF, 0xC0, 0x7F, 0xFE, 0x07, 0xFF, 0xF0, 0x7F, 0xFF, 0xFF, 0xFF, 0xFF, 0xFF, 0xF7, 0xFF, 0xFF,
    0xBF, 0xFD, 0xFC, 0xFF, 0x8F, 0xE1, 0xF0, 0xFC, 0x00, 0x0F, 0x80, 0x00, 0xFC, 0x00, 0x07, 0xE6,
    0x00, 0x3F, 0xF0, 0x00, 0xFF, 0x80, 0x03, 0xFC, 0x00, 0x06, 0x00, 0x00, 0x00, 0x0F, 0x00, 0x00,
    0x00, 0x00, 0x07, 0xF0, 0x00, 0x00, 0x00, 0x01, 0xFF, 0x00, 0x00, 0x00, 0x00, 0x7F, 0xF0, 0x00,
    0x00, 0x00, 0x1F, 0xBF, 0x00, 0x00, 0x00, 0x07, 0xE3, 0xF0, 0x00, 0x00, 0x00, 0xF8, 0x3E, 0x00,
    0x00, 0x00, 0x00, 0x00, 0x00, 0x00, 0x00, 0x00, 0x00, 0x00, 0x00, 0x00, 0x00, 0x00, 0x00, 0x00,
    0x03, 0xFC, 0x00, 0x7F, 0x00, 0x1F, 0xFF, 0x80, 0x1F, 0xE0, 0x07, 0xFF, 0xF8, 0x03, 0xFE, 0x00,
    0xFE, 0xFF, 0x00, 0x7F, 0xC0, 0x1F, 0x9F, 0xE0, 0x0F, 0xF8, 0x07, 0xF3, 0xFC, 0x03, 0xFF, 0x00,
    0xFE, 0x3F, 0xC0, 0x7F, 0xF0, 0x1F, 0xC7, 0xF8, 0x0F, 0xFE, 0x03, 0xF0, 0xFF, 0x03, 0xFF, 0xC0,
    0xFE, 0x1F, 0xF0, 0x7F, 0xFC, 0x1F, 0xC1, 0xFE, 0x0F, 0xFF, 0x83, 0xF0, 0x3F, 0xC1, 0xFF, 0xF0,
    0x7E, 0x07, 0xF8, 0x7F, 0xFE, 0x1F, 0xC0, 0x7F, 0x8F, 0xDF, 0xE3, 0xF8, 0x0F, 0xF1, 0xFB, 0xFC,
    0x7E, 0x01, 0xFE, 0x7F, 0x3F, 0x9F, 0xC0, 0x1F, 0xEF, 0xC7, 0xF3, 0xF8, 0x03, 0xFD, 0xF8, 0xFF,
    0x7E, 0x00, 0x7F, 0xBF, 0x1F, 0xEF, 0xC0, 0x0F, 0xFF, 0xE1, 0xFF, 0xF8, 0x00, 0xFF, 0xF8, 0x3F,
    0xFE, 0x00, 0x1F, 0xFF, 0x07, 0xFF, 0xC0, 0x03, 0xFF, 0xE0, 0x7F, 0xF8, 0x00, 0x3F, 0xF8, 0x0F,
    0xFF, 0x00, 0x07, 0xFF, 0x01, 0xFF, 0xC0, 0x00, 0xFF, 0xE0, 0x3F, 0xF8, 0x00, 0x0F, 0xFC, 0x03,
    0xFF, 0x00, 0x01, 0xFF, 0x00, 0x7F, 0xC0, 0x00, 0x3F, 0xE0, 0x0F, 0xF8, 0x00, 0x07, 0xFC, 0x00,
    0xFF, 0x00, 0x00, 0x7F, 0x00, 0x1F, 0xC0, 0x00, 0x00, 0x01, 0xE0, 0x00, 0x00, 0x00, 0xFC, 0x00,
    0x00, 0x00, 0x7F, 0x80, 0x00, 0x00, 0x3F, 0xF0, 0x00, 0x00, 0x1F, 0xFE, 0x00, 0x00, 0x0F, 0xCF,
    0xC0, 0x00, 0x07, 0xE1, 0xF8, 0x00, 0x00, 0x00, 0x00, 0x00, 0x00, 0x00, 0x00, 0x00, 0x00, 0x00,
    0x00, 0x00, 0x07, 0xF0, 0x1F, 0x80, 0xFD, 0xFC, 0x07, 0xE0, 0x3E, 0x7F, 0x03, 0xFC, 0x1F, 0x9F,
    0xE0, 0xFF, 0x07, 0xE3, 0xF8, 0x3F, 0xC1, 0xF0, 0xFE, 0x1F, 0xF0, 0x7C, 0x3F, 0xC7, 0xFE, 0x3F,
    0x07, 0xF1, 0xFF, 0x8F, 0x81, 0xFC, 0x7F, 0xE3, 0xE0, 0x7F, 0xBF, 0xFD, 0xF8, 0x0F, 0xEF, 0xFF,
    0x7C, 0x03, 0xFB, 0xEF, 0xDF, 0x00, 0xFF, 0xF3, 0xFF, 0xC0, 0x1F, 0xFC, 0xFF, 0xE0, 0x07, 0xFF,
    0x3F, 0xF8, 0x01, 0xFF, 0x87, 0xFE, 0x00, 0x3F, 0xE1, 0xFF, 0x00, 0x0F, 0xF8, 0x7F, 0xC0, 0x03,
    0xFC, 0x0F, 0xF0, 0x00, 0x7F, 0x03, 0xF8, 0x00, 0x1F, 0xC0, 0xFE, 0x00, 0x07, 0xE0, 0x1F, 0x80,
    0x00, 0x07, 0x80, 0x00, 0x00, 0xFE, 0x00, 0x00, 0x0F, 0xF8, 0x00, 0x00, 0xFF, 0xE0, 0x00, 0x0F,
    0xDF, 0x80, 0x00, 0xFC, 0x7E, 0x00, 0x07, 0xC1, 0xF0, 0x00, 0x00, 0x00, 0x00, 0x00, 0x00, 0x00,
    0x00, 0x00, 0x00, 0x00, 0x3F, 0xE0, 0x01, 0xFF, 0xFF, 0x00, 0x0F, 0xE7, 0xFC, 0x00, 0xFF, 0x3F,
    0xE0, 0x07, 0xF0, 0xFF, 0x80, 0x7F, 0x03, 0xFE, 0x03, 0xF8, 0x1F, 0xF0, 0x3F, 0x80, 0x7F, 0xC3,
    0xFC, 0x01, 0xFE, 0x1F, 0xC0, 0x0F, 0xF9, 0xFC, 0x00, 0x3F, 0xCF, 0xE0, 0x01, 0xFF, 0xFE, 0x00,
    0x07, 0xFF, 0xF0, 0x00, 0x1F, 0xFF, 0x00, 0x00, 0xFF, 0xF0, 0x00, 0x03, 0xFF, 0x80, 0x00, 0x1F,
    0xF8, 0x00, 0x00, 0x7F, 0xC0, 0x00, 0x03, 0xFC, 0x00, 0x00, 0x1F, 0xE0, 0x00, 0x00, 0xFF, 0x00,
    0x00, 0x07, 0xF8, 0x00, 0x00, 0x3F, 0xC0, 0x00, 0x01, 0xFE, 0x00, 0x00, 0x0F, 0xF0, 0x00, 0x00,
    0x7F, 0x80, 0x00, 0x03, 0xFC, 0x00, 0x00, 0x1F, 0xE0, 0x00, 0x00, 0xFF, 0x00, 0x00, 0x07, 0xF8,
    0x00, 0x00, 0x1F, 0xC0, 0x00, 0x00, 0x1E, 0x00, 0x00, 0xFE, 0x00, 0x03, 0xFE, 0x00, 0x0F, 0xFE,
    0x00, 0x3F, 0x7E, 0x00, 0xFC, 0x7E, 0x01, 0xF0, 0x7C, 0x00, 0x00, 0x00, 0x00, 0x00, 0x00, 0x00,
    0x00, 0x03, 0xFC, 0x01, 0xFB, 0xF8, 0x03, 0xF7, 0xF8, 0x07, 0xC7, 0xF0, 0x1F, 0x8F, 0xF0, 0x3F,
    0x1F, 0xE0, 0xFC, 0x1F, 0xC1, 0xF8, 0x3F, 0xC3, 0xE0, 0x3F, 0x8F, 0xC0, 0x7F, 0x1F, 0x80, 0xFF,
    0x3E, 0x00, 0xFE, 0xFC, 0x01, 0xFF, 0xF0, 0x01, 0xFF, 0xE0, 0x03, 0xFF, 0xC0, 0x07, 0xFF, 0x00,
    0x07, 0xFE, 0x00, 0x0F, 0xF8, 0x00, 0x0F, 0xF0, 0x00, 0x1F, 0xE0, 0x00, 0x3F, 0x80, 0x00, 0x3F,
    0x00, 0x00, 0xFC, 0x00, 0x03, 0xF8, 0x00, 0xFF, 0xE0, 0x03, 0xFF, 0xC0, 0x07, 0xFF, 0x00, 0x0F,
    0xFC, 0x00, 0x0F, 0xE0, 0x00, 0x00, 0x01, 0xFC, 0xFC, 0x00, 0x0F, 0xE7, 0xE0, 0x00, 0x7F, 0x3F,
    0x00, 0x03, 0xF9, 0xF8, 0x00, 0x1F, 0xCF, 0xC0, 0x00, 0x7C, 0x7E, 0x00, 0x00, 0x00, 0x00, 0x00,
    0x00, 0x00, 0x00, 0x00, 0x00, 0x00, 0x07, 0xFC, 0x00, 0x3F, 0xFF, 0xE0, 0x01, 0xFC, 0xFF, 0x80,
    0x1F, 0xE7, 0xFC, 0x00, 0xFE, 0x1F, 0xF0, 0x0F, 0xE0, 0x7F, 0xC0, 0x7F, 0x03, 0xFE, 0x07, 0xF0,
    0x0F, 0xF8, 0x7F, 0x80, 0x3F, 0xC3, 0xF8, 0x01, 0xFF, 0x3F, 0x80, 0x07, 0xF9, 0xFC, 0x00, 0x3F,
    0xFF, 0xC0, 0x00, 0xFF, 0xFE, 0x00, 0x03, 0xFF, 0xE0, 0x00, 0x1F, 0xFE, 0x00, 0x00, 0x7F, 0xF0,
    0x00, 0x03, 0xFF, 0x00, 0x00, 0x0F, 0xF8, 0x00, 0x00, 0x7F, 0x80, 0x00, 0x03, 0xFC, 0x00, 0x00,
    0x1F, 0xE0, 0x00, 0x00, 0xFF, 0x00, 0x00, 0x07, 0xF8, 0x00, 0x00, 0x3F, 0xC0, 0x00, 0x01, 0xFE,
    0x00, 0x00, 0x0F, 0xF0, 0x00, 0x00, 0x7F, 0x80, 0x00, 0x03, 0xFC, 0x00, 0x00, 0x1F, 0xE0, 0x00,
    0x00, 0xFF, 0x00, 0x00, 0x03, 0xF8, 0x00, 0x00, 0x00, 0x20, 0x00, 0x00, 0x78, 0x00, 0x00, 0x7F,
    0x00, 0x00, 0xFF, 0xC0, 0x00, 0xFF, 0xF0, 0x00, 0x7F, 0xF0, 0x00, 0x0F, 0xC0, 0x00, 0x03, 0x80,
    0x00, 0x00, 0x00, 0x00, 0x00, 0x00, 0x00, 0x07, 0xFF, 0xFF, 0xFD, 0xFF, 0xFF, 0xFF, 0x7F, 0xFF,
    0xFF, 0xDF, 0xFF, 0xFF, 0xF7, 0xFF, 0xFF, 0xF9, 0xFF, 0xFF, 0xFE, 0x00, 0x01, 0xFF, 0x00, 0x00,
    0xFF, 0x80, 0x00, 0x7F, 0xC0, 0x00, 0x1F, 0xF0, 0x00, 0x0F, 0xF8, 0x00, 0x07, 0xFC, 0x00, 0x03,
    0xFF, 0x00, 0x00, 0xFF, 0x80, 0x00, 0x7F, 0xC0, 0x00, 0x3F, 0xF0, 0x00, 0x0F, 0xF8, 0x00, 0x07,
    0xFC, 0x00, 0x03, 0xFF, 0x00, 0x00, 0xFF, 0x80, 0x00, 0x7F, 0xC0, 0x00, 0x3F, 0xF0, 0x00, 0x0F,
    0xF8, 0x00, 0x07, 0xFC, 0x00, 0x03, 0xFF, 0x00, 0x00, 0xFF, 0xFF, 0xFF, 0x7F, 0xFF, 0xFF, 0xFF,
    0xFF, 0xFF, 0xFF, 0xFF, 0xFF, 0xFF, 0xFF, 0xFF, 0xFF, 0xFF, 0xFF, 0xFF, 0xC0, 0x00, 0x02, 0x00,
    0x01, 0xE0, 0x00, 0x7F, 0x00, 0x3F, 0xF0, 0x0F, 0xFF, 0x00, 0xFF, 0xC0, 0x0F, 0xE0, 0x00, 0xE0,
    0x00, 0x00, 0x00, 0x00, 0x00, 0x00, 0x7F, 0xFF, 0xF7, 0xFF, 0xFF, 0x7F, 0xFF, 0xF7, 0xFF, 0xFE,
    0x00, 0x3F, 0xE0, 0x03, 0xFC, 0x00, 0x7F, 0x80, 0x0F, 0xF0, 0x01, 0xFF, 0x00, 0x1F, 0xE0, 0x03,
    0xFC, 0x00, 0x7F, 0x80, 0x0F, 0xF8, 0x00, 0xFF, 0x00, 0x1F, 0xE0, 0x03, 0xFC, 0x00, 0x7F, 0x80,
    0x0F, 0xF8, 0x00, 0xFF, 0xFF, 0xFF, 0xFF, 0xFF, 0xFF, 0xFF, 0xFF, 0xFF, 0xFF, 0x00, 0x3F, 0x80,
    0x00, 0x0F, 0xE0, 0x00, 0x03, 0xF8, 0x00, 0x00, 0xFE, 0x00, 0x00, 0x3F, 0x80, 0x00, 0x0F, 0xE0,
    0x00, 0x01, 0xF0, 0x00, 0x00, 0x00, 0x00, 0x00, 0x00, 0x00, 0x1F, 0xFF, 0xFF, 0xF7, 0xFF, 0xFF,
    0xFD, 0xFF, 0xFF, 0xFF, 0x7F, 0xFF, 0xFF, 0xDF, 0xFF, 0xFF, 0xE7, 0xFF, 0xFF, 0xF8, 0x00, 0x07,
    0xFC, 0x00, 0x03, 0xFE, 0x00, 0x01, 0xFF, 0x00, 0x00, 0x7F, 0xC0, 0x00, 0x3F, 0xE0, 0x00, 0x1F,
    0xF0, 0x00, 0x0F, 0xFC, 0x00, 0x03, 0xFE, 0x00, 0x01, 0xFF, 0x00, 0x00, 0xFF, 0xC0, 0x00, 0x3F,
    0xE0, 0x00, 0x1F, 0xF0, 0x00, 0x0F, 0xFC, 0x00, 0x03, 0xFE, 0x00, 0x01, 0xFF, 0x00, 0x00, 0xFF,
    0xC0, 0x00, 0x3F, 0xE0, 0x00, 0x1F, 0xF0, 0x00, 0x0F, 0xFC, 0x00, 0x03, 0xFF, 0xFF, 0xFD, 0xFF,
    0xFF, 0xFF, 0xFF, 0xFF, 0xFF, 0xFF, 0xFF, 0xFF, 0xFF, 0xFF, 0xFF, 0xFF, 0xFF, 0xFF, 0xFF, 0x03,
    0xF8, 0x00, 0x3F, 0x80, 0x03, 0xF8, 0x00, 0x3F, 0x80, 0x03, 0xF8, 0x00, 0x3F, 0x80, 0x01, 0xF8,
    0x00, 0x00, 0x00, 0x00, 0x00, 0x07, 0xFF, 0xFF, 0x7F, 0xFF, 0xF7, 0xFF, 0xFF, 0x7F, 0xFF, 0xE0,
    0x03, 0xFE, 0x00, 0x3F, 0xC0, 0x07, 0xF8, 0x00, 0xFF, 0x00, 0x1F, 0xF0, 0x01, 0xFE, 0x00, 0x3F,
    0xC0, 0x07, 0xF8, 0x00, 0xFF, 0x80, 0x0F, 0xF0, 0x01, 0xFE, 0x00, 0x3F, 0xC0, 0x07, 0xF8, 0x00,
    0xFF, 0x80, 0x0F, 0xFF, 0xFF, 0xFF, 0xFF, 0xFF, 0xFF, 0xFF, 0xFF, 0xFF, 0xF0, 0x03, 0xE0, 0xF8,
    0x00, 0x7C, 0x7E, 0x00, 0x0F, 0xBF, 0x00, 0x01, 0xFF, 0x80, 0x00, 0x3F, 0xC0, 0x00, 0x07, 0xE0,
    0x00, 0x00, 0x00, 0x00, 0x00, 0x00, 0x00, 0x00, 0x00, 0x00, 0x1F, 0xFF, 0xFF, 0xF7, 0xFF, 0xFF,
    0xFD, 0xFF, 0xFF, 0xFF, 0x7F, 0xFF, 0xFF, 0xDF, 0xFF, 0xFF, 0xE7, 0xFF, 0xFF, 0xF8, 0x00, 0x07,
    0xFC, 0x00, 0x03, 0xFE, 0x00, 0x01, 0xFF, 0x00, 0x00, 0x7F, 0xC0, 0x00, 0x3F, 0xE0, 0x00, 0x1F,
    0xF0, 0x00, 0x0F, 0xFC, 0x00, 0x03, 0xFE, 0x00, 0x01, 0xFF, 0x00, 0x00, 0xFF, 0xC0, 0x00, 0x3F,
    0xE0, 0x00, 0x1F, 0xF0, 0x00, 0x0F, 0xFC, 0x00, 0x03, 0xFE, 0x00, 0x01, 0xFF, 0x00, 0x00, 0xFF,
    0xC0, 0x00, 0x3F, 0xE0, 0x00, 0x1F, 0xF0, 0x00, 0x0F, 0xFC, 0x00, 0x03, 0xFF, 0xFF, 0xFD, 0xFF,
    0xFF, 0xFF, 0xFF, 0xFF, 0xFF, 0xFF, 0xFF, 0xFF, 0xFF, 0xFF, 0xFF, 0xFF, 0xFF, 0xFF, 0xFF, 0x3F,
    0x0F, 0x81, 0xF9, 0xF8, 0x0F, 0xFF, 0x00, 0x7F, 0xE0, 0x03, 0xFC, 0x00, 0x1F, 0x80, 0x00, 0x00,
    0x00, 0x00, 0x00, 0x00, 0x00, 0x07, 0xFF, 0xFF, 0x7F, 0xFF, 0xF7, 0xFF, 0xFF, 0x7F, 0xFF, 0xE0,
    0x03, 0xFE, 0x00, 0x3F, 0xC0, 0x07, 0xF8, 0x00, 0xFF, 0x00, 0x1F, 0xF0, 0x01, 0xFE, 0x00, 0x3F,
    0xC0, 0x07, 0xF8, 0x00, 0xFF, 0x80, 0x0F, 0xF0, 0x01, 0xFE, 0x00, 0x3F, 0xC0, 0x07, 0xF8, 0x00,
    0xFF, 0x80, 0x0F, 0xFF, 0xFF, 0xFF, 0xFF, 0xFF, 0xFF, 0xFF, 0xFF, 0xFF, 0xF0, 0x00, 0x00, 0x03,
    0xE0, 0x00, 0x00, 0x0F, 0x80, 0x00, 0xFD, 0xFC, 0x00, 0x1F, 0xFF, 0xE0, 0x01, 0xFF, 0xFF, 0x00,
    0x0F, 0xFF, 0xFE, 0x00, 0x7F, 0xFF, 0xFC, 0x03, 0xFF, 0xFF, 0xF0, 0x1F, 0xF8, 0x7F, 0xE0, 0x7F,
    0x80, 0x7F, 0xC3, 0xFC, 0x00, 0xFF, 0x0F, 0xF0, 0x03, 0xFE, 0x7F, 0xC0, 0x07, 0xF9, 0xFE, 0x00,
    0x1F, 0xE7, 0xF8, 0x00, 0x7F, 0x9F, 0xE0, 0x01, 0xFF, 0x7F, 0x80, 0x07, 0xFD, 0xFE, 0x00, 0x1F,
    0xF7, 0xF8, 0x00, 0x7F, 0xDF, 0xE0, 0x01, 0xFF, 0x7F, 0x80, 0x07, 0xFD, 0xFE, 0x00, 0x1F, 0xF7,
    0xF8, 0x00, 0x7F, 0x9F, 0xE0, 0x01, 0xFE, 0x7F, 0xC0, 0x07, 0xF8, 0xFF, 0x00, 0x3F, 0xE3, 0xFC,
    0x00, 0xFF, 0x0F, 0xF8, 0x07, 0xFC, 0x1F, 0xF8, 0x3F, 0xE0, 0x3F, 0xFF, 0xFF, 0x80, 0xFF, 0xFF,
    0xFC, 0x00, 0xFF, 0xFF, 0xE0, 0x01, 0xFF, 0xFE, 0x00, 0x01, 0xFF, 0xF0, 0x00, 0x00, 0xFC, 0x00,
    0x00, 0x00, 0x00, 0x3C, 0x00, 0x00, 0xF8, 0x03, 0xFF, 0xE0, 0x1F, 0xFF, 0xC0, 0xFF, 0xFF, 0x03,
    0xFF, 0xFE, 0x0F, 0xFF, 0xFE, 0x1F, 0xE3, 0xFC, 0x7F, 0x01, 0xFC, 0xFE, 0x03, 0xFB, 0xFC, 0x07,
    0xFF, 0xF0, 0x07, 0xFF, 0xE0, 0x0F, 0xFF, 0xC0, 0x1F, 0xFF, 0x80, 0x3F, 0xFF, 0x00, 0x7F, 0xFE,
    0x00, 0xFF, 0xFE, 0x03, 0xFD, 0xFC, 0x07, 0xF3, 0xFC, 0x1F, 0xE3, 0xFC, 0x7F, 0x87, 0xFF, 0xFF,
    0x07, 0xFF, 0xFC, 0x07, 0xFF, 0xF0, 0x03, 0xFF, 0x80, 0x00, 0xF8, 0x00, 0x00, 0x00, 0x00, 0x3E,
    0x00, 0x00, 0x00, 0x7C, 0x00, 0x00, 0x07, 0xF7, 0xF8, 0x00, 0xFF, 0xCF, 0xF0, 0x01, 0xFF, 0x1F,
    0xE0, 0x03, 0xFC, 0x3F, 0xC0, 0x07, 0xF0, 0x7F, 0x80, 0x0F, 0xE0, 0xFF, 0x00, 0x1F, 0xC1, 0xFE,
    0x00, 0x3F, 0x83, 0xFC, 0x00, 0x7F, 0x07, 0xF8, 0x00, 0xFE, 0x0F, 0xF0, 0x01, 0xFC, 0x1F, 0xE0,
    0x03, 0xF8, 0x3F, 0xC0, 0x07, 0xF0, 0x7F, 0x80, 0x0F, 0xE0, 0xFF, 0x00, 0x1F, 0xC1, 0xFE, 0x00,
    0x3F, 0x83, 0xFC, 0x00, 0x7F, 0x07, 0xF8, 0x00, 0xFE, 0x0F, 0xF0, 0x01, 0xFC, 0x1F, 0xE0, 0x03,
    0xF8, 0x3F, 0xC0, 0x07, 0xF0, 0x7F, 0x80, 0x0F, 0xE0, 0xFF, 0x00, 0x1F, 0xC1, 0xFF, 0x00, 0x3F,
    0x81, 0xFE, 0x00, 0xFE, 0x03, 0xFE, 0x01, 0xFC, 0x07, 0xFE, 0x0F, 0xF8, 0x07, 0xFF, 0xFF, 0xE0,
    0x0F, 0xFF, 0xFF, 0xC0, 0x0F, 0xFF, 0xFF, 0x00, 0x0F, 0xFF, 0xFC, 0x00, 0x07, 0xFF, 0xE0, 0x00,
    0x01, 0xFE, 0x00, 0x00, 0x00, 0x00, 0x07, 0xC0, 0x00, 0x03, 0xF0, 0x00, 0x07, 0xFB, 0xF8, 0x0F,
    0xFC, 0xFE, 0x03, 0xFE, 0x3F, 0x80, 0xFF, 0x0F, 0xE0, 0x3F, 0x83, 0xF8, 0x0F, 0xE0, 0xFE, 0x03,
    0xF8, 0x3F, 0x80, 0xFE, 0x0F, 0xE0, 0x3F, 0x83, 0xF8, 0x0F, 0xE0, 0xFE, 0x03, 0xF8, 0x3F, 0x80,
    0xFE, 0x0F, 0xE0, 0x3F, 0x83, 0xF8, 0x0F, 0xE0, 0xFE, 0x03, 0xF8, 0x3F, 0x80, 0xFE, 0x0F, 0xE0,
    0x7F, 0x83, 0xF8, 0x3F, 0xE0, 0xFF, 0xFF, 0xF8, 0x3F, 0xFF, 0xFE, 0x07, 0xFF, 0xFF, 0x81, 0xFF,
    0xEF, 0xE0, 0x3F, 0xE3, 0xF8, 0x03, 0xE0, 0x00, 0x00, 0x00, 0x00, 0x00, 0x00, 0x1F, 0x87, 0xE0,
    0x00, 0x00, 0x00, 0x00, 0x0F, 0xCF, 0xC0, 0x00, 0x00, 0x00, 0x00, 0x07, 0xFF, 0x80, 0x00, 0x00,
    0x00, 0x00, 0x03, 0xFF, 0x00, 0x00, 0x00, 0x00, 0x00, 0x01, 0xFE, 0x00, 0x00, 0x00, 0x00, 0x00,
    0x00, 0xFC, 0x00, 0x00, 0x00, 0x00, 0x00, 0x00, 0x00, 0x00, 0x00, 0x00, 0x00, 0x00, 0x00, 0x00,
    0x00, 0x00, 0x00, 0x00, 0x00, 0x00, 0x00, 0x00, 0x7F, 0xFF, 0x80, 0x01, 0xFF, 0xFF, 0xFF, 0x7F,
    0xFF, 0xF0, 0x01, 0xFF, 0xFF, 0xFF, 0x7F, 0xFF, 0xFC, 0x01, 0xFF, 0xFF, 0xFF, 0x7F, 0xFF, 0xFE,
    0x01, 0xFF, 0xFF, 0xFE, 0x7F, 0xFF, 0xFF, 0x01, 0xFF, 0xFF, 0xFE, 0x7F, 0xFF, 0xFF, 0x81, 0xFF,
    0xFF, 0xFC, 0x7F, 0x81, 0xFF, 0xC0, 0x00, 0x0F, 0xF8, 0x7F, 0x80, 0x7F, 0xC0, 0x00, 0x1F, 0xF8,
    0x7F, 0x80, 0x3F, 0xE0, 0x00, 0x1F, 0xF0, 0x7F, 0x80, 0x3F, 0xE0, 0x00, 0x3F, 0xE0, 0x7F, 0x80,
    0x1F, 0xE0, 0x00, 0x7F, 0xE0, 0x7F, 0x80, 0x1F, 0xE0, 0x00, 0x7F, 0xC0, 0x7F, 0x80, 0x1F, 0xF0,
    0x00, 0xFF, 0x80, 0x7F, 0x80, 0x1F, 0xF0, 0x01, 0xFF, 0x80, 0x7F, 0x80, 0x1F, 0xF0, 0x01, 0xFF,
    0x00, 0x7F, 0x80, 0x1F, 0xF0, 0x03, 0xFE, 0x00, 0x7F, 0x80, 0x1F, 0xF0, 0x07, 0xFC, 0x00, 0x7F,
    0x80, 0x1F, 0xF0, 0x07, 0xFC, 0x00, 0x7F, 0x80, 0x1F, 0xF0, 0x0F, 0xF8, 0x00, 0x7F, 0x80, 0x1F,
    0xE0, 0x1F, 0xF0, 0x00, 0x7F, 0x80, 0x1F, 0xE0, 0x1F, 0xF0, 0x00, 0x7F, 0x80, 0x3F, 0xE0, 0x3F,
    0xE0, 0x00, 0x7F, 0x80, 0x3F, 0xE0, 0x7F, 0xC0, 0x00, 0x7F, 0x80, 0x7F, 0xC0, 0xFF, 0xC0, 0x00,
    0x7F, 0x81, 0xFF, 0xC0, 0xFF, 0x80, 0x00, 0x7F, 0xFF, 0xFF, 0x81, 0xFF, 0xFF, 0xFE, 0x7F, 0xFF,
    0xFF, 0x03, 0xFF, 0xFF, 0xFE, 0x7F, 0xFF, 0xFE, 0x03, 0xFF, 0xFF, 0xFE, 0x7F, 0xFF, 0xFC, 0x03,
    0xFF, 0xFF, 0xFE, 0x7F, 0xFF, 0xF0, 0x03, 0xFF, 0xFF, 0xFE, 0x7F, 0xFF, 0xC0, 0x03, 0xFF, 0xFF,
    0xFE, 0x7F, 0xFF, 0x80, 0x00, 0xFC, 0x3F, 0x1F, 0xFF, 0xFC, 0x00, 0x1F, 0x9F, 0x87, 0xFF, 0xFF,
    0xC0, 0x03, 0xFF, 0xC1, 0xFF, 0xFF, 0xF8, 0x00, 0x7F, 0xE0, 0x7F, 0xFF, 0xFF, 0x00, 0x0F, 0xF0,
    0x1F, 0xFF, 0xFF, 0xE0, 0x01, 0xF8, 0x07, 0xF8, 0x1F, 0xFC, 0x00, 0x00, 0x01, 0xFE, 0x01, 0xFF,
    0x00, 0x00, 0x00, 0x7F, 0x80, 0x3F, 0xE0, 0x00, 0x00, 0x1F, 0xE0, 0x0F, 0xF8, 0x7F, 0xFF, 0xF7,
    0xF8, 0x01, 0xFE, 0x1F, 0xFF, 0xFD, 0xFE, 0x00, 0x7F, 0x87, 0xFF, 0xFF, 0x7F, 0x80, 0x1F, 0xF1,
    0xFF, 0xFF, 0xDF, 0xE0, 0x07, 0xFC, 0x00, 0x1F, 0xE7, 0xF8, 0x01, 0xFF, 0x00, 0x0F, 0xF1, 0xFE,
    0x00, 0x7F, 0xC0, 0x07, 0xF8, 0x7F, 0x80, 0x1F, 0xF0, 0x03, 0xFE, 0x1F, 0xE0, 0x07, 0xFC, 0x00,
    0xFF, 0x07, 0xF8, 0x01, 0xFF, 0x00, 0x7F, 0x81, 0xFE, 0x00, 0x7F, 0x80, 0x3F, 0xC0, 0x7F, 0x80,
    0x1F, 0xE0, 0x1F, 0xF0, 0x1F, 0xE0, 0x0F, 0xF8, 0x07, 0xF8, 0x07, 0xF8, 0x03, 0xFE, 0x03, 0xFC,
    0x01, 0xFE, 0x01, 0xFF, 0x01, 0xFE, 0x00, 0x7F, 0x81, 0xFF, 0xC0, 0xFF, 0x80, 0x1F, 0xFF, 0xFF,
    0xE0, 0x3F, 0xC0, 0x07, 0xFF, 0xFF, 0xF0, 0x1F, 0xE0, 0x01, 0xFF, 0xFF, 0xF8, 0x0F, 0xFF, 0xFF,
    0x7F, 0xFF, 0xFC, 0x03, 0xFF, 0xFF, 0xDF, 0xFF, 0xFC, 0x00, 0xFF, 0xFF, 0xF7, 0xFF, 0xFC, 0x00,
    0x3F, 0xFF, 0xFC, 0x00, 0x01, 0xFC, 0x1F, 0x87, 0xE0, 0x00, 0x0F, 0xE0, 0x7E, 0x7E, 0x00, 0x00,
    0x7F, 0x01, 0xFF, 0xE0, 0x00, 0x03, 0xF8, 0x07, 0xFE, 0x00, 0x00, 0x1F, 0xC0, 0x1F, 0xE0, 0x00,
    0x00, 0xFE, 0x00, 0x7E, 0x00, 0x00, 0x07, 0xF0, 0x00, 0x00, 0x00, 0x00, 0x3F, 0x80, 0x00, 0x00,
    0x01, 0xF1, 0xFC, 0x00, 0x00, 0x00, 0x3F, 0xEF, 0xE1, 0xFF, 0xFF, 0xC3, 0xFF, 0xFF, 0x0F, 0xFF,
    0xFE, 0x3F, 0xFF, 0xF8, 0x7F, 0xFF, 0xF3, 0xFF, 0xFF, 0xC3, 0xFF, 0xFF, 0xBF, 0xE1, 0xFE, 0x00,
    0x07, 0xF9, 0xFE, 0x07, 0xF0, 0x00, 0x7F, 0x8F, 0xE0, 0x3F, 0x80, 0x07, 0xFC, 0xFF, 0x01, 0xFC,
    0x00, 0x3F, 0xC7, 0xF0, 0x0F, 0xE0, 0x03, 0xFC, 0x3F, 0x80, 0x7F, 0x00, 0x3F, 0xC1, 0xFC, 0x03,
    0xF8, 0x03, 0xFC, 0x0F, 0xE0, 0x1F, 0xC0, 0x3F, 0xE0, 0x7F, 0x00, 0xFE, 0x01, 0xFE, 0x03, 0xF8,
    0x07, 0xF0, 0x1F, 0xE0, 0x1F, 0xE0, 0x3F, 0x81, 0xFE, 0x00, 0xFF, 0x01, 0xFC, 0x1F, 0xF0, 0x03,
    0xF8, 0x0F, 0xE0, 0xFF, 0x00, 0x1F, 0xF0, 0xFF, 0x0F, 0xF0, 0x00, 0x7F, 0xFF, 0xF8, 0xFF, 0xFF,
    0xF3, 0xFF, 0xFF, 0xC7, 0xFF, 0xFF, 0x8F, 0xFF, 0xFE, 0x3F, 0xFF, 0xFC, 0x3F, 0xF7, 0xF1, 0xFF,
    0xFF, 0xE0, 0x3C, 0x00, 0x00, 0x00, 0x00, 0x7F, 0x00, 0x00, 0x00, 0xFF, 0x3F, 0xC0, 0x00, 0x00,
    0x7F, 0x9F, 0xE0, 0x00, 0x00, 0x3F, 0xCF, 0xF0, 0x00, 0x00, 0x1F, 0xE7, 0xF8, 0x00, 0x00, 0x0F,
    0xF3, 0xFC, 0x00, 0x00, 0x07, 0xF9, 0xFE, 0x00, 0x00, 0x03, 0xFC, 0xFF, 0x00, 0x00, 0x01, 0xFE,
    0x7F, 0x80, 0x00, 0x00, 0xFF, 0x3F, 0xC0, 0x00, 0x00, 0x7F, 0x9F, 0xE0, 0x00, 0x00, 0x3F, 0xCF,
    0xF0, 0x00, 0x00, 0x1F, 0xE7, 0xF8, 0x00, 0x00, 0x0F, 0xF3, 0xFC, 0x00, 0x00, 0x07, 0xF9, 0xFE,
    0x00, 0x00, 0x03, 0xFC, 0xFF, 0x00, 0x00, 0x01, 0xFE, 0x7F, 0x80, 0x00, 0x00, 0xFF, 0x3F, 0xC0,
    0x00, 0x00, 0x7F, 0x9F, 0xE0, 0x00, 0x00, 0x3F, 0xCF, 0xF0, 0x00, 0x00, 0x1F, 0xE7, 0xF8, 0x00,
    0x00, 0x0F, 0xF3, 0xFC, 0x00, 0x00, 0x07, 0xF9, 0xFE, 0x00, 0x00, 0x03, 0xFC, 0xFF, 0x00, 0x00,
    0x01, 0xFE, 0x7F, 0x80, 0x00, 0x01, 0xFF, 0x3F, 0xFF, 0xFF, 0x1F, 0xFF, 0x9F, 0xFF, 0xFF, 0x9F,
    0xFF, 0xCF, 0xFF, 0xFF, 0xCF, 0xFF, 0xE7, 0xFF, 0xFF, 0xE7, 0xFF, 0xE3, 0xFF, 0xFF, 0xF3, 0xFF,
    0xE1, 0xFF, 0xFF, 0xF9, 0xFF, 0xE0, 0x00, 0x00, 0x00, 0x1F, 0x80, 0x7F, 0x00, 0x00, 0x3F, 0xBF,
    0xC0, 0x00, 0x1F, 0xDF, 0xE0, 0x00, 0x0F, 0xEF, 0xF0, 0x00, 0x07, 0xF7, 0xF8, 0x00, 0x03, 0xFB,
    0xFC, 0x00, 0x01, 0xFD, 0xFE, 0x00, 0x00, 0x7C, 0xFF, 0x00, 0x00, 0x00, 0x7F, 0x80, 0x00, 0x00,
    0x3F, 0xC0, 0x00, 0x1F, 0xDF, 0xE0, 0x00, 0x0F, 0xEF, 0xF0, 0x00, 0x07, 0xF7, 0xF8, 0x00, 0x03,
    0xFB, 0xFC, 0x00, 0x01, 0xFD, 0xFE, 0x00, 0x00, 0xFE, 0xFF, 0x00, 0x00, 0x7F, 0x7F, 0x80, 0x00,
    0x3F, 0xBF, 0xC0, 0x00, 0x1F, 0xDF, 0xE0, 0x00, 0x0F, 0xEF, 0xF0, 0x00, 0x07, 0xF7, 0xF8, 0x00,
    0x03, 0xFB, 0xFC, 0x00, 0x01, 0xFD, 0xFE, 0x00, 0x00, 0xFE, 0xFF, 0x00, 0x00, 0x7F, 0x7F, 0x80,
    0x00, 0x3F, 0xBF, 0xFF, 0xFF, 0x1F, 0xDF, 0xFF, 0xFF, 0x8F, 0xEF, 0xFF, 0xFF, 0xC7, 0xF7, 0xFF,
    0xFF, 0xE3, 0xFB, 0xFF, 0xFF, 0xF1, 0xFD, 0xFF, 0xFF, 0xF8, 0xFE, 0x00, 0x00, 0x00, 0x7F, 0x00,
    0x00, 0x00, 0x7F, 0x80, 0x00, 0x01, 0xFF, 0xC0, 0x00, 0x00, 0xFF, 0xE0, 0x00, 0x00, 0x7F, 0xE0,
    0x00, 0x00, 0x3F, 0xE0, 0x00, 0x00, 0x1F, 0xE0, 0x00, 0x00, 0x00, 0x00, 0xFE, 0x1F, 0xFF, 0x87,
    0xFF, 0xE1, 0xFF, 0xF8, 0x7F, 0xFE, 0x1F, 0xFF, 0x87, 0xFF, 0xE0, 0xFB, 0xF8, 0x00, 0xFE, 0x00,
    0x3F, 0x87, 0xFF, 0xE1, 0xFF, 0xF8, 0x7F, 0xFE, 0x1F, 0xFF, 0x87, 0xFF, 0xE1, 0xFF, 0xF8, 0x7F,
    0xFE, 0x1F, 0xFF, 0x87, 0xFF, 0xE1, 0xFF, 0xF8, 0x7F, 0xFE, 0x1F, 0xFF, 0x87, 0xFF, 0xE1, 0xFF,
    0xF8, 0x7F, 0xFE, 0x1F, 0xFF, 0x87, 0xFF, 0xE1, 0xFF, 0xF8, 0x7F, 0xFE, 0x1F, 0xFF, 0x87, 0xFF,
    0xE1, 0xFC, 0x00, 0x7F, 0x00, 0x3F, 0xC0, 0x7F, 0xF0, 0x1F, 0xFC, 0x07, 0xFE, 0x01, 0xFF, 0x00,
    0x7F, 0x80, 0x00, 0x00, 0x7F, 0x00, 0x07, 0xE0, 0x03, 0xFD, 0xFE, 0x00, 0x3F, 0x80, 0x0F, 0xF7,
    0xFC, 0x00, 0xFE, 0x00, 0x3F, 0xDF, 0xF0, 0x03, 0xF8, 0x00, 0xFF, 0x7F, 0xE0, 0x0F, 0xE0, 0x03,
    0xFD, 0xFF, 0xC0, 0x3F, 0x80, 0x0F, 0xF7, 0xFF, 0x00, 0xFE, 0x00, 0x3F, 0xDF, 0xFE, 0x03, 0xF8,
    0x00, 0xFF, 0x7F, 0xFC, 0x0F, 0xE0, 0x03, 0xFD, 0xFF, 0xF8, 0x3F, 0x80, 0x0F, 0xF7, 0xFF, 0xE0,
    0xFE, 0x00, 0x3F, 0xDF, 0xFF, 0xC3, 0xF8, 0x00, 0xFF, 0x7F, 0xFF, 0x8F, 0xE0, 0x03, 0xFD, 0xFB,
    0xFE, 0x3F, 0x80, 0x0F, 0xF7, 0xE7, 0xFC, 0xFE, 0x00, 0x3F, 0xDF, 0x8F, 0xFB, 0xF8, 0x00, 0xFF,
    0x7E, 0x3F, 0xEF, 0xE0, 0x03, 0xFD, 0xF8, 0x7F, 0xFF, 0x80, 0x0F, 0xF7, 0xE0, 0xFF, 0xFE, 0x00,
    0x3F, 0xDF, 0x83, 0xFF, 0xF8, 0x00, 0xFF, 0x7E, 0x07, 0xFF, 0xE0, 0x03, 0xFD, 0xF8, 0x0F, 0xFF,
    0x80, 0x0F, 0xF7, 0xE0, 0x1F, 0xFE, 0x00, 0x3F, 0xDF, 0x80, 0x7F, 0xF8, 0x00, 0xFF, 0x7E, 0x00,
    0xFF, 0xE0, 0x07, 0xFD, 0xF8, 0x01, 0xFF, 0x87, 0xFF, 0xF7, 0xE0, 0x07, 0xFE, 0x1F, 0xFF, 0x9F,
    0x80, 0x0F, 0xF8, 0x7F, 0xFE, 0x7E, 0x00, 0x1F, 0xE1, 0xFF, 0xF9, 0xF8, 0x00, 0x3F, 0x87, 0xFF,
    0xC7, 0xE0, 0x00, 0xFE, 0x1F, 0xFE, 0x00, 0x00, 0x00, 0x00, 0x0F, 0xC0, 0x7F, 0x00, 0x07, 0xE0,
    0xFE, 0xFF, 0x00, 0x1F, 0xC1, 0xFD, 0xFF, 0x00, 0x3F, 0x83, 0xFB, 0xFE, 0x00, 0x7F, 0x07, 0xF7,
    0xFE, 0x00, 0xFE, 0x0F, 0xEF, 0xFE, 0x01, 0xFC, 0x1F, 0xDF, 0xFC, 0x03, 0xF8, 0x3F, 0x3F, 0xFC,
    0x07, 0xF0, 0x00, 0x7F, 0xFC, 0x0F, 0xE0, 0x00, 0xFF, 0xFC, 0x1F, 0xC1, 0xFD, 0xFF, 0xF8, 0x3F,
    0x83, 0xFB, 0xFF, 0xF8, 0x7F, 0x07, 0xF7, 0xFF, 0xF8, 0xFE, 0x0F, 0xEF, 0xDF, 0xF1, 0xFC, 0x1F,
    0xDF, 0x9F, 0xF3, 0xF8, 0x3F, 0xBF, 0x1F, 0xF7, 0xF0, 0x7F, 0x7E, 0x3F, 0xEF, 0xE0, 0xFE, 0xFC,
    0x3F, 0xFF, 0xC1, 0xFD, 0xF8, 0x3F, 0xFF, 0x83, 0xFB, 0xF0, 0x7F, 0xFF, 0x07, 0xF7, 0xE0, 0x7F,
    0xFE, 0x0F, 0xEF, 0xC0, 0x7F, 0xFC, 0x1F, 0xDF, 0x80, 0x7F, 0xF8, 0x3F, 0xBF, 0x00, 0xFF, 0xF0,
    0x7F, 0x7E, 0x00, 0xFF, 0xE0, 0xFE, 0xFC, 0x00, 0xFF, 0xC1, 0xFD, 0xF8, 0x01, 0xFF, 0x83, 0xFB,
    0xF0, 0x01, 0xFF, 0x07, 0xF7, 0xE0, 0x01, 0xFE, 0x0F, 0xEF, 0xC0, 0x01, 0xFC, 0x1F, 0xDF, 0x80,
    0x03, 0xF8, 0x3F, 0x80, 0x00, 0x00, 0x00, 0xFF, 0x00, 0x00, 0x00, 0x03, 0xFE, 0x00, 0x00, 0x00,
    0x1F, 0xF8, 0x00, 0x00, 0x00, 0x3F, 0xF0, 0x00, 0x00, 0x00, 0x7F, 0xE0, 0x00, 0x00, 0x00, 0xFF,
    0x80, 0x00, 0x00, 0x01, 0xFC, 0x00, 0x00, 0x00, 0x00, 0x00, 0x00, 0x00, 0x00, 0x00, 0x7F, 0x00,
    0x00, 0x00, 0x7F, 0x00, 0x00, 0x00, 0x7F, 0x00, 0x00, 0x00, 0x7F, 0x00, 0x00, 0x00, 0x7F, 0x00,
    0x00, 0x00, 0x7F, 0x00, 0x00, 0x00, 0x3E, 0x00, 0x00, 0x00, 0x00, 0x00, 0x0F, 0x80, 0x00, 0xFE,
    0x3F, 0xE0, 0x7F, 0xFE, 0xFF, 0xF0, 0x7F, 0xFF, 0xFF, 0xF0, 0x7F, 0xFF, 0xFF, 0xF8, 0x7F, 0xFF,
    0xFF, 0xF8, 0x7F, 0xFF, 0x03, 0xF8, 0x7F, 0xFE, 0x03, 0xF8, 0x7F, 0xFE, 0x03, 0xF8, 0x7F, 0xFE,
    0x03, 0xF8, 0x7F, 0xFE, 0x03, 0xF8, 0x7F, 0xFE, 0x03, 0xF8, 0x7F, 0xFE, 0x03, 0xF8, 0x7F, 0xFE,
    0x03, 0xF8, 0x7F, 0xFE, 0x03, 0xF8, 0x7F, 0xFE, 0x03, 0xF8, 0x7F, 0xFE, 0x03, 0xF8, 0x7F, 0xFE,
    0x03, 0xF8, 0x7F, 0xFE, 0x03, 0xF8, 0x7F, 0xFE, 0x03, 0xF8, 0x7F, 0xFE, 0x03, 0xF8, 0x7F, 0xFE,
    0x03, 0xF8, 0x7F, 0xFE, 0x03, 0xF8, 0x7F, 0x00, 0x00, 0x00, 0x7F, 0x00, 0x00, 0x00, 0xFF, 0x00,
    0x00, 0x07, 0xFF, 0x00, 0x00, 0x07, 0xFE, 0x00, 0x00, 0x07, 0xFE, 0x00, 0x00, 0x07, 0xFC, 0x00,
    0x00, 0x07, 0xF8, 0x00, 0x00, 0x00, 0x00, 0x01, 0xF8, 0x7C, 0x00, 0x07, 0xE7, 0xE0, 0x00, 0x1F,
    0xFE, 0x00, 0x00, 0x7F, 0xE0, 0x00, 0x01, 0xFE, 0x00, 0x00, 0x07, 0xE0, 0x00, 0x00, 0x00, 0x00,
    0x00, 0x00, 0x00, 0x00, 0x00, 0x0F, 0xC0, 0x00, 0x03, 0xFF, 0xC0, 0x00, 0x7F, 0xFF, 0x80, 0x07,
    0xFF, 0xFE, 0x00, 0x7F, 0xFF, 0xF8, 0x07, 0xFF, 0xFF, 0xE0, 0x7F, 0xE1, 0xFF, 0x83, 0xFC, 0x03,
    0xFC, 0x3F, 0xC0, 0x0F, 0xF1, 0xFE, 0x00, 0x7F, 0x9F, 0xF0, 0x01, 0xFC, 0xFF, 0x00, 0x0E, 0x07,
    0xF8, 0x00, 0x00, 0x3F, 0xC0, 0x00, 0x01, 0xFE, 0x00, 0x00, 0x1F, 0xF0, 0x00, 0x00, 0xFF, 0x81,
    0xFF, 0xF7, 0xFC, 0x0F, 0xFF, 0xDF, 0xE0, 0x7F, 0xFE, 0xFF, 0x03, 0xFF, 0xF7, 0xF8, 0x1F, 0xFF,
    0xBF, 0xC0, 0x03, 0xFD, 0xFF, 0x00, 0x1F, 0xE7, 0xF8, 0x00, 0xFF, 0x3F, 0xC0, 0x0F, 0xF9, 0xFF,
    0x00, 0xFF, 0xC7, 0xFE, 0x0F, 0xFE, 0x1F, 0xFF, 0xFF, 0xF0, 0xFF, 0xFF, 0xFF, 0x81, 0xFF, 0xFF,
    0x7C, 0x07, 0xFF, 0xF3, 0xE0, 0x0F, 0xFE, 0x0E, 0x00, 0x0F, 0xC0, 0x00, 0x07, 0xC3, 0xF0, 0x00,
    0xF9, 0xF8, 0x00, 0x3F, 0x7C, 0x00, 0x07, 0xFE, 0x00, 0x00, 0xFF, 0x80, 0x00, 0x1F, 0xC0, 0x00,
    0x00, 0x00, 0x00, 0x00, 0x00, 0x00, 0x00, 0x7F, 0x03, 0xC0, 0xFF, 0xF1, 0xF0, 0xFF, 0xFF, 0xFC,
    0x7F, 0xFF, 0xFF, 0x3F, 0xC3, 0xFF, 0xCF, 0xE0, 0x7F, 0x03, 0xF0, 0x0F, 0xC0, 0xFC, 0x03, 0xF0,
    0x3F, 0x00, 0xFC, 0x0F, 0xE0, 0x7F, 0x03, 0xFC, 0x3F, 0xC0, 0x7F, 0xFF, 0xE0, 0x0F, 0xFF, 0xF0,
    0x01, 0xFF, 0xF0, 0x01, 0xFF, 0xE0, 0x00, 0xFC, 0x00, 0x00, 0x3F, 0xF0, 0x00, 0x0F, 0xFF, 0xFC,
    0x03, 0xFF, 0xFF, 0xC0, 0xFF, 0xFF, 0xF8, 0x1F, 0xFF, 0xFF, 0x0F, 0xFF, 0xFF, 0xC7, 0xE0, 0x0F,
    0xFB, 0xF0, 0x00, 0xFE, 0xFC, 0x00, 0x3F, 0x3F, 0x80, 0x0F, 0xCF, 0xF8, 0x0F, 0xF1, 0xFF, 0xFF,
    0xF8, 0x3F, 0xFF, 0xFC, 0x03, 0xFF, 0xFC, 0x00, 0x0F, 0xF0, 0x00, 0x00, 0x0F, 0xC0, 0x00, 0x01,
    0xFF, 0xE0, 0x00, 0x1F, 0xFF, 0xE0, 0x00, 0xFF, 0xFF, 0xE0, 0x07, 0xFF, 0xFF, 0xC0, 0x3F, 0xFF,
    0xFF, 0x01, 0xFF, 0x87, 0xFE, 0x07, 0xF8, 0x07, 0xFC, 0x3F, 0xC0, 0x0F, 0xF0, 0xFF, 0x00, 0x3F,
    0xE7, 0xFC, 0x00, 0x7F, 0x9F, 0xE0, 0x01, 0xFE, 0x7F, 0x80, 0x07, 0xF9, 0xFE, 0x00, 0x1F, 0xF7,
    0xF8, 0x00, 0x7F, 0xDF, 0xE0, 0x01, 0xFF, 0x7F, 0x80, 0x07, 0xFD, 0xFE, 0x00, 0x1F, 0xF7, 0xF8,
    0x00, 0x7F, 0xDF, 0xE0, 0x01, 0xFF, 0x7F, 0x80, 0x07, 0xF9, 0xFE, 0x00, 0x1F, 0xE7, 0xFC, 0x00,
    0x7F, 0x8F, 0xF0, 0x03, 0xFE, 0x3F, 0xC0, 0x0F, 0xF0, 0xFF, 0x80, 0x7F, 0xC1, 0xFF, 0x83, 0xFE,
    0x03, 0xFF, 0xFF, 0xF8, 0x0F, 0xFF, 0xFF, 0xC0, 0x0F, 0xFF, 0xFE, 0x00, 0x1F, 0xFF, 0xE0, 0x00,
    0x1F, 0xFF, 0x00, 0x00, 0x0F, 0xE0, 0x00, 0x00, 0x7E, 0x00, 0x00, 0x01, 0xF0, 0x00, 0x00, 0x07,
    0xC4, 0x00, 0x00, 0x1F, 0xF0, 0x00, 0x00, 0x7F, 0xC0, 0x00, 0x00, 0xFF, 0x00, 0x00, 0x00, 0x60,
    0x00, 0x00, 0xFE, 0x00, 0x07, 0xFF, 0x00, 0x3F, 0xFF, 0x80, 0xFF, 0xFF, 0x83, 0xFF, 0xFF, 0x87,
    0xF8, 0xFF, 0x1F, 0xC0, 0x7F, 0x3F, 0x80, 0xFE, 0xFF, 0x01, 0xFF, 0xFC, 0x01, 0xFF, 0xF8, 0x03,
    0xFF, 0xF0, 0x07, 0xFF, 0xE0, 0x0F, 0xFF, 0xC0, 0x1F, 0xFF, 0x80, 0x3F, 0xFF, 0x80, 0xFF, 0x7F,
    0x01, 0xFC, 0xFF, 0x07, 0xF8, 0xFF, 0x1F, 0xE1, 0xFF, 0xFF, 0xC1, 0xFF, 0xFF, 0x01, 0xFF, 0xFC,
    0x00, 0xFF, 0xE0, 0x00, 0x7F, 0x00, 0x01, 0xF8, 0x00, 0x03, 0xE0, 0x00, 0x0F, 0xC4, 0x00, 0x1F,
    0xF8, 0x00, 0x1F, 0xF0, 0x00, 0x1F, 0xE0, 0x00, 0x04, 0x00, 0x00, 0x7F, 0xFF, 0x80, 0x01, 0xFF,
    0xFF, 0xFF, 0x7F, 0xFF, 0xF0, 0x01, 0xFF, 0xFF, 0xFF, 0x7F, 0xFF, 0xFC, 0x01, 0xFF, 0xFF, 0xFF,
    0x7F, 0xFF, 0xFE, 0x01, 0xFF, 0xFF, 0xFE, 0x7F, 0xFF, 0xFF, 0x01, 0xFF, 0xFF, 0xFE, 0x7F, 0xFF,
    0xFF, 0x81, 0xFF, 0xFF, 0xFC, 0x7F, 0x81, 0xFF, 0xC0, 0x00, 0x0F, 0xF8, 0x7F, 0x80, 0x7F, 0xC0,
    0x00, 0x1F, 0xF8, 0x7F, 0x80, 0x3F, 0xE0, 0x00, 0x1F, 0xF0, 0x7F, 0x80, 0x3F, 0xE0, 0x00, 0x3F,
    0xE0, 0x7F, 0x80, 0x1F, 0xE0, 0x00, 0x7F, 0xE0, 0x7F, 0x80, 0x1F, 0xE0, 0x00, 0x7F, 0xC0, 0x7F,
    0x80, 0x1F, 0xF0, 0x00, 0xFF, 0x80, 0x7F, 0x80, 0x1F, 0xF0, 0x01, 0xFF, 0x80, 0x7F, 0x80, 0x1F,
    0xF0, 0x01, 0xFF, 0x00, 0x7F, 0x80, 0x1F, 0xF0, 0x03, 0xFE, 0x00, 0x7F, 0x80, 0x1F, 0xF0, 0x07,
    0xFC, 0x00, 0x7F, 0x80, 0x1F, 0xF0, 0x07, 0xFC, 0x00, 0x7F, 0x80, 0x1F, 0xF0, 0x0F, 0xF8, 0x00,
    0x7F, 0x80, 0x1F, 0xE0, 0x1F, 0xF0, 0x00, 0x7F, 0x80, 0x1F, 0xE0, 0x1F, 0xF0, 0x00, 0x7F, 0x80,
    0x3F, 0xE0, 0x3F, 0xE0, 0x00, 0x7F, 0x80, 0x3F, 0xE0, 0x7F, 0xC0, 0x00, 0x7F, 0x80, 0x7F, 0xC0,
    0xFF, 0xC0, 0x00, 0x7F, 0x81, 0xFF, 0xC0, 0xFF, 0x80, 0x00, 0x7F, 0xFF, 0xFF, 0x81, 0xFF, 0xFF,
    0xFE, 0x7F, 0xFF, 0xFF, 0x03, 0xFF, 0xFF, 0xFE, 0x7F, 0xFF, 0xFE, 0x03, 0xFF, 0xFF, 0xFE, 0x7F,
    0xFF, 0xFC, 0x03, 0xFF, 0xFF, 0xFE, 0x7F, 0xFF, 0xF0, 0x03, 0xFF, 0xFF, 0xFE, 0x7F, 0xFF, 0xC0,
    0x03, 0xFF, 0xFF, 0xFE, 0x7F, 0xFF, 0x80, 0x00, 0x00, 0x00, 0x1F, 0xFF, 0xFC, 0x00, 0x00, 0x00,
    0x07, 0xFF, 0xFF, 0xC0, 0x00, 0x00, 0x01, 0xFF, 0xFF, 0xF8, 0x00, 0x00, 0x00, 0x7F, 0xFF, 0xFF,
    0x00, 0x00, 0x00, 0x1F, 0xFF, 0xFF, 0xE0, 0x00, 0x00, 0x07, 0xF8, 0x1F, 0xFC, 0x00, 0x00, 0x01,
    0xFE, 0x01, 0xFF, 0x00, 0x00, 0x00, 0x7F, 0x80, 0x3F, 0xE0, 0x00, 0x00, 0x1F, 0xE0, 0x0F, 0xF8,
    0x7F, 0xFF, 0xF7, 0xF8, 0x01, 0xFE, 0x1F, 0xFF, 0xFD, 0xFE, 0x00, 0x7F, 0x87, 0xFF, 0xFF, 0x7F,
    0x80, 0x1F, 0xF1, 0xFF, 0xFF, 0xDF, 0xE0, 0x07, 0xFC, 0x00, 0x1F, 0xE7, 0xF8, 0x01, 0xFF, 0x00,
    0x0F, 0xF1, 0xFE, 0x00, 0x7F, 0xC0, 0x07, 0xF8, 0x7F, 0x80, 0x1F, 0xF0, 0x03, 0xFE, 0x1F, 0xE0,
    0x07, 0xFC, 0x00, 0xFF, 0x07, 0xF8, 0x01, 0xFF, 0x00, 0x7F, 0x81, 0xFE, 0x00, 0x7F, 0x80, 0x3F,
    0xC0, 0x7F, 0x80, 0x1F, 0xE0, 0x1F, 0xF0, 0x1F, 0xE0, 0x0F, 0xF8, 0x07, 0xF8, 0x07, 0xF8, 0x03,
    0xFE, 0x03, 0xFC, 0x01, 0xFE, 0x01, 0xFF, 0x01, 0xFE, 0x00, 0x7F, 0x81, 0xFF, 0xC0, 0xFF, 0x80,
    0x1F, 0xFF, 0xFF, 0xE0, 0x3F, 0xC0, 0x07, 0xFF, 0xFF, 0xF0, 0x1F, 0xE0, 0x01, 0xFF, 0xFF, 0xF8,
    0x0F, 0xFF, 0xFF, 0x7F, 0xFF, 0xFC, 0x03, 0xFF, 0xFF, 0xDF, 0xFF, 0xFC, 0x00, 0xFF, 0xFF, 0xF7,
    0xFF, 0xFC, 0x00, 0x3F, 0xFF, 0xFC, 0x00, 0x01, 0xFC, 0x00, 0x00, 0x00, 0x00, 0x0F, 0xE0, 0x00,
    0x00, 0x00, 0x00, 0x7F, 0x00, 0x00, 0x00, 0x00, 0x03, 0xF8, 0x00, 0x00, 0x00, 0x00, 0x1F, 0xC0,
    0x00, 0x00, 0x00, 0x00, 0xFE, 0x00, 0x00, 0x00, 0x00, 0x07, 0xF0, 0x00, 0x00, 0x00, 0x00, 0x3F,
    0x80, 0x00, 0x00, 0x01, 0xF1, 0xFC, 0x00, 0x00, 0x00, 0x3F, 0xEF, 0xE1, 0xFF, 0xFF, 0xC3, 0xFF,
    0xFF, 0x0F, 0xFF, 0xFE, 0x3F, 0xFF, 0xF8, 0x7F, 0xFF, 0xF3, 0xFF, 0xFF, 0xC3, 0xFF, 0xFF, 0xBF,
    0xE1, 0xFE, 0x00, 0x07, 0xF9, 0xFE, 0x07, 0xF0, 0x00, 0x7F, 0x8F, 0xE0, 0x3F, 0x80, 0x07, 0xFC,
    0xFF, 0x01, 0xFC, 0x00, 0x3F, 0xC7, 0xF0, 0x0F, 0xE0, 0x03, 0xFC, 0x3F, 0x80, 0x7F, 0x00, 0x3F,
    0xC1, 0xFC, 0x03, 0xF8, 0x03, 0xFC, 0x0F, 0xE0, 0x1F, 0xC0, 0x3F, 0xE0, 0x7F, 0x00, 0xFE, 0x01,
    0xFE, 0x03, 0xF8, 0x07, 0xF0, 0x1F, 0xE0, 0x1F, 0xE0, 0x3F, 0x81, 0xFE, 0x00, 0xFF, 0x01, 0xFC,
    0x1F, 0xF0, 0x03, 0xF8, 0x0F, 0xE0, 0xFF, 0x00, 0x1F, 0xF0, 0xFF, 0x0F, 0xF0, 0x00, 0x7F, 0xFF,
    0xF8, 0xFF, 0xFF, 0xF3, 0xFF, 0xFF, 0xC7, 0xFF, 0xFF, 0x8F, 0xFF, 0xFE, 0x3F, 0xFF, 0xFC, 0x3F,
    0xF7, 0xF1, 0xFF, 0xFF, 0xE0, 0x3C, 0x00, 0x00, 0x00, 0x00, 0x00, 0x00, 0x10, 0x00, 0x00, 0x07,
    0x80, 0x00, 0x00, 0xFE, 0x00, 0x00, 0x3F, 0xF0, 0x00, 0x07, 0xFF, 0x80, 0x00, 0x3F, 0xF0, 0x00,
    0x01, 0xFC, 0x00, 0x00, 0x0E, 0x00, 0x00, 0x00, 0x00, 0x00, 0x00, 0x00, 0x7E, 0x00, 0x00, 0x1F,
    0xFE, 0x00, 0x03, 0xFF, 0xFC, 0x00, 0x3F, 0xFF, 0xF0, 0x03, 0xFF, 0xFF, 0xC0, 0x3F, 0xFF, 0xFF,
    0x03, 0xFF, 0x0F, 0xFC, 0x1F, 0xE0, 0x1F, 0xE1, 0xFE, 0x00, 0x7F, 0x8F, 0xF0, 0x03, 0xFC, 0xFF,
    0x80, 0x0F, 0xE7, 0xF8, 0x00, 0x70, 0x3F, 0xC0, 0x00, 0x01, 0xFE, 0x00, 0x00, 0x0F, 0xF0, 0x00,
    0x00, 0xFF, 0x80, 0x00, 0x07, 0xFC, 0x0F, 0xFF, 0xBF, 0xE0, 0x7F, 0xFE, 0xFF, 0x03, 0xFF, 0xF7,
    0xF8, 0x1F, 0xFF, 0xBF, 0xC0, 0xFF, 0xFD, 0xFE, 0x00, 0x1F, 0xEF, 0xF8, 0x00, 0xFF, 0x3F, 0xC0,
    0x07, 0xF9, 0xFE, 0x00, 0x7F, 0xCF, 0xF8, 0x07, 0xFE, 0x3F, 0xF0, 0x7F, 0xF0, 0xFF, 0xFF, 0xFF,
    0x87, 0xFF, 0xFF, 0xFC, 0x0F, 0xFF, 0xFB, 0xE0, 0x3F, 0xFF, 0x9F, 0x00, 0x7F, 0xF0, 0x70, 0x00,
    0x7E, 0x00, 0x00, 0x00, 0x00, 0x80, 0x00, 0x00, 0xF0, 0x00, 0x01, 0xFC, 0x00, 0x01, 0xFF, 0x80,
    0x01, 0xFF, 0xE0, 0x00, 0xFF, 0xE0, 0x00, 0x1F, 0x80, 0x00, 0x07, 0x00, 0x00, 0x00, 0x00, 0x00,
    0x00, 0x1F, 0xC0, 0xF0, 0x3F, 0xFC, 0x7C, 0x3F, 0xFF, 0xFF, 0x1F, 0xFF, 0xFF, 0xCF, 0xF0, 0xFF,
    0xF3, 0xF8, 0x1F, 0xC0, 0xFC, 0x03, 0xF0, 0x3F, 0x00, 0xFC, 0x0F, 0xC0, 0x3F, 0x03, 0xF8, 0x1F,
    0xC0, 0xFF, 0x0F, 0xF0, 0x1F, 0xFF, 0xF8, 0x03, 0xFF, 0xFC, 0x00, 0x7F, 0xFC, 0x00, 0x7F, 0xF8,
    0x00, 0x3F, 0x00, 0x00, 0x0F, 0xFC, 0x00, 0x03, 0xFF, 0xFF, 0x00, 0xFF, 0xFF, 0xF0, 0x3F, 0xFF,
    0xFE, 0x07, 0xFF, 0xFF, 0xC3, 0xFF, 0xFF, 0xF1, 0xF8, 0x03, 0xFE, 0xFC, 0x00, 0x3F, 0xBF, 0x00,
    0x0F, 0xCF, 0xE0, 0x03, 0xF3, 0xFE, 0x03, 0xFC, 0x7F, 0xFF, 0xFE, 0x0F, 0xFF, 0xFF, 0x00, 0xFF,
    0xFF, 0x00, 0x03, 0xFC, 0x00, 0x00, 0x01, 0x80, 0x00, 0x00, 0x3E, 0x00, 0x00, 0x01, 0xE0, 0x00,
    0x00, 0x0F, 0x00, 0x00, 0x01, 0xFC, 0x00, 0x00, 0x1F, 0xF0, 0x00, 0x00, 0xE3, 0x80, 0x00, 0x07,
    0x1C, 0x00, 0x00, 0x38, 0xE0, 0x00, 0x01, 0xEF, 0x00, 0x00, 0x0F, 0xF8, 0x00, 0x00, 0x7F, 0xC0,
    0x00, 0x07, 0xFF, 0x00, 0x00, 0x3F, 0xF8, 0x00, 0x01, 0xFF, 0xC0, 0x00, 0x1F, 0xFF, 0x00, 0x00,
    0xFF, 0xF8, 0x00, 0x07, 0xFF, 0xC0, 0x00, 0x7F, 0xFF, 0x00, 0x03, 0xF7, 0xF8, 0x00, 0x1F, 0x9F,
    0xC0, 0x01, 0xFC, 0xFF, 0x00, 0x0F, 0xC7, 0xF8, 0x00, 0x7E, 0x1F, 0xC0, 0x07, 0xF0, 0xFF, 0x00,
    0x3F, 0x07, 0xF8, 0x01, 0xF8, 0x1F, 0xC0, 0x1F, 0xC0, 0xFF, 0x00, 0xFF, 0xFF, 0xF8, 0x07, 0xFF,
    0xFF, 0xC0, 0x7F, 0xFF, 0xFF, 0x03, 0xFF, 0xFF, 0xF8, 0x3F, 0xFF, 0xFF, 0xE1, 0xFF, 0xFF, 0xFF,
    0x0F, 0xE0, 0x07, 0xF8, 0xFF, 0x00, 0x3F, 0xE7, 0xF0, 0x00, 0xFF, 0x3F, 0x80, 0x07, 0xFB, 0xFC,
    0x00, 0x3F, 0xFF, 0xC0, 0x01, 0xFF, 0xFE, 0x00, 0x07, 0xF8, 0x00, 0x00, 0x80, 0x00, 0x0F, 0x00,
    0x01, 0xFC, 0x00, 0x1F, 0xF8, 0x01, 0xFF, 0xE0, 0x0F, 0xFE, 0x00, 0x3F, 0x80, 0x00, 0x7F, 0x80,
    0x00, 0xFF, 0x00, 0x07, 0xFC, 0x00, 0x1C, 0x78, 0x00, 0x71, 0xE0, 0x01, 0xC7, 0x80, 0x07, 0xFC,
    0x00, 0x0F, 0xF0, 0x00, 0x1F, 0x80, 0x00, 0x00, 0x00, 0x03, 0xFC, 0x00, 0x7F, 0xFC, 0x03, 0xFF,
    0xFC, 0x1F, 0xFF, 0xF0, 0xFF, 0xFF, 0xE7, 0xF8, 0x3F, 0x8F, 0xC0, 0xFE, 0x06, 0x01, 0xFC, 0x00,
    0x07, 0xF0, 0x07, 0xFF, 0xC0, 0xFF, 0xFF, 0x0F, 0xFF, 0xFC, 0xFF, 0xFF, 0xF3, 0xFC, 0x1F, 0xDF,
    0xC0, 0x7F, 0x7F, 0x01, 0xFD, 0xFC, 0x07, 0xFF, 0xF0, 0x3F, 0xDF, 0xE3, 0xFF, 0x7F, 0xFF, 0xFD,
    0xFF, 0xFF, 0xF3, 0xFF, 0xDF, 0xC7, 0xFE, 0x7E, 0x07, 0xC0, 0x00, 0x00, 0x00, 0x00, 0x00, 0x00,
    0x00, 0x00, 0x00, 0x00, 0x78, 0x00, 0x00, 0x00, 0x00, 0x3F, 0x00, 0x00, 0x00, 0x00, 0x3F, 0xF0,
    0x00, 0x00, 0x00, 0x1F, 0xFE, 0x00, 0x00, 0x00, 0x07, 0xFF, 0x00, 0x00, 0x00, 0x00, 0x7E, 0x00,
    0x00, 0x00, 0x00, 0x0E, 0x00, 0x00, 0x00, 0x00, 0x00, 0x00, 0x00, 0x00, 0x00, 0x00, 0x00, 0x00,
    0x00, 0x00, 0x03, 0xFF, 0xFF, 0xFF, 0x00, 0x00, 0xFF, 0xFF, 0xFF, 0xE0, 0x00, 0x1F, 0xFF, 0xFF,
    0xFC, 0x00, 0x07, 0xFF, 0xFF, 0xFF, 0x80, 0x00, 0xFF, 0xFF, 0xFF, 0xF0, 0x00, 0x3F, 0xFF, 0xFF,
    0xFE, 0x00, 0x07, 0xFF, 0xF0, 0x00, 0x00, 0x01, 0xFD, 0xFE, 0x00, 0x00, 0x00, 0x3F, 0x3F, 0xC0,
    0x00, 0x00, 0x0F, 0xE7, 0xF8, 0x00, 0x00, 0x03, 0xF8, 0xFF, 0x00, 0x00, 0x00, 0x7F, 0x1F, 0xE0,
    0x00, 0x00, 0x1F, 0xC3, 0xFF, 0xFE, 0x00, 0x03, 0xF8, 0x7F, 0xFF, 0xE0, 0x00, 0xFE, 0x0F, 0xFF,
    0xFC, 0x00, 0x1F, 0x81, 0xFF, 0xFF, 0x80, 0x07, 0xF0, 0x3F, 0xFF, 0xF0, 0x00, 0xFC, 0x07, 0xFF,
    0xFE, 0x00, 0x3F, 0xFF, 0xFF, 0x00, 0x00, 0x07, 0xFF, 0xFF, 0xE0, 0x00, 0x01, 0xFF, 0xFF, 0xFC,
    0x00, 0x00, 0x3F, 0xFF, 0xFF, 0x80, 0x00, 0x0F, 0xFF, 0xFF, 0xF0, 0x00, 0x01, 0xFF, 0xFF, 0xFE,
    0x00, 0x00, 0x7F, 0x00, 0x3F, 0xC0, 0x00, 0x1F, 0xE0, 0x07, 0xFF, 0xFF, 0xE3, 0xF8, 0x00, 0xFF,
    0xFF, 0xFE, 0xFF, 0x00, 0x1F, 0xFF, 0xFF, 0xDF, 0xC0, 0x03, 0xFF, 0xFF, 0xFF, 0xF8, 0x00, 0x7F,
    0xFF, 0xFF, 0xFE, 0x00, 0x0F, 0xFF, 0xFF, 0xE0, 0x00, 0x00, 0x01, 0x00, 0x00, 0x00, 0x00, 0x78,
    0x00, 0x00, 0x00, 0x0F, 0xE0, 0x00, 0x00, 0x03, 0xFF, 0x00, 0x00, 0x00, 0x7F, 0xF8, 0x00, 0x00,
    0x03, 0xFF, 0x00, 0x00, 0x00, 0x1F, 0x80, 0x00, 0x00, 0x00, 0xE0, 0x00, 0x00, 0x00, 0x00, 0x00,
    0x00, 0x00, 0x07, 0xF0, 0x0F, 0xC0, 0x01, 0xFF, 0xF1, 0xFF, 0xC0, 0x1F, 0xFF, 0xFF, 0xFF, 0x01,
    0xFF, 0xFF, 0xFF, 0xFC, 0x1F, 0xFF, 0xFF, 0xFF, 0xF1, 0xFE, 0x0F, 0xFC, 0x1F, 0xC7, 0xE0, 0x7F,
    0xC0, 0xFE, 0x06, 0x01, 0xFC, 0x03, 0xF8, 0x00, 0x0F, 0xE0, 0x1F, 0xC0, 0x1F, 0xFF, 0xFF, 0xFE,
    0x0F, 0xFF, 0xFF, 0xFF, 0xF0, 0xFF, 0xFF, 0xFF, 0xFF, 0x9F, 0xFF, 0xFF, 0xFF, 0xFC, 0xFF, 0x87,
    0xFF, 0xFF, 0xCF, 0xF0, 0x3F, 0x80, 0x00, 0x7F, 0x01, 0xFC, 0x00, 0x07, 0xF8, 0x0F, 0xF0, 0x07,
    0x3F, 0xC0, 0xFF, 0xC0, 0xFE, 0xFE, 0x0F, 0xFF, 0x9F, 0xE7, 0xFF, 0xFF, 0xFF, 0xFF, 0x3F, 0xFF,
    0xDF, 0xFF, 0xF0, 0xFF, 0xFC, 0x7F, 0xFF, 0x03, 0xFF, 0x80, 0xFF, 0xE0, 0x07, 0xE0, 0x01, 0xF8,
    0x00, 0x00, 0x00, 0x08, 0x00, 0x00, 0x00, 0x78, 0x00, 0x00, 0x01, 0xFC, 0x00, 0x00, 0x0F, 0xFC,
    0x00, 0x00, 0x3F, 0xFC, 0x00, 0x00, 0x3F, 0xF0, 0x00, 0x00, 0x3F, 0x80, 0x00, 0x00, 0x38, 0x00,
    0x00, 0x00, 0x00, 0x00, 0x00, 0x00, 0x07, 0xE0, 0x00, 0x00, 0x3F, 0xFC, 0x1C, 0x00, 0xFF, 0xFF,
    0x3E, 0x01, 0xFF, 0xFF, 0xFF, 0x07, 0xFF, 0xFF, 0xFE, 0x07, 0xFF, 0xFF, 0xFC, 0x0F, 0xFC, 0x3F,
    0xF8, 0x1F, 0xF0, 0x0F, 0xF8, 0x1F, 0xE0, 0x0F, 0xF8, 0x3F, 0xE0, 0x0F, 0xF8, 0x3F, 0xC0, 0x1F,
    0xFC, 0x3F, 0xC0, 0x3F, 0xFC, 0x3F, 0xC0, 0x7F, 0xFC, 0x7F, 0xC0, 0xFF, 0xFC, 0x7F, 0xC1, 0xFB,
    0xFC, 0x7F, 0xC3, 0xF3, 0xFE, 0x7F, 0xC7, 0xE3, 0xFE, 0x7F, 0xCF, 0xC3, 0xFE, 0x7F, 0xDF, 0x83,
    0xFC, 0x7F, 0xFF, 0x03, 0xFC, 0x3F, 0xFE, 0x03, 0xFC, 0x3F, 0xFE, 0x03, 0xFC, 0x3F, 0xFC, 0x03,
    0xFC, 0x3F, 0xF8, 0x07, 0xF8, 0x1F, 0xF0, 0x07, 0xF8, 0x1F, 0xF0, 0x0F, 0xF8, 0x1F, 0xFC, 0x3F,
    0xF0, 0x3F, 0xFF, 0xFF, 0xE0, 0x7F, 0xFF, 0xFF, 0xE0, 0xFF, 0xFF, 0xFF, 0x80, 0x7C, 0xFF, 0xFF,
    0x00, 0x38, 0x3F, 0xFC, 0x00, 0x00, 0x07, 0xE0, 0x00, 0x00, 0x00, 0x80, 0x00, 0x01, 0xE0, 0x00,
    0x07, 0xF0, 0x00, 0x0F, 0xFC, 0x00, 0x1F, 0xFE, 0x00, 0x1F, 0xFC, 0x00, 0x07, 0xE0, 0x00, 0x03,
    0x00, 0x00, 0x00, 0x00, 0x00, 0x00, 0x3F, 0x80, 0x00, 0x7F, 0xF1, 0x80, 0xFF, 0xFF, 0xE0, 0xFF,
    0xFF, 0xF0, 0xFF, 0xFF, 0xF0, 0x7F, 0x0F, 0xF0, 0x7F, 0x03, 0xFC, 0x3F, 0x83, 0xFE, 0x3F, 0xC3,
    0xFF, 0x9F, 0xC3, 0xFF, 0xCF, 0xE3, 0xFF, 0xE7, 0xF3, 0xF7, 0xF3, 0xFB, 0xF3, 0xF9, 0xFF, 0xF1,
    0xFC, 0xFF, 0xE0, 0xFE, 0x7F, 0xE0, 0xFF, 0x1F, 0xE0, 0x7F, 0x0F, 0xF0, 0x7F, 0x83, 0xFC, 0x7F,
    0x83, 0xFF, 0xFF, 0xC3, 0xFF, 0xFF, 0xC1, 0xFF, 0xFF, 0xC0, 0xE3, 0xFF, 0x80, 0x00, 0x3E, 0x00,
    0x00, 0x01, 0x00, 0x00, 0x00, 0x0E, 0x06, 0x00, 0x00, 0x7C, 0x3C, 0x00, 0x01, 0xF9, 0xFC, 0x00,
    0x07, 0xF7, 0xF8, 0x00, 0x07, 0xF7, 0xF0, 0x00, 0x0F, 0xCF, 0xC0, 0x00, 0x0E, 0x0F, 0x00, 0x00,
    0x18, 0x18, 0x00, 0x00, 0x00, 0x00, 0x00, 0x01, 0xFF, 0x00, 0x00, 0x0F, 0xFC, 0x00, 0x00, 0x3F,
    0xF0, 0x00, 0x00, 0xFF, 0xE0, 0x00, 0x07, 0xFF, 0x80, 0x00, 0x1F, 0xFE, 0x00, 0x00, 0xFF, 0xFC,
    0x00, 0x03, 0xFF, 0xF0, 0x00, 0x0F, 0xDF, 0xC0, 0x00, 0x7F, 0x7F, 0x80, 0x01, 0xFD, 0xFE, 0x00,
    0x07, 0xE3, 0xFC, 0x00, 0x3F, 0x8F, 0xF0, 0x00, 0xFE, 0x3F, 0xC0, 0x03, 0xF0, 0x7F, 0x80, 0x1F,
    0xC1, 0xFE, 0x00, 0x7E, 0x07, 0xF8, 0x03, 0xF8, 0x0F, 0xF0, 0x0F, 0xFF, 0xFF, 0xC0, 0x3F, 0xFF,
    0xFF, 0x01, 0xFF, 0xFF, 0xFE, 0x07, 0xFF, 0xFF, 0xF8, 0x1F, 0xFF, 0xFF, 0xE0, 0xFF, 0xFF, 0xFF,
    0xC3, 0xF8, 0x00, 0xFF, 0x0F, 0xE0, 0x03, 0xFE, 0x7F, 0x00, 0x07, 0xF9, 0xFC, 0x00, 0x1F, 0xE7,
    0xF0, 0x00, 0x7F, 0xFF, 0x80, 0x00, 0xFF, 0xFE, 0x00, 0x03, 0xFC, 0x08, 0x08, 0x00, 0x70, 0x70,
    0x03, 0xE3, 0xE0, 0x0F, 0xCF, 0xC0, 0x3F, 0xBF, 0x80, 0x3F, 0x3F, 0x80, 0x7E, 0x7E, 0x00, 0x70,
    0x70, 0x00, 0x80, 0xC0, 0x03, 0xFC, 0x00, 0x7F, 0xFC, 0x03, 0xFF, 0xFC, 0x1F, 0xFF, 0xF0, 0xFF,
    0xFF, 0xE7, 0xF8, 0x3F, 0x8F, 0xC0, 0xFE, 0x06, 0x01, 0xFC, 0x00, 0x07, 0xF0, 0x07, 0xFF, 0xC0,
    0xFF, 0xFF, 0x0F, 0xFF, 0xFC, 0xFF, 0xFF, 0xF3, 0xFC, 0x1F, 0xDF, 0xC0, 0x7F, 0x7F, 0x01, 0xFD,
    0xFC, 0x07, 0xFF, 0xF0, 0x3F, 0xDF, 0xE3, 0xFF, 0x7F, 0xFF, 0xFD, 0xFF, 0xFF, 0xF3, 0xFF, 0xDF,
    0xC7, 0xFE, 0x7E, 0x07, 0xC0, 0x00, 0x00, 0x1F, 0xE0, 0x00, 0x01, 0xFF, 0xC0, 0x00, 0x0F, 0xFF,
    0x80, 0x00, 0x3F, 0xFF, 0x00, 0x01, 0xF0, 0x7E, 0x00, 0x07, 0x80, 0xF8, 0x00, 0x00, 0x00, 0x00,
    0x00, 0x00, 0x00, 0x00, 0x00, 0x00, 0x00, 0x00, 0x00, 0x7F, 0xC0, 0x00, 0x03, 0xFF, 0x00, 0x00,
    0x0F, 0xFC, 0x00, 0x00, 0x3F, 0xF8, 0x00, 0x01, 0xFF, 0xE0, 0x00, 0x07, 0xFF, 0x80, 0x00, 0x3F,
    0xFF, 0x00, 0x00, 0xFF, 0xFC, 0x00, 0x03, 0xF7, 0xF0, 0x00, 0x1F, 0xDF, 0xE0, 0x00, 0x7F, 0x7F,
    0x80, 0x01, 0xF8, 0xFF, 0x00, 0x0F, 0xE3, 0xFC, 0x00, 0x3F, 0x8F, 0xF0, 0x00, 0xFC, 0x1F, 0xE0,
    0x07, 0xF0, 0x7F, 0x80, 0x1F, 0x81, 0xFE, 0x00, 0xFE, 0x03, 0xFC, 0x03, 0xFF, 0xFF, 0xF0, 0x0F,
    0xFF, 0xFF, 0xC0, 0x7F, 0xFF, 0xFF, 0x81, 0xFF, 0xFF, 0xFE, 0x07, 0xFF, 0xFF, 0xF8, 0x3F, 0xFF,
    0xFF, 0xF0, 0xFE, 0x00, 0x3F, 0xC3, 0xF8, 0x00, 0xFF, 0x9F, 0xC0, 0x01, 0xFE, 0x7F, 0x00, 0x07,
    0xF9, 0xFC, 0x00, 0x1F, 0xFF, 0xE0, 0x00, 0x3F, 0xFF, 0x80, 0x00, 0xFF, 0x00, 0xFF, 0x00, 0x0F,
    0xFE, 0x00, 0x7F, 0xFC, 0x03, 0xFF, 0xF8, 0x0F, 0x83, 0xE0, 0x3C, 0x07, 0x80, 0x00, 0x00, 0x00,
    0x00, 0x00, 0x00, 0xFF, 0x00, 0x1F, 0xFF, 0x00, 0xFF, 0xFF, 0x07, 0xFF, 0xFC, 0x3F, 0xFF, 0xF9,
    0xFE, 0x0F, 0xE3, 0xF0, 0x3F, 0x81, 0x80, 0x7F, 0x00, 0x01, 0xFC, 0x01, 0xFF, 0xF0, 0x3F, 0xFF,
    0xC3, 0xFF, 0xFF, 0x3F, 0xFF, 0xFC, 0xFF, 0x07, 0xF7, 0xF0, 0x1F, 0xDF, 0xC0, 0x7F, 0x7F, 0x01,
    0xFF, 0xFC, 0x0F, 0xF7, 0xF8, 0xFF, 0xDF, 0xFF, 0xFF, 0x7F, 0xFF, 0xFC, 0xFF, 0xF7, 0xF1, 0xFF,
    0x9F, 0x81, 0xF0, 0x00, 0x00, 0x00, 0x00, 0x0C, 0x0E, 0x00, 0x1F, 0x1F, 0x00, 0x3F, 0xBF, 0x80,
    0x3F, 0xDF, 0xC0, 0x0F, 0xEF, 0xE0, 0x07, 0xE3, 0xE0, 0x01, 0xE1, 0xE0, 0x00, 0xC0, 0x40, 0x00,
    0x00, 0x00, 0x7F, 0xFF, 0xFF, 0x7F, 0xFF, 0xFF, 0x7F, 0xFF, 0xFF, 0x7F, 0xFF, 0xFF, 0x7F, 0xFF,
    0xFF, 0x7F, 0xFF, 0xFE, 0x7F, 0x80, 0x00, 0x7F, 0x80, 0x00, 0x7F, 0x80, 0x00, 0x7F, 0x80, 0x00,
    0x7F, 0x80, 0x00, 0x7F, 0x80, 0x00, 0x7F, 0xFF, 0xC0, 0x7F, 0xFF, 0xE0, 0x7F, 0xFF, 0xE0, 0x7F,
    0xFF, 0xE0, 0x7F, 0xFF, 0xE0, 0x7F, 0xFF, 0xE0, 0x7F, 0x80, 0x00, 0x7F, 0x80, 0x00, 0x7F, 0x80,
    0x00, 0x7F, 0x80, 0x00, 0x7F, 0x80, 0x00, 0x7F, 0x80, 0x00, 0x7F, 0x80, 0x00, 0x7F, 0xFF, 0xFF,
    0x7F, 0xFF, 0xFF, 0x7F, 0xFF, 0xFF, 0x7F, 0xFF, 0xFF, 0x7F, 0xFF, 0xFF, 0x7F, 0xFF, 0xFF, 0x08,
    0x08, 0x00, 0x38, 0x38, 0x00, 0xF8, 0xF8, 0x03, 0xF9, 0xF8, 0x03, 0xFB, 0xF8, 0x03, 0xF9, 0xF8,
    0x01, 0xF9, 0xF8, 0x01, 0xE0, 0xE0, 0x00, 0x80, 0x80, 0x00, 0xFC, 0x00, 0x0F, 0xFE, 0x00, 0x7F,
    0xFF, 0x01, 0xFF, 0xFF, 0x07, 0xFF, 0xFE, 0x0F, 0xE0, 0xFE, 0x3F, 0x80, 0xFE, 0x7F, 0x01, 0xFD,
    0xFC, 0x01, 0xFB, 0xFF, 0xFF, 0xF7, 0xFF, 0xFF, 0xFF, 0xFF, 0xFF, 0xFF, 0xFF, 0xFF, 0xFF, 0xFF,
    0xFF, 0x7F, 0x00, 0x00, 0xFF, 0x00, 0x00, 0xFE, 0x00, 0xE1, 0xFE, 0x03, 0xF1, 0xFF, 0x1F, 0xE3,
    0xFF, 0xFF, 0x83, 0xFF, 0xFE, 0x03, 0xFF, 0xF8, 0x01, 0xFF, 0xE0, 0x00, 0x7E, 0x00, 0x00, 0xFF,
    0x00, 0x03, 0xFF, 0xC0, 0x07, 0xFF, 0xE0, 0x07, 0xFF, 0xE0, 0x0F, 0xC1, 0xF0, 0x07, 0x81, 0xF0,
    0x00, 0x00, 0x00, 0x00, 0x00, 0x00, 0x00, 0x00, 0x00, 0x7F, 0xFF, 0xFF, 0x7F, 0xFF, 0xFF, 0x7F,
    0xFF, 0xFF, 0x7F, 0xFF, 0xFF, 0x7F, 0xFF, 0xFF, 0x7F, 0xFF, 0xFE, 0x7F, 0x80, 0x00, 0x7F, 0x80,
    0x00, 0x7F, 0x80, 0x00, 0x7F, 0x80, 0x00, 0x7F, 0x80, 0x00, 0x7F, 0x80, 0x00, 0x7F, 0xFF, 0xC0,
    0x7F, 0xFF, 0xE0, 0x7F, 0xFF, 0xE0, 0x7F, 0xFF, 0xE0, 0x7F, 0xFF, 0xE0, 0x7F, 0xFF, 0xE0, 0x7F,
    0x80, 0x00, 0x7F, 0x80, 0x00, 0x7F, 0x80, 0x00, 0x7F, 0x80, 0x00, 0x7F, 0x80, 0x00, 0x7F, 0x80,
    0x00, 0x7F, 0x80, 0x00, 0x7F, 0xFF, 0xFF, 0x7F, 0xFF, 0xFF, 0x7F, 0xFF, 0xFF, 0x7F, 0xFF, 0xFF,
    0x7F, 0xFF, 0xFF, 0x7F, 0xFF, 0xFF, 0x01, 0xFE, 0x00, 0x07, 0xFF, 0x00, 0x1F, 0xFF, 0x00, 0x7F,
    0xFF, 0x00, 0xF8, 0x3E, 0x01, 0xE0, 0x3C, 0x00, 0x00, 0x00, 0x00, 0x00, 0x00, 0x00, 0x7E, 0x00,
    0x07, 0xFF, 0x00, 0x3F, 0xFF, 0x80, 0xFF, 0xFF, 0x83, 0xFF, 0xFF, 0x07, 0xF0, 0x7F, 0x1F, 0xC0,
    0x7F, 0x3F, 0x80, 0xFE, 0xFE, 0x00, 0xFD, 0xFF, 0xFF, 0xFB, 0xFF, 0xFF, 0xFF, 0xFF, 0xFF, 0xFF,
    0xFF, 0xFF, 0xFF, 0xFF, 0xFF, 0xBF, 0x80, 0x00, 0x7F, 0x80, 0x00, 0x7F, 0x00, 0x70, 0xFF, 0x01,
    0xF8, 0xFF, 0x8F, 0xF1, 0xFF, 0xFF, 0xC1, 0xFF, 0xFF, 0x01, 0xFF, 0xFC, 0x00, 0xFF, 0xF0, 0x00,
    0x3F, 0x00, 0x10, 0x10, 0x0E, 0x0E, 0x07, 0xC7, 0xC1, 0xF9, 0xF8, 0x7F, 0x7F, 0x0F, 0xE7, 0xE0,
    0xFC, 0xFC, 0x1E, 0x0E, 0x01, 0x01, 0x00, 0x00, 0x00, 0x1F, 0xC0, 0x07, 0xF8, 0x01, 0xFE, 0x00,
    0x7F, 0x80, 0x1F, 0xE0, 0x07, 0xF8, 0x01, 0xFE, 0x00, 0x7F, 0x80, 0x1F, 0xE0, 0x07, 0xF8, 0x01,
    0xFE, 0x00, 0x7F, 0x80, 0x1F, 0xE0, 0x07, 0xF8, 0x01, 0xFE, 0x00, 0x7F, 0x80, 0x1F, 0xE0, 0x07,
    0xF8, 0x01, 0xFE, 0x00, 0x7F, 0x80, 0x1F, 0xE0, 0x07, 0xF8, 0x01, 0xFE, 0x00, 0x7F, 0x80, 0x1F,
    0xE0, 0x07, 0xF8, 0x01, 0xFE, 0x00, 0x7F, 0x80, 0x1F, 0xE0, 0x07, 0xF8, 0x01, 0xFC, 0x00, 0x10,
    0x10, 0x0E, 0x0E, 0x07, 0xC7, 0xC1, 0xF9, 0xF8, 0x7F, 0x7F, 0x0F, 0xE7, 0xE0, 0xFC, 0xFC, 0x1E,
    0x0E, 0x01, 0x01, 0x00, 0x00, 0x00, 0x1F, 0xC0, 0x07, 0xF0, 0x01, 0xFC, 0x00, 0x7F, 0x00, 0x1F,
    0xC0, 0x07, 0xF0, 0x01, 0xFC, 0x00, 0x7F, 0x00, 0x1F, 0xC0, 0x07, 0xF0, 0x01, 0xFC, 0x00, 0x7F,
    0x00, 0x1F, 0xC0, 0x07, 0xF0, 0x01, 0xFC, 0x00, 0x7F, 0x00, 0x1F, 0xC0, 0x07, 0xF0, 0x01, 0xFC,
    0x00, 0x7F, 0x00, 0x1F, 0xC0, 0x07, 0xF0, 0x0F, 0xF0, 0x3F, 0xF8, 0x7F, 0xFC, 0xFF, 0xFE, 0xF8,
    0x3E, 0xF0, 0x1E, 0x00, 0x00, 0x00, 0x00, 0x00, 0x00, 0x0F, 0xE0, 0x0F, 0xF0, 0x0F, 0xF0, 0x0F,
    0xF0, 0x0F, 0xF0, 0x0F, 0xF0, 0x0F, 0xF0, 0x0F, 0xF0, 0x0F, 0xF0, 0x0F, 0xF0, 0x0F, 0xF0, 0x0F,
    0xF0, 0x0F, 0xF0, 0x0F, 0xF0, 0x0F, 0xF0, 0x0F, 0xF0, 0x0F, 0xF0, 0x0F, 0xF0, 0x0F, 0xF0, 0x0F,
    0xF0, 0x0F, 0xF0, 0x0F, 0xF0, 0x0F, 0xF0, 0x0F, 0xF0, 0x0F, 0xF0, 0x0F, 0xF0, 0x0F, 0xF0, 0x0F,
    0xF0, 0x0F, 0xF0, 0x0F, 0xF0, 0x0F, 0xE0, 0x0F, 0xF0, 0x3F, 0xF8, 0x7F, 0xFC, 0xFF, 0xFE, 0xF8,
    0x3E, 0xF0, 0x1E, 0x00, 0x00, 0x00, 0x00, 0x00, 0x00, 0x0F, 0xE0, 0x0F, 0xE0, 0x0F, 0xE0, 0x0F,
    0xE0, 0x0F, 0xE0, 0x0F, 0xE0, 0x0F, 0xE0, 0x0F, 0xE0, 0x0F, 0xE0, 0x0F, 0xE0, 0x0F, 0xE0, 0x0F,
    0xE0, 0x0F, 0xE0, 0x0F, 0xE0, 0x0F, 0xE0, 0x0F, 0xE0, 0x0F, 0xE0, 0x0F, 0xE0, 0x0F, 0xE0, 0x0F,
    0xE0, 0x0F, 0xE0, 0x0F, 0xE0, 0x00, 0x00, 0x00, 0x00, 0x06, 0x07, 0x00, 0x00, 0x3E, 0x3E, 0x00,
    0x01, 0xFD, 0xFC, 0x00, 0x07, 0xFB, 0xF8, 0x00, 0x07, 0xF7, 0xF0, 0x00, 0x0F, 0xC7, 0xC0, 0x00,
    0x0F, 0x0F, 0x00, 0x00, 0x18, 0x08, 0x00, 0x00, 0x3F, 0x00, 0x00, 0x07, 0xFF, 0x80, 0x00, 0x7F,
    0xFF, 0x80, 0x03, 0xFF, 0xFF, 0x80, 0x1F, 0xFF, 0xFF, 0x00, 0xFF, 0xFF, 0xFC, 0x07, 0xFE, 0x1F,
    0xF8, 0x1F, 0xE0, 0x1F, 0xF0, 0xFF, 0x00, 0x3F, 0xC3, 0xFC, 0x00, 0xFF, 0x9F, 0xF0, 0x01, 0xFE,
    0x7F, 0x80, 0x07, 0xF9, 0xFE, 0x00, 0x1F, 0xE7, 0xF8, 0x00, 0x7F, 0xDF, 0xE0, 0x01, 0xFF, 0x7F,
    0x80, 0x07, 0xFD, 0xFE, 0x00, 0x1F, 0xF7, 0xF8, 0x00, 0x7F, 0xDF, 0xE0, 0x01, 0xFF, 0x7F, 0x80,
    0x07, 0xFD, 0xFE, 0x00, 0x1F, 0xE7, 0xF8, 0x00, 0x7F, 0x9F, 0xF0, 0x01, 0xFE, 0x3F, 0xC0, 0x0F,
    0xF8, 0xFF, 0x00, 0x3F, 0xC3, 0xFE, 0x01, 0xFF, 0x07, 0xFE, 0x0F, 0xF8, 0x0F, 0xFF, 0xFF, 0xE0,
    0x3F, 0xFF, 0xFF, 0x00, 0x3F, 0xFF, 0xF8, 0x00, 0x7F, 0xFF, 0x80, 0x00, 0x7F, 0xFC, 0x00, 0x00,
    0x3F, 0x00, 0x00, 0x08, 0x08, 0x00, 0x38, 0x38, 0x00, 0xF8, 0xF8, 0x03, 0xF9, 0xF8, 0x03, 0xFB,
    0xF8, 0x03, 0xF9, 0xF8, 0x01, 0xF9, 0xF8, 0x01, 0xE0, 0xE0, 0x00, 0x80, 0x80, 0x01, 0xFC, 0x00,
    0x0F, 0xFE, 0x00, 0x7F, 0xFF, 0x01, 0xFF, 0xFF, 0x07, 0xFF, 0xFF, 0x0F, 0xF1, 0xFE, 0x3F, 0x80,
    0xFE, 0x7F, 0x01, 0xFD, 0xFE, 0x03, 0xFF, 0xF8, 0x03, 0xFF, 0xF0, 0x07, 0xFF, 0xE0, 0x0F, 0xFF,
    0xC0, 0x1F, 0xFF, 0x80, 0x3F, 0xFF, 0x00, 0x7F, 0xFF, 0x01, 0xFE, 0xFE, 0x03, 0xF9, 0xFE, 0x0F,
    0xF1, 0xFE, 0x3F, 0xC3, 0xFF, 0xFF, 0x83, 0xFF, 0xFE, 0x03, 0xFF, 0xF8, 0x01, 0xFF, 0xC0, 0x00,
    0x7C, 0x00, 0x00, 0x1F, 0xE0, 0x00, 0x00, 0xFF, 0xE0, 0x00, 0x07, 0xFF, 0xC0, 0x00, 0x3F, 0xFF,
    0x00, 0x00, 0xF8, 0x3E, 0x00, 0x03, 0xC0, 0x78, 0x00, 0x00, 0x00, 0x00, 0x00, 0x00, 0x00, 0x00,
    0x00, 0x0F, 0xC0, 0x00, 0x01, 0xFF, 0xE0, 0x00, 0x1F, 0xFF, 0xE0, 0x00, 0xFF, 0xFF, 0xE0, 0x07,
    0xFF, 0xFF, 0xC0, 0x3F, 0xFF, 0xFF, 0x01, 0xFF, 0x87, 0xFE, 0x07, 0xF8, 0x07, 0xFC, 0x3F, 0xC0,
    0x0F, 0xF0, 0xFF, 0x00, 0x3F, 0xE7, 0xFC, 0x00, 0x7F, 0x9F, 0xE0, 0x01, 0xFE, 0x7F, 0x80, 0x07,
    0xF9, 0xFE, 0x00, 0x1F, 0xF7, 0xF8, 0x00, 0x7F, 0xDF, 0xE0, 0x01, 0xFF, 0x7F, 0x80, 0x07, 0xFD,
    0xFE, 0x00, 0x1F, 0xF7, 0xF8, 0x00, 0x7F, 0xDF, 0xE0, 0x01, 0xFF, 0x7F, 0x80, 0x07, 0xF9, 0xFE,
    0x00, 0x1F, 0xE7, 0xFC, 0x00, 0x7F, 0x8F, 0xF0, 0x03, 0xFE, 0x3F, 0xC0, 0x0F, 0xF0, 0xFF, 0x80,
    0x7F, 0xC1, 0xFF, 0x83, 0xFE, 0x03, 0xFF, 0xFF, 0xF8, 0x0F, 0xFF, 0xFF, 0xC0, 0x0F, 0xFF, 0xFE,
    0x00, 0x1F, 0xFF, 0xE0, 0x00, 0x1F, 0xFF, 0x00, 0x00, 0x0F, 0xC0, 0x00, 0x01, 0xFE, 0x00, 0x07,
    0xFF, 0x00, 0x1F, 0xFF, 0x00, 0x7F, 0xFF, 0x00, 0xF8, 0x3E, 0x01, 0xE0, 0x3C, 0x00, 0x00, 0x00,
    0x00, 0x00, 0x00, 0x00, 0xFE, 0x00, 0x07, 0xFF, 0x00, 0x3F, 0xFF, 0x80, 0xFF, 0xFF, 0x83, 0xFF,
    0xFF, 0x87, 0xF8, 0xFF, 0x1F, 0xC0, 0x7F, 0x3F, 0x80, 0xFE, 0xFF, 0x01, 0xFF, 0xFC, 0x01, 0xFF,
    0xF8, 0x03, 0xFF, 0xF0, 0x07, 0xFF, 0xE0, 0x0F, 0xFF, 0xC0, 0x1F, 0xFF, 0x80, 0x3F, 0xFF, 0x80,
    0xFF, 0x7F, 0x01, 0xFC, 0xFF, 0x07, 0xF8, 0xFF, 0x1F, 0xE1, 0xFF, 0xFF, 0xC1, 0xFF, 0xFF, 0x01,
    0xFF, 0xFC, 0x00, 0xFF, 0xE0, 0x00, 0x3E, 0x00, 0x04, 0x04, 0x00, 0x01, 0xC1, 0xC0, 0x00, 0x7C,
    0x7C, 0x00, 0x0F, 0xCF, 0xC0, 0x01, 0xFD, 0xFC, 0x00, 0x1F, 0xCF, 0xC0, 0x00, 0xFC, 0xFC, 0x00,
    0x0F, 0x07, 0x00, 0x00, 0x40, 0x40, 0x00, 0x00, 0x00, 0x01, 0xFF, 0xFF, 0xC0, 0x3F, 0xFF, 0xFF,
    0x07, 0xFF, 0xFF, 0xF0, 0xFF, 0xFF, 0xFF, 0x1F, 0xFF, 0xFF, 0xF3, 0xFC, 0x07, 0xFE, 0x7F, 0x80,
    0x3F, 0xEF, 0xF0, 0x07, 0xFD, 0xFE, 0x00, 0xFF, 0xBF, 0xC0, 0x1F, 0xF7, 0xF8, 0x03, 0xFE, 0xFF,
    0x00, 0x7F, 0x9F, 0xE0, 0x3F, 0xF3, 0xFF, 0xFF, 0xFC, 0x7F, 0xFF, 0xFF, 0x8F, 0xFF, 0xFF, 0xE1,
    0xFF, 0xFF, 0xF0, 0x3F, 0xFF, 0xFC, 0x07, 0xF8, 0x7F, 0x80, 0xFF, 0x07, 0xF8, 0x1F, 0xE0, 0xFF,
    0x03, 0xFC, 0x0F, 0xF0, 0x7F, 0x81, 0xFE, 0x0F, 0xF0, 0x3F, 0xE1, 0xFE, 0x03, 0xFC, 0x3F, 0xC0,
    0x7F, 0x87, 0xF8, 0x0F, 0xF8, 0xFF, 0x00, 0xFF, 0x1F, 0xE0, 0x1F, 0xF3, 0xFC, 0x01, 0xFE, 0x7F,
    0x00, 0x3F, 0xC0, 0x00, 0x10, 0x0E, 0x0E, 0x07, 0xC7, 0xC3, 0xFB, 0xF8, 0x7F, 0x7F, 0x0F, 0xEF,
    0xE0, 0xFC, 0xFC, 0x1E, 0x1E, 0x01, 0x01, 0x00, 0x00, 0xF1, 0xFC, 0xFC, 0x7F, 0x7F, 0x1F, 0xFF,
    0xC7, 0xFF, 0xF1, 0xFF, 0xFC, 0x7F, 0xFF, 0x1F, 0xF0, 0x07, 0xF8, 0x01, 0xFC, 0x00, 0x7F, 0x00,
    0x1F, 0xC0, 0x07, 0xF0, 0x01, 0xFC, 0x00, 0x7F, 0x00, 0x1F, 0xC0, 0x07, 0xF0, 0x01, 0xFC, 0x00,
    0x7F, 0x00, 0x1F, 0xC0, 0x07, 0xF0, 0x01, 0xFC, 0x00, 0x7F, 0x00, 0x00, 0x7F, 0x80, 0x00, 0x3F,
    0xF8, 0x00, 0x0F, 0xFF, 0x80, 0x03, 0xFF, 0xF8, 0x00, 0x7C, 0x1F, 0x00, 0x0F, 0x01, 0xE0, 0x00,
    0x00, 0x00, 0x00, 0x00, 0x00, 0x00, 0x00, 0x00, 0x00, 0x0F, 0xFF, 0xFE, 0x01, 0xFF, 0xFF, 0xF8,
    0x3F, 0xFF, 0xFF, 0x87, 0xFF, 0xFF, 0xF8, 0xFF, 0xFF, 0xFF, 0x9F, 0xE0, 0x3F, 0xF3, 0xFC, 0x01,
    0xFF, 0x7F, 0x80, 0x3F, 0xEF, 0xF0, 0x07, 0xFD, 0xFE, 0x00, 0xFF, 0xBF, 0xC0, 0x1F, 0xF7, 0xF8,
    0x03, 0xFC, 0xFF, 0x01, 0xFF, 0x9F, 0xFF, 0xFF, 0xE3, 0xFF, 0xFF, 0xFC, 0x7F, 0xFF, 0xFF, 0x0F,
    0xFF, 0xFF, 0x81, 0xFF, 0xFF, 0xE0, 0x3F, 0xC3, 0xFC, 0x07, 0xF8, 0x3F, 0xC0, 0xFF, 0x07, 0xF8,
    0x1F, 0xE0, 0x7F, 0x83, 0xFC, 0x0F, 0xF0, 0x7F, 0x81, 0xFF, 0x0F, 0xF0, 0x1F, 0xE1, 0xFE, 0x03,
    0xFC, 0x3F, 0xC0, 0x7F, 0xC7, 0xF8, 0x07, 0xF8, 0xFF, 0x00, 0xFF, 0x9F, 0xE0, 0x0F, 0xF3, 0xF8,
    0x01, 0xFE, 0x0F, 0xF0, 0x1F, 0xFC, 0x3F, 0xFE, 0x7F, 0xFE, 0x7C, 0x1F, 0x78, 0x0F, 0x00, 0x00,
    0x00, 0x00, 0x00, 0x0F, 0x7F, 0x3F, 0x7F, 0x7F, 0x7F, 0xFF, 0x7F, 0xFF, 0x7F, 0xFF, 0x7F, 0xFF,
    0x7F, 0xC0, 0x7F, 0x80, 0x7F, 0x00, 0x7F, 0x00, 0x7F, 0x00, 0x7F, 0x00, 0x7F, 0x00, 0x7F, 0x00,
    0x7F, 0x00, 0x7F, 0x00, 0x7F, 0x00, 0x7F, 0x00, 0x7F, 0x00, 0x7F, 0x00, 0x7F, 0x00, 0x7F, 0x00,
    0x02, 0x02, 0x00, 0x01, 0xC1, 0xC0, 0x00, 0xF8, 0xF8, 0x00, 0x3F, 0x3F, 0x00, 0x0F, 0xEF, 0xE0,
    0x01, 0xFC, 0xFC, 0x00, 0x1F, 0x9F, 0x80, 0x03, 0xC1, 0xC0, 0x00, 0x20, 0x20, 0x00, 0x00, 0x00,
    0x0F, 0xF0, 0x01, 0xFF, 0xFC, 0x00, 0x7F, 0xFF, 0x00, 0x1F, 0xFF, 0xC0, 0x07, 0xFF, 0xF0, 0x01,
    0xFF, 0xFC, 0x00, 0x7F, 0xFF, 0x00, 0x1F, 0xFF, 0xC0, 0x07, 0xFF, 0xF0, 0x01, 0xFF, 0xFC, 0x00,
    0x7F, 0xFF, 0x00, 0x1F, 0xFF, 0xC0, 0x07, 0xFF, 0xF0, 0x01, 0xFF, 0xFC, 0x00, 0x7F, 0xFF, 0x00,
    0x1F, 0xFF, 0xC0, 0x07, 0xFF, 0xF0, 0x01, 0xFF, 0xFC, 0x00, 0x7F, 0xFF, 0x00, 0x1F, 0xFF, 0xC0,
    0x07, 0xFF, 0xF0, 0x01, 0xFF, 0xFC, 0x00, 0x7F, 0xFF, 0x80, 0x1F, 0xDF, 0xE0, 0x0F, 0xE7, 0xFC,
    0x03, 0xF9, 0xFF, 0x83, 0xFE, 0x3F, 0xFF, 0xFF, 0x0F, 0xFF, 0xFF, 0xC1, 0xFF, 0xFF, 0xE0, 0x3F,
    0xFF, 0xF0, 0x03, 0xFF, 0xF0, 0x00, 0x1F, 0xE0, 0x00, 0x00, 0x00, 0x01, 0x81, 0xC0, 0x1E, 0x1F,
    0x01, 0xFD, 0xFC, 0x0F, 0xF7, 0xF0, 0x1F, 0xDF, 0xC0, 0x7E, 0x3E, 0x00, 0xF0, 0xF0, 0x03, 0x01,
    0x00, 0x00, 0x00, 0x3F, 0x80, 0xFF, 0xFC, 0x07, 0xFF, 0xE0, 0x3F, 0xFF, 0x01, 0xFF, 0xF8, 0x0F,
    0xFF, 0xC0, 0x7F, 0xFE, 0x03, 0xFF, 0xF0, 0x1F, 0xFF, 0x80, 0xFF, 0xFC, 0x07, 0xFF, 0xE0, 0x3F,
    0xFF, 0x01, 0xFF, 0xF8, 0x0F, 0xFF, 0xC0, 0x7F, 0xFE, 0x03, 0xFF, 0xF0, 0x3F, 0xFF, 0x83, 0xFF,
    0xFF, 0xFF, 0xFF, 0xFF, 0xFF, 0xBF, 0xFF, 0xFD, 0xFF, 0xEF, 0xE7, 0xFC, 0x7F, 0x0F, 0x80, 0x00,
    0x00, 0x3F, 0x80, 0x00, 0x3F, 0xF8, 0x00, 0x1F, 0xFF, 0x00, 0x0F, 0xFF, 0xE0, 0x03, 0xE0, 0xF8,
    0x00, 0xF0, 0x1E, 0x00, 0x00, 0x00, 0x00, 0x00, 0x00, 0x00, 0x00, 0x00, 0x00, 0x3F, 0xC0, 0x07,
    0xFF, 0xF0, 0x01, 0xFF, 0xFC, 0x00, 0x7F, 0xFF, 0x00, 0x1F, 0xFF, 0xC0, 0x07, 0xFF, 0xF0, 0x01,
    0xFF, 0xFC, 0x00, 0x7F, 0xFF, 0x00, 0x1F, 0xFF, 0xC0, 0x07, 0xFF, 0xF0, 0x01, 0xFF, 0xFC, 0x00,
    0x7F, 0xFF, 0x00, 0x1F, 0xFF, 0xC0, 0x07, 0xFF, 0xF0, 0x01, 0xFF, 0xFC, 0x00, 0x7F, 0xFF, 0x00,
    0x1F, 0xFF, 0xC0, 0x07, 0xFF, 0xF0, 0x01, 0xFF, 0xFC, 0x00, 0x7F, 0xFF, 0x00, 0x1F, 0xFF, 0xC0,
    0x07, 0xFF, 0xF0, 0x01, 0xFF, 0xFE, 0x00, 0x7F, 0x7F, 0x80, 0x3F, 0x9F, 0xF0, 0x0F, 0xE7, 0xFE,
    0x0F, 0xF8, 0xFF, 0xFF, 0xFC, 0x3F, 0xFF, 0xFF, 0x07, 0xFF, 0xFF, 0x80, 0xFF, 0xFF, 0xC0, 0x0F,
    0xFF, 0xC0, 0x00, 0x7F, 0x80, 0x00, 0x03, 0xFC, 0x00, 0x7F, 0xF8, 0x07, 0xFF, 0xE0, 0x3F, 0xFF,
    0x03, 0xF0, 0x7C, 0x0F, 0x03, 0xE0, 0x00, 0x00, 0x00, 0x00, 0x00, 0x00, 0x00, 0x07, 0xF0, 0x1F,
    0xFF, 0x80, 0xFF, 0xFC, 0x07, 0xFF, 0xE0, 0x3F, 0xFF, 0x01, 0xFF, 0xF8, 0x0F, 0xFF, 0xC0, 0x7F,
    0xFE, 0x03, 0xFF, 0xF0, 0x1F, 0xFF, 0x80, 0xFF, 0xFC, 0x07, 0xFF, 0xE0, 0x3F, 0xFF, 0x01, 0xFF,
    0xF8, 0x0F, 0xFF, 0xC0, 0x7F, 0xFE, 0x07, 0xFF, 0xF0, 0x7F, 0xFF, 0xFF, 0xFF, 0xFF, 0xFF, 0xF7,
    0xFF, 0xFF, 0xBF, 0xFD, 0xFC, 0xFF, 0x8F, 0xE1, 0xF0, 0x00, 0x00, 0x3F, 0x00, 0x00, 0x7F, 0xFC,
    0x00, 0x7F, 0xFF, 0xC0, 0x3F, 0xFF, 0xF8, 0x1F, 0xFF, 0xFF, 0x0F, 0xFF, 0xFF, 0xE3, 0xFE, 0x0F,
    0xF1, 0xFE, 0x00, 0xF8, 0x7F, 0x80, 0x1C, 0x1F, 0xE0, 0x00, 0x07, 0xF8, 0x00, 0x01, 0xFF, 0x80,
    0x00, 0x7F, 0xFC, 0x00, 0x0F, 0xFF, 0xE0, 0x03, 0xFF, 0xFF, 0x00, 0x7F, 0xFF, 0xF0, 0x0F, 0xFF,
    0xFE, 0x01, 0xFF, 0xFF, 0xC0, 0x1F, 0xFF, 0xF8, 0x00, 0xFF, 0xFE, 0x00, 0x03, 0xFF, 0xC0, 0x00,
    0x1F, 0xF0, 0x00, 0x03, 0xFC, 0x70, 0x00, 0xFF, 0x3E, 0x00, 0x3F, 0xDF, 0xC0, 0x0F, 0xFF, 0xF8,
    0x0F, 0xFB, 0xFF, 0xFF, 0xFE, 0x7F, 0xFF, 0xFF, 0x0F, 0xFF, 0xFF, 0x80, 0xFF, 0xFF, 0xC0, 0x0F,
    0xFF, 0xC0, 0x00, 0x3F, 0x80, 0x00, 0x00, 0x00, 0x00, 0x01, 0xF0, 0x00, 0x00, 0x7C, 0x00, 0x00,
    0x1F, 0x00, 0x00, 0x07, 0xC0, 0x00, 0x01, 0xF0, 0x00, 0x00, 0x3C, 0x00, 0x00, 0x0E, 0x00, 0x00,
    0x07, 0x00, 0x00, 0x00, 0x00, 0x00, 0x00, 0xFC, 0x00, 0x3F, 0xFC, 0x03, 0xFF, 0xF8, 0x3F, 0xFF,
    0xE3, 0xFF, 0xFF, 0x1F, 0x81, 0xF9, 0xFC, 0x07, 0x8F, 0xE0, 0x00, 0x7F, 0xE0, 0x01, 0xFF, 0xF0,
    0x0F, 0xFF, 0xF0, 0x3F, 0xFF, 0xC0, 0xFF, 0xFF, 0x03, 0xFF, 0xFC, 0x01, 0xFF, 0xE0, 0x00, 0xFF,
    0x18, 0x01, 0xFB, 0xE0, 0x0F, 0xDF, 0xC1, 0xFE, 0xFF, 0xFF, 0xE3, 0xFF, 0xFF, 0x0F, 0xFF, 0xF0,
    0x1F, 0xFE, 0x00, 0x1F, 0x80, 0x00, 0x00, 0x00, 0x07, 0xC0, 0x00, 0x3F, 0x00, 0x01, 0xF8, 0x00,
    0x0F, 0xC0, 0x00, 0x3C, 0x00, 0x00, 0xE0, 0x00, 0x0E, 0x00, 0x00, 0xF0, 0x00, 0x00, 0x00, 0x00,
    0xFF, 0xFF, 0xFF, 0xFF, 0xFF, 0xFF, 0xFF, 0xFF, 0xFF, 0xFF, 0xFF, 0xFF, 0xFF, 0xFF, 0xFF, 0xFF,
    0xFF, 0xFF, 0xFF, 0xF0, 0x07, 0xF8, 0x00, 0x01, 0xFE, 0x00, 0x00, 0x7F, 0x80, 0x00, 0x1F, 0xE0,
    0x00, 0x07, 0xF8, 0x00, 0x01, 0xFE, 0x00, 0x00, 0x7F, 0x80, 0x00, 0x1F, 0xE0, 0x00, 0x07, 0xF8,
    0x00, 0x01, 0xFE, 0x00, 0x00, 0x7F, 0x80, 0x00, 0x1F, 0xE0, 0x00, 0x07, 0xF8, 0x00, 0x01, 0xFE,
    0x00, 0x00, 0x7F, 0x80, 0x00, 0x1F, 0xE0, 0x00, 0x07, 0xF8, 0x00, 0x01, 0xFE, 0x00, 0x00, 0x7F,
    0x80, 0x00, 0x1F, 0xE0, 0x00, 0x07, 0xF8, 0x00, 0x01, 0xFE, 0x00, 0x00, 0x7F, 0x80, 0x00, 0x1F,
    0xE0, 0x00, 0x07, 0xF8, 0x00, 0x00, 0x00, 0x00, 0x00, 0x00, 0x00, 0x00, 0x07, 0xC0, 0x00, 0x01,
    0xF0, 0x00, 0x00, 0x7C, 0x00, 0x00, 0x1F, 0x00, 0x00, 0x07, 0xC0, 0x00, 0x00, 0xE0, 0x00, 0x00,
    0x78, 0x00, 0x00, 0x1C, 0x00, 0x00, 0x00, 0x00, 0x00, 0x07, 0xE0, 0x03, 0xF8, 0x01, 0xFC, 0x00,
    0xFE, 0x00, 0x7F, 0x00, 0x3F, 0x80, 0x1F, 0xC0, 0x1F, 0xFE, 0xFF, 0xFF, 0xFF, 0xFF, 0xFF, 0xFF,
    0xFF, 0xFF, 0xF7, 0xFF, 0xF8, 0x7F, 0x80, 0x3F, 0xC0, 0x1F, 0xE0, 0x0F, 0xF0, 0x07, 0xF8, 0x03,
    0xFC, 0x01, 0xFE, 0x00, 0xFF, 0x00, 0x7F, 0x80, 0x3F, 0xC0, 0x1F, 0xE0, 0x0F, 0xF0, 0x07, 0xFF,
    0xC1, 0xFF, 0xE0, 0xFF, 0xF0, 0x3F, 0xF8, 0x0F, 0xFC, 0x00, 0x00, 0x00, 0x00, 0x00, 0xF8, 0x00,
    0x7C, 0x00, 0x3E, 0x00, 0x1F, 0x00, 0x0F, 0x80, 0x03, 0xC0, 0x01, 0xC0, 0x01, 0xC0, 0x00, 0x40,
    0x00, 0x60, 0x03, 0xC0, 0x1F, 0xC1, 0xFF, 0x8F, 0xFF, 0x1F, 0xFC, 0x0F, 0xC0, 0x06, 0x00, 0x20,
    0x07, 0x81, 0xFC, 0x3F, 0xF7, 0xFF, 0xFF, 0xF3, 0xF8, 0x0C, 0x00, 0x03, 0xC0, 0x07, 0xE0, 0x0F,
    0xF0, 0x1F, 0xF8, 0x3E, 0xFC, 0x7C, 0x7E, 0xF8, 0x3F, 0x7F, 0x0E, 0xFF, 0xFE, 0xFF, 0xFE, 0xFF,
    0xFE, 0x61, 0xFC, 0xFF, 0xFF, 0xFF, 0xFF, 0xFF, 0xFF, 0xFF, 0xFF, 0xFF, 0xFF, 0xF8, 0x1F, 0xFC,
    0x3E, 0x7F, 0xFE, 0x3F, 0xFC, 0x1F, 0xF8, 0x07, 0xE0, 0xFF, 0xFF, 0xFF, 0xFF, 0xFF, 0xDF, 0x00,
    0xFC, 0x7F, 0xF9, 0xFF, 0xF3, 0xFF, 0xE7, 0xFF, 0xC7, 0xFF, 0x8F, 0xC0, 0x3C, 0x7F, 0xBF, 0xCF,
    0xF0, 0x78, 0x78, 0x7C, 0x3C, 0x0C, 0x00, 0x00, 0x00, 0x0F, 0xC7, 0xFB, 0xFF, 0xF1, 0xF8, 0x7F,
    0x3D, 0xFF, 0x7F, 0x8F, 0xC0, 0x00, 0x02, 0x00, 0x01, 0xC1, 0xC0, 0xF8, 0xF8, 0x7F, 0x7F, 0x3F,
    0xBF, 0x9F, 0xDF, 0xCF, 0xC7, 0xC1, 0xE1, 0xE0, 0x20, 0x20, 0x00, 0xFC, 0x3F, 0x7E, 0x7E, 0x3F,
    0xFC, 0x1F, 0xF8, 0x0F, 0xF0, 0x07, 0xE0, 0x10, 0x10, 0x0E, 0x0E, 0x07, 0xC7, 0xC3, 0xF9, 0xF8,
    0x7F, 0x7F, 0x0F, 0xEF, 0xE0, 0xFC, 0xFC, 0x1E, 0x1E, 0x01, 0x01, 0x00, 0x0F, 0xF0, 0x3F, 0xF8,
    0x7F, 0xFC, 0x7F, 0xFE, 0xF8, 0x3E, 0xF0, 0x1E, 0x3B, 0xDD, 0xCF, 0xFF, 0xFF, 0xF0, 0x0F, 0x0F,
    0xDF, 0xDF, 0xCF, 0xC7, 0xC0, 0x00, 0x03, 0xFF, 0xFF, 0xFF, 0xF0, 0xFC, 0x7F, 0xF9, 0xFF, 0xF3,
    0xFF, 0xE7, 0xFF, 0xC7, 0xFF, 0x8F, 0xC0, 0xFF, 0xFF, 0xFF, 0x9D, 0xDC, 0x40, 0x0E, 0x01, 0xC0,
    0x78, 0x0F, 0xC3, 0xFC, 0x0F, 0xC0, 0xFB, 0xFF, 0xFF, 0xCF, 0xF0, 0x00, 0x00, 0x0F, 0x8F, 0xC7,
    0xC3, 0xE0, 0xFC, 0xFF, 0xFF, 0xFD, 0xFF, 0x0C, 0x00, 0x03, 0x80, 0x1F, 0xF0, 0x3F, 0xF8, 0x7F,
    0xFC, 0xFC, 0x7E, 0xF8, 0x3E, 0xF0, 0x1E, 0x00, 0x01, 0xFF, 0xFF, 0xFF, 0xFF, 0xFF, 0xFF, 0xFF,
    0xFF, 0xFF, 0xC0, 0xFF, 0xFF, 0xFF, 0xFF, 0xFF, 0xFF, 0xFF, 0xFF, 0xFF, 0xFF, 0xFF, 0xFF, 0xFF,
    0xF0, 0xFF, 0xFF, 0xFF, 0xFF, 0xFF, 0xFF, 0xFF, 0xFF, 0xFF, 0xFF, 0xFF, 0xFF, 0xFF, 0xFF, 0xFF,
    0xFF, 0xFF, 0xFF, 0xFF, 0xFF, 0xFF, 0xFF, 0xFF, 0xFF, 0xF8, 0xFF, 0xFF, 0xFF, 0xFF, 0xFF, 0xFF,
    0xFF, 0xFF, 0xFF, 0xFF, 0xFF, 0xFF, 0xFF, 0x00, 0xFF, 0xFF, 0xFF, 0xFF, 0xFF, 0xFF, 0xFF, 0xFF,
    0xFF, 0xFF, 0xFF, 0xFF, 0xFF, 0xFF, 0xFF, 0xFF, 0xFF, 0xFF, 0xFF, 0xFF, 0xFF, 0xC0, 0xFF, 0xFF,
    0xFF, 0xFF, 0xFF, 0xFF, 0xFF, 0xFF, 0xFF, 0xFF, 0xFF, 0xFF, 0xFF, 0xFF, 0xFF, 0xFF, 0xFF, 0xFF,
    0xFF, 0xFF, 0xFF, 0xC0, 0x0E, 0x0E, 0x1E, 0x3C, 0x3C, 0x7C, 0x7E, 0xFE, 0xFE, 0xFE, 0xFE, 0xFE,
    0x7E, 0x7F, 0x7F, 0x7F, 0x7F, 0x7F, 0x7F, 0x7E, 0x3C, 0x3C, 0x78, 0x78, 0x70, 0x60, 0x7E, 0x7F,
    0x7F, 0x7F, 0x7F, 0x7F, 0x7F, 0x3E, 0x3C, 0x3C, 0x78, 0x70, 0x70, 0x0E, 0x03, 0x87, 0x03, 0xC7,
    0x83, 0xC7, 0x81, 0xE3, 0xC1, 0xE3, 0xE1, 0xF1, 0xF8, 0xFF, 0xFC, 0x7F, 0xFE, 0x3F, 0xFF, 0x1F,
    0xFF, 0x8F, 0xFF, 0xC7, 0xF7, 0xE3, 0xF0, 0x7F, 0x3F, 0xBF, 0x9F, 0xDF, 0xCF, 0xEF, 0xE7, 0xF7,
    0xF3, 0xFB, 0xF9, 0xFD, 0xF8, 0x7C, 0x78, 0x1E, 0x3C, 0x1E, 0x3C, 0x0F, 0x1E, 0x0F, 0x0E, 0x07,
    0x06, 0x03, 0x00, 0x7E, 0x1F, 0x3F, 0x9F, 0xDF, 0xCF, 0xEF, 0xE7, 0xF7, 0xF3, 0xFB, 0xF9, 0xFD,
    0xFC, 0xFE, 0x7C, 0x1E, 0x3C, 0x0F, 0x1E, 0x0F, 0x1E, 0x07, 0x0E, 0x07, 0x87, 0x03, 0x80, 0x03,
    0xF8, 0x00, 0x3F, 0x80, 0x01, 0xF8, 0x00, 0x1F, 0x80, 0x01, 0xF8, 0x00, 0x1F, 0x80, 0x01, 0xF8,
    0x00, 0x1F, 0x80, 0x01, 0xF0, 0x00, 0x1F, 0x00, 0xFF, 0xFF, 0xFF, 0xFF, 0xFF, 0xFF, 0xFF, 0xFF,
    0xFF, 0xFF, 0xFF, 0xFF, 0xFE, 0x1F, 0x06, 0x01, 0xF0, 0x00, 0x1F, 0x00, 0x01, 0xF0, 0x00, 0x1F,
    0x00, 0x01, 0xF0, 0x00, 0x1F, 0x00, 0x01, 0xF0, 0x00, 0x1F, 0x00, 0x01, 0xF8, 0x00, 0x1F, 0x80,
    0x01, 0xF8, 0x00, 0x1F, 0x80, 0x01, 0xF8, 0x00, 0x1F, 0x80, 0x01, 0xF8, 0x00, 0x1F, 0x80, 0x01,
    0xF8, 0x00, 0x1F, 0x80, 0x01, 0xF8, 0x00, 0x3F, 0x80, 0x03, 0xF8, 0x00, 0x3F, 0x80, 0x03, 0xF8,
    0x00, 0x3F, 0x80, 0x01, 0xF8, 0x00, 0x1F, 0x80, 0x01, 0xF8, 0x00, 0x1F, 0x80, 0x01, 0xF8, 0x00,
    0x1F, 0x80, 0x01, 0xF0, 0x00, 0x1F, 0x00, 0xF1, 0xF0, 0xFF, 0xFF, 0xFF, 0xFF, 0xFF, 0xFF, 0xFF,
    0xFF, 0xFF, 0xFF, 0xFF, 0xFF, 0xFF, 0x01, 0xF0, 0x00, 0x1F, 0x00, 0x01, 0xF0, 0x00, 0x1F, 0x00,
    0x01, 0xF0, 0x00, 0x1F, 0x00, 0x01, 0xF0, 0x0F, 0xDF, 0x7F, 0xFF, 0xFF, 0xFF, 0xFF, 0xFF, 0xFF,
    0xFF, 0xFF, 0xFF, 0xFF, 0xFD, 0xF3, 0xF0, 0x1F, 0x00, 0x01, 0xF0, 0x00, 0x1F, 0x80, 0x01, 0xF8,
    0x00, 0x1F, 0x80, 0x01, 0xF8, 0x00, 0x1F, 0x80, 0x03, 0xF8, 0x00, 0x3F, 0x80, 0x00, 0x01, 0xF8,
    0x3F, 0xC7, 0xFE, 0xFF, 0xEF, 0xFF, 0xFF, 0xFF, 0xFF, 0x7F, 0xE7, 0xFE, 0x3F, 0xC0, 0xF0, 0xFF,
    0x03, 0xF8, 0x1F, 0xFF, 0xC1, 0xFE, 0x07, 0xFF, 0xF0, 0x7F, 0x81, 0xFF, 0xFC, 0x1F, 0xE0, 0x7F,
    0xFF, 0x07, 0xF8, 0x1F, 0xFF, 0xC1, 0xFE, 0x07, 0xFF, 0xF0, 0x3F, 0x81, 0xFC, 0x01, 0xC0, 0x00,
    0x1C, 0x00, 0x00, 0x00, 0x1F, 0xF0, 0x00, 0x7C, 0x00, 0x00, 0x00, 0x7F, 0xF0, 0x00, 0xF0, 0x00,
    0x00, 0x01, 0xFF, 0xF0, 0x03, 0xE0, 0x00, 0x00, 0x03, 0xE3, 0xE0, 0x0F, 0x80, 0x00, 0x00, 0x0F,
    0xC3, 0xE0, 0x1E, 0x00, 0x00, 0x00, 0x1F, 0x07, 0xC0, 0x7C, 0x00, 0x00, 0x00, 0x7E, 0x0F, 0xC1,
    0xF0, 0x00, 0x00, 0x00, 0xFC, 0x1F, 0x83, 0xC0, 0x00, 0x00, 0x01, 0xF8, 0x3F, 0x0F, 0x80, 0x00,
    0x00, 0x03, 0xF0, 0x7E, 0x3E, 0x00, 0x00, 0x00, 0x07, 0xE0, 0xFC, 0x78, 0x00, 0x00, 0x00, 0x07,
    0xC1, 0xF1, 0xF0, 0x00, 0x00, 0x00, 0x0F, 0xC7, 0xE7, 0xC0, 0x00, 0x00, 0x00, 0x0F, 0xDF, 0x8F,
    0x00, 0x00, 0x00, 0x00, 0x1F, 0xFF, 0x3E, 0x3F, 0xC0, 0x0F, 0xE0, 0x1F, 0xFC, 0xF8, 0xFF, 0xC0,
    0x7F, 0xF0, 0x0F, 0xE1, 0xE3, 0xFF, 0xC1, 0xFF, 0xF0, 0x02, 0x07, 0xCF, 0xFF, 0xC3, 0xFF, 0xE0,
    0x00, 0x1F, 0x1F, 0x0F, 0x8F, 0xC7, 0xE0, 0x00, 0x3C, 0x7E, 0x1F, 0x9F, 0x07, 0xC0, 0x00, 0xF8,
    0xF8, 0x3F, 0x3E, 0x0F, 0xC0, 0x03, 0xE1, 0xF0, 0x3E, 0xFC, 0x1F, 0x80, 0x07, 0x83, 0xE0, 0x7D,
    0xF8, 0x3F, 0x00, 0x1F, 0x07, 0xC0, 0xFB, 0xF0, 0x7E, 0x00, 0x7C, 0x0F, 0x83, 0xF7, 0xE0, 0xFC,
    0x00, 0xF0, 0x1F, 0x07, 0xE7, 0xC1, 0xF0, 0x03, 0xE0, 0x3F, 0x0F, 0x8F, 0xC3, 0xE0, 0x0F, 0x80,
    0x3F, 0x3F, 0x0F, 0x8F, 0xC0, 0x1E, 0x00, 0x7F, 0xFC, 0x1F, 0xFF, 0x00, 0x7C, 0x00, 0x7F, 0xF0,
    0x1F, 0xFC, 0x00, 0xF0, 0x00, 0x3F, 0xC0, 0x1F, 0xF0, 0x00, 0xC0, 0x00, 0x1E, 0x00, 0x0F, 0x80,
    0x0F, 0xE3, 0xF8, 0x7F, 0x0F, 0xC1, 0xF8, 0x3F, 0x0F, 0xC1, 0xF8, 0x3E, 0x07, 0xC1, 0xF0, 0x3E,
    0x07, 0x80, 0xF0, 0x1C, 0x00, 0x0F, 0xEF, 0xE3, 0xF9, 0xFC, 0x7F, 0x3F, 0x0F, 0xCF, 0xE1, 0xF9,
    0xF8, 0x3F, 0x3F, 0x0F, 0xC7, 0xC1, 0xF9, 0xF8, 0x3E, 0x3F, 0x07, 0xC7, 0xC1, 0xF0, 0xF8, 0x3E,
    0x1E, 0x07, 0x87, 0xC0, 0xF0, 0xF0, 0x1C, 0x1E, 0x00, 0x00, 0x01, 0xE0, 0xF8, 0x3E, 0x1F, 0x07,
    0xC3, 0xE1, 0xF8, 0x7C, 0x1F, 0x07, 0xE0, 0xF8, 0x3E, 0x07, 0xC0, 0xF0, 0x3E, 0x07, 0x80, 0xE0,
    0x00, 0x78, 0x3E, 0x0F, 0x07, 0xC3, 0xF0, 0xF8, 0x7E, 0x1F, 0x0F, 0xCF, 0xC7, 0xC3, 0xE3, 0xE1,
    0xF1, 0xF0, 0xF0, 0x70, 0x00, 0x00, 0x00, 0x07, 0x00, 0x00, 0x07, 0x80, 0x00, 0x07, 0xC0, 0x00,
    0x07, 0xC0, 0x00, 0x03, 0xC0, 0x00, 0x03, 0xE0, 0x00, 0x03, 0xE0, 0x00, 0x01, 0xE0, 0x00, 0x01,
    0xF0, 0x00, 0x01, 0xF0, 0x00, 0x00, 0xF0, 0x00, 0x00, 0xF8, 0x00, 0x00, 0xF8, 0x00, 0x00, 0x78,
    0x00, 0x00, 0x7C, 0x00, 0x00, 0x7C, 0x00, 0x00, 0x3C, 0x00, 0x00, 0x3E, 0x00, 0x00, 0x3E, 0x00,
    0x00, 0x1E, 0x00, 0x00, 0x1F, 0x00, 0x00, 0x1F, 0x00, 0x00, 0x0F, 0x00, 0x00, 0x0F, 0x80, 0x00,
    0x0F, 0x80, 0x00, 0x07, 0x80, 0x00, 0x07, 0xC0, 0x00, 0x07, 0xC0, 0x00, 0x03, 0xC0, 0x00, 0x03,
    0xE0, 0x00, 0x03, 0xE0, 0x00, 0x01, 0xE0, 0x00, 0x00, 0x60, 0x00, 0x00, 0x00, 0x00, 0x00, 0x07,
    0xFF, 0x00, 0x0F, 0xFF, 0x00, 0x1E, 0xFF, 0x00, 0x3E, 0xFF, 0x00, 0x3C, 0xFF, 0x00, 0x78, 0xFF,
    0x00, 0xF8, 0xFF, 0x00, 0xF0, 0x00, 0x01, 0xE0, 0x00, 0x03, 0xE0, 0x00, 0x03, 0xC0, 0x00, 0x07,
    0x80, 0x00, 0x0F, 0x80, 0x00, 0x0F, 0x00, 0x00, 0x1F, 0x00, 0x00, 0x3E, 0x00, 0x00, 0x3C, 0x00,
    0x00, 0x7C, 0x00, 0x00, 0xF8, 0x00, 0x00, 0xF0, 0x00, 0x01, 0xF0, 0x00, 0x03, 0xE0, 0x00, 0x03,
    0xC0, 0x00, 0x07, 0xC0, 0x00, 0x0F, 0x80, 0x00, 0x0F, 0x01, 0xFC, 0x1F, 0x01, 0xFE, 0x3E, 0x01,
    0xFE, 0x3C, 0x01, 0xFE, 0x7C, 0x01, 0xFE, 0xF8, 0x01, 0xFE, 0xF0, 0x01, 0xFC, 0x60, 0x00, 0x00,
    0x01, 0xE0, 0x03, 0xFC, 0x07, 0xFF, 0x07, 0xFF, 0xC3, 0xF3, 0xF3, 0xF0, 0xF9, 0xF0, 0x7E, 0xF8,
    0x1F, 0x7C, 0x0F, 0xFE, 0x07, 0xFF, 0x03, 0xFF, 0x81, 0xFF, 0xC0, 0xFB, 0xE0, 0x7D, 0xF0, 0x3E,
    0xF8, 0x3E, 0x3E, 0x3F, 0x1F, 0xFF, 0x07, 0xFF, 0x81, 0xFF, 0x00, 0x3F, 0x00, 0x00, 0x7E, 0x00,
    0x3F, 0x80, 0x1F, 0xE0, 0x07, 0xF8, 0x03, 0xFE, 0x01, 0xFF, 0x80, 0xFF, 0xE0, 0x3D, 0xF8, 0x1E,
    0x7E, 0x0F, 0x1F, 0x87, 0xC7, 0xE1, 0xFF, 0xFE, 0xFF, 0xFF, 0xBF, 0xFF, 0xEF, 0xFF, 0xF8, 0x01,
    0xF8, 0x00, 0x7E, 0x00, 0x1F, 0x80, 0x07, 0xE0, 0x01, 0xF0, 0x3F, 0xFF, 0x1F, 0xFF, 0x8F, 0xFF,
    0xC7, 0xFF, 0xE3, 0xC0, 0x01, 0xE0, 0x00, 0xF0, 0x00, 0x7F, 0xF8, 0x3F, 0xFE, 0x1F, 0xFF, 0x87,
    0xFF, 0xE1, 0x83, 0xF0, 0x00, 0xF8, 0x00, 0x7C, 0xE0, 0x3E, 0xF8, 0x3F, 0x7F, 0xFF, 0x3F, 0xFF,
    0x87, 0xFF, 0x00, 0xFF, 0x00, 0x01, 0xE0, 0x03, 0xFE, 0x07, 0xFF, 0x83, 0xFF, 0xE3, 0xF1, 0xF3,
    0xF0, 0x61, 0xF0, 0x00, 0xF8, 0x00, 0x7D, 0xF8, 0x7F, 0xFF, 0x3F, 0xFF, 0xDF, 0xFF, 0xEF, 0xC1,
    0xFB, 0xE0, 0xFD, 0xF0, 0x3E, 0xF8, 0x3F, 0x3E, 0x1F, 0x1F, 0xFF, 0x87, 0xFF, 0x81, 0xFF, 0x80,
    0x3F, 0x00, 0xFF, 0xFF, 0xFF, 0xFF, 0xFF, 0xFF, 0xFF, 0xE0, 0x07, 0xC0, 0x0F, 0x00, 0x3E, 0x00,
    0xF8, 0x01, 0xF0, 0x07, 0xC0, 0x0F, 0x80, 0x3E, 0x00, 0x7C, 0x01, 0xF8, 0x03, 0xE0, 0x07, 0xC0,
    0x1F, 0x80, 0x3F, 0x00, 0x7E, 0x00, 0xF8, 0x00, 0x01, 0xE0, 0x07, 0xFC, 0x07, 0xFF, 0x87, 0xFF,
    0xC7, 0xE1, 0xF3, 0xE0, 0xF9, 0xF0, 0x3C, 0xFC, 0x3E, 0x7F, 0xFE, 0x1F, 0xFE, 0x07, 0xFF, 0x03,
    0xFF, 0xE3, 0xFF, 0xF3, 0xE1, 0xFD, 0xE0, 0x3E, 0xF0, 0x1F, 0x7C, 0x1F, 0xBF, 0xFF, 0x8F, 0xFF,
    0xC3, 0xFF, 0x80, 0x7F, 0x00, 0x03, 0xC0, 0x07, 0xFC, 0x0F, 0xFF, 0x0F, 0xFF, 0xC7, 0xE3, 0xF3,
    0xE0, 0xFB, 0xF0, 0x7D, 0xF8, 0x3F, 0x7C, 0x1F, 0xBF, 0xFF, 0xCF, 0xFF, 0xE7, 0xFF, 0xF0, 0xFE,
    0xF8, 0x00, 0xF8, 0x00, 0x7C, 0x10, 0x3E, 0x7C, 0x3E, 0x1F, 0xFF, 0x0F, 0xFF, 0x03, 0xFF, 0x00,
    0x7E, 0x00, 0x00, 0x71, 0xE0, 0x03, 0xCF, 0x80, 0x0F, 0x3C, 0x00, 0x3C, 0xF0, 0x01, 0xFF, 0xC0,
    0x1F, 0xFF, 0x00, 0xFF, 0xFE, 0x07, 0xFF, 0xFC, 0x3F, 0xFF, 0xF0, 0xFE, 0x0F, 0xE7, 0xF0, 0x3F,
    0x9F, 0xC0, 0x7E, 0xFF, 0x00, 0x03, 0xF8, 0x00, 0x0F, 0xE0, 0x00, 0x3F, 0x80, 0x00, 0xFE, 0x00,
    0x03, 0xF8, 0x00, 0x0F, 0xE0, 0x00, 0x3F, 0xC0, 0x3C, 0x7F, 0x00, 0xF9, 0xFE, 0x07, 0xE3, 0xFE,
    0x7F, 0x87, 0xFF, 0xFC, 0x0F, 0xFF, 0xE0, 0x1F, 0xFF, 0x00, 0xFF, 0xF0, 0x03, 0xCF, 0x80, 0x0F,
    0x3C, 0x00, 0x3C, 0xF0, 0x00, 0xE3, 0xC0, 0x00, 0x0F, 0xFF, 0xFF, 0xE1, 0xFF, 0xFF, 0xFC, 0x3F,
    0xFF, 0xFF, 0x87, 0xFF, 0xFF, 0xF0, 0xFF, 0xFF, 0xFE, 0x1F, 0xFF, 0xFF, 0xC3, 0xFC, 0x00, 0x00,
    0x7F, 0x80, 0x00, 0x0F, 0xF0, 0x00, 0x01, 0xFE, 0x00, 0x00, 0x3F, 0xC0, 0x00, 0x07, 0xF8, 0x00,
    0x00, 0xFF, 0x00, 0x00, 0x1F, 0xFF, 0xFC, 0x03, 0xFF, 0xFF, 0x80, 0x7F, 0xFF, 0xF0, 0x0F, 0xFF,
    0xFE, 0x01, 0xFF, 0xFF, 0xC0, 0x3F, 0xFF, 0xF8, 0x07, 0xF8, 0x00, 0x00, 0xFF, 0x00, 0x00, 0x1F,
    0xE0, 0x00, 0x1F, 0xFF, 0xF0, 0x03, 0xFF, 0xFF, 0x00, 0xFF, 0xFF, 0xE0, 0x0F, 0xFF, 0xF8, 0x00,
    0x3F, 0xC0, 0x00, 0x07, 0xF8, 0x00, 0x00, 0xFF, 0x00, 0x00, 0x1F, 0xE0, 0x00, 0x03, 0xFC, 0x00,
    0x00, 0x00, 0x1F, 0x00, 0x00, 0x3F, 0xF8, 0x00, 0x1F, 0xFF, 0x80, 0x1F, 0xFF, 0xF0, 0x07, 0xFF,
    0xFE, 0x03, 0xFF, 0xFF, 0xC0, 0xFF, 0x8F, 0xF0, 0x3F, 0xC1, 0xF8, 0x0F, 0xF0, 0x30, 0x03, 0xFC,
    0x00, 0x00, 0xFF, 0x00, 0x00, 0xFF, 0xFE, 0x00, 0xFF, 0xFF, 0xC0, 0x3F, 0xFF, 0xF0, 0x0F, 0xFF,
    0xFC, 0x01, 0xFF, 0xFE, 0x00, 0x07, 0xF8, 0x00, 0x01, 0xFE, 0x00, 0x0F, 0xFF, 0xFC, 0x03, 0xFF,
    0xFF, 0x00, 0xFF, 0xFF, 0xC0, 0x1F, 0xFF, 0xF0, 0x00, 0x7F, 0x80, 0x00, 0x1F, 0xC0, 0x38, 0x07,
    0xF0, 0x1F, 0xC3, 0xF8, 0x07, 0xF7, 0xFF, 0xFF, 0xFB, 0xFF, 0xFF, 0xFE, 0xFF, 0xFF, 0xFF, 0x3F,
    0xFF, 0xFF, 0x8F, 0xFF, 0xFF, 0xC3, 0xFF, 0xFF, 0xE0, 0x1F, 0xE0, 0x01, 0xFC, 0x0F, 0xF8, 0x00,
    0xFE, 0x07, 0xFC, 0x00, 0x7F, 0x03, 0xFF, 0x00, 0x3F, 0x81, 0xFF, 0xC0, 0x1F, 0xC0, 0xFF, 0xF0,
    0x0F, 0xE0, 0x7F, 0xF8, 0x07, 0xF0, 0x3F, 0xFE, 0x03, 0xF8, 0x1F, 0xFF, 0x81, 0xFC, 0x7F, 0xFF,
    0xFF, 0xFF, 0xFF, 0xFF, 0xFF, 0xFF, 0xFF, 0xFF, 0xFF, 0xFF, 0xF7, 0xFF, 0xFF, 0xFF, 0xF0, 0xFE,
    0xFF, 0x8F, 0xE0, 0x7F, 0x3F, 0xE7, 0xF0, 0x3F, 0x9F, 0xFB, 0xF8, 0x1F, 0xC7, 0xFD, 0xFC, 0x0F,
    0xE1, 0xFF, 0xFE, 0x3F, 0xFF, 0xFF, 0xFF, 0xFF, 0xFF, 0xFF, 0xFF, 0xFF, 0xFF, 0xFF, 0xFF, 0xFB,
    0xFF, 0xFF, 0xFF, 0xF8, 0x7F, 0x01, 0xFF, 0xF0, 0x3F, 0x80, 0x7F, 0xF8, 0x1F, 0xC0, 0x1F, 0xFC,
    0x0F, 0xE0, 0x07, 0xFE, 0x07, 0xF0, 0x03, 0xFF, 0x03, 0xF8, 0x00, 0xFF, 0x81, 0xFC, 0x00, 0x3F,
    0xC0, 0xFE, 0x00, 0x1F, 0xE0, 0x7F, 0x00, 0x07, 0xF0, 0x7F, 0xFF, 0x00, 0x00, 0x00, 0x00, 0x7F,
    0xFF, 0xC0, 0x00, 0x00, 0x00, 0x7F, 0xFF, 0xE0, 0x00, 0x00, 0x00, 0x7F, 0xFF, 0xF0, 0x00, 0x00,
    0x00, 0x7F, 0xFF, 0xF8, 0x00, 0x00, 0x00, 0x7F, 0xFF, 0xF8, 0x00, 0x00, 0x00, 0x7F, 0x03, 0xFC,
    0x00, 0x00, 0x00, 0x7F, 0x01, 0xFC, 0x00, 0x00, 0x00, 0x7F, 0x01, 0xFC, 0xE0, 0x00, 0x00, 0x7F,
    0x01, 0xFD, 0xF0, 0x00, 0x00, 0x7F, 0x01, 0xFF, 0xF0, 0x00, 0x00, 0x7F, 0x01, 0xFF, 0xF0, 0x00,
    0x00, 0x7F, 0x03, 0xFF, 0xF0, 0x00, 0x00, 0x7F, 0x0F, 0xFB, 0xF0, 0x00, 0x00, 0x7F, 0xFF, 0xFF,
    0xFF, 0x0F, 0xF0, 0x7F, 0xFF, 0xFF, 0xFF, 0x3F, 0xFC, 0x7F, 0xFF, 0xFF, 0xFF, 0x7F, 0xFE, 0x7F,
    0xFF, 0xFF, 0xFF, 0x7F, 0xFE, 0x7F, 0xFF, 0x8F, 0xFE, 0xFC, 0x3E, 0x7F, 0xF8, 0x03, 0xF0, 0xFC,
    0x18, 0x7F, 0x00, 0x03, 0xF0, 0xFF, 0x80, 0x7F, 0x00, 0x03, 0xF0, 0x7F, 0xF0, 0x7F, 0x00, 0x03,
    0xF0, 0x7F, 0xFC, 0x7F, 0x00, 0x03, 0xF0, 0x1F, 0xFE, 0x7F, 0x00, 0x03, 0xF0, 0x07, 0xFF, 0x7F,
    0x00, 0x03, 0xF0, 0x00, 0x7F, 0x7F, 0x00, 0x03, 0xF0, 0x70, 0x3F, 0x7F, 0x00, 0x03, 0xFF, 0xFC,
    0x7F, 0x7F, 0x00, 0x03, 0xFF, 0xFF, 0xFE, 0x7F, 0x00, 0x01, 0xFF, 0x7F, 0xFE, 0x7F, 0x00, 0x01,
    0xFF, 0x3F, 0xF8, 0x00, 0x00, 0x00, 0x7E, 0x0F, 0xE0, 0x0F, 0xE0, 0x03, 0xF8, 0x00, 0xFC, 0x0F,
    0xF0, 0x03, 0xFC, 0x00, 0xFC, 0x0F, 0xF0, 0x03, 0xFC, 0x01, 0xFC, 0x0F, 0xF0, 0x07, 0xFC, 0x01,
    0xFC, 0x0F, 0xF8, 0x07, 0xFC, 0x01, 0xFC, 0xFF, 0xFF, 0xFF, 0xFF, 0xFF, 0xFF, 0xFF, 0xFF, 0xFF,
    0xFF, 0xFF, 0xFF, 0xFF, 0xFF, 0xFF, 0xFF, 0xFF, 0xFF, 0xFF, 0xFF, 0xFF, 0xFF, 0xFF, 0xFE, 0x03,
    0xFC, 0x0F, 0xFF, 0x03, 0xF0, 0x03, 0xFC, 0x1F, 0xFF, 0x07, 0xF0, 0x7F, 0xFF, 0xFF, 0xFF, 0xFF,
    0xFE, 0xFF, 0xFF, 0xFF, 0xFF, 0xFF, 0xFF, 0xFF, 0xFF, 0xFF, 0xFF, 0xFF, 0xFF, 0xFF, 0xFF, 0xFF,
    0xFF, 0xFF, 0xFF, 0xFF, 0xFF, 0xFF, 0xFF, 0xFF, 0xFE, 0x00, 0xFF, 0x3F, 0x3F, 0xCF, 0xC0, 0x00,
    0xFF, 0x7F, 0x1F, 0xDF, 0xC0, 0x00, 0x7F, 0xFE, 0x1F, 0xDF, 0x80, 0x00, 0x7F, 0xFE, 0x1F, 0xFF,
    0x80, 0x00, 0x7F, 0xFE, 0x1F, 0xFF, 0x80, 0x00, 0x7F, 0xFC, 0x0F, 0xFF, 0x80, 0x00, 0x3F, 0xFC,
    0x0F, 0xFF, 0x00, 0x00, 0x3F, 0xFC, 0x0F, 0xFF, 0x00, 0x00, 0x3F, 0xFC, 0x07, 0xFF, 0x00, 0x00,
    0x1F, 0xF8, 0x07, 0xFE, 0x00, 0x00, 0x1F, 0xF8, 0x07, 0xFE, 0x00, 0x00, 0x1F, 0xF8, 0x07, 0xFE,
    0x00, 0x00, 0x1F, 0xF0, 0x03, 0xFC, 0x00, 0x00, 0x0F, 0xF0, 0x03, 0xFC, 0x00, 0x00, 0x0F, 0xF0,
    0x03, 0xFC, 0x00, 0x00, 0x07, 0xE0, 0x00, 0x7F, 0x00, 0x3F, 0xFE, 0x01, 0xFF, 0xF0, 0x0F, 0xFF,
    0x80, 0x7F, 0xF8, 0x06, 0x3F, 0x81, 0xFD, 0xFC, 0x1F, 0xFF, 0xE1, 0xFF, 0xFF, 0x1F, 0xFF, 0xF8,
    0xFE, 0x1F, 0xCF, 0xE0, 0xFE, 0x7E, 0x07, 0xF3, 0xF0, 0x3F, 0x9F, 0x81, 0xFC, 0xFC, 0x0F, 0xE7,
    0xE0, 0x7F, 0x3F, 0x03, 0xF9, 0xFC, 0x1F, 0xCF, 0xE0, 0xFE, 0x3F, 0x8F, 0xF1, 0xFF, 0xFF, 0x87,
    0xFF, 0xFC, 0x1F, 0xF7, 0xE0, 0x3E, 0x3E, 0x00, 0x00, 0x00, 0x00, 0x00, 0x07, 0xFF, 0xFE, 0x3F,
    0xFF, 0xF1, 0xFF, 0xFF, 0x80, 0x00, 0x01, 0xF0, 0x00, 0x00, 0xFF, 0xE0, 0x00, 0x3F, 0xFF, 0x80,
    0x07, 0xFF, 0xFC, 0x00, 0xFF, 0xFF, 0xE0, 0x1F, 0xFF, 0xFE, 0x03, 0xFF, 0x0F, 0xC0, 0x3F, 0xC0,
    0x70, 0x07, 0xFC, 0x00, 0x00, 0x7F, 0x80, 0x00, 0x0F, 0xF8, 0x00, 0x07, 0xFF, 0xFE, 0x00, 0xFF,
    0xFF, 0xE0, 0x0F, 0xFF, 0xFE, 0x00, 0x7F, 0xFF, 0xE0, 0x00, 0xFF, 0x00, 0x00, 0x0F, 0xF0, 0x00,
    0x00, 0xFF, 0x00, 0x00, 0x7F, 0xFF, 0xE0, 0x0F, 0xFF, 0xFE, 0x00, 0xFF, 0xFF, 0xE0, 0x07, 0xFF,
    0xFE, 0x00, 0x07, 0xF8, 0x00, 0x00, 0x7F, 0x80, 0x00, 0x07, 0xFC, 0x01, 0x00, 0x3F, 0xE0, 0x38,
    0x03, 0xFF, 0x8F, 0xC0, 0x1F, 0xFF, 0xFE, 0x00, 0xFF, 0xFF, 0xE0, 0x07, 0xFF, 0xFC, 0x00, 0x3F,
    0xFF, 0x80, 0x00, 0xFF, 0xE0, 0x00, 0x01, 0xF0, 0x00, 0x0F, 0xF0, 0x03, 0xFC, 0x0F, 0xF0, 0x07,
    0xFC, 0x0F, 0xF0, 0x07, 0xF8, 0x0F, 0xF0, 0x0F, 0xF0, 0x0F, 0xF0, 0x1F, 0xE0, 0x0F, 0xF0, 0x3F,
    0xC0, 0x0F, 0xF0, 0x7F, 0x80, 0x0F, 0xF0, 0x7F, 0x00, 0x0F, 0xF0, 0xFF, 0x00, 0x0F, 0xF1, 0xFE,
    0x00, 0x0F, 0xF3, 0xFC, 0x00, 0x0F, 0xF7, 0xFC, 0x00, 0xFF, 0xF7, 0xFF, 0xFC, 0xFF, 0xFF, 0xFF,
    0xFC, 0xFF, 0xFF, 0xFF, 0xFC, 0xFF, 0xFF, 0xFF, 0xF8, 0x0F, 0xFF, 0xFF, 0x80, 0x0F, 0xFF, 0xFF,
    0x80, 0x0F, 0xFE, 0x7F, 0xC0, 0x0F, 0xFE, 0x7F, 0xC0, 0x0F, 0xFC, 0x3F, 0xE0, 0x0F, 0xF8, 0x3F,
    0xE0, 0x0F, 0xF0, 0x1F, 0xF0, 0x0F, 0xF0, 0x1F, 0xF0, 0x0F, 0xF0, 0x0F, 0xF8, 0x0F, 0xF0, 0x0F,
    0xF8, 0x0F, 0xF0, 0x07, 0xFC, 0x0F, 0xF0, 0x07, 0xFC, 0x0F, 0xF0, 0x03, 0xFE, 0x0F, 0xF0, 0x01,
    0xFE, 0x0F, 0xF0, 0x01, 0xFF, 0xFF, 0xFF, 0xFF, 0xFF, 0xFF, 0xFF, 0xFF, 0xFF, 0xFF, 0xFF, 0xFF,
    0xFF, 0xFF, 0xFF, 0xFF, 0xFF, 0xFF, 0xFF, 0xFF, 0xF0, 0x07, 0xF8, 0x00, 0x01, 0xFE, 0x00, 0x00,
    0x7F, 0x80, 0x00, 0x1F, 0xEF, 0x00, 0x07, 0xFF, 0xC0, 0x01, 0xFF, 0xF8, 0x00, 0x7F, 0xFC, 0x00,
    0x7F, 0xFC, 0x00, 0xFF, 0xF8, 0x00, 0x3F, 0xFE, 0x10, 0x0F, 0xFF, 0xBE, 0x03, 0xFF, 0xFF, 0x80,
    0x47, 0xFF, 0xE0, 0x01, 0xFF, 0xF0, 0x01, 0xFF, 0xE0, 0x01, 0xFF, 0xE0, 0x00, 0xFF, 0xF8, 0x00,
    0x3F, 0xFE, 0x00, 0x07, 0x7F, 0x80, 0x00, 0x1F, 0xE0, 0x00, 0x07, 0xF8, 0x00, 0x01, 0xFE, 0x00,
    0x00, 0x7F, 0x80, 0x00, 0x1F, 0xE0, 0x00, 0x07, 0xF8, 0x00, 0x0F, 0xFF, 0xF8, 0x00, 0x3F, 0xFF,
    0xFC, 0x00, 0x7F, 0xFF, 0xFC, 0x00, 0xFF, 0xFF, 0xFC, 0x01, 0xFF, 0xFF, 0xFC, 0x1F, 0xFF, 0xFF,
    0xFF, 0xFF, 0xFF, 0xFF, 0xFF, 0xFF, 0xFF, 0xFF, 0xFF, 0xFF, 0xFF, 0xFF, 0xFE, 0x3F, 0xE0, 0x1F,
    0xC3, 0xFF, 0xFF, 0xFF, 0xFF, 0xFF, 0xFF, 0xFF, 0xFF, 0xFF, 0xFF, 0xFF, 0xFF, 0xFF, 0xFF, 0xFF,
    0xC7, 0xFF, 0xFF, 0xF0, 0x0F, 0xFF, 0xFF, 0xC0, 0x1F, 0xFF, 0xFF, 0x80, 0x3F, 0xFF, 0xFC, 0x00,
    0x7F, 0xFF, 0xF0, 0x00, 0xFF, 0xFE, 0x00, 0x01, 0xFE, 0x00, 0x00, 0x03, 0xFC, 0x00, 0x00, 0x07,
    0xF8, 0x00, 0x00, 0x0F, 0xF0, 0x00, 0x00, 0x1F, 0xE0, 0x00, 0x00, 0x3F, 0xC0, 0x00, 0x00, 0x7F,
    0x80, 0x00, 0x00, 0xFF, 0x00, 0x00, 0x01, 0xFE, 0x00, 0x00, 0x03, 0xFC, 0x00, 0x00, 0x03, 0xF8,
    0x00, 0x00, 0x00, 0x00, 0x07, 0x80, 0x00, 0x00, 0x7C, 0x00, 0x00, 0x03, 0xF0, 0x00, 0x00, 0xFF,
    0xF0, 0x00, 0x1F, 0xFF, 0xE0, 0x01, 0xFF, 0xFF, 0x80, 0x1F, 0xFF, 0xFE, 0x01, 0xFF, 0xFF, 0xF8,
    0x1F, 0xFF, 0xFF, 0xE0, 0xFF, 0x7C, 0xFF, 0x0F, 0xF3, 0xE3, 0xFC, 0x7F, 0x9F, 0x1F, 0xE7, 0xFC,
    0xF8, 0x7F, 0x3F, 0xC7, 0xC3, 0x81, 0xFE, 0x3E, 0x00, 0x0F, 0xF1, 0xF0, 0x00, 0x7F, 0x8F, 0x80,
    0x07, 0xFC, 0x7C, 0x00, 0x3F, 0xE3, 0xFF, 0xFD, 0xFF, 0x1F, 0xFF, 0xF7, 0xF8, 0xFF, 0xFF, 0xBF,
    0xC7, 0xFF, 0xFD, 0xFE, 0x3F, 0xFF, 0xEF, 0xF1, 0xF0, 0xFF, 0x7F, 0xCF, 0x87, 0xF9, 0xFE, 0x7C,
    0x3F, 0xCF, 0xF3, 0xE3, 0xFE, 0x7F, 0xDF, 0x3F, 0xF1, 0xFF, 0xFB, 0xFF, 0x87, 0xFF, 0xFF, 0xFC,
    0x3F, 0xFF, 0xFF, 0xE0, 0x7F, 0xFF, 0xDF, 0x01, 0xFF, 0xFC, 0xF8, 0x03, 0xFF, 0x83, 0x80, 0x03,
    0xF0, 0x00, 0x00, 0x1F, 0x00, 0x00, 0x00, 0xF8, 0x00, 0x00, 0x03, 0xC0, 0x00, 0x00, 0x3F, 0x00,
    0x00, 0x7F, 0xFC, 0x00, 0x7F, 0xFF, 0x80, 0x3F, 0xFF, 0xF0, 0x1F, 0xFF, 0xFE, 0x0F, 0xFF, 0xFF,
    0xC1, 0xFC, 0x07, 0xF0, 0x1C, 0x00, 0xFE, 0x02, 0x00, 0x3F, 0x80, 0x00, 0x0F, 0xE0, 0x00, 0x03,
    0xF3, 0xFF, 0xFF, 0xFF, 0xFF, 0xFF, 0xFF, 0xFF, 0xFF, 0xFF, 0xFF, 0xFF, 0xFF, 0xFC, 0x00, 0xFF,
    0x80, 0x00, 0xFF, 0x80, 0x00, 0xFF, 0x80, 0x0F, 0xFF, 0xFF, 0xFF, 0xFF, 0xFF, 0xFF, 0xFF, 0xFF,
    0xFF, 0xFF, 0xFF, 0xFF, 0xF3, 0xFC, 0x00, 0x00, 0xFE, 0x00, 0x00, 0x3F, 0x80, 0x0C, 0x0F, 0xF0,
    0x07, 0x83, 0xFE, 0x03, 0xF8, 0x7F, 0xFF, 0xFE, 0x1F, 0xFF, 0xFF, 0x03, 0xFF, 0xFF, 0x80, 0x7F,
    0xFF, 0xC0, 0x07, 0xFF, 0xC0, 0x00, 0x1F, 0x80, 0x00, 0x00, 0x0F, 0x80, 0x00, 0x00, 0xF8, 0x00,
    0x00, 0x0F, 0x80, 0x00, 0x07, 0xFF, 0x80, 0x01, 0xFF, 0xFE, 0x00, 0x3F, 0xFF, 0xF0, 0x0F, 0xFF,
    0xFF, 0x80, 0xFF, 0xFF, 0xFC, 0x1F, 0xFF, 0xFF, 0xE3, 0xFE, 0xF9, 0xFE, 0x3F, 0xEF, 0x9F, 0xE3,
    0xFC, 0xF8, 0xFF, 0x7F, 0xCF, 0x8F, 0xF7, 0xF8, 0xF8, 0x70, 0x7F, 0x8F, 0x80, 0x07, 0xF8, 0xF8,
    0x00, 0x7F, 0x8F, 0x80, 0x0F, 0xF8, 0xF8, 0x00, 0xFF, 0x8F, 0x80, 0x0F, 0xF8, 0xF8, 0x00, 0x7F,
    0x8F, 0x80, 0x07, 0xF8, 0xF8, 0x00, 0x7F, 0x8F, 0x80, 0x07, 0xF8, 0xF8, 0x38, 0x7F, 0xCF, 0x83,
    0xF3, 0xFC, 0xF8, 0x7F, 0x3F, 0xEF, 0x8F, 0xF1, 0xFF, 0xF9, 0xFE, 0x1F, 0xFF, 0xFF, 0xE0, 0xFF,
    0xFF, 0xFC, 0x07, 0xFF, 0xFF, 0x80, 0x3F, 0xFF, 0xF0, 0x01, 0xFF, 0xFE, 0x00, 0x07, 0xFF, 0x80,
    0x00, 0x0F, 0xC0, 0x00, 0x00, 0xF8, 0x00, 0x00, 0x0F, 0x80, 0x00, 0x00, 0x78, 0x00, 0xFF, 0xFF,
    0xFF, 0xFF, 0xFF, 0xFF, 0xFF, 0xFF, 0xFF, 0xFF, 0xFF, 0xFF, 0xFF, 0xFF, 0xFF, 0xFF, 0xFF, 0xFF,
    0xFF, 0xF0, 0x00, 0x00, 0x03, 0xFF, 0xFF, 0xFF, 0xFF, 0xFF, 0xFF, 0xFF, 0xFF, 0xFF, 0xFF, 0xFF,
    0xFF, 0xFF, 0xFF, 0xFF, 0xFF, 0xFF, 0xFF, 0xFF, 0xC0, 0x1F, 0xE0, 0x00, 0x07, 0xF8, 0x00, 0x01,
    0xFE, 0x00, 0x00, 0x7F, 0x80, 0x00, 0x1F, 0xE0, 0x00, 0x07, 0xF8, 0x00, 0x01, 0xFE, 0x00, 0x00,
    0x7F, 0x80, 0x00, 0x1F, 0xE0, 0x00, 0x07, 0xF8, 0x00, 0x01, 0xFE, 0x00, 0x00, 0x7F, 0x80, 0x00,
    0x1F, 0xE0, 0x00, 0x07, 0xF8, 0x00, 0x01, 0xFE, 0x00, 0x00, 0x7F, 0x80, 0x00, 0x1F, 0xE0, 0x00,
    0x07, 0xF8, 0x00, 0xFF, 0xFF, 0xFF, 0xFF, 0xFF, 0xFF, 0xFF, 0xFF, 0xFF, 0xFF, 0xBF, 0xFF, 0xFF,
    0xE0, 0x00, 0x7F, 0xC0, 0x00, 0x07, 0xFC, 0x1F, 0xFF, 0xFF, 0xF7, 0xFF, 0xFF, 0xFF, 0xFF, 0xFF,
    0xFF, 0xFF, 0xFF, 0xFF, 0xF8, 0x00, 0x0F, 0xF8, 0x00, 0x01, 0xFF, 0x00, 0x01, 0xFF, 0xC1, 0xFF,
    0xFF, 0xF0, 0x3F, 0xFF, 0xFE, 0x07, 0xFF, 0xFF, 0x00, 0xFF, 0xFF, 0xC0, 0x1F, 0xFF, 0xF0, 0x00,
    0x00, 0xFF, 0x00, 0x00, 0x1F, 0xE0, 0x00, 0x01, 0xFE, 0x00, 0x00, 0x3F, 0xC0, 0x00, 0x07, 0xFC,
    0x00, 0x00, 0x7F, 0x80, 0x00, 0x0F, 0xF0, 0x00, 0x01, 0xFF, 0x00, 0x00, 0x1F, 0xE0, 0x00, 0x03,
    0xFE, 0x00, 0x00, 0x7F, 0xC0, 0x00, 0x07, 0xF8, 0x00, 0x00, 0xFF, 0x80, 0x07, 0xF8, 0x00, 0x00,
    0x7F, 0x80, 0x00, 0x07, 0xF8, 0x00, 0x00, 0x7F, 0x80, 0x00, 0x07, 0xF8, 0x00, 0x00, 0x7F, 0x80,
    0x00, 0x07, 0xF8, 0x40, 0x00, 0x7F, 0xBE, 0x00, 0x07, 0xFF, 0xE0, 0x00, 0x7F, 0xFE, 0x00, 0x07,
    0xFF, 0xC0, 0x01, 0xFF, 0xF0, 0x00, 0x7F, 0xF8, 0x00, 0x0F, 0xFF, 0x86, 0x00, 0x7F, 0xFB, 0xE0,
    0x07, 0xFF, 0xFF, 0x00, 0x07, 0xFF, 0xF0, 0x00, 0x7F, 0xFC, 0x00, 0x1F, 0xFE, 0x00, 0x07, 0xFF,
    0x80, 0x7C, 0x7F, 0xF8, 0x07, 0xE7, 0xFF, 0x80, 0xFE, 0x37, 0xF8, 0x1F, 0xE0, 0x7F, 0x81, 0xFC,
    0x07, 0xF8, 0x7F, 0xC0, 0x7F, 0xFF, 0xF8, 0x07, 0xFF, 0xFF, 0x00, 0x7F, 0xFF, 0xE0, 0x07, 0xFF,
    0xFC, 0x00, 0x7F, 0xFF, 0x00, 0x07, 0xFF, 0xC0, 0x00, 0x00, 0x3E, 0x00, 0x00, 0x07, 0xC0, 0x00,
    0x00, 0xF8, 0x00, 0x00, 0x1F, 0x00, 0x00, 0x03, 0xF0, 0x00, 0x03, 0xFF, 0xC0, 0x01, 0xFF, 0xFE,
    0x00, 0x7F, 0xFF, 0xE0, 0x1F, 0xFF, 0xFE, 0x03, 0xFF, 0xFF, 0xE0, 0xFF, 0xFF, 0xFC, 0x1F, 0xDF,
    0x3F, 0xC7, 0xF3, 0xE3, 0xF8, 0xFE, 0x7C, 0x7F, 0x9F, 0x8F, 0x8F, 0xF3, 0xF1, 0xF1, 0xFE, 0xFE,
    0x3E, 0x3F, 0xDF, 0xC7, 0xC7, 0xFB, 0xF8, 0xF8, 0xFF, 0x7F, 0x1F, 0x1F, 0xEF, 0xE3, 0xE3, 0xFF,
    0xFC, 0x7C, 0x7F, 0xFF, 0x8F, 0x8F, 0xFF, 0xF1, 0xF1, 0xFF, 0xFE, 0x3E, 0x3F, 0xFF, 0xC7, 0xC7,
    0xFF, 0xF8, 0xF8, 0xFF, 0xFF, 0x1F, 0x1F, 0xFF, 0xE3, 0xE3, 0xFF, 0xFC, 0x7C, 0x7F, 0xFF, 0x80,
    0x0F, 0xFF, 0xF0, 0x01, 0xFF, 0xFE, 0x00, 0x3F, 0xFF, 0xC0, 0x03, 0xFD, 0xF8, 0x00, 0x7F, 0x00,
    0x0F, 0xFF, 0xFE, 0x00, 0x3F, 0xFF, 0xFE, 0x00, 0xFF, 0xFF, 0xFC, 0x03, 0xFF, 0xFF, 0xF8, 0x0F,
    0xFF, 0xFF, 0xF0, 0x3F, 0xFF, 0xFF, 0xE0, 0xFF, 0x00, 0xFF, 0x83, 0xFC, 0x01, 0xFE, 0x0F, 0xF0,
    0x07, 0xFC, 0x3F, 0xC0, 0x1F, 0xF0, 0xFF, 0x00, 0x7F, 0xC3, 0xFC, 0x01, 0xFE, 0x0F, 0xF0, 0x07,
    0xF8, 0x3F, 0xC0, 0x3F, 0xEF, 0xFF, 0xFF, 0xFF, 0x3F, 0xFF, 0xFF, 0xFC, 0xFF, 0xFF, 0xFF, 0xE3,
    0xFF, 0xFF, 0xFF, 0x0F, 0xFF, 0xFF, 0xF0, 0x3F, 0xFF, 0xF8, 0x00, 0x0F, 0xF0, 0x00, 0x00, 0x3F,
    0xC0, 0x00, 0x0F, 0xFF, 0xFC, 0x00, 0x3F, 0xFF, 0xF8, 0x00, 0xFF, 0xFF, 0xE0, 0x03, 0xFF, 0xFF,
    0x00, 0x00, 0xFF, 0x00, 0x00, 0x03, 0xFC, 0x00, 0x00, 0x0F, 0xF0, 0x00, 0x00, 0x3F, 0xC0, 0x00,
    0x00, 0xFF, 0x00, 0x00, 0x00, 0x01, 0xF0, 0x00, 0x1F, 0xFE, 0x00, 0xFF, 0xFE, 0x03, 0xFF, 0xFF,
    0x07, 0xFF, 0xFE, 0x07, 0xFF, 0xFE, 0x0E, 0x03, 0xFE, 0x00, 0x01, 0xFC, 0x00, 0x01, 0xFC, 0x00,
    0x03, 0xF8, 0x00, 0x03, 0xF0, 0x00, 0x07, 0xF0, 0x1F, 0xCF, 0xE1, 0xFF, 0xFF, 0xC7, 0xFF, 0xFF,
    0x9F, 0xFF, 0xFF, 0x3F, 0xFF, 0xFE, 0xFF, 0x07, 0xFD, 0xFC, 0x07, 0xFF, 0xF0, 0x07, 0xFF, 0xE0,
    0x0F, 0xFF, 0xC0, 0x1F, 0xFF, 0x80, 0x3F, 0x7F, 0x00, 0xFE, 0xFE, 0x01, 0xFD, 0xFC, 0x07, 0xF9,
    0xFC, 0x1F, 0xE3, 0xFF, 0xFF, 0xC3, 0xFF, 0xFF, 0x03, 0xFF, 0xFC, 0x03, 0xFF, 0xF0, 0x03, 0xFF,
    0x80, 0x00, 0xFC, 0x00, 0x00, 0x38, 0x00, 0x03, 0xFE, 0x78, 0x1F, 0xFF, 0xF0, 0x7F, 0xFF, 0xE1,
    0xF8, 0x3F, 0x83, 0xC0, 0x7E, 0x0F, 0x01, 0xFE, 0x1E, 0x07, 0xFC, 0x38, 0x1F, 0x78, 0xF0, 0x7C,
    0x71, 0xE1, 0xF0, 0xE3, 0xC7, 0xC1, 0xC3, 0x9F, 0x07, 0x87, 0xFC, 0x0F, 0x0F, 0xF0, 0x3E, 0x0F,
    0xC0, 0xF8, 0x3F, 0x83, 0xE0, 0xFF, 0xFF, 0xC3, 0xFF, 0xFE, 0x03, 0xCF, 0xF8, 0x02, 0x03, 0x00,
    0x00, 0x00, 0x3F, 0xC0, 0x00, 0x03, 0xFE, 0x00, 0x00, 0x7F, 0xE0, 0x00, 0x07, 0xFE, 0x00, 0x00,
    0x7F, 0xF0, 0x00, 0x0F, 0xFF, 0x00, 0x00, 0xFF, 0xF8, 0x00, 0x0F, 0xFF, 0x80, 0x01, 0xFF, 0xF8,
    0x00, 0x1F, 0xDF, 0xC0, 0x03, 0xF9, 0xFC, 0x00, 0x3F, 0x9F, 0xC0, 0x03, 0xF8, 0xFE, 0x00, 0x7F,
    0x0F, 0xE0, 0x07, 0xF0, 0xFE, 0x00, 0x7F, 0x07, 0xF0, 0x0F, 0xE0, 0x7F, 0x00, 0xFE, 0x07, 0xF8,
    0x0F, 0xE0, 0x3F, 0x81, 0xFC, 0x03, 0xF8, 0x1F, 0xC0, 0x3F, 0xC3, 0xFC, 0x01, 0xFC, 0x3F, 0x80,
    0x1F, 0xC3, 0xF8, 0x01, 0xFE, 0x7F, 0x80, 0x0F, 0xE7, 0xFF, 0xFF, 0xFE, 0x7F, 0xFF, 0xFF, 0xF7,
    0xFF, 0xFF, 0xFF, 0x7F, 0xFF, 0xFF, 0xF7, 0xFF, 0xFF, 0xFF, 0x7F, 0xFF, 0xFF, 0xF0, 0xFF, 0xFF,
    0xFF, 0xFF, 0xFF, 0xFF, 0xFF, 0xFF, 0xFF, 0xFF, 0xFF, 0xFF, 0xFF, 0xFF, 0xFF, 0xFF, 0xFF, 0xFF,
    0xBF, 0xFF, 0xFF, 0xF8, 0x3F, 0x80, 0xFE, 0x01, 0xFC, 0x07, 0xF0, 0x0F, 0xE0, 0x3F, 0x80, 0x7F,
    0x01, 0xFC, 0x03, 0xF8, 0x0F, 0xE0, 0x1F, 0xC0, 0x7F, 0x00, 0xFE, 0x03, 0xF8, 0x07, 0xF0, 0x1F,
    0xC0, 0x3F, 0x80, 0xFE, 0x01, 0xFC, 0x07, 0xF0, 0x0F, 0xE0, 0x3F, 0x80, 0x7F, 0x01, 0xFC, 0x03,
    0xF8, 0x0F, 0xE0, 0x1F, 0xC0, 0x7F, 0x00, 0xFE, 0x03, 0xF8, 0x07, 0xF0, 0x1F, 0xC0, 0x3F, 0x80,
    0xFE, 0x01, 0xFC, 0x07, 0xF0, 0x0F, 0xE0, 0x3F, 0x80, 0x7F, 0x01, 0xFC, 0x03, 0xF8, 0x0F, 0xE0,
    0x1F, 0xC0, 0x7F, 0x00, 0xFE, 0x03, 0xF8, 0x07, 0xF0, 0x1F, 0xC0, 0x3F, 0x80, 0xFE, 0x00, 0x7F,
    0xFF, 0xFC, 0xFF, 0xFF, 0xF9, 0xFF, 0xFF, 0xF3, 0xFF, 0xFF, 0xE7, 0xFF, 0xFF, 0xC7, 0xFF, 0xFF,
    0x87, 0xFC, 0x00, 0x0F, 0xF8, 0x00, 0x0F, 0xF8, 0x00, 0x0F, 0xF8, 0x00, 0x0F, 0xF8, 0x00, 0x1F,
    0xF8, 0x00, 0x1F, 0xF0, 0x00, 0x1F, 0xF0, 0x00, 0x3F, 0xF0, 0x00, 0x3F, 0xE0, 0x00, 0x7F, 0x80,
    0x01, 0xFE, 0x00, 0x07, 0xF8, 0x00, 0x1F, 0xF0, 0x00, 0x3F, 0xC0, 0x00, 0xFF, 0x00, 0x03, 0xFC,
    0x00, 0x0F, 0xF0, 0x00, 0x1F, 0xE0, 0x00, 0x7F, 0xFF, 0xFD, 0xFF, 0xFF, 0xFB, 0xFF, 0xFF, 0xF7,
    0xFF, 0xFF, 0xEF, 0xFF, 0xFF, 0xDF, 0xFF, 0xFF, 0x80, 0xFF, 0xFF, 0xFF, 0xFF, 0xFF, 0xFF, 0xFF,
    0xFF, 0xFF, 0xFF, 0xFF, 0xFF, 0xFF, 0x80, 0x00, 0x3E, 0x00, 0x3E, 0x00, 0x3E, 0x00, 0x7C, 0x00,
    0x7C, 0x00, 0x7C, 0x00, 0xF8, 0x00, 0xF8, 0x00, 0xF8, 0x01, 0xF0, 0x01, 0xF0, 0x01, 0xF0, 0x03,
    0xE0, 0x03, 0xE0, 0x03, 0xE0, 0x07, 0xC0, 0x07, 0xC0, 0x07, 0xC0, 0x0F, 0x80, 0x0F, 0x80, 0x1F,
    0x80, 0x1F, 0x00, 0x1F, 0x00, 0x3F, 0x00, 0x3E, 0x00, 0x3E, 0x00, 0x7E, 0x00, 0x7C, 0x00, 0x7C,
    0x00, 0xFC, 0x00, 0xF8, 0x00, 0xF8, 0x00, 0x00, 0x01, 0xF8, 0x3F, 0xC7, 0xFE, 0xFF, 0xEF, 0xFF,
    0xFF, 0xFF, 0xFF, 0x7F, 0xE7, 0xFE, 0x3F, 0xC0, 0xF0, 0x00, 0x00, 0x00, 0xF8, 0x00, 0x00, 0x07,
    0xE0, 0x00, 0x00, 0x1F, 0x80, 0x00, 0x00, 0x7E, 0x00, 0x00, 0x03, 0xF0, 0x00, 0x00, 0x0F, 0xC0,
    0x00, 0x00, 0x3F, 0x00, 0x00, 0x00, 0xFC, 0x00, 0x00, 0x07, 0xE0, 0x00, 0x00, 0x1F, 0x80, 0x00,
    0x00, 0x7E, 0x00, 0x00, 0x01, 0xF8, 0x00, 0x00, 0x0F, 0xC0, 0x00, 0x00, 0x3F, 0x00, 0x00, 0x00,
    0xFC, 0x00, 0x00, 0x03, 0xF0, 0x00, 0x00, 0x1F, 0x80, 0x00, 0x00, 0x7E, 0x00, 0x00, 0x01, 0xF8,
    0x00, 0x00, 0x07, 0xE0, 0x03, 0x80, 0x3F, 0x00, 0x7E, 0x00, 0xFC, 0x07, 0xFC, 0x03, 0xF0, 0x3F,
    0xF0, 0x0F, 0x80, 0x7F, 0xE0, 0x7E, 0x01, 0xFF, 0x81, 0xF8, 0x06, 0x7E, 0x07, 0xE0, 0x01, 0xFC,
    0x1F, 0x00, 0x03, 0xF0, 0xFC, 0x00, 0x0F, 0xC3, 0xF0, 0x00, 0x1F, 0x8F, 0xC0, 0x00, 0x7E, 0x3E,
    0x00, 0x01, 0xF9, 0xF8, 0x00, 0x03, 0xF7, 0xE0, 0x00, 0x0F, 0xDF, 0x80, 0x00, 0x3F, 0xFC, 0x00,
    0x00, 0x7F, 0xF0, 0x00, 0x01, 0xFF, 0xC0, 0x00, 0x03, 0xFF, 0x00, 0x00, 0x0F, 0xF8, 0x00, 0x00,
    0x3F, 0xE0, 0x00, 0x00, 0x7F, 0x80, 0x00, 0x01, 0xFC, 0x00, 0x00, 0x00, 0x00, 0x00, 0x00, 0x1F,
    0xE0, 0x3F, 0xC0, 0x7F, 0xF0, 0xFF, 0xC1, 0xFF, 0xF3, 0xFF, 0xC7, 0xFF, 0xFF, 0xFF, 0xCF, 0xC7,
    0xFF, 0x1F, 0xBF, 0x07, 0xFC, 0x1F, 0xFC, 0x07, 0xF0, 0x1F, 0xF8, 0x0F, 0xE0, 0x3F, 0xF0, 0x1F,
    0xC0, 0x7F, 0xF0, 0x7F, 0xC1, 0xFB, 0xF1, 0xFF, 0xE7, 0xE7, 0xFF, 0xEF, 0xFF, 0xC7, 0xFF, 0x8F,
    0xFF, 0x07, 0xFE, 0x0F, 0xFC, 0x07, 0xF8, 0x0F, 0xF0, 0x01, 0x80, 0x03, 0x00, 0x00, 0x1F, 0xC0,
    0x07, 0xFE, 0x00, 0xFF, 0xE0, 0x1F, 0xFE, 0x01, 0xFF, 0xE0, 0x3F, 0xFC, 0x03, 0xFC, 0xC0, 0x3F,
    0x80, 0x03, 0xF0, 0x00, 0x3F, 0x00, 0x03, 0xF0, 0x00, 0x3F, 0x00, 0x03, 0xF0, 0x00, 0x3F, 0x00,
    0x03, 0xF0, 0x00, 0x3F, 0x00, 0x03, 0xF8, 0x00, 0x3F, 0x80, 0x03, 0xF8, 0x00, 0x3F, 0x80, 0x03,
    0xF8, 0x00, 0x3F, 0x80, 0x03, 0xF8, 0x00, 0x3F, 0x80, 0x01, 0xF8, 0x00, 0x1F, 0x80, 0x01, 0xF8,
    0x00, 0x1F, 0x80, 0x01, 0xF8, 0x00, 0x1F, 0x80, 0x01, 0xF8, 0x00, 0x1F, 0x80, 0x01, 0xF8, 0x00,
    0x1F, 0x80, 0x01, 0xF8, 0x00, 0x1F, 0x80, 0x03, 0xF8, 0x07, 0xFF, 0x80, 0x7F, 0xF8, 0x07, 0xFF,
    0x00, 0xFF, 0xF0, 0x0F, 0xFE, 0x00, 0xFF, 0xC0, 0x01, 0xE0, 0x00, 0x07, 0x00, 0x10, 0x7F, 0x80,
    0xE3, 0xFF, 0x87, 0x9F, 0xFF, 0xFE, 0xFF, 0xFF, 0xFB, 0xE1, 0xFF, 0xC7, 0x01, 0xFE, 0x18, 0x01,
    0xE0, 0x00, 0x00, 0x00, 0x1C, 0x00, 0x41, 0xFE, 0x03, 0x8F, 0xFE, 0x1E, 0x7F, 0xFF, 0xFB, 0xFF,
    0xFF, 0xEF, 0x87, 0xFF, 0x1C, 0x07, 0xF8, 0x60, 0x07, 0x80, 0x00, 0x03, 0x80, 0x00, 0x3C, 0x00,
    0x01, 0xE0, 0x00, 0x0E, 0x00, 0x00, 0xF0, 0x00, 0x07, 0x83, 0xFF, 0xFF, 0xFF, 0xFF, 0xFF, 0xFF,
    0xFF, 0xFF, 0xFF, 0xFF, 0xFF, 0xFF, 0xFC, 0x00, 0xF0, 0x00, 0x07, 0x00, 0x00, 0x78, 0x00, 0x03,
    0xC0, 0x0F, 0xFF, 0xFC, 0xFF, 0xFF, 0xFF, 0xFF, 0xFF, 0xFF, 0xFF, 0xFF, 0xFF, 0xFF, 0xFF, 0xFF,
    0xFF, 0x03, 0xC0, 0x00, 0x3C, 0x00, 0x01, 0xE0, 0x00, 0x1E, 0x00, 0x00, 0xF0, 0x00, 0x07, 0x00,
    0x00, 0x00, 0x00, 0x38, 0x00, 0x07, 0xE0, 0x00, 0x7F, 0x80, 0x0F, 0xFE, 0x00, 0xFF, 0xF8, 0x1F,
    0xFF, 0xC3, 0xFF, 0xFC, 0x1F, 0xFF, 0xC0, 0x7F, 0xF8, 0x03, 0xFF, 0x80, 0x0F, 0xFC, 0x00, 0x3F,
    0xFC, 0x00, 0x7F, 0xFE, 0x00, 0xFF, 0xFF, 0x00, 0xFF, 0xFF, 0x00, 0x7F, 0xFE, 0x00, 0x7F, 0xF8,
    0x00, 0x3F, 0xE0, 0x00, 0x1F, 0x80, 0x00, 0x1E, 0x00, 0x00, 0x00, 0x00, 0x00, 0x00, 0x00, 0x00,
    0x3F, 0xFF, 0xFE, 0xFF, 0xFF, 0xFB, 0xFF, 0xFF, 0xEF, 0xFF, 0xFF, 0x9F, 0xFF, 0xFE, 0xE0, 0x00,
    0x07, 0xE0, 0x00, 0x3F, 0xE0, 0x01, 0xFF, 0xC0, 0x0F, 0xFF, 0xC0, 0x3F, 0xFF, 0x80, 0x7F, 0xFF,
    0x80, 0xFF, 0xFE, 0x00, 0xFF, 0xF8, 0x00, 0xFF, 0xC0, 0x07, 0xFE, 0x00, 0xFF, 0xF0, 0x3F, 0xFF,
    0x87, 0xFF, 0xF9, 0xFF, 0xFE, 0x1F, 0xFF, 0x80, 0xFF, 0xF0, 0x07, 0xFC, 0x00, 0x3F, 0x80, 0x01,
    0xE0, 0x00, 0x00, 0x00, 0x00, 0x00, 0x00, 0x00, 0x00, 0x00, 0x1F, 0xFF, 0xFF, 0xFF, 0xFF, 0xFF,
    0xFF, 0xFF, 0xFF, 0xFF, 0xFF, 0xFF, 0xFF, 0xF0, 0x01, 0xFF, 0x1F, 0xC0, 0xFF, 0xC7, 0xF0, 0x7F,
    0xF1, 0xFC, 0x1F, 0xFC, 0x7F, 0x07, 0xFF, 0x1F, 0xC1, 0xFC, 0x07, 0xF0, 0x7F, 0x01, 0xF8, 0x1F,
    0xC0, 0x00, 0x0F, 0xF0, 0x00, 0x1F, 0xFF, 0xC7, 0xFF, 0xFF, 0xF1, 0xFF, 0xFF, 0xFC, 0x7F, 0xFF,
    0xFF, 0x1F, 0xDF, 0xFF, 0xC7, 0xF0, 0x7F, 0x01, 0xFC, 0x1F, 0xC0, 0x7F, 0x07, 0xF0, 0x1F, 0xC1,
    0xFC, 0x07, 0xF0, 0x7F, 0x01, 0xFC, 0x1F, 0xC0, 0x7F, 0x07, 0xF0, 0x1F, 0xC1, 0xFC, 0x07, 0xF0,
    0x7F, 0x01, 0xFC, 0x1F, 0xC0, 0x7F, 0x07, 0xF0, 0x1F, 0xC1, 0xFC, 0x07, 0xF0, 0x7F, 0x01, 0xFC,
    0x1F, 0xC0, 0x7F, 0x07, 0xF0, 0x1F, 0xC1, 0xFC, 0x07, 0xF0, 0x7F, 0x01, 0xFC, 0x01, 0xFF, 0x1F,
    0xC0, 0xFF, 0xC7, 0xF0, 0x7F, 0xF1, 0xFC, 0x1F, 0xFC, 0x7F, 0x07, 0xFF, 0x1F, 0xC1, 0xFC, 0x07,
    0xF0, 0x7F, 0x01, 0xFC, 0x1F, 0xC0, 0x7F, 0x0F, 0xF0, 0x1F, 0xDF, 0xFF, 0xC7, 0xFF, 0xFF, 0xF1,
    0xFF, 0xFF, 0xFC, 0x7F, 0xFF, 0xFF, 0x1F, 0xDF, 0xFF, 0xC7, 0xF0, 0x7F, 0x01, 0xFC, 0x1F, 0xC0,
    0x7F, 0x07, 0xF0, 0x1F, 0xC1, 0xFC, 0x07, 0xF0, 0x7F, 0x01, 0xFC, 0x1F, 0xC0, 0x7F, 0x07, 0xF0,
    0x1F, 0xC1, 0xFC, 0x07, 0xF0, 0x7F, 0x01, 0xFC, 0x1F, 0xC0, 0x7F, 0x07, 0xF0, 0x1F, 0xC1, 0xFC,
    0x07, 0xF0, 0x7F, 0x01, 0xFC, 0x1F, 0xC0, 0x7F, 0x07, 0xF0, 0x1F, 0xC1, 0xFC, 0x07, 0xF0, 0x7F,
    0x01, 0xFC,
};

static const EpdGlyph librefranklin_10_bold_2xGlyphs[] = {
    { 0, 0, 137, 0, 0, 0, 0 }, // U+0020
    { 9, 31, 176, 1, 31, 35, 0 }, // !
    { 16, 13, 313, 2, 31, 26, 35 }, // "
    { 25, 32, 402, 0, 31, 100, 61 }, // #
    { 26, 38, 437, 0, 34, 124, 161 }, // $
    { 37, 33, 629, 1, 32, 153, 285 }, // %
    { 33, 33, 559, 1, 32, 137, 438 }, // &
    { 7, 13, 165, 2, 31, 12, 575 }, // '
    { 11, 38, 209, 2, 31, 53, 587 }, // (
    { 12, 38, 209, 0, 31, 57, 640 }, // )
    { 19, 18, 310, 0, 31, 43, 697 }, // *
    { 21, 21, 389, 2, 26, 56, 740 }, // +
    { 8, 14, 169, 1, 7, 14, 796 }, // ,
    { 12, 6, 253, 2, 14, 9, 810 }, // -
    { 8, 7, 167, 1, 7, 7, 819 }, // .
    { 16, 32, 243, 0, 31, 64, 826 }, // /
    { 27, 33, 472, 1, 32, 112, 890 }, // 0
    { 19, 31, 339, 1, 31, 74, 1002 }, // 1
    { 25, 32, 429, 1, 32, 100, 1076 }, // 2
    { 26, 33, 445, 1, 32, 108, 1176 }, // 3
    { 27, 31, 459, 1, 31, 105, 1284 }, // 4
    { 26, 32, 451, 1, 31, 104, 1389 }, // 5
    { 26, 33, 457, 1, 32, 108, 1493 }, // 6
    { 24, 31, 413, 1, 31, 93, 1601 }, // 7
    { 26, 33, 455, 1, 32, 108, 1694 }, // 8
    { 26, 33, 456, 1, 32, 108, 1802 }, // 9
    { 8, 22, 167, 1, 22, 22, 1910 }, // :
    { 8, 29, 173, 1, 22, 29, 1932 }, // ;
    { 21, 21, 385, 1, 25, 56, 1961 }, // <
    { 21, 15, 389, 2, 22, 40, 2017 }, // =
    { 21, 21, 385, 2, 25, 56, 2057 }, // >
    { 22, 32, 358, 0, 32, 88, 2113 }, // ?
    { 33, 33, 556, 1, 28, 137, 2201 }, // @
    { 30, 31, 514, 1, 31, 117, 2338 }, // A
    { 27, 31, 482, 2, 31, 105, 2455 }, // B
    { 28, 33, 483, 1, 32, 116, 2560 }, // C
    { 28, 31, 501, 2, 31, 109, 2676 }, // D
    { 24, 31, 436, 2, 31, 93, 2785 }, // E
    { 23, 31, 421, 2, 31, 90, 2878 }, // F
    { 29, 33, 501, 1, 32, 120, 2968 }, // G
    { 27, 31, 501, 2, 31, 105, 3088 }, // H
    { 9, 31, 210, 2, 31, 35, 3193 }, // I
    { 15, 32, 298, 1, 31, 60, 3228 }, // J
    { 28, 31, 496, 2, 31, 109, 3288 }, // K
    { 23, 31, 418, 2, 31, 90, 3397 }, // L
    { 35, 31, 633, 2, 31, 136, 3487 }, // M
    { 27, 31, 506, 2, 31, 105, 3623 }, // N
    { 30, 33, 516, 1, 32, 124, 3728 }, // O
    { 27, 31, 477, 2, 31, 105, 3852 }, // P
    { 30, 38, 517, 1, 32, 143, 3957 }, // Q
    { 27, 31, 481, 2, 31, 105, 4100 }, // R
    { 26, 33, 451, 1, 32, 108, 4205 }, // S
    { 26, 31, 454, 1, 31, 101, 4313 }, // T
    { 26, 32, 481, 2, 31, 104, 4414 }, // U
    { 29, 31, 489, 1, 31, 113, 4518 }, // V
    { 43, 31, 723, 1, 31, 167, 4631 }, // W
    { 29, 31, 486, 1, 31, 113, 4798 }, // X
    { 29, 31, 490, 1, 31, 113, 4911 }, // Y
    { 26, 31, 454, 1, 31, 101, 5024 }, // Z
    { 11, 38, 211, 2, 31, 53, 5125 }, // [
    { 17, 32, 243, -1, 31, 68, 5178 }, // <backslash>
    { 11, 38, 211, 0, 31, 53, 5246 }, // ]
    { 18, 18, 317, 1, 23, 41, 5299 }, // ^
    { 19, 5, 363, 2, -1, 12, 5340 }, // _
    { 13, 8, 204, 0, 32, 13, 5352 }, // `
    { 22, 24, 375, 0, 23, 66, 5365 }, // a
    { 22, 32, 406, 2, 31, 88, 5431 }, // b
    { 22, 24, 367, 1, 23, 66, 5519 }, // c
    { 23, 32, 406, 1, 31, 92, 5585 }, // d
    { 23, 24, 391, 1, 23, 69, 5677 }, // e
    { 17, 31, 268, 0, 31, 66, 5746 }, // f
    { 26, 32, 422, 0, 24, 104, 5812 }, // g
    { 21, 31, 398, 2, 31, 82, 5916 }, // h
    { 7, 31, 177, 2, 31, 28, 5998 }, // i
    { 11, 39, 177, -2, 31, 54, 6026 }, // j
    { 23, 31, 403, 2, 31, 90, 6080 }, // k
    { 7, 31, 177, 2, 31, 28, 6170 }, // l
    { 35, 23, 613, 2, 23, 101, 6198 }, // m
    { 21, 23, 397, 2, 23, 61, 6299 }, // n
    { 23, 24, 399, 1, 23, 69, 6360 }, // o
    { 22, 30, 406, 2, 23, 83, 6429 }, // p
    { 23, 30, 406, 1, 23, 87, 6512 }, // q
    { 15, 23, 284, 2, 23, 44, 6599 }, // r
    { 21, 24, 353, 0, 23, 63, 6643 }, // s
    { 17, 30, 288, 0, 30, 64, 6706 }, // t
    { 21, 24, 395, 2, 23, 63, 6770 }, // u
    { 24, 23, 382, 0, 23, 69, 6833 }, // v
    { 34, 23, 545, 0, 23, 98, 6902 }, // w
    { 24, 23, 394, 0, 23, 69, 7000 }, // x
    { 23, 30, 377, 0, 23, 87, 7069 }, // y
    { 20, 23, 346, 1, 23, 58, 7156 }, // z
    { 15, 38, 244, 0, 31, 72, 7214 }, // {
    { 6, 43, 167, 2, 36, 33, 7286 }, // |
    { 16, 38, 244, 0, 31, 76, 7319 }, // }
    { 22, 8, 406, 2, 20, 22, 7395 }, // ~
    { 0, 0, 137, 0, 0, 0, 7417 }, // U+00A0
    { 9, 30, 176, 1, 23, 34, 7417 }, // U+00A1
    { 22, 31, 372, 1, 31, 86, 7451 }, // U+00A2
    { 26, 32, 430, 0, 32, 104, 7537 }, // U+00A3
    { 22, 23, 383, 1, 27, 64, 7641 }, // U+00A4
    { 29, 31, 439, -1, 31, 113, 7705 }, // U+00A5
    { 6, 43, 167, 2, 36, 33, 7818 }, // U+00A6
    { 21, 36, 337, 0, 32, 95, 7851 }, // U+00A7
    { 15, 6, 239, 0, 31, 12, 7946 }, // U+00A8
    { 33, 33, 553, 1, 32, 137, 7958 }, // U+00A9
    { 15, 16, 261, 0, 32, 30, 8095 }, // U+00AA
    { 18, 18, 325, 1, 20, 41, 8125 }, // U+00AB
    { 21, 12, 389, 2, 18, 32, 8166 }, // U+00AC
    { 21, 21, 363, 1, 32, 56, 8198 }, // U+00AE
    { 16, 5, 257, 0, 31, 10, 8254 }, // U+00AF
    { 15, 15, 309, 2, 36, 29, 8264 }, // U+00B0
    { 21, 29, 389, 2, 30, 77, 8293 }, // U+00B1
    { 16, 21, 301, 1, 36, 42, 8370 }, // U+00B2
    { 17, 21, 311, 1, 36, 45, 8412 }, // U+00B3
    { 13, 8, 204, 0, 32, 13, 8457 }, // U+00B4
    { 21, 30, 395, 2, 23, 79, 8470 }, // U+00B5
    { 23, 35, 402, 1, 31, 101, 8549 }, // U+00B6
    { 8, 7, 165, 1, 19, 7, 8650 }, // U+00B7
    { 11, 11, 174, 0, 1, 16, 8657 }, // U+00B8
    { 12, 20, 245, 1, 35, 30, 8673 }, // U+00B9
    { 15, 15, 266, 1, 32, 29, 8703 }, // U+00BA
    { 18, 18, 324, 1, 20, 41, 8732 }, // U+00BB
    { 37, 33, 627, 1, 32, 153, 8773 }, // U+00BC
    { 39, 33, 661, 1, 32, 161, 8926 }, // U+00BD
    { 40, 33, 674, 1, 32, 165, 9087 }, // U+00BE
    { 21, 31, 355, 1, 23, 82, 9252 }, // U+00BF
    { 30, 41, 514, 1, 41, 154, 9334 }, // U+00C0
    { 30, 41, 514, 1, 41, 154, 9488 }, // U+00C1
    { 30, 41, 514, 1, 41, 154, 9642 }, // U+00C2
    { 30, 40, 514, 1, 40, 150, 9796 }, // U+00C3
    { 30, 40, 514, 1, 40, 150, 9946 }, // U+00C4
    { 30, 43, 514, 1, 43, 162, 10096 }, // U+00C5
    { 43, 31, 720, 1, 31, 167, 10258 }, // U+00C6
    { 28, 42, 483, 1, 32, 147, 10425 }, // U+00C7
    { 24, 41, 436, 2, 41, 123, 10572 }, // U+00C8
    { 24, 41, 436, 2, 41, 123, 10695 }, // U+00C9
    { 24, 41, 436, 2, 41, 123, 10818 }, // U+00CA
    { 24, 40, 436, 2, 40, 120, 10941 }, // U+00CB
    { 13, 41, 210, 0, 41, 67, 11061 }, // U+00CC
    { 13, 41, 210, 0, 41, 67, 11128 }, // U+00CD
    { 16, 41, 210, -1, 41, 82, 11195 }, // U+00CE
    { 15, 40, 210, -1, 40, 75, 11277 }, // U+00CF
    { 30, 31, 511, 1, 31, 117, 11352 }, // U+00D0
    { 27, 40, 506, 2, 40, 135, 11469 }, // U+00D1
    { 30, 42, 516, 1, 41, 158, 11604 }, // U+00D2
    { 30, 42, 516, 1, 41, 158, 11762 }, // U+00D3
    { 30, 42, 516, 1, 41, 158, 11920 }, // U+00D4
    { 30, 41, 516, 1, 40, 154, 12078 }, // U+00D5
    { 30, 41, 516, 1, 40, 154, 12232 }, // U+00D6
    { 20, 21, 384, 2, 26, 53, 12386 }, // U+00D7
    { 32, 33, 509, 0, 32, 132, 12439 }, // U+00D8
    { 26, 42, 481, 2, 41, 137, 12571 }, // U+00D9
    { 26, 42, 481, 2, 41, 137, 12708 }, // U+00DA
    { 26, 42, 481, 2, 41, 137, 12845 }, // U+00DB
    { 26, 41, 481, 2, 40, 134, 12982 }, // U+00DC
    { 29, 41, 490, 1, 41, 149, 13116 }, // U+00DD
    { 27, 31, 483, 2, 31, 105, 13265 }, // U+00DE
    { 26, 32, 433, 0, 31, 104, 13370 }, // U+00DF
    { 22, 33, 375, 0, 32, 91, 13474 }, // U+00E0
    { 22, 33, 375, 0, 32, 91, 13565 }, // U+00E1
    { 22, 33, 375, 0, 32, 91, 13656 }, // U+00E2
    { 22, 32, 375, 0, 31, 88, 13747 }, // U+00E3
    { 22, 32, 375, 0, 31, 88, 13835 }, // U+00E4
    { 22, 35, 375, 0, 34, 97, 13923 }, // U+00E5
    { 37, 24, 609, 0, 23, 111, 14020 }, // U+00E6
    { 22, 33, 367, 1, 23, 91, 14131 }, // U+00E7
    { 23, 33, 391, 1, 32, 95, 14222 }, // U+00E8
    { 23, 33, 391, 1, 32, 95, 14317 }, // U+00E9
    { 23, 33, 391, 1, 32, 95, 14412 }, // U+00EA
    { 23, 32, 391, 1, 31, 92, 14507 }, // U+00EB
    { 13, 32, 177, -1, 32, 52, 14599 }, // U+00EC
    { 13, 32, 177, -1, 32, 52, 14651 }, // U+00ED
    { 16, 32, 177, -2, 32, 64, 14703 }, // U+00EE
    { 15, 31, 177, -2, 31, 59, 14767 }, // U+00EF
    { 23, 33, 399, 1, 32, 95, 14826 }, // U+00F0
    { 21, 31, 397, 2, 31, 82, 14921 }, // U+00F1
    { 23, 33, 399, 1, 32, 95, 15003 }, // U+00F2
    { 23, 33, 399, 1, 32, 95, 15098 }, // U+00F3
    { 23, 33, 399, 1, 32, 95, 15193 }, // U+00F4
    { 23, 32, 399, 1, 31, 92, 15288 }, // U+00F5
    { 23, 32, 399, 1, 31, 92, 15380 }, // U+00F6
    { 21, 25, 389, 2, 28, 66, 15472 }, // U+00F7
    { 25, 24, 397, 0, 23, 75, 15538 }, // U+00F8
    { 21, 33, 395, 2, 32, 87, 15613 }, // U+00F9
    { 21, 33, 395, 2, 32, 87, 15700 }, // U+00FA
    { 21, 33, 395, 2, 32, 87, 15787 }, // U+00FB
    { 21, 32, 395, 2, 31, 84, 15874 }, // U+00FC
    { 23, 39, 377, 0, 32, 113, 15958 }, // U+00FD
    { 22, 38, 405, 2, 31, 105, 16071 }, // U+00FE
    { 23, 38, 377, 0, 31, 110, 16176 }, // U+00FF
    { 30, 40, 514, 1, 40, 150, 16286 }, // U+0100
    { 22, 32, 375, 0, 31, 88, 16436 }, // U+0101
    { 30, 40, 514, 1, 40, 150, 16524 }, // U+0102
    { 22, 32, 375, 0, 31, 88, 16674 }, // U+0103
    { 31, 39, 514, 1, 31, 152, 16762 }, // U+0104
    { 22, 31, 375, 0, 23, 86, 16914 }, // U+0105
    { 28, 42, 483, 1, 41, 147, 17000 }, // U+0106
    { 22, 33, 367, 1, 32, 91, 17147 }, // U+0107
    { 28, 42, 483, 1, 41, 147, 17238 }, // U+0108
    { 22, 33, 367, 1, 32, 91, 17385 }, // U+0109
    { 28, 41, 483, 1, 40, 144, 17476 }, // U+010A
    { 22, 32, 367, 1, 31, 88, 17620 }, // U+010B
    { 28, 41, 483, 1, 40, 144, 17708 }, // U+010C
    { 22, 32, 367, 1, 31, 88, 17852 }, // U+010D
    { 28, 40, 501, 2, 40, 140, 17940 }, // U+010E
    { 30, 32, 406, 1, 31, 120, 18080 }, // U+010F
    { 30, 31, 511, 1, 31, 117, 18200 }, // U+0110
    { 25, 32, 413, 1, 31, 100, 18317 }, // U+0111
    { 24, 40, 436, 2, 40, 120, 18417 }, // U+0112
    { 23, 32, 391, 1, 31, 92, 18537 }, // U+0113
    { 24, 40, 436, 2, 40, 120, 18629 }, // U+0114
    { 23, 32, 391, 1, 31, 92, 18749 }, // U+0115
    { 24, 40, 436, 2, 40, 120, 18841 }, // U+0116
    { 23, 32, 391, 1, 31, 92, 18961 }, // U+0117
    { 25, 39, 436, 2, 31, 122, 19053 }, // U+0118
    { 23, 30, 391, 1, 23, 87, 19175 }, // U+0119
    { 24, 40, 436, 2, 40, 120, 19262 }, // U+011A
    { 23, 32, 391, 1, 31, 92, 19382 }, // U+011B
    { 29, 42, 501, 1, 41, 153, 19474 }, // U+011C
    { 26, 40, 422, 0, 32, 130, 19627 }, // U+011D
    { 29, 41, 501, 1, 40, 149, 19757 }, // U+011E
    { 26, 39, 422, 0, 31, 127, 19906 }, // U+011F
    { 29, 41, 501, 1, 40, 149, 20033 }, // U+0120
    { 26, 39, 422, 0, 31, 127, 20182 }, // U+0121
    { 29, 43, 501, 1, 32, 156, 20309 }, // U+0122
    { 26, 42, 422, 0, 34, 137, 20465 }, // U+0123
    { 27, 41, 501, 2, 41, 139, 20602 }, // U+0124
    { 26, 39, 398, -3, 39, 127, 20741 }, // U+0125
    { 33, 31, 515, 0, 31, 128, 20868 }, // U+0126
    { 23, 31, 399, 0, 31, 90, 20996 }, // U+0127
    { 16, 40, 210, -1, 40, 80, 21086 }, // U+0128
    { 16, 31, 177, -2, 31, 62, 21166 }, // U+0129
    { 16, 40, 210, -1, 40, 80, 21228 }, // U+012A
    { 16, 31, 177, -2, 31, 62, 21308 }, // U+012B
    { 16, 40, 210, -1, 40, 80, 21370 }, // U+012C
    { 16, 31, 177, -2, 31, 62, 21450 }, // U+012D
    { 10, 39, 210, 1, 31, 49, 21512 }, // U+012E
    { 11, 39, 177, -1, 31, 54, 21561 }, // U+012F
    { 9, 40, 210, 2, 40, 45, 21615 }, // U+0130
    { 7, 23, 177, 2, 23, 21, 21660 }, // U+0131
    { 28, 32, 508, 2, 31, 112, 21681 }, // U+0132
    { 18, 39, 353, 2, 31, 88, 21793 }, // U+0133
    { 18, 42, 298, 1, 41, 95, 21881 }, // U+0134
    { 16, 40, 177, -2, 32, 80, 21976 }, // U+0135
    { 28, 42, 496, 2, 31, 147, 22056 }, // U+0136
    { 23, 42, 403, 2, 31, 121, 22203 }, // U+0137
    { 23, 23, 403, 2, 23, 67, 22324 }, // U+0138
    { 24, 41, 418, 1, 41, 123, 22391 }, // U+0139
    { 13, 41, 177, -1, 41, 67, 22514 }, // U+013A
    { 23, 42, 418, 2, 31, 121, 22581 }, // U+013B
    { 7, 42, 177, 2, 31, 37, 22702 }, // U+013C
    { 23, 31, 418, 2, 31, 90, 22739 }, // U+013D
    { 15, 31, 177, 2, 31, 59, 22829 }, // U+013E
    { 23, 31, 418, 2, 31, 90, 22888 }, // U+013F
    { 16, 31, 266, 2, 31, 62, 22978 }, // U+0140
    { 25, 31, 418, 0, 31, 97, 23040 }, // U+0141
    { 14, 31, 219, 0, 31, 55, 23137 }, // U+0142
    { 27, 41, 506, 2, 41, 139, 23192 }, // U+0143
    { 21, 32, 397, 2, 32, 84, 23331 }, // U+0144
    { 27, 42, 506, 2, 31, 142, 23415 }, // U+0145
    { 21, 34, 397, 2, 23, 90, 23557 }, // U+0146
    { 27, 40, 506, 2, 40, 135, 23647 }, // U+0147
    { 21, 31, 397, 2, 31, 82, 23782 }, // U+0148
    { 27, 31, 397, -4, 31, 105, 23864 }, // U+0149
    { 27, 39, 506, 2, 31, 132, 23969 }, // U+014A
    { 21, 31, 401, 2, 23, 82, 24101 }, // U+014B
    { 30, 41, 516, 1, 40, 154, 24183 }, // U+014C
    { 23, 32, 399, 1, 31, 92, 24337 }, // U+014D
    { 30, 41, 516, 1, 40, 154, 24429 }, // U+014E
    { 23, 32, 399, 1, 31, 92, 24583 }, // U+014F
    { 30, 42, 516, 1, 41, 158, 24675 }, // U+0150
    { 23, 33, 399, 1, 32, 95, 24833 }, // U+0151
    { 45, 33, 752, 1, 32, 186, 24928 }, // U+0152
    { 38, 24, 642, 1, 23, 114, 25114 }, // U+0153
    { 27, 41, 481, 2, 41, 139, 25228 }, // U+0154
    { 15, 32, 284, 2, 32, 60, 25367 }, // U+0155
    { 27, 42, 481, 2, 31, 142, 25427 }, // U+0156
    { 15, 34, 284, 2, 23, 64, 25569 }, // U+0157
    { 27, 40, 481, 2, 40, 135, 25633 }, // U+0158
    { 17, 31, 284, 1, 31, 66, 25768 }, // U+0159
    { 26, 42, 451, 1, 41, 137, 25834 }, // U+015A
    { 21, 33, 353, 0, 32, 87, 25971 }, // U+015B
    { 26, 42, 451, 1, 41, 137, 26058 }, // U+015C
    { 21, 33, 353, 0, 32, 87, 26195 }, // U+015D
    { 26, 42, 451, 1, 32, 137, 26282 }, // U+015E
    { 21, 33, 353, 0, 23, 87, 26419 }, // U+015F
    { 26, 41, 451, 1, 40, 134, 26506 }, // U+0160
    { 21, 32, 353, 0, 31, 84, 26640 }, // U+0161
    { 26, 41, 454, 1, 31, 134, 26724 }, // U+0162
    { 17, 40, 288, 0, 30, 85, 26858 }, // U+0163
    { 26, 40, 454, 1, 40, 130, 26943 }, // U+0164
    { 18, 33, 288, 0, 33, 75, 27073 }, // U+0165
    { 26, 31, 454, 1, 31, 101, 27148 }, // U+0166
    { 17, 30, 288, 0, 30, 64, 27249 }, // U+0167
    { 26, 41, 481, 2, 40, 134, 27313 }, // U+0168
    { 21, 32, 395, 2, 31, 84, 27447 }, // U+0169
    { 26, 41, 481, 2, 40, 134, 27531 }, // U+016A
    { 21, 32, 395, 2, 31, 84, 27665 }, // U+016B
    { 26, 41, 481, 2, 40, 134, 27749 }, // U+016C
    { 21, 32, 395, 2, 31, 84, 27883 }, // U+016D
    { 26, 44, 481, 2, 43, 143, 27967 }, // U+016E
    { 21, 35, 395, 2, 34, 92, 28110 }, // U+016F
    { 26, 42, 481, 2, 41, 137, 28202 }, // U+0170
    { 21, 33, 395, 2, 32, 87, 28339 }, // U+0171
    { 26, 39, 481, 2, 31, 127, 28426 }, // U+0172
    { 21, 31, 395, 2, 23, 82, 28553 }, // U+0173
    { 43, 41, 723, 1, 41, 221, 28635 }, // U+0174
    { 34, 32, 545, 0, 32, 136, 28856 }, // U+0175
    { 29, 41, 490, 1, 41, 149, 28992 }, // U+0176
    { 23, 39, 377, 0, 32, 113, 29141 }, // U+0177
    { 29, 40, 490, 1, 40, 145, 29254 }, // U+0178
    { 26, 41, 454, 1, 41, 134, 29399 }, // U+0179
    { 20, 32, 346, 1, 32, 80, 29533 }, // U+017A
    { 26, 40, 454, 1, 40, 130, 29613 }, // U+017B
    { 20, 31, 346, 1, 31, 78, 29743 }, // U+017C
    { 26, 40, 454, 1, 40, 130, 29821 }, // U+017D
    { 20, 31, 346, 1, 31, 78, 29951 }, // U+017E
    { 30, 35, 516, 1, 34, 132, 30029 }, // U+01A0
    { 23, 26, 399, 1, 25, 75, 30161 }, // U+01A1
    { 31, 35, 481, 2, 34, 136, 30236 }, // U+01AF
    { 26, 26, 395, 2, 25, 85, 30372 }, // U+01B0
    { 56, 40, 942, 2, 40, 280, 30457 }, // U+01C4
    { 50, 31, 847, 2, 31, 194, 30737 }, // U+01C5
    { 45, 32, 752, 1, 31, 180, 30931 }, // U+01C6
    { 41, 32, 716, 2, 31, 164, 31111 }, // U+01C7
    { 33, 39, 595, 2, 31, 161, 31275 }, // U+01C8
    { 18, 39, 355, 2, 31, 88, 31436 }, // U+01C9
    { 46, 32, 805, 2, 31, 184, 31524 }, // U+01CA
    { 39, 39, 683, 2, 31, 191, 31708 }, // U+01CB
    { 32, 39, 574, 2, 31, 156, 31899 }, // U+01CC
    { 29, 41, 501, 1, 40, 149, 32055 }, // U+01E6
    { 26, 39, 422, 0, 31, 127, 32204 }, // U+01E7
    { 30, 40, 516, 1, 32, 150, 32331 }, // U+01EA
    { 23, 31, 399, 1, 23, 90, 32481 }, // U+01EB
    { 56, 31, 942, 2, 31, 217, 32571 }, // U+01F1
    { 50, 31, 847, 2, 31, 194, 32788 }, // U+01F2
    { 45, 32, 752, 1, 31, 180, 32982 }, // U+01F3
    { 29, 42, 501, 1, 41, 153, 33162 }, // U+01F4
    { 26, 40, 422, 0, 32, 130, 33315 }, // U+01F5
    { 29, 41, 459, 0, 41, 149, 33445 }, // U+01FA
    { 22, 41, 375, 0, 40, 113, 33594 }, // U+01FB
    { 43, 41, 720, 1, 41, 221, 33707 }, // U+01FC
    { 37, 33, 609, 0, 32, 153, 33928 }, // U+01FD
    { 32, 42, 509, 0, 41, 168, 34081 }, // U+01FE
    { 25, 33, 397, 0, 32, 104, 34249 }, // U+01FF
    { 30, 41, 514, 1, 41, 154, 34353 }, // U+0200
    { 22, 33, 375, 0, 32, 91, 34507 }, // U+0201
    { 30, 40, 514, 1, 40, 150, 34598 }, // U+0202
    { 22, 32, 375, 0, 31, 88, 34748 }, // U+0203
    { 24, 41, 436, 2, 41, 123, 34836 }, // U+0204
    { 23, 33, 391, 1, 32, 95, 34959 }, // U+0205
    { 24, 40, 436, 2, 40, 120, 35054 }, // U+0206
    { 23, 32, 391, 1, 31, 92, 35174 }, // U+0207
    { 18, 41, 210, -4, 41, 93, 35266 }, // U+0208
    { 18, 32, 177, -5, 32, 72, 35359 }, // U+0209
    { 16, 40, 210, -1, 40, 80, 35431 }, // U+020A
    { 16, 31, 177, -2, 31, 62, 35511 }, // U+020B
    { 30, 42, 516, 1, 41, 158, 35573 }, // U+020C
    { 23, 33, 399, 1, 32, 95, 35731 }, // U+020D
    { 30, 41, 516, 1, 40, 154, 35826 }, // U+020E
    { 23, 32, 399, 1, 31, 92, 35980 }, // U+020F
    { 27, 41, 481, 2, 41, 139, 36072 }, // U+0210
    { 18, 32, 284, -1, 32, 72, 36211 }, // U+0211
    { 27, 40, 481, 2, 40, 135, 36283 }, // U+0212
    { 16, 31, 284, 1, 31, 62, 36418 }, // U+0213
    { 26, 42, 481, 2, 41, 137, 36480 }, // U+0214
    { 21, 33, 395, 2, 32, 87, 36617 }, // U+0215
    { 26, 41, 481, 2, 40, 134, 36704 }, // U+0216
    { 21, 32, 395, 2, 31, 84, 36838 }, // U+0217
    { 26, 43, 451, 1, 32, 140, 36922 }, // U+0218
    { 21, 34, 353, 0, 23, 90, 37062 }, // U+0219
    { 26, 42, 454, 1, 31, 137, 37152 }, // U+021A
    { 17, 41, 288, 0, 30, 88, 37289 }, // U+021B
    { 13, 8, 0, 0, 32, 13, 37377 }, // U+0300
    { 13, 8, 0, 0, 32, 13, 37390 }, // U+0301
    { 16, 7, 0, 0, 32, 14, 37403 }, // U+0302
    { 16, 5, 0, 1, 31, 10, 37417 }, // U+0303
    { 16, 5, 0, 0, 31, 10, 37427 }, // U+0304
    { 16, 6, 0, 0, 31, 12, 37437 }, // U+0306
    { 7, 7, 0, 0, 31, 7, 37449 }, // U+0307
    { 15, 6, 0, 0, 31, 12, 37456 }, // U+0308
    { 9, 10, 0, 8, 34, 12, 37468 }, // U+0309
    { 10, 11, 0, 0, 34, 14, 37480 }, // U+030A
    { 18, 9, 0, 0, 32, 21, 37494 }, // U+030B
    { 16, 6, 0, 0, 31, 12, 37515 }, // U+030C
    { 18, 9, 0, 0, 32, 21, 37527 }, // U+030F
    { 16, 6, 0, 0, 31, 12, 37548 }, // U+0311
    { 5, 9, 0, 2, 33, 6, 37560 }, // U+0312
    { 9, 7, 0, 20, 25, 8, 37566 }, // U+031B
    { 6, 6, 0, 0, -1, 5, 37574 }, // U+0323
    { 15, 6, 0, 0, -2, 12, 37579 }, // U+0324
    { 5, 9, 0, 0, -2, 6, 37591 }, // U+0326
    { 11, 11, 0, 0, 1, 16, 37597 }, // U+0327
    { 10, 9, 0, 0, 1, 12, 37613 }, // U+0328
    { 16, 7, 0, 2, -1, 14, 37625 }, // U+032E
    { 15, 6, 0, 4, -1, 12, 37639 }, // U+0331
    { 18, 6, 0, 2, 14, 14, 37651 }, // U+0335
    { 0, 0, 400, 0, 0, 0, 37665 }, // U+2007
    { 0, 0, 323, 0, 0, 0, 37665 }, // U+2008
    { 0, 0, 323, 0, 0, 0, 37665 }, // U+2009
    { 0, 0, 304, 0, 0, 0, 37665 }, // U+200A
    { 0, 0, 285, 0, 0, 0, 37665 }, // U+200B
    { 12, 6, 253, 2, 14, 9, 37665 }, // U+2010
    { 25, 5, 456, 2, 13, 16, 37674 }, // U+2012
    { 21, 5, 389, 2, 13, 14, 37690 }, // U+2013
    { 34, 5, 606, 2, 13, 22, 37704 }, // U+2014
    { 34, 5, 606, 2, 13, 22, 37726 }, // U+2015
    { 8, 13, 161, 1, 31, 13, 37748 }, // U+2018
    { 8, 13, 161, 1, 31, 13, 37761 }, // U+2019
    { 8, 13, 161, 1, 7, 13, 37774 }, // U+201A
    { 17, 13, 310, 1, 31, 28, 37787 }, // U+201C
    { 17, 13, 313, 1, 31, 28, 37815 }, // U+201D
    { 17, 13, 313, 1, 7, 28, 37843 }, // U+201E
    { 20, 38, 345, 1, 31, 95, 37871 }, // U+2020
    { 20, 38, 345, 1, 31, 95, 37966 }, // U+2021
    { 12, 12, 226, 1, 22, 18, 38061 }, // U+2022
    { 34, 7, 592, 1, 7, 30, 38079 }, // U+2026
    { 55, 33, 913, 1, 32, 227, 38109 }, // U+2030
    { 11, 15, 179, -1, 31, 21, 38336 }, // U+2032
    { 19, 15, 313, -1, 31, 36, 38357 }, // U+2033
    { 10, 18, 193, 1, 20, 23, 38393 }, // U+2039
    { 9, 18, 193, 2, 20, 21, 38416 }, // U+203A
    { 25, 33, 163, -7, 32, 104, 38437 }, // U+2044
    { 24, 33, 445, 2, 32, 99, 38541 }, // U+2052
    { 17, 21, 323, 1, 36, 45, 38640 }, // U+2070
    { 18, 20, 322, 1, 35, 45, 38685 }, // U+2074
    { 17, 20, 313, 1, 35, 43, 38730 }, // U+2075
    { 17, 21, 315, 1, 36, 45, 38773 }, // U+2076
    { 15, 20, 288, 2, 35, 38, 38818 }, // U+2077
    { 17, 21, 313, 1, 36, 45, 38856 }, // U+2078
    { 17, 21, 315, 1, 36, 45, 38901 }, // U+2079
    { 22, 31, 400, 1, 31, 86, 38946 }, // U+20A1
    { 27, 31, 415, -2, 31, 105, 39032 }, // U+20A3
    { 26, 32, 430, 0, 32, 104, 39137 }, // U+20A4
    { 33, 31, 521, 0, 31, 128, 39241 }, // U+20A6
    { 48, 32, 809, 2, 31, 192, 39369 }, // U+20A7
    { 48, 31, 760, 0, 31, 186, 39561 }, // U+20A9
    { 21, 31, 352, 1, 31, 82, 39747 }, // U+20AB
    { 28, 33, 435, -1, 32, 116, 39829 }, // U+20AC
    { 32, 31, 522, 0, 31, 124, 39945 }, // U+20AD
    { 26, 31, 454, 1, 31, 101, 40069 }, // U+20AE
    { 31, 31, 517, 0, 31, 121, 40170 }, // U+20B1
    { 29, 38, 501, 1, 34, 138, 40291 }, // U+20B2
    { 26, 33, 455, 1, 32, 108, 40429 }, // U+20B4
    { 28, 38, 483, 1, 34, 133, 40537 }, // U+20B5
    { 26, 31, 454, 1, 31, 101, 40670 }, // U+20B8
    { 27, 31, 428, 0, 31, 105, 40771 }, // U+20B9
    { 28, 31, 439, 0, 31, 109, 40876 }, // U+20BA
    { 27, 35, 492, 2, 34, 119, 40985 }, // U+20BC
    { 30, 31, 493, 0, 31, 117, 41104 }, // U+20BD
    { 23, 33, 397, 1, 32, 95, 41221 }, // U+2202
    { 23, 21, 394, 1, 26, 61, 41316 }, // U+2205
    { 28, 31, 455, 0, 31, 109, 41377 }, // U+2206
    { 29, 31, 464, 0, 31, 113, 41486 }, // U+220F
    { 23, 31, 380, 0, 31, 90, 41599 }, // U+2211
    { 21, 5, 389, 2, 18, 14, 41689 }, // U+2212
    { 16, 32, 244, 0, 31, 64, 41703 }, // U+2215
    { 12, 12, 226, 1, 22, 18, 41767 }, // U+2219
    { 30, 43, 458, 0, 36, 162, 41785 }, // U+221A
    { 31, 17, 528, 1, 20, 66, 41947 }, // U+221E
    { 20, 44, 309, 0, 36, 110, 42013 }, // U+222B
    { 22, 17, 406, 2, 23, 47, 42123 }, // U+2248
    { 21, 27, 400, 2, 28, 71, 42170 }, // U+2260
    { 22, 28, 388, 1, 29, 77, 42241 }, // U+2264
    { 21, 28, 388, 2, 29, 74, 42318 }, // U+2265
    { 26, 31, 445, 0, 31, 101, 42392 }, // U+FB01
    { 26, 31, 446, 0, 31, 101, 42493 }, // U+FB02
};

static const EpdUnicodeInterval librefranklin_10_bold_2xIntervals[] = {
    { 0x20, 0x7E, 0x0 },
    { 0xA0, 0xAC, 0x5F },
    { 0xAE, 0x17E, 0x6C },
    { 0x1A0, 0x1A1, 0x13D },
    { 0x1AF, 0x1B0, 0x13F },
    { 0x1C4, 0x1CC, 0x141 },
    { 0x1E6, 0x1E7, 0x14A },
    { 0x1EA, 0x1EB, 0x14C },
    { 0x1F1, 0x1F5, 0x14E },
    { 0x1FA, 0x21B, 0x153 },
    { 0x300, 0x304, 0x175 },
    { 0x306, 0x30C, 0x17A },
    { 0x30F, 0x30F, 0x181 },
    { 0x311, 0x312, 0x182 },
    { 0x31B, 0x31B, 0x184 },
    { 0x323, 0x324, 0x185 },
    { 0x326, 0x328, 0x187 },
    { 0x32E, 0x32E, 0x18A },
    { 0x331, 0x331, 0x18B },
    { 0x335, 0x335, 0x18C },
    { 0x2007, 0x200B, 0x18D },
    { 0x2010, 0x2010, 0x192 },
    { 0x2012, 0x2015, 0x193 },
    { 0x2018, 0x201A, 0x197 },
    { 0x201C, 0x201E, 0x19A },
    { 0x2020, 0x2022, 0x19D },
    { 0x2026, 0x2026, 0x1A0 },
    { 0x2030, 0x2030, 0x1A1 },
    { 0x2032, 0x2033, 0x1A2 },
    { 0x2039, 0x203A, 0x1A4 },
    { 0x2044, 0x2044, 0x1A6 },
    { 0x2052, 0x2052, 0x1A7 },
    { 0x2070, 0x2070, 0x1A8 },
    { 0x2074, 0x2079, 0x1A9 },
    { 0x20A1, 0x20A1, 0x1AF },
    { 0x20A3, 0x20A4, 0x1B0 },
    { 0x20A6, 0x20A7, 0x1B2 },
    { 0x20A9, 0x20A9, 0x1B4 },
    { 0x20AB, 0x20AE, 0x1B5 },
    { 0x20B1, 0x20B2, 0x1B9 },
    { 0x20B4, 0x20B5, 0x1BB },
    { 0x20B8, 0x20BA, 0x1BD },
    { 0x20BC, 0x20BD, 0x1C0 },
    { 0x2202, 0x2202, 0x1C2 },
    { 0x2205, 0x2206, 0x1C3 },
    { 0x220F, 0x220F, 0x1C5 },
    { 0x2211, 0x2212, 0x1C6 },
    { 0x2215, 0x2215, 0x1C8 },
    { 0x2219, 0x221A, 0x1C9 },
    { 0x221E, 0x221E, 0x1CB },
    { 0x222B, 0x222B, 0x1CC },
    { 0x2248, 0x2248, 0x1CD },
    { 0x2260, 0x2260, 0x1CE },
    { 0x2264, 0x2265, 0x1CF },
    { 0xFB01, 0xFB02, 0x1D1 },
};

static const EpdKernClassEntry librefranklin_10_bold_2xKernLeftClasses[] = {
    { 0x0022, 1 }, // "
    { 0x0027, 1 }, // '
    { 0x0028, 2 }, // (
    { 0x002C, 3 }, // ,
    { 0x002D, 4 }, // -
    { 0x002E, 3 }, // .
    { 0x0041, 5 }, // A
    { 0x0042, 6 }, // B
    { 0x0043, 7 }, // C
    { 0x0044, 8 }, // D
    { 0x0045, 9 }, // E
    { 0x0046, 10 }, // F
    { 0x0047, 11 }, // G
    { 0x004A, 12 }, // J
    { 0x004B, 13 }, // K
    { 0x004C, 14 }, // L
    { 0x004F, 8 }, // O
    { 0x0050, 15 }, // P
    { 0x0051, 8 }, // Q
    { 0x0052, 16 }, // R
    { 0x0053, 17 }, // S
    { 0x0054, 18 }, // T
    { 0x0055, 19 }, // U
    { 0x0056, 20 }, // V
    { 0x0057, 21 }, // W
    { 0x0058, 22 }, // X
    { 0x0059, 23 }, // Y
    { 0x005A, 24 }, // Z
    { 0x005B, 25 }, // [
    { 0x0061, 26 }, // a
    { 0x0062, 27 }, // b
    { 0x0063, 28 }, // c
    { 0x0065, 29 }, // e
    { 0x0066, 30 }, // f
    { 0x0067, 31 }, // g
    { 0x0068, 32 }, // h
    { 0x006A, 33 }, // j
    { 0x006B, 34 }, // k
    { 0x006D, 32 }, // m
    { 0x006E, 32 }, // n
    { 0x006F, 35 }, // o
    { 0x0070, 27 }, // p
    { 0x0072, 36 }, // r
    { 0x0073, 37 }, // s
    { 0x0074, 38 }, // t
    { 0x0076, 39 }, // v
    { 0x0077, 40 }, // w
    { 0x0078, 41 }, // x
    { 0x0079, 42 }, // y
    { 0x007A, 43 }, // z
    { 0x007B, 44 }, // {
    { 0x00BF, 2 }, // U+00BF
    { 0x00C0, 5 }, // U+00C0
    { 0x00C1, 5 }, // U+00C1
    { 0x00C2, 5 }, // U+00C2
    { 0x00C3, 5 }, // U+00C3
    { 0x00C4, 5 }, // U+00C4
    { 0x00C5, 5 }, // U+00C5
    { 0x00C6, 9 }, // U+00C6
    { 0x00C7, 7 }, // U+00C7
    { 0x00C8, 9 }, // U+00C8
    { 0x00C9, 9 }, // U+00C9
    { 0x00CA, 9 }, // U+00CA
    { 0x00CB, 9 }, // U+00CB
    { 0x00D0, 8 }, // U+00D0
    { 0x00D2, 8 }, // U+00D2
    { 0x00D3, 8 }, // U+00D3
    { 0x00D4, 8 }, // U+00D4
    { 0x00D5, 8 }, // U+00D5
    { 0x00D6, 8 }, // U+00D6
    { 0x00D9, 19 }, // U+00D9
    { 0x00DA, 19 }, // U+00DA
    { 0x00DB, 19 }, // U+00DB
    { 0x00DC, 19 }, // U+00DC
    { 0x00DD, 23 }, // U+00DD
    { 0x00E0, 26 }, // U+00E0
    { 0x00E1, 26 }, // U+00E1
    { 0x00E2, 26 }, // U+00E2
    { 0x00E3, 26 }, // U+00E3
    { 0x00E4, 26 }, // U+00E4
    { 0x00E5, 26 }, // U+00E5
    { 0x00E6, 29 }, // U+00E6
    { 0x00E7, 28 }, // U+00E7
    { 0x00E8, 29 }, // U+00E8
    { 0x00E9, 29 }, // U+00E9
    { 0x00EA, 29 }, // U+00EA
    { 0x00EB, 29 }, // U+00EB
    { 0x00F1, 32 }, // U+00F1
    { 0x00F2, 35 }, // U+00F2
    { 0x00F3, 35 }, // U+00F3
    { 0x00F4, 35 }, // U+00F4
    { 0x00F5, 35 }, // U+00F5
    { 0x00F6, 35 }, // U+00F6
    { 0x00F8, 35 }, // U+00F8
    { 0x00FD, 42 }, // U+00FD
    { 0x00FF, 42 }, // U+00FF
    { 0x0100, 5 }, // U+0100
    { 0x0101, 26 }, // U+0101
    { 0x0102, 5 }, // U+0102
    { 0x0103, 26 }, // U+0103
    { 0x0104, 5 }, // U+0104
    { 0x0105, 26 }, // U+0105
    { 0x0106, 7 }, // U+0106
    { 0x0107, 28 }, // U+0107
    { 0x0108, 7 }, // U+0108
    { 0x0109, 28 }, // U+0109
    { 0x010A, 7 }, // U+010A
    { 0x010B, 28 }, // U+010B
    { 0x010C, 7 }, // U+010C
    { 0x010D, 28 }, // U+010D
    { 0x010E, 8 }, // U+010E
    { 0x010F, 45 }, // U+010F
    { 0x0110, 8 }, // U+0110
    { 0x0112, 9 }, // U+0112
    { 0x0113, 29 }, // U+0113
    { 0x0114, 9 }, // U+0114
    { 0x0115, 29 }, // U+0115
    { 0x0116, 9 }, // U+0116
    { 0x0117, 29 }, // U+0117
    { 0x0118, 9 }, // U+0118
    { 0x0119, 29 }, // U+0119
    { 0x011A, 9 }, // U+011A
    { 0x011B, 29 }, // U+011B
    { 0x011C, 11 }, // U+011C
    { 0x011D, 31 }, // U+011D
    { 0x011E, 11 }, // U+011E
    { 0x011F, 31 }, // U+011F
    { 0x0120, 11 }, // U+0120
    { 0x0121, 31 }, // U+0121
    { 0x0122, 11 }, // U+0122
    { 0x0123, 31 }, // U+0123
    { 0x0125, 32 }, // U+0125
    { 0x0127, 32 }, // U+0127
    { 0x0134, 12 }, // U+0134
    { 0x0135, 33 }, // U+0135
    { 0x0136, 13 }, // U+0136
    { 0x0137, 34 }, // U+0137
    { 0x0138, 34 }, // U+0138
    { 0x0139, 14 }, // U+0139
    { 0x013B, 14 }, // U+013B
    { 0x013E, 45 }, // U+013E
    { 0x0144, 32 }, // U+0144
    { 0x0146, 32 }, // U+0146
    { 0x0148, 32 }, // U+0148
    { 0x014B, 32 }, // U+014B
    { 0x014C, 8 }, // U+014C
    { 0x014D, 35 }, // U+014D
    { 0x014E, 8 }, // U+014E
    { 0x014F, 35 }, // U+014F
    { 0x0150, 8 }, // U+0150
    { 0x0151, 35 }, // U+0151
    { 0x0153, 29 }, // U+0153
    { 0x0154, 16 }, // U+0154
    { 0x0155, 36 }, // U+0155
    { 0x0156, 16 }, // U+0156
    { 0x0157, 36 }, // U+0157
    { 0x0158, 16 }, // U+0158
    { 0x0159, 36 }, // U+0159
    { 0x015A, 17 }, // U+015A
    { 0x015B, 37 }, // U+015B
    { 0x015C, 17 }, // U+015C
    { 0x015D, 37 }, // U+015D
    { 0x015E, 17 }, // U+015E
    { 0x015F, 37 }, // U+015F
    { 0x0160, 17 }, // U+0160
    { 0x0161, 37 }, // U+0161
    { 0x0162, 18 }, // U+0162
    { 0x0163, 38 }, // U+0163
    { 0x0164, 18 }, // U+0164
    { 0x0165, 38 }, // U+0165
    { 0x0166, 18 }, // U+0166
    { 0x0167, 38 }, // U+0167
    { 0x0168, 19 }, // U+0168
    { 0x016A, 19 }, // U+016A
    { 0x016C, 19 }, // U+016C
    { 0x016E, 19 }, // U+016E
    { 0x0170, 19 }, // U+0170
    { 0x0172, 19 }, // U+0172
    { 0x0174, 21 }, // U+0174
    { 0x0175, 40 }, // U+0175
    { 0x0176, 23 }, // U+0176
    { 0x0177, 42 }, // U+0177
    { 0x0178, 23 }, // U+0178
    { 0x0179, 24 }, // U+0179
    { 0x017A, 43 }, // U+017A
    { 0x017B, 24 }, // U+017B
    { 0x017C, 43 }, // U+017C
    { 0x017D, 24 }, // U+017D
    { 0x017E, 43 }, // U+017E
    { 0x01A0, 8 }, // U+01A0
    { 0x01A1, 35 }, // U+01A1
    { 0x01AF, 19 }, // U+01AF
    { 0x01C4, 24 }, // U+01C4
    { 0x01EA, 8 }, // U+01EA
    { 0x01EB, 35 }, // U+01EB
    { 0x01F1, 24 }, // U+01F1
    { 0x01F2, 43 }, // U+01F2
    { 0x01FA, 5 }, // U+01FA
    { 0x01FB, 26 }, // U+01FB
    { 0x01FC, 9 }, // U+01FC
    { 0x01FD, 29 }, // U+01FD
    { 0x01FF, 35 }, // U+01FF
    { 0x0200, 5 }, // U+0200
    { 0x0201, 26 }, // U+0201
    { 0x0202, 5 }, // U+0202
    { 0x0203, 26 }, // U+0203
    { 0x0204, 9 }, // U+0204
    { 0x0205, 29 }, // U+0205
    { 0x0206, 9 }, // U+0206
    { 0x0207, 29 }, // U+0207
    { 0x020C, 8 }, // U+020C
    { 0x020D, 35 }, // U+020D
    { 0x020E, 8 }, // U+020E
    { 0x020F, 35 }, // U+020F
    { 0x0210, 16 }, // U+0210
    { 0x0211, 36 }, // U+0211
    { 0x0212, 16 }, // U+0212
    { 0x0213, 36 }, // U+0213
    { 0x0214, 19 }, // U+0214
    { 0x0216, 19 }, // U+0216
    { 0x0218, 17 }, // U+0218
    { 0x0219, 37 }, // U+0219
    { 0x021A, 18 }, // U+021A
    { 0x021B, 38 }, // U+021B
    { 0x2013, 4 }, // U+2013
    { 0x2014, 4 }, // U+2014
    { 0x2018, 46 }, // U+2018
    { 0x2019, 47 }, // U+2019
    { 0x201C, 46 }, // U+201C
    { 0x201D, 47 }, // U+201D
};

static const EpdKernClassEntry librefranklin_10_bold_2xKernRightClasses[] = {
    { 0x0022, 1 }, // "
    { 0x0027, 1 }, // '
    { 0x0029, 2 }, // )
    { 0x002A, 3 }, // *
    { 0x002C, 4 }, // ,
    { 0x002D, 5 }, // -
    { 0x002E, 4 }, // .
    { 0x003A, 6 }, // :
    { 0x003B, 6 }, // ;
    { 0x003F, 2 }, // ?
    { 0x0041, 7 }, // A
    { 0x0042, 8 }, // B
    { 0x0043, 9 }, // C
    { 0x0044, 8 }, // D
    { 0x0045, 8 }, // E
    { 0x0046, 8 }, // F
    { 0x0047, 9 }, // G
    { 0x0048, 8 }, // H
    { 0x0049, 8 }, // I
    { 0x004A, 10 }, // J
    { 0x004B, 8 }, // K
    { 0x004C, 8 }, // L
    { 0x004D, 8 }, // M
    { 0x004E, 8 }, // N
    { 0x004F, 9 }, // O
    { 0x0050, 8 }, // P
    { 0x0051, 9 }, // Q
    { 0x0052, 8 }, // R
    { 0x0053, 11 }, // S
    { 0x0054, 12 }, // T
    { 0x0055, 13 }, // U
    { 0x0056, 14 }, // V
    { 0x0057, 15 }, // W
    { 0x0058, 16 }, // X
    { 0x0059, 17 }, // Y
    { 0x005A, 18 }, // Z
    { 0x005D, 2 }, // ]
    { 0x0061, 19 }, // a
    { 0x0062, 8 }, // b
    { 0x0063, 20 }, // c
    { 0x0064, 21 }, // d
    { 0x0065, 20 }, // e
    { 0x0066, 8 }, // f
    { 0x0067, 22 }, // g
    { 0x0068, 8 }, // h
    { 0x0069, 23 }, // i
    { 0x006A, 24 }, // j
    { 0x006B, 8 }, // k
    { 0x006C, 8 }, // l
    { 0x006D, 25 }, // m
    { 0x006E, 25 }, // n
    { 0x006F, 20 }, // o
    { 0x0070, 26 }, // p
    { 0x0071, 21 }, // q
    { 0x0072, 27 }, // r
    { 0x0073, 28 }, // s
    { 0x0074, 29 }, // t
    { 0x0075, 30 }, // u
    { 0x0076, 31 }, // v
    { 0x0077, 32 }, // w
    { 0x0078, 33 }, // x
    { 0x0079, 34 }, // y
    { 0x007A, 35 }, // z
    { 0x007D, 2 }, // }
    { 0x00C0, 7 }, // U+00C0
    { 0x00C1, 7 }, // U+00C1
    { 0x00C2, 7 }, // U+00C2
    { 0x00C3, 7 }, // U+00C3
    { 0x00C4, 7 }, // U+00C4
    { 0x00C5, 7 }, // U+00C5
    { 0x00C6, 36 }, // U+00C6
    { 0x00C7, 9 }, // U+00C7
    { 0x00C8, 8 }, // U+00C8
    { 0x00C9, 8 }, // U+00C9
    { 0x00CA, 8 }, // U+00CA
    { 0x00CB, 8 }, // U+00CB
    { 0x00CC, 8 }, // U+00CC
    { 0x00CD, 8 }, // U+00CD
    { 0x00CE, 8 }, // U+00CE
    { 0x00CF, 8 }, // U+00CF
    { 0x00D0, 8 }, // U+00D0
    { 0x00D1, 8 }, // U+00D1
    { 0x00D2, 9 }, // U+00D2
    { 0x00D3, 9 }, // U+00D3
    { 0x00D4, 9 }, // U+00D4
    { 0x00D5, 9 }, // U+00D5
    { 0x00D6, 9 }, // U+00D6
    { 0x00D9, 13 }, // U+00D9
    { 0x00DA, 13 }, // U+00DA
    { 0x00DB, 13 }, // U+00DB
    { 0x00DC, 13 }, // U+00DC
    { 0x00DD, 17 }, // U+00DD
    { 0x00DE, 8 }, // U+00DE
    { 0x00DF, 37 }, // U+00DF
    { 0x00E0, 19 }, // U+00E0
    { 0x00E1, 19 }, // U+00E1
    { 0x00E2, 19 }, // U+00E2
    { 0x00E3, 19 }, // U+00E3
    { 0x00E4, 19 }, // U+00E4
    { 0x00E5, 19 }, // U+00E5
    { 0x00E6, 19 }, // U+00E6
    { 0x00E7, 20 }, // U+00E7
    { 0x00E8, 20 }, // U+00E8
    { 0x00E9, 20 }, // U+00E9
    { 0x00EA, 20 }, // U+00EA
    { 0x00EB, 20 }, // U+00EB
    { 0x00EC, 23 }, // U+00EC
    { 0x00ED, 23 }, // U+00ED
    { 0x00EE, 23 }, // U+00EE
    { 0x00EF, 23 }, // U+00EF
    { 0x00F0, 37 }, // U+00F0
    { 0x00F1, 25 }, // U+00F1
    { 0x00F2, 20 }, // U+00F2
    { 0x00F3, 20 }, // U+00F3
    { 0x00F4, 20 }, // U+00F4
    { 0x00F5, 20 }, // U+00F5
    { 0x00F6, 20 }, // U+00F6
    { 0x00F8, 20 }, // U+00F8
    { 0x00F9, 30 }, // U+00F9
    { 0x00FA, 30 }, // U+00FA
    { 0x00FB, 30 }, // U+00FB
    { 0x00FC, 30 }, // U+00FC
    { 0x00FD, 34 }, // U+00FD
    { 0x00FE, 23 }, // U+00FE
    { 0x00FF, 34 }, // U+00FF
    { 0x0100, 7 }, // U+0100
    { 0x0101, 19 }, // U+0101
    { 0x0102, 7 }, // U+0102
    { 0x0103, 19 }, // U+0103
    { 0x0104, 7 }, // U+0104
    { 0x0105, 19 }, // U+0105
    { 0x0106, 9 }, // U+0106
    { 0x0107, 20 }, // U+0107
    { 0x0108, 9 }, // U+0108
    { 0x0109, 20 }, // U+0109
    { 0x010A, 9 }, // U+010A
    { 0x010B, 20 }, // U+010B
    { 0x010C, 9 }, // U+010C
    { 0x010D, 20 }, // U+010D
    { 0x010E, 8 }, // U+010E
    { 0x010F, 21 }, // U+010F
    { 0x0110, 37 }, // U+0110
    { 0x0111, 21 }, // U+0111
    { 0x0112, 8 }, // U+0112
    { 0x0113, 20 }, // U+0113
    { 0x0114, 8 }, // U+0114
    { 0x0115, 20 }, // U+0115
    { 0x0116, 8 }, // U+0116
    { 0x0117, 20 }, // U+0117
    { 0x0118, 8 }, // U+0118
    { 0x0119, 20 }, // U+0119
    { 0x011A, 8 }, // U+011A
    { 0x011B, 20 }, // U+011B
    { 0x011C, 9 }, // U+011C
    { 0x011D, 22 }, // U+011D
    { 0x011E, 9 }, // U+011E
    { 0x011F, 22 }, // U+011F
    { 0x0120, 9 }, // U+0120
    { 0x0121, 22 }, // U+0121
    { 0x0122, 9 }, // U+0122
    { 0x0123, 22 }, // U+0123
    { 0x0124, 8 }, // U+0124
    { 0x0125, 8 }, // U+0125
    { 0x0126, 8 }, // U+0126
    { 0x0127, 8 }, // U+0127
    { 0x0128, 8 }, // U+0128
    { 0x0129, 23 }, // U+0129
    { 0x012A, 8 }, // U+012A
    { 0x012B, 23 }, // U+012B
    { 0x012C, 8 }, // U+012C
    { 0x012D, 23 }, // U+012D
    { 0x012E, 8 }, // U+012E
    { 0x012F, 23 }, // U+012F
    { 0x0130, 8 }, // U+0130
    { 0x0131, 23 }, // U+0131
    { 0x0132, 8 }, // U+0132
    { 0x0133, 23 }, // U+0133
    { 0x0134, 10 }, // U+0134
    { 0x0135, 24 }, // U+0135
    { 0x0136, 8 }, // U+0136
    { 0x0137, 8 }, // U+0137
    { 0x0138, 8 }, // U+0138
    { 0x0139, 8 }, // U+0139
    { 0x013A, 8 }, // U+013A
    { 0x013B, 8 }, // U+013B
    { 0x013C, 8 }, // U+013C
    { 0x013D, 8 }, // U+013D
    { 0x013E, 8 }, // U+013E
    { 0x013F, 8 }, // U+013F
    { 0x0140, 8 }, // U+0140
    { 0x0141, 8 }, // U+0141
    { 0x0142, 8 }, // U+0142
    { 0x0143, 8 }, // U+0143
    { 0x0144, 25 }, // U+0144
    { 0x0145, 8 }, // U+0145
    { 0x0146, 25 }, // U+0146
    { 0x0147, 8 }, // U+0147
    { 0x0148, 25 }, // U+0148
    { 0x0149, 38 }, // U+0149
    { 0x014A, 8 }, // U+014A
    { 0x014B, 25 }, // U+014B
    { 0x014C, 9 }, // U+014C
    { 0x014D, 20 }, // U+014D
    { 0x014E, 9 }, // U+014E
    { 0x014F, 20 }, // U+014F
    { 0x0150, 9 }, // U+0150
    { 0x0151, 20 }, // U+0151
    { 0x0152, 9 }, // U+0152
    { 0x0153, 20 }, // U+0153
    { 0x0154, 8 }, // U+0154
    { 0x0155, 27 }, // U+0155
    { 0x0156, 8 }, // U+0156
    { 0x0157, 27 }, // U+0157
    { 0x0158, 8 }, // U+0158
    { 0x0159, 27 }, // U+0159
    { 0x015A, 11 }, // U+015A
    { 0x015B, 28 }, // U+015B
    { 0x015C, 11 }, // U+015C
    { 0x015D, 28 }, // U+015D
    { 0x015E, 11 }, // U+015E
    { 0x015F, 28 }, // U+015F
    { 0x0160, 11 }, // U+0160
    { 0x0161, 28 }, // U+0161
    { 0x0162, 12 }, // U+0162
    { 0x0163, 29 }, // U+0163
    { 0x0164, 12 }, // U+0164
    { 0x0165, 29 }, // U+0165
    { 0x0166, 12 }, // U+0166
    { 0x0167, 29 }, // U+0167
    { 0x0168, 13 }, // U+0168
    { 0x0169, 30 }, // U+0169
    { 0x016A, 13 }, // U+016A
    { 0x016B, 30 }, // U+016B
    { 0x016C, 13 }, // U+016C
    { 0x016D, 30 }, // U+016D
    { 0x016E, 13 }, // U+016E
    { 0x016F, 30 }, // U+016F
    { 0x0170, 13 }, // U+0170
    { 0x0171, 30 }, // U+0171
    { 0x0172, 13 }, // U+0172
    { 0x0173, 30 }, // U+0173
    { 0x0174, 15 }, // U+0174
    { 0x0175, 32 }, // U+0175
    { 0x0176, 17 }, // U+0176
    { 0x0177, 34 }, // U+0177
    { 0x0178, 17 }, // U+0178
    { 0x0179, 18 }, // U+0179
    { 0x017A, 35 }, // U+017A
    { 0x017B, 18 }, // U+017B
    { 0x017C, 35 }, // U+017C
    { 0x017D, 18 }, // U+017D
    { 0x017E, 35 }, // U+017E
    { 0x01A0, 9 }, // U+01A0
    { 0x01A1, 20 }, // U+01A1
    { 0x01AF, 13 }, // U+01AF
    { 0x01B0, 30 }, // U+01B0
    { 0x01C4, 8 }, // U+01C4
    { 0x01C5, 8 }, // U+01C5
    { 0x01C7, 8 }, // U+01C7
    { 0x01C8, 8 }, // U+01C8
    { 0x01C9, 8 }, // U+01C9
    { 0x01CA, 8 }, // U+01CA
    { 0x01CB, 8 }, // U+01CB
    { 0x01CC, 25 }, // U+01CC
    { 0x01E6, 37 }, // U+01E6
    { 0x01EA, 9 }, // U+01EA
    { 0x01EB, 20 }, // U+01EB
    { 0x01F1, 8 }, // U+01F1
    { 0x01F2, 8 }, // U+01F2
    { 0x01F3, 21 }, // U+01F3
    { 0x01F4, 9 }, // U+01F4
    { 0x01F5, 22 }, // U+01F5
    { 0x01FA, 7 }, // U+01FA
    { 0x01FB, 19 }, // U+01FB
    { 0x01FC, 36 }, // U+01FC
    { 0x01FD, 19 }, // U+01FD
    { 0x01FE, 39 }, // U+01FE
    { 0x01FF, 20 }, // U+01FF
    { 0x0200, 7 }, // U+0200
    { 0x0201, 19 }, // U+0201
    { 0x0202, 7 }, // U+0202
    { 0x0203, 19 }, // U+0203
    { 0x0204, 8 }, // U+0204
    { 0x0205, 20 }, // U+0205
    { 0x0206, 8 }, // U+0206
    { 0x0207, 20 }, // U+0207
    { 0x0208, 8 }, // U+0208
    { 0x0209, 23 }, // U+0209
    { 0x020A, 8 }, // U+020A
    { 0x020B, 23 }, // U+020B
    { 0x020C, 9 }, // U+020C
    { 0x020D, 20 }, // U+020D
    { 0x020E, 9 }, // U+020E
    { 0x020F, 20 }, // U+020F
    { 0x0210, 8 }, // U+0210
    { 0x0211, 27 }, // U+0211
    { 0x0212, 8 }, // U+0212
    { 0x0213, 27 }, // U+0213
    { 0x0214, 13 }, // U+0214
    { 0x0215, 30 }, // U+0215
    { 0x0216, 13 }, // U+0216
    { 0x0217, 30 }, // U+0217
    { 0x0218, 11 }, // U+0218
    { 0x0219, 28 }, // U+0219
    { 0x021A, 12 }, // U+021A
    { 0x021B, 29 }, // U+021B
    { 0x2013, 5 }, // U+2013
    { 0x2014, 5 }, // U+2014
    { 0x2019, 40 }, // U+2019
    { 0x201D, 40 }, // U+201D
    { 0xFB01, 8 }, // U+FB01
    { 0xFB02, 8 }, // U+FB02
};

static const int8_t librefranklin_10_bold_2xKernMatrix[] = {
       0,    0,    0,    0,    0,    0,  -67,    0,    0,    0,    0,    0,    0,    0,    0,    0,    0,    0,    0,  -19,  -19,    0,    0,    0,    0,    0,   -2,  -24,    0,    0,    0,    0,    0,    0,    0,    0,    0,    0,    0,    0,
       0,    0,    0,    0,    0,    0,    0,    0,    0,    0,    0,    0,    0,    0,    0,    0,    0,    0,    0,    0,    0,    0,    0,   51,    0,    0,    0,    0,    0,    0,    0,    0,    0,    0,    0,    0,    0,    0,    0,    0,
       0,    0,    0,    0,    0,    0,    0,    0,  -33,    0,    0,  -89,    0,  -82,  -71,    0,  -98,    0,    0,  -15,  -15,    0,    0,    0,    0,    0,    0,    0,    0,    0,  -47,  -42,    0,  -31,    0,    0,    0,    0,    0,    0,
       0,    0,    0,    0,    0,    0,    0,    0,    0,    0,    0,  -80,    0,  -49,  -37,  -39,  -71,  -31,    0,    0,    0,    0,    0,    0,    0,    0,    0,    0,    0,    0,    0,    0,  -35,    0,    0,    0,    0,    0,    0,    0,
     -67,    0,    0,    0,    0,    0,  -42,    0,  -31,    0,  -16,  -76,  -31,  -71,  -74,  -16,  -79,    0,    0,  -24,  -17,    0,    0,    0,    0,    0,    0,  -17,  -33,    0,  -54,  -46,  -18,  -27,    0,    0,    0,    0,    0,  -49,
       0,    0,    0,    0,    0,    0,  -16,    0,   -7,    0,    0,  -15,    0,  -13,  -13,  -18,  -25,    0,    0,    0,    0,    0,    0,    0,    0,    0,    0,    0,    0,    0,    0,    0,    0,    0,    0,    0,    0,    0,    0,    0,
       0,    0,    0,    0,    0,    0,  -18,    0,    0,    0,    0,  -16,    0,  -11,  -11,  -20,  -26,    0,    0,    0,    0,    0,    0,    0,    0,    0,    0,    0,    0,    0,    0,    0,    0,    0,    0,    0,    0,    0,    0,    0,
       0,    0,    0,  -33,    0,    0,  -31,    0,    0,  -11,  -13,  -31,    0,  -31,  -31,  -47,  -49,  -13,    0,    0,    0,    0,    0,    0,    0,    0,    0,   -7,    0,    0,    0,    0,    0,    0,    0,  -53,    0,    0,    0,    0,
       0,    0,    0,    0,    0,    0,    0,    0,  -22,    0,    0,    0,    0,    0,    0,    0,    0,    0,    0,  -15,   -9,    0,    0,    0,    0,    0,    0,   -9,    0,    0,  -45,  -33,  -11,  -27,    0,    0,    0,    0,    0,    0,
       0,    0,    0,  -87,    0,    0,  -59,    0,  -33,  -47,  -13,    0,    0,    0,    0,    0,  -16,    0,  -63,  -61,  -51,  -57,    0,    0,  -49,  -54,  -43,  -51,  -31,  -29,  -46,  -37,  -57,  -53,  -57, -105,    0,    0,    0,    0,
       0,    0,    0,    0,    0,    0,    0,    0,    0,    0,    0,  -31,    0,  -18,  -18,    0,  -31,    0,    0,    0,    0,    0,    0,    0,    0,    0,    0,    0,    0,    0,    0,    0,    0,    0,    0,    0,    0,    0,    0,    0,
       0,    0,    0,    0,    0,    0,  -16,    0,    0,    0,    0,    0,    0,    0,    0,    0,    0,    0,    0,    0,    0,    0,    0,    0,    0,    0,    0,    0,    0,    0,    0,    0,    0,    0,    0,    0,    0,    0,    0,    0,
       0,    0,    0,    0,  -33,    0,  -35,    0,  -38,    0,  -21,  -39,  -18,  -33,  -21,    0,  -27,    0,  -15,  -33,  -29,    0,    0,    0,    0,    0,    0,    0,  -27,  -20,  -58,  -38,  -15,  -38,    0,    0,    0,    0,    0,    0,
    -113,    0,    0,    0,  -33,    0,  -16,    0,  -42,    0,    0,  -62,  -24,  -62,  -58,    0,  -85,    0,    0,  -15,  -11,    0,    0,    0,    0,    0,    0,   -9,    0,    0,  -37,  -24,    0,  -26,    0,    0,    0,    0,    0, -105,
       0,    0,    0,  -97,    0,    0,  -73,    0,    0,  -58,    0,  -22,    0,  -13,  -18,  -25,  -27,  -33,  -13,  -26,  -26,  -17,    0,    0,    0,    0,    0,  -25,    0,    0,    0,    0,    0,    0,    0,  -82,    0,    0,    0,    0,
       0,    0,    0,    0,    0,    0,  -18,    0,   -7,    0,    0,   -7,    0,  -11,  -11,    0,  -21,    0,    0,  -22,  -22,  -17,    0,    0,    0,    0,    0,    0,    0,    0,    0,    0,    0,    0,    0,    0,    0,    0,    0,    0,
       0,    0,    0,    0,    0,    0,  -21,    0,   -9,   -7,  -11,  -16,    0,  -23,  -18,  -20,  -27,    0,    0,    0,    0,    0,    0,    0,    0,    0,    0,    0,  -15,    0,  -20,  -18,    0,  -20,    0,    0,    0,    0,    0,    0,
       0,    0,    0,  -89,  -80,  -55,  -69,    0,  -31,  -53,  -16,    0,    0,    0,    0,  -11,  -20,    0,  -71,  -76,  -67,  -64,    0,    0,  -61,  -61,  -58,  -74,  -24,  -63,  -61,  -56,  -54,  -61,  -56,  -95,    0,    0,    0,    0,
       0,    0,    0,    0,    0,    0,  -31,    0,    0,  -11,    0,    0,    0,    0,    0,  -11,    0,    0,    0,    0,    0,    0,    0,    0,    0,    0,    0,    0,    0,    0,    0,    0,    0,    0,    0,  -49,    0,    0,    0,    0,
       0,    0,    0,  -82,  -49,  -29,  -71,    0,  -31,  -46,  -23,    0,    0,  -11,  -11,  -11,  -11,    0,  -47,  -54,  -45,  -49,    0,    0,  -35,  -35,  -38,  -45,    0,  -35,  -23,  -23,  -23,  -23,  -25, -102,    0,    0,    0,    0,
       0,    0,    0,  -71,  -37,    0,  -74,    0,  -31,  -46,  -18,    0,    0,  -11,  -16,  -11,  -11,    0,  -43,  -49,  -45,    0,    0,    0,  -29,  -35,  -22,    0,    0,  -33,  -13,  -13,  -13,  -13,  -18,  -99,    0,    0,    0,    0,
       0,    0,    0,    0,  -39,    0,  -16,    0,  -47,    0,  -29,  -11,  -11,  -16,  -16,   -7,  -16,    0,  -13,  -38,    0,    0,    0,    0,    0,    0,    0,    0,    0,    0,    0,    0,    0,  -47,    0,    0,    0,    0,    0,    0,
       0,    0,    0,  -98,  -71,  -40,  -79,    0,  -49,  -54,  -27,    0,    0,  -11,  -11,   -7,   -7,  -16,  -73,  -76,  -67,  -74,    0,    0,  -45,  -35,  -33,  -69,  -35,  -54,  -46,  -36,  -47,  -39,  -51, -101,    0,    0,    0,    0,
       0,    0,    0,    0,  -31,    0,    0,    0,  -18,    0,    0,    0,    0,    0,    0,    0,   -7,    0,    0,  -22,  -22,    0,    0,    0,    0,    0,    0,    0,  -20,    0,  -22,  -22,    0,  -17,    0,    0,    0,    0,    0,    0,
       0,    0,    0,    0,    0,    0,    0,    0,    0,    0,    0,    0,    0,    0,    0,    0,    0,    0,    0,    0,    0,    0,    0,   56,    0,    0,    0,    0,    0,    0,    0,    0,    0,    0,    0,    0,    0,    0,    0,    0,
       0,    0,    0,    0,    0,    0,    0,    0,    0,    0,    0,    0,    0,    0,    0,    0,    0,    0,    0,    0,    0,    0,    0,    0,    0,    0,    0,    0,  -11,    0,  -11,  -11,    0,   -7,    0,    0,    0,    0,    0,    0,
       0,    0,    0,    0,    0,    0,    0,    0,    0,    0,    0,    0,    0,    0,    0,    0,    0,    0,    0,    0,    0,    0,    0,    0,    0,    0,    0,    0,  -11,    0,  -18,  -18,  -18,  -18,  -11,    0,    0,    0,    0,    0,
       0,    0,    0,    0,    0,    0,    0,    0,    0,    0,    0,    0,    0,    0,    0,    0,    0,    0,    0,   -2,    0,    0,    0,    0,    0,    0,    0,    0,  -11,    0,  -11,   -7,  -18,  -11,  -11,    0,    0,    0,    0,    0,
     -13,    0,    0,    0,    0,    0,    0,    0,    0,    0,    0,  -76,    0,  -45,  -49,    0,    0,    0,    0,    0,    0,    0,    0,    0,    0,    0,    0,    0,   -9,    0,  -16,  -11,  -23,  -16,  -16,    0,    0,    0,    0,    0,
       0,   39,    2,  -24,    0,    0,  -24,    0,    0,    0,    0,    0,    0,    0,    0,    0,    0,    0,    0,  -13,  -11,    0,    0,    0,    0,    0,    0,  -11,    0,    0,    0,    0,   -2,    0,    0,    0,    0,    0,    0,   37,
       0,    0,    0,    0,    0,    0,    0,    0,    0,    0,    0,    0,    0,    0,    0,    0,    0,    0,  -11,  -21,  -13,    0,    0,    0,    0,    0,    0,  -11,    0,    0,    0,    0,    0,    0,    0,    0,    0,    0,    0,    0,
       0,    0,    0,    0,    0,    0,    0,    0,    0,    0,    0,    0,    0,    0,    0,    0,    0,    0,    0,    0,    0,    0,    0,    0,    0,    0,    0,    0,  -11,    0,  -11,  -11,    0,  -11,    0,    0,    0,    0,    0,    0,
       0,   20,    0,    0,    0,    0,    0,    0,    0,    0,    0,    0,    0,    0,    0,    0,    0,    0,    0,    0,    0,    0,    0,    0,    0,    0,    0,    0,    0,    0,    0,    0,    0,    0,    0,    0,    0,    0,    0,    0,
       0,    0,    0,    0,  -35,    0,    0,    0,    0,    0,    0,    0,    0,    0,    0,    0,    0,    0,  -11,  -27,  -23,    0,    0,    0,    0,    0,    0,  -25,  -21,  -11,  -16,  -16,  -13,  -16,    0,    0,    0,    0,    0,    0,
     -17,    0,    0,  -15,    0,    0,    0,    0,    0,    0,    0,  -76,    0,  -54,  -49,    0,    0,    0,    0,    0,    0,    0,    0,    0,    0,    0,    0,    0,  -11,    0,  -23,  -21,  -29,  -18,  -16,    0,    0,    0,    0,    0,
       7,    0,    0,  -58,  -31,    0,    0,    0,    0,    0,    0,    0,    0,    0,    0,    0,    0,    0,   -9,  -11,  -11,    0,    0,    0,    0,    0,    0,   -7,    0,    0,    0,    0,    0,    0,    0,    0,    0,    0,    0,    0,
       0,    0,    0,    0,    0,    0,    0,    0,    0,    0,    0,    0,    0,    0,    0,    0,    0,    0,    0,    0,    0,    0,    0,    0,    0,    0,    0,    0,  -11,    0,  -16,  -11,  -16,  -11,    0,    0,    0,    0,    0,    0,
       2,    0,    0,    0,    0,    0,    0,    0,    0,    0,    0,    0,    0,    0,    0,    0,    0,    0,    0,  -11,  -11,    0,    0,    0,    0,    0,    0,    0,    0,    0,    0,    0,   -2,    0,    0,    0,    0,    0,    0,   15,
       0,    0,    0,  -47,    0,    0,  -54,    0,    0,    0,    0,    0,    0,    0,    0,    0,    0,    0,  -11,  -23,  -18,  -11,    0,    0,    0,    0,    0,  -16,    0,    0,   -7,   -7,  -11,   -7,    0,    0,    0,    0,    0,    0,
       0,    0,    0,  -47,    0,    0,  -46,    0,    0,    0,    0,    0,    0,    0,    0,    0,    0,    0,  -11,  -21,  -18,  -11,    0,    0,    0,    0,    0,  -11,    0,    0,   -7,   -7,   -7,   -7,    0,    0,    0,    0,    0,    0,
       0,    0,    0,    0,  -35,    0,    0,    0,    0,    0,    0,    0,    0,    0,    0,    0,    0,    0,  -16,  -34,  -18,    0,    0,    0,    0,    0,    0,  -16,  -26,  -11,  -21,  -21,  -11,  -21,    0,    0,    0,    0,    0,    0,
       0,    0,    0,  -49,    0,    0,  -54,    0,    0,    0,    0,    0,    0,    0,    0,    0,    0,    0,  -11,  -18,  -18,  -11,    0,    0,    0,    0,    0,  -16,    0,    0,   -7,   -7,   -7,   -7,    0,    0,    0,    0,    0,    0,
       0,    0,    0,    0,    0,    0,    0,    0,    0,    0,    0,    0,    0,    0,    0,    0,    0,    0,    0,  -16,  -11,    0,    0,    0,    0,    0,    0,    0,    0,    0,    0,    0,    0,    0,    0,    0,    0,    0,    0,    0,
       0,    0,    0,    0,    0,    0,    0,    0,    0,    0,    0,    0,    0,    0,    0,    0,    0,    0,    0,    0,    0,    0,    0,   54,    0,    0,    0,    0,    0,    0,    0,    0,    0,    0,    0,    0,    0,    0,    0,    0,
       0,    0,    0,    0,    0,    0,    0,   67,   57,    0,   57,   76,   67,   67,   67,   67,   67,   67,   38,   19,   29,   29,   76,   76,   47,   47,   57,   38,   67,   57,   67,   57,   57,   57,   47,    0,   57,  127,   47,    0,
       0,    0,    0,    0,    0,    0,  -58,    0,    0,    0,    0,    0,    0,    0,    0,    0,    0,    0,    0,    0,    0,    0,    0,    0,    0,    0,    0,    0,    0,    0,    0,    0,    0,    0,    0,    0,    0,    0,    0,    0,
       0,    0,    0,    0,    0,    0,  -77,    0,    0,    0,    0,    0,    0,    0,    0,    0,    0,    0,    0,  -42,  -42,    0,    0,    0,    0,    0,   -6,  -33,    0,    0,  -11,    0,    0,    0,    0,    0,    0,    0,    0,    0,
};

static const EpdLigaturePair librefranklin_10_bold_2xLigaturePairs[] = {
    { 0x00660069, 0xFB01 }, // f i -> U+FB01
    { 0x0066006C, 0xFB02 }, // f l -> U+FB02
};

static const EpdFontData librefranklin_10_bold_2x = {
    librefranklin_10_bold_2xBitmaps,
    librefranklin_10_bold_2xGlyphs,
    librefranklin_10_bold_2xIntervals,
    55,
    51,
    41,
    -11,
    false,
    nullptr,
    0,
    nullptr,
    librefranklin_10_bold_2xKernLeftClasses,
    librefranklin_10_bold_2xKernRightClasses,
    librefranklin_10_bold_2xKernMatrix,
    230,
    312,
    47,
    40,
    librefranklin_10_bold_2xLigaturePairs,
    2,
};
