/**
 * generated by fontconvert.py
 * name: librefranklin_reader_14_italic
 * size: 14
 * mode: 2-bit  compressed: true
 * Command used: fontconvert.py librefranklin_reader_14_italic 14 ../builtinFonts/source/LibreFranklin/LibreFranklin-Italic.ttf --2bit --compress --pnum
 */
#pragma once
#include "EpdFontData.h"

static const uint8_t librefranklin_reader_14_italicBitmaps[26963] = {
    0xA5, 0x59, 0x3F, 0x8C, 0xE4, 0xD6, 0x79, 0xFF, 0x48, 0xFA, 0x96, 0xC1, 0x11, 0x16, 0x55, 0xDC,
    0xB9, 0x90, 0x7D, 0xCB, 0x14, 0x2E, 0xE4, 0xC3, 0xDD, 0xD2, 0x85, 0x8B, 0x2B, 0x66, 0x86, 0x4F,
    0x72, 0xE1, 0x32, 0x8B, 0x40, 0x7B, 0x4D, 0x0A, 0xAB, 0x48, 0xE1, 0x5C, 0x60, 0x6C, 0x8A, 0x2B,
    0x16, 0xC1, 0xCC, 0x0E, 0x61, 0x95, 0x2E, 0xBC, 0x06, 0xAC, 0xB4, 0xDE, 0xE2, 0x8A, 0xD3, 0xB8,
    0xF0, 0x19, 0x38, 0x04, 0x1B, 0x60, 0xF6, 0xE6, 0x09, 0x2A, 0x5C, 0xB8, 0x10, 0x13, 0xC3, 0x48,
    0xA1, 0x42, 0x2C, 0x4E, 0x0E, 0x72, 0x2E, 0x44, 0x2B, 0x94, 0xC5, 0x95, 0x66, 0x87, 0xF9, 0xFD,
    0xBE, 0x47, 0xCE, 0xEC, 0xCA, 0x96, 0x20, 0xDB, 0x33, 0xE4, 0x37, 0x33, 0x1C, 0xBE, 0xF7, 0xBE,
    0xBF, 0xBF, 0xEF, 0xFB, 0x1E, 0xE5, 0xA1, 0x2C, 0xA5, 0xF1, 0x6A, 0xBC, 0x2B, 0xBF, 0xF2, 0xCB,
    0xA0, 0x0C, 0x8A, 0xC0, 0xF2, 0x1D, 0xE6, 0xA1, 0x09, 0xCD, 0x96, 0xF0, 0x95, 0x9A, 0x4C, 0x32,
    0xB9, 0x79, 0xD5, 0x8C, 0xE2, 0x7C, 0x98, 0x98, 0x41, 0x22, 0x38, 0x0E, 0xB6, 0xE5, 0xFE, 0x0D,
    0xFD, 0x5B, 0x5E, 0xF5, 0x41, 0x1E, 0x45, 0x20, 0x65, 0x2C, 0xE2, 0x15, 0x5F, 0x16, 0xF1, 0xED,
    0xD7, 0x44, 0x02, 0x3B, 0x00, 0xC9, 0xEF, 0x48, 0xD0, 0xB6, 0x6D, 0xA1, 0x44, 0x9E, 0x93, 0x52,
    0xE4, 0x86, 0x14, 0x22, 0xB7, 0x7C, 0x2B, 0x32, 0x08, 0xAC, 0xDC, 0x7C, 0xF2, 0xB3, 0xFF, 0x95,
    0xAC, 0x6D, 0x57, 0x22, 0x95, 0x4E, 0xF2, 0x1C, 0x27, 0xB9, 0xC1, 0x49, 0x6E, 0x71, 0x3C, 0x27,
    0x31, 0x77, 0x44, 0x42, 0xF9, 0x17, 0xE9, 0x5F, 0x21, 0x09, 0x6F, 0xF6, 0x16, 0x47, 0x22, 0x31,
    0xC7, 0x4E, 0xBF, 0xBB, 0x6F, 0xA5, 0x79, 0x2E, 0xB0, 0x7E, 0x85, 0xB1, 0x41, 0x71, 0x9B, 0x0C,
    0x70, 0x82, 0x82, 0x13, 0xD4, 0x20, 0x5E, 0x7B, 0x82, 0x11, 0xD9, 0x8A, 0xE3, 0x5B, 0xB0, 0x21,
    0x8B, 0x25, 0x19, 0xE7, 0xEF, 0x2A, 0x25, 0x89, 0x9D, 0x08, 0xCF, 0x4B, 0x99, 0xC8, 0xD8, 0x2B,
    0x46, 0x92, 0xBD, 0xF4, 0x9F, 0x4B, 0xCC, 0xDE, 0x56, 0xE2, 0xB7, 0x6D, 0xCE, 0x09, 0xA5, 0x23,
    0xBE, 0xE1, 0xF8, 0x1C, 0xEC, 0x05, 0xBF, 0xAD, 0xC0, 0x49, 0x6C, 0x1E, 0xCB, 0x6D, 0xD9, 0x96,
    0x81, 0xDC, 0xC7, 0x39, 0x80, 0x94, 0x03, 0x15, 0xEE, 0x40, 0x06, 0x60, 0xF3, 0x40, 0x0E, 0x6E,
    0x93, 0x56, 0xF7, 0x21, 0xB2, 0x57, 0x61, 0xED, 0x9D, 0xF0, 0x2D, 0xBB, 0xC8, 0xA3, 0x36, 0xE6,
    0xF0, 0xDD, 0xDB, 0xB1, 0xC1, 0x3F, 0xF7, 0x39, 0x5C, 0x4A, 0x0E, 0xA7, 0xEA, 0x06, 0x12, 0x73,
    0x38, 0xA6, 0xC5, 0x70, 0x4C, 0x7B, 0x47, 0x2A, 0x0F, 0xD3, 0x7A, 0x25, 0xA6, 0xDD, 0x8E, 0x2C,
    0x98, 0x0D, 0x57, 0xAA, 0x8C, 0x5D, 0xDA, 0xA8, 0x26, 0x53, 0x6D, 0x4B, 0xB5, 0x14, 0x31, 0x98,
    0x4B, 0x4C, 0x04, 0x86, 0x33, 0x21, 0x1D, 0x09, 0xAF, 0x8C, 0x84, 0x42, 0x66, 0x42, 0xA1, 0x93,
    0x1F, 0x56, 0xBC, 0xB3, 0xA5, 0x14, 0x49, 0x23, 0x9E, 0xA1, 0x2E, 0x60, 0xF7, 0x7A, 0x2A, 0x71,
    0x1E, 0xDB, 0x34, 0x4F, 0x61, 0xF5, 0xD8, 0xCE, 0x71, 0x7B, 0xF0, 0x41, 0x8D, 0xA1, 0x3E, 0x6C,
    0x37, 0x12, 0xC1, 0x80, 0x0C, 0x7A, 0xCC, 0x25, 0xCD, 0xBF, 0xFA, 0xFE, 0x19, 0x55, 0xF3, 0x72,
    0x6B, 0xFD, 0xB6, 0x96, 0xC4, 0x3A, 0xC3, 0xDC, 0xCC, 0x86, 0x83, 0xC1, 0x9D, 0x6F, 0xA9, 0x82,
    0xC0, 0xE1, 0xB6, 0x50, 0xA4, 0x13, 0xF1, 0x2A, 0x09, 0x4A, 0x6A, 0x2E, 0xB2, 0xE4, 0x25, 0x11,
    0xF2, 0x82, 0xF9, 0x86, 0xFD, 0x31, 0xE8, 0x0F, 0xF7, 0x73, 0x47, 0x87, 0xC6, 0x6A, 0xE3, 0xC0,
    0x88, 0x0F, 0x21, 0xFE, 0x56, 0xA0, 0x01, 0xB9, 0x45, 0xEF, 0xE1, 0x1F, 0x3C, 0x0C, 0x0F, 0x08,
    0xB8, 0x3E, 0xE2, 0xBC, 0xBB, 0xB8, 0x5E, 0x00, 0x33, 0xCE, 0x45, 0x6A, 0x65, 0xA0, 0x90, 0x30,
    0xE7, 0xB8, 0xDB, 0x3A, 0x93, 0x7C, 0x1D, 0x1A, 0x17, 0xF8, 0xD4, 0x3F, 0xFE, 0xE2, 0x78, 0xD1,
    0x96, 0x5B, 0x67, 0x70, 0x12, 0x89, 0x6F, 0xC9, 0x20, 0x96, 0x6F, 0x5D, 0x5D, 0x3B, 0x5A, 0x64,
    0x74, 0xA9, 0x8B, 0xE7, 0xA2, 0x6D, 0x2D, 0x7C, 0xD9, 0x72, 0x1E, 0xF2, 0xC3, 0x35, 0xD6, 0xE7,
    0x35, 0xB8, 0x19, 0x14, 0x17, 0xDB, 0x24, 0x8F, 0xE4, 0xCB, 0xF2, 0xA2, 0x7C, 0x93, 0x4A, 0x99,
    0xC1, 0xBF, 0xCD, 0xF5, 0x3D, 0xB9, 0x96, 0x1D, 0x4E, 0x44, 0xB6, 0xBA, 0x39, 0x21, 0x21, 0x65,
    0x95, 0x31, 0xCE, 0xC7, 0xF4, 0x3F, 0x68, 0xAD, 0x70, 0xFE, 0xD5, 0x2F, 0xBB, 0xD3, 0x4D, 0x7B,
    0xE0, 0xFE, 0x86, 0xFD, 0xF5, 0x6F, 0xC8, 0xA1, 0x26, 0x4D, 0xBA, 0x19, 0x06, 0xDD, 0x0C, 0xFA,
    0xF2, 0x69, 0xD5, 0x14, 0x3E, 0x2B, 0x8B, 0x97, 0x97, 0xE2, 0xD3, 0x7A, 0x61, 0x09, 0x75, 0xC4,
    0x16, 0x4E, 0x91, 0x40, 0x3D, 0x79, 0x26, 0x3D, 0x39, 0x24, 0x39, 0x25, 0x81, 0x96, 0x92, 0x7C,
    0xC9, 0x60, 0x27, 0xA1, 0x93, 0xA8, 0xA7, 0x1C, 0x52, 0x7D, 0x4B, 0x99, 0x88, 0xD7, 0xD0, 0x17,
    0x2A, 0x18, 0x1A, 0xA6, 0x8E, 0xE8, 0x68, 0x5E, 0x5B, 0xF7, 0x4B, 0x7A, 0xC7, 0x92, 0xD4, 0x5E,
    0x5B, 0x05, 0x9F, 0x54, 0xFE, 0xB7, 0x9D, 0xA9, 0x4B, 0x09, 0x0B, 0xB8, 0xA2, 0x1A, 0xDC, 0x1D,
    0x6A, 0x1E, 0xAC, 0x8F, 0x23, 0xE5, 0xEC, 0x3C, 0xA6, 0x32, 0x6D, 0xCF, 0x17, 0xED, 0xB9, 0x8B,
    0xE3, 0xA4, 0xC5, 0x8A, 0x8B, 0xD7, 0x5B, 0x09, 0x1A, 0x38, 0x98, 0x5F, 0x72, 0x80, 0x70, 0xAC,
    0xB8, 0x6F, 0x89, 0x51, 0x07, 0xC6, 0xEB, 0x9C, 0x72, 0x36, 0xBC, 0xCE, 0x38, 0xCE, 0xF2, 0xEE,
    0x52, 0x48, 0x8E, 0xD4, 0x15, 0x9F, 0xAC, 0x6F, 0x28, 0x78, 0xC3, 0xEB, 0x7B, 0xAF, 0x60, 0x25,
    0x4C, 0xBF, 0x20, 0xC1, 0x6A, 0x4F, 0xB9, 0x1A, 0xC2, 0x67, 0x71, 0x34, 0x05, 0x6A, 0xF0, 0xAE,
    0xE7, 0xA9, 0x25, 0xC2, 0x85, 0x86, 0x50, 0xBF, 0xEE, 0x14, 0x37, 0xFF, 0xC3, 0x92, 0xA1, 0x52,
    0x90, 0x70, 0x46, 0x9D, 0x1B, 0x7A, 0xEA, 0xB9, 0xDA, 0x90, 0xD4, 0x0C, 0x39, 0x22, 0xCB, 0xB7,
    0x3A, 0xD4, 0xF0, 0x5A, 0xDA, 0xC2, 0x33, 0xAA, 0xA4, 0x87, 0x64, 0x89, 0xC1, 0x17, 0x69, 0x04,
    0x92, 0x4C, 0x38, 0xDF, 0x87, 0x20, 0xC1, 0x7F, 0x81, 0xF3, 0xF8, 0x65, 0xD8, 0x6C, 0x04, 0x1D,
    0xCB, 0x09, 0x88, 0x5F, 0x81, 0x44, 0x16, 0x8A, 0x4C, 0xC8, 0xD9, 0x98, 0xFA, 0x04, 0xF7, 0x6D,
    0x8E, 0x93, 0xB3, 0x3A, 0xB5, 0x6C, 0x74, 0xB3, 0x56, 0x10, 0x39, 0x7B, 0x61, 0x36, 0x3B, 0x26,
    0xA6, 0x56, 0x32, 0xE2, 0x37, 0x7A, 0x18, 0x0D, 0x29, 0xA2, 0x02, 0x50, 0x4B, 0x5E, 0xA5, 0xE4,
    0xDE, 0x91, 0xF8, 0x9F, 0x40, 0xFF, 0x41, 0xFB, 0x6F, 0xAD, 0xF1, 0xBA, 0x38, 0x56, 0xF1, 0xC3,
    0x35, 0xD9, 0x68, 0x23, 0xC9, 0x77, 0x28, 0x60, 0x6A, 0xFD, 0x73, 0xFA, 0x00, 0x5D, 0x6C, 0x2D,
    0x60, 0x67, 0x41, 0x2C, 0xB0, 0xF8, 0xF1, 0x13, 0xEA, 0x7E, 0xDB, 0x29, 0xD4, 0x0D, 0x54, 0xC6,
    0xB8, 0xF6, 0x88, 0x64, 0x12, 0xAD, 0x8C, 0x3C, 0x69, 0x01, 0xC2, 0x8B, 0xF7, 0xC2, 0x46, 0x56,
    0xB4, 0x9E, 0x3A, 0xDB, 0x92, 0x37, 0x28, 0x01, 0xB7, 0x13, 0xBC, 0xF1, 0x23, 0xA3, 0x0F, 0x27,
    0x79, 0x52, 0x72, 0xC9, 0x1C, 0x3A, 0xA5, 0x0C, 0x9E, 0xA8, 0x90, 0x0C, 0x2C, 0xF8, 0xE2, 0xCD,
    0xD9, 0x4C, 0xA1, 0x90, 0x3A, 0xF5, 0xAB, 0x9E, 0x6F, 0x67, 0x13, 0x5D, 0xEF, 0xF2, 0x9F, 0x97,
    0xD9, 0x52, 0x87, 0x3A, 0x5D, 0xDF, 0x41, 0xE5, 0x04, 0x97, 0x6F, 0x53, 0x02, 0x01, 0x0B, 0x0A,
    0x08, 0x3F, 0x5B, 0x98, 0x29, 0xE3, 0x21, 0xCE, 0xD5, 0x42, 0x58, 0x2B, 0xB4, 0x11, 0xA1, 0x8D,
    0xBE, 0x9E, 0x87, 0x15, 0xD6, 0xF4, 0x57, 0x66, 0x4E, 0xE5, 0x60, 0x0A, 0x4A, 0x19, 0x96, 0x5F,
    0x3D, 0xE7, 0x62, 0x53, 0x8A, 0x9F, 0x9A, 0xF1, 0x3A, 0xE0, 0xE6, 0xFC, 0x39, 0x51, 0xA7, 0x31,
    0xD0, 0x69, 0xD2, 0xA5, 0x1A, 0xB0, 0x75, 0xC5, 0x68, 0x28, 0xE7, 0x0C, 0x65, 0xB0, 0xB4, 0x7A,
    0xE9, 0x9C, 0xF8, 0x94, 0xD1, 0x18, 0x89, 0xD1, 0x70, 0xC2, 0x7C, 0x91, 0xDD, 0x10, 0x86, 0xB7,
    0x8D, 0x4B, 0xAF, 0xB5, 0xCC, 0xB4, 0xB9, 0x2C, 0x56, 0xB8, 0xEC, 0x99, 0x44, 0x2E, 0x69, 0xBE,
    0x73, 0x82, 0xBF, 0xA1, 0x88, 0x99, 0x49, 0x2D, 0xFD, 0x94, 0xEB, 0x50, 0xEA, 0x2F, 0xA9, 0xE2,
    0x90, 0x3E, 0xEC, 0x15, 0x23, 0x97, 0x5E, 0xD7, 0xB1, 0xF0, 0x21, 0x41, 0xA0, 0xF6, 0xEB, 0xA0,
    0x42, 0xB4, 0x5F, 0x7A, 0x5D, 0x91, 0x0D, 0xE0, 0xDD, 0x52, 0xC0, 0xEB, 0x50, 0x01, 0x5A, 0xDC,
    0xAF, 0x98, 0x65, 0x3C, 0xE8, 0x20, 0x3D, 0x73, 0x81, 0x9A, 0x3D, 0x65, 0xFA, 0xC5, 0x02, 0xFB,
    0x4D, 0x27, 0xA0, 0xBA, 0xAE, 0x5C, 0x9D, 0xCD, 0x1E, 0x40, 0xFE, 0x5A, 0xFE, 0xC4, 0x0B, 0x46,
    0x2E, 0x32, 0x42, 0xAE, 0x38, 0xDC, 0x8B, 0x75, 0x28, 0xFD, 0xED, 0x9C, 0x76, 0x29, 0x1D, 0x0E,
    0xE0, 0x33, 0x59, 0xC9, 0x16, 0xAE, 0x67, 0x35, 0x9D, 0x49, 0x10, 0xD3, 0x78, 0xED, 0x3F, 0xC5,
    0x7A, 0xAD, 0xA4, 0x45, 0x62, 0x0F, 0x21, 0xDF, 0xF7, 0x88, 0x4D, 0x1A, 0xE6, 0x74, 0x12, 0x9A,
    0x36, 0x73, 0xE8, 0x11, 0xD4, 0xEE, 0x67, 0xDA, 0x41, 0x72, 0xE3, 0x30, 0x57, 0x2E, 0x48, 0x4B,
    0xBF, 0xE0, 0xA9, 0xAE, 0xD1, 0x4F, 0xDF, 0x42, 0xA0, 0x60, 0x75, 0x17, 0x0E, 0x98, 0xE6, 0x8C,
    0x1F, 0xA8, 0xD8, 0x2F, 0xD5, 0xD1, 0x2A, 0xF8, 0x45, 0x29, 0x07, 0xB1, 0x2C, 0xCE, 0x8B, 0x3B,
    0xDB, 0x7E, 0x9D, 0xDA, 0xC1, 0x20, 0x84, 0xAA, 0x06, 0x83, 0x18, 0xD9, 0xF9, 0x00, 0x7F, 0xC4,
    0xF2, 0xF8, 0x71, 0x02, 0x5A, 0x3D, 0xDA, 0x96, 0x1D, 0xAF, 0x04, 0x9D, 0x04, 0xF6, 0x71, 0xEC,
    0xC1, 0x76, 0x07, 0x71, 0xFB, 0xEE, 0xB9, 0x0C, 0xFC, 0xF3, 0xAD, 0x23, 0xCD, 0x34, 0x4E, 0x72,
    0x5D, 0x3B, 0x04, 0x97, 0xED, 0xEB, 0x8B, 0xBC, 0x8B, 0x37, 0xCD, 0x3A, 0xF4, 0x16, 0x72, 0x1A,
    0x51, 0x81, 0xD4, 0x8F, 0xA4, 0x74, 0xE7, 0x21, 0x0D, 0x3E, 0xA7, 0xFF, 0xD7, 0x23, 0xBA, 0xFF,
    0x88, 0xA2, 0x43, 0x42, 0x38, 0x0D, 0x27, 0x54, 0x2C, 0x46, 0x9C, 0x0C, 0x29, 0xF9, 0xE9, 0xDE,
    0x77, 0xAD, 0xB0, 0x4A, 0x83, 0x07, 0xB6, 0xA8, 0x04, 0xA1, 0x28, 0x78, 0x74, 0x50, 0x61, 0x5D,
    0x9F, 0x05, 0x92, 0x57, 0x33, 0xD7, 0x34, 0x73, 0x8D, 0x94, 0xD9, 0xEC, 0x88, 0xF0, 0xD6, 0x1A,
    0xFF, 0x6C, 0x6F, 0x51, 0x40, 0xDC, 0x90, 0x78, 0x15, 0x54, 0x0E, 0xB9, 0x4A, 0x47, 0x82, 0x0A,
    0x3A, 0x8E, 0xE1, 0x52, 0x32, 0x35, 0x08, 0xDE, 0x86, 0xDE, 0x06, 0x62, 0xBD, 0x85, 0x61, 0x3A,
    0xB0, 0x20, 0xCE, 0x7B, 0x0B, 0x25, 0x29, 0x0D, 0xC0, 0xC4, 0x80, 0xE4, 0xB4, 0xD5, 0xD2, 0xEA,
    0x48, 0x3A, 0xED, 0xCA, 0x74, 0x36, 0x76, 0xB1, 0x77, 0x34, 0xCD, 0x81, 0xA2, 0x51, 0x11, 0x72,
    0x35, 0x70, 0xED, 0x57, 0xF0, 0x1F, 0xEF, 0x58, 0xA3, 0x58, 0xC9, 0xE1, 0x3A, 0x9E, 0xE7, 0x7D,
    0x50, 0x5F, 0x20, 0xF3, 0xEE, 0xDF, 0xC8, 0x8E, 0x18, 0xFF, 0x99, 0xC1, 0xFD, 0x71, 0x09, 0xC0,
    0x0E, 0x19, 0xA8, 0x88, 0x1A, 0xE9, 0xF0, 0x6C, 0xF6, 0x06, 0x53, 0x1C, 0x38, 0xF0, 0xCF, 0xFE,
    0x19, 0x52, 0x22, 0xAA, 0x8B, 0xA0, 0x93, 0x12, 0x41, 0x50, 0x02, 0x00, 0xE8, 0x47, 0x0D, 0x9D,
    0x68, 0x19, 0x29, 0x81, 0x55, 0x1A, 0x30, 0xE4, 0x29, 0xA9, 0x95, 0x35, 0x08, 0x18, 0x54, 0xBD,
    0x80, 0xA8, 0xAB, 0xC0, 0x22, 0x8A, 0x69, 0xEF, 0x1C, 0x9C, 0xEE, 0xD7, 0x14, 0x30, 0x07, 0x79,
    0xCA, 0xD5, 0xA0, 0x4F, 0x4F, 0x75, 0xFF, 0xF1, 0x6C, 0x96, 0xAB, 0xF7, 0x04, 0x1B, 0x52, 0xF6,
    0xE4, 0x02, 0x28, 0xB3, 0x9A, 0x8E, 0x19, 0x13, 0x9B, 0x1C, 0xB0, 0x49, 0x92, 0x1B, 0xBC, 0xDD,
    0xE8, 0x25, 0x63, 0xEA, 0x53, 0xC2, 0xD5, 0x72, 0xAE, 0x66, 0xB9, 0x9A, 0xF9, 0x22, 0xAB, 0x3D,
    0x83, 0xB9, 0x63, 0x5D, 0xF2, 0x37, 0x7B, 0xE6, 0x8B, 0xAC, 0x36, 0x5A, 0x93, 0xDE, 0x78, 0x2E,
    0xDB, 0xE6, 0x1E, 0x8D, 0x17, 0x5C, 0x32, 0xDE, 0xD1, 0x9F, 0x36, 0x5E, 0xDC, 0x56, 0xCC, 0xA3,
    0xE5, 0x92, 0xEC, 0x90, 0x14, 0x73, 0xB2, 0xC3, 0x72, 0x85, 0xC6, 0x4B, 0x2D, 0x8C, 0x37, 0xB5,
    0x71, 0x11, 0x7E, 0x94, 0xC3, 0x78, 0xBF, 0x26, 0xE4, 0x05, 0xC6, 0x19, 0xEF, 0x81, 0xC8, 0x37,
    0x90, 0xCD, 0x64, 0x42, 0x38, 0x3F, 0xA5, 0x80, 0x73, 0xCA, 0xB6, 0x74, 0x84, 0x76, 0xEB, 0x8D,
    0xE7, 0xD5, 0xD1, 0x7B, 0x7B, 0x77, 0x6B, 0xA8, 0xB3, 0xAD, 0x62, 0x25, 0xEA, 0xF2, 0xB0, 0x5B,
    0xA9, 0x04, 0xB2, 0x85, 0x85, 0x12, 0x8D, 0x9A, 0xAC, 0x73, 0x51, 0xE5, 0xC0, 0x91, 0x5C, 0x1E,
    0x10, 0x17, 0x99, 0xAF, 0xF1, 0x46, 0x0F, 0x15, 0x16, 0x40, 0x51, 0x4B, 0x4C, 0x44, 0x2D, 0x9D,
    0xB3, 0xE6, 0x4A, 0x85, 0x1D, 0xD4, 0x48, 0xF5, 0xF1, 0xA2, 0xCA, 0xA7, 0x55, 0x15, 0x8F, 0x86,
    0x07, 0x58, 0xC5, 0xE1, 0x53, 0x29, 0x7A, 0xF4, 0xF5, 0x53, 0xB8, 0xA9, 0x9F, 0x9E, 0x9F, 0x9A,
    0x45, 0x2B, 0x0B, 0xAD, 0xD5, 0x29, 0xDE, 0xF7, 0x38, 0xA0, 0x81, 0x78, 0x11, 0x83, 0x2F, 0x35,
    0x18, 0x76, 0x8A, 0xB1, 0xB8, 0x80, 0xA8, 0x65, 0xE8, 0xA6, 0xC6, 0xE9, 0x2A, 0xFC, 0x35, 0x14,
    0x1F, 0xBD, 0xDD, 0xB2, 0x4D, 0xDA, 0x87, 0xE9, 0xCE, 0x39, 0x5D, 0x8D, 0x5B, 0x62, 0xCB, 0x72,
    0xCE, 0x00, 0xF6, 0x12, 0x83, 0x6C, 0x96, 0xBA, 0x5C, 0x0B, 0x0B, 0x68, 0x69, 0xC6, 0xE8, 0xC8,
    0x55, 0x46, 0xAE, 0x46, 0x5D, 0x52, 0x95, 0x7E, 0xB5, 0x01, 0x41, 0x85, 0xD1, 0xD2, 0x39, 0x08,
    0x03, 0x80, 0xFE, 0x1F, 0xF7, 0x67, 0xEE, 0xCE, 0xC4, 0xB8, 0x33, 0xED, 0xEC, 0x9B, 0x39, 0x3F,
    0xAC, 0x79, 0x6A, 0x41, 0x74, 0xD3, 0x78, 0x8C, 0xB8, 0x85, 0xF1, 0xD9, 0xBA, 0xB4, 0xFA, 0x81,
    0x33, 0x40, 0x82, 0x08, 0xF0, 0xF1, 0x3E, 0x50, 0x62, 0x21, 0xC1, 0xBB, 0xC8, 0x6D, 0x87, 0x12,
    0xFC, 0xCA, 0xCA, 0x08, 0x10, 0xFE, 0xCB, 0x42, 0xC6, 0x13, 0x7C, 0x94, 0xD2, 0x9C, 0x4A, 0xF4,
    0x5A, 0xE5, 0x55, 0xF0, 0x95, 0xD7, 0x2A, 0xFA, 0x48, 0xFC, 0x72, 0x1D, 0x5A, 0x7C, 0xBC, 0xD4,
    0xC4, 0x39, 0x80, 0x46, 0x96, 0x29, 0xB4, 0x9B, 0xC8, 0x72, 0xC8, 0xD2, 0x46, 0x4E, 0xE7, 0x90,
    0x21, 0x95, 0x43, 0xD8, 0x0A, 0xF2, 0x65, 0x0C, 0xE5, 0xA1, 0x64, 0x85, 0x7E, 0xA4, 0xAC, 0xB4,
    0x06, 0xD4, 0x47, 0xA9, 0x90, 0x7F, 0x55, 0xE0, 0xA8, 0x18, 0x83, 0xAC, 0xCC, 0x7C, 0xDE, 0x92,
    0x92, 0xAB, 0x11, 0x98, 0xB2, 0xB8, 0x3F, 0x78, 0xA7, 0x20, 0x7D, 0xAB, 0xC2, 0xA0, 0xF0, 0xCD,
    0x06, 0x19, 0x23, 0xC2, 0xC2, 0xA4, 0x2C, 0x99, 0x59, 0x5E, 0x63, 0x7D, 0x24, 0x6A, 0xF4, 0x14,
    0x26, 0x2A, 0x40, 0xA1, 0xB3, 0x8A, 0xF3, 0x7D, 0xC8, 0xFA, 0x40, 0x56, 0x4A, 0xA7, 0xE4, 0x43,
    0xB2, 0x52, 0xB5, 0x5D, 0xB2, 0x94, 0x47, 0x21, 0x3A, 0x70, 0x35, 0x7E, 0x57, 0xA3, 0xB6, 0x8C,
    0x9A, 0x7D, 0x0B, 0xC8, 0x0B, 0xCB, 0x90, 0xD8, 0x4A, 0xF5, 0x36, 0x4C, 0x99, 0x4B, 0x2A, 0xD3,
    0x11, 0x46, 0xCD, 0x92, 0x51, 0xB3, 0x54, 0x70, 0x66, 0x85, 0xDB, 0x2C, 0x69, 0x31, 0x46, 0x0D,
    0xB4, 0x03, 0x3B, 0x11, 0xF2, 0x8A, 0x43, 0x1A, 0x55, 0xCB, 0xEE, 0xB8, 0xF0, 0x15, 0xF2, 0x2E,
    0x95, 0x70, 0xB3, 0xD9, 0x4F, 0x7A, 0x4C, 0xBF, 0xBB, 0x60, 0x0A, 0x0B, 0x90, 0xED, 0x09, 0x74,
    0x55, 0x1F, 0x30, 0x8A, 0x7B, 0x30, 0xB8, 0x02, 0x7B, 0x04, 0x47, 0xF3, 0x16, 0x36, 0x66, 0xEB,
    0x0E, 0x72, 0xF4, 0x67, 0xC3, 0xC2, 0xA7, 0x05, 0xAC, 0xFE, 0x0A, 0x01, 0xAB, 0xCF, 0x13, 0x10,
    0xDE, 0xE9, 0x7D, 0x5B, 0x2B, 0x0B, 0xED, 0x78, 0xB5, 0x5F, 0x40, 0x17, 0x86, 0x8A, 0x43, 0x1C,
    0x0C, 0x9E, 0xED, 0xED, 0x57, 0x90, 0xD7, 0x6F, 0xD6, 0xF2, 0x2E, 0x7B, 0x88, 0xF7, 0x6B, 0x06,
    0x22, 0xE5, 0x4D, 0x2D, 0x51, 0x82, 0xA2, 0xD6, 0x0C, 0x9E, 0xD2, 0x15, 0x80, 0x31, 0xD1, 0x5A,
    0x23, 0x08, 0xF2, 0x2E, 0x29, 0x2F, 0xBB, 0x66, 0x14, 0x4B, 0x99, 0xB8, 0x88, 0xD7, 0x58, 0xA2,
    0x1A, 0x28, 0x6F, 0xC4, 0xE2, 0x2E, 0x2B, 0xF6, 0x0B, 0x44, 0xAB, 0x5F, 0x31, 0xAC, 0x1C, 0xFC,
    0x3A, 0xA2, 0x85, 0xF9, 0xB9, 0xF2, 0xA9, 0x6D, 0x0B, 0x53, 0xDF, 0x96, 0x96, 0x44, 0x89, 0xD6,
    0xB7, 0x0B, 0xD3, 0x57, 0xFA, 0x5D, 0x5D, 0xFA, 0xB5, 0xAE, 0x93, 0x4B, 0x25, 0x29, 0x30, 0x30,
    0xD4, 0xFA, 0x69, 0xC1, 0xA2, 0x8A, 0x06, 0xBD, 0xC9, 0xAC, 0xC2, 0x02, 0xB9, 0xB8, 0x7E, 0xF7,
    0x1C, 0xB0, 0xAD, 0x25, 0x8D, 0x57, 0xF7, 0x2B, 0x7D, 0x3E, 0xEE, 0x6B, 0xD5, 0x1F, 0x59, 0xF9,
    0xA3, 0x4E, 0x23, 0xBE, 0xD4, 0x69, 0x6C, 0x0C, 0xBC, 0x85, 0xEB, 0xC7, 0x18, 0xE0, 0x39, 0x60,
    0x27, 0x29, 0xD7, 0x38, 0x4A, 0x08, 0x0D, 0x98, 0xEA, 0x43, 0x26, 0xC1, 0x90, 0x10, 0xAA, 0x60,
    0x1A, 0x29, 0xC6, 0x28, 0x61, 0x1D, 0xAC, 0x24, 0x21, 0x3A, 0x2A, 0xD9, 0x21, 0x54, 0x0E, 0x99,
    0x14, 0x00, 0x4D, 0x39, 0xBA, 0x3B, 0x4D, 0x41, 0x3E, 0x53, 0x09, 0xAA, 0x4E, 0x80, 0x20, 0xCB,
    0x33, 0xD6, 0x5B, 0xD5, 0x84, 0xE9, 0x61, 0xD4, 0x23, 0xB4, 0x51, 0x95, 0xA4, 0x1C, 0x8B, 0x25,
    0x19, 0x8E, 0x42, 0x93, 0xF9, 0xDA, 0x50, 0x15, 0xAE, 0x52, 0x0F, 0xB9, 0x4D, 0x02, 0x98, 0xA4,
    0xF4, 0x43, 0x4E, 0x31, 0xA7, 0x6E, 0xA0, 0x17, 0xEF, 0x0F, 0x55, 0x6F, 0x00, 0xAD, 0x38, 0x55,
    0xE9, 0x53, 0xB7, 0xDA, 0x37, 0x08, 0x0C, 0x73, 0xFD, 0x99, 0xB2, 0xAB, 0x68, 0xB9, 0x84, 0xFB,
    0x9C, 0xEB, 0x2E, 0x09, 0x75, 0x4C, 0x88, 0x30, 0x28, 0x7E, 0x33, 0x09, 0xDF, 0xCE, 0x03, 0x6D,
    0xBD, 0xFF, 0x2E, 0x47, 0x48, 0xC3, 0x48, 0x31, 0x57, 0x4E, 0xCC, 0x0E, 0xD2, 0x03, 0x1B, 0xE1,
    0x41, 0x44, 0x6D, 0xA0, 0x17, 0x08, 0x2D, 0x63, 0x3F, 0xAF, 0x83, 0x82, 0xBD, 0xC1, 0x9B, 0xC0,
    0x32, 0x98, 0x2A, 0x7A, 0xAB, 0x08, 0x4A, 0xF0, 0x12, 0xFD, 0xD2, 0x06, 0x1F, 0xB0, 0xEA, 0x7C,
    0x27, 0xF7, 0xFF, 0x8F, 0x75, 0xEB, 0xFB, 0xE8, 0xD9, 0x2C, 0x8B, 0x4E, 0x78, 0x2F, 0x98, 0x0B,
    0xD0, 0x3E, 0x13, 0x3D, 0x03, 0x04, 0xC3, 0xAA, 0x33, 0x2E, 0x6B, 0x1D, 0x0F, 0xC0, 0xFD, 0x82,
    0xB8, 0xC6, 0x8A, 0x4C, 0x36, 0xE2, 0x5A, 0x78, 0x78, 0x90, 0xC3, 0x69, 0xDA, 0x2F, 0x2C, 0x59,
    0x1C, 0x06, 0xBF, 0x57, 0xD7, 0xF8, 0xA4, 0x92, 0x5E, 0x6A, 0x54, 0x6C, 0x6B, 0x8F, 0xF3, 0xF4,
    0x4A, 0xF8, 0x3B, 0x6D, 0xAA, 0xDE, 0xE2, 0x3D, 0x99, 0x3A, 0xD0, 0x29, 0xE7, 0x86, 0x3F, 0x4D,
    0xB4, 0x2A, 0xD5, 0xAC, 0x48, 0xEF, 0x74, 0x5F, 0x4E, 0xF5, 0x22, 0x30, 0xDE, 0x3F, 0x9A, 0x74,
    0x49, 0x93, 0x9B, 0x4A, 0xB8, 0x39, 0x66, 0xC7, 0x1D, 0x59, 0x4D, 0x74, 0x91, 0xD6, 0x00, 0xC8,
    0xDA, 0xCD, 0xA8, 0x8F, 0xEE, 0xA9, 0x2E, 0x50, 0xF4, 0x9D, 0xFC, 0x17, 0x80, 0x92, 0xC9, 0x9A,
    0xC0, 0xE1, 0x1F, 0x32, 0xA2, 0x59, 0x9F, 0xFE, 0xAC, 0xEA, 0xDB, 0xFF, 0x94, 0x1E, 0xBB, 0xA0,
    0x20, 0xCB, 0xDE, 0xD9, 0xFF, 0xF2, 0xEB, 0x53, 0x62, 0x00, 0x1B, 0x71, 0x91, 0x7B, 0xC7, 0xEC,
    0x39, 0x6A, 0x6D, 0xA8, 0x2B, 0x1E, 0x9E, 0x1E, 0x7E, 0xC9, 0x7D, 0x1C, 0xD6, 0xCF, 0x96, 0x47,
    0xA8, 0x07, 0x37, 0xA8, 0x74, 0x6B, 0xCA, 0xED, 0x5D, 0x25, 0x7A, 0xEC, 0xE8, 0x01, 0xD3, 0x67,
    0x15, 0x8F, 0x57, 0xE5, 0xB1, 0xEE, 0xF3, 0x71, 0xEF, 0xEF, 0x96, 0xDC, 0x40, 0x07, 0xCD, 0x0E,
    0x21, 0xC2, 0xC0, 0x30, 0x0F, 0x72, 0x6E, 0xCB, 0xFA, 0x85, 0x57, 0x48, 0x89, 0x95, 0x2A, 0x79,
    0x84, 0xF6, 0x03, 0xDD, 0x3B, 0x18, 0x08, 0x3E, 0xB5, 0x98, 0xDB, 0x0A, 0xBB, 0xBC, 0xD8, 0x76,
    0xBF, 0xD2, 0x7A, 0xAF, 0x6D, 0xAC, 0xBB, 0x4A, 0x27, 0xE2, 0xF8, 0x77, 0x0C, 0x70, 0xD7, 0x0E,
    0x33, 0x40, 0xD8, 0x14, 0xC9, 0xB0, 0x92, 0xC7, 0x8F, 0xA4, 0xBA, 0xEF, 0x17, 0x77, 0x42, 0x8B,
    0x8E, 0xE5, 0xD6, 0xB6, 0xDC, 0x18, 0xE8, 0xAE, 0xD4, 0xBD, 0xD9, 0x1B, 0x50, 0xC0, 0xDE, 0xDE,
    0xDE, 0xAB, 0xC0, 0xD3, 0xA4, 0x96, 0xEF, 0x33, 0xFA, 0xDF, 0x50, 0xA0, 0x0D, 0x9A, 0xB0, 0x02,
    0x72, 0xD4, 0x80, 0x9F, 0xDA, 0xED, 0x34, 0x5C, 0xA9, 0xD0, 0x22, 0x55, 0xC1, 0xEA, 0xEF, 0x51,
    0xEA, 0xB1, 0xFF, 0xF0, 0xCB, 0x31, 0xEC, 0x8E, 0x44, 0x59, 0x00, 0x22, 0x8B, 0xEC, 0x77, 0x1F,
    0x21, 0x81, 0xBC, 0x66, 0xB9, 0x89, 0xE9, 0x1F, 0xC9, 0xBA, 0x37, 0xD3, 0x5D, 0x2E, 0xEB, 0x00,
    0x28, 0x7A, 0x73, 0x26, 0xF1, 0x4F, 0xDB, 0x22, 0x3E, 0x0B, 0x2B, 0xB0, 0xD6, 0x40, 0xAE, 0x39,
    0x44, 0x1A, 0xF3, 0x84, 0x4F, 0x8C, 0xE1, 0x03, 0x73, 0x9C, 0x4B, 0x88, 0xD6, 0x0C, 0xE1, 0x4E,
    0xA8, 0x14, 0xCA, 0xA9, 0x49, 0xEC, 0xBF, 0xFF, 0x76, 0x21, 0x8F, 0x50, 0x31, 0xE9, 0x66, 0xC1,
    0xD6, 0x43, 0xCD, 0x74, 0x41, 0x13, 0xA1, 0x1D, 0xF1, 0xE8, 0x72, 0x5A, 0x75, 0x4E, 0xBA, 0x96,
    0x80, 0xE7, 0xC9, 0x85, 0xEF, 0x13, 0x70, 0x90, 0x71, 0x2F, 0xF4, 0xD9, 0x0A, 0x51, 0xFD, 0xD4,
    0x35, 0xC7, 0x0C, 0x7E, 0x71, 0xBB, 0x6E, 0xCE, 0x19, 0x77, 0xD6, 0x2E, 0x88, 0xB5, 0xAF, 0x3E,
    0x18, 0xB2, 0x7F, 0x80, 0x74, 0x4D, 0xC8, 0x1A, 0x17, 0xC1, 0x81, 0x55, 0x4E, 0xE8, 0xAC, 0x0D,
    0xFF, 0xAF, 0xA9, 0xF2, 0x1A, 0xB3, 0xC3, 0x45, 0x3A, 0xE2, 0x93, 0xC0, 0xBF, 0xC6, 0x2E, 0x7E,
    0x12, 0xF4, 0xF6, 0xCF, 0x3E, 0x42, 0xB6, 0xA1, 0x42, 0x5C, 0x53, 0xE7, 0xD8, 0xCE, 0x83, 0x3A,
    0x64, 0xA8, 0xD4, 0x58, 0xFA, 0x04, 0xEB, 0x8D, 0x31, 0xDD, 0x98, 0x5B, 0x59, 0x38, 0x9B, 0x93,
    0x0B, 0xAC, 0x4F, 0xE0, 0x79, 0x99, 0x01, 0xBA, 0x7C, 0xDC, 0x82, 0xED, 0xC6, 0xA1, 0xA4, 0xFF,
    0x90, 0x7D, 0xF2, 0x48, 0x4D, 0x3E, 0xE7, 0xBD, 0xD7, 0xCF, 0x77, 0xA7, 0x6D, 0x7D, 0xFD, 0x6C,
    0xB7, 0xF3, 0x57, 0x3D, 0x82, 0xDE, 0x91, 0x3A, 0x7F, 0x75, 0x7B, 0xB5, 0xEA, 0x48, 0xE2, 0xCD,
    0xCC, 0x8B, 0x48, 0xD5, 0x7F, 0x68, 0x80, 0x24, 0xD3, 0x23, 0x61, 0x2D, 0xC5, 0xDD, 0x39, 0x12,
    0xFD, 0xB6, 0x43, 0x14, 0x20, 0x2C, 0xFE, 0x1C, 0x3E, 0x34, 0x45, 0xD6, 0xF2, 0x35, 0x8D, 0xE8,
    0x6E, 0x79, 0xFB, 0xB1, 0xE1, 0x96, 0x06, 0x22, 0xFE, 0x68, 0xEF, 0x9C, 0x7A, 0x18, 0x91, 0x8F,
    0x1D, 0xB2, 0x3C, 0x74, 0x1B, 0x3C, 0xE9, 0x7B, 0xFB, 0x25, 0xD2, 0xDC, 0xAA, 0xDF, 0xBF, 0x3C,
    0xEA, 0x5C, 0xE0, 0xD3, 0x6E, 0x90, 0xDF, 0x33, 0xF1, 0x0F, 0xDB, 0x32, 0x5E, 0x7D, 0xA7, 0x46,
    0xBB, 0x5F, 0x83, 0x31, 0xEA, 0xA3, 0x4E, 0x75, 0xFB, 0xDE, 0xA3, 0x6B, 0xE9, 0x89, 0xAA, 0xAC,
    0x1C, 0xAA, 0x8B, 0x11, 0x4D, 0x03, 0x3B, 0xC7, 0x0C, 0x27, 0x38, 0xFD, 0x23, 0xF7, 0x78, 0x43,
    0xB7, 0x2C, 0x0C, 0x4B, 0x73, 0xD4, 0x67, 0xE0, 0x9F, 0x89, 0x82, 0x89, 0x7A, 0x88, 0xF7, 0x18,
    0xEF, 0xB9, 0x6A, 0xF3, 0x81, 0xE2, 0xA5, 0x0B, 0x6C, 0x57, 0xAE, 0xEC, 0x76, 0x75, 0xF9, 0x5A,
    0x4B, 0x1B, 0x15, 0x5D, 0xD8, 0x76, 0x5E, 0xEF, 0x3C, 0xBB, 0xDD, 0x6D, 0xE4, 0xAD, 0x86, 0x60,
    0xF6, 0x99, 0x42, 0x59, 0x79, 0x05, 0x15, 0x44, 0x1D, 0xE7, 0xDC, 0xB6, 0x4F, 0x4D, 0x6C, 0xE0,
    0x35, 0xF0, 0x88, 0x94, 0x31, 0xC8, 0xA0, 0x3C, 0x43, 0x6C, 0x16, 0x98, 0xC5, 0x8C, 0x31, 0x1D,
    0x55, 0x97, 0x6A, 0x3E, 0x9B, 0x63, 0xE4, 0x09, 0x66, 0x83, 0x50, 0x05, 0x85, 0x0A, 0x2D, 0xF7,
    0xA0, 0x36, 0x42, 0x25, 0x6B, 0xA1, 0x06, 0x6B, 0xA1, 0xAE, 0x98, 0x99, 0x5C, 0x3D, 0x86, 0x0A,
    0x6D, 0xBB, 0x8C, 0x57, 0xE1, 0x47, 0xC5, 0x93, 0xB8, 0xF4, 0x57, 0x92, 0xC5, 0xDC, 0xF8, 0x4B,
    0x13, 0x3A, 0x41, 0x9A, 0x92, 0x8E, 0x52, 0xCA, 0x39, 0x1C, 0x91, 0x5B, 0x47, 0xE1, 0x70, 0xE0,
    0x1A, 0x14, 0x7C, 0xCF, 0x59, 0xE4, 0x76, 0xB4, 0x71, 0xB9, 0xF5, 0x84, 0xC2, 0xD7, 0x57, 0x4C,
    0x67, 0xA0, 0x27, 0xDF, 0xA9, 0xFE, 0x12, 0x03, 0xAD, 0x9D, 0x9D, 0x18, 0x42, 0x67, 0x37, 0x1A,
    0xD7, 0xA8, 0xF5, 0x65, 0x3C, 0xDF, 0x9C, 0xF3, 0xB9, 0x6E, 0x42, 0x78, 0xC8, 0xF9, 0x41, 0x99,
    0x71, 0xD3, 0x4B, 0x63, 0xB4, 0x56, 0x67, 0xF7, 0x76, 0xEF, 0x21, 0xAB, 0xFF, 0x0F, 0x7E, 0x05,
    0x2B, 0xA0, 0x77, 0xC0, 0xDD, 0x6F, 0xF0, 0x9F, 0x72, 0xFA, 0xC4, 0x11, 0x66, 0x60, 0x72, 0xAD,
    0x1B, 0x1F, 0x19, 0x39, 0x1F, 0x12, 0xD5, 0xE6, 0xB8, 0xCA, 0x22, 0xCE, 0x72, 0x03, 0xEF, 0xE3,
    0x05, 0x5A, 0x8D, 0x74, 0x45, 0x2B, 0x1A, 0xB7, 0xC5, 0xEE, 0xC8, 0x78, 0x4D, 0xE4, 0x85, 0x07,
    0x5F, 0x92, 0xB6, 0xBD, 0x85, 0xC8, 0x5C, 0xC6, 0xD6, 0x5B, 0xB2, 0xF8, 0xCB, 0x14, 0x80, 0xA4,
    0x66, 0x9C, 0x93, 0x41, 0x77, 0xFA, 0x7A, 0x3A, 0x66, 0xE3, 0x22, 0x79, 0xC6, 0x47, 0x61, 0xFF,
    0x6D, 0xE5, 0xDA, 0x05, 0x17, 0xD0, 0x9A, 0x2A, 0x32, 0x57, 0x5E, 0x7A, 0x10, 0xFF, 0xA8, 0x8E,
    0x17, 0xC7, 0x71, 0xA5, 0xA9, 0x54, 0x5D, 0xE9, 0xA2, 0x37, 0x0D, 0x75, 0xF1, 0x3E, 0x8C, 0xC9,
    0x03, 0xF7, 0x17, 0xF3, 0xE0, 0x29, 0xD0, 0x21, 0x97, 0x52, 0xB7, 0xC6, 0xD8, 0x79, 0xD5, 0x8C,
    0xBB, 0x82, 0xA1, 0xC8, 0x32, 0x3B, 0x77, 0xD5, 0x5B, 0x60, 0x1F, 0x41, 0x01, 0x10, 0x33, 0x4F,
    0x67, 0x2B, 0x60, 0xCC, 0x53, 0x07, 0x31, 0x2F, 0xEA, 0x84, 0x27, 0x9D, 0xBB, 0x7F, 0xE5, 0x8C,
    0xD0, 0xF0, 0x95, 0x0F, 0x77, 0x3F, 0x0F, 0x11, 0xDC, 0xA1, 0xCD, 0x1A, 0x54, 0xFE, 0x0A, 0x96,
    0x6D, 0x7A, 0x5B, 0x43, 0x87, 0x6A, 0xEB, 0x9D, 0xCB, 0xB6, 0x2E, 0x9C, 0xAD, 0x43, 0x3B, 0x16,
    0xEE, 0xC2, 0x2D, 0x6C, 0xF6, 0xFE, 0x3B, 0x36, 0x5E, 0x81, 0x69, 0xA3, 0x5C, 0x5C, 0x1B, 0x39,
    0x2C, 0xD7, 0xF1, 0xB1, 0x09, 0x8A, 0x38, 0x0F, 0x73, 0x3E, 0xE3, 0x0A, 0xED, 0x8E, 0x3E, 0xC1,
    0x0B, 0xCA, 0x13, 0xCC, 0x06, 0xB8, 0xFA, 0x00, 0x62, 0xB1, 0xF8, 0x61, 0xE1, 0x33, 0x75, 0x8F,
    0x3E, 0xAE, 0xB1, 0xD8, 0xDD, 0x1D, 0x91, 0x47, 0xAC, 0x19, 0x17, 0x5E, 0xC9, 0x72, 0x18, 0x25,
    0x27, 0x3A, 0xAB, 0x00, 0x73, 0xFC, 0x6B, 0x15, 0x21, 0xAE, 0x7E, 0x51, 0x21, 0x99, 0xE6, 0x55,
    0x75, 0x5B, 0xA2, 0x1F, 0x14, 0xF5, 0x00, 0xD5, 0x95, 0x6D, 0x0E, 0x24, 0xFC, 0x95, 0x39, 0x81,
    0xA4, 0xEF, 0xCA, 0xA4, 0x64, 0x3D, 0x35, 0xB5, 0xAC, 0xA2, 0x32, 0xCB, 0xFD, 0xEB, 0xCC, 0x10,
    0x1C, 0x53, 0x8D, 0xFC, 0x2B, 0xBA, 0x37, 0xCE, 0x70, 0x1E, 0xD3, 0x16, 0xD0, 0x6F, 0xCA, 0x48,
    0x8E, 0xDF, 0xCE, 0xBB, 0xA7, 0x70, 0x81, 0x56, 0x0A, 0x2C, 0xA2, 0x22, 0xD6, 0xEF, 0x29, 0x73,
    0xCB, 0x9C, 0x75, 0x0D, 0xEB, 0xE0, 0xB0, 0xE0, 0x2E, 0xBE, 0x41, 0xCD, 0xA4, 0x88, 0xE0, 0x71,
    0x93, 0x02, 0x57, 0x22, 0x36, 0xED, 0x31, 0x03, 0xEE, 0x36, 0xF1, 0xF3, 0x0E, 0x4D, 0xF0, 0x08,
    0x37, 0xF0, 0x29, 0xCF, 0x9C, 0x20, 0x31, 0xE1, 0x73, 0x9E, 0x11, 0x33, 0x6E, 0xC6, 0x67, 0x45,
    0x29, 0x1F, 0xF3, 0xC4, 0xBA, 0xBF, 0x57, 0x5D, 0x2E, 0xD0, 0x4D, 0x9F, 0x95, 0xE8, 0x9A, 0x53,
    0xDE, 0x71, 0xA8, 0x7B, 0xAA, 0x7B, 0x7B, 0xAF, 0xF8, 0x2C, 0x86, 0xF6, 0xEE, 0xD6, 0x0E, 0x7A,
    0xE2, 0xDC, 0xE5, 0xAB, 0xA5, 0xAB, 0xFE, 0xA3, 0x6E, 0xBB, 0x73, 0xE2, 0xDA, 0x02, 0x26, 0x5F,
    0xDE, 0x91, 0x3D, 0x9B, 0xE5, 0xBA, 0xDD, 0xEA, 0x1D, 0x73, 0xA9, 0xD1, 0x85, 0x92, 0xE1, 0x64,
    0x53, 0x32, 0x88, 0x7A, 0x08, 0x6A, 0x34, 0x08, 0xBC, 0x9F, 0x53, 0xFB, 0x81, 0xFD, 0x8C, 0x2A,
    0xC4, 0x48, 0xD4, 0x88, 0x77, 0xC2, 0xC6, 0xBA, 0xE2, 0x53, 0x4C, 0xAF, 0xF4, 0x0B, 0xBF, 0x7B,
    0xD2, 0x1C, 0xD0, 0xD2, 0x06, 0x16, 0x12, 0xF7, 0x46, 0x95, 0x01, 0x7D, 0x0C, 0xBA, 0x37, 0x1F,
    0x7C, 0x3E, 0x86, 0x56, 0xA0, 0x97, 0x7F, 0xD2, 0x07, 0xAE, 0xE1, 0x67, 0xD7, 0x54, 0x5C, 0xA6,
    0x60, 0xCD, 0x16, 0x3D, 0x75, 0xB5, 0x7F, 0xC7, 0xF3, 0x45, 0xB6, 0x35, 0xE1, 0x65, 0xFA, 0x2C,
    0xD3, 0x3B, 0x12, 0x93, 0xAE, 0x7C, 0xFB, 0x1F, 0x49, 0x6B, 0x77, 0xBD, 0x37, 0xE4, 0xFF, 0x01,
    0xC5, 0x5A, 0x3D, 0x6C, 0x1C, 0xC7, 0x15, 0x7E, 0xBB, 0x6B, 0xDE, 0xC6, 0x5C, 0x98, 0xA3, 0xC2,
    0x31, 0x44, 0x89, 0xE2, 0xBA, 0x70, 0x41, 0x0B, 0x14, 0x37, 0x05, 0x8B, 0x43, 0x70, 0x3F, 0xEB,
    0x18, 0x70, 0x0A, 0x23, 0x89, 0x12, 0xF8, 0xA7, 0x50, 0x11, 0x17, 0x2A, 0x0C, 0xA7, 0xA0, 0x02,
    0xA8, 0x50, 0x71, 0xE4, 0x4D, 0x94, 0x42, 0x85, 0x81, 0x80, 0x29, 0x9C, 0x22, 0x15, 0x0B, 0x15,
    0x36, 0x1B, 0x31, 0x00, 0x0B, 0x06, 0x38, 0xF3, 0xC6, 0x50, 0x91, 0xC2, 0x45, 0xD6, 0x48, 0x5C,
    0xB9, 0xC8, 0xC6, 0x90, 0x1C, 0xC0, 0x2A, 0xB4, 0x01, 0xCE, 0xCE, 0x4A, 0x3A, 0xDE, 0xE6, 0xFB,
    0x66, 0xF7, 0xC8, 0x63, 0x2C, 0x27, 0x01, 0x7C, 0x30, 0xEF, 0x6E, 0xDE, 0x91, 0xDC, 0xD9, 0x37,
    0x6F, 0xDE, 0xBC, 0xF7, 0xCD, 0xF7, 0x66, 0xE9, 0x5C, 0xF4, 0x32, 0xBC, 0x53, 0xC1, 0xCB, 0xD3,
    0x9E, 0xF6, 0xE3, 0x20, 0x56, 0xB1, 0x12, 0x25, 0xA1, 0x44, 0x78, 0xB7, 0xEC, 0x7B, 0x1D, 0x6F,
    0x91, 0xD3, 0x68, 0xCB, 0x68, 0x0D, 0x91, 0x60, 0x24, 0xD2, 0x2F, 0x8C, 0x9B, 0xBB, 0x59, 0x90,
    0xC8, 0x40, 0x69, 0x39, 0x15, 0xE1, 0x4A, 0x0B, 0xAD, 0x89, 0xD6, 0x99, 0x68, 0xF8, 0x5D, 0xB7,
    0xC5, 0x4B, 0x43, 0x1D, 0x6A, 0xBF, 0xE0, 0x7D, 0x29, 0x87, 0x12, 0xF1, 0xD9, 0x62, 0xF4, 0x08,
    0x07, 0x22, 0x4E, 0x51, 0xC4, 0xE2, 0x3F, 0x08, 0x8D, 0x28, 0xE3, 0x25, 0x12, 0xF1, 0xEF, 0x6D,
    0x79, 0xBC, 0x08, 0x8A, 0xC2, 0x48, 0xAD, 0xBF, 0x8D, 0x3E, 0xD1, 0xF1, 0xAB, 0x1C, 0xDF, 0x1A,
    0x80, 0x91, 0x1D, 0x91, 0x1C, 0xCA, 0xFC, 0x4C, 0xBA, 0x30, 0xB5, 0x38, 0xA0, 0x48, 0x78, 0x49,
    0x66, 0x9D, 0x78, 0x4B, 0xF5, 0x1F, 0x65, 0xDE, 0xA8, 0xAF, 0xFD, 0x04, 0xB3, 0x8D, 0x3D, 0xAD,
    0xC4, 0x33, 0x8B, 0x30, 0x6B, 0x51, 0x30, 0x7F, 0xCC, 0x5D, 0x7D, 0xBC, 0x2F, 0xED, 0xA2, 0x90,
    0xAB, 0xE7, 0x5F, 0xA4, 0x29, 0xF2, 0xA6, 0x88, 0xAB, 0x37, 0x04, 0x0A, 0xDB, 0x1C, 0x35, 0xD4,
    0xF0, 0x88, 0x32, 0x18, 0x21, 0x48, 0xDC, 0x4C, 0xBC, 0xCC, 0x37, 0xE2, 0x0E, 0x14, 0xBA, 0xE6,
    0xB4, 0xA1, 0xD7, 0x83, 0xE8, 0x66, 0x34, 0x0B, 0x43, 0x46, 0xB4, 0xF7, 0xCC, 0xAD, 0xCF, 0x31,
    0xDF, 0x90, 0xCA, 0x68, 0xF4, 0xF9, 0xFE, 0xFD, 0x58, 0xBA, 0x9C, 0xF4, 0x84, 0xE5, 0x1B, 0x14,
    0xF4, 0xB4, 0x6C, 0x49, 0x86, 0x77, 0xEA, 0xA4, 0x6E, 0xE2, 0x26, 0x9E, 0xB1, 0x6F, 0xED, 0x6B,
    0x47, 0x8E, 0x5E, 0x8B, 0x72, 0x4E, 0x2E, 0x60, 0x2D, 0xCA, 0xF7, 0x35, 0xB9, 0x2A, 0xBB, 0xB2,
    0x83, 0xB7, 0x04, 0x07, 0x76, 0x6D, 0x9C, 0x81, 0x9B, 0xC1, 0x93, 0x5B, 0x68, 0xC2, 0xF5, 0x75,
    0x0F, 0x68, 0x13, 0x7E, 0xE8, 0x8F, 0xF0, 0x7B, 0x57, 0x2B, 0x1D, 0x18, 0xCC, 0x3A, 0x09, 0xD1,
    0x94, 0xF6, 0x4D, 0x90, 0x87, 0xB1, 0x03, 0x37, 0x49, 0x98, 0x63, 0x39, 0xF6, 0xB9, 0x2E, 0x68,
    0x2A, 0xBE, 0x8A, 0x58, 0x58, 0x87, 0x91, 0xD1, 0xBD, 0xA1, 0xB8, 0x95, 0x07, 0xE7, 0xCF, 0xB4,
    0xA2, 0x66, 0x6B, 0x69, 0x5E, 0xE4, 0xEC, 0x08, 0x33, 0x70, 0x8B, 0x02, 0x4B, 0x18, 0x26, 0xB2,
    0x6F, 0xCD, 0x57, 0xDA, 0xC1, 0xD4, 0xBD, 0xC4, 0x37, 0x50, 0x95, 0x29, 0xD9, 0x5F, 0x93, 0x9D,
    0x45, 0x37, 0xF3, 0xF5, 0xB5, 0x86, 0x6F, 0x1C, 0xA9, 0xD7, 0x03, 0x78, 0xA2, 0x71, 0x95, 0xDE,
    0xAA, 0xEF, 0x2A, 0xA8, 0xBB, 0xB6, 0x43, 0x79, 0x15, 0xF2, 0x09, 0xC9, 0x76, 0x03, 0xAD, 0x9C,
    0xF4, 0x9A, 0x77, 0xB7, 0xE7, 0x99, 0x86, 0x14, 0x69, 0x80, 0x35, 0x99, 0xE1, 0x8A, 0xA0, 0x7B,
    0x8F, 0x33, 0xF1, 0x39, 0x87, 0xDF, 0xF5, 0x63, 0x06, 0xC2, 0x80, 0xD6, 0x3C, 0x4D, 0xD1, 0x8F,
    0xFD, 0xCF, 0xD2, 0x1A, 0x9C, 0x86, 0xCF, 0xAD, 0x2C, 0xF8, 0x38, 0xBD, 0xE0, 0x24, 0x0D, 0x37,
    0x69, 0x86, 0x46, 0x7D, 0x69, 0x2A, 0x97, 0x65, 0xCB, 0xAE, 0xB9, 0x1A, 0xBC, 0x90, 0x2E, 0x42,
    0xB3, 0x8A, 0x07, 0x2B, 0x72, 0x4D, 0xC9, 0x72, 0x10, 0xCF, 0x79, 0x3A, 0x70, 0x8C, 0x17, 0x6F,
    0x21, 0x42, 0x4C, 0xC1, 0xC5, 0xB2, 0xB1, 0x49, 0x2B, 0x83, 0x58, 0xEC, 0xC0, 0x33, 0xF8, 0xF1,
    0x81, 0xC8, 0xFE, 0x25, 0xE3, 0x26, 0x92, 0x05, 0x33, 0x17, 0x57, 0x9F, 0x5A, 0xEC, 0x2D, 0x2F,
    0x9F, 0x5E, 0x58, 0xA8, 0xAF, 0xEC, 0x2E, 0xAC, 0x3E, 0x9F, 0x2C, 0xAF, 0xAE, 0x6E, 0xD5, 0x57,
    0xBF, 0x77, 0xE5, 0xCA, 0xC2, 0xB3, 0xCF, 0xA6, 0x73, 0xB8, 0xDF, 0xBB, 0xBB, 0x51, 0xBA, 0x1B,
    0x0B, 0x5C, 0xA4, 0xE7, 0xB7, 0x37, 0x85, 0x41, 0x1E, 0x07, 0xF7, 0xE0, 0xF0, 0xAC, 0x21, 0x3B,
    0x75, 0x7E, 0xB2, 0x86, 0x9B, 0x86, 0x97, 0x0C, 0xB3, 0x89, 0xAF, 0x8B, 0xE8, 0x82, 0x3B, 0x1C,
    0x38, 0xD9, 0x65, 0x83, 0x21, 0x9E, 0x91, 0x10, 0xDE, 0x45, 0xCB, 0xCA, 0x84, 0xA9, 0x8C, 0x0A,
    0xB8, 0x36, 0x72, 0xEC, 0x05, 0xEB, 0x35, 0xAC, 0xD7, 0xE5, 0x2F, 0xDA, 0xFF, 0x2C, 0x9B, 0x43,
    0x50, 0xC8, 0xAA, 0x50, 0x66, 0xD4, 0x84, 0x99, 0x34, 0xC4, 0xB1, 0x8A, 0x56, 0x30, 0x99, 0x6D,
    0x8D, 0x30, 0x91, 0xB5, 0xC4, 0xBB, 0xBB, 0xE7, 0x32, 0xB1, 0x97, 0xA5, 0xBC, 0xDC, 0xD7, 0xF2,
    0x5A, 0x6A, 0xEF, 0xAA, 0xE3, 0xF3, 0xAC, 0xEC, 0xB6, 0x5E, 0x4F, 0x83, 0x91, 0x4D, 0x83, 0x1A,
    0x82, 0x56, 0x9F, 0x7D, 0x20, 0x2D, 0xFB, 0x9B, 0x13, 0xCB, 0x77, 0x11, 0x5E, 0x2D, 0xB4, 0x26,
    0x12, 0x80, 0xAD, 0x13, 0xB0, 0x69, 0xE9, 0x29, 0xB6, 0x58, 0x72, 0xB4, 0x01, 0x02, 0x09, 0xCD,
    0xC9, 0x22, 0xF1, 0xB3, 0x48, 0x47, 0x59, 0xFB, 0xD1, 0x97, 0x59, 0xBB, 0xB8, 0x9E, 0x4E, 0x42,
    0x05, 0x33, 0xE6, 0x1A, 0x95, 0x9E, 0xD9, 0xDE, 0x02, 0x18, 0x64, 0x7E, 0xF1, 0x21, 0x66, 0xFE,
    0x21, 0x9C, 0xF7, 0x67, 0xE4, 0xC9, 0x6F, 0x30, 0xBB, 0x1F, 0xA3, 0xFD, 0x08, 0xED, 0x1C, 0x7E,
    0x5F, 0xC6, 0xDF, 0x97, 0x71, 0xBD, 0x21, 0xEE, 0x08, 0x46, 0x3E, 0x85, 0x76, 0x0E, 0x13, 0x5D,
    0x80, 0xCD, 0xCB, 0x57, 0x30, 0x0D, 0xA4, 0x41, 0x03, 0xA1, 0x50, 0x47, 0x5B, 0xE5, 0x54, 0xE0,
    0xCD, 0x5F, 0xA2, 0xFD, 0x01, 0x1E, 0xFD, 0x29, 0x8C, 0x46, 0x38, 0x77, 0xE5, 0xBC, 0xD0, 0xC5,
    0x9E, 0xAE, 0x65, 0x72, 0xED, 0xD4, 0x2E, 0x13, 0x55, 0x96, 0xDC, 0xE1, 0x6C, 0x07, 0xB3, 0xAE,
    0x57, 0xD9, 0x64, 0x93, 0x50, 0xD2, 0x67, 0xEE, 0xB6, 0x47, 0xC8, 0x88, 0xE0, 0x1E, 0x20, 0x22,
    0x6D, 0x48, 0x86, 0x85, 0xBB, 0x8A, 0x8F, 0x93, 0xD6, 0x3D, 0xB3, 0x12, 0xC6, 0x4C, 0x38, 0xFB,
    0xB2, 0x51, 0x94, 0x7A, 0x66, 0x07, 0x57, 0x24, 0xBB, 0x20, 0x7B, 0x2B, 0x4E, 0xD6, 0xF0, 0xCC,
    0x40, 0xB9, 0xC9, 0x05, 0x3F, 0x5E, 0x9D, 0x13, 0xB9, 0x8C, 0x5E, 0x3B, 0xFE, 0x80, 0x03, 0xCF,
    0xED, 0x5A, 0xF8, 0xDB, 0x61, 0x26, 0x33, 0x6C, 0x1B, 0x52, 0x06, 0x2F, 0x06, 0xE4, 0xC2, 0xA7,
    0xBC, 0x88, 0x48, 0x58, 0x74, 0x36, 0x11, 0x0B, 0x0D, 0x2F, 0xC1, 0x1F, 0x33, 0x05, 0x2C, 0x70,
    0xCD, 0xF7, 0xCD, 0xEB, 0x7F, 0x0D, 0xE2, 0x4F, 0x4D, 0x7F, 0xB8, 0xE8, 0xDE, 0x46, 0xD7, 0x7A,
    0x80, 0xB5, 0x95, 0x6C, 0x01, 0xA0, 0xEA, 0x9A, 0x2B, 0x58, 0xDC, 0x20, 0x66, 0x42, 0x2E, 0xCA,
    0xAB, 0x97, 0x2E, 0x72, 0x09, 0x03, 0xAB, 0x56, 0x59, 0xB5, 0x87, 0x31, 0xB3, 0x64, 0xE3, 0xCC,
    0x1D, 0x5A, 0x2C, 0xC6, 0xA4, 0xED, 0x95, 0xBA, 0x35, 0x83, 0x2B, 0xBF, 0x6B, 0xBF, 0x18, 0x89,
    0xB0, 0x90, 0x68, 0x8D, 0x2F, 0x7B, 0x6F, 0x26, 0x8D, 0xD9, 0x3B, 0xFC, 0xDA, 0xD9, 0x7F, 0x1F,
    0x56, 0x3A, 0x1F, 0xA5, 0x0A, 0xDD, 0x7C, 0x1D, 0x07, 0xF2, 0xCC, 0x5D, 0x45, 0x35, 0xED, 0x51,
    0xC3, 0xCE, 0x89, 0x53, 0x6B, 0x94, 0xD1, 0x9C, 0xD9, 0xC0, 0xF5, 0xCB, 0xF1, 0x17, 0xCB, 0x2D,
    0x64, 0xCF, 0xF6, 0x60, 0x9C, 0xA3, 0x87, 0x7A, 0xE7, 0x15, 0x8E, 0xA2, 0x8A, 0xE1, 0x51, 0x38,
    0x63, 0xD0, 0x73, 0xE2, 0xDF, 0x1D, 0xD0, 0xAC, 0x1A, 0x4D, 0xCB, 0xEC, 0x8D, 0x9C, 0x05, 0x4C,
    0x63, 0x12, 0x20, 0x59, 0xA8, 0x0C, 0x20, 0x8A, 0xAB, 0x72, 0x29, 0xB1, 0x3D, 0x24, 0x73, 0xCD,
    0x3C, 0xBB, 0x04, 0x31, 0xA1, 0x74, 0x67, 0x51, 0x86, 0xF2, 0x06, 0xD6, 0xCC, 0xEB, 0xC8, 0xFA,
    0x25, 0x93, 0xCD, 0x35, 0xB0, 0x79, 0xB9, 0xA6, 0xCE, 0x79, 0x06, 0xF1, 0x0E, 0x6F, 0x3C, 0x07,
    0x54, 0xE0, 0xE4, 0x03, 0x4E, 0x1C, 0x4E, 0x26, 0x2A, 0x7B, 0x66, 0xE6, 0xD5, 0x2F, 0xCA, 0x54,
    0xCB, 0x68, 0x87, 0xFD, 0x62, 0xE7, 0xF4, 0x28, 0xE1, 0x88, 0x3B, 0xF0, 0x81, 0x0C, 0xAB, 0xF0,
    0x1D, 0xBF, 0xD0, 0xD3, 0x02, 0x20, 0xBA, 0x22, 0x1B, 0x88, 0xEF, 0x0E, 0xBA, 0x10, 0xB6, 0xB0,
    0x6D, 0x58, 0xB8, 0x6F, 0x5A, 0x9C, 0x77, 0x36, 0x9B, 0xD8, 0x39, 0xDA, 0x71, 0x64, 0x14, 0xF6,
    0x45, 0xB7, 0xB8, 0x53, 0xDD, 0x7F, 0x5A, 0xAA, 0x8D, 0x43, 0xCA, 0xC8, 0xB2, 0x9B, 0xC6, 0xE1,
    0xCB, 0xDD, 0xE2, 0x05, 0x02, 0x9F, 0xCA, 0xB9, 0x99, 0x70, 0xF4, 0x26, 0x87, 0xEF, 0x71, 0xBA,
    0x03, 0x6C, 0x24, 0x6E, 0xD6, 0x22, 0xFC, 0x46, 0x1C, 0x3E, 0x24, 0x7E, 0x41, 0x41, 0x04, 0x54,
    0xC6, 0xB0, 0xD8, 0xB2, 0xDE, 0x7F, 0xF5, 0xE7, 0x46, 0x80, 0x13, 0x09, 0x50, 0xBB, 0x48, 0x91,
    0xBA, 0x5E, 0x0A, 0x2B, 0xBD, 0x0C, 0x89, 0xEA, 0x22, 0x43, 0xC5, 0x19, 0xD0, 0xBA, 0xBC, 0x57,
    0x4D, 0xCC, 0xE5, 0xDA, 0x77, 0x4D, 0x65, 0xCB, 0xCA, 0x31, 0x53, 0xBE, 0x6D, 0x5B, 0x6E, 0x92,
    0xA4, 0xD0, 0x8C, 0x90, 0x98, 0xBC, 0xE4, 0xEA, 0x93, 0xB3, 0x65, 0xC6, 0x12, 0x94, 0x87, 0x58,
    0xA4, 0xE7, 0xD6, 0xB4, 0xFC, 0xE7, 0xEB, 0xDB, 0xB5, 0x65, 0xB6, 0xC6, 0x5D, 0xEA, 0x27, 0xBA,
    0xF2, 0xCB, 0xEC, 0xEC, 0x49, 0xAE, 0xD1, 0x29, 0xA9, 0xA8, 0x86, 0xFF, 0x32, 0xC4, 0x9C, 0x07,
    0x83, 0xE6, 0xB8, 0x59, 0xF9, 0x64, 0x14, 0xCE, 0xCD, 0x93, 0x8A, 0xE2, 0xED, 0x6D, 0xBB, 0x03,
    0x07, 0x45, 0x49, 0x02, 0xC3, 0xD1, 0xF6, 0x36, 0x97, 0xAD, 0x59, 0xE1, 0x4D, 0x9E, 0x97, 0x56,
    0x65, 0xE5, 0xB7, 0xF7, 0x91, 0x25, 0x16, 0xA2, 0xAE, 0x97, 0xDF, 0x91, 0x6B, 0x91, 0x45, 0x3A,
    0x5E, 0xF9, 0x3D, 0xF0, 0x30, 0x28, 0xBA, 0xA7, 0x9E, 0x55, 0xE7, 0x9B, 0x92, 0x40, 0xAB, 0x77,
    0x2E, 0x25, 0xE5, 0x86, 0x5F, 0xF2, 0xA4, 0xBE, 0xE5, 0x12, 0xE8, 0x4E, 0x8B, 0x2D, 0x20, 0xD8,
    0x6F, 0x18, 0xAA, 0x74, 0x99, 0xD7, 0xF6, 0x1B, 0xF3, 0xC4, 0xFE, 0x3E, 0x24, 0x86, 0xD8, 0x6F,
    0x71, 0x48, 0x91, 0x43, 0x72, 0xB1, 0xFE, 0x66, 0x57, 0x03, 0xA3, 0x83, 0xC4, 0x27, 0xC9, 0xC4,
    0xDD, 0x6E, 0x06, 0x0C, 0x71, 0xB6, 0x8E, 0x28, 0xAF, 0xE5, 0x8C, 0x44, 0xA1, 0x12, 0x82, 0x86,
    0xC7, 0x45, 0xAF, 0xBA, 0x1A, 0x18, 0x0E, 0x12, 0xB7, 0x63, 0xF4, 0x57, 0x69, 0x6D, 0x28, 0xBE,
    0x9D, 0x40, 0x7F, 0x24, 0x25, 0x17, 0xB7, 0x40, 0x27, 0xB3, 0x76, 0x76, 0x80, 0x6D, 0x79, 0x81,
    0x3F, 0xF5, 0xCD, 0x61, 0x10, 0x71, 0x3A, 0x8E, 0x65, 0x29, 0x6B, 0x9C, 0xA9, 0x33, 0x09, 0x77,
    0x42, 0xDF, 0x3A, 0x76, 0x2D, 0x1E, 0xC2, 0xAB, 0xD6, 0x55, 0xDE, 0x91, 0x48, 0xC7, 0xC2, 0x4F,
    0xC6, 0x22, 0xA0, 0x7F, 0x14, 0x9D, 0x63, 0xFD, 0x61, 0x9D, 0x30, 0xF6, 0xC8, 0x04, 0x47, 0x9E,
    0xA4, 0xFD, 0xF4, 0x8B, 0x15, 0x78, 0x2D, 0x8C, 0x43, 0xAC, 0x7B, 0x87, 0x0B, 0x2D, 0x27, 0x68,
    0x4B, 0x8D, 0x3D, 0x23, 0x6A, 0xCC, 0xB1, 0x9F, 0xB9, 0x9B, 0xA7, 0x4F, 0xD0, 0x96, 0x37, 0xB1,
    0xA5, 0xCB, 0x5E, 0x67, 0x1C, 0xF6, 0x37, 0x2F, 0x9F, 0x98, 0x2D, 0x4F, 0xA2, 0x6B, 0x2A, 0x35,
    0x6C, 0xA3, 0xC1, 0x38, 0x84, 0x6E, 0x72, 0xA1, 0x5C, 0x7C, 0x18, 0xC7, 0xF6, 0x93, 0x5A, 0x2E,
    0x9F, 0xF0, 0x13, 0xD8, 0x41, 0x94, 0x4D, 0x0B, 0x7C, 0xA0, 0xDC, 0xE6, 0x3A, 0xD5, 0xB6, 0x6D,
    0x7A, 0xB0, 0x3A, 0x72, 0x36, 0x25, 0x4C, 0x6B, 0xA3, 0x58, 0x6D, 0xCA, 0xD4, 0x74, 0xBE, 0x09,
    0x4A, 0x2E, 0xC1, 0x0D, 0x33, 0xEF, 0x6C, 0x4E, 0x4B, 0xA7, 0x7B, 0x5D, 0xFB, 0xB7, 0x93, 0xE0,
    0x4F, 0xA6, 0xF6, 0x03, 0x3D, 0x35, 0x3B, 0xB7, 0xDF, 0x8B, 0x59, 0x21, 0xE7, 0xE2, 0x3C, 0xF8,
    0x45, 0x11, 0x43, 0x4F, 0xC8, 0xAA, 0xD3, 0x47, 0xE5, 0x0E, 0xBD, 0x10, 0x4E, 0xCE, 0xD5, 0x1B,
    0xFA, 0x56, 0x60, 0xF5, 0x86, 0x6D, 0xF4, 0x1D, 0x76, 0x21, 0x72, 0x68, 0x76, 0x28, 0x5C, 0x16,
    0xE9, 0x1E, 0xD1, 0xC3, 0x4F, 0x09, 0x3C, 0x06, 0x25, 0x36, 0xA8, 0x07, 0xB3, 0xBA, 0x2D, 0x6B,
    0x03, 0x2E, 0x9C, 0x86, 0xB0, 0x1C, 0x64, 0xC6, 0x9A, 0xDD, 0x7E, 0xC4, 0x38, 0x58, 0x7D, 0xCC,
    0xF6, 0x66, 0x0B, 0x54, 0x99, 0xB5, 0xB4, 0x26, 0xB4, 0xA9, 0x18, 0x81, 0xBE, 0x50, 0x7A, 0x58,
    0xF3, 0x96, 0x78, 0xF7, 0x51, 0x0C, 0x88, 0xF7, 0x49, 0x42, 0x79, 0x1B, 0x8C, 0x51, 0xFC, 0x0F,
    0x72, 0xB0, 0xFC, 0xC0, 0x0C, 0xAD, 0xDC, 0x00, 0x2E, 0x29, 0xDD, 0x66, 0x7D, 0x1E, 0x2B, 0x03,
    0x74, 0x8C, 0x83, 0x04, 0x12, 0xE6, 0x65, 0xD4, 0xF7, 0x45, 0x46, 0x07, 0x8C, 0xAC, 0x44, 0x11,
    0x0D, 0x07, 0xB4, 0x53, 0x0B, 0x92, 0x29, 0x89, 0x93, 0x4A, 0xC8, 0x1E, 0xC9, 0x78, 0x65, 0xF3,
    0x08, 0x95, 0xEE, 0x7C, 0x05, 0x95, 0x9C, 0xFE, 0x1D, 0x8B, 0xA7, 0x04, 0xD1, 0x35, 0x03, 0x10,
    0xF5, 0x53, 0x80, 0xA8, 0x4B, 0x10, 0x95, 0x9C, 0x44, 0x6C, 0xC8, 0xA8, 0x2D, 0x05, 0x41, 0x74,
    0x68, 0xA9, 0x9C, 0xDD, 0x30, 0x08, 0xC1, 0x39, 0x84, 0x3B, 0x20, 0x3D, 0xCE, 0x7A, 0x4C, 0x0E,
    0x82, 0x68, 0xB2, 0x41, 0x0A, 0x87, 0x3B, 0xBA, 0xB0, 0xC2, 0xB5, 0x20, 0x9A, 0x11, 0xE5, 0x63,
    0x5B, 0x0A, 0xD9, 0xC2, 0x98, 0xD0, 0x34, 0xAA, 0xA0, 0x49, 0x72, 0x39, 0x69, 0x83, 0x4A, 0x7C,
    0xCA, 0x2A, 0x60, 0x70, 0x36, 0xE7, 0x4F, 0xDA, 0xA0, 0xA7, 0x6D, 0x19, 0x7C, 0x1F, 0xE2, 0x57,
    0xA3, 0xAF, 0x04, 0xD5, 0x49, 0x18, 0x64, 0x51, 0xB3, 0xD7, 0x19, 0x8B, 0xCB, 0x97, 0x4F, 0xD6,
    0x20, 0x57, 0x44, 0x2B, 0xED, 0x65, 0x5E, 0xA2, 0x8C, 0x43, 0x1A, 0xB4, 0x91, 0x97, 0x1B, 0x4C,
    0x84, 0x21, 0xFB, 0x44, 0x0F, 0x1E, 0x6A, 0xF1, 0x4C, 0x4E, 0xC5, 0x4B, 0xE2, 0x57, 0x76, 0x02,
    0x16, 0xBF, 0x43, 0x25, 0x20, 0x3D, 0xDE, 0xC1, 0x4B, 0xA3, 0x9C, 0x49, 0x82, 0x9C, 0xC1, 0x76,
    0x1F, 0x1A, 0x32, 0x04, 0xF0, 0xF7, 0x21, 0xDC, 0x9E, 0x38, 0xB9, 0xF8, 0x1F, 0x26, 0x80, 0xA2,
    0x30, 0x48, 0x00, 0x1B, 0x1D, 0x4A, 0x27, 0xA3, 0xF4, 0x0D, 0x38, 0x46, 0x1A, 0xF2, 0xC0, 0x2C,
    0xED, 0x51, 0x7E, 0x8A, 0x54, 0xD4, 0xDE, 0x23, 0x03, 0x74, 0xF0, 0x0A, 0x62, 0x91, 0x87, 0x79,
    0x1C, 0x88, 0x97, 0x8B, 0x0B, 0xF5, 0x23, 0x26, 0x63, 0x2B, 0x62, 0xA5, 0x54, 0xF7, 0x8B, 0xFC,
    0x10, 0x34, 0x1C, 0x3D, 0xA6, 0xE8, 0xD2, 0xB7, 0x9C, 0x61, 0x72, 0x77, 0x66, 0x30, 0x6E, 0x01,
    0xEF, 0x9C, 0x92, 0xC8, 0x50, 0xA4, 0x04, 0x25, 0x2B, 0x92, 0x90, 0x45, 0x17, 0x84, 0x6F, 0x22,
    0x32, 0xAA, 0x36, 0x49, 0x0B, 0x85, 0x6E, 0x71, 0xE3, 0xA1, 0x60, 0x3D, 0x67, 0x45, 0x68, 0xA9,
    0x12, 0xC5, 0x0A, 0xC9, 0x4D, 0x93, 0x53, 0xC4, 0xD6, 0xA3, 0x51, 0x58, 0x2B, 0x6E, 0x5B, 0x2E,
    0x8F, 0x19, 0x2B, 0x14, 0x63, 0xA1, 0x2B, 0xFE, 0xB0, 0x32, 0xC8, 0xBD, 0x23, 0x27, 0x6D, 0xD0,
    0x6C, 0x5C, 0x55, 0x77, 0x4E, 0xC6, 0x73, 0x00, 0xBD, 0x74, 0xD2, 0x06, 0x6D, 0x31, 0xE4, 0x07,
    0x79, 0x65, 0x90, 0x6C, 0x6D, 0x9D, 0xB4, 0x41, 0x0E, 0xB1, 0x7D, 0x8D, 0xBC, 0x9A, 0x87, 0x4E,
    0xC7, 0xAB, 0xDF, 0x77, 0xC9, 0xB2, 0xD6, 0x0F, 0xCF, 0x61, 0xB1, 0x89, 0x8D, 0xCF, 0x61, 0x8D,
    0xDD, 0x58, 0x03, 0x4B, 0x91, 0xB1, 0x5B, 0xDA, 0x73, 0xD8, 0xE1, 0xB1, 0x73, 0x58, 0x26, 0xC3,
    0x7F, 0xE1, 0x2F, 0xAD, 0x43, 0xB1, 0x7E, 0x28, 0x6E, 0x8E, 0x63, 0xD8, 0xB5, 0xE2, 0x88, 0x31,
    0x71, 0x33, 0xF6, 0x78, 0xDA, 0x86, 0x8D, 0x37, 0x4C, 0xB1, 0xE7, 0x22, 0x85, 0x30, 0x8B, 0x2C,
    0xA8, 0xDC, 0x64, 0xC9, 0xBA, 0x4F, 0x37, 0xA9, 0x44, 0x69, 0xA7, 0xAF, 0x43, 0x1E, 0x41, 0x43,
    0x6C, 0x7E, 0xFD, 0xB0, 0xE2, 0xBC, 0x85, 0x84, 0x05, 0x1C, 0x74, 0x5F, 0xC0, 0xC6, 0x2D, 0x3D,
    0x0C, 0xD7, 0x43, 0x65, 0x93, 0xFB, 0xC8, 0xCF, 0xAE, 0x89, 0xF4, 0x1A, 0x36, 0xD1, 0xE0, 0x36,
    0x28, 0xC3, 0x0D, 0x68, 0xBD, 0x81, 0x62, 0xE2, 0xC5, 0x22, 0x56, 0x71, 0x17, 0x59, 0xEB, 0xE7,
    0xA8, 0x90, 0x7A, 0x50, 0xDC, 0x59, 0x41, 0x83, 0xB2, 0xBD, 0x26, 0xCC, 0x68, 0xB6, 0x6E, 0x25,
    0x8D, 0x88, 0x7E, 0xC5, 0x6C, 0x9F, 0x14, 0xBB, 0x81, 0x12, 0x2A, 0x44, 0xCE, 0x1E, 0x31, 0xFB,
    0xDA, 0x7B, 0x04, 0x8E, 0xC4, 0xCB, 0x7D, 0x7B, 0x92, 0x0F, 0x0C, 0x1A, 0xD8, 0x8A, 0x45, 0x66,
    0x32, 0x59, 0x2B, 0x32, 0x6F, 0xF4, 0x33, 0x70, 0x06, 0xD6, 0x62, 0x6E, 0xDA, 0x81, 0x7F, 0xB1,
    0x7D, 0x27, 0xEB, 0xF0, 0x66, 0xFB, 0xDE, 0xBF, 0x8C, 0x2A, 0x7E, 0x6D, 0x78, 0x66, 0x69, 0xB9,
    0x19, 0x41, 0x8A, 0xEB, 0xA5, 0x26, 0xE8, 0xC2, 0x54, 0x74, 0xF3, 0xE4, 0x1D, 0x00, 0xA4, 0x6E,
    0x18, 0x39, 0xA2, 0x69, 0xD3, 0xD1, 0x4D, 0xC0, 0x0D, 0xC1, 0x33, 0x4E, 0x87, 0xE9, 0xB1, 0x7D,
    0x68, 0x1A, 0xBA, 0x6B, 0xD7, 0xB5, 0x80, 0x05, 0x92, 0x5D, 0x4A, 0xED, 0xA5, 0x78, 0xBA, 0x3E,
    0xE1, 0x0B, 0x3E, 0xF1, 0xFE, 0x82, 0x2C, 0x74, 0x11, 0x6C, 0x28, 0xE1, 0xBC, 0xFB, 0x52, 0x9E,
    0xA9, 0x4D, 0xCB, 0xFE, 0xF7, 0xE4, 0xCC, 0x16, 0xD5, 0x7C, 0x80, 0xCC, 0x84, 0xA6, 0x7B, 0x69,
    0xA8, 0xA1, 0xAC, 0x40, 0xDA, 0x43, 0xDF, 0x10, 0xB7, 0x5A, 0x82, 0xC3, 0x83, 0xAE, 0xDA, 0x80,
    0x5F, 0x6B, 0xC8, 0x86, 0x22, 0xF3, 0x47, 0xAF, 0xB1, 0x20, 0x0F, 0xCB, 0x12, 0xA3, 0x55, 0xA6,
    0x4C, 0xA7, 0x4C, 0x9A, 0x0E, 0x0B, 0x7E, 0x9E, 0xCA, 0xAD, 0xBC, 0x8F, 0xC4, 0x6D, 0xFF, 0x7E,
    0x10, 0x7D, 0x7E, 0x80, 0xEC, 0xD7, 0x3E, 0x4B, 0xD1, 0x8B, 0x25, 0x37, 0xA8, 0xBD, 0x6B, 0x37,
    0x43, 0x2F, 0x0F, 0x92, 0x20, 0x71, 0x98, 0xC9, 0x9B, 0xED, 0x2A, 0x19, 0x7B, 0x55, 0xDB, 0x9B,
    0xF8, 0x79, 0x1D, 0x00, 0xD4, 0x46, 0xCC, 0xA9, 0xCF, 0xAB, 0x03, 0xB4, 0x0B, 0xE5, 0x29, 0xA6,
    0x7D, 0x80, 0x04, 0xAF, 0x38, 0xA8, 0x6B, 0xBD, 0x31, 0xD1, 0x60, 0x0A, 0x44, 0x16, 0x56, 0xF0,
    0xC3, 0xD9, 0xA3, 0x38, 0x2D, 0xC7, 0xD4, 0xDE, 0xC0, 0x27, 0x7C, 0xF0, 0xB4, 0x7A, 0x0F, 0x29,
    0xD4, 0x01, 0xD7, 0xEC, 0xA0, 0x82, 0x1F, 0xA2, 0xB1, 0xB8, 0x3B, 0x1C, 0x77, 0x5D, 0xDC, 0xA4,
    0x1D, 0x07, 0x46, 0x3D, 0x2C, 0x30, 0x66, 0x3E, 0xDE, 0xF9, 0x90, 0x52, 0x6B, 0x58, 0x6E, 0xA4,
    0xC0, 0xE4, 0x21, 0xD9, 0x54, 0x74, 0x43, 0x07, 0x27, 0xA1, 0x5E, 0xD6, 0xC7, 0x0E, 0xBD, 0xA6,
    0xA1, 0xBB, 0xF6, 0x12, 0xB0, 0xE4, 0x6D, 0x63, 0x75, 0xDB, 0x73, 0xA4, 0xE9, 0xE9, 0x7E, 0x43,
    0x8A, 0x38, 0x1A, 0x94, 0x38, 0x3A, 0x13, 0x63, 0x8D, 0xB4, 0x8A, 0x27, 0x1F, 0x2B, 0x36, 0xF1,
    0xEE, 0xE0, 0xDD, 0xA3, 0x96, 0x59, 0x56, 0x62, 0xE8, 0xFD, 0xC7, 0xB1, 0x01, 0x33, 0x71, 0x55,
    0x11, 0xA9, 0x98, 0x87, 0xC6, 0xA1, 0x85, 0xEB, 0x68, 0x5C, 0x11, 0x35, 0xED, 0xA7, 0x63, 0x3F,
    0xBD, 0xD2, 0x8C, 0x9B, 0xE4, 0x1D, 0x21, 0x58, 0xD1, 0xD8, 0x43, 0xCE, 0xC5, 0xAA, 0xD0, 0xE2,
    0xE9, 0x90, 0xE1, 0xE9, 0x73, 0x60, 0xAA, 0xB3, 0x97, 0x4A, 0x6D, 0x4C, 0xB5, 0xA5, 0x66, 0xE0,
    0xE6, 0xF3, 0xF3, 0xCD, 0x56, 0xA3, 0xB9, 0xB4, 0xF4, 0x7F, 0xD9, 0xFB, 0x3C, 0xD6, 0x3B, 0xFA,
    0x9B, 0xB6, 0xAC, 0x28, 0xD8, 0x87, 0x05, 0x4A, 0xBB, 0x86, 0xA5, 0x17, 0x02, 0x3E, 0x3A, 0x18,
    0x38, 0xC5, 0xAD, 0x21, 0xCA, 0xB3, 0x21, 0x06, 0x22, 0x3B, 0xEC, 0xD1, 0x58, 0x5A, 0x0B, 0x5B,
    0x3B, 0x79, 0xF9, 0x7C, 0x10, 0x45, 0xBA, 0x93, 0x21, 0x7E, 0xD3, 0x76, 0x1C, 0x56, 0x7E, 0x43,
    0x86, 0x3E, 0x51, 0xC1, 0x52, 0x44, 0x58, 0x8A, 0x92, 0x49, 0x54, 0x9A, 0x89, 0xDF, 0x8A, 0xD5,
    0xDB, 0x45, 0xAA, 0xF6, 0x7F, 0x98, 0xA1, 0xBC, 0x1E, 0x8C, 0x9F, 0xAC, 0xC0, 0xFA, 0x0C, 0x75,
    0x1C, 0xD3, 0xD9, 0x36, 0x70, 0xC0, 0xB4, 0x69, 0xD3, 0xDA, 0x4B, 0xD0, 0x4C, 0x0F, 0x53, 0xDF,
    0xE3, 0xF4, 0xC7, 0xF1, 0x5F, 0xFB, 0x9A, 0xF8, 0x27, 0x5C, 0x70, 0xAD, 0x63, 0xE9, 0x71, 0xAD,
    0xD7, 0x2B, 0x7B, 0xAB, 0x76, 0xDC, 0x66, 0xEC, 0xA5, 0x65, 0xCE, 0x0D, 0x26, 0xE3, 0x3F, 0xB1,
    0x5B, 0x40, 0xF8, 0x98, 0xF8, 0xFF, 0x46, 0xBA, 0xFF, 0x47, 0xFC, 0x7F, 0x13, 0xDD, 0x5F, 0xE3,
    0xEB, 0xA9, 0xE8, 0x3E, 0xCA, 0x2D, 0xF3, 0xD8, 0xDC, 0xFA, 0x26, 0xBA, 0x67, 0xB5, 0xD8, 0x83,
    0x19, 0x52, 0x9A, 0xD9, 0x78, 0xF2, 0x19, 0x60, 0xF5, 0x04, 0x73, 0xE2, 0x19, 0x05, 0x4F, 0x5E,
    0x0F, 0xC6, 0xA7, 0x84, 0x6F, 0xC5, 0xA7, 0xF8, 0xDC, 0x74, 0x07, 0xC5, 0x01, 0x08, 0xF1, 0x10,
    0x40, 0x89, 0x88, 0xED, 0x6A, 0xA0, 0x7A, 0x61, 0x02, 0x13, 0xBC, 0x6D, 0x94, 0x5E, 0x41, 0x1E,
    0xEB, 0x01, 0xC4, 0x8B, 0xA0, 0x2E, 0xEA, 0xE7, 0x58, 0x4F, 0x85, 0x7E, 0x12, 0xA4, 0xE4, 0x5A,
    0x29, 0xE8, 0x7F, 0x6B, 0x74, 0x2B, 0x95, 0x55, 0xCB, 0x2C, 0x48, 0x2D, 0xE4, 0x39, 0xB2, 0x2C,
    0x18, 0x74, 0xF6, 0x01, 0x89, 0xDB, 0x51, 0xC0, 0x8A, 0xBC, 0xF2, 0xD5, 0x47, 0x80, 0x4E, 0xB6,
    0x72, 0x3C, 0x50, 0x93, 0x32, 0x50, 0x7D, 0xD3, 0xC1, 0x6C, 0x36, 0xA4, 0x6F, 0xDA, 0xF7, 0x3F,
    0x31, 0x6A, 0x14, 0x68, 0x19, 0x3F, 0x72, 0xE4, 0xB3, 0xA0, 0x10, 0xBA, 0x5B, 0xF1, 0x74, 0x75,
    0x3B, 0xD8, 0xE0, 0x02, 0x24, 0xF0, 0x0A, 0x34, 0x5C, 0x3E, 0x5A, 0xA0, 0xA9, 0xE8, 0xE6, 0x29,
    0x7C, 0x04, 0xE0, 0x8A, 0xA0, 0x61, 0x7E, 0x76, 0xCA, 0x3E, 0xB1, 0xCF, 0x11, 0x03, 0x52, 0x76,
    0xF0, 0xC9, 0xF2, 0xE4, 0xEE, 0xA8, 0x66, 0x05, 0xF9, 0x8D, 0xF1, 0xA7, 0x20, 0xC6, 0xA6, 0xAB,
    0x88, 0x47, 0x17, 0x48, 0x61, 0xEB, 0xDC, 0xAD, 0x77, 0x40, 0x89, 0xF9, 0x84, 0xB9, 0xC7, 0xE3,
    0x93, 0x75, 0x3E, 0x4B, 0x6E, 0xF1, 0xA1, 0x5E, 0x9B, 0x4F, 0xD1, 0x22, 0x3E, 0x11, 0x53, 0xF6,
    0x44, 0x9E, 0x9B, 0x75, 0x90, 0x94, 0x27, 0xD5, 0xE5, 0xF3, 0x6F, 0xFB, 0xBF, 0x00, 0xF6, 0x39,
    0x6D, 0x97, 0x3D, 0x36, 0xF4, 0x98, 0x1C, 0x5B, 0x66, 0x61, 0x05, 0x99, 0x40, 0x29, 0xDC, 0x52,
    0x80, 0xCC, 0x7A, 0xFF, 0x40, 0xBC, 0x7A, 0x23, 0x67, 0x28, 0xDE, 0x80, 0xE7, 0x42, 0x09, 0xC2,
    0x08, 0x40, 0x14, 0x52, 0x71, 0x25, 0x80, 0x90, 0xF6, 0x54, 0xBF, 0xCD, 0x71, 0x9A, 0x84, 0xFA,
    0x1E, 0xFE, 0x8A, 0x42, 0x35, 0xE4, 0xBF, 0x6E, 0x44, 0x0F, 0xFB, 0x06, 0x75, 0xE6, 0x88, 0xA0,
    0x1F, 0x57, 0xFF, 0xDA, 0xD1, 0x1C, 0x9B, 0x52, 0x0A, 0xAC, 0x22, 0x96, 0xD1, 0xFD, 0x27, 0x06,
    0x75, 0xFF, 0xCE, 0x47, 0x6F, 0xBF, 0xDD, 0x3C, 0x09, 0x6F, 0xFC, 0x1B, 0xCD, 0x5B, 0xBD, 0x93,
    0xDC, 0x66, 0x19, 0x7F, 0x25, 0xC5, 0x27, 0x7C, 0x22, 0x91, 0x8B, 0x38, 0xC4, 0x8E, 0x27, 0xCA,
    0x0C, 0x29, 0x8E, 0x0C, 0x39, 0x51, 0xB8, 0xA0, 0xB8, 0x5D, 0xBD, 0x50, 0x90, 0x22, 0x33, 0xE0,
    0x61, 0x7C, 0xB4, 0xB8, 0x70, 0x61, 0xA0, 0x38, 0x0A, 0x0A, 0x06, 0x76, 0xBD, 0x1A, 0x28, 0x28,
    0x52, 0xB0, 0xFF, 0x01, 0x57, 0xB8, 0x70, 0x96, 0x61, 0x80, 0xEE, 0x98, 0x59, 0x67, 0x05, 0x14,
    0x14, 0x14, 0x68, 0x26, 0x05, 0x45, 0x0A, 0x14, 0xB8, 0x00, 0xE3, 0x14, 0x11, 0x20, 0x63, 0x9D,
    0xB3, 0xB7, 0xE2, 0xF7, 0x7B, 0x5E, 0x69, 0x3F, 0xEE, 0x3C, 0xFE, 0x5C, 0x6E, 0xA3, 0x5D, 0x3D,
    0xBB, 0xA7, 0x95, 0xF4, 0x3E, 0xBF, 0xE7, 0x7D, 0xDE, 0xE7, 0x53, 0xA7, 0x94, 0x6C, 0x51, 0x95,
    0x29, 0xF5, 0xDA, 0x20, 0x56, 0x47, 0x37, 0x7B, 0x17, 0xC4, 0x2B, 0x40, 0xFC, 0x12, 0x24, 0x1C,
    0x83, 0xB4, 0x86, 0x20, 0xC3, 0x2E, 0x48, 0xD1, 0xC6, 0x19, 0x39, 0x88, 0x93, 0x86, 0x38, 0x2D,
    0x09, 0x70, 0x9A, 0x0E, 0xB4, 0x0A, 0x95, 0x1F, 0xAB, 0x96, 0xF2, 0x13, 0x75, 0x6B, 0xFB, 0x9B,
    0x89, 0xAA, 0xAA, 0x2A, 0xB5, 0x41, 0x32, 0x27, 0x55, 0x4E, 0xE6, 0x25, 0xCA, 0xC9, 0x7D, 0x8D,
    0x0B, 0x71, 0x8D, 0x55, 0xB4, 0x70, 0x9F, 0x92, 0x77, 0x1C, 0xCB, 0x80, 0x61, 0x95, 0xAB, 0xF3,
    0x83, 0xDD, 0x05, 0x26, 0xD6, 0xDE, 0x56, 0x6A, 0x54, 0xA5, 0x4E, 0xE9, 0xE6, 0x5E, 0xAA, 0x0A,
    0x4B, 0x2B, 0x32, 0x84, 0xFD, 0x54, 0xAE, 0x76, 0xAA, 0xDC, 0x99, 0x7C, 0x3D, 0x0F, 0x62, 0xF2,
    0x61, 0x67, 0x1D, 0x0C, 0xD0, 0x51, 0x5E, 0xDA, 0x55, 0x51, 0x1A, 0x7D, 0x78, 0x37, 0xF1, 0xAB,
    0x1F, 0x27, 0xEA, 0x12, 0x6F, 0xB2, 0x61, 0xF5, 0x95, 0x6A, 0x63, 0x70, 0x15, 0x54, 0xF8, 0xD3,
    0xBA, 0xBC, 0x3A, 0x9C, 0xE7, 0xD4, 0xAE, 0x0A, 0xDE, 0xC8, 0x94, 0x57, 0x41, 0xE0, 0x97, 0x97,
    0x8C, 0xF3, 0x84, 0x67, 0xCC, 0x4D, 0x39, 0x12, 0x07, 0x7E, 0x5D, 0xA6, 0xEF, 0x9A, 0x19, 0xFD,
    0xA9, 0xA0, 0xFC, 0x04, 0x50, 0x36, 0x71, 0x7A, 0x8E, 0xD1, 0xA0, 0x97, 0xD6, 0x1D, 0x88, 0x69,
    0x44, 0xDD, 0xBC, 0x40, 0x7C, 0x87, 0x20, 0xBD, 0x7D, 0x1C, 0x2E, 0x17, 0x66, 0xD0, 0x1A, 0x65,
    0x9C, 0x5A, 0xFC, 0x3A, 0xEA, 0xF7, 0x62, 0x7B, 0x8C, 0x3B, 0xBA, 0x39, 0xF9, 0x4E, 0xC0, 0x77,
    0x10, 0x2B, 0x6B, 0x37, 0x12, 0x4D, 0x27, 0xB9, 0x4E, 0x72, 0x8B, 0x84, 0x30, 0x8C, 0xE6, 0xCD,
    0xC8, 0xB0, 0xFE, 0xD5, 0x4B, 0x20, 0xA7, 0x40, 0x47, 0x1A, 0xE7, 0xFB, 0xD9, 0xDA, 0x58, 0xB9,
    0x15, 0x97, 0xC9, 0x68, 0xC2, 0xD1, 0xB4, 0x8C, 0x09, 0x6D, 0xDA, 0x49, 0x94, 0x87, 0x23, 0x9B,
    0x7A, 0x6E, 0x1E, 0x6F, 0x12, 0xBC, 0x76, 0x4A, 0x2F, 0xF5, 0x52, 0x2B, 0x87, 0x78, 0xFB, 0x1C,
    0xB6, 0x5B, 0xDF, 0x9B, 0xFB, 0xDE, 0xDC, 0xF7, 0xAE, 0x72, 0x92, 0x08, 0xF2, 0xF7, 0x6F, 0x4F,
    0x94, 0x5D, 0x01, 0xD9, 0x33, 0x72, 0x13, 0x02, 0x0E, 0x33, 0xCA, 0x1A, 0x27, 0xDB, 0xFD, 0x73,
    0xAB, 0x06, 0x7B, 0x03, 0x4A, 0x83, 0x01, 0x83, 0xAF, 0x69, 0xB5, 0x61, 0xC7, 0xFF, 0x07, 0xB0,
    0x5C, 0x9B, 0xD4, 0x40, 0x7C, 0x8B, 0x57, 0x0D, 0xF6, 0x5A, 0x7D, 0x49, 0x69, 0xB4, 0x76, 0xA9,
    0x60, 0xFB, 0xE7, 0x79, 0x1A, 0x7F, 0x0F, 0xF3, 0x06, 0xFB, 0x2A, 0xC1, 0x9E, 0x83, 0x65, 0xF4,
    0xDE, 0xC4, 0x1A, 0x9F, 0x98, 0x59, 0x5E, 0x2A, 0xD8, 0xDD, 0x75, 0x90, 0x0E, 0xAF, 0x09, 0x8E,
    0x83, 0x1D, 0xC0, 0x4A, 0x58, 0x55, 0x55, 0x2A, 0xFB, 0xE0, 0x3B, 0x95, 0xB6, 0x73, 0x15, 0xA6,
    0x4E, 0xAE, 0xDC, 0x1C, 0xC4, 0x2E, 0x9C, 0x0C, 0x4B, 0x1C, 0x44, 0x95, 0xB4, 0x31, 0x63, 0x4F,
    0x08, 0xB4, 0xA3, 0x84, 0x28, 0x2C, 0x21, 0x85, 0x08, 0x05, 0x86, 0xCB, 0x21, 0x73, 0x5E, 0x0A,
    0xE2, 0x27, 0x30, 0x51, 0x91, 0x8E, 0x94, 0x75, 0x08, 0x19, 0xED, 0x14, 0xF0, 0x6C, 0x30, 0xB2,
    0x11, 0xD9, 0xC1, 0xB6, 0x2E, 0x7A, 0x1B, 0x38, 0xD4, 0xB1, 0x50, 0xE8, 0xA6, 0x4D, 0xDA, 0x76,
    0x28, 0x87, 0x16, 0x58, 0x5D, 0xBF, 0x41, 0xEB, 0x36, 0x9A, 0x74, 0xA0, 0xEC, 0xA5, 0x0B, 0x39,
    0x62, 0xD8, 0x31, 0xC5, 0x47, 0xA8, 0x91, 0xE8, 0x43, 0x4B, 0x34, 0xA2, 0x23, 0x74, 0xA8, 0xAC,
    0x7C, 0x46, 0x6D, 0xA1, 0x60, 0x1E, 0xBF, 0xBA, 0x19, 0xCF, 0x0F, 0xC0, 0x74, 0x70, 0xFB, 0x2E,
    0xA8, 0x4B, 0x03, 0xAD, 0xD4, 0xF3, 0x35, 0x6E, 0x6D, 0x70, 0x5B, 0x35, 0xEE, 0x20, 0xB5, 0x67,
    0xB8, 0xF3, 0x1A, 0xF7, 0xD8, 0x15, 0x42, 0xDC, 0x11, 0xCE, 0x1D, 0xF7, 0x40, 0xA6, 0xE0, 0xED,
    0xC2, 0xE0, 0x8E, 0x31, 0x92, 0xC1, 0xAD, 0x81, 0x3B, 0x54, 0xD6, 0xE4, 0x7E, 0xB8, 0x49, 0x02,
    0x7E, 0x19, 0xDD, 0xA0, 0x76, 0x51, 0xAB, 0xDB, 0x3C, 0xD6, 0xAA, 0x11, 0x13, 0xB0, 0xE0, 0x15,
    0xB8, 0x82, 0x56, 0xC0, 0x0A, 0x56, 0x81, 0x2A, 0x18, 0x6B, 0x62, 0xE7, 0x06, 0xA6, 0xA0, 0x14,
    0x90, 0x82, 0xD1, 0x40, 0x7C, 0x7E, 0xE6, 0x53, 0x2B, 0x38, 0x5A, 0x8B, 0x73, 0x7C, 0x64, 0x1B,
    0x0C, 0x06, 0x7D, 0x4B, 0x5C, 0xCC, 0xBD, 0xC1, 0x20, 0xA6, 0xD4, 0x44, 0x68, 0x35, 0xC9, 0x1A,
    0x22, 0xAE, 0x45, 0x88, 0x87, 0x73, 0x95, 0x5F, 0x55, 0x89, 0x31, 0x0F, 0x7E, 0xDC, 0x90, 0x40,
    0x37, 0x24, 0x9C, 0xAE, 0x0A, 0x43, 0xAA, 0x6A, 0x6C, 0x48, 0x1D, 0xDF, 0xE4, 0x08, 0x6F, 0xFA,
    0x8B, 0x51, 0x85, 0xA8, 0x77, 0xEC, 0x14, 0x2E, 0x1D, 0x5C, 0x01, 0xF1, 0xEC, 0x41, 0x26, 0x1D,
    0x40, 0xEE, 0x8C, 0x70, 0x21, 0x76, 0x1A, 0xDE, 0xA9, 0x8A, 0x77, 0x95, 0x9D, 0x46, 0xDA, 0x4B,
    0xFC, 0x7B, 0x15, 0x90, 0x41, 0x82, 0xA7, 0xB8, 0x7E, 0x62, 0x88, 0xD6, 0xCA, 0xA9, 0xDE, 0x23,
    0x9A, 0x89, 0x53, 0x7A, 0x75, 0x38, 0x37, 0x54, 0x5F, 0x85, 0x2E, 0xAF, 0xD7, 0x0B, 0xD1, 0xCD,
    0x32, 0x70, 0x3E, 0xD8, 0x40, 0x9F, 0xF0, 0x7C, 0x3E, 0xD0, 0x36, 0x3F, 0x1D, 0xCE, 0x13, 0x46,
    0xE2, 0x4C, 0x83, 0xA7, 0x4D, 0x59, 0xA1, 0x75, 0xF0, 0xF4, 0xD4, 0x50, 0x60, 0x15, 0xB8, 0x74,
    0xD5, 0x16, 0x97, 0xF8, 0x15, 0xFC, 0x9D, 0x2D, 0xBA, 0x1D, 0xFE, 0xB9, 0xBE, 0xC2, 0x29, 0x3C,
    0x67, 0xED, 0x8A, 0xC7, 0xB1, 0xEF, 0xEB, 0x71, 0x96, 0xA1, 0xAA, 0x73, 0x81, 0xD3, 0x8B, 0xF7,
    0x71, 0xAF, 0x13, 0xE3, 0x5E, 0x2D, 0x1A, 0x3C, 0x67, 0xC1, 0xBD, 0xF6, 0xEF, 0xEF, 0x5E, 0xFD,
    0x2A, 0x1F, 0x83, 0x64, 0x63, 0x0A, 0x82, 0x24, 0x1D, 0x52, 0x10, 0xB7, 0xB8, 0x1E, 0xC0, 0x62,
    0x98, 0xC0, 0xBD, 0xF6, 0x12, 0x3F, 0x75, 0xEF, 0xC6, 0x70, 0xAF, 0xEF, 0xC6, 0xB0, 0xA8, 0xF0,
    0x29, 0x26, 0x96, 0x58, 0x27, 0xED, 0xA5, 0x34, 0x14, 0x98, 0x5B, 0x3B, 0xDE, 0x58, 0x60, 0x68,
    0xA0, 0x37, 0xC0, 0xD0, 0x7F, 0x4B, 0x0C, 0xD7, 0xEB, 0x43, 0x9F, 0x03, 0x84, 0xC4, 0xD0, 0x09,
    0x10, 0xF9, 0xB6, 0x09, 0x37, 0x47, 0xB0, 0xBD, 0x5F, 0x62, 0x26, 0x7A, 0x13, 0xCD, 0x63, 0x18,
    0x99, 0x32, 0x77, 0xAA, 0x7B, 0x9A, 0x46, 0xB6, 0x54, 0x5E, 0x7F, 0xFB, 0x90, 0x13, 0xDE, 0xA6,
    0xAD, 0xDE, 0xA4, 0x7C, 0x5A, 0x74, 0xD3, 0x63, 0x15, 0x7E, 0xB0, 0x93, 0xA9, 0x35, 0xC2, 0xAD,
    0x47, 0xA3, 0xBD, 0xB2, 0xC5, 0x5E, 0x55, 0x5C, 0x3A, 0x67, 0xF5, 0x8A, 0x85, 0x63, 0xC7, 0xE7,
    0x78, 0xD1, 0x90, 0x71, 0x40, 0x7E, 0x9C, 0xA1, 0x13, 0x15, 0xCE, 0x23, 0x45, 0xA1, 0x27, 0xAF,
    0x39, 0x66, 0x69, 0xE9, 0xC6, 0x52, 0xAC, 0x4A, 0x73, 0x56, 0x00, 0x9F, 0x9B, 0x1B, 0x37, 0x33,
    0x21, 0xDF, 0x1C, 0x1E, 0xFB, 0xF4, 0x9C, 0x14, 0x76, 0xEB, 0x34, 0xCC, 0xD8, 0x52, 0x89, 0xE9,
    0x84, 0xAC, 0x4A, 0x87, 0x6C, 0x06, 0x19, 0x3E, 0xD7, 0x56, 0xB7, 0xD5, 0x84, 0xBF, 0xD3, 0x0D,
    0xA6, 0xEE, 0x73, 0x18, 0x4D, 0x75, 0x6D, 0x90, 0x5B, 0x12, 0x2E, 0xD2, 0xC0, 0x8E, 0x0D, 0x61,
    0xA8, 0xDB, 0xC4, 0xBB, 0x56, 0xE1, 0x7D, 0xB0, 0xFD, 0x8D, 0x02, 0x56, 0xB6, 0xCA, 0x7D, 0x21,
    0x92, 0x83, 0x23, 0xE4, 0xCB, 0x84, 0xC0, 0xC0, 0xBA, 0xA9, 0x10, 0x49, 0xE3, 0x23, 0x8A, 0x33,
    0xAA, 0x65, 0x6A, 0x48, 0x4C, 0xD1, 0x30, 0x82, 0x0D, 0xA1, 0x36, 0x57, 0xD7, 0xF4, 0x94, 0x3B,
    0x0A, 0x4A, 0xF6, 0xC4, 0xC0, 0xA4, 0xC2, 0x7B, 0xF1, 0xB7, 0xB5, 0xFF, 0x56, 0x95, 0xF9, 0x93,
    0x37, 0x0A, 0x3F, 0x53, 0x05, 0xD4, 0x8D, 0xD6, 0xB7, 0xC0, 0xCD, 0x91, 0xF3, 0x5B, 0xCC, 0xD3,
    0x65, 0x6F, 0x61, 0xE8, 0x96, 0xE4, 0xEB, 0x4E, 0x8A, 0x3D, 0x19, 0xE2, 0x0E, 0x7B, 0xBC, 0x0B,
    0x91, 0x49, 0x46, 0x7E, 0x5D, 0x09, 0x40, 0xB5, 0x76, 0xB0, 0xBD, 0xFD, 0xCE, 0xA5, 0x10, 0xAC,
    0x57, 0xA5, 0x7B, 0x67, 0x7B, 0xFB, 0xF0, 0x92, 0x80, 0x14, 0x37, 0x52, 0x32, 0x6E, 0xC4, 0xC9,
    0x2E, 0x21, 0xD2, 0x93, 0x54, 0x86, 0xE6, 0x4A, 0x50, 0x36, 0x94, 0x38, 0x49, 0x71, 0xB2, 0x20,
    0x55, 0x21, 0x83, 0x7C, 0x25, 0x80, 0x95, 0x80, 0xAD, 0xA9, 0x81, 0xDB, 0x60, 0xF3, 0x6E, 0xDF,
    0xC0, 0x7C, 0x8F, 0xE7, 0xB0, 0x0D, 0x1A, 0x6C, 0x39, 0xB1, 0x05, 0x53, 0x6C, 0xD6, 0x3C, 0xB6,
    0x79, 0x5C, 0x29, 0x71, 0x71, 0xC7, 0xCC, 0x27, 0xD0, 0x45, 0x7F, 0x92, 0x9F, 0x7E, 0x29, 0x9B,
    0x9F, 0x47, 0x80, 0xC4, 0x1C, 0xDA, 0x5C, 0x01, 0xF2, 0xCE, 0xF8, 0x06, 0x8B, 0x78, 0x7B, 0xE2,
    0x12, 0xF9, 0x8E, 0xF9, 0xC6, 0x70, 0x52, 0x5F, 0x21, 0xAF, 0x91, 0x84, 0xDD, 0x6D, 0x89, 0x13,
    0xA3, 0x7B, 0xE9, 0xAB, 0x3B, 0x33, 0x0B, 0x63, 0x5D, 0xAA, 0x6F, 0xC2, 0x8A, 0x4B, 0x42, 0xE6,
    0x3D, 0x79, 0x9B, 0x9B, 0x60, 0x3E, 0xF0, 0x0E, 0x24, 0x88, 0x0F, 0xEB, 0x68, 0x01, 0x20, 0x8B,
    0x85, 0x4A, 0xD9, 0x53, 0x73, 0x65, 0x0A, 0x81, 0xF3, 0x71, 0xF2, 0xE3, 0x72, 0x75, 0x5A, 0xED,
    0xFA, 0x5F, 0xCE, 0x5C, 0xA4, 0x1E, 0x97, 0x97, 0xC6, 0xD5, 0x86, 0xD5, 0x6F, 0xC3, 0xC7, 0x57,
    0xB3, 0xA0, 0xF6, 0xB1, 0x65, 0x05, 0xD5, 0xE0, 0x60, 0x8F, 0x36, 0x5E, 0x57, 0xDE, 0x43, 0x89,
    0x31, 0xC7, 0x12, 0x65, 0x96, 0xBC, 0xFA, 0x65, 0x09, 0xA7, 0xDA, 0x57, 0x65, 0x71, 0xC3, 0x30,
    0x4F, 0x47, 0x32, 0xDB, 0xD9, 0xE6, 0xF2, 0x96, 0x9C, 0xD7, 0x91, 0x3B, 0x0C, 0xEB, 0xCB, 0x19,
    0xA6, 0x16, 0xCC, 0x9D, 0xF0, 0xB6, 0x45, 0x02, 0x18, 0xD6, 0x64, 0x90, 0xBF, 0xD9, 0x45, 0xD2,
    0xCB, 0xE0, 0xBD, 0x8B, 0x03, 0x1D, 0x23, 0x31, 0xAB, 0xB0, 0x0B, 0x1B, 0xC9, 0x20, 0x5E, 0x99,
    0x93, 0xB9, 0xA9, 0x9B, 0x02, 0x3F, 0x5F, 0xB1, 0x1F, 0x07, 0x3A, 0x40, 0x96, 0x17, 0xE1, 0xD5,
    0xC6, 0xEB, 0x94, 0xE6, 0x31, 0x5F, 0xFB, 0x00, 0x1B, 0xE2, 0xC5, 0x63, 0x2D, 0xBC, 0x78, 0xAB,
    0x21, 0xCD, 0x14, 0xD6, 0xE5, 0x4D, 0x2E, 0xC8, 0xD2, 0x16, 0x02, 0x0E, 0x24, 0xBF, 0x24, 0xC1,
    0x08, 0x90, 0xA0, 0x21, 0x2E, 0xCB, 0x7C, 0x6E, 0x5D, 0xEB, 0x73, 0x53, 0xBF, 0x26, 0x18, 0x36,
    0x36, 0xC4, 0x4F, 0x24, 0xC9, 0x24, 0x89, 0x43, 0x06, 0x98, 0x91, 0x49, 0xB3, 0xFB, 0x23, 0x8C,
    0x58, 0x1D, 0x92, 0x48, 0xFE, 0x43, 0x59, 0xAF, 0x6B, 0x1A, 0x29, 0x27, 0xF5, 0xB5, 0x93, 0xCC,
    0x5C, 0xD6, 0x29, 0x7D, 0x16, 0xD7, 0xB6, 0xCD, 0xAE, 0x5B, 0xB0, 0xC0, 0x1D, 0x30, 0xDD, 0x01,
    0xD3, 0x43, 0xD9, 0xDB, 0x90, 0x53, 0x5B, 0x52, 0xCE, 0x02, 0x3B, 0x92, 0x4B, 0xC8, 0xAA, 0xC3,
    0x4C, 0x13, 0xFB, 0x1E, 0xAD, 0x86, 0xEC, 0xA9, 0x2C, 0x78, 0x07, 0x0A, 0xC6, 0x5A, 0x94, 0x52,
    0x8C, 0x69, 0x47, 0x38, 0xF0, 0x57, 0x58, 0x61, 0x7D, 0x75, 0xB6, 0x16, 0x36, 0x6A, 0x0F, 0xD4,
    0x94, 0x29, 0x9B, 0x7C, 0xA1, 0x54, 0x62, 0x9F, 0xB8, 0xD3, 0xFC, 0x3A, 0xCD, 0x5E, 0xDF, 0x9F,
    0xA1, 0x2D, 0x77, 0xDA, 0x0D, 0xDF, 0xEC, 0x67, 0x7A, 0x1A, 0x31, 0x29, 0x46, 0x29, 0xE7, 0x0A,
    0x61, 0x2E, 0x0B, 0x61, 0xFE, 0x62, 0x21, 0x0C, 0x5A, 0x39, 0xE5, 0x91, 0xBB, 0xBB, 0x60, 0x5F,
    0x8D, 0x1F, 0xA7, 0xBA, 0x70, 0x0F, 0xEA, 0x7C, 0x3C, 0xAC, 0x43, 0xFF, 0xB6, 0xC9, 0xC5, 0x65,
    0x07, 0xAB, 0x11, 0xD8, 0x8B, 0x52, 0x33, 0xD4, 0x35, 0x2E, 0x1F, 0x4E, 0x9F, 0xC7, 0x1A, 0x41,
    0xA8, 0xC1, 0xEE, 0x2D, 0xF0, 0x8C, 0x03, 0x98, 0x2C, 0xCE, 0x58, 0xA8, 0x8D, 0x3F, 0x75, 0xDF,
    0x85, 0x17, 0xF2, 0xFE, 0x04, 0x56, 0xFD, 0x6A, 0x07, 0xF3, 0x74, 0x48, 0x35, 0x2F, 0x70, 0x8A,
    0x9F, 0xE0, 0x9A, 0x40, 0x3B, 0x70, 0x7D, 0x1A, 0x56, 0x37, 0xE4, 0x10, 0x11, 0x2D, 0xB5, 0x68,
    0x3D, 0x8B, 0x43, 0x71, 0xBB, 0x0E, 0x79, 0x9A, 0x4D, 0x5C, 0xA8, 0xF8, 0xC0, 0x99, 0xD7, 0x3D,
    0xFD, 0x20, 0xFF, 0x91, 0xA8, 0xCB, 0x7E, 0xCC, 0x9A, 0x84, 0x87, 0x69, 0x0F, 0xB5, 0xAF, 0xC7,
    0x2A, 0xC0, 0xA8, 0xA1, 0x0F, 0x7B, 0x1D, 0xE5, 0x2A, 0x3A, 0x28, 0x00, 0x08, 0xC3, 0xEA, 0x0E,
    0x30, 0xB6, 0xEB, 0x69, 0xF7, 0xE3, 0x21, 0xAE, 0xDC, 0x33, 0xAE, 0xDB, 0x6C, 0x9D, 0x7A, 0xFF,
    0x3E, 0xF6, 0x2F, 0x30, 0x69, 0x11, 0x5B, 0xF9, 0xF0, 0x7B, 0x67, 0x8B, 0xF7, 0xEE, 0xCC, 0xDF,
    0x9B, 0x85, 0x7F, 0xE4, 0x03, 0x6B, 0xF0, 0xED, 0x7E, 0x7F, 0xD1, 0x1B, 0x8B, 0x1E, 0x3C, 0x40,
    0x17, 0xBC, 0x45, 0x5D, 0x30, 0x73, 0x18, 0x9B, 0xFC, 0x86, 0x7B, 0x58, 0x87, 0x3C, 0x91, 0xC9,
    0x6F, 0x0A, 0xEE, 0x88, 0x69, 0x11, 0xD1, 0x78, 0x58, 0x13, 0x7A, 0x16, 0x13, 0xD0, 0x52, 0x35,
    0xC6, 0xCA, 0x3D, 0x62, 0xAC, 0xD4, 0xCC, 0x58, 0x1D, 0x31, 0x21, 0xC6, 0x8A, 0xEC, 0xFD, 0x1F,
    0x79, 0x6D, 0x36, 0xBF, 0x56, 0xC8, 0x97, 0xEB, 0xF0, 0xEA, 0x55, 0x19, 0xB3, 0xC0, 0x2B, 0xB7,
    0xF0, 0xB2, 0xC5, 0x12, 0x39, 0xA9, 0x93, 0xB8, 0x78, 0x79, 0xC9, 0xCC, 0xEA, 0xD0, 0xEE, 0x18,
    0x77, 0xB4, 0x25, 0xAF, 0x8B, 0xEA, 0x8A, 0x70, 0xBB, 0x6B, 0xD1, 0xE0, 0x81, 0x5F, 0x2B, 0x23,
    0xC3, 0x0C, 0x16, 0x6D, 0xEA, 0xA1, 0xA3, 0x8F, 0x64, 0x93, 0x5E, 0xBA, 0x10, 0x74, 0x3F, 0x46,
    0x36, 0x59, 0x18, 0x62, 0xF7, 0xAF, 0x38, 0x69, 0xE1, 0xA4, 0xB9, 0x93, 0xFC, 0xCA, 0x4D, 0x52,
    0xF7, 0x77, 0xC9, 0x13, 0x4B, 0x77, 0x5E, 0xB2, 0xF9, 0x82, 0x45, 0xB8, 0xEC, 0x25, 0x76, 0xC9,
    0xDD, 0x4F, 0xAC, 0x1B, 0x8D, 0x74, 0x83, 0x78, 0x26, 0xD9, 0xFB, 0x49, 0xF7, 0xE1, 0xF3, 0x7E,
    0x56, 0x05, 0x91, 0x0E, 0xB1, 0x08, 0x5F, 0x7B, 0x52, 0xCE, 0x5E, 0x54, 0xDE, 0x87, 0x58, 0x0F,
    0xD5, 0xBE, 0x8A, 0xF6, 0xA5, 0x19, 0xF1, 0x48, 0x9C, 0xD1, 0x6E, 0x6E, 0x36, 0xD2, 0x68, 0x2D,
    0x8E, 0x59, 0xEE, 0xAA, 0x8F, 0x53, 0x55, 0x69, 0xC4, 0xF8, 0xB4, 0x1B, 0x58, 0x60, 0x99, 0xFA,
    0x6C, 0x56, 0x23, 0x99, 0xC2, 0x90, 0xDC, 0x8D, 0xB4, 0xC7, 0xEF, 0x2F, 0x1D, 0xF0, 0x6B, 0x5B,
    0x1F, 0x29, 0xF4, 0xED, 0xB2, 0xF4, 0x68, 0xB1, 0x7E, 0x2A, 0x6D, 0x9B, 0x10, 0xC1, 0x34, 0xA9,
    0x53, 0x69, 0x0C, 0xED, 0x7C, 0x94, 0x60, 0x68, 0xE7, 0xBD, 0x94, 0xF4, 0xF7, 0x39, 0xA0, 0xBB,
    0xBF, 0x2D, 0xC1, 0x86, 0x97, 0x8C, 0x85, 0x5E, 0x17, 0x0B, 0x11, 0xC1, 0x64, 0x43, 0xD3, 0x92,
    0x02, 0xD4, 0x4B, 0x41, 0xC1, 0x54, 0xCE, 0xFB, 0xDD, 0xC9, 0x89, 0x6C, 0x22, 0xB4, 0x97, 0x13,
    0x0A, 0xF8, 0x6C, 0x4B, 0xAD, 0x03, 0x80, 0x60, 0x1B, 0xB6, 0x6A, 0x33, 0xC6, 0xEC, 0x00, 0x2E,
    0xD6, 0x9D, 0x68, 0xA3, 0x48, 0x8D, 0x3B, 0xAA, 0x23, 0xDE, 0x77, 0x4C, 0x54, 0xF8, 0xD8, 0x11,
    0xEF, 0x27, 0x02, 0xDB, 0x7C, 0x07, 0x53, 0x8C, 0xA8, 0x31, 0xA5, 0xCE, 0xDC, 0xFC, 0xAC, 0x2D,
    0x05, 0x6D, 0xB3, 0x35, 0x55, 0xA5, 0xAD, 0xDA, 0xC7, 0x5E, 0x11, 0x67, 0x2B, 0x23, 0xF9, 0x22,
    0x5D, 0xE3, 0x96, 0xD5, 0xEE, 0x27, 0x50, 0x13, 0x4E, 0xB3, 0xEA, 0xF4, 0x56, 0x5D, 0x75, 0xBA,
    0xB9, 0x34, 0x4D, 0x58, 0x6F, 0xEC, 0xA7, 0x21, 0xB4, 0xA2, 0xEA, 0xB9, 0x69, 0x9A, 0xBA, 0xF1,
    0xFC, 0xDA, 0x0D, 0x75, 0x71, 0x0F, 0x11, 0xC4, 0x99, 0x6A, 0x1F, 0x6E, 0xB9, 0xE2, 0xFA, 0x2C,
    0x49, 0x80, 0x20, 0x46, 0x8C, 0xE3, 0x6B, 0x12, 0xAE, 0xF0, 0x40, 0x02, 0x43, 0x92, 0x90, 0xF3,
    0xD8, 0x36, 0xC4, 0xA5, 0x6C, 0x84, 0x60, 0xD5, 0x75, 0x8E, 0x49, 0x32, 0x10, 0x49, 0x6E, 0x2E,
    0x4A, 0xF2, 0xCF, 0xD9, 0x31, 0x49, 0x1E, 0x0A, 0xED, 0x89, 0x24, 0x43, 0xBD, 0xC7, 0x3E, 0xCD,
    0x31, 0x49, 0x5A, 0x07, 0x0F, 0x94, 0xA4, 0x27, 0x92, 0x34, 0xCA, 0x60, 0x2C, 0x80, 0x18, 0xEB,
    0x33, 0x61, 0x2C, 0x96, 0x45, 0xDA, 0xBF, 0xE5, 0x4C, 0xAA, 0x83, 0x46, 0xAA, 0x26, 0xA3, 0x8C,
    0x8D, 0x54, 0x83, 0x47, 0x92, 0x6A, 0x1D, 0x53, 0x88, 0x2D, 0x63, 0x7C, 0x83, 0x19, 0x73, 0x8B,
    0xC5, 0xB6, 0xC2, 0xE0, 0x58, 0x5B, 0xC1, 0x1A, 0xED, 0x33, 0x29, 0x62, 0xAC, 0xD6, 0xDF, 0x49,
    0x6C, 0x64, 0x80, 0x99, 0xCB, 0x30, 0x97, 0x5C, 0x96, 0xB4, 0x88, 0x63, 0x9A, 0x40, 0x43, 0x58,
    0xA2, 0x18, 0x33, 0x40, 0x1C, 0x4B, 0x84, 0x38, 0x66, 0x3B, 0x79, 0x4C, 0xFF, 0xCA, 0x12, 0x45,
    0x3E, 0xA4, 0x85, 0x65, 0xEB, 0x2C, 0xBD, 0x5E, 0xC7, 0xBA, 0x3D, 0xE8, 0x91, 0x2D, 0xAD, 0xB3,
    0x5C, 0x9A, 0x62, 0x6A, 0x56, 0xA2, 0x30, 0x4F, 0x2C, 0xDC, 0xBF, 0xB7, 0xC0, 0xF6, 0x77, 0x22,
    0x29, 0xE7, 0xB0, 0x6D, 0xDA, 0x60, 0x9D, 0xE1, 0x6C, 0x1F, 0x0E, 0xA5, 0x91, 0xCE, 0xFE, 0x81,
    0x93, 0x45, 0x2A, 0x48, 0x4C, 0xEB, 0xAC, 0xA8, 0x7B, 0x0B, 0x7D, 0xF6, 0x16, 0xD8, 0xB0, 0x97,
    0xD8, 0xF3, 0x48, 0x6F, 0x61, 0x05, 0x60, 0x5F, 0x7C, 0x48, 0x83, 0xE1, 0x69, 0xC0, 0x2A, 0x5B,
    0x83, 0x67, 0xEF, 0xF7, 0x19, 0xEB, 0x15, 0xF8, 0x56, 0xD2, 0xD0, 0xA4, 0xDF, 0x5D, 0xE1, 0xCC,
    0xBE, 0xF2, 0x29, 0xDC, 0x1B, 0xBC, 0xBE, 0x8F, 0xF5, 0xF1, 0x46, 0xA2, 0x2E, 0xAC, 0x2F, 0x11,
    0xEC, 0xCE, 0x81, 0x3D, 0x80, 0x02, 0x63, 0xCC, 0x1F, 0x57, 0x40, 0x15, 0xEE, 0xBF, 0xF4, 0x8F,
    0xDB, 0x83, 0xB7, 0xD5, 0x48, 0x59, 0x15, 0x10, 0x71, 0x71, 0xF3, 0x71, 0x07, 0x3A, 0xFA, 0x1E,
    0x3E, 0xA5, 0x95, 0xA8, 0xCD, 0x6A, 0x9B, 0x7E, 0x2A, 0xE3, 0xE4, 0xF9, 0x89, 0x05, 0x42, 0xC7,
    0x6E, 0x1C, 0x7D, 0x35, 0x91, 0x63, 0xD7, 0x6B, 0x87, 0x7F, 0xAB, 0xFE, 0x3C, 0xAC, 0x03, 0x81,
    0xB1, 0x39, 0xDF, 0x1E, 0x9B, 0xEB, 0x59, 0x1F, 0xE2, 0xFD, 0x02, 0x2A, 0x18, 0x12, 0x04, 0x51,
    0x34, 0x76, 0x26, 0xF9, 0xEC, 0x07, 0x34, 0xBB, 0xCF, 0x96, 0x80, 0x32, 0x0F, 0x96, 0x08, 0x76,
    0xF3, 0x5C, 0x47, 0xDC, 0xAB, 0x12, 0x48, 0xE0, 0x7D, 0x23, 0x84, 0xBB, 0xA9, 0xC8, 0x61, 0x84,
    0x94, 0xB6, 0x4D, 0x79, 0x4A, 0xC1, 0x9E, 0x02, 0x81, 0xB5, 0xEA, 0x55, 0x15, 0xE7, 0x01, 0x1F,
    0xE5, 0x70, 0xDA, 0x2A, 0x1E, 0xCB, 0x87, 0x25, 0x4F, 0xA6, 0xB0, 0xEB, 0x6C, 0xA5, 0x10, 0xD1,
    0xCF, 0x60, 0x8A, 0x20, 0x25, 0xEF, 0x5E, 0xA5, 0x21, 0x28, 0xAB, 0x2E, 0xE7, 0x8B, 0xB8, 0x8E,
    0x3C, 0xF7, 0x51, 0x1C, 0x69, 0x26, 0xDE, 0x20, 0xC7, 0x55, 0x62, 0x1F, 0x6C, 0xEF, 0x20, 0x50,
    0x45, 0xB2, 0x64, 0x3A, 0xA8, 0x75, 0x4D, 0x4D, 0x7A, 0xA9, 0x76, 0xC1, 0x7A, 0x03, 0xD3, 0xDC,
    0x30, 0x61, 0xA5, 0x89, 0x9D, 0x8B, 0x82, 0x89, 0x11, 0x0B, 0x4C, 0x52, 0x6B, 0xA2, 0xFD, 0x65,
    0x76, 0x04, 0x20, 0x63, 0x4A, 0x6A, 0x48, 0xB1, 0x75, 0x4D, 0x55, 0xA0, 0x5D, 0xE7, 0x49, 0x14,
    0xE0, 0x55, 0xE5, 0x95, 0xD6, 0xA8, 0xEF, 0xEC, 0x37, 0x76, 0xEE, 0x4B, 0x37, 0xFC, 0x9F, 0x16,
    0xFE, 0x68, 0xD7, 0x97, 0xBA, 0x95, 0x09, 0x34, 0xE7, 0x63, 0xCD, 0x23, 0xD1, 0xD5, 0x49, 0xF3,
    0x3B, 0xDD, 0xDC, 0xFB, 0xA4, 0x74, 0xCF, 0x4A, 0xDA, 0xFA, 0x2D, 0xE7, 0x6F, 0x87, 0xCE, 0x47,
    0xFF, 0x74, 0x24, 0xDE, 0x7B, 0x94, 0xC2, 0x93, 0x6A, 0x42, 0xD5, 0x2D, 0x49, 0x14, 0xAE, 0x88,
    0xB1, 0x3A, 0xD2, 0x5D, 0xD2, 0x2B, 0x9B, 0x23, 0x3B, 0xDE, 0xB0, 0xFE, 0x55, 0x30, 0x2E, 0x3D,
    0xFF, 0xA4, 0x73, 0x64, 0x3A, 0xE6, 0x16, 0x5D, 0x5A, 0x48, 0x6D, 0xFB, 0xCD, 0xA2, 0xA3, 0xA1,
    0x35, 0x02, 0x87, 0x1A, 0x29, 0xED, 0x4E, 0x8A, 0x25, 0x66, 0xE7, 0xD4, 0x49, 0x2D, 0x5D, 0x33,
    0x43, 0x78, 0x91, 0x25, 0x91, 0x10, 0x97, 0x8F, 0x8A, 0x10, 0x7B, 0xAA, 0x35, 0x49, 0xB7, 0x02,
    0x29, 0x15, 0x8F, 0x74, 0xBD, 0x7E, 0x9B, 0xA4, 0xE7, 0x82, 0x92, 0x08, 0x07, 0x5C, 0x05, 0x29,
    0x2E, 0x74, 0x25, 0x37, 0x1B, 0xF1, 0xF9, 0x30, 0x63, 0x8D, 0x58, 0xBF, 0x85, 0x4D, 0x60, 0x9C,
    0x3D, 0x1F, 0x65, 0x9F, 0x47, 0x7E, 0x50, 0xC1, 0x1A, 0xED, 0xBB, 0x99, 0x17, 0xAB, 0x4C, 0xCA,
    0x0B, 0xB1, 0xA9, 0x3F, 0x3B, 0x1C, 0xB9, 0x37, 0xA1, 0xF1, 0x8C, 0xCD, 0x30, 0xC8, 0x8F, 0xA4,
    0xAC, 0x19, 0xC4, 0xE1, 0x60, 0x82, 0x21, 0xF6, 0xEB, 0x66, 0xFD, 0xAC, 0x64, 0xDD, 0x39, 0x5E,
    0xB2, 0x5E, 0x01, 0x58, 0x84, 0x69, 0xCA, 0x83, 0x71, 0xD8, 0x0C, 0x66, 0x85, 0xEB, 0xA5, 0x81,
    0x3D, 0x51, 0x38, 0x12, 0x93, 0x3B, 0x71, 0x73, 0x57, 0xF5, 0x45, 0x86, 0x4B, 0x7B, 0xCD, 0x1A,
    0x59, 0x0A, 0x28, 0xDE, 0xF2, 0x7B, 0x74, 0x29, 0x0C, 0xCA, 0xB4, 0x7A, 0xC6, 0x37, 0xC5, 0x29,
    0xB3, 0x5D, 0xE1, 0x32, 0x6C, 0xB5, 0x9B, 0xE9, 0xB5, 0xFB, 0x2B, 0x9E, 0x59, 0x26, 0x0A, 0x01,
    0x6B, 0xF9, 0x63, 0x33, 0xCB, 0x4B, 0x9C, 0xD9, 0xD7, 0xD8, 0xC1, 0x8E, 0xE8, 0xAE, 0xCE, 0x7E,
    0xE3, 0x70, 0x5B, 0x9B, 0x6A, 0x9F, 0xB8, 0x0A, 0x41, 0xF1, 0xE0, 0x8E, 0xF6, 0x23, 0xD4, 0x20,
    0xC2, 0xC5, 0x1A, 0xC4, 0x85, 0x66, 0x3A, 0xCD, 0x0F, 0x9C, 0x63, 0x0B, 0xE2, 0x37, 0xCF, 0x50,
    0x4D, 0x4B, 0x90, 0x1D, 0x93, 0x50, 0xB3, 0xD0, 0xFB, 0xC2, 0xC1, 0xA5, 0x5E, 0x55, 0xBC, 0x70,
    0xE7, 0x92, 0xA9, 0xFF, 0x1E, 0xC9, 0xA6, 0x67, 0xF6, 0x36, 0x66, 0x78, 0xC5, 0x90, 0x3E, 0x55,
    0x36, 0x52, 0x95, 0x3D, 0x1A, 0xD9, 0x33, 0x1D, 0xF3, 0xA4, 0x18, 0xCD, 0x00, 0x9F, 0xC2, 0x7B,
    0x97, 0x8C, 0x53, 0xA8, 0xEA, 0x73, 0xF3, 0xF3, 0x79, 0xC2, 0x22, 0xA0, 0x8D, 0x0C, 0xD4, 0xC6,
    0xCB, 0xAA, 0xF3, 0xAC, 0xDA, 0xFB, 0xBC, 0x2A, 0x2F, 0x3E, 0x01, 0xCA, 0xC7, 0x67, 0x59, 0xE2,
    0x34, 0xF3, 0x04, 0xDB, 0xE3, 0xB3, 0xFC, 0xB0, 0x29, 0xF9, 0xCC, 0x07, 0x88, 0x54, 0xB4, 0xE9,
    0x13, 0xDC, 0x67, 0x4A, 0xA4, 0xA9, 0xE1, 0x54, 0xBF, 0x00, 0x63, 0x5F, 0x29, 0x8F, 0x66, 0x1F,
    0x6C, 0x1E, 0xEF, 0xE2, 0x22, 0xCB, 0xB4, 0x44, 0x49, 0xB2, 0x69, 0xBF, 0x8E, 0xAD, 0x3A, 0x87,
    0xD5, 0x73, 0x97, 0xCF, 0xA7, 0xB9, 0x6C, 0xD5, 0x49, 0xD3, 0xCE, 0x93, 0xCA, 0xAB, 0x10, 0xDD,
    0xAD, 0x49, 0x40, 0x2F, 0x24, 0x64, 0x93, 0xE1, 0x5B, 0x8B, 0xB1, 0xDC, 0x58, 0x45, 0x31, 0x12,
    0x20, 0x9F, 0xD1, 0x98, 0x2D, 0xDD, 0x46, 0x09, 0x8C, 0x48, 0x7A, 0x1F, 0x27, 0xEA, 0x95, 0xDE,
    0x42, 0xAB, 0x1A, 0x87, 0x2F, 0x63, 0x0D, 0x95, 0x4D, 0x26, 0x1B, 0xD4, 0x9D, 0xAE, 0xCD, 0xC5,
    0x9C, 0x2B, 0x35, 0x39, 0x97, 0x9B, 0x74, 0x10, 0xA0, 0x5E, 0x57, 0xA3, 0x24, 0xFA, 0xE8, 0xBD,
    0xC4, 0x9F, 0x60, 0x05, 0x4E, 0x6D, 0xAE, 0xC3, 0xB1, 0xEC, 0xC1, 0xCD, 0x4F, 0x02, 0x58, 0x29,
    0x36, 0x21, 0x3E, 0xFE, 0xF6, 0x60, 0xF9, 0x60, 0x1F, 0xF8, 0x18, 0xC2, 0x2A, 0xC0, 0x5E, 0x85,
    0xA5, 0xEC, 0xE2, 0xFE, 0xE1, 0xC4, 0x34, 0x16, 0x96, 0x3A, 0xB3, 0x96, 0xD8, 0x2D, 0xAE, 0x9E,
    0xEF, 0xFD, 0x0A, 0x24, 0x63, 0xA1, 0x3D, 0xE3, 0xB7, 0x1F, 0xF2, 0xD8, 0x79, 0xBD, 0xDA, 0x39,
    0x46, 0x1C, 0xAA, 0xFC, 0xAF, 0x22, 0x38, 0xF5, 0xB0, 0x3F, 0x87, 0xEF, 0xB8, 0xD0, 0xCE, 0x96,
    0x08, 0xDF, 0xA6, 0x2F, 0x0A, 0xDE, 0x84, 0xB9, 0xE8, 0xF2, 0x79, 0xF6, 0x7C, 0x8F, 0xF6, 0x3B,
    0x5D, 0x21, 0xE8, 0xFE, 0x2B, 0x18, 0xAA, 0x94, 0xEC, 0xB7, 0x0D, 0x68, 0x17, 0x2F, 0x2C, 0x0D,
    0xEC, 0x09, 0xC3, 0x91, 0x50, 0x80, 0x31, 0xA4, 0xF4, 0x6F, 0xE4, 0xD1, 0x33, 0x79, 0xF6, 0xEC,
    0xE9, 0xA1, 0x74, 0xCD, 0xBF, 0x02, 0xB0, 0xBC, 0x69, 0xFF, 0x3D, 0xAE, 0x23, 0x8F, 0x26, 0xBE,
    0xEF, 0x99, 0xFA, 0xA4, 0xFD, 0x7E, 0xE3, 0x24, 0xAF, 0xAA, 0xE3, 0xDB, 0x35, 0xF1, 0x96, 0xEB,
    0xF2, 0xA8, 0x07, 0x7D, 0x02, 0xEE, 0x58, 0xD5, 0x8F, 0x71, 0x54, 0x4A, 0xFA, 0x8F, 0x34, 0xF1,
    0xA5, 0x14, 0xD1, 0x58, 0x92, 0x8B, 0x94, 0xFB, 0xA7, 0x58, 0x6A, 0x71, 0xFE, 0xD7, 0x62, 0x27,
    0x61, 0x48, 0xE3, 0xB3, 0xB3, 0x10, 0xE8, 0x4D, 0x2F, 0x61, 0x4E, 0xA4, 0xB7, 0x3C, 0xCA, 0xCD,
    0x8F, 0x87, 0x6E, 0xC2, 0x3A, 0x63, 0x5C, 0x90, 0x79, 0xE5, 0xFF, 0x36, 0x77, 0xB2, 0x92, 0xB5,
    0x8C, 0xD4, 0xC9, 0xC0, 0x90, 0xF7, 0x87, 0xC4, 0xF9, 0x37, 0x3E, 0xDD, 0xF7, 0x62, 0xFB, 0x3F,
    0x2C, 0xD9, 0x7F, 0xA4, 0xEC, 0x8F, 0x13, 0x89, 0x14, 0x2C, 0x56, 0x1B, 0x9C, 0x43, 0x93, 0x68,
    0x50, 0xED, 0x27, 0xB5, 0xE3, 0x1B, 0xCF, 0xFE, 0x27, 0xC5, 0xFC, 0x17, 0x87, 0x6A, 0x6D, 0xAA,
    0xE3, 0xA1, 0x39, 0xE2, 0x1E, 0xA8, 0xF2, 0x25, 0xA9, 0x11, 0x42, 0x8E, 0x7E, 0x6A, 0x65, 0x0C,
    0xBC, 0x30, 0xB1, 0x2A, 0xCA, 0xD8, 0x7B, 0xFD, 0x41, 0xEE, 0x69, 0x5F, 0xFF, 0x3A, 0xF7, 0xC1,
    0x5D, 0x9E, 0xBF, 0xAE, 0xBC, 0x1F, 0xA5, 0xC5, 0x16, 0x38, 0x4B, 0xCA, 0xEF, 0x2B, 0xF7, 0x8F,
    0x7A, 0x0F, 0x7E, 0xEF, 0x2F, 0xAA, 0x9B, 0x91, 0x17, 0xC8, 0x10, 0x1C, 0x44, 0x50, 0x90, 0x92,
    0x45, 0x06, 0x2B, 0x37, 0x6E, 0x93, 0x96, 0x5F, 0x62, 0x1A, 0xFF, 0xCD, 0x58, 0x2D, 0xB4, 0x3B,
    0xE5, 0x37, 0xBB, 0xDF, 0xAD, 0x9F, 0x3C, 0x09, 0xE9, 0x6B, 0xBB, 0x74, 0xC2, 0x7C, 0x66, 0x42,
    0xDA, 0xFC, 0x9E, 0x3C, 0x1A, 0x84, 0x7B, 0x95, 0xED, 0xA6, 0x1C, 0xD3, 0xE3, 0x0C, 0x49, 0x67,
    0x33, 0x48, 0x1E, 0xD4, 0xDD, 0x69, 0x4F, 0x49, 0x77, 0x4A, 0xCC, 0x74, 0x8F, 0x28, 0x3A, 0x4E,
    0xF4, 0xE2, 0x2C, 0x5B, 0x7C, 0x66, 0x08, 0xB3, 0xE5, 0xB1, 0x3F, 0x2A, 0xD5, 0xD4, 0xD7, 0x19,
    0x47, 0x7C, 0x91, 0x33, 0x0A, 0xCB, 0x36, 0xA6, 0xF2, 0x0C, 0x59, 0x04, 0xEE, 0x32, 0xFB, 0x6D,
    0xB3, 0x52, 0x1B, 0xB1, 0xD7, 0x15, 0x6E, 0x35, 0xC1, 0xB1, 0x9F, 0x2F, 0x46, 0x41, 0xBA, 0xA9,
    0xE5, 0xB2, 0x1D, 0xD9, 0xE3, 0x19, 0xD7, 0x4D, 0x3D, 0xFD, 0x2B, 0x8C, 0x43, 0xDF, 0x4A, 0x6A,
    0x91, 0xAC, 0xAF, 0xE9, 0x15, 0x8A, 0x64, 0x96, 0xA7, 0xEE, 0xB0, 0x20, 0x71, 0x70, 0xF4, 0x31,
    0xEB, 0x9B, 0xCC, 0xBA, 0xC7, 0xF8, 0xF6, 0x73, 0x8E, 0xE2, 0x73, 0x14, 0xA9, 0xD6, 0x8E, 0x94,
    0x29, 0x33, 0x99, 0xB8, 0xEA, 0xC9, 0x8F, 0xF7, 0x98, 0xA7, 0x8F, 0x48, 0x54, 0xD3, 0x66, 0x65,
    0x9F, 0xC5, 0x9F, 0x53, 0x93, 0xED, 0xED, 0xCB, 0x36, 0x79, 0xE0, 0xA3, 0x3E, 0xA6, 0x7F, 0x1F,
    0x1B, 0x1C, 0x63, 0x13, 0xDF, 0x51, 0xDA, 0xA1, 0x01, 0xC4, 0xC0, 0x8F, 0x31, 0x1E, 0xCF, 0x88,
    0x6E, 0x0F, 0xE2, 0x88, 0x8F, 0x97, 0x9A, 0xAC, 0xC5, 0x99, 0x3E, 0x78, 0xEA, 0x26, 0x2B, 0xC4,
    0xB8, 0x71, 0xE4, 0x7F, 0x1F, 0x96, 0x85, 0x71, 0x97, 0x89, 0xDA, 0xD6, 0x2C, 0x51, 0x8B, 0x57,
    0x87, 0x71, 0x1D, 0x89, 0x99, 0xFB, 0x93, 0xD4, 0x68, 0xD5, 0xB5, 0xA5, 0x61, 0xFC, 0x1F, 0xE5,
    0x59, 0x3D, 0x8C, 0xDC, 0xC6, 0x15, 0x7E, 0xE4, 0x40, 0x47, 0x59, 0x4C, 0xC2, 0x14, 0xB2, 0x21,
    0x28, 0x46, 0xA8, 0xC2, 0x85, 0x64, 0x44, 0xC7, 0x14, 0x2E, 0x52, 0x68, 0x97, 0x0C, 0x04, 0x24,
    0x65, 0x0E, 0x81, 0xCE, 0x29, 0x54, 0x58, 0x85, 0x0B, 0xC3, 0x29, 0xCE, 0x65, 0x8A, 0x5D, 0x2F,
    0xE1, 0x94, 0x2E, 0xB2, 0x4D, 0x9A, 0x54, 0x57, 0xA8, 0xB0, 0xB6, 0x91, 0x8A, 0x14, 0x57, 0xEC,
    0x65, 0x47, 0x49, 0x99, 0x86, 0x46, 0x4A, 0x37, 0x44, 0x70, 0x69, 0xA4, 0x42, 0x2C, 0xA8, 0x88,
    0x52, 0xF6, 0x96, 0xF9, 0xBE, 0x37, 0xE4, 0xDE, 0x9D, 0x25, 0x07, 0x89, 0x2D, 0x9C, 0x12, 0x84,
    0x58, 0xBE, 0x99, 0xDD, 0x25, 0x67, 0xDE, 0xEF, 0xF7, 0xDE, 0xCC, 0x88, 0xB8, 0xCB, 0x2F, 0xC5,
    0x5B, 0x3C, 0xB4, 0x12, 0xB7, 0xAD, 0xC8, 0x62, 0xBA, 0x63, 0xFD, 0xA5, 0x04, 0x65, 0x50, 0x89,
    0x5F, 0x45, 0x56, 0xA4, 0x89, 0x73, 0x91, 0x65, 0x2A, 0x3D, 0xF9, 0x98, 0x64, 0x9F, 0x64, 0x4E,
    0xB2, 0x14, 0xF1, 0x1A, 0x10, 0xBF, 0x06, 0x31, 0x15, 0x7E, 0x33, 0x25, 0xFE, 0x0D, 0x0B, 0x3C,
    0x17, 0xE7, 0x78, 0x63, 0x22, 0x51, 0xC1, 0x11, 0xDB, 0xB6, 0xC2, 0xF0, 0x6D, 0x86, 0xE7, 0x33,
    0xE9, 0xAF, 0x5F, 0xC9, 0xC6, 0xAC, 0xC2, 0xAF, 0xD6, 0x34, 0x41, 0x15, 0x5A, 0xA9, 0xE3, 0x4C,
    0xE6, 0x43, 0x91, 0xD1, 0x18, 0xF7, 0xFC, 0xE8, 0x9E, 0xE3, 0x6E, 0xE6, 0xE2, 0x55, 0x63, 0x0C,
    0x9F, 0x4A, 0x6C, 0xA3, 0x07, 0x2B, 0xF1, 0xDB, 0x5A, 0xE4, 0x8C, 0x1C, 0xBB, 0x8C, 0xDD, 0x00,
    0xB3, 0x77, 0x33, 0x8C, 0xE4, 0x1D, 0x0A, 0xB8, 0xF7, 0x2B, 0xA5, 0xA5, 0x44, 0x39, 0x5E, 0x54,
    0x5A, 0x08, 0xE6, 0x30, 0x96, 0x34, 0xB0, 0x92, 0x08, 0x29, 0xD8, 0x0C, 0x1D, 0xCD, 0x05, 0xB3,
    0x47, 0x8E, 0x66, 0x32, 0xEE, 0x69, 0x0C, 0x16, 0x7A, 0xBA, 0x29, 0x02, 0x01, 0x07, 0x22, 0x90,
    0x10, 0x32, 0xA7, 0x79, 0x00, 0x36, 0xA2, 0xB6, 0x2D, 0xA0, 0x84, 0x76, 0x45, 0x36, 0x4E, 0xF0,
    0xE4, 0x97, 0xF8, 0x7A, 0xD3, 0x62, 0x9C, 0x15, 0x07, 0xAB, 0x39, 0x0A, 0x89, 0x57, 0x61, 0x72,
    0x90, 0x4D, 0x32, 0x39, 0x24, 0x19, 0x90, 0xC5, 0x01, 0x39, 0x1C, 0x39, 0x02, 0xCE, 0x46, 0x90,
    0x15, 0x13, 0x2D, 0xC0, 0xDD, 0xA3, 0x2F, 0xAC, 0x44, 0x2B, 0x70, 0x28, 0x47, 0xFA, 0xF3, 0xA6,
    0x17, 0xFB, 0xEE, 0xDE, 0xBC, 0xEF, 0x25, 0x65, 0xDF, 0x3B, 0x97, 0xC9, 0x0B, 0xAF, 0xD9, 0x1D,
    0xBC, 0x3A, 0x9B, 0xCD, 0x76, 0xBD, 0xB6, 0x6D, 0xC4, 0xB4, 0xB0, 0x8D, 0xFF, 0xF4, 0x97, 0x6D,
    0x86, 0xDF, 0xEE, 0x96, 0xE0, 0x24, 0x81, 0x2C, 0x98, 0xD8, 0x54, 0x02, 0x37, 0xA0, 0x09, 0xD1,
    0xF3, 0x21, 0xA5, 0x1C, 0x92, 0x45, 0xAF, 0x81, 0xA6, 0x6B, 0xF6, 0x04, 0xBD, 0xB0, 0x94, 0xA0,
    0x50, 0x4D, 0x80, 0xD3, 0xD0, 0xF5, 0x26, 0xAA, 0x4F, 0xFE, 0x7B, 0x28, 0x34, 0x00, 0xDE, 0x30,
    0xB5, 0xEB, 0xD5, 0x7C, 0xA1, 0x33, 0x0D, 0x5E, 0x50, 0x93, 0x54, 0x7C, 0x81, 0x06, 0xC1, 0xEB,
    0x87, 0xAE, 0x17, 0x59, 0xBE, 0x40, 0xF3, 0xA4, 0x19, 0x5F, 0x80, 0x71, 0x60, 0x51, 0xBE, 0x80,
    0xDE, 0x4E, 0x8D, 0x5F, 0xD9, 0x6B, 0xDB, 0x5C, 0xC0, 0xFC, 0x0A, 0xBD, 0x03, 0x61, 0xEF, 0xD0,
    0xC9, 0x26, 0x97, 0xFD, 0x5C, 0x45, 0x93, 0x38, 0xCE, 0x54, 0x32, 0x09, 0x96, 0xE2, 0x04, 0xF3,
    0x76, 0xA5, 0x97, 0x6B, 0x2D, 0x96, 0x93, 0xCA, 0xDB, 0xDE, 0xDE, 0x52, 0xA1, 0xE8, 0xAB, 0x2A,
    0x93, 0xB7, 0x7D, 0xB3, 0xE8, 0x44, 0x8A, 0xF2, 0x4E, 0xA2, 0x61, 0x27, 0x10, 0xFA, 0x4E, 0x1E,
    0x53, 0x75, 0xE2, 0xE0, 0x01, 0x27, 0x4D, 0xD2, 0x0B, 0x33, 0xEE, 0x64, 0xC1, 0x53, 0x4E, 0x14,
    0x98, 0xD5, 0x49, 0x82, 0x07, 0x9D, 0x20, 0xC3, 0xB5, 0x1C, 0xB3, 0xD9, 0x5A, 0x0C, 0xB5, 0x9D,
    0x5C, 0xF0, 0xA7, 0x54, 0x86, 0x44, 0x3F, 0xCB, 0x55, 0x15, 0x86, 0xBA, 0xA1, 0xFB, 0xDD, 0x66,
    0x3B, 0xEC, 0x6C, 0x39, 0x70, 0x96, 0xBE, 0x3D, 0x20, 0xFB, 0xB2, 0x58, 0x8D, 0x60, 0xCE, 0x1A,
    0xE1, 0x04, 0xE6, 0x7F, 0x51, 0x81, 0x87, 0x25, 0x6D, 0x01, 0x2E, 0xF6, 0x38, 0x44, 0xAA, 0x22,
    0x8C, 0xF8, 0x52, 0x4D, 0xDE, 0x47, 0x6C, 0x21, 0x2A, 0x43, 0x8B, 0x3C, 0x69, 0x3B, 0xA4, 0x9B,
    0x43, 0x9E, 0x86, 0xAD, 0xA9, 0x20, 0x10, 0x7D, 0xB1, 0xA4, 0xFC, 0x08, 0xBD, 0x22, 0x21, 0x53,
    0x0F, 0x9E, 0x14, 0x93, 0xD9, 0x2C, 0x0B, 0xDA, 0x5F, 0xDB, 0x45, 0x0B, 0xF5, 0x9E, 0xEF, 0xB8,
    0x51, 0xD6, 0xDE, 0xF6, 0x54, 0xA9, 0xA9, 0xD3, 0xED, 0xD0, 0x57, 0x5D, 0x0F, 0x8D, 0x36, 0x63,
    0xD7, 0xEC, 0x1B, 0x75, 0xD2, 0xB9, 0x6B, 0x96, 0xD4, 0x36, 0x9A, 0x50, 0x9B, 0x86, 0x33, 0xA1,
    0x21, 0xFA, 0x80, 0xC9, 0xBE, 0xA1, 0x12, 0x00, 0x49, 0xB9, 0xDA, 0x2D, 0xCE, 0x8E, 0x37, 0x64,
    0x09, 0x1C, 0x12, 0x9F, 0xA0, 0x76, 0x36, 0xE7, 0x13, 0x0B, 0xAD, 0xD6, 0x69, 0x9B, 0x69, 0x73,
    0xE8, 0xA2, 0x25, 0x73, 0x0C, 0x5E, 0x56, 0xFE, 0x46, 0xCA, 0xDE, 0x5C, 0xB9, 0xDB, 0x33, 0xBD,
    0x3F, 0x38, 0x67, 0x10, 0x51, 0x4F, 0x10, 0x75, 0x03, 0x8F, 0x6A, 0xC4, 0xD4, 0x64, 0xCB, 0x61,
    0xA2, 0x29, 0x3B, 0x0A, 0x66, 0x4C, 0xE1, 0x28, 0x59, 0x09, 0xA8, 0x68, 0xA8, 0x9B, 0xFC, 0x84,
    0x96, 0x7C, 0x44, 0x79, 0x47, 0xC1, 0x45, 0x94, 0x39, 0x2A, 0x6A, 0x55, 0x71, 0xEE, 0x2D, 0x8A,
    0x23, 0xF8, 0x61, 0xA9, 0xB4, 0x14, 0x7F, 0x7A, 0x2E, 0xE3, 0x98, 0xB8, 0x33, 0x63, 0x23, 0x82,
    0x80, 0xDE, 0xA1, 0x7D, 0x1D, 0xE3, 0x0C, 0xDD, 0x9D, 0x0D, 0x24, 0x22, 0x36, 0xE8, 0x3D, 0xC7,
    0x38, 0x73, 0x58, 0xAD, 0xD1, 0x7B, 0x00, 0x8B, 0x5E, 0x93, 0x4A, 0x46, 0xB0, 0xE4, 0x08, 0xC2,
    0x51, 0xC0, 0x3D, 0x0A, 0xA3, 0x77, 0xA1, 0xB1, 0x67, 0xE0, 0x6F, 0xEA, 0x4D, 0xBB, 0xF4, 0x33,
    0xC0, 0x84, 0xB7, 0x54, 0x96, 0x10, 0x2C, 0x87, 0xCA, 0x55, 0x02, 0x28, 0xEB, 0x3A, 0x06, 0xD6,
    0x1D, 0xD2, 0xF2, 0xE6, 0x91, 0xA5, 0xDF, 0xA0, 0xF3, 0x45, 0xC1, 0xCE, 0x50, 0xCC, 0x9F, 0x2A,
    0x4C, 0x05, 0xFE, 0x83, 0xFB, 0x0D, 0x5D, 0x69, 0x0C, 0x26, 0x97, 0xEC, 0xCC, 0xD1, 0xF9, 0x98,
    0x58, 0x39, 0x57, 0x05, 0x34, 0x8C, 0xA0, 0x28, 0x8B, 0x6C, 0xED, 0x3A, 0x61, 0x51, 0x6B, 0xF8,
    0x40, 0xDF, 0x15, 0x43, 0x29, 0x16, 0xFF, 0x71, 0x45, 0x77, 0xC4, 0x84, 0x2B, 0x0D, 0x49, 0x74,
    0x26, 0x15, 0xCD, 0xC1, 0x99, 0xCB, 0xAE, 0x13, 0x97, 0x67, 0x63, 0x02, 0x24, 0x12, 0x4A, 0xDC,
    0x5A, 0xCE, 0x6C, 0x6C, 0xDC, 0xF6, 0x98, 0xB6, 0xD5, 0x8B, 0x73, 0xC5, 0x09, 0x33, 0x74, 0xA2,
    0x0C, 0x9D, 0x20, 0x83, 0x4E, 0x8C, 0x4E, 0x08, 0x27, 0xC2, 0x0D, 0x27, 0xC0, 0xDC, 0xB1, 0xDF,
    0x38, 0xE6, 0x6B, 0xC7, 0x7A, 0xAD, 0x8C, 0x7B, 0x95, 0xB2, 0xCD, 0x06, 0x4C, 0xC3, 0xF8, 0x64,
    0xD9, 0xAF, 0x94, 0x61, 0x53, 0x2A, 0xBB, 0xA6, 0x50, 0x66, 0x4D, 0xA1, 0xAC, 0x06, 0x56, 0x19,
    0x0D, 0xAC, 0xB2, 0x19, 0x5A, 0x65, 0xD2, 0xF9, 0xB3, 0xC6, 0xBC, 0x68, 0x46, 0x39, 0xB2, 0x7D,
    0xB4, 0x72, 0x4D, 0x7D, 0x2C, 0x7C, 0xA8, 0x2F, 0x61, 0x60, 0xF2, 0xAA, 0x8E, 0xE3, 0xF6, 0x99,
    0xEC, 0xC3, 0xCC, 0xDB, 0x8A, 0x3E, 0x6D, 0x4B, 0xF8, 0xDE, 0x1F, 0x7E, 0x0A, 0x16, 0xA2, 0x52,
    0x6A, 0x7A, 0x0A, 0x29, 0x13, 0x4B, 0x40, 0xDF, 0xAB, 0x48, 0xE1, 0xB5, 0x76, 0xA8, 0x01, 0xE3,
    0x28, 0xB3, 0x0B, 0xFD, 0x86, 0x94, 0xF9, 0x85, 0xBE, 0x03, 0xFD, 0x41, 0x54, 0x3E, 0xBD, 0x07,
    0xBA, 0x29, 0x47, 0xB8, 0xE2, 0x50, 0x45, 0x53, 0x4A, 0xAA, 0xEC, 0xA4, 0x0C, 0x4D, 0xCD, 0x36,
    0x9A, 0x68, 0x34, 0xC7, 0x9C, 0xCB, 0x8F, 0x33, 0xE7, 0x2D, 0xF0, 0x5B, 0xCC, 0x0C, 0xB8, 0x98,
    0x4E, 0x72, 0x18, 0x21, 0x2C, 0x0C, 0x6D, 0xA8, 0xE0, 0x88, 0x22, 0xC2, 0x9B, 0x6A, 0x7C, 0xA6,
    0x6B, 0x97, 0xDF, 0x77, 0x53, 0x44, 0x6D, 0x05, 0xA7, 0x68, 0x4B, 0xD6, 0x0F, 0x4A, 0x0A, 0x4C,
    0x10, 0x14, 0xFB, 0xF4, 0x54, 0x30, 0x83, 0x40, 0xCE, 0x64, 0x62, 0xA3, 0x22, 0x78, 0x92, 0x03,
    0x98, 0xFF, 0x92, 0x03, 0xE3, 0x4C, 0xE6, 0x8A, 0x08, 0x2F, 0xBF, 0x42, 0x15, 0x35, 0x3D, 0x7F,
    0xE7, 0x4E, 0x64, 0x39, 0x6F, 0x96, 0x5D, 0x06, 0x43, 0x7F, 0x6F, 0x30, 0xDD, 0x64, 0xAA, 0x49,
    0x97, 0x95, 0x00, 0x89, 0xF6, 0x36, 0xE9, 0x72, 0x98, 0x6B, 0x72, 0x17, 0x4A, 0x9E, 0xAC, 0x32,
    0xFE, 0xE6, 0x62, 0x0D, 0x4E, 0xFF, 0x0C, 0x5F, 0x99, 0x41, 0xC2, 0xE9, 0xF6, 0xA1, 0xF3, 0xF6,
    0x11, 0xB1, 0x77, 0x8F, 0xAA, 0x19, 0xD3, 0x8D, 0x93, 0xBF, 0xED, 0x94, 0xB2, 0xE1, 0x12, 0xBE,
    0x13, 0xFF, 0x40, 0x4E, 0xAF, 0x86, 0x52, 0xC0, 0x54, 0x10, 0xB9, 0xAA, 0xCE, 0xF4, 0x01, 0x11,
    0x87, 0x1E, 0xB3, 0xF1, 0x19, 0x9F, 0xC8, 0xBF, 0x76, 0x3D, 0x35, 0x74, 0x3E, 0xE7, 0x41, 0x15,
    0xDE, 0x63, 0x70, 0xBD, 0xC8, 0xFF, 0x0F, 0xCA, 0x05, 0x9A, 0x4F, 0xCB, 0x05, 0xA6, 0x18, 0x2D,
    0x17, 0x34, 0xD7, 0x38, 0xC1, 0xFE, 0x57, 0xCA, 0x05, 0x77, 0xC5, 0x7D, 0x11, 0xD8, 0xB5, 0x9B,
    0x5D, 0xFB, 0xDF, 0x59, 0x2E, 0x88, 0xBC, 0x49, 0x4D, 0xD3, 0x8A, 0x93, 0x03, 0x66, 0x79, 0x79,
    0xC5, 0x88, 0x82, 0xE2, 0x80, 0x18, 0xC0, 0x64, 0xBC, 0x80, 0xF2, 0xCD, 0xC1, 0x2B, 0x44, 0x94,
    0xEE, 0xBA, 0xE6, 0x16, 0x4A, 0x18, 0x82, 0x5C, 0x45, 0xDF, 0x01, 0xF9, 0x56, 0x08, 0xF2, 0x6D,
    0xF6, 0xC2, 0x65, 0x1F, 0xF8, 0x11, 0xDD, 0x37, 0xE1, 0xD7, 0x01, 0x41, 0x85, 0x11, 0x2E, 0xF5,
    0x98, 0xD5, 0x0B, 0xD3, 0x1E, 0x8B, 0x22, 0xCD, 0x0D, 0x51, 0x46, 0x77, 0xA3, 0x9F, 0x0D, 0x68,
    0xC1, 0xF1, 0xF6, 0x7B, 0x96, 0x2E, 0x64, 0x3D, 0x12, 0xC3, 0xE0, 0x04, 0xBB, 0x01, 0xEB, 0x1B,
    0xAD, 0xAE, 0x4C, 0x95, 0x32, 0x12, 0x06, 0x9D, 0x6D, 0xDE, 0xC7, 0x64, 0x0D, 0xEC, 0x32, 0x3D,
    0xD2, 0x0C, 0xBC, 0xCF, 0x40, 0x85, 0xC6, 0xC7, 0x1B, 0x06, 0xED, 0x23, 0xA6, 0x08, 0xF7, 0xD7,
    0xC6, 0x1D, 0x62, 0x51, 0xA1, 0x58, 0x54, 0x48, 0xED, 0x65, 0x9A, 0xD3, 0xB8, 0x68, 0xAB, 0x64,
    0xA7, 0xAD, 0xCC, 0xEA, 0xE7, 0xB0, 0xA2, 0x0F, 0xFE, 0xFC, 0x12, 0xB9, 0x08, 0x77, 0x58, 0x8C,
    0x01, 0xE4, 0xE9, 0xC3, 0x27, 0x36, 0x82, 0xA7, 0x68, 0x4A, 0xD7, 0xEB, 0x7D, 0xD7, 0x84, 0x4D,
    0x17, 0xAA, 0x53, 0xB7, 0xDA, 0x3B, 0x78, 0xE1, 0xE2, 0xC6, 0x07, 0x52, 0xF1, 0x81, 0xB0, 0xD5,
    0x35, 0x99, 0xC4, 0xAB, 0xD9, 0x8C, 0x89, 0x6A, 0xB0, 0x74, 0xFF, 0x37, 0x5D, 0x9C, 0x57, 0xAE,
    0x35, 0x9F, 0x3B, 0xA7, 0x8B, 0x3E, 0x71, 0x6D, 0xE2, 0xCA, 0x55, 0x19, 0xB9, 0x62, 0x10, 0x89,
    0xB5, 0x6D, 0x4B, 0x2E, 0xE3, 0x8C, 0x0E, 0x17, 0x58, 0x57, 0xB2, 0x46, 0xBF, 0xBD, 0xA9, 0xE0,
    0x90, 0xBA, 0x49, 0x20, 0x67, 0x6B, 0x5D, 0xD6, 0xD6, 0x7A, 0x95, 0x8B, 0x4D, 0xAB, 0x55, 0xA0,
    0x4B, 0xFB, 0x8C, 0xEB, 0xDC, 0x85, 0x21, 0x72, 0xC4, 0x52, 0x57, 0x93, 0x6C, 0x79, 0x7D, 0xA0,
    0x54, 0x7D, 0x4E, 0x55, 0xFB, 0x15, 0xA2, 0x41, 0x9B, 0x17, 0x77, 0x39, 0xD1, 0x7D, 0xB8, 0x08,
    0x74, 0xFA, 0xB0, 0x8C, 0x73, 0xA8, 0xB5, 0x85, 0x71, 0xA1, 0xD9, 0xA5, 0xF3, 0xB5, 0x86, 0x11,
    0x29, 0x1B, 0x35, 0x9B, 0x9D, 0x96, 0x48, 0x1D, 0xAC, 0xDE, 0x45, 0x53, 0x52, 0xD1, 0x3A, 0xBF,
    0x36, 0x23, 0x57, 0xEA, 0x8E, 0xE8, 0x3A, 0x61, 0x36, 0x96, 0xCD, 0x7D, 0x49, 0xB2, 0xF4, 0x77,
    0x75, 0xF2, 0x00, 0x58, 0xD3, 0x22, 0x2A, 0x4A, 0x2D, 0xA8, 0xBA, 0x30, 0xBD, 0x47, 0xF2, 0x3D,
    0xBE, 0xE0, 0xB7, 0x14, 0x22, 0x9C, 0x3E, 0xC7, 0xDB, 0x2A, 0x3B, 0x4B, 0xD6, 0x6A, 0xD4, 0x17,
    0x87, 0x3F, 0x59, 0x01, 0xEB, 0x0A, 0xD6, 0x6D, 0x88, 0x33, 0x5D, 0xBE, 0x22, 0xDA, 0xC0, 0xA0,
    0xD7, 0x16, 0x00, 0xC2, 0xE0, 0xCF, 0x05, 0x40, 0x34, 0xD6, 0x50, 0x1E, 0x91, 0xB2, 0xBC, 0x36,
    0x28, 0x59, 0xC2, 0x22, 0x28, 0xB1, 0xD8, 0xB1, 0x41, 0x39, 0x27, 0xFD, 0x2B, 0x00, 0x3F, 0x37,
    0xFF, 0xE0, 0xB2, 0xDC, 0xB4, 0x5A, 0x76, 0x2E, 0x35, 0xA1, 0x34, 0xE2, 0x37, 0x2C, 0x9B, 0x50,
    0x0A, 0x0E, 0x13, 0x62, 0xC9, 0x8F, 0x02, 0x87, 0xDC, 0xDD, 0xAA, 0xFB, 0x44, 0xFC, 0xFA, 0x5F,
    0xD2, 0xE3, 0x87, 0xD9, 0x77, 0xE1, 0x17, 0xF5, 0x3D, 0x70, 0xB6, 0x20, 0xD6, 0x25, 0x19, 0xD4,
    0x31, 0x41, 0xAD, 0xED, 0xB5, 0xA8, 0xD2, 0xC2, 0x4F, 0x6D, 0x94, 0x6F, 0x86, 0x20, 0x28, 0x02,
    0xA3, 0xEB, 0x28, 0xC2, 0xA3, 0xF7, 0x60, 0xB9, 0x08, 0xCF, 0x31, 0x0D, 0x8D, 0x25, 0x2A, 0x31,
    0xF7, 0x70, 0x75, 0xB7, 0x94, 0x77, 0x12, 0x0D, 0x53, 0x85, 0x8C, 0xFC, 0x16, 0xDD, 0x43, 0x5D,
    0x9B, 0xB1, 0x3A, 0x88, 0x08, 0xB0, 0xA6, 0x5F, 0x7A, 0xFB, 0xBB, 0x5F, 0x15, 0xA1, 0x63, 0xBE,
    0x31, 0xA4, 0x27, 0x6A, 0x84, 0x26, 0x8A, 0xBC, 0x8C, 0x50, 0x38, 0x4B, 0x42, 0x77, 0x19, 0xD0,
    0x87, 0xF6, 0xBB, 0x08, 0x2D, 0x7C, 0x9A, 0x11, 0x19, 0xC1, 0x10, 0x5A, 0x01, 0x82, 0x80, 0x13,
    0x2E, 0x7C, 0xBC, 0x9A, 0x90, 0xDE, 0x68, 0x21, 0x21, 0x5B, 0x97, 0x30, 0x24, 0x60, 0x65, 0x04,
    0xD8, 0x8F, 0xC3, 0x5C, 0x02, 0xCF, 0xBE, 0xBC, 0x48, 0xF4, 0x58, 0x9D, 0x6A, 0xC1, 0x3D, 0xE6,
    0x2E, 0xC4, 0x96, 0x77, 0x62, 0x77, 0xE1, 0x54, 0xE5, 0xF4, 0x3E, 0xE3, 0x96, 0x4B, 0x8E, 0x45,
    0xA5, 0x95, 0xB7, 0xBC, 0xFC, 0x78, 0x8C, 0x7C, 0x63, 0x39, 0x5F, 0xF3, 0x29, 0x26, 0xD3, 0x57,
    0xF0, 0x47, 0x56, 0x41, 0xE5, 0xEF, 0xF1, 0xFD, 0xA3, 0x1F, 0xF4, 0x5B, 0x27, 0x00, 0x17, 0x4F,
    0xD9, 0x7C, 0x06, 0x58, 0xD1, 0x60, 0x32, 0x47, 0xA4, 0xEC, 0x89, 0xD6, 0x67, 0x4A, 0x42, 0x02,
    0x44, 0x44, 0x74, 0x50, 0x40, 0x50, 0x14, 0xE8, 0x21, 0xA1, 0x23, 0xC9, 0x3A, 0x8B, 0xA5, 0x1D,
    0xA4, 0x2C, 0x1D, 0x91, 0xFC, 0x12, 0x02, 0x19, 0x68, 0xBA, 0x07, 0xD9, 0xAF, 0xC2, 0xAF, 0x42,
    0xE3, 0x64, 0xED, 0xAB, 0xBC, 0x5A, 0xF3, 0x6C, 0x0D, 0x6D, 0xEE, 0xB1, 0xCA, 0xC3, 0x53, 0x23,
    0x00, 0xD1, 0x12, 0x77, 0xB3, 0xD7, 0xE1, 0x30, 0x15, 0x36, 0x16, 0xBF, 0x40, 0x61, 0x64, 0xA3,
    0x67, 0x2D, 0x42, 0xB8, 0xE9, 0x62, 0xE5, 0x22, 0xC7, 0x62, 0xCD, 0x47, 0x45, 0x88, 0x9F, 0x5D,
    0x38, 0xB1, 0x45, 0x74, 0xAA, 0x72, 0xD2, 0xB5, 0x62, 0xC4, 0xF2, 0x00, 0xC9, 0xE7, 0xD2, 0x31,
    0xBF, 0x7A, 0x09, 0x72, 0x5E, 0x78, 0x4D, 0x06, 0x80, 0x15, 0xE0, 0xF6, 0xFD, 0x52, 0x8A, 0x8F,
    0x38, 0xEA, 0x15, 0x3E, 0xC9, 0x62, 0x61, 0xAE, 0xB5, 0xDA, 0x52, 0xAB, 0x9C, 0x86, 0x19, 0x0E,
    0x1F, 0x5F, 0xD7, 0x9D, 0xFC, 0x94, 0xA2, 0xF9, 0x90, 0x9F, 0x50, 0xA5, 0x8A, 0x14, 0xCC, 0xF1,
    0xB9, 0x74, 0x81, 0x16, 0x41, 0xA0, 0x87, 0xD7, 0xAD, 0x9F, 0x2B, 0xFE, 0xDF, 0xE8, 0x06, 0xA1,
    0xB3, 0x55, 0x44, 0x5F, 0x5F, 0x3F, 0x6E, 0x10, 0x7A, 0x73, 0xC1, 0x3A, 0x00, 0x1F, 0x0C, 0xC5,
    0xE8, 0xB9, 0x03, 0x85, 0xE5, 0x9B, 0xA6, 0x38, 0x2F, 0xD3, 0xF5, 0xD6, 0x09, 0x67, 0xFF, 0xF7,
    0x18, 0x80, 0x3A, 0x35, 0x78, 0xA8, 0xC8, 0x54, 0xB3, 0xCA, 0x50, 0x95, 0x88, 0xE8, 0x44, 0x6C,
    0xDE, 0xEA, 0x35, 0xE8, 0x6D, 0x1D, 0x63, 0x60, 0x3D, 0x7B, 0x3F, 0x08, 0x22, 0x0B, 0x9F, 0x58,
    0x6B, 0xC6, 0xC4, 0x55, 0x8A, 0xEA, 0xFB, 0x51, 0xB0, 0xF6, 0x7D, 0xFA, 0xDE, 0x91, 0xEF, 0x9F,
    0xEE, 0x12, 0x47, 0x85, 0xE8, 0x03, 0x60, 0x0E, 0x93, 0x6F, 0x86, 0x99, 0x04, 0xFE, 0xC9, 0x00,
    0xF8, 0x46, 0xDB, 0xC6, 0x2E, 0x00, 0xB8, 0x3C, 0x29, 0xAF, 0x3D, 0x17, 0x00, 0xAF, 0x40, 0x58,
    0x46, 0x41, 0xD4, 0x45, 0xC1, 0x09, 0x54, 0x7B, 0x09, 0xC2, 0x76, 0xA8, 0x86, 0x41, 0xC3, 0x63,
    0xA8, 0x76, 0x79, 0x1D, 0xED, 0xB7, 0x45, 0x2B, 0x40, 0xFF, 0xE9, 0xF6, 0x4E, 0x45, 0xD7, 0x6D,
    0x0C, 0xB7, 0x66, 0x18, 0xED, 0x4B, 0x5D, 0xED, 0x80, 0xF8, 0x35, 0x7D, 0x91, 0x4B, 0x9D, 0xC4,
    0xB2, 0xB8, 0x62, 0xB4, 0xB3, 0xDC, 0xD1, 0x8D, 0x75, 0x2E, 0x6B, 0x08, 0x13, 0x71, 0xC6, 0x0D,
    0x1D, 0xD6, 0x23, 0x09, 0xE3, 0x2B, 0x65, 0xA8, 0xA9, 0x87, 0xEA, 0x1E, 0x12, 0xAB, 0xEF, 0x17,
    0x44, 0xE4, 0x99, 0x1F, 0xDF, 0x8E, 0x7E, 0x53, 0x47, 0x8B, 0xDD, 0x48, 0x17, 0x47, 0x71, 0xB7,
    0xF5, 0xD4, 0xF9, 0xF5, 0x40, 0x3F, 0x23, 0x71, 0x3B, 0x4B, 0xAE, 0xB8, 0xBC, 0x98, 0xF5, 0xD8,
    0x55, 0xBC, 0x08, 0xBB, 0x4E, 0x51, 0x1A, 0x79, 0x3B, 0xF3, 0xDB, 0x32, 0xCC, 0xEB, 0x33, 0xF2,
    0x56, 0xB7, 0x4B, 0xF3, 0x9F, 0x4A, 0x73, 0x76, 0x83, 0x0B, 0x35, 0xEE, 0x0B, 0x45, 0xD7, 0xB9,
    0xAF, 0x58, 0x10, 0x63, 0x77, 0xDF, 0xE9, 0x8C, 0x0F, 0x93, 0xED, 0xF2, 0x40, 0xC3, 0x2D, 0x7B,
    0xF4, 0x38, 0x43, 0x4F, 0x33, 0xF4, 0x30, 0x43, 0xCF, 0x32, 0xF4, 0x28, 0x43, 0x4F, 0x32, 0xD2,
    0x6E, 0xDF, 0x31, 0xCC, 0xF5, 0x18, 0x43, 0x4F, 0x31, 0xC6, 0x1D, 0x89, 0xDD, 0x11, 0x86, 0x9E,
    0x60, 0xE8, 0x01, 0x86, 0x9E, 0x5F, 0xE8, 0xF1, 0x85, 0x9E, 0x5E, 0xB8, 0xC3, 0x8B, 0x33, 0xBA,
    0x4F, 0x8A, 0xA1, 0x3F, 0x27, 0x8A, 0xD1, 0xB5, 0xBE, 0x8F, 0xF5, 0x46, 0x20, 0x5D, 0x85, 0x75,
    0x03, 0x5C, 0x36, 0xDC, 0x6E, 0xE2, 0x66, 0x13, 0x0F, 0x31, 0xB8, 0xD1, 0xB4, 0xA9, 0xA9, 0x9D,
    0xAB, 0x04, 0x53, 0x0E, 0xD4, 0x22, 0xBC, 0x03, 0xCB, 0xC3, 0x0B, 0x9E, 0x5D, 0xF0, 0xE8, 0x42,
    0x4F, 0x2E, 0xB2, 0xDE, 0x74, 0x1E, 0x1D, 0x3F, 0x28, 0xF6, 0x38, 0xE6, 0xF9, 0xE3, 0x75, 0xE4,
    0xE9, 0x0B, 0x2B, 0x1B, 0x88, 0xBA, 0x74, 0x25, 0x2A, 0xD6, 0x96, 0x7F, 0xB4, 0xD7, 0xF6, 0x52,
    0x84, 0x25, 0x88, 0x84, 0xAC, 0x52, 0xD3, 0x62, 0xA7, 0x00, 0x27, 0x7E, 0xC5, 0x75, 0x54, 0xA6,
    0xF9, 0xD4, 0x11, 0x16, 0x28, 0x9E, 0xEE, 0x4F, 0xEB, 0x42, 0x22, 0xC5, 0xAA, 0x11, 0x8B, 0xC0,
    0x5A, 0x17, 0x2E, 0x3A, 0x82, 0xA6, 0x4F, 0xCD, 0xA6, 0x9A, 0x57, 0xED, 0x9B, 0xDD, 0xAE, 0x72,
    0x82, 0xC5, 0x35, 0x5E, 0x0C, 0xE8, 0xB6, 0x84, 0x87, 0xE3, 0x07, 0x6B, 0x3E, 0x87, 0x32, 0x4A,
    0xF8, 0x92, 0x82, 0xE6, 0x86, 0x2A, 0xFF, 0x36, 0x77, 0x0C, 0x72, 0x73, 0x80, 0x84, 0x9A, 0x4B,
    0xA9, 0x3E, 0x97, 0xBB, 0xFD, 0x47, 0xC3, 0xF9, 0x27, 0x2B, 0x22, 0x5F, 0xEE, 0x26, 0x33, 0xF6,
    0x1E, 0x04, 0x9B, 0x63, 0xF6, 0x64, 0xB6, 0xC2, 0x44, 0x07, 0xEB, 0x15, 0x81, 0x2E, 0x4A, 0x47,
    0xDD, 0xBA, 0xF4, 0x87, 0xDC, 0x19, 0x44, 0x1C, 0xB0, 0x64, 0x48, 0x59, 0x32, 0xBC, 0xFE, 0xEE,
    0xE1, 0x76, 0xE6, 0xB6, 0x31, 0x75, 0xD5, 0xA8, 0x32, 0xFE, 0xEB, 0x12, 0x42, 0x77, 0xFE, 0x43,
    0x7B, 0x24, 0xE5, 0xF3, 0x25, 0x44, 0x72, 0xB2, 0x84, 0x38, 0xBA, 0xAE, 0xAE, 0xF7, 0x35, 0xAE,
    0xF5, 0x0B, 0x00, 0xB9, 0xD5, 0xF5, 0x46, 0x1A, 0x61, 0x9A, 0x96, 0xDF, 0x78, 0xBA, 0x35, 0x69,
    0xEB, 0x37, 0x1E, 0x6F, 0x75, 0x69, 0xF9, 0x4B, 0x39, 0x79, 0x9D, 0x15, 0x73, 0x62, 0xB0, 0xDF,
    0xEF, 0x2B, 0x7B, 0x25, 0x17, 0x56, 0xD0, 0x27, 0x2A, 0x69, 0x23, 0xF2, 0x4F, 0x1D, 0x8D, 0xA1,
    0x6E, 0x83, 0x40, 0x1C, 0x87, 0x7F, 0x70, 0x1D, 0x2C, 0x69, 0xB2, 0x4E, 0x0C, 0x41, 0xB7, 0xE4,
    0x4C, 0x05, 0x23, 0x6D, 0xCF, 0x4C, 0x20, 0xB8, 0xE3, 0xFF, 0x06, 0xC3, 0xE0, 0x11, 0xD8, 0x25,
    0x93, 0x15, 0x34, 0xBB, 0xCC, 0xCE, 0xF0, 0x08, 0x88, 0x2A, 0xF4, 0xC4, 0x1C, 0x3C, 0x02, 0x7B,
    0x83, 0x3E, 0x42, 0x05, 0x62, 0xCD, 0xD2, 0xDC, 0x60, 0x9F, 0xFD, 0x92, 0xEF, 0xCB, 0x61, 0x88,
    0x0F, 0x78, 0x01, 0xE0, 0x10, 0xDE, 0xF4, 0xFD, 0x19, 0x8A, 0x30, 0x71, 0x00, 0xBB, 0x80, 0x3F,
    0x53, 0x60, 0xEB, 0x2B, 0xA0, 0xFD, 0xED, 0xF2, 0x76, 0x12, 0x89, 0x39, 0x86, 0x4D, 0x95, 0xDB,
    0x7A, 0xCF, 0xB5, 0xB8, 0xC0, 0x4A, 0xB1, 0x4C, 0x94, 0xF4, 0x97, 0x4A, 0x48, 0x15, 0xF8, 0x1E,
    0x5A, 0x62, 0x9A, 0xD1, 0x0D, 0x66, 0x00, 0xCD, 0x87, 0xCD, 0x3A, 0x7A, 0x88, 0xD6, 0xDB, 0xC1,
    0xA9, 0xA0, 0x73, 0xF6, 0x7D, 0xE2, 0x1F, 0xFD, 0x5E, 0xA0, 0x8E, 0xA6, 0x41, 0xE1, 0xD0, 0x46,
    0x60, 0xF1, 0x03, 0xBB, 0xC2, 0xEA, 0x1A, 0xA5, 0x00, 0x9F, 0x6B, 0xF7, 0xBD, 0xB7, 0xBA, 0x7A,
    0xB4, 0xD6, 0x01, 0x0B, 0x43, 0xD2, 0xED, 0x56, 0x96, 0x9E, 0x05, 0xAF, 0x5F, 0x43, 0x0A, 0xB8,
    0x9D, 0x40, 0x39, 0xBA, 0xBB, 0xB8, 0xDC, 0x3D, 0xFA, 0x72, 0x3B, 0x1E, 0x83, 0x38, 0x8E, 0x9F,
    0x72, 0xC0, 0xEE, 0x98, 0x76, 0x4E, 0xD8, 0xDD, 0x7E, 0x26, 0x3D, 0xA6, 0xB5, 0x96, 0x88, 0xA1,
    0x0A, 0x7E, 0x44, 0x31, 0x85, 0xD4, 0x7F, 0xC8, 0xCB, 0xD2, 0xC4, 0x0C, 0x61, 0x53, 0x87, 0x4D,
    0x43, 0x89, 0x31, 0xE4, 0x65, 0x19, 0xFE, 0x00, 0x3D, 0x90, 0x3D, 0x6E, 0x84, 0x30, 0x18, 0x44,
    0x07, 0x5C, 0x50, 0x50, 0x50, 0x6D, 0x9A, 0x14, 0xDC, 0x20, 0x3E, 0x81, 0x81, 0x23, 0xA4, 0x08,
    0xE7, 0x48, 0x9B, 0x02, 0x69, 0x51, 0x4E, 0x92, 0x63, 0xA4, 0x60, 0x15, 0x8E, 0xC0, 0x11, 0x28,
    0xF6, 0x00, 0x2E, 0x88, 0x44, 0x7E, 0x24, 0xE7, 0x7D, 0xBB, 0x49, 0x24, 0xE6, 0x19, 0xD9, 0x63,
    0x7B, 0xC6, 0x52, 0xFE, 0x22, 0xA9, 0x8C, 0xA0, 0xDA, 0x80, 0xDF, 0x41, 0x98, 0xC0, 0x34, 0x80,
    0x2D, 0x48, 0x79, 0x04, 0x6E, 0xB9, 0xC3, 0x36, 0x7B, 0x6C, 0x5D, 0x8D, 0x8D, 0x41, 0x41, 0xD5,
    0xA8, 0x89, 0x59, 0x6D, 0x2A, 0xE6, 0x3C, 0x62, 0x72, 0x8B, 0xDC, 0xCA, 0x84, 0x8B, 0xAC, 0xE7,
    0xD1, 0xDB, 0xEE, 0x36, 0xA5, 0x74, 0x85, 0xF4, 0xF8, 0xC1, 0xA1, 0x45, 0x4A, 0x33, 0x47, 0x9C,
    0x6F, 0x99, 0x78, 0x53, 0xF6, 0x6D, 0x9F, 0x4E, 0xEC, 0x91, 0x5A, 0x95, 0x8B, 0xB1, 0x32, 0x83,
    0xEA, 0x11, 0x76, 0xBE, 0xB3, 0x7F, 0xAF, 0x3F, 0xB6, 0x17, 0x36, 0x17, 0x4E, 0x96, 0x43, 0xBB,
    0x05, 0x61, 0x7B, 0x31, 0x5B, 0x18, 0x82, 0xD8, 0xD2, 0xAB, 0xAC, 0x45, 0xE3, 0x68, 0x75, 0x4C,
    0x25, 0x97, 0x1B, 0x57, 0x65, 0x9D, 0x0E, 0xA4, 0x6C, 0x50, 0xC0, 0x6F, 0x1A, 0x4A, 0x13, 0x55,
    0xAC, 0x0E, 0xE7, 0xED, 0x68, 0xA3, 0x24, 0xCA, 0xA8, 0x50, 0x44, 0x3F, 0xFA, 0xD8, 0x7E, 0x7D,
    0x52, 0xE2, 0x79, 0xE5, 0x2D, 0x34, 0xFC, 0xCA, 0x2E, 0x78, 0x42, 0x87, 0xBE, 0xEF, 0x1F, 0x8E,
    0x34, 0xDC, 0x6F, 0xDE, 0xFB, 0xD3, 0x7D, 0xBE, 0xB2, 0xE2, 0x56, 0x62, 0x71, 0x09, 0xB8, 0xBE,
    0x8F, 0xA2, 0xCA, 0x31, 0x8B, 0x04, 0x36, 0x58, 0xCA, 0x5A, 0x38, 0x1B, 0x73, 0x06, 0x73, 0x0E,
    0xFF, 0xF6, 0x1F, 0xDD, 0x5C, 0x3F, 0x8C, 0xE4, 0xE6, 0x75, 0xFF, 0x48, 0xEA, 0x96, 0xD6, 0xD1,
    0x36, 0x55, 0x68, 0x63, 0xEB, 0xCE, 0x38, 0xA6, 0x50, 0x71, 0x12, 0xA2, 0x65, 0xE3, 0xC2, 0x01,
    0x66, 0x86, 0x94, 0x5C, 0xB8, 0x0A, 0xBC, 0x09, 0x6E, 0x64, 0x20, 0x2A, 0xE4, 0xC2, 0x01, 0x1C,
    0xB9, 0xB8, 0x56, 0xC5, 0xEC, 0x0E, 0x21, 0x05, 0x70, 0xE1, 0x22, 0x5B, 0x44, 0x29, 0x62, 0x20,
    0xD8, 0xE2, 0x10, 0x48, 0xA3, 0xE2, 0x54, 0x5C, 0xB1, 0x40, 0xB8, 0x37, 0xB4, 0x05, 0xC4, 0x45,
    0x8A, 0xD0, 0x40, 0x84, 0x14, 0x2E, 0x4C, 0x03, 0x67, 0x19, 0x3E, 0x1B, 0x30, 0x1D, 0xD3, 0x08,
    0xF7, 0x34, 0x3B, 0xCC, 0xEF, 0xF7, 0xBE, 0x8F, 0x1C, 0xEE, 0xDE, 0x49, 0x27, 0xDD, 0xAE, 0xF6,
    0x4E, 0xDE, 0x5D, 0x3E, 0xDE, 0xEE, 0xCD, 0x7C, 0xFC, 0xFE, 0xBC, 0xF7, 0x7B, 0xBF, 0xF7, 0xBE,
    0xF7, 0x8D, 0x52, 0xB9, 0x52, 0xCA, 0x3E, 0x84, 0x50, 0x57, 0x0B, 0x08, 0x6B, 0x4F, 0xF5, 0xBE,
    0x66, 0xB3, 0xD9, 0x8E, 0xD5, 0x34, 0x4D, 0x6E, 0xDF, 0x99, 0xCD, 0x12, 0xBB, 0xC4, 0x9F, 0x9C,
    0x95, 0x28, 0x5A, 0xE1, 0xE6, 0xAD, 0xF0, 0xF0, 0x5A, 0xE5, 0x37, 0x4D, 0xA6, 0xFC, 0x0C, 0xBF,
    0xFA, 0x49, 0x2B, 0x82, 0xB8, 0x15, 0x21, 0x1B, 0x8E, 0x56, 0xA2, 0x69, 0x16, 0x5A, 0x28, 0xAB,
    0xBC, 0x84, 0xBE, 0x94, 0x21, 0x5B, 0x1D, 0xE1, 0xD7, 0xF8, 0xC9, 0x87, 0xD6, 0x97, 0x67, 0xF1,
    0xB4, 0x84, 0xFF, 0xC4, 0xBB, 0xD7, 0x5F, 0xFA, 0xE3, 0x18, 0x2F, 0x76, 0xD9, 0xBA, 0x6E, 0x59,
    0x79, 0x5A, 0xB2, 0x59, 0xDD, 0xB8, 0xF2, 0xFF, 0xA3, 0xC1, 0xFF, 0xFB, 0x32, 0x0E, 0xBF, 0x56,
    0x4B, 0x3C, 0x20, 0x61, 0xA3, 0x61, 0xCC, 0x87, 0xE0, 0x27, 0x90, 0x67, 0x68, 0x89, 0x5F, 0x47,
    0xAD, 0xC4, 0xCF, 0x96, 0x52, 0x29, 0xE4, 0x39, 0xBB, 0xC6, 0x3F, 0x7C, 0xB6, 0x93, 0x7A, 0x0D,
    0xBB, 0xA7, 0x9E, 0x90, 0x91, 0x3F, 0xC5, 0x25, 0x42, 0x8B, 0x6A, 0x7A, 0x0B, 0xA2, 0x56, 0xC7,
    0x66, 0x25, 0x56, 0xE8, 0x66, 0x62, 0x61, 0x56, 0x94, 0x55, 0xF1, 0xA5, 0x65, 0x2B, 0x8E, 0xCD,
    0x4F, 0x6F, 0x6A, 0xB2, 0x56, 0xF8, 0x2B, 0x21, 0x53, 0x93, 0x1C, 0x99, 0x9A, 0x63, 0xF3, 0xA3,
    0xAC, 0x39, 0xDA, 0x09, 0x1A, 0xA8, 0xCB, 0x7C, 0x67, 0x9A, 0xD8, 0x0B, 0x4C, 0x84, 0x5B, 0xE2,
    0x09, 0x68, 0xC0, 0x2E, 0xF1, 0x5E, 0x6B, 0x77, 0xF5, 0xE2, 0x6D, 0x8A, 0x79, 0xB3, 0xA4, 0xC0,
    0x1B, 0x16, 0xFC, 0x75, 0x25, 0x52, 0x8A, 0x7D, 0x76, 0x62, 0xC4, 0x07, 0x46, 0x31, 0x5E, 0xEF,
    0x17, 0x6B, 0x0B, 0xE5, 0x36, 0x9C, 0x80, 0x39, 0x87, 0x6B, 0xC9, 0x1C, 0xCC, 0x6F, 0xC9, 0x52,
    0xC6, 0x2A, 0xCA, 0xAF, 0xE6, 0x78, 0x8B, 0x5D, 0x72, 0x94, 0xF1, 0x6A, 0x94, 0x36, 0x07, 0x6D,
    0x89, 0x0A, 0x37, 0x1C, 0x5C, 0xB4, 0xC4, 0xFB, 0xD6, 0x1A, 0xFE, 0x35, 0x58, 0x4A, 0x0B, 0x71,
    0x3B, 0x32, 0x33, 0xDA, 0xAF, 0x70, 0xB4, 0xB2, 0x0E, 0x41, 0x8E, 0x37, 0xE2, 0x91, 0x15, 0x7B,
    0x99, 0x98, 0x47, 0x5E, 0xB3, 0x2A, 0xBB, 0xB2, 0x4B, 0x87, 0xDF, 0x85, 0x53, 0xB8, 0xB9, 0x9B,
    0x7B, 0x99, 0xCF, 0xEF, 0xC4, 0x4F, 0x82, 0x38, 0x88, 0x43, 0x8C, 0x30, 0xC2, 0xCA, 0x8D, 0x94,
    0xFD, 0x5A, 0xE2, 0xBE, 0x9B, 0x7B, 0x3F, 0xC9, 0xD6, 0x5E, 0x48, 0xCC, 0x8A, 0x5C, 0xE3, 0x2A,
    0xA0, 0x4F, 0x36, 0x27, 0x46, 0x7E, 0x0A, 0xFE, 0x60, 0xDE, 0xF1, 0xE3, 0x89, 0x32, 0xF2, 0x27,
    0xE1, 0x0F, 0x66, 0x3A, 0x10, 0x05, 0x89, 0xE4, 0x47, 0xAB, 0x83, 0x52, 0x97, 0x65, 0x6A, 0x52,
    0x99, 0xAA, 0x85, 0xAC, 0x78, 0xCD, 0x46, 0xAD, 0xFB, 0x34, 0xFA, 0xC4, 0x34, 0x9E, 0x37, 0x6A,
    0x5E, 0xEB, 0x51, 0xBC, 0x02, 0x7B, 0xD1, 0x4B, 0x20, 0xB3, 0xA2, 0x96, 0xB3, 0xEB, 0xA2, 0xA9,
    0x95, 0xD1, 0xDB, 0xCA, 0x68, 0x6E, 0xA9, 0xEF, 0x56, 0xA9, 0x35, 0x00, 0x77, 0x59, 0x7F, 0xBB,
    0xD0, 0x77, 0x3C, 0x25, 0xE4, 0xFA, 0x39, 0x39, 0xEE, 0xB0, 0x06, 0x27, 0x43, 0x4F, 0xBD, 0x52,
    0xB9, 0xBC, 0x63, 0x98, 0x78, 0xD3, 0x88, 0xFD, 0xF3, 0xB9, 0x82, 0xE8, 0x6D, 0x20, 0xFA, 0x5C,
    0xF3, 0x8F, 0x29, 0xEF, 0x32, 0x10, 0xBB, 0xB2, 0x64, 0x28, 0x6E, 0x71, 0xB1, 0xE4, 0x7D, 0x9A,
    0x4D, 0xD1, 0xA7, 0x06, 0xCA, 0x31, 0xE7, 0xAA, 0x35, 0xBB, 0x9C, 0x36, 0xF5, 0x8C, 0xD2, 0xEA,
    0xCD, 0x39, 0xE0, 0x1A, 0x6F, 0xF5, 0xEE, 0x5C, 0xE9, 0xD4, 0xDC, 0x17, 0x46, 0xAB, 0x8F, 0xDC,
    0x0B, 0x6D, 0x19, 0xEE, 0x2F, 0xC7, 0x2F, 0x36, 0xCD, 0x2D, 0xAE, 0x69, 0xC3, 0xF6, 0xA1, 0x39,
    0x4D, 0xA9, 0xA6, 0x89, 0x47, 0x0D, 0x55, 0x5C, 0x44, 0xBE, 0xC5, 0xCD, 0xBB, 0x7B, 0xA2, 0xE7,
    0x11, 0x63, 0x85, 0x81, 0x7B, 0x19, 0xEF, 0x40, 0x8D, 0x2C, 0x14, 0xFB, 0x88, 0x62, 0xB9, 0xAF,
    0x2D, 0xB9, 0x3A, 0x3E, 0xD5, 0x44, 0xEE, 0x50, 0xB0, 0x67, 0x67, 0xB7, 0x8F, 0x03, 0x84, 0xF3,
    0xF1, 0x00, 0x02, 0x73, 0xE9, 0x1F, 0x58, 0x8D, 0x06, 0x08, 0xBD, 0xFE, 0x1A, 0x23, 0x62, 0x03,
    0x0D, 0x1D, 0x40, 0x44, 0xAD, 0xDC, 0x6A, 0x61, 0x62, 0x5B, 0x23, 0x85, 0x48, 0xB1, 0xA0, 0xAF,
    0xB4, 0xE8, 0x4D, 0x68, 0x10, 0xEB, 0x5F, 0x7D, 0x61, 0x46, 0xBF, 0x4B, 0xC5, 0xA9, 0xF1, 0x77,
    0x87, 0x46, 0xE3, 0xE5, 0x98, 0x82, 0x80, 0xD0, 0x19, 0x71, 0xF0, 0xA9, 0xFE, 0x2B, 0x55, 0x1C,
    0xD3, 0xF6, 0x72, 0xC6, 0x39, 0x4B, 0x38, 0x61, 0x9C, 0x07, 0x5B, 0xD4, 0xA3, 0xA6, 0x58, 0x70,
    0x8D, 0x17, 0xEC, 0x6E, 0xCA, 0xDE, 0xA6, 0xEC, 0xDD, 0x16, 0xC5, 0xB6, 0xA8, 0x6D, 0x46, 0x58,
    0xC3, 0x10, 0x1F, 0x97, 0x87, 0x86, 0x32, 0xF0, 0x35, 0xB1, 0x3B, 0x75, 0x31, 0x51, 0xC7, 0x7B,
    0x74, 0x3E, 0xE6, 0x32, 0x45, 0x31, 0xFB, 0x3A, 0x8F, 0xA1, 0x6C, 0x98, 0x09, 0x2A, 0xB5, 0x48,
    0x7F, 0xCE, 0x7E, 0x45, 0x11, 0xA7, 0x32, 0x1D, 0x41, 0x5A, 0xD5, 0x10, 0x13, 0xEA, 0xE4, 0x5B,
    0xB2, 0x52, 0x29, 0xFA, 0x15, 0x29, 0xCA, 0x94, 0x9D, 0xFA, 0x51, 0x45, 0xF9, 0x7A, 0xCE, 0x5E,
    0xFE, 0x63, 0x02, 0x7D, 0x0E, 0xA6, 0x9C, 0x82, 0x60, 0xC1, 0xA6, 0x42, 0xB1, 0x15, 0xF4, 0x86,
    0x0D, 0x26, 0x22, 0xF5, 0x0A, 0x3D, 0xAE, 0x9E, 0xC6, 0x02, 0xE0, 0xD5, 0x18, 0x2E, 0xFB, 0x3A,
    0xEE, 0x77, 0x10, 0x1A, 0x68, 0xEF, 0xE0, 0x85, 0x6E, 0x86, 0xD5, 0x80, 0xAD, 0xC3, 0x42, 0x39,
    0x03, 0x23, 0xAE, 0xE7, 0x84, 0x6F, 0x97, 0x99, 0x44, 0xA7, 0x2B, 0x98, 0x83, 0x5A, 0xC0, 0x06,
    0x00, 0xD8, 0x58, 0xFA, 0x11, 0x81, 0x32, 0x1A, 0x12, 0x66, 0xA8, 0x8C, 0x3E, 0x17, 0xC2, 0x2B,
    0x8F, 0xA0, 0x2D, 0x8D, 0x69, 0xFD, 0x26, 0x57, 0x8A, 0x6A, 0x3A, 0xDF, 0xE9, 0x4F, 0xCA, 0x65,
    0xCE, 0xC9, 0x3E, 0xA7, 0x24, 0xA5, 0x58, 0x88, 0x92, 0x53, 0xD4, 0x8E, 0x11, 0x78, 0x60, 0x01,
    0x81, 0xE6, 0xEC, 0xD2, 0xE5, 0xA0, 0xBC, 0xCC, 0x88, 0xC2, 0x37, 0x42, 0x74, 0x19, 0x8A, 0x9C,
    0x68, 0x2D, 0xF6, 0x65, 0x08, 0x14, 0x41, 0x46, 0x35, 0x4D, 0x28, 0x62, 0xE3, 0x17, 0x3A, 0x6F,
    0xE9, 0xC8, 0x72, 0xD9, 0xBB, 0xEC, 0x25, 0x3B, 0xED, 0xB3, 0x73, 0x21, 0xC7, 0x30, 0xA4, 0x7E,
    0xA5, 0x34, 0xBD, 0x6A, 0x44, 0xB3, 0x1B, 0xF1, 0xC5, 0x62, 0x0D, 0xB0, 0x70, 0x3F, 0x16, 0xD8,
    0xC2, 0x03, 0x87, 0x9C, 0x9F, 0xFD, 0x31, 0xB4, 0x47, 0x5C, 0x33, 0x44, 0x81, 0x36, 0x9D, 0x42,
    0xFA, 0xE7, 0xC7, 0xDA, 0x9D, 0x73, 0x19, 0x31, 0x8E, 0x54, 0xC0, 0x1F, 0x1E, 0xEB, 0x1A, 0x5F,
    0x5C, 0xD1, 0x63, 0xED, 0xAE, 0x3C, 0x96, 0x73, 0x2F, 0x8F, 0x75, 0x67, 0xB6, 0x49, 0xB5, 0x3C,
    0x54, 0xDE, 0xED, 0x59, 0x43, 0x23, 0x0E, 0x68, 0xC1, 0x1E, 0xCD, 0xD7, 0x2D, 0x38, 0xDE, 0x22,
    0x48, 0xB4, 0xF5, 0x8A, 0xC9, 0x86, 0x49, 0x08, 0xE4, 0xA7, 0x59, 0xD6, 0x14, 0x09, 0xFD, 0xE3,
    0x8E, 0x22, 0x6B, 0x88, 0xED, 0x83, 0xF1, 0x9C, 0xFA, 0xEF, 0x96, 0x02, 0xA0, 0x10, 0x40, 0xF8,
    0x42, 0x0B, 0x87, 0x73, 0xEA, 0xE7, 0x58, 0xE4, 0x69, 0xEC, 0xF1, 0xBD, 0xBE, 0x88, 0xCC, 0x9A,
    0xC7, 0xC4, 0x69, 0xE0, 0xBE, 0x9E, 0x53, 0x2F, 0x17, 0x11, 0xD2, 0xA6, 0xA9, 0xFA, 0xF0, 0x21,
    0xAB, 0xA7, 0xD1, 0xEB, 0x9C, 0xAD, 0x37, 0x26, 0xC4, 0x27, 0x02, 0xF0, 0x59, 0x0B, 0xEF, 0x82,
    0xC7, 0x5A, 0x12, 0xD0, 0x63, 0x03, 0xE7, 0x34, 0x05, 0x0D, 0xE5, 0xB2, 0xE4, 0x91, 0xC8, 0x11,
    0xF5, 0x9C, 0x12, 0x8F, 0x1E, 0xCA, 0x13, 0xB7, 0xB8, 0xB2, 0x50, 0x74, 0x82, 0x38, 0x16, 0x6B,
    0x43, 0xA0, 0x75, 0x20, 0xC0, 0xBA, 0x47, 0xB9, 0x06, 0x1F, 0x54, 0xD3, 0x0D, 0xE0, 0x89, 0x91,
    0xC8, 0x91, 0x74, 0x75, 0x28, 0x92, 0xBA, 0xE2, 0xC7, 0x13, 0xCA, 0x87, 0xC3, 0x1F, 0x9F, 0x01,
    0xFF, 0x20, 0xC0, 0x08, 0xBA, 0x51, 0xF1, 0x63, 0xB4, 0xBE, 0xCD, 0x06, 0x70, 0x5F, 0x70, 0x9C,
    0x2E, 0x35, 0x00, 0x63, 0xA7, 0x4B, 0xE7, 0xAA, 0x78, 0x99, 0x34, 0x5E, 0x79, 0x99, 0xB4, 0x5A,
    0xFB, 0xD9, 0x96, 0x50, 0x97, 0x97, 0xDF, 0x13, 0x96, 0x35, 0x15, 0x62, 0x00, 0x70, 0x12, 0xD4,
    0x06, 0x3F, 0x01, 0x51, 0x91, 0x65, 0x09, 0xD9, 0x3C, 0x9E, 0x13, 0x4A, 0x97, 0x88, 0x83, 0x6C,
    0x27, 0xC5, 0x64, 0xF2, 0x4E, 0xE7, 0x27, 0x8C, 0x08, 0x13, 0xAA, 0xFD, 0xCC, 0x16, 0xE7, 0x38,
    0xCC, 0xF0, 0x0A, 0xB7, 0x26, 0xE8, 0xC3, 0x23, 0xE2, 0x01, 0x36, 0x01, 0x48, 0x9C, 0x6B, 0x13,
    0xCF, 0x63, 0x41, 0x5C, 0x97, 0xBE, 0x88, 0xB6, 0x93, 0xB7, 0xC6, 0xE9, 0x75, 0xF3, 0x30, 0x65,
    0x4F, 0x6A, 0x0A, 0x21, 0x3C, 0xFB, 0x9D, 0x4A, 0xF8, 0xC9, 0x65, 0x8A, 0x94, 0x42, 0xD8, 0x94,
    0xB8, 0x12, 0xBF, 0x00, 0xB5, 0x71, 0x64, 0x04, 0x53, 0x5A, 0x82, 0xDA, 0x7C, 0x44, 0x10, 0x18,
    0x70, 0x47, 0xBC, 0x19, 0xDA, 0xFC, 0xB7, 0x2F, 0x5D, 0xB3, 0xAE, 0xA8, 0x47, 0xCF, 0x53, 0x9C,
    0xB1, 0xFF, 0xD4, 0x7C, 0x4D, 0xB3, 0xB5, 0xD6, 0x98, 0xBD, 0xAC, 0xE5, 0x69, 0xC2, 0xD2, 0x34,
    0x47, 0x33, 0x26, 0x2D, 0xFC, 0xAC, 0x33, 0x69, 0x4A, 0x32, 0x32, 0xCD, 0xCB, 0x0C, 0x2B, 0xD3,
    0x9C, 0x2C, 0x68, 0x09, 0x44, 0x6A, 0x68, 0xA5, 0xE6, 0x62, 0x86, 0x89, 0xE5, 0xD4, 0xD7, 0xB9,
    0xF0, 0x41, 0xF5, 0x26, 0x6E, 0xCF, 0xC6, 0xD6, 0x52, 0x38, 0xB3, 0xDD, 0x90, 0x9A, 0xC9, 0x0D,
    0x97, 0x03, 0xDF, 0x81, 0xA9, 0x77, 0x7E, 0x97, 0xC8, 0xDC, 0xFF, 0x1C, 0x48, 0xBC, 0xAD, 0x9C,
    0xFF, 0x04, 0x7E, 0x6C, 0x2B, 0xF7, 0x27, 0xF0, 0x8E, 0x98, 0xF8, 0x9F, 0x14, 0xAA, 0xDE, 0x57,
    0xDE, 0xEB, 0xF0, 0x90, 0x29, 0xA6, 0x1B, 0xC8, 0x8A, 0xA1, 0xBF, 0x50, 0xB9, 0x19, 0x6E, 0xCF,
    0xD7, 0x7E, 0x82, 0xD9, 0x50, 0x8B, 0x10, 0x8F, 0x0B, 0xD4, 0x62, 0xC8, 0xF9, 0x57, 0xFB, 0x29,
    0xE6, 0x29, 0x54, 0xDB, 0x60, 0xDB, 0xE8, 0x60, 0x44, 0x54, 0x1E, 0x82, 0xE7, 0xCB, 0x2D, 0xCC,
    0x30, 0xB8, 0x81, 0x36, 0x62, 0xCD, 0x0E, 0x49, 0x0D, 0x85, 0x0F, 0x8A, 0x10, 0x46, 0x28, 0x9E,
    0xD2, 0x59, 0x09, 0xB2, 0x40, 0x52, 0xC0, 0x8A, 0xFC, 0xAF, 0x12, 0xF2, 0x27, 0xCC, 0x4F, 0xCC,
    0x50, 0x0B, 0x12, 0x3E, 0x61, 0x79, 0x22, 0xC4, 0xA3, 0x89, 0x88, 0x0C, 0xAA, 0x73, 0x9E, 0x19,
    0x73, 0x04, 0x4D, 0x43, 0x3F, 0x7D, 0x35, 0xB3, 0xC9, 0x5B, 0xDD, 0x52, 0xB7, 0xA2, 0x6A, 0x82,
    0xF2, 0x82, 0x30, 0xA0, 0x05, 0xC3, 0x9C, 0x05, 0x6D, 0x71, 0x21, 0xEE, 0x8D, 0x61, 0x6C, 0xBD,
    0x60, 0x50, 0xB2, 0x20, 0xCC, 0xA5, 0x54, 0x25, 0x86, 0x39, 0x39, 0x17, 0x82, 0x31, 0xC7, 0x14,
    0x8E, 0xC6, 0x96, 0x30, 0xA7, 0xE4, 0x6A, 0xC7, 0x26, 0xE6, 0x00, 0x52, 0xBE, 0x45, 0xCF, 0xB1,
    0xA4, 0xE7, 0xD8, 0x3F, 0x3A, 0xC0, 0xF4, 0xF8, 0x00, 0x73, 0x4D, 0x05, 0xAC, 0x4A, 0xC6, 0xF6,
    0x00, 0x03, 0x9C, 0xCD, 0xFE, 0xA9, 0xF5, 0x8A, 0x2F, 0xCE, 0x0B, 0x5A, 0x55, 0x45, 0x92, 0x61,
    0xE8, 0x46, 0xA1, 0x85, 0x55, 0x0B, 0xD3, 0x60, 0x80, 0x51, 0x78, 0xB9, 0x35, 0xCF, 0x7C, 0x12,
    0x6A, 0x88, 0x9D, 0x8F, 0x83, 0xCB, 0xA3, 0x4E, 0x7C, 0xF2, 0xA8, 0x71, 0xBF, 0x8B, 0x10, 0x1F,
    0x30, 0x6A, 0x64, 0xF8, 0xBE, 0x43, 0x0F, 0x95, 0xAF, 0xBF, 0x78, 0x48, 0x6E, 0x5E, 0x9B, 0x50,
    0x42, 0x07, 0x8B, 0x1F, 0xED, 0x88, 0xBC, 0xFC, 0x43, 0xDC, 0xF1, 0x6A, 0xC0, 0xE1, 0x91, 0x01,
    0x3F, 0x0C, 0xD6, 0xA8, 0x94, 0x49, 0x8E, 0x6C, 0xE9, 0x9B, 0xCC, 0x8C, 0x75, 0x65, 0xB1, 0xCE,
    0x8E, 0x91, 0x85, 0x61, 0x7D, 0xDF, 0x6E, 0xDE, 0xC6, 0xCC, 0x54, 0x18, 0xFC, 0x4D, 0xF6, 0x87,
    0xC1, 0x8B, 0xC0, 0x29, 0xBD, 0x98, 0x40, 0xC9, 0x96, 0x40, 0x69, 0xB2, 0xCF, 0x69, 0x20, 0x68,
    0xA2, 0xAB, 0x81, 0xBE, 0x85, 0xF1, 0x96, 0x26, 0x0A, 0x23, 0x76, 0x06, 0x40, 0x15, 0xBB, 0x19,
    0x60, 0xC3, 0x07, 0xAF, 0x03, 0x4F, 0x94, 0xE0, 0x2A, 0x13, 0xFF, 0x78, 0xA8, 0xDA, 0x89, 0x31,
    0x74, 0xC5, 0xCC, 0x90, 0x52, 0xE7, 0xA4, 0x47, 0x30, 0xDC, 0x0B, 0xB2, 0x78, 0xDB, 0x26, 0x2E,
    0xD4, 0xD8, 0x89, 0xD7, 0x72, 0x5E, 0x85, 0x9F, 0xC2, 0xBA, 0x38, 0x08, 0xE7, 0xF7, 0xB2, 0x48,
    0x1F, 0x94, 0x12, 0xC8, 0x4B, 0xCC, 0x34, 0x8D, 0xBB, 0xF0, 0xDD, 0x92, 0xBF, 0xB8, 0xBF, 0xE1,
    0xCC, 0xF8, 0xEF, 0xF2, 0x35, 0x91, 0x2C, 0xE5, 0x3E, 0xDB, 0xC6, 0x98, 0xB6, 0x24, 0x41, 0xA3,
    0xB5, 0x5B, 0x67, 0x5E, 0xC8, 0x4B, 0x75, 0xD6, 0xC6, 0x00, 0xB9, 0x5A, 0x50, 0x03, 0x6A, 0x11,
    0x36, 0x57, 0x43, 0x84, 0x26, 0x82, 0x42, 0x09, 0x0D, 0x11, 0x64, 0xC4, 0xAF, 0x19, 0xAC, 0xB8,
    0x62, 0x89, 0x15, 0x19, 0xFF, 0x6B, 0x22, 0xE8, 0x67, 0x81, 0x08, 0xAE, 0x74, 0x68, 0x9C, 0x6D,
    0x28, 0xE4, 0x7A, 0x41, 0x51, 0xAB, 0x36, 0x45, 0x53, 0xB5, 0xC2, 0x92, 0x11, 0xA9, 0xF3, 0x89,
    0x5A, 0x4B, 0x5A, 0x3A, 0x69, 0x1A, 0x60, 0xFC, 0xAF, 0x5B, 0x91, 0xA0, 0xAF, 0x15, 0x51, 0x27,
    0x00, 0x8A, 0x09, 0xF0, 0x38, 0x3C, 0xB8, 0x0E, 0x0A, 0xDC, 0x2C, 0x0F, 0x95, 0x75, 0x7D, 0xE7,
    0x98, 0x61, 0xC8, 0xAC, 0xDD, 0xAD, 0xDF, 0xD7, 0xF0, 0x34, 0x09, 0x2C, 0xD0, 0x71, 0x46, 0x15,
    0x78, 0xA8, 0xB9, 0x31, 0xB2, 0xC0, 0x83, 0xCD, 0x8D, 0x36, 0x8F, 0x1E, 0x54, 0xE2, 0x49, 0x24,
    0xCC, 0x88, 0x74, 0x8C, 0x31, 0x6A, 0x6F, 0x12, 0x67, 0x6C, 0x75, 0x37, 0xC6, 0x1A, 0xD0, 0x11,
    0x46, 0x1B, 0xA9, 0x0E, 0x3A, 0x16, 0x9A, 0x1D, 0xD7, 0xED, 0x8D, 0x54, 0x9C, 0x8F, 0xC2, 0x0D,
    0x34, 0x27, 0x90, 0xC9, 0x31, 0x01, 0x08, 0x43, 0x90, 0xB3, 0xEF, 0xD9, 0xA2, 0xDF, 0x33, 0xB5,
    0xEA, 0x99, 0x26, 0xB1, 0x7A, 0xE1, 0x84, 0x41, 0x76, 0x96, 0x24, 0x84, 0x57, 0xAD, 0xB2, 0x6D,
    0x6D, 0x64, 0xFD, 0xEC, 0x6C, 0x97, 0x94, 0x13, 0xF3, 0xBB, 0xFE, 0xAD, 0x7B, 0x71, 0xD8, 0x63,
    0x4C, 0x9E, 0xC3, 0xF5, 0x89, 0xF4, 0x3E, 0x61, 0x2F, 0x20, 0x5C, 0x05, 0xB1, 0xF0, 0xC6, 0x56,
    0xC8, 0x1A, 0x8F, 0xA8, 0xC7, 0x23, 0xFA, 0x65, 0xFC, 0x7F, 0x49, 0xB3, 0x4A, 0xE0, 0x1A, 0x6A,
    0xD1, 0x5C, 0xC3, 0x83, 0xF0, 0x3E, 0x59, 0xDF, 0xD0, 0xDC, 0x34, 0x86, 0x45, 0xED, 0x4D, 0x70,
    0x6C, 0xD4, 0xDD, 0x0A, 0x01, 0x06, 0x97, 0x50, 0x2D, 0xB7, 0x5A, 0xB8, 0x10, 0x14, 0x69, 0x21,
    0x59, 0x0D, 0x52, 0x12, 0x98, 0x49, 0x5C, 0x77, 0x37, 0x40, 0xD6, 0xF3, 0x15, 0x0D, 0x27, 0x14,
    0x7C, 0x80, 0x71, 0xC9, 0xDC, 0xEF, 0xCB, 0x12, 0x5C, 0xE4, 0x4A, 0x60, 0x8E, 0x72, 0x2E, 0x41,
    0x73, 0xD0, 0x92, 0xA3, 0x1E, 0xAA, 0xDE, 0x27, 0xD2, 0x21, 0x1C, 0xE9, 0x28, 0x2E, 0x83, 0x35,
    0x4B, 0xBA, 0xCA, 0x37, 0xC2, 0x33, 0xC1, 0x95, 0x31, 0x09, 0xB1, 0x06, 0x4E, 0xCD, 0xDA, 0x21,
    0x9F, 0x58, 0x9A, 0xB8, 0xAA, 0x63, 0xCA, 0x56, 0xF3, 0xD7, 0xF3, 0xC4, 0xC1, 0x0A, 0xE6, 0x7E,
    0xAE, 0x7D, 0x9D, 0x3C, 0x50, 0x67, 0x3E, 0xEA, 0x9E, 0x39, 0xD8, 0x1C, 0xB4, 0xDD, 0x7C, 0x50,
    0x1F, 0xE9, 0x9D, 0x53, 0x7E, 0x87, 0x90, 0x90, 0x72, 0x91, 0xB6, 0x8E, 0x3A, 0x64, 0x47, 0x1C,
    0xF2, 0xB4, 0x73, 0xC8, 0x18, 0x60, 0x78, 0x20, 0xED, 0xD9, 0xA4, 0x64, 0x54, 0xD0, 0xEA, 0xA2,
    0xE4, 0xE0, 0x22, 0x2A, 0x14, 0x9A, 0xDB, 0x27, 0xA8, 0xD9, 0xA5, 0x65, 0x30, 0x8D, 0xE3, 0x0D,
    0x35, 0x8C, 0xF0, 0x4E, 0x10, 0xC1, 0x6A, 0x09, 0x31, 0xC4, 0xEF, 0xAE, 0x00, 0x66, 0x48, 0x7A,
    0x98, 0xF1, 0xF5, 0x3A, 0xF2, 0x88, 0x34, 0x1A, 0xD0, 0x8B, 0xC9, 0x7D, 0x5F, 0x31, 0xC5, 0x28,
    0x69, 0xB4, 0x98, 0x3C, 0x04, 0x3A, 0x1A, 0x4B, 0x24, 0xCD, 0x16, 0x0A, 0x74, 0x54, 0x89, 0xE2,
    0x4E, 0x25, 0x55, 0x24, 0x69, 0x55, 0x92, 0xC7, 0xA6, 0xD0, 0xCA, 0xB9, 0x29, 0xF2, 0x6F, 0x67,
    0x6F, 0xF2, 0x29, 0x08, 0x8A, 0x7E, 0x3D, 0x5E, 0x30, 0x11, 0xBD, 0x60, 0x0F, 0x05, 0xF1, 0x4C,
    0x26, 0xC1, 0x20, 0x9E, 0x74, 0x1D, 0xF7, 0x26, 0x66, 0xFB, 0x5C, 0x23, 0x9B, 0x62, 0x15, 0x0C,
    0x87, 0x0C, 0xB8, 0xA7, 0x86, 0xC2, 0x0A, 0xA3, 0x4D, 0xD8, 0x89, 0x44, 0x94, 0x46, 0x27, 0xB3,
    0xD7, 0xDE, 0x62, 0x3F, 0x72, 0xA7, 0x76, 0x4B, 0xBC, 0xA1, 0xC2, 0xCC, 0x55, 0xDA, 0x5A, 0xCE,
    0x95, 0xEA, 0x6A, 0x53, 0x3A, 0xCB, 0xBF, 0x29, 0x49, 0x98, 0x61, 0xB1, 0x05, 0x3D, 0xE1, 0x04,
    0x2E, 0x71, 0x0B, 0x04, 0x2F, 0xFA, 0xCD, 0xFF, 0x81, 0x4D, 0xBC, 0x9E, 0x99, 0x2E, 0x4B, 0xB7,
    0x15, 0xDE, 0x80, 0x69, 0xFA, 0xB5, 0x8A, 0x76, 0x04, 0xD9, 0x18, 0x1E, 0xB8, 0x98, 0x0B, 0x1F,
    0xCF, 0xF8, 0xE2, 0xB4, 0xC9, 0x37, 0x2A, 0xBB, 0x8A, 0x60, 0xE0, 0x78, 0xF0, 0x04, 0x06, 0x33,
    0xC4, 0xFA, 0x0D, 0x27, 0xE6, 0x42, 0x8C, 0x9A, 0xC2, 0x8F, 0xD6, 0x1B, 0x42, 0x28, 0x40, 0x2F,
    0xEE, 0x20, 0x62, 0xA0, 0x01, 0xC1, 0x09, 0x9D, 0x1B, 0x5F, 0x91, 0x59, 0xF7, 0xDF, 0x78, 0xA9,
    0xF4, 0x61, 0x3D, 0xF0, 0xBC, 0x95, 0x0F, 0x50, 0x0E, 0x48, 0x93, 0x66, 0xD7, 0x13, 0x8C, 0x3C,
    0xA6, 0xAB, 0x1E, 0xE2, 0xF7, 0x21, 0xDE, 0x3F, 0x30, 0xFD, 0xDC, 0x9E, 0x21, 0x2A, 0xD3, 0x78,
    0xAE, 0xAC, 0xF1, 0x58, 0x72, 0xD0, 0xFE, 0x7B, 0x63, 0x71, 0x76, 0xF4, 0xDE, 0xBC, 0x02, 0xA5,
    0xAF, 0xD0, 0x70, 0x1D, 0x5E, 0x43, 0x73, 0x4D, 0xCC, 0x95, 0xB6, 0x0D, 0xE8, 0x2C, 0xB6, 0x3F,
    0x7E, 0x19, 0x82, 0x21, 0xB2, 0xCF, 0xB7, 0x7E, 0x91, 0xE2, 0x12, 0x43, 0xED, 0xE7, 0x28, 0x06,
    0x7C, 0xAB, 0x88, 0x57, 0x19, 0x78, 0xBF, 0xC3, 0x16, 0x4A, 0x92, 0x88, 0x0C, 0x80, 0xD4, 0xA5,
    0x71, 0x92, 0x89, 0x89, 0xB4, 0xFD, 0x78, 0x8F, 0xED, 0xDC, 0x90, 0x90, 0x7B, 0xED, 0x4D, 0x49,
    0x62, 0x3B, 0x95, 0x4B, 0xDF, 0x55, 0xA1, 0xDD, 0x3D, 0xF4, 0x67, 0x82, 0xB6, 0x26, 0x88, 0x2A,
    0x16, 0xB8, 0xEA, 0x3D, 0x03, 0x6C, 0xA9, 0xE0, 0x83, 0x9D, 0x47, 0xD0, 0x2E, 0xFF, 0x0E, 0x22,
    0x2A, 0x33, 0x57, 0x58, 0x8F, 0x2B, 0x6A, 0x5D, 0x91, 0x32, 0x4C, 0xF0, 0x5D, 0xE1, 0x7B, 0xA0,
    0x2A, 0xAC, 0xC4, 0x86, 0x2A, 0x81, 0x6D, 0xBE, 0xC5, 0x94, 0x8E, 0xF7, 0x02, 0x93, 0x41, 0xA2,
    0x62, 0xD2, 0x25, 0x12, 0xD4, 0x82, 0xB3, 0xEA, 0xE4, 0x5E, 0x62, 0x95, 0x4E, 0xE6, 0x21, 0xDE,
    0x76, 0xB3, 0xF6, 0x9B, 0x5A, 0xE4, 0x54, 0x8C, 0x8C, 0xBB, 0xFC, 0xE4, 0x85, 0x03, 0x26, 0x7D,
    0xA5, 0xA7, 0x00, 0xC6, 0xD2, 0x12, 0x17, 0x69, 0x49, 0x64, 0xAE, 0xCE, 0xCF, 0x09, 0x99, 0x06,
    0x46, 0x9D, 0xFC, 0x69, 0xAC, 0xC6, 0x40, 0x32, 0x4F, 0xE8, 0xE9, 0x6D, 0xB3, 0xAA, 0x96, 0xD8,
    0xE8, 0x93, 0x5E, 0xA2, 0xF6, 0xD1, 0xEA, 0xC2, 0x8F, 0x1D, 0x5C, 0x7E, 0xEA, 0xAB, 0x61, 0x1A,
    0xA8, 0x1B, 0x7B, 0x81, 0x5D, 0xD4, 0xA1, 0x9B, 0x55, 0x23, 0x5F, 0x95, 0xC3, 0x81, 0x55, 0x0E,
    0x2B, 0xAB, 0x8C, 0x10, 0xBB, 0x81, 0x7B, 0x16, 0x53, 0xB4, 0x47, 0x1F, 0xA1, 0xBE, 0xAC, 0xBE,
    0xAD, 0x02, 0x3C, 0xD3, 0xA3, 0x3D, 0xAE, 0xC2, 0xCF, 0x93, 0xB6, 0x7B, 0x2E, 0x56, 0x57, 0x38,
    0xFB, 0xCC, 0x39, 0xF8, 0x18, 0x39, 0x33, 0x65, 0x3E, 0xF4, 0x22, 0x60, 0xF0, 0x87, 0x58, 0x3C,
    0xC4, 0xAC, 0x8D, 0xE4, 0x3B, 0xC4, 0x2A, 0x07, 0x72, 0x4D, 0x64, 0x31, 0xFD, 0x3C, 0x35, 0xC9,
    0x63, 0x6A, 0x4B, 0xAC, 0x11, 0xC3, 0x7B, 0xE3, 0x65, 0xC0, 0xA3, 0x64, 0xA1, 0xA8, 0x70, 0x46,
    0x88, 0xCA, 0x04, 0x54, 0x99, 0x90, 0xDA, 0x22, 0x7A, 0x33, 0xE2, 0xCA, 0x0E, 0xA9, 0x2D, 0x54,
    0x64, 0xB4, 0x09, 0x5B, 0x99, 0x98, 0x84, 0xB1, 0xB4, 0xB9, 0x89, 0x1F, 0xB0, 0x4B, 0xBF, 0xF4,
    0xE1, 0x5D, 0x0B, 0xBF, 0x56, 0x51, 0xE1, 0xA7, 0xEA, 0xDF, 0x73, 0x7F, 0xA0, 0xFE, 0x90, 0x07,
    0x23, 0xFB, 0x7F, 0xB2, 0x4B, 0x81, 0xF3, 0xFD, 0xEC, 0x39, 0xFF, 0x9B, 0x5E, 0x36, 0xF4, 0xFE,
    0xD5, 0x4B, 0x06, 0xEE, 0xC2, 0x4F, 0x06, 0x0E, 0x0C, 0x66, 0x80, 0xF8, 0x02, 0x3D, 0x8C, 0x03,
    0x68, 0x25, 0x9E, 0x7B, 0x83, 0x0A, 0x2F, 0x13, 0x85, 0x47, 0xD0, 0xD9, 0xCA, 0x05, 0x37, 0xE5,
    0x33, 0x3C, 0x82, 0xF9, 0x23, 0x74, 0x2A, 0x61, 0x56, 0x50, 0x13, 0x8B, 0xA6, 0x5F, 0x0E, 0xF5,
    0x22, 0x12, 0x02, 0x72, 0xEA, 0x72, 0x4A, 0x47, 0xD9, 0xAA, 0x2B, 0xA1, 0x83, 0xEA, 0x1A, 0x33,
    0x90, 0x67, 0x1C, 0xA9, 0x26, 0xE9, 0xEA, 0x4A, 0x53, 0x49, 0x1C, 0x5A, 0x25, 0xFD, 0x7B, 0xC4,
    0xF4, 0xDF, 0xED, 0x25, 0xD4, 0xB5, 0x12, 0x75, 0xC5, 0x3C, 0x5D, 0xA1, 0x1E, 0xC2, 0x2C, 0xEF,
    0xEE, 0x03, 0xA6, 0x22, 0x94, 0xE7, 0xAF, 0xFA, 0x30, 0x3C, 0xD6, 0x07, 0x6B, 0xF3, 0x15, 0x44,
    0xB5, 0xBF, 0x42, 0x6B, 0xCE, 0x12, 0xCE, 0x17, 0x7E, 0x65, 0xA4, 0x63, 0x69, 0x74, 0x2F, 0xD0,
    0x82, 0x29, 0x47, 0x9A, 0xBC, 0x24, 0x3B, 0x23, 0x4E, 0xFF, 0x90, 0xB6, 0x86, 0xC5, 0x14, 0x74,
    0xCE, 0x10, 0xC8, 0x84, 0x77, 0xE6, 0x20, 0xFB, 0xE1, 0x92, 0xE6, 0x1F, 0x6B, 0xDB, 0xD7, 0x62,
    0xD2, 0x09, 0x33, 0xD8, 0xD8, 0xA9, 0x3D, 0x00, 0x2B, 0xB0, 0x27, 0x56, 0x0C, 0x18, 0x84, 0xBC,
    0xA7, 0xE6, 0xDA, 0xEB, 0xFD, 0x1B, 0x83, 0xCD, 0x98, 0x53, 0xD2, 0x83, 0x45, 0x30, 0xFA, 0x18,
    0x08, 0x07, 0x94, 0x82, 0xD9, 0x81, 0xF5, 0xAB, 0xE3, 0xF8, 0xBE, 0x80, 0xB3, 0x67, 0x3C, 0xA1,
    0x41, 0x63, 0xB1, 0xAF, 0x18, 0x3F, 0xD0, 0x0C, 0x8F, 0x70, 0xEF, 0xD3, 0x81, 0x3D, 0x47, 0x6F,
    0xF6, 0x35, 0xBE, 0xF0, 0x1D, 0x7A, 0x09, 0xEE, 0x3B, 0x02, 0x67, 0xD4, 0x16, 0x51, 0x77, 0xC4,
    0x1C, 0x5E, 0x74, 0x89, 0xD8, 0x36, 0x68, 0x63, 0x13, 0xBF, 0x3C, 0x1A, 0x1D, 0xC5, 0x06, 0xFD,
    0xE4, 0xA9, 0x53, 0xBE, 0x62, 0xDB, 0x24, 0xFC, 0x77, 0x55, 0xC7, 0x7B, 0xED, 0x9E, 0xD4, 0x3B,
    0x24, 0x92, 0xD6, 0x3A, 0xE7, 0xE4, 0xC0, 0xFE, 0xE6, 0x57, 0x3F, 0x5F, 0x2A, 0xE7, 0xCE, 0x7C,
    0x39, 0x87, 0x53, 0x81, 0xCF, 0xC9, 0x68, 0xE6, 0xDC, 0xFC, 0xA5, 0xF9, 0x4C, 0xC8, 0x9A, 0x98,
    0x49, 0x88, 0x45, 0x8A, 0x81, 0x05, 0x22, 0xB1, 0x40, 0x39, 0x25, 0x9D, 0xF8, 0x88, 0xBE, 0xE8,
    0xF9, 0xF9, 0xCE, 0x4D, 0x12, 0x2D, 0xFA, 0xFC, 0x83, 0xE1, 0xF7, 0x76, 0xBA, 0x79, 0x9F, 0xF4,
    0x28, 0x9D, 0x86, 0xF2, 0x1B, 0xDA, 0x16, 0xCE, 0x49, 0x20, 0x44, 0x47, 0x33, 0xE1, 0x2C, 0xA2,
    0xF3, 0x21, 0xFB, 0xE5, 0xFF, 0x17, 0x46, 0xE0, 0x32, 0x8C, 0x74, 0x64, 0x57, 0x89, 0xEF, 0xF1,
    0x18, 0xE3, 0x84, 0x5C, 0xAE, 0x34, 0x60, 0x42, 0x55, 0x72, 0xED, 0x0C, 0x95, 0x98, 0xB2, 0x1B,
    0xB2, 0x89, 0x23, 0xB6, 0x10, 0xAB, 0x3D, 0xA3, 0x87, 0x95, 0xD6, 0x43, 0xCB, 0xE8, 0xA1, 0x76,
    0x83, 0xC6, 0x16, 0xA8, 0x83, 0xF9, 0x54, 0xC3, 0x32, 0x9F, 0x34, 0x30, 0x9D, 0xE5, 0xC2, 0xDD,
    0x80, 0x6A, 0x6F, 0xC2, 0x55, 0x95, 0x81, 0xB8, 0x29, 0xA6, 0xD0, 0xED, 0x62, 0x43, 0x36, 0xC5,
    0x9D, 0x9C, 0x57, 0x14, 0x07, 0x19, 0x6C, 0x2C, 0x5B, 0x6B, 0x7E, 0x90, 0xE9, 0xC5, 0xE8, 0x3B,
    0x25, 0x38, 0xB7, 0x98, 0xDF, 0x1E, 0xE0, 0x87, 0x34, 0x03, 0xF7, 0x04, 0x30, 0x06, 0x10, 0x11,
    0x19, 0xFB, 0xE2, 0x7E, 0x82, 0xDE, 0x77, 0x28, 0xDF, 0x23, 0x00, 0xC9, 0x06, 0x06, 0x44, 0x70,
    0x1A, 0xCA, 0xF7, 0x40, 0x5C, 0x11, 0x3D, 0xC1, 0x80, 0xA4, 0x14, 0x1D, 0x9D, 0x8B, 0xFC, 0xB4,
    0xDA, 0x6F, 0xB2, 0xB9, 0x89, 0x2C, 0x0D, 0x95, 0x56, 0x9E, 0x28, 0x94, 0x17, 0x6B, 0xB9, 0x3E,
    0xA6, 0x15, 0x29, 0x35, 0xBE, 0x6A, 0x34, 0x6F, 0xC3, 0x98, 0x40, 0x34, 0x03, 0x23, 0x82, 0x19,
    0x0F, 0x2C, 0xAE, 0xE7, 0x48, 0xAE, 0x3D, 0x5C, 0x35, 0x9A, 0x67, 0xEE, 0x6F, 0x79, 0x1D, 0x34,
    0x67, 0x19, 0x03, 0x9C, 0x81, 0xCE, 0xCC, 0xD0, 0x4A, 0x96, 0x9C, 0x93, 0x55, 0x49, 0x8E, 0xDC,
    0xA7, 0xB6, 0x06, 0xB3, 0x1D, 0xB0, 0x87, 0x66, 0xC1, 0xB9, 0x9E, 0x8A, 0x12, 0x3A, 0x20, 0x05,
    0xFE, 0xD7, 0x29, 0xDC, 0x6C, 0xA0, 0x02, 0x37, 0x03, 0xA0, 0x7A, 0xD9, 0xF6, 0xDB, 0xB5, 0x97,
    0x00, 0xB9, 0x4C, 0xD4, 0xCB, 0x46, 0xD9, 0xE6, 0xD1, 0x25, 0x40, 0xFF, 0x66, 0x3B, 0x40, 0xFC,
    0x25, 0xFA, 0x18, 0xC6, 0xCC, 0x07, 0x0F, 0xB1, 0x50, 0xBC, 0x06, 0x78, 0x25, 0xD0, 0x59, 0x6D,
    0xBF, 0x7D, 0x88, 0xC1, 0x98, 0x88, 0xFE, 0xE2, 0x2D, 0xE6, 0x63, 0x62, 0xF7, 0x96, 0x97, 0xFB,
    0x7A, 0x6B, 0xBB, 0x36, 0x7A, 0x3B, 0xC1, 0xCC, 0x2C, 0xE4, 0xD2, 0xBF, 0xD7, 0xDF, 0x46, 0x57,
    0x27, 0x02, 0x86, 0x3E, 0x3D, 0xA2, 0x6A, 0x79, 0x0E, 0x94, 0xF0, 0xC2, 0x2E, 0x33, 0x8F, 0x4C,
    0xD2, 0x24, 0x7E, 0x11, 0x26, 0x0C, 0x50, 0x5D, 0x78, 0x20, 0x09, 0x8D, 0x84, 0xB3, 0x06, 0x98,
    0x0D, 0x0C, 0xB4, 0x21, 0xF9, 0x0B, 0x45, 0x8E, 0x98, 0xFC, 0x29, 0x44, 0xE6, 0x43, 0xBA, 0x43,
    0xF4, 0x8F, 0x11, 0xC0, 0x04, 0x0F, 0xDB, 0xA6, 0x17, 0x79, 0x5B, 0x62, 0x07, 0xDD, 0xCF, 0x27,
    0xC4, 0x37, 0x6D, 0xA2, 0x37, 0x95, 0x75, 0xF0, 0x7C, 0xE9, 0x00, 0xC9, 0x10, 0x55, 0x94, 0x5E,
    0xC2, 0x24, 0x94, 0x5D, 0x30, 0xFF, 0x6A, 0x1F, 0x7C, 0x2B, 0xC7, 0xB0, 0x00, 0x88, 0x2F, 0x65,
    0xAA, 0x76, 0x33, 0xFE, 0x0F, 0xBE, 0x93, 0x40, 0xD2, 0x0D, 0xBE, 0x4E, 0x0D, 0x3C, 0x6E, 0x36,
    0x0A, 0xC5, 0xD0, 0x7A, 0x9B, 0x84, 0xA7, 0xC1, 0x60, 0x2E, 0x58, 0x3B, 0x6A, 0x03, 0xD6, 0x39,
    0xC2, 0x75, 0xD9, 0x3E, 0xD5, 0xB6, 0xD1, 0xB2, 0xB0, 0x52, 0xC2, 0x18, 0x17, 0xE4, 0x7B, 0xB7,
    0xDF, 0x24, 0x31, 0x13, 0x55, 0xF5, 0xB2, 0x79, 0xE2, 0xFD, 0xA0, 0x29, 0xFD, 0x43, 0xBB, 0xF2,
    0x0B, 0x28, 0x58, 0x0F, 0x02, 0xC2, 0x8F, 0x80, 0x80, 0x89, 0xBC, 0xDB, 0x35, 0x66, 0xCC, 0xCD,
    0x2C, 0xE8, 0xB7, 0x2B, 0x3B, 0xD9, 0x3A, 0xF5, 0x11, 0x1C, 0x74, 0x39, 0x9E, 0x53, 0x61, 0xA2,
    0x2B, 0xB7, 0x5B, 0x00, 0xCA, 0xE9, 0x89, 0xBE, 0x3D, 0x32, 0x9E, 0x88, 0x6C, 0x77, 0x0E, 0x2B,
    0xEA, 0xCF, 0xC3, 0xE4, 0x1E, 0x9E, 0x48, 0x5D, 0xB8, 0xA6, 0xF9, 0xDB, 0x2D, 0xB4, 0x91, 0xA8,
    0x42, 0xFA, 0x90, 0x68, 0x27, 0xE1, 0x30, 0x52, 0x9B, 0x2E, 0x99, 0xF4, 0x4B, 0x74, 0x14, 0xEC,
    0x64, 0xEF, 0x60, 0x7C, 0x29, 0x43, 0xBB, 0xD9, 0x12, 0xC3, 0xBB, 0x25, 0xA9, 0x2B, 0x7B, 0xC7,
    0x29, 0x9C, 0xDC, 0xC9, 0xB4, 0x05, 0x31, 0xEA, 0x21, 0x70, 0x04, 0x06, 0x28, 0x34, 0x40, 0x10,
    0x18, 0x52, 0xF4, 0xE4, 0x99, 0xA7, 0x86, 0xA3, 0xC1, 0xF0, 0xF2, 0xE5, 0x8F, 0xF3, 0x5A, 0x09,
    0xDC, 0x6A, 0x71, 0x7A, 0xA5, 0xEA, 0x98, 0x8F, 0xAE, 0x96, 0xE0, 0xC6, 0x64, 0xCE, 0xB9, 0xF6,
    0xE4, 0x47, 0x97, 0x60, 0x90, 0x50, 0xC5, 0x9C, 0xBA, 0xA0, 0x57, 0x91, 0x23, 0xA8, 0x1E, 0x81,
    0x22, 0xE5, 0x86, 0x8C, 0x29, 0x13, 0xC0, 0x69, 0x42, 0xA6, 0x34, 0x25, 0x53, 0x9A, 0x8F, 0xF5,
    0x6E, 0xB4, 0x79, 0x52, 0x33, 0x5A, 0x2B, 0xC9, 0xD9, 0x54, 0xD3, 0x33, 0xFC, 0x2F, 0x09, 0x1A,
    0x5D, 0x03, 0xE9, 0x43, 0x2C, 0x24, 0xCD, 0xD7, 0x34, 0x6D, 0x9B, 0x44, 0x0D, 0x90, 0x42, 0xAA,
    0xD6, 0xC1, 0x81, 0xE6, 0xA1, 0xA2, 0x13, 0x13, 0x99, 0xDB, 0xB4, 0x93, 0x92, 0x0D, 0xF0, 0x65,
    0x8C, 0xE8, 0xF1, 0xF2, 0x2D, 0xE6, 0xA9, 0xC1, 0x0A, 0x48, 0xB7, 0x6C, 0x21, 0x3B, 0xAA, 0xA6,
    0x9E, 0xA9, 0x3D, 0xA1, 0x81, 0x7B, 0x03, 0xC9, 0x3F, 0x52, 0xD3, 0x1C, 0xA2, 0x06, 0xA8, 0x0A,
    0x88, 0x0F, 0x62, 0xF8, 0x7B, 0xE9, 0xB2, 0xFB, 0xC9, 0x75, 0xB9, 0x3C, 0xAA, 0xCB, 0x5C, 0xCF,
    0x35, 0x4C, 0x05, 0xD6, 0x9E, 0x7A, 0x3B, 0x8A, 0x3B, 0xBD, 0x3D, 0x15, 0x5E, 0xFC, 0xB8, 0x6C,
    0xC2, 0xB1, 0xBC, 0x20, 0x6E, 0x8B, 0x2B, 0x4E, 0x83, 0xB3, 0xAB, 0x35, 0x44, 0x03, 0xC0, 0xF0,
    0x09, 0x13, 0x0D, 0xD4, 0x9A, 0xF5, 0xFE, 0x56, 0xD4, 0x99, 0xF1, 0xA6, 0x7B, 0x32, 0xEA, 0xF8,
    0x38, 0x9B, 0xB5, 0xEF, 0x62, 0xB3, 0xF0, 0x9C, 0xB9, 0xEC, 0x01, 0x5F, 0x32, 0x1E, 0x91, 0x36,
    0xFF, 0x17, 0x4A, 0x12, 0xAF, 0xBD, 0x2C, 0x75, 0x24, 0xE5, 0x2B, 0xB2, 0x1F, 0xB8, 0xDD, 0x25,
    0x8E, 0x8F, 0x65, 0xDA, 0x9B, 0x46, 0x22, 0xB3, 0x26, 0xE1, 0x26, 0x4D, 0x21, 0xFB, 0x5E, 0x76,
    0xD5, 0xCB, 0x94, 0xB6, 0xC9, 0x83, 0x42, 0xE7, 0x39, 0x10, 0x68, 0x17, 0xB0, 0x73, 0x4F, 0x52,
    0x3B, 0x4C, 0x36, 0xA9, 0xEF, 0xF6, 0xF8, 0xA7, 0xE1, 0x9E, 0xAA, 0x54, 0xC6, 0x85, 0xD5, 0x42,
    0x03, 0x45, 0xEB, 0x72, 0x73, 0xDD, 0xBE, 0xC6, 0xC4, 0x4B, 0xE2, 0x66, 0x1E, 0x50, 0x19, 0xBE,
    0x02, 0xF1, 0xA3, 0xCF, 0x2B, 0x66, 0xF1, 0x00, 0x7C, 0xE1, 0xED, 0x26, 0x0E, 0x4C, 0x0C, 0xAE,
    0xD6, 0x64, 0x8F, 0xC4, 0x95, 0xCD, 0x58, 0x26, 0x5B, 0x74, 0x41, 0x54, 0xA1, 0x74, 0x52, 0x4B,
    0x34, 0x86, 0xC3, 0x95, 0x69, 0x8F, 0x25, 0x97, 0xFE, 0x63, 0xD9, 0x45, 0xFD, 0x59, 0xC2, 0x75,
    0x65, 0x21, 0x5A, 0x20, 0xE4, 0x22, 0x82, 0x5F, 0xE2, 0xEE, 0x1D, 0x53, 0x22, 0xB5, 0x55, 0x71,
    0x74, 0x56, 0xC9, 0x91, 0xF1, 0x77, 0xD9, 0x21, 0xAE, 0xFD, 0x0C, 0x0F, 0x58, 0xE8, 0x7D, 0xE3,
    0xB0, 0xDD, 0x63, 0xCC, 0xF1, 0x1E, 0x90, 0xF0, 0x2B, 0xCC, 0x95, 0x2C, 0x14, 0xF9, 0x19, 0xAC,
    0x05, 0x0B, 0x6F, 0x17, 0x5C, 0xF3, 0x52, 0x18, 0x1C, 0x1E, 0x7B, 0x7E, 0x7E, 0x27, 0x26, 0x4F,
    0xC2, 0xF4, 0x05, 0x9C, 0xAA, 0x50, 0x55, 0x08, 0x82, 0x55, 0xE5, 0x25, 0x23, 0xAE, 0xE7, 0x48,
    0xA5, 0xD4, 0xF0, 0x54, 0x83, 0x96, 0xEA, 0x52, 0xE5, 0xE2, 0x64, 0x98, 0x8B, 0x50, 0x18, 0x72,
    0xEE, 0x30, 0x33, 0xE3, 0xB2, 0xE4, 0x43, 0xF6, 0x9C, 0x98, 0x25, 0xEF, 0xEF, 0x39, 0x8D, 0xC7,
    0xE3, 0x85, 0x50, 0x31, 0x8A, 0xFA, 0xEE, 0x3D, 0x27, 0xC9, 0xA8, 0xCB, 0x66, 0x4F, 0x98, 0x84,
    0x89, 0x9A, 0x33, 0x77, 0xB5, 0xD0, 0x89, 0x2C, 0x9D, 0xD5, 0xFA, 0x88, 0xE0, 0xCB, 0x78, 0xC3,
    0xC5, 0xFD, 0x82, 0x2F, 0xFD, 0xC5, 0x05, 0xBF, 0x10, 0xA7, 0xB2, 0x55, 0x88, 0x77, 0x3B, 0x77,
    0x4C, 0x41, 0x41, 0xA4, 0x74, 0xA6, 0x93, 0x0A, 0x19, 0x12, 0xFE, 0xF8, 0xEB, 0x9E, 0xA0, 0x58,
    0xC9, 0xAE, 0x71, 0xDD, 0x40, 0xF5, 0x73, 0x1A, 0x06, 0x57, 0xCF, 0x15, 0x2F, 0xC2, 0xD9, 0xE2,
    0x10, 0x86, 0x12, 0x32, 0xA4, 0x92, 0xBB, 0x93, 0xA4, 0xC1, 0x41, 0xD9, 0x95, 0xF7, 0x99, 0xBD,
    0x01, 0xD9, 0x15, 0x20, 0xC0, 0x8A, 0x3B, 0x39, 0xCF, 0xC7, 0x4E, 0xA9, 0xEC, 0x07, 0x8C, 0x11,
    0x72, 0x2C, 0x0F, 0xF3, 0x15, 0x09, 0xD3, 0x15, 0x2C, 0x58, 0x71, 0x41, 0xBD, 0x04, 0xA1, 0xF0,
    0x08, 0x34, 0x68, 0xFF, 0x9E, 0x01, 0xD1, 0x1F, 0xD8, 0xD0, 0x07, 0x34, 0x3D, 0xE6, 0x1B, 0x14,
    0xB7, 0x59, 0x44, 0x7B, 0x28, 0x19, 0xA9, 0x6C, 0xE8, 0x0D, 0x78, 0x5D, 0x8A, 0xB9, 0xF9, 0xE8,
    0xEC, 0x50, 0x37, 0xB2, 0x43, 0xBD, 0x54, 0xAB, 0xFE, 0xEA, 0x64, 0xB5, 0xCC, 0x11, 0xE1, 0xE8,
    0x48, 0x6E, 0x63, 0x7C, 0x1A, 0xB9, 0x8D, 0x25, 0x70, 0xF2, 0xD0, 0x3C, 0xEE, 0xD5, 0xF6, 0x51,
    0xBA, 0x60, 0x6F, 0xD4, 0x81, 0xC9, 0x4D, 0x5D, 0x32, 0x91, 0xA8, 0xF5, 0xC3, 0xF1, 0x87, 0x6C,
    0x51, 0xE8, 0xAC, 0x2C, 0x37, 0x1E, 0x4B, 0x6E, 0xF0, 0xC2, 0x82, 0x8A, 0xDE, 0xDE, 0x4B, 0xB7,
    0x01, 0xE3, 0xE5, 0x7A, 0xEF, 0x85, 0xD5, 0x3E, 0xD6, 0xDC, 0x94, 0xE3, 0x48, 0x3D, 0xCF, 0xAE,
    0x7E, 0x78, 0x9B, 0x30, 0x6A, 0x01, 0x65, 0xDE, 0x14, 0x4A, 0x92, 0x97, 0x42, 0x38, 0x56, 0x84,
    0xCA, 0x03, 0xC0, 0x30, 0x0B, 0x0F, 0x77, 0x93, 0xF9, 0xDC, 0x1A, 0x60, 0xD2, 0x4F, 0xD2, 0x49,
    0x6E, 0xBE, 0xC1, 0x0D, 0x80, 0x19, 0xEB, 0x77, 0x6E, 0xB5, 0xD5, 0x2A, 0xD7, 0x34, 0xFA, 0x59,
    0x07, 0xE3, 0xEB, 0xDC, 0xDA, 0xB7, 0xEB, 0xAE, 0x12, 0xAB, 0xDD, 0x64, 0xB6, 0x93, 0xDA, 0x29,
    0xEC, 0x1F, 0x73, 0xFB, 0xF5, 0x57, 0xEC, 0xEB, 0x3C, 0xF3, 0x4C, 0x99, 0xE1, 0x6F, 0xA5, 0x08,
    0x93, 0xC2, 0x25, 0x39, 0xB0, 0xEE, 0x53, 0xBD, 0xF3, 0x20, 0xB9, 0x87, 0x27, 0xC8, 0x1A, 0xDE,
    0x61, 0x14, 0xFC, 0x97, 0xCC, 0x3D, 0x84, 0x5D, 0xEE, 0xA1, 0xE1, 0x32, 0x7C, 0x9D, 0xD5, 0x58,
    0x96, 0xD4, 0xF2, 0xC4, 0xFD, 0xDC, 0x83, 0x49, 0x68, 0x4B, 0x40, 0xD5, 0x6E, 0x50, 0xCC, 0x58,
    0x60, 0x20, 0x43, 0x5D, 0xCE, 0x66, 0xF1, 0x7D, 0xD2, 0xF7, 0xC5, 0x27, 0x29, 0x54, 0x8A, 0xEF,
    0x55, 0xA8, 0x64, 0x99, 0x47, 0x33, 0x4E, 0x02, 0xC6, 0x8F, 0xAF, 0xC6, 0x27, 0xE2, 0xB0, 0x17,
    0x66, 0xB3, 0x5D, 0xB3, 0x3D, 0xC0, 0xA2, 0x89, 0x95, 0x06, 0x6E, 0x75, 0xEE, 0xEC, 0xE8, 0x26,
    0x59, 0x44, 0x5C, 0x9D, 0x32, 0x55, 0x69, 0x7F, 0xE2, 0xA1, 0xAA, 0x31, 0x22, 0x1E, 0x3E, 0xEB,
    0x00, 0xF7, 0xEA, 0xA8, 0xEA, 0x7D, 0xE9, 0x8F, 0x9B, 0xC2, 0x98, 0xBF, 0x77, 0x67, 0x57, 0xFB,
    0xB3, 0xBE, 0xEA, 0x65, 0xDD, 0xC6, 0xE8, 0x27, 0x28, 0x0C, 0x7B, 0x65, 0x47, 0xB9, 0xBF, 0x6B,
    0xB8, 0xA1, 0xFD, 0xCF, 0xD0, 0xAA, 0x42, 0x76, 0x0A, 0xF4, 0x66, 0x80, 0xE4, 0xDD, 0x65, 0x7B,
    0x40, 0xB6, 0x98, 0x65, 0xF3, 0xD0, 0x8F, 0xA5, 0xB2, 0xBC, 0xDD, 0x49, 0xDA, 0x82, 0x60, 0x71,
    0x87, 0x7F, 0x9D, 0x18, 0x4B, 0xE3, 0xB7, 0xDE, 0xBA, 0x4F, 0xC8, 0x70, 0xB1, 0x56, 0x21, 0x42,
    0xEA, 0x28, 0x0F, 0x93, 0x48, 0x02, 0x54, 0x22, 0xA5, 0x93, 0x4D, 0xE4, 0x22, 0x6D, 0x97, 0x61,
    0xC4, 0x7A, 0x51, 0xC0, 0x16, 0x42, 0x66, 0x4A, 0x92, 0xCF, 0x48, 0xAD, 0xD5, 0xD2, 0xD4, 0x5A,
    0x35, 0x66, 0x15, 0x46, 0xE6, 0x3E, 0x3C, 0x76, 0x1F, 0x7C, 0x7A, 0x89, 0xEF, 0x5A, 0x12, 0xDF,
    0x0B, 0xD5, 0xF7, 0x2D, 0xCA, 0x80, 0x28, 0xE5, 0xD9, 0xD6, 0x80, 0xF5, 0xCA, 0x1D, 0xA4, 0xF1,
    0xEC, 0x14, 0x92, 0xF1, 0x6D, 0xBE, 0xA3, 0xBD, 0xCE, 0xA8, 0x6C, 0xAA, 0x24, 0xC3, 0x28, 0xDB,
    0x34, 0x63, 0xEF, 0x34, 0x40, 0x71, 0x82, 0x50, 0xE3, 0x56, 0xCA, 0x7A, 0x89, 0x8E, 0xB6, 0xCA,
    0x55, 0xDC, 0x6F, 0x44, 0x39, 0x47, 0xF4, 0x53, 0xFC, 0xD7, 0x2F, 0xDE, 0xC5, 0x88, 0xDE, 0xFF,
    0xF9, 0x91, 0x11, 0xBD, 0xFB, 0x1A, 0x46, 0xF4, 0x2E, 0xB7, 0x58, 0xDF, 0x8D, 0xE9, 0xE1, 0xEF,
    0x5B, 0x08, 0x76, 0x4E, 0x47, 0x01, 0x35, 0x7A, 0x5F, 0xFA, 0xFF, 0x80, 0xDE, 0xFF, 0x15, 0x7A,
    0xFF, 0x79, 0xF4, 0xFE, 0x2B, 0xBD, 0xDE, 0x7F, 0x0D, 0xBD, 0xFF, 0x2A, 0x7A, 0xFF, 0x55, 0xF4,
    0xFE, 0xCF, 0xEF, 0x11, 0x28, 0x3D, 0x23, 0xE4, 0x7F, 0xD4, 0x56, 0x5D, 0x2C, 0xD4, 0xFA, 0xCD,
    0x2B, 0x36, 0xD9, 0xFF, 0x02, 0xCA, 0xB5, 0x7E, 0xB8, 0x49, 0xE4, 0x5E, 0x88, 0xE2, 0x2C, 0x04,
    0x33, 0x6B, 0xBA, 0x68, 0xEB, 0x80, 0x5B, 0xDA, 0x96, 0x54, 0xD2, 0xC8, 0xF6, 0x29, 0x57, 0x6B,
    0x5F, 0xE4, 0x48, 0xAD, 0xEA, 0xE2, 0x22, 0x41, 0xC8, 0xB0, 0x95, 0x02, 0x4F, 0xA6, 0xEA, 0x82,
    0x00, 0x25, 0x25, 0x6A, 0xE0, 0xD7, 0x80, 0x07, 0x59, 0x9A, 0x2F, 0xFD, 0x91, 0xC8, 0x2B, 0xF1,
    0x77, 0x0B, 0x91, 0x4F, 0xBA, 0x6D, 0x6A, 0x28, 0x81, 0xA2, 0x4B, 0x38, 0x4F, 0xEF, 0x96, 0x42,
    0xD5, 0x2A, 0xA9, 0x13, 0x0A, 0xB4, 0xB9, 0x33, 0x72, 0x96, 0x78, 0x99, 0xD7, 0x00, 0x68, 0x38,
    0x31, 0x19, 0xE4, 0x67, 0x59, 0xD4, 0xBB, 0x1B, 0x49, 0xAB, 0xEB, 0x2F, 0x15, 0xE2, 0x73, 0x73,
    0xC2, 0x84, 0xC7, 0x5A, 0x15, 0x76, 0x69, 0x21, 0x1C, 0x53, 0x98, 0x26, 0x31, 0xDD, 0xD7, 0xD5,
    0x26, 0xEF, 0x91, 0x2E, 0x4A, 0x5D, 0x97, 0x3E, 0xCB, 0xC0, 0x14, 0x72, 0x2E, 0xBB, 0xB7, 0x45,
    0xBB, 0x89, 0x2E, 0xB1, 0xB3, 0x91, 0x5B, 0x02, 0xD4, 0xFB, 0x22, 0xE5, 0x2C, 0x03, 0x9B, 0x6D,
    0x44, 0x46, 0x8A, 0xB9, 0xC8, 0x4D, 0x20, 0xA7, 0x53, 0x8E, 0xAF, 0x12, 0xF3, 0x43, 0x1A, 0xC2,
    0x86, 0xCE, 0x1F, 0xE0, 0xC5, 0xCC, 0xA5, 0x29, 0xF6, 0x50, 0xF2, 0x92, 0x92, 0x9C, 0xC0, 0xCF,
    0x84, 0x54, 0x4D, 0x0A, 0x6A, 0x87, 0x54, 0xB2, 0x11, 0x45, 0x98, 0xB4, 0x47, 0x30, 0xD4, 0x59,
    0xD4, 0xB9, 0xE5, 0x2C, 0x8D, 0x59, 0x52, 0x1C, 0xDE, 0x63, 0xA3, 0x22, 0x5D, 0x11, 0xC5, 0x07,
    0xDB, 0xDB, 0x39, 0x84, 0x0E, 0xF6, 0xF3, 0xD9, 0x13, 0x41, 0x39, 0x0C, 0x6B, 0x1B, 0x7E, 0x8F,
    0x23, 0x43, 0x68, 0x21, 0x13, 0xBA, 0x44, 0x2C, 0x27, 0xC5, 0xEE, 0xC6, 0x70, 0x6B, 0x7D, 0x17,
    0x9A, 0x28, 0x91, 0xA6, 0xBE, 0x8B, 0xBF, 0x96, 0x3A, 0x6D, 0x7D, 0xB8, 0x43, 0xAA, 0x2E, 0x5C,
    0x39, 0xD4, 0x21, 0x50, 0x2C, 0x7B, 0xDF, 0x52, 0x07, 0xAF, 0x09, 0x89, 0x18, 0x80, 0x94, 0x88,
    0x6B, 0xC8, 0x6C, 0xAB, 0xA8, 0xFC, 0xFE, 0x3D, 0x34, 0x68, 0xDA, 0xDE, 0x23, 0x43, 0x5E, 0xDA,
    0x3B, 0xC6, 0xFF, 0x77, 0x63, 0x6E, 0xBC, 0x23, 0x60, 0xC2, 0x0B, 0x0E, 0xC6, 0x31, 0x83, 0x52,
    0xA5, 0x63, 0x3E, 0x9D, 0x03, 0x80, 0x76, 0xDA, 0x52, 0xD5, 0xC6, 0x0E, 0x84, 0x12, 0x58, 0x09,
    0x7F, 0x63, 0xC1, 0x94, 0x04, 0xA3, 0x5A, 0xF2, 0xF1, 0x13, 0xA1, 0x3D, 0x13, 0xE3, 0xB6, 0x24,
    0xFA, 0xB7, 0xA4, 0x92, 0x4B, 0xD2, 0x44, 0x6A, 0xFE, 0x46, 0x2A, 0xC7, 0x97, 0x1E, 0x53, 0x34,
    0x1B, 0xF6, 0x3A, 0x57, 0x6B, 0x9B, 0x2C, 0x09, 0x9D, 0x2F, 0xE0, 0xBF, 0x9C, 0x83, 0x39, 0x49,
    0x40, 0xEE, 0x67, 0xAC, 0x1D, 0x71, 0xB3, 0x7D, 0x2A, 0x6A, 0x9E, 0x4A, 0x95, 0xC7, 0x42, 0xAA,
    0x5E, 0x98, 0xF2, 0x76, 0x72, 0x4A, 0xEE, 0x8A, 0xE0, 0x69, 0x78, 0x25, 0x2D, 0x26, 0x82, 0x3A,
    0xC2, 0x8E, 0x12, 0xB1, 0xAC, 0xC2, 0xF9, 0xA0, 0xC8, 0x9C, 0xE6, 0xED, 0xE6, 0x87, 0x05, 0xCC,
    0xF1, 0x67, 0x74, 0x06, 0x9B, 0x6D, 0x3A, 0x50, 0xCD, 0x79, 0xBE, 0xA7, 0x7E, 0x4C, 0x1E, 0xCD,
    0xE3, 0x28, 0x01, 0x01, 0x72, 0xFB, 0x2A, 0x5A, 0x87, 0xDB, 0x4B, 0xAD, 0xC2, 0x4D, 0x52, 0x3B,
    0x87, 0x70, 0x32, 0x11, 0x5E, 0x3C, 0xB1, 0x73, 0x5A, 0x66, 0x31, 0xC4, 0x8B, 0xF7, 0xF6, 0x94,
    0xFF, 0xCB, 0xE9, 0xFB, 0x89, 0xD5, 0xDC, 0x01, 0xC9, 0xB2, 0xCE, 0xBE, 0xE0, 0x4F, 0x53, 0xB5,
    0xAE, 0x40, 0x4F, 0x26, 0xF8, 0xA4, 0xFB, 0x6D, 0x43, 0xA3, 0xC2, 0xE6, 0x3A, 0x9B, 0x7A, 0x42,
    0x61, 0xAA, 0x1F, 0x5E, 0x40, 0x76, 0x82, 0x2D, 0x40, 0x2E, 0x4C, 0xD3, 0xF3, 0xD3, 0xA4, 0x7E,
    0x97, 0xA4, 0xDE, 0xD7, 0xDE, 0xE9, 0x32, 0x05, 0xEC, 0xC5, 0x96, 0x76, 0xBF, 0x5E, 0x26, 0x47,
    0xCC, 0x04, 0x52, 0xB8, 0xE7, 0x55, 0x8F, 0xDA, 0x02, 0xD7, 0xA9, 0xD4, 0x1B, 0x71, 0x44, 0x41,
    0xF6, 0xF1, 0xCA, 0x3F, 0x3B, 0x62, 0x8E, 0x30, 0xFD, 0x49, 0x26, 0x19, 0x42, 0xB3, 0x2B, 0x86,
    0x10, 0x14, 0xD6, 0xE5, 0xD2, 0x43, 0xC3, 0x5A, 0x36, 0xA0, 0xC3, 0xC4, 0x91, 0x3D, 0x3C, 0x12,
    0xE6, 0xFF, 0xBF, 0xB9, 0x0E, 0xF4, 0xD9, 0xEB, 0xB9, 0x69, 0xA0, 0x3F, 0xBA, 0x5A, 0x6F, 0xE5,
    0x9D, 0x64, 0x04, 0x17, 0xE6, 0xB7, 0x13, 0x7D, 0x4A, 0xE4, 0xDC, 0xD5, 0xF1, 0xA7, 0x3E, 0x82,
    0x59, 0x33, 0x93, 0x03, 0x6F, 0xEB, 0xFB, 0x57, 0x8E, 0x8C, 0xE0, 0x61, 0x56, 0x48, 0x2E, 0xA4,
    0x42, 0x72, 0xD1, 0xDB, 0x1D, 0xAD, 0x7B, 0xD5, 0x6E, 0xE5, 0xE9, 0xED, 0x93, 0xDE, 0xA1, 0x76,
    0x0A, 0x0B, 0x97, 0xBC, 0x27, 0x13, 0x95, 0x92, 0xA9, 0x54, 0xCF, 0x89, 0x69, 0xC5, 0xD7, 0xE4,
    0x70, 0x52, 0xBD, 0xFE, 0xAD, 0x83, 0xB1, 0x70, 0x2C, 0x25, 0x04, 0x51, 0x92, 0x29, 0x22, 0xA5,
    0x10, 0x59, 0x64, 0x61, 0xC0, 0x5E, 0x0A, 0x33, 0x0D, 0xE0, 0xFB, 0x6D, 0x3A, 0x7F, 0xC5, 0x45,
    0x62, 0x1D, 0x37, 0xB7, 0x32, 0x5E, 0xE5, 0xA3, 0xCC, 0xD9, 0x5B, 0x09, 0x07, 0xC1, 0x71, 0x28,
    0xAB, 0xD5, 0xA0, 0xB5, 0xA9, 0x19, 0x59, 0xC0, 0xDE, 0x2C, 0x1A, 0x9C, 0x93, 0x8F, 0xB7, 0xC7,
    0x18, 0x36, 0x23, 0x23, 0xC0, 0x81, 0xCB, 0xAC, 0xBC, 0xCB, 0x08, 0xC3, 0x23, 0x95, 0xF3, 0x13,
    0x7D, 0xFC, 0x51, 0x44, 0x45, 0xFB, 0x2A, 0x59, 0x1D, 0x60, 0x44, 0x28, 0xF9, 0x8E, 0xC2, 0x36,
    0xAE, 0x6A, 0x45, 0xEA, 0xF5, 0xDE, 0xC7, 0x19, 0x94, 0x85, 0x8A, 0x67, 0xA5, 0x72, 0x88, 0xE8,
    0x81, 0xE4, 0x2A, 0x11, 0x2D, 0x09, 0xBD, 0x07, 0xDD, 0x72, 0xAE, 0x4C, 0x9A, 0xBB, 0xEC, 0xA5,
    0x66, 0x0A, 0x84, 0x86, 0x32, 0x2C, 0x6F, 0x35, 0xAC, 0xAE, 0x66, 0x56, 0xCE, 0xDE, 0xEA, 0x0A,
    0x32, 0x08, 0xFC, 0x25, 0xB2, 0x60, 0xBE, 0x5A, 0xBC, 0x96, 0xCD, 0x55, 0xF8, 0xC1, 0xEF, 0x24,
    0xA3, 0x02, 0xE5, 0xBC, 0x9E, 0x33, 0xA9, 0xC8, 0xFC, 0xA2, 0xAB, 0x44, 0x50, 0x97, 0x7B, 0x03,
    0x34, 0xC5, 0x87, 0xBA, 0xF7, 0x47, 0x37, 0xDC, 0x37, 0x1C, 0x84, 0x6B, 0x8E, 0x5D, 0x8C, 0x5C,
    0xA7, 0x88, 0xBE, 0x71, 0x31, 0x0F, 0xE4, 0x7C, 0xDA, 0xF7, 0x33, 0xF5, 0x05, 0x2C, 0xDD, 0x17,
    0x30, 0x82, 0xCF, 0x63, 0xF5, 0x1E, 0x33, 0xA3, 0xF8, 0x38, 0xE5, 0x8C, 0xEB, 0xB1, 0x72, 0xDE,
    0x6F, 0xE4, 0xB8, 0x70, 0x13, 0xBB, 0x07, 0x20, 0xEC, 0x1E, 0x75, 0xCF, 0x5B, 0x55, 0x32, 0x66,
    0xC7, 0x57, 0xB1, 0x2D, 0x11, 0xA6, 0xC2, 0xAD, 0x56, 0xD1, 0xDE, 0xE9, 0x65, 0xC0, 0xFB, 0x19,
    0x83, 0xE4, 0x95, 0xD8, 0xFF, 0x41, 0x53, 0xF8, 0xCB, 0x6F, 0x70, 0xDF, 0xA5, 0x6A, 0x47, 0x14,
    0x7E, 0x44, 0xF2, 0xBF, 0x2D, 0x65, 0xD9, 0xC3, 0xF5, 0x27, 0xAA, 0x4A, 0xCA, 0xE4, 0xAC, 0x1D,
    0xA1, 0xEC, 0xC1, 0x2F, 0x79, 0x70, 0x25, 0x92, 0xBE, 0xA0, 0x77, 0xE9, 0xE3, 0x04, 0xB9, 0x61,
    0x40, 0x77, 0x3B, 0xDA, 0xA0, 0xBF, 0x1D, 0x8D, 0xD8, 0xE4, 0x28, 0xFC, 0x26, 0xE4, 0x36, 0x6B,
    0x42, 0x9A, 0x43, 0x4B, 0x97, 0x2D, 0xE8, 0xC2, 0x74, 0x2D, 0xFD, 0xBE, 0x4C, 0xCC, 0x59, 0x1B,
    0x7D, 0xBA, 0xDA, 0x2B, 0x48, 0xC7, 0xA6, 0x09, 0x63, 0xE6, 0x43, 0x61, 0x99, 0xC5, 0xDD, 0xD0,
    0xD8, 0xC9, 0xF3, 0xD7, 0x94, 0x3E, 0xC7, 0xE1, 0x54, 0x5E, 0xF6, 0x34, 0x23, 0xE8, 0x01, 0x37,
    0x6B, 0x5E, 0x25, 0xC1, 0x1F, 0x4C, 0xB8, 0x7A, 0x44, 0x98, 0x35, 0x61, 0xAC, 0x75, 0x97, 0xAB,
    0xDD, 0xD3, 0x8C, 0xDB, 0xE1, 0x31, 0x1D, 0x06, 0x4E, 0xE0, 0x1D, 0x98, 0xD3, 0xA2, 0xF5, 0x38,
    0xC3, 0x2E, 0x51, 0x30, 0xF8, 0x64, 0xE7, 0xD1, 0xF1, 0xF5, 0xB4, 0xD2, 0x9B, 0x88, 0x43, 0x5B,
    0xC7, 0x82, 0x81, 0xCE, 0x5F, 0xDF, 0x7D, 0xC6, 0xCA, 0x44, 0x8A, 0x9F, 0xAD, 0x33, 0x73, 0xFA,
    0xFC, 0xAE, 0x3E, 0xC0, 0x6B, 0x4E, 0xF0, 0x1E, 0x3D, 0xC2, 0x7B, 0x66, 0x45, 0x8C, 0x58, 0xF7,
    0xBF, 0x6F, 0x4F, 0x15, 0xAC, 0xB2, 0x02, 0x7E, 0x97, 0xE7, 0xE0, 0xA9, 0x0A, 0x16, 0xD8, 0x32,
    0xC1, 0xDD, 0xE6, 0x39, 0x32, 0x25, 0xC7, 0x4B, 0x59, 0x06, 0xCD, 0x51, 0x86, 0x71, 0x0B, 0x19,
    0x52, 0x01, 0x6D, 0x4E, 0x9F, 0xDF, 0xE3, 0xC4, 0x4E, 0xD2, 0x92, 0x92, 0x9B, 0xF8, 0xE5, 0x87,
    0x0C, 0x6E, 0x1B, 0xB3, 0x0D, 0x8A, 0x50, 0x65, 0x93, 0x3B, 0x67, 0x58, 0xAF, 0x5C, 0xEF, 0x8C,
    0x87, 0x92, 0x0C, 0x60, 0xA5, 0x07, 0xEB, 0x3C, 0x42, 0x50, 0x0E, 0x96, 0x48, 0x8D, 0x74, 0x62,
    0x8F, 0x55, 0xAE, 0xED, 0x5E, 0x6D, 0x2E, 0x65, 0x78, 0xD2, 0x38, 0x9E, 0xF6, 0x67, 0x64, 0xEB,
    0x18, 0xDB, 0x2B, 0xAB, 0xCF, 0x0E, 0x78, 0x18, 0x67, 0xD1, 0x9A, 0x6C, 0xAE, 0xF9, 0x6A, 0x87,
    0x27, 0xC3, 0x5E, 0x21, 0xD7, 0x8D, 0xD3, 0xAB, 0x8D, 0x9C, 0xF2, 0x44, 0xD6, 0x3C, 0x6B, 0xAB,
    0x8B, 0x7C, 0xCD, 0x46, 0x3E, 0xFD, 0x28, 0x5C, 0x8E, 0x20, 0xF8, 0xFD, 0xC3, 0x58, 0xAB, 0xE0,
    0x53, 0x6F, 0xA1, 0x84, 0x72, 0x06, 0x7B, 0x47, 0x9D, 0x30, 0x14, 0x77, 0xCD, 0xFA, 0xB6, 0x00,
    0x4B, 0x4E, 0xB6, 0xD4, 0x01, 0xCB, 0x19, 0x65, 0x19, 0x0E, 0x35, 0xC7, 0xEC, 0x47, 0x31, 0x9A,
    0xF9, 0x24, 0xA7, 0x90, 0x60, 0x30, 0xBB, 0x50, 0xE2, 0x1E, 0xFE, 0x54, 0x49, 0xD4, 0x23, 0x77,
    0x20, 0xB3, 0x89, 0xE5, 0x40, 0x66, 0x73, 0x24, 0x7D, 0x3E, 0x39, 0x72, 0x44, 0xA6, 0x38, 0xC5,
    0x4A, 0xE3, 0x8A, 0x95, 0xC6, 0x92, 0xE3, 0xED, 0x08, 0xB3, 0xAB, 0x9D, 0x99, 0xBD, 0xE3, 0xE4,
    0x2C, 0x1F, 0x22, 0x36, 0x7B, 0xD9, 0xAA, 0x24, 0x28, 0xE8, 0x4A, 0x82, 0x06, 0xBD, 0x92, 0x20,
    0x71, 0x89, 0x03, 0xEA, 0x9E, 0x38, 0xC3, 0x63, 0x9E, 0xF0, 0x4C, 0x3F, 0xFD, 0xE0, 0xCB, 0x6A,
    0x57, 0x6D, 0x00, 0x2F, 0xE5, 0xDC, 0x73, 0xAF, 0x1F, 0xA7, 0x72, 0x90, 0xE2, 0x39, 0xBA, 0xFC,
    0xA1, 0xD3, 0x8A, 0x27, 0xAD, 0xF8, 0xA1, 0x8D, 0xF3, 0x02, 0x68, 0x45, 0x08, 0x25, 0xE2, 0x58,
    0x9F, 0xB2, 0x76, 0x4E, 0x77, 0x9C, 0xCA, 0x9E, 0xE9, 0x0F, 0xB7, 0x21, 0x24, 0x49, 0x2E, 0x62,
    0x29, 0x9F, 0x84, 0xA0, 0x86, 0xE6, 0x0C, 0x57, 0xAD, 0xC9, 0x9A, 0x5D, 0xEA, 0xBB, 0xF3, 0x53,
    0xAD, 0x9C, 0xFE, 0x6B, 0xFA, 0x1E, 0xEA, 0x72, 0x64, 0x35, 0x71, 0xF4, 0xBD, 0x72, 0x74, 0xD2,
    0xBB, 0x70, 0xA4, 0x39, 0x37, 0xD3, 0x69, 0x66, 0xFF, 0x8D, 0x97, 0x72, 0xF3, 0x11, 0x03, 0xB9,
    0xF9, 0x24, 0x9D, 0xFE, 0x27, 0xE7, 0x38, 0x85, 0xBE, 0xEB, 0xD8, 0x53, 0x99, 0xA0, 0x53, 0xBC,
    0x5B, 0x40, 0x5E, 0x91, 0x9A, 0x3B, 0xC7, 0x7C, 0x61, 0x97, 0x6F, 0xFF, 0x11, 0x9C, 0x31, 0x46,
    0xFE, 0x9B, 0x82, 0x67, 0x54, 0x10, 0x0F, 0x3B, 0xB9, 0x25, 0x67, 0x89, 0x0A, 0x81, 0x1A, 0xDA,
    0x3C, 0x3F, 0x61, 0x81, 0x13, 0x41, 0xA8, 0x75, 0x97, 0x2F, 0x72, 0xA2, 0x03, 0xFD, 0xB9, 0x09,
    0x3A, 0x25, 0x4D, 0xCE, 0xA8, 0x6F, 0x58, 0x48, 0x2F, 0xDE, 0x52, 0x1B, 0xFB, 0x0C, 0x2D, 0xFE,
    0xA5, 0x0A, 0x6F, 0x1F, 0x52, 0xA7, 0x5C, 0x8E, 0x63, 0x53, 0x1F, 0x0E, 0xB5, 0x93, 0xF3, 0x4A,
    0x00, 0x08, 0xA8, 0x51, 0x9B, 0x42, 0xD5, 0x87, 0xF5, 0xD1, 0x5E, 0x3C, 0xF2, 0x3F, 0x34, 0x6A,
    0xDF, 0x37, 0xBF, 0xD3, 0xA8, 0xF8, 0x5C, 0x9D, 0xD6, 0x9E, 0xBE, 0x37, 0xE7, 0x29, 0x55, 0x4F,
    0xD7, 0x14, 0xC8, 0x01, 0x2A, 0xEE, 0x4C, 0xD7, 0xF6, 0xD1, 0xC4, 0xE2, 0x78, 0x3C, 0x7E, 0x51,
    0x57, 0xCE, 0x40, 0x6D, 0xFE, 0xED, 0x78, 0xE5, 0x0C, 0xB7, 0xD0, 0xB2, 0xD5, 0x69, 0xED, 0xC0,
    0x9C, 0xD6, 0x96, 0x6C, 0x63, 0x7B, 0x38, 0xEC, 0xC2, 0x35, 0x29, 0xD7, 0xF5, 0x6E, 0x05, 0x39,
    0x4F, 0xE2, 0x7D, 0x4E, 0xA3, 0x1F, 0x27, 0xB9, 0x5E, 0x1F, 0x8F, 0x6B, 0x36, 0x7D, 0x30, 0x1E,
    0x57, 0x5C, 0xCC, 0x4A, 0x8A, 0xCC, 0xB8, 0xB3, 0x1A, 0xC6, 0xC1, 0xFB, 0x8C, 0x1E, 0x0B, 0x73,
    0x76, 0x77, 0xAF, 0xAB, 0x44, 0x66, 0x99, 0x97, 0xDA, 0x3C, 0x77, 0xA4, 0xEA, 0xEC, 0xEC, 0x07,
    0xF5, 0x0C, 0xE2, 0x52, 0xE2, 0x06, 0xAF, 0x7E, 0xE5, 0xEC, 0xA9, 0x0C, 0x16, 0x40, 0xA0, 0xC3,
    0x91, 0x91, 0xFE, 0xC8, 0x19, 0x8D, 0x50, 0xEA, 0x2E, 0x90, 0xFA, 0xAC, 0x86, 0x25, 0xE7, 0xE3,
    0x6B, 0x5D, 0xDD, 0x99, 0x96, 0xE7, 0xF5, 0x29, 0x88, 0xB3, 0x0E, 0x4B, 0x3E, 0xFA, 0x43, 0xF4,
    0x1E, 0xC2, 0x47, 0x8E, 0x74, 0x9E, 0xC0, 0x39, 0xEA, 0x09, 0x4E, 0xE3, 0x10, 0x18, 0x40, 0x6C,
    0x97, 0xDE, 0xA8, 0xC4, 0xBF, 0xAE, 0xE7, 0x6D, 0xE7, 0xDA, 0xCF, 0x05, 0xD3, 0x40, 0x15, 0xB5,
    0x44, 0xCE, 0xE1, 0xC7, 0x8C, 0x39, 0xFA, 0xC4, 0xBA, 0xE4, 0x4D, 0xFD, 0xAE, 0xC6, 0xC3, 0xCD,
    0xBF, 0x4C, 0x31, 0xEC, 0x82, 0x2E, 0x9E, 0x84, 0x8D, 0xBD, 0x02, 0x7C, 0x5C, 0xEF, 0x84, 0x86,
    0x52, 0x99, 0xBB, 0x29, 0xE1, 0xC7, 0xD8, 0x66, 0x4A, 0x01, 0x9A, 0xAF, 0x21, 0x92, 0x13, 0x35,
    0xD4, 0x3E, 0x8C, 0x9A, 0x18, 0xEC, 0xF0, 0xD5, 0x26, 0x3F, 0x6E, 0xB7, 0x9B, 0xC8, 0xED, 0xA6,
    0x72, 0x35, 0xC0, 0x10, 0x87, 0xC2, 0x99, 0x31, 0xF3, 0xCB, 0x46, 0xC7, 0x5C, 0xBD, 0x2F, 0x39,
    0x5B, 0x2C, 0x1B, 0x9C, 0xF7, 0xF8, 0x7A, 0x24, 0x3E, 0xBD, 0x45, 0x52, 0x0A, 0xA5, 0xBA, 0x30,
    0xDB, 0x3D, 0x56, 0x25, 0x7B, 0xB2, 0x1A, 0x5C, 0x75, 0xC9, 0xD6, 0x35, 0x77, 0x92, 0x04, 0x11,
    0x79, 0x17, 0x34, 0x3C, 0x0A, 0xE3, 0xA7, 0x59, 0xB3, 0xB6, 0x8E, 0x57, 0x4F, 0x9D, 0x4F, 0x3E,
    0x7E, 0x44, 0x0C, 0x12, 0x36, 0x68, 0xE3, 0x55, 0x9B, 0x8F, 0xDD, 0xDB, 0x1D, 0x9C, 0xD9, 0x27,
    0x92, 0x68, 0xBB, 0xD5, 0x07, 0x29, 0x9E, 0xB2, 0x77, 0xEE, 0x72, 0xD9, 0x27, 0x38, 0xB7, 0xF7,
    0x99, 0xAD, 0x78, 0xFD, 0xD0, 0x35, 0x3A, 0xFB, 0xF1, 0x70, 0x79, 0x36, 0xCC, 0xF2, 0x3C, 0x73,
    0x8F, 0x73, 0x2E, 0x27, 0x1A, 0xE7, 0x8D, 0xF6, 0x68, 0x94, 0xE2, 0xD1, 0xA8, 0x63, 0xD4, 0xE4,
    0x21, 0x1C, 0xC6, 0x27, 0x1D, 0x19, 0x70, 0xDB, 0x05, 0xD7, 0xE5, 0xB5, 0xD5, 0x60, 0x4F, 0xE1,
    0xD8, 0x94, 0xFE, 0xF2, 0xF9, 0xDB, 0xF9, 0xD9, 0xEE, 0xDD, 0x3C, 0xE4, 0x61, 0x7C, 0xB4, 0x8B,
    0xB0, 0x6D, 0x06, 0x0E, 0xB3, 0x37, 0x8F, 0x77, 0xE8, 0xEC, 0x4E, 0x71, 0x7A, 0xF1, 0x0D, 0x43,
    0x65, 0xFC, 0xB8, 0xE4, 0x54, 0x6D, 0x3E, 0xE4, 0x79, 0xB1, 0xC9, 0x39, 0x78, 0x06, 0x4F, 0x00,
    0x5C, 0xAD, 0xC5, 0xDF, 0x79, 0x28, 0xF3, 0xA2, 0x3E, 0x47, 0xAD, 0xD9, 0x92, 0x80, 0x97, 0x86,
    0xFA, 0x63, 0xB4, 0xFC, 0x45, 0x27, 0x7E, 0x88, 0xFA, 0xF2, 0x38, 0x43, 0x81, 0x50, 0x3E, 0x37,
    0x82, 0xF1, 0xFB, 0x2F, 0xC8, 0x44, 0x5E, 0xC8, 0xCE, 0x5E, 0x5F, 0xAA, 0x0F, 0xD7, 0x97, 0x33,
    0xFE, 0xF0, 0x1B, 0x02, 0x22, 0x03, 0x0C, 0x62, 0x46, 0x2F, 0x94, 0x39, 0xE9, 0xB9, 0xDA, 0x4F,
    0xFB, 0xF3, 0x1D, 0x25, 0x0D, 0x5C, 0xB5, 0xC2, 0x3A, 0x56, 0xDD, 0x58, 0x9C, 0xF4, 0x0C, 0xE0,
    0x34, 0xD3, 0x19, 0xEF, 0x55, 0x25, 0x76, 0x7B, 0xB4, 0x96, 0x9F, 0x88, 0xD1, 0xFA, 0x37, 0xE3,
    0xE1, 0xEE, 0x82, 0xFD, 0x96, 0x81, 0x3D, 0xA2, 0x1F, 0x48, 0x63, 0xED, 0x3C, 0x65, 0x42, 0x1E,
    0x6E, 0x72, 0x68, 0xB0, 0xE8, 0x9F, 0x3E, 0x3B, 0xFD, 0x83, 0xBF, 0xF7, 0x2C, 0x43, 0xDF, 0x3E,
    0xE5, 0x32, 0xF4, 0xC3, 0x56, 0xE8, 0xED, 0xC0, 0x49, 0xAB, 0xEA, 0xAC, 0xB0, 0x52, 0x37, 0x57,
    0xFC, 0xF8, 0x41, 0x8B, 0xD4, 0xFF, 0xDB, 0xA4, 0xE8, 0xCD, 0xD9, 0x73, 0xBE, 0xE7, 0x62, 0xA1,
    0x55, 0xF1, 0xD4, 0x2B, 0x53, 0x8A, 0x55, 0x65, 0x8A, 0xD8, 0x6C, 0x5B, 0x99, 0x32, 0xEA, 0x57,
    0xA6, 0x48, 0xC0, 0x86, 0xB5, 0xD9, 0x6F, 0x77, 0x67, 0x83, 0x5E, 0xE9, 0xB6, 0x4C, 0xA7, 0x4E,
    0xDA, 0x39, 0xDD, 0xD8, 0x1F, 0xB8, 0x4A, 0x45, 0xF6, 0xAF, 0xE4, 0xA8, 0x89, 0xC3, 0x6D, 0x2C,
    0xAB, 0xD4, 0x7B, 0x44, 0x26, 0x64, 0xB3, 0x3A, 0xF8, 0x15, 0x0B, 0xBD, 0x7C, 0xB2, 0x09, 0xD1,
    0x25, 0x8B, 0x6B, 0xB3, 0xE6, 0xF6, 0xEE, 0x89, 0x3E, 0xCC, 0xEC, 0x63, 0x0C, 0xD6, 0x6D, 0xE4,
    0xFC, 0x00, 0x09, 0xC4, 0xFD, 0x3F, 0xBA, 0xE0, 0xFF, 0x01, 0xCD, 0x9A, 0xBF, 0x6F, 0xDB, 0x46,
    0x14, 0xC7, 0xDF, 0x91, 0xB6, 0x88, 0x94, 0x88, 0xE9, 0x00, 0x0E, 0x10, 0xC3, 0x4D, 0xB8, 0x66,
    0x48, 0xAC, 0x25, 0x43, 0x06, 0x5B, 0x22, 0x50, 0xA0, 0x1E, 0xBA, 0x18, 0x85, 0x3B, 0x75, 0x68,
    0xC7, 0x4C, 0x75, 0x86, 0x0E, 0x19, 0x24, 0x9B, 0x6D, 0x87, 0xAE, 0xEE, 0x7F, 0x90, 0x21, 0x43,
    0xEB, 0xA1, 0xF5, 0x90, 0xC1, 0x05, 0x94, 0x88, 0x7F, 0x02, 0x3B, 0x77, 0xE1, 0xE0, 0xA9, 0x19,
    0xC2, 0x81, 0x40, 0xD9, 0xC0, 0x16, 0xFB, 0xBE, 0xEF, 0x48, 0xEA, 0x97, 0x9D, 0xA6, 0xB0, 0x28,
    0x51, 0x14, 0xBF, 0x68, 0x6A, 0xF2, 0xEE, 0xDE, 0xE7, 0xEE, 0xDE, 0x7B, 0x77, 0x27, 0x22, 0xE3,
    0x39, 0x11, 0xD9, 0x09, 0x8B, 0x93, 0xB2, 0x34, 0xCF, 0x59, 0xB6, 0x7B, 0x2C, 0xBD, 0x2E, 0x4B,
    0xD2, 0x22, 0x32, 0x62, 0x16, 0x33, 0x6C, 0xF2, 0x63, 0x81, 0xCB, 0x8F, 0x79, 0xAE, 0x47, 0x4D,
    0x72, 0x7C, 0xDA, 0x26, 0x27, 0xA0, 0x57, 0x5F, 0x7C, 0x15, 0x50, 0x96, 0x65, 0xA1, 0xC1, 0x12,
    0x99, 0x21, 0x99, 0x91, 0x1D, 0x90, 0x19, 0x3B, 0x1E, 0xBF, 0xC8, 0xEF, 0xA8, 0x64, 0x9B, 0xCB,
    0x49, 0x51, 0x22, 0x8A, 0xC6, 0x67, 0x17, 0x82, 0x1A, 0x29, 0x2E, 0xA4, 0xF1, 0x0B, 0x51, 0x3F,
    0x0B, 0xCD, 0xD4, 0x8A, 0xED, 0x90, 0x12, 0xE5, 0xC9, 0xDF, 0xF9, 0x5E, 0x8E, 0x69, 0x3F, 0x8B,
    0xCD, 0xC1, 0xE7, 0xB1, 0xEB, 0xA3, 0x21, 0x46, 0xD4, 0xE1, 0x1A, 0x3A, 0x64, 0x87, 0x5D, 0x6A,
    0x87, 0xED, 0x37, 0x7F, 0x07, 0x4E, 0xF6, 0x43, 0x20, 0x45, 0x2E, 0xF3, 0xBD, 0x99, 0xDF, 0x0F,
    0xCB, 0x8A, 0x4C, 0xD4, 0xAA, 0x3E, 0xC6, 0x3F, 0x1F, 0x40, 0x4E, 0x20, 0x5E, 0xDE, 0x92, 0x39,
    0x5B, 0xBF, 0xC7, 0xC5, 0x0D, 0xF8, 0x3F, 0x3F, 0xE2, 0xFB, 0x26, 0xDF, 0x8F, 0xF9, 0x5E, 0xD5,
    0x0D, 0x99, 0x05, 0x00, 0xAE, 0xEE, 0x08, 0x46, 0x44, 0x44, 0xD6, 0x80, 0x4D, 0x74, 0x8E, 0x0A,
    0x33, 0xE9, 0x05, 0x48, 0x5C, 0xB0, 0xB8, 0xDC, 0x32, 0xBA, 0x6F, 0xF8, 0x34, 0xF2, 0x99, 0xF3,
    0x10, 0x78, 0x4A, 0xB4, 0x11, 0x93, 0x91, 0xF9, 0x64, 0xA3, 0x81, 0x4F, 0xB8, 0xF8, 0x8C, 0xCB,
    0xFC, 0x31, 0xA0, 0x75, 0x35, 0x6C, 0xF1, 0x4C, 0x80, 0xDC, 0x80, 0xB8, 0x11, 0x8A, 0x03, 0x10,
    0xDA, 0x08, 0xEA, 0x07, 0xA4, 0x81, 0x6A, 0xB8, 0x2E, 0xC5, 0x40, 0xA8, 0x11, 0x55, 0x0B, 0x84,
    0x68, 0x4D, 0x34, 0x13, 0xDD, 0x11, 0xB5, 0x85, 0xC7, 0x03, 0x01, 0xB2, 0x5A, 0x10, 0x99, 0x44,
    0x52, 0x50, 0xD1, 0x58, 0x34, 0x17, 0x0D, 0x46, 0x93, 0xD1, 0x68, 0x84, 0x8D, 0x86, 0xA3, 0xE9,
    0x68, 0x3C, 0x9A, 0x8F, 0x06, 0xA4, 0x09, 0x69, 0x44, 0xC2, 0x88, 0x04, 0x12, 0x09, 0x25, 0x12,
    0x4C, 0x24, 0x9C, 0x48, 0x40, 0x91, 0x90, 0xA2, 0xD2, 0x7D, 0x60, 0x92, 0x53, 0x1F, 0x4D, 0x93,
    0xF6, 0x99, 0x5C, 0xEC, 0x93, 0x15, 0x00, 0x5B, 0xD2, 0xC4, 0xC6, 0x90, 0xE5, 0xD4, 0x80, 0x8D,
    0xC0, 0x8D, 0x00, 0x8E, 0x72, 0x72, 0x22, 0xCC, 0x0E, 0xF0, 0x08, 0xF4, 0x08, 0xF8, 0x08, 0xFC,
    0x08, 0x00, 0x09, 0x04, 0x09, 0x08, 0x09, 0x0C, 0x49, 0x20, 0x16, 0xF3, 0x0C, 0x84, 0xDC, 0x01,
    0xBF, 0x7C, 0x47, 0x46, 0x17, 0xD5, 0x70, 0xA2, 0x29, 0x6E, 0xAA, 0x33, 0x38, 0xA5, 0x1B, 0x1B,
    0x67, 0xBA, 0xF6, 0x4A, 0xC7, 0x55, 0x9D, 0x1C, 0xCC, 0x15, 0x31, 0xA6, 0x4A, 0x00, 0xD3, 0xB1,
    0x67, 0xC2, 0x15, 0x97, 0x3C, 0xEE, 0xE3, 0x0F, 0x2D, 0x6E, 0x3E, 0xB9, 0x98, 0x84, 0x6A, 0x8F,
    0x16, 0x48, 0xEA, 0x64, 0xDC, 0x15, 0xF3, 0x67, 0x9D, 0x9E, 0x93, 0xBB, 0xC3, 0x13, 0x11, 0xDE,
    0x68, 0x8F, 0xE6, 0xE4, 0x8E, 0x6B, 0x04, 0x65, 0xDC, 0x1D, 0x87, 0xD5, 0x43, 0x91, 0x02, 0x0D,
    0x4C, 0x1D, 0xB5, 0x82, 0x7F, 0xDE, 0x85, 0x3C, 0x02, 0x94, 0x5B, 0xF5, 0x19, 0x29, 0x6B, 0x79,
    0xCC, 0xD8, 0xC9, 0xE3, 0x05, 0x47, 0x8B, 0xF5, 0xD5, 0x0A, 0xA1, 0x5C, 0xE9, 0x60, 0x6B, 0x34,
    0x52, 0xA6, 0x1C, 0x6C, 0xD5, 0x23, 0xA5, 0x56, 0xAE, 0xE3, 0x0A, 0x27, 0x5B, 0x25, 0x80, 0x49,
    0x27, 0x7B, 0x7C, 0x7C, 0x7C, 0xA4, 0xA4, 0xC5, 0xEF, 0x8E, 0x8F, 0x11, 0xBB, 0x09, 0xC9, 0x43,
    0x21, 0x51, 0x21, 0x56, 0x58, 0x88, 0x8D, 0x74, 0xC3, 0xC9, 0xB2, 0x40, 0x52, 0x10, 0xED, 0x94,
    0x45, 0x5C, 0xAF, 0x10, 0xE4, 0x2C, 0xD4, 0x1E, 0x4A, 0x96, 0x9D, 0x6B, 0xA1, 0x61, 0xE0, 0x37,
    0xF1, 0xB2, 0x25, 0x82, 0x97, 0x1B, 0x3F, 0xC3, 0x34, 0xDF, 0x4C, 0x2C, 0x00, 0x4B, 0x98, 0xEC,
    0x29, 0x73, 0xEE, 0x30, 0xAD, 0x4E, 0x9F, 0xDF, 0xE4, 0x3B, 0x3D, 0xE5, 0xC7, 0x70, 0x03, 0x5E,
    0x97, 0x8C, 0xB0, 0xED, 0xD9, 0x81, 0xF3, 0x2E, 0x63, 0xCF, 0x9B, 0x6A, 0xB3, 0x96, 0xD0, 0x59,
    0xF9, 0xBD, 0x55, 0xE6, 0x39, 0x6D, 0x34, 0x7A, 0x15, 0x36, 0x28, 0xA9, 0x0D, 0x95, 0xAB, 0x82,
    0xE8, 0x9C, 0xAD, 0xDF, 0xD5, 0x4B, 0x29, 0x85, 0x75, 0x0B, 0x56, 0x53, 0xDF, 0x8E, 0xAC, 0x5D,
    0x66, 0x00, 0x40, 0x3C, 0x8C, 0x91, 0xBD, 0xE5, 0x1A, 0xBE, 0xBF, 0xA0, 0xC9, 0xCF, 0x7C, 0x6D,
    0x5D, 0x46, 0xAE, 0x3A, 0x88, 0xE8, 0xFE, 0xFE, 0x58, 0x2A, 0x39, 0x1B, 0x3B, 0x65, 0xF1, 0xA7,
    0x30, 0x7F, 0x9B, 0x98, 0x01, 0xBF, 0x0F, 0x4B, 0xF7, 0xF3, 0x84, 0x81, 0x50, 0x8A, 0x71, 0x74,
    0x67, 0x71, 0x00, 0x88, 0x27, 0x31, 0xB9, 0xB1, 0x44, 0x69, 0x59, 0x44, 0xB2, 0xE1, 0x26, 0x2F,
    0x5C, 0x9D, 0xCF, 0xFC, 0xB1, 0xD4, 0x6E, 0x26, 0x40, 0xBE, 0x96, 0xF5, 0x88, 0x57, 0x00, 0xA1,
    0x6E, 0x0D, 0x81, 0xA0, 0xCF, 0x1C, 0x2E, 0xAF, 0x81, 0x76, 0xC2, 0x01, 0x57, 0x09, 0x44, 0x02,
    0x8B, 0xF6, 0xE4, 0x4B, 0xD8, 0x21, 0xC0, 0x54, 0x6B, 0x7C, 0x17, 0x82, 0x85, 0x57, 0x8B, 0xC1,
    0xB1, 0x56, 0xAE, 0x20, 0x3F, 0xC1, 0xA3, 0x16, 0x06, 0xC8, 0x5D, 0x00, 0x59, 0xD2, 0x44, 0x26,
    0xD3, 0x7F, 0x50, 0x01, 0x16, 0x02, 0x17, 0xE0, 0x4B, 0x08, 0x64, 0x08, 0x68, 0xE0, 0xF1, 0x3A,
    0x04, 0x38, 0x90, 0x54, 0xD0, 0x68, 0xE9, 0x51, 0x4E, 0x88, 0x80, 0x88, 0xC0, 0x48, 0x43, 0xCA,
    0x29, 0xDD, 0x96, 0x56, 0xBC, 0xE1, 0x16, 0xFC, 0xF4, 0x7A, 0x7C, 0x9A, 0xD6, 0x67, 0xDC, 0x20,
    0x5C, 0x38, 0x83, 0x84, 0x6E, 0x6E, 0xE4, 0x49, 0x4C, 0x95, 0xE3, 0xA6, 0x56, 0x0E, 0xE4, 0x8A,
    0x58, 0x59, 0x25, 0x80, 0xC9, 0x18, 0xBA, 0x46, 0x6A, 0x20, 0xD9, 0xEA, 0x8A, 0xEC, 0xB4, 0xAD,
    0xE6, 0xEB, 0x54, 0x95, 0x90, 0x91, 0x60, 0x7F, 0xC1, 0xD4, 0xDF, 0x08, 0x5F, 0x36, 0x99, 0xBF,
    0xB6, 0x18, 0x8B, 0xAF, 0x8F, 0x2F, 0x1B, 0x29, 0x19, 0x12, 0xCC, 0xE3, 0x6F, 0x4B, 0xBE, 0xCA,
    0x73, 0xE2, 0xA5, 0xA7, 0x74, 0x62, 0x04, 0x88, 0xC4, 0xCB, 0x9E, 0xE3, 0xF3, 0xE5, 0x39, 0x3C,
    0xA2, 0x9B, 0x7C, 0xB5, 0xF8, 0xDA, 0xE6, 0xAB, 0xC3, 0x57, 0x0F, 0xCD, 0x7D, 0xA1, 0x12, 0x23,
    0x31, 0x62, 0x13, 0x57, 0x64, 0x46, 0x56, 0x68, 0x85, 0xDC, 0x6C, 0x5C, 0xFC, 0x9E, 0xCB, 0x19,
    0x58, 0x93, 0x8B, 0x6E, 0xCB, 0x7B, 0x68, 0x31, 0xDE, 0x7A, 0x86, 0x56, 0xA6, 0x3C, 0x49, 0x62,
    0xED, 0x0C, 0xF0, 0x9E, 0x19, 0x9A, 0x81, 0x15, 0xD8, 0x7C, 0xE5, 0xF5, 0x79, 0xAE, 0xD4, 0xB8,
    0x29, 0x6F, 0x6D, 0xF1, 0xC5, 0x6F, 0xA9, 0xFE, 0x19, 0x52, 0x43, 0x9E, 0x27, 0xFD, 0xA3, 0xFD,
    0xC0, 0x38, 0x27, 0x2B, 0xB2, 0x78, 0x75, 0x17, 0xA3, 0x03, 0x53, 0x97, 0x61, 0x9F, 0xA3, 0x9F,
    0xB4, 0x1C, 0x40, 0x5E, 0x41, 0x24, 0xA1, 0xC3, 0x58, 0x4D, 0x59, 0x8C, 0xE4, 0x1C, 0x63, 0xA2,
    0x87, 0xE1, 0xC0, 0x7F, 0xB5, 0x43, 0x7E, 0xCE, 0xF5, 0xF9, 0x8D, 0x43, 0x72, 0x42, 0x94, 0x98,
    0x65, 0x31, 0x7A, 0xCA, 0xCB, 0xBB, 0x57, 0x44, 0xBA, 0xD7, 0x9E, 0xCA, 0x87, 0x90, 0xEA, 0xA1,
    0x2F, 0x3D, 0xEA, 0xA1, 0x2F, 0xD9, 0xAF, 0x77, 0x7A, 0xC3, 0xBB, 0xD7, 0x93, 0x64, 0x52, 0xC5,
    0x5D, 0xAE, 0xAA, 0x4D, 0x6E, 0xE0, 0xFC, 0x35, 0xE0, 0xBE, 0x4C, 0x74, 0x5F, 0xAE, 0x4D, 0xE5,
    0x43, 0x5E, 0x31, 0xB8, 0x49, 0xB6, 0xA1, 0x30, 0x44, 0x4D, 0x7F, 0x34, 0x1F, 0x5A, 0x80, 0xF5,
    0x92, 0x14, 0x5D, 0xBC, 0x3F, 0x29, 0xBA, 0x0E, 0x05, 0xED, 0x5B, 0x55, 0x1F, 0xA6, 0xA7, 0x97,
    0x24, 0x0B, 0x18, 0x20, 0xA7, 0x1D, 0xEC, 0x35, 0xAC, 0x8F, 0xCE, 0xF5, 0x45, 0x90, 0xC8, 0x33,
    0x06, 0xE3, 0x03, 0x33, 0x86, 0x6B, 0x51, 0x19, 0x66, 0x0C, 0xAE, 0x6C, 0x43, 0x7E, 0x53, 0x57,
    0x2A, 0x92, 0x36, 0x9C, 0x21, 0x6C, 0x79, 0xDA, 0xAB, 0x56, 0x49, 0x45, 0x2F, 0xC7, 0xEC, 0xB4,
    0x3C, 0xE9, 0x78, 0x04, 0x20, 0x11, 0x80, 0x78, 0xF5, 0x19, 0x26, 0x6B, 0x65, 0xDF, 0xFD, 0xDF,
    0xDC, 0x41, 0xF6, 0x6F, 0x25, 0x77, 0x60, 0x3C, 0x3A, 0x77, 0x00, 0x20, 0xC4, 0x83, 0xA1, 0xF4,
    0x20, 0xD8, 0x2E, 0x56, 0x31, 0x01, 0x13, 0x81, 0x13, 0x01, 0x94, 0x26, 0x35, 0x9E, 0x3B, 0xF8,
    0xC8, 0x1D, 0xBC, 0xE9, 0xDC, 0xA1, 0x3E, 0x23, 0x48, 0xEF, 0x31, 0xBC, 0xFC, 0xE0, 0x04, 0xE2,
    0x5A, 0x23, 0xA8, 0x76, 0xC6, 0x5F, 0x12, 0x5C, 0xAA, 0x04, 0x30, 0x15, 0x74, 0x86, 0x6B, 0xB5,
    0x7D, 0x6C, 0xF1, 0xFC, 0x33, 0xB2, 0xD9, 0x12, 0x31, 0x90, 0x37, 0xC1, 0xBC, 0xA7, 0x0F, 0xB6,
    0x01, 0xF6, 0x43, 0xD9, 0x52, 0x76, 0xCB, 0x71, 0xFB, 0x8C, 0x1A, 0xC7, 0x31, 0x3F, 0x15, 0x5C,
    0xAF, 0xF7, 0x25, 0xAC, 0xE2, 0x74, 0x92, 0xF6, 0x93, 0x32, 0xFF, 0x5E, 0xA0, 0xB1, 0xD8, 0x2C,
    0x6E, 0x86, 0xD8, 0x2A, 0xC6, 0x4E, 0xB1, 0x3F, 0x5B, 0x63, 0xF5, 0xFE, 0x22, 0x86, 0x3A, 0xE7,
    0x72, 0xFC, 0x89, 0x8A, 0x54, 0x55, 0x2D, 0xB2, 0x7B, 0xAF, 0x4C, 0x27, 0x66, 0x64, 0xB5, 0x76,
    0xBE, 0x6F, 0xB9, 0xAE, 0x3F, 0x5E, 0x4F, 0x9C, 0xED, 0x2D, 0xC4, 0x60, 0x25, 0x1B, 0x2D, 0x31,
    0xDD, 0x69, 0x86, 0x23, 0x6D, 0x99, 0x91, 0xB1, 0x8B, 0x36, 0x8C, 0x6C, 0xBF, 0x14, 0x6F, 0xC6,
    0xC6, 0x4D, 0x78, 0x2A, 0x38, 0xEE, 0xE7, 0x5C, 0x98, 0x82, 0x4D, 0x62, 0x98, 0x11, 0xF1, 0xFA,
    0xC5, 0x14, 0x09, 0xB9, 0x06, 0x33, 0x60, 0xB1, 0x82, 0x26, 0xDC, 0x69, 0x1B, 0xEE, 0x14, 0xE2,
    0xB7, 0xB0, 0xA2, 0x83, 0x78, 0xDD, 0x5C, 0x5C, 0xCC, 0x7A, 0x91, 0x4D, 0x7A, 0x85, 0xE2, 0x0F,
    0xB0, 0xD9, 0xDB, 0xF6, 0xAD, 0x04, 0x4B, 0x41, 0x1C, 0xD5, 0x0E, 0x8A, 0x18, 0x2A, 0xE2, 0xC8,
    0x81, 0x0E, 0xE4, 0x9E, 0xFE, 0x5F, 0x7B, 0x8E, 0x47, 0x29, 0xDF, 0x58, 0xC1, 0xF1, 0xAD, 0xE2,
    0x26, 0xDF, 0x9B, 0xB2, 0xF3, 0x6C, 0xC4, 0xDB, 0xDC, 0x22, 0xBE, 0xC3, 0x8E, 0xDC, 0x56, 0xD0,
    0x61, 0xB3, 0x0E, 0xA8, 0x1F, 0xB4, 0xDF, 0xFE, 0x19, 0x38, 0x03, 0x26, 0xE5, 0xE5, 0xA6, 0x75,
    0xF2, 0xA5, 0xDE, 0xCB, 0xE1, 0x4E, 0x28, 0xE6, 0xE6, 0x2D, 0x88, 0x11, 0x14, 0x47, 0xD6, 0x4B,
    0x23, 0x31, 0x7B, 0xDE, 0xD6, 0x63, 0xAA, 0x4A, 0xAA, 0xF5, 0x20, 0x3F, 0xAC, 0x89, 0xCA, 0x5F,
    0x95, 0xCC, 0x84, 0x42, 0x9E, 0xC2, 0x35, 0x64, 0x2D, 0xDD, 0x47, 0xE1, 0xC6, 0xD9, 0xD8, 0x84,
    0x35, 0x03, 0x98, 0xFD, 0x1B, 0x76, 0x46, 0xD4, 0x05, 0x89, 0xE1, 0xA2, 0x11, 0x89, 0xE9, 0xA2,
    0x21, 0x89, 0xF1, 0x24, 0xD6, 0x93, 0x98, 0x4F, 0x62, 0xBF, 0xA8, 0x4F, 0x42, 0x40, 0xD4, 0xA3,
    0x6E, 0xA1, 0x2E, 0x69, 0x0A, 0x1A, 0x83, 0xE6, 0xA0, 0x41, 0x68, 0x12, 0x1A, 0x45, 0xCE, 0xA2,
    0x98, 0x69, 0xB2, 0x3D, 0xCD, 0x81, 0x49, 0x1F, 0x76, 0xBA, 0xDE, 0xE8, 0xFC, 0xE3, 0x47, 0xBE,
    0x0C, 0xB8, 0xEC, 0x01, 0x2A, 0x90, 0x9D, 0x1F, 0x88, 0xC2, 0xF9, 0x3E, 0x0B, 0xA8, 0xE0, 0xCC,
    0x3D, 0x26, 0x70, 0x81, 0x84, 0x38, 0x7D, 0x87, 0x70, 0x6B, 0xC1, 0x86, 0x00, 0x87, 0x40, 0x87,
    0x04, 0x8F, 0xE6, 0xA3, 0x24, 0x20, 0x98, 0x7A, 0xAB, 0xF8, 0x50, 0xDC, 0x87, 0x7A, 0x59, 0x5B,
    0x40, 0x72, 0xF0, 0x29, 0x4E, 0x4E, 0xA2, 0xD9, 0x30, 0x9C, 0x55, 0x07, 0x28, 0xAF, 0x59, 0x26,
    0x0E, 0xAD, 0x8A, 0xCA, 0xD4, 0xD1, 0x73, 0xA7, 0x9C, 0x3C, 0xF5, 0x1A, 0x47, 0xBB, 0x45, 0x9F,
    0x4A, 0x08, 0x94, 0x18, 0x28, 0x41, 0x30, 0x5F, 0x54, 0x57, 0xC6, 0x4A, 0x0E, 0xAA, 0xCC, 0xEC,
    0x57, 0xD4, 0xF1, 0x69, 0x3A, 0x75, 0xFC, 0x50, 0x2F, 0x4A, 0x12, 0x5C, 0x9A, 0x72, 0x36, 0x3A,
    0x16, 0x37, 0xAB, 0x04, 0x54, 0x4B, 0x10, 0x5A, 0x9D, 0x11, 0xBD, 0x37, 0x0F, 0x18, 0x92, 0x45,
    0x6D, 0x97, 0xB2, 0xF5, 0x1F, 0x13, 0x5C, 0x96, 0x2C, 0xC6, 0x11, 0x2C, 0x45, 0xE0, 0x69, 0x52,
    0x13, 0x06, 0x33, 0xB4, 0x94, 0x91, 0xC8, 0x06, 0xA4, 0x0D, 0x8C, 0x4C, 0x4B, 0xA5, 0xAD, 0x22,
    0xF3, 0x38, 0x8C, 0x8B, 0xE3, 0x3F, 0x37, 0x78, 0xDF, 0x9E, 0x6B, 0xAB, 0x94, 0x6E, 0x29, 0x86,
    0x2C, 0x9B, 0x52, 0x59, 0xB3, 0x61, 0x2B, 0xA6, 0x11, 0x8F, 0x2E, 0xE3, 0xB8, 0x1A, 0x0F, 0x3F,
    0xB4, 0xF2, 0xF0, 0x3B, 0x2B, 0x18, 0xFF, 0x10, 0x3B, 0xA2, 0x8F, 0xB1, 0x6A, 0x3E, 0xE1, 0xCA,
    0x15, 0xC7, 0x9A, 0x1E, 0x32, 0xE1, 0x2E, 0x96, 0x5B, 0x2D, 0x60, 0x6D, 0x83, 0x6A, 0x73, 0x2B,
    0xFF, 0x5D, 0x04, 0x39, 0x28, 0xCE, 0x0E, 0x8B, 0x55, 0x99, 0xFC, 0x58, 0x4C, 0x52, 0x00, 0x44,
    0xED, 0x43, 0x3C, 0x71, 0xE0, 0xCF, 0xDF, 0x68, 0x2A, 0xBD, 0xC4, 0x69, 0x79, 0x28, 0x9D, 0x54,
    0x67, 0x2F, 0x86, 0x5E, 0x67, 0x13, 0xF6, 0x6E, 0xC2, 0xDE, 0x87, 0xE3, 0xBF, 0x36, 0xBD, 0xD4,
    0x79, 0xCD, 0x1F, 0xC9, 0xED, 0xE9, 0xDF, 0xCA, 0xD1, 0xCA, 0xA8, 0xF3, 0x9F, 0xDB, 0x60, 0x28,
    0x7C, 0x56, 0x74, 0x89, 0xCF, 0x9A, 0x3F, 0x17, 0x74, 0x94, 0x95, 0x71, 0x31, 0x0D, 0x6B, 0xCA,
    0xD7, 0xCF, 0x0D, 0xC9, 0xBF, 0x9D, 0x52, 0x3D, 0x6F, 0x13, 0x41, 0x10, 0x7D, 0x77, 0xA7, 0x68,
    0x91, 0x97, 0x64, 0x29, 0xE2, 0xD2, 0x3E, 0x97, 0x16, 0xC2, 0x76, 0x43, 0xE1, 0xE2, 0xD0, 0xAD,
    0xE4, 0x3F, 0xE0, 0x82, 0xF0, 0x1F, 0xA0, 0x4A, 0xE1, 0xC2, 0x05, 0x8A, 0x4F, 0x34, 0x14, 0x34,
    0xFC, 0x04, 0x17, 0xAE, 0x4C, 0x91, 0x14, 0x29, 0xD2, 0x44, 0x5E, 0x92, 0x82, 0xF6, 0x7E, 0xC2,
    0xD1, 0xA4, 0xDE, 0xC2, 0x05, 0x42, 0x56, 0x8E, 0x37, 0x7B, 0x06, 0x25, 0x42, 0xA2, 0x60, 0xD7,
    0x6F, 0x3D, 0xFB, 0x66, 0x6E, 0x3E, 0x76, 0xE6, 0xF9, 0x1A, 0x79, 0x6D, 0xDB, 0x27, 0x68, 0xBF,
    0x5B, 0x8B, 0x58, 0xCB, 0xE5, 0x24, 0x5C, 0x0B, 0xDE, 0x4A, 0x5E, 0x6C, 0xFB, 0xCD, 0x7A, 0xBD,
    0x5E, 0x89, 0xAE, 0xDE, 0x89, 0xF2, 0xE4, 0xF5, 0xDF, 0x0C, 0x8A, 0xB8, 0xD0, 0xE8, 0x20, 0xB7,
    0x39, 0x16, 0x00, 0x5A, 0xC5, 0x88, 0x3B, 0xC5, 0x21, 0xFA, 0x38, 0x85, 0x2C, 0xE3, 0x8C, 0x4B,
    0x9D, 0x0A, 0x4C, 0x0F, 0x28, 0x7A, 0x89, 0x5D, 0xEA, 0xC8, 0x75, 0x12, 0x9B, 0x9B, 0x32, 0x37,
    0x6E, 0x61, 0x9C, 0x7C, 0xF7, 0x61, 0x39, 0xFA, 0xE8, 0x47, 0x9F, 0x7C, 0xAA, 0xCA, 0xC3, 0xA4,
    0xE8, 0x6B, 0x9C, 0x3E, 0x45, 0xB3, 0xCC, 0xED, 0x36, 0xBD, 0xF5, 0xE9, 0x37, 0xAF, 0x23, 0xAA,
    0x6C, 0xBF, 0x85, 0xDE, 0x13, 0x20, 0xFE, 0x0C, 0x24, 0x15, 0x51, 0x12, 0xAE, 0x81, 0x12, 0x14,
    0x84, 0x95, 0x8A, 0x2A, 0xA9, 0xE3, 0x99, 0x11, 0x0F, 0xC4, 0x11, 0xD1, 0x25, 0x3A, 0xC4, 0x80,
    0xC8, 0x1E, 0xE0, 0xFD, 0x1E, 0x57, 0xC4, 0x0F, 0x62, 0xDB, 0x20, 0xF2, 0x0D, 0x80, 0xD5, 0x03,
    0x85, 0x6F, 0x10, 0x94, 0x8C, 0x1F, 0x95, 0x30, 0x5F, 0x7E, 0x6E, 0x4D, 0x5D, 0x6F, 0x0F, 0x26,
    0x5F, 0xA7, 0x48, 0x18, 0x3F, 0xC0, 0x86, 0x3C, 0xA0, 0x68, 0xAE, 0x81, 0xFC, 0xFC, 0xBC, 0x5C,
    0xD4, 0xB5, 0x3B, 0x4E, 0x23, 0x1B, 0xF2, 0x18, 0xEE, 0xF3, 0x78, 0xB5, 0xC7, 0x3E, 0x87, 0x96,
    0xCD, 0xCB, 0x4D, 0x55, 0x57, 0x0B, 0xD7, 0xC5, 0xB1, 0xEC, 0x33, 0x5C, 0x63, 0x77, 0x86, 0x1D,
    0x76, 0xD7, 0x72, 0x60, 0x53, 0x20, 0x96, 0x07, 0x4B, 0xEE, 0x7C, 0xF0, 0x0F, 0x63, 0x2F, 0x43,
    0x71, 0xF4, 0x9A, 0x85, 0x6A, 0xC2, 0x9F, 0xDF, 0x0B, 0xC1, 0x16, 0x73, 0x64, 0xC1, 0x96, 0xC2,
    0x3C, 0xD8, 0x52, 0xF0, 0xC1, 0x16, 0x59, 0xE4, 0x83, 0x2D, 0x86, 0xEA, 0xC6, 0xD1, 0xF9, 0xA6,
    0xD0, 0xB5, 0x9A, 0xDC, 0x79, 0x45, 0xFF, 0xD3, 0xAE, 0xB1, 0x33, 0x83, 0x4B, 0x5A, 0xD1, 0xF9,
    0x00, 0x63, 0xC8, 0x57, 0x99, 0xF8, 0x8F, 0x1D, 0xCF, 0x31, 0x05, 0x65, 0xE9, 0x7C, 0x4E, 0x55,
    0x57, 0x9C, 0xCF, 0x30, 0x23, 0x37, 0x86, 0xA7, 0x7F, 0xEE, 0x2C, 0xAA, 0xB2, 0xB8, 0x62, 0x0E,
    0x5D, 0xED, 0x86, 0xDA, 0x31, 0x07, 0x75, 0x0F, 0x7D, 0x1F, 0xE2, 0x4D, 0xE5, 0x17, 0xAD, 0x12,
    0xAF, 0x2A, 0xED, 0x8C, 0x4D, 0xF9, 0x1A, 0x19, 0x07, 0x24, 0x5A, 0xBD, 0x4D, 0xFC, 0x4E, 0x7D,
    0xDF, 0xEA, 0x1B, 0x6F, 0x26, 0x65, 0xAA, 0xDC, 0x40, 0xDB, 0xCC, 0x84, 0x9E, 0x33, 0x7C, 0xEC,
    0xB4, 0x95, 0x42, 0xB7, 0x8C, 0xF6, 0x82, 0x75, 0xEB, 0xF0, 0xD0, 0x72, 0xC6, 0x8E, 0xED, 0xF0,
    0xB8, 0x8A, 0x7C, 0xE2, 0x0C, 0xDB, 0xFC, 0x32, 0x44, 0x91, 0x76, 0x4B, 0xDE, 0x4D, 0xDF, 0x64,
    0x48, 0xA0, 0xED, 0x6F, 0x7E, 0xFE, 0x98, 0xC7, 0x7F, 0xF0, 0x83, 0x3F, 0x7C, 0x58, 0xD1, 0x92,
    0x93, 0x16, 0x73, 0x4C, 0xB2, 0x84, 0x76, 0x17, 0xF1, 0x52, 0xE6, 0xA3, 0x19, 0x88, 0x30, 0x85,
    0x4D, 0x83, 0x2E, 0x80, 0x86, 0x57, 0xFF, 0xE2, 0x8F, 0x1E, 0xF1, 0x71, 0x89, 0x03, 0xE1, 0xD3,
    0x82, 0xFC, 0xC8, 0x92, 0x1F, 0x35, 0x21, 0x7F, 0x01, 0x1D, 0x8E, 0xA1, 0x4E, 0x04, 0x31, 0x14,
    0x45, 0xCF, 0xB6, 0x09, 0x15, 0x93, 0xD0, 0x35, 0x18, 0xB2, 0xCB, 0xF2, 0x01, 0x13, 0x14, 0xA2,
    0x62, 0x58, 0xCA, 0x1F, 0xA0, 0x40, 0xE2, 0xD7, 0x80, 0xA8, 0x58, 0x43, 0x32, 0x9F, 0x80, 0xC3,
    0x62, 0x59, 0x43, 0x05, 0x62, 0x09, 0x62, 0xE7, 0x13, 0x4A, 0x42, 0xD0, 0x35, 0xF8, 0x0A, 0x48,
    0x48, 0x60, 0x67, 0xE8, 0xCC, 0xCB, 0x55, 0xF7, 0xBD, 0x9C, 0x77, 0xD8, 0x58, 0xF9, 0x11, 0x34,
    0xBE, 0xC4, 0x19, 0x8C, 0xC3, 0x78, 0x96, 0x09, 0x97, 0xF0, 0x89, 0xE4, 0x47, 0xC1, 0xC9, 0x66,
    0x7E, 0x45, 0xF1, 0xC3, 0x30, 0x0F, 0x88, 0x44, 0x91, 0x98, 0xE4, 0x93, 0xC8, 0x5B, 0x90, 0x67,
    0x61, 0x57, 0x34, 0x46, 0x34, 0xA7, 0xDD, 0xDF, 0xDE, 0xE5, 0x3B, 0xB2, 0x46, 0xE5, 0xD8, 0xD1,
    0xEA, 0x51, 0x76, 0x5B, 0x69, 0x91, 0xA0, 0xA0, 0xD8, 0xB7, 0xFA, 0xF7, 0x6B, 0x87, 0x0A, 0xCA,
    0x21, 0xD5, 0x21, 0xCF, 0x73, 0x15, 0x8B, 0xD6, 0xF6, 0xD4, 0x4D, 0x2D, 0x3F, 0x93, 0x66, 0x9C,
    0x17, 0x06, 0xDC, 0x98, 0xD7, 0xAE, 0xDE, 0x8A, 0x90, 0x05, 0x7A, 0x07, 0xA2, 0x13, 0xD9, 0xC1,
    0x66, 0x87, 0xC5, 0xEA, 0x6E, 0xD3, 0x45, 0x64, 0x43, 0x01, 0x53, 0x7A, 0x9E, 0x87, 0xA1, 0xC8,
    0x6F, 0x35, 0x1C, 0x0C, 0x5D, 0x86, 0x70, 0x1D, 0xC4, 0xF7, 0x5A, 0xD5, 0x13, 0xCD, 0x54, 0x53,
    0x16, 0xB5, 0x91, 0x6D, 0x50, 0x4F, 0x71, 0xCA, 0xDA, 0x50, 0x1D, 0x53, 0x19, 0x96, 0x47, 0x17,
    0x49, 0x75, 0xBD, 0xC0, 0xA8, 0x45, 0xDF, 0x37, 0x27, 0x44, 0x83, 0x77, 0xDC, 0x38, 0x7C, 0x25,
    0xD2, 0xAC, 0x4D, 0x9C, 0x27, 0x08, 0x88, 0x66, 0xAC, 0xEC, 0xCB, 0x2D, 0xB3, 0xC8, 0x3F, 0x7D,
    0x56, 0xBF, 0x8F, 0xDC, 0x44, 0x18, 0xFD, 0xEC, 0x51, 0xD6, 0x52, 0x46, 0x62, 0x52, 0x70, 0x08,
    0x2E, 0x22, 0x6E, 0xA8, 0x42, 0x74, 0x6E, 0x4F, 0xE2, 0x6E, 0x3D, 0x12, 0xA2, 0x0E, 0x45, 0x36,
    0x91, 0x68, 0xA0, 0xA0, 0x03, 0xE9, 0x9A, 0x14, 0x29, 0x92, 0xAC, 0xFF, 0x03, 0xAE, 0x00, 0x51,
    0x72, 0x45, 0x8A, 0xC8, 0x14, 0x97, 0x82, 0x82, 0x62, 0x37, 0x1E, 0x1A, 0xD2, 0x5A, 0x8A, 0x4E,
    0xB4, 0x46, 0x24, 0x12, 0x84, 0x22, 0x96, 0xB2, 0x97, 0xEC, 0x6D, 0xBC, 0x6B, 0xDE, 0x1B, 0xEF,
    0xEE, 0x5D, 0x10, 0x22, 0x8A, 0xDF, 0xAC, 0x7F, 0xCC, 0x37, 0xEF, 0x7B, 0xDF, 0xFB, 0x66, 0x4E,
    0xE4, 0xDD, 0x0F, 0x44, 0x76, 0x6E, 0x8A, 0x6C, 0xD7, 0xD2, 0x3B, 0xA9, 0x64, 0xD8, 0xBA, 0x60,
    0x1E, 0xD5, 0x51, 0x25, 0x13, 0x93, 0xC9, 0x17, 0x89, 0x88, 0xF4, 0x71, 0xED, 0xE2, 0xBA, 0x7D,
    0xE6, 0xC2, 0xBD, 0xED, 0x4B, 0x58, 0xC5, 0x56, 0x3B, 0x3D, 0x2B, 0x24, 0x68, 0x27, 0x22, 0x2F,
    0x9D, 0x04, 0x8F, 0x33, 0x09, 0x1F, 0x59, 0x91, 0xCD, 0x3C, 0xBF, 0x2F, 0x49, 0xDB, 0xCE, 0x25,
    0xE1, 0xAF, 0x14, 0x73, 0x3A, 0x60, 0x34, 0xB9, 0xB3, 0x86, 0xD1, 0x1A, 0x16, 0x79, 0x2E, 0xD2,
    0xB6, 0xAD, 0x95, 0xF9, 0x60, 0x20, 0xC1, 0x14, 0x8F, 0x02, 0x04, 0x95, 0xB0, 0x06, 0x7C, 0xB5,
    0xB8, 0x2F, 0x52, 0xB4, 0x8D, 0x88, 0xE2, 0xAD, 0xAA, 0x00, 0x91, 0x87, 0x92, 0x73, 0x25, 0xC1,
    0x97, 0x21, 0xE7, 0xEA, 0x93, 0xD8, 0x89, 0x71, 0xAA, 0x94, 0xC4, 0xAE, 0x96, 0x5C, 0x43, 0x58,
    0xE4, 0xF8, 0xA2, 0x6D, 0xDD, 0xBF, 0x5F, 0x98, 0xB6, 0x15, 0x39, 0x37, 0x1C, 0xAC, 0xF8, 0xED,
    0x76, 0xAC, 0x02, 0x91, 0x29, 0x82, 0x45, 0xB5, 0x0C, 0xB1, 0x38, 0x72, 0x01, 0x60, 0xBD, 0x7B,
    0x22, 0xE7, 0x45, 0xC0, 0xC5, 0x48, 0x30, 0x17, 0x89, 0x91, 0x3D, 0x31, 0x6C, 0x33, 0x49, 0x44,
    0x3D, 0x77, 0x88, 0xA1, 0x7E, 0xAB, 0x10, 0xE4, 0xC3, 0xD7, 0xB3, 0xBC, 0x38, 0x48, 0x91, 0x54,
    0x5B, 0x47, 0x6E, 0x0C, 0xE5, 0x22, 0x97, 0x02, 0xB5, 0x4B, 0xEC, 0x48, 0xE2, 0xA3, 0xCF, 0x8F,
    0xE6, 0x96, 0x2F, 0xDB, 0x32, 0xFE, 0xEE, 0xC6, 0xF1, 0x94, 0xF1, 0xA6, 0x35, 0x22, 0xC9, 0xDC,
    0xE3, 0xB0, 0x46, 0x3C, 0x49, 0x6A, 0x72, 0x32, 0x15, 0x51, 0x33, 0xAA, 0x20, 0x39, 0xC9, 0xEF,
    0xF9, 0xBC, 0x03, 0x9F, 0x0C, 0x32, 0x3B, 0x39, 0xAC, 0xFD, 0x58, 0x7B, 0xE1, 0xA8, 0xD2, 0xE8,
    0x8D, 0xB1, 0x92, 0x51, 0x26, 0x7E, 0xEA, 0xAC, 0xEC, 0x64, 0x7B, 0xC5, 0x89, 0xDA, 0xA9, 0x17,
    0x7E, 0x2C, 0xF7, 0x5E, 0x3F, 0xEB, 0xFD, 0x49, 0x21, 0xDA, 0x76, 0xD8, 0x5A, 0xD3, 0x3E, 0x89,
    0xB2, 0x89, 0x72, 0xF0, 0x80, 0xB6, 0xB5, 0x58, 0x3F, 0x22, 0x72, 0x6C, 0x41, 0x32, 0xDD, 0x27,
    0x3B, 0x23, 0xD1, 0x9C, 0xFC, 0x0C, 0x28, 0x5A, 0x88, 0x78, 0x09, 0x51, 0x32, 0x8E, 0x51, 0xA6,
    0xE1, 0x0D, 0x89, 0x6F, 0x3C, 0xD9, 0x23, 0x5B, 0x33, 0x29, 0x3C, 0x25, 0xA1, 0x9C, 0xE1, 0xBE,
    0x04, 0x07, 0x22, 0x5F, 0x82, 0x8F, 0x42, 0xC9, 0x26, 0xE0, 0xA7, 0xA6, 0x60, 0x8D, 0x51, 0x4F,
    0xC1, 0x12, 0xC5, 0x36, 0x0D, 0x54, 0x42, 0xE5, 0xE3, 0x91, 0x98, 0xEC, 0xE2, 0x22, 0x2F, 0x16,
    0xF9, 0xE1, 0x5F, 0x89, 0x97, 0x09, 0x15, 0x98, 0xCA, 0xCF, 0xBB, 0x8C, 0xDA, 0x48, 0xDD, 0x67,
    0x6A, 0xA3, 0x10, 0xE3, 0x44, 0xD2, 0xEE, 0xFD, 0xF4, 0x72, 0x7B, 0xF8, 0xAC, 0xF8, 0x71, 0x76,
    0x4F, 0xEE, 0x18, 0x9B, 0x28, 0x64, 0xD6, 0x8F, 0x25, 0xD6, 0x1C, 0xB7, 0xC4, 0x5C, 0x85, 0x23,
    0xD2, 0x1D, 0x31, 0x3F, 0xD0, 0x30, 0x88, 0x3E, 0xEE, 0x8C, 0x83, 0x05, 0xC1, 0xD6, 0x13, 0xC0,
    0x58, 0x8A, 0xA6, 0x92, 0xC6, 0x75, 0xFE, 0x02, 0x57, 0x02, 0x8D, 0x98, 0x2F, 0x08, 0x33, 0xDE,
    0xE2, 0x8B, 0x8B, 0xBF, 0x03, 0x8A, 0x45, 0x25, 0xE1, 0x04, 0x55, 0x89, 0xE8, 0x38, 0x63, 0x09,
    0x82, 0x65, 0x63, 0xC2, 0x16, 0x9E, 0x02, 0x34, 0x5D, 0x01, 0xFD, 0x8C, 0x85, 0x78, 0xFA, 0x29,
    0x3C, 0x1A, 0xB6, 0xDF, 0x20, 0xC6, 0xDB, 0xB2, 0xFC, 0xB7, 0x01, 0xBB, 0x23, 0x01, 0x46, 0x97,
    0x1E, 0x5E, 0xA3, 0x07, 0x27, 0x12, 0x2C, 0x3E, 0x99, 0x0A, 0x8C, 0x77, 0x81, 0x4C, 0xA4, 0x33,
    0xB3, 0xB7, 0xA6, 0x27, 0xCD, 0xAA, 0x6F, 0x2E, 0xF2, 0xEC, 0x4C, 0x9B, 0xBC, 0x73, 0x32, 0xE0,
    0x4C, 0xCC, 0x7F, 0xE7, 0x18, 0xBF, 0x42, 0x3E, 0xEB, 0xBC, 0xC0, 0xF4, 0xE4, 0xA1, 0xB7, 0x7A,
    0x16, 0x7B, 0xAF, 0x93, 0x02, 0x5F, 0x9D, 0xC3, 0xB5, 0x09, 0x33, 0x93, 0x21, 0xFB, 0x20, 0xF5,
    0x1F, 0xA7, 0xBE, 0xC7, 0xFA, 0x7E, 0xE1, 0xBB, 0xBE, 0x3D, 0xEE, 0xF8, 0x18, 0x23, 0x3E, 0xDE,
    0x68, 0xCC, 0xD1, 0x35, 0x29, 0x9A, 0x14, 0xBD, 0xB8, 0xD1, 0xB4, 0xC7, 0xD7, 0xD0, 0xB3, 0x2F,
    0x6A, 0x1A, 0xF1, 0x97, 0x29, 0x91, 0x5F, 0x86, 0x0D, 0x59, 0xA2, 0x94, 0xA9, 0x37, 0x20, 0xB8,
    0x03, 0x11, 0x0D, 0x45, 0xD7, 0x25, 0x65, 0xE5, 0xFF, 0x92, 0x0F, 0x51, 0x19, 0x70, 0xBC, 0x9C,
    0xE7, 0xF9, 0x3E, 0x2B, 0x58, 0x6E, 0x5C, 0x9F, 0x0F, 0x2C, 0x9B, 0x6E, 0xD5, 0xFB, 0xEB, 0x0D,
    0x40, 0xBD, 0x84, 0x6D, 0x15, 0xBB, 0x2F, 0x99, 0xF2, 0x07, 0x6A, 0xA3, 0xBE, 0xA7, 0x93, 0xF5,
    0xDF, 0xA0, 0xA9, 0x29, 0x5B, 0x51, 0xF1, 0x07, 0xEE, 0x7A, 0x57, 0x69, 0x75, 0x43, 0x88, 0xED,
    0x4A, 0xBC, 0x64, 0xDD, 0xF0, 0x79, 0xFE, 0xAD, 0x2C, 0x77, 0x1A, 0x6C, 0x35, 0x7B, 0x25, 0x97,
    0x02, 0x97, 0x21, 0x0D, 0xE4, 0x3C, 0x66, 0x58, 0x12, 0x0F, 0x6F, 0x1C, 0x0F, 0xAE, 0x9F, 0x74,
    0x0D, 0x9A, 0x81, 0xB2, 0xF1, 0xDC, 0x87, 0x99, 0x44, 0x34, 0x22, 0xF7, 0x91, 0x7D, 0x36, 0x90,
    0x74, 0x6E, 0x39, 0x45, 0xAE, 0x2B, 0x71, 0x87, 0x56, 0x56, 0x4B, 0x2F, 0x31, 0x5D, 0x16, 0xFD,
    0xAD, 0x15, 0x04, 0xA4, 0x1D, 0xB3, 0xFA, 0xC5, 0x78, 0x98, 0x05, 0xCD, 0x15, 0x5D, 0xAA, 0x7A,
    0x47, 0xD5, 0xC6, 0xED, 0x84, 0x75, 0x9C, 0x6D, 0x07, 0xFB, 0xA9, 0xDC, 0xE2, 0xBC, 0x9B, 0xAC,
    0xC6, 0x03, 0x1A, 0xE0, 0x01, 0xF7, 0x26, 0x6C, 0x29, 0x0D, 0xA0, 0x6A, 0xA4, 0x52, 0x55, 0x13,
    0x54, 0xAA, 0x1C, 0x05, 0x65, 0x54, 0x8E, 0x43, 0x67, 0x5C, 0x3F, 0x74, 0x89, 0x4B, 0x3F, 0x76,
    0x43, 0x67, 0x1E, 0x3F, 0x7A, 0x95, 0x81, 0x2F, 0xB6, 0xE5, 0x62, 0xA1, 0xAC, 0x44, 0xA4, 0xA5,
    0xC9, 0xAA, 0xE7, 0x3B, 0xB2, 0xD8, 0xA7, 0x9B, 0x1A, 0xD8, 0xCD, 0x0E, 0x25, 0xA8, 0x3A, 0xF2,
    0xDA, 0xAD, 0xC1, 0x0B, 0x69, 0x63, 0x28, 0x50, 0x9D, 0xCF, 0x0F, 0x67, 0xB8, 0x2D, 0x70, 0xC5,
    0x28, 0xCB, 0x46, 0x3B, 0x18, 0x58, 0x16, 0xCD, 0xC5, 0x47, 0x30, 0xB0, 0x61, 0xCC, 0x58, 0x56,
    0x80, 0xDB, 0x4B, 0x2C, 0xF6, 0x43, 0x94, 0xEA, 0x70, 0x42, 0x63, 0x32, 0x92, 0xFD, 0xAF, 0xCC,
    0xE7, 0x5D, 0xE6, 0x61, 0xB3, 0xA3, 0xCB, 0xA8, 0xCB, 0x7C, 0xBB, 0xCB, 0xFC, 0xC0, 0x27, 0x7D,
    0x36, 0xF3, 0x9A, 0x99, 0xD7, 0x74, 0x69, 0xB5, 0x82, 0x00, 0x26, 0x18, 0x11, 0x90, 0xB9, 0x76,
    0x7D, 0xE5, 0x62, 0x8B, 0xCC, 0xEF, 0x8A, 0xF9, 0xE3, 0xD7, 0x86, 0x95, 0xAA, 0xD8, 0xA5, 0xAB,
    0x54, 0xB4, 0x2C, 0x33, 0x3F, 0x63, 0xB9, 0xC1, 0x60, 0xE0, 0x79, 0x79, 0x03, 0xB8, 0x82, 0xE0,
    0xF7, 0xA6, 0xE5, 0x49, 0xB3, 0x3E, 0x6E, 0xD4, 0xFA, 0xB8, 0xD1, 0xE5, 0x4A, 0x1F, 0x73, 0x0A,
    0xFF, 0x67, 0x39, 0xDD, 0xCE, 0xF2, 0x03, 0x6E, 0xAD, 0x08, 0x16, 0x9D, 0xF6, 0xE4, 0x98, 0x8D,
    0xDC, 0x56, 0x60, 0xB0, 0xF8, 0x74, 0xF9, 0xCC, 0x2F, 0x0C, 0x4B, 0xFA, 0x46, 0xE6, 0x3E, 0xB0,
    0xB4, 0xBF, 0xEF, 0x06, 0x39, 0x9D, 0x3A, 0x5A, 0x1F, 0xA0, 0xFD, 0x37, 0x0E, 0x32, 0xBF, 0xF0,
    0xE6, 0xF2, 0x26, 0x5D, 0xBE, 0xEE, 0x2F, 0xBF, 0x1D, 0xBF, 0x87, 0x7D, 0x00, 0x5A, 0x40, 0x93,
    0x18, 0xAA, 0x6F, 0x31, 0xDC, 0xF4, 0x6B, 0x34, 0x6D, 0xE3, 0xCF, 0xAE, 0x14, 0x6B, 0x7C, 0x84,
    0xC3, 0x06, 0x29, 0x8F, 0x55, 0x15, 0x4C, 0x55, 0xC5, 0xBF, 0x03, 0x86, 0x2E, 0x82, 0x39, 0x35,
    0xBD, 0x2E, 0x91, 0x5D, 0x69, 0xE8, 0x61, 0xCF, 0x32, 0x35, 0xEE, 0x18, 0xCF, 0x71, 0x00, 0xCE,
    0x2F, 0xC5, 0x2E, 0xA8, 0xDF, 0x8F, 0x4A, 0x55, 0x5D, 0x51, 0x95, 0x72, 0x57, 0x54, 0xAD, 0xE9,
    0x61, 0x9D, 0x01, 0x8C, 0xDD, 0x46, 0x61, 0xED, 0x2D, 0x80, 0xDC, 0x54, 0x55, 0x2C, 0x3F, 0x11,
    0x1E, 0x44, 0x65, 0x22, 0xB5, 0x2E, 0xB7, 0x00, 0x6E, 0x57, 0x2A, 0xD3, 0xC1, 0x0E, 0x95, 0xBC,
    0xCD, 0x1E, 0x22, 0xD8, 0x0B, 0x7E, 0xA3, 0xEA, 0xE5, 0xB9, 0x5F, 0x8E, 0x1B, 0x97, 0x79, 0xFA,
    0x59, 0xEB, 0x75, 0x4F, 0x33, 0xBF, 0xB3, 0xBA, 0x25, 0xF2, 0x74, 0x5A, 0x61, 0xE2, 0xB5, 0x80,
    0x04, 0x43, 0x0A, 0xD1, 0x6B, 0x3A, 0xAD, 0x89, 0x8B, 0x95, 0x74, 0x4B, 0xF4, 0x5A, 0xA6, 0x7E,
    0x3B, 0xB8, 0xBC, 0xC8, 0xD7, 0x12, 0x77, 0x6A, 0x77, 0xC2, 0x77, 0xF8, 0x0F, 0x3D, 0x53, 0xB1,
    0x6E, 0xD4, 0x40, 0x14, 0x1C, 0xEF, 0x92, 0xAC, 0xD0, 0x2A, 0x76, 0x47, 0x11, 0x74, 0x77, 0x2D,
    0x42, 0x77, 0x5C, 0xEB, 0xC2, 0x90, 0xED, 0x68, 0xE9, 0x52, 0x50, 0x40, 0x41, 0x15, 0x09, 0x91,
    0xC2, 0xC5, 0x15, 0xC0, 0x99, 0x3F, 0xA0, 0xA7, 0xA1, 0x48, 0x41, 0xD2, 0xC4, 0x45, 0x0A, 0xAA,
    0xDC, 0x86, 0x2F, 0xD8, 0x82, 0x0F, 0xD8, 0x26, 0x50, 0x5C, 0x63, 0x89, 0x2B, 0x02, 0x8A, 0xCE,
    0xCC, 0x5B, 0x23, 0x74, 0x5A, 0x8D, 0xE5, 0x9B, 0xF7, 0x66, 0xDE, 0xEC, 0x33, 0x5E, 0x01, 0x88,
    0x30, 0x1B, 0x40, 0x7B, 0xE4, 0x17, 0x40, 0xC1, 0x17, 0x2D, 0x30, 0x23, 0x74, 0x40, 0x3D, 0x40,
    0x4C, 0x2C, 0x32, 0x04, 0x84, 0x91, 0x05, 0xCC, 0x76, 0x4F, 0xA0, 0x02, 0xEA, 0xF7, 0x2B, 0x28,
    0x8F, 0x18, 0x4D, 0xA3, 0x3D, 0x19, 0xBA, 0x39, 0xFC, 0x4E, 0x86, 0x71, 0xAB, 0x5B, 0xF6, 0x98,
    0x40, 0x7A, 0xEC, 0xDF, 0xA4, 0x42, 0x01, 0xE9, 0x31, 0x19, 0x54, 0x2C, 0x30, 0x1D, 0xA0, 0xC6,
    0x0E, 0xDF, 0x64, 0x11, 0xB6, 0x79, 0x2B, 0x0C, 0xD5, 0x8B, 0x20, 0x70, 0x87, 0xE7, 0x4D, 0x00,
    0x46, 0x50, 0xBF, 0x59, 0x5B, 0xB2, 0x6B, 0x95, 0xFC, 0xB0, 0x50, 0x89, 0x99, 0x0A, 0xD6, 0x11,
    0x16, 0x64, 0xD0, 0x53, 0x47, 0x06, 0x95, 0x7D, 0x62, 0x8C, 0xA1, 0xAF, 0x4E, 0x81, 0xAF, 0xB0,
    0x2F, 0xCE, 0x3D, 0x7D, 0x8E, 0xCA, 0x2C, 0x14, 0x4E, 0x18, 0xF1, 0xE0, 0xEC, 0x73, 0xC7, 0x09,
    0x0E, 0xFA, 0x5F, 0x5E, 0xD8, 0xEC, 0xB1, 0x7B, 0x09, 0x51, 0x49, 0x40, 0x86, 0x69, 0x92, 0x0A,
    0x25, 0xC4, 0x2E, 0xC1, 0x22, 0x73, 0x7C, 0xA4, 0x8F, 0x38, 0x49, 0x8C, 0xD5, 0x4D, 0x32, 0x98,
    0xF1, 0x3C, 0x48, 0x81, 0xA9, 0xDB, 0x14, 0x4A, 0xBE, 0xE0, 0x88, 0x4D, 0xA2, 0x14, 0x69, 0x74,
    0x5A, 0x4C, 0x79, 0xB6, 0x09, 0xC8, 0x90, 0xCE, 0xD2, 0x9F, 0x50, 0xA8, 0x13, 0x89, 0xA5, 0x9A,
    0x9F, 0x0B, 0xB4, 0x17, 0xBA, 0xC9, 0x42, 0x16, 0xA2, 0xF2, 0xF7, 0xAE, 0xCD, 0x87, 0xA0, 0xFD,
    0x72, 0x5B, 0xA0, 0x33, 0x4E, 0x7A, 0x5C, 0xBE, 0x4E, 0xF5, 0xCB, 0xA4, 0x92, 0x85, 0xB9, 0x78,
    0xD4, 0x8E, 0x7D, 0x0A, 0x7A, 0xA3, 0x20, 0x83, 0x90, 0x28, 0x5A, 0x1A, 0x7E, 0x24, 0x2A, 0x59,
    0x3F, 0x18, 0xDC, 0xE1, 0x59, 0x7D, 0x94, 0xD9, 0xCC, 0xF5, 0x46, 0x82, 0xDA, 0xC5, 0xBF, 0x04,
    0xAB, 0xE1, 0x3A, 0x4B, 0xC9, 0x5F, 0xA2, 0x93, 0x04, 0xFB, 0x86, 0x0C, 0xE0, 0x30, 0x24, 0x06,
    0x5A, 0xED, 0x4F, 0x65, 0x08, 0x6B, 0xD7, 0xA4, 0xD6, 0xA3, 0x19, 0xE2, 0x4B, 0x74, 0x8B, 0x12,
    0xED, 0x93, 0xE7, 0xA1, 0xAB, 0xD1, 0xD9, 0xAD, 0xF6, 0x95, 0xCC, 0x64, 0x31, 0xFF, 0xE4, 0x64,
    0x69, 0x26, 0x7D, 0xBA, 0x8E, 0xDA, 0x7A, 0x19, 0x29, 0x64, 0xB2, 0x34, 0xB2, 0x1D, 0x64, 0x28,
    0xB9, 0x05, 0xAE, 0x44, 0xC7, 0xFF, 0xA8, 0xB2, 0xDC, 0x0E, 0x09, 0x3A, 0xA8, 0xB3, 0x2F, 0x40,
    0x0E, 0x2D, 0x96, 0x2B, 0x18, 0xA4, 0x6C, 0xC4, 0x15, 0xF9, 0xB9, 0x5C, 0xA8, 0xC3, 0xDE, 0x91,
    0x93, 0xC7, 0xC9, 0x3A, 0x8A, 0xFD, 0xBB, 0xB8, 0x18, 0x0C, 0x96, 0x2A, 0x1C, 0x09, 0x98, 0xA7,
    0x6B, 0x9A, 0xA8, 0xF3, 0x31, 0x5A, 0x1A, 0xAC, 0x2A, 0xD4, 0xEF, 0xEE, 0xFB, 0xAE, 0x42, 0x6B,
    0xB7, 0xCA, 0x57, 0xB2, 0xBD, 0xC6, 0x4D, 0x7E, 0x36, 0xB2, 0x14, 0x45, 0x9F, 0xF2, 0x2C, 0x4D,
    0x10, 0x15, 0xF9, 0xD1, 0x9E, 0xCC, 0x4B, 0x95, 0x40, 0xE6, 0x18, 0xD8, 0x70, 0x27, 0xA8, 0x32,
    0xFF, 0x6F, 0x70, 0xFF, 0xEC, 0x84, 0x7E, 0x0E, 0xFA, 0x4D, 0x0A, 0x29, 0x8A, 0xFB, 0x34, 0x13,
    0x6B, 0x24, 0xC3, 0x3C, 0x99, 0x9D, 0xA6, 0x4F, 0xA6, 0x4E, 0x01, 0x76, 0x88, 0x0F, 0x5D, 0x16,
    0xF4, 0xB7, 0x3F, 0x9D, 0xF6, 0xD6, 0xBA, 0xCA, 0xB8, 0x59, 0x8E, 0x69, 0x81, 0xC5, 0x1E, 0xAA,
    0x31, 0x62, 0x41, 0x9E, 0xF6, 0xE6, 0x47, 0x60, 0xA5, 0xE9, 0x3D, 0x2B, 0x47, 0xBC, 0x81, 0x9A,
    0x97, 0xB1, 0x60, 0xDB, 0x63, 0x94, 0x6C, 0x7B, 0x8C, 0x9A, 0x1B, 0xF4, 0x58, 0x75, 0xF2, 0x15,
    0xF5, 0xB2, 0x30, 0x78, 0x86, 0xBF, 0x75, 0x54, 0x3D, 0x73, 0xD3, 0x40, 0x10, 0x5D, 0xDD, 0x81,
    0x34, 0x13, 0x05, 0x44, 0xCB, 0x30, 0xE4, 0x28, 0xA8, 0xED, 0x26, 0x15, 0x23, 0x45, 0xFA, 0x07,
    0x54, 0xA9, 0xA1, 0x86, 0x19, 0xC6, 0x05, 0x45, 0x0A, 0x07, 0x0B, 0x7E, 0x41, 0x2A, 0x6A, 0x17,
    0x34, 0xB8, 0x09, 0x45, 0x8A, 0x30, 0xA3, 0xC4, 0xF7, 0x0F, 0xA2, 0x9F, 0xA0, 0x8A, 0x26, 0x05,
    0x57, 0xA8, 0x30, 0x8C, 0xED, 0xE3, 0xED, 0x4A, 0x4A, 0xF8, 0x18, 0xCE, 0x73, 0xCF, 0xF6, 0xDD,
    0xBE, 0xFD, 0x78, 0xBB, 0x12, 0x85, 0xBE, 0x20, 0x9A, 0x79, 0x47, 0xF4, 0x35, 0x5C, 0x13, 0xD6,
    0x3B, 0x86, 0x31, 0x43, 0x52, 0xDC, 0x40, 0xD9, 0x81, 0xD9, 0x3E, 0x2F, 0xC9, 0xFB, 0xEF, 0x85,
    0x6E, 0x03, 0x5F, 0x24, 0x16, 0x76, 0xA6, 0x00, 0xC0, 0xFC, 0x00, 0x1F, 0xCA, 0x18, 0x2A, 0x40,
    0xD0, 0xE2, 0x4C, 0x3B, 0x4A, 0xAC, 0xB1, 0x14, 0x6D, 0x3D, 0xE8, 0x7E, 0x05, 0xB8, 0x4B, 0xFD,
    0x8A, 0x37, 0xBB, 0x74, 0xF9, 0xA2, 0x52, 0x8D, 0x76, 0x51, 0x91, 0xB8, 0x84, 0xB2, 0xC9, 0xBD,
    0xC0, 0x4D, 0x76, 0x63, 0x3B, 0xD9, 0x1D, 0x91, 0xBB, 0xDF, 0x06, 0x75, 0x5C, 0x47, 0xA5, 0xA9,
    0xDF, 0xD0, 0xD1, 0xB2, 0xA5, 0x07, 0x42, 0x54, 0x73, 0x66, 0x3A, 0xCE, 0xA5, 0xE5, 0x24, 0xD9,
    0x63, 0x56, 0x01, 0xAA, 0x29, 0xA0, 0xCD, 0x60, 0xE1, 0x00, 0xBA, 0x1E, 0xC1, 0xCC, 0x8E, 0x39,
    0x79, 0xC3, 0xB5, 0xA0, 0x86, 0x8C, 0xD3, 0xAF, 0x70, 0x4A, 0x2D, 0x45, 0x56, 0x39, 0x18, 0xE9,
    0x9A, 0x74, 0x83, 0x03, 0xED, 0x70, 0xAF, 0xDC, 0x98, 0xD9, 0xB9, 0xF7, 0xBE, 0x83, 0x57, 0x8B,
    0xC5, 0xE2, 0x13, 0x7E, 0xF8, 0xF6, 0xF5, 0xCF, 0xC5, 0xE5, 0x5C, 0x37, 0x34, 0x05, 0x07, 0x2E,
    0x22, 0xDB, 0xF9, 0x59, 0x33, 0xAC, 0x50, 0x21, 0x3C, 0x26, 0x65, 0x20, 0x80, 0x82, 0x0B, 0xF8,
    0x36, 0xF0, 0xD4, 0xD5, 0x0F, 0x68, 0x28, 0x67, 0xE2, 0x01, 0x45, 0x02, 0x16, 0xA9, 0x80, 0x78,
    0xCC, 0x30, 0x65, 0x76, 0x25, 0xEA, 0x22, 0x1A, 0x2B, 0xEB, 0x2D, 0x6D, 0x0F, 0x0F, 0x8B, 0xAE,
    0x09, 0x39, 0x83, 0x11, 0xE9, 0x2D, 0x20, 0xE2, 0xC2, 0x35, 0x17, 0x1E, 0x48, 0xA3, 0x2E, 0x06,
    0x50, 0xAC, 0x43, 0xD4, 0xB0, 0xB1, 0x1D, 0x68, 0xEB, 0xC1, 0x36, 0xAE, 0x59, 0x29, 0x76, 0x82,
    0xB2, 0xD6, 0xE8, 0x34, 0xFA, 0xB0, 0x44, 0x1C, 0x89, 0x25, 0x2B, 0x44, 0x87, 0x13, 0x7C, 0xEF,
    0xB1, 0x9A, 0xD8, 0xAC, 0xE5, 0x19, 0x36, 0xC2, 0x29, 0x90, 0x35, 0xCC, 0xE2, 0xDE, 0x04, 0xBA,
    0x52, 0x8A, 0x7D, 0xD4, 0x5D, 0x07, 0x4D, 0x77, 0x1D, 0x95, 0xDD, 0x9C, 0x98, 0xDE, 0x43, 0xDA,
    0x7B, 0xE0, 0xB5, 0x53, 0xE4, 0xF5, 0xB2, 0xF1, 0xCD, 0xCC, 0xEE, 0xC9, 0x7F, 0x55, 0x4A, 0xFB,
    0x05, 0x13, 0x39, 0x31, 0x82, 0x99, 0xE0, 0x54, 0xF0, 0x5C, 0x90, 0xCB, 0xA5, 0x40, 0x50, 0x73,
    0x11, 0xAC, 0xDD, 0xBF, 0x54, 0xA4, 0x08, 0x6A, 0xCE, 0xED, 0xA1, 0x67, 0x8E, 0xA9, 0xA0, 0x30,
    0xC9, 0x09, 0xB5, 0x15, 0xEA, 0xB9, 0x50, 0xA7, 0x42, 0x4D, 0x85, 0x9A, 0x49, 0x36, 0x23, 0x89,
    0x6A, 0x52, 0xF1, 0x28, 0x51, 0x13, 0x89, 0x17, 0x37, 0x12, 0x8F, 0xA9, 0xC1, 0x05, 0xD4, 0x8B,
    0xFD, 0x7B, 0xEF, 0x46, 0xFA, 0xBA, 0xAE, 0x52, 0xF2, 0x94, 0x9E, 0x21, 0x58, 0xFA, 0x05, 0x9D,
    0x4B, 0xCF, 0xD4, 0x86, 0xCE, 0x8F, 0xCD, 0xD5, 0x07, 0x37, 0xDE, 0x6A, 0x6F, 0xC3, 0x39, 0x7D,
    0xE6, 0x1A, 0xB7, 0xAC, 0x97, 0x47, 0xB4, 0xF1, 0xC7, 0xA2, 0x2F, 0x8D, 0xC7, 0x94, 0xB8, 0x51,
    0xD4, 0xDE, 0x80, 0x1B, 0x20, 0xF8, 0x1F, 0xA8, 0xBF, 0xA0, 0x19, 0x40, 0xDF, 0x42, 0x7D, 0x03,
    0x76, 0x10, 0x89, 0x27, 0xEA, 0xE9, 0x8C, 0x7B, 0xBE, 0xE1, 0xEE, 0xB7, 0xC3, 0x53, 0xA7, 0xB6,
    0xF4, 0x24, 0xF1, 0xDF, 0x56, 0x8F, 0x69, 0x09, 0xEA, 0x1D, 0xBA, 0x7D, 0x1A, 0xE9, 0x24, 0x3F,
    0xBD, 0x6E, 0xF6, 0x95, 0x2F, 0xFB, 0x23, 0x3C, 0x6A, 0x41, 0xDF, 0xFD, 0x88, 0x76, 0x16, 0xA7,
    0x73, 0xE3, 0xF9, 0x25, 0x31, 0x74, 0x9E, 0xAF, 0x4A, 0x19, 0x0C, 0x4C, 0x54, 0x3D, 0xE3, 0x61,
    0x7A, 0xDB, 0x5F, 0xD9, 0xEE, 0xAA, 0x5F, 0x0F, 0x25, 0x2A, 0xCD, 0x56, 0xF4, 0xC8, 0x17, 0xCA,
    0x37, 0x14, 0xFD, 0x00, 0x0D, 0x42, 0x28, 0x7F, 0x02, 0xE9, 0x91, 0x5F, 0xC0, 0xB9, 0xC8, 0x53,
    0xFD, 0x92, 0x7E, 0x5B, 0x18, 0xD7, 0x9A, 0xF7, 0xF0, 0x3F, 0xE4, 0x3C, 0x51, 0x49, 0x24, 0xBA,
    0x8A, 0x03, 0xDC, 0x19, 0x27, 0x3B, 0x84, 0x33, 0xBC, 0x26, 0x0C, 0x22, 0xE5, 0x70, 0xBB, 0x4F,
    0x7F, 0x2E, 0x0C, 0x7C, 0x39, 0x0C, 0xFC, 0x2F, 0x63, 0x60, 0x5A, 0xC1, 0xE5, 0xC0, 0x20, 0xFF,
    0x97, 0xBF, 0x81, 0xC1, 0x8E, 0x01, 0x48, 0xD4, 0x30, 0xF0, 0x3B, 0x30, 0xEC, 0x61, 0x00, 0x82,
    0x1D, 0x40, 0x2C, 0xFA, 0x37, 0x40, 0x94, 0xA1, 0xFE, 0xFF, 0x17, 0x3D, 0x06, 0xD1, 0x9F, 0x01,
    0x76, 0x0C, 0x8C, 0x1F, 0x18, 0x6C, 0x21, 0x04, 0xD3, 0x07, 0xA0, 0x4A, 0x30, 0xC1, 0xFC, 0x00,
    0xA8, 0x9C, 0xF9, 0x02, 0x50, 0x39, 0x90, 0xF8, 0xC1, 0xC0, 0x7E, 0x80, 0xE1, 0x0B, 0x84, 0xE0,
    0x3E, 0x00, 0x54, 0x09, 0x26, 0xF8, 0x1B, 0x80, 0x2A, 0xF9, 0x1D, 0x98, 0x1E, 0x30, 0x30, 0x30,
    0xAD, 0x60, 0x43, 0xD8, 0xE6, 0x00, 0xB3, 0x4D, 0x1E, 0x64, 0x9B, 0x3C, 0xC8, 0x36, 0x7D, 0x6A,
    0xDA, 0x06, 0x00,
};

static const EpdGlyph librefranklin_reader_14_italicGlyphs[] = {
    { 0, 0, 100, 0, 0, 0, 0 }, // U+0020
    { 7, 22, 114, 0, 22, 39, 0 }, // !
    { 9, 8, 191, 2, 22, 18, 39 }, // "
    { 18, 23, 281, 0, 22, 104, 57 }, // #
    { 18, 27, 282, 0, 24, 122, 161 }, // $
    { 24, 23, 428, 2, 22, 138, 283 }, // %
    { 22, 23, 363, 0, 22, 127, 421 }, // &
    { 4, 8, 112, 3, 22, 8, 548 }, // '
    { 9, 27, 133, 1, 22, 61, 556 }, // (
    { 9, 27, 133, -2, 22, 61, 617 }, // )
    { 10, 11, 177, 2, 22, 28, 678 }, // *
    { 14, 14, 260, 2, 18, 49, 706 }, // +
    { 6, 9, 99, -1, 4, 14, 755 }, // ,
    { 9, 3, 178, 1, 9, 7, 769 }, // -
    { 4, 4, 98, 0, 4, 4, 776 }, // .
    { 13, 24, 160, -1, 22, 78, 780 }, // /
    { 17, 23, 321, 2, 22, 98, 858 }, // 0
    { 12, 22, 217, 0, 22, 66, 956 }, // 1
    { 17, 22, 280, 0, 22, 94, 1022 }, // 2
    { 18, 23, 299, 0, 22, 104, 1116 }, // 3
    { 17, 22, 303, 1, 22, 94, 1220 }, // 4
    { 19, 23, 305, 0, 22, 110, 1314 }, // 5
    { 17, 23, 309, 2, 22, 98, 1424 }, // 6
    { 17, 22, 280, 2, 22, 94, 1522 }, // 7
    { 18, 23, 312, 1, 22, 104, 1616 }, // 8
    { 17, 23, 307, 1, 22, 98, 1720 }, // 9
    { 6, 15, 98, 0, 15, 23, 1818 }, // :
    { 7, 20, 107, -1, 15, 35, 1841 }, // ;
    { 15, 13, 254, 1, 17, 49, 1876 }, // <
    { 15, 9, 260, 1, 15, 34, 1925 }, // =
    { 14, 13, 254, 1, 17, 46, 1959 }, // >
    { 14, 22, 244, 2, 22, 77, 2005 }, // ?
    { 24, 24, 389, 1, 20, 144, 2082 }, // @
    { 19, 22, 339, 0, 22, 105, 2226 }, // A
    { 19, 22, 326, 1, 22, 105, 2331 }, // B
    { 19, 23, 330, 2, 22, 110, 2436 }, // C
    { 19, 22, 337, 1, 22, 105, 2546 }, // D
    { 18, 22, 293, 1, 22, 99, 2651 }, // E
    { 18, 22, 281, 1, 22, 99, 2750 }, // F
    { 19, 23, 345, 2, 22, 110, 2849 }, // G
    { 20, 22, 343, 1, 22, 110, 2959 }, // H
    { 7, 22, 135, 1, 22, 39, 3069 }, // I
    { 12, 23, 195, 0, 22, 69, 3108 }, // J
    { 20, 22, 327, 1, 22, 110, 3177 }, // K
    { 15, 22, 281, 1, 22, 83, 3287 }, // L
    { 25, 22, 423, 1, 22, 138, 3370 }, // M
    { 21, 22, 353, 1, 22, 116, 3508 }, // N
    { 19, 23, 357, 2, 22, 110, 3624 }, // O
    { 19, 22, 322, 1, 22, 105, 3734 }, // P
    { 19, 26, 357, 2, 22, 124, 3839 }, // Q
    { 19, 22, 325, 1, 22, 105, 3963 }, // R
    { 19, 23, 299, 0, 22, 110, 4068 }, // S
    { 18, 22, 301, 2, 22, 99, 4178 }, // T
    { 19, 23, 331, 2, 22, 110, 4277 }, // U
    { 19, 22, 330, 3, 22, 105, 4387 }, // V
    { 29, 22, 488, 3, 22, 160, 4492 }, // W
    { 21, 22, 321, 0, 22, 116, 4652 }, // X
    { 18, 22, 315, 3, 22, 99, 4768 }, // Y
    { 19, 22, 295, 0, 22, 105, 4867 }, // Z
    { 10, 27, 134, 0, 22, 68, 4972 }, // [
    { 7, 24, 160, 2, 22, 42, 5040 }, // <backslash>
    { 10, 27, 134, -2, 22, 68, 5082 }, // ]
    { 12, 13, 222, 0, 16, 39, 5150 }, // ^
    { 12, 3, 242, 0, -1, 9, 5189 }, // _
    { 8, 5, 133, 2, 22, 10, 5198 }, // `
    { 15, 17, 256, 0, 16, 64, 5208 }, // a
    { 16, 23, 280, 1, 22, 92, 5272 }, // b
    { 15, 17, 253, 1, 16, 64, 5364 }, // c
    { 17, 23, 280, 1, 22, 98, 5428 }, // d
    { 15, 17, 271, 1, 16, 64, 5526 }, // e
    { 12, 22, 177, 1, 22, 66, 5590 }, // f
    { 19, 22, 281, -1, 16, 105, 5656 }, // g
    { 15, 22, 273, 1, 22, 83, 5761 }, // h
    { 6, 22, 112, 1, 22, 33, 5844 }, // i
    { 11, 27, 112, -4, 22, 75, 5877 }, // j
    { 16, 22, 263, 1, 22, 88, 5952 }, // k
    { 6, 22, 112, 1, 22, 33, 6040 }, // l
    { 24, 16, 423, 1, 16, 96, 6073 }, // m
    { 15, 16, 273, 1, 16, 60, 6169 }, // n
    { 16, 17, 280, 1, 16, 68, 6229 }, // o
    { 17, 21, 279, 0, 16, 90, 6297 }, // p
    { 16, 21, 280, 1, 16, 84, 6387 }, // q
    { 11, 16, 179, 1, 16, 44, 6471 }, // r
    { 14, 17, 239, 0, 16, 60, 6515 }, // s
    { 11, 21, 181, 1, 21, 58, 6575 }, // t
    { 15, 17, 270, 1, 16, 64, 6633 }, // u
    { 16, 16, 255, 1, 16, 64, 6697 }, // v
    { 23, 16, 372, 1, 16, 92, 6761 }, // w
    { 17, 16, 254, -1, 16, 68, 6853 }, // x
    { 17, 21, 247, -1, 16, 90, 6921 }, // y
    { 15, 16, 225, -1, 16, 60, 7011 }, // z
    { 11, 27, 142, 0, 22, 75, 7071 }, // {
    { 7, 30, 122, 1, 25, 53, 7146 }, // |
    { 12, 27, 142, -2, 22, 81, 7199 }, // }
    { 14, 4, 265, 2, 13, 14, 7280 }, // ~
    { 0, 0, 100, 0, 0, 0, 0 }, // U+00A0
    { 7, 21, 114, 0, 16, 37, 0 }, // U+00A1
    { 15, 22, 260, 0, 22, 83, 37 }, // U+00A2
    { 18, 22, 287, -1, 22, 99, 120 }, // U+00A3
    { 15, 14, 251, 1, 18, 53, 219 }, // U+00A4
    { 18, 22, 284, 2, 22, 99, 272 }, // U+00A5
    { 7, 30, 122, 1, 25, 53, 371 }, // U+00A6
    { 15, 25, 228, 0, 22, 94, 424 }, // U+00A7
    { 8, 4, 117, 1, 22, 8, 518 }, // U+00A8
    { 23, 23, 387, 1, 22, 133, 526 }, // U+00A9
    { 11, 11, 186, 1, 22, 31, 659 }, // U+00AA
    { 12, 12, 208, 1, 14, 36, 690 }, // U+00AB
    { 14, 7, 260, 2, 12, 25, 726 }, // U+00AC
    { 16, 14, 254, 1, 22, 56, 751 }, // U+00AE
    { 10, 3, 147, 1, 22, 8, 807 }, // U+00AF
    { 11, 11, 217, 3, 26, 31, 815 }, // U+00B0
    { 15, 19, 260, 1, 20, 72, 846 }, // U+00B1
    { 11, 14, 211, 0, 25, 39, 918 }, // U+00B2
    { 12, 15, 218, 0, 25, 45, 957 }, // U+00B3
    { 9, 5, 133, 1, 22, 12, 1002 }, // U+00B4
    { 16, 21, 270, 0, 16, 84, 1014 }, // U+00B5
    { 15, 25, 262, 2, 22, 94, 1098 }, // U+00B6
    { 5, 4, 94, 1, 13, 5, 1192 }, // U+00B7
    { 7, 8, 103, -2, 1, 14, 1197 }, // U+00B8
    { 8, 14, 171, -1, 25, 28, 1211 }, // U+00B9
    { 11, 11, 192, 2, 22, 31, 1239 }, // U+00BA
    { 12, 12, 208, 0, 14, 36, 1270 }, // U+00BB
    { 23, 23, 416, 1, 22, 133, 1306 }, // U+00BC
    { 25, 23, 443, 1, 22, 144, 1439 }, // U+00BD
    { 25, 23, 435, 1, 22, 144, 1583 }, // U+00BE
    { 15, 22, 241, -1, 16, 83, 1727 }, // U+00BF
    { 19, 28, 339, 0, 28, 133, 1810 }, // U+00C0
    { 19, 28, 339, 0, 28, 133, 1943 }, // U+00C1
    { 19, 28, 339, 0, 28, 133, 2076 }, // U+00C2
    { 19, 28, 339, 0, 28, 133, 2209 }, // U+00C3
    { 19, 28, 339, 0, 28, 133, 2342 }, // U+00C4
    { 19, 30, 339, 0, 30, 143, 2475 }, // U+00C5
    { 30, 22, 470, 0, 22, 165, 2618 }, // U+00C6
    { 19, 29, 330, 2, 22, 138, 2783 }, // U+00C7
    { 18, 28, 293, 1, 28, 126, 2921 }, // U+00C8
    { 18, 28, 293, 1, 28, 126, 3047 }, // U+00C9
    { 18, 28, 293, 1, 28, 126, 3173 }, // U+00CA
    { 18, 28, 293, 1, 28, 126, 3299 }, // U+00CB
    { 10, 28, 135, 1, 28, 70, 3425 }, // U+00CC
    { 10, 28, 135, 1, 28, 70, 3495 }, // U+00CD
    { 10, 28, 135, 1, 28, 70, 3565 }, // U+00CE
    { 10, 28, 135, 1, 28, 70, 3635 }, // U+00CF
    { 19, 22, 322, 0, 22, 105, 3705 }, // U+00D0
    { 21, 28, 353, 1, 28, 147, 3810 }, // U+00D1
    { 19, 29, 357, 2, 28, 138, 3957 }, // U+00D2
    { 19, 29, 357, 2, 28, 138, 4095 }, // U+00D3
    { 19, 29, 357, 2, 28, 138, 4233 }, // U+00D4
    { 19, 29, 357, 2, 28, 138, 4371 }, // U+00D5
    { 19, 29, 357, 2, 28, 138, 4509 }, // U+00D6
    { 14, 13, 252, 1, 17, 46, 4647 }, // U+00D7
    { 24, 23, 340, -1, 22, 138, 4693 }, // U+00D8
    { 19, 29, 331, 2, 28, 138, 4831 }, // U+00D9
    { 19, 29, 331, 2, 28, 138, 4969 }, // U+00DA
    { 19, 29, 331, 2, 28, 138, 5107 }, // U+00DB
    { 19, 29, 331, 2, 28, 138, 5245 }, // U+00DC
    { 18, 28, 315, 3, 28, 126, 5383 }, // U+00DD
    { 19, 22, 323, 1, 22, 105, 5509 }, // U+00DE
    { 16, 23, 284, 1, 22, 92, 5614 }, // U+00DF
    { 15, 23, 256, 0, 22, 87, 5706 }, // U+00E0
    { 15, 23, 256, 0, 22, 87, 5793 }, // U+00E1
    { 15, 23, 256, 0, 22, 87, 5880 }, // U+00E2
    { 15, 23, 256, 0, 22, 87, 5967 }, // U+00E3
    { 15, 23, 256, 0, 22, 87, 6054 }, // U+00E4
    { 15, 25, 256, 0, 24, 94, 6141 }, // U+00E5
    { 27, 17, 432, 0, 16, 115, 6235 }, // U+00E6
    { 15, 23, 253, 1, 16, 87, 6350 }, // U+00E7
    { 15, 23, 271, 1, 22, 87, 6437 }, // U+00E8
    { 15, 23, 271, 1, 22, 87, 6524 }, // U+00E9
    { 15, 23, 271, 1, 22, 87, 6611 }, // U+00EA
    { 15, 23, 271, 1, 22, 87, 6698 }, // U+00EB
    { 8, 22, 112, 1, 22, 44, 6785 }, // U+00EC
    { 9, 22, 112, 1, 22, 50, 6829 }, // U+00ED
    { 10, 22, 112, 0, 22, 55, 6879 }, // U+00EE
    { 8, 22, 112, 1, 22, 44, 6934 }, // U+00EF
    { 16, 23, 280, 1, 22, 92, 6978 }, // U+00F0
    { 15, 22, 273, 1, 22, 83, 7070 }, // U+00F1
    { 16, 23, 280, 1, 22, 92, 7153 }, // U+00F2
    { 16, 23, 280, 1, 22, 92, 7245 }, // U+00F3
    { 16, 23, 280, 1, 22, 92, 7337 }, // U+00F4
    { 16, 23, 280, 1, 22, 92, 7429 }, // U+00F5
    { 16, 23, 280, 1, 22, 92, 7521 }, // U+00F6
    { 14, 14, 260, 2, 18, 49, 7613 }, // U+00F7
    { 19, 17, 272, -1, 16, 81, 7662 }, // U+00F8
    { 15, 23, 270, 1, 22, 87, 7743 }, // U+00F9
    { 15, 23, 270, 1, 22, 87, 7830 }, // U+00FA
    { 15, 23, 270, 1, 22, 87, 7917 }, // U+00FB
    { 15, 23, 270, 1, 22, 87, 8004 }, // U+00FC
    { 17, 27, 247, -1, 22, 115, 8091 }, // U+00FD
    { 17, 27, 278, 0, 22, 115, 8206 }, // U+00FE
    { 17, 27, 247, -1, 22, 115, 8321 }, // U+00FF
    { 19, 28, 339, 0, 28, 133, 0 }, // U+0100
    { 15, 23, 256, 0, 22, 87, 133 }, // U+0101
    { 19, 28, 339, 0, 28, 133, 220 }, // U+0102
    { 15, 23, 256, 0, 22, 87, 353 }, // U+0103
    { 19, 27, 339, 0, 22, 129, 440 }, // U+0104
    { 15, 21, 256, 0, 16, 79, 569 }, // U+0105
    { 19, 29, 330, 2, 28, 138, 648 }, // U+0106
    { 15, 23, 253, 1, 22, 87, 786 }, // U+0107
    { 19, 29, 330, 2, 28, 138, 873 }, // U+0108
    { 15, 23, 253, 1, 22, 87, 1011 }, // U+0109
    { 19, 29, 330, 2, 28, 138, 1098 }, // U+010A
    { 15, 23, 253, 1, 22, 87, 1236 }, // U+010B
    { 19, 29, 330, 2, 28, 138, 1323 }, // U+010C
    { 15, 23, 253, 1, 22, 87, 1461 }, // U+010D
    { 19, 28, 337, 1, 28, 133, 1548 }, // U+010E
    { 22, 23, 280, 1, 22, 127, 1681 }, // U+010F
    { 19, 22, 322, 0, 22, 105, 1808 }, // U+0110
    { 19, 23, 284, 1, 22, 110, 1913 }, // U+0111
    { 18, 28, 293, 1, 28, 126, 2023 }, // U+0112
    { 15, 23, 271, 1, 22, 87, 2149 }, // U+0113
    { 18, 28, 293, 1, 28, 126, 2236 }, // U+0114
    { 15, 23, 271, 1, 22, 87, 2362 }, // U+0115
    { 18, 28, 293, 1, 28, 126, 2449 }, // U+0116
    { 15, 23, 271, 1, 22, 87, 2575 }, // U+0117
    { 18, 27, 293, 1, 22, 122, 2662 }, // U+0118
    { 15, 21, 271, 1, 16, 79, 2784 }, // U+0119
    { 18, 28, 293, 1, 28, 126, 2863 }, // U+011A
    { 15, 23, 271, 1, 22, 87, 2989 }, // U+011B
    { 19, 29, 345, 2, 28, 138, 3076 }, // U+011C
    { 19, 28, 281, -1, 22, 133, 3214 }, // U+011D
    { 19, 29, 345, 2, 28, 138, 3347 }, // U+011E
    { 19, 28, 281, -1, 22, 133, 3485 }, // U+011F
    { 19, 29, 345, 2, 28, 138, 3618 }, // U+0120
    { 19, 28, 281, -1, 22, 133, 3756 }, // U+0121
    { 19, 29, 345, 2, 22, 138, 3889 }, // U+0122
    { 19, 30, 281, -1, 24, 143, 4027 }, // U+0123
    { 20, 28, 343, 1, 28, 140, 4170 }, // U+0124
    { 15, 27, 273, 1, 27, 102, 4310 }, // U+0125
    { 23, 22, 342, 0, 22, 127, 4412 }, // U+0126
    { 15, 22, 256, 0, 22, 83, 4539 }, // U+0127
    { 11, 28, 135, 1, 28, 77, 4622 }, // U+0128
    { 10, 22, 112, 0, 22, 55, 4699 }, // U+0129
    { 11, 28, 135, 1, 28, 77, 4754 }, // U+012A
    { 10, 22, 112, 0, 22, 55, 4831 }, // U+012B
    { 11, 28, 135, 1, 28, 77, 4886 }, // U+012C
    { 10, 22, 112, 0, 22, 55, 4963 }, // U+012D
    { 10, 27, 135, -2, 22, 68, 5018 }, // U+012E
    { 9, 27, 112, -2, 22, 61, 5086 }, // U+012F
    { 8, 28, 135, 1, 28, 56, 5147 }, // U+0130
    { 5, 16, 112, 1, 16, 20, 5203 }, // U+0131
    { 19, 23, 330, 1, 22, 110, 5223 }, // U+0132
    { 13, 27, 223, 1, 22, 88, 5333 }, // U+0133
    { 15, 29, 195, 0, 28, 109, 5421 }, // U+0134
    { 14, 27, 110, -4, 22, 95, 5530 }, // U+0135
    { 20, 29, 327, 1, 22, 145, 5625 }, // U+0136
    { 16, 29, 263, 1, 22, 116, 5770 }, // U+0137
    { 16, 16, 263, 1, 16, 64, 5886 }, // U+0138
    { 15, 28, 281, 1, 28, 105, 5950 }, // U+0139
    { 10, 28, 112, 1, 28, 70, 6055 }, // U+013A
    { 15, 29, 281, 1, 22, 109, 6125 }, // U+013B
    { 7, 29, 112, 0, 22, 51, 6234 }, // U+013C
    { 18, 22, 281, 1, 22, 99, 6285 }, // U+013D
    { 11, 22, 112, 1, 22, 61, 6384 }, // U+013E
    { 15, 22, 288, 0, 22, 83, 6445 }, // U+013F
    { 9, 22, 160, 1, 22, 50, 6528 }, // U+0140
    { 15, 22, 264, 0, 22, 83, 6578 }, // U+0141
    { 10, 22, 129, -1, 22, 55, 6661 }, // U+0142
    { 21, 28, 353, 1, 28, 147, 6716 }, // U+0143
    { 15, 22, 273, 1, 22, 83, 6863 }, // U+0144
    { 21, 29, 353, 1, 22, 153, 6946 }, // U+0145
    { 15, 23, 273, 1, 16, 87, 7099 }, // U+0146
    { 21, 28, 353, 1, 28, 147, 7186 }, // U+0147
    { 15, 22, 273, 1, 22, 83, 7333 }, // U+0148
    { 17, 22, 291, 0, 22, 94, 7416 }, // U+0149
    { 21, 28, 353, 1, 22, 147, 7510 }, // U+014A
    { 15, 21, 274, 1, 16, 79, 7657 }, // U+014B
    { 19, 29, 357, 2, 28, 138, 7736 }, // U+014C
    { 16, 23, 280, 1, 22, 92, 7874 }, // U+014D
    { 19, 29, 357, 2, 28, 138, 7966 }, // U+014E
    { 16, 23, 280, 1, 22, 92, 8104 }, // U+014F
    { 19, 29, 357, 2, 28, 138, 8196 }, // U+0150
    { 16, 23, 280, 1, 22, 92, 8334 }, // U+0151
    { 32, 23, 525, 1, 22, 184, 8426 }, // U+0152
    { 28, 17, 465, 1, 16, 119, 8610 }, // U+0153
    { 19, 28, 325, 1, 28, 133, 8729 }, // U+0154
    { 11, 22, 179, 1, 22, 61, 8862 }, // U+0155
    { 19, 29, 325, 1, 22, 138, 8923 }, // U+0156
    { 12, 23, 179, 0, 16, 69, 9061 }, // U+0157
    { 19, 28, 325, 1, 28, 133, 9130 }, // U+0158
    { 12, 22, 179, 1, 22, 66, 9263 }, // U+0159
    { 19, 29, 299, 0, 28, 138, 9329 }, // U+015A
    { 14, 23, 239, 0, 22, 81, 9467 }, // U+015B
    { 19, 29, 299, 0, 28, 138, 9548 }, // U+015C
    { 14, 23, 239, 0, 22, 81, 9686 }, // U+015D
    { 19, 29, 299, 0, 22, 138, 9767 }, // U+015E
    { 14, 23, 239, 0, 16, 81, 9905 }, // U+015F
    { 19, 29, 299, 0, 28, 138, 9986 }, // U+0160
    { 14, 23, 239, 0, 22, 81, 10124 }, // U+0161
    { 18, 29, 301, 2, 22, 131, 10205 }, // U+0162
    { 11, 28, 181, 1, 21, 77, 10336 }, // U+0163
    { 18, 28, 301, 2, 28, 126, 10413 }, // U+0164
    { 12, 23, 181, 1, 23, 69, 10539 }, // U+0165
    { 18, 22, 301, 2, 22, 99, 10608 }, // U+0166
    { 11, 21, 181, 1, 21, 58, 10707 }, // U+0167
    { 19, 29, 331, 2, 28, 138, 10765 }, // U+0168
    { 15, 23, 270, 1, 22, 87, 10903 }, // U+0169
    { 19, 29, 331, 2, 28, 138, 10990 }, // U+016A
    { 15, 23, 270, 1, 22, 87, 11128 }, // U+016B
    { 19, 29, 331, 2, 28, 138, 11215 }, // U+016C
    { 15, 23, 270, 1, 22, 87, 11353 }, // U+016D
    { 19, 31, 331, 2, 30, 148, 11440 }, // U+016E
    { 15, 25, 270, 1, 24, 94, 11588 }, // U+016F
    { 19, 29, 331, 2, 28, 138, 11682 }, // U+0170
    { 15, 23, 270, 1, 22, 87, 11820 }, // U+0171
    { 19, 27, 331, 2, 22, 129, 11907 }, // U+0172
    { 15, 21, 270, 1, 16, 79, 12036 }, // U+0173
    { 29, 28, 488, 3, 28, 203, 12115 }, // U+0174
    { 23, 22, 372, 1, 22, 127, 12318 }, // U+0175
    { 18, 28, 315, 3, 28, 126, 12445 }, // U+0176
    { 17, 27, 247, -1, 22, 115, 12571 }, // U+0177
    { 18, 28, 315, 3, 28, 126, 12686 }, // U+0178
    { 19, 28, 295, 0, 28, 133, 12812 }, // U+0179
    { 15, 22, 225, -1, 22, 83, 12945 }, // U+017A
    { 19, 28, 295, 0, 28, 133, 13028 }, // U+017B
    { 15, 22, 225, -1, 22, 83, 13161 }, // U+017C
    { 19, 28, 295, 0, 28, 133, 13244 }, // U+017D
    { 15, 22, 225, -1, 22, 83, 13377 }, // U+017E
    { 19, 25, 357, 2, 24, 119, 0 }, // U+01A0
    { 16, 19, 280, 1, 18, 76, 119 }, // U+01A1
    { 22, 25, 331, 2, 24, 138, 195 }, // U+01AF
    { 18, 19, 270, 1, 18, 86, 333 }, // U+01B0
    { 39, 28, 622, 1, 28, 273, 419 }, // U+01C4
    { 35, 22, 562, 1, 22, 193, 692 }, // U+01C5
    { 31, 23, 504, 1, 22, 179, 885 }, // U+01C6
    { 28, 23, 476, 1, 22, 161, 1064 }, // U+01C7
    { 24, 27, 393, 1, 22, 162, 1225 }, // U+01C8
    { 13, 27, 223, 1, 22, 88, 1387 }, // U+01C9
    { 33, 23, 548, 1, 22, 190, 1475 }, // U+01CA
    { 28, 27, 464, 1, 22, 189, 1665 }, // U+01CB
    { 23, 27, 384, 1, 22, 156, 1854 }, // U+01CC
    { 19, 29, 345, 2, 28, 138, 2010 }, // U+01E6
    { 19, 28, 281, -1, 22, 133, 2148 }, // U+01E7
    { 19, 27, 357, 2, 22, 129, 2281 }, // U+01EA
    { 16, 21, 280, 1, 16, 84, 2410 }, // U+01EB
    { 39, 22, 622, 1, 22, 215, 2494 }, // U+01F1
    { 35, 22, 562, 1, 22, 193, 2709 }, // U+01F2
    { 31, 23, 504, 1, 22, 179, 2902 }, // U+01F3
    { 19, 29, 345, 2, 28, 138, 3081 }, // U+01F4
    { 19, 28, 281, -1, 22, 133, 3219 }, // U+01F5
    { 19, 29, 307, -1, 29, 138, 3352 }, // U+01FA
    { 15, 29, 256, 0, 28, 109, 3490 }, // U+01FB
    { 30, 28, 470, 0, 28, 210, 3599 }, // U+01FC
    { 27, 23, 432, 0, 22, 156, 3809 }, // U+01FD
    { 24, 29, 340, -1, 28, 174, 3965 }, // U+01FE
    { 19, 23, 272, -1, 22, 110, 4139 }, // U+01FF
    { 19, 28, 339, 0, 28, 133, 4249 }, // U+0200
    { 15, 23, 256, 0, 22, 87, 4382 }, // U+0201
    { 19, 28, 339, 0, 28, 133, 4469 }, // U+0202
    { 15, 23, 256, 0, 22, 87, 4602 }, // U+0203
    { 18, 28, 293, 1, 28, 126, 4689 }, // U+0204
    { 15, 23, 271, 1, 22, 87, 4815 }, // U+0205
    { 18, 28, 293, 1, 28, 126, 4902 }, // U+0206
    { 15, 23, 271, 1, 22, 87, 5028 }, // U+0207
    { 11, 28, 135, 0, 28, 77, 5115 }, // U+0208
    { 10, 22, 112, -1, 22, 55, 5192 }, // U+0209
    { 10, 28, 135, 1, 28, 70, 5247 }, // U+020A
    { 9, 22, 112, 0, 22, 50, 5317 }, // U+020B
    { 19, 29, 357, 2, 28, 138, 5367 }, // U+020C
    { 16, 23, 280, 1, 22, 92, 5505 }, // U+020D
    { 19, 29, 357, 2, 28, 138, 5597 }, // U+020E
    { 16, 23, 280, 1, 22, 92, 5735 }, // U+020F
    { 19, 28, 325, 1, 28, 133, 5827 }, // U+0210
    { 11, 22, 179, 1, 22, 61, 5960 }, // U+0211
    { 19, 28, 325, 1, 28, 133, 6021 }, // U+0212
    { 11, 22, 179, 1, 22, 61, 6154 }, // U+0213
    { 19, 29, 331, 2, 28, 138, 6215 }, // U+0214
    { 15, 23, 270, 1, 22, 87, 6353 }, // U+0215
    { 19, 29, 331, 2, 28, 138, 6440 }, // U+0216
    { 15, 23, 270, 1, 22, 87, 6578 }, // U+0217
    { 19, 29, 299, 0, 22, 138, 6665 }, // U+0218
    { 14, 23, 239, 0, 16, 81, 6803 }, // U+0219
    { 18, 29, 301, 2, 22, 131, 6884 }, // U+021A
    { 11, 28, 181, 1, 21, 77, 7015 }, // U+021B
    { 8, 5, 0, 2, 22, 10, 0 }, // U+0300
    { 9, 5, 0, 1, 22, 12, 10 }, // U+0301
    { 10, 4, 0, 1, 22, 10, 22 }, // U+0302
    { 9, 3, 0, 2, 22, 7, 32 }, // U+0303
    { 10, 3, 0, 1, 22, 8, 39 }, // U+0304
    { 10, 4, 0, 2, 22, 10, 47 }, // U+0306
    { 4, 4, 0, 1, 22, 4, 57 }, // U+0307
    { 8, 4, 0, 1, 22, 8, 61 }, // U+0308
    { 5, 6, 0, 8, 23, 8, 69 }, // U+0309
    { 8, 7, 0, 1, 24, 14, 77 }, // U+030A
    { 11, 6, 0, 2, 22, 17, 91 }, // U+030B
    { 9, 4, 0, 2, 22, 9, 108 }, // U+030C
    { 10, 6, 0, 2, 22, 15, 117 }, // U+030F
    { 10, 4, 0, 1, 22, 10, 132 }, // U+0311
    { 4, 6, 0, 3, 24, 6, 142 }, // U+0312
    { 6, 5, 0, 8, 18, 8, 148 }, // U+031B
    { 4, 4, 0, -2, -1, 4, 156 }, // U+0323
    { 8, 4, 0, -1, -1, 8, 160 }, // U+0324
    { 4, 5, 0, -2, -2, 5, 168 }, // U+0326
    { 7, 8, 0, -2, 1, 14, 173 }, // U+0327
    { 7, 6, 0, -2, 1, 11, 187 }, // U+0328
    { 10, 4, 0, -1, -1, 10, 198 }, // U+032E
    { 11, 3, 0, -1, -1, 9, 208 }, // U+0331
    { 13, 3, 0, 1, 9, 10, 217 }, // U+0335
    { 19, 22, 305, -1, 22, 105, 0 }, // U+0394
    { 21, 22, 358, 1, 22, 116, 105 }, // U+03A9
    { 16, 21, 270, 0, 16, 84, 221 }, // U+03BC
    { 19, 16, 309, 1, 16, 76, 305 }, // U+03C0
    { 18, 28, 293, 1, 28, 126, 0 }, // U+0400
    { 18, 28, 293, 1, 28, 126, 126 }, // U+0401
    { 21, 23, 374, 2, 22, 121, 252 }, // U+0402
    { 17, 28, 265, 1, 28, 119, 373 }, // U+0403
    { 19, 23, 330, 2, 22, 110, 492 }, // U+0404
    { 19, 23, 299, 0, 22, 110, 602 }, // U+0405
    { 7, 22, 135, 1, 22, 39, 712 }, // U+0406
    { 10, 28, 135, 1, 28, 70, 751 }, // U+0407
    { 12, 23, 195, 0, 22, 69, 821 }, // U+0408
    { 31, 22, 496, -1, 22, 171, 890 }, // U+0409
    { 30, 22, 506, 1, 22, 165, 1061 }, // U+040A
    { 21, 22, 382, 2, 22, 116, 1226 }, // U+040B
    { 20, 28, 320, 1, 28, 140, 1342 }, // U+040C
    { 21, 28, 363, 1, 28, 147, 1482 }, // U+040D
    { 18, 29, 283, 2, 28, 131, 1629 }, // U+040E
    { 20, 26, 341, 1, 22, 130, 1760 }, // U+040F
    { 19, 22, 339, 0, 22, 105, 1890 }, // U+0410
    { 19, 22, 329, 1, 22, 105, 1995 }, // U+0411
    { 19, 22, 326, 1, 22, 105, 2100 }, // U+0412
    { 17, 22, 265, 1, 22, 94, 2205 }, // U+0413
    { 22, 27, 352, -1, 22, 149, 2299 }, // U+0414
    { 18, 22, 293, 1, 22, 99, 2448 }, // U+0415
    { 29, 22, 442, -1, 22, 160, 2547 }, // U+0416
    { 18, 23, 313, 1, 22, 104, 2707 }, // U+0417
    { 21, 22, 363, 1, 22, 116, 2811 }, // U+0418
    { 21, 28, 363, 1, 28, 147, 2927 }, // U+0419
    { 20, 22, 320, 1, 22, 110, 3074 }, // U+041A
    { 22, 22, 345, -1, 22, 121, 3184 }, // U+041B
    { 25, 22, 423, 1, 22, 138, 3305 }, // U+041C
    { 20, 22, 349, 1, 22, 110, 3443 }, // U+041D
    { 19, 23, 357, 2, 22, 110, 3553 }, // U+041E
    { 20, 22, 349, 1, 22, 110, 3663 }, // U+041F
    { 19, 22, 322, 1, 22, 105, 3773 }, // U+0420
    { 19, 23, 330, 2, 22, 110, 3878 }, // U+0421
    { 18, 22, 301, 2, 22, 99, 3988 }, // U+0422
    { 18, 23, 283, 2, 22, 104, 4087 }, // U+0423
    { 25, 24, 449, 2, 23, 150, 4191 }, // U+0424
    { 21, 22, 321, 0, 22, 116, 4341 }, // U+0425
    { 20, 27, 351, 1, 22, 135, 4457 }, // U+0426
    { 18, 22, 323, 2, 22, 99, 4592 }, // U+0427
    { 28, 22, 470, 1, 22, 154, 4691 }, // U+0428
    { 28, 27, 484, 1, 22, 189, 4845 }, // U+0429
    { 20, 22, 369, 2, 22, 110, 5034 }, // U+042A
    { 25, 22, 426, 1, 22, 138, 5144 }, // U+042B
    { 18, 22, 309, 1, 22, 99, 5282 }, // U+042C
    { 19, 23, 336, 1, 22, 110, 5381 }, // U+042D
    { 29, 23, 489, 1, 22, 167, 5491 }, // U+042E
    { 20, 22, 325, 0, 22, 110, 5658 }, // U+042F
    { 15, 17, 256, 0, 16, 64, 5768 }, // U+0430
    { 16, 24, 286, 1, 23, 96, 5832 }, // U+0431
    { 15, 17, 264, 1, 16, 64, 5928 }, // U+0432
    { 13, 16, 204, 1, 16, 52, 5992 }, // U+0433
    { 17, 20, 274, -1, 16, 85, 6044 }, // U+0434
    { 15, 17, 271, 1, 16, 64, 6129 }, // U+0435
    { 24, 17, 372, -1, 16, 102, 6193 }, // U+0436
    { 15, 17, 244, 0, 16, 64, 6295 }, // U+0437
    { 16, 16, 285, 1, 16, 64, 6359 }, // U+0438
    { 16, 22, 285, 1, 22, 88, 6423 }, // U+0439
    { 15, 17, 263, 1, 16, 64, 6511 }, // U+043A
    { 17, 17, 277, -1, 16, 73, 6575 }, // U+043B
    { 18, 16, 325, 1, 16, 72, 6648 }, // U+043C
    { 16, 16, 281, 1, 16, 64, 6720 }, // U+043D
    { 16, 17, 280, 1, 16, 68, 6784 }, // U+043E
    { 16, 16, 281, 1, 16, 64, 6852 }, // U+043F
    { 17, 21, 279, 0, 16, 90, 6916 }, // U+0440
    { 15, 17, 253, 1, 16, 64, 7006 }, // U+0441
    { 14, 16, 222, 1, 16, 56, 7070 }, // U+0442
    { 17, 21, 247, -1, 16, 90, 7126 }, // U+0443
    { 22, 27, 386, 1, 22, 149, 7216 }, // U+0444
    { 17, 16, 254, -1, 16, 68, 7365 }, // U+0445
    { 16, 20, 283, 1, 16, 80, 7433 }, // U+0446
    { 15, 16, 266, 1, 16, 60, 7513 }, // U+0447
    { 21, 16, 372, 1, 16, 84, 7573 }, // U+0448
    { 22, 20, 377, 1, 16, 110, 7657 }, // U+0449
    { 16, 16, 292, 1, 16, 64, 7767 }, // U+044A
    { 19, 17, 337, 1, 16, 81, 7831 }, // U+044B
    { 13, 17, 246, 1, 16, 56, 7912 }, // U+044C
    { 16, 17, 263, 0, 16, 68, 7968 }, // U+044D
    { 22, 17, 388, 1, 16, 94, 8036 }, // U+044E
    { 15, 17, 253, 0, 16, 64, 8130 }, // U+044F
    { 15, 23, 271, 1, 22, 87, 8194 }, // U+0450
    { 15, 23, 271, 1, 22, 87, 8281 }, // U+0451
    { 15, 27, 280, 1, 22, 102, 8368 }, // U+0452
    { 13, 22, 204, 1, 22, 72, 8470 }, // U+0453
    { 15, 17, 259, 1, 16, 64, 8542 }, // U+0454
    { 14, 17, 239, 0, 16, 60, 8606 }, // U+0455
    { 6, 22, 112, 1, 22, 33, 8666 }, // U+0456
    { 8, 22, 112, 1, 22, 44, 8699 }, // U+0457
    { 11, 27, 112, -4, 22, 75, 8743 }, // U+0458
    { 25, 17, 399, -1, 16, 107, 8818 }, // U+0459
    { 23, 16, 403, 1, 16, 92, 8925 }, // U+045A
    { 15, 22, 277, 1, 22, 83, 9017 }, // U+045B
    { 15, 23, 263, 1, 22, 87, 9100 }, // U+045C
    { 16, 22, 285, 1, 22, 88, 9187 }, // U+045D
    { 17, 27, 247, -1, 22, 115, 9275 }, // U+045E
    { 16, 20, 281, 1, 16, 80, 9390 }, // U+045F
    { 19, 23, 346, 2, 23, 110, 9470 }, // U+0462
    { 15, 23, 267, 1, 22, 87, 9580 }, // U+0463
    { 24, 22, 386, -1, 22, 132, 9667 }, // U+046A
    { 20, 17, 320, -1, 16, 85, 9799 }, // U+046B
    { 19, 23, 356, 2, 23, 110, 9884 }, // U+0472
    { 16, 17, 280, 1, 16, 68, 9994 }, // U+0473
    { 21, 23, 343, 3, 23, 121, 10062 }, // U+0474
    { 17, 16, 253, 1, 16, 68, 10183 }, // U+0475
    { 21, 32, 373, 1, 28, 168, 10251 }, // U+048A
    { 16, 26, 295, 1, 22, 104, 10419 }, // U+048B
    { 18, 23, 323, 1, 23, 104, 10523 }, // U+048C
    { 14, 23, 257, 1, 22, 81, 10627 }, // U+048D
    { 20, 22, 324, 1, 22, 110, 10708 }, // U+048E
    { 17, 21, 279, 0, 16, 90, 10818 }, // U+048F
    { 18, 26, 265, 1, 26, 117, 10908 }, // U+0490
    { 13, 20, 204, 1, 20, 65, 11025 }, // U+0491
    { 19, 22, 270, 0, 22, 105, 11090 }, // U+0492
    { 15, 17, 215, 0, 16, 64, 11195 }, // U+0493
    { 17, 25, 308, 1, 22, 107, 11259 }, // U+0494
    { 14, 21, 254, 1, 16, 74, 11366 }, // U+0495
    { 29, 26, 460, -1, 22, 189, 11440 }, // U+0496
    { 24, 20, 380, -1, 16, 120, 11629 }, // U+0497
    { 18, 26, 313, 1, 22, 117, 11749 }, // U+0498
    { 15, 20, 244, 0, 16, 75, 11866 }, // U+0499
    { 20, 26, 338, 1, 22, 130, 11941 }, // U+049A
    { 15, 20, 272, 1, 16, 75, 12071 }, // U+049B
    { 20, 22, 320, 1, 22, 110, 12146 }, // U+049C
    { 16, 17, 263, 1, 16, 68, 12256 }, // U+049D
    { 21, 22, 320, 0, 22, 116, 12324 }, // U+049E
    { 16, 23, 267, 1, 22, 92, 12440 }, // U+049F
    { 23, 22, 386, 2, 22, 127, 12532 }, // U+04A0
    { 19, 17, 316, 1, 16, 81, 12659 }, // U+04A1
    { 20, 27, 365, 1, 22, 135, 12740 }, // U+04A2
    { 16, 20, 288, 1, 16, 80, 12875 }, // U+04A3
    { 29, 22, 445, 1, 22, 160, 12955 }, // U+04A4
    { 22, 16, 350, 1, 16, 88, 13115 }, // U+04A5
    { 22, 23, 408, 2, 22, 127, 13203 }, // U+04A8
    { 17, 17, 306, 1, 16, 73, 13330 }, // U+04A9
    { 19, 26, 330, 2, 22, 124, 13403 }, // U+04AA
    { 15, 20, 253, 1, 16, 75, 13527 }, // U+04AB
    { 18, 27, 301, 2, 22, 122, 13602 }, // U+04AC
    { 14, 20, 222, 1, 16, 70, 13724 }, // U+04AD
    { 18, 22, 315, 3, 22, 99, 13794 }, // U+04AE
    { 16, 21, 255, 1, 16, 84, 13893 }, // U+04AF
    { 18, 22, 315, 3, 22, 99, 13977 }, // U+04B0
    { 16, 21, 255, 1, 16, 84, 14076 }, // U+04B1
    { 21, 26, 333, 0, 22, 137, 14160 }, // U+04B2
    { 17, 20, 265, -1, 16, 85, 14297 }, // U+04B3
    { 23, 26, 426, 2, 22, 150, 14382 }, // U+04B4
    { 18, 20, 323, 1, 16, 90, 14532 }, // U+04B5
    { 18, 27, 338, 2, 22, 122, 14622 }, // U+04B6
    { 15, 20, 273, 1, 16, 75, 14744 }, // U+04B7
    { 18, 22, 326, 2, 22, 99, 14819 }, // U+04B8
    { 15, 16, 270, 1, 16, 60, 14918 }, // U+04B9
    { 18, 22, 323, 1, 22, 99, 14978 }, // U+04BA
    { 15, 22, 273, 1, 22, 83, 15077 }, // U+04BB
    { 18, 27, 338, 2, 22, 122, 15160 }, // U+04BC
    { 15, 20, 273, 1, 16, 75, 15282 }, // U+04BD
    { 24, 26, 390, 0, 22, 156, 15357 }, // U+04BE
    { 19, 20, 311, 0, 16, 95, 15513 }, // U+04BF
    { 7, 22, 135, 1, 22, 39, 15608 }, // U+04C0
    { 29, 28, 442, -1, 28, 203, 15647 }, // U+04C1
    { 24, 23, 372, -1, 22, 138, 15850 }, // U+04C2
    { 20, 27, 319, 1, 22, 135, 15988 }, // U+04C3
    { 15, 21, 264, 1, 16, 79, 16123 }, // U+04C4
    { 22, 26, 354, -1, 22, 143, 16202 }, // U+04C5
    { 18, 20, 286, -1, 16, 90, 16345 }, // U+04C6
    { 20, 28, 349, 1, 22, 140, 16435 }, // U+04C7
    { 16, 21, 281, 1, 16, 84, 16575 }, // U+04C8
    { 20, 26, 360, 1, 22, 130, 16659 }, // U+04C9
    { 16, 20, 290, 1, 16, 80, 16789 }, // U+04CA
    { 18, 27, 338, 2, 22, 122, 16869 }, // U+04CB
    { 15, 20, 273, 1, 16, 75, 16991 }, // U+04CC
    { 25, 26, 441, 1, 22, 163, 17066 }, // U+04CD
    { 19, 20, 334, 1, 16, 95, 17229 }, // U+04CE
    { 6, 22, 112, 1, 22, 33, 17324 }, // U+04CF
    { 19, 28, 339, 0, 28, 133, 17357 }, // U+04D0
    { 15, 23, 256, 0, 22, 87, 17490 }, // U+04D1
    { 19, 28, 339, 0, 28, 133, 17577 }, // U+04D2
    { 15, 23, 256, 0, 22, 87, 17710 }, // U+04D3
    { 30, 22, 470, 0, 22, 165, 17797 }, // U+04D4
    { 27, 17, 432, 0, 16, 115, 17962 }, // U+04D5
    { 18, 28, 293, 1, 28, 126, 18077 }, // U+04D6
    { 15, 23, 271, 1, 22, 87, 18203 }, // U+04D7
    { 19, 23, 356, 2, 22, 110, 18290 }, // U+04D8
    { 15, 17, 271, 1, 16, 64, 18400 }, // U+04D9
    { 19, 29, 356, 2, 28, 138, 18464 }, // U+04DA
    { 15, 23, 271, 1, 22, 87, 18602 }, // U+04DB
    { 29, 28, 442, -1, 28, 203, 18689 }, // U+04DC
    { 24, 23, 372, -1, 22, 138, 18892 }, // U+04DD
    { 18, 29, 313, 1, 28, 131, 19030 }, // U+04DE
    { 15, 23, 244, 0, 22, 87, 19161 }, // U+04DF
    { 19, 23, 296, 0, 22, 110, 19248 }, // U+04E0
    { 16, 22, 246, -1, 16, 88, 19358 }, // U+04E1
    { 21, 28, 363, 1, 28, 147, 19446 }, // U+04E2
    { 16, 22, 285, 1, 22, 88, 19593 }, // U+04E3
    { 21, 28, 363, 1, 28, 147, 19681 }, // U+04E4
    { 16, 22, 285, 1, 22, 88, 19828 }, // U+04E5
    { 19, 29, 357, 2, 28, 138, 19916 }, // U+04E6
    { 16, 23, 280, 1, 22, 92, 20054 }, // U+04E7
    { 19, 23, 356, 2, 23, 110, 20146 }, // U+04E8
    { 16, 17, 280, 1, 16, 68, 20256 }, // U+04E9
    { 19, 28, 356, 2, 28, 133, 20324 }, // U+04EA
    { 16, 23, 280, 1, 22, 92, 20457 }, // U+04EB
    { 19, 29, 336, 1, 28, 138, 20549 }, // U+04EC
    { 16, 23, 263, 0, 22, 92, 20687 }, // U+04ED
    { 18, 29, 283, 2, 28, 131, 20779 }, // U+04EE
    { 17, 27, 247, -1, 22, 115, 20910 }, // U+04EF
    { 18, 29, 283, 2, 28, 131, 21025 }, // U+04F0
    { 17, 27, 247, -1, 22, 115, 21156 }, // U+04F1
    { 18, 29, 283, 2, 28, 131, 21271 }, // U+04F2
    { 17, 27, 247, -1, 22, 115, 21402 }, // U+04F3
    { 18, 28, 323, 2, 28, 126, 21517 }, // U+04F4
    { 15, 22, 266, 1, 22, 83, 21643 }, // U+04F5
    { 17, 27, 265, 1, 22, 115, 21726 }, // U+04F6
    { 13, 20, 204, 1, 16, 65, 21841 }, // U+04F7
    { 25, 28, 426, 1, 28, 175, 21906 }, // U+04F8
    { 19, 23, 337, 1, 22, 110, 22081 }, // U+04F9
    { 19, 28, 270, 0, 22, 133, 22191 }, // U+04FA
    { 15, 21, 215, 0, 16, 79, 22324 }, // U+04FB
    { 21, 28, 314, 0, 22, 147, 22403 }, // U+04FC
    { 17, 21, 246, -1, 16, 90, 22550 }, // U+04FD
    { 21, 22, 321, 0, 22, 116, 22640 }, // U+04FE
    { 17, 16, 254, -1, 16, 68, 22756 }, // U+04FF
    { 19, 27, 339, 0, 22, 129, 0 }, // U+1EA0
    { 15, 21, 256, 0, 16, 79, 129 }, // U+1EA1
    { 19, 29, 339, 0, 29, 138, 208 }, // U+1EA2
    { 15, 24, 256, 0, 23, 90, 346 }, // U+1EA3
    { 19, 33, 339, 0, 33, 157, 436 }, // U+1EA4
    { 15, 27, 256, 0, 26, 102, 593 }, // U+1EA5
    { 19, 33, 339, 0, 33, 157, 695 }, // U+1EA6
    { 15, 27, 256, 0, 26, 102, 852 }, // U+1EA7
    { 21, 32, 339, 0, 32, 168, 954 }, // U+1EA8
    { 17, 27, 256, 0, 26, 115, 1122 }, // U+1EA9
    { 19, 33, 339, 0, 33, 157, 1237 }, // U+1EAA
    { 15, 27, 256, 0, 26, 102, 1394 }, // U+1EAB
    { 19, 33, 339, 0, 28, 157, 1496 }, // U+1EAC
    { 15, 27, 256, 0, 22, 102, 1653 }, // U+1EAD
    { 19, 33, 339, 0, 33, 157, 1755 }, // U+1EAE
    { 15, 28, 256, 0, 27, 105, 1912 }, // U+1EAF
    { 19, 33, 339, 0, 33, 157, 2017 }, // U+1EB0
    { 15, 28, 256, 0, 27, 105, 2174 }, // U+1EB1
    { 19, 33, 339, 0, 33, 157, 2279 }, // U+1EB2
    { 15, 28, 256, 0, 27, 105, 2436 }, // U+1EB3
    { 19, 33, 339, 0, 33, 157, 2541 }, // U+1EB4
    { 15, 28, 256, 0, 27, 105, 2698 }, // U+1EB5
    { 19, 33, 339, 0, 28, 157, 2803 }, // U+1EB6
    { 15, 27, 256, 0, 22, 102, 2960 }, // U+1EB7
    { 18, 27, 293, 1, 22, 122, 3062 }, // U+1EB8
    { 15, 21, 271, 1, 16, 79, 3184 }, // U+1EB9
    { 18, 29, 293, 1, 29, 131, 3263 }, // U+1EBA
    { 15, 24, 271, 1, 23, 90, 3394 }, // U+1EBB
    { 18, 28, 293, 1, 28, 126, 3484 }, // U+1EBC
    { 15, 23, 271, 1, 22, 87, 3610 }, // U+1EBD
    { 18, 33, 293, 1, 33, 149, 3697 }, // U+1EBE
    { 15, 27, 271, 1, 26, 102, 3846 }, // U+1EBF
    { 18, 33, 293, 1, 33, 149, 3948 }, // U+1EC0
    { 15, 27, 271, 1, 26, 102, 4097 }, // U+1EC1
    { 19, 32, 293, 1, 32, 152, 4199 }, // U+1EC2
    { 17, 27, 271, 1, 26, 115, 4351 }, // U+1EC3
    { 18, 33, 293, 1, 33, 149, 4466 }, // U+1EC4
    { 15, 27, 271, 1, 26, 102, 4615 }, // U+1EC5
    { 18, 33, 293, 1, 28, 149, 4717 }, // U+1EC6
    { 15, 27, 271, 1, 22, 102, 4866 }, // U+1EC7
    { 9, 29, 135, 1, 29, 66, 4968 }, // U+1EC8
    { 7, 23, 112, 1, 23, 41, 5034 }, // U+1EC9
    { 7, 27, 135, 1, 22, 48, 5075 }, // U+1ECA
    { 7, 27, 112, 0, 22, 48, 5123 }, // U+1ECB
    { 19, 27, 357, 2, 22, 129, 5171 }, // U+1ECC
    { 16, 21, 280, 1, 16, 84, 5300 }, // U+1ECD
    { 19, 30, 357, 2, 29, 143, 5384 }, // U+1ECE
    { 16, 24, 280, 1, 23, 96, 5527 }, // U+1ECF
    { 19, 34, 357, 2, 33, 162, 5623 }, // U+1ED0
    { 16, 27, 280, 1, 26, 108, 5785 }, // U+1ED1
    { 19, 34, 357, 2, 33, 162, 5893 }, // U+1ED2
    { 16, 27, 280, 1, 26, 108, 6055 }, // U+1ED3
    { 19, 33, 357, 2, 32, 157, 6163 }, // U+1ED4
    { 17, 27, 280, 1, 26, 115, 6320 }, // U+1ED5
    { 19, 34, 357, 2, 33, 162, 6435 }, // U+1ED6
    { 16, 27, 280, 1, 26, 108, 6597 }, // U+1ED7
    { 19, 33, 357, 2, 28, 157, 6705 }, // U+1ED8
    { 16, 27, 280, 1, 22, 108, 6862 }, // U+1ED9
    { 19, 29, 357, 2, 28, 138, 6970 }, // U+1EDA
    { 16, 23, 280, 1, 22, 92, 7108 }, // U+1EDB
    { 19, 29, 357, 2, 28, 138, 7200 }, // U+1EDC
    { 16, 23, 280, 1, 22, 92, 7338 }, // U+1EDD
    { 19, 30, 357, 2, 29, 143, 7430 }, // U+1EDE
    { 16, 24, 280, 1, 23, 96, 7573 }, // U+1EDF
    { 19, 29, 357, 2, 28, 138, 7669 }, // U+1EE0
    { 16, 23, 280, 1, 22, 92, 7807 }, // U+1EE1
    { 19, 29, 357, 2, 24, 138, 7899 }, // U+1EE2
    { 16, 23, 280, 1, 18, 92, 8037 }, // U+1EE3
    { 19, 27, 331, 2, 22, 129, 8129 }, // U+1EE4
    { 15, 21, 270, 1, 16, 79, 8258 }, // U+1EE5
    { 19, 30, 331, 2, 29, 143, 8337 }, // U+1EE6
    { 15, 24, 270, 1, 23, 90, 8480 }, // U+1EE7
    { 22, 29, 331, 2, 28, 160, 8570 }, // U+1EE8
    { 18, 23, 270, 1, 22, 104, 8730 }, // U+1EE9
    { 22, 29, 331, 2, 28, 160, 8834 }, // U+1EEA
    { 18, 23, 270, 1, 22, 104, 8994 }, // U+1EEB
    { 22, 30, 331, 2, 29, 165, 9098 }, // U+1EEC
    { 18, 24, 270, 1, 23, 108, 9263 }, // U+1EED
    { 22, 29, 331, 2, 28, 160, 9371 }, // U+1EEE
    { 18, 23, 270, 1, 22, 104, 9531 }, // U+1EEF
    { 22, 29, 331, 2, 24, 160, 9635 }, // U+1EF0
    { 18, 23, 270, 1, 18, 104, 9795 }, // U+1EF1
    { 18, 28, 315, 3, 28, 126, 9899 }, // U+1EF2
    { 17, 27, 247, -1, 22, 115, 10025 }, // U+1EF3
    { 18, 27, 315, 3, 22, 122, 10140 }, // U+1EF4
    { 17, 21, 247, -1, 16, 90, 10262 }, // U+1EF5
    { 18, 29, 315, 3, 29, 131, 10352 }, // U+1EF6
    { 17, 28, 247, -1, 23, 119, 10483 }, // U+1EF7
    { 18, 28, 315, 3, 28, 126, 10602 }, // U+1EF8
    { 17, 27, 247, -1, 22, 115, 10728 }, // U+1EF9
    { 0, 0, 280, 0, 0, 0, 0 }, // U+2007
    { 0, 0, 145, 0, 0, 0, 0 }, // U+2008
    { 0, 0, 145, 0, 0, 0, 0 }, // U+2009
    { 0, 0, 111, 0, 0, 0, 0 }, // U+200A
    { 0, 0, 77, 0, 0, 0, 0 }, // U+200B
    { 9, 3, 280, 1, 9, 7, 0 }, // U+2010
    { 17, 3, 307, 1, 9, 13, 7 }, // U+2012
    { 14, 3, 260, 1, 9, 11, 20 }, // U+2013
    { 23, 3, 411, 1, 9, 18, 31 }, // U+2014
    { 23, 3, 280, 1, 9, 18, 49 }, // U+2015
    { 6, 8, 104, 3, 22, 12, 67 }, // U+2018
    { 5, 8, 104, 2, 22, 10, 79 }, // U+2019
    { 6, 8, 104, -1, 4, 12, 89 }, // U+201A
    { 11, 8, 186, 2, 22, 22, 101 }, // U+201C
    { 11, 8, 186, 2, 22, 22, 123 }, // U+201D
    { 11, 8, 169, -2, 4, 22, 145 }, // U+201E
    { 14, 27, 209, 0, 22, 95, 167 }, // U+2020
    { 15, 27, 209, -1, 22, 102, 262 }, // U+2021
    { 6, 6, 145, 2, 14, 9, 364 }, // U+2022
    { 20, 4, 350, -1, 4, 20, 373 }, // U+2026
    { 35, 23, 618, 2, 22, 202, 393 }, // U+2030
    { 7, 9, 105, 0, 22, 16, 595 }, // U+2032
    { 12, 9, 184, 0, 22, 27, 611 }, // U+2033
    { 7, 12, 125, 1, 14, 21, 638 }, // U+2039
    { 7, 12, 125, 0, 14, 21, 659 }, // U+203A
    { 20, 23, 114, -6, 22, 115, 680 }, // U+2044
    { 20, 23, 311, 0, 22, 115, 795 }, // U+2052
    { 11, 15, 226, 1, 25, 42, 0 }, // U+2070
    { 12, 14, 225, 0, 25, 42, 42 }, // U+2074
    { 12, 15, 219, 0, 25, 45, 84 }, // U+2075
    { 11, 14, 221, 1, 25, 39, 129 }, // U+2076
    { 10, 14, 202, 2, 25, 35, 168 }, // U+2077
    { 12, 15, 219, 0, 25, 45, 203 }, // U+2078
    { 11, 14, 221, 1, 25, 39, 248 }, // U+2079
    { 15, 22, 280, 0, 22, 83, 0 }, // U+20A1
    { 20, 22, 286, -1, 22, 110, 83 }, // U+20A3
    { 18, 22, 287, -1, 22, 99, 193 }, // U+20A4
    { 23, 22, 344, 0, 22, 127, 292 }, // U+20A6
    { 30, 23, 506, 1, 22, 173, 419 }, // U+20A7
    { 32, 22, 490, 0, 22, 176, 592 }, // U+20A9
    { 17, 22, 236, 0, 22, 94, 768 }, // U+20AB
    { 20, 23, 280, -1, 22, 115, 862 }, // U+20AC
    { 22, 22, 337, 0, 22, 121, 977 }, // U+20AD
    { 18, 22, 301, 2, 22, 99, 1098 }, // U+20AE
    { 22, 22, 372, 2, 22, 121, 1197 }, // U+20B1
    { 19, 27, 345, 2, 24, 129, 1318 }, // U+20B2
    { 18, 23, 297, 0, 22, 104, 1447 }, // U+20B4
    { 19, 27, 330, 2, 24, 129, 1551 }, // U+20B5
    { 18, 22, 302, 2, 22, 99, 1680 }, // U+20B8
    { 19, 22, 270, 0, 22, 105, 1779 }, // U+20B9
    { 16, 22, 260, 0, 22, 88, 1884 }, // U+20BA
    { 19, 25, 336, 1, 24, 119, 1972 }, // U+20BC
    { 21, 22, 343, 0, 22, 116, 2091 }, // U+20BD
    { 25, 23, 451, 1, 22, 144, 0 }, // U+2153
    { 26, 23, 453, 1, 22, 150, 144 }, // U+2154
    { 25, 23, 455, 1, 22, 144, 294 }, // U+215B
    { 26, 23, 472, 1, 22, 150, 438 }, // U+215C
    { 27, 23, 473, 1, 22, 156, 588 }, // U+215D
    { 23, 23, 433, 2, 22, 133, 744 }, // U+215E
    { 17, 23, 276, 0, 22, 98, 0 }, // U+2202
    { 16, 14, 272, 1, 18, 56, 98 }, // U+2205
    { 19, 22, 305, -1, 22, 105, 154 }, // U+2206
    { 19, 22, 305, 2, 22, 105, 259 }, // U+220F
    { 18, 22, 245, -1, 22, 99, 364 }, // U+2211
    { 14, 3, 260, 2, 12, 11, 463 }, // U+2212
    { 13, 24, 161, -1, 22, 78, 474 }, // U+2215
    { 6, 6, 145, 2, 14, 9, 552 }, // U+2219
    { 21, 30, 296, 0, 25, 158, 561 }, // U+221A
    { 20, 10, 340, 1, 13, 50, 719 }, // U+221E
    { 17, 31, 205, -2, 25, 132, 769 }, // U+222B
    { 15, 10, 265, 1, 15, 38, 901 }, // U+2248
    { 15, 18, 280, 0, 19, 68, 939 }, // U+2260
    { 16, 18, 257, 0, 19, 72, 1007 }, // U+2264
    { 15, 19, 257, 1, 20, 72, 1079 }, // U+2265
    { 17, 22, 288, 1, 22, 94, 0 }, // U+FB01
    { 17, 22, 288, 1, 22, 94, 94 }, // U+FB02
};

static const EpdUnicodeInterval librefranklin_reader_14_italicIntervals[] = {
    { 0x20, 0x7E, 0x0 },
    { 0xA0, 0xAC, 0x5F },
    { 0xAE, 0x17E, 0x6C },
    { 0x1A0, 0x1A1, 0x13D },
    { 0x1AF, 0x1B0, 0x13F },
    { 0x1C4, 0x1CC, 0x141 },
    { 0x1E6, 0x1E7, 0x14A },
    { 0x1EA, 0x1EB, 0x14C },
    { 0x1F1, 0x1F5, 0x14E },
    { 0x1FA, 0x21B, 0x153 },
    { 0x300, 0x304, 0x175 },
    { 0x306, 0x30C, 0x17A },
    { 0x30F, 0x30F, 0x181 },
    { 0x311, 0x312, 0x182 },
    { 0x31B, 0x31B, 0x184 },
    { 0x323, 0x324, 0x185 },
    { 0x326, 0x328, 0x187 },
    { 0x32E, 0x32E, 0x18A },
    { 0x331, 0x331, 0x18B },
    { 0x335, 0x335, 0x18C },
    { 0x394, 0x394, 0x18D },
    { 0x3A9, 0x3A9, 0x18E },
    { 0x3BC, 0x3BC, 0x18F },
    { 0x3C0, 0x3C0, 0x190 },
    { 0x400, 0x45F, 0x191 },
    { 0x462, 0x463, 0x1F1 },
    { 0x46A, 0x46B, 0x1F3 },
    { 0x472, 0x475, 0x1F5 },
    { 0x48A, 0x4A5, 0x1F9 },
    { 0x4A8, 0x4FF, 0x215 },
    { 0x1EA0, 0x1EF9, 0x26D },
    { 0x2007, 0x200B, 0x2C7 },
    { 0x2010, 0x2010, 0x2CC },
    { 0x2012, 0x2015, 0x2CD },
    { 0x2018, 0x201A, 0x2D1 },
    { 0x201C, 0x201E, 0x2D4 },
    { 0x2020, 0x2022, 0x2D7 },
    { 0x2026, 0x2026, 0x2DA },
    { 0x2030, 0x2030, 0x2DB },
    { 0x2032, 0x2033, 0x2DC },
    { 0x2039, 0x203A, 0x2DE },
    { 0x2044, 0x2044, 0x2E0 },
    { 0x2052, 0x2052, 0x2E1 },
    { 0x2070, 0x2070, 0x2E2 },
    { 0x2074, 0x2079, 0x2E3 },
    { 0x20A1, 0x20A1, 0x2E9 },
    { 0x20A3, 0x20A4, 0x2EA },
    { 0x20A6, 0x20A7, 0x2EC },
    { 0x20A9, 0x20A9, 0x2EE },
    { 0x20AB, 0x20AE, 0x2EF },
    { 0x20B1, 0x20B2, 0x2F3 },
    { 0x20B4, 0x20B5, 0x2F5 },
    { 0x20B8, 0x20BA, 0x2F7 },
    { 0x20BC, 0x20BD, 0x2FA },
    { 0x2153, 0x2154, 0x2FC },
    { 0x215B, 0x215E, 0x2FE },
    { 0x2202, 0x2202, 0x302 },
    { 0x2205, 0x2206, 0x303 },
    { 0x220F, 0x220F, 0x305 },
    { 0x2211, 0x2212, 0x306 },
    { 0x2215, 0x2215, 0x308 },
    { 0x2219, 0x221A, 0x309 },
    { 0x221E, 0x221E, 0x30B },
    { 0x222B, 0x222B, 0x30C },
    { 0x2248, 0x2248, 0x30D },
    { 0x2260, 0x2260, 0x30E },
    { 0x2264, 0x2265, 0x30F },
    { 0xFB01, 0xFB02, 0x311 },
};

static const EpdFontGroup librefranklin_reader_14_italicGroups[] = {
    { 0, 3952, 7949, 95, 0 },
    { 3952, 3260, 9033, 95, 95 },
    { 7212, 3875, 14441, 127, 190 },
    { 11087, 2718, 7477, 56, 317 },
    { 13805, 235, 259, 24, 373 },
    { 14040, 251, 406, 4, 397 },
    { 14291, 7319, 24577, 220, 401 },
    { 21610, 1947, 11642, 90, 621 },
    { 23557, 532, 970, 27, 711 },
    { 24089, 246, 303, 7, 738 },
    { 24335, 1278, 2349, 19, 745 },
    { 25613, 585, 943, 6, 764 },
    { 26198, 658, 1266, 15, 770 },
    { 26856, 107, 220, 2, 785 },
};

static const EpdKernClassEntry librefranklin_reader_14_italicKernLeftClasses[] = {
    { 0x0022, 1 }, // "
    { 0x0027, 1 }, // '
    { 0x0028, 2 }, // (
    { 0x002C, 3 }, // ,
    { 0x002D, 4 }, // -
    { 0x002E, 3 }, // .
    { 0x0041, 5 }, // A
    { 0x0042, 6 }, // B
    { 0x0043, 7 }, // C
    { 0x0044, 8 }, // D
    { 0x0045, 9 }, // E
    { 0x0046, 10 }, // F
    { 0x0047, 11 }, // G
    { 0x004A, 12 }, // J
    { 0x004B, 13 }, // K
    { 0x004C, 14 }, // L
    { 0x004F, 8 }, // O
    { 0x0050, 15 }, // P
    { 0x0051, 8 }, // Q
    { 0x0052, 16 }, // R
    { 0x0053, 17 }, // S
    { 0x0054, 18 }, // T
    { 0x0055, 19 }, // U
    { 0x0056, 20 }, // V
    { 0x0057, 21 }, // W
    { 0x0058, 22 }, // X
    { 0x0059, 23 }, // Y
    { 0x005A, 24 }, // Z
    { 0x005B, 25 }, // [
    { 0x0061, 26 }, // a
    { 0x0062, 27 }, // b
    { 0x0063, 28 }, // c
    { 0x0065, 29 }, // e
    { 0x0066, 30 }, // f
    { 0x0067, 31 }, // g
    { 0x0068, 32 }, // h
    { 0x006A, 33 }, // j
    { 0x006B, 34 }, // k
    { 0x006D, 32 }, // m
    { 0x006E, 32 }, // n
    { 0x006F, 35 }, // o
    { 0x0070, 27 }, // p
    { 0x0072, 36 }, // r
    { 0x0073, 37 }, // s
    { 0x0074, 38 }, // t
    { 0x0076, 39 }, // v
    { 0x0077, 40 }, // w
    { 0x0078, 41 }, // x
    { 0x0079, 42 }, // y
    { 0x007A, 43 }, // z
    { 0x007B, 44 }, // {
    { 0x00BF, 45 }, // U+00BF
    { 0x00C0, 5 }, // U+00C0
    { 0x00C1, 5 }, // U+00C1
    { 0x00C2, 5 }, // U+00C2
    { 0x00C3, 5 }, // U+00C3
    { 0x00C4, 5 }, // U+00C4
    { 0x00C5, 5 }, // U+00C5
    { 0x00C6, 9 }, // U+00C6
    { 0x00C7, 7 }, // U+00C7
    { 0x00C8, 9 }, // U+00C8
    { 0x00C9, 9 }, // U+00C9
    { 0x00CA, 9 }, // U+00CA
    { 0x00CB, 9 }, // U+00CB
    { 0x00D0, 8 }, // U+00D0
    { 0x00D2, 8 }, // U+00D2
    { 0x00D3, 8 }, // U+00D3
    { 0x00D4, 8 }, // U+00D4
    { 0x00D5, 8 }, // U+00D5
    { 0x00D6, 8 }, // U+00D6
    { 0x00D9, 19 }, // U+00D9
    { 0x00DA, 19 }, // U+00DA
    { 0x00DB, 19 }, // U+00DB
    { 0x00DC, 19 }, // U+00DC
    { 0x00DD, 23 }, // U+00DD
    { 0x00E0, 26 }, // U+00E0
    { 0x00E1, 26 }, // U+00E1
    { 0x00E2, 26 }, // U+00E2
    { 0x00E3, 26 }, // U+00E3
    { 0x00E4, 26 }, // U+00E4
    { 0x00E5, 26 }, // U+00E5
    { 0x00E6, 29 }, // U+00E6
    { 0x00E7, 28 }, // U+00E7
    { 0x00E8, 29 }, // U+00E8
    { 0x00E9, 29 }, // U+00E9
    { 0x00EA, 29 }, // U+00EA
    { 0x00EB, 29 }, // U+00EB
    { 0x00F1, 32 }, // U+00F1
    { 0x00F2, 35 }, // U+00F2
    { 0x00F3, 35 }, // U+00F3
    { 0x00F4, 35 }, // U+00F4
    { 0x00F5, 35 }, // U+00F5
    { 0x00F6, 35 }, // U+00F6
    { 0x00F8, 35 }, // U+00F8
    { 0x00FD, 42 }, // U+00FD
    { 0x00FF, 42 }, // U+00FF
    { 0x0100, 5 }, // U+0100
    { 0x0101, 26 }, // U+0101
    { 0x0102, 5 }, // U+0102
    { 0x0103, 26 }, // U+0103
    { 0x0104, 5 }, // U+0104
    { 0x0105, 26 }, // U+0105
    { 0x0106, 7 }, // U+0106
    { 0x0107, 28 }, // U+0107
    { 0x0108, 7 }, // U+0108
    { 0x0109, 28 }, // U+0109
    { 0x010A, 7 }, // U+010A
    { 0x010B, 28 }, // U+010B
    { 0x010C, 7 }, // U+010C
    { 0x010D, 28 }, // U+010D
    { 0x010E, 8 }, // U+010E
    { 0x010F, 46 }, // U+010F
    { 0x0110, 8 }, // U+0110
    { 0x0112, 9 }, // U+0112
    { 0x0113, 29 }, // U+0113
    { 0x0114, 9 }, // U+0114
    { 0x0115, 29 }, // U+0115
    { 0x0116, 9 }, // U+0116
    { 0x0117, 29 }, // U+0117
    { 0x0118, 9 }, // U+0118
    { 0x0119, 29 }, // U+0119
    { 0x011A, 9 }, // U+011A
    { 0x011B, 29 }, // U+011B
    { 0x011C, 11 }, // U+011C
    { 0x011D, 31 }, // U+011D
    { 0x011E, 11 }, // U+011E
    { 0x011F, 31 }, // U+011F
    { 0x0120, 11 }, // U+0120
    { 0x0121, 31 }, // U+0121
    { 0x0122, 11 }, // U+0122
    { 0x0123, 31 }, // U+0123
    { 0x0125, 32 }, // U+0125
    { 0x0127, 32 }, // U+0127
    { 0x0134, 12 }, // U+0134
    { 0x0135, 33 }, // U+0135
    { 0x0136, 13 }, // U+0136
    { 0x0137, 34 }, // U+0137
    { 0x0138, 34 }, // U+0138
    { 0x0139, 14 }, // U+0139
    { 0x013B, 14 }, // U+013B
    { 0x013E, 46 }, // U+013E
    { 0x0144, 32 }, // U+0144
    { 0x0146, 32 }, // U+0146
    { 0x0148, 32 }, // U+0148
    { 0x014B, 32 }, // U+014B
    { 0x014C, 8 }, // U+014C
    { 0x014D, 35 }, // U+014D
    { 0x014E, 8 }, // U+014E
    { 0x014F, 35 }, // U+014F
    { 0x0150, 8 }, // U+0150
    { 0x0151, 35 }, // U+0151
    { 0x0153, 29 }, // U+0153
    { 0x0154, 16 }, // U+0154
    { 0x0155, 36 }, // U+0155
    { 0x0156, 16 }, // U+0156
    { 0x0157, 36 }, // U+0157
    { 0x0158, 16 }, // U+0158
    { 0x0159, 36 }, // U+0159
    { 0x015A, 17 }, // U+015A
    { 0x015B, 37 }, // U+015B
    { 0x015C, 17 }, // U+015C
    { 0x015D, 37 }, // U+015D
    { 0x015E, 17 }, // U+015E
    { 0x015F, 37 }, // U+015F
    { 0x0160, 17 }, // U+0160
    { 0x0161, 37 }, // U+0161
    { 0x0162, 18 }, // U+0162
    { 0x0163, 38 }, // U+0163
    { 0x0164, 18 }, // U+0164
    { 0x0165, 38 }, // U+0165
    { 0x0166, 18 }, // U+0166
    { 0x0167, 38 }, // U+0167
    { 0x0168, 19 }, // U+0168
    { 0x016A, 19 }, // U+016A
    { 0x016C, 19 }, // U+016C
    { 0x016E, 19 }, // U+016E
    { 0x0170, 19 }, // U+0170
    { 0x0172, 19 }, // U+0172
    { 0x0174, 21 }, // U+0174
    { 0x0175, 40 }, // U+0175
    { 0x0176, 23 }, // U+0176
    { 0x0177, 42 }, // U+0177
    { 0x0178, 23 }, // U+0178
    { 0x0179, 24 }, // U+0179
    { 0x017A, 43 }, // U+017A
    { 0x017B, 24 }, // U+017B
    { 0x017C, 43 }, // U+017C
    { 0x017D, 24 }, // U+017D
    { 0x017E, 43 }, // U+017E
    { 0x01A0, 8 }, // U+01A0
    { 0x01A1, 35 }, // U+01A1
    { 0x01AF, 19 }, // U+01AF
    { 0x01C4, 24 }, // U+01C4
    { 0x01EA, 8 }, // U+01EA
    { 0x01EB, 35 }, // U+01EB
    { 0x01F1, 24 }, // U+01F1
    { 0x01F2, 43 }, // U+01F2
    { 0x01FA, 5 }, // U+01FA
    { 0x01FB, 26 }, // U+01FB
    { 0x01FC, 9 }, // U+01FC
    { 0x01FD, 29 }, // U+01FD
    { 0x01FF, 35 }, // U+01FF
    { 0x0200, 5 }, // U+0200
    { 0x0201, 26 }, // U+0201
    { 0x0202, 5 }, // U+0202
    { 0x0203, 26 }, // U+0203
    { 0x0204, 9 }, // U+0204
    { 0x0205, 29 }, // U+0205
    { 0x0206, 9 }, // U+0206
    { 0x0207, 29 }, // U+0207
    { 0x020C, 8 }, // U+020C
    { 0x020D, 35 }, // U+020D
    { 0x020E, 8 }, // U+020E
    { 0x020F, 35 }, // U+020F
    { 0x0210, 16 }, // U+0210
    { 0x0211, 36 }, // U+0211
    { 0x0212, 16 }, // U+0212
    { 0x0213, 36 }, // U+0213
    { 0x0214, 19 }, // U+0214
    { 0x0216, 19 }, // U+0216
    { 0x0218, 17 }, // U+0218
    { 0x0219, 37 }, // U+0219
    { 0x021A, 18 }, // U+021A
    { 0x021B, 38 }, // U+021B
    { 0x1EA0, 5 }, // U+1EA0
    { 0x1EA1, 26 }, // U+1EA1
    { 0x1EA2, 5 }, // U+1EA2
    { 0x1EA3, 26 }, // U+1EA3
    { 0x1EA4, 5 }, // U+1EA4
    { 0x1EA5, 26 }, // U+1EA5
    { 0x1EA6, 5 }, // U+1EA6
    { 0x1EA7, 26 }, // U+1EA7
    { 0x1EA8, 5 }, // U+1EA8
    { 0x1EA9, 26 }, // U+1EA9
    { 0x1EAA, 5 }, // U+1EAA
    { 0x1EAB, 26 }, // U+1EAB
    { 0x1EAC, 5 }, // U+1EAC
    { 0x1EAD, 26 }, // U+1EAD
    { 0x1EAE, 5 }, // U+1EAE
    { 0x1EAF, 26 }, // U+1EAF
    { 0x1EB0, 5 }, // U+1EB0
    { 0x1EB1, 26 }, // U+1EB1
    { 0x1EB2, 5 }, // U+1EB2
    { 0x1EB3, 26 }, // U+1EB3
    { 0x1EB4, 5 }, // U+1EB4
    { 0x1EB5, 26 }, // U+1EB5
    { 0x1EB6, 5 }, // U+1EB6
    { 0x1EB7, 26 }, // U+1EB7
    { 0x1EB8, 9 }, // U+1EB8
    { 0x1EB9, 29 }, // U+1EB9
    { 0x1EBA, 9 }, // U+1EBA
    { 0x1EBB, 29 }, // U+1EBB
    { 0x1EBC, 9 }, // U+1EBC
    { 0x1EBD, 29 }, // U+1EBD
    { 0x1EBE, 9 }, // U+1EBE
    { 0x1EBF, 29 }, // U+1EBF
    { 0x1EC0, 9 }, // U+1EC0
    { 0x1EC1, 29 }, // U+1EC1
    { 0x1EC2, 9 }, // U+1EC2
    { 0x1EC3, 29 }, // U+1EC3
    { 0x1EC4, 9 }, // U+1EC4
    { 0x1EC5, 29 }, // U+1EC5
    { 0x1EC6, 9 }, // U+1EC6
    { 0x1EC7, 29 }, // U+1EC7
    { 0x1ECC, 8 }, // U+1ECC
    { 0x1ECD, 35 }, // U+1ECD
    { 0x1ECE, 8 }, // U+1ECE
    { 0x1ECF, 35 }, // U+1ECF
    { 0x1ED0, 8 }, // U+1ED0
    { 0x1ED1, 35 }, // U+1ED1
    { 0x1ED2, 8 }, // U+1ED2
    { 0x1ED3, 35 }, // U+1ED3
    { 0x1ED4, 8 }, // U+1ED4
    { 0x1ED5, 35 }, // U+1ED5
    { 0x1ED6, 8 }, // U+1ED6
    { 0x1ED7, 35 }, // U+1ED7
    { 0x1ED8, 8 }, // U+1ED8
    { 0x1ED9, 35 }, // U+1ED9
    { 0x1EDA, 8 }, // U+1EDA
    { 0x1EDB, 35 }, // U+1EDB
    { 0x1EDC, 8 }, // U+1EDC
    { 0x1EDD, 35 }, // U+1EDD
    { 0x1EDE, 8 }, // U+1EDE
    { 0x1EDF, 35 }, // U+1EDF
    { 0x1EE0, 8 }, // U+1EE0
    { 0x1EE1, 35 }, // U+1EE1
    { 0x1EE2, 8 }, // U+1EE2
    { 0x1EE3, 35 }, // U+1EE3
    { 0x1EE4, 19 }, // U+1EE4
    { 0x1EE6, 19 }, // U+1EE6
    { 0x1EE8, 19 }, // U+1EE8
    { 0x1EEA, 19 }, // U+1EEA
    { 0x1EEC, 19 }, // U+1EEC
    { 0x1EEE, 19 }, // U+1EEE
    { 0x1EF0, 19 }, // U+1EF0
    { 0x1EF2, 23 }, // U+1EF2
    { 0x1EF3, 42 }, // U+1EF3
    { 0x1EF4, 23 }, // U+1EF4
    { 0x1EF5, 42 }, // U+1EF5
    { 0x1EF6, 23 }, // U+1EF6
    { 0x1EF7, 42 }, // U+1EF7
    { 0x1EF8, 23 }, // U+1EF8
    { 0x1EF9, 42 }, // U+1EF9
    { 0x2013, 4 }, // U+2013
    { 0x2014, 4 }, // U+2014
    { 0x2018, 47 }, // U+2018
    { 0x2019, 48 }, // U+2019
    { 0x201C, 47 }, // U+201C
    { 0x201D, 48 }, // U+201D
};

static const EpdKernClassEntry librefranklin_reader_14_italicKernRightClasses[] = {
    { 0x0022, 1 }, // "
    { 0x0027, 1 }, // '
    { 0x0029, 2 }, // )
    { 0x002A, 3 }, // *
    { 0x002C, 4 }, // ,
    { 0x002D, 5 }, // -
    { 0x002E, 4 }, // .
    { 0x003A, 6 }, // :
    { 0x003B, 6 }, // ;
    { 0x003F, 2 }, // ?
    { 0x0041, 7 }, // A
    { 0x0042, 8 }, // B
    { 0x0043, 9 }, // C
    { 0x0044, 8 }, // D
    { 0x0045, 8 }, // E
    { 0x0046, 8 }, // F
    { 0x0047, 9 }, // G
    { 0x0048, 8 }, // H
    { 0x0049, 8 }, // I
    { 0x004A, 10 }, // J
    { 0x004B, 8 }, // K
    { 0x004C, 8 }, // L
    { 0x004D, 8 }, // M
    { 0x004E, 8 }, // N
    { 0x004F, 9 }, // O
    { 0x0050, 8 }, // P
    { 0x0051, 9 }, // Q
    { 0x0052, 8 }, // R
    { 0x0053, 11 }, // S
    { 0x0054, 12 }, // T
    { 0x0055, 13 }, // U
    { 0x0056, 14 }, // V
    { 0x0057, 15 }, // W
    { 0x0058, 16 }, // X
    { 0x0059, 17 }, // Y
    { 0x005A, 18 }, // Z
    { 0x005D, 2 }, // ]
    { 0x0061, 19 }, // a
    { 0x0062, 8 }, // b
    { 0x0063, 20 }, // c
    { 0x0064, 21 }, // d
    { 0x0065, 20 }, // e
    { 0x0066, 8 }, // f
    { 0x0067, 22 }, // g
    { 0x0068, 8 }, // h
    { 0x0069, 23 }, // i
    { 0x006A, 24 }, // j
    { 0x006B, 8 }, // k
    { 0x006C, 8 }, // l
    { 0x006D, 25 }, // m
    { 0x006E, 25 }, // n
    { 0x006F, 20 }, // o
    { 0x0070, 26 }, // p
    { 0x0071, 21 }, // q
    { 0x0072, 27 }, // r
    { 0x0073, 28 }, // s
    { 0x0074, 29 }, // t
    { 0x0075, 30 }, // u
    { 0x0076, 31 }, // v
    { 0x0077, 32 }, // w
    { 0x0078, 33 }, // x
    { 0x0079, 34 }, // y
    { 0x007A, 35 }, // z
    { 0x007D, 2 }, // }
    { 0x00C0, 7 }, // U+00C0
    { 0x00C1, 7 }, // U+00C1
    { 0x00C2, 7 }, // U+00C2
    { 0x00C3, 7 }, // U+00C3
    { 0x00C4, 7 }, // U+00C4
    { 0x00C5, 7 }, // U+00C5
    { 0x00C6, 36 }, // U+00C6
    { 0x00C7, 9 }, // U+00C7
    { 0x00C8, 8 }, // U+00C8
    { 0x00C9, 8 }, // U+00C9
    { 0x00CA, 8 }, // U+00CA
    { 0x00CB, 8 }, // U+00CB
    { 0x00CC, 8 }, // U+00CC
    { 0x00CD, 8 }, // U+00CD
    { 0x00CE, 8 }, // U+00CE
    { 0x00CF, 8 }, // U+00CF
    { 0x00D0, 8 }, // U+00D0
    { 0x00D1, 8 }, // U+00D1
    { 0x00D2, 9 }, // U+00D2
    { 0x00D3, 9 }, // U+00D3
    { 0x00D4, 9 }, // U+00D4
    { 0x00D5, 9 }, // U+00D5
    { 0x00D6, 9 }, // U+00D6
    { 0x00D9, 13 }, // U+00D9
    { 0x00DA, 13 }, // U+00DA
    { 0x00DB, 13 }, // U+00DB
    { 0x00DC, 13 }, // U+00DC
    { 0x00DD, 17 }, // U+00DD
    { 0x00DE, 8 }, // U+00DE
    { 0x00DF, 37 }, // U+00DF
    { 0x00E0, 19 }, // U+00E0
    { 0x00E1, 19 }, // U+00E1
    { 0x00E2, 19 }, // U+00E2
    { 0x00E3, 19 }, // U+00E3
    { 0x00E4, 19 }, // U+00E4
    { 0x00E5, 19 }, // U+00E5
    { 0x00E6, 19 }, // U+00E6
    { 0x00E7, 20 }, // U+00E7
    { 0x00E8, 20 }, // U+00E8
    { 0x00E9, 20 }, // U+00E9
    { 0x00EA, 20 }, // U+00EA
    { 0x00EB, 20 }, // U+00EB
    { 0x00EC, 23 }, // U+00EC
    { 0x00ED, 23 }, // U+00ED
    { 0x00EE, 23 }, // U+00EE
    { 0x00EF, 23 }, // U+00EF
    { 0x00F0, 37 }, // U+00F0
    { 0x00F1, 25 }, // U+00F1
    { 0x00F2, 20 }, // U+00F2
    { 0x00F3, 20 }, // U+00F3
    { 0x00F4, 20 }, // U+00F4
    { 0x00F5, 20 }, // U+00F5
    { 0x00F6, 20 }, // U+00F6
    { 0x00F8, 20 }, // U+00F8
    { 0x00F9, 30 }, // U+00F9
    { 0x00FA, 30 }, // U+00FA
    { 0x00FB, 30 }, // U+00FB
    { 0x00FC, 30 }, // U+00FC
    { 0x00FD, 34 }, // U+00FD
    { 0x00FE, 23 }, // U+00FE
    { 0x00FF, 34 }, // U+00FF
    { 0x0100, 7 }, // U+0100
    { 0x0101, 19 }, // U+0101
    { 0x0102, 7 }, // U+0102
    { 0x0103, 19 }, // U+0103
    { 0x0104, 7 }, // U+0104
    { 0x0105, 19 }, // U+0105
    { 0x0106, 9 }, // U+0106
    { 0x0107, 20 }, // U+0107
    { 0x0108, 9 }, // U+0108
    { 0x0109, 20 }, // U+0109
    { 0x010A, 9 }, // U+010A
    { 0x010B, 20 }, // U+010B
    { 0x010C, 9 }, // U+010C
    { 0x010D, 20 }, // U+010D
    { 0x010E, 8 }, // U+010E
    { 0x010F, 21 }, // U+010F
    { 0x0110, 37 }, // U+0110
    { 0x0111, 21 }, // U+0111
    { 0x0112, 8 }, // U+0112
    { 0x0113, 20 }, // U+0113
    { 0x0114, 8 }, // U+0114
    { 0x0115, 20 }, // U+0115
    { 0x0116, 8 }, // U+0116
    { 0x0117, 20 }, // U+0117
    { 0x0118, 8 }, // U+0118
    { 0x0119, 20 }, // U+0119
    { 0x011A, 8 }, // U+011A
    { 0x011B, 20 }, // U+011B
    { 0x011C, 9 }, // U+011C
    { 0x011D, 22 }, // U+011D
    { 0x011E, 9 }, // U+011E
    { 0x011F, 22 }, // U+011F
    { 0x0120, 9 }, // U+0120
    { 0x0121, 22 }, // U+0121
    { 0x0122, 9 }, // U+0122
    { 0x0123, 22 }, // U+0123
    { 0x0124, 8 }, // U+0124
    { 0x0125, 8 }, // U+0125
    { 0x0126, 8 }, // U+0126
    { 0x0127, 8 }, // U+0127
    { 0x0128, 8 }, // U+0128
    { 0x0129, 23 }, // U+0129
    { 0x012A, 8 }, // U+012A
    { 0x012B, 23 }, // U+012B
    { 0x012C, 8 }, // U+012C
    { 0x012D, 23 }, // U+012D
    { 0x012E, 8 }, // U+012E
    { 0x012F, 23 }, // U+012F
    { 0x0130, 8 }, // U+0130
    { 0x0131, 23 }, // U+0131
    { 0x0132, 8 }, // U+0132
    { 0x0133, 23 }, // U+0133
    { 0x0134, 10 }, // U+0134
    { 0x0135, 24 }, // U+0135
    { 0x0136, 8 }, // U+0136
    { 0x0137, 8 }, // U+0137
    { 0x0138, 8 }, // U+0138
    { 0x0139, 8 }, // U+0139
    { 0x013A, 8 }, // U+013A
    { 0x013B, 8 }, // U+013B
    { 0x013C, 8 }, // U+013C
    { 0x013D, 8 }, // U+013D
    { 0x013E, 8 }, // U+013E
    { 0x013F, 8 }, // U+013F
    { 0x0140, 8 }, // U+0140
    { 0x0141, 8 }, // U+0141
    { 0x0142, 8 }, // U+0142
    { 0x0143, 8 }, // U+0143
    { 0x0144, 25 }, // U+0144
    { 0x0145, 8 }, // U+0145
    { 0x0146, 25 }, // U+0146
    { 0x0147, 8 }, // U+0147
    { 0x0148, 25 }, // U+0148
    { 0x0149, 38 }, // U+0149
    { 0x014A, 8 }, // U+014A
    { 0x014B, 25 }, // U+014B
    { 0x014C, 9 }, // U+014C
    { 0x014D, 20 }, // U+014D
    { 0x014E, 9 }, // U+014E
    { 0x014F, 20 }, // U+014F
    { 0x0150, 9 }, // U+0150
    { 0x0151, 20 }, // U+0151
    { 0x0152, 9 }, // U+0152
    { 0x0153, 20 }, // U+0153
    { 0x0154, 8 }, // U+0154
    { 0x0155, 27 }, // U+0155
    { 0x0156, 8 }, // U+0156
    { 0x0157, 27 }, // U+0157
    { 0x0158, 8 }, // U+0158
    { 0x0159, 27 }, // U+0159
    { 0x015A, 11 }, // U+015A
    { 0x015B, 28 }, // U+015B
    { 0x015C, 11 }, // U+015C
    { 0x015D, 28 }, // U+015D
    { 0x015E, 11 }, // U+015E
    { 0x015F, 28 }, // U+015F
    { 0x0160, 11 }, // U+0160
    { 0x0161, 28 }, // U+0161
    { 0x0162, 12 }, // U+0162
    { 0x0163, 29 }, // U+0163
    { 0x0164, 12 }, // U+0164
    { 0x0165, 29 }, // U+0165
    { 0x0166, 12 }, // U+0166
    { 0x0167, 29 }, // U+0167
    { 0x0168, 13 }, // U+0168
    { 0x0169, 30 }, // U+0169
    { 0x016A, 13 }, // U+016A
    { 0x016B, 30 }, // U+016B
    { 0x016C, 13 }, // U+016C
    { 0x016D, 30 }, // U+016D
    { 0x016E, 13 }, // U+016E
    { 0x016F, 30 }, // U+016F
    { 0x0170, 13 }, // U+0170
    { 0x0171, 30 }, // U+0171
    { 0x0172, 13 }, // U+0172
    { 0x0173, 30 }, // U+0173
    { 0x0174, 15 }, // U+0174
    { 0x0175, 32 }, // U+0175
    { 0x0176, 17 }, // U+0176
    { 0x0177, 34 }, // U+0177
    { 0x0178, 17 }, // U+0178
    { 0x0179, 18 }, // U+0179
    { 0x017A, 35 }, // U+017A
    { 0x017B, 18 }, // U+017B
    { 0x017C, 35 }, // U+017C
    { 0x017D, 18 }, // U+017D
    { 0x017E, 35 }, // U+017E
    { 0x01A0, 9 }, // U+01A0
    { 0x01A1, 20 }, // U+01A1
    { 0x01AF, 13 }, // U+01AF
    { 0x01B0, 30 }, // U+01B0
    { 0x01C4, 8 }, // U+01C4
    { 0x01C5, 8 }, // U+01C5
    { 0x01C7, 8 }, // U+01C7
    { 0x01C8, 8 }, // U+01C8
    { 0x01C9, 8 }, // U+01C9
    { 0x01CA, 8 }, // U+01CA
    { 0x01CB, 8 }, // U+01CB
    { 0x01CC, 25 }, // U+01CC
    { 0x01E6, 37 }, // U+01E6
    { 0x01EA, 9 }, // U+01EA
    { 0x01EB, 20 }, // U+01EB
    { 0x01F1, 8 }, // U+01F1
    { 0x01F2, 8 }, // U+01F2
    { 0x01F3, 21 }, // U+01F3
    { 0x01F4, 9 }, // U+01F4
    { 0x01F5, 22 }, // U+01F5
    { 0x01FA, 7 }, // U+01FA
    { 0x01FB, 19 }, // U+01FB
    { 0x01FC, 36 }, // U+01FC
    { 0x01FD, 19 }, // U+01FD
    { 0x01FE, 39 }, // U+01FE
    { 0x01FF, 20 }, // U+01FF
    { 0x0200, 7 }, // U+0200
    { 0x0201, 19 }, // U+0201
    { 0x0202, 7 }, // U+0202
    { 0x0203, 19 }, // U+0203
    { 0x0204, 8 }, // U+0204
    { 0x0205, 20 }, // U+0205
    { 0x0206, 8 }, // U+0206
    { 0x0207, 20 }, // U+0207
    { 0x0208, 8 }, // U+0208
    { 0x0209, 23 }, // U+0209
    { 0x020A, 8 }, // U+020A
    { 0x020B, 23 }, // U+020B
    { 0x020C, 9 }, // U+020C
    { 0x020D, 20 }, // U+020D
    { 0x020E, 9 }, // U+020E
    { 0x020F, 20 }, // U+020F
    { 0x0210, 8 }, // U+0210
    { 0x0211, 27 }, // U+0211
    { 0x0212, 8 }, // U+0212
    { 0x0213, 27 }, // U+0213
    { 0x0214, 13 }, // U+0214
    { 0x0215, 30 }, // U+0215
    { 0x0216, 13 }, // U+0216
    { 0x0217, 30 }, // U+0217
    { 0x0218, 11 }, // U+0218
    { 0x0219, 28 }, // U+0219
    { 0x021A, 12 }, // U+021A
    { 0x021B, 29 }, // U+021B
    { 0x1EA0, 7 }, // U+1EA0
    { 0x1EA1, 19 }, // U+1EA1
    { 0x1EA2, 7 }, // U+1EA2
    { 0x1EA3, 19 }, // U+1EA3
    { 0x1EA4, 7 }, // U+1EA4
    { 0x1EA5, 19 }, // U+1EA5
    { 0x1EA6, 7 }, // U+1EA6
    { 0x1EA7, 19 }, // U+1EA7
    { 0x1EA8, 7 }, // U+1EA8
    { 0x1EA9, 19 }, // U+1EA9
    { 0x1EAA, 7 }, // U+1EAA
    { 0x1EAB, 19 }, // U+1EAB
    { 0x1EAC, 7 }, // U+1EAC
    { 0x1EAD, 19 }, // U+1EAD
    { 0x1EAE, 7 }, // U+1EAE
    { 0x1EAF, 19 }, // U+1EAF
    { 0x1EB0, 7 }, // U+1EB0
    { 0x1EB1, 19 }, // U+1EB1
    { 0x1EB2, 7 }, // U+1EB2
    { 0x1EB3, 19 }, // U+1EB3
    { 0x1EB4, 7 }, // U+1EB4
    { 0x1EB5, 19 }, // U+1EB5
    { 0x1EB6, 7 }, // U+1EB6
    { 0x1EB7, 19 }, // U+1EB7
    { 0x1EB8, 8 }, // U+1EB8
    { 0x1EB9, 20 }, // U+1EB9
    { 0x1EBA, 8 }, // U+1EBA
    { 0x1EBB, 20 }, // U+1EBB
    { 0x1EBC, 8 }, // U+1EBC
    { 0x1EBD, 20 }, // U+1EBD
    { 0x1EBE, 8 }, // U+1EBE
    { 0x1EBF, 20 }, // U+1EBF
    { 0x1EC0, 8 }, // U+1EC0
    { 0x1EC1, 20 }, // U+1EC1
    { 0x1EC2, 8 }, // U+1EC2
    { 0x1EC3, 20 }, // U+1EC3
    { 0x1EC4, 8 }, // U+1EC4
    { 0x1EC5, 20 }, // U+1EC5
    { 0x1EC6, 8 }, // U+1EC6
    { 0x1EC7, 20 }, // U+1EC7
    { 0x1EC8, 8 }, // U+1EC8
    { 0x1EC9, 23 }, // U+1EC9
    { 0x1ECA, 8 }, // U+1ECA
    { 0x1ECB, 23 }, // U+1ECB
    { 0x1ECC, 9 }, // U+1ECC
    { 0x1ECD, 20 }, // U+1ECD
    { 0x1ECE, 9 }, // U+1ECE
    { 0x1ECF, 20 }, // U+1ECF
    { 0x1ED0, 9 }, // U+1ED0
    { 0x1ED1, 20 }, // U+1ED1
    { 0x1ED2, 9 }, // U+1ED2
    { 0x1ED3, 20 }, // U+1ED3
    { 0x1ED4, 9 }, // U+1ED4
    { 0x1ED5, 20 }, // U+1ED5
    { 0x1ED6, 9 }, // U+1ED6
    { 0x1ED7, 20 }, // U+1ED7
    { 0x1ED8, 9 }, // U+1ED8
    { 0x1ED9, 20 }, // U+1ED9
    { 0x1EDA, 9 }, // U+1EDA
    { 0x1EDB, 20 }, // U+1EDB
    { 0x1EDC, 9 }, // U+1EDC
    { 0x1EDD, 20 }, // U+1EDD
    { 0x1EDE, 9 }, // U+1EDE
    { 0x1EDF, 20 }, // U+1EDF
    { 0x1EE0, 9 }, // U+1EE0
    { 0x1EE1, 20 }, // U+1EE1
    { 0x1EE2, 9 }, // U+1EE2
    { 0x1EE3, 20 }, // U+1EE3
    { 0x1EE4, 13 }, // U+1EE4
    { 0x1EE5, 30 }, // U+1EE5
    { 0x1EE6, 13 }, // U+1EE6
    { 0x1EE7, 30 }, // U+1EE7
    { 0x1EE8, 13 }, // U+1EE8
    { 0x1EE9, 30 }, // U+1EE9
    { 0x1EEA, 13 }, // U+1EEA
    { 0x1EEB, 30 }, // U+1EEB
    { 0x1EEC, 13 }, // U+1EEC
    { 0x1EED, 30 }, // U+1EED
    { 0x1EEE, 13 }, // U+1EEE
    { 0x1EEF, 30 }, // U+1EEF
    { 0x1EF0, 13 }, // U+1EF0
    { 0x1EF1, 30 }, // U+1EF1
    { 0x1EF2, 17 }, // U+1EF2
    { 0x1EF3, 34 }, // U+1EF3
    { 0x1EF4, 40 }, // U+1EF4
    { 0x1EF5, 34 }, // U+1EF5
    { 0x1EF6, 17 }, // U+1EF6
    { 0x1EF7, 34 }, // U+1EF7
    { 0x1EF8, 17 }, // U+1EF8
    { 0x1EF9, 34 }, // U+1EF9
    { 0x2013, 5 }, // U+2013
    { 0x2014, 5 }, // U+2014
    { 0x2019, 41 }, // U+2019
    { 0x201D, 41 }, // U+201D
    { 0xFB01, 8 }, // U+FB01
    { 0xFB02, 8 }, // U+FB02
};

static const int8_t librefranklin_reader_14_italicKernMatrix[] = {
       0,    0,    0,    0,    0,    0,  -47,    0,    0,    0,    0,    0,    0,    0,    0,    0,    0,    0,    0,  -20,  -20,    0,    0,    0,    0,    0,   -3,  -21,    0,    0,    0,    0,    0,    0,    0,    0,    0,    0,    0,    0,    0,
       0,    0,    0,    0,    0,    0,    0,    0,    0,    0,    0,    0,    0,    0,    0,    0,    0,    0,    0,    0,    0,    0,    0,   39,    0,    0,    0,    0,    0,    0,    0,    0,    0,    0,    0,    0,    0,    0,    0,    0,    0,
       0,    0,    0,    0,    0,    0,    0,    0,  -29,    0,    0,  -64,    0,  -59,  -53,    0,  -67,    0,    0,  -13,  -13,    0,    0,    0,    0,    0,    0,    0,    0,    0,  -33,  -31,    0,  -25,    0,    0,    0,    0,    0,  -67,    0,
       0,    0,    0,    0,    0,    0,    0,    0,    0,    0,    0,  -56,    0,  -36,  -30,  -34,  -53,  -25,    0,    0,    0,    0,    0,    0,    0,    0,    0,    0,    0,    0,    0,    0,  -27,    0,    0,    0,    0,    0,    0,  -53,    0,
     -47,    0,    0,    0,    0,    0,  -17,    0,  -20,    0,   -7,  -49,  -20,  -39,  -46,   -7,  -47,    0,    0,  -21,  -16,    0,    0,    0,    0,    0,    0,  -16,  -23,    0,  -32,  -24,  -11,  -19,    0,    0,    0,    0,    0,  -47,  -31,
       0,    0,    0,    0,    0,    0,   -7,    0,   -5,    0,    0,  -13,    0,   -9,   -9,  -11,  -15,    0,    0,    0,    0,    0,    0,    0,    0,    0,    0,    0,    0,    0,    0,    0,    0,    0,    0,    0,    0,    0,    0,  -15,    0,
       0,    0,    0,    0,    0,    0,  -11,    0,    0,    0,    0,   -7,    0,   -6,   -6,  -14,  -10,    0,    0,    0,    0,    0,    0,    0,    0,    0,    0,    0,    0,    0,    0,    0,    0,    0,    0,    0,    0,    0,    0,  -10,    0,
       0,    0,    0,  -29,    0,    0,  -20,    0,    0,   -6,   -9,  -25,    0,  -20,  -20,  -27,  -31,   -9,    0,    0,    0,    0,    0,    0,    0,    0,    0,   -5,    0,    0,    0,    0,    0,    0,    0,  -37,    0,    0,    0,  -31,    0,
       0,    0,    0,    0,    0,    0,    0,    0,  -17,    0,    0,    0,    0,    0,    0,    0,    0,    0,    0,  -13,   -8,    0,    0,    0,    0,    0,    0,   -8,    0,    0,  -29,  -23,  -11,  -19,    0,    0,    0,    0,    0,    0,    0,
       0,    0,    0,  -61,    0,    0,  -33,    0,  -14,  -27,   -9,    0,    0,    0,    0,    0,   -7,    0,  -40,  -36,  -34,  -30,    0,    0,  -31,  -32,  -26,  -25,  -20,  -17,  -24,  -16,  -30,  -23,  -30,  -71,    0,    0,    0,   -7,    0,
       0,    0,    0,    0,    0,    0,    0,    0,    0,    0,    0,  -25,    0,  -11,  -11,    0,  -20,    0,    0,    0,    0,    0,    0,    0,    0,    0,    0,    0,    0,    0,    0,    0,    0,    0,    0,    0,    0,    0,    0,  -20,    0,
       0,    0,    0,    0,    0,    0,   -7,    0,    0,    0,    0,    0,    0,    0,    0,    0,    0,    0,    0,    0,    0,    0,    0,    0,    0,    0,    0,    0,    0,    0,    0,    0,    0,    0,    0,    0,    0,    0,    0,    0,    0,
       0,    0,    0,    0,  -23,    0,  -13,    0,  -25,    0,   -8,  -19,  -11,  -14,   -8,    0,  -13,    0,  -13,  -23,  -22,    0,    0,    0,    0,    0,    0,    0,  -19,  -14,  -39,  -25,  -13,  -25,    0,    0,    0,    0,    0,  -13,    0,
     -79,    0,    0,    0,  -29,    0,   -7,    0,  -31,    0,    0,  -45,  -21,  -45,  -39,    0,  -57,    0,    0,  -13,  -11,    0,    0,    0,    0,    0,    0,   -8,    0,    0,  -30,  -21,    0,  -24,    0,    0,    0,    0,    0,  -57,  -71,
       0,    0,    0,  -58,    0,    0,  -42,    0,    0,  -39,    0,  -17,    0,   -9,  -11,  -15,  -13,  -23,   -9,  -24,  -24,  -16,    0,    0,    0,    0,    0,  -15,    0,    0,    0,    0,    0,    0,    0,  -59,    0,    0,    0,  -13,    0,
       0,    0,    0,    0,    0,    0,  -11,    0,   -5,    0,    0,   -5,    0,   -6,   -6,    0,   -8,    0,    0,  -17,  -17,  -16,    0,    0,    0,    0,    0,    0,    0,    0,    0,    0,    0,    0,    0,    0,    0,    0,    0,   -8,    0,
       0,    0,    0,    0,    0,    0,   -8,    0,   -8,   -5,   -6,   -7,    0,  -12,  -11,  -14,  -13,    0,    0,    0,    0,    0,    0,    0,    0,    0,    0,    0,  -13,    0,  -14,  -11,    0,  -14,    0,    0,    0,    0,    0,  -13,    0,
       0,    0,    0,  -64,  -56,  -41,  -45,    0,  -25,  -37,   -7,    0,    0,    0,    0,   -6,  -14,    0,  -39,  -49,  -47,  -49,    0,    0,  -36,  -36,  -39,  -46,  -21,  -40,  -36,  -35,  -32,  -36,  -35,  -69,    0,    0,    0,  -14,    0,
       0,    0,    0,    0,    0,    0,  -20,    0,    0,   -6,    0,    0,    0,    0,    0,   -6,    0,    0,    0,    0,    0,    0,    0,    0,    0,    0,    0,    0,    0,    0,    0,    0,    0,    0,    0,  -36,    0,    0,    0,    0,    0,
       0,    0,    0,  -59,  -36,  -22,  -39,    0,  -20,  -24,  -12,    0,    0,   -6,   -6,   -6,   -6,    0,  -27,  -32,  -29,  -31,    0,    0,  -27,  -27,  -25,  -29,    0,  -27,  -12,  -12,  -12,  -12,  -15,  -59,    0,    0,    0,   -6,    0,
       0,    0,    0,  -53,  -30,    0,  -46,    0,  -20,  -24,  -11,    0,    0,   -6,   -7,   -6,   -6,    0,  -26,  -31,  -29,    0,    0,    0,  -22,  -27,  -17,    0,    0,  -23,   -9,   -9,   -9,   -9,  -11,  -61,    0,    0,    0,   -6,    0,
       0,    0,    0,    0,  -34,    0,   -7,    0,  -27,    0,  -17,   -6,   -6,   -7,   -7,   -5,   -7,    0,   -9,  -25,    0,    0,    0,    0,    0,    0,    0,    0,    0,    0,    0,    0,    0,  -27,    0,    0,    0,    0,    0,   -7,    0,
       0,    0,    0,  -67,  -53,  -28,  -47,    0,  -31,  -32,  -13,    0,    0,   -6,   -6,   -5,   -5,   -7,  -42,  -49,  -47,  -46,    0,    0,  -29,  -27,  -23,  -36,  -13,  -32,  -24,  -21,  -27,  -19,  -25,  -64,    0,    0,    0,   -5,    0,
       0,    0,    0,    0,  -25,    0,    0,    0,  -11,    0,    0,    0,    0,    0,    0,    0,   -5,    0,    0,  -17,  -17,    0,    0,    0,    0,    0,    0,    0,  -14,    0,  -17,  -17,    0,  -16,    0,    0,    0,    0,    0,   -5,    0,
       0,    0,    0,    0,    0,    0,    0,    0,    0,    0,    0,    0,    0,    0,    0,    0,    0,    0,    0,    0,    0,    0,    0,   49,    0,    0,    0,    0,    0,    0,    0,    0,    0,    0,    0,    0,    0,    0,    0,    0,    0,
       0,    0,    0,    0,    0,    0,    0,    0,    0,    0,    0,    0,    0,    0,    0,    0,    0,    0,    0,    0,    0,    0,    0,    0,    0,    0,    0,    0,   -6,    0,   -6,   -6,    0,   -5,    0,    0,    0,    0,    0,    0,    0,
       0,    0,    0,    0,    0,    0,    0,    0,    0,    0,    0,    0,    0,    0,    0,    0,    0,    0,    0,    0,    0,    0,    0,    0,    0,    0,    0,    0,   -6,    0,  -11,  -11,  -11,  -11,   -6,    0,    0,    0,    0,    0,    0,
       0,    0,    0,    0,    0,    0,    0,    0,    0,    0,    0,    0,    0,    0,    0,    0,    0,    0,    0,   -3,    0,    0,    0,    0,    0,    0,    0,    0,   -6,    0,   -6,   -5,  -11,   -6,   -6,    0,    0,    0,    0,    0,    0,
      -9,    0,    0,    0,    0,    0,    0,    0,    0,    0,    0,  -49,    0,  -29,  -31,    0,    0,    0,    0,    0,    0,    0,    0,    0,    0,    0,    0,    0,   -6,    0,   -7,   -6,  -12,   -7,   -7,    0,    0,    0,    0,    0,    0,
       0,   34,    3,  -21,    0,    0,  -21,    0,    0,    0,    0,    0,    0,    0,    0,    0,    0,    0,    0,   -9,   -6,    0,    0,    0,    0,    0,    0,   -6,    0,    0,    0,    0,   -3,    0,    0,    0,    0,    0,    0,    0,   30,
       0,    0,    0,    0,    0,    0,    0,    0,    0,    0,    0,    0,    0,    0,    0,    0,    0,    0,   -6,   -8,   -9,    0,    0,    0,    0,    0,    0,   -6,    0,    0,    0,    0,    0,    0,    0,    0,    0,    0,    0,    0,    0,
       0,    0,    0,    0,    0,    0,    0,    0,    0,    0,    0,    0,    0,    0,    0,    0,    0,    0,    0,    0,    0,    0,    0,    0,    0,    0,    0,    0,   -6,    0,   -6,   -6,    0,   -6,    0,    0,    0,    0,    0,    0,    0,
       0,   14,    0,    0,    0,    0,    0,    0,    0,    0,    0,    0,    0,    0,    0,    0,    0,    0,    0,    0,    0,    0,    0,    0,    0,    0,    0,    0,    0,    0,    0,    0,    0,    0,    0,    0,    0,    0,    0,    0,    0,
       0,    0,    0,    0,  -27,    0,    0,    0,    0,    0,    0,    0,    0,    0,    0,    0,    0,    0,   -6,  -13,  -12,    0,    0,    0,    0,    0,    0,  -15,   -8,   -6,   -7,   -7,   -9,   -7,    0,    0,    0,    0,    0,    0,    0,
     -16,    0,    0,  -13,    0,    0,    0,    0,    0,    0,    0,  -49,    0,  -32,  -31,    0,    0,    0,    0,    0,    0,    0,    0,    0,    0,    0,    0,    0,   -6,    0,  -12,   -8,  -17,  -11,   -7,    0,    0,    0,    0,    0,    0,
       5,    0,    0,  -39,  -25,    0,    0,    0,    0,    0,    0,    0,    0,    0,    0,    0,    0,    0,   -3,   -6,   -6,    0,    0,    0,    0,    0,    0,   -5,    0,    0,    0,    0,    0,    0,    0,    0,    0,    0,    0,    0,    0,
       0,    0,    0,    0,    0,    0,    0,    0,    0,    0,    0,    0,    0,    0,    0,    0,    0,    0,    0,    0,    0,    0,    0,    0,    0,    0,    0,    0,   -6,    0,   -7,   -6,   -7,   -6,    0,    0,    0,    0,    0,    0,    0,
       3,    0,    0,    0,    0,    0,    0,    0,    0,    0,    0,    0,    0,    0,    0,    0,    0,    0,    0,   -6,   -6,    0,    0,    0,    0,    0,    0,    0,    0,    0,    0,    0,   -3,    0,    0,    0,    0,    0,    0,    0,   13,
       0,    0,    0,  -33,    0,    0,  -32,    0,    0,    0,    0,    0,    0,    0,    0,    0,    0,    0,   -6,  -12,  -11,   -6,    0,    0,    0,    0,    0,   -7,    0,    0,   -5,   -5,   -6,   -5,    0,    0,    0,    0,    0,    0,    0,
       0,    0,    0,  -33,    0,    0,  -24,    0,    0,    0,    0,    0,    0,    0,    0,    0,    0,    0,   -6,   -8,  -11,   -6,    0,    0,    0,    0,    0,   -6,    0,    0,   -5,   -5,   -5,   -5,    0,    0,    0,    0,    0,    0,    0,
       0,    0,    0,    0,  -27,    0,    0,    0,    0,    0,    0,    0,    0,    0,    0,    0,    0,    0,   -7,  -18,  -11,    0,    0,    0,    0,    0,    0,   -7,  -10,   -6,   -8,   -8,   -6,   -8,    0,    0,    0,    0,    0,    0,    0,
       0,    0,    0,  -31,    0,    0,  -32,    0,    0,    0,    0,    0,    0,    0,    0,    0,    0,    0,   -6,  -11,  -11,   -6,    0,    0,    0,    0,    0,   -7,    0,    0,   -5,   -5,   -5,   -5,    0,    0,    0,    0,    0,    0,    0,
       0,    0,    0,    0,    0,    0,    0,    0,    0,    0,    0,    0,    0,    0,    0,    0,    0,    0,    0,   -7,   -6,    0,    0,    0,    0,    0,    0,    0,    0,    0,    0,    0,    0,    0,    0,    0,    0,    0,    0,    0,    0,
       0,    0,    0,    0,    0,    0,    0,    0,    0,    0,    0,    0,    0,    0,    0,    0,    0,    0,    0,    0,    0,    0,    0,   46,    0,    0,    0,    0,    0,    0,    0,    0,    0,    0,    0,    0,    0,    0,    0,    0,    0,
       0,    0,    0,    0,    0,    0,    0,    0,    0,    0,    0,    0,    0,    0,    0,    0,    0,    0,    0,    0,    0,    0,    0,   25,    0,    0,    0,    0,    0,    0,    0,    0,    0,    0,    0,    0,    0,    0,    0,    0,    0,
       0,    0,    0,    0,    0,    0,    0,   18,   15,    0,   15,   21,   18,   18,   18,   18,   38,   18,   10,    5,    8,    8,   21,   21,   13,   13,   15,   10,   18,   15,   18,   15,   15,   15,   13,    0,   15,   39,   13,   79,    0,
       0,    0,    0,    0,    0,    0,  -39,    0,    0,    0,    0,    0,    0,    0,    0,    0,    0,    0,    0,    0,    0,    0,    0,    0,    0,    0,    0,    0,    0,    0,    0,    0,    0,    0,    0,    0,    0,    0,    0,    0,    0,
       0,    0,    0,    0,    0,    0,  -44,    0,    0,    0,    0,    0,    0,    0,    0,    0,    0,    0,    0,  -31,  -31,    0,    0,    0,    0,    0,  -10,  -29,    0,    0,   -6,    0,    0,    0,    0,    0,    0,    0,    0,    0,    0,
};

static const EpdLigaturePair librefranklin_reader_14_italicLigaturePairs[] = {
    { 0x00660069, 0xFB01 }, // f i -> U+FB01
    { 0x0066006C, 0xFB02 }, // f l -> U+FB02
};

static const EpdFontData librefranklin_reader_14_italic = {
    librefranklin_reader_14_italicBitmaps,
    librefranklin_reader_14_italicGlyphs,
    librefranklin_reader_14_italicIntervals,
    68,
    35,
    29,
    -8,
    true,
    librefranklin_reader_14_italicGroups,
    14,
    nullptr,
    librefranklin_reader_14_italicKernLeftClasses,
    librefranklin_reader_14_italicKernRightClasses,
    librefranklin_reader_14_italicKernMatrix,
    309,
    402,
    48,
    41,
    librefranklin_reader_14_italicLigaturePairs,
    2,
    nullptr,
    nullptr,
    nullptr,
};
