/**
 * generated by fontconvert.py
 * name: librefranklin_8_regular_2x
 * size: 16
 * mode: 1-bit
 * Command used: fontconvert.py librefranklin_8_regular_2x 16 ../builtinFonts/source/LibreFranklin/LibreFranklin-Regular.ttf
 */
#pragma once
#include "EpdFontData.h"

static const uint8_t librefranklin_8_regular_2xBitmaps[24783] = {
    0xFF, 0xFF, 0xFF, 0xFF, 0xFF, 0xFF, 0xF7, 0x77, 0x66, 0x60, 0x0F, 0xFF, 0xF0, 0xF3, 0xFC, 0xFF,
    0x3F, 0xCE, 0xF3, 0xBC, 0xE6, 0x39, 0x8E, 0x03, 0x87, 0x00, 0xE1, 0xC0, 0x38, 0x70, 0x0C, 0x18,
    0x03, 0x06, 0x00, 0xC3, 0x80, 0x70, 0xE0, 0x1C, 0x38, 0x7F, 0xFF, 0xDF, 0xFF, 0xF0, 0x60, 0xC0,
    0x18, 0x30, 0x0E, 0x1C, 0x03, 0x87, 0x00, 0xE1, 0xC3, 0xFF, 0xFE, 0xFF, 0xFF, 0x83, 0x06, 0x00,
    0xC1, 0x80, 0x70, 0xE0, 0x1C, 0x38, 0x07, 0x0E, 0x01, 0xC3, 0x00, 0x60, 0xC0, 0x18, 0x30, 0x00,
    0x00, 0x00, 0x00, 0x20, 0x00, 0x0E, 0x00, 0x01, 0xC0, 0x01, 0xFF, 0x00, 0xFF, 0xF8, 0x3F, 0xFF,
    0x8F, 0x9C, 0xF1, 0xE3, 0x8E, 0x38, 0x70, 0x07, 0x0E, 0x00, 0xE1, 0xC0, 0x1E, 0x38, 0x03, 0xE7,
    0x00, 0x3F, 0xE0, 0x03, 0xFE, 0x00, 0x3F, 0xF0, 0x01, 0xFF, 0x80, 0x0F, 0xF8, 0x01, 0xDF, 0x00,
    0x38, 0xF0, 0x07, 0x0E, 0x00, 0xE1, 0xC8, 0x1C, 0x3B, 0x83, 0x87, 0x78, 0x71, 0xE7, 0xEF, 0xF8,
    0x7F, 0xFE, 0x07, 0xFF, 0x80, 0x1F, 0x80, 0x00, 0xE0, 0x00, 0x1C, 0x00, 0x00, 0x00, 0x00, 0x01,
    0xFC, 0x00, 0x70, 0x3F, 0xE0, 0x0E, 0x03, 0x8F, 0x00, 0xC0, 0x70, 0x70, 0x1C, 0x07, 0x07, 0x03,
    0x80, 0x70, 0x38, 0x30, 0x0E, 0x03, 0x87, 0x00, 0xE0, 0x38, 0xE0, 0x07, 0x03, 0x8C, 0x00, 0x70,
    0x71, 0xC0, 0x07, 0x07, 0x38, 0x00, 0x38, 0xF3, 0x1F, 0x83, 0xFE, 0x73, 0xFC, 0x0F, 0xCE, 0x79,
    0xE0, 0x00, 0xC7, 0x0E, 0x00, 0x1C, 0xE0, 0x70, 0x03, 0x8E, 0x07, 0x00, 0x30, 0xE0, 0x70, 0x07,
    0x0E, 0x07, 0x00, 0xE0, 0xE0, 0x70, 0x0C, 0x0E, 0x07, 0x01, 0xC0, 0xE0, 0xF0, 0x38, 0x07, 0x0E,
    0x03, 0x80, 0x7F, 0xC0, 0x70, 0x03, 0xF8, 0x02, 0x00, 0x0E, 0x00, 0x00, 0x00, 0x00, 0x01, 0xFE,
    0x00, 0x01, 0xFF, 0xC0, 0x01, 0xF1, 0xE0, 0x01, 0xE0, 0x78, 0x00, 0xF0, 0x3C, 0x00, 0x78, 0x1E,
    0x00, 0x3C, 0x0F, 0x00, 0x1E, 0x0F, 0x00, 0x0F, 0x8F, 0x80, 0x03, 0xDF, 0x80, 0x00, 0xFF, 0x00,
    0x00, 0x7F, 0x00, 0x00, 0x7F, 0x00, 0x70, 0xFF, 0xC0, 0x78, 0x79, 0xF0, 0x38, 0x78, 0x7C, 0x3C,
    0x78, 0x1F, 0x3C, 0x3C, 0x07, 0xFC, 0x1E, 0x01, 0xFE, 0x0F, 0x00, 0x7E, 0x07, 0x80, 0x3F, 0x01,
    0xE0, 0x3F, 0xE0, 0xFC, 0xFF, 0xFE, 0x3F, 0xFC, 0x7F, 0x0F, 0xF8, 0x0F, 0x80, 0x60, 0x00, 0x00,
    0xFF, 0xFF, 0xFF, 0x66, 0x06, 0x1C, 0x70, 0xE3, 0xC7, 0x0E, 0x3C, 0x70, 0xE3, 0xC7, 0x8F, 0x1C,
    0x38, 0x70, 0xE1, 0xC3, 0xC7, 0x8F, 0x0E, 0x1C, 0x38, 0x38, 0x70, 0xE0, 0xE1, 0xC1, 0xC1, 0x80,
    0xE0, 0x70, 0x70, 0x38, 0x38, 0x3C, 0x1C, 0x1C, 0x1E, 0x1E, 0x0E, 0x0E, 0x0E, 0x0F, 0x0F, 0x0F,
    0x0F, 0x0F, 0x0E, 0x0E, 0x0E, 0x0E, 0x1E, 0x1C, 0x1C, 0x3C, 0x38, 0x38, 0x70, 0x70, 0x60, 0x07,
    0x00, 0x38, 0x01, 0xC0, 0xCE, 0x67, 0xFF, 0x3F, 0xF8, 0x3E, 0x01, 0xF0, 0x1D, 0xC1, 0xC7, 0x0E,
    0x38, 0x20, 0x80, 0x03, 0x80, 0x07, 0x00, 0x0E, 0x00, 0x1C, 0x00, 0x38, 0x00, 0x70, 0x3F, 0xFF,
    0xFF, 0xFF, 0xFF, 0xFE, 0x07, 0x00, 0x0E, 0x00, 0x1C, 0x00, 0x38, 0x00, 0x70, 0x00, 0xE0, 0x00,
    0x7F, 0xFE, 0xF3, 0x39, 0x9C, 0xC0, 0xFF, 0xFF, 0xFF, 0xE0, 0xF7, 0xFF, 0xF0, 0x00, 0xE0, 0x0E,
    0x00, 0xE0, 0x1C, 0x01, 0xC0, 0x1C, 0x03, 0x80, 0x38, 0x03, 0x80, 0x70, 0x07, 0x00, 0x70, 0x07,
    0x00, 0xE0, 0x0E, 0x00, 0xE0, 0x1C, 0x01, 0xC0, 0x1C, 0x03, 0x80, 0x38, 0x03, 0x80, 0x70, 0x07,
    0x00, 0x70, 0x0E, 0x00, 0xE0, 0x00, 0x00, 0x00, 0x00, 0x7F, 0x00, 0x3F, 0xF8, 0x0F, 0xFF, 0x83,
    0xE0, 0xF8, 0x78, 0x0F, 0x1E, 0x00, 0xF3, 0xC0, 0x1E, 0xF0, 0x01, 0xDE, 0x00, 0x3F, 0xC0, 0x07,
    0xF8, 0x00, 0xFF, 0x00, 0x1F, 0xE0, 0x03, 0xFC, 0x00, 0x7F, 0x80, 0x0F, 0xF0, 0x01, 0xFE, 0x00,
    0x3F, 0xC0, 0x07, 0xBC, 0x01, 0xE7, 0x80, 0x3C, 0xF8, 0x0F, 0x0F, 0x83, 0xE0, 0xFF, 0xF8, 0x0F,
    0xFE, 0x00, 0xFF, 0x80, 0x03, 0x80, 0x00, 0x07, 0x80, 0x7E, 0x07, 0xF8, 0x3F, 0xE0, 0xF7, 0x80,
    0x1E, 0x00, 0x78, 0x01, 0xE0, 0x07, 0x80, 0x1E, 0x00, 0x78, 0x01, 0xE0, 0x07, 0x80, 0x1E, 0x00,
    0x78, 0x01, 0xE0, 0x07, 0x80, 0x1E, 0x00, 0x78, 0x01, 0xE0, 0x07, 0x80, 0x1E, 0x0F, 0xFF, 0xBF,
    0xFE, 0xFF, 0xF8, 0x00, 0x00, 0x01, 0xFE, 0x01, 0xFF, 0xE0, 0xFF, 0xFC, 0x7C, 0x1F, 0x3E, 0x01,
    0xE7, 0x00, 0x78, 0x00, 0x1E, 0x00, 0x07, 0x80, 0x01, 0xE0, 0x00, 0x78, 0x00, 0x3C, 0x00, 0x1F,
    0x00, 0x0F, 0x80, 0x07, 0xC0, 0x03, 0xE0, 0x01, 0xF0, 0x00, 0xF8, 0x00, 0x7C, 0x00, 0x3E, 0x00,
    0x1F, 0x00, 0x0F, 0x80, 0x07, 0xC0, 0x03, 0xFF, 0xFE, 0xFF, 0xFF, 0xBF, 0xFF, 0xE0, 0x00, 0x00,
    0x00, 0xFF, 0x80, 0x7F, 0xFC, 0x1F, 0xFF, 0xC7, 0xC0, 0xF8, 0x60, 0x0F, 0x80, 0x00, 0xF0, 0x00,
    0x1E, 0x00, 0x03, 0xC0, 0x00, 0xF0, 0x00, 0x3E, 0x00, 0x7F, 0x80, 0x7F, 0xC0, 0x0F, 0xFC, 0x00,
    0xFF, 0xE0, 0x00, 0x7E, 0x00, 0x03, 0xC0, 0x00, 0x7C, 0x00, 0x07, 0x80, 0x00, 0xF0, 0x00, 0x1E,
    0xE0, 0x07, 0xBE, 0x01, 0xF3, 0xF9, 0xFC, 0x3F, 0xFF, 0x03, 0xFF, 0xC0, 0x07, 0xC0, 0x00, 0x00,
    0x0F, 0x00, 0x01, 0xF0, 0x00, 0x3F, 0x00, 0x07, 0xF0, 0x00, 0x7F, 0x00, 0x0E, 0xF0, 0x01, 0xEF,
    0x00, 0x3C, 0xF0, 0x03, 0x8F, 0x00, 0x70, 0xF0, 0x0F, 0x0F, 0x01, 0xE0, 0xF0, 0x1C, 0x0F, 0x03,
    0x80, 0xF0, 0x78, 0x0F, 0x0F, 0x00, 0xF0, 0xFF, 0xFF, 0xFF, 0xFF, 0xFF, 0xFF, 0xFF, 0xE0, 0x00,
    0xF0, 0x00, 0x0F, 0x00, 0x00, 0xF0, 0x00, 0x0F, 0x00, 0x00, 0xF0, 0x00, 0x0F, 0x00, 0x1F, 0xFF,
    0xC7, 0xFF, 0xF8, 0xFF, 0xFF, 0x1E, 0x00, 0x03, 0xC0, 0x00, 0x70, 0x00, 0x0E, 0x00, 0x01, 0xC0,
    0x00, 0x38, 0x00, 0x07, 0x3F, 0x80, 0xFF, 0xFC, 0x1F, 0xFF, 0xC3, 0xF0, 0xFC, 0x38, 0x07, 0xC0,
    0x00, 0x78, 0x00, 0x0F, 0x00, 0x01, 0xE0, 0x00, 0x3C, 0x00, 0x07, 0x80, 0x00, 0xF7, 0x00, 0x3F,
    0xF0, 0x0F, 0x9F, 0xCF, 0xE1, 0xFF, 0xF8, 0x0F, 0xFE, 0x00, 0x3E, 0x00, 0x00, 0x00, 0x00, 0x7F,
    0x80, 0x3F, 0xFC, 0x0F, 0xFF, 0xC3, 0xE0, 0x78, 0x78, 0x06, 0x1E, 0x00, 0x03, 0xC0, 0x00, 0x70,
    0x00, 0x1E, 0x00, 0x03, 0xC0, 0x00, 0x79, 0xFE, 0x0F, 0xFF, 0xF1, 0xFF, 0xFF, 0x3F, 0x03, 0xF7,
    0x80, 0x1E, 0xF0, 0x03, 0xDE, 0x00, 0x3F, 0xC0, 0x07, 0xB8, 0x00, 0xF7, 0x80, 0x3C, 0xF0, 0x07,
    0x8F, 0x01, 0xF0, 0xFC, 0xFC, 0x0F, 0xFF, 0x00, 0xFF, 0x80, 0x03, 0xC0, 0x00, 0xFF, 0xFF, 0xFF,
    0xFF, 0xFF, 0xFF, 0xFC, 0x00, 0x1E, 0x00, 0x07, 0x00, 0x03, 0xC0, 0x00, 0xE0, 0x00, 0x78, 0x00,
    0x3C, 0x00, 0x0F, 0x00, 0x07, 0x80, 0x01, 0xE0, 0x00, 0xF0, 0x00, 0x3C, 0x00, 0x0E, 0x00, 0x07,
    0x80, 0x01, 0xE0, 0x00, 0xF0, 0x00, 0x3C, 0x00, 0x0F, 0x00, 0x07, 0x80, 0x01, 0xE0, 0x00, 0x78,
    0x00, 0x3E, 0x00, 0x0F, 0x00, 0x00, 0x00, 0x00, 0x00, 0xFF, 0x80, 0x7F, 0xF8, 0x1F, 0xFF, 0x87,
    0xC0, 0xF8, 0xF0, 0x0F, 0x1C, 0x00, 0xF7, 0x80, 0x1E, 0xF0, 0x03, 0xDE, 0x00, 0x71, 0xE0, 0x1E,
    0x3F, 0x87, 0x83, 0xFF, 0xE0, 0x1F, 0xFC, 0x0F, 0xFF, 0xC3, 0xE3, 0xFC, 0x70, 0x07, 0xDE, 0x00,
    0x7B, 0x80, 0x07, 0xF0, 0x00, 0xFE, 0x00, 0x1F, 0xE0, 0x07, 0xBE, 0x01, 0xF3, 0xF0, 0xFC, 0x3F,
    0xFF, 0x03, 0xFF, 0xC0, 0x0F, 0xC0, 0x00, 0x00, 0x00, 0x00, 0xFF, 0x80, 0x3F, 0xF8, 0x1F, 0xFF,
    0x83, 0xE0, 0xF8, 0xF0, 0x0F, 0x1E, 0x00, 0xF3, 0xC0, 0x0E, 0xF0, 0x01, 0xFE, 0x00, 0x3D, 0xE0,
    0x07, 0xBC, 0x00, 0xF7, 0xC0, 0x7E, 0x7F, 0xFF, 0xC7, 0xFF, 0xF8, 0x3F, 0xCF, 0x00, 0x01, 0xE0,
    0x00, 0x3C, 0x00, 0x07, 0x00, 0x01, 0xE0, 0x00, 0x3C, 0x00, 0x0F, 0x0F, 0x03, 0xE1, 0xFB, 0xF8,
    0x1F, 0xFE, 0x01, 0xFF, 0x80, 0x07, 0x80, 0x00, 0xFF, 0xFF, 0xE0, 0x00, 0x00, 0x00, 0x00, 0x00,
    0x7B, 0xFF, 0xF0, 0xFF, 0xFF, 0xE0, 0x00, 0x00, 0x00, 0x00, 0x00, 0x3F, 0xFF, 0x79, 0x9C, 0xCE,
    0x60, 0x00, 0x06, 0x00, 0x3C, 0x03, 0xF8, 0x1F, 0xE1, 0xFF, 0x0F, 0xF0, 0x3F, 0x80, 0x7E, 0x00,
    0x7F, 0x80, 0x7F, 0xC0, 0x1F, 0xF0, 0x0F, 0xF0, 0x03, 0xE0, 0x00, 0xC0, 0xFF, 0xFF, 0xFF, 0xFF,
    0xFF, 0xF8, 0x00, 0x00, 0x00, 0x00, 0x00, 0x00, 0x00, 0x7F, 0xFF, 0xFF, 0xFF, 0xFF, 0xFC, 0xC0,
    0x01, 0xE0, 0x03, 0xF8, 0x03, 0xFC, 0x01, 0xFF, 0x00, 0x7F, 0x80, 0x3F, 0x80, 0x3F, 0x01, 0xFE,
    0x1F, 0xF1, 0xFF, 0x07, 0xF8, 0x0F, 0x80, 0x1C, 0x00, 0x00, 0x00, 0x00, 0x03, 0xFC, 0x07, 0xFF,
    0x87, 0xFF, 0xE7, 0xC0, 0xF3, 0x80, 0x38, 0xC0, 0x1E, 0x00, 0x0F, 0x00, 0x07, 0x00, 0x07, 0x80,
    0x03, 0xC0, 0x03, 0xC0, 0x03, 0xC0, 0x03, 0xC0, 0x03, 0xC0, 0x01, 0xC0, 0x01, 0xE0, 0x00, 0xE0,
    0x00, 0x70, 0x00, 0x38, 0x00, 0x00, 0x00, 0x00, 0x00, 0x0F, 0x00, 0x07, 0x80, 0x03, 0xC0, 0x01,
    0xE0, 0x00, 0x00, 0x00, 0x00, 0x00, 0x1F, 0xF8, 0x00, 0x1F, 0xFF, 0x80, 0x1F, 0xC3, 0xF8, 0x0F,
    0x80, 0x1F, 0x07, 0x80, 0x01, 0xC1, 0xC0, 0x00, 0x78, 0xE0, 0xFC, 0x0E, 0x78, 0x7F, 0xF1, 0xDC,
    0x3F, 0xFC, 0x77, 0x1E, 0x1E, 0x1F, 0x87, 0x03, 0x87, 0xE3, 0xC0, 0xE1, 0xF8, 0xE0, 0x38, 0x7E,
    0x38, 0x0E, 0x1F, 0x8E, 0x07, 0x8F, 0xE3, 0xC1, 0xC3, 0x9C, 0x70, 0xF9, 0xE7, 0x1F, 0xFF, 0xF1,
    0xC3, 0xFB, 0xF8, 0x38, 0x7C, 0x38, 0x0F, 0x00, 0x00, 0x01, 0xE0, 0x00, 0x00, 0x3E, 0x00, 0xE0,
    0x07, 0xFF, 0xF8, 0x00, 0x7F, 0xFC, 0x00, 0x07, 0xFC, 0x00, 0x00, 0x78, 0x00, 0x01, 0xF0, 0x00,
    0x0F, 0xC0, 0x00, 0x3F, 0x80, 0x01, 0xFE, 0x00, 0x07, 0xF8, 0x00, 0x1C, 0xF0, 0x00, 0xF3, 0xC0,
    0x03, 0x8F, 0x00, 0x0E, 0x1E, 0x00, 0x78, 0x78, 0x01, 0xC0, 0xE0, 0x07, 0x03, 0xC0, 0x3C, 0x0F,
    0x00, 0xE0, 0x1E, 0x07, 0xFF, 0xF8, 0x1F, 0xFF, 0xE0, 0x7F, 0xFF, 0xC3, 0xC0, 0x0F, 0x0F, 0x00,
    0x3C, 0x38, 0x00, 0x79, 0xE0, 0x01, 0xE7, 0x80, 0x07, 0xBC, 0x00, 0x0F, 0xF0, 0x00, 0x3C, 0xFF,
    0xF8, 0x1F, 0xFF, 0xC3, 0xFF, 0xFC, 0x78, 0x07, 0xCF, 0x00, 0x7D, 0xE0, 0x07, 0xBC, 0x00, 0xF7,
    0x80, 0x1E, 0xF0, 0x03, 0xDE, 0x00, 0xF3, 0xC0, 0x3E, 0x7F, 0xFF, 0x8F, 0xFF, 0xC1, 0xFF, 0xFE,
    0x3C, 0x03, 0xE7, 0x80, 0x3E, 0xF0, 0x03, 0xDE, 0x00, 0x7F, 0xC0, 0x0F, 0xF8, 0x01, 0xFF, 0x00,
    0x3D, 0xE0, 0x0F, 0xBF, 0xFF, 0xE7, 0xFF, 0xF8, 0xFF, 0xFC, 0x00, 0x00, 0x00, 0x00, 0x3F, 0xE0,
    0x0F, 0xFF, 0x81, 0xFF, 0xFC, 0x3E, 0x03, 0xE3, 0xC0, 0x1E, 0x78, 0x00, 0xF7, 0x80, 0x0F, 0xF8,
    0x00, 0xFF, 0x00, 0x00, 0xF0, 0x00, 0x0F, 0x00, 0x00, 0xF0, 0x00, 0x0F, 0x00, 0x00, 0xF0, 0x00,
    0x0F, 0x00, 0x00, 0xF0, 0x00, 0x0F, 0x00, 0x00, 0xF0, 0x00, 0x07, 0x80, 0x07, 0x78, 0x00, 0xF3,
    0xC0, 0x0F, 0x3E, 0x03, 0xE1, 0xFF, 0xFC, 0x0F, 0xFF, 0x80, 0x3F, 0xF0, 0x00, 0xF8, 0x00, 0xFF,
    0xE0, 0x1F, 0xFF, 0x83, 0xFF, 0xF8, 0x78, 0x3F, 0x8F, 0x00, 0xF9, 0xE0, 0x0F, 0xBC, 0x00, 0xF7,
    0x80, 0x1F, 0xF0, 0x01, 0xFE, 0x00, 0x3F, 0xC0, 0x07, 0xF8, 0x00, 0xFF, 0x00, 0x1F, 0xE0, 0x03,
    0xFC, 0x00, 0x7F, 0x80, 0x0F, 0xF0, 0x01, 0xFE, 0x00, 0x7F, 0xC0, 0x0F, 0x78, 0x03, 0xEF, 0x00,
    0xF9, 0xE0, 0x7E, 0x3F, 0xFF, 0x87, 0xFF, 0xE0, 0xFF, 0xF0, 0x00, 0xFF, 0xFF, 0x7F, 0xFF, 0xBF,
    0xFF, 0xDE, 0x00, 0x0F, 0x00, 0x07, 0x80, 0x03, 0xC0, 0x01, 0xE0, 0x00, 0xF0, 0x00, 0x78, 0x00,
    0x3C, 0x00, 0x1F, 0xFF, 0x0F, 0xFF, 0x87, 0xFF, 0xC3, 0xC0, 0x01, 0xE0, 0x00, 0xF0, 0x00, 0x78,
    0x00, 0x3C, 0x00, 0x1E, 0x00, 0x0F, 0x00, 0x07, 0x80, 0x03, 0xFF, 0xFF, 0xFF, 0xFF, 0xFF, 0xFF,
    0x80, 0xFF, 0xFF, 0xFF, 0xFF, 0xFF, 0xFF, 0xF0, 0x00, 0xF0, 0x00, 0xF0, 0x00, 0xF0, 0x00, 0xF0,
    0x00, 0xF0, 0x00, 0xF0, 0x00, 0xF0, 0x00, 0xFF, 0xF8, 0xFF, 0xF8, 0xFF, 0xF8, 0xF0, 0x00, 0xF0,
    0x00, 0xF0, 0x00, 0xF0, 0x00, 0xF0, 0x00, 0xF0, 0x00, 0xF0, 0x00, 0xF0, 0x00, 0xF0, 0x00, 0xF0,
    0x00, 0xF0, 0x00, 0x00, 0x00, 0x00, 0x1F, 0xF0, 0x03, 0xFF, 0xE0, 0x3F, 0xFF, 0x83, 0xE0, 0x3E,
    0x1E, 0x00, 0xF1, 0xE0, 0x03, 0xCF, 0x00, 0x1E, 0xF8, 0x00, 0xE7, 0x80, 0x00, 0x3C, 0x00, 0x01,
    0xE0, 0x00, 0x0F, 0x00, 0x00, 0x78, 0x0F, 0xFB, 0xC0, 0x7F, 0xFE, 0x03, 0xFF, 0xF0, 0x00, 0x7F,
    0x80, 0x03, 0xFC, 0x00, 0x1E, 0xF0, 0x01, 0xF7, 0x80, 0x0F, 0x9E, 0x00, 0xFC, 0xF8, 0x0F, 0xE3,
    0xFB, 0xF7, 0x0F, 0xFF, 0xB8, 0x3F, 0xF1, 0xC0, 0x3E, 0x00, 0xF0, 0x01, 0xFE, 0x00, 0x3F, 0xC0,
    0x07, 0xF8, 0x00, 0xFF, 0x00, 0x1F, 0xE0, 0x03, 0xFC, 0x00, 0x7F, 0x80, 0x0F, 0xF0, 0x01, 0xFE,
    0x00, 0x3F, 0xC0, 0x07, 0xFF, 0xFF, 0xFF, 0xFF, 0xFF, 0xFF, 0xFF, 0xFC, 0x00, 0x7F, 0x80, 0x0F,
    0xF0, 0x01, 0xFE, 0x00, 0x3F, 0xC0, 0x07, 0xF8, 0x00, 0xFF, 0x00, 0x1F, 0xE0, 0x03, 0xFC, 0x00,
    0x7F, 0x80, 0x0F, 0xF0, 0x01, 0xE0, 0xFF, 0xFF, 0xFF, 0xFF, 0xFF, 0xFF, 0xFF, 0xFF, 0xFF, 0xFF,
    0xFF, 0xFF, 0xF0, 0x03, 0xC0, 0xF0, 0x3C, 0x0F, 0x03, 0xC0, 0xF0, 0x3C, 0x0F, 0x03, 0xC0, 0xF0,
    0x3C, 0x0F, 0x03, 0xC0, 0xF0, 0x3C, 0x0F, 0x03, 0xC0, 0xF0, 0x3C, 0x0F, 0x03, 0xC0, 0xFF, 0xFF,
    0xFE, 0xFF, 0x07, 0x00, 0xF0, 0x03, 0xDE, 0x00, 0xFB, 0xC0, 0x3E, 0x78, 0x07, 0x8F, 0x01, 0xE1,
    0xE0, 0x78, 0x3C, 0x1E, 0x07, 0x87, 0x80, 0xF1, 0xE0, 0x1E, 0x7C, 0x03, 0xDF, 0x80, 0x7B, 0xF8,
    0x0F, 0xFF, 0x01, 0xFD, 0xF0, 0x3F, 0x1E, 0x07, 0xC3, 0xE0, 0xF0, 0x3E, 0x1E, 0x03, 0xC3, 0xC0,
    0x7C, 0x78, 0x07, 0x8F, 0x00, 0xF9, 0xE0, 0x0F, 0x3C, 0x00, 0xF7, 0x80, 0x1F, 0xF0, 0x01, 0xE0,
    0xF0, 0x00, 0xF0, 0x00, 0xF0, 0x00, 0xF0, 0x00, 0xF0, 0x00, 0xF0, 0x00, 0xF0, 0x00, 0xF0, 0x00,
    0xF0, 0x00, 0xF0, 0x00, 0xF0, 0x00, 0xF0, 0x00, 0xF0, 0x00, 0xF0, 0x00, 0xF0, 0x00, 0xF0, 0x00,
    0xF0, 0x00, 0xF0, 0x00, 0xF0, 0x00, 0xF0, 0x00, 0xF0, 0x00, 0xF0, 0x00, 0xFF, 0xFF, 0xFF, 0xFF,
    0xFF, 0xFF, 0xF8, 0x00, 0x1F, 0xF8, 0x00, 0x1F, 0xFC, 0x00, 0x1F, 0xFC, 0x00, 0x3F, 0xFC, 0x00,
    0x3F, 0xFE, 0x00, 0x7F, 0xFE, 0x00, 0x7F, 0xFE, 0x00, 0x7F, 0xEF, 0x00, 0xFF, 0xEF, 0x00, 0xEF,
    0xE7, 0x80, 0xEF, 0xE7, 0x81, 0xEF, 0xE7, 0x81, 0xCF, 0xE3, 0xC3, 0xCF, 0xE3, 0xC3, 0xCF, 0xE3,
    0xE3, 0x8F, 0xE1, 0xE7, 0x8F, 0xE1, 0xE7, 0x0F, 0xE0, 0xFF, 0x0F, 0xE0, 0xFF, 0x0F, 0xE0, 0xFE,
    0x0F, 0xE0, 0x7E, 0x0F, 0xE0, 0x7C, 0x0F, 0xE0, 0x3C, 0x0F, 0xE0, 0x3C, 0x0F, 0xF0, 0x00, 0xFE,
    0x00, 0x1F, 0xE0, 0x03, 0xFE, 0x00, 0x7F, 0xC0, 0x0F, 0xFC, 0x01, 0xFF, 0xC0, 0x3F, 0x78, 0x07,
    0xE7, 0x80, 0xFC, 0xF8, 0x1F, 0x8F, 0x03, 0xF0, 0xF0, 0x7E, 0x1F, 0x0F, 0xC1, 0xF1, 0xF8, 0x1E,
    0x3F, 0x03, 0xE7, 0xE0, 0x3E, 0xFC, 0x03, 0xDF, 0x80, 0x3F, 0xF0, 0x07, 0xFE, 0x00, 0x7F, 0xC0,
    0x07, 0xF8, 0x00, 0xFF, 0x00, 0x0F, 0xE0, 0x00, 0xE0, 0x00, 0x00, 0x00, 0x0F, 0xF8, 0x00, 0xFF,
    0xF8, 0x07, 0xFF, 0xF0, 0x3E, 0x03, 0xE0, 0xF0, 0x07, 0xC7, 0x80, 0x0F, 0x1E, 0x00, 0x1E, 0xF8,
    0x00, 0x7B, 0xC0, 0x01, 0xEF, 0x00, 0x07, 0xBC, 0x00, 0x1F, 0xF0, 0x00, 0x3F, 0xC0, 0x00, 0xFF,
    0x00, 0x03, 0xFC, 0x00, 0x0F, 0xF0, 0x00, 0x7B, 0xC0, 0x01, 0xEF, 0x00, 0x07, 0x9E, 0x00, 0x1E,
    0x78, 0x00, 0xF1, 0xF0, 0x03, 0xC3, 0xE0, 0x1E, 0x07, 0xF7, 0xF8, 0x0F, 0xFF, 0x80, 0x1F, 0xFC,
    0x00, 0x0F, 0x80, 0x00, 0xFF, 0xF8, 0x1F, 0xFF, 0xE3, 0xFF, 0xFE, 0x78, 0x07, 0xEF, 0x00, 0x3D,
    0xE0, 0x07, 0xBC, 0x00, 0xFF, 0x80, 0x0F, 0xF0, 0x03, 0xFE, 0x00, 0x7B, 0xC0, 0x1F, 0x78, 0x07,
    0xEF, 0xFF, 0xF9, 0xFF, 0xFE, 0x3F, 0xFE, 0x07, 0x80, 0x00, 0xF0, 0x00, 0x1E, 0x00, 0x03, 0xC0,
    0x00, 0x78, 0x00, 0x0F, 0x00, 0x01, 0xE0, 0x00, 0x3C, 0x00, 0x07, 0x80, 0x00, 0xF0, 0x00, 0x00,
    0x00, 0x00, 0x00, 0x0F, 0xF8, 0x00, 0xFF, 0xF8, 0x07, 0xFF, 0xF0, 0x3E, 0x03, 0xE0, 0xF0, 0x07,
    0xC7, 0x80, 0x0F, 0x1E, 0x00, 0x1E, 0xF8, 0x00, 0x7B, 0xC0, 0x01, 0xEF, 0x00, 0x07, 0xBC, 0x00,
    0x1F, 0xF0, 0x00, 0x3F, 0xC0, 0x00, 0xFF, 0x00, 0x03, 0xFC, 0x00, 0x0F, 0xF0, 0x00, 0x7F, 0xC0,
    0x01, 0xEF, 0x00, 0x07, 0x9E, 0x00, 0x1E, 0x78, 0x00, 0xF0, 0xF0, 0x03, 0xC3, 0xE0, 0x1E, 0x07,
    0xF7, 0xF0, 0x0F, 0xFF, 0x80, 0x1F, 0xFE, 0x00, 0x0F, 0xBE, 0x00, 0x00, 0xFE, 0x00, 0x01, 0xF8,
    0x00, 0x01, 0xE0, 0x00, 0x00, 0x00, 0xFF, 0xFC, 0x1F, 0xFF, 0xE3, 0xFF, 0xFE, 0x78, 0x03, 0xEF,
    0x00, 0x3D, 0xE0, 0x07, 0xFC, 0x00, 0xFF, 0x80, 0x1F, 0xF0, 0x03, 0xDE, 0x00, 0x7B, 0xC0, 0x3F,
    0x7F, 0xFF, 0xCF, 0xFF, 0xF1, 0xFF, 0xF8, 0x3C, 0x0F, 0x07, 0x81, 0xE0, 0xF0, 0x1E, 0x1E, 0x03,
    0xC3, 0xC0, 0x3C, 0x78, 0x07, 0x8F, 0x00, 0xF9, 0xE0, 0x0F, 0x3C, 0x01, 0xE7, 0x80, 0x1E, 0xF0,
    0x03, 0xC0, 0x00, 0x00, 0x00, 0xFF, 0xC0, 0x3F, 0xFC, 0x0F, 0xFF, 0xE3, 0xE0, 0x7C, 0x78, 0x03,
    0x9E, 0x00, 0x03, 0xC0, 0x00, 0x78, 0x00, 0x0F, 0x80, 0x00, 0xF8, 0x00, 0x1F, 0xE0, 0x01, 0xFF,
    0x80, 0x1F, 0xFC, 0x00, 0x7F, 0xE0, 0x03, 0xFE, 0x00, 0x0F, 0xC0, 0x00, 0x7C, 0x00, 0x07, 0x80,
    0x00, 0xF2, 0x00, 0x1F, 0xE0, 0x03, 0xDE, 0x00, 0xF3, 0xFD, 0xFE, 0x3F, 0xFF, 0x81, 0xFF, 0xC0,
    0x07, 0xC0, 0x00, 0xFF, 0xFF, 0xEF, 0xFF, 0xFF, 0xFF, 0xFF, 0xE0, 0x0F, 0x00, 0x00, 0xF0, 0x00,
    0x0F, 0x00, 0x00, 0xF0, 0x00, 0x0F, 0x00, 0x00, 0xF0, 0x00, 0x0F, 0x00, 0x00, 0xF0, 0x00, 0x0F,
    0x00, 0x00, 0xF0, 0x00, 0x0F, 0x00, 0x00, 0xF0, 0x00, 0x0F, 0x00, 0x00, 0xF0, 0x00, 0x0F, 0x00,
    0x00, 0xF0, 0x00, 0x0F, 0x00, 0x00, 0xF0, 0x00, 0x0F, 0x00, 0x00, 0xF0, 0x00, 0x0F, 0x00, 0x00,
    0xF0, 0x00, 0x70, 0x00, 0xEE, 0x00, 0x1D, 0xC0, 0x03, 0xB8, 0x00, 0x77, 0x00, 0x0E, 0xE0, 0x01,
    0xDC, 0x00, 0x3B, 0x80, 0x07, 0x70, 0x00, 0xEE, 0x00, 0x1D, 0xC0, 0x03, 0xB8, 0x00, 0x77, 0x00,
    0x0E, 0xE0, 0x01, 0xDC, 0x00, 0x3B, 0x80, 0x07, 0x70, 0x00, 0xEE, 0x00, 0x1D, 0xE0, 0x03, 0xBC,
    0x00, 0xF7, 0x80, 0x1E, 0x78, 0x07, 0x8F, 0xFF, 0xF0, 0xFF, 0xFC, 0x0F, 0xFE, 0x00, 0x3E, 0x00,
    0xF0, 0x00, 0x3B, 0xC0, 0x00, 0xE7, 0x80, 0x07, 0x9E, 0x00, 0x1C, 0x78, 0x00, 0x70, 0xF0, 0x03,
    0xC3, 0xC0, 0x0E, 0x0F, 0x00, 0x78, 0x1E, 0x01, 0xE0, 0x78, 0x07, 0x00, 0xF0, 0x3C, 0x03, 0xC0,
    0xF0, 0x0F, 0x03, 0x80, 0x1E, 0x1E, 0x00, 0x78, 0x78, 0x01, 0xE1, 0xC0, 0x03, 0xCF, 0x00, 0x0F,
    0x38, 0x00, 0x3C, 0xE0, 0x00, 0x7F, 0x80, 0x01, 0xFC, 0x00, 0x07, 0xF0, 0x00, 0x0F, 0xC0, 0x00,
    0x3E, 0x00, 0x00, 0xF8, 0x00, 0xF0, 0x01, 0xE0, 0x07, 0xF8, 0x00, 0xF0, 0x03, 0x9E, 0x00, 0xF8,
    0x01, 0xCF, 0x00, 0x7C, 0x01, 0xE7, 0x80, 0x3F, 0x00, 0xF1, 0xC0, 0x3F, 0x80, 0x70, 0xF0, 0x1F,
    0xC0, 0x38, 0x78, 0x0E, 0xF0, 0x3C, 0x3C, 0x07, 0x78, 0x1C, 0x0F, 0x07, 0xBC, 0x0E, 0x07, 0x83,
    0x8E, 0x0F, 0x03, 0xC1, 0xC7, 0x87, 0x80, 0xE1, 0xE3, 0xC3, 0x80, 0x78, 0xE1, 0xE1, 0xC0, 0x3C,
    0x70, 0x71, 0xE0, 0x1E, 0x38, 0x3C, 0xE0, 0x07, 0xBC, 0x1E, 0x70, 0x03, 0xDC, 0x07, 0x78, 0x01,
    0xEE, 0x03, 0xFC, 0x00, 0x7F, 0x01, 0xFC, 0x00, 0x3F, 0x00, 0xFE, 0x00, 0x1F, 0x80, 0x3F, 0x00,
    0x0F, 0xC0, 0x1F, 0x00, 0x03, 0xE0, 0x0F, 0x80, 0x01, 0xE0, 0x03, 0xC0, 0x00, 0x78, 0x00, 0xF3,
    0xC0, 0x07, 0x8F, 0x00, 0x78, 0x7C, 0x07, 0x81, 0xE0, 0x3C, 0x07, 0x83, 0xC0, 0x3E, 0x3C, 0x00,
    0xF1, 0xE0, 0x03, 0xDE, 0x00, 0x1F, 0xE0, 0x00, 0x7F, 0x00, 0x01, 0xF0, 0x00, 0x0F, 0x80, 0x00,
    0xFC, 0x00, 0x07, 0xF0, 0x00, 0x7F, 0xC0, 0x07, 0x9E, 0x00, 0x3C, 0x78, 0x03, 0xC3, 0xE0, 0x3C,
    0x0F, 0x01, 0xE0, 0x3C, 0x1E, 0x01, 0xF1, 0xF0, 0x07, 0x8F, 0x00, 0x1E, 0xF0, 0x00, 0xF8, 0xF0,
    0x00, 0x77, 0xC0, 0x07, 0x9E, 0x00, 0x38, 0x78, 0x03, 0xC3, 0xE0, 0x3C, 0x0F, 0x01, 0xE0, 0x7C,
    0x1E, 0x01, 0xE0, 0xE0, 0x07, 0x8F, 0x00, 0x3C, 0x70, 0x00, 0xF7, 0x80, 0x07, 0xF8, 0x00, 0x1F,
    0x80, 0x00, 0x7C, 0x00, 0x03, 0xC0, 0x00, 0x1E, 0x00, 0x00, 0xF0, 0x00, 0x07, 0x80, 0x00, 0x3C,
    0x00, 0x01, 0xE0, 0x00, 0x0F, 0x00, 0x00, 0x78, 0x00, 0x03, 0xC0, 0x00, 0x1E, 0x00, 0x00, 0xF0,
    0x00, 0x7F, 0xFF, 0xEF, 0xFF, 0xFD, 0xFF, 0xFF, 0x00, 0x03, 0xE0, 0x00, 0x78, 0x00, 0x1E, 0x00,
    0x07, 0xC0, 0x00, 0xF0, 0x00, 0x3C, 0x00, 0x0F, 0x80, 0x01, 0xE0, 0x00, 0x78, 0x00, 0x1F, 0x00,
    0x03, 0xC0, 0x00, 0xF0, 0x00, 0x3E, 0x00, 0x07, 0x80, 0x01, 0xE0, 0x00, 0x7C, 0x00, 0x0F, 0x00,
    0x03, 0xE0, 0x00, 0xF8, 0x00, 0x1F, 0xFF, 0xFF, 0xFF, 0xFF, 0xFF, 0xFF, 0xE0, 0x7E, 0x7E, 0x7E,
    0x70, 0x70, 0x70, 0x70, 0x70, 0x70, 0x70, 0x70, 0x70, 0x70, 0x70, 0x70, 0x70, 0x70, 0x70, 0x70,
    0x70, 0x70, 0x70, 0x70, 0x70, 0x70, 0x70, 0x70, 0x70, 0x7E, 0x7E, 0x7E, 0xE0, 0x0E, 0x00, 0x70,
    0x07, 0x00, 0x70, 0x03, 0x80, 0x38, 0x03, 0x80, 0x1C, 0x01, 0xC0, 0x1C, 0x00, 0xE0, 0x0E, 0x00,
    0xE0, 0x07, 0x00, 0x70, 0x07, 0x00, 0x78, 0x03, 0x80, 0x38, 0x03, 0x80, 0x1C, 0x01, 0xC0, 0x1C,
    0x00, 0xE0, 0x0E, 0x00, 0x60, 0xFF, 0xFD, 0xF8, 0x70, 0xE1, 0xC3, 0x87, 0x0E, 0x1C, 0x38, 0x70,
    0xE1, 0xC3, 0x87, 0x0E, 0x1C, 0x38, 0x70, 0xE1, 0xC3, 0x87, 0x0E, 0x1C, 0x38, 0x7F, 0xFF, 0xFF,
    0x80, 0x00, 0x00, 0x0C, 0x00, 0x78, 0x01, 0xE0, 0x0F, 0xC0, 0x3F, 0x01, 0xDC, 0x07, 0x38, 0x1C,
    0xE0, 0xE1, 0xC3, 0x87, 0x1C, 0x1C, 0x70, 0x39, 0xC0, 0xEE, 0x01, 0x80, 0xFF, 0xFB, 0xFF, 0xFF,
    0xFF, 0xC0, 0x00, 0x3C, 0x0F, 0xC1, 0xFE, 0x0F, 0x80, 0x60, 0x0F, 0xF0, 0x7F, 0xF9, 0xF9, 0xF3,
    0xC0, 0xF7, 0x00, 0xE0, 0x01, 0xC0, 0x03, 0x81, 0xFF, 0x1F, 0xFE, 0x7F, 0x9D, 0xE0, 0x3F, 0x80,
    0x7E, 0x00, 0xFC, 0x03, 0xFC, 0x07, 0xFC, 0x3F, 0x7F, 0xFE, 0x7F, 0x9C, 0x3C, 0x00, 0xF0, 0x00,
    0x78, 0x00, 0x3C, 0x00, 0x1E, 0x00, 0x0F, 0x00, 0x07, 0x80, 0x03, 0xC0, 0x01, 0xEF, 0xF0, 0xFF,
    0xFC, 0x7F, 0x3F, 0x3E, 0x07, 0xDE, 0x01, 0xEF, 0x00, 0x77, 0x80, 0x3B, 0xC0, 0x1F, 0xE0, 0x0F,
    0xF0, 0x07, 0xF8, 0x03, 0xFC, 0x01, 0xFE, 0x00, 0xEF, 0x00, 0xF7, 0xC0, 0x7B, 0xF0, 0xF9, 0xDF,
    0xF8, 0xE7, 0xF8, 0x00, 0xF0, 0x00, 0x07, 0xF8, 0x07, 0xFE, 0x07, 0xCF, 0x87, 0x81, 0xE7, 0x80,
    0x73, 0x80, 0x03, 0xC0, 0x01, 0xE0, 0x00, 0xF0, 0x00, 0x78, 0x00, 0x3C, 0x00, 0x1E, 0x00, 0x07,
    0x00, 0x03, 0xC0, 0x39, 0xF0, 0x3C, 0x7C, 0x3C, 0x1F, 0xFE, 0x07, 0xFC, 0x00, 0x78, 0x00, 0x00,
    0x07, 0x80, 0x03, 0xC0, 0x01, 0xE0, 0x00, 0xF0, 0x00, 0x78, 0x00, 0x3C, 0x00, 0x1E, 0x0F, 0xEF,
    0x1F, 0xFF, 0x9F, 0x9F, 0xCF, 0x03, 0xEF, 0x00, 0xF7, 0x80, 0x7B, 0x80, 0x3F, 0xC0, 0x1F, 0xE0,
    0x0F, 0xF0, 0x07, 0xF8, 0x03, 0xFC, 0x01, 0xEE, 0x00, 0xF7, 0x80, 0x7B, 0xC0, 0x7C, 0xF8, 0x7E,
    0x3F, 0xFF, 0x0F, 0xF7, 0x81, 0xE0, 0x00, 0x07, 0xF8, 0x07, 0xFE, 0x07, 0xCF, 0x87, 0x81, 0xE7,
    0x80, 0x7B, 0x80, 0x3F, 0xC0, 0x0F, 0xE0, 0x07, 0xFF, 0xFF, 0xFF, 0xFF, 0xFC, 0x00, 0x1E, 0x00,
    0x07, 0x00, 0x03, 0xC0, 0x18, 0xF0, 0x1E, 0x7C, 0x3E, 0x1F, 0xFE, 0x07, 0xFE, 0x00, 0x78, 0x00,
    0x03, 0xF0, 0x7F, 0x07, 0xF0, 0xF0, 0x0F, 0x00, 0xF0, 0x0F, 0x07, 0xFF, 0xFF, 0xF7, 0xFF, 0x0F,
    0x00, 0xF0, 0x0F, 0x00, 0xF0, 0x0F, 0x00, 0xF0, 0x0F, 0x00, 0xF0, 0x0F, 0x00, 0xF0, 0x0F, 0x00,
    0xF0, 0x0F, 0x00, 0xF0, 0x0F, 0x00, 0x07, 0xFC, 0xE0, 0xFF, 0xFF, 0x1E, 0x0F, 0xE3, 0xC0, 0x78,
    0x38, 0x03, 0x83, 0x80, 0x38, 0x38, 0x03, 0x83, 0xC0, 0x78, 0x1E, 0x0F, 0x01, 0xFF, 0xE0, 0x0F,
    0xFC, 0x01, 0xF0, 0x00, 0x38, 0x00, 0x03, 0xFF, 0x80, 0x1F, 0xFF, 0x01, 0xFF, 0xF8, 0x38, 0x1F,
    0xC7, 0x00, 0x1C, 0x70, 0x01, 0xCF, 0x00, 0x1C, 0x70, 0x03, 0xC7, 0xE0, 0xF8, 0x3F, 0xFF, 0x00,
    0xFF, 0xC0, 0xF0, 0x00, 0xF0, 0x00, 0xF0, 0x00, 0xF0, 0x00, 0xF0, 0x00, 0xF0, 0x00, 0xF0, 0x00,
    0xF3, 0xF8, 0xF7, 0xFC, 0xFF, 0xFE, 0xFC, 0x1E, 0xF0, 0x0E, 0xF0, 0x0E, 0xF0, 0x0E, 0xF0, 0x0E,
    0xF0, 0x0E, 0xF0, 0x0E, 0xF0, 0x0E, 0xF0, 0x0E, 0xF0, 0x0E, 0xF0, 0x0E, 0xF0, 0x0E, 0xF0, 0x0E,
    0xF0, 0x0E, 0xF0, 0x0E, 0xFF, 0xFF, 0x60, 0x0F, 0xFF, 0xFF, 0xFF, 0xFF, 0xFF, 0xFF, 0xFF, 0xFF,
    0xF0, 0x0F, 0x0F, 0x0F, 0x0F, 0x06, 0x00, 0x00, 0x0F, 0x0F, 0x0F, 0x0F, 0x0F, 0x0F, 0x0F, 0x0F,
    0x0F, 0x0F, 0x0F, 0x0F, 0x0F, 0x0F, 0x0F, 0x0F, 0x0F, 0x0F, 0x0F, 0x0F, 0x0F, 0xFE, 0xFE, 0xFC,
    0xF0, 0x00, 0xF0, 0x00, 0xF0, 0x00, 0xF0, 0x00, 0xF0, 0x00, 0xF0, 0x00, 0xF0, 0x00, 0xF0, 0x0E,
    0xF0, 0x1E, 0xF0, 0x3C, 0xF0, 0x78, 0xF0, 0xF0, 0xF1, 0xE0, 0xF3, 0xC0, 0xF7, 0xC0, 0xFF, 0xE0,
    0xFF, 0xF0, 0xFC, 0xF0, 0xF8, 0x78, 0xF0, 0x78, 0xF0, 0x3C, 0xF0, 0x3C, 0xF0, 0x1E, 0xF0, 0x0F,
    0xF0, 0x0F, 0xFF, 0xFF, 0xFF, 0xFF, 0xFF, 0xFF, 0xFF, 0xFF, 0xFF, 0xFF, 0xFF, 0xFF, 0xF0, 0xF3,
    0xF8, 0x7F, 0x3D, 0xFF, 0x3F, 0xEF, 0xFF, 0xFF, 0xFF, 0xF0, 0x7E, 0x0F, 0xF0, 0x1F, 0x01, 0xFC,
    0x07, 0x80, 0x7F, 0x01, 0xE0, 0x1F, 0xC0, 0x78, 0x07, 0xF0, 0x1E, 0x01, 0xFC, 0x07, 0x80, 0x7F,
    0x01, 0xE0, 0x1F, 0xC0, 0x78, 0x07, 0xF0, 0x1E, 0x01, 0xFC, 0x07, 0x80, 0x7F, 0x01, 0xE0, 0x1F,
    0xC0, 0x78, 0x07, 0xF0, 0x1E, 0x01, 0xFC, 0x07, 0x80, 0x70, 0xF3, 0xF8, 0xF7, 0xFC, 0xFF, 0xFE,
    0xFC, 0x1E, 0xF0, 0x0E, 0xF0, 0x0E, 0xF0, 0x0E, 0xF0, 0x0E, 0xF0, 0x0E, 0xF0, 0x0E, 0xF0, 0x0E,
    0xF0, 0x0E, 0xF0, 0x0E, 0xF0, 0x0E, 0xF0, 0x0E, 0xF0, 0x0E, 0xF0, 0x0E, 0xF0, 0x0E, 0x07, 0xF8,
    0x03, 0xFF, 0x01, 0xF3, 0xE0, 0xF0, 0x3C, 0x78, 0x07, 0x9C, 0x00, 0xEF, 0x00, 0x3B, 0xC0, 0x0F,
    0xF0, 0x03, 0xFC, 0x00, 0xFF, 0x00, 0x3F, 0xC0, 0x0F, 0x70, 0x03, 0x9E, 0x01, 0xE7, 0xC0, 0xF0,
    0xF8, 0x7C, 0x1F, 0xFE, 0x03, 0xFF, 0x00, 0x1E, 0x00, 0xF7, 0xF8, 0x7F, 0xFE, 0x3F, 0x9F, 0x9F,
    0x03, 0xCF, 0x00, 0xF7, 0x80, 0x3B, 0xC0, 0x1D, 0xE0, 0x0F, 0xF0, 0x07, 0xF8, 0x03, 0xFC, 0x01,
    0xFE, 0x00, 0xEF, 0x00, 0x77, 0x80, 0x7B, 0xC0, 0x79, 0xF8, 0x7C, 0xFF, 0xFC, 0x7F, 0xFC, 0x3C,
    0x70, 0x1E, 0x00, 0x0F, 0x00, 0x07, 0x80, 0x03, 0xC0, 0x01, 0xE0, 0x00, 0x0F, 0xF3, 0x8F, 0xFD,
    0xCF, 0xCF, 0xE7, 0x81, 0xF7, 0x80, 0x7B, 0x80, 0x3F, 0xC0, 0x1F, 0xE0, 0x0F, 0xF0, 0x07, 0xF8,
    0x03, 0xFC, 0x01, 0xFE, 0x00, 0xF7, 0x00, 0x7B, 0xC0, 0x3D, 0xF0, 0x1E, 0x7C, 0x3F, 0x1F, 0xFF,
    0x87, 0xFB, 0xC0, 0xF1, 0xE0, 0x00, 0xF0, 0x00, 0x78, 0x00, 0x3C, 0x00, 0x1E, 0x00, 0x0F, 0xF3,
    0xFD, 0xFF, 0xFF, 0xF0, 0xF8, 0x3C, 0x0F, 0x03, 0xC0, 0xF0, 0x3C, 0x0F, 0x03, 0xC0, 0xF0, 0x3C,
    0x0F, 0x03, 0xC0, 0xF0, 0x3C, 0x00, 0x0F, 0xF8, 0x1F, 0xFC, 0x3E, 0x3E, 0x38, 0x0E, 0x78, 0x04,
    0x78, 0x00, 0x7C, 0x00, 0x3F, 0x80, 0x1F, 0xF0, 0x0F, 0xFC, 0x01, 0xFE, 0x00, 0x1F, 0x00, 0x0F,
    0x60, 0x0F, 0x70, 0x0F, 0x7C, 0x1E, 0x3F, 0xFC, 0x1F, 0xF8, 0x03, 0xC0, 0x0E, 0x00, 0xE0, 0x0E,
    0x00, 0xE0, 0x0E, 0x00, 0xE0, 0x7F, 0xFF, 0xFF, 0x7F, 0xF0, 0xE0, 0x0E, 0x00, 0xE0, 0x0E, 0x00,
    0xE0, 0x0E, 0x00, 0xE0, 0x0E, 0x00, 0xE0, 0x0E, 0x00, 0xE0, 0x0E, 0x00, 0xF8, 0x0F, 0xF0, 0x7F,
    0xE0, 0x0F, 0xE0, 0x1F, 0xC0, 0x3F, 0x80, 0x7F, 0x00, 0xFE, 0x01, 0xFC, 0x03, 0xF8, 0x07, 0xF0,
    0x0F, 0xE0, 0x1F, 0xC0, 0x3F, 0x80, 0x7F, 0x00, 0xFE, 0x03, 0xFC, 0x0F, 0xFC, 0x7F, 0x7F, 0xEE,
    0x7F, 0x9C, 0x38, 0x00, 0x70, 0x01, 0xDE, 0x00, 0xE7, 0x80, 0x38, 0xE0, 0x1E, 0x3C, 0x07, 0x0F,
    0x01, 0xC1, 0xE0, 0xE0, 0x78, 0x38, 0x0E, 0x1E, 0x03, 0xC7, 0x00, 0xF1, 0xC0, 0x1E, 0xE0, 0x07,
    0xB8, 0x00, 0xFE, 0x00, 0x3F, 0x00, 0x0F, 0xC0, 0x01, 0xE0, 0x00, 0x78, 0x00, 0xE0, 0x1C, 0x03,
    0xF8, 0x0E, 0x01, 0xFC, 0x0F, 0x81, 0xDE, 0x07, 0xC0, 0xE7, 0x03, 0xE0, 0x73, 0xC3, 0xF8, 0x71,
    0xE1, 0xDC, 0x38, 0x70, 0xEE, 0x1C, 0x3C, 0x67, 0x8E, 0x1E, 0x71, 0xCE, 0x07, 0x38, 0xE7, 0x03,
    0xDC, 0x7B, 0x81, 0xFC, 0x3F, 0x80, 0x7E, 0x0F, 0xC0, 0x3F, 0x07, 0xE0, 0x1F, 0x03, 0xE0, 0x07,
    0x80, 0xF0, 0x03, 0xC0, 0x78, 0x00, 0x78, 0x03, 0x9F, 0x01, 0xC3, 0xC0, 0xF0, 0x78, 0x78, 0x0F,
    0x1C, 0x03, 0xEE, 0x00, 0x7F, 0x80, 0x0F, 0xC0, 0x01, 0xE0, 0x00, 0x7C, 0x00, 0x3F, 0x00, 0x1F,
    0xE0, 0x0F, 0x3C, 0x03, 0x8F, 0x81, 0xE1, 0xE0, 0xF0, 0x3C, 0x78, 0x07, 0x9C, 0x01, 0xE0, 0x70,
    0x03, 0xBC, 0x01, 0xDE, 0x01, 0xC7, 0x00, 0xE3, 0xC0, 0x71, 0xE0, 0x70, 0x78, 0x38, 0x3C, 0x3C,
    0x0E, 0x1C, 0x07, 0x8E, 0x03, 0xCE, 0x00, 0xE7, 0x00, 0x7F, 0x80, 0x1F, 0x80, 0x0F, 0xC0, 0x07,
    0xC0, 0x01, 0xE0, 0x00, 0xF0, 0x00, 0x70, 0x00, 0x38, 0x00, 0x38, 0x03, 0xFC, 0x01, 0xFC, 0x00,
    0xF8, 0x00, 0xFF, 0xFF, 0xFF, 0xF7, 0xFF, 0xC0, 0x1E, 0x00, 0xF0, 0x03, 0xC0, 0x1E, 0x00, 0xF0,
    0x07, 0x80, 0x1E, 0x00, 0xF0, 0x07, 0x80, 0x3C, 0x00, 0xF0, 0x07, 0x80, 0x3C, 0x00, 0xFF, 0xFF,
    0xFF, 0xF0, 0x07, 0xC3, 0xF0, 0xF8, 0x78, 0x1E, 0x07, 0x81, 0xE0, 0x78, 0x1E, 0x07, 0x81, 0xE0,
    0x78, 0x1E, 0x0F, 0x0F, 0x83, 0xE0, 0xFC, 0x07, 0x01, 0xE0, 0x78, 0x1E, 0x07, 0x81, 0xE0, 0x78,
    0x1E, 0x07, 0x81, 0xE0, 0x38, 0x0F, 0xC3, 0xF0, 0x3C, 0xDF, 0xFF, 0xFF, 0xFF, 0xFF, 0xFF, 0xFF,
    0xFF, 0xFF, 0xFF, 0xFF, 0xFF, 0xFF, 0x80, 0xF8, 0x1F, 0x81, 0xF0, 0x0F, 0x01, 0xE0, 0x3C, 0x07,
    0x80, 0xF0, 0x1E, 0x03, 0xC0, 0x78, 0x0F, 0x00, 0xE0, 0x1E, 0x01, 0xF0, 0x1F, 0x0F, 0xC1, 0xC0,
    0x78, 0x0F, 0x01, 0xE0, 0x3C, 0x07, 0x80, 0xF0, 0x1E, 0x03, 0xC0, 0x78, 0x0F, 0x0F, 0xC1, 0xF8,
    0x3C, 0x00, 0x0E, 0x00, 0x3F, 0x83, 0x7F, 0xFF, 0x70, 0xFE, 0x40, 0x3C, 0xFF, 0xFF, 0x00, 0x66,
    0x77, 0x77, 0x7F, 0xFF, 0xFF, 0xFF, 0xFF, 0xFF, 0x01, 0xC0, 0x00, 0xE0, 0x00, 0x70, 0x00, 0x7E,
    0x00, 0xFF, 0xC0, 0xFF, 0xF0, 0xF0, 0x7C, 0xF0, 0x1E, 0x78, 0x06, 0x38, 0x00, 0x3C, 0x00, 0x1E,
    0x00, 0x0F, 0x00, 0x07, 0x80, 0x03, 0xC0, 0x00, 0xE0, 0x00, 0x78, 0x03, 0x3C, 0x03, 0x8F, 0x03,
    0xC3, 0xFF, 0xC0, 0xFF, 0xC0, 0x1F, 0x80, 0x07, 0x00, 0x03, 0x80, 0x01, 0xC0, 0x00, 0x00, 0x00,
    0x00, 0x3F, 0x80, 0x1F, 0xFC, 0x07, 0xFF, 0xC0, 0xF0, 0x78, 0x3C, 0x06, 0x07, 0x80, 0x00, 0xF0,
    0x00, 0x1E, 0x00, 0x03, 0xC0, 0x00, 0x78, 0x00, 0x07, 0x00, 0x07, 0xFF, 0x80, 0xFF, 0xF0, 0x1F,
    0xFE, 0x00, 0x78, 0x00, 0x0F, 0x00, 0x01, 0xE0, 0x00, 0x3C, 0x00, 0x07, 0x80, 0x00, 0xF0, 0x00,
    0x1E, 0x01, 0xC7, 0x80, 0x7F, 0xFF, 0xFE, 0xFF, 0xFF, 0x9F, 0xFF, 0xE0, 0x20, 0x04, 0x77, 0xEE,
    0x7F, 0xFE, 0x3F, 0xFC, 0x3C, 0x3C, 0x38, 0x1C, 0x70, 0x0E, 0x70, 0x0E, 0x70, 0x0E, 0x38, 0x1C,
    0x3C, 0x3C, 0x3F, 0xFC, 0x7F, 0xFE, 0x77, 0xEE, 0x60, 0x04, 0xF0, 0x00, 0x77, 0xC0, 0x07, 0x9E,
    0x00, 0x38, 0x78, 0x03, 0xC3, 0xE0, 0x3C, 0x0F, 0x01, 0xC0, 0x7C, 0x1E, 0x01, 0xE0, 0xE0, 0x07,
    0x8F, 0x00, 0x3E, 0xF0, 0x00, 0xF7, 0x00, 0x07, 0xF8, 0x00, 0x1F, 0x80, 0x0F, 0xFF, 0xC0, 0x7F,
    0xFF, 0x03, 0xFF, 0xF0, 0x00, 0xF0, 0x00, 0x07, 0x80, 0x07, 0xFF, 0xE0, 0x3F, 0xFF, 0x01, 0xFF,
    0xF8, 0x00, 0x78, 0x00, 0x03, 0xC0, 0x00, 0x1E, 0x00, 0x00, 0xF0, 0x00, 0xDF, 0xFF, 0xFF, 0xFF,
    0xFF, 0xF8, 0x00, 0x05, 0xFF, 0xFF, 0xFF, 0xFF, 0xFF, 0x80, 0x00, 0x00, 0x3F, 0xC0, 0xFF, 0xC3,
    0xE7, 0xCF, 0x03, 0xDE, 0x02, 0x3C, 0x00, 0x3C, 0x00, 0x7F, 0x00, 0x7F, 0x80, 0xFF, 0xC3, 0xFF,
    0xC7, 0x07, 0xDE, 0x07, 0xBC, 0x07, 0x78, 0x0E, 0x78, 0x1C, 0xFE, 0xF8, 0xFF, 0xE0, 0x7F, 0x80,
    0x1F, 0x80, 0x0F, 0x80, 0x0F, 0x30, 0x0E, 0xE0, 0x1D, 0xF0, 0x79, 0xFF, 0xE0, 0xFF, 0x80, 0x7C,
    0x00, 0xE7, 0xE7, 0xE7, 0xE7, 0x00, 0x00, 0x00, 0x00, 0x3F, 0xF0, 0x00, 0x3F, 0xFF, 0x00, 0x1F,
    0x87, 0xE0, 0x0F, 0x00, 0x3C, 0x07, 0x00, 0x07, 0x83, 0x83, 0xE0, 0xF1, 0xC1, 0xFE, 0x1C, 0x70,
    0xFF, 0xC3, 0xB8, 0x78, 0x78, 0xEE, 0x1C, 0x0C, 0x1F, 0x8F, 0x00, 0x07, 0xE3, 0x80, 0x01, 0xF8,
    0xE0, 0x00, 0x7E, 0x38, 0x00, 0x1F, 0x8F, 0x00, 0x07, 0xE1, 0xC0, 0xE1, 0xF8, 0x78, 0x38, 0xE7,
    0x0F, 0xFC, 0x39, 0xC1, 0xFE, 0x1E, 0x38, 0x3E, 0x07, 0x0F, 0x00, 0x03, 0x81, 0xE0, 0x03, 0xC0,
    0x3F, 0x03, 0xE0, 0x03, 0xFF, 0xF0, 0x00, 0x7F, 0xF0, 0x00, 0x01, 0xE0, 0x00, 0x3F, 0x8F, 0xF3,
    0x87, 0x00, 0xE0, 0xFC, 0xFF, 0xBE, 0x77, 0x0E, 0xE1, 0xDE, 0x79, 0xFF, 0x1E, 0x60, 0x0C, 0x30,
    0xE3, 0x86, 0x18, 0x71, 0xC7, 0x1C, 0x79, 0xE3, 0x8E, 0x0E, 0x78, 0x71, 0xC1, 0xC7, 0x07, 0x1C,
    0x18, 0xE0, 0xC3, 0x00, 0xFF, 0xFF, 0xFF, 0xFF, 0xFF, 0xF8, 0x00, 0x70, 0x00, 0xE0, 0x01, 0xC0,
    0x03, 0x80, 0x07, 0x00, 0x00, 0x07, 0xF8, 0x07, 0xFE, 0x07, 0x03, 0x87, 0x00, 0xE7, 0x3F, 0x3B,
    0x1B, 0xCD, 0x8C, 0xE6, 0xC7, 0xE3, 0x63, 0xE1, 0xB1, 0xB8, 0xDC, 0xCC, 0x66, 0x66, 0x73, 0x80,
    0x70, 0xF0, 0x70, 0x3F, 0xF0, 0x07, 0xE0, 0x00, 0xFF, 0xDF, 0xFF, 0xFF, 0x80, 0x1F, 0x03, 0xFC,
    0x7F, 0xCF, 0x0E, 0xE0, 0xEE, 0x06, 0xE0, 0x6E, 0x0E, 0x71, 0xE7, 0xFC, 0x1F, 0x80, 0x03, 0x00,
    0x07, 0x00, 0x0E, 0x00, 0x1C, 0x00, 0x38, 0x00, 0x70, 0x00, 0xE0, 0x7F, 0xFF, 0xFF, 0xFE, 0xFF,
    0xC0, 0x0E, 0x00, 0x1C, 0x00, 0x38, 0x00, 0x70, 0x00, 0xE0, 0x01, 0x80, 0x00, 0x00, 0x00, 0x03,
    0xFF, 0xFF, 0xFF, 0xFF, 0xFF, 0xE0, 0x00, 0x07, 0xF1, 0xFF, 0x78, 0x76, 0x0E, 0x01, 0xC0, 0x38,
    0x07, 0x01, 0xC0, 0x70, 0x1C, 0x07, 0x01, 0xC0, 0x70, 0x1C, 0x07, 0xFF, 0xFF, 0xE0, 0x00, 0x00,
    0xFE, 0x0F, 0xF8, 0xE0, 0xE0, 0x07, 0x00, 0x38, 0x01, 0xC1, 0xFC, 0x0F, 0xC0, 0x7F, 0x00, 0x1C,
    0x00, 0x60, 0x03, 0x30, 0x19, 0xC1, 0xCF, 0xFC, 0x1F, 0xC0, 0x00, 0x00, 0xE1, 0xFD, 0xFE, 0xFC,
    0x10, 0x00, 0xE0, 0x0F, 0xE0, 0x1F, 0xC0, 0x3F, 0x80, 0x7F, 0x00, 0xFE, 0x01, 0xFC, 0x03, 0xF8,
    0x07, 0xF0, 0x0F, 0xE0, 0x1F, 0xC0, 0x3F, 0x80, 0x7F, 0x00, 0xFE, 0x03, 0xFC, 0x0F, 0xFC, 0x7F,
    0xFF, 0xEF, 0xFF, 0x9F, 0xD8, 0x07, 0x80, 0x0F, 0x00, 0x1E, 0x00, 0x3C, 0x00, 0x70, 0x00, 0x07,
    0xFF, 0x1F, 0xFF, 0x3F, 0xDC, 0x7F, 0xDC, 0x7F, 0xDC, 0xFF, 0xDC, 0xFF, 0xDC, 0xFF, 0xDC, 0xFF,
    0xDC, 0xFF, 0xDC, 0x7F, 0xDC, 0x7F, 0xDC, 0x3F, 0xDC, 0x1F, 0xDC, 0x0F, 0xDC, 0x01, 0xDC, 0x01,
    0xDC, 0x01, 0xDC, 0x01, 0xDC, 0x01, 0xDC, 0x01, 0xDC, 0x01, 0xDC, 0x01, 0xDC, 0x01, 0xDC, 0x01,
    0xDC, 0x01, 0xDC, 0x01, 0xDC, 0x01, 0xDC, 0x77, 0xFF, 0xFF, 0x00, 0x18, 0x18, 0x38, 0x3E, 0x0E,
    0x06, 0xFE, 0xFC, 0x1C, 0x3E, 0x3F, 0x13, 0x81, 0xC0, 0xE0, 0x70, 0x38, 0x1C, 0x0E, 0x07, 0x03,
    0x81, 0xC0, 0xE3, 0xFD, 0xFE, 0x00, 0x01, 0xF8, 0x3F, 0xC7, 0x0E, 0x60, 0xEE, 0x06, 0xE0, 0x7E,
    0x07, 0xE0, 0xE7, 0x0E, 0x7B, 0xC3, 0xFC, 0x0F, 0x00, 0xE3, 0x83, 0x8E, 0x0C, 0x70, 0x71, 0xC1,
    0xC7, 0x0F, 0x38, 0x38, 0xE3, 0x8E, 0x3C, 0xF1, 0xC7, 0x1C, 0x70, 0xC3, 0x0E, 0x38, 0x00, 0x1C,
    0x00, 0x07, 0x07, 0xC0, 0x00, 0xE0, 0xFC, 0x00, 0x0C, 0x09, 0xC0, 0x01, 0xC0, 0x1C, 0x00, 0x38,
    0x01, 0xC0, 0x03, 0x00, 0x1C, 0x00, 0x70, 0x01, 0xC0, 0x0E, 0x00, 0x1C, 0x00, 0xC0, 0x01, 0xC0,
    0x1C, 0x38, 0x1C, 0x03, 0x87, 0x81, 0xC0, 0x30, 0x78, 0x1C, 0x07, 0x0F, 0x81, 0xC0, 0xE1, 0xF8,
    0xFF, 0x0C, 0x3B, 0x8F, 0xF1, 0xC3, 0x38, 0x00, 0x38, 0x73, 0x80, 0x03, 0x0E, 0x38, 0x00, 0x71,
    0xC3, 0x80, 0x0E, 0x1F, 0xFE, 0x00, 0xC1, 0xFF, 0xE0, 0x1C, 0x00, 0x38, 0x03, 0x80, 0x03, 0x80,
    0x30, 0x00, 0x38, 0x07, 0x00, 0x03, 0x80, 0x00, 0x00, 0x00, 0x1C, 0x00, 0x06, 0x03, 0xE0, 0x00,
    0x70, 0x3F, 0x00, 0x07, 0x01, 0x38, 0x00, 0x30, 0x01, 0xC0, 0x03, 0x80, 0x0E, 0x00, 0x38, 0x00,
    0x70, 0x01, 0x80, 0x03, 0x80, 0x1C, 0x00, 0x1C, 0x01, 0xC0, 0x00, 0xE0, 0x0C, 0x3E, 0x07, 0x00,
    0xE7, 0xFC, 0x38, 0x0E, 0x78, 0xE1, 0xC0, 0x63, 0x03, 0x8E, 0x07, 0x00, 0x1F, 0xFC, 0x70, 0x00,
    0xFF, 0xE3, 0x00, 0x0E, 0x00, 0x38, 0x00, 0x70, 0x03, 0x80, 0x07, 0x00, 0x18, 0x00, 0x70, 0x01,
    0xC0, 0x07, 0x00, 0x1C, 0x00, 0x70, 0x00, 0xC0, 0x07, 0x00, 0x0E, 0x00, 0x70, 0x00, 0xE0, 0x07,
    0xFF, 0x06, 0x00, 0x3F, 0xF8, 0x20, 0x00, 0x00, 0x00, 0x00, 0x00, 0x00, 0x01, 0xFE, 0x00, 0x0E,
    0x1F, 0xF8, 0x00, 0xE0, 0xC1, 0xC0, 0x06, 0x00, 0x07, 0x00, 0x70, 0x00, 0x30, 0x07, 0x00, 0x03,
    0x80, 0x30, 0x01, 0xF8, 0x03, 0x80, 0x1F, 0x80, 0x38, 0x00, 0x7F, 0x01, 0x80, 0x00, 0x3C, 0x1C,
    0x38, 0x00, 0xE1, 0xC3, 0xC0, 0x07, 0x0C, 0x3E, 0x20, 0x38, 0xE1, 0xF3, 0xC3, 0xCE, 0x1F, 0x8F,
    0xFC, 0x61, 0xDC, 0x3F, 0x87, 0x1C, 0xE0, 0x00, 0x70, 0xC7, 0x00, 0x03, 0x0E, 0x38, 0x00, 0x38,
    0xE1, 0xC0, 0x03, 0x87, 0xFF, 0x80, 0x18, 0x3F, 0xFC, 0x01, 0xC0, 0x03, 0x80, 0x1C, 0x00, 0x1C,
    0x00, 0xC0, 0x00, 0xE0, 0x0E, 0x00, 0x07, 0x00, 0x00, 0x00, 0x00, 0x01, 0xE0, 0x00, 0xF0, 0x00,
    0x78, 0x00, 0x3C, 0x00, 0x00, 0x00, 0x00, 0x00, 0x03, 0x00, 0x03, 0xC0, 0x01, 0xC0, 0x00, 0xE0,
    0x00, 0xF0, 0x00, 0xF0, 0x00, 0xF0, 0x00, 0xF0, 0x00, 0xF0, 0x00, 0xF0, 0x00, 0x70, 0x00, 0x38,
    0x00, 0x1C, 0x01, 0xCF, 0x00, 0xF7, 0xC1, 0xF1, 0xFF, 0xF0, 0x7F, 0xF0, 0x0F, 0xE0, 0x00, 0x00,
    0x00, 0x07, 0x00, 0x00, 0x1F, 0x80, 0x00, 0x7F, 0x80, 0x00, 0x3F, 0x00, 0x00, 0x0C, 0x00, 0x00,
    0x00, 0x00, 0x00, 0x00, 0x00, 0x78, 0x00, 0x01, 0xF0, 0x00, 0x0F, 0xC0, 0x00, 0x3F, 0x80, 0x01,
    0xFE, 0x00, 0x07, 0xF8, 0x00, 0x1C, 0xF0, 0x00, 0xF3, 0xC0, 0x03, 0x8F, 0x00, 0x0E, 0x1E, 0x00,
    0x78, 0x78, 0x01, 0xC0, 0xE0, 0x07, 0x03, 0xC0, 0x3C, 0x0F, 0x00, 0xE0, 0x1E, 0x07, 0xFF, 0xF8,
    0x1F, 0xFF, 0xE0, 0x7F, 0xFF, 0xC3, 0xC0, 0x0F, 0x0F, 0x00, 0x3C, 0x38, 0x00, 0x79, 0xE0, 0x01,
    0xE7, 0x80, 0x07, 0xBC, 0x00, 0x0F, 0xF0, 0x00, 0x3C, 0x00, 0x00, 0x00, 0x00, 0x3C, 0x00, 0x03,
    0xF0, 0x00, 0x7F, 0x80, 0x03, 0xF0, 0x00, 0x06, 0x00, 0x00, 0x00, 0x00, 0x00, 0x00, 0x00, 0x00,
    0x78, 0x00, 0x01, 0xF0, 0x00, 0x0F, 0xC0, 0x00, 0x3F, 0x80, 0x01, 0xFE, 0x00, 0x07, 0xF8, 0x00,
    0x1C, 0xF0, 0x00, 0xF3, 0xC0, 0x03, 0x8F, 0x00, 0x0E, 0x1E, 0x00, 0x78, 0x78, 0x01, 0xC0, 0xE0,
    0x07, 0x03, 0xC0, 0x3C, 0x0F, 0x00, 0xE0, 0x1E, 0x07, 0xFF, 0xF8, 0x1F, 0xFF, 0xE0, 0x7F, 0xFF,
    0xC3, 0xC0, 0x0F, 0x0F, 0x00, 0x3C, 0x38, 0x00, 0x79, 0xE0, 0x01, 0xE7, 0x80, 0x07, 0xBC, 0x00,
    0x0F, 0xF0, 0x00, 0x3C, 0x00, 0x78, 0x00, 0x03, 0xF0, 0x00, 0x1F, 0xE0, 0x00, 0xF3, 0xC0, 0x00,
    0x00, 0x00, 0x00, 0x00, 0x00, 0x00, 0x00, 0x00, 0x1E, 0x00, 0x00, 0x7C, 0x00, 0x03, 0xF0, 0x00,
    0x0F, 0xE0, 0x00, 0x7F, 0x80, 0x01, 0xFE, 0x00, 0x07, 0x3C, 0x00, 0x3C, 0xF0, 0x00, 0xE3, 0xC0,
    0x03, 0x87, 0x80, 0x1E, 0x1E, 0x00, 0x70, 0x38, 0x01, 0xC0, 0xF0, 0x0F, 0x03, 0xC0, 0x38, 0x07,
    0x81, 0xFF, 0xFE, 0x07, 0xFF, 0xF8, 0x1F, 0xFF, 0xF0, 0xF0, 0x03, 0xC3, 0xC0, 0x0F, 0x0E, 0x00,
    0x1E, 0x78, 0x00, 0x79, 0xE0, 0x01, 0xEF, 0x00, 0x03, 0xFC, 0x00, 0x0F, 0x01, 0xE1, 0x00, 0x0F,
    0xFC, 0x00, 0x3F, 0xF0, 0x00, 0x01, 0x00, 0x00, 0x00, 0x00, 0x00, 0x00, 0x00, 0x00, 0x00, 0x00,
    0x1E, 0x00, 0x00, 0x7C, 0x00, 0x03, 0xF0, 0x00, 0x0F, 0xE0, 0x00, 0x7F, 0x80, 0x01, 0xFE, 0x00,
    0x07, 0x3C, 0x00, 0x3C, 0xF0, 0x00, 0xE3, 0xC0, 0x03, 0x87, 0x80, 0x1E, 0x1E, 0x00, 0x70, 0x38,
    0x01, 0xC0, 0xF0, 0x0F, 0x03, 0xC0, 0x38, 0x07, 0x81, 0xFF, 0xFE, 0x07, 0xFF, 0xF8, 0x1F, 0xFF,
    0xF0, 0xF0, 0x03, 0xC3, 0xC0, 0x0F, 0x0E, 0x00, 0x1E, 0x78, 0x00, 0x79, 0xE0, 0x01, 0xEF, 0x00,
    0x03, 0xFC, 0x00, 0x0F, 0x01, 0xCE, 0x00, 0x07, 0x38, 0x00, 0x1C, 0xE0, 0x00, 0x73, 0x80, 0x00,
    0x00, 0x00, 0x00, 0x00, 0x00, 0x00, 0x00, 0x00, 0x1E, 0x00, 0x00, 0x7C, 0x00, 0x03, 0xF0, 0x00,
    0x0F, 0xE0, 0x00, 0x7F, 0x80, 0x01, 0xFE, 0x00, 0x07, 0x3C, 0x00, 0x3C, 0xF0, 0x00, 0xE3, 0xC0,
    0x03, 0x87, 0x80, 0x1E, 0x1E, 0x00, 0x70, 0x38, 0x01, 0xC0, 0xF0, 0x0F, 0x03, 0xC0, 0x38, 0x07,
    0x81, 0xFF, 0xFE, 0x07, 0xFF, 0xF8, 0x1F, 0xFF, 0xF0, 0xF0, 0x03, 0xC3, 0xC0, 0x0F, 0x0E, 0x00,
    0x1E, 0x78, 0x00, 0x79, 0xE0, 0x01, 0xEF, 0x00, 0x03, 0xFC, 0x00, 0x0F, 0x00, 0x78, 0x00, 0x03,
    0xF0, 0x00, 0x1C, 0xE0, 0x00, 0x73, 0x80, 0x01, 0xCE, 0x00, 0x03, 0xF8, 0x00, 0x0F, 0xC0, 0x00,
    0x0C, 0x00, 0x00, 0x00, 0x00, 0x01, 0xE0, 0x00, 0x07, 0xC0, 0x00, 0x3F, 0x00, 0x00, 0xFE, 0x00,
    0x07, 0xF8, 0x00, 0x1F, 0xE0, 0x00, 0x73, 0xC0, 0x03, 0xCF, 0x00, 0x0E, 0x3C, 0x00, 0x38, 0x78,
    0x01, 0xE1, 0xE0, 0x07, 0x03, 0x80, 0x1C, 0x0F, 0x00, 0xF0, 0x3C, 0x03, 0x80, 0x78, 0x1F, 0xFF,
    0xE0, 0x7F, 0xFF, 0x81, 0xFF, 0xFF, 0x0F, 0x00, 0x3C, 0x3C, 0x00, 0xF0, 0xE0, 0x01, 0xE7, 0x80,
    0x07, 0x9E, 0x00, 0x1E, 0xF0, 0x00, 0x3F, 0xC0, 0x00, 0xF0, 0x00, 0x03, 0xFF, 0xFE, 0x00, 0x07,
    0xFF, 0xFE, 0x00, 0x0F, 0xFF, 0xFE, 0x00, 0x0F, 0xE0, 0x00, 0x00, 0x1F, 0xE0, 0x00, 0x00, 0x1D,
    0xE0, 0x00, 0x00, 0x3D, 0xE0, 0x00, 0x00, 0x39, 0xE0, 0x00, 0x00, 0x79, 0xE0, 0x00, 0x00, 0xF1,
    0xE0, 0x00, 0x00, 0xE1, 0xE0, 0x00, 0x01, 0xE1, 0xFF, 0xF0, 0x01, 0xC1, 0xFF, 0xF0, 0x03, 0xC1,
    0xFF, 0xF0, 0x03, 0x81, 0xE0, 0x00, 0x07, 0xFF, 0xE0, 0x00, 0x07, 0xFF, 0xE0, 0x00, 0x0F, 0xFF,
    0xE0, 0x00, 0x1E, 0x01, 0xE0, 0x00, 0x1E, 0x01, 0xE0, 0x00, 0x3C, 0x01, 0xE0, 0x00, 0x3C, 0x01,
    0xE0, 0x00, 0x78, 0x01, 0xFF, 0xFE, 0x70, 0x01, 0xFF, 0xFE, 0xF0, 0x01, 0xFF, 0xFE, 0x00, 0x00,
    0x00, 0x3F, 0xE0, 0x0F, 0xFF, 0x81, 0xFF, 0xFC, 0x3E, 0x03, 0xE3, 0xC0, 0x1E, 0x78, 0x00, 0xF7,
    0x80, 0x0F, 0xF8, 0x00, 0xFF, 0x00, 0x00, 0xF0, 0x00, 0x0F, 0x00, 0x00, 0xF0, 0x00, 0x0F, 0x00,
    0x00, 0xF0, 0x00, 0x0F, 0x00, 0x00, 0xF0, 0x00, 0x0F, 0x00, 0x00, 0xF0, 0x00, 0x07, 0x80, 0x07,
    0x78, 0x00, 0xF3, 0xC0, 0x0F, 0x3E, 0x03, 0xE1, 0xFF, 0xFC, 0x0F, 0xFF, 0x80, 0x3F, 0xF0, 0x00,
    0xF8, 0x00, 0x06, 0x00, 0x00, 0x78, 0x00, 0x01, 0xC0, 0x00, 0x1C, 0x00, 0x1F, 0xC0, 0x01, 0xF8,
    0x00, 0x00, 0x00, 0x07, 0x00, 0x03, 0xF0, 0x01, 0xFE, 0x00, 0x0F, 0x80, 0x00, 0xC0, 0x00, 0x00,
    0x00, 0x00, 0xFF, 0xFF, 0x7F, 0xFF, 0xBF, 0xFF, 0xDE, 0x00, 0x0F, 0x00, 0x07, 0x80, 0x03, 0xC0,
    0x01, 0xE0, 0x00, 0xF0, 0x00, 0x78, 0x00, 0x3C, 0x00, 0x1F, 0xFF, 0x0F, 0xFF, 0x87, 0xFF, 0xC3,
    0xC0, 0x01, 0xE0, 0x00, 0xF0, 0x00, 0x78, 0x00, 0x3C, 0x00, 0x1E, 0x00, 0x0F, 0x00, 0x07, 0x80,
    0x03, 0xFF, 0xFF, 0xFF, 0xFF, 0xFF, 0xFF, 0x80, 0x00, 0x00, 0x00, 0x1C, 0x00, 0x7E, 0x00, 0xFF,
    0x00, 0xF8, 0x00, 0x60, 0x00, 0x00, 0x00, 0x00, 0x00, 0xFF, 0xFF, 0x7F, 0xFF, 0xBF, 0xFF, 0xDE,
    0x00, 0x0F, 0x00, 0x07, 0x80, 0x03, 0xC0, 0x01, 0xE0, 0x00, 0xF0, 0x00, 0x78, 0x00, 0x3C, 0x00,
    0x1F, 0xFF, 0x0F, 0xFF, 0x87, 0xFF, 0xC3, 0xC0, 0x01, 0xE0, 0x00, 0xF0, 0x00, 0x78, 0x00, 0x3C,
    0x00, 0x1E, 0x00, 0x0F, 0x00, 0x07, 0x80, 0x03, 0xFF, 0xFF, 0xFF, 0xFF, 0xFF, 0xFF, 0x80, 0x03,
    0xC0, 0x03, 0xF0, 0x03, 0xDE, 0x03, 0xC7, 0x80, 0x00, 0x00, 0x00, 0x00, 0x00, 0x01, 0xFF, 0xFE,
    0xFF, 0xFF, 0x7F, 0xFF, 0xBC, 0x00, 0x1E, 0x00, 0x0F, 0x00, 0x07, 0x80, 0x03, 0xC0, 0x01, 0xE0,
    0x00, 0xF0, 0x00, 0x78, 0x00, 0x3F, 0xFE, 0x1F, 0xFF, 0x0F, 0xFF, 0x87, 0x80, 0x03, 0xC0, 0x01,
    0xE0, 0x00, 0xF0, 0x00, 0x78, 0x00, 0x3C, 0x00, 0x1E, 0x00, 0x0F, 0x00, 0x07, 0xFF, 0xFF, 0xFF,
    0xFF, 0xFF, 0xFF, 0x0F, 0x78, 0x07, 0xBC, 0x03, 0xDE, 0x01, 0xEF, 0x00, 0x00, 0x00, 0x00, 0x00,
    0x00, 0x01, 0xFF, 0xFE, 0xFF, 0xFF, 0x7F, 0xFF, 0xBC, 0x00, 0x1E, 0x00, 0x0F, 0x00, 0x07, 0x80,
    0x03, 0xC0, 0x01, 0xE0, 0x00, 0xF0, 0x00, 0x78, 0x00, 0x3F, 0xFE, 0x1F, 0xFF, 0x0F, 0xFF, 0x87,
    0x80, 0x03, 0xC0, 0x01, 0xE0, 0x00, 0xF0, 0x00, 0x78, 0x00, 0x3C, 0x00, 0x1E, 0x00, 0x0F, 0x00,
    0x07, 0xFF, 0xFF, 0xFF, 0xFF, 0xFF, 0xFF, 0x00, 0x1C, 0x0F, 0xC1, 0xFE, 0x0F, 0xC0, 0x60, 0x00,
    0x00, 0x1E, 0x07, 0x81, 0xE0, 0x78, 0x1E, 0x07, 0x81, 0xE0, 0x78, 0x1E, 0x07, 0x81, 0xE0, 0x78,
    0x1E, 0x07, 0x81, 0xE0, 0x78, 0x1E, 0x07, 0x81, 0xE0, 0x78, 0x1E, 0x07, 0x81, 0xE0, 0x78, 0x1E,
    0x00, 0x00, 0x00, 0xE0, 0xFD, 0xFE, 0xFC, 0x18, 0x00, 0x00, 0x00, 0x1E, 0x07, 0x81, 0xE0, 0x78,
    0x1E, 0x07, 0x81, 0xE0, 0x78, 0x1E, 0x07, 0x81, 0xE0, 0x78, 0x1E, 0x07, 0x81, 0xE0, 0x78, 0x1E,
    0x07, 0x81, 0xE0, 0x78, 0x1E, 0x07, 0x81, 0xE0, 0x78, 0x1E, 0x00, 0x0F, 0x01, 0xF8, 0x3F, 0xC7,
    0x1E, 0x00, 0x00, 0x00, 0x00, 0x00, 0xF0, 0x0F, 0x00, 0xF0, 0x0F, 0x00, 0xF0, 0x0F, 0x00, 0xF0,
    0x0F, 0x00, 0xF0, 0x0F, 0x00, 0xF0, 0x0F, 0x00, 0xF0, 0x0F, 0x00, 0xF0, 0x0F, 0x00, 0xF0, 0x0F,
    0x00, 0xF0, 0x0F, 0x00, 0xF0, 0x0F, 0x00, 0xF0, 0x0F, 0x00, 0xF0, 0xE7, 0xE7, 0xE7, 0xE7, 0x00,
    0x00, 0x00, 0x3C, 0x3C, 0x3C, 0x3C, 0x3C, 0x3C, 0x3C, 0x3C, 0x3C, 0x3C, 0x3C, 0x3C, 0x3C, 0x3C,
    0x3C, 0x3C, 0x3C, 0x3C, 0x3C, 0x3C, 0x3C, 0x3C, 0x3C, 0x3C, 0x3C, 0x3F, 0xF8, 0x00, 0xFF, 0xFC,
    0x03, 0xFF, 0xF8, 0x0F, 0x03, 0xF8, 0x3C, 0x03, 0xE0, 0xF0, 0x07, 0xC3, 0xC0, 0x0F, 0x0F, 0x00,
    0x1E, 0x3C, 0x00, 0x78, 0xF0, 0x01, 0xE3, 0xC0, 0x07, 0xBF, 0xF8, 0x1E, 0xFF, 0xF0, 0x7B, 0xFF,
    0xC1, 0xE3, 0xC0, 0x07, 0x8F, 0x00, 0x1E, 0x3C, 0x00, 0x78, 0xF0, 0x01, 0xE3, 0xC0, 0x0F, 0x0F,
    0x00, 0x3C, 0x3C, 0x01, 0xE0, 0xF0, 0x1F, 0x83, 0xFF, 0xFC, 0x0F, 0xFF, 0xC0, 0x3F, 0xFC, 0x00,
    0x03, 0xC2, 0x00, 0xFF, 0xC0, 0x1F, 0xF8, 0x00, 0x04, 0x00, 0x00, 0x00, 0x00, 0x00, 0x00, 0x00,
    0x07, 0x80, 0x07, 0xF0, 0x00, 0xFF, 0x00, 0x1F, 0xF0, 0x03, 0xFE, 0x00, 0x7F, 0xE0, 0x0F, 0xFE,
    0x01, 0xFB, 0xC0, 0x3F, 0x3C, 0x07, 0xE7, 0xC0, 0xFC, 0x78, 0x1F, 0x87, 0x83, 0xF0, 0xF8, 0x7E,
    0x0F, 0x8F, 0xC0, 0xF1, 0xF8, 0x1F, 0x3F, 0x01, 0xF7, 0xE0, 0x1E, 0xFC, 0x01, 0xFF, 0x80, 0x3F,
    0xF0, 0x03, 0xFE, 0x00, 0x3F, 0xC0, 0x07, 0xF8, 0x00, 0x7F, 0x00, 0x07, 0x00, 0x00, 0x00, 0x07,
    0x00, 0x00, 0x3F, 0x00, 0x00, 0x7F, 0x80, 0x00, 0x3F, 0x00, 0x00, 0x18, 0x00, 0x00, 0x00, 0x00,
    0x00, 0x00, 0x03, 0xFE, 0x00, 0x3F, 0xFE, 0x01, 0xFF, 0xFC, 0x0F, 0x80, 0xF8, 0x3C, 0x01, 0xF1,
    0xE0, 0x03, 0xC7, 0x80, 0x07, 0xBE, 0x00, 0x1E, 0xF0, 0x00, 0x7B, 0xC0, 0x01, 0xEF, 0x00, 0x07,
    0xFC, 0x00, 0x0F, 0xF0, 0x00, 0x3F, 0xC0, 0x00, 0xFF, 0x00, 0x03, 0xFC, 0x00, 0x1E, 0xF0, 0x00,
    0x7B, 0xC0, 0x01, 0xE7, 0x80, 0x07, 0x9E, 0x00, 0x3C, 0x7C, 0x00, 0xF0, 0xF8, 0x07, 0x81, 0xFD,
    0xFE, 0x03, 0xFF, 0xE0, 0x07, 0xFF, 0x00, 0x03, 0xE0, 0x00, 0x00, 0x00, 0x00, 0x00, 0x38, 0x00,
    0x07, 0xF0, 0x00, 0x7F, 0x80, 0x03, 0xF0, 0x00, 0x04, 0x00, 0x00, 0x00, 0x00, 0x00, 0x00, 0x00,
    0x03, 0xFE, 0x00, 0x3F, 0xFE, 0x01, 0xFF, 0xFC, 0x0F, 0x80, 0xF8, 0x3C, 0x01, 0xF1, 0xE0, 0x03,
    0xC7, 0x80, 0x07, 0xBE, 0x00, 0x1E, 0xF0, 0x00, 0x7B, 0xC0, 0x01, 0xEF, 0x00, 0x07, 0xFC, 0x00,
    0x0F, 0xF0, 0x00, 0x3F, 0xC0, 0x00, 0xFF, 0x00, 0x03, 0xFC, 0x00, 0x1E, 0xF0, 0x00, 0x7B, 0xC0,
    0x01, 0xE7, 0x80, 0x07, 0x9E, 0x00, 0x3C, 0x7C, 0x00, 0xF0, 0xF8, 0x07, 0x81, 0xFD, 0xFE, 0x03,
    0xFF, 0xE0, 0x07, 0xFF, 0x00, 0x03, 0xE0, 0x00, 0x00, 0x78, 0x00, 0x03, 0xF0, 0x00, 0x1D, 0xE0,
    0x00, 0xE3, 0xC0, 0x00, 0x00, 0x00, 0x00, 0x00, 0x00, 0x00, 0x00, 0x00, 0xFF, 0x80, 0x0F, 0xFF,
    0x80, 0x7F, 0xFF, 0x03, 0xE0, 0x3E, 0x0F, 0x00, 0x7C, 0x78, 0x00, 0xF1, 0xE0, 0x01, 0xEF, 0x80,
    0x07, 0xBC, 0x00, 0x1E, 0xF0, 0x00, 0x7B, 0xC0, 0x01, 0xFF, 0x00, 0x03, 0xFC, 0x00, 0x0F, 0xF0,
    0x00, 0x3F, 0xC0, 0x00, 0xFF, 0x00, 0x07, 0xBC, 0x00, 0x1E, 0xF0, 0x00, 0x79, 0xE0, 0x01, 0xE7,
    0x80, 0x0F, 0x1F, 0x00, 0x3C, 0x3E, 0x01, 0xE0, 0x7F, 0x7F, 0x80, 0xFF, 0xF8, 0x01, 0xFF, 0xC0,
    0x00, 0xF8, 0x00, 0x01, 0xE0, 0x00, 0x0F, 0xFC, 0x00, 0x3F, 0xF0, 0x00, 0x03, 0x00, 0x00, 0x00,
    0x00, 0x00, 0x00, 0x00, 0x00, 0x00, 0x00, 0xFF, 0x80, 0x0F, 0xFF, 0x80, 0x7F, 0xFF, 0x03, 0xE0,
    0x3E, 0x0F, 0x00, 0x7C, 0x78, 0x00, 0xF1, 0xE0, 0x01, 0xEF, 0x80, 0x07, 0xBC, 0x00, 0x1E, 0xF0,
    0x00, 0x7B, 0xC0, 0x01, 0xFF, 0x00, 0x03, 0xFC, 0x00, 0x0F, 0xF0, 0x00, 0x3F, 0xC0, 0x00, 0xFF,
    0x00, 0x07, 0xBC, 0x00, 0x1E, 0xF0, 0x00, 0x79, 0xE0, 0x01, 0xE7, 0x80, 0x0F, 0x1F, 0x00, 0x3C,
    0x3E, 0x01, 0xE0, 0x7F, 0x7F, 0x80, 0xFF, 0xF8, 0x01, 0xFF, 0xC0, 0x00, 0xF8, 0x00, 0x01, 0xCE,
    0x00, 0x07, 0x78, 0x00, 0x1D, 0xE0, 0x00, 0x77, 0x80, 0x00, 0x00, 0x00, 0x00, 0x00, 0x00, 0x00,
    0x00, 0x00, 0xFF, 0x80, 0x0F, 0xFF, 0x80, 0x7F, 0xFF, 0x03, 0xE0, 0x3E, 0x0F, 0x00, 0x7C, 0x78,
    0x00, 0xF1, 0xE0, 0x01, 0xEF, 0x80, 0x07, 0xBC, 0x00, 0x1E, 0xF0, 0x00, 0x7B, 0xC0, 0x01, 0xFF,
    0x00, 0x03, 0xFC, 0x00, 0x0F, 0xF0, 0x00, 0x3F, 0xC0, 0x00, 0xFF, 0x00, 0x07, 0xBC, 0x00, 0x1E,
    0xF0, 0x00, 0x79, 0xE0, 0x01, 0xE7, 0x80, 0x0F, 0x1F, 0x00, 0x3C, 0x3E, 0x01, 0xE0, 0x7F, 0x7F,
    0x80, 0xFF, 0xF8, 0x01, 0xFF, 0xC0, 0x00, 0xF8, 0x00, 0x00, 0x0B, 0x80, 0x7F, 0x03, 0xDE, 0x1E,
    0x3C, 0xF0, 0x7F, 0x80, 0xFC, 0x01, 0xE0, 0x0F, 0xC0, 0x7F, 0x83, 0xCF, 0x1E, 0x1E, 0xF0, 0x3F,
    0x80, 0x74, 0x00, 0x80, 0x00, 0x00, 0x00, 0x00, 0xFF, 0x86, 0x03, 0xFF, 0xCF, 0x07, 0xFF, 0xFE,
    0x0F, 0x81, 0xFC, 0x1F, 0x00, 0x7C, 0x1E, 0x00, 0x7C, 0x3C, 0x00, 0xFC, 0x3C, 0x01, 0xFC, 0x3C,
    0x03, 0xFE, 0x7C, 0x07, 0x9E, 0x78, 0x0F, 0x1E, 0x78, 0x1E, 0x1E, 0x78, 0x3C, 0x1E, 0x78, 0x78,
    0x1E, 0x78, 0x70, 0x1E, 0x7C, 0xF0, 0x1E, 0x3D, 0xE0, 0x1E, 0x3F, 0xC0, 0x3E, 0x3F, 0x80, 0x3C,
    0x3F, 0x00, 0x3C, 0x1E, 0x00, 0x78, 0x3F, 0x00, 0xF8, 0x7F, 0xFF, 0xF0, 0xF7, 0xFF, 0xE0, 0x61,
    0xFF, 0x80, 0x00, 0x3C, 0x00, 0x00, 0x00, 0x00, 0x70, 0x00, 0x0F, 0xC0, 0x01, 0xFE, 0x00, 0x07,
    0xE0, 0x00, 0x0C, 0x00, 0x00, 0x00, 0x00, 0x00, 0x70, 0x00, 0xEE, 0x00, 0x1D, 0xC0, 0x03, 0xB8,
    0x00, 0x77, 0x00, 0x0E, 0xE0, 0x01, 0xDC, 0x00, 0x3B, 0x80, 0x07, 0x70, 0x00, 0xEE, 0x00, 0x1D,
    0xC0, 0x03, 0xB8, 0x00, 0x77, 0x00, 0x0E, 0xE0, 0x01, 0xDC, 0x00, 0x3B, 0x80, 0x07, 0x70, 0x00,
    0xEE, 0x00, 0x1D, 0xE0, 0x03, 0xBC, 0x00, 0xF7, 0x80, 0x1E, 0x78, 0x07, 0x8F, 0xFF, 0xF0, 0xFF,
    0xFC, 0x0F, 0xFE, 0x00, 0x3E, 0x00, 0x00, 0x00, 0x00, 0x03, 0xC0, 0x01, 0xF8, 0x01, 0xFE, 0x00,
    0x7E, 0x00, 0x06, 0x00, 0x00, 0x00, 0x00, 0x00, 0x00, 0x70, 0x00, 0xEE, 0x00, 0x1D, 0xC0, 0x03,
    0xB8, 0x00, 0x77, 0x00, 0x0E, 0xE0, 0x01, 0xDC, 0x00, 0x3B, 0x80, 0x07, 0x70, 0x00, 0xEE, 0x00,
    0x1D, 0xC0, 0x03, 0xB8, 0x00, 0x77, 0x00, 0x0E, 0xE0, 0x01, 0xDC, 0x00, 0x3B, 0x80, 0x07, 0x70,
    0x00, 0xEE, 0x00, 0x1D, 0xE0, 0x03, 0xBC, 0x00, 0xF7, 0x80, 0x1E, 0x78, 0x07, 0x8F, 0xFF, 0xF0,
    0xFF, 0xFC, 0x0F, 0xFE, 0x00, 0x3E, 0x00, 0x00, 0xF0, 0x00, 0x3F, 0x00, 0x0F, 0xF0, 0x03, 0xCF,
    0x00, 0x00, 0x00, 0x00, 0x00, 0x00, 0x00, 0x03, 0x80, 0x07, 0x70, 0x00, 0xEE, 0x00, 0x1D, 0xC0,
    0x03, 0xB8, 0x00, 0x77, 0x00, 0x0E, 0xE0, 0x01, 0xDC, 0x00, 0x3B, 0x80, 0x07, 0x70, 0x00, 0xEE,
    0x00, 0x1D, 0xC0, 0x03, 0xB8, 0x00, 0x77, 0x00, 0x0E, 0xE0, 0x01, 0xDC, 0x00, 0x3B, 0x80, 0x07,
    0x70, 0x00, 0xEF, 0x00, 0x1D, 0xE0, 0x07, 0xBC, 0x00, 0xF3, 0xC0, 0x3C, 0x7F, 0xFF, 0x87, 0xFF,
    0xE0, 0x7F, 0xF0, 0x01, 0xF0, 0x00, 0x03, 0x9C, 0x00, 0x73, 0x80, 0x0E, 0x70, 0x01, 0xCE, 0x00,
    0x00, 0x00, 0x00, 0x00, 0x00, 0x00, 0x03, 0x80, 0x07, 0x70, 0x00, 0xEE, 0x00, 0x1D, 0xC0, 0x03,
    0xB8, 0x00, 0x77, 0x00, 0x0E, 0xE0, 0x01, 0xDC, 0x00, 0x3B, 0x80, 0x07, 0x70, 0x00, 0xEE, 0x00,
    0x1D, 0xC0, 0x03, 0xB8, 0x00, 0x77, 0x00, 0x0E, 0xE0, 0x01, 0xDC, 0x00, 0x3B, 0x80, 0x07, 0x70,
    0x00, 0xEF, 0x00, 0x1D, 0xE0, 0x07, 0xBC, 0x00, 0xF3, 0xC0, 0x3C, 0x7F, 0xFF, 0x87, 0xFF, 0xE0,
    0x7F, 0xF0, 0x01, 0xF0, 0x00, 0x00, 0x00, 0x00, 0x00, 0xF0, 0x00, 0x1F, 0x80, 0x07, 0xFC, 0x00,
    0x3E, 0x00, 0x01, 0x80, 0x00, 0x00, 0x00, 0x00, 0x00, 0x00, 0xF0, 0x00, 0x77, 0xC0, 0x07, 0x9E,
    0x00, 0x38, 0x78, 0x03, 0xC3, 0xE0, 0x3C, 0x0F, 0x01, 0xE0, 0x7C, 0x1E, 0x01, 0xE0, 0xE0, 0x07,
    0x8F, 0x00, 0x3C, 0x70, 0x00, 0xF7, 0x80, 0x07, 0xF8, 0x00, 0x1F, 0x80, 0x00, 0x7C, 0x00, 0x03,
    0xC0, 0x00, 0x1E, 0x00, 0x00, 0xF0, 0x00, 0x07, 0x80, 0x00, 0x3C, 0x00, 0x01, 0xE0, 0x00, 0x0F,
    0x00, 0x00, 0x78, 0x00, 0x03, 0xC0, 0x00, 0x1E, 0x00, 0x00, 0xF0, 0x00, 0xF0, 0x00, 0x1E, 0x00,
    0x03, 0xC0, 0x00, 0x78, 0x00, 0x0F, 0x00, 0x01, 0xFF, 0xF0, 0x3F, 0xFF, 0x87, 0xFF, 0xFC, 0xF0,
    0x1F, 0xDE, 0x00, 0x7B, 0xC0, 0x0F, 0xF8, 0x00, 0xFF, 0x00, 0x1F, 0xE0, 0x07, 0xFC, 0x00, 0xF7,
    0x80, 0x3E, 0xFF, 0xFF, 0x9F, 0xFF, 0xE3, 0xFF, 0xF8, 0x7F, 0xF8, 0x0F, 0x00, 0x01, 0xE0, 0x00,
    0x3C, 0x00, 0x07, 0x80, 0x00, 0xF0, 0x00, 0x00, 0x01, 0xFC, 0x00, 0xFF, 0xC0, 0x3F, 0xFC, 0x07,
    0x83, 0xC1, 0xE0, 0x78, 0x3C, 0x0F, 0x07, 0x01, 0xE3, 0xE0, 0x78, 0xFC, 0x3E, 0x1F, 0x8F, 0x00,
    0x73, 0xC0, 0x0E, 0x70, 0x01, 0xCF, 0x00, 0x39, 0xF8, 0x07, 0x1F, 0xC0, 0xE1, 0xFE, 0x1C, 0x07,
    0xC3, 0x80, 0x3C, 0x70, 0x07, 0x8E, 0x00, 0x71, 0xC0, 0x0E, 0x38, 0x03, 0xC7, 0x30, 0xF0, 0xEF,
    0xFE, 0x1D, 0xFF, 0x80, 0x07, 0x80, 0x00, 0x00, 0x1C, 0x00, 0x3F, 0x00, 0x7F, 0x80, 0x1F, 0x80,
    0x03, 0x00, 0x00, 0x00, 0x00, 0x0F, 0xF0, 0x7F, 0xF9, 0xF9, 0xF3, 0xC0, 0xF7, 0x00, 0xE0, 0x01,
    0xC0, 0x03, 0x81, 0xFF, 0x1F, 0xFE, 0x7F, 0x9D, 0xE0, 0x3F, 0x80, 0x7E, 0x00, 0xFC, 0x03, 0xFC,
    0x07, 0xFC, 0x3F, 0x7F, 0xFE, 0x7F, 0x9C, 0x3C, 0x00, 0x00, 0x00, 0x00, 0xF0, 0x07, 0xE0, 0x7F,
    0x81, 0xF8, 0x01, 0x80, 0x00, 0x00, 0x00, 0x00, 0x0F, 0xF0, 0x7F, 0xF9, 0xF9, 0xF3, 0xC0, 0xF7,
    0x00, 0xE0, 0x01, 0xC0, 0x03, 0x81, 0xFF, 0x1F, 0xFE, 0x7F, 0x9D, 0xE0, 0x3F, 0x80, 0x7E, 0x00,
    0xFC, 0x03, 0xFC, 0x07, 0xFC, 0x3F, 0x7F, 0xFE, 0x7F, 0x9C, 0x3C, 0x00, 0x03, 0xC0, 0x0F, 0xC0,
    0x3F, 0xC0, 0xF3, 0xC0, 0x00, 0x00, 0x00, 0x00, 0x00, 0x07, 0xF8, 0x3F, 0xFC, 0xFC, 0xF9, 0xE0,
    0x7B, 0x80, 0x70, 0x00, 0xE0, 0x01, 0xC0, 0xFF, 0x8F, 0xFF, 0x3F, 0xCE, 0xF0, 0x1F, 0xC0, 0x3F,
    0x00, 0x7E, 0x01, 0xFE, 0x03, 0xFE, 0x1F, 0xBF, 0xFF, 0x3F, 0xCE, 0x1E, 0x00, 0x0F, 0x08, 0x3F,
    0xF0, 0x7F, 0xE0, 0x01, 0x00, 0x00, 0x00, 0x00, 0x00, 0x00, 0x07, 0xF8, 0x3F, 0xFC, 0xFC, 0xF9,
    0xE0, 0x7B, 0x80, 0x70, 0x00, 0xE0, 0x01, 0xC0, 0xFF, 0x8F, 0xFF, 0x3F, 0xCE, 0xF0, 0x1F, 0xC0,
    0x3F, 0x00, 0x7E, 0x01, 0xFE, 0x03, 0xFE, 0x1F, 0xBF, 0xFF, 0x3F, 0xCE, 0x1E, 0x00, 0x0E, 0x70,
    0x1C, 0xE0, 0x39, 0xC0, 0x73, 0x80, 0x00, 0x00, 0x00, 0x00, 0x00, 0x07, 0xF8, 0x3F, 0xFC, 0xFC,
    0xF9, 0xE0, 0x7B, 0x80, 0x70, 0x00, 0xE0, 0x01, 0xC0, 0xFF, 0x8F, 0xFF, 0x3F, 0xCE, 0xF0, 0x1F,
    0xC0, 0x3F, 0x00, 0x7E, 0x01, 0xFE, 0x03, 0xFE, 0x1F, 0xBF, 0xFF, 0x3F, 0xCE, 0x1E, 0x00, 0x03,
    0xC0, 0x0F, 0xC0, 0x39, 0xC0, 0x73, 0x80, 0xE7, 0x00, 0xFE, 0x01, 0xF8, 0x00, 0xC0, 0x00, 0x00,
    0x1F, 0xE0, 0xFF, 0xF3, 0xF3, 0xE7, 0x81, 0xEE, 0x01, 0xC0, 0x03, 0x80, 0x07, 0x03, 0xFE, 0x3F,
    0xFC, 0xFF, 0x3B, 0xC0, 0x7F, 0x00, 0xFC, 0x01, 0xF8, 0x07, 0xF8, 0x0F, 0xF8, 0x7E, 0xFF, 0xFC,
    0xFF, 0x38, 0x78, 0x00, 0x0F, 0xF0, 0x7F, 0x01, 0xFF, 0xCF, 0xFE, 0x1F, 0x9F, 0xF8, 0xF8, 0xF0,
    0x3F, 0x01, 0xC7, 0x00, 0xF0, 0x0F, 0x00, 0x07, 0x80, 0x38, 0x00, 0x38, 0x01, 0xE0, 0x7F, 0xC0,
    0x0F, 0x1F, 0xFF, 0xFF, 0xF9, 0xFF, 0x7F, 0xFF, 0xDE, 0x03, 0x80, 0x01, 0xE0, 0x1C, 0x00, 0x0F,
    0x00, 0xF0, 0x00, 0x70, 0x0F, 0x80, 0x33, 0xC0, 0x7E, 0x03, 0xDF, 0x0F, 0x7C, 0x3E, 0x7F, 0xF1,
    0xFF, 0xE1, 0xFF, 0x07, 0xFC, 0x03, 0xC0, 0x0F, 0x00, 0x07, 0xF8, 0x07, 0xFE, 0x07, 0xCF, 0x87,
    0x81, 0xE7, 0x80, 0x73, 0x80, 0x03, 0xC0, 0x01, 0xE0, 0x00, 0xF0, 0x00, 0x78, 0x00, 0x3C, 0x00,
    0x1E, 0x00, 0x07, 0x00, 0x03, 0xC0, 0x39, 0xF0, 0x3C, 0x7C, 0x3C, 0x1F, 0xFE, 0x07, 0xFC, 0x00,
    0x78, 0x00, 0x38, 0x00, 0x1F, 0x00, 0x03, 0x80, 0x01, 0xC0, 0x0F, 0xE0, 0x07, 0xE0, 0x00, 0x00,
    0x00, 0x03, 0x80, 0x03, 0xF0, 0x00, 0xFF, 0x00, 0x0F, 0xC0, 0x00, 0xC0, 0x00, 0x00, 0x00, 0x00,
    0x07, 0xF8, 0x07, 0xFE, 0x07, 0xCF, 0x87, 0x81, 0xE7, 0x80, 0x7B, 0x80, 0x3F, 0xC0, 0x0F, 0xE0,
    0x07, 0xFF, 0xFF, 0xFF, 0xFF, 0xFC, 0x00, 0x1E, 0x00, 0x07, 0x00, 0x03, 0xC0, 0x18, 0xF0, 0x1E,
    0x7C, 0x3E, 0x1F, 0xFE, 0x07, 0xFE, 0x00, 0x78, 0x00, 0x00, 0x00, 0x00, 0x1C, 0x00, 0x3F, 0x00,
    0xFF, 0x00, 0xFC, 0x00, 0x30, 0x00, 0x00, 0x00, 0x00, 0x00, 0x07, 0xF8, 0x07, 0xFE, 0x07, 0xCF,
    0x87, 0x81, 0xE7, 0x80, 0x7B, 0x80, 0x3F, 0xC0, 0x0F, 0xE0, 0x07, 0xFF, 0xFF, 0xFF, 0xFF, 0xFC,
    0x00, 0x1E, 0x00, 0x07, 0x00, 0x03, 0xC0, 0x18, 0xF0, 0x1E, 0x7C, 0x3E, 0x1F, 0xFE, 0x07, 0xFE,
    0x00, 0x78, 0x00, 0x01, 0xE0, 0x01, 0xF8, 0x01, 0xFE, 0x01, 0xC7, 0x80, 0x00, 0x00, 0x00, 0x00,
    0x00, 0x00, 0x0F, 0xF0, 0x0F, 0xFC, 0x0F, 0x9F, 0x0F, 0x03, 0xCF, 0x00, 0xF7, 0x00, 0x7F, 0x80,
    0x1F, 0xC0, 0x0F, 0xFF, 0xFF, 0xFF, 0xFF, 0xF8, 0x00, 0x3C, 0x00, 0x0E, 0x00, 0x07, 0x80, 0x31,
    0xE0, 0x3C, 0xF8, 0x7C, 0x3F, 0xFC, 0x0F, 0xFC, 0x00, 0xF0, 0x00, 0x07, 0x38, 0x03, 0x9C, 0x01,
    0xCE, 0x00, 0xE7, 0x00, 0x00, 0x00, 0x00, 0x00, 0x00, 0x00, 0x0F, 0xF0, 0x0F, 0xFC, 0x0F, 0x9F,
    0x0F, 0x03, 0xCF, 0x00, 0xF7, 0x00, 0x7F, 0x80, 0x1F, 0xC0, 0x0F, 0xFF, 0xFF, 0xFF, 0xFF, 0xF8,
    0x00, 0x3C, 0x00, 0x0E, 0x00, 0x07, 0x80, 0x31, 0xE0, 0x3C, 0xF8, 0x7C, 0x3F, 0xFC, 0x0F, 0xFC,
    0x00, 0xF0, 0x00, 0x00, 0x1C, 0x07, 0xC1, 0xFE, 0x0F, 0xC0, 0x70, 0x00, 0x00, 0x1E, 0x07, 0x81,
    0xE0, 0x78, 0x1E, 0x07, 0x81, 0xE0, 0x78, 0x1E, 0x07, 0x81, 0xE0, 0x78, 0x1E, 0x07, 0x81, 0xE0,
    0x78, 0x1E, 0x07, 0x80, 0x00, 0x00, 0xF0, 0xFD, 0xFE, 0xFC, 0x18, 0x00, 0x00, 0x00, 0x1E, 0x07,
    0x81, 0xE0, 0x78, 0x1E, 0x07, 0x81, 0xE0, 0x78, 0x1E, 0x07, 0x81, 0xE0, 0x78, 0x1E, 0x07, 0x81,
    0xE0, 0x78, 0x1E, 0x07, 0x80, 0x1E, 0x07, 0xE1, 0xFE, 0x79, 0xE0, 0x00, 0x00, 0x00, 0x00, 0xF0,
    0x1E, 0x03, 0xC0, 0x78, 0x0F, 0x01, 0xE0, 0x3C, 0x07, 0x80, 0xF0, 0x1E, 0x03, 0xC0, 0x78, 0x0F,
    0x01, 0xE0, 0x3C, 0x07, 0x80, 0xF0, 0x1E, 0x00, 0xE7, 0xE7, 0xE7, 0xE7, 0x00, 0x00, 0x00, 0x3C,
    0x3C, 0x3C, 0x3C, 0x3C, 0x3C, 0x3C, 0x3C, 0x3C, 0x3C, 0x3C, 0x3C, 0x3C, 0x3C, 0x3C, 0x3C, 0x3C,
    0x3C, 0x00, 0x00, 0x07, 0x86, 0x01, 0xFF, 0x80, 0x1F, 0xC0, 0x07, 0xF0, 0x03, 0xFE, 0x03, 0xC3,
    0xC0, 0xC0, 0x78, 0x01, 0xDF, 0x03, 0xFF, 0xC1, 0xFF, 0xF8, 0xF8, 0x7E, 0x7C, 0x0F, 0x9E, 0x01,
    0xE7, 0x00, 0x3F, 0xC0, 0x0F, 0xF0, 0x03, 0xFC, 0x00, 0xFF, 0x00, 0x3F, 0xC0, 0x0F, 0x70, 0x03,
    0x9E, 0x01, 0xE7, 0xC0, 0xF0, 0xF8, 0x7C, 0x1F, 0xFE, 0x03, 0xFF, 0x00, 0x1E, 0x00, 0x0F, 0x08,
    0x1F, 0xF8, 0x1F, 0xF8, 0x00, 0x20, 0x00, 0x00, 0x00, 0x00, 0x00, 0x00, 0xF3, 0xF8, 0xF7, 0xFC,
    0xFF, 0xFE, 0xFC, 0x1E, 0xF0, 0x0E, 0xF0, 0x0E, 0xF0, 0x0E, 0xF0, 0x0E, 0xF0, 0x0E, 0xF0, 0x0E,
    0xF0, 0x0E, 0xF0, 0x0E, 0xF0, 0x0E, 0xF0, 0x0E, 0xF0, 0x0E, 0xF0, 0x0E, 0xF0, 0x0E, 0xF0, 0x0E,
    0x00, 0x00, 0x01, 0xC0, 0x00, 0x7C, 0x00, 0x1F, 0xE0, 0x00, 0xFC, 0x00, 0x07, 0x00, 0x00, 0x00,
    0x00, 0x00, 0x07, 0xF8, 0x03, 0xFF, 0x01, 0xF3, 0xE0, 0xF0, 0x3C, 0x78, 0x07, 0x9C, 0x00, 0xEF,
    0x00, 0x3B, 0xC0, 0x0F, 0xF0, 0x03, 0xFC, 0x00, 0xFF, 0x00, 0x3F, 0xC0, 0x0F, 0x70, 0x03, 0x9E,
    0x01, 0xE7, 0xC0, 0xF0, 0xF8, 0x7C, 0x1F, 0xFE, 0x03, 0xFF, 0x00, 0x1E, 0x00, 0x00, 0x00, 0x00,
    0x0F, 0x00, 0x0F, 0xC0, 0x1F, 0xE0, 0x0F, 0xC0, 0x01, 0x80, 0x00, 0x00, 0x00, 0x00, 0x00, 0x07,
    0xF8, 0x03, 0xFF, 0x01, 0xF3, 0xE0, 0xF0, 0x3C, 0x78, 0x07, 0x9C, 0x00, 0xEF, 0x00, 0x3B, 0xC0,
    0x0F, 0xF0, 0x03, 0xFC, 0x00, 0xFF, 0x00, 0x3F, 0xC0, 0x0F, 0x70, 0x03, 0x9E, 0x01, 0xE7, 0xC0,
    0xF0, 0xF8, 0x7C, 0x1F, 0xFE, 0x03, 0xFF, 0x00, 0x1E, 0x00, 0x01, 0xE0, 0x00, 0xFC, 0x00, 0x7F,
    0x80, 0x3C, 0xF0, 0x00, 0x00, 0x00, 0x00, 0x00, 0x00, 0x00, 0x1F, 0xE0, 0x0F, 0xFC, 0x07, 0xCF,
    0x83, 0xC0, 0xF1, 0xE0, 0x1E, 0x70, 0x03, 0xBC, 0x00, 0xEF, 0x00, 0x3F, 0xC0, 0x0F, 0xF0, 0x03,
    0xFC, 0x00, 0xFF, 0x00, 0x3D, 0xC0, 0x0E, 0x78, 0x07, 0x9F, 0x03, 0xC3, 0xE1, 0xF0, 0x7F, 0xF8,
    0x0F, 0xFC, 0x00, 0x78, 0x00, 0x07, 0x84, 0x03, 0xFF, 0x00, 0xFF, 0xC0, 0x00, 0x40, 0x00, 0x00,
    0x00, 0x00, 0x00, 0x00, 0x00, 0x1F, 0xE0, 0x0F, 0xFC, 0x07, 0xCF, 0x83, 0xC0, 0xF1, 0xE0, 0x1E,
    0x70, 0x03, 0xBC, 0x00, 0xEF, 0x00, 0x3F, 0xC0, 0x0F, 0xF0, 0x03, 0xFC, 0x00, 0xFF, 0x00, 0x3D,
    0xC0, 0x0E, 0x78, 0x07, 0x9F, 0x03, 0xC3, 0xE1, 0xF0, 0x7F, 0xF8, 0x0F, 0xFC, 0x00, 0x78, 0x00,
    0x07, 0x38, 0x01, 0xCE, 0x00, 0x73, 0x80, 0x1C, 0xE0, 0x00, 0x00, 0x00, 0x00, 0x00, 0x00, 0x00,
    0x1F, 0xE0, 0x0F, 0xFC, 0x07, 0xCF, 0x83, 0xC0, 0xF1, 0xE0, 0x1E, 0x70, 0x03, 0xBC, 0x00, 0xEF,
    0x00, 0x3F, 0xC0, 0x0F, 0xF0, 0x03, 0xFC, 0x00, 0xFF, 0x00, 0x3D, 0xC0, 0x0E, 0x78, 0x07, 0x9F,
    0x03, 0xC3, 0xE1, 0xF0, 0x7F, 0xF8, 0x0F, 0xFC, 0x00, 0x78, 0x00, 0x00, 0x00, 0x0F, 0x80, 0x1F,
    0x00, 0x3E, 0x00, 0x78, 0x00, 0x00, 0x00, 0x00, 0x7F, 0xFF, 0xFF, 0xFF, 0xFF, 0xFC, 0x00, 0x00,
    0x00, 0x00, 0x78, 0x00, 0xF8, 0x01, 0xF0, 0x03, 0xE0, 0x03, 0x80, 0x03, 0xFC, 0x41, 0xFF, 0xDC,
    0x7E, 0x7F, 0x0F, 0x03, 0xC3, 0xC0, 0x7C, 0x70, 0x1F, 0x9E, 0x07, 0x73, 0xC1, 0xCF, 0x78, 0x71,
    0xEF, 0x1C, 0x3D, 0xE7, 0x07, 0xBD, 0xC0, 0xF3, 0xF0, 0x1C, 0x7C, 0x07, 0x8F, 0x81, 0xE3, 0xF8,
    0x7C, 0xFF, 0xFF, 0x0C, 0xFF, 0x80, 0x03, 0xC0, 0x00, 0x00, 0x00, 0x38, 0x00, 0x7E, 0x00, 0xFF,
    0x00, 0x3F, 0x00, 0x06, 0x00, 0x00, 0x00, 0x00, 0xE0, 0x0F, 0xE0, 0x1F, 0xC0, 0x3F, 0x80, 0x7F,
    0x00, 0xFE, 0x01, 0xFC, 0x03, 0xF8, 0x07, 0xF0, 0x0F, 0xE0, 0x1F, 0xC0, 0x3F, 0x80, 0x7F, 0x00,
    0xFE, 0x03, 0xFC, 0x0F, 0xFC, 0x7F, 0x7F, 0xEE, 0x7F, 0x9C, 0x38, 0x00, 0x00, 0x00, 0x01, 0xE0,
    0x0F, 0xC0, 0xFF, 0x01, 0xF0, 0x03, 0x00, 0x00, 0x00, 0x00, 0x00, 0xE0, 0x0F, 0xE0, 0x1F, 0xC0,
    0x3F, 0x80, 0x7F, 0x00, 0xFE, 0x01, 0xFC, 0x03, 0xF8, 0x07, 0xF0, 0x0F, 0xE0, 0x1F, 0xC0, 0x3F,
    0x80, 0x7F, 0x00, 0xFE, 0x03, 0xFC, 0x0F, 0xFC, 0x7F, 0x7F, 0xEE, 0x7F, 0x9C, 0x38, 0x00, 0x07,
    0x80, 0x1F, 0x80, 0x7F, 0x81, 0xE3, 0x80, 0x00, 0x00, 0x00, 0x00, 0x00, 0x70, 0x07, 0xF0, 0x0F,
    0xE0, 0x1F, 0xC0, 0x3F, 0x80, 0x7F, 0x00, 0xFE, 0x01, 0xFC, 0x03, 0xF8, 0x07, 0xF0, 0x0F, 0xE0,
    0x1F, 0xC0, 0x3F, 0x80, 0x7F, 0x01, 0xFE, 0x07, 0xFE, 0x3F, 0xBF, 0xF7, 0x3F, 0xCE, 0x1C, 0x00,
    0x1C, 0xE0, 0x3D, 0xC0, 0x7B, 0x80, 0xE7, 0x00, 0x00, 0x00, 0x00, 0x00, 0x00, 0x70, 0x07, 0xF0,
    0x0F, 0xE0, 0x1F, 0xC0, 0x3F, 0x80, 0x7F, 0x00, 0xFE, 0x01, 0xFC, 0x03, 0xF8, 0x07, 0xF0, 0x0F,
    0xE0, 0x1F, 0xC0, 0x3F, 0x80, 0x7F, 0x01, 0xFE, 0x07, 0xFE, 0x3F, 0xBF, 0xF7, 0x3F, 0xCE, 0x1C,
    0x00, 0x00, 0x00, 0x00, 0x1E, 0x00, 0x3F, 0x00, 0xFF, 0x00, 0x7C, 0x00, 0x30, 0x00, 0x00, 0x00,
    0x00, 0x00, 0x70, 0x03, 0xBC, 0x01, 0xDE, 0x01, 0xC7, 0x00, 0xE3, 0xC0, 0x71, 0xE0, 0x70, 0x78,
    0x38, 0x3C, 0x3C, 0x0E, 0x1C, 0x07, 0x8E, 0x03, 0xCE, 0x00, 0xE7, 0x00, 0x7F, 0x80, 0x1F, 0x80,
    0x0F, 0xC0, 0x07, 0xC0, 0x01, 0xE0, 0x00, 0xF0, 0x00, 0x70, 0x00, 0x38, 0x00, 0x38, 0x03, 0xFC,
    0x01, 0xFC, 0x00, 0xF8, 0x00, 0xF0, 0x00, 0x78, 0x00, 0x3C, 0x00, 0x1E, 0x00, 0x0F, 0x00, 0x07,
    0x80, 0x03, 0xC0, 0x01, 0xEF, 0xF0, 0xFF, 0xFC, 0x7F, 0x3F, 0x3E, 0x07, 0x9E, 0x01, 0xEF, 0x00,
    0x77, 0x80, 0x3B, 0xC0, 0x1F, 0xE0, 0x0F, 0xF0, 0x07, 0xF8, 0x03, 0xFC, 0x01, 0xDE, 0x00, 0xEF,
    0x00, 0xF7, 0x80, 0xF3, 0xF0, 0xF9, 0xFF, 0xF8, 0xFF, 0xF8, 0x78, 0xE0, 0x3C, 0x00, 0x1E, 0x00,
    0x0F, 0x00, 0x07, 0x80, 0x03, 0xC0, 0x00, 0x07, 0x38, 0x03, 0x9C, 0x01, 0xCE, 0x00, 0xE7, 0x00,
    0x00, 0x00, 0x00, 0x00, 0x00, 0x00, 0xE0, 0x07, 0x78, 0x03, 0xBC, 0x03, 0x8E, 0x01, 0xC7, 0x80,
    0xE3, 0xC0, 0xE0, 0xF0, 0x70, 0x78, 0x78, 0x1C, 0x38, 0x0F, 0x1C, 0x07, 0x9C, 0x01, 0xCE, 0x00,
    0xFF, 0x00, 0x3F, 0x00, 0x1F, 0x80, 0x0F, 0x80, 0x03, 0xC0, 0x01, 0xE0, 0x00, 0xE0, 0x00, 0x70,
    0x00, 0x70, 0x07, 0xF8, 0x03, 0xF8, 0x01, 0xF0, 0x00, 0x03, 0xFF, 0x00, 0x0F, 0xFC, 0x00, 0x3F,
    0xF0, 0x00, 0x00, 0x00, 0x00, 0x00, 0x00, 0x00, 0x00, 0x00, 0x00, 0x00, 0x00, 0x1E, 0x00, 0x00,
    0x7C, 0x00, 0x03, 0xF0, 0x00, 0x0F, 0xE0, 0x00, 0x7F, 0x80, 0x01, 0xFE, 0x00, 0x07, 0x3C, 0x00,
    0x3C, 0xF0, 0x00, 0xE3, 0xC0, 0x03, 0x87, 0x80, 0x1E, 0x1E, 0x00, 0x70, 0x38, 0x01, 0xC0, 0xF0,
    0x0F, 0x03, 0xC0, 0x38, 0x07, 0x81, 0xFF, 0xFE, 0x07, 0xFF, 0xF8, 0x1F, 0xFF, 0xF0, 0xF0, 0x03,
    0xC3, 0xC0, 0x0F, 0x0E, 0x00, 0x1E, 0x78, 0x00, 0x79, 0xE0, 0x01, 0xEF, 0x00, 0x03, 0xFC, 0x00,
    0x0F, 0x1F, 0xF8, 0x3F, 0xF0, 0x7F, 0xE0, 0x00, 0x00, 0x00, 0x00, 0x00, 0x00, 0x00, 0x07, 0xF8,
    0x3F, 0xFC, 0xFC, 0xF9, 0xE0, 0x7B, 0x80, 0x70, 0x00, 0xE0, 0x01, 0xC0, 0xFF, 0x8F, 0xFF, 0x3F,
    0xCE, 0xF0, 0x1F, 0xC0, 0x3F, 0x00, 0x7E, 0x01, 0xFE, 0x03, 0xFE, 0x1F, 0xBF, 0xFF, 0x3F, 0xCE,
    0x1E, 0x00, 0x03, 0x87, 0x00, 0x0F, 0x3C, 0x00, 0x1F, 0xE0, 0x00, 0x3F, 0x00, 0x00, 0x00, 0x00,
    0x00, 0x00, 0x00, 0x00, 0x00, 0x00, 0x1E, 0x00, 0x00, 0x7C, 0x00, 0x03, 0xF0, 0x00, 0x0F, 0xE0,
    0x00, 0x7F, 0x80, 0x01, 0xFE, 0x00, 0x07, 0x3C, 0x00, 0x3C, 0xF0, 0x00, 0xE3, 0xC0, 0x03, 0x87,
    0x80, 0x1E, 0x1E, 0x00, 0x70, 0x38, 0x01, 0xC0, 0xF0, 0x0F, 0x03, 0xC0, 0x38, 0x07, 0x81, 0xFF,
    0xFE, 0x07, 0xFF, 0xF8, 0x1F, 0xFF, 0xF0, 0xF0, 0x03, 0xC3, 0xC0, 0x0F, 0x0E, 0x00, 0x1E, 0x78,
    0x00, 0x79, 0xE0, 0x01, 0xEF, 0x00, 0x03, 0xFC, 0x00, 0x0F, 0x1C, 0x38, 0x3C, 0xF0, 0x3F, 0xC0,
    0x3F, 0x00, 0x00, 0x00, 0x00, 0x00, 0x00, 0x07, 0xF8, 0x3F, 0xFC, 0xFC, 0xF9, 0xE0, 0x7B, 0x80,
    0x70, 0x00, 0xE0, 0x01, 0xC0, 0xFF, 0x8F, 0xFF, 0x3F, 0xCE, 0xF0, 0x1F, 0xC0, 0x3F, 0x00, 0x7E,
    0x01, 0xFE, 0x03, 0xFE, 0x1F, 0xBF, 0xFF, 0x3F, 0xCE, 0x1E, 0x00, 0x00, 0x78, 0x00, 0x00, 0xF8,
    0x00, 0x03, 0xF0, 0x00, 0x07, 0xF0, 0x00, 0x1F, 0xE0, 0x00, 0x3F, 0xC0, 0x00, 0x73, 0xC0, 0x01,
    0xE7, 0x80, 0x03, 0x8F, 0x00, 0x07, 0x0F, 0x00, 0x1E, 0x1E, 0x00, 0x38, 0x1C, 0x00, 0x70, 0x3C,
    0x01, 0xE0, 0x78, 0x03, 0x80, 0x78, 0x0F, 0xFF, 0xF0, 0x1F, 0xFF, 0xE0, 0x3F, 0xFF, 0xE0, 0xF0,
    0x03, 0xC1, 0xE0, 0x07, 0x83, 0x80, 0x07, 0x8F, 0x00, 0x0F, 0x1E, 0x00, 0x1E, 0x78, 0x00, 0x1E,
    0xF0, 0x00, 0x3C, 0x00, 0x00, 0xF0, 0x00, 0x03, 0x80, 0x00, 0x07, 0x00, 0x00, 0x0E, 0x60, 0x00,
    0x1F, 0xC0, 0x00, 0x1F, 0x00, 0x0F, 0xF0, 0x3F, 0xFC, 0x7E, 0x7C, 0x78, 0x1E, 0x70, 0x0E, 0x00,
    0x0E, 0x00, 0x0E, 0x03, 0xFE, 0x1F, 0xFE, 0x3F, 0xCE, 0x78, 0x0E, 0xF0, 0x0E, 0xE0, 0x0E, 0xE0,
    0x1E, 0xF0, 0x1E, 0xF8, 0x7E, 0x7F, 0xFE, 0x3F, 0xCE, 0x0F, 0x3C, 0x00, 0x78, 0x00, 0x70, 0x00,
    0x73, 0x00, 0x7F, 0x00, 0x3E, 0x00, 0x00, 0x00, 0x00, 0xE0, 0x00, 0x7E, 0x00, 0x1F, 0xE0, 0x03,
    0xF0, 0x00, 0x30, 0x00, 0x00, 0x00, 0x00, 0x00, 0x00, 0x03, 0xFE, 0x00, 0xFF, 0xF8, 0x1F, 0xFF,
    0xC3, 0xE0, 0x3E, 0x3C, 0x01, 0xE7, 0x80, 0x0F, 0x78, 0x00, 0xFF, 0x80, 0x0F, 0xF0, 0x00, 0x0F,
    0x00, 0x00, 0xF0, 0x00, 0x0F, 0x00, 0x00, 0xF0, 0x00, 0x0F, 0x00, 0x00, 0xF0, 0x00, 0x0F, 0x00,
    0x00, 0xF0, 0x00, 0x0F, 0x00, 0x00, 0x78, 0x00, 0x77, 0x80, 0x0F, 0x3C, 0x00, 0xF3, 0xE0, 0x3E,
    0x1F, 0xFF, 0xC0, 0xFF, 0xF8, 0x03, 0xFF, 0x00, 0x0F, 0x80, 0x00, 0x00, 0x00, 0x1C, 0x00, 0x3F,
    0x00, 0xFF, 0x00, 0xFC, 0x00, 0x30, 0x00, 0x00, 0x00, 0x00, 0x00, 0x07, 0xF8, 0x07, 0xFE, 0x07,
    0xCF, 0x87, 0x81, 0xE7, 0x80, 0x73, 0x80, 0x03, 0xC0, 0x01, 0xE0, 0x00, 0xF0, 0x00, 0x78, 0x00,
    0x3C, 0x00, 0x1E, 0x00, 0x07, 0x00, 0x03, 0xC0, 0x39, 0xF0, 0x3C, 0x7C, 0x3C, 0x1F, 0xFE, 0x07,
    0xFC, 0x00, 0x78, 0x00, 0x00, 0x70, 0x00, 0x0F, 0xC0, 0x03, 0xDE, 0x00, 0x78, 0xF0, 0x00, 0x00,
    0x00, 0x00, 0x00, 0x00, 0x00, 0x00, 0x3F, 0xE0, 0x0F, 0xFF, 0x81, 0xFF, 0xFC, 0x3E, 0x03, 0xE3,
    0xC0, 0x1E, 0x78, 0x00, 0xF7, 0x80, 0x0F, 0xF8, 0x00, 0xFF, 0x00, 0x00, 0xF0, 0x00, 0x0F, 0x00,
    0x00, 0xF0, 0x00, 0x0F, 0x00, 0x00, 0xF0, 0x00, 0x0F, 0x00, 0x00, 0xF0, 0x00, 0x0F, 0x00, 0x00,
    0xF0, 0x00, 0x07, 0x80, 0x07, 0x78, 0x00, 0xF3, 0xC0, 0x0F, 0x3E, 0x03, 0xE1, 0xFF, 0xFC, 0x0F,
    0xFF, 0x80, 0x3F, 0xF0, 0x00, 0xF8, 0x00, 0x01, 0xE0, 0x01, 0xF8, 0x01, 0xFE, 0x01, 0xC7, 0x80,
    0x00, 0x00, 0x00, 0x00, 0x00, 0x00, 0x0F, 0xF0, 0x0F, 0xFC, 0x0F, 0x9F, 0x0F, 0x03, 0xCF, 0x00,
    0xE7, 0x00, 0x07, 0x80, 0x03, 0xC0, 0x01, 0xE0, 0x00, 0xF0, 0x00, 0x78, 0x00, 0x3C, 0x00, 0x0E,
    0x00, 0x07, 0x80, 0x73, 0xE0, 0x78, 0xF8, 0x78, 0x3F, 0xFC, 0x0F, 0xF8, 0x00, 0xF0, 0x00, 0x00,
    0x70, 0x00, 0x07, 0x00, 0x00, 0x70, 0x00, 0x07, 0x00, 0x00, 0x70, 0x00, 0x00, 0x00, 0x00, 0x00,
    0x00, 0x3F, 0xE0, 0x0F, 0xFF, 0x81, 0xFF, 0xFC, 0x3E, 0x03, 0xE3, 0xC0, 0x1E, 0x78, 0x00, 0xF7,
    0x80, 0x0F, 0xF8, 0x00, 0xFF, 0x00, 0x00, 0xF0, 0x00, 0x0F, 0x00, 0x00, 0xF0, 0x00, 0x0F, 0x00,
    0x00, 0xF0, 0x00, 0x0F, 0x00, 0x00, 0xF0, 0x00, 0x0F, 0x00, 0x00, 0xF0, 0x00, 0x07, 0x80, 0x07,
    0x78, 0x00, 0xF3, 0xC0, 0x0F, 0x3E, 0x03, 0xE1, 0xFF, 0xFC, 0x0F, 0xFF, 0x80, 0x3F, 0xF0, 0x00,
    0xF8, 0x00, 0x01, 0xE0, 0x00, 0xF0, 0x00, 0x78, 0x00, 0x3C, 0x00, 0x0C, 0x00, 0x00, 0x00, 0x00,
    0x00, 0x0F, 0xF0, 0x0F, 0xFC, 0x0F, 0x9F, 0x0F, 0x03, 0xCF, 0x00, 0xE7, 0x00, 0x07, 0x80, 0x03,
    0xC0, 0x01, 0xE0, 0x00, 0xF0, 0x00, 0x78, 0x00, 0x3C, 0x00, 0x0E, 0x00, 0x07, 0x80, 0x73, 0xE0,
    0x78, 0xF8, 0x78, 0x3F, 0xFC, 0x0F, 0xF8, 0x00, 0xF0, 0x00, 0x07, 0x8F, 0x00, 0x3D, 0xE0, 0x01,
    0xFC, 0x00, 0x0F, 0x80, 0x00, 0x00, 0x00, 0x00, 0x00, 0x00, 0x00, 0x00, 0x3F, 0xE0, 0x0F, 0xFF,
    0x81, 0xFF, 0xFC, 0x3E, 0x03, 0xE3, 0xC0, 0x1E, 0x78, 0x00, 0xF7, 0x80, 0x0F, 0xF8, 0x00, 0xFF,
    0x00, 0x00, 0xF0, 0x00, 0x0F, 0x00, 0x00, 0xF0, 0x00, 0x0F, 0x00, 0x00, 0xF0, 0x00, 0x0F, 0x00,
    0x00, 0xF0, 0x00, 0x0F, 0x00, 0x00, 0xF0, 0x00, 0x07, 0x80, 0x07, 0x78, 0x00, 0xF3, 0xC0, 0x0F,
    0x3E, 0x03, 0xE1, 0xFF, 0xFC, 0x0F, 0xFF, 0x80, 0x3F, 0xF0, 0x00, 0xF8, 0x00, 0x0E, 0x1C, 0x07,
    0xBC, 0x00, 0xFC, 0x00, 0x3C, 0x00, 0x00, 0x00, 0x00, 0x00, 0x00, 0x00, 0x0F, 0xF0, 0x0F, 0xFC,
    0x0F, 0x9F, 0x0F, 0x03, 0xCF, 0x00, 0xE7, 0x00, 0x07, 0x80, 0x03, 0xC0, 0x01, 0xE0, 0x00, 0xF0,
    0x00, 0x78, 0x00, 0x3C, 0x00, 0x0E, 0x00, 0x07, 0x80, 0x73, 0xE0, 0x78, 0xF8, 0x78, 0x3F, 0xFC,
    0x0F, 0xF8, 0x00, 0xF0, 0x00, 0x0E, 0x3C, 0x01, 0xEF, 0x00, 0x1F, 0xC0, 0x00, 0xF0, 0x00, 0x00,
    0x00, 0x00, 0x00, 0x00, 0x00, 0x07, 0xFF, 0x00, 0xFF, 0xFC, 0x1F, 0xFF, 0xC3, 0xC1, 0xFC, 0x78,
    0x07, 0xCF, 0x00, 0x7D, 0xE0, 0x07, 0xBC, 0x00, 0xFF, 0x80, 0x0F, 0xF0, 0x01, 0xFE, 0x00, 0x3F,
    0xC0, 0x07, 0xF8, 0x00, 0xFF, 0x00, 0x1F, 0xE0, 0x03, 0xFC, 0x00, 0x7F, 0x80, 0x0F, 0xF0, 0x03,
    0xFE, 0x00, 0x7B, 0xC0, 0x1F, 0x78, 0x07, 0xCF, 0x03, 0xF1, 0xFF, 0xFC, 0x3F, 0xFF, 0x07, 0xFF,
    0x80, 0x00, 0x07, 0x9C, 0x00, 0x1E, 0x70, 0x00, 0x79, 0xC0, 0x01, 0xE7, 0x00, 0x07, 0x98, 0x00,
    0x1E, 0x60, 0x00, 0x7B, 0x81, 0xFD, 0xE0, 0x1F, 0xFF, 0x80, 0xFC, 0xFE, 0x03, 0xC0, 0xF8, 0x1E,
    0x01, 0xE0, 0x78, 0x07, 0x81, 0xC0, 0x1E, 0x0F, 0x00, 0x78, 0x3C, 0x01, 0xE0, 0xF0, 0x07, 0x83,
    0xC0, 0x1E, 0x0F, 0x00, 0x78, 0x1C, 0x01, 0xE0, 0x78, 0x07, 0x81, 0xE0, 0x3E, 0x03, 0xE1, 0xF8,
    0x07, 0xFF, 0xE0, 0x0F, 0xF7, 0x80, 0x0F, 0x00, 0x00, 0x3F, 0xF8, 0x00, 0xFF, 0xFC, 0x03, 0xFF,
    0xF8, 0x0F, 0x03, 0xF8, 0x3C, 0x03, 0xE0, 0xF0, 0x07, 0xC3, 0xC0, 0x0F, 0x0F, 0x00, 0x1E, 0x3C,
    0x00, 0x78, 0xF0, 0x01, 0xE3, 0xC0, 0x07, 0xBF, 0xF8, 0x1E, 0xFF, 0xF0, 0x7B, 0xFF, 0xC1, 0xE3,
    0xC0, 0x07, 0x8F, 0x00, 0x1E, 0x3C, 0x00, 0x78, 0xF0, 0x01, 0xE3, 0xC0, 0x0F, 0x0F, 0x00, 0x3C,
    0x3C, 0x01, 0xE0, 0xF0, 0x1F, 0x83, 0xFF, 0xFC, 0x0F, 0xFF, 0xC0, 0x3F, 0xFC, 0x00, 0x00, 0x07,
    0x80, 0x00, 0xF0, 0x03, 0xFF, 0x80, 0x7F, 0xF0, 0x0F, 0xFE, 0x00, 0x0F, 0x00, 0x01, 0xE0, 0x3F,
    0xBC, 0x1F, 0xFF, 0x87, 0xE7, 0xF0, 0xF0, 0x3E, 0x3C, 0x03, 0xC7, 0x80, 0x78, 0xE0, 0x0F, 0x3C,
    0x01, 0xE7, 0x80, 0x3C, 0xF0, 0x07, 0x9E, 0x00, 0xF3, 0xC0, 0x1E, 0x38, 0x03, 0xC7, 0x80, 0x78,
    0xF0, 0x1F, 0x0F, 0x87, 0xE0, 0xFF, 0xFC, 0x0F, 0xF7, 0x80, 0x78, 0x00, 0x0F, 0xF8, 0x0F, 0xFE,
    0x07, 0xFF, 0x00, 0x00, 0x00, 0x00, 0x00, 0x00, 0x00, 0x00, 0x01, 0xFF, 0xFE, 0xFF, 0xFF, 0x7F,
    0xFF, 0xBC, 0x00, 0x1E, 0x00, 0x0F, 0x00, 0x07, 0x80, 0x03, 0xC0, 0x01, 0xE0, 0x00, 0xF0, 0x00,
    0x78, 0x00, 0x3F, 0xFE, 0x1F, 0xFF, 0x0F, 0xFF, 0x87, 0x80, 0x03, 0xC0, 0x01, 0xE0, 0x00, 0xF0,
    0x00, 0x78, 0x00, 0x3C, 0x00, 0x1E, 0x00, 0x0F, 0x00, 0x07, 0xFF, 0xFF, 0xFF, 0xFF, 0xFF, 0xFF,
    0x0F, 0xFC, 0x07, 0xFE, 0x03, 0xFF, 0x00, 0x00, 0x00, 0x00, 0x00, 0x00, 0x00, 0x00, 0x00, 0x0F,
    0xF0, 0x0F, 0xFC, 0x0F, 0x9F, 0x0F, 0x03, 0xCF, 0x00, 0xF7, 0x00, 0x7F, 0x80, 0x1F, 0xC0, 0x0F,
    0xFF, 0xFF, 0xFF, 0xFF, 0xF8, 0x00, 0x3C, 0x00, 0x0E, 0x00, 0x07, 0x80, 0x31, 0xE0, 0x3C, 0xF8,
    0x7C, 0x3F, 0xFC, 0x0F, 0xFC, 0x00, 0xF0, 0x00, 0x1C, 0x1C, 0x07, 0x3C, 0x03, 0xFE, 0x00, 0xFC,
    0x00, 0x00, 0x00, 0x00, 0x00, 0x00, 0x01, 0xFF, 0xFE, 0xFF, 0xFF, 0x7F, 0xFF, 0xBC, 0x00, 0x1E,
    0x00, 0x0F, 0x00, 0x07, 0x80, 0x03, 0xC0, 0x01, 0xE0, 0x00, 0xF0, 0x00, 0x78, 0x00, 0x3F, 0xFE,
    0x1F, 0xFF, 0x0F, 0xFF, 0x87, 0x80, 0x03, 0xC0, 0x01, 0xE0, 0x00, 0xF0, 0x00, 0x78, 0x00, 0x3C,
    0x00, 0x1E, 0x00, 0x0F, 0x00, 0x07, 0xFF, 0xFF, 0xFF, 0xFF, 0xFF, 0xFF, 0x0E, 0x1C, 0x07, 0x9E,
    0x01, 0xFE, 0x00, 0x7E, 0x00, 0x00, 0x00, 0x00, 0x00, 0x00, 0x00, 0x0F, 0xF0, 0x0F, 0xFC, 0x0F,
    0x9F, 0x0F, 0x03, 0xCF, 0x00, 0xF7, 0x00, 0x7F, 0x80, 0x1F, 0xC0, 0x0F, 0xFF, 0xFF, 0xFF, 0xFF,
    0xF8, 0x00, 0x3C, 0x00, 0x0E, 0x00, 0x07, 0x80, 0x31, 0xE0, 0x3C, 0xF8, 0x7C, 0x3F, 0xFC, 0x0F,
    0xFC, 0x00, 0xF0, 0x00, 0x01, 0xC0, 0x00, 0xE0, 0x00, 0x70, 0x00, 0x38, 0x00, 0x1C, 0x00, 0x00,
    0x00, 0x00, 0x01, 0xFF, 0xFE, 0xFF, 0xFF, 0x7F, 0xFF, 0xBC, 0x00, 0x1E, 0x00, 0x0F, 0x00, 0x07,
    0x80, 0x03, 0xC0, 0x01, 0xE0, 0x00, 0xF0, 0x00, 0x78, 0x00, 0x3F, 0xFE, 0x1F, 0xFF, 0x0F, 0xFF,
    0x87, 0x80, 0x03, 0xC0, 0x01, 0xE0, 0x00, 0xF0, 0x00, 0x78, 0x00, 0x3C, 0x00, 0x1E, 0x00, 0x0F,
    0x00, 0x07, 0xFF, 0xFF, 0xFF, 0xFF, 0xFF, 0xFF, 0x01, 0xE0, 0x00, 0xF0, 0x00, 0x78, 0x00, 0x3C,
    0x00, 0x0C, 0x00, 0x00, 0x00, 0x00, 0x00, 0x0F, 0xF0, 0x0F, 0xFC, 0x0F, 0x9F, 0x0F, 0x03, 0xCF,
    0x00, 0xF7, 0x00, 0x7F, 0x80, 0x1F, 0xC0, 0x0F, 0xFF, 0xFF, 0xFF, 0xFF, 0xF8, 0x00, 0x3C, 0x00,
    0x0E, 0x00, 0x07, 0x80, 0x31, 0xE0, 0x3C, 0xF8, 0x7C, 0x3F, 0xFC, 0x0F, 0xFC, 0x00, 0xF0, 0x00,
    0xFF, 0xFF, 0x7F, 0xFF, 0xBF, 0xFF, 0xDE, 0x00, 0x0F, 0x00, 0x07, 0x80, 0x03, 0xC0, 0x01, 0xE0,
    0x00, 0xF0, 0x00, 0x78, 0x00, 0x3C, 0x00, 0x1F, 0xFF, 0x0F, 0xFF, 0x87, 0xFF, 0xC3, 0xC0, 0x01,
    0xE0, 0x00, 0xF0, 0x00, 0x78, 0x00, 0x3C, 0x00, 0x1E, 0x00, 0x0F, 0x00, 0x07, 0x80, 0x03, 0xFF,
    0xFF, 0xFF, 0xFF, 0xFF, 0xFF, 0x80, 0x0F, 0x80, 0x07, 0x00, 0x07, 0x00, 0x03, 0xC8, 0x00, 0xFC,
    0x00, 0x3E, 0x07, 0xF8, 0x07, 0xFE, 0x07, 0xCF, 0x87, 0x81, 0xE7, 0x80, 0x7B, 0x80, 0x3F, 0xC0,
    0x0F, 0xE0, 0x07, 0xFF, 0xFF, 0xFF, 0xFF, 0xFC, 0x00, 0x1E, 0x00, 0x07, 0x00, 0x03, 0xC0, 0x18,
    0xF0, 0x1E, 0x7C, 0x3E, 0x1F, 0xFE, 0x07, 0xFE, 0x00, 0x7C, 0x00, 0x3C, 0x00, 0x1C, 0x00, 0x0E,
    0x60, 0x07, 0xF0, 0x01, 0xF0, 0x1E, 0x3C, 0x07, 0xBC, 0x01, 0xFC, 0x00, 0x7C, 0x00, 0x00, 0x00,
    0x00, 0x00, 0x00, 0x01, 0xFF, 0xFE, 0xFF, 0xFF, 0x7F, 0xFF, 0xBC, 0x00, 0x1E, 0x00, 0x0F, 0x00,
    0x07, 0x80, 0x03, 0xC0, 0x01, 0xE0, 0x00, 0xF0, 0x00, 0x78, 0x00, 0x3F, 0xFE, 0x1F, 0xFF, 0x0F,
    0xFF, 0x87, 0x80, 0x03, 0xC0, 0x01, 0xE0, 0x00, 0xF0, 0x00, 0x78, 0x00, 0x3C, 0x00, 0x1E, 0x00,
    0x0F, 0x00, 0x07, 0xFF, 0xFF, 0xFF, 0xFF, 0xFF, 0xFF, 0x0E, 0x1C, 0x03, 0xBC, 0x00, 0xFC, 0x00,
    0x3C, 0x00, 0x00, 0x00, 0x00, 0x00, 0x00, 0x00, 0x0F, 0xF0, 0x0F, 0xFC, 0x0F, 0x9F, 0x0F, 0x03,
    0xCF, 0x00, 0xF7, 0x00, 0x7F, 0x80, 0x1F, 0xC0, 0x0F, 0xFF, 0xFF, 0xFF, 0xFF, 0xF8, 0x00, 0x3C,
    0x00, 0x0E, 0x00, 0x07, 0x80, 0x31, 0xE0, 0x3C, 0xF8, 0x7C, 0x3F, 0xFC, 0x0F, 0xFC, 0x00, 0xF0,
    0x00, 0x00, 0x70, 0x00, 0x07, 0xE0, 0x00, 0xF7, 0x80, 0x0F, 0x1E, 0x00, 0x00, 0x00, 0x00, 0x00,
    0x00, 0x00, 0x00, 0x00, 0x7F, 0xC0, 0x0F, 0xFF, 0x80, 0xFF, 0xFE, 0x0F, 0x80, 0xF8, 0x78, 0x03,
    0xC7, 0x80, 0x0F, 0x3C, 0x00, 0x7B, 0xE0, 0x03, 0x9E, 0x00, 0x00, 0xF0, 0x00, 0x07, 0x80, 0x00,
    0x3C, 0x00, 0x01, 0xE0, 0x3F, 0xEF, 0x01, 0xFF, 0xF8, 0x0F, 0xFF, 0xC0, 0x01, 0xFE, 0x00, 0x0F,
    0xF0, 0x00, 0x7B, 0xC0, 0x07, 0xDE, 0x00, 0x3E, 0x78, 0x03, 0xF3, 0xE0, 0x3F, 0x8F, 0xEF, 0xDC,
    0x3F, 0xFE, 0xE0, 0xFF, 0xC7, 0x00, 0xF8, 0x00, 0x00, 0xF0, 0x00, 0x1F, 0x80, 0x07, 0xBC, 0x00,
    0xF1, 0xE0, 0x00, 0x00, 0x00, 0x00, 0x00, 0x00, 0x00, 0x00, 0x7F, 0xCE, 0x0F, 0xFF, 0xF1, 0xE0,
    0xFE, 0x3C, 0x07, 0x83, 0x80, 0x38, 0x38, 0x03, 0x83, 0x80, 0x38, 0x3C, 0x07, 0x81, 0xE0, 0xF0,
    0x1F, 0xFE, 0x00, 0xFF, 0xC0, 0x1F, 0x00, 0x03, 0x80, 0x00, 0x3F, 0xF8, 0x01, 0xFF, 0xF0, 0x1F,
    0xFF, 0x83, 0x81, 0xFC, 0x70, 0x01, 0xC7, 0x00, 0x1C, 0xF0, 0x01, 0xC7, 0x00, 0x3C, 0x7E, 0x0F,
    0x83, 0xFF, 0xF0, 0x0F, 0xFC, 0x00, 0x07, 0x07, 0x00, 0x1E, 0xF0, 0x00, 0xFF, 0x80, 0x01, 0xF0,
    0x00, 0x00, 0x00, 0x00, 0x00, 0x00, 0x00, 0x00, 0x00, 0x7F, 0xC0, 0x0F, 0xFF, 0x80, 0xFF, 0xFE,
    0x0F, 0x80, 0xF8, 0x78, 0x03, 0xC7, 0x80, 0x0F, 0x3C, 0x00, 0x7B, 0xE0, 0x03, 0x9E, 0x00, 0x00,
    0xF0, 0x00, 0x07, 0x80, 0x00, 0x3C, 0x00, 0x01, 0xE0, 0x3F, 0xEF, 0x01, 0xFF, 0xF8, 0x0F, 0xFF,
    0xC0, 0x01, 0xFE, 0x00, 0x0F, 0xF0, 0x00, 0x7B, 0xC0, 0x07, 0xDE, 0x00, 0x3E, 0x78, 0x03, 0xF3,
    0xE0, 0x3F, 0x8F, 0xEF, 0xDC, 0x3F, 0xFE, 0xE0, 0xFF, 0xC7, 0x00, 0xF8, 0x00, 0x0E, 0x0E, 0x00,
    0x79, 0xE0, 0x07, 0xFC, 0x00, 0x1F, 0x80, 0x00, 0x00, 0x00, 0x00, 0x00, 0x00, 0x00, 0x00, 0x7F,
    0xCE, 0x0F, 0xFF, 0xF1, 0xE0, 0xFE, 0x3C, 0x07, 0x83, 0x80, 0x38, 0x38, 0x03, 0x83, 0x80, 0x38,
    0x3C, 0x07, 0x81, 0xE0, 0xF0, 0x1F, 0xFE, 0x00, 0xFF, 0xC0, 0x1F, 0x00, 0x03, 0x80, 0x00, 0x3F,
    0xF8, 0x01, 0xFF, 0xF0, 0x1F, 0xFF, 0x83, 0x81, 0xFC, 0x70, 0x01, 0xC7, 0x00, 0x1C, 0xF0, 0x01,
    0xC7, 0x00, 0x3C, 0x7E, 0x0F, 0x83, 0xFF, 0xF0, 0x0F, 0xFC, 0x00, 0x00, 0x70, 0x00, 0x03, 0x80,
    0x00, 0x1C, 0x00, 0x00, 0xE0, 0x00, 0x07, 0x00, 0x00, 0x00, 0x00, 0x00, 0x00, 0x00, 0x7F, 0xC0,
    0x0F, 0xFF, 0x80, 0xFF, 0xFE, 0x0F, 0x80, 0xF8, 0x78, 0x03, 0xC7, 0x80, 0x0F, 0x3C, 0x00, 0x7B,
    0xE0, 0x03, 0x9E, 0x00, 0x00, 0xF0, 0x00, 0x07, 0x80, 0x00, 0x3C, 0x00, 0x01, 0xE0, 0x3F, 0xEF,
    0x01, 0xFF, 0xF8, 0x0F, 0xFF, 0xC0, 0x01, 0xFE, 0x00, 0x0F, 0xF0, 0x00, 0x7B, 0xC0, 0x07, 0xDE,
    0x00, 0x3E, 0x78, 0x03, 0xF3, 0xE0, 0x3F, 0x8F, 0xEF, 0xDC, 0x3F, 0xFE, 0xE0, 0xFF, 0xC7, 0x00,
    0xF8, 0x00, 0x00, 0xE0, 0x00, 0x0F, 0x00, 0x00, 0xF0, 0x00, 0x0F, 0x00, 0x00, 0xE0, 0x00, 0x00,
    0x00, 0x00, 0x00, 0x00, 0x7F, 0xCE, 0x0F, 0xFF, 0xF1, 0xE0, 0xFE, 0x3C, 0x07, 0x83, 0x80, 0x38,
    0x38, 0x03, 0x83, 0x80, 0x38, 0x3C, 0x07, 0x81, 0xE0, 0xF0, 0x1F, 0xFE, 0x00, 0xFF, 0xC0, 0x1F,
    0x00, 0x03, 0x80, 0x00, 0x3F, 0xF8, 0x01, 0xFF, 0xF0, 0x1F, 0xFF, 0x83, 0x81, 0xFC, 0x70, 0x01,
    0xC7, 0x00, 0x1C, 0xF0, 0x01, 0xC7, 0x00, 0x3C, 0x7E, 0x0F, 0x83, 0xFF, 0xF0, 0x0F, 0xFC, 0x00,
    0x00, 0x00, 0x00, 0x1F, 0xF0, 0x03, 0xFF, 0xE0, 0x3F, 0xFF, 0x83, 0xE0, 0x3E, 0x1E, 0x00, 0xF1,
    0xE0, 0x03, 0xCF, 0x00, 0x1E, 0xF8, 0x00, 0xE7, 0x80, 0x00, 0x3C, 0x00, 0x01, 0xE0, 0x00, 0x0F,
    0x00, 0x00, 0x78, 0x0F, 0xFB, 0xC0, 0x7F, 0xFE, 0x03, 0xFF, 0xF0, 0x00, 0x7F, 0x80, 0x03, 0xFC,
    0x00, 0x1E, 0xF0, 0x01, 0xF7, 0x80, 0x0F, 0x9E, 0x00, 0xFC, 0xF8, 0x0F, 0xE3, 0xFB, 0xF7, 0x0F,
    0xFF, 0xB8, 0x3F, 0xF1, 0xC0, 0x3E, 0x00, 0x00, 0x00, 0x00, 0x07, 0x00, 0x00, 0x38, 0x00, 0x01,
    0xC0, 0x00, 0x0E, 0x00, 0x00, 0x30, 0x00, 0x03, 0x00, 0x00, 0x00, 0x20, 0x00, 0x06, 0x00, 0x00,
    0xE0, 0x00, 0x0E, 0x00, 0x00, 0xE0, 0x00, 0x0E, 0x00, 0x00, 0xE0, 0x00, 0x00, 0x00, 0x00, 0x00,
    0x00, 0x7F, 0xCE, 0x0F, 0xFF, 0xF1, 0xE0, 0xFE, 0x3C, 0x07, 0x83, 0x80, 0x38, 0x38, 0x03, 0x83,
    0x80, 0x38, 0x3C, 0x07, 0x81, 0xE0, 0xF0, 0x1F, 0xFE, 0x00, 0xFF, 0xC0, 0x1F, 0x00, 0x03, 0x80,
    0x00, 0x3F, 0xF8, 0x01, 0xFF, 0xF0, 0x1F, 0xFF, 0x83, 0x81, 0xFC, 0x70, 0x01, 0xC7, 0x00, 0x1C,
    0xF0, 0x01, 0xC7, 0x00, 0x3C, 0x7E, 0x0F, 0x83, 0xFF, 0xF0, 0x0F, 0xFC, 0x00, 0x01, 0xE0, 0x00,
    0x7E, 0x00, 0x1E, 0xE0, 0x07, 0x8E, 0x00, 0x00, 0x00, 0x00, 0x00, 0x00, 0x00, 0x07, 0x80, 0x0F,
    0xF0, 0x01, 0xFE, 0x00, 0x3F, 0xC0, 0x07, 0xF8, 0x00, 0xFF, 0x00, 0x1F, 0xE0, 0x03, 0xFC, 0x00,
    0x7F, 0x80, 0x0F, 0xF0, 0x01, 0xFE, 0x00, 0x3F, 0xFF, 0xFF, 0xFF, 0xFF, 0xFF, 0xFF, 0xFF, 0xE0,
    0x03, 0xFC, 0x00, 0x7F, 0x80, 0x0F, 0xF0, 0x01, 0xFE, 0x00, 0x3F, 0xC0, 0x07, 0xF8, 0x00, 0xFF,
    0x00, 0x1F, 0xE0, 0x03, 0xFC, 0x00, 0x7F, 0x80, 0x0F, 0x0F, 0x00, 0x01, 0xF8, 0x00, 0x3F, 0xC0,
    0x07, 0x1E, 0x00, 0x00, 0x00, 0x00, 0xF0, 0x00, 0x0F, 0x00, 0x00, 0xF0, 0x00, 0x0F, 0x00, 0x00,
    0xF0, 0x00, 0x0F, 0x00, 0x00, 0xF0, 0x00, 0x0F, 0x3F, 0x80, 0xF7, 0xFC, 0x0F, 0xFF, 0xE0, 0xFC,
    0x1E, 0x0F, 0x00, 0xE0, 0xF0, 0x0E, 0x0F, 0x00, 0xE0, 0xF0, 0x0E, 0x0F, 0x00, 0xE0, 0xF0, 0x0E,
    0x0F, 0x00, 0xE0, 0xF0, 0x0E, 0x0F, 0x00, 0xE0, 0xF0, 0x0E, 0x0F, 0x00, 0xE0, 0xF0, 0x0E, 0x0F,
    0x00, 0xE0, 0xF0, 0x0E, 0x1E, 0x00, 0x3C, 0x0F, 0x00, 0x1E, 0x07, 0x80, 0x0F, 0x03, 0xC0, 0x07,
    0x8F, 0xFF, 0xFF, 0xFF, 0xFF, 0xFF, 0xFC, 0x78, 0x00, 0xF0, 0x3C, 0x00, 0x78, 0x1E, 0x00, 0x3C,
    0x0F, 0x00, 0x1E, 0x07, 0x80, 0x0F, 0x03, 0xFF, 0xFF, 0x81, 0xFF, 0xFF, 0xC0, 0xFF, 0xFF, 0xE0,
    0x78, 0x00, 0xF0, 0x3C, 0x00, 0x78, 0x1E, 0x00, 0x3C, 0x0F, 0x00, 0x1E, 0x07, 0x80, 0x0F, 0x03,
    0xC0, 0x07, 0x81, 0xE0, 0x03, 0xC0, 0xF0, 0x01, 0xE0, 0x78, 0x00, 0xF0, 0x3C, 0x00, 0x78, 0x1E,
    0x00, 0x3C, 0x00, 0x3C, 0x00, 0x0F, 0x00, 0x0F, 0xFE, 0x03, 0xFF, 0x80, 0xFF, 0xE0, 0x0F, 0x00,
    0x03, 0xC0, 0x00, 0xF3, 0xF8, 0x3D, 0xFF, 0x0F, 0xFF, 0xE3, 0xF0, 0x78, 0xF0, 0x0E, 0x3C, 0x03,
    0xCF, 0x00, 0xF3, 0xC0, 0x3C, 0xF0, 0x0F, 0x3C, 0x03, 0xCF, 0x00, 0xF3, 0xC0, 0x3C, 0xF0, 0x0F,
    0x3C, 0x03, 0xCF, 0x00, 0xF3, 0xC0, 0x3C, 0xF0, 0x0F, 0x3C, 0x03, 0x80, 0x78, 0x7F, 0xFF, 0xFC,
    0x0C, 0x00, 0x00, 0x00, 0x00, 0x78, 0x1E, 0x07, 0x81, 0xE0, 0x78, 0x1E, 0x07, 0x81, 0xE0, 0x78,
    0x1E, 0x07, 0x81, 0xE0, 0x78, 0x1E, 0x07, 0x81, 0xE0, 0x78, 0x1E, 0x07, 0x81, 0xE0, 0x78, 0x1E,
    0x07, 0x81, 0xE0, 0x78, 0x78, 0x5F, 0xFB, 0xFF, 0x00, 0x80, 0x00, 0x00, 0x00, 0x00, 0xF0, 0x1E,
    0x03, 0xC0, 0x78, 0x0F, 0x01, 0xE0, 0x3C, 0x07, 0x80, 0xF0, 0x1E, 0x03, 0xC0, 0x78, 0x0F, 0x01,
    0xE0, 0x3C, 0x07, 0x80, 0xF0, 0x1E, 0x00, 0x7F, 0xEF, 0xFD, 0xFF, 0x80, 0x00, 0x00, 0x00, 0x00,
    0x00, 0x78, 0x0F, 0x01, 0xE0, 0x3C, 0x07, 0x80, 0xF0, 0x1E, 0x03, 0xC0, 0x78, 0x0F, 0x01, 0xE0,
    0x3C, 0x07, 0x80, 0xF0, 0x1E, 0x03, 0xC0, 0x78, 0x0F, 0x01, 0xE0, 0x3C, 0x07, 0x80, 0xF0, 0x1E,
    0x03, 0xC0, 0x78, 0xFF, 0xFF, 0xFF, 0xFC, 0x00, 0x00, 0x00, 0x00, 0x00, 0x78, 0x1E, 0x07, 0x81,
    0xE0, 0x78, 0x1E, 0x07, 0x81, 0xE0, 0x78, 0x1E, 0x07, 0x81, 0xE0, 0x78, 0x1E, 0x07, 0x81, 0xE0,
    0x78, 0x1E, 0x00, 0x70, 0xEF, 0x3C, 0xFF, 0x0F, 0xC0, 0x00, 0x00, 0x00, 0x00, 0x78, 0x0F, 0x01,
    0xE0, 0x3C, 0x07, 0x80, 0xF0, 0x1E, 0x03, 0xC0, 0x78, 0x0F, 0x01, 0xE0, 0x3C, 0x07, 0x80, 0xF0,
    0x1E, 0x03, 0xC0, 0x78, 0x0F, 0x01, 0xE0, 0x3C, 0x07, 0x80, 0xF0, 0x1E, 0x03, 0xC0, 0x78, 0xE1,
    0xDE, 0x79, 0xFE, 0x1F, 0x80, 0x00, 0x00, 0x00, 0x00, 0xF0, 0x1E, 0x03, 0xC0, 0x78, 0x0F, 0x01,
    0xE0, 0x3C, 0x07, 0x80, 0xF0, 0x1E, 0x03, 0xC0, 0x78, 0x0F, 0x01, 0xE0, 0x3C, 0x07, 0x80, 0xF0,
    0x1E, 0x00, 0x1E, 0x3C, 0x78, 0xF1, 0xE3, 0xC7, 0x8F, 0x1E, 0x3C, 0x78, 0xF1, 0xE3, 0xC7, 0x8F,
    0x1E, 0x3C, 0x78, 0xF1, 0xE3, 0xC7, 0x8F, 0x1E, 0xF9, 0xC7, 0x0F, 0x2F, 0xCF, 0x80, 0x1E, 0x1E,
    0x1E, 0x1E, 0x0C, 0x00, 0x00, 0x1E, 0x1E, 0x1E, 0x1E, 0x1E, 0x1E, 0x1E, 0x1E, 0x1E, 0x1E, 0x1E,
    0x1E, 0x1E, 0x1E, 0x1E, 0x1E, 0x1E, 0x1E, 0x3C, 0x70, 0xE0, 0xF2, 0x7E, 0x3E, 0xFF, 0xFF, 0x60,
    0x0F, 0xFF, 0xFF, 0xFF, 0xFF, 0xFF, 0xFF, 0xFF, 0xFF, 0xFF, 0xFF, 0xFF, 0xFF, 0xFF, 0xFF, 0xFF,
    0xFF, 0xFF, 0xFF, 0xFF, 0xFF, 0xFF, 0xF0, 0x03, 0xFC, 0x00, 0xFF, 0x00, 0x3F, 0xC0, 0x0F, 0xF0,
    0x03, 0xFC, 0x00, 0xFF, 0x00, 0x3F, 0xC0, 0x0F, 0xF0, 0x03, 0xFC, 0x00, 0xFF, 0x00, 0x3F, 0xC0,
    0x0F, 0xF0, 0x03, 0xFC, 0x00, 0xFF, 0x00, 0x3F, 0xC0, 0x0F, 0xF0, 0x03, 0xFC, 0x00, 0xFF, 0x00,
    0x3F, 0xC0, 0x0F, 0xF0, 0x03, 0xFC, 0x01, 0xFF, 0x0F, 0xFB, 0xC3, 0xFE, 0xF0, 0xFF, 0x00, 0x0F,
    0x00, 0xF0, 0xFF, 0x0F, 0xF0, 0xFF, 0x0F, 0x60, 0x60, 0x00, 0x00, 0x0F, 0x0F, 0xF0, 0xFF, 0x0F,
    0xF0, 0xFF, 0x0F, 0xF0, 0xFF, 0x0F, 0xF0, 0xFF, 0x0F, 0xF0, 0xFF, 0x0F, 0xF0, 0xFF, 0x0F, 0xF0,
    0xFF, 0x0F, 0xF0, 0xFF, 0x0F, 0xF0, 0xF0, 0x0F, 0x00, 0xF0, 0x0F, 0x0F, 0xE0, 0xFE, 0x0F, 0xC0,
    0x03, 0xC0, 0x3F, 0x07, 0xBC, 0x78, 0xF0, 0x00, 0x00, 0x00, 0x00, 0x00, 0x78, 0x03, 0xC0, 0x1E,
    0x00, 0xF0, 0x07, 0x80, 0x3C, 0x01, 0xE0, 0x0F, 0x00, 0x78, 0x03, 0xC0, 0x1E, 0x00, 0xF0, 0x07,
    0x80, 0x3C, 0x01, 0xE0, 0x0F, 0x00, 0x78, 0x03, 0xC0, 0x1E, 0x00, 0xF0, 0x07, 0x80, 0x3C, 0x7F,
    0xE3, 0xFE, 0x1F, 0xE0, 0x1C, 0x00, 0x0F, 0x01, 0xF8, 0x3F, 0xC7, 0x9E, 0x00, 0x00, 0x00, 0x00,
    0x00, 0xF0, 0x0F, 0x00, 0xF0, 0x0F, 0x00, 0xF0, 0x0F, 0x00, 0xF0, 0x0F, 0x00, 0xF0, 0x0F, 0x00,
    0xF0, 0x0F, 0x00, 0xF0, 0x0F, 0x00, 0xF0, 0x0F, 0x00, 0xF0, 0x0F, 0x00, 0xF0, 0x0F, 0x00, 0xF0,
    0xFE, 0x0F, 0xE0, 0xFC, 0x00, 0xF0, 0x03, 0xDE, 0x00, 0xFB, 0xC0, 0x3E, 0x78, 0x07, 0x8F, 0x01,
    0xE1, 0xE0, 0x78, 0x3C, 0x1E, 0x07, 0x87, 0x80, 0xF1, 0xE0, 0x1E, 0x7C, 0x03, 0xDF, 0x80, 0x7B,
    0xF8, 0x0F, 0xFF, 0x01, 0xFD, 0xF0, 0x3F, 0x1E, 0x07, 0xC3, 0xE0, 0xF0, 0x3E, 0x1E, 0x03, 0xC3,
    0xC0, 0x7C, 0x78, 0x07, 0x8F, 0x00, 0xF9, 0xE0, 0x0F, 0x3C, 0x00, 0xF7, 0x80, 0x1F, 0xF0, 0x01,
    0xE0, 0x00, 0x00, 0x00, 0x00, 0x00, 0xE0, 0x00, 0x1C, 0x00, 0x03, 0x80, 0x00, 0x70, 0x00, 0x06,
    0x00, 0x01, 0x80, 0x00, 0xF0, 0x00, 0xF0, 0x00, 0xF0, 0x00, 0xF0, 0x00, 0xF0, 0x00, 0xF0, 0x00,
    0xF0, 0x00, 0xF0, 0x0E, 0xF0, 0x1E, 0xF0, 0x3C, 0xF0, 0x78, 0xF0, 0xF0, 0xF1, 0xE0, 0xF3, 0xC0,
    0xF7, 0xC0, 0xFF, 0xE0, 0xFF, 0xF0, 0xFC, 0xF0, 0xF8, 0x78, 0xF0, 0x78, 0xF0, 0x3C, 0xF0, 0x3C,
    0xF0, 0x1E, 0xF0, 0x0F, 0xF0, 0x0F, 0x00, 0x00, 0x00, 0x00, 0x03, 0x80, 0x03, 0x80, 0x03, 0x80,
    0x03, 0x80, 0x03, 0x80, 0x03, 0x00, 0xF0, 0x0E, 0xF0, 0x1E, 0xF0, 0x3C, 0xF0, 0x78, 0xF0, 0xF0,
    0xF1, 0xE0, 0xF3, 0xC0, 0xF7, 0xC0, 0xFF, 0xE0, 0xFF, 0xF0, 0xFC, 0xF0, 0xF8, 0x78, 0xF0, 0x78,
    0xF0, 0x3C, 0xF0, 0x3C, 0xF0, 0x1E, 0xF0, 0x0F, 0xF0, 0x0F, 0x00, 0x00, 0x01, 0xE0, 0x03, 0xF0,
    0x0F, 0xF0, 0x07, 0xC0, 0x03, 0x00, 0x00, 0x00, 0x00, 0x00, 0x00, 0x78, 0x00, 0x3C, 0x00, 0x1E,
    0x00, 0x0F, 0x00, 0x07, 0x80, 0x03, 0xC0, 0x01, 0xE0, 0x00, 0xF0, 0x00, 0x78, 0x00, 0x3C, 0x00,
    0x1E, 0x00, 0x0F, 0x00, 0x07, 0x80, 0x03, 0xC0, 0x01, 0xE0, 0x00, 0xF0, 0x00, 0x78, 0x00, 0x3C,
    0x00, 0x1E, 0x00, 0x0F, 0x00, 0x07, 0x80, 0x03, 0xC0, 0x01, 0xFF, 0xFE, 0xFF, 0xFF, 0x7F, 0xFF,
    0x80, 0x00, 0x00, 0xF0, 0xFD, 0xFE, 0xFC, 0x18, 0x00, 0x00, 0x00, 0x1E, 0x07, 0x81, 0xE0, 0x78,
    0x1E, 0x07, 0x81, 0xE0, 0x78, 0x1E, 0x07, 0x81, 0xE0, 0x78, 0x1E, 0x07, 0x81, 0xE0, 0x78, 0x1E,
    0x07, 0x81, 0xE0, 0x78, 0x1E, 0x07, 0x81, 0xE0, 0x78, 0x1E, 0x00, 0xF0, 0x00, 0xF0, 0x00, 0xF0,
    0x00, 0xF0, 0x00, 0xF0, 0x00, 0xF0, 0x00, 0xF0, 0x00, 0xF0, 0x00, 0xF0, 0x00, 0xF0, 0x00, 0xF0,
    0x00, 0xF0, 0x00, 0xF0, 0x00, 0xF0, 0x00, 0xF0, 0x00, 0xF0, 0x00, 0xF0, 0x00, 0xF0, 0x00, 0xF0,
    0x00, 0xF0, 0x00, 0xF0, 0x00, 0xF0, 0x00, 0xFF, 0xFF, 0xFF, 0xFF, 0xFF, 0xFF, 0x00, 0x00, 0x00,
    0x00, 0x03, 0x80, 0x03, 0x80, 0x03, 0x80, 0x03, 0x80, 0x03, 0x80, 0x03, 0x00, 0xFF, 0xFF, 0xFF,
    0xFF, 0xFF, 0xFF, 0xFF, 0xFF, 0xFF, 0xFF, 0xFF, 0xFF, 0xF0, 0x07, 0xFF, 0x76, 0xE0, 0xF0, 0x70,
    0xF0, 0x78, 0xF0, 0x78, 0xF0, 0x70, 0xF0, 0x30, 0xF0, 0x70, 0xF0, 0x60, 0xF0, 0x00, 0xF0, 0x00,
    0xF0, 0x00, 0xF0, 0x00, 0xF0, 0x00, 0xF0, 0x00, 0xF0, 0x00, 0xF0, 0x00, 0xF0, 0x00, 0xF0, 0x00,
    0xF0, 0x00, 0xF0, 0x00, 0xF0, 0x00, 0xF0, 0x00, 0xF0, 0x00, 0xFF, 0xFF, 0xFF, 0xFF, 0xFF, 0xFF,
    0xF3, 0xFB, 0xFD, 0xFE, 0x7F, 0x37, 0x9B, 0xD9, 0xE0, 0xF0, 0x78, 0x3C, 0x1E, 0x0F, 0x07, 0x83,
    0xC1, 0xE0, 0xF0, 0x78, 0x3C, 0x1E, 0x0F, 0x07, 0x83, 0xC1, 0xE0, 0xF0, 0x00, 0xF0, 0x00, 0xF0,
    0x00, 0xF0, 0x00, 0xF0, 0x00, 0xF0, 0x00, 0xF0, 0x00, 0xF0, 0x00, 0xF0, 0x00, 0xF0, 0x00, 0xF0,
    0x1C, 0xF0, 0x3E, 0xF0, 0x3E, 0xF0, 0x3E, 0xF0, 0x1C, 0xF0, 0x00, 0xF0, 0x00, 0xF0, 0x00, 0xF0,
    0x00, 0xF0, 0x00, 0xF0, 0x00, 0xF0, 0x00, 0xF0, 0x00, 0xFF, 0xFF, 0xFF, 0xFF, 0xFF, 0xFF, 0xF0,
    0x3C, 0x0F, 0x03, 0xC0, 0xF0, 0x3C, 0x0F, 0x03, 0xC0, 0xF0, 0x3C, 0x0F, 0x03, 0xC0, 0xF0, 0x3C,
    0xEF, 0x7F, 0xDF, 0xF7, 0xFC, 0xEF, 0x03, 0xC0, 0xF0, 0x3C, 0x0F, 0x03, 0xC0, 0xF0, 0x00, 0x1E,
    0x00, 0x03, 0xC0, 0x00, 0x78, 0x00, 0x0F, 0x00, 0x01, 0xE0, 0x00, 0x3C, 0x00, 0x07, 0x80, 0x00,
    0xF0, 0x00, 0x1E, 0x00, 0x03, 0xC6, 0x00, 0x7F, 0xC0, 0x1F, 0xF8, 0x0F, 0xFC, 0x01, 0xFC, 0x00,
    0x3F, 0x80, 0x00, 0xF0, 0x00, 0x1E, 0x00, 0x03, 0xC0, 0x00, 0x78, 0x00, 0x0F, 0x00, 0x01, 0xE0,
    0x00, 0x3C, 0x00, 0x07, 0xFF, 0xF8, 0xFF, 0xFF, 0x1F, 0xFF, 0xE0, 0x1C, 0x0E, 0x07, 0x03, 0x81,
    0xC0, 0xE0, 0x70, 0x38, 0x1C, 0x0E, 0x07, 0x63, 0xF1, 0xF8, 0xF8, 0x78, 0xF8, 0xFC, 0x7E, 0x37,
    0x03, 0x81, 0xC0, 0xE0, 0x70, 0x38, 0x1C, 0x00, 0x00, 0x00, 0x00, 0x03, 0xC0, 0x01, 0xF8, 0x01,
    0xFE, 0x00, 0x7E, 0x00, 0x06, 0x00, 0x00, 0x00, 0x00, 0x00, 0x00, 0xF0, 0x00, 0xFE, 0x00, 0x1F,
    0xE0, 0x03, 0xFE, 0x00, 0x7F, 0xC0, 0x0F, 0xFC, 0x01, 0xFF, 0xC0, 0x3F, 0x78, 0x07, 0xE7, 0x80,
    0xFC, 0xF8, 0x1F, 0x8F, 0x03, 0xF0, 0xF0, 0x7E, 0x1F, 0x0F, 0xC1, 0xF1, 0xF8, 0x1E, 0x3F, 0x03,
    0xE7, 0xE0, 0x3E, 0xFC, 0x03, 0xDF, 0x80, 0x3F, 0xF0, 0x07, 0xFE, 0x00, 0x7F, 0xC0, 0x07, 0xF8,
    0x00, 0xFF, 0x00, 0x0F, 0xE0, 0x00, 0xE0, 0x00, 0x00, 0x00, 0x78, 0x01, 0xF8, 0x0F, 0xF0, 0x0F,
    0x80, 0x0C, 0x00, 0x00, 0x00, 0x00, 0x00, 0xF3, 0xF8, 0xF7, 0xFC, 0xFF, 0xFE, 0xFC, 0x1E, 0xF0,
    0x0E, 0xF0, 0x0E, 0xF0, 0x0E, 0xF0, 0x0E, 0xF0, 0x0E, 0xF0, 0x0E, 0xF0, 0x0E, 0xF0, 0x0E, 0xF0,
    0x0E, 0xF0, 0x0E, 0xF0, 0x0E, 0xF0, 0x0E, 0xF0, 0x0E, 0xF0, 0x0E, 0xF0, 0x00, 0xFE, 0x00, 0x1F,
    0xE0, 0x03, 0xFE, 0x00, 0x7F, 0xC0, 0x0F, 0xFC, 0x01, 0xFF, 0xC0, 0x3F, 0x78, 0x07, 0xE7, 0x80,
    0xFC, 0xF8, 0x1F, 0x8F, 0x03, 0xF0, 0xF0, 0x7E, 0x1F, 0x0F, 0xC1, 0xF1, 0xF8, 0x1E, 0x3F, 0x03,
    0xE7, 0xE0, 0x3E, 0xFC, 0x03, 0xDF, 0x80, 0x3F, 0xF0, 0x07, 0xFE, 0x00, 0x7F, 0xC0, 0x07, 0xF8,
    0x00, 0xFF, 0x00, 0x0F, 0xE0, 0x00, 0xE0, 0x00, 0x00, 0x00, 0x00, 0x00, 0x70, 0x00, 0x0E, 0x00,
    0x01, 0xC0, 0x00, 0x38, 0x00, 0x06, 0x00, 0x00, 0xC0, 0x00, 0xF3, 0xF8, 0xF7, 0xFC, 0xFF, 0xFE,
    0xFC, 0x1E, 0xF0, 0x0E, 0xF0, 0x0E, 0xF0, 0x0E, 0xF0, 0x0E, 0xF0, 0x0E, 0xF0, 0x0E, 0xF0, 0x0E,
    0xF0, 0x0E, 0xF0, 0x0E, 0xF0, 0x0E, 0xF0, 0x0E, 0xF0, 0x0E, 0xF0, 0x0E, 0xF0, 0x0E, 0x00, 0x00,
    0x00, 0x00, 0x03, 0x80, 0x03, 0xC0, 0x03, 0xC0, 0x01, 0xC0, 0x01, 0x80, 0x03, 0x00, 0x07, 0x0E,
    0x00, 0x73, 0x80, 0x07, 0xE0, 0x00, 0x78, 0x00, 0x00, 0x00, 0x00, 0x00, 0x00, 0x00, 0x07, 0x80,
    0x07, 0xF0, 0x00, 0xFF, 0x00, 0x1F, 0xF0, 0x03, 0xFE, 0x00, 0x7F, 0xE0, 0x0F, 0xFE, 0x01, 0xFB,
    0xC0, 0x3F, 0x3C, 0x07, 0xE7, 0xC0, 0xFC, 0x78, 0x1F, 0x87, 0x83, 0xF0, 0xF8, 0x7E, 0x0F, 0x8F,
    0xC0, 0xF1, 0xF8, 0x1F, 0x3F, 0x01, 0xF7, 0xE0, 0x1E, 0xFC, 0x01, 0xFF, 0x80, 0x3F, 0xF0, 0x03,
    0xFE, 0x00, 0x3F, 0xC0, 0x07, 0xF8, 0x00, 0x7F, 0x00, 0x07, 0x1C, 0x38, 0x0E, 0x70, 0x07, 0xE0,
    0x03, 0xC0, 0x00, 0x00, 0x00, 0x00, 0x00, 0x00, 0xF3, 0xF8, 0xF7, 0xFC, 0xFF, 0xFE, 0xFC, 0x1E,
    0xF0, 0x0E, 0xF0, 0x0E, 0xF0, 0x0E, 0xF0, 0x0E, 0xF0, 0x0E, 0xF0, 0x0E, 0xF0, 0x0E, 0xF0, 0x0E,
    0xF0, 0x0E, 0xF0, 0x0E, 0xF0, 0x0E, 0xF0, 0x0E, 0xF0, 0x0E, 0xF0, 0x0E, 0xE0, 0x00, 0x1C, 0x00,
    0x03, 0x80, 0x00, 0x70, 0x00, 0x0E, 0x00, 0x00, 0xC0, 0x00, 0x38, 0x00, 0x06, 0xF3, 0xF8, 0xDE,
    0xFF, 0x9B, 0xFF, 0xF8, 0x7E, 0x0F, 0x0F, 0x00, 0xE1, 0xE0, 0x1C, 0x3C, 0x03, 0x87, 0x80, 0x70,
    0xF0, 0x0E, 0x1E, 0x01, 0xC3, 0xC0, 0x38, 0x78, 0x07, 0x0F, 0x00, 0xE1, 0xE0, 0x1C, 0x3C, 0x03,
    0x87, 0x80, 0x70, 0xF0, 0x0E, 0x1E, 0x01, 0xC0, 0xF0, 0x00, 0xFE, 0x00, 0x1F, 0xE0, 0x03, 0xFE,
    0x00, 0x7F, 0xC0, 0x0F, 0xFC, 0x01, 0xFF, 0xC0, 0x3F, 0x7C, 0x07, 0xE7, 0x80, 0xFC, 0xF8, 0x1F,
    0x8F, 0x83, 0xF0, 0xF0, 0x7E, 0x1F, 0x0F, 0xC1, 0xF1, 0xF8, 0x1E, 0x3F, 0x01, 0xE7, 0xE0, 0x3E,
    0xFC, 0x03, 0xFF, 0x80, 0x3F, 0xF0, 0x07, 0xFE, 0x00, 0x7F, 0xC0, 0x07, 0xF8, 0x00, 0xFF, 0x00,
    0x0F, 0xE0, 0x00, 0xE0, 0x00, 0x1C, 0x00, 0x03, 0x80, 0x00, 0xF0, 0x03, 0xFE, 0x00, 0x7F, 0x80,
    0x0F, 0xE0, 0xF3, 0xF8, 0xF7, 0xFC, 0xFF, 0xFE, 0xFC, 0x1E, 0xF0, 0x0E, 0xF0, 0x0E, 0xF0, 0x0E,
    0xF0, 0x0E, 0xF0, 0x0E, 0xF0, 0x0E, 0xF0, 0x0E, 0xF0, 0x0E, 0xF0, 0x0E, 0xF0, 0x0E, 0xF0, 0x0E,
    0xF0, 0x0E, 0xF0, 0x0E, 0xF0, 0x0E, 0x00, 0x0E, 0x00, 0x0E, 0x00, 0x0E, 0x00, 0xFE, 0x00, 0xFC,
    0x00, 0xF8, 0x03, 0xFF, 0x00, 0x1F, 0xFC, 0x00, 0x3F, 0xF0, 0x00, 0x00, 0x00, 0x00, 0x00, 0x00,
    0x00, 0x00, 0x00, 0x00, 0x00, 0x00, 0xFF, 0x80, 0x0F, 0xFF, 0x80, 0x7F, 0xFF, 0x03, 0xE0, 0x3E,
    0x0F, 0x00, 0x7C, 0x78, 0x00, 0xF1, 0xE0, 0x01, 0xEF, 0x80, 0x07, 0xBC, 0x00, 0x1E, 0xF0, 0x00,
    0x7B, 0xC0, 0x01, 0xFF, 0x00, 0x03, 0xFC, 0x00, 0x0F, 0xF0, 0x00, 0x3F, 0xC0, 0x00, 0xFF, 0x00,
    0x07, 0xBC, 0x00, 0x1E, 0xF0, 0x00, 0x79, 0xE0, 0x01, 0xE7, 0x80, 0x0F, 0x1F, 0x00, 0x3C, 0x3E,
    0x01, 0xE0, 0x7F, 0x7F, 0x80, 0xFF, 0xF8, 0x01, 0xFF, 0xC0, 0x00, 0xF8, 0x00, 0x0F, 0xFC, 0x03,
    0xFF, 0x00, 0xFF, 0xC0, 0x00, 0x00, 0x00, 0x00, 0x00, 0x00, 0x00, 0x00, 0x00, 0x1F, 0xE0, 0x0F,
    0xFC, 0x07, 0xCF, 0x83, 0xC0, 0xF1, 0xE0, 0x1E, 0x70, 0x03, 0xBC, 0x00, 0xEF, 0x00, 0x3F, 0xC0,
    0x0F, 0xF0, 0x03, 0xFC, 0x00, 0xFF, 0x00, 0x3D, 0xC0, 0x0E, 0x78, 0x07, 0x9F, 0x03, 0xC3, 0xE1,
    0xF0, 0x7F, 0xF8, 0x0F, 0xFC, 0x00, 0x78, 0x00, 0x03, 0x87, 0x00, 0x0F, 0x3C, 0x00, 0x1F, 0xE0,
    0x00, 0x3F, 0x00, 0x00, 0x00, 0x00, 0x00, 0x00, 0x00, 0x00, 0x00, 0x00, 0xFF, 0x80, 0x0F, 0xFF,
    0x80, 0x7F, 0xFF, 0x03, 0xE0, 0x3E, 0x0F, 0x00, 0x7C, 0x78, 0x00, 0xF1, 0xE0, 0x01, 0xEF, 0x80,
    0x07, 0xBC, 0x00, 0x1E, 0xF0, 0x00, 0x7B, 0xC0, 0x01, 0xFF, 0x00, 0x03, 0xFC, 0x00, 0x0F, 0xF0,
    0x00, 0x3F, 0xC0, 0x00, 0xFF, 0x00, 0x07, 0xBC, 0x00, 0x1E, 0xF0, 0x00, 0x79, 0xE0, 0x01, 0xE7,
    0x80, 0x0F, 0x1F, 0x00, 0x3C, 0x3E, 0x01, 0xE0, 0x7F, 0x7F, 0x80, 0xFF, 0xF8, 0x01, 0xFF, 0xC0,
    0x00, 0xF8, 0x00, 0x0E, 0x1C, 0x03, 0xCF, 0x00, 0x7F, 0x80, 0x0F, 0xC0, 0x00, 0x00, 0x00, 0x00,
    0x00, 0x00, 0x00, 0x1F, 0xE0, 0x0F, 0xFC, 0x07, 0xCF, 0x83, 0xC0, 0xF1, 0xE0, 0x1E, 0x70, 0x03,
    0xBC, 0x00, 0xEF, 0x00, 0x3F, 0xC0, 0x0F, 0xF0, 0x03, 0xFC, 0x00, 0xFF, 0x00, 0x3D, 0xC0, 0x0E,
    0x78, 0x07, 0x9F, 0x03, 0xC3, 0xE1, 0xF0, 0x7F, 0xF8, 0x0F, 0xFC, 0x00, 0x78, 0x00, 0x00, 0x00,
    0x00, 0x00, 0xC6, 0x00, 0x07, 0x3C, 0x00, 0x3D, 0xE0, 0x01, 0xEF, 0x00, 0x0E, 0x38, 0x00, 0x30,
    0xC0, 0x00, 0x00, 0x00, 0x03, 0xFE, 0x00, 0x3F, 0xFE, 0x01, 0xFF, 0xFC, 0x0F, 0x80, 0xF8, 0x3C,
    0x01, 0xF1, 0xE0, 0x03, 0xC7, 0x80, 0x07, 0xBE, 0x00, 0x1E, 0xF0, 0x00, 0x7B, 0xC0, 0x01, 0xEF,
    0x00, 0x07, 0xFC, 0x00, 0x0F, 0xF0, 0x00, 0x3F, 0xC0, 0x00, 0xFF, 0x00, 0x03, 0xFC, 0x00, 0x1E,
    0xF0, 0x00, 0x7B, 0xC0, 0x01, 0xE7, 0x80, 0x07, 0x9E, 0x00, 0x3C, 0x7C, 0x00, 0xF0, 0xF8, 0x07,
    0x81, 0xFD, 0xFE, 0x03, 0xFF, 0xE0, 0x07, 0xFF, 0x00, 0x03, 0xE0, 0x00, 0x00, 0x00, 0x00, 0x31,
    0x80, 0x1E, 0xF0, 0x0F, 0x7C, 0x07, 0x9C, 0x03, 0xCE, 0x00, 0x43, 0x00, 0x00, 0x00, 0x07, 0xF8,
    0x03, 0xFF, 0x01, 0xF3, 0xE0, 0xF0, 0x3C, 0x78, 0x07, 0x9C, 0x00, 0xEF, 0x00, 0x3B, 0xC0, 0x0F,
    0xF0, 0x03, 0xFC, 0x00, 0xFF, 0x00, 0x3F, 0xC0, 0x0F, 0x70, 0x03, 0x9E, 0x01, 0xE7, 0xC0, 0xF0,
    0xF8, 0x7C, 0x1F, 0xFE, 0x03, 0xFF, 0x00, 0x1E, 0x00, 0x00, 0x00, 0x00, 0x00, 0x00, 0xFF, 0x8F,
    0xFF, 0xF0, 0xFF, 0xFB, 0xFF, 0xFC, 0x7F, 0xFE, 0xFF, 0xFF, 0x3E, 0x03, 0xFC, 0x00, 0x0F, 0x00,
    0x3F, 0x00, 0x07, 0x80, 0x0F, 0xC0, 0x01, 0xE0, 0x01, 0xF0, 0x00, 0xF8, 0x00, 0x7C, 0x00, 0x3C,
    0x00, 0x1F, 0x00, 0x0F, 0x00, 0x03, 0xC0, 0x03, 0xC0, 0x00, 0xF0, 0x00, 0xF0, 0x00, 0x3F, 0xFE,
    0x3C, 0x00, 0x0F, 0xFF, 0x8F, 0x00, 0x03, 0xFF, 0xE3, 0xC0, 0x00, 0xF0, 0x00, 0xF0, 0x00, 0x3C,
    0x00, 0x3C, 0x00, 0x1F, 0x00, 0x0F, 0x00, 0x07, 0xC0, 0x01, 0xE0, 0x01, 0xF0, 0x00, 0x78, 0x00,
    0xFC, 0x00, 0x1F, 0x00, 0x3F, 0x00, 0x03, 0xE0, 0x1F, 0xC0, 0x00, 0x7F, 0x7F, 0xFF, 0xFF, 0x0F,
    0xFF, 0xBF, 0xFF, 0xC1, 0xFF, 0xCF, 0xFF, 0xF0, 0x0F, 0x80, 0x00, 0x00, 0x07, 0xF8, 0x1F, 0xE0,
    0x1F, 0xF8, 0x7F, 0xE0, 0x7C, 0xF9, 0xF3, 0xE1, 0xE0, 0x7F, 0x81, 0xE7, 0x80, 0x7E, 0x01, 0xCE,
    0x00, 0x78, 0x03, 0xFC, 0x00, 0xF0, 0x03, 0xF8, 0x01, 0xE0, 0x07, 0xF0, 0x03, 0xFF, 0xFF, 0xE0,
    0x07, 0xFF, 0xFF, 0xC0, 0x0F, 0x00, 0x07, 0x80, 0x1E, 0x00, 0x07, 0x00, 0x3C, 0x00, 0x0F, 0x00,
    0xFC, 0x01, 0x9F, 0x03, 0xFC, 0x07, 0x9F, 0x0F, 0xFC, 0x3E, 0x1F, 0xFE, 0x7F, 0xF8, 0x1F, 0xF0,
    0x7F, 0xE0, 0x07, 0x80, 0x1E, 0x00, 0x00, 0x00, 0x00, 0x07, 0x00, 0x07, 0xE0, 0x03, 0xFC, 0x00,
    0xF8, 0x00, 0x18, 0x00, 0x00, 0x00, 0x00, 0x00, 0x00, 0xFF, 0xFC, 0x1F, 0xFF, 0xE3, 0xFF, 0xFE,
    0x78, 0x03, 0xEF, 0x00, 0x3D, 0xE0, 0x07, 0xFC, 0x00, 0xFF, 0x80, 0x1F, 0xF0, 0x03, 0xDE, 0x00,
    0x7B, 0xC0, 0x3F, 0x7F, 0xFF, 0xCF, 0xFF, 0xF1, 0xFF, 0xF8, 0x3C, 0x0F, 0x07, 0x81, 0xE0, 0xF0,
    0x1E, 0x1E, 0x03, 0xC3, 0xC0, 0x3C, 0x78, 0x07, 0x8F, 0x00, 0xF9, 0xE0, 0x0F, 0x3C, 0x01, 0xE7,
    0x80, 0x1E, 0xF0, 0x03, 0xC0, 0x00, 0x00, 0xF0, 0xFD, 0xFE, 0xFC, 0x18, 0x00, 0x00, 0x00, 0xF3,
    0xFD, 0xFF, 0xFF, 0xF0, 0xF8, 0x3C, 0x0F, 0x03, 0xC0, 0xF0, 0x3C, 0x0F, 0x03, 0xC0, 0xF0, 0x3C,
    0x0F, 0x03, 0xC0, 0xF0, 0x3C, 0x00, 0xFF, 0xFC, 0x1F, 0xFF, 0xE3, 0xFF, 0xFE, 0x78, 0x03, 0xEF,
    0x00, 0x3D, 0xE0, 0x07, 0xFC, 0x00, 0xFF, 0x80, 0x1F, 0xF0, 0x03, 0xDE, 0x00, 0x7B, 0xC0, 0x3F,
    0x7F, 0xFF, 0xCF, 0xFF, 0xF1, 0xFF, 0xF8, 0x3C, 0x0F, 0x07, 0x81, 0xE0, 0xF0, 0x1E, 0x1E, 0x03,
    0xC3, 0xC0, 0x3C, 0x78, 0x07, 0x8F, 0x00, 0xF9, 0xE0, 0x0F, 0x3C, 0x01, 0xE7, 0x80, 0x1E, 0xF0,
    0x03, 0xC0, 0x00, 0x00, 0x00, 0x00, 0x00, 0xE0, 0x00, 0x1C, 0x00, 0x03, 0x80, 0x00, 0x70, 0x00,
    0x0E, 0x00, 0x01, 0x80, 0x00, 0xF3, 0xFD, 0xFF, 0xFF, 0xF0, 0xF8, 0x3C, 0x0F, 0x03, 0xC0, 0xF0,
    0x3C, 0x0F, 0x03, 0xC0, 0xF0, 0x3C, 0x0F, 0x03, 0xC0, 0xF0, 0x3C, 0x00, 0x00, 0x00, 0x70, 0x3C,
    0x0F, 0x01, 0xC0, 0x60, 0x18, 0x00, 0x1E, 0x38, 0x01, 0xEF, 0x00, 0x1F, 0xC0, 0x01, 0xF0, 0x00,
    0x00, 0x00, 0x00, 0x00, 0x00, 0x00, 0x07, 0xFF, 0xE0, 0xFF, 0xFF, 0x1F, 0xFF, 0xF3, 0xC0, 0x1F,
    0x78, 0x01, 0xEF, 0x00, 0x3F, 0xE0, 0x07, 0xFC, 0x00, 0xFF, 0x80, 0x1E, 0xF0, 0x03, 0xDE, 0x01,
    0xFB, 0xFF, 0xFE, 0x7F, 0xFF, 0x8F, 0xFF, 0xC1, 0xE0, 0x78, 0x3C, 0x0F, 0x07, 0x80, 0xF0, 0xF0,
    0x1E, 0x1E, 0x01, 0xE3, 0xC0, 0x3C, 0x78, 0x07, 0xCF, 0x00, 0x79, 0xE0, 0x0F, 0x3C, 0x00, 0xF7,
    0x80, 0x1E, 0xE1, 0xCE, 0x70, 0xFC, 0x0F, 0x00, 0x00, 0x00, 0x00, 0x07, 0x9E, 0xF7, 0xDF, 0xFB,
    0xF0, 0x7C, 0x0F, 0x01, 0xE0, 0x3C, 0x07, 0x80, 0xF0, 0x1E, 0x03, 0xC0, 0x78, 0x0F, 0x01, 0xE0,
    0x3C, 0x07, 0x80, 0xF0, 0x00, 0x00, 0x00, 0x00, 0x03, 0x80, 0x01, 0xF8, 0x01, 0xFE, 0x00, 0x7E,
    0x00, 0x06, 0x00, 0x00, 0x00, 0x00, 0x00, 0x00, 0x07, 0xFE, 0x01, 0xFF, 0xE0, 0x7F, 0xFF, 0x1F,
    0x03, 0xE3, 0xC0, 0x1C, 0xF0, 0x00, 0x1E, 0x00, 0x03, 0xC0, 0x00, 0x7C, 0x00, 0x07, 0xC0, 0x00,
    0xFF, 0x00, 0x0F, 0xFC, 0x00, 0xFF, 0xE0, 0x03, 0xFF, 0x00, 0x1F, 0xF0, 0x00, 0x7E, 0x00, 0x03,
    0xE0, 0x00, 0x3C, 0x00, 0x07, 0x90, 0x00, 0xFF, 0x00, 0x1E, 0xF0, 0x07, 0x9F, 0xEF, 0xF1, 0xFF,
    0xFC, 0x0F, 0xFE, 0x00, 0x3E, 0x00, 0x00, 0x00, 0x00, 0x78, 0x01, 0xF8, 0x0F, 0xF0, 0x0F, 0x80,
    0x0C, 0x00, 0x00, 0x00, 0x00, 0x00, 0x0F, 0xF8, 0x1F, 0xFC, 0x3E, 0x3E, 0x38, 0x0E, 0x78, 0x04,
    0x78, 0x00, 0x7C, 0x00, 0x3F, 0x80, 0x1F, 0xF0, 0x0F, 0xFC, 0x01, 0xFE, 0x00, 0x1F, 0x00, 0x0F,
    0x60, 0x0F, 0x70, 0x0F, 0x7C, 0x1E, 0x3F, 0xFC, 0x1F, 0xF8, 0x03, 0xC0, 0x00, 0xF0, 0x00, 0x3F,
    0x00, 0x0F, 0xF0, 0x03, 0xCF, 0x00, 0x00, 0x00, 0x00, 0x00, 0x00, 0x00, 0x00, 0x3F, 0xF0, 0x0F,
    0xFF, 0x03, 0xFF, 0xF8, 0xF8, 0x1F, 0x1E, 0x00, 0xE7, 0x80, 0x00, 0xF0, 0x00, 0x1E, 0x00, 0x03,
    0xE0, 0x00, 0x3E, 0x00, 0x07, 0xF8, 0x00, 0x7F, 0xE0, 0x07, 0xFF, 0x00, 0x1F, 0xF8, 0x00, 0xFF,
    0x80, 0x03, 0xF0, 0x00, 0x1F, 0x00, 0x01, 0xE0, 0x00, 0x3C, 0x80, 0x07, 0xF8, 0x00, 0xF7, 0x80,
    0x3C, 0xFF, 0x7F, 0x8F, 0xFF, 0xE0, 0x7F, 0xF0, 0x01, 0xF0, 0x00, 0x03, 0xC0, 0x07, 0xE0, 0x0F,
    0xF0, 0x1E, 0x78, 0x00, 0x00, 0x00, 0x00, 0x00, 0x00, 0x0F, 0xF8, 0x1F, 0xFC, 0x3E, 0x3E, 0x38,
    0x0E, 0x78, 0x04, 0x78, 0x00, 0x7C, 0x00, 0x3F, 0x80, 0x1F, 0xF0, 0x0F, 0xFC, 0x01, 0xFE, 0x00,
    0x1F, 0x00, 0x0F, 0x60, 0x0F, 0x70, 0x0F, 0x7C, 0x1E, 0x3F, 0xFC, 0x1F, 0xF8, 0x03, 0xC0, 0x00,
    0x00, 0x00, 0xFF, 0xC0, 0x3F, 0xFC, 0x0F, 0xFF, 0xE3, 0xE0, 0x7C, 0x78, 0x03, 0x9E, 0x00, 0x03,
    0xC0, 0x00, 0x78, 0x00, 0x0F, 0x80, 0x00, 0xF8, 0x00, 0x1F, 0xE0, 0x01, 0xFF, 0x80, 0x1F, 0xFC,
    0x00, 0x7F, 0xE0, 0x03, 0xFE, 0x00, 0x0F, 0xC0, 0x00, 0x7C, 0x00, 0x07, 0x80, 0x00, 0xF2, 0x00,
    0x1F, 0xE0, 0x03, 0xDE, 0x00, 0xF3, 0xFD, 0xFE, 0x3F, 0xFF, 0x81, 0xFF, 0xC0, 0x07, 0xC0, 0x00,
    0x70, 0x00, 0x0F, 0x80, 0x00, 0x70, 0x00, 0x06, 0x00, 0x1F, 0xC0, 0x03, 0xF0, 0x00, 0x0F, 0xF8,
    0x1F, 0xFC, 0x3E, 0x3E, 0x38, 0x0E, 0x78, 0x04, 0x78, 0x00, 0x7C, 0x00, 0x3F, 0x80, 0x1F, 0xF0,
    0x0F, 0xFC, 0x01, 0xFE, 0x00, 0x1F, 0x00, 0x0F, 0x60, 0x0F, 0x70, 0x0F, 0x7C, 0x1E, 0x3F, 0xFC,
    0x1F, 0xF8, 0x03, 0xC0, 0x03, 0x80, 0x03, 0xE0, 0x00, 0xF0, 0x00, 0x70, 0x0F, 0xE0, 0x07, 0xE0,
    0x07, 0x0E, 0x00, 0x73, 0x80, 0x07, 0xE0, 0x00, 0x78, 0x00, 0x00, 0x00, 0x00, 0x00, 0x00, 0x00,
    0x00, 0x3F, 0xF0, 0x0F, 0xFF, 0x03, 0xFF, 0xF8, 0xF8, 0x1F, 0x1E, 0x00, 0xE7, 0x80, 0x00, 0xF0,
    0x00, 0x1E, 0x00, 0x03, 0xE0, 0x00, 0x3E, 0x00, 0x07, 0xF8, 0x00, 0x7F, 0xE0, 0x07, 0xFF, 0x00,
    0x1F, 0xF8, 0x00, 0xFF, 0x80, 0x03, 0xF0, 0x00, 0x1F, 0x00, 0x01, 0xE0, 0x00, 0x3C, 0x80, 0x07,
    0xF8, 0x00, 0xF7, 0x80, 0x3C, 0xFF, 0x7F, 0x8F, 0xFF, 0xE0, 0x7F, 0xF0, 0x01, 0xF0, 0x00, 0x1C,
    0x38, 0x0E, 0x70, 0x07, 0xE0, 0x03, 0xC0, 0x00, 0x00, 0x00, 0x00, 0x00, 0x00, 0x0F, 0xF8, 0x1F,
    0xFC, 0x3E, 0x3E, 0x38, 0x0E, 0x78, 0x04, 0x78, 0x00, 0x7C, 0x00, 0x3F, 0x80, 0x1F, 0xF0, 0x0F,
    0xFC, 0x01, 0xFE, 0x00, 0x1F, 0x00, 0x0F, 0x60, 0x0F, 0x70, 0x0F, 0x7C, 0x1E, 0x3F, 0xFC, 0x1F,
    0xF8, 0x03, 0xC0, 0xFF, 0xFF, 0xEF, 0xFF, 0xFF, 0xFF, 0xFF, 0xE0, 0x0F, 0x00, 0x00, 0xF0, 0x00,
    0x0F, 0x00, 0x00, 0xF0, 0x00, 0x0F, 0x00, 0x00, 0xF0, 0x00, 0x0F, 0x00, 0x00, 0xF0, 0x00, 0x0F,
    0x00, 0x00, 0xF0, 0x00, 0x0F, 0x00, 0x00, 0xF0, 0x00, 0x0F, 0x00, 0x00, 0xF0, 0x00, 0x0F, 0x00,
    0x00, 0xF0, 0x00, 0x0F, 0x00, 0x00, 0xF0, 0x00, 0x0F, 0x00, 0x00, 0xF0, 0x00, 0x0F, 0x00, 0x00,
    0xF0, 0x00, 0x06, 0x00, 0x00, 0xE0, 0x00, 0x0F, 0x80, 0x00, 0x38, 0x00, 0x01, 0x80, 0x03, 0xF8,
    0x00, 0x3F, 0x00, 0x0E, 0x00, 0xE0, 0x0E, 0x00, 0xE0, 0x0E, 0x00, 0xE0, 0x7F, 0xFF, 0xFF, 0x7F,
    0xF0, 0xE0, 0x0E, 0x00, 0xE0, 0x0E, 0x00, 0xE0, 0x0E, 0x00, 0xE0, 0x0E, 0x00, 0xE0, 0x0E, 0x00,
    0xE0, 0x0E, 0x00, 0xF8, 0x0F, 0xF0, 0x7F, 0x01, 0x80, 0x38, 0x03, 0xE0, 0x0E, 0x00, 0x60, 0xFE,
    0x0F, 0xC0, 0x07, 0x0E, 0x00, 0x39, 0xC0, 0x01, 0xF8, 0x00, 0x0F, 0x00, 0x00, 0x00, 0x00, 0x00,
    0x00, 0x00, 0x00, 0x0F, 0xFF, 0xFE, 0xFF, 0xFF, 0xFF, 0xFF, 0xFE, 0x00, 0xF0, 0x00, 0x0F, 0x00,
    0x00, 0xF0, 0x00, 0x0F, 0x00, 0x00, 0xF0, 0x00, 0x0F, 0x00, 0x00, 0xF0, 0x00, 0x0F, 0x00, 0x00,
    0xF0, 0x00, 0x0F, 0x00, 0x00, 0xF0, 0x00, 0x0F, 0x00, 0x00, 0xF0, 0x00, 0x0F, 0x00, 0x00, 0xF0,
    0x00, 0x0F, 0x00, 0x00, 0xF0, 0x00, 0x0F, 0x00, 0x00, 0xF0, 0x00, 0x0F, 0x00, 0x00, 0xF0, 0x00,
    0x0F, 0x00, 0x00, 0x38, 0x01, 0xC3, 0x8E, 0x1C, 0x70, 0xE3, 0x07, 0x18, 0x39, 0xC1, 0xC0, 0x7F,
    0xF7, 0xFF, 0x9F, 0xFC, 0x1C, 0x00, 0xE0, 0x07, 0x00, 0x38, 0x01, 0xC0, 0x0E, 0x00, 0x70, 0x03,
    0x80, 0x1C, 0x00, 0xE0, 0x07, 0x00, 0x38, 0x01, 0xF0, 0x0F, 0xF0, 0x3F, 0x80, 0xFF, 0xFF, 0xEF,
    0xFF, 0xFF, 0xFF, 0xFF, 0xE0, 0x0F, 0x00, 0x00, 0xF0, 0x00, 0x0F, 0x00, 0x00, 0xF0, 0x00, 0x0F,
    0x00, 0x00, 0xF0, 0x00, 0x0F, 0x00, 0x00, 0xF0, 0x01, 0xFF, 0xF8, 0x1F, 0xFF, 0x81, 0xFF, 0xF8,
    0x00, 0xF0, 0x00, 0x0F, 0x00, 0x00, 0xF0, 0x00, 0x0F, 0x00, 0x00, 0xF0, 0x00, 0x0F, 0x00, 0x00,
    0xF0, 0x00, 0x0F, 0x00, 0x00, 0xF0, 0x00, 0x0F, 0x00, 0x00, 0xF0, 0x00, 0x0E, 0x00, 0xE0, 0x0E,
    0x00, 0xE0, 0x0E, 0x00, 0xE0, 0x7F, 0xFF, 0xFF, 0x7F, 0xF0, 0xE0, 0x0E, 0x00, 0xE0, 0x0E, 0x07,
    0xFE, 0x7F, 0xE0, 0xE0, 0x0E, 0x00, 0xE0, 0x0E, 0x00, 0xE0, 0x0E, 0x00, 0xF8, 0x0F, 0xF0, 0x7F,
    0x03, 0xC2, 0x00, 0xFF, 0xC0, 0x1F, 0xF8, 0x00, 0x04, 0x00, 0x00, 0x00, 0x00, 0x00, 0x00, 0x00,
    0x03, 0x80, 0x07, 0x70, 0x00, 0xEE, 0x00, 0x1D, 0xC0, 0x03, 0xB8, 0x00, 0x77, 0x00, 0x0E, 0xE0,
    0x01, 0xDC, 0x00, 0x3B, 0x80, 0x07, 0x70, 0x00, 0xEE, 0x00, 0x1D, 0xC0, 0x03, 0xB8, 0x00, 0x77,
    0x00, 0x0E, 0xE0, 0x01, 0xDC, 0x00, 0x3B, 0x80, 0x07, 0x70, 0x00, 0xEF, 0x00, 0x1D, 0xE0, 0x07,
    0xBC, 0x00, 0xF3, 0xC0, 0x3C, 0x7F, 0xFF, 0x87, 0xFF, 0xE0, 0x7F, 0xF0, 0x01, 0xF0, 0x00, 0x1E,
    0x10, 0x7F, 0xE0, 0xFF, 0xC0, 0x02, 0x00, 0x00, 0x00, 0x00, 0x00, 0x00, 0x70, 0x07, 0xF0, 0x0F,
    0xE0, 0x1F, 0xC0, 0x3F, 0x80, 0x7F, 0x00, 0xFE, 0x01, 0xFC, 0x03, 0xF8, 0x07, 0xF0, 0x0F, 0xE0,
    0x1F, 0xC0, 0x3F, 0x80, 0x7F, 0x01, 0xFE, 0x07, 0xFE, 0x3F, 0xBF, 0xF7, 0x3F, 0xCE, 0x1C, 0x00,
    0x07, 0xFE, 0x00, 0xFF, 0xC0, 0x1F, 0xF8, 0x00, 0x00, 0x00, 0x00, 0x00, 0x00, 0x00, 0x00, 0x00,
    0x03, 0x80, 0x07, 0x70, 0x00, 0xEE, 0x00, 0x1D, 0xC0, 0x03, 0xB8, 0x00, 0x77, 0x00, 0x0E, 0xE0,
    0x01, 0xDC, 0x00, 0x3B, 0x80, 0x07, 0x70, 0x00, 0xEE, 0x00, 0x1D, 0xC0, 0x03, 0xB8, 0x00, 0x77,
    0x00, 0x0E, 0xE0, 0x01, 0xDC, 0x00, 0x3B, 0x80, 0x07, 0x70, 0x00, 0xEF, 0x00, 0x1D, 0xE0, 0x07,
    0xBC, 0x00, 0xF3, 0xC0, 0x3C, 0x7F, 0xFF, 0x87, 0xFF, 0xE0, 0x7F, 0xF0, 0x01, 0xF0, 0x00, 0x3F,
    0xF0, 0x7F, 0xF0, 0xFF, 0xC0, 0x00, 0x00, 0x00, 0x00, 0x00, 0x00, 0x00, 0x70, 0x07, 0xF0, 0x0F,
    0xE0, 0x1F, 0xC0, 0x3F, 0x80, 0x7F, 0x00, 0xFE, 0x01, 0xFC, 0x03, 0xF8, 0x07, 0xF0, 0x0F, 0xE0,
    0x1F, 0xC0, 0x3F, 0x80, 0x7F, 0x01, 0xFE, 0x07, 0xFE, 0x3F, 0xBF, 0xF7, 0x3F, 0xCE, 0x1C, 0x00,
    0x07, 0x0E, 0x00, 0xF3, 0xC0, 0x0F, 0xF0, 0x00, 0xFC, 0x00, 0x00, 0x00, 0x00, 0x00, 0x00, 0x00,
    0x03, 0x80, 0x07, 0x70, 0x00, 0xEE, 0x00, 0x1D, 0xC0, 0x03, 0xB8, 0x00, 0x77, 0x00, 0x0E, 0xE0,
    0x01, 0xDC, 0x00, 0x3B, 0x80, 0x07, 0x70, 0x00, 0xEE, 0x00, 0x1D, 0xC0, 0x03, 0xB8, 0x00, 0x77,
    0x00, 0x0E, 0xE0, 0x01, 0xDC, 0x00, 0x3B, 0x80, 0x07, 0x70, 0x00, 0xEF, 0x00, 0x1D, 0xE0, 0x07,
    0xBC, 0x00, 0xF3, 0xC0, 0x3C, 0x7F, 0xFF, 0x87, 0xFF, 0xE0, 0x7F, 0xF0, 0x01, 0xF0, 0x00, 0x38,
    0x70, 0x79, 0xE0, 0x7F, 0x80, 0x7E, 0x00, 0x00, 0x00, 0x00, 0x00, 0x00, 0x70, 0x07, 0xF0, 0x0F,
    0xE0, 0x1F, 0xC0, 0x3F, 0x80, 0x7F, 0x00, 0xFE, 0x01, 0xFC, 0x03, 0xF8, 0x07, 0xF0, 0x0F, 0xE0,
    0x1F, 0xC0, 0x3F, 0x80, 0x7F, 0x01, 0xFE, 0x07, 0xFE, 0x3F, 0xBF, 0xF7, 0x3F, 0xCE, 0x1C, 0x00,
    0x00, 0xF0, 0x00, 0x3F, 0x00, 0x0E, 0x70, 0x01, 0xCE, 0x00, 0x39, 0xC0, 0x03, 0xF8, 0x00, 0x7E,
    0x00, 0x03, 0x00, 0x00, 0x00, 0x0E, 0x00, 0x1D, 0xC0, 0x03, 0xB8, 0x00, 0x77, 0x00, 0x0E, 0xE0,
    0x01, 0xDC, 0x00, 0x3B, 0x80, 0x07, 0x70, 0x00, 0xEE, 0x00, 0x1D, 0xC0, 0x03, 0xB8, 0x00, 0x77,
    0x00, 0x0E, 0xE0, 0x01, 0xDC, 0x00, 0x3B, 0x80, 0x07, 0x70, 0x00, 0xEE, 0x00, 0x1D, 0xC0, 0x03,
    0xBC, 0x00, 0x77, 0x80, 0x1E, 0xF0, 0x03, 0xCF, 0x00, 0xF1, 0xFF, 0xFE, 0x1F, 0xFF, 0x81, 0xFF,
    0xC0, 0x07, 0xC0, 0x00, 0x07, 0x80, 0x1F, 0x80, 0x3B, 0x80, 0xE3, 0x01, 0xC6, 0x01, 0xFC, 0x03,
    0xF0, 0x01, 0x80, 0x00, 0x01, 0xC0, 0x1F, 0xC0, 0x3F, 0x80, 0x7F, 0x00, 0xFE, 0x01, 0xFC, 0x03,
    0xF8, 0x07, 0xF0, 0x0F, 0xE0, 0x1F, 0xC0, 0x3F, 0x80, 0x7F, 0x00, 0xFE, 0x01, 0xFC, 0x07, 0xF8,
    0x1F, 0xF8, 0xFE, 0xFF, 0xDC, 0xFF, 0x38, 0x70, 0x00, 0x00, 0x00, 0x00, 0x0C, 0x60, 0x03, 0xDE,
    0x00, 0xF3, 0xC0, 0x3C, 0xE0, 0x0F, 0x38, 0x00, 0x86, 0x00, 0x00, 0x00, 0x70, 0x00, 0xEE, 0x00,
    0x1D, 0xC0, 0x03, 0xB8, 0x00, 0x77, 0x00, 0x0E, 0xE0, 0x01, 0xDC, 0x00, 0x3B, 0x80, 0x07, 0x70,
    0x00, 0xEE, 0x00, 0x1D, 0xC0, 0x03, 0xB8, 0x00, 0x77, 0x00, 0x0E, 0xE0, 0x01, 0xDC, 0x00, 0x3B,
    0x80, 0x07, 0x70, 0x00, 0xEE, 0x00, 0x1D, 0xE0, 0x03, 0xBC, 0x00, 0xF7, 0x80, 0x1E, 0x78, 0x07,
    0x8F, 0xFF, 0xF0, 0xFF, 0xFC, 0x0F, 0xFE, 0x00, 0x3E, 0x00, 0x00, 0x00, 0x06, 0x18, 0x1E, 0x70,
    0x79, 0xE1, 0xE7, 0x03, 0x9C, 0x06, 0x30, 0x00, 0x00, 0xE0, 0x0F, 0xE0, 0x1F, 0xC0, 0x3F, 0x80,
    0x7F, 0x00, 0xFE, 0x01, 0xFC, 0x03, 0xF8, 0x07, 0xF0, 0x0F, 0xE0, 0x1F, 0xC0, 0x3F, 0x80, 0x7F,
    0x00, 0xFE, 0x03, 0xFC, 0x0F, 0xFC, 0x7F, 0x7F, 0xEE, 0x7F, 0x9C, 0x38, 0x00, 0x70, 0x00, 0xEE,
    0x00, 0x1D, 0xC0, 0x03, 0xB8, 0x00, 0x77, 0x00, 0x0E, 0xE0, 0x01, 0xDC, 0x00, 0x3B, 0x80, 0x07,
    0x70, 0x00, 0xEE, 0x00, 0x1D, 0xC0, 0x03, 0xB8, 0x00, 0x77, 0x00, 0x0E, 0xE0, 0x01, 0xDC, 0x00,
    0x3B, 0x80, 0x07, 0x70, 0x00, 0xEE, 0x00, 0x1D, 0xE0, 0x03, 0xBC, 0x00, 0xF7, 0x80, 0x1E, 0x78,
    0x07, 0x8F, 0xFF, 0xF0, 0xFF, 0xFC, 0x0F, 0xFE, 0x00, 0x3F, 0x00, 0x07, 0x80, 0x00, 0xE0, 0x00,
    0x1C, 0x40, 0x03, 0xF8, 0x00, 0x3E, 0x00, 0xE0, 0x0E, 0xF0, 0x0E, 0xF0, 0x0E, 0xF0, 0x0E, 0xF0,
    0x0E, 0xF0, 0x0E, 0xF0, 0x0E, 0xF0, 0x0E, 0xF0, 0x0E, 0xF0, 0x0E, 0xF0, 0x0E, 0xF0, 0x0E, 0xF0,
    0x0E, 0xF0, 0x1E, 0xF0, 0x3E, 0xF8, 0xFE, 0x7F, 0xEE, 0x3F, 0xCE, 0x0E, 0x3C, 0x00, 0x70, 0x00,
    0x70, 0x00, 0x73, 0x00, 0x7F, 0x00, 0x3E, 0x00, 0x01, 0xC0, 0x00, 0x00, 0x03, 0xF8, 0x00, 0x00,
    0x03, 0xDE, 0x00, 0x00, 0x03, 0xC7, 0x80, 0x00, 0x00, 0x00, 0x00, 0x00, 0x00, 0x00, 0x00, 0x00,
    0x00, 0x00, 0x00, 0x01, 0xE0, 0x03, 0xC0, 0x0F, 0xF0, 0x01, 0xE0, 0x07, 0x3C, 0x01, 0xF0, 0x03,
    0x9E, 0x00, 0xF8, 0x03, 0xCF, 0x00, 0x7E, 0x01, 0xE3, 0x80, 0x7F, 0x00, 0xE1, 0xE0, 0x3F, 0x80,
    0x70, 0xF0, 0x1D, 0xE0, 0x78, 0x78, 0x0E, 0xF0, 0x38, 0x1E, 0x0F, 0x78, 0x1C, 0x0F, 0x07, 0x1C,
    0x1E, 0x07, 0x83, 0x8F, 0x0F, 0x01, 0xC3, 0xC7, 0x87, 0x00, 0xF1, 0xC3, 0xC3, 0x80, 0x78, 0xE0,
    0xE3, 0xC0, 0x3C, 0x70, 0x79, 0xC0, 0x0F, 0x78, 0x3C, 0xE0, 0x07, 0xB8, 0x0E, 0xF0, 0x03, 0xDC,
    0x07, 0xF8, 0x00, 0xFE, 0x03, 0xF8, 0x00, 0x7E, 0x01, 0xFC, 0x00, 0x3F, 0x00, 0x7E, 0x00, 0x1F,
    0x80, 0x3E, 0x00, 0x07, 0xC0, 0x1F, 0x00, 0x03, 0xC0, 0x07, 0x80, 0x00, 0x3C, 0x00, 0x00, 0x3F,
    0x00, 0x00, 0x3D, 0xC0, 0x00, 0x3C, 0x70, 0x00, 0x00, 0x00, 0x00, 0x00, 0x00, 0x00, 0x00, 0x00,
    0x01, 0xC0, 0x38, 0x07, 0xF0, 0x1C, 0x03, 0xF8, 0x1F, 0x03, 0xBC, 0x0F, 0x81, 0xCE, 0x07, 0xC0,
    0xE7, 0x87, 0xF0, 0xE3, 0xC3, 0xB8, 0x70, 0xE1, 0xDC, 0x38, 0x78, 0xCF, 0x1C, 0x3C, 0xE3, 0x9C,
    0x0E, 0x71, 0xCE, 0x07, 0xB8, 0xF7, 0x03, 0xF8, 0x7F, 0x00, 0xFC, 0x1F, 0x80, 0x7E, 0x0F, 0xC0,
    0x3E, 0x07, 0xC0, 0x0F, 0x01, 0xE0, 0x07, 0x80, 0xF0, 0x00, 0x00, 0xF0, 0x00, 0x0F, 0xC0, 0x00,
    0xF7, 0x00, 0x0F, 0x1C, 0x00, 0x00, 0x00, 0x00, 0x00, 0x00, 0x00, 0x00, 0x1E, 0x00, 0x0E, 0xF8,
    0x00, 0xF3, 0xC0, 0x07, 0x0F, 0x00, 0x78, 0x7C, 0x07, 0x81, 0xE0, 0x3C, 0x0F, 0x83, 0xC0, 0x3C,
    0x1C, 0x00, 0xF1, 0xE0, 0x07, 0x8E, 0x00, 0x1E, 0xF0, 0x00, 0xFF, 0x00, 0x03, 0xF0, 0x00, 0x0F,
    0x80, 0x00, 0x78, 0x00, 0x03, 0xC0, 0x00, 0x1E, 0x00, 0x00, 0xF0, 0x00, 0x07, 0x80, 0x00, 0x3C,
    0x00, 0x01, 0xE0, 0x00, 0x0F, 0x00, 0x00, 0x78, 0x00, 0x03, 0xC0, 0x00, 0x1E, 0x00, 0x01, 0xE0,
    0x01, 0xF8, 0x01, 0xFE, 0x01, 0xE7, 0x80, 0x00, 0x00, 0x00, 0x00, 0x00, 0x00, 0xE0, 0x07, 0x78,
    0x03, 0xBC, 0x03, 0x8E, 0x01, 0xC7, 0x80, 0xE3, 0xC0, 0xE0, 0xF0, 0x70, 0x78, 0x78, 0x1C, 0x38,
    0x0F, 0x1C, 0x07, 0x9C, 0x01, 0xCE, 0x00, 0xFF, 0x00, 0x3F, 0x00, 0x1F, 0x80, 0x0F, 0x80, 0x03,
    0xC0, 0x01, 0xE0, 0x00, 0xE0, 0x00, 0x70, 0x00, 0x70, 0x07, 0xF8, 0x03, 0xF8, 0x01, 0xF0, 0x00,
    0x03, 0x9C, 0x00, 0x1E, 0xE0, 0x00, 0xF7, 0x00, 0x07, 0xB8, 0x00, 0x00, 0x00, 0x00, 0x00, 0x00,
    0x00, 0x00, 0x1E, 0x00, 0x0E, 0xF8, 0x00, 0xF3, 0xC0, 0x07, 0x0F, 0x00, 0x78, 0x7C, 0x07, 0x81,
    0xE0, 0x3C, 0x0F, 0x83, 0xC0, 0x3C, 0x1C, 0x00, 0xF1, 0xE0, 0x07, 0x8E, 0x00, 0x1E, 0xF0, 0x00,
    0xFF, 0x00, 0x03, 0xF0, 0x00, 0x0F, 0x80, 0x00, 0x78, 0x00, 0x03, 0xC0, 0x00, 0x1E, 0x00, 0x00,
    0xF0, 0x00, 0x07, 0x80, 0x00, 0x3C, 0x00, 0x01, 0xE0, 0x00, 0x0F, 0x00, 0x00, 0x78, 0x00, 0x03,
    0xC0, 0x00, 0x1E, 0x00, 0x00, 0x00, 0x00, 0x03, 0x80, 0x03, 0xF8, 0x01, 0xFE, 0x00, 0x7E, 0x00,
    0x04, 0x00, 0x00, 0x00, 0x00, 0x00, 0x00, 0x7F, 0xFF, 0xEF, 0xFF, 0xFD, 0xFF, 0xFF, 0x00, 0x03,
    0xE0, 0x00, 0x78, 0x00, 0x1E, 0x00, 0x07, 0xC0, 0x00, 0xF0, 0x00, 0x3C, 0x00, 0x0F, 0x80, 0x01,
    0xE0, 0x00, 0x78, 0x00, 0x1F, 0x00, 0x03, 0xC0, 0x00, 0xF0, 0x00, 0x3E, 0x00, 0x07, 0x80, 0x01,
    0xE0, 0x00, 0x7C, 0x00, 0x0F, 0x00, 0x03, 0xE0, 0x00, 0xF8, 0x00, 0x1F, 0xFF, 0xFF, 0xFF, 0xFF,
    0xFF, 0xFF, 0xE0, 0x00, 0x00, 0x03, 0xC0, 0x3F, 0x07, 0xF8, 0x3F, 0x00, 0x60, 0x00, 0x00, 0x00,
    0x00, 0xFF, 0xFF, 0xFF, 0xF7, 0xFF, 0xC0, 0x1E, 0x00, 0xF0, 0x03, 0xC0, 0x1E, 0x00, 0xF0, 0x07,
    0x80, 0x1E, 0x00, 0xF0, 0x07, 0x80, 0x3C, 0x00, 0xF0, 0x07, 0x80, 0x3C, 0x00, 0xFF, 0xFF, 0xFF,
    0xF0, 0x00, 0xF0, 0x00, 0x1E, 0x00, 0x03, 0xC0, 0x00, 0x78, 0x00, 0x06, 0x00, 0x00, 0x00, 0x00,
    0x00, 0x03, 0xFF, 0xFF, 0x7F, 0xFF, 0xEF, 0xFF, 0xF8, 0x00, 0x1F, 0x00, 0x03, 0xC0, 0x00, 0xF0,
    0x00, 0x3E, 0x00, 0x07, 0x80, 0x01, 0xE0, 0x00, 0x7C, 0x00, 0x0F, 0x00, 0x03, 0xC0, 0x00, 0xF8,
    0x00, 0x1E, 0x00, 0x07, 0x80, 0x01, 0xF0, 0x00, 0x3C, 0x00, 0x0F, 0x00, 0x03, 0xE0, 0x00, 0x78,
    0x00, 0x1F, 0x00, 0x07, 0xC0, 0x00, 0xFF, 0xFF, 0xFF, 0xFF, 0xFF, 0xFF, 0xFF, 0x07, 0x80, 0x1E,
    0x00, 0x78, 0x01, 0xE0, 0x03, 0x00, 0x00, 0x00, 0x00, 0x3F, 0xFF, 0xFF, 0xFD, 0xFF, 0xF0, 0x07,
    0x80, 0x3C, 0x00, 0xF0, 0x07, 0x80, 0x3C, 0x01, 0xE0, 0x07, 0x80, 0x3C, 0x01, 0xE0, 0x0F, 0x00,
    0x3C, 0x01, 0xE0, 0x0F, 0x00, 0x3F, 0xFF, 0xFF, 0xFC, 0x07, 0x1E, 0x00, 0xF7, 0x80, 0x0F, 0xE0,
    0x00, 0x78, 0x00, 0x00, 0x00, 0x00, 0x00, 0x00, 0x00, 0x03, 0xFF, 0xFF, 0x7F, 0xFF, 0xEF, 0xFF,
    0xF8, 0x00, 0x1F, 0x00, 0x03, 0xC0, 0x00, 0xF0, 0x00, 0x3E, 0x00, 0x07, 0x80, 0x01, 0xE0, 0x00,
    0x7C, 0x00, 0x0F, 0x00, 0x03, 0xC0, 0x00, 0xF8, 0x00, 0x1E, 0x00, 0x07, 0x80, 0x01, 0xF0, 0x00,
    0x3C, 0x00, 0x0F, 0x00, 0x03, 0xE0, 0x00, 0x78, 0x00, 0x1F, 0x00, 0x07, 0xC0, 0x00, 0xFF, 0xFF,
    0xFF, 0xFF, 0xFF, 0xFF, 0xFF, 0x38, 0x70, 0x73, 0x80, 0xFC, 0x01, 0xE0, 0x00, 0x00, 0x00, 0x00,
    0x00, 0x3F, 0xFF, 0xFF, 0xFD, 0xFF, 0xF0, 0x07, 0x80, 0x3C, 0x00, 0xF0, 0x07, 0x80, 0x3C, 0x01,
    0xE0, 0x07, 0x80, 0x3C, 0x01, 0xE0, 0x0F, 0x00, 0x3C, 0x01, 0xE0, 0x0F, 0x00, 0x3F, 0xFF, 0xFF,
    0xFC, 0x00, 0x00, 0xE0, 0x00, 0x07, 0x00, 0x3F, 0xFC, 0x03, 0xFF, 0xE0, 0x1F, 0xFF, 0xC0, 0xF8,
    0x0F, 0x83, 0xC0, 0x1F, 0x1E, 0x00, 0x3C, 0x78, 0x00, 0x7B, 0xE0, 0x01, 0xEF, 0x00, 0x07, 0xBC,
    0x00, 0x1E, 0xF0, 0x00, 0x7F, 0xC0, 0x00, 0xFF, 0x00, 0x03, 0xFC, 0x00, 0x0F, 0xF0, 0x00, 0x3F,
    0xC0, 0x01, 0xEF, 0x00, 0x07, 0xBC, 0x00, 0x1E, 0x78, 0x00, 0x79, 0xE0, 0x03, 0xC7, 0xC0, 0x0F,
    0x0F, 0x80, 0x78, 0x1F, 0xDF, 0xE0, 0x3F, 0xFE, 0x00, 0x7F, 0xF0, 0x00, 0x3E, 0x00, 0x00, 0x07,
    0x00, 0x01, 0xC0, 0x7F, 0xE0, 0x3F, 0xF8, 0x1F, 0x3E, 0x0F, 0x03, 0xC7, 0x80, 0x79, 0xC0, 0x0E,
    0xF0, 0x03, 0xBC, 0x00, 0xFF, 0x00, 0x3F, 0xC0, 0x0F, 0xF0, 0x03, 0xFC, 0x00, 0xF7, 0x00, 0x39,
    0xE0, 0x1E, 0x7C, 0x0F, 0x0F, 0x87, 0xC1, 0xFF, 0xE0, 0x3F, 0xF0, 0x01, 0xE0, 0x00, 0x00, 0x00,
    0x0E, 0x00, 0x00, 0x39, 0xC0, 0x03, 0xF3, 0x80, 0x07, 0xC7, 0x00, 0x0E, 0x0E, 0x00, 0x1C, 0x1C,
    0x00, 0x38, 0x38, 0x00, 0x70, 0x70, 0x00, 0xE0, 0xE0, 0x01, 0xC1, 0xC0, 0x03, 0x83, 0x80, 0x07,
    0x07, 0x00, 0x0E, 0x0E, 0x00, 0x1C, 0x1C, 0x00, 0x38, 0x38, 0x00, 0x70, 0x70, 0x00, 0xE0, 0xE0,
    0x01, 0xC1, 0xC0, 0x03, 0x83, 0x80, 0x07, 0x07, 0x80, 0x0E, 0x0F, 0x00, 0x3C, 0x1E, 0x00, 0x78,
    0x1E, 0x01, 0xE0, 0x3F, 0xFF, 0xC0, 0x3F, 0xFF, 0x00, 0x3F, 0xF8, 0x00, 0x0F, 0x80, 0x00, 0x00,
    0x00, 0xE0, 0x00, 0x3B, 0x80, 0x3F, 0x78, 0x07, 0xCF, 0x00, 0xE1, 0xE0, 0x1C, 0x3C, 0x03, 0x87,
    0x80, 0x70, 0xF0, 0x0E, 0x1E, 0x01, 0xC3, 0xC0, 0x38, 0x78, 0x07, 0x0F, 0x00, 0xE1, 0xE0, 0x1C,
    0x3C, 0x03, 0x87, 0x80, 0xF0, 0xF0, 0x3E, 0x1F, 0x1F, 0xC1, 0xFF, 0xB8, 0x1F, 0xE7, 0x00, 0xE0,
    0x00, 0x00, 0x00, 0x00, 0x38, 0x70, 0x00, 0x00, 0x00, 0x1E, 0xF0, 0x00, 0x00, 0x00, 0x0F, 0xC0,
    0x00, 0x00, 0x00, 0x07, 0x80, 0x00, 0x00, 0x00, 0x00, 0x00, 0x00, 0x00, 0x00, 0x00, 0x00, 0x00,
    0x00, 0x00, 0x00, 0x00, 0xFF, 0xE0, 0x03, 0xFF, 0xFF, 0xFF, 0xFC, 0x03, 0xFF, 0xFF, 0xFF, 0xFE,
    0x03, 0xFF, 0xFF, 0xF0, 0x7F, 0x00, 0x00, 0x1E, 0xF0, 0x0F, 0x80, 0x00, 0x3C, 0xF0, 0x07, 0xC0,
    0x00, 0x7C, 0xF0, 0x03, 0xC0, 0x00, 0x78, 0xF0, 0x03, 0xE0, 0x00, 0xF0, 0xF0, 0x01, 0xE0, 0x01,
    0xF0, 0xF0, 0x01, 0xE0, 0x01, 0xE0, 0xF0, 0x01, 0xE0, 0x03, 0xC0, 0xF0, 0x01, 0xE0, 0x07, 0xC0,
    0xF0, 0x01, 0xE0, 0x07, 0x80, 0xF0, 0x01, 0xE0, 0x0F, 0x00, 0xF0, 0x01, 0xE0, 0x1F, 0x00, 0xF0,
    0x01, 0xE0, 0x1E, 0x00, 0xF0, 0x01, 0xE0, 0x3E, 0x00, 0xF0, 0x03, 0xE0, 0x7C, 0x00, 0xF0, 0x03,
    0xC0, 0x78, 0x00, 0xF0, 0x07, 0xC0, 0xF8, 0x00, 0xF0, 0x0F, 0x81, 0xF0, 0x00, 0xF0, 0x3F, 0x01,
    0xE0, 0x00, 0xFF, 0xFE, 0x03, 0xFF, 0xFF, 0xFF, 0xFC, 0x03, 0xFF, 0xFF, 0xFF, 0xF0, 0x03, 0xFF,
    0xFF, 0xFF, 0xE0, 0x00, 0xE1, 0xCF, 0xFF, 0xC0, 0x07, 0x38, 0xFF, 0xFE, 0x00, 0x3F, 0x0F, 0x07,
    0xF0, 0x01, 0xE0, 0xF0, 0x0F, 0x80, 0x00, 0x0F, 0x00, 0x7C, 0x00, 0x00, 0xF0, 0x03, 0xC0, 0x00,
    0x0F, 0x00, 0x3E, 0x1F, 0xFF, 0xF0, 0x01, 0xE3, 0xFF, 0xFF, 0x00, 0x1E, 0x1F, 0xFF, 0xF0, 0x01,
    0xE0, 0x01, 0xEF, 0x00, 0x1E, 0x00, 0x3E, 0xF0, 0x01, 0xE0, 0x03, 0xCF, 0x00, 0x1E, 0x00, 0x78,
    0xF0, 0x01, 0xE0, 0x0F, 0x0F, 0x00, 0x1E, 0x01, 0xF0, 0xF0, 0x01, 0xE0, 0x1E, 0x0F, 0x00, 0x3E,
    0x03, 0xC0, 0xF0, 0x03, 0xC0, 0x78, 0x0F, 0x00, 0x7C, 0x0F, 0x80, 0xF0, 0x0F, 0x80, 0xF0, 0x0F,
    0x03, 0xF0, 0x1E, 0x00, 0xFF, 0xFE, 0x03, 0xC0, 0x0F, 0xFF, 0xC0, 0x3F, 0xFF, 0xFF, 0xF0, 0x03,
    0xFF, 0xF0, 0x00, 0x07, 0x83, 0x87, 0x00, 0x01, 0xE0, 0x73, 0x80, 0x00, 0x78, 0x0F, 0xC0, 0x00,
    0x1E, 0x01, 0xE0, 0x00, 0x07, 0x80, 0x00, 0x00, 0x01, 0xE0, 0x00, 0x00, 0x00, 0x78, 0x00, 0x00,
    0x1F, 0xDE, 0x3F, 0xFF, 0x1F, 0xFF, 0x8F, 0xFF, 0xCF, 0xCF, 0xE1, 0xFF, 0xF3, 0xC0, 0xF8, 0x00,
    0x79, 0xE0, 0x1E, 0x00, 0x3C, 0x78, 0x07, 0x80, 0x0F, 0x1C, 0x01, 0xE0, 0x07, 0x8F, 0x00, 0x78,
    0x03, 0xC3, 0xC0, 0x1E, 0x01, 0xE0, 0xF0, 0x07, 0x80, 0x78, 0x3C, 0x01, 0xE0, 0x3C, 0x0F, 0x00,
    0x78, 0x1E, 0x01, 0xC0, 0x1E, 0x0F, 0x00, 0x78, 0x07, 0x83, 0xC0, 0x1E, 0x03, 0xE1, 0xE0, 0x03,
    0xE1, 0xF8, 0xF0, 0x00, 0x7F, 0xFE, 0x3F, 0xFF, 0x0F, 0xF7, 0x8F, 0xFF, 0xC0, 0xF0, 0x00, 0x00,
    0x00, 0xF0, 0x00, 0x00, 0xFF, 0x00, 0x00, 0x0F, 0xF0, 0x00, 0x00, 0xFF, 0x00, 0x00, 0x0F, 0xF0,
    0x00, 0x00, 0xFF, 0x00, 0x00, 0x0F, 0xF0, 0x00, 0x00, 0xFF, 0x00, 0x00, 0x0F, 0xF0, 0x00, 0x00,
    0xFF, 0x00, 0x00, 0x0F, 0xF0, 0x00, 0x00, 0xFF, 0x00, 0x00, 0x0F, 0xF0, 0x00, 0x00, 0xFF, 0x00,
    0x00, 0x0F, 0xF0, 0x00, 0x00, 0xFF, 0x00, 0x00, 0x0F, 0xF0, 0x00, 0x00, 0xFF, 0x00, 0x00, 0x0F,
    0xF0, 0x00, 0x00, 0xFF, 0x00, 0x00, 0x0F, 0xF0, 0x00, 0x00, 0xFF, 0x00, 0x00, 0x0F, 0xFF, 0xFF,
    0x3F, 0xFF, 0xFF, 0xF3, 0xFE, 0xFF, 0xFF, 0x3F, 0xE0, 0x00, 0x00, 0x70, 0xF0, 0x00, 0x1F, 0xE0,
    0x00, 0x3F, 0xC0, 0x00, 0x7F, 0x80, 0x00, 0xFF, 0x00, 0x00, 0xDE, 0x00, 0x00, 0x3C, 0x00, 0x00,
    0x78, 0x00, 0x0F, 0xF0, 0x00, 0x1F, 0xE0, 0x00, 0x3F, 0xC0, 0x00, 0x7F, 0x80, 0x00, 0xFF, 0x00,
    0x01, 0xFE, 0x00, 0x03, 0xFC, 0x00, 0x07, 0xF8, 0x00, 0x0F, 0xF0, 0x00, 0x1F, 0xE0, 0x00, 0x3F,
    0xC0, 0x00, 0x7F, 0x80, 0x00, 0xFF, 0x00, 0x01, 0xFE, 0x00, 0x03, 0xFF, 0xFF, 0xC7, 0xFF, 0xFF,
    0x8F, 0xFF, 0xFF, 0x1E, 0x00, 0x00, 0x3C, 0x00, 0x00, 0x78, 0x00, 0x00, 0xF0, 0x00, 0x1F, 0xC0,
    0x00, 0x3F, 0x80, 0x00, 0x7E, 0x00, 0xF0, 0xFF, 0x0F, 0xF0, 0xFF, 0x0F, 0xF0, 0x6F, 0x00, 0xF0,
    0x0F, 0x0F, 0xF0, 0xFF, 0x0F, 0xF0, 0xFF, 0x0F, 0xF0, 0xFF, 0x0F, 0xF0, 0xFF, 0x0F, 0xF0, 0xFF,
    0x0F, 0xF0, 0xFF, 0x0F, 0xF0, 0xFF, 0x0F, 0xF0, 0xFF, 0x0F, 0xF0, 0xF0, 0x0F, 0x00, 0xF0, 0x0F,
    0x0F, 0xE0, 0xFE, 0x0F, 0xC0, 0xF0, 0x00, 0xE0, 0x03, 0xBC, 0x00, 0x38, 0x01, 0xEF, 0x80, 0x0E,
    0x00, 0x7B, 0xF0, 0x03, 0x80, 0x1E, 0xFC, 0x00, 0xE0, 0x07, 0xBF, 0x80, 0x38, 0x01, 0xEF, 0xF0,
    0x0E, 0x00, 0x7B, 0xBC, 0x03, 0x80, 0x1E, 0xE7, 0x80, 0xE0, 0x07, 0xB9, 0xF0, 0x38, 0x01, 0xEE,
    0x3C, 0x0E, 0x00, 0x7B, 0x87, 0x83, 0x80, 0x1E, 0xE1, 0xF0, 0xE0, 0x07, 0xB8, 0x3E, 0x38, 0x01,
    0xEE, 0x07, 0x8E, 0x00, 0x7B, 0x81, 0xF3, 0x80, 0x1E, 0xE0, 0x3E, 0xE0, 0x07, 0xB8, 0x07, 0xB8,
    0x01, 0xEE, 0x00, 0xFE, 0x00, 0x7B, 0x80, 0x3F, 0x80, 0x1E, 0xE0, 0x07, 0xE0, 0x07, 0xB8, 0x00,
    0xF8, 0x01, 0xEE, 0x00, 0x3E, 0x1F, 0xFB, 0x80, 0x07, 0x87, 0xFE, 0xE0, 0x00, 0xE1, 0xFF, 0x00,
    0x00, 0x00, 0x0F, 0x00, 0xF0, 0x00, 0xE0, 0xFF, 0x00, 0x0E, 0x0F, 0xF8, 0x00, 0xE0, 0xFF, 0xC0,
    0x0E, 0x0F, 0xFC, 0x00, 0xE0, 0x6F, 0xE0, 0x0E, 0x00, 0xFF, 0x00, 0xE0, 0x0E, 0xF0, 0x0E, 0x07,
    0xE7, 0x80, 0xE0, 0xFE, 0x7C, 0x0E, 0x0F, 0xE3, 0xC0, 0xE0, 0xFE, 0x1E, 0x0E, 0x0F, 0xE1, 0xF0,
    0xE0, 0xFE, 0x0F, 0x8E, 0x0F, 0xE0, 0x78, 0xE0, 0xFE, 0x07, 0xCE, 0x0F, 0xE0, 0x3E, 0xE0, 0xFE,
    0x01, 0xEE, 0x0F, 0xE0, 0x0F, 0xE0, 0xFE, 0x00, 0xFE, 0x0F, 0xE0, 0x07, 0xE0, 0xFE, 0x00, 0x3E,
    0x0F, 0xE0, 0x03, 0xE0, 0xFE, 0x00, 0x1E, 0x0F, 0xE0, 0x00, 0xE0, 0xF0, 0x00, 0x00, 0x0F, 0x00,
    0x00, 0x00, 0xF0, 0x00, 0x00, 0x0F, 0x00, 0x00, 0x07, 0xF0, 0x00, 0x00, 0xFE, 0x00, 0x00, 0x07,
    0xC0, 0x00, 0x00, 0x0E, 0x00, 0x00, 0x1C, 0x00, 0x00, 0x38, 0x00, 0x00, 0x70, 0x00, 0x00, 0xC0,
    0x00, 0x00, 0x00, 0x00, 0x00, 0x79, 0xFC, 0x07, 0xF7, 0xFC, 0x0F, 0xFF, 0xFC, 0x1F, 0xF0, 0x78,
    0x3F, 0x80, 0x70, 0x7F, 0x00, 0xE0, 0xFE, 0x01, 0xC1, 0xFC, 0x03, 0x83, 0xF8, 0x07, 0x07, 0xF0,
    0x0E, 0x0F, 0xE0, 0x1C, 0x1F, 0xC0, 0x38, 0x3F, 0x80, 0x70, 0x7F, 0x00, 0xE0, 0xFE, 0x01, 0xC1,
    0xFC, 0x03, 0x83, 0xF8, 0x07, 0x07, 0xF0, 0x0E, 0x0E, 0x00, 0x00, 0x1C, 0x00, 0x00, 0x38, 0x00,
    0x00, 0xF0, 0x00, 0x0F, 0xE0, 0x00, 0x1F, 0x80, 0x00, 0x3E, 0x00, 0x07, 0x8F, 0x00, 0x1E, 0xF0,
    0x00, 0x7F, 0x00, 0x01, 0xF0, 0x00, 0x00, 0x00, 0x00, 0x00, 0x00, 0x00, 0x00, 0x00, 0x7F, 0xC0,
    0x0F, 0xFF, 0x80, 0xFF, 0xFE, 0x0F, 0x80, 0xF8, 0x78, 0x03, 0xC7, 0x80, 0x0F, 0x3C, 0x00, 0x7B,
    0xE0, 0x03, 0x9E, 0x00, 0x00, 0xF0, 0x00, 0x07, 0x80, 0x00, 0x3C, 0x00, 0x01, 0xE0, 0x3F, 0xEF,
    0x01, 0xFF, 0xF8, 0x0F, 0xFF, 0xC0, 0x01, 0xFE, 0x00, 0x0F, 0xF0, 0x00, 0x7B, 0xC0, 0x07, 0xDE,
    0x00, 0x3E, 0x78, 0x03, 0xF3, 0xE0, 0x3F, 0x8F, 0xEF, 0xDC, 0x3F, 0xFE, 0xE0, 0xFF, 0xC7, 0x00,
    0xF8, 0x00, 0x0F, 0x1E, 0x00, 0x7B, 0xC0, 0x03, 0xF8, 0x00, 0x1F, 0x00, 0x00, 0x00, 0x00, 0x00,
    0x00, 0x00, 0x00, 0x00, 0x7F, 0xCE, 0x0F, 0xFF, 0xF1, 0xE0, 0xFE, 0x3C, 0x07, 0x83, 0x80, 0x38,
    0x38, 0x03, 0x83, 0x80, 0x38, 0x3C, 0x07, 0x81, 0xE0, 0xF0, 0x1F, 0xFE, 0x00, 0xFF, 0xC0, 0x1F,
    0x00, 0x03, 0x80, 0x00, 0x3F, 0xF8, 0x01, 0xFF, 0xF0, 0x1F, 0xFF, 0x83, 0x81, 0xFC, 0x70, 0x01,
    0xC7, 0x00, 0x1C, 0xF0, 0x01, 0xC7, 0x00, 0x3C, 0x7E, 0x0F, 0x83, 0xFF, 0xF0, 0x0F, 0xFC, 0x00,
    0x00, 0x00, 0x00, 0x0F, 0xF8, 0x00, 0xFF, 0xF8, 0x07, 0xFF, 0xF0, 0x3E, 0x03, 0xE0, 0xF0, 0x07,
    0xC7, 0x80, 0x0F, 0x1E, 0x00, 0x1E, 0xF8, 0x00, 0x7B, 0xC0, 0x01, 0xEF, 0x00, 0x07, 0xBC, 0x00,
    0x1F, 0xF0, 0x00, 0x3F, 0xC0, 0x00, 0xFF, 0x00, 0x03, 0xFC, 0x00, 0x0F, 0xF0, 0x00, 0x7B, 0xC0,
    0x01, 0xEF, 0x00, 0x07, 0x9E, 0x00, 0x1E, 0x78, 0x00, 0xF1, 0xF0, 0x03, 0xC3, 0xE0, 0x1E, 0x07,
    0xF7, 0xF8, 0x0F, 0xFF, 0x80, 0x1F, 0xFC, 0x00, 0x0F, 0x80, 0x00, 0x38, 0x00, 0x00, 0xE0, 0x00,
    0x03, 0x98, 0x00, 0x0F, 0xE0, 0x00, 0x1F, 0x00, 0x07, 0xF8, 0x03, 0xFF, 0x01, 0xF3, 0xE0, 0xF0,
    0x3C, 0x78, 0x07, 0x9C, 0x00, 0xEF, 0x00, 0x3B, 0xC0, 0x0F, 0xF0, 0x03, 0xFC, 0x00, 0xFF, 0x00,
    0x3F, 0xC0, 0x0F, 0x70, 0x03, 0x9E, 0x01, 0xE7, 0xC0, 0xF0, 0xF8, 0x7C, 0x1F, 0xFE, 0x03, 0xFF,
    0x00, 0x1E, 0x00, 0x0E, 0x00, 0x03, 0x80, 0x00, 0xE6, 0x00, 0x3F, 0x80, 0x07, 0xC0, 0xFF, 0xE0,
    0x03, 0xFF, 0xFF, 0xFF, 0xFC, 0x03, 0xFF, 0xFF, 0xFF, 0xFE, 0x03, 0xFF, 0xFF, 0xF0, 0x7F, 0x00,
    0x00, 0x1E, 0xF0, 0x0F, 0x80, 0x00, 0x3C, 0xF0, 0x07, 0xC0, 0x00, 0x7C, 0xF0, 0x03, 0xC0, 0x00,
    0x78, 0xF0, 0x03, 0xE0, 0x00, 0xF0, 0xF0, 0x01, 0xE0, 0x01, 0xF0, 0xF0, 0x01, 0xE0, 0x01, 0xE0,
    0xF0, 0x01, 0xE0, 0x03, 0xC0, 0xF0, 0x01, 0xE0, 0x07, 0xC0, 0xF0, 0x01, 0xE0, 0x07, 0x80, 0xF0,
    0x01, 0xE0, 0x0F, 0x00, 0xF0, 0x01, 0xE0, 0x1F, 0x00, 0xF0, 0x01, 0xE0, 0x1E, 0x00, 0xF0, 0x01,
    0xE0, 0x3E, 0x00, 0xF0, 0x03, 0xE0, 0x7C, 0x00, 0xF0, 0x03, 0xC0, 0x78, 0x00, 0xF0, 0x07, 0xC0,
    0xF8, 0x00, 0xF0, 0x0F, 0x81, 0xF0, 0x00, 0xF0, 0x3F, 0x01, 0xE0, 0x00, 0xFF, 0xFE, 0x03, 0xFF,
    0xFF, 0xFF, 0xFC, 0x03, 0xFF, 0xFF, 0xFF, 0xF0, 0x03, 0xFF, 0xFF, 0xFF, 0xE0, 0x00, 0x00, 0x0F,
    0xFF, 0xC0, 0x00, 0x00, 0xFF, 0xFE, 0x00, 0x00, 0x0F, 0x07, 0xF0, 0x00, 0x00, 0xF0, 0x0F, 0x80,
    0x00, 0x0F, 0x00, 0x7C, 0x00, 0x00, 0xF0, 0x03, 0xC0, 0x00, 0x0F, 0x00, 0x3E, 0x1F, 0xFF, 0xF0,
    0x01, 0xE3, 0xFF, 0xFF, 0x00, 0x1E, 0x1F, 0xFF, 0xF0, 0x01, 0xE0, 0x01, 0xEF, 0x00, 0x1E, 0x00,
    0x3E, 0xF0, 0x01, 0xE0, 0x03, 0xCF, 0x00, 0x1E, 0x00, 0x78, 0xF0, 0x01, 0xE0, 0x0F, 0x0F, 0x00,
    0x1E, 0x01, 0xF0, 0xF0, 0x01, 0xE0, 0x1E, 0x0F, 0x00, 0x3E, 0x03, 0xC0, 0xF0, 0x03, 0xC0, 0x78,
    0x0F, 0x00, 0x7C, 0x0F, 0x80, 0xF0, 0x0F, 0x80, 0xF0, 0x0F, 0x03, 0xF0, 0x1E, 0x00, 0xFF, 0xFE,
    0x03, 0xC0, 0x0F, 0xFF, 0xC0, 0x3F, 0xFF, 0xFF, 0xF0, 0x03, 0xFF, 0xF0, 0x00, 0x07, 0x80, 0x00,
    0x00, 0x01, 0xE0, 0x00, 0x00, 0x00, 0x78, 0x00, 0x00, 0x00, 0x1E, 0x00, 0x00, 0x00, 0x07, 0x80,
    0x00, 0x00, 0x01, 0xE0, 0x00, 0x00, 0x00, 0x78, 0x00, 0x00, 0x1F, 0xDE, 0x3F, 0xFF, 0x1F, 0xFF,
    0x8F, 0xFF, 0xCF, 0xCF, 0xE1, 0xFF, 0xF3, 0xC0, 0xF8, 0x00, 0x79, 0xE0, 0x1E, 0x00, 0x3C, 0x78,
    0x07, 0x80, 0x0F, 0x1C, 0x01, 0xE0, 0x07, 0x8F, 0x00, 0x78, 0x03, 0xC3, 0xC0, 0x1E, 0x01, 0xE0,
    0xF0, 0x07, 0x80, 0x78, 0x3C, 0x01, 0xE0, 0x3C, 0x0F, 0x00, 0x78, 0x1E, 0x01, 0xC0, 0x1E, 0x0F,
    0x00, 0x78, 0x07, 0x83, 0xC0, 0x1E, 0x03, 0xE1, 0xE0, 0x03, 0xE1, 0xF8, 0xF0, 0x00, 0x7F, 0xFE,
    0x3F, 0xFF, 0x0F, 0xF7, 0x8F, 0xFF, 0xC0, 0xF0, 0x00, 0x00, 0x00, 0x00, 0x00, 0x00, 0x00, 0x70,
    0x00, 0x1F, 0x80, 0x03, 0xFC, 0x00, 0x3F, 0x00, 0x01, 0x80, 0x00, 0x00, 0x00, 0x00, 0x00, 0x00,
    0x03, 0xFE, 0x00, 0x7F, 0xFC, 0x07, 0xFF, 0xF0, 0x7C, 0x07, 0xC3, 0xC0, 0x1E, 0x3C, 0x00, 0x79,
    0xE0, 0x03, 0xDF, 0x00, 0x1C, 0xF0, 0x00, 0x07, 0x80, 0x00, 0x3C, 0x00, 0x01, 0xE0, 0x00, 0x0F,
    0x01, 0xFF, 0x78, 0x0F, 0xFF, 0xC0, 0x7F, 0xFE, 0x00, 0x0F, 0xF0, 0x00, 0x7F, 0x80, 0x03, 0xDE,
    0x00, 0x3E, 0xF0, 0x01, 0xF3, 0xC0, 0x1F, 0x9F, 0x01, 0xFC, 0x7F, 0x7E, 0xE1, 0xFF, 0xF7, 0x07,
    0xFE, 0x38, 0x07, 0xC0, 0x00, 0x00, 0x00, 0x00, 0x01, 0xC0, 0x00, 0xFC, 0x00, 0x3F, 0xC0, 0x07,
    0xE0, 0x00, 0x60, 0x00, 0x00, 0x00, 0x00, 0x00, 0x00, 0x07, 0xFC, 0xE0, 0xFF, 0xFF, 0x1E, 0x0F,
    0xE3, 0xC0, 0x78, 0x38, 0x03, 0x83, 0x80, 0x38, 0x38, 0x03, 0x83, 0xC0, 0x78, 0x1E, 0x0F, 0x01,
    0xFF, 0xE0, 0x0F, 0xFC, 0x01, 0xF0, 0x00, 0x38, 0x00, 0x03, 0xFF, 0x80, 0x1F, 0xFF, 0x01, 0xFF,
    0xF8, 0x38, 0x1F, 0xC7, 0x00, 0x1C, 0x70, 0x01, 0xCF, 0x00, 0x1C, 0x70, 0x03, 0xC7, 0xE0, 0xF8,
    0x3F, 0xFF, 0x00, 0xFF, 0xC0, 0x00, 0x00, 0x00, 0x00, 0xE0, 0x00, 0x03, 0x80, 0x00, 0x1E, 0x00,
    0x00, 0xFC, 0x00, 0x07, 0x38, 0x00, 0x1C, 0xE0, 0x00, 0x73, 0x80, 0x00, 0xFC, 0x00, 0x03, 0xF0,
    0x00, 0x0F, 0xC0, 0x00, 0x3F, 0x00, 0x01, 0xFE, 0x00, 0x07, 0x78, 0x00, 0x1D, 0xE0, 0x00, 0xF3,
    0xC0, 0x03, 0x8F, 0x00, 0x0E, 0x3C, 0x00, 0x78, 0x78, 0x01, 0xC1, 0xE0, 0x07, 0x07, 0x80, 0x3C,
    0x0F, 0x00, 0xE0, 0x3C, 0x03, 0xFF, 0xF0, 0x1F, 0xFF, 0xE0, 0x7F, 0xFF, 0x81, 0xC0, 0x1E, 0x0F,
    0x00, 0x3C, 0x38, 0x00, 0xF0, 0xE0, 0x03, 0xC7, 0x80, 0x07, 0x9C, 0x00, 0x1E, 0x70, 0x00, 0x78,
    0x00, 0x00, 0x00, 0xF0, 0x07, 0xE0, 0x7F, 0x80, 0xF8, 0x01, 0xF8, 0x01, 0xF8, 0x07, 0x38, 0x0E,
    0x70, 0x1C, 0xE0, 0x1F, 0xC0, 0x3F, 0x00, 0x18, 0x00, 0x00, 0x03, 0xFC, 0x1F, 0xFE, 0x7E, 0x7C,
    0xF0, 0x3D, 0xC0, 0x38, 0x00, 0x70, 0x00, 0xE0, 0x7F, 0xC7, 0xFF, 0x9F, 0xE7, 0x78, 0x0F, 0xE0,
    0x1F, 0x80, 0x3F, 0x00, 0xFF, 0x01, 0xFF, 0x0F, 0xDF, 0xFF, 0x9F, 0xE7, 0x0F, 0x00, 0x00, 0x00,
    0x00, 0x00, 0x00, 0x00, 0x01, 0xE0, 0x00, 0x00, 0x07, 0xE0, 0x00, 0x00, 0x3F, 0xC0, 0x00, 0x00,
    0x7E, 0x00, 0x00, 0x00, 0x30, 0x00, 0x00, 0x00, 0x00, 0x00, 0x00, 0x00, 0x00, 0x00, 0x00, 0x03,
    0xFF, 0xFE, 0x00, 0x07, 0xFF, 0xFE, 0x00, 0x0F, 0xFF, 0xFE, 0x00, 0x0F, 0xE0, 0x00, 0x00, 0x1F,
    0xE0, 0x00, 0x00, 0x1D, 0xE0, 0x00, 0x00, 0x3D, 0xE0, 0x00, 0x00, 0x39, 0xE0, 0x00, 0x00, 0x79,
    0xE0, 0x00, 0x00, 0xF1, 0xE0, 0x00, 0x00, 0xE1, 0xE0, 0x00, 0x01, 0xE1, 0xFF, 0xF0, 0x01, 0xC1,
    0xFF, 0xF0, 0x03, 0xC1, 0xFF, 0xF0, 0x03, 0x81, 0xE0, 0x00, 0x07, 0xFF, 0xE0, 0x00, 0x07, 0xFF,
    0xE0, 0x00, 0x0F, 0xFF, 0xE0, 0x00, 0x1E, 0x01, 0xE0, 0x00, 0x1E, 0x01, 0xE0, 0x00, 0x3C, 0x01,
    0xE0, 0x00, 0x3C, 0x01, 0xE0, 0x00, 0x78, 0x01, 0xFF, 0xFE, 0x70, 0x01, 0xFF, 0xFE, 0xF0, 0x01,
    0xFF, 0xFE, 0x00, 0x00, 0x00, 0x00, 0x00, 0x0F, 0x00, 0x00, 0x01, 0xF8, 0x00, 0x00, 0x7F, 0x80,
    0x00, 0x07, 0xE0, 0x00, 0x00, 0x18, 0x00, 0x00, 0x00, 0x00, 0x00, 0x00, 0x00, 0x00, 0x00, 0x0F,
    0xF0, 0x7F, 0x01, 0xFF, 0xCF, 0xFE, 0x1F, 0x9F, 0xF8, 0xF8, 0xF0, 0x3F, 0x01, 0xC7, 0x00, 0xF0,
    0x0F, 0x00, 0x07, 0x80, 0x38, 0x00, 0x38, 0x01, 0xE0, 0x7F, 0xC0, 0x0F, 0x1F, 0xFF, 0xFF, 0xF9,
    0xFF, 0x7F, 0xFF, 0xDE, 0x03, 0x80, 0x01, 0xE0, 0x1C, 0x00, 0x0F, 0x00, 0xF0, 0x00, 0x70, 0x0F,
    0x80, 0x33, 0xC0, 0x7E, 0x03, 0xDF, 0x0F, 0x7C, 0x3E, 0x7F, 0xF1, 0xFF, 0xE1, 0xFF, 0x07, 0xFC,
    0x03, 0xC0, 0x0F, 0x00, 0x00, 0x00, 0x00, 0x00, 0x07, 0x80, 0x00, 0x1F, 0x80, 0x00, 0xFF, 0x00,
    0x00, 0xF8, 0x00, 0x00, 0xC0, 0x00, 0x00, 0x00, 0x00, 0x00, 0x00, 0x00, 0x00, 0xFF, 0x86, 0x03,
    0xFF, 0xCF, 0x07, 0xFF, 0xFE, 0x0F, 0x81, 0xFC, 0x1F, 0x00, 0x7C, 0x1E, 0x00, 0x7C, 0x3C, 0x00,
    0xFC, 0x3C, 0x01, 0xFC, 0x3C, 0x03, 0xFE, 0x7C, 0x07, 0x9E, 0x78, 0x0F, 0x1E, 0x78, 0x1E, 0x1E,
    0x78, 0x3C, 0x1E, 0x78, 0x78, 0x1E, 0x78, 0x70, 0x1E, 0x7C, 0xF0, 0x1E, 0x3D, 0xE0, 0x1E, 0x3F,
    0xC0, 0x3E, 0x3F, 0x80, 0x3C, 0x3F, 0x00, 0x3C, 0x1E, 0x00, 0x78, 0x3F, 0x00, 0xF8, 0x7F, 0xFF,
    0xF0, 0xF7, 0xFF, 0xE0, 0x61, 0xFF, 0x80, 0x00, 0x3C, 0x00, 0x00, 0x00, 0x00, 0x03, 0x80, 0x03,
    0xF8, 0x01, 0xFE, 0x00, 0x7E, 0x00, 0x0C, 0x00, 0x00, 0x00, 0x00, 0x00, 0x00, 0x03, 0xFC, 0x41,
    0xFF, 0xDC, 0x7E, 0x7F, 0x0F, 0x03, 0xC3, 0xC0, 0x7C, 0x70, 0x1F, 0x9E, 0x07, 0x73, 0xC1, 0xCF,
    0x78, 0x71, 0xEF, 0x1C, 0x3D, 0xE7, 0x07, 0xBD, 0xC0, 0xF3, 0xF0, 0x1C, 0x7C, 0x07, 0x8F, 0x81,
    0xE3, 0xF8, 0x7C, 0xFF, 0xFF, 0x0C, 0xFF, 0x80, 0x03, 0xC0, 0x00, 0x00, 0x00, 0x00, 0x38, 0xC0,
    0x00, 0xE7, 0x80, 0x03, 0xCF, 0x00, 0x03, 0x9E, 0x00, 0x07, 0x3C, 0x00, 0x0C, 0x60, 0x00, 0x00,
    0x00, 0x00, 0x78, 0x00, 0x01, 0xF0, 0x00, 0x0F, 0xC0, 0x00, 0x3F, 0x80, 0x01, 0xFE, 0x00, 0x07,
    0xF8, 0x00, 0x1C, 0xF0, 0x00, 0xF3, 0xC0, 0x03, 0x8F, 0x00, 0x0E, 0x1E, 0x00, 0x78, 0x78, 0x01,
    0xC0, 0xE0, 0x07, 0x03, 0xC0, 0x3C, 0x0F, 0x00, 0xE0, 0x1E, 0x07, 0xFF, 0xF8, 0x1F, 0xFF, 0xE0,
    0x7F, 0xFF, 0xC3, 0xC0, 0x0F, 0x0F, 0x00, 0x3C, 0x38, 0x00, 0x79, 0xE0, 0x01, 0xE7, 0x80, 0x07,
    0xBC, 0x00, 0x0F, 0xF0, 0x00, 0x3C, 0x00, 0x00, 0xC3, 0x01, 0xCF, 0x03, 0xCF, 0x01, 0xCF, 0x01,
    0xCE, 0x01, 0x8C, 0x00, 0x00, 0x0F, 0xF0, 0x7F, 0xF9, 0xF9, 0xF3, 0xC0, 0xF7, 0x00, 0xE0, 0x01,
    0xC0, 0x03, 0x81, 0xFF, 0x1F, 0xFE, 0x7F, 0x9D, 0xE0, 0x3F, 0x80, 0x7E, 0x00, 0xFC, 0x03, 0xFC,
    0x07, 0xFC, 0x3F, 0x7F, 0xFE, 0x7F, 0x9C, 0x3C, 0x00, 0x00, 0xFC, 0x00, 0x07, 0xF8, 0x00, 0x3C,
    0xF0, 0x00, 0xE1, 0xC0, 0x00, 0x00, 0x00, 0x00, 0x00, 0x00, 0x00, 0x00, 0x00, 0x1E, 0x00, 0x00,
    0x7C, 0x00, 0x03, 0xF0, 0x00, 0x0F, 0xE0, 0x00, 0x7F, 0x80, 0x01, 0xFE, 0x00, 0x07, 0x3C, 0x00,
    0x3C, 0xF0, 0x00, 0xE3, 0xC0, 0x03, 0x87, 0x80, 0x1E, 0x1E, 0x00, 0x70, 0x38, 0x01, 0xC0, 0xF0,
    0x0F, 0x03, 0xC0, 0x38, 0x07, 0x81, 0xFF, 0xFE, 0x07, 0xFF, 0xF8, 0x1F, 0xFF, 0xF0, 0xF0, 0x03,
    0xC3, 0xC0, 0x0F, 0x0E, 0x00, 0x1E, 0x78, 0x00, 0x79, 0xE0, 0x01, 0xEF, 0x00, 0x03, 0xFC, 0x00,
    0x0F, 0x07, 0xE0, 0x1F, 0xE0, 0x79, 0xE0, 0xE1, 0xC0, 0x00, 0x00, 0x00, 0x00, 0x00, 0x07, 0xF8,
    0x3F, 0xFC, 0xFC, 0xF9, 0xE0, 0x7B, 0x80, 0x70, 0x00, 0xE0, 0x01, 0xC0, 0xFF, 0x8F, 0xFF, 0x3F,
    0xCE, 0xF0, 0x1F, 0xC0, 0x3F, 0x00, 0x7E, 0x01, 0xFE, 0x03, 0xFE, 0x1F, 0xBF, 0xFF, 0x3F, 0xCE,
    0x1E, 0x00, 0x00, 0x00, 0x18, 0xC0, 0x1E, 0x70, 0x07, 0xBC, 0x01, 0xEF, 0x00, 0x71, 0xC0, 0x18,
    0x40, 0x00, 0x00, 0xFF, 0xFF, 0x7F, 0xFF, 0xBF, 0xFF, 0xDE, 0x00, 0x0F, 0x00, 0x07, 0x80, 0x03,
    0xC0, 0x01, 0xE0, 0x00, 0xF0, 0x00, 0x78, 0x00, 0x3C, 0x00, 0x1F, 0xFF, 0x0F, 0xFF, 0x87, 0xFF,
    0xC3, 0xC0, 0x01, 0xE0, 0x00, 0xF0, 0x00, 0x78, 0x00, 0x3C, 0x00, 0x1E, 0x00, 0x0F, 0x00, 0x07,
    0x80, 0x03, 0xFF, 0xFF, 0xFF, 0xFF, 0xFF, 0xFF, 0x80, 0x00, 0x00, 0x18, 0x60, 0x0E, 0x78, 0x07,
    0x9E, 0x01, 0xE7, 0x80, 0x39, 0xC0, 0x0C, 0x60, 0x00, 0x00, 0x07, 0xF8, 0x07, 0xFE, 0x07, 0xCF,
    0x87, 0x81, 0xE7, 0x80, 0x7B, 0x80, 0x3F, 0xC0, 0x0F, 0xE0, 0x07, 0xFF, 0xFF, 0xFF, 0xFF, 0xFC,
    0x00, 0x1E, 0x00, 0x07, 0x00, 0x03, 0xC0, 0x18, 0xF0, 0x1E, 0x7C, 0x3E, 0x1F, 0xFE, 0x07, 0xFE,
    0x00, 0x78, 0x00, 0x07, 0xE0, 0x07, 0xFC, 0x07, 0x8E, 0x03, 0x83, 0x80, 0x00, 0x00, 0x00, 0x00,
    0x00, 0x01, 0xFF, 0xFE, 0xFF, 0xFF, 0x7F, 0xFF, 0xBC, 0x00, 0x1E, 0x00, 0x0F, 0x00, 0x07, 0x80,
    0x03, 0xC0, 0x01, 0xE0, 0x00, 0xF0, 0x00, 0x78, 0x00, 0x3F, 0xFE, 0x1F, 0xFF, 0x0F, 0xFF, 0x87,
    0x80, 0x03, 0xC0, 0x01, 0xE0, 0x00, 0xF0, 0x00, 0x78, 0x00, 0x3C, 0x00, 0x1E, 0x00, 0x0F, 0x00,
    0x07, 0xFF, 0xFF, 0xFF, 0xFF, 0xFF, 0xFF, 0x03, 0xF0, 0x03, 0xFC, 0x03, 0xCF, 0x01, 0xC3, 0x80,
    0x00, 0x00, 0x00, 0x00, 0x00, 0x00, 0x0F, 0xF0, 0x0F, 0xFC, 0x0F, 0x9F, 0x0F, 0x03, 0xCF, 0x00,
    0xF7, 0x00, 0x7F, 0x80, 0x1F, 0xC0, 0x0F, 0xFF, 0xFF, 0xFF, 0xFF, 0xF8, 0x00, 0x3C, 0x00, 0x0E,
    0x00, 0x07, 0x80, 0x31, 0xE0, 0x3C, 0xF8, 0x7C, 0x3F, 0xFC, 0x0F, 0xFC, 0x00, 0xF0, 0x00, 0x00,
    0x03, 0x0C, 0x1C, 0xF0, 0xF3, 0xC3, 0xCF, 0x07, 0x38, 0x18, 0xC0, 0x00, 0x03, 0xC0, 0x1E, 0x00,
    0xF0, 0x07, 0x80, 0x3C, 0x01, 0xE0, 0x0F, 0x00, 0x78, 0x03, 0xC0, 0x1E, 0x00, 0xF0, 0x07, 0x80,
    0x3C, 0x01, 0xE0, 0x0F, 0x00, 0x78, 0x03, 0xC0, 0x1E, 0x00, 0xF0, 0x07, 0x80, 0x3C, 0x01, 0xE0,
    0x0F, 0x00, 0x78, 0x03, 0xC0, 0x00, 0x0C, 0x30, 0xE7, 0x8F, 0x3C, 0x39, 0xE1, 0xCE, 0x0C, 0x60,
    0x00, 0x07, 0x80, 0x78, 0x07, 0x80, 0x78, 0x07, 0x80, 0x78, 0x07, 0x80, 0x78, 0x07, 0x80, 0x78,
    0x07, 0x80, 0x78, 0x07, 0x80, 0x78, 0x07, 0x80, 0x78, 0x07, 0x80, 0x78, 0x1F, 0x87, 0xF9, 0xE7,
    0xB8, 0x70, 0x00, 0x00, 0x00, 0x00, 0x78, 0x0F, 0x01, 0xE0, 0x3C, 0x07, 0x80, 0xF0, 0x1E, 0x03,
    0xC0, 0x78, 0x0F, 0x01, 0xE0, 0x3C, 0x07, 0x80, 0xF0, 0x1E, 0x03, 0xC0, 0x78, 0x0F, 0x01, 0xE0,
    0x3C, 0x07, 0x80, 0xF0, 0x1E, 0x03, 0xC0, 0x78, 0x3F, 0x0F, 0xF3, 0xCF, 0x70, 0xE0, 0x00, 0x00,
    0x00, 0x00, 0xF0, 0x1E, 0x03, 0xC0, 0x78, 0x0F, 0x01, 0xE0, 0x3C, 0x07, 0x80, 0xF0, 0x1E, 0x03,
    0xC0, 0x78, 0x0F, 0x01, 0xE0, 0x3C, 0x07, 0x80, 0xF0, 0x1E, 0x00, 0x00, 0x00, 0x00, 0x30, 0xC0,
    0x00, 0xE7, 0x80, 0x03, 0xDF, 0x00, 0x07, 0x9C, 0x00, 0x07, 0x38, 0x00, 0x08, 0x60, 0x00, 0x00,
    0x00, 0x03, 0xFE, 0x00, 0x3F, 0xFE, 0x01, 0xFF, 0xFC, 0x0F, 0x80, 0xF8, 0x3C, 0x01, 0xF1, 0xE0,
    0x03, 0xC7, 0x80, 0x07, 0xBE, 0x00, 0x1E, 0xF0, 0x00, 0x7B, 0xC0, 0x01, 0xEF, 0x00, 0x07, 0xFC,
    0x00, 0x0F, 0xF0, 0x00, 0x3F, 0xC0, 0x00, 0xFF, 0x00, 0x03, 0xFC, 0x00, 0x1E, 0xF0, 0x00, 0x7B,
    0xC0, 0x01, 0xE7, 0x80, 0x07, 0x9E, 0x00, 0x3C, 0x7C, 0x00, 0xF0, 0xF8, 0x07, 0x81, 0xFD, 0xFE,
    0x03, 0xFF, 0xE0, 0x07, 0xFF, 0x00, 0x03, 0xE0, 0x00, 0x00, 0x00, 0x0C, 0x30, 0x03, 0x9E, 0x00,
    0xF3, 0xC0, 0x0E, 0x78, 0x01, 0xCE, 0x00, 0x31, 0x80, 0x00, 0x00, 0x07, 0xF8, 0x03, 0xFF, 0x01,
    0xF3, 0xE0, 0xF0, 0x3C, 0x78, 0x07, 0x9C, 0x00, 0xEF, 0x00, 0x3B, 0xC0, 0x0F, 0xF0, 0x03, 0xFC,
    0x00, 0xFF, 0x00, 0x3F, 0xC0, 0x0F, 0x70, 0x03, 0x9E, 0x01, 0xE7, 0xC0, 0xF0, 0xF8, 0x7C, 0x1F,
    0xFE, 0x03, 0xFF, 0x00, 0x1E, 0x00, 0x00, 0xFC, 0x00, 0x0F, 0xF8, 0x00, 0x3C, 0xF0, 0x00, 0xC1,
    0xC0, 0x00, 0x00, 0x00, 0x00, 0x00, 0x00, 0x00, 0x00, 0x00, 0xFF, 0x80, 0x0F, 0xFF, 0x80, 0x7F,
    0xFF, 0x03, 0xE0, 0x3E, 0x0F, 0x00, 0x7C, 0x78, 0x00, 0xF1, 0xE0, 0x01, 0xEF, 0x80, 0x07, 0xBC,
    0x00, 0x1E, 0xF0, 0x00, 0x7B, 0xC0, 0x01, 0xFF, 0x00, 0x03, 0xFC, 0x00, 0x0F, 0xF0, 0x00, 0x3F,
    0xC0, 0x00, 0xFF, 0x00, 0x07, 0xBC, 0x00, 0x1E, 0xF0, 0x00, 0x79, 0xE0, 0x01, 0xE7, 0x80, 0x0F,
    0x1F, 0x00, 0x3C, 0x3E, 0x01, 0xE0, 0x7F, 0x7F, 0x80, 0xFF, 0xF8, 0x01, 0xFF, 0xC0, 0x00, 0xF8,
    0x00, 0x03, 0xF0, 0x01, 0xFE, 0x00, 0xF3, 0xC0, 0x38, 0x70, 0x00, 0x00, 0x00, 0x00, 0x00, 0x00,
    0x00, 0x1F, 0xE0, 0x0F, 0xFC, 0x07, 0xCF, 0x83, 0xC0, 0xF1, 0xE0, 0x1E, 0x70, 0x03, 0xBC, 0x00,
    0xEF, 0x00, 0x3F, 0xC0, 0x0F, 0xF0, 0x03, 0xFC, 0x00, 0xFF, 0x00, 0x3D, 0xC0, 0x0E, 0x78, 0x07,
    0x9F, 0x03, 0xC3, 0xE1, 0xF0, 0x7F, 0xF8, 0x0F, 0xFC, 0x00, 0x78, 0x00, 0x00, 0x00, 0x06, 0x30,
    0x01, 0xE7, 0x00, 0x1E, 0xF0, 0x01, 0xEF, 0x00, 0x1C, 0xF0, 0x01, 0x84, 0x00, 0x00, 0x00, 0xFF,
    0xFC, 0x1F, 0xFF, 0xE3, 0xFF, 0xFE, 0x78, 0x03, 0xEF, 0x00, 0x3D, 0xE0, 0x07, 0xFC, 0x00, 0xFF,
    0x80, 0x1F, 0xF0, 0x03, 0xDE, 0x00, 0x7B, 0xC0, 0x3F, 0x7F, 0xFF, 0xCF, 0xFF, 0xF1, 0xFF, 0xF8,
    0x3C, 0x0F, 0x07, 0x81, 0xE0, 0xF0, 0x1E, 0x1E, 0x03, 0xC3, 0xC0, 0x3C, 0x78, 0x07, 0x8F, 0x00,
    0xF9, 0xE0, 0x0F, 0x3C, 0x01, 0xE7, 0x80, 0x1E, 0xF0, 0x03, 0xC0, 0x00, 0x0C, 0x30, 0xE7, 0x8F,
    0x3C, 0x39, 0xE1, 0xCE, 0x0C, 0x60, 0x00, 0x3C, 0xF3, 0xDF, 0x3F, 0xF3, 0xF0, 0x3E, 0x03, 0xC0,
    0x3C, 0x03, 0xC0, 0x3C, 0x03, 0xC0, 0x3C, 0x03, 0xC0, 0x3C, 0x03, 0xC0, 0x3C, 0x03, 0xC0, 0x3C,
    0x03, 0xC0, 0x07, 0xE0, 0x01, 0xFF, 0x00, 0x78, 0xE0, 0x0E, 0x0E, 0x00, 0x00, 0x00, 0x00, 0x00,
    0x00, 0x00, 0x07, 0xFF, 0xE0, 0xFF, 0xFF, 0x1F, 0xFF, 0xF3, 0xC0, 0x1F, 0x78, 0x01, 0xEF, 0x00,
    0x3F, 0xE0, 0x07, 0xFC, 0x00, 0xFF, 0x80, 0x1E, 0xF0, 0x03, 0xDE, 0x01, 0xFB, 0xFF, 0xFE, 0x7F,
    0xFF, 0x8F, 0xFF, 0xC1, 0xE0, 0x78, 0x3C, 0x0F, 0x07, 0x80, 0xF0, 0xF0, 0x1E, 0x1E, 0x01, 0xE3,
    0xC0, 0x3C, 0x78, 0x07, 0xCF, 0x00, 0x79, 0xE0, 0x0F, 0x3C, 0x00, 0xF7, 0x80, 0x1E, 0x3F, 0x0F,
    0xF3, 0xCF, 0x70, 0xE0, 0x00, 0x00, 0x00, 0x07, 0x9E, 0xF7, 0xDF, 0xFB, 0xF0, 0x7C, 0x0F, 0x01,
    0xE0, 0x3C, 0x07, 0x80, 0xF0, 0x1E, 0x03, 0xC0, 0x78, 0x0F, 0x01, 0xE0, 0x3C, 0x07, 0x80, 0xF0,
    0x00, 0x00, 0x00, 0x03, 0x8C, 0x00, 0x73, 0xC0, 0x0F, 0x3C, 0x00, 0x73, 0xC0, 0x07, 0x3C, 0x00,
    0x63, 0x00, 0x00, 0x00, 0x70, 0x00, 0xEE, 0x00, 0x1D, 0xC0, 0x03, 0xB8, 0x00, 0x77, 0x00, 0x0E,
    0xE0, 0x01, 0xDC, 0x00, 0x3B, 0x80, 0x07, 0x70, 0x00, 0xEE, 0x00, 0x1D, 0xC0, 0x03, 0xB8, 0x00,
    0x77, 0x00, 0x0E, 0xE0, 0x01, 0xDC, 0x00, 0x3B, 0x80, 0x07, 0x70, 0x00, 0xEE, 0x00, 0x1D, 0xE0,
    0x03, 0xBC, 0x00, 0xF7, 0x80, 0x1E, 0x78, 0x07, 0x8F, 0xFF, 0xF0, 0xFF, 0xFC, 0x0F, 0xFE, 0x00,
    0x3E, 0x00, 0x00, 0x00, 0xC6, 0x03, 0xDE, 0x03, 0xDE, 0x03, 0xDE, 0x03, 0x9E, 0x03, 0x08, 0x00,
    0x00, 0xE0, 0x0F, 0xE0, 0x1F, 0xC0, 0x3F, 0x80, 0x7F, 0x00, 0xFE, 0x01, 0xFC, 0x03, 0xF8, 0x07,
    0xF0, 0x0F, 0xE0, 0x1F, 0xC0, 0x3F, 0x80, 0x7F, 0x00, 0xFE, 0x03, 0xFC, 0x0F, 0xFC, 0x7F, 0x7F,
    0xEE, 0x7F, 0x9C, 0x38, 0x00, 0x01, 0xF8, 0x00, 0x7F, 0x80, 0x1E, 0x78, 0x03, 0x87, 0x00, 0x00,
    0x00, 0x00, 0x00, 0x00, 0x00, 0x03, 0x80, 0x07, 0x70, 0x00, 0xEE, 0x00, 0x1D, 0xC0, 0x03, 0xB8,
    0x00, 0x77, 0x00, 0x0E, 0xE0, 0x01, 0xDC, 0x00, 0x3B, 0x80, 0x07, 0x70, 0x00, 0xEE, 0x00, 0x1D,
    0xC0, 0x03, 0xB8, 0x00, 0x77, 0x00, 0x0E, 0xE0, 0x01, 0xDC, 0x00, 0x3B, 0x80, 0x07, 0x70, 0x00,
    0xEF, 0x00, 0x1D, 0xE0, 0x07, 0xBC, 0x00, 0xF3, 0xC0, 0x3C, 0x7F, 0xFF, 0x87, 0xFF, 0xE0, 0x7F,
    0xF0, 0x01, 0xF0, 0x00, 0x0F, 0xC0, 0x3F, 0xC0, 0xF3, 0xC1, 0xC1, 0x80, 0x00, 0x00, 0x00, 0x00,
    0x00, 0x70, 0x07, 0xF0, 0x0F, 0xE0, 0x1F, 0xC0, 0x3F, 0x80, 0x7F, 0x00, 0xFE, 0x01, 0xFC, 0x03,
    0xF8, 0x07, 0xF0, 0x0F, 0xE0, 0x1F, 0xC0, 0x3F, 0x80, 0x7F, 0x01, 0xFE, 0x07, 0xFE, 0x3F, 0xBF,
    0xF7, 0x3F, 0xCE, 0x1C, 0x00, 0x00, 0x00, 0x00, 0xFF, 0xC0, 0x3F, 0xFC, 0x0F, 0xFF, 0xE3, 0xE0,
    0x7C, 0x78, 0x03, 0x9E, 0x00, 0x03, 0xC0, 0x00, 0x78, 0x00, 0x0F, 0x80, 0x00, 0xF8, 0x00, 0x1F,
    0xE0, 0x01, 0xFF, 0x80, 0x1F, 0xFC, 0x00, 0x7F, 0xE0, 0x03, 0xFE, 0x00, 0x0F, 0xC0, 0x00, 0x7C,
    0x00, 0x07, 0x80, 0x00, 0xF2, 0x00, 0x1F, 0xE0, 0x03, 0xDE, 0x00, 0xF3, 0xFD, 0xFE, 0x3F, 0xFF,
    0x81, 0xFF, 0xC0, 0x07, 0xC0, 0x00, 0x00, 0x00, 0x07, 0x00, 0x01, 0xE0, 0x00, 0x3C, 0x00, 0x03,
    0x80, 0x00, 0x60, 0x00, 0x0C, 0x00, 0x0F, 0xF8, 0x1F, 0xFC, 0x3E, 0x3E, 0x38, 0x0E, 0x78, 0x04,
    0x78, 0x00, 0x7C, 0x00, 0x3F, 0x80, 0x1F, 0xF0, 0x0F, 0xFC, 0x01, 0xFE, 0x00, 0x1F, 0x00, 0x0F,
    0x60, 0x0F, 0x70, 0x0F, 0x7C, 0x1E, 0x3F, 0xFC, 0x1F, 0xF8, 0x03, 0xC0, 0x00, 0x00, 0x01, 0xC0,
    0x01, 0xC0, 0x01, 0xC0, 0x01, 0xC0, 0x01, 0x80, 0x01, 0x80, 0xFF, 0xFF, 0xEF, 0xFF, 0xFF, 0xFF,
    0xFF, 0xE0, 0x0F, 0x00, 0x00, 0xF0, 0x00, 0x0F, 0x00, 0x00, 0xF0, 0x00, 0x0F, 0x00, 0x00, 0xF0,
    0x00, 0x0F, 0x00, 0x00, 0xF0, 0x00, 0x0F, 0x00, 0x00, 0xF0, 0x00, 0x0F, 0x00, 0x00, 0xF0, 0x00,
    0x0F, 0x00, 0x00, 0xF0, 0x00, 0x0F, 0x00, 0x00, 0xF0, 0x00, 0x0F, 0x00, 0x00, 0xF0, 0x00, 0x0F,
    0x00, 0x00, 0xF0, 0x00, 0x0F, 0x00, 0x00, 0xF0, 0x00, 0x00, 0x00, 0x00, 0x00, 0x00, 0x07, 0x00,
    0x00, 0xF0, 0x00, 0x0F, 0x00, 0x00, 0x70, 0x00, 0x06, 0x00, 0x00, 0xE0, 0x00, 0x0E, 0x00, 0xE0,
    0x0E, 0x00, 0xE0, 0x0E, 0x00, 0xE0, 0x7F, 0xFF, 0xFF, 0x7F, 0xF0, 0xE0, 0x0E, 0x00, 0xE0, 0x0E,
    0x00, 0xE0, 0x0E, 0x00, 0xE0, 0x0E, 0x00, 0xE0, 0x0E, 0x00, 0xE0, 0x0E, 0x00, 0xF8, 0x0F, 0xF0,
    0x7F, 0x00, 0x00, 0x00, 0x01, 0xC0, 0x3C, 0x03, 0xC0, 0x1C, 0x01, 0x80, 0x38, 0x00, 0x3C, 0x0F,
    0xC1, 0xFE, 0x0F, 0x80, 0x60, 0x00, 0x00, 0xE1, 0xFD, 0xFE, 0xFC, 0x10, 0x00, 0x1E, 0x07, 0xE1,
    0xEE, 0x78, 0xE0, 0x38, 0x5F, 0xFF, 0xFF, 0x80, 0x80, 0xFF, 0xDF, 0xFF, 0xFF, 0x80, 0xE0, 0xFE,
    0x79, 0xFE, 0x1F, 0x80, 0xFF, 0xFF, 0x60, 0xE7, 0xE7, 0xE7, 0xE7, 0x7B, 0xF4, 0xC7, 0x38, 0xC0,
    0x00, 0x3C, 0x7E, 0xEE, 0xC7, 0xC7, 0xFE, 0x7E, 0x18, 0x00, 0x00, 0xC3, 0x1E, 0x73, 0xCF, 0x79,
    0xC7, 0x38, 0x63, 0x00, 0xF1, 0xCF, 0x78, 0xFE, 0x0F, 0x80, 0x00, 0x00, 0x03, 0x0C, 0x1C, 0xF0,
    0xF3, 0xC3, 0xCE, 0x07, 0x38, 0x10, 0xC0, 0x3F, 0x0F, 0xFB, 0xCF, 0x70, 0x60, 0x26, 0x6F, 0xFF,
    0x60, 0x38, 0xEF, 0x38, 0x00, 0x5F, 0xFE, 0xE7, 0xE7, 0xE7, 0xE7, 0xEE, 0xEE, 0x6C, 0x18, 0x18,
    0x38, 0x3E, 0x0E, 0x06, 0xFE, 0xFC, 0x1C, 0xF3, 0xC7, 0x0E, 0x3F, 0xDF, 0x80, 0x0E, 0x07, 0xF1,
    0xFF, 0x78, 0xF6, 0x0E, 0x7F, 0xDF, 0xFF, 0xFF, 0x80, 0x00, 0xFF, 0xFB, 0xFF, 0xEF, 0xFF, 0x80,
    0xFF, 0xFF, 0xFF, 0xE0, 0xFF, 0xFF, 0xFF, 0xFF, 0xFF, 0xFF, 0xFC, 0xFF, 0xFF, 0xFF, 0xFF, 0xFF,
    0xF8, 0xFF, 0xFF, 0xFF, 0xFF, 0xFF, 0xFF, 0xFF, 0xFF, 0xFF, 0xF8, 0xFF, 0xFF, 0xFF, 0xFF, 0xFF,
    0xFF, 0xFF, 0xFF, 0xFF, 0xF8, 0x19, 0xCC, 0xE7, 0xFF, 0xFF, 0x00, 0x7B, 0xDE, 0xF3, 0x39, 0x9C,
    0x00, 0x7B, 0xDE, 0xF3, 0x39, 0x9C, 0x40, 0x18, 0x67, 0x1C, 0xC3, 0x38, 0xE7, 0xBF, 0xF7, 0xFE,
    0xFF, 0xDF, 0x00, 0x00, 0x7B, 0xEF, 0x7D, 0xEF, 0xBD, 0xF3, 0x0C, 0xE3, 0x98, 0x67, 0x18, 0x00,
    0x00, 0x79, 0xEF, 0x7D, 0xEF, 0xBD, 0xF3, 0x0C, 0xE3, 0x98, 0x67, 0x1C, 0x40, 0x00, 0x03, 0x80,
    0x07, 0x00, 0x0E, 0x00, 0x1C, 0x00, 0x38, 0x00, 0x70, 0x00, 0xE0, 0x01, 0xC0, 0x03, 0x81, 0xFF,
    0xFF, 0xFF, 0xFF, 0xFF, 0xF0, 0x38, 0x00, 0x70, 0x00, 0xE0, 0x01, 0xC0, 0x03, 0x80, 0x07, 0x00,
    0x0E, 0x00, 0x1C, 0x00, 0x38, 0x00, 0x70, 0x00, 0xE0, 0x01, 0xC0, 0x03, 0x80, 0x07, 0x00, 0x0E,
    0x00, 0x1C, 0x00, 0x38, 0x00, 0x70, 0x00, 0xE0, 0x00, 0x03, 0x80, 0x07, 0x00, 0x0E, 0x00, 0x1C,
    0x00, 0x38, 0x00, 0x70, 0x00, 0xE0, 0x01, 0xC0, 0x03, 0x81, 0xFF, 0xFF, 0xFF, 0xFF, 0xFF, 0xF0,
    0x38, 0x00, 0x70, 0x00, 0xE0, 0x01, 0xC0, 0x03, 0x80, 0x07, 0x00, 0x0E, 0x07, 0xFF, 0xFF, 0xFF,
    0xFF, 0xFF, 0xC0, 0xE0, 0x01, 0xC0, 0x03, 0x80, 0x07, 0x00, 0x0E, 0x00, 0x1C, 0x00, 0x38, 0x00,
    0x70, 0x00, 0xE0, 0x00, 0x79, 0xFB, 0xFF, 0xFF, 0xFF, 0x9E, 0x00, 0xF0, 0x78, 0x3F, 0xE1, 0xE0,
    0xFF, 0x87, 0x83, 0xFE, 0x1E, 0x0F, 0x00, 0x00, 0x00, 0x00, 0x00, 0x07, 0xF0, 0x01, 0xC0, 0x00,
    0x03, 0xFE, 0x00, 0xE0, 0x00, 0x00, 0xE3, 0xC0, 0x30, 0x00, 0x00, 0x70, 0x70, 0x1C, 0x00, 0x00,
    0x1C, 0x1C, 0x0E, 0x00, 0x00, 0x07, 0x03, 0x83, 0x00, 0x00, 0x03, 0x80, 0xE1, 0xC0, 0x00, 0x00,
    0xE0, 0x38, 0xE0, 0x00, 0x00, 0x1C, 0x0E, 0x30, 0x00, 0x00, 0x07, 0x07, 0x1C, 0x00, 0x00, 0x01,
    0xC1, 0xCE, 0x00, 0x00, 0x00, 0x38, 0xF3, 0x1F, 0x80, 0x7C, 0x0F, 0xF9, 0xCF, 0xF0, 0x3F, 0xC0,
    0xFC, 0xE7, 0x9E, 0x1C, 0x70, 0x00, 0x31, 0xC3, 0x8E, 0x0E, 0x00, 0x1C, 0xE0, 0x73, 0x83, 0x80,
    0x0E, 0x38, 0x1C, 0xC0, 0x60, 0x03, 0x0E, 0x07, 0x70, 0x1C, 0x01, 0xC3, 0x81, 0xDC, 0x07, 0x00,
    0xE0, 0xE0, 0x77, 0x01, 0xC0, 0x30, 0x38, 0x1C, 0xE0, 0xE0, 0x1C, 0x0E, 0x0F, 0x38, 0x38, 0x0E,
    0x01, 0xC3, 0x8F, 0x1E, 0x03, 0x80, 0x7F, 0xC1, 0xFF, 0x01, 0xC0, 0x0F, 0xE0, 0x3F, 0x80, 0x20,
    0x00, 0xE0, 0x03, 0x80, 0x1E, 0x7C, 0xF1, 0xE3, 0x87, 0x1C, 0x38, 0x70, 0xC0, 0x1E, 0xF3, 0xEF,
    0x3C, 0xE3, 0xDE, 0x39, 0xE3, 0x9C, 0x71, 0xC7, 0x38, 0x73, 0x86, 0x30, 0x0C, 0x38, 0x61, 0xC7,
    0x1E, 0x38, 0x38, 0x70, 0x70, 0x70, 0x60, 0xC0, 0xE0, 0xE0, 0xC1, 0xC1, 0xC3, 0xC3, 0x8E, 0x1C,
    0x71, 0xC3, 0x0E, 0x00, 0x00, 0x00, 0xC0, 0x00, 0x38, 0x00, 0x0E, 0x00, 0x01, 0x80, 0x00, 0x70,
    0x00, 0x1C, 0x00, 0x03, 0x00, 0x00, 0xE0, 0x00, 0x38, 0x00, 0x06, 0x00, 0x01, 0xC0, 0x00, 0x70,
    0x00, 0x0C, 0x00, 0x03, 0x80, 0x00, 0xE0, 0x00, 0x1C, 0x00, 0x07, 0x00, 0x01, 0xC0, 0x00, 0x38,
    0x00, 0x0E, 0x00, 0x03, 0x80, 0x00, 0x70, 0x00, 0x1C, 0x00, 0x07, 0x00, 0x00, 0xE0, 0x00, 0x00,
    0x00, 0x00, 0x78, 0x00, 0xEF, 0x00, 0x39, 0xE0, 0x07, 0x3C, 0x01, 0xC0, 0x00, 0x70, 0x00, 0x0E,
    0x00, 0x03, 0x80, 0x00, 0xE0, 0x00, 0x1C, 0x00, 0x07, 0x00, 0x01, 0xC0, 0x00, 0x38, 0x00, 0x0E,
    0x00, 0x01, 0x80, 0x00, 0x70, 0x00, 0x1C, 0x00, 0x03, 0x00, 0x00, 0xE0, 0x00, 0x38, 0x00, 0x06,
    0x00, 0x01, 0xC0, 0x00, 0x70, 0x0F, 0x0C, 0x01, 0xE3, 0x80, 0x3C, 0xE0, 0x07, 0x88, 0x00, 0x00,
    0x00, 0x00, 0x7E, 0x0F, 0xF8, 0x70, 0xE7, 0x07, 0x38, 0x19, 0x80, 0xEC, 0x07, 0xE0, 0x3F, 0x01,
    0xD8, 0x0E, 0xC0, 0x77, 0x03, 0x38, 0x38, 0xE3, 0x83, 0xFC, 0x0F, 0x80, 0x01, 0xC0, 0x0E, 0x00,
    0xF0, 0x0F, 0x80, 0xEC, 0x06, 0x60, 0x63, 0x07, 0x18, 0x70, 0xC3, 0x06, 0x3F, 0xFF, 0xFF, 0xF0,
    0x0C, 0x00, 0x60, 0x03, 0x00, 0x18, 0x3F, 0xF1, 0xFF, 0x8C, 0x00, 0x60, 0x03, 0x00, 0x38, 0x01,
    0xFF, 0x8F, 0xFE, 0x30, 0x70, 0x01, 0xC0, 0x0E, 0x00, 0x72, 0x03, 0x38, 0x39, 0xFF, 0x83, 0xF8,
    0x00, 0x00, 0x7E, 0x07, 0xF8, 0x70, 0xC7, 0x00, 0x38, 0x01, 0x80, 0x0D, 0xF8, 0xFF, 0xE7, 0xC7,
    0x98, 0x1C, 0xC0, 0x77, 0x03, 0xB8, 0x38, 0xE1, 0xC3, 0xFC, 0x0F, 0xC0, 0xFF, 0xFF, 0xFC, 0x03,
    0x80, 0xE0, 0x18, 0x07, 0x00, 0xC0, 0x38, 0x06, 0x01, 0xC0, 0x38, 0x0E, 0x01, 0xC0, 0x38, 0x0E,
    0x01, 0xC0, 0x00, 0x00, 0xFE, 0x0F, 0xF8, 0xE0, 0xE7, 0x07, 0x38, 0x19, 0xC1, 0xC7, 0x9C, 0x3F,
    0xC1, 0xFF, 0x1C, 0x3C, 0xC0, 0x76, 0x03, 0xB0, 0x1D, 0xC1, 0xC7, 0xFE, 0x1F, 0xC0, 0x00, 0x01,
    0xF8, 0x3F, 0xC7, 0x0E, 0x60, 0x7E, 0x07, 0xE0, 0x37, 0x07, 0x79, 0xF3, 0xFF, 0x0F, 0x30, 0x07,
    0x00, 0x70, 0x06, 0x70, 0xE3, 0xFC, 0x1F, 0x80, 0x01, 0xDC, 0x00, 0xEE, 0x00, 0x76, 0x00, 0x7F,
    0x00, 0xFF, 0x80, 0xFF, 0xF0, 0xF8, 0x78, 0x70, 0x1E, 0x78, 0x07, 0x38, 0x00, 0x3C, 0x00, 0x1E,
    0x00, 0x0F, 0x00, 0x07, 0x80, 0x03, 0xC0, 0x01, 0xE0, 0x00, 0x78, 0x02, 0x3C, 0x03, 0x8F, 0x03,
    0xC3, 0xFF, 0xC0, 0xFF, 0xC0, 0x7F, 0x80, 0x3B, 0x80, 0x19, 0x80, 0x1D, 0xC0, 0x00, 0x0F, 0xFF,
    0xF0, 0xFF, 0xFF, 0x0F, 0xFF, 0xF0, 0xF0, 0x00, 0x0F, 0x00, 0x00, 0xF0, 0x00, 0x0F, 0x00, 0x00,
    0xF0, 0x00, 0x0F, 0x00, 0x00, 0xF0, 0x00, 0x0F, 0x00, 0x00, 0xFF, 0xFC, 0x0F, 0xFF, 0xC0, 0xFF,
    0xFC, 0x0F, 0x00, 0x00, 0xF0, 0x00, 0x0F, 0x00, 0x00, 0xF0, 0x00, 0x7F, 0xF8, 0x0F, 0xFF, 0x80,
    0x7F, 0xF8, 0x00, 0xF0, 0x00, 0x0F, 0x00, 0x00, 0xF0, 0x00, 0x0F, 0x00, 0x00, 0x00, 0x00, 0x00,
    0x7F, 0x80, 0x1F, 0xFC, 0x07, 0xFF, 0xC0, 0xF0, 0x78, 0x3C, 0x06, 0x07, 0x80, 0x00, 0xF0, 0x00,
    0x1E, 0x00, 0x03, 0xC0, 0x01, 0xFF, 0xE0, 0x7F, 0xFC, 0x07, 0xFF, 0x80, 0x1E, 0x00, 0x03, 0xC0,
    0x03, 0xFF, 0xC0, 0xFF, 0xF8, 0x0F, 0xFF, 0x00, 0x3C, 0x00, 0x07, 0x80, 0x00, 0xF0, 0x00, 0x1E,
    0x01, 0xC7, 0x80, 0x7F, 0xFF, 0xFE, 0xFF, 0xFF, 0x9F, 0xFF, 0xE0, 0x1E, 0x00, 0x1E, 0x0F, 0x80,
    0x0F, 0x07, 0xC0, 0x07, 0x83, 0xF0, 0x03, 0xC1, 0xFC, 0x01, 0xE0, 0xFE, 0x00, 0xF0, 0x7F, 0x80,
    0x78, 0x3F, 0xE0, 0x3C, 0xFF, 0xFF, 0xFF, 0xFF, 0xFF, 0xFF, 0xC7, 0x9F, 0x07, 0x83, 0xC7, 0x83,
    0xC1, 0xE1, 0xE1, 0xE0, 0xF0, 0xF8, 0xF3, 0xFF, 0xFF, 0xFF, 0xFF, 0xFF, 0xFF, 0xFF, 0xFF, 0xFF,
    0x0F, 0x01, 0xFF, 0x07, 0x80, 0x7F, 0x83, 0xC0, 0x3F, 0xC1, 0xE0, 0x0F, 0xE0, 0xF0, 0x03, 0xF0,
    0x78, 0x00, 0xF8, 0x3C, 0x00, 0x7C, 0x1E, 0x00, 0x1E, 0x00, 0xFF, 0xC0, 0x00, 0x00, 0xFF, 0xF0,
    0x00, 0x00, 0xFF, 0xF8, 0x00, 0x00, 0xF0, 0xF8, 0x00, 0x00, 0xF0, 0x3C, 0x00, 0x00, 0xF0, 0x3C,
    0x00, 0x00, 0xF0, 0x1C, 0x00, 0x00, 0xF0, 0x1F, 0x80, 0x00, 0xF0, 0x1F, 0x80, 0x00, 0xF0, 0x3F,
    0x80, 0x00, 0xF0, 0x3F, 0x80, 0x00, 0xF0, 0xFF, 0xF0, 0xF0, 0xFF, 0xFF, 0xFB, 0xFC, 0xFF, 0xFF,
    0xFF, 0xFE, 0xFF, 0xC3, 0x8F, 0x0E, 0xF0, 0x03, 0x8E, 0x00, 0xF0, 0x03, 0x8F, 0x80, 0xF0, 0x03,
    0x87, 0xF0, 0xF0, 0x03, 0x83, 0xFC, 0xF0, 0x03, 0x80, 0x7E, 0xF0, 0x03, 0x80, 0x0F, 0xF0, 0x03,
    0x84, 0x07, 0xF0, 0x03, 0x8E, 0x0F, 0xF0, 0x03, 0xFF, 0xFE, 0xF0, 0x01, 0xFF, 0xFC, 0x00, 0x00,
    0xF1, 0xF0, 0x3C, 0x00, 0x70, 0x01, 0xC7, 0x80, 0x1F, 0x00, 0x38, 0xF0, 0x03, 0xE0, 0x0F, 0x0F,
    0x00, 0x7C, 0x01, 0xE1, 0xE0, 0x1F, 0x80, 0x38, 0x3C, 0x03, 0xF8, 0x07, 0x03, 0xC0, 0x7F, 0x01,
    0xE7, 0xFF, 0xFF, 0xFF, 0xFF, 0xFF, 0xFF, 0xFF, 0xFF, 0xE1, 0xE0, 0x73, 0xC1, 0xE0, 0x1E, 0x0E,
    0x78, 0x3C, 0x03, 0xC3, 0xC7, 0x07, 0x0F, 0xFF, 0xFF, 0xFF, 0xFF, 0xFF, 0xFF, 0xFF, 0xFF, 0xFF,
    0xFF, 0xFF, 0xFF, 0xF8, 0x1E, 0x78, 0x38, 0xE0, 0x03, 0xCE, 0x07, 0xBC, 0x00, 0x3D, 0xC0, 0xF7,
    0x80, 0x07, 0xF8, 0x0E, 0xE0, 0x00, 0xFE, 0x01, 0xFC, 0x00, 0x0F, 0xC0, 0x3F, 0x80, 0x01, 0xF8,
    0x07, 0xE0, 0x00, 0x3F, 0x00, 0x7C, 0x00, 0x07, 0xC0, 0x0F, 0x80, 0x00, 0x78, 0x01, 0xF0, 0x00,
    0x00, 0x1C, 0x00, 0x1C, 0x03, 0xFF, 0x03, 0xFF, 0x00, 0x3C, 0x07, 0x1C, 0x1F, 0xDC, 0x3F, 0xFC,
    0x78, 0x7C, 0x70, 0x3C, 0xF0, 0x3C, 0xE0, 0x3C, 0xE0, 0x3C, 0xE0, 0x3C, 0xE0, 0x3C, 0xF0, 0x3C,
    0xF0, 0x3C, 0x78, 0x3C, 0x7E, 0xFC, 0x3F, 0xDC, 0x0F, 0x9C, 0x00, 0x00, 0x00, 0x00, 0x7F, 0xFC,
    0x7F, 0xFC, 0x00, 0x00, 0x00, 0x07, 0xFC, 0x00, 0xFF, 0xE0, 0x3F, 0xFF, 0x03, 0xE0, 0xE0, 0x78,
    0x00, 0x0F, 0x80, 0x00, 0xF0, 0x00, 0x0F, 0x00, 0x01, 0xF0, 0x00, 0xFF, 0xFC, 0x0F, 0xFF, 0xC0,
    0x1E, 0x00, 0x01, 0xE0, 0x00, 0x1E, 0x00, 0x0F, 0xFF, 0xC0, 0xFF, 0xFC, 0x07, 0xFF, 0xC0, 0x0F,
    0x00, 0x00, 0xF0, 0x00, 0x0F, 0x80, 0x00, 0x78, 0x00, 0x07, 0xC0, 0x60, 0x3F, 0xFF, 0x01, 0xFF,
    0xF0, 0x07, 0xFC, 0x00, 0x0F, 0x00, 0x0E, 0x00, 0x3C, 0x1E, 0x00, 0xF0, 0x3C, 0x03, 0xE0, 0x78,
    0x0F, 0x80, 0xF0, 0x3E, 0x01, 0xE0, 0x78, 0x03, 0xC1, 0xE0, 0x07, 0x87, 0x80, 0x0F, 0x1E, 0x01,
    0xFE, 0x7F, 0xF3, 0xFD, 0xFF, 0xF7, 0xFF, 0xFF, 0xE0, 0xFF, 0xF0, 0x01, 0xFD, 0xE0, 0x03, 0xF1,
    0xE0, 0x07, 0xC3, 0xE0, 0x0F, 0x03, 0xC0, 0x1E, 0x07, 0xC0, 0x3C, 0x07, 0x80, 0x78, 0x07, 0x80,
    0xF0, 0x0F, 0x81, 0xE0, 0x0F, 0x03, 0xC0, 0x1F, 0x07, 0x80, 0x1E, 0x0F, 0x00, 0x1E, 0xFF, 0xFF,
    0xEF, 0xFF, 0xFF, 0xFF, 0xFF, 0xE0, 0x0F, 0x00, 0x00, 0xF0, 0x00, 0x0F, 0x00, 0x00, 0xF0, 0x00,
    0x0F, 0x00, 0x00, 0xF7, 0x00, 0x0F, 0xF0, 0x01, 0xFE, 0x00, 0xFF, 0x00, 0x0F, 0xF0, 0x00, 0xCF,
    0x30, 0x00, 0xFF, 0x00, 0x0F, 0xF0, 0x03, 0xFC, 0x00, 0xFF, 0x00, 0x0F, 0xF0, 0x00, 0x0F, 0x00,
    0x00, 0xF0, 0x00, 0x0F, 0x00, 0x00, 0xF0, 0x00, 0x0F, 0x00, 0x00, 0xF0, 0x00, 0x1F, 0xFF, 0x00,
    0x1F, 0xFF, 0xC0, 0x1F, 0xFF, 0xE0, 0x1E, 0x01, 0xF0, 0xFF, 0xFF, 0xFF, 0xFF, 0xFF, 0xFF, 0xFF,
    0xFF, 0xFF, 0x1E, 0x00, 0x78, 0xFF, 0xFF, 0xFF, 0xFF, 0xFF, 0xFF, 0xFF, 0xFF, 0xFF, 0x1E, 0x01,
    0xF0, 0x1F, 0xFF, 0xE0, 0x1F, 0xFF, 0xC0, 0x1F, 0xFF, 0x00, 0x1E, 0x00, 0x00, 0x1E, 0x00, 0x00,
    0x1E, 0x00, 0x00, 0x1E, 0x00, 0x00, 0x1E, 0x00, 0x00, 0x1E, 0x00, 0x00, 0x1E, 0x00, 0x00, 0x1E,
    0x00, 0x00, 0x1E, 0x00, 0x00, 0x1E, 0x00, 0x00, 0x00, 0x60, 0x00, 0x03, 0x80, 0x00, 0x1C, 0x00,
    0x07, 0xFC, 0x00, 0xFF, 0xF8, 0x0F, 0xFF, 0xE0, 0xF9, 0xCF, 0x87, 0x8E, 0x3C, 0x78, 0x70, 0xF3,
    0xC3, 0x87, 0xBE, 0x1C, 0x39, 0xE0, 0xE0, 0x0F, 0x07, 0x00, 0x78, 0x38, 0x03, 0xC1, 0xC0, 0x1E,
    0x0F, 0xFE, 0xF0, 0x7F, 0xFF, 0x83, 0xFF, 0xFC, 0x1C, 0x1F, 0xE0, 0xE0, 0xFF, 0x07, 0x07, 0xBC,
    0x38, 0x7D, 0xE1, 0xC3, 0xE7, 0x8E, 0x3F, 0x3E, 0x73, 0xF8, 0xFF, 0xFD, 0xC3, 0xFF, 0xEE, 0x0F,
    0xFC, 0x70, 0x0F, 0x80, 0x00, 0x38, 0x00, 0x01, 0x80, 0x00, 0x00, 0x00, 0x00, 0xFF, 0x80, 0x7F,
    0xFC, 0x1F, 0xFF, 0xC3, 0xC0, 0x78, 0x70, 0x07, 0x80, 0x00, 0xF0, 0x00, 0x1E, 0x00, 0x03, 0xC0,
    0x00, 0x73, 0xFF, 0xFF, 0xFF, 0xFF, 0xF0, 0x07, 0xC0, 0x07, 0xE0, 0x01, 0xF0, 0x07, 0xFF, 0xFF,
    0xFF, 0xFF, 0xEF, 0xFF, 0xF9, 0xE0, 0x00, 0x3C, 0x00, 0x07, 0x80, 0x08, 0xF0, 0x03, 0x8F, 0x00,
    0xF1, 0xF8, 0x7E, 0x1F, 0xFF, 0x81, 0xFF, 0xC0, 0x03, 0xC0, 0x00, 0x00, 0x60, 0x00, 0x07, 0x00,
    0x00, 0x70, 0x00, 0x3F, 0xE0, 0x0F, 0xFF, 0x81, 0xFF, 0xFC, 0x3E, 0x73, 0xE3, 0xC7, 0x1E, 0x78,
    0x70, 0xF7, 0x87, 0x0F, 0xF8, 0x70, 0xFF, 0x07, 0x00, 0xF0, 0x70, 0x0F, 0x07, 0x00, 0xF0, 0x70,
    0x0F, 0x07, 0x00, 0xF0, 0x70, 0x0F, 0x07, 0x00, 0xF0, 0x70, 0x0F, 0x07, 0x00, 0xF0, 0x70, 0x07,
    0x87, 0x07, 0x78, 0x70, 0xF3, 0xC7, 0x0F, 0x3E, 0x73, 0xE1, 0xFF, 0xFC, 0x0F, 0xFF, 0x80, 0x3F,
    0xF0, 0x00, 0xF8, 0x00, 0x07, 0x00, 0x00, 0x70, 0x00, 0xFF, 0xFF, 0xEF, 0xFF, 0xFF, 0xFF, 0xFF,
    0xE0, 0x00, 0x00, 0xFF, 0xFF, 0xEF, 0xFF, 0xFF, 0xFF, 0xFF, 0xE0, 0x0F, 0x00, 0x00, 0xF0, 0x00,
    0x0F, 0x00, 0x00, 0xF0, 0x00, 0x0F, 0x00, 0x00, 0xF0, 0x00, 0x0F, 0x00, 0x00, 0xF0, 0x00, 0x0F,
    0x00, 0x00, 0xF0, 0x00, 0x0F, 0x00, 0x00, 0xF0, 0x00, 0x0F, 0x00, 0x00, 0xF0, 0x00, 0x0F, 0x00,
    0x00, 0xF0, 0x00, 0x0F, 0x00, 0x00, 0xF0, 0x00, 0xFF, 0xFF, 0xFF, 0xFF, 0xFD, 0xFF, 0xF8, 0x00,
    0x0F, 0x80, 0x00, 0xF1, 0xFF, 0xFF, 0xFF, 0xFF, 0xFF, 0xFF, 0xFF, 0x00, 0x0F, 0x00, 0x03, 0xE0,
    0x01, 0xF8, 0x7F, 0xFE, 0x0F, 0xFF, 0x81, 0xFF, 0xE0, 0x00, 0x3C, 0x00, 0x07, 0x80, 0x00, 0x78,
    0x00, 0x0F, 0x00, 0x01, 0xE0, 0x00, 0x1E, 0x00, 0x03, 0xC0, 0x00, 0x7C, 0x00, 0x07, 0x80, 0x00,
    0xF0, 0x00, 0x0F, 0x00, 0x0E, 0x00, 0x01, 0xC0, 0x00, 0x38, 0x00, 0x07, 0x00, 0x00, 0xE0, 0x00,
    0x1C, 0x00, 0x03, 0x80, 0x00, 0x73, 0x80, 0x0F, 0xF8, 0x03, 0xFC, 0x01, 0xFE, 0x00, 0x7F, 0x00,
    0x07, 0xE3, 0x00, 0x1F, 0xF0, 0x03, 0xFE, 0x01, 0xFE, 0x00, 0xFF, 0x01, 0x8F, 0xC0, 0x38, 0x38,
    0x0F, 0x07, 0x01, 0xE0, 0xE0, 0x78, 0x1C, 0x1F, 0x03, 0xFF, 0xC0, 0x7F, 0xE0, 0x0F, 0xF8, 0x00,
    0x00, 0x40, 0x00, 0x1C, 0x00, 0x03, 0x80, 0x00, 0x70, 0x00, 0x1F, 0x80, 0x1F, 0xFC, 0x07, 0xFF,
    0xC0, 0xFF, 0x7C, 0x3C, 0xE7, 0xC7, 0x1C, 0x79, 0xE3, 0x87, 0xB8, 0x70, 0xF7, 0x0E, 0x1E, 0xE1,
    0xC3, 0xDC, 0x38, 0x7B, 0x87, 0x0F, 0x70, 0xE1, 0xEE, 0x1C, 0x3D, 0xC3, 0x87, 0xB8, 0x70, 0xF7,
    0x0E, 0x1E, 0xE1, 0xC3, 0xDC, 0x38, 0x7B, 0x87, 0x0F, 0x70, 0xE1, 0xEE, 0x00, 0x3D, 0xC0, 0x07,
    0xB8, 0x00, 0xF7, 0x00, 0x0E, 0x0F, 0xFF, 0x80, 0x3F, 0xFF, 0x80, 0xFF, 0xFF, 0x03, 0xC0, 0x7E,
    0x0F, 0x00, 0x78, 0x3C, 0x01, 0xF0, 0xF0, 0x03, 0xC3, 0xC0, 0x0F, 0x0F, 0x00, 0x3C, 0x3C, 0x01,
    0xF0, 0xF0, 0x07, 0x83, 0xC0, 0x7E, 0xFF, 0xFF, 0xF3, 0xFF, 0xFF, 0x8F, 0xFF, 0xF8, 0x03, 0xC0,
    0x00, 0x0F, 0x00, 0x00, 0x3C, 0x00, 0x0F, 0xFF, 0xC0, 0x3F, 0xFF, 0x00, 0x0F, 0x00, 0x00, 0x3C,
    0x00, 0x00, 0xF0, 0x00, 0x03, 0xC0, 0x00, 0x0F, 0x00, 0x00, 0x00, 0x00, 0x03, 0xFC, 0x03, 0xFF,
    0xC1, 0xFF, 0xF8, 0x30, 0x1E, 0x00, 0x03, 0xC0, 0x00, 0x70, 0x00, 0x1E, 0x00, 0x07, 0x80, 0x00,
    0xE0, 0x00, 0x38, 0x3F, 0xEE, 0x1F, 0xFF, 0xCF, 0xFF, 0xF7, 0xC0, 0xFD, 0xE0, 0x0E, 0xF0, 0x03,
    0xBC, 0x00, 0xEF, 0x00, 0x3B, 0xC0, 0x1E, 0xF0, 0x07, 0x9E, 0x03, 0xC7, 0x81, 0xF0, 0xF9, 0xF8,
    0x1F, 0xFC, 0x03, 0xFE, 0x00, 0x1C, 0x00, 0x01, 0xE1, 0x03, 0xFD, 0xC7, 0xFF, 0xC3, 0x83, 0xC3,
    0x83, 0xE1, 0x83, 0xF9, 0xC3, 0xCC, 0xE3, 0xC6, 0x73, 0xC3, 0x1B, 0xC3, 0x8F, 0xC1, 0xC7, 0x81,
    0xC3, 0xF3, 0xC3, 0xFF, 0xC1, 0x8F, 0x80, 0x00, 0xF0, 0x00, 0x1F, 0x00, 0x01, 0xF8, 0x00, 0x1F,
    0x80, 0x03, 0xF8, 0x00, 0x3F, 0xC0, 0x03, 0x9C, 0x00, 0x79, 0xE0, 0x07, 0x1E, 0x00, 0x70, 0xE0,
    0x0F, 0x0F, 0x00, 0xE0, 0xF0, 0x1E, 0x07, 0x01, 0xE0, 0x78, 0x1C, 0x07, 0x83, 0xC0, 0x38, 0x3C,
    0x03, 0xC3, 0x80, 0x3C, 0x78, 0x01, 0xE7, 0x80, 0x1E, 0x70, 0x00, 0xEF, 0x00, 0x0F, 0xFF, 0xFF,
    0xFF, 0xFF, 0xFF, 0xFF, 0xFF, 0xF0, 0xFF, 0xFF, 0xFF, 0xFF, 0xFF, 0xFF, 0xFF, 0xFF, 0xC7, 0x80,
    0x70, 0x1E, 0x01, 0xC0, 0x78, 0x07, 0x01, 0xE0, 0x1C, 0x07, 0x80, 0x70, 0x1E, 0x01, 0xC0, 0x78,
    0x07, 0x01, 0xE0, 0x1C, 0x07, 0x80, 0x70, 0x1E, 0x01, 0xC0, 0x78, 0x07, 0x01, 0xE0, 0x1C, 0x07,
    0x80, 0x70, 0x1E, 0x01, 0xC0, 0x78, 0x07, 0x01, 0xE0, 0x1C, 0x07, 0x80, 0x70, 0x1E, 0x01, 0xC0,
    0x78, 0x07, 0x01, 0xE0, 0x1C, 0x07, 0x80, 0x70, 0x0E, 0x01, 0xC0, 0x7F, 0xFF, 0x3F, 0xFF, 0xDF,
    0xFF, 0xC7, 0x80, 0x03, 0xE0, 0x00, 0xF0, 0x00, 0x3C, 0x00, 0x1F, 0x00, 0x07, 0x80, 0x01, 0xE0,
    0x00, 0xF8, 0x00, 0x3E, 0x00, 0x0F, 0x00, 0x0F, 0x00, 0x0F, 0x80, 0x07, 0x80, 0x07, 0x80, 0x07,
    0xC0, 0x03, 0xC0, 0x03, 0xC0, 0x03, 0xC0, 0x01, 0xE0, 0x01, 0xFF, 0xFF, 0xFF, 0xFF, 0xFF, 0xFF,
    0x80, 0xFF, 0xFF, 0xFF, 0xFF, 0xFF, 0xF8, 0x00, 0xE0, 0x0E, 0x00, 0xE0, 0x1C, 0x01, 0xC0, 0x1C,
    0x03, 0x80, 0x38, 0x03, 0x80, 0x70, 0x07, 0x00, 0x70, 0x07, 0x00, 0xE0, 0x0E, 0x00, 0xE0, 0x1C,
    0x01, 0xC0, 0x1C, 0x03, 0x80, 0x38, 0x03, 0x80, 0x70, 0x07, 0x00, 0x70, 0x0E, 0x00, 0xE0, 0x00,
    0x79, 0xFB, 0xFF, 0xFF, 0xFF, 0x9E, 0x00, 0x00, 0x00, 0x18, 0x00, 0x00, 0xF0, 0x00, 0x03, 0x80,
    0x00, 0x0E, 0x00, 0x00, 0x78, 0x00, 0x01, 0xC0, 0x00, 0x07, 0x00, 0x00, 0x1C, 0x00, 0x00, 0xF0,
    0x00, 0x03, 0x80, 0x00, 0x0E, 0x00, 0x00, 0x38, 0x00, 0x01, 0xE0, 0x00, 0x07, 0x00, 0x00, 0x1C,
    0x00, 0x00, 0x70, 0x0C, 0x03, 0xC1, 0xF0, 0x0E, 0x0F, 0xE0, 0x38, 0x1F, 0x80, 0xE0, 0x0E, 0x07,
    0x80, 0x3C, 0x1C, 0x00, 0x70, 0x70, 0x01, 0xC1, 0xC0, 0x07, 0x8E, 0x00, 0x0E, 0x38, 0x00, 0x38,
    0xE0, 0x00, 0xF3, 0x80, 0x01, 0xDC, 0x00, 0x07, 0xF0, 0x00, 0x0F, 0xC0, 0x00, 0x3F, 0x00, 0x00,
    0xF8, 0x00, 0x01, 0xE0, 0x00, 0x07, 0x80, 0x00, 0x0F, 0x03, 0xE0, 0xFF, 0x1F, 0xC7, 0xFE, 0xFF,
    0x9C, 0x3F, 0x8F, 0xE0, 0x7C, 0x1F, 0x81, 0xE0, 0x7E, 0x07, 0x81, 0xFC, 0x3F, 0x07, 0x79, 0xFF,
    0x3D, 0xFF, 0x3F, 0xE3, 0xF8, 0x7F, 0x03, 0x80, 0x70, 0x00, 0xF8, 0x03, 0xFC, 0x0F, 0xF8, 0x3F,
    0xE0, 0x78, 0x00, 0xE0, 0x01, 0xC0, 0x03, 0x80, 0x07, 0x00, 0x0E, 0x00, 0x1C, 0x00, 0x38, 0x00,
    0x78, 0x00, 0xF0, 0x01, 0xE0, 0x03, 0xC0, 0x07, 0x80, 0x07, 0x00, 0x0E, 0x00, 0x1C, 0x00, 0x38,
    0x00, 0x70, 0x00, 0xE0, 0x01, 0xE0, 0x03, 0xC0, 0x07, 0x80, 0x0F, 0x00, 0x1E, 0x00, 0x3C, 0x00,
    0x78, 0x00, 0xE0, 0x23, 0xC0, 0xFF, 0x81, 0xFE, 0x01, 0xF8, 0x00, 0x00, 0x00, 0x3F, 0x83, 0x7F,
    0xFF, 0x71, 0xFF, 0x60, 0x7C, 0x00, 0x00, 0x00, 0x00, 0x0E, 0x00, 0x3F, 0xC3, 0x7F, 0xFF, 0x60,
    0xFE, 0x00, 0x38, 0x00, 0x30, 0x00, 0x60, 0x01, 0xC0, 0x03, 0x00, 0x0E, 0x1F, 0xFF, 0xFF, 0xFF,
    0xFF, 0xFF, 0x01, 0x80, 0x07, 0x00, 0x0C, 0x00, 0x38, 0x0F, 0xFF, 0xFF, 0xFF, 0xFF, 0xFF, 0x8E,
    0x00, 0x1C, 0x00, 0x30, 0x00, 0xE0, 0x01, 0x80, 0x00, 0x00, 0x06, 0x00, 0x1F, 0x00, 0xFE, 0x03,
    0xFE, 0x1F, 0xF0, 0x7F, 0xC0, 0x7E, 0x00, 0x7C, 0x00, 0x7F, 0x80, 0x1F, 0xE0, 0x07, 0xFC, 0x00,
    0xFE, 0x00, 0x3E, 0x00, 0x06, 0x00, 0x00, 0x00, 0x00, 0x00, 0x00, 0x7F, 0xFE, 0xFF, 0xFF, 0xFF,
    0xFF, 0xC0, 0x01, 0xE0, 0x03, 0xF8, 0x03, 0xFC, 0x01, 0xFF, 0x00, 0x7F, 0x80, 0x3F, 0x80, 0x3F,
    0x01, 0xFE, 0x1F, 0xF0, 0xFF, 0x07, 0xF8, 0x0F, 0x80, 0x1C, 0x00, 0x00, 0x00, 0x00, 0x00, 0x00,
    0x01, 0xFF, 0xFF, 0xFF, 0xFF, 0xFF, 0xF0, 0x03, 0xF1, 0xC0, 0xFE, 0x3C, 0x1F, 0xC7, 0x87, 0x80,
    0xE0, 0xF0, 0x0C, 0x1E, 0x00, 0x03, 0xC0, 0x03, 0xFF, 0x8E, 0xFF, 0xF1, 0xCF, 0xFE, 0x38, 0x3C,
    0x07, 0x07, 0x80, 0xE0, 0xF0, 0x1C, 0x1E, 0x03, 0x83, 0xC0, 0x70, 0x78, 0x0E, 0x0F, 0x01, 0xC1,
    0xE0, 0x38, 0x3C, 0x07, 0x07, 0x80, 0xE0, 0xF0, 0x1C, 0x1E, 0x03, 0x83, 0xC0, 0x70, 0x78, 0x0E,
    0x0F, 0x01, 0xC0, 0x03, 0xF1, 0xC0, 0xFE, 0x38, 0x1F, 0xC7, 0x07, 0x80, 0xE0, 0xF0, 0x1C, 0x1E,
    0x03, 0x83, 0xC0, 0x73, 0xFF, 0x8E, 0xFF, 0xF1, 0xCF, 0xFE, 0x38, 0x3C, 0x07, 0x07, 0x80, 0xE0,
    0xF0, 0x1C, 0x1E, 0x03, 0x83, 0xC0, 0x70, 0x78, 0x0E, 0x0F, 0x01, 0xC1, 0xE0, 0x38, 0x3C, 0x07,
    0x07, 0x80, 0xE0, 0xF0, 0x1C, 0x1E, 0x03, 0x83, 0xC0, 0x70, 0x78, 0x0E, 0x0F, 0x01, 0xC0,
};

static const EpdGlyph librefranklin_8_regular_2xGlyphs[] = {
    { 0, 0, 114, 0, 0, 0, 0 }, // U+0020
    { 4, 25, 130, 2, 25, 13, 0 }, // !
    { 10, 8, 218, 2, 25, 10, 13 }, // "
    { 18, 26, 322, 1, 25, 59, 23 }, // #
    { 19, 31, 323, 0, 28, 74, 82 }, // $
    { 28, 27, 488, 1, 26, 95, 156 }, // %
    { 25, 27, 415, 1, 26, 85, 251 }, // &
    { 4, 8, 128, 2, 25, 4, 336 }, // '
    { 7, 31, 153, 2, 25, 28, 340 }, // (
    { 8, 31, 153, 0, 25, 31, 368 }, // )
    { 13, 12, 203, 0, 25, 20, 399 }, // *
    { 15, 15, 297, 2, 20, 29, 419 }, // +
    { 5, 9, 113, 1, 4, 6, 448 }, // ,
    { 9, 3, 203, 2, 10, 4, 454 }, // -
    { 5, 4, 111, 1, 4, 3, 458 }, // .
    { 12, 27, 182, 0, 25, 41, 461 }, // /
    { 19, 27, 367, 2, 26, 65, 502 }, // 0
    { 14, 25, 248, 1, 25, 44, 567 }, // 1
    { 18, 26, 319, 1, 26, 59, 611 }, // 2
    { 19, 27, 342, 1, 26, 65, 670 }, // 3
    { 20, 25, 346, 1, 25, 63, 735 }, // 4
    { 19, 26, 349, 1, 25, 62, 798 }, // 5
    { 19, 27, 352, 2, 26, 65, 860 }, // 6
    { 18, 25, 319, 1, 25, 57, 925 }, // 7
    { 19, 27, 356, 2, 26, 65, 982 }, // 8
    { 19, 27, 351, 1, 26, 65, 1047 }, // 9
    { 5, 17, 111, 1, 17, 11, 1112 }, // :
    { 5, 22, 122, 1, 17, 14, 1123 }, // ;
    { 15, 14, 290, 1, 19, 27, 1137 }, // <
    { 15, 10, 297, 2, 17, 19, 1164 }, // =
    { 15, 14, 290, 2, 19, 27, 1183 }, // >
    { 17, 26, 279, 0, 26, 56, 1210 }, // ?
    { 26, 27, 445, 1, 23, 88, 1266 }, // @
    { 22, 25, 388, 1, 25, 69, 1354 }, // A
    { 19, 25, 373, 3, 25, 60, 1423 }, // B
    { 20, 27, 377, 2, 26, 68, 1483 }, // C
    { 19, 25, 385, 3, 25, 60, 1551 }, // D
    { 17, 25, 335, 3, 25, 54, 1611 }, // E
    { 16, 25, 320, 3, 25, 50, 1665 }, // F
    { 21, 27, 394, 2, 26, 71, 1715 }, // G
    { 19, 25, 392, 3, 25, 60, 1786 }, // H
    { 4, 25, 155, 3, 25, 13, 1846 }, // I
    { 10, 26, 223, 1, 25, 33, 1859 }, // J
    { 19, 25, 374, 3, 25, 60, 1892 }, // K
    { 16, 25, 321, 3, 25, 50, 1952 }, // L
    { 24, 25, 483, 3, 25, 75, 2002 }, // M
    { 19, 25, 404, 3, 25, 60, 2077 }, // N
    { 22, 27, 407, 2, 26, 75, 2137 }, // O
    { 19, 25, 368, 3, 25, 60, 2212 }, // P
    { 22, 31, 408, 2, 26, 86, 2272 }, // Q
    { 19, 25, 371, 3, 25, 60, 2358 }, // R
    { 19, 27, 342, 1, 26, 65, 2418 }, // S
    { 20, 25, 344, 1, 25, 63, 2483 }, // T
    { 19, 26, 378, 2, 25, 62, 2546 }, // U
    { 22, 25, 377, 1, 25, 69, 2608 }, // V
    { 33, 25, 557, 1, 25, 104, 2677 }, // W
    { 21, 25, 367, 1, 25, 66, 2781 }, // X
    { 21, 25, 360, 1, 25, 66, 2847 }, // Y
    { 19, 25, 336, 1, 25, 60, 2913 }, // Z
    { 8, 31, 153, 2, 25, 31, 2973 }, // [
    { 12, 27, 182, 0, 25, 41, 3004 }, // <backslash>
    { 7, 31, 153, 0, 25, 28, 3045 }, // ]
    { 14, 15, 254, 1, 19, 27, 3073 }, // ^
    { 14, 3, 276, 2, -1, 6, 3100 }, // _
    { 10, 6, 152, 0, 26, 8, 3106 }, // `
    { 15, 19, 292, 1, 18, 36, 3114 }, // a
    { 17, 26, 319, 2, 25, 56, 3150 }, // b
    { 17, 19, 289, 1, 18, 41, 3206 }, // c
    { 17, 26, 319, 1, 25, 56, 3247 }, // d
    { 17, 19, 310, 1, 18, 41, 3303 }, // e
    { 12, 25, 202, 0, 25, 38, 3344 }, // f
    { 20, 24, 321, 0, 18, 60, 3382 }, // g
    { 16, 25, 311, 2, 25, 50, 3442 }, // h
    { 4, 25, 127, 2, 25, 13, 3492 }, // i
    { 8, 31, 127, -2, 25, 31, 3505 }, // j
    { 16, 25, 301, 2, 25, 50, 3536 }, // k
    { 4, 25, 127, 2, 25, 13, 3586 }, // l
    { 26, 18, 483, 2, 18, 59, 3599 }, // m
    { 16, 18, 311, 2, 18, 36, 3658 }, // n
    { 18, 19, 319, 1, 18, 43, 3694 }, // o
    { 17, 24, 318, 2, 18, 51, 3737 }, // p
    { 17, 24, 319, 1, 18, 51, 3788 }, // q
    { 10, 18, 204, 2, 18, 23, 3839 }, // r
    { 16, 19, 273, 0, 18, 38, 3862 }, // s
    { 12, 24, 206, 0, 24, 36, 3900 }, // t
    { 15, 19, 309, 2, 18, 36, 3936 }, // u
    { 18, 18, 292, 0, 18, 41, 3972 }, // v
    { 25, 18, 424, 1, 18, 57, 4013 }, // w
    { 18, 18, 290, 0, 18, 41, 4070 }, // x
    { 17, 24, 283, 0, 18, 51, 4111 }, // y
    { 14, 18, 257, 1, 18, 32, 4162 }, // z
    { 10, 31, 163, 0, 25, 39, 4194 }, // {
    { 3, 35, 139, 3, 29, 14, 4233 }, // |
    { 11, 31, 163, 0, 25, 43, 4247 }, // }
    { 16, 5, 303, 1, 15, 10, 4290 }, // ~
    { 0, 0, 114, 0, 0, 0, 4300 }, // U+00A0
    { 4, 24, 130, 2, 18, 12, 4300 }, // U+00A1
    { 17, 25, 298, 1, 25, 54, 4312 }, // U+00A2
    { 19, 26, 328, 0, 26, 62, 4366 }, // U+00A3
    { 16, 15, 286, 1, 20, 30, 4428 }, // U+00A4
    { 21, 25, 325, 0, 25, 66, 4458 }, // U+00A5
    { 3, 35, 139, 3, 29, 14, 4524 }, // U+00A6
    { 15, 29, 260, 1, 26, 55, 4538 }, // U+00A7
    { 8, 4, 133, 0, 25, 4, 4593 }, // U+00A8
    { 26, 27, 443, 1, 26, 88, 4597 }, // U+00A9
    { 11, 12, 213, 1, 25, 17, 4685 }, // U+00AA
    { 13, 13, 238, 1, 15, 22, 4702 }, // U+00AB
    { 15, 8, 297, 2, 14, 15, 4724 }, // U+00AC
    { 17, 17, 291, 1, 26, 37, 4739 }, // U+00AE
    { 11, 3, 169, 0, 25, 5, 4776 }, // U+00AF
    { 12, 11, 247, 2, 29, 17, 4781 }, // U+00B0
    { 15, 21, 297, 2, 23, 40, 4798 }, // U+00B1
    { 11, 17, 241, 1, 30, 24, 4838 }, // U+00B2
    { 13, 17, 249, 1, 30, 28, 4862 }, // U+00B3
    { 10, 6, 152, 0, 26, 8, 4890 }, // U+00B4
    { 15, 24, 309, 2, 18, 45, 4898 }, // U+00B5
    { 16, 28, 299, 1, 25, 56, 4943 }, // U+00B6
    { 5, 5, 107, 1, 15, 4, 4999 }, // U+00B7
    { 8, 8, 118, 0, 1, 8, 5003 }, // U+00B8
    { 9, 16, 196, 1, 28, 18, 5011 }, // U+00B9
    { 12, 13, 219, 1, 26, 20, 5029 }, // U+00BA
    { 13, 13, 238, 1, 15, 22, 5049 }, // U+00BB
    { 28, 26, 475, 1, 25, 91, 5071 }, // U+00BC
    { 29, 26, 507, 1, 25, 95, 5162 }, // U+00BD
    { 29, 27, 497, 1, 26, 98, 5257 }, // U+00BE
    { 17, 24, 275, 0, 18, 51, 5355 }, // U+00BF
    { 22, 33, 388, 1, 33, 91, 5406 }, // U+00C0
    { 22, 33, 388, 1, 33, 91, 5497 }, // U+00C1
    { 22, 32, 388, 1, 32, 88, 5588 }, // U+00C2
    { 22, 32, 388, 1, 32, 88, 5676 }, // U+00C3
    { 22, 32, 388, 1, 32, 88, 5764 }, // U+00C4
    { 22, 34, 388, 1, 34, 94, 5852 }, // U+00C5
    { 32, 25, 538, 1, 25, 100, 5946 }, // U+00C6
    { 20, 33, 377, 2, 26, 83, 6046 }, // U+00C7
    { 17, 33, 335, 3, 33, 71, 6129 }, // U+00C8
    { 17, 33, 335, 3, 33, 71, 6200 }, // U+00C9
    { 17, 32, 335, 3, 32, 68, 6271 }, // U+00CA
    { 17, 32, 335, 3, 32, 68, 6339 }, // U+00CB
    { 10, 33, 155, 0, 33, 42, 6407 }, // U+00CC
    { 10, 33, 155, 0, 33, 42, 6449 }, // U+00CD
    { 12, 32, 155, -1, 32, 48, 6491 }, // U+00CE
    { 8, 32, 155, 1, 32, 32, 6539 }, // U+00CF
    { 22, 25, 388, 1, 25, 69, 6571 }, // U+00D0
    { 19, 32, 404, 3, 32, 76, 6640 }, // U+00D1
    { 22, 34, 407, 2, 33, 94, 6716 }, // U+00D2
    { 22, 34, 407, 2, 33, 94, 6810 }, // U+00D3
    { 22, 33, 407, 2, 32, 91, 6904 }, // U+00D4
    { 22, 33, 407, 2, 32, 91, 6995 }, // U+00D5
    { 22, 33, 407, 2, 32, 91, 7086 }, // U+00D6
    { 14, 15, 288, 2, 20, 27, 7177 }, // U+00D7
    { 24, 27, 389, 0, 26, 81, 7204 }, // U+00D8
    { 19, 34, 378, 2, 33, 81, 7285 }, // U+00D9
    { 19, 34, 378, 2, 33, 81, 7366 }, // U+00DA
    { 19, 33, 378, 2, 32, 79, 7447 }, // U+00DB
    { 19, 33, 378, 2, 32, 79, 7526 }, // U+00DC
    { 21, 33, 360, 1, 33, 87, 7605 }, // U+00DD
    { 19, 25, 370, 3, 25, 60, 7692 }, // U+00DE
    { 19, 26, 324, 0, 25, 62, 7752 }, // U+00DF
    { 15, 27, 292, 1, 26, 51, 7814 }, // U+00E0
    { 15, 27, 292, 1, 26, 51, 7865 }, // U+00E1
    { 15, 26, 292, 1, 25, 49, 7916 }, // U+00E2
    { 15, 26, 292, 1, 25, 49, 7965 }, // U+00E3
    { 15, 26, 292, 1, 25, 49, 8014 }, // U+00E4
    { 15, 28, 292, 1, 27, 53, 8063 }, // U+00E5
    { 29, 19, 492, 1, 18, 69, 8116 }, // U+00E6
    { 17, 25, 289, 1, 18, 54, 8185 }, // U+00E7
    { 17, 27, 310, 1, 26, 58, 8239 }, // U+00E8
    { 17, 27, 310, 1, 26, 58, 8297 }, // U+00E9
    { 17, 26, 310, 1, 25, 56, 8355 }, // U+00EA
    { 17, 26, 310, 1, 25, 56, 8411 }, // U+00EB
    { 10, 26, 127, -1, 26, 33, 8467 }, // U+00EC
    { 10, 26, 127, -1, 26, 33, 8500 }, // U+00ED
    { 11, 25, 127, -1, 25, 35, 8533 }, // U+00EE
    { 8, 25, 127, 0, 25, 25, 8568 }, // U+00EF
    { 18, 27, 319, 1, 26, 61, 8593 }, // U+00F0
    { 16, 25, 311, 2, 25, 50, 8654 }, // U+00F1
    { 18, 27, 319, 1, 26, 61, 8704 }, // U+00F2
    { 18, 27, 319, 1, 26, 61, 8765 }, // U+00F3
    { 18, 26, 319, 1, 25, 59, 8826 }, // U+00F4
    { 18, 26, 319, 1, 25, 59, 8885 }, // U+00F5
    { 18, 26, 319, 1, 25, 59, 8944 }, // U+00F6
    { 15, 17, 298, 2, 21, 32, 9003 }, // U+00F7
    { 19, 19, 311, 0, 18, 46, 9035 }, // U+00F8
    { 15, 27, 309, 2, 26, 51, 9081 }, // U+00F9
    { 15, 27, 309, 2, 26, 51, 9132 }, // U+00FA
    { 15, 26, 309, 2, 25, 49, 9183 }, // U+00FB
    { 15, 26, 309, 2, 25, 49, 9232 }, // U+00FC
    { 17, 32, 283, 0, 26, 68, 9281 }, // U+00FD
    { 17, 31, 317, 2, 25, 66, 9349 }, // U+00FE
    { 17, 31, 283, 0, 25, 66, 9415 }, // U+00FF
    { 22, 32, 388, 1, 32, 88, 9481 }, // U+0100
    { 15, 26, 292, 1, 25, 49, 9569 }, // U+0101
    { 22, 32, 388, 1, 32, 88, 9618 }, // U+0102
    { 15, 26, 292, 1, 25, 49, 9706 }, // U+0103
    { 23, 31, 388, 1, 25, 90, 9755 }, // U+0104
    { 16, 24, 292, 1, 18, 48, 9845 }, // U+0105
    { 20, 34, 377, 2, 33, 85, 9893 }, // U+0106
    { 17, 27, 289, 1, 26, 58, 9978 }, // U+0107
    { 20, 33, 377, 2, 32, 83, 10036 }, // U+0108
    { 17, 26, 289, 1, 25, 56, 10119 }, // U+0109
    { 20, 33, 377, 2, 32, 83, 10175 }, // U+010A
    { 17, 26, 289, 1, 25, 56, 10258 }, // U+010B
    { 20, 33, 377, 2, 32, 83, 10314 }, // U+010C
    { 17, 26, 289, 1, 25, 56, 10397 }, // U+010D
    { 19, 32, 385, 3, 32, 76, 10453 }, // U+010E
    { 22, 26, 319, 1, 25, 72, 10529 }, // U+010F
    { 22, 25, 388, 1, 25, 69, 10601 }, // U+0110
    { 19, 26, 325, 1, 25, 62, 10670 }, // U+0111
    { 17, 32, 335, 3, 32, 68, 10732 }, // U+0112
    { 17, 26, 310, 1, 25, 56, 10800 }, // U+0113
    { 17, 32, 335, 3, 32, 68, 10856 }, // U+0114
    { 17, 26, 310, 1, 25, 56, 10924 }, // U+0115
    { 17, 32, 335, 3, 32, 68, 10980 }, // U+0116
    { 17, 26, 310, 1, 25, 56, 11048 }, // U+0117
    { 17, 31, 335, 3, 25, 66, 11104 }, // U+0118
    { 17, 24, 310, 1, 18, 51, 11170 }, // U+0119
    { 17, 32, 335, 3, 32, 68, 11221 }, // U+011A
    { 17, 26, 310, 1, 25, 56, 11289 }, // U+011B
    { 21, 33, 394, 2, 32, 87, 11345 }, // U+011C
    { 20, 31, 321, 0, 25, 78, 11432 }, // U+011D
    { 21, 33, 394, 2, 32, 87, 11510 }, // U+011E
    { 20, 31, 321, 0, 25, 78, 11597 }, // U+011F
    { 21, 33, 394, 2, 32, 87, 11675 }, // U+0120
    { 20, 31, 321, 0, 25, 78, 11762 }, // U+0121
    { 21, 34, 394, 2, 26, 90, 11840 }, // U+0122
    { 20, 33, 321, 0, 27, 83, 11930 }, // U+0123
    { 19, 32, 392, 3, 32, 76, 12013 }, // U+0124
    { 20, 30, 311, -2, 30, 75, 12089 }, // U+0125
    { 25, 25, 390, 0, 25, 79, 12164 }, // U+0126
    { 18, 25, 312, 0, 25, 57, 12243 }, // U+0127
    { 10, 32, 155, 0, 32, 40, 12300 }, // U+0128
    { 11, 25, 127, -1, 25, 35, 12340 }, // U+0129
    { 11, 32, 155, -1, 32, 44, 12375 }, // U+012A
    { 10, 25, 127, -1, 25, 32, 12419 }, // U+012B
    { 11, 32, 155, -1, 32, 44, 12451 }, // U+012C
    { 11, 25, 127, -1, 25, 35, 12495 }, // U+012D
    { 7, 31, 155, 0, 25, 28, 12530 }, // U+012E
    { 8, 31, 127, -1, 25, 31, 12558 }, // U+012F
    { 4, 32, 155, 3, 32, 16, 12589 }, // U+0130
    { 4, 18, 127, 2, 18, 9, 12605 }, // U+0131
    { 18, 26, 377, 3, 25, 59, 12614 }, // U+0132
    { 12, 31, 254, 2, 25, 47, 12673 }, // U+0133
    { 13, 33, 223, 1, 32, 54, 12720 }, // U+0134
    { 12, 31, 127, -2, 25, 47, 12774 }, // U+0135
    { 19, 33, 374, 3, 25, 79, 12821 }, // U+0136
    { 16, 33, 301, 2, 25, 66, 12900 }, // U+0137
    { 16, 18, 301, 2, 18, 36, 12966 }, // U+0138
    { 17, 33, 321, 2, 33, 71, 13002 }, // U+0139
    { 10, 33, 127, -1, 33, 42, 13073 }, // U+013A
    { 16, 33, 321, 3, 25, 66, 13115 }, // U+013B
    { 4, 33, 127, 2, 25, 17, 13181 }, // U+013C
    { 16, 25, 321, 3, 25, 50, 13198 }, // U+013D
    { 9, 25, 127, 2, 25, 29, 13248 }, // U+013E
    { 16, 25, 321, 3, 25, 50, 13277 }, // U+013F
    { 10, 25, 179, 2, 25, 32, 13327 }, // U+0140
    { 19, 25, 321, 0, 25, 60, 13359 }, // U+0141
    { 9, 25, 147, 0, 25, 29, 13419 }, // U+0142
    { 19, 33, 404, 3, 33, 79, 13448 }, // U+0143
    { 16, 26, 311, 2, 26, 52, 13527 }, // U+0144
    { 19, 33, 404, 3, 25, 79, 13579 }, // U+0145
    { 16, 26, 311, 2, 18, 52, 13658 }, // U+0146
    { 19, 32, 404, 3, 32, 76, 13710 }, // U+0147
    { 16, 25, 311, 2, 25, 50, 13786 }, // U+0148
    { 19, 25, 311, -1, 25, 60, 13836 }, // U+0149
    { 19, 31, 404, 3, 25, 74, 13896 }, // U+014A
    { 16, 24, 313, 2, 18, 48, 13970 }, // U+014B
    { 22, 33, 407, 2, 32, 91, 14018 }, // U+014C
    { 18, 26, 319, 1, 25, 59, 14109 }, // U+014D
    { 22, 33, 407, 2, 32, 91, 14168 }, // U+014E
    { 18, 26, 319, 1, 25, 59, 14259 }, // U+014F
    { 22, 34, 407, 2, 33, 94, 14318 }, // U+0150
    { 18, 27, 319, 1, 26, 61, 14412 }, // U+0151
    { 34, 27, 599, 2, 26, 115, 14473 }, // U+0152
    { 31, 19, 532, 1, 18, 74, 14588 }, // U+0153
    { 19, 33, 371, 3, 33, 79, 14662 }, // U+0154
    { 10, 26, 204, 2, 26, 33, 14741 }, // U+0155
    { 19, 33, 371, 3, 25, 79, 14774 }, // U+0156
    { 10, 26, 204, 2, 18, 33, 14853 }, // U+0157
    { 19, 32, 371, 3, 32, 76, 14886 }, // U+0158
    { 11, 25, 204, 2, 25, 35, 14962 }, // U+0159
    { 19, 34, 342, 1, 33, 81, 14997 }, // U+015A
    { 16, 27, 273, 0, 26, 54, 15078 }, // U+015B
    { 19, 33, 342, 1, 32, 79, 15132 }, // U+015C
    { 16, 26, 273, 0, 25, 52, 15211 }, // U+015D
    { 19, 33, 342, 1, 26, 79, 15263 }, // U+015E
    { 16, 25, 273, 0, 18, 50, 15342 }, // U+015F
    { 19, 33, 342, 1, 32, 79, 15392 }, // U+0160
    { 16, 26, 273, 0, 25, 52, 15471 }, // U+0161
    { 20, 32, 344, 1, 25, 80, 15523 }, // U+0162
    { 12, 31, 206, 0, 24, 47, 15603 }, // U+0163
    { 20, 32, 344, 1, 32, 80, 15650 }, // U+0164
    { 13, 26, 206, 0, 26, 43, 15730 }, // U+0165
    { 20, 25, 344, 1, 25, 63, 15773 }, // U+0166
    { 12, 24, 206, 0, 24, 36, 15836 }, // U+0167
    { 19, 33, 378, 2, 32, 79, 15872 }, // U+0168
    { 15, 26, 309, 2, 25, 49, 15951 }, // U+0169
    { 19, 33, 378, 2, 32, 79, 16000 }, // U+016A
    { 15, 26, 309, 2, 25, 49, 16079 }, // U+016B
    { 19, 33, 378, 2, 32, 79, 16128 }, // U+016C
    { 15, 26, 309, 2, 25, 49, 16207 }, // U+016D
    { 19, 35, 378, 2, 34, 84, 16256 }, // U+016E
    { 15, 28, 309, 2, 27, 53, 16340 }, // U+016F
    { 19, 34, 378, 2, 33, 81, 16393 }, // U+0170
    { 15, 27, 309, 2, 26, 51, 16474 }, // U+0171
    { 19, 31, 378, 2, 25, 74, 16525 }, // U+0172
    { 16, 24, 309, 2, 18, 48, 16599 }, // U+0173
    { 33, 32, 557, 1, 32, 132, 16647 }, // U+0174
    { 25, 25, 424, 1, 25, 79, 16779 }, // U+0175
    { 21, 32, 360, 1, 32, 84, 16858 }, // U+0176
    { 17, 31, 283, 0, 25, 66, 16942 }, // U+0177
    { 21, 32, 360, 1, 32, 84, 17008 }, // U+0178
    { 19, 33, 336, 1, 33, 79, 17092 }, // U+0179
    { 14, 26, 257, 1, 26, 46, 17171 }, // U+017A
    { 19, 32, 336, 1, 32, 76, 17217 }, // U+017B
    { 14, 25, 257, 1, 25, 44, 17293 }, // U+017C
    { 19, 32, 336, 1, 32, 76, 17337 }, // U+017D
    { 14, 25, 257, 1, 25, 44, 17413 }, // U+017E
    { 22, 28, 407, 2, 27, 77, 17457 }, // U+01A0
    { 18, 21, 319, 1, 20, 48, 17534 }, // U+01A1
    { 23, 28, 378, 2, 27, 81, 17582 }, // U+01AF
    { 19, 21, 309, 2, 20, 50, 17663 }, // U+01B0
    { 40, 32, 711, 3, 32, 160, 17713 }, // U+01C4
    { 36, 25, 641, 3, 25, 113, 17873 }, // U+01C5
    { 34, 26, 576, 1, 25, 111, 17986 }, // U+01C6
    { 28, 26, 544, 3, 25, 91, 18097 }, // U+01C7
    { 23, 31, 448, 3, 25, 90, 18188 }, // U+01C8
    { 12, 31, 255, 2, 25, 47, 18278 }, // U+01C9
    { 34, 26, 626, 3, 25, 111, 18325 }, // U+01CA
    { 28, 31, 531, 3, 25, 109, 18436 }, // U+01CB
    { 23, 31, 438, 2, 25, 90, 18545 }, // U+01CC
    { 21, 33, 394, 2, 32, 87, 18635 }, // U+01E6
    { 20, 31, 321, 0, 25, 78, 18722 }, // U+01E7
    { 22, 32, 407, 2, 26, 88, 18800 }, // U+01EA
    { 18, 24, 319, 1, 18, 54, 18888 }, // U+01EB
    { 40, 25, 711, 3, 25, 125, 18942 }, // U+01F1
    { 36, 25, 641, 3, 25, 113, 19067 }, // U+01F2
    { 34, 26, 576, 1, 25, 111, 19180 }, // U+01F3
    { 21, 34, 394, 2, 33, 90, 19291 }, // U+01F4
    { 20, 32, 321, 0, 26, 80, 19381 }, // U+01F5
    { 22, 33, 350, 0, 33, 91, 19461 }, // U+01FA
    { 15, 33, 292, 1, 32, 62, 19552 }, // U+01FB
    { 32, 33, 538, 1, 33, 132, 19614 }, // U+01FC
    { 29, 27, 492, 1, 26, 98, 19746 }, // U+01FD
    { 24, 34, 389, 0, 33, 102, 19844 }, // U+01FE
    { 19, 27, 311, 0, 26, 65, 19946 }, // U+01FF
    { 22, 33, 388, 1, 33, 91, 20011 }, // U+0200
    { 15, 27, 292, 1, 26, 51, 20102 }, // U+0201
    { 22, 32, 388, 1, 32, 88, 20153 }, // U+0202
    { 15, 26, 292, 1, 25, 49, 20241 }, // U+0203
    { 17, 33, 335, 3, 33, 71, 20290 }, // U+0204
    { 17, 27, 310, 1, 26, 58, 20361 }, // U+0205
    { 17, 32, 335, 3, 32, 68, 20419 }, // U+0206
    { 17, 26, 310, 1, 25, 56, 20487 }, // U+0207
    { 13, 33, 155, -3, 33, 54, 20543 }, // U+0208
    { 12, 26, 127, -3, 26, 39, 20597 }, // U+0209
    { 11, 32, 155, -1, 32, 44, 20636 }, // U+020A
    { 11, 25, 127, -1, 25, 35, 20680 }, // U+020B
    { 22, 34, 407, 2, 33, 94, 20715 }, // U+020C
    { 18, 27, 319, 1, 26, 61, 20809 }, // U+020D
    { 22, 33, 407, 2, 32, 91, 20870 }, // U+020E
    { 18, 26, 319, 1, 25, 59, 20961 }, // U+020F
    { 19, 33, 371, 3, 33, 79, 21020 }, // U+0210
    { 12, 26, 204, 0, 26, 39, 21099 }, // U+0211
    { 19, 32, 371, 3, 32, 76, 21138 }, // U+0212
    { 11, 25, 204, 2, 25, 35, 21214 }, // U+0213
    { 19, 34, 378, 2, 33, 81, 21249 }, // U+0214
    { 15, 27, 309, 2, 26, 51, 21330 }, // U+0215
    { 19, 33, 378, 2, 32, 79, 21381 }, // U+0216
    { 15, 26, 309, 2, 25, 49, 21460 }, // U+0217
    { 19, 34, 342, 1, 26, 81, 21509 }, // U+0218
    { 16, 26, 273, 0, 18, 52, 21590 }, // U+0219
    { 20, 33, 344, 1, 25, 83, 21642 }, // U+021A
    { 12, 32, 206, 0, 24, 48, 21725 }, // U+021B
    { 10, 6, 0, 0, 26, 8, 21773 }, // U+0300
    { 10, 6, 0, 0, 26, 8, 21781 }, // U+0301
    { 11, 4, 0, 0, 25, 6, 21789 }, // U+0302
    { 11, 4, 0, 0, 25, 6, 21795 }, // U+0303
    { 11, 3, 0, 0, 25, 5, 21801 }, // U+0304
    { 11, 4, 0, 0, 25, 6, 21806 }, // U+0306
    { 4, 5, 0, 0, 25, 3, 21812 }, // U+0307
    { 8, 4, 0, 0, 25, 4, 21815 }, // U+0308
    { 6, 7, 0, 7, 26, 6, 21819 }, // U+0309
    { 8, 8, 0, 0, 27, 8, 21825 }, // U+030A
    { 12, 7, 0, 0, 26, 11, 21833 }, // U+030B
    { 11, 5, 0, 0, 25, 7, 21844 }, // U+030C
    { 13, 7, 0, 0, 26, 12, 21851 }, // U+030F
    { 11, 4, 0, 0, 25, 6, 21863 }, // U+0311
    { 4, 7, 0, 1, 27, 4, 21869 }, // U+0312
    { 6, 5, 0, 17, 20, 4, 21873 }, // U+031B
    { 3, 5, 0, 0, -1, 2, 21877 }, // U+0323
    { 8, 4, 0, 0, -2, 4, 21879 }, // U+0324
    { 4, 6, 0, 0, -2, 3, 21883 }, // U+0326
    { 8, 8, 0, 0, 1, 8, 21886 }, // U+0327
    { 7, 7, 0, 0, 1, 7, 21894 }, // U+0328
    { 11, 5, 0, 1, -1, 7, 21901 }, // U+032E
    { 11, 4, 0, 3, -1, 6, 21908 }, // U+0331
    { 14, 3, 0, 2, 10, 6, 21914 }, // U+0335
    { 0, 0, 320, 0, 0, 0, 21920 }, // U+2007
    { 0, 0, 165, 0, 0, 0, 21920 }, // U+2008
    { 0, 0, 165, 0, 0, 0, 21920 }, // U+2009
    { 0, 0, 127, 0, 0, 0, 21920 }, // U+200A
    { 0, 0, 88, 0, 0, 0, 21920 }, // U+200B
    { 9, 3, 203, 2, 10, 4, 21920 }, // U+2010
    { 18, 3, 351, 2, 10, 7, 21924 }, // U+2012
    { 15, 3, 298, 2, 10, 6, 21931 }, // U+2013
    { 26, 3, 469, 2, 10, 10, 21937 }, // U+2014
    { 26, 3, 469, 2, 10, 10, 21947 }, // U+2015
    { 5, 9, 118, 1, 25, 6, 21957 }, // U+2018
    { 5, 9, 118, 1, 25, 6, 21963 }, // U+2019
    { 5, 9, 118, 1, 4, 6, 21969 }, // U+201A
    { 11, 9, 212, 1, 25, 13, 21975 }, // U+201C
    { 11, 9, 213, 1, 25, 13, 21988 }, // U+201D
    { 11, 9, 213, 1, 4, 13, 22001 }, // U+201E
    { 15, 31, 238, 0, 25, 59, 22014 }, // U+2020
    { 15, 31, 238, 0, 25, 59, 22073 }, // U+2021
    { 7, 7, 166, 2, 16, 7, 22132 }, // U+2022
    { 22, 4, 399, 1, 4, 11, 22139 }, // U+2026
    { 42, 27, 706, 1, 26, 142, 22150 }, // U+2030
    { 7, 10, 124, -1, 25, 9, 22292 }, // U+2032
    { 12, 10, 209, -1, 25, 15, 22301 }, // U+2033
    { 7, 13, 142, 1, 15, 12, 22316 }, // U+2039
    { 7, 13, 143, 1, 15, 12, 22328 }, // U+203A
    { 19, 26, 131, -5, 25, 62, 22340 }, // U+2044
    { 19, 26, 337, 1, 25, 62, 22402 }, // U+2052
    { 13, 17, 258, 1, 29, 28, 22464 }, // U+2070
    { 13, 16, 258, 1, 28, 26, 22492 }, // U+2074
    { 13, 16, 251, 1, 28, 26, 22518 }, // U+2075
    { 13, 17, 252, 1, 30, 28, 22544 }, // U+2076
    { 11, 16, 230, 2, 29, 22, 22572 }, // U+2077
    { 13, 17, 250, 1, 30, 28, 22594 }, // U+2078
    { 12, 17, 252, 1, 30, 26, 22622 }, // U+2079
    { 17, 25, 320, 1, 25, 54, 22648 }, // U+20A1
    { 20, 25, 327, -1, 25, 63, 22702 }, // U+20A3
    { 19, 26, 328, 0, 26, 62, 22765 }, // U+20A4
    { 25, 25, 393, 0, 25, 79, 22827 }, // U+20A6
    { 32, 26, 574, 3, 25, 104, 22906 }, // U+20A7
    { 35, 25, 559, 0, 25, 110, 23010 }, // U+20A9
    { 16, 25, 270, 1, 25, 50, 23120 }, // U+20AB
    { 20, 27, 320, -1, 26, 68, 23170 }, // U+20AC
    { 23, 25, 386, 0, 25, 72, 23238 }, // U+20AD
    { 20, 25, 344, 1, 25, 63, 23310 }, // U+20AE
    { 24, 25, 405, 0, 25, 75, 23373 }, // U+20B1
    { 21, 31, 394, 2, 28, 82, 23448 }, // U+20B2
    { 19, 27, 339, 1, 26, 65, 23530 }, // U+20B4
    { 20, 31, 377, 2, 28, 78, 23595 }, // U+20B5
    { 20, 25, 344, 1, 25, 63, 23673 }, // U+20B8
    { 19, 25, 309, 0, 25, 60, 23736 }, // U+20B9
    { 19, 25, 297, 0, 25, 60, 23796 }, // U+20BA
    { 19, 29, 382, 2, 28, 69, 23856 }, // U+20BC
    { 22, 25, 372, 0, 25, 69, 23925 }, // U+20BD
    { 18, 27, 315, 1, 26, 61, 23994 }, // U+2202
    { 17, 15, 311, 1, 20, 32, 24055 }, // U+2205
    { 20, 25, 349, 1, 25, 63, 24087 }, // U+2206
    { 22, 25, 349, 0, 25, 69, 24150 }, // U+220F
    { 17, 25, 280, 0, 25, 54, 24219 }, // U+2211
    { 15, 3, 297, 2, 14, 6, 24273 }, // U+2212
    { 12, 27, 183, 0, 25, 41, 24279 }, // U+2215
    { 7, 7, 166, 2, 16, 7, 24320 }, // U+2219
    { 22, 35, 338, 0, 29, 97, 24327 }, // U+221A
    { 22, 12, 388, 1, 15, 33, 24424 }, // U+221E
    { 15, 35, 235, 0, 29, 66, 24457 }, // U+222B
    { 16, 12, 303, 1, 18, 24, 24523 }, // U+2248
    { 15, 20, 320, 2, 22, 38, 24547 }, // U+2260
    { 16, 20, 294, 1, 22, 40, 24585 }, // U+2264
    { 15, 20, 294, 2, 22, 38, 24625 }, // U+2265
    { 19, 25, 329, 0, 25, 60, 24663 }, // U+FB01
    { 19, 25, 330, 0, 25, 60, 24723 }, // U+FB02
};

static const EpdUnicodeInterval librefranklin_8_regular_2xIntervals[] = {
    { 0x20, 0x7E, 0x0 },
    { 0xA0, 0xAC, 0x5F },
    { 0xAE, 0x17E, 0x6C },
    { 0x1A0, 0x1A1, 0x13D },
    { 0x1AF, 0x1B0, 0x13F },
    { 0x1C4, 0x1CC, 0x141 },
    { 0x1E6, 0x1E7, 0x14A },
    { 0x1EA, 0x1EB, 0x14C },
    { 0x1F1, 0x1F5, 0x14E },
    { 0x1FA, 0x21B, 0x153 },
    { 0x300, 0x304, 0x175 },
    { 0x306, 0x30C, 0x17A },
    { 0x30F, 0x30F, 0x181 },
    { 0x311, 0x312, 0x182 },
    { 0x31B, 0x31B, 0x184 },
    { 0x323, 0x324, 0x185 },
    { 0x326, 0x328, 0x187 },
    { 0x32E, 0x32E, 0x18A },
    { 0x331, 0x331, 0x18B },
    { 0x335, 0x335, 0x18C },
    { 0x2007, 0x200B, 0x18D },
    { 0x2010, 0x2010, 0x192 },
    { 0x2012, 0x2015, 0x193 },
    { 0x2018, 0x201A, 0x197 },
    { 0x201C, 0x201E, 0x19A },
    { 0x2020, 0x2022, 0x19D },
    { 0x2026, 0x2026, 0x1A0 },
    { 0x2030, 0x2030, 0x1A1 },
    { 0x2032, 0x2033, 0x1A2 },
    { 0x2039, 0x203A, 0x1A4 },
    { 0x2044, 0x2044, 0x1A6 },
    { 0x2052, 0x2052, 0x1A7 },
    { 0x2070, 0x2070, 0x1A8 },
    { 0x2074, 0x2079, 0x1A9 },
    { 0x20A1, 0x20A1, 0x1AF },
    { 0x20A3, 0x20A4, 0x1B0 },
    { 0x20A6, 0x20A7, 0x1B2 },
    { 0x20A9, 0x20A9, 0x1B4 },
    { 0x20AB, 0x20AE, 0x1B5 },
    { 0x20B1, 0x20B2, 0x1B9 },
    { 0x20B4, 0x20B5, 0x1BB },
    { 0x20B8, 0x20BA, 0x1BD },
    { 0x20BC, 0x20BD, 0x1C0 },
    { 0x2202, 0x2202, 0x1C2 },
    { 0x2205, 0x2206, 0x1C3 },
    { 0x220F, 0x220F, 0x1C5 },
    { 0x2211, 0x2212, 0x1C6 },
    { 0x2215, 0x2215, 0x1C8 },
    { 0x2219, 0x221A, 0x1C9 },
    { 0x221E, 0x221E, 0x1CB },
    { 0x222B, 0x222B, 0x1CC },
    { 0x2248, 0x2248, 0x1CD },
    { 0x2260, 0x2260, 0x1CE },
    { 0x2264, 0x2265, 0x1CF },
    { 0xFB01, 0xFB02, 0x1D1 },
};

static const EpdKernClassEntry librefranklin_8_regular_2xKernLeftClasses[] = {
    { 0x0022, 1 }, // "
    { 0x0027, 1 }, // '
    { 0x0028, 2 }, // (
    { 0x002C, 3 }, // ,
    { 0x002D, 4 }, // -
    { 0x002E, 3 }, // .
    { 0x0041, 5 }, // A
    { 0x0042, 6 }, // B
    { 0x0043, 7 }, // C
    { 0x0044, 8 }, // D
    { 0x0045, 9 }, // E
    { 0x0046, 10 }, // F
    { 0x0047, 11 }, // G
    { 0x004A, 12 }, // J
    { 0x004B, 13 }, // K
    { 0x004C, 14 }, // L
    { 0x004F, 8 }, // O
    { 0x0050, 15 }, // P
    { 0x0051, 8 }, // Q
    { 0x0052, 16 }, // R
    { 0x0053, 17 }, // S
    { 0x0054, 18 }, // T
    { 0x0055, 19 }, // U
    { 0x0056, 20 }, // V
    { 0x0057, 21 }, // W
    { 0x0058, 22 }, // X
    { 0x0059, 23 }, // Y
    { 0x005A, 24 }, // Z
    { 0x005B, 25 }, // [
    { 0x0061, 26 }, // a
    { 0x0062, 27 }, // b
    { 0x0063, 28 }, // c
    { 0x0065, 29 }, // e
    { 0x0066, 30 }, // f
    { 0x0067, 31 }, // g
    { 0x0068, 32 }, // h
    { 0x006A, 33 }, // j
    { 0x006B, 34 }, // k
    { 0x006D, 32 }, // m
    { 0x006E, 32 }, // n
    { 0x006F, 35 }, // o
    { 0x0070, 27 }, // p
    { 0x0072, 36 }, // r
    { 0x0073, 37 }, // s
    { 0x0074, 38 }, // t
    { 0x0076, 39 }, // v
    { 0x0077, 40 }, // w
    { 0x0078, 41 }, // x
    { 0x0079, 42 }, // y
    { 0x007A, 43 }, // z
    { 0x007B, 44 }, // {
    { 0x00BF, 45 }, // U+00BF
    { 0x00C0, 5 }, // U+00C0
    { 0x00C1, 5 }, // U+00C1
    { 0x00C2, 5 }, // U+00C2
    { 0x00C3, 5 }, // U+00C3
    { 0x00C4, 5 }, // U+00C4
    { 0x00C5, 5 }, // U+00C5
    { 0x00C6, 9 }, // U+00C6
    { 0x00C7, 7 }, // U+00C7
    { 0x00C8, 9 }, // U+00C8
    { 0x00C9, 9 }, // U+00C9
    { 0x00CA, 9 }, // U+00CA
    { 0x00CB, 9 }, // U+00CB
    { 0x00D0, 8 }, // U+00D0
    { 0x00D2, 8 }, // U+00D2
    { 0x00D3, 8 }, // U+00D3
    { 0x00D4, 8 }, // U+00D4
    { 0x00D5, 8 }, // U+00D5
    { 0x00D6, 8 }, // U+00D6
    { 0x00D9, 19 }, // U+00D9
    { 0x00DA, 19 }, // U+00DA
    { 0x00DB, 19 }, // U+00DB
    { 0x00DC, 19 }, // U+00DC
    { 0x00DD, 23 }, // U+00DD
    { 0x00E0, 26 }, // U+00E0
    { 0x00E1, 26 }, // U+00E1
    { 0x00E2, 26 }, // U+00E2
    { 0x00E3, 26 }, // U+00E3
    { 0x00E4, 26 }, // U+00E4
    { 0x00E5, 26 }, // U+00E5
    { 0x00E6, 29 }, // U+00E6
    { 0x00E7, 28 }, // U+00E7
    { 0x00E8, 29 }, // U+00E8
    { 0x00E9, 29 }, // U+00E9
    { 0x00EA, 29 }, // U+00EA
    { 0x00EB, 29 }, // U+00EB
    { 0x00F1, 32 }, // U+00F1
    { 0x00F2, 35 }, // U+00F2
    { 0x00F3, 35 }, // U+00F3
    { 0x00F4, 35 }, // U+00F4
    { 0x00F5, 35 }, // U+00F5
    { 0x00F6, 35 }, // U+00F6
    { 0x00F8, 35 }, // U+00F8
    { 0x00FD, 42 }, // U+00FD
    { 0x00FF, 42 }, // U+00FF
    { 0x0100, 5 }, // U+0100
    { 0x0101, 26 }, // U+0101
    { 0x0102, 5 }, // U+0102
    { 0x0103, 26 }, // U+0103
    { 0x0104, 5 }, // U+0104
    { 0x0105, 26 }, // U+0105
    { 0x0106, 7 }, // U+0106
    { 0x0107, 28 }, // U+0107
    { 0x0108, 7 }, // U+0108
    { 0x0109, 28 }, // U+0109
    { 0x010A, 7 }, // U+010A
    { 0x010B, 28 }, // U+010B
    { 0x010C, 7 }, // U+010C
    { 0x010D, 28 }, // U+010D
    { 0x010E, 8 }, // U+010E
    { 0x010F, 46 }, // U+010F
    { 0x0110, 8 }, // U+0110
    { 0x0112, 9 }, // U+0112
    { 0x0113, 29 }, // U+0113
    { 0x0114, 9 }, // U+0114
    { 0x0115, 29 }, // U+0115
    { 0x0116, 9 }, // U+0116
    { 0x0117, 29 }, // U+0117
    { 0x0118, 9 }, // U+0118
    { 0x0119, 29 }, // U+0119
    { 0x011A, 9 }, // U+011A
    { 0x011B, 29 }, // U+011B
    { 0x011C, 11 }, // U+011C
    { 0x011D, 31 }, // U+011D
    { 0x011E, 11 }, // U+011E
    { 0x011F, 31 }, // U+011F
    { 0x0120, 11 }, // U+0120
    { 0x0121, 31 }, // U+0121
    { 0x0122, 11 }, // U+0122
    { 0x0123, 31 }, // U+0123
    { 0x0125, 32 }, // U+0125
    { 0x0127, 32 }, // U+0127
    { 0x0134, 12 }, // U+0134
    { 0x0135, 33 }, // U+0135
    { 0x0136, 13 }, // U+0136
    { 0x0137, 34 }, // U+0137
    { 0x0138, 34 }, // U+0138
    { 0x0139, 14 }, // U+0139
    { 0x013B, 14 }, // U+013B
    { 0x013E, 46 }, // U+013E
    { 0x0144, 32 }, // U+0144
    { 0x0146, 32 }, // U+0146
    { 0x0148, 32 }, // U+0148
    { 0x014B, 32 }, // U+014B
    { 0x014C, 8 }, // U+014C
    { 0x014D, 35 }, // U+014D
    { 0x014E, 8 }, // U+014E
    { 0x014F, 35 }, // U+014F
    { 0x0150, 8 }, // U+0150
    { 0x0151, 35 }, // U+0151
    { 0x0153, 29 }, // U+0153
    { 0x0154, 16 }, // U+0154
    { 0x0155, 36 }, // U+0155
    { 0x0156, 16 }, // U+0156
    { 0x0157, 36 }, // U+0157
    { 0x0158, 16 }, // U+0158
    { 0x0159, 36 }, // U+0159
    { 0x015A, 17 }, // U+015A
    { 0x015B, 37 }, // U+015B
    { 0x015C, 17 }, // U+015C
    { 0x015D, 37 }, // U+015D
    { 0x015E, 17 }, // U+015E
    { 0x015F, 37 }, // U+015F
    { 0x0160, 17 }, // U+0160
    { 0x0161, 37 }, // U+0161
    { 0x0162, 18 }, // U+0162
    { 0x0163, 38 }, // U+0163
    { 0x0164, 18 }, // U+0164
    { 0x0165, 38 }, // U+0165
    { 0x0166, 18 }, // U+0166
    { 0x0167, 38 }, // U+0167
    { 0x0168, 19 }, // U+0168
    { 0x016A, 19 }, // U+016A
    { 0x016C, 19 }, // U+016C
    { 0x016E, 19 }, // U+016E
    { 0x0170, 19 }, // U+0170
    { 0x0172, 19 }, // U+0172
    { 0x0174, 21 }, // U+0174
    { 0x0175, 40 }, // U+0175
    { 0x0176, 23 }, // U+0176
    { 0x0177, 42 }, // U+0177
    { 0x0178, 23 }, // U+0178
    { 0x0179, 24 }, // U+0179
    { 0x017A, 43 }, // U+017A
    { 0x017B, 24 }, // U+017B
    { 0x017C, 43 }, // U+017C
    { 0x017D, 24 }, // U+017D
    { 0x017E, 43 }, // U+017E
    { 0x01A0, 8 }, // U+01A0
    { 0x01A1, 35 }, // U+01A1
    { 0x01AF, 19 }, // U+01AF
    { 0x01C4, 24 }, // U+01C4
    { 0x01EA, 8 }, // U+01EA
    { 0x01EB, 35 }, // U+01EB
    { 0x01F1, 24 }, // U+01F1
    { 0x01F2, 43 }, // U+01F2
    { 0x01FA, 5 }, // U+01FA
    { 0x01FB, 26 }, // U+01FB
    { 0x01FC, 9 }, // U+01FC
    { 0x01FD, 29 }, // U+01FD
    { 0x01FF, 35 }, // U+01FF
    { 0x0200, 5 }, // U+0200
    { 0x0201, 26 }, // U+0201
    { 0x0202, 5 }, // U+0202
    { 0x0203, 26 }, // U+0203
    { 0x0204, 9 }, // U+0204
    { 0x0205, 29 }, // U+0205
    { 0x0206, 9 }, // U+0206
    { 0x0207, 29 }, // U+0207
    { 0x020C, 8 }, // U+020C
    { 0x020D, 35 }, // U+020D
    { 0x020E, 8 }, // U+020E
    { 0x020F, 35 }, // U+020F
    { 0x0210, 16 }, // U+0210
    { 0x0211, 36 }, // U+0211
    { 0x0212, 16 }, // U+0212
    { 0x0213, 36 }, // U+0213
    { 0x0214, 19 }, // U+0214
    { 0x0216, 19 }, // U+0216
    { 0x0218, 17 }, // U+0218
    { 0x0219, 37 }, // U+0219
    { 0x021A, 18 }, // U+021A
    { 0x021B, 38 }, // U+021B
    { 0x2013, 4 }, // U+2013
    { 0x2014, 4 }, // U+2014
    { 0x2018, 47 }, // U+2018
    { 0x2019, 48 }, // U+2019
    { 0x201C, 47 }, // U+201C
    { 0x201D, 48 }, // U+201D
};

static const EpdKernClassEntry librefranklin_8_regular_2xKernRightClasses[] = {
    { 0x0022, 1 }, // "
    { 0x0027, 1 }, // '
    { 0x0029, 2 }, // )
    { 0x002A, 3 }, // *
    { 0x002C, 4 }, // ,
    { 0x002D, 5 }, // -
    { 0x002E, 4 }, // .
    { 0x003A, 6 }, // :
    { 0x003B, 6 }, // ;
    { 0x003F, 2 }, // ?
    { 0x0041, 7 }, // A
    { 0x0042, 8 }, // B
    { 0x0043, 9 }, // C
    { 0x0044, 8 }, // D
    { 0x0045, 8 }, // E
    { 0x0046, 8 }, // F
    { 0x0047, 9 }, // G
    { 0x0048, 8 }, // H
    { 0x0049, 8 }, // I
    { 0x004A, 10 }, // J
    { 0x004B, 8 }, // K
    { 0x004C, 8 }, // L
    { 0x004D, 8 }, // M
    { 0x004E, 8 }, // N
    { 0x004F, 9 }, // O
    { 0x0050, 8 }, // P
    { 0x0051, 9 }, // Q
    { 0x0052, 8 }, // R
    { 0x0053, 11 }, // S
    { 0x0054, 12 }, // T
    { 0x0055, 13 }, // U
    { 0x0056, 14 }, // V
    { 0x0057, 15 }, // W
    { 0x0058, 16 }, // X
    { 0x0059, 17 }, // Y
    { 0x005A, 18 }, // Z
    { 0x005D, 2 }, // ]
    { 0x0061, 19 }, // a
    { 0x0062, 8 }, // b
    { 0x0063, 20 }, // c
    { 0x0064, 21 }, // d
    { 0x0065, 20 }, // e
    { 0x0066, 8 }, // f
    { 0x0067, 22 }, // g
    { 0x0068, 8 }, // h
    { 0x0069, 23 }, // i
    { 0x006A, 24 }, // j
    { 0x006B, 8 }, // k
    { 0x006C, 8 }, // l
    { 0x006D, 25 }, // m
    { 0x006E, 25 }, // n
    { 0x006F, 20 }, // o
    { 0x0070, 26 }, // p
    { 0x0071, 21 }, // q
    { 0x0072, 27 }, // r
    { 0x0073, 28 }, // s
    { 0x0074, 29 }, // t
    { 0x0075, 30 }, // u
    { 0x0076, 31 }, // v
    { 0x0077, 32 }, // w
    { 0x0078, 33 }, // x
    { 0x0079, 34 }, // y
    { 0x007A, 35 }, // z
    { 0x007D, 2 }, // }
    { 0x00C0, 7 }, // U+00C0
    { 0x00C1, 7 }, // U+00C1
    { 0x00C2, 7 }, // U+00C2
    { 0x00C3, 7 }, // U+00C3
    { 0x00C4, 7 }, // U+00C4
    { 0x00C5, 7 }, // U+00C5
    { 0x00C6, 36 }, // U+00C6
    { 0x00C7, 9 }, // U+00C7
    { 0x00C8, 8 }, // U+00C8
    { 0x00C9, 8 }, // U+00C9
    { 0x00CA, 8 }, // U+00CA
    { 0x00CB, 8 }, // U+00CB
    { 0x00CC, 8 }, // U+00CC
    { 0x00CD, 8 }, // U+00CD
    { 0x00CE, 8 }, // U+00CE
    { 0x00CF, 8 }, // U+00CF
    { 0x00D0, 8 }, // U+00D0
    { 0x00D1, 8 }, // U+00D1
    { 0x00D2, 9 }, // U+00D2
    { 0x00D3, 9 }, // U+00D3
    { 0x00D4, 9 }, // U+00D4
    { 0x00D5, 9 }, // U+00D5
    { 0x00D6, 9 }, // U+00D6
    { 0x00D9, 13 }, // U+00D9
    { 0x00DA, 13 }, // U+00DA
    { 0x00DB, 13 }, // U+00DB
    { 0x00DC, 13 }, // U+00DC
    { 0x00DD, 17 }, // U+00DD
    { 0x00DE, 8 }, // U+00DE
    { 0x00DF, 37 }, // U+00DF
    { 0x00E0, 19 }, // U+00E0
    { 0x00E1, 19 }, // U+00E1
    { 0x00E2, 19 }, // U+00E2
    { 0x00E3, 19 }, // U+00E3
    { 0x00E4, 19 }, // U+00E4
    { 0x00E5, 19 }, // U+00E5
    { 0x00E6, 19 }, // U+00E6
    { 0x00E7, 20 }, // U+00E7
    { 0x00E8, 20 }, // U+00E8
    { 0x00E9, 20 }, // U+00E9
    { 0x00EA, 20 }, // U+00EA
    { 0x00EB, 20 }, // U+00EB
    { 0x00EC, 23 }, // U+00EC
    { 0x00ED, 23 }, // U+00ED
    { 0x00EE, 23 }, // U+00EE
    { 0x00EF, 23 }, // U+00EF
    { 0x00F0, 37 }, // U+00F0
    { 0x00F1, 25 }, // U+00F1
    { 0x00F2, 20 }, // U+00F2
    { 0x00F3, 20 }, // U+00F3
    { 0x00F4, 20 }, // U+00F4
    { 0x00F5, 20 }, // U+00F5
    { 0x00F6, 20 }, // U+00F6
    { 0x00F8, 20 }, // U+00F8
    { 0x00F9, 30 }, // U+00F9
    { 0x00FA, 30 }, // U+00FA
    { 0x00FB, 30 }, // U+00FB
    { 0x00FC, 30 }, // U+00FC
    { 0x00FD, 34 }, // U+00FD
    { 0x00FE, 23 }, // U+00FE
    { 0x00FF, 34 }, // U+00FF
    { 0x0100, 7 }, // U+0100
    { 0x0101, 19 }, // U+0101
    { 0x0102, 7 }, // U+0102
    { 0x0103, 19 }, // U+0103
    { 0x0104, 7 }, // U+0104
    { 0x0105, 19 }, // U+0105
    { 0x0106, 9 }, // U+0106
    { 0x0107, 20 }, // U+0107
    { 0x0108, 9 }, // U+0108
    { 0x0109, 20 }, // U+0109
    { 0x010A, 9 }, // U+010A
    { 0x010B, 20 }, // U+010B
    { 0x010C, 9 }, // U+010C
    { 0x010D, 20 }, // U+010D
    { 0x010E, 8 }, // U+010E
    { 0x010F, 21 }, // U+010F
    { 0x0110, 37 }, // U+0110
    { 0x0111, 21 }, // U+0111
    { 0x0112, 8 }, // U+0112
    { 0x0113, 20 }, // U+0113
    { 0x0114, 8 }, // U+0114
    { 0x0115, 20 }, // U+0115
    { 0x0116, 8 }, // U+0116
    { 0x0117, 20 }, // U+0117
    { 0x0118, 8 }, // U+0118
    { 0x0119, 20 }, // U+0119
    { 0x011A, 8 }, // U+011A
    { 0x011B, 20 }, // U+011B
    { 0x011C, 9 }, // U+011C
    { 0x011D, 22 }, // U+011D
    { 0x011E, 9 }, // U+011E
    { 0x011F, 22 }, // U+011F
    { 0x0120, 9 }, // U+0120
    { 0x0121, 22 }, // U+0121
    { 0x0122, 9 }, // U+0122
    { 0x0123, 22 }, // U+0123
    { 0x0124, 8 }, // U+0124
    { 0x0125, 8 }, // U+0125
    { 0x0126, 8 }, // U+0126
    { 0x0127, 8 }, // U+0127
    { 0x0128, 8 }, // U+0128
    { 0x0129, 23 }, // U+0129
    { 0x012A, 8 }, // U+012A
    { 0x012B, 23 }, // U+012B
    { 0x012C, 8 }, // U+012C
    { 0x012D, 23 }, // U+012D
    { 0x012E, 8 }, // U+012E
    { 0x012F, 23 }, // U+012F
    { 0x0130, 8 }, // U+0130
    { 0x0131, 23 }, // U+0131
    { 0x0132, 8 }, // U+0132
    { 0x0133, 23 }, // U+0133
    { 0x0134, 10 }, // U+0134
    { 0x0135, 24 }, // U+0135
    { 0x0136, 8 }, // U+0136
    { 0x0137, 8 }, // U+0137
    { 0x0138, 8 }, // U+0138
    { 0x0139, 8 }, // U+0139
    { 0x013A, 8 }, // U+013A
    { 0x013B, 8 }, // U+013B
    { 0x013C, 8 }, // U+013C
    { 0x013D, 8 }, // U+013D
    { 0x013E, 8 }, // U+013E
    { 0x013F, 8 }, // U+013F
    { 0x0140, 8 }, // U+0140
    { 0x0141, 8 }, // U+0141
    { 0x0142, 8 }, // U+0142
    { 0x0143, 8 }, // U+0143
    { 0x0144, 25 }, // U+0144
    { 0x0145, 8 }, // U+0145
    { 0x0146, 25 }, // U+0146
    { 0x0147, 8 }, // U+0147
    { 0x0148, 25 }, // U+0148
    { 0x0149, 38 }, // U+0149
    { 0x014A, 8 }, // U+014A
    { 0x014B, 25 }, // U+014B
    { 0x014C, 9 }, // U+014C
    { 0x014D, 20 }, // U+014D
    { 0x014E, 9 }, // U+014E
    { 0x014F, 20 }, // U+014F
    { 0x0150, 9 }, // U+0150
    { 0x0151, 20 }, // U+0151
    { 0x0152, 9 }, // U+0152
    { 0x0153, 20 }, // U+0153
    { 0x0154, 8 }, // U+0154
    { 0x0155, 27 }, // U+0155
    { 0x0156, 8 }, // U+0156
    { 0x0157, 27 }, // U+0157
    { 0x0158, 8 }, // U+0158
    { 0x0159, 27 }, // U+0159
    { 0x015A, 11 }, // U+015A
    { 0x015B, 28 }, // U+015B
    { 0x015C, 11 }, // U+015C
    { 0x015D, 28 }, // U+015D
    { 0x015E, 11 }, // U+015E
    { 0x015F, 28 }, // U+015F
    { 0x0160, 11 }, // U+0160
    { 0x0161, 28 }, // U+0161
    { 0x0162, 12 }, // U+0162
    { 0x0163, 29 }, // U+0163
    { 0x0164, 12 }, // U+0164
    { 0x0165, 29 }, // U+0165
    { 0x0166, 12 }, // U+0166
    { 0x0167, 29 }, // U+0167
    { 0x0168, 13 }, // U+0168
    { 0x0169, 30 }, // U+0169
    { 0x016A, 13 }, // U+016A
    { 0x016B, 30 }, // U+016B
    { 0x016C, 13 }, // U+016C
    { 0x016D, 30 }, // U+016D
    { 0x016E, 13 }, // U+016E
    { 0x016F, 30 }, // U+016F
    { 0x0170, 13 }, // U+0170
    { 0x0171, 30 }, // U+0171
    { 0x0172, 13 }, // U+0172
    { 0x0173, 30 }, // U+0173
    { 0x0174, 15 }, // U+0174
    { 0x0175, 32 }, // U+0175
    { 0x0176, 17 }, // U+0176
    { 0x0177, 34 }, // U+0177
    { 0x0178, 17 }, // U+0178
    { 0x0179, 18 }, // U+0179
    { 0x017A, 35 }, // U+017A
    { 0x017B, 18 }, // U+017B
    { 0x017C, 35 }, // U+017C
    { 0x017D, 18 }, // U+017D
    { 0x017E, 35 }, // U+017E
    { 0x01A0, 9 }, // U+01A0
    { 0x01A1, 20 }, // U+01A1
    { 0x01AF, 13 }, // U+01AF
    { 0x01B0, 30 }, // U+01B0
    { 0x01C4, 8 }, // U+01C4
    { 0x01C5, 8 }, // U+01C5
    { 0x01C7, 8 }, // U+01C7
    { 0x01C8, 8 }, // U+01C8
    { 0x01C9, 8 }, // U+01C9
    { 0x01CA, 8 }, // U+01CA
    { 0x01CB, 8 }, // U+01CB
    { 0x01CC, 25 }, // U+01CC
    { 0x01E6, 37 }, // U+01E6
    { 0x01EA, 9 }, // U+01EA
    { 0x01EB, 20 }, // U+01EB
    { 0x01F1, 8 }, // U+01F1
    { 0x01F2, 8 }, // U+01F2
    { 0x01F3, 21 }, // U+01F3
    { 0x01F4, 9 }, // U+01F4
    { 0x01F5, 22 }, // U+01F5
    { 0x01FA, 7 }, // U+01FA
    { 0x01FB, 19 }, // U+01FB
    { 0x01FC, 36 }, // U+01FC
    { 0x01FD, 19 }, // U+01FD
    { 0x01FE, 39 }, // U+01FE
    { 0x01FF, 20 }, // U+01FF
    { 0x0200, 7 }, // U+0200
    { 0x0201, 19 }, // U+0201
    { 0x0202, 7 }, // U+0202
    { 0x0203, 19 }, // U+0203
    { 0x0204, 8 }, // U+0204
    { 0x0205, 20 }, // U+0205
    { 0x0206, 8 }, // U+0206
    { 0x0207, 20 }, // U+0207
    { 0x0208, 8 }, // U+0208
    { 0x0209, 23 }, // U+0209
    { 0x020A, 8 }, // U+020A
    { 0x020B, 23 }, // U+020B
    { 0x020C, 9 }, // U+020C
    { 0x020D, 20 }, // U+020D
    { 0x020E, 9 }, // U+020E
    { 0x020F, 20 }, // U+020F
    { 0x0210, 8 }, // U+0210
    { 0x0211, 27 }, // U+0211
    { 0x0212, 8 }, // U+0212
    { 0x0213, 27 }, // U+0213
    { 0x0214, 13 }, // U+0214
    { 0x0215, 30 }, // U+0215
    { 0x0216, 13 }, // U+0216
    { 0x0217, 30 }, // U+0217
    { 0x0218, 11 }, // U+0218
    { 0x0219, 28 }, // U+0219
    { 0x021A, 12 }, // U+021A
    { 0x021B, 29 }, // U+021B
    { 0x2013, 5 }, // U+2013
    { 0x2014, 5 }, // U+2014
    { 0x2019, 40 }, // U+2019
    { 0x201D, 40 }, // U+201D
    { 0xFB01, 8 }, // U+FB01
    { 0xFB02, 8 }, // U+FB02
};

static const int8_t librefranklin_8_regular_2xKernMatrix[] = {
       0,    0,    0,    0,    0,    0,  -53,    0,    0,    0,    0,    0,    0,    0,    0,    0,    0,    0,    0,  -22,  -22,    0,    0,    0,    0,    0,   -4,  -23,    0,    0,    0,    0,    0,    0,    0,    0,    0,    0,    0,    0,
       0,    0,    0,    0,    0,    0,    0,    0,    0,    0,    0,    0,    0,    0,    0,    0,    0,    0,    0,    0,    0,    0,    0,   45,    0,    0,    0,    0,    0,    0,    0,    0,    0,    0,    0,    0,    0,    0,    0,    0,
       0,    0,    0,    0,    0,    0,    0,    0,  -33,    0,    0,  -73,    0,  -68,  -61,    0,  -76,    0,    0,  -14,  -14,    0,    0,    0,    0,    0,    0,    0,    0,    0,  -37,  -36,    0,  -29,    0,    0,    0,    0,    0,    0,
       0,    0,    0,    0,    0,    0,    0,    0,    0,    0,    0,  -64,    0,  -41,  -34,  -38,  -61,  -29,    0,    0,    0,    0,    0,    0,    0,    0,    0,    0,    0,    0,    0,    0,  -30,    0,    0,    0,    0,    0,    0,    0,
     -53,    0,    0,    0,    0,    0,  -20,    0,  -23,    0,   -9,  -57,  -23,  -45,  -52,   -9,  -54,    0,    0,  -23,  -18,    0,    0,    0,    0,    0,    0,  -18,  -27,    0,  -36,  -27,  -12,  -21,    0,    0,    0,    0,    0,  -35,
       0,    0,    0,    0,    0,    0,   -9,    0,   -5,    0,    0,  -14,    0,  -11,  -11,  -12,  -18,    0,    0,    0,    0,    0,    0,    0,    0,    0,    0,    0,    0,    0,    0,    0,    0,    0,    0,    0,    0,    0,    0,    0,
       0,    0,    0,    0,    0,    0,  -12,    0,    0,    0,    0,   -9,    0,   -7,   -7,  -16,  -11,    0,    0,    0,    0,    0,    0,    0,    0,    0,    0,    0,    0,    0,    0,    0,    0,    0,    0,    0,    0,    0,    0,    0,
       0,    0,    0,  -33,    0,    0,  -23,    0,    0,   -7,  -11,  -29,    0,  -23,  -23,  -31,  -35,  -11,    0,    0,    0,    0,    0,    0,    0,    0,    0,   -5,    0,    0,    0,    0,    0,    0,    0,  -43,    0,    0,    0,    0,
       0,    0,    0,    0,    0,    0,    0,    0,  -20,    0,    0,    0,    0,    0,    0,    0,    0,    0,    0,  -14,   -9,    0,    0,    0,    0,    0,    0,   -9,    0,    0,  -34,  -27,  -13,  -21,    0,    0,    0,    0,    0,    0,
       0,    0,    0,  -69,    0,    0,  -38,    0,  -17,  -31,  -11,    0,    0,    0,    0,    0,   -9,    0,  -46,  -42,  -39,  -34,    0,    0,  -35,  -36,  -30,  -29,  -23,  -19,  -27,  -18,  -34,  -26,  -34,  -82,    0,    0,    0,    0,
       0,    0,    0,    0,    0,    0,    0,    0,    0,    0,    0,  -29,    0,  -12,  -12,    0,  -23,    0,    0,    0,    0,    0,    0,    0,    0,    0,    0,    0,    0,    0,    0,    0,    0,    0,    0,    0,    0,    0,    0,    0,
       0,    0,    0,    0,    0,    0,   -9,    0,    0,    0,    0,    0,    0,    0,    0,    0,    0,    0,    0,    0,    0,    0,    0,    0,    0,    0,    0,    0,    0,    0,    0,    0,    0,    0,    0,    0,    0,    0,    0,    0,
       0,    0,    0,    0,  -27,    0,  -14,    0,  -28,    0,  -10,  -22,  -12,  -17,  -10,    0,  -15,    0,  -14,  -27,  -25,    0,    0,    0,    0,    0,    0,    0,  -21,  -16,  -44,  -28,  -14,  -28,    0,    0,    0,    0,    0,    0,
     -91,    0,    0,    0,  -33,    0,   -9,    0,  -36,    0,    0,  -52,  -23,  -52,  -44,    0,  -66,    0,    0,  -14,  -13,    0,    0,    0,    0,    0,    0,   -9,    0,    0,  -34,  -23,    0,  -28,    0,    0,    0,    0,    0,  -82,
       0,    0,    0,  -66,    0,    0,  -49,    0,    0,  -44,    0,  -20,    0,  -11,  -12,  -18,  -15,  -27,  -11,  -28,  -28,  -18,    0,    0,    0,    0,    0,  -18,    0,    0,    0,    0,    0,    0,    0,  -68,    0,    0,    0,    0,
       0,    0,    0,    0,    0,    0,  -12,    0,   -5,    0,    0,   -5,    0,   -7,   -7,    0,  -10,    0,    0,  -20,  -20,  -18,    0,    0,    0,    0,    0,    0,    0,    0,    0,    0,    0,    0,    0,    0,    0,    0,    0,    0,
       0,    0,    0,    0,    0,    0,  -10,    0,   -9,   -5,   -7,   -9,    0,  -14,  -12,  -16,  -15,    0,    0,    0,    0,    0,    0,    0,    0,    0,    0,    0,  -14,    0,  -16,  -12,    0,  -16,    0,    0,    0,    0,    0,    0,
       0,    0,    0,  -73,  -64,  -46,  -51,    0,  -29,  -43,   -9,    0,    0,    0,    0,   -7,  -16,    0,  -45,  -57,  -53,  -55,    0,    0,  -42,  -42,  -44,  -52,  -23,  -46,  -42,  -41,  -36,  -42,  -41,  -78,    0,    0,    0,    0,
       0,    0,    0,    0,    0,    0,  -23,    0,    0,   -7,    0,    0,    0,    0,    0,   -7,    0,    0,    0,    0,    0,    0,    0,    0,    0,    0,    0,    0,    0,    0,    0,    0,    0,    0,    0,  -41,    0,    0,    0,    0,
       0,    0,    0,  -68,  -41,  -25,  -45,    0,  -23,  -27,  -14,    0,    0,   -7,   -7,   -7,   -7,    0,  -31,  -36,  -34,  -35,    0,    0,  -30,  -30,  -28,  -34,    0,  -30,  -14,  -14,  -14,  -14,  -18,  -68,    0,    0,    0,    0,
       0,    0,    0,  -61,  -34,    0,  -52,    0,  -23,  -27,  -12,    0,    0,   -7,   -9,   -7,   -7,    0,  -30,  -35,  -34,    0,    0,    0,  -25,  -30,  -20,    0,    0,  -27,  -11,  -11,  -11,  -11,  -12,  -70,    0,    0,    0,    0,
       0,    0,    0,    0,  -38,    0,   -9,    0,  -31,    0,  -19,   -7,   -7,   -9,   -9,   -5,   -9,    0,  -11,  -28,    0,    0,    0,    0,    0,    0,    0,    0,    0,    0,    0,    0,    0,  -31,    0,    0,    0,    0,    0,    0,
       0,    0,    0,  -76,  -61,  -32,  -54,    0,  -35,  -36,  -15,    0,    0,   -7,   -7,   -5,   -5,   -9,  -49,  -57,  -53,  -52,    0,    0,  -34,  -30,  -27,  -41,  -14,  -36,  -27,  -25,  -31,  -22,  -29,  -74,    0,    0,    0,    0,
       0,    0,    0,    0,  -29,    0,    0,    0,  -12,    0,    0,    0,    0,    0,    0,    0,   -5,    0,    0,  -20,  -20,    0,    0,    0,    0,    0,    0,    0,  -16,    0,  -20,  -20,    0,  -18,    0,    0,    0,    0,    0,    0,
       0,    0,    0,    0,    0,    0,    0,    0,    0,    0,    0,    0,    0,    0,    0,    0,    0,    0,    0,    0,    0,    0,    0,   57,    0,    0,    0,    0,    0,    0,    0,    0,    0,    0,    0,    0,    0,    0,    0,    0,
       0,    0,    0,    0,    0,    0,    0,    0,    0,    0,    0,    0,    0,    0,    0,    0,    0,    0,    0,    0,    0,    0,    0,    0,    0,    0,    0,    0,   -7,    0,   -7,   -7,    0,   -5,    0,    0,    0,    0,    0,    0,
       0,    0,    0,    0,    0,    0,    0,    0,    0,    0,    0,    0,    0,    0,    0,    0,    0,    0,    0,    0,    0,    0,    0,    0,    0,    0,    0,    0,   -7,    0,  -12,  -12,  -12,  -12,   -7,    0,    0,    0,    0,    0,
       0,    0,    0,    0,    0,    0,    0,    0,    0,    0,    0,    0,    0,    0,    0,    0,    0,    0,    0,   -4,    0,    0,    0,    0,    0,    0,    0,    0,   -7,    0,   -7,   -5,  -12,   -7,   -7,    0,    0,    0,    0,    0,
     -11,    0,    0,    0,    0,    0,    0,    0,    0,    0,    0,  -57,    0,  -34,  -35,    0,    0,    0,    0,    0,    0,    0,    0,    0,    0,    0,    0,    0,   -6,    0,   -9,   -7,  -14,   -9,   -9,    0,    0,    0,    0,    0,
       0,   38,    4,  -23,    0,    0,  -23,    0,    0,    0,    0,    0,    0,    0,    0,    0,    0,    0,    0,  -11,   -7,    0,    0,    0,    0,    0,    0,   -7,    0,    0,    0,    0,   -4,    0,    0,    0,    0,    0,    0,   34,
       0,    0,    0,    0,    0,    0,    0,    0,    0,    0,    0,    0,    0,    0,    0,    0,    0,    0,   -7,  -10,  -11,    0,    0,    0,    0,    0,    0,   -7,    0,    0,    0,    0,    0,    0,    0,    0,    0,    0,    0,    0,
       0,    0,    0,    0,    0,    0,    0,    0,    0,    0,    0,    0,    0,    0,    0,    0,    0,    0,    0,    0,    0,    0,    0,    0,    0,    0,    0,    0,   -7,    0,   -7,   -7,    0,   -7,    0,    0,    0,    0,    0,    0,
       0,   16,    0,    0,    0,    0,    0,    0,    0,    0,    0,    0,    0,    0,    0,    0,    0,    0,    0,    0,    0,    0,    0,    0,    0,    0,    0,    0,    0,    0,    0,    0,    0,    0,    0,    0,    0,    0,    0,    0,
       0,    0,    0,    0,  -30,    0,    0,    0,    0,    0,    0,    0,    0,    0,    0,    0,    0,    0,   -7,  -15,  -14,    0,    0,    0,    0,    0,    0,  -18,  -10,   -7,   -9,   -9,  -11,   -9,    0,    0,    0,    0,    0,    0,
     -18,    0,    0,  -14,    0,    0,    0,    0,    0,    0,    0,  -57,    0,  -36,  -35,    0,    0,    0,    0,    0,    0,    0,    0,    0,    0,    0,    0,    0,   -7,    0,  -14,  -10,  -19,  -12,   -9,    0,    0,    0,    0,    0,
       5,    0,    0,  -44,  -29,    0,    0,    0,    0,    0,    0,    0,    0,    0,    0,    0,    0,    0,   -3,   -7,   -7,    0,    0,    0,    0,    0,    0,   -5,    0,    0,    0,    0,    0,    0,    0,    0,    0,    0,    0,    0,
       0,    0,    0,    0,    0,    0,    0,    0,    0,    0,    0,    0,    0,    0,    0,    0,    0,    0,    0,    0,    0,    0,    0,    0,    0,    0,    0,    0,   -7,    0,   -9,   -7,   -9,   -7,    0,    0,    0,    0,    0,    0,
       4,    0,    0,    0,    0,    0,    0,    0,    0,    0,    0,    0,    0,    0,    0,    0,    0,    0,    0,   -7,   -7,    0,    0,    0,    0,    0,    0,    0,    0,    0,    0,    0,   -4,    0,    0,    0,    0,    0,    0,   14,
       0,    0,    0,  -37,    0,    0,  -36,    0,    0,    0,    0,    0,    0,    0,    0,    0,    0,    0,   -7,  -14,  -12,   -7,    0,    0,    0,    0,    0,   -9,    0,    0,   -5,   -5,   -7,   -5,    0,    0,    0,    0,    0,    0,
       0,    0,    0,  -37,    0,    0,  -27,    0,    0,    0,    0,    0,    0,    0,    0,    0,    0,    0,   -7,  -10,  -12,   -7,    0,    0,    0,    0,    0,   -7,    0,    0,   -5,   -5,   -5,   -5,    0,    0,    0,    0,    0,    0,
       0,    0,    0,    0,  -30,    0,    0,    0,    0,    0,    0,    0,    0,    0,    0,    0,    0,    0,   -9,  -20,  -12,    0,    0,    0,    0,    0,    0,   -9,  -11,   -7,  -10,  -10,   -7,  -10,    0,    0,    0,    0,    0,    0,
       0,    0,    0,  -35,    0,    0,  -36,    0,    0,    0,    0,    0,    0,    0,    0,    0,    0,    0,   -7,  -12,  -12,   -7,    0,    0,    0,    0,    0,   -9,    0,    0,   -5,   -5,   -5,   -5,    0,    0,    0,    0,    0,    0,
       0,    0,    0,    0,    0,    0,    0,    0,    0,    0,    0,    0,    0,    0,    0,    0,    0,    0,    0,   -9,   -7,    0,    0,    0,    0,    0,    0,    0,    0,    0,    0,    0,    0,    0,    0,    0,    0,    0,    0,    0,
       0,    0,    0,    0,    0,    0,    0,    0,    0,    0,    0,    0,    0,    0,    0,    0,    0,    0,    0,    0,    0,    0,    0,   53,    0,    0,    0,    0,    0,    0,    0,    0,    0,    0,    0,    0,    0,    0,    0,    0,
       0,    0,    0,    0,    0,    0,    0,    0,    0,    0,    0,    0,    0,    0,    0,    0,    0,    0,    0,    0,    0,    0,    0,   29,    0,    0,    0,    0,    0,    0,    0,    0,    0,    0,    0,    0,    0,    0,    0,    0,
       0,    0,    0,    0,    0,    0,    0,   21,   18,    0,   18,   23,   21,   21,   21,   21,   21,   21,   12,    6,    9,    9,   23,   23,   15,   15,   18,   12,   21,   18,   21,   18,   18,   18,   15,    0,   18,   44,   15,    0,
       0,    0,    0,    0,    0,    0,  -44,    0,    0,    0,    0,    0,    0,    0,    0,    0,    0,    0,    0,    0,    0,    0,    0,    0,    0,    0,    0,    0,    0,    0,    0,    0,    0,    0,    0,    0,    0,    0,    0,    0,
       0,    0,    0,    0,    0,    0,  -50,    0,    0,    0,    0,    0,    0,    0,    0,    0,    0,    0,    0,  -36,  -36,    0,    0,    0,    0,    0,  -12,  -33,    0,    0,   -7,    0,    0,    0,    0,    0,    0,    0,    0,    0,
};

static const EpdLigaturePair librefranklin_8_regular_2xLigaturePairs[] = {
    { 0x00660069, 0xFB01 }, // f i -> U+FB01
    { 0x0066006C, 0xFB02 }, // f l -> U+FB02
};

static const EpdFontData librefranklin_8_regular_2x = {
    librefranklin_8_regular_2xBitmaps,
    librefranklin_8_regular_2xGlyphs,
    librefranklin_8_regular_2xIntervals,
    55,
    40,
    33,
    -9,
    false,
    nullptr,
    0,
    nullptr,
    librefranklin_8_regular_2xKernLeftClasses,
    librefranklin_8_regular_2xKernRightClasses,
    librefranklin_8_regular_2xKernMatrix,
    230,
    312,
    48,
    40,
    librefranklin_8_regular_2xLigaturePairs,
    2,
};
