/**
 * generated by fontconvert.py
 * name: librefranklin_8_bold_2x
 * size: 16
 * mode: 1-bit
 * Command used: fontconvert.py librefranklin_8_bold_2x 16 ../builtinFonts/source/LibreFranklin/LibreFranklin-Bold.ttf
 */
#pragma once
#include "EpdFontData.h"

static const uint8_t librefranklin_8_bold_2xBitmaps[50970] = {
    0xFF, 0xFF, 0xFF, 0xEF, 0xDF, 0x9F, 0x3E, 0x7C, 0xF9, 0xF3, 0xE7, 0xCF, 0x9F, 0x3E, 0x78, 0x70,
    0x07, 0xEF, 0xFF, 0xFF, 0xFF, 0xFC, 0xFC, 0xFB, 0xF3, 0xE7, 0xCF, 0x9F, 0x3E, 0x7C, 0xF9, 0xE3,
    0xE7, 0x8F, 0x9E, 0x1E, 0x78, 0x70, 0xE1, 0xC0, 0x01, 0xC3, 0x80, 0x3C, 0x38, 0x03, 0xC3, 0x80,
    0x3C, 0x78, 0x03, 0x87, 0x80, 0x38, 0x78, 0x03, 0x87, 0x03, 0xFF, 0xFE, 0x7F, 0xFF, 0xF7, 0xFF,
    0xFF, 0x3F, 0xFF, 0xE0, 0x70, 0xF0, 0x07, 0x0F, 0x00, 0x70, 0xE0, 0x7F, 0xFF, 0xCF, 0xFF, 0xFE,
    0xFF, 0xFF, 0xE7, 0xFF, 0xFC, 0x0E, 0x1E, 0x00, 0xE1, 0xC0, 0x0E, 0x1C, 0x01, 0xE1, 0xC0, 0x1E,
    0x1C, 0x01, 0xE3, 0xC0, 0x1C, 0x3C, 0x00, 0x00, 0x00, 0x00, 0x78, 0x00, 0x03, 0xC0, 0x00, 0x7F,
    0x80, 0x0F, 0xFF, 0x01, 0xFF, 0xFE, 0x1F, 0xFF, 0xF0, 0xFD, 0xFF, 0x8F, 0xCF, 0x38, 0x7C, 0x78,
    0x03, 0xE3, 0xC0, 0x1F, 0x9E, 0x00, 0xFF, 0xF0, 0x03, 0xFF, 0xE0, 0x1F, 0xFF, 0xC0, 0x7F, 0xFF,
    0x80, 0xFF, 0xFE, 0x01, 0xFF, 0xF0, 0x03, 0xFF, 0xC0, 0x1E, 0x7E, 0x00, 0xF1, 0xF1, 0x07, 0x8F,
    0x9C, 0x3C, 0x7D, 0xF9, 0xE7, 0xEF, 0xFF, 0xFE, 0x7F, 0xFF, 0xE0, 0xFF, 0xFE, 0x03, 0xFF, 0xE0,
    0x00, 0xF0, 0x00, 0x07, 0x80, 0x00, 0x3C, 0x00, 0x00, 0x00, 0x00, 0x00, 0x7F, 0x00, 0x1E, 0x03,
    0xFE, 0x00, 0xF0, 0x1F, 0xFC, 0x07, 0x80, 0x78, 0xF0, 0x1E, 0x03, 0xE3, 0xE0, 0xF0, 0x0F, 0x87,
    0x87, 0x80, 0x3C, 0x1E, 0x1E, 0x00, 0xF0, 0x78, 0xF0, 0x03, 0xE1, 0xE3, 0x80, 0x0F, 0x8F, 0x9E,
    0x00, 0x1E, 0x3C, 0xF0, 0x00, 0x7F, 0xF3, 0x8F, 0x80, 0xFF, 0x9E, 0x7F, 0x80, 0xFC, 0xF3, 0xFF,
    0x00, 0x03, 0x9F, 0x3E, 0x00, 0x1E, 0x78, 0x78, 0x00, 0xF3, 0xE1, 0xE0, 0x03, 0x8F, 0x87, 0x80,
    0x1E, 0x3E, 0x1E, 0x00, 0xF0, 0xF8, 0x78, 0x03, 0x81, 0xE1, 0xE0, 0x1E, 0x07, 0x8F, 0x80, 0xF0,
    0x1F, 0xFC, 0x03, 0x80, 0x3F, 0xF0, 0x1E, 0x00, 0x7F, 0x80, 0x00, 0x00, 0x70, 0x00, 0x00, 0x00,
    0x00, 0x00, 0x7F, 0xC0, 0x00, 0x3F, 0xFC, 0x00, 0x1F, 0xFF, 0x80, 0x0F, 0xE7, 0xE0, 0x03, 0xF0,
    0xF8, 0x01, 0xF8, 0x3E, 0x00, 0x7F, 0x0F, 0x80, 0x0F, 0xC7, 0xE0, 0x03, 0xFB, 0xF0, 0x00, 0x7F,
    0xF8, 0x00, 0x1F, 0xFC, 0x00, 0x07, 0xFE, 0x0E, 0x03, 0xFF, 0x83, 0xE1, 0xFF, 0xF1, 0xF8, 0xFF,
    0xFE, 0x7C, 0x7E, 0x3F, 0xFF, 0x3F, 0x87, 0xFF, 0x8F, 0xC1, 0xFF, 0xC3, 0xF0, 0x3F, 0xE0, 0xFE,
    0x07, 0xFC, 0x3F, 0xC3, 0xFF, 0xF7, 0xFF, 0xFF, 0xFD, 0xFF, 0xFF, 0xFF, 0x3F, 0xFF, 0x3F, 0xC7,
    0xFF, 0x03, 0xF0, 0x1C, 0x00, 0x00, 0xFF, 0xF7, 0xDF, 0x7D, 0xE7, 0x9E, 0x78, 0xE0, 0x07, 0x87,
    0xC3, 0xC3, 0xE1, 0xF1, 0xF0, 0xF8, 0x7C, 0x7C, 0x3E, 0x1F, 0x0F, 0x8F, 0xC7, 0xE3, 0xF1, 0xF8,
    0xFC, 0x7E, 0x3F, 0x0F, 0x87, 0xC3, 0xE1, 0xF0, 0x7C, 0x3E, 0x1F, 0x07, 0xC3, 0xE0, 0xF0, 0x7C,
    0x1E, 0xF8, 0x3C, 0x1F, 0x0F, 0x83, 0xE1, 0xF0, 0x7C, 0x3E, 0x1F, 0x0F, 0xC7, 0xE1, 0xF0, 0xF8,
    0x7C, 0x3E, 0x1F, 0x0F, 0x87, 0xC3, 0xE1, 0xF1, 0xF8, 0xF8, 0x7C, 0x3E, 0x1F, 0x1F, 0x0F, 0x8F,
    0x87, 0xC3, 0xC3, 0xC0, 0x03, 0xC0, 0x07, 0x80, 0x0F, 0x01, 0x1E, 0x27, 0xBD, 0xEF, 0xFF, 0xDF,
    0xFF, 0x8F, 0xFC, 0x07, 0xE0, 0x1F, 0xE0, 0x7F, 0xE1, 0xF3, 0xC3, 0xC7, 0x81, 0x86, 0x00, 0x01,
    0xE0, 0x00, 0xF0, 0x00, 0x78, 0x00, 0x3C, 0x00, 0x1E, 0x00, 0x0F, 0x01, 0xFF, 0xFF, 0xFF, 0xFF,
    0xFF, 0xFF, 0xFF, 0xFF, 0xDF, 0xFF, 0xE0, 0x3C, 0x00, 0x1E, 0x00, 0x0F, 0x00, 0x07, 0x80, 0x03,
    0xC0, 0x01, 0xE0, 0x00, 0xFF, 0xFF, 0xFF, 0xFF, 0xF3, 0xDE, 0x73, 0xCE, 0x10, 0xFF, 0xDF, 0xFB,
    0xFF, 0x7F, 0xE0, 0x00, 0xFF, 0xFF, 0xFF, 0xFF, 0xF0, 0x00, 0xF0, 0x07, 0x80, 0x3C, 0x03, 0xC0,
    0x1E, 0x00, 0xF0, 0x0F, 0x00, 0x78, 0x07, 0xC0, 0x3C, 0x01, 0xE0, 0x1F, 0x00, 0xF0, 0x07, 0x80,
    0x7C, 0x03, 0xC0, 0x1E, 0x01, 0xF0, 0x0F, 0x00, 0x78, 0x07, 0xC0, 0x3C, 0x01, 0xE0, 0x1F, 0x00,
    0xF0, 0x07, 0x80, 0x00, 0x00, 0x00, 0x00, 0x07, 0xF8, 0x00, 0x7F, 0xF8, 0x03, 0xFF, 0xF0, 0x1F,
    0xFF, 0xE0, 0xFF, 0x3F, 0x83, 0xF0, 0x7F, 0x1F, 0xC0, 0xFC, 0x7E, 0x03, 0xF9, 0xF8, 0x07, 0xEF,
    0xE0, 0x1F, 0xBF, 0x80, 0x7E, 0xFE, 0x01, 0xFB, 0xF8, 0x07, 0xEF, 0xE0, 0x1F, 0xBF, 0x80, 0x7E,
    0xFE, 0x01, 0xFB, 0xF8, 0x07, 0xE7, 0xE0, 0x3F, 0x9F, 0xC0, 0xFE, 0x7F, 0x03, 0xF0, 0xFE, 0x3F,
    0xC1, 0xFF, 0xFE, 0x07, 0xFF, 0xF0, 0x07, 0xFF, 0x80, 0x0F, 0xFC, 0x00, 0x07, 0x80, 0x00, 0x03,
    0xE0, 0x1F, 0xC0, 0xFF, 0x87, 0xFF, 0x0F, 0xFE, 0x1F, 0xFC, 0x3F, 0xF8, 0x07, 0xF0, 0x0F, 0xE0,
    0x1F, 0xC0, 0x3F, 0x80, 0x7F, 0x00, 0xFE, 0x01, 0xFC, 0x03, 0xF8, 0x07, 0xF0, 0x0F, 0xE0, 0x1F,
    0xC0, 0x3F, 0x80, 0x7F, 0x0F, 0xFF, 0xFF, 0xFF, 0xFF, 0xFF, 0xFF, 0xFF, 0xFF, 0xFE, 0x00, 0x00,
    0x00, 0x7F, 0xE0, 0x1F, 0xFF, 0x03, 0xFF, 0xF8, 0x7F, 0xFF, 0xCF, 0xFF, 0xFE, 0xFE, 0x0F, 0xEF,
    0xC0, 0x7E, 0x38, 0x07, 0xE0, 0x00, 0x7E, 0x00, 0x0F, 0xE0, 0x01, 0xFC, 0x00, 0x3F, 0xC0, 0x07,
    0xF8, 0x00, 0xFF, 0x00, 0x1F, 0xE0, 0x03, 0xFC, 0x00, 0x7F, 0x80, 0x0F, 0xE0, 0x01, 0xFC, 0x00,
    0x3F, 0x80, 0x07, 0xFF, 0xFE, 0xFF, 0xFF, 0xEF, 0xFF, 0xFE, 0xFF, 0xFF, 0xEF, 0xFF, 0xFE, 0x00,
    0x00, 0x00, 0x1F, 0xF8, 0x03, 0xFF, 0xF0, 0x3F, 0xFF, 0xC3, 0xFF, 0xFF, 0x1F, 0xC7, 0xF8, 0x78,
    0x0F, 0xC1, 0x80, 0x7E, 0x00, 0x03, 0xF0, 0x00, 0x3F, 0x80, 0x03, 0xF8, 0x03, 0xFF, 0xC0, 0x1F,
    0xF8, 0x00, 0xFF, 0xE0, 0x07, 0xFF, 0x80, 0x3F, 0xFE, 0x00, 0x07, 0xF8, 0x00, 0x1F, 0xC0, 0x00,
    0x7E, 0x30, 0x03, 0xF3, 0xE0, 0x3F, 0xBF, 0x83, 0xFD, 0xFF, 0xFF, 0xC7, 0xFF, 0xFE, 0x1F, 0xFF,
    0xE0, 0x3F, 0xFC, 0x00, 0x3E, 0x00, 0x00, 0x1F, 0x80, 0x01, 0xFE, 0x00, 0x1F, 0xF0, 0x00, 0xFF,
    0x80, 0x0F, 0xFC, 0x00, 0xFF, 0xE0, 0x0F, 0xFF, 0x00, 0x7F, 0xF8, 0x07, 0xDF, 0xC0, 0x7C, 0xFE,
    0x07, 0xC7, 0xF0, 0x3E, 0x3F, 0x83, 0xE1, 0xFC, 0x3E, 0x0F, 0xE3, 0xE0, 0x7F, 0x1F, 0xFF, 0xFF,
    0xFF, 0xFF, 0xFF, 0xFF, 0xFF, 0xFF, 0xFF, 0xFE, 0xFF, 0xFF, 0xE0, 0x01, 0xFC, 0x00, 0x0F, 0xE0,
    0x00, 0x7F, 0x00, 0x03, 0xF8, 0x00, 0x1F, 0x80, 0x3F, 0xFF, 0xE1, 0xFF, 0xFF, 0x0F, 0xFF, 0xF8,
    0x7F, 0xFF, 0xC3, 0xFF, 0xFE, 0x1F, 0x00, 0x00, 0xF8, 0x00, 0x0F, 0xC0, 0x00, 0x7E, 0x00, 0x03,
    0xEF, 0xF8, 0x1F, 0xFF, 0xF0, 0xFF, 0xFF, 0xC7, 0xFF, 0xFE, 0x1F, 0xFF, 0xF8, 0x38, 0x1F, 0xC0,
    0x00, 0x7F, 0x00, 0x03, 0xF8, 0x00, 0x1F, 0xCE, 0x00, 0xFC, 0xF8, 0x0F, 0xEF, 0xE0, 0xFF, 0x7F,
    0xFF, 0xF1, 0xFF, 0xFF, 0x87, 0xFF, 0xF0, 0x0F, 0xFF, 0x00, 0x07, 0xC0, 0x00, 0x00, 0x00, 0x00,
    0x0F, 0xF8, 0x01, 0xFF, 0xE0, 0x1F, 0xFF, 0x81, 0xFF, 0xFE, 0x1F, 0xE7, 0xF8, 0xFC, 0x0F, 0x8F,
    0xE0, 0x20, 0x7E, 0x00, 0x03, 0xF0, 0x00, 0x3F, 0x80, 0x01, 0xFD, 0xFF, 0x0F, 0xFF, 0xFC, 0x7F,
    0xFF, 0xF3, 0xFF, 0xFF, 0xDF, 0xE0, 0xFE, 0xFE, 0x03, 0xFF, 0xF0, 0x1F, 0xDF, 0x80, 0xFE, 0xFC,
    0x07, 0xF7, 0xF0, 0x3F, 0x9F, 0xC3, 0xF8, 0xFF, 0xFF, 0xC3, 0xFF, 0xFC, 0x0F, 0xFF, 0xC0, 0x1F,
    0xF8, 0x00, 0x1E, 0x00, 0xFF, 0xFF, 0xFF, 0xFF, 0xFF, 0xFF, 0xFF, 0xFF, 0xFF, 0xFF, 0xFF, 0xFC,
    0x00, 0x1F, 0x00, 0x07, 0xE0, 0x00, 0xF8, 0x00, 0x3F, 0x00, 0x0F, 0xC0, 0x01, 0xF8, 0x00, 0x7E,
    0x00, 0x0F, 0xC0, 0x03, 0xF0, 0x00, 0x7E, 0x00, 0x1F, 0xC0, 0x03, 0xF0, 0x00, 0xFE, 0x00, 0x1F,
    0xC0, 0x03, 0xF0, 0x00, 0xFE, 0x00, 0x1F, 0xC0, 0x03, 0xF8, 0x00, 0xFF, 0x00, 0x1F, 0xC0, 0x00,
    0x00, 0x00, 0x00, 0x3F, 0xF0, 0x03, 0xFF, 0xE0, 0x3F, 0xFF, 0x83, 0xFF, 0xFE, 0x3F, 0xC7, 0xF1,
    0xF8, 0x0F, 0xCF, 0xC0, 0x7E, 0x7E, 0x03, 0xF3, 0xF8, 0x1F, 0x1F, 0xF1, 0xF8, 0xFF, 0xFF, 0x83,
    0xFF, 0xF8, 0x0F, 0xFF, 0xE0, 0x7F, 0xFF, 0x87, 0xFF, 0xFE, 0x7E, 0x1F, 0xF3, 0xE0, 0x3F, 0xFF,
    0x00, 0xFF, 0xF8, 0x07, 0xFF, 0xC0, 0x3F, 0xFF, 0x03, 0xF9, 0xFF, 0xFF, 0xCF, 0xFF, 0xFC, 0x3F,
    0xFF, 0xC0, 0x7F, 0xF8, 0x00, 0x7E, 0x00, 0x00, 0x00, 0x00, 0x3F, 0xE0, 0x07, 0xFF, 0xC0, 0x7F,
    0xFF, 0x07, 0xFF, 0xFC, 0x3F, 0xC7, 0xF3, 0xF8, 0x1F, 0x9F, 0xC0, 0x7E, 0xFC, 0x03, 0xF7, 0xE0,
    0x1F, 0xBF, 0x80, 0xFD, 0xFE, 0x0F, 0xF7, 0xFF, 0xFF, 0xBF, 0xFF, 0xFC, 0xFF, 0xFF, 0xE1, 0xFF,
    0xFF, 0x03, 0xE3, 0xF0, 0x00, 0x1F, 0x80, 0x00, 0xFC, 0x00, 0x0F, 0xE3, 0xE0, 0x7E, 0x3F, 0x8F,
    0xF1, 0xFF, 0xFF, 0x07, 0xFF, 0xF0, 0x1F, 0xFF, 0x00, 0x3F, 0xF0, 0x00, 0x3C, 0x00, 0xFF, 0xFF,
    0xFF, 0xFF, 0xF7, 0x80, 0x00, 0x00, 0x00, 0xFF, 0xFF, 0xFF, 0xFF, 0xF0, 0x7F, 0xFF, 0xFF, 0xFF,
    0xFF, 0xC0, 0x00, 0x00, 0x00, 0xFF, 0xFF, 0xFF, 0xFF, 0xF3, 0xDE, 0x73, 0xCE, 0x30, 0x00, 0x03,
    0x00, 0x0F, 0xC0, 0x1F, 0xE0, 0x7F, 0xF0, 0xFF, 0xF3, 0xFF, 0xE3, 0xFF, 0xC1, 0xFF, 0x00, 0xFF,
    0x00, 0x7F, 0xE0, 0x3F, 0xFE, 0x07, 0xFF, 0xC0, 0x7F, 0xF8, 0x0F, 0xFC, 0x00, 0xFE, 0x00, 0x0F,
    0x00, 0x01, 0x00, 0xFF, 0xFF, 0xFF, 0xFF, 0xFF, 0xFF, 0xFF, 0xFF, 0xF7, 0xFF, 0xF0, 0x00, 0x00,
    0x00, 0x00, 0x00, 0x00, 0xFF, 0xFF, 0xFF, 0xFF, 0xFF, 0xFF, 0xFF, 0xFF, 0xF0, 0x60, 0x00, 0x3E,
    0x00, 0x1F, 0xC0, 0x0F, 0xFC, 0x07, 0xFF, 0xC0, 0xFF, 0xF8, 0x0F, 0xFE, 0x01, 0xFF, 0x00, 0x3F,
    0x80, 0xFF, 0xC3, 0xFF, 0xE7, 0xFF, 0xC7, 0xFF, 0x03, 0xFE, 0x01, 0xF8, 0x00, 0xF0, 0x00, 0x40,
    0x00, 0x00, 0x00, 0x00, 0x07, 0xFC, 0x07, 0xFF, 0x8F, 0xFF, 0xE7, 0xFF, 0xFF, 0xE0, 0xFF, 0xE0,
    0x7E, 0x70, 0x3F, 0x00, 0x1F, 0x80, 0x1F, 0xC0, 0x1F, 0xC0, 0x1F, 0xC0, 0x0F, 0xC0, 0x0F, 0xC0,
    0x0F, 0xC0, 0x07, 0xC0, 0x03, 0xE0, 0x01, 0xF0, 0x00, 0x70, 0x00, 0x00, 0x00, 0x7E, 0x00, 0x3F,
    0x00, 0x1F, 0x80, 0x0F, 0xC0, 0x07, 0xE0, 0x03, 0xF0, 0x00, 0x00, 0x00, 0x00, 0x00, 0x0F, 0xFC,
    0x00, 0x07, 0xFF, 0xE0, 0x03, 0xFF, 0xFF, 0x00, 0xFE, 0x07, 0xF0, 0x3E, 0x00, 0x3F, 0x0F, 0x80,
    0x01, 0xE1, 0xE1, 0xF8, 0x3E, 0x78, 0x7F, 0xF3, 0xCF, 0x1F, 0xFE, 0x7B, 0xC7, 0xFF, 0xCF, 0x78,
    0xF0, 0xF8, 0xEF, 0x3E, 0x1F, 0x1D, 0xE7, 0x83, 0xC7, 0xBC, 0xF0, 0x78, 0xF7, 0x9E, 0x0F, 0x1E,
    0xF3, 0xE3, 0xE7, 0x9E, 0x7F, 0xFF, 0xF1, 0xE7, 0xFF, 0xFC, 0x3C, 0x7F, 0xFF, 0x07, 0xC7, 0xC3,
    0x80, 0x7C, 0x00, 0x00, 0x07, 0xC0, 0x06, 0x00, 0x7F, 0x07, 0xE0, 0x07, 0xFF, 0xFC, 0x00, 0x7F,
    0xFE, 0x00, 0x01, 0xFF, 0x00, 0x00, 0x00, 0xFE, 0x00, 0x00, 0xFF, 0x00, 0x00, 0xFF, 0x00, 0x01,
    0xFF, 0x80, 0x01, 0xFF, 0x80, 0x03, 0xFF, 0x80, 0x03, 0xFF, 0xC0, 0x03, 0xEF, 0xC0, 0x07, 0xEF,
    0xC0, 0x07, 0xCF, 0xE0, 0x07, 0xC7, 0xE0, 0x0F, 0xC7, 0xE0, 0x0F, 0x87, 0xF0, 0x0F, 0x83, 0xF0,
    0x1F, 0xFF, 0xF8, 0x1F, 0xFF, 0xF8, 0x3F, 0xFF, 0xF8, 0x3F, 0xFF, 0xFC, 0x3F, 0xFF, 0xFC, 0x7F,
    0xFF, 0xFC, 0x7E, 0x00, 0xFE, 0x7E, 0x00, 0xFE, 0xFC, 0x00, 0x7E, 0xFC, 0x00, 0x7F, 0xFC, 0x00,
    0x7F, 0xFF, 0xFE, 0x07, 0xFF, 0xFE, 0x3F, 0xFF, 0xF9, 0xFF, 0xFF, 0xEF, 0xFF, 0xFF, 0x7F, 0x03,
    0xFB, 0xF8, 0x0F, 0xDF, 0xC0, 0x7E, 0xFE, 0x03, 0xF7, 0xF0, 0x3F, 0xBF, 0xFF, 0xF9, 0xFF, 0xFF,
    0x8F, 0xFF, 0xF8, 0x7F, 0xFF, 0xF3, 0xFF, 0xFF, 0xDF, 0xC0, 0xFE, 0xFE, 0x03, 0xFF, 0xF0, 0x1F,
    0xFF, 0x80, 0xFF, 0xFC, 0x07, 0xFF, 0xE0, 0xFF, 0xFF, 0xFF, 0xFB, 0xFF, 0xFF, 0xDF, 0xFF, 0xFC,
    0xFF, 0xFF, 0x80, 0x00, 0x00, 0x00, 0x03, 0xFE, 0x00, 0x1F, 0xFF, 0x00, 0x7F, 0xFF, 0x01, 0xFF,
    0xFF, 0x07, 0xFC, 0xFF, 0x0F, 0xE0, 0x7F, 0x3F, 0x80, 0xFE, 0x7F, 0x00, 0xFC, 0xFC, 0x01, 0xF3,
    0xF8, 0x00, 0x07, 0xF0, 0x00, 0x0F, 0xE0, 0x00, 0x1F, 0xC0, 0x00, 0x3F, 0x80, 0x00, 0x7F, 0x00,
    0x00, 0xFE, 0x00, 0x00, 0xFC, 0x00, 0xE1, 0xFC, 0x01, 0xF3, 0xF8, 0x07, 0xE3, 0xF8, 0x1F, 0xC7,
    0xFC, 0xFF, 0x07, 0xFF, 0xFE, 0x07, 0xFF, 0xF8, 0x07, 0xFF, 0xE0, 0x07, 0xFF, 0x00, 0x01, 0xF0,
    0x00, 0xFF, 0xF8, 0x03, 0xFF, 0xFC, 0x0F, 0xFF, 0xF8, 0x3F, 0xFF, 0xF8, 0xFF, 0xFF, 0xF3, 0xF8,
    0x3F, 0xCF, 0xE0, 0x7F, 0xBF, 0x80, 0xFE, 0xFE, 0x03, 0xFB, 0xF8, 0x07, 0xFF, 0xE0, 0x1F, 0xFF,
    0x80, 0x7F, 0xFE, 0x01, 0xFF, 0xF8, 0x07, 0xFF, 0xE0, 0x1F, 0xFF, 0x80, 0x7F, 0xFE, 0x01, 0xFB,
    0xF8, 0x0F, 0xEF, 0xE0, 0x7F, 0xBF, 0x83, 0xFC, 0xFE, 0xFF, 0xF3, 0xFF, 0xFF, 0x8F, 0xFF, 0xFC,
    0x3F, 0xFF, 0xC0, 0xFF, 0xFC, 0x00, 0xFF, 0xFF, 0xDF, 0xFF, 0xFF, 0xFF, 0xFF, 0xFF, 0xFF, 0xFF,
    0xFF, 0xFD, 0xFC, 0x00, 0x3F, 0x80, 0x07, 0xF0, 0x00, 0xFE, 0x00, 0x1F, 0xC0, 0x03, 0xFF, 0xF0,
    0x7F, 0xFF, 0x0F, 0xFF, 0xE1, 0xFF, 0xFC, 0x3F, 0xFF, 0x87, 0xF0, 0x00, 0xFE, 0x00, 0x1F, 0xC0,
    0x03, 0xF8, 0x00, 0x7F, 0x00, 0x0F, 0xFF, 0xFD, 0xFF, 0xFF, 0xFF, 0xFF, 0xFF, 0xFF, 0xFF, 0xFF,
    0xFF, 0xE0, 0xFF, 0xFF, 0xFF, 0xFF, 0xFF, 0xFF, 0xFF, 0xFF, 0xFF, 0xFF, 0xFF, 0xFF, 0x80, 0x0F,
    0xE0, 0x03, 0xF8, 0x00, 0xFE, 0x00, 0x3F, 0x80, 0x0F, 0xFF, 0xC3, 0xFF, 0xF8, 0xFF, 0xFE, 0x3F,
    0xFF, 0x8F, 0xFF, 0xE3, 0xF8, 0x00, 0xFE, 0x00, 0x3F, 0x80, 0x0F, 0xE0, 0x03, 0xF8, 0x00, 0xFE,
    0x00, 0x3F, 0x80, 0x0F, 0xE0, 0x03, 0xF8, 0x00, 0xFC, 0x00, 0x00, 0x00, 0x00, 0x00, 0x03, 0xFF,
    0x00, 0x1F, 0xFF, 0x00, 0x7F, 0xFF, 0x81, 0xFF, 0xFF, 0x87, 0xFC, 0xFF, 0x0F, 0xE0, 0x7F, 0x3F,
    0x80, 0x7E, 0x7F, 0x00, 0xFC, 0xFC, 0x01, 0xE3, 0xF8, 0x00, 0x07, 0xF0, 0x00, 0x0F, 0xE0, 0x00,
    0x1F, 0xC1, 0xFF, 0xBF, 0x83, 0xFF, 0xFF, 0x07, 0xFF, 0xFE, 0x0F, 0xFF, 0xFC, 0x01, 0xFD, 0xFC,
    0x03, 0xFB, 0xF8, 0x07, 0xF3, 0xF8, 0x1F, 0xE7, 0xF8, 0x7F, 0xC7, 0xFF, 0xFF, 0x87, 0xFF, 0xFF,
    0x07, 0xFF, 0xDE, 0x07, 0xFE, 0x1C, 0x01, 0xF0, 0x00, 0xFC, 0x01, 0xFF, 0xF0, 0x0F, 0xFF, 0x80,
    0x7F, 0xFC, 0x03, 0xFF, 0xE0, 0x1F, 0xFF, 0x00, 0xFF, 0xF8, 0x07, 0xFF, 0xC0, 0x3F, 0xFE, 0x01,
    0xFF, 0xF0, 0x1F, 0xFF, 0xFF, 0xFF, 0xFF, 0xFF, 0xFF, 0xFF, 0xFF, 0xFF, 0xFF, 0xFF, 0xFF, 0xFF,
    0xFF, 0xC0, 0x3F, 0xFE, 0x01, 0xFF, 0xF0, 0x0F, 0xFF, 0x80, 0x7F, 0xFC, 0x03, 0xFF, 0xE0, 0x1F,
    0xFF, 0x00, 0xFF, 0xF8, 0x07, 0xFF, 0xC0, 0x3F, 0xFC, 0x01, 0xF8, 0xFD, 0xFF, 0xFF, 0xFF, 0xFF,
    0xFF, 0xFF, 0xFF, 0xFF, 0xFF, 0xFF, 0xFF, 0xFF, 0xFF, 0xFF, 0xFF, 0xFF, 0xFF, 0xFF, 0xFF, 0xFF,
    0xFC, 0x03, 0xF0, 0x3F, 0x03, 0xF0, 0x3F, 0x03, 0xF0, 0x3F, 0x03, 0xF0, 0x3F, 0x03, 0xF0, 0x3F,
    0x03, 0xF0, 0x3F, 0x03, 0xF0, 0x3F, 0x03, 0xF0, 0x3F, 0x03, 0xF0, 0x3F, 0x07, 0xF0, 0x7F, 0xFF,
    0xFF, 0xFF, 0xFF, 0xEF, 0xFE, 0xFF, 0xC3, 0xE0, 0xFC, 0x03, 0xFB, 0xF8, 0x0F, 0xCF, 0xE0, 0x7E,
    0x3F, 0x83, 0xF8, 0xFE, 0x1F, 0xC3, 0xF8, 0xFE, 0x0F, 0xE3, 0xF0, 0x3F, 0x9F, 0x80, 0xFE, 0xFC,
    0x03, 0xFF, 0xF0, 0x0F, 0xFF, 0xE0, 0x3F, 0xFF, 0x80, 0xFF, 0xFF, 0x03, 0xFF, 0xFC, 0x0F, 0xFB,
    0xF8, 0x3F, 0xEF, 0xE0, 0xFF, 0x1F, 0xC3, 0xF8, 0x7F, 0x8F, 0xE0, 0xFE, 0x3F, 0x83, 0xFC, 0xFE,
    0x07, 0xF3, 0xF8, 0x1F, 0xEF, 0xE0, 0x3F, 0xBF, 0x80, 0xFF, 0xFC, 0x01, 0xFC, 0xFC, 0x00, 0x3F,
    0x80, 0x0F, 0xE0, 0x03, 0xF8, 0x00, 0xFE, 0x00, 0x3F, 0x80, 0x0F, 0xE0, 0x03, 0xF8, 0x00, 0xFE,
    0x00, 0x3F, 0x80, 0x0F, 0xE0, 0x03, 0xF8, 0x00, 0xFE, 0x00, 0x3F, 0x80, 0x0F, 0xE0, 0x03, 0xF8,
    0x00, 0xFE, 0x00, 0x3F, 0x80, 0x0F, 0xE0, 0x03, 0xF8, 0x00, 0xFF, 0xFF, 0xFF, 0xFF, 0xFF, 0xFF,
    0xFF, 0xFF, 0xFF, 0xFF, 0xFF, 0xC0, 0xFF, 0x80, 0x1F, 0xFF, 0xF8, 0x03, 0xFF, 0xFF, 0xC0, 0x3F,
    0xFF, 0xFC, 0x03, 0xFF, 0xFF, 0xC0, 0x7F, 0xFF, 0xFE, 0x07, 0xFF, 0xFF, 0xE0, 0x7F, 0xFF, 0xFE,
    0x0F, 0xFF, 0xFF, 0xF0, 0xFF, 0xFF, 0xFF, 0x0F, 0xFF, 0xFB, 0xF1, 0xFF, 0xFF, 0xBF, 0x9F, 0x7F,
    0xF9, 0xFB, 0xF7, 0xFF, 0x9F, 0xFF, 0x7F, 0xF9, 0xFF, 0xE7, 0xFF, 0x8F, 0xFE, 0x7F, 0xF8, 0xFF,
    0xC7, 0xFF, 0x8F, 0xFC, 0x7F, 0xF8, 0x7F, 0xC7, 0xFF, 0x87, 0xF8, 0x7F, 0xF8, 0x7F, 0x87, 0xFF,
    0x83, 0xF8, 0x7F, 0xF8, 0x3F, 0x07, 0xFF, 0x83, 0xF0, 0x7F, 0xF8, 0x1F, 0x07, 0xF0, 0xFC, 0x00,
    0xFF, 0xF0, 0x07, 0xFF, 0xC0, 0x3F, 0xFE, 0x01, 0xFF, 0xF8, 0x0F, 0xFF, 0xE0, 0x7F, 0xFF, 0x03,
    0xFF, 0xFC, 0x1F, 0xFF, 0xF0, 0xFF, 0xFF, 0xC7, 0xFF, 0xFE, 0x3F, 0xFF, 0xF9, 0xFF, 0xDF, 0xEF,
    0xFE, 0x7F, 0x7F, 0xF3, 0xFF, 0xFF, 0x8F, 0xFF, 0xFC, 0x3F, 0xFF, 0xE0, 0xFF, 0xFF, 0x07, 0xFF,
    0xF8, 0x1F, 0xFF, 0xC0, 0x7F, 0xFE, 0x03, 0xFF, 0xF0, 0x0F, 0xFF, 0x80, 0x3F, 0xF8, 0x00, 0xF8,
    0x00, 0x00, 0x00, 0x01, 0xFF, 0x80, 0x07, 0xFF, 0xE0, 0x0F, 0xFF, 0xF0, 0x1F, 0xFF, 0xF8, 0x3F,
    0xE7, 0xFC, 0x3F, 0x81, 0xFC, 0x7F, 0x00, 0xFE, 0x7F, 0x00, 0xFE, 0x7E, 0x00, 0xFE, 0xFE, 0x00,
    0x7E, 0xFE, 0x00, 0x7F, 0xFE, 0x00, 0x7F, 0xFE, 0x00, 0x7F, 0xFE, 0x00, 0x7F, 0xFE, 0x00, 0x7F,
    0xFE, 0x00, 0x7E, 0x7E, 0x00, 0x7E, 0x7F, 0x00, 0xFE, 0x7F, 0x00, 0xFE, 0x3F, 0x81, 0xFC, 0x3F,
    0xC3, 0xFC, 0x1F, 0xFF, 0xF8, 0x0F, 0xFF, 0xF0, 0x07, 0xFF, 0xE0, 0x03, 0xFF, 0x80, 0x00, 0x3C,
    0x00, 0xFF, 0xFE, 0x07, 0xFF, 0xFC, 0x3F, 0xFF, 0xF9, 0xFF, 0xFF, 0xEF, 0xFF, 0xFF, 0x7F, 0x03,
    0xFF, 0xF8, 0x0F, 0xFF, 0xC0, 0x7F, 0xFE, 0x03, 0xFF, 0xF0, 0x1F, 0xFF, 0x81, 0xFF, 0xFF, 0xFF,
    0xEF, 0xFF, 0xFF, 0x7F, 0xFF, 0xF3, 0xFF, 0xFE, 0x1F, 0xFF, 0xC0, 0xFE, 0x00, 0x07, 0xF0, 0x00,
    0x3F, 0x80, 0x01, 0xFC, 0x00, 0x0F, 0xE0, 0x00, 0x7F, 0x00, 0x03, 0xF8, 0x00, 0x1F, 0xC0, 0x00,
    0xFC, 0x00, 0x00, 0x00, 0x00, 0x00, 0x01, 0xFF, 0x80, 0x07, 0xFF, 0xE0, 0x0F, 0xFF, 0xF0, 0x1F,
    0xFF, 0xF8, 0x3F, 0xE7, 0xFC, 0x3F, 0x81, 0xFC, 0x7F, 0x00, 0xFE, 0x7F, 0x00, 0xFE, 0x7E, 0x00,
    0xFE, 0xFE, 0x00, 0x7E, 0xFE, 0x00, 0x7F, 0xFE, 0x00, 0x7F, 0xFE, 0x00, 0x7F, 0xFE, 0x00, 0x7F,
    0xFE, 0x00, 0x7F, 0xFE, 0x00, 0x7F, 0x7E, 0x00, 0x7E, 0x7E, 0x00, 0xFE, 0x7F, 0x00, 0xFE, 0x7F,
    0x81, 0xFC, 0x3F, 0xC3, 0xFC, 0x1F, 0xFF, 0xF8, 0x0F, 0xFF, 0xF0, 0x07, 0xFF, 0xF0, 0x03, 0xFF,
    0xFC, 0x00, 0x3F, 0xFF, 0x00, 0x01, 0xFF, 0x00, 0x00, 0xFF, 0x00, 0x00, 0x3F, 0x00, 0x00, 0x06,
    0xFF, 0xFF, 0x07, 0xFF, 0xFE, 0x3F, 0xFF, 0xF9, 0xFF, 0xFF, 0xEF, 0xFF, 0xFF, 0xFF, 0x01, 0xFF,
    0xF8, 0x0F, 0xFF, 0xC0, 0x7F, 0xFE, 0x03, 0xFF, 0xF0, 0x3F, 0xFF, 0xFF, 0xFD, 0xFF, 0xFF, 0xEF,
    0xFF, 0xFE, 0x7F, 0xFF, 0xC3, 0xFF, 0xFE, 0x1F, 0xC7, 0xF0, 0xFE, 0x1F, 0x87, 0xF0, 0xFE, 0x3F,
    0x83, 0xF1, 0xFC, 0x1F, 0xCF, 0xE0, 0xFE, 0x7F, 0x03, 0xFB, 0xF8, 0x1F, 0xDF, 0xC0, 0x7F, 0xFC,
    0x03, 0xF8, 0x00, 0x00, 0x00, 0x1F, 0xF8, 0x03, 0xFF, 0xF0, 0x3F, 0xFF, 0xC3, 0xFF, 0xFF, 0x3F,
    0xC7, 0xF1, 0xF8, 0x0F, 0x0F, 0xC0, 0x30, 0x7E, 0x00, 0x03, 0xF8, 0x00, 0x1F, 0xF8, 0x00, 0xFF,
    0xFC, 0x03, 0xFF, 0xF8, 0x0F, 0xFF, 0xF0, 0x3F, 0xFF, 0x80, 0x7F, 0xFE, 0x00, 0x7F, 0xF0, 0x00,
    0x3F, 0xC0, 0x00, 0xFE, 0x70, 0x07, 0xF7, 0xC0, 0x3F, 0x7F, 0x03, 0xFB, 0xFF, 0xFF, 0xCF, 0xFF,
    0xFC, 0x3F, 0xFF, 0xC0, 0x7F, 0xF8, 0x00, 0x3E, 0x00, 0xFF, 0xFF, 0xFF, 0xFF, 0xFF, 0xFF, 0xFF,
    0xFF, 0xFF, 0xFF, 0xFF, 0xFF, 0xFF, 0x80, 0xFE, 0x00, 0x07, 0xF0, 0x00, 0x3F, 0x80, 0x01, 0xFC,
    0x00, 0x0F, 0xE0, 0x00, 0x7F, 0x00, 0x03, 0xF8, 0x00, 0x1F, 0xC0, 0x00, 0xFE, 0x00, 0x07, 0xF0,
    0x00, 0x3F, 0x80, 0x01, 0xFC, 0x00, 0x0F, 0xE0, 0x00, 0x7F, 0x00, 0x03, 0xF8, 0x00, 0x1F, 0xC0,
    0x00, 0xFE, 0x00, 0x07, 0xF0, 0x00, 0x3F, 0x80, 0x01, 0xFC, 0x00, 0xFC, 0x01, 0xFF, 0xC0, 0x1F,
    0xFC, 0x01, 0xFF, 0xC0, 0x1F, 0xFC, 0x01, 0xFF, 0xC0, 0x1F, 0xFC, 0x01, 0xFF, 0xC0, 0x1F, 0xFC,
    0x01, 0xFF, 0xC0, 0x1F, 0xFC, 0x01, 0xFF, 0xC0, 0x1F, 0xFC, 0x01, 0xFF, 0xC0, 0x1F, 0xFC, 0x01,
    0xFF, 0xC0, 0x1F, 0xFC, 0x01, 0xFF, 0xC0, 0x1F, 0xFE, 0x03, 0xFF, 0xE0, 0x3F, 0x7F, 0x8F, 0xF7,
    0xFF, 0xFE, 0x3F, 0xFF, 0xC1, 0xFF, 0xFC, 0x0F, 0xFF, 0x00, 0x1F, 0x80, 0xFC, 0x00, 0x7F, 0xFC,
    0x00, 0xFF, 0xF8, 0x03, 0xF3, 0xF0, 0x07, 0xE7, 0xF0, 0x0F, 0xCF, 0xE0, 0x3F, 0x0F, 0xC0, 0x7E,
    0x1F, 0xC0, 0xF8, 0x3F, 0x81, 0xF0, 0x3F, 0x07, 0xE0, 0x7F, 0x0F, 0x80, 0xFE, 0x1F, 0x00, 0xFC,
    0x7E, 0x01, 0xFC, 0xF8, 0x03, 0xF9, 0xF0, 0x03, 0xF7, 0xE0, 0x07, 0xFF, 0x80, 0x0F, 0xFF, 0x00,
    0x0F, 0xFE, 0x00, 0x1F, 0xF8, 0x00, 0x3F, 0xF0, 0x00, 0x3F, 0xE0, 0x00, 0x7F, 0x80, 0x00, 0xFF,
    0x00, 0x00, 0xFE, 0x00, 0xFC, 0x01, 0xF8, 0x07, 0xDF, 0xC0, 0x7F, 0x00, 0xFB, 0xF8, 0x0F, 0xE0,
    0x3F, 0x7F, 0x01, 0xFC, 0x07, 0xE7, 0xE0, 0x3F, 0xC0, 0xF8, 0xFE, 0x0F, 0xF8, 0x1F, 0x1F, 0xC1,
    0xFF, 0x07, 0xE1, 0xF8, 0x3F, 0xF0, 0xFC, 0x3F, 0x8F, 0xFE, 0x1F, 0x07, 0xF1, 0xFF, 0xC3, 0xE0,
    0x7E, 0x3F, 0xF8, 0xFC, 0x0F, 0xC7, 0xFF, 0x9F, 0x01, 0xFD, 0xFB, 0xF3, 0xE0, 0x3F, 0xBE, 0x7E,
    0xFC, 0x03, 0xF7, 0xCF, 0xFF, 0x00, 0x7F, 0xF8, 0xFF, 0xE0, 0x0F, 0xFE, 0x1F, 0xFC, 0x00, 0xFF,
    0xC3, 0xFF, 0x80, 0x1F, 0xF8, 0x7F, 0xE0, 0x03, 0xFE, 0x07, 0xFC, 0x00, 0x7F, 0xC0, 0xFF, 0x80,
    0x07, 0xF8, 0x1F, 0xE0, 0x00, 0xFF, 0x01, 0xFC, 0x00, 0x1F, 0xC0, 0x3F, 0x80, 0x01, 0xF8, 0x07,
    0xE0, 0x00, 0x7F, 0x00, 0xFE, 0x7F, 0x80, 0xFC, 0x3F, 0x81, 0xFC, 0x1F, 0xC1, 0xF8, 0x1F, 0xC3,
    0xF0, 0x0F, 0xE7, 0xF0, 0x0F, 0xF7, 0xE0, 0x07, 0xFF, 0xC0, 0x03, 0xFF, 0xC0, 0x03, 0xFF, 0x80,
    0x01, 0xFF, 0x00, 0x00, 0xFF, 0x00, 0x00, 0xFF, 0x00, 0x00, 0xFF, 0x80, 0x01, 0xFF, 0x80, 0x03,
    0xFF, 0xC0, 0x03, 0xFF, 0xE0, 0x07, 0xEF, 0xE0, 0x0F, 0xE7, 0xF0, 0x0F, 0xC7, 0xF8, 0x1F, 0x83,
    0xF8, 0x3F, 0x81, 0xFC, 0x3F, 0x01, 0xFE, 0x7F, 0x00, 0xFE, 0x7E, 0x00, 0xFF, 0x7F, 0x00, 0x3F,
    0x7F, 0x00, 0x7E, 0x3F, 0x80, 0x7E, 0x3F, 0xC0, 0xFC, 0x1F, 0xC0, 0xFC, 0x1F, 0xE1, 0xF8, 0x0F,
    0xE3, 0xF0, 0x07, 0xF3, 0xF0, 0x07, 0xF7, 0xE0, 0x03, 0xFF, 0xE0, 0x03, 0xFF, 0xC0, 0x01, 0xFF,
    0x80, 0x00, 0xFF, 0x80, 0x00, 0xFF, 0x00, 0x00, 0x7F, 0x00, 0x00, 0x7F, 0x00, 0x00, 0x7F, 0x00,
    0x00, 0x7F, 0x00, 0x00, 0x7F, 0x00, 0x00, 0x7F, 0x00, 0x00, 0x7F, 0x00, 0x00, 0x7F, 0x00, 0x00,
    0x7F, 0x00, 0x00, 0x7F, 0x00, 0x00, 0x7F, 0x00, 0x7F, 0xFF, 0xFB, 0xFF, 0xFF, 0xDF, 0xFF, 0xFE,
    0xFF, 0xFF, 0xE7, 0xFF, 0xFF, 0x00, 0x0F, 0xF0, 0x00, 0x7F, 0x00, 0x07, 0xF8, 0x00, 0x7F, 0x80,
    0x03, 0xF8, 0x00, 0x3F, 0x80, 0x03, 0xFC, 0x00, 0x1F, 0xC0, 0x01, 0xFC, 0x00, 0x1F, 0xE0, 0x00,
    0xFE, 0x00, 0x0F, 0xE0, 0x00, 0xFF, 0x00, 0x0F, 0xF0, 0x00, 0x7F, 0x00, 0x07, 0xFF, 0xFF, 0x7F,
    0xFF, 0xFF, 0xFF, 0xFF, 0xFF, 0xFF, 0xFF, 0xFF, 0xFF, 0xF8, 0xFF, 0x7F, 0xBF, 0xDF, 0xEF, 0x87,
    0xC3, 0xE1, 0xF0, 0xF8, 0x7C, 0x3E, 0x1F, 0x0F, 0x87, 0xC3, 0xE1, 0xF0, 0xF8, 0x7C, 0x3E, 0x1F,
    0x0F, 0x87, 0xC3, 0xE1, 0xF0, 0xF8, 0x7C, 0x3E, 0x1F, 0xEF, 0xF7, 0xFB, 0xFC, 0x78, 0x01, 0xE0,
    0x07, 0xC0, 0x0F, 0x00, 0x3C, 0x00, 0xF8, 0x01, 0xE0, 0x07, 0x80, 0x1F, 0x00, 0x3C, 0x00, 0xF0,
    0x03, 0xE0, 0x07, 0x80, 0x1E, 0x00, 0x7C, 0x00, 0xF0, 0x03, 0xC0, 0x0F, 0x80, 0x1E, 0x00, 0x78,
    0x01, 0xF0, 0x03, 0xC0, 0x0F, 0x00, 0x3E, 0x00, 0x78, 0x01, 0xE0, 0xFF, 0xFF, 0xFF, 0xEF, 0xF0,
    0xF8, 0x7C, 0x3E, 0x1F, 0x0F, 0x87, 0xC3, 0xE1, 0xF0, 0xF8, 0x7C, 0x3E, 0x1F, 0x0F, 0x87, 0xC3,
    0xE1, 0xF0, 0xF8, 0x7C, 0x3E, 0x1F, 0x0F, 0x87, 0xC3, 0xFF, 0xFF, 0xFF, 0xFF, 0xFE, 0x00, 0x00,
    0x07, 0x80, 0x0F, 0x00, 0x3E, 0x00, 0x7E, 0x01, 0xFC, 0x03, 0xFC, 0x07, 0xF8, 0x1E, 0xF8, 0x3C,
    0xF0, 0xF9, 0xE1, 0xE1, 0xE3, 0xC3, 0xCF, 0x07, 0xDE, 0x07, 0x80, 0xFF, 0xFF, 0xFF, 0xFF, 0xFF,
    0xFF, 0xFF, 0xFF, 0x00, 0x1C, 0x0F, 0xC3, 0xFE, 0x7F, 0xC3, 0xF0, 0x08, 0x07, 0xFC, 0x0F, 0xFF,
    0x8F, 0xFF, 0xEF, 0xFF, 0xF7, 0xE1, 0xF8, 0xE0, 0x7C, 0x00, 0x3E, 0x07, 0xFF, 0x1F, 0xFF, 0x9F,
    0xFF, 0xDF, 0xC3, 0xEF, 0xC1, 0xFF, 0xC0, 0xFF, 0xE0, 0xFF, 0xFD, 0xFE, 0xFF, 0xFF, 0x7F, 0xFF,
    0x9F, 0xE7, 0xC3, 0xC0, 0x00, 0x7C, 0x00, 0x1F, 0x80, 0x03, 0xF0, 0x00, 0x7E, 0x00, 0x0F, 0xC0,
    0x01, 0xF8, 0x00, 0x3F, 0x00, 0x07, 0xE7, 0xF0, 0xFF, 0xFF, 0x1F, 0xFF, 0xF3, 0xFF, 0xFE, 0x7F,
    0x0F, 0xEF, 0xC0, 0xFD, 0xF8, 0x1F, 0xBF, 0x01, 0xF7, 0xE0, 0x3F, 0xFC, 0x07, 0xFF, 0x80, 0xFF,
    0xF0, 0x3F, 0x7E, 0x07, 0xEF, 0xE0, 0xFD, 0xFE, 0x3F, 0x3F, 0xFF, 0xE7, 0xDF, 0xF8, 0x79, 0xFE,
    0x00, 0x0E, 0x00, 0x07, 0xF8, 0x0F, 0xFE, 0x0F, 0xFF, 0x8F, 0xFF, 0xE7, 0xE1, 0xFF, 0xE0, 0x7F,
    0xF0, 0x01, 0xF8, 0x00, 0xFC, 0x00, 0x7E, 0x00, 0x3F, 0x00, 0x1F, 0x80, 0x0F, 0xC0, 0x7B, 0xF0,
    0x7D, 0xFC, 0xFC, 0x7F, 0xFE, 0x1F, 0xFE, 0x07, 0xFC, 0x00, 0x78, 0x00, 0x00, 0x0F, 0xC0, 0x03,
    0xF0, 0x00, 0xFC, 0x00, 0x3F, 0x00, 0x0F, 0xC0, 0x03, 0xF0, 0x00, 0xFC, 0x3F, 0xBF, 0x1F, 0xFF,
    0xCF, 0xFF, 0xF7, 0xFF, 0xFD, 0xF8, 0x7F, 0xFC, 0x0F, 0xFF, 0x03, 0xFF, 0xC0, 0xFF, 0xF0, 0x3F,
    0xFC, 0x0F, 0xFF, 0x03, 0xFF, 0xC0, 0xFF, 0xF0, 0x3F, 0xFE, 0x0F, 0xDF, 0xCF, 0xF7, 0xFF, 0xFC,
    0xFF, 0xFF, 0x1F, 0xEF, 0xC1, 0xE0, 0x00, 0x07, 0xF8, 0x07, 0xFF, 0x83, 0xFF, 0xF1, 0xFF, 0xFC,
    0x7E, 0x1F, 0xBF, 0x03, 0xEF, 0xC0, 0xFF, 0xFF, 0xFF, 0xFF, 0xFF, 0xFF, 0xFF, 0xFF, 0xFF, 0xFB,
    0xF0, 0x00, 0xFC, 0x02, 0x1F, 0x81, 0xE7, 0xFF, 0xF8, 0xFF, 0xFE, 0x1F, 0xFF, 0x03, 0xFF, 0x00,
    0x1E, 0x00, 0x03, 0xF8, 0x3F, 0xC3, 0xFE, 0x1F, 0xF0, 0xFC, 0x07, 0xC0, 0x3E, 0x1F, 0xFF, 0xFF,
    0xFF, 0xFF, 0xFF, 0xFE, 0x1F, 0x00, 0xF8, 0x07, 0xC0, 0x3E, 0x01, 0xF0, 0x0F, 0x80, 0x7C, 0x03,
    0xE0, 0x1F, 0x00, 0xF8, 0x07, 0xC0, 0x3E, 0x01, 0xF0, 0x0F, 0x80, 0x00, 0x00, 0x30, 0x3F, 0xE3,
    0xC7, 0xFF, 0xFE, 0x7F, 0xFF, 0xF3, 0xF0, 0xFF, 0x3F, 0x07, 0xE1, 0xF8, 0x1F, 0x0F, 0xC1, 0xF8,
    0x3E, 0x0F, 0xC1, 0xFF, 0xFC, 0x07, 0xFF, 0xC0, 0x1F, 0xF8, 0x03, 0xF0, 0x00, 0x3F, 0x00, 0x01,
    0xFF, 0xFC, 0x0F, 0xFF, 0xF8, 0x3F, 0xFF, 0xE1, 0xFF, 0xFF, 0x1F, 0x0F, 0xFD, 0xF0, 0x07, 0xEF,
    0x80, 0x3F, 0x7E, 0x03, 0xF3, 0xFF, 0xFF, 0x0F, 0xFF, 0xF0, 0x0F, 0xFE, 0x00, 0x7C, 0x00, 0x3F,
    0x00, 0x0F, 0xC0, 0x03, 0xF0, 0x00, 0xFC, 0x00, 0x3F, 0x00, 0x0F, 0xC0, 0x03, 0xF3, 0xF8, 0xFD,
    0xFF, 0x3F, 0xFF, 0xEF, 0xFF, 0xFB, 0xFC, 0x7F, 0xFE, 0x0F, 0xFF, 0x03, 0xFF, 0xC0, 0xFF, 0xF0,
    0x3F, 0xFC, 0x0F, 0xFF, 0x03, 0xFF, 0xC0, 0xFF, 0xF0, 0x3F, 0xFC, 0x0F, 0xFF, 0x03, 0xFF, 0xC0,
    0xFF, 0xF0, 0x3F, 0x7C, 0x0F, 0x80, 0x7D, 0xFB, 0xF7, 0xEF, 0xCF, 0x00, 0x3E, 0xFD, 0xFB, 0xF7,
    0xEF, 0xDF, 0xBF, 0x7E, 0xFD, 0xFB, 0xF7, 0xEF, 0xDF, 0xBF, 0x7E, 0x7C, 0x0F, 0x87, 0xE1, 0xF8,
    0x7E, 0x1F, 0x83, 0xC0, 0x00, 0x3E, 0x1F, 0x87, 0xE1, 0xF8, 0x7E, 0x1F, 0x87, 0xE1, 0xF8, 0x7E,
    0x1F, 0x87, 0xE1, 0xF8, 0x7E, 0x1F, 0x87, 0xE1, 0xF8, 0x7E, 0x1F, 0x87, 0xE7, 0xFB, 0xFE, 0xFF,
    0xBF, 0xC7, 0xC0, 0x7C, 0x00, 0x1F, 0x80, 0x03, 0xF0, 0x00, 0x7E, 0x00, 0x0F, 0xC0, 0x01, 0xF8,
    0x00, 0x3F, 0x00, 0x07, 0xE0, 0x3E, 0xFC, 0x0F, 0xDF, 0x83, 0xF3, 0xF0, 0xFC, 0x7E, 0x3F, 0x0F,
    0xCF, 0xC1, 0xFB, 0xF0, 0x3F, 0xFF, 0x07, 0xFF, 0xE0, 0xFF, 0xFE, 0x1F, 0xFF, 0xC3, 0xFD, 0xFC,
    0x7F, 0x1F, 0x8F, 0xC3, 0xF9, 0xF8, 0x3F, 0x3F, 0x07, 0xF7, 0xE0, 0x7E, 0x7C, 0x0F, 0xE0, 0x7D,
    0xF7, 0xDF, 0x7D, 0xF7, 0xDF, 0x7D, 0xF7, 0xDF, 0x7F, 0xFF, 0xFF, 0xFF, 0xFF, 0xFF, 0xFF, 0xFF,
    0xFF, 0x7C, 0x00, 0x00, 0x00, 0x07, 0xC7, 0xE0, 0xFC, 0xFD, 0xFF, 0x3F, 0xEF, 0xFF, 0xFF, 0xFF,
    0xFF, 0xFF, 0xFF, 0xFF, 0xF1, 0xFE, 0x3F, 0xFE, 0x1F, 0xC3, 0xFF, 0xC1, 0xF8, 0x3F, 0xFC, 0x1F,
    0x83, 0xFF, 0xC1, 0xF8, 0x3F, 0xFC, 0x1F, 0x83, 0xFF, 0xC1, 0xF8, 0x3F, 0xFC, 0x1F, 0x83, 0xFF,
    0xC1, 0xF8, 0x3F, 0xFC, 0x1F, 0x83, 0xFF, 0xC1, 0xF8, 0x3F, 0xFC, 0x1F, 0x83, 0xFF, 0xC1, 0xF8,
    0x3F, 0x7C, 0x0F, 0x81, 0xF0, 0x7C, 0x7E, 0x3F, 0x7F, 0xCF, 0xFF, 0xFB, 0xFF, 0xFE, 0xFF, 0x1F,
    0xFF, 0x83, 0xFF, 0xC0, 0xFF, 0xF0, 0x3F, 0xFC, 0x0F, 0xFF, 0x03, 0xFF, 0xC0, 0xFF, 0xF0, 0x3F,
    0xFC, 0x0F, 0xFF, 0x03, 0xFF, 0xC0, 0xFF, 0xF0, 0x3F, 0xFC, 0x0F, 0xDF, 0x03, 0xE0, 0x07, 0xF8,
    0x07, 0xFF, 0x83, 0xFF, 0xF1, 0xFF, 0xFE, 0x7E, 0x1F, 0xBF, 0x03, 0xFF, 0xC0, 0xFF, 0xF0, 0x3F,
    0xFC, 0x0F, 0xFF, 0x03, 0xFF, 0xC0, 0xFF, 0xF0, 0x3F, 0xFC, 0x0F, 0xDF, 0x87, 0xE7, 0xF3, 0xF8,
    0xFF, 0xFC, 0x1F, 0xFE, 0x03, 0xFF, 0x00, 0x1E, 0x00, 0x7C, 0xFE, 0x1F, 0xBF, 0xE3, 0xFF, 0xFE,
    0x7F, 0xFF, 0xCF, 0xE1, 0xFD, 0xF8, 0x1F, 0xBF, 0x03, 0xF7, 0xE0, 0x3E, 0xFC, 0x07, 0xFF, 0x80,
    0xFF, 0xF0, 0x1F, 0x7E, 0x07, 0xEF, 0xC0, 0xFD, 0xFC, 0x1F, 0xBF, 0xCF, 0xF7, 0xFF, 0xFC, 0xFF,
    0xFF, 0x1F, 0xBF, 0xC3, 0xF1, 0xE0, 0x7E, 0x00, 0x0F, 0xC0, 0x01, 0xF8, 0x00, 0x3F, 0x00, 0x03,
    0xE0, 0x00, 0x00, 0x00, 0x03, 0xF8, 0xF1, 0xFF, 0xFC, 0xFF, 0xFF, 0x7F, 0xBF, 0xDF, 0x87, 0xFF,
    0xC0, 0xFF, 0xF0, 0x3F, 0xFC, 0x0F, 0xFF, 0x03, 0xFF, 0xC0, 0xFF, 0xF0, 0x3F, 0xFC, 0x0F, 0xFF,
    0x03, 0xFF, 0xE0, 0xFD, 0xFC, 0xFF, 0x7F, 0xFF, 0xCF, 0xFF, 0xF1, 0xFE, 0xFC, 0x0E, 0x3F, 0x00,
    0x0F, 0xC0, 0x03, 0xF0, 0x00, 0xFC, 0x00, 0x3F, 0x00, 0x0F, 0xC0, 0x7C, 0xFF, 0xEF, 0xFF, 0xFF,
    0xFF, 0xFF, 0xFF, 0xFF, 0x83, 0xF8, 0x1F, 0x80, 0xFC, 0x07, 0xE0, 0x3F, 0x01, 0xF8, 0x0F, 0xC0,
    0x7E, 0x03, 0xF0, 0x1F, 0x80, 0xFC, 0x03, 0xE0, 0x00, 0x07, 0xF8, 0x0F, 0xFF, 0x0F, 0xFF, 0xCF,
    0xFF, 0xE7, 0xC0, 0xF3, 0xF0, 0x01, 0xFF, 0x00, 0xFF, 0xF0, 0x3F, 0xFE, 0x0F, 0xFF, 0x83, 0xFF,
    0xE0, 0x1F, 0xF1, 0x01, 0xFB, 0xC0, 0x7F, 0xF8, 0xFE, 0xFF, 0xFE, 0x3F, 0xFE, 0x0F, 0xFE, 0x00,
    0xF8, 0x00, 0x0F, 0x80, 0x3E, 0x00, 0xF8, 0x03, 0xE0, 0x0F, 0x80, 0x3E, 0x0F, 0xFF, 0xFF, 0xFF,
    0xFF, 0xFF, 0xFF, 0xF1, 0xF8, 0x07, 0xE0, 0x1F, 0x80, 0x7E, 0x01, 0xF8, 0x07, 0xE0, 0x1F, 0x80,
    0x7E, 0x01, 0xF8, 0x07, 0xF0, 0x1F, 0xFC, 0x3F, 0xF0, 0xFF, 0xC1, 0xFF, 0x7C, 0x0F, 0xFE, 0x0F,
    0xFF, 0x07, 0xFF, 0x83, 0xFF, 0xC1, 0xFF, 0xE0, 0xFF, 0xF0, 0x7F, 0xF8, 0x3F, 0xFC, 0x1F, 0xFE,
    0x0F, 0xFF, 0x07, 0xFF, 0x83, 0xFF, 0xC1, 0xFF, 0xF1, 0xFF, 0xFF, 0xFE, 0xFF, 0xFF, 0x7F, 0xFF,
    0x9F, 0xE7, 0xC3, 0x80, 0x00, 0xFC, 0x03, 0xFF, 0xC0, 0x7D, 0xF8, 0x1F, 0x3F, 0x83, 0xE3, 0xF0,
    0x78, 0x7E, 0x1F, 0x07, 0xE3, 0xE0, 0xFC, 0xF8, 0x1F, 0xDF, 0x01, 0xFB, 0xC0, 0x3F, 0xF8, 0x03,
    0xFF, 0x00, 0x7F, 0xC0, 0x0F, 0xF8, 0x00, 0xFE, 0x00, 0x1F, 0xC0, 0x01, 0xF8, 0x00, 0x3E, 0x00,
    0x7C, 0x0F, 0x81, 0xEF, 0x81, 0xF0, 0x7D, 0xF8, 0x7E, 0x0F, 0x3F, 0x0F, 0xE1, 0xE7, 0xE1, 0xFC,
    0x7C, 0x7E, 0x7F, 0x8F, 0x0F, 0xCF, 0xF9, 0xE1, 0xF9, 0xFF, 0x7C, 0x1F, 0xBF, 0xEF, 0x03, 0xFF,
    0x7D, 0xE0, 0x7F, 0xEF, 0xFC, 0x07, 0xFC, 0xFF, 0x00, 0xFF, 0x1F, 0xE0, 0x1F, 0xE3, 0xFC, 0x01,
    0xFC, 0x7F, 0x00, 0x3F, 0x07, 0xE0, 0x07, 0xE0, 0xFC, 0x00, 0x7C, 0x1F, 0x00, 0x7E, 0x07, 0xC7,
    0xF0, 0x7C, 0x3F, 0x0F, 0x83, 0xF9, 0xF8, 0x1F, 0xFF, 0x00, 0xFF, 0xE0, 0x07, 0xFC, 0x00, 0x7F,
    0xC0, 0x03, 0xF8, 0x00, 0x3F, 0xC0, 0x07, 0xFE, 0x00, 0x7F, 0xE0, 0x0F, 0xFF, 0x01, 0xFB, 0xF8,
    0x3F, 0x1F, 0x83, 0xE1, 0xFC, 0x7C, 0x0F, 0xEF, 0xC0, 0x7E, 0xFC, 0x03, 0xDF, 0xC0, 0xF9, 0xF8,
    0x1F, 0x3F, 0x83, 0xE3, 0xF0, 0xF8, 0x7E, 0x1F, 0x0F, 0xE3, 0xC0, 0xFC, 0xF8, 0x1F, 0x9F, 0x01,
    0xFB, 0xC0, 0x3F, 0xF8, 0x03, 0xFE, 0x00, 0x7F, 0xC0, 0x0F, 0xF8, 0x00, 0xFE, 0x00, 0x1F, 0xC0,
    0x01, 0xF0, 0x00, 0x3E, 0x00, 0x0F, 0xC0, 0x1F, 0xF0, 0x07, 0xFC, 0x00, 0xFF, 0x80, 0x1F, 0xE0,
    0x03, 0xF0, 0x00, 0x7F, 0xFF, 0xBF, 0xFF, 0xDF, 0xFF, 0xEF, 0xFF, 0xE0, 0x07, 0xE0, 0x07, 0xF0,
    0x07, 0xF0, 0x07, 0xF0, 0x03, 0xF0, 0x03, 0xF8, 0x03, 0xF8, 0x03, 0xF8, 0x01, 0xF8, 0x01, 0xFC,
    0x01, 0xFF, 0xFC, 0xFF, 0xFF, 0xFF, 0xFF, 0xFF, 0xFF, 0xC0, 0x03, 0xF0, 0x7F, 0x0F, 0xF0, 0xFE,
    0x1F, 0x01, 0xF0, 0x1F, 0x01, 0xF0, 0x1F, 0x01, 0xF0, 0x1F, 0x01, 0xF0, 0x1F, 0x07, 0xF0, 0xFE,
    0x0F, 0xC0, 0xFF, 0x01, 0xF0, 0x1F, 0x01, 0xF0, 0x1F, 0x01, 0xF0, 0x1F, 0x01, 0xF0, 0x1F, 0x01,
    0xF0, 0x1F, 0x80, 0xFF, 0x0F, 0xF0, 0x7F, 0x01, 0xF0, 0x77, 0xBD, 0xEF, 0x7B, 0xDE, 0xF7, 0xBD,
    0xEF, 0x7B, 0xDE, 0xF7, 0xBD, 0xEF, 0x7B, 0xDE, 0xF7, 0xBD, 0xEF, 0x7B, 0xDE, 0xF7, 0xBC, 0xFC,
    0x07, 0xF0, 0x3F, 0xC0, 0xFF, 0x00, 0xF8, 0x07, 0xC0, 0x3E, 0x01, 0xF0, 0x0F, 0x80, 0x7C, 0x03,
    0xE0, 0x1F, 0x00, 0xF8, 0x07, 0xF0, 0x1F, 0xE0, 0x7F, 0x07, 0xF0, 0x7E, 0x03, 0xE0, 0x1F, 0x00,
    0xF8, 0x07, 0xC0, 0x3E, 0x01, 0xF0, 0x0F, 0x80, 0x7C, 0x03, 0xE1, 0xFF, 0x0F, 0xF0, 0x7F, 0x03,
    0xE0, 0x00, 0x00, 0x00, 0x07, 0xE0, 0x63, 0xFF, 0x7D, 0xFF, 0xFF, 0x7F, 0xFF, 0x9C, 0x1F, 0xC2,
    0x01, 0xC0, 0xFD, 0xFF, 0xFF, 0xFF, 0xFF, 0x80, 0x00, 0x78, 0xF9, 0xF3, 0xE7, 0xCF, 0x9F, 0x3E,
    0x7C, 0xF9, 0xF7, 0xEF, 0xFF, 0xFF, 0xFF, 0x01, 0xE0, 0x00, 0xF0, 0x00, 0x78, 0x00, 0x7E, 0x00,
    0xFF, 0xC1, 0xFF, 0xF0, 0xFF, 0xFC, 0xFC, 0x3E, 0xFC, 0x1F, 0xFE, 0x07, 0x3F, 0x00, 0x1F, 0x80,
    0x0F, 0xC0, 0x07, 0xE0, 0x03, 0xF0, 0x01, 0xF8, 0x0E, 0xFE, 0x0F, 0xBF, 0x8F, 0x8F, 0xFF, 0xC7,
    0xFF, 0xC0, 0xFF, 0xC0, 0x1F, 0x80, 0x07, 0x80, 0x03, 0xC0, 0x01, 0xE0, 0x00, 0x00, 0x00, 0x00,
    0x0F, 0xF0, 0x01, 0xFF, 0xE0, 0x1F, 0xFF, 0x81, 0xFF, 0xFE, 0x0F, 0xF3, 0xF0, 0x7F, 0x0F, 0x03,
    0xF0, 0x00, 0x1F, 0x80, 0x00, 0xFE, 0x00, 0x07, 0xF0, 0x00, 0xFF, 0xFC, 0x0F, 0xFF, 0xE0, 0x7F,
    0xFF, 0x03, 0xFF, 0xF8, 0x01, 0xF8, 0x00, 0x0F, 0xC0, 0x00, 0x7E, 0x00, 0x03, 0xF0, 0x00, 0x1F,
    0x81, 0xE0, 0xF8, 0x1F, 0xBF, 0xFF, 0xFB, 0xFF, 0xFF, 0xDF, 0xFF, 0xFC, 0xFF, 0xFF, 0xC7, 0xFF,
    0xFC, 0x00, 0x60, 0x03, 0x7B, 0xFB, 0xBF, 0xFF, 0xEF, 0xFF, 0xE3, 0xFF, 0xE3, 0xE0, 0xF9, 0xE0,
    0x3C, 0xF0, 0x1E, 0x78, 0x0F, 0x3C, 0x07, 0x9E, 0x03, 0xCF, 0x83, 0xE3, 0xFF, 0xE3, 0xFF, 0xFB,
    0xFF, 0xFF, 0xEF, 0xEF, 0x60, 0x03, 0x00, 0x00, 0x00, 0x7F, 0x00, 0x3F, 0x7F, 0x00, 0x7E, 0x7F,
    0x80, 0x7E, 0x3F, 0x80, 0xFC, 0x1F, 0xC1, 0xF8, 0x1F, 0xE1, 0xF8, 0x0F, 0xE3, 0xF0, 0x0F, 0xF3,
    0xF0, 0x07, 0xF7, 0xE0, 0x03, 0xFF, 0xC0, 0x03, 0xFF, 0xC0, 0x01, 0xFF, 0x80, 0x00, 0xFF, 0x80,
    0x0F, 0xFF, 0xF0, 0x0F, 0xFF, 0xF8, 0x0F, 0xFF, 0xF0, 0x00, 0x7E, 0x00, 0x00, 0x7E, 0x00, 0x0F,
    0xFF, 0xF0, 0x0F, 0xFF, 0xF8, 0x0F, 0xFF, 0xF0, 0x0F, 0xFF, 0xF0, 0x00, 0x7E, 0x00, 0x00, 0x7E,
    0x00, 0x00, 0x7E, 0x00, 0x77, 0xBD, 0xEF, 0x7B, 0xDE, 0xF7, 0xBD, 0xEF, 0x7B, 0xC0, 0x00, 0x00,
    0x0F, 0x7B, 0xDE, 0xF7, 0xBD, 0xEF, 0x7B, 0xDE, 0xF7, 0xBC, 0x00, 0x00, 0x07, 0xF8, 0x07, 0xFF,
    0x07, 0xFF, 0xC7, 0xF7, 0xF3, 0xE0, 0xF1, 0xF8, 0x00, 0xFE, 0x00, 0x7F, 0xE0, 0x1F, 0xFC, 0x07,
    0xFF, 0x07, 0xFF, 0xC7, 0xEF, 0xF3, 0xE1, 0xF9, 0xF0, 0x7C, 0xFC, 0x3E, 0x7F, 0x9F, 0x3F, 0xFF,
    0x0F, 0xFF, 0x03, 0xFF, 0xC0, 0x3F, 0xF0, 0x07, 0xF8, 0x00, 0xFC, 0x70, 0x3E, 0x7C, 0x1F, 0x3F,
    0xFF, 0x9F, 0xFF, 0x83, 0xFF, 0x80, 0x7F, 0x00, 0xF9, 0xFF, 0x9F, 0xF9, 0xFF, 0x9F, 0xF9, 0xF0,
    0x00, 0x00, 0x00, 0x00, 0x3F, 0xF0, 0x00, 0x3F, 0xFF, 0x00, 0x1F, 0xFF, 0xE0, 0x0F, 0xC0, 0xFC,
    0x07, 0xC0, 0x0F, 0x83, 0xC1, 0xE1, 0xF1, 0xE1, 0xFE, 0x3C, 0x78, 0xFF, 0xC7, 0xBC, 0x7F, 0xF9,
    0xEF, 0x3E, 0x1E, 0x3F, 0xCF, 0x86, 0x0F, 0xF3, 0xE0, 0x03, 0xFC, 0xF8, 0x00, 0xFF, 0x3E, 0x00,
    0x3F, 0xCF, 0x82, 0x0F, 0xF3, 0xE1, 0xE3, 0xFC, 0x7C, 0xF9, 0xE7, 0x9F, 0xFC, 0x79, 0xE3, 0xFE,
    0x3E, 0x3C, 0x3F, 0x0F, 0x0F, 0x80, 0x0F, 0x81, 0xF8, 0x0F, 0xC0, 0x3F, 0xFF, 0xE0, 0x03, 0xFF,
    0xF0, 0x00, 0x7F, 0xF0, 0x00, 0x01, 0xE0, 0x00, 0x00, 0x03, 0xFC, 0x7F, 0xE7, 0xDE, 0x31, 0xE0,
    0xFE, 0x3F, 0xE7, 0xFE, 0xF1, 0xEF, 0x1E, 0x7F, 0xE7, 0xFE, 0x1C, 0xE0, 0x0E, 0x18, 0x38, 0xF1,
    0xE7, 0x8F, 0x1E, 0x3C, 0xF9, 0xF3, 0xC7, 0x9F, 0x3E, 0x78, 0x79, 0xF1, 0xF3, 0xC3, 0xCF, 0x87,
    0x9E, 0x1E, 0x38, 0x38, 0xF0, 0x7F, 0xFF, 0xFF, 0xFF, 0xFF, 0xFF, 0xFF, 0xFF, 0xF7, 0xFF, 0xF8,
    0x00, 0x7C, 0x00, 0x3E, 0x00, 0x1F, 0x00, 0x0F, 0x80, 0x03, 0xC0, 0x00, 0x00, 0x07, 0xF8, 0x07,
    0xFE, 0x07, 0xC7, 0x87, 0x80, 0xE7, 0xFF, 0x3B, 0xBF, 0xDD, 0xDC, 0xEE, 0xEF, 0xF7, 0x77, 0xF3,
    0xBB, 0xB9, 0xDD, 0xCC, 0xE7, 0x67, 0xF3, 0xC0, 0xF0, 0xFF, 0xF0, 0x3F, 0xF0, 0x07, 0xE0, 0x00,
    0xFF, 0xFF, 0xFF, 0xFF, 0xFF, 0xFF, 0xF0, 0x0F, 0x80, 0xFF, 0x0F, 0xFC, 0xFF, 0xE7, 0x8F, 0xB8,
    0x3D, 0xC1, 0xEF, 0x0F, 0x7C, 0xF1, 0xFF, 0x8F, 0xF8, 0x1F, 0x80, 0x01, 0xE0, 0x00, 0xF0, 0x00,
    0x78, 0x00, 0x3C, 0x00, 0x1E, 0x00, 0x0F, 0x01, 0xFF, 0xFF, 0xFF, 0xFF, 0xFF, 0xFF, 0xFF, 0xFF,
    0xDF, 0xFF, 0xE0, 0x3C, 0x00, 0x1E, 0x00, 0x0F, 0x00, 0x07, 0x80, 0x03, 0xC0, 0x01, 0xE0, 0x00,
    0x00, 0x00, 0x00, 0x1F, 0xFF, 0xFF, 0xFF, 0xFF, 0xFF, 0xFF, 0xFF, 0xFE, 0x00, 0x00, 0xFE, 0x1F,
    0xF8, 0xFF, 0xEF, 0x8F, 0x38, 0x78, 0x03, 0xC0, 0x3E, 0x03, 0xE0, 0x3F, 0x03, 0xE0, 0x3E, 0x03,
    0xE0, 0x3F, 0xFB, 0xFF, 0xFF, 0xFF, 0xFF, 0xF8, 0x00, 0x00, 0x7F, 0x87, 0xFF, 0x1F, 0xFE, 0x38,
    0xF8, 0x01, 0xE0, 0x0F, 0x83, 0xFC, 0x0F, 0xE0, 0x3F, 0xC0, 0x0F, 0x80, 0x1E, 0x20, 0x79, 0xE3,
    0xEF, 0xFF, 0x9F, 0xFC, 0x1F, 0xE0, 0x00, 0x00, 0x78, 0x3F, 0x3F, 0xEF, 0xFD, 0xF8, 0x18, 0x00,
    0x7C, 0x0F, 0xFE, 0x0F, 0xFF, 0x07, 0xFF, 0x83, 0xFF, 0xC1, 0xFF, 0xE0, 0xFF, 0xF0, 0x7F, 0xF8,
    0x3F, 0xFC, 0x1F, 0xFE, 0x0F, 0xFF, 0x07, 0xFF, 0x83, 0xFF, 0xC1, 0xFF, 0xF1, 0xFF, 0xFF, 0xFF,
    0xFF, 0xFF, 0xFF, 0xFF, 0xFF, 0xE7, 0xFF, 0x80, 0x1F, 0x80, 0x0F, 0xC0, 0x07, 0xE0, 0x03, 0xF0,
    0x00, 0xF8, 0x00, 0x0F, 0xFF, 0xC7, 0xFF, 0xF3, 0xFF, 0xFD, 0xFF, 0xFE, 0xFF, 0xEF, 0x3F, 0xFB,
    0xCF, 0xFE, 0xF3, 0xFF, 0xBC, 0xFF, 0xEF, 0x3F, 0xFB, 0xCF, 0xFE, 0xF1, 0xFF, 0xBC, 0x7F, 0xEF,
    0x0F, 0xFB, 0xC0, 0xFE, 0xF0, 0x07, 0xBC, 0x01, 0xEF, 0x00, 0x7B, 0xC0, 0x1E, 0xF0, 0x07, 0xBC,
    0x01, 0xEF, 0x00, 0x7B, 0xC0, 0x1E, 0xF0, 0x07, 0xBC, 0x01, 0xEF, 0x00, 0x7B, 0xC0, 0x1E, 0xF0,
    0x07, 0xBC, 0xFF, 0xFF, 0xFF, 0xFC, 0x00, 0x08, 0x0E, 0x0F, 0x07, 0xE1, 0xF8, 0x3F, 0xFD, 0xFE,
    0x3C, 0x00, 0x1E, 0x1F, 0x8F, 0xE3, 0xF8, 0xFE, 0x0F, 0x83, 0xE0, 0xF8, 0x3E, 0x0F, 0x83, 0xE0,
    0xF8, 0x3E, 0x3F, 0xFF, 0xFF, 0xFE, 0x00, 0x03, 0xF8, 0x7F, 0xCF, 0xFE, 0xF1, 0xEF, 0x1F, 0xF1,
    0xFF, 0x1F, 0xF1, 0xEF, 0x9E, 0x7F, 0xC3, 0xF8, 0x0F, 0x00, 0x61, 0xC3, 0xC7, 0x87, 0x9E, 0x1E,
    0x3C, 0x3C, 0xF8, 0xF9, 0xE1, 0xE7, 0xC7, 0x9F, 0x3E, 0x7C, 0xF1, 0xE3, 0xCF, 0x1E, 0x3C, 0x79,
    0xE3, 0xC7, 0x00, 0x1E, 0x00, 0x07, 0x81, 0xF8, 0x00, 0x1C, 0x0F, 0xE0, 0x00, 0xF0, 0x3F, 0x80,
    0x07, 0x80, 0xFE, 0x00, 0x1C, 0x00, 0xF8, 0x00, 0xF0, 0x03, 0xE0, 0x07, 0x80, 0x0F, 0x80, 0x1C,
    0x00, 0x3E, 0x00, 0xF0, 0x00, 0xF8, 0x07, 0x87, 0x83, 0xE0, 0x1C, 0x3E, 0x0F, 0x80, 0xF1, 0xF8,
    0x3E, 0x07, 0x8F, 0xE3, 0xFE, 0x1C, 0x3F, 0x8F, 0xFC, 0xF1, 0xDE, 0x3F, 0xE7, 0x8F, 0x78, 0x00,
    0x1C, 0x79, 0xE0, 0x00, 0xF1, 0xC7, 0x80, 0x07, 0x8F, 0xFF, 0x80, 0x1C, 0x3F, 0xFE, 0x00, 0xF0,
    0xFF, 0xF8, 0x07, 0x83, 0xFF, 0xE0, 0x1E, 0x00, 0x1E, 0x00, 0xF0, 0x00, 0x78, 0x03, 0x80, 0x01,
    0xE0, 0x04, 0x00, 0x00, 0x00, 0x1E, 0x00, 0x07, 0x80, 0xFC, 0x00, 0x1E, 0x03, 0xF8, 0x00, 0x38,
    0x07, 0xF0, 0x00, 0xF0, 0x0D, 0xE0, 0x03, 0xC0, 0x03, 0xC0, 0x07, 0x00, 0x07, 0x80, 0x1E, 0x00,
    0x0F, 0x00, 0x78, 0x00, 0x1E, 0x00, 0xE0, 0x00, 0x3C, 0x03, 0xC7, 0xE0, 0x78, 0x0F, 0x3F, 0xE0,
    0xF0, 0x1C, 0xFF, 0xE1, 0xE0, 0x7B, 0xE7, 0xDF, 0xF9, 0xE3, 0x87, 0xFF, 0xF3, 0x80, 0x0F, 0xFF,
    0xEF, 0x00, 0x1E, 0x00, 0x3C, 0x00, 0x7C, 0x00, 0x70, 0x01, 0xF0, 0x01, 0xE0, 0x07, 0xC0, 0x07,
    0x80, 0x3F, 0x00, 0x0E, 0x00, 0xF8, 0x00, 0x3C, 0x03, 0xE0, 0x00, 0xF0, 0x0F, 0xFF, 0x81, 0xC0,
    0x1F, 0xFF, 0x07, 0x80, 0x3F, 0xFE, 0x00, 0x00, 0x00, 0x00, 0x00, 0x00, 0x00, 0x00, 0x3F, 0xC0,
    0x01, 0xE0, 0x7F, 0xF0, 0x01, 0xC0, 0x7F, 0xF0, 0x03, 0xC0, 0x70, 0xF0, 0x07, 0x80, 0x00, 0xF0,
    0x07, 0x00, 0x01, 0xF0, 0x0F, 0x00, 0x0F, 0xE0, 0x1E, 0x00, 0x0F, 0xC0, 0x1C, 0x00, 0x0F, 0xF0,
    0x3C, 0x00, 0x01, 0xF8, 0x78, 0x78, 0x00, 0xF8, 0x70, 0xF8, 0x60, 0x78, 0xF1, 0xF8, 0xF0, 0xF9,
    0xE1, 0xF8, 0xFF, 0xF1, 0xC3, 0xF8, 0x7F, 0xF3, 0xC7, 0xF8, 0x3F, 0xC7, 0x8F, 0x78, 0x00, 0x07,
    0x0E, 0x78, 0x00, 0x0F, 0x1C, 0x78, 0x00, 0x1E, 0x3F, 0xFE, 0x00, 0x1C, 0x3F, 0xFF, 0x00, 0x3C,
    0x3F, 0xFF, 0x00, 0x78, 0x3F, 0xFE, 0x00, 0x70, 0x00, 0x78, 0x00, 0xF0, 0x00, 0x78, 0x01, 0xE0,
    0x00, 0x78, 0x00, 0x40, 0x00, 0x00, 0x01, 0xF0, 0x00, 0xFE, 0x00, 0x3F, 0x80, 0x0F, 0xE0, 0x03,
    0xF8, 0x00, 0xFE, 0x00, 0x00, 0x00, 0x00, 0x00, 0x01, 0xF0, 0x00, 0x7C, 0x00, 0x3F, 0x00, 0x1F,
    0x80, 0x0F, 0xE0, 0x07, 0xF0, 0x03, 0xF8, 0x01, 0xF8, 0x00, 0x7E, 0x00, 0x3F, 0x01, 0xEF, 0xC0,
    0xFD, 0xF8, 0x7F, 0x7F, 0xFF, 0x8F, 0xFF, 0xC1, 0xFF, 0xE0, 0x1F, 0xE0, 0x00, 0x00, 0x00, 0x01,
    0xE0, 0x00, 0x01, 0xF8, 0x00, 0x01, 0xFF, 0x00, 0x01, 0xFF, 0x80, 0x00, 0x1F, 0x80, 0x00, 0x03,
    0x00, 0x00, 0x00, 0x00, 0x00, 0xFE, 0x00, 0x00, 0xFF, 0x00, 0x00, 0xFF, 0x00, 0x01, 0xFF, 0x80,
    0x01, 0xFF, 0x80, 0x03, 0xFF, 0x80, 0x03, 0xFF, 0xC0, 0x03, 0xEF, 0xC0, 0x07, 0xEF, 0xC0, 0x07,
    0xCF, 0xE0, 0x07, 0xC7, 0xE0, 0x0F, 0xC7, 0xE0, 0x0F, 0x87, 0xF0, 0x0F, 0x83, 0xF0, 0x1F, 0xFF,
    0xF8, 0x1F, 0xFF, 0xF8, 0x3F, 0xFF, 0xF8, 0x3F, 0xFF, 0xFC, 0x3F, 0xFF, 0xFC, 0x7F, 0xFF, 0xFC,
    0x7E, 0x00, 0xFE, 0x7E, 0x00, 0xFE, 0xFC, 0x00, 0x7E, 0xFC, 0x00, 0x7F, 0xFC, 0x00, 0x7F, 0x00,
    0x00, 0x00, 0x00, 0x07, 0x00, 0x00, 0x1F, 0x80, 0x00, 0xFF, 0x80, 0x01, 0xFF, 0x00, 0x01, 0xF8,
    0x00, 0x01, 0x80, 0x00, 0x00, 0x00, 0x00, 0x00, 0xFE, 0x00, 0x00, 0xFF, 0x00, 0x00, 0xFF, 0x00,
    0x01, 0xFF, 0x80, 0x01, 0xFF, 0x80, 0x03, 0xFF, 0x80, 0x03, 0xFF, 0xC0, 0x03, 0xEF, 0xC0, 0x07,
    0xEF, 0xC0, 0x07, 0xCF, 0xE0, 0x07, 0xC7, 0xE0, 0x0F, 0xC7, 0xE0, 0x0F, 0x87, 0xF0, 0x0F, 0x83,
    0xF0, 0x1F, 0xFF, 0xF8, 0x1F, 0xFF, 0xF8, 0x3F, 0xFF, 0xF8, 0x3F, 0xFF, 0xFC, 0x3F, 0xFF, 0xFC,
    0x7F, 0xFF, 0xFC, 0x7E, 0x00, 0xFE, 0x7E, 0x00, 0xFE, 0xFC, 0x00, 0x7E, 0xFC, 0x00, 0x7F, 0xFC,
    0x00, 0x7F, 0x00, 0x7C, 0x00, 0x00, 0xFE, 0x00, 0x01, 0xFF, 0x00, 0x03, 0xEF, 0x80, 0x03, 0xC7,
    0xC0, 0x00, 0x00, 0x00, 0x00, 0x00, 0x00, 0x00, 0xFE, 0x00, 0x00, 0xFF, 0x00, 0x00, 0xFF, 0x00,
    0x01, 0xFF, 0x80, 0x01, 0xFF, 0x80, 0x03, 0xFF, 0x80, 0x03, 0xFF, 0xC0, 0x03, 0xEF, 0xC0, 0x07,
    0xEF, 0xC0, 0x07, 0xCF, 0xE0, 0x07, 0xC7, 0xE0, 0x0F, 0xC7, 0xE0, 0x0F, 0x87, 0xF0, 0x0F, 0x83,
    0xF0, 0x1F, 0xFF, 0xF8, 0x1F, 0xFF, 0xF8, 0x3F, 0xFF, 0xF8, 0x3F, 0xFF, 0xFC, 0x3F, 0xFF, 0xFC,
    0x7F, 0xFF, 0xFC, 0x7E, 0x00, 0xFE, 0x7E, 0x00, 0xFE, 0xFC, 0x00, 0x7E, 0xFC, 0x00, 0x7F, 0xFC,
    0x00, 0x7F, 0x01, 0xF0, 0xC0, 0x03, 0xFF, 0xC0, 0x03, 0xFF, 0xC0, 0x03, 0xFF, 0x80, 0x00, 0x00,
    0x00, 0x00, 0x00, 0x00, 0x00, 0x00, 0x00, 0x00, 0xFE, 0x00, 0x00, 0xFF, 0x00, 0x00, 0xFF, 0x00,
    0x01, 0xFF, 0x80, 0x01, 0xFF, 0x80, 0x03, 0xFF, 0x80, 0x03, 0xFF, 0xC0, 0x03, 0xEF, 0xC0, 0x07,
    0xEF, 0xC0, 0x07, 0xCF, 0xE0, 0x07, 0xC7, 0xE0, 0x0F, 0xC7, 0xE0, 0x0F, 0x87, 0xF0, 0x0F, 0x83,
    0xF0, 0x1F, 0xFF, 0xF8, 0x1F, 0xFF, 0xF8, 0x3F, 0xFF, 0xF8, 0x3F, 0xFF, 0xFC, 0x3F, 0xFF, 0xFC,
    0x7F, 0xFF, 0xFC, 0x7E, 0x00, 0xFE, 0x7E, 0x00, 0xFE, 0xFC, 0x00, 0x7E, 0xFC, 0x00, 0x7F, 0xFC,
    0x00, 0x7F, 0x03, 0xE7, 0xC0, 0x03, 0xEF, 0xC0, 0x03, 0xEF, 0xC0, 0x03, 0xEF, 0xC0, 0x03, 0xE7,
    0xC0, 0x00, 0x00, 0x00, 0x00, 0x00, 0x00, 0x00, 0xFE, 0x00, 0x00, 0xFF, 0x00, 0x00, 0xFF, 0x00,
    0x01, 0xFF, 0x80, 0x01, 0xFF, 0x80, 0x03, 0xFF, 0x80, 0x03, 0xFF, 0xC0, 0x03, 0xEF, 0xC0, 0x07,
    0xEF, 0xC0, 0x07, 0xCF, 0xE0, 0x07, 0xC7, 0xE0, 0x0F, 0xC7, 0xE0, 0x0F, 0x87, 0xF0, 0x0F, 0x83,
    0xF0, 0x1F, 0xFF, 0xF8, 0x1F, 0xFF, 0xF8, 0x3F, 0xFF, 0xF8, 0x3F, 0xFF, 0xFC, 0x3F, 0xFF, 0xFC,
    0x7F, 0xFF, 0xFC, 0x7E, 0x00, 0xFE, 0x7E, 0x00, 0xFE, 0xFC, 0x00, 0x7E, 0xFC, 0x00, 0x7F, 0xFC,
    0x00, 0x7F, 0x00, 0x38, 0x00, 0x00, 0x7E, 0x00, 0x00, 0xFE, 0x00, 0x00, 0xE7, 0x00, 0x00, 0xC7,
    0x00, 0x00, 0xEF, 0x00, 0x00, 0xFE, 0x00, 0x00, 0x7C, 0x00, 0x00, 0x00, 0x00, 0x00, 0xFE, 0x00,
    0x00, 0xFF, 0x00, 0x00, 0xFF, 0x00, 0x01, 0xFF, 0x80, 0x01, 0xFF, 0x80, 0x03, 0xFF, 0x80, 0x03,
    0xFF, 0xC0, 0x03, 0xEF, 0xC0, 0x07, 0xEF, 0xC0, 0x07, 0xCF, 0xE0, 0x07, 0xC7, 0xE0, 0x0F, 0xC7,
    0xE0, 0x0F, 0x87, 0xF0, 0x0F, 0x83, 0xF0, 0x1F, 0xFF, 0xF8, 0x1F, 0xFF, 0xF8, 0x3F, 0xFF, 0xF8,
    0x3F, 0xFF, 0xFC, 0x3F, 0xFF, 0xFC, 0x7F, 0xFF, 0xFC, 0x7E, 0x00, 0xFE, 0x7E, 0x00, 0xFE, 0xFC,
    0x00, 0x7E, 0xFC, 0x00, 0x7F, 0xFC, 0x00, 0x7F, 0x00, 0x0F, 0xFF, 0xFF, 0xC0, 0x03, 0xFF, 0xFF,
    0xF0, 0x01, 0xFF, 0xFF, 0xFC, 0x00, 0x7F, 0xFF, 0xFF, 0x00, 0x3F, 0xFF, 0xFF, 0x80, 0x0F, 0xFF,
    0x00, 0x00, 0x07, 0xFF, 0xC0, 0x00, 0x01, 0xF7, 0xF0, 0x00, 0x00, 0xFD, 0xFC, 0x00, 0x00, 0x3E,
    0x7F, 0x00, 0x00, 0x1F, 0x9F, 0xFF, 0xC0, 0x07, 0xC7, 0xFF, 0xF0, 0x03, 0xE1, 0xFF, 0xFC, 0x01,
    0xF8, 0x7F, 0xFF, 0x00, 0x7F, 0xFF, 0xFF, 0xC0, 0x3F, 0xFF, 0xF0, 0x00, 0x0F, 0xFF, 0xFC, 0x00,
    0x07, 0xFF, 0xFF, 0x00, 0x01, 0xFF, 0xFF, 0xC0, 0x00, 0xFF, 0xFF, 0xF0, 0x00, 0x3F, 0x01, 0xFF,
    0xFF, 0xDF, 0x80, 0x7F, 0xFF, 0xF7, 0xE0, 0x1F, 0xFF, 0xFF, 0xF0, 0x07, 0xFF, 0xFF, 0xFC, 0x01,
    0xFF, 0xFF, 0xC0, 0x00, 0x00, 0x00, 0x03, 0xFE, 0x00, 0x1F, 0xFF, 0x00, 0x7F, 0xFF, 0x01, 0xFF,
    0xFF, 0x07, 0xFC, 0xFF, 0x0F, 0xE0, 0x7F, 0x3F, 0x80, 0xFE, 0x7F, 0x00, 0xFC, 0xFC, 0x01, 0xF3,
    0xF8, 0x00, 0x07, 0xF0, 0x00, 0x0F, 0xE0, 0x00, 0x1F, 0xC0, 0x00, 0x3F, 0x80, 0x00, 0x7F, 0x00,
    0x00, 0xFE, 0x00, 0x00, 0xFC, 0x00, 0xE1, 0xFC, 0x01, 0xF3, 0xF8, 0x07, 0xE3, 0xF8, 0x1F, 0xC7,
    0xFC, 0xFF, 0x07, 0xFF, 0xFE, 0x07, 0xFF, 0xF8, 0x07, 0xFF, 0xE0, 0x07, 0xFF, 0x00, 0x01, 0xF0,
    0x00, 0x01, 0xC0, 0x00, 0x07, 0xE0, 0x00, 0x03, 0xE0, 0x00, 0x23, 0xC0, 0x00, 0x7F, 0x80, 0x01,
    0xFE, 0x00, 0x00, 0x70, 0x00, 0x00, 0x00, 0x00, 0xE0, 0x00, 0x1F, 0x80, 0x07, 0xFC, 0x00, 0x7F,
    0xC0, 0x01, 0xF8, 0x00, 0x03, 0x00, 0x00, 0x00, 0xFF, 0xFF, 0xDF, 0xFF, 0xFF, 0xFF, 0xFF, 0xFF,
    0xFF, 0xFF, 0xFF, 0xFD, 0xFC, 0x00, 0x3F, 0x80, 0x07, 0xF0, 0x00, 0xFE, 0x00, 0x1F, 0xC0, 0x03,
    0xFF, 0xF0, 0x7F, 0xFF, 0x0F, 0xFF, 0xE1, 0xFF, 0xFC, 0x3F, 0xFF, 0x87, 0xF0, 0x00, 0xFE, 0x00,
    0x1F, 0xC0, 0x03, 0xF8, 0x00, 0x7F, 0x00, 0x0F, 0xFF, 0xFD, 0xFF, 0xFF, 0xFF, 0xFF, 0xFF, 0xFF,
    0xFF, 0xFF, 0xFF, 0xE0, 0x00, 0x00, 0x00, 0x03, 0x80, 0x03, 0xF0, 0x01, 0xFE, 0x00, 0xFF, 0xC0,
    0x1F, 0xC0, 0x01, 0x80, 0x00, 0x00, 0x00, 0xFF, 0xFF, 0xDF, 0xFF, 0xFF, 0xFF, 0xFF, 0xFF, 0xFF,
    0xFF, 0xFF, 0xFD, 0xFC, 0x00, 0x3F, 0x80, 0x07, 0xF0, 0x00, 0xFE, 0x00, 0x1F, 0xC0, 0x03, 0xFF,
    0xF0, 0x7F, 0xFF, 0x0F, 0xFF, 0xE1, 0xFF, 0xFC, 0x3F, 0xFF, 0x87, 0xF0, 0x00, 0xFE, 0x00, 0x1F,
    0xC0, 0x03, 0xF8, 0x00, 0x7F, 0x00, 0x0F, 0xFF, 0xFD, 0xFF, 0xFF, 0xFF, 0xFF, 0xFF, 0xFF, 0xFF,
    0xFF, 0xFF, 0xE0, 0x01, 0xF0, 0x00, 0x7F, 0x00, 0x1F, 0xF0, 0x07, 0x9F, 0x01, 0xE1, 0xE0, 0x00,
    0x00, 0x00, 0x00, 0x07, 0xFF, 0xFE, 0xFF, 0xFF, 0xFF, 0xFF, 0xFF, 0xFF, 0xFF, 0xFF, 0xFF, 0xEF,
    0xE0, 0x01, 0xFC, 0x00, 0x3F, 0x80, 0x07, 0xF0, 0x00, 0xFE, 0x00, 0x1F, 0xFF, 0x83, 0xFF, 0xF8,
    0x7F, 0xFF, 0x0F, 0xFF, 0xE1, 0xFF, 0xFC, 0x3F, 0x80, 0x07, 0xF0, 0x00, 0xFE, 0x00, 0x1F, 0xC0,
    0x03, 0xF8, 0x00, 0x7F, 0xFF, 0xEF, 0xFF, 0xFF, 0xFF, 0xFF, 0xFF, 0xFF, 0xFF, 0xFF, 0xFF, 0x1F,
    0x3E, 0x03, 0xF7, 0xC0, 0x7E, 0xF8, 0x0F, 0xDF, 0x01, 0xF3, 0xE0, 0x00, 0x00, 0x00, 0x00, 0x07,
    0xFF, 0xFE, 0xFF, 0xFF, 0xFF, 0xFF, 0xFF, 0xFF, 0xFF, 0xFF, 0xFF, 0xEF, 0xE0, 0x01, 0xFC, 0x00,
    0x3F, 0x80, 0x07, 0xF0, 0x00, 0xFE, 0x00, 0x1F, 0xFF, 0x83, 0xFF, 0xF8, 0x7F, 0xFF, 0x0F, 0xFF,
    0xE1, 0xFF, 0xFC, 0x3F, 0x80, 0x07, 0xF0, 0x00, 0xFE, 0x00, 0x1F, 0xC0, 0x03, 0xF8, 0x00, 0x7F,
    0xFF, 0xEF, 0xFF, 0xFF, 0xFF, 0xFF, 0xFF, 0xFF, 0xFF, 0xFF, 0xFF, 0x00, 0x0E, 0x01, 0xF8, 0x7F,
    0xC7, 0xFC, 0x1F, 0x80, 0x30, 0x00, 0x3F, 0x07, 0xF0, 0xFE, 0x1F, 0xC3, 0xF8, 0x7F, 0x0F, 0xE1,
    0xFC, 0x3F, 0x87, 0xF0, 0xFE, 0x1F, 0xC3, 0xF8, 0x7F, 0x0F, 0xE1, 0xFC, 0x3F, 0x87, 0xF0, 0xFE,
    0x1F, 0xC3, 0xF8, 0x7F, 0x0F, 0xE1, 0xFC, 0x3F, 0x00, 0x00, 0x00, 0x38, 0x3F, 0x1F, 0xEF, 0xFD,
    0xFC, 0x18, 0x00, 0x00, 0x3F, 0x07, 0xF0, 0xFE, 0x1F, 0xC3, 0xF8, 0x7F, 0x0F, 0xE1, 0xFC, 0x3F,
    0x87, 0xF0, 0xFE, 0x1F, 0xC3, 0xF8, 0x7F, 0x0F, 0xE1, 0xFC, 0x3F, 0x87, 0xF0, 0xFE, 0x1F, 0xC3,
    0xF8, 0x7F, 0x0F, 0xE1, 0xFC, 0x3F, 0x00, 0x0F, 0x80, 0xFE, 0x0F, 0xF8, 0xF3, 0xEF, 0x0F, 0x00,
    0x00, 0x00, 0x03, 0xF0, 0x1F, 0xC0, 0xFE, 0x07, 0xF0, 0x3F, 0x81, 0xFC, 0x0F, 0xE0, 0x7F, 0x03,
    0xF8, 0x1F, 0xC0, 0xFE, 0x07, 0xF0, 0x3F, 0x81, 0xFC, 0x0F, 0xE0, 0x7F, 0x03, 0xF8, 0x1F, 0xC0,
    0xFE, 0x07, 0xF0, 0x3F, 0x81, 0xFC, 0x0F, 0xE0, 0x7F, 0x03, 0xF0, 0xF9, 0xFF, 0xDF, 0xFD, 0xFF,
    0xDF, 0xF9, 0xF0, 0x00, 0x00, 0x01, 0xF8, 0x1F, 0xC1, 0xFC, 0x1F, 0xC1, 0xFC, 0x1F, 0xC1, 0xFC,
    0x1F, 0xC1, 0xFC, 0x1F, 0xC1, 0xFC, 0x1F, 0xC1, 0xFC, 0x1F, 0xC1, 0xFC, 0x1F, 0xC1, 0xFC, 0x1F,
    0xC1, 0xFC, 0x1F, 0xC1, 0xFC, 0x1F, 0xC1, 0xFC, 0x1F, 0xC1, 0xF8, 0x1F, 0xFF, 0x00, 0x1F, 0xFF,
    0xE0, 0x0F, 0xFF, 0xFC, 0x07, 0xFF, 0xFF, 0x03, 0xFF, 0xFF, 0xC1, 0xFC, 0x1F, 0xF0, 0xFE, 0x03,
    0xF8, 0x7F, 0x01, 0xFE, 0x3F, 0x80, 0x7F, 0x1F, 0xC0, 0x3F, 0x8F, 0xE0, 0x1F, 0xCF, 0xFF, 0x87,
    0xE7, 0xFF, 0xC3, 0xF3, 0xFF, 0xE1, 0xF9, 0xFF, 0xF1, 0xFC, 0x7F, 0x00, 0xFE, 0x3F, 0x80, 0x7F,
    0x1F, 0xC0, 0x3F, 0x8F, 0xE0, 0x3F, 0x87, 0xF0, 0x3F, 0xC3, 0xFB, 0xFF, 0xC1, 0xFF, 0xFF, 0xC0,
    0xFF, 0xFF, 0xC0, 0x7F, 0xFF, 0xC0, 0x3F, 0xFF, 0x80, 0x00, 0x03, 0xE1, 0x80, 0x3F, 0xFC, 0x01,
    0xFF, 0xE0, 0x0F, 0xFF, 0x00, 0x00, 0x00, 0x00, 0x00, 0x00, 0x00, 0x00, 0x1F, 0x80, 0x1F, 0xFE,
    0x00, 0xFF, 0xF8, 0x07, 0xFF, 0xC0, 0x3F, 0xFF, 0x01, 0xFF, 0xFC, 0x0F, 0xFF, 0xE0, 0x7F, 0xFF,
    0x83, 0xFF, 0xFE, 0x1F, 0xFF, 0xF8, 0xFF, 0xFF, 0xC7, 0xFF, 0xFF, 0x3F, 0xFB, 0xFD, 0xFF, 0xCF,
    0xEF, 0xFE, 0x7F, 0xFF, 0xF1, 0xFF, 0xFF, 0x87, 0xFF, 0xFC, 0x1F, 0xFF, 0xE0, 0xFF, 0xFF, 0x03,
    0xFF, 0xF8, 0x0F, 0xFF, 0xC0, 0x7F, 0xFE, 0x01, 0xFF, 0xF0, 0x07, 0xFF, 0x00, 0x1F, 0x00, 0x00,
    0x00, 0x00, 0xE0, 0x00, 0x01, 0xF8, 0x00, 0x01, 0xFF, 0x00, 0x01, 0xFF, 0x80, 0x00, 0x1F, 0x80,
    0x00, 0x01, 0x00, 0x00, 0x00, 0x00, 0x01, 0xFF, 0x80, 0x07, 0xFF, 0xE0, 0x0F, 0xFF, 0xF0, 0x1F,
    0xFF, 0xF8, 0x3F, 0xE7, 0xFC, 0x3F, 0x81, 0xFC, 0x7F, 0x00, 0xFE, 0x7F, 0x00, 0xFE, 0x7E, 0x00,
    0xFE, 0xFE, 0x00, 0x7E, 0xFE, 0x00, 0x7F, 0xFE, 0x00, 0x7F, 0xFE, 0x00, 0x7F, 0xFE, 0x00, 0x7F,
    0xFE, 0x00, 0x7F, 0xFE, 0x00, 0x7E, 0x7E, 0x00, 0x7E, 0x7F, 0x00, 0xFE, 0x7F, 0x00, 0xFE, 0x3F,
    0x81, 0xFC, 0x3F, 0xC3, 0xFC, 0x1F, 0xFF, 0xF8, 0x0F, 0xFF, 0xF0, 0x07, 0xFF, 0xE0, 0x03, 0xFF,
    0x80, 0x00, 0x3C, 0x00, 0x00, 0x00, 0x00, 0x00, 0x07, 0x00, 0x00, 0x1F, 0x80, 0x00, 0xFF, 0x80,
    0x01, 0xFF, 0x80, 0x01, 0xF8, 0x00, 0x00, 0x80, 0x00, 0x00, 0x00, 0x00, 0x01, 0xFF, 0x80, 0x07,
    0xFF, 0xE0, 0x0F, 0xFF, 0xF0, 0x1F, 0xFF, 0xF8, 0x3F, 0xE7, 0xFC, 0x3F, 0x81, 0xFC, 0x7F, 0x00,
    0xFE, 0x7F, 0x00, 0xFE, 0x7E, 0x00, 0xFE, 0xFE, 0x00, 0x7E, 0xFE, 0x00, 0x7F, 0xFE, 0x00, 0x7F,
    0xFE, 0x00, 0x7F, 0xFE, 0x00, 0x7F, 0xFE, 0x00, 0x7F, 0xFE, 0x00, 0x7E, 0x7E, 0x00, 0x7E, 0x7F,
    0x00, 0xFE, 0x7F, 0x00, 0xFE, 0x3F, 0x81, 0xFC, 0x3F, 0xC3, 0xFC, 0x1F, 0xFF, 0xF8, 0x0F, 0xFF,
    0xF0, 0x07, 0xFF, 0xE0, 0x03, 0xFF, 0x80, 0x00, 0x3C, 0x00, 0x00, 0x7E, 0x00, 0x00, 0xFF, 0x00,
    0x01, 0xFF, 0x80, 0x03, 0xE7, 0x80, 0x03, 0xC7, 0xC0, 0x00, 0x00, 0x00, 0x00, 0x00, 0x00, 0x01,
    0xFF, 0x80, 0x07, 0xFF, 0xE0, 0x0F, 0xFF, 0xF0, 0x1F, 0xFF, 0xF8, 0x3F, 0xE7, 0xFC, 0x3F, 0x81,
    0xFC, 0x7F, 0x00, 0xFE, 0x7F, 0x00, 0xFE, 0x7E, 0x00, 0xFE, 0xFE, 0x00, 0x7E, 0xFE, 0x00, 0x7F,
    0xFE, 0x00, 0x7F, 0xFE, 0x00, 0x7F, 0xFE, 0x00, 0x7F, 0xFE, 0x00, 0x7F, 0xFE, 0x00, 0x7E, 0x7E,
    0x00, 0x7E, 0x7F, 0x00, 0xFE, 0x7F, 0x00, 0xFE, 0x3F, 0x81, 0xFC, 0x3F, 0xC3, 0xFC, 0x1F, 0xFF,
    0xF8, 0x0F, 0xFF, 0xF0, 0x07, 0xFF, 0xE0, 0x03, 0xFF, 0x80, 0x00, 0x3C, 0x00, 0x01, 0xF0, 0xC0,
    0x03, 0xFF, 0xC0, 0x03, 0xFF, 0xC0, 0x03, 0xFF, 0xC0, 0x00, 0x00, 0x00, 0x00, 0x00, 0x00, 0x00,
    0x00, 0x00, 0x01, 0xFF, 0x80, 0x07, 0xFF, 0xE0, 0x0F, 0xFF, 0xF0, 0x1F, 0xFF, 0xF8, 0x3F, 0xE7,
    0xFC, 0x3F, 0x81, 0xFC, 0x7F, 0x00, 0xFE, 0x7F, 0x00, 0xFE, 0x7E, 0x00, 0xFE, 0xFE, 0x00, 0x7E,
    0xFE, 0x00, 0x7F, 0xFE, 0x00, 0x7F, 0xFE, 0x00, 0x7F, 0xFE, 0x00, 0x7F, 0xFE, 0x00, 0x7F, 0xFE,
    0x00, 0x7E, 0x7E, 0x00, 0x7E, 0x7F, 0x00, 0xFE, 0x7F, 0x00, 0xFE, 0x3F, 0x81, 0xFC, 0x3F, 0xC3,
    0xFC, 0x1F, 0xFF, 0xF8, 0x0F, 0xFF, 0xF0, 0x07, 0xFF, 0xE0, 0x03, 0xFF, 0x80, 0x00, 0x3C, 0x00,
    0x03, 0xE7, 0xC0, 0x03, 0xE7, 0xC0, 0x03, 0xE7, 0xC0, 0x03, 0xE7, 0xC0, 0x03, 0xE7, 0xC0, 0x00,
    0x00, 0x00, 0x00, 0x00, 0x00, 0x01, 0xFF, 0x80, 0x07, 0xFF, 0xE0, 0x0F, 0xFF, 0xF0, 0x1F, 0xFF,
    0xF8, 0x3F, 0xE7, 0xFC, 0x3F, 0x81, 0xFC, 0x7F, 0x00, 0xFE, 0x7F, 0x00, 0xFE, 0x7E, 0x00, 0xFE,
    0xFE, 0x00, 0x7E, 0xFE, 0x00, 0x7F, 0xFE, 0x00, 0x7F, 0xFE, 0x00, 0x7F, 0xFE, 0x00, 0x7F, 0xFE,
    0x00, 0x7F, 0xFE, 0x00, 0x7E, 0x7E, 0x00, 0x7E, 0x7F, 0x00, 0xFE, 0x7F, 0x00, 0xFE, 0x3F, 0x81,
    0xFC, 0x3F, 0xC3, 0xFC, 0x1F, 0xFF, 0xF8, 0x0F, 0xFF, 0xF0, 0x07, 0xFF, 0xE0, 0x03, 0xFF, 0x80,
    0x00, 0x3C, 0x00, 0x00, 0x00, 0x1C, 0x03, 0x1F, 0x03, 0xCF, 0xC3, 0xF7, 0xF3, 0xF1, 0xFF, 0xF0,
    0x7F, 0xF0, 0x1F, 0xF0, 0x07, 0xF0, 0x03, 0xFC, 0x03, 0xFF, 0x03, 0xFF, 0xC3, 0xF7, 0xF3, 0xF1,
    0xFD, 0xF0, 0x7C, 0x70, 0x1C, 0x10, 0x00, 0x00, 0x00, 0x00, 0x00, 0x00, 0x3F, 0xF0, 0xC0, 0x3F,
    0xFE, 0x78, 0x1F, 0xFF, 0xFE, 0x0F, 0xFF, 0xFF, 0x07, 0xFC, 0xFF, 0xC1, 0xFC, 0x0F, 0xE0, 0xFE,
    0x03, 0xF8, 0x3F, 0x81, 0xFF, 0x1F, 0xC0, 0xFF, 0xC7, 0xF0, 0x7F, 0xF1, 0xFC, 0x3F, 0xFC, 0x7F,
    0x1F, 0xBF, 0x1F, 0xCF, 0xCF, 0xC7, 0xF7, 0xE3, 0xF1, 0xFF, 0xF0, 0xFC, 0x7F, 0xF8, 0x7F, 0x1F,
    0xFC, 0x1F, 0xC3, 0xFE, 0x07, 0xF0, 0xFF, 0x01, 0xFC, 0x3F, 0x80, 0xFE, 0x0F, 0xF8, 0x7F, 0x87,
    0xFF, 0xFF, 0xC1, 0xFF, 0xFF, 0xE0, 0xFB, 0xFF, 0xF0, 0x1C, 0x7F, 0xF0, 0x00, 0x03, 0xE0, 0x00,
    0x00, 0x00, 0x00, 0x38, 0x00, 0x03, 0xF0, 0x00, 0x7F, 0xC0, 0x03, 0xFF, 0x00, 0x07, 0xE0, 0x00,
    0x06, 0x00, 0x00, 0x00, 0xFC, 0x01, 0xFF, 0xC0, 0x1F, 0xFC, 0x01, 0xFF, 0xC0, 0x1F, 0xFC, 0x01,
    0xFF, 0xC0, 0x1F, 0xFC, 0x01, 0xFF, 0xC0, 0x1F, 0xFC, 0x01, 0xFF, 0xC0, 0x1F, 0xFC, 0x01, 0xFF,
    0xC0, 0x1F, 0xFC, 0x01, 0xFF, 0xC0, 0x1F, 0xFC, 0x01, 0xFF, 0xC0, 0x1F, 0xFC, 0x01, 0xFF, 0xC0,
    0x1F, 0xFE, 0x03, 0xFF, 0xE0, 0x3F, 0x7F, 0x8F, 0xF7, 0xFF, 0xFE, 0x3F, 0xFF, 0xC1, 0xFF, 0xFC,
    0x0F, 0xFF, 0x00, 0x1F, 0x80, 0x00, 0x00, 0x00, 0x00, 0xE0, 0x00, 0x7E, 0x00, 0x1F, 0xF0, 0x07,
    0xFE, 0x00, 0x3F, 0x00, 0x03, 0x00, 0x00, 0x00, 0x00, 0xFC, 0x01, 0xFF, 0xC0, 0x1F, 0xFC, 0x01,
    0xFF, 0xC0, 0x1F, 0xFC, 0x01, 0xFF, 0xC0, 0x1F, 0xFC, 0x01, 0xFF, 0xC0, 0x1F, 0xFC, 0x01, 0xFF,
    0xC0, 0x1F, 0xFC, 0x01, 0xFF, 0xC0, 0x1F, 0xFC, 0x01, 0xFF, 0xC0, 0x1F, 0xFC, 0x01, 0xFF, 0xC0,
    0x1F, 0xFC, 0x01, 0xFF, 0xC0, 0x1F, 0xFE, 0x03, 0xFF, 0xE0, 0x3F, 0x7F, 0x8F, 0xF7, 0xFF, 0xFE,
    0x3F, 0xFF, 0xC1, 0xFF, 0xFC, 0x0F, 0xFF, 0x00, 0x1F, 0x80, 0x00, 0xF8, 0x00, 0x1F, 0xC0, 0x03,
    0xFE, 0x00, 0x7D, 0xF0, 0x0F, 0x8F, 0x80, 0x00, 0x00, 0x00, 0x00, 0x0F, 0xC0, 0x1F, 0xFC, 0x01,
    0xFF, 0xC0, 0x1F, 0xFC, 0x01, 0xFF, 0xC0, 0x1F, 0xFC, 0x01, 0xFF, 0xC0, 0x1F, 0xFC, 0x01, 0xFF,
    0xC0, 0x1F, 0xFC, 0x01, 0xFF, 0xC0, 0x1F, 0xFC, 0x01, 0xFF, 0xC0, 0x1F, 0xFC, 0x01, 0xFF, 0xC0,
    0x1F, 0xFC, 0x01, 0xFF, 0xC0, 0x1F, 0xFC, 0x01, 0xFF, 0xE0, 0x3F, 0xFE, 0x03, 0xF7, 0xF8, 0xFF,
    0x7F, 0xFF, 0xE3, 0xFF, 0xFC, 0x1F, 0xFF, 0xC0, 0xFF, 0xF0, 0x01, 0xF8, 0x00, 0x0F, 0xDF, 0x00,
    0xFD, 0xF0, 0x0F, 0xDF, 0x00, 0xFD, 0xF0, 0x07, 0x9F, 0x00, 0x00, 0x00, 0x00, 0x00, 0x0F, 0xC0,
    0x1F, 0xFC, 0x01, 0xFF, 0xC0, 0x1F, 0xFC, 0x01, 0xFF, 0xC0, 0x1F, 0xFC, 0x01, 0xFF, 0xC0, 0x1F,
    0xFC, 0x01, 0xFF, 0xC0, 0x1F, 0xFC, 0x01, 0xFF, 0xC0, 0x1F, 0xFC, 0x01, 0xFF, 0xC0, 0x1F, 0xFC,
    0x01, 0xFF, 0xC0, 0x1F, 0xFC, 0x01, 0xFF, 0xC0, 0x1F, 0xFC, 0x01, 0xFF, 0xE0, 0x3F, 0xFE, 0x03,
    0xF7, 0xF8, 0xFF, 0x7F, 0xFF, 0xE3, 0xFF, 0xFC, 0x1F, 0xFF, 0xC0, 0xFF, 0xF0, 0x01, 0xF8, 0x00,
    0x00, 0x00, 0x00, 0x00, 0x03, 0x80, 0x00, 0x1F, 0x80, 0x00, 0x7F, 0xC0, 0x00, 0xFF, 0x80, 0x00,
    0xFC, 0x00, 0x00, 0xC0, 0x00, 0x00, 0x00, 0x00, 0x7F, 0x00, 0x3F, 0x7F, 0x00, 0x7E, 0x3F, 0x80,
    0x7E, 0x3F, 0xC0, 0xFC, 0x1F, 0xC0, 0xFC, 0x1F, 0xE1, 0xF8, 0x0F, 0xE3, 0xF0, 0x07, 0xF3, 0xF0,
    0x07, 0xF7, 0xE0, 0x03, 0xFF, 0xE0, 0x03, 0xFF, 0xC0, 0x01, 0xFF, 0x80, 0x00, 0xFF, 0x80, 0x00,
    0xFF, 0x00, 0x00, 0x7F, 0x00, 0x00, 0x7F, 0x00, 0x00, 0x7F, 0x00, 0x00, 0x7F, 0x00, 0x00, 0x7F,
    0x00, 0x00, 0x7F, 0x00, 0x00, 0x7F, 0x00, 0x00, 0x7F, 0x00, 0x00, 0x7F, 0x00, 0x00, 0x7F, 0x00,
    0x00, 0x7F, 0x00, 0xFC, 0x00, 0x07, 0xF0, 0x00, 0x3F, 0x80, 0x01, 0xFC, 0x00, 0x0F, 0xE0, 0x00,
    0x7F, 0xFF, 0x83, 0xFF, 0xFF, 0x1F, 0xFF, 0xFC, 0xFF, 0xFF, 0xF7, 0xFF, 0xFF, 0xFF, 0x80, 0xFF,
    0xFC, 0x07, 0xFF, 0xE0, 0x3F, 0xFF, 0x01, 0xFF, 0xF8, 0x0F, 0xFF, 0xFF, 0xFF, 0xFF, 0xFF, 0xF7,
    0xFF, 0xFF, 0x3F, 0xFF, 0xF1, 0xFF, 0xFE, 0x0F, 0xE0, 0x00, 0x7F, 0x00, 0x03, 0xF8, 0x00, 0x1F,
    0xC0, 0x00, 0xFC, 0x00, 0x00, 0x01, 0xFE, 0x00, 0x3F, 0xFC, 0x03, 0xFF, 0xF0, 0x3F, 0xFF, 0x81,
    0xF8, 0x7E, 0x0F, 0x83, 0xF0, 0xFC, 0x1F, 0x07, 0xE1, 0xF8, 0xFF, 0x1F, 0x87, 0xF9, 0xF8, 0x3F,
    0xDF, 0x01, 0xFE, 0xF0, 0x03, 0xF7, 0xF0, 0x1F, 0xBF, 0xE0, 0xFD, 0xFF, 0x87, 0xE7, 0xFE, 0x3F,
    0x1F, 0xF1, 0xF8, 0x3F, 0xCF, 0xC0, 0x7E, 0x7E, 0x01, 0xF3, 0xF0, 0x0F, 0x9F, 0x99, 0xFC, 0xFD,
    0xFF, 0xC7, 0xEF, 0xFC, 0x3F, 0x7F, 0xC0, 0x00, 0xF8, 0x00, 0x00, 0x00, 0x03, 0x80, 0x01, 0xF8,
    0x01, 0xFF, 0x00, 0x7F, 0xE0, 0x07, 0xE0, 0x00, 0x30, 0x00, 0x00, 0x07, 0xFC, 0x0F, 0xFF, 0x8F,
    0xFF, 0xEF, 0xFF, 0xF7, 0xE1, 0xF8, 0xE0, 0x7C, 0x00, 0x3E, 0x07, 0xFF, 0x1F, 0xFF, 0x9F, 0xFF,
    0xDF, 0xC3, 0xEF, 0xC1, 0xFF, 0xC0, 0xFF, 0xE0, 0xFF, 0xFD, 0xFE, 0xFF, 0xFF, 0x7F, 0xFF, 0x9F,
    0xE7, 0xC3, 0xC0, 0x00, 0x00, 0x00, 0x00, 0x0E, 0x00, 0x3F, 0x00, 0x7F, 0xC0, 0xFF, 0xC0, 0x3F,
    0x00, 0x18, 0x00, 0x00, 0x00, 0x07, 0xFC, 0x0F, 0xFF, 0x8F, 0xFF, 0xEF, 0xFF, 0xF7, 0xE1, 0xF8,
    0xE0, 0x7C, 0x00, 0x3E, 0x07, 0xFF, 0x1F, 0xFF, 0x9F, 0xFF, 0xDF, 0xC3, 0xEF, 0xC1, 0xFF, 0xC0,
    0xFF, 0xE0, 0xFF, 0xFD, 0xFE, 0xFF, 0xFF, 0x7F, 0xFF, 0x9F, 0xE7, 0xC3, 0xC0, 0x00, 0x01, 0xF0,
    0x01, 0xFC, 0x01, 0xFF, 0x01, 0xF7, 0xC1, 0xF1, 0xF0, 0x00, 0x00, 0x00, 0x00, 0x0F, 0xF8, 0x1F,
    0xFF, 0x1F, 0xFF, 0xDF, 0xFF, 0xEF, 0xC3, 0xF1, 0xC0, 0xF8, 0x00, 0x7C, 0x0F, 0xFE, 0x3F, 0xFF,
    0x3F, 0xFF, 0xBF, 0x87, 0xDF, 0x83, 0xFF, 0x81, 0xFF, 0xC1, 0xFF, 0xFB, 0xFD, 0xFF, 0xFE, 0xFF,
    0xFF, 0x3F, 0xCF, 0x87, 0x80, 0x00, 0x07, 0xC6, 0x0F, 0xFF, 0x07, 0xFF, 0xC1, 0xFF, 0xC0, 0x00,
    0x00, 0x00, 0x00, 0x00, 0x00, 0x0F, 0xF8, 0x1F, 0xFF, 0x1F, 0xFF, 0xDF, 0xFF, 0xEF, 0xC3, 0xF1,
    0xC0, 0xF8, 0x00, 0x7C, 0x0F, 0xFE, 0x3F, 0xFF, 0x3F, 0xFF, 0xBF, 0x87, 0xDF, 0x83, 0xFF, 0x81,
    0xFF, 0xC1, 0xFF, 0xFB, 0xFD, 0xFF, 0xFE, 0xFF, 0xFF, 0x3F, 0xCF, 0x87, 0x80, 0x00, 0x1F, 0xBE,
    0x0F, 0xDF, 0x07, 0xEF, 0x83, 0xF7, 0xC0, 0xF3, 0xE0, 0x00, 0x00, 0x00, 0x00, 0x0F, 0xF8, 0x1F,
    0xFF, 0x1F, 0xFF, 0xDF, 0xFF, 0xEF, 0xC3, 0xF1, 0xC0, 0xF8, 0x00, 0x7C, 0x0F, 0xFE, 0x3F, 0xFF,
    0x3F, 0xFF, 0xBF, 0x87, 0xDF, 0x83, 0xFF, 0x81, 0xFF, 0xC1, 0xFF, 0xFB, 0xFD, 0xFF, 0xFE, 0xFF,
    0xFF, 0x3F, 0xCF, 0x87, 0x80, 0x00, 0x00, 0xE0, 0x01, 0xF8, 0x00, 0xFE, 0x00, 0xE3, 0x00, 0x71,
    0x80, 0x1D, 0xC0, 0x0F, 0xE0, 0x03, 0xE0, 0x00, 0x00, 0x03, 0xFE, 0x07, 0xFF, 0xC7, 0xFF, 0xF7,
    0xFF, 0xFB, 0xF0, 0xFC, 0x70, 0x3E, 0x00, 0x1F, 0x03, 0xFF, 0x8F, 0xFF, 0xCF, 0xFF, 0xEF, 0xE1,
    0xF7, 0xE0, 0xFF, 0xE0, 0x7F, 0xF0, 0x7F, 0xFE, 0xFF, 0x7F, 0xFF, 0xBF, 0xFF, 0xCF, 0xF3, 0xE1,
    0xE0, 0x00, 0x0F, 0xFC, 0x7F, 0x80, 0x7F, 0xFF, 0xFF, 0x83, 0xFF, 0xFF, 0xFF, 0x1F, 0xFF, 0xFF,
    0xFC, 0x7E, 0x1F, 0xE1, 0xF8, 0x70, 0x3F, 0x03, 0xE0, 0x00, 0xFC, 0x0F, 0xC0, 0xFF, 0xFF, 0xFF,
    0x1F, 0xFF, 0xFF, 0xFC, 0xFF, 0xFF, 0xFF, 0xF7, 0xF8, 0xFF, 0xFF, 0x9F, 0x83, 0xF0, 0x00, 0xFC,
    0x0F, 0xC0, 0x63, 0xF0, 0x7F, 0x83, 0xEF, 0xE3, 0xFF, 0xFF, 0x9F, 0xFF, 0xFF, 0xFC, 0x7F, 0xF9,
    0xFF, 0xE0, 0xFF, 0x83, 0xFF, 0x00, 0xF8, 0x01, 0xE0, 0x00, 0x07, 0xF8, 0x0F, 0xFE, 0x0F, 0xFF,
    0x8F, 0xFF, 0xE7, 0xE1, 0xFF, 0xE0, 0x7F, 0xF0, 0x01, 0xF8, 0x00, 0xFC, 0x00, 0x7E, 0x00, 0x3F,
    0x00, 0x1F, 0x80, 0x0F, 0xC0, 0x7B, 0xF0, 0x7D, 0xFC, 0xFC, 0x7F, 0xFE, 0x1F, 0xFE, 0x07, 0xFC,
    0x00, 0x78, 0x00, 0x38, 0x00, 0x3F, 0x00, 0x07, 0xC0, 0x11, 0xE0, 0x0F, 0xF0, 0x07, 0xF0, 0x00,
    0xE0, 0x00, 0x00, 0x00, 0x01, 0xC0, 0x00, 0xFC, 0x00, 0x3F, 0xE0, 0x07, 0xFC, 0x00, 0x3F, 0x00,
    0x00, 0x80, 0x00, 0x00, 0x07, 0xF8, 0x07, 0xFF, 0x83, 0xFF, 0xF1, 0xFF, 0xFC, 0x7E, 0x1F, 0xBF,
    0x03, 0xEF, 0xC0, 0xFF, 0xFF, 0xFF, 0xFF, 0xFF, 0xFF, 0xFF, 0xFF, 0xFF, 0xFB, 0xF0, 0x00, 0xFC,
    0x02, 0x1F, 0x81, 0xE7, 0xFF, 0xF8, 0xFF, 0xFE, 0x1F, 0xFF, 0x03, 0xFF, 0x00, 0x1E, 0x00, 0x00,
    0x00, 0x00, 0x0E, 0x00, 0x0F, 0xC0, 0x1F, 0xF0, 0x0F, 0xFC, 0x03, 0xF0, 0x00, 0x60, 0x00, 0x00,
    0x00, 0x07, 0xF8, 0x07, 0xFF, 0x83, 0xFF, 0xF1, 0xFF, 0xFC, 0x7E, 0x1F, 0xBF, 0x03, 0xEF, 0xC0,
    0xFF, 0xFF, 0xFF, 0xFF, 0xFF, 0xFF, 0xFF, 0xFF, 0xFF, 0xFB, 0xF0, 0x00, 0xFC, 0x02, 0x1F, 0x81,
    0xE7, 0xFF, 0xF8, 0xFF, 0xFE, 0x1F, 0xFF, 0x03, 0xFF, 0x00, 0x1E, 0x00, 0x03, 0xF0, 0x01, 0xFE,
    0x00, 0xFF, 0xC0, 0x7C, 0xF8, 0x1E, 0x1E, 0x00, 0x00, 0x00, 0x00, 0x00, 0x1F, 0xE0, 0x1F, 0xFE,
    0x0F, 0xFF, 0xC7, 0xFF, 0xF1, 0xF8, 0x7E, 0xFC, 0x0F, 0xBF, 0x03, 0xFF, 0xFF, 0xFF, 0xFF, 0xFF,
    0xFF, 0xFF, 0xFF, 0xFF, 0xEF, 0xC0, 0x03, 0xF0, 0x08, 0x7E, 0x07, 0x9F, 0xFF, 0xE3, 0xFF, 0xF8,
    0x7F, 0xFC, 0x0F, 0xFC, 0x00, 0x78, 0x00, 0x1F, 0x3E, 0x07, 0xCF, 0x81, 0xF3, 0xE0, 0x7C, 0xF8,
    0x1F, 0x3E, 0x00, 0x00, 0x00, 0x00, 0x00, 0x1F, 0xE0, 0x1F, 0xFE, 0x0F, 0xFF, 0xC7, 0xFF, 0xF1,
    0xF8, 0x7E, 0xFC, 0x0F, 0xBF, 0x03, 0xFF, 0xFF, 0xFF, 0xFF, 0xFF, 0xFF, 0xFF, 0xFF, 0xFF, 0xEF,
    0xC0, 0x03, 0xF0, 0x08, 0x7E, 0x07, 0x9F, 0xFF, 0xE3, 0xFF, 0xF8, 0x7F, 0xFC, 0x0F, 0xFC, 0x00,
    0x78, 0x00, 0x00, 0x0E, 0x01, 0xF8, 0x3F, 0xC7, 0xFE, 0x1F, 0x80, 0x30, 0x00, 0x1F, 0x07, 0xE0,
    0xFC, 0x1F, 0x83, 0xF0, 0x7E, 0x0F, 0xC1, 0xF8, 0x3F, 0x07, 0xE0, 0xFC, 0x1F, 0x83, 0xF0, 0x7E,
    0x0F, 0xC1, 0xF8, 0x3F, 0x03, 0xE0, 0x00, 0x00, 0x38, 0x3F, 0x1F, 0xFF, 0xFC, 0xFC, 0x18, 0x00,
    0x00, 0x1F, 0x07, 0xE0, 0xFC, 0x1F, 0x83, 0xF0, 0x7E, 0x0F, 0xC1, 0xF8, 0x3F, 0x07, 0xE0, 0xFC,
    0x1F, 0x83, 0xF0, 0x7E, 0x0F, 0xC1, 0xF8, 0x3F, 0x03, 0xE0, 0x0F, 0x80, 0xFE, 0x0F, 0xF8, 0xFB,
    0xEF, 0x8F, 0x80, 0x00, 0x00, 0x01, 0xF0, 0x1F, 0x80, 0xFC, 0x07, 0xE0, 0x3F, 0x01, 0xF8, 0x0F,
    0xC0, 0x7E, 0x03, 0xF0, 0x1F, 0x80, 0xFC, 0x07, 0xE0, 0x3F, 0x01, 0xF8, 0x0F, 0xC0, 0x7E, 0x03,
    0xF0, 0x0F, 0x80, 0x7D, 0xF7, 0xEF, 0xFF, 0x7F, 0xFB, 0xF7, 0xDF, 0x00, 0x00, 0x00, 0x01, 0xF0,
    0x1F, 0x80, 0xFC, 0x07, 0xE0, 0x3F, 0x01, 0xF8, 0x0F, 0xC0, 0x7E, 0x03, 0xF0, 0x1F, 0x80, 0xFC,
    0x07, 0xE0, 0x3F, 0x01, 0xF8, 0x0F, 0xC0, 0x7E, 0x03, 0xF0, 0x0F, 0x80, 0x00, 0x00, 0x03, 0xC6,
    0x03, 0xFF, 0xC0, 0xFF, 0xC0, 0x0F, 0xF8, 0x07, 0xFF, 0x03, 0xEF, 0xE0, 0xE1, 0xFC, 0x01, 0xFF,
    0x03, 0xFF, 0xE1, 0xFF, 0xF8, 0xFF, 0xFE, 0x7F, 0x3F, 0xDF, 0x87, 0xFF, 0xC0, 0xFF, 0xF0, 0x3F,
    0xFC, 0x0F, 0xFF, 0x03, 0xFF, 0xC0, 0xFF, 0xF0, 0x3F, 0xFC, 0x0F, 0xFF, 0x87, 0xE7, 0xF3, 0xF8,
    0xFF, 0xFC, 0x1F, 0xFE, 0x03, 0xFF, 0x00, 0x1E, 0x00, 0x0F, 0xC6, 0x07, 0xFF, 0x81, 0xFF, 0xE0,
    0x7F, 0xF8, 0x00, 0x00, 0x00, 0x00, 0x00, 0x00, 0x01, 0xF1, 0xF8, 0xFD, 0xFF, 0x3F, 0xFF, 0xEF,
    0xFF, 0xFB, 0xFC, 0x7F, 0xFE, 0x0F, 0xFF, 0x03, 0xFF, 0xC0, 0xFF, 0xF0, 0x3F, 0xFC, 0x0F, 0xFF,
    0x03, 0xFF, 0xC0, 0xFF, 0xF0, 0x3F, 0xFC, 0x0F, 0xFF, 0x03, 0xFF, 0xC0, 0xFF, 0xF0, 0x3F, 0x7C,
    0x0F, 0x80, 0x00, 0x00, 0x01, 0xC0, 0x00, 0xFC, 0x00, 0x3F, 0xE0, 0x07, 0xFC, 0x00, 0x3F, 0x00,
    0x00, 0x80, 0x00, 0x00, 0x07, 0xF8, 0x07, 0xFF, 0x83, 0xFF, 0xF1, 0xFF, 0xFE, 0x7E, 0x1F, 0xBF,
    0x03, 0xFF, 0xC0, 0xFF, 0xF0, 0x3F, 0xFC, 0x0F, 0xFF, 0x03, 0xFF, 0xC0, 0xFF, 0xF0, 0x3F, 0xFC,
    0x0F, 0xDF, 0x87, 0xE7, 0xF3, 0xF8, 0xFF, 0xFC, 0x1F, 0xFE, 0x03, 0xFF, 0x00, 0x1E, 0x00, 0x00,
    0x00, 0x00, 0x0E, 0x00, 0x0F, 0xC0, 0x1F, 0xF0, 0x0F, 0xFC, 0x03, 0xF0, 0x00, 0x60, 0x00, 0x00,
    0x00, 0x07, 0xF8, 0x07, 0xFF, 0x83, 0xFF, 0xF1, 0xFF, 0xFE, 0x7E, 0x1F, 0xBF, 0x03, 0xFF, 0xC0,
    0xFF, 0xF0, 0x3F, 0xFC, 0x0F, 0xFF, 0x03, 0xFF, 0xC0, 0xFF, 0xF0, 0x3F, 0xFC, 0x0F, 0xDF, 0x87,
    0xE7, 0xF3, 0xF8, 0xFF, 0xFC, 0x1F, 0xFE, 0x03, 0xFF, 0x00, 0x1E, 0x00, 0x03, 0xF0, 0x01, 0xFE,
    0x00, 0xFF, 0xC0, 0x7C, 0xF8, 0x1E, 0x1E, 0x00, 0x00, 0x00, 0x00, 0x00, 0x1F, 0xE0, 0x1F, 0xFE,
    0x0F, 0xFF, 0xC7, 0xFF, 0xF9, 0xF8, 0x7E, 0xFC, 0x0F, 0xFF, 0x03, 0xFF, 0xC0, 0xFF, 0xF0, 0x3F,
    0xFC, 0x0F, 0xFF, 0x03, 0xFF, 0xC0, 0xFF, 0xF0, 0x3F, 0x7E, 0x1F, 0x9F, 0xCF, 0xE3, 0xFF, 0xF0,
    0x7F, 0xF8, 0x0F, 0xFC, 0x00, 0x78, 0x00, 0x0F, 0xC6, 0x07, 0xFF, 0x81, 0xFF, 0xE0, 0x7F, 0xF8,
    0x00, 0x00, 0x00, 0x00, 0x00, 0x00, 0x00, 0x1F, 0xE0, 0x1F, 0xFE, 0x0F, 0xFF, 0xC7, 0xFF, 0xF9,
    0xF8, 0x7E, 0xFC, 0x0F, 0xFF, 0x03, 0xFF, 0xC0, 0xFF, 0xF0, 0x3F, 0xFC, 0x0F, 0xFF, 0x03, 0xFF,
    0xC0, 0xFF, 0xF0, 0x3F, 0x7E, 0x1F, 0x9F, 0xCF, 0xE3, 0xFF, 0xF0, 0x7F, 0xF8, 0x0F, 0xFC, 0x00,
    0x78, 0x00, 0x1F, 0x3E, 0x07, 0xCF, 0x81, 0xF3, 0xE0, 0x7C, 0xF8, 0x1F, 0x3E, 0x00, 0x00, 0x00,
    0x00, 0x00, 0x1F, 0xE0, 0x1F, 0xFE, 0x0F, 0xFF, 0xC7, 0xFF, 0xF9, 0xF8, 0x7E, 0xFC, 0x0F, 0xFF,
    0x03, 0xFF, 0xC0, 0xFF, 0xF0, 0x3F, 0xFC, 0x0F, 0xFF, 0x03, 0xFF, 0xC0, 0xFF, 0xF0, 0x3F, 0x7E,
    0x1F, 0x9F, 0xCF, 0xE3, 0xFF, 0xF0, 0x7F, 0xF8, 0x0F, 0xFC, 0x00, 0x78, 0x00, 0x03, 0xF0, 0x01,
    0xF8, 0x00, 0xFC, 0x00, 0x7E, 0x00, 0x3F, 0x00, 0x1F, 0x00, 0x00, 0x00, 0xFF, 0xFF, 0xFF, 0xFF,
    0xFF, 0xFF, 0xFF, 0xFF, 0xEF, 0xFF, 0xF0, 0x00, 0x00, 0x1F, 0x00, 0x0F, 0xC0, 0x07, 0xE0, 0x03,
    0xF0, 0x01, 0xF8, 0x00, 0xFC, 0x00, 0x03, 0xFC, 0x60, 0xFF, 0xFE, 0x1F, 0xFF, 0xE3, 0xFF, 0xFC,
    0x3F, 0x0F, 0xC7, 0xE0, 0xFE, 0x7E, 0x3F, 0xE7, 0xE7, 0xFE, 0x7E, 0xFF, 0xE7, 0xFF, 0x7E, 0x7F,
    0xE7, 0xE7, 0xFC, 0x7E, 0x7F, 0x87, 0xE3, 0xF0, 0xFC, 0x3F, 0x9F, 0xC7, 0xFF, 0xF8, 0xFF, 0xFF,
    0x06, 0x7F, 0xE0, 0x00, 0xF0, 0x00, 0x00, 0x00, 0x07, 0x80, 0x03, 0xF0, 0x01, 0xFF, 0x00, 0xFF,
    0xC0, 0x07, 0xE0, 0x00, 0x60, 0x00, 0x00, 0x7C, 0x0F, 0xFE, 0x0F, 0xFF, 0x07, 0xFF, 0x83, 0xFF,
    0xC1, 0xFF, 0xE0, 0xFF, 0xF0, 0x7F, 0xF8, 0x3F, 0xFC, 0x1F, 0xFE, 0x0F, 0xFF, 0x07, 0xFF, 0x83,
    0xFF, 0xC1, 0xFF, 0xF1, 0xFF, 0xFF, 0xFE, 0xFF, 0xFF, 0x7F, 0xFF, 0x9F, 0xE7, 0xC3, 0x80, 0x00,
    0x00, 0x00, 0x00, 0x1C, 0x00, 0x7E, 0x00, 0xFF, 0x80, 0xFF, 0x80, 0x7E, 0x00, 0x30, 0x00, 0x00,
    0x00, 0x7C, 0x0F, 0xFE, 0x0F, 0xFF, 0x07, 0xFF, 0x83, 0xFF, 0xC1, 0xFF, 0xE0, 0xFF, 0xF0, 0x7F,
    0xF8, 0x3F, 0xFC, 0x1F, 0xFE, 0x0F, 0xFF, 0x07, 0xFF, 0x83, 0xFF, 0xC1, 0xFF, 0xF1, 0xFF, 0xFF,
    0xFE, 0xFF, 0xFF, 0x7F, 0xFF, 0x9F, 0xE7, 0xC3, 0x80, 0x00, 0x03, 0xE0, 0x03, 0xF8, 0x03, 0xFE,
    0x03, 0xEF, 0x83, 0xE3, 0xE0, 0x00, 0x00, 0x00, 0x00, 0xF8, 0x1F, 0xFC, 0x1F, 0xFE, 0x0F, 0xFF,
    0x07, 0xFF, 0x83, 0xFF, 0xC1, 0xFF, 0xE0, 0xFF, 0xF0, 0x7F, 0xF8, 0x3F, 0xFC, 0x1F, 0xFE, 0x0F,
    0xFF, 0x07, 0xFF, 0x83, 0xFF, 0xE3, 0xFF, 0xFF, 0xFD, 0xFF, 0xFE, 0xFF, 0xFF, 0x3F, 0xCF, 0x87,
    0x00, 0x00, 0x1F, 0x7E, 0x0F, 0xBF, 0x07, 0xDF, 0x83, 0xEF, 0xC1, 0xF3, 0xC0, 0x00, 0x00, 0x00,
    0x00, 0xF8, 0x1F, 0xFC, 0x1F, 0xFE, 0x0F, 0xFF, 0x07, 0xFF, 0x83, 0xFF, 0xC1, 0xFF, 0xE0, 0xFF,
    0xF0, 0x7F, 0xF8, 0x3F, 0xFC, 0x1F, 0xFE, 0x0F, 0xFF, 0x07, 0xFF, 0x83, 0xFF, 0xE3, 0xFF, 0xFF,
    0xFD, 0xFF, 0xFE, 0xFF, 0xFF, 0x3F, 0xCF, 0x87, 0x00, 0x00, 0x00, 0x00, 0x00, 0x03, 0xC0, 0x01,
    0xF8, 0x01, 0xFF, 0x00, 0x7F, 0xE0, 0x0F, 0xC0, 0x00, 0xC0, 0x00, 0x00, 0x00, 0xFC, 0x03, 0xDF,
    0xC0, 0xF9, 0xF8, 0x1F, 0x3F, 0x83, 0xE3, 0xF0, 0xF8, 0x7E, 0x1F, 0x0F, 0xE3, 0xC0, 0xFC, 0xF8,
    0x1F, 0x9F, 0x01, 0xFB, 0xC0, 0x3F, 0xF8, 0x03, 0xFE, 0x00, 0x7F, 0xC0, 0x0F, 0xF8, 0x00, 0xFE,
    0x00, 0x1F, 0xC0, 0x01, 0xF0, 0x00, 0x3E, 0x00, 0x0F, 0xC0, 0x1F, 0xF0, 0x07, 0xFC, 0x00, 0xFF,
    0x80, 0x1F, 0xE0, 0x03, 0xF0, 0x00, 0x7C, 0x00, 0x1F, 0x80, 0x03, 0xF0, 0x00, 0x7E, 0x00, 0x0F,
    0xC0, 0x01, 0xF8, 0x00, 0x3F, 0x00, 0x07, 0xE7, 0xF0, 0xFD, 0xFF, 0x1F, 0xFF, 0xF3, 0xFF, 0xFE,
    0x7F, 0x0F, 0xEF, 0xC0, 0xFD, 0xF8, 0x1F, 0xBF, 0x01, 0xF7, 0xE0, 0x3F, 0xFC, 0x07, 0xFF, 0x80,
    0xFB, 0xF0, 0x3F, 0x7E, 0x07, 0xEF, 0xE0, 0xFD, 0xFE, 0x7F, 0xBF, 0xFF, 0xE7, 0xFF, 0xF8, 0xFD,
    0xFE, 0x1F, 0x8F, 0x03, 0xF0, 0x00, 0x7E, 0x00, 0x0F, 0xC0, 0x01, 0xF8, 0x00, 0x1F, 0x00, 0x00,
    0x0F, 0x9F, 0x01, 0xF3, 0xE0, 0x3E, 0x7C, 0x07, 0xCF, 0x80, 0xF9, 0xF0, 0x00, 0x00, 0x00, 0x00,
    0x07, 0xE0, 0x1E, 0xFE, 0x07, 0xCF, 0xC0, 0xF9, 0xFC, 0x1F, 0x1F, 0x87, 0xC3, 0xF0, 0xF8, 0x7F,
    0x1E, 0x07, 0xE7, 0xC0, 0xFC, 0xF8, 0x0F, 0xDE, 0x01, 0xFF, 0xC0, 0x1F, 0xF0, 0x03, 0xFE, 0x00,
    0x7F, 0xC0, 0x07, 0xF0, 0x00, 0xFE, 0x00, 0x0F, 0x80, 0x01, 0xF0, 0x00, 0x7E, 0x00, 0xFF, 0x80,
    0x3F, 0xE0, 0x07, 0xFC, 0x00, 0xFF, 0x00, 0x1F, 0x80, 0x00, 0x07, 0xFF, 0xC0, 0x07, 0xFF, 0xC0,
    0x07, 0xFF, 0xC0, 0x07, 0xFF, 0xC0, 0x00, 0x00, 0x00, 0x00, 0x00, 0x00, 0x00, 0x00, 0x00, 0x00,
    0xFE, 0x00, 0x00, 0xFF, 0x00, 0x00, 0xFF, 0x00, 0x01, 0xFF, 0x80, 0x01, 0xFF, 0x80, 0x03, 0xFF,
    0x80, 0x03, 0xFF, 0xC0, 0x03, 0xEF, 0xC0, 0x07, 0xEF, 0xC0, 0x07, 0xCF, 0xE0, 0x07, 0xC7, 0xE0,
    0x0F, 0xC7, 0xE0, 0x0F, 0x87, 0xF0, 0x0F, 0x83, 0xF0, 0x1F, 0xFF, 0xF8, 0x1F, 0xFF, 0xF8, 0x3F,
    0xFF, 0xF8, 0x3F, 0xFF, 0xFC, 0x3F, 0xFF, 0xFC, 0x7F, 0xFF, 0xFC, 0x7E, 0x00, 0xFE, 0x7E, 0x00,
    0xFE, 0xFC, 0x00, 0x7E, 0xFC, 0x00, 0x7F, 0xFC, 0x00, 0x7F, 0x1F, 0xFF, 0x0F, 0xFF, 0x87, 0xFF,
    0xC3, 0xFF, 0xE0, 0x00, 0x00, 0x00, 0x00, 0x00, 0x00, 0x0F, 0xF8, 0x1F, 0xFF, 0x1F, 0xFF, 0xDF,
    0xFF, 0xEF, 0xC3, 0xF1, 0xC0, 0xF8, 0x00, 0x7C, 0x0F, 0xFE, 0x3F, 0xFF, 0x3F, 0xFF, 0xBF, 0x87,
    0xDF, 0x83, 0xFF, 0x81, 0xFF, 0xC1, 0xFF, 0xFB, 0xFD, 0xFF, 0xFE, 0xFF, 0xFF, 0x3F, 0xCF, 0x87,
    0x80, 0x00, 0x03, 0x83, 0xC0, 0x03, 0xE7, 0xC0, 0x03, 0xFF, 0x80, 0x01, 0xFF, 0x00, 0x00, 0x7E,
    0x00, 0x00, 0x00, 0x00, 0x00, 0x00, 0x00, 0x00, 0xFE, 0x00, 0x00, 0xFF, 0x00, 0x00, 0xFF, 0x00,
    0x01, 0xFF, 0x80, 0x01, 0xFF, 0x80, 0x03, 0xFF, 0x80, 0x03, 0xFF, 0xC0, 0x03, 0xEF, 0xC0, 0x07,
    0xEF, 0xC0, 0x07, 0xCF, 0xE0, 0x07, 0xC7, 0xE0, 0x0F, 0xC7, 0xE0, 0x0F, 0x87, 0xF0, 0x0F, 0x83,
    0xF0, 0x1F, 0xFF, 0xF8, 0x1F, 0xFF, 0xF8, 0x3F, 0xFF, 0xF8, 0x3F, 0xFF, 0xFC, 0x3F, 0xFF, 0xFC,
    0x7F, 0xFF, 0xFC, 0x7E, 0x00, 0xFE, 0x7E, 0x00, 0xFE, 0xFC, 0x00, 0x7E, 0xFC, 0x00, 0x7F, 0xFC,
    0x00, 0x7F, 0x1E, 0x0F, 0x0F, 0x8F, 0x03, 0xFF, 0x80, 0xFF, 0x80, 0x3F, 0x00, 0x00, 0x00, 0x00,
    0x00, 0x0F, 0xF8, 0x1F, 0xFF, 0x1F, 0xFF, 0xDF, 0xFF, 0xEF, 0xC3, 0xF1, 0xC0, 0xF8, 0x00, 0x7C,
    0x0F, 0xFE, 0x3F, 0xFF, 0x3F, 0xFF, 0xBF, 0x87, 0xDF, 0x83, 0xFF, 0x81, 0xFF, 0xC1, 0xFF, 0xFB,
    0xFD, 0xFF, 0xFE, 0xFF, 0xFF, 0x3F, 0xCF, 0x87, 0x80, 0x00, 0x00, 0xFE, 0x00, 0x00, 0xFF, 0x00,
    0x00, 0xFF, 0x00, 0x01, 0xFF, 0x80, 0x01, 0xFF, 0x80, 0x03, 0xFF, 0x80, 0x03, 0xFF, 0xC0, 0x03,
    0xEF, 0xC0, 0x07, 0xEF, 0xC0, 0x07, 0xCF, 0xE0, 0x07, 0xC7, 0xE0, 0x0F, 0xC7, 0xE0, 0x0F, 0x87,
    0xF0, 0x0F, 0x83, 0xF0, 0x1F, 0xFF, 0xF8, 0x1F, 0xFF, 0xF8, 0x3F, 0xFF, 0xF8, 0x3F, 0xFF, 0xFC,
    0x3F, 0xFF, 0xFC, 0x7F, 0xFF, 0xFC, 0x7E, 0x00, 0xFE, 0x7E, 0x00, 0xFE, 0xFC, 0x00, 0x7E, 0xFC,
    0x00, 0x7F, 0xFC, 0x00, 0x7F, 0x00, 0x00, 0x7E, 0x00, 0x00, 0x78, 0x00, 0x00, 0xF8, 0x00, 0x00,
    0xFF, 0x00, 0x00, 0x7F, 0x00, 0x00, 0x3F, 0x07, 0xFC, 0x07, 0xFF, 0xC3, 0xFF, 0xF9, 0xFF, 0xFE,
    0x7E, 0x1F, 0x87, 0x03, 0xE0, 0x00, 0xF8, 0x0F, 0xFE, 0x1F, 0xFF, 0x8F, 0xFF, 0xE7, 0xF0, 0xF9,
    0xF8, 0x3E, 0xFC, 0x0F, 0xBF, 0x07, 0xEF, 0xF7, 0xF9, 0xFF, 0xFE, 0x7F, 0xFF, 0x8F, 0xF3, 0xE0,
    0xF1, 0xF0, 0x00, 0xF0, 0x00, 0x3C, 0x00, 0x0F, 0xF0, 0x03, 0xFC, 0x00, 0x7E, 0x00, 0x00, 0x00,
    0x00, 0x0E, 0x00, 0x00, 0x7E, 0x00, 0x07, 0xFC, 0x00, 0x1F, 0xF0, 0x00, 0x3F, 0x00, 0x00, 0x60,
    0x00, 0x00, 0x00, 0x00, 0x01, 0xFF, 0x00, 0x0F, 0xFF, 0x80, 0x3F, 0xFF, 0x80, 0xFF, 0xFF, 0x83,
    0xFE, 0x7F, 0x87, 0xF0, 0x3F, 0x9F, 0xC0, 0x7F, 0x3F, 0x80, 0x7E, 0x7E, 0x00, 0xF9, 0xFC, 0x00,
    0x03, 0xF8, 0x00, 0x07, 0xF0, 0x00, 0x0F, 0xE0, 0x00, 0x1F, 0xC0, 0x00, 0x3F, 0x80, 0x00, 0x7F,
    0x00, 0x00, 0x7E, 0x00, 0x70, 0xFE, 0x00, 0xF9, 0xFC, 0x03, 0xF1, 0xFC, 0x0F, 0xE3, 0xFE, 0x7F,
    0x83, 0xFF, 0xFF, 0x03, 0xFF, 0xFC, 0x03, 0xFF, 0xF0, 0x03, 0xFF, 0x80, 0x00, 0xF8, 0x00, 0x00,
    0x00, 0x00, 0x1C, 0x00, 0x3F, 0x00, 0xFF, 0x80, 0xFF, 0xC0, 0x7E, 0x00, 0x10, 0x00, 0x00, 0x00,
    0x07, 0xF8, 0x0F, 0xFE, 0x0F, 0xFF, 0x8F, 0xFF, 0xE7, 0xE1, 0xFF, 0xE0, 0x7F, 0xF0, 0x01, 0xF8,
    0x00, 0xFC, 0x00, 0x7E, 0x00, 0x3F, 0x00, 0x1F, 0x80, 0x0F, 0xC0, 0x7B, 0xF0, 0x7D, 0xFC, 0xFC,
    0x7F, 0xFE, 0x1F, 0xFE, 0x07, 0xFC, 0x00, 0x78, 0x00, 0x00, 0x7C, 0x00, 0x01, 0xFC, 0x00, 0x07,
    0xFC, 0x00, 0x1F, 0x7C, 0x00, 0x3C, 0x7C, 0x00, 0x00, 0x00, 0x00, 0x00, 0x00, 0x00, 0xFF, 0x80,
    0x07, 0xFF, 0xC0, 0x1F, 0xFF, 0xC0, 0x7F, 0xFF, 0xC1, 0xFF, 0x3F, 0xC3, 0xF8, 0x1F, 0xCF, 0xE0,
    0x3F, 0x9F, 0xC0, 0x3F, 0x3F, 0x00, 0x7C, 0xFE, 0x00, 0x01, 0xFC, 0x00, 0x03, 0xF8, 0x00, 0x07,
    0xF0, 0x00, 0x0F, 0xE0, 0x00, 0x1F, 0xC0, 0x00, 0x3F, 0x80, 0x00, 0x3F, 0x00, 0x38, 0x7F, 0x00,
    0x7C, 0xFE, 0x01, 0xF8, 0xFE, 0x07, 0xF1, 0xFF, 0x3F, 0xC1, 0xFF, 0xFF, 0x81, 0xFF, 0xFE, 0x01,
    0xFF, 0xF8, 0x01, 0xFF, 0xC0, 0x00, 0x7C, 0x00, 0x03, 0xF0, 0x03, 0xFC, 0x03, 0xFE, 0x03, 0xE7,
    0x81, 0xE3, 0xE0, 0x00, 0x00, 0x00, 0x00, 0x0F, 0xF0, 0x1F, 0xFC, 0x1F, 0xFF, 0x1F, 0xFF, 0xCF,
    0xC3, 0xFF, 0xC0, 0xFF, 0xE0, 0x03, 0xF0, 0x01, 0xF8, 0x00, 0xFC, 0x00, 0x7E, 0x00, 0x3F, 0x00,
    0x1F, 0x80, 0xF7, 0xE0, 0xFB, 0xF9, 0xF8, 0xFF, 0xFC, 0x3F, 0xFC, 0x0F, 0xF8, 0x00, 0xF0, 0x00,
    0x00, 0x7E, 0x00, 0x00, 0xFC, 0x00, 0x01, 0xF8, 0x00, 0x03, 0xF0, 0x00, 0x07, 0xE0, 0x00, 0x07,
    0x80, 0x00, 0x00, 0x00, 0x00, 0xFF, 0x80, 0x07, 0xFF, 0xC0, 0x1F, 0xFF, 0xC0, 0x7F, 0xFF, 0xC1,
    0xFF, 0x3F, 0xC3, 0xF8, 0x1F, 0xCF, 0xE0, 0x3F, 0x9F, 0xC0, 0x3F, 0x3F, 0x00, 0x7C, 0xFE, 0x00,
    0x01, 0xFC, 0x00, 0x03, 0xF8, 0x00, 0x07, 0xF0, 0x00, 0x0F, 0xE0, 0x00, 0x1F, 0xC0, 0x00, 0x3F,
    0x80, 0x00, 0x3F, 0x00, 0x38, 0x7F, 0x00, 0x7C, 0xFE, 0x01, 0xF8, 0xFE, 0x07, 0xF1, 0xFF, 0x3F,
    0xC1, 0xFF, 0xFF, 0x81, 0xFF, 0xFE, 0x01, 0xFF, 0xF8, 0x01, 0xFF, 0xC0, 0x00, 0x7C, 0x00, 0x03,
    0xF0, 0x01, 0xF8, 0x00, 0xFC, 0x00, 0x7E, 0x00, 0x3F, 0x00, 0x0F, 0x00, 0x00, 0x00, 0x0F, 0xF0,
    0x1F, 0xFC, 0x1F, 0xFF, 0x1F, 0xFF, 0xCF, 0xC3, 0xFF, 0xC0, 0xFF, 0xE0, 0x03, 0xF0, 0x01, 0xF8,
    0x00, 0xFC, 0x00, 0x7E, 0x00, 0x3F, 0x00, 0x1F, 0x80, 0xF7, 0xE0, 0xFB, 0xF9, 0xF8, 0xFF, 0xFC,
    0x3F, 0xFC, 0x0F, 0xF8, 0x00, 0xF0, 0x00, 0x03, 0xC7, 0xC0, 0x07, 0xDF, 0x00, 0x07, 0xFC, 0x00,
    0x07, 0xF0, 0x00, 0x07, 0xC0, 0x00, 0x00, 0x00, 0x00, 0x00, 0x00, 0x00, 0xFF, 0x80, 0x07, 0xFF,
    0xC0, 0x1F, 0xFF, 0xC0, 0x7F, 0xFF, 0xC1, 0xFF, 0x3F, 0xC3, 0xF8, 0x1F, 0xCF, 0xE0, 0x3F, 0x9F,
    0xC0, 0x3F, 0x3F, 0x00, 0x7C, 0xFE, 0x00, 0x01, 0xFC, 0x00, 0x03, 0xF8, 0x00, 0x07, 0xF0, 0x00,
    0x0F, 0xE0, 0x00, 0x1F, 0xC0, 0x00, 0x3F, 0x80, 0x00, 0x3F, 0x00, 0x38, 0x7F, 0x00, 0x7C, 0xFE,
    0x01, 0xF8, 0xFE, 0x07, 0xF1, 0xFF, 0x3F, 0xC1, 0xFF, 0xFF, 0x81, 0xFF, 0xFE, 0x01, 0xFF, 0xF8,
    0x01, 0xFF, 0xC0, 0x00, 0x7C, 0x00, 0x1E, 0x3E, 0x0F, 0x9E, 0x03, 0xFE, 0x00, 0xFE, 0x00, 0x3F,
    0x00, 0x00, 0x00, 0x00, 0x00, 0x0F, 0xF0, 0x1F, 0xFC, 0x1F, 0xFF, 0x1F, 0xFF, 0xCF, 0xC3, 0xFF,
    0xC0, 0xFF, 0xE0, 0x03, 0xF0, 0x01, 0xF8, 0x00, 0xFC, 0x00, 0x7E, 0x00, 0x3F, 0x00, 0x1F, 0x80,
    0xF7, 0xE0, 0xFB, 0xF9, 0xF8, 0xFF, 0xFC, 0x3F, 0xFC, 0x0F, 0xF8, 0x00, 0xF0, 0x00, 0x0F, 0x8F,
    0x80, 0x1F, 0x7C, 0x00, 0x3F, 0xE0, 0x00, 0x7F, 0x00, 0x00, 0xF8, 0x00, 0x00, 0x00, 0x00, 0x00,
    0x00, 0x3F, 0xFE, 0x00, 0xFF, 0xFF, 0x03, 0xFF, 0xFE, 0x0F, 0xFF, 0xFE, 0x3F, 0xFF, 0xFC, 0xFE,
    0x0F, 0xF3, 0xF8, 0x1F, 0xEF, 0xE0, 0x3F, 0xBF, 0x80, 0xFE, 0xFE, 0x01, 0xFF, 0xF8, 0x07, 0xFF,
    0xE0, 0x1F, 0xFF, 0x80, 0x7F, 0xFE, 0x01, 0xFF, 0xF8, 0x07, 0xFF, 0xE0, 0x1F, 0xFF, 0x80, 0x7E,
    0xFE, 0x03, 0xFB, 0xF8, 0x1F, 0xEF, 0xE0, 0xFF, 0x3F, 0xBF, 0xFC, 0xFF, 0xFF, 0xE3, 0xFF, 0xFF,
    0x0F, 0xFF, 0xF0, 0x3F, 0xFF, 0x00, 0x00, 0x0F, 0xCF, 0x00, 0x0F, 0xDF, 0x00, 0x0F, 0xDF, 0x00,
    0x0F, 0xDF, 0x00, 0x0F, 0xCF, 0x00, 0x0F, 0xCE, 0x00, 0x0F, 0xCE, 0x0F, 0xEF, 0xCC, 0x1F, 0xFF,
    0xC0, 0x3F, 0xFF, 0xC0, 0x7F, 0xFF, 0xC0, 0x7E, 0x1F, 0xC0, 0xFC, 0x0F, 0xC0, 0xFC, 0x0F, 0xC0,
    0xFC, 0x0F, 0xC0, 0xFC, 0x0F, 0xC0, 0xFC, 0x0F, 0xC0, 0xFC, 0x0F, 0xC0, 0xFC, 0x0F, 0xC0, 0xFC,
    0x0F, 0xC0, 0xFE, 0x0F, 0xC0, 0x7F, 0x3F, 0xC0, 0x7F, 0xFF, 0xC0, 0x3F, 0xFF, 0xC0, 0x1F, 0xEF,
    0xC0, 0x07, 0x80, 0x00, 0x1F, 0xFF, 0x00, 0x1F, 0xFF, 0xE0, 0x0F, 0xFF, 0xFC, 0x07, 0xFF, 0xFF,
    0x03, 0xFF, 0xFF, 0xC1, 0xFC, 0x1F, 0xF0, 0xFE, 0x03, 0xF8, 0x7F, 0x01, 0xFE, 0x3F, 0x80, 0x7F,
    0x1F, 0xC0, 0x3F, 0x8F, 0xE0, 0x1F, 0xCF, 0xFF, 0x87, 0xE7, 0xFF, 0xC3, 0xF3, 0xFF, 0xE1, 0xF9,
    0xFF, 0xF1, 0xFC, 0x7F, 0x00, 0xFE, 0x3F, 0x80, 0x7F, 0x1F, 0xC0, 0x3F, 0x8F, 0xE0, 0x3F, 0x87,
    0xF0, 0x3F, 0xC3, 0xFB, 0xFF, 0xC1, 0xFF, 0xFF, 0xC0, 0xFF, 0xFF, 0xC0, 0x7F, 0xFF, 0xC0, 0x3F,
    0xFF, 0x80, 0x00, 0x00, 0x0F, 0xC0, 0x00, 0xFC, 0x01, 0xFF, 0xE0, 0x1F, 0xFE, 0x01, 0xFF, 0xE0,
    0x0F, 0xFE, 0x00, 0x0F, 0xC0, 0xFE, 0xFC, 0x1F, 0xFF, 0xC3, 0xFF, 0xFC, 0x7F, 0xFF, 0xC7, 0xE1,
    0xFC, 0xFC, 0x0F, 0xCF, 0xC0, 0xFC, 0xFC, 0x0F, 0xCF, 0xC0, 0xFC, 0xFC, 0x0F, 0xCF, 0xC0, 0xFC,
    0xFC, 0x0F, 0xCF, 0xC0, 0xFC, 0xFE, 0x0F, 0xC7, 0xF3, 0xFC, 0x7F, 0xFF, 0xC3, 0xFF, 0xFC, 0x1F,
    0xEF, 0xC0, 0x78, 0x00, 0x1F, 0xFF, 0x03, 0xFF, 0xE0, 0x7F, 0xFC, 0x0F, 0xFF, 0x80, 0x00, 0x00,
    0x00, 0x00, 0x00, 0x00, 0x07, 0xFF, 0xFE, 0xFF, 0xFF, 0xFF, 0xFF, 0xFF, 0xFF, 0xFF, 0xFF, 0xFF,
    0xEF, 0xE0, 0x01, 0xFC, 0x00, 0x3F, 0x80, 0x07, 0xF0, 0x00, 0xFE, 0x00, 0x1F, 0xFF, 0x83, 0xFF,
    0xF8, 0x7F, 0xFF, 0x0F, 0xFF, 0xE1, 0xFF, 0xFC, 0x3F, 0x80, 0x07, 0xF0, 0x00, 0xFE, 0x00, 0x1F,
    0xC0, 0x03, 0xF8, 0x00, 0x7F, 0xFF, 0xEF, 0xFF, 0xFF, 0xFF, 0xFF, 0xFF, 0xFF, 0xFF, 0xFF, 0xFF,
    0x1F, 0xFE, 0x07, 0xFF, 0x81, 0xFF, 0xE0, 0x7F, 0xF8, 0x00, 0x00, 0x00, 0x00, 0x00, 0x00, 0x00,
    0x1F, 0xE0, 0x1F, 0xFE, 0x0F, 0xFF, 0xC7, 0xFF, 0xF1, 0xF8, 0x7E, 0xFC, 0x0F, 0xBF, 0x03, 0xFF,
    0xFF, 0xFF, 0xFF, 0xFF, 0xFF, 0xFF, 0xFF, 0xFF, 0xEF, 0xC0, 0x03, 0xF0, 0x08, 0x7E, 0x07, 0x9F,
    0xFF, 0xE3, 0xFF, 0xF8, 0x7F, 0xFC, 0x0F, 0xFC, 0x00, 0x78, 0x00, 0x1E, 0x0F, 0x03, 0xE3, 0xC0,
    0x3F, 0xF8, 0x03, 0xFE, 0x00, 0x3F, 0x00, 0x00, 0x00, 0x00, 0x00, 0x07, 0xFF, 0xFE, 0xFF, 0xFF,
    0xFF, 0xFF, 0xFF, 0xFF, 0xFF, 0xFF, 0xFF, 0xEF, 0xE0, 0x01, 0xFC, 0x00, 0x3F, 0x80, 0x07, 0xF0,
    0x00, 0xFE, 0x00, 0x1F, 0xFF, 0x83, 0xFF, 0xF8, 0x7F, 0xFF, 0x0F, 0xFF, 0xE1, 0xFF, 0xFC, 0x3F,
    0x80, 0x07, 0xF0, 0x00, 0xFE, 0x00, 0x1F, 0xC0, 0x03, 0xF8, 0x00, 0x7F, 0xFF, 0xEF, 0xFF, 0xFF,
    0xFF, 0xFF, 0xFF, 0xFF, 0xFF, 0xFF, 0xFF, 0x1E, 0x1E, 0x07, 0xCF, 0x80, 0xFF, 0xC0, 0x3F, 0xE0,
    0x03, 0xF0, 0x00, 0x00, 0x00, 0x00, 0x00, 0x1F, 0xE0, 0x1F, 0xFE, 0x0F, 0xFF, 0xC7, 0xFF, 0xF1,
    0xF8, 0x7E, 0xFC, 0x0F, 0xBF, 0x03, 0xFF, 0xFF, 0xFF, 0xFF, 0xFF, 0xFF, 0xFF, 0xFF, 0xFF, 0xEF,
    0xC0, 0x03, 0xF0, 0x08, 0x7E, 0x07, 0x9F, 0xFF, 0xE3, 0xFF, 0xF8, 0x7F, 0xFC, 0x0F, 0xFC, 0x00,
    0x78, 0x00, 0x03, 0xF0, 0x00, 0x7E, 0x00, 0x0F, 0xC0, 0x01, 0xF8, 0x00, 0x3F, 0x00, 0x03, 0xC0,
    0x00, 0x00, 0x07, 0xFF, 0xFE, 0xFF, 0xFF, 0xFF, 0xFF, 0xFF, 0xFF, 0xFF, 0xFF, 0xFF, 0xEF, 0xE0,
    0x01, 0xFC, 0x00, 0x3F, 0x80, 0x07, 0xF0, 0x00, 0xFE, 0x00, 0x1F, 0xFF, 0x83, 0xFF, 0xF8, 0x7F,
    0xFF, 0x0F, 0xFF, 0xE1, 0xFF, 0xFC, 0x3F, 0x80, 0x07, 0xF0, 0x00, 0xFE, 0x00, 0x1F, 0xC0, 0x03,
    0xF8, 0x00, 0x7F, 0xFF, 0xEF, 0xFF, 0xFF, 0xFF, 0xFF, 0xFF, 0xFF, 0xFF, 0xFF, 0xFF, 0x03, 0xF0,
    0x00, 0xFC, 0x00, 0x3F, 0x00, 0x0F, 0xC0, 0x03, 0xF0, 0x00, 0x78, 0x00, 0x00, 0x00, 0x1F, 0xE0,
    0x1F, 0xFE, 0x0F, 0xFF, 0xC7, 0xFF, 0xF1, 0xF8, 0x7E, 0xFC, 0x0F, 0xBF, 0x03, 0xFF, 0xFF, 0xFF,
    0xFF, 0xFF, 0xFF, 0xFF, 0xFF, 0xFF, 0xEF, 0xC0, 0x03, 0xF0, 0x08, 0x7E, 0x07, 0x9F, 0xFF, 0xE3,
    0xFF, 0xF8, 0x7F, 0xFC, 0x0F, 0xFC, 0x00, 0x78, 0x00, 0xFF, 0xFF, 0xDF, 0xFF, 0xFF, 0xFF, 0xFF,
    0xFF, 0xFF, 0xFF, 0xFF, 0xFD, 0xFC, 0x00, 0x3F, 0x80, 0x07, 0xF0, 0x00, 0xFE, 0x00, 0x1F, 0xC0,
    0x03, 0xFF, 0xF0, 0x7F, 0xFF, 0x0F, 0xFF, 0xE1, 0xFF, 0xFC, 0x3F, 0xFF, 0x87, 0xF0, 0x00, 0xFE,
    0x00, 0x1F, 0xC0, 0x03, 0xF8, 0x00, 0x7F, 0x00, 0x0F, 0xFF, 0xFD, 0xFF, 0xFF, 0xFF, 0xFF, 0xFF,
    0xFF, 0xFF, 0xFF, 0xFF, 0xE0, 0x01, 0xF8, 0x00, 0x7C, 0x00, 0x0F, 0x80, 0x01, 0xFE, 0x00, 0x1F,
    0xC0, 0x01, 0xF0, 0x07, 0xF8, 0x07, 0xFF, 0x83, 0xFF, 0xF1, 0xFF, 0xFC, 0x7E, 0x1F, 0xBF, 0x03,
    0xEF, 0xC0, 0xFF, 0xFF, 0xFF, 0xFF, 0xFF, 0xFF, 0xFF, 0xFF, 0xFF, 0xFB, 0xF0, 0x00, 0xFC, 0x02,
    0x1F, 0x81, 0xE7, 0xFF, 0xF8, 0xFF, 0xFE, 0x1F, 0xFF, 0x03, 0xFF, 0x00, 0x1F, 0x80, 0x07, 0x80,
    0x03, 0xE0, 0x00, 0xFF, 0x80, 0x1F, 0xE0, 0x03, 0xF0, 0x1F, 0x1E, 0x01, 0xE7, 0xC0, 0x1F, 0xF0,
    0x01, 0xFC, 0x00, 0x1F, 0x00, 0x00, 0x00, 0x00, 0x00, 0x07, 0xFF, 0xFE, 0xFF, 0xFF, 0xFF, 0xFF,
    0xFF, 0xFF, 0xFF, 0xFF, 0xFF, 0xEF, 0xE0, 0x01, 0xFC, 0x00, 0x3F, 0x80, 0x07, 0xF0, 0x00, 0xFE,
    0x00, 0x1F, 0xFF, 0x83, 0xFF, 0xF8, 0x7F, 0xFF, 0x0F, 0xFF, 0xE1, 0xFF, 0xFC, 0x3F, 0x80, 0x07,
    0xF0, 0x00, 0xFE, 0x00, 0x1F, 0xC0, 0x03, 0xF8, 0x00, 0x7F, 0xFF, 0xEF, 0xFF, 0xFF, 0xFF, 0xFF,
    0xFF, 0xFF, 0xFF, 0xFF, 0xFF, 0x1E, 0x3E, 0x07, 0xCF, 0x00, 0xFF, 0xC0, 0x1F, 0xE0, 0x03, 0xF0,
    0x00, 0x00, 0x00, 0x00, 0x00, 0x1F, 0xE0, 0x1F, 0xFE, 0x0F, 0xFF, 0xC7, 0xFF, 0xF1, 0xF8, 0x7E,
    0xFC, 0x0F, 0xBF, 0x03, 0xFF, 0xFF, 0xFF, 0xFF, 0xFF, 0xFF, 0xFF, 0xFF, 0xFF, 0xEF, 0xC0, 0x03,
    0xF0, 0x08, 0x7E, 0x07, 0x9F, 0xFF, 0xE3, 0xFF, 0xF8, 0x7F, 0xFC, 0x0F, 0xFC, 0x00, 0x78, 0x00,
    0x00, 0x7C, 0x00, 0x01, 0xFC, 0x00, 0x07, 0xFC, 0x00, 0x1F, 0x7C, 0x00, 0x7C, 0x7C, 0x00, 0x00,
    0x00, 0x00, 0x00, 0x00, 0x00, 0xFF, 0xC0, 0x07, 0xFF, 0xC0, 0x1F, 0xFF, 0xE0, 0x7F, 0xFF, 0xE1,
    0xFF, 0x3F, 0xC3, 0xF8, 0x1F, 0xCF, 0xE0, 0x1F, 0x9F, 0xC0, 0x3F, 0x3F, 0x00, 0x78, 0xFE, 0x00,
    0x01, 0xFC, 0x00, 0x03, 0xF8, 0x00, 0x07, 0xF0, 0x7F, 0xEF, 0xE0, 0xFF, 0xFF, 0xC1, 0xFF, 0xFF,
    0x83, 0xFF, 0xFF, 0x00, 0x7F, 0x7F, 0x00, 0xFE, 0xFE, 0x01, 0xFC, 0xFE, 0x07, 0xF9, 0xFE, 0x1F,
    0xF1, 0xFF, 0xFF, 0xE1, 0xFF, 0xFF, 0xC1, 0xFF, 0xF7, 0x81, 0xFF, 0x87, 0x00, 0x7C, 0x00, 0x01,
    0xF8, 0x00, 0x1F, 0xE0, 0x01, 0xFF, 0x80, 0x1F, 0x3E, 0x00, 0xF0, 0xF0, 0x00, 0x00, 0x00, 0x00,
    0x00, 0xC0, 0xFF, 0x8F, 0x1F, 0xFF, 0xF9, 0xFF, 0xFF, 0xCF, 0xC3, 0xFC, 0xFC, 0x1F, 0x87, 0xE0,
    0x7C, 0x3F, 0x07, 0xE0, 0xF8, 0x3F, 0x07, 0xFF, 0xF0, 0x1F, 0xFF, 0x00, 0x7F, 0xE0, 0x0F, 0xC0,
    0x00, 0xFC, 0x00, 0x07, 0xFF, 0xF0, 0x3F, 0xFF, 0xE0, 0xFF, 0xFF, 0x87, 0xFF, 0xFC, 0x7C, 0x3F,
    0xF7, 0xC0, 0x1F, 0xBE, 0x00, 0xFD, 0xF8, 0x0F, 0xCF, 0xFF, 0xFC, 0x3F, 0xFF, 0xC0, 0x3F, 0xF8,
    0x00, 0x07, 0x83, 0xC0, 0x07, 0x8F, 0x80, 0x0F, 0xFE, 0x00, 0x0F, 0xF8, 0x00, 0x07, 0xC0, 0x00,
    0x00, 0x00, 0x00, 0x00, 0x00, 0x00, 0xFF, 0xC0, 0x07, 0xFF, 0xC0, 0x1F, 0xFF, 0xE0, 0x7F, 0xFF,
    0xE1, 0xFF, 0x3F, 0xC3, 0xF8, 0x1F, 0xCF, 0xE0, 0x1F, 0x9F, 0xC0, 0x3F, 0x3F, 0x00, 0x78, 0xFE,
    0x00, 0x01, 0xFC, 0x00, 0x03, 0xF8, 0x00, 0x07, 0xF0, 0x7F, 0xEF, 0xE0, 0xFF, 0xFF, 0xC1, 0xFF,
    0xFF, 0x83, 0xFF, 0xFF, 0x00, 0x7F, 0x7F, 0x00, 0xFE, 0xFE, 0x01, 0xFC, 0xFE, 0x07, 0xF9, 0xFE,
    0x1F, 0xF1, 0xFF, 0xFF, 0xE1, 0xFF, 0xFF, 0xC1, 0xFF, 0xF7, 0x81, 0xFF, 0x87, 0x00, 0x7C, 0x00,
    0x0F, 0x0F, 0x00, 0x7C, 0xF8, 0x03, 0xFF, 0x80, 0x0F, 0xF8, 0x00, 0x1F, 0x80, 0x00, 0x00, 0x00,
    0x00, 0x00, 0xC0, 0xFF, 0x8F, 0x1F, 0xFF, 0xF9, 0xFF, 0xFF, 0xCF, 0xC3, 0xFC, 0xFC, 0x1F, 0x87,
    0xE0, 0x7C, 0x3F, 0x07, 0xE0, 0xF8, 0x3F, 0x07, 0xFF, 0xF0, 0x1F, 0xFF, 0x00, 0x7F, 0xE0, 0x0F,
    0xC0, 0x00, 0xFC, 0x00, 0x07, 0xFF, 0xF0, 0x3F, 0xFF, 0xE0, 0xFF, 0xFF, 0x87, 0xFF, 0xFC, 0x7C,
    0x3F, 0xF7, 0xC0, 0x1F, 0xBE, 0x00, 0xFD, 0xF8, 0x0F, 0xCF, 0xFF, 0xFC, 0x3F, 0xFF, 0xC0, 0x3F,
    0xF8, 0x00, 0x00, 0x7E, 0x00, 0x00, 0xFC, 0x00, 0x01, 0xF8, 0x00, 0x03, 0xF0, 0x00, 0x07, 0xE0,
    0x00, 0x0F, 0x80, 0x00, 0x00, 0x00, 0x00, 0xFF, 0xC0, 0x07, 0xFF, 0xC0, 0x1F, 0xFF, 0xE0, 0x7F,
    0xFF, 0xE1, 0xFF, 0x3F, 0xC3, 0xF8, 0x1F, 0xCF, 0xE0, 0x1F, 0x9F, 0xC0, 0x3F, 0x3F, 0x00, 0x78,
    0xFE, 0x00, 0x01, 0xFC, 0x00, 0x03, 0xF8, 0x00, 0x07, 0xF0, 0x7F, 0xEF, 0xE0, 0xFF, 0xFF, 0xC1,
    0xFF, 0xFF, 0x83, 0xFF, 0xFF, 0x00, 0x7F, 0x7F, 0x00, 0xFE, 0xFE, 0x01, 0xFC, 0xFE, 0x07, 0xF9,
    0xFE, 0x1F, 0xF1, 0xFF, 0xFF, 0xE1, 0xFF, 0xFF, 0xC1, 0xFF, 0xF7, 0x81, 0xFF, 0x87, 0x00, 0x7C,
    0x00, 0x01, 0xF8, 0x00, 0x0F, 0xC0, 0x00, 0x7E, 0x00, 0x03, 0xF0, 0x00, 0x1F, 0x80, 0x00, 0x78,
    0x00, 0x00, 0x00, 0xC0, 0xFF, 0x8F, 0x1F, 0xFF, 0xF9, 0xFF, 0xFF, 0xCF, 0xC3, 0xFC, 0xFC, 0x1F,
    0x87, 0xE0, 0x7C, 0x3F, 0x07, 0xE0, 0xF8, 0x3F, 0x07, 0xFF, 0xF0, 0x1F, 0xFF, 0x00, 0x7F, 0xE0,
    0x0F, 0xC0, 0x00, 0xFC, 0x00, 0x07, 0xFF, 0xF0, 0x3F, 0xFF, 0xE0, 0xFF, 0xFF, 0x87, 0xFF, 0xFC,
    0x7C, 0x3F, 0xF7, 0xC0, 0x1F, 0xBE, 0x00, 0xFD, 0xF8, 0x0F, 0xCF, 0xFF, 0xFC, 0x3F, 0xFF, 0xC0,
    0x3F, 0xF8, 0x00, 0x00, 0x00, 0x00, 0x03, 0xFF, 0x00, 0x1F, 0xFF, 0x00, 0x7F, 0xFF, 0x81, 0xFF,
    0xFF, 0x87, 0xFC, 0xFF, 0x0F, 0xE0, 0x7F, 0x3F, 0x80, 0x7E, 0x7F, 0x00, 0xFC, 0xFC, 0x01, 0xE3,
    0xF8, 0x00, 0x07, 0xF0, 0x00, 0x0F, 0xE0, 0x00, 0x1F, 0xC1, 0xFF, 0xBF, 0x83, 0xFF, 0xFF, 0x07,
    0xFF, 0xFE, 0x0F, 0xFF, 0xFC, 0x01, 0xFD, 0xFC, 0x03, 0xFB, 0xF8, 0x07, 0xF3, 0xF8, 0x1F, 0xE7,
    0xF8, 0x7F, 0xC7, 0xFF, 0xFF, 0x87, 0xFF, 0xFF, 0x07, 0xFF, 0xDE, 0x07, 0xFE, 0x1C, 0x01, 0xF0,
    0x00, 0x00, 0x00, 0x00, 0x03, 0xC0, 0x00, 0x07, 0x80, 0x00, 0x0F, 0x00, 0x00, 0x1E, 0x00, 0x00,
    0x38, 0x00, 0x00, 0x60, 0x00, 0x00, 0x00, 0x00, 0x00, 0x30, 0x00, 0x03, 0x80, 0x00, 0x38, 0x00,
    0x01, 0xE0, 0x00, 0x0F, 0x00, 0x00, 0x78, 0x00, 0x03, 0xC0, 0x00, 0x00, 0x00, 0x00, 0x00, 0x30,
    0x3F, 0xE3, 0xC7, 0xFF, 0xFE, 0x7F, 0xFF, 0xF3, 0xF0, 0xFF, 0x3F, 0x07, 0xE1, 0xF8, 0x1F, 0x0F,
    0xC1, 0xF8, 0x3E, 0x0F, 0xC1, 0xFF, 0xFC, 0x07, 0xFF, 0xC0, 0x1F, 0xF8, 0x03, 0xF0, 0x00, 0x3F,
    0x00, 0x01, 0xFF, 0xFC, 0x0F, 0xFF, 0xF8, 0x3F, 0xFF, 0xE1, 0xFF, 0xFF, 0x1F, 0x0F, 0xFD, 0xF0,
    0x07, 0xEF, 0x80, 0x3F, 0x7E, 0x03, 0xF3, 0xFF, 0xFF, 0x0F, 0xFF, 0xF0, 0x0F, 0xFE, 0x00, 0x00,
    0xF8, 0x00, 0x0F, 0xE0, 0x00, 0xFF, 0x80, 0x0F, 0xBE, 0x00, 0xF8, 0xF8, 0x00, 0x00, 0x00, 0x00,
    0x00, 0x1F, 0x80, 0x3F, 0xFE, 0x01, 0xFF, 0xF0, 0x0F, 0xFF, 0x80, 0x7F, 0xFC, 0x03, 0xFF, 0xE0,
    0x1F, 0xFF, 0x00, 0xFF, 0xF8, 0x07, 0xFF, 0xC0, 0x3F, 0xFE, 0x03, 0xFF, 0xFF, 0xFF, 0xFF, 0xFF,
    0xFF, 0xFF, 0xFF, 0xFF, 0xFF, 0xFF, 0xFF, 0xFF, 0xFF, 0xF8, 0x07, 0xFF, 0xC0, 0x3F, 0xFE, 0x01,
    0xFF, 0xF0, 0x0F, 0xFF, 0x80, 0x7F, 0xFC, 0x03, 0xFF, 0xE0, 0x1F, 0xFF, 0x00, 0xFF, 0xF8, 0x07,
    0xFF, 0x80, 0x3F, 0x0F, 0x80, 0x00, 0xFE, 0x00, 0x0F, 0xF8, 0x00, 0xF3, 0xE0, 0x0F, 0x8F, 0x00,
    0x00, 0x00, 0x00, 0x3E, 0x00, 0x03, 0xF0, 0x00, 0x1F, 0x80, 0x00, 0xFC, 0x00, 0x07, 0xE0, 0x00,
    0x3F, 0x00, 0x01, 0xF8, 0x00, 0x0F, 0xCF, 0xE0, 0x7E, 0xFF, 0x83, 0xFF, 0xFE, 0x1F, 0xFF, 0xF0,
    0xFF, 0x1F, 0xC7, 0xF0, 0x7E, 0x3F, 0x03, 0xF1, 0xF8, 0x1F, 0x8F, 0xC0, 0xFC, 0x7E, 0x07, 0xE3,
    0xF0, 0x3F, 0x1F, 0x81, 0xF8, 0xFC, 0x0F, 0xC7, 0xE0, 0x7E, 0x3F, 0x03, 0xF1, 0xF8, 0x1F, 0x8F,
    0xC0, 0xFC, 0x3E, 0x07, 0xC0, 0x1F, 0x80, 0x7F, 0x07, 0xE0, 0x1F, 0xC1, 0xF8, 0x07, 0xF3, 0xFF,
    0xFF, 0xFF, 0xFF, 0xFF, 0xFF, 0xFF, 0xFF, 0xFF, 0xFF, 0xFF, 0xFF, 0xF8, 0x7E, 0x01, 0xFC, 0x1F,
    0x80, 0x7F, 0x07, 0xE0, 0x1F, 0xC1, 0xFF, 0xFF, 0xF0, 0x7F, 0xFF, 0xFC, 0x1F, 0xFF, 0xFF, 0x07,
    0xFF, 0xFF, 0xC1, 0xFF, 0xFF, 0xF0, 0x7E, 0x01, 0xFC, 0x1F, 0x80, 0x7F, 0x07, 0xE0, 0x1F, 0xC1,
    0xF8, 0x07, 0xF0, 0x7E, 0x01, 0xFC, 0x1F, 0x80, 0x7F, 0x07, 0xE0, 0x1F, 0xC1, 0xF8, 0x07, 0xF0,
    0x7E, 0x01, 0xFC, 0x1F, 0x80, 0x7F, 0x00, 0x3E, 0x00, 0x07, 0xC0, 0x03, 0xFF, 0xC0, 0x7F, 0xF8,
    0x0F, 0xFF, 0x00, 0xFF, 0xC0, 0x0F, 0x80, 0x01, 0xF1, 0xF8, 0x3E, 0xFF, 0x87, 0xFF, 0xF8, 0xFF,
    0xFF, 0x1F, 0xC7, 0xF3, 0xF0, 0x7E, 0x7C, 0x0F, 0xCF, 0x81, 0xF9, 0xF0, 0x3F, 0x3E, 0x07, 0xE7,
    0xC0, 0xFC, 0xF8, 0x1F, 0x9F, 0x03, 0xF3, 0xE0, 0x7E, 0x7C, 0x0F, 0xCF, 0x81, 0xF9, 0xF0, 0x3F,
    0x3E, 0x07, 0xE0, 0x7E, 0x37, 0xFF, 0xBF, 0xFE, 0xFF, 0xE0, 0x00, 0x00, 0x00, 0x00, 0x03, 0xF0,
    0x1F, 0xC0, 0xFE, 0x07, 0xF0, 0x3F, 0x81, 0xFC, 0x0F, 0xE0, 0x7F, 0x03, 0xF8, 0x1F, 0xC0, 0xFE,
    0x07, 0xF0, 0x3F, 0x81, 0xFC, 0x0F, 0xE0, 0x7F, 0x03, 0xF8, 0x1F, 0xC0, 0xFE, 0x07, 0xF0, 0x3F,
    0x81, 0xFC, 0x0F, 0xE0, 0x7F, 0x03, 0xF0, 0x3E, 0x13, 0xFF, 0xDF, 0xFE, 0xFF, 0xE0, 0x00, 0x00,
    0x00, 0x00, 0x01, 0xF0, 0x1F, 0x80, 0xFC, 0x07, 0xE0, 0x3F, 0x01, 0xF8, 0x0F, 0xC0, 0x7E, 0x03,
    0xF0, 0x1F, 0x80, 0xFC, 0x07, 0xE0, 0x3F, 0x01, 0xF8, 0x0F, 0xC0, 0x7E, 0x03, 0xF0, 0x0F, 0x80,
    0xFF, 0xFF, 0xFF, 0xFF, 0xFF, 0xFF, 0xF0, 0x00, 0x00, 0x00, 0x00, 0x03, 0xF0, 0x1F, 0xC0, 0xFE,
    0x07, 0xF0, 0x3F, 0x81, 0xFC, 0x0F, 0xE0, 0x7F, 0x03, 0xF8, 0x1F, 0xC0, 0xFE, 0x07, 0xF0, 0x3F,
    0x81, 0xFC, 0x0F, 0xE0, 0x7F, 0x03, 0xF8, 0x1F, 0xC0, 0xFE, 0x07, 0xF0, 0x3F, 0x81, 0xFC, 0x0F,
    0xE0, 0x7F, 0x03, 0xF0, 0xFF, 0xFF, 0xFF, 0xFF, 0xFF, 0xFF, 0xF0, 0x00, 0x00, 0x00, 0x00, 0x01,
    0xF0, 0x1F, 0x80, 0xFC, 0x07, 0xE0, 0x3F, 0x01, 0xF8, 0x0F, 0xC0, 0x7E, 0x03, 0xF0, 0x1F, 0x80,
    0xFC, 0x07, 0xE0, 0x3F, 0x01, 0xF8, 0x0F, 0xC0, 0x7E, 0x03, 0xF0, 0x0F, 0x80, 0xF0, 0x7F, 0xC7,
    0x9F, 0xFC, 0x7F, 0xC1, 0xF8, 0x00, 0x00, 0x00, 0x03, 0xF0, 0x1F, 0xC0, 0xFE, 0x07, 0xF0, 0x3F,
    0x81, 0xFC, 0x0F, 0xE0, 0x7F, 0x03, 0xF8, 0x1F, 0xC0, 0xFE, 0x07, 0xF0, 0x3F, 0x81, 0xFC, 0x0F,
    0xE0, 0x7F, 0x03, 0xF8, 0x1F, 0xC0, 0xFE, 0x07, 0xF0, 0x3F, 0x81, 0xFC, 0x0F, 0xE0, 0x7F, 0x03,
    0xF0, 0xF0, 0x7F, 0xC7, 0xDF, 0xFC, 0x7F, 0xC0, 0xF8, 0x00, 0x00, 0x00, 0x01, 0xF0, 0x1F, 0x80,
    0xFC, 0x07, 0xE0, 0x3F, 0x01, 0xF8, 0x0F, 0xC0, 0x7E, 0x03, 0xF0, 0x1F, 0x80, 0xFC, 0x07, 0xE0,
    0x3F, 0x01, 0xF8, 0x0F, 0xC0, 0x7E, 0x03, 0xF0, 0x0F, 0x80, 0x7E, 0x7F, 0x7F, 0x7F, 0x7F, 0x7F,
    0x7F, 0x7F, 0x7F, 0x7F, 0x7F, 0x7F, 0x7F, 0x7F, 0x7F, 0x7F, 0x7F, 0x7F, 0x7F, 0x7F, 0x7F, 0x7F,
    0x7F, 0x7F, 0x7E, 0x7C, 0xF0, 0xF0, 0xFF, 0xFF, 0x7E, 0x1F, 0x0F, 0xC7, 0xE3, 0xF1, 0xF0, 0xF8,
    0x00, 0x3E, 0x3F, 0x1F, 0x8F, 0xC7, 0xE3, 0xF1, 0xF8, 0xFC, 0x7E, 0x3F, 0x1F, 0x8F, 0xC7, 0xE3,
    0xF1, 0xF8, 0xFC, 0x7E, 0x1F, 0x1F, 0x1E, 0x0F, 0x07, 0xFB, 0xFC, 0xFC, 0xFD, 0xFB, 0xF7, 0xEF,
    0xCF, 0x00, 0x7E, 0xFF, 0xFF, 0xFF, 0xFF, 0xFF, 0xFF, 0xFF, 0xFF, 0xFF, 0xFF, 0xFF, 0xFF, 0xFF,
    0xFF, 0xFF, 0xFF, 0xFF, 0xFF, 0xFF, 0xFF, 0xFE, 0x7F, 0xFF, 0xFF, 0xFF, 0xFF, 0xFF, 0xFF, 0xFF,
    0xFF, 0xFF, 0xFF, 0xFF, 0xFD, 0xF0, 0xFC, 0x01, 0xFF, 0xF8, 0x07, 0xFF, 0xE0, 0x1F, 0xFF, 0x80,
    0x7F, 0xFE, 0x01, 0xFF, 0xF8, 0x07, 0xFF, 0xE0, 0x1F, 0xFF, 0x80, 0x7F, 0xFE, 0x01, 0xFF, 0xF8,
    0x07, 0xFF, 0xE0, 0x1F, 0xFF, 0x80, 0x7F, 0xFE, 0x01, 0xFF, 0xF8, 0x07, 0xFF, 0xE0, 0x1F, 0xFF,
    0x80, 0x7F, 0xFE, 0x01, 0xFF, 0xF8, 0x07, 0xFF, 0xE0, 0x1F, 0xFF, 0x80, 0xFF, 0xFE, 0x3F, 0xFB,
    0xF9, 0xFF, 0xEF, 0xE7, 0xFF, 0xBF, 0x9F, 0xFC, 0xFC, 0x7F, 0xE0, 0x00, 0x3E, 0x00, 0x7C, 0x7F,
    0xF8, 0xFF, 0xF1, 0xFF, 0xE3, 0xFF, 0xC7, 0xEF, 0x07, 0x80, 0x00, 0x3E, 0x3F, 0xFC, 0x7F, 0xF8,
    0xFF, 0xF1, 0xFF, 0xE3, 0xFF, 0xC7, 0xFF, 0x8F, 0xFF, 0x1F, 0xFE, 0x3F, 0xFC, 0x7F, 0xF8, 0xFF,
    0xF1, 0xFF, 0xE3, 0xFF, 0xC7, 0xFF, 0x8F, 0xFF, 0x1F, 0xFE, 0x3F, 0x7C, 0x7E, 0x00, 0xFC, 0x07,
    0xF8, 0x1F, 0xF0, 0x3F, 0xC0, 0x7F, 0x80, 0xFC, 0x00, 0x07, 0xC0, 0x3F, 0x81, 0xFF, 0x0F, 0x3E,
    0x7C, 0x78, 0x00, 0x00, 0x00, 0x00, 0xFC, 0x03, 0xF0, 0x0F, 0xC0, 0x3F, 0x00, 0xFC, 0x03, 0xF0,
    0x0F, 0xC0, 0x3F, 0x00, 0xFC, 0x03, 0xF0, 0x0F, 0xC0, 0x3F, 0x00, 0xFC, 0x03, 0xF0, 0x0F, 0xC0,
    0x3F, 0x00, 0xFC, 0x03, 0xF0, 0x1F, 0xC0, 0x7F, 0x3F, 0xFC, 0xFF, 0xF3, 0xFF, 0x8F, 0xFE, 0x3F,
    0xF0, 0x3E, 0x00, 0x0F, 0x80, 0xFE, 0x0F, 0xF8, 0xFB, 0xEF, 0x8F, 0x80, 0x00, 0x00, 0x01, 0xF0,
    0x1F, 0x80, 0xFC, 0x07, 0xE0, 0x3F, 0x01, 0xF8, 0x0F, 0xC0, 0x7E, 0x03, 0xF0, 0x1F, 0x80, 0xFC,
    0x07, 0xE0, 0x3F, 0x01, 0xF8, 0x0F, 0xC0, 0x7E, 0x03, 0xF0, 0x1F, 0x80, 0xFC, 0x1F, 0xE1, 0xFF,
    0x0F, 0xF8, 0x7F, 0x81, 0xF0, 0x00, 0xFC, 0x03, 0xFB, 0xF8, 0x0F, 0xCF, 0xE0, 0x7E, 0x3F, 0x83,
    0xF8, 0xFE, 0x1F, 0xC3, 0xF8, 0xFE, 0x0F, 0xE3, 0xF0, 0x3F, 0x9F, 0x80, 0xFE, 0xFC, 0x03, 0xFF,
    0xF0, 0x0F, 0xFF, 0xE0, 0x3F, 0xFF, 0x80, 0xFF, 0xFF, 0x03, 0xFF, 0xFC, 0x0F, 0xFB, 0xF8, 0x3F,
    0xEF, 0xE0, 0xFF, 0x1F, 0xC3, 0xF8, 0x7F, 0x8F, 0xE0, 0xFE, 0x3F, 0x83, 0xFC, 0xFE, 0x07, 0xF3,
    0xF8, 0x1F, 0xEF, 0xE0, 0x3F, 0xBF, 0x80, 0xFF, 0xFC, 0x01, 0xFC, 0x00, 0x00, 0x00, 0x00, 0x00,
    0x00, 0x3C, 0x00, 0x00, 0xF0, 0x00, 0x03, 0xC0, 0x00, 0x07, 0x00, 0x00, 0x1C, 0x00, 0x00, 0xE0,
    0x00, 0x00, 0x00, 0x00, 0x7C, 0x00, 0x1F, 0x80, 0x03, 0xF0, 0x00, 0x7E, 0x00, 0x0F, 0xC0, 0x01,
    0xF8, 0x00, 0x3F, 0x00, 0x07, 0xE0, 0x3E, 0xFC, 0x0F, 0xDF, 0x83, 0xF3, 0xF0, 0xFC, 0x7E, 0x3F,
    0x0F, 0xCF, 0xC1, 0xFB, 0xF0, 0x3F, 0xFF, 0x07, 0xFF, 0xE0, 0xFF, 0xFE, 0x1F, 0xFF, 0xC3, 0xFD,
    0xFC, 0x7F, 0x1F, 0x8F, 0xC3, 0xF9, 0xF8, 0x3F, 0x3F, 0x07, 0xF7, 0xE0, 0x7E, 0x7C, 0x0F, 0xE0,
    0x00, 0x00, 0x00, 0x00, 0x00, 0xF0, 0x00, 0x1E, 0x00, 0x03, 0xC0, 0x00, 0x78, 0x00, 0x0E, 0x00,
    0x01, 0xC0, 0x00, 0x00, 0x00, 0x7C, 0x07, 0xDF, 0x81, 0xFB, 0xF0, 0x7E, 0x7E, 0x1F, 0x8F, 0xC7,
    0xE1, 0xF9, 0xF8, 0x3F, 0x7E, 0x07, 0xFF, 0xE0, 0xFF, 0xFC, 0x1F, 0xFF, 0xC3, 0xFF, 0xF8, 0x7F,
    0xBF, 0x8F, 0xE3, 0xF1, 0xF8, 0x7F, 0x3F, 0x07, 0xE7, 0xE0, 0xFE, 0xFC, 0x0F, 0xCF, 0x81, 0xFC,
    0x00, 0x00, 0x00, 0x38, 0x00, 0x3F, 0x00, 0x1F, 0xE0, 0x0F, 0xFC, 0x01, 0xFC, 0x00, 0x18, 0x00,
    0x00, 0x00, 0x00, 0x7E, 0x00, 0x0F, 0xE0, 0x01, 0xFC, 0x00, 0x3F, 0x80, 0x07, 0xF0, 0x00, 0xFE,
    0x00, 0x1F, 0xC0, 0x03, 0xF8, 0x00, 0x7F, 0x00, 0x0F, 0xE0, 0x01, 0xFC, 0x00, 0x3F, 0x80, 0x07,
    0xF0, 0x00, 0xFE, 0x00, 0x1F, 0xC0, 0x03, 0xF8, 0x00, 0x7F, 0x00, 0x0F, 0xE0, 0x01, 0xFC, 0x00,
    0x3F, 0x80, 0x07, 0xFF, 0xFE, 0xFF, 0xFF, 0xDF, 0xFF, 0xFB, 0xFF, 0xFF, 0x7F, 0xFF, 0xE0, 0x00,
    0x00, 0x38, 0x3F, 0x1F, 0xF7, 0xFC, 0xFC, 0x18, 0x00, 0x00, 0x1F, 0x03, 0xE0, 0x7C, 0x0F, 0x81,
    0xF0, 0x3E, 0x07, 0xC0, 0xF8, 0x1F, 0x03, 0xE0, 0x7C, 0x0F, 0x81, 0xF0, 0x7E, 0x0F, 0xC1, 0xF8,
    0x3F, 0x07, 0xE0, 0xFC, 0x1F, 0x83, 0xF0, 0x7E, 0x0F, 0xC1, 0xF8, 0x1F, 0x00, 0xFC, 0x00, 0x3F,
    0x80, 0x0F, 0xE0, 0x03, 0xF8, 0x00, 0xFE, 0x00, 0x3F, 0x80, 0x0F, 0xE0, 0x03, 0xF8, 0x00, 0xFE,
    0x00, 0x3F, 0x80, 0x0F, 0xE0, 0x03, 0xF8, 0x00, 0xFE, 0x00, 0x3F, 0x80, 0x0F, 0xE0, 0x03, 0xF8,
    0x00, 0xFE, 0x00, 0x3F, 0x80, 0x0F, 0xE0, 0x03, 0xF8, 0x00, 0xFF, 0xFF, 0xFF, 0xFF, 0xFF, 0xFF,
    0xFF, 0xFF, 0xFF, 0xFF, 0xFF, 0xC0, 0x00, 0x00, 0x00, 0x00, 0x0F, 0x80, 0x03, 0xE0, 0x00, 0xF8,
    0x00, 0x1E, 0x00, 0x07, 0x00, 0x01, 0x80, 0x00, 0x00, 0x00, 0x7D, 0xF7, 0xDF, 0x7D, 0xF7, 0xDF,
    0x7D, 0xF7, 0xDF, 0x7F, 0xFF, 0xFF, 0xFF, 0xFF, 0xFF, 0xFF, 0xFF, 0xFF, 0x7C, 0x00, 0x1F, 0x7D,
    0xF3, 0xCE, 0x30, 0x00, 0xFC, 0x1E, 0x3F, 0x87, 0x8F, 0xE1, 0xE3, 0xF8, 0x78, 0xFE, 0x1E, 0x3F,
    0x87, 0x0F, 0xE1, 0xC3, 0xF8, 0x70, 0xFE, 0x00, 0x3F, 0x80, 0x0F, 0xE0, 0x03, 0xF8, 0x00, 0xFE,
    0x00, 0x3F, 0x80, 0x0F, 0xE0, 0x03, 0xF8, 0x00, 0xFE, 0x00, 0x3F, 0x80, 0x0F, 0xE0, 0x03, 0xF8,
    0x00, 0xFF, 0xFF, 0xFF, 0xFF, 0xFF, 0xFF, 0xFF, 0xFF, 0xFF, 0xFF, 0xFF, 0xC0, 0x7C, 0xF7, 0xCF,
    0x7C, 0xF7, 0xCF, 0x7C, 0x77, 0xC7, 0x7C, 0xE7, 0xCE, 0x7C, 0x07, 0xC0, 0x7C, 0x07, 0xC0, 0x7C,
    0x0F, 0xC0, 0xFC, 0x0F, 0xC0, 0xFC, 0x0F, 0xC0, 0xFC, 0x0F, 0xC0, 0xFC, 0x0F, 0xC0, 0xFC, 0x0F,
    0xC0, 0x7C, 0x00, 0xFC, 0x00, 0x3F, 0x80, 0x0F, 0xE0, 0x03, 0xF8, 0x00, 0xFE, 0x00, 0x3F, 0x80,
    0x0F, 0xE0, 0x03, 0xF8, 0x00, 0xFE, 0x00, 0x3F, 0x87, 0xEF, 0xE1, 0xFB, 0xF8, 0x7E, 0xFE, 0x1F,
    0xBF, 0x87, 0xEF, 0xE0, 0x03, 0xF8, 0x00, 0xFE, 0x00, 0x3F, 0x80, 0x0F, 0xE0, 0x03, 0xF8, 0x00,
    0xFF, 0xFF, 0xFF, 0xFF, 0xFF, 0xFF, 0xFF, 0xFF, 0xFF, 0xFF, 0xFF, 0xC0, 0x7C, 0x03, 0xE0, 0x1F,
    0x00, 0xF8, 0x07, 0xC0, 0x3E, 0x01, 0xF0, 0x0F, 0x80, 0x7C, 0x03, 0xE0, 0x1F, 0x00, 0xF8, 0x07,
    0xC0, 0x7E, 0xFF, 0xF7, 0xFF, 0xBF, 0xFD, 0xFF, 0xEF, 0xFF, 0x01, 0xF8, 0x0F, 0xC0, 0x7E, 0x03,
    0xF0, 0x1F, 0x80, 0x7C, 0x00, 0x3F, 0x00, 0x03, 0xF8, 0x00, 0x3F, 0x80, 0x03, 0xF8, 0x00, 0x3F,
    0x80, 0x03, 0xF8, 0x00, 0x3F, 0x80, 0x03, 0xF8, 0xC0, 0x3F, 0xFC, 0x03, 0xFF, 0xC0, 0x7F, 0xFC,
    0x0F, 0xFF, 0xC0, 0xFF, 0xF0, 0x0F, 0xF8, 0x00, 0xFF, 0x80, 0x03, 0xF8, 0x00, 0x3F, 0x80, 0x03,
    0xF8, 0x00, 0x3F, 0x80, 0x03, 0xF8, 0x00, 0x3F, 0xFF, 0xF3, 0xFF, 0xFF, 0x3F, 0xFF, 0xF3, 0xFF,
    0xFF, 0x3F, 0xFF, 0xF0, 0x1F, 0x03, 0xE0, 0x7C, 0x0F, 0x81, 0xF0, 0x3E, 0x07, 0xC0, 0xF8, 0x1F,
    0x03, 0xFC, 0x7F, 0x8F, 0xF1, 0xFE, 0x7F, 0x9F, 0xE7, 0xF8, 0xFF, 0x1F, 0xE3, 0xFC, 0x6F, 0x81,
    0xF0, 0x7E, 0x0F, 0xC1, 0xF8, 0x1F, 0x00, 0x00, 0x00, 0x00, 0x00, 0x70, 0x00, 0x0F, 0xC0, 0x03,
    0xFE, 0x00, 0x3F, 0xF0, 0x01, 0xF8, 0x00, 0x0C, 0x00, 0x00, 0x00, 0x00, 0xFC, 0x00, 0xFF, 0xF0,
    0x07, 0xFF, 0xC0, 0x3F, 0xFE, 0x01, 0xFF, 0xF8, 0x0F, 0xFF, 0xE0, 0x7F, 0xFF, 0x03, 0xFF, 0xFC,
    0x1F, 0xFF, 0xF0, 0xFF, 0xFF, 0xC7, 0xFF, 0xFE, 0x3F, 0xFF, 0xF9, 0xFF, 0xDF, 0xEF, 0xFE, 0x7F,
    0x7F, 0xF3, 0xFF, 0xFF, 0x8F, 0xFF, 0xFC, 0x3F, 0xFF, 0xE0, 0xFF, 0xFF, 0x07, 0xFF, 0xF8, 0x1F,
    0xFF, 0xC0, 0x7F, 0xFE, 0x03, 0xFF, 0xF0, 0x0F, 0xFF, 0x80, 0x3F, 0xF8, 0x00, 0xF8, 0x00, 0x00,
    0x00, 0x0F, 0x00, 0x0F, 0xC0, 0x1F, 0xF0, 0x0F, 0xFC, 0x03, 0xF0, 0x00, 0x60, 0x00, 0x00, 0x00,
    0x7C, 0x7E, 0x3F, 0x7F, 0xCF, 0xFF, 0xFB, 0xFF, 0xFE, 0xFF, 0x1F, 0xFF, 0x83, 0xFF, 0xC0, 0xFF,
    0xF0, 0x3F, 0xFC, 0x0F, 0xFF, 0x03, 0xFF, 0xC0, 0xFF, 0xF0, 0x3F, 0xFC, 0x0F, 0xFF, 0x03, 0xFF,
    0xC0, 0xFF, 0xF0, 0x3F, 0xFC, 0x0F, 0xDF, 0x03, 0xE0, 0xFC, 0x00, 0xFF, 0xF0, 0x07, 0xFF, 0xC0,
    0x3F, 0xFE, 0x01, 0xFF, 0xF8, 0x0F, 0xFF, 0xE0, 0x7F, 0xFF, 0x03, 0xFF, 0xFC, 0x1F, 0xFF, 0xF0,
    0xFF, 0xFF, 0xC7, 0xFF, 0xFE, 0x3F, 0xFF, 0xF9, 0xFF, 0xDF, 0xEF, 0xFE, 0x7F, 0x7F, 0xF3, 0xFF,
    0xFF, 0x8F, 0xFF, 0xFC, 0x3F, 0xFF, 0xE0, 0xFF, 0xFF, 0x07, 0xFF, 0xF8, 0x1F, 0xFF, 0xC0, 0x7F,
    0xFE, 0x03, 0xFF, 0xF0, 0x0F, 0xFF, 0x80, 0x3F, 0xF8, 0x00, 0xF8, 0x00, 0x00, 0x00, 0x00, 0x00,
    0x01, 0xF0, 0x00, 0x0F, 0x80, 0x00, 0x7C, 0x00, 0x01, 0xE0, 0x00, 0x0E, 0x00, 0x00, 0x60, 0x00,
    0x00, 0x00, 0x00, 0x7C, 0x7E, 0x3F, 0x7F, 0xCF, 0xFF, 0xFB, 0xFF, 0xFE, 0xFF, 0x1F, 0xFF, 0x83,
    0xFF, 0xC0, 0xFF, 0xF0, 0x3F, 0xFC, 0x0F, 0xFF, 0x03, 0xFF, 0xC0, 0xFF, 0xF0, 0x3F, 0xFC, 0x0F,
    0xFF, 0x03, 0xFF, 0xC0, 0xFF, 0xF0, 0x3F, 0xFC, 0x0F, 0xDF, 0x03, 0xE0, 0x00, 0x00, 0x00, 0x00,
    0x01, 0xE0, 0x00, 0x78, 0x00, 0x1E, 0x00, 0x03, 0x80, 0x00, 0xC0, 0x00, 0x70, 0x00, 0x00, 0x00,
    0x07, 0x8F, 0x80, 0x3E, 0xF8, 0x00, 0xFF, 0x80, 0x03, 0xF8, 0x00, 0x0F, 0x80, 0x00, 0x00, 0x00,
    0x00, 0x00, 0x1F, 0x80, 0x1F, 0xFE, 0x00, 0xFF, 0xF8, 0x07, 0xFF, 0xC0, 0x3F, 0xFF, 0x01, 0xFF,
    0xFC, 0x0F, 0xFF, 0xE0, 0x7F, 0xFF, 0x83, 0xFF, 0xFE, 0x1F, 0xFF, 0xF8, 0xFF, 0xFF, 0xC7, 0xFF,
    0xFF, 0x3F, 0xFB, 0xFD, 0xFF, 0xCF, 0xEF, 0xFE, 0x7F, 0xFF, 0xF1, 0xFF, 0xFF, 0x87, 0xFF, 0xFC,
    0x1F, 0xFF, 0xE0, 0xFF, 0xFF, 0x03, 0xFF, 0xF8, 0x0F, 0xFF, 0xC0, 0x7F, 0xFE, 0x01, 0xFF, 0xF0,
    0x07, 0xFF, 0x00, 0x1F, 0x1E, 0x1E, 0x03, 0xCF, 0x80, 0x7F, 0xC0, 0x1F, 0xE0, 0x03, 0xF0, 0x00,
    0x00, 0x00, 0x00, 0x01, 0xF1, 0xF8, 0xFD, 0xFF, 0x3F, 0xFF, 0xEF, 0xFF, 0xFB, 0xFC, 0x7F, 0xFE,
    0x0F, 0xFF, 0x03, 0xFF, 0xC0, 0xFF, 0xF0, 0x3F, 0xFC, 0x0F, 0xFF, 0x03, 0xFF, 0xC0, 0xFF, 0xF0,
    0x3F, 0xFC, 0x0F, 0xFF, 0x03, 0xFF, 0xC0, 0xFF, 0xF0, 0x3F, 0x7C, 0x0F, 0x80, 0xF0, 0x00, 0x03,
    0xC0, 0x00, 0x0F, 0x00, 0x00, 0x3C, 0x00, 0x00, 0xF0, 0x00, 0x01, 0xC0, 0x00, 0x07, 0x00, 0x00,
    0x39, 0xF1, 0xF8, 0xEF, 0xDF, 0xF3, 0xBF, 0xFF, 0xE0, 0xFF, 0xFF, 0x83, 0xFC, 0x7F, 0x0F, 0xE0,
    0xFC, 0x3F, 0x03, 0xF0, 0xFC, 0x0F, 0xC3, 0xF0, 0x3F, 0x0F, 0xC0, 0xFC, 0x3F, 0x03, 0xF0, 0xFC,
    0x0F, 0xC3, 0xF0, 0x3F, 0x0F, 0xC0, 0xFC, 0x3F, 0x03, 0xF0, 0xFC, 0x0F, 0xC3, 0xF0, 0x3F, 0x07,
    0xC0, 0xF8, 0xFC, 0x00, 0xFF, 0xF0, 0x07, 0xFF, 0xC0, 0x3F, 0xFE, 0x01, 0xFF, 0xF8, 0x0F, 0xFF,
    0xE0, 0x7F, 0xFF, 0x83, 0xFF, 0xFC, 0x1F, 0xFF, 0xF0, 0xFF, 0xFF, 0xC7, 0xFF, 0xFF, 0x3F, 0xFF,
    0xF9, 0xFF, 0xDF, 0xEF, 0xFE, 0x7F, 0xFF, 0xF1, 0xFF, 0xFF, 0x8F, 0xFF, 0xFC, 0x3F, 0xFF, 0xE0,
    0xFF, 0xFF, 0x03, 0xFF, 0xF8, 0x0F, 0xFF, 0xC0, 0x7F, 0xFE, 0x01, 0xFF, 0xF0, 0x07, 0xFF, 0x80,
    0x3F, 0xF8, 0x01, 0xF8, 0x00, 0x0F, 0xC0, 0x0F, 0xFE, 0x00, 0xFF, 0xF0, 0x07, 0xFF, 0x00, 0x3F,
    0xF8, 0x00, 0xFF, 0x00, 0x7C, 0x7E, 0x1F, 0x7F, 0xC7, 0xFF, 0xF9, 0xFF, 0xFE, 0x7F, 0x1F, 0xDF,
    0x83, 0xF7, 0xC0, 0xFD, 0xF0, 0x3F, 0x7C, 0x0F, 0xFF, 0x03, 0xFF, 0xC0, 0xFF, 0xF0, 0x3F, 0xFC,
    0x0F, 0xFF, 0x03, 0xFF, 0xC0, 0xFF, 0xF0, 0x3F, 0xFC, 0x0F, 0xDF, 0x03, 0xF0, 0x00, 0xFC, 0x01,
    0xFE, 0x00, 0x7F, 0x80, 0x1F, 0xE0, 0x07, 0xF0, 0x01, 0xF0, 0x03, 0xFF, 0xC0, 0x07, 0xFF, 0xC0,
    0x07, 0xFF, 0xC0, 0x03, 0xFF, 0xC0, 0x00, 0x00, 0x00, 0x00, 0x00, 0x00, 0x00, 0x00, 0x00, 0x01,
    0xFF, 0x80, 0x07, 0xFF, 0xE0, 0x0F, 0xFF, 0xF0, 0x1F, 0xFF, 0xF8, 0x3F, 0xE7, 0xFC, 0x3F, 0x81,
    0xFC, 0x7F, 0x00, 0xFE, 0x7F, 0x00, 0xFE, 0x7E, 0x00, 0xFE, 0xFE, 0x00, 0x7E, 0xFE, 0x00, 0x7F,
    0xFE, 0x00, 0x7F, 0xFE, 0x00, 0x7F, 0xFE, 0x00, 0x7F, 0xFE, 0x00, 0x7F, 0xFE, 0x00, 0x7E, 0x7E,
    0x00, 0x7E, 0x7F, 0x00, 0xFE, 0x7F, 0x00, 0xFE, 0x3F, 0x81, 0xFC, 0x3F, 0xC3, 0xFC, 0x1F, 0xFF,
    0xF8, 0x0F, 0xFF, 0xF0, 0x07, 0xFF, 0xE0, 0x03, 0xFF, 0x80, 0x00, 0x3C, 0x00, 0x1F, 0xFE, 0x07,
    0xFF, 0x81, 0xFF, 0xE0, 0x7F, 0xF8, 0x00, 0x00, 0x00, 0x00, 0x00, 0x00, 0x00, 0x1F, 0xE0, 0x1F,
    0xFE, 0x0F, 0xFF, 0xC7, 0xFF, 0xF9, 0xF8, 0x7E, 0xFC, 0x0F, 0xFF, 0x03, 0xFF, 0xC0, 0xFF, 0xF0,
    0x3F, 0xFC, 0x0F, 0xFF, 0x03, 0xFF, 0xC0, 0xFF, 0xF0, 0x3F, 0x7E, 0x1F, 0x9F, 0xCF, 0xE3, 0xFF,
    0xF0, 0x7F, 0xF8, 0x0F, 0xFC, 0x00, 0x78, 0x00, 0x03, 0x83, 0xC0, 0x03, 0xE7, 0xC0, 0x03, 0xFF,
    0x80, 0x01, 0xFF, 0x00, 0x00, 0x7E, 0x00, 0x00, 0x00, 0x00, 0x00, 0x00, 0x00, 0x01, 0xFF, 0x80,
    0x07, 0xFF, 0xE0, 0x0F, 0xFF, 0xF0, 0x1F, 0xFF, 0xF8, 0x3F, 0xE7, 0xFC, 0x3F, 0x81, 0xFC, 0x7F,
    0x00, 0xFE, 0x7F, 0x00, 0xFE, 0x7E, 0x00, 0xFE, 0xFE, 0x00, 0x7E, 0xFE, 0x00, 0x7F, 0xFE, 0x00,
    0x7F, 0xFE, 0x00, 0x7F, 0xFE, 0x00, 0x7F, 0xFE, 0x00, 0x7F, 0xFE, 0x00, 0x7E, 0x7E, 0x00, 0x7E,
    0x7F, 0x00, 0xFE, 0x7F, 0x00, 0xFE, 0x3F, 0x81, 0xFC, 0x3F, 0xC3, 0xFC, 0x1F, 0xFF, 0xF8, 0x0F,
    0xFF, 0xF0, 0x07, 0xFF, 0xE0, 0x03, 0xFF, 0x80, 0x00, 0x3C, 0x00, 0x1E, 0x1E, 0x07, 0xCF, 0x80,
    0xFF, 0xC0, 0x3F, 0xE0, 0x03, 0xF0, 0x00, 0x00, 0x00, 0x00, 0x00, 0x1F, 0xE0, 0x1F, 0xFE, 0x0F,
    0xFF, 0xC7, 0xFF, 0xF9, 0xF8, 0x7E, 0xFC, 0x0F, 0xFF, 0x03, 0xFF, 0xC0, 0xFF, 0xF0, 0x3F, 0xFC,
    0x0F, 0xFF, 0x03, 0xFF, 0xC0, 0xFF, 0xF0, 0x3F, 0x7E, 0x1F, 0x9F, 0xCF, 0xE3, 0xFF, 0xF0, 0x7F,
    0xF8, 0x0F, 0xFC, 0x00, 0x78, 0x00, 0x00, 0x00, 0x00, 0x00, 0x70, 0xC0, 0x00, 0xF1, 0xE0, 0x01,
    0xFB, 0xE0, 0x03, 0xF7, 0xC0, 0x07, 0xCF, 0x80, 0x03, 0x8E, 0x00, 0x00, 0x00, 0x00, 0x01, 0xFF,
    0x80, 0x07, 0xFF, 0xE0, 0x0F, 0xFF, 0xF0, 0x1F, 0xFF, 0xF8, 0x3F, 0xE7, 0xFC, 0x3F, 0x81, 0xFC,
    0x7F, 0x00, 0xFE, 0x7F, 0x00, 0xFE, 0x7E, 0x00, 0xFE, 0xFE, 0x00, 0x7E, 0xFE, 0x00, 0x7F, 0xFE,
    0x00, 0x7F, 0xFE, 0x00, 0x7F, 0xFE, 0x00, 0x7F, 0xFE, 0x00, 0x7F, 0xFE, 0x00, 0x7E, 0x7E, 0x00,
    0x7E, 0x7F, 0x00, 0xFE, 0x7F, 0x00, 0xFE, 0x3F, 0x81, 0xFC, 0x3F, 0xC3, 0xFC, 0x1F, 0xFF, 0xF8,
    0x0F, 0xFF, 0xF0, 0x07, 0xFF, 0xE0, 0x03, 0xFF, 0x80, 0x00, 0x3C, 0x00, 0x00, 0x00, 0x00, 0xE1,
    0x80, 0x7C, 0xF0, 0x3F, 0x7C, 0x1F, 0xBF, 0x0F, 0x9F, 0x01, 0xC3, 0x00, 0x00, 0x00, 0x07, 0xF8,
    0x07, 0xFF, 0x83, 0xFF, 0xF1, 0xFF, 0xFE, 0x7E, 0x1F, 0xBF, 0x03, 0xFF, 0xC0, 0xFF, 0xF0, 0x3F,
    0xFC, 0x0F, 0xFF, 0x03, 0xFF, 0xC0, 0xFF, 0xF0, 0x3F, 0xFC, 0x0F, 0xDF, 0x87, 0xE7, 0xF3, 0xF8,
    0xFF, 0xFC, 0x1F, 0xFE, 0x03, 0xFF, 0x00, 0x1E, 0x00, 0x00, 0x00, 0x00, 0x00, 0x00, 0x1F, 0xF7,
    0xFF, 0xFE, 0x07, 0xFF, 0xFF, 0xFF, 0xE0, 0xFF, 0xFF, 0xFF, 0xFE, 0x1F, 0xFF, 0xFF, 0xFF, 0xE3,
    0xFE, 0x7F, 0xFF, 0xFE, 0x3F, 0x81, 0xFE, 0x00, 0x07, 0xF0, 0x0F, 0xE0, 0x00, 0x7F, 0x00, 0xFE,
    0x00, 0x07, 0xE0, 0x07, 0xE0, 0x00, 0xFE, 0x00, 0x7E, 0x00, 0x0F, 0xE0, 0x07, 0xFF, 0xE0, 0xFE,
    0x00, 0x7F, 0xFE, 0x0F, 0xE0, 0x07, 0xFF, 0xE0, 0xFE, 0x00, 0x7F, 0xFE, 0x0F, 0xE0, 0x07, 0xFF,
    0xE0, 0xFE, 0x00, 0x7E, 0x00, 0x0F, 0xE0, 0x07, 0xE0, 0x00, 0x7F, 0x00, 0xFE, 0x00, 0x07, 0xF0,
    0x0F, 0xE0, 0x00, 0x7F, 0x81, 0xFE, 0x00, 0x03, 0xFC, 0x3F, 0xFF, 0xFE, 0x1F, 0xFF, 0xFF, 0xFF,
    0xF1, 0xFF, 0xFF, 0xFF, 0xFF, 0x07, 0xFF, 0xFF, 0xFF, 0xF0, 0x3F, 0xF7, 0xFF, 0xFF, 0x00, 0x78,
    0x00, 0x00, 0x00, 0x07, 0xF8, 0x3F, 0xC0, 0x3F, 0xF9, 0xFF, 0xC0, 0xFF, 0xFF, 0xFF, 0xC3, 0xFF,
    0xFF, 0xFF, 0xC7, 0xE1, 0xFE, 0x0F, 0xDF, 0x81, 0xFC, 0x1F, 0xBF, 0x03, 0xF0, 0x1F, 0x7E, 0x07,
    0xFF, 0xFE, 0xFC, 0x0F, 0xFF, 0xFF, 0xF8, 0x1F, 0xFF, 0xFF, 0xF0, 0x3F, 0xFF, 0xE7, 0xE0, 0x7E,
    0x00, 0x0F, 0xC0, 0xFE, 0x03, 0x0F, 0xC3, 0xFC, 0x0F, 0x9F, 0xCF, 0xFF, 0xFF, 0x1F, 0xFF, 0xFF,
    0xFC, 0x1F, 0xFE, 0xFF, 0xF0, 0x1F, 0xF8, 0xFF, 0xC0, 0x07, 0x80, 0x3C, 0x00, 0x00, 0x00, 0x00,
    0x00, 0xE0, 0x00, 0x3F, 0x80, 0x07, 0xFC, 0x00, 0x7F, 0xC0, 0x03, 0xF0, 0x00, 0x18, 0x00, 0x00,
    0x00, 0x00, 0xFF, 0xFF, 0x07, 0xFF, 0xFE, 0x3F, 0xFF, 0xF9, 0xFF, 0xFF, 0xEF, 0xFF, 0xFF, 0xFF,
    0x01, 0xFF, 0xF8, 0x0F, 0xFF, 0xC0, 0x7F, 0xFE, 0x03, 0xFF, 0xF0, 0x3F, 0xFF, 0xFF, 0xFD, 0xFF,
    0xFF, 0xEF, 0xFF, 0xFE, 0x7F, 0xFF, 0xC3, 0xFF, 0xFE, 0x1F, 0xC7, 0xF0, 0xFE, 0x1F, 0x87, 0xF0,
    0xFE, 0x3F, 0x83, 0xF1, 0xFC, 0x1F, 0xCF, 0xE0, 0xFE, 0x7F, 0x03, 0xFB, 0xF8, 0x1F, 0xDF, 0xC0,
    0x7F, 0xFC, 0x03, 0xF8, 0x00, 0x00, 0x07, 0x01, 0xF8, 0x3F, 0xE7, 0xFE, 0x1F, 0x80, 0xC0, 0x00,
    0x00, 0x7C, 0xFF, 0xEF, 0xFF, 0xFF, 0xFF, 0xFF, 0xFF, 0xFF, 0x83, 0xF8, 0x1F, 0x80, 0xFC, 0x07,
    0xE0, 0x3F, 0x01, 0xF8, 0x0F, 0xC0, 0x7E, 0x03, 0xF0, 0x1F, 0x80, 0xFC, 0x03, 0xE0, 0x00, 0xFF,
    0xFF, 0x07, 0xFF, 0xFE, 0x3F, 0xFF, 0xF9, 0xFF, 0xFF, 0xEF, 0xFF, 0xFF, 0xFF, 0x01, 0xFF, 0xF8,
    0x0F, 0xFF, 0xC0, 0x7F, 0xFE, 0x03, 0xFF, 0xF0, 0x3F, 0xFF, 0xFF, 0xFD, 0xFF, 0xFF, 0xEF, 0xFF,
    0xFE, 0x7F, 0xFF, 0xC3, 0xFF, 0xFE, 0x1F, 0xC7, 0xF0, 0xFE, 0x1F, 0x87, 0xF0, 0xFE, 0x3F, 0x83,
    0xF1, 0xFC, 0x1F, 0xCF, 0xE0, 0xFE, 0x7F, 0x03, 0xFB, 0xF8, 0x1F, 0xDF, 0xC0, 0x7F, 0xFC, 0x03,
    0xF8, 0x00, 0x00, 0x00, 0x00, 0x00, 0x01, 0xE0, 0x00, 0x0F, 0x00, 0x00, 0x78, 0x00, 0x01, 0xC0,
    0x00, 0x0C, 0x00, 0x00, 0xE0, 0x00, 0x00, 0x00, 0x00, 0x7C, 0xFF, 0xEF, 0xFF, 0xFF, 0xFF, 0xFF,
    0xFF, 0xFF, 0x83, 0xF8, 0x1F, 0x80, 0xFC, 0x07, 0xE0, 0x3F, 0x01, 0xF8, 0x0F, 0xC0, 0x7E, 0x03,
    0xF0, 0x1F, 0x80, 0xFC, 0x03, 0xE0, 0x00, 0x00, 0x00, 0x03, 0xC0, 0x1E, 0x00, 0xF0, 0x07, 0x80,
    0x38, 0x01, 0x80, 0x00, 0x00, 0x1F, 0x1F, 0x00, 0x7D, 0xF0, 0x01, 0xFF, 0x00, 0x07, 0xF0, 0x00,
    0x1F, 0x00, 0x00, 0x00, 0x00, 0x00, 0x00, 0x1F, 0xFF, 0xE0, 0xFF, 0xFF, 0xC7, 0xFF, 0xFF, 0x3F,
    0xFF, 0xFD, 0xFF, 0xFF, 0xFF, 0xE0, 0x3F, 0xFF, 0x01, 0xFF, 0xF8, 0x0F, 0xFF, 0xC0, 0x7F, 0xFE,
    0x07, 0xFF, 0xFF, 0xFF, 0xBF, 0xFF, 0xFD, 0xFF, 0xFF, 0xCF, 0xFF, 0xF8, 0x7F, 0xFF, 0xC3, 0xF8,
    0xFE, 0x1F, 0xC3, 0xF0, 0xFE, 0x1F, 0xC7, 0xF0, 0x7E, 0x3F, 0x83, 0xF9, 0xFC, 0x1F, 0xCF, 0xE0,
    0x7F, 0x7F, 0x03, 0xFB, 0xF8, 0x0F, 0xFF, 0x80, 0x7F, 0xF8, 0xFB, 0xEF, 0x8F, 0xF8, 0x3F, 0x80,
    0xF8, 0x00, 0x00, 0x00, 0x0F, 0x9F, 0xFD, 0xFF, 0xFF, 0xFF, 0xFF, 0xFF, 0xFF, 0xF0, 0x7F, 0x03,
    0xF0, 0x1F, 0x80, 0xFC, 0x07, 0xE0, 0x3F, 0x01, 0xF8, 0x0F, 0xC0, 0x7E, 0x03, 0xF0, 0x1F, 0x80,
    0x7C, 0x00, 0x00, 0x00, 0x00, 0x00, 0x70, 0x00, 0x1F, 0x80, 0x03, 0xFE, 0x00, 0x7F, 0xE0, 0x01,
    0xF8, 0x00, 0x0C, 0x00, 0x00, 0x00, 0x00, 0x03, 0xFF, 0x00, 0x7F, 0xFE, 0x07, 0xFF, 0xF8, 0x7F,
    0xFF, 0xE7, 0xF8, 0xFE, 0x3F, 0x01, 0xE1, 0xF8, 0x06, 0x0F, 0xC0, 0x00, 0x7F, 0x00, 0x03, 0xFF,
    0x00, 0x1F, 0xFF, 0x80, 0x7F, 0xFF, 0x01, 0xFF, 0xFE, 0x07, 0xFF, 0xF0, 0x0F, 0xFF, 0xC0, 0x0F,
    0xFE, 0x00, 0x07, 0xF8, 0x00, 0x1F, 0xCE, 0x00, 0xFE, 0xF8, 0x07, 0xEF, 0xE0, 0x7F, 0x7F, 0xFF,
    0xF9, 0xFF, 0xFF, 0x87, 0xFF, 0xF8, 0x0F, 0xFF, 0x00, 0x07, 0xC0, 0x00, 0x00, 0x00, 0x00, 0x1C,
    0x00, 0x7E, 0x00, 0xFF, 0x80, 0xFF, 0x80, 0x7E, 0x00, 0x30, 0x00, 0x00, 0x00, 0x07, 0xF8, 0x0F,
    0xFF, 0x0F, 0xFF, 0xCF, 0xFF, 0xE7, 0xC0, 0xF3, 0xF0, 0x01, 0xFF, 0x00, 0xFF, 0xF0, 0x3F, 0xFE,
    0x0F, 0xFF, 0x83, 0xFF, 0xE0, 0x1F, 0xF1, 0x01, 0xFB, 0xC0, 0x7F, 0xF8, 0xFE, 0xFF, 0xFE, 0x3F,
    0xFE, 0x0F, 0xFE, 0x00, 0xF8, 0x00, 0x00, 0xF8, 0x00, 0x0F, 0xE0, 0x00, 0xFF, 0x80, 0x0F, 0xBE,
    0x00, 0xF8, 0xF8, 0x00, 0x00, 0x00, 0x00, 0x00, 0x00, 0x7F, 0xE0, 0x0F, 0xFF, 0xC0, 0xFF, 0xFF,
    0x0F, 0xFF, 0xFC, 0xFF, 0x1F, 0xC7, 0xE0, 0x3C, 0x3F, 0x00, 0xC1, 0xF8, 0x00, 0x0F, 0xE0, 0x00,
    0x7F, 0xE0, 0x03, 0xFF, 0xF0, 0x0F, 0xFF, 0xE0, 0x3F, 0xFF, 0xC0, 0xFF, 0xFE, 0x01, 0xFF, 0xF8,
    0x01, 0xFF, 0xC0, 0x00, 0xFF, 0x00, 0x03, 0xF9, 0xC0, 0x1F, 0xDF, 0x00, 0xFD, 0xFC, 0x0F, 0xEF,
    0xFF, 0xFF, 0x3F, 0xFF, 0xF0, 0xFF, 0xFF, 0x01, 0xFF, 0xE0, 0x00, 0xF8, 0x00, 0x03, 0xE0, 0x03,
    0xF8, 0x03, 0xFE, 0x03, 0xEF, 0x83, 0xE3, 0xE0, 0x00, 0x00, 0x00, 0x00, 0x0F, 0xF0, 0x1F, 0xFE,
    0x1F, 0xFF, 0x9F, 0xFF, 0xCF, 0x81, 0xE7, 0xE0, 0x03, 0xFE, 0x01, 0xFF, 0xE0, 0x7F, 0xFC, 0x1F,
    0xFF, 0x07, 0xFF, 0xC0, 0x3F, 0xE2, 0x03, 0xF7, 0x80, 0xFF, 0xF1, 0xFD, 0xFF, 0xFC, 0x7F, 0xFC,
    0x1F, 0xFC, 0x01, 0xF0, 0x00, 0x00, 0x00, 0x00, 0x1F, 0xF8, 0x03, 0xFF, 0xF0, 0x3F, 0xFF, 0xC3,
    0xFF, 0xFF, 0x3F, 0xC7, 0xF1, 0xF8, 0x0F, 0x0F, 0xC0, 0x30, 0x7E, 0x00, 0x03, 0xF8, 0x00, 0x1F,
    0xF8, 0x00, 0xFF, 0xFC, 0x03, 0xFF, 0xF8, 0x0F, 0xFF, 0xF0, 0x3F, 0xFF, 0x80, 0x7F, 0xFE, 0x00,
    0x7F, 0xF0, 0x00, 0x3F, 0xC0, 0x00, 0xFE, 0x70, 0x07, 0xF7, 0xC0, 0x3F, 0x7F, 0x03, 0xFB, 0xFF,
    0xFF, 0xCF, 0xFF, 0xFC, 0x3F, 0xFF, 0xC0, 0x7F, 0xF8, 0x00, 0x3E, 0x00, 0x01, 0xE0, 0x00, 0x0F,
    0xC0, 0x00, 0x1F, 0x00, 0x04, 0x78, 0x00, 0x7F, 0xC0, 0x03, 0xFC, 0x00, 0x07, 0x80, 0x00, 0x07,
    0xF8, 0x0F, 0xFF, 0x0F, 0xFF, 0xCF, 0xFF, 0xE7, 0xC0, 0xF3, 0xF0, 0x01, 0xFF, 0x00, 0xFF, 0xF0,
    0x3F, 0xFE, 0x0F, 0xFF, 0x83, 0xFF, 0xE0, 0x1F, 0xF1, 0x01, 0xFB, 0xC0, 0x7F, 0xF8, 0xFE, 0xFF,
    0xFE, 0x3F, 0xFE, 0x0F, 0xFE, 0x00, 0xF8, 0x00, 0x38, 0x00, 0x3F, 0x00, 0x07, 0xC0, 0x11, 0xE0,
    0x1F, 0xF0, 0x0F, 0xF0, 0x00, 0xE0, 0x00, 0x0F, 0x8F, 0x80, 0x3E, 0xF8, 0x00, 0xFF, 0x80, 0x03,
    0xF8, 0x00, 0x0F, 0x80, 0x00, 0x00, 0x00, 0x00, 0x00, 0x00, 0x7F, 0xE0, 0x0F, 0xFF, 0xC0, 0xFF,
    0xFF, 0x0F, 0xFF, 0xFC, 0xFF, 0x1F, 0xC7, 0xE0, 0x3C, 0x3F, 0x00, 0xC1, 0xF8, 0x00, 0x0F, 0xE0,
    0x00, 0x7F, 0xE0, 0x03, 0xFF, 0xF0, 0x0F, 0xFF, 0xE0, 0x3F, 0xFF, 0xC0, 0xFF, 0xFE, 0x01, 0xFF,
    0xF8, 0x01, 0xFF, 0xC0, 0x00, 0xFF, 0x00, 0x03, 0xF9, 0xC0, 0x1F, 0xDF, 0x00, 0xFD, 0xFC, 0x0F,
    0xEF, 0xFF, 0xFF, 0x3F, 0xFF, 0xF0, 0xFF, 0xFF, 0x01, 0xFF, 0xE0, 0x00, 0xF8, 0x00, 0x3E, 0x3E,
    0x0F, 0xBE, 0x03, 0xFE, 0x00, 0xFE, 0x00, 0x3E, 0x00, 0x00, 0x00, 0x00, 0x00, 0x0F, 0xF0, 0x1F,
    0xFE, 0x1F, 0xFF, 0x9F, 0xFF, 0xCF, 0x81, 0xE7, 0xE0, 0x03, 0xFE, 0x01, 0xFF, 0xE0, 0x7F, 0xFC,
    0x1F, 0xFF, 0x07, 0xFF, 0xC0, 0x3F, 0xE2, 0x03, 0xF7, 0x80, 0xFF, 0xF1, 0xFD, 0xFF, 0xFC, 0x7F,
    0xFC, 0x1F, 0xFC, 0x01, 0xF0, 0x00, 0xFF, 0xFF, 0xFF, 0xFF, 0xFF, 0xFF, 0xFF, 0xFF, 0xFF, 0xFF,
    0xFF, 0xFF, 0xFF, 0x80, 0xFE, 0x00, 0x07, 0xF0, 0x00, 0x3F, 0x80, 0x01, 0xFC, 0x00, 0x0F, 0xE0,
    0x00, 0x7F, 0x00, 0x03, 0xF8, 0x00, 0x1F, 0xC0, 0x00, 0xFE, 0x00, 0x07, 0xF0, 0x00, 0x3F, 0x80,
    0x01, 0xFC, 0x00, 0x0F, 0xE0, 0x00, 0x7F, 0x00, 0x03, 0xF8, 0x00, 0x1F, 0xC0, 0x00, 0xFE, 0x00,
    0x07, 0xF0, 0x00, 0x3F, 0x80, 0x01, 0xFC, 0x00, 0x03, 0x80, 0x00, 0x3C, 0x00, 0x01, 0xF8, 0x00,
    0x03, 0xE0, 0x00, 0x0F, 0x00, 0x0F, 0xF8, 0x00, 0x7F, 0x80, 0x00, 0xF0, 0x00, 0x0F, 0x80, 0x3E,
    0x00, 0xF8, 0x03, 0xE0, 0x0F, 0x80, 0x3E, 0x0F, 0xFF, 0xFF, 0xFF, 0xFF, 0xFF, 0xFF, 0xF1, 0xF8,
    0x07, 0xE0, 0x1F, 0x80, 0x7E, 0x01, 0xF8, 0x07, 0xE0, 0x1F, 0x80, 0x7E, 0x01, 0xF8, 0x07, 0xF0,
    0x1F, 0xFC, 0x3F, 0xF0, 0xFF, 0xC1, 0xFF, 0x01, 0xC0, 0x0F, 0x00, 0x3F, 0x00, 0x3E, 0x04, 0x78,
    0x3F, 0xE0, 0xFF, 0x00, 0x70, 0x0F, 0x8F, 0x80, 0x3E, 0xF8, 0x00, 0xFF, 0x80, 0x03, 0xF8, 0x00,
    0x0F, 0x80, 0x00, 0x00, 0x00, 0x00, 0x00, 0x1F, 0xFF, 0xFF, 0xFF, 0xFF, 0xFF, 0xFF, 0xFF, 0xFF,
    0xFF, 0xFF, 0xFF, 0xFF, 0xF0, 0x1F, 0xC0, 0x00, 0xFE, 0x00, 0x07, 0xF0, 0x00, 0x3F, 0x80, 0x01,
    0xFC, 0x00, 0x0F, 0xE0, 0x00, 0x7F, 0x00, 0x03, 0xF8, 0x00, 0x1F, 0xC0, 0x00, 0xFE, 0x00, 0x07,
    0xF0, 0x00, 0x3F, 0x80, 0x01, 0xFC, 0x00, 0x0F, 0xE0, 0x00, 0x7F, 0x00, 0x03, 0xF8, 0x00, 0x1F,
    0xC0, 0x00, 0xFE, 0x00, 0x07, 0xF0, 0x00, 0x3F, 0x80, 0x00, 0x3C, 0x00, 0x78, 0x00, 0xF0, 0x7D,
    0xE0, 0xF9, 0xC1, 0xF3, 0x83, 0xE7, 0x07, 0xDC, 0x0F, 0x81, 0xFF, 0xFB, 0xFF, 0xF7, 0xFF, 0xEF,
    0xFF, 0xC3, 0xF0, 0x07, 0xE0, 0x0F, 0xC0, 0x1F, 0x80, 0x3F, 0x00, 0x7E, 0x00, 0xFC, 0x01, 0xF8,
    0x03, 0xF0, 0x07, 0xF0, 0x0F, 0xFE, 0x0F, 0xFC, 0x1F, 0xF8, 0x1F, 0xF0, 0xFF, 0xFF, 0xFF, 0xFF,
    0xFF, 0xFF, 0xFF, 0xFF, 0xFF, 0xFF, 0xFF, 0xFF, 0xFF, 0x80, 0xFE, 0x00, 0x07, 0xF0, 0x00, 0x3F,
    0x80, 0x01, 0xFC, 0x00, 0x0F, 0xE0, 0x00, 0x7F, 0x00, 0x3F, 0xFF, 0x01, 0xFF, 0xF8, 0x0F, 0xFF,
    0xC0, 0x7F, 0xFE, 0x00, 0x3F, 0x80, 0x01, 0xFC, 0x00, 0x0F, 0xE0, 0x00, 0x7F, 0x00, 0x03, 0xF8,
    0x00, 0x1F, 0xC0, 0x00, 0xFE, 0x00, 0x07, 0xF0, 0x00, 0x3F, 0x80, 0x01, 0xFC, 0x00, 0x0F, 0x80,
    0x3E, 0x00, 0xF8, 0x03, 0xE0, 0x0F, 0x80, 0x3E, 0x0F, 0xFF, 0xFF, 0xFF, 0xFF, 0xFF, 0xFF, 0xF1,
    0xF8, 0x07, 0xE0, 0x1F, 0x81, 0xFF, 0xE7, 0xFF, 0x9F, 0xFC, 0x1F, 0x80, 0x7E, 0x01, 0xF8, 0x07,
    0xF0, 0x1F, 0xFC, 0x3F, 0xF0, 0xFF, 0xC1, 0xFF, 0x03, 0xE1, 0x00, 0xFF, 0xF8, 0x0F, 0xFF, 0x80,
    0x7F, 0xF0, 0x00, 0x00, 0x00, 0x00, 0x00, 0x00, 0x00, 0x0F, 0xC0, 0x1F, 0xFC, 0x01, 0xFF, 0xC0,
    0x1F, 0xFC, 0x01, 0xFF, 0xC0, 0x1F, 0xFC, 0x01, 0xFF, 0xC0, 0x1F, 0xFC, 0x01, 0xFF, 0xC0, 0x1F,
    0xFC, 0x01, 0xFF, 0xC0, 0x1F, 0xFC, 0x01, 0xFF, 0xC0, 0x1F, 0xFC, 0x01, 0xFF, 0xC0, 0x1F, 0xFC,
    0x01, 0xFF, 0xC0, 0x1F, 0xFC, 0x01, 0xFF, 0xE0, 0x3F, 0xFE, 0x03, 0xF7, 0xF8, 0xFF, 0x7F, 0xFF,
    0xE3, 0xFF, 0xFC, 0x1F, 0xFF, 0xC0, 0xFF, 0xF0, 0x01, 0xF8, 0x00, 0x0F, 0x84, 0x0F, 0xFF, 0x07,
    0xFF, 0x83, 0xFF, 0x80, 0x00, 0x00, 0x00, 0x00, 0x00, 0x00, 0xF8, 0x1F, 0xFC, 0x1F, 0xFE, 0x0F,
    0xFF, 0x07, 0xFF, 0x83, 0xFF, 0xC1, 0xFF, 0xE0, 0xFF, 0xF0, 0x7F, 0xF8, 0x3F, 0xFC, 0x1F, 0xFE,
    0x0F, 0xFF, 0x07, 0xFF, 0x83, 0xFF, 0xE3, 0xFF, 0xFF, 0xFD, 0xFF, 0xFE, 0xFF, 0xFF, 0x3F, 0xCF,
    0x87, 0x00, 0x00, 0x0F, 0xFF, 0x80, 0xFF, 0xF8, 0x0F, 0xFF, 0x80, 0xFF, 0xF8, 0x00, 0x00, 0x00,
    0x00, 0x00, 0x00, 0x00, 0x0F, 0xC0, 0x1F, 0xFC, 0x01, 0xFF, 0xC0, 0x1F, 0xFC, 0x01, 0xFF, 0xC0,
    0x1F, 0xFC, 0x01, 0xFF, 0xC0, 0x1F, 0xFC, 0x01, 0xFF, 0xC0, 0x1F, 0xFC, 0x01, 0xFF, 0xC0, 0x1F,
    0xFC, 0x01, 0xFF, 0xC0, 0x1F, 0xFC, 0x01, 0xFF, 0xC0, 0x1F, 0xFC, 0x01, 0xFF, 0xC0, 0x1F, 0xFC,
    0x01, 0xFF, 0xE0, 0x3F, 0xFE, 0x03, 0xF7, 0xF8, 0xFF, 0x7F, 0xFF, 0xE3, 0xFF, 0xFC, 0x1F, 0xFF,
    0xC0, 0xFF, 0xF0, 0x01, 0xF8, 0x00, 0x3F, 0xFE, 0x1F, 0xFF, 0x0F, 0xFF, 0x87, 0xFF, 0xC0, 0x00,
    0x00, 0x00, 0x00, 0x00, 0x00, 0xF8, 0x1F, 0xFC, 0x1F, 0xFE, 0x0F, 0xFF, 0x07, 0xFF, 0x83, 0xFF,
    0xC1, 0xFF, 0xE0, 0xFF, 0xF0, 0x7F, 0xF8, 0x3F, 0xFC, 0x1F, 0xFE, 0x0F, 0xFF, 0x07, 0xFF, 0x83,
    0xFF, 0xE3, 0xFF, 0xFF, 0xFD, 0xFF, 0xFE, 0xFF, 0xFF, 0x3F, 0xCF, 0x87, 0x00, 0x00, 0x0F, 0x07,
    0x80, 0xF8, 0xF0, 0x07, 0xFF, 0x00, 0x3F, 0xE0, 0x00, 0xF8, 0x00, 0x00, 0x00, 0x00, 0x00, 0x0F,
    0xC0, 0x1F, 0xFC, 0x01, 0xFF, 0xC0, 0x1F, 0xFC, 0x01, 0xFF, 0xC0, 0x1F, 0xFC, 0x01, 0xFF, 0xC0,
    0x1F, 0xFC, 0x01, 0xFF, 0xC0, 0x1F, 0xFC, 0x01, 0xFF, 0xC0, 0x1F, 0xFC, 0x01, 0xFF, 0xC0, 0x1F,
    0xFC, 0x01, 0xFF, 0xC0, 0x1F, 0xFC, 0x01, 0xFF, 0xC0, 0x1F, 0xFC, 0x01, 0xFF, 0xE0, 0x3F, 0xFE,
    0x03, 0xF7, 0xF8, 0xFF, 0x7F, 0xFF, 0xE3, 0xFF, 0xFC, 0x1F, 0xFF, 0xC0, 0xFF, 0xF0, 0x01, 0xF8,
    0x00, 0x3C, 0x1E, 0x0F, 0x1F, 0x07, 0xFF, 0x01, 0xFF, 0x00, 0x3F, 0x00, 0x00, 0x00, 0x00, 0x00,
    0xF8, 0x1F, 0xFC, 0x1F, 0xFE, 0x0F, 0xFF, 0x07, 0xFF, 0x83, 0xFF, 0xC1, 0xFF, 0xE0, 0xFF, 0xF0,
    0x7F, 0xF8, 0x3F, 0xFC, 0x1F, 0xFE, 0x0F, 0xFF, 0x07, 0xFF, 0x83, 0xFF, 0xE3, 0xFF, 0xFF, 0xFD,
    0xFF, 0xFE, 0xFF, 0xFF, 0x3F, 0xCF, 0x87, 0x00, 0x00, 0x00, 0x70, 0x00, 0x1F, 0x80, 0x01, 0xFC,
    0x00, 0x38, 0xC0, 0x03, 0x8E, 0x00, 0x1D, 0xC0, 0x01, 0xFC, 0x00, 0x0F, 0x80, 0x00, 0x00, 0x0F,
    0xC0, 0x1F, 0xFC, 0x01, 0xFF, 0xC0, 0x1F, 0xFC, 0x01, 0xFF, 0xC0, 0x1F, 0xFC, 0x01, 0xFF, 0xC0,
    0x1F, 0xFC, 0x01, 0xFF, 0xC0, 0x1F, 0xFC, 0x01, 0xFF, 0xC0, 0x1F, 0xFC, 0x01, 0xFF, 0xC0, 0x1F,
    0xFC, 0x01, 0xFF, 0xC0, 0x1F, 0xFC, 0x01, 0xFF, 0xC0, 0x1F, 0xFC, 0x01, 0xFF, 0xE0, 0x3F, 0xFE,
    0x03, 0xF7, 0xF8, 0xFF, 0x7F, 0xFF, 0xE3, 0xFF, 0xFC, 0x1F, 0xFF, 0xC0, 0xFF, 0xF0, 0x01, 0xF8,
    0x00, 0x01, 0xC0, 0x01, 0xF8, 0x01, 0xFC, 0x00, 0xC7, 0x00, 0x63, 0x80, 0x3B, 0xC0, 0x1F, 0xC0,
    0x07, 0xC0, 0x00, 0x00, 0x3E, 0x07, 0xFF, 0x07, 0xFF, 0x83, 0xFF, 0xC1, 0xFF, 0xE0, 0xFF, 0xF0,
    0x7F, 0xF8, 0x3F, 0xFC, 0x1F, 0xFE, 0x0F, 0xFF, 0x07, 0xFF, 0x83, 0xFF, 0xC1, 0xFF, 0xE0, 0xFF,
    0xF8, 0xFF, 0xFF, 0xFF, 0x7F, 0xFF, 0xBF, 0xFF, 0xCF, 0xF3, 0xE1, 0xC0, 0x00, 0x00, 0x00, 0x00,
    0x0C, 0x38, 0x01, 0xE7, 0xC0, 0x3E, 0xFC, 0x07, 0xDF, 0x80, 0xFB, 0xE0, 0x0E, 0x1C, 0x00, 0x00,
    0x00, 0xFC, 0x01, 0xFF, 0xC0, 0x1F, 0xFC, 0x01, 0xFF, 0xC0, 0x1F, 0xFC, 0x01, 0xFF, 0xC0, 0x1F,
    0xFC, 0x01, 0xFF, 0xC0, 0x1F, 0xFC, 0x01, 0xFF, 0xC0, 0x1F, 0xFC, 0x01, 0xFF, 0xC0, 0x1F, 0xFC,
    0x01, 0xFF, 0xC0, 0x1F, 0xFC, 0x01, 0xFF, 0xC0, 0x1F, 0xFC, 0x01, 0xFF, 0xC0, 0x1F, 0xFE, 0x03,
    0xFF, 0xE0, 0x3F, 0x7F, 0x8F, 0xF7, 0xFF, 0xFE, 0x3F, 0xFF, 0xC1, 0xFF, 0xFC, 0x0F, 0xFF, 0x00,
    0x1F, 0x80, 0x00, 0x00, 0x01, 0x83, 0x01, 0xE3, 0xC1, 0xFF, 0xE1, 0xFF, 0xE1, 0xF3, 0xE0, 0x71,
    0xC0, 0x00, 0x00, 0x7C, 0x0F, 0xFE, 0x0F, 0xFF, 0x07, 0xFF, 0x83, 0xFF, 0xC1, 0xFF, 0xE0, 0xFF,
    0xF0, 0x7F, 0xF8, 0x3F, 0xFC, 0x1F, 0xFE, 0x0F, 0xFF, 0x07, 0xFF, 0x83, 0xFF, 0xC1, 0xFF, 0xF1,
    0xFF, 0xFF, 0xFE, 0xFF, 0xFF, 0x7F, 0xFF, 0x9F, 0xE7, 0xC3, 0x80, 0x00, 0xFC, 0x01, 0xFF, 0xC0,
    0x1F, 0xFC, 0x01, 0xFF, 0xC0, 0x1F, 0xFC, 0x01, 0xFF, 0xC0, 0x1F, 0xFC, 0x01, 0xFF, 0xC0, 0x1F,
    0xFC, 0x01, 0xFF, 0xC0, 0x1F, 0xFC, 0x01, 0xFF, 0xC0, 0x1F, 0xFC, 0x01, 0xFF, 0xC0, 0x1F, 0xFC,
    0x01, 0xFF, 0xC0, 0x1F, 0xFC, 0x01, 0xFF, 0xC0, 0x1F, 0xFE, 0x03, 0xFF, 0xE0, 0x3F, 0x7F, 0x8F,
    0xF7, 0xFF, 0xFE, 0x3F, 0xFF, 0xC1, 0xFF, 0xFC, 0x0F, 0xFF, 0x00, 0x1F, 0x80, 0x01, 0xE0, 0x00,
    0x1E, 0x00, 0x01, 0xFE, 0x00, 0x1F, 0xE0, 0x00, 0xFC, 0x00, 0x7C, 0x0F, 0xBF, 0x07, 0xEF, 0xC1,
    0xFB, 0xF0, 0x7E, 0xFC, 0x1F, 0xBF, 0x07, 0xEF, 0xC1, 0xFB, 0xF0, 0x7E, 0xFC, 0x1F, 0xBF, 0x07,
    0xEF, 0xC1, 0xFB, 0xF0, 0x7E, 0xFC, 0x1F, 0xBF, 0x8F, 0xEF, 0xFF, 0xF9, 0xFF, 0xFE, 0x7F, 0xFF,
    0x8F, 0xF3, 0xE0, 0xE1, 0xF0, 0x00, 0xF0, 0x00, 0x3C, 0x00, 0x0F, 0xF0, 0x03, 0xFC, 0x00, 0x7E,
    0x00, 0x03, 0xF0, 0x00, 0x00, 0x00, 0xFF, 0x00, 0x00, 0x00, 0x3F, 0xF0, 0x00, 0x00, 0x0F, 0x9F,
    0x00, 0x00, 0x01, 0xE1, 0xE0, 0x00, 0x00, 0x00, 0x00, 0x00, 0x00, 0x00, 0x00, 0x00, 0x07, 0xE0,
    0x0F, 0xC0, 0x3E, 0xFE, 0x03, 0xF8, 0x07, 0xDF, 0xC0, 0x7F, 0x01, 0xFB, 0xF8, 0x0F, 0xE0, 0x3F,
    0x3F, 0x01, 0xFE, 0x07, 0xC7, 0xF0, 0x7F, 0xC0, 0xF8, 0xFE, 0x0F, 0xF8, 0x3F, 0x0F, 0xC1, 0xFF,
    0x87, 0xE1, 0xFC, 0x7F, 0xF0, 0xF8, 0x3F, 0x8F, 0xFE, 0x1F, 0x03, 0xF1, 0xFF, 0xC7, 0xE0, 0x7E,
    0x3F, 0xFC, 0xF8, 0x0F, 0xEF, 0xDF, 0x9F, 0x01, 0xFD, 0xF3, 0xF7, 0xE0, 0x1F, 0xBE, 0x7F, 0xF8,
    0x03, 0xFF, 0xC7, 0xFF, 0x00, 0x7F, 0xF0, 0xFF, 0xE0, 0x07, 0xFE, 0x1F, 0xFC, 0x00, 0xFF, 0xC3,
    0xFF, 0x00, 0x1F, 0xF0, 0x3F, 0xE0, 0x03, 0xFE, 0x07, 0xFC, 0x00, 0x3F, 0xC0, 0xFF, 0x00, 0x07,
    0xF8, 0x0F, 0xE0, 0x00, 0xFE, 0x01, 0xFC, 0x00, 0x0F, 0xC0, 0x3F, 0x00, 0x00, 0x1F, 0x00, 0x00,
    0x07, 0xF0, 0x00, 0x01, 0xFF, 0x00, 0x00, 0x7D, 0xF0, 0x00, 0x1F, 0x1F, 0x00, 0x00, 0x00, 0x00,
    0x00, 0x00, 0x00, 0x03, 0xE0, 0x7C, 0x0F, 0x7C, 0x0F, 0x83, 0xEF, 0xC3, 0xF0, 0x79, 0xF8, 0x7F,
    0x0F, 0x3F, 0x0F, 0xE3, 0xE3, 0xF3, 0xFC, 0x78, 0x7E, 0x7F, 0xCF, 0x0F, 0xCF, 0xFB, 0xE0, 0xFD,
    0xFF, 0x78, 0x1F, 0xFB, 0xEF, 0x03, 0xFF, 0x7F, 0xE0, 0x3F, 0xE7, 0xF8, 0x07, 0xF8, 0xFF, 0x00,
    0xFF, 0x1F, 0xE0, 0x0F, 0xE3, 0xF8, 0x01, 0xF8, 0x3F, 0x00, 0x3F, 0x07, 0xE0, 0x03, 0xE0, 0xF8,
    0x00, 0x00, 0x3E, 0x00, 0x00, 0x7F, 0x00, 0x00, 0xFF, 0x80, 0x01, 0xF7, 0xC0, 0x03, 0xE3, 0xE0,
    0x00, 0x00, 0x00, 0x00, 0x00, 0x00, 0x7F, 0x00, 0x3F, 0x7F, 0x00, 0x7E, 0x3F, 0x80, 0x7E, 0x3F,
    0xC0, 0xFC, 0x1F, 0xC0, 0xFC, 0x1F, 0xE1, 0xF8, 0x0F, 0xE3, 0xF0, 0x07, 0xF3, 0xF0, 0x07, 0xF7,
    0xE0, 0x03, 0xFF, 0xE0, 0x03, 0xFF, 0xC0, 0x01, 0xFF, 0x80, 0x00, 0xFF, 0x80, 0x00, 0xFF, 0x00,
    0x00, 0x7F, 0x00, 0x00, 0x7F, 0x00, 0x00, 0x7F, 0x00, 0x00, 0x7F, 0x00, 0x00, 0x7F, 0x00, 0x00,
    0x7F, 0x00, 0x00, 0x7F, 0x00, 0x00, 0x7F, 0x00, 0x00, 0x7F, 0x00, 0x00, 0x7F, 0x00, 0x00, 0x7F,
    0x00, 0x01, 0xF8, 0x00, 0x7F, 0x80, 0x0F, 0xF8, 0x03, 0xCF, 0x80, 0xF0, 0xF0, 0x00, 0x00, 0x00,
    0x00, 0x07, 0xE0, 0x1E, 0xFE, 0x07, 0xCF, 0xC0, 0xF9, 0xFC, 0x1F, 0x1F, 0x87, 0xC3, 0xF0, 0xF8,
    0x7F, 0x1E, 0x07, 0xE7, 0xC0, 0xFC, 0xF8, 0x0F, 0xDE, 0x01, 0xFF, 0xC0, 0x1F, 0xF0, 0x03, 0xFE,
    0x00, 0x7F, 0xC0, 0x07, 0xF0, 0x00, 0xFE, 0x00, 0x0F, 0x80, 0x01, 0xF0, 0x00, 0x7E, 0x00, 0xFF,
    0x80, 0x3F, 0xE0, 0x07, 0xFC, 0x00, 0xFF, 0x00, 0x1F, 0x80, 0x00, 0x01, 0xF7, 0xC0, 0x01, 0xF7,
    0xE0, 0x01, 0xF7, 0xE0, 0x01, 0xF7, 0xE0, 0x01, 0xF7, 0xC0, 0x00, 0x00, 0x00, 0x00, 0x00, 0x00,
    0x7F, 0x00, 0x3F, 0x7F, 0x00, 0x7E, 0x3F, 0x80, 0x7E, 0x3F, 0xC0, 0xFC, 0x1F, 0xC0, 0xFC, 0x1F,
    0xE1, 0xF8, 0x0F, 0xE3, 0xF0, 0x07, 0xF3, 0xF0, 0x07, 0xF7, 0xE0, 0x03, 0xFF, 0xE0, 0x03, 0xFF,
    0xC0, 0x01, 0xFF, 0x80, 0x00, 0xFF, 0x80, 0x00, 0xFF, 0x00, 0x00, 0x7F, 0x00, 0x00, 0x7F, 0x00,
    0x00, 0x7F, 0x00, 0x00, 0x7F, 0x00, 0x00, 0x7F, 0x00, 0x00, 0x7F, 0x00, 0x00, 0x7F, 0x00, 0x00,
    0x7F, 0x00, 0x00, 0x7F, 0x00, 0x00, 0x7F, 0x00, 0x00, 0x7F, 0x00, 0x00, 0x00, 0x00, 0x00, 0x70,
    0x00, 0x0F, 0xC0, 0x03, 0xFE, 0x00, 0x3F, 0xE0, 0x01, 0xF8, 0x00, 0x0C, 0x00, 0x00, 0x00, 0x00,
    0x7F, 0xFF, 0xFB, 0xFF, 0xFF, 0xDF, 0xFF, 0xFE, 0xFF, 0xFF, 0xE7, 0xFF, 0xFF, 0x00, 0x0F, 0xF0,
    0x00, 0x7F, 0x00, 0x07, 0xF8, 0x00, 0x7F, 0x80, 0x03, 0xF8, 0x00, 0x3F, 0x80, 0x03, 0xFC, 0x00,
    0x1F, 0xC0, 0x01, 0xFC, 0x00, 0x1F, 0xE0, 0x00, 0xFE, 0x00, 0x0F, 0xE0, 0x00, 0xFF, 0x00, 0x0F,
    0xF0, 0x00, 0x7F, 0x00, 0x07, 0xFF, 0xFF, 0x7F, 0xFF, 0xFF, 0xFF, 0xFF, 0xFF, 0xFF, 0xFF, 0xFF,
    0xFF, 0xF8, 0x00, 0x00, 0x00, 0x1C, 0x00, 0x7E, 0x00, 0xFF, 0x80, 0xFF, 0x80, 0x7E, 0x00, 0x30,
    0x00, 0x00, 0x00, 0x7F, 0xFF, 0xBF, 0xFF, 0xDF, 0xFF, 0xEF, 0xFF, 0xE0, 0x07, 0xE0, 0x07, 0xF0,
    0x07, 0xF0, 0x07, 0xF0, 0x03, 0xF0, 0x03, 0xF8, 0x03, 0xF8, 0x03, 0xF8, 0x01, 0xF8, 0x01, 0xFC,
    0x01, 0xFF, 0xFC, 0xFF, 0xFF, 0xFF, 0xFF, 0xFF, 0xFF, 0xC0, 0x00, 0xFC, 0x00, 0x07, 0xE0, 0x00,
    0x3F, 0x00, 0x01, 0xF8, 0x00, 0x0F, 0xC0, 0x00, 0x3C, 0x00, 0x00, 0x00, 0x0F, 0xFF, 0xFF, 0x7F,
    0xFF, 0xFB, 0xFF, 0xFF, 0xDF, 0xFF, 0xFC, 0xFF, 0xFF, 0xE0, 0x01, 0xFE, 0x00, 0x0F, 0xE0, 0x00,
    0xFF, 0x00, 0x0F, 0xF0, 0x00, 0x7F, 0x00, 0x07, 0xF0, 0x00, 0x7F, 0x80, 0x03, 0xF8, 0x00, 0x3F,
    0x80, 0x03, 0xFC, 0x00, 0x1F, 0xC0, 0x01, 0xFC, 0x00, 0x1F, 0xE0, 0x01, 0xFE, 0x00, 0x0F, 0xE0,
    0x00, 0xFF, 0xFF, 0xEF, 0xFF, 0xFF, 0xFF, 0xFF, 0xFF, 0xFF, 0xFF, 0xFF, 0xFF, 0xFF, 0x03, 0xF0,
    0x01, 0xF8, 0x00, 0xFC, 0x00, 0x7E, 0x00, 0x3F, 0x00, 0x1F, 0x00, 0x00, 0x00, 0xFF, 0xFF, 0x7F,
    0xFF, 0xBF, 0xFF, 0xDF, 0xFF, 0xC0, 0x0F, 0xC0, 0x0F, 0xE0, 0x0F, 0xE0, 0x0F, 0xE0, 0x07, 0xE0,
    0x07, 0xF0, 0x07, 0xF0, 0x07, 0xF0, 0x03, 0xF0, 0x03, 0xF8, 0x03, 0xFF, 0xF9, 0xFF, 0xFF, 0xFF,
    0xFF, 0xFF, 0xFF, 0x80, 0x07, 0x8F, 0x80, 0x3E, 0xF8, 0x00, 0xFF, 0x80, 0x03, 0xF8, 0x00, 0x0F,
    0x80, 0x00, 0x00, 0x00, 0x00, 0x00, 0x0F, 0xFF, 0xFF, 0x7F, 0xFF, 0xFB, 0xFF, 0xFF, 0xDF, 0xFF,
    0xFC, 0xFF, 0xFF, 0xE0, 0x01, 0xFE, 0x00, 0x0F, 0xE0, 0x00, 0xFF, 0x00, 0x0F, 0xF0, 0x00, 0x7F,
    0x00, 0x07, 0xF0, 0x00, 0x7F, 0x80, 0x03, 0xF8, 0x00, 0x3F, 0x80, 0x03, 0xFC, 0x00, 0x1F, 0xC0,
    0x01, 0xFC, 0x00, 0x1F, 0xE0, 0x01, 0xFE, 0x00, 0x0F, 0xE0, 0x00, 0xFF, 0xFF, 0xEF, 0xFF, 0xFF,
    0xFF, 0xFF, 0xFF, 0xFF, 0xFF, 0xFF, 0xFF, 0xFF, 0x3E, 0x3E, 0x0F, 0xBE, 0x03, 0xFE, 0x00, 0xFE,
    0x00, 0x3E, 0x00, 0x00, 0x00, 0x00, 0x00, 0xFF, 0xFF, 0x7F, 0xFF, 0xBF, 0xFF, 0xDF, 0xFF, 0xC0,
    0x0F, 0xC0, 0x0F, 0xE0, 0x0F, 0xE0, 0x0F, 0xE0, 0x07, 0xE0, 0x07, 0xF0, 0x07, 0xF0, 0x07, 0xF0,
    0x03, 0xF0, 0x03, 0xF8, 0x03, 0xFF, 0xF9, 0xFF, 0xFF, 0xFF, 0xFF, 0xFF, 0xFF, 0x80, 0x00, 0x00,
    0x78, 0x00, 0x00, 0x78, 0x01, 0xFF, 0xF0, 0x07, 0xFF, 0xE0, 0x0F, 0xFF, 0xF0, 0x1F, 0xFF, 0xF8,
    0x3F, 0xE7, 0xFC, 0x3F, 0x81, 0xFC, 0x7F, 0x00, 0xFE, 0x7F, 0x00, 0xFE, 0x7E, 0x00, 0xFE, 0xFE,
    0x00, 0x7E, 0xFE, 0x00, 0x7F, 0xFE, 0x00, 0x7F, 0xFE, 0x00, 0x7F, 0xFE, 0x00, 0x7F, 0xFE, 0x00,
    0x7F, 0xFE, 0x00, 0x7E, 0x7E, 0x00, 0x7E, 0x7F, 0x00, 0xFE, 0x7F, 0x00, 0xFE, 0x3F, 0x81, 0xFC,
    0x3F, 0xC3, 0xFC, 0x1F, 0xFF, 0xF8, 0x0F, 0xFF, 0xF0, 0x07, 0xFF, 0xE0, 0x03, 0xFF, 0x80, 0x00,
    0x3C, 0x00, 0x00, 0x03, 0x80, 0x01, 0xE0, 0x7F, 0xF8, 0x7F, 0xFC, 0x3F, 0xFF, 0x1F, 0xFF, 0xE7,
    0xE1, 0xFB, 0xF0, 0x3F, 0xFC, 0x0F, 0xFF, 0x03, 0xFF, 0xC0, 0xFF, 0xF0, 0x3F, 0xFC, 0x0F, 0xFF,
    0x03, 0xFF, 0xC0, 0xFD, 0xF8, 0x7E, 0x7F, 0x3F, 0x8F, 0xFF, 0xC1, 0xFF, 0xE0, 0x3F, 0xF0, 0x01,
    0xE0, 0x00, 0x00, 0x00, 0x07, 0x00, 0x00, 0x07, 0xBF, 0x00, 0x7F, 0xDF, 0x80, 0x3F, 0xCF, 0xC0,
    0x1F, 0x87, 0xE0, 0x0F, 0x83, 0xF0, 0x07, 0xC1, 0xF8, 0x03, 0xE0, 0xFC, 0x01, 0xF0, 0x7E, 0x00,
    0xF8, 0x3F, 0x00, 0x7C, 0x1F, 0x80, 0x3E, 0x0F, 0xC0, 0x1F, 0x07, 0xE0, 0x0F, 0x83, 0xF0, 0x07,
    0xC1, 0xF8, 0x03, 0xE0, 0xFC, 0x01, 0xF0, 0x7E, 0x00, 0xF8, 0x3F, 0x00, 0x7C, 0x1F, 0x80, 0x3E,
    0x0F, 0xE0, 0x3F, 0x07, 0xF0, 0x1F, 0x81, 0xFE, 0x3F, 0xC0, 0xFF, 0xFF, 0xC0, 0x3F, 0xFF, 0xC0,
    0x0F, 0xFF, 0xE0, 0x03, 0xFF, 0xC0, 0x00, 0x3F, 0x00, 0x00, 0x00, 0x00, 0x78, 0x00, 0x07, 0xDF,
    0x03, 0xFD, 0xF8, 0x3F, 0xCF, 0xC1, 0xFC, 0x7E, 0x0F, 0xC3, 0xF0, 0x7E, 0x1F, 0x83, 0xF0, 0xFC,
    0x1F, 0x87, 0xE0, 0xFC, 0x3F, 0x07, 0xE1, 0xF8, 0x3F, 0x0F, 0xC1, 0xF8, 0x7E, 0x0F, 0xC3, 0xF0,
    0x7E, 0x1F, 0xC7, 0xF0, 0xFF, 0xFF, 0x83, 0xFF, 0xFC, 0x1F, 0xFF, 0xE0, 0x7F, 0x9F, 0x00, 0xE0,
    0x00, 0x00, 0x00, 0x00, 0x00, 0x0F, 0x0F, 0x00, 0x00, 0x00, 0x00, 0x79, 0xF0, 0x00, 0x00, 0x00,
    0x03, 0xFE, 0x00, 0x00, 0x00, 0x00, 0x3F, 0xC0, 0x00, 0x00, 0x00, 0x01, 0xF8, 0x00, 0x00, 0x00,
    0x00, 0x00, 0x00, 0x00, 0x00, 0x00, 0x00, 0x00, 0x0F, 0xFF, 0x80, 0x0F, 0xFF, 0xFF, 0xFF, 0xFF,
    0x00, 0xFF, 0xFF, 0xFF, 0xFF, 0xF8, 0x0F, 0xFF, 0xFF, 0xFF, 0xFF, 0xE0, 0xFF, 0xFF, 0xFF, 0xFF,
    0xFF, 0x0F, 0xFF, 0xFE, 0xFE, 0x0F, 0xF0, 0x00, 0x1F, 0xCF, 0xE0, 0x7F, 0x80, 0x03, 0xFC, 0xFE,
    0x03, 0xF8, 0x00, 0x7F, 0x8F, 0xE0, 0x3F, 0x80, 0x07, 0xF0, 0xFE, 0x01, 0xFC, 0x00, 0xFE, 0x0F,
    0xE0, 0x1F, 0xC0, 0x1F, 0xE0, 0xFE, 0x01, 0xFC, 0x01, 0xFC, 0x0F, 0xE0, 0x1F, 0xC0, 0x3F, 0x80,
    0xFE, 0x01, 0xFC, 0x07, 0xF8, 0x0F, 0xE0, 0x1F, 0xC0, 0x7F, 0x00, 0xFE, 0x01, 0xFC, 0x0F, 0xE0,
    0x0F, 0xE0, 0x1F, 0x81, 0xFE, 0x00, 0xFE, 0x03, 0xF8, 0x1F, 0xC0, 0x0F, 0xE0, 0x7F, 0x83, 0xF8,
    0x00, 0xFE, 0x0F, 0xF0, 0x7F, 0x80, 0x0F, 0xEF, 0xFF, 0x0F, 0xFF, 0xFF, 0xFF, 0xFF, 0xE0, 0xFF,
    0xFF, 0xFF, 0xFF, 0xFC, 0x1F, 0xFF, 0xFF, 0xFF, 0xFF, 0x01, 0xFF, 0xFF, 0xFF, 0xFF, 0xC0, 0x1F,
    0xFF, 0xFF, 0xFF, 0xF8, 0x00, 0x7C, 0x7C, 0xFF, 0xFF, 0x00, 0x3E, 0xF8, 0xFF, 0xFF, 0x80, 0x1F,
    0xF0, 0xFF, 0xFF, 0xE0, 0x0F, 0xE0, 0xFF, 0xFF, 0xF0, 0x07, 0xC0, 0xFE, 0x0F, 0xF0, 0x00, 0x00,
    0xFE, 0x07, 0xF8, 0x00, 0x00, 0xFE, 0x03, 0xF8, 0xFF, 0xFF, 0xFE, 0x03, 0xF8, 0xFF, 0xFF, 0xFE,
    0x01, 0xFC, 0xFF, 0xFF, 0xFE, 0x01, 0xFC, 0xFF, 0xFE, 0xFE, 0x01, 0xFC, 0x00, 0xFE, 0xFE, 0x01,
    0xFC, 0x01, 0xFC, 0xFE, 0x01, 0xFC, 0x03, 0xF8, 0xFE, 0x01, 0xFC, 0x07, 0xF0, 0xFE, 0x01, 0xFC,
    0x07, 0xE0, 0xFE, 0x01, 0xF8, 0x0F, 0xE0, 0xFE, 0x03, 0xF8, 0x1F, 0xC0, 0xFE, 0x07, 0xF8, 0x3F,
    0x80, 0xFE, 0x0F, 0xF0, 0x3F, 0x00, 0xFE, 0xFF, 0xF0, 0x7F, 0x00, 0xFF, 0xFF, 0xE0, 0xFF, 0xFE,
    0xFF, 0xFF, 0xC0, 0xFF, 0xFF, 0xFF, 0xFF, 0x01, 0xFF, 0xFF, 0xFF, 0xFC, 0x01, 0xFF, 0xFF, 0x00,
    0x0F, 0xC3, 0xC7, 0xC0, 0x00, 0xFC, 0x3E, 0x78, 0x00, 0x0F, 0xC1, 0xFF, 0x80, 0x00, 0xFC, 0x0F,
    0xF0, 0x00, 0x0F, 0xC0, 0x7E, 0x00, 0x00, 0xFC, 0x00, 0x00, 0x00, 0x0F, 0xC0, 0x00, 0x00, 0xFE,
    0xFC, 0x7F, 0xFF, 0x1F, 0xFF, 0xCF, 0xFF, 0xF3, 0xFF, 0xFC, 0xFF, 0xFF, 0x7F, 0xFF, 0xC7, 0xFF,
    0xF7, 0xE1, 0xFC, 0x00, 0xFE, 0xFC, 0x0F, 0xC0, 0x1F, 0xCF, 0xC0, 0xFC, 0x03, 0xF8, 0xFC, 0x0F,
    0xC0, 0x3F, 0x0F, 0xC0, 0xFC, 0x07, 0xF0, 0xFC, 0x0F, 0xC0, 0xFE, 0x0F, 0xC0, 0xFC, 0x1F, 0xC0,
    0xFC, 0x0F, 0xC1, 0xF8, 0x0F, 0xC0, 0xFC, 0x3F, 0x80, 0xFE, 0x0F, 0xC7, 0xF0, 0x07, 0xF3, 0xFC,
    0xFF, 0xFF, 0x7F, 0xFF, 0xCF, 0xFF, 0xF3, 0xFF, 0xFC, 0xFF, 0xFF, 0x1F, 0xEF, 0xCF, 0xFF, 0xF0,
    0x78, 0x00, 0x00, 0x00, 0xFC, 0x00, 0x00, 0x3F, 0xFE, 0x00, 0x00, 0x7F, 0xFE, 0x00, 0x00, 0x7F,
    0xFE, 0x00, 0x00, 0x7F, 0xFE, 0x00, 0x00, 0x7F, 0xFE, 0x00, 0x00, 0x7F, 0xFE, 0x00, 0x00, 0x7F,
    0xFE, 0x00, 0x00, 0x7F, 0xFE, 0x00, 0x00, 0x7F, 0xFE, 0x00, 0x00, 0x7F, 0xFE, 0x00, 0x00, 0x7F,
    0xFE, 0x00, 0x00, 0x7F, 0xFE, 0x00, 0x00, 0x7F, 0xFE, 0x00, 0x00, 0x7F, 0xFE, 0x00, 0x00, 0x7F,
    0xFE, 0x00, 0x00, 0x7F, 0xFE, 0x00, 0x00, 0x7F, 0xFE, 0x00, 0x00, 0x7F, 0xFE, 0x00, 0x00, 0x7F,
    0xFE, 0x00, 0x00, 0x7F, 0xFF, 0xFF, 0xCF, 0xFF, 0xFF, 0xFF, 0xCF, 0xFF, 0xFF, 0xFF, 0xCF, 0xFE,
    0xFF, 0xFF, 0xCF, 0xFE, 0xFF, 0xFF, 0xCF, 0xFC, 0x00, 0x00, 0x03, 0xE0, 0xFC, 0x00, 0x0F, 0xFF,
    0x80, 0x03, 0xFF, 0xE0, 0x00, 0xFF, 0xF8, 0x00, 0x3F, 0xFE, 0x00, 0x0F, 0xFF, 0x80, 0x01, 0xEF,
    0xE0, 0x00, 0x03, 0xF8, 0x00, 0x1F, 0xFE, 0x00, 0x0F, 0xFF, 0x80, 0x03, 0xFF, 0xE0, 0x00, 0xFF,
    0xF8, 0x00, 0x3F, 0xFE, 0x00, 0x0F, 0xFF, 0x80, 0x03, 0xFF, 0xE0, 0x00, 0xFF, 0xF8, 0x00, 0x3F,
    0xFE, 0x00, 0x0F, 0xFF, 0x80, 0x03, 0xFF, 0xE0, 0x00, 0xFF, 0xF8, 0x00, 0x3F, 0xFF, 0xFF, 0xCF,
    0xFF, 0xFF, 0xF3, 0xFF, 0xFF, 0xFC, 0xFF, 0xFF, 0xFF, 0x3F, 0xFF, 0xFF, 0xCF, 0xC0, 0x00, 0x03,
    0xF0, 0x00, 0x03, 0xFC, 0x00, 0x01, 0xFF, 0x00, 0x00, 0x7F, 0x80, 0x00, 0x1F, 0xE0, 0x00, 0x07,
    0xE0, 0x7C, 0x7E, 0xF8, 0xFD, 0xF1, 0xFB, 0xE3, 0xF7, 0xC7, 0xEF, 0x87, 0x9F, 0x00, 0x3E, 0x3F,
    0x7C, 0x7E, 0xF8, 0xFD, 0xF1, 0xFB, 0xE3, 0xF7, 0xC7, 0xFF, 0x8F, 0xFF, 0x1F, 0xFE, 0x3F, 0xFC,
    0x7F, 0xF8, 0xFF, 0xF1, 0xFF, 0xE3, 0xFF, 0xC7, 0xFF, 0x8F, 0xFF, 0x1F, 0xFE, 0x3F, 0x7C, 0x7E,
    0x00, 0xFC, 0x07, 0xF8, 0x1F, 0xF0, 0x3F, 0xC0, 0x7F, 0x80, 0xFC, 0x00, 0xFC, 0x00, 0xF8, 0x03,
    0xF7, 0xF0, 0x07, 0xC0, 0x1F, 0xBF, 0xC0, 0x3E, 0x00, 0xFD, 0xFE, 0x01, 0xF0, 0x07, 0xEF, 0xF8,
    0x0F, 0x80, 0x3F, 0x7F, 0xE0, 0x7C, 0x01, 0xFB, 0xFF, 0x03, 0xE0, 0x0F, 0xDF, 0xFC, 0x1F, 0x00,
    0x7E, 0xFF, 0xF0, 0xF8, 0x03, 0xF7, 0xFF, 0xC7, 0xC0, 0x1F, 0xBF, 0xFE, 0x3E, 0x00, 0xFD, 0xFF,
    0xF9, 0xF0, 0x07, 0xEF, 0xDF, 0xEF, 0x80, 0x3F, 0x7E, 0x7F, 0x7C, 0x01, 0xFB, 0xF3, 0xFF, 0xE0,
    0x0F, 0xDF, 0x8F, 0xFF, 0x00, 0x7E, 0xFC, 0x3F, 0xF8, 0x03, 0xF7, 0xE0, 0xFF, 0xC0, 0x1F, 0xBF,
    0x07, 0xFE, 0x00, 0xFD, 0xF8, 0x1F, 0xF0, 0x0F, 0xEF, 0xC0, 0x7F, 0x8F, 0xFF, 0x7E, 0x03, 0xFC,
    0x7F, 0xFB, 0xF0, 0x0F, 0xE3, 0xFF, 0xDF, 0x80, 0x3F, 0x1F, 0xFC, 0xF8, 0x00, 0xF8, 0xFF, 0xC0,
    0x00, 0x00, 0x00, 0xF0, 0x00, 0xFC, 0x00, 0xF8, 0x7F, 0xFC, 0x01, 0xF0, 0xFF, 0xFC, 0x03, 0xE1,
    0xFF, 0xF8, 0x07, 0xC3, 0xFF, 0xF8, 0x0F, 0x87, 0xFF, 0xF8, 0x1F, 0x07, 0xBF, 0xF0, 0x3E, 0x00,
    0x7F, 0xF0, 0x7C, 0x3F, 0xFF, 0xF0, 0xF8, 0x7F, 0xFF, 0xF1, 0xF0, 0xFF, 0xFF, 0xE3, 0xE1, 0xFF,
    0xFF, 0xE7, 0xC3, 0xFF, 0xDF, 0xEF, 0x87, 0xFF, 0x9F, 0xDF, 0x0F, 0xFF, 0x3F, 0xFE, 0x1F, 0xFE,
    0x3F, 0xFC, 0x3F, 0xFC, 0x3F, 0xF8, 0x7F, 0xF8, 0x3F, 0xF0, 0xFF, 0xF0, 0x7F, 0xE1, 0xFF, 0xE0,
    0x7F, 0xC3, 0xFF, 0xC0, 0x7F, 0x87, 0xFF, 0x80, 0xFF, 0x0F, 0xFF, 0x00, 0xFE, 0x1F, 0xFE, 0x00,
    0xFC, 0x3F, 0xF8, 0x00, 0xF8, 0x7E, 0x00, 0x00, 0x00, 0xFC, 0x00, 0x00, 0x0F, 0xF8, 0x00, 0x00,
    0x1F, 0xE0, 0x00, 0x00, 0x3F, 0xC0, 0x00, 0x00, 0x7F, 0x00, 0x00, 0x00, 0xF8, 0x00, 0x00, 0x00,
    0x0F, 0xC0, 0x00, 0x03, 0xF0, 0x00, 0x00, 0xFC, 0x00, 0x00, 0x3F, 0x00, 0x00, 0x0F, 0xC0, 0x00,
    0x01, 0xE0, 0x00, 0x00, 0x01, 0xF1, 0xF8, 0x3F, 0xFD, 0xFF, 0x0F, 0xFF, 0xFF, 0xE3, 0xFF, 0xFF,
    0xF8, 0xFF, 0xFC, 0x7F, 0x3F, 0xFE, 0x0F, 0xCF, 0xFF, 0x03, 0xF3, 0xFF, 0xC0, 0xFC, 0xFF, 0xF0,
    0x3F, 0x3F, 0xFC, 0x0F, 0xCF, 0xFF, 0x03, 0xF3, 0xFF, 0xC0, 0xFC, 0xFF, 0xF0, 0x3F, 0x3F, 0xFC,
    0x0F, 0xCF, 0xFF, 0x03, 0xF3, 0xFF, 0xC0, 0xFC, 0xFF, 0xF0, 0x3F, 0x3F, 0x7C, 0x0F, 0x8F, 0xC0,
    0x00, 0x03, 0xF0, 0x00, 0x03, 0xFC, 0x00, 0x01, 0xFF, 0x00, 0x00, 0x7F, 0x80, 0x00, 0x1F, 0xE0,
    0x00, 0x07, 0xE0, 0x07, 0xC7, 0xC0, 0x07, 0xDF, 0x00, 0x07, 0xFC, 0x00, 0x07, 0xF0, 0x00, 0x07,
    0xC0, 0x00, 0x00, 0x00, 0x00, 0x00, 0x00, 0x00, 0xFF, 0xC0, 0x07, 0xFF, 0xC0, 0x1F, 0xFF, 0xE0,
    0x7F, 0xFF, 0xE1, 0xFF, 0x3F, 0xC3, 0xF8, 0x1F, 0xCF, 0xE0, 0x1F, 0x9F, 0xC0, 0x3F, 0x3F, 0x00,
    0x78, 0xFE, 0x00, 0x01, 0xFC, 0x00, 0x03, 0xF8, 0x00, 0x07, 0xF0, 0x7F, 0xEF, 0xE0, 0xFF, 0xFF,
    0xC1, 0xFF, 0xFF, 0x83, 0xFF, 0xFF, 0x00, 0x7F, 0x7F, 0x00, 0xFE, 0xFE, 0x01, 0xFC, 0xFE, 0x07,
    0xF9, 0xFE, 0x1F, 0xF1, 0xFF, 0xFF, 0xE1, 0xFF, 0xFF, 0xC1, 0xFF, 0xF7, 0x81, 0xFF, 0x87, 0x00,
    0x7C, 0x00, 0x0F, 0x1F, 0x00, 0x7C, 0xF0, 0x01, 0xFF, 0x80, 0x07, 0xF8, 0x00, 0x1F, 0x80, 0x00,
    0x00, 0x00, 0x00, 0x00, 0xC0, 0xFF, 0x8F, 0x1F, 0xFF, 0xF9, 0xFF, 0xFF, 0xCF, 0xC3, 0xFC, 0xFC,
    0x1F, 0x87, 0xE0, 0x7C, 0x3F, 0x07, 0xE0, 0xF8, 0x3F, 0x07, 0xFF, 0xF0, 0x1F, 0xFF, 0x00, 0x7F,
    0xE0, 0x0F, 0xC0, 0x00, 0xFC, 0x00, 0x07, 0xFF, 0xF0, 0x3F, 0xFF, 0xE0, 0xFF, 0xFF, 0x87, 0xFF,
    0xFC, 0x7C, 0x3F, 0xF7, 0xC0, 0x1F, 0xBE, 0x00, 0xFD, 0xF8, 0x0F, 0xCF, 0xFF, 0xFC, 0x3F, 0xFF,
    0xC0, 0x3F, 0xF8, 0x00, 0x00, 0x00, 0x00, 0x01, 0xFF, 0x80, 0x07, 0xFF, 0xE0, 0x0F, 0xFF, 0xF0,
    0x1F, 0xFF, 0xF8, 0x3F, 0xE7, 0xFC, 0x3F, 0x81, 0xFC, 0x7F, 0x00, 0xFE, 0x7F, 0x00, 0xFE, 0x7E,
    0x00, 0xFE, 0xFE, 0x00, 0x7E, 0xFE, 0x00, 0x7F, 0xFE, 0x00, 0x7F, 0xFE, 0x00, 0x7F, 0xFE, 0x00,
    0x7F, 0xFE, 0x00, 0x7F, 0xFE, 0x00, 0x7E, 0x7E, 0x00, 0x7E, 0x7F, 0x00, 0xFE, 0x7F, 0x00, 0xFE,
    0x3F, 0x81, 0xFC, 0x3F, 0xC3, 0xFC, 0x1F, 0xFF, 0xF8, 0x0F, 0xFF, 0xF0, 0x07, 0xFF, 0xE0, 0x03,
    0xFF, 0x80, 0x00, 0x7E, 0x00, 0x00, 0x78, 0x00, 0x00, 0xF8, 0x00, 0x00, 0xFF, 0x00, 0x00, 0x7F,
    0x00, 0x00, 0x3F, 0x00, 0x07, 0xF8, 0x07, 0xFF, 0x83, 0xFF, 0xF1, 0xFF, 0xFE, 0x7E, 0x1F, 0xBF,
    0x03, 0xFF, 0xC0, 0xFF, 0xF0, 0x3F, 0xFC, 0x0F, 0xFF, 0x03, 0xFF, 0xC0, 0xFF, 0xF0, 0x3F, 0xFC,
    0x0F, 0xDF, 0x87, 0xE7, 0xF3, 0xF8, 0xFF, 0xFC, 0x1F, 0xFE, 0x03, 0xFF, 0x00, 0x3E, 0x00, 0x1F,
    0x00, 0x07, 0x80, 0x01, 0xFE, 0x00, 0x7F, 0x80, 0x0F, 0xC0, 0xFF, 0xF8, 0x00, 0xFF, 0xFF, 0xFF,
    0xFF, 0xF0, 0x0F, 0xFF, 0xFF, 0xFF, 0xFF, 0x80, 0xFF, 0xFF, 0xFF, 0xFF, 0xFE, 0x0F, 0xFF, 0xFF,
    0xFF, 0xFF, 0xF0, 0xFF, 0xFF, 0xEF, 0xE0, 0xFF, 0x00, 0x01, 0xFC, 0xFE, 0x07, 0xF8, 0x00, 0x3F,
    0xCF, 0xE0, 0x3F, 0x80, 0x07, 0xF8, 0xFE, 0x03, 0xF8, 0x00, 0x7F, 0x0F, 0xE0, 0x1F, 0xC0, 0x0F,
    0xE0, 0xFE, 0x01, 0xFC, 0x01, 0xFE, 0x0F, 0xE0, 0x1F, 0xC0, 0x1F, 0xC0, 0xFE, 0x01, 0xFC, 0x03,
    0xF8, 0x0F, 0xE0, 0x1F, 0xC0, 0x7F, 0x80, 0xFE, 0x01, 0xFC, 0x07, 0xF0, 0x0F, 0xE0, 0x1F, 0xC0,
    0xFE, 0x00, 0xFE, 0x01, 0xF8, 0x1F, 0xE0, 0x0F, 0xE0, 0x3F, 0x81, 0xFC, 0x00, 0xFE, 0x07, 0xF8,
    0x3F, 0x80, 0x0F, 0xE0, 0xFF, 0x07, 0xF8, 0x00, 0xFE, 0xFF, 0xF0, 0xFF, 0xFF, 0xFF, 0xFF, 0xFE,
    0x0F, 0xFF, 0xFF, 0xFF, 0xFF, 0xC1, 0xFF, 0xFF, 0xFF, 0xFF, 0xF0, 0x1F, 0xFF, 0xFF, 0xFF, 0xFC,
    0x01, 0xFF, 0xFF, 0xF0, 0xFF, 0xF8, 0x00, 0x00, 0x00, 0xFF, 0xFF, 0x00, 0x00, 0x00, 0xFF, 0xFF,
    0x80, 0x00, 0x00, 0xFF, 0xFF, 0xE0, 0x00, 0x00, 0xFF, 0xFF, 0xF0, 0x00, 0x00, 0xFE, 0x0F, 0xF0,
    0x00, 0x00, 0xFE, 0x07, 0xF8, 0x00, 0x00, 0xFE, 0x03, 0xF8, 0xFF, 0xFF, 0xFE, 0x03, 0xF8, 0xFF,
    0xFF, 0xFE, 0x01, 0xFC, 0xFF, 0xFF, 0xFE, 0x01, 0xFC, 0xFF, 0xFE, 0xFE, 0x01, 0xFC, 0x00, 0xFE,
    0xFE, 0x01, 0xFC, 0x01, 0xFC, 0xFE, 0x01, 0xFC, 0x03, 0xF8, 0xFE, 0x01, 0xFC, 0x07, 0xF0, 0xFE,
    0x01, 0xFC, 0x07, 0xE0, 0xFE, 0x01, 0xF8, 0x0F, 0xE0, 0xFE, 0x03, 0xF8, 0x1F, 0xC0, 0xFE, 0x07,
    0xF8, 0x3F, 0x80, 0xFE, 0x0F, 0xF0, 0x3F, 0x00, 0xFE, 0xFF, 0xF0, 0x7F, 0x00, 0xFF, 0xFF, 0xE0,
    0xFF, 0xFE, 0xFF, 0xFF, 0xC0, 0xFF, 0xFF, 0xFF, 0xFF, 0x01, 0xFF, 0xFF, 0xFF, 0xFC, 0x01, 0xFF,
    0xFF, 0x00, 0x0F, 0xC0, 0x00, 0x00, 0x00, 0xFC, 0x00, 0x00, 0x00, 0x0F, 0xC0, 0x00, 0x00, 0x00,
    0xFC, 0x00, 0x00, 0x00, 0x0F, 0xC0, 0x00, 0x00, 0x00, 0xFC, 0x00, 0x00, 0x00, 0x0F, 0xC0, 0x00,
    0x00, 0xFE, 0xFC, 0x7F, 0xFF, 0x1F, 0xFF, 0xCF, 0xFF, 0xF3, 0xFF, 0xFC, 0xFF, 0xFF, 0x7F, 0xFF,
    0xC7, 0xFF, 0xF7, 0xE1, 0xFC, 0x00, 0xFE, 0xFC, 0x0F, 0xC0, 0x1F, 0xCF, 0xC0, 0xFC, 0x03, 0xF8,
    0xFC, 0x0F, 0xC0, 0x3F, 0x0F, 0xC0, 0xFC, 0x07, 0xF0, 0xFC, 0x0F, 0xC0, 0xFE, 0x0F, 0xC0, 0xFC,
    0x1F, 0xC0, 0xFC, 0x0F, 0xC1, 0xF8, 0x0F, 0xC0, 0xFC, 0x3F, 0x80, 0xFE, 0x0F, 0xC7, 0xF0, 0x07,
    0xF3, 0xFC, 0xFF, 0xFF, 0x7F, 0xFF, 0xCF, 0xFF, 0xF3, 0xFF, 0xFC, 0xFF, 0xFF, 0x1F, 0xEF, 0xCF,
    0xFF, 0xF0, 0x78, 0x00, 0x00, 0x00, 0x00, 0x00, 0x00, 0x00, 0x0E, 0x00, 0x00, 0xFC, 0x00, 0x07,
    0xFC, 0x00, 0x1F, 0xF0, 0x00, 0x3F, 0x00, 0x00, 0x60, 0x00, 0x00, 0x00, 0x00, 0x01, 0xFF, 0x80,
    0x0F, 0xFF, 0x80, 0x3F, 0xFF, 0xC0, 0xFF, 0xFF, 0xC3, 0xFE, 0x7F, 0x87, 0xF0, 0x3F, 0x9F, 0xC0,
    0x3F, 0x3F, 0x80, 0x7E, 0x7E, 0x00, 0xF1, 0xFC, 0x00, 0x03, 0xF8, 0x00, 0x07, 0xF0, 0x00, 0x0F,
    0xE0, 0xFF, 0xDF, 0xC1, 0xFF, 0xFF, 0x83, 0xFF, 0xFF, 0x07, 0xFF, 0xFE, 0x00, 0xFE, 0xFE, 0x01,
    0xFD, 0xFC, 0x03, 0xF9, 0xFC, 0x0F, 0xF3, 0xFC, 0x3F, 0xE3, 0xFF, 0xFF, 0xC3, 0xFF, 0xFF, 0x83,
    0xFF, 0xEF, 0x03, 0xFF, 0x0E, 0x00, 0xF8, 0x00, 0x00, 0x00, 0x00, 0x00, 0xE0, 0x00, 0x1F, 0x80,
    0x07, 0xFC, 0x00, 0x7F, 0xE0, 0x03, 0xF0, 0x00, 0x0C, 0x00, 0x00, 0x00, 0x06, 0x07, 0xFC, 0x78,
    0xFF, 0xFF, 0xCF, 0xFF, 0xFE, 0x7E, 0x1F, 0xE7, 0xE0, 0xFC, 0x3F, 0x03, 0xE1, 0xF8, 0x3F, 0x07,
    0xC1, 0xF8, 0x3F, 0xFF, 0x80, 0xFF, 0xF8, 0x03, 0xFF, 0x00, 0x7E, 0x00, 0x07, 0xE0, 0x00, 0x3F,
    0xFF, 0x81, 0xFF, 0xFF, 0x07, 0xFF, 0xFC, 0x3F, 0xFF, 0xE3, 0xE1, 0xFF, 0xBE, 0x00, 0xFD, 0xF0,
    0x07, 0xEF, 0xC0, 0x7E, 0x7F, 0xFF, 0xE1, 0xFF, 0xFE, 0x01, 0xFF, 0xC0, 0x00, 0x08, 0x00, 0x00,
    0x1C, 0x00, 0x00, 0x3C, 0x00, 0x00, 0x7C, 0x00, 0x00, 0xFE, 0x00, 0x00, 0xE6, 0x00, 0x00, 0xC7,
    0x00, 0x00, 0xEE, 0x00, 0x00, 0xFE, 0x00, 0x00, 0xFF, 0x00, 0x01, 0xFF, 0x00, 0x01, 0xFF, 0x00,
    0x01, 0xFF, 0x80, 0x03, 0xFF, 0x80, 0x03, 0xFF, 0x80, 0x03, 0xFF, 0xC0, 0x07, 0xEF, 0xC0, 0x07,
    0xCF, 0xC0, 0x07, 0xCF, 0xE0, 0x0F, 0xC7, 0xE0, 0x0F, 0x87, 0xE0, 0x0F, 0x87, 0xF0, 0x1F, 0xFF,
    0xF0, 0x1F, 0xFF, 0xF0, 0x3F, 0xFF, 0xF8, 0x3F, 0xFF, 0xF8, 0x3F, 0xFF, 0xF8, 0x7F, 0xFF, 0xFC,
    0x7E, 0x01, 0xFC, 0x7E, 0x00, 0xFC, 0xFC, 0x00, 0xFE, 0xFC, 0x00, 0xFE, 0xFC, 0x00, 0x7E, 0x00,
    0x00, 0x00, 0x0E, 0x00, 0x1F, 0x80, 0x7F, 0xC0, 0x7F, 0xE0, 0x3F, 0x00, 0x0F, 0x80, 0x07, 0xE0,
    0x03, 0xF8, 0x03, 0x8C, 0x01, 0xC6, 0x00, 0x77, 0x00, 0x3F, 0x80, 0x0F, 0x80, 0x00, 0x00, 0x0F,
    0xF8, 0x1F, 0xFF, 0x1F, 0xFF, 0xDF, 0xFF, 0xEF, 0xC3, 0xF1, 0xC0, 0xF8, 0x00, 0x7C, 0x0F, 0xFE,
    0x3F, 0xFF, 0x3F, 0xFF, 0xBF, 0x87, 0xDF, 0x83, 0xFF, 0x81, 0xFF, 0xC1, 0xFF, 0xFB, 0xFD, 0xFF,
    0xFE, 0xFF, 0xFF, 0x3F, 0xCF, 0x87, 0x80, 0x00, 0x00, 0x00, 0x00, 0x00, 0x00, 0x00, 0x00, 0x38,
    0x00, 0x00, 0x00, 0x7E, 0x00, 0x00, 0x00, 0x7F, 0xC0, 0x00, 0x00, 0x3F, 0xE0, 0x00, 0x00, 0x0F,
    0xC0, 0x00, 0x00, 0x03, 0x00, 0x00, 0x00, 0x00, 0x00, 0x00, 0x00, 0x0F, 0xFF, 0xFF, 0xC0, 0x03,
    0xFF, 0xFF, 0xF0, 0x01, 0xFF, 0xFF, 0xFC, 0x00, 0x7F, 0xFF, 0xFF, 0x00, 0x3F, 0xFF, 0xFF, 0x80,
    0x0F, 0xFF, 0x00, 0x00, 0x07, 0xFF, 0xC0, 0x00, 0x01, 0xF7, 0xF0, 0x00, 0x00, 0xFD, 0xFC, 0x00,
    0x00, 0x3E, 0x7F, 0x00, 0x00, 0x1F, 0x9F, 0xFF, 0xC0, 0x07, 0xC7, 0xFF, 0xF0, 0x03, 0xE1, 0xFF,
    0xFC, 0x01, 0xF8, 0x7F, 0xFF, 0x00, 0x7F, 0xFF, 0xFF, 0xC0, 0x3F, 0xFF, 0xF0, 0x00, 0x0F, 0xFF,
    0xFC, 0x00, 0x07, 0xFF, 0xFF, 0x00, 0x01, 0xFF, 0xFF, 0xC0, 0x00, 0xFF, 0xFF, 0xF0, 0x00, 0x3F,
    0x01, 0xFF, 0xFF, 0xDF, 0x80, 0x7F, 0xFF, 0xF7, 0xE0, 0x1F, 0xFF, 0xFF, 0xF0, 0x07, 0xFF, 0xFF,
    0xFC, 0x01, 0xFF, 0xFF, 0xC0, 0x00, 0x00, 0x00, 0x00, 0x00, 0x03, 0x80, 0x00, 0x00, 0x3F, 0x00,
    0x00, 0x07, 0xFC, 0x00, 0x00, 0x3F, 0xF0, 0x00, 0x00, 0xFC, 0x00, 0x00, 0x01, 0x80, 0x00, 0x00,
    0x00, 0x00, 0x00, 0x0F, 0xFC, 0x7F, 0x80, 0x7F, 0xFF, 0xFF, 0x83, 0xFF, 0xFF, 0xFF, 0x1F, 0xFF,
    0xFF, 0xFC, 0x7E, 0x1F, 0xE1, 0xF8, 0x70, 0x3F, 0x03, 0xE0, 0x00, 0xFC, 0x0F, 0xC0, 0xFF, 0xFF,
    0xFF, 0x1F, 0xFF, 0xFF, 0xFC, 0xFF, 0xFF, 0xFF, 0xF7, 0xF8, 0xFF, 0xFF, 0x9F, 0x83, 0xF0, 0x00,
    0xFC, 0x0F, 0xC0, 0x63, 0xF0, 0x7F, 0x83, 0xEF, 0xE3, 0xFF, 0xFF, 0x9F, 0xFF, 0xFF, 0xFC, 0x7F,
    0xF9, 0xFF, 0xE0, 0xFF, 0x83, 0xFF, 0x00, 0xF8, 0x01, 0xE0, 0x00, 0x00, 0x00, 0x00, 0x00, 0x00,
    0xE0, 0x00, 0x00, 0xFC, 0x00, 0x01, 0xFF, 0x00, 0x00, 0xFF, 0x80, 0x00, 0x3F, 0x00, 0x00, 0x0C,
    0x00, 0x00, 0x00, 0x00, 0x00, 0x00, 0xFF, 0xC3, 0x00, 0xFF, 0xF9, 0xE0, 0x7F, 0xFF, 0xF8, 0x3F,
    0xFF, 0xFC, 0x1F, 0xF3, 0xFF, 0x07, 0xF0, 0x3F, 0x83, 0xF8, 0x0F, 0xE0, 0xFE, 0x07, 0xFC, 0x7F,
    0x03, 0xFF, 0x1F, 0xC1, 0xFF, 0xC7, 0xF0, 0xFF, 0xF1, 0xFC, 0x7E, 0xFC, 0x7F, 0x3F, 0x3F, 0x1F,
    0xDF, 0x8F, 0xC7, 0xFF, 0xC3, 0xF1, 0xFF, 0xE1, 0xFC, 0x7F, 0xF0, 0x7F, 0x0F, 0xF8, 0x1F, 0xC3,
    0xFC, 0x07, 0xF0, 0xFE, 0x03, 0xF8, 0x3F, 0xE1, 0xFE, 0x1F, 0xFF, 0xFF, 0x07, 0xFF, 0xFF, 0x83,
    0xEF, 0xFF, 0xC0, 0x71, 0xFF, 0xC0, 0x00, 0x0F, 0x80, 0x00, 0x00, 0x00, 0x00, 0x01, 0xC0, 0x00,
    0x7E, 0x00, 0x3F, 0xE0, 0x07, 0xFE, 0x00, 0x7E, 0x00, 0x03, 0x00, 0x00, 0x00, 0x00, 0x03, 0xFC,
    0x60, 0xFF, 0xFE, 0x1F, 0xFF, 0xE3, 0xFF, 0xFC, 0x3F, 0x0F, 0xC7, 0xE0, 0xFE, 0x7E, 0x3F, 0xE7,
    0xE7, 0xFE, 0x7E, 0xFF, 0xE7, 0xFF, 0x7E, 0x7F, 0xE7, 0xE7, 0xFC, 0x7E, 0x7F, 0x87, 0xE3, 0xF0,
    0xFC, 0x3F, 0x9F, 0xC7, 0xFF, 0xF8, 0xFF, 0xFF, 0x06, 0x7F, 0xE0, 0x00, 0xF0, 0x00, 0x00, 0x00,
    0x00, 0x06, 0x1C, 0x00, 0x0F, 0x1E, 0x00, 0x0F, 0xBF, 0x00, 0x07, 0xDF, 0x80, 0x03, 0xE7, 0xC0,
    0x00, 0xE3, 0x80, 0x00, 0x00, 0x00, 0x00, 0xFE, 0x00, 0x00, 0xFF, 0x00, 0x00, 0xFF, 0x00, 0x01,
    0xFF, 0x80, 0x01, 0xFF, 0x80, 0x03, 0xFF, 0x80, 0x03, 0xFF, 0xC0, 0x03, 0xEF, 0xC0, 0x07, 0xEF,
    0xC0, 0x07, 0xCF, 0xE0, 0x07, 0xC7, 0xE0, 0x0F, 0xC7, 0xE0, 0x0F, 0x87, 0xF0, 0x0F, 0x83, 0xF0,
    0x1F, 0xFF, 0xF8, 0x1F, 0xFF, 0xF8, 0x3F, 0xFF, 0xF8, 0x3F, 0xFF, 0xFC, 0x3F, 0xFF, 0xFC, 0x7F,
    0xFF, 0xFC, 0x7E, 0x00, 0xFE, 0x7E, 0x00, 0xFE, 0xFC, 0x00, 0x7E, 0xFC, 0x00, 0x7F, 0xFC, 0x00,
    0x7F, 0x00, 0x00, 0x0C, 0x30, 0x0F, 0x3C, 0x0F, 0xDF, 0x83, 0xF7, 0xE0, 0x7D, 0xF0, 0x1C, 0x38,
    0x00, 0x00, 0x07, 0xFC, 0x0F, 0xFF, 0x8F, 0xFF, 0xEF, 0xFF, 0xF7, 0xE1, 0xF8, 0xE0, 0x7C, 0x00,
    0x3E, 0x07, 0xFF, 0x1F, 0xFF, 0x9F, 0xFF, 0xDF, 0xC3, 0xEF, 0xC1, 0xFF, 0xC0, 0xFF, 0xE0, 0xFF,
    0xFD, 0xFE, 0xFF, 0xFF, 0x7F, 0xFF, 0x9F, 0xE7, 0xC3, 0xC0, 0x00, 0x00, 0x7E, 0x00, 0x01, 0xFF,
    0x00, 0x03, 0xFF, 0x80, 0x03, 0xC7, 0xC0, 0x03, 0x83, 0xC0, 0x00, 0x00, 0x00, 0x00, 0x00, 0x00,
    0x00, 0xFE, 0x00, 0x00, 0xFF, 0x00, 0x00, 0xFF, 0x00, 0x01, 0xFF, 0x80, 0x01, 0xFF, 0x80, 0x03,
    0xFF, 0x80, 0x03, 0xFF, 0xC0, 0x03, 0xEF, 0xC0, 0x07, 0xEF, 0xC0, 0x07, 0xCF, 0xE0, 0x07, 0xC7,
    0xE0, 0x0F, 0xC7, 0xE0, 0x0F, 0x87, 0xF0, 0x0F, 0x83, 0xF0, 0x1F, 0xFF, 0xF8, 0x1F, 0xFF, 0xF8,
    0x3F, 0xFF, 0xF8, 0x3F, 0xFF, 0xFC, 0x3F, 0xFF, 0xFC, 0x7F, 0xFF, 0xFC, 0x7E, 0x00, 0xFE, 0x7E,
    0x00, 0xFE, 0xFC, 0x00, 0x7E, 0xFC, 0x00, 0x7F, 0xFC, 0x00, 0x7F, 0x03, 0xF0, 0x03, 0xFE, 0x03,
    0xFF, 0x83, 0xE3, 0xC1, 0xE0, 0xF0, 0x00, 0x00, 0x00, 0x00, 0x0F, 0xF8, 0x1F, 0xFF, 0x1F, 0xFF,
    0xDF, 0xFF, 0xEF, 0xC3, 0xF1, 0xC0, 0xF8, 0x00, 0x7C, 0x0F, 0xFE, 0x3F, 0xFF, 0x3F, 0xFF, 0xBF,
    0x87, 0xDF, 0x83, 0xFF, 0x81, 0xFF, 0xC1, 0xFF, 0xFB, 0xFD, 0xFF, 0xFE, 0xFF, 0xFF, 0x3F, 0xCF,
    0x87, 0x80, 0x00, 0x00, 0x00, 0x07, 0x0C, 0x00, 0xF3, 0xC0, 0x3F, 0x7C, 0x03, 0xF7, 0xE0, 0x1F,
    0x7C, 0x01, 0xC3, 0x80, 0x00, 0x00, 0xFF, 0xFF, 0xDF, 0xFF, 0xFF, 0xFF, 0xFF, 0xFF, 0xFF, 0xFF,
    0xFF, 0xFD, 0xFC, 0x00, 0x3F, 0x80, 0x07, 0xF0, 0x00, 0xFE, 0x00, 0x1F, 0xC0, 0x03, 0xFF, 0xF0,
    0x7F, 0xFF, 0x0F, 0xFF, 0xE1, 0xFF, 0xFC, 0x3F, 0xFF, 0x87, 0xF0, 0x00, 0xFE, 0x00, 0x1F, 0xC0,
    0x03, 0xF8, 0x00, 0x7F, 0x00, 0x0F, 0xFF, 0xFD, 0xFF, 0xFF, 0xFF, 0xFF, 0xFF, 0xFF, 0xFF, 0xFF,
    0xFF, 0xE0, 0x00, 0x00, 0x0C, 0x18, 0x07, 0xCF, 0x01, 0xFF, 0xE0, 0x3F, 0xFC, 0x07, 0xCF, 0x80,
    0x71, 0xC0, 0x00, 0x00, 0x07, 0xF8, 0x07, 0xFF, 0x83, 0xFF, 0xF1, 0xFF, 0xFC, 0x7E, 0x1F, 0xBF,
    0x03, 0xEF, 0xC0, 0xFF, 0xFF, 0xFF, 0xFF, 0xFF, 0xFF, 0xFF, 0xFF, 0xFF, 0xFB, 0xF0, 0x00, 0xFC,
    0x02, 0x1F, 0x81, 0xE7, 0xFF, 0xF8, 0xFF, 0xFE, 0x1F, 0xFF, 0x03, 0xFF, 0x00, 0x1E, 0x00, 0x03,
    0xF0, 0x00, 0xFF, 0x80, 0x3F, 0xF8, 0x0F, 0x8F, 0x01, 0xE0, 0xE0, 0x00, 0x00, 0x00, 0x00, 0x07,
    0xFF, 0xFE, 0xFF, 0xFF, 0xFF, 0xFF, 0xFF, 0xFF, 0xFF, 0xFF, 0xFF, 0xEF, 0xE0, 0x01, 0xFC, 0x00,
    0x3F, 0x80, 0x07, 0xF0, 0x00, 0xFE, 0x00, 0x1F, 0xFF, 0x83, 0xFF, 0xF8, 0x7F, 0xFF, 0x0F, 0xFF,
    0xE1, 0xFF, 0xFC, 0x3F, 0x80, 0x07, 0xF0, 0x00, 0xFE, 0x00, 0x1F, 0xC0, 0x03, 0xF8, 0x00, 0x7F,
    0xFF, 0xEF, 0xFF, 0xFF, 0xFF, 0xFF, 0xFF, 0xFF, 0xFF, 0xFF, 0xFF, 0x03, 0xF0, 0x03, 0xFF, 0x01,
    0xFF, 0xC0, 0x7C, 0xF8, 0x1C, 0x0E, 0x00, 0x00, 0x00, 0x00, 0x00, 0x1F, 0xE0, 0x1F, 0xFE, 0x0F,
    0xFF, 0xC7, 0xFF, 0xF1, 0xF8, 0x7E, 0xFC, 0x0F, 0xBF, 0x03, 0xFF, 0xFF, 0xFF, 0xFF, 0xFF, 0xFF,
    0xFF, 0xFF, 0xFF, 0xEF, 0xC0, 0x03, 0xF0, 0x08, 0x7E, 0x07, 0x9F, 0xFF, 0xE3, 0xFF, 0xF8, 0x7F,
    0xFC, 0x0F, 0xFC, 0x00, 0x78, 0x00, 0x00, 0x00, 0xE1, 0x81, 0xE7, 0x87, 0xEF, 0x87, 0xEF, 0xC3,
    0xEF, 0x83, 0x87, 0x00, 0x00, 0x07, 0xE0, 0x0F, 0xE0, 0x1F, 0xC0, 0x3F, 0x80, 0x7F, 0x00, 0xFE,
    0x01, 0xFC, 0x03, 0xF8, 0x07, 0xF0, 0x0F, 0xE0, 0x1F, 0xC0, 0x3F, 0x80, 0x7F, 0x00, 0xFE, 0x01,
    0xFC, 0x03, 0xF8, 0x07, 0xF0, 0x0F, 0xE0, 0x1F, 0xC0, 0x3F, 0x80, 0x7F, 0x00, 0xFE, 0x01, 0xFC,
    0x03, 0xF8, 0x07, 0xE0, 0x00, 0x00, 0x61, 0x81, 0xE7, 0xC7, 0xEF, 0xC7, 0xEF, 0xC3, 0xEF, 0x83,
    0x87, 0x00, 0x00, 0x03, 0xE0, 0x0F, 0xC0, 0x1F, 0x80, 0x3F, 0x00, 0x7E, 0x00, 0xFC, 0x01, 0xF8,
    0x03, 0xF0, 0x07, 0xE0, 0x0F, 0xC0, 0x1F, 0x80, 0x3F, 0x00, 0x7E, 0x00, 0xFC, 0x01, 0xF8, 0x03,
    0xF0, 0x07, 0xE0, 0x07, 0xC0, 0x1F, 0x81, 0xFF, 0x1F, 0xFD, 0xF1, 0xEF, 0x07, 0x00, 0x00, 0x00,
    0x03, 0xF0, 0x1F, 0xC0, 0xFE, 0x07, 0xF0, 0x3F, 0x81, 0xFC, 0x0F, 0xE0, 0x7F, 0x03, 0xF8, 0x1F,
    0xC0, 0xFE, 0x07, 0xF0, 0x3F, 0x81, 0xFC, 0x0F, 0xE0, 0x7F, 0x03, 0xF8, 0x1F, 0xC0, 0xFE, 0x07,
    0xF0, 0x3F, 0x81, 0xFC, 0x0F, 0xE0, 0x7F, 0x03, 0xF0, 0x1F, 0xC1, 0xFF, 0x1F, 0xFD, 0xF1, 0xFF,
    0x07, 0x80, 0x00, 0x00, 0x01, 0xF0, 0x1F, 0x80, 0xFC, 0x07, 0xE0, 0x3F, 0x01, 0xF8, 0x0F, 0xC0,
    0x7E, 0x03, 0xF0, 0x1F, 0x80, 0xFC, 0x07, 0xE0, 0x3F, 0x01, 0xF8, 0x0F, 0xC0, 0x7E, 0x03, 0xF0,
    0x0F, 0x80, 0x00, 0x00, 0x00, 0x06, 0x0C, 0x00, 0x0F, 0x1E, 0x00, 0x0F, 0xBF, 0x00, 0x07, 0xFF,
    0x80, 0x03, 0xE7, 0xC0, 0x00, 0xE3, 0x80, 0x00, 0x00, 0x00, 0x01, 0xFF, 0x80, 0x07, 0xFF, 0xE0,
    0x0F, 0xFF, 0xF0, 0x1F, 0xFF, 0xF8, 0x3F, 0xE7, 0xFC, 0x3F, 0x81, 0xFC, 0x7F, 0x00, 0xFE, 0x7F,
    0x00, 0xFE, 0x7E, 0x00, 0xFE, 0xFE, 0x00, 0x7E, 0xFE, 0x00, 0x7F, 0xFE, 0x00, 0x7F, 0xFE, 0x00,
    0x7F, 0xFE, 0x00, 0x7F, 0xFE, 0x00, 0x7F, 0xFE, 0x00, 0x7E, 0x7E, 0x00, 0x7E, 0x7F, 0x00, 0xFE,
    0x7F, 0x00, 0xFE, 0x3F, 0x81, 0xFC, 0x3F, 0xC3, 0xFC, 0x1F, 0xFF, 0xF8, 0x0F, 0xFF, 0xF0, 0x07,
    0xFF, 0xE0, 0x03, 0xFF, 0x80, 0x00, 0x3C, 0x00, 0x00, 0x00, 0x0C, 0x18, 0x07, 0xCF, 0x01, 0xFF,
    0xE0, 0x3F, 0xFC, 0x07, 0xCF, 0x80, 0x71, 0xC0, 0x00, 0x00, 0x07, 0xF8, 0x07, 0xFF, 0x83, 0xFF,
    0xF1, 0xFF, 0xFE, 0x7E, 0x1F, 0xBF, 0x03, 0xFF, 0xC0, 0xFF, 0xF0, 0x3F, 0xFC, 0x0F, 0xFF, 0x03,
    0xFF, 0xC0, 0xFF, 0xF0, 0x3F, 0xFC, 0x0F, 0xDF, 0x87, 0xE7, 0xF3, 0xF8, 0xFF, 0xFC, 0x1F, 0xFE,
    0x03, 0xFF, 0x00, 0x1E, 0x00, 0x00, 0x7E, 0x00, 0x01, 0xFF, 0x00, 0x03, 0xFF, 0x80, 0x03, 0xC7,
    0xC0, 0x03, 0x83, 0xC0, 0x00, 0x00, 0x00, 0x00, 0x00, 0x00, 0x01, 0xFF, 0x80, 0x07, 0xFF, 0xE0,
    0x0F, 0xFF, 0xF0, 0x1F, 0xFF, 0xF8, 0x3F, 0xE7, 0xFC, 0x3F, 0x81, 0xFC, 0x7F, 0x00, 0xFE, 0x7F,
    0x00, 0xFE, 0x7E, 0x00, 0xFE, 0xFE, 0x00, 0x7E, 0xFE, 0x00, 0x7F, 0xFE, 0x00, 0x7F, 0xFE, 0x00,
    0x7F, 0xFE, 0x00, 0x7F, 0xFE, 0x00, 0x7F, 0xFE, 0x00, 0x7E, 0x7E, 0x00, 0x7E, 0x7F, 0x00, 0xFE,
    0x7F, 0x00, 0xFE, 0x3F, 0x81, 0xFC, 0x3F, 0xC3, 0xFC, 0x1F, 0xFF, 0xF8, 0x0F, 0xFF, 0xF0, 0x07,
    0xFF, 0xE0, 0x03, 0xFF, 0x80, 0x00, 0x3C, 0x00, 0x03, 0xF0, 0x03, 0xFF, 0x01, 0xFF, 0xC0, 0x7C,
    0x78, 0x1C, 0x0E, 0x00, 0x00, 0x00, 0x00, 0x00, 0x1F, 0xE0, 0x1F, 0xFE, 0x0F, 0xFF, 0xC7, 0xFF,
    0xF9, 0xF8, 0x7E, 0xFC, 0x0F, 0xFF, 0x03, 0xFF, 0xC0, 0xFF, 0xF0, 0x3F, 0xFC, 0x0F, 0xFF, 0x03,
    0xFF, 0xC0, 0xFF, 0xF0, 0x3F, 0x7E, 0x1F, 0x9F, 0xCF, 0xE3, 0xFF, 0xF0, 0x7F, 0xF8, 0x0F, 0xFC,
    0x00, 0x78, 0x00, 0x00, 0x00, 0x00, 0xC3, 0x80, 0x0F, 0x1E, 0x00, 0x7D, 0xF8, 0x01, 0xF7, 0xE0,
    0x07, 0xCF, 0x80, 0x0E, 0x38, 0x00, 0x00, 0x00, 0xFF, 0xFF, 0x07, 0xFF, 0xFE, 0x3F, 0xFF, 0xF9,
    0xFF, 0xFF, 0xEF, 0xFF, 0xFF, 0xFF, 0x01, 0xFF, 0xF8, 0x0F, 0xFF, 0xC0, 0x7F, 0xFE, 0x03, 0xFF,
    0xF0, 0x3F, 0xFF, 0xFF, 0xFD, 0xFF, 0xFF, 0xEF, 0xFF, 0xFE, 0x7F, 0xFF, 0xC3, 0xFF, 0xFE, 0x1F,
    0xC7, 0xF0, 0xFE, 0x1F, 0x87, 0xF0, 0xFE, 0x3F, 0x83, 0xF1, 0xFC, 0x1F, 0xCF, 0xE0, 0xFE, 0x7F,
    0x03, 0xFB, 0xF8, 0x1F, 0xDF, 0xC0, 0x7F, 0xFC, 0x03, 0xF8, 0x00, 0x00, 0x61, 0x81, 0xE7, 0xC7,
    0xEF, 0xC7, 0xEF, 0xC3, 0xEF, 0x83, 0x87, 0x00, 0x00, 0x1F, 0x3E, 0x7E, 0xFC, 0xFF, 0xF9, 0xFF,
    0xF3, 0xFF, 0xE7, 0xF8, 0x0F, 0xE0, 0x1F, 0x80, 0x3F, 0x00, 0x7E, 0x00, 0xFC, 0x01, 0xF8, 0x03,
    0xF0, 0x07, 0xE0, 0x0F, 0xC0, 0x1F, 0x80, 0x3F, 0x00, 0x3E, 0x00, 0x01, 0xF8, 0x00, 0x3F, 0xE0,
    0x03, 0xFF, 0x80, 0x1E, 0x3E, 0x00, 0xE0, 0xF0, 0x00, 0x00, 0x00, 0x00, 0x00, 0x1F, 0xFF, 0xE0,
    0xFF, 0xFF, 0xC7, 0xFF, 0xFF, 0x3F, 0xFF, 0xFD, 0xFF, 0xFF, 0xFF, 0xE0, 0x3F, 0xFF, 0x01, 0xFF,
    0xF8, 0x0F, 0xFF, 0xC0, 0x7F, 0xFE, 0x07, 0xFF, 0xFF, 0xFF, 0xBF, 0xFF, 0xFD, 0xFF, 0xFF, 0xCF,
    0xFF, 0xF8, 0x7F, 0xFF, 0xC3, 0xF8, 0xFE, 0x1F, 0xC3, 0xF0, 0xFE, 0x1F, 0xC7, 0xF0, 0x7E, 0x3F,
    0x83, 0xF9, 0xFC, 0x1F, 0xCF, 0xE0, 0x7F, 0x7F, 0x03, 0xFB, 0xF8, 0x0F, 0xFF, 0x80, 0x7F, 0x1F,
    0xC1, 0xFF, 0x1F, 0xFD, 0xF1, 0xFF, 0x07, 0x80, 0x00, 0x00, 0x0F, 0x9F, 0xFD, 0xFF, 0xFF, 0xFF,
    0xFF, 0xFF, 0xFF, 0xF0, 0x7F, 0x03, 0xF0, 0x1F, 0x80, 0xFC, 0x07, 0xE0, 0x3F, 0x01, 0xF8, 0x0F,
    0xC0, 0x7E, 0x03, 0xF0, 0x1F, 0x80, 0x7C, 0x00, 0x00, 0x00, 0x00, 0xC3, 0x00, 0x1E, 0x7C, 0x03,
    0xF7, 0xE0, 0x1F, 0xBF, 0x00, 0x7D, 0xF0, 0x03, 0x87, 0x00, 0x00, 0x00, 0xFC, 0x01, 0xFF, 0xC0,
    0x1F, 0xFC, 0x01, 0xFF, 0xC0, 0x1F, 0xFC, 0x01, 0xFF, 0xC0, 0x1F, 0xFC, 0x01, 0xFF, 0xC0, 0x1F,
    0xFC, 0x01, 0xFF, 0xC0, 0x1F, 0xFC, 0x01, 0xFF, 0xC0, 0x1F, 0xFC, 0x01, 0xFF, 0xC0, 0x1F, 0xFC,
    0x01, 0xFF, 0xC0, 0x1F, 0xFC, 0x01, 0xFF, 0xC0, 0x1F, 0xFE, 0x03, 0xFF, 0xE0, 0x3F, 0x7F, 0x8F,
    0xF7, 0xFF, 0xFE, 0x3F, 0xFF, 0xC1, 0xFF, 0xFC, 0x0F, 0xFF, 0x00, 0x1F, 0x80, 0x00, 0x00, 0x18,
    0x70, 0x1E, 0x7C, 0x0F, 0xBF, 0x03, 0xEF, 0xC0, 0xF9, 0xF0, 0x1C, 0x70, 0x00, 0x00, 0x7C, 0x0F,
    0xFE, 0x0F, 0xFF, 0x07, 0xFF, 0x83, 0xFF, 0xC1, 0xFF, 0xE0, 0xFF, 0xF0, 0x7F, 0xF8, 0x3F, 0xFC,
    0x1F, 0xFE, 0x0F, 0xFF, 0x07, 0xFF, 0x83, 0xFF, 0xC1, 0xFF, 0xF1, 0xFF, 0xFF, 0xFE, 0xFF, 0xFF,
    0x7F, 0xFF, 0x9F, 0xE7, 0xC3, 0x80, 0x00, 0x01, 0xFC, 0x00, 0x3F, 0xE0, 0x07, 0xFF, 0x00, 0xF8,
    0xF8, 0x0F, 0x07, 0x80, 0x00, 0x00, 0x00, 0x00, 0x0F, 0xC0, 0x1F, 0xFC, 0x01, 0xFF, 0xC0, 0x1F,
    0xFC, 0x01, 0xFF, 0xC0, 0x1F, 0xFC, 0x01, 0xFF, 0xC0, 0x1F, 0xFC, 0x01, 0xFF, 0xC0, 0x1F, 0xFC,
    0x01, 0xFF, 0xC0, 0x1F, 0xFC, 0x01, 0xFF, 0xC0, 0x1F, 0xFC, 0x01, 0xFF, 0xC0, 0x1F, 0xFC, 0x01,
    0xFF, 0xC0, 0x1F, 0xFC, 0x01, 0xFF, 0xE0, 0x3F, 0xFE, 0x03, 0xF7, 0xF8, 0xFF, 0x7F, 0xFF, 0xE3,
    0xFF, 0xFC, 0x1F, 0xFF, 0xC0, 0xFF, 0xF0, 0x01, 0xF8, 0x00, 0x03, 0xF0, 0x07, 0xFC, 0x07, 0xFF,
    0x03, 0xC7, 0xC1, 0xC1, 0xE0, 0x00, 0x00, 0x00, 0x00, 0xF8, 0x1F, 0xFC, 0x1F, 0xFE, 0x0F, 0xFF,
    0x07, 0xFF, 0x83, 0xFF, 0xC1, 0xFF, 0xE0, 0xFF, 0xF0, 0x7F, 0xF8, 0x3F, 0xFC, 0x1F, 0xFE, 0x0F,
    0xFF, 0x07, 0xFF, 0x83, 0xFF, 0xE3, 0xFF, 0xFF, 0xFD, 0xFF, 0xFE, 0xFF, 0xFF, 0x3F, 0xCF, 0x87,
    0x00, 0x00, 0x00, 0x00, 0x00, 0x1F, 0xF8, 0x03, 0xFF, 0xF0, 0x3F, 0xFF, 0xC3, 0xFF, 0xFF, 0x3F,
    0xC7, 0xF1, 0xF8, 0x0F, 0x0F, 0xC0, 0x30, 0x7E, 0x00, 0x03, 0xF8, 0x00, 0x1F, 0xF8, 0x00, 0xFF,
    0xFC, 0x03, 0xFF, 0xF8, 0x0F, 0xFF, 0xF0, 0x3F, 0xFF, 0x80, 0x7F, 0xFE, 0x00, 0x7F, 0xF0, 0x00,
    0x3F, 0xC0, 0x00, 0xFE, 0x70, 0x07, 0xF7, 0xC0, 0x3F, 0x7F, 0x03, 0xFB, 0xFF, 0xFF, 0xCF, 0xFF,
    0xFC, 0x3F, 0xFF, 0xC0, 0x7F, 0xF8, 0x00, 0x3E, 0x00, 0x00, 0x00, 0x00, 0x0F, 0x80, 0x00, 0x7C,
    0x00, 0x03, 0xE0, 0x00, 0x0F, 0x00, 0x00, 0x70, 0x00, 0x03, 0x00, 0x00, 0x00, 0x00, 0x07, 0xF8,
    0x0F, 0xFF, 0x0F, 0xFF, 0xCF, 0xFF, 0xE7, 0xC0, 0xF3, 0xF0, 0x01, 0xFF, 0x00, 0xFF, 0xF0, 0x3F,
    0xFE, 0x0F, 0xFF, 0x83, 0xFF, 0xE0, 0x1F, 0xF1, 0x01, 0xFB, 0xC0, 0x7F, 0xF8, 0xFE, 0xFF, 0xFE,
    0x3F, 0xFE, 0x0F, 0xFE, 0x00, 0xF8, 0x00, 0x00, 0x00, 0x1E, 0x00, 0x0F, 0x00, 0x07, 0x80, 0x03,
    0xC0, 0x01, 0xC0, 0x00, 0xC0, 0x00, 0x00, 0x00, 0xFF, 0xFF, 0xFF, 0xFF, 0xFF, 0xFF, 0xFF, 0xFF,
    0xFF, 0xFF, 0xFF, 0xFF, 0xFF, 0x80, 0xFE, 0x00, 0x07, 0xF0, 0x00, 0x3F, 0x80, 0x01, 0xFC, 0x00,
    0x0F, 0xE0, 0x00, 0x7F, 0x00, 0x03, 0xF8, 0x00, 0x1F, 0xC0, 0x00, 0xFE, 0x00, 0x07, 0xF0, 0x00,
    0x3F, 0x80, 0x01, 0xFC, 0x00, 0x0F, 0xE0, 0x00, 0x7F, 0x00, 0x03, 0xF8, 0x00, 0x1F, 0xC0, 0x00,
    0xFE, 0x00, 0x07, 0xF0, 0x00, 0x3F, 0x80, 0x01, 0xFC, 0x00, 0x00, 0x00, 0x00, 0x00, 0x00, 0x01,
    0xF0, 0x00, 0x0F, 0x80, 0x00, 0x7C, 0x00, 0x01, 0xE0, 0x00, 0x0E, 0x00, 0x00, 0xE0, 0x00, 0x00,
    0x00, 0x00, 0x0F, 0x80, 0x3E, 0x00, 0xF8, 0x03, 0xE0, 0x0F, 0x80, 0x3E, 0x0F, 0xFF, 0xFF, 0xFF,
    0xFF, 0xFF, 0xFF, 0xF1, 0xF8, 0x07, 0xE0, 0x1F, 0x80, 0x7E, 0x01, 0xF8, 0x07, 0xE0, 0x1F, 0x80,
    0x7E, 0x01, 0xF8, 0x07, 0xF0, 0x1F, 0xFC, 0x3F, 0xF0, 0xFF, 0xC1, 0xFF, 0x00, 0x00, 0x00, 0x00,
    0x3E, 0x00, 0xF8, 0x03, 0xE0, 0x07, 0x80, 0x1C, 0x00, 0x60, 0x00, 0x00, 0x00, 0x1C, 0x0F, 0xC3,
    0xFE, 0x7F, 0xC3, 0xF0, 0x08, 0x00, 0x00, 0x78, 0x3F, 0x3F, 0xEF, 0xFD, 0xF8, 0x18, 0x00, 0x0F,
    0x80, 0xFE, 0x0F, 0xF8, 0xF3, 0xEF, 0x8F, 0x00, 0x7C, 0x3F, 0xFF, 0xFF, 0xFF, 0xFF, 0x00, 0x00,
    0xFF, 0xFF, 0xFF, 0xFF, 0xFF, 0xFF, 0xF0, 0xF0, 0x7F, 0xC7, 0x9F, 0xFC, 0x7F, 0xC1, 0xF8, 0x00,
    0xFF, 0xFF, 0xFF, 0xFD, 0xE0, 0xF9, 0xFF, 0x9F, 0xF9, 0xFF, 0x9F, 0xF9, 0xF0, 0x7D, 0xFD, 0xF8,
    0x70, 0xE3, 0x86, 0x00, 0x3C, 0x7E, 0xFF, 0xE7, 0xE7, 0xFF, 0x7E, 0x3C, 0x00, 0x00, 0x30, 0x61,
    0xE3, 0xCF, 0xDF, 0x7F, 0xFB, 0xE7, 0xC7, 0x1C, 0x00, 0x00, 0xF8, 0xF3, 0xEF, 0x8F, 0xF8, 0x3F,
    0x80, 0xF8, 0x00, 0x00, 0x00, 0xE1, 0x81, 0xE7, 0x87, 0xEF, 0x87, 0xEF, 0xC3, 0xEF, 0x83, 0x87,
    0x00, 0x00, 0x1F, 0x81, 0xFF, 0x1F, 0xFD, 0xF1, 0xEF, 0x07, 0x00, 0x33, 0xB9, 0xFF, 0xFD, 0xC0,
    0x1E, 0x7F, 0xF7, 0xCF, 0x00, 0xF7, 0xFF, 0xFF, 0x00, 0xF9, 0xFF, 0x9F, 0xF9, 0xFF, 0x9F, 0xF9,
    0xF0, 0x0F, 0xFF, 0x77, 0xE0, 0x08, 0x0E, 0x0F, 0x07, 0xE1, 0xF8, 0x3F, 0xFD, 0xFE, 0x3C, 0x00,
    0x1E, 0x7C, 0xF8, 0xF0, 0xFF, 0xFF, 0x7E, 0x0F, 0x81, 0xFF, 0x1F, 0xFC, 0xF9, 0xFF, 0x07, 0x80,
    0xFF, 0xFF, 0xFF, 0xFF, 0xFF, 0xFF, 0x7F, 0xE0, 0xFF, 0xFF, 0xFF, 0xFF, 0xFF, 0xFF, 0xFF, 0xF0,
    0x00, 0x00, 0x00, 0xFE, 0x00, 0x03, 0xF8, 0x00, 0x1F, 0xE0, 0x00, 0x7F, 0xC0, 0x01, 0xFF, 0x00,
    0x0F, 0xFE, 0x00, 0x3F, 0xF8, 0x01, 0xFB, 0xE0, 0x07, 0xEF, 0xC0, 0x1F, 0x3F, 0x00, 0xFC, 0xFC,
    0x03, 0xF1, 0xF8, 0x0F, 0x87, 0xE0, 0x7E, 0x1F, 0x81, 0xF8, 0x3F, 0x07, 0xC0, 0xFC, 0x3F, 0x03,
    0xF8, 0xFC, 0x07, 0xE3, 0xE0, 0x1F, 0x9F, 0x80, 0x7F, 0x7F, 0xFF, 0xFF, 0xFF, 0xFF, 0xFF, 0xFF,
    0xFF, 0xFF, 0xFF, 0xFF, 0xFF, 0xFF, 0xFC, 0x00, 0x00, 0x00, 0x01, 0xFF, 0x80, 0x07, 0xFF, 0xC0,
    0x0F, 0xFF, 0xF0, 0x1F, 0xFF, 0xF8, 0x3F, 0xE7, 0xF8, 0x3F, 0x81, 0xFC, 0x7F, 0x00, 0xFC, 0x7E,
    0x00, 0xFE, 0xFE, 0x00, 0x7E, 0xFE, 0x00, 0x7E, 0xFE, 0x00, 0x7E, 0xFE, 0x00, 0x7E, 0xFE, 0x00,
    0x7E, 0xFE, 0x00, 0x7E, 0x7E, 0x00, 0x7E, 0x7E, 0x00, 0xFC, 0x3E, 0x00, 0xFC, 0x3F, 0x00, 0xF8,
    0x1F, 0x81, 0xF8, 0x0F, 0x83, 0xF0, 0x7F, 0xC7, 0xFE, 0x7F, 0xEF, 0xFE, 0x7F, 0xEF, 0xFE, 0x7F,
    0xEF, 0xFE, 0x7F, 0xEF, 0xFE, 0x7C, 0x0F, 0xFE, 0x0F, 0xFF, 0x07, 0xFF, 0x83, 0xFF, 0xC1, 0xFF,
    0xE0, 0xFF, 0xF0, 0x7F, 0xF8, 0x3F, 0xFC, 0x1F, 0xFE, 0x0F, 0xFF, 0x07, 0xFF, 0x83, 0xFF, 0xC1,
    0xFF, 0xF1, 0xFF, 0xFF, 0xFF, 0xFF, 0xFF, 0xFF, 0xFF, 0xFF, 0xE7, 0xFF, 0x80, 0x1F, 0x80, 0x0F,
    0xC0, 0x07, 0xE0, 0x03, 0xF0, 0x00, 0xF8, 0x00, 0xFF, 0xFF, 0xFF, 0xFF, 0xFF, 0xFF, 0xFF, 0xFF,
    0xFF, 0xFF, 0xFF, 0x1F, 0x87, 0xE0, 0x7E, 0x1F, 0x81, 0xF8, 0x7E, 0x07, 0xE1, 0xF8, 0x1F, 0x87,
    0xE0, 0x7E, 0x1F, 0x81, 0xF0, 0x7E, 0x07, 0xC1, 0xF8, 0x3F, 0x07, 0xE0, 0xFC, 0x1F, 0x83, 0xF0,
    0x7E, 0x0F, 0xC1, 0xF8, 0x3E, 0x07, 0xE1, 0xF8, 0x1F, 0x80, 0x00, 0x00, 0x00, 0xE0, 0x00, 0x1F,
    0x80, 0x07, 0xFC, 0x00, 0x7F, 0xC0, 0x01, 0xF8, 0x00, 0x03, 0x00, 0x00, 0x00, 0xFF, 0xFF, 0xDF,
    0xFF, 0xFF, 0xFF, 0xFF, 0xFF, 0xFF, 0xFF, 0xFF, 0xFD, 0xFC, 0x00, 0x3F, 0x80, 0x07, 0xF0, 0x00,
    0xFE, 0x00, 0x1F, 0xC0, 0x03, 0xFF, 0xF0, 0x7F, 0xFF, 0x0F, 0xFF, 0xE1, 0xFF, 0xFC, 0x3F, 0xFF,
    0x87, 0xF0, 0x00, 0xFE, 0x00, 0x1F, 0xC0, 0x03, 0xF8, 0x00, 0x7F, 0x00, 0x0F, 0xFF, 0xFD, 0xFF,
    0xFF, 0xFF, 0xFF, 0xFF, 0xFF, 0xFF, 0xFF, 0xFF, 0xE0, 0x1F, 0x3F, 0x03, 0xE7, 0xE0, 0x7C, 0xFC,
    0x0F, 0x9F, 0x81, 0xF1, 0xE0, 0x00, 0x00, 0x00, 0x00, 0x07, 0xFF, 0xFE, 0xFF, 0xFF, 0xFF, 0xFF,
    0xFF, 0xFF, 0xFF, 0xFF, 0xFF, 0xEF, 0xE0, 0x01, 0xFC, 0x00, 0x3F, 0x80, 0x07, 0xF0, 0x00, 0xFE,
    0x00, 0x1F, 0xFF, 0x83, 0xFF, 0xF8, 0x7F, 0xFF, 0x0F, 0xFF, 0xE1, 0xFF, 0xFC, 0x3F, 0x80, 0x07,
    0xF0, 0x00, 0xFE, 0x00, 0x1F, 0xC0, 0x03, 0xF8, 0x00, 0x7F, 0xFF, 0xEF, 0xFF, 0xFF, 0xFF, 0xFF,
    0xFF, 0xFF, 0xFF, 0xFF, 0xFF, 0xFF, 0xFF, 0xE0, 0x3F, 0xFF, 0xFC, 0x0F, 0xFF, 0xFF, 0x03, 0xFF,
    0xFF, 0xC0, 0xFF, 0xFF, 0xE0, 0x00, 0xFC, 0x00, 0x00, 0x3F, 0x00, 0x00, 0x0F, 0xC0, 0x00, 0x03,
    0xF1, 0xF8, 0x00, 0xFF, 0xFF, 0x80, 0x3F, 0xFF, 0xF0, 0x0F, 0xFF, 0xFE, 0x03, 0xFF, 0xFF, 0x80,
    0xFF, 0x0F, 0xE0, 0x3F, 0x01, 0xFC, 0x0F, 0xC0, 0x7F, 0x03, 0xF0, 0x1F, 0xC0, 0xFC, 0x07, 0xF0,
    0x3F, 0x01, 0xF8, 0x0F, 0xC0, 0x7E, 0x03, 0xF3, 0xFF, 0x80, 0xFC, 0xFF, 0xE0, 0x3F, 0x3F, 0xF0,
    0x0F, 0xCF, 0xF8, 0x03, 0xF3, 0xFC, 0x00, 0x00, 0x3C, 0x00, 0x00, 0x00, 0x00, 0x03, 0x80, 0x03,
    0xF0, 0x07, 0xFC, 0x03, 0xFF, 0x00, 0xFC, 0x00, 0x18, 0x00, 0x00, 0x00, 0xFF, 0xFF, 0xFF, 0xFF,
    0xFF, 0xFF, 0xFF, 0xFF, 0xFF, 0xFF, 0xFF, 0xBF, 0x80, 0x0F, 0xE0, 0x03, 0xF8, 0x00, 0xFE, 0x00,
    0x3F, 0x80, 0x0F, 0xE0, 0x03, 0xF8, 0x00, 0xFE, 0x00, 0x3F, 0x80, 0x0F, 0xE0, 0x03, 0xF8, 0x00,
    0xFE, 0x00, 0x3F, 0x80, 0x0F, 0xE0, 0x03, 0xF8, 0x00, 0xFE, 0x00, 0x3F, 0x80, 0x0F, 0xE0, 0x03,
    0xF8, 0x00, 0xFE, 0x00, 0x00, 0x00, 0x00, 0x00, 0x03, 0xFE, 0x00, 0x1F, 0xFF, 0x00, 0x7F, 0xFF,
    0x01, 0xFF, 0xFF, 0x07, 0xFC, 0xFF, 0x0F, 0xE0, 0x7F, 0x3F, 0x80, 0xFE, 0x7F, 0x00, 0xFC, 0xFC,
    0x01, 0xF3, 0xF8, 0x00, 0x07, 0xFF, 0xE0, 0x0F, 0xFF, 0xC0, 0x1F, 0xFF, 0x80, 0x3F, 0xFF, 0x00,
    0x7F, 0x00, 0x00, 0xFE, 0x00, 0x00, 0xFC, 0x00, 0xE1, 0xFC, 0x01, 0xF3, 0xF8, 0x07, 0xE3, 0xF8,
    0x1F, 0xC7, 0xFC, 0xFF, 0x07, 0xFF, 0xFE, 0x07, 0xFF, 0xF8, 0x07, 0xFF, 0xE0, 0x07, 0xFF, 0x00,
    0x01, 0xF0, 0x00, 0x00, 0x00, 0x00, 0x1F, 0xF8, 0x03, 0xFF, 0xF0, 0x3F, 0xFF, 0xC3, 0xFF, 0xFF,
    0x3F, 0xC7, 0xF1, 0xF8, 0x0F, 0x0F, 0xC0, 0x30, 0x7E, 0x00, 0x03, 0xF8, 0x00, 0x1F, 0xF8, 0x00,
    0xFF, 0xFC, 0x03, 0xFF, 0xF8, 0x0F, 0xFF, 0xF0, 0x3F, 0xFF, 0x80, 0x7F, 0xFE, 0x00, 0x7F, 0xF0,
    0x00, 0x3F, 0xC0, 0x00, 0xFE, 0x70, 0x07, 0xF7, 0xC0, 0x3F, 0x7F, 0x03, 0xFB, 0xFF, 0xFF, 0xCF,
    0xFF, 0xFC, 0x3F, 0xFF, 0xC0, 0x7F, 0xF8, 0x00, 0x3E, 0x00, 0xFD, 0xFF, 0xFF, 0xFF, 0xFF, 0xFF,
    0xFF, 0xFF, 0xFF, 0xFF, 0xFF, 0xFF, 0xFF, 0xFF, 0xFF, 0xFF, 0xFF, 0xFF, 0xFF, 0xFF, 0xFF, 0xFC,
    0xF9, 0xFF, 0xDF, 0xFD, 0xFF, 0xDF, 0xF9, 0xF0, 0x00, 0x00, 0x01, 0xF8, 0x1F, 0xC1, 0xFC, 0x1F,
    0xC1, 0xFC, 0x1F, 0xC1, 0xFC, 0x1F, 0xC1, 0xFC, 0x1F, 0xC1, 0xFC, 0x1F, 0xC1, 0xFC, 0x1F, 0xC1,
    0xFC, 0x1F, 0xC1, 0xFC, 0x1F, 0xC1, 0xFC, 0x1F, 0xC1, 0xFC, 0x1F, 0xC1, 0xFC, 0x1F, 0xC1, 0xF8,
    0x03, 0xF0, 0x3F, 0x03, 0xF0, 0x3F, 0x03, 0xF0, 0x3F, 0x03, 0xF0, 0x3F, 0x03, 0xF0, 0x3F, 0x03,
    0xF0, 0x3F, 0x03, 0xF0, 0x3F, 0x03, 0xF0, 0x3F, 0x03, 0xF0, 0x3F, 0x07, 0xF0, 0x7F, 0xFF, 0xFF,
    0xFF, 0xFF, 0xEF, 0xFE, 0xFF, 0xC3, 0xE0, 0x03, 0xFF, 0xFE, 0x00, 0x00, 0x3F, 0xFF, 0xE0, 0x00,
    0x03, 0xFF, 0xFE, 0x00, 0x00, 0x3F, 0xFF, 0xE0, 0x00, 0x03, 0xFF, 0xFE, 0x00, 0x00, 0x3E, 0x07,
    0xE0, 0x00, 0x03, 0xE0, 0x7E, 0x00, 0x00, 0x3E, 0x07, 0xE0, 0x00, 0x03, 0xE0, 0x7E, 0x00, 0x00,
    0x3E, 0x07, 0xFF, 0xE0, 0x03, 0xE0, 0x7F, 0xFF, 0x00, 0x3E, 0x07, 0xFF, 0xFC, 0x07, 0xE0, 0x7F,
    0xFF, 0xC0, 0x7E, 0x07, 0xFF, 0xFE, 0x07, 0xC0, 0x7E, 0x07, 0xE0, 0x7C, 0x07, 0xE0, 0x7E, 0x07,
    0xC0, 0x7E, 0x03, 0xE0, 0xFC, 0x07, 0xE0, 0x3E, 0x0F, 0xC0, 0x7E, 0x03, 0xE1, 0xF8, 0x07, 0xE0,
    0x7E, 0x7F, 0x80, 0x7F, 0xFF, 0xEF, 0xF8, 0x07, 0xFF, 0xFC, 0xFF, 0x00, 0x7F, 0xFF, 0xCF, 0xE0,
    0x07, 0xFF, 0xF8, 0xFC, 0x00, 0x7F, 0xFE, 0x00, 0x00, 0x00, 0x00, 0x00, 0xFE, 0x01, 0xF8, 0x00,
    0x3F, 0x80, 0x7E, 0x00, 0x0F, 0xE0, 0x1F, 0x80, 0x03, 0xF8, 0x07, 0xE0, 0x00, 0xFE, 0x01, 0xF8,
    0x00, 0x3F, 0x80, 0x7E, 0x00, 0x0F, 0xE0, 0x1F, 0x80, 0x03, 0xF8, 0x07, 0xE0, 0x00, 0xFE, 0x01,
    0xF8, 0x00, 0x3F, 0x80, 0x7E, 0x00, 0x0F, 0xFF, 0xFF, 0xFF, 0xC3, 0xFF, 0xFF, 0xFF, 0xFC, 0xFF,
    0xFF, 0xFF, 0xFF, 0xBF, 0xFF, 0xFF, 0xFF, 0xEF, 0xFF, 0xFF, 0xFF, 0xFF, 0xF8, 0x07, 0xE0, 0x7F,
    0xFE, 0x01, 0xF8, 0x0F, 0xFF, 0x80, 0x7E, 0x03, 0xFF, 0xE0, 0x1F, 0x80, 0xFF, 0xF8, 0x07, 0xE0,
    0x7F, 0xFE, 0x01, 0xFF, 0xFF, 0xFF, 0x80, 0x7F, 0xFF, 0xEF, 0xE0, 0x1F, 0xFF, 0xF3, 0xF8, 0x07,
    0xFF, 0xF8, 0xFE, 0x01, 0xFF, 0xF8, 0x00, 0xFF, 0xFF, 0xE0, 0x3F, 0xFF, 0xFC, 0x0F, 0xFF, 0xFF,
    0x03, 0xFF, 0xFF, 0xC0, 0xFF, 0xFF, 0xE0, 0x00, 0xFC, 0x00, 0x00, 0x3F, 0x00, 0x00, 0x0F, 0xC0,
    0x00, 0x03, 0xF1, 0xF8, 0x00, 0xFF, 0xFF, 0x80, 0x3F, 0xFF, 0xF0, 0x0F, 0xFF, 0xFE, 0x03, 0xFF,
    0xFF, 0x80, 0xFF, 0x0F, 0xF0, 0x3F, 0x01, 0xFC, 0x0F, 0xC0, 0x7F, 0x03, 0xF0, 0x1F, 0xC0, 0xFC,
    0x07, 0xF0, 0x3F, 0x01, 0xFC, 0x0F, 0xC0, 0x7F, 0x03, 0xF0, 0x1F, 0xC0, 0xFC, 0x07, 0xF0, 0x3F,
    0x01, 0xFC, 0x0F, 0xC0, 0x7F, 0x03, 0xF0, 0x1F, 0xC0, 0x00, 0x00, 0x00, 0x00, 0xF0, 0x00, 0x1F,
    0x80, 0x07, 0xFC, 0x00, 0x7F, 0xE0, 0x03, 0xF0, 0x00, 0x0C, 0x00, 0x00, 0x00, 0x00, 0xFE, 0x03,
    0xFF, 0xF0, 0x1F, 0xBF, 0x81, 0xFD, 0xFC, 0x0F, 0xCF, 0xE0, 0xFE, 0x7F, 0x07, 0xE3, 0xF8, 0x7F,
    0x1F, 0xC3, 0xF0, 0xFE, 0x3F, 0x87, 0xF3, 0xF8, 0x3F, 0xFF, 0xC1, 0xFF, 0xFC, 0x0F, 0xFF, 0xF0,
    0x7F, 0xFF, 0xC3, 0xFF, 0xFF, 0x1F, 0xC3, 0xF8, 0xFE, 0x0F, 0xC7, 0xF0, 0x7F, 0x3F, 0x83, 0xF9,
    0xFC, 0x0F, 0xCF, 0xE0, 0x7E, 0x7F, 0x03, 0xFF, 0xF8, 0x0F, 0xFF, 0xC0, 0x7F, 0xFE, 0x01, 0xF8,
    0x00, 0x00, 0x00, 0x07, 0x00, 0x00, 0x1F, 0x80, 0x00, 0xFF, 0x80, 0x01, 0xFF, 0x80, 0x00, 0xFC,
    0x00, 0x00, 0x30, 0x00, 0x00, 0x00, 0xFE, 0x00, 0xFF, 0xF8, 0x07, 0xFF, 0xE0, 0x1F, 0xFF, 0x80,
    0xFF, 0xFE, 0x07, 0xFF, 0xF8, 0x1F, 0xFF, 0xE0, 0xFF, 0xFF, 0x83, 0xFF, 0xFE, 0x1F, 0xFF, 0xF8,
    0xFF, 0xFF, 0xE3, 0xEF, 0xFF, 0x9F, 0xBF, 0xFE, 0xFC, 0xFF, 0xFB, 0xF3, 0xFF, 0xFF, 0x8F, 0xFF,
    0xFC, 0x3F, 0xFF, 0xF0, 0xFF, 0xFF, 0x83, 0xFF, 0xFC, 0x0F, 0xFF, 0xF0, 0x3F, 0xFF, 0x80, 0xFF,
    0xFE, 0x03, 0xFF, 0xF0, 0x0F, 0xFF, 0x80, 0x3F, 0xFE, 0x00, 0xFC, 0x03, 0x81, 0xC0, 0x07, 0x87,
    0x80, 0x0F, 0xFF, 0x00, 0x0F, 0xFC, 0x00, 0x07, 0xE0, 0x00, 0x00, 0x00, 0x00, 0x00, 0x00, 0x7F,
    0x00, 0x3E, 0x7F, 0x00, 0xFC, 0xFE, 0x01, 0xF8, 0xFE, 0x03, 0xE1, 0xFC, 0x0F, 0xC1, 0xFC, 0x1F,
    0x03, 0xF8, 0x7E, 0x03, 0xF8, 0xFC, 0x07, 0xF1, 0xF0, 0x07, 0xF7, 0xE0, 0x0F, 0xEF, 0x80, 0x0F,
    0xFF, 0x00, 0x1F, 0xFE, 0x00, 0x1F, 0xF8, 0x00, 0x3F, 0xF0, 0x00, 0x3F, 0xC0, 0x00, 0x3F, 0x80,
    0x00, 0x7F, 0x00, 0x00, 0xFC, 0x00, 0x01, 0xF8, 0x00, 0xFF, 0xE0, 0x01, 0xFF, 0xC0, 0x03, 0xFF,
    0x00, 0x07, 0xFC, 0x00, 0x0F, 0xF0, 0x00, 0x00, 0x00, 0x00, 0xFE, 0x03, 0xFF, 0xE0, 0x3F, 0xFE,
    0x03, 0xFF, 0xE0, 0x3F, 0xFE, 0x03, 0xFF, 0xE0, 0x3F, 0xFE, 0x03, 0xFF, 0xE0, 0x3F, 0xFE, 0x03,
    0xFF, 0xE0, 0x3F, 0xFE, 0x03, 0xFF, 0xE0, 0x3F, 0xFE, 0x03, 0xFF, 0xE0, 0x3F, 0xFE, 0x03, 0xFF,
    0xE0, 0x3F, 0xFE, 0x03, 0xFF, 0xE0, 0x3F, 0xFE, 0x03, 0xFF, 0xE0, 0x3F, 0xFF, 0xFF, 0xFF, 0xFF,
    0xFF, 0xFF, 0xFF, 0xFF, 0xFF, 0xFF, 0xFF, 0xFF, 0xF0, 0x1F, 0x80, 0x01, 0xF8, 0x00, 0x1F, 0x80,
    0x01, 0xF8, 0x00, 0x0F, 0x80, 0x00, 0xFE, 0x00, 0x00, 0xFF, 0x00, 0x00, 0xFF, 0x00, 0x01, 0xFF,
    0x80, 0x01, 0xFF, 0x80, 0x03, 0xFF, 0x80, 0x03, 0xFF, 0xC0, 0x03, 0xEF, 0xC0, 0x07, 0xEF, 0xC0,
    0x07, 0xCF, 0xE0, 0x07, 0xC7, 0xE0, 0x0F, 0xC7, 0xE0, 0x0F, 0x87, 0xF0, 0x0F, 0x83, 0xF0, 0x1F,
    0xFF, 0xF8, 0x1F, 0xFF, 0xF8, 0x3F, 0xFF, 0xF8, 0x3F, 0xFF, 0xFC, 0x3F, 0xFF, 0xFC, 0x7F, 0xFF,
    0xFC, 0x7E, 0x00, 0xFE, 0x7E, 0x00, 0xFE, 0xFC, 0x00, 0x7E, 0xFC, 0x00, 0x7F, 0xFC, 0x00, 0x7F,
    0xFF, 0xFF, 0xE7, 0xFF, 0xFF, 0x3F, 0xFF, 0xF9, 0xFF, 0xFF, 0xCF, 0xFF, 0xFE, 0x7F, 0x00, 0x03,
    0xF8, 0x00, 0x1F, 0xC0, 0x00, 0xFE, 0x00, 0x07, 0xFF, 0xE0, 0x3F, 0xFF, 0xE1, 0xFF, 0xFF, 0xCF,
    0xFF, 0xFF, 0x7F, 0xFF, 0xFB, 0xF8, 0x3F, 0xFF, 0xC0, 0x7F, 0xFE, 0x03, 0xFF, 0xF0, 0x1F, 0xFF,
    0x80, 0xFF, 0xFC, 0x07, 0xFF, 0xFF, 0xFF, 0xFF, 0xFF, 0xFB, 0xFF, 0xFF, 0x9F, 0xFF, 0xF8, 0xFF,
    0xFF, 0x00, 0xFF, 0xFE, 0x07, 0xFF, 0xFE, 0x3F, 0xFF, 0xF9, 0xFF, 0xFF, 0xEF, 0xFF, 0xFF, 0x7F,
    0x03, 0xFB, 0xF8, 0x0F, 0xDF, 0xC0, 0x7E, 0xFE, 0x03, 0xF7, 0xF0, 0x3F, 0xBF, 0xFF, 0xF9, 0xFF,
    0xFF, 0x8F, 0xFF, 0xF8, 0x7F, 0xFF, 0xF3, 0xFF, 0xFF, 0xDF, 0xC0, 0xFE, 0xFE, 0x03, 0xFF, 0xF0,
    0x1F, 0xFF, 0x80, 0xFF, 0xFC, 0x07, 0xFF, 0xE0, 0xFF, 0xFF, 0xFF, 0xFB, 0xFF, 0xFF, 0xDF, 0xFF,
    0xFC, 0xFF, 0xFF, 0x80, 0xFF, 0xFF, 0xFF, 0xFF, 0xFF, 0xFF, 0xFF, 0xFF, 0xFF, 0xFF, 0xFF, 0xBF,
    0x80, 0x0F, 0xE0, 0x03, 0xF8, 0x00, 0xFE, 0x00, 0x3F, 0x80, 0x0F, 0xE0, 0x03, 0xF8, 0x00, 0xFE,
    0x00, 0x3F, 0x80, 0x0F, 0xE0, 0x03, 0xF8, 0x00, 0xFE, 0x00, 0x3F, 0x80, 0x0F, 0xE0, 0x03, 0xF8,
    0x00, 0xFE, 0x00, 0x3F, 0x80, 0x0F, 0xE0, 0x03, 0xF8, 0x00, 0xFE, 0x00, 0x00, 0x07, 0xFF, 0xFC,
    0x03, 0xFF, 0xFE, 0x01, 0xFF, 0xFF, 0x00, 0xFF, 0xFF, 0x80, 0x7F, 0xFF, 0xC0, 0x3E, 0x07, 0xE0,
    0x1F, 0x03, 0xF0, 0x0F, 0x81, 0xF8, 0x07, 0xC0, 0xFC, 0x03, 0xE0, 0x7E, 0x01, 0xF0, 0x3F, 0x00,
    0xF8, 0x1F, 0x80, 0x7C, 0x0F, 0xC0, 0x7E, 0x07, 0xE0, 0x3F, 0x03, 0xF0, 0x1F, 0x81, 0xF8, 0x0F,
    0x80, 0xFC, 0x07, 0xC0, 0x7E, 0x07, 0xE0, 0x3F, 0x03, 0xE0, 0x1F, 0x8F, 0xFF, 0xFF, 0xFF, 0xFF,
    0xFF, 0xFF, 0xFF, 0xFF, 0xFF, 0xFF, 0xFF, 0xFF, 0xFF, 0xFF, 0xFF, 0xFE, 0x00, 0x0F, 0xFF, 0x00,
    0x07, 0xFF, 0x80, 0x03, 0xFF, 0xC0, 0x01, 0xFF, 0xC0, 0x00, 0x7C, 0xFF, 0xFF, 0xDF, 0xFF, 0xFF,
    0xFF, 0xFF, 0xFF, 0xFF, 0xFF, 0xFF, 0xFD, 0xFC, 0x00, 0x3F, 0x80, 0x07, 0xF0, 0x00, 0xFE, 0x00,
    0x1F, 0xC0, 0x03, 0xFF, 0xF0, 0x7F, 0xFF, 0x0F, 0xFF, 0xE1, 0xFF, 0xFC, 0x3F, 0xFF, 0x87, 0xF0,
    0x00, 0xFE, 0x00, 0x1F, 0xC0, 0x03, 0xF8, 0x00, 0x7F, 0x00, 0x0F, 0xFF, 0xFD, 0xFF, 0xFF, 0xFF,
    0xFF, 0xFF, 0xFF, 0xFF, 0xFF, 0xFF, 0xE0, 0x7E, 0x07, 0xF0, 0x3F, 0x3F, 0x03, 0xF8, 0x1F, 0x9F,
    0xC1, 0xFC, 0x1F, 0xC7, 0xE0, 0xFE, 0x0F, 0xC3, 0xF8, 0x7F, 0x0F, 0xE0, 0xFC, 0x3F, 0x87, 0xE0,
    0x3F, 0x1F, 0xC7, 0xE0, 0x1F, 0x8F, 0xE3, 0xF0, 0x07, 0xE7, 0xF3, 0xF0, 0x03, 0xF3, 0xF9, 0xF8,
    0x00, 0xFF, 0xFF, 0xF8, 0x00, 0x7F, 0xFF, 0xFC, 0x00, 0x7F, 0xFF, 0xFF, 0x00, 0x7F, 0xFF, 0xFF,
    0xC0, 0x7F, 0xFF, 0xFF, 0xF0, 0x3F, 0x0F, 0xE3, 0xF8, 0x1F, 0x87, 0xF0, 0xFC, 0x1F, 0xC3, 0xF8,
    0x7F, 0x0F, 0xC1, 0xFC, 0x3F, 0x87, 0xE0, 0xFE, 0x0F, 0xC3, 0xF0, 0x7F, 0x07, 0xE7, 0xF8, 0x3F,
    0x83, 0xFF, 0xF8, 0x1F, 0xC1, 0xFF, 0xFC, 0x0F, 0xE0, 0x7F, 0xFC, 0x07, 0xF0, 0x1F, 0x80, 0x00,
    0x00, 0x00, 0x1F, 0xF0, 0x03, 0xFF, 0xE0, 0x3F, 0xFF, 0x83, 0xFF, 0xFE, 0x3F, 0xC7, 0xF1, 0xFC,
    0x0F, 0xCF, 0xC0, 0x7E, 0xFC, 0x03, 0xF3, 0xE0, 0x1F, 0x80, 0x01, 0xF8, 0x01, 0xFF, 0xC0, 0x0F,
    0xFC, 0x00, 0x7F, 0xC0, 0x03, 0xFF, 0x80, 0x1F, 0xFE, 0x00, 0x03, 0xF1, 0xC0, 0x1F, 0xBE, 0x00,
    0x7F, 0xF8, 0x03, 0xEF, 0xE0, 0x3F, 0x3F, 0xC7, 0xF8, 0xFF, 0xFF, 0xC7, 0xFF, 0xFC, 0x0F, 0xFF,
    0xC0, 0x3F, 0xF8, 0x00, 0x3E, 0x00, 0xFE, 0x00, 0xFF, 0xF8, 0x07, 0xFF, 0xE0, 0x1F, 0xFF, 0x80,
    0xFF, 0xFE, 0x07, 0xFF, 0xF8, 0x1F, 0xFF, 0xE0, 0xFF, 0xFF, 0x83, 0xFF, 0xFE, 0x1F, 0xFF, 0xF8,
    0xFF, 0xFF, 0xE3, 0xEF, 0xFF, 0x9F, 0xBF, 0xFE, 0xFC, 0xFF, 0xFB, 0xF3, 0xFF, 0xFF, 0x8F, 0xFF,
    0xFC, 0x3F, 0xFF, 0xF0, 0xFF, 0xFF, 0x83, 0xFF, 0xFC, 0x0F, 0xFF, 0xF0, 0x3F, 0xFF, 0x80, 0xFF,
    0xFE, 0x03, 0xFF, 0xF0, 0x0F, 0xFF, 0x80, 0x3F, 0xFE, 0x00, 0xFC, 0x07, 0x83, 0xC0, 0x1E, 0x0F,
    0x00, 0x3F, 0xF8, 0x00, 0xFF, 0xE0, 0x00, 0xFE, 0x00, 0x00, 0x00, 0x00, 0x00, 0x00, 0x3F, 0x80,
    0x3F, 0xFE, 0x01, 0xFF, 0xF8, 0x07, 0xFF, 0xE0, 0x3F, 0xFF, 0x81, 0xFF, 0xFE, 0x07, 0xFF, 0xF8,
    0x3F, 0xFF, 0xE0, 0xFF, 0xFF, 0x87, 0xFF, 0xFE, 0x3F, 0xFF, 0xF8, 0xFB, 0xFF, 0xE7, 0xEF, 0xFF,
    0xBF, 0x3F, 0xFE, 0xFC, 0xFF, 0xFF, 0xE3, 0xFF, 0xFF, 0x0F, 0xFF, 0xFC, 0x3F, 0xFF, 0xE0, 0xFF,
    0xFF, 0x03, 0xFF, 0xFC, 0x0F, 0xFF, 0xE0, 0x3F, 0xFF, 0x80, 0xFF, 0xFC, 0x03, 0xFF, 0xE0, 0x0F,
    0xFF, 0x80, 0x3F, 0xFE, 0x03, 0xFF, 0xF0, 0x1F, 0xBF, 0x81, 0xFD, 0xFC, 0x0F, 0xCF, 0xE0, 0xFE,
    0x7F, 0x07, 0xE3, 0xF8, 0x7F, 0x1F, 0xC3, 0xF0, 0xFE, 0x3F, 0x87, 0xF3, 0xF8, 0x3F, 0xFF, 0xC1,
    0xFF, 0xFC, 0x0F, 0xFF, 0xF0, 0x7F, 0xFF, 0xC3, 0xFF, 0xFF, 0x1F, 0xC3, 0xF8, 0xFE, 0x0F, 0xC7,
    0xF0, 0x7F, 0x3F, 0x83, 0xF9, 0xFC, 0x0F, 0xCF, 0xE0, 0x7E, 0x7F, 0x03, 0xFF, 0xF8, 0x0F, 0xFF,
    0xC0, 0x7F, 0xFE, 0x01, 0xF8, 0x03, 0xFF, 0xFE, 0x07, 0xFF, 0xFC, 0x0F, 0xFF, 0xF8, 0x1F, 0xFF,
    0xF0, 0x3F, 0xFF, 0xE0, 0x7C, 0x0F, 0xC0, 0xF8, 0x1F, 0x81, 0xF0, 0x3F, 0x03, 0xE0, 0x7E, 0x07,
    0xC0, 0xFC, 0x0F, 0x81, 0xF8, 0x1F, 0x03, 0xF0, 0x7E, 0x07, 0xE0, 0xFC, 0x0F, 0xC1, 0xF0, 0x1F,
    0x83, 0xE0, 0x3F, 0x07, 0xC0, 0x7E, 0x1F, 0x80, 0xFC, 0x3F, 0x01, 0xF8, 0xFC, 0x03, 0xF7, 0xF8,
    0x07, 0xFF, 0xF0, 0x0F, 0xFF, 0xC0, 0x1F, 0xFF, 0x00, 0x3F, 0xFC, 0x00, 0x7E, 0x00, 0x00, 0x00,
    0xFF, 0x80, 0x1F, 0xFF, 0xF8, 0x03, 0xFF, 0xFF, 0xC0, 0x3F, 0xFF, 0xFC, 0x03, 0xFF, 0xFF, 0xC0,
    0x7F, 0xFF, 0xFE, 0x07, 0xFF, 0xFF, 0xE0, 0x7F, 0xFF, 0xFE, 0x0F, 0xFF, 0xFF, 0xF0, 0xFF, 0xFF,
    0xFF, 0x0F, 0xFF, 0xFB, 0xF1, 0xFF, 0xFF, 0xBF, 0x9F, 0x7F, 0xF9, 0xFB, 0xF7, 0xFF, 0x9F, 0xFF,
    0x7F, 0xF9, 0xFF, 0xE7, 0xFF, 0x8F, 0xFE, 0x7F, 0xF8, 0xFF, 0xC7, 0xFF, 0x8F, 0xFC, 0x7F, 0xF8,
    0x7F, 0xC7, 0xFF, 0x87, 0xF8, 0x7F, 0xF8, 0x7F, 0x87, 0xFF, 0x83, 0xF8, 0x7F, 0xF8, 0x3F, 0x07,
    0xFF, 0x83, 0xF0, 0x7F, 0xF8, 0x1F, 0x07, 0xF0, 0xFE, 0x01, 0xFF, 0xF0, 0x0F, 0xFF, 0x80, 0x7F,
    0xFC, 0x03, 0xFF, 0xE0, 0x1F, 0xFF, 0x00, 0xFF, 0xF8, 0x07, 0xFF, 0xC0, 0x3F, 0xFE, 0x01, 0xFF,
    0xF0, 0x0F, 0xFF, 0xFF, 0xFF, 0xFF, 0xFF, 0xFF, 0xFF, 0xFF, 0xFF, 0xFF, 0xFF, 0xFF, 0xFF, 0xFF,
    0xC0, 0x3F, 0xFE, 0x01, 0xFF, 0xF0, 0x0F, 0xFF, 0x80, 0x7F, 0xFC, 0x03, 0xFF, 0xE0, 0x1F, 0xFF,
    0x00, 0xFF, 0xF8, 0x07, 0xFF, 0xC0, 0x3F, 0xFE, 0x01, 0xF8, 0x00, 0x00, 0x00, 0x01, 0xFF, 0x80,
    0x07, 0xFF, 0xE0, 0x0F, 0xFF, 0xF0, 0x1F, 0xFF, 0xF8, 0x3F, 0xE7, 0xFC, 0x3F, 0x81, 0xFC, 0x7F,
    0x00, 0xFE, 0x7F, 0x00, 0xFE, 0x7E, 0x00, 0xFE, 0xFE, 0x00, 0x7E, 0xFE, 0x00, 0x7F, 0xFE, 0x00,
    0x7F, 0xFE, 0x00, 0x7F, 0xFE, 0x00, 0x7F, 0xFE, 0x00, 0x7F, 0xFE, 0x00, 0x7E, 0x7E, 0x00, 0x7E,
    0x7F, 0x00, 0xFE, 0x7F, 0x00, 0xFE, 0x3F, 0x81, 0xFC, 0x3F, 0xC3, 0xFC, 0x1F, 0xFF, 0xF8, 0x0F,
    0xFF, 0xF0, 0x07, 0xFF, 0xE0, 0x03, 0xFF, 0x80, 0x00, 0x3C, 0x00, 0xFF, 0xFF, 0xFF, 0xFF, 0xFF,
    0xFF, 0xFF, 0xFF, 0xFF, 0xFF, 0xFF, 0xFF, 0xFF, 0xFF, 0x00, 0xFF, 0xF8, 0x07, 0xFF, 0xC0, 0x3F,
    0xFE, 0x01, 0xFF, 0xF0, 0x0F, 0xFF, 0x80, 0x7F, 0xFC, 0x03, 0xFF, 0xE0, 0x1F, 0xFF, 0x00, 0xFF,
    0xF8, 0x07, 0xFF, 0xC0, 0x3F, 0xFE, 0x01, 0xFF, 0xF0, 0x0F, 0xFF, 0x80, 0x7F, 0xFC, 0x03, 0xFF,
    0xE0, 0x1F, 0xFF, 0x00, 0xFF, 0xF8, 0x07, 0xFF, 0xC0, 0x3F, 0xFE, 0x01, 0xF8, 0xFF, 0xFE, 0x07,
    0xFF, 0xFC, 0x3F, 0xFF, 0xF9, 0xFF, 0xFF, 0xEF, 0xFF, 0xFF, 0x7F, 0x03, 0xFF, 0xF8, 0x0F, 0xFF,
    0xC0, 0x7F, 0xFE, 0x03, 0xFF, 0xF0, 0x1F, 0xFF, 0x81, 0xFF, 0xFF, 0xFF, 0xEF, 0xFF, 0xFF, 0x7F,
    0xFF, 0xF3, 0xFF, 0xFE, 0x1F, 0xFF, 0xC0, 0xFE, 0x00, 0x07, 0xF0, 0x00, 0x3F, 0x80, 0x01, 0xFC,
    0x00, 0x0F, 0xE0, 0x00, 0x7F, 0x00, 0x03, 0xF8, 0x00, 0x1F, 0xC0, 0x00, 0xFC, 0x00, 0x00, 0x00,
    0x00, 0x00, 0x03, 0xFE, 0x00, 0x1F, 0xFF, 0x00, 0x7F, 0xFF, 0x01, 0xFF, 0xFF, 0x07, 0xFC, 0xFF,
    0x0F, 0xE0, 0x7F, 0x3F, 0x80, 0xFE, 0x7F, 0x00, 0xFC, 0xFC, 0x01, 0xF3, 0xF8, 0x00, 0x07, 0xF0,
    0x00, 0x0F, 0xE0, 0x00, 0x1F, 0xC0, 0x00, 0x3F, 0x80, 0x00, 0x7F, 0x00, 0x00, 0xFE, 0x00, 0x00,
    0xFC, 0x00, 0xE1, 0xFC, 0x01, 0xF3, 0xF8, 0x07, 0xE3, 0xF8, 0x1F, 0xC7, 0xFC, 0xFF, 0x07, 0xFF,
    0xFE, 0x07, 0xFF, 0xF8, 0x07, 0xFF, 0xE0, 0x07, 0xFF, 0x00, 0x01, 0xF0, 0x00, 0xFF, 0xFF, 0xFF,
    0xFF, 0xFF, 0xFF, 0xFF, 0xFF, 0xFF, 0xFF, 0xFF, 0xFF, 0xFF, 0x80, 0xFE, 0x00, 0x07, 0xF0, 0x00,
    0x3F, 0x80, 0x01, 0xFC, 0x00, 0x0F, 0xE0, 0x00, 0x7F, 0x00, 0x03, 0xF8, 0x00, 0x1F, 0xC0, 0x00,
    0xFE, 0x00, 0x07, 0xF0, 0x00, 0x3F, 0x80, 0x01, 0xFC, 0x00, 0x0F, 0xE0, 0x00, 0x7F, 0x00, 0x03,
    0xF8, 0x00, 0x1F, 0xC0, 0x00, 0xFE, 0x00, 0x07, 0xF0, 0x00, 0x3F, 0x80, 0x01, 0xFC, 0x00, 0xFE,
    0x00, 0x7C, 0xFE, 0x01, 0xF9, 0xFC, 0x03, 0xF1, 0xFC, 0x07, 0xC3, 0xF8, 0x1F, 0x83, 0xF8, 0x3E,
    0x07, 0xF0, 0xFC, 0x07, 0xF1, 0xF8, 0x0F, 0xE3, 0xE0, 0x0F, 0xEF, 0xC0, 0x1F, 0xDF, 0x00, 0x1F,
    0xFE, 0x00, 0x3F, 0xFC, 0x00, 0x3F, 0xF0, 0x00, 0x7F, 0xE0, 0x00, 0x7F, 0x80, 0x00, 0x7F, 0x00,
    0x00, 0xFE, 0x00, 0x01, 0xF8, 0x00, 0x03, 0xF0, 0x01, 0xFF, 0xC0, 0x03, 0xFF, 0x80, 0x07, 0xFE,
    0x00, 0x0F, 0xF8, 0x00, 0x1F, 0xE0, 0x00, 0x00, 0x00, 0x00, 0x00, 0x07, 0xE0, 0x00, 0x00, 0x0F,
    0xE0, 0x00, 0x00, 0x0F, 0xE0, 0x00, 0x00, 0x0F, 0xE0, 0x00, 0x07, 0xFF, 0xFF, 0xC0, 0x0F, 0xFF,
    0xFF, 0xF0, 0x3F, 0xFF, 0xFF, 0xF8, 0x3F, 0xFF, 0xFF, 0xFC, 0x7F, 0x87, 0xE1, 0xFE, 0x7F, 0x07,
    0xE0, 0xFE, 0xFE, 0x07, 0xE0, 0x7E, 0xFE, 0x07, 0xE0, 0x7E, 0xFE, 0x07, 0xE0, 0x7E, 0xFE, 0x07,
    0xE0, 0x7E, 0xFE, 0x07, 0xE0, 0x7E, 0xFE, 0x07, 0xE0, 0x7E, 0x7E, 0x07, 0xE0, 0xFE, 0x7F, 0x07,
    0xE0, 0xFE, 0x7F, 0xCF, 0xE3, 0xFC, 0x3F, 0xFF, 0xFF, 0xFC, 0x1F, 0xFF, 0xFF, 0xF8, 0x0F, 0xFF,
    0xFF, 0xE0, 0x03, 0xFF, 0xFF, 0x80, 0x00, 0x0F, 0xE0, 0x00, 0x00, 0x0F, 0xE0, 0x00, 0x00, 0x0F,
    0xE0, 0x00, 0x00, 0x07, 0xE0, 0x00, 0x7F, 0x00, 0xFE, 0x7F, 0x80, 0xFC, 0x3F, 0x81, 0xFC, 0x1F,
    0xC1, 0xF8, 0x1F, 0xC3, 0xF0, 0x0F, 0xE7, 0xF0, 0x0F, 0xF7, 0xE0, 0x07, 0xFF, 0xC0, 0x03, 0xFF,
    0xC0, 0x03, 0xFF, 0x80, 0x01, 0xFF, 0x00, 0x00, 0xFF, 0x00, 0x00, 0xFF, 0x00, 0x00, 0xFF, 0x80,
    0x01, 0xFF, 0x80, 0x03, 0xFF, 0xC0, 0x03, 0xFF, 0xE0, 0x07, 0xEF, 0xE0, 0x0F, 0xE7, 0xF0, 0x0F,
    0xC7, 0xF8, 0x1F, 0x83, 0xF8, 0x3F, 0x81, 0xFC, 0x3F, 0x01, 0xFE, 0x7F, 0x00, 0xFE, 0x7E, 0x00,
    0xFF, 0xFE, 0x03, 0xF1, 0xFC, 0x07, 0xE3, 0xF8, 0x0F, 0xC7, 0xF0, 0x1F, 0x8F, 0xE0, 0x3F, 0x1F,
    0xC0, 0x7E, 0x3F, 0x80, 0xFC, 0x7F, 0x01, 0xF8, 0xFE, 0x03, 0xF1, 0xFC, 0x07, 0xE3, 0xF8, 0x0F,
    0xC7, 0xF0, 0x1F, 0x8F, 0xE0, 0x3F, 0x1F, 0xC0, 0x7E, 0x3F, 0x80, 0xFC, 0x7F, 0x01, 0xF8, 0xFE,
    0x03, 0xF1, 0xFC, 0x07, 0xE3, 0xF8, 0x0F, 0xC7, 0xF0, 0x1F, 0x8F, 0xFF, 0xFF, 0xFF, 0xFF, 0xFF,
    0xFF, 0xFF, 0xFF, 0xFF, 0xFF, 0xFF, 0xFF, 0xFF, 0xFE, 0x00, 0x00, 0x7C, 0x00, 0x00, 0xF8, 0x00,
    0x01, 0xF0, 0x00, 0x03, 0xE0, 0x00, 0x07, 0xC0, 0xFC, 0x03, 0xFF, 0xC0, 0x7F, 0xFC, 0x07, 0xFF,
    0xC0, 0x7F, 0xFC, 0x07, 0xFF, 0xC0, 0x7F, 0xFC, 0x07, 0xFF, 0xC0, 0x7F, 0xFC, 0x07, 0xFF, 0xC0,
    0x7F, 0xFC, 0x07, 0xFF, 0xE0, 0x7F, 0xFE, 0x07, 0xFF, 0xFF, 0xFF, 0xFF, 0xFF, 0xF7, 0xFF, 0xFF,
    0x3F, 0xFF, 0xF0, 0xFF, 0x7F, 0x00, 0x07, 0xF0, 0x00, 0x7F, 0x00, 0x07, 0xF0, 0x00, 0x7F, 0x00,
    0x07, 0xF0, 0x00, 0x7F, 0x00, 0x07, 0xF0, 0xFC, 0x0F, 0xC1, 0xFB, 0xF8, 0x3F, 0x07, 0xEF, 0xE0,
    0xFC, 0x1F, 0xBF, 0x83, 0xF0, 0x7E, 0xFE, 0x0F, 0xC1, 0xFB, 0xF8, 0x3F, 0x07, 0xEF, 0xE0, 0xFC,
    0x1F, 0xBF, 0x83, 0xF0, 0x7E, 0xFE, 0x0F, 0xC1, 0xFB, 0xF8, 0x3F, 0x07, 0xEF, 0xE0, 0xFC, 0x1F,
    0xBF, 0x83, 0xF0, 0x7E, 0xFE, 0x0F, 0xC1, 0xFB, 0xF8, 0x3F, 0x07, 0xEF, 0xE0, 0xFC, 0x1F, 0xBF,
    0x83, 0xF0, 0x7E, 0xFE, 0x0F, 0xC1, 0xFB, 0xF8, 0x3F, 0x07, 0xEF, 0xE0, 0xFC, 0x1F, 0xBF, 0x83,
    0xF0, 0x7E, 0xFF, 0xFF, 0xFF, 0xFB, 0xFF, 0xFF, 0xFF, 0xEF, 0xFF, 0xFF, 0xFF, 0xBF, 0xFF, 0xFF,
    0xFE, 0xFF, 0xFF, 0xFF, 0xF8, 0xFC, 0x0F, 0xC1, 0xF8, 0x7F, 0x07, 0xE0, 0xFC, 0x3F, 0x83, 0xF0,
    0x7E, 0x1F, 0xC1, 0xF8, 0x3F, 0x0F, 0xE0, 0xFC, 0x1F, 0x87, 0xF0, 0x7E, 0x0F, 0xC3, 0xF8, 0x3F,
    0x07, 0xE1, 0xFC, 0x1F, 0x83, 0xF0, 0xFE, 0x0F, 0xC1, 0xF8, 0x7F, 0x07, 0xE0, 0xFC, 0x3F, 0x83,
    0xF0, 0x7E, 0x1F, 0xC1, 0xF8, 0x3F, 0x0F, 0xE0, 0xFC, 0x1F, 0x87, 0xF0, 0x7E, 0x0F, 0xC3, 0xF8,
    0x3F, 0x07, 0xE1, 0xFC, 0x1F, 0x83, 0xF0, 0xFE, 0x0F, 0xC1, 0xF8, 0x7F, 0x07, 0xE0, 0xFC, 0x3F,
    0x83, 0xF0, 0x7E, 0x1F, 0xC1, 0xF8, 0x3F, 0x0F, 0xFF, 0xFF, 0xFF, 0xF7, 0xFF, 0xFF, 0xFF, 0xFB,
    0xFF, 0xFF, 0xFF, 0xFD, 0xFF, 0xFF, 0xFF, 0xFE, 0xFF, 0xFF, 0xFF, 0xFF, 0x00, 0x00, 0x00, 0x0F,
    0x80, 0x00, 0x00, 0x07, 0xC0, 0x00, 0x00, 0x03, 0xE0, 0x00, 0x00, 0x01, 0xF0, 0x00, 0x00, 0x00,
    0xF8, 0xFF, 0xF8, 0x00, 0x3F, 0xFE, 0x00, 0x0F, 0xFF, 0x80, 0x03, 0xFF, 0xE0, 0x00, 0xFF, 0xF8,
    0x00, 0x00, 0xFE, 0x00, 0x00, 0x3F, 0x80, 0x00, 0x0F, 0xE0, 0x00, 0x03, 0xF8, 0x00, 0x00, 0xFF,
    0xFE, 0x00, 0x3F, 0xFF, 0xE0, 0x0F, 0xFF, 0xFC, 0x03, 0xFF, 0xFF, 0x80, 0xFF, 0xFF, 0xF0, 0x3F,
    0x81, 0xFC, 0x0F, 0xE0, 0x7F, 0x03, 0xF8, 0x1F, 0xC0, 0xFE, 0x07, 0xF0, 0x3F, 0x81, 0xFC, 0x0F,
    0xE0, 0x7F, 0x03, 0xFF, 0xFF, 0xC0, 0xFF, 0xFF, 0xE0, 0x3F, 0xFF, 0xF0, 0x0F, 0xFF, 0xF8, 0x03,
    0xFF, 0xF8, 0x00, 0xFE, 0x00, 0x07, 0xFF, 0xE0, 0x00, 0x7F, 0xFE, 0x00, 0x07, 0xFF, 0xE0, 0x00,
    0x7F, 0xFE, 0x00, 0x07, 0xFF, 0xE0, 0x00, 0x7F, 0xFE, 0x00, 0x07, 0xFF, 0xE0, 0x00, 0x7F, 0xFE,
    0x00, 0x07, 0xFF, 0xFF, 0xE0, 0x7F, 0xFF, 0xFF, 0x07, 0xFF, 0xFF, 0xF8, 0x7F, 0xFF, 0xFF, 0xC7,
    0xFF, 0xFF, 0xFE, 0x7F, 0xFE, 0x0F, 0xE7, 0xFF, 0xE0, 0x7E, 0x7F, 0xFE, 0x07, 0xE7, 0xFF, 0xE0,
    0x7E, 0x7F, 0xFE, 0x07, 0xE7, 0xFF, 0xE0, 0xFE, 0x7F, 0xFF, 0xFF, 0xC7, 0xFF, 0xFF, 0xFC, 0x7F,
    0xFF, 0xFF, 0x87, 0xFF, 0xFF, 0xF0, 0x7F, 0xFF, 0xFC, 0x07, 0xF0, 0xFE, 0x00, 0x07, 0xF0, 0x00,
    0x3F, 0x80, 0x01, 0xFC, 0x00, 0x0F, 0xE0, 0x00, 0x7F, 0x00, 0x03, 0xF8, 0x00, 0x1F, 0xC0, 0x00,
    0xFE, 0x00, 0x07, 0xFF, 0xF8, 0x3F, 0xFF, 0xF1, 0xFF, 0xFF, 0xCF, 0xFF, 0xFF, 0x7F, 0xFF, 0xFB,
    0xF8, 0x1F, 0xFF, 0xC0, 0x7F, 0xFE, 0x03, 0xFF, 0xF0, 0x1F, 0xFF, 0x80, 0xFF, 0xFC, 0x0F, 0xFF,
    0xFF, 0xFF, 0x7F, 0xFF, 0xFB, 0xFF, 0xFF, 0x9F, 0xFF, 0xF8, 0xFF, 0xFF, 0x00, 0x00, 0x00, 0x00,
    0x07, 0xFE, 0x00, 0x3F, 0xFE, 0x00, 0xFF, 0xFF, 0x03, 0xFF, 0xFF, 0x0F, 0xF1, 0xFE, 0x1F, 0xC0,
    0xFE, 0x7F, 0x00, 0xFC, 0xFC, 0x01, 0xFC, 0xF8, 0x01, 0xF8, 0x00, 0x03, 0xF0, 0x07, 0xFF, 0xE0,
    0x0F, 0xFF, 0xC0, 0x1F, 0xFF, 0x80, 0x3F, 0xFF, 0x00, 0x00, 0x7E, 0x00, 0x00, 0xFC, 0x70, 0x01,
    0xFB, 0xE0, 0x07, 0xF7, 0xE0, 0x0F, 0xCF, 0xE0, 0x3F, 0x8F, 0xF1, 0xFE, 0x0F, 0xFF, 0xFC, 0x1F,
    0xFF, 0xF0, 0x0F, 0xFF, 0xC0, 0x0F, 0xFE, 0x00, 0x03, 0xE0, 0x00, 0x00, 0x00, 0x00, 0x00, 0x7F,
    0x00, 0x3F, 0xE0, 0x3F, 0x80, 0x7F, 0xFC, 0x1F, 0xC0, 0x7F, 0xFF, 0x0F, 0xE0, 0x7F, 0xFF, 0xC7,
    0xF0, 0x7F, 0x9F, 0xF3, 0xF8, 0x3F, 0x03, 0xF9, 0xFC, 0x3F, 0x80, 0xFE, 0xFE, 0x1F, 0x80, 0x7F,
    0x7F, 0x1F, 0xC0, 0x1F, 0xFF, 0x8F, 0xE0, 0x0F, 0xFF, 0xFF, 0xF0, 0x07, 0xFF, 0xFF, 0xF8, 0x03,
    0xFF, 0xFF, 0xFC, 0x01, 0xFF, 0xFF, 0xFE, 0x00, 0xFF, 0xFF, 0xFF, 0x00, 0x7F, 0xFE, 0x3F, 0x80,
    0x3F, 0xFF, 0x1F, 0xC0, 0x1F, 0xFF, 0x87, 0xE0, 0x0F, 0xDF, 0xC3, 0xF8, 0x0F, 0xEF, 0xE1, 0xFC,
    0x07, 0xF7, 0xF0, 0x7F, 0x0F, 0xF3, 0xF8, 0x3F, 0xFF, 0xF1, 0xFC, 0x0F, 0xFF, 0xF8, 0xFE, 0x03,
    0xFF, 0xF0, 0x7F, 0x00, 0x7F, 0xF0, 0x00, 0x00, 0x07, 0xC0, 0x00, 0x03, 0xFF, 0xF8, 0x7F, 0xFF,
    0xC7, 0xFF, 0xFE, 0x7F, 0xFF, 0xF3, 0xFF, 0xFF, 0xBF, 0x80, 0xFD, 0xFC, 0x07, 0xEF, 0xC0, 0x3F,
    0x7E, 0x01, 0xFB, 0xF8, 0x0F, 0xDF, 0xC0, 0x7E, 0x7F, 0xFF, 0xF3, 0xFF, 0xFF, 0x8F, 0xFF, 0xFC,
    0x1F, 0xFF, 0xE0, 0x7F, 0xFF, 0x07, 0xF3, 0xF8, 0x7F, 0x0F, 0xC3, 0xF8, 0x7E, 0x3F, 0x83, 0xF1,
    0xF8, 0x1F, 0x9F, 0xC0, 0xFC, 0xFC, 0x07, 0xEF, 0xE0, 0x3F, 0x7E, 0x01, 0xF8, 0x07, 0xFC, 0x0F,
    0xFF, 0x8F, 0xFF, 0xEF, 0xFF, 0xF7, 0xE1, 0xF8, 0xE0, 0x7C, 0x00, 0x3E, 0x07, 0xFF, 0x1F, 0xFF,
    0x9F, 0xFF, 0xDF, 0xC3, 0xEF, 0xC1, 0xFF, 0xC0, 0xFF, 0xE0, 0xFF, 0xFD, 0xFE, 0xFF, 0xFF, 0x7F,
    0xFF, 0x9F, 0xE7, 0xC3, 0xC0, 0x00, 0x00, 0x00, 0x80, 0x0F, 0xF0, 0x07, 0xFE, 0x03, 0xFF, 0xC0,
    0xFF, 0xF8, 0x3F, 0xFF, 0x0F, 0xE0, 0x01, 0xF0, 0x00, 0x7C, 0x00, 0x0F, 0x1F, 0x01, 0xFF, 0xF8,
    0x7F, 0xFF, 0xCF, 0xFB, 0xFD, 0xFC, 0x1F, 0xBF, 0x81, 0xFF, 0xE0, 0x3F, 0xFC, 0x07, 0xFF, 0x80,
    0xFF, 0xF0, 0x1F, 0xBE, 0x03, 0xF7, 0xE0, 0x7E, 0xFC, 0x1F, 0x8F, 0xEF, 0xF0, 0xFF, 0xFC, 0x1F,
    0xFF, 0x00, 0xFF, 0xC0, 0x03, 0xC0, 0x00, 0xFF, 0xF8, 0x7F, 0xFE, 0x3F, 0xFF, 0x9F, 0xFF, 0xEF,
    0x83, 0xF7, 0xC0, 0xFB, 0xE0, 0x7D, 0xFF, 0xFE, 0xFF, 0xFC, 0x7F, 0xFF, 0x3F, 0xFF, 0xDF, 0x03,
    0xEF, 0x81, 0xFF, 0xC0, 0xFF, 0xFF, 0xFD, 0xFF, 0xFE, 0xFF, 0xFE, 0x7F, 0xFE, 0x00, 0xFF, 0xFF,
    0xFF, 0xFF, 0xFF, 0xFF, 0xFF, 0xC0, 0x7E, 0x03, 0xF0, 0x1F, 0x80, 0xFC, 0x07, 0xE0, 0x3F, 0x01,
    0xF8, 0x0F, 0xC0, 0x7E, 0x03, 0xF0, 0x1F, 0x80, 0xFC, 0x07, 0xE0, 0x00, 0x0F, 0xFF, 0xC0, 0xFF,
    0xFC, 0x0F, 0xFF, 0xC0, 0xFF, 0xFC, 0x0F, 0x0F, 0xC0, 0xF0, 0xFC, 0x0F, 0x0F, 0xC0, 0xF0, 0xFC,
    0x0F, 0x0F, 0xC0, 0xF0, 0xFC, 0x0F, 0x0F, 0xC1, 0xF0, 0xFC, 0x1F, 0x0F, 0xC1, 0xE0, 0xFC, 0x7F,
    0xFF, 0xFF, 0xFF, 0xFF, 0xFF, 0xFF, 0xFF, 0xFF, 0xFF, 0xFC, 0x01, 0xFF, 0xC0, 0x1F, 0xFC, 0x01,
    0xFF, 0x80, 0x1F, 0x07, 0xF8, 0x07, 0xFF, 0x83, 0xFF, 0xF1, 0xFF, 0xFC, 0x7E, 0x1F, 0xBF, 0x03,
    0xEF, 0xC0, 0xFF, 0xFF, 0xFF, 0xFF, 0xFF, 0xFF, 0xFF, 0xFF, 0xFF, 0xFB, 0xF0, 0x00, 0xFC, 0x02,
    0x1F, 0x81, 0xE7, 0xFF, 0xF8, 0xFF, 0xFE, 0x1F, 0xFF, 0x03, 0xFF, 0x00, 0x1E, 0x00, 0xF8, 0x1F,
    0x03, 0xFF, 0x83, 0xE0, 0xFD, 0xF0, 0x7C, 0x1F, 0x1F, 0x0F, 0x87, 0xE3, 0xF1, 0xF0, 0xF8, 0x3E,
    0x3E, 0x3E, 0x07, 0xE7, 0xCF, 0xC0, 0x7F, 0xFF, 0xF0, 0x0F, 0xFF, 0xFE, 0x03, 0xFF, 0xFF, 0xE0,
    0xFF, 0xFF, 0xFE, 0x1F, 0x8F, 0x8F, 0xC3, 0xE1, 0xF0, 0xF8, 0xFC, 0x3E, 0x1F, 0x9F, 0x87, 0xC3,
    0xF7, 0xF0, 0xF8, 0x3F, 0xFC, 0x1F, 0x07, 0xFF, 0x03, 0xE0, 0x7C, 0x0F, 0xF8, 0x0F, 0xFF, 0x0F,
    0xFF, 0xCF, 0xFF, 0xEF, 0xC1, 0xF7, 0xC0, 0xF8, 0x00, 0x7C, 0x03, 0xFE, 0x03, 0xFC, 0x01, 0xFF,
    0x00, 0xFF, 0xC0, 0x03, 0xFF, 0x01, 0xFF, 0xC0, 0xFF, 0xF9, 0xFE, 0xFF, 0xFE, 0x3F, 0xFE, 0x0F,
    0xFE, 0x00, 0xF8, 0x00, 0xF8, 0x0F, 0xFC, 0x0F, 0xFE, 0x0F, 0xFF, 0x07, 0xFF, 0x87, 0xFF, 0xC7,
    0xFF, 0xE3, 0xFF, 0xF3, 0xFF, 0xFB, 0xFF, 0xFD, 0xF7, 0xFF, 0xF3, 0xFF, 0xF1, 0xFF, 0xF8, 0xFF,
    0xF8, 0x7F, 0xF8, 0x3F, 0xFC, 0x1F, 0xFC, 0x0F, 0xFC, 0x07, 0xC0, 0x3C, 0x1E, 0x1E, 0x0F, 0x07,
    0xFF, 0x03, 0xFF, 0x00, 0x7F, 0x00, 0x00, 0x00, 0x00, 0x01, 0xF0, 0x1F, 0xF8, 0x1F, 0xFC, 0x1F,
    0xFE, 0x0F, 0xFF, 0x0F, 0xFF, 0x8F, 0xFF, 0xC7, 0xFF, 0xE7, 0xFF, 0xF7, 0xFF, 0xFB, 0xEF, 0xFF,
    0xE7, 0xFF, 0xE3, 0xFF, 0xF1, 0xFF, 0xF0, 0xFF, 0xF0, 0x7F, 0xF8, 0x3F, 0xF8, 0x1F, 0xF8, 0x0F,
    0x80, 0x7C, 0x07, 0xFF, 0x03, 0xFF, 0xC0, 0xFB, 0xF0, 0x7E, 0xFC, 0x3F, 0x3F, 0x0F, 0x8F, 0xC7,
    0xE3, 0xFF, 0xF0, 0xFF, 0xFC, 0x3F, 0xFF, 0x8F, 0xFF, 0xF3, 0xF0, 0xFC, 0xFC, 0x1F, 0x3F, 0x07,
    0xCF, 0xC1, 0xFB, 0xF0, 0x7F, 0xFC, 0x0F, 0xFF, 0x03, 0xF0, 0x0F, 0xFF, 0xE1, 0xFF, 0xFC, 0x3F,
    0xFF, 0x87, 0xFF, 0xF0, 0xF8, 0x7E, 0x1F, 0x0F, 0xC3, 0xE1, 0xF8, 0x7C, 0x3F, 0x0F, 0x87, 0xE1,
    0xF0, 0xFC, 0x3E, 0x1F, 0x87, 0x83, 0xF1, 0xF0, 0x7E, 0x7E, 0x0F, 0xDF, 0xC1, 0xFF, 0xF0, 0x3F,
    0xFC, 0x07, 0xFF, 0x00, 0xFC, 0x00, 0x00, 0x00, 0xFE, 0x03, 0xFF, 0xF0, 0x3F, 0xFF, 0xC1, 0xFF,
    0xFE, 0x0F, 0xFF, 0xF8, 0xFF, 0xFF, 0xC7, 0xFF, 0xFE, 0x7F, 0xFF, 0xFB, 0xFF, 0xFF, 0xDF, 0xFF,
    0xFF, 0xEF, 0xFE, 0xFF, 0x7F, 0xF7, 0xF3, 0xFF, 0x9F, 0x9F, 0xFC, 0xFC, 0xFF, 0xE7, 0xC7, 0xFF,
    0x1E, 0x3F, 0xF8, 0x01, 0xFF, 0xC0, 0x0F, 0xC0, 0xF8, 0x1F, 0xFE, 0x0F, 0xFF, 0x07, 0xFF, 0x83,
    0xFF, 0xC1, 0xFF, 0xE0, 0xFF, 0xF0, 0x7F, 0xFF, 0xFF, 0xFF, 0xFF, 0xFF, 0xFF, 0xFF, 0xFF, 0xFF,
    0x83, 0xFF, 0xC1, 0xFF, 0xE0, 0xFF, 0xF0, 0x7F, 0xF8, 0x3F, 0xFC, 0x1F, 0xFE, 0x0F, 0xC0, 0x07,
    0xF8, 0x07, 0xFF, 0x83, 0xFF, 0xF1, 0xFF, 0xFE, 0x7E, 0x1F, 0xBF, 0x03, 0xFF, 0xC0, 0xFF, 0xF0,
    0x3F, 0xFC, 0x0F, 0xFF, 0x03, 0xFF, 0xC0, 0xFF, 0xF0, 0x3F, 0xFC, 0x0F, 0xDF, 0x87, 0xE7, 0xF3,
    0xF8, 0xFF, 0xFC, 0x1F, 0xFE, 0x03, 0xFF, 0x00, 0x1E, 0x00, 0xFF, 0xFF, 0xFF, 0xFF, 0xFF, 0xFF,
    0xFF, 0xFF, 0xFF, 0xC1, 0xFF, 0xE0, 0xFF, 0xF0, 0x7F, 0xF8, 0x3F, 0xFC, 0x1F, 0xFE, 0x0F, 0xFF,
    0x07, 0xFF, 0x83, 0xFF, 0xC1, 0xFF, 0xE0, 0xFF, 0xF0, 0x7F, 0xF8, 0x3F, 0xFC, 0x1F, 0xFE, 0x0F,
    0xC0, 0x7C, 0xFE, 0x1F, 0xBF, 0xE3, 0xFF, 0xFE, 0x7F, 0xFF, 0xCF, 0xE1, 0xFD, 0xF8, 0x1F, 0xBF,
    0x03, 0xF7, 0xE0, 0x3E, 0xFC, 0x07, 0xFF, 0x80, 0xFF, 0xF0, 0x1F, 0x7E, 0x07, 0xEF, 0xC0, 0xFD,
    0xFC, 0x1F, 0xBF, 0xCF, 0xF7, 0xFF, 0xFC, 0xFF, 0xFF, 0x1F, 0xBF, 0xC3, 0xF1, 0xE0, 0x7E, 0x00,
    0x0F, 0xC0, 0x01, 0xF8, 0x00, 0x3F, 0x00, 0x03, 0xE0, 0x00, 0x07, 0xF8, 0x0F, 0xFE, 0x0F, 0xFF,
    0x8F, 0xFF, 0xE7, 0xE1, 0xFF, 0xE0, 0x7F, 0xF0, 0x01, 0xF8, 0x00, 0xFC, 0x00, 0x7E, 0x00, 0x3F,
    0x00, 0x1F, 0x80, 0x0F, 0xC0, 0x7B, 0xF0, 0x7D, 0xFC, 0xFC, 0x7F, 0xFE, 0x1F, 0xFE, 0x07, 0xFC,
    0x00, 0x78, 0x00, 0xFF, 0xFF, 0xFF, 0xFF, 0xFF, 0xFF, 0xFF, 0xFF, 0xF0, 0x3E, 0x00, 0x1F, 0x00,
    0x0F, 0x80, 0x07, 0xC0, 0x03, 0xE0, 0x01, 0xF0, 0x00, 0xF8, 0x00, 0x7C, 0x00, 0x3E, 0x00, 0x1F,
    0x00, 0x0F, 0x80, 0x07, 0xC0, 0x03, 0xE0, 0x01, 0xF0, 0x00, 0xFC, 0x03, 0xDF, 0xC0, 0xF9, 0xF8,
    0x1F, 0x3F, 0x83, 0xE3, 0xF0, 0xF8, 0x7E, 0x1F, 0x0F, 0xE3, 0xC0, 0xFC, 0xF8, 0x1F, 0x9F, 0x01,
    0xFB, 0xC0, 0x3F, 0xF8, 0x03, 0xFE, 0x00, 0x7F, 0xC0, 0x0F, 0xF8, 0x00, 0xFE, 0x00, 0x1F, 0xC0,
    0x01, 0xF0, 0x00, 0x3E, 0x00, 0x0F, 0xC0, 0x1F, 0xF0, 0x07, 0xFC, 0x00, 0xFF, 0x80, 0x1F, 0xE0,
    0x03, 0xF0, 0x00, 0x00, 0x1F, 0x00, 0x00, 0x03, 0xE0, 0x00, 0x00, 0x7C, 0x00, 0x00, 0x0F, 0x80,
    0x00, 0x01, 0xF0, 0x00, 0x00, 0x3E, 0x00, 0x00, 0x07, 0xC0, 0x00, 0x7C, 0xF9, 0xF0, 0x3F, 0xFF,
    0xFF, 0x8F, 0xFF, 0xFF, 0xF9, 0xFF, 0xFF, 0xFF, 0x7F, 0x1F, 0xC7, 0xFF, 0xC1, 0xF0, 0x7F, 0xF8,
    0x3E, 0x0F, 0xFF, 0x07, 0xC1, 0xFF, 0xE0, 0xF8, 0x3F, 0xFC, 0x1F, 0x07, 0xFF, 0x83, 0xE0, 0xFF,
    0xF0, 0x7C, 0x1F, 0xFE, 0x0F, 0x83, 0xFF, 0xE1, 0xF0, 0xFE, 0xFF, 0xFF, 0xFF, 0x9F, 0xFF, 0xFF,
    0xF1, 0xFF, 0xFF, 0xFC, 0x1F, 0xDF, 0x7F, 0x00, 0x03, 0xE0, 0x00, 0x00, 0x7C, 0x00, 0x00, 0x0F,
    0x80, 0x00, 0x01, 0xF0, 0x00, 0x00, 0x3E, 0x00, 0x00, 0x07, 0xC0, 0x00, 0x7E, 0x07, 0xC7, 0xF0,
    0x7C, 0x3F, 0x0F, 0x83, 0xF9, 0xF8, 0x1F, 0xFF, 0x00, 0xFF, 0xE0, 0x07, 0xFC, 0x00, 0x7F, 0xC0,
    0x03, 0xF8, 0x00, 0x3F, 0xC0, 0x07, 0xFE, 0x00, 0x7F, 0xE0, 0x0F, 0xFF, 0x01, 0xFB, 0xF8, 0x3F,
    0x1F, 0x83, 0xE1, 0xFC, 0x7C, 0x0F, 0xEF, 0xC0, 0x7E, 0xF8, 0x1F, 0x1F, 0x03, 0xF3, 0xE0, 0x7E,
    0x7C, 0x0F, 0xCF, 0x81, 0xF9, 0xF0, 0x3F, 0x3E, 0x07, 0xE7, 0xC0, 0xFC, 0xF8, 0x1F, 0x9F, 0x03,
    0xF3, 0xE0, 0x7E, 0x7C, 0x0F, 0xCF, 0x81, 0xF9, 0xF0, 0x3F, 0x3F, 0xFF, 0xFF, 0xFF, 0xFF, 0xFF,
    0xFF, 0xFF, 0xFF, 0xFC, 0x00, 0x0F, 0x80, 0x01, 0xF0, 0x00, 0x3E, 0x00, 0x07, 0xC0, 0x7C, 0x0F,
    0xBF, 0x03, 0xEF, 0xC0, 0xFB, 0xF0, 0x3E, 0xFC, 0x0F, 0xBF, 0x03, 0xEF, 0xC0, 0xFB, 0xF0, 0x3E,
    0x7E, 0x1F, 0x9F, 0xFF, 0xE7, 0xFF, 0xF8, 0xFF, 0xFE, 0x1F, 0xCF, 0x80, 0x03, 0xE0, 0x00, 0xF8,
    0x00, 0x3E, 0x00, 0x0F, 0x80, 0x03, 0xE0, 0xF8, 0x7E, 0x1F, 0xF8, 0x7E, 0x1F, 0xF8, 0x7E, 0x1F,
    0xF8, 0x7E, 0x1F, 0xF8, 0x7E, 0x1F, 0xF8, 0x7E, 0x1F, 0xF8, 0x7E, 0x1F, 0xF8, 0x7E, 0x1F, 0xF8,
    0x7E, 0x1F, 0xF8, 0x7E, 0x1F, 0xF8, 0x7E, 0x1F, 0xF8, 0x7E, 0x1F, 0xF8, 0x7E, 0x1F, 0xF8, 0x7E,
    0x1F, 0xFF, 0xFF, 0xFF, 0xFF, 0xFF, 0xFF, 0xFF, 0xFF, 0xFF, 0xFF, 0xFF, 0xFF, 0xF8, 0x7E, 0x1F,
    0x1F, 0x0F, 0xC3, 0xE3, 0xE1, 0xF8, 0x7C, 0x7C, 0x3F, 0x0F, 0x8F, 0x87, 0xE1, 0xF1, 0xF0, 0xFC,
    0x3E, 0x3E, 0x1F, 0x87, 0xC7, 0xC3, 0xF0, 0xF8, 0xF8, 0x7E, 0x1F, 0x1F, 0x0F, 0xC3, 0xE3, 0xE1,
    0xF8, 0x7C, 0x7C, 0x3F, 0x0F, 0x8F, 0x87, 0xE1, 0xF1, 0xF0, 0xFC, 0x3E, 0x3F, 0xFF, 0xFF, 0xF7,
    0xFF, 0xFF, 0xFF, 0xFF, 0xFF, 0xFF, 0xFF, 0xFF, 0xFF, 0xFC, 0x00, 0x00, 0x0F, 0x80, 0x00, 0x01,
    0xF0, 0x00, 0x00, 0x3E, 0x00, 0x00, 0x07, 0xC0, 0xFF, 0xE0, 0x03, 0xFF, 0x80, 0x0F, 0xFE, 0x00,
    0x3F, 0xF8, 0x00, 0x03, 0xE0, 0x00, 0x0F, 0x80, 0x00, 0x3F, 0xFC, 0x00, 0xFF, 0xFC, 0x03, 0xFF,
    0xF8, 0x0F, 0xFF, 0xE0, 0x3E, 0x1F, 0x80, 0xF8, 0x3F, 0x03, 0xE0, 0xFC, 0x0F, 0x83, 0xE0, 0x3F,
    0xFF, 0x80, 0xFF, 0xFE, 0x03, 0xFF, 0xF0, 0x0F, 0xFF, 0x00, 0xF8, 0x00, 0x7D, 0xF0, 0x00, 0xFF,
    0xE0, 0x01, 0xFF, 0xC0, 0x03, 0xFF, 0x80, 0x07, 0xFF, 0x00, 0x0F, 0xFF, 0xF8, 0x1F, 0xFF, 0xFC,
    0x3F, 0xFF, 0xFC, 0x7F, 0xFF, 0xF8, 0xFF, 0xE1, 0xF9, 0xFF, 0xC1, 0xF3, 0xFF, 0x83, 0xE7, 0xFF,
    0x07, 0xCF, 0xFF, 0xFF, 0x9F, 0xFF, 0xFE, 0x3F, 0xFF, 0xF8, 0x7F, 0xFF, 0xE0, 0xF8, 0xF8, 0x00,
    0xF8, 0x00, 0xF8, 0x00, 0xF8, 0x00, 0xF8, 0x00, 0xF8, 0x00, 0xFF, 0xF8, 0xFF, 0xFC, 0xFF, 0xFE,
    0xFF, 0xFF, 0xF8, 0x3F, 0xF8, 0x3F, 0xF8, 0x3F, 0xF8, 0x3F, 0xFF, 0xFF, 0xFF, 0xFE, 0xFF, 0xFC,
    0xFF, 0xF8, 0x07, 0xF8, 0x07, 0xFF, 0x03, 0xFF, 0xE1, 0xFF, 0xFC, 0x7C, 0x1F, 0xBE, 0x03, 0xE0,
    0x00, 0xFC, 0x0F, 0xFF, 0x03, 0xFF, 0xC0, 0xFF, 0xF0, 0x3F, 0xFC, 0x00, 0x3F, 0xF8, 0x0F, 0xBE,
    0x07, 0xE7, 0xE7, 0xF8, 0xFF, 0xFC, 0x1F, 0xFE, 0x03, 0xFE, 0x00, 0x1E, 0x00, 0xF8, 0x07, 0xF8,
    0x3F, 0x07, 0xFF, 0x0F, 0xC3, 0xFF, 0xF3, 0xF1, 0xFF, 0xFC, 0xFC, 0x7E, 0x1F, 0xBF, 0x3F, 0x07,
    0xEF, 0xCF, 0xC0, 0xFF, 0xFF, 0xF0, 0x3F, 0xFF, 0xFC, 0x0F, 0xFF, 0xFF, 0x03, 0xFF, 0xFF, 0xC0,
    0xFF, 0xF3, 0xF0, 0x3F, 0xFC, 0xFC, 0x0F, 0xBF, 0x1F, 0x87, 0xEF, 0xC7, 0xF7, 0xFB, 0xF0, 0xFF,
    0xFC, 0xFC, 0x1F, 0xFE, 0x3F, 0x03, 0xFE, 0x00, 0x00, 0x1E, 0x00, 0x07, 0xFF, 0x8F, 0xFF, 0xCF,
    0xFF, 0xEF, 0xFF, 0xF7, 0xE1, 0xFB, 0xE0, 0xFD, 0xF0, 0x7E, 0xF8, 0x3F, 0x7E, 0x1F, 0x9F, 0xFF,
    0xC7, 0xFF, 0xE1, 0xFF, 0xF0, 0xFF, 0xF8, 0xFC, 0xFC, 0xFC, 0x7E, 0xFC, 0x3F, 0x7E, 0x1F, 0xFE,
    0x0F, 0xC0, 0x00, 0x00, 0x01, 0xC0, 0x00, 0xFC, 0x00, 0x3F, 0xE0, 0x07, 0xFC, 0x00, 0x3F, 0x00,
    0x00, 0x80, 0x00, 0x00, 0x07, 0xF8, 0x07, 0xFF, 0x83, 0xFF, 0xF1, 0xFF, 0xFC, 0x7E, 0x1F, 0xBF,
    0x03, 0xEF, 0xC0, 0xFF, 0xFF, 0xFF, 0xFF, 0xFF, 0xFF, 0xFF, 0xFF, 0xFF, 0xFB, 0xF0, 0x00, 0xFC,
    0x02, 0x1F, 0x81, 0xE7, 0xFF, 0xF8, 0xFF, 0xFE, 0x1F, 0xFF, 0x03, 0xFF, 0x00, 0x1E, 0x00, 0x1F,
    0x3E, 0x07, 0xCF, 0x81, 0xF3, 0xE0, 0x7C, 0xF8, 0x1F, 0x3E, 0x00, 0x00, 0x00, 0x00, 0x00, 0x1F,
    0xE0, 0x1F, 0xFE, 0x0F, 0xFF, 0xC7, 0xFF, 0xF1, 0xF8, 0x7E, 0xFC, 0x0F, 0xBF, 0x03, 0xFF, 0xFF,
    0xFF, 0xFF, 0xFF, 0xFF, 0xFF, 0xFF, 0xFF, 0xEF, 0xC0, 0x03, 0xF0, 0x08, 0x7E, 0x07, 0x9F, 0xFF,
    0xE3, 0xFF, 0xF8, 0x7F, 0xFC, 0x0F, 0xFC, 0x00, 0x78, 0x00, 0x3F, 0x00, 0x07, 0xE0, 0x00, 0xFC,
    0x00, 0x7F, 0xFE, 0x0F, 0xFF, 0xC1, 0xFF, 0xF8, 0x0F, 0xC0, 0x01, 0xF8, 0x00, 0x3F, 0x1F, 0x87,
    0xEF, 0xF8, 0xFF, 0xFF, 0x9F, 0xFF, 0xF3, 0xFC, 0x7E, 0x7F, 0x0F, 0xCF, 0xC1, 0xF9, 0xF8, 0x3F,
    0x3F, 0x07, 0xE7, 0xE0, 0xFC, 0xFC, 0x1F, 0x9F, 0x83, 0xF3, 0xF0, 0x7E, 0x7E, 0x0F, 0xCF, 0xC1,
    0xF9, 0xF8, 0x3F, 0x3F, 0x07, 0xE0, 0x00, 0xFC, 0x00, 0x7F, 0x80, 0x1F, 0xF0, 0x03, 0xFC, 0x00,
    0x7F, 0x80, 0x0F, 0xC0, 0x00, 0x00, 0x03, 0x80, 0xFC, 0x1F, 0xF1, 0xFF, 0x0F, 0xC0, 0x60, 0x00,
    0x00, 0xFF, 0xFF, 0xFF, 0xFF, 0xFF, 0xFF, 0xFF, 0xC0, 0x7E, 0x03, 0xF0, 0x1F, 0x80, 0xFC, 0x07,
    0xE0, 0x3F, 0x01, 0xF8, 0x0F, 0xC0, 0x7E, 0x03, 0xF0, 0x1F, 0x80, 0xFC, 0x07, 0xE0, 0x00, 0x07,
    0xF8, 0x0F, 0xFE, 0x0F, 0xFF, 0x8F, 0xFF, 0xE7, 0xE1, 0xFF, 0xE0, 0x7F, 0xF0, 0x01, 0xFF, 0xE0,
    0xFF, 0xF0, 0x7F, 0xF8, 0x3F, 0xFC, 0x1F, 0x80, 0x0F, 0xC0, 0x7B, 0xF0, 0x7D, 0xFC, 0xFC, 0x7F,
    0xFE, 0x1F, 0xFE, 0x07, 0xFC, 0x00, 0x78, 0x00, 0x07, 0xF8, 0x0F, 0xFF, 0x0F, 0xFF, 0xCF, 0xFF,
    0xE7, 0xC0, 0xF3, 0xF0, 0x01, 0xFF, 0x00, 0xFF, 0xF0, 0x3F, 0xFE, 0x0F, 0xFF, 0x83, 0xFF, 0xE0,
    0x1F, 0xF1, 0x01, 0xFB, 0xC0, 0x7F, 0xF8, 0xFE, 0xFF, 0xFE, 0x3F, 0xFE, 0x0F, 0xFE, 0x00, 0xF8,
    0x00, 0x7D, 0xFB, 0xF7, 0xEF, 0xCF, 0x00, 0x3E, 0xFD, 0xFB, 0xF7, 0xEF, 0xDF, 0xBF, 0x7E, 0xFD,
    0xFB, 0xF7, 0xEF, 0xDF, 0xBF, 0x7E, 0x7C, 0x7D, 0xF7, 0xEF, 0xFF, 0x7F, 0xFB, 0xF7, 0xDF, 0x00,
    0x00, 0x00, 0x01, 0xF0, 0x1F, 0x80, 0xFC, 0x07, 0xE0, 0x3F, 0x01, 0xF8, 0x0F, 0xC0, 0x7E, 0x03,
    0xF0, 0x1F, 0x80, 0xFC, 0x07, 0xE0, 0x3F, 0x01, 0xF8, 0x0F, 0xC0, 0x7E, 0x03, 0xF0, 0x0F, 0x80,
    0x0F, 0x87, 0xE1, 0xF8, 0x7E, 0x1F, 0x83, 0xC0, 0x00, 0x3E, 0x1F, 0x87, 0xE1, 0xF8, 0x7E, 0x1F,
    0x87, 0xE1, 0xF8, 0x7E, 0x1F, 0x87, 0xE1, 0xF8, 0x7E, 0x1F, 0x87, 0xE1, 0xF8, 0x7E, 0x1F, 0x87,
    0xE7, 0xFB, 0xFE, 0xFF, 0xBF, 0xC7, 0xC0, 0x0F, 0xFF, 0xE0, 0x00, 0x7F, 0xFF, 0x00, 0x03, 0xFF,
    0xF8, 0x00, 0x1F, 0xFF, 0xC0, 0x00, 0xF8, 0x7E, 0x00, 0x07, 0xC3, 0xF0, 0x00, 0x3E, 0x1F, 0xFE,
    0x01, 0xF0, 0xFF, 0xFC, 0x0F, 0x87, 0xFF, 0xF0, 0x7C, 0x3F, 0xFF, 0xC3, 0xE1, 0xF8, 0x7E, 0x1E,
    0x0F, 0xC3, 0xF1, 0xF0, 0x7E, 0x1F, 0x9F, 0x83, 0xF0, 0xFD, 0xFC, 0x1F, 0xFF, 0xFF, 0xC0, 0xFF,
    0xFE, 0xFC, 0x07, 0xFF, 0xE7, 0xC0, 0x3F, 0xFE, 0x00, 0x00, 0x00, 0x00, 0xF8, 0x1F, 0x80, 0x1F,
    0x83, 0xF0, 0x03, 0xF0, 0x7E, 0x00, 0x7E, 0x0F, 0xC0, 0x0F, 0xC1, 0xF8, 0x01, 0xF8, 0x3F, 0x00,
    0x3F, 0x07, 0xFF, 0x87, 0xFF, 0xFF, 0xFC, 0xFF, 0xFF, 0xFF, 0xDF, 0xFF, 0xFF, 0xFB, 0xFF, 0xFE,
    0x1F, 0xFE, 0x0F, 0xC3, 0xFF, 0xC1, 0xF8, 0x7F, 0xF8, 0x3F, 0x0F, 0xFF, 0x07, 0xFF, 0xFF, 0xE0,
    0xFF, 0xFE, 0xFC, 0x1F, 0xFF, 0x9F, 0x83, 0xFF, 0xE0, 0x3F, 0x00, 0x07, 0xE0, 0x00, 0xFC, 0x00,
    0x7F, 0xFE, 0x0F, 0xFF, 0xC1, 0xFF, 0xF8, 0x0F, 0xC0, 0x01, 0xF8, 0x00, 0x3F, 0x1F, 0x87, 0xEF,
    0xF8, 0xFF, 0xFF, 0x9F, 0xFF, 0xF3, 0xFC, 0x7E, 0x7F, 0x0F, 0xCF, 0xC1, 0xF9, 0xF8, 0x3F, 0x3F,
    0x07, 0xE7, 0xE0, 0xFC, 0xFC, 0x1F, 0x9F, 0x83, 0xF3, 0xF0, 0x7E, 0x7E, 0x0F, 0xCF, 0xC1, 0xF9,
    0xF8, 0x3F, 0x3F, 0x07, 0xE0, 0x00, 0x00, 0x00, 0x07, 0x00, 0x0F, 0xC0, 0x0F, 0xF8, 0x0F, 0xFC,
    0x01, 0xF8, 0x00, 0x60, 0x00, 0x00, 0x00, 0x7C, 0x07, 0xFF, 0x03, 0xFF, 0xC0, 0xFB, 0xF0, 0x7E,
    0xFC, 0x3F, 0x3F, 0x0F, 0x8F, 0xC7, 0xE3, 0xFF, 0xF0, 0xFF, 0xFC, 0x3F, 0xFF, 0x8F, 0xFF, 0xF3,
    0xF0, 0xFC, 0xFC, 0x1F, 0x3F, 0x07, 0xCF, 0xC1, 0xFB, 0xF0, 0x7F, 0xFC, 0x0F, 0xFF, 0x03, 0xF0,
    0x00, 0x00, 0x07, 0x00, 0x03, 0xF0, 0x03, 0xFE, 0x00, 0xFF, 0xC0, 0x0F, 0xC0, 0x00, 0x60, 0x00,
    0x00, 0xF8, 0x0F, 0xFC, 0x0F, 0xFE, 0x0F, 0xFF, 0x07, 0xFF, 0x87, 0xFF, 0xC7, 0xFF, 0xE3, 0xFF,
    0xF3, 0xFF, 0xFB, 0xFF, 0xFD, 0xF7, 0xFF, 0xF3, 0xFF, 0xF1, 0xFF, 0xF8, 0xFF, 0xF8, 0x7F, 0xF8,
    0x3F, 0xFC, 0x1F, 0xFC, 0x0F, 0xFC, 0x07, 0xC0, 0x0F, 0x07, 0x01, 0xE1, 0xE0, 0x3F, 0xFC, 0x03,
    0xFF, 0x00, 0x1F, 0xC0, 0x00, 0x00, 0x00, 0x00, 0x07, 0xE0, 0x1E, 0xFE, 0x07, 0xCF, 0xC0, 0xF9,
    0xFC, 0x1F, 0x1F, 0x87, 0xC3, 0xF0, 0xF8, 0x7F, 0x1E, 0x07, 0xE7, 0xC0, 0xFC, 0xF8, 0x0F, 0xDE,
    0x01, 0xFF, 0xC0, 0x1F, 0xF0, 0x03, 0xFE, 0x00, 0x7F, 0xC0, 0x07, 0xF0, 0x00, 0xFE, 0x00, 0x0F,
    0x80, 0x01, 0xF0, 0x00, 0x7E, 0x00, 0xFF, 0x80, 0x3F, 0xE0, 0x07, 0xFC, 0x00, 0xFF, 0x00, 0x1F,
    0x80, 0x00, 0xF8, 0x1F, 0xFE, 0x0F, 0xFF, 0x07, 0xFF, 0x83, 0xFF, 0xC1, 0xFF, 0xE0, 0xFF, 0xF0,
    0x7F, 0xF8, 0x3F, 0xFC, 0x1F, 0xFE, 0x0F, 0xFF, 0x07, 0xFF, 0x83, 0xFF, 0xC1, 0xFF, 0xE0, 0xFF,
    0xFF, 0xFF, 0xFF, 0xFF, 0xFF, 0xFF, 0xFF, 0xFF, 0xC0, 0xF8, 0x00, 0x7C, 0x00, 0x3E, 0x00, 0x1F,
    0x00, 0x0F, 0x00, 0x0F, 0xC0, 0x00, 0x07, 0xE0, 0x00, 0x03, 0xF0, 0x00, 0x1F, 0xFF, 0xF0, 0x0F,
    0xFF, 0xF8, 0x07, 0xFF, 0xFC, 0x03, 0xFF, 0xFE, 0x00, 0x1F, 0x80, 0x00, 0x0F, 0xC0, 0x00, 0x07,
    0xE0, 0x00, 0x03, 0xFF, 0xF8, 0x01, 0xFF, 0xFF, 0x00, 0xFF, 0xFF, 0xE0, 0x7F, 0xFF, 0xF0, 0x3F,
    0xFF, 0xFC, 0x1F, 0x80, 0xFE, 0x0F, 0xC0, 0x3F, 0x87, 0xE0, 0x1F, 0xC3, 0xF0, 0x0F, 0xE1, 0xF8,
    0x07, 0xF0, 0xFC, 0x07, 0xF0, 0x7F, 0xFF, 0xF8, 0x3F, 0xFF, 0xF8, 0x1F, 0xFF, 0xFC, 0x0F, 0xFF,
    0xF8, 0x07, 0xFF, 0xF8, 0x00, 0x0F, 0x80, 0x00, 0xF8, 0x00, 0x0F, 0x80, 0x00, 0xF8, 0x00, 0x0F,
    0x80, 0x07, 0xFF, 0xC0, 0xFF, 0xFC, 0x0F, 0xFF, 0xC0, 0xFF, 0xFC, 0x07, 0xFF, 0xC0, 0x0F, 0x80,
    0x00, 0xF8, 0x00, 0x0F, 0x80, 0x00, 0xFF, 0xF8, 0x0F, 0xFF, 0xC0, 0xFF, 0xFE, 0x0F, 0xFF, 0xF0,
    0xF8, 0x3F, 0x0F, 0x83, 0xF0, 0xF8, 0x3F, 0x0F, 0x83, 0xF0, 0xFF, 0xFF, 0x0F, 0xFF, 0xE0, 0xFF,
    0xFC, 0x0F, 0xFF, 0x80, 0x1F, 0xFF, 0xFF, 0xC0, 0xFF, 0xFF, 0xFE, 0x07, 0xFF, 0xFF, 0xE0, 0x1F,
    0xC0, 0x1F, 0x00, 0x7E, 0x01, 0xF0, 0x03, 0xF8, 0x1F, 0x00, 0x0F, 0xC0, 0xF8, 0x00, 0x3F, 0x0F,
    0x80, 0x01, 0xFC, 0xF8, 0x00, 0x07, 0xE7, 0xC0, 0x00, 0x1F, 0xFC, 0x00, 0x07, 0xFF, 0xFC, 0x00,
    0xFF, 0xFF, 0xF8, 0x0F, 0xFF, 0xFF, 0xE0, 0xFF, 0xFF, 0xFF, 0x87, 0xF3, 0xF9, 0xFC, 0x3F, 0x1F,
    0xC7, 0xE3, 0xF8, 0xFE, 0x3F, 0x9F, 0xC7, 0xF1, 0xFC, 0xFC, 0x3F, 0x87, 0xE7, 0xE1, 0xFC, 0x3F,
    0x7F, 0x0F, 0xE1, 0xFB, 0xF8, 0x7F, 0x0F, 0xFF, 0x83, 0xF8, 0x7F, 0xFC, 0x0F, 0x81, 0xF8, 0x3F,
    0xFF, 0xFC, 0x3F, 0xFF, 0xFC, 0x1F, 0xFF, 0xF8, 0x0F, 0xC0, 0xF0, 0x0F, 0xC1, 0xE0, 0x07, 0xE3,
    0xC0, 0x03, 0xF7, 0xC0, 0x01, 0xFF, 0x80, 0x1F, 0xFF, 0xF8, 0x3F, 0xFF, 0xFC, 0x3F, 0xFF, 0xFC,
    0x7E, 0x7E, 0x7E, 0x7E, 0x7E, 0x7E, 0x7C, 0x7E, 0x7E, 0x7C, 0x7E, 0x3E, 0xFC, 0x7E, 0x3F, 0xFC,
    0x7E, 0x3F, 0xFC, 0x7E, 0x3F, 0x00, 0x7E, 0x00, 0x03, 0xFF, 0xC0, 0x07, 0xFF, 0xE0, 0x0F, 0xFF,
    0xF0, 0x1F, 0xFF, 0xF8, 0x3F, 0xC3, 0xFC, 0x3F, 0x01, 0xFC, 0x7F, 0x00, 0xFE, 0x7F, 0x00, 0xFE,
    0x7E, 0x00, 0x7E, 0xFE, 0x00, 0x7E, 0xFF, 0xFF, 0xFF, 0xFF, 0xFF, 0xFF, 0xFF, 0xFF, 0xFF, 0xFF,
    0xFF, 0xFF, 0xFF, 0xFF, 0xFF, 0xFE, 0x00, 0x7E, 0x7E, 0x00, 0xFE, 0x7F, 0x00, 0xFE, 0x7F, 0x00,
    0xFE, 0x3F, 0x81, 0xFC, 0x3F, 0xFF, 0xF8, 0x1F, 0xFF, 0xF8, 0x0F, 0xFF, 0xF0, 0x07, 0xFF, 0xC0,
    0x01, 0xFF, 0x00, 0x07, 0xF8, 0x07, 0xFF, 0x83, 0xFF, 0xF1, 0xFF, 0xFE, 0x7E, 0x1F, 0xBF, 0x03,
    0xFF, 0xC0, 0xFF, 0xFF, 0xFF, 0xFF, 0xFF, 0xFF, 0xFF, 0xFF, 0xFF, 0xFF, 0xF0, 0x3F, 0xFC, 0x0F,
    0xDF, 0x87, 0xE7, 0xF3, 0xF8, 0xFF, 0xFC, 0x1F, 0xFE, 0x03, 0xFF, 0x00, 0x1E, 0x00, 0x00, 0x00,
    0x00, 0x7E, 0x00, 0x0F, 0xBF, 0x80, 0x0F, 0xFF, 0xC0, 0x0F, 0xE7, 0xE0, 0x0F, 0xF3, 0xF8, 0x07,
    0xF9, 0xFC, 0x07, 0xF0, 0x7E, 0x03, 0xF0, 0x3F, 0x81, 0xF0, 0x1F, 0xC1, 0xF8, 0x07, 0xE0, 0xFC,
    0x03, 0xF8, 0x7C, 0x01, 0xFC, 0x7E, 0x00, 0x7E, 0x3F, 0x00, 0x3F, 0x9F, 0x00, 0x1F, 0xCF, 0x80,
    0x07, 0xEF, 0xC0, 0x03, 0xFF, 0xC0, 0x01, 0xFF, 0xE0, 0x00, 0x7F, 0xF0, 0x00, 0x3F, 0xF0, 0x00,
    0x1F, 0xF8, 0x00, 0x07, 0xFC, 0x00, 0x03, 0xFC, 0x00, 0x01, 0xFE, 0x00, 0x00, 0x7F, 0x00, 0x00,
    0x00, 0x00, 0x07, 0xE0, 0x07, 0xDF, 0x80, 0xFE, 0xFC, 0x07, 0xF7, 0xF0, 0x7F, 0x1F, 0x83, 0xF8,
    0xFC, 0x3F, 0x03, 0xF1, 0xF0, 0x1F, 0x8F, 0x80, 0xFE, 0xF8, 0x03, 0xF7, 0xC0, 0x1F, 0xBE, 0x00,
    0x7F, 0xE0, 0x03, 0xFF, 0x00, 0x1F, 0xF8, 0x00, 0x7F, 0x80, 0x03, 0xFC, 0x00, 0x0F, 0xC0, 0x00,
    0x7E, 0x00, 0x07, 0x83, 0xC0, 0x01, 0xE1, 0xF0, 0x00, 0x3F, 0xF8, 0x00, 0x07, 0xFC, 0x00, 0x00,
    0xFE, 0x00, 0x00, 0x00, 0x00, 0x00, 0x00, 0x00, 0x03, 0xF8, 0x03, 0xF0, 0xFE, 0x01, 0xFC, 0x3F,
    0x80, 0x7F, 0x0F, 0xE0, 0x3F, 0xC3, 0xF8, 0x1F, 0xF0, 0xFE, 0x07, 0xFC, 0x3F, 0x83, 0xFF, 0x0F,
    0xE0, 0xFF, 0xC3, 0xF8, 0x7F, 0xF0, 0xFE, 0x3F, 0xFC, 0x3F, 0x8F, 0xBF, 0x0F, 0xE7, 0xEF, 0xC3,
    0xFB, 0xF3, 0xF0, 0xFE, 0xFC, 0xFC, 0x3F, 0xFE, 0x3F, 0x0F, 0xFF, 0x0F, 0xC3, 0xFF, 0xC3, 0xF0,
    0xFF, 0xE0, 0xFC, 0x3F, 0xF0, 0x3F, 0x0F, 0xFC, 0x0F, 0xC3, 0xFE, 0x03, 0xFE, 0xFF, 0x80, 0xFF,
    0xBF, 0xC0, 0x3F, 0xEF, 0xE0, 0x0F, 0xFB, 0xF8, 0x03, 0xFC, 0x00, 0x00, 0x1F, 0x00, 0x00, 0x07,
    0x80, 0x00, 0x03, 0xE0, 0x00, 0x00, 0xF8, 0x00, 0x00, 0x3C, 0x00, 0x3C, 0x1E, 0x03, 0xC1, 0xE0,
    0x1F, 0xFC, 0x01, 0xFF, 0x80, 0x07, 0xF0, 0x00, 0x00, 0x00, 0x00, 0x00, 0x0F, 0x80, 0xF8, 0xF8,
    0x1F, 0x8F, 0x83, 0xF8, 0xF8, 0x3F, 0x8F, 0x87, 0xF8, 0xF8, 0xFF, 0x8F, 0x8F, 0xF8, 0xF9, 0xFF,
    0x8F, 0xBF, 0xF8, 0xFB, 0xEF, 0x8F, 0xFC, 0xF8, 0xFF, 0x8F, 0x8F, 0xF8, 0xF8, 0xFF, 0x0F, 0x8F,
    0xE0, 0xFE, 0xFE, 0x0F, 0xEF, 0xC0, 0xFE, 0xF8, 0x0F, 0xE0, 0x00, 0x3C, 0x00, 0x03, 0xC0, 0x00,
    0x7C, 0x00, 0x07, 0x80, 0x0F, 0xC0, 0x00, 0x07, 0xE0, 0x00, 0x03, 0xF0, 0x00, 0x1F, 0xFF, 0xE0,
    0x0F, 0xFF, 0xF0, 0x07, 0xFF, 0xF8, 0x03, 0xFF, 0xF8, 0x00, 0x1F, 0x80, 0x00, 0x0F, 0xC0, 0x00,
    0x07, 0xE0, 0x00, 0x03, 0xFF, 0xFC, 0x01, 0xFF, 0xFF, 0x00, 0xFF, 0xFF, 0xE0, 0x7F, 0xFF, 0xF0,
    0x3F, 0xFF, 0xFC, 0x1F, 0x80, 0xFE, 0x0F, 0xC0, 0x3F, 0x07, 0xE0, 0x1F, 0x83, 0xF0, 0x0F, 0xC1,
    0xF8, 0x07, 0xE0, 0xFC, 0x07, 0xF0, 0x7F, 0xFF, 0xF8, 0x3F, 0xFF, 0xF8, 0x1F, 0xFF, 0xF8, 0x0F,
    0xFF, 0xF8, 0x07, 0xFF, 0xF0, 0x00, 0x1F, 0x80, 0x01, 0xF8, 0x00, 0x1F, 0x80, 0x01, 0xF8, 0x00,
    0x1F, 0x80, 0x01, 0xF8, 0x00, 0xFF, 0xF8, 0x0F, 0xFF, 0x80, 0xFF, 0xF8, 0x0F, 0xFF, 0x80, 0x1F,
    0x80, 0x01, 0xF8, 0x00, 0x1F, 0x80, 0x01, 0xFF, 0xF0, 0x1F, 0xFF, 0xC1, 0xFF, 0xFE, 0x1F, 0xFF,
    0xE1, 0xF8, 0x7E, 0x1F, 0x83, 0xF1, 0xF8, 0x3F, 0x1F, 0x87, 0xE1, 0xFF, 0xFE, 0x1F, 0xFF, 0xE1,
    0xFF, 0xFC, 0x1F, 0xFF, 0x00, 0xFF, 0xFE, 0x07, 0xFF, 0xFE, 0x3F, 0xFF, 0xF9, 0xFF, 0xFF, 0xEF,
    0xFF, 0xFF, 0x7F, 0x01, 0xFF, 0xF8, 0x07, 0xFF, 0xC0, 0x3F, 0xFE, 0x39, 0xFF, 0xF1, 0xEF, 0xFF,
    0x87, 0xFF, 0xFF, 0xFF, 0xEF, 0xFF, 0xFF, 0x7F, 0xFF, 0xF3, 0xFF, 0xFF, 0x1F, 0xFF, 0xF8, 0xFE,
    0x01, 0xE7, 0xF0, 0x07, 0x3F, 0x80, 0x01, 0xFC, 0x00, 0x0F, 0xE0, 0x00, 0x7F, 0x00, 0x03, 0xF8,
    0x00, 0x1F, 0xC0, 0x00, 0xFE, 0x00, 0x00, 0x7C, 0xFE, 0x1F, 0xBF, 0xE3, 0xFF, 0xFE, 0x7F, 0xFF,
    0xCF, 0xE1, 0xFD, 0xF8, 0x1F, 0xBF, 0x03, 0xF7, 0xE0, 0x3E, 0xFC, 0x07, 0xFF, 0x80, 0xFF, 0xF0,
    0x1F, 0x7E, 0x37, 0xEF, 0xCF, 0xFD, 0xFC, 0xFF, 0xBF, 0xDF, 0xF7, 0xFF, 0xFC, 0xFF, 0xFF, 0x1F,
    0xBF, 0xC3, 0xF1, 0xFC, 0x7E, 0x03, 0x8F, 0xC0, 0x71, 0xF8, 0x00, 0x3F, 0x00, 0x03, 0xE0, 0x00,
    0x00, 0x00, 0x00, 0x03, 0xF0, 0x00, 0xFC, 0x00, 0x3F, 0x00, 0x0F, 0xFF, 0xFF, 0xFF, 0xFF, 0xFF,
    0xFF, 0xFF, 0xFF, 0xFF, 0xFF, 0xFF, 0xEF, 0xE0, 0x03, 0xF8, 0x00, 0xFE, 0x00, 0x3F, 0x80, 0x0F,
    0xE0, 0x03, 0xF8, 0x00, 0xFE, 0x00, 0x3F, 0x80, 0x0F, 0xE0, 0x03, 0xF8, 0x00, 0xFE, 0x00, 0x3F,
    0x80, 0x0F, 0xE0, 0x03, 0xF8, 0x00, 0xFE, 0x00, 0x3F, 0x80, 0x0F, 0xE0, 0x03, 0xF8, 0x00, 0xFE,
    0x00, 0x3F, 0x80, 0x00, 0x00, 0x00, 0x01, 0xF0, 0x07, 0xC0, 0x1F, 0x00, 0x7F, 0xFF, 0xFF, 0xFF,
    0xFF, 0xFF, 0xFF, 0xFF, 0xF0, 0x0F, 0xC0, 0x3F, 0x00, 0xFC, 0x03, 0xF0, 0x0F, 0xC0, 0x3F, 0x00,
    0xFC, 0x03, 0xF0, 0x0F, 0xC0, 0x3F, 0x00, 0xFC, 0x03, 0xF0, 0x0F, 0xC0, 0x00, 0x1F, 0xFF, 0xF8,
    0xFF, 0xFF, 0xC7, 0xFF, 0xFE, 0x3F, 0xFF, 0xF1, 0xFF, 0xFF, 0x0F, 0xE0, 0x00, 0x7F, 0x00, 0x03,
    0xF8, 0x00, 0x1F, 0xC0, 0x00, 0xFE, 0x00, 0x07, 0xF0, 0x01, 0xFF, 0xFC, 0x0F, 0xFF, 0xE0, 0x7F,
    0xFF, 0x03, 0xFF, 0xF8, 0x03, 0xF8, 0x00, 0x1F, 0xC0, 0x00, 0xFE, 0x00, 0x07, 0xF0, 0x00, 0x3F,
    0x80, 0x01, 0xFC, 0x00, 0x0F, 0xE0, 0x00, 0x7F, 0x00, 0x03, 0xF8, 0x00, 0x1F, 0xC0, 0x00, 0x1F,
    0xFF, 0x1F, 0xFF, 0x1F, 0xFF, 0x1F, 0xFF, 0x1F, 0x80, 0x1F, 0x80, 0x1F, 0x80, 0x1F, 0x80, 0xFF,
    0xF8, 0xFF, 0xF8, 0xFF, 0xF8, 0xFF, 0xF8, 0x1F, 0x80, 0x1F, 0x80, 0x1F, 0x80, 0x1F, 0x80, 0x1F,
    0x80, 0x1F, 0x80, 0xFF, 0xFF, 0xCF, 0xFF, 0xFC, 0xFF, 0xFF, 0xCF, 0xFF, 0xFC, 0xFF, 0xFF, 0x8F,
    0xE0, 0x00, 0xFE, 0x00, 0x0F, 0xE0, 0x00, 0xFE, 0x00, 0x0F, 0xE7, 0xE0, 0xFF, 0xFF, 0x8F, 0xFF,
    0xFC, 0xFF, 0xFF, 0xEF, 0xFF, 0xFE, 0xFF, 0x0F, 0xFF, 0xE0, 0x7F, 0xFE, 0x07, 0xFF, 0xE0, 0x3F,
    0xFE, 0x03, 0xFF, 0xE0, 0x3F, 0xFE, 0x03, 0xFF, 0xE0, 0x7F, 0xFE, 0x07, 0xFF, 0xEC, 0xFE, 0xFE,
    0xFF, 0xE0, 0x0F, 0xFE, 0x00, 0xFF, 0xC0, 0x0F, 0xF8, 0x00, 0xFE, 0x00, 0xFF, 0xF8, 0xFF, 0xF8,
    0xFF, 0xF8, 0xFF, 0xF8, 0xFC, 0x00, 0xFC, 0x00, 0xFC, 0x00, 0xFC, 0x70, 0xFF, 0xFC, 0xFF, 0xFE,
    0xFF, 0xFE, 0xFF, 0xFF, 0xFC, 0x3F, 0xFC, 0x1F, 0xFC, 0x1F, 0xFC, 0x1F, 0xFC, 0x1F, 0xFC, 0x3F,
    0x00, 0x7F, 0x01, 0xFE, 0x03, 0xFE, 0x03, 0xFC, 0x03, 0xF8, 0x01, 0xE0, 0x7E, 0x07, 0xF0, 0x3F,
    0x0F, 0xC0, 0xFE, 0x07, 0xE1, 0xFC, 0x1F, 0xC1, 0xFC, 0x1F, 0x83, 0xF8, 0x3F, 0x03, 0xF8, 0x7F,
    0x0F, 0xE0, 0x3F, 0x0F, 0xE1, 0xF8, 0x03, 0xF1, 0xFC, 0x7E, 0x00, 0x7E, 0x3F, 0x8F, 0xC0, 0x07,
    0xE7, 0xF3, 0xF0, 0x00, 0xFC, 0xFE, 0x7E, 0x00, 0x0F, 0xFF, 0xFF, 0x80, 0x01, 0xFF, 0xFF, 0xF0,
    0x00, 0x7F, 0xFF, 0xFF, 0x00, 0x1F, 0xFF, 0xFF, 0xF0, 0x07, 0xFF, 0xFF, 0xFF, 0x00, 0xFC, 0x3F,
    0x8F, 0xE0, 0x1F, 0x87, 0xF0, 0xFC, 0x07, 0xF0, 0xFE, 0x1F, 0xC0, 0xFC, 0x1F, 0xC3, 0xF8, 0x1F,
    0x83, 0xF8, 0x3F, 0x03, 0xF0, 0x7F, 0x07, 0xE1, 0xFE, 0x0F, 0xE0, 0xFF, 0xFF, 0x81, 0xFC, 0x1F,
    0xFF, 0xF0, 0x3F, 0x81, 0xFF, 0xFC, 0x07, 0xF0, 0x1F, 0xE0, 0x00, 0x00, 0x00, 0xFC, 0x00, 0x00,
    0x00, 0x1F, 0x80, 0x00, 0x00, 0x03, 0xF0, 0x00, 0x00, 0x00, 0x7E, 0x00, 0x00, 0x00, 0x07, 0xC0,
    0xF8, 0x1F, 0x03, 0xE7, 0xE0, 0xF8, 0x3F, 0x1F, 0x07, 0xC1, 0xF0, 0x7C, 0x3E, 0x1F, 0x83, 0xF1,
    0xF0, 0xF8, 0x0F, 0x8F, 0x8F, 0x80, 0x7E, 0x7C, 0xFC, 0x01, 0xFF, 0xFF, 0xC0, 0x0F, 0xFF, 0xFE,
    0x00, 0xFF, 0xFF, 0xF8, 0x0F, 0xFF, 0xFF, 0xE0, 0x7E, 0x3E, 0x3F, 0x03, 0xE1, 0xF0, 0xF8, 0x3F,
    0x0F, 0x87, 0xE1, 0xF8, 0x7C, 0x3F, 0x1F, 0xC3, 0xE0, 0xFE, 0xFC, 0x1F, 0x07, 0xF7, 0xC0, 0xF8,
    0x1F, 0x80, 0x00, 0x00, 0x3C, 0x00, 0x00, 0x01, 0xE0, 0x00, 0x00, 0x0F, 0x00, 0x00, 0x00, 0x78,
    0x00, 0x00, 0x00, 0x1F, 0xF0, 0x03, 0xFF, 0xE0, 0x3F, 0xFF, 0x83, 0xFF, 0xFE, 0x3F, 0xC7, 0xF1,
    0xFC, 0x0F, 0xCF, 0xC0, 0x7E, 0xFC, 0x03, 0xF3, 0xE0, 0x1F, 0x80, 0x01, 0xF8, 0x01, 0xFF, 0xC0,
    0x0F, 0xFC, 0x00, 0x7F, 0xC0, 0x03, 0xFF, 0x80, 0x1F, 0xFE, 0x00, 0x03, 0xF1, 0xC0, 0x1F, 0xBE,
    0x00, 0x7F, 0xF8, 0x03, 0xEF, 0xE0, 0x3F, 0x3F, 0xC7, 0xF8, 0xFF, 0xFF, 0xC7, 0xFF, 0xFC, 0x0F,
    0xFF, 0xC0, 0x3F, 0xF8, 0x00, 0x3E, 0x00, 0x01, 0xF0, 0x00, 0x0F, 0x80, 0x00, 0x7C, 0x00, 0x03,
    0xE0, 0x00, 0x0F, 0xF8, 0x0F, 0xFF, 0x0F, 0xFF, 0xCF, 0xFF, 0xEF, 0xC1, 0xF7, 0xC0, 0xF8, 0x00,
    0x7C, 0x03, 0xFE, 0x03, 0xFC, 0x01, 0xFF, 0x00, 0xFF, 0xC0, 0x03, 0xFF, 0x01, 0xFF, 0xC0, 0xFF,
    0xF9, 0xFE, 0xFF, 0xFE, 0x3F, 0xFE, 0x0F, 0xFE, 0x00, 0xF8, 0x00, 0x7C, 0x00, 0x3E, 0x00, 0x1F,
    0x00, 0xFE, 0x03, 0xFB, 0xF8, 0x0F, 0xCF, 0xE0, 0x7F, 0x3F, 0x81, 0xF8, 0xFE, 0x0F, 0xE3, 0xF8,
    0x3F, 0x0F, 0xE1, 0xFC, 0x3F, 0x87, 0xE0, 0xFE, 0x3F, 0x83, 0xF9, 0xFC, 0x0F, 0xFF, 0xF0, 0x3F,
    0xFF, 0x80, 0xFF, 0xFF, 0x03, 0xFF, 0xFE, 0x0F, 0xFF, 0xFC, 0x3F, 0x87, 0xF0, 0xFE, 0x0F, 0xC3,
    0xF8, 0x3F, 0x8F, 0xE0, 0xFE, 0x3F, 0x81, 0xF8, 0xFE, 0x07, 0xE3, 0xF8, 0x1F, 0xFF, 0xE0, 0x3F,
    0xFF, 0x80, 0xFF, 0xFE, 0x01, 0xFC, 0x00, 0x01, 0xF0, 0x00, 0x07, 0xC0, 0x00, 0x1F, 0x00, 0x00,
    0x7C, 0x00, 0x01, 0xF0, 0xFC, 0x0F, 0x9F, 0x83, 0xF3, 0xF0, 0x7C, 0x7E, 0x1F, 0x8F, 0xC3, 0xE1,
    0xF8, 0xFC, 0x3F, 0x1F, 0x07, 0xFF, 0xC0, 0xFF, 0xF8, 0x1F, 0xFF, 0xC3, 0xFF, 0xF8, 0x7E, 0x1F,
    0x0F, 0xC3, 0xE1, 0xF8, 0x7E, 0x3F, 0x0F, 0xC7, 0xE0, 0xFE, 0xFC, 0x1F, 0xDF, 0x81, 0xF8, 0x00,
    0x0F, 0x00, 0x01, 0xE0, 0x00, 0x3C, 0x00, 0x07, 0x80, 0xFE, 0x03, 0xFF, 0xF0, 0x1F, 0xBF, 0x81,
    0xFD, 0xFC, 0x0F, 0xCF, 0xE0, 0xFE, 0x7F, 0x07, 0xE3, 0xFF, 0x7F, 0x1F, 0xFB, 0xF0, 0xFF, 0xFF,
    0x87, 0xFF, 0xF8, 0x3F, 0xFF, 0xC1, 0xFF, 0xFC, 0x0F, 0xFF, 0xF0, 0x7F, 0xFF, 0xC3, 0xFF, 0xFF,
    0x1F, 0xFB, 0xF8, 0xFF, 0xCF, 0xC7, 0xFE, 0x7F, 0x3F, 0xF3, 0xF9, 0xFC, 0x0F, 0xCF, 0xE0, 0x7E,
    0x7F, 0x03, 0xFF, 0xF8, 0x0F, 0xFF, 0xC0, 0x7F, 0xFE, 0x01, 0xF8, 0xFC, 0x0F, 0xBF, 0x07, 0xEF,
    0xC1, 0xF3, 0xF4, 0xFC, 0xFF, 0xBE, 0x3F, 0xFF, 0x8F, 0xFF, 0xC3, 0xFF, 0xE0, 0xFF, 0xF8, 0x3F,
    0xFF, 0x8F, 0xFF, 0xE3, 0xFE, 0xF8, 0xFF, 0xBE, 0x3F, 0xEF, 0xCF, 0xFB, 0xF3, 0xF0, 0x7E, 0xFC,
    0x1F, 0xBF, 0x03, 0xE0, 0x1F, 0xC0, 0x7F, 0x1F, 0xC0, 0x7E, 0x1F, 0xC0, 0xFE, 0xFF, 0xF8, 0xFC,
    0xFF, 0xF9, 0xFC, 0xFF, 0xF9, 0xF8, 0xFF, 0xF3, 0xF8, 0x1F, 0xC3, 0xF0, 0x1F, 0xC7, 0xF0, 0x1F,
    0xCF, 0xE0, 0x1F, 0xFF, 0xE0, 0x1F, 0xFF, 0xC0, 0x1F, 0xFF, 0xE0, 0x1F, 0xFF, 0xF0, 0x1F, 0xFF,
    0xF8, 0x1F, 0xC3, 0xF8, 0x1F, 0xC1, 0xF8, 0x1F, 0xC1, 0xFC, 0x1F, 0xC1, 0xFC, 0x1F, 0xC0, 0xFC,
    0x1F, 0xC0, 0xFC, 0x1F, 0xC0, 0xFF, 0x1F, 0xC0, 0x7F, 0x1F, 0xC0, 0x7F, 0x1F, 0xC0, 0x3F, 0x3F,
    0x00, 0x03, 0xF0, 0x00, 0xFF, 0xE0, 0x0F, 0xFF, 0x00, 0xFF, 0xF0, 0x0F, 0xFF, 0x00, 0x3F, 0x00,
    0x03, 0xF0, 0x3E, 0x3F, 0x03, 0xE3, 0xF0, 0x7E, 0x3F, 0x07, 0xC3, 0xF0, 0xF8, 0x3F, 0x1F, 0x83,
    0xF1, 0xF0, 0x3F, 0xFF, 0x03, 0xFF, 0xF0, 0x3F, 0xFF, 0x83, 0xFF, 0xF8, 0x3F, 0x0F, 0xC3, 0xF0,
    0xFC, 0x3F, 0x0F, 0xC3, 0xF0, 0x7C, 0x3F, 0x07, 0xF3, 0xF0, 0x7F, 0x3F, 0x03, 0xF0, 0xFF, 0xF0,
    0x0F, 0xDF, 0xFE, 0x03, 0xFB, 0xFF, 0xC0, 0x7E, 0x7F, 0xF8, 0x1F, 0xCF, 0xFF, 0x03, 0xF0, 0x07,
    0xE0, 0xFE, 0x00, 0xFC, 0x1F, 0x80, 0x1F, 0x87, 0xF0, 0x03, 0xF0, 0xFC, 0x00, 0x7E, 0x3F, 0x80,
    0x0F, 0xFF, 0xE0, 0x01, 0xFF, 0xFC, 0x00, 0x3F, 0xFF, 0xC0, 0x07, 0xFF, 0xFC, 0x00, 0xFF, 0xFF,
    0x80, 0x1F, 0x83, 0xF8, 0x03, 0xF0, 0x7F, 0x00, 0x7E, 0x07, 0xE0, 0x0F, 0xC0, 0xFC, 0x01, 0xF8,
    0x1F, 0xC0, 0x3F, 0x03, 0xF8, 0x07, 0xE0, 0x3F, 0x80, 0xFC, 0x07, 0xF8, 0x1F, 0x80, 0x7F, 0x03,
    0xF0, 0x0F, 0xE0, 0xFF, 0xE0, 0x7D, 0xFF, 0xC0, 0xFB, 0xFF, 0x83, 0xE7, 0xFF, 0x0F, 0xC0, 0x3E,
    0x1F, 0x00, 0x7C, 0x7E, 0x00, 0xF8, 0xF8, 0x01, 0xFF, 0xE0, 0x03, 0xFF, 0xC0, 0x07, 0xFF, 0xE0,
    0x0F, 0xFF, 0xC0, 0x1F, 0x0F, 0x80, 0x3E, 0x1F, 0x80, 0x7C, 0x3F, 0x00, 0xF8, 0x7E, 0x01, 0xF0,
    0x7E, 0x03, 0xE0, 0xFC, 0x07, 0xC0, 0xF8, 0xFE, 0x01, 0xF8, 0xFE, 0x01, 0xF8, 0xFE, 0x01, 0xF8,
    0xFE, 0x01, 0xF8, 0xFE, 0x01, 0xF8, 0xFE, 0x01, 0xF8, 0xFE, 0x01, 0xF8, 0xFE, 0x01, 0xF8, 0xFE,
    0x01, 0xF8, 0xFE, 0x01, 0xF8, 0xFF, 0xFF, 0xF8, 0xFF, 0xFF, 0xF8, 0xFF, 0xFF, 0xF8, 0xFF, 0xFF,
    0xF8, 0xFF, 0xFF, 0xF8, 0xFE, 0x01, 0xF8, 0xFE, 0x01, 0xF8, 0xFE, 0x01, 0xF8, 0xFE, 0x01, 0xF8,
    0xFE, 0x01, 0xF8, 0xFE, 0x01, 0xFF, 0xFE, 0x01, 0xFF, 0xFE, 0x01, 0xFF, 0xFE, 0x01, 0xFF, 0xFE,
    0x01, 0xFF, 0x00, 0x00, 0x1F, 0x00, 0x00, 0x1F, 0x00, 0x00, 0x1F, 0x00, 0x00, 0x1F, 0x00, 0x00,
    0x1F, 0xF8, 0x1F, 0x9F, 0x83, 0xF3, 0xF0, 0x7E, 0x7E, 0x0F, 0xCF, 0xC1, 0xF9, 0xF8, 0x3F, 0x3F,
    0x07, 0xE7, 0xFF, 0xFC, 0xFF, 0xFF, 0x9F, 0xFF, 0xF3, 0xFF, 0xFE, 0x7E, 0x0F, 0xCF, 0xC1, 0xF9,
    0xF8, 0x3F, 0x3F, 0x07, 0xFF, 0xE0, 0xFF, 0xFC, 0x1F, 0xFF, 0x83, 0xFC, 0x00, 0x0F, 0x80, 0x01,
    0xF0, 0x00, 0x3E, 0x00, 0x07, 0xC0, 0xFE, 0x03, 0xFF, 0xFF, 0xF8, 0x0F, 0xFF, 0xFF, 0xE0, 0x3F,
    0xFF, 0xFF, 0x80, 0xFF, 0xFF, 0xFE, 0x03, 0xFF, 0xFF, 0xF8, 0x0F, 0xE0, 0x0F, 0xE0, 0x3F, 0x80,
    0x3F, 0x80, 0xFE, 0x00, 0xFE, 0x03, 0xF8, 0x03, 0xF8, 0x0F, 0xE0, 0x0F, 0xFF, 0xFF, 0x80, 0x3F,
    0xFF, 0xFE, 0x00, 0xFF, 0xFF, 0xF8, 0x03, 0xFF, 0xFF, 0xE0, 0x0F, 0xFF, 0xFF, 0x80, 0x3F, 0x80,
    0xFE, 0x00, 0xFE, 0x03, 0xF8, 0x03, 0xF8, 0x0F, 0xE0, 0x0F, 0xE0, 0x3F, 0x80, 0x3F, 0x80, 0xFE,
    0x00, 0xFE, 0x03, 0xF8, 0x03, 0xF8, 0x0F, 0xE0, 0x0F, 0xE0, 0x3F, 0x80, 0x3F, 0x80, 0xFE, 0x00,
    0xFE, 0x03, 0xF8, 0x00, 0xF8, 0x1F, 0xFF, 0xFC, 0x1F, 0xFF, 0xFC, 0x1F, 0xFF, 0xFC, 0x1F, 0xFF,
    0xFC, 0x1F, 0x80, 0xFC, 0x1F, 0x80, 0xFC, 0x1F, 0x80, 0xFF, 0xFF, 0x80, 0xFF, 0xFF, 0x80, 0xFF,
    0xFF, 0x80, 0xFF, 0xFF, 0x80, 0xFC, 0x1F, 0x80, 0xFC, 0x1F, 0x80, 0xFC, 0x1F, 0x80, 0xFC, 0x1F,
    0x80, 0xFC, 0x1F, 0x80, 0xFC, 0x1F, 0x80, 0xFC, 0x1F, 0x00, 0x01, 0xFE, 0x00, 0x00, 0x1F, 0xF8,
    0x00, 0x00, 0xFF, 0xE0, 0x00, 0x07, 0xFF, 0x80, 0x00, 0x3F, 0xFE, 0x00, 0x00, 0xFE, 0x07, 0xF8,
    0x07, 0xF0, 0x3F, 0xF8, 0x1F, 0xC1, 0xFF, 0xF0, 0x7E, 0x0F, 0xFF, 0xC3, 0xF8, 0x3F, 0x1F, 0x8F,
    0xE1, 0xF8, 0x7E, 0x3F, 0x87, 0xE0, 0xF8, 0xFE, 0x1F, 0x83, 0xF3, 0xF8, 0x7E, 0x0F, 0xCF, 0xE1,
    0xF8, 0x3F, 0x3F, 0x87, 0xE0, 0xF8, 0x7E, 0x1F, 0x83, 0xE1, 0xFC, 0x7E, 0x1F, 0x87, 0xF0, 0xF8,
    0x7C, 0x0F, 0xE3, 0xF1, 0xF0, 0x3F, 0xC7, 0xFF, 0xB8, 0x7F, 0xCF, 0xFD, 0xF0, 0xFF, 0xFF, 0xFF,
    0xC1, 0xFF, 0xFF, 0xFE, 0x01, 0xFF, 0xEF, 0xE0, 0x00, 0xFC, 0x00, 0x00, 0x00, 0x00, 0x00, 0x0F,
    0xC0, 0x00, 0x7F, 0x80, 0x01, 0xFF, 0x00, 0x07, 0xFE, 0xF8, 0x0F, 0xC7, 0xFC, 0x3F, 0x0F, 0xFC,
    0x7E, 0x3F, 0xF8, 0xFC, 0x78, 0xF1, 0xF9, 0xF1, 0xF3, 0xF3, 0xE3, 0xE7, 0xE7, 0xC7, 0xCF, 0xC7,
    0x8F, 0x1F, 0x8F, 0x1E, 0x1F, 0x9F, 0x7A, 0x3F, 0x9F, 0xFE, 0x3F, 0xFF, 0xFE, 0x3F, 0xFF, 0xF8,
    0x3F, 0xFF, 0xE0, 0x0F, 0x82, 0x00, 0x00, 0x00, 0x00, 0x03, 0xFE, 0x00, 0x1F, 0xFF, 0x00, 0x7F,
    0xFF, 0x01, 0xFF, 0xFF, 0x07, 0xFC, 0xFF, 0x0F, 0xE0, 0x7F, 0x3F, 0x80, 0xFE, 0x7F, 0x00, 0xFC,
    0xFC, 0x01, 0xF3, 0xF8, 0x00, 0x07, 0xF0, 0x00, 0x0F, 0xE0, 0x00, 0x1F, 0xC0, 0x00, 0x3F, 0x80,
    0x00, 0x7F, 0x00, 0x00, 0xFE, 0x00, 0x00, 0xFC, 0x00, 0xE1, 0xFC, 0x01, 0xF3, 0xF8, 0x07, 0xE3,
    0xF8, 0x1F, 0xC7, 0xFC, 0xFF, 0x07, 0xFF, 0xFE, 0x07, 0xFF, 0xF8, 0x07, 0xFF, 0xE0, 0x07, 0xFF,
    0x00, 0x01, 0xF8, 0x00, 0x03, 0xF0, 0x00, 0x07, 0xE0, 0x00, 0x0F, 0xC0, 0x00, 0x0F, 0x00, 0x00,
    0x07, 0xF8, 0x0F, 0xFE, 0x0F, 0xFF, 0x8F, 0xFF, 0xE7, 0xE1, 0xFF, 0xE0, 0x7F, 0xF0, 0x01, 0xF8,
    0x00, 0xFC, 0x00, 0x7E, 0x00, 0x3F, 0x00, 0x1F, 0x80, 0x0F, 0xC0, 0x7B, 0xF0, 0x7D, 0xFC, 0xFC,
    0x7F, 0xFE, 0x1F, 0xFE, 0x07, 0xFC, 0x00, 0xFC, 0x00, 0x7E, 0x00, 0x3F, 0x00, 0x0F, 0x80, 0xFF,
    0xFF, 0xFF, 0xFF, 0xFF, 0xFF, 0xFF, 0xFF, 0xFF, 0xFF, 0xFF, 0xFF, 0xFF, 0x80, 0xFE, 0x00, 0x07,
    0xF0, 0x00, 0x3F, 0x80, 0x01, 0xFC, 0x00, 0x0F, 0xE0, 0x00, 0x7F, 0x00, 0x03, 0xF8, 0x00, 0x1F,
    0xC0, 0x00, 0xFE, 0x00, 0x07, 0xF0, 0x00, 0x3F, 0x80, 0x01, 0xFC, 0x00, 0x0F, 0xE0, 0x00, 0x7F,
    0x00, 0x03, 0xF8, 0x00, 0x1F, 0xF0, 0x00, 0xFF, 0x80, 0x07, 0xFC, 0x00, 0x3F, 0xE0, 0x01, 0xFF,
    0x00, 0x01, 0xF8, 0x00, 0x0F, 0xC0, 0x00, 0x7E, 0x00, 0x03, 0xF0, 0x00, 0x0F, 0x80, 0xFF, 0xFF,
    0xFF, 0xFF, 0xFF, 0xFF, 0xFF, 0xFF, 0xF0, 0x3E, 0x00, 0x1F, 0x00, 0x0F, 0x80, 0x07, 0xC0, 0x03,
    0xE0, 0x01, 0xF0, 0x00, 0xF8, 0x00, 0x7C, 0x00, 0x3E, 0x00, 0x1F, 0x00, 0x0F, 0xF0, 0x07, 0xF8,
    0x03, 0xFC, 0x01, 0xFE, 0x00, 0x1F, 0x00, 0x0F, 0x80, 0x07, 0xC0, 0x03, 0xE0, 0x7F, 0x00, 0x3F,
    0x7F, 0x00, 0x7E, 0x3F, 0x80, 0x7E, 0x3F, 0xC0, 0xFC, 0x1F, 0xC0, 0xFC, 0x1F, 0xE1, 0xF8, 0x0F,
    0xE3, 0xF0, 0x07, 0xF3, 0xF0, 0x07, 0xF7, 0xE0, 0x03, 0xFF, 0xE0, 0x03, 0xFF, 0xC0, 0x01, 0xFF,
    0x80, 0x00, 0xFF, 0x80, 0x00, 0xFF, 0x00, 0x00, 0x7F, 0x00, 0x00, 0x7F, 0x00, 0x00, 0x7F, 0x00,
    0x00, 0x7F, 0x00, 0x00, 0x7F, 0x00, 0x00, 0x7F, 0x00, 0x00, 0x7F, 0x00, 0x00, 0x7F, 0x00, 0x00,
    0x7F, 0x00, 0x00, 0x7F, 0x00, 0x00, 0x7F, 0x00, 0xFC, 0x03, 0xFF, 0xC0, 0x7D, 0xF8, 0x1F, 0x3F,
    0x83, 0xE3, 0xF0, 0x78, 0x7E, 0x1F, 0x07, 0xE3, 0xE0, 0xFC, 0xF8, 0x1F, 0xDF, 0x01, 0xFB, 0xC0,
    0x3F, 0xF8, 0x03, 0xFF, 0x00, 0x7F, 0xC0, 0x0F, 0xF8, 0x00, 0xFE, 0x00, 0x1F, 0xC0, 0x01, 0xF8,
    0x00, 0x3E, 0x00, 0x07, 0xC0, 0x00, 0xF8, 0x00, 0x1F, 0x00, 0x03, 0xE0, 0x00, 0x7C, 0x00, 0x0F,
    0x80, 0x7F, 0x00, 0x3F, 0x7F, 0x00, 0x7E, 0x3F, 0x80, 0x7E, 0x3F, 0xC0, 0xFC, 0x1F, 0xC0, 0xFC,
    0x1F, 0xE1, 0xF8, 0x0F, 0xE3, 0xF0, 0x07, 0xF3, 0xF0, 0x07, 0xF7, 0xE0, 0x03, 0xFF, 0xE0, 0x03,
    0xFF, 0xC0, 0x01, 0xFF, 0x80, 0x00, 0xFF, 0x80, 0x00, 0xFF, 0x00, 0x07, 0xFF, 0xF0, 0x07, 0xFF,
    0xF0, 0x07, 0xFF, 0xF0, 0x07, 0xFF, 0xF0, 0x00, 0x7F, 0x00, 0x00, 0x7F, 0x00, 0x00, 0x7F, 0x00,
    0x00, 0x7F, 0x00, 0x00, 0x7F, 0x00, 0x00, 0x7F, 0x00, 0x00, 0x7F, 0x00, 0xFC, 0x03, 0xFF, 0xC0,
    0x7D, 0xF8, 0x1F, 0x3F, 0x83, 0xE3, 0xF0, 0x78, 0x7E, 0x1F, 0x07, 0xE3, 0xE0, 0xFC, 0xF8, 0x1F,
    0xDF, 0x01, 0xFB, 0xC0, 0x3F, 0xF8, 0x03, 0xFF, 0x00, 0x7F, 0xC0, 0x0F, 0xF8, 0x00, 0xFE, 0x00,
    0x1F, 0xC0, 0x3F, 0xFF, 0x87, 0xFF, 0xF0, 0xFF, 0xFE, 0x1F, 0xFF, 0xC0, 0x1F, 0x80, 0x03, 0xE0,
    0x00, 0x7C, 0x00, 0x0F, 0x80, 0x7F, 0x00, 0xFE, 0x7F, 0x80, 0xFC, 0x3F, 0x81, 0xFC, 0x1F, 0xC1,
    0xF8, 0x1F, 0xC3, 0xF0, 0x0F, 0xE7, 0xF0, 0x0F, 0xF7, 0xE0, 0x07, 0xFF, 0xC0, 0x03, 0xFF, 0xC0,
    0x03, 0xFF, 0x80, 0x01, 0xFF, 0x00, 0x00, 0xFF, 0x00, 0x00, 0xFF, 0x00, 0x00, 0xFF, 0x80, 0x01,
    0xFF, 0x80, 0x03, 0xFF, 0xC0, 0x03, 0xFF, 0xE0, 0x07, 0xEF, 0xE0, 0x0F, 0xE7, 0xF0, 0x0F, 0xC7,
    0xF8, 0x1F, 0x83, 0xFF, 0x3F, 0x81, 0xFF, 0x3F, 0x01, 0xFF, 0x7F, 0x00, 0xFF, 0x7E, 0x00, 0xFF,
    0x00, 0x00, 0x3F, 0x00, 0x00, 0x1F, 0x00, 0x00, 0x1F, 0x00, 0x00, 0x1F, 0x00, 0x00, 0x1F, 0x7E,
    0x07, 0xC7, 0xF0, 0x7C, 0x3F, 0x0F, 0x83, 0xF9, 0xF8, 0x1F, 0xFF, 0x00, 0xFF, 0xE0, 0x07, 0xFC,
    0x00, 0x7F, 0xC0, 0x03, 0xF8, 0x00, 0x3F, 0xC0, 0x07, 0xFE, 0x00, 0x7F, 0xE0, 0x0F, 0xFF, 0x01,
    0xFB, 0xF8, 0x3F, 0x1F, 0xC3, 0xE1, 0xFF, 0x7C, 0x0F, 0xFF, 0xC0, 0x7F, 0x00, 0x01, 0xF0, 0x00,
    0x1F, 0x00, 0x01, 0xF0, 0x00, 0x1F, 0xFF, 0xFF, 0xC7, 0xE3, 0xFF, 0xFF, 0x3F, 0x8F, 0xFF, 0xFC,
    0xFE, 0x3F, 0xFF, 0xF3, 0xF8, 0xFF, 0xFF, 0xCF, 0xE0, 0x0F, 0xE0, 0x3F, 0x80, 0x3F, 0x80, 0xFE,
    0x00, 0xFE, 0x03, 0xF8, 0x03, 0xF8, 0x0F, 0xE0, 0x0F, 0xE0, 0x3F, 0x80, 0x3F, 0x80, 0xFE, 0x00,
    0xFE, 0x03, 0xF8, 0x03, 0xF8, 0x0F, 0xE0, 0x0F, 0xE0, 0x3F, 0x80, 0x3F, 0x80, 0xFE, 0x00, 0xFE,
    0x03, 0xF8, 0x03, 0xF8, 0x0F, 0xE0, 0x0F, 0xE0, 0x3F, 0x80, 0x3F, 0x80, 0xFE, 0x00, 0xFE, 0x03,
    0xF8, 0x03, 0xFF, 0xFF, 0xF8, 0x0F, 0xFF, 0xFF, 0xF0, 0x3F, 0xFF, 0xFF, 0xC0, 0xFF, 0xFF, 0xFF,
    0x03, 0xFF, 0xFF, 0xFC, 0x00, 0x00, 0x03, 0xF0, 0x00, 0x00, 0x0F, 0xC0, 0x00, 0x00, 0x3F, 0x00,
    0x00, 0x00, 0xFC, 0x00, 0x00, 0x01, 0xE0, 0xFF, 0xFC, 0xF8, 0xFF, 0xFC, 0xF8, 0xFF, 0xFC, 0xF8,
    0xFF, 0xFC, 0xF8, 0x07, 0xE0, 0xF8, 0x07, 0xE0, 0xF8, 0x07, 0xE0, 0xF8, 0x07, 0xE0, 0xF8, 0x07,
    0xE0, 0xF8, 0x07, 0xE0, 0xF8, 0x07, 0xE0, 0xF8, 0x07, 0xE0, 0xF8, 0x07, 0xE0, 0xF8, 0x07, 0xE0,
    0xF8, 0x07, 0xFF, 0xFF, 0x07, 0xFF, 0xFF, 0x07, 0xFF, 0xFF, 0x07, 0xFF, 0xFF, 0x00, 0x00, 0x1F,
    0x00, 0x00, 0x1F, 0x00, 0x00, 0x1F, 0x00, 0x00, 0x1F, 0xFC, 0x03, 0xF1, 0xF8, 0x0F, 0xE3, 0xF0,
    0x1F, 0xC7, 0xE0, 0x3F, 0x8F, 0xC0, 0x7F, 0x1F, 0x80, 0xFE, 0x3F, 0x01, 0xFC, 0x7E, 0x03, 0xF8,
    0xFC, 0x07, 0xF1, 0xF8, 0x0F, 0xE3, 0xF0, 0x1F, 0xC7, 0xF0, 0x3F, 0x8F, 0xE0, 0x7F, 0x1F, 0xFF,
    0xFE, 0x3F, 0xFF, 0xFC, 0x3F, 0xFF, 0xF8, 0x3F, 0xFF, 0xF0, 0x1F, 0xEF, 0xE0, 0x00, 0x1F, 0xC0,
    0x00, 0x3F, 0x80, 0x00, 0x7F, 0xE0, 0x00, 0xFF, 0xC0, 0x01, 0xFF, 0x80, 0x03, 0xFF, 0x00, 0x07,
    0xFE, 0x00, 0x00, 0xFC, 0x00, 0x01, 0xF8, 0x00, 0x03, 0xF0, 0x00, 0x07, 0xE0, 0x00, 0x07, 0xC0,
    0x7C, 0x0F, 0x8F, 0xC0, 0xF8, 0xFC, 0x0F, 0x8F, 0xC0, 0xF8, 0xFC, 0x0F, 0x8F, 0xC0, 0xF8, 0xFC,
    0x0F, 0x8F, 0xC0, 0xF8, 0x7E, 0x1F, 0x87, 0xFF, 0xF8, 0x7F, 0xFF, 0x83, 0xFF, 0xF8, 0x1F, 0xCF,
    0x80, 0x00, 0xF8, 0x00, 0x0F, 0xF0, 0x00, 0xFF, 0x00, 0x0F, 0xF0, 0x00, 0xFF, 0x00, 0x01, 0xF0,
    0x00, 0x1F, 0x00, 0x01, 0xF0, 0x00, 0x1F, 0xFC, 0x03, 0xFF, 0xE0, 0x1F, 0xFF, 0x00, 0xFF, 0xF8,
    0x07, 0xFF, 0xC0, 0x3F, 0xFE, 0x01, 0xFF, 0xF0, 0x0F, 0xFF, 0x80, 0x7F, 0xFC, 0x03, 0xFF, 0xE3,
    0x9F, 0xFF, 0x1C, 0xFF, 0xFC, 0xE7, 0xFF, 0xE7, 0x7F, 0xFF, 0xFF, 0xFD, 0xFF, 0xFF, 0xEF, 0xFF,
    0xFF, 0x3F, 0xFF, 0xF8, 0x7F, 0x9F, 0xC0, 0x1C, 0xFE, 0x00, 0xE7, 0xF0, 0x07, 0x3F, 0x80, 0x39,
    0xFC, 0x00, 0x0F, 0xE0, 0x00, 0x7F, 0x00, 0x03, 0xF8, 0x7C, 0x0F, 0xFF, 0x03, 0xFF, 0xC0, 0xFF,
    0xF0, 0x3F, 0xFC, 0x0F, 0xFF, 0x3B, 0xFF, 0xCE, 0xFF, 0xF3, 0xBF, 0x7E, 0xFF, 0xDF, 0xFF, 0xF7,
    0xFF, 0xFC, 0xFF, 0xFF, 0x1F, 0xEF, 0xC0, 0x3B, 0xF0, 0x0E, 0xFC, 0x03, 0xBF, 0x00, 0x0F, 0xC0,
    0x03, 0xF0, 0xFE, 0x00, 0x07, 0xF0, 0x00, 0x3F, 0x80, 0x01, 0xFC, 0x00, 0x0F, 0xE0, 0x00, 0x7F,
    0x00, 0x03, 0xF8, 0x00, 0x1F, 0xC7, 0xE0, 0xFF, 0xFF, 0xC7, 0xFF, 0xFF, 0x3F, 0xFF, 0xFD, 0xFF,
    0xFF, 0xEF, 0xF0, 0x7F, 0x7F, 0x01, 0xFB, 0xF8, 0x0F, 0xDF, 0xC0, 0x7F, 0xFE, 0x03, 0xFF, 0xF0,
    0x1F, 0xFF, 0x80, 0xFF, 0xFC, 0x07, 0xFF, 0xE0, 0x3F, 0xFF, 0x01, 0xFF, 0xF8, 0x0F, 0xFF, 0xC0,
    0x7F, 0xFE, 0x03, 0xF0, 0x7C, 0x00, 0x3F, 0x00, 0x0F, 0xC0, 0x03, 0xF0, 0x00, 0xFC, 0x00, 0x3F,
    0x00, 0x0F, 0xC0, 0x03, 0xF3, 0xF8, 0xFD, 0xFF, 0x3F, 0xFF, 0xEF, 0xFF, 0xFB, 0xFC, 0x7F, 0xFE,
    0x0F, 0xFF, 0x03, 0xFF, 0xC0, 0xFF, 0xF0, 0x3F, 0xFC, 0x0F, 0xFF, 0x03, 0xFF, 0xC0, 0xFF, 0xF0,
    0x3F, 0xFC, 0x0F, 0xFF, 0x03, 0xFF, 0xC0, 0xFF, 0xF0, 0x3F, 0x7C, 0x0F, 0x80, 0xFC, 0x03, 0xF1,
    0xF8, 0x0F, 0xE3, 0xF0, 0x1F, 0xC7, 0xE0, 0x3F, 0x8F, 0xC0, 0x7F, 0x1F, 0x80, 0xFE, 0x3F, 0x01,
    0xFC, 0x7E, 0x03, 0xF8, 0xFC, 0x07, 0xF1, 0xF8, 0x0F, 0xE3, 0xF0, 0x1F, 0xC7, 0xF0, 0x3F, 0x8F,
    0xE0, 0x7F, 0x1F, 0xFF, 0xFE, 0x3F, 0xFF, 0xFC, 0x3F, 0xFF, 0xF8, 0x3F, 0xFF, 0xF0, 0x1F, 0xEF,
    0xE0, 0x00, 0x1F, 0xC0, 0x00, 0x3F, 0x80, 0x00, 0x7F, 0xE0, 0x00, 0xFF, 0xC0, 0x01, 0xFF, 0x80,
    0x03, 0xFF, 0x00, 0x07, 0xFE, 0x00, 0x00, 0xFC, 0x00, 0x01, 0xF8, 0x00, 0x03, 0xF0, 0x00, 0x07,
    0xE0, 0x00, 0x07, 0xC0, 0x7C, 0x0F, 0x8F, 0xC0, 0xF8, 0xFC, 0x0F, 0x8F, 0xC0, 0xF8, 0xFC, 0x0F,
    0x8F, 0xC0, 0xF8, 0xFC, 0x0F, 0x8F, 0xC0, 0xF8, 0x7E, 0x1F, 0x87, 0xFF, 0xF8, 0x7F, 0xFF, 0x83,
    0xFF, 0xF8, 0x1F, 0xCF, 0x80, 0x00, 0xF8, 0x00, 0x0F, 0xF0, 0x00, 0xFF, 0x00, 0x0F, 0xF0, 0x00,
    0xFF, 0x00, 0x01, 0xF0, 0x00, 0x1F, 0x00, 0x01, 0xF0, 0x00, 0x1F, 0x00, 0x00, 0x00, 0x00, 0x00,
    0x3F, 0xF0, 0x00, 0x03, 0xFF, 0xE0, 0x00, 0x7F, 0xFF, 0x80, 0x07, 0xFF, 0xFE, 0x00, 0x3F, 0xCF,
    0xF3, 0xC3, 0xF8, 0x1F, 0xDF, 0x1F, 0x80, 0xFE, 0xF8, 0xFC, 0x03, 0xF7, 0xCF, 0xC0, 0x1F, 0xFE,
    0x7E, 0x00, 0xFF, 0xFF, 0xFF, 0xFF, 0xF7, 0xFF, 0xFF, 0xFF, 0x9F, 0xFF, 0xFF, 0xFC, 0x7F, 0xFF,
    0xFF, 0xE0, 0x3F, 0x00, 0x00, 0x01, 0xF8, 0x00, 0x00, 0x0F, 0xC0, 0x0F, 0x80, 0x7F, 0x00, 0x7C,
    0x01, 0xF8, 0x07, 0xE0, 0x0F, 0xE0, 0x7F, 0x00, 0x3F, 0xCF, 0xF0, 0x01, 0xFF, 0xFF, 0x80, 0x07,
    0xFF, 0xF8, 0x00, 0x1F, 0xFF, 0x80, 0x00, 0x3F, 0xF0, 0x00, 0x00, 0x7C, 0x00, 0x00, 0x03, 0xE0,
    0x00, 0x00, 0x1F, 0x00, 0x00, 0x00, 0xF8, 0x00, 0x00, 0x03, 0xC0, 0x00, 0x00, 0x1F, 0xE0, 0x00,
    0x3F, 0xF0, 0x00, 0x7F, 0xFC, 0x78, 0xFF, 0xFC, 0x79, 0xF8, 0x7E, 0x79, 0xF0, 0x3E, 0x7D, 0xF0,
    0x3F, 0x7F, 0xFF, 0xFF, 0x3F, 0xFF, 0xFF, 0x1F, 0xFF, 0xFF, 0x03, 0xFF, 0xFE, 0x03, 0xF0, 0x00,
    0x01, 0xF0, 0x18, 0x01, 0xF8, 0x3E, 0x01, 0xFF, 0xFE, 0x00, 0xFF, 0xFC, 0x00, 0x7F, 0xF8, 0x00,
    0x3F, 0xF0, 0x00, 0x0F, 0xC0, 0x00, 0x0F, 0xC0, 0x00, 0x0F, 0xC0, 0x00, 0x07, 0x80, 0xFD, 0xFF,
    0xFF, 0xFF, 0xFF, 0xFF, 0xFF, 0xFF, 0xFF, 0xFF, 0xFF, 0xFF, 0xFF, 0xFF, 0xFF, 0xFF, 0xFF, 0xFF,
    0xFF, 0xFF, 0xFF, 0xFC, 0x00, 0x3C, 0x1E, 0x00, 0x00, 0x1E, 0x0F, 0x00, 0x00, 0x07, 0xFF, 0x00,
    0x00, 0x01, 0xFF, 0x80, 0x00, 0x00, 0x7F, 0x00, 0x00, 0x00, 0x00, 0x00, 0x00, 0x00, 0x00, 0x00,
    0x00, 0xFC, 0x0F, 0xE0, 0x7E, 0x7E, 0x07, 0xF0, 0x3F, 0x3F, 0x83, 0xF8, 0x3F, 0x8F, 0xC1, 0xFC,
    0x1F, 0x87, 0xF0, 0xFE, 0x1F, 0xC1, 0xF8, 0x7F, 0x0F, 0xC0, 0x7E, 0x3F, 0x8F, 0xC0, 0x3F, 0x1F,
    0xC7, 0xE0, 0x0F, 0xCF, 0xE7, 0xE0, 0x07, 0xE7, 0xF3, 0xF0, 0x01, 0xFF, 0xFF, 0xF0, 0x00, 0xFF,
    0xFF, 0xF8, 0x00, 0xFF, 0xFF, 0xFE, 0x00, 0xFF, 0xFF, 0xFF, 0x80, 0xFF, 0xFF, 0xFF, 0xE0, 0x7E,
    0x1F, 0xC7, 0xF0, 0x3F, 0x0F, 0xE1, 0xF8, 0x3F, 0x87, 0xF0, 0xFE, 0x1F, 0x83, 0xF8, 0x7F, 0x0F,
    0xC1, 0xFC, 0x1F, 0x87, 0xE0, 0xFE, 0x0F, 0xCF, 0xF0, 0x7F, 0x07, 0xFF, 0xF0, 0x3F, 0x83, 0xFF,
    0xF8, 0x1F, 0xC0, 0xFF, 0xF8, 0x0F, 0xE0, 0x3F, 0x01, 0xE0, 0xF0, 0x00, 0x3C, 0x1E, 0x00, 0x03,
    0xFF, 0x80, 0x00, 0x3F, 0xF0, 0x00, 0x03, 0xF8, 0x00, 0x00, 0x00, 0x00, 0x00, 0x00, 0x00, 0x07,
    0xC0, 0xF8, 0x1F, 0xFC, 0x1F, 0x07, 0xEF, 0x83, 0xE0, 0xF8, 0xF8, 0x7C, 0x3F, 0x1F, 0x8F, 0x87,
    0xC1, 0xF1, 0xF1, 0xF0, 0x3F, 0x3E, 0x7E, 0x03, 0xFF, 0xFF, 0x80, 0x7F, 0xFF, 0xF0, 0x1F, 0xFF,
    0xFF, 0x07, 0xFF, 0xFF, 0xF0, 0xFC, 0x7C, 0x7E, 0x1F, 0x0F, 0x87, 0xC7, 0xE1, 0xF0, 0xFC, 0xFC,
    0x3E, 0x1F, 0xBF, 0x87, 0xC1, 0xFF, 0xE0, 0xF8, 0x3F, 0xF8, 0x1F, 0x03, 0xE0, 0xFE, 0x03, 0xFF,
    0xF0, 0x1F, 0xFF, 0x81, 0xFD, 0xFC, 0x0F, 0xEF, 0xE0, 0x7E, 0x7F, 0x07, 0xE3, 0xF8, 0x3F, 0x1F,
    0xC3, 0xF0, 0xFE, 0x1F, 0x87, 0xF1, 0xF8, 0x3F, 0xFF, 0xC1, 0xFF, 0xFE, 0x0F, 0xFF, 0xF8, 0x7F,
    0xFF, 0xF3, 0xFF, 0xFF, 0x9F, 0xC0, 0xFE, 0xFE, 0x03, 0xF7, 0xF0, 0x0F, 0xFF, 0x80, 0x7F, 0xFC,
    0x03, 0xFF, 0xE0, 0x1F, 0xFF, 0x00, 0xFF, 0xF8, 0x07, 0xFF, 0xC0, 0x3F, 0xFE, 0x03, 0xF8, 0x00,
    0x3F, 0x80, 0x1F, 0xFC, 0x01, 0xFF, 0xC0, 0x0F, 0xFC, 0x00, 0x7F, 0xC0, 0x01, 0xF8, 0x00, 0xF8,
    0x1F, 0x7E, 0x1F, 0xBF, 0x0F, 0xDF, 0x8F, 0xCF, 0xC7, 0xC7, 0xE7, 0xE3, 0xF3, 0xE1, 0xFF, 0xF0,
    0xFF, 0xFC, 0x7F, 0xFF, 0x3F, 0xFF, 0xDF, 0x87, 0xEF, 0xC1, 0xFF, 0xE0, 0xFF, 0xF0, 0x3F, 0xF8,
    0x1F, 0xFC, 0x1F, 0xFE, 0x0F, 0xC0, 0x0F, 0xC0, 0x3F, 0xE0, 0x1F, 0xE0, 0x0F, 0xF0, 0x07, 0xF0,
    0x03, 0xE0, 0x03, 0xFF, 0xFE, 0x00, 0x7F, 0xFF, 0xC0, 0x0F, 0xFF, 0xF8, 0x01, 0xFF, 0xFF, 0x00,
    0x3F, 0xFF, 0xE0, 0x07, 0xC0, 0xFC, 0x00, 0xF8, 0x1F, 0x80, 0x1F, 0x03, 0xF0, 0x03, 0xE0, 0x7E,
    0x00, 0x7C, 0x0F, 0xC0, 0x0F, 0x81, 0xF8, 0x01, 0xF0, 0x3F, 0x00, 0x7E, 0x07, 0xE0, 0x0F, 0xC0,
    0xFC, 0x01, 0xF0, 0x1F, 0x80, 0x3E, 0x03, 0xF0, 0x07, 0xC0, 0x7E, 0x01, 0xF8, 0x0F, 0xC0, 0x3F,
    0x01, 0xF8, 0x0F, 0xC0, 0x3F, 0x07, 0xF8, 0x07, 0xFD, 0xFF, 0x00, 0xFF, 0xBF, 0xC0, 0x1F, 0xF7,
    0xF0, 0x03, 0xFE, 0xFC, 0x00, 0x7F, 0x80, 0x00, 0x01, 0xF0, 0x00, 0x00, 0x3C, 0x00, 0x00, 0x0F,
    0x80, 0x00, 0x01, 0xF0, 0x00, 0x00, 0x3C, 0x00, 0x0F, 0xFF, 0xE0, 0x3F, 0xFF, 0x80, 0xFF, 0xFE,
    0x03, 0xFF, 0xF8, 0x0F, 0x87, 0xE0, 0x3E, 0x1F, 0x80, 0xF8, 0x7E, 0x03, 0xE1, 0xF8, 0x0F, 0x87,
    0xE0, 0x3E, 0x1F, 0x80, 0xF8, 0x7E, 0x03, 0xC1, 0xF8, 0x1F, 0x07, 0xE0, 0xFC, 0x1F, 0x87, 0xF0,
    0x7F, 0xBF, 0x81, 0xFE, 0xFC, 0x07, 0xFB, 0xE0, 0x1F, 0xE0, 0x00, 0x0F, 0x00, 0x00, 0x3C, 0x00,
    0x01, 0xE0, 0x00, 0x07, 0x80, 0xFE, 0x01, 0xFF, 0xF0, 0x0F, 0xFF, 0x80, 0x7F, 0xFC, 0x03, 0xFF,
    0xE0, 0x1F, 0xFF, 0x00, 0xFF, 0xF8, 0x07, 0xFF, 0xC0, 0x3F, 0xFE, 0x01, 0xFF, 0xF0, 0x0F, 0xFF,
    0xFF, 0xFF, 0xFF, 0xFF, 0xFF, 0xFF, 0xFF, 0xFF, 0xFF, 0xFF, 0xFF, 0xFF, 0xFF, 0xC0, 0x3F, 0xFE,
    0x01, 0xFF, 0xF0, 0x0F, 0xFF, 0x80, 0x7F, 0xFC, 0x03, 0xFF, 0xE0, 0x1F, 0xFF, 0x00, 0xFF, 0xF8,
    0x07, 0xFF, 0xC0, 0x3F, 0xFE, 0x01, 0xF8, 0x00, 0x0F, 0xC0, 0x00, 0xFE, 0x00, 0x3F, 0xF0, 0x01,
    0xFF, 0x00, 0x0F, 0xF0, 0x00, 0x7E, 0x00, 0xF8, 0x1F, 0xFE, 0x0F, 0xFF, 0x07, 0xFF, 0x83, 0xFF,
    0xC1, 0xFF, 0xE0, 0xFF, 0xF0, 0x7F, 0xFF, 0xFF, 0xFF, 0xFF, 0xFF, 0xFF, 0xFF, 0xFF, 0xFF, 0x83,
    0xFF, 0xC1, 0xFF, 0xE0, 0xFF, 0xF0, 0x7F, 0xF8, 0x3F, 0xFC, 0x1F, 0xFE, 0x0F, 0xC0, 0x07, 0xE0,
    0x03, 0xF0, 0x07, 0xF0, 0x07, 0xF8, 0x03, 0xF8, 0x01, 0xF0, 0xFE, 0x01, 0xF8, 0x7F, 0x00, 0xFC,
    0x3F, 0x80, 0x7E, 0x1F, 0xC0, 0x3F, 0x0F, 0xE0, 0x1F, 0x87, 0xF0, 0x0F, 0xC3, 0xF8, 0x07, 0xE1,
    0xFC, 0x03, 0xF0, 0xFE, 0x01, 0xF8, 0x7F, 0x00, 0xFC, 0x3F, 0xFF, 0xFE, 0x1F, 0xFF, 0xFF, 0x0F,
    0xFF, 0xFF, 0x87, 0xFF, 0xFF, 0xC3, 0xFF, 0xFF, 0xE1, 0xFC, 0x03, 0xF0, 0xFE, 0x01, 0xF8, 0x7F,
    0x00, 0xFC, 0x3F, 0x80, 0x7E, 0x1F, 0xC0, 0x3F, 0x0F, 0xE0, 0x1F, 0xF7, 0xF0, 0x0F, 0xFB, 0xF8,
    0x07, 0xFD, 0xFC, 0x03, 0xFC, 0xFE, 0x01, 0xFE, 0x00, 0x00, 0x1F, 0x00, 0x00, 0x1F, 0x00, 0x00,
    0x0F, 0x80, 0x00, 0x07, 0xC0, 0x00, 0x03, 0xC0, 0xF8, 0x1F, 0x9F, 0x83, 0xF3, 0xF0, 0x7E, 0x7E,
    0x0F, 0xCF, 0xC1, 0xF9, 0xF8, 0x3F, 0x3F, 0x07, 0xE7, 0xFF, 0xFC, 0xFF, 0xFF, 0x9F, 0xFF, 0xF3,
    0xFF, 0xFE, 0x7E, 0x0F, 0xCF, 0xC1, 0xF9, 0xF8, 0x3F, 0x3F, 0x07, 0xFF, 0xE0, 0xFF, 0xFC, 0x1F,
    0xFF, 0x83, 0xF8, 0x00, 0x1F, 0x00, 0x03, 0xE0, 0x00, 0x78, 0x00, 0x0F, 0x00, 0xFC, 0x03, 0xF1,
    0xF8, 0x0F, 0xE3, 0xF0, 0x1F, 0xC7, 0xE0, 0x3F, 0x8F, 0xC0, 0x7F, 0x1F, 0x80, 0xFE, 0x3F, 0x01,
    0xFC, 0x7E, 0x03, 0xF8, 0xFC, 0x07, 0xF1, 0xF8, 0x0F, 0xE3, 0xF0, 0x1F, 0xC7, 0xF0, 0x3F, 0x8F,
    0xE0, 0x7F, 0x1F, 0xFF, 0xFE, 0x3F, 0xFF, 0xFC, 0x3F, 0xFF, 0xF8, 0x3F, 0xFF, 0xF0, 0x1F, 0xEF,
    0xE0, 0x00, 0x1F, 0xC0, 0x00, 0x3F, 0x80, 0x00, 0x7F, 0xE0, 0x00, 0xFF, 0xC0, 0x01, 0xFF, 0x80,
    0x03, 0xFF, 0x00, 0x07, 0xFE, 0x00, 0x00, 0xFC, 0x00, 0x01, 0xF8, 0x00, 0x03, 0xF0, 0x00, 0x07,
    0xE0, 0x00, 0x07, 0xC0, 0x7C, 0x0F, 0x8F, 0xC0, 0xF8, 0xFC, 0x0F, 0x8F, 0xC0, 0xF8, 0xFC, 0x0F,
    0x8F, 0xC0, 0xF8, 0xFC, 0x0F, 0x8F, 0xC0, 0xF8, 0x7E, 0x1F, 0x87, 0xFF, 0xF8, 0x7F, 0xFF, 0x83,
    0xFF, 0xF8, 0x1F, 0xCF, 0x80, 0x00, 0xF8, 0x00, 0x0F, 0xF0, 0x00, 0xFF, 0x00, 0x0F, 0xF0, 0x00,
    0xFF, 0x00, 0x01, 0xF0, 0x00, 0x1F, 0x00, 0x01, 0xF0, 0x00, 0x1F, 0xFF, 0x80, 0x1F, 0xF1, 0xFF,
    0x00, 0x7F, 0xE3, 0xFF, 0x00, 0xFF, 0xC7, 0xFE, 0x01, 0xFF, 0x8F, 0xFC, 0x07, 0xFF, 0x1F, 0xFC,
    0x0F, 0xFE, 0x3F, 0xF8, 0x1F, 0xFC, 0x7F, 0xF0, 0x7F, 0xF8, 0xFF, 0xF0, 0xFF, 0xF1, 0xFF, 0xE1,
    0xFF, 0xE3, 0xEF, 0xC7, 0xFF, 0xC7, 0xDF, 0xCF, 0xBF, 0x8F, 0x9F, 0xBF, 0x7F, 0x1F, 0x3F, 0xFE,
    0xFE, 0x3E, 0x7F, 0xF9, 0xFC, 0x7C, 0x7F, 0xF3, 0xF8, 0xF8, 0xFF, 0xC7, 0xF1, 0xF1, 0xFF, 0x8F,
    0xE3, 0xE1, 0xFF, 0x1F, 0xC7, 0xC3, 0xFC, 0x3F, 0x8F, 0x87, 0xF8, 0x7F, 0xFF, 0x07, 0xF0, 0xFF,
    0xFE, 0x0F, 0xC1, 0xFF, 0x7C, 0x1F, 0x83, 0xFE, 0xF8, 0x1F, 0x07, 0xFC, 0x00, 0x00, 0x01, 0xF0,
    0x00, 0x00, 0x03, 0xE0, 0x00, 0x00, 0x07, 0xC0, 0x00, 0x00, 0x1F, 0x00, 0x00, 0x00, 0x1E, 0x00,
    0xFE, 0x03, 0xF8, 0xFE, 0x07, 0xF8, 0xFF, 0x07, 0xF8, 0xFF, 0x07, 0xF8, 0xFF, 0x8F, 0xF8, 0xFF,
    0x8F, 0xF8, 0xFF, 0x9F, 0xF8, 0xFF, 0xDF, 0xF8, 0xFF, 0xDF, 0xF8, 0xFF, 0xFD, 0xF8, 0xFB, 0xFD,
    0xF8, 0xFB, 0xF9, 0xF8, 0xF9, 0xF9, 0xF8, 0xF9, 0xF9, 0xF8, 0xF9, 0xF1, 0xFE, 0xF8, 0xF1, 0xFE,
    0xF8, 0x01, 0xFE, 0xF8, 0x01, 0xFE, 0x00, 0x00, 0x3C, 0x00, 0x00, 0x3C, 0x00, 0x00, 0x3C, 0x00,
    0x00, 0x38, 0x7D, 0xF7, 0xDF, 0x7D, 0xF7, 0xDF, 0x7D, 0xF7, 0xDF, 0x7F, 0xFF, 0xFF, 0xFF, 0xFF,
    0xFF, 0xFF, 0xFF, 0xFF, 0x7C, 0x07, 0x83, 0xC0, 0x03, 0xC3, 0xC0, 0x03, 0xFF, 0xC0, 0x01, 0xFF,
    0x80, 0x00, 0xFE, 0x00, 0x00, 0x00, 0x00, 0x00, 0x00, 0x00, 0x00, 0xFE, 0x00, 0x00, 0xFF, 0x00,
    0x00, 0xFF, 0x00, 0x01, 0xFF, 0x80, 0x01, 0xFF, 0x80, 0x03, 0xFF, 0x80, 0x03, 0xFF, 0xC0, 0x03,
    0xEF, 0xC0, 0x07, 0xEF, 0xC0, 0x07, 0xCF, 0xE0, 0x07, 0xC7, 0xE0, 0x0F, 0xC7, 0xE0, 0x0F, 0x87,
    0xF0, 0x0F, 0x83, 0xF0, 0x1F, 0xFF, 0xF8, 0x1F, 0xFF, 0xF8, 0x3F, 0xFF, 0xF8, 0x3F, 0xFF, 0xFC,
    0x3F, 0xFF, 0xFC, 0x7F, 0xFF, 0xFC, 0x7E, 0x00, 0xFE, 0x7E, 0x00, 0xFE, 0xFC, 0x00, 0x7E, 0xFC,
    0x00, 0x7F, 0xFC, 0x00, 0x7F, 0x1E, 0x0F, 0x0F, 0x0F, 0x83, 0xFF, 0x81, 0xFF, 0x80, 0x3F, 0x80,
    0x00, 0x00, 0x00, 0x00, 0x0F, 0xF8, 0x1F, 0xFF, 0x1F, 0xFF, 0xDF, 0xFF, 0xEF, 0xC3, 0xF1, 0xC0,
    0xF8, 0x00, 0x7C, 0x0F, 0xFE, 0x3F, 0xFF, 0x3F, 0xFF, 0xBF, 0x87, 0xDF, 0x83, 0xFF, 0x81, 0xFF,
    0xC1, 0xFF, 0xFB, 0xFD, 0xFF, 0xFE, 0xFF, 0xFF, 0x3F, 0xCF, 0x87, 0x80, 0x00, 0x07, 0xE7, 0xC0,
    0x07, 0xE7, 0xC0, 0x07, 0xE7, 0xC0, 0x07, 0xE7, 0xC0, 0x03, 0xC7, 0xC0, 0x00, 0x00, 0x00, 0x00,
    0x00, 0x00, 0x00, 0xFE, 0x00, 0x00, 0xFF, 0x00, 0x00, 0xFF, 0x00, 0x01, 0xFF, 0x80, 0x01, 0xFF,
    0x80, 0x03, 0xFF, 0x80, 0x03, 0xFF, 0xC0, 0x03, 0xEF, 0xC0, 0x07, 0xEF, 0xC0, 0x07, 0xCF, 0xE0,
    0x07, 0xC7, 0xE0, 0x0F, 0xC7, 0xE0, 0x0F, 0x87, 0xF0, 0x0F, 0x83, 0xF0, 0x1F, 0xFF, 0xF8, 0x1F,
    0xFF, 0xF8, 0x3F, 0xFF, 0xF8, 0x3F, 0xFF, 0xFC, 0x3F, 0xFF, 0xFC, 0x7F, 0xFF, 0xFC, 0x7E, 0x00,
    0xFE, 0x7E, 0x00, 0xFE, 0xFC, 0x00, 0x7E, 0xFC, 0x00, 0x7F, 0xFC, 0x00, 0x7F, 0x1F, 0x1F, 0x0F,
    0x9F, 0x87, 0xCF, 0xC3, 0xE7, 0xE1, 0xF1, 0xF0, 0x00, 0x00, 0x00, 0x00, 0x0F, 0xF8, 0x1F, 0xFF,
    0x1F, 0xFF, 0xDF, 0xFF, 0xEF, 0xC3, 0xF1, 0xC0, 0xF8, 0x00, 0x7C, 0x0F, 0xFE, 0x3F, 0xFF, 0x3F,
    0xFF, 0xBF, 0x87, 0xDF, 0x83, 0xFF, 0x81, 0xFF, 0xC1, 0xFF, 0xFB, 0xFD, 0xFF, 0xFE, 0xFF, 0xFF,
    0x3F, 0xCF, 0x87, 0x80, 0x00, 0x00, 0x0F, 0xFF, 0xFF, 0xC0, 0x03, 0xFF, 0xFF, 0xF0, 0x01, 0xFF,
    0xFF, 0xFC, 0x00, 0x7F, 0xFF, 0xFF, 0x00, 0x3F, 0xFF, 0xFF, 0x80, 0x0F, 0xFF, 0x00, 0x00, 0x07,
    0xFF, 0xC0, 0x00, 0x01, 0xF7, 0xF0, 0x00, 0x00, 0xFD, 0xFC, 0x00, 0x00, 0x3E, 0x7F, 0x00, 0x00,
    0x1F, 0x9F, 0xFF, 0xC0, 0x07, 0xC7, 0xFF, 0xF0, 0x03, 0xE1, 0xFF, 0xFC, 0x01, 0xF8, 0x7F, 0xFF,
    0x00, 0x7F, 0xFF, 0xFF, 0xC0, 0x3F, 0xFF, 0xF0, 0x00, 0x0F, 0xFF, 0xFC, 0x00, 0x07, 0xFF, 0xFF,
    0x00, 0x01, 0xFF, 0xFF, 0xC0, 0x00, 0xFF, 0xFF, 0xF0, 0x00, 0x3F, 0x01, 0xFF, 0xFF, 0xDF, 0x80,
    0x7F, 0xFF, 0xF7, 0xE0, 0x1F, 0xFF, 0xFF, 0xF0, 0x07, 0xFF, 0xFF, 0xFC, 0x01, 0xFF, 0xFF, 0xC0,
    0x0F, 0xFC, 0x7F, 0x80, 0x7F, 0xFF, 0xFF, 0x83, 0xFF, 0xFF, 0xFF, 0x1F, 0xFF, 0xFF, 0xFC, 0x7E,
    0x1F, 0xE1, 0xF8, 0x70, 0x3F, 0x03, 0xE0, 0x00, 0xFC, 0x0F, 0xC0, 0xFF, 0xFF, 0xFF, 0x1F, 0xFF,
    0xFF, 0xFC, 0xFF, 0xFF, 0xFF, 0xF7, 0xF8, 0xFF, 0xFF, 0x9F, 0x83, 0xF0, 0x00, 0xFC, 0x0F, 0xC0,
    0x63, 0xF0, 0x7F, 0x83, 0xEF, 0xE3, 0xFF, 0xFF, 0x9F, 0xFF, 0xFF, 0xFC, 0x7F, 0xF9, 0xFF, 0xE0,
    0xFF, 0x83, 0xFF, 0x00, 0xF8, 0x01, 0xE0, 0x00, 0x1E, 0x0F, 0x03, 0xC3, 0xE0, 0x7F, 0xF8, 0x07,
    0xFE, 0x00, 0x3F, 0x80, 0x00, 0x00, 0x00, 0x00, 0x07, 0xFF, 0xFE, 0xFF, 0xFF, 0xFF, 0xFF, 0xFF,
    0xFF, 0xFF, 0xFF, 0xFF, 0xEF, 0xE0, 0x01, 0xFC, 0x00, 0x3F, 0x80, 0x07, 0xF0, 0x00, 0xFE, 0x00,
    0x1F, 0xFF, 0x83, 0xFF, 0xF8, 0x7F, 0xFF, 0x0F, 0xFF, 0xE1, 0xFF, 0xFC, 0x3F, 0x80, 0x07, 0xF0,
    0x00, 0xFE, 0x00, 0x1F, 0xC0, 0x03, 0xF8, 0x00, 0x7F, 0xFF, 0xEF, 0xFF, 0xFF, 0xFF, 0xFF, 0xFF,
    0xFF, 0xFF, 0xFF, 0xFF, 0x1C, 0x0E, 0x07, 0x87, 0x81, 0xFF, 0xE0, 0x3F, 0xF0, 0x03, 0xF0, 0x00,
    0x00, 0x00, 0x00, 0x00, 0x1F, 0xE0, 0x1F, 0xFE, 0x0F, 0xFF, 0xC7, 0xFF, 0xF1, 0xF8, 0x7E, 0xFC,
    0x0F, 0xBF, 0x03, 0xFF, 0xFF, 0xFF, 0xFF, 0xFF, 0xFF, 0xFF, 0xFF, 0xFF, 0xEF, 0xC0, 0x03, 0xF0,
    0x08, 0x7E, 0x07, 0x9F, 0xFF, 0xE3, 0xFF, 0xF8, 0x7F, 0xFC, 0x0F, 0xFC, 0x00, 0x78, 0x00, 0x00,
    0x00, 0x00, 0x01, 0xFF, 0x80, 0x07, 0xFF, 0xE0, 0x0F, 0xFF, 0xF0, 0x1F, 0xFF, 0xF8, 0x3F, 0xFF,
    0xF8, 0x3F, 0x81, 0xFC, 0x7F, 0x00, 0xFC, 0x7E, 0x00, 0xFE, 0x1E, 0x00, 0xFE, 0x04, 0x00, 0x7E,
    0x00, 0x00, 0x7E, 0xFF, 0xFF, 0xFF, 0xFF, 0xFF, 0xFF, 0xFF, 0xFF, 0xFF, 0xFF, 0xFF, 0xFE, 0xFE,
    0x00, 0x7E, 0x7E, 0x00, 0xFE, 0x7E, 0x00, 0xFE, 0x7F, 0x00, 0xFC, 0x7F, 0x01, 0xFC, 0x3F, 0xC3,
    0xF8, 0x1F, 0xFF, 0xF8, 0x1F, 0xFF, 0xF0, 0x07, 0xFF, 0xC0, 0x03, 0xFF, 0x80, 0x00, 0x7C, 0x00,
    0x07, 0xFC, 0x03, 0xFF, 0xC0, 0xFF, 0xFC, 0x3F, 0xFF, 0xC7, 0xE1, 0xFC, 0x70, 0x1F, 0x80, 0x01,
    0xF8, 0x00, 0x3F, 0x7F, 0xFF, 0xEF, 0xFF, 0xFD, 0xFF, 0xFF, 0xBE, 0x03, 0xF7, 0xC0, 0x7C, 0xFC,
    0x1F, 0x8F, 0xC7, 0xE0, 0xFF, 0xFC, 0x0F, 0xFF, 0x00, 0xFF, 0x80, 0x03, 0xC0, 0x00, 0x03, 0xE7,
    0xC0, 0x07, 0xE7, 0xC0, 0x07, 0xE7, 0xC0, 0x07, 0xE7, 0xC0, 0x03, 0xC7, 0xC0, 0x00, 0x00, 0x00,
    0x00, 0x00, 0x00, 0x01, 0xFF, 0x80, 0x07, 0xFF, 0xE0, 0x0F, 0xFF, 0xF0, 0x1F, 0xFF, 0xF8, 0x3F,
    0xFF, 0xF8, 0x3F, 0x81, 0xFC, 0x7F, 0x00, 0xFC, 0x7E, 0x00, 0xFE, 0x1E, 0x00, 0xFE, 0x04, 0x00,
    0x7E, 0x00, 0x00, 0x7E, 0xFF, 0xFF, 0xFF, 0xFF, 0xFF, 0xFF, 0xFF, 0xFF, 0xFF, 0xFF, 0xFF, 0xFE,
    0xFE, 0x00, 0x7E, 0x7E, 0x00, 0xFE, 0x7E, 0x00, 0xFE, 0x7F, 0x00, 0xFC, 0x7F, 0x01, 0xFC, 0x3F,
    0xC3, 0xF8, 0x1F, 0xFF, 0xF8, 0x1F, 0xFF, 0xF0, 0x07, 0xFF, 0xC0, 0x03, 0xFF, 0x80, 0x00, 0x7C,
    0x00, 0x1F, 0x9F, 0x03, 0xF3, 0xE0, 0x7E, 0x7C, 0x0F, 0xCF, 0x80, 0xF1, 0xF0, 0x00, 0x00, 0x00,
    0x00, 0x00, 0x3F, 0xE0, 0x1F, 0xFE, 0x07, 0xFF, 0xE1, 0xFF, 0xFE, 0x3F, 0x0F, 0xE3, 0x80, 0xFC,
    0x00, 0x0F, 0xC0, 0x01, 0xFB, 0xFF, 0xFF, 0x7F, 0xFF, 0xEF, 0xFF, 0xFD, 0xF0, 0x1F, 0xBE, 0x03,
    0xE7, 0xE0, 0xFC, 0x7E, 0x3F, 0x07, 0xFF, 0xE0, 0x7F, 0xF8, 0x07, 0xFC, 0x00, 0x1E, 0x00, 0x00,
    0x3E, 0x3E, 0x00, 0x00, 0x1F, 0x1F, 0x00, 0x00, 0x0F, 0x8F, 0x80, 0x00, 0x07, 0xC7, 0xC0, 0x00,
    0x03, 0xE3, 0xE0, 0x00, 0x00, 0x00, 0x00, 0x00, 0x00, 0x00, 0x00, 0x00, 0xFC, 0x0F, 0xE0, 0x7E,
    0x7E, 0x07, 0xF0, 0x3F, 0x3F, 0x83, 0xF8, 0x3F, 0x8F, 0xC1, 0xFC, 0x1F, 0x87, 0xF0, 0xFE, 0x1F,
    0xC1, 0xF8, 0x7F, 0x0F, 0xC0, 0x7E, 0x3F, 0x8F, 0xC0, 0x3F, 0x1F, 0xC7, 0xE0, 0x0F, 0xCF, 0xE7,
    0xE0, 0x07, 0xE7, 0xF3, 0xF0, 0x01, 0xFF, 0xFF, 0xF0, 0x00, 0xFF, 0xFF, 0xF8, 0x00, 0xFF, 0xFF,
    0xFE, 0x00, 0xFF, 0xFF, 0xFF, 0x80, 0xFF, 0xFF, 0xFF, 0xE0, 0x7E, 0x1F, 0xC7, 0xF0, 0x3F, 0x0F,
    0xE1, 0xF8, 0x3F, 0x87, 0xF0, 0xFE, 0x1F, 0x83, 0xF8, 0x7F, 0x0F, 0xC1, 0xFC, 0x1F, 0x87, 0xE0,
    0xFE, 0x0F, 0xCF, 0xF0, 0x7F, 0x07, 0xFF, 0xF0, 0x3F, 0x83, 0xFF, 0xF8, 0x1F, 0xC0, 0xFF, 0xF8,
    0x0F, 0xE0, 0x3F, 0x01, 0xF1, 0xF0, 0x00, 0x3E, 0x3E, 0x00, 0x07, 0xC7, 0xC0, 0x00, 0xF8, 0xF8,
    0x00, 0x1F, 0x1F, 0x00, 0x00, 0x00, 0x00, 0x00, 0x00, 0x00, 0x07, 0xC0, 0xF8, 0x1F, 0xFC, 0x1F,
    0x07, 0xEF, 0x83, 0xE0, 0xF8, 0xF8, 0x7C, 0x3F, 0x1F, 0x8F, 0x87, 0xC1, 0xF1, 0xF1, 0xF0, 0x3F,
    0x3E, 0x7E, 0x03, 0xFF, 0xFF, 0x80, 0x7F, 0xFF, 0xF0, 0x1F, 0xFF, 0xFF, 0x07, 0xFF, 0xFF, 0xF0,
    0xFC, 0x7C, 0x7E, 0x1F, 0x0F, 0x87, 0xC7, 0xE1, 0xF0, 0xFC, 0xFC, 0x3E, 0x1F, 0xBF, 0x87, 0xC1,
    0xFF, 0xE0, 0xF8, 0x3F, 0xF8, 0x1F, 0x03, 0xE0, 0x07, 0xCF, 0x80, 0x7E, 0x7C, 0x03, 0xF3, 0xE0,
    0x1F, 0x9F, 0x00, 0x78, 0xF8, 0x00, 0x00, 0x00, 0x00, 0x00, 0x00, 0x7F, 0xC0, 0x0F, 0xFF, 0x80,
    0xFF, 0xFE, 0x0F, 0xFF, 0xF8, 0xFF, 0x1F, 0xC7, 0xF0, 0x3F, 0x3F, 0x01, 0xFB, 0xF0, 0x0F, 0xCF,
    0x80, 0x7E, 0x00, 0x07, 0xE0, 0x07, 0xFF, 0x00, 0x3F, 0xF0, 0x01, 0xFF, 0x00, 0x0F, 0xFE, 0x00,
    0x7F, 0xF8, 0x00, 0x0F, 0xC7, 0x00, 0x7E, 0xF8, 0x01, 0xFF, 0xE0, 0x0F, 0xBF, 0x80, 0xFC, 0xFF,
    0x1F, 0xE3, 0xFF, 0xFF, 0x1F, 0xFF, 0xF0, 0x3F, 0xFF, 0x00, 0xFF, 0xE0, 0x00, 0xF8, 0x00, 0x3E,
    0x3E, 0x1F, 0x1F, 0x0F, 0x8F, 0x87, 0xC7, 0xC3, 0xE3, 0xE0, 0x00, 0x00, 0x00, 0x00, 0x1F, 0xF0,
    0x1F, 0xFE, 0x1F, 0xFF, 0x9F, 0xFF, 0xDF, 0x83, 0xEF, 0x81, 0xF0, 0x00, 0xF8, 0x07, 0xFC, 0x07,
    0xF8, 0x03, 0xFE, 0x01, 0xFF, 0x80, 0x07, 0xFE, 0x03, 0xFF, 0x81, 0xFF, 0xF3, 0xFD, 0xFF, 0xFC,
    0x7F, 0xFC, 0x1F, 0xFC, 0x01, 0xF0, 0x00, 0x7F, 0xFF, 0xF3, 0xFF, 0xFF, 0x9F, 0xFF, 0xFC, 0xFF,
    0xFF, 0xE7, 0xFF, 0xFE, 0x00, 0x0F, 0xE0, 0x00, 0xFC, 0x00, 0x0F, 0xC0, 0x00, 0xFC, 0x00, 0x0F,
    0xC0, 0x00, 0xFF, 0xC0, 0x07, 0xFF, 0x80, 0x3F, 0xFE, 0x00, 0xFF, 0xF8, 0x00, 0x1F, 0xC0, 0x00,
    0x7E, 0x38, 0x03, 0xFF, 0xC0, 0x1F, 0xFF, 0x00, 0xFF, 0xFC, 0x07, 0xE7, 0xF0, 0x7F, 0x3F, 0xFF,
    0xF8, 0xFF, 0xFF, 0x83, 0xFF, 0xF8, 0x07, 0xFF, 0x00, 0x07, 0xC0, 0x00, 0x3F, 0xFF, 0x8F, 0xFF,
    0xE3, 0xFF, 0xF8, 0xFF, 0xFE, 0x00, 0x3F, 0x00, 0x1F, 0x00, 0x0F, 0x80, 0x07, 0xC0, 0x03, 0xE0,
    0x01, 0xFC, 0x00, 0x7F, 0xC0, 0x1F, 0xFC, 0x07, 0xFF, 0x00, 0x07, 0xE0, 0x00, 0xF8, 0x00, 0x3E,
    0x00, 0x0F, 0x9E, 0x03, 0xE7, 0x80, 0xF9, 0xF0, 0x7E, 0x7F, 0xFF, 0x0F, 0xFF, 0xC1, 0xFF, 0xE0,
    0x1F, 0xE0, 0x07, 0xFF, 0xC0, 0x1F, 0xFF, 0x00, 0x7F, 0xFC, 0x01, 0xFF, 0xF0, 0x00, 0x00, 0x00,
    0x00, 0x00, 0x00, 0x00, 0x00, 0x3F, 0x80, 0x3F, 0xFE, 0x01, 0xFF, 0xF8, 0x07, 0xFF, 0xE0, 0x3F,
    0xFF, 0x81, 0xFF, 0xFE, 0x07, 0xFF, 0xF8, 0x3F, 0xFF, 0xE0, 0xFF, 0xFF, 0x87, 0xFF, 0xFE, 0x3F,
    0xFF, 0xF8, 0xFB, 0xFF, 0xE7, 0xEF, 0xFF, 0xBF, 0x3F, 0xFE, 0xFC, 0xFF, 0xFF, 0xE3, 0xFF, 0xFF,
    0x0F, 0xFF, 0xFC, 0x3F, 0xFF, 0xE0, 0xFF, 0xFF, 0x03, 0xFF, 0xFC, 0x0F, 0xFF, 0xE0, 0x3F, 0xFF,
    0x80, 0xFF, 0xFC, 0x03, 0xFF, 0xE0, 0x0F, 0xFF, 0x80, 0x3F, 0x3F, 0xFE, 0x1F, 0xFF, 0x0F, 0xFF,
    0x87, 0xFF, 0xC0, 0x00, 0x00, 0x00, 0x00, 0x00, 0x01, 0xF0, 0x1F, 0xF8, 0x1F, 0xFC, 0x1F, 0xFE,
    0x0F, 0xFF, 0x0F, 0xFF, 0x8F, 0xFF, 0xC7, 0xFF, 0xE7, 0xFF, 0xF7, 0xFF, 0xFB, 0xEF, 0xFF, 0xE7,
    0xFF, 0xE3, 0xFF, 0xF1, 0xFF, 0xF0, 0xFF, 0xF0, 0x7F, 0xF8, 0x3F, 0xF8, 0x1F, 0xF8, 0x0F, 0x80,
    0x07, 0xC7, 0xC0, 0x1F, 0x1F, 0x00, 0x7C, 0x7C, 0x01, 0xF1, 0xF0, 0x07, 0xC7, 0xC0, 0x00, 0x00,
    0x00, 0x00, 0x00, 0x3F, 0x80, 0x3F, 0xFE, 0x01, 0xFF, 0xF8, 0x07, 0xFF, 0xE0, 0x3F, 0xFF, 0x81,
    0xFF, 0xFE, 0x07, 0xFF, 0xF8, 0x3F, 0xFF, 0xE0, 0xFF, 0xFF, 0x87, 0xFF, 0xFE, 0x3F, 0xFF, 0xF8,
    0xFB, 0xFF, 0xE7, 0xEF, 0xFF, 0xBF, 0x3F, 0xFE, 0xFC, 0xFF, 0xFF, 0xE3, 0xFF, 0xFF, 0x0F, 0xFF,
    0xFC, 0x3F, 0xFF, 0xE0, 0xFF, 0xFF, 0x03, 0xFF, 0xFC, 0x0F, 0xFF, 0xE0, 0x3F, 0xFF, 0x80, 0xFF,
    0xFC, 0x03, 0xFF, 0xE0, 0x0F, 0xFF, 0x80, 0x3F, 0x3E, 0x3E, 0x1F, 0x1F, 0x0F, 0x8F, 0x87, 0xC7,
    0xC3, 0xE3, 0xE0, 0x00, 0x00, 0x00, 0x01, 0xF0, 0x1F, 0xF8, 0x1F, 0xFC, 0x1F, 0xFE, 0x0F, 0xFF,
    0x0F, 0xFF, 0x8F, 0xFF, 0xC7, 0xFF, 0xE7, 0xFF, 0xF7, 0xFF, 0xFB, 0xEF, 0xFF, 0xE7, 0xFF, 0xE3,
    0xFF, 0xF1, 0xFF, 0xF0, 0xFF, 0xF0, 0x7F, 0xF8, 0x3F, 0xF8, 0x1F, 0xF8, 0x0F, 0x80, 0x03, 0xE7,
    0xC0, 0x07, 0xE7, 0xC0, 0x07, 0xE7, 0xC0, 0x07, 0xE7, 0xC0, 0x03, 0xC7, 0xC0, 0x00, 0x00, 0x00,
    0x00, 0x00, 0x00, 0x01, 0xFF, 0x80, 0x07, 0xFF, 0xE0, 0x0F, 0xFF, 0xF0, 0x1F, 0xFF, 0xF8, 0x3F,
    0xE7, 0xFC, 0x3F, 0x81, 0xFC, 0x7F, 0x00, 0xFE, 0x7F, 0x00, 0xFE, 0x7E, 0x00, 0xFE, 0xFE, 0x00,
    0x7E, 0xFE, 0x00, 0x7F, 0xFE, 0x00, 0x7F, 0xFE, 0x00, 0x7F, 0xFE, 0x00, 0x7F, 0xFE, 0x00, 0x7F,
    0xFE, 0x00, 0x7E, 0x7E, 0x00, 0x7E, 0x7F, 0x00, 0xFE, 0x7F, 0x00, 0xFE, 0x3F, 0x81, 0xFC, 0x3F,
    0xC3, 0xFC, 0x1F, 0xFF, 0xF8, 0x0F, 0xFF, 0xF0, 0x07, 0xFF, 0xE0, 0x03, 0xFF, 0x80, 0x00, 0x3C,
    0x00, 0x1F, 0x3E, 0x07, 0xCF, 0x81, 0xF3, 0xE0, 0x7C, 0xF8, 0x1F, 0x3E, 0x00, 0x00, 0x00, 0x00,
    0x00, 0x1F, 0xE0, 0x1F, 0xFE, 0x0F, 0xFF, 0xC7, 0xFF, 0xF9, 0xF8, 0x7E, 0xFC, 0x0F, 0xFF, 0x03,
    0xFF, 0xC0, 0xFF, 0xF0, 0x3F, 0xFC, 0x0F, 0xFF, 0x03, 0xFF, 0xC0, 0xFF, 0xF0, 0x3F, 0x7E, 0x1F,
    0x9F, 0xCF, 0xE3, 0xFF, 0xF0, 0x7F, 0xF8, 0x0F, 0xFC, 0x00, 0x78, 0x00, 0x00, 0x7E, 0x00, 0x03,
    0xFF, 0xC0, 0x07, 0xFF, 0xE0, 0x0F, 0xFF, 0xF0, 0x1F, 0xFF, 0xF8, 0x3F, 0xC3, 0xFC, 0x3F, 0x01,
    0xFC, 0x7F, 0x00, 0xFE, 0x7F, 0x00, 0xFE, 0x7E, 0x00, 0x7E, 0xFE, 0x00, 0x7E, 0xFF, 0xFF, 0xFF,
    0xFF, 0xFF, 0xFF, 0xFF, 0xFF, 0xFF, 0xFF, 0xFF, 0xFF, 0xFF, 0xFF, 0xFF, 0xFE, 0x00, 0x7E, 0x7E,
    0x00, 0xFE, 0x7F, 0x00, 0xFE, 0x7F, 0x00, 0xFE, 0x3F, 0x81, 0xFC, 0x3F, 0xFF, 0xF8, 0x1F, 0xFF,
    0xF8, 0x0F, 0xFF, 0xF0, 0x07, 0xFF, 0xC0, 0x01, 0xFF, 0x00, 0x07, 0xF8, 0x07, 0xFF, 0x83, 0xFF,
    0xF1, 0xFF, 0xFE, 0x7E, 0x1F, 0xBF, 0x03, 0xFF, 0xC0, 0xFF, 0xFF, 0xFF, 0xFF, 0xFF, 0xFF, 0xFF,
    0xFF, 0xFF, 0xFF, 0xF0, 0x3F, 0xFC, 0x0F, 0xDF, 0x87, 0xE7, 0xF3, 0xF8, 0xFF, 0xFC, 0x1F, 0xFE,
    0x03, 0xFF, 0x00, 0x1E, 0x00, 0x03, 0xE7, 0xC0, 0x07, 0xE7, 0xC0, 0x07, 0xE7, 0xC0, 0x07, 0xE7,
    0xC0, 0x03, 0xC7, 0xC0, 0x00, 0x00, 0x00, 0x00, 0x7E, 0x00, 0x03, 0xFF, 0xC0, 0x07, 0xFF, 0xE0,
    0x0F, 0xFF, 0xF0, 0x1F, 0xFF, 0xF8, 0x3F, 0xC3, 0xFC, 0x3F, 0x01, 0xFC, 0x7F, 0x00, 0xFE, 0x7F,
    0x00, 0xFE, 0x7E, 0x00, 0x7E, 0xFE, 0x00, 0x7E, 0xFF, 0xFF, 0xFF, 0xFF, 0xFF, 0xFF, 0xFF, 0xFF,
    0xFF, 0xFF, 0xFF, 0xFF, 0xFF, 0xFF, 0xFF, 0xFE, 0x00, 0x7E, 0x7E, 0x00, 0xFE, 0x7F, 0x00, 0xFE,
    0x7F, 0x00, 0xFE, 0x3F, 0x81, 0xFC, 0x3F, 0xFF, 0xF8, 0x1F, 0xFF, 0xF8, 0x0F, 0xFF, 0xF0, 0x07,
    0xFF, 0xC0, 0x01, 0xFF, 0x00, 0x1F, 0x3E, 0x07, 0xCF, 0x81, 0xF3, 0xE0, 0x7C, 0xF8, 0x1F, 0x3E,
    0x00, 0x00, 0x00, 0x00, 0x00, 0x1F, 0xE0, 0x1F, 0xFE, 0x0F, 0xFF, 0xC7, 0xFF, 0xF9, 0xF8, 0x7E,
    0xFC, 0x0F, 0xFF, 0x03, 0xFF, 0xFF, 0xFF, 0xFF, 0xFF, 0xFF, 0xFF, 0xFF, 0xFF, 0xFF, 0xC0, 0xFF,
    0xF0, 0x3F, 0x7E, 0x1F, 0x9F, 0xCF, 0xE3, 0xFF, 0xF0, 0x7F, 0xF8, 0x0F, 0xFC, 0x00, 0x78, 0x00,
    0x0F, 0xCF, 0x80, 0x1F, 0x9F, 0x00, 0x3F, 0x3E, 0x00, 0x7E, 0x7C, 0x00, 0x78, 0xF8, 0x00, 0x00,
    0x00, 0x00, 0x00, 0x00, 0x01, 0xFF, 0x80, 0x0F, 0xFF, 0x80, 0x3F, 0xFF, 0xC0, 0xFF, 0xFF, 0xC3,
    0xFC, 0x7F, 0x87, 0xF0, 0x3F, 0x9F, 0xC0, 0x3F, 0x3F, 0x00, 0x7F, 0x3E, 0x00, 0x7E, 0x00, 0x00,
    0xFC, 0x01, 0xFF, 0xF8, 0x03, 0xFF, 0xF0, 0x07, 0xFF, 0xE0, 0x0F, 0xFF, 0xC0, 0x00, 0x1F, 0x80,
    0x00, 0x3F, 0x1C, 0x00, 0x7E, 0xF8, 0x01, 0xFD, 0xF8, 0x03, 0xF3, 0xF8, 0x0F, 0xE3, 0xFC, 0x7F,
    0x83, 0xFF, 0xFF, 0x07, 0xFF, 0xFC, 0x03, 0xFF, 0xF0, 0x03, 0xFF, 0x80, 0x00, 0xF8, 0x00, 0x3F,
    0x3E, 0x0F, 0xCF, 0x83, 0xF3, 0xE0, 0xFC, 0xF8, 0x3E, 0x3E, 0x00, 0x00, 0x00, 0x00, 0x00, 0x1F,
    0xE0, 0x1F, 0xFC, 0x0F, 0xFF, 0x87, 0xFF, 0xF1, 0xF0, 0x7E, 0xF8, 0x0F, 0x80, 0x03, 0xF0, 0x3F,
    0xFC, 0x0F, 0xFF, 0x03, 0xFF, 0xC0, 0xFF, 0xF0, 0x00, 0xFF, 0xE0, 0x3E, 0xF8, 0x1F, 0x9F, 0x9F,
    0xE3, 0xFF, 0xF0, 0x7F, 0xF8, 0x0F, 0xF8, 0x00, 0x78, 0x00, 0x03, 0xFF, 0xC0, 0x07, 0xFF, 0x80,
    0x0F, 0xFF, 0x00, 0x1F, 0xFE, 0x00, 0x00, 0x00, 0x00, 0x00, 0x00, 0x00, 0x00, 0x00, 0x7F, 0x00,
    0x3E, 0x7F, 0x00, 0xFC, 0xFE, 0x01, 0xF8, 0xFE, 0x03, 0xE1, 0xFC, 0x0F, 0xC1, 0xFC, 0x1F, 0x03,
    0xF8, 0x7E, 0x03, 0xF8, 0xFC, 0x07, 0xF1, 0xF0, 0x07, 0xF7, 0xE0, 0x0F, 0xEF, 0x80, 0x0F, 0xFF,
    0x00, 0x1F, 0xFE, 0x00, 0x1F, 0xF8, 0x00, 0x3F, 0xF0, 0x00, 0x3F, 0xC0, 0x00, 0x3F, 0x80, 0x00,
    0x7F, 0x00, 0x00, 0xFC, 0x00, 0x01, 0xF8, 0x00, 0xFF, 0xE0, 0x01, 0xFF, 0xC0, 0x03, 0xFF, 0x00,
    0x07, 0xFC, 0x00, 0x0F, 0xF0, 0x00, 0x00, 0x00, 0x00, 0x0F, 0xFF, 0x01, 0xFF, 0xF0, 0x3F, 0xFE,
    0x07, 0xFF, 0xC0, 0x00, 0x00, 0x00, 0x00, 0x00, 0x00, 0x07, 0xE0, 0x1E, 0xFE, 0x07, 0xCF, 0xC0,
    0xF9, 0xFC, 0x1F, 0x1F, 0x87, 0xC3, 0xF0, 0xF8, 0x7F, 0x1E, 0x07, 0xE7, 0xC0, 0xFC, 0xF8, 0x0F,
    0xDE, 0x01, 0xFF, 0xC0, 0x1F, 0xF0, 0x03, 0xFE, 0x00, 0x7F, 0xC0, 0x07, 0xF0, 0x00, 0xFE, 0x00,
    0x0F, 0x80, 0x01, 0xF0, 0x00, 0x7E, 0x00, 0xFF, 0x80, 0x3F, 0xE0, 0x07, 0xFC, 0x00, 0xFF, 0x00,
    0x1F, 0x80, 0x00, 0x03, 0xE7, 0xC0, 0x07, 0xCF, 0x80, 0x0F, 0x9F, 0x00, 0x1F, 0x3E, 0x00, 0x3E,
    0x7C, 0x00, 0x00, 0x00, 0x00, 0x00, 0x00, 0x7F, 0x00, 0x3E, 0x7F, 0x00, 0xFC, 0xFE, 0x01, 0xF8,
    0xFE, 0x03, 0xE1, 0xFC, 0x0F, 0xC1, 0xFC, 0x1F, 0x03, 0xF8, 0x7E, 0x03, 0xF8, 0xFC, 0x07, 0xF1,
    0xF0, 0x07, 0xF7, 0xE0, 0x0F, 0xEF, 0x80, 0x0F, 0xFF, 0x00, 0x1F, 0xFE, 0x00, 0x1F, 0xF8, 0x00,
    0x3F, 0xF0, 0x00, 0x3F, 0xC0, 0x00, 0x3F, 0x80, 0x00, 0x7F, 0x00, 0x00, 0xFC, 0x00, 0x01, 0xF8,
    0x00, 0xFF, 0xE0, 0x01, 0xFF, 0xC0, 0x03, 0xFF, 0x00, 0x07, 0xFC, 0x00, 0x0F, 0xF0, 0x00, 0x00,
    0x00, 0x00, 0x0F, 0x9F, 0x01, 0xF3, 0xF0, 0x3E, 0x7E, 0x07, 0xCF, 0xC0, 0xF9, 0xF0, 0x00, 0x00,
    0x00, 0x00, 0x07, 0xE0, 0x1E, 0xFE, 0x07, 0xCF, 0xC0, 0xF9, 0xFC, 0x1F, 0x1F, 0x87, 0xC3, 0xF0,
    0xF8, 0x7F, 0x1E, 0x07, 0xE7, 0xC0, 0xFC, 0xF8, 0x0F, 0xDE, 0x01, 0xFF, 0xC0, 0x1F, 0xF0, 0x03,
    0xFE, 0x00, 0x7F, 0xC0, 0x07, 0xF0, 0x00, 0xFE, 0x00, 0x0F, 0x80, 0x01, 0xF0, 0x00, 0x7E, 0x00,
    0xFF, 0x80, 0x3F, 0xE0, 0x07, 0xFC, 0x00, 0xFF, 0x00, 0x1F, 0x80, 0x00, 0x00, 0x00, 0x00, 0x00,
    0xE1, 0x80, 0x03, 0xE7, 0x80, 0x0F, 0xDF, 0x00, 0x3F, 0x7E, 0x00, 0xF9, 0xF0, 0x00, 0xE1, 0x80,
    0x00, 0x00, 0x00, 0xFE, 0x00, 0x7C, 0xFE, 0x01, 0xF9, 0xFC, 0x03, 0xF1, 0xFC, 0x07, 0xC3, 0xF8,
    0x1F, 0x83, 0xF8, 0x3E, 0x07, 0xF0, 0xFC, 0x07, 0xF1, 0xF8, 0x0F, 0xE3, 0xE0, 0x0F, 0xEF, 0xC0,
    0x1F, 0xDF, 0x00, 0x1F, 0xFE, 0x00, 0x3F, 0xFC, 0x00, 0x3F, 0xF0, 0x00, 0x7F, 0xE0, 0x00, 0x7F,
    0x80, 0x00, 0x7F, 0x00, 0x00, 0xFE, 0x00, 0x01, 0xF8, 0x00, 0x03, 0xF0, 0x01, 0xFF, 0xC0, 0x03,
    0xFF, 0x80, 0x07, 0xFE, 0x00, 0x0F, 0xF8, 0x00, 0x1F, 0xE0, 0x00, 0x00, 0x00, 0x00, 0x00, 0x00,
    0x00, 0x18, 0x60, 0x0F, 0x9E, 0x03, 0xF7, 0xE0, 0xFD, 0xF8, 0x1F, 0x7C, 0x03, 0x87, 0x00, 0x00,
    0x00, 0xFC, 0x03, 0xDF, 0xC0, 0xF9, 0xF8, 0x1F, 0x3F, 0x83, 0xE3, 0xF0, 0xF8, 0x7E, 0x1F, 0x0F,
    0xE3, 0xC0, 0xFC, 0xF8, 0x1F, 0x9F, 0x01, 0xFB, 0xC0, 0x3F, 0xF8, 0x03, 0xFE, 0x00, 0x7F, 0xC0,
    0x0F, 0xF8, 0x00, 0xFE, 0x00, 0x1F, 0xC0, 0x01, 0xF0, 0x00, 0x3E, 0x00, 0x0F, 0xC0, 0x1F, 0xF0,
    0x07, 0xFC, 0x00, 0xFF, 0x80, 0x1F, 0xE0, 0x03, 0xF0, 0x00, 0x0F, 0x9F, 0x00, 0xF9, 0xF0, 0x0F,
    0x9F, 0x00, 0xF9, 0xF0, 0x0F, 0x9F, 0x00, 0x00, 0x00, 0x00, 0x00, 0x0F, 0xC0, 0x3F, 0xFC, 0x07,
    0xFF, 0xC0, 0x7F, 0xFC, 0x07, 0xFF, 0xC0, 0x7F, 0xFC, 0x07, 0xFF, 0xC0, 0x7F, 0xFC, 0x07, 0xFF,
    0xC0, 0x7F, 0xFC, 0x07, 0xFF, 0xC0, 0x7F, 0xFE, 0x07, 0xFF, 0xE0, 0x7F, 0xFF, 0xFF, 0xFF, 0xFF,
    0xFF, 0x7F, 0xFF, 0xF3, 0xFF, 0xFF, 0x0F, 0xF7, 0xF0, 0x00, 0x7F, 0x00, 0x07, 0xF0, 0x00, 0x7F,
    0x00, 0x07, 0xF0, 0x00, 0x7F, 0x00, 0x07, 0xF0, 0x00, 0x7F, 0x1F, 0x3E, 0x07, 0xCF, 0xC1, 0xF3,
    0xF0, 0x7C, 0xFC, 0x1F, 0x3E, 0x00, 0x00, 0x00, 0x00, 0x01, 0xF0, 0x3E, 0xFC, 0x0F, 0xBF, 0x03,
    0xEF, 0xC0, 0xFB, 0xF0, 0x3E, 0xFC, 0x0F, 0xBF, 0x03, 0xEF, 0xC0, 0xF9, 0xF8, 0x7E, 0x7F, 0xFF,
    0x9F, 0xFF, 0xE3, 0xFF, 0xF8, 0x7F, 0x3E, 0x00, 0x0F, 0x80, 0x03, 0xE0, 0x00, 0xF8, 0x00, 0x3E,
    0x00, 0x0F, 0x80, 0xFF, 0xFF, 0xFF, 0xFF, 0xFF, 0xFF, 0xFF, 0xFF, 0xFF, 0xFF, 0xFF, 0xBF, 0x80,
    0x0F, 0xE0, 0x03, 0xF8, 0x00, 0xFE, 0x00, 0x3F, 0x80, 0x0F, 0xE0, 0x03, 0xF8, 0x00, 0xFE, 0x00,
    0x3F, 0x80, 0x0F, 0xE0, 0x03, 0xF8, 0x00, 0xFE, 0x00, 0x3F, 0x80, 0x0F, 0xE0, 0x03, 0xF8, 0x00,
    0xFF, 0x80, 0x3F, 0xF0, 0x0F, 0xFC, 0x03, 0xFF, 0x00, 0xFF, 0xC0, 0x03, 0xF0, 0x00, 0xFC, 0x00,
    0x3F, 0x00, 0x0F, 0xC0, 0x03, 0xE0, 0x00, 0xFF, 0xFF, 0xFF, 0xFF, 0xFF, 0xFF, 0xFF, 0xC0, 0x7E,
    0x03, 0xF0, 0x1F, 0x80, 0xFC, 0x07, 0xE0, 0x3F, 0x01, 0xF8, 0x0F, 0xC0, 0x7E, 0x03, 0xFC, 0x1F,
    0xE0, 0xFF, 0x07, 0xF8, 0x07, 0xC0, 0x3E, 0x01, 0xF0, 0x0F, 0x80, 0x00, 0xF9, 0xF0, 0x00, 0x1F,
    0x9F, 0x00, 0x01, 0xF9, 0xF0, 0x00, 0x1F, 0x9F, 0x00, 0x00, 0xF1, 0xF0, 0x00, 0x00, 0x00, 0x00,
    0x00, 0x00, 0x00, 0x0F, 0xE0, 0x00, 0x7F, 0xFE, 0x00, 0x07, 0xFF, 0xE0, 0x00, 0x7F, 0xFE, 0x00,
    0x07, 0xFF, 0xE0, 0x00, 0x7F, 0xFE, 0x00, 0x07, 0xFF, 0xE0, 0x00, 0x7F, 0xFE, 0x00, 0x07, 0xFF,
    0xE0, 0x00, 0x7F, 0xFF, 0xFE, 0x07, 0xFF, 0xFF, 0xF0, 0x7F, 0xFF, 0xFF, 0x87, 0xFF, 0xFF, 0xFC,
    0x7F, 0xFF, 0xFF, 0xE7, 0xFF, 0xE0, 0xFE, 0x7F, 0xFE, 0x07, 0xE7, 0xFF, 0xE0, 0x7E, 0x7F, 0xFE,
    0x07, 0xE7, 0xFF, 0xE0, 0x7E, 0x7F, 0xFE, 0x0F, 0xE7, 0xFF, 0xFF, 0xFC, 0x7F, 0xFF, 0xFF, 0xC7,
    0xFF, 0xFF, 0xF8, 0x7F, 0xFF, 0xFF, 0x07, 0xFF, 0xFF, 0xC0, 0x7F, 0x07, 0xC7, 0xC0, 0x0F, 0x9F,
    0x80, 0x1F, 0x3F, 0x00, 0x3E, 0x7E, 0x00, 0x7C, 0x78, 0x00, 0x00, 0x00, 0x00, 0x00, 0x00, 0x7C,
    0x00, 0x3E, 0xF8, 0x00, 0x7F, 0xF0, 0x00, 0xFF, 0xE0, 0x01, 0xFF, 0xC0, 0x03, 0xFF, 0x80, 0x07,
    0xFF, 0xFC, 0x0F, 0xFF, 0xFE, 0x1F, 0xFF, 0xFE, 0x3F, 0xFF, 0xFC, 0x7F, 0xF0, 0xFC, 0xFF, 0xE0,
    0xF9, 0xFF, 0xC1, 0xF3, 0xFF, 0x83, 0xE7, 0xFF, 0xFF, 0xCF, 0xFF, 0xFF, 0x1F, 0xFF, 0xFC, 0x3F,
    0xFF, 0xF0, 0x7C, 0x1F, 0xFF, 0xF8, 0xFF, 0xFF, 0xC7, 0xFF, 0xFE, 0x3F, 0xFF, 0xF1, 0xFF, 0xFF,
    0x8F, 0xE0, 0x00, 0x7F, 0x00, 0x03, 0xF8, 0x00, 0x1F, 0xC0, 0x00, 0xFE, 0x00, 0x07, 0xF0, 0x01,
    0xFF, 0xFC, 0x0F, 0xFF, 0xE0, 0x7F, 0xFF, 0x03, 0xFF, 0xF8, 0x03, 0xF8, 0x00, 0x1F, 0xC0, 0x00,
    0xFE, 0x00, 0x07, 0xF0, 0x00, 0x3F, 0x80, 0x01, 0xFC, 0x00, 0x0F, 0xE0, 0x00, 0x7F, 0xE0, 0x03,
    0xFF, 0x00, 0x1F, 0xF8, 0x00, 0x07, 0xC0, 0x00, 0x3E, 0x00, 0x1F, 0xE0, 0x01, 0xFF, 0x00, 0x0F,
    0xF0, 0x00, 0x7E, 0x00, 0x00, 0x1F, 0xFF, 0x1F, 0xFF, 0x1F, 0xFF, 0x1F, 0xFF, 0x1F, 0x80, 0x1F,
    0x80, 0x1F, 0x80, 0x1F, 0x80, 0xFF, 0xF8, 0xFF, 0xF8, 0xFF, 0xF8, 0xFF, 0xF8, 0x1F, 0x80, 0x1F,
    0x80, 0x1F, 0x80, 0x1F, 0xE0, 0x1F, 0xE0, 0x1F, 0xE0, 0x03, 0xE0, 0x03, 0xE0, 0x0F, 0xE0, 0x1F,
    0xC0, 0x1F, 0xC0, 0x1F, 0x00, 0x7F, 0x00, 0xFE, 0xFF, 0x01, 0xF8, 0xFE, 0x07, 0xF0, 0xFE, 0x0F,
    0xC1, 0xFC, 0x3F, 0x01, 0xFC, 0xFE, 0x03, 0xFD, 0xF8, 0x03, 0xFF, 0xE0, 0x03, 0xFF, 0xC0, 0x07,
    0xFF, 0x00, 0x07, 0xFC, 0x00, 0x07, 0xF8, 0x00, 0x0F, 0xF0, 0x00, 0x1F, 0xF0, 0x00, 0x7F, 0xE0,
    0x01, 0xFF, 0xE0, 0x03, 0xFF, 0xE0, 0x0F, 0xDF, 0xE0, 0x3F, 0x9F, 0xC0, 0x7E, 0x1F, 0xC1, 0xF8,
    0x3F, 0x87, 0xF0, 0x3F, 0x8F, 0xC0, 0x3F, 0x3F, 0x80, 0x7E, 0x7E, 0x00, 0xFC, 0x00, 0x01, 0xF8,
    0x00, 0x03, 0xE0, 0x00, 0x1F, 0xC0, 0x00, 0x3F, 0x00, 0x00, 0x7C, 0x00, 0x00, 0xE0, 0x00, 0x7E,
    0x07, 0xCF, 0xE0, 0xF8, 0xFC, 0x3E, 0x1F, 0xCF, 0xC1, 0xFF, 0xF0, 0x1F, 0xFC, 0x01, 0xFF, 0x00,
    0x3F, 0xE0, 0x03, 0xF8, 0x00, 0x7F, 0x80, 0x1F, 0xF0, 0x03, 0xFF, 0x00, 0xFF, 0xF0, 0x3F, 0x7E,
    0x0F, 0xC7, 0xE1, 0xF0, 0xFC, 0x7C, 0x0F, 0x9F, 0x81, 0xF8, 0x00, 0x3E, 0x00, 0x07, 0xC0, 0x01,
    0xF8, 0x00, 0x7E, 0x00, 0x0F, 0x80, 0x00, 0xC0, 0x7F, 0x00, 0xFE, 0x7F, 0x80, 0xFC, 0x3F, 0x81,
    0xFC, 0x1F, 0xC1, 0xF8, 0x1F, 0xC3, 0xF0, 0x0F, 0xE7, 0xF0, 0x0F, 0xF7, 0xE0, 0x07, 0xFF, 0xC0,
    0x03, 0xFF, 0xC0, 0x03, 0xFF, 0x80, 0x1F, 0xFF, 0xF8, 0x3F, 0xFF, 0xFC, 0x3F, 0xFF, 0xFC, 0x3F,
    0xFF, 0xF8, 0x01, 0xFF, 0x80, 0x03, 0xFF, 0xC0, 0x03, 0xFF, 0xE0, 0x07, 0xEF, 0xE0, 0x0F, 0xE7,
    0xF0, 0x0F, 0xC7, 0xF8, 0x1F, 0x83, 0xF8, 0x3F, 0x81, 0xFC, 0x3F, 0x01, 0xFE, 0x7F, 0x00, 0xFE,
    0x7E, 0x00, 0xFF, 0x7E, 0x07, 0xC7, 0xF0, 0x7C, 0x3F, 0x0F, 0x83, 0xF9, 0xF8, 0x1F, 0xFF, 0x00,
    0xFF, 0xE0, 0x07, 0xFC, 0x07, 0xFF, 0xFC, 0x7F, 0xFF, 0xC7, 0xFF, 0xFC, 0x3F, 0xFF, 0x80, 0x7F,
    0xE0, 0x0F, 0xFF, 0x01, 0xFB, 0xF8, 0x3F, 0x1F, 0x83, 0xE1, 0xFC, 0x7C, 0x0F, 0xEF, 0xC0, 0x7E,
    0x00, 0xFE, 0x00, 0x00, 0xFF, 0x00, 0x00, 0xFF, 0x00, 0x01, 0xFF, 0x80, 0x01, 0xFF, 0x80, 0x03,
    0xFF, 0x80, 0x03, 0xFF, 0xC0, 0x03, 0xEF, 0xC0, 0x07, 0xEF, 0xC0, 0x07, 0xCF, 0xE0, 0x07, 0xC7,
    0xE0, 0x0F, 0xC7, 0xE0, 0x0F, 0x87, 0xF0, 0x0F, 0x83, 0xF0, 0x1F, 0xFF, 0xF8, 0x1F, 0xFF, 0xF8,
    0x3F, 0xFF, 0xF8, 0x3F, 0xFF, 0xFC, 0x3F, 0xFF, 0xFC, 0x7F, 0xFF, 0xFC, 0x7E, 0x00, 0xFE, 0x7E,
    0x00, 0xFE, 0xFC, 0x00, 0x7E, 0xFC, 0x00, 0x7F, 0xFC, 0x00, 0x7F, 0x00, 0x00, 0x00, 0x00, 0x3C,
    0x00, 0x00, 0x7C, 0x00, 0x00, 0x7C, 0x00, 0x00, 0x7C, 0x00, 0x00, 0x3C, 0x00, 0x07, 0xFC, 0x0F,
    0xFF, 0x8F, 0xFF, 0xEF, 0xFF, 0xF7, 0xE1, 0xF8, 0xE0, 0x7C, 0x00, 0x3E, 0x07, 0xFF, 0x1F, 0xFF,
    0x9F, 0xFF, 0xDF, 0xC3, 0xEF, 0xC1, 0xFF, 0xC0, 0xFF, 0xE0, 0xFF, 0xFD, 0xFE, 0xFF, 0xFF, 0x7F,
    0xFF, 0x9F, 0xE7, 0xC3, 0xC0, 0x00, 0x3C, 0x00, 0x1F, 0x00, 0x0F, 0x80, 0x07, 0xC0, 0x03, 0xC0,
    0x00, 0x78, 0x00, 0x00, 0xFC, 0x00, 0x00, 0xFE, 0x00, 0x00, 0x0E, 0x00, 0x00, 0x1E, 0x00, 0x00,
    0x3C, 0x00, 0x00, 0x18, 0x00, 0x00, 0x00, 0x00, 0x00, 0x00, 0x00, 0x00, 0xFE, 0x00, 0x00, 0xFF,
    0x00, 0x00, 0xFF, 0x00, 0x01, 0xFF, 0x80, 0x01, 0xFF, 0x80, 0x03, 0xFF, 0x80, 0x03, 0xFF, 0xC0,
    0x03, 0xEF, 0xC0, 0x07, 0xEF, 0xC0, 0x07, 0xCF, 0xE0, 0x07, 0xC7, 0xE0, 0x0F, 0xC7, 0xE0, 0x0F,
    0x87, 0xF0, 0x0F, 0x83, 0xF0, 0x1F, 0xFF, 0xF8, 0x1F, 0xFF, 0xF8, 0x3F, 0xFF, 0xF8, 0x3F, 0xFF,
    0xFC, 0x3F, 0xFF, 0xFC, 0x7F, 0xFF, 0xFC, 0x7E, 0x00, 0xFE, 0x7E, 0x00, 0xFE, 0xFC, 0x00, 0x7E,
    0xFC, 0x00, 0x7F, 0xFC, 0x00, 0x7F, 0x03, 0xE0, 0x01, 0xF8, 0x00, 0xFC, 0x00, 0x0E, 0x00, 0x07,
    0x00, 0x07, 0x80, 0x03, 0x80, 0x00, 0x00, 0x00, 0x00, 0x03, 0xFE, 0x07, 0xFF, 0xC7, 0xFF, 0xF7,
    0xFF, 0xFB, 0xF0, 0xFC, 0x70, 0x3E, 0x00, 0x1F, 0x03, 0xFF, 0x8F, 0xFF, 0xCF, 0xFF, 0xEF, 0xE1,
    0xF7, 0xE0, 0xFF, 0xE0, 0x7F, 0xF0, 0x7F, 0xFE, 0xFF, 0x7F, 0xFF, 0xBF, 0xFF, 0xCF, 0xF3, 0xE1,
    0xE0, 0x00, 0x00, 0x00, 0x00, 0x00, 0x07, 0x00, 0x00, 0x3F, 0x80, 0x00, 0xFF, 0x80, 0x01, 0xFF,
    0x00, 0x01, 0xF8, 0x00, 0x01, 0x80, 0x00, 0x00, 0x7C, 0x00, 0x00, 0xFE, 0x00, 0x01, 0xFF, 0x00,
    0x03, 0xEF, 0x80, 0x03, 0xC7, 0xC0, 0x00, 0x00, 0x00, 0x00, 0x00, 0x00, 0x00, 0xFE, 0x00, 0x00,
    0xFF, 0x00, 0x00, 0xFF, 0x00, 0x01, 0xFF, 0x80, 0x01, 0xFF, 0x80, 0x03, 0xFF, 0x80, 0x03, 0xFF,
    0xC0, 0x03, 0xEF, 0xC0, 0x07, 0xEF, 0xC0, 0x07, 0xCF, 0xE0, 0x07, 0xC7, 0xE0, 0x0F, 0xC7, 0xE0,
    0x0F, 0x87, 0xF0, 0x0F, 0x83, 0xF0, 0x1F, 0xFF, 0xF8, 0x1F, 0xFF, 0xF8, 0x3F, 0xFF, 0xF8, 0x3F,
    0xFF, 0xFC, 0x3F, 0xFF, 0xFC, 0x7F, 0xFF, 0xFC, 0x7E, 0x00, 0xFE, 0x7E, 0x00, 0xFE, 0xFC, 0x00,
    0x7E, 0xFC, 0x00, 0x7F, 0xFC, 0x00, 0x7F, 0x00, 0x00, 0x00, 0x0E, 0x00, 0x3F, 0x00, 0x7F, 0x80,
    0xFF, 0xC0, 0x3F, 0x00, 0x18, 0x00, 0x03, 0xE0, 0x03, 0xF8, 0x03, 0xFE, 0x03, 0xEF, 0x83, 0xE3,
    0xE0, 0x00, 0x00, 0x00, 0x00, 0x1F, 0xF0, 0x3F, 0xFE, 0x3F, 0xFF, 0xBF, 0xFF, 0xDF, 0x87, 0xE3,
    0x81, 0xF0, 0x00, 0xF8, 0x1F, 0xFC, 0x7F, 0xFE, 0x7F, 0xFF, 0x7F, 0x0F, 0xBF, 0x07, 0xFF, 0x03,
    0xFF, 0x83, 0xFF, 0xF7, 0xFB, 0xFF, 0xFD, 0xFF, 0xFE, 0x7F, 0x9F, 0x0F, 0x00, 0x00, 0x00, 0x00,
    0x00, 0x01, 0xE0, 0x00, 0x01, 0xF8, 0x00, 0x01, 0xFF, 0x00, 0x01, 0xFF, 0x80, 0x00, 0x1F, 0x80,
    0x00, 0x03, 0x00, 0x00, 0x7C, 0x00, 0x00, 0xFE, 0x00, 0x01, 0xFF, 0x00, 0x03, 0xEF, 0x80, 0x03,
    0xC7, 0xC0, 0x00, 0x00, 0x00, 0x00, 0x00, 0x00, 0x00, 0xFE, 0x00, 0x00, 0xFF, 0x00, 0x00, 0xFF,
    0x00, 0x01, 0xFF, 0x80, 0x01, 0xFF, 0x80, 0x03, 0xFF, 0x80, 0x03, 0xFF, 0xC0, 0x03, 0xEF, 0xC0,
    0x07, 0xEF, 0xC0, 0x07, 0xCF, 0xE0, 0x07, 0xC7, 0xE0, 0x0F, 0xC7, 0xE0, 0x0F, 0x87, 0xF0, 0x0F,
    0x83, 0xF0, 0x1F, 0xFF, 0xF8, 0x1F, 0xFF, 0xF8, 0x3F, 0xFF, 0xF8, 0x3F, 0xFF, 0xFC, 0x3F, 0xFF,
    0xFC, 0x7F, 0xFF, 0xFC, 0x7E, 0x00, 0xFE, 0x7E, 0x00, 0xFE, 0xFC, 0x00, 0x7E, 0xFC, 0x00, 0x7F,
    0xFC, 0x00, 0x7F, 0x00, 0x00, 0x03, 0x80, 0x01, 0xF8, 0x01, 0xFF, 0x00, 0x7F, 0xE0, 0x07, 0xE0,
    0x00, 0x30, 0x03, 0xE0, 0x03, 0xF8, 0x03, 0xFE, 0x03, 0xEF, 0x83, 0xE3, 0xE0, 0x00, 0x00, 0x00,
    0x00, 0x1F, 0xF0, 0x3F, 0xFE, 0x3F, 0xFF, 0xBF, 0xFF, 0xDF, 0x87, 0xE3, 0x81, 0xF0, 0x00, 0xF8,
    0x1F, 0xFC, 0x7F, 0xFE, 0x7F, 0xFF, 0x7F, 0x0F, 0xBF, 0x07, 0xFF, 0x03, 0xFF, 0x83, 0xFF, 0xF7,
    0xFB, 0xFF, 0xFD, 0xFF, 0xFE, 0x7F, 0x9F, 0x0F, 0x00, 0x00, 0x00, 0x01, 0xF0, 0x00, 0x03, 0xF8,
    0x00, 0x01, 0xF8, 0x00, 0x00, 0x38, 0x00, 0x00, 0x78, 0x00, 0x00, 0x70, 0x00, 0x7C, 0x60, 0x00,
    0xFE, 0x00, 0x01, 0xFF, 0x00, 0x03, 0xEF, 0x80, 0x03, 0xC7, 0xC0, 0x00, 0x00, 0x00, 0x00, 0x00,
    0x00, 0x00, 0xFE, 0x00, 0x00, 0xFF, 0x00, 0x00, 0xFF, 0x00, 0x01, 0xFF, 0x80, 0x01, 0xFF, 0x80,
    0x03, 0xFF, 0x80, 0x03, 0xFF, 0xC0, 0x03, 0xEF, 0xC0, 0x07, 0xEF, 0xC0, 0x07, 0xCF, 0xE0, 0x07,
    0xC7, 0xE0, 0x0F, 0xC7, 0xE0, 0x0F, 0x87, 0xF0, 0x0F, 0x83, 0xF0, 0x1F, 0xFF, 0xF8, 0x1F, 0xFF,
    0xF8, 0x3F, 0xFF, 0xF8, 0x3F, 0xFF, 0xFC, 0x3F, 0xFF, 0xFC, 0x7F, 0xFF, 0xFC, 0x7E, 0x00, 0xFE,
    0x7E, 0x00, 0xFE, 0xFC, 0x00, 0x7E, 0xFC, 0x00, 0x7F, 0xFC, 0x00, 0x7F, 0x00, 0x07, 0xC0, 0x01,
    0xFC, 0x00, 0x3F, 0x80, 0x00, 0x70, 0x00, 0x1E, 0x00, 0x07, 0x80, 0x7C, 0x60, 0x1F, 0xC0, 0x07,
    0xFC, 0x01, 0xF7, 0xC0, 0x7C, 0x7C, 0x00, 0x00, 0x00, 0x00, 0x00, 0x0F, 0xF8, 0x07, 0xFF, 0xC1,
    0xFF, 0xFC, 0x7F, 0xFF, 0x8F, 0xC3, 0xF0, 0x70, 0x3E, 0x00, 0x07, 0xC0, 0x3F, 0xF8, 0x3F, 0xFF,
    0x0F, 0xFF, 0xE3, 0xF8, 0x7C, 0x7E, 0x0F, 0x9F, 0x81, 0xF3, 0xF0, 0x7E, 0x7F, 0xBF, 0xC7, 0xFF,
    0xF8, 0xFF, 0xFF, 0x0F, 0xF3, 0xE0, 0x78, 0x00, 0x01, 0xF0, 0xC0, 0x03, 0xFF, 0xC0, 0x03, 0xFF,
    0xC0, 0x03, 0xFF, 0x80, 0x00, 0x00, 0x00, 0x00, 0x00, 0x00, 0x00, 0x7C, 0x00, 0x00, 0xFE, 0x00,
    0x01, 0xFF, 0x00, 0x03, 0xEF, 0x80, 0x03, 0xC7, 0xC0, 0x00, 0x00, 0x00, 0x00, 0x00, 0x00, 0x00,
    0xFE, 0x00, 0x00, 0xFF, 0x00, 0x00, 0xFF, 0x00, 0x01, 0xFF, 0x80, 0x01, 0xFF, 0x80, 0x03, 0xFF,
    0x80, 0x03, 0xFF, 0xC0, 0x03, 0xEF, 0xC0, 0x07, 0xEF, 0xC0, 0x07, 0xCF, 0xE0, 0x07, 0xC7, 0xE0,
    0x0F, 0xC7, 0xE0, 0x0F, 0x87, 0xF0, 0x0F, 0x83, 0xF0, 0x1F, 0xFF, 0xF8, 0x1F, 0xFF, 0xF8, 0x3F,
    0xFF, 0xF8, 0x3F, 0xFF, 0xFC, 0x3F, 0xFF, 0xFC, 0x7F, 0xFF, 0xFC, 0x7E, 0x00, 0xFE, 0x7E, 0x00,
    0xFE, 0xFC, 0x00, 0x7E, 0xFC, 0x00, 0x7F, 0xFC, 0x00, 0x7F, 0x07, 0xC6, 0x0F, 0xFF, 0x07, 0xFF,
    0xC1, 0xFF, 0xC0, 0x00, 0x00, 0x00, 0x00, 0x07, 0xC0, 0x07, 0xF0, 0x07, 0xFC, 0x07, 0xDF, 0x07,
    0xC7, 0xC0, 0x00, 0x00, 0x00, 0x00, 0x3F, 0xE0, 0x7F, 0xFC, 0x7F, 0xFF, 0x7F, 0xFF, 0xBF, 0x0F,
    0xC7, 0x03, 0xE0, 0x01, 0xF0, 0x3F, 0xF8, 0xFF, 0xFC, 0xFF, 0xFE, 0xFE, 0x1F, 0x7E, 0x0F, 0xFE,
    0x07, 0xFF, 0x07, 0xFF, 0xEF, 0xF7, 0xFF, 0xFB, 0xFF, 0xFC, 0xFF, 0x3E, 0x1E, 0x00, 0x00, 0x7C,
    0x00, 0x00, 0xFE, 0x00, 0x01, 0xFF, 0x00, 0x03, 0xEF, 0x80, 0x03, 0xC7, 0xC0, 0x00, 0x00, 0x00,
    0x00, 0x00, 0x00, 0x00, 0xFE, 0x00, 0x00, 0xFF, 0x00, 0x00, 0xFF, 0x00, 0x01, 0xFF, 0x80, 0x01,
    0xFF, 0x80, 0x03, 0xFF, 0x80, 0x03, 0xFF, 0xC0, 0x03, 0xEF, 0xC0, 0x07, 0xEF, 0xC0, 0x07, 0xCF,
    0xE0, 0x07, 0xC7, 0xE0, 0x0F, 0xC7, 0xE0, 0x0F, 0x87, 0xF0, 0x0F, 0x83, 0xF0, 0x1F, 0xFF, 0xF8,
    0x1F, 0xFF, 0xF8, 0x3F, 0xFF, 0xF8, 0x3F, 0xFF, 0xFC, 0x3F, 0xFF, 0xFC, 0x7F, 0xFF, 0xFC, 0x7E,
    0x00, 0xFE, 0x7E, 0x00, 0xFE, 0xFC, 0x00, 0x7E, 0xFC, 0x00, 0x7F, 0xFC, 0x00, 0x7F, 0x00, 0x00,
    0x00, 0x00, 0x3C, 0x00, 0x00, 0x7C, 0x00, 0x00, 0x7C, 0x00, 0x00, 0x7C, 0x00, 0x00, 0x3C, 0x00,
    0x01, 0xF0, 0x01, 0xFC, 0x01, 0xFF, 0x01, 0xF7, 0xC1, 0xF1, 0xF0, 0x00, 0x00, 0x00, 0x00, 0x0F,
    0xF8, 0x1F, 0xFF, 0x1F, 0xFF, 0xDF, 0xFF, 0xEF, 0xC3, 0xF1, 0xC0, 0xF8, 0x00, 0x7C, 0x0F, 0xFE,
    0x3F, 0xFF, 0x3F, 0xFF, 0xBF, 0x87, 0xDF, 0x83, 0xFF, 0x81, 0xFF, 0xC1, 0xFF, 0xFB, 0xFD, 0xFF,
    0xFE, 0xFF, 0xFF, 0x3F, 0xCF, 0x87, 0x80, 0x00, 0x78, 0x00, 0x3E, 0x00, 0x1F, 0x00, 0x0F, 0x80,
    0x07, 0x80, 0x00, 0x00, 0x00, 0x00, 0x07, 0x00, 0x00, 0x3F, 0x00, 0x00, 0xFF, 0x80, 0x01, 0xFF,
    0x00, 0x01, 0xF8, 0x00, 0x01, 0x80, 0x00, 0x03, 0x83, 0xC0, 0x03, 0xC7, 0xC0, 0x03, 0xFF, 0x80,
    0x01, 0xFF, 0x00, 0x00, 0x7E, 0x00, 0x00, 0x00, 0x00, 0x00, 0x00, 0x00, 0x00, 0xFE, 0x00, 0x00,
    0xFF, 0x00, 0x00, 0xFF, 0x00, 0x01, 0xFF, 0x80, 0x01, 0xFF, 0x80, 0x03, 0xFF, 0x80, 0x03, 0xFF,
    0xC0, 0x03, 0xEF, 0xC0, 0x07, 0xEF, 0xC0, 0x07, 0xCF, 0xE0, 0x07, 0xC7, 0xE0, 0x0F, 0xC7, 0xE0,
    0x0F, 0x87, 0xF0, 0x0F, 0x83, 0xF0, 0x1F, 0xFF, 0xF8, 0x1F, 0xFF, 0xF8, 0x3F, 0xFF, 0xF8, 0x3F,
    0xFF, 0xFC, 0x3F, 0xFF, 0xFC, 0x7F, 0xFF, 0xFC, 0x7E, 0x00, 0xFE, 0x7E, 0x00, 0xFE, 0xFC, 0x00,
    0x7E, 0xFC, 0x00, 0x7F, 0xFC, 0x00, 0x7F, 0x00, 0x00, 0x00, 0x0E, 0x00, 0x3F, 0x00, 0x7F, 0x80,
    0xFF, 0xC0, 0x3F, 0x00, 0x18, 0x00, 0x3C, 0x1E, 0x1F, 0x1E, 0x07, 0xFF, 0x01, 0xFF, 0x00, 0x7E,
    0x00, 0x00, 0x00, 0x00, 0x00, 0x1F, 0xF0, 0x3F, 0xFE, 0x3F, 0xFF, 0xBF, 0xFF, 0xDF, 0x87, 0xE3,
    0x81, 0xF0, 0x00, 0xF8, 0x1F, 0xFC, 0x7F, 0xFE, 0x7F, 0xFF, 0x7F, 0x0F, 0xBF, 0x07, 0xFF, 0x03,
    0xFF, 0x83, 0xFF, 0xF7, 0xFB, 0xFF, 0xFD, 0xFF, 0xFE, 0x7F, 0x9F, 0x0F, 0x00, 0x00, 0x00, 0x00,
    0x00, 0x01, 0xE0, 0x00, 0x01, 0xF8, 0x00, 0x01, 0xFF, 0x00, 0x01, 0xFF, 0x80, 0x00, 0x1F, 0x80,
    0x00, 0x03, 0x00, 0x03, 0x83, 0xC0, 0x03, 0xE7, 0xC0, 0x03, 0xFF, 0x80, 0x01, 0xFF, 0x00, 0x00,
    0x7E, 0x00, 0x00, 0x00, 0x00, 0x00, 0x00, 0x00, 0x00, 0xFE, 0x00, 0x00, 0xFF, 0x00, 0x00, 0xFF,
    0x00, 0x01, 0xFF, 0x80, 0x01, 0xFF, 0x80, 0x03, 0xFF, 0x80, 0x03, 0xFF, 0xC0, 0x03, 0xEF, 0xC0,
    0x07, 0xEF, 0xC0, 0x07, 0xCF, 0xE0, 0x07, 0xC7, 0xE0, 0x0F, 0xC7, 0xE0, 0x0F, 0x87, 0xF0, 0x0F,
    0x83, 0xF0, 0x1F, 0xFF, 0xF8, 0x1F, 0xFF, 0xF8, 0x3F, 0xFF, 0xF8, 0x3F, 0xFF, 0xFC, 0x3F, 0xFF,
    0xFC, 0x7F, 0xFF, 0xFC, 0x7E, 0x00, 0xFE, 0x7E, 0x00, 0xFE, 0xFC, 0x00, 0x7E, 0xFC, 0x00, 0x7F,
    0xFC, 0x00, 0x7F, 0x00, 0x00, 0x03, 0x80, 0x01, 0xF8, 0x01, 0xFF, 0x00, 0x7F, 0xE0, 0x07, 0xE0,
    0x00, 0x30, 0x3C, 0x1E, 0x1F, 0x1E, 0x07, 0xFF, 0x01, 0xFF, 0x00, 0x7E, 0x00, 0x00, 0x00, 0x00,
    0x00, 0x1F, 0xF0, 0x3F, 0xFE, 0x3F, 0xFF, 0xBF, 0xFF, 0xDF, 0x87, 0xE3, 0x81, 0xF0, 0x00, 0xF8,
    0x1F, 0xFC, 0x7F, 0xFE, 0x7F, 0xFF, 0x7F, 0x0F, 0xBF, 0x07, 0xFF, 0x03, 0xFF, 0x83, 0xFF, 0xF7,
    0xFB, 0xFF, 0xFD, 0xFF, 0xFE, 0x7F, 0x9F, 0x0F, 0x00, 0x00, 0x00, 0x78, 0x00, 0x00, 0xFE, 0x00,
    0x00, 0xFE, 0x00, 0x00, 0x0E, 0x00, 0x00, 0x1E, 0x00, 0x00, 0x3C, 0x00, 0x00, 0x18, 0x00, 0x03,
    0x83, 0xC0, 0x03, 0xE7, 0xC0, 0x03, 0xFF, 0x80, 0x01, 0xFF, 0x00, 0x00, 0x7E, 0x00, 0x00, 0x00,
    0x00, 0x00, 0x00, 0x00, 0x00, 0xFE, 0x00, 0x00, 0xFF, 0x00, 0x00, 0xFF, 0x00, 0x01, 0xFF, 0x80,
    0x01, 0xFF, 0x80, 0x03, 0xFF, 0x80, 0x03, 0xFF, 0xC0, 0x03, 0xEF, 0xC0, 0x07, 0xEF, 0xC0, 0x07,
    0xCF, 0xE0, 0x07, 0xC7, 0xE0, 0x0F, 0xC7, 0xE0, 0x0F, 0x87, 0xF0, 0x0F, 0x83, 0xF0, 0x1F, 0xFF,
    0xF8, 0x1F, 0xFF, 0xF8, 0x3F, 0xFF, 0xF8, 0x3F, 0xFF, 0xFC, 0x3F, 0xFF, 0xFC, 0x7F, 0xFF, 0xFC,
    0x7E, 0x00, 0xFE, 0x7E, 0x00, 0xFE, 0xFC, 0x00, 0x7E, 0xFC, 0x00, 0x7F, 0xFC, 0x00, 0x7F, 0x03,
    0xE0, 0x01, 0xF8, 0x00, 0xFE, 0x00, 0x07, 0x00, 0x07, 0x00, 0x07, 0x80, 0x03, 0x80, 0x3C, 0x1E,
    0x1F, 0x1E, 0x07, 0xFF, 0x01, 0xFF, 0x00, 0x7E, 0x00, 0x00, 0x00, 0x00, 0x00, 0x1F, 0xF0, 0x3F,
    0xFE, 0x3F, 0xFF, 0xBF, 0xFF, 0xDF, 0x87, 0xE3, 0x81, 0xF0, 0x00, 0xF8, 0x1F, 0xFC, 0x7F, 0xFE,
    0x7F, 0xFF, 0x7F, 0x0F, 0xBF, 0x07, 0xFF, 0x03, 0xFF, 0x83, 0xFF, 0xF7, 0xFB, 0xFF, 0xFD, 0xFF,
    0xFE, 0x7F, 0x9F, 0x0F, 0x00, 0x00, 0x01, 0xF0, 0xC0, 0x03, 0xFF, 0xC0, 0x03, 0xFF, 0xC0, 0x03,
    0xFF, 0x80, 0x00, 0x00, 0x00, 0x00, 0x00, 0x00, 0x03, 0x83, 0xC0, 0x03, 0xE7, 0xC0, 0x03, 0xFF,
    0x80, 0x01, 0xFF, 0x00, 0x00, 0x7E, 0x00, 0x00, 0x00, 0x00, 0x00, 0x00, 0x00, 0x00, 0xFE, 0x00,
    0x00, 0xFF, 0x00, 0x00, 0xFF, 0x00, 0x01, 0xFF, 0x80, 0x01, 0xFF, 0x80, 0x03, 0xFF, 0x80, 0x03,
    0xFF, 0xC0, 0x03, 0xEF, 0xC0, 0x07, 0xEF, 0xC0, 0x07, 0xCF, 0xE0, 0x07, 0xC7, 0xE0, 0x0F, 0xC7,
    0xE0, 0x0F, 0x87, 0xF0, 0x0F, 0x83, 0xF0, 0x1F, 0xFF, 0xF8, 0x1F, 0xFF, 0xF8, 0x3F, 0xFF, 0xF8,
    0x3F, 0xFF, 0xFC, 0x3F, 0xFF, 0xFC, 0x7F, 0xFF, 0xFC, 0x7E, 0x00, 0xFE, 0x7E, 0x00, 0xFE, 0xFC,
    0x00, 0x7E, 0xFC, 0x00, 0x7F, 0xFC, 0x00, 0x7F, 0x07, 0xC6, 0x0F, 0xFF, 0x07, 0xFF, 0xC1, 0xFF,
    0xC0, 0x00, 0x00, 0x00, 0x00, 0x78, 0x3C, 0x3E, 0x3C, 0x0F, 0xFE, 0x03, 0xFE, 0x00, 0xFC, 0x00,
    0x00, 0x00, 0x00, 0x00, 0x3F, 0xE0, 0x7F, 0xFC, 0x7F, 0xFF, 0x7F, 0xFF, 0xBF, 0x0F, 0xC7, 0x03,
    0xE0, 0x01, 0xF0, 0x3F, 0xF8, 0xFF, 0xFC, 0xFF, 0xFE, 0xFE, 0x1F, 0x7E, 0x0F, 0xFE, 0x07, 0xFF,
    0x07, 0xFF, 0xEF, 0xF7, 0xFF, 0xFB, 0xFF, 0xFC, 0xFF, 0x3E, 0x1E, 0x00, 0x03, 0x83, 0xC0, 0x03,
    0xE7, 0xC0, 0x03, 0xFF, 0x80, 0x01, 0xFF, 0x00, 0x00, 0x7E, 0x00, 0x00, 0x00, 0x00, 0x00, 0x00,
    0x00, 0x00, 0xFE, 0x00, 0x00, 0xFF, 0x00, 0x00, 0xFF, 0x00, 0x01, 0xFF, 0x80, 0x01, 0xFF, 0x80,
    0x03, 0xFF, 0x80, 0x03, 0xFF, 0xC0, 0x03, 0xEF, 0xC0, 0x07, 0xEF, 0xC0, 0x07, 0xCF, 0xE0, 0x07,
    0xC7, 0xE0, 0x0F, 0xC7, 0xE0, 0x0F, 0x87, 0xF0, 0x0F, 0x83, 0xF0, 0x1F, 0xFF, 0xF8, 0x1F, 0xFF,
    0xF8, 0x3F, 0xFF, 0xF8, 0x3F, 0xFF, 0xFC, 0x3F, 0xFF, 0xFC, 0x7F, 0xFF, 0xFC, 0x7E, 0x00, 0xFE,
    0x7E, 0x00, 0xFE, 0xFC, 0x00, 0x7E, 0xFC, 0x00, 0x7F, 0xFC, 0x00, 0x7F, 0x00, 0x00, 0x00, 0x00,
    0x3C, 0x00, 0x00, 0x7C, 0x00, 0x00, 0x7C, 0x00, 0x00, 0x7C, 0x00, 0x00, 0x3C, 0x00, 0x1E, 0x0F,
    0x0F, 0x8F, 0x03, 0xFF, 0x80, 0xFF, 0x80, 0x3F, 0x00, 0x00, 0x00, 0x00, 0x00, 0x0F, 0xF8, 0x1F,
    0xFF, 0x1F, 0xFF, 0xDF, 0xFF, 0xEF, 0xC3, 0xF1, 0xC0, 0xF8, 0x00, 0x7C, 0x0F, 0xFE, 0x3F, 0xFF,
    0x3F, 0xFF, 0xBF, 0x87, 0xDF, 0x83, 0xFF, 0x81, 0xFF, 0xC1, 0xFF, 0xFB, 0xFD, 0xFF, 0xFE, 0xFF,
    0xFF, 0x3F, 0xCF, 0x87, 0x80, 0x00, 0x78, 0x00, 0x3E, 0x00, 0x1F, 0x00, 0x0F, 0x80, 0x07, 0x80,
    0xFF, 0xFF, 0xDF, 0xFF, 0xFF, 0xFF, 0xFF, 0xFF, 0xFF, 0xFF, 0xFF, 0xFD, 0xFC, 0x00, 0x3F, 0x80,
    0x07, 0xF0, 0x00, 0xFE, 0x00, 0x1F, 0xC0, 0x03, 0xFF, 0xF0, 0x7F, 0xFF, 0x0F, 0xFF, 0xE1, 0xFF,
    0xFC, 0x3F, 0xFF, 0x87, 0xF0, 0x00, 0xFE, 0x00, 0x1F, 0xC0, 0x03, 0xF8, 0x00, 0x7F, 0x00, 0x0F,
    0xFF, 0xFD, 0xFF, 0xFF, 0xFF, 0xFF, 0xFF, 0xFF, 0xFF, 0xFF, 0xFF, 0xE0, 0x00, 0x00, 0x07, 0xC0,
    0x00, 0xF8, 0x00, 0x1F, 0x00, 0x03, 0xE0, 0x00, 0x7C, 0x00, 0x07, 0xF8, 0x07, 0xFF, 0x83, 0xFF,
    0xF1, 0xFF, 0xFC, 0x7E, 0x1F, 0xBF, 0x03, 0xEF, 0xC0, 0xFF, 0xFF, 0xFF, 0xFF, 0xFF, 0xFF, 0xFF,
    0xFF, 0xFF, 0xFB, 0xF0, 0x00, 0xFC, 0x02, 0x1F, 0x81, 0xE7, 0xFF, 0xF8, 0xFF, 0xFE, 0x1F, 0xFF,
    0x03, 0xFF, 0x00, 0x1E, 0x00, 0x07, 0x80, 0x01, 0xE0, 0x00, 0x78, 0x00, 0x1E, 0x00, 0x07, 0x80,
    0x03, 0xE0, 0x00, 0xFE, 0x00, 0x0F, 0xC0, 0x00, 0x38, 0x00, 0x07, 0x00, 0x01, 0xC0, 0x00, 0x30,
    0x00, 0x00, 0x00, 0x00, 0x00, 0x1F, 0xFF, 0xFB, 0xFF, 0xFF, 0xFF, 0xFF, 0xFF, 0xFF, 0xFF, 0xFF,
    0xFF, 0xBF, 0x80, 0x07, 0xF0, 0x00, 0xFE, 0x00, 0x1F, 0xC0, 0x03, 0xF8, 0x00, 0x7F, 0xFE, 0x0F,
    0xFF, 0xE1, 0xFF, 0xFC, 0x3F, 0xFF, 0x87, 0xFF, 0xF0, 0xFE, 0x00, 0x1F, 0xC0, 0x03, 0xF8, 0x00,
    0x7F, 0x00, 0x0F, 0xE0, 0x01, 0xFF, 0xFF, 0xBF, 0xFF, 0xFF, 0xFF, 0xFF, 0xFF, 0xFF, 0xFF, 0xFF,
    0xFC, 0x03, 0xE0, 0x01, 0xFC, 0x00, 0x3F, 0x00, 0x01, 0xC0, 0x00, 0xF0, 0x00, 0x38, 0x00, 0x0C,
    0x00, 0x00, 0x00, 0x00, 0x00, 0x01, 0xFE, 0x01, 0xFF, 0xE0, 0xFF, 0xFC, 0x7F, 0xFF, 0x1F, 0x87,
    0xEF, 0xC0, 0xFB, 0xF0, 0x3F, 0xFF, 0xFF, 0xFF, 0xFF, 0xFF, 0xFF, 0xFF, 0xFF, 0xFE, 0xFC, 0x00,
    0x3F, 0x00, 0x87, 0xE0, 0x79, 0xFF, 0xFE, 0x3F, 0xFF, 0x87, 0xFF, 0xC0, 0xFF, 0xC0, 0x07, 0x80,
    0x0F, 0xC6, 0x03, 0xFF, 0xC0, 0x7F, 0xFC, 0x07, 0xFF, 0x00, 0x00, 0x00, 0x00, 0x00, 0x00, 0x00,
    0x07, 0xFF, 0xFE, 0xFF, 0xFF, 0xFF, 0xFF, 0xFF, 0xFF, 0xFF, 0xFF, 0xFF, 0xEF, 0xE0, 0x01, 0xFC,
    0x00, 0x3F, 0x80, 0x07, 0xF0, 0x00, 0xFE, 0x00, 0x1F, 0xFF, 0x83, 0xFF, 0xF8, 0x7F, 0xFF, 0x0F,
    0xFF, 0xE1, 0xFF, 0xFC, 0x3F, 0x80, 0x07, 0xF0, 0x00, 0xFE, 0x00, 0x1F, 0xC0, 0x03, 0xF8, 0x00,
    0x7F, 0xFF, 0xEF, 0xFF, 0xFF, 0xFF, 0xFF, 0xFF, 0xFF, 0xFF, 0xFF, 0xFF, 0x0F, 0xC6, 0x07, 0xFF,
    0x81, 0xFF, 0xE0, 0x7F, 0xF8, 0x00, 0x00, 0x00, 0x00, 0x00, 0x00, 0x00, 0x1F, 0xE0, 0x1F, 0xFE,
    0x0F, 0xFF, 0xC7, 0xFF, 0xF1, 0xF8, 0x7E, 0xFC, 0x0F, 0xBF, 0x03, 0xFF, 0xFF, 0xFF, 0xFF, 0xFF,
    0xFF, 0xFF, 0xFF, 0xFF, 0xEF, 0xC0, 0x03, 0xF0, 0x08, 0x7E, 0x07, 0x9F, 0xFF, 0xE3, 0xFF, 0xF8,
    0x7F, 0xFC, 0x0F, 0xFC, 0x00, 0x78, 0x00, 0x00, 0x00, 0x00, 0x07, 0x80, 0x03, 0xF0, 0x01, 0xFE,
    0x00, 0xFF, 0xC0, 0x1F, 0xC0, 0x01, 0x80, 0x00, 0x0F, 0x80, 0x03, 0xF8, 0x00, 0xFF, 0x80, 0x3C,
    0xF8, 0x0F, 0x0F, 0x00, 0x00, 0x00, 0x00, 0x00, 0x3F, 0xFF, 0xF7, 0xFF, 0xFF, 0xFF, 0xFF, 0xFF,
    0xFF, 0xFF, 0xFF, 0xFF, 0x7F, 0x00, 0x0F, 0xE0, 0x01, 0xFC, 0x00, 0x3F, 0x80, 0x07, 0xF0, 0x00,
    0xFF, 0xFC, 0x1F, 0xFF, 0xC3, 0xFF, 0xF8, 0x7F, 0xFF, 0x0F, 0xFF, 0xE1, 0xFC, 0x00, 0x3F, 0x80,
    0x07, 0xF0, 0x00, 0xFE, 0x00, 0x1F, 0xC0, 0x03, 0xFF, 0xFF, 0x7F, 0xFF, 0xFF, 0xFF, 0xFF, 0xFF,
    0xFF, 0xFF, 0xFF, 0xF8, 0x00, 0x00, 0x00, 0x0E, 0x00, 0x0F, 0xC0, 0x1F, 0xF0, 0x0F, 0xFC, 0x03,
    0xF0, 0x00, 0x60, 0x00, 0x0F, 0xC0, 0x07, 0xF8, 0x03, 0xFF, 0x01, 0xF3, 0xE0, 0x78, 0x78, 0x00,
    0x00, 0x00, 0x00, 0x00, 0x7F, 0x80, 0x7F, 0xF8, 0x3F, 0xFF, 0x1F, 0xFF, 0xC7, 0xE1, 0xFB, 0xF0,
    0x3E, 0xFC, 0x0F, 0xFF, 0xFF, 0xFF, 0xFF, 0xFF, 0xFF, 0xFF, 0xFF, 0xFF, 0xBF, 0x00, 0x0F, 0xC0,
    0x21, 0xF8, 0x1E, 0x7F, 0xFF, 0x8F, 0xFF, 0xE1, 0xFF, 0xF0, 0x3F, 0xF0, 0x01, 0xE0, 0x00, 0x00,
    0x00, 0x00, 0xE0, 0x00, 0x1F, 0x80, 0x07, 0xFC, 0x00, 0x7F, 0xC0, 0x01, 0xF8, 0x00, 0x03, 0x00,
    0x0F, 0x80, 0x03, 0xF8, 0x00, 0xFF, 0x80, 0x3C, 0xF8, 0x0F, 0x0F, 0x00, 0x00, 0x00, 0x00, 0x00,
    0x3F, 0xFF, 0xF7, 0xFF, 0xFF, 0xFF, 0xFF, 0xFF, 0xFF, 0xFF, 0xFF, 0xFF, 0x7F, 0x00, 0x0F, 0xE0,
    0x01, 0xFC, 0x00, 0x3F, 0x80, 0x07, 0xF0, 0x00, 0xFF, 0xFC, 0x1F, 0xFF, 0xC3, 0xFF, 0xF8, 0x7F,
    0xFF, 0x0F, 0xFF, 0xE1, 0xFC, 0x00, 0x3F, 0x80, 0x07, 0xF0, 0x00, 0xFE, 0x00, 0x1F, 0xC0, 0x03,
    0xFF, 0xFF, 0x7F, 0xFF, 0xFF, 0xFF, 0xFF, 0xFF, 0xFF, 0xFF, 0xFF, 0xF8, 0x00, 0x00, 0x01, 0xC0,
    0x00, 0xFC, 0x00, 0x3F, 0xE0, 0x0F, 0xFC, 0x00, 0x3F, 0x00, 0x00, 0x80, 0x0F, 0xC0, 0x07, 0xF8,
    0x03, 0xFF, 0x01, 0xF3, 0xE0, 0x78, 0x78, 0x00, 0x00, 0x00, 0x00, 0x00, 0x7F, 0x80, 0x7F, 0xF8,
    0x3F, 0xFF, 0x1F, 0xFF, 0xC7, 0xE1, 0xFB, 0xF0, 0x3E, 0xFC, 0x0F, 0xFF, 0xFF, 0xFF, 0xFF, 0xFF,
    0xFF, 0xFF, 0xFF, 0xFF, 0xBF, 0x00, 0x0F, 0xC0, 0x21, 0xF8, 0x1E, 0x7F, 0xFF, 0x8F, 0xFF, 0xE1,
    0xFF, 0xF0, 0x3F, 0xF0, 0x01, 0xE0, 0x00, 0x00, 0x07, 0x80, 0x01, 0xF8, 0x00, 0x3F, 0x80, 0x00,
    0x70, 0x00, 0x1E, 0x00, 0x07, 0x80, 0x7C, 0x60, 0x1F, 0xC0, 0x07, 0xFC, 0x01, 0xE7, 0xC0, 0x78,
    0x78, 0x00, 0x00, 0x00, 0x00, 0x01, 0xFF, 0xFF, 0xBF, 0xFF, 0xFF, 0xFF, 0xFF, 0xFF, 0xFF, 0xFF,
    0xFF, 0xFB, 0xF8, 0x00, 0x7F, 0x00, 0x0F, 0xE0, 0x01, 0xFC, 0x00, 0x3F, 0x80, 0x07, 0xFF, 0xE0,
    0xFF, 0xFE, 0x1F, 0xFF, 0xC3, 0xFF, 0xF8, 0x7F, 0xFF, 0x0F, 0xE0, 0x01, 0xFC, 0x00, 0x3F, 0x80,
    0x07, 0xF0, 0x00, 0xFE, 0x00, 0x1F, 0xFF, 0xFB, 0xFF, 0xFF, 0xFF, 0xFF, 0xFF, 0xFF, 0xFF, 0xFF,
    0xFF, 0xC0, 0x00, 0x0F, 0x80, 0x01, 0xF8, 0x00, 0x3F, 0x80, 0x00, 0x70, 0x00, 0x1C, 0x00, 0x07,
    0x80, 0xFC, 0xE0, 0x3F, 0xC0, 0x0F, 0xFC, 0x03, 0xE7, 0xC0, 0x78, 0x78, 0x00, 0x00, 0x00, 0x00,
    0x00, 0x0F, 0xF0, 0x07, 0xFF, 0x81, 0xFF, 0xF8, 0x7F, 0xFF, 0x0F, 0xC3, 0xF3, 0xF0, 0x3E, 0x7E,
    0x07, 0xEF, 0xFF, 0xFD, 0xFF, 0xFF, 0xBF, 0xFF, 0xF7, 0xFF, 0xFC, 0xFC, 0x00, 0x1F, 0x80, 0x41,
    0xF8, 0x1E, 0x3F, 0xFF, 0xC3, 0xFF, 0xF8, 0x3F, 0xFE, 0x03, 0xFF, 0x00, 0x0F, 0x00, 0x0F, 0xC6,
    0x03, 0xFF, 0xC0, 0x7F, 0xFC, 0x07, 0xFF, 0x00, 0x00, 0x00, 0x00, 0x00, 0x00, 0x7C, 0x00, 0x1F,
    0xC0, 0x07, 0xFC, 0x01, 0xE7, 0xC0, 0x78, 0x78, 0x00, 0x00, 0x00, 0x00, 0x01, 0xFF, 0xFF, 0xBF,
    0xFF, 0xFF, 0xFF, 0xFF, 0xFF, 0xFF, 0xFF, 0xFF, 0xFB, 0xF8, 0x00, 0x7F, 0x00, 0x0F, 0xE0, 0x01,
    0xFC, 0x00, 0x3F, 0x80, 0x07, 0xFF, 0xE0, 0xFF, 0xFE, 0x1F, 0xFF, 0xC3, 0xFF, 0xF8, 0x7F, 0xFF,
    0x0F, 0xE0, 0x01, 0xFC, 0x00, 0x3F, 0x80, 0x07, 0xF0, 0x00, 0xFE, 0x00, 0x1F, 0xFF, 0xFB, 0xFF,
    0xFF, 0xFF, 0xFF, 0xFF, 0xFF, 0xFF, 0xFF, 0xFF, 0xC0, 0x0F, 0xC6, 0x07, 0xFF, 0x81, 0xFF, 0xE0,
    0x7F, 0xF8, 0x00, 0x00, 0x00, 0x00, 0x00, 0x3F, 0x00, 0x1F, 0xE0, 0x0F, 0xFC, 0x07, 0xCF, 0x81,
    0xE1, 0xE0, 0x00, 0x00, 0x00, 0x00, 0x01, 0xFE, 0x01, 0xFF, 0xE0, 0xFF, 0xFC, 0x7F, 0xFF, 0x1F,
    0x87, 0xEF, 0xC0, 0xFB, 0xF0, 0x3F, 0xFF, 0xFF, 0xFF, 0xFF, 0xFF, 0xFF, 0xFF, 0xFF, 0xFE, 0xFC,
    0x00, 0x3F, 0x00, 0x87, 0xE0, 0x79, 0xFF, 0xFE, 0x3F, 0xFF, 0x87, 0xFF, 0xC0, 0xFF, 0xC0, 0x07,
    0x80, 0x01, 0xF0, 0x00, 0x7F, 0x00, 0x1F, 0xF0, 0x07, 0x9F, 0x01, 0xE1, 0xE0, 0x00, 0x00, 0x00,
    0x00, 0x07, 0xFF, 0xFE, 0xFF, 0xFF, 0xFF, 0xFF, 0xFF, 0xFF, 0xFF, 0xFF, 0xFF, 0xEF, 0xE0, 0x01,
    0xFC, 0x00, 0x3F, 0x80, 0x07, 0xF0, 0x00, 0xFE, 0x00, 0x1F, 0xFF, 0x83, 0xFF, 0xF8, 0x7F, 0xFF,
    0x0F, 0xFF, 0xE1, 0xFF, 0xFC, 0x3F, 0x80, 0x07, 0xF0, 0x00, 0xFE, 0x00, 0x1F, 0xC0, 0x03, 0xF8,
    0x00, 0x7F, 0xFF, 0xEF, 0xFF, 0xFF, 0xFF, 0xFF, 0xFF, 0xFF, 0xFF, 0xFF, 0xFF, 0x00, 0x00, 0x00,
    0x3E, 0x00, 0x07, 0xC0, 0x00, 0xF8, 0x00, 0x1F, 0x00, 0x03, 0xE0, 0x00, 0x03, 0xF0, 0x01, 0xFE,
    0x00, 0xFF, 0xC0, 0x7C, 0xF8, 0x1E, 0x1E, 0x00, 0x00, 0x00, 0x00, 0x00, 0x1F, 0xE0, 0x1F, 0xFE,
    0x0F, 0xFF, 0xC7, 0xFF, 0xF1, 0xF8, 0x7E, 0xFC, 0x0F, 0xBF, 0x03, 0xFF, 0xFF, 0xFF, 0xFF, 0xFF,
    0xFF, 0xFF, 0xFF, 0xFF, 0xEF, 0xC0, 0x03, 0xF0, 0x08, 0x7E, 0x07, 0x9F, 0xFF, 0xE3, 0xFF, 0xF8,
    0x7F, 0xFC, 0x0F, 0xFC, 0x00, 0x78, 0x00, 0x1E, 0x00, 0x07, 0x80, 0x01, 0xE0, 0x00, 0x78, 0x00,
    0x1E, 0x00, 0x7C, 0xFE, 0x7E, 0x0E, 0x0E, 0x1C, 0x18, 0x00, 0x00, 0x7E, 0x7F, 0x7F, 0x7F, 0x7F,
    0x7F, 0x7F, 0x7F, 0x7F, 0x7F, 0x7F, 0x7F, 0x7F, 0x7F, 0x7F, 0x7F, 0x7F, 0x7F, 0x7F, 0x7F, 0x7F,
    0x7F, 0x7F, 0x7F, 0x7E, 0x7C, 0x7E, 0x7F, 0x07, 0x0E, 0x1E, 0x1C, 0x00, 0x00, 0x3E, 0x7E, 0x7E,
    0x7E, 0x7E, 0x7E, 0x7E, 0x7E, 0x7E, 0x7E, 0x7E, 0x7E, 0x7E, 0x7E, 0x7E, 0x7E, 0x7E, 0x3E, 0xFD,
    0xFF, 0xFF, 0xFF, 0xFF, 0xFF, 0xFF, 0xFF, 0xFF, 0xFF, 0xFF, 0xFF, 0xFF, 0xFF, 0xFF, 0xFF, 0xFF,
    0xFF, 0xFF, 0xFF, 0xFF, 0xFC, 0x01, 0xE3, 0xE7, 0xCF, 0x9E, 0x00, 0x7D, 0xFB, 0xF7, 0xEF, 0xCF,
    0x00, 0x3E, 0xFD, 0xFB, 0xF7, 0xEF, 0xDF, 0xBF, 0x7E, 0xFD, 0xFB, 0xF7, 0xEF, 0xDF, 0xBF, 0x7E,
    0x7C, 0x01, 0xF3, 0xE7, 0xCF, 0x9F, 0x00, 0x00, 0x00, 0x00, 0x01, 0xFF, 0x80, 0x07, 0xFF, 0xE0,
    0x0F, 0xFF, 0xF0, 0x1F, 0xFF, 0xF8, 0x3F, 0xE7, 0xFC, 0x3F, 0x81, 0xFC, 0x7F, 0x00, 0xFE, 0x7F,
    0x00, 0xFE, 0x7E, 0x00, 0xFE, 0xFE, 0x00, 0x7E, 0xFE, 0x00, 0x7F, 0xFE, 0x00, 0x7F, 0xFE, 0x00,
    0x7F, 0xFE, 0x00, 0x7F, 0xFE, 0x00, 0x7F, 0xFE, 0x00, 0x7E, 0x7E, 0x00, 0x7E, 0x7F, 0x00, 0xFE,
    0x7F, 0x00, 0xFE, 0x3F, 0x81, 0xFC, 0x3F, 0xC3, 0xFC, 0x1F, 0xFF, 0xF8, 0x0F, 0xFF, 0xF0, 0x07,
    0xFF, 0xE0, 0x03, 0xFF, 0x80, 0x00, 0x3C, 0x00, 0x00, 0x3C, 0x00, 0x00, 0x3C, 0x00, 0x00, 0x3C,
    0x00, 0x00, 0x3C, 0x00, 0x00, 0x3C, 0x00, 0x07, 0xF8, 0x07, 0xFF, 0x83, 0xFF, 0xF1, 0xFF, 0xFE,
    0x7E, 0x1F, 0xBF, 0x03, 0xFF, 0xC0, 0xFF, 0xF0, 0x3F, 0xFC, 0x0F, 0xFF, 0x03, 0xFF, 0xC0, 0xFF,
    0xF0, 0x3F, 0xFC, 0x0F, 0xDF, 0x87, 0xE7, 0xF3, 0xF8, 0xFF, 0xFC, 0x1F, 0xFE, 0x03, 0xFF, 0x00,
    0x1E, 0x00, 0x07, 0x80, 0x01, 0xE0, 0x00, 0x78, 0x00, 0x1E, 0x00, 0x07, 0x80, 0x00, 0x7C, 0x00,
    0x00, 0xFE, 0x00, 0x00, 0x7E, 0x00, 0x00, 0x0E, 0x00, 0x00, 0x1E, 0x00, 0x00, 0x3C, 0x00, 0x00,
    0x18, 0x00, 0x00, 0x00, 0x00, 0x00, 0x00, 0x00, 0x01, 0xFF, 0x80, 0x07, 0xFF, 0xE0, 0x0F, 0xFF,
    0xF0, 0x1F, 0xFF, 0xF8, 0x3F, 0xE7, 0xFC, 0x3F, 0x81, 0xFC, 0x7F, 0x00, 0xFE, 0x7F, 0x00, 0xFE,
    0x7E, 0x00, 0xFE, 0xFE, 0x00, 0x7E, 0xFE, 0x00, 0x7F, 0xFE, 0x00, 0x7F, 0xFE, 0x00, 0x7F, 0xFE,
    0x00, 0x7F, 0xFE, 0x00, 0x7F, 0xFE, 0x00, 0x7E, 0x7E, 0x00, 0x7E, 0x7F, 0x00, 0xFE, 0x7F, 0x00,
    0xFE, 0x3F, 0x81, 0xFC, 0x3F, 0xC3, 0xFC, 0x1F, 0xFF, 0xF8, 0x0F, 0xFF, 0xF0, 0x07, 0xFF, 0xE0,
    0x03, 0xFF, 0x80, 0x00, 0x3C, 0x00, 0x03, 0xE0, 0x01, 0xFC, 0x00, 0x3F, 0x00, 0x01, 0xC0, 0x00,
    0xF0, 0x00, 0x38, 0x00, 0x0C, 0x00, 0x00, 0x00, 0x00, 0x00, 0x01, 0xFE, 0x01, 0xFF, 0xE0, 0xFF,
    0xFC, 0x7F, 0xFF, 0x9F, 0x87, 0xEF, 0xC0, 0xFF, 0xF0, 0x3F, 0xFC, 0x0F, 0xFF, 0x03, 0xFF, 0xC0,
    0xFF, 0xF0, 0x3F, 0xFC, 0x0F, 0xFF, 0x03, 0xF7, 0xE1, 0xF9, 0xFC, 0xFE, 0x3F, 0xFF, 0x07, 0xFF,
    0x80, 0xFF, 0xC0, 0x07, 0x80, 0x00, 0x00, 0x00, 0x00, 0x07, 0x00, 0x00, 0x1F, 0x80, 0x00, 0xFF,
    0x80, 0x01, 0xFF, 0x80, 0x01, 0xF8, 0x00, 0x00, 0x80, 0x00, 0x00, 0x7E, 0x00, 0x00, 0xFF, 0x00,
    0x01, 0xFF, 0x80, 0x03, 0xE7, 0x80, 0x03, 0xC7, 0xC0, 0x00, 0x00, 0x00, 0x00, 0x00, 0x00, 0x01,
    0xFF, 0x80, 0x07, 0xFF, 0xE0, 0x0F, 0xFF, 0xF0, 0x1F, 0xFF, 0xF8, 0x3F, 0xE7, 0xFC, 0x3F, 0x81,
    0xFC, 0x7F, 0x00, 0xFE, 0x7F, 0x00, 0xFE, 0x7E, 0x00, 0xFE, 0xFE, 0x00, 0x7E, 0xFE, 0x00, 0x7F,
    0xFE, 0x00, 0x7F, 0xFE, 0x00, 0x7F, 0xFE, 0x00, 0x7F, 0xFE, 0x00, 0x7F, 0xFE, 0x00, 0x7E, 0x7E,
    0x00, 0x7E, 0x7F, 0x00, 0xFE, 0x7F, 0x00, 0xFE, 0x3F, 0x81, 0xFC, 0x3F, 0xC3, 0xFC, 0x1F, 0xFF,
    0xF8, 0x0F, 0xFF, 0xF0, 0x07, 0xFF, 0xE0, 0x03, 0xFF, 0x80, 0x00, 0x3C, 0x00, 0x00, 0x00, 0x00,
    0x0E, 0x00, 0x0F, 0xC0, 0x1F, 0xF0, 0x0F, 0xFC, 0x03, 0xF0, 0x00, 0x60, 0x00, 0x0F, 0xC0, 0x07,
    0xF8, 0x03, 0xFF, 0x01, 0xF3, 0xE0, 0x78, 0x78, 0x00, 0x00, 0x00, 0x00, 0x00, 0x7F, 0x80, 0x7F,
    0xF8, 0x3F, 0xFF, 0x1F, 0xFF, 0xE7, 0xE1, 0xFB, 0xF0, 0x3F, 0xFC, 0x0F, 0xFF, 0x03, 0xFF, 0xC0,
    0xFF, 0xF0, 0x3F, 0xFC, 0x0F, 0xFF, 0x03, 0xFF, 0xC0, 0xFD, 0xF8, 0x7E, 0x7F, 0x3F, 0x8F, 0xFF,
    0xC1, 0xFF, 0xE0, 0x3F, 0xF0, 0x01, 0xE0, 0x00, 0x00, 0x00, 0x00, 0x00, 0xE0, 0x00, 0x01, 0xF8,
    0x00, 0x01, 0xFF, 0x00, 0x01, 0xFF, 0x80, 0x00, 0x1F, 0x80, 0x00, 0x01, 0x00, 0x00, 0x7E, 0x00,
    0x00, 0xFF, 0x00, 0x01, 0xFF, 0x80, 0x03, 0xE7, 0x80, 0x03, 0xC7, 0xC0, 0x00, 0x00, 0x00, 0x00,
    0x00, 0x00, 0x01, 0xFF, 0x80, 0x07, 0xFF, 0xE0, 0x0F, 0xFF, 0xF0, 0x1F, 0xFF, 0xF8, 0x3F, 0xE7,
    0xFC, 0x3F, 0x81, 0xFC, 0x7F, 0x00, 0xFE, 0x7F, 0x00, 0xFE, 0x7E, 0x00, 0xFE, 0xFE, 0x00, 0x7E,
    0xFE, 0x00, 0x7F, 0xFE, 0x00, 0x7F, 0xFE, 0x00, 0x7F, 0xFE, 0x00, 0x7F, 0xFE, 0x00, 0x7F, 0xFE,
    0x00, 0x7E, 0x7E, 0x00, 0x7E, 0x7F, 0x00, 0xFE, 0x7F, 0x00, 0xFE, 0x3F, 0x81, 0xFC, 0x3F, 0xC3,
    0xFC, 0x1F, 0xFF, 0xF8, 0x0F, 0xFF, 0xF0, 0x07, 0xFF, 0xE0, 0x03, 0xFF, 0x80, 0x00, 0x3C, 0x00,
    0x00, 0x00, 0x01, 0xC0, 0x00, 0xFC, 0x00, 0x3F, 0xE0, 0x0F, 0xFC, 0x00, 0x3F, 0x00, 0x00, 0x80,
    0x0F, 0xC0, 0x07, 0xF8, 0x03, 0xFF, 0x01, 0xF3, 0xE0, 0x78, 0x78, 0x00, 0x00, 0x00, 0x00, 0x00,
    0x7F, 0x80, 0x7F, 0xF8, 0x3F, 0xFF, 0x1F, 0xFF, 0xE7, 0xE1, 0xFB, 0xF0, 0x3F, 0xFC, 0x0F, 0xFF,
    0x03, 0xFF, 0xC0, 0xFF, 0xF0, 0x3F, 0xFC, 0x0F, 0xFF, 0x03, 0xFF, 0xC0, 0xFD, 0xF8, 0x7E, 0x7F,
    0x3F, 0x8F, 0xFF, 0xC1, 0xFF, 0xE0, 0x3F, 0xF0, 0x01, 0xE0, 0x00, 0x00, 0x01, 0xF0, 0x00, 0x01,
    0xF8, 0x00, 0x01, 0xF8, 0x00, 0x00, 0x38, 0x00, 0x00, 0x38, 0x00, 0x00, 0x78, 0x00, 0x7E, 0x70,
    0x00, 0xFF, 0x00, 0x01, 0xFF, 0x80, 0x03, 0xE7, 0x80, 0x03, 0xC7, 0xC0, 0x00, 0x00, 0x00, 0x00,
    0x00, 0x00, 0x01, 0xFF, 0x80, 0x07, 0xFF, 0xE0, 0x0F, 0xFF, 0xF0, 0x1F, 0xFF, 0xF8, 0x3F, 0xE7,
    0xFC, 0x3F, 0x81, 0xFC, 0x7F, 0x00, 0xFE, 0x7F, 0x00, 0xFE, 0x7E, 0x00, 0xFE, 0xFE, 0x00, 0x7E,
    0xFE, 0x00, 0x7F, 0xFE, 0x00, 0x7F, 0xFE, 0x00, 0x7F, 0xFE, 0x00, 0x7F, 0xFE, 0x00, 0x7F, 0xFE,
    0x00, 0x7E, 0x7E, 0x00, 0x7E, 0x7F, 0x00, 0xFE, 0x7F, 0x00, 0xFE, 0x3F, 0x81, 0xFC, 0x3F, 0xC3,
    0xFC, 0x1F, 0xFF, 0xF8, 0x0F, 0xFF, 0xF0, 0x07, 0xFF, 0xE0, 0x03, 0xFF, 0x80, 0x00, 0x3C, 0x00,
    0x00, 0x0F, 0x80, 0x01, 0xF8, 0x00, 0x3F, 0x80, 0x00, 0x70, 0x00, 0x1C, 0x00, 0x07, 0x80, 0xFC,
    0xE0, 0x3F, 0xC0, 0x0F, 0xFC, 0x03, 0xE7, 0xC0, 0x78, 0x78, 0x00, 0x00, 0x00, 0x00, 0x00, 0x0F,
    0xF0, 0x07, 0xFF, 0x81, 0xFF, 0xF8, 0x7F, 0xFF, 0x8F, 0xC3, 0xF3, 0xF0, 0x3F, 0x7E, 0x07, 0xEF,
    0xC0, 0xFD, 0xF8, 0x1F, 0xBF, 0x03, 0xF7, 0xE0, 0x7E, 0xFC, 0x0F, 0xDF, 0x81, 0xF9, 0xF8, 0x7E,
    0x3F, 0x9F, 0xC3, 0xFF, 0xF0, 0x3F, 0xFC, 0x03, 0xFF, 0x00, 0x0F, 0x00, 0x01, 0xF0, 0xC0, 0x03,
    0xFF, 0xC0, 0x03, 0xFF, 0xC0, 0x03, 0xFF, 0xC0, 0x00, 0x00, 0x00, 0x00, 0x00, 0x00, 0x00, 0x7E,
    0x00, 0x00, 0xFF, 0x00, 0x01, 0xFF, 0x80, 0x03, 0xE7, 0x80, 0x03, 0xC7, 0xC0, 0x00, 0x00, 0x00,
    0x00, 0x00, 0x00, 0x01, 0xFF, 0x80, 0x07, 0xFF, 0xE0, 0x0F, 0xFF, 0xF0, 0x1F, 0xFF, 0xF8, 0x3F,
    0xE7, 0xFC, 0x3F, 0x81, 0xFC, 0x7F, 0x00, 0xFE, 0x7F, 0x00, 0xFE, 0x7E, 0x00, 0xFE, 0xFE, 0x00,
    0x7E, 0xFE, 0x00, 0x7F, 0xFE, 0x00, 0x7F, 0xFE, 0x00, 0x7F, 0xFE, 0x00, 0x7F, 0xFE, 0x00, 0x7F,
    0xFE, 0x00, 0x7E, 0x7E, 0x00, 0x7E, 0x7F, 0x00, 0xFE, 0x7F, 0x00, 0xFE, 0x3F, 0x81, 0xFC, 0x3F,
    0xC3, 0xFC, 0x1F, 0xFF, 0xF8, 0x0F, 0xFF, 0xF0, 0x07, 0xFF, 0xE0, 0x03, 0xFF, 0x80, 0x00, 0x3C,
    0x00, 0x0F, 0xC6, 0x07, 0xFF, 0x81, 0xFF, 0xE0, 0x7F, 0xF8, 0x00, 0x00, 0x00, 0x00, 0x00, 0x3F,
    0x00, 0x1F, 0xE0, 0x0F, 0xFC, 0x07, 0xCF, 0x81, 0xE1, 0xE0, 0x00, 0x00, 0x00, 0x00, 0x01, 0xFE,
    0x01, 0xFF, 0xE0, 0xFF, 0xFC, 0x7F, 0xFF, 0x9F, 0x87, 0xEF, 0xC0, 0xFF, 0xF0, 0x3F, 0xFC, 0x0F,
    0xFF, 0x03, 0xFF, 0xC0, 0xFF, 0xF0, 0x3F, 0xFC, 0x0F, 0xFF, 0x03, 0xF7, 0xE1, 0xF9, 0xFC, 0xFE,
    0x3F, 0xFF, 0x07, 0xFF, 0x80, 0xFF, 0xC0, 0x07, 0x80, 0x00, 0x7E, 0x00, 0x00, 0xFF, 0x00, 0x01,
    0xFF, 0x80, 0x03, 0xE7, 0x80, 0x03, 0xC7, 0xC0, 0x00, 0x00, 0x00, 0x00, 0x00, 0x00, 0x01, 0xFF,
    0x80, 0x07, 0xFF, 0xE0, 0x0F, 0xFF, 0xF0, 0x1F, 0xFF, 0xF8, 0x3F, 0xE7, 0xFC, 0x3F, 0x81, 0xFC,
    0x7F, 0x00, 0xFE, 0x7F, 0x00, 0xFE, 0x7E, 0x00, 0xFE, 0xFE, 0x00, 0x7E, 0xFE, 0x00, 0x7F, 0xFE,
    0x00, 0x7F, 0xFE, 0x00, 0x7F, 0xFE, 0x00, 0x7F, 0xFE, 0x00, 0x7F, 0xFE, 0x00, 0x7E, 0x7E, 0x00,
    0x7E, 0x7F, 0x00, 0xFE, 0x7F, 0x00, 0xFE, 0x3F, 0x81, 0xFC, 0x3F, 0xC3, 0xFC, 0x1F, 0xFF, 0xF8,
    0x0F, 0xFF, 0xF0, 0x07, 0xFF, 0xE0, 0x03, 0xFF, 0x80, 0x00, 0x3C, 0x00, 0x00, 0x3C, 0x00, 0x00,
    0x3C, 0x00, 0x00, 0x3C, 0x00, 0x00, 0x3C, 0x00, 0x00, 0x3C, 0x00, 0x03, 0xF0, 0x01, 0xFE, 0x00,
    0xFF, 0xC0, 0x7C, 0xF8, 0x1E, 0x1E, 0x00, 0x00, 0x00, 0x00, 0x00, 0x1F, 0xE0, 0x1F, 0xFE, 0x0F,
    0xFF, 0xC7, 0xFF, 0xF9, 0xF8, 0x7E, 0xFC, 0x0F, 0xFF, 0x03, 0xFF, 0xC0, 0xFF, 0xF0, 0x3F, 0xFC,
    0x0F, 0xFF, 0x03, 0xFF, 0xC0, 0xFF, 0xF0, 0x3F, 0x7E, 0x1F, 0x9F, 0xCF, 0xE3, 0xFF, 0xF0, 0x7F,
    0xF8, 0x0F, 0xFC, 0x00, 0x78, 0x00, 0x1E, 0x00, 0x07, 0x80, 0x01, 0xE0, 0x00, 0x78, 0x00, 0x1E,
    0x00, 0x00, 0x00, 0x00, 0x00, 0x07, 0x00, 0x00, 0x1F, 0x80, 0x00, 0xFF, 0x80, 0x01, 0xFF, 0x80,
    0x01, 0xF8, 0x00, 0x00, 0x80, 0x78, 0x00, 0x00, 0x78, 0x01, 0xFF, 0xF0, 0x07, 0xFF, 0xE0, 0x0F,
    0xFF, 0xF0, 0x1F, 0xFF, 0xF8, 0x3F, 0xE7, 0xFC, 0x3F, 0x81, 0xFC, 0x7F, 0x00, 0xFE, 0x7F, 0x00,
    0xFE, 0x7E, 0x00, 0xFE, 0xFE, 0x00, 0x7E, 0xFE, 0x00, 0x7F, 0xFE, 0x00, 0x7F, 0xFE, 0x00, 0x7F,
    0xFE, 0x00, 0x7F, 0xFE, 0x00, 0x7F, 0xFE, 0x00, 0x7E, 0x7E, 0x00, 0x7E, 0x7F, 0x00, 0xFE, 0x7F,
    0x00, 0xFE, 0x3F, 0x81, 0xFC, 0x3F, 0xC3, 0xFC, 0x1F, 0xFF, 0xF8, 0x0F, 0xFF, 0xF0, 0x07, 0xFF,
    0xE0, 0x03, 0xFF, 0x80, 0x00, 0x3C, 0x00, 0x00, 0x00, 0x00, 0x0E, 0x00, 0x0F, 0xC0, 0x1F, 0xF0,
    0x0F, 0xFC, 0x03, 0xF0, 0x00, 0x60, 0x38, 0x00, 0x1E, 0x07, 0xFF, 0x87, 0xFF, 0xC3, 0xFF, 0xF1,
    0xFF, 0xFE, 0x7E, 0x1F, 0xBF, 0x03, 0xFF, 0xC0, 0xFF, 0xF0, 0x3F, 0xFC, 0x0F, 0xFF, 0x03, 0xFF,
    0xC0, 0xFF, 0xF0, 0x3F, 0xFC, 0x0F, 0xDF, 0x87, 0xE7, 0xF3, 0xF8, 0xFF, 0xFC, 0x1F, 0xFE, 0x03,
    0xFF, 0x00, 0x1E, 0x00, 0x00, 0x00, 0x00, 0x00, 0xE0, 0x00, 0x01, 0xF8, 0x00, 0x01, 0xFF, 0x00,
    0x01, 0xFF, 0x80, 0x00, 0x1F, 0x80, 0x00, 0x01, 0x78, 0x00, 0x00, 0x78, 0x01, 0xFF, 0xF0, 0x07,
    0xFF, 0xE0, 0x0F, 0xFF, 0xF0, 0x1F, 0xFF, 0xF8, 0x3F, 0xE7, 0xFC, 0x3F, 0x81, 0xFC, 0x7F, 0x00,
    0xFE, 0x7F, 0x00, 0xFE, 0x7E, 0x00, 0xFE, 0xFE, 0x00, 0x7E, 0xFE, 0x00, 0x7F, 0xFE, 0x00, 0x7F,
    0xFE, 0x00, 0x7F, 0xFE, 0x00, 0x7F, 0xFE, 0x00, 0x7F, 0xFE, 0x00, 0x7E, 0x7E, 0x00, 0x7E, 0x7F,
    0x00, 0xFE, 0x7F, 0x00, 0xFE, 0x3F, 0x81, 0xFC, 0x3F, 0xC3, 0xFC, 0x1F, 0xFF, 0xF8, 0x0F, 0xFF,
    0xF0, 0x07, 0xFF, 0xE0, 0x03, 0xFF, 0x80, 0x00, 0x3C, 0x00, 0x00, 0x00, 0x01, 0xC0, 0x00, 0xFC,
    0x00, 0x3F, 0xE0, 0x07, 0xFC, 0x00, 0x3F, 0x00, 0x00, 0xF8, 0x00, 0x1E, 0x07, 0xFF, 0x87, 0xFF,
    0xC3, 0xFF, 0xF1, 0xFF, 0xFE, 0x7E, 0x1F, 0xBF, 0x03, 0xFF, 0xC0, 0xFF, 0xF0, 0x3F, 0xFC, 0x0F,
    0xFF, 0x03, 0xFF, 0xC0, 0xFF, 0xF0, 0x3F, 0xFC, 0x0F, 0xDF, 0x87, 0xE7, 0xF3, 0xF8, 0xFF, 0xFC,
    0x1F, 0xFE, 0x03, 0xFF, 0x00, 0x1E, 0x00, 0x00, 0x7C, 0x00, 0x00, 0xFE, 0x00, 0x00, 0x7E, 0x00,
    0x00, 0x0E, 0x00, 0x00, 0x1E, 0x00, 0x00, 0x3C, 0x00, 0x00, 0x18, 0x00, 0x00, 0x00, 0x78, 0x00,
    0x00, 0x78, 0x01, 0xFF, 0xF0, 0x07, 0xFF, 0xE0, 0x0F, 0xFF, 0xF0, 0x1F, 0xFF, 0xF8, 0x3F, 0xE7,
    0xFC, 0x3F, 0x81, 0xFC, 0x7F, 0x00, 0xFE, 0x7F, 0x00, 0xFE, 0x7E, 0x00, 0xFE, 0xFE, 0x00, 0x7E,
    0xFE, 0x00, 0x7F, 0xFE, 0x00, 0x7F, 0xFE, 0x00, 0x7F, 0xFE, 0x00, 0x7F, 0xFE, 0x00, 0x7F, 0xFE,
    0x00, 0x7E, 0x7E, 0x00, 0x7E, 0x7F, 0x00, 0xFE, 0x7F, 0x00, 0xFE, 0x3F, 0x81, 0xFC, 0x3F, 0xC3,
    0xFC, 0x1F, 0xFF, 0xF8, 0x0F, 0xFF, 0xF0, 0x07, 0xFF, 0xE0, 0x03, 0xFF, 0x80, 0x00, 0x3C, 0x00,
    0x03, 0xE0, 0x01, 0xFC, 0x00, 0x3F, 0x00, 0x01, 0xC0, 0x00, 0xF0, 0x00, 0x38, 0x00, 0x0C, 0x00,
    0x00, 0x0E, 0x00, 0x07, 0x81, 0xFF, 0xE1, 0xFF, 0xF0, 0xFF, 0xFC, 0x7F, 0xFF, 0x9F, 0x87, 0xEF,
    0xC0, 0xFF, 0xF0, 0x3F, 0xFC, 0x0F, 0xFF, 0x03, 0xFF, 0xC0, 0xFF, 0xF0, 0x3F, 0xFC, 0x0F, 0xFF,
    0x03, 0xF7, 0xE1, 0xF9, 0xFC, 0xFE, 0x3F, 0xFF, 0x07, 0xFF, 0x80, 0xFF, 0xC0, 0x07, 0x80, 0x01,
    0xF0, 0xC0, 0x03, 0xFF, 0xC0, 0x03, 0xFF, 0xC0, 0x03, 0xFF, 0xC0, 0x00, 0x00, 0x00, 0x00, 0x00,
    0x78, 0x00, 0x00, 0x78, 0x01, 0xFF, 0xF0, 0x07, 0xFF, 0xE0, 0x0F, 0xFF, 0xF0, 0x1F, 0xFF, 0xF8,
    0x3F, 0xE7, 0xFC, 0x3F, 0x81, 0xFC, 0x7F, 0x00, 0xFE, 0x7F, 0x00, 0xFE, 0x7E, 0x00, 0xFE, 0xFE,
    0x00, 0x7E, 0xFE, 0x00, 0x7F, 0xFE, 0x00, 0x7F, 0xFE, 0x00, 0x7F, 0xFE, 0x00, 0x7F, 0xFE, 0x00,
    0x7F, 0xFE, 0x00, 0x7E, 0x7E, 0x00, 0x7E, 0x7F, 0x00, 0xFE, 0x7F, 0x00, 0xFE, 0x3F, 0x81, 0xFC,
    0x3F, 0xC3, 0xFC, 0x1F, 0xFF, 0xF8, 0x0F, 0xFF, 0xF0, 0x07, 0xFF, 0xE0, 0x03, 0xFF, 0x80, 0x00,
    0x3C, 0x00, 0x0F, 0xC6, 0x07, 0xFF, 0x81, 0xFF, 0xE0, 0x7F, 0xF8, 0x00, 0x00, 0x00, 0x00, 0xE0,
    0x00, 0x78, 0x1F, 0xFE, 0x1F, 0xFF, 0x0F, 0xFF, 0xC7, 0xFF, 0xF9, 0xF8, 0x7E, 0xFC, 0x0F, 0xFF,
    0x03, 0xFF, 0xC0, 0xFF, 0xF0, 0x3F, 0xFC, 0x0F, 0xFF, 0x03, 0xFF, 0xC0, 0xFF, 0xF0, 0x3F, 0x7E,
    0x1F, 0x9F, 0xCF, 0xE3, 0xFF, 0xF0, 0x7F, 0xF8, 0x0F, 0xFC, 0x00, 0x78, 0x00, 0x00, 0x00, 0x78,
    0x00, 0x00, 0x78, 0x01, 0xFF, 0xF0, 0x07, 0xFF, 0xE0, 0x0F, 0xFF, 0xF0, 0x1F, 0xFF, 0xF8, 0x3F,
    0xE7, 0xFC, 0x3F, 0x81, 0xFC, 0x7F, 0x00, 0xFE, 0x7F, 0x00, 0xFE, 0x7E, 0x00, 0xFE, 0xFE, 0x00,
    0x7E, 0xFE, 0x00, 0x7F, 0xFE, 0x00, 0x7F, 0xFE, 0x00, 0x7F, 0xFE, 0x00, 0x7F, 0xFE, 0x00, 0x7F,
    0xFE, 0x00, 0x7E, 0x7E, 0x00, 0x7E, 0x7F, 0x00, 0xFE, 0x7F, 0x00, 0xFE, 0x3F, 0x81, 0xFC, 0x3F,
    0xC3, 0xFC, 0x1F, 0xFF, 0xF8, 0x0F, 0xFF, 0xF0, 0x07, 0xFF, 0xE0, 0x03, 0xFF, 0x80, 0x00, 0x3C,
    0x00, 0x00, 0x3C, 0x00, 0x00, 0x3C, 0x00, 0x00, 0x3C, 0x00, 0x00, 0x3C, 0x00, 0x00, 0x3C, 0x00,
    0x00, 0x03, 0x80, 0x01, 0xE0, 0x7F, 0xF8, 0x7F, 0xFC, 0x3F, 0xFF, 0x1F, 0xFF, 0xE7, 0xE1, 0xFB,
    0xF0, 0x3F, 0xFC, 0x0F, 0xFF, 0x03, 0xFF, 0xC0, 0xFF, 0xF0, 0x3F, 0xFC, 0x0F, 0xFF, 0x03, 0xFF,
    0xC0, 0xFD, 0xF8, 0x7E, 0x7F, 0x3F, 0x8F, 0xFF, 0xC1, 0xFF, 0xE0, 0x3F, 0xF0, 0x01, 0xE0, 0x00,
    0x78, 0x00, 0x1E, 0x00, 0x07, 0x80, 0x01, 0xE0, 0x00, 0x78, 0x00, 0xFC, 0x01, 0xFF, 0xC0, 0x1F,
    0xFC, 0x01, 0xFF, 0xC0, 0x1F, 0xFC, 0x01, 0xFF, 0xC0, 0x1F, 0xFC, 0x01, 0xFF, 0xC0, 0x1F, 0xFC,
    0x01, 0xFF, 0xC0, 0x1F, 0xFC, 0x01, 0xFF, 0xC0, 0x1F, 0xFC, 0x01, 0xFF, 0xC0, 0x1F, 0xFC, 0x01,
    0xFF, 0xC0, 0x1F, 0xFC, 0x01, 0xFF, 0xC0, 0x1F, 0xFE, 0x03, 0xFF, 0xE0, 0x3F, 0x7F, 0x8F, 0xF7,
    0xFF, 0xFE, 0x3F, 0xFF, 0xC1, 0xFF, 0xFC, 0x0F, 0xFF, 0x00, 0x1F, 0x80, 0x00, 0xF0, 0x00, 0x0F,
    0x00, 0x00, 0xF0, 0x00, 0x0F, 0x00, 0x00, 0xF0, 0x00, 0x7C, 0x0F, 0xFE, 0x0F, 0xFF, 0x07, 0xFF,
    0x83, 0xFF, 0xC1, 0xFF, 0xE0, 0xFF, 0xF0, 0x7F, 0xF8, 0x3F, 0xFC, 0x1F, 0xFE, 0x0F, 0xFF, 0x07,
    0xFF, 0x83, 0xFF, 0xC1, 0xFF, 0xF1, 0xFF, 0xFF, 0xFE, 0xFF, 0xFF, 0x7F, 0xFF, 0x9F, 0xE7, 0xC3,
    0x80, 0x00, 0x3C, 0x00, 0x3E, 0x00, 0x1F, 0x00, 0x0F, 0x80, 0x03, 0xC0, 0x01, 0xF0, 0x00, 0x1F,
    0x80, 0x01, 0xF8, 0x00, 0x01, 0xC0, 0x00, 0x38, 0x00, 0x07, 0x80, 0x00, 0x70, 0x00, 0x00, 0x00,
    0x00, 0x00, 0x0F, 0xC0, 0x1F, 0xFC, 0x01, 0xFF, 0xC0, 0x1F, 0xFC, 0x01, 0xFF, 0xC0, 0x1F, 0xFC,
    0x01, 0xFF, 0xC0, 0x1F, 0xFC, 0x01, 0xFF, 0xC0, 0x1F, 0xFC, 0x01, 0xFF, 0xC0, 0x1F, 0xFC, 0x01,
    0xFF, 0xC0, 0x1F, 0xFC, 0x01, 0xFF, 0xC0, 0x1F, 0xFC, 0x01, 0xFF, 0xC0, 0x1F, 0xFC, 0x01, 0xFF,
    0xE0, 0x3F, 0xFE, 0x03, 0xF7, 0xF8, 0xFF, 0x7F, 0xFF, 0xE3, 0xFF, 0xFC, 0x1F, 0xFF, 0xC0, 0xFF,
    0xF0, 0x01, 0xF8, 0x00, 0x03, 0xC0, 0x03, 0xF0, 0x01, 0xFC, 0x00, 0x0E, 0x00, 0x0E, 0x00, 0x0F,
    0x00, 0x03, 0x00, 0x00, 0x00, 0x00, 0x00, 0x3E, 0x07, 0xFF, 0x07, 0xFF, 0x83, 0xFF, 0xC1, 0xFF,
    0xE0, 0xFF, 0xF0, 0x7F, 0xF8, 0x3F, 0xFC, 0x1F, 0xFE, 0x0F, 0xFF, 0x07, 0xFF, 0x83, 0xFF, 0xC1,
    0xFF, 0xE0, 0xFF, 0xF8, 0xFF, 0xFF, 0xFF, 0x7F, 0xFF, 0xBF, 0xFF, 0xCF, 0xF3, 0xE1, 0xC0, 0x00,
    0x00, 0x00, 0x00, 0x00, 0x07, 0x00, 0x00, 0x1F, 0x80, 0x00, 0x3F, 0xE0, 0x00, 0x7F, 0xE0, 0x00,
    0x1F, 0x80, 0x00, 0x0C, 0x00, 0x1C, 0x00, 0x00, 0x1E, 0xFC, 0x01, 0xFF, 0x7E, 0x00, 0xFF, 0x3F,
    0x00, 0x7E, 0x1F, 0x80, 0x3E, 0x0F, 0xC0, 0x1F, 0x07, 0xE0, 0x0F, 0x83, 0xF0, 0x07, 0xC1, 0xF8,
    0x03, 0xE0, 0xFC, 0x01, 0xF0, 0x7E, 0x00, 0xF8, 0x3F, 0x00, 0x7C, 0x1F, 0x80, 0x3E, 0x0F, 0xC0,
    0x1F, 0x07, 0xE0, 0x0F, 0x83, 0xF0, 0x07, 0xC1, 0xF8, 0x03, 0xE0, 0xFC, 0x01, 0xF0, 0x7E, 0x00,
    0xF8, 0x3F, 0x80, 0xFC, 0x1F, 0xC0, 0x7E, 0x07, 0xF8, 0xFF, 0x03, 0xFF, 0xFF, 0x00, 0xFF, 0xFF,
    0x00, 0x3F, 0xFF, 0x80, 0x0F, 0xFF, 0x00, 0x00, 0xFC, 0x00, 0x00, 0x00, 0x00, 0x00, 0x01, 0xC0,
    0x00, 0x7E, 0x00, 0x0F, 0xF8, 0x00, 0xFF, 0x80, 0x07, 0xE0, 0x00, 0x30, 0x01, 0xE0, 0x00, 0x1F,
    0x7C, 0x0F, 0xF7, 0xE0, 0xFF, 0x3F, 0x07, 0xF1, 0xF8, 0x3F, 0x0F, 0xC1, 0xF8, 0x7E, 0x0F, 0xC3,
    0xF0, 0x7E, 0x1F, 0x83, 0xF0, 0xFC, 0x1F, 0x87, 0xE0, 0xFC, 0x3F, 0x07, 0xE1, 0xF8, 0x3F, 0x0F,
    0xC1, 0xF8, 0x7F, 0x1F, 0xC3, 0xFF, 0xFE, 0x0F, 0xFF, 0xF0, 0x7F, 0xFF, 0x81, 0xFE, 0x7C, 0x03,
    0x80, 0x00, 0x00, 0x00, 0x00, 0x01, 0xC0, 0x00, 0x00, 0xFC, 0x00, 0x00, 0xFF, 0x80, 0x00, 0x3F,
    0xF0, 0x00, 0x03, 0xF0, 0x00, 0x00, 0x18, 0x1C, 0x00, 0x00, 0x1E, 0xFC, 0x01, 0xFF, 0x7E, 0x00,
    0xFF, 0x3F, 0x00, 0x7E, 0x1F, 0x80, 0x3E, 0x0F, 0xC0, 0x1F, 0x07, 0xE0, 0x0F, 0x83, 0xF0, 0x07,
    0xC1, 0xF8, 0x03, 0xE0, 0xFC, 0x01, 0xF0, 0x7E, 0x00, 0xF8, 0x3F, 0x00, 0x7C, 0x1F, 0x80, 0x3E,
    0x0F, 0xC0, 0x1F, 0x07, 0xE0, 0x0F, 0x83, 0xF0, 0x07, 0xC1, 0xF8, 0x03, 0xE0, 0xFC, 0x01, 0xF0,
    0x7E, 0x00, 0xF8, 0x3F, 0x80, 0xFC, 0x1F, 0xC0, 0x7E, 0x07, 0xF8, 0xFF, 0x03, 0xFF, 0xFF, 0x00,
    0xFF, 0xFF, 0x00, 0x3F, 0xFF, 0x80, 0x0F, 0xFF, 0x00, 0x00, 0xFC, 0x00, 0x00, 0x00, 0x00, 0x00,
    0x78, 0x00, 0x03, 0xF0, 0x00, 0x1F, 0xF0, 0x00, 0xFF, 0xC0, 0x00, 0x7E, 0x00, 0x00, 0x61, 0xE0,
    0x00, 0x1F, 0x7C, 0x0F, 0xF7, 0xE0, 0xFF, 0x3F, 0x07, 0xF1, 0xF8, 0x3F, 0x0F, 0xC1, 0xF8, 0x7E,
    0x0F, 0xC3, 0xF0, 0x7E, 0x1F, 0x83, 0xF0, 0xFC, 0x1F, 0x87, 0xE0, 0xFC, 0x3F, 0x07, 0xE1, 0xF8,
    0x3F, 0x0F, 0xC1, 0xF8, 0x7F, 0x1F, 0xC3, 0xFF, 0xFE, 0x0F, 0xFF, 0xF0, 0x7F, 0xFF, 0x81, 0xFE,
    0x7C, 0x03, 0x80, 0x00, 0x01, 0xF0, 0x00, 0x00, 0xFC, 0x00, 0x00, 0x7E, 0x00, 0x00, 0x03, 0x80,
    0x00, 0x03, 0x80, 0x00, 0x03, 0xC0, 0x00, 0x01, 0xC0, 0x00, 0x00, 0x00, 0x0E, 0x00, 0x00, 0x0F,
    0x7E, 0x00, 0xFF, 0xBF, 0x00, 0x7F, 0x9F, 0x80, 0x3F, 0x0F, 0xC0, 0x1F, 0x07, 0xE0, 0x0F, 0x83,
    0xF0, 0x07, 0xC1, 0xF8, 0x03, 0xE0, 0xFC, 0x01, 0xF0, 0x7E, 0x00, 0xF8, 0x3F, 0x00, 0x7C, 0x1F,
    0x80, 0x3E, 0x0F, 0xC0, 0x1F, 0x07, 0xE0, 0x0F, 0x83, 0xF0, 0x07, 0xC1, 0xF8, 0x03, 0xE0, 0xFC,
    0x01, 0xF0, 0x7E, 0x00, 0xF8, 0x3F, 0x00, 0x7C, 0x1F, 0xC0, 0x7E, 0x0F, 0xE0, 0x3F, 0x03, 0xFC,
    0x7F, 0x81, 0xFF, 0xFF, 0x80, 0x7F, 0xFF, 0x80, 0x1F, 0xFF, 0xC0, 0x07, 0xFF, 0x80, 0x00, 0x7E,
    0x00, 0x00, 0x03, 0xC0, 0x00, 0x3F, 0x00, 0x01, 0xFC, 0x00, 0x00, 0xE0, 0x00, 0x0E, 0x00, 0x00,
    0xF0, 0x00, 0x03, 0x00, 0x00, 0x00, 0x0F, 0x00, 0x00, 0xFB, 0xE0, 0x7F, 0xBF, 0x07, 0xF9, 0xF8,
    0x3F, 0x8F, 0xC1, 0xF8, 0x7E, 0x0F, 0xC3, 0xF0, 0x7E, 0x1F, 0x83, 0xF0, 0xFC, 0x1F, 0x87, 0xE0,
    0xFC, 0x3F, 0x07, 0xE1, 0xF8, 0x3F, 0x0F, 0xC1, 0xF8, 0x7E, 0x0F, 0xC3, 0xF8, 0xFE, 0x1F, 0xFF,
    0xF0, 0x7F, 0xFF, 0x83, 0xFF, 0xFC, 0x0F, 0xF3, 0xE0, 0x1C, 0x00, 0x00, 0x03, 0xE1, 0x00, 0x07,
    0xFF, 0xC0, 0x03, 0xFF, 0xE0, 0x00, 0xFF, 0xE0, 0x00, 0x00, 0x00, 0x00, 0x00, 0x00, 0x38, 0x00,
    0x00, 0x3D, 0xF8, 0x03, 0xFE, 0xFC, 0x01, 0xFE, 0x7E, 0x00, 0xFC, 0x3F, 0x00, 0x7C, 0x1F, 0x80,
    0x3E, 0x0F, 0xC0, 0x1F, 0x07, 0xE0, 0x0F, 0x83, 0xF0, 0x07, 0xC1, 0xF8, 0x03, 0xE0, 0xFC, 0x01,
    0xF0, 0x7E, 0x00, 0xF8, 0x3F, 0x00, 0x7C, 0x1F, 0x80, 0x3E, 0x0F, 0xC0, 0x1F, 0x07, 0xE0, 0x0F,
    0x83, 0xF0, 0x07, 0xC1, 0xF8, 0x03, 0xE0, 0xFC, 0x01, 0xF0, 0x7F, 0x01, 0xF8, 0x3F, 0x80, 0xFC,
    0x0F, 0xF1, 0xFE, 0x07, 0xFF, 0xFE, 0x01, 0xFF, 0xFE, 0x00, 0x7F, 0xFF, 0x00, 0x1F, 0xFE, 0x00,
    0x01, 0xF8, 0x00, 0x00, 0x0F, 0x84, 0x00, 0xFF, 0xF0, 0x07, 0xFF, 0x80, 0x3F, 0xF8, 0x00, 0x00,
    0x00, 0x00, 0x00, 0x3C, 0x00, 0x03, 0xEF, 0x81, 0xFE, 0xFC, 0x1F, 0xE7, 0xE0, 0xFE, 0x3F, 0x07,
    0xE1, 0xF8, 0x3F, 0x0F, 0xC1, 0xF8, 0x7E, 0x0F, 0xC3, 0xF0, 0x7E, 0x1F, 0x83, 0xF0, 0xFC, 0x1F,
    0x87, 0xE0, 0xFC, 0x3F, 0x07, 0xE1, 0xF8, 0x3F, 0x0F, 0xE3, 0xF8, 0x7F, 0xFF, 0xC1, 0xFF, 0xFE,
    0x0F, 0xFF, 0xF0, 0x3F, 0xCF, 0x80, 0x70, 0x00, 0x00, 0x00, 0x00, 0x07, 0x00, 0x00, 0x07, 0xBF,
    0x00, 0x7F, 0xDF, 0x80, 0x3F, 0xCF, 0xC0, 0x1F, 0x87, 0xE0, 0x0F, 0x83, 0xF0, 0x07, 0xC1, 0xF8,
    0x03, 0xE0, 0xFC, 0x01, 0xF0, 0x7E, 0x00, 0xF8, 0x3F, 0x00, 0x7C, 0x1F, 0x80, 0x3E, 0x0F, 0xC0,
    0x1F, 0x07, 0xE0, 0x0F, 0x83, 0xF0, 0x07, 0xC1, 0xF8, 0x03, 0xE0, 0xFC, 0x01, 0xF0, 0x7E, 0x00,
    0xF8, 0x3F, 0x00, 0x7C, 0x1F, 0x80, 0x3E, 0x0F, 0xE0, 0x3F, 0x07, 0xF0, 0x1F, 0x81, 0xFE, 0x3F,
    0xC0, 0xFF, 0xFF, 0xC0, 0x3F, 0xFF, 0xC0, 0x0F, 0xFF, 0xE0, 0x03, 0xFF, 0xC0, 0x00, 0x3F, 0x00,
    0x00, 0x0F, 0x00, 0x00, 0x07, 0x80, 0x00, 0x03, 0xC0, 0x00, 0x01, 0xE0, 0x00, 0x00, 0xF0, 0x00,
    0x00, 0x00, 0x00, 0x78, 0x00, 0x07, 0xDF, 0x03, 0xFD, 0xF8, 0x3F, 0xCF, 0xC1, 0xFC, 0x7E, 0x0F,
    0xC3, 0xF0, 0x7E, 0x1F, 0x83, 0xF0, 0xFC, 0x1F, 0x87, 0xE0, 0xFC, 0x3F, 0x07, 0xE1, 0xF8, 0x3F,
    0x0F, 0xC1, 0xF8, 0x7E, 0x0F, 0xC3, 0xF0, 0x7E, 0x1F, 0xC7, 0xF0, 0xFF, 0xFF, 0x83, 0xFF, 0xFC,
    0x1F, 0xFF, 0xE0, 0x7F, 0x9F, 0x00, 0xE0, 0x00, 0x00, 0xF0, 0x00, 0x0F, 0x80, 0x00, 0x7C, 0x00,
    0x03, 0xE0, 0x00, 0x0F, 0x00, 0x00, 0x00, 0x00, 0x00, 0x00, 0xF0, 0x00, 0x00, 0xFC, 0x00, 0x00,
    0xFF, 0x00, 0x00, 0xFF, 0xC0, 0x00, 0x0F, 0xC0, 0x00, 0x01, 0x80, 0x00, 0x00, 0x00, 0x7F, 0x00,
    0x3F, 0x7F, 0x00, 0x7E, 0x3F, 0x80, 0x7E, 0x3F, 0xC0, 0xFC, 0x1F, 0xC0, 0xFC, 0x1F, 0xE1, 0xF8,
    0x0F, 0xE3, 0xF0, 0x07, 0xF3, 0xF0, 0x07, 0xF7, 0xE0, 0x03, 0xFF, 0xE0, 0x03, 0xFF, 0xC0, 0x01,
    0xFF, 0x80, 0x00, 0xFF, 0x80, 0x00, 0xFF, 0x00, 0x00, 0x7F, 0x00, 0x00, 0x7F, 0x00, 0x00, 0x7F,
    0x00, 0x00, 0x7F, 0x00, 0x00, 0x7F, 0x00, 0x00, 0x7F, 0x00, 0x00, 0x7F, 0x00, 0x00, 0x7F, 0x00,
    0x00, 0x7F, 0x00, 0x00, 0x7F, 0x00, 0x00, 0x7F, 0x00, 0x00, 0x00, 0x00, 0x70, 0x00, 0x0F, 0xC0,
    0x03, 0xFE, 0x00, 0x3F, 0xE0, 0x00, 0xFC, 0x00, 0x01, 0x80, 0x00, 0x00, 0xFC, 0x03, 0xDF, 0xC0,
    0xF9, 0xF8, 0x1F, 0x3F, 0x83, 0xE3, 0xF0, 0xF8, 0x7E, 0x1F, 0x0F, 0xE3, 0xC0, 0xFC, 0xF8, 0x1F,
    0x9F, 0x01, 0xFB, 0xC0, 0x3F, 0xF8, 0x03, 0xFE, 0x00, 0x7F, 0xC0, 0x0F, 0xF8, 0x00, 0xFE, 0x00,
    0x1F, 0xC0, 0x01, 0xF0, 0x00, 0x3E, 0x00, 0x0F, 0xC0, 0x1F, 0xF0, 0x07, 0xFC, 0x00, 0xFF, 0x80,
    0x1F, 0xE0, 0x03, 0xF0, 0x00, 0x7F, 0x00, 0x3F, 0x7F, 0x00, 0x7E, 0x3F, 0x80, 0x7E, 0x3F, 0xC0,
    0xFC, 0x1F, 0xC0, 0xFC, 0x1F, 0xE1, 0xF8, 0x0F, 0xE3, 0xF0, 0x07, 0xF3, 0xF0, 0x07, 0xF7, 0xE0,
    0x03, 0xFF, 0xE0, 0x03, 0xFF, 0xC0, 0x01, 0xFF, 0x80, 0x00, 0xFF, 0x80, 0x00, 0xFF, 0x00, 0x00,
    0x7F, 0x00, 0x00, 0x7F, 0x00, 0x00, 0x7F, 0x00, 0x00, 0x7F, 0x00, 0x00, 0x7F, 0x00, 0x00, 0x7F,
    0x00, 0x00, 0x7F, 0x00, 0x00, 0x7F, 0x00, 0x00, 0x7F, 0x00, 0x00, 0x7F, 0x00, 0x00, 0x7F, 0x00,
    0x00, 0x00, 0x00, 0x00, 0x3C, 0x00, 0x00, 0x3E, 0x00, 0x00, 0x3E, 0x00, 0x00, 0x3E, 0x00, 0x00,
    0x3C, 0x00, 0xFC, 0x03, 0xDF, 0xC0, 0xF9, 0xF8, 0x1F, 0x3F, 0x83, 0xE3, 0xF0, 0xF8, 0x7E, 0x1F,
    0x0F, 0xE3, 0xC0, 0xFC, 0xF8, 0x1F, 0x9F, 0x01, 0xFB, 0xC0, 0x3F, 0xF8, 0x03, 0xFE, 0x00, 0x7F,
    0xC0, 0x0F, 0xF8, 0x00, 0xFE, 0x00, 0x1F, 0xC0, 0x01, 0xF0, 0x00, 0x3E, 0x00, 0x0F, 0xC0, 0x1F,
    0xF7, 0x87, 0xFD, 0xF0, 0xFF, 0xBE, 0x1F, 0xE7, 0xC3, 0xF0, 0x78, 0x00, 0x3C, 0x00, 0x00, 0x7E,
    0x00, 0x00, 0x7F, 0x00, 0x00, 0x07, 0x00, 0x00, 0x0E, 0x00, 0x00, 0x1E, 0x00, 0x00, 0x0C, 0x00,
    0x00, 0x00, 0x00, 0x00, 0x00, 0x00, 0x7F, 0x00, 0x3F, 0x7F, 0x00, 0x7E, 0x3F, 0x80, 0x7E, 0x3F,
    0xC0, 0xFC, 0x1F, 0xC0, 0xFC, 0x1F, 0xE1, 0xF8, 0x0F, 0xE3, 0xF0, 0x07, 0xF3, 0xF0, 0x07, 0xF7,
    0xE0, 0x03, 0xFF, 0xE0, 0x03, 0xFF, 0xC0, 0x01, 0xFF, 0x80, 0x00, 0xFF, 0x80, 0x00, 0xFF, 0x00,
    0x00, 0x7F, 0x00, 0x00, 0x7F, 0x00, 0x00, 0x7F, 0x00, 0x00, 0x7F, 0x00, 0x00, 0x7F, 0x00, 0x00,
    0x7F, 0x00, 0x00, 0x7F, 0x00, 0x00, 0x7F, 0x00, 0x00, 0x7F, 0x00, 0x00, 0x7F, 0x00, 0x00, 0x7F,
    0x00, 0x01, 0xF0, 0x00, 0x7F, 0x00, 0x07, 0xE0, 0x00, 0x1C, 0x00, 0x07, 0x80, 0x00, 0xE0, 0x00,
    0x18, 0x00, 0x00, 0x00, 0x00, 0x00, 0x1F, 0x80, 0x7B, 0xF8, 0x1F, 0x3F, 0x03, 0xE7, 0xF0, 0x7C,
    0x7E, 0x1F, 0x0F, 0xC3, 0xE1, 0xFC, 0x78, 0x1F, 0x9F, 0x03, 0xF3, 0xE0, 0x3F, 0x78, 0x07, 0xFF,
    0x00, 0x7F, 0xC0, 0x0F, 0xF8, 0x01, 0xFF, 0x00, 0x1F, 0xC0, 0x03, 0xF8, 0x00, 0x3E, 0x00, 0x07,
    0xC0, 0x01, 0xF8, 0x03, 0xFE, 0x00, 0xFF, 0x80, 0x1F, 0xF0, 0x03, 0xFC, 0x00, 0x7E, 0x00, 0x00,
    0x00, 0xF8, 0x40, 0x01, 0xFF, 0xE0, 0x01, 0xFF, 0xE0, 0x01, 0xFF, 0xC0, 0x00, 0x00, 0x00, 0x00,
    0x00, 0x00, 0x00, 0x00, 0x00, 0x7F, 0x00, 0x3F, 0x7F, 0x00, 0x7E, 0x3F, 0x80, 0x7E, 0x3F, 0xC0,
    0xFC, 0x1F, 0xC0, 0xFC, 0x1F, 0xE1, 0xF8, 0x0F, 0xE3, 0xF0, 0x07, 0xF3, 0xF0, 0x07, 0xF7, 0xE0,
    0x03, 0xFF, 0xE0, 0x03, 0xFF, 0xC0, 0x01, 0xFF, 0x80, 0x00, 0xFF, 0x80, 0x00, 0xFF, 0x00, 0x00,
    0x7F, 0x00, 0x00, 0x7F, 0x00, 0x00, 0x7F, 0x00, 0x00, 0x7F, 0x00, 0x00, 0x7F, 0x00, 0x00, 0x7F,
    0x00, 0x00, 0x7F, 0x00, 0x00, 0x7F, 0x00, 0x00, 0x7F, 0x00, 0x00, 0x7F, 0x00, 0x00, 0x7F, 0x00,
    0x07, 0xE3, 0x01, 0xFF, 0xE0, 0x3F, 0xFC, 0x03, 0xFF, 0x80, 0x00, 0x00, 0x00, 0x00, 0x00, 0x00,
    0x07, 0xE0, 0x1E, 0xFE, 0x07, 0xCF, 0xC0, 0xF9, 0xFC, 0x1F, 0x1F, 0x87, 0xC3, 0xF0, 0xF8, 0x7F,
    0x1E, 0x07, 0xE7, 0xC0, 0xFC, 0xF8, 0x0F, 0xDE, 0x01, 0xFF, 0xC0, 0x1F, 0xF0, 0x03, 0xFE, 0x00,
    0x7F, 0xC0, 0x07, 0xF0, 0x00, 0xFE, 0x00, 0x0F, 0x80, 0x01, 0xF0, 0x00, 0x7E, 0x00, 0xFF, 0x80,
    0x3F, 0xE0, 0x07, 0xFC, 0x00, 0xFF, 0x00, 0x1F, 0x80, 0x00, 0xFF, 0xDF, 0xFB, 0xFF, 0x7F, 0xE0,
    0x00, 0x7F, 0xFF, 0xF7, 0xFF, 0xFF, 0xFF, 0xFF, 0xFF, 0xFF, 0xFF, 0xF7, 0xFF, 0xFF, 0x00, 0x7F,
    0xFF, 0xFF, 0xFF, 0xFF, 0xFF, 0xFF, 0xFF, 0xF7, 0xFF, 0xF8, 0x7F, 0xFF, 0xFF, 0xFF, 0xFF, 0xFF,
    0xFF, 0xFF, 0xFF, 0xFF, 0xFF, 0xFF, 0xFF, 0xFF, 0x7F, 0xFF, 0xFF, 0xF0, 0x7F, 0xFF, 0xFF, 0xFF,
    0xFF, 0xFF, 0xFF, 0xFF, 0xFF, 0xFF, 0xFF, 0xFF, 0xFF, 0xFF, 0x7F, 0xFF, 0xFF, 0xF0, 0x1C, 0x73,
    0x9E, 0x73, 0xFF, 0xFF, 0xFF, 0xF0, 0xFF, 0xFF, 0xFF, 0xFD, 0xF7, 0x9C, 0x73, 0x80, 0xFF, 0xFF,
    0xFF, 0xFC, 0xE7, 0x9C, 0xE3, 0x80, 0x1C, 0x18, 0x70, 0xE3, 0x87, 0x9E, 0x1C, 0x70, 0xF3, 0xF3,
    0xEF, 0xDF, 0xBF, 0x7E, 0xFD, 0xFB, 0xF7, 0xE0, 0xFC, 0xFB, 0xF3, 0xFF, 0xCF, 0xFF, 0x3F, 0xFC,
    0xF9, 0xF3, 0xE7, 0x87, 0x1C, 0x3C, 0x70, 0xE3, 0x83, 0x00, 0xFC, 0xFF, 0xF3, 0xFF, 0xCF, 0xFF,
    0x3F, 0xFC, 0xF8, 0xE1, 0xE7, 0x87, 0x1C, 0x3C, 0xE0, 0xE3, 0x83, 0x00, 0x03, 0xE0, 0x01, 0xF0,
    0x00, 0xF8, 0x00, 0x7C, 0x00, 0x3E, 0x00, 0x1F, 0x00, 0x0F, 0x80, 0x07, 0xC0, 0x7F, 0xFF, 0xFF,
    0xFF, 0xFF, 0xFF, 0xFF, 0xFF, 0xF7, 0x1E, 0x78, 0x0F, 0x00, 0x07, 0x80, 0x03, 0xC0, 0x03, 0xE0,
    0x01, 0xF0, 0x00, 0xF8, 0x00, 0x7C, 0x00, 0x3E, 0x00, 0x1F, 0x00, 0x0F, 0x80, 0x07, 0xC0, 0x03,
    0xE0, 0x01, 0xF0, 0x00, 0xF8, 0x00, 0x7C, 0x00, 0x3E, 0x00, 0x1F, 0x00, 0x0F, 0x80, 0x03, 0xE0,
    0x01, 0xF0, 0x00, 0xF8, 0x00, 0x7C, 0x00, 0x3E, 0x00, 0x1F, 0x00, 0x0F, 0x80, 0x07, 0xC0, 0x63,
    0xE3, 0x7F, 0xFF, 0xFF, 0xFF, 0xFF, 0xFF, 0xF7, 0xFF, 0xF8, 0x0F, 0x00, 0x07, 0x80, 0x03, 0xC0,
    0x01, 0xE0, 0x00, 0xF0, 0x10, 0x78, 0x5F, 0xFF, 0xFF, 0xFF, 0xFF, 0xFF, 0xFD, 0xFF, 0xFE, 0x07,
    0xC0, 0x03, 0xE0, 0x01, 0xF0, 0x00, 0xF8, 0x00, 0x7C, 0x00, 0x3E, 0x00, 0x1F, 0x00, 0x0F, 0x80,
    0x3E, 0x3F, 0xBF, 0xFF, 0xFF, 0xFF, 0xFF, 0xFE, 0xFE, 0x3E, 0x00, 0xFC, 0x1F, 0x87, 0xFF, 0x87,
    0xF0, 0xFF, 0xF0, 0xFE, 0x1F, 0xFE, 0x1F, 0xC3, 0xFF, 0xC3, 0xF8, 0x7F, 0xF8, 0x3F, 0x0F, 0xC0,
    0x00, 0x00, 0x00, 0x00, 0x00, 0x01, 0xFC, 0x00, 0x78, 0x00, 0x00, 0x3F, 0xE0, 0x0F, 0x00, 0x00,
    0x07, 0xFF, 0x01, 0xE0, 0x00, 0x00, 0x78, 0xF0, 0x1E, 0x00, 0x00, 0x0F, 0x8F, 0x83, 0xC0, 0x00,
    0x00, 0xF8, 0x78, 0x78, 0x00, 0x00, 0x0F, 0x07, 0x87, 0x80, 0x00, 0x00, 0xF0, 0x78, 0xF0, 0x00,
    0x00, 0x0F, 0x87, 0x8E, 0x00, 0x00, 0x00, 0xF8, 0xF9, 0xE0, 0x00, 0x00, 0x07, 0x8F, 0x3C, 0x00,
    0x00, 0x00, 0x7F, 0xF3, 0x8F, 0x80, 0x3F, 0x03, 0xFE, 0x79, 0xFE, 0x07, 0xF8, 0x0F, 0xCF, 0x3F,
    0xF0, 0xFF, 0xC0, 0x00, 0xE7, 0xCF, 0x9F, 0x3E, 0x00, 0x1E, 0x78, 0x79, 0xE1, 0xE0, 0x03, 0xCF,
    0x87, 0x9E, 0x1E, 0x00, 0x38, 0xF8, 0x7B, 0xE1, 0xF0, 0x07, 0x8F, 0x87, 0xBE, 0x1F, 0x00, 0xF0,
    0xF8, 0x7B, 0xE1, 0xF0, 0x0E, 0x07, 0x87, 0x9E, 0x1E, 0x01, 0xE0, 0x78, 0xF9, 0xF1, 0xE0, 0x3C,
    0x07, 0xFF, 0x0F, 0xFE, 0x03, 0x80, 0x3F, 0xF0, 0xFF, 0xC0, 0x78, 0x01, 0xFE, 0x07, 0xF8, 0x00,
    0x00, 0x07, 0x00, 0x0E, 0x00, 0x1F, 0x8F, 0xC7, 0xC7, 0xE3, 0xE1, 0xF0, 0xF0, 0x78, 0x78, 0x3C,
    0x1C, 0x0E, 0x00, 0x1F, 0xBE, 0x1F, 0xBE, 0x1F, 0x7E, 0x3F, 0x7C, 0x3E, 0x7C, 0x3E, 0x78, 0x3C,
    0xF8, 0x3C, 0xF8, 0x78, 0xF0, 0x78, 0xF0, 0x70, 0xE0, 0x71, 0xE0, 0x0E, 0x0E, 0x1E, 0x3C, 0x3C,
    0x7C, 0x78, 0xF8, 0x78, 0x7C, 0x3C, 0x1E, 0x1E, 0x0E, 0x60, 0xF0, 0x78, 0x78, 0x3C, 0x3E, 0x1E,
    0x1E, 0x3E, 0x3C, 0x3C, 0x78, 0x78, 0xF0, 0x00, 0x00, 0xF0, 0x00, 0x1E, 0x00, 0x01, 0xE0, 0x00,
    0x3C, 0x00, 0x07, 0x80, 0x00, 0x78, 0x00, 0x0F, 0x00, 0x01, 0xE0, 0x00, 0x1E, 0x00, 0x03, 0xC0,
    0x00, 0x78, 0x00, 0x07, 0x80, 0x00, 0xF0, 0x00, 0x1E, 0x00, 0x01, 0xE0, 0x00, 0x3C, 0x00, 0x07,
    0x80, 0x00, 0x78, 0x00, 0x0F, 0x00, 0x01, 0xE0, 0x00, 0x1E, 0x00, 0x03, 0xC0, 0x00, 0x78, 0x00,
    0x07, 0x80, 0x00, 0xF0, 0x00, 0x02, 0x00, 0x00, 0x7E, 0x00, 0xF7, 0xE0, 0x0E, 0x7E, 0x01, 0xE7,
    0xE0, 0x3C, 0x7E, 0x03, 0x87, 0xE0, 0x78, 0x00, 0x0F, 0x00, 0x00, 0xE0, 0x00, 0x1E, 0x00, 0x03,
    0xC0, 0x00, 0x38, 0x00, 0x07, 0x80, 0x00, 0xF0, 0x00, 0x0E, 0x00, 0x01, 0xE0, 0x00, 0x3C, 0x00,
    0x03, 0x80, 0x00, 0x78, 0x00, 0x0F, 0x00, 0x00, 0xE0, 0x7C, 0x1E, 0x0F, 0xE3, 0xC0, 0xFE, 0x38,
    0x0F, 0xE7, 0x80, 0xFE, 0xF0, 0x0F, 0xE2, 0x00, 0x00, 0x00, 0x00, 0x3F, 0x03, 0xFE, 0x0F, 0xFC,
    0x78, 0xF9, 0xE1, 0xEF, 0x87, 0xBE, 0x1F, 0xF0, 0x7F, 0xC1, 0xFF, 0x87, 0xFE, 0x1E, 0x78, 0x79,
    0xF3, 0xE3, 0xFF, 0x0F, 0xF8, 0x0F, 0xC0, 0x01, 0xE0, 0x0F, 0xC0, 0x7F, 0x01, 0xFC, 0x0F, 0xF0,
    0x7F, 0xC3, 0xDF, 0x0E, 0x7C, 0x71, 0xF3, 0xFF, 0xFF, 0xFF, 0xFF, 0xFF, 0x7F, 0xF8, 0x07, 0xC0,
    0x1F, 0x00, 0x78, 0x3F, 0xF0, 0xFF, 0xC7, 0xFF, 0x1F, 0xFC, 0x78, 0x01, 0xEE, 0x07, 0xFE, 0x1F,
    0xFC, 0x3F, 0xF8, 0x41, 0xE0, 0x07, 0xC8, 0x1E, 0x78, 0xFB, 0xFF, 0xE7, 0xFF, 0x07, 0xF8, 0x00,
    0x00, 0x7F, 0x0F, 0xFC, 0x7F, 0xE7, 0x87, 0x3C, 0x03, 0xC0, 0x1E, 0xFC, 0xFF, 0xF7, 0xFF, 0xFE,
    0x3F, 0xE0, 0xF7, 0x87, 0xBC, 0x7D, 0xFF, 0xE7, 0xFE, 0x0F, 0xC0, 0x7F, 0xFB, 0xFF, 0xFF, 0xFE,
    0xFF, 0xE0, 0x0E, 0x00, 0xF0, 0x0F, 0x00, 0x78, 0x07, 0x80, 0x3C, 0x03, 0xE0, 0x1E, 0x00, 0xF0,
    0x0F, 0x80, 0x7C, 0x03, 0xC0, 0x00, 0x00, 0x7F, 0x03, 0xFF, 0x1F, 0xFC, 0x78, 0x79, 0xE1, 0xE7,
    0xC7, 0x9F, 0xFC, 0x3F, 0xE0, 0xFF, 0xC7, 0xFF, 0xBC, 0x1E, 0xF0, 0x7F, 0xC1, 0xEF, 0xFF, 0x9F,
    0xFC, 0x1F, 0xE0, 0x00, 0x00, 0xFE, 0x1F, 0xF8, 0xFF, 0xEF, 0x8F, 0xF8, 0x3F, 0xC1, 0xFF, 0x1F,
    0x7F, 0xF9, 0xFF, 0xC7, 0xDE, 0x00, 0xF1, 0x07, 0xBC, 0x79, 0xFF, 0xC7, 0xFC, 0x1F, 0x80, 0x01,
    0xCE, 0x01, 0xEF, 0x00, 0xF7, 0x00, 0x7F, 0x80, 0xFF, 0xC0, 0xFF, 0xF0, 0xFF, 0xFC, 0xFE, 0x7E,
    0x7E, 0x1F, 0xFE, 0x07, 0xFF, 0x00, 0x1F, 0x80, 0x0F, 0xC0, 0x07, 0xE0, 0x03, 0xF0, 0x01, 0xF8,
    0x0C, 0xFC, 0x0F, 0xBF, 0x0F, 0xDF, 0xFF, 0xC7, 0xFF, 0xC1, 0xFF, 0xC0, 0xFF, 0xC0, 0x73, 0x80,
    0x39, 0xC0, 0x1C, 0xE0, 0x00, 0x1F, 0xFF, 0xF8, 0xFF, 0xFF, 0xC7, 0xFF, 0xFE, 0x3F, 0xFF, 0xF1,
    0xFF, 0xFF, 0x8F, 0xC0, 0x00, 0x7E, 0x00, 0x03, 0xF0, 0x00, 0x1F, 0x80, 0x00, 0xFC, 0x00, 0x07,
    0xFF, 0xE0, 0x3F, 0xFF, 0x81, 0xFF, 0xFC, 0x0F, 0xFF, 0xE0, 0x7F, 0xFF, 0x03, 0xF0, 0x00, 0x1F,
    0x80, 0x00, 0xFC, 0x00, 0x3F, 0xFF, 0x01, 0xFF, 0xF8, 0x0F, 0xFF, 0xC0, 0x0F, 0xC0, 0x00, 0x7E,
    0x00, 0x03, 0xF0, 0x00, 0x1F, 0x80, 0x00, 0x00, 0x00, 0x00, 0x0F, 0xF0, 0x01, 0xFF, 0xE0, 0x1F,
    0xFF, 0x81, 0xFF, 0xFE, 0x0F, 0xF3, 0xF0, 0x7F, 0x0F, 0x03, 0xF0, 0x00, 0x1F, 0x80, 0x00, 0xFE,
    0x00, 0x3F, 0xFF, 0x81, 0xFF, 0xFC, 0x0F, 0xFF, 0xC0, 0x07, 0xE0, 0x00, 0x3F, 0x80, 0x1F, 0xFF,
    0xC0, 0xFF, 0xFE, 0x07, 0xFF, 0xE0, 0x03, 0xF0, 0x00, 0x1F, 0x81, 0xE1, 0xF8, 0x1F, 0xBF, 0xFF,
    0xFB, 0xFF, 0xFF, 0xDF, 0xFF, 0xFC, 0xFF, 0xFF, 0xC7, 0xFF, 0xFC, 0x00, 0x1F, 0x80, 0x1F, 0x07,
    0xF0, 0x07, 0xC1, 0xFC, 0x01, 0xF0, 0x7F, 0x80, 0x7C, 0x1F, 0xF0, 0x1F, 0x07, 0xFC, 0x07, 0xC1,
    0xFF, 0x81, 0xF3, 0xFF, 0xFF, 0xFF, 0xFF, 0xFF, 0xFF, 0xFF, 0xFF, 0xFF, 0xF1, 0xFF, 0xF1, 0xF0,
    0x7D, 0xFE, 0x7C, 0x1F, 0x3F, 0x9F, 0x07, 0xCF, 0xF7, 0xCF, 0xFF, 0xFF, 0xFF, 0xFF, 0xFF, 0xFF,
    0xFF, 0xFF, 0xFF, 0xDF, 0xFF, 0xFF, 0xE1, 0xF0, 0x3F, 0xF0, 0x7C, 0x07, 0xFC, 0x1F, 0x01, 0xFF,
    0x07, 0xC0, 0x3F, 0xC1, 0xF0, 0x07, 0xF0, 0x7C, 0x00, 0xFC, 0x1F, 0x00, 0x3F, 0x00, 0xFF, 0xF0,
    0x00, 0x00, 0x03, 0xFF, 0xF0, 0x00, 0x00, 0x0F, 0xFF, 0xE0, 0x00, 0x00, 0x3F, 0xFF, 0xC0, 0x00,
    0x00, 0xFF, 0xFF, 0x80, 0x00, 0x03, 0xF0, 0x7E, 0x00, 0x00, 0x0F, 0xC1, 0xF8, 0x00, 0x00, 0x3F,
    0x03, 0xEF, 0x00, 0x00, 0xFC, 0x0F, 0xFC, 0x00, 0x03, 0xF0, 0x7F, 0xF0, 0x00, 0x0F, 0xC3, 0xFF,
    0xC0, 0x00, 0x3F, 0xFF, 0xFF, 0xE1, 0xF0, 0xFF, 0xFF, 0xFF, 0x9F, 0xF3, 0xFF, 0xFF, 0xFE, 0xFF,
    0xEF, 0xFF, 0xFF, 0xFB, 0xFF, 0xBF, 0xFC, 0x1F, 0x1F, 0x0C, 0xFC, 0x00, 0x7C, 0x7F, 0x03, 0xF0,
    0x01, 0xF0, 0xFF, 0x8F, 0xC0, 0x07, 0xC1, 0xFF, 0xBF, 0x00, 0x1F, 0x03, 0xFF, 0xFC, 0x00, 0x7C,
    0x00, 0xFF, 0xF0, 0x01, 0xF1, 0xE1, 0xFF, 0xC0, 0x07, 0xFF, 0xFF, 0xFF, 0x00, 0x1F, 0xFF, 0xFE,
    0xFC, 0x00, 0x3F, 0xBF, 0xF0, 0x00, 0x00, 0x3C, 0x1F, 0x00, 0x1F, 0x80, 0x3E, 0x00, 0xF8, 0x7E,
    0x01, 0xFC, 0x03, 0xE1, 0xFC, 0x07, 0xF0, 0x1F, 0x87, 0xF0, 0x1F, 0xC0, 0x7E, 0xFF, 0xFF, 0xFF,
    0xFF, 0xFF, 0xFF, 0xFF, 0xFF, 0xFF, 0xFF, 0xFF, 0xFF, 0xFF, 0xFF, 0xC3, 0xF8, 0x3F, 0xF0, 0xFC,
    0x07, 0xE1, 0xFF, 0xC3, 0xE3, 0xFF, 0xFF, 0xFF, 0xFF, 0xFF, 0xFF, 0xFF, 0xFF, 0xFF, 0xFF, 0xFF,
    0xFF, 0xFF, 0xFF, 0xFF, 0xFF, 0xFF, 0xFF, 0xFC, 0x0F, 0xEF, 0x9F, 0xBF, 0x00, 0x1F, 0xBE, 0x7F,
    0xF8, 0x00, 0x7F, 0xF8, 0xFF, 0xE0, 0x01, 0xFF, 0xC3, 0xFF, 0x80, 0x07, 0xFF, 0x0F, 0xFC, 0x00,
    0x0F, 0xFC, 0x3F, 0xF0, 0x00, 0x3F, 0xE0, 0x7F, 0xC0, 0x00, 0xFF, 0x81, 0xFF, 0x00, 0x01, 0xFE,
    0x07, 0xF8, 0x00, 0x07, 0xF8, 0x0F, 0xE0, 0x00, 0x1F, 0xC0, 0x3F, 0x80, 0x00, 0x3F, 0x00, 0xFC,
    0x00, 0x00, 0x1F, 0x00, 0x07, 0xC0, 0x1F, 0xFC, 0x07, 0xFF, 0x01, 0xFF, 0x80, 0xE7, 0xC0, 0xFD,
    0xF0, 0x7F, 0xFC, 0x3F, 0xFF, 0x1F, 0x8F, 0xC7, 0xC1, 0xF1, 0xF0, 0x7C, 0x7C, 0x1F, 0x1F, 0x07,
    0xC7, 0xC1, 0xF1, 0xF0, 0x7C, 0x7C, 0x3F, 0x1F, 0xDF, 0xC3, 0xFF, 0xF0, 0x7F, 0xFC, 0x0F, 0x9E,
    0x00, 0x00, 0x03, 0xFF, 0xF0, 0xFF, 0xFC, 0x3F, 0xFF, 0x00, 0x00, 0x00, 0x00, 0x00, 0xFF, 0x80,
    0x0F, 0xFF, 0x00, 0x7F, 0xFE, 0x03, 0xFF, 0xFC, 0x1F, 0xF3, 0xE0, 0x7F, 0x07, 0x03, 0xF8, 0x00,
    0x0F, 0xE0, 0x01, 0xFF, 0xFC, 0x0F, 0xFF, 0xF0, 0x3F, 0xFF, 0xC0, 0x7F, 0xFE, 0x00, 0x7F, 0x00,
    0x01, 0xFC, 0x00, 0x1F, 0xFF, 0xC0, 0xFF, 0xFF, 0x01, 0xFF, 0xFC, 0x00, 0xFE, 0x00, 0x03, 0xF8,
    0x00, 0x07, 0xF0, 0x30, 0x1F, 0xF3, 0xE0, 0x3F, 0xFF, 0xC0, 0x7F, 0xFF, 0x00, 0xFF, 0xF0, 0x01,
    0xFF, 0x80, 0x00, 0xF0, 0x00, 0x1F, 0xC0, 0x3F, 0x07, 0xF0, 0x1F, 0xC1, 0xFC, 0x0F, 0xE0, 0x7F,
    0x07, 0xF0, 0x1F, 0xC1, 0xF8, 0x07, 0xF0, 0xFC, 0x01, 0xFC, 0x7E, 0x00, 0x7F, 0x3F, 0x80, 0x1F,
    0xDF, 0xC0, 0x3F, 0xF7, 0xFF, 0x8F, 0xFF, 0xFF, 0xF3, 0xFF, 0xFF, 0xFC, 0xFF, 0xFF, 0xFF, 0x07,
    0xFF, 0xFC, 0x01, 0xFF, 0xFF, 0x00, 0x7F, 0xCF, 0xE0, 0x1F, 0xE3, 0xF8, 0x07, 0xF0, 0x7F, 0x01,
    0xFC, 0x1F, 0xC0, 0x7F, 0x03, 0xF8, 0x1F, 0xC0, 0xFE, 0x07, 0xF0, 0x1F, 0xC1, 0xFC, 0x07, 0xF0,
    0x7F, 0x00, 0xFE, 0x1F, 0xC0, 0x3F, 0x80, 0xFF, 0xFF, 0xFF, 0xFF, 0xFF, 0xFF, 0xFF, 0xFF, 0xFF,
    0xFF, 0xFF, 0xFF, 0xFF, 0x80, 0xFE, 0x00, 0x07, 0xF0, 0x00, 0x3F, 0xB0, 0x01, 0xFF, 0xC0, 0x0F,
    0xFE, 0x00, 0x7F, 0xE0, 0x1F, 0xF8, 0x01, 0xFF, 0xC0, 0x0F, 0xFF, 0xE0, 0x77, 0xFF, 0x00, 0x3F,
    0xF8, 0x03, 0xFF, 0x00, 0xFF, 0xE0, 0x07, 0xFF, 0x00, 0x3F, 0xF8, 0x00, 0x1F, 0xC0, 0x00, 0xFE,
    0x00, 0x07, 0xF0, 0x00, 0x3F, 0x80, 0x01, 0xFC, 0x00, 0x1F, 0xFF, 0x00, 0x0F, 0xFF, 0xE0, 0x07,
    0xFF, 0xFC, 0x03, 0xFF, 0xFE, 0x0F, 0xFF, 0xFF, 0xFF, 0xFF, 0xFF, 0xFF, 0xFF, 0xFF, 0xFF, 0xFF,
    0xFF, 0xFF, 0xFF, 0xFF, 0xFF, 0xFF, 0xFF, 0xFF, 0xFF, 0xFF, 0xFF, 0xFF, 0xFF, 0xFF, 0xE1, 0xFF,
    0xFF, 0x00, 0xFF, 0xFF, 0x80, 0x7F, 0xFF, 0x00, 0x3F, 0xFE, 0x00, 0x1F, 0x80, 0x00, 0x0F, 0xC0,
    0x00, 0x07, 0xE0, 0x00, 0x03, 0xF0, 0x00, 0x01, 0xF8, 0x00, 0x00, 0xFC, 0x00, 0x00, 0x7E, 0x00,
    0x00, 0x3F, 0x00, 0x00, 0x1F, 0x80, 0x00, 0x00, 0x00, 0x3C, 0x00, 0x00, 0x78, 0x00, 0x07, 0xFE,
    0x00, 0x3F, 0xFE, 0x00, 0xFF, 0xFF, 0x03, 0xFF, 0xFF, 0x0F, 0xFF, 0xFE, 0x1F, 0xDE, 0xFE, 0x7F,
    0x3C, 0xFC, 0xFE, 0x79, 0xF9, 0xF8, 0xF3, 0xC7, 0xF1, 0xE0, 0x0F, 0xE3, 0xC0, 0x1F, 0xC7, 0x80,
    0x3F, 0x8F, 0xFF, 0x7F, 0x1F, 0xFF, 0xFE, 0x3F, 0xFF, 0xFC, 0x7F, 0xFF, 0xF8, 0xF3, 0xFB, 0xF9,
    0xE7, 0xF7, 0xF3, 0xCF, 0xE7, 0xF7, 0xBF, 0xCF, 0xFF, 0xFF, 0x8F, 0xFF, 0xFF, 0x0F, 0xFF, 0xFE,
    0x0F, 0xFF, 0xBC, 0x0F, 0xFC, 0x38, 0x03, 0xE0, 0x00, 0x03, 0xC0, 0x00, 0x07, 0x80, 0x00, 0x00,
    0x00, 0x00, 0x3F, 0xF0, 0x03, 0xFF, 0xE0, 0x7F, 0xFF, 0x83, 0xFF, 0xFE, 0x1F, 0x83, 0xF0, 0x38,
    0x0F, 0xC0, 0x00, 0x7E, 0x00, 0x03, 0xE7, 0xFF, 0xFF, 0xBF, 0xFF, 0xFF, 0xFF, 0xFF, 0xFF, 0xFF,
    0xFF, 0x01, 0xFE, 0x00, 0x1F, 0xC0, 0x1F, 0xFF, 0xFF, 0xFF, 0xFF, 0xFF, 0xFF, 0xFF, 0x8F, 0x80,
    0x00, 0xFC, 0x01, 0x07, 0xF0, 0x1C, 0x1F, 0x81, 0xF0, 0xFF, 0xFF, 0xC3, 0xFF, 0xFC, 0x0F, 0xFF,
    0xC0, 0x3F, 0xF8, 0x00, 0x3E, 0x00, 0x00, 0x38, 0x00, 0x00, 0x78, 0x00, 0x07, 0xFC, 0x00, 0x3F,
    0xFE, 0x00, 0xFF, 0xFE, 0x03, 0xFF, 0xFE, 0x0F, 0xFF, 0xFE, 0x1F, 0xDE, 0xFE, 0x7F, 0x3D, 0xFC,
    0xFE, 0x79, 0xF9, 0xF8, 0xF3, 0xE7, 0xF1, 0xE0, 0x0F, 0xE3, 0xC0, 0x1F, 0xC7, 0x80, 0x3F, 0x8F,
    0x00, 0x7F, 0x1E, 0x00, 0xFE, 0x3C, 0x01, 0xFC, 0x78, 0x01, 0xF8, 0xF1, 0xC3, 0xF9, 0xE3, 0xE7,
    0xF3, 0xCF, 0xC7, 0xF7, 0xBF, 0x8F, 0xFF, 0xFE, 0x0F, 0xFF, 0xFC, 0x0F, 0xFF, 0xF0, 0x0F, 0xFF,
    0xC0, 0x0F, 0xFE, 0x00, 0x03, 0xE0, 0x00, 0x03, 0xC0, 0x00, 0x07, 0x00, 0x00, 0xFF, 0xFF, 0xFF,
    0xFF, 0xFF, 0xFF, 0xFF, 0xFF, 0xFF, 0xFF, 0xFF, 0xFF, 0xFF, 0x80, 0x00, 0x03, 0xFF, 0xFF, 0xFF,
    0xFF, 0xFF, 0xFF, 0xFF, 0xFF, 0xFF, 0xFF, 0xDF, 0xFF, 0xFC, 0x03, 0xF8, 0x00, 0x1F, 0xC0, 0x00,
    0xFE, 0x00, 0x07, 0xF0, 0x00, 0x3F, 0x80, 0x01, 0xFC, 0x00, 0x0F, 0xE0, 0x00, 0x7F, 0x00, 0x03,
    0xF8, 0x00, 0x1F, 0xC0, 0x00, 0xFE, 0x00, 0x07, 0xF0, 0x00, 0x3F, 0x80, 0x01, 0xFC, 0x00, 0xFF,
    0xFF, 0xFF, 0xFF, 0xFF, 0xFF, 0xFF, 0xFE, 0x00, 0xFF, 0x80, 0x01, 0xFC, 0x7F, 0xFF, 0xFF, 0xFF,
    0xFF, 0xFF, 0xFF, 0xFF, 0x00, 0x1F, 0xC0, 0x00, 0xFE, 0x3F, 0xFF, 0xF1, 0xFF, 0xFF, 0x0F, 0xFF,
    0xF0, 0x7F, 0xFE, 0x01, 0xFF, 0xF0, 0x00, 0x1F, 0xC0, 0x00, 0xFE, 0x00, 0x03, 0xF0, 0x00, 0x1F,
    0xC0, 0x00, 0xFE, 0x00, 0x03, 0xF8, 0x00, 0x1F, 0xC0, 0x00, 0x7E, 0x00, 0x03, 0xF8, 0x00, 0x1F,
    0xC0, 0x0F, 0xE0, 0x00, 0x3F, 0x80, 0x00, 0xFE, 0x00, 0x03, 0xF8, 0x00, 0x0F, 0xE0, 0x00, 0x3F,
    0x98, 0x00, 0xFF, 0xE0, 0x03, 0xFF, 0x80, 0x0F, 0xFE, 0x00, 0xFF, 0xC0, 0x0F, 0xFE, 0x00, 0x3F,
    0xFB, 0xC0, 0x7F, 0xFF, 0x00, 0x3F, 0xFC, 0x00, 0xFF, 0xC0, 0x1F, 0xF8, 0x1C, 0x7F, 0xE0, 0xFD,
    0xFF, 0x83, 0xF2, 0xFE, 0x1F, 0x83, 0xF8, 0xFE, 0x0F, 0xFF, 0xF0, 0x3F, 0xFF, 0x80, 0xFF, 0xFC,
    0x03, 0xFF, 0xE0, 0x0F, 0xFE, 0x00, 0x00, 0xF0, 0x00, 0x07, 0x80, 0x00, 0x3C, 0x00, 0x03, 0xF0,
    0x00, 0x7F, 0xF0, 0x0F, 0xFF, 0xC0, 0xFF, 0xFF, 0x07, 0xFF, 0xFC, 0x7F, 0xFF, 0xE3, 0xE7, 0xBF,
    0xBF, 0x3C, 0xFD, 0xF1, 0xE7, 0xEF, 0x8F, 0x3F, 0xFC, 0x79, 0xFF, 0xE3, 0xCF, 0xFF, 0x1E, 0x7F,
    0xF8, 0xF3, 0xFF, 0xC7, 0x9F, 0xFE, 0x3C, 0xFF, 0xF1, 0xE7, 0xFF, 0x8F, 0x3F, 0xFC, 0x79, 0xFF,
    0xE3, 0xCF, 0xFF, 0x1E, 0x7F, 0xF8, 0x03, 0xFF, 0xC0, 0x1F, 0xFE, 0x00, 0xFF, 0xF0, 0x03, 0xE0,
    0x1F, 0xFF, 0xC0, 0x1F, 0xFF, 0xF0, 0x1F, 0xFF, 0xF8, 0x1F, 0xFF, 0xFC, 0x1F, 0xFF, 0xFE, 0x1F,
    0xC0, 0xFE, 0x1F, 0xC0, 0x7F, 0x1F, 0xC0, 0x7F, 0x1F, 0xC0, 0x7F, 0x1F, 0xC0, 0x7F, 0x1F, 0xC0,
    0xFE, 0x7F, 0xFF, 0xFE, 0xFF, 0xFF, 0xFC, 0xFF, 0xFF, 0xF8, 0xFF, 0xFF, 0xF0, 0xFF, 0xFF, 0xC0,
    0x1F, 0xC0, 0x00, 0x1F, 0xC0, 0x00, 0xFF, 0xFE, 0x00, 0xFF, 0xFE, 0x00, 0xFF, 0xFE, 0x00, 0x1F,
    0xC0, 0x00, 0x1F, 0xC0, 0x00, 0x1F, 0xC0, 0x00, 0x1F, 0x80, 0x00, 0x1E, 0x00, 0x07, 0x80, 0x7E,
    0x00, 0x07, 0x00, 0xFE, 0x00, 0x0F, 0x00, 0xFE, 0x00, 0x1E, 0x00, 0xDE, 0x00, 0x1C, 0x00, 0x1E,
    0x00, 0x3C, 0x00, 0x1E, 0x00, 0x78, 0x00, 0x1E, 0x00, 0x70, 0x00, 0x1E, 0x00, 0xF0, 0x00, 0x1E,
    0x01, 0xE3, 0xF0, 0x1E, 0x01, 0xCF, 0xFC, 0x1E, 0x03, 0xDF, 0xFE, 0x1E, 0x07, 0x8E, 0x3E, 0xFF,
    0xC7, 0x04, 0x1E, 0xFF, 0xCF, 0x00, 0x1E, 0xFF, 0xDE, 0x01, 0xFC, 0x00, 0x1C, 0x03, 0xF8, 0x00,
    0x3C, 0x03, 0xFC, 0x00, 0x78, 0x03, 0xFE, 0x00, 0x70, 0x00, 0x1E, 0x00, 0xF0, 0x00, 0x1F, 0x01,
    0xE0, 0x1C, 0x1F, 0x01, 0xC0, 0x3F, 0xFE, 0x03, 0xC0, 0x1F, 0xFE, 0x07, 0x80, 0x0F, 0xFC, 0x01,
    0x00, 0x01, 0xE0, 0x00, 0x00, 0x00, 0x00, 0x3F, 0x80, 0x07, 0x81, 0xFF, 0x80, 0x1E, 0x07, 0xFF,
    0x80, 0x78, 0x0F, 0x1F, 0x00, 0xF0, 0x0C, 0x1E, 0x03, 0xC0, 0x00, 0x3C, 0x0F, 0x00, 0x00, 0xF8,
    0x1E, 0x00, 0x03, 0xE0, 0x78, 0x00, 0x0F, 0x81, 0xE0, 0x00, 0x3E, 0x03, 0xDF, 0x80, 0xF8, 0x0F,
    0xFF, 0xC3, 0xE0, 0x3F, 0xFF, 0x8F, 0xFE, 0x7F, 0x8F, 0xBF, 0xFD, 0xE6, 0x0F, 0x7F, 0xFB, 0x80,
    0x3E, 0xFF, 0xFF, 0x03, 0xF8, 0x00, 0x3C, 0x0F, 0xE0, 0x00, 0x70, 0x1F, 0xE0, 0x01, 0xE0, 0x3F,
    0xE0, 0x07, 0x80, 0x03, 0xC0, 0x0E, 0x00, 0x07, 0x80, 0x3C, 0x0E, 0x0F, 0x00, 0xF0, 0x3F, 0xFE,
    0x01, 0xC0, 0x3F, 0xFC, 0x07, 0x80, 0x3F, 0xE0, 0x00, 0x00, 0x0F, 0x00, 0x1E, 0x00, 0x07, 0x80,
    0xFC, 0x00, 0x1E, 0x03, 0xF8, 0x00, 0x3C, 0x07, 0xF0, 0x00, 0xF0, 0x0D, 0xE0, 0x03, 0xC0, 0x03,
    0xC0, 0x07, 0x80, 0x07, 0x80, 0x1E, 0x00, 0x0F, 0x00, 0x78, 0x00, 0x1E, 0x00, 0xF0, 0x00, 0x3C,
    0x03, 0xC7, 0xC0, 0x78, 0x0F, 0x3F, 0xE0, 0xF0, 0x1E, 0xFF, 0xE1, 0xE0, 0x79, 0xE3, 0xDF, 0xF9,
    0xE7, 0xC3, 0xFF, 0xF3, 0xCF, 0x87, 0xFF, 0xEF, 0x0F, 0xFE, 0x00, 0x3C, 0x1F, 0xF8, 0x00, 0x78,
    0x1F, 0xF8, 0x01, 0xE0, 0x7F, 0xF8, 0x07, 0x81, 0xE3, 0xF0, 0x0F, 0x03, 0xC1, 0xE0, 0x3C, 0x07,
    0x83, 0xC0, 0xF0, 0x0F, 0xDF, 0x81, 0xE0, 0x0F, 0xFE, 0x07, 0x80, 0x0F, 0xF8, 0x00, 0x00, 0x07,
    0xC0, 0x00, 0x00, 0x00, 0x00, 0x1F, 0xE0, 0x00, 0xE0, 0x1F, 0xFC, 0x00, 0xF0, 0x0F, 0xFE, 0x00,
    0xF0, 0x07, 0x0F, 0x00, 0x70, 0x00, 0x07, 0x80, 0x78, 0x00, 0x07, 0xC0, 0x78, 0x00, 0x1F, 0xC0,
    0x38, 0x00, 0x0F, 0xC0, 0x3C, 0x00, 0x07, 0xF8, 0x3C, 0x00, 0x00, 0x7E, 0x1C, 0x3E, 0x00, 0x1F,
    0x1E, 0x7F, 0xC6, 0x07, 0x9E, 0x7F, 0xF7, 0x87, 0xCE, 0x3C, 0x7B, 0xFF, 0xCF, 0x3C, 0x1E, 0xFF,
    0xEF, 0x1F, 0x0E, 0x3F, 0xC7, 0x0F, 0xFF, 0x00, 0x07, 0x83, 0xFF, 0x00, 0x07, 0x80, 0xFF, 0xC0,
    0x03, 0x80, 0xFF, 0xF0, 0x03, 0xC0, 0xF1, 0xF8, 0x03, 0xC0, 0x78, 0x3C, 0x01, 0xC0, 0x3C, 0x1E,
    0x01, 0xE0, 0x1F, 0xBF, 0x01, 0xE0, 0x07, 0xFF, 0x00, 0xF0, 0x01, 0xFF, 0x00, 0x20, 0x00, 0x3C,
    0x00, 0x7F, 0xF0, 0x01, 0xE0, 0x3F, 0xF8, 0x01, 0xE0, 0x1F, 0xFC, 0x00, 0xE0, 0x0F, 0xFC, 0x00,
    0xF0, 0x07, 0x80, 0x00, 0xF0, 0x03, 0x9C, 0x00, 0x70, 0x01, 0xFF, 0x80, 0x78, 0x00, 0xFF, 0xE0,
    0x78, 0x00, 0x7F, 0xF8, 0x38, 0x00, 0x08, 0x3C, 0x3C, 0x7C, 0x00, 0x1E, 0x3C, 0xFF, 0x84, 0x0F,
    0x1C, 0xFF, 0xEF, 0x0F, 0x9E, 0x78, 0xF7, 0xFF, 0xDE, 0x7C, 0x3D, 0xFF, 0xCE, 0x3E, 0x1E, 0x3F,
    0x8F, 0x0F, 0xFE, 0x00, 0x0F, 0x07, 0xFE, 0x00, 0x07, 0x01, 0xFF, 0x80, 0x07, 0x81, 0xFF, 0xE0,
    0x07, 0x81, 0xE3, 0xF0, 0x03, 0x80, 0xF0, 0x78, 0x03, 0xC0, 0x78, 0x3C, 0x03, 0xC0, 0x3F, 0x7E,
    0x01, 0xC0, 0x0F, 0xFE, 0x01, 0xE0, 0x03, 0xFE, 0x00, 0x00, 0x00, 0x7C, 0x00, 0xFF, 0xF0, 0x0F,
    0x03, 0xFF, 0xC0, 0x78, 0x0F, 0xFF, 0x03, 0xC0, 0x3F, 0xF8, 0x0F, 0x00, 0x01, 0xE0, 0x78, 0x00,
    0x0F, 0x03, 0xC0, 0x00, 0x3C, 0x0F, 0x00, 0x01, 0xE0, 0x78, 0x00, 0x07, 0x83, 0xC0, 0x00, 0x3C,
    0x0F, 0x1F, 0x00, 0xF0, 0x79, 0xFF, 0x07, 0xC3, 0xCF, 0xFE, 0x1F, 0x0F, 0x7C, 0x78, 0x78, 0x79,
    0xE0, 0xE3, 0xE1, 0xC7, 0xC7, 0x8F, 0x8F, 0x1F, 0xFE, 0x00, 0x78, 0x3F, 0xF0, 0x01, 0xC0, 0x7F,
    0xE0, 0x0F, 0x03, 0xFF, 0x80, 0x78, 0x1E, 0x3F, 0x01, 0xC0, 0x78, 0x3C, 0x0F, 0x01, 0xE0, 0xF0,
    0x78, 0x07, 0xEF, 0xC1, 0xC0, 0x1F, 0xFE, 0x0F, 0x00, 0x1F, 0xF0, 0x00, 0x00, 0x1E, 0x00, 0x00,
    0x00, 0x07, 0xFC, 0x07, 0xFF, 0xC1, 0xFF, 0xF8, 0x7F, 0xFF, 0x1C, 0x1F, 0xC0, 0x01, 0xF8, 0x00,
    0x3E, 0x00, 0x0F, 0xC0, 0x01, 0xF0, 0x7E, 0x7C, 0x7F, 0xFF, 0x3F, 0xFF, 0xDF, 0xFF, 0xFF, 0xE1,
    0xFF, 0xF0, 0x3F, 0xFC, 0x0F, 0xFE, 0x03, 0xFF, 0x80, 0xFF, 0xE0, 0x3F, 0xFC, 0x1F, 0xBF, 0x0F,
    0xE7, 0xFF, 0xF1, 0xFF, 0xFC, 0x3F, 0xFE, 0x03, 0xFE, 0x00, 0x3E, 0x00, 0x00, 0xC0, 0x01, 0xFE,
    0xE0, 0xFF, 0xFC, 0x7F, 0xFE, 0x3C, 0x1F, 0x1E, 0x0F, 0xC7, 0x07, 0xF9, 0xC3, 0xCE, 0x71, 0xE3,
    0x9C, 0xF0, 0xE7, 0x78, 0x39, 0xFC, 0x1C, 0x3E, 0x0F, 0x1F, 0xCF, 0x8F, 0xFF, 0xC3, 0xDF, 0xE0,
    0x61, 0xE0, 0x00, 0x00, 0xFE, 0x00, 0x03, 0xF8, 0x00, 0x1F, 0xE0, 0x00, 0x7F, 0xC0, 0x01, 0xFF,
    0x00, 0x0F, 0xFE, 0x00, 0x3F, 0xF8, 0x01, 0xFB, 0xE0, 0x07, 0xEF, 0xC0, 0x1F, 0x3F, 0x00, 0xFC,
    0xFC, 0x03, 0xF1, 0xF8, 0x0F, 0x87, 0xE0, 0x7E, 0x1F, 0x81, 0xF8, 0x3F, 0x07, 0xC0, 0xFC, 0x3F,
    0x03, 0xF8, 0xFC, 0x07, 0xE3, 0xE0, 0x1F, 0x9F, 0x80, 0x7F, 0x7F, 0xFF, 0xFF, 0xFF, 0xFF, 0xFF,
    0xFF, 0xFF, 0xFF, 0xFF, 0xFF, 0xFF, 0xFF, 0xFC, 0xFF, 0xFF, 0xFF, 0xFF, 0xFF, 0xFF, 0xFF, 0xFF,
    0xFF, 0xFF, 0xFF, 0xFF, 0xFF, 0xFF, 0xE3, 0xF0, 0x7E, 0x07, 0xE0, 0xFC, 0x0F, 0xC1, 0xF8, 0x1F,
    0x83, 0xF0, 0x3F, 0x07, 0xE0, 0x7E, 0x0F, 0xC0, 0xFC, 0x1F, 0x81, 0xF8, 0x3F, 0x03, 0xF0, 0x7E,
    0x07, 0xE0, 0xFC, 0x0F, 0xC1, 0xF8, 0x1F, 0x83, 0xF0, 0x3F, 0x07, 0xE0, 0x7E, 0x0F, 0xC0, 0xFC,
    0x1F, 0x81, 0xF8, 0x3F, 0x03, 0xF0, 0x7E, 0x07, 0xE0, 0xFC, 0x0F, 0xC1, 0xF8, 0x1F, 0x83, 0xF0,
    0x7F, 0xFF, 0xCF, 0xFF, 0xF9, 0xFF, 0xFF, 0x3F, 0xFF, 0xE7, 0xFF, 0xFC, 0x7F, 0x00, 0x07, 0xF0,
    0x00, 0x7F, 0x00, 0x0F, 0xF0, 0x00, 0xFF, 0x00, 0x0F, 0xE0, 0x01, 0xFE, 0x00, 0x1F, 0xC0, 0x03,
    0xF8, 0x00, 0xFE, 0x00, 0x3F, 0x80, 0x0F, 0xE0, 0x01, 0xF8, 0x00, 0x7F, 0x00, 0x1F, 0xC0, 0x07,
    0xFF, 0xFC, 0xFF, 0xFF, 0xFF, 0xFF, 0xFF, 0xFF, 0xFF, 0xFF, 0xFF, 0xE0, 0x7F, 0xFF, 0xFF, 0xFF,
    0xFF, 0xFF, 0xFF, 0xFF, 0xF7, 0xFF, 0xF8, 0x00, 0xF0, 0x07, 0x80, 0x3C, 0x03, 0xC0, 0x1E, 0x00,
    0xF0, 0x0F, 0x00, 0x78, 0x07, 0xC0, 0x3C, 0x01, 0xE0, 0x1F, 0x00, 0xF0, 0x07, 0x80, 0x7C, 0x03,
    0xC0, 0x1E, 0x01, 0xF0, 0x0F, 0x00, 0x78, 0x07, 0xC0, 0x3C, 0x01, 0xE0, 0x1F, 0x00, 0xF0, 0x07,
    0x80, 0x00, 0x3E, 0x3F, 0xBF, 0xFF, 0xFF, 0xFF, 0xFF, 0xFE, 0xFE, 0x3E, 0x00, 0x00, 0x00, 0x1E,
    0x00, 0x00, 0x3E, 0x00, 0x00, 0x3E, 0x00, 0x00, 0x3E, 0x00, 0x00, 0x3E, 0x00, 0x00, 0x7C, 0x00,
    0x00, 0x7C, 0x00, 0x00, 0x7C, 0x00, 0x00, 0x7C, 0x00, 0x00, 0xF8, 0x00, 0x00, 0xF8, 0x00, 0x00,
    0xF8, 0x00, 0x00, 0xF8, 0x00, 0x01, 0xF0, 0x00, 0x01, 0xF0, 0x00, 0x01, 0xF0, 0x06, 0x01, 0xF0,
    0x3F, 0x03, 0xE0, 0xFF, 0x03, 0xE0, 0xFF, 0x03, 0xE0, 0x7F, 0x83, 0xC0, 0x4F, 0x87, 0xC0, 0x0F,
    0x87, 0xC0, 0x07, 0xC7, 0xC0, 0x07, 0xC7, 0x80, 0x03, 0xEF, 0x80, 0x03, 0xEF, 0x80, 0x03, 0xEF,
    0x80, 0x01, 0xFF, 0x00, 0x01, 0xFF, 0x00, 0x01, 0xFF, 0x00, 0x00, 0xFF, 0x00, 0x00, 0xFE, 0x00,
    0x00, 0xFE, 0x00, 0x00, 0x7E, 0x00, 0x07, 0x00, 0x70, 0x0F, 0xE0, 0xFE, 0x1F, 0xF8, 0xFF, 0x8F,
    0xFE, 0xFF, 0xEF, 0x8F, 0xF9, 0xF7, 0x83, 0xF8, 0x7B, 0xC0, 0xF8, 0x3D, 0xE0, 0xFC, 0x1E, 0xF8,
    0xFF, 0x0F, 0x7F, 0xFF, 0xFF, 0x9F, 0xFD, 0xFF, 0x87, 0xFC, 0x7F, 0xC1, 0xF8, 0x1F, 0x80, 0x00,
    0x7C, 0x01, 0xFE, 0x03, 0xFE, 0x03, 0xFE, 0x07, 0xFE, 0x07, 0xE4, 0x07, 0xC0, 0x07, 0xC0, 0x0F,
    0xC0, 0x0F, 0xC0, 0x07, 0xC0, 0x07, 0xC0, 0x07, 0xC0, 0x07, 0xC0, 0x07, 0xC0, 0x07, 0xC0, 0x07,
    0xC0, 0x07, 0xC0, 0x07, 0xC0, 0x07, 0xE0, 0x07, 0xE0, 0x07, 0xE0, 0x07, 0xE0, 0x07, 0xE0, 0x07,
    0xE0, 0x07, 0xE0, 0x07, 0xE0, 0x07, 0xE0, 0x07, 0xE0, 0x07, 0xE0, 0x7F, 0xC0, 0xFF, 0xC0, 0xFF,
    0x80, 0xFF, 0x80, 0xFE, 0x00, 0x00, 0x00, 0x07, 0xE0, 0x63, 0xFE, 0x3D, 0xFF, 0xFF, 0x7F, 0xFF,
    0x9C, 0x1F, 0xC2, 0x01, 0xE0, 0x00, 0x00, 0x0F, 0x01, 0x8F, 0xF0, 0xE7, 0xFF, 0xFD, 0xFF, 0xFE,
    0x70, 0xFF, 0x98, 0x0F, 0x80, 0x00, 0x0C, 0x00, 0x0F, 0x00, 0x07, 0x00, 0x03, 0x80, 0x03, 0x87,
    0xFF, 0xFF, 0xFF, 0xFF, 0xFF, 0xFF, 0xFF, 0xFF, 0xBF, 0xFF, 0x80, 0x78, 0x00, 0x38, 0x00, 0x1C,
    0x07, 0xFF, 0xFF, 0xFF, 0xFF, 0xFF, 0xFF, 0xFF, 0xFF, 0x87, 0x80, 0x03, 0x80, 0x03, 0xC0, 0x01,
    0xC0, 0x00, 0xE0, 0x00, 0x00, 0x00, 0x00, 0x03, 0xC0, 0x07, 0xE0, 0x1F, 0xF0, 0x7F, 0xF8, 0xFF,
    0xF9, 0xFF, 0xE1, 0xFF, 0xC0, 0xFF, 0x00, 0x7F, 0xC0, 0x3F, 0xF8, 0x0F, 0xFF, 0x81, 0xFF, 0xF0,
    0x1F, 0xFC, 0x03, 0xFE, 0x00, 0x3F, 0x00, 0x03, 0x80, 0x00, 0x00, 0x00, 0x1F, 0xFF, 0xFF, 0xFF,
    0xFF, 0xFF, 0xFF, 0xFF, 0xFE, 0x00, 0x00, 0x38, 0x00, 0x1F, 0x80, 0x0F, 0xF0, 0x07, 0xFF, 0x01,
    0xFF, 0xF0, 0x3F, 0xFE, 0x03, 0xFF, 0x00, 0x7F, 0x80, 0x3F, 0xC0, 0xFF, 0xE1, 0xFF, 0xF7, 0xFF,
    0xC3, 0xFF, 0x81, 0xFE, 0x00, 0xF8, 0x00, 0x70, 0x00, 0x00, 0x00, 0x00, 0x00, 0x1F, 0xFF, 0xFF,
    0xFF, 0xFF, 0xFF, 0xFF, 0xFF, 0xFE, 0x03, 0xF9, 0xF8, 0x3F, 0xCF, 0xC3, 0xFE, 0x7E, 0x1F, 0xF3,
    0xF0, 0xFC, 0x1F, 0x87, 0xC0, 0x78, 0x3E, 0x00, 0x1F, 0xFF, 0x3F, 0xFF, 0xF9, 0xFF, 0xFF, 0xCF,
    0xFF, 0xFE, 0x7E, 0x1F, 0x03, 0xF0, 0xF8, 0x1F, 0x87, 0xC0, 0xFC, 0x3E, 0x07, 0xE1, 0xF0, 0x3F,
    0x0F, 0x81, 0xF8, 0x7C, 0x0F, 0xC3, 0xE0, 0x7E, 0x1F, 0x03, 0xF0, 0xF8, 0x1F, 0x87, 0xC0, 0xFC,
    0x3E, 0x07, 0xE1, 0xF0, 0x3F, 0x0F, 0x81, 0xF8, 0x03, 0xF9, 0xF8, 0x3F, 0xCF, 0xC3, 0xFE, 0x7E,
    0x1F, 0xF3, 0xF0, 0xFC, 0x1F, 0x87, 0xC0, 0xFC, 0x3E, 0x07, 0xFF, 0xFF, 0x3F, 0xFF, 0xF9, 0xFF,
    0xFF, 0xCF, 0xFF, 0xFE, 0x7E, 0x1F, 0x03, 0xF0, 0xF8, 0x1F, 0x87, 0xC0, 0xFC, 0x3E, 0x07, 0xE1,
    0xF0, 0x3F, 0x0F, 0x81, 0xF8, 0x7C, 0x0F, 0xC3, 0xE0, 0x7E, 0x1F, 0x03, 0xF0, 0xF8, 0x1F, 0x87,
    0xC0, 0xFC, 0x3E, 0x07, 0xE1, 0xF0, 0x3F, 0x0F, 0x81, 0xF8,
};

static const EpdGlyph librefranklin_8_bold_2xGlyphs[] = {
    { 0, 0, 110, 0, 0, 0, 0 }, // U+0020
    { 7, 25, 141, 1, 25, 22, 0 }, // !
    { 14, 10, 250, 1, 25, 18, 22 }, // "
    { 20, 26, 322, 0, 25, 65, 40 }, // #
    { 21, 30, 349, 0, 27, 79, 105 }, // $
    { 30, 27, 503, 1, 26, 102, 184 }, // %
    { 26, 27, 447, 1, 26, 88, 286 }, // &
    { 6, 10, 132, 1, 25, 8, 374 }, // '
    { 9, 31, 167, 1, 25, 35, 382 }, // (
    { 9, 31, 167, 0, 25, 35, 417 }, // )
    { 15, 14, 248, 0, 25, 27, 452 }, // *
    { 17, 17, 311, 1, 21, 37, 479 }, // +
    { 6, 12, 135, 1, 6, 9, 516 }, // ,
    { 11, 5, 203, 1, 11, 7, 525 }, // -
    { 6, 6, 134, 1, 6, 5, 532 }, // .
    { 13, 26, 195, 0, 25, 43, 537 }, // /
    { 22, 27, 378, 1, 26, 75, 580 }, // 0
    { 15, 25, 271, 1, 25, 47, 655 }, // 1
    { 20, 26, 343, 1, 26, 65, 702 }, // 2
    { 21, 27, 356, 0, 26, 71, 767 }, // 3
    { 21, 25, 367, 1, 25, 66, 838 }, // 4
    { 21, 26, 360, 1, 25, 69, 904 }, // 5
    { 21, 27, 365, 1, 26, 71, 973 }, // 6
    { 19, 25, 330, 1, 25, 60, 1044 }, // 7
    { 21, 27, 364, 1, 26, 71, 1104 }, // 8
    { 21, 27, 365, 1, 26, 71, 1175 }, // 9
    { 6, 18, 134, 1, 18, 14, 1246 }, // :
    { 6, 24, 138, 1, 18, 18, 1260 }, // ;
    { 17, 17, 308, 1, 20, 37, 1278 }, // <
    { 17, 12, 311, 1, 18, 26, 1315 }, // =
    { 17, 17, 308, 1, 20, 37, 1341 }, // >
    { 17, 26, 286, 0, 26, 56, 1378 }, // ?
    { 27, 27, 445, 1, 23, 92, 1434 }, // @
    { 24, 25, 411, 1, 25, 75, 1526 }, // A
    { 21, 25, 386, 2, 25, 66, 1601 }, // B
    { 23, 27, 387, 1, 26, 78, 1667 }, // C
    { 22, 25, 400, 2, 25, 69, 1745 }, // D
    { 19, 25, 349, 2, 25, 60, 1814 }, // E
    { 18, 25, 336, 2, 25, 57, 1874 }, // F
    { 23, 27, 401, 1, 26, 78, 1931 }, // G
    { 21, 25, 400, 2, 25, 66, 2009 }, // H
    { 7, 25, 168, 2, 25, 22, 2075 }, // I
    { 12, 26, 238, 1, 25, 39, 2097 }, // J
    { 22, 25, 397, 2, 25, 69, 2136 }, // K
    { 18, 25, 334, 2, 25, 57, 2205 }, // L
    { 28, 25, 506, 2, 25, 88, 2262 }, // M
    { 21, 25, 405, 2, 25, 66, 2350 }, // N
    { 24, 27, 413, 1, 26, 81, 2416 }, // O
    { 21, 25, 381, 2, 25, 66, 2497 }, // P
    { 24, 31, 413, 1, 26, 93, 2563 }, // Q
    { 21, 25, 385, 2, 25, 66, 2656 }, // R
    { 21, 27, 361, 1, 26, 71, 2722 }, // S
    { 21, 25, 363, 1, 25, 66, 2793 }, // T
    { 20, 26, 384, 2, 25, 65, 2859 }, // U
    { 23, 25, 391, 1, 25, 72, 2924 }, // V
    { 35, 25, 578, 1, 25, 110, 2996 }, // W
    { 24, 25, 389, 0, 25, 75, 3106 }, // X
    { 24, 25, 392, 0, 25, 75, 3181 }, // Y
    { 21, 25, 363, 1, 25, 66, 3256 }, // Z
    { 9, 31, 169, 2, 25, 35, 3322 }, // [
    { 14, 26, 195, -1, 25, 46, 3357 }, // <backslash>
    { 9, 31, 169, 0, 25, 35, 3403 }, // ]
    { 15, 15, 253, 0, 19, 29, 3438 }, // ^
    { 16, 4, 290, 1, -1, 8, 3467 }, // _
    { 10, 7, 163, 0, 26, 9, 3475 }, // `
    { 17, 19, 300, 0, 18, 41, 3484 }, // a
    { 19, 26, 325, 1, 25, 62, 3525 }, // b
    { 17, 19, 294, 1, 18, 41, 3587 }, // c
    { 18, 26, 325, 1, 25, 59, 3628 }, // d
    { 18, 19, 312, 1, 18, 43, 3687 }, // e
    { 13, 25, 214, 0, 25, 41, 3730 }, // f
    { 21, 25, 338, 0, 19, 66, 3771 }, // g
    { 18, 25, 318, 1, 25, 57, 3837 }, // h
    { 7, 25, 141, 1, 25, 22, 3894 }, // i
    { 10, 31, 141, -2, 25, 39, 3916 }, // j
    { 19, 25, 322, 1, 25, 60, 3955 }, // k
    { 6, 25, 142, 1, 25, 19, 4015 }, // l
    { 28, 19, 490, 1, 19, 67, 4034 }, // m
    { 18, 18, 318, 1, 18, 41, 4101 }, // n
    { 18, 19, 319, 1, 18, 43, 4142 }, // o
    { 19, 24, 325, 1, 18, 57, 4185 }, // p
    { 18, 25, 325, 1, 19, 57, 4242 }, // q
    { 13, 18, 227, 1, 18, 30, 4299 }, // r
    { 17, 19, 283, 0, 18, 41, 4329 }, // s
    { 14, 24, 230, 0, 24, 42, 4370 }, // t
    { 17, 19, 316, 1, 18, 41, 4412 }, // u
    { 19, 18, 306, 0, 18, 43, 4453 }, // v
    { 27, 18, 436, 0, 18, 61, 4496 }, // w
    { 20, 18, 315, 0, 18, 45, 4557 }, // x
    { 19, 24, 302, 0, 18, 57, 4602 }, // y
    { 17, 18, 277, 0, 18, 39, 4659 }, // z
    { 12, 31, 195, 0, 25, 47, 4698 }, // {
    { 5, 35, 134, 2, 29, 22, 4745 }, // |
    { 13, 31, 195, 0, 25, 51, 4767 }, // }
    { 18, 7, 325, 1, 16, 16, 4818 }, // ~
    { 0, 0, 110, 0, 0, 0, 4834 }, // U+00A0
    { 7, 24, 141, 1, 18, 21, 4834 }, // U+00A1
    { 17, 25, 298, 1, 25, 54, 4855 }, // U+00A2
    { 21, 26, 344, 0, 26, 69, 4909 }, // U+00A3
    { 17, 18, 307, 1, 21, 39, 4978 }, // U+00A4
    { 24, 25, 351, -1, 25, 75, 5017 }, // U+00A5
    { 5, 35, 134, 2, 29, 22, 5092 }, // U+00A6
    { 17, 29, 270, 0, 26, 62, 5114 }, // U+00A7
    { 12, 5, 191, 0, 25, 8, 5176 }, // U+00A8
    { 26, 27, 443, 1, 26, 88, 5184 }, // U+00A9
    { 12, 13, 209, 0, 26, 20, 5272 }, // U+00AA
    { 14, 14, 260, 1, 16, 25, 5292 }, // U+00AB
    { 17, 10, 311, 1, 15, 22, 5317 }, // U+00AC
    { 17, 17, 291, 1, 26, 37, 5339 }, // U+00AE
    { 13, 4, 205, 0, 25, 7, 5376 }, // U+00AF
    { 13, 12, 247, 1, 29, 20, 5383 }, // U+00B0
    { 17, 23, 311, 1, 24, 49, 5403 }, // U+00B1
    { 13, 17, 241, 1, 30, 28, 5452 }, // U+00B2
    { 14, 17, 249, 1, 30, 30, 5480 }, // U+00B3
    { 11, 7, 163, 0, 26, 10, 5510 }, // U+00B4
    { 17, 24, 316, 1, 18, 51, 5520 }, // U+00B5
    { 18, 28, 322, 1, 25, 63, 5571 }, // U+00B6
    { 6, 6, 132, 1, 15, 5, 5634 }, // U+00B7
    { 9, 9, 139, 0, 1, 11, 5639 }, // U+00B8
    { 10, 16, 196, 1, 28, 20, 5650 }, // U+00B9
    { 12, 13, 213, 1, 26, 20, 5670 }, // U+00BA
    { 14, 14, 259, 1, 16, 25, 5690 }, // U+00BB
    { 30, 26, 502, 1, 25, 98, 5715 }, // U+00BC
    { 31, 26, 529, 1, 25, 101, 5813 }, // U+00BD
    { 32, 27, 539, 1, 26, 108, 5914 }, // U+00BE
    { 18, 24, 284, 0, 18, 54, 6022 }, // U+00BF
    { 24, 33, 411, 1, 33, 99, 6076 }, // U+00C0
    { 24, 33, 411, 1, 33, 99, 6175 }, // U+00C1
    { 24, 32, 411, 1, 32, 96, 6274 }, // U+00C2
    { 24, 32, 411, 1, 32, 96, 6370 }, // U+00C3
    { 24, 32, 411, 1, 32, 96, 6466 }, // U+00C4
    { 24, 34, 411, 1, 34, 102, 6562 }, // U+00C5
    { 34, 25, 576, 1, 25, 107, 6664 }, // U+00C6
    { 23, 34, 387, 1, 26, 98, 6771 }, // U+00C7
    { 19, 33, 349, 2, 33, 79, 6869 }, // U+00C8
    { 19, 33, 349, 2, 33, 79, 6948 }, // U+00C9
    { 19, 32, 349, 2, 32, 76, 7027 }, // U+00CA
    { 19, 32, 349, 2, 32, 76, 7103 }, // U+00CB
    { 11, 33, 168, 0, 33, 46, 7179 }, // U+00CC
    { 11, 33, 168, 0, 33, 46, 7225 }, // U+00CD
    { 13, 32, 168, -1, 32, 52, 7271 }, // U+00CE
    { 12, 32, 168, -1, 32, 48, 7323 }, // U+00CF
    { 25, 25, 408, 0, 25, 79, 7371 }, // U+00D0
    { 21, 32, 405, 2, 32, 84, 7450 }, // U+00D1
    { 24, 34, 413, 1, 33, 102, 7534 }, // U+00D2
    { 24, 34, 413, 1, 33, 102, 7636 }, // U+00D3
    { 24, 33, 413, 1, 32, 99, 7738 }, // U+00D4
    { 24, 33, 413, 1, 32, 99, 7837 }, // U+00D5
    { 24, 33, 413, 1, 32, 99, 7936 }, // U+00D6
    { 17, 17, 307, 1, 21, 37, 8035 }, // U+00D7
    { 26, 27, 407, 0, 26, 88, 8072 }, // U+00D8
    { 20, 34, 384, 2, 33, 85, 8160 }, // U+00D9
    { 20, 34, 384, 2, 33, 85, 8245 }, // U+00DA
    { 20, 33, 384, 2, 32, 83, 8330 }, // U+00DB
    { 20, 33, 384, 2, 32, 83, 8413 }, // U+00DC
    { 24, 33, 392, 0, 33, 99, 8496 }, // U+00DD
    { 21, 25, 386, 2, 25, 66, 8595 }, // U+00DE
    { 21, 26, 346, 0, 25, 69, 8661 }, // U+00DF
    { 17, 27, 300, 0, 26, 58, 8730 }, // U+00E0
    { 17, 27, 300, 0, 26, 58, 8788 }, // U+00E1
    { 17, 26, 300, 0, 25, 56, 8846 }, // U+00E2
    { 17, 26, 300, 0, 25, 56, 8902 }, // U+00E3
    { 17, 26, 300, 0, 25, 56, 8958 }, // U+00E4
    { 17, 28, 300, 0, 27, 60, 9014 }, // U+00E5
    { 30, 19, 487, 0, 18, 72, 9074 }, // U+00E6
    { 17, 26, 294, 1, 18, 56, 9146 }, // U+00E7
    { 18, 27, 312, 1, 26, 61, 9202 }, // U+00E8
    { 18, 27, 312, 1, 26, 61, 9263 }, // U+00E9
    { 18, 26, 312, 1, 25, 59, 9324 }, // U+00EA
    { 18, 26, 312, 1, 25, 59, 9383 }, // U+00EB
    { 11, 26, 141, -1, 26, 36, 9442 }, // U+00EC
    { 11, 26, 141, -1, 26, 36, 9478 }, // U+00ED
    { 13, 25, 141, -2, 25, 41, 9514 }, // U+00EE
    { 13, 25, 141, -2, 25, 41, 9555 }, // U+00EF
    { 18, 27, 319, 1, 26, 61, 9596 }, // U+00F0
    { 18, 25, 318, 1, 25, 57, 9657 }, // U+00F1
    { 18, 27, 319, 1, 26, 61, 9714 }, // U+00F2
    { 18, 27, 319, 1, 26, 61, 9775 }, // U+00F3
    { 18, 26, 319, 1, 25, 59, 9836 }, // U+00F4
    { 18, 26, 319, 1, 25, 59, 9895 }, // U+00F5
    { 18, 26, 319, 1, 25, 59, 9954 }, // U+00F6
    { 17, 19, 311, 1, 22, 41, 10013 }, // U+00F7
    { 20, 19, 318, 0, 18, 48, 10054 }, // U+00F8
    { 17, 27, 316, 1, 26, 58, 10102 }, // U+00F9
    { 17, 27, 316, 1, 26, 58, 10160 }, // U+00FA
    { 17, 26, 316, 1, 25, 56, 10218 }, // U+00FB
    { 17, 26, 316, 1, 25, 56, 10274 }, // U+00FC
    { 19, 32, 302, 0, 26, 76, 10330 }, // U+00FD
    { 19, 31, 324, 1, 25, 74, 10406 }, // U+00FE
    { 19, 31, 302, 0, 25, 74, 10480 }, // U+00FF
    { 24, 32, 411, 1, 32, 96, 10554 }, // U+0100
    { 17, 26, 300, 0, 25, 56, 10650 }, // U+0101
    { 24, 32, 411, 1, 32, 96, 10706 }, // U+0102
    { 17, 26, 300, 0, 25, 56, 10802 }, // U+0103
    { 24, 31, 411, 1, 25, 93, 10858 }, // U+0104
    { 18, 24, 300, 0, 18, 54, 10951 }, // U+0105
    { 23, 34, 387, 1, 33, 98, 11005 }, // U+0106
    { 17, 27, 294, 1, 26, 58, 11103 }, // U+0107
    { 23, 33, 387, 1, 32, 95, 11161 }, // U+0108
    { 17, 26, 294, 1, 25, 56, 11256 }, // U+0109
    { 23, 33, 387, 1, 32, 95, 11312 }, // U+010A
    { 17, 26, 294, 1, 25, 56, 11407 }, // U+010B
    { 23, 33, 387, 1, 32, 95, 11463 }, // U+010C
    { 17, 26, 294, 1, 25, 56, 11558 }, // U+010D
    { 22, 32, 400, 2, 32, 88, 11614 }, // U+010E
    { 24, 26, 325, 1, 25, 78, 11702 }, // U+010F
    { 25, 25, 408, 0, 25, 79, 11780 }, // U+0110
    { 20, 26, 330, 1, 25, 65, 11859 }, // U+0111
    { 19, 32, 349, 2, 32, 76, 11924 }, // U+0112
    { 18, 26, 312, 1, 25, 59, 12000 }, // U+0113
    { 19, 32, 349, 2, 32, 76, 12059 }, // U+0114
    { 18, 26, 312, 1, 25, 59, 12135 }, // U+0115
    { 19, 32, 349, 2, 32, 76, 12194 }, // U+0116
    { 18, 26, 312, 1, 25, 59, 12270 }, // U+0117
    { 19, 31, 349, 2, 25, 74, 12329 }, // U+0118
    { 18, 24, 312, 1, 18, 54, 12403 }, // U+0119
    { 19, 32, 349, 2, 32, 76, 12457 }, // U+011A
    { 18, 26, 312, 1, 25, 59, 12533 }, // U+011B
    { 23, 33, 401, 1, 32, 95, 12592 }, // U+011C
    { 21, 31, 338, 0, 25, 82, 12687 }, // U+011D
    { 23, 33, 401, 1, 32, 95, 12769 }, // U+011E
    { 21, 31, 338, 0, 25, 82, 12864 }, // U+011F
    { 23, 33, 401, 1, 32, 95, 12946 }, // U+0120
    { 21, 31, 338, 0, 25, 82, 13041 }, // U+0121
    { 23, 35, 401, 1, 26, 101, 13123 }, // U+0122
    { 21, 33, 338, 0, 27, 87, 13224 }, // U+0123
    { 21, 32, 400, 2, 32, 84, 13311 }, // U+0124
    { 21, 31, 318, -2, 31, 82, 13395 }, // U+0125
    { 26, 25, 412, 0, 25, 82, 13477 }, // U+0126
    { 19, 25, 319, 0, 25, 60, 13559 }, // U+0127
    { 13, 32, 168, -1, 32, 52, 13619 }, // U+0128
    { 13, 25, 141, -2, 25, 41, 13671 }, // U+0129
    { 13, 32, 168, -1, 32, 52, 13712 }, // U+012A
    { 13, 25, 141, -2, 25, 41, 13764 }, // U+012B
    { 13, 32, 168, -1, 32, 52, 13805 }, // U+012C
    { 13, 25, 141, -2, 25, 41, 13857 }, // U+012D
    { 8, 31, 168, 1, 25, 31, 13898 }, // U+012E
    { 9, 31, 141, -1, 25, 35, 13929 }, // U+012F
    { 7, 32, 168, 2, 32, 28, 13964 }, // U+0130
    { 6, 18, 141, 1, 18, 14, 13992 }, // U+0131
    { 22, 26, 406, 2, 25, 72, 14006 }, // U+0132
    { 15, 31, 283, 1, 25, 59, 14078 }, // U+0133
    { 14, 33, 238, 1, 32, 58, 14137 }, // U+0134
    { 13, 31, 141, -2, 25, 51, 14195 }, // U+0135
    { 22, 34, 397, 2, 25, 94, 14246 }, // U+0136
    { 19, 34, 322, 1, 25, 81, 14340 }, // U+0137
    { 19, 18, 322, 1, 18, 43, 14421 }, // U+0138
    { 19, 33, 334, 1, 33, 79, 14464 }, // U+0139
    { 11, 33, 142, -1, 33, 46, 14543 }, // U+013A
    { 18, 34, 334, 2, 25, 77, 14589 }, // U+013B
    { 6, 34, 142, 1, 25, 26, 14666 }, // U+013C
    { 18, 25, 334, 2, 25, 57, 14692 }, // U+013D
    { 12, 25, 142, 1, 25, 38, 14749 }, // U+013E
    { 18, 25, 334, 2, 25, 57, 14787 }, // U+013F
    { 13, 25, 213, 1, 25, 41, 14844 }, // U+0140
    { 20, 25, 334, 0, 25, 63, 14885 }, // U+0141
    { 11, 25, 175, 0, 25, 35, 14948 }, // U+0142
    { 21, 33, 405, 2, 33, 87, 14983 }, // U+0143
    { 18, 26, 318, 1, 26, 59, 15070 }, // U+0144
    { 21, 34, 405, 2, 25, 90, 15129 }, // U+0145
    { 18, 27, 318, 1, 18, 61, 15219 }, // U+0146
    { 21, 32, 405, 2, 32, 84, 15280 }, // U+0147
    { 18, 25, 318, 1, 25, 57, 15364 }, // U+0148
    { 22, 25, 318, -3, 25, 69, 15421 }, // U+0149
    { 21, 31, 405, 2, 25, 82, 15490 }, // U+014A
    { 18, 24, 320, 1, 18, 54, 15572 }, // U+014B
    { 24, 33, 413, 1, 32, 99, 15626 }, // U+014C
    { 18, 26, 319, 1, 25, 59, 15725 }, // U+014D
    { 24, 33, 413, 1, 32, 99, 15784 }, // U+014E
    { 18, 26, 319, 1, 25, 59, 15883 }, // U+014F
    { 24, 34, 413, 1, 33, 102, 15942 }, // U+0150
    { 18, 27, 319, 1, 26, 61, 16044 }, // U+0151
    { 36, 27, 602, 1, 26, 122, 16105 }, // U+0152
    { 31, 19, 514, 1, 18, 74, 16227 }, // U+0153
    { 21, 33, 385, 2, 33, 87, 16301 }, // U+0154
    { 13, 26, 227, 1, 26, 43, 16388 }, // U+0155
    { 21, 34, 385, 2, 25, 90, 16431 }, // U+0156
    { 13, 27, 227, 1, 18, 44, 16521 }, // U+0157
    { 21, 32, 385, 2, 32, 84, 16565 }, // U+0158
    { 13, 25, 227, 1, 25, 41, 16649 }, // U+0159
    { 21, 34, 361, 1, 33, 90, 16690 }, // U+015A
    { 17, 27, 283, 0, 26, 58, 16780 }, // U+015B
    { 21, 33, 361, 1, 32, 87, 16838 }, // U+015C
    { 17, 26, 283, 0, 25, 56, 16925 }, // U+015D
    { 21, 34, 361, 1, 26, 90, 16981 }, // U+015E
    { 17, 26, 283, 0, 18, 56, 17071 }, // U+015F
    { 21, 33, 361, 1, 32, 87, 17127 }, // U+0160
    { 17, 26, 283, 0, 25, 56, 17214 }, // U+0161
    { 21, 33, 363, 1, 25, 87, 17270 }, // U+0162
    { 14, 32, 230, 0, 24, 56, 17357 }, // U+0163
    { 21, 32, 363, 1, 32, 84, 17413 }, // U+0164
    { 15, 27, 230, 0, 27, 51, 17497 }, // U+0165
    { 21, 25, 363, 1, 25, 66, 17548 }, // U+0166
    { 14, 24, 230, 0, 24, 42, 17614 }, // U+0167
    { 20, 33, 384, 2, 32, 83, 17656 }, // U+0168
    { 17, 26, 316, 1, 25, 56, 17739 }, // U+0169
    { 20, 33, 384, 2, 32, 83, 17795 }, // U+016A
    { 17, 26, 316, 1, 25, 56, 17878 }, // U+016B
    { 20, 33, 384, 2, 32, 83, 17934 }, // U+016C
    { 17, 26, 316, 1, 25, 56, 18017 }, // U+016D
    { 20, 35, 384, 2, 34, 88, 18073 }, // U+016E
    { 17, 28, 316, 1, 27, 60, 18161 }, // U+016F
    { 20, 34, 384, 2, 33, 85, 18221 }, // U+0170
    { 17, 27, 316, 1, 26, 58, 18306 }, // U+0171
    { 20, 31, 384, 2, 25, 78, 18364 }, // U+0172
    { 18, 24, 316, 1, 18, 54, 18442 }, // U+0173
    { 35, 32, 578, 1, 32, 140, 18496 }, // U+0174
    { 27, 25, 436, 0, 25, 85, 18636 }, // U+0175
    { 24, 32, 392, 0, 32, 96, 18721 }, // U+0176
    { 19, 31, 302, 0, 25, 74, 18817 }, // U+0177
    { 24, 32, 392, 0, 32, 96, 18891 }, // U+0178
    { 21, 33, 363, 1, 33, 87, 18987 }, // U+0179
    { 17, 26, 277, 0, 26, 56, 19074 }, // U+017A
    { 21, 32, 363, 1, 32, 84, 19130 }, // U+017B
    { 17, 25, 277, 0, 25, 54, 19214 }, // U+017C
    { 21, 32, 363, 1, 32, 84, 19268 }, // U+017D
    { 17, 25, 277, 0, 25, 54, 19352 }, // U+017E
    { 24, 28, 413, 1, 27, 84, 19406 }, // U+01A0
    { 18, 21, 319, 1, 20, 48, 19490 }, // U+01A1
    { 25, 28, 384, 2, 27, 88, 19538 }, // U+01AF
    { 21, 21, 316, 1, 20, 56, 19626 }, // U+01B0
    { 44, 32, 753, 2, 32, 176, 19682 }, // U+01C4
    { 40, 25, 678, 2, 25, 125, 19858 }, // U+01C5
    { 36, 26, 602, 1, 25, 117, 19983 }, // U+01C6
    { 32, 26, 573, 2, 25, 104, 20100 }, // U+01C7
    { 26, 31, 476, 2, 25, 101, 20204 }, // U+01C8
    { 15, 31, 284, 1, 25, 59, 20305 }, // U+01C9
    { 37, 26, 644, 2, 25, 121, 20364 }, // U+01CA
    { 31, 31, 547, 2, 25, 121, 20485 }, // U+01CB
    { 26, 31, 459, 1, 25, 101, 20606 }, // U+01CC
    { 23, 33, 401, 1, 32, 95, 20707 }, // U+01E6
    { 21, 31, 338, 0, 25, 82, 20802 }, // U+01E7
    { 24, 32, 413, 1, 26, 96, 20884 }, // U+01EA
    { 18, 24, 319, 1, 18, 54, 20980 }, // U+01EB
    { 44, 25, 753, 2, 25, 138, 21034 }, // U+01F1
    { 40, 25, 678, 2, 25, 125, 21172 }, // U+01F2
    { 36, 26, 602, 1, 25, 117, 21297 }, // U+01F3
    { 23, 34, 401, 1, 33, 98, 21414 }, // U+01F4
    { 21, 32, 338, 0, 26, 84, 21512 }, // U+01F5
    { 24, 33, 367, 0, 33, 99, 21596 }, // U+01FA
    { 17, 34, 300, 0, 33, 73, 21695 }, // U+01FB
    { 34, 33, 576, 1, 33, 141, 21768 }, // U+01FC
    { 30, 27, 487, 0, 26, 102, 21909 }, // U+01FD
    { 26, 34, 407, 0, 33, 111, 22011 }, // U+01FE
    { 20, 27, 318, 0, 26, 68, 22122 }, // U+01FF
    { 24, 33, 411, 1, 33, 99, 22190 }, // U+0200
    { 17, 27, 300, 0, 26, 58, 22289 }, // U+0201
    { 24, 32, 411, 1, 32, 96, 22347 }, // U+0202
    { 17, 26, 300, 0, 25, 56, 22443 }, // U+0203
    { 19, 33, 349, 2, 33, 79, 22499 }, // U+0204
    { 18, 27, 312, 1, 26, 61, 22578 }, // U+0205
    { 19, 32, 349, 2, 32, 76, 22639 }, // U+0206
    { 18, 26, 312, 1, 25, 59, 22715 }, // U+0207
    { 15, 33, 168, -3, 33, 62, 22774 }, // U+0208
    { 15, 26, 141, -4, 26, 49, 22836 }, // U+0209
    { 13, 32, 168, -1, 32, 52, 22885 }, // U+020A
    { 13, 25, 141, -2, 25, 41, 22937 }, // U+020B
    { 24, 34, 413, 1, 33, 102, 22978 }, // U+020C
    { 18, 27, 319, 1, 26, 61, 23080 }, // U+020D
    { 24, 33, 413, 1, 32, 99, 23141 }, // U+020E
    { 18, 26, 319, 1, 25, 59, 23240 }, // U+020F
    { 21, 33, 385, 2, 33, 87, 23299 }, // U+0210
    { 15, 26, 227, -1, 26, 49, 23386 }, // U+0211
    { 21, 32, 385, 2, 32, 84, 23435 }, // U+0212
    { 13, 25, 227, 1, 25, 41, 23519 }, // U+0213
    { 20, 34, 384, 2, 33, 85, 23560 }, // U+0214
    { 17, 27, 316, 1, 26, 58, 23645 }, // U+0215
    { 20, 33, 384, 2, 32, 83, 23703 }, // U+0216
    { 17, 26, 316, 1, 25, 56, 23786 }, // U+0217
    { 21, 35, 361, 1, 26, 92, 23842 }, // U+0218
    { 17, 27, 283, 0, 18, 58, 23934 }, // U+0219
    { 21, 34, 363, 1, 25, 90, 23992 }, // U+021A
    { 14, 33, 230, 0, 24, 58, 24082 }, // U+021B
    { 10, 7, 0, 0, 26, 9, 24140 }, // U+0300
    { 11, 7, 0, 0, 26, 10, 24149 }, // U+0301
    { 13, 5, 0, 0, 25, 9, 24159 }, // U+0302
    { 12, 5, 0, 1, 25, 8, 24168 }, // U+0303
    { 13, 4, 0, 0, 25, 7, 24176 }, // U+0304
    { 13, 5, 0, 0, 25, 9, 24183 }, // U+0306
    { 6, 6, 0, 0, 25, 5, 24192 }, // U+0307
    { 12, 5, 0, 0, 25, 8, 24197 }, // U+0308
    { 7, 8, 0, 6, 27, 7, 24205 }, // U+0309
    { 8, 8, 0, 0, 27, 8, 24212 }, // U+030A
    { 14, 8, 0, 0, 26, 14, 24220 }, // U+030B
    { 13, 5, 0, 0, 25, 9, 24234 }, // U+030C
    { 15, 8, 0, 0, 26, 15, 24243 }, // U+030F
    { 13, 5, 0, 0, 25, 9, 24258 }, // U+0311
    { 5, 7, 0, 1, 26, 5, 24267 }, // U+0312
    { 7, 5, 0, 16, 20, 5, 24272 }, // U+031B
    { 5, 5, 0, 0, -1, 4, 24277 }, // U+0323
    { 12, 5, 0, 0, -2, 8, 24281 }, // U+0324
    { 4, 8, 0, 0, -1, 4, 24289 }, // U+0326
    { 9, 9, 0, 0, 1, 11, 24293 }, // U+0327
    { 8, 7, 0, 0, 1, 7, 24304 }, // U+0328
    { 13, 5, 0, 1, -1, 9, 24311 }, // U+032E
    { 12, 5, 0, 3, -1, 8, 24320 }, // U+0331
    { 15, 5, 0, 1, 11, 10, 24328 }, // U+0335
    { 22, 25, 364, 0, 25, 69, 24338 }, // U+0394
    { 24, 26, 409, 1, 26, 78, 24407 }, // U+03A9
    { 17, 24, 316, 1, 18, 51, 24485 }, // U+03BC
    { 22, 18, 358, 0, 18, 50, 24536 }, // U+03C0
    { 19, 33, 349, 2, 33, 79, 24586 }, // U+0400
    { 19, 32, 349, 2, 32, 76, 24665 }, // U+0401
    { 26, 26, 442, 1, 25, 85, 24741 }, // U+0402
    { 18, 33, 322, 2, 33, 75, 24826 }, // U+0403
    { 23, 27, 387, 1, 26, 78, 24901 }, // U+0404
    { 21, 27, 361, 1, 26, 71, 24979 }, // U+0405
    { 7, 25, 168, 2, 25, 22, 25050 }, // U+0406
    { 12, 32, 168, -1, 32, 48, 25072 }, // U+0407
    { 12, 26, 238, 1, 25, 39, 25120 }, // U+0408
    { 36, 26, 579, 0, 25, 117, 25159 }, // U+0409
    { 34, 25, 593, 2, 25, 107, 25276 }, // U+040A
    { 26, 25, 442, 1, 25, 82, 25383 }, // U+040B
    { 21, 33, 384, 2, 33, 87, 25465 }, // U+040C
    { 22, 33, 423, 2, 33, 91, 25552 }, // U+040D
    { 23, 33, 358, 0, 32, 95, 25643 }, // U+040E
    { 20, 30, 389, 2, 25, 75, 25738 }, // U+040F
    { 24, 25, 411, 1, 25, 75, 25813 }, // U+0410
    { 21, 25, 387, 2, 25, 66, 25888 }, // U+0411
    { 21, 25, 386, 2, 25, 66, 25954 }, // U+0412
    { 18, 25, 322, 2, 25, 57, 26020 }, // U+0413
    { 25, 30, 433, 1, 25, 94, 26077 }, // U+0414
    { 19, 25, 349, 2, 25, 60, 26171 }, // U+0415
    { 33, 25, 559, 1, 25, 104, 26231 }, // U+0416
    { 21, 27, 359, 1, 26, 71, 26335 }, // U+0417
    { 22, 25, 423, 2, 25, 69, 26406 }, // U+0418
    { 22, 32, 423, 2, 32, 88, 26475 }, // U+0419
    { 21, 25, 384, 2, 25, 66, 26563 }, // U+041A
    { 23, 26, 406, 0, 25, 75, 26629 }, // U+041B
    { 28, 25, 506, 2, 25, 88, 26704 }, // U+041C
    { 21, 25, 408, 2, 25, 66, 26792 }, // U+041D
    { 24, 27, 413, 1, 26, 81, 26858 }, // U+041E
    { 21, 25, 408, 2, 25, 66, 26939 }, // U+041F
    { 21, 25, 381, 2, 25, 66, 27005 }, // U+0420
    { 23, 27, 387, 1, 26, 78, 27071 }, // U+0421
    { 21, 25, 363, 1, 25, 66, 27149 }, // U+0422
    { 23, 26, 358, 0, 25, 75, 27215 }, // U+0423
    { 32, 27, 538, 1, 26, 108, 27290 }, // U+0424
    { 24, 25, 389, 0, 25, 75, 27398 }, // U+0425
    { 23, 30, 421, 2, 25, 87, 27473 }, // U+0426
    { 20, 25, 387, 2, 25, 63, 27560 }, // U+0427
    { 30, 25, 538, 2, 25, 94, 27623 }, // U+0428
    { 33, 30, 568, 2, 25, 124, 27717 }, // U+0429
    { 26, 25, 447, 1, 25, 82, 27841 }, // U+042A
    { 28, 25, 513, 2, 25, 88, 27923 }, // U+042B
    { 21, 25, 379, 2, 25, 66, 28011 }, // U+042C
    { 23, 27, 392, 1, 26, 78, 28077 }, // U+042D
    { 33, 27, 578, 2, 26, 112, 28155 }, // U+042E
    { 21, 25, 389, 1, 25, 66, 28267 }, // U+042F
    { 17, 19, 300, 0, 18, 41, 28333 }, // U+0430
    { 19, 27, 331, 1, 26, 65, 28374 }, // U+0431
    { 17, 18, 314, 2, 18, 39, 28439 }, // U+0432
    { 13, 18, 245, 2, 18, 30, 28478 }, // U+0433
    { 20, 22, 325, 0, 18, 55, 28508 }, // U+0434
    { 18, 19, 312, 1, 18, 43, 28563 }, // U+0435
    { 27, 18, 466, 1, 18, 61, 28606 }, // U+0436
    { 17, 19, 302, 1, 18, 41, 28667 }, // U+0437
    { 17, 18, 334, 2, 18, 39, 28708 }, // U+0438
    { 17, 25, 334, 2, 25, 54, 28747 }, // U+0439
    { 18, 18, 319, 1, 18, 41, 28801 }, // U+043A
    { 19, 19, 330, 0, 18, 46, 28842 }, // U+043B
    { 21, 18, 398, 2, 18, 48, 28888 }, // U+043C
    { 17, 18, 329, 2, 18, 39, 28936 }, // U+043D
    { 18, 19, 319, 1, 18, 43, 28975 }, // U+043E
    { 17, 18, 329, 2, 18, 39, 29018 }, // U+043F
    { 19, 24, 325, 1, 18, 57, 29057 }, // U+0440
    { 17, 19, 294, 1, 18, 41, 29114 }, // U+0441
    { 17, 18, 272, 0, 18, 39, 29155 }, // U+0442
    { 19, 24, 302, 0, 18, 57, 29194 }, // U+0443
    { 27, 31, 464, 1, 25, 105, 29251 }, // U+0444
    { 20, 18, 315, 0, 18, 45, 29356 }, // U+0445
    { 19, 22, 340, 2, 18, 53, 29401 }, // U+0446
    { 18, 18, 322, 1, 18, 41, 29454 }, // U+0447
    { 24, 18, 448, 2, 18, 54, 29495 }, // U+0448
    { 27, 22, 464, 2, 18, 75, 29549 }, // U+0449
    { 22, 18, 357, 0, 18, 50, 29624 }, // U+044A
    { 23, 18, 420, 2, 18, 52, 29674 }, // U+044B
    { 16, 18, 302, 2, 18, 36, 29726 }, // U+044C
    { 18, 19, 298, 0, 18, 43, 29762 }, // U+044D
    { 26, 19, 459, 2, 18, 62, 29805 }, // U+044E
    { 17, 18, 311, 1, 18, 39, 29867 }, // U+044F
    { 18, 27, 312, 1, 26, 61, 29906 }, // U+0450
    { 18, 26, 312, 1, 25, 59, 29967 }, // U+0451
    { 19, 31, 333, 0, 25, 74, 30026 }, // U+0452
    { 13, 26, 245, 2, 26, 43, 30100 }, // U+0453
    { 17, 19, 299, 1, 18, 41, 30143 }, // U+0454
    { 17, 19, 283, 0, 18, 41, 30184 }, // U+0455
    { 7, 25, 141, 1, 25, 22, 30225 }, // U+0456
    { 13, 25, 141, -2, 25, 41, 30247 }, // U+0457
    { 10, 31, 141, -2, 25, 39, 30288 }, // U+0458
    { 29, 19, 475, 0, 18, 69, 30327 }, // U+0459
    { 27, 18, 475, 2, 18, 61, 30396 }, // U+045A
    { 19, 25, 330, 0, 25, 60, 30457 }, // U+045B
    { 18, 26, 319, 1, 26, 59, 30517 }, // U+045C
    { 17, 26, 334, 2, 26, 56, 30576 }, // U+045D
    { 19, 31, 302, 0, 25, 74, 30632 }, // U+045E
    { 17, 23, 329, 2, 18, 49, 30706 }, // U+045F
    { 25, 26, 422, 1, 26, 82, 30755 }, // U+0462
    { 20, 25, 333, 0, 25, 63, 30837 }, // U+0463
    { 29, 25, 496, 1, 25, 91, 30900 }, // U+046A
    { 24, 18, 415, 1, 18, 54, 30991 }, // U+046B
    { 24, 26, 413, 1, 26, 78, 31045 }, // U+0472
    { 18, 19, 319, 1, 18, 43, 31123 }, // U+0473
    { 25, 26, 402, 1, 26, 82, 31166 }, // U+0474
    { 21, 19, 326, 0, 19, 50, 31248 }, // U+0475
    { 26, 37, 456, 2, 32, 121, 31298 }, // U+048A
    { 20, 29, 348, 2, 25, 73, 31419 }, // U+048B
    { 25, 26, 403, 0, 26, 82, 31492 }, // U+048C
    { 20, 25, 324, 0, 25, 63, 31574 }, // U+048D
    { 21, 25, 385, 2, 25, 66, 31637 }, // U+048E
    { 19, 24, 325, 1, 18, 57, 31703 }, // U+048F
    { 18, 30, 322, 2, 30, 68, 31760 }, // U+0490
    { 14, 23, 252, 2, 23, 41, 31828 }, // U+0491
    { 21, 25, 339, 0, 25, 66, 31869 }, // U+0492
    { 16, 18, 259, 0, 18, 36, 31935 }, // U+0493
    { 20, 29, 372, 2, 25, 73, 31971 }, // U+0494
    { 16, 24, 306, 2, 18, 48, 32044 }, // U+0495
    { 35, 30, 590, 1, 25, 132, 32092 }, // U+0496
    { 29, 22, 484, 1, 18, 80, 32224 }, // U+0497
    { 21, 31, 359, 1, 26, 82, 32304 }, // U+0498
    { 17, 22, 302, 1, 18, 47, 32386 }, // U+0499
    { 22, 30, 402, 2, 25, 83, 32433 }, // U+049A
    { 19, 22, 339, 2, 18, 53, 32516 }, // U+049B
    { 21, 25, 384, 2, 25, 66, 32569 }, // U+049C
    { 18, 18, 323, 2, 18, 41, 32635 }, // U+049D
    { 24, 25, 384, -1, 25, 75, 32676 }, // U+049E
    { 20, 25, 327, 0, 25, 63, 32751 }, // U+049F
    { 27, 25, 456, 1, 25, 85, 32814 }, // U+04A0
    { 23, 18, 373, 0, 18, 52, 32899 }, // U+04A1
    { 24, 30, 440, 2, 25, 90, 32951 }, // U+04A2
    { 19, 22, 349, 2, 18, 53, 33041 }, // U+04A3
    { 30, 25, 523, 2, 25, 94, 33094 }, // U+04A4
    { 24, 18, 413, 2, 18, 54, 33188 }, // U+04A5
    { 30, 26, 495, 1, 25, 98, 33242 }, // U+04A8
    { 23, 20, 379, 1, 19, 58, 33340 }, // U+04A9
    { 23, 31, 387, 1, 26, 90, 33398 }, // U+04AA
    { 17, 22, 294, 1, 18, 47, 33488 }, // U+04AB
    { 21, 30, 363, 1, 25, 79, 33535 }, // U+04AC
    { 17, 22, 272, 0, 18, 47, 33614 }, // U+04AD
    { 24, 25, 392, 0, 25, 75, 33661 }, // U+04AE
    { 19, 24, 306, 0, 18, 57, 33736 }, // U+04AF
    { 24, 25, 392, 0, 25, 75, 33793 }, // U+04B0
    { 19, 24, 306, 0, 18, 57, 33868 }, // U+04B1
    { 24, 30, 400, 0, 25, 90, 33925 }, // U+04B2
    { 20, 22, 334, 0, 18, 55, 34015 }, // U+04B3
    { 30, 30, 509, 1, 25, 113, 34070 }, // U+04B4
    { 24, 22, 386, 0, 18, 66, 34183 }, // U+04B5
    { 23, 30, 419, 2, 25, 87, 34249 }, // U+04B6
    { 20, 22, 342, 1, 18, 55, 34336 }, // U+04B7
    { 21, 25, 399, 2, 25, 66, 34391 }, // U+04B8
    { 18, 18, 333, 1, 18, 41, 34457 }, // U+04B9
    { 21, 25, 387, 2, 25, 66, 34498 }, // U+04BA
    { 18, 25, 318, 1, 25, 57, 34564 }, // U+04BB
    { 23, 30, 419, 2, 25, 87, 34621 }, // U+04BC
    { 20, 22, 342, 1, 18, 55, 34708 }, // U+04BD
    { 29, 31, 477, 0, 26, 113, 34763 }, // U+04BE
    { 24, 22, 374, -1, 18, 66, 34876 }, // U+04BF
    { 7, 25, 168, 2, 25, 22, 34942 }, // U+04C0
    { 33, 32, 559, 1, 32, 132, 34964 }, // U+04C1
    { 27, 25, 466, 1, 25, 85, 35096 }, // U+04C2
    { 21, 31, 388, 2, 25, 82, 35181 }, // U+04C3
    { 17, 24, 318, 2, 18, 51, 35263 }, // U+04C4
    { 27, 30, 439, 0, 25, 102, 35314 }, // U+04C5
    { 22, 22, 347, 0, 18, 61, 35416 }, // U+04C6
    { 21, 31, 408, 2, 25, 82, 35477 }, // U+04C7
    { 17, 24, 329, 2, 18, 51, 35559 }, // U+04C8
    { 25, 30, 438, 2, 25, 94, 35610 }, // U+04C9
    { 19, 22, 342, 2, 18, 53, 35704 }, // U+04CA
    { 23, 30, 419, 2, 25, 87, 35757 }, // U+04CB
    { 20, 22, 342, 1, 18, 55, 35844 }, // U+04CC
    { 31, 30, 543, 2, 25, 117, 35899 }, // U+04CD
    { 24, 22, 415, 2, 18, 66, 36016 }, // U+04CE
    { 6, 25, 142, 1, 25, 19, 36082 }, // U+04CF
    { 24, 32, 411, 1, 32, 96, 36101 }, // U+04D0
    { 17, 26, 300, 0, 25, 56, 36197 }, // U+04D1
    { 24, 32, 411, 1, 32, 96, 36253 }, // U+04D2
    { 17, 26, 300, 0, 25, 56, 36349 }, // U+04D3
    { 34, 25, 576, 1, 25, 107, 36405 }, // U+04D4
    { 30, 19, 487, 0, 18, 72, 36512 }, // U+04D5
    { 19, 32, 349, 2, 32, 76, 36584 }, // U+04D6
    { 18, 26, 312, 1, 25, 59, 36660 }, // U+04D7
    { 24, 27, 412, 1, 26, 81, 36719 }, // U+04D8
    { 19, 19, 312, 0, 18, 46, 36800 }, // U+04D9
    { 24, 33, 412, 1, 32, 99, 36846 }, // U+04DA
    { 19, 26, 312, 0, 25, 62, 36945 }, // U+04DB
    { 33, 32, 559, 1, 32, 132, 37007 }, // U+04DC
    { 27, 25, 466, 1, 25, 85, 37139 }, // U+04DD
    { 21, 33, 359, 1, 32, 87, 37224 }, // U+04DE
    { 17, 26, 302, 1, 25, 56, 37311 }, // U+04DF
    { 21, 26, 361, 1, 25, 69, 37367 }, // U+04E0
    { 18, 24, 288, 0, 18, 54, 37436 }, // U+04E1
    { 22, 32, 423, 2, 32, 88, 37490 }, // U+04E2
    { 17, 25, 334, 2, 25, 54, 37578 }, // U+04E3
    { 22, 32, 423, 2, 32, 88, 37632 }, // U+04E4
    { 17, 25, 334, 2, 25, 54, 37720 }, // U+04E5
    { 24, 33, 413, 1, 32, 99, 37774 }, // U+04E6
    { 18, 26, 319, 1, 25, 59, 37873 }, // U+04E7
    { 24, 26, 413, 1, 26, 78, 37932 }, // U+04E8
    { 18, 19, 319, 1, 18, 43, 38010 }, // U+04E9
    { 24, 32, 413, 1, 32, 96, 38053 }, // U+04EA
    { 18, 26, 319, 1, 25, 59, 38149 }, // U+04EB
    { 23, 33, 392, 1, 32, 95, 38208 }, // U+04EC
    { 18, 26, 298, 0, 25, 59, 38303 }, // U+04ED
    { 23, 33, 358, 0, 32, 95, 38362 }, // U+04EE
    { 19, 31, 302, 0, 25, 74, 38457 }, // U+04EF
    { 23, 33, 358, 0, 32, 95, 38531 }, // U+04F0
    { 19, 31, 302, 0, 25, 74, 38626 }, // U+04F1
    { 23, 34, 358, 0, 33, 98, 38700 }, // U+04F2
    { 19, 32, 302, 0, 26, 76, 38798 }, // U+04F3
    { 20, 32, 387, 2, 32, 80, 38874 }, // U+04F4
    { 18, 25, 322, 1, 25, 57, 38954 }, // U+04F5
    { 18, 30, 322, 2, 25, 68, 39011 }, // U+04F6
    { 13, 22, 245, 2, 18, 36, 39079 }, // U+04F7
    { 28, 32, 513, 2, 32, 112, 39115 }, // U+04F8
    { 23, 25, 420, 2, 25, 72, 39227 }, // U+04F9
    { 21, 31, 341, 0, 25, 82, 39299 }, // U+04FA
    { 16, 24, 259, 0, 18, 48, 39381 }, // U+04FB
    { 23, 31, 385, 0, 25, 90, 39429 }, // U+04FC
    { 19, 24, 302, 0, 18, 57, 39519 }, // U+04FD
    { 24, 25, 389, 0, 25, 75, 39576 }, // U+04FE
    { 20, 18, 315, 0, 18, 45, 39651 }, // U+04FF
    { 24, 31, 411, 1, 25, 93, 39696 }, // U+1EA0
    { 17, 24, 300, 0, 18, 51, 39789 }, // U+1EA1
    { 24, 34, 411, 1, 34, 102, 39840 }, // U+1EA2
    { 17, 28, 300, 0, 27, 60, 39942 }, // U+1EA3
    { 24, 39, 411, 1, 39, 117, 40002 }, // U+1EA4
    { 17, 33, 300, 0, 32, 71, 40119 }, // U+1EA5
    { 24, 39, 411, 1, 39, 117, 40190 }, // U+1EA6
    { 17, 33, 300, 0, 32, 71, 40307 }, // U+1EA7
    { 24, 38, 411, 1, 38, 114, 40378 }, // U+1EA8
    { 19, 32, 300, 0, 31, 76, 40492 }, // U+1EA9
    { 24, 38, 411, 1, 38, 114, 40568 }, // U+1EAA
    { 17, 32, 300, 0, 31, 68, 40682 }, // U+1EAB
    { 24, 38, 411, 1, 32, 114, 40750 }, // U+1EAC
    { 17, 31, 300, 0, 25, 66, 40864 }, // U+1EAD
    { 24, 39, 411, 1, 39, 117, 40930 }, // U+1EAE
    { 17, 33, 300, 0, 32, 71, 41047 }, // U+1EAF
    { 24, 39, 411, 1, 39, 117, 41118 }, // U+1EB0
    { 17, 33, 300, 0, 32, 71, 41235 }, // U+1EB1
    { 24, 39, 411, 1, 39, 117, 41306 }, // U+1EB2
    { 17, 33, 300, 0, 32, 71, 41423 }, // U+1EB3
    { 24, 38, 411, 1, 38, 114, 41494 }, // U+1EB4
    { 17, 32, 300, 0, 31, 68, 41608 }, // U+1EB5
    { 24, 38, 411, 1, 32, 114, 41676 }, // U+1EB6
    { 17, 31, 300, 0, 25, 66, 41790 }, // U+1EB7
    { 19, 31, 349, 2, 25, 74, 41856 }, // U+1EB8
    { 18, 24, 312, 1, 18, 54, 41930 }, // U+1EB9
    { 19, 34, 349, 2, 34, 81, 41984 }, // U+1EBA
    { 18, 28, 312, 1, 27, 63, 42065 }, // U+1EBB
    { 19, 32, 349, 2, 32, 76, 42128 }, // U+1EBC
    { 18, 26, 312, 1, 25, 59, 42204 }, // U+1EBD
    { 19, 39, 349, 2, 39, 93, 42263 }, // U+1EBE
    { 18, 33, 312, 1, 32, 75, 42356 }, // U+1EBF
    { 19, 39, 349, 2, 39, 93, 42431 }, // U+1EC0
    { 18, 33, 312, 1, 32, 75, 42524 }, // U+1EC1
    { 19, 38, 349, 2, 38, 91, 42599 }, // U+1EC2
    { 19, 32, 312, 1, 31, 76, 42690 }, // U+1EC3
    { 19, 38, 349, 2, 38, 91, 42766 }, // U+1EC4
    { 18, 32, 312, 1, 31, 72, 42857 }, // U+1EC5
    { 19, 38, 349, 2, 32, 91, 42929 }, // U+1EC6
    { 18, 31, 312, 1, 25, 70, 43020 }, // U+1EC7
    { 8, 34, 168, 1, 34, 34, 43090 }, // U+1EC8
    { 8, 27, 141, 0, 27, 27, 43124 }, // U+1EC9
    { 7, 31, 168, 2, 25, 28, 43151 }, // U+1ECA
    { 7, 31, 141, 1, 25, 28, 43179 }, // U+1ECB
    { 24, 32, 413, 1, 26, 96, 43207 }, // U+1ECC
    { 18, 24, 319, 1, 18, 54, 43303 }, // U+1ECD
    { 24, 35, 413, 1, 34, 105, 43357 }, // U+1ECE
    { 18, 28, 319, 1, 27, 63, 43462 }, // U+1ECF
    { 24, 40, 413, 1, 39, 120, 43525 }, // U+1ED0
    { 18, 33, 319, 1, 32, 75, 43645 }, // U+1ED1
    { 24, 40, 413, 1, 39, 120, 43720 }, // U+1ED2
    { 18, 33, 319, 1, 32, 75, 43840 }, // U+1ED3
    { 24, 39, 413, 1, 38, 117, 43915 }, // U+1ED4
    { 19, 32, 319, 1, 31, 76, 44032 }, // U+1ED5
    { 24, 39, 413, 1, 38, 117, 44108 }, // U+1ED6
    { 18, 32, 319, 1, 31, 72, 44225 }, // U+1ED7
    { 24, 38, 413, 1, 32, 114, 44297 }, // U+1ED8
    { 18, 31, 319, 1, 25, 70, 44411 }, // U+1ED9
    { 24, 34, 413, 1, 33, 102, 44481 }, // U+1EDA
    { 18, 27, 319, 1, 26, 61, 44583 }, // U+1EDB
    { 24, 34, 413, 1, 33, 102, 44644 }, // U+1EDC
    { 18, 27, 319, 1, 26, 61, 44746 }, // U+1EDD
    { 24, 35, 413, 1, 34, 105, 44807 }, // U+1EDE
    { 18, 28, 319, 1, 27, 63, 44912 }, // U+1EDF
    { 24, 33, 413, 1, 32, 99, 44975 }, // U+1EE0
    { 18, 26, 319, 1, 25, 59, 45074 }, // U+1EE1
    { 24, 33, 413, 1, 27, 99, 45133 }, // U+1EE2
    { 18, 26, 319, 1, 20, 59, 45232 }, // U+1EE3
    { 20, 31, 384, 2, 25, 78, 45291 }, // U+1EE4
    { 17, 24, 316, 1, 18, 51, 45369 }, // U+1EE5
    { 20, 35, 384, 2, 34, 88, 45420 }, // U+1EE6
    { 17, 28, 316, 1, 27, 60, 45508 }, // U+1EE7
    { 25, 34, 384, 2, 33, 107, 45568 }, // U+1EE8
    { 21, 27, 316, 1, 26, 71, 45675 }, // U+1EE9
    { 25, 34, 384, 2, 33, 107, 45746 }, // U+1EEA
    { 21, 27, 316, 1, 26, 71, 45853 }, // U+1EEB
    { 25, 35, 384, 2, 34, 110, 45924 }, // U+1EEC
    { 21, 28, 316, 1, 27, 74, 46034 }, // U+1EED
    { 25, 33, 384, 2, 32, 104, 46108 }, // U+1EEE
    { 21, 26, 316, 1, 25, 69, 46212 }, // U+1EEF
    { 25, 33, 384, 2, 27, 104, 46281 }, // U+1EF0
    { 21, 26, 316, 1, 20, 69, 46385 }, // U+1EF1
    { 24, 33, 392, 0, 33, 99, 46454 }, // U+1EF2
    { 19, 32, 302, 0, 26, 76, 46553 }, // U+1EF3
    { 24, 31, 392, 0, 25, 93, 46629 }, // U+1EF4
    { 19, 24, 302, 0, 18, 57, 46722 }, // U+1EF5
    { 24, 34, 392, 0, 34, 102, 46779 }, // U+1EF6
    { 19, 33, 302, 0, 27, 79, 46881 }, // U+1EF7
    { 24, 32, 392, 0, 32, 96, 46960 }, // U+1EF8
    { 19, 31, 302, 0, 25, 74, 47056 }, // U+1EF9
    { 0, 0, 320, 0, 0, 0, 47130 }, // U+2007
    { 0, 0, 259, 0, 0, 0, 47130 }, // U+2008
    { 0, 0, 259, 0, 0, 0, 47130 }, // U+2009
    { 0, 0, 243, 0, 0, 0, 47130 }, // U+200A
    { 0, 0, 228, 0, 0, 0, 47130 }, // U+200B
    { 11, 5, 203, 1, 11, 7, 47130 }, // U+2010
    { 21, 5, 365, 1, 11, 14, 47137 }, // U+2012
    { 17, 5, 311, 1, 11, 11, 47151 }, // U+2013
    { 28, 5, 485, 1, 11, 18, 47162 }, // U+2014
    { 28, 5, 485, 1, 11, 18, 47180 }, // U+2015
    { 6, 10, 129, 1, 25, 8, 47198 }, // U+2018
    { 6, 10, 129, 1, 25, 8, 47206 }, // U+2019
    { 6, 10, 129, 1, 5, 8, 47214 }, // U+201A
    { 14, 10, 248, 1, 25, 18, 47222 }, // U+201C
    { 14, 10, 250, 1, 25, 18, 47240 }, // U+201D
    { 14, 10, 250, 1, 5, 18, 47258 }, // U+201E
    { 17, 31, 276, 0, 25, 66, 47276 }, // U+2020
    { 17, 31, 276, 0, 25, 66, 47342 }, // U+2021
    { 9, 9, 181, 1, 17, 11, 47408 }, // U+2022
    { 27, 6, 474, 1, 6, 21, 47419 }, // U+2026
    { 44, 27, 730, 1, 26, 149, 47440 }, // U+2030
    { 9, 12, 143, -1, 25, 14, 47589 }, // U+2032
    { 16, 12, 251, -1, 25, 24, 47603 }, // U+2033
    { 8, 14, 155, 1, 16, 14, 47627 }, // U+2039
    { 8, 14, 155, 1, 16, 14, 47641 }, // U+203A
    { 20, 26, 131, -6, 25, 65, 47655 }, // U+2044
    { 20, 26, 356, 1, 25, 65, 47720 }, // U+2052
    { 14, 17, 258, 1, 29, 30, 47785 }, // U+2070
    { 14, 16, 258, 1, 28, 28, 47815 }, // U+2074
    { 14, 16, 251, 1, 28, 28, 47843 }, // U+2075
    { 13, 17, 252, 1, 30, 28, 47871 }, // U+2076
    { 13, 16, 230, 1, 29, 26, 47899 }, // U+2077
    { 14, 17, 250, 1, 30, 30, 47925 }, // U+2078
    { 13, 17, 252, 1, 30, 28, 47955 }, // U+2079
    { 17, 25, 320, 1, 25, 54, 47983 }, // U+20A1
    { 21, 25, 332, -1, 25, 66, 48037 }, // U+20A3
    { 21, 26, 344, 0, 26, 69, 48103 }, // U+20A4
    { 26, 25, 416, 0, 25, 82, 48172 }, // U+20A6
    { 38, 26, 647, 2, 25, 124, 48254 }, // U+20A7
    { 38, 25, 608, 0, 25, 119, 48378 }, // U+20A9
    { 18, 25, 282, 0, 25, 57, 48497 }, // U+20AB
    { 22, 27, 348, -1, 26, 75, 48554 }, // U+20AC
    { 26, 25, 418, 0, 25, 82, 48629 }, // U+20AD
    { 21, 25, 363, 1, 25, 66, 48711 }, // U+20AE
    { 25, 25, 414, 0, 25, 79, 48777 }, // U+20B1
    { 23, 30, 401, 1, 27, 87, 48856 }, // U+20B2
    { 21, 27, 364, 1, 26, 71, 48943 }, // U+20B4
    { 23, 30, 387, 1, 27, 87, 49014 }, // U+20B5
    { 21, 25, 363, 1, 25, 66, 49101 }, // U+20B8
    { 21, 25, 342, 0, 25, 66, 49167 }, // U+20B9
    { 22, 25, 351, 0, 25, 69, 49233 }, // U+20BA
    { 21, 28, 394, 2, 27, 74, 49302 }, // U+20BC
    { 24, 25, 394, 0, 25, 75, 49376 }, // U+20BD
    { 32, 26, 538, 1, 25, 104, 49451 }, // U+2153
    { 31, 27, 523, 1, 26, 105, 49555 }, // U+2154
    { 31, 26, 536, 1, 25, 101, 49660 }, // U+215B
    { 33, 27, 567, 1, 26, 112, 49761 }, // U+215C
    { 33, 26, 568, 1, 25, 108, 49873 }, // U+215D
    { 30, 26, 514, 1, 25, 98, 49981 }, // U+215E
    { 18, 27, 318, 1, 26, 61, 50079 }, // U+2202
    { 18, 17, 315, 1, 21, 39, 50140 }, // U+2205
    { 22, 25, 364, 0, 25, 69, 50179 }, // U+2206
    { 23, 25, 371, 0, 25, 72, 50248 }, // U+220F
    { 19, 25, 304, 0, 25, 60, 50320 }, // U+2211
    { 17, 5, 311, 1, 15, 11, 50380 }, // U+2212
    { 13, 26, 195, 0, 25, 43, 50391 }, // U+2215
    { 9, 9, 181, 1, 17, 11, 50434 }, // U+2219
    { 24, 35, 366, 0, 29, 105, 50445 }, // U+221A
    { 25, 13, 422, 1, 16, 41, 50550 }, // U+221E
    { 16, 35, 247, 0, 29, 70, 50591 }, // U+222B
    { 18, 14, 325, 1, 19, 32, 50661 }, // U+2248
    { 17, 22, 320, 1, 23, 47, 50693 }, // U+2260
    { 17, 23, 310, 1, 24, 49, 50740 }, // U+2264
    { 17, 23, 310, 1, 24, 49, 50789 }, // U+2265
    { 21, 25, 356, 0, 25, 66, 50838 }, // U+FB01
    { 21, 25, 357, 0, 25, 66, 50904 }, // U+FB02
};

static const EpdUnicodeInterval librefranklin_8_bold_2xIntervals[] = {
    { 0x20, 0x7E, 0x0 },
    { 0xA0, 0xAC, 0x5F },
    { 0xAE, 0x17E, 0x6C },
    { 0x1A0, 0x1A1, 0x13D },
    { 0x1AF, 0x1B0, 0x13F },
    { 0x1C4, 0x1CC, 0x141 },
    { 0x1E6, 0x1E7, 0x14A },
    { 0x1EA, 0x1EB, 0x14C },
    { 0x1F1, 0x1F5, 0x14E },
    { 0x1FA, 0x21B, 0x153 },
    { 0x300, 0x304, 0x175 },
    { 0x306, 0x30C, 0x17A },
    { 0x30F, 0x30F, 0x181 },
    { 0x311, 0x312, 0x182 },
    { 0x31B, 0x31B, 0x184 },
    { 0x323, 0x324, 0x185 },
    { 0x326, 0x328, 0x187 },
    { 0x32E, 0x32E, 0x18A },
    { 0x331, 0x331, 0x18B },
    { 0x335, 0x335, 0x18C },
    { 0x394, 0x394, 0x18D },
    { 0x3A9, 0x3A9, 0x18E },
    { 0x3BC, 0x3BC, 0x18F },
    { 0x3C0, 0x3C0, 0x190 },
    { 0x400, 0x45F, 0x191 },
    { 0x462, 0x463, 0x1F1 },
    { 0x46A, 0x46B, 0x1F3 },
    { 0x472, 0x475, 0x1F5 },
    { 0x48A, 0x4A5, 0x1F9 },
    { 0x4A8, 0x4FF, 0x215 },
    { 0x1EA0, 0x1EF9, 0x26D },
    { 0x2007, 0x200B, 0x2C7 },
    { 0x2010, 0x2010, 0x2CC },
    { 0x2012, 0x2015, 0x2CD },
    { 0x2018, 0x201A, 0x2D1 },
    { 0x201C, 0x201E, 0x2D4 },
    { 0x2020, 0x2022, 0x2D7 },
    { 0x2026, 0x2026, 0x2DA },
    { 0x2030, 0x2030, 0x2DB },
    { 0x2032, 0x2033, 0x2DC },
    { 0x2039, 0x203A, 0x2DE },
    { 0x2044, 0x2044, 0x2E0 },
    { 0x2052, 0x2052, 0x2E1 },
    { 0x2070, 0x2070, 0x2E2 },
    { 0x2074, 0x2079, 0x2E3 },
    { 0x20A1, 0x20A1, 0x2E9 },
    { 0x20A3, 0x20A4, 0x2EA },
    { 0x20A6, 0x20A7, 0x2EC },
    { 0x20A9, 0x20A9, 0x2EE },
    { 0x20AB, 0x20AE, 0x2EF },
    { 0x20B1, 0x20B2, 0x2F3 },
    { 0x20B4, 0x20B5, 0x2F5 },
    { 0x20B8, 0x20BA, 0x2F7 },
    { 0x20BC, 0x20BD, 0x2FA },
    { 0x2153, 0x2154, 0x2FC },
    { 0x215B, 0x215E, 0x2FE },
    { 0x2202, 0x2202, 0x302 },
    { 0x2205, 0x2206, 0x303 },
    { 0x220F, 0x220F, 0x305 },
    { 0x2211, 0x2212, 0x306 },
    { 0x2215, 0x2215, 0x308 },
    { 0x2219, 0x221A, 0x309 },
    { 0x221E, 0x221E, 0x30B },
    { 0x222B, 0x222B, 0x30C },
    { 0x2248, 0x2248, 0x30D },
    { 0x2260, 0x2260, 0x30E },
    { 0x2264, 0x2265, 0x30F },
    { 0xFB01, 0xFB02, 0x311 },
};

static const EpdKernClassEntry librefranklin_8_bold_2xKernLeftClasses[] = {
    { 0x0022, 1 }, // "
    { 0x0027, 1 }, // '
    { 0x0028, 2 }, // (
    { 0x002C, 3 }, // ,
    { 0x002D, 4 }, // -
    { 0x002E, 3 }, // .
    { 0x0041, 5 }, // A
    { 0x0042, 6 }, // B
    { 0x0043, 7 }, // C
    { 0x0044, 8 }, // D
    { 0x0045, 9 }, // E
    { 0x0046, 10 }, // F
    { 0x0047, 11 }, // G
    { 0x004A, 12 }, // J
    { 0x004B, 13 }, // K
    { 0x004C, 14 }, // L
    { 0x004F, 8 }, // O
    { 0x0050, 15 }, // P
    { 0x0051, 8 }, // Q
    { 0x0052, 16 }, // R
    { 0x0053, 17 }, // S
    { 0x0054, 18 }, // T
    { 0x0055, 19 }, // U
    { 0x0056, 20 }, // V
    { 0x0057, 21 }, // W
    { 0x0058, 22 }, // X
    { 0x0059, 23 }, // Y
    { 0x005A, 24 }, // Z
    { 0x005B, 25 }, // [
    { 0x0061, 26 }, // a
    { 0x0062, 27 }, // b
    { 0x0063, 28 }, // c
    { 0x0065, 29 }, // e
    { 0x0066, 30 }, // f
    { 0x0067, 31 }, // g
    { 0x0068, 32 }, // h
    { 0x006A, 33 }, // j
    { 0x006B, 34 }, // k
    { 0x006D, 32 }, // m
    { 0x006E, 32 }, // n
    { 0x006F, 35 }, // o
    { 0x0070, 27 }, // p
    { 0x0072, 36 }, // r
    { 0x0073, 37 }, // s
    { 0x0074, 38 }, // t
    { 0x0076, 39 }, // v
    { 0x0077, 40 }, // w
    { 0x0078, 41 }, // x
    { 0x0079, 42 }, // y
    { 0x007A, 43 }, // z
    { 0x007B, 44 }, // {
    { 0x00BF, 2 }, // U+00BF
    { 0x00C0, 5 }, // U+00C0
    { 0x00C1, 5 }, // U+00C1
    { 0x00C2, 5 }, // U+00C2
    { 0x00C3, 5 }, // U+00C3
    { 0x00C4, 5 }, // U+00C4
    { 0x00C5, 5 }, // U+00C5
    { 0x00C6, 9 }, // U+00C6
    { 0x00C7, 7 }, // U+00C7
    { 0x00C8, 9 }, // U+00C8
    { 0x00C9, 9 }, // U+00C9
    { 0x00CA, 9 }, // U+00CA
    { 0x00CB, 9 }, // U+00CB
    { 0x00D0, 8 }, // U+00D0
    { 0x00D2, 8 }, // U+00D2
    { 0x00D3, 8 }, // U+00D3
    { 0x00D4, 8 }, // U+00D4
    { 0x00D5, 8 }, // U+00D5
    { 0x00D6, 8 }, // U+00D6
    { 0x00D9, 19 }, // U+00D9
    { 0x00DA, 19 }, // U+00DA
    { 0x00DB, 19 }, // U+00DB
    { 0x00DC, 19 }, // U+00DC
    { 0x00DD, 23 }, // U+00DD
    { 0x00E0, 26 }, // U+00E0
    { 0x00E1, 26 }, // U+00E1
    { 0x00E2, 26 }, // U+00E2
    { 0x00E3, 26 }, // U+00E3
    { 0x00E4, 26 }, // U+00E4
    { 0x00E5, 26 }, // U+00E5
    { 0x00E6, 29 }, // U+00E6
    { 0x00E7, 28 }, // U+00E7
    { 0x00E8, 29 }, // U+00E8
    { 0x00E9, 29 }, // U+00E9
    { 0x00EA, 29 }, // U+00EA
    { 0x00EB, 29 }, // U+00EB
    { 0x00F1, 32 }, // U+00F1
    { 0x00F2, 35 }, // U+00F2
    { 0x00F3, 35 }, // U+00F3
    { 0x00F4, 35 }, // U+00F4
    { 0x00F5, 35 }, // U+00F5
    { 0x00F6, 35 }, // U+00F6
    { 0x00F8, 35 }, // U+00F8
    { 0x00FD, 42 }, // U+00FD
    { 0x00FF, 42 }, // U+00FF
    { 0x0100, 5 }, // U+0100
    { 0x0101, 26 }, // U+0101
    { 0x0102, 5 }, // U+0102
    { 0x0103, 26 }, // U+0103
    { 0x0104, 5 }, // U+0104
    { 0x0105, 26 }, // U+0105
    { 0x0106, 7 }, // U+0106
    { 0x0107, 28 }, // U+0107
    { 0x0108, 7 }, // U+0108
    { 0x0109, 28 }, // U+0109
    { 0x010A, 7 }, // U+010A
    { 0x010B, 28 }, // U+010B
    { 0x010C, 7 }, // U+010C
    { 0x010D, 28 }, // U+010D
    { 0x010E, 8 }, // U+010E
    { 0x010F, 45 }, // U+010F
    { 0x0110, 8 }, // U+0110
    { 0x0112, 9 }, // U+0112
    { 0x0113, 29 }, // U+0113
    { 0x0114, 9 }, // U+0114
    { 0x0115, 29 }, // U+0115
    { 0x0116, 9 }, // U+0116
    { 0x0117, 29 }, // U+0117
    { 0x0118, 9 }, // U+0118
    { 0x0119, 29 }, // U+0119
    { 0x011A, 9 }, // U+011A
    { 0x011B, 29 }, // U+011B
    { 0x011C, 11 }, // U+011C
    { 0x011D, 31 }, // U+011D
    { 0x011E, 11 }, // U+011E
    { 0x011F, 31 }, // U+011F
    { 0x0120, 11 }, // U+0120
    { 0x0121, 31 }, // U+0121
    { 0x0122, 11 }, // U+0122
    { 0x0123, 31 }, // U+0123
    { 0x0125, 32 }, // U+0125
    { 0x0127, 32 }, // U+0127
    { 0x0134, 12 }, // U+0134
    { 0x0135, 33 }, // U+0135
    { 0x0136, 13 }, // U+0136
    { 0x0137, 34 }, // U+0137
    { 0x0138, 34 }, // U+0138
    { 0x0139, 14 }, // U+0139
    { 0x013B, 14 }, // U+013B
    { 0x013E, 45 }, // U+013E
    { 0x0144, 32 }, // U+0144
    { 0x0146, 32 }, // U+0146
    { 0x0148, 32 }, // U+0148
    { 0x014B, 32 }, // U+014B
    { 0x014C, 8 }, // U+014C
    { 0x014D, 35 }, // U+014D
    { 0x014E, 8 }, // U+014E
    { 0x014F, 35 }, // U+014F
    { 0x0150, 8 }, // U+0150
    { 0x0151, 35 }, // U+0151
    { 0x0153, 29 }, // U+0153
    { 0x0154, 16 }, // U+0154
    { 0x0155, 36 }, // U+0155
    { 0x0156, 16 }, // U+0156
    { 0x0157, 36 }, // U+0157
    { 0x0158, 16 }, // U+0158
    { 0x0159, 36 }, // U+0159
    { 0x015A, 17 }, // U+015A
    { 0x015B, 37 }, // U+015B
    { 0x015C, 17 }, // U+015C
    { 0x015D, 37 }, // U+015D
    { 0x015E, 17 }, // U+015E
    { 0x015F, 37 }, // U+015F
    { 0x0160, 17 }, // U+0160
    { 0x0161, 37 }, // U+0161
    { 0x0162, 18 }, // U+0162
    { 0x0163, 38 }, // U+0163
    { 0x0164, 18 }, // U+0164
    { 0x0165, 38 }, // U+0165
    { 0x0166, 18 }, // U+0166
    { 0x0167, 38 }, // U+0167
    { 0x0168, 19 }, // U+0168
    { 0x016A, 19 }, // U+016A
    { 0x016C, 19 }, // U+016C
    { 0x016E, 19 }, // U+016E
    { 0x0170, 19 }, // U+0170
    { 0x0172, 19 }, // U+0172
    { 0x0174, 21 }, // U+0174
    { 0x0175, 40 }, // U+0175
    { 0x0176, 23 }, // U+0176
    { 0x0177, 42 }, // U+0177
    { 0x0178, 23 }, // U+0178
    { 0x0179, 24 }, // U+0179
    { 0x017A, 43 }, // U+017A
    { 0x017B, 24 }, // U+017B
    { 0x017C, 43 }, // U+017C
    { 0x017D, 24 }, // U+017D
    { 0x017E, 43 }, // U+017E
    { 0x01A0, 8 }, // U+01A0
    { 0x01A1, 35 }, // U+01A1
    { 0x01AF, 19 }, // U+01AF
    { 0x01C4, 24 }, // U+01C4
    { 0x01EA, 8 }, // U+01EA
    { 0x01EB, 35 }, // U+01EB
    { 0x01F1, 24 }, // U+01F1
    { 0x01F2, 43 }, // U+01F2
    { 0x01FA, 5 }, // U+01FA
    { 0x01FB, 26 }, // U+01FB
    { 0x01FC, 9 }, // U+01FC
    { 0x01FD, 29 }, // U+01FD
    { 0x01FF, 35 }, // U+01FF
    { 0x0200, 5 }, // U+0200
    { 0x0201, 26 }, // U+0201
    { 0x0202, 5 }, // U+0202
    { 0x0203, 26 }, // U+0203
    { 0x0204, 9 }, // U+0204
    { 0x0205, 29 }, // U+0205
    { 0x0206, 9 }, // U+0206
    { 0x0207, 29 }, // U+0207
    { 0x020C, 8 }, // U+020C
    { 0x020D, 35 }, // U+020D
    { 0x020E, 8 }, // U+020E
    { 0x020F, 35 }, // U+020F
    { 0x0210, 16 }, // U+0210
    { 0x0211, 36 }, // U+0211
    { 0x0212, 16 }, // U+0212
    { 0x0213, 36 }, // U+0213
    { 0x0214, 19 }, // U+0214
    { 0x0216, 19 }, // U+0216
    { 0x0218, 17 }, // U+0218
    { 0x0219, 37 }, // U+0219
    { 0x021A, 18 }, // U+021A
    { 0x021B, 38 }, // U+021B
    { 0x1EA0, 5 }, // U+1EA0
    { 0x1EA1, 26 }, // U+1EA1
    { 0x1EA2, 5 }, // U+1EA2
    { 0x1EA3, 26 }, // U+1EA3
    { 0x1EA4, 5 }, // U+1EA4
    { 0x1EA5, 26 }, // U+1EA5
    { 0x1EA6, 5 }, // U+1EA6
    { 0x1EA7, 26 }, // U+1EA7
    { 0x1EA8, 5 }, // U+1EA8
    { 0x1EA9, 26 }, // U+1EA9
    { 0x1EAA, 5 }, // U+1EAA
    { 0x1EAB, 26 }, // U+1EAB
    { 0x1EAC, 5 }, // U+1EAC
    { 0x1EAD, 26 }, // U+1EAD
    { 0x1EAE, 5 }, // U+1EAE
    { 0x1EAF, 26 }, // U+1EAF
    { 0x1EB0, 5 }, // U+1EB0
    { 0x1EB1, 26 }, // U+1EB1
    { 0x1EB2, 5 }, // U+1EB2
    { 0x1EB3, 26 }, // U+1EB3
    { 0x1EB4, 5 }, // U+1EB4
    { 0x1EB5, 26 }, // U+1EB5
    { 0x1EB6, 5 }, // U+1EB6
    { 0x1EB7, 26 }, // U+1EB7
    { 0x1EB8, 9 }, // U+1EB8
    { 0x1EB9, 29 }, // U+1EB9
    { 0x1EBA, 9 }, // U+1EBA
    { 0x1EBB, 29 }, // U+1EBB
    { 0x1EBC, 9 }, // U+1EBC
    { 0x1EBD, 29 }, // U+1EBD
    { 0x1EBE, 9 }, // U+1EBE
    { 0x1EBF, 29 }, // U+1EBF
    { 0x1EC0, 9 }, // U+1EC0
    { 0x1EC1, 29 }, // U+1EC1
    { 0x1EC2, 9 }, // U+1EC2
    { 0x1EC3, 29 }, // U+1EC3
    { 0x1EC4, 9 }, // U+1EC4
    { 0x1EC5, 29 }, // U+1EC5
    { 0x1EC6, 9 }, // U+1EC6
    { 0x1EC7, 29 }, // U+1EC7
    { 0x1ECC, 8 }, // U+1ECC
    { 0x1ECD, 35 }, // U+1ECD
    { 0x1ECE, 8 }, // U+1ECE
    { 0x1ECF, 35 }, // U+1ECF
    { 0x1ED0, 8 }, // U+1ED0
    { 0x1ED1, 35 }, // U+1ED1
    { 0x1ED2, 8 }, // U+1ED2
    { 0x1ED3, 35 }, // U+1ED3
    { 0x1ED4, 8 }, // U+1ED4
    { 0x1ED5, 35 }, // U+1ED5
    { 0x1ED6, 8 }, // U+1ED6
    { 0x1ED7, 35 }, // U+1ED7
    { 0x1ED8, 8 }, // U+1ED8
    { 0x1ED9, 35 }, // U+1ED9
    { 0x1EDA, 8 }, // U+1EDA
    { 0x1EDB, 35 }, // U+1EDB
    { 0x1EDC, 8 }, // U+1EDC
    { 0x1EDD, 35 }, // U+1EDD
    { 0x1EDE, 8 }, // U+1EDE
    { 0x1EDF, 35 }, // U+1EDF
    { 0x1EE0, 8 }, // U+1EE0
    { 0x1EE1, 35 }, // U+1EE1
    { 0x1EE2, 8 }, // U+1EE2
    { 0x1EE3, 35 }, // U+1EE3
    { 0x1EE4, 19 }, // U+1EE4
    { 0x1EE6, 19 }, // U+1EE6
    { 0x1EE8, 19 }, // U+1EE8
    { 0x1EEA, 19 }, // U+1EEA
    { 0x1EEC, 19 }, // U+1EEC
    { 0x1EEE, 19 }, // U+1EEE
    { 0x1EF0, 19 }, // U+1EF0
    { 0x1EF2, 23 }, // U+1EF2
    { 0x1EF3, 42 }, // U+1EF3
    { 0x1EF4, 23 }, // U+1EF4
    { 0x1EF5, 42 }, // U+1EF5
    { 0x1EF6, 23 }, // U+1EF6
    { 0x1EF7, 42 }, // U+1EF7
    { 0x1EF8, 23 }, // U+1EF8
    { 0x1EF9, 42 }, // U+1EF9
    { 0x2013, 4 }, // U+2013
    { 0x2014, 4 }, // U+2014
    { 0x2018, 46 }, // U+2018
    { 0x2019, 47 }, // U+2019
    { 0x201C, 46 }, // U+201C
    { 0x201D, 47 }, // U+201D
};

static const EpdKernClassEntry librefranklin_8_bold_2xKernRightClasses[] = {
    { 0x0022, 1 }, // "
    { 0x0027, 1 }, // '
    { 0x0029, 2 }, // )
    { 0x002A, 3 }, // *
    { 0x002C, 4 }, // ,
    { 0x002D, 5 }, // -
    { 0x002E, 4 }, // .
    { 0x003A, 6 }, // :
    { 0x003B, 6 }, // ;
    { 0x003F, 2 }, // ?
    { 0x0041, 7 }, // A
    { 0x0042, 8 }, // B
    { 0x0043, 9 }, // C
    { 0x0044, 8 }, // D
    { 0x0045, 8 }, // E
    { 0x0046, 8 }, // F
    { 0x0047, 9 }, // G
    { 0x0048, 8 }, // H
    { 0x0049, 8 }, // I
    { 0x004A, 10 }, // J
    { 0x004B, 8 }, // K
    { 0x004C, 8 }, // L
    { 0x004D, 8 }, // M
    { 0x004E, 8 }, // N
    { 0x004F, 9 }, // O
    { 0x0050, 8 }, // P
    { 0x0051, 9 }, // Q
    { 0x0052, 8 }, // R
    { 0x0053, 11 }, // S
    { 0x0054, 12 }, // T
    { 0x0055, 13 }, // U
    { 0x0056, 14 }, // V
    { 0x0057, 15 }, // W
    { 0x0058, 16 }, // X
    { 0x0059, 17 }, // Y
    { 0x005A, 18 }, // Z
    { 0x005D, 2 }, // ]
    { 0x0061, 19 }, // a
    { 0x0062, 8 }, // b
    { 0x0063, 20 }, // c
    { 0x0064, 21 }, // d
    { 0x0065, 20 }, // e
    { 0x0066, 8 }, // f
    { 0x0067, 22 }, // g
    { 0x0068, 8 }, // h
    { 0x0069, 23 }, // i
    { 0x006A, 24 }, // j
    { 0x006B, 8 }, // k
    { 0x006C, 8 }, // l
    { 0x006D, 25 }, // m
    { 0x006E, 25 }, // n
    { 0x006F, 20 }, // o
    { 0x0070, 26 }, // p
    { 0x0071, 21 }, // q
    { 0x0072, 27 }, // r
    { 0x0073, 28 }, // s
    { 0x0074, 29 }, // t
    { 0x0075, 30 }, // u
    { 0x0076, 31 }, // v
    { 0x0077, 32 }, // w
    { 0x0078, 33 }, // x
    { 0x0079, 34 }, // y
    { 0x007A, 35 }, // z
    { 0x007D, 2 }, // }
    { 0x00C0, 7 }, // U+00C0
    { 0x00C1, 7 }, // U+00C1
    { 0x00C2, 7 }, // U+00C2
    { 0x00C3, 7 }, // U+00C3
    { 0x00C4, 7 }, // U+00C4
    { 0x00C5, 7 }, // U+00C5
    { 0x00C6, 36 }, // U+00C6
    { 0x00C7, 9 }, // U+00C7
    { 0x00C8, 8 }, // U+00C8
    { 0x00C9, 8 }, // U+00C9
    { 0x00CA, 8 }, // U+00CA
    { 0x00CB, 8 }, // U+00CB
    { 0x00CC, 8 }, // U+00CC
    { 0x00CD, 8 }, // U+00CD
    { 0x00CE, 8 }, // U+00CE
    { 0x00CF, 8 }, // U+00CF
    { 0x00D0, 8 }, // U+00D0
    { 0x00D1, 8 }, // U+00D1
    { 0x00D2, 9 }, // U+00D2
    { 0x00D3, 9 }, // U+00D3
    { 0x00D4, 9 }, // U+00D4
    { 0x00D5, 9 }, // U+00D5
    { 0x00D6, 9 }, // U+00D6
    { 0x00D9, 13 }, // U+00D9
    { 0x00DA, 13 }, // U+00DA
    { 0x00DB, 13 }, // U+00DB
    { 0x00DC, 13 }, // U+00DC
    { 0x00DD, 17 }, // U+00DD
    { 0x00DE, 8 }, // U+00DE
    { 0x00DF, 37 }, // U+00DF
    { 0x00E0, 19 }, // U+00E0
    { 0x00E1, 19 }, // U+00E1
    { 0x00E2, 19 }, // U+00E2
    { 0x00E3, 19 }, // U+00E3
    { 0x00E4, 19 }, // U+00E4
    { 0x00E5, 19 }, // U+00E5
    { 0x00E6, 19 }, // U+00E6
    { 0x00E7, 20 }, // U+00E7
    { 0x00E8, 20 }, // U+00E8
    { 0x00E9, 20 }, // U+00E9
    { 0x00EA, 20 }, // U+00EA
    { 0x00EB, 20 }, // U+00EB
    { 0x00EC, 23 }, // U+00EC
    { 0x00ED, 23 }, // U+00ED
    { 0x00EE, 23 }, // U+00EE
    { 0x00EF, 23 }, // U+00EF
    { 0x00F0, 37 }, // U+00F0
    { 0x00F1, 25 }, // U+00F1
    { 0x00F2, 20 }, // U+00F2
    { 0x00F3, 20 }, // U+00F3
    { 0x00F4, 20 }, // U+00F4
    { 0x00F5, 20 }, // U+00F5
    { 0x00F6, 20 }, // U+00F6
    { 0x00F8, 20 }, // U+00F8
    { 0x00F9, 30 }, // U+00F9
    { 0x00FA, 30 }, // U+00FA
    { 0x00FB, 30 }, // U+00FB
    { 0x00FC, 30 }, // U+00FC
    { 0x00FD, 34 }, // U+00FD
    { 0x00FE, 23 }, // U+00FE
    { 0x00FF, 34 }, // U+00FF
    { 0x0100, 7 }, // U+0100
    { 0x0101, 19 }, // U+0101
    { 0x0102, 7 }, // U+0102
    { 0x0103, 19 }, // U+0103
    { 0x0104, 7 }, // U+0104
    { 0x0105, 19 }, // U+0105
    { 0x0106, 9 }, // U+0106
    { 0x0107, 20 }, // U+0107
    { 0x0108, 9 }, // U+0108
    { 0x0109, 20 }, // U+0109
    { 0x010A, 9 }, // U+010A
    { 0x010B, 20 }, // U+010B
    { 0x010C, 9 }, // U+010C
    { 0x010D, 20 }, // U+010D
    { 0x010E, 8 }, // U+010E
    { 0x010F, 21 }, // U+010F
    { 0x0110, 37 }, // U+0110
    { 0x0111, 21 }, // U+0111
    { 0x0112, 8 }, // U+0112
    { 0x0113, 20 }, // U+0113
    { 0x0114, 8 }, // U+0114
    { 0x0115, 20 }, // U+0115
    { 0x0116, 8 }, // U+0116
    { 0x0117, 20 }, // U+0117
    { 0x0118, 8 }, // U+0118
    { 0x0119, 20 }, // U+0119
    { 0x011A, 8 }, // U+011A
    { 0x011B, 20 }, // U+011B
    { 0x011C, 9 }, // U+011C
    { 0x011D, 22 }, // U+011D
    { 0x011E, 9 }, // U+011E
    { 0x011F, 22 }, // U+011F
    { 0x0120, 9 }, // U+0120
    { 0x0121, 22 }, // U+0121
    { 0x0122, 9 }, // U+0122
    { 0x0123, 22 }, // U+0123
    { 0x0124, 8 }, // U+0124
    { 0x0125, 8 }, // U+0125
    { 0x0126, 8 }, // U+0126
    { 0x0127, 8 }, // U+0127
    { 0x0128, 8 }, // U+0128
    { 0x0129, 23 }, // U+0129
    { 0x012A, 8 }, // U+012A
    { 0x012B, 23 }, // U+012B
    { 0x012C, 8 }, // U+012C
    { 0x012D, 23 }, // U+012D
    { 0x012E, 8 }, // U+012E
    { 0x012F, 23 }, // U+012F
    { 0x0130, 8 }, // U+0130
    { 0x0131, 23 }, // U+0131
    { 0x0132, 8 }, // U+0132
    { 0x0133, 23 }, // U+0133
    { 0x0134, 10 }, // U+0134
    { 0x0135, 24 }, // U+0135
    { 0x0136, 8 }, // U+0136
    { 0x0137, 8 }, // U+0137
    { 0x0138, 8 }, // U+0138
    { 0x0139, 8 }, // U+0139
    { 0x013A, 8 }, // U+013A
    { 0x013B, 8 }, // U+013B
    { 0x013C, 8 }, // U+013C
    { 0x013D, 8 }, // U+013D
    { 0x013E, 8 }, // U+013E
    { 0x013F, 8 }, // U+013F
    { 0x0140, 8 }, // U+0140
    { 0x0141, 8 }, // U+0141
    { 0x0142, 8 }, // U+0142
    { 0x0143, 8 }, // U+0143
    { 0x0144, 25 }, // U+0144
    { 0x0145, 8 }, // U+0145
    { 0x0146, 25 }, // U+0146
    { 0x0147, 8 }, // U+0147
    { 0x0148, 25 }, // U+0148
    { 0x0149, 38 }, // U+0149
    { 0x014A, 8 }, // U+014A
    { 0x014B, 25 }, // U+014B
    { 0x014C, 9 }, // U+014C
    { 0x014D, 20 }, // U+014D
    { 0x014E, 9 }, // U+014E
    { 0x014F, 20 }, // U+014F
    { 0x0150, 9 }, // U+0150
    { 0x0151, 20 }, // U+0151
    { 0x0152, 9 }, // U+0152
    { 0x0153, 20 }, // U+0153
    { 0x0154, 8 }, // U+0154
    { 0x0155, 27 }, // U+0155
    { 0x0156, 8 }, // U+0156
    { 0x0157, 27 }, // U+0157
    { 0x0158, 8 }, // U+0158
    { 0x0159, 27 }, // U+0159
    { 0x015A, 11 }, // U+015A
    { 0x015B, 28 }, // U+015B
    { 0x015C, 11 }, // U+015C
    { 0x015D, 28 }, // U+015D
    { 0x015E, 11 }, // U+015E
    { 0x015F, 28 }, // U+015F
    { 0x0160, 11 }, // U+0160
    { 0x0161, 28 }, // U+0161
    { 0x0162, 12 }, // U+0162
    { 0x0163, 29 }, // U+0163
    { 0x0164, 12 }, // U+0164
    { 0x0165, 29 }, // U+0165
    { 0x0166, 12 }, // U+0166
    { 0x0167, 29 }, // U+0167
    { 0x0168, 13 }, // U+0168
    { 0x0169, 30 }, // U+0169
    { 0x016A, 13 }, // U+016A
    { 0x016B, 30 }, // U+016B
    { 0x016C, 13 }, // U+016C
    { 0x016D, 30 }, // U+016D
    { 0x016E, 13 }, // U+016E
    { 0x016F, 30 }, // U+016F
    { 0x0170, 13 }, // U+0170
    { 0x0171, 30 }, // U+0171
    { 0x0172, 13 }, // U+0172
    { 0x0173, 30 }, // U+0173
    { 0x0174, 15 }, // U+0174
    { 0x0175, 32 }, // U+0175
    { 0x0176, 17 }, // U+0176
    { 0x0177, 34 }, // U+0177
    { 0x0178, 17 }, // U+0178
    { 0x0179, 18 }, // U+0179
    { 0x017A, 35 }, // U+017A
    { 0x017B, 18 }, // U+017B
    { 0x017C, 35 }, // U+017C
    { 0x017D, 18 }, // U+017D
    { 0x017E, 35 }, // U+017E
    { 0x01A0, 9 }, // U+01A0
    { 0x01A1, 20 }, // U+01A1
    { 0x01AF, 13 }, // U+01AF
    { 0x01B0, 30 }, // U+01B0
    { 0x01C4, 8 }, // U+01C4
    { 0x01C5, 8 }, // U+01C5
    { 0x01C7, 8 }, // U+01C7
    { 0x01C8, 8 }, // U+01C8
    { 0x01C9, 8 }, // U+01C9
    { 0x01CA, 8 }, // U+01CA
    { 0x01CB, 8 }, // U+01CB
    { 0x01CC, 25 }, // U+01CC
    { 0x01E6, 37 }, // U+01E6
    { 0x01EA, 9 }, // U+01EA
    { 0x01EB, 20 }, // U+01EB
    { 0x01F1, 8 }, // U+01F1
    { 0x01F2, 8 }, // U+01F2
    { 0x01F3, 21 }, // U+01F3
    { 0x01F4, 9 }, // U+01F4
    { 0x01F5, 22 }, // U+01F5
    { 0x01FA, 7 }, // U+01FA
    { 0x01FB, 19 }, // U+01FB
    { 0x01FC, 36 }, // U+01FC
    { 0x01FD, 19 }, // U+01FD
    { 0x01FE, 39 }, // U+01FE
    { 0x01FF, 20 }, // U+01FF
    { 0x0200, 7 }, // U+0200
    { 0x0201, 19 }, // U+0201
    { 0x0202, 7 }, // U+0202
    { 0x0203, 19 }, // U+0203
    { 0x0204, 8 }, // U+0204
    { 0x0205, 20 }, // U+0205
    { 0x0206, 8 }, // U+0206
    { 0x0207, 20 }, // U+0207
    { 0x0208, 8 }, // U+0208
    { 0x0209, 23 }, // U+0209
    { 0x020A, 8 }, // U+020A
    { 0x020B, 23 }, // U+020B
    { 0x020C, 9 }, // U+020C
    { 0x020D, 20 }, // U+020D
    { 0x020E, 9 }, // U+020E
    { 0x020F, 20 }, // U+020F
    { 0x0210, 8 }, // U+0210
    { 0x0211, 27 }, // U+0211
    { 0x0212, 8 }, // U+0212
    { 0x0213, 27 }, // U+0213
    { 0x0214, 13 }, // U+0214
    { 0x0215, 30 }, // U+0215
    { 0x0216, 13 }, // U+0216
    { 0x0217, 30 }, // U+0217
    { 0x0218, 11 }, // U+0218
    { 0x0219, 28 }, // U+0219
    { 0x021A, 12 }, // U+021A
    { 0x021B, 29 }, // U+021B
    { 0x1EA0, 7 }, // U+1EA0
    { 0x1EA1, 19 }, // U+1EA1
    { 0x1EA2, 7 }, // U+1EA2
    { 0x1EA3, 19 }, // U+1EA3
    { 0x1EA4, 7 }, // U+1EA4
    { 0x1EA5, 19 }, // U+1EA5
    { 0x1EA6, 7 }, // U+1EA6
    { 0x1EA7, 19 }, // U+1EA7
    { 0x1EA8, 7 }, // U+1EA8
    { 0x1EA9, 19 }, // U+1EA9
    { 0x1EAA, 7 }, // U+1EAA
    { 0x1EAB, 19 }, // U+1EAB
    { 0x1EAC, 7 }, // U+1EAC
    { 0x1EAD, 19 }, // U+1EAD
    { 0x1EAE, 7 }, // U+1EAE
    { 0x1EAF, 19 }, // U+1EAF
    { 0x1EB0, 7 }, // U+1EB0
    { 0x1EB1, 19 }, // U+1EB1
    { 0x1EB2, 7 }, // U+1EB2
    { 0x1EB3, 19 }, // U+1EB3
    { 0x1EB4, 7 }, // U+1EB4
    { 0x1EB5, 19 }, // U+1EB5
    { 0x1EB6, 7 }, // U+1EB6
    { 0x1EB7, 19 }, // U+1EB7
    { 0x1EB8, 8 }, // U+1EB8
    { 0x1EB9, 20 }, // U+1EB9
    { 0x1EBA, 8 }, // U+1EBA
    { 0x1EBB, 20 }, // U+1EBB
    { 0x1EBC, 8 }, // U+1EBC
    { 0x1EBD, 20 }, // U+1EBD
    { 0x1EBE, 8 }, // U+1EBE
    { 0x1EBF, 20 }, // U+1EBF
    { 0x1EC0, 8 }, // U+1EC0
    { 0x1EC1, 20 }, // U+1EC1
    { 0x1EC2, 8 }, // U+1EC2
    { 0x1EC3, 20 }, // U+1EC3
    { 0x1EC4, 8 }, // U+1EC4
    { 0x1EC5, 20 }, // U+1EC5
    { 0x1EC6, 8 }, // U+1EC6
    { 0x1EC7, 20 }, // U+1EC7
    { 0x1EC8, 8 }, // U+1EC8
    { 0x1EC9, 23 }, // U+1EC9
    { 0x1ECA, 8 }, // U+1ECA
    { 0x1ECB, 23 }, // U+1ECB
    { 0x1ECC, 9 }, // U+1ECC
    { 0x1ECD, 20 }, // U+1ECD
    { 0x1ECE, 9 }, // U+1ECE
    { 0x1ECF, 20 }, // U+1ECF
    { 0x1ED0, 9 }, // U+1ED0
    { 0x1ED1, 20 }, // U+1ED1
    { 0x1ED2, 9 }, // U+1ED2
    { 0x1ED3, 20 }, // U+1ED3
    { 0x1ED4, 9 }, // U+1ED4
    { 0x1ED5, 20 }, // U+1ED5
    { 0x1ED6, 9 }, // U+1ED6
    { 0x1ED7, 20 }, // U+1ED7
    { 0x1ED8, 9 }, // U+1ED8
    { 0x1ED9, 20 }, // U+1ED9
    { 0x1EDA, 9 }, // U+1EDA
    { 0x1EDB, 20 }, // U+1EDB
    { 0x1EDC, 9 }, // U+1EDC
    { 0x1EDD, 20 }, // U+1EDD
    { 0x1EDE, 9 }, // U+1EDE
    { 0x1EDF, 20 }, // U+1EDF
    { 0x1EE0, 9 }, // U+1EE0
    { 0x1EE1, 20 }, // U+1EE1
    { 0x1EE2, 9 }, // U+1EE2
    { 0x1EE3, 20 }, // U+1EE3
    { 0x1EE4, 13 }, // U+1EE4
    { 0x1EE5, 30 }, // U+1EE5
    { 0x1EE6, 13 }, // U+1EE6
    { 0x1EE7, 30 }, // U+1EE7
    { 0x1EE8, 13 }, // U+1EE8
    { 0x1EE9, 30 }, // U+1EE9
    { 0x1EEA, 13 }, // U+1EEA
    { 0x1EEB, 30 }, // U+1EEB
    { 0x1EEC, 13 }, // U+1EEC
    { 0x1EED, 30 }, // U+1EED
    { 0x1EEE, 13 }, // U+1EEE
    { 0x1EEF, 30 }, // U+1EEF
    { 0x1EF0, 13 }, // U+1EF0
    { 0x1EF1, 30 }, // U+1EF1
    { 0x1EF2, 17 }, // U+1EF2
    { 0x1EF3, 34 }, // U+1EF3
    { 0x1EF4, 40 }, // U+1EF4
    { 0x1EF5, 34 }, // U+1EF5
    { 0x1EF6, 17 }, // U+1EF6
    { 0x1EF7, 34 }, // U+1EF7
    { 0x1EF8, 17 }, // U+1EF8
    { 0x1EF9, 34 }, // U+1EF9
    { 0x2013, 5 }, // U+2013
    { 0x2014, 5 }, // U+2014
    { 0x2019, 41 }, // U+2019
    { 0x201D, 41 }, // U+201D
    { 0xFB01, 8 }, // U+FB01
    { 0xFB02, 8 }, // U+FB02
};

static const int8_t librefranklin_8_bold_2xKernMatrix[] = {
       0,    0,    0,    0,    0,    0,  -53,    0,    0,    0,    0,    0,    0,    0,    0,    0,    0,    0,    0,  -15,  -15,    0,    0,    0,    0,    0,   -2,  -19,    0,    0,    0,    0,    0,    0,    0,    0,    0,    0,    0,    0,    0,
       0,    0,    0,    0,    0,    0,    0,    0,    0,    0,    0,    0,    0,    0,    0,    0,    0,    0,    0,    0,    0,    0,    0,   41,    0,    0,    0,    0,    0,    0,    0,    0,    0,    0,    0,    0,    0,    0,    0,    0,    0,
       0,    0,    0,    0,    0,    0,    0,    0,  -26,    0,    0,  -71,    0,  -66,  -57,    0,  -78,    0,    0,  -12,  -12,    0,    0,    0,    0,    0,    0,    0,    0,    0,  -37,  -34,    0,  -25,    0,    0,    0,    0,    0,  -78,    0,
       0,    0,    0,    0,    0,    0,    0,    0,    0,    0,    0,  -64,    0,  -39,  -30,  -31,  -57,  -25,    0,    0,    0,    0,    0,    0,    0,    0,    0,    0,    0,    0,    0,    0,  -28,    0,    0,    0,    0,    0,    0,  -57,    0,
     -53,    0,    0,    0,    0,    0,  -34,    0,  -25,    0,  -13,  -61,  -25,  -57,  -59,  -13,  -63,    0,    0,  -19,  -14,    0,    0,    0,    0,    0,    0,  -14,  -27,    0,  -43,  -37,  -14,  -21,    0,    0,    0,    0,    0,  -63,  -39,
       0,    0,    0,    0,    0,    0,  -13,    0,   -5,    0,    0,  -12,    0,  -11,  -11,  -14,  -20,    0,    0,    0,    0,    0,    0,    0,    0,    0,    0,    0,    0,    0,    0,    0,    0,    0,    0,    0,    0,    0,    0,  -20,    0,
       0,    0,    0,    0,    0,    0,  -14,    0,    0,    0,    0,  -13,    0,   -9,   -9,  -16,  -21,    0,    0,    0,    0,    0,    0,    0,    0,    0,    0,    0,    0,    0,    0,    0,    0,    0,    0,    0,    0,    0,    0,  -21,    0,
       0,    0,    0,  -26,    0,    0,  -25,    0,    0,   -9,  -11,  -25,    0,  -25,  -25,  -38,  -39,  -11,    0,    0,    0,    0,    0,    0,    0,    0,    0,   -5,    0,    0,    0,    0,    0,    0,    0,  -43,    0,    0,    0,  -39,    0,
       0,    0,    0,    0,    0,    0,    0,    0,  -18,    0,    0,    0,    0,    0,    0,    0,    0,    0,    0,  -12,   -7,    0,    0,    0,    0,    0,    0,   -7,    0,    0,  -36,  -27,   -9,  -21,    0,    0,    0,    0,    0,    0,    0,
       0,    0,    0,  -69,    0,    0,  -47,    0,  -26,  -38,  -11,    0,    0,    0,    0,    0,  -13,    0,  -50,  -49,  -41,  -46,    0,    0,  -39,  -43,  -34,  -41,  -25,  -23,  -37,  -30,  -46,  -43,  -46,  -84,    0,    0,    0,  -13,    0,
       0,    0,    0,    0,    0,    0,    0,    0,    0,    0,    0,  -25,    0,  -14,  -14,    0,  -25,    0,    0,    0,    0,    0,    0,    0,    0,    0,    0,    0,    0,    0,    0,    0,    0,    0,    0,    0,    0,    0,    0,  -25,    0,
       0,    0,    0,    0,    0,    0,  -13,    0,    0,    0,    0,    0,    0,    0,    0,    0,    0,    0,    0,    0,    0,    0,    0,    0,    0,    0,    0,    0,    0,    0,    0,    0,    0,    0,    0,    0,    0,    0,    0,    0,    0,
       0,    0,    0,    0,  -27,    0,  -28,    0,  -30,    0,  -17,  -31,  -14,  -26,  -17,    0,  -22,    0,  -12,  -27,  -23,    0,    0,    0,    0,    0,    0,    0,  -21,  -16,  -46,  -30,  -12,  -30,    0,    0,    0,    0,    0,  -22,    0,
     -91,    0,    0,    0,  -26,    0,  -13,    0,  -34,    0,    0,  -50,  -19,  -50,  -46,    0,  -68,    0,    0,  -12,   -9,    0,    0,    0,    0,    0,    0,   -7,    0,    0,  -30,  -19,    0,  -21,    0,    0,    0,    0,    0,  -68,  -84,
       0,    0,    0,  -78,    0,    0,  -58,    0,    0,  -46,    0,  -18,    0,  -11,  -14,  -20,  -22,  -27,  -11,  -21,  -21,  -14,    0,    0,    0,    0,    0,  -20,    0,    0,    0,    0,    0,    0,    0,  -66,    0,    0,    0,  -22,    0,
       0,    0,    0,    0,    0,    0,  -14,    0,   -5,    0,    0,   -5,    0,   -9,   -9,    0,  -17,    0,    0,  -18,  -18,  -14,    0,    0,    0,    0,    0,    0,    0,    0,    0,    0,    0,    0,    0,    0,    0,    0,    0,  -17,    0,
       0,    0,    0,    0,    0,    0,  -17,    0,   -7,   -5,   -9,  -13,    0,  -18,  -14,  -16,  -22,    0,    0,    0,    0,    0,    0,    0,    0,    0,    0,    0,  -12,    0,  -16,  -14,    0,  -16,    0,    0,    0,    0,    0,  -22,    0,
       0,    0,    0,  -71,  -64,  -44,  -55,    0,  -25,  -43,  -13,    0,    0,    0,    0,   -9,  -16,    0,  -57,  -61,  -53,  -51,    0,    0,  -49,  -49,  -46,  -59,  -19,  -50,  -49,  -45,  -43,  -49,  -45,  -76,    0,    0,    0,  -16,    0,
       0,    0,    0,    0,    0,    0,  -25,    0,    0,   -9,    0,    0,    0,    0,    0,   -9,    0,    0,    0,    0,    0,    0,    0,    0,    0,    0,    0,    0,    0,    0,    0,    0,    0,    0,    0,  -39,    0,    0,    0,    0,    0,
       0,    0,    0,  -66,  -39,  -23,  -57,    0,  -25,  -37,  -18,    0,    0,   -9,   -9,   -9,   -9,    0,  -38,  -43,  -36,  -39,    0,    0,  -28,  -28,  -30,  -36,    0,  -28,  -18,  -18,  -18,  -18,  -20,  -82,    0,    0,    0,   -9,    0,
       0,    0,    0,  -57,  -30,    0,  -59,    0,  -25,  -37,  -14,    0,    0,   -9,  -13,   -9,   -9,    0,  -34,  -39,  -36,    0,    0,    0,  -23,  -28,  -18,    0,    0,  -27,  -11,  -11,  -11,  -11,  -14,  -79,    0,    0,    0,   -9,    0,
       0,    0,    0,    0,  -31,    0,  -13,    0,  -38,    0,  -23,   -9,   -9,  -13,  -13,   -5,  -13,    0,  -11,  -30,    0,    0,    0,    0,    0,    0,    0,    0,    0,    0,    0,    0,    0,  -38,    0,    0,    0,    0,    0,  -13,    0,
       0,    0,    0,  -78,  -57,  -32,  -63,    0,  -39,  -43,  -22,    0,    0,   -9,   -9,   -5,   -5,  -13,  -58,  -61,  -53,  -59,    0,    0,  -36,  -28,  -27,  -55,  -28,  -43,  -37,  -29,  -38,  -31,  -41,  -81,    0,    0,    0,   -5,    0,
       0,    0,    0,    0,  -25,    0,    0,    0,  -14,    0,    0,    0,    0,    0,    0,    0,   -5,    0,    0,  -18,  -18,    0,    0,    0,    0,    0,    0,    0,  -16,    0,  -18,  -18,    0,  -14,    0,    0,    0,    0,    0,   -5,    0,
       0,    0,    0,    0,    0,    0,    0,    0,    0,    0,    0,    0,    0,    0,    0,    0,    0,    0,    0,    0,    0,    0,    0,   45,    0,    0,    0,    0,    0,    0,    0,    0,    0,    0,    0,    0,    0,    0,    0,    0,    0,
       0,    0,    0,    0,    0,    0,    0,    0,    0,    0,    0,    0,    0,    0,    0,    0,    0,    0,    0,    0,    0,    0,    0,    0,    0,    0,    0,    0,   -9,    0,   -9,   -9,    0,   -5,    0,    0,    0,    0,    0,    0,    0,
       0,    0,    0,    0,    0,    0,    0,    0,    0,    0,    0,    0,    0,    0,    0,    0,    0,    0,    0,    0,    0,    0,    0,    0,    0,    0,    0,    0,   -9,    0,  -14,  -14,  -14,  -14,   -9,    0,    0,    0,    0,    0,    0,
       0,    0,    0,    0,    0,    0,    0,    0,    0,    0,    0,    0,    0,    0,    0,    0,    0,    0,    0,   -2,    0,    0,    0,    0,    0,    0,    0,    0,   -9,    0,   -9,   -5,  -14,   -9,   -9,    0,    0,    0,    0,    0,    0,
     -11,    0,    0,    0,    0,    0,    0,    0,    0,    0,    0,  -61,    0,  -36,  -39,    0,    0,    0,    0,    0,    0,    0,    0,    0,    0,    0,    0,    0,   -7,    0,  -13,   -9,  -18,  -13,  -13,    0,    0,    0,    0,    0,    0,
       0,   31,    2,  -19,    0,    0,  -19,    0,    0,    0,    0,    0,    0,    0,    0,    0,    0,    0,    0,  -11,   -9,    0,    0,    0,    0,    0,    0,   -9,    0,    0,    0,    0,   -2,    0,    0,    0,    0,    0,    0,    0,   30,
       0,    0,    0,    0,    0,    0,    0,    0,    0,    0,    0,    0,    0,    0,    0,    0,    0,    0,   -9,  -17,  -11,    0,    0,    0,    0,    0,    0,   -9,    0,    0,    0,    0,    0,    0,    0,    0,    0,    0,    0,    0,    0,
       0,    0,    0,    0,    0,    0,    0,    0,    0,    0,    0,    0,    0,    0,    0,    0,    0,    0,    0,    0,    0,    0,    0,    0,    0,    0,    0,    0,   -9,    0,   -9,   -9,    0,   -9,    0,    0,    0,    0,    0,    0,    0,
       0,   16,    0,    0,    0,    0,    0,    0,    0,    0,    0,    0,    0,    0,    0,    0,    0,    0,    0,    0,    0,    0,    0,    0,    0,    0,    0,    0,    0,    0,    0,    0,    0,    0,    0,    0,    0,    0,    0,    0,    0,
       0,    0,    0,    0,  -28,    0,    0,    0,    0,    0,    0,    0,    0,    0,    0,    0,    0,    0,   -9,  -22,  -18,    0,    0,    0,    0,    0,    0,  -20,  -17,   -9,  -13,  -13,  -11,  -13,    0,    0,    0,    0,    0,    0,    0,
     -14,    0,    0,  -12,    0,    0,    0,    0,    0,    0,    0,  -61,    0,  -43,  -39,    0,    0,    0,    0,    0,    0,    0,    0,    0,    0,    0,    0,    0,   -9,    0,  -18,  -17,  -23,  -14,  -13,    0,    0,    0,    0,    0,    0,
       5,    0,    0,  -46,  -25,    0,    0,    0,    0,    0,    0,    0,    0,    0,    0,    0,    0,    0,   -7,   -9,   -9,    0,    0,    0,    0,    0,    0,   -5,    0,    0,    0,    0,    0,    0,    0,    0,    0,    0,    0,    0,    0,
       0,    0,    0,    0,    0,    0,    0,    0,    0,    0,    0,    0,    0,    0,    0,    0,    0,    0,    0,    0,    0,    0,    0,    0,    0,    0,    0,    0,   -9,    0,  -13,   -9,  -13,   -9,    0,    0,    0,    0,    0,    0,    0,
       2,    0,    0,    0,    0,    0,    0,    0,    0,    0,    0,    0,    0,    0,    0,    0,    0,    0,    0,   -9,   -9,    0,    0,    0,    0,    0,    0,    0,    0,    0,    0,    0,   -2,    0,    0,    0,    0,    0,    0,    0,   12,
       0,    0,    0,  -37,    0,    0,  -43,    0,    0,    0,    0,    0,    0,    0,    0,    0,    0,    0,   -9,  -18,  -14,   -9,    0,    0,    0,    0,    0,  -13,    0,    0,   -5,   -5,   -9,   -5,    0,    0,    0,    0,    0,    0,    0,
       0,    0,    0,  -37,    0,    0,  -37,    0,    0,    0,    0,    0,    0,    0,    0,    0,    0,    0,   -9,  -17,  -14,   -9,    0,    0,    0,    0,    0,   -9,    0,    0,   -5,   -5,   -5,   -5,    0,    0,    0,    0,    0,    0,    0,
       0,    0,    0,    0,  -28,    0,    0,    0,    0,    0,    0,    0,    0,    0,    0,    0,    0,    0,  -13,  -27,  -14,    0,    0,    0,    0,    0,    0,  -13,  -21,   -9,  -17,  -17,   -9,  -17,    0,    0,    0,    0,    0,    0,    0,
       0,    0,    0,  -39,    0,    0,  -43,    0,    0,    0,    0,    0,    0,    0,    0,    0,    0,    0,   -9,  -14,  -14,   -9,    0,    0,    0,    0,    0,  -13,    0,    0,   -5,   -5,   -5,   -5,    0,    0,    0,    0,    0,    0,    0,
       0,    0,    0,    0,    0,    0,    0,    0,    0,    0,    0,    0,    0,    0,    0,    0,    0,    0,    0,  -13,   -9,    0,    0,    0,    0,    0,    0,    0,    0,    0,    0,    0,    0,    0,    0,    0,    0,    0,    0,    0,    0,
       0,    0,    0,    0,    0,    0,    0,    0,    0,    0,    0,    0,    0,    0,    0,    0,    0,    0,    0,    0,    0,    0,    0,   43,    0,    0,    0,    0,    0,    0,    0,    0,    0,    0,    0,    0,    0,    0,    0,    0,    0,
       0,    0,    0,    0,    0,    0,    0,   53,   46,    0,   46,   61,   53,   53,   53,   53,   53,   53,   30,   15,   23,   23,   61,   61,   38,   38,   46,   30,   53,   46,   53,   46,   46,   46,   38,    0,   46,  114,   38,  114,    0,
       0,    0,    0,    0,    0,    0,  -46,    0,    0,    0,    0,    0,    0,    0,    0,    0,    0,    0,    0,    0,    0,    0,    0,    0,    0,    0,    0,    0,    0,    0,    0,    0,    0,    0,    0,    0,    0,    0,    0,    0,    0,
       0,    0,    0,    0,    0,    0,  -62,    0,    0,    0,    0,    0,    0,    0,    0,    0,    0,    0,    0,  -34,  -34,    0,    0,    0,    0,    0,   -5,  -26,    0,    0,   -9,    0,    0,    0,    0,    0,    0,    0,    0,    0,    0,
};

static const EpdLigaturePair librefranklin_8_bold_2xLigaturePairs[] = {
    { 0x00660069, 0xFB01 }, // f i -> U+FB01
    { 0x0066006C, 0xFB02 }, // f l -> U+FB02
};

static const EpdFontData librefranklin_8_bold_2x = {
    librefranklin_8_bold_2xBitmaps,
    librefranklin_8_bold_2xGlyphs,
    librefranklin_8_bold_2xIntervals,
    68,
    40,
    33,
    -9,
    false,
    nullptr,
    0,
    nullptr,
    librefranklin_8_bold_2xKernLeftClasses,
    librefranklin_8_bold_2xKernRightClasses,
    librefranklin_8_bold_2xKernMatrix,
    309,
    402,
    47,
    41,
    librefranklin_8_bold_2xLigaturePairs,
    2,
};
