/**
 * generated by fontconvert.py
 * name: notosans_10_bold
 * size: 10
 * mode: 2-bit
 * Command used: fontconvert.py notosans_10_bold 10 ../builtinFonts/source/NotoSans/NotoSans-Bold.ttf --2bit
 */
#pragma once
#include "EpdFontData.h"

static const uint8_t notosans_10_boldBitmaps[56189] = {
    0xFE, 0xFE, 0xBE, 0xBE, 0xBD, 0xBD, 0x7D, 0x7D, 0x7D, 0x7C, 0x00, 0x00, 0x7D, 0xFE, 0x7D, 0xBC,
    0x7E, 0xBC, 0x3E, 0xBC, 0x3D, 0x7C, 0x3D, 0x7C, 0x3D, 0x00, 0x3C, 0x3C, 0x00, 0x1F, 0x0F, 0x00,
    0x0B, 0x87, 0xC0, 0x03, 0xD2, 0xE0, 0x3F, 0xFF, 0xFF, 0xCF, 0xFF, 0xFF, 0xF1, 0x6F, 0x6F, 0x94,
    0x07, 0x87, 0xC0, 0x57, 0xF6, 0xF5, 0x2F, 0xFF, 0xFF, 0xDB, 0xFF, 0xFF, 0xF4, 0x0F, 0x0F, 0x00,
    0x07, 0xC3, 0xC0, 0x02, 0xE1, 0xF0, 0x00, 0xF4, 0xB8, 0x00, 0x00, 0x28, 0x00, 0x00, 0x7D, 0x00,
    0x0B, 0xFF, 0xF4, 0x2F, 0xFF, 0xF4, 0x3F, 0x79, 0x70, 0x3F, 0x28, 0x00, 0x3F, 0xF8, 0x00, 0x0F,
    0xFE, 0x00, 0x02, 0xFF, 0xE0, 0x00, 0x3F, 0xF8, 0x00, 0x2A, 0xFC, 0x10, 0x28, 0xFC, 0x3E, 0xBF,
    0xFC, 0x3F, 0xFF, 0xF0, 0x1B, 0xFF, 0x80, 0x00, 0x28, 0x00, 0x00, 0x28, 0x00, 0x0B, 0xE0, 0x00,
    0xF4, 0x00, 0xBF, 0xF0, 0x0B, 0xC0, 0x03, 0xFB, 0xD0, 0x3D, 0x00, 0x1F, 0x0F, 0x82, 0xF0, 0x00,
    0x7C, 0x3E, 0x0F, 0x00, 0x01, 0xF0, 0xF8, 0xF8, 0x54, 0x03, 0xD3, 0xD7, 0xCB, 0xFC, 0x0F, 0xFF,
    0x3E, 0x7F, 0xF8, 0x0F, 0xF9, 0xF2, 0xF2, 0xF0, 0x05, 0x0F, 0x8F, 0x87, 0xC0, 0x00, 0xBC, 0x3E,
    0x1F, 0x00, 0x03, 0xD0, 0xF8, 0x7C, 0x00, 0x2F, 0x02, 0xFB, 0xF0, 0x00, 0xF4, 0x03, 0xFF, 0x40,
    0x0B, 0xC0, 0x07, 0xF4, 0x00, 0x00, 0xBF, 0x80, 0x00, 0x03, 0xFF, 0xF0, 0x00, 0x0B, 0xFB, 0xF8,
    0x00, 0x0F, 0xC1, 0xF8, 0x00, 0x0B, 0xC2, 0xF4, 0x00, 0x07, 0xFB, 0xF0, 0x00, 0x02, 0xFF, 0x80,
    0x00, 0x07, 0xFF, 0x01, 0xFC, 0x1F, 0xFF, 0xC2, 0xF8, 0x3F, 0x8B, 0xF7, 0xF0, 0x3F, 0x02, 0xFF,
    0xE0, 0x3F, 0x40, 0xBF, 0xC0, 0x3F, 0xEA, 0xFF, 0xC0, 0x0F, 0xFF, 0xFF, 0xF0, 0x02, 0xFF, 0x92,
    0xFC, 0xBC, 0xBC, 0xBC, 0x7C, 0x7C, 0x01, 0xF0, 0x0F, 0x80, 0xBC, 0x03, 0xE0, 0x1F, 0x40, 0xBC,
    0x03, 0xF0, 0x0F, 0x80, 0x3E, 0x00, 0xF8, 0x03, 0xE0, 0x0F, 0x80, 0x3F, 0x00, 0xBC, 0x01, 0xF4,
    0x03, 0xE0, 0x0B, 0xC0, 0x0F, 0x80, 0x1F, 0x00, 0x3D, 0x00, 0xBC, 0x00, 0xF8, 0x02, 0xF0, 0x03,
    0xD0, 0x0F, 0x80, 0x3F, 0x00, 0xBC, 0x02, 0xF0, 0x0B, 0xC0, 0x2F, 0x00, 0xBC, 0x03, 0xF0, 0x0F,
    0x80, 0x3E, 0x02, 0xF0, 0x0F, 0x80, 0x7C, 0x03, 0xE0, 0x00, 0x00, 0xBC, 0x00, 0x02, 0xF0, 0x00,
    0x07, 0x80, 0x0F, 0x5E, 0x6D, 0x7F, 0xFF, 0xF8, 0x6B, 0xFE, 0x90, 0x2F, 0xF0, 0x01, 0xF7, 0xE0,
    0x0F, 0xCB, 0xC0, 0x09, 0x0D, 0x00, 0x00, 0x00, 0x00, 0x00, 0x3C, 0x00, 0x00, 0xF0, 0x00, 0x03,
    0xC0, 0x05, 0x6F, 0x95, 0x3F, 0xFF, 0xFC, 0xFF, 0xFF, 0xF0, 0x03, 0xC0, 0x00, 0x0F, 0x00, 0x00,
    0x3C, 0x00, 0x00, 0xF0, 0x00, 0x1F, 0x8B, 0xC3, 0xF0, 0xF8, 0x3C, 0x00, 0x15, 0x51, 0xFF, 0xC7,
    0xFF, 0x00, 0x7D, 0xFE, 0x7D, 0x00, 0x2F, 0x40, 0x0F, 0xC0, 0x03, 0xE0, 0x02, 0xF4, 0x00, 0xFC,
    0x00, 0x7E, 0x00, 0x2F, 0x00, 0x0F, 0xC0, 0x07, 0xD0, 0x03, 0xF0, 0x00, 0xF8, 0x00, 0xBD, 0x00,
    0x3F, 0x00, 0x1F, 0x80, 0x0B, 0xC0, 0x00, 0x01, 0xFF, 0x40, 0x0B, 0xFF, 0xD0, 0x1F, 0xEB, 0xF0,
    0x2F, 0x42, 0xF8, 0x3F, 0x00, 0xFC, 0x3F, 0x00, 0xFC, 0x3F, 0x00, 0xFC, 0x3F, 0x00, 0xFC, 0x3F,
    0x00, 0xFC, 0x3F, 0x00, 0xFC, 0x3F, 0x00, 0xFC, 0x2F, 0x42, 0xF8, 0x1F, 0xEB, 0xF0, 0x0B, 0xFF,
    0xE0, 0x01, 0xFF, 0x40, 0x00, 0xBE, 0x02, 0xFE, 0x0F, 0xFE, 0x7F, 0xFE, 0x7D, 0x7E, 0x10, 0xBE,
    0x00, 0xBE, 0x00, 0xBE, 0x00, 0xBE, 0x00, 0xBE, 0x00, 0xBE, 0x00, 0xBE, 0x00, 0xBE, 0x00, 0xBE,
    0x00, 0xBE, 0x02, 0xFF, 0x40, 0x2F, 0xFF, 0xF0, 0x3F, 0xEB, 0xF4, 0x0D, 0x01, 0xF8, 0x00, 0x01,
    0xFC, 0x00, 0x02, 0xF8, 0x00, 0x03, 0xF0, 0x00, 0x0F, 0xE0, 0x00, 0x3F, 0xC0, 0x00, 0xBF, 0x00,
    0x02, 0xFC, 0x00, 0x0B, 0xF0, 0x00, 0x2F, 0xE5, 0x54, 0x3F, 0xFF, 0xFC, 0x3F, 0xFF, 0xFC, 0x06,
    0xFF, 0x40, 0x3F, 0xFF, 0xF0, 0x1F, 0x9B, 0xF8, 0x00, 0x02, 0xF8, 0x00, 0x02, 0xF4, 0x01, 0x6F,
    0xE0, 0x03, 0xFF, 0x40, 0x03, 0xFF, 0xE0, 0x00, 0x07, 0xF8, 0x00, 0x01, 0xFC, 0x00, 0x01, 0xFC,
    0x00, 0x02, 0xFC, 0x3E, 0x6F, 0xF4, 0x3F, 0xFF, 0xE0, 0x1B, 0xFE, 0x40, 0x00, 0x07, 0xF0, 0x00,
    0x0F, 0xF0, 0x00, 0x3F, 0xF0, 0x00, 0x7F, 0xF0, 0x00, 0xFB, 0xF0, 0x03, 0xF7, 0xF0, 0x07, 0xC7,
    0xF0, 0x0F, 0x47, 0xF0, 0x3F, 0x07, 0xF0, 0x7E, 0x5B, 0xF5, 0xBF, 0xFF, 0xFE, 0xBF, 0xFF, 0xFE,
    0x00, 0x07, 0xF0, 0x00, 0x07, 0xF0, 0x00, 0x07, 0xF0, 0x3F, 0xFF, 0xC3, 0xFF, 0xFC, 0x7F, 0x55,
    0x47, 0xE0, 0x00, 0x7D, 0x00, 0x0B, 0xFF, 0xD0, 0xBF, 0xFF, 0xC3, 0xAB, 0xFD, 0x00, 0x0B, 0xF0,
    0x00, 0x7F, 0x00, 0x07, 0xF4, 0x00, 0xBE, 0xF9, 0xBF, 0xDF, 0xFF, 0xF4, 0x6F, 0xF8, 0x00, 0x00,
    0x6F, 0xF0, 0x02, 0xFF, 0xF0, 0x0B, 0xFA, 0x60, 0x1F, 0xC0, 0x00, 0x2F, 0x00, 0x00, 0x3F, 0x2F,
    0x80, 0x3F, 0xFF, 0xF4, 0x3F, 0xEB, 0xFC, 0x3F, 0x40, 0xFC, 0x3F, 0x00, 0xFC, 0x3F, 0x00, 0xFC,
    0x3F, 0x40, 0xFC, 0x1F, 0xEB, 0xF8, 0x0B, 0xFF, 0xF0, 0x01, 0xBF, 0x80, 0x7F, 0xFF, 0xFC, 0x7F,
    0xFF, 0xFC, 0x15, 0x56, 0xFC, 0x00, 0x02, 0xF8, 0x00, 0x03, 0xF0, 0x00, 0x07, 0xE0, 0x00, 0x0F,
    0xC0, 0x00, 0x1F, 0xC0, 0x00, 0x3F, 0x40, 0x00, 0x3F, 0x00, 0x00, 0xBE, 0x00, 0x00, 0xFC, 0x00,
    0x02, 0xF8, 0x00, 0x03, 0xF0, 0x00, 0x07, 0xF0, 0x00, 0x02, 0xFF, 0x80, 0x0F, 0xFF, 0xF0, 0x2F,
    0xEB, 0xF8, 0x3F, 0x41, 0xF8, 0x2F, 0x41, 0xF8, 0x0F, 0xD7, 0xF0, 0x07, 0xFF, 0xC0, 0x03, 0xFF,
    0x80, 0x1F, 0xEF, 0xF0, 0x3F, 0x42, 0xFC, 0x3E, 0x00, 0xFC, 0x3F, 0x00, 0xFC, 0x3F, 0xEB, 0xFC,
    0x1F, 0xFF, 0xF0, 0x02, 0xFF, 0x80, 0x02, 0xFE, 0x40, 0x0F, 0xFF, 0xD0, 0x3F, 0xEB, 0xF0, 0x3F,
    0x01, 0xF8, 0x7F, 0x00, 0xFC, 0x7F, 0x00, 0xFC, 0x3F, 0x43, 0xFC, 0x2F, 0xFF, 0xFC, 0x0F, 0xFD,
    0xFC, 0x01, 0x50, 0xFC, 0x00, 0x01, 0xF8, 0x00, 0x03, 0xF0, 0x09, 0xBF, 0xE0, 0x1F, 0xFF, 0x80,
    0x1F, 0xF8, 0x00, 0x7D, 0xFE, 0x7D, 0x00, 0x00, 0x00, 0x00, 0x00, 0x00, 0x7D, 0xFE, 0x7D, 0x1F,
    0x0B, 0xE2, 0xF8, 0x7C, 0x00, 0x00, 0x00, 0x00, 0x00, 0x00, 0x00, 0x01, 0xF8, 0xBC, 0x3F, 0x0F,
    0x83, 0xC0, 0x00, 0x00, 0x00, 0x00, 0x00, 0x70, 0x00, 0x1F, 0xC0, 0x07, 0xFE, 0x01, 0xFF, 0x80,
    0x7F, 0xE0, 0x03, 0xF8, 0x00, 0x0F, 0xFD, 0x00, 0x02, 0xFF, 0x80, 0x00, 0xBF, 0xE0, 0x00, 0x1F,
    0xC0, 0x00, 0x06, 0x15, 0x55, 0x54, 0xFF, 0xFF, 0xF3, 0xFF, 0xFF, 0xC0, 0x00, 0x00, 0x15, 0x55,
    0x54, 0xFF, 0xFF, 0xF3, 0xFF, 0xFF, 0xC0, 0x00, 0x00, 0x00, 0x80, 0x00, 0x03, 0xE0, 0x00, 0x0B,
    0xF8, 0x00, 0x02, 0xFE, 0x00, 0x00, 0xBF, 0x80, 0x00, 0x2F, 0xC0, 0x07, 0xFE, 0x02, 0xFF, 0x80,
    0xBF, 0xD0, 0x03, 0xF4, 0x00, 0x08, 0x00, 0x00, 0x1B, 0xFD, 0x0B, 0xFF, 0xF8, 0x7E, 0x6F, 0xD1,
    0x00, 0xBD, 0x00, 0x0B, 0xD0, 0x01, 0xFC, 0x00, 0xBF, 0x40, 0x1F, 0xD0, 0x03, 0xF0, 0x00, 0x3E,
    0x00, 0x01, 0x40, 0x00, 0x00, 0x00, 0x03, 0xE0, 0x00, 0x7F, 0x00, 0x03, 0xE0, 0x00, 0x00, 0x06,
    0xFF, 0x90, 0x00, 0x07, 0xFF, 0xFF, 0x80, 0x01, 0xFF, 0xAA, 0xFF, 0x00, 0x7F, 0x1F, 0xFA, 0xF8,
    0x0F, 0xCB, 0xFF, 0xD7, 0xC1, 0xF1, 0xFE, 0xBD, 0x3D, 0x2E, 0x2F, 0x03, 0xD2, 0xE3, 0xD3, 0xE0,
    0x3C, 0x2E, 0x3D, 0x3D, 0x03, 0xC2, 0xE3, 0xD3, 0xE0, 0xBC, 0x3D, 0x3D, 0x2F, 0xAF, 0xEB, 0xC2,
    0xE0, 0xFF, 0xDF, 0xF8, 0x1F, 0x47, 0xF4, 0x7E, 0x00, 0xFD, 0x00, 0x00, 0x00, 0x03, 0xFE, 0x9A,
    0xF0, 0x00, 0x0F, 0xFF, 0xFF, 0x00, 0x00, 0x1B, 0xFE, 0x40, 0x00, 0x00, 0x3F, 0xD0, 0x00, 0x01,
    0xFF, 0x80, 0x00, 0x0B, 0xFF, 0x00, 0x00, 0x3F, 0x7D, 0x00, 0x01, 0xF8, 0xF8, 0x00, 0x0B, 0xD3,
    0xF0, 0x00, 0x3F, 0x07, 0xD0, 0x01, 0xF8, 0x0F, 0xC0, 0x0B, 0xFF, 0xFF, 0x00, 0x3F, 0xFF, 0xFD,
    0x01, 0xFF, 0xFF, 0xFC, 0x0F, 0xD0, 0x03, 0xF0, 0x3F, 0x00, 0x0B, 0xE1, 0xFC, 0x00, 0x1F, 0xCF,
    0xE0, 0x00, 0x3F, 0x00, 0x3F, 0xFF, 0x90, 0x3F, 0xFF, 0xF8, 0x3F, 0x5B, 0xFC, 0x3F, 0x00, 0xFD,
    0x3F, 0x00, 0xFD, 0x3F, 0x01, 0xFC, 0x3F, 0xFF, 0xF0, 0x3F, 0xFF, 0xE0, 0x3F, 0x5B, 0xFC, 0x3F,
    0x00, 0xFE, 0x3F, 0x00, 0xBF, 0x3F, 0x00, 0xFE, 0x3F, 0x5B, 0xFD, 0x3F, 0xFF, 0xF8, 0x3F, 0xFF,
    0x90, 0x00, 0x7F, 0xF8, 0x07, 0xFF, 0xFD, 0x1F, 0xF9, 0xBC, 0x3F, 0xC0, 0x00, 0x7F, 0x00, 0x00,
    0xBE, 0x00, 0x00, 0xFE, 0x00, 0x00, 0xFD, 0x00, 0x00, 0xFD, 0x00, 0x00, 0xBE, 0x00, 0x00, 0x7F,
    0x00, 0x00, 0x3F, 0x80, 0x00, 0x1F, 0xF9, 0xBC, 0x0B, 0xFF, 0xFC, 0x00, 0xBF, 0xE4, 0x3F, 0xFF,
    0x80, 0x03, 0xFF, 0xFF, 0x80, 0x3F, 0x5B, 0xFE, 0x03, 0xF0, 0x0B, 0xF4, 0x3F, 0x00, 0x3F, 0x83,
    0xF0, 0x01, 0xFC, 0x3F, 0x00, 0x1F, 0xC3, 0xF0, 0x00, 0xFC, 0x3F, 0x00, 0x1F, 0xC3, 0xF0, 0x01,
    0xFC, 0x3F, 0x00, 0x3F, 0x83, 0xF0, 0x0B, 0xF0, 0x3F, 0x5B, 0xFD, 0x03, 0xFF, 0xFF, 0x40, 0x3F,
    0xFF, 0x40, 0x00, 0x3F, 0xFF, 0xD3, 0xFF, 0xFD, 0x3F, 0x55, 0x43, 0xF0, 0x00, 0x3F, 0x00, 0x03,
    0xF0, 0x00, 0x3F, 0xFF, 0xC3, 0xFF, 0xFC, 0x3F, 0x55, 0x43, 0xF0, 0x00, 0x3F, 0x00, 0x03, 0xF0,
    0x00, 0x3F, 0x55, 0x43, 0xFF, 0xFD, 0x3F, 0xFF, 0xD0, 0x3F, 0xFF, 0xD3, 0xFF, 0xFD, 0x3F, 0x55,
    0x43, 0xF0, 0x00, 0x3F, 0x00, 0x03, 0xF0, 0x00, 0x3F, 0x55, 0x43, 0xFF, 0xFC, 0x3F, 0xFF, 0xC3,
    0xF0, 0x00, 0x3F, 0x00, 0x03, 0xF0, 0x00, 0x3F, 0x00, 0x03, 0xF0, 0x00, 0x3F, 0x00, 0x00, 0x00,
    0x6F, 0xF9, 0x00, 0xFF, 0xFF, 0xC0, 0xFF, 0xAA, 0xE0, 0xFF, 0x00, 0x00, 0x7F, 0x00, 0x00, 0x2F,
    0xC0, 0x00, 0x0B, 0xE0, 0x15, 0x53, 0xF4, 0x1F, 0xFD, 0xBE, 0x07, 0xFF, 0x6F, 0x80, 0x0B, 0xD7,
    0xF0, 0x02, 0xF4, 0xFE, 0x00, 0xBD, 0x1F, 0xF9, 0xBF, 0x42, 0xFF, 0xFF, 0xD0, 0x0B, 0xFF, 0x90,
    0x3F, 0x00, 0x0F, 0xC3, 0xF0, 0x00, 0xFC, 0x3F, 0x00, 0x0F, 0xC3, 0xF0, 0x00, 0xFC, 0x3F, 0x00,
    0x0F, 0xC3, 0xF0, 0x00, 0xFC, 0x3F, 0xFF, 0xFF, 0xC3, 0xFF, 0xFF, 0xFC, 0x3F, 0x55, 0x6F, 0xC3,
    0xF0, 0x00, 0xFC, 0x3F, 0x00, 0x0F, 0xC3, 0xF0, 0x00, 0xFC, 0x3F, 0x00, 0x0F, 0xC3, 0xF0, 0x00,
    0xFC, 0x3F, 0x00, 0x0F, 0xC0, 0x7F, 0xFD, 0x7F, 0xFD, 0x1F, 0xF4, 0x0B, 0xE0, 0x0B, 0xE0, 0x0B,
    0xE0, 0x0B, 0xE0, 0x0B, 0xE0, 0x0B, 0xE0, 0x0B, 0xE0, 0x0B, 0xE0, 0x0B, 0xE0, 0x0F, 0xF0, 0x7F,
    0xFD, 0x7F, 0xFD, 0x00, 0xFC, 0x00, 0xFC, 0x00, 0xFC, 0x00, 0xFC, 0x00, 0xFC, 0x00, 0xFC, 0x00,
    0xFC, 0x00, 0xFC, 0x00, 0xFC, 0x00, 0xFC, 0x00, 0xFC, 0x00, 0xFC, 0x00, 0xFC, 0x00, 0xFC, 0x00,
    0xFC, 0x00, 0xFC, 0x01, 0xFC, 0x6B, 0xF4, 0xBF, 0xF0, 0x7F, 0x80, 0x3F, 0x00, 0x3F, 0x4F, 0xC0,
    0x3F, 0x83, 0xF0, 0x2F, 0xC0, 0xFC, 0x1F, 0xC0, 0x3F, 0x0F, 0xD0, 0x0F, 0xCF, 0xE0, 0x03, 0xFB,
    0xF0, 0x00, 0xFF, 0xFC, 0x00, 0x3F, 0xFF, 0xC0, 0x0F, 0xD3, 0xF4, 0x03, 0xF0, 0xBF, 0x00, 0xFC,
    0x0F, 0xE0, 0x3F, 0x01, 0xFD, 0x0F, 0xC0, 0x2F, 0xC3, 0xF0, 0x03, 0xF8, 0x3F, 0x00, 0x03, 0xF0,
    0x00, 0x3F, 0x00, 0x03, 0xF0, 0x00, 0x3F, 0x00, 0x03, 0xF0, 0x00, 0x3F, 0x00, 0x03, 0xF0, 0x00,
    0x3F, 0x00, 0x03, 0xF0, 0x00, 0x3F, 0x00, 0x03, 0xF0, 0x00, 0x3F, 0xAA, 0xA3, 0xFF, 0xFF, 0x3F,
    0xFF, 0xF0, 0x3F, 0xD0, 0x00, 0xBF, 0xCF, 0xF8, 0x00, 0x3F, 0xF3, 0xFF, 0x00, 0x1F, 0xFC, 0xFF,
    0xC0, 0x0B, 0xFF, 0x3E, 0xF8, 0x03, 0xEF, 0xCF, 0xBF, 0x01, 0xF7, 0xF3, 0xE7, 0xC0, 0xBC, 0xFC,
    0xF8, 0xF4, 0x3E, 0x3F, 0x3E, 0x3F, 0x1F, 0x0F, 0xCF, 0x8B, 0xCB, 0xC3, 0xF3, 0xE0, 0xF7, 0xE0,
    0xFC, 0xF8, 0x3F, 0xF0, 0x3F, 0x3E, 0x0B, 0xFC, 0x0F, 0xCF, 0x81, 0xFE, 0x03, 0xF3, 0xE0, 0x3F,
    0x00, 0xFC, 0x3F, 0xC0, 0x03, 0xF0, 0xFF, 0x80, 0x0F, 0xC3, 0xFF, 0x40, 0x3F, 0x0F, 0xFF, 0x00,
    0xFC, 0x3E, 0xFD, 0x03, 0xF0, 0xF9, 0xFC, 0x0F, 0xC3, 0xE3, 0xF8, 0x3F, 0x0F, 0x83, 0xF0, 0xFC,
    0x3E, 0x0B, 0xE2, 0xF0, 0xF8, 0x0F, 0xDB, 0xC3, 0xE0, 0x2F, 0xEF, 0x0F, 0x80, 0x3F, 0xFC, 0x3E,
    0x00, 0x7F, 0xF0, 0xF8, 0x00, 0xFF, 0xC3, 0xE0, 0x00, 0xFF, 0x00, 0x00, 0xBF, 0xE4, 0x00, 0x1F,
    0xFF, 0xFC, 0x01, 0xFF, 0x9B, 0xFC, 0x0F, 0xE0, 0x03, 0xF4, 0x7F, 0x00, 0x0B, 0xF2, 0xF8, 0x00,
    0x1F, 0xCF, 0xE0, 0x00, 0x3F, 0x3F, 0x80, 0x00, 0xFD, 0xFE, 0x00, 0x03, 0xF2, 0xF8, 0x00, 0x1F,
    0xC7, 0xF0, 0x00, 0xBF, 0x0F, 0xE0, 0x03, 0xF4, 0x1F, 0xF9, 0xBF, 0xC0, 0x1F, 0xFF, 0xFC, 0x00,
    0x0B, 0xFE, 0x40, 0x00, 0x3F, 0xFF, 0x40, 0x3F, 0xFF, 0xF0, 0x3F, 0x5B, 0xF8, 0x3F, 0x01, 0xFC,
    0x3F, 0x00, 0xFC, 0x3F, 0x01, 0xFC, 0x3F, 0x07, 0xF8, 0x3F, 0xFF, 0xF0, 0x3F, 0xFF, 0xC0, 0x3F,
    0x54, 0x00, 0x3F, 0x00, 0x00, 0x3F, 0x00, 0x00, 0x3F, 0x00, 0x00, 0x3F, 0x00, 0x00, 0x3F, 0x00,
    0x00, 0x00, 0xBF, 0xE4, 0x00, 0x1F, 0xFF, 0xFC, 0x01, 0xFF, 0x9B, 0xFC, 0x0F, 0xE0, 0x03, 0xF4,
    0x7F, 0x00, 0x0B, 0xF2, 0xF8, 0x00, 0x1F, 0xCF, 0xE0, 0x00, 0x3F, 0x3F, 0x80, 0x00, 0xFD, 0xFE,
    0x00, 0x03, 0xF2, 0xF8, 0x00, 0x1F, 0xC7, 0xF0, 0x00, 0xBF, 0x0F, 0xE0, 0x03, 0xF8, 0x1F, 0xF9,
    0xBF, 0xC0, 0x1F, 0xFF, 0xFC, 0x00, 0x0B, 0xFF, 0xC0, 0x00, 0x00, 0x3F, 0x80, 0x00, 0x00, 0x7F,
    0x80, 0x00, 0x00, 0xBF, 0x40, 0x00, 0x00, 0x55, 0x00, 0x3F, 0xFF, 0x80, 0x0F, 0xFF, 0xFC, 0x03,
    0xF5, 0xBF, 0xC0, 0xFC, 0x07, 0xF0, 0x3F, 0x00, 0xFC, 0x0F, 0xC0, 0x7F, 0x03, 0xF5, 0xBF, 0x40,
    0xFF, 0xFF, 0x40, 0x3F, 0xFF, 0x80, 0x0F, 0xC3, 0xF4, 0x03, 0xF0, 0x7F, 0x00, 0xFC, 0x0F, 0xE0,
    0x3F, 0x01, 0xFC, 0x0F, 0xC0, 0x3F, 0xC3, 0xF0, 0x03, 0xF4, 0x01, 0xFF, 0x90, 0x3F, 0xFF, 0xD2,
    0xFE, 0xAF, 0x0F, 0xD0, 0x00, 0x3F, 0x40, 0x00, 0xBF, 0x40, 0x00, 0xFF, 0xD0, 0x00, 0xFF, 0xF0,
    0x00, 0x7F, 0xF0, 0x00, 0x2F, 0xD0, 0x00, 0x2F, 0x84, 0x00, 0xBE, 0x3F, 0x9B, 0xF0, 0xFF, 0xFF,
    0x81, 0xBF, 0xE4, 0x00, 0xBF, 0xFF, 0xFE, 0xBF, 0xFF, 0xFE, 0x55, 0xFF, 0x55, 0x00, 0xBE, 0x00,
    0x00, 0xBE, 0x00, 0x00, 0xBE, 0x00, 0x00, 0xBE, 0x00, 0x00, 0xBE, 0x00, 0x00, 0xBE, 0x00, 0x00,
    0xBE, 0x00, 0x00, 0xBE, 0x00, 0x00, 0xBE, 0x00, 0x00, 0xBE, 0x00, 0x00, 0xBE, 0x00, 0x00, 0xBE,
    0x00, 0x3F, 0x00, 0x0F, 0xCF, 0xC0, 0x03, 0xF3, 0xF0, 0x00, 0xFC, 0xFC, 0x00, 0x3F, 0x3F, 0x00,
    0x0F, 0xCF, 0xC0, 0x03, 0xF3, 0xF0, 0x00, 0xFC, 0xFC, 0x00, 0x3F, 0x3F, 0x00, 0x0F, 0xCF, 0xC0,
    0x03, 0xF3, 0xF0, 0x01, 0xFC, 0xFE, 0x00, 0xFE, 0x1F, 0xFF, 0xFF, 0x02, 0xFF, 0xFF, 0x40, 0x1B,
    0xFE, 0x00, 0xFD, 0x00, 0x0F, 0xD7, 0xE0, 0x00, 0xFC, 0x3F, 0x00, 0x1F, 0x83, 0xF4, 0x03, 0xF4,
    0x1F, 0x80, 0x3F, 0x00, 0xFC, 0x07, 0xE0, 0x0F, 0xC0, 0xBD, 0x00, 0x7E, 0x0F, 0xC0, 0x03, 0xF1,
    0xF8, 0x00, 0x3F, 0x2F, 0x40, 0x01, 0xF7, 0xF0, 0x00, 0x0F, 0xBE, 0x00, 0x00, 0xFF, 0xD0, 0x00,
    0x07, 0xFC, 0x00, 0x00, 0x3F, 0x80, 0x00, 0xFC, 0x00, 0xBE, 0x00, 0x3F, 0x2F, 0x40, 0x3F, 0xC0,
    0x1F, 0xC7, 0xE0, 0x0F, 0xF0, 0x0B, 0xE0, 0xFC, 0x07, 0xFD, 0x03, 0xF4, 0x3F, 0x02, 0xFF, 0x80,
    0xFC, 0x0B, 0xD0, 0xFA, 0xF0, 0x3E, 0x01, 0xF8, 0x3E, 0x7C, 0x1F, 0x40, 0x3F, 0x1F, 0x4F, 0x4B,
    0xC0, 0x0F, 0xCB, 0xC3, 0xE3, 0xF0, 0x02, 0xF7, 0xF0, 0xBC, 0xF8, 0x00, 0x7D, 0xF8, 0x1F, 0x7D,
    0x00, 0x0F, 0xFD, 0x03, 0xFF, 0x00, 0x03, 0xFF, 0x00, 0xFF, 0xC0, 0x00, 0xBF, 0xC0, 0x2F, 0xE0,
    0x00, 0x1F, 0xE0, 0x07, 0xF4, 0x00, 0x7F, 0x00, 0x1F, 0xC2, 0xFC, 0x03, 0xF8, 0x0F, 0xD0, 0x7F,
    0x00, 0x7F, 0x0F, 0xD0, 0x03, 0xFA, 0xF8, 0x00, 0x0F, 0xFF, 0x00, 0x00, 0xBF, 0xD0, 0x00, 0x03,
    0xFC, 0x00, 0x00, 0xFF, 0xE0, 0x00, 0x1F, 0xFF, 0x00, 0x03, 0xF6, 0xFC, 0x00, 0xBF, 0x0F, 0xE0,
    0x1F, 0xC0, 0x7F, 0x03, 0xF8, 0x02, 0xFC, 0xBF, 0x00, 0x0F, 0xE0, 0xBE, 0x00, 0x2F, 0xC3, 0xF0,
    0x03, 0xF0, 0x2F, 0x80, 0xBE, 0x00, 0xFC, 0x0F, 0xC0, 0x0B, 0xE2, 0xF8, 0x00, 0x3F, 0x7F, 0x00,
    0x02, 0xFF, 0xE0, 0x00, 0x0F, 0xFC, 0x00, 0x00, 0xBF, 0x40, 0x00, 0x03, 0xF0, 0x00, 0x00, 0x3F,
    0x00, 0x00, 0x03, 0xF0, 0x00, 0x00, 0x3F, 0x00, 0x00, 0x03, 0xF0, 0x00, 0x00, 0x3F, 0x00, 0x00,
    0x7F, 0xFF, 0xFD, 0x7F, 0xFF, 0xFD, 0x15, 0x57, 0xFC, 0x00, 0x03, 0xF4, 0x00, 0x0B, 0xE0, 0x00,
    0x1F, 0xC0, 0x00, 0x3F, 0x40, 0x00, 0xBE, 0x00, 0x01, 0xFC, 0x00, 0x03, 0xF4, 0x00, 0x0F, 0xE0,
    0x00, 0x1F, 0xC0, 0x00, 0x3F, 0x95, 0x55, 0x7F, 0xFF, 0xFE, 0xBF, 0xFF, 0xFE, 0xBF, 0xDB, 0xFD,
    0xBE, 0x4B, 0xC0, 0xBC, 0x0B, 0xC0, 0xBC, 0x0B, 0xC0, 0xBC, 0x0B, 0xC0, 0xBC, 0x0B, 0xC0, 0xBC,
    0x0B, 0xC0, 0xBC, 0x0B, 0xC0, 0xBE, 0x4B, 0xFD, 0xBF, 0xD0, 0xBC, 0x00, 0x1F, 0x80, 0x03, 0xF0,
    0x00, 0xBC, 0x00, 0x0F, 0x80, 0x03, 0xF0, 0x00, 0x7D, 0x00, 0x0F, 0x80, 0x02, 0xF0, 0x00, 0x7D,
    0x00, 0x0F, 0xC0, 0x02, 0xF0, 0x00, 0x7E, 0x00, 0x0F, 0xC0, 0x02, 0xF4, 0x7F, 0xD7, 0xFD, 0x1B,
    0xD0, 0x3D, 0x03, 0xD0, 0x3D, 0x03, 0xD0, 0x3D, 0x03, 0xD0, 0x3D, 0x03, 0xD0, 0x3D, 0x03, 0xD0,
    0x3D, 0x03, 0xD0, 0x3D, 0x1B, 0xD7, 0xFD, 0x7F, 0xD0, 0x00, 0x78, 0x00, 0x00, 0xBC, 0x00, 0x00,
    0xFE, 0x00, 0x02, 0xEF, 0x00, 0x03, 0xCB, 0x80, 0x0B, 0xC3, 0xC0, 0x0F, 0x42, 0xE0, 0x1F, 0x00,
    0xF0, 0x3E, 0x00, 0xB8, 0x7C, 0x00, 0x3C, 0x3F, 0xFF, 0xE0, 0x00, 0x00, 0x1A, 0x40, 0x7F, 0x00,
    0x7F, 0x00, 0x3E, 0x01, 0xFF, 0x80, 0x3F, 0xFF, 0xC0, 0x7A, 0xBF, 0x80, 0x00, 0x7F, 0x00, 0x56,
    0xFC, 0x2F, 0xFF, 0xF2, 0xFF, 0xFF, 0xCF, 0xE0, 0x3F, 0x3F, 0x01, 0xFC, 0xFF, 0x6F, 0xF2, 0xFF,
    0xFB, 0xC1, 0xFE, 0x1F, 0x7E, 0x00, 0x00, 0x7E, 0x00, 0x00, 0x7E, 0x00, 0x00, 0x7E, 0x00, 0x00,
    0x7E, 0x3F, 0x80, 0x7F, 0xFF, 0xF0, 0x7F, 0xEB, 0xF8, 0x7F, 0x02, 0xFC, 0x7F, 0x00, 0xFC, 0x7E,
    0x00, 0xFC, 0x7E, 0x00, 0xFC, 0x7F, 0x00, 0xFC, 0x7F, 0x02, 0xFC, 0x7F, 0xEB, 0xF8, 0x7F, 0xFF,
    0xF0, 0x7C, 0xBF, 0x80, 0x00, 0xBF, 0xD0, 0x1F, 0xFF, 0xC0, 0xFF, 0xAE, 0x0B, 0xF0, 0x00, 0x3F,
    0x40, 0x00, 0xFC, 0x00, 0x03, 0xF0, 0x00, 0x0F, 0xD0, 0x00, 0x2F, 0xC0, 0x00, 0x7F, 0xEB, 0xC0,
    0xBF, 0xFF, 0x00, 0x6F, 0xE4, 0x00, 0x00, 0xBE, 0x00, 0x00, 0xBE, 0x00, 0x00, 0xBE, 0x00, 0x00,
    0xBE, 0x02, 0xFD, 0x7E, 0x0B, 0xFF, 0xFE, 0x1F, 0xEB, 0xFE, 0x2F, 0x80, 0xFE, 0x3F, 0x40, 0x7E,
    0x3F, 0x00, 0x7E, 0x3F, 0x00, 0x7E, 0x3F, 0x40, 0x7E, 0x2F, 0x80, 0xFE, 0x1F, 0xEB, 0xFE, 0x0F,
    0xFF, 0xBE, 0x02, 0xFD, 0x3E, 0x00, 0xBF, 0x80, 0x07, 0xFF, 0xF0, 0x0F, 0xEA, 0xFC, 0x2F, 0x80,
    0xFC, 0x3F, 0x95, 0xBD, 0x3F, 0xFF, 0xFD, 0x3F, 0xFF, 0xFD, 0x3F, 0x40, 0x00, 0x2F, 0x80, 0x00,
    0x0F, 0xFA, 0xBC, 0x07, 0xFF, 0xFC, 0x00, 0xBF, 0xE4, 0x01, 0xFF, 0x81, 0xFF, 0xE0, 0xFF, 0x60,
    0x3F, 0x40, 0x2F, 0xFF, 0x2F, 0xFF, 0xC5, 0xFE, 0x50, 0x3F, 0x00, 0x0F, 0xC0, 0x03, 0xF0, 0x00,
    0xFC, 0x00, 0x3F, 0x00, 0x0F, 0xC0, 0x03, 0xF0, 0x00, 0xFC, 0x00, 0x3F, 0x00, 0x02, 0xFD, 0x3E,
    0x0B, 0xFF, 0xBE, 0x1F, 0xEB, 0xFE, 0x2F, 0x80, 0xFE, 0x3F, 0x40, 0x7E, 0x3F, 0x00, 0x7E, 0x3F,
    0x00, 0x7E, 0x3F, 0x40, 0x7E, 0x2F, 0x80, 0xBE, 0x1F, 0xEA, 0xFE, 0x0F, 0xFF, 0xFE, 0x02, 0xFD,
    0x7E, 0x00, 0x00, 0xBE, 0x00, 0x00, 0xFD, 0x1E, 0x9B, 0xFC, 0x1F, 0xFF, 0xF4, 0x0B, 0xFF, 0x80,
    0x7E, 0x00, 0x00, 0x7E, 0x00, 0x00, 0x7E, 0x00, 0x00, 0x7E, 0x00, 0x00, 0x7E, 0x2F, 0xD0, 0x7F,
    0xFF, 0xF4, 0x7F, 0xEB, 0xFC, 0x7F, 0x01, 0xFC, 0x7F, 0x00, 0xFC, 0x7E, 0x00, 0xFC, 0x7E, 0x00,
    0xFC, 0x7E, 0x00, 0xFC, 0x7E, 0x00, 0xFC, 0x7E, 0x00, 0xFC, 0x7E, 0x00, 0xFC, 0x7E, 0x00, 0xFC,
    0x3D, 0xBF, 0x3D, 0x00, 0x7E, 0x7E, 0x7E, 0x7E, 0x7E, 0x7E, 0x7E, 0x7E, 0x7E, 0x7E, 0x7E, 0x7E,
    0x00, 0xF4, 0x0B, 0xF0, 0x0F, 0x40, 0x00, 0x01, 0xF8, 0x07, 0xE0, 0x1F, 0x80, 0x7E, 0x01, 0xF8,
    0x07, 0xE0, 0x1F, 0x80, 0x7E, 0x01, 0xF8, 0x07, 0xE0, 0x1F, 0x80, 0x7E, 0x01, 0xF8, 0x0B, 0xE2,
    0xBF, 0x4F, 0xFC, 0x3F, 0x80, 0x7E, 0x00, 0x00, 0x7E, 0x00, 0x00, 0x7E, 0x00, 0x00, 0x7E, 0x00,
    0x00, 0x7E, 0x01, 0xFC, 0x7E, 0x03, 0xF4, 0x7E, 0x0F, 0xD0, 0x7E, 0x3F, 0x80, 0x7E, 0xBE, 0x00,
    0x7F, 0xFD, 0x00, 0x7F, 0xFF, 0x00, 0x7F, 0xAF, 0x80, 0x7F, 0x0F, 0xD0, 0x7E, 0x07, 0xF0, 0x7E,
    0x02, 0xFC, 0x7E, 0x00, 0xFE, 0x7E, 0x7E, 0x7E, 0x7E, 0x7E, 0x7E, 0x7E, 0x7E, 0x7E, 0x7E, 0x7E,
    0x7E, 0x7E, 0x7E, 0x7E, 0x7E, 0x7C, 0x7F, 0x81, 0xFE, 0x07, 0xEF, 0xFF, 0xBF, 0xFC, 0x7F, 0xEB,
    0xFF, 0xAF, 0xE7, 0xF0, 0x2F, 0xD0, 0xBF, 0x7F, 0x01, 0xFC, 0x07, 0xF7, 0xE0, 0x1F, 0xC0, 0x7F,
    0x7E, 0x01, 0xFC, 0x07, 0xF7, 0xE0, 0x1F, 0xC0, 0x7F, 0x7E, 0x01, 0xFC, 0x07, 0xF7, 0xE0, 0x1F,
    0xC0, 0x7F, 0x7E, 0x01, 0xFC, 0x07, 0xF7, 0xE0, 0x1F, 0xC0, 0x7F, 0x7C, 0x7F, 0xD0, 0x7E, 0xFF,
    0xF4, 0x7F, 0xEB, 0xFC, 0x7F, 0x01, 0xFC, 0x7F, 0x00, 0xFC, 0x7E, 0x00, 0xFC, 0x7E, 0x00, 0xFC,
    0x7E, 0x00, 0xFC, 0x7E, 0x00, 0xFC, 0x7E, 0x00, 0xFC, 0x7E, 0x00, 0xFC, 0x7E, 0x00, 0xFC, 0x00,
    0xBF, 0x80, 0x01, 0xFF, 0xFD, 0x00, 0xFE, 0xAF, 0xC0, 0xBE, 0x02, 0xF8, 0x3F, 0x40, 0x7F, 0x0F,
    0xC0, 0x0F, 0xC3, 0xF0, 0x03, 0xF0, 0xFD, 0x01, 0xFC, 0x2F, 0x80, 0xBE, 0x03, 0xFE, 0xFF, 0x00,
    0x7F, 0xFF, 0x40, 0x02, 0xFE, 0x00, 0x7C, 0x3F, 0x80, 0x7E, 0xFF, 0xF0, 0x7F, 0xEB, 0xF8, 0x7F,
    0x02, 0xFC, 0x7F, 0x00, 0xFC, 0x7E, 0x00, 0xFC, 0x7E, 0x00, 0xFC, 0x7F, 0x00, 0xFC, 0x7F, 0x02,
    0xFC, 0x7F, 0xEB, 0xF4, 0x7F, 0xFF, 0xF0, 0x7E, 0x7F, 0x80, 0x7E, 0x00, 0x00, 0x7E, 0x00, 0x00,
    0x7E, 0x00, 0x00, 0x7E, 0x00, 0x00, 0x7E, 0x00, 0x00, 0x02, 0xFD, 0x3E, 0x0B, 0xFF, 0xBE, 0x1F,
    0xEB, 0xFE, 0x2F, 0x80, 0xFE, 0x3F, 0x40, 0x7E, 0x3F, 0x00, 0x7E, 0x3F, 0x00, 0x7E, 0x3F, 0x40,
    0x7E, 0x2F, 0x80, 0xBE, 0x1F, 0xEA, 0xFE, 0x0F, 0xFF, 0xFE, 0x02, 0xFD, 0x7E, 0x00, 0x00, 0xBE,
    0x00, 0x00, 0xBE, 0x00, 0x00, 0xBE, 0x00, 0x00, 0xBE, 0x00, 0x00, 0xBE, 0x7C, 0x2F, 0x1F, 0xBF,
    0xC7, 0xFE, 0x51, 0xFD, 0x00, 0x7F, 0x00, 0x1F, 0x80, 0x07, 0xE0, 0x01, 0xF8, 0x00, 0x7E, 0x00,
    0x1F, 0x80, 0x07, 0xE0, 0x01, 0xF8, 0x00, 0x06, 0xFE, 0x41, 0xFF, 0xFC, 0x3F, 0xAB, 0xC3, 0xF0,
    0x00, 0x3F, 0xD0, 0x00, 0xFF, 0xE0, 0x02, 0xFF, 0xC0, 0x01, 0xFD, 0x00, 0x07, 0xE3, 0xE6, 0xFD,
    0x3F, 0xFF, 0xC1, 0xFF, 0xE0, 0x01, 0x80, 0x01, 0xF0, 0x00, 0xBC, 0x00, 0xBF, 0xFD, 0xBF, 0xFF,
    0x47, 0xF9, 0x40, 0xFC, 0x00, 0x3F, 0x00, 0x0F, 0xC0, 0x03, 0xF0, 0x00, 0xFC, 0x00, 0x3F, 0x00,
    0x0F, 0xFA, 0x42, 0xFF, 0xD0, 0x2F, 0xF0, 0xBE, 0x00, 0xFE, 0xF8, 0x03, 0xFB, 0xE0, 0x0F, 0xEF,
    0x80, 0x3F, 0xBE, 0x00, 0xFE, 0xF8, 0x03, 0xFB, 0xE0, 0x0F, 0xEF, 0x80, 0x7F, 0x7F, 0x02, 0xFD,
    0xFE, 0x6F, 0xF3, 0xFF, 0xEB, 0xC2, 0xFD, 0x2F, 0xFD, 0x00, 0xBE, 0x7E, 0x00, 0xFD, 0x3F, 0x00,
    0xFC, 0x2F, 0x41, 0xF8, 0x1F, 0x83, 0xF4, 0x0F, 0xC3, 0xF0, 0x0B, 0xC7, 0xE0, 0x07, 0xEB, 0xC0,
    0x03, 0xFF, 0xC0, 0x02, 0xFF, 0x40, 0x00, 0xFF, 0x00, 0x00, 0xFE, 0x00, 0xBD, 0x03, 0xFC, 0x0B,
    0xD7, 0xE0, 0x3F, 0xC0, 0xFC, 0x3F, 0x07, 0xFC, 0x0F, 0xC3, 0xF0, 0xBB, 0xD1, 0xF8, 0x2F, 0x4F,
    0x6E, 0x2F, 0x41, 0xF8, 0xF1, 0xF3, 0xF0, 0x0F, 0xDF, 0x0F, 0x3F, 0x00, 0xFD, 0xF0, 0xF7, 0xE0,
    0x0B, 0xEE, 0x0F, 0xFD, 0x00, 0x3F, 0xD0, 0xBF, 0xC0, 0x03, 0xFC, 0x07, 0xFC, 0x00, 0x2F, 0xC0,
    0x3F, 0x40, 0x7F, 0x00, 0xFD, 0x3F, 0x82, 0xFC, 0x0F, 0xC3, 0xF0, 0x0B, 0xFF, 0xE0, 0x03, 0xFF,
    0xC0, 0x01, 0xFF, 0x40, 0x01, 0xFF, 0x40, 0x03, 0xFF, 0xC0, 0x0B, 0xEB, 0xE0, 0x1F, 0xC3, 0xF4,
    0x3F, 0x41, 0xFC, 0xBF, 0x00, 0xFE, 0xFD, 0x00, 0xBE, 0x7F, 0x00, 0xFD, 0x3F, 0x00, 0xFC, 0x2F,
    0x41, 0xF8, 0x1F, 0x83, 0xF4, 0x0F, 0xC3, 0xF0, 0x0B, 0xD7, 0xE0, 0x03, 0xEB, 0xC0, 0x02, 0xFF,
    0xC0, 0x01, 0xFF, 0x40, 0x00, 0xFF, 0x00, 0x00, 0xBE, 0x00, 0x00, 0xFD, 0x00, 0x01, 0xFC, 0x00,
    0x2B, 0xF4, 0x00, 0x7F, 0xE0, 0x00, 0x3F, 0x80, 0x00, 0x3F, 0xFF, 0xD3, 0xFF, 0xFD, 0x15, 0x6F,
    0xC0, 0x03, 0xF4, 0x00, 0xBF, 0x00, 0x0F, 0xC0, 0x03, 0xF4, 0x00, 0xBE, 0x00, 0x1F, 0xC0, 0x03,
    0xF9, 0x55, 0x7F, 0xFF, 0xE7, 0xFF, 0xFE, 0x00, 0xBD, 0x03, 0xFD, 0x03, 0xF8, 0x03, 0xE0, 0x03,
    0xE0, 0x03, 0xE0, 0x03, 0xE0, 0x0B, 0xD0, 0xBF, 0x80, 0xBE, 0x00, 0x6F, 0xD0, 0x07, 0xE0, 0x03,
    0xE0, 0x03, 0xE0, 0x03, 0xE0, 0x03, 0xE0, 0x03, 0xF8, 0x02, 0xFD, 0x00, 0xBD, 0x7D, 0xF7, 0xDF,
    0x7D, 0xF7, 0xDF, 0x7D, 0xF7, 0xDF, 0x7D, 0xF7, 0xDF, 0x7D, 0xF7, 0xDF, 0x7C, 0x3E, 0x00, 0x3F,
    0xC0, 0x2F, 0xD0, 0x07, 0xD0, 0x07, 0xD0, 0x07, 0xD0, 0x07, 0xD0, 0x07, 0xF0, 0x02, 0xFF, 0x00,
    0xBF, 0x03, 0xF9, 0x07, 0xE0, 0x07, 0xD0, 0x07, 0xD0, 0x07, 0xD0, 0x07, 0xD0, 0x2F, 0xC0, 0x3F,
    0xC0, 0x3E, 0x00, 0x05, 0x40, 0x00, 0xFF, 0xF9, 0xB3, 0xFF, 0xFF, 0xC8, 0x06, 0xFD, 0x00, 0x00,
    0x00, 0x7C, 0xBE, 0xBE, 0x7C, 0x00, 0x00, 0x7C, 0x7D, 0x7D, 0x7D, 0xBD, 0xBD, 0xBE, 0xBE, 0xBE,
    0xFE, 0x00, 0x78, 0x00, 0x07, 0x90, 0x07, 0xFF, 0xD2, 0xFF, 0xFC, 0x3F, 0x81, 0x47, 0xF0, 0x00,
    0x7E, 0x00, 0x0B, 0xE0, 0x00, 0x7F, 0x00, 0x07, 0xF0, 0x00, 0x3F, 0xE6, 0xC1, 0xFF, 0xFC, 0x02,
    0xFF, 0x80, 0x07, 0x80, 0x00, 0x78, 0x00, 0x00, 0x7F, 0xE4, 0x02, 0xFF, 0xFC, 0x03, 0xFA, 0xB4,
    0x07, 0xF0, 0x00, 0x07, 0xE0, 0x00, 0x1B, 0xF5, 0x50, 0x3F, 0xFF, 0xE0, 0x3F, 0xFF, 0xE0, 0x07,
    0xE0, 0x00, 0x07, 0xE0, 0x00, 0x07, 0xE0, 0x00, 0x0F, 0xC0, 0x00, 0x2F, 0xD5, 0x54, 0x3F, 0xFF,
    0xFE, 0x3F, 0xFF, 0xFE, 0x10, 0x00, 0x4B, 0xAF, 0xBD, 0x7F, 0xFF, 0xC3, 0xFA, 0xF8, 0x3D, 0x07,
    0xC3, 0xC0, 0x3C, 0x3D, 0x07, 0xC2, 0xFA, 0xF8, 0x7F, 0xFF, 0xCB, 0xEF, 0xBD, 0x10, 0x00, 0x40,
    0xBD, 0x00, 0xBE, 0x3F, 0x00, 0xFC, 0x2F, 0x41, 0xF4, 0x0F, 0xC3, 0xF0, 0x07, 0xC7, 0xD0, 0x03,
    0xEF, 0xC0, 0x01, 0xFF, 0x00, 0x0F, 0xFF, 0xF0, 0x0F, 0xFF, 0xF0, 0x05, 0xBE, 0x50, 0x05, 0xBE,
    0x50, 0x0F, 0xFF, 0xF0, 0x0F, 0xFF, 0xF0, 0x00, 0xBD, 0x00, 0x00, 0xBD, 0x00, 0x7D, 0xF7, 0xDF,
    0x7D, 0xF7, 0xDF, 0x7C, 0x00, 0x00, 0x7D, 0xF7, 0xDF, 0x7D, 0xF7, 0xDF, 0x7C, 0x0B, 0xF8, 0x1F,
    0xFF, 0xCB, 0xE6, 0xE2, 0xF0, 0x00, 0x7F, 0x40, 0x0B, 0xFD, 0x07, 0xDF, 0xE2, 0xE0, 0xBC, 0xBC,
    0x1F, 0x0F, 0xEF, 0x80, 0xBF, 0xC0, 0x01, 0xFC, 0x00, 0x1F, 0x3E, 0x6F, 0xCF, 0xFF, 0xD0, 0xBF,
    0x90, 0x14, 0x04, 0x7D, 0x3F, 0x3C, 0x2E, 0x00, 0x6F, 0xE4, 0x00, 0x02, 0xE4, 0x6F, 0x00, 0x0F,
    0x00, 0x02, 0xC0, 0x2C, 0x0B, 0xE0, 0xB0, 0x34, 0x3F, 0xF4, 0x38, 0xB0, 0xB8, 0x10, 0x2C, 0xE0,
    0xF0, 0x00, 0x1C, 0xE0, 0xE0, 0x00, 0x0D, 0xD0, 0xE0, 0x00, 0x0D, 0xE0, 0xE0, 0x00, 0x1C, 0xB0,
    0xF4, 0x00, 0x2C, 0x70, 0x7F, 0xF4, 0x38, 0x3C, 0x1F, 0xE0, 0xB0, 0x0E, 0x00, 0x01, 0xD0, 0x03,
    0xD0, 0x1F, 0x40, 0x00, 0xBF, 0xF8, 0x00, 0x00, 0x00, 0x00, 0x00, 0x1F, 0xE0, 0x29, 0xBC, 0x00,
    0x3C, 0x2F, 0xFC, 0x7D, 0x7C, 0x7C, 0x7C, 0x3F, 0xEC, 0x04, 0x04, 0x00, 0x00, 0x00, 0x00, 0xF4,
    0x3D, 0x03, 0xF0, 0xFD, 0x0F, 0xD2, 0xF8, 0x2F, 0x8B, 0xF0, 0x3F, 0x0F, 0xD0, 0x1F, 0xC3, 0xF0,
    0x0B, 0xE1, 0xFC, 0x02, 0xF8, 0xBE, 0x00, 0xE0, 0x28, 0x00, 0x00, 0x00, 0x15, 0x55, 0x54, 0xFF,
    0xFF, 0xF3, 0xFF, 0xFF, 0xC0, 0x00, 0x0F, 0x00, 0x00, 0x3C, 0x00, 0x00, 0xF0, 0x00, 0x03, 0xC0,
    0x15, 0x51, 0xFF, 0xC7, 0xFF, 0x00, 0x00, 0x6F, 0xE4, 0x00, 0x02, 0xE4, 0x6F, 0x00, 0x0F, 0x00,
    0x02, 0xC0, 0x2C, 0x00, 0x00, 0xB0, 0x34, 0x7F, 0xE0, 0x38, 0xB0, 0x74, 0x78, 0x2C, 0xE0, 0x74,
    0x38, 0x1C, 0xE0, 0x74, 0x78, 0x0D, 0xD0, 0x7F, 0xE0, 0x0D, 0xE0, 0x75, 0xE0, 0x1C, 0xB0, 0x74,
    0xB0, 0x2C, 0x70, 0x74, 0x38, 0x38, 0x3C, 0x74, 0x2C, 0xB0, 0x0E, 0x00, 0x02, 0xD0, 0x03, 0xD0,
    0x1F, 0x40, 0x00, 0xBF, 0xF8, 0x00, 0x00, 0x00, 0x00, 0x00, 0x15, 0x55, 0x54, 0x3F, 0xFF, 0xFD,
    0x3F, 0xFF, 0xFD, 0x01, 0x50, 0x0F, 0xFC, 0x3F, 0xFE, 0x3D, 0x1F, 0x3C, 0x0F, 0x3E, 0x7F, 0x2F,
    0xFD, 0x07, 0xF4, 0x00, 0x3C, 0x00, 0x00, 0xF0, 0x00, 0x03, 0xC0, 0x05, 0x6F, 0x95, 0x3F, 0xFF,
    0xFC, 0xFF, 0xFF, 0xF0, 0x03, 0xC0, 0x00, 0x0F, 0x00, 0x00, 0x3C, 0x00, 0x00, 0xF0, 0x01, 0x55,
    0x55, 0x4F, 0xFF, 0xFF, 0x3F, 0xFF, 0xFC, 0x00, 0x00, 0x1F, 0xE0, 0x7F, 0xF8, 0x24, 0xBC, 0x00,
    0xF8, 0x02, 0xF0, 0x0B, 0xC0, 0x2F, 0x00, 0x7F, 0xFC, 0x7F, 0xFC, 0x1F, 0xE0, 0x3F, 0xFC, 0x10,
    0xBC, 0x0F, 0xF4, 0x0F, 0xF4, 0x00, 0x7C, 0x50, 0x7C, 0x7F, 0xFC, 0x2F, 0xE0, 0x01, 0xA4, 0x1F,
    0xC0, 0xF8, 0x0F, 0x80, 0x7E, 0x00, 0xFC, 0x7E, 0x00, 0xFC, 0x7E, 0x00, 0xFC, 0x7E, 0x00, 0xFC,
    0x7E, 0x00, 0xFC, 0x7E, 0x00, 0xFC, 0x7E, 0x00, 0xFC, 0x7E, 0x01, 0xFC, 0x7F, 0x02, 0xFC, 0x7F,
    0xEB, 0xFC, 0x7F, 0xFF, 0xFC, 0x7F, 0xFC, 0x7C, 0x7E, 0x00, 0x00, 0x7E, 0x00, 0x00, 0x7E, 0x00,
    0x00, 0x7E, 0x00, 0x00, 0x7E, 0x00, 0x00, 0x0B, 0xFF, 0xFC, 0xFF, 0xFF, 0xF7, 0xFF, 0xE7, 0xEF,
    0xFF, 0x4F, 0xFF, 0xFD, 0x3F, 0xFF, 0xF4, 0xFF, 0xFF, 0xD3, 0xFF, 0xFF, 0x4F, 0x7F, 0xFD, 0x3C,
    0xFF, 0xF4, 0xF0, 0xFF, 0xD3, 0xC0, 0x07, 0x4F, 0x00, 0x1D, 0x3C, 0x00, 0x74, 0xF0, 0x01, 0xD3,
    0xC0, 0x07, 0x4F, 0x00, 0x1D, 0x3C, 0x00, 0x74, 0xF0, 0x01, 0xD3, 0xC0, 0x01, 0x05, 0x7D, 0xFE,
    0x7D, 0x1D, 0x01, 0xF8, 0x07, 0xCB, 0xFC, 0xBF, 0x00, 0x02, 0xF0, 0xFF, 0x3F, 0xF2, 0x6F, 0x02,
    0xF0, 0x2F, 0x02, 0xF0, 0x2F, 0x02, 0xF0, 0x0B, 0xE0, 0x3E, 0xBC, 0x7C, 0x3D, 0x78, 0x2D, 0x78,
    0x2D, 0x3D, 0x7C, 0x1F, 0xF4, 0x00, 0x00, 0x00, 0x00, 0x00, 0x2F, 0x0B, 0xC0, 0x2F, 0x87, 0xF0,
    0x0F, 0xD2, 0xF8, 0x03, 0xF4, 0xFD, 0x02, 0xF8, 0x7F, 0x07, 0xF0, 0xFC, 0x0F, 0xC3, 0xF4, 0x3F,
    0x4B, 0xD0, 0x0D, 0x02, 0x80, 0x00, 0x00, 0x00, 0x03, 0xD0, 0x03, 0xE0, 0x01, 0xFD, 0x00, 0x7C,
    0x00, 0x7F, 0xD0, 0x0F, 0x80, 0x02, 0x3D, 0x01, 0xF0, 0x00, 0x03, 0xD0, 0x3D, 0x00, 0x00, 0x3D,
    0x0B, 0xC0, 0x00, 0x03, 0xD0, 0xF4, 0x3F, 0x00, 0x3D, 0x2F, 0x0B, 0xF0, 0x03, 0xD3, 0xD0, 0xFF,
    0x00, 0x00, 0xB8, 0x3E, 0xF0, 0x00, 0x1F, 0x07, 0x6F, 0x00, 0x03, 0xE0, 0xE2, 0xF0, 0x00, 0x7C,
    0x1F, 0xFF, 0xC0, 0x0F, 0x81, 0xFF, 0xFC, 0x01, 0xF0, 0x00, 0x2F, 0x00, 0x03, 0xD0, 0x03, 0xE0,
    0x01, 0xFD, 0x00, 0x7C, 0x00, 0x7F, 0xD0, 0x0F, 0x80, 0x02, 0x3D, 0x01, 0xF0, 0x00, 0x03, 0xD0,
    0x3D, 0x00, 0x00, 0x3D, 0x0B, 0xC0, 0x00, 0x03, 0xD0, 0xF4, 0xBF, 0x40, 0x3D, 0x2F, 0x3F, 0xFC,
    0x03, 0xD3, 0xD0, 0x47, 0xC0, 0x00, 0xB8, 0x00, 0xBC, 0x00, 0x1F, 0x00, 0x1F, 0x00, 0x03, 0xE0,
    0x07, 0xC0, 0x00, 0x7C, 0x02, 0xF9, 0x40, 0x0F, 0x80, 0x3F, 0xFD, 0x01, 0xF0, 0x03, 0xFF, 0xD0,
    0x06, 0x90, 0x00, 0xB4, 0x03, 0xFF, 0x80, 0x1F, 0x00, 0x18, 0x7C, 0x03, 0xD0, 0x00, 0x07, 0xC0,
    0x7C, 0x00, 0x0B, 0xF0, 0x0F, 0x40, 0x00, 0xBF, 0x42, 0xF0, 0x00, 0x00, 0x3C, 0x3D, 0x00, 0x01,
    0x03, 0xDB, 0xC2, 0xF0, 0x3F, 0xFC, 0xF4, 0x3F, 0x02, 0xFE, 0x2F, 0x0F, 0xF0, 0x00, 0x03, 0xD1,
    0xDF, 0x00, 0x00, 0xBC, 0x39, 0xF0, 0x00, 0x0F, 0x0F, 0x1F, 0x00, 0x02, 0xE0, 0xFF, 0xFD, 0x00,
    0x3C, 0x0F, 0xFF, 0xD0, 0x0F, 0x80, 0x01, 0xF0, 0x00, 0xB8, 0x00, 0x0F, 0xD0, 0x00, 0xFD, 0x00,
    0x0B, 0xC0, 0x00, 0x00, 0x00, 0x01, 0x40, 0x00, 0xBC, 0x00, 0x0F, 0xC0, 0x07, 0xF4, 0x01, 0xFD,
    0x00, 0x3F, 0x00, 0x07, 0xE0, 0x00, 0xBE, 0x00, 0x47, 0xFA, 0xFC, 0x3F, 0xFF, 0xE0, 0xBF, 0xE4,
    0x00, 0x69, 0x00, 0x00, 0x01, 0xFC, 0x00, 0x00, 0x00, 0xFC, 0x00, 0x00, 0x00, 0xB8, 0x00, 0x00,
    0x00, 0x00, 0x00, 0x00, 0x00, 0x00, 0x00, 0x03, 0xFD, 0x00, 0x00, 0x1F, 0xF8, 0x00, 0x00, 0xBF,
    0xF0, 0x00, 0x03, 0xF7, 0xD0, 0x00, 0x1F, 0x8F, 0x80, 0x00, 0xBD, 0x3F, 0x00, 0x03, 0xF0, 0x7D,
    0x00, 0x1F, 0x80, 0xFC, 0x00, 0xBF, 0xFF, 0xF0, 0x03, 0xFF, 0xFF, 0xD0, 0x1F, 0xFF, 0xFF, 0xC0,
    0xFD, 0x00, 0x3F, 0x03, 0xF0, 0x00, 0xBE, 0x1F, 0xC0, 0x01, 0xFC, 0xFE, 0x00, 0x03, 0xF0, 0x00,
    0x00, 0xA8, 0x00, 0x00, 0x0F, 0xE0, 0x00, 0x00, 0xBD, 0x00, 0x00, 0x07, 0xD0, 0x00, 0x00, 0x00,
    0x00, 0x00, 0x00, 0x00, 0x00, 0x00, 0x03, 0xFD, 0x00, 0x00, 0x1F, 0xF8, 0x00, 0x00, 0xBF, 0xF0,
    0x00, 0x03, 0xF7, 0xD0, 0x00, 0x1F, 0x8F, 0x80, 0x00, 0xBD, 0x3F, 0x00, 0x03, 0xF0, 0x7D, 0x00,
    0x1F, 0x80, 0xFC, 0x00, 0xBF, 0xFF, 0xF0, 0x03, 0xFF, 0xFF, 0xD0, 0x1F, 0xFF, 0xFF, 0xC0, 0xFD,
    0x00, 0x3F, 0x03, 0xF0, 0x00, 0xBE, 0x1F, 0xC0, 0x01, 0xFC, 0xFE, 0x00, 0x03, 0xF0, 0x00, 0x1A,
    0x40, 0x00, 0x00, 0xFF, 0x40, 0x00, 0x0F, 0xEF, 0x40, 0x00, 0xB8, 0x1F, 0x00, 0x00, 0x00, 0x00,
    0x00, 0x00, 0x00, 0x00, 0x00, 0x03, 0xFD, 0x00, 0x00, 0x1F, 0xF8, 0x00, 0x00, 0xBF, 0xF0, 0x00,
    0x03, 0xF7, 0xD0, 0x00, 0x1F, 0x8F, 0x80, 0x00, 0xBD, 0x3F, 0x00, 0x03, 0xF0, 0x7D, 0x00, 0x1F,
    0x80, 0xFC, 0x00, 0xBF, 0xFF, 0xF0, 0x03, 0xFF, 0xFF, 0xD0, 0x1F, 0xFF, 0xFF, 0xC0, 0xFD, 0x00,
    0x3F, 0x03, 0xF0, 0x00, 0xBE, 0x1F, 0xC0, 0x01, 0xFC, 0xFE, 0x00, 0x03, 0xF0, 0x00, 0x14, 0x04,
    0x00, 0x03, 0xFE, 0xB4, 0x00, 0x2F, 0xFF, 0xC0, 0x00, 0xF0, 0xBC, 0x00, 0x00, 0x00, 0x00, 0x00,
    0x00, 0x00, 0x00, 0x00, 0x03, 0xFD, 0x00, 0x00, 0x1F, 0xF8, 0x00, 0x00, 0xBF, 0xF0, 0x00, 0x03,
    0xF7, 0xD0, 0x00, 0x1F, 0x8F, 0x80, 0x00, 0xBD, 0x3F, 0x00, 0x03, 0xF0, 0x7D, 0x00, 0x1F, 0x80,
    0xFC, 0x00, 0xBF, 0xFF, 0xF0, 0x03, 0xFF, 0xFF, 0xD0, 0x1F, 0xFF, 0xFF, 0xC0, 0xFD, 0x00, 0x3F,
    0x03, 0xF0, 0x00, 0xBE, 0x1F, 0xC0, 0x01, 0xFC, 0xFE, 0x00, 0x03, 0xF0, 0x00, 0x50, 0x10, 0x00,
    0x07, 0xD3, 0xF0, 0x00, 0x0F, 0x0B, 0x80, 0x00, 0x00, 0x00, 0x00, 0x00, 0x00, 0x00, 0x00, 0x00,
    0xFF, 0x40, 0x00, 0x07, 0xFE, 0x00, 0x00, 0x2F, 0xFC, 0x00, 0x00, 0xFD, 0xF4, 0x00, 0x07, 0xE3,
    0xE0, 0x00, 0x2F, 0x4F, 0xC0, 0x00, 0xFC, 0x1F, 0x40, 0x07, 0xE0, 0x3F, 0x00, 0x2F, 0xFF, 0xFC,
    0x00, 0xFF, 0xFF, 0xF4, 0x07, 0xFF, 0xFF, 0xF0, 0x3F, 0x40, 0x0F, 0xC0, 0xFC, 0x00, 0x2F, 0x87,
    0xF0, 0x00, 0x7F, 0x3F, 0x80, 0x00, 0xFC, 0x00, 0x1F, 0x80, 0x00, 0x00, 0xE7, 0x40, 0x00, 0x07,
    0x0E, 0x00, 0x00, 0x0D, 0x38, 0x00, 0x00, 0x3F, 0xD0, 0x00, 0x01, 0xFF, 0x80, 0x00, 0x0B, 0xFF,
    0x00, 0x00, 0x3F, 0x7D, 0x00, 0x01, 0xF8, 0xF8, 0x00, 0x0B, 0xD3, 0xF0, 0x00, 0x3F, 0x07, 0xD0,
    0x01, 0xF8, 0x0F, 0xC0, 0x0B, 0xFF, 0xFF, 0x00, 0x3F, 0xFF, 0xFD, 0x01, 0xFF, 0xFF, 0xFC, 0x0F,
    0xD0, 0x03, 0xF0, 0x3F, 0x00, 0x0B, 0xE1, 0xFC, 0x00, 0x1F, 0xCF, 0xE0, 0x00, 0x3F, 0x00, 0x00,
    0x0B, 0xFF, 0xFF, 0xF8, 0x00, 0x3F, 0xFF, 0xFF, 0xE0, 0x01, 0xFA, 0xFD, 0x55, 0x40, 0x0F, 0xC7,
    0xF0, 0x00, 0x00, 0x7E, 0x1F, 0xC0, 0x00, 0x03, 0xF0, 0x7F, 0x00, 0x00, 0x0F, 0x81, 0xFF, 0xFF,
    0x00, 0xBD, 0x07, 0xFF, 0xFC, 0x03, 0xF5, 0x6F, 0xD5, 0x50, 0x2F, 0xFF, 0xFF, 0x00, 0x00, 0xFF,
    0xFF, 0xFC, 0x00, 0x07, 0xE0, 0x07, 0xF0, 0x00, 0x3F, 0x00, 0x1F, 0xD5, 0x55, 0xFC, 0x00, 0x7F,
    0xFF, 0xEF, 0xD0, 0x01, 0xFF, 0xFF, 0x80, 0x00, 0x7F, 0xF8, 0x07, 0xFF, 0xFD, 0x1F, 0xF9, 0xBC,
    0x3F, 0xC0, 0x00, 0x7F, 0x00, 0x00, 0xBE, 0x00, 0x00, 0xFE, 0x00, 0x00, 0xFD, 0x00, 0x00, 0xFD,
    0x00, 0x00, 0xBE, 0x00, 0x00, 0x7F, 0x00, 0x00, 0x3F, 0x80, 0x00, 0x1F, 0xF9, 0xBC, 0x0B, 0xFF,
    0xFC, 0x00, 0xBF, 0xE4, 0x00, 0x1D, 0x00, 0x00, 0x1F, 0x80, 0x00, 0x07, 0xC0, 0x00, 0x7F, 0xC0,
    0x00, 0x7F, 0x00, 0x1A, 0x40, 0x00, 0xBE, 0x00, 0x02, 0xF4, 0x00, 0x07, 0xC0, 0x00, 0x00, 0x00,
    0x00, 0x00, 0x3F, 0xFF, 0xD3, 0xFF, 0xFD, 0x3F, 0x55, 0x43, 0xF0, 0x00, 0x3F, 0x00, 0x03, 0xF0,
    0x00, 0x3F, 0xFF, 0xC3, 0xFF, 0xFC, 0x3F, 0x55, 0x43, 0xF0, 0x00, 0x3F, 0x00, 0x03, 0xF0, 0x00,
    0x3F, 0x55, 0x43, 0xFF, 0xFD, 0x3F, 0xFF, 0xD0, 0x00, 0x1A, 0x40, 0x03, 0xF4, 0x00, 0xFC, 0x00,
    0x2E, 0x00, 0x00, 0x00, 0x00, 0x00, 0x00, 0x3F, 0xFF, 0xD3, 0xFF, 0xFD, 0x3F, 0x55, 0x43, 0xF0,
    0x00, 0x3F, 0x00, 0x03, 0xF0, 0x00, 0x3F, 0xFF, 0xC3, 0xFF, 0xFC, 0x3F, 0x55, 0x43, 0xF0, 0x00,
    0x3F, 0x00, 0x03, 0xF0, 0x00, 0x3F, 0x55, 0x43, 0xFF, 0xFD, 0x3F, 0xFF, 0xD0, 0x01, 0xA4, 0x00,
    0x3F, 0xD0, 0x0F, 0xEF, 0x43, 0xE0, 0x7C, 0x00, 0x00, 0x00, 0x00, 0x00, 0x3F, 0xFF, 0xD3, 0xFF,
    0xFD, 0x3F, 0x55, 0x43, 0xF0, 0x00, 0x3F, 0x00, 0x03, 0xF0, 0x00, 0x3F, 0xFF, 0xC3, 0xFF, 0xFC,
    0x3F, 0x55, 0x43, 0xF0, 0x00, 0x3F, 0x00, 0x03, 0xF0, 0x00, 0x3F, 0x55, 0x43, 0xFF, 0xFD, 0x3F,
    0xFF, 0xD0, 0x05, 0x01, 0x01, 0xF4, 0xFC, 0x0F, 0x0B, 0x80, 0x00, 0x00, 0x00, 0x00, 0x03, 0xFF,
    0xFD, 0x3F, 0xFF, 0xD3, 0xF5, 0x54, 0x3F, 0x00, 0x03, 0xF0, 0x00, 0x3F, 0x00, 0x03, 0xFF, 0xFC,
    0x3F, 0xFF, 0xC3, 0xF5, 0x54, 0x3F, 0x00, 0x03, 0xF0, 0x00, 0x3F, 0x00, 0x03, 0xF5, 0x54, 0x3F,
    0xFF, 0xD3, 0xFF, 0xFD, 0x69, 0x00, 0x3F, 0x40, 0x0F, 0xC0, 0x02, 0xF0, 0x00, 0x00, 0x00, 0x00,
    0x7F, 0xFD, 0x7F, 0xFD, 0x1F, 0xF4, 0x0B, 0xE0, 0x0B, 0xE0, 0x0B, 0xE0, 0x0B, 0xE0, 0x0B, 0xE0,
    0x0B, 0xE0, 0x0B, 0xE0, 0x0B, 0xE0, 0x0B, 0xE0, 0x0F, 0xF0, 0x7F, 0xFD, 0x7F, 0xFD, 0x00, 0x69,
    0x01, 0xFC, 0x03, 0xF0, 0x0F, 0x80, 0x00, 0x00, 0x00, 0x00, 0x7F, 0xFD, 0x7F, 0xFD, 0x1F, 0xF4,
    0x0B, 0xE0, 0x0B, 0xE0, 0x0B, 0xE0, 0x0B, 0xE0, 0x0B, 0xE0, 0x0B, 0xE0, 0x0B, 0xE0, 0x0B, 0xE0,
    0x0B, 0xE0, 0x0F, 0xF0, 0x7F, 0xFD, 0x7F, 0xFD, 0x01, 0xA4, 0x00, 0x7F, 0xD0, 0x0F, 0xBF, 0x03,
    0xE0, 0xBC, 0x00, 0x00, 0x00, 0x00, 0x00, 0x1F, 0xFF, 0x41, 0xFF, 0xF4, 0x07, 0xFD, 0x00, 0x2F,
    0x80, 0x02, 0xF8, 0x00, 0x2F, 0x80, 0x02, 0xF8, 0x00, 0x2F, 0x80, 0x02, 0xF8, 0x00, 0x2F, 0x80,
    0x02, 0xF8, 0x00, 0x2F, 0x80, 0x03, 0xFC, 0x01, 0xFF, 0xF4, 0x1F, 0xFF, 0x40, 0x14, 0x14, 0xBC,
    0x3E, 0x7C, 0x3D, 0x00, 0x00, 0x00, 0x00, 0x7F, 0xFD, 0x7F, 0xFD, 0x1F, 0xF4, 0x0B, 0xE0, 0x0B,
    0xE0, 0x0B, 0xE0, 0x0B, 0xE0, 0x0B, 0xE0, 0x0B, 0xE0, 0x0B, 0xE0, 0x0B, 0xE0, 0x0B, 0xE0, 0x0F,
    0xF0, 0x7F, 0xFD, 0x7F, 0xFD, 0x0F, 0xFF, 0xE0, 0x00, 0x3F, 0xFF, 0xF8, 0x00, 0xFD, 0x6F, 0xF8,
    0x03, 0xF0, 0x0B, 0xF4, 0x0F, 0xC0, 0x0F, 0xE0, 0x3F, 0x00, 0x1F, 0xCB, 0xFF, 0xF0, 0x7F, 0x2F,
    0xFF, 0xC0, 0xFC, 0x6F, 0xD5, 0x07, 0xF0, 0x3F, 0x00, 0x1F, 0xC0, 0xFC, 0x00, 0xFE, 0x03, 0xF0,
    0x0B, 0xF0, 0x0F, 0xD6, 0xFF, 0x40, 0x3F, 0xFF, 0xF4, 0x00, 0xFF, 0xFD, 0x00, 0x00, 0x00, 0x14,
    0x05, 0x00, 0x03, 0xFE, 0xB8, 0x00, 0x1F, 0xFF, 0xC0, 0x00, 0xB0, 0xBD, 0x00, 0x00, 0x00, 0x00,
    0x00, 0x00, 0x00, 0x00, 0x03, 0xFC, 0x00, 0x3F, 0x0F, 0xF8, 0x00, 0xFC, 0x3F, 0xF4, 0x03, 0xF0,
    0xFF, 0xF0, 0x0F, 0xC3, 0xEF, 0xD0, 0x3F, 0x0F, 0x9F, 0xC0, 0xFC, 0x3E, 0x3F, 0x83, 0xF0, 0xF8,
    0x3F, 0x0F, 0xC3, 0xE0, 0xBE, 0x2F, 0x0F, 0x80, 0xFD, 0xBC, 0x3E, 0x02, 0xFE, 0xF0, 0xF8, 0x03,
    0xFF, 0xC3, 0xE0, 0x07, 0xFF, 0x0F, 0x80, 0x0F, 0xFC, 0x3E, 0x00, 0x0F, 0xF0, 0x00, 0x69, 0x00,
    0x00, 0x00, 0xFD, 0x00, 0x00, 0x00, 0xFC, 0x00, 0x00, 0x00, 0xBC, 0x00, 0x00, 0x00, 0x00, 0x00,
    0x00, 0x00, 0x00, 0x00, 0x0B, 0xFE, 0x40, 0x01, 0xFF, 0xFF, 0xC0, 0x1F, 0xF9, 0xBF, 0xC0, 0xFE,
    0x00, 0x3F, 0x47, 0xF0, 0x00, 0xBF, 0x2F, 0x80, 0x01, 0xFC, 0xFE, 0x00, 0x03, 0xF3, 0xF8, 0x00,
    0x0F, 0xDF, 0xE0, 0x00, 0x3F, 0x2F, 0x80, 0x01, 0xFC, 0x7F, 0x00, 0x0B, 0xF0, 0xFE, 0x00, 0x3F,
    0x41, 0xFF, 0x9B, 0xFC, 0x01, 0xFF, 0xFF, 0xC0, 0x00, 0xBF, 0xE4, 0x00, 0x00, 0x00, 0xA8, 0x00,
    0x00, 0x0B, 0xE0, 0x00, 0x00, 0x7E, 0x00, 0x00, 0x03, 0xD0, 0x00, 0x00, 0x00, 0x00, 0x00, 0x00,
    0x00, 0x00, 0x00, 0x0B, 0xFE, 0x40, 0x01, 0xFF, 0xFF, 0xC0, 0x1F, 0xF9, 0xBF, 0xC0, 0xFE, 0x00,
    0x3F, 0x47, 0xF0, 0x00, 0xBF, 0x2F, 0x80, 0x01, 0xFC, 0xFE, 0x00, 0x03, 0xF3, 0xF8, 0x00, 0x0F,
    0xDF, 0xE0, 0x00, 0x3F, 0x2F, 0x80, 0x01, 0xFC, 0x7F, 0x00, 0x0B, 0xF0, 0xFE, 0x00, 0x3F, 0x41,
    0xFF, 0x9B, 0xFC, 0x01, 0xFF, 0xFF, 0xC0, 0x00, 0xBF, 0xE4, 0x00, 0x00, 0x1A, 0x40, 0x00, 0x00,
    0xFF, 0x80, 0x00, 0x0F, 0xEF, 0x40, 0x00, 0xB8, 0x1F, 0x00, 0x00, 0x00, 0x00, 0x00, 0x00, 0x00,
    0x00, 0x00, 0x0B, 0xFE, 0x40, 0x01, 0xFF, 0xFF, 0xC0, 0x1F, 0xF9, 0xBF, 0xC0, 0xFE, 0x00, 0x3F,
    0x47, 0xF0, 0x00, 0xBF, 0x2F, 0x80, 0x01, 0xFC, 0xFE, 0x00, 0x03, 0xF3, 0xF8, 0x00, 0x0F, 0xDF,
    0xE0, 0x00, 0x3F, 0x2F, 0x80, 0x01, 0xFC, 0x7F, 0x00, 0x0B, 0xF0, 0xFE, 0x00, 0x3F, 0x41, 0xFF,
    0x9B, 0xFC, 0x01, 0xFF, 0xFF, 0xC0, 0x00, 0xBF, 0xE4, 0x00, 0x00, 0x14, 0x04, 0x00, 0x03, 0xFE,
    0xB4, 0x00, 0x2F, 0xFF, 0xC0, 0x00, 0xF0, 0xBD, 0x00, 0x00, 0x00, 0x00, 0x00, 0x00, 0x00, 0x00,
    0x00, 0x0B, 0xFE, 0x40, 0x01, 0xFF, 0xFF, 0xC0, 0x1F, 0xF9, 0xBF, 0xC0, 0xFE, 0x00, 0x3F, 0x47,
    0xF0, 0x00, 0xBF, 0x2F, 0x80, 0x01, 0xFC, 0xFE, 0x00, 0x03, 0xF3, 0xF8, 0x00, 0x0F, 0xDF, 0xE0,
    0x00, 0x3F, 0x2F, 0x80, 0x01, 0xFC, 0x7F, 0x00, 0x0B, 0xF0, 0xFE, 0x00, 0x3F, 0x41, 0xFF, 0x9B,
    0xFC, 0x01, 0xFF, 0xFF, 0xC0, 0x00, 0xBF, 0xE4, 0x00, 0x00, 0x50, 0x10, 0x00, 0x07, 0xD3, 0xF0,
    0x00, 0x0F, 0x0B, 0x80, 0x00, 0x00, 0x00, 0x00, 0x00, 0x00, 0x00, 0x00, 0x02, 0xFF, 0x90, 0x00,
    0x7F, 0xFF, 0xF0, 0x07, 0xFE, 0x6F, 0xF0, 0x3F, 0x80, 0x0F, 0xD1, 0xFC, 0x00, 0x2F, 0xCB, 0xE0,
    0x00, 0x7F, 0x3F, 0x80, 0x00, 0xFC, 0xFE, 0x00, 0x03, 0xF7, 0xF8, 0x00, 0x0F, 0xCB, 0xE0, 0x00,
    0x7F, 0x1F, 0xC0, 0x02, 0xFC, 0x3F, 0x80, 0x0F, 0xD0, 0x7F, 0xE6, 0xFF, 0x00, 0x7F, 0xFF, 0xF0,
    0x00, 0x2F, 0xF9, 0x00, 0x24, 0x01, 0x47, 0xD0, 0x7D, 0x2F, 0x6F, 0x80, 0xBF, 0xE0, 0x03, 0xF8,
    0x00, 0x7F, 0xD0, 0x1F, 0xAF, 0x47, 0xE0, 0xBC, 0x38, 0x02, 0x80, 0x00, 0x00, 0x00, 0x00, 0x01,
    0x00, 0x02, 0xFF, 0x9F, 0x00, 0x7F, 0xFF, 0xF8, 0x07, 0xFE, 0xAF, 0xF0, 0x3F, 0x80, 0x3F, 0xE1,
    0xFC, 0x03, 0xFF, 0xCB, 0xE0, 0x2F, 0x7F, 0x3F, 0x80, 0xF0, 0xFC, 0xFE, 0x0F, 0x43, 0xF7, 0xF8,
    0xBC, 0x0F, 0xCB, 0xE3, 0xC0, 0x7F, 0x1F, 0xFD, 0x02, 0xFC, 0x3F, 0xF0, 0x0F, 0xD0, 0xBF, 0xE6,
    0xFF, 0x00, 0xFF, 0xFF, 0xF0, 0x0B, 0xEF, 0xF9, 0x00, 0x04, 0x00, 0x00, 0x00, 0x01, 0xA4, 0x00,
    0x00, 0x3F, 0x40, 0x00, 0x03, 0xF0, 0x00, 0x00, 0x2F, 0x00, 0x00, 0x00, 0x00, 0x00, 0x00, 0x00,
    0x03, 0xF0, 0x00, 0xFC, 0xFC, 0x00, 0x3F, 0x3F, 0x00, 0x0F, 0xCF, 0xC0, 0x03, 0xF3, 0xF0, 0x00,
    0xFC, 0xFC, 0x00, 0x3F, 0x3F, 0x00, 0x0F, 0xCF, 0xC0, 0x03, 0xF3, 0xF0, 0x00, 0xFC, 0xFC, 0x00,
    0x3F, 0x3F, 0x00, 0x1F, 0xCF, 0xE0, 0x0F, 0xE1, 0xFF, 0xFF, 0xF0, 0x2F, 0xFF, 0xF4, 0x01, 0xBF,
    0xE0, 0x00, 0x00, 0x01, 0xA4, 0x00, 0x02, 0xF8, 0x00, 0x01, 0xF8, 0x00, 0x00, 0xF4, 0x00, 0x00,
    0x00, 0x00, 0x00, 0x00, 0x00, 0x03, 0xF0, 0x00, 0xFC, 0xFC, 0x00, 0x3F, 0x3F, 0x00, 0x0F, 0xCF,
    0xC0, 0x03, 0xF3, 0xF0, 0x00, 0xFC, 0xFC, 0x00, 0x3F, 0x3F, 0x00, 0x0F, 0xCF, 0xC0, 0x03, 0xF3,
    0xF0, 0x00, 0xFC, 0xFC, 0x00, 0x3F, 0x3F, 0x00, 0x1F, 0xCF, 0xE0, 0x0F, 0xE1, 0xFF, 0xFF, 0xF0,
    0x2F, 0xFF, 0xF4, 0x01, 0xBF, 0xE0, 0x00, 0x00, 0x1A, 0x40, 0x00, 0x2F, 0xF0, 0x00, 0x1F, 0xBF,
    0x00, 0x0F, 0x42, 0xE0, 0x00, 0x00, 0x00, 0x00, 0x00, 0x00, 0x03, 0xF0, 0x00, 0xFC, 0xFC, 0x00,
    0x3F, 0x3F, 0x00, 0x0F, 0xCF, 0xC0, 0x03, 0xF3, 0xF0, 0x00, 0xFC, 0xFC, 0x00, 0x3F, 0x3F, 0x00,
    0x0F, 0xCF, 0xC0, 0x03, 0xF3, 0xF0, 0x00, 0xFC, 0xFC, 0x00, 0x3F, 0x3F, 0x00, 0x1F, 0xCF, 0xE0,
    0x0F, 0xE1, 0xFF, 0xFF, 0xF0, 0x2F, 0xFF, 0xF4, 0x01, 0xBF, 0xE0, 0x00, 0x00, 0x40, 0x50, 0x00,
    0xFC, 0x7D, 0x00, 0x2E, 0x0F, 0x00, 0x00, 0x00, 0x00, 0x00, 0x00, 0x00, 0x0F, 0xC0, 0x03, 0xF3,
    0xF0, 0x00, 0xFC, 0xFC, 0x00, 0x3F, 0x3F, 0x00, 0x0F, 0xCF, 0xC0, 0x03, 0xF3, 0xF0, 0x00, 0xFC,
    0xFC, 0x00, 0x3F, 0x3F, 0x00, 0x0F, 0xCF, 0xC0, 0x03, 0xF3, 0xF0, 0x00, 0xFC, 0xFC, 0x00, 0x7F,
    0x3F, 0x80, 0x3F, 0x87, 0xFF, 0xFF, 0xC0, 0xBF, 0xFF, 0xD0, 0x06, 0xFF, 0x80, 0x00, 0x01, 0xA4,
    0x00, 0x00, 0x7F, 0x00, 0x00, 0x0F, 0x80, 0x00, 0x03, 0xE0, 0x00, 0x00, 0x00, 0x00, 0x00, 0x00,
    0x00, 0x00, 0xBE, 0x00, 0x2F, 0xC3, 0xF0, 0x03, 0xF0, 0x2F, 0x80, 0xBE, 0x00, 0xFC, 0x0F, 0xC0,
    0x0B, 0xE2, 0xF8, 0x00, 0x3F, 0x7F, 0x00, 0x02, 0xFF, 0xE0, 0x00, 0x0F, 0xFC, 0x00, 0x00, 0xBF,
    0x40, 0x00, 0x03, 0xF0, 0x00, 0x00, 0x3F, 0x00, 0x00, 0x03, 0xF0, 0x00, 0x00, 0x3F, 0x00, 0x00,
    0x03, 0xF0, 0x00, 0x00, 0x3F, 0x00, 0x00, 0x3F, 0x00, 0x00, 0x3F, 0x00, 0x00, 0x3F, 0xFF, 0x80,
    0x3F, 0xFF, 0xF0, 0x3F, 0x6B, 0xF8, 0x3F, 0x01, 0xFC, 0x3F, 0x00, 0xFC, 0x3F, 0x00, 0xFC, 0x3F,
    0x01, 0xFC, 0x3F, 0x6B, 0xF8, 0x3F, 0xFF, 0xF0, 0x3F, 0xFF, 0x40, 0x3F, 0x00, 0x00, 0x3F, 0x00,
    0x00, 0x3F, 0x00, 0x00, 0x02, 0xFF, 0x90, 0x07, 0xFF, 0xFE, 0x03, 0xFE, 0xBF, 0xD1, 0xFC, 0x03,
    0xF8, 0x7E, 0x00, 0xFD, 0x1F, 0x80, 0xFE, 0x07, 0xE0, 0xFE, 0x01, 0xF8, 0x7F, 0x00, 0x7E, 0x1F,
    0xE0, 0x1F, 0x82, 0xFF, 0x47, 0xE0, 0x1F, 0xF5, 0xF8, 0x00, 0xBE, 0x7E, 0x00, 0x1F, 0xDF, 0x8E,
    0xAF, 0xF7, 0xE3, 0xFF, 0xF5, 0xF8, 0x7F, 0xE0, 0x01, 0xA4, 0x00, 0x03, 0xF4, 0x00, 0x03, 0xF0,
    0x00, 0x02, 0xF0, 0x00, 0x00, 0x00, 0x07, 0xFE, 0x00, 0xFF, 0xFF, 0x01, 0xEA, 0xFE, 0x00, 0x01,
    0xFC, 0x01, 0x5B, 0xF0, 0xBF, 0xFF, 0xCB, 0xFF, 0xFF, 0x3F, 0x80, 0xFC, 0xFC, 0x07, 0xF3, 0xFD,
    0xBF, 0xCB, 0xFF, 0xEF, 0x07, 0xF8, 0x7C, 0x00, 0x02, 0xA0, 0x00, 0x2F, 0x80, 0x01, 0xF8, 0x00,
    0x0F, 0x40, 0x00, 0x00, 0x00, 0x07, 0xFE, 0x00, 0xFF, 0xFF, 0x01, 0xEA, 0xFE, 0x00, 0x01, 0xFC,
    0x01, 0x5B, 0xF0, 0xBF, 0xFF, 0xCB, 0xFF, 0xFF, 0x3F, 0x80, 0xFC, 0xFC, 0x07, 0xF3, 0xFD, 0xBF,
    0xCB, 0xFF, 0xEF, 0x07, 0xF8, 0x7C, 0x00, 0x69, 0x00, 0x03, 0xFE, 0x00, 0x3F, 0xBD, 0x02, 0xE0,
    0x7C, 0x00, 0x00, 0x00, 0x07, 0xFE, 0x00, 0xFF, 0xFF, 0x01, 0xEA, 0xFE, 0x00, 0x01, 0xFC, 0x01,
    0x5B, 0xF0, 0xBF, 0xFF, 0xCB, 0xFF, 0xFF, 0x3F, 0x80, 0xFC, 0xFC, 0x07, 0xF3, 0xFD, 0xBF, 0xCB,
    0xFF, 0xEF, 0x07, 0xF8, 0x7C, 0x00, 0x50, 0x10, 0x0F, 0xFA, 0xD0, 0xBF, 0xFF, 0x03, 0xC2, 0xF4,
    0x00, 0x00, 0x00, 0x07, 0xFE, 0x00, 0xFF, 0xFF, 0x01, 0xEA, 0xFE, 0x00, 0x01, 0xFC, 0x01, 0x5B,
    0xF0, 0xBF, 0xFF, 0xCB, 0xFF, 0xFF, 0x3F, 0x80, 0xFC, 0xFC, 0x07, 0xF3, 0xFD, 0xBF, 0xCB, 0xFF,
    0xEF, 0x07, 0xF8, 0x7C, 0x01, 0x40, 0x40, 0x1F, 0x4F, 0xC0, 0x3C, 0x2E, 0x00, 0x00, 0x00, 0x01,
    0xFF, 0x80, 0x3F, 0xFF, 0xC0, 0x7A, 0xBF, 0x80, 0x00, 0x7F, 0x00, 0x56, 0xFC, 0x2F, 0xFF, 0xF2,
    0xFF, 0xFF, 0xCF, 0xE0, 0x3F, 0x3F, 0x01, 0xFC, 0xFF, 0x6F, 0xF2, 0xFF, 0xFB, 0xC1, 0xFE, 0x1F,
    0x00, 0x7E, 0x00, 0x03, 0x9E, 0x00, 0x1D, 0x3C, 0x00, 0x38, 0xE0, 0x00, 0x7F, 0x00, 0x00, 0x00,
    0x00, 0x1F, 0xF8, 0x03, 0xFF, 0xFC, 0x07, 0xAB, 0xF8, 0x00, 0x07, 0xF0, 0x05, 0x6F, 0xC2, 0xFF,
    0xFF, 0x2F, 0xFF, 0xFC, 0xFE, 0x03, 0xF3, 0xF0, 0x1F, 0xCF, 0xF6, 0xFF, 0x2F, 0xFF, 0xBC, 0x1F,
    0xE1, 0xF0, 0x02, 0xFF, 0x42, 0xFE, 0x00, 0x3F, 0xFF, 0xFF, 0xFF, 0x00, 0x7A, 0xBF, 0xFA, 0xFE,
    0x00, 0x00, 0x7F, 0x40, 0xFC, 0x00, 0x56, 0xFD, 0x57, 0xF0, 0x3F, 0xFF, 0xFF, 0xFF, 0xC2, 0xFE,
    0x6F, 0xFF, 0xFF, 0x0F, 0xD0, 0x7F, 0x00, 0x00, 0x3F, 0x02, 0xFD, 0x00, 0x00, 0xFF, 0xAF, 0xFE,
    0xAB, 0x81, 0xFF, 0xF5, 0xFF, 0xFE, 0x01, 0xFE, 0x40, 0xBF, 0xE0, 0x00, 0xBF, 0xD0, 0x1F, 0xFF,
    0xC0, 0xFF, 0xAE, 0x0B, 0xF0, 0x00, 0x3F, 0x40, 0x00, 0xFC, 0x00, 0x03, 0xF0, 0x00, 0x0F, 0xD0,
    0x00, 0x2F, 0xC0, 0x00, 0x7F, 0xEB, 0xC0, 0xBF, 0xFF, 0x00, 0x6F, 0xE4, 0x00, 0x3C, 0x00, 0x00,
    0xFC, 0x00, 0x00, 0xF8, 0x00, 0x3F, 0xD0, 0x00, 0xFE, 0x00, 0x01, 0xA4, 0x00, 0x00, 0xFD, 0x00,
    0x00, 0x3F, 0x00, 0x00, 0x0B, 0xC0, 0x00, 0x00, 0x00, 0x00, 0xBF, 0x80, 0x07, 0xFF, 0xF0, 0x0F,
    0xEA, 0xFC, 0x2F, 0x80, 0xFC, 0x3F, 0x95, 0xBD, 0x3F, 0xFF, 0xFD, 0x3F, 0xFF, 0xFD, 0x3F, 0x40,
    0x00, 0x2F, 0x80, 0x00, 0x0F, 0xFA, 0xBC, 0x07, 0xFF, 0xFC, 0x00, 0xBF, 0xE4, 0x00, 0x02, 0xA0,
    0x00, 0x0B, 0xE0, 0x00, 0x1F, 0x80, 0x00, 0x3D, 0x00, 0x00, 0x00, 0x00, 0x00, 0xBF, 0x80, 0x07,
    0xFF, 0xF0, 0x0F, 0xEA, 0xFC, 0x2F, 0x80, 0xFC, 0x3F, 0x95, 0xBD, 0x3F, 0xFF, 0xFD, 0x3F, 0xFF,
    0xFD, 0x3F, 0x40, 0x00, 0x2F, 0x80, 0x00, 0x0F, 0xFA, 0xBC, 0x07, 0xFF, 0xFC, 0x00, 0xBF, 0xE4,
    0x00, 0x69, 0x00, 0x00, 0xFF, 0x80, 0x03, 0xFB, 0xD0, 0x0B, 0x81, 0xF0, 0x00, 0x00, 0x00, 0x00,
    0xBF, 0x80, 0x07, 0xFF, 0xF0, 0x0F, 0xEA, 0xFC, 0x2F, 0x80, 0xFC, 0x3F, 0x95, 0xBD, 0x3F, 0xFF,
    0xFD, 0x3F, 0xFF, 0xFD, 0x3F, 0x40, 0x00, 0x2F, 0x80, 0x00, 0x0F, 0xFA, 0xBC, 0x07, 0xFF, 0xFC,
    0x00, 0xBF, 0xE4, 0x01, 0x40, 0x40, 0x07, 0xD3, 0xF0, 0x03, 0xC2, 0xE0, 0x00, 0x00, 0x00, 0x00,
    0xBF, 0x80, 0x07, 0xFF, 0xF0, 0x0F, 0xEA, 0xFC, 0x2F, 0x80, 0xFC, 0x3F, 0x95, 0xBD, 0x3F, 0xFF,
    0xFD, 0x3F, 0xFF, 0xFD, 0x3F, 0x40, 0x00, 0x2F, 0x80, 0x00, 0x0F, 0xFA, 0xBC, 0x07, 0xFF, 0xFC,
    0x00, 0xBF, 0xE4, 0x1A, 0x40, 0x7F, 0x00, 0x3F, 0x00, 0x3E, 0x00, 0x00, 0x1F, 0x80, 0x7E, 0x01,
    0xF8, 0x07, 0xE0, 0x1F, 0x80, 0x7E, 0x01, 0xF8, 0x07, 0xE0, 0x1F, 0x80, 0x7E, 0x01, 0xF8, 0x07,
    0xE0, 0x02, 0xA0, 0x3F, 0x82, 0xF4, 0x1F, 0x40, 0x00, 0x01, 0xF8, 0x07, 0xE0, 0x1F, 0x80, 0x7E,
    0x01, 0xF8, 0x07, 0xE0, 0x1F, 0x80, 0x7E, 0x01, 0xF8, 0x07, 0xE0, 0x1F, 0x80, 0x7E, 0x00, 0x01,
    0xA4, 0x00, 0x3F, 0xD0, 0x0F, 0xEF, 0x43, 0xE0, 0x7C, 0x00, 0x00, 0x00, 0x1F, 0x80, 0x01, 0xF8,
    0x00, 0x1F, 0x80, 0x01, 0xF8, 0x00, 0x1F, 0x80, 0x01, 0xF8, 0x00, 0x1F, 0x80, 0x01, 0xF8, 0x00,
    0x1F, 0x80, 0x01, 0xF8, 0x00, 0x1F, 0x80, 0x01, 0xF8, 0x00, 0x14, 0x04, 0x7C, 0x3E, 0x7C, 0x2D,
    0x00, 0x00, 0x07, 0xE0, 0x07, 0xE0, 0x07, 0xE0, 0x07, 0xE0, 0x07, 0xE0, 0x07, 0xE0, 0x07, 0xE0,
    0x07, 0xE0, 0x07, 0xE0, 0x07, 0xE0, 0x07, 0xE0, 0x07, 0xE0, 0x00, 0x00, 0x40, 0x03, 0xE3, 0xD0,
    0x02, 0xFF, 0xC0, 0x00, 0xFF, 0x00, 0x03, 0xFF, 0xC0, 0x02, 0x47, 0xE0, 0x01, 0x53, 0xF0, 0x0F,
    0xFF, 0xF8, 0x3F, 0xFF, 0xFC, 0xBF, 0x03, 0xFC, 0xFD, 0x01, 0xFC, 0xFC, 0x00, 0xFC, 0xFD, 0x01,
    0xFC, 0xBE, 0x02, 0xF8, 0x7F, 0xAB, 0xF0, 0x2F, 0xFF, 0xD0, 0x06, 0xFE, 0x00, 0x00, 0x40, 0x50,
    0x07, 0xFE, 0xF0, 0x0F, 0xFF, 0xE0, 0x1E, 0x1F, 0x80, 0x00, 0x00, 0x00, 0x7C, 0x7F, 0xD0, 0x7E,
    0xFF, 0xF4, 0x7F, 0xEB, 0xFC, 0x7F, 0x01, 0xFC, 0x7F, 0x00, 0xFC, 0x7E, 0x00, 0xFC, 0x7E, 0x00,
    0xFC, 0x7E, 0x00, 0xFC, 0x7E, 0x00, 0xFC, 0x7E, 0x00, 0xFC, 0x7E, 0x00, 0xFC, 0x7E, 0x00, 0xFC,
    0x01, 0xA4, 0x00, 0x00, 0x3F, 0x80, 0x00, 0x02, 0xF4, 0x00, 0x00, 0x2F, 0x00, 0x00, 0x00, 0x00,
    0x00, 0x2F, 0xE0, 0x00, 0x7F, 0xFF, 0x40, 0x3F, 0xAB, 0xF0, 0x2F, 0x80, 0xBE, 0x0F, 0xD0, 0x1F,
    0xC3, 0xF0, 0x03, 0xF0, 0xFC, 0x00, 0xFC, 0x3F, 0x40, 0x7F, 0x0B, 0xE0, 0x2F, 0x80, 0xFF, 0xBF,
    0xC0, 0x1F, 0xFF, 0xD0, 0x00, 0xBF, 0x80, 0x00, 0x00, 0x01, 0xA4, 0x00, 0x01, 0xFC, 0x00, 0x00,
    0xF8, 0x00, 0x00, 0xF8, 0x00, 0x00, 0x00, 0x00, 0x00, 0x2F, 0xE0, 0x00, 0x7F, 0xFF, 0x40, 0x3F,
    0xAB, 0xF0, 0x2F, 0x80, 0xBE, 0x0F, 0xD0, 0x1F, 0xC3, 0xF0, 0x03, 0xF0, 0xFC, 0x00, 0xFC, 0x3F,
    0x40, 0x7F, 0x0B, 0xE0, 0x2F, 0x80, 0xFF, 0xBF, 0xC0, 0x1F, 0xFF, 0xD0, 0x00, 0xBF, 0x80, 0x00,
    0x00, 0x2A, 0x00, 0x00, 0x3F, 0xF0, 0x00, 0x2F, 0xBE, 0x00, 0x1F, 0x03, 0xD0, 0x00, 0x00, 0x00,
    0x00, 0x2F, 0xE0, 0x00, 0x7F, 0xFF, 0x40, 0x3F, 0xAB, 0xF0, 0x2F, 0x80, 0xBE, 0x0F, 0xD0, 0x1F,
    0xC3, 0xF0, 0x03, 0xF0, 0xFC, 0x00, 0xFC, 0x3F, 0x40, 0x7F, 0x0B, 0xE0, 0x2F, 0x80, 0xFF, 0xBF,
    0xC0, 0x1F, 0xFF, 0xD0, 0x00, 0xBF, 0x80, 0x00, 0x00, 0x50, 0x14, 0x00, 0xBF, 0xAE, 0x00, 0x7F,
    0xFF, 0x40, 0x2D, 0x2F, 0x40, 0x00, 0x00, 0x00, 0x00, 0x2F, 0xE0, 0x00, 0x7F, 0xFF, 0x40, 0x3F,
    0xAB, 0xF0, 0x2F, 0x80, 0xBE, 0x0F, 0xD0, 0x1F, 0xC3, 0xF0, 0x03, 0xF0, 0xFC, 0x00, 0xFC, 0x3F,
    0x40, 0x7F, 0x0B, 0xE0, 0x2F, 0x80, 0xFF, 0xBF, 0xC0, 0x1F, 0xFF, 0xD0, 0x00, 0xBF, 0x80, 0x00,
    0x01, 0x40, 0x50, 0x00, 0xF8, 0xBC, 0x00, 0x3D, 0x1F, 0x00, 0x00, 0x00, 0x00, 0x00, 0xBF, 0x80,
    0x01, 0xFF, 0xFD, 0x00, 0xFE, 0xAF, 0xC0, 0xBE, 0x02, 0xF8, 0x3F, 0x40, 0x7F, 0x0F, 0xC0, 0x0F,
    0xC3, 0xF0, 0x03, 0xF0, 0xFD, 0x01, 0xFC, 0x2F, 0x80, 0xBE, 0x03, 0xFE, 0xFF, 0x00, 0x7F, 0xFF,
    0x40, 0x02, 0xFE, 0x00, 0x00, 0x3C, 0x00, 0x01, 0xF4, 0x00, 0x03, 0xC0, 0x05, 0x55, 0x55, 0x3F,
    0xFF, 0xFC, 0xFF, 0xFF, 0xF0, 0x00, 0x00, 0x00, 0x0F, 0x00, 0x00, 0x7D, 0x00, 0x00, 0xF0, 0x00,
    0x00, 0x00, 0x00, 0x01, 0xBF, 0xB8, 0x07, 0xFF, 0xF8, 0x0F, 0xEB, 0xFC, 0x2F, 0x83, 0xFE, 0x3F,
    0x4B, 0xFF, 0x3F, 0x1F, 0x7F, 0x3F, 0x3D, 0x7F, 0x3F, 0xF8, 0x7F, 0x2F, 0xF0, 0xBE, 0x0F, 0xFB,
    0xFC, 0x0B, 0xFF, 0xF4, 0x0F, 0xBF, 0x80, 0x01, 0x00, 0x00, 0x02, 0xA0, 0x00, 0x0B, 0xF0, 0x00,
    0x07, 0xE0, 0x00, 0x07, 0xD0, 0x00, 0x00, 0x02, 0xF8, 0x03, 0xFB, 0xE0, 0x0F, 0xEF, 0x80, 0x3F,
    0xBE, 0x00, 0xFE, 0xF8, 0x03, 0xFB, 0xE0, 0x0F, 0xEF, 0x80, 0x3F, 0xBE, 0x01, 0xFD, 0xFC, 0x0B,
    0xF7, 0xF9, 0xBF, 0xCF, 0xFF, 0xAF, 0x0B, 0xF4, 0xBC, 0x00, 0x06, 0x90, 0x00, 0x3F, 0x40, 0x03,
    0xF0, 0x00, 0x2E, 0x00, 0x00, 0x00, 0x02, 0xF8, 0x03, 0xFB, 0xE0, 0x0F, 0xEF, 0x80, 0x3F, 0xBE,
    0x00, 0xFE, 0xF8, 0x03, 0xFB, 0xE0, 0x0F, 0xEF, 0x80, 0x3F, 0xBE, 0x01, 0xFD, 0xFC, 0x0B, 0xF7,
    0xF9, 0xBF, 0xCF, 0xFF, 0xAF, 0x0B, 0xF4, 0xBC, 0x00, 0x69, 0x00, 0x0B, 0xFC, 0x00, 0x7E, 0xFC,
    0x03, 0xD0, 0xB8, 0x00, 0x00, 0x02, 0xF8, 0x03, 0xFB, 0xE0, 0x0F, 0xEF, 0x80, 0x3F, 0xBE, 0x00,
    0xFE, 0xF8, 0x03, 0xFB, 0xE0, 0x0F, 0xEF, 0x80, 0x3F, 0xBE, 0x01, 0xFD, 0xFC, 0x0B, 0xF7, 0xF9,
    0xBF, 0xCF, 0xFF, 0xAF, 0x0B, 0xF4, 0xBC, 0x01, 0x01, 0x40, 0x3F, 0x1F, 0x40, 0xB8, 0x3C, 0x00,
    0x00, 0x00, 0xBE, 0x00, 0xFE, 0xF8, 0x03, 0xFB, 0xE0, 0x0F, 0xEF, 0x80, 0x3F, 0xBE, 0x00, 0xFE,
    0xF8, 0x03, 0xFB, 0xE0, 0x0F, 0xEF, 0x80, 0x7F, 0x7F, 0x02, 0xFD, 0xFE, 0x6F, 0xF3, 0xFF, 0xEB,
    0xC2, 0xFD, 0x2F, 0x00, 0x06, 0x90, 0x00, 0x0F, 0xD0, 0x00, 0x3F, 0x40, 0x00, 0xBC, 0x00, 0x00,
    0x00, 0x00, 0xFD, 0x00, 0xBE, 0x7F, 0x00, 0xFD, 0x3F, 0x00, 0xFC, 0x2F, 0x41, 0xF8, 0x1F, 0x83,
    0xF4, 0x0F, 0xC3, 0xF0, 0x0B, 0xD7, 0xE0, 0x03, 0xEB, 0xC0, 0x02, 0xFF, 0xC0, 0x01, 0xFF, 0x40,
    0x00, 0xFF, 0x00, 0x00, 0xBE, 0x00, 0x00, 0xFD, 0x00, 0x01, 0xFC, 0x00, 0x2B, 0xF4, 0x00, 0x7F,
    0xE0, 0x00, 0x3F, 0x80, 0x00, 0x7E, 0x00, 0x00, 0x7E, 0x00, 0x00, 0x7E, 0x00, 0x00, 0x7E, 0x00,
    0x00, 0x7E, 0x3F, 0x80, 0x7F, 0xFF, 0xF0, 0x7F, 0xEB, 0xF8, 0x7F, 0x02, 0xFC, 0x7F, 0x00, 0xFC,
    0x7E, 0x00, 0xFC, 0x7E, 0x00, 0xFC, 0x7F, 0x00, 0xFC, 0x7F, 0x02, 0xFC, 0x7F, 0xEB, 0xF4, 0x7F,
    0xFF, 0xF0, 0x7E, 0x7F, 0x80, 0x7E, 0x00, 0x00, 0x7E, 0x00, 0x00, 0x7E, 0x00, 0x00, 0x7E, 0x00,
    0x00, 0x7E, 0x00, 0x00, 0x01, 0x01, 0x40, 0x0B, 0xC3, 0xE0, 0x07, 0xC3, 0xD0, 0x00, 0x00, 0x00,
    0xFD, 0x00, 0xBE, 0x7F, 0x00, 0xFD, 0x3F, 0x00, 0xFC, 0x2F, 0x41, 0xF8, 0x1F, 0x83, 0xF4, 0x0F,
    0xC3, 0xF0, 0x0B, 0xD7, 0xE0, 0x03, 0xEB, 0xC0, 0x02, 0xFF, 0xC0, 0x01, 0xFF, 0x40, 0x00, 0xFF,
    0x00, 0x00, 0xBE, 0x00, 0x00, 0xFD, 0x00, 0x01, 0xFC, 0x00, 0x2B, 0xF4, 0x00, 0x7F, 0xE0, 0x00,
    0x3F, 0x80, 0x00, 0x00, 0x55, 0x54, 0x00, 0x07, 0xFF, 0xE0, 0x00, 0x1F, 0xFF, 0x80, 0x00, 0x00,
    0x00, 0x00, 0x00, 0x00, 0x00, 0x00, 0x00, 0xFF, 0x40, 0x00, 0x07, 0xFE, 0x00, 0x00, 0x2F, 0xFC,
    0x00, 0x00, 0xFD, 0xF4, 0x00, 0x07, 0xE3, 0xE0, 0x00, 0x2F, 0x4F, 0xC0, 0x00, 0xFC, 0x1F, 0x40,
    0x07, 0xE0, 0x3F, 0x00, 0x2F, 0xFF, 0xFC, 0x00, 0xFF, 0xFF, 0xF4, 0x07, 0xFF, 0xFF, 0xF0, 0x3F,
    0x40, 0x0F, 0xC0, 0xFC, 0x00, 0x2F, 0x87, 0xF0, 0x00, 0x7F, 0x3F, 0x80, 0x00, 0xFC, 0x01, 0x55,
    0x50, 0x0F, 0xFF, 0x80, 0x3F, 0xFE, 0x00, 0x00, 0x00, 0x01, 0xFF, 0x80, 0x3F, 0xFF, 0xC0, 0x7A,
    0xBF, 0x80, 0x00, 0x7F, 0x00, 0x56, 0xFC, 0x2F, 0xFF, 0xF2, 0xFF, 0xFF, 0xCF, 0xE0, 0x3F, 0x3F,
    0x01, 0xFC, 0xFF, 0x6F, 0xF2, 0xFF, 0xFB, 0xC1, 0xFE, 0x1F, 0x01, 0x80, 0x08, 0x00, 0x07, 0xE6,
    0xF0, 0x00, 0x0F, 0xFF, 0x80, 0x00, 0x0B, 0xF4, 0x00, 0x00, 0x00, 0x00, 0x00, 0x00, 0x00, 0x00,
    0x00, 0x03, 0xFD, 0x00, 0x00, 0x1F, 0xF8, 0x00, 0x00, 0xBF, 0xF0, 0x00, 0x03, 0xF7, 0xD0, 0x00,
    0x1F, 0x8F, 0x80, 0x00, 0xBD, 0x3F, 0x00, 0x03, 0xF0, 0x7D, 0x00, 0x1F, 0x80, 0xFC, 0x00, 0xBF,
    0xFF, 0xF0, 0x03, 0xFF, 0xFF, 0xD0, 0x1F, 0xFF, 0xFF, 0xC0, 0xFD, 0x00, 0x3F, 0x03, 0xF0, 0x00,
    0xBE, 0x1F, 0xC0, 0x01, 0xFC, 0xFE, 0x00, 0x03, 0xF0, 0x02, 0x00, 0x20, 0x1F, 0x9B, 0xC0, 0x3F,
    0xFE, 0x00, 0x2F, 0xD0, 0x00, 0x00, 0x00, 0x07, 0xFE, 0x00, 0xFF, 0xFF, 0x01, 0xEA, 0xFE, 0x00,
    0x01, 0xFC, 0x01, 0x5B, 0xF0, 0xBF, 0xFF, 0xCB, 0xFF, 0xFF, 0x3F, 0x80, 0xFC, 0xFC, 0x07, 0xF3,
    0xFD, 0xBF, 0xCB, 0xFF, 0xEF, 0x07, 0xF8, 0x7C, 0x00, 0x3F, 0xD0, 0x00, 0x01, 0xFF, 0x80, 0x00,
    0x0B, 0xFF, 0x00, 0x00, 0x3F, 0x7D, 0x00, 0x01, 0xF8, 0xF8, 0x00, 0x0B, 0xD3, 0xF0, 0x00, 0x3F,
    0x07, 0xD0, 0x01, 0xF8, 0x0F, 0xC0, 0x0B, 0xFF, 0xFF, 0x00, 0x3F, 0xFF, 0xFD, 0x01, 0xFF, 0xFF,
    0xFC, 0x0F, 0xD0, 0x03, 0xF0, 0x3F, 0x00, 0x0B, 0xE1, 0xFC, 0x00, 0x1F, 0xCF, 0xE0, 0x00, 0x3F,
    0x00, 0x00, 0x00, 0xE0, 0x00, 0x00, 0x0B, 0x40, 0x00, 0x00, 0x3E, 0x80, 0x00, 0x00, 0xBF, 0x00,
    0x00, 0x00, 0xBC, 0x01, 0xFF, 0x80, 0x0F, 0xFF, 0xF0, 0x07, 0xAB, 0xF8, 0x00, 0x01, 0xFC, 0x00,
    0x56, 0xFC, 0x0B, 0xFF, 0xFC, 0x2F, 0xFF, 0xFC, 0x3F, 0x80, 0xFC, 0x3F, 0x01, 0xFC, 0x3F, 0xDB,
    0xFC, 0x2F, 0xFF, 0xBC, 0x07, 0xF8, 0xBC, 0x00, 0x00, 0xE0, 0x00, 0x02, 0xD0, 0x00, 0x03, 0xF8,
    0x00, 0x02, 0xFD, 0x00, 0x00, 0xBC, 0x00, 0x01, 0xA4, 0x00, 0x03, 0xF0, 0x00, 0x0F, 0xC0, 0x00,
    0x3E, 0x00, 0x00, 0x00, 0x00, 0x00, 0x00, 0x00, 0x00, 0x7F, 0xF8, 0x07, 0xFF, 0xFD, 0x1F, 0xF9,
    0xBC, 0x3F, 0xC0, 0x00, 0x7F, 0x00, 0x00, 0xBE, 0x00, 0x00, 0xFE, 0x00, 0x00, 0xFD, 0x00, 0x00,
    0xFD, 0x00, 0x00, 0xBE, 0x00, 0x00, 0x7F, 0x00, 0x00, 0x3F, 0x80, 0x00, 0x1F, 0xF9, 0xBC, 0x0B,
    0xFF, 0xFC, 0x00, 0xBF, 0xE4, 0x00, 0x02, 0xA0, 0x00, 0x3F, 0x40, 0x02, 0xF4, 0x00, 0x1F, 0x00,
    0x00, 0x00, 0x00, 0x02, 0xFF, 0x40, 0x7F, 0xFF, 0x03, 0xFE, 0xB8, 0x2F, 0xC0, 0x00, 0xFD, 0x00,
    0x03, 0xF0, 0x00, 0x0F, 0xC0, 0x00, 0x3F, 0x40, 0x00, 0xBF, 0x00, 0x01, 0xFF, 0xAF, 0x02, 0xFF,
    0xFC, 0x01, 0xBF, 0x90, 0x00, 0x1A, 0x00, 0x00, 0xBF, 0xC0, 0x01, 0xFB, 0xF0, 0x03, 0xD0, 0xF8,
    0x00, 0x00, 0x00, 0x00, 0x00, 0x00, 0x00, 0x7F, 0xF8, 0x07, 0xFF, 0xFD, 0x1F, 0xF9, 0xBC, 0x3F,
    0xC0, 0x00, 0x7F, 0x00, 0x00, 0xBE, 0x00, 0x00, 0xFE, 0x00, 0x00, 0xFD, 0x00, 0x00, 0xFD, 0x00,
    0x00, 0xBE, 0x00, 0x00, 0x7F, 0x00, 0x00, 0x3F, 0x80, 0x00, 0x1F, 0xF9, 0xBC, 0x0B, 0xFF, 0xFC,
    0x00, 0xBF, 0xE4, 0x00, 0x69, 0x00, 0x07, 0xFD, 0x00, 0x3E, 0xBC, 0x03, 0xE0, 0xBC, 0x00, 0x00,
    0x00, 0x02, 0xFF, 0x40, 0x7F, 0xFF, 0x03, 0xFE, 0xB8, 0x2F, 0xC0, 0x00, 0xFD, 0x00, 0x03, 0xF0,
    0x00, 0x0F, 0xC0, 0x00, 0x3F, 0x40, 0x00, 0xBF, 0x00, 0x01, 0xFF, 0xAF, 0x02, 0xFF, 0xFC, 0x01,
    0xBF, 0x90, 0x00, 0x2F, 0x00, 0x00, 0x3F, 0x40, 0x00, 0x2F, 0x00, 0x00, 0x00, 0x00, 0x00, 0x00,
    0x00, 0x00, 0x7F, 0xF8, 0x07, 0xFF, 0xFD, 0x1F, 0xF9, 0xBC, 0x3F, 0xC0, 0x00, 0x7F, 0x00, 0x00,
    0xBE, 0x00, 0x00, 0xFE, 0x00, 0x00, 0xFD, 0x00, 0x00, 0xFD, 0x00, 0x00, 0xBE, 0x00, 0x00, 0x7F,
    0x00, 0x00, 0x3F, 0x80, 0x00, 0x1F, 0xF9, 0xBC, 0x0B, 0xFF, 0xFC, 0x00, 0xBF, 0xE4, 0x00, 0x7D,
    0x00, 0x02, 0xF8, 0x00, 0x07, 0xD0, 0x00, 0x00, 0x00, 0x00, 0xBF, 0xD0, 0x1F, 0xFF, 0xC0, 0xFF,
    0xAE, 0x0B, 0xF0, 0x00, 0x3F, 0x40, 0x00, 0xFC, 0x00, 0x03, 0xF0, 0x00, 0x0F, 0xD0, 0x00, 0x2F,
    0xC0, 0x00, 0x7F, 0xEB, 0xC0, 0xBF, 0xFF, 0x00, 0x6F, 0xE4, 0x02, 0x40, 0x18, 0x03, 0xF0, 0xF8,
    0x00, 0xFF, 0xF0, 0x00, 0x3F, 0xC0, 0x00, 0x00, 0x00, 0x00, 0x00, 0x00, 0x00, 0x7F, 0xF8, 0x07,
    0xFF, 0xFD, 0x1F, 0xF9, 0xBC, 0x3F, 0xC0, 0x00, 0x7F, 0x00, 0x00, 0xBE, 0x00, 0x00, 0xFE, 0x00,
    0x00, 0xFD, 0x00, 0x00, 0xFD, 0x00, 0x00, 0xBE, 0x00, 0x00, 0x7F, 0x00, 0x00, 0x3F, 0x80, 0x00,
    0x1F, 0xF9, 0xBC, 0x0B, 0xFF, 0xFC, 0x00, 0xBF, 0xE4, 0x05, 0x00, 0x64, 0x2F, 0x4B, 0xC0, 0x2F,
    0xFC, 0x00, 0x3F, 0xD0, 0x00, 0x00, 0x00, 0x02, 0xFF, 0x40, 0x7F, 0xFF, 0x03, 0xFE, 0xB8, 0x2F,
    0xC0, 0x00, 0xFD, 0x00, 0x03, 0xF0, 0x00, 0x0F, 0xC0, 0x00, 0x3F, 0x40, 0x00, 0xBF, 0x00, 0x01,
    0xFF, 0xAF, 0x02, 0xFF, 0xFC, 0x01, 0xBF, 0x90, 0x06, 0x40, 0x18, 0x00, 0x3E, 0x0F, 0x80, 0x00,
    0xFF, 0xE0, 0x00, 0x07, 0xFC, 0x00, 0x00, 0x00, 0x00, 0x00, 0x00, 0x00, 0x00, 0x3F, 0xFF, 0x80,
    0x03, 0xFF, 0xFF, 0x80, 0x3F, 0x5B, 0xFE, 0x03, 0xF0, 0x0B, 0xF4, 0x3F, 0x00, 0x3F, 0x83, 0xF0,
    0x01, 0xFC, 0x3F, 0x00, 0x1F, 0xC3, 0xF0, 0x00, 0xFC, 0x3F, 0x00, 0x1F, 0xC3, 0xF0, 0x01, 0xFC,
    0x3F, 0x00, 0x3F, 0x83, 0xF0, 0x0B, 0xF0, 0x3F, 0x5B, 0xFD, 0x03, 0xFF, 0xFF, 0x40, 0x3F, 0xFF,
    0x40, 0x00, 0x00, 0x00, 0xBE, 0x3F, 0x00, 0x00, 0x2F, 0x8F, 0x40, 0x00, 0x0B, 0xE7, 0x80, 0x00,
    0x02, 0xF8, 0x00, 0x02, 0xFD, 0x7E, 0x00, 0x02, 0xFF, 0xFF, 0x80, 0x01, 0xFE, 0xBF, 0xE0, 0x00,
    0xBE, 0x03, 0xF8, 0x00, 0x3F, 0x40, 0x7E, 0x00, 0x0F, 0xC0, 0x1F, 0x80, 0x03, 0xF0, 0x07, 0xE0,
    0x00, 0xFD, 0x01, 0xF8, 0x00, 0x2F, 0x80, 0xFE, 0x00, 0x07, 0xFA, 0xFF, 0x80, 0x00, 0xFF, 0xFB,
    0xE0, 0x00, 0x0B, 0xF4, 0xF8, 0x00, 0x0F, 0xFF, 0xE0, 0x00, 0x3F, 0xFF, 0xF8, 0x00, 0xFD, 0x6F,
    0xF8, 0x03, 0xF0, 0x0B, 0xF4, 0x0F, 0xC0, 0x0F, 0xE0, 0x3F, 0x00, 0x1F, 0xCB, 0xFF, 0xF0, 0x7F,
    0x2F, 0xFF, 0xC0, 0xFC, 0x6F, 0xD5, 0x07, 0xF0, 0x3F, 0x00, 0x1F, 0xC0, 0xFC, 0x00, 0xFE, 0x03,
    0xF0, 0x0B, 0xF0, 0x0F, 0xD6, 0xFF, 0x40, 0x3F, 0xFF, 0xF4, 0x00, 0xFF, 0xFD, 0x00, 0x00, 0x00,
    0x00, 0xBE, 0x00, 0x02, 0xFF, 0xFC, 0x00, 0x2F, 0xFF, 0xC0, 0x01, 0x5B, 0xF4, 0x02, 0xFD, 0x7E,
    0x00, 0xFF, 0xFF, 0xE0, 0x1F, 0xFB, 0xFE, 0x02, 0xFC, 0x0F, 0xE0, 0x3F, 0x80, 0x7E, 0x03, 0xF4,
    0x07, 0xE0, 0x3F, 0x40, 0x7E, 0x03, 0xF8, 0x07, 0xE0, 0x2F, 0xC0, 0xBE, 0x01, 0xFF, 0xAF, 0xE0,
    0x0F, 0xFF, 0xBE, 0x00, 0x2F, 0xC3, 0xE0, 0x05, 0x55, 0x40, 0xFF, 0xF8, 0x0F, 0xFF, 0x80, 0x00,
    0x00, 0x00, 0x00, 0x03, 0xFF, 0xFD, 0x3F, 0xFF, 0xD3, 0xF5, 0x54, 0x3F, 0x00, 0x03, 0xF0, 0x00,
    0x3F, 0x00, 0x03, 0xFF, 0xFC, 0x3F, 0xFF, 0xC3, 0xF5, 0x54, 0x3F, 0x00, 0x03, 0xF0, 0x00, 0x3F,
    0x00, 0x03, 0xF5, 0x54, 0x3F, 0xFF, 0xD3, 0xFF, 0xFD, 0x01, 0x55, 0x50, 0x03, 0xFF, 0xE0, 0x03,
    0xFF, 0xE0, 0x00, 0x00, 0x00, 0x00, 0xBF, 0x80, 0x07, 0xFF, 0xF0, 0x0F, 0xEA, 0xFC, 0x2F, 0x80,
    0xFC, 0x3F, 0x95, 0xBD, 0x3F, 0xFF, 0xFD, 0x3F, 0xFF, 0xFD, 0x3F, 0x40, 0x00, 0x2F, 0x80, 0x00,
    0x0F, 0xFA, 0xBC, 0x07, 0xFF, 0xFC, 0x00, 0xBF, 0xE4, 0x18, 0x00, 0x81, 0xF9, 0xBC, 0x0F, 0xFF,
    0x80, 0x2F, 0xD0, 0x00, 0x00, 0x00, 0x00, 0x00, 0x3F, 0xFF, 0xD3, 0xFF, 0xFD, 0x3F, 0x55, 0x43,
    0xF0, 0x00, 0x3F, 0x00, 0x03, 0xF0, 0x00, 0x3F, 0xFF, 0xC3, 0xFF, 0xFC, 0x3F, 0x55, 0x43, 0xF0,
    0x00, 0x3F, 0x00, 0x03, 0xF0, 0x00, 0x3F, 0x55, 0x43, 0xFF, 0xFD, 0x3F, 0xFF, 0xD0, 0x02, 0x00,
    0x20, 0x07, 0xE6, 0xF0, 0x03, 0xFF, 0xE0, 0x00, 0xBF, 0x40, 0x00, 0x00, 0x00, 0x00, 0xBF, 0x80,
    0x07, 0xFF, 0xF0, 0x0F, 0xEA, 0xFC, 0x2F, 0x80, 0xFC, 0x3F, 0x95, 0xBD, 0x3F, 0xFF, 0xFD, 0x3F,
    0xFF, 0xFD, 0x3F, 0x40, 0x00, 0x2F, 0x80, 0x00, 0x0F, 0xFA, 0xBC, 0x07, 0xFF, 0xFC, 0x00, 0xBF,
    0xE4, 0x00, 0xF8, 0x00, 0x1F, 0xC0, 0x00, 0xF8, 0x00, 0x00, 0x00, 0x00, 0x00, 0x03, 0xFF, 0xFD,
    0x3F, 0xFF, 0xD3, 0xF5, 0x54, 0x3F, 0x00, 0x03, 0xF0, 0x00, 0x3F, 0x00, 0x03, 0xFF, 0xFC, 0x3F,
    0xFF, 0xC3, 0xF5, 0x54, 0x3F, 0x00, 0x03, 0xF0, 0x00, 0x3F, 0x00, 0x03, 0xF5, 0x54, 0x3F, 0xFF,
    0xD3, 0xFF, 0xFD, 0x00, 0x3E, 0x00, 0x00, 0x7F, 0x00, 0x00, 0x3E, 0x00, 0x00, 0x00, 0x00, 0x00,
    0xBF, 0x80, 0x07, 0xFF, 0xF0, 0x0F, 0xEA, 0xFC, 0x2F, 0x80, 0xFC, 0x3F, 0x95, 0xBD, 0x3F, 0xFF,
    0xFD, 0x3F, 0xFF, 0xFD, 0x3F, 0x40, 0x00, 0x2F, 0x80, 0x00, 0x0F, 0xFA, 0xBC, 0x07, 0xFF, 0xFC,
    0x00, 0xBF, 0xE4, 0x3F, 0xFF, 0xD3, 0xFF, 0xFD, 0x3F, 0x55, 0x43, 0xF0, 0x00, 0x3F, 0x00, 0x03,
    0xF0, 0x00, 0x3F, 0xFF, 0xC3, 0xFF, 0xFC, 0x3F, 0x55, 0x43, 0xF0, 0x00, 0x3F, 0x00, 0x03, 0xF0,
    0x00, 0x3F, 0x55, 0x43, 0xFF, 0xFD, 0x3F, 0xFF, 0xD0, 0x00, 0xF0, 0x00, 0x1E, 0x00, 0x02, 0xF9,
    0x00, 0x1F, 0xD0, 0x00, 0xBD, 0x00, 0xBF, 0x80, 0x07, 0xFF, 0xF0, 0x0F, 0xEA, 0xFC, 0x2F, 0x80,
    0xFC, 0x3F, 0x95, 0xBD, 0x3F, 0xFF, 0xFD, 0x3F, 0xFF, 0xFD, 0x3F, 0x40, 0x00, 0x2F, 0x80, 0x00,
    0x0F, 0xFA, 0xBC, 0x07, 0xFF, 0xFC, 0x00, 0xBF, 0xF4, 0x00, 0x02, 0xD0, 0x00, 0x07, 0x80, 0x00,
    0x0B, 0xE4, 0x00, 0x07, 0xF8, 0x00, 0x02, 0xF4, 0x18, 0x01, 0x91, 0xF4, 0xBC, 0x0B, 0xFF, 0x40,
    0x3F, 0xE0, 0x00, 0x00, 0x00, 0x00, 0x00, 0x3F, 0xFF, 0xD3, 0xFF, 0xFD, 0x3F, 0x55, 0x43, 0xF0,
    0x00, 0x3F, 0x00, 0x03, 0xF0, 0x00, 0x3F, 0xFF, 0xC3, 0xFF, 0xFC, 0x3F, 0x55, 0x43, 0xF0, 0x00,
    0x3F, 0x00, 0x03, 0xF0, 0x00, 0x3F, 0x55, 0x43, 0xFF, 0xFD, 0x3F, 0xFF, 0xD0, 0x06, 0x00, 0x64,
    0x07, 0xD2, 0xF4, 0x01, 0xFF, 0xD0, 0x00, 0xBF, 0x80, 0x00, 0x00, 0x00, 0x00, 0xBF, 0x80, 0x07,
    0xFF, 0xF0, 0x0F, 0xEA, 0xFC, 0x2F, 0x80, 0xFC, 0x3F, 0x95, 0xBD, 0x3F, 0xFF, 0xFD, 0x3F, 0xFF,
    0xFD, 0x3F, 0x40, 0x00, 0x2F, 0x80, 0x00, 0x0F, 0xFA, 0xBC, 0x07, 0xFF, 0xFC, 0x00, 0xBF, 0xE4,
    0x00, 0x1A, 0x40, 0x00, 0x0F, 0xF8, 0x00, 0x0F, 0xEF, 0x40, 0x0B, 0x81, 0xF0, 0x00, 0x00, 0x00,
    0x00, 0x00, 0x00, 0x00, 0x06, 0xFF, 0x90, 0x0F, 0xFF, 0xFC, 0x0F, 0xFA, 0xAE, 0x0F, 0xF0, 0x00,
    0x07, 0xF0, 0x00, 0x02, 0xFC, 0x00, 0x00, 0xBE, 0x01, 0x55, 0x3F, 0x41, 0xFF, 0xDB, 0xE0, 0x7F,
    0xF6, 0xF8, 0x00, 0xBD, 0x7F, 0x00, 0x2F, 0x4F, 0xE0, 0x0B, 0xD1, 0xFF, 0x9B, 0xF4, 0x2F, 0xFF,
    0xFD, 0x00, 0xBF, 0xF9, 0x00, 0x00, 0x2A, 0x00, 0x00, 0xFF, 0x80, 0x02, 0xFB, 0xE0, 0x0B, 0xC1,
    0xF4, 0x00, 0x00, 0x00, 0x02, 0xFD, 0x3E, 0x0B, 0xFF, 0xBE, 0x1F, 0xEB, 0xFE, 0x2F, 0x80, 0xFE,
    0x3F, 0x40, 0x7E, 0x3F, 0x00, 0x7E, 0x3F, 0x00, 0x7E, 0x3F, 0x40, 0x7E, 0x2F, 0x80, 0xBE, 0x1F,
    0xEA, 0xFE, 0x0F, 0xFF, 0xFE, 0x02, 0xFD, 0x7E, 0x00, 0x00, 0xBE, 0x00, 0x00, 0xFD, 0x1E, 0x9B,
    0xFC, 0x1F, 0xFF, 0xF4, 0x0B, 0xFF, 0x80, 0x00, 0x80, 0x08, 0x00, 0x7E, 0x6F, 0x40, 0x0F, 0xFF,
    0x80, 0x00, 0xBF, 0x40, 0x00, 0x00, 0x00, 0x00, 0x00, 0x00, 0x00, 0x06, 0xFF, 0x90, 0x0F, 0xFF,
    0xFC, 0x0F, 0xFA, 0xAE, 0x0F, 0xF0, 0x00, 0x07, 0xF0, 0x00, 0x02, 0xFC, 0x00, 0x00, 0xBE, 0x01,
    0x55, 0x3F, 0x41, 0xFF, 0xDB, 0xE0, 0x7F, 0xF6, 0xF8, 0x00, 0xBD, 0x7F, 0x00, 0x2F, 0x4F, 0xE0,
    0x0B, 0xD1, 0xFF, 0x9B, 0xF4, 0x2F, 0xFF, 0xFD, 0x00, 0xBF, 0xF9, 0x00, 0x02, 0x00, 0x24, 0x03,
    0xE6, 0xF4, 0x02, 0xFF, 0xF0, 0x00, 0x7F, 0x80, 0x00, 0x00, 0x00, 0x02, 0xFD, 0x3E, 0x0B, 0xFF,
    0xBE, 0x1F, 0xEB, 0xFE, 0x2F, 0x80, 0xFE, 0x3F, 0x40, 0x7E, 0x3F, 0x00, 0x7E, 0x3F, 0x00, 0x7E,
    0x3F, 0x40, 0x7E, 0x2F, 0x80, 0xBE, 0x1F, 0xEA, 0xFE, 0x0F, 0xFF, 0xFE, 0x02, 0xFD, 0x7E, 0x00,
    0x00, 0xBE, 0x00, 0x00, 0xFD, 0x1E, 0x9B, 0xFC, 0x1F, 0xFF, 0xF4, 0x0B, 0xFF, 0x80, 0x00, 0x0F,
    0x80, 0x00, 0x07, 0xF0, 0x00, 0x00, 0xF8, 0x00, 0x00, 0x00, 0x00, 0x00, 0x00, 0x00, 0x00, 0x1B,
    0xFE, 0x40, 0x3F, 0xFF, 0xF0, 0x3F, 0xEA, 0xB8, 0x3F, 0xC0, 0x00, 0x1F, 0xC0, 0x00, 0x0B, 0xF0,
    0x00, 0x02, 0xF8, 0x05, 0x54, 0xFD, 0x07, 0xFF, 0x6F, 0x81, 0xFF, 0xDB, 0xE0, 0x02, 0xF5, 0xFC,
    0x00, 0xBD, 0x3F, 0x80, 0x2F, 0x47, 0xFE, 0x6F, 0xD0, 0xBF, 0xFF, 0xF4, 0x02, 0xFF, 0xE4, 0x00,
    0x3E, 0x00, 0x00, 0x7F, 0x00, 0x00, 0x3E, 0x00, 0x00, 0x00, 0x00, 0x02, 0xFD, 0x3E, 0x0B, 0xFF,
    0xBE, 0x1F, 0xEB, 0xFE, 0x2F, 0x80, 0xFE, 0x3F, 0x40, 0x7E, 0x3F, 0x00, 0x7E, 0x3F, 0x00, 0x7E,
    0x3F, 0x40, 0x7E, 0x2F, 0x80, 0xBE, 0x1F, 0xEA, 0xFE, 0x0F, 0xFF, 0xFE, 0x02, 0xFD, 0x7E, 0x00,
    0x00, 0xBE, 0x00, 0x00, 0xFD, 0x1E, 0x9B, 0xFC, 0x1F, 0xFF, 0xF4, 0x0B, 0xFF, 0x80, 0x00, 0x6F,
    0xF9, 0x00, 0xFF, 0xFF, 0xC0, 0xFF, 0xAA, 0xE0, 0xFF, 0x00, 0x00, 0x7F, 0x00, 0x00, 0x2F, 0xC0,
    0x00, 0x0B, 0xE0, 0x15, 0x53, 0xF4, 0x1F, 0xFD, 0xBE, 0x07, 0xFF, 0x6F, 0x80, 0x0B, 0xD7, 0xF0,
    0x02, 0xF4, 0xFE, 0x00, 0xBD, 0x1F, 0xF9, 0xBF, 0x42, 0xFF, 0xFF, 0xD0, 0x0B, 0xFF, 0x90, 0x00,
    0x00, 0x00, 0x00, 0x00, 0x00, 0x00, 0x03, 0xF0, 0x00, 0x00, 0xF4, 0x00, 0x00, 0x78, 0x00, 0x00,
    0x0F, 0x40, 0x00, 0x1F, 0x00, 0x00, 0x3F, 0x00, 0x00, 0x00, 0x00, 0x02, 0xFD, 0x3E, 0x0B, 0xFF,
    0xBE, 0x1F, 0xEB, 0xFE, 0x2F, 0x80, 0xFE, 0x3F, 0x40, 0x7E, 0x3F, 0x00, 0x7E, 0x3F, 0x00, 0x7E,
    0x3F, 0x40, 0x7E, 0x2F, 0x80, 0xBE, 0x1F, 0xEA, 0xFE, 0x0F, 0xFF, 0xFE, 0x02, 0xFD, 0x7E, 0x00,
    0x00, 0xBE, 0x00, 0x00, 0xFD, 0x1E, 0x9B, 0xFC, 0x1F, 0xFF, 0xF4, 0x0B, 0xFF, 0x80, 0x00, 0x1A,
    0x40, 0x00, 0x07, 0xFC, 0x00, 0x00, 0xFB, 0xF0, 0x00, 0x3D, 0x0B, 0xC0, 0x00, 0x00, 0x00, 0x00,
    0x00, 0x00, 0x00, 0x3F, 0x00, 0x0F, 0xC3, 0xF0, 0x00, 0xFC, 0x3F, 0x00, 0x0F, 0xC3, 0xF0, 0x00,
    0xFC, 0x3F, 0x00, 0x0F, 0xC3, 0xF0, 0x00, 0xFC, 0x3F, 0xFF, 0xFF, 0xC3, 0xFF, 0xFF, 0xFC, 0x3F,
    0x55, 0x6F, 0xC3, 0xF0, 0x00, 0xFC, 0x3F, 0x00, 0x0F, 0xC3, 0xF0, 0x00, 0xFC, 0x3F, 0x00, 0x0F,
    0xC3, 0xF0, 0x00, 0xFC, 0x3F, 0x00, 0x0F, 0xC0, 0x01, 0xA4, 0x00, 0x00, 0x0F, 0xF4, 0x00, 0x00,
    0xFE, 0xF4, 0x00, 0x0F, 0x81, 0xF0, 0x00, 0x00, 0x00, 0x00, 0x00, 0x07, 0xE0, 0x00, 0x00, 0x1F,
    0x80, 0x00, 0x00, 0x7E, 0x00, 0x00, 0x01, 0xF8, 0x00, 0x00, 0x07, 0xE2, 0xFD, 0x00, 0x1F, 0xFF,
    0xFD, 0x00, 0x7F, 0xEB, 0xFC, 0x01, 0xFC, 0x07, 0xF0, 0x07, 0xF0, 0x0F, 0xC0, 0x1F, 0x80, 0x3F,
    0x00, 0x7E, 0x00, 0xFC, 0x01, 0xF8, 0x03, 0xF0, 0x07, 0xE0, 0x0F, 0xC0, 0x1F, 0x80, 0x3F, 0x00,
    0x7E, 0x00, 0xFC, 0x01, 0xF8, 0x03, 0xF0, 0x0F, 0xC0, 0x03, 0xF0, 0x6F, 0xE5, 0x5B, 0xF9, 0xFF,
    0xFF, 0xFF, 0xFF, 0xFF, 0xFF, 0xFF, 0xFF, 0x0F, 0xC0, 0x03, 0xF0, 0x0F, 0xC0, 0x03, 0xF0, 0x0F,
    0xFF, 0xFF, 0xF0, 0x0F, 0xFF, 0xFF, 0xF0, 0x0F, 0xE5, 0x5B, 0xF0, 0x0F, 0xC0, 0x03, 0xF0, 0x0F,
    0xC0, 0x03, 0xF0, 0x0F, 0xC0, 0x03, 0xF0, 0x0F, 0xC0, 0x03, 0xF0, 0x0F, 0xC0, 0x03, 0xF0, 0x0F,
    0xC0, 0x03, 0xF0, 0x1F, 0x80, 0x00, 0x3F, 0xFF, 0xC0, 0x0F, 0xFF, 0xF0, 0x01, 0xBF, 0x54, 0x00,
    0x1F, 0x8B, 0xF4, 0x07, 0xEF, 0xFF, 0x41, 0xFF, 0xAF, 0xF0, 0x7F, 0x41, 0xFC, 0x1F, 0xC0, 0x3F,
    0x07, 0xF0, 0x0F, 0xC1, 0xFC, 0x03, 0xF0, 0x7E, 0x00, 0xFC, 0x1F, 0x80, 0x3F, 0x07, 0xE0, 0x0F,
    0xC1, 0xF8, 0x03, 0xF0, 0x7E, 0x00, 0xFC, 0x05, 0x01, 0x4F, 0xFA, 0xE7, 0xFF, 0xF2, 0xC2, 0xF4,
    0x00, 0x00, 0x00, 0x00, 0x01, 0xFF, 0xF4, 0x7F, 0xFD, 0x07, 0xFD, 0x00, 0xBE, 0x00, 0x2F, 0x80,
    0x0B, 0xE0, 0x02, 0xF8, 0x00, 0xBE, 0x00, 0x2F, 0x80, 0x0B, 0xE0, 0x02, 0xF8, 0x00, 0xBE, 0x00,
    0x3F, 0xC0, 0x7F, 0xFD, 0x1F, 0xFF, 0x40, 0x05, 0x01, 0x0F, 0xFB, 0xDB, 0xFF, 0xF3, 0xC2, 0xF0,
    0x00, 0x00, 0x01, 0xF8, 0x00, 0x7E, 0x00, 0x1F, 0x80, 0x07, 0xE0, 0x01, 0xF8, 0x00, 0x7E, 0x00,
    0x1F, 0x80, 0x07, 0xE0, 0x01, 0xF8, 0x00, 0x7E, 0x00, 0x1F, 0x80, 0x07, 0xE0, 0x00, 0x15, 0x54,
    0x7F, 0xFE, 0x7F, 0xFE, 0x00, 0x00, 0x00, 0x00, 0x7F, 0xFD, 0x7F, 0xFD, 0x1F, 0xF4, 0x0B, 0xE0,
    0x0B, 0xE0, 0x0B, 0xE0, 0x0B, 0xE0, 0x0B, 0xE0, 0x0B, 0xE0, 0x0B, 0xE0, 0x0B, 0xE0, 0x0B, 0xE0,
    0x0F, 0xF0, 0x7F, 0xFD, 0x7F, 0xFD, 0x15, 0x55, 0x7F, 0xFE, 0x7F, 0xFE, 0x00, 0x00, 0x07, 0xE0,
    0x07, 0xE0, 0x07, 0xE0, 0x07, 0xE0, 0x07, 0xE0, 0x07, 0xE0, 0x07, 0xE0, 0x07, 0xE0, 0x07, 0xE0,
    0x07, 0xE0, 0x07, 0xE0, 0x07, 0xE0, 0x50, 0x06, 0x2F, 0x9B, 0xC3, 0xFF, 0xD0, 0x2F, 0xD0, 0x00,
    0x00, 0x00, 0x00, 0x07, 0xFF, 0xD1, 0xFF, 0xF4, 0x1F, 0xF4, 0x02, 0xF8, 0x00, 0xBE, 0x00, 0x2F,
    0x80, 0x0B, 0xE0, 0x02, 0xF8, 0x00, 0xBE, 0x00, 0x2F, 0x80, 0x0B, 0xE0, 0x02, 0xF8, 0x00, 0xFF,
    0x01, 0xFF, 0xF4, 0x7F, 0xFD, 0x00, 0x60, 0x06, 0x1F, 0x9B, 0xC3, 0xFF, 0xE0, 0x2F, 0xD0, 0x00,
    0x00, 0x01, 0xF8, 0x00, 0x7E, 0x00, 0x1F, 0x80, 0x07, 0xE0, 0x01, 0xF8, 0x00, 0x7E, 0x00, 0x1F,
    0x80, 0x07, 0xE0, 0x01, 0xF8, 0x00, 0x7E, 0x00, 0x1F, 0x80, 0x07, 0xE0, 0x00, 0x7F, 0xFD, 0x7F,
    0xFD, 0x1F, 0xF4, 0x0B, 0xE0, 0x0B, 0xE0, 0x0B, 0xE0, 0x0B, 0xE0, 0x0B, 0xE0, 0x0B, 0xE0, 0x0B,
    0xE0, 0x0B, 0xE0, 0x0B, 0xE0, 0x0F, 0xF0, 0x7F, 0xFD, 0x7F, 0xFD, 0x00, 0xF0, 0x02, 0xD0, 0x03,
    0xF8, 0x02, 0xFD, 0x00, 0xBD, 0x0F, 0x4B, 0xF0, 0xF4, 0x00, 0x1F, 0x87, 0xE1, 0xF8, 0x7E, 0x1F,
    0x87, 0xE1, 0xF8, 0x7E, 0x1F, 0x87, 0xE1, 0xF8, 0x7F, 0x1E, 0x0F, 0x03, 0xE8, 0xFF, 0x1F, 0xC0,
    0x07, 0xD0, 0x0B, 0xF0, 0x07, 0xD0, 0x00, 0x00, 0x00, 0x00, 0x7F, 0xFD, 0x7F, 0xFD, 0x1F, 0xF4,
    0x0B, 0xE0, 0x0B, 0xE0, 0x0B, 0xE0, 0x0B, 0xE0, 0x0B, 0xE0, 0x0B, 0xE0, 0x0B, 0xE0, 0x0B, 0xE0,
    0x0B, 0xE0, 0x0F, 0xF0, 0x7F, 0xFD, 0x7F, 0xFD, 0x7E, 0x7E, 0x7E, 0x7E, 0x7E, 0x7E, 0x7E, 0x7E,
    0x7E, 0x7E, 0x7E, 0x7E, 0x7F, 0xFD, 0x0F, 0xD7, 0xFF, 0xD0, 0xFD, 0x1F, 0xF4, 0x0F, 0xD0, 0xBE,
    0x00, 0xFD, 0x0B, 0xE0, 0x0F, 0xD0, 0xBE, 0x00, 0xFD, 0x0B, 0xE0, 0x0F, 0xD0, 0xBE, 0x00, 0xFD,
    0x0B, 0xE0, 0x0F, 0xD0, 0xBE, 0x00, 0xFD, 0x0B, 0xE0, 0x0F, 0xD0, 0xBE, 0x00, 0xFD, 0x0F, 0xF0,
    0x0F, 0xD7, 0xFF, 0xD0, 0xFD, 0x7F, 0xFD, 0x0F, 0xD0, 0x00, 0x00, 0xFD, 0x00, 0x00, 0x0F, 0xC0,
    0x00, 0x2B, 0xFC, 0x00, 0x03, 0xFF, 0x00, 0x00, 0x3F, 0x80, 0x3D, 0x03, 0xE2, 0xFC, 0x0F, 0xC3,
    0xD0, 0x2E, 0x00, 0x00, 0x00, 0x7E, 0x03, 0xF1, 0xF8, 0x0F, 0xC7, 0xE0, 0x3F, 0x1F, 0x80, 0xFC,
    0x7E, 0x03, 0xF1, 0xF8, 0x0F, 0xC7, 0xE0, 0x3F, 0x1F, 0x80, 0xFC, 0x7E, 0x03, 0xF1, 0xF8, 0x0F,
    0xC7, 0xE0, 0x3F, 0x1F, 0x80, 0xFC, 0x00, 0x03, 0xF0, 0x00, 0x1F, 0xC0, 0x0A, 0xFF, 0x00, 0x3F,
    0xF4, 0x00, 0xBF, 0x40, 0x00, 0xA4, 0x00, 0x3F, 0xE0, 0x0B, 0xEF, 0x42, 0xF0, 0x7D, 0x00, 0x00,
    0x00, 0x00, 0x00, 0x00, 0xFC, 0x00, 0x0F, 0xC0, 0x00, 0xFC, 0x00, 0x0F, 0xC0, 0x00, 0xFC, 0x00,
    0x0F, 0xC0, 0x00, 0xFC, 0x00, 0x0F, 0xC0, 0x00, 0xFC, 0x00, 0x0F, 0xC0, 0x00, 0xFC, 0x00, 0x0F,
    0xC0, 0x00, 0xFC, 0x00, 0x0F, 0xC0, 0x00, 0xFC, 0x00, 0x0F, 0xC0, 0x01, 0xFC, 0x06, 0xBF, 0x40,
    0xBF, 0xF0, 0x07, 0xF8, 0x00, 0x01, 0xA4, 0x00, 0x3F, 0xD0, 0x0F, 0xEF, 0x03, 0xE0, 0xBC, 0x00,
    0x00, 0x00, 0x1F, 0x80, 0x01, 0xF8, 0x00, 0x1F, 0x80, 0x01, 0xF8, 0x00, 0x1F, 0x80, 0x01, 0xF8,
    0x00, 0x1F, 0x80, 0x01, 0xF8, 0x00, 0x1F, 0x80, 0x01, 0xF8, 0x00, 0x1F, 0x80, 0x01, 0xF8, 0x00,
    0x1F, 0x80, 0x02, 0xF8, 0x02, 0xBF, 0x40, 0x3F, 0xF0, 0x03, 0xF8, 0x00, 0x3F, 0x00, 0x3F, 0x4F,
    0xC0, 0x3F, 0x83, 0xF0, 0x2F, 0xC0, 0xFC, 0x1F, 0xC0, 0x3F, 0x0F, 0xD0, 0x0F, 0xCF, 0xE0, 0x03,
    0xFB, 0xF0, 0x00, 0xFF, 0xFC, 0x00, 0x3F, 0xFF, 0xC0, 0x0F, 0xD3, 0xF4, 0x03, 0xF0, 0xBF, 0x00,
    0xFC, 0x0F, 0xE0, 0x3F, 0x01, 0xFD, 0x0F, 0xC0, 0x2F, 0xC3, 0xF0, 0x03, 0xF8, 0x00, 0x00, 0x00,
    0x00, 0x00, 0x00, 0x00, 0x0F, 0xC0, 0x00, 0x03, 0xD0, 0x00, 0x01, 0xE0, 0x00, 0x7E, 0x00, 0x00,
    0x7E, 0x00, 0x00, 0x7E, 0x00, 0x00, 0x7E, 0x00, 0x00, 0x7E, 0x01, 0xFC, 0x7E, 0x03, 0xF4, 0x7E,
    0x0F, 0xD0, 0x7E, 0x3F, 0x80, 0x7E, 0xBE, 0x00, 0x7F, 0xFD, 0x00, 0x7F, 0xFF, 0x00, 0x7F, 0xAF,
    0x80, 0x7F, 0x0F, 0xD0, 0x7E, 0x07, 0xF0, 0x7E, 0x02, 0xFC, 0x7E, 0x00, 0xFE, 0x00, 0x00, 0x00,
    0x00, 0x00, 0x00, 0x00, 0xBC, 0x00, 0x00, 0xF8, 0x00, 0x00, 0xF0, 0x00, 0x7E, 0x00, 0xFD, 0x7E,
    0x03, 0xF4, 0x7E, 0x0B, 0xE0, 0x7E, 0x1F, 0xC0, 0x7E, 0x7F, 0x00, 0x7F, 0xFD, 0x00, 0x7F, 0xFF,
    0x00, 0x7F, 0xFF, 0x80, 0x7F, 0x0F, 0xD0, 0x7E, 0x07, 0xF0, 0x7E, 0x02, 0xFC, 0x7E, 0x00, 0xFE,
    0x01, 0xA0, 0x00, 0xBE, 0x00, 0x1F, 0x80, 0x03, 0xD0, 0x00, 0x00, 0x00, 0x00, 0x00, 0x00, 0x3F,
    0x00, 0x03, 0xF0, 0x00, 0x3F, 0x00, 0x03, 0xF0, 0x00, 0x3F, 0x00, 0x03, 0xF0, 0x00, 0x3F, 0x00,
    0x03, 0xF0, 0x00, 0x3F, 0x00, 0x03, 0xF0, 0x00, 0x3F, 0x00, 0x03, 0xF0, 0x00, 0x3F, 0xAA, 0xA3,
    0xFF, 0xFF, 0x3F, 0xFF, 0xF0, 0x02, 0xA0, 0x3F, 0x82, 0xF4, 0x1F, 0x00, 0x00, 0x01, 0xF8, 0x07,
    0xE0, 0x1F, 0x80, 0x7E, 0x01, 0xF8, 0x07, 0xE0, 0x1F, 0x80, 0x7E, 0x01, 0xF8, 0x07, 0xE0, 0x1F,
    0x80, 0x7E, 0x01, 0xF8, 0x07, 0xE0, 0x1F, 0x80, 0x7E, 0x00, 0x3F, 0x00, 0x03, 0xF0, 0x00, 0x3F,
    0x00, 0x03, 0xF0, 0x00, 0x3F, 0x00, 0x03, 0xF0, 0x00, 0x3F, 0x00, 0x03, 0xF0, 0x00, 0x3F, 0x00,
    0x03, 0xF0, 0x00, 0x3F, 0x00, 0x03, 0xF0, 0x00, 0x3F, 0xAA, 0xA3, 0xFF, 0xFF, 0x3F, 0xFF, 0xF0,
    0x00, 0x00, 0x00, 0x00, 0x00, 0x0F, 0xC0, 0x00, 0xF4, 0x00, 0x1F, 0x00, 0x7E, 0x7E, 0x7E, 0x7E,
    0x7E, 0x7E, 0x7E, 0x7E, 0x7E, 0x7E, 0x7E, 0x7E, 0x7E, 0x7E, 0x7E, 0x7E, 0x00, 0x00, 0x3E, 0x7C,
    0xB8, 0x3F, 0x01, 0xF4, 0xFC, 0x0B, 0xC3, 0xF0, 0x3C, 0x0F, 0xC0, 0x00, 0x3F, 0x00, 0x00, 0xFC,
    0x00, 0x03, 0xF0, 0x00, 0x0F, 0xC0, 0x00, 0x3F, 0x00, 0x00, 0xFC, 0x00, 0x03, 0xF0, 0x00, 0x0F,
    0xC0, 0x00, 0x3F, 0xAA, 0xA0, 0xFF, 0xFF, 0xC3, 0xFF, 0xFF, 0x00, 0x7E, 0x3F, 0x1F, 0x8F, 0x47,
    0xE7, 0xC1, 0xF8, 0x00, 0x7E, 0x00, 0x1F, 0x80, 0x07, 0xE0, 0x01, 0xF8, 0x00, 0x7E, 0x00, 0x1F,
    0x80, 0x07, 0xE0, 0x01, 0xF8, 0x00, 0x7E, 0x00, 0x1F, 0x80, 0x07, 0xE0, 0x01, 0xF8, 0x00, 0x3F,
    0x00, 0x03, 0xF0, 0x00, 0x3F, 0x00, 0x03, 0xF0, 0x00, 0x3F, 0x00, 0x03, 0xF0, 0xBC, 0x3F, 0x0F,
    0xD3, 0xF0, 0x7C, 0x3F, 0x00, 0x03, 0xF0, 0x00, 0x3F, 0x00, 0x03, 0xF0, 0x00, 0x3F, 0xAA, 0xA3,
    0xFF, 0xFF, 0x3F, 0xFF, 0xF0, 0x7E, 0x00, 0x7E, 0x00, 0x7E, 0x00, 0x7E, 0x00, 0x7E, 0x00, 0x7E,
    0x00, 0x7E, 0x7D, 0x7E, 0xBE, 0x7E, 0x7D, 0x7E, 0x00, 0x7E, 0x00, 0x7E, 0x00, 0x7E, 0x00, 0x7E,
    0x00, 0x7E, 0x00, 0x7E, 0x00, 0x0F, 0xC0, 0x00, 0x0F, 0xC0, 0x00, 0x0F, 0xC0, 0x00, 0x0F, 0xC0,
    0x00, 0x0F, 0xC0, 0x00, 0x0F, 0xFC, 0x00, 0x0F, 0xFD, 0x00, 0x2F, 0xE0, 0x00, 0xFF, 0xC0, 0x00,
    0x7F, 0xC0, 0x00, 0x1F, 0xC0, 0x00, 0x0F, 0xC0, 0x00, 0x0F, 0xEA, 0xA8, 0x0F, 0xFF, 0xFC, 0x0F,
    0xFF, 0xFC, 0x07, 0xE0, 0x07, 0xE0, 0x07, 0xE0, 0x07, 0xE0, 0x07, 0xE0, 0x07, 0xE0, 0x07, 0xF8,
    0x07, 0xFD, 0x0B, 0xFC, 0x3F, 0xF0, 0x2F, 0xE0, 0x0B, 0xE0, 0x07, 0xE0, 0x07, 0xE0, 0x07, 0xE0,
    0x07, 0xE0, 0x00, 0x00, 0x69, 0x00, 0x00, 0x0B, 0xF0, 0x00, 0x00, 0x7E, 0x00, 0x00, 0x03, 0xD0,
    0x00, 0x00, 0x00, 0x00, 0x00, 0x00, 0x00, 0x00, 0x03, 0xFC, 0x00, 0x3F, 0x0F, 0xF8, 0x00, 0xFC,
    0x3F, 0xF4, 0x03, 0xF0, 0xFF, 0xF0, 0x0F, 0xC3, 0xEF, 0xD0, 0x3F, 0x0F, 0x9F, 0xC0, 0xFC, 0x3E,
    0x3F, 0x83, 0xF0, 0xF8, 0x3F, 0x0F, 0xC3, 0xE0, 0xBE, 0x2F, 0x0F, 0x80, 0xFD, 0xBC, 0x3E, 0x02,
    0xFE, 0xF0, 0xF8, 0x03, 0xFF, 0xC3, 0xE0, 0x07, 0xFF, 0x0F, 0x80, 0x0F, 0xFC, 0x3E, 0x00, 0x0F,
    0xF0, 0x00, 0x06, 0x90, 0x00, 0x0F, 0xD0, 0x00, 0x3F, 0x00, 0x00, 0xB8, 0x00, 0x00, 0x00, 0x00,
    0x7C, 0x7F, 0xD0, 0x7E, 0xFF, 0xF4, 0x7F, 0xEB, 0xFC, 0x7F, 0x01, 0xFC, 0x7F, 0x00, 0xFC, 0x7E,
    0x00, 0xFC, 0x7E, 0x00, 0xFC, 0x7E, 0x00, 0xFC, 0x7E, 0x00, 0xFC, 0x7E, 0x00, 0xFC, 0x7E, 0x00,
    0xFC, 0x7E, 0x00, 0xFC, 0x3F, 0xC0, 0x03, 0xF0, 0xFF, 0x80, 0x0F, 0xC3, 0xFF, 0x40, 0x3F, 0x0F,
    0xFF, 0x00, 0xFC, 0x3E, 0xFD, 0x03, 0xF0, 0xF9, 0xFC, 0x0F, 0xC3, 0xE3, 0xF8, 0x3F, 0x0F, 0x83,
    0xF0, 0xFC, 0x3E, 0x0B, 0xE2, 0xF0, 0xF8, 0x0F, 0xDB, 0xC3, 0xE0, 0x2F, 0xEF, 0x0F, 0x80, 0x3F,
    0xFC, 0x3E, 0x00, 0x7F, 0xF0, 0xF8, 0x00, 0xFF, 0xC3, 0xE0, 0x00, 0xFF, 0x00, 0x00, 0x00, 0x00,
    0x00, 0x00, 0x00, 0x00, 0x00, 0x3F, 0x00, 0x00, 0x00, 0xF4, 0x00, 0x00, 0x07, 0xC0, 0x00, 0x7C,
    0x7F, 0xD0, 0x7E, 0xFF, 0xF4, 0x7F, 0xEB, 0xFC, 0x7F, 0x01, 0xFC, 0x7F, 0x00, 0xFC, 0x7E, 0x00,
    0xFC, 0x7E, 0x00, 0xFC, 0x7E, 0x00, 0xFC, 0x7E, 0x00, 0xFC, 0x7E, 0x00, 0xFC, 0x7E, 0x00, 0xFC,
    0x7E, 0x00, 0xFC, 0x00, 0x00, 0x00, 0x00, 0x00, 0x00, 0x00, 0x7D, 0x00, 0x00, 0xBC, 0x00, 0x00,
    0xF0, 0x00, 0x01, 0x90, 0x09, 0x00, 0x03, 0xE1, 0xF4, 0x00, 0x07, 0xFF, 0x80, 0x00, 0x0B, 0xFC,
    0x00, 0x00, 0x00, 0x00, 0x00, 0x00, 0x00, 0x00, 0x03, 0xFC, 0x00, 0x3F, 0x0F, 0xF8, 0x00, 0xFC,
    0x3F, 0xF4, 0x03, 0xF0, 0xFF, 0xF0, 0x0F, 0xC3, 0xEF, 0xD0, 0x3F, 0x0F, 0x9F, 0xC0, 0xFC, 0x3E,
    0x3F, 0x83, 0xF0, 0xF8, 0x3F, 0x0F, 0xC3, 0xE0, 0xBE, 0x2F, 0x0F, 0x80, 0xFD, 0xBC, 0x3E, 0x02,
    0xFE, 0xF0, 0xF8, 0x03, 0xFF, 0xC3, 0xE0, 0x07, 0xFF, 0x0F, 0x80, 0x0F, 0xFC, 0x3E, 0x00, 0x0F,
    0xF0, 0x09, 0x00, 0x60, 0x0F, 0xC3, 0xF0, 0x03, 0xFF, 0xC0, 0x00, 0xFF, 0x00, 0x00, 0x00, 0x00,
    0x7C, 0x7F, 0xD0, 0x7E, 0xFF, 0xF4, 0x7F, 0xEB, 0xFC, 0x7F, 0x01, 0xFC, 0x7F, 0x00, 0xFC, 0x7E,
    0x00, 0xFC, 0x7E, 0x00, 0xFC, 0x7E, 0x00, 0xFC, 0x7E, 0x00, 0xFC, 0x7E, 0x00, 0xFC, 0x7E, 0x00,
    0xFC, 0x7E, 0x00, 0xFC, 0x0F, 0xC0, 0x00, 0x00, 0x1F, 0x80, 0x00, 0x00, 0x2F, 0x00, 0x00, 0x00,
    0x2F, 0x3E, 0x2F, 0xE0, 0x3D, 0x3F, 0xBF, 0xFC, 0x00, 0x3F, 0xFA, 0xFD, 0x00, 0x3F, 0xC0, 0xFE,
    0x00, 0x3F, 0x40, 0xBE, 0x00, 0x3F, 0x40, 0x7E, 0x00, 0x3F, 0x40, 0x7E, 0x00, 0x3F, 0x40, 0x7E,
    0x00, 0x3F, 0x40, 0x7E, 0x00, 0x3F, 0x40, 0x7E, 0x00, 0x3F, 0x40, 0x7E, 0x00, 0x3F, 0x40, 0x7E,
    0x3F, 0xC0, 0x03, 0xF0, 0xFF, 0xC0, 0x0F, 0xC3, 0xFF, 0x80, 0x3F, 0x0F, 0xFF, 0x40, 0xFC, 0x3E,
    0xFF, 0x03, 0xF0, 0xF8, 0xFE, 0x0F, 0xC3, 0xE2, 0xFD, 0x3F, 0x0F, 0x83, 0xFC, 0xBC, 0x3E, 0x03,
    0xFE, 0xF0, 0xF8, 0x07, 0xFF, 0xC3, 0xE0, 0x0B, 0xFF, 0x0F, 0x80, 0x0F, 0xFC, 0x3E, 0x00, 0x1F,
    0xF0, 0xF8, 0x00, 0x2F, 0xC3, 0xE0, 0x00, 0x3F, 0x00, 0x00, 0x00, 0xFC, 0x00, 0x00, 0x07, 0xF0,
    0x00, 0x0B, 0xFF, 0x80, 0x00, 0x2F, 0xF8, 0x00, 0x00, 0x69, 0x00, 0x7C, 0x2F, 0xD0, 0x7D, 0xFF,
    0xF4, 0x7F, 0xEB, 0xFC, 0x7F, 0x01, 0xFC, 0x7F, 0x00, 0xFC, 0x7E, 0x00, 0xFC, 0x7E, 0x00, 0xFC,
    0x7E, 0x00, 0xFC, 0x7E, 0x00, 0xFC, 0x7E, 0x00, 0xFC, 0x7E, 0x00, 0xFC, 0x7E, 0x00, 0xFC, 0x00,
    0x00, 0xFC, 0x00, 0x00, 0xFC, 0x00, 0x17, 0xFC, 0x00, 0x2F, 0xF4, 0x00, 0x1F, 0xD0, 0x00, 0x55,
    0x54, 0x00, 0x03, 0xFF, 0xE0, 0x00, 0x0F, 0xFF, 0x80, 0x00, 0x00, 0x00, 0x00, 0x00, 0x00, 0x00,
    0x00, 0x02, 0xFF, 0x90, 0x00, 0x7F, 0xFF, 0xF0, 0x07, 0xFE, 0x6F, 0xF0, 0x3F, 0x80, 0x0F, 0xD1,
    0xFC, 0x00, 0x2F, 0xCB, 0xE0, 0x00, 0x7F, 0x3F, 0x80, 0x00, 0xFC, 0xFE, 0x00, 0x03, 0xF7, 0xF8,
    0x00, 0x0F, 0xCB, 0xE0, 0x00, 0x7F, 0x1F, 0xC0, 0x02, 0xFC, 0x3F, 0x80, 0x0F, 0xD0, 0x7F, 0xE6,
    0xFF, 0x00, 0x7F, 0xFF, 0xF0, 0x00, 0x2F, 0xF9, 0x00, 0x01, 0x55, 0x50, 0x00, 0xFF, 0xFC, 0x00,
    0x3F, 0xFF, 0x00, 0x00, 0x00, 0x00, 0x00, 0xBF, 0x80, 0x01, 0xFF, 0xFD, 0x00, 0xFE, 0xAF, 0xC0,
    0xBE, 0x02, 0xF8, 0x3F, 0x40, 0x7F, 0x0F, 0xC0, 0x0F, 0xC3, 0xF0, 0x03, 0xF0, 0xFD, 0x01, 0xFC,
    0x2F, 0x80, 0xBE, 0x03, 0xFE, 0xFF, 0x00, 0x7F, 0xFF, 0x40, 0x02, 0xFE, 0x00, 0x00, 0x80, 0x08,
    0x00, 0x07, 0xE6, 0xF0, 0x00, 0x0F, 0xFF, 0x80, 0x00, 0x0B, 0xF4, 0x00, 0x00, 0x00, 0x00, 0x00,
    0x00, 0x00, 0x00, 0x00, 0x0B, 0xFE, 0x40, 0x01, 0xFF, 0xFF, 0xC0, 0x1F, 0xF9, 0xBF, 0xC0, 0xFE,
    0x00, 0x3F, 0x47, 0xF0, 0x00, 0xBF, 0x2F, 0x80, 0x01, 0xFC, 0xFE, 0x00, 0x03, 0xF3, 0xF8, 0x00,
    0x0F, 0xDF, 0xE0, 0x00, 0x3F, 0x2F, 0x80, 0x01, 0xFC, 0x7F, 0x00, 0x0B, 0xF0, 0xFE, 0x00, 0x3F,
    0x41, 0xFF, 0x9B, 0xFC, 0x01, 0xFF, 0xFF, 0xC0, 0x00, 0xBF, 0xE4, 0x00, 0x02, 0x40, 0x24, 0x00,
    0xF9, 0xBE, 0x00, 0x2F, 0xFF, 0x00, 0x01, 0xFE, 0x00, 0x00, 0x00, 0x00, 0x00, 0x2F, 0xE0, 0x00,
    0x7F, 0xFF, 0x40, 0x3F, 0xAB, 0xF0, 0x2F, 0x80, 0xBE, 0x0F, 0xD0, 0x1F, 0xC3, 0xF0, 0x03, 0xF0,
    0xFC, 0x00, 0xFC, 0x3F, 0x40, 0x7F, 0x0B, 0xE0, 0x2F, 0x80, 0xFF, 0xBF, 0xC0, 0x1F, 0xFF, 0xD0,
    0x00, 0xBF, 0x80, 0x00, 0x00, 0xFD, 0xFD, 0x00, 0x0B, 0xD7, 0xD0, 0x00, 0x7C, 0x3C, 0x00, 0x00,
    0x00, 0x00, 0x00, 0x00, 0x00, 0x00, 0x00, 0x02, 0xFF, 0x90, 0x00, 0x7F, 0xFF, 0xF0, 0x07, 0xFE,
    0x6F, 0xF0, 0x3F, 0x80, 0x0F, 0xD1, 0xFC, 0x00, 0x2F, 0xCB, 0xE0, 0x00, 0x7F, 0x3F, 0x80, 0x00,
    0xFC, 0xFE, 0x00, 0x03, 0xF7, 0xF8, 0x00, 0x0F, 0xCB, 0xE0, 0x00, 0x7F, 0x1F, 0xC0, 0x02, 0xFC,
    0x3F, 0x80, 0x0F, 0xD0, 0x7F, 0xE6, 0xFF, 0x00, 0x7F, 0xFF, 0xF0, 0x00, 0x2F, 0xF9, 0x00, 0x02,
    0xF9, 0xF8, 0x00, 0xF4, 0xF8, 0x00, 0xF4, 0xF4, 0x00, 0x00, 0x00, 0x00, 0x00, 0xBF, 0x80, 0x01,
    0xFF, 0xFD, 0x00, 0xFE, 0xAF, 0xC0, 0xBE, 0x02, 0xF8, 0x3F, 0x40, 0x7F, 0x0F, 0xC0, 0x0F, 0xC3,
    0xF0, 0x03, 0xF0, 0xFD, 0x01, 0xFC, 0x2F, 0x80, 0xBE, 0x03, 0xFE, 0xFF, 0x00, 0x7F, 0xFF, 0x40,
    0x02, 0xFE, 0x00, 0x00, 0xBF, 0xFF, 0xFF, 0xF0, 0x2F, 0xFF, 0xFF, 0xFF, 0xC1, 0xFF, 0xAB, 0xF9,
    0x55, 0x0F, 0xE0, 0x0F, 0xD0, 0x00, 0x7F, 0x00, 0x3F, 0x40, 0x02, 0xF8, 0x00, 0xFD, 0x00, 0x0B,
    0xE0, 0x03, 0xFF, 0xFE, 0x3F, 0x40, 0x0F, 0xFF, 0xF8, 0xBE, 0x00, 0x3F, 0x95, 0x52, 0xF8, 0x00,
    0xFD, 0x00, 0x07, 0xF0, 0x03, 0xF4, 0x00, 0x0F, 0xE0, 0x0F, 0xD0, 0x00, 0x1F, 0xF9, 0xBF, 0x95,
    0x50, 0x2F, 0xFF, 0xFF, 0xFF, 0xC0, 0x0B, 0xFF, 0xFF, 0xFF, 0x00, 0x01, 0xBF, 0x80, 0xBF, 0x80,
    0x0B, 0xFF, 0xFB, 0xFF, 0xF0, 0x1F, 0xEB, 0xFF, 0xEB, 0xFC, 0x2F, 0x80, 0xBF, 0x40, 0xFC, 0x3F,
    0x40, 0x7F, 0x55, 0xBD, 0x3F, 0x00, 0x3F, 0xFF, 0xFD, 0x3F, 0x00, 0x7F, 0xFF, 0xFD, 0x3F, 0x40,
    0x7F, 0x00, 0x00, 0x2F, 0x80, 0xBF, 0x40, 0x00, 0x0F, 0xEB, 0xFF, 0xEA, 0xBC, 0x07, 0xFF, 0xFB,
    0xFF, 0xFC, 0x00, 0xBF, 0x80, 0xBF, 0xE4, 0x00, 0x06, 0x90, 0x00, 0x03, 0xF4, 0x00, 0x03, 0xF0,
    0x00, 0x02, 0xF0, 0x00, 0x00, 0x00, 0x00, 0x00, 0x00, 0x00, 0x03, 0xFF, 0xF8, 0x00, 0xFF, 0xFF,
    0xC0, 0x3F, 0x5B, 0xFC, 0x0F, 0xC0, 0x7F, 0x03, 0xF0, 0x0F, 0xC0, 0xFC, 0x07, 0xF0, 0x3F, 0x5B,
    0xF4, 0x0F, 0xFF, 0xF4, 0x03, 0xFF, 0xF8, 0x00, 0xFC, 0x3F, 0x40, 0x3F, 0x07, 0xF0, 0x0F, 0xC0,
    0xFE, 0x03, 0xF0, 0x1F, 0xC0, 0xFC, 0x03, 0xFC, 0x3F, 0x00, 0x3F, 0x40, 0x00, 0x2A, 0x00, 0x3F,
    0x80, 0x2F, 0x40, 0x1F, 0x40, 0x00, 0x00, 0x1F, 0x0B, 0xC7, 0xEF, 0xF1, 0xFF, 0x94, 0x7F, 0x40,
    0x1F, 0xC0, 0x07, 0xE0, 0x01, 0xF8, 0x00, 0x7E, 0x00, 0x1F, 0x80, 0x07, 0xE0, 0x01, 0xF8, 0x00,
    0x7E, 0x00, 0x00, 0x3F, 0xFF, 0x80, 0x0F, 0xFF, 0xFC, 0x03, 0xF5, 0xBF, 0xC0, 0xFC, 0x07, 0xF0,
    0x3F, 0x00, 0xFC, 0x0F, 0xC0, 0x7F, 0x03, 0xF5, 0xBF, 0x40, 0xFF, 0xFF, 0x40, 0x3F, 0xFF, 0x80,
    0x0F, 0xC3, 0xF4, 0x03, 0xF0, 0x7F, 0x00, 0xFC, 0x0F, 0xE0, 0x3F, 0x01, 0xFC, 0x0F, 0xC0, 0x3F,
    0xC3, 0xF0, 0x03, 0xF4, 0x00, 0x00, 0x00, 0x00, 0x00, 0x00, 0x00, 0x0F, 0xC0, 0x00, 0x07, 0xD0,
    0x00, 0x02, 0xE0, 0x00, 0x7C, 0x2F, 0x1F, 0xBF, 0xC7, 0xFE, 0x51, 0xFD, 0x00, 0x7F, 0x00, 0x1F,
    0x80, 0x07, 0xE0, 0x01, 0xF8, 0x00, 0x7E, 0x00, 0x1F, 0x80, 0x07, 0xE0, 0x01, 0xF8, 0x00, 0x00,
    0x00, 0x00, 0x00, 0x03, 0xE0, 0x01, 0xF0, 0x00, 0xB8, 0x00, 0x00, 0x09, 0x00, 0x60, 0x02, 0xF0,
    0xFC, 0x00, 0x3F, 0xFC, 0x00, 0x03, 0xFC, 0x00, 0x00, 0x00, 0x00, 0x00, 0x00, 0x00, 0x03, 0xFF,
    0xF8, 0x00, 0xFF, 0xFF, 0xC0, 0x3F, 0x5B, 0xFC, 0x0F, 0xC0, 0x7F, 0x03, 0xF0, 0x0F, 0xC0, 0xFC,
    0x07, 0xF0, 0x3F, 0x5B, 0xF4, 0x0F, 0xFF, 0xF4, 0x03, 0xFF, 0xF8, 0x00, 0xFC, 0x3F, 0x40, 0x3F,
    0x07, 0xF0, 0x0F, 0xC0, 0xFE, 0x03, 0xF0, 0x1F, 0xC0, 0xFC, 0x03, 0xFC, 0x3F, 0x00, 0x3F, 0x40,
    0x18, 0x01, 0x91, 0xF4, 0xBC, 0x0B, 0xFF, 0x40, 0x3F, 0xE0, 0x00, 0x00, 0x01, 0xF0, 0xBC, 0x1F,
    0xBF, 0xC1, 0xFF, 0x94, 0x1F, 0xD0, 0x01, 0xFC, 0x00, 0x1F, 0x80, 0x01, 0xF8, 0x00, 0x1F, 0x80,
    0x01, 0xF8, 0x00, 0x1F, 0x80, 0x01, 0xF8, 0x00, 0x1F, 0x80, 0x00, 0x00, 0x06, 0x90, 0x00, 0xBF,
    0x00, 0x07, 0xE0, 0x00, 0x3D, 0x00, 0x00, 0x00, 0x00, 0x00, 0x00, 0x00, 0x1F, 0xF9, 0x03, 0xFF,
    0xFD, 0x2F, 0xEA, 0xF0, 0xFD, 0x00, 0x03, 0xF4, 0x00, 0x0B, 0xF4, 0x00, 0x0F, 0xFD, 0x00, 0x0F,
    0xFF, 0x00, 0x07, 0xFF, 0x00, 0x02, 0xFD, 0x00, 0x02, 0xF8, 0x40, 0x0B, 0xE3, 0xF9, 0xBF, 0x0F,
    0xFF, 0xF8, 0x1B, 0xFE, 0x40, 0x00, 0x0A, 0x80, 0x03, 0xF8, 0x00, 0xBD, 0x00, 0x1F, 0x40, 0x00,
    0x00, 0x00, 0x6F, 0xE4, 0x1F, 0xFF, 0xC3, 0xFA, 0xBC, 0x3F, 0x00, 0x03, 0xFD, 0x00, 0x0F, 0xFE,
    0x00, 0x2F, 0xFC, 0x00, 0x1F, 0xD0, 0x00, 0x7E, 0x3E, 0x6F, 0xD3, 0xFF, 0xFC, 0x1F, 0xFE, 0x00,
    0x00, 0x69, 0x00, 0x07, 0xFC, 0x00, 0x7E, 0xFC, 0x03, 0xD0, 0xBC, 0x00, 0x00, 0x00, 0x00, 0x00,
    0x00, 0x1F, 0xF9, 0x03, 0xFF, 0xFD, 0x2F, 0xEA, 0xF0, 0xFD, 0x00, 0x03, 0xF4, 0x00, 0x0B, 0xF4,
    0x00, 0x0F, 0xFD, 0x00, 0x0F, 0xFF, 0x00, 0x07, 0xFF, 0x00, 0x02, 0xFD, 0x00, 0x02, 0xF8, 0x40,
    0x0B, 0xE3, 0xF9, 0xBF, 0x0F, 0xFF, 0xF8, 0x1B, 0xFE, 0x40, 0x01, 0xA4, 0x00, 0x3F, 0xD0, 0x0F,
    0xEF, 0x43, 0xE0, 0x7C, 0x00, 0x00, 0x00, 0x6F, 0xE4, 0x1F, 0xFF, 0xC3, 0xFA, 0xBC, 0x3F, 0x00,
    0x03, 0xFD, 0x00, 0x0F, 0xFE, 0x00, 0x2F, 0xFC, 0x00, 0x1F, 0xD0, 0x00, 0x7E, 0x3E, 0x6F, 0xD3,
    0xFF, 0xFC, 0x1F, 0xFE, 0x00, 0x01, 0xFF, 0x90, 0x3F, 0xFF, 0xD2, 0xFE, 0xAF, 0x0F, 0xD0, 0x00,
    0x3F, 0x40, 0x00, 0xBF, 0x40, 0x00, 0xFF, 0xD0, 0x00, 0xFF, 0xF0, 0x00, 0x7F, 0xF0, 0x00, 0x2F,
    0xD0, 0x00, 0x2F, 0x84, 0x00, 0xBE, 0x3F, 0x9B, 0xF0, 0xFF, 0xFF, 0x81, 0xBF, 0xE4, 0x00, 0x2C,
    0x00, 0x00, 0xBD, 0x00, 0x00, 0x7C, 0x00, 0x2F, 0xE0, 0x00, 0xBE, 0x00, 0x06, 0xFE, 0x41, 0xFF,
    0xFC, 0x3F, 0xAB, 0xC3, 0xF0, 0x00, 0x3F, 0xD0, 0x00, 0xFF, 0xE0, 0x02, 0xFF, 0xC0, 0x01, 0xFD,
    0x00, 0x07, 0xE3, 0xE6, 0xFD, 0x3F, 0xFF, 0xC1, 0xFF, 0xE0, 0x00, 0xF0, 0x00, 0x0F, 0xC0, 0x00,
    0x3D, 0x00, 0x3F, 0xD0, 0x03, 0xF4, 0x00, 0x09, 0x00, 0x60, 0x2F, 0x0F, 0xC0, 0x3F, 0xFC, 0x00,
    0x3F, 0xC0, 0x00, 0x00, 0x00, 0x00, 0x00, 0x00, 0x1F, 0xF9, 0x03, 0xFF, 0xFD, 0x2F, 0xEA, 0xF0,
    0xFD, 0x00, 0x03, 0xF4, 0x00, 0x0B, 0xF4, 0x00, 0x0F, 0xFD, 0x00, 0x0F, 0xFF, 0x00, 0x07, 0xFF,
    0x00, 0x02, 0xFD, 0x00, 0x02, 0xF8, 0x40, 0x0B, 0xE3, 0xF9, 0xBF, 0x0F, 0xFF, 0xF8, 0x1B, 0xFE,
    0x40, 0x18, 0x01, 0x91, 0xF4, 0xBC, 0x0B, 0xFF, 0x40, 0x3F, 0xE0, 0x00, 0x00, 0x00, 0x6F, 0xE4,
    0x1F, 0xFF, 0xC3, 0xFA, 0xBC, 0x3F, 0x00, 0x03, 0xFD, 0x00, 0x0F, 0xFE, 0x00, 0x2F, 0xFC, 0x00,
    0x1F, 0xD0, 0x00, 0x7E, 0x3E, 0x6F, 0xD3, 0xFF, 0xFC, 0x1F, 0xFE, 0x00, 0xBF, 0xFF, 0xFE, 0xBF,
    0xFF, 0xFE, 0x55, 0xFF, 0x55, 0x00, 0xBE, 0x00, 0x00, 0xBE, 0x00, 0x00, 0xBE, 0x00, 0x00, 0xBE,
    0x00, 0x00, 0xBE, 0x00, 0x00, 0xBE, 0x00, 0x00, 0xBE, 0x00, 0x00, 0xBE, 0x00, 0x00, 0xBE, 0x00,
    0x00, 0xBE, 0x00, 0x00, 0xBE, 0x00, 0x00, 0xBE, 0x00, 0x00, 0x38, 0x00, 0x00, 0x7E, 0x00, 0x00,
    0x0F, 0x40, 0x01, 0xFF, 0x00, 0x01, 0xFD, 0x00, 0x01, 0x80, 0x01, 0xF0, 0x00, 0xBC, 0x00, 0xBF,
    0xFD, 0xBF, 0xFF, 0x47, 0xF9, 0x40, 0xFC, 0x00, 0x3F, 0x00, 0x0F, 0xC0, 0x03, 0xF0, 0x00, 0xFC,
    0x00, 0x3F, 0x00, 0x0F, 0xFA, 0x42, 0xFF, 0xD0, 0x2F, 0xF0, 0x00, 0xE0, 0x00, 0x7E, 0x00, 0x03,
    0xC0, 0x1F, 0xF0, 0x07, 0xF4, 0x09, 0x00, 0x64, 0x0B, 0xD2, 0xF0, 0x02, 0xFF, 0xC0, 0x00, 0xFF,
    0x40, 0x00, 0x00, 0x00, 0x00, 0x00, 0x00, 0xBF, 0xFF, 0xFE, 0xBF, 0xFF, 0xFE, 0x55, 0xFF, 0x55,
    0x00, 0xBE, 0x00, 0x00, 0xBE, 0x00, 0x00, 0xBE, 0x00, 0x00, 0xBE, 0x00, 0x00, 0xBE, 0x00, 0x00,
    0xBE, 0x00, 0x00, 0xBE, 0x00, 0x00, 0xBE, 0x00, 0x00, 0xBE, 0x00, 0x00, 0xBE, 0x00, 0x00, 0xBE,
    0x00, 0x00, 0xBE, 0x00, 0x00, 0x00, 0x3E, 0x00, 0x00, 0x7C, 0x03, 0xC0, 0xB8, 0x0B, 0xC0, 0x00,
    0x1F, 0xFF, 0x40, 0xBF, 0xFF, 0x40, 0x1F, 0xE5, 0x00, 0x0F, 0xC0, 0x00, 0x0F, 0xC0, 0x00, 0x0F,
    0xC0, 0x00, 0x0F, 0xC0, 0x00, 0x0F, 0xC0, 0x00, 0x0F, 0xC0, 0x00, 0x0F, 0xFA, 0x40, 0x0B, 0xFF,
    0x40, 0x02, 0xFF, 0x00, 0xBF, 0xFF, 0xFE, 0xBF, 0xFF, 0xFE, 0x55, 0xFF, 0x55, 0x00, 0xBE, 0x00,
    0x00, 0xBE, 0x00, 0x00, 0xBE, 0x00, 0x0F, 0xFF, 0xF0, 0x0F, 0xFF, 0xF0, 0x05, 0xFF, 0x50, 0x00,
    0xBE, 0x00, 0x00, 0xBE, 0x00, 0x00, 0xBE, 0x00, 0x00, 0xBE, 0x00, 0x00, 0xBE, 0x00, 0x00, 0xBE,
    0x00, 0x01, 0x80, 0x01, 0xF0, 0x00, 0xBC, 0x00, 0xBF, 0xFD, 0xBF, 0xFF, 0x47, 0xF9, 0x40, 0xFC,
    0x00, 0x7F, 0x94, 0x7F, 0xFF, 0x1F, 0xFF, 0xC0, 0xFC, 0x00, 0x3F, 0x00, 0x0F, 0xFA, 0x42, 0xFF,
    0xD0, 0x2F, 0xF0, 0x00, 0x50, 0x10, 0x00, 0xFF, 0xAD, 0x00, 0xBF, 0xFF, 0x00, 0x3C, 0x2F, 0x00,
    0x00, 0x00, 0x00, 0x00, 0x00, 0x00, 0x03, 0xF0, 0x00, 0xFC, 0xFC, 0x00, 0x3F, 0x3F, 0x00, 0x0F,
    0xCF, 0xC0, 0x03, 0xF3, 0xF0, 0x00, 0xFC, 0xFC, 0x00, 0x3F, 0x3F, 0x00, 0x0F, 0xCF, 0xC0, 0x03,
    0xF3, 0xF0, 0x00, 0xFC, 0xFC, 0x00, 0x3F, 0x3F, 0x00, 0x1F, 0xCF, 0xE0, 0x0F, 0xE1, 0xFF, 0xFF,
    0xF0, 0x2F, 0xFF, 0xF4, 0x01, 0xBF, 0xE0, 0x00, 0x00, 0x40, 0x50, 0x1F, 0xFB, 0xC0, 0xFF, 0xFE,
    0x07, 0x87, 0xE0, 0x00, 0x00, 0x02, 0xF8, 0x03, 0xFB, 0xE0, 0x0F, 0xEF, 0x80, 0x3F, 0xBE, 0x00,
    0xFE, 0xF8, 0x03, 0xFB, 0xE0, 0x0F, 0xEF, 0x80, 0x3F, 0xBE, 0x01, 0xFD, 0xFC, 0x0B, 0xF7, 0xF9,
    0xBF, 0xCF, 0xFF, 0xAF, 0x0B, 0xF4, 0xBC, 0x01, 0x55, 0x50, 0x00, 0xBF, 0xFD, 0x00, 0x2F, 0xFF,
    0x40, 0x00, 0x00, 0x00, 0x00, 0x00, 0x00, 0x0F, 0xC0, 0x03, 0xF3, 0xF0, 0x00, 0xFC, 0xFC, 0x00,
    0x3F, 0x3F, 0x00, 0x0F, 0xCF, 0xC0, 0x03, 0xF3, 0xF0, 0x00, 0xFC, 0xFC, 0x00, 0x3F, 0x3F, 0x00,
    0x0F, 0xCF, 0xC0, 0x03, 0xF3, 0xF0, 0x00, 0xFC, 0xFC, 0x00, 0x7F, 0x3F, 0x80, 0x3F, 0x87, 0xFF,
    0xFF, 0xC0, 0xBF, 0xFF, 0xD0, 0x06, 0xFF, 0x80, 0x05, 0x55, 0x40, 0x2F, 0xFF, 0x00, 0xBF, 0xFC,
    0x00, 0x00, 0x00, 0xBE, 0x00, 0xFE, 0xF8, 0x03, 0xFB, 0xE0, 0x0F, 0xEF, 0x80, 0x3F, 0xBE, 0x00,
    0xFE, 0xF8, 0x03, 0xFB, 0xE0, 0x0F, 0xEF, 0x80, 0x7F, 0x7F, 0x02, 0xFD, 0xFE, 0x6F, 0xF3, 0xFF,
    0xEB, 0xC2, 0xFD, 0x2F, 0x01, 0x40, 0x14, 0x00, 0xB9, 0xAF, 0x00, 0x0F, 0xFF, 0x40, 0x00, 0xBE,
    0x00, 0x00, 0x00, 0x00, 0x00, 0x00, 0x00, 0x03, 0xF0, 0x00, 0xFC, 0xFC, 0x00, 0x3F, 0x3F, 0x00,
    0x0F, 0xCF, 0xC0, 0x03, 0xF3, 0xF0, 0x00, 0xFC, 0xFC, 0x00, 0x3F, 0x3F, 0x00, 0x0F, 0xCF, 0xC0,
    0x03, 0xF3, 0xF0, 0x00, 0xFC, 0xFC, 0x00, 0x3F, 0x3F, 0x00, 0x1F, 0xCF, 0xE0, 0x0F, 0xE1, 0xFF,
    0xFF, 0xF0, 0x2F, 0xFF, 0xF4, 0x01, 0xBF, 0xE0, 0x00, 0x05, 0x00, 0x50, 0x3E, 0x6F, 0xC0, 0x7F,
    0xFC, 0x00, 0x7F, 0x80, 0x00, 0x00, 0x02, 0xF8, 0x03, 0xFB, 0xE0, 0x0F, 0xEF, 0x80, 0x3F, 0xBE,
    0x00, 0xFE, 0xF8, 0x03, 0xFB, 0xE0, 0x0F, 0xEF, 0x80, 0x3F, 0xBE, 0x01, 0xFD, 0xFC, 0x0B, 0xF7,
    0xF9, 0xBF, 0xCF, 0xFF, 0xAF, 0x0B, 0xF4, 0xBC, 0x00, 0x2F, 0x00, 0x00, 0x2C, 0xF0, 0x00, 0x0E,
    0x1C, 0x00, 0x03, 0xCB, 0x00, 0x00, 0x3F, 0x40, 0x00, 0x00, 0x00, 0x00, 0x00, 0x00, 0x00, 0xFC,
    0x00, 0x3F, 0x3F, 0x00, 0x0F, 0xCF, 0xC0, 0x03, 0xF3, 0xF0, 0x00, 0xFC, 0xFC, 0x00, 0x3F, 0x3F,
    0x00, 0x0F, 0xCF, 0xC0, 0x03, 0xF3, 0xF0, 0x00, 0xFC, 0xFC, 0x00, 0x3F, 0x3F, 0x00, 0x0F, 0xCF,
    0xC0, 0x07, 0xF3, 0xF8, 0x03, 0xF8, 0x7F, 0xFF, 0xFC, 0x0B, 0xFF, 0xFD, 0x00, 0x6F, 0xF8, 0x00,
    0x00, 0xBD, 0x00, 0x0B, 0x6C, 0x00, 0x3C, 0x74, 0x00, 0xB2, 0xC0, 0x00, 0xFD, 0x00, 0x00, 0x00,
    0x0B, 0xE0, 0x0F, 0xEF, 0x80, 0x3F, 0xBE, 0x00, 0xFE, 0xF8, 0x03, 0xFB, 0xE0, 0x0F, 0xEF, 0x80,
    0x3F, 0xBE, 0x00, 0xFE, 0xF8, 0x07, 0xF7, 0xF0, 0x2F, 0xDF, 0xE6, 0xFF, 0x3F, 0xFE, 0xBC, 0x2F,
    0xD2, 0xF0, 0x00, 0xFC, 0xFC, 0x00, 0xF8, 0xFC, 0x00, 0xB4, 0xB8, 0x00, 0x00, 0x00, 0x00, 0x00,
    0x00, 0x00, 0x0F, 0xC0, 0x03, 0xF3, 0xF0, 0x00, 0xFC, 0xFC, 0x00, 0x3F, 0x3F, 0x00, 0x0F, 0xCF,
    0xC0, 0x03, 0xF3, 0xF0, 0x00, 0xFC, 0xFC, 0x00, 0x3F, 0x3F, 0x00, 0x0F, 0xCF, 0xC0, 0x03, 0xF3,
    0xF0, 0x00, 0xFC, 0xFC, 0x00, 0x7F, 0x3F, 0x80, 0x3F, 0x87, 0xFF, 0xFF, 0xC0, 0xBF, 0xFF, 0xD0,
    0x06, 0xFF, 0x80, 0x07, 0xF7, 0xF0, 0x3E, 0x3E, 0x02, 0xD2, 0xD0, 0x00, 0x00, 0x00, 0xBE, 0x00,
    0xFE, 0xF8, 0x03, 0xFB, 0xE0, 0x0F, 0xEF, 0x80, 0x3F, 0xBE, 0x00, 0xFE, 0xF8, 0x03, 0xFB, 0xE0,
    0x0F, 0xEF, 0x80, 0x7F, 0x7F, 0x02, 0xFD, 0xFE, 0x6F, 0xF3, 0xFF, 0xEB, 0xC2, 0xFD, 0x2F, 0x3F,
    0x00, 0x0F, 0xCF, 0xC0, 0x03, 0xF3, 0xF0, 0x00, 0xFC, 0xFC, 0x00, 0x3F, 0x3F, 0x00, 0x0F, 0xCF,
    0xC0, 0x03, 0xF3, 0xF0, 0x00, 0xFC, 0xFC, 0x00, 0x3F, 0x3F, 0x00, 0x0F, 0xCF, 0xC0, 0x03, 0xF3,
    0xF0, 0x01, 0xFC, 0xFE, 0x00, 0xFE, 0x1F, 0xFF, 0xFF, 0x02, 0xFF, 0xFF, 0x00, 0x1B, 0xFF, 0x00,
    0x00, 0x07, 0x40, 0x00, 0x03, 0xC0, 0x00, 0x00, 0xFA, 0x00, 0x00, 0x3F, 0xC0, 0x00, 0x03, 0xF0,
    0xBE, 0x00, 0xFE, 0xF8, 0x03, 0xFB, 0xE0, 0x0F, 0xEF, 0x80, 0x3F, 0xBE, 0x00, 0xFE, 0xF8, 0x03,
    0xFB, 0xE0, 0x0F, 0xEF, 0x80, 0x7F, 0x7F, 0x02, 0xFD, 0xFE, 0x6F, 0xF3, 0xFF, 0xEB, 0xC2, 0xFD,
    0x3F, 0x00, 0x01, 0xE0, 0x00, 0x0F, 0x00, 0x00, 0x3E, 0x80, 0x00, 0xFF, 0x00, 0x01, 0xFC, 0x00,
    0x00, 0x69, 0x00, 0x00, 0x00, 0x00, 0x7F, 0xD0, 0x00, 0x00, 0x00, 0x3E, 0xBC, 0x00, 0x00, 0x00,
    0x3E, 0x0B, 0xC0, 0x00, 0x00, 0x00, 0x00, 0x00, 0x00, 0x00, 0x00, 0x00, 0x00, 0x00, 0x0F, 0xC0,
    0x0B, 0xE0, 0x03, 0xF2, 0xF4, 0x03, 0xFC, 0x01, 0xFC, 0x7E, 0x00, 0xFF, 0x00, 0xBE, 0x0F, 0xC0,
    0x7F, 0xD0, 0x3F, 0x43, 0xF0, 0x2F, 0xF8, 0x0F, 0xC0, 0xBD, 0x0F, 0xAF, 0x03, 0xE0, 0x1F, 0x83,
    0xE7, 0xC1, 0xF4, 0x03, 0xF1, 0xF4, 0xF4, 0xBC, 0x00, 0xFC, 0xBC, 0x3E, 0x3F, 0x00, 0x2F, 0x7F,
    0x0B, 0xCF, 0x80, 0x07, 0xDF, 0x81, 0xF7, 0xD0, 0x00, 0xFF, 0xD0, 0x3F, 0xF0, 0x00, 0x3F, 0xF0,
    0x0F, 0xFC, 0x00, 0x0B, 0xFC, 0x02, 0xFE, 0x00, 0x01, 0xFE, 0x00, 0x7F, 0x40, 0x00, 0x00, 0x01,
    0xA4, 0x00, 0x00, 0x00, 0x7F, 0xD0, 0x00, 0x00, 0x0F, 0xBF, 0x00, 0x00, 0x03, 0xE0, 0xBC, 0x00,
    0x00, 0x00, 0x00, 0x00, 0x0B, 0xD0, 0x3F, 0xC0, 0xBD, 0x7E, 0x03, 0xFC, 0x0F, 0xC3, 0xF0, 0x7F,
    0xC0, 0xFC, 0x3F, 0x0B, 0xBD, 0x1F, 0x82, 0xF4, 0xF6, 0xE2, 0xF4, 0x1F, 0x8F, 0x1F, 0x3F, 0x00,
    0xFD, 0xF0, 0xF3, 0xF0, 0x0F, 0xDF, 0x0F, 0x7E, 0x00, 0xBE, 0xE0, 0xFF, 0xD0, 0x03, 0xFD, 0x0B,
    0xFC, 0x00, 0x3F, 0xC0, 0x7F, 0xC0, 0x02, 0xFC, 0x03, 0xF4, 0x00, 0x00, 0x2A, 0x00, 0x00, 0x0F,
    0xFC, 0x00, 0x02, 0xFB, 0xE0, 0x00, 0x7C, 0x0F, 0x40, 0x00, 0x00, 0x00, 0x00, 0x00, 0x00, 0x00,
    0xBE, 0x00, 0x2F, 0xC3, 0xF0, 0x03, 0xF0, 0x2F, 0x80, 0xBE, 0x00, 0xFC, 0x0F, 0xC0, 0x0B, 0xE2,
    0xF8, 0x00, 0x3F, 0x7F, 0x00, 0x02, 0xFF, 0xE0, 0x00, 0x0F, 0xFC, 0x00, 0x00, 0xBF, 0x40, 0x00,
    0x03, 0xF0, 0x00, 0x00, 0x3F, 0x00, 0x00, 0x03, 0xF0, 0x00, 0x00, 0x3F, 0x00, 0x00, 0x03, 0xF0,
    0x00, 0x00, 0x3F, 0x00, 0x00, 0x00, 0x69, 0x00, 0x01, 0xFF, 0x40, 0x03, 0xEF, 0xC0, 0x0F, 0x82,
    0xF0, 0x00, 0x00, 0x00, 0xFD, 0x00, 0xBE, 0x7F, 0x00, 0xFD, 0x3F, 0x00, 0xFC, 0x2F, 0x41, 0xF8,
    0x1F, 0x83, 0xF4, 0x0F, 0xC3, 0xF0, 0x0B, 0xD7, 0xE0, 0x03, 0xEB, 0xC0, 0x02, 0xFF, 0xC0, 0x01,
    0xFF, 0x40, 0x00, 0xFF, 0x00, 0x00, 0xBE, 0x00, 0x00, 0xFD, 0x00, 0x01, 0xFC, 0x00, 0x2B, 0xF4,
    0x00, 0x7F, 0xE0, 0x00, 0x3F, 0x80, 0x00, 0x01, 0x40, 0x50, 0x00, 0x3E, 0x2F, 0x00, 0x03, 0xD1,
    0xF0, 0x00, 0x00, 0x00, 0x00, 0x00, 0x00, 0x00, 0x0B, 0xE0, 0x02, 0xFC, 0x3F, 0x00, 0x3F, 0x02,
    0xF8, 0x0B, 0xE0, 0x0F, 0xC0, 0xFC, 0x00, 0xBE, 0x2F, 0x80, 0x03, 0xF7, 0xF0, 0x00, 0x2F, 0xFE,
    0x00, 0x00, 0xFF, 0xC0, 0x00, 0x0B, 0xF4, 0x00, 0x00, 0x3F, 0x00, 0x00, 0x03, 0xF0, 0x00, 0x00,
    0x3F, 0x00, 0x00, 0x03, 0xF0, 0x00, 0x00, 0x3F, 0x00, 0x00, 0x03, 0xF0, 0x00, 0x00, 0x06, 0x90,
    0x00, 0x1F, 0xC0, 0x00, 0x3F, 0x00, 0x00, 0xF8, 0x00, 0x00, 0x00, 0x00, 0x00, 0x00, 0x00, 0x7F,
    0xFF, 0xFD, 0x7F, 0xFF, 0xFD, 0x15, 0x57, 0xFC, 0x00, 0x03, 0xF4, 0x00, 0x0B, 0xE0, 0x00, 0x1F,
    0xC0, 0x00, 0x3F, 0x40, 0x00, 0xBE, 0x00, 0x01, 0xFC, 0x00, 0x03, 0xF4, 0x00, 0x0F, 0xE0, 0x00,
    0x1F, 0xC0, 0x00, 0x3F, 0x95, 0x55, 0x7F, 0xFF, 0xFE, 0xBF, 0xFF, 0xFE, 0x00, 0x0A, 0x80, 0x03,
    0xF8, 0x00, 0xBD, 0x00, 0x1F, 0x40, 0x00, 0x00, 0x03, 0xFF, 0xFD, 0x3F, 0xFF, 0xD1, 0x56, 0xFC,
    0x00, 0x3F, 0x40, 0x0B, 0xF0, 0x00, 0xFC, 0x00, 0x3F, 0x40, 0x0B, 0xE0, 0x01, 0xFC, 0x00, 0x3F,
    0x95, 0x57, 0xFF, 0xFE, 0x7F, 0xFF, 0xE0, 0x00, 0x3D, 0x00, 0x00, 0xBF, 0x00, 0x00, 0x3D, 0x00,
    0x00, 0x00, 0x00, 0x00, 0x00, 0x00, 0x7F, 0xFF, 0xFD, 0x7F, 0xFF, 0xFD, 0x15, 0x57, 0xFC, 0x00,
    0x03, 0xF4, 0x00, 0x0B, 0xE0, 0x00, 0x1F, 0xC0, 0x00, 0x3F, 0x40, 0x00, 0xBE, 0x00, 0x01, 0xFC,
    0x00, 0x03, 0xF4, 0x00, 0x0F, 0xE0, 0x00, 0x1F, 0xC0, 0x00, 0x3F, 0x95, 0x55, 0x7F, 0xFF, 0xFE,
    0xBF, 0xFF, 0xFE, 0x00, 0xF4, 0x00, 0x2F, 0xC0, 0x00, 0xF4, 0x00, 0x00, 0x00, 0x3F, 0xFF, 0xD3,
    0xFF, 0xFD, 0x15, 0x6F, 0xC0, 0x03, 0xF4, 0x00, 0xBF, 0x00, 0x0F, 0xC0, 0x03, 0xF4, 0x00, 0xBE,
    0x00, 0x1F, 0xC0, 0x03, 0xF9, 0x55, 0x7F, 0xFF, 0xE7, 0xFF, 0xFE, 0x05, 0x00, 0x64, 0x0B, 0xD2,
    0xF0, 0x02, 0xFF, 0xC0, 0x00, 0xFF, 0x40, 0x00, 0x00, 0x00, 0x00, 0x00, 0x00, 0x7F, 0xFF, 0xFD,
    0x7F, 0xFF, 0xFD, 0x15, 0x57, 0xFC, 0x00, 0x03, 0xF4, 0x00, 0x0B, 0xE0, 0x00, 0x1F, 0xC0, 0x00,
    0x3F, 0x40, 0x00, 0xBE, 0x00, 0x01, 0xFC, 0x00, 0x03, 0xF4, 0x00, 0x0F, 0xE0, 0x00, 0x1F, 0xC0,
    0x00, 0x3F, 0x95, 0x55, 0x7F, 0xFF, 0xFE, 0xBF, 0xFF, 0xFE, 0x18, 0x01, 0x91, 0xF4, 0xBC, 0x0B,
    0xFF, 0x40, 0x3F, 0xE0, 0x00, 0x00, 0x03, 0xFF, 0xFD, 0x3F, 0xFF, 0xD1, 0x56, 0xFC, 0x00, 0x3F,
    0x40, 0x0B, 0xF0, 0x00, 0xFC, 0x00, 0x3F, 0x40, 0x0B, 0xE0, 0x01, 0xFC, 0x00, 0x3F, 0x95, 0x57,
    0xFF, 0xFE, 0x7F, 0xFF, 0xE0, 0x0B, 0xFC, 0x3F, 0xFC, 0x3F, 0xA8, 0x7F, 0x00, 0x7E, 0x00, 0x7E,
    0x00, 0x7E, 0x00, 0x7E, 0x00, 0x7E, 0x00, 0x7E, 0x00, 0x7E, 0x00, 0x7E, 0x00, 0x7E, 0x00, 0x7E,
    0x00, 0x7E, 0x00, 0x7E, 0x00, 0x00, 0x00, 0x00, 0x1F, 0x80, 0x2F, 0xF9, 0x0B, 0xD0, 0x7F, 0xFF,
    0xF7, 0xF0, 0x7F, 0xE6, 0xFF, 0xF4, 0x3F, 0x80, 0x0F, 0xF4, 0x1F, 0xC0, 0x02, 0xFC, 0x0B, 0xE0,
    0x00, 0x3F, 0x03, 0xF8, 0x00, 0x0F, 0xC0, 0xFE, 0x00, 0x03, 0xF4, 0x3F, 0x80, 0x00, 0xFC, 0x0B,
    0xE0, 0x00, 0x7F, 0x01, 0xFC, 0x00, 0x2F, 0xC0, 0x3F, 0x80, 0x0F, 0xD0, 0x07, 0xFE, 0x6F, 0xF0,
    0x00, 0x7F, 0xFF, 0xF0, 0x00, 0x02, 0xFF, 0x90, 0x00, 0x00, 0x00, 0x00, 0xA4, 0x00, 0x00, 0x07,
    0xE0, 0x0B, 0xF9, 0x2F, 0x41, 0xFF, 0xFF, 0xFC, 0x0F, 0xEA, 0xFF, 0x80, 0xBE, 0x02, 0xF8, 0x03,
    0xF4, 0x07, 0xF0, 0x0F, 0xC0, 0x0F, 0xC0, 0x3F, 0x00, 0x3F, 0x00, 0xFD, 0x01, 0xFC, 0x02, 0xF8,
    0x0B, 0xE0, 0x03, 0xFE, 0xBF, 0x00, 0x07, 0xFF, 0xF4, 0x00, 0x02, 0xFE, 0x00, 0x00, 0x00, 0x00,
    0x00, 0x0B, 0xE3, 0xF0, 0x00, 0xFC, 0xFC, 0x3F, 0x00, 0x0F, 0xDF, 0xC3, 0xF0, 0x00, 0xFF, 0xF0,
    0x3F, 0x00, 0x0F, 0xE4, 0x03, 0xF0, 0x00, 0xFC, 0x00, 0x3F, 0x00, 0x0F, 0xC0, 0x03, 0xF0, 0x00,
    0xFC, 0x00, 0x3F, 0x00, 0x0F, 0xC0, 0x03, 0xF0, 0x00, 0xFC, 0x00, 0x3F, 0x00, 0x0F, 0xC0, 0x03,
    0xF0, 0x01, 0xFC, 0x00, 0x3F, 0x80, 0x3F, 0x80, 0x01, 0xFF, 0xFF, 0xF0, 0x00, 0x0B, 0xFF, 0xFD,
    0x00, 0x00, 0x1B, 0xFE, 0x00, 0x00, 0x00, 0x00, 0x00, 0x68, 0x00, 0x00, 0x00, 0xFD, 0xBE, 0x00,
    0xFC, 0xFC, 0xBE, 0x00, 0xFF, 0xF4, 0xBE, 0x00, 0xFF, 0xD0, 0xBE, 0x00, 0xFD, 0x00, 0xBE, 0x00,
    0xFC, 0x00, 0xBE, 0x00, 0xFC, 0x00, 0xBE, 0x00, 0xFC, 0x00, 0xBE, 0x01, 0xFC, 0x00, 0x7F, 0x02,
    0xFC, 0x00, 0x7F, 0x9B, 0xFC, 0x00, 0x3F, 0xFE, 0xBC, 0x00, 0x0B, 0xF4, 0xBC, 0x00, 0x00, 0x00,
    0x00, 0x00, 0x60, 0x06, 0x40, 0x00, 0x00, 0x00, 0x07, 0xD2, 0xF0, 0x00, 0x00, 0x00, 0x00, 0x2F,
    0xFD, 0x00, 0x00, 0x00, 0x00, 0x00, 0xFF, 0x80, 0x00, 0x00, 0x00, 0x00, 0x00, 0x00, 0x00, 0x00,
    0x00, 0x00, 0x00, 0x00, 0x00, 0x3F, 0xFF, 0x80, 0x03, 0xFF, 0xFF, 0xE3, 0xFF, 0xFF, 0x80, 0x3F,
    0xFF, 0xFE, 0x3F, 0x5B, 0xFE, 0x01, 0x55, 0x6F, 0xC3, 0xF0, 0x0B, 0xF4, 0x00, 0x03, 0xF8, 0x3F,
    0x00, 0x3F, 0x80, 0x00, 0xBF, 0x03, 0xF0, 0x01, 0xFC, 0x00, 0x0F, 0xC0, 0x3F, 0x00, 0x1F, 0xC0,
    0x03, 0xF8, 0x03, 0xF0, 0x00, 0xFC, 0x00, 0xBF, 0x00, 0x3F, 0x00, 0x1F, 0xC0, 0x0F, 0xC0, 0x03,
    0xF0, 0x01, 0xFC, 0x03, 0xF4, 0x00, 0x3F, 0x00, 0x3F, 0x80, 0xBF, 0x00, 0x03, 0xF0, 0x0B, 0xF0,
    0x0F, 0xC0, 0x00, 0x3F, 0x5B, 0xFD, 0x03, 0xFD, 0x55, 0x53, 0xFF, 0xFF, 0x40, 0x7F, 0xFF, 0xFF,
    0x3F, 0xFF, 0x40, 0x07, 0xFF, 0xFF, 0xF0, 0x00, 0x00, 0x00, 0x01, 0x90, 0x09, 0x00, 0x00, 0x00,
    0x00, 0x3E, 0x1F, 0x43, 0xFF, 0xF8, 0x00, 0x07, 0xFF, 0x80, 0xFF, 0xFF, 0xE0, 0x00, 0xBF, 0xC0,
    0x3F, 0x5B, 0xFE, 0x00, 0x00, 0x00, 0x0F, 0xC0, 0x2F, 0xD0, 0xFF, 0xFF, 0x83, 0xF0, 0x03, 0xF8,
    0x3F, 0xFF, 0xE0, 0xFC, 0x00, 0x7F, 0x05, 0x5B, 0xF4, 0x3F, 0x00, 0x1F, 0xC0, 0x02, 0xF8, 0x0F,
    0xC0, 0x03, 0xF0, 0x01, 0xFC, 0x03, 0xF0, 0x01, 0xFC, 0x00, 0xFD, 0x00, 0xFC, 0x00, 0x7F, 0x00,
    0xBE, 0x00, 0x3F, 0x00, 0x3F, 0x80, 0x7F, 0x00, 0x0F, 0xC0, 0x2F, 0xC0, 0x3F, 0x40, 0x03, 0xF5,
    0xBF, 0xD0, 0x2F, 0xD5, 0x50, 0xFF, 0xFF, 0xD0, 0x0F, 0xFF, 0xFC, 0x3F, 0xFF, 0x40, 0x03, 0xFF,
    0xFF, 0x00, 0x00, 0x00, 0x00, 0x06, 0x40, 0x24, 0x00, 0x02, 0xF8, 0x1F, 0x87, 0xD0, 0x00, 0x0B,
    0xE0, 0x1F, 0xFD, 0x00, 0x00, 0x2F, 0x80, 0x2F, 0xE0, 0x00, 0x00, 0xBE, 0x00, 0x00, 0x00, 0x0B,
    0xF5, 0xF8, 0x3F, 0xFF, 0xE0, 0xBF, 0xFF, 0xE0, 0xFF, 0xFF, 0x87, 0xFA, 0xFF, 0x81, 0x56, 0xFD,
    0x2F, 0x80, 0xFE, 0x00, 0x0B, 0xE0, 0xFD, 0x01, 0xF8, 0x00, 0x7F, 0x03, 0xF0, 0x07, 0xE0, 0x03,
    0xF4, 0x0F, 0xC0, 0x1F, 0x80, 0x2F, 0x80, 0x3F, 0x40, 0x7E, 0x01, 0xFC, 0x00, 0xBE, 0x03, 0xF8,
    0x0F, 0xC0, 0x01, 0xFE, 0xBF, 0xE0, 0xFF, 0x55, 0x43, 0xFF, 0xEF, 0x83, 0xFF, 0xFF, 0x02, 0xFD,
    0x3E, 0x0F, 0xFF, 0xFC, 0x3F, 0x00, 0x00, 0x7F, 0x3F, 0x00, 0x00, 0x7F, 0x3F, 0x00, 0x00, 0x7F,
    0x3F, 0x00, 0x00, 0x7F, 0x3F, 0x00, 0x00, 0x7F, 0x3F, 0x00, 0x00, 0x7F, 0x3F, 0x00, 0x00, 0x7F,
    0x3F, 0x00, 0x00, 0x7F, 0x3F, 0x00, 0x00, 0x7F, 0x3F, 0x00, 0x00, 0x7F, 0x3F, 0x00, 0x00, 0x7F,
    0x3F, 0x00, 0x00, 0x7F, 0x3F, 0xAA, 0xA0, 0x7F, 0x3F, 0xFF, 0xF0, 0x7F, 0x3F, 0xFF, 0xF0, 0x7F,
    0x00, 0x00, 0x00, 0x7E, 0x00, 0x00, 0x00, 0xBE, 0x00, 0x00, 0x16, 0xFC, 0x00, 0x00, 0x3F, 0xF8,
    0x00, 0x00, 0x2F, 0xD0, 0x00, 0x00, 0x00, 0x7C, 0x3F, 0x00, 0x00, 0xFE, 0x3F, 0x00, 0x00, 0x7C,
    0x3F, 0x00, 0x00, 0x00, 0x3F, 0x00, 0x00, 0xBD, 0x3F, 0x00, 0x00, 0xBD, 0x3F, 0x00, 0x00, 0xBD,
    0x3F, 0x00, 0x00, 0xBD, 0x3F, 0x00, 0x00, 0xBD, 0x3F, 0x00, 0x00, 0xBD, 0x3F, 0x00, 0x00, 0xBD,
    0x3F, 0x00, 0x00, 0xBD, 0x3F, 0x00, 0x00, 0xBD, 0x3F, 0xAA, 0xA0, 0xBD, 0x3F, 0xFF, 0xF0, 0xBD,
    0x3F, 0xFF, 0xF0, 0xBD, 0x00, 0x00, 0x00, 0xBD, 0x00, 0x00, 0x00, 0xFD, 0x00, 0x00, 0x1B, 0xFC,
    0x00, 0x00, 0x1F, 0xFC, 0x00, 0x00, 0x1F, 0xE0, 0x7E, 0x03, 0xE1, 0xF8, 0x0F, 0xC7, 0xE0, 0x2E,
    0x1F, 0x80, 0x00, 0x7E, 0x03, 0xF1, 0xF8, 0x0F, 0xC7, 0xE0, 0x3F, 0x1F, 0x80, 0xFC, 0x7E, 0x03,
    0xF1, 0xF8, 0x0F, 0xC7, 0xE0, 0x3F, 0x1F, 0x80, 0xFC, 0x7E, 0x03, 0xF1, 0xF8, 0x0F, 0xC7, 0xE0,
    0x3F, 0x1F, 0x80, 0xFC, 0x00, 0x03, 0xF0, 0x00, 0x1F, 0xC0, 0x0A, 0xFF, 0x00, 0x3F, 0xF4, 0x00,
    0xBF, 0x40, 0x3F, 0xC0, 0x03, 0xF0, 0x0F, 0xCF, 0xF8, 0x00, 0xFC, 0x03, 0xF3, 0xFF, 0x40, 0x3F,
    0x00, 0xFC, 0xFF, 0xF0, 0x0F, 0xC0, 0x3F, 0x3E, 0xFD, 0x03, 0xF0, 0x0F, 0xCF, 0x9F, 0xC0, 0xFC,
    0x03, 0xF3, 0xE3, 0xF8, 0x3F, 0x00, 0xFC, 0xF8, 0x3F, 0x0F, 0xC0, 0x3F, 0x3E, 0x0B, 0xE2, 0xF0,
    0x0F, 0xCF, 0x80, 0xFD, 0xBC, 0x03, 0xF3, 0xE0, 0x2F, 0xEF, 0x00, 0xFC, 0xF8, 0x03, 0xFF, 0xC0,
    0x3F, 0x3E, 0x00, 0x7F, 0xF0, 0x0F, 0xCF, 0x80, 0x0F, 0xFC, 0x03, 0xF3, 0xE0, 0x00, 0xFF, 0x00,
    0xFC, 0x00, 0x00, 0x00, 0x00, 0x3F, 0x00, 0x00, 0x00, 0x00, 0x1F, 0x80, 0x00, 0x00, 0x01, 0xAF,
    0xD0, 0x00, 0x00, 0x00, 0xBF, 0xF0, 0x00, 0x00, 0x00, 0x2F, 0xE0, 0x00, 0x00, 0x00, 0x00, 0x1F,
    0x4F, 0xF0, 0x00, 0xFC, 0x0B, 0xE3, 0xFE, 0x00, 0x3F, 0x01, 0xF4, 0xFF, 0xD0, 0x0F, 0xC0, 0x00,
    0x3F, 0xFC, 0x03, 0xF0, 0x2F, 0x8F, 0xBF, 0x40, 0xFC, 0x0B, 0xE3, 0xE7, 0xF0, 0x3F, 0x02, 0xF8,
    0xF8, 0xFE, 0x0F, 0xC0, 0xBE, 0x3E, 0x0F, 0xC3, 0xF0, 0x2F, 0x8F, 0x82, 0xF8, 0xBC, 0x0B, 0xE3,
    0xE0, 0x3F, 0x6F, 0x02, 0xF8, 0xF8, 0x0B, 0xFB, 0xC0, 0xBE, 0x3E, 0x00, 0xFF, 0xF0, 0x2F, 0x8F,
    0x80, 0x1F, 0xFC, 0x0B, 0xE3, 0xE0, 0x03, 0xFF, 0x02, 0xF8, 0xF8, 0x00, 0x3F, 0xC0, 0xBE, 0x00,
    0x00, 0x00, 0x00, 0x2F, 0x80, 0x00, 0x00, 0x00, 0x0B, 0xE0, 0x00, 0x00, 0x00, 0x2B, 0xF4, 0x00,
    0x00, 0x00, 0x0F, 0xFC, 0x00, 0x00, 0x00, 0x03, 0xF8, 0x00, 0x00, 0x00, 0x00, 0x07, 0xC0, 0x00,
    0x00, 0x00, 0xFD, 0x00, 0x00, 0x00, 0x07, 0xC0, 0x00, 0x00, 0x00, 0x00, 0x7C, 0x7F, 0xD0, 0x0F,
    0xD7, 0xEF, 0xFF, 0x40, 0xFD, 0x7F, 0xEB, 0xFC, 0x0F, 0xD7, 0xF0, 0x1F, 0xC0, 0xFD, 0x7F, 0x00,
    0xFC, 0x0F, 0xD7, 0xE0, 0x0F, 0xC0, 0xFD, 0x7E, 0x00, 0xFC, 0x0F, 0xD7, 0xE0, 0x0F, 0xC0, 0xFD,
    0x7E, 0x00, 0xFC, 0x0F, 0xD7, 0xE0, 0x0F, 0xC0, 0xFD, 0x7E, 0x00, 0xFC, 0x0F, 0xD7, 0xE0, 0x0F,
    0xC0, 0xFD, 0x00, 0x00, 0x00, 0x0F, 0xD0, 0x00, 0x00, 0x00, 0xFD, 0x00, 0x00, 0x01, 0xBF, 0xC0,
    0x00, 0x00, 0x1F, 0xF8, 0x00, 0x00, 0x01, 0xFE, 0x00, 0x01, 0x80, 0x19, 0x00, 0x07, 0xD2, 0xF4,
    0x00, 0x07, 0xFF, 0x40, 0x00, 0x0B, 0xF8, 0x00, 0x00, 0x00, 0x00, 0x00, 0x00, 0x00, 0x00, 0x00,
    0x03, 0xFD, 0x00, 0x00, 0x1F, 0xF8, 0x00, 0x00, 0xBF, 0xF0, 0x00, 0x03, 0xF7, 0xD0, 0x00, 0x1F,
    0x8F, 0x80, 0x00, 0xBD, 0x3F, 0x00, 0x03, 0xF0, 0x7D, 0x00, 0x1F, 0x80, 0xFC, 0x00, 0xBF, 0xFF,
    0xF0, 0x03, 0xFF, 0xFF, 0xD0, 0x1F, 0xFF, 0xFF, 0xC0, 0xFD, 0x00, 0x3F, 0x03, 0xF0, 0x00, 0xBE,
    0x1F, 0xC0, 0x01, 0xFC, 0xFE, 0x00, 0x03, 0xF0, 0x06, 0x00, 0x24, 0x1F, 0x47, 0xD0, 0x1F, 0xFD,
    0x00, 0x2F, 0xE0, 0x00, 0x00, 0x00, 0x07, 0xFE, 0x00, 0xFF, 0xFF, 0x01, 0xEA, 0xFE, 0x00, 0x01,
    0xFC, 0x01, 0x5B, 0xF0, 0xBF, 0xFF, 0xCB, 0xFF, 0xFF, 0x3F, 0x80, 0xFC, 0xFC, 0x07, 0xF3, 0xFD,
    0xBF, 0xCB, 0xFF, 0xEF, 0x07, 0xF8, 0x7C, 0x24, 0x01, 0x92, 0xF0, 0xFC, 0x0F, 0xFF, 0x00, 0x3F,
    0xD0, 0x00, 0x00, 0x00, 0x00, 0x00, 0x1F, 0xFF, 0x41, 0xFF, 0xF4, 0x07, 0xFD, 0x00, 0x2F, 0x80,
    0x02, 0xF8, 0x00, 0x2F, 0x80, 0x02, 0xF8, 0x00, 0x2F, 0x80, 0x02, 0xF8, 0x00, 0x2F, 0x80, 0x02,
    0xF8, 0x00, 0x2F, 0x80, 0x03, 0xFC, 0x01, 0xFF, 0xF4, 0x1F, 0xFF, 0x40, 0x18, 0x01, 0x91, 0xF4,
    0xBC, 0x0B, 0xFF, 0x40, 0x3F, 0xE0, 0x00, 0x00, 0x00, 0x1F, 0x80, 0x01, 0xF8, 0x00, 0x1F, 0x80,
    0x01, 0xF8, 0x00, 0x1F, 0x80, 0x01, 0xF8, 0x00, 0x1F, 0x80, 0x01, 0xF8, 0x00, 0x1F, 0x80, 0x01,
    0xF8, 0x00, 0x1F, 0x80, 0x01, 0xF8, 0x00, 0x01, 0x80, 0x09, 0x00, 0x07, 0xD1, 0xF4, 0x00, 0x07,
    0xFF, 0x40, 0x00, 0x0B, 0xF8, 0x00, 0x00, 0x00, 0x00, 0x00, 0x00, 0x00, 0x00, 0x00, 0x0B, 0xFE,
    0x40, 0x01, 0xFF, 0xFF, 0xC0, 0x1F, 0xF9, 0xBF, 0xC0, 0xFE, 0x00, 0x3F, 0x47, 0xF0, 0x00, 0xBF,
    0x2F, 0x80, 0x01, 0xFC, 0xFE, 0x00, 0x03, 0xF3, 0xF8, 0x00, 0x0F, 0xDF, 0xE0, 0x00, 0x3F, 0x2F,
    0x80, 0x01, 0xFC, 0x7F, 0x00, 0x0B, 0xF0, 0xFE, 0x00, 0x3F, 0x41, 0xFF, 0x9B, 0xFC, 0x01, 0xFF,
    0xFF, 0xC0, 0x00, 0xBF, 0xE4, 0x00, 0x06, 0x40, 0x18, 0x00, 0xF8, 0x7E, 0x00, 0x0F, 0xFE, 0x00,
    0x01, 0xFF, 0x00, 0x00, 0x00, 0x00, 0x00, 0x2F, 0xE0, 0x00, 0x7F, 0xFF, 0x40, 0x3F, 0xAB, 0xF0,
    0x2F, 0x80, 0xBE, 0x0F, 0xD0, 0x1F, 0xC3, 0xF0, 0x03, 0xF0, 0xFC, 0x00, 0xFC, 0x3F, 0x40, 0x7F,
    0x0B, 0xE0, 0x2F, 0x80, 0xFF, 0xBF, 0xC0, 0x1F, 0xFF, 0xD0, 0x00, 0xBF, 0x80, 0x00, 0x02, 0x40,
    0x18, 0x00, 0xFC, 0x3E, 0x00, 0x0F, 0xFF, 0x00, 0x01, 0xFF, 0x00, 0x00, 0x00, 0x00, 0x00, 0x00,
    0x00, 0x03, 0xF0, 0x00, 0xFC, 0xFC, 0x00, 0x3F, 0x3F, 0x00, 0x0F, 0xCF, 0xC0, 0x03, 0xF3, 0xF0,
    0x00, 0xFC, 0xFC, 0x00, 0x3F, 0x3F, 0x00, 0x0F, 0xCF, 0xC0, 0x03, 0xF3, 0xF0, 0x00, 0xFC, 0xFC,
    0x00, 0x3F, 0x3F, 0x00, 0x1F, 0xCF, 0xE0, 0x0F, 0xE1, 0xFF, 0xFF, 0xF0, 0x2F, 0xFF, 0xF4, 0x01,
    0xBF, 0xE0, 0x00, 0x09, 0x00, 0x60, 0x2F, 0x0F, 0xC0, 0x3F, 0xFC, 0x00, 0x3F, 0xC0, 0x00, 0x00,
    0x02, 0xF8, 0x03, 0xFB, 0xE0, 0x0F, 0xEF, 0x80, 0x3F, 0xBE, 0x00, 0xFE, 0xF8, 0x03, 0xFB, 0xE0,
    0x0F, 0xEF, 0x80, 0x3F, 0xBE, 0x01, 0xFD, 0xFC, 0x0B, 0xF7, 0xF9, 0xBF, 0xCF, 0xFF, 0xAF, 0x0B,
    0xF4, 0xBC, 0x01, 0x55, 0x50, 0x00, 0xBF, 0xFD, 0x00, 0x2F, 0xFF, 0x40, 0x01, 0x41, 0x40, 0x01,
    0xF1, 0xF0, 0x00, 0x7C, 0x3C, 0x00, 0x00, 0x00, 0x00, 0x00, 0x00, 0x00, 0x3F, 0x00, 0x0F, 0xCF,
    0xC0, 0x03, 0xF3, 0xF0, 0x00, 0xFC, 0xFC, 0x00, 0x3F, 0x3F, 0x00, 0x0F, 0xCF, 0xC0, 0x03, 0xF3,
    0xF0, 0x00, 0xFC, 0xFC, 0x00, 0x3F, 0x3F, 0x00, 0x0F, 0xCF, 0xC0, 0x03, 0xF3, 0xF0, 0x01, 0xFC,
    0xFE, 0x00, 0xFE, 0x1F, 0xFF, 0xFF, 0x02, 0xFF, 0xFF, 0x40, 0x1B, 0xFE, 0x00, 0x05, 0x55, 0x40,
    0x2F, 0xFF, 0x00, 0xBF, 0xFC, 0x00, 0x00, 0x00, 0x07, 0x83, 0xC0, 0x2F, 0x1F, 0x00, 0x10, 0x14,
    0x2F, 0x80, 0x3F, 0xBE, 0x00, 0xFE, 0xF8, 0x03, 0xFB, 0xE0, 0x0F, 0xEF, 0x80, 0x3F, 0xBE, 0x00,
    0xFE, 0xF8, 0x03, 0xFB, 0xE0, 0x1F, 0xDF, 0xC0, 0xBF, 0x7F, 0x9B, 0xFC, 0xFF, 0xFA, 0xF0, 0xBF,
    0x4B, 0xC0, 0x00, 0x03, 0xF8, 0x00, 0x02, 0xF4, 0x00, 0x01, 0xF4, 0x00, 0x01, 0x41, 0x40, 0x01,
    0xF1, 0xF0, 0x00, 0x7C, 0x3C, 0x00, 0x00, 0x00, 0x00, 0x00, 0x00, 0x00, 0x3F, 0x00, 0x0F, 0xCF,
    0xC0, 0x03, 0xF3, 0xF0, 0x00, 0xFC, 0xFC, 0x00, 0x3F, 0x3F, 0x00, 0x0F, 0xCF, 0xC0, 0x03, 0xF3,
    0xF0, 0x00, 0xFC, 0xFC, 0x00, 0x3F, 0x3F, 0x00, 0x0F, 0xCF, 0xC0, 0x03, 0xF3, 0xF0, 0x01, 0xFC,
    0xFE, 0x00, 0xFE, 0x1F, 0xFF, 0xFF, 0x02, 0xFF, 0xFF, 0x40, 0x1B, 0xFE, 0x00, 0x00, 0x0F, 0xD0,
    0x00, 0xBD, 0x00, 0x07, 0xC0, 0x00, 0x00, 0x00, 0x07, 0x83, 0xC0, 0x2F, 0x1F, 0x00, 0x10, 0x14,
    0x2F, 0x80, 0x3F, 0xBE, 0x00, 0xFE, 0xF8, 0x03, 0xFB, 0xE0, 0x0F, 0xEF, 0x80, 0x3F, 0xBE, 0x00,
    0xFE, 0xF8, 0x03, 0xFB, 0xE0, 0x1F, 0xDF, 0xC0, 0xBF, 0x7F, 0x9B, 0xFC, 0xFF, 0xFA, 0xF0, 0xBF,
    0x4B, 0xC0, 0x02, 0xD0, 0xB4, 0x00, 0x2E, 0xF8, 0x00, 0x03, 0xF8, 0x00, 0x02, 0x42, 0x40, 0x01,
    0xF1, 0xF0, 0x00, 0x3C, 0x3C, 0x00, 0x00, 0x00, 0x00, 0x00, 0x00, 0x00, 0x3F, 0x00, 0x0F, 0xCF,
    0xC0, 0x03, 0xF3, 0xF0, 0x00, 0xFC, 0xFC, 0x00, 0x3F, 0x3F, 0x00, 0x0F, 0xCF, 0xC0, 0x03, 0xF3,
    0xF0, 0x00, 0xFC, 0xFC, 0x00, 0x3F, 0x3F, 0x00, 0x0F, 0xCF, 0xC0, 0x03, 0xF3, 0xF0, 0x01, 0xFC,
    0xFE, 0x00, 0xFE, 0x1F, 0xFF, 0xFF, 0x02, 0xFF, 0xFF, 0x40, 0x1B, 0xFE, 0x00, 0x0F, 0x42, 0xD0,
    0x0F, 0xBD, 0x00, 0x0F, 0xE0, 0x00, 0x00, 0x00, 0x07, 0x83, 0xC0, 0x2F, 0x1F, 0x00, 0x10, 0x14,
    0x2F, 0x80, 0x3F, 0xBE, 0x00, 0xFE, 0xF8, 0x03, 0xFB, 0xE0, 0x0F, 0xEF, 0x80, 0x3F, 0xBE, 0x00,
    0xFE, 0xF8, 0x03, 0xFB, 0xE0, 0x1F, 0xDF, 0xC0, 0xBF, 0x7F, 0x9B, 0xFC, 0xFF, 0xFA, 0xF0, 0xBF,
    0x4B, 0xC0, 0x02, 0xF8, 0x00, 0x00, 0x2F, 0x40, 0x00, 0x02, 0xF0, 0x00, 0x01, 0x41, 0x40, 0x01,
    0xF1, 0xF0, 0x00, 0x7C, 0x3C, 0x00, 0x00, 0x00, 0x00, 0x00, 0x00, 0x00, 0x3F, 0x00, 0x0F, 0xCF,
    0xC0, 0x03, 0xF3, 0xF0, 0x00, 0xFC, 0xFC, 0x00, 0x3F, 0x3F, 0x00, 0x0F, 0xCF, 0xC0, 0x03, 0xF3,
    0xF0, 0x00, 0xFC, 0xFC, 0x00, 0x3F, 0x3F, 0x00, 0x0F, 0xCF, 0xC0, 0x03, 0xF3, 0xF0, 0x01, 0xFC,
    0xFE, 0x00, 0xFE, 0x1F, 0xFF, 0xFF, 0x02, 0xFF, 0xFF, 0x40, 0x1B, 0xFE, 0x00, 0x0F, 0xE0, 0x00,
    0x0F, 0xC0, 0x00, 0x0B, 0xC0, 0x00, 0x00, 0x00, 0x07, 0x83, 0xC0, 0x2F, 0x1F, 0x00, 0x10, 0x14,
    0x2F, 0x80, 0x3F, 0xBE, 0x00, 0xFE, 0xF8, 0x03, 0xFB, 0xE0, 0x0F, 0xEF, 0x80, 0x3F, 0xBE, 0x00,
    0xFE, 0xF8, 0x03, 0xFB, 0xE0, 0x1F, 0xDF, 0xC0, 0xBF, 0x7F, 0x9B, 0xFC, 0xFF, 0xFA, 0xF0, 0xBF,
    0x4B, 0xC0, 0x07, 0xFE, 0x40, 0x1F, 0xFF, 0xF0, 0x1E, 0xAB, 0xF8, 0x00, 0x01, 0xFC, 0x00, 0x00,
    0xFD, 0x3F, 0xFF, 0xFD, 0x3F, 0xFF, 0xFD, 0x3F, 0x55, 0xFD, 0x3F, 0x00, 0xFC, 0x1F, 0xEB, 0xF8,
    0x0B, 0xFF, 0xF0, 0x01, 0xFF, 0x40, 0x00, 0x55, 0x54, 0x00, 0x03, 0xFF, 0xE0, 0x00, 0x0F, 0xFF,
    0x80, 0x00, 0x00, 0x00, 0x00, 0x00, 0xF0, 0xF4, 0x00, 0x03, 0xD3, 0xD0, 0x00, 0x05, 0x05, 0x00,
    0x00, 0x00, 0x00, 0x00, 0x00, 0x3F, 0xD0, 0x00, 0x01, 0xFF, 0x80, 0x00, 0x0B, 0xFF, 0x00, 0x00,
    0x3F, 0x7D, 0x00, 0x01, 0xF8, 0xF8, 0x00, 0x0B, 0xD3, 0xF0, 0x00, 0x3F, 0x07, 0xD0, 0x01, 0xF8,
    0x0F, 0xC0, 0x0B, 0xFF, 0xFF, 0x00, 0x3F, 0xFF, 0xFD, 0x01, 0xFF, 0xFF, 0xFC, 0x0F, 0xD0, 0x03,
    0xF0, 0x3F, 0x00, 0x0B, 0xE1, 0xFC, 0x00, 0x1F, 0xCF, 0xE0, 0x00, 0x3F, 0x00, 0x01, 0x55, 0x50,
    0x0F, 0xFF, 0x80, 0x3F, 0xFE, 0x00, 0x00, 0x00, 0x03, 0xC2, 0xD0, 0x0F, 0x4F, 0x80, 0x14, 0x04,
    0x00, 0x7F, 0xE0, 0x0F, 0xFF, 0xF0, 0x1E, 0xAF, 0xE0, 0x00, 0x1F, 0xC0, 0x15, 0xBF, 0x0B, 0xFF,
    0xFC, 0xBF, 0xFF, 0xF3, 0xF8, 0x0F, 0xCF, 0xC0, 0x7F, 0x3F, 0xDB, 0xFC, 0xBF, 0xFE, 0xF0, 0x7F,
    0x87, 0xC0, 0x00, 0x55, 0x54, 0x00, 0x07, 0xFF, 0xE0, 0x00, 0x1F, 0xFF, 0x80, 0x00, 0x00, 0x00,
    0x00, 0x00, 0x0F, 0x00, 0x00, 0x00, 0x3E, 0x00, 0x00, 0x00, 0xA0, 0x00, 0x00, 0x00, 0x00, 0x00,
    0x00, 0x3F, 0xD0, 0x00, 0x01, 0xFF, 0x80, 0x00, 0x0B, 0xFF, 0x00, 0x00, 0x3F, 0x7D, 0x00, 0x01,
    0xF8, 0xF8, 0x00, 0x0B, 0xD3, 0xF0, 0x00, 0x3F, 0x07, 0xD0, 0x01, 0xF8, 0x0F, 0xC0, 0x0B, 0xFF,
    0xFF, 0x00, 0x3F, 0xFF, 0xFD, 0x01, 0xFF, 0xFF, 0xFC, 0x0F, 0xD0, 0x03, 0xF0, 0x3F, 0x00, 0x0B,
    0xE1, 0xFC, 0x00, 0x1F, 0xCF, 0xE0, 0x00, 0x3F, 0x00, 0x03, 0xFF, 0xE0, 0x0F, 0xFF, 0x80, 0x15,
    0x55, 0x00, 0x00, 0x00, 0x00, 0x3D, 0x00, 0x00, 0xF8, 0x00, 0x01, 0x40, 0x00, 0x7F, 0xE0, 0x0F,
    0xFF, 0xF0, 0x1E, 0xAF, 0xE0, 0x00, 0x1F, 0xC0, 0x15, 0xBF, 0x0B, 0xFF, 0xFC, 0xBF, 0xFF, 0xF3,
    0xF8, 0x0F, 0xCF, 0xC0, 0x7F, 0x3F, 0xDB, 0xFC, 0xBF, 0xFE, 0xF0, 0x7F, 0x87, 0xC0, 0x00, 0x01,
    0x55, 0x50, 0x00, 0x00, 0x0F, 0xFF, 0xC0, 0x00, 0x00, 0x3F, 0xFF, 0x00, 0x00, 0x00, 0x00, 0x00,
    0x00, 0x00, 0x00, 0x00, 0x00, 0x00, 0x00, 0x2F, 0xFF, 0xFF, 0xE0, 0x00, 0xFF, 0xFF, 0xFF, 0x80,
    0x07, 0xEB, 0xF5, 0x55, 0x00, 0x3F, 0x1F, 0xC0, 0x00, 0x01, 0xF8, 0x7F, 0x00, 0x00, 0x0F, 0xC1,
    0xFC, 0x00, 0x00, 0x3E, 0x07, 0xFF, 0xFC, 0x02, 0xF4, 0x1F, 0xFF, 0xF0, 0x0F, 0xD5, 0xBF, 0x55,
    0x40, 0xBF, 0xFF, 0xFC, 0x00, 0x03, 0xFF, 0xFF, 0xF0, 0x00, 0x1F, 0x80, 0x1F, 0xC0, 0x00, 0xFC,
    0x00, 0x7F, 0x55, 0x57, 0xF0, 0x01, 0xFF, 0xFF, 0xBF, 0x40, 0x07, 0xFF, 0xFE, 0x00, 0x05, 0x55,
    0x40, 0x00, 0x00, 0x2F, 0xFF, 0x00, 0x00, 0x00, 0xBF, 0xFC, 0x00, 0x00, 0x00, 0x00, 0x00, 0x00,
    0x02, 0xFF, 0x42, 0xFE, 0x00, 0x3F, 0xFF, 0xFF, 0xFF, 0x00, 0x7A, 0xBF, 0xFA, 0xFE, 0x00, 0x00,
    0x7F, 0x40, 0xFC, 0x00, 0x56, 0xFD, 0x57, 0xF0, 0x3F, 0xFF, 0xFF, 0xFF, 0xC2, 0xFE, 0x6F, 0xFF,
    0xFF, 0x0F, 0xD0, 0x7F, 0x00, 0x00, 0x3F, 0x02, 0xFD, 0x00, 0x00, 0xFF, 0xAF, 0xFE, 0xAB, 0x81,
    0xFF, 0xF5, 0xFF, 0xFE, 0x01, 0xFE, 0x40, 0xBF, 0xE0, 0x00, 0x6F, 0xF9, 0x00, 0x3F, 0xFF, 0xF0,
    0x0F, 0xFA, 0xAE, 0x03, 0xFC, 0x00, 0x00, 0x7F, 0x00, 0x00, 0x0B, 0xF0, 0x15, 0x50, 0xBE, 0x07,
    0xFF, 0x4F, 0xD0, 0x7F, 0xF4, 0xBE, 0x00, 0x2F, 0x4B, 0xE0, 0x7F, 0xFF, 0x7F, 0x07, 0xFF, 0xF3,
    0xF8, 0x17, 0xF9, 0x1F, 0xF9, 0xBF, 0x40, 0xBF, 0xFF, 0xF4, 0x00, 0xBF, 0xF9, 0x00, 0x02, 0xFD,
    0x3E, 0x03, 0xFF, 0xFF, 0x81, 0xFE, 0xBF, 0xE0, 0xFE, 0x03, 0xF8, 0x3F, 0x40, 0x7E, 0x0F, 0xC0,
    0x1F, 0x83, 0xF4, 0x07, 0xE0, 0xFE, 0x02, 0xF8, 0x2F, 0xEA, 0xFE, 0x03, 0xFF, 0xFF, 0x80, 0x2F,
    0xDB, 0xE0, 0x00, 0x02, 0xF8, 0x00, 0x3F, 0xFF, 0x80, 0x0F, 0xFF, 0xE1, 0xE9, 0xAF, 0xC0, 0x7F,
    0xFF, 0xD0, 0x0B, 0xFF, 0x90, 0x00, 0x01, 0x80, 0x19, 0x00, 0x7D, 0x2F, 0x00, 0x0B, 0xFF, 0x40,
    0x00, 0xFF, 0x80, 0x00, 0x00, 0x00, 0x00, 0x00, 0x00, 0x00, 0x06, 0xFF, 0x90, 0x0F, 0xFF, 0xFC,
    0x0F, 0xFA, 0xAE, 0x0F, 0xF0, 0x00, 0x07, 0xF0, 0x00, 0x02, 0xFC, 0x00, 0x00, 0xBE, 0x01, 0x55,
    0x3F, 0x41, 0xFF, 0xDB, 0xE0, 0x7F, 0xF6, 0xF8, 0x00, 0xBD, 0x7F, 0x00, 0x2F, 0x4F, 0xE0, 0x0B,
    0xD1, 0xFF, 0x9B, 0xF4, 0x2F, 0xFF, 0xFD, 0x00, 0xBF, 0xF9, 0x00, 0x06, 0x40, 0x24, 0x03, 0xE1,
    0xF4, 0x01, 0xFF, 0xE0, 0x00, 0xBF, 0xC0, 0x00, 0x00, 0x00, 0x02, 0xFD, 0x3E, 0x0B, 0xFF, 0xBE,
    0x1F, 0xEB, 0xFE, 0x2F, 0x80, 0xFE, 0x3F, 0x40, 0x7E, 0x3F, 0x00, 0x7E, 0x3F, 0x00, 0x7E, 0x3F,
    0x40, 0x7E, 0x2F, 0x80, 0xBE, 0x1F, 0xEA, 0xFE, 0x0F, 0xFF, 0xFE, 0x02, 0xFD, 0x7E, 0x00, 0x00,
    0xBE, 0x00, 0x00, 0xFD, 0x1E, 0x9B, 0xFC, 0x1F, 0xFF, 0xF4, 0x0B, 0xFF, 0x80, 0x06, 0x40, 0x24,
    0x00, 0xF8, 0x7D, 0x00, 0x1F, 0xFE, 0x00, 0x02, 0xFF, 0x00, 0x00, 0x00, 0x00, 0x00, 0x00, 0x00,
    0x03, 0xF0, 0x03, 0xF4, 0xFC, 0x03, 0xF8, 0x3F, 0x02, 0xFC, 0x0F, 0xC1, 0xFC, 0x03, 0xF0, 0xFD,
    0x00, 0xFC, 0xFE, 0x00, 0x3F, 0xBF, 0x00, 0x0F, 0xFF, 0xC0, 0x03, 0xFF, 0xFC, 0x00, 0xFD, 0x3F,
    0x40, 0x3F, 0x0B, 0xF0, 0x0F, 0xC0, 0xFE, 0x03, 0xF0, 0x1F, 0xD0, 0xFC, 0x02, 0xFC, 0x3F, 0x00,
    0x3F, 0x80, 0x18, 0x01, 0x90, 0x00, 0x7D, 0x2F, 0x00, 0x00, 0xBF, 0xF4, 0x00, 0x00, 0xFF, 0x80,
    0x00, 0x00, 0x00, 0x00, 0x00, 0x07, 0xE0, 0x00, 0x00, 0x1F, 0x80, 0x00, 0x00, 0x7E, 0x00, 0x00,
    0x01, 0xF8, 0x00, 0x00, 0x07, 0xE0, 0x1F, 0xC0, 0x1F, 0x80, 0xFD, 0x00, 0x7E, 0x0F, 0xD0, 0x01,
    0xF8, 0xFE, 0x00, 0x07, 0xEB, 0xE0, 0x00, 0x1F, 0xFF, 0x40, 0x00, 0x7F, 0xFF, 0x00, 0x01, 0xFE,
    0xBE, 0x00, 0x07, 0xF0, 0xFD, 0x00, 0x1F, 0x81, 0xFC, 0x00, 0x7E, 0x02, 0xFC, 0x01, 0xF8, 0x03,
    0xF8, 0x00, 0xBF, 0xE4, 0x00, 0x1F, 0xFF, 0xFC, 0x01, 0xFF, 0x9B, 0xFC, 0x0F, 0xE0, 0x03, 0xF4,
    0x7F, 0x00, 0x0B, 0xF2, 0xF8, 0x00, 0x1F, 0xCF, 0xE0, 0x00, 0x3F, 0x3F, 0x80, 0x00, 0xFD, 0xFE,
    0x00, 0x03, 0xF2, 0xF8, 0x00, 0x1F, 0xC7, 0xF0, 0x00, 0xBF, 0x0F, 0xE0, 0x03, 0xF4, 0x1F, 0xF9,
    0xBF, 0xC0, 0x1F, 0xFF, 0xFC, 0x00, 0x0B, 0xFE, 0x40, 0x00, 0x03, 0xC0, 0x00, 0x00, 0x2D, 0x00,
    0x00, 0x00, 0xFE, 0x00, 0x00, 0x02, 0xFD, 0x00, 0x00, 0x02, 0xF4, 0x00, 0x00, 0xBF, 0x80, 0x01,
    0xFF, 0xFD, 0x00, 0xFE, 0xAF, 0xC0, 0xBE, 0x02, 0xF8, 0x3F, 0x40, 0x7F, 0x0F, 0xC0, 0x0F, 0xC3,
    0xF0, 0x03, 0xF0, 0xFD, 0x01, 0xFC, 0x2F, 0x80, 0xBE, 0x03, 0xFE, 0xFF, 0x00, 0x7F, 0xFF, 0x40,
    0x02, 0xFE, 0x00, 0x00, 0x3C, 0x00, 0x00, 0x1E, 0x00, 0x00, 0x0B, 0xE4, 0x00, 0x01, 0xFE, 0x00,
    0x00, 0x2F, 0x40, 0x00, 0x00, 0x55, 0x54, 0x00, 0x03, 0xFF, 0xF0, 0x00, 0x0F, 0xFF, 0xC0, 0x00,
    0x00, 0x00, 0x00, 0x00, 0x00, 0x00, 0x00, 0x02, 0xFF, 0x90, 0x00, 0x7F, 0xFF, 0xF0, 0x07, 0xFE,
    0x6F, 0xF0, 0x3F, 0x80, 0x0F, 0xD1, 0xFC, 0x00, 0x2F, 0xCB, 0xE0, 0x00, 0x7F, 0x3F, 0x80, 0x00,
    0xFC, 0xFE, 0x00, 0x03, 0xF7, 0xF8, 0x00, 0x0F, 0xCB, 0xE0, 0x00, 0x7F, 0x1F, 0xC0, 0x02, 0xFC,
    0x3F, 0x80, 0x0F, 0xD0, 0x7F, 0xE6, 0xFF, 0x00, 0x7F, 0xFF, 0xF0, 0x00, 0x2F, 0xF9, 0x00, 0x00,
    0x0F, 0x00, 0x00, 0x00, 0xB4, 0x00, 0x00, 0x02, 0xF8, 0x00, 0x00, 0x0B, 0xF4, 0x00, 0x00, 0x0B,
    0xD0, 0x00, 0x01, 0x55, 0x50, 0x00, 0xFF, 0xFC, 0x00, 0x3F, 0xFF, 0x00, 0x00, 0x00, 0x00, 0x00,
    0xBF, 0x80, 0x01, 0xFF, 0xFD, 0x00, 0xFE, 0xAF, 0xC0, 0xBE, 0x02, 0xF8, 0x3F, 0x40, 0x7F, 0x0F,
    0xC0, 0x0F, 0xC3, 0xF0, 0x03, 0xF0, 0xFD, 0x01, 0xFC, 0x2F, 0x80, 0xBE, 0x03, 0xFE, 0xFF, 0x00,
    0x7F, 0xFF, 0x40, 0x02, 0xFE, 0x00, 0x00, 0x3C, 0x00, 0x00, 0x1E, 0x00, 0x00, 0x0B, 0xE4, 0x00,
    0x01, 0xFE, 0x00, 0x00, 0x2F, 0x40, 0x00, 0x09, 0x00, 0x60, 0x0B, 0xC3, 0xF0, 0x03, 0xFF, 0xC0,
    0x00, 0xFF, 0x00, 0x00, 0x00, 0x00, 0x00, 0x00, 0x00, 0x3F, 0xFF, 0xFC, 0x3F, 0xFF, 0xFC, 0x15,
    0x5F, 0xF4, 0x00, 0x2F, 0xC0, 0x00, 0xBF, 0x00, 0x02, 0xFC, 0x00, 0x03, 0xFF, 0x80, 0x03, 0xFF,
    0xF4, 0x00, 0x17, 0xFC, 0x00, 0x00, 0xFD, 0x00, 0x00, 0xBD, 0x00, 0x00, 0xFD, 0x7E, 0xAB, 0xFC,
    0x7F, 0xFF, 0xF0, 0x1B, 0xFF, 0x40, 0x09, 0x00, 0x60, 0x0F, 0xC3, 0xF0, 0x03, 0xFF, 0xC0, 0x00,
    0xFF, 0x00, 0x00, 0x00, 0x00, 0x3F, 0xFF, 0xFC, 0x3F, 0xFF, 0xFC, 0x15, 0x5B, 0xF4, 0x00, 0x0F,
    0xD0, 0x00, 0x3F, 0x40, 0x00, 0xFD, 0x00, 0x03, 0xF8, 0x00, 0x03, 0xFF, 0xD0, 0x03, 0xFF, 0xF4,
    0x00, 0x07, 0xFC, 0x00, 0x00, 0xFC, 0x00, 0x00, 0xFC, 0x00, 0x00, 0xFC, 0x00, 0x01, 0xFC, 0x7E,
    0x6B, 0xF8, 0x7F, 0xFF, 0xE0, 0x1B, 0xFE, 0x40, 0x18, 0x01, 0x91, 0xF4, 0xBC, 0x0B, 0xFF, 0x40,
    0x3F, 0xE0, 0x00, 0x00, 0x00, 0x1F, 0x80, 0x01, 0xF8, 0x00, 0x1F, 0x80, 0x01, 0xF8, 0x00, 0x1F,
    0x80, 0x01, 0xF8, 0x00, 0x1F, 0x80, 0x01, 0xF8, 0x00, 0x1F, 0x80, 0x01, 0xF8, 0x00, 0x1F, 0x80,
    0x01, 0xF8, 0x00, 0x1F, 0x80, 0x02, 0xF8, 0x02, 0xBF, 0x40, 0x3F, 0xF0, 0x03, 0xF8, 0x00, 0x3F,
    0xFF, 0x80, 0x03, 0xFF, 0xFF, 0xE3, 0xFF, 0xFF, 0x80, 0x3F, 0xFF, 0xFE, 0x3F, 0x5B, 0xFE, 0x01,
    0x55, 0x6F, 0xC3, 0xF0, 0x0B, 0xF4, 0x00, 0x03, 0xF8, 0x3F, 0x00, 0x3F, 0x80, 0x00, 0xBF, 0x03,
    0xF0, 0x01, 0xFC, 0x00, 0x0F, 0xC0, 0x3F, 0x00, 0x1F, 0xC0, 0x03, 0xF8, 0x03, 0xF0, 0x00, 0xFC,
    0x00, 0xBF, 0x00, 0x3F, 0x00, 0x1F, 0xC0, 0x0F, 0xC0, 0x03, 0xF0, 0x01, 0xFC, 0x03, 0xF4, 0x00,
    0x3F, 0x00, 0x3F, 0x80, 0xBF, 0x00, 0x03, 0xF0, 0x0B, 0xF0, 0x0F, 0xC0, 0x00, 0x3F, 0x5B, 0xFD,
    0x03, 0xFD, 0x55, 0x53, 0xFF, 0xFF, 0x40, 0x7F, 0xFF, 0xFF, 0x3F, 0xFF, 0x40, 0x07, 0xFF, 0xFF,
    0xF0, 0x3F, 0xFF, 0x80, 0x00, 0x00, 0x00, 0x3F, 0xFF, 0xF8, 0x00, 0x00, 0x00, 0x3F, 0x5B, 0xFE,
    0x00, 0x00, 0x00, 0x3F, 0x00, 0xBF, 0x43, 0xFF, 0xFE, 0x3F, 0x00, 0x3F, 0x83, 0xFF, 0xFE, 0x3F,
    0x00, 0x1F, 0xC1, 0x56, 0xFD, 0x3F, 0x00, 0x1F, 0xC0, 0x02, 0xF8, 0x3F, 0x00, 0x0F, 0xC0, 0x07,
    0xF0, 0x3F, 0x00, 0x1F, 0xC0, 0x0F, 0xD0, 0x3F, 0x00, 0x1F, 0xC0, 0x2F, 0x80, 0x3F, 0x00, 0x3F,
    0x80, 0x7F, 0x00, 0x3F, 0x00, 0xBF, 0x00, 0xFD, 0x00, 0x3F, 0x5B, 0xFD, 0x02, 0xFD, 0x55, 0x3F,
    0xFF, 0xF4, 0x03, 0xFF, 0xFF, 0x3F, 0xFF, 0x40, 0x03, 0xFF, 0xFF, 0x00, 0x00, 0xBE, 0x00, 0x00,
    0x00, 0x00, 0x02, 0xF8, 0x00, 0x00, 0x00, 0x00, 0x0B, 0xE0, 0x00, 0x00, 0x00, 0x00, 0x2F, 0x80,
    0x00, 0x00, 0x02, 0xFD, 0x7E, 0x0F, 0xFF, 0xF8, 0x2F, 0xFF, 0xF8, 0x3F, 0xFF, 0xE1, 0xFE, 0xBF,
    0xE0, 0x55, 0xBF, 0x4B, 0xE0, 0x3F, 0x80, 0x02, 0xF8, 0x3F, 0x40, 0x7E, 0x00, 0x1F, 0xC0, 0xFC,
    0x01, 0xF8, 0x00, 0xFD, 0x03, 0xF0, 0x07, 0xE0, 0x0B, 0xE0, 0x0F, 0xD0, 0x1F, 0x80, 0x7F, 0x00,
    0x2F, 0x80, 0xFE, 0x03, 0xF0, 0x00, 0x7F, 0xAF, 0xF8, 0x3F, 0xD5, 0x50, 0xFF, 0xFB, 0xE0, 0xFF,
    0xFF, 0xC0, 0xBF, 0x4F, 0x83, 0xFF, 0xFF, 0x00, 0x01, 0xA4, 0x00, 0x00, 0xFD, 0x00, 0x00, 0xFC,
    0x00, 0x00, 0xBC, 0x00, 0x00, 0x00, 0x00, 0x00, 0x00, 0x00, 0x00, 0x06, 0xFF, 0x90, 0x0F, 0xFF,
    0xFC, 0x0F, 0xFA, 0xAE, 0x0F, 0xF0, 0x00, 0x07, 0xF0, 0x00, 0x02, 0xFC, 0x00, 0x00, 0xBE, 0x01,
    0x55, 0x3F, 0x41, 0xFF, 0xDB, 0xE0, 0x7F, 0xF6, 0xF8, 0x00, 0xBD, 0x7F, 0x00, 0x2F, 0x4F, 0xE0,
    0x0B, 0xD1, 0xFF, 0x9B, 0xF4, 0x2F, 0xFF, 0xFD, 0x00, 0xBF, 0xF9, 0x00, 0x00, 0x01, 0xA4, 0x00,
    0x0B, 0xF0, 0x00, 0x1F, 0x80, 0x00, 0x3D, 0x00, 0x00, 0x00, 0x00, 0x02, 0xFD, 0x3E, 0x0B, 0xFF,
    0xBE, 0x1F, 0xEB, 0xFE, 0x2F, 0x80, 0xFE, 0x3F, 0x40, 0x7E, 0x3F, 0x00, 0x7E, 0x3F, 0x00, 0x7E,
    0x3F, 0x40, 0x7E, 0x2F, 0x80, 0xBE, 0x1F, 0xEA, 0xFE, 0x0F, 0xFF, 0xFE, 0x02, 0xFD, 0x7E, 0x00,
    0x00, 0xBE, 0x00, 0x00, 0xFD, 0x1E, 0x9B, 0xFC, 0x1F, 0xFF, 0xF4, 0x0B, 0xFF, 0x80, 0x3F, 0x00,
    0x3F, 0x00, 0x00, 0x3F, 0x00, 0x3F, 0x00, 0x00, 0x3F, 0x00, 0x3F, 0x00, 0x00, 0x3F, 0x00, 0x3F,
    0x00, 0xFC, 0x3F, 0x00, 0x3F, 0x00, 0xFC, 0x3F, 0x55, 0xBF, 0x00, 0xFC, 0x3F, 0xFF, 0xFF, 0x00,
    0xFC, 0x3F, 0xFF, 0xFF, 0x00, 0xFC, 0x3F, 0x00, 0x3F, 0x00, 0xFC, 0x3F, 0x00, 0x3F, 0x00, 0xFC,
    0x3F, 0x00, 0x3F, 0x00, 0xFC, 0x3F, 0x00, 0x3F, 0x41, 0xFC, 0x3F, 0x00, 0x2F, 0xEB, 0xF4, 0x3F,
    0x00, 0x0F, 0xFF, 0xF0, 0x3F, 0x00, 0x02, 0xFF, 0x80, 0x3D, 0x1F, 0xE0, 0x0F, 0xAF, 0xFF, 0x03,
    0xFF, 0xAF, 0xD0, 0xFF, 0x02, 0xFC, 0x3F, 0x40, 0x3F, 0x0F, 0xC0, 0x0F, 0xC3, 0xF0, 0x07, 0xF0,
    0xFC, 0x02, 0xFC, 0x3F, 0x00, 0xFD, 0x0F, 0xC0, 0xBF, 0x03, 0xF0, 0xBF, 0x40, 0xFD, 0xFF, 0x80,
    0x3F, 0xFF, 0x80, 0x0F, 0xFF, 0x40, 0x03, 0xF9, 0x00, 0x00, 0xFC, 0x00, 0x00, 0x3F, 0x00, 0x00,
    0x0F, 0xC0, 0x00, 0x03, 0xF0, 0x00, 0x00, 0xFC, 0x00, 0x00, 0x00, 0x69, 0x00, 0x00, 0x00, 0xFD,
    0x00, 0x00, 0x00, 0xFC, 0x00, 0x00, 0x00, 0xBC, 0x00, 0x00, 0x00, 0x00, 0x00, 0x00, 0x00, 0x00,
    0x03, 0xFC, 0x00, 0x3F, 0x0F, 0xF8, 0x00, 0xFC, 0x3F, 0xF4, 0x03, 0xF0, 0xFF, 0xF0, 0x0F, 0xC3,
    0xEF, 0xD0, 0x3F, 0x0F, 0x9F, 0xC0, 0xFC, 0x3E, 0x3F, 0x83, 0xF0, 0xF8, 0x3F, 0x0F, 0xC3, 0xE0,
    0xBE, 0x2F, 0x0F, 0x80, 0xFD, 0xBC, 0x3E, 0x02, 0xFE, 0xF0, 0xF8, 0x03, 0xFF, 0xC3, 0xE0, 0x07,
    0xFF, 0x0F, 0x80, 0x0F, 0xFC, 0x3E, 0x00, 0x0F, 0xF0, 0x02, 0xA0, 0x00, 0x02, 0xFC, 0x00, 0x00,
    0x7E, 0x00, 0x00, 0x1F, 0x40, 0x00, 0x00, 0x00, 0x7C, 0x7F, 0xD0, 0x7E, 0xFF, 0xF4, 0x7F, 0xEB,
    0xFC, 0x7F, 0x01, 0xFC, 0x7F, 0x00, 0xFC, 0x7E, 0x00, 0xFC, 0x7E, 0x00, 0xFC, 0x7E, 0x00, 0xFC,
    0x7E, 0x00, 0xFC, 0x7E, 0x00, 0xFC, 0x7E, 0x00, 0xFC, 0x7E, 0x00, 0xFC, 0x00, 0x03, 0xF8, 0x00,
    0x00, 0x2F, 0x40, 0x00, 0x00, 0x50, 0x00, 0x00, 0x07, 0xE0, 0x00, 0x00, 0x3F, 0xE0, 0x00, 0x01,
    0xD3, 0x80, 0x00, 0x03, 0x9D, 0x00, 0x00, 0x0F, 0xF8, 0x00, 0x00, 0xBF, 0xF0, 0x00, 0x03, 0xFB,
    0xD0, 0x00, 0x0F, 0xDF, 0x80, 0x00, 0xBE, 0x3F, 0x00, 0x03, 0xF0, 0xFD, 0x00, 0x1F, 0xC1, 0xF8,
    0x00, 0xBE, 0x03, 0xF0, 0x03, 0xFF, 0xFF, 0xD0, 0x1F, 0xFF, 0xFF, 0xC0, 0xBF, 0xFF, 0xFF, 0x03,
    0xF4, 0x00, 0xFE, 0x1F, 0xC0, 0x02, 0xFC, 0xFE, 0x00, 0x03, 0xF0, 0x00, 0x0F, 0xE0, 0x00, 0xBD,
    0x00, 0x01, 0x40, 0x00, 0x0F, 0x80, 0x00, 0xFF, 0x80, 0x03, 0x8B, 0x00, 0x0F, 0xF8, 0x00, 0x1F,
    0x80, 0x00, 0x00, 0x00, 0x07, 0xFE, 0x00, 0xFF, 0xFF, 0x01, 0xEA, 0xFE, 0x00, 0x01, 0xFC, 0x01,
    0x5B, 0xF0, 0xFF, 0xFF, 0xCF, 0xFF, 0xFF, 0x3F, 0x80, 0xFC, 0xFC, 0x07, 0xF3, 0xFD, 0xBF, 0xCB,
    0xFF, 0xEF, 0x07, 0xF8, 0x7C, 0x00, 0x00, 0x02, 0xA0, 0x00, 0x00, 0x00, 0x3F, 0x40, 0x00, 0x00,
    0x02, 0xF4, 0x00, 0x00, 0x00, 0x1F, 0x00, 0x00, 0x00, 0x00, 0x00, 0x00, 0x00, 0x00, 0x00, 0x00,
    0x00, 0x00, 0x00, 0xBF, 0xFF, 0xFF, 0x80, 0x03, 0xFF, 0xFF, 0xFE, 0x00, 0x1F, 0xAF, 0xD5, 0x54,
    0x00, 0xFC, 0x7F, 0x00, 0x00, 0x07, 0xE1, 0xFC, 0x00, 0x00, 0x3F, 0x07, 0xF0, 0x00, 0x00, 0xF8,
    0x1F, 0xFF, 0xF0, 0x0B, 0xD0, 0x7F, 0xFF, 0xC0, 0x3F, 0x56, 0xFD, 0x55, 0x02, 0xFF, 0xFF, 0xF0,
    0x00, 0x0F, 0xFF, 0xFF, 0xC0, 0x00, 0x7E, 0x00, 0x7F, 0x00, 0x03, 0xF0, 0x01, 0xFD, 0x55, 0x5F,
    0xC0, 0x07, 0xFF, 0xFE, 0xFD, 0x00, 0x1F, 0xFF, 0xF8, 0x00, 0x00, 0x0A, 0x80, 0x00, 0x00, 0x00,
    0xFE, 0x00, 0x00, 0x00, 0x0B, 0xD0, 0x00, 0x00, 0x00, 0x7D, 0x00, 0x00, 0x00, 0x00, 0x00, 0x00,
    0x00, 0x0B, 0xFD, 0x0B, 0xF8, 0x00, 0xFF, 0xFF, 0xFF, 0xFC, 0x01, 0xEA, 0xFF, 0xEB, 0xF8, 0x00,
    0x01, 0xFD, 0x03, 0xF0, 0x01, 0x5B, 0xF5, 0x5F, 0xC0, 0xFF, 0xFF, 0xFF, 0xFF, 0x0B, 0xF9, 0xBF,
    0xFF, 0xFC, 0x3F, 0x41, 0xFC, 0x00, 0x00, 0xFC, 0x0B, 0xF4, 0x00, 0x03, 0xFE, 0xBF, 0xFA, 0xAE,
    0x07, 0xFF, 0xD7, 0xFF, 0xF8, 0x07, 0xF9, 0x02, 0xFF, 0x80, 0x00, 0x00, 0x68, 0x00, 0x00, 0x0B,
    0xE0, 0x00, 0x00, 0x7E, 0x00, 0x00, 0x03, 0xD0, 0x00, 0x00, 0x00, 0x00, 0x00, 0x00, 0x00, 0x04,
    0x00, 0x0B, 0xFE, 0x7C, 0x01, 0xFF, 0xFF, 0xE0, 0x1F, 0xFA, 0xBF, 0xC0, 0xFE, 0x00, 0xFF, 0x87,
    0xF0, 0x0F, 0xFF, 0x2F, 0x80, 0xBD, 0xFC, 0xFE, 0x03, 0xC3, 0xF3, 0xF8, 0x3D, 0x0F, 0xDF, 0xE2,
    0xF0, 0x3F, 0x2F, 0x8F, 0x01, 0xFC, 0x7F, 0xF4, 0x0B, 0xF0, 0xFF, 0xC0, 0x3F, 0x42, 0xFF, 0x9B,
    0xFC, 0x03, 0xFF, 0xFF, 0xC0, 0x2F, 0xBF, 0xE4, 0x00, 0x10, 0x00, 0x00, 0x00, 0x00, 0x02, 0x90,
    0x00, 0x0F, 0xD0, 0x00, 0x2F, 0x40, 0x00, 0xBC, 0x00, 0x00, 0x00, 0x00, 0x01, 0xBF, 0xB8, 0x07,
    0xFF, 0xF8, 0x0F, 0xEB, 0xFC, 0x2F, 0x83, 0xFE, 0x3F, 0x4B, 0xFF, 0x3F, 0x1F, 0x7F, 0x3F, 0x3D,
    0x7F, 0x3F, 0xF8, 0x7F, 0x2F, 0xF0, 0xBE, 0x0F, 0xFB, 0xFC, 0x0B, 0xFF, 0xF4, 0x0F, 0xBF, 0x80,
    0x01, 0x00, 0x00, 0x0F, 0xCF, 0xC0, 0x00, 0x0F, 0x4F, 0x80, 0x00, 0x0F, 0x0F, 0x00, 0x00, 0x00,
    0x00, 0x00, 0x00, 0x00, 0x00, 0x00, 0x00, 0xFF, 0x40, 0x00, 0x07, 0xFE, 0x00, 0x00, 0x2F, 0xFC,
    0x00, 0x00, 0xFD, 0xF4, 0x00, 0x07, 0xE3, 0xE0, 0x00, 0x2F, 0x4F, 0xC0, 0x00, 0xFC, 0x1F, 0x40,
    0x07, 0xE0, 0x3F, 0x00, 0x2F, 0xFF, 0xFC, 0x00, 0xFF, 0xFF, 0xF4, 0x07, 0xFF, 0xFF, 0xF0, 0x3F,
    0x40, 0x0F, 0xC0, 0xFC, 0x00, 0x2F, 0x87, 0xF0, 0x00, 0x7F, 0x3F, 0x80, 0x00, 0xFC, 0x3F, 0x3F,
    0x00, 0x3E, 0x3E, 0x00, 0x3C, 0x3D, 0x00, 0x00, 0x00, 0x01, 0xFF, 0x80, 0x3F, 0xFF, 0xC0, 0x7A,
    0xBF, 0x80, 0x00, 0x7F, 0x00, 0x56, 0xFC, 0x2F, 0xFF, 0xF2, 0xFF, 0xFF, 0xCF, 0xE0, 0x3F, 0x3F,
    0x01, 0xFC, 0xFF, 0x6F, 0xF2, 0xFF, 0xFB, 0xC1, 0xFE, 0x1F, 0x00, 0x05, 0x40, 0x00, 0x01, 0xFF,
    0xC0, 0x00, 0x0F, 0xFF, 0x80, 0x00, 0xB8, 0x0F, 0x00, 0x01, 0x40, 0x14, 0x00, 0x00, 0x00, 0x00,
    0x00, 0x03, 0xFD, 0x00, 0x00, 0x1F, 0xF8, 0x00, 0x00, 0xBF, 0xF0, 0x00, 0x03, 0xF7, 0xD0, 0x00,
    0x1F, 0x8F, 0x80, 0x00, 0xBD, 0x3F, 0x00, 0x03, 0xF0, 0x7D, 0x00, 0x1F, 0x80, 0xFC, 0x00, 0xBF,
    0xFF, 0xF0, 0x03, 0xFF, 0xFF, 0xD0, 0x1F, 0xFF, 0xFF, 0xC0, 0xFD, 0x00, 0x3F, 0x03, 0xF0, 0x00,
    0xBE, 0x1F, 0xC0, 0x01, 0xFC, 0xFE, 0x00, 0x03, 0xF0, 0x00, 0x15, 0x00, 0x07, 0xFF, 0x00, 0x3F,
    0xFE, 0x02, 0xE0, 0x3C, 0x05, 0x00, 0x50, 0x07, 0xFE, 0x00, 0xFF, 0xFF, 0x01, 0xEA, 0xFE, 0x00,
    0x01, 0xFC, 0x01, 0x5B, 0xF0, 0xBF, 0xFF, 0xCB, 0xFF, 0xFF, 0x3F, 0x80, 0xFC, 0xFC, 0x07, 0xF3,
    0xFD, 0xBF, 0xCB, 0xFF, 0xEF, 0x07, 0xF8, 0x7C, 0x3F, 0x3F, 0x00, 0x3E, 0x3E, 0x00, 0x3C, 0x3D,
    0x00, 0x00, 0x00, 0x00, 0x00, 0x00, 0x3F, 0xFF, 0xD0, 0xFF, 0xFF, 0x43, 0xF5, 0x54, 0x0F, 0xC0,
    0x00, 0x3F, 0x00, 0x00, 0xFC, 0x00, 0x03, 0xFF, 0xFC, 0x0F, 0xFF, 0xF0, 0x3F, 0x55, 0x40, 0xFC,
    0x00, 0x03, 0xF0, 0x00, 0x0F, 0xC0, 0x00, 0x3F, 0x55, 0x40, 0xFF, 0xFF, 0x43, 0xFF, 0xFD, 0x3F,
    0x3F, 0x00, 0x0F, 0x8F, 0x80, 0x03, 0xC3, 0xC0, 0x00, 0x00, 0x00, 0x00, 0xBF, 0x80, 0x07, 0xFF,
    0xF0, 0x0F, 0xEA, 0xFC, 0x2F, 0x80, 0xFC, 0x3F, 0x95, 0xBD, 0x3F, 0xFF, 0xFD, 0x3F, 0xFF, 0xFD,
    0x3F, 0x40, 0x00, 0x2F, 0x80, 0x00, 0x0F, 0xFA, 0xBC, 0x07, 0xFF, 0xFC, 0x00, 0xBF, 0xE4, 0x00,
    0x54, 0x00, 0x7F, 0xF0, 0x0F, 0xFF, 0x82, 0xE0, 0x3C, 0x14, 0x00, 0x40, 0x00, 0x00, 0x3F, 0xFF,
    0xD3, 0xFF, 0xFD, 0x3F, 0x55, 0x43, 0xF0, 0x00, 0x3F, 0x00, 0x03, 0xF0, 0x00, 0x3F, 0xFF, 0xC3,
    0xFF, 0xFC, 0x3F, 0x55, 0x43, 0xF0, 0x00, 0x3F, 0x00, 0x03, 0xF0, 0x00, 0x3F, 0x55, 0x43, 0xFF,
    0xFD, 0x3F, 0xFF, 0xD0, 0x00, 0x15, 0x00, 0x01, 0xFF, 0xC0, 0x03, 0xFF, 0xE0, 0x0B, 0x80, 0xF0,
    0x05, 0x00, 0x50, 0x00, 0xBF, 0x80, 0x07, 0xFF, 0xF0, 0x0F, 0xEA, 0xFC, 0x2F, 0x80, 0xFC, 0x3F,
    0x95, 0xBD, 0x3F, 0xFF, 0xFD, 0x3F, 0xFF, 0xFD, 0x3F, 0x40, 0x00, 0x2F, 0x80, 0x00, 0x0F, 0xFA,
    0xBC, 0x07, 0xFF, 0xFC, 0x00, 0xBF, 0xE4, 0x3E, 0x3F, 0x01, 0xF5, 0xF4, 0x03, 0xC3, 0xC0, 0x00,
    0x00, 0x00, 0x00, 0x00, 0x7F, 0xFD, 0x07, 0xFF, 0xD0, 0x1F, 0xF4, 0x00, 0xBE, 0x00, 0x0B, 0xE0,
    0x00, 0xBE, 0x00, 0x0B, 0xE0, 0x00, 0xBE, 0x00, 0x0B, 0xE0, 0x00, 0xBE, 0x00, 0x0B, 0xE0, 0x00,
    0xBE, 0x00, 0x0F, 0xF0, 0x07, 0xFF, 0xD0, 0x7F, 0xFD, 0x3F, 0x3F, 0x00, 0xF4, 0xF4, 0x03, 0xC3,
    0xC0, 0x00, 0x00, 0x00, 0x7E, 0x00, 0x07, 0xE0, 0x00, 0x7E, 0x00, 0x07, 0xE0, 0x00, 0x7E, 0x00,
    0x07, 0xE0, 0x00, 0x7E, 0x00, 0x07, 0xE0, 0x00, 0x7E, 0x00, 0x07, 0xE0, 0x00, 0x7E, 0x00, 0x07,
    0xE0, 0x01, 0x40, 0x0B, 0xFE, 0x07, 0xFF, 0xE2, 0xD0, 0x7C, 0x50, 0x05, 0x00, 0x00, 0x07, 0xFF,
    0xD1, 0xFF, 0xF4, 0x1F, 0xF4, 0x02, 0xF8, 0x00, 0xBE, 0x00, 0x2F, 0x80, 0x0B, 0xE0, 0x02, 0xF8,
    0x00, 0xBE, 0x00, 0x2F, 0x80, 0x0B, 0xE0, 0x02, 0xF8, 0x00, 0xFF, 0x01, 0xFF, 0xF4, 0x7F, 0xFD,
    0x00, 0x01, 0x50, 0x07, 0xFF, 0x07, 0xFF, 0xE2, 0xD0, 0x3C, 0x50, 0x05, 0x01, 0xF8, 0x00, 0x7E,
    0x00, 0x1F, 0x80, 0x07, 0xE0, 0x01, 0xF8, 0x00, 0x7E, 0x00, 0x1F, 0x80, 0x07, 0xE0, 0x01, 0xF8,
    0x00, 0x7E, 0x00, 0x1F, 0x80, 0x07, 0xE0, 0x00, 0x0F, 0xCF, 0xC0, 0x00, 0x0F, 0x8F, 0x80, 0x00,
    0x0F, 0x0F, 0x00, 0x00, 0x00, 0x00, 0x00, 0x00, 0x00, 0x00, 0x00, 0x02, 0xFF, 0x90, 0x00, 0x7F,
    0xFF, 0xF0, 0x07, 0xFE, 0x6F, 0xF0, 0x3F, 0x80, 0x0F, 0xD1, 0xFC, 0x00, 0x2F, 0xCB, 0xE0, 0x00,
    0x7F, 0x3F, 0x80, 0x00, 0xFC, 0xFE, 0x00, 0x03, 0xF7, 0xF8, 0x00, 0x0F, 0xCB, 0xE0, 0x00, 0x7F,
    0x1F, 0xC0, 0x02, 0xFC, 0x3F, 0x80, 0x0F, 0xD0, 0x7F, 0xE6, 0xFF, 0x00, 0x7F, 0xFF, 0xF0, 0x00,
    0x2F, 0xF9, 0x00, 0x2F, 0x2F, 0x00, 0x02, 0xF2, 0xF0, 0x00, 0x2D, 0x2E, 0x00, 0x00, 0x00, 0x00,
    0x00, 0xBF, 0x80, 0x01, 0xFF, 0xFD, 0x00, 0xFE, 0xAF, 0xC0, 0xBE, 0x02, 0xF8, 0x3F, 0x40, 0x7F,
    0x0F, 0xC0, 0x0F, 0xC3, 0xF0, 0x03, 0xF0, 0xFD, 0x01, 0xFC, 0x2F, 0x80, 0xBE, 0x03, 0xFE, 0xFF,
    0x00, 0x7F, 0xFF, 0x40, 0x02, 0xFE, 0x00, 0x00, 0x05, 0x40, 0x00, 0x01, 0xFF, 0xC0, 0x00, 0x0F,
    0xFF, 0x80, 0x00, 0xB8, 0x0F, 0x00, 0x01, 0x40, 0x14, 0x00, 0x00, 0x00, 0x00, 0x00, 0x0B, 0xFE,
    0x40, 0x01, 0xFF, 0xFF, 0xC0, 0x1F, 0xF9, 0xBF, 0xC0, 0xFE, 0x00, 0x3F, 0x47, 0xF0, 0x00, 0xBF,
    0x2F, 0x80, 0x01, 0xFC, 0xFE, 0x00, 0x03, 0xF3, 0xF8, 0x00, 0x0F, 0xDF, 0xE0, 0x00, 0x3F, 0x2F,
    0x80, 0x01, 0xFC, 0x7F, 0x00, 0x0B, 0xF0, 0xFE, 0x00, 0x3F, 0x41, 0xFF, 0x9B, 0xFC, 0x01, 0xFF,
    0xFF, 0xC0, 0x00, 0xBF, 0xE4, 0x00, 0x00, 0x15, 0x00, 0x00, 0x3F, 0xF4, 0x00, 0x3F, 0xFF, 0x00,
    0x1F, 0x02, 0xD0, 0x01, 0x00, 0x10, 0x00, 0x2F, 0xE0, 0x00, 0x7F, 0xFF, 0x40, 0x3F, 0xAB, 0xF0,
    0x2F, 0x80, 0xBE, 0x0F, 0xD0, 0x1F, 0xC3, 0xF0, 0x03, 0xF0, 0xFC, 0x00, 0xFC, 0x3F, 0x40, 0x7F,
    0x0B, 0xE0, 0x2F, 0x80, 0xFF, 0xBF, 0xC0, 0x1F, 0xFF, 0xD0, 0x00, 0xBF, 0x80, 0x00, 0x7E, 0x7E,
    0x00, 0x07, 0xC7, 0xC0, 0x00, 0x7C, 0x7C, 0x00, 0x00, 0x00, 0x00, 0x00, 0x00, 0x00, 0x0F, 0xFF,
    0xE0, 0x03, 0xFF, 0xFF, 0x00, 0xFD, 0x6F, 0xF0, 0x3F, 0x01, 0xFC, 0x0F, 0xC0, 0x3F, 0x03, 0xF0,
    0x1F, 0xC0, 0xFD, 0x6F, 0xD0, 0x3F, 0xFF, 0xD0, 0x0F, 0xFF, 0xE0, 0x03, 0xF0, 0xFD, 0x00, 0xFC,
    0x1F, 0xC0, 0x3F, 0x03, 0xF8, 0x0F, 0xC0, 0x7F, 0x03, 0xF0, 0x0F, 0xF0, 0xFC, 0x00, 0xFD, 0x3F,
    0x3F, 0x00, 0x3D, 0x3D, 0x00, 0x3C, 0x3C, 0x00, 0x00, 0x00, 0x07, 0xC2, 0xF0, 0x1F, 0xBF, 0xC0,
    0x7F, 0xE5, 0x01, 0xFD, 0x00, 0x07, 0xF0, 0x00, 0x1F, 0x80, 0x00, 0x7E, 0x00, 0x01, 0xF8, 0x00,
    0x07, 0xE0, 0x00, 0x1F, 0x80, 0x00, 0x7E, 0x00, 0x01, 0xF8, 0x00, 0x00, 0x14, 0x00, 0x00, 0xBF,
    0xE0, 0x00, 0xBF, 0xFD, 0x00, 0x3D, 0x07, 0x80, 0x05, 0x00, 0x50, 0x00, 0x00, 0x00, 0x03, 0xFF,
    0xF8, 0x00, 0xFF, 0xFF, 0xC0, 0x3F, 0x5B, 0xFC, 0x0F, 0xC0, 0x7F, 0x03, 0xF0, 0x0F, 0xC0, 0xFC,
    0x07, 0xF0, 0x3F, 0x5B, 0xF4, 0x0F, 0xFF, 0xF4, 0x03, 0xFF, 0xF8, 0x00, 0xFC, 0x3F, 0x40, 0x3F,
    0x07, 0xF0, 0x0F, 0xC0, 0xFE, 0x03, 0xF0, 0x1F, 0xC0, 0xFC, 0x03, 0xFC, 0x3F, 0x00, 0x3F, 0x40,
    0x01, 0x50, 0x07, 0xFF, 0x03, 0xFF, 0xE2, 0xE0, 0x3C, 0x50, 0x05, 0x1F, 0x0B, 0xC7, 0xEF, 0xF1,
    0xFF, 0x94, 0x7F, 0x40, 0x1F, 0xC0, 0x07, 0xE0, 0x01, 0xF8, 0x00, 0x7E, 0x00, 0x1F, 0x80, 0x07,
    0xE0, 0x01, 0xF8, 0x00, 0x7E, 0x00, 0x00, 0x1F, 0x9F, 0x80, 0x01, 0xF1, 0xF0, 0x00, 0x1F, 0x1F,
    0x00, 0x00, 0x00, 0x00, 0x00, 0x00, 0x00, 0x0F, 0xC0, 0x03, 0xF3, 0xF0, 0x00, 0xFC, 0xFC, 0x00,
    0x3F, 0x3F, 0x00, 0x0F, 0xCF, 0xC0, 0x03, 0xF3, 0xF0, 0x00, 0xFC, 0xFC, 0x00, 0x3F, 0x3F, 0x00,
    0x0F, 0xCF, 0xC0, 0x03, 0xF3, 0xF0, 0x00, 0xFC, 0xFC, 0x00, 0x7F, 0x3F, 0x80, 0x3F, 0x87, 0xFF,
    0xFF, 0xC0, 0xBF, 0xFF, 0xD0, 0x06, 0xFF, 0x80, 0x7D, 0x7D, 0x00, 0xBC, 0x7C, 0x00, 0x78, 0x7C,
    0x00, 0x00, 0x00, 0xBE, 0x00, 0xFE, 0xF8, 0x03, 0xFB, 0xE0, 0x0F, 0xEF, 0x80, 0x3F, 0xBE, 0x00,
    0xFE, 0xF8, 0x03, 0xFB, 0xE0, 0x0F, 0xEF, 0x80, 0x7F, 0x7F, 0x02, 0xFD, 0xFE, 0x6F, 0xF3, 0xFF,
    0xEB, 0xC2, 0xFD, 0x2F, 0x00, 0x05, 0x00, 0x00, 0x2F, 0xF8, 0x00, 0x2F, 0xFF, 0x40, 0x0F, 0x41,
    0xE0, 0x01, 0x40, 0x14, 0x00, 0x00, 0x00, 0x03, 0xF0, 0x00, 0xFC, 0xFC, 0x00, 0x3F, 0x3F, 0x00,
    0x0F, 0xCF, 0xC0, 0x03, 0xF3, 0xF0, 0x00, 0xFC, 0xFC, 0x00, 0x3F, 0x3F, 0x00, 0x0F, 0xCF, 0xC0,
    0x03, 0xF3, 0xF0, 0x00, 0xFC, 0xFC, 0x00, 0x3F, 0x3F, 0x00, 0x1F, 0xCF, 0xE0, 0x0F, 0xE1, 0xFF,
    0xFF, 0xF0, 0x2F, 0xFF, 0xF4, 0x01, 0xBF, 0xE0, 0x00, 0x00, 0x54, 0x00, 0x0F, 0xFD, 0x00, 0xBF,
    0xFC, 0x03, 0xD0, 0x78, 0x05, 0x00, 0x52, 0xF8, 0x03, 0xFB, 0xE0, 0x0F, 0xEF, 0x80, 0x3F, 0xBE,
    0x00, 0xFE, 0xF8, 0x03, 0xFB, 0xE0, 0x0F, 0xEF, 0x80, 0x3F, 0xBE, 0x01, 0xFD, 0xFC, 0x0B, 0xF7,
    0xF9, 0xBF, 0xCF, 0xFF, 0xAF, 0x0B, 0xF4, 0xBC, 0x01, 0xFF, 0x90, 0x3F, 0xFF, 0xD2, 0xFE, 0xAF,
    0x0F, 0xD0, 0x00, 0x3F, 0x40, 0x00, 0xBF, 0x40, 0x00, 0xFF, 0xD0, 0x00, 0xFF, 0xF0, 0x00, 0x7F,
    0xF0, 0x00, 0x2F, 0xD0, 0x00, 0x2F, 0x84, 0x00, 0xBE, 0x3F, 0x9B, 0xF0, 0xFF, 0xFF, 0x81, 0xBF,
    0xE4, 0x00, 0x00, 0x00, 0x00, 0x00, 0x00, 0x02, 0xF0, 0x00, 0x0F, 0x80, 0x00, 0x3C, 0x00, 0x06,
    0xFE, 0x41, 0xFF, 0xFC, 0x3F, 0xAB, 0xC3, 0xF0, 0x00, 0x3F, 0xD0, 0x00, 0xFF, 0xE0, 0x02, 0xFF,
    0xC0, 0x01, 0xFD, 0x00, 0x07, 0xE3, 0xE6, 0xFD, 0x3F, 0xFF, 0xC1, 0xFF, 0xE0, 0x00, 0x00, 0x00,
    0x00, 0x00, 0x00, 0xF8, 0x00, 0x1F, 0x00, 0x02, 0xE0, 0x00, 0xBF, 0xFF, 0xFE, 0xBF, 0xFF, 0xFE,
    0x55, 0xFF, 0x55, 0x00, 0xBE, 0x00, 0x00, 0xBE, 0x00, 0x00, 0xBE, 0x00, 0x00, 0xBE, 0x00, 0x00,
    0xBE, 0x00, 0x00, 0xBE, 0x00, 0x00, 0xBE, 0x00, 0x00, 0xBE, 0x00, 0x00, 0xBE, 0x00, 0x00, 0xBE,
    0x00, 0x00, 0xBE, 0x00, 0x00, 0xBE, 0x00, 0x00, 0x00, 0x00, 0x00, 0x00, 0x00, 0x00, 0x3E, 0x00,
    0x00, 0x7C, 0x00, 0x00, 0xB4, 0x00, 0x01, 0x80, 0x01, 0xF0, 0x00, 0xBC, 0x00, 0xBF, 0xFD, 0xBF,
    0xFF, 0x47, 0xF9, 0x40, 0xFC, 0x00, 0x3F, 0x00, 0x0F, 0xC0, 0x03, 0xF0, 0x00, 0xFC, 0x00, 0x3F,
    0x00, 0x0F, 0xFA, 0x42, 0xFF, 0xD0, 0x2F, 0xF0, 0x00, 0x00, 0x00, 0x00, 0x00, 0x3E, 0x00, 0x1F,
    0x00, 0x0B, 0x40, 0x06, 0xFF, 0xD0, 0x0F, 0xFF, 0xFF, 0x02, 0xFA, 0xAF, 0xD0, 0x20, 0x02, 0xF8,
    0x00, 0x00, 0x7E, 0x00, 0x00, 0x3F, 0x40, 0x01, 0xBF, 0x80, 0x0B, 0xFF, 0xC0, 0x02, 0xFE, 0xFC,
    0x00, 0x10, 0x2F, 0xC0, 0x00, 0x03, 0xF0, 0x00, 0x00, 0xFC, 0x00, 0x00, 0x3F, 0x00, 0x00, 0x2F,
    0xC0, 0x00, 0x3F, 0xC0, 0x01, 0xBF, 0xD0, 0x1F, 0xFF, 0xC0, 0x0F, 0xFF, 0x40, 0x03, 0xF4, 0x00,
    0x00, 0x00, 0x00, 0x00, 0x1B, 0xF9, 0x03, 0xFF, 0xF8, 0x2E, 0xAF, 0xC0, 0x00, 0xBD, 0x00, 0x0B,
    0xD0, 0x02, 0xFC, 0x06, 0xFF, 0x00, 0xBF, 0xF4, 0x06, 0x4F, 0xD0, 0x00, 0x7E, 0x00, 0x03, 0xE0,
    0x00, 0x7E, 0x00, 0x1F, 0xD0, 0x1F, 0xF8, 0x7F, 0xFE, 0x0B, 0xFE, 0x00, 0xB9, 0x00, 0x00, 0x00,
    0x00, 0x02, 0x40, 0x19, 0x00, 0x2F, 0x0F, 0xC0, 0x00, 0xFF, 0xF0, 0x00, 0x03, 0xFD, 0x00, 0x00,
    0x00, 0x00, 0x00, 0x00, 0x00, 0x00, 0x3F, 0x00, 0x0F, 0xC3, 0xF0, 0x00, 0xFC, 0x3F, 0x00, 0x0F,
    0xC3, 0xF0, 0x00, 0xFC, 0x3F, 0x00, 0x0F, 0xC3, 0xF0, 0x00, 0xFC, 0x3F, 0xFF, 0xFF, 0xC3, 0xFF,
    0xFF, 0xFC, 0x3F, 0x55, 0x6F, 0xC3, 0xF0, 0x00, 0xFC, 0x3F, 0x00, 0x0F, 0xC3, 0xF0, 0x00, 0xFC,
    0x3F, 0x00, 0x0F, 0xC3, 0xF0, 0x00, 0xFC, 0x3F, 0x00, 0x0F, 0xC0, 0x18, 0x01, 0x90, 0x00, 0x7D,
    0x2F, 0x00, 0x00, 0xBF, 0xF4, 0x00, 0x00, 0xFF, 0x80, 0x00, 0x00, 0x00, 0x00, 0x00, 0x07, 0xE0,
    0x00, 0x00, 0x1F, 0x80, 0x00, 0x00, 0x7E, 0x00, 0x00, 0x01, 0xF8, 0x00, 0x00, 0x07, 0xE2, 0xFD,
    0x00, 0x1F, 0xFF, 0xFD, 0x00, 0x7F, 0xEB, 0xFC, 0x01, 0xFC, 0x07, 0xF0, 0x07, 0xF0, 0x0F, 0xC0,
    0x1F, 0x80, 0x3F, 0x00, 0x7E, 0x00, 0xFC, 0x01, 0xF8, 0x03, 0xF0, 0x07, 0xE0, 0x0F, 0xC0, 0x1F,
    0x80, 0x3F, 0x00, 0x7E, 0x00, 0xFC, 0x01, 0xF8, 0x03, 0xF0, 0x1A, 0x40, 0x7F, 0x00, 0x3F, 0x00,
    0x3E, 0x02, 0xA0, 0x3F, 0x82, 0xF4, 0x1F, 0x00, 0x01, 0xA4, 0x00, 0x7F, 0xC0, 0x0F, 0xBF, 0x03,
    0xE0, 0xBC, 0x01, 0x00, 0x41, 0xFF, 0xBC, 0x3F, 0xFF, 0x83, 0x87, 0xE0, 0x15, 0x54, 0x7F, 0xFD,
    0x7F, 0xFD, 0x15, 0x55, 0x47, 0xFF, 0xFD, 0x7F, 0xFF, 0xD0, 0x50, 0x06, 0x2F, 0x9B, 0xC3, 0xFF,
    0xD0, 0x2F, 0xD0, 0x7D, 0xBE, 0x7D, 0x14, 0x14, 0xBC, 0x3E, 0x7C, 0x3D, 0x7E, 0x2F, 0xE0, 0xBC,
    0x3E, 0x3E, 0x05, 0x00, 0x2F, 0x47, 0x6C, 0xB1, 0xDB, 0x2C, 0x3F, 0x80, 0x00, 0x0B, 0xDB, 0xD1,
    0xF5, 0xF4, 0x3C, 0x3C, 0x00, 0x24, 0x01, 0x92, 0xF0, 0xFC, 0x0B, 0xFF, 0x00, 0x3F, 0xD0, 0x3C,
    0x3C, 0x3C, 0x3C, 0xF5, 0xFF, 0x5F, 0xF5, 0xFF, 0x5F, 0xBD, 0xBD, 0x0B, 0xCB, 0xC0, 0xB8, 0x78,
    0x01, 0x40, 0x07, 0xC0, 0xB3, 0xCD, 0x74, 0x2D, 0x3F, 0xFC, 0x0F, 0xE0, 0x01, 0x40, 0x2F, 0xF8,
    0x7F, 0xFD, 0xF4, 0x1F, 0x50, 0x05, 0x1F, 0x0F, 0x83, 0xD2, 0xF4, 0xFC, 0x00, 0x3F, 0x0F, 0x87,
    0xD2, 0xF0, 0xF4, 0x00, 0xFC, 0x2F, 0x43, 0xD0, 0xF8, 0x1F, 0x00, 0x3F, 0x0F, 0x87, 0xD2, 0xF0,
    0xF4, 0x00, 0x2A, 0x00, 0xBF, 0x00, 0x7E, 0x00, 0x7D, 0x06, 0x90, 0x3F, 0x43, 0xF0, 0x2E, 0x00,
    0x0B, 0xFF, 0x0B, 0x0B, 0xE0, 0xFF, 0xE0, 0xE0, 0xBF, 0xD0, 0x0D, 0x00, 0xD0, 0x0D, 0x00, 0xD0,
    0x00, 0x0F, 0xC1, 0xFC, 0x7F, 0x4F, 0xD0, 0x90, 0x00, 0x1C, 0x38, 0x34, 0x38, 0x1C, 0x00, 0x00,
    0x00, 0xA0, 0x0A, 0x03, 0xFC, 0x00, 0x00, 0x3F, 0xC0, 0xA0, 0x0A, 0x00, 0x00, 0x0A, 0x03, 0xFC,
    0x0A, 0x00, 0xA0, 0x3F, 0xC0, 0x00, 0x06, 0x82, 0xF0, 0xBC, 0x2F, 0x5F, 0xEF, 0xE7, 0xE0, 0xA4,
    0x3E, 0x0F, 0x83, 0xE0, 0xFD, 0x6F, 0xE2, 0xF8, 0x7D, 0xBE, 0x7D, 0x14, 0x14, 0xBC, 0x3E, 0x7C,
    0x3D, 0x2F, 0x47, 0x6C, 0xB1, 0xDB, 0x2C, 0x3F, 0x80, 0x00, 0x3E, 0x7C, 0xB4, 0x0E, 0x01, 0xF8,
    0x03, 0xD7, 0xFC, 0x7F, 0x40, 0x07, 0x01, 0xE0, 0x3C, 0x03, 0xE8, 0x3F, 0xC0, 0xFC, 0x3C, 0x3C,
    0x3C, 0x3C, 0xBF, 0xFE, 0xA0, 0x0A, 0xA0, 0x0A, 0x50, 0x05, 0x41, 0x41, 0xD3, 0xC7, 0x3E, 0xBC,
    0x24, 0x01, 0x92, 0xF4, 0xBC, 0x0B, 0xFF, 0x00, 0x3F, 0xD0, 0x01, 0xA4, 0x00, 0x7F, 0xD0, 0x0F,
    0xBF, 0x03, 0xE0, 0xBC, 0x50, 0x05, 0x2E, 0x6B, 0xC3, 0xFF, 0xD0, 0x2F, 0x80, 0x01, 0x40, 0x2F,
    0xF8, 0x7F, 0xFD, 0xF4, 0x1F, 0x50, 0x05, 0x01, 0x40, 0x41, 0xFF, 0xBC, 0x3F, 0xFF, 0x83, 0x87,
    0xE0, 0x15, 0x54, 0x7F, 0xFD, 0x7F, 0xFD, 0xFF, 0xFF, 0xF0, 0x00, 0x00, 0xFF, 0xFF, 0xC0, 0x00,
    0x00, 0x00, 0x03, 0xFF, 0xFF, 0x00, 0x00, 0x00, 0x01, 0x40, 0x40, 0xFF, 0xBC, 0x2F, 0xFF, 0xC3,
    0xC6, 0xF0, 0x15, 0x55, 0x47, 0xFF, 0xFD, 0x7F, 0xFF, 0xD0, 0x55, 0x55, 0x55, 0x55, 0xBF, 0xFF,
    0xFF, 0xFE, 0xBF, 0xFF, 0xFF, 0xFE, 0x00, 0x04, 0x00, 0x7D, 0x03, 0xFD, 0x2F, 0xE0, 0x7E, 0x00,
    0x24, 0x00, 0x00, 0x01, 0x80, 0x00, 0x3C, 0x00, 0x07, 0x80, 0x00, 0xF0, 0x00, 0x0F, 0x00, 0x02,
    0xD0, 0x00, 0x3C, 0x00, 0x07, 0x80, 0x00, 0xB4, 0x00, 0x0F, 0x00, 0x01, 0xE0, 0x00, 0x3C, 0x00,
    0x03, 0xC0, 0x00, 0xB4, 0x00, 0x0F, 0x00, 0x01, 0xE0, 0x00, 0x3C, 0x00, 0x03, 0xC0, 0x00, 0x34,
    0x2C, 0x1C, 0x2C, 0x34, 0x00, 0x00, 0x00, 0xA0, 0x0A, 0xA0, 0x0A, 0xBF, 0xFE, 0x00, 0x00, 0xFF,
    0xFF, 0xD0, 0x07, 0xC0, 0x03, 0xFF, 0xFF, 0x00, 0x00, 0x3E, 0xBC, 0xD3, 0xC7, 0x40, 0x41, 0x00,
    0x03, 0x5C, 0x1F, 0x41, 0xF4, 0x35, 0xC0, 0x00, 0x1D, 0x34, 0x34, 0x1C, 0x1C, 0x74, 0xFF, 0xFF,
    0x80, 0x00, 0x00, 0x00, 0x03, 0xFF, 0xFE, 0x00, 0x00, 0x00, 0x69, 0x00, 0xBE, 0x00, 0xBD, 0x00,
    0x7C, 0x01, 0xA4, 0x1F, 0xC1, 0xF8, 0x0F, 0x80, 0x01, 0x40, 0x41, 0xFF, 0xBC, 0x3F, 0xFF, 0xC3,
    0x86, 0xE0, 0xB8, 0xFD, 0x3D, 0x3C, 0x00, 0x00, 0x3F, 0x40, 0x3C, 0x7F, 0x3C, 0x7D, 0xBC, 0x7D,
    0x14, 0xF8, 0x14, 0xF8, 0xF8, 0xFF, 0x7F, 0xBF, 0xFF, 0xEB, 0x00, 0x0E, 0xB0, 0x00, 0xE6, 0x00,
    0x09, 0xFF, 0xFF, 0x80, 0x00, 0x00, 0x00, 0x03, 0xFF, 0xFE, 0x00, 0x00, 0x00, 0xF5, 0xFF, 0x5F,
    0xF5, 0xFF, 0x5F, 0xFF, 0x0B, 0x07, 0x06, 0x00, 0x00, 0x19, 0xD5, 0x7F, 0xEE, 0xA3, 0xF8, 0x06,
    0x00, 0x01, 0x40, 0x03, 0xC0, 0x03, 0xC0, 0x2E, 0x0A, 0xBF, 0xFD, 0xE1, 0xF8, 0x01, 0x40, 0x03,
    0xC0, 0x03, 0xC0, 0x05, 0x05, 0x3F, 0xED, 0xB1, 0xF8, 0x05, 0x05, 0x3F, 0xED, 0xB1, 0xF8, 0x00,
    0x00, 0x0C, 0x30, 0x7F, 0xFD, 0x1C, 0x34, 0x00, 0x00, 0x00, 0x3C, 0x7D, 0x28, 0x28, 0x7F, 0x0B,
    0xE0, 0xFD, 0x60, 0x00, 0x00, 0x09, 0x60, 0x01, 0x40, 0x09, 0x00, 0x18, 0x24, 0x00, 0x00, 0x80,
    0x02, 0x00, 0x02, 0x40, 0x00, 0x80, 0x60, 0x00, 0x00, 0x09, 0x63, 0x00, 0x00, 0xC9, 0x60, 0x00,
    0x00, 0x09, 0x02, 0x40, 0x00, 0x80, 0x00, 0x80, 0x02, 0x00, 0x00, 0x18, 0x24, 0x00, 0x60, 0x01,
    0x40, 0x09, 0x60, 0x00, 0x00, 0x09, 0x7F, 0x0B, 0xE0, 0xFD, 0x00, 0x00, 0x00, 0x00, 0xA0, 0x2E,
    0x2E, 0xA0, 0x0D, 0x3D, 0x38, 0x3D, 0x0D, 0x0B, 0xE0, 0x3F, 0xFC, 0x75, 0x5E, 0x13, 0xD4, 0x03,
    0xC0, 0x00, 0xAE, 0x3C, 0xBE, 0x01, 0x0A, 0xB8, 0xB8, 0x0A, 0xA0, 0x2D, 0x2E, 0xA0, 0x90, 0x28,
    0x0F, 0x4F, 0x02, 0xDA, 0x92, 0x43, 0x1C, 0x34, 0x3D, 0x1D, 0x3D, 0x34, 0x2F, 0x0F, 0xD2, 0xF0,
    0x0A, 0x03, 0xFC, 0x1F, 0x42, 0xF8, 0x00, 0x00, 0x3E, 0xBC, 0xD3, 0xC7, 0xC2, 0x83, 0xD3, 0xC7,
    0x3E, 0xBC, 0x10, 0xA0, 0xFF, 0x0A, 0x04, 0x14, 0x00, 0x00, 0x01, 0x42, 0xF4, 0x00, 0x01, 0xF8,
    0x0F, 0xFA, 0x9A, 0xFF, 0x00, 0x2F, 0xFF, 0xFF, 0x80, 0x00, 0x2F, 0xFF, 0x80, 0x00, 0x14, 0x00,
    0x00, 0x01, 0x42, 0xF4, 0x00, 0x01, 0xF8, 0x0F, 0xFA, 0x9A, 0xFF, 0x00, 0x2F, 0xFF, 0xFF, 0x80,
    0x00, 0x2F, 0xFF, 0x80, 0x00, 0x3F, 0xFF, 0xFF, 0xC0, 0x00, 0x00, 0x00, 0x3F, 0xFF, 0xFF, 0xC0,
    0x00, 0x00, 0x00, 0x01, 0x54, 0x00, 0x00, 0x40, 0xFF, 0xFF, 0xE9, 0xBC, 0x3F, 0xFF, 0xFF, 0xFF,
    0x83, 0x80, 0x16, 0xFF, 0xD0, 0x00, 0x01, 0x54, 0x00, 0x00, 0x0B, 0xFF, 0xFE, 0x00, 0x07, 0xFF,
    0xFF, 0xFD, 0x01, 0xFD, 0x00, 0x07, 0xF4, 0x3D, 0x00, 0x00, 0x07, 0xC0, 0x00, 0x00, 0x00, 0x00,
    0x00, 0x00, 0x00, 0x06, 0x0B, 0xFF, 0xFF, 0xFF, 0xF3, 0xFF, 0xFF, 0xFF, 0xFC, 0x00, 0x00, 0x00,
    0x1C, 0x00, 0x00, 0x00, 0x00, 0x00, 0x0A, 0x41, 0x6D, 0x2F, 0xD3, 0x4D, 0x2E, 0x90, 0x00, 0x01,
    0xF8, 0x38, 0xD3, 0xFE, 0x38, 0x00, 0xBC, 0x70, 0xBB, 0xBB, 0xB0, 0x1F, 0x83, 0x4D, 0x30, 0xE3,
    0x4D, 0x1F, 0x80, 0x00, 0x03, 0x0E, 0x30, 0xE3, 0x0E, 0x34, 0xE2, 0xFA, 0x2F, 0x2C, 0x0A, 0x02,
    0xC0, 0x2F, 0x00, 0x00, 0xD0, 0x0D, 0x2E, 0xD3, 0x4D, 0x70, 0xD3, 0x4D, 0x2E, 0xD0, 0x34, 0x03,
    0x40, 0x3B, 0xC3, 0x8E, 0x34, 0xE3, 0x4E, 0x34, 0xE0, 0xAF, 0xBE, 0x2C, 0xB1, 0xCB, 0x1C, 0x72,
    0xC7, 0x1C, 0xB1, 0xC7, 0x00, 0x3B, 0x0E, 0x03, 0x00, 0xC0, 0x30, 0x00, 0x24, 0x7F, 0x38, 0x38,
    0x38, 0x2F, 0x00, 0x20, 0x53, 0x4D, 0x29, 0xC0, 0xF8, 0x0B, 0x00, 0x34, 0xD1, 0xF8, 0x0F, 0x02,
    0xFC, 0x34, 0xD0, 0x3F, 0x00, 0x0F, 0xC0, 0x03, 0xF0, 0x00, 0xFC, 0x00, 0x3F, 0x00, 0x0F, 0xD5,
    0x43, 0xFF, 0xF4, 0xFF, 0xFD, 0x3F, 0x00, 0x0F, 0xC0, 0x03, 0xF0, 0x00, 0xFC, 0x00, 0x3F, 0x00,
    0x0F, 0xC0, 0x03, 0xF0, 0x00, 0x7E, 0x00, 0x7E, 0x00, 0x7E, 0x00, 0x7E, 0x00, 0x7F, 0x54, 0x7F,
    0xFC, 0x7F, 0xFC, 0x7E, 0x00, 0x7E, 0x00, 0x7E, 0x00, 0x7E, 0x00, 0x7E, 0x00, 0xFF, 0xFF, 0xFF,
    0xFF, 0xFF, 0xFF, 0xFF, 0xFE, 0x6F, 0xD7, 0xFF, 0xC2, 0xF8, 0x3F, 0xFC, 0x2F, 0x83, 0xFF, 0xC2,
    0xF8, 0x3F, 0xFC, 0x2F, 0x83, 0xFF, 0xC2, 0xF8, 0x3F, 0x00, 0x2F, 0x80, 0x00, 0x02, 0xF8, 0x00,
    0x00, 0x2F, 0x80, 0x00, 0x02, 0xF8, 0x00, 0x00, 0x2F, 0x80, 0x00, 0x02, 0xF8, 0x00, 0x00, 0x2F,
    0x80, 0x00, 0x7F, 0xFF, 0xFF, 0x7F, 0xFF, 0xFF, 0x7E, 0xBF, 0x7F, 0x7D, 0x7F, 0x3F, 0x7D, 0x7F,
    0x3F, 0x28, 0x7F, 0x19, 0x00, 0x7F, 0x00, 0x00, 0x7F, 0x00, 0x00, 0x7F, 0x00, 0x00, 0x7F, 0x00,
    0x00, 0x7F, 0x00, 0x00, 0x7F, 0x00, 0x00, 0x7F, 0x00, 0x00, 0x7F, 0x00, 0x00, 0x7F, 0x00, 0x00,
    0x7F, 0x00, 0x0F, 0xD1, 0xF8, 0x2F, 0x03, 0xD0, 0x03, 0xC0, 0xBC, 0x1F, 0x83, 0xF4, 0x3E, 0x00,
    0x0F, 0xF4, 0xF8, 0x00, 0x7F, 0xD3, 0xE0, 0x03, 0xFF, 0x4F, 0x80, 0x2F, 0xFD, 0x3E, 0x00, 0xFE,
    0xF4, 0xF8, 0x0F, 0xD7, 0xD3, 0xE0, 0x7F, 0x2F, 0x4F, 0x83, 0xF0, 0xBD, 0x3E, 0x2F, 0x82, 0xF4,
    0xF9, 0xFC, 0x0B, 0xD3, 0xEF, 0xD0, 0x2F, 0x4F, 0xFF, 0x00, 0xBD, 0x3F, 0xF0, 0x02, 0xF4, 0xFF,
    0x80, 0x0B, 0xD3, 0xFC, 0x00, 0x2F, 0x40, 0x7E, 0x00, 0xBF, 0x5F, 0x80, 0x7F, 0xD7, 0xE0, 0x3F,
    0xF5, 0xF8, 0x2F, 0xFD, 0x7E, 0x0F, 0xEF, 0x5F, 0x8F, 0xDB, 0xD7, 0xE7, 0xF2, 0xF5, 0xFB, 0xF0,
    0xBD, 0x7F, 0xF8, 0x2F, 0x5F, 0xFC, 0x0B, 0xD7, 0xFD, 0x02, 0xF5, 0xFE, 0x00, 0xBD, 0x7C, 0x1F,
    0x07, 0xF4, 0xBD, 0x2F, 0xF8, 0x03, 0xFF, 0xF4, 0x3E, 0xBF, 0xC0, 0x00, 0xFD, 0x00, 0x0F, 0xE0,
    0x00, 0xBE, 0x00, 0x0B, 0xE0, 0x00, 0xFE, 0x00, 0x0F, 0xC3, 0xAB, 0xFC, 0x3F, 0xFF, 0x02, 0xFF,
    0x80, 0x00, 0xBF, 0xD0, 0x1F, 0xFF, 0xC0, 0xFF, 0xAE, 0x0B, 0xF0, 0x00, 0x3F, 0x4F, 0x80, 0xFC,
    0x7F, 0x03, 0xF0, 0xF8, 0x0F, 0xD0, 0x00, 0x2F, 0xC0, 0x00, 0x7F, 0xEB, 0xC0, 0xBF, 0xFF, 0x00,
    0x6F, 0xE4, 0x2F, 0xF8, 0x03, 0xFF, 0xF4, 0x3E, 0xBF, 0xC0, 0x00, 0xFD, 0x0F, 0x8F, 0xE1, 0xFC,
    0xBE, 0x0F, 0x8B, 0xE0, 0x00, 0xFE, 0x00, 0x0F, 0xC3, 0xAB, 0xFC, 0x3F, 0xFF, 0x02, 0xFF, 0x80,
    0x1F, 0x0B, 0xE2, 0xF8, 0x7C, 0x00, 0x00, 0x00, 0x00, 0x00, 0x00, 0x00, 0x01, 0xF8, 0xBC, 0x3F,
    0x0F, 0x83, 0xC0, 0x00, 0xFC, 0x00, 0xFC, 0x00, 0xFC, 0x00, 0xFC, 0x00, 0xFC, 0x00, 0xFC, 0x00,
    0xFC, 0x00, 0xFC, 0x00, 0xFC, 0x00, 0xFC, 0x00, 0xFC, 0x00, 0xFC, 0x00, 0xFC, 0x00, 0xFC, 0x00,
    0xFC, 0x00, 0xFC, 0x01, 0xFC, 0x6B, 0xF4, 0xBF, 0xF0, 0x7F, 0x80, 0x1F, 0xC2, 0xF4, 0x3E, 0x03,
    0xC0, 0x00, 0x3F, 0x40, 0x3D, 0x3F, 0x3D, 0x3E, 0x7D, 0x3E, 0x14, 0xB8, 0x14, 0x3F, 0x40, 0x00,
    0x00, 0x0F, 0xC0, 0xFF, 0x40, 0x07, 0xC0, 0x3F, 0xF0, 0x02, 0xD0, 0x1F, 0xFC, 0x00, 0x00, 0x0F,
    0xDF, 0x80, 0x00, 0x03, 0xF3, 0xF0, 0x00, 0x02, 0xF4, 0xBC, 0x00, 0x00, 0xFC, 0x1F, 0x80, 0x00,
    0x3F, 0x03, 0xF0, 0x00, 0x2F, 0xFF, 0xFD, 0x00, 0x0F, 0xFF, 0xFF, 0x80, 0x07, 0xFF, 0xFF, 0xF0,
    0x02, 0xF8, 0x00, 0xFD, 0x00, 0xFD, 0x00, 0x2F, 0x80, 0x7F, 0x00, 0x07, 0xF0, 0x2F, 0xC0, 0x00,
    0xFD, 0x7D, 0xFE, 0x7D, 0x3F, 0x40, 0x00, 0x00, 0x3F, 0x07, 0xFF, 0xFC, 0x7C, 0x07, 0xFF, 0xFC,
    0xB4, 0x07, 0xF5, 0x54, 0x00, 0x07, 0xE0, 0x00, 0x00, 0x07, 0xE0, 0x00, 0x00, 0x07, 0xE0, 0x00,
    0x00, 0x07, 0xFF, 0xF8, 0x00, 0x07, 0xFF, 0xF8, 0x00, 0x07, 0xF5, 0x54, 0x00, 0x07, 0xE0, 0x00,
    0x00, 0x07, 0xE0, 0x00, 0x00, 0x07, 0xE0, 0x00, 0x00, 0x07, 0xF5, 0x54, 0x00, 0x07, 0xFF, 0xFC,
    0x00, 0x07, 0xFF, 0xFC, 0x3F, 0x40, 0x00, 0x00, 0x00, 0xFC, 0x1F, 0x80, 0x07, 0xE7, 0xC0, 0x7E,
    0x00, 0x1F, 0xAD, 0x01, 0xF8, 0x00, 0x7E, 0x00, 0x07, 0xE0, 0x01, 0xF8, 0x00, 0x1F, 0x80, 0x07,
    0xE0, 0x00, 0x7E, 0x00, 0x1F, 0x80, 0x01, 0xFF, 0xFF, 0xFE, 0x00, 0x07, 0xFF, 0xFF, 0xF8, 0x00,
    0x1F, 0xD5, 0x5B, 0xE0, 0x00, 0x7E, 0x00, 0x1F, 0x80, 0x01, 0xF8, 0x00, 0x7E, 0x00, 0x07, 0xE0,
    0x01, 0xF8, 0x00, 0x1F, 0x80, 0x07, 0xE0, 0x00, 0x7E, 0x00, 0x1F, 0x80, 0x01, 0xF8, 0x00, 0x7E,
    0x3F, 0x40, 0x00, 0x0F, 0xC7, 0xFF, 0xD7, 0xC1, 0xFF, 0xF6, 0xD0, 0x1F, 0xF4, 0x00, 0x02, 0xF8,
    0x00, 0x00, 0xBE, 0x00, 0x00, 0x2F, 0x80, 0x00, 0x0B, 0xE0, 0x00, 0x02, 0xF8, 0x00, 0x00, 0xBE,
    0x00, 0x00, 0x2F, 0x80, 0x00, 0x0B, 0xE0, 0x00, 0x02, 0xF8, 0x00, 0x00, 0xFF, 0x00, 0x01, 0xFF,
    0xF4, 0x00, 0x7F, 0xFD, 0x3F, 0x40, 0x00, 0x00, 0x00, 0xFC, 0x01, 0xBF, 0xE0, 0x07, 0xC0, 0x2F,
    0xFF, 0xF8, 0x2D, 0x03, 0xFE, 0xAF, 0xF8, 0x00, 0x1F, 0xD0, 0x0B, 0xF0, 0x00, 0xFE, 0x00, 0x0F,
    0xD0, 0x03, 0xF4, 0x00, 0x2F, 0x80, 0x0F, 0xC0, 0x00, 0x7F, 0x00, 0x3F, 0x00, 0x01, 0xFC, 0x00,
    0xFC, 0x00, 0x0B, 0xF0, 0x03, 0xF4, 0x00, 0x2F, 0x80, 0x0F, 0xE0, 0x00, 0xFD, 0x00, 0x1F, 0xD0,
    0x0B, 0xF0, 0x00, 0x3F, 0xEA, 0xFF, 0x40, 0x00, 0x2F, 0xFF, 0xF8, 0x00, 0x00, 0x1B, 0xFE, 0x00,
    0x3F, 0x40, 0x00, 0x00, 0x00, 0xFC, 0x3F, 0x40, 0x0F, 0xD7, 0xC0, 0xBF, 0x00, 0xBF, 0x2D, 0x00,
    0xFD, 0x03, 0xF4, 0x00, 0x02, 0xFC, 0x2F, 0xC0, 0x00, 0x03, 0xF4, 0xFD, 0x00, 0x00, 0x07, 0xFB,
    0xE0, 0x00, 0x00, 0x0F, 0xFF, 0x00, 0x00, 0x00, 0x1F, 0xF8, 0x00, 0x00, 0x00, 0x3F, 0xC0, 0x00,
    0x00, 0x00, 0x7F, 0x00, 0x00, 0x00, 0x01, 0xFC, 0x00, 0x00, 0x00, 0x07, 0xF0, 0x00, 0x00, 0x00,
    0x1F, 0xC0, 0x00, 0x00, 0x00, 0x7F, 0x00, 0x00, 0x00, 0x01, 0xFC, 0x00, 0x3F, 0x40, 0x00, 0x00,
    0x00, 0xFC, 0x01, 0xBF, 0xD0, 0x07, 0xC0, 0x3F, 0xFF, 0xF4, 0x2D, 0x03, 0xFE, 0x6F, 0xF0, 0x00,
    0x2F, 0xC0, 0x0F, 0xF0, 0x00, 0xFD, 0x00, 0x0F, 0xD0, 0x07, 0xF0, 0x00, 0x2F, 0x80, 0x1F, 0xC0,
    0x00, 0xBE, 0x00, 0x7F, 0x00, 0x02, 0xF8, 0x01, 0xFC, 0x00, 0x0B, 0xE0, 0x03, 0xF4, 0x00, 0x3F,
    0x00, 0x07, 0xE0, 0x02, 0xF8, 0x00, 0x0B, 0xE0, 0x1F, 0xC0, 0x01, 0x5F, 0xD0, 0xFE, 0x50, 0x0B,
    0xFF, 0x87, 0xFF, 0xC0, 0x2F, 0xFE, 0x1F, 0xFF, 0x00, 0x3F, 0x80, 0x2D, 0x3F, 0x3D, 0x3E, 0x7D,
    0x3E, 0x04, 0x7C, 0x14, 0x00, 0x00, 0x00, 0x01, 0xF8, 0x00, 0x01, 0xF8, 0x00, 0x01, 0xF8, 0x00,
    0x01, 0xF8, 0x00, 0x01, 0xF8, 0x00, 0x01, 0xF8, 0x00, 0x01, 0xF8, 0x00, 0x01, 0xF8, 0x00, 0x01,
    0xFC, 0x00, 0x00, 0xFF, 0x90, 0x00, 0xBF, 0xE0, 0x00, 0x2F, 0xE0, 0x00, 0x3F, 0xD0, 0x00, 0x01,
    0xFF, 0x80, 0x00, 0x0B, 0xFF, 0x00, 0x00, 0x3F, 0x7D, 0x00, 0x01, 0xF8, 0xF8, 0x00, 0x0B, 0xD3,
    0xF0, 0x00, 0x3F, 0x07, 0xD0, 0x01, 0xF8, 0x0F, 0xC0, 0x0B, 0xFF, 0xFF, 0x00, 0x3F, 0xFF, 0xFD,
    0x01, 0xFF, 0xFF, 0xFC, 0x0F, 0xD0, 0x03, 0xF0, 0x3F, 0x00, 0x0B, 0xE1, 0xFC, 0x00, 0x1F, 0xCF,
    0xE0, 0x00, 0x3F, 0x00, 0x3F, 0xFF, 0x90, 0x3F, 0xFF, 0xF8, 0x3F, 0x5B, 0xFC, 0x3F, 0x00, 0xFD,
    0x3F, 0x00, 0xFD, 0x3F, 0x01, 0xFC, 0x3F, 0xFF, 0xF0, 0x3F, 0xFF, 0xE0, 0x3F, 0x5B, 0xFC, 0x3F,
    0x00, 0xFE, 0x3F, 0x00, 0xBF, 0x3F, 0x00, 0xFE, 0x3F, 0x5B, 0xFD, 0x3F, 0xFF, 0xF8, 0x3F, 0xFF,
    0x90, 0x3F, 0xFF, 0xCF, 0xFF, 0xF3, 0xF5, 0x54, 0xFC, 0x00, 0x3F, 0x00, 0x0F, 0xC0, 0x03, 0xF0,
    0x00, 0xFC, 0x00, 0x3F, 0x00, 0x0F, 0xC0, 0x03, 0xF0, 0x00, 0xFC, 0x00, 0x3F, 0x00, 0x0F, 0xC0,
    0x03, 0xF0, 0x00, 0x00, 0x3F, 0xC0, 0x00, 0x0B, 0xFD, 0x00, 0x00, 0xFF, 0xF0, 0x00, 0x0F, 0xAF,
    0x00, 0x02, 0xF5, 0xF8, 0x00, 0x3F, 0x0F, 0xC0, 0x07, 0xE0, 0xBD, 0x00, 0xBD, 0x07, 0xE0, 0x0F,
    0xC0, 0x3F, 0x01, 0xF8, 0x03, 0xF4, 0x3F, 0x40, 0x1F, 0x83, 0xF0, 0x00, 0xFC, 0xBF, 0xAA, 0xAF,
    0xDF, 0xFF, 0xFF, 0xFE, 0xFF, 0xFF, 0xFF, 0xF0, 0x3F, 0xFF, 0xD3, 0xFF, 0xFD, 0x3F, 0x55, 0x43,
    0xF0, 0x00, 0x3F, 0x00, 0x03, 0xF0, 0x00, 0x3F, 0xFF, 0xC3, 0xFF, 0xFC, 0x3F, 0x55, 0x43, 0xF0,
    0x00, 0x3F, 0x00, 0x03, 0xF0, 0x00, 0x3F, 0x55, 0x43, 0xFF, 0xFD, 0x3F, 0xFF, 0xD0, 0x7F, 0xFF,
    0xFD, 0x7F, 0xFF, 0xFD, 0x15, 0x57, 0xFC, 0x00, 0x03, 0xF4, 0x00, 0x0B, 0xE0, 0x00, 0x1F, 0xC0,
    0x00, 0x3F, 0x40, 0x00, 0xBE, 0x00, 0x01, 0xFC, 0x00, 0x03, 0xF4, 0x00, 0x0F, 0xE0, 0x00, 0x1F,
    0xC0, 0x00, 0x3F, 0x95, 0x55, 0x7F, 0xFF, 0xFE, 0xBF, 0xFF, 0xFE, 0x3F, 0x00, 0x0F, 0xC3, 0xF0,
    0x00, 0xFC, 0x3F, 0x00, 0x0F, 0xC3, 0xF0, 0x00, 0xFC, 0x3F, 0x00, 0x0F, 0xC3, 0xF0, 0x00, 0xFC,
    0x3F, 0xFF, 0xFF, 0xC3, 0xFF, 0xFF, 0xFC, 0x3F, 0x55, 0x6F, 0xC3, 0xF0, 0x00, 0xFC, 0x3F, 0x00,
    0x0F, 0xC3, 0xF0, 0x00, 0xFC, 0x3F, 0x00, 0x0F, 0xC3, 0xF0, 0x00, 0xFC, 0x3F, 0x00, 0x0F, 0xC0,
    0x00, 0xBF, 0xE4, 0x00, 0x1F, 0xFF, 0xFC, 0x01, 0xFF, 0x9B, 0xFC, 0x0F, 0xE0, 0x03, 0xF4, 0x7F,
    0x00, 0x0B, 0xF2, 0xF8, 0x55, 0x5F, 0xCF, 0xE7, 0xFF, 0x3F, 0x3F, 0x9F, 0xFC, 0xFD, 0xFE, 0x00,
    0x03, 0xF2, 0xF8, 0x00, 0x1F, 0xC7, 0xF0, 0x00, 0xBF, 0x0F, 0xE0, 0x03, 0xF4, 0x1F, 0xF9, 0xBF,
    0xC0, 0x1F, 0xFF, 0xFC, 0x00, 0x0B, 0xFE, 0x40, 0x00, 0x7F, 0xFD, 0x7F, 0xFD, 0x1F, 0xF4, 0x0B,
    0xE0, 0x0B, 0xE0, 0x0B, 0xE0, 0x0B, 0xE0, 0x0B, 0xE0, 0x0B, 0xE0, 0x0B, 0xE0, 0x0B, 0xE0, 0x0B,
    0xE0, 0x0F, 0xF0, 0x7F, 0xFD, 0x7F, 0xFD, 0x3F, 0x00, 0x3F, 0x4F, 0xC0, 0x3F, 0x83, 0xF0, 0x2F,
    0xC0, 0xFC, 0x1F, 0xC0, 0x3F, 0x0F, 0xD0, 0x0F, 0xCF, 0xE0, 0x03, 0xFB, 0xF0, 0x00, 0xFF, 0xFC,
    0x00, 0x3F, 0xFF, 0xC0, 0x0F, 0xD3, 0xF4, 0x03, 0xF0, 0xBF, 0x00, 0xFC, 0x0F, 0xE0, 0x3F, 0x01,
    0xFD, 0x0F, 0xC0, 0x2F, 0xC3, 0xF0, 0x03, 0xF8, 0x00, 0x3F, 0xC0, 0x00, 0x0B, 0xFD, 0x00, 0x00,
    0xFF, 0xE0, 0x00, 0x0F, 0xBF, 0x00, 0x02, 0xF6, 0xF4, 0x00, 0x3F, 0x0F, 0x80, 0x03, 0xF0, 0xFC,
    0x00, 0xBE, 0x0B, 0xD0, 0x0F, 0xD0, 0x7E, 0x00, 0xFC, 0x03, 0xF0, 0x2F, 0x80, 0x3F, 0x43, 0xF4,
    0x02, 0xF8, 0x3F, 0x00, 0x0F, 0xCB, 0xF0, 0x00, 0xFD, 0xFE, 0x00, 0x0B, 0xE0, 0x3F, 0xD0, 0x00,
    0xBF, 0xCF, 0xF8, 0x00, 0x3F, 0xF3, 0xFF, 0x00, 0x1F, 0xFC, 0xFF, 0xC0, 0x0B, 0xFF, 0x3E, 0xF8,
    0x03, 0xEF, 0xCF, 0xBF, 0x01, 0xF7, 0xF3, 0xE7, 0xC0, 0xBC, 0xFC, 0xF8, 0xF4, 0x3E, 0x3F, 0x3E,
    0x3F, 0x1F, 0x0F, 0xCF, 0x8B, 0xCB, 0xC3, 0xF3, 0xE0, 0xF7, 0xE0, 0xFC, 0xF8, 0x3F, 0xF0, 0x3F,
    0x3E, 0x0B, 0xFC, 0x0F, 0xCF, 0x81, 0xFE, 0x03, 0xF3, 0xE0, 0x3F, 0x00, 0xFC, 0x3F, 0xC0, 0x03,
    0xF0, 0xFF, 0x80, 0x0F, 0xC3, 0xFF, 0x40, 0x3F, 0x0F, 0xFF, 0x00, 0xFC, 0x3E, 0xFD, 0x03, 0xF0,
    0xF9, 0xFC, 0x0F, 0xC3, 0xE3, 0xF8, 0x3F, 0x0F, 0x83, 0xF0, 0xFC, 0x3E, 0x0B, 0xE2, 0xF0, 0xF8,
    0x0F, 0xDB, 0xC3, 0xE0, 0x2F, 0xEF, 0x0F, 0x80, 0x3F, 0xFC, 0x3E, 0x00, 0x7F, 0xF0, 0xF8, 0x00,
    0xFF, 0xC3, 0xE0, 0x00, 0xFF, 0x00, 0x7F, 0xFF, 0xF5, 0xFF, 0xFF, 0xD1, 0x55, 0x55, 0x00, 0x00,
    0x00, 0x00, 0x00, 0x00, 0x15, 0x55, 0x42, 0xFF, 0xFE, 0x0B, 0xFF, 0xF8, 0x00, 0x00, 0x00, 0x00,
    0x00, 0x00, 0x00, 0x00, 0x00, 0x00, 0x00, 0x55, 0x55, 0x57, 0xFF, 0xFF, 0xFF, 0xFF, 0xFF, 0xC0,
    0x00, 0xBF, 0xE4, 0x00, 0x1F, 0xFF, 0xFC, 0x01, 0xFF, 0x9B, 0xFC, 0x0F, 0xE0, 0x03, 0xF4, 0x7F,
    0x00, 0x0B, 0xF2, 0xF8, 0x00, 0x1F, 0xCF, 0xE0, 0x00, 0x3F, 0x3F, 0x80, 0x00, 0xFD, 0xFE, 0x00,
    0x03, 0xF2, 0xF8, 0x00, 0x1F, 0xC7, 0xF0, 0x00, 0xBF, 0x0F, 0xE0, 0x03, 0xF4, 0x1F, 0xF9, 0xBF,
    0xC0, 0x1F, 0xFF, 0xFC, 0x00, 0x0B, 0xFE, 0x40, 0x00, 0x3F, 0xFF, 0xFF, 0xCF, 0xFF, 0xFF, 0xF3,
    0xF5, 0x56, 0xFC, 0xFC, 0x00, 0x7F, 0x3F, 0x00, 0x1F, 0xCF, 0xC0, 0x07, 0xF3, 0xF0, 0x01, 0xFC,
    0xFC, 0x00, 0x7F, 0x3F, 0x00, 0x1F, 0xCF, 0xC0, 0x07, 0xF3, 0xF0, 0x01, 0xFC, 0xFC, 0x00, 0x7F,
    0x3F, 0x00, 0x1F, 0xCF, 0xC0, 0x07, 0xF3, 0xF0, 0x01, 0xFC, 0x3F, 0xFF, 0x40, 0x3F, 0xFF, 0xF0,
    0x3F, 0x5B, 0xF8, 0x3F, 0x01, 0xFC, 0x3F, 0x00, 0xFC, 0x3F, 0x01, 0xFC, 0x3F, 0x07, 0xF8, 0x3F,
    0xFF, 0xF0, 0x3F, 0xFF, 0xC0, 0x3F, 0x54, 0x00, 0x3F, 0x00, 0x00, 0x3F, 0x00, 0x00, 0x3F, 0x00,
    0x00, 0x3F, 0x00, 0x00, 0x3F, 0x00, 0x00, 0x7F, 0xFF, 0xFD, 0x7F, 0xFF, 0xFD, 0x3F, 0xD5, 0x54,
    0x0F, 0xD0, 0x00, 0x07, 0xF4, 0x00, 0x01, 0xFC, 0x00, 0x00, 0x7F, 0x00, 0x00, 0x7F, 0x00, 0x00,
    0xFD, 0x00, 0x03, 0xF4, 0x00, 0x0B, 0xE0, 0x00, 0x2F, 0xC0, 0x00, 0x7F, 0x55, 0x55, 0xBF, 0xFF,
    0xFE, 0xBF, 0xFF, 0xFE, 0xBF, 0xFF, 0xFE, 0xBF, 0xFF, 0xFE, 0x55, 0xFF, 0x55, 0x00, 0xBE, 0x00,
    0x00, 0xBE, 0x00, 0x00, 0xBE, 0x00, 0x00, 0xBE, 0x00, 0x00, 0xBE, 0x00, 0x00, 0xBE, 0x00, 0x00,
    0xBE, 0x00, 0x00, 0xBE, 0x00, 0x00, 0xBE, 0x00, 0x00, 0xBE, 0x00, 0x00, 0xBE, 0x00, 0x00, 0xBE,
    0x00, 0xBE, 0x00, 0x2F, 0xC3, 0xF0, 0x03, 0xF0, 0x2F, 0x80, 0xBE, 0x00, 0xFC, 0x0F, 0xC0, 0x0B,
    0xE2, 0xF8, 0x00, 0x3F, 0x7F, 0x00, 0x02, 0xFF, 0xE0, 0x00, 0x0F, 0xFC, 0x00, 0x00, 0xBF, 0x40,
    0x00, 0x03, 0xF0, 0x00, 0x00, 0x3F, 0x00, 0x00, 0x03, 0xF0, 0x00, 0x00, 0x3F, 0x00, 0x00, 0x03,
    0xF0, 0x00, 0x00, 0x3F, 0x00, 0x00, 0x00, 0x00, 0xFC, 0x00, 0x00, 0x06, 0xFF, 0xFE, 0x40, 0x03,
    0xFF, 0xFF, 0xFF, 0x00, 0xFF, 0xAF, 0xEB, 0xFC, 0x2F, 0xC0, 0xFC, 0x0F, 0xD3, 0xF4, 0x0F, 0xC0,
    0xBE, 0x3F, 0x00, 0xFC, 0x07, 0xF3, 0xF0, 0x0F, 0xC0, 0x7F, 0x3F, 0x40, 0xFC, 0x0B, 0xE2, 0xFC,
    0x0F, 0xC0, 0xFD, 0x0F, 0xFA, 0xFE, 0xBF, 0xC0, 0x3F, 0xFF, 0xFF, 0xF0, 0x00, 0x6F, 0xFF, 0xE4,
    0x00, 0x00, 0x0F, 0xC0, 0x00, 0x00, 0x00, 0xFC, 0x00, 0x00, 0x7F, 0x00, 0x1F, 0xC2, 0xFC, 0x03,
    0xF8, 0x0F, 0xD0, 0x7F, 0x00, 0x7F, 0x0F, 0xD0, 0x03, 0xFA, 0xF8, 0x00, 0x0F, 0xFF, 0x00, 0x00,
    0xBF, 0xD0, 0x00, 0x03, 0xFC, 0x00, 0x00, 0xFF, 0xE0, 0x00, 0x1F, 0xFF, 0x00, 0x03, 0xF6, 0xFC,
    0x00, 0xBF, 0x0F, 0xE0, 0x1F, 0xC0, 0x7F, 0x03, 0xF8, 0x02, 0xFC, 0xBF, 0x00, 0x0F, 0xE0, 0x3E,
    0x07, 0xE0, 0x7E, 0x3E, 0x07, 0xE0, 0x7E, 0x3E, 0x07, 0xE0, 0x7E, 0x3E, 0x07, 0xE0, 0x7E, 0x3E,
    0x07, 0xE0, 0x7E, 0x3E, 0x07, 0xE0, 0x7E, 0x3F, 0x07, 0xE0, 0xBD, 0x3F, 0x47, 0xE0, 0xFC, 0x1F,
    0xEB, 0xFB, 0xF8, 0x0B, 0xFF, 0xFF, 0xF0, 0x01, 0xBF, 0xFF, 0x40, 0x00, 0x07, 0xE0, 0x00, 0x00,
    0x07, 0xE0, 0x00, 0x00, 0x07, 0xE0, 0x00, 0x00, 0x07, 0xE0, 0x00, 0x00, 0x6F, 0xF8, 0x00, 0x02,
    0xFF, 0xFF, 0x40, 0x0B, 0xFA, 0xBF, 0xD0, 0x1F, 0xD0, 0x0B, 0xF0, 0x3F, 0x80, 0x03, 0xF8, 0x3F,
    0x00, 0x01, 0xFC, 0x3F, 0x00, 0x01, 0xFC, 0x3F, 0x00, 0x01, 0xFC, 0x3F, 0x00, 0x01, 0xFC, 0x2F,
    0x80, 0x03, 0xF4, 0x0F, 0xC0, 0x07, 0xF0, 0x07, 0xE0, 0x0F, 0xC0, 0x17, 0xF8, 0x3F, 0x94, 0x7F,
    0xFC, 0x3F, 0xFC, 0x7F, 0xFC, 0x3F, 0xFC, 0x14, 0x14, 0xBC, 0x3E, 0x7C, 0x3D, 0x00, 0x00, 0x00,
    0x00, 0x7F, 0xFD, 0x7F, 0xFD, 0x1F, 0xF4, 0x0B, 0xE0, 0x0B, 0xE0, 0x0B, 0xE0, 0x0B, 0xE0, 0x0B,
    0xE0, 0x0B, 0xE0, 0x0B, 0xE0, 0x0B, 0xE0, 0x0B, 0xE0, 0x0F, 0xF0, 0x7F, 0xFD, 0x7F, 0xFD, 0x01,
    0x40, 0x50, 0x00, 0x3E, 0x2F, 0x00, 0x03, 0xD1, 0xF0, 0x00, 0x00, 0x00, 0x00, 0x00, 0x00, 0x00,
    0x0B, 0xE0, 0x02, 0xFC, 0x3F, 0x00, 0x3F, 0x02, 0xF8, 0x0B, 0xE0, 0x0F, 0xC0, 0xFC, 0x00, 0xBE,
    0x2F, 0x80, 0x03, 0xF7, 0xF0, 0x00, 0x2F, 0xFE, 0x00, 0x00, 0xFF, 0xC0, 0x00, 0x0B, 0xF4, 0x00,
    0x00, 0x3F, 0x00, 0x00, 0x03, 0xF0, 0x00, 0x00, 0x3F, 0x00, 0x00, 0x03, 0xF0, 0x00, 0x00, 0x3F,
    0x00, 0x00, 0x03, 0xF0, 0x00, 0x00, 0x0B, 0xF0, 0x00, 0x00, 0xFC, 0x00, 0x00, 0x0F, 0x80, 0x00,
    0x01, 0xF0, 0x00, 0x00, 0x00, 0x00, 0x00, 0x2F, 0xD3, 0xE0, 0x0F, 0xFF, 0xBE, 0x01, 0xFE, 0xBF,
    0xE0, 0x2F, 0x80, 0xFE, 0x03, 0xF4, 0x07, 0xE0, 0x3F, 0x00, 0x7E, 0x03, 0xF0, 0x07, 0xE0, 0x3F,
    0x40, 0x7E, 0x02, 0xF8, 0x0B, 0xE0, 0x1F, 0xEA, 0xFF, 0x80, 0xFF, 0xFB, 0xFC, 0x02, 0xFD, 0x0F,
    0xC0, 0x00, 0x0F, 0xC0, 0x01, 0xF8, 0x00, 0x2F, 0x00, 0x03, 0xC0, 0x00, 0x00, 0x00, 0x2F, 0xF8,
    0x0F, 0xFF, 0xE2, 0xFE, 0xAD, 0x2F, 0x40, 0x01, 0xFE, 0x50, 0x07, 0xFE, 0x01, 0xFF, 0xE0, 0x3F,
    0x40, 0x03, 0xF0, 0x00, 0x3F, 0xEA, 0xE2, 0xFF, 0xFE, 0x06, 0xFF, 0x80, 0x00, 0x3F, 0x00, 0x01,
    0xF8, 0x00, 0x0B, 0xC0, 0x00, 0x3C, 0x00, 0x00, 0x00, 0x01, 0xF1, 0xFE, 0x07, 0xEF, 0xFF, 0x1F,
    0xFA, 0xFE, 0x7F, 0x01, 0xFD, 0xFC, 0x03, 0xF7, 0xE0, 0x0F, 0xDF, 0x80, 0x3F, 0x7E, 0x00, 0xFD,
    0xF8, 0x03, 0xF7, 0xE0, 0x0F, 0xDF, 0x80, 0x3F, 0x7E, 0x00, 0xFC, 0x00, 0x03, 0xF0, 0x00, 0x0F,
    0xC0, 0x00, 0x3F, 0x00, 0x00, 0xFC, 0x00, 0x03, 0xF0, 0x0F, 0xE0, 0x3F, 0x01, 0xF4, 0x0B, 0x80,
    0x00, 0x01, 0xF8, 0x07, 0xE0, 0x1F, 0x80, 0x7E, 0x01, 0xF8, 0x07, 0xE0, 0x1F, 0x80, 0x7E, 0x01,
    0xFC, 0x03, 0xFE, 0x4B, 0xFE, 0x0B, 0xF8, 0x00, 0x2F, 0xC0, 0x1E, 0x3F, 0x6E, 0x2F, 0x3E, 0x3F,
    0x04, 0x3C, 0x04, 0x00, 0x00, 0x00, 0x7E, 0x02, 0xF4, 0x7E, 0x02, 0xF8, 0x7E, 0x01, 0xFC, 0x7E,
    0x00, 0xFC, 0x7E, 0x00, 0xFC, 0x7E, 0x00, 0xFC, 0x7E, 0x00, 0xFC, 0x7E, 0x01, 0xFC, 0x3F, 0x02,
    0xF8, 0x3F, 0xEF, 0xF0, 0x1F, 0xFF, 0xD0, 0x06, 0xFE, 0x40, 0x02, 0xFD, 0x3E, 0x00, 0xFF, 0xFB,
    0xE0, 0x1F, 0xEB, 0xFE, 0x02, 0xF8, 0x0F, 0xE0, 0x3F, 0x40, 0x7E, 0x03, 0xF0, 0x07, 0xE0, 0x3F,
    0x00, 0x7E, 0x03, 0xF4, 0x07, 0xE0, 0x2F, 0x80, 0xBE, 0x01, 0xFE, 0xAF, 0xF8, 0x0F, 0xFF, 0xBF,
    0xC0, 0x2F, 0xD0, 0xFC, 0x02, 0xFE, 0x40, 0x1F, 0xFF, 0xE0, 0x3F, 0xEF, 0xF0, 0x7F, 0x03, 0xF4,
    0x7E, 0x03, 0xF0, 0x7E, 0x07, 0xF0, 0x7E, 0x7F, 0x80, 0x7E, 0x7F, 0x80, 0x7E, 0x1B, 0xF4, 0x7E,
    0x01, 0xFC, 0x7E, 0x00, 0xFC, 0x7E, 0x00, 0xFC, 0x7E, 0x01, 0xFC, 0x7F, 0xAB, 0xF8, 0x7F, 0xFF,
    0xF0, 0x7F, 0xBF, 0x80, 0x7E, 0x00, 0x00, 0x7E, 0x00, 0x00, 0x7E, 0x00, 0x00, 0x7E, 0x00, 0x00,
    0x7E, 0x00, 0x00, 0xFD, 0x00, 0xFC, 0x7E, 0x00, 0xFC, 0x3F, 0x00, 0xFC, 0x3F, 0x00, 0xFC, 0x1F,
    0x81, 0xF8, 0x0F, 0xC2, 0xF4, 0x0F, 0xC3, 0xF0, 0x07, 0xD3, 0xF0, 0x03, 0xEB, 0xD0, 0x03, 0xFF,
    0x80, 0x01, 0xFF, 0x00, 0x00, 0xFD, 0x00, 0x00, 0xFC, 0x00, 0x00, 0xFC, 0x00, 0x00, 0xFC, 0x00,
    0x00, 0xFC, 0x00, 0x00, 0x54, 0x00, 0x00, 0xBF, 0xD0, 0x03, 0xFF, 0xFC, 0x0B, 0xFA, 0xFC, 0x0B,
    0xD0, 0x14, 0x07, 0xF0, 0x00, 0x03, 0xFE, 0x00, 0x00, 0xFF, 0xD0, 0x07, 0xFF, 0xF4, 0x1F, 0xC1,
    0xFC, 0x3F, 0x00, 0xBE, 0x3F, 0x00, 0x7E, 0x3F, 0x00, 0x7E, 0x3F, 0x40, 0xFE, 0x2F, 0xEB, 0xFC,
    0x0F, 0xFF, 0xF4, 0x01, 0xFF, 0x80, 0x02, 0xFF, 0x80, 0xFF, 0xFE, 0x2F, 0xEA, 0xD2, 0xF4, 0x00,
    0x1F, 0xE5, 0x00, 0x7F, 0xE0, 0x1F, 0xFE, 0x03, 0xF4, 0x00, 0x3F, 0x00, 0x03, 0xFE, 0xAE, 0x2F,
    0xFF, 0xE0, 0x6F, 0xF8, 0x2F, 0xFF, 0xF0, 0xBF, 0xFF, 0xC1, 0x55, 0xFE, 0x00, 0x07, 0xF0, 0x00,
    0x3F, 0x00, 0x03, 0xF4, 0x00, 0x2F, 0x80, 0x01, 0xFC, 0x00, 0x0F, 0xD0, 0x00, 0x7E, 0x00, 0x03,
    0xF4, 0x00, 0x0F, 0xC0, 0x00, 0x3F, 0x40, 0x00, 0xFF, 0x40, 0x01, 0xFF, 0xE4, 0x02, 0xFF, 0xF4,
    0x00, 0xBF, 0xF0, 0x00, 0x1F, 0xC0, 0x00, 0x3F, 0x00, 0x01, 0xF8, 0x00, 0x0B, 0xC0, 0x7C, 0x7F,
    0x81, 0xFB, 0xFF, 0xC7, 0xFE, 0xBF, 0x9F, 0xC0, 0x7F, 0x7F, 0x00, 0xFD, 0xF8, 0x03, 0xF7, 0xE0,
    0x0F, 0xDF, 0x80, 0x3F, 0x7E, 0x00, 0xFD, 0xF8, 0x03, 0xF7, 0xE0, 0x0F, 0xDF, 0x80, 0x3F, 0x00,
    0x00, 0xFC, 0x00, 0x03, 0xF0, 0x00, 0x0F, 0xC0, 0x00, 0x3F, 0x00, 0x00, 0xFC, 0x00, 0xBF, 0x80,
    0x07, 0xFF, 0xF0, 0x0F, 0xEB, 0xF8, 0x1F, 0x80, 0xFC, 0x2F, 0x40, 0xBD, 0x3F, 0x00, 0x7E, 0x3F,
    0x95, 0xBE, 0x3F, 0xFF, 0xFF, 0x3F, 0xFF, 0xFF, 0x3F, 0x00, 0x7E, 0x3F, 0x00, 0x7E, 0x2F, 0x40,
    0xBD, 0x1F, 0x80, 0xFC, 0x0F, 0xEB, 0xF8, 0x03, 0xFF, 0xF0, 0x00, 0xBF, 0x80, 0x7E, 0x01, 0xF8,
    0x07, 0xE0, 0x1F, 0x80, 0x7E, 0x01, 0xF8, 0x07, 0xE0, 0x1F, 0x80, 0x7F, 0x00, 0xFF, 0x92, 0xFF,
    0x82, 0xFE, 0x7E, 0x00, 0xFD, 0x7E, 0x03, 0xF4, 0x7E, 0x0B, 0xE0, 0x7E, 0x1F, 0xC0, 0x7E, 0x7F,
    0x00, 0x7F, 0xFD, 0x00, 0x7F, 0xFF, 0x00, 0x7F, 0xFF, 0x80, 0x7F, 0x0F, 0xD0, 0x7E, 0x07, 0xF0,
    0x7E, 0x02, 0xFC, 0x7E, 0x00, 0xFE, 0xBF, 0x80, 0x00, 0xBF, 0xE0, 0x00, 0x5B, 0xF4, 0x00, 0x01,
    0xFC, 0x00, 0x00, 0xFC, 0x00, 0x00, 0xFE, 0x00, 0x02, 0xFF, 0x00, 0x03, 0xFF, 0x40, 0x07, 0xEF,
    0x80, 0x0B, 0xCF, 0xC0, 0x0F, 0xCB, 0xD0, 0x1F, 0x87, 0xF0, 0x2F, 0x43, 0xF0, 0x3F, 0x02, 0xFE,
    0x7F, 0x00, 0xFF, 0xFE, 0x00, 0x7F, 0x7E, 0x00, 0xFC, 0x1F, 0x80, 0x3F, 0x07, 0xE0, 0x0F, 0xC1,
    0xF8, 0x03, 0xF0, 0x7E, 0x00, 0xFC, 0x1F, 0x80, 0x3F, 0x07, 0xE0, 0x1F, 0xC1, 0xF8, 0x07, 0xF0,
    0x7F, 0x03, 0xFC, 0x1F, 0xFA, 0xFF, 0x87, 0xFF, 0xFB, 0xF5, 0xFB, 0xF0, 0xBD, 0x7E, 0x00, 0x00,
    0x1F, 0x80, 0x00, 0x07, 0xE0, 0x00, 0x01, 0xF8, 0x00, 0x00, 0x7E, 0x00, 0x00, 0x00, 0xFD, 0x00,
    0xFC, 0x7E, 0x00, 0xFC, 0x3F, 0x00, 0xFC, 0x3F, 0x00, 0xFC, 0x1F, 0x81, 0xF8, 0x0F, 0xC2, 0xF4,
    0x0F, 0xC3, 0xF0, 0x07, 0xD3, 0xF0, 0x03, 0xEB, 0xD0, 0x03, 0xFF, 0x80, 0x01, 0xFF, 0x00, 0x00,
    0xFD, 0x00, 0x1F, 0xFF, 0xF4, 0x7F, 0xFF, 0xD0, 0x6F, 0xE9, 0x02, 0xF0, 0x00, 0x1F, 0x80, 0x00,
    0x7E, 0x00, 0x00, 0xFD, 0x00, 0x01, 0xFF, 0xFC, 0x02, 0xFF, 0xF0, 0x3F, 0xE5, 0x42, 0xF8, 0x00,
    0x0F, 0xC0, 0x00, 0x3F, 0x00, 0x00, 0xFE, 0x00, 0x01, 0xFF, 0xE0, 0x02, 0xFF, 0xF8, 0x00, 0xBF,
    0xF0, 0x00, 0x0F, 0xC0, 0x00, 0x3F, 0x00, 0x00, 0xFC, 0x00, 0x0B, 0xD0, 0x00, 0xBF, 0x80, 0x01,
    0xFF, 0xFD, 0x00, 0xFE, 0xAF, 0xC0, 0xBE, 0x02, 0xF8, 0x3F, 0x40, 0x7F, 0x0F, 0xC0, 0x0F, 0xC3,
    0xF0, 0x03, 0xF0, 0xFD, 0x01, 0xFC, 0x2F, 0x80, 0xBE, 0x03, 0xFE, 0xFF, 0x00, 0x7F, 0xFF, 0x40,
    0x02, 0xFE, 0x00, 0xBF, 0xFF, 0xFF, 0xFE, 0xFF, 0xFF, 0xFF, 0xF5, 0xBF, 0x57, 0xF9, 0x40, 0xFC,
    0x0B, 0xE0, 0x03, 0xF0, 0x2F, 0x80, 0x0F, 0xC0, 0xBE, 0x00, 0x3F, 0x02, 0xF8, 0x00, 0xFC, 0x0B,
    0xE0, 0x03, 0xF0, 0x2F, 0x80, 0x0F, 0xC0, 0x7F, 0xA0, 0x3F, 0x00, 0xFF, 0xC0, 0xFC, 0x01, 0xFE,
    0x02, 0xFE, 0x00, 0x7F, 0xFF, 0x43, 0xFE, 0xFF, 0x1F, 0xC0, 0xFD, 0xBD, 0x01, 0xFB, 0xF4, 0x07,
    0xFF, 0xD0, 0x1F, 0xFF, 0x40, 0x7E, 0xFD, 0x03, 0xFB, 0xFE, 0xBF, 0xCF, 0xFF, 0xFD, 0x3F, 0x6F,
    0xD0, 0xFD, 0x00, 0x03, 0xF4, 0x00, 0x0F, 0xD0, 0x00, 0x3F, 0x40, 0x00, 0xFD, 0x00, 0x00, 0x00,
    0xBF, 0xD0, 0x1F, 0xFF, 0xC0, 0xFF, 0xAD, 0x0B, 0xE0, 0x00, 0x3F, 0x40, 0x00, 0xFC, 0x00, 0x03,
    0xF0, 0x00, 0x0F, 0xD0, 0x00, 0x2F, 0xC0, 0x00, 0x7F, 0xF4, 0x00, 0x7F, 0xFD, 0x00, 0x2F, 0xFC,
    0x00, 0x07, 0xF0, 0x00, 0x0F, 0xC0, 0x00, 0x7E, 0x00, 0x02, 0xF0, 0x00, 0xBF, 0xFF, 0xC1, 0xFF,
    0xFF, 0xF0, 0xFF, 0xAF, 0x94, 0xBE, 0x03, 0xF0, 0x3F, 0x40, 0xBD, 0x0F, 0xC0, 0x1F, 0x83, 0xF0,
    0x07, 0xE0, 0xFD, 0x02, 0xF8, 0x2F, 0x80, 0xFD, 0x03, 0xFA, 0xFF, 0x00, 0x7F, 0xFF, 0x00, 0x02,
    0xFE, 0x00, 0xBF, 0xFF, 0xF6, 0xFF, 0xFF, 0xD1, 0x7F, 0x95, 0x00, 0xBD, 0x00, 0x02, 0xF4, 0x00,
    0x0B, 0xD0, 0x00, 0x2F, 0x40, 0x00, 0xBD, 0x00, 0x02, 0xF8, 0x00, 0x0B, 0xFA, 0x80, 0x0F, 0xFF,
    0x00, 0x0B, 0xF4, 0x7E, 0x02, 0xF4, 0x7E, 0x02, 0xF8, 0x7E, 0x01, 0xFC, 0x7E, 0x00, 0xFC, 0x7E,
    0x00, 0xFC, 0x7E, 0x00, 0xFC, 0x7E, 0x00, 0xFC, 0x7E, 0x01, 0xFC, 0x3F, 0x02, 0xF8, 0x3F, 0xEF,
    0xF0, 0x1F, 0xFF, 0xD0, 0x06, 0xFE, 0x40, 0x00, 0x03, 0xF0, 0x00, 0x00, 0x00, 0xFC, 0x00, 0x00,
    0x00, 0x3F, 0x00, 0x00, 0x00, 0x0F, 0xC0, 0x00, 0x00, 0xBF, 0xFF, 0x40, 0x01, 0xFF, 0xFF, 0xFC,
    0x00, 0xFF, 0x7F, 0xBF, 0xC0, 0xBF, 0x0F, 0xC3, 0xF8, 0x3F, 0x43, 0xF0, 0x7F, 0x0F, 0xC0, 0xFC,
    0x0F, 0xC3, 0xF0, 0x3F, 0x03, 0xF0, 0xFD, 0x0F, 0xC1, 0xFC, 0x1F, 0xC3, 0xF0, 0xFD, 0x03, 0xFE,
    0xFE, 0xFF, 0x00, 0x3F, 0xFF, 0xFF, 0x00, 0x01, 0xBF, 0xF9, 0x00, 0x00, 0x03, 0xF0, 0x00, 0x00,
    0x00, 0xFC, 0x00, 0x00, 0x00, 0x3F, 0x00, 0x00, 0x00, 0x0F, 0xC0, 0x00, 0x00, 0x03, 0xF0, 0x00,
    0x00, 0xBE, 0x00, 0x1F, 0xCF, 0xF8, 0x03, 0xF0, 0xBF, 0xC0, 0x7E, 0x00, 0xBE, 0x0F, 0xC0, 0x03,
    0xF1, 0xF8, 0x00, 0x1F, 0xBF, 0x00, 0x00, 0xFF, 0xE0, 0x00, 0x0B, 0xFC, 0x00, 0x00, 0x3F, 0x40,
    0x00, 0x07, 0xF8, 0x00, 0x00, 0xFF, 0xC0, 0x00, 0x2F, 0xFE, 0x00, 0x03, 0xF3, 0xF0, 0x00, 0xBD,
    0x2F, 0x80, 0x1F, 0x80, 0xFF, 0x83, 0xF0, 0x07, 0xFC, 0x7E, 0x00, 0x2F, 0xC0, 0x00, 0x0F, 0xC0,
    0x00, 0x00, 0x0F, 0xC0, 0x00, 0x00, 0x0F, 0xC0, 0x00, 0x00, 0x0F, 0xC0, 0x00, 0xBD, 0x0F, 0xC3,
    0xF4, 0xBD, 0x0F, 0xC2, 0xF8, 0xBD, 0x0F, 0xC1, 0xF8, 0xBD, 0x0F, 0xC0, 0xFC, 0xBD, 0x0F, 0xC0,
    0xFC, 0xBD, 0x0F, 0xC0, 0xFC, 0xBE, 0x0F, 0xC0, 0xFC, 0x7E, 0x0F, 0xC1, 0xFC, 0x3F, 0x0F, 0xC3,
    0xF8, 0x3F, 0xEF, 0xEF, 0xF0, 0x0F, 0xFF, 0xFF, 0xD0, 0x02, 0xFF, 0xFE, 0x00, 0x00, 0x0F, 0xC0,
    0x00, 0x00, 0x0F, 0xC0, 0x00, 0x00, 0x0F, 0xC0, 0x00, 0x00, 0x0F, 0xC0, 0x00, 0x00, 0x0F, 0xC0,
    0x00, 0x1F, 0x80, 0x01, 0xF4, 0x3F, 0x00, 0x00, 0xFC, 0x7E, 0x00, 0x00, 0x7D, 0xBD, 0x00, 0x00,
    0x3E, 0xBC, 0x07, 0xD0, 0x3F, 0xFC, 0x07, 0xD0, 0x3F, 0xFC, 0x07, 0xD0, 0x3F, 0xBC, 0x07, 0xD0,
    0x3F, 0xBE, 0x0B, 0xE0, 0x7E, 0x3F, 0xAF, 0xFA, 0xFC, 0x2F, 0xFE, 0x7F, 0xF8, 0x07, 0xF8, 0x2F,
    0xD0, 0x14, 0x04, 0x1F, 0x4F, 0xC3, 0xC2, 0xE0, 0x00, 0x00, 0x07, 0xE0, 0x01, 0xF8, 0x00, 0x7E,
    0x00, 0x1F, 0x80, 0x07, 0xE0, 0x01, 0xF8, 0x00, 0x7E, 0x00, 0x1F, 0x80, 0x07, 0xF0, 0x00, 0xFF,
    0x90, 0x2F, 0xF8, 0x02, 0xFE, 0x05, 0x01, 0x00, 0x0F, 0x8B, 0xC0, 0x0F, 0x47, 0xC0, 0x00, 0x00,
    0x00, 0x7E, 0x02, 0xF4, 0x7E, 0x02, 0xF8, 0x7E, 0x01, 0xFC, 0x7E, 0x00, 0xFC, 0x7E, 0x00, 0xFC,
    0x7E, 0x00, 0xFC, 0x7E, 0x00, 0xFC, 0x7E, 0x01, 0xFC, 0x3F, 0x02, 0xF8, 0x3F, 0xEF, 0xF0, 0x1F,
    0xFF, 0xD0, 0x06, 0xFE, 0x40, 0x00, 0x07, 0xF0, 0x00, 0x02, 0xF4, 0x00, 0x00, 0xF8, 0x00, 0x00,
    0x3C, 0x00, 0x00, 0x00, 0x00, 0x00, 0x2F, 0xE0, 0x00, 0x7F, 0xFF, 0x40, 0x3F, 0xAB, 0xF0, 0x2F,
    0x80, 0xBE, 0x0F, 0xD0, 0x1F, 0xC3, 0xF0, 0x03, 0xF0, 0xFC, 0x00, 0xFC, 0x3F, 0x40, 0x7F, 0x0B,
    0xE0, 0x2F, 0x80, 0xFF, 0xBF, 0xC0, 0x1F, 0xFF, 0xD0, 0x00, 0xBF, 0x80, 0x00, 0x00, 0x2F, 0xC0,
    0x00, 0x3F, 0x00, 0x00, 0x3E, 0x00, 0x00, 0x7C, 0x00, 0x00, 0x00, 0x00, 0x7E, 0x02, 0xF4, 0x7E,
    0x02, 0xF8, 0x7E, 0x01, 0xFC, 0x7E, 0x00, 0xFC, 0x7E, 0x00, 0xFC, 0x7E, 0x00, 0xFC, 0x7E, 0x00,
    0xFC, 0x7E, 0x01, 0xFC, 0x3F, 0x02, 0xF8, 0x3F, 0xEF, 0xF0, 0x1F, 0xFF, 0xD0, 0x06, 0xFE, 0x40,
    0x00, 0x00, 0xFE, 0x00, 0x00, 0x00, 0xFC, 0x00, 0x00, 0x01, 0xF4, 0x00, 0x00, 0x02, 0xE0, 0x00,
    0x00, 0x00, 0x00, 0x00, 0x1F, 0x80, 0x01, 0xF4, 0x3F, 0x00, 0x00, 0xFC, 0x7E, 0x00, 0x00, 0x7D,
    0xBD, 0x00, 0x00, 0x3E, 0xBC, 0x07, 0xD0, 0x3F, 0xFC, 0x07, 0xD0, 0x3F, 0xFC, 0x07, 0xD0, 0x3F,
    0xBC, 0x07, 0xD0, 0x3F, 0xBE, 0x0B, 0xE0, 0x7E, 0x3F, 0xAF, 0xFA, 0xFC, 0x2F, 0xFE, 0x7F, 0xF8,
    0x07, 0xF8, 0x2F, 0xD0, 0x3F, 0x00, 0x3F, 0x4F, 0xC0, 0x3F, 0x83, 0xF0, 0x2F, 0xC0, 0xFC, 0x1F,
    0xC0, 0x3F, 0x1F, 0xD0, 0x0F, 0xCF, 0xD0, 0x03, 0xFB, 0xF0, 0x00, 0xFF, 0xFC, 0x00, 0x3F, 0xFF,
    0x80, 0x0F, 0xD7, 0xF4, 0x03, 0xF0, 0xBF, 0x00, 0xFC, 0x0F, 0xE0, 0x3F, 0x01, 0xFC, 0x0F, 0xC0,
    0x3F, 0xC3, 0xF0, 0x03, 0xF4, 0x00, 0x00, 0xFE, 0x00, 0x00, 0xBF, 0x4F, 0xAA, 0xFF, 0x83, 0xFF,
    0xFF, 0x80, 0x6F, 0xFE, 0x00, 0x00, 0x7F, 0xD0, 0x03, 0xFF, 0xF0, 0x0F, 0xFA, 0xF8, 0x1F, 0xFF,
    0xF4, 0x3F, 0xFF, 0xE0, 0x3F, 0x05, 0x00, 0x3F, 0x2F, 0xD0, 0x7F, 0xFF, 0xF8, 0x7F, 0xEB, 0xFD,
    0x7F, 0x00, 0xFE, 0x3F, 0x00, 0x7E, 0x3F, 0x00, 0xBE, 0x3F, 0x40, 0xFD, 0x1F, 0xEB, 0xFC, 0x0B,
    0xFF, 0xF4, 0x01, 0xFF, 0x80, 0x00, 0x2F, 0xE0, 0x00, 0x07, 0xFF, 0xF4, 0x00, 0x3F, 0xEF, 0xF0,
    0x00, 0xFC, 0x0B, 0xE0, 0x02, 0xF8, 0x0F, 0xC0, 0x07, 0xFE, 0xBF, 0x90, 0x07, 0xFF, 0xFF, 0x86,
    0x92, 0xFF, 0xFE, 0x7F, 0xD0, 0x0F, 0xD0, 0xFF, 0x40, 0x3F, 0x40, 0x7D, 0x00, 0xFC, 0x01, 0xF4,
    0x03, 0xF0, 0x07, 0xD0, 0x2F, 0x80, 0x1F, 0xEB, 0xFC, 0x00, 0x3F, 0xFF, 0xD0, 0x00, 0x2F, 0xF8,
    0x00, 0xBE, 0x00, 0x0F, 0xC3, 0xF0, 0x03, 0xFC, 0x2F, 0x80, 0xBF, 0x40, 0xFC, 0x0F, 0xC0, 0x0B,
    0xE2, 0xF8, 0x00, 0x3F, 0x3F, 0x00, 0x02, 0xFF, 0xE0, 0x00, 0x0F, 0xFC, 0x00, 0x00, 0xBF, 0x40,
    0x00, 0x03, 0xF0, 0x00, 0x00, 0x3F, 0x00, 0x00, 0x03, 0xF0, 0x00, 0x00, 0x3F, 0x00, 0x00, 0x03,
    0xF0, 0x00, 0x00, 0x3F, 0x00, 0x00, 0x3F, 0x40, 0x00, 0x00, 0x00, 0xFC, 0x3F, 0x40, 0x07, 0xE7,
    0xC0, 0xBF, 0x00, 0x7F, 0xED, 0x00, 0xFD, 0x03, 0xF9, 0x00, 0x02, 0xFC, 0x1F, 0xC0, 0x00, 0x03,
    0xF4, 0xFC, 0x00, 0x00, 0x07, 0xE7, 0xE0, 0x00, 0x00, 0x0F, 0xFF, 0x00, 0x00, 0x00, 0x1F, 0xF8,
    0x00, 0x00, 0x00, 0x3F, 0xC0, 0x00, 0x00, 0x00, 0x7F, 0x00, 0x00, 0x00, 0x01, 0xFC, 0x00, 0x00,
    0x00, 0x07, 0xF0, 0x00, 0x00, 0x00, 0x1F, 0xC0, 0x00, 0x00, 0x00, 0x7F, 0x00, 0x00, 0x00, 0x01,
    0xFC, 0x00, 0x00, 0x40, 0x50, 0x00, 0x3E, 0x2F, 0x00, 0x02, 0xD1, 0xF0, 0x00, 0x00, 0x00, 0x00,
    0x00, 0x00, 0x00, 0x0B, 0xE0, 0x00, 0xFC, 0x3F, 0x00, 0x3F, 0xC2, 0xF8, 0x0B, 0xF4, 0x0F, 0xC0,
    0xFC, 0x00, 0xBE, 0x2F, 0x80, 0x03, 0xF3, 0xF0, 0x00, 0x2F, 0xFE, 0x00, 0x00, 0xFF, 0xC0, 0x00,
    0x0B, 0xF4, 0x00, 0x00, 0x3F, 0x00, 0x00, 0x03, 0xF0, 0x00, 0x00, 0x3F, 0x00, 0x00, 0x03, 0xF0,
    0x00, 0x00, 0x3F, 0x00, 0x00, 0x03, 0xF0, 0x00, 0x00, 0x03, 0xF0, 0x00, 0x00, 0x00, 0xFC, 0x00,
    0x00, 0x00, 0x3F, 0x00, 0x00, 0x00, 0x0F, 0xC0, 0x00, 0x00, 0xBF, 0xFF, 0x40, 0x01, 0xFF, 0xFF,
    0xFC, 0x00, 0xFF, 0x7F, 0xBF, 0xC0, 0xBF, 0x0F, 0xC3, 0xF8, 0x3F, 0x43, 0xF0, 0x7F, 0x0F, 0xC0,
    0xFC, 0x0F, 0xC3, 0xF0, 0x3F, 0x03, 0xF0, 0xFD, 0x0F, 0xC1, 0xFC, 0x1F, 0xC3, 0xF0, 0xFD, 0x03,
    0xFE, 0xFE, 0xFF, 0x00, 0x3F, 0xFF, 0xFF, 0x00, 0x01, 0xBF, 0xF9, 0x00, 0x00, 0x03, 0xF0, 0x00,
    0x00, 0x00, 0xFC, 0x00, 0x00, 0x00, 0x3F, 0x00, 0x00, 0x00, 0x0F, 0xC0, 0x00, 0x00, 0x03, 0xF0,
    0x00, 0x00, 0x7F, 0xFF, 0xFF, 0xFF, 0xFF, 0x5F, 0xFF, 0xFF, 0xFF, 0xFF, 0xD1, 0x7F, 0x55, 0x55,
    0x7F, 0x50, 0x0F, 0xC0, 0x00, 0x0B, 0xC0, 0x03, 0xE0, 0x2E, 0x02, 0xF4, 0x01, 0xF8, 0x0F, 0xC0,
    0x7D, 0x00, 0x7E, 0x03, 0xF0, 0x1F, 0x40, 0x0F, 0x80, 0xFC, 0x0B, 0xD0, 0x03, 0xF0, 0x3F, 0x03,
    0xF0, 0x00, 0xBF, 0xBF, 0xFB, 0xF8, 0x00, 0x0F, 0xFF, 0x3F, 0xFC, 0x00, 0x00, 0xBF, 0x02, 0xF8,
    0x00, 0x7E, 0x00, 0xFD, 0x7E, 0x03, 0xF4, 0x7E, 0x0B, 0xE0, 0x7E, 0x1F, 0xC0, 0x7E, 0x7F, 0x00,
    0x7F, 0xFD, 0x00, 0x7F, 0xFF, 0x00, 0x7F, 0xFF, 0x80, 0x7F, 0x0F, 0xD0, 0x7E, 0x07, 0xF0, 0x7E,
    0x02, 0xFC, 0x7E, 0x00, 0xFE, 0x00, 0x00, 0xFF, 0x10, 0x02, 0xFD, 0x3F, 0xFF, 0xF8, 0x3F, 0xFF,
    0xD0, 0x01, 0x54, 0x00, 0x01, 0xBF, 0xF4, 0x00, 0x2F, 0xFF, 0xFD, 0x03, 0xFF, 0x9B, 0xFD, 0x1F,
    0xD0, 0x03, 0xFC, 0xBE, 0x00, 0x07, 0xF3, 0xF8, 0x00, 0x0F, 0xDF, 0xE0, 0x00, 0x3F, 0x6F, 0xC0,
    0x02, 0xFC, 0x7F, 0xD0, 0x2F, 0xF0, 0xFF, 0xFF, 0xFF, 0x40, 0xFF, 0xFF, 0xF4, 0x00, 0x6F, 0xFE,
    0x00, 0x00, 0x1F, 0xC0, 0x00, 0x00, 0x7F, 0x00, 0x00, 0x01, 0xFC, 0x00, 0x00, 0x00, 0xBF, 0x80,
    0x01, 0xFF, 0xFD, 0x00, 0xFF, 0xBF, 0xC0, 0xBE, 0x02, 0xF8, 0x3F, 0x40, 0x7F, 0x0F, 0xC0, 0x0F,
    0xC3, 0xF0, 0x03, 0xF0, 0xFD, 0x01, 0xFC, 0x2F, 0x80, 0xBE, 0x07, 0xF4, 0x7F, 0x40, 0xBF, 0xFF,
    0x80, 0x0B, 0xFF, 0x80, 0x00, 0x3F, 0x00, 0x00, 0x0F, 0xC0, 0x00, 0x03, 0xF0, 0x00, 0x00, 0xFC,
    0x00, 0x00, 0x3F, 0x00, 0x00, 0x01, 0xBF, 0xE4, 0x0B, 0xFF, 0xFD, 0x2F, 0xFA, 0xBC, 0x7F, 0x40,
    0x00, 0xBE, 0x00, 0x00, 0xFD, 0x00, 0x00, 0xFE, 0x00, 0x00, 0xBF, 0x00, 0x00, 0x7F, 0xD0, 0x00,
    0x3F, 0xFF, 0x80, 0x0B, 0xFF, 0x80, 0x01, 0xBF, 0x80, 0x00, 0x2F, 0x80, 0x00, 0x2F, 0x80, 0x00,
    0x2F, 0x80, 0x00, 0xBF, 0xD0, 0x1F, 0xFF, 0xC0, 0xFF, 0xAD, 0x0B, 0xE0, 0x00, 0x3F, 0x40, 0x00,
    0xFC, 0x00, 0x03, 0xF0, 0x00, 0x0F, 0xD0, 0x00, 0x2F, 0xC0, 0x00, 0x7F, 0xE4, 0x00, 0x7F, 0xFC,
    0x00, 0x2F, 0xF8, 0x00, 0x07, 0xF0, 0x00, 0x1F, 0xC0, 0x3F, 0xFE, 0x00, 0xFF, 0xE0, 0x00, 0x54,
    0x00, 0x3F, 0xFF, 0xD3, 0xFF, 0xFD, 0x3F, 0x55, 0x43, 0xF0, 0x00, 0x3F, 0x00, 0x03, 0xF0, 0x00,
    0x3F, 0x55, 0x43, 0xFF, 0xFC, 0x3F, 0xFF, 0xC3, 0xF0, 0xBC, 0x3F, 0x0B, 0xC3, 0xF0, 0x14, 0x3F,
    0x00, 0x03, 0xF0, 0x00, 0x3F, 0x00, 0x00, 0x3F, 0xFF, 0xD3, 0xFF, 0xFD, 0x3F, 0x55, 0x43, 0xF0,
    0x00, 0x3F, 0x00, 0x03, 0xF0, 0x00, 0x3F, 0xFF, 0xC3, 0xFF, 0xFC, 0x3F, 0x5F, 0xC3, 0xF0, 0xBC,
    0x3F, 0x0B, 0xC3, 0xF0, 0x00, 0x3F, 0x00, 0x03, 0xF0, 0x00, 0x3F, 0x00, 0x03, 0xF0, 0x00, 0x3F,
    0x00, 0x00, 0x3F, 0x80, 0x00, 0x3F, 0xF0, 0x00, 0x1B, 0xF0, 0x00, 0x03, 0xF0, 0x00, 0x07, 0xE0,
    0x00, 0x0B, 0xE5, 0x54, 0x0F, 0xFF, 0xF8, 0x1F, 0xFF, 0xF4, 0x00, 0x03, 0xF0, 0x00, 0x03, 0xF0,
    0x00, 0x07, 0xE0, 0x00, 0x0B, 0xD0, 0x00, 0x0B, 0xE8, 0x00, 0x07, 0xFC, 0x00, 0x02, 0xFC, 0x1F,
    0xD0, 0x00, 0x7F, 0xC0, 0x00, 0xBF, 0x40, 0x00, 0xBC, 0x00, 0x03, 0xF0, 0x00, 0x0F, 0x80, 0x00,
    0xBC, 0x00, 0x03, 0xF0, 0x00, 0x1F, 0x46, 0xB4, 0xFF, 0xFF, 0xD3, 0xFF, 0xFF, 0x0F, 0x94, 0xFC,
    0x00, 0x07, 0xD0, 0x00, 0x3F, 0x00, 0x00, 0xF8, 0x00, 0x0B, 0xD0, 0x00, 0x3F, 0x00, 0x00, 0xFC,
    0x00, 0x07, 0xF9, 0x00, 0x0F, 0xFC, 0x00, 0x1F, 0xF0, 0x0B, 0xFE, 0x40, 0x0F, 0xFF, 0xF8, 0x02,
    0xEA, 0xFF, 0x80, 0x00, 0x2F, 0xF0, 0x00, 0x7F, 0xFE, 0x00, 0xBE, 0x1F, 0xC0, 0x1C, 0x07, 0xF0,
    0x00, 0x0F, 0xFC, 0x00, 0x2F, 0xBF, 0x00, 0x0B, 0x4F, 0xC0, 0x00, 0x03, 0xF0, 0x00, 0x01, 0xFC,
    0x00, 0x00, 0xBE, 0x00, 0x00, 0x3F, 0x40, 0x00, 0x0F, 0xC0, 0x50, 0x00, 0x00, 0xBF, 0x40, 0x00,
    0xFF, 0xE0, 0x00, 0x2F, 0xFC, 0x00, 0x01, 0xFF, 0x00, 0x00, 0x3F, 0xC0, 0x00, 0x1F, 0xE0, 0x02,
    0xFF, 0xF0, 0x03, 0xF7, 0xF8, 0x01, 0x01, 0xFC, 0x00, 0x01, 0xFC, 0x00, 0x2F, 0xFD, 0x00, 0xFF,
    0xFD, 0x00, 0x90, 0xBE, 0x00, 0x00, 0xBE, 0x00, 0x00, 0xBD, 0x00, 0x00, 0xBD, 0x00, 0x00, 0xFD,
    0x00, 0x00, 0xFC, 0x00, 0x01, 0xFC, 0x00, 0x02, 0xF8, 0x00, 0x03, 0xF0, 0xBE, 0x00, 0x0F, 0xCB,
    0xFC, 0x03, 0xF4, 0x1F, 0xC0, 0xBF, 0x00, 0x7D, 0x1F, 0xE0, 0x03, 0xD3, 0xFD, 0x00, 0x3E, 0xFF,
    0xC0, 0x07, 0xFF, 0xBC, 0x00, 0x7F, 0xDB, 0xC0, 0x0B, 0xF8, 0xBC, 0x00, 0xFF, 0x07, 0xF5, 0x0F,
    0xC0, 0x3F, 0xE2, 0xF4, 0x00, 0xBE, 0x02, 0xFE, 0x00, 0x3F, 0xFF, 0x43, 0xFE, 0xFF, 0x1F, 0xC0,
    0xFE, 0xBE, 0x01, 0xFE, 0xF4, 0x07, 0xFB, 0xD0, 0x1F, 0xEF, 0x40, 0x7F, 0xBE, 0x02, 0xFA, 0xFF,
    0xAF, 0xCB, 0xFF, 0xFD, 0x2F, 0xAF, 0xD0, 0x7E, 0x00, 0x00, 0xFF, 0xFE, 0x01, 0xFF, 0xFD, 0x00,
    0x6B, 0xF8, 0x00, 0x07, 0xE0, 0x00, 0xBF, 0xD0, 0x1F, 0xFF, 0xC0, 0xFF, 0xAE, 0x0B, 0xF0, 0x00,
    0x3F, 0x40, 0x00, 0xFC, 0x00, 0x03, 0xF0, 0x00, 0x0F, 0xD0, 0x00, 0x2F, 0xC0, 0x00, 0x7F, 0xEB,
    0xC0, 0xBF, 0xFF, 0x00, 0x6F, 0xE4, 0x00, 0xF4, 0x0B, 0xF0, 0x0F, 0x40, 0x00, 0x01, 0xF8, 0x07,
    0xE0, 0x1F, 0x80, 0x7E, 0x01, 0xF8, 0x07, 0xE0, 0x1F, 0x80, 0x7E, 0x01, 0xF8, 0x07, 0xE0, 0x1F,
    0x80, 0x7E, 0x01, 0xF8, 0x0B, 0xE2, 0xBF, 0x4F, 0xFC, 0x3F, 0x80, 0x00, 0xBF, 0xE4, 0x00, 0x1F,
    0xFF, 0xFC, 0x01, 0xFF, 0x9B, 0xFC, 0x0F, 0xD0, 0x03, 0xF4, 0x7E, 0x00, 0x03, 0xF2, 0xF9, 0x55,
    0x5F, 0xCF, 0xFF, 0xFF, 0xFF, 0x3F, 0xFF, 0xFF, 0xFD, 0xFD, 0x00, 0x03, 0xF2, 0xF8, 0x00, 0x0F,
    0xC7, 0xF0, 0x00, 0x7F, 0x0F, 0xE0, 0x03, 0xF4, 0x1F, 0xF9, 0xBF, 0xC0, 0x1F, 0xFF, 0xFC, 0x00,
    0x0B, 0xFE, 0x40, 0x00, 0x00, 0xBF, 0xD0, 0x1F, 0xFF, 0xC0, 0xFE, 0xAE, 0x0B, 0xE0, 0x00, 0x3F,
    0x95, 0x40, 0xFF, 0xFE, 0x03, 0xFF, 0xF8, 0x0F, 0xD0, 0x00, 0x2F, 0x80, 0x00, 0x7F, 0xEA, 0xC0,
    0xBF, 0xFF, 0x00, 0x6F, 0xF4, 0x1B, 0xF8, 0x03, 0xFF, 0xF4, 0x2E, 0xBF, 0xC0, 0x00, 0xFD, 0x05,
    0x5F, 0xE0, 0xFF, 0xFE, 0x0F, 0xFF, 0xE0, 0x00, 0xBE, 0x00, 0x0F, 0xD7, 0xAB, 0xFC, 0x7F, 0xFF,
    0x42, 0xFF, 0x80, 0x3F, 0x00, 0x00, 0x3F, 0x00, 0x00, 0x3F, 0xFF, 0x80, 0x3F, 0xFF, 0xF0, 0x3F,
    0x6B, 0xF8, 0x3F, 0x01, 0xFC, 0x3F, 0x00, 0xFC, 0x3F, 0x00, 0xFC, 0x3F, 0x01, 0xFC, 0x3F, 0x6B,
    0xF8, 0x3F, 0xFF, 0xF0, 0x3F, 0xFF, 0x40, 0x3F, 0x00, 0x00, 0x3F, 0x00, 0x00, 0x3F, 0x00, 0x00,
    0x7E, 0x00, 0x00, 0x7E, 0x00, 0x00, 0x7E, 0x00, 0x00, 0x7E, 0x00, 0x00, 0x7E, 0x3F, 0x80, 0x7F,
    0xFF, 0xF0, 0x7F, 0xEB, 0xF8, 0x7F, 0x02, 0xFC, 0x7F, 0x00, 0xFC, 0x7E, 0x00, 0xFC, 0x7E, 0x00,
    0xFC, 0x7F, 0x00, 0xFC, 0x7F, 0x02, 0xFC, 0x7F, 0xEB, 0xF4, 0x7F, 0xFF, 0xF0, 0x7E, 0x7F, 0x80,
    0x7E, 0x00, 0x00, 0x7E, 0x00, 0x00, 0x7E, 0x00, 0x00, 0x7E, 0x00, 0x00, 0x7E, 0x00, 0x00, 0x00,
    0x7F, 0xF8, 0x07, 0xFF, 0xFD, 0x1F, 0xF9, 0xBC, 0x3F, 0xC0, 0x00, 0x7F, 0x00, 0x00, 0xBE, 0x00,
    0x00, 0xFE, 0x00, 0x00, 0xFD, 0x00, 0x00, 0xFD, 0x00, 0x00, 0xBE, 0x00, 0x00, 0x7F, 0x00, 0x00,
    0x3F, 0x80, 0x00, 0x1F, 0xF9, 0xBC, 0x0B, 0xFF, 0xFC, 0x00, 0xBF, 0xE4, 0x3F, 0xC0, 0x00, 0x7F,
    0xCF, 0xF8, 0x00, 0x3F, 0xF3, 0xFF, 0x00, 0x2F, 0xFC, 0xFB, 0xE0, 0x0F, 0xBF, 0x3E, 0xBC, 0x0B,
    0xCF, 0xCF, 0x8F, 0xC7, 0xD3, 0xF3, 0xE2, 0xF7, 0xF0, 0xFC, 0xF8, 0x3F, 0xF4, 0x3F, 0x3E, 0x07,
    0xFC, 0x0F, 0xCF, 0x80, 0xFC, 0x03, 0xF3, 0xE0, 0x00, 0x00, 0xFC, 0xF8, 0x00, 0x00, 0x3F, 0x3E,
    0x00, 0x00, 0x0F, 0xCF, 0x80, 0x00, 0x03, 0xF3, 0xE0, 0x00, 0x00, 0xFC, 0x7F, 0xC0, 0x0F, 0xF9,
    0xFF, 0x80, 0xBF, 0xE7, 0xFF, 0x43, 0xFF, 0x9F, 0xBF, 0x2F, 0xBE, 0x7E, 0x7E, 0xF9, 0xF9, 0xF8,
    0xFF, 0xC7, 0xE7, 0xE1, 0xFD, 0x1F, 0x9F, 0x82, 0xE0, 0x7E, 0x7E, 0x00, 0x01, 0xF9, 0xF8, 0x00,
    0x07, 0xE7, 0xE0, 0x00, 0x1F, 0x9F, 0x80, 0x00, 0x7E, 0x7E, 0x00, 0x00, 0x01, 0xF8, 0x00, 0x00,
    0x07, 0xE0, 0x00, 0x00, 0x1F, 0x80, 0x00, 0x00, 0x7E, 0x00, 0x00, 0x00, 0x00, 0x2F, 0xE0, 0x00,
    0x7F, 0xFF, 0x40, 0x3F, 0xEF, 0xF0, 0x1F, 0xC0, 0xFD, 0x0B, 0xD0, 0x1F, 0x83, 0xF4, 0x07, 0xF0,
    0xFD, 0x01, 0xFC, 0x3F, 0x40, 0x7E, 0x0F, 0xD0, 0x3F, 0x83, 0xFE, 0xBF, 0xC0, 0xFF, 0xFF, 0xD0,
    0x3F, 0x6F, 0xD0, 0x0F, 0xD0, 0x00, 0x07, 0xF9, 0x50, 0x03, 0xFF, 0xFC, 0x00, 0xFF, 0xFF, 0x00,
    0x0F, 0xD0, 0x00, 0x00, 0x1B, 0xFE, 0x40, 0x0F, 0xFF, 0xFC, 0x02, 0xEA, 0xBF, 0xC0, 0x00, 0x07,
    0xF4, 0x00, 0x00, 0xBF, 0x00, 0x00, 0x1F, 0xC0, 0x00, 0x03, 0xF0, 0x00, 0x00, 0xFC, 0x00, 0x00,
    0x3F, 0x00, 0x00, 0x1F, 0xC0, 0x00, 0x0B, 0xE0, 0x00, 0x07, 0xF4, 0x3E, 0xAF, 0xF8, 0x0F, 0xFF,
    0xF8, 0x01, 0xBF, 0xE0, 0x00, 0x00, 0x7F, 0xF8, 0x07, 0xFF, 0xFD, 0x1F, 0xF9, 0xBC, 0x3F, 0xC0,
    0x00, 0x7F, 0x00, 0x00, 0xBE, 0x00, 0x00, 0xFE, 0x07, 0xD0, 0xFD, 0x0F, 0xE0, 0xFD, 0x07, 0xD0,
    0xBE, 0x00, 0x00, 0x7F, 0x00, 0x00, 0x3F, 0x80, 0x00, 0x1F, 0xF9, 0xBC, 0x0B, 0xFF, 0xFC, 0x00,
    0xBF, 0xE4, 0x1B, 0xFE, 0x40, 0x0F, 0xFF, 0xFC, 0x02, 0xEA, 0xBF, 0xC0, 0x00, 0x07, 0xF4, 0x00,
    0x00, 0xBF, 0x00, 0x00, 0x1F, 0xC0, 0x2F, 0x03, 0xF0, 0x0F, 0xE0, 0xFC, 0x02, 0xF0, 0x3F, 0x00,
    0x00, 0x1F, 0xC0, 0x00, 0x0B, 0xE0, 0x00, 0x07, 0xF4, 0x3E, 0xAF, 0xF8, 0x0F, 0xFF, 0xF8, 0x01,
    0xBF, 0xE0, 0x00, 0x0A, 0x80, 0x00, 0xBE, 0x00, 0x02, 0xF4, 0x00, 0x07, 0xC0, 0x00, 0x00, 0x00,
    0x00, 0x00, 0x3F, 0xFF, 0xE3, 0xFF, 0xFE, 0x3F, 0x55, 0x43, 0xF0, 0x00, 0x3F, 0x00, 0x03, 0xF0,
    0x00, 0x3F, 0xFF, 0xC3, 0xFF, 0xFC, 0x3F, 0x55, 0x43, 0xF0, 0x00, 0x3F, 0x00, 0x03, 0xF0, 0x00,
    0x3F, 0x55, 0x43, 0xFF, 0xFE, 0x3F, 0xFF, 0xE0, 0x0F, 0x0B, 0x41, 0xF4, 0xFC, 0x0F, 0x0B, 0x40,
    0x00, 0x00, 0x00, 0x00, 0x03, 0xFF, 0xFE, 0x3F, 0xFF, 0xE3, 0xF5, 0x54, 0x3F, 0x00, 0x03, 0xF0,
    0x00, 0x3F, 0x00, 0x03, 0xFF, 0xFC, 0x3F, 0xFF, 0xC3, 0xF5, 0x54, 0x3F, 0x00, 0x03, 0xF0, 0x00,
    0x3F, 0x00, 0x03, 0xF5, 0x54, 0x3F, 0xFF, 0xE3, 0xFF, 0xFE, 0xBF, 0xFF, 0xFE, 0x00, 0xBF, 0xFF,
    0xFE, 0x00, 0x55, 0xFD, 0x54, 0x00, 0x00, 0xFC, 0x00, 0x00, 0x00, 0xFC, 0x00, 0x00, 0x00, 0xFC,
    0x55, 0x00, 0x00, 0xFF, 0xFF, 0xD0, 0x00, 0xFF, 0xFF, 0xF0, 0x00, 0xFD, 0x03, 0xF8, 0x00, 0xFC,
    0x01, 0xFC, 0x00, 0xFC, 0x00, 0xFC, 0x00, 0xFC, 0x01, 0xFC, 0x00, 0xFC, 0x1B, 0xF8, 0x00, 0xFC,
    0x7F, 0xF0, 0x00, 0xFC, 0x7F, 0x80, 0x00, 0x06, 0x90, 0x00, 0x7F, 0x00, 0x03, 0xF0, 0x00, 0x2E,
    0x00, 0x00, 0x00, 0x00, 0x00, 0x00, 0x03, 0xFF, 0xFF, 0x0F, 0xFF, 0xFC, 0x3F, 0x55, 0x50, 0xFC,
    0x00, 0x03, 0xF0, 0x00, 0x0F, 0xC0, 0x00, 0x3F, 0x00, 0x00, 0xFC, 0x00, 0x03, 0xF0, 0x00, 0x0F,
    0xC0, 0x00, 0x3F, 0x00, 0x00, 0xFC, 0x00, 0x03, 0xF0, 0x00, 0x0F, 0xC0, 0x00, 0x3F, 0x00, 0x00,
    0x00, 0xBF, 0xF4, 0x07, 0xFF, 0xFE, 0x1F, 0xF9, 0xBC, 0x3F, 0x80, 0x00, 0x7F, 0x00, 0x00, 0xBF,
    0x55, 0x50, 0xFF, 0xFF, 0xF0, 0xFF, 0xFF, 0xF0, 0xFD, 0x00, 0x00, 0xBE, 0x00, 0x00, 0x7F, 0x00,
    0x00, 0x3F, 0x80, 0x00, 0x2F, 0xF9, 0xAD, 0x0B, 0xFF, 0xFD, 0x00, 0xBF, 0xF4, 0x02, 0xFF, 0x90,
    0x3F, 0xFF, 0xD2, 0xFE, 0xAF, 0x0F, 0xC0, 0x00, 0x3F, 0x40, 0x00, 0xBF, 0x40, 0x00, 0xFF, 0xD0,
    0x01, 0xFF, 0xF0, 0x00, 0xBF, 0xF0, 0x00, 0x2F, 0xD0, 0x00, 0x2F, 0x84, 0x00, 0xBD, 0x3E, 0x5B,
    0xF0, 0xFF, 0xFF, 0x41, 0xBF, 0xE0, 0x00, 0x3F, 0x3F, 0x3F, 0x3F, 0x3F, 0x3F, 0x3F, 0x3F, 0x3F,
    0x3F, 0x3F, 0x3F, 0x3F, 0x3F, 0x3F, 0x78, 0xF2, 0xF3, 0xD7, 0x8F, 0x00, 0x00, 0x00, 0x00, 0x3F,
    0x00, 0xFC, 0x03, 0xF0, 0x0F, 0xC0, 0x3F, 0x00, 0xFC, 0x03, 0xF0, 0x0F, 0xC0, 0x3F, 0x00, 0xFC,
    0x03, 0xF0, 0x0F, 0xC0, 0x3F, 0x00, 0xFC, 0x03, 0xF0, 0x00, 0xFC, 0x00, 0xFC, 0x00, 0xFC, 0x00,
    0xFC, 0x00, 0xFC, 0x00, 0xFC, 0x00, 0xFC, 0x00, 0xFC, 0x00, 0xFC, 0x00, 0xFC, 0x00, 0xFC, 0x00,
    0xFC, 0x00, 0xFC, 0x00, 0xFC, 0x00, 0xFC, 0x00, 0xFC, 0x01, 0xFC, 0x6B, 0xF4, 0xBF, 0xF0, 0x7F,
    0x80, 0x02, 0xFF, 0xFF, 0xC0, 0x00, 0x00, 0xBF, 0xFF, 0xF0, 0x00, 0x00, 0x2F, 0x95, 0xFC, 0x00,
    0x00, 0x0B, 0xC0, 0x3F, 0x00, 0x00, 0x02, 0xF0, 0x0F, 0xC0, 0x00, 0x00, 0xFC, 0x03, 0xFF, 0xF8,
    0x00, 0x3F, 0x00, 0xFF, 0xFF, 0xD0, 0x0F, 0xC0, 0x3F, 0x9B, 0xFC, 0x03, 0xF0, 0x0F, 0xC0, 0x3F,
    0x40, 0xFC, 0x03, 0xF0, 0x0B, 0xE0, 0x3E, 0x00, 0xFC, 0x02, 0xF8, 0x1F, 0x80, 0x3F, 0x00, 0xFD,
    0x6F, 0xD0, 0x0F, 0xE6, 0xFF, 0x3F, 0xF0, 0x03, 0xFF, 0xFF, 0x4F, 0xE0, 0x00, 0xFF, 0xFE, 0x00,
    0x3F, 0x00, 0x1F, 0xC0, 0x00, 0x0F, 0xC0, 0x07, 0xF0, 0x00, 0x03, 0xF0, 0x01, 0xFC, 0x00, 0x00,
    0xFC, 0x00, 0x7F, 0x00, 0x00, 0x3F, 0x00, 0x1F, 0xC0, 0x00, 0x0F, 0xEA, 0xAF, 0xFA, 0x90, 0x03,
    0xFF, 0xFF, 0xFF, 0xFF, 0x80, 0xFF, 0xFF, 0xFF, 0xFF, 0xF4, 0x3F, 0x00, 0x1F, 0xC0, 0xFF, 0x0F,
    0xC0, 0x07, 0xF0, 0x0F, 0xC3, 0xF0, 0x01, 0xFC, 0x03, 0xF0, 0xFC, 0x00, 0x7F, 0x02, 0xFC, 0x3F,
    0x00, 0x1F, 0xEB, 0xFE, 0x0F, 0xC0, 0x07, 0xFF, 0xFF, 0x03, 0xF0, 0x01, 0xFF, 0xFD, 0x00, 0xBF,
    0xFF, 0xFD, 0x02, 0xFF, 0xFF, 0xF4, 0x05, 0x5F, 0xD5, 0x40, 0x00, 0x3F, 0x00, 0x00, 0x00, 0xFC,
    0x00, 0x00, 0x03, 0xF1, 0x54, 0x00, 0x0F, 0xFF, 0xFD, 0x00, 0x3F, 0xFF, 0xFC, 0x00, 0xFD, 0x03,
    0xF8, 0x03, 0xF0, 0x07, 0xF0, 0x0F, 0xC0, 0x1F, 0xC0, 0x3F, 0x00, 0x7F, 0x00, 0xFC, 0x01, 0xFC,
    0x03, 0xF0, 0x07, 0xF0, 0x0F, 0xC0, 0x1F, 0xC0, 0x00, 0x02, 0xA0, 0x00, 0x00, 0xFD, 0x00, 0x00,
    0x2F, 0x40, 0x00, 0x03, 0xD0, 0x00, 0x00, 0x00, 0x00, 0x00, 0x00, 0x00, 0x00, 0x3F, 0x00, 0x3F,
    0x43, 0xF0, 0x0B, 0xE0, 0x3F, 0x01, 0xFC, 0x03, 0xF0, 0x3F, 0x40, 0x3F, 0x0B, 0xE0, 0x03, 0xF6,
    0xFC, 0x00, 0x3F, 0xFF, 0x00, 0x03, 0xFF, 0xF8, 0x00, 0x3F, 0x0F, 0xC0, 0x03, 0xF0, 0xBF, 0x00,
    0x3F, 0x03, 0xF4, 0x03, 0xF0, 0x1F, 0xC0, 0x3F, 0x00, 0xFE, 0x03, 0xF0, 0x03, 0xF4, 0x3F, 0x00,
    0x2F, 0xC0, 0x00, 0x69, 0x00, 0x00, 0x07, 0xF0, 0x00, 0x00, 0x1F, 0xC0, 0x00, 0x00, 0x3D, 0x00,
    0x00, 0x00, 0x00, 0x00, 0x00, 0x00, 0x00, 0x3F, 0x00, 0x2F, 0xE3, 0xF0, 0x03, 0xFE, 0x3F, 0x00,
    0xBF, 0xE3, 0xF0, 0x0F, 0xFE, 0x3F, 0x02, 0xFB, 0xE3, 0xF0, 0x3E, 0xBE, 0x3F, 0x0B, 0xCB, 0xE3,
    0xF0, 0xF8, 0xBE, 0x3F, 0x2F, 0x0B, 0xE3, 0xF3, 0xE0, 0xBE, 0x3F, 0xFC, 0x0B, 0xE3, 0xFF, 0x80,
    0xBE, 0x3F, 0xF0, 0x0B, 0xE3, 0xFE, 0x00, 0xBE, 0x3F, 0xC0, 0x0B, 0xE0, 0x01, 0x90, 0x28, 0x00,
    0x3F, 0x0F, 0xC0, 0x01, 0xFF, 0xF4, 0x00, 0x07, 0xFD, 0x00, 0x00, 0x00, 0x00, 0x00, 0x00, 0x00,
    0x00, 0xBF, 0x00, 0x0F, 0xC3, 0xF0, 0x01, 0xFC, 0x2F, 0x80, 0x2F, 0x40, 0xFC, 0x03, 0xF0, 0x0B,
    0xD0, 0x7E, 0x00, 0x3F, 0x0F, 0xC0, 0x02, 0xF1, 0xF8, 0x00, 0x1F, 0xAF, 0x00, 0x00, 0xFF, 0xF0,
    0x00, 0x07, 0xFD, 0x00, 0x00, 0x3F, 0xC0, 0x00, 0x03, 0xF4, 0x00, 0x2F, 0xFF, 0x00, 0x02, 0xFF,
    0xC0, 0x00, 0x2F, 0xE0, 0x00, 0x00, 0x3F, 0x00, 0x0F, 0xC3, 0xF0, 0x00, 0xFC, 0x3F, 0x00, 0x0F,
    0xC3, 0xF0, 0x00, 0xFC, 0x3F, 0x00, 0x0F, 0xC3, 0xF0, 0x00, 0xFC, 0x3F, 0x00, 0x0F, 0xC3, 0xF0,
    0x00, 0xFC, 0x3F, 0x00, 0x0F, 0xC3, 0xF0, 0x00, 0xFC, 0x3F, 0x00, 0x0F, 0xC3, 0xF0, 0x00, 0xFC,
    0x3F, 0xAA, 0xAF, 0xC3, 0xFF, 0xFF, 0xFC, 0x3F, 0xFF, 0xFF, 0xC0, 0x02, 0xF8, 0x00, 0x00, 0x2F,
    0x80, 0x00, 0x02, 0xF4, 0x00, 0x00, 0x3F, 0xD0, 0x00, 0x01, 0xFF, 0x80, 0x00, 0x0B, 0xFF, 0x00,
    0x00, 0x3F, 0x7D, 0x00, 0x01, 0xF8, 0xF8, 0x00, 0x0B, 0xD3, 0xF0, 0x00, 0x3F, 0x07, 0xD0, 0x01,
    0xF8, 0x0F, 0xC0, 0x0B, 0xFF, 0xFF, 0x00, 0x3F, 0xFF, 0xFD, 0x01, 0xFF, 0xFF, 0xFC, 0x0F, 0xD0,
    0x03, 0xF0, 0x3F, 0x00, 0x0B, 0xE1, 0xFC, 0x00, 0x1F, 0xCF, 0xE0, 0x00, 0x3F, 0x00, 0x3F, 0xFF,
    0xF4, 0x3F, 0xFF, 0xF4, 0x3F, 0x55, 0x50, 0x3F, 0x00, 0x00, 0x3F, 0x00, 0x00, 0x3F, 0x55, 0x00,
    0x3F, 0xFF, 0xE0, 0x3F, 0xFF, 0xF8, 0x3F, 0x02, 0xFC, 0x3F, 0x00, 0xFD, 0x3F, 0x00, 0xFD, 0x3F,
    0x00, 0xFD, 0x3F, 0x5B, 0xFC, 0x3F, 0xFF, 0xF4, 0x3F, 0xFF, 0x80, 0x3F, 0xFF, 0x90, 0x3F, 0xFF,
    0xF8, 0x3F, 0x5B, 0xFD, 0x3F, 0x00, 0xFD, 0x3F, 0x00, 0xFD, 0x3F, 0x01, 0xFC, 0x3F, 0xFF, 0xF0,
    0x3F, 0xFF, 0xE0, 0x3F, 0x5B, 0xFC, 0x3F, 0x00, 0xBE, 0x3F, 0x00, 0x7F, 0x3F, 0x00, 0xBE, 0x3F,
    0x5B, 0xFD, 0x3F, 0xFF, 0xF8, 0x3F, 0xFF, 0x90, 0x3F, 0xFF, 0xF0, 0xFF, 0xFF, 0xC3, 0xF5, 0x55,
    0x0F, 0xC0, 0x00, 0x3F, 0x00, 0x00, 0xFC, 0x00, 0x03, 0xF0, 0x00, 0x0F, 0xC0, 0x00, 0x3F, 0x00,
    0x00, 0xFC, 0x00, 0x03, 0xF0, 0x00, 0x0F, 0xC0, 0x00, 0x3F, 0x00, 0x00, 0xFC, 0x00, 0x03, 0xF0,
    0x00, 0x00, 0x00, 0xFF, 0xFF, 0xF0, 0x00, 0xFF, 0xFF, 0xF0, 0x00, 0xFD, 0x5B, 0xF0, 0x00, 0xF8,
    0x03, 0xF0, 0x01, 0xF8, 0x03, 0xF0, 0x01, 0xF8, 0x03, 0xF0, 0x01, 0xF4, 0x03, 0xF0, 0x01, 0xF4,
    0x03, 0xF0, 0x02, 0xF4, 0x03, 0xF0, 0x02, 0xF0, 0x03, 0xF0, 0x03, 0xF0, 0x03, 0xF0, 0x07, 0xE0,
    0x03, 0xF0, 0x5F, 0xE5, 0x5B, 0xF5, 0xFF, 0xFF, 0xFF, 0xFF, 0xFF, 0xFF, 0xFF, 0xFF, 0xFD, 0x00,
    0x00, 0x3F, 0xFD, 0x00, 0x00, 0x3F, 0xFD, 0x00, 0x00, 0x3F, 0x68, 0x00, 0x00, 0x2A, 0x3F, 0xFF,
    0xE3, 0xFF, 0xFE, 0x3F, 0x55, 0x43, 0xF0, 0x00, 0x3F, 0x00, 0x03, 0xF0, 0x00, 0x3F, 0xFF, 0xC3,
    0xFF, 0xFC, 0x3F, 0x55, 0x43, 0xF0, 0x00, 0x3F, 0x00, 0x03, 0xF0, 0x00, 0x3F, 0x55, 0x43, 0xFF,
    0xFE, 0x3F, 0xFF, 0xE0, 0x3F, 0x40, 0x3F, 0x00, 0xBF, 0x07, 0xF0, 0x0F, 0xC0, 0x3F, 0x00, 0xBE,
    0x03, 0xF0, 0x3F, 0x40, 0x0F, 0xD0, 0xFC, 0x2F, 0x80, 0x01, 0xFC, 0x3F, 0x0F, 0xC0, 0x00, 0x2F,
    0xAF, 0xDF, 0xD0, 0x00, 0x03, 0xFF, 0xFF, 0xE0, 0x00, 0x01, 0xFF, 0xFF, 0xFC, 0x00, 0x00, 0xFE,
    0x3F, 0x3F, 0x80, 0x00, 0x7F, 0x0F, 0xC3, 0xF4, 0x00, 0x3F, 0x43, 0xF0, 0xBF, 0x00, 0x2F, 0xC0,
    0xFC, 0x0F, 0xD0, 0x1F, 0xC0, 0x3F, 0x01, 0xFC, 0x0F, 0xE0, 0x0F, 0xC0, 0x3F, 0x8B, 0xF0, 0x03,
    0xF0, 0x07, 0xF4, 0x0B, 0xFF, 0x40, 0x3F, 0xFF, 0xF0, 0x2E, 0x9B, 0xF8, 0x00, 0x01, 0xFC, 0x00,
    0x01, 0xF8, 0x01, 0x6B, 0xF0, 0x03, 0xFF, 0x80, 0x03, 0xFF, 0xE0, 0x00, 0x07, 0xF8, 0x00, 0x00,
    0xFC, 0x00, 0x00, 0xFC, 0x00, 0x01, 0xFC, 0x3E, 0xAB, 0xF8, 0x3F, 0xFF, 0xF0, 0x1B, 0xFE, 0x40,
    0x3F, 0x00, 0x2F, 0xE3, 0xF0, 0x03, 0xFE, 0x3F, 0x00, 0xBF, 0xE3, 0xF0, 0x0F, 0xFE, 0x3F, 0x02,
    0xFB, 0xE3, 0xF0, 0x3E, 0xBE, 0x3F, 0x0B, 0xCB, 0xE3, 0xF0, 0xF8, 0xBE, 0x3F, 0x2F, 0x0B, 0xE3,
    0xF3, 0xE0, 0xBE, 0x3F, 0xFC, 0x0B, 0xE3, 0xFF, 0x80, 0xBE, 0x3F, 0xF0, 0x0B, 0xE3, 0xFE, 0x00,
    0xBE, 0x3F, 0xC0, 0x0B, 0xE0, 0x01, 0x90, 0x28, 0x00, 0x2F, 0x0B, 0xC0, 0x00, 0xFF, 0xF8, 0x00,
    0x02, 0xFD, 0x00, 0x00, 0x00, 0x00, 0x00, 0x00, 0x00, 0x00, 0x3F, 0x00, 0x2F, 0xE3, 0xF0, 0x03,
    0xFE, 0x3F, 0x00, 0xBF, 0xE3, 0xF0, 0x0F, 0xFE, 0x3F, 0x02, 0xFB, 0xE3, 0xF0, 0x3E, 0xBE, 0x3F,
    0x0B, 0xCB, 0xE3, 0xF0, 0xF8, 0xBE, 0x3F, 0x2F, 0x0B, 0xE3, 0xF3, 0xE0, 0xBE, 0x3F, 0xFC, 0x0B,
    0xE3, 0xFF, 0x80, 0xBE, 0x3F, 0xF0, 0x0B, 0xE3, 0xFE, 0x00, 0xBE, 0x3F, 0xC0, 0x0B, 0xE0, 0x3F,
    0x00, 0x3F, 0x43, 0xF0, 0x0B, 0xE0, 0x3F, 0x01, 0xFC, 0x03, 0xF0, 0x3F, 0x40, 0x3F, 0x0B, 0xE0,
    0x03, 0xF6, 0xFC, 0x00, 0x3F, 0xFF, 0x00, 0x03, 0xFF, 0xF8, 0x00, 0x3F, 0x0F, 0xC0, 0x03, 0xF0,
    0xBF, 0x00, 0x3F, 0x03, 0xF4, 0x03, 0xF0, 0x1F, 0xC0, 0x3F, 0x00, 0xFE, 0x03, 0xF0, 0x03, 0xF4,
    0x3F, 0x00, 0x2F, 0xC0, 0x02, 0xFF, 0xFF, 0xE0, 0x2F, 0xFF, 0xFE, 0x02, 0xF9, 0x5F, 0xE0, 0x3F,
    0x00, 0xBE, 0x03, 0xF0, 0x0B, 0xE0, 0x3F, 0x00, 0xBE, 0x03, 0xF0, 0x0B, 0xE0, 0x3F, 0x00, 0xBE,
    0x03, 0xF0, 0x0B, 0xE0, 0x3F, 0x00, 0xBE, 0x03, 0xE0, 0x0B, 0xE0, 0x7E, 0x00, 0xBE, 0x6F, 0xD0,
    0x0B, 0xEF, 0xFC, 0x00, 0xBE, 0xFE, 0x00, 0x0B, 0xE0, 0x3F, 0xD0, 0x00, 0xBF, 0xCF, 0xF8, 0x00,
    0x3F, 0xF3, 0xFF, 0x00, 0x1F, 0xFC, 0xFF, 0xC0, 0x0B, 0xFF, 0x3E, 0xF8, 0x03, 0xEF, 0xCF, 0xBF,
    0x01, 0xF7, 0xF3, 0xE7, 0xC0, 0xBC, 0xFC, 0xF8, 0xF4, 0x3E, 0x3F, 0x3E, 0x3F, 0x1F, 0x0F, 0xCF,
    0x8B, 0xCB, 0xC3, 0xF3, 0xE0, 0xF7, 0xE0, 0xFC, 0xF8, 0x3F, 0xF0, 0x3F, 0x3E, 0x0B, 0xFC, 0x0F,
    0xCF, 0x81, 0xFE, 0x03, 0xF3, 0xE0, 0x3F, 0x00, 0xFC, 0x3F, 0x00, 0x0F, 0xC3, 0xF0, 0x00, 0xFC,
    0x3F, 0x00, 0x0F, 0xC3, 0xF0, 0x00, 0xFC, 0x3F, 0x00, 0x0F, 0xC3, 0xF5, 0x55, 0xFC, 0x3F, 0xFF,
    0xFF, 0xC3, 0xFF, 0xFF, 0xFC, 0x3F, 0x00, 0x0F, 0xC3, 0xF0, 0x00, 0xFC, 0x3F, 0x00, 0x0F, 0xC3,
    0xF0, 0x00, 0xFC, 0x3F, 0x00, 0x0F, 0xC3, 0xF0, 0x00, 0xFC, 0x3F, 0x00, 0x0F, 0xC0, 0x00, 0xBF,
    0xE4, 0x00, 0x2F, 0xFF, 0xF8, 0x01, 0xFF, 0x9B, 0xF8, 0x0F, 0xE0, 0x07, 0xF4, 0x7F, 0x00, 0x0B,
    0xE2, 0xF8, 0x00, 0x1F, 0xCF, 0xD0, 0x00, 0x7F, 0x3F, 0x40, 0x00, 0xFC, 0xFD, 0x00, 0x07, 0xF2,
    0xF8, 0x00, 0x1F, 0xC7, 0xF0, 0x00, 0xFE, 0x0F, 0xE0, 0x07, 0xF4, 0x1F, 0xF9, 0xBF, 0x80, 0x2F,
    0xFF, 0xF8, 0x00, 0x0B, 0xFE, 0x40, 0x00, 0x3F, 0xFF, 0xFF, 0xCF, 0xFF, 0xFF, 0xF3, 0xF5, 0x56,
    0xFC, 0xFC, 0x00, 0x3F, 0x3F, 0x00, 0x0F, 0xCF, 0xC0, 0x03, 0xF3, 0xF0, 0x00, 0xFC, 0xFC, 0x00,
    0x3F, 0x3F, 0x00, 0x0F, 0xCF, 0xC0, 0x03, 0xF3, 0xF0, 0x00, 0xFC, 0xFC, 0x00, 0x3F, 0x3F, 0x00,
    0x0F, 0xCF, 0xC0, 0x03, 0xF3, 0xF0, 0x00, 0xFC, 0x3F, 0xFF, 0x40, 0x3F, 0xFF, 0xF0, 0x3F, 0x5B,
    0xF8, 0x3F, 0x01, 0xFC, 0x3F, 0x00, 0xFC, 0x3F, 0x01, 0xFC, 0x3F, 0x07, 0xF8, 0x3F, 0xFF, 0xF0,
    0x3F, 0xFF, 0xC0, 0x3F, 0x54, 0x00, 0x3F, 0x00, 0x00, 0x3F, 0x00, 0x00, 0x3F, 0x00, 0x00, 0x3F,
    0x00, 0x00, 0x3F, 0x00, 0x00, 0x00, 0x7F, 0xF4, 0x07, 0xFF, 0xFD, 0x1F, 0xF9, 0xBC, 0x3F, 0x80,
    0x00, 0x7F, 0x00, 0x00, 0xBE, 0x00, 0x00, 0xFD, 0x00, 0x00, 0xFD, 0x00, 0x00, 0xFD, 0x00, 0x00,
    0xBE, 0x00, 0x00, 0x7F, 0x00, 0x00, 0x3F, 0x80, 0x00, 0x1F, 0xF9, 0xAC, 0x0B, 0xFF, 0xFC, 0x00,
    0xBF, 0xF4, 0xBF, 0xFF, 0xFE, 0xBF, 0xFF, 0xFE, 0x55, 0xFF, 0x55, 0x00, 0xBE, 0x00, 0x00, 0xBE,
    0x00, 0x00, 0xBE, 0x00, 0x00, 0xBE, 0x00, 0x00, 0xBE, 0x00, 0x00, 0xBE, 0x00, 0x00, 0xBE, 0x00,
    0x00, 0xBE, 0x00, 0x00, 0xBE, 0x00, 0x00, 0xBE, 0x00, 0x00, 0xBE, 0x00, 0x00, 0xBE, 0x00, 0xBF,
    0x00, 0x0F, 0xC3, 0xF0, 0x01, 0xFC, 0x2F, 0x80, 0x2F, 0x40, 0xFC, 0x03, 0xF0, 0x0B, 0xD0, 0x7E,
    0x00, 0x3F, 0x0F, 0xC0, 0x02, 0xF1, 0xF8, 0x00, 0x1F, 0xAF, 0x00, 0x00, 0xFF, 0xF0, 0x00, 0x07,
    0xFD, 0x00, 0x00, 0x3F, 0xC0, 0x00, 0x03, 0xF4, 0x00, 0x2F, 0xFF, 0x00, 0x02, 0xFF, 0xC0, 0x00,
    0x2F, 0xE0, 0x00, 0x00, 0x00, 0x03, 0xF0, 0x00, 0x00, 0x6F, 0xFF, 0xE4, 0x00, 0xFF, 0xFF, 0xFF,
    0x80, 0xFF, 0xAF, 0xEF, 0xF8, 0x7F, 0x03, 0xF0, 0x7F, 0x2F, 0x80, 0xFC, 0x0F, 0xDF, 0xD0, 0x3F,
    0x02, 0xFB, 0xF4, 0x0F, 0xC0, 0xBE, 0xBE, 0x03, 0xF0, 0x3F, 0x5F, 0xC0, 0xFC, 0x1F, 0xC3, 0xFE,
    0xBF, 0xAF, 0xE0, 0x3F, 0xFF, 0xFF, 0xE0, 0x01, 0xBF, 0xFF, 0x90, 0x00, 0x00, 0xFC, 0x00, 0x00,
    0x00, 0x3F, 0x00, 0x00, 0x7F, 0x00, 0x0F, 0xC2, 0xF8, 0x02, 0xF8, 0x0F, 0xD0, 0x7F, 0x00, 0x7F,
    0x0F, 0xD0, 0x03, 0xF5, 0xF8, 0x00, 0x0F, 0xFF, 0x00, 0x00, 0xBF, 0xD0, 0x00, 0x03, 0xFC, 0x00,
    0x00, 0xFF, 0xE0, 0x00, 0x1F, 0xFF, 0x00, 0x03, 0xF1, 0xFC, 0x00, 0xBE, 0x0F, 0xE0, 0x1F, 0xC0,
    0x7F, 0x03, 0xF4, 0x02, 0xFC, 0xBE, 0x00, 0x0F, 0xE0, 0x3F, 0x00, 0x0F, 0xC0, 0xFC, 0x00, 0x3F,
    0x03, 0xF0, 0x00, 0xFC, 0x0F, 0xC0, 0x03, 0xF0, 0x3F, 0x00, 0x0F, 0xC0, 0xFC, 0x00, 0x3F, 0x03,
    0xF0, 0x00, 0xFC, 0x0F, 0xC0, 0x03, 0xF0, 0x3F, 0x00, 0x0F, 0xC0, 0xFC, 0x00, 0x3F, 0x03, 0xF0,
    0x00, 0xFC, 0x0F, 0xC0, 0x03, 0xF0, 0x3F, 0xAA, 0xBF, 0xE8, 0xFF, 0xFF, 0xFF, 0xF3, 0xFF, 0xFF,
    0xFF, 0xC0, 0x00, 0x00, 0x3F, 0x00, 0x00, 0x00, 0xFC, 0x00, 0x00, 0x03, 0xF0, 0x00, 0x00, 0x05,
    0x40, 0xBE, 0x00, 0x3F, 0x2F, 0x80, 0x0F, 0xCB, 0xE0, 0x03, 0xF2, 0xF8, 0x00, 0xFC, 0xBE, 0x00,
    0x3F, 0x2F, 0xC0, 0x0F, 0xC7, 0xF4, 0x07, 0xF0, 0xFF, 0xFF, 0xFC, 0x1F, 0xFF, 0xFF, 0x00, 0x6A,
    0x5F, 0xC0, 0x00, 0x03, 0xF0, 0x00, 0x00, 0xFC, 0x00, 0x00, 0x3F, 0x00, 0x00, 0x0F, 0xC0, 0x00,
    0x03, 0xF0, 0x3F, 0x00, 0x7E, 0x00, 0xBD, 0x3F, 0x00, 0x7E, 0x00, 0xBD, 0x3F, 0x00, 0x7E, 0x00,
    0xBD, 0x3F, 0x00, 0x7E, 0x00, 0xBD, 0x3F, 0x00, 0x7E, 0x00, 0xBD, 0x3F, 0x00, 0x7E, 0x00, 0xBD,
    0x3F, 0x00, 0x7E, 0x00, 0xBD, 0x3F, 0x00, 0x7E, 0x00, 0xBD, 0x3F, 0x00, 0x7E, 0x00, 0xBD, 0x3F,
    0x00, 0x7E, 0x00, 0xBD, 0x3F, 0x00, 0x7E, 0x00, 0xBD, 0x3F, 0x00, 0x7E, 0x00, 0xBD, 0x3F, 0xFF,
    0xFF, 0xFF, 0xFD, 0x3F, 0xFF, 0xFF, 0xFF, 0xFD, 0x3F, 0xFF, 0xFF, 0xFF, 0xFD, 0x3F, 0x00, 0xBE,
    0x00, 0xFD, 0x03, 0xF0, 0x0B, 0xE0, 0x0F, 0xD0, 0x3F, 0x00, 0xBE, 0x00, 0xFD, 0x03, 0xF0, 0x0B,
    0xE0, 0x0F, 0xD0, 0x3F, 0x00, 0xBE, 0x00, 0xFD, 0x03, 0xF0, 0x0B, 0xE0, 0x0F, 0xD0, 0x3F, 0x00,
    0xBE, 0x00, 0xFD, 0x03, 0xF0, 0x0B, 0xE0, 0x0F, 0xD0, 0x3F, 0x00, 0xBE, 0x00, 0xFD, 0x03, 0xF0,
    0x0B, 0xE0, 0x0F, 0xD0, 0x3F, 0x00, 0xBE, 0x00, 0xFD, 0x03, 0xF0, 0x0B, 0xE0, 0x0F, 0xD0, 0x3F,
    0xAA, 0xFF, 0xAA, 0xFF, 0x83, 0xFF, 0xFF, 0xFF, 0xFF, 0xFC, 0x3F, 0xFF, 0xFF, 0xFF, 0xFF, 0xC0,
    0x00, 0x00, 0x00, 0x00, 0xFC, 0x00, 0x00, 0x00, 0x00, 0x0F, 0xC0, 0x00, 0x00, 0x00, 0x00, 0xFC,
    0x00, 0x00, 0x00, 0x00, 0x01, 0x40, 0xBF, 0xFD, 0x00, 0x02, 0xFF, 0xF4, 0x00, 0x05, 0x5F, 0xD0,
    0x00, 0x00, 0x3F, 0x40, 0x00, 0x00, 0xFD, 0x00, 0x00, 0x03, 0xFF, 0xF8, 0x00, 0x0F, 0xFF, 0xFD,
    0x00, 0x3F, 0x9B, 0xFC, 0x00, 0xFD, 0x03, 0xF8, 0x03, 0xF4, 0x0B, 0xE0, 0x0F, 0xD0, 0x2F, 0x80,
    0x3F, 0x40, 0xFE, 0x00, 0xFE, 0x6F, 0xF0, 0x03, 0xFF, 0xFF, 0x80, 0x0F, 0xFF, 0xE4, 0x00, 0x3F,
    0x00, 0x00, 0x3F, 0x4F, 0xC0, 0x00, 0x0F, 0xD3, 0xF0, 0x00, 0x03, 0xF4, 0xFC, 0x00, 0x00, 0xFD,
    0x3F, 0x00, 0x00, 0x3F, 0x4F, 0xFF, 0xE0, 0x0F, 0xD3, 0xFF, 0xFF, 0x03, 0xF4, 0xFE, 0xBF, 0xF0,
    0xFD, 0x3F, 0x01, 0xFC, 0x3F, 0x4F, 0xC0, 0x3F, 0x4F, 0xD3, 0xF0, 0x0F, 0xD3, 0xF4, 0xFC, 0x07,
    0xF0, 0xFD, 0x3F, 0xAF, 0xFC, 0x3F, 0x4F, 0xFF, 0xFC, 0x0F, 0xD3, 0xFF, 0xF8, 0x03, 0xF4, 0x3F,
    0x00, 0x00, 0x3F, 0x00, 0x00, 0x3F, 0x00, 0x00, 0x3F, 0x00, 0x00, 0x3F, 0x00, 0x00, 0x3F, 0xFF,
    0x80, 0x3F, 0xFF, 0xF4, 0x3F, 0xAF, 0xFC, 0x3F, 0x01, 0xFD, 0x3F, 0x00, 0xFD, 0x3F, 0x00, 0xFD,
    0x3F, 0x01, 0xFD, 0x3F, 0xAF, 0xFC, 0x3F, 0xFF, 0xF4, 0x3F, 0xFF, 0x80, 0x0B, 0xFF, 0x40, 0x0F,
    0xFF, 0xFC, 0x01, 0xE9, 0xBF, 0xC0, 0x00, 0x02, 0xF8, 0x00, 0x00, 0x3F, 0x00, 0x55, 0x5F, 0xD0,
    0x3F, 0xFF, 0xF4, 0x0F, 0xFF, 0xFD, 0x00, 0x00, 0x3F, 0x40, 0x00, 0x0F, 0xD0, 0x00, 0x07, 0xF0,
    0x00, 0x03, 0xF8, 0x3E, 0x9B, 0xFC, 0x0F, 0xFF, 0xFC, 0x01, 0xBF, 0xE4, 0x00, 0x3F, 0x00, 0x1F,
    0xF9, 0x00, 0x3F, 0x00, 0xFF, 0xFF, 0xC0, 0x3F, 0x03, 0xFE, 0x6F, 0xE0, 0x3F, 0x07, 0xF0, 0x03,
    0xF4, 0x3F, 0x0B, 0xE0, 0x02, 0xF8, 0x3F, 0x5F, 0xD0, 0x01, 0xFC, 0x3F, 0xFF, 0xC0, 0x00, 0xFC,
    0x3F, 0xFF, 0xC0, 0x00, 0xFC, 0x3F, 0x0F, 0xC0, 0x00, 0xFC, 0x3F, 0x0B, 0xD0, 0x01, 0xFC, 0x3F,
    0x07, 0xE0, 0x02, 0xF8, 0x3F, 0x03, 0xF0, 0x07, 0xF0, 0x3F, 0x02, 0xFE, 0x6F, 0xE0, 0x3F, 0x00,
    0xBF, 0xFF, 0x80, 0x3F, 0x00, 0x1B, 0xF9, 0x00, 0x00, 0xBF, 0xFF, 0x41, 0xFF, 0xFF, 0xD0, 0xFF,
    0x97, 0xF4, 0x3F, 0x00, 0xFD, 0x1F, 0xC0, 0x3F, 0x43, 0xF0, 0x0F, 0xD0, 0xBF, 0x97, 0xF4, 0x0B,
    0xFF, 0xFD, 0x00, 0xBF, 0xFF, 0x40, 0x3F, 0x0F, 0xD0, 0x3F, 0x83, 0xF4, 0x1F, 0xC0, 0xFD, 0x0F,
    0xD0, 0x3F, 0x4B, 0xF0, 0x0F, 0xD7, 0xF0, 0x03, 0xF4, 0x06, 0xFF, 0x80, 0x3F, 0xFF, 0xC0, 0xA9,
    0xBF, 0x80, 0x15, 0xBF, 0x0B, 0xFF, 0xFC, 0xBF, 0xFF, 0xF3, 0xF8, 0x0F, 0xCF, 0xC0, 0x3F, 0x3F,
    0x02, 0xFC, 0xFF, 0x6F, 0xF1, 0xFF, 0xEF, 0xC1, 0xFE, 0x1F, 0x00, 0x01, 0xA8, 0x00, 0x1F, 0xFF,
    0x00, 0x3F, 0xFF, 0xC0, 0x2F, 0xE5, 0x00, 0x0F, 0xC0, 0x00, 0x0B, 0xD1, 0x50, 0x03, 0xF7, 0xFF,
    0x40, 0xFF, 0xFF, 0xF0, 0x3F, 0xD0, 0xFE, 0x0F, 0xE0, 0x1F, 0xC3, 0xF4, 0x03, 0xF0, 0xFD, 0x00,
    0xFC, 0x3F, 0x40, 0x3F, 0x07, 0xE0, 0x2F, 0x80, 0xFE, 0xAF, 0xC0, 0x1F, 0xFF, 0xD0, 0x00, 0xBF,
    0x90, 0x00, 0x7F, 0xFF, 0x81, 0xFF, 0xFF, 0xC7, 0xF5, 0xBF, 0x1F, 0x80, 0xFC, 0x7F, 0x5B, 0xF1,
    0xFF, 0xFE, 0x07, 0xFF, 0xFE, 0x1F, 0x80, 0xFD, 0x7E, 0x02, 0xF9, 0xFD, 0x6F, 0xD7, 0xFF, 0xFF,
    0x1F, 0xFF, 0xE0, 0x7F, 0xFF, 0x9F, 0xFF, 0xE7, 0xF5, 0x51, 0xFC, 0x00, 0x7F, 0x00, 0x1F, 0xC0,
    0x07, 0xF0, 0x01, 0xFC, 0x00, 0x7F, 0x00, 0x1F, 0xC0, 0x07, 0xF0, 0x01, 0xFC, 0x00, 0x03, 0xFF,
    0xFD, 0x00, 0x3F, 0xFF, 0xD0, 0x07, 0xE5, 0xFD, 0x00, 0x7D, 0x0B, 0xD0, 0x07, 0xD0, 0xBD, 0x00,
    0x7D, 0x0B, 0xD0, 0x0B, 0xD0, 0xBD, 0x00, 0xBC, 0x0B, 0xD0, 0x0F, 0xC0, 0xBD, 0x06, 0xFD, 0x5F,
    0xE4, 0xFF, 0xFF, 0xFF, 0xCF, 0xFF, 0xFF, 0xFC, 0xFC, 0x00, 0x0F, 0xCF, 0xC0, 0x00, 0xFC, 0x68,
    0x00, 0x06, 0x80, 0x01, 0xBF, 0x80, 0x07, 0xFF, 0xF0, 0x1F, 0xE7, 0xFC, 0x2F, 0x40, 0xFC, 0x3F,
    0x95, 0xFD, 0x3F, 0xFF, 0xFD, 0x3F, 0xFF, 0xFD, 0x3F, 0x00, 0x00, 0x2F, 0x80, 0x00, 0x1F, 0xF9,
    0xB8, 0x07, 0xFF, 0xF8, 0x00, 0xBF, 0xE0, 0x3F, 0x01, 0xF4, 0x0F, 0xC2, 0xF8, 0x1F, 0x42, 0xF8,
    0x0F, 0xD1, 0xF4, 0x3F, 0x00, 0x3F, 0x1F, 0x4F, 0xC0, 0x02, 0xFA, 0xFA, 0xF8, 0x00, 0x0F, 0xFF,
    0xFF, 0x00, 0x01, 0xFF, 0xFF, 0xF4, 0x00, 0x3F, 0x5F, 0x5F, 0xC0, 0x0B, 0xF1, 0xF4, 0xBE, 0x01,
    0xFC, 0x1F, 0x43, 0xF4, 0x3F, 0x81, 0xF4, 0x2F, 0xCB, 0xF0, 0x1F, 0x40, 0xFE, 0x1B, 0xFE, 0x03,
    0xFF, 0xFC, 0x2E, 0x6F, 0xE0, 0x00, 0x7E, 0x01, 0x6F, 0xC0, 0x7F, 0xF0, 0x07, 0xFF, 0xC0, 0x00,
    0xBE, 0x00, 0x07, 0xF3, 0xA6, 0xFE, 0x3F, 0xFF, 0xC2, 0xFF, 0xE0, 0x7E, 0x01, 0xFD, 0x7E, 0x03,
    0xFD, 0x7E, 0x07, 0xFD, 0x7E, 0x0F, 0xFD, 0x7E, 0x1F, 0xBD, 0x7E, 0x3E, 0xBD, 0x7E, 0x7C, 0xBD,
    0x7E, 0xF8, 0xBD, 0x7F, 0xF0, 0xBD, 0x7F, 0xD0, 0xBD, 0x7F, 0xC0, 0xBD, 0x7F, 0x40, 0xBD, 0x00,
    0x00, 0x00, 0x0F, 0xC3, 0xF0, 0x0B, 0xFF, 0xE0, 0x03, 0xFF, 0x80, 0x00, 0x14, 0x00, 0x7E, 0x01,
    0xFD, 0x7E, 0x03, 0xFD, 0x7E, 0x07, 0xFD, 0x7E, 0x0F, 0xFD, 0x7E, 0x1F, 0xBD, 0x7E, 0x3E, 0xBD,
    0x7E, 0x7C, 0xBD, 0x7E, 0xF8, 0xBD, 0x7F, 0xF0, 0xBD, 0x7F, 0xD0, 0xBD, 0x7F, 0xC0, 0xBD, 0x7F,
    0x40, 0xBD, 0x7F, 0x00, 0xFC, 0x7F, 0x03, 0xF4, 0x7F, 0x0B, 0xE0, 0x7F, 0x1F, 0xC0, 0x7F, 0x7F,
    0x40, 0x7F, 0xFE, 0x00, 0x7F, 0xFF, 0x00, 0x7F, 0x2F, 0xC0, 0x7F, 0x0F, 0xD0, 0x7F, 0x07, 0xF0,
    0x7F, 0x03, 0xF8, 0x7F, 0x00, 0xFD, 0x07, 0xFF, 0xFD, 0x07, 0xFF, 0xFD, 0x0B, 0xE5, 0xFD, 0x0B,
    0xD0, 0xBD, 0x0B, 0xC0, 0xBD, 0x0B, 0xC0, 0xBD, 0x0B, 0xC0, 0xBD, 0x0F, 0xC0, 0xBD, 0x0F, 0xC0,
    0xBD, 0x6F, 0x80, 0xBD, 0xFF, 0x40, 0xBD, 0xFD, 0x00, 0xBD, 0x7F, 0xC0, 0x0B, 0xFD, 0xFF, 0x80,
    0x3F, 0xF7, 0xFF, 0x01, 0xFF, 0xDF, 0xFC, 0x0B, 0xFF, 0x7E, 0xF8, 0x3D, 0xFD, 0xFA, 0xF1, 0xF3,
    0xF7, 0xE7, 0xCB, 0x8F, 0xDF, 0x8F, 0xBD, 0x3F, 0x7E, 0x2F, 0xF0, 0xFD, 0xF8, 0x7F, 0x83, 0xF7,
    0xE0, 0xFD, 0x0F, 0xDF, 0x82, 0xF0, 0x3F, 0x7F, 0x00, 0xFD, 0xFC, 0x03, 0xF7, 0xF0, 0x0F, 0xDF,
    0xC0, 0x3F, 0x7F, 0x00, 0xFD, 0xFF, 0xFF, 0xF7, 0xFF, 0xFF, 0xDF, 0xD5, 0xBF, 0x7F, 0x00, 0xFD,
    0xFC, 0x03, 0xF7, 0xF0, 0x0F, 0xDF, 0xC0, 0x3F, 0x00, 0xBF, 0x80, 0x01, 0xFF, 0xFD, 0x00, 0xFE,
    0xAF, 0xC0, 0xBE, 0x02, 0xF8, 0x3F, 0x00, 0x7F, 0x0F, 0xC0, 0x0F, 0xC3, 0xF0, 0x03, 0xF0, 0xFC,
    0x01, 0xFC, 0x2F, 0x80, 0xBE, 0x07, 0xFA, 0xBF, 0x00, 0x7F, 0xFF, 0x40, 0x06, 0xFE, 0x00, 0x7F,
    0xFF, 0xFD, 0xFF, 0xFF, 0xF7, 0xF5, 0x6F, 0xDF, 0xC0, 0x3F, 0x7F, 0x00, 0xFD, 0xFC, 0x03, 0xF7,
    0xF0, 0x0F, 0xDF, 0xC0, 0x3F, 0x7F, 0x00, 0xFD, 0xFC, 0x03, 0xF7, 0xF0, 0x0F, 0xDF, 0xC0, 0x3F,
    0x7D, 0x2F, 0x80, 0x7F, 0xFF, 0xF0, 0x7F, 0xEB, 0xF8, 0x7F, 0x01, 0xFC, 0x7F, 0x00, 0xFC, 0x7F,
    0x00, 0xFD, 0x7F, 0x00, 0xFD, 0x7F, 0x00, 0xFC, 0x7F, 0x41, 0xFC, 0x7F, 0xEB, 0xF8, 0x7F, 0xFF,
    0xF0, 0x7E, 0x3F, 0x80, 0x7F, 0x00, 0x00, 0x7F, 0x00, 0x00, 0x7F, 0x00, 0x00, 0x7F, 0x00, 0x00,
    0x7F, 0x00, 0x00, 0x00, 0xBF, 0xE0, 0x1F, 0xFF, 0xC0, 0xFF, 0xAE, 0x0B, 0xF0, 0x00, 0x3F, 0x40,
    0x00, 0xFC, 0x00, 0x03, 0xF0, 0x00, 0x0F, 0xD0, 0x00, 0x3F, 0xC0, 0x00, 0x7F, 0xE6, 0x80, 0xBF,
    0xFF, 0x00, 0x6F, 0xF4, 0xFF, 0xFF, 0xF7, 0xFF, 0xFF, 0xD5, 0x6F, 0xD5, 0x00, 0x7F, 0x00, 0x01,
    0xFC, 0x00, 0x07, 0xF0, 0x00, 0x1F, 0xC0, 0x00, 0x7F, 0x00, 0x01, 0xFC, 0x00, 0x07, 0xF0, 0x00,
    0x1F, 0xC0, 0x00, 0x7F, 0x00, 0x3F, 0x80, 0x2F, 0x87, 0xF0, 0x0F, 0xD0, 0xFC, 0x03, 0xF0, 0x2F,
    0x41, 0xF8, 0x07, 0xF0, 0xBD, 0x00, 0xFC, 0x3F, 0x00, 0x2F, 0x5F, 0x80, 0x03, 0xEB, 0xC0, 0x00,
    0xBF, 0xF0, 0x00, 0x1F, 0xF4, 0x00, 0x03, 0xFC, 0x00, 0x00, 0xBE, 0x00, 0x00, 0x2F, 0x40, 0x00,
    0x1F, 0xC0, 0x01, 0xBF, 0xD0, 0x00, 0x7F, 0xE0, 0x00, 0x1F, 0xE0, 0x00, 0x00, 0x00, 0x03, 0xF0,
    0x00, 0x00, 0x03, 0xF0, 0x00, 0x00, 0x03, 0xF0, 0x00, 0x00, 0x03, 0xF0, 0x00, 0x00, 0xBF, 0xFF,
    0x80, 0x07, 0xFF, 0xFF, 0xF4, 0x0F, 0xFB, 0xFB, 0xFC, 0x2F, 0x83, 0xF0, 0xFE, 0x3F, 0x03, 0xF0,
    0x7F, 0x3F, 0x03, 0xF0, 0x3F, 0x3F, 0x03, 0xF0, 0x3F, 0x3F, 0x03, 0xF0, 0x7F, 0x2F, 0x83, 0xF0,
    0xFE, 0x0F, 0xE7, 0xF7, 0xFC, 0x07, 0xFF, 0xFF, 0xF0, 0x00, 0xBF, 0xFF, 0x80, 0x00, 0x03, 0xF0,
    0x00, 0x00, 0x03, 0xF0, 0x00, 0x00, 0x03, 0xF0, 0x00, 0x00, 0x03, 0xF0, 0x00, 0x00, 0x03, 0xF0,
    0x00, 0x7F, 0x00, 0xFD, 0x3F, 0x82, 0xFC, 0x0F, 0xC3, 0xF0, 0x0B, 0xFB, 0xE0, 0x03, 0xFF, 0xC0,
    0x01, 0xFF, 0x40, 0x01, 0xFF, 0x40, 0x03, 0xFF, 0xC0, 0x0B, 0xEB, 0xE0, 0x1F, 0xC3, 0xF4, 0x3F,
    0x41, 0xFC, 0xBF, 0x00, 0xFE, 0x7E, 0x01, 0xF8, 0x1F, 0x80, 0x7E, 0x07, 0xE0, 0x1F, 0x81, 0xF8,
    0x07, 0xE0, 0x7E, 0x01, 0xF8, 0x1F, 0x80, 0x7E, 0x07, 0xE0, 0x1F, 0x81, 0xF8, 0x07, 0xE0, 0x7E,
    0x01, 0xF8, 0x1F, 0xEA, 0xBF, 0x87, 0xFF, 0xFF, 0xF5, 0xFF, 0xFF, 0xFD, 0x00, 0x00, 0x2F, 0x40,
    0x00, 0x0B, 0xD0, 0x00, 0x02, 0xF4, 0x00, 0x00, 0x54, 0xFD, 0x02, 0xFB, 0xF4, 0x0B, 0xEF, 0xD0,
    0x2F, 0xAF, 0x40, 0xBE, 0xBE, 0x02, 0xFA, 0xFE, 0xAF, 0xE3, 0xFF, 0xFF, 0x82, 0xFF, 0xFE, 0x00,
    0x02, 0xF8, 0x00, 0x0B, 0xE0, 0x00, 0x2F, 0x80, 0x00, 0xBE, 0x7F, 0x02, 0xF4, 0x0F, 0xC7, 0xF0,
    0x2F, 0x40, 0xFC, 0x7F, 0x02, 0xF4, 0x0F, 0xC7, 0xF0, 0x2F, 0x40, 0xFC, 0x7F, 0x02, 0xF4, 0x0F,
    0xC7, 0xF0, 0x2F, 0x40, 0xFC, 0x7F, 0x02, 0xF4, 0x0F, 0xC7, 0xF0, 0x2F, 0x40, 0xFC, 0x7F, 0x02,
    0xF4, 0x0F, 0xC7, 0xF5, 0x7F, 0x95, 0xFC, 0x7F, 0xFF, 0xFF, 0xFF, 0xC7, 0xFF, 0xFF, 0xFF, 0xFC,
    0x7F, 0x02, 0xF4, 0x0F, 0xC1, 0xFC, 0x0B, 0xD0, 0x3F, 0x07, 0xF0, 0x2F, 0x40, 0xFC, 0x1F, 0xC0,
    0xBD, 0x03, 0xF0, 0x7F, 0x02, 0xF4, 0x0F, 0xC1, 0xFC, 0x0B, 0xD0, 0x3F, 0x07, 0xF0, 0x2F, 0x40,
    0xFC, 0x1F, 0xC0, 0xBD, 0x03, 0xF0, 0x7F, 0x02, 0xF4, 0x0F, 0xC1, 0xFD, 0x5F, 0xE5, 0x7F, 0x57,
    0xFF, 0xFF, 0xFF, 0xFF, 0x9F, 0xFF, 0xFF, 0xFF, 0xFE, 0x00, 0x00, 0x00, 0x01, 0xF8, 0x00, 0x00,
    0x00, 0x07, 0xE0, 0x00, 0x00, 0x00, 0x0A, 0x40, 0xFF, 0xF4, 0x00, 0x0F, 0xFF, 0x40, 0x00, 0x57,
    0xF4, 0x00, 0x00, 0x2F, 0x40, 0x00, 0x02, 0xFF, 0xF8, 0x00, 0x2F, 0xFF, 0xF4, 0x02, 0xF9, 0xBF,
    0xC0, 0x2F, 0x40, 0xFC, 0x02, 0xF4, 0x0F, 0xC0, 0x2F, 0x9B, 0xFC, 0x02, 0xFF, 0xFF, 0x40, 0x2F,
    0xFF, 0x80, 0x7F, 0x00, 0x00, 0xFC, 0x7F, 0x00, 0x00, 0xFC, 0x7F, 0x00, 0x00, 0xFC, 0x7F, 0x00,
    0x00, 0xFC, 0x7F, 0xFE, 0x40, 0xFC, 0x7F, 0xFF, 0xE0, 0xFC, 0x7F, 0x5B, 0xF0, 0xFC, 0x7F, 0x03,
    0xF4, 0xFC, 0x7F, 0x03, 0xF4, 0xFC, 0x7F, 0x5B, 0xF0, 0xFC, 0x7F, 0xFF, 0xE0, 0xFC, 0x7F, 0xFE,
    0x40, 0xFC, 0x7F, 0x00, 0x01, 0xFC, 0x00, 0x07, 0xF0, 0x00, 0x1F, 0xC0, 0x00, 0x7F, 0xFF, 0x41,
    0xFF, 0xFF, 0x87, 0xF5, 0xBF, 0x1F, 0xC0, 0xFD, 0x7F, 0x03, 0xF5, 0xFD, 0x6F, 0xC7, 0xFF, 0xFE,
    0x1F, 0xFF, 0xD0, 0x1F, 0xF8, 0x00, 0xFF, 0xFD, 0x02, 0xAB, 0xFC, 0x00, 0x02, 0xF8, 0x05, 0x5B,
    0xF0, 0x2F, 0xFF, 0xC0, 0xBF, 0xFF, 0x00, 0x01, 0xFC, 0x00, 0x0B, 0xE0, 0xE6, 0xFF, 0x03, 0xFF,
    0xF4, 0x0B, 0xFE, 0x00, 0x7F, 0x00, 0xBF, 0x80, 0x7F, 0x03, 0xFF, 0xF4, 0x7F, 0x0F, 0xFA, 0xFC,
    0x7F, 0x1F, 0xC0, 0xFD, 0x7F, 0x6F, 0x80, 0x7E, 0x7F, 0xFF, 0x40, 0x7F, 0x7F, 0xFF, 0x40, 0x7F,
    0x7F, 0x1F, 0x80, 0x7E, 0x7F, 0x0F, 0xC0, 0xFD, 0x7F, 0x0F, 0xFA, 0xFC, 0x7F, 0x03, 0xFF, 0xF4,
    0x7F, 0x00, 0xBF, 0x80, 0x02, 0xFF, 0xFC, 0x0F, 0xFF, 0xFC, 0x2F, 0xE5, 0xFC, 0x3F, 0x40, 0xFC,
    0x3F, 0x40, 0xFC, 0x2F, 0xE5, 0xFC, 0x0F, 0xFF, 0xFC, 0x03, 0xFF, 0xFC, 0x07, 0xF0, 0xFC, 0x0F,
    0xD0, 0xFC, 0x2F, 0x80, 0xFC, 0x7F, 0x00, 0xFC, 0x02, 0xA0, 0x00, 0x02, 0xFC, 0x00, 0x00, 0x7D,
    0x00, 0x00, 0x1F, 0x00, 0x00, 0x00, 0x00, 0x01, 0xBF, 0x80, 0x07, 0xFF, 0xF0, 0x1F, 0xE7, 0xFC,
    0x2F, 0x40, 0xFC, 0x3F, 0x95, 0xFD, 0x3F, 0xFF, 0xFD, 0x3F, 0xFF, 0xFD, 0x3F, 0x00, 0x00, 0x2F,
    0x80, 0x00, 0x1F, 0xF9, 0xB8, 0x07, 0xFF, 0xF8, 0x00, 0xBF, 0xE0, 0x03, 0xD2, 0xE0, 0x03, 0xD3,
    0xF0, 0x01, 0x40, 0x40, 0x01, 0xBF, 0x80, 0x07, 0xFF, 0xF0, 0x1F, 0xE7, 0xFC, 0x2F, 0x40, 0xFC,
    0x3F, 0x95, 0xFD, 0x3F, 0xFF, 0xFD, 0x3F, 0xFF, 0xFD, 0x3F, 0x00, 0x00, 0x2F, 0x80, 0x00, 0x1F,
    0xF9, 0xB8, 0x07, 0xFF, 0xF8, 0x00, 0xBF, 0xE0, 0x0A, 0x40, 0x00, 0x07, 0xF0, 0x00, 0x0F, 0xFF,
    0xF4, 0x03, 0xFF, 0xFD, 0x00, 0x6F, 0xD5, 0x00, 0x07, 0xE0, 0x50, 0x01, 0xFA, 0xFF, 0x80, 0x7F,
    0xFF, 0xF8, 0x1F, 0xE0, 0xBF, 0x07, 0xF0, 0x0F, 0xC1, 0xFC, 0x03, 0xF0, 0x7F, 0x00, 0xFC, 0x1F,
    0xC0, 0x3F, 0x07, 0xF0, 0x0F, 0xC1, 0xFC, 0x03, 0xF0, 0x7F, 0x00, 0xFC, 0x1F, 0xC0, 0x3F, 0x00,
    0x00, 0x0F, 0xC0, 0x00, 0x07, 0xF0, 0x00, 0x2B, 0xF8, 0x00, 0x0F, 0xFC, 0x00, 0x03, 0xF8, 0x00,
    0x00, 0x1A, 0x40, 0x1F, 0xC0, 0x0F, 0xC0, 0x0B, 0xC0, 0x00, 0x00, 0x1F, 0xFF, 0xE7, 0xFF, 0xF9,
    0xFD, 0x54, 0x7F, 0x00, 0x1F, 0xC0, 0x07, 0xF0, 0x01, 0xFC, 0x00, 0x7F, 0x00, 0x1F, 0xC0, 0x07,
    0xF0, 0x01, 0xFC, 0x00, 0x7F, 0x00, 0x00, 0x00, 0xBF, 0xD0, 0x1F, 0xFF, 0xC0, 0xFE, 0xA9, 0x0B,
    0xE0, 0x00, 0x3F, 0x95, 0x00, 0xFF, 0xFE, 0x03, 0xFF, 0xF8, 0x0F, 0xC0, 0x00, 0x3F, 0x80, 0x00,
    0x7F, 0xEA, 0x80, 0xBF, 0xFF, 0x00, 0x6F, 0xF4, 0x07, 0xFE, 0x42, 0xFF, 0xFC, 0x3F, 0x9B, 0xC3,
    0xF0, 0x00, 0x3F, 0xD0, 0x00, 0xFF, 0xE0, 0x02, 0xFF, 0xC0, 0x01, 0xFD, 0x00, 0x0B, 0xD3, 0xE6,
    0xFD, 0x3F, 0xFF, 0xC1, 0xFF, 0xE0, 0x3D, 0x7F, 0x3D, 0x00, 0x7F, 0x7F, 0x7F, 0x7F, 0x7F, 0x7F,
    0x7F, 0x7F, 0x7F, 0x7F, 0x7F, 0x7F, 0x38, 0xE1, 0xF7, 0xC3, 0x8E, 0x00, 0x00, 0x1F, 0xC0, 0x7F,
    0x01, 0xFC, 0x07, 0xF0, 0x1F, 0xC0, 0x7F, 0x01, 0xFC, 0x07, 0xF0, 0x1F, 0xC0, 0x7F, 0x01, 0xFC,
    0x07, 0xF0, 0x00, 0xF4, 0x0B, 0xF0, 0x0F, 0x40, 0x00, 0x01, 0xF8, 0x07, 0xE0, 0x1F, 0x80, 0x7E,
    0x01, 0xF8, 0x07, 0xE0, 0x1F, 0x80, 0x7E, 0x01, 0xF8, 0x07, 0xE0, 0x1F, 0x80, 0x7E, 0x01, 0xF8,
    0x0B, 0xE2, 0xBF, 0x4F, 0xFC, 0x3F, 0x80, 0x07, 0xFF, 0xFD, 0x00, 0x00, 0x7F, 0xFF, 0xD0, 0x00,
    0x07, 0xE5, 0xFD, 0x00, 0x00, 0x7D, 0x0F, 0xD0, 0x00, 0x07, 0xD0, 0xFF, 0xFE, 0x00, 0x7D, 0x0F,
    0xFF, 0xFC, 0x0B, 0xC0, 0xFE, 0x6F, 0xE0, 0xBC, 0x0F, 0xD0, 0x7F, 0x0F, 0xC0, 0xFD, 0x07, 0xF6,
    0xFC, 0x0F, 0xE6, 0xFE, 0xFF, 0x40, 0xFF, 0xFF, 0xCF, 0xD0, 0x0F, 0xFF, 0xE0, 0x7F, 0x01, 0xFC,
    0x00, 0x07, 0xF0, 0x1F, 0xC0, 0x00, 0x7F, 0x01, 0xFC, 0x00, 0x07, 0xF0, 0x1F, 0xC0, 0x00, 0x7F,
    0x56, 0xFD, 0x50, 0x07, 0xFF, 0xFF, 0xFF, 0xF4, 0x7F, 0xFF, 0xFF, 0xFF, 0xC7, 0xF0, 0x1F, 0xC0,
    0xFD, 0x7F, 0x01, 0xFC, 0x0F, 0xD7, 0xF0, 0x1F, 0xD6, 0xFD, 0x7F, 0x01, 0xFF, 0xFF, 0x87, 0xF0,
    0x1F, 0xFF, 0xD0, 0x0A, 0x40, 0x00, 0x07, 0xF0, 0x00, 0x0F, 0xFF, 0xF4, 0x03, 0xFF, 0xFD, 0x00,
    0x6F, 0xD5, 0x00, 0x07, 0xE0, 0x00, 0x01, 0xF9, 0xFF, 0x40, 0x7F, 0xFF, 0xF4, 0x1F, 0xFA, 0xFF,
    0x07, 0xF4, 0x1F, 0xC1, 0xFC, 0x03, 0xF0, 0x7F, 0x00, 0xFC, 0x1F, 0xC0, 0x3F, 0x07, 0xF0, 0x0F,
    0xC1, 0xFC, 0x03, 0xF0, 0x7F, 0x00, 0xFC, 0x1F, 0xC0, 0x3F, 0x00, 0x00, 0x02, 0x90, 0x00, 0x0F,
    0xD0, 0x00, 0x2F, 0x40, 0x00, 0x7C, 0x00, 0x00, 0x00, 0x00, 0x7F, 0x00, 0xFC, 0x7F, 0x03, 0xF4,
    0x7F, 0x0B, 0xE0, 0x7F, 0x1F, 0xC0, 0x7F, 0x7F, 0x40, 0x7F, 0xFE, 0x00, 0x7F, 0xFF, 0x00, 0x7F,
    0x2F, 0xC0, 0x7F, 0x0F, 0xD0, 0x7F, 0x07, 0xF0, 0x7F, 0x03, 0xF8, 0x7F, 0x00, 0xFD, 0x06, 0x90,
    0x00, 0x03, 0xF8, 0x00, 0x00, 0xBC, 0x00, 0x00, 0x2F, 0x00, 0x00, 0x00, 0x00, 0x7E, 0x01, 0xFD,
    0x7E, 0x03, 0xFD, 0x7E, 0x07, 0xFD, 0x7E, 0x0F, 0xFD, 0x7E, 0x1F, 0xBD, 0x7E, 0x3E, 0xBD, 0x7E,
    0x7C, 0xBD, 0x7E, 0xF8, 0xBD, 0x7F, 0xF0, 0xBD, 0x7F, 0xD0, 0xBD, 0x7F, 0xC0, 0xBD, 0x7F, 0x40,
    0xBD, 0x00, 0x00, 0x00, 0x00, 0xBC, 0x2F, 0x00, 0x1F, 0xFF, 0xC0, 0x02, 0xFF, 0xC0, 0x00, 0x05,
    0x40, 0x0F, 0xE0, 0x0B, 0xE1, 0xFC, 0x03, 0xF4, 0x3F, 0x00, 0xFC, 0x0B, 0xD0, 0x7E, 0x01, 0xFC,
    0x2F, 0x40, 0x3F, 0x0F, 0xC0, 0x0B, 0xD7, 0xE0, 0x00, 0xFA, 0xF0, 0x00, 0x2F, 0xFC, 0x00, 0x07,
    0xFD, 0x00, 0x00, 0xFF, 0x00, 0x00, 0x2F, 0x80, 0x00, 0x0B, 0xD0, 0x00, 0x07, 0xF0, 0x00, 0x6F,
    0xF4, 0x00, 0x1F, 0xF8, 0x00, 0x07, 0xF8, 0x00, 0x00, 0x7F, 0x00, 0xFD, 0xFC, 0x03, 0xF7, 0xF0,
    0x0F, 0xDF, 0xC0, 0x3F, 0x7F, 0x00, 0xFD, 0xFC, 0x03, 0xF7, 0xF0, 0x0F, 0xDF, 0xC0, 0x3F, 0x7F,
    0x00, 0xFD, 0xFD, 0x5B, 0xF7, 0xFF, 0xFF, 0xDF, 0xFF, 0xFF, 0x00, 0xBD, 0x00, 0x02, 0xF4, 0x00,
    0x0B, 0xD0, 0x00, 0xBF, 0x00, 0xFD, 0x00, 0xFD, 0xBF, 0x00, 0xFD, 0x00, 0xFD, 0x7F, 0x00, 0xFE,
    0x00, 0xFD, 0x7F, 0x00, 0xBE, 0x00, 0xFC, 0x3F, 0x00, 0xBF, 0x00, 0xFC, 0x3F, 0x40, 0xFF, 0x00,
    0xFC, 0x2F, 0x80, 0xFF, 0x41, 0xFC, 0x1F, 0xC1, 0xFF, 0x82, 0xF8, 0x0F, 0xC3, 0xFF, 0xC3, 0xF4,
    0x0B, 0xD3, 0xEF, 0xC3, 0xF0, 0x07, 0xF7, 0xCF, 0xD7, 0xE0, 0x03, 0xFB, 0xC7, 0xFB, 0xD0, 0x02,
    0xFF, 0x83, 0xFF, 0xC0, 0x00, 0xFF, 0x41, 0xFF, 0x40, 0x00, 0x7F, 0x00, 0xFF, 0x00, 0xBE, 0x02,
    0xF8, 0x0B, 0xEB, 0xE0, 0x1F, 0x80, 0xBE, 0x7F, 0x01, 0xFC, 0x0B, 0xD3, 0xF0, 0x0F, 0xC0, 0xFC,
    0x3F, 0x00, 0xFC, 0x0F, 0xC2, 0xF4, 0x2F, 0xD0, 0xFC, 0x1F, 0x83, 0xFE, 0x2F, 0x40, 0xFC, 0xBF,
    0xF3, 0xF0, 0x0B, 0xDF, 0xAF, 0x7E, 0x00, 0x3F, 0xF0, 0xFF, 0xC0, 0x02, 0xFE, 0x0B, 0xF8, 0x00,
    0x0F, 0xC0, 0x3F, 0x00, 0x07, 0xF0, 0x00, 0x05, 0xBF, 0x55, 0x00, 0xFF, 0xFF, 0xE0, 0x0F, 0xFF,
    0xFE, 0x00, 0x07, 0xF0, 0x00, 0x00, 0x7F, 0xA9, 0x00, 0x07, 0xFF, 0xFD, 0x00, 0x7F, 0xFF, 0xF4,
    0x07, 0xF0, 0x7F, 0xC0, 0x7F, 0x00, 0xFC, 0x07, 0xF0, 0x0F, 0xC0, 0x7F, 0x02, 0xFC, 0x07, 0xFA,
    0xFF, 0x80, 0x7F, 0xFF, 0xE0, 0x07, 0xFF, 0xE4, 0x00, 0x07, 0xE0, 0x00, 0x00, 0x7E, 0x00, 0x00,
    0xFF, 0xFF, 0xD0, 0x0F, 0xFF, 0xFD, 0x00, 0x1B, 0xF5, 0x40, 0x00, 0x7E, 0x00, 0x00, 0x07, 0xF4,
    0x00, 0x00, 0x7F, 0xFF, 0xD0, 0x07, 0xFF, 0xFF, 0x80, 0x7E, 0x02, 0xFC, 0x07, 0xE0, 0x0F, 0xC0,
    0x7F, 0x56, 0xFC, 0x07, 0xFF, 0xFF, 0x40, 0x7F, 0xFF, 0x80, 0x3F, 0x00, 0x07, 0xFF, 0x90, 0xFC,
    0x01, 0xFF, 0xFF, 0xC3, 0xF0, 0x1F, 0xF9, 0xBD, 0x0F, 0xC0, 0xFE, 0x00, 0x00, 0x3F, 0x07, 0xF0,
    0x00, 0x00, 0xFD, 0x7F, 0x95, 0x54, 0x03, 0xFF, 0xFF, 0xFF, 0xE0, 0x0F, 0xFF, 0xFF, 0xFF, 0x80,
    0x3F, 0x0F, 0xD0, 0x00, 0x00, 0xFC, 0x2F, 0x80, 0x00, 0x03, 0xF0, 0x7F, 0x00, 0x00, 0x0F, 0xC0,
    0xFF, 0x00, 0x00, 0x3F, 0x01, 0xFF, 0x9A, 0xE0, 0xFC, 0x01, 0xFF, 0xFF, 0x83, 0xF0, 0x00, 0xBF,
    0xF8, 0x00, 0x7E, 0x00, 0x6F, 0xF8, 0x7E, 0x02, 0xFF, 0xFC, 0x7E, 0x07, 0xF9, 0xB4, 0x7E, 0x0F,
    0xD0, 0x00, 0x7F, 0x5F, 0xE5, 0x40, 0x7F, 0xFF, 0xFF, 0xD0, 0x7F, 0xFF, 0xFF, 0xD0, 0x7E, 0x0F,
    0xC0, 0x00, 0x7E, 0x0F, 0xD0, 0x00, 0x7E, 0x07, 0xF9, 0xBC, 0x7E, 0x02, 0xFF, 0xFC, 0x7E, 0x00,
    0x6F, 0xE4, 0x00, 0x2F, 0xE0, 0x00, 0x00, 0x3F, 0xF0, 0x00, 0x00, 0x7E, 0xF4, 0x00, 0x00, 0xBC,
    0xFC, 0x00, 0x00, 0xF8, 0x7C, 0x00, 0x01, 0xF0, 0x3E, 0x00, 0x03, 0xFF, 0xFF, 0x00, 0x03, 0xFF,
    0xFF, 0x40, 0x0B, 0xEF, 0xEF, 0x80, 0x0F, 0xCF, 0xCB, 0xC0, 0x1F, 0x8F, 0xC7, 0xD0, 0x2F, 0x0F,
    0xC3, 0xF0, 0x3F, 0x0F, 0xC2, 0xF4, 0x7E, 0x0F, 0xC1, 0xF8, 0xFC, 0x0F, 0xC0, 0xFC, 0x00, 0x7F,
    0x80, 0x00, 0x0F, 0xFC, 0x00, 0x00, 0xF7, 0xE0, 0x00, 0x2F, 0x2F, 0x00, 0x03, 0xE0, 0xF4, 0x00,
    0x7F, 0xFF, 0x80, 0x0F, 0xFF, 0xFC, 0x00, 0xF6, 0xF3, 0xE0, 0x2F, 0x2F, 0x2F, 0x03, 0xE2, 0xF1,
    0xF4, 0x7D, 0x2F, 0x0F, 0x8F, 0xC2, 0xF0, 0xFC, 0x3F, 0x00, 0x0F, 0xF4, 0x00, 0x3F, 0x00, 0x0F,
    0xFC, 0x00, 0x3F, 0x00, 0x2F, 0x7C, 0x00, 0x3F, 0x00, 0x3E, 0x3E, 0x00, 0x3F, 0x00, 0xBC, 0x1F,
    0x00, 0x3F, 0xAA, 0xFE, 0xBF, 0x40, 0x3F, 0xFF, 0xFF, 0xFF, 0x80, 0x3F, 0xFF, 0xFF, 0xFF, 0xC0,
    0x3F, 0x03, 0xF3, 0xE3, 0xD0, 0x3F, 0x07, 0xD3, 0xE3, 0xF0, 0x3F, 0x0B, 0xC3, 0xE1, 0xF0, 0x3F,
    0x0F, 0xC3, 0xE0, 0xF8, 0x3F, 0x1F, 0x83, 0xE0, 0xFC, 0x3F, 0x2F, 0x43, 0xE0, 0xBD, 0x3F, 0x3F,
    0x03, 0xE0, 0x7E, 0x7D, 0x00, 0x3F, 0xC0, 0x07, 0xD0, 0x07, 0xFE, 0x00, 0x7D, 0x00, 0xBE, 0xF0,
    0x07, 0xD0, 0x0F, 0x9F, 0x40, 0x7D, 0x01, 0xF0, 0xFC, 0x07, 0xFF, 0xFF, 0xFF, 0xC0, 0x7F, 0xFF,
    0xFF, 0xFE, 0x07, 0xD0, 0xFC, 0xF6, 0xF0, 0x7D, 0x0F, 0x8F, 0x5F, 0x47, 0xD2, 0xF4, 0xF4, 0xFC,
    0x7D, 0x3F, 0x0F, 0x4B, 0xC7, 0xD7, 0xE0, 0xF4, 0x7E, 0x0F, 0xFF, 0xFF, 0xFC, 0x03, 0xFF, 0xFF,
    0xFF, 0x00, 0x7F, 0x55, 0xBF, 0x00, 0x07, 0xE0, 0x3F, 0x40, 0x00, 0xBD, 0x2F, 0x40, 0x00, 0x0F,
    0xEF, 0x80, 0x00, 0x07, 0xFF, 0xE0, 0x00, 0x0B, 0xFF, 0xFF, 0x40, 0x07, 0xFF, 0xFF, 0xF0, 0x02,
    0xF8, 0xFC, 0xFD, 0x00, 0xFC, 0x3F, 0x1F, 0xC0, 0x7E, 0x0F, 0xC3, 0xF0, 0x3F, 0x43, 0xF0, 0xBE,
    0x0F, 0xC0, 0xFC, 0x1F, 0xC7, 0xE0, 0x3F, 0x03, 0xF0, 0x3F, 0xFF, 0xFF, 0x0F, 0xFF, 0xFF, 0xC0,
    0xFD, 0x5F, 0xC0, 0x1F, 0x47, 0xD0, 0x02, 0xF7, 0xE0, 0x00, 0x7F, 0xF4, 0x00, 0xBF, 0xFF, 0x80,
    0x3E, 0xFE, 0xF0, 0x2F, 0x3F, 0x3E, 0x0F, 0x8F, 0xCB, 0xC7, 0xD3, 0xF1, 0xF6, 0xF0, 0xFC, 0x3E,
    0x3F, 0x0B, 0xFF, 0xFF, 0xFE, 0x0F, 0xC1, 0xFF, 0xFF, 0xFF, 0x43, 0xF0, 0x2F, 0xD5, 0x7F, 0x80,
    0xFC, 0x03, 0xF4, 0x1F, 0xC0, 0x3F, 0x00, 0x3F, 0x0F, 0xC0, 0x0F, 0xD5, 0x5B, 0xFF, 0xC0, 0x03,
    0xFF, 0xFF, 0xFF, 0xFC, 0x00, 0xFF, 0xFF, 0xFF, 0xFF, 0xC0, 0x3F, 0x03, 0xFA, 0xFA, 0xF8, 0x0F,
    0xC1, 0xFC, 0xBE, 0x3F, 0x03, 0xF0, 0xBE, 0x2F, 0x8B, 0xD0, 0xFC, 0x3F, 0x0B, 0xE1, 0xFC, 0x3F,
    0x0F, 0xC2, 0xF8, 0x3F, 0x0F, 0xCB, 0xE0, 0xBE, 0x0B, 0xD3, 0xF3, 0xF4, 0x2F, 0x81, 0xFC, 0x7D,
    0x2F, 0xFF, 0xFF, 0x47, 0xD1, 0xFF, 0xFF, 0xF0, 0x7D, 0x0B, 0xE5, 0xFD, 0x07, 0xD0, 0x3F, 0x0F,
    0x80, 0x7E, 0x56, 0xFF, 0xF0, 0x07, 0xFF, 0xFF, 0xFF, 0x40, 0x7F, 0xFF, 0xFF, 0xFC, 0x07, 0xD0,
    0xFE, 0xF7, 0xE0, 0x7D, 0x1F, 0x5F, 0x2F, 0x07, 0xD2, 0xF1, 0xF1, 0xF4, 0x7D, 0x3E, 0x1F, 0x0F,
    0x87, 0xD7, 0xD1, 0xF0, 0xBC, 0x06, 0x40, 0xBC, 0x00, 0xF8, 0xBF, 0x00, 0x0F, 0xFC, 0x00, 0x07,
    0xFE, 0x00, 0x2F, 0xFF, 0xF8, 0x0F, 0xFF, 0xFF, 0x41, 0xD0, 0x0B, 0xE0, 0x00, 0x01, 0xF8, 0x00,
    0x00, 0xBD, 0x00, 0x5A, 0xFE, 0x00, 0x3F, 0xFD, 0x00, 0x0F, 0xFF, 0xE0, 0x00, 0x01, 0xFE, 0x00,
    0x00, 0x0F, 0xC0, 0x00, 0x03, 0xF0, 0x00, 0x01, 0xFC, 0x01, 0x5A, 0xFE, 0x07, 0xFF, 0xFF, 0x03,
    0xFF, 0xF9, 0x02, 0xF8, 0x00, 0x00, 0x7E, 0x00, 0x00, 0x0F, 0xFF, 0xFC, 0x01, 0xFF, 0xFF, 0x00,
    0x05, 0x55, 0x80, 0x09, 0x01, 0xB0, 0x3E, 0x1F, 0xD0, 0x3E, 0xF4, 0x06, 0xFF, 0xD0, 0x3F, 0xFF,
    0xF0, 0x79, 0x5F, 0xD0, 0x00, 0x1F, 0x40, 0x05, 0xFC, 0x02, 0xFF, 0xC0, 0x0B, 0xFF, 0x80, 0x00,
    0x2F, 0x80, 0x00, 0x7E, 0x01, 0x5B, 0xF8, 0xBF, 0xFF, 0xC7, 0xFF, 0xE4, 0x2F, 0x40, 0x00, 0xBC,
    0x00, 0x01, 0xFF, 0xFF, 0x03, 0xFF, 0xFD, 0x01, 0x55, 0x60, 0x3E, 0x07, 0xE0, 0x7E, 0x3E, 0x07,
    0xE0, 0x7E, 0x3E, 0x07, 0xE0, 0x7E, 0x3E, 0x07, 0xE0, 0x7E, 0x3E, 0x07, 0xE0, 0x7E, 0x3E, 0x07,
    0xE0, 0x7E, 0x3F, 0x07, 0xE0, 0xBD, 0x3F, 0x47, 0xE0, 0xFC, 0x1F, 0xEB, 0xFB, 0xF8, 0x0B, 0xFF,
    0xFF, 0xF0, 0x01, 0xBF, 0xFF, 0x40, 0x00, 0x07, 0xE0, 0x00, 0x00, 0x07, 0xE0, 0x00, 0x00, 0x07,
    0xE0, 0x00, 0x00, 0x07, 0xE0, 0x00, 0x00, 0x0F, 0xC0, 0x00, 0x00, 0x0F, 0xC0, 0x00, 0x00, 0x0F,
    0xC0, 0x00, 0x00, 0x0F, 0xC0, 0x00, 0xBD, 0x0F, 0xC3, 0xF4, 0xBD, 0x0F, 0xC2, 0xF8, 0xBD, 0x0F,
    0xC1, 0xF8, 0xBD, 0x0F, 0xC0, 0xFC, 0xBD, 0x0F, 0xC0, 0xFC, 0xBD, 0x0F, 0xC0, 0xFC, 0xBE, 0x0F,
    0xC0, 0xFC, 0x7E, 0x0F, 0xC1, 0xFC, 0x3F, 0x0F, 0xC3, 0xF8, 0x3F, 0xEF, 0xEF, 0xF0, 0x0F, 0xFF,
    0xFF, 0xD0, 0x02, 0xFF, 0xFE, 0x00, 0x00, 0x0F, 0xC0, 0x00, 0x00, 0x0F, 0xC0, 0x00, 0x00, 0x0F,
    0xC0, 0x00, 0x00, 0x0F, 0xC0, 0x00, 0x00, 0x0F, 0xC0, 0x00, 0x00, 0xBF, 0xE4, 0x00, 0x1F, 0xFF,
    0xFC, 0x01, 0xFF, 0x9B, 0xFC, 0x0F, 0xD0, 0x03, 0xF4, 0x7E, 0x00, 0x03, 0xF2, 0xF9, 0x55, 0x5F,
    0xCF, 0xFF, 0xFF, 0xFF, 0x3F, 0xFF, 0xFF, 0xFD, 0xFD, 0x00, 0x03, 0xF2, 0xF8, 0x00, 0x0F, 0xC7,
    0xF0, 0x00, 0x7F, 0x0F, 0xE0, 0x03, 0xF4, 0x1F, 0xF9, 0xBF, 0xC0, 0x1F, 0xFF, 0xFC, 0x00, 0x0B,
    0xFE, 0x40, 0x00, 0x01, 0xBF, 0x80, 0x07, 0xFF, 0xF4, 0x1F, 0xE6, 0xFC, 0x2F, 0x80, 0xBE, 0x3F,
    0x95, 0xBF, 0x3F, 0xFF, 0xFF, 0x3F, 0xFF, 0xFF, 0x3F, 0x40, 0x7F, 0x2F, 0x80, 0xBE, 0x0F, 0xE6,
    0xFC, 0x07, 0xFF, 0xF4, 0x00, 0xBF, 0x80, 0xFD, 0x00, 0x02, 0xF9, 0xF8, 0x00, 0x2F, 0xE3, 0xF0,
    0x00, 0xFE, 0x4F, 0xD0, 0x0B, 0xE0, 0x1F, 0x80, 0x3F, 0x00, 0x3F, 0x00, 0xFC, 0x00, 0xFC, 0x0B,
    0xD0, 0x01, 0xF8, 0x3F, 0x00, 0x03, 0xF0, 0xF8, 0x00, 0x0F, 0xCB, 0xD0, 0x00, 0x1F, 0x7F, 0x00,
    0x00, 0x3E, 0xF8, 0x00, 0x00, 0xFF, 0xD0, 0x00, 0x01, 0xFF, 0x00, 0x00, 0x03, 0xF8, 0x00, 0x00,
    0xFD, 0x00, 0x2F, 0x5F, 0x80, 0x2F, 0xE3, 0xF0, 0x0F, 0xE4, 0xBD, 0x07, 0xE0, 0x1F, 0x82, 0xF4,
    0x03, 0xF0, 0xFC, 0x00, 0xBC, 0x7E, 0x00, 0x1F, 0xAF, 0x00, 0x03, 0xFF, 0xC0, 0x00, 0xBF, 0xD0,
    0x00, 0x0F, 0xF0, 0x00, 0x03, 0xF8, 0x00, 0x1F, 0x9F, 0x80, 0x00, 0x1F, 0x1F, 0x00, 0x00, 0x1F,
    0x1F, 0x00, 0x00, 0x00, 0x00, 0x00, 0x00, 0x00, 0x00, 0x03, 0xF4, 0x00, 0x0B, 0xE7, 0xE0, 0x00,
    0xBF, 0x8F, 0xC0, 0x03, 0xF9, 0x3F, 0x40, 0x2F, 0x80, 0x7E, 0x00, 0xFC, 0x00, 0xFC, 0x03, 0xF0,
    0x03, 0xF0, 0x2F, 0x40, 0x07, 0xE0, 0xFC, 0x00, 0x0F, 0xC3, 0xE0, 0x00, 0x3F, 0x2F, 0x40, 0x00,
    0x7D, 0xFC, 0x00, 0x00, 0xFB, 0xE0, 0x00, 0x03, 0xFF, 0x40, 0x00, 0x07, 0xFC, 0x00, 0x00, 0x0F,
    0xE0, 0x00, 0x3F, 0x3F, 0x00, 0x07, 0xD3, 0xD0, 0x00, 0x3C, 0x3C, 0x00, 0x00, 0x00, 0x00, 0xFD,
    0x00, 0x2F, 0x5F, 0x80, 0x2F, 0xE3, 0xF0, 0x0F, 0xE4, 0xBD, 0x07, 0xE0, 0x1F, 0x82, 0xF4, 0x03,
    0xF0, 0xFC, 0x00, 0xBC, 0x7E, 0x00, 0x1F, 0xAF, 0x00, 0x03, 0xFF, 0xC0, 0x00, 0xBF, 0xD0, 0x00,
    0x0F, 0xF0, 0x00, 0x03, 0xF8, 0x00, 0x01, 0xBF, 0xE0, 0x00, 0x00, 0x00, 0x00, 0x2F, 0xFF, 0xF4,
    0x00, 0x00, 0x00, 0x02, 0xFE, 0xAF, 0xF4, 0x00, 0x00, 0x00, 0x0F, 0xD0, 0x0B, 0xF0, 0xFC, 0x00,
    0xFD, 0x7F, 0x00, 0x0F, 0xC3, 0xF4, 0x07, 0xF2, 0xF8, 0x00, 0x3F, 0x47, 0xF0, 0x2F, 0x8B, 0xE0,
    0x00, 0xFD, 0x0F, 0xC0, 0xFC, 0x3F, 0x40, 0x02, 0xF8, 0x2F, 0x43, 0xF0, 0xBE, 0x00, 0x0F, 0xD0,
    0x7E, 0x2F, 0x42, 0xF8, 0x00, 0x3F, 0x40, 0xFC, 0xFC, 0x07, 0xF0, 0x00, 0xFC, 0x01, 0xF7, 0xF0,
    0x0F, 0xD0, 0x0B, 0xF0, 0x03, 0xFF, 0x40, 0x2F, 0xEA, 0xFF, 0x40, 0x0B, 0xFC, 0x00, 0x2F, 0xFF,
    0xF4, 0x00, 0x1F, 0xE0, 0x00, 0x1B, 0xFE, 0x00, 0x00, 0x3F, 0x40, 0x00, 0x00, 0x00, 0x00, 0x00,
    0xFC, 0x00, 0x00, 0x00, 0x00, 0x00, 0x0B, 0xE0, 0x00, 0x00, 0x00, 0x00, 0x06, 0xFF, 0x00, 0x00,
    0x00, 0x00, 0x00, 0x2F, 0xF4, 0x00, 0x00, 0x00, 0x00, 0x00, 0xBE, 0x00, 0x00, 0x00, 0xBF, 0x80,
    0x3F, 0x00, 0x3F, 0x41, 0xFF, 0xFD, 0x0F, 0xD0, 0x0F, 0xC0, 0xFE, 0xAF, 0xC1, 0xF8, 0x0B, 0xE0,
    0xBE, 0x02, 0xF8, 0x3F, 0x03, 0xF0, 0x3F, 0x40, 0x7F, 0x0B, 0xD0, 0xFC, 0x0F, 0xC0, 0x0F, 0xC1,
    0xF8, 0x7D, 0x03, 0xF0, 0x03, 0xF0, 0x3F, 0x3F, 0x00, 0xFD, 0x01, 0xFC, 0x0B, 0xDF, 0xC0, 0x2F,
    0x80, 0xBE, 0x00, 0xFF, 0xD0, 0x03, 0xFE, 0xFF, 0x00, 0x3F, 0xF0, 0x00, 0x7F, 0xFF, 0x40, 0x07,
    0xF8, 0x00, 0x02, 0xFE, 0x00, 0x00, 0xFD, 0x00, 0x00, 0x00, 0x00, 0x00, 0x3F, 0x00, 0x00, 0x00,
    0x00, 0x00, 0x2F, 0x80, 0x00, 0x00, 0x00, 0x01, 0xBF, 0xC0, 0x00, 0x00, 0x00, 0x00, 0xBF, 0xD0,
    0x00, 0x00, 0x00, 0x00, 0x2F, 0xD0, 0x00, 0x00, 0x00, 0x07, 0x80, 0x00, 0x00, 0x6F, 0xF8, 0x00,
    0x07, 0xFF, 0xFF, 0x40, 0x0F, 0xFF, 0xFF, 0xD0, 0x3F, 0xD7, 0x8F, 0xF0, 0x7F, 0x40, 0x03, 0xF8,
    0xBF, 0x00, 0x02, 0xFC, 0xFE, 0x00, 0x01, 0xFC, 0xFE, 0x00, 0x01, 0xFC, 0xFE, 0x00, 0x01, 0xFC,
    0xFE, 0x00, 0x01, 0xFC, 0xBF, 0x00, 0x02, 0xFC, 0x7F, 0x40, 0x03, 0xF8, 0x3F, 0xD7, 0x8F, 0xF0,
    0x0F, 0xFF, 0xFF, 0xD0, 0x03, 0xFF, 0xFF, 0x40, 0x00, 0x6F, 0xE4, 0x00, 0x00, 0x07, 0x80, 0x00,
    0x00, 0x0F, 0x00, 0x00, 0x0B, 0xFE, 0x00, 0x07, 0xFF, 0xFD, 0x00, 0xFF, 0xFF, 0xF4, 0x2F, 0xCF,
    0x6F, 0xC3, 0xF4, 0x00, 0xFC, 0x3F, 0x00, 0x0F, 0xC3, 0xF0, 0x00, 0xFC, 0x3F, 0x40, 0x0F, 0xC2,
    0xFC, 0xF2, 0xFC, 0x0F, 0xFF, 0xFF, 0x40, 0x3F, 0xFF, 0xE0, 0x00, 0x7F, 0xE0, 0x00, 0x00, 0xF0,
    0x00, 0x00, 0x00, 0x50, 0x00, 0x00, 0x00, 0x00, 0xFF, 0xD0, 0x00, 0x00, 0x00, 0x7F, 0xFF, 0x80,
    0x00, 0x00, 0x1E, 0x1F, 0xE0, 0x00, 0x00, 0x01, 0x7C, 0x14, 0x00, 0x00, 0x00, 0x1F, 0x80, 0x00,
    0x00, 0x00, 0x01, 0xE0, 0x00, 0x00, 0x00, 0x00, 0xB4, 0x00, 0x00, 0x00, 0x00, 0x60, 0x00, 0x00,
    0x00, 0x7F, 0x90, 0x1F, 0xE4, 0x00, 0xFF, 0xFC, 0x1F, 0xFF, 0x80, 0xBF, 0xAD, 0x03, 0x9B, 0xF4,
    0x3F, 0x00, 0x00, 0x00, 0xBF, 0x1F, 0x80, 0x00, 0x00, 0x0F, 0xCB, 0xD0, 0x00, 0x00, 0x03, 0xF7,
    0xF4, 0x00, 0x00, 0x00, 0xBD, 0xFD, 0x00, 0x00, 0x00, 0x2F, 0x6F, 0x40, 0x1F, 0xC0, 0x0B, 0xDB,
    0xE0, 0x07, 0xF0, 0x03, 0xF1, 0xFC, 0x01, 0xFC, 0x00, 0xFC, 0x3F, 0x80, 0x7F, 0x00, 0xFE, 0x07,
    0xFE, 0xBF, 0xF6, 0xFF, 0x00, 0xBF, 0xFF, 0xFF, 0xFF, 0x00, 0x06, 0xFE, 0x47, 0xFE, 0x00, 0x00,
    0x1F, 0xE4, 0x00, 0x00, 0x03, 0xFF, 0xF8, 0x00, 0x00, 0x7E, 0xBF, 0x80, 0x00, 0x01, 0x7D, 0x54,
    0x00, 0x00, 0x03, 0xF0, 0x00, 0x00, 0x00, 0x1E, 0x00, 0x00, 0x00, 0x03, 0x80, 0x00, 0x00, 0x00,
    0x00, 0x00, 0x00, 0x07, 0xFD, 0x0B, 0xF8, 0x02, 0xFF, 0xD0, 0xFF, 0xF0, 0x3F, 0xA8, 0x06, 0xBF,
    0xCB, 0xE0, 0x00, 0x00, 0xFC, 0xFD, 0x00, 0x00, 0x0F, 0xDF, 0xD0, 0x15, 0x00, 0xBE, 0xFD, 0x03,
    0xF4, 0x0B, 0xEF, 0xD0, 0x3F, 0x40, 0xFD, 0xBE, 0x03, 0xF4, 0x0F, 0xD7, 0xFA, 0xFF, 0xEB, 0xFC,
    0x2F, 0xFF, 0xBF, 0xFF, 0x40, 0x7F, 0xD0, 0xBF, 0x80, 0x00, 0x1F, 0xFF, 0xF0, 0x00, 0x00, 0x0F,
    0xFF, 0xF0, 0x00, 0x00, 0x0D, 0x24, 0xA0, 0x00, 0x00, 0x00, 0x00, 0x00, 0x00, 0x00, 0x00, 0x00,
    0x00, 0x00, 0xBF, 0x00, 0xFD, 0x00, 0xFD, 0xBF, 0x00, 0xFD, 0x00, 0xFD, 0x7F, 0x00, 0xFE, 0x00,
    0xFD, 0x7F, 0x00, 0xBE, 0x00, 0xFC, 0x3F, 0x00, 0xBF, 0x00, 0xFC, 0x3F, 0x40, 0xFF, 0x00, 0xFC,
    0x2F, 0x80, 0xFF, 0x41, 0xFC, 0x1F, 0xC1, 0xFF, 0x82, 0xF8, 0x0F, 0xC3, 0xFF, 0xC3, 0xF4, 0x0B,
    0xD3, 0xEF, 0xC3, 0xF0, 0x07, 0xF7, 0xCF, 0xD7, 0xE0, 0x03, 0xFB, 0xC7, 0xFB, 0xD0, 0x02, 0xFF,
    0x83, 0xFF, 0xC0, 0x00, 0xFF, 0x41, 0xFF, 0x40, 0x00, 0x7F, 0x00, 0xFF, 0x00, 0x00, 0x7F, 0xFF,
    0xC0, 0x00, 0x03, 0xFF, 0xFC, 0x00, 0x00, 0x20, 0x91, 0x40, 0x0B, 0xE0, 0x2F, 0x80, 0xBE, 0xBE,
    0x01, 0xF8, 0x0B, 0xE7, 0xF0, 0x1F, 0xC0, 0xBD, 0x3F, 0x00, 0xFC, 0x0F, 0xC3, 0xF0, 0x0F, 0xC0,
    0xFC, 0x2F, 0x42, 0xFD, 0x0F, 0xC1, 0xF8, 0x3F, 0xE2, 0xF4, 0x0F, 0xCB, 0xFF, 0x3F, 0x00, 0xBD,
    0xFA, 0xF7, 0xE0, 0x03, 0xFF, 0x0F, 0xFC, 0x00, 0x2F, 0xE0, 0xBF, 0x80, 0x00, 0xFC, 0x03, 0xF0,
    0x00, 0x00, 0x6F, 0xF9, 0x00, 0xFF, 0xFF, 0xC0, 0xFF, 0x9B, 0xE0, 0xFF, 0x00, 0x00, 0x7F, 0x00,
    0x00, 0x2F, 0x80, 0x00, 0x0B, 0xE0, 0x00, 0x03, 0xF4, 0x00, 0x00, 0xBE, 0x00, 0x00, 0x2F, 0x80,
    0x00, 0x07, 0xF0, 0x00, 0x00, 0xFE, 0x00, 0x00, 0x1F, 0xF9, 0xA8, 0x01, 0xFF, 0xFF, 0x00, 0x07,
    0xFF, 0xC0, 0x00, 0x07, 0xF0, 0x00, 0x01, 0xFC, 0x00, 0x00, 0x7F, 0x00, 0x00, 0x1F, 0xC0, 0x00,
    0x07, 0xF0, 0x01, 0xBF, 0xD0, 0x2F, 0xFF, 0xC1, 0xFE, 0xAE, 0x0B, 0xE0, 0x00, 0x3F, 0x40, 0x00,
    0xFC, 0x00, 0x03, 0xF0, 0x00, 0x0F, 0xC0, 0x00, 0x3F, 0x80, 0x00, 0x7F, 0x40, 0x00, 0xFF, 0xFC,
    0x00, 0xBF, 0xF0, 0x00, 0x1F, 0xC0, 0x00, 0x3F, 0x00, 0x00, 0xFC, 0x00, 0x03, 0xF0, 0x00, 0x0F,
    0xC0, 0x00, 0x00, 0x00, 0x00, 0x03, 0x40, 0x10, 0x2C, 0x00, 0xF5, 0xD0, 0x00, 0xBF, 0x00, 0x00,
    0xBE, 0x00, 0x03, 0xDF, 0x54, 0x2C, 0x08, 0xBD, 0xE0, 0x00, 0x7F, 0x00, 0x00, 0x7F, 0x80, 0x03,
    0xCB, 0x80, 0x1D, 0x00, 0x00, 0x60, 0x00, 0x00, 0x00, 0x00, 0x00, 0x00, 0x05, 0x0A, 0xAB, 0xCB,
    0xFF, 0xF1, 0xC0, 0x00, 0x00, 0x54, 0x1A, 0xFF, 0xCB, 0xFF, 0xF6, 0xF9, 0x2E, 0x2E, 0x0F, 0x83,
    0xC0, 0x2C, 0x3E, 0x0B, 0xC0, 0xF0, 0xE0, 0x01, 0x40, 0x02, 0xFF, 0xE8, 0x3F, 0xFF, 0xC3, 0xC1,
    0xBC, 0x00, 0x00, 0x0B, 0xD0, 0x00, 0x00, 0x00, 0x00, 0x18, 0x70, 0x00, 0x00, 0x00, 0x00, 0x10,
    0x10, 0x00, 0x00, 0x00, 0x00, 0x00, 0x00, 0x00, 0x00, 0x02, 0xF4, 0x00, 0x00, 0x2F, 0x80, 0x06,
    0x1C, 0x00, 0x00, 0x61, 0xD0, 0x00, 0x00, 0x00, 0x00, 0x00, 0x00, 0x00, 0x00, 0x00, 0x00, 0x00,
    0x00, 0x00, 0x00, 0x00, 0x00, 0x00, 0x00, 0x00, 0x00, 0x00, 0x00, 0x00, 0x00, 0x2F, 0x40, 0x00,
    0x00, 0x01, 0xF8, 0x91, 0xC0, 0x00, 0x00, 0x03, 0x4A, 0x00, 0x00, 0x00, 0x00, 0x00, 0x00, 0x00,
    0x00, 0x00, 0x00, 0x00, 0x00, 0x00, 0x00, 0x00, 0x00, 0x00, 0x00, 0x00, 0x00, 0x00, 0x00, 0x00,
    0x00, 0x02, 0xF4, 0x00, 0x00, 0x2F, 0x40, 0x06, 0x1C, 0x00, 0x00, 0x61, 0xC0, 0x04, 0x04, 0x00,
    0x00, 0x40, 0x50, 0x00, 0x00, 0x00, 0x00, 0x00, 0x00, 0x00, 0x00, 0x0B, 0xD0, 0x00, 0x00, 0x00,
    0x00, 0x28, 0x74, 0x00, 0x00, 0x00, 0x00, 0x00, 0x00, 0x00, 0x00, 0x00, 0x00, 0x00, 0xC0, 0x00,
    0x00, 0x00, 0x00, 0x01, 0xC0, 0x00, 0x00, 0x00, 0x00, 0x03, 0xC0, 0x00, 0x00, 0x00, 0xD0, 0x03,
    0x80, 0x00, 0x00, 0x00, 0xB0, 0x00, 0x00, 0x0B, 0x80, 0x00, 0x38, 0x00, 0x00, 0xBD, 0x00, 0x00,
    0x2C, 0x00, 0x00, 0x20, 0x00, 0x00, 0x00, 0x00, 0x00, 0x00, 0x00, 0x00, 0x00, 0x00, 0x00, 0x00,
    0x00, 0x00, 0x00, 0x00, 0x00, 0x00, 0x00, 0x64, 0x00, 0x00, 0x00, 0x02, 0x40, 0x3F, 0xC0, 0x00,
    0x00, 0x03, 0xF8, 0x06, 0x80, 0x00, 0x00, 0x00, 0x6D, 0x00, 0x00, 0x00, 0x00, 0x00, 0x00, 0x00,
    0x00, 0x00, 0x00, 0x00, 0x00, 0x00, 0x00, 0x00, 0x00, 0x00, 0x00, 0x00, 0x00, 0x00, 0x00, 0x10,
    0x00, 0x00, 0x1D, 0x00, 0x00, 0x38, 0x00, 0x00, 0xBD, 0x00, 0x00, 0x2C, 0x00, 0x02, 0xD0, 0x02,
    0xC0, 0x0E, 0x00, 0x00, 0x00, 0x03, 0xC0, 0x02, 0x00, 0x00, 0x00, 0x03, 0x80, 0x00, 0x00, 0x00,
    0x00, 0x03, 0x00, 0x00, 0x00, 0x02, 0x80, 0x0A, 0x00, 0x00, 0x3E, 0x02, 0xF4, 0x00, 0x02, 0xFF,
    0xFE, 0x00, 0x00, 0x07, 0xFF, 0x40, 0x00, 0x00, 0x00, 0x00, 0x00, 0x00, 0x00, 0x00, 0x00, 0x00,
    0x3E, 0x00, 0x0F, 0xF4, 0x03, 0xE0, 0x01, 0xFF, 0x40, 0x3E, 0x00, 0x3F, 0xF4, 0x03, 0xE0, 0x0B,
    0xFF, 0x40, 0x3E, 0x01, 0xFD, 0xF4, 0x03, 0xE0, 0x3F, 0x5F, 0x40, 0x3E, 0x0B, 0xF2, 0xF4, 0x03,
    0xE0, 0xFC, 0x2F, 0x40, 0x3E, 0x2F, 0x82, 0xF4, 0x03, 0xE7, 0xF0, 0x2F, 0x40, 0x3E, 0xFD, 0x02,
    0xF4, 0x03, 0xFF, 0xC0, 0x2F, 0x40, 0x3F, 0xF0, 0x02, 0xFF, 0xE3, 0xFE, 0x00, 0x2F, 0xFD, 0x3F,
    0xC0, 0x02, 0xFF, 0xC0, 0x00, 0x00, 0x00, 0xF8, 0x00, 0x00, 0x00, 0x1F, 0x40, 0x00, 0x00, 0x03,
    0xF0, 0x00, 0x00, 0x00, 0x7F, 0x00, 0x1F, 0x40, 0x7D, 0x00, 0x0F, 0xC0, 0xFC, 0x00, 0x0B, 0xFF,
    0xF8, 0x00, 0x01, 0xFF, 0x90, 0x00, 0x00, 0x00, 0x00, 0x00, 0x7E, 0x00, 0xBF, 0x40, 0x7E, 0x01,
    0xFF, 0x40, 0x7E, 0x03, 0xFF, 0x40, 0x7E, 0x0B, 0xFF, 0x40, 0x7E, 0x1F, 0xEF, 0x40, 0x7E, 0x3F,
    0x6F, 0x40, 0x7E, 0xBE, 0x2F, 0x40, 0x7F, 0xFC, 0x2F, 0x40, 0x7F, 0xF4, 0x2F, 0x40, 0x7F, 0xF0,
    0x2F, 0xFD, 0x7F, 0xD0, 0x2F, 0xFC, 0x7F, 0x80, 0x2F, 0xFC, 0x00, 0x00, 0x00, 0xF8, 0x00, 0x00,
    0x00, 0xF4, 0x00, 0x00, 0x02, 0xF4, 0x00, 0x00, 0x03, 0xF0, 0x0F, 0xC0, 0x00, 0x1B, 0xFA, 0x80,
    0x0B, 0xFF, 0xF0, 0x02, 0xFF, 0xFC, 0x00, 0x0F, 0xC0, 0x00, 0x03, 0xFA, 0x90, 0x00, 0xFF, 0xFF,
    0x80, 0x3F, 0xFF, 0xF8, 0x0F, 0xC0, 0xBF, 0x03, 0xF0, 0x0F, 0xD0, 0xFC, 0x03, 0xF4, 0x3F, 0x01,
    0xFC, 0x0F, 0xEB, 0xFF, 0x03, 0xFF, 0xFF, 0x00, 0xFF, 0xFD, 0x00, 0x0A, 0x40, 0x00, 0x07, 0xE0,
    0x00, 0x01, 0xF8, 0x00, 0x03, 0xFF, 0xFE, 0x00, 0xFF, 0xFF, 0x80, 0x1B, 0xF5, 0x50, 0x01, 0xF8,
    0x00, 0x00, 0x7E, 0x00, 0x00, 0x1F, 0x80, 0x00, 0x07, 0xF0, 0x00, 0x01, 0xFF, 0xFF, 0x40, 0x7F,
    0xFF, 0xF8, 0x1F, 0x80, 0x7F, 0x07, 0xE0, 0x0F, 0xC1, 0xFC, 0x1B, 0xF0, 0x7F, 0xFF, 0xF4, 0x1F,
    0xFF, 0xE0, 0x00, 0x3F, 0xFF, 0x80, 0x3F, 0xFF, 0xF0, 0x3F, 0x5B, 0xF8, 0x3F, 0x01, 0xFC, 0x3F,
    0x00, 0xFC, 0x3F, 0x2D, 0xFC, 0x3F, 0x2F, 0xFC, 0x3F, 0xFF, 0xF4, 0x3F, 0xFF, 0xD0, 0x3F, 0x56,
    0xF0, 0x3F, 0x00, 0x90, 0x3F, 0x00, 0x00, 0x3F, 0x00, 0x00, 0x3F, 0x00, 0x00, 0x3F, 0x00, 0x00,
    0x7D, 0x2F, 0x80, 0x7E, 0xFF, 0xF0, 0x7F, 0xEB, 0xF8, 0x7F, 0x01, 0xFC, 0x7F, 0x00, 0xFC, 0x7F,
    0x00, 0xFC, 0x7F, 0x00, 0xFC, 0x7F, 0x1E, 0xFC, 0x7F, 0x1F, 0xFC, 0x7F, 0xEF, 0xF8, 0x7F, 0xFF,
    0xF0, 0x7E, 0x7F, 0xF4, 0x7E, 0x00, 0xB4, 0x7E, 0x00, 0x00, 0x7E, 0x00, 0x00, 0x7E, 0x00, 0x00,
    0x7E, 0x00, 0x00, 0x00, 0x00, 0xA4, 0x00, 0x03, 0xE0, 0x00, 0x0F, 0x80, 0x00, 0x3E, 0x3F, 0xFF,
    0xF8, 0xFF, 0xFF, 0xE3, 0xF5, 0x55, 0x4F, 0xC0, 0x00, 0x3F, 0x00, 0x00, 0xFC, 0x00, 0x03, 0xF0,
    0x00, 0x0F, 0xC0, 0x00, 0x3F, 0x00, 0x00, 0xFC, 0x00, 0x03, 0xF0, 0x00, 0x0F, 0xC0, 0x00, 0x3F,
    0x00, 0x00, 0xFC, 0x00, 0x03, 0xF0, 0x00, 0x00, 0x00, 0x0F, 0xC0, 0x03, 0xF0, 0x00, 0xFD, 0xFF,
    0xFF, 0x7F, 0xFF, 0xDF, 0xD5, 0x57, 0xE0, 0x01, 0xF8, 0x00, 0x7E, 0x00, 0x1F, 0x80, 0x07, 0xE0,
    0x01, 0xF8, 0x00, 0x7E, 0x00, 0x1F, 0x80, 0x07, 0xE0, 0x00, 0x0F, 0xFF, 0xFC, 0x0F, 0xFF, 0xFC,
    0x0F, 0xD5, 0x54, 0x0F, 0xC0, 0x00, 0x0F, 0xC0, 0x00, 0x0F, 0xC0, 0x00, 0xBF, 0xFF, 0xC0, 0xBF,
    0xFF, 0xC0, 0x2F, 0xD5, 0x40, 0x0F, 0xC0, 0x00, 0x0F, 0xC0, 0x00, 0x0F, 0xC0, 0x00, 0x0F, 0xC0,
    0x00, 0x0F, 0xC0, 0x00, 0x0F, 0xC0, 0x00, 0x2F, 0xFF, 0xF2, 0xFF, 0xFF, 0x2F, 0xD5, 0x52, 0xF8,
    0x00, 0x2F, 0x80, 0x0F, 0xFF, 0xF0, 0xFF, 0xFF, 0x07, 0xFD, 0x50, 0x2F, 0x80, 0x02, 0xF8, 0x00,
    0x2F, 0x80, 0x02, 0xF8, 0x00, 0x3F, 0xFF, 0xF0, 0x03, 0xFF, 0xFF, 0x00, 0x3F, 0x55, 0x50, 0x03,
    0xF0, 0x00, 0x00, 0x3F, 0x00, 0x00, 0x03, 0xF0, 0x00, 0x00, 0x3F, 0x55, 0x00, 0x03, 0xFF, 0xFF,
    0x40, 0x3F, 0xFF, 0xFE, 0x03, 0xF0, 0x1B, 0xF4, 0x3F, 0x00, 0x2F, 0xC3, 0xF0, 0x00, 0xFC, 0x3F,
    0x00, 0x0F, 0xC3, 0xF0, 0x00, 0xFC, 0x3F, 0x00, 0x0F, 0xC0, 0x00, 0x01, 0xFC, 0x00, 0x00, 0x3F,
    0x80, 0x06, 0x9F, 0xF0, 0x00, 0xBF, 0xFD, 0x00, 0x07, 0xFE, 0x00, 0x7F, 0xFF, 0xC1, 0xFF, 0xFF,
    0x07, 0xF5, 0x54, 0x1F, 0x80, 0x00, 0x7E, 0x00, 0x01, 0xFF, 0xF8, 0x07, 0xFF, 0xFC, 0x1F, 0xDB,
    0xFC, 0x7E, 0x03, 0xF5, 0xF8, 0x07, 0xE7, 0xE0, 0x0F, 0xDF, 0x80, 0x3F, 0x00, 0x01, 0xF8, 0x00,
    0x0B, 0xD0, 0x2A, 0xFF, 0x00, 0xFF, 0xF4, 0x02, 0xFE, 0x00, 0x7F, 0x00, 0xBD, 0x00, 0xFC, 0x02,
    0xF8, 0x0B, 0xD0, 0x3F, 0x40, 0x0F, 0xC0, 0xBD, 0x0B, 0xE0, 0x00, 0x7F, 0x0B, 0xD0, 0xFC, 0x00,
    0x02, 0xF8, 0xBD, 0x3F, 0x00, 0x00, 0x0F, 0xCB, 0xDB, 0xE0, 0x00, 0x00, 0x3F, 0xBD, 0xFC, 0x00,
    0x00, 0x03, 0xFF, 0xFF, 0x80, 0x00, 0x00, 0xBE, 0xBD, 0xFC, 0x00, 0x00, 0x1F, 0xCB, 0xD7, 0xF0,
    0x00, 0x03, 0xF4, 0xBD, 0x2F, 0x80, 0x00, 0xBE, 0x0B, 0xD0, 0xFD, 0x00, 0x1F, 0xC0, 0xBD, 0x07,
    0xFF, 0xC3, 0xF4, 0x0B, 0xD0, 0x2F, 0xFC, 0xBE, 0x00, 0xBD, 0x00, 0xFF, 0xC0, 0x00, 0x00, 0x00,
    0x00, 0xFC, 0x00, 0x00, 0x00, 0x00, 0x0F, 0xC0, 0x00, 0x00, 0x00, 0x00, 0xFC, 0x00, 0x00, 0x00,
    0x00, 0x0F, 0xC0, 0x00, 0x00, 0x00, 0x00, 0x54, 0x1F, 0xC0, 0x7E, 0x02, 0xF8, 0x02, 0xFC, 0x1F,
    0x81, 0xFC, 0x00, 0x2F, 0x87, 0xE0, 0xFC, 0x00, 0x03, 0xF1, 0xF8, 0xFD, 0x00, 0x00, 0x7F, 0x7E,
    0xBE, 0x00, 0x00, 0x0B, 0xFF, 0xFF, 0x00, 0x00, 0x03, 0xF7, 0xEB, 0xE0, 0x00, 0x03, 0xF5, 0xF8,
    0xFD, 0x00, 0x02, 0xFC, 0x7E, 0x1F, 0xD0, 0x01, 0xFC, 0x1F, 0x82, 0xFF, 0xC0, 0xFD, 0x07, 0xE0,
    0x3F, 0xF0, 0xBF, 0x01, 0xF8, 0x07, 0xFC, 0x00, 0x00, 0x00, 0x00, 0x2F, 0x00, 0x00, 0x00, 0x00,
    0x0B, 0xC0, 0x00, 0x00, 0x00, 0x02, 0xF0, 0x00, 0x00, 0x00, 0x00, 0xBC, 0x0B, 0xFF, 0x40, 0x3F,
    0xFF, 0xF0, 0x2E, 0x9B, 0xF8, 0x00, 0x01, 0xFC, 0x00, 0x01, 0xF8, 0x00, 0x07, 0xF4, 0x03, 0xFF,
    0xD0, 0x03, 0xFF, 0x90, 0x01, 0x6B, 0xF4, 0x00, 0x01, 0xFC, 0x00, 0x00, 0xFC, 0x00, 0x01, 0xFC,
    0x3E, 0x9B, 0xFC, 0x3F, 0xFF, 0xF0, 0x1B, 0xFE, 0x40, 0x00, 0x1D, 0x00, 0x00, 0x0F, 0x00, 0x00,
    0x6F, 0x40, 0x00, 0xBF, 0x00, 0x00, 0xBD, 0x00, 0x1B, 0xFE, 0x03, 0xFF, 0xFC, 0x2E, 0x6F, 0xE0,
    0x00, 0x7E, 0x01, 0x6F, 0xC0, 0x7F, 0xF0, 0x07, 0xFF, 0xC0, 0x00, 0xBE, 0x00, 0x07, 0xF3, 0xA6,
    0xFF, 0x3F, 0xFF, 0xC2, 0xFF, 0xE0, 0x00, 0x78, 0x00, 0x02, 0xD0, 0x01, 0x7E, 0x00, 0x2F, 0xD0,
    0x01, 0xF8, 0x00, 0x3F, 0x00, 0x3F, 0x40, 0xFC, 0x02, 0xF8, 0x03, 0xF0, 0x1F, 0xC0, 0x0F, 0xC0,
    0xFC, 0x00, 0x3F, 0x0F, 0xD0, 0x00, 0xFC, 0xBE, 0x00, 0x03, 0xF7, 0xF0, 0x00, 0x0F, 0xFF, 0x80,
    0x00, 0x3F, 0x3F, 0x00, 0x00, 0xFC, 0xBF, 0x00, 0x03, 0xF0, 0xFE, 0x00, 0x0F, 0xC0, 0xFD, 0x00,
    0x3F, 0x01, 0xFF, 0xF4, 0xFC, 0x02, 0xFF, 0xD3, 0xF0, 0x03, 0xFF, 0x40, 0x00, 0x00, 0xBD, 0x00,
    0x00, 0x02, 0xF4, 0x00, 0x00, 0x0B, 0xD0, 0x00, 0x00, 0x2F, 0x40, 0x00, 0x00, 0x54, 0x7E, 0x01,
    0xFC, 0x1F, 0x80, 0xFD, 0x07, 0xE0, 0xFD, 0x01, 0xF8, 0xBE, 0x00, 0x7E, 0x7F, 0x00, 0x1F, 0xFF,
    0x00, 0x07, 0xEB, 0xF0, 0x01, 0xF8, 0xFE, 0x00, 0x7E, 0x1F, 0xD0, 0x1F, 0x82, 0xFF, 0xD7, 0xE0,
    0x3F, 0xF5, 0xF8, 0x03, 0xFD, 0x00, 0x00, 0x1F, 0x40, 0x00, 0x07, 0xD0, 0x00, 0x01, 0xF4, 0x00,
    0x00, 0x7D, 0x3F, 0x00, 0x7F, 0x4F, 0xCE, 0x3F, 0x43, 0xF3, 0xBF, 0x80, 0xFC, 0xFF, 0xC0, 0x3F,
    0x3F, 0xC0, 0x0F, 0xCF, 0xD0, 0x03, 0xFB, 0xE0, 0x00, 0xFF, 0xF8, 0x00, 0x3F, 0x3F, 0x40, 0x0F,
    0xCF, 0xF0, 0x03, 0xF3, 0xFF, 0x00, 0xFC, 0xFF, 0xE0, 0x3F, 0x39, 0xFC, 0x0F, 0xC0, 0x2F, 0xC3,
    0xF0, 0x03, 0xF8, 0x7E, 0x01, 0xFC, 0x7E, 0x77, 0xF4, 0x7E, 0x7F, 0xE0, 0x7E, 0x7F, 0xC0, 0x7E,
    0x7F, 0x00, 0x7F, 0xFD, 0x00, 0x7E, 0xFE, 0x00, 0x7E, 0x7F, 0x40, 0x7E, 0x7F, 0xC0, 0x7E, 0x7F,
    0xF0, 0x7E, 0x73, 0xF8, 0x7E, 0x00, 0xFD, 0x0F, 0xC0, 0x0F, 0xD0, 0xFF, 0xF0, 0xBE, 0x03, 0xFF,
    0xC7, 0xF0, 0x0B, 0xF5, 0x3F, 0x40, 0x0F, 0xC2, 0xF8, 0x00, 0x3F, 0x6F, 0xC0, 0x00, 0xFF, 0xFC,
    0x00, 0x03, 0xFF, 0xF8, 0x00, 0x0F, 0xC3, 0xF0, 0x00, 0x3F, 0x0B, 0xF0, 0x00, 0xFC, 0x0F, 0xD0,
    0x03, 0xF0, 0x1F, 0xC0, 0x0F, 0xC0, 0x3F, 0x80, 0x3F, 0x00, 0x3F, 0x40, 0xFC, 0x00, 0xBF, 0x00,
    0x1F, 0xC0, 0x00, 0x3F, 0xFF, 0x80, 0x0F, 0xFF, 0xE0, 0x01, 0xBF, 0x54, 0x00, 0x1F, 0xC0, 0x3F,
    0x07, 0xF0, 0x3F, 0x41, 0xFC, 0x2F, 0x80, 0x7F, 0x1F, 0xC0, 0x1F, 0xCF, 0xC0, 0x07, 0xFF, 0xD0,
    0x01, 0xFF, 0xF8, 0x00, 0x7F, 0x3F, 0x40, 0x1F, 0xC7, 0xF4, 0x07, 0xF0, 0xBF, 0x01, 0xFC, 0x0B,
    0xF0, 0x7F, 0x00, 0xFE, 0xFF, 0xF4, 0x02, 0xF8, 0xFF, 0xF4, 0x07, 0xF0, 0x57, 0xF4, 0x0F, 0xD0,
    0x02, 0xF4, 0x3F, 0x40, 0x02, 0xF4, 0xBE, 0x00, 0x02, 0xF5, 0xFC, 0x00, 0x02, 0xFB, 0xF0, 0x00,
    0x02, 0xFF, 0xF0, 0x00, 0x02, 0xF6, 0xF8, 0x00, 0x02, 0xF4, 0xFD, 0x00, 0x02, 0xF4, 0x7F, 0x00,
    0x02, 0xF4, 0x2F, 0xC0, 0x02, 0xF4, 0x0F, 0xE0, 0x02, 0xF4, 0x03, 0xF4, 0x02, 0xF4, 0x02, 0xFC,
    0xFF, 0xF8, 0x0B, 0xE3, 0xFF, 0xE0, 0x7F, 0x05, 0x6F, 0x83, 0xF0, 0x00, 0x7E, 0x2F, 0x40, 0x01,
    0xF9, 0xF8, 0x00, 0x07, 0xEF, 0xC0, 0x00, 0x1F, 0xBF, 0x00, 0x00, 0x7E, 0x7F, 0x00, 0x01, 0xF8,
    0xBE, 0x00, 0x07, 0xE0, 0xBE, 0x00, 0x1F, 0x80, 0xFD, 0x00, 0x7E, 0x00, 0xFC, 0x3F, 0x00, 0x0F,
    0xC0, 0x0F, 0xC0, 0x03, 0xF0, 0x03, 0xF0, 0x00, 0xFC, 0x00, 0xFC, 0x00, 0x3F, 0x00, 0x3F, 0x00,
    0x0F, 0xC0, 0x0F, 0xD5, 0x5B, 0xF0, 0x03, 0xFF, 0xFF, 0xFC, 0x00, 0xFF, 0xFF, 0xFF, 0x00, 0x3F,
    0x00, 0x0F, 0xC0, 0x0F, 0xC0, 0x03, 0xF0, 0x03, 0xF0, 0x00, 0xFC, 0x00, 0xFC, 0x00, 0x3F, 0x00,
    0x3F, 0x00, 0x0F, 0xFF, 0x0F, 0xC0, 0x03, 0xFF, 0xC3, 0xF0, 0x00, 0xFF, 0xF0, 0x00, 0x00, 0x00,
    0xFC, 0x00, 0x00, 0x00, 0x3F, 0x00, 0x00, 0x00, 0x0F, 0xC0, 0x00, 0x00, 0x03, 0xF0, 0x7E, 0x00,
    0xFC, 0x07, 0xE0, 0x0F, 0xC0, 0x7E, 0x00, 0xFC, 0x07, 0xE0, 0x0F, 0xC0, 0x7F, 0x55, 0xFC, 0x07,
    0xFF, 0xFF, 0xC0, 0x7F, 0xFF, 0xFC, 0x07, 0xE0, 0x0F, 0xC0, 0x7E, 0x00, 0xFC, 0x07, 0xE0, 0x0F,
    0xFF, 0x7E, 0x00, 0xFF, 0xF7, 0xE0, 0x0F, 0xFF, 0x00, 0x00, 0x03, 0xF0, 0x00, 0x00, 0x3F, 0x00,
    0x00, 0x03, 0xF0, 0x00, 0x00, 0x3F, 0x3F, 0x00, 0x0F, 0xFF, 0x4F, 0xC0, 0x03, 0xFF, 0xD3, 0xF0,
    0x00, 0xFD, 0x50, 0xFC, 0x00, 0x3F, 0x00, 0x3F, 0x00, 0x0F, 0xC0, 0x0F, 0xD5, 0x5B, 0xF0, 0x03,
    0xFF, 0xFF, 0xFC, 0x00, 0xFF, 0xFF, 0xFF, 0x00, 0x3F, 0x00, 0x0F, 0xC0, 0x0F, 0xC0, 0x03, 0xF0,
    0x03, 0xF0, 0x00, 0xFC, 0x00, 0xFC, 0x00, 0x3F, 0x00, 0x3F, 0x00, 0x0F, 0xC0, 0x0F, 0xC0, 0x03,
    0xF0, 0x03, 0xF0, 0x00, 0xFC, 0x00, 0x7E, 0x00, 0xFF, 0xFD, 0xF8, 0x03, 0xFF, 0xF7, 0xE0, 0x0F,
    0xE5, 0x5F, 0x80, 0x3F, 0x00, 0x7F, 0x55, 0xFC, 0x01, 0xFF, 0xFF, 0xF0, 0x07, 0xFF, 0xFF, 0xC0,
    0x1F, 0x80, 0x3F, 0x00, 0x7E, 0x00, 0xFC, 0x01, 0xF8, 0x03, 0xF0, 0x07, 0xE0, 0x0F, 0xC0, 0x1F,
    0x80, 0x3F, 0x00, 0x3F, 0xFF, 0xFF, 0x00, 0x00, 0x03, 0xFF, 0xFF, 0xF0, 0x00, 0x00, 0x3F, 0x55,
    0x7F, 0x00, 0x00, 0x03, 0xF0, 0x03, 0xF0, 0x00, 0x00, 0x3F, 0x00, 0x3F, 0x00, 0x00, 0x03, 0xF0,
    0x03, 0xF0, 0x00, 0x00, 0x3F, 0x00, 0x3F, 0x95, 0x40, 0x03, 0xF0, 0x03, 0xFF, 0xFF, 0x80, 0x3F,
    0x00, 0x3F, 0xFF, 0xFE, 0x03, 0xF0, 0x03, 0xF4, 0x0B, 0xF4, 0x3F, 0x00, 0x3F, 0x00, 0x1F, 0xC3,
    0xF0, 0x03, 0xF0, 0x00, 0xFC, 0x3F, 0x00, 0x3F, 0x00, 0x0F, 0xD3, 0xF0, 0x03, 0xF0, 0x00, 0xBD,
    0x3F, 0x00, 0x3F, 0x00, 0x0F, 0xD0, 0x00, 0x00, 0x00, 0x00, 0xFC, 0x00, 0x00, 0x00, 0x00, 0x2F,
    0xC0, 0x00, 0x00, 0x06, 0x9F, 0xF4, 0x00, 0x00, 0x00, 0x7F, 0xFD, 0x00, 0x00, 0x00, 0x07, 0xFE,
    0x40, 0x7F, 0xFF, 0xF8, 0x00, 0x1F, 0xFF, 0xFE, 0x00, 0x07, 0xF5, 0x6F, 0x80, 0x01, 0xF8, 0x07,
    0xE0, 0x00, 0x7E, 0x01, 0xF8, 0x00, 0x1F, 0x80, 0x7F, 0xF8, 0x07, 0xE0, 0x1F, 0xFF, 0xC1, 0xF8,
    0x07, 0xFB, 0xFC, 0x7E, 0x01, 0xF8, 0x3F, 0x5F, 0x80, 0x7E, 0x07, 0xE7, 0xE0, 0x1F, 0x80, 0xF9,
    0xF8, 0x07, 0xE0, 0x3E, 0x00, 0x00, 0x00, 0x1F, 0x80, 0x00, 0x00, 0x0F, 0xD0, 0x00, 0x02, 0xAF,
    0xF0, 0x00, 0x00, 0xFF, 0xF4, 0x00, 0x00, 0x2F, 0xE0, 0x00, 0x01, 0xBF, 0xC0, 0x00, 0x2F, 0xFF,
    0x00, 0x02, 0xFE, 0x64, 0x00, 0x0F, 0xD0, 0x2F, 0x80, 0x7F, 0x03, 0xFF, 0xC2, 0xF8, 0x2F, 0xEF,
    0x8B, 0xD0, 0xFC, 0x3F, 0x3F, 0x43, 0xF0, 0xBC, 0xBD, 0x0F, 0xC3, 0xF2, 0xF8, 0x2F, 0x0F, 0xC7,
    0xF0, 0x7D, 0x7E, 0x0F, 0xE0, 0xFF, 0xF0, 0x1F, 0xFB, 0xFF, 0x40, 0x1F, 0xFF, 0xFF, 0xE0, 0x0B,
    0xFE, 0xFF, 0x80, 0x00, 0x00, 0x54, 0x01, 0xBF, 0x00, 0x02, 0xFF, 0xC0, 0x00, 0xFE, 0x55, 0x00,
    0xBE, 0x0F, 0xF8, 0x3F, 0x0B, 0xFF, 0x4F, 0xC3, 0xE3, 0xE3, 0xF0, 0xF4, 0xF8, 0xFC, 0x3E, 0x3E,
    0x2F, 0x8B, 0xEF, 0x03, 0xFA, 0xFF, 0x40, 0x7F, 0xFF, 0xFC, 0x06, 0xFE, 0xFF, 0x00, 0x00, 0x05,
    0x40, 0x00, 0x7F, 0xF4, 0x07, 0xFF, 0xFD, 0x1F, 0xF9, 0xBC, 0x3F, 0x80, 0x00, 0x7F, 0x00, 0x00,
    0xBE, 0x00, 0x00, 0xFE, 0x00, 0x00, 0xFD, 0x00, 0x00, 0xFD, 0x00, 0x00, 0xBE, 0x00, 0x00, 0x7F,
    0x00, 0x00, 0x3F, 0x80, 0x00, 0x1F, 0xF9, 0xAC, 0x07, 0xFF, 0xFC, 0x00, 0xBF, 0xF8, 0x00, 0x0F,
    0x00, 0x00, 0x07, 0x80, 0x00, 0x1F, 0xC0, 0x00, 0x7F, 0x80, 0x00, 0x3E, 0x00, 0x00, 0xBF, 0xD0,
    0x1F, 0xFF, 0xC0, 0xFF, 0xAD, 0x0B, 0xF0, 0x00, 0x3F, 0x40, 0x00, 0xFC, 0x00, 0x03, 0xF0, 0x00,
    0x0F, 0xD0, 0x00, 0x2F, 0xC0, 0x00, 0x3F, 0xEB, 0xC0, 0x7F, 0xFF, 0x00, 0x1F, 0xF4, 0x00, 0x1D,
    0x00, 0x00, 0x3C, 0x00, 0x06, 0xF4, 0x00, 0x2F, 0xC0, 0x00, 0xBD, 0x00, 0xBF, 0xFF, 0xFE, 0xBF,
    0xFF, 0xFE, 0x55, 0xFF, 0x55, 0x00, 0xBE, 0x00, 0x00, 0xBE, 0x00, 0x00, 0xBE, 0x00, 0x00, 0xBE,
    0x00, 0x00, 0xBE, 0x00, 0x00, 0xBE, 0x00, 0x00, 0xBE, 0x00, 0x00, 0xBE, 0x00, 0x00, 0xBE, 0x00,
    0x00, 0xBF, 0xF8, 0x00, 0xBF, 0xF8, 0x00, 0xBF, 0xF8, 0x00, 0x01, 0xF8, 0x00, 0x01, 0xF8, 0x00,
    0x01, 0xF8, 0x00, 0x01, 0xF8, 0xBF, 0xFF, 0xFC, 0xBF, 0xFF, 0xFC, 0x15, 0xFE, 0x54, 0x00, 0xFD,
    0x00, 0x00, 0xFD, 0x00, 0x00, 0xFD, 0x00, 0x00, 0xFD, 0x00, 0x00, 0xFD, 0x00, 0x00, 0xFD, 0x00,
    0x00, 0xFF, 0xF0, 0x00, 0xFF, 0xF0, 0x00, 0xFF, 0xF0, 0x00, 0x02, 0xF0, 0x00, 0x02, 0xF0, 0x00,
    0x02, 0xF0, 0x00, 0x02, 0xF0, 0xBE, 0x00, 0x2F, 0xC3, 0xF0, 0x03, 0xF0, 0x2F, 0x80, 0xBE, 0x00,
    0xFC, 0x0F, 0xC0, 0x0B, 0xE2, 0xF8, 0x00, 0x3F, 0x7F, 0x00, 0x02, 0xFF, 0xE0, 0x00, 0x0F, 0xFC,
    0x00, 0x00, 0xBF, 0x40, 0x00, 0x03, 0xF0, 0x00, 0x00, 0x3F, 0x00, 0x00, 0x03, 0xF0, 0x00, 0x00,
    0x3F, 0x00, 0x00, 0x03, 0xF0, 0x00, 0x00, 0x3F, 0x00, 0x00, 0xFE, 0x00, 0xBF, 0x7F, 0x00, 0xFD,
    0x3F, 0x41, 0xFC, 0x2F, 0x82, 0xF8, 0x1F, 0xC3, 0xF4, 0x0F, 0xC7, 0xF0, 0x0B, 0xEB, 0xE0, 0x03,
    0xFF, 0xC0, 0x03, 0xFF, 0xC0, 0x01, 0xFF, 0x40, 0x00, 0xFF, 0x00, 0x00, 0xBE, 0x00, 0x00, 0xBE,
    0x00, 0x00, 0xBE, 0x00, 0x00, 0xBE, 0x00, 0x00, 0xBE, 0x00, 0x00, 0xBE, 0x00, 0xBE, 0x00, 0x2F,
    0xC3, 0xF0, 0x03, 0xF0, 0x2F, 0x80, 0xBE, 0x00, 0xFC, 0x0F, 0xC0, 0x0B, 0xE2, 0xF8, 0x00, 0x3F,
    0x7F, 0x00, 0x01, 0xFF, 0xD0, 0x00, 0x0F, 0xFC, 0x00, 0x00, 0x7F, 0x40, 0x00, 0xAF, 0xFE, 0x90,
    0x1F, 0xFF, 0xFD, 0x01, 0xFF, 0xFF, 0xD0, 0x00, 0x3F, 0x00, 0x00, 0x03, 0xF0, 0x00, 0x00, 0x3F,
    0x00, 0x00, 0xFE, 0x00, 0xBF, 0x7F, 0x00, 0xFD, 0x3F, 0x01, 0xFC, 0x2F, 0x82, 0xF8, 0x1F, 0xC3,
    0xF4, 0x0F, 0xC7, 0xF0, 0x0B, 0xEB, 0xE0, 0x03, 0xEF, 0xC0, 0x03, 0xFF, 0xC0, 0x02, 0xFF, 0x40,
    0x00, 0xFF, 0x00, 0x00, 0xFE, 0x00, 0x2F, 0xFF, 0xF8, 0x2F, 0xFF, 0xF8, 0x05, 0xBE, 0x50, 0x00,
    0xBE, 0x00, 0x00, 0xBE, 0x00, 0x7F, 0x00, 0x0F, 0xC0, 0x2F, 0x80, 0x2F, 0x80, 0x0F, 0xD0, 0x7F,
    0x00, 0x07, 0xF0, 0xFD, 0x00, 0x03, 0xF5, 0xF8, 0x00, 0x00, 0xFF, 0xF0, 0x00, 0x00, 0xBF, 0xD0,
    0x00, 0x00, 0x7F, 0xC0, 0x00, 0x00, 0xFF, 0xE0, 0x00, 0x02, 0xFB, 0xF4, 0x00, 0x03, 0xF1, 0xFC,
    0x00, 0x0F, 0xD0, 0xFE, 0x00, 0x1F, 0xC0, 0x3F, 0xFC, 0x3F, 0x40, 0x2F, 0xFC, 0xBE, 0x00, 0x0F,
    0xFC, 0x00, 0x00, 0x00, 0xFC, 0x00, 0x00, 0x00, 0xFC, 0x00, 0x00, 0x00, 0xFC, 0x00, 0x00, 0x00,
    0xFC, 0x7F, 0x40, 0xFE, 0x0B, 0xF0, 0xBF, 0x00, 0xFD, 0x3F, 0x40, 0x1F, 0xFF, 0x80, 0x02, 0xFF,
    0xC0, 0x00, 0x3F, 0xD0, 0x00, 0x1F, 0xFC, 0x00, 0x0F, 0xFF, 0x40, 0x0B, 0xE7, 0xF0, 0x07, 0xF0,
    0xFF, 0xF3, 0xF8, 0x1F, 0xFD, 0xFC, 0x02, 0xFF, 0x00, 0x00, 0x0F, 0xC0, 0x00, 0x03, 0xF0, 0x00,
    0x00, 0xFC, 0x00, 0x00, 0x3F, 0xBF, 0xFF, 0xFD, 0x3F, 0x02, 0xFF, 0xFF, 0xF4, 0xFC, 0x06, 0xAF,
    0xFA, 0x93, 0xF0, 0x00, 0x3F, 0x40, 0x0F, 0xC0, 0x00, 0xFD, 0x00, 0x3F, 0x00, 0x03, 0xF4, 0x00,
    0xFC, 0x00, 0x0F, 0xD0, 0x03, 0xF0, 0x00, 0x3F, 0x40, 0x0F, 0xC0, 0x00, 0xFD, 0x00, 0x3F, 0x00,
    0x03, 0xF4, 0x00, 0xFC, 0x00, 0x0F, 0xD0, 0x03, 0xF0, 0x00, 0x3F, 0x40, 0x0F, 0xC0, 0x00, 0xFF,
    0xAA, 0xFF, 0xA8, 0x03, 0xFF, 0xFF, 0xFF, 0xF0, 0x0F, 0xFF, 0xFF, 0xFF, 0xC0, 0x00, 0x00, 0x00,
    0x3F, 0x00, 0x00, 0x00, 0x00, 0xFC, 0x00, 0x00, 0x00, 0x03, 0xF0, 0x00, 0x00, 0x00, 0x0F, 0xC0,
    0x00, 0x00, 0x00, 0x15, 0xBF, 0xFF, 0xCB, 0xD0, 0x2F, 0xFF, 0xF2, 0xF4, 0x01, 0x7F, 0x94, 0xBD,
    0x00, 0x0F, 0xC0, 0x2F, 0x40, 0x03, 0xF0, 0x0B, 0xD0, 0x00, 0xFC, 0x02, 0xF4, 0x00, 0x3F, 0x00,
    0xBD, 0x00, 0x0F, 0xC0, 0x2F, 0x40, 0x03, 0xF0, 0x0B, 0xD0, 0x00, 0xFE, 0x57, 0xF9, 0x40, 0x3F,
    0xFF, 0xFF, 0xF0, 0x0F, 0xFF, 0xFF, 0xFC, 0x00, 0x00, 0x00, 0x2F, 0x00, 0x00, 0x00, 0x0B, 0xC0,
    0x00, 0x00, 0x02, 0xF0, 0x00, 0x00, 0x00, 0xBC, 0x00, 0x00, 0x00, 0x1A, 0x00, 0xFD, 0x00, 0x3F,
    0x40, 0xFD, 0x00, 0x3F, 0x40, 0xFD, 0x00, 0x3F, 0x40, 0xFD, 0x00, 0x3F, 0x40, 0xFD, 0x00, 0x3F,
    0x40, 0xFD, 0x00, 0x3F, 0x40, 0xFE, 0x00, 0x7F, 0x40, 0xBF, 0xEF, 0xFF, 0x40, 0x3F, 0xFF, 0xFF,
    0x40, 0x0B, 0xFE, 0x3F, 0x40, 0x00, 0x00, 0x3F, 0x40, 0x00, 0x00, 0x3F, 0x40, 0x00, 0x00, 0x3F,
    0xFD, 0x00, 0x00, 0x3F, 0xFD, 0x00, 0x00, 0x3F, 0xFD, 0x00, 0x00, 0x00, 0xBD, 0x00, 0x00, 0x00,
    0xBD, 0x00, 0x00, 0x00, 0xBD, 0x00, 0x00, 0x00, 0xBD, 0xFD, 0x00, 0xFC, 0x0F, 0xD0, 0x0F, 0xC0,
    0xFD, 0x00, 0xFC, 0x0F, 0xD0, 0x0F, 0xC0, 0xBD, 0x00, 0xFC, 0x0B, 0xE0, 0x6F, 0xC0, 0x7F, 0xFF,
    0xFC, 0x01, 0xFF, 0xEF, 0xC0, 0x00, 0x40, 0xFC, 0x00, 0x00, 0x0F, 0xFF, 0x00, 0x00, 0xFF, 0xF0,
    0x00, 0x0F, 0xFF, 0x00, 0x00, 0x03, 0xF0, 0x00, 0x00, 0x3F, 0x00, 0x00, 0x03, 0xF0, 0x00, 0x00,
    0x3F, 0xBE, 0x00, 0x2F, 0xAF, 0x80, 0x0B, 0xEB, 0xE0, 0x02, 0xFA, 0xF8, 0x00, 0xBE, 0xBE, 0x1C,
    0x2F, 0xAF, 0x87, 0x0B, 0xEB, 0xE1, 0xC2, 0xF9, 0xFE, 0xBB, 0xFE, 0x3F, 0xFF, 0xFF, 0x81, 0xFF,
    0xDB, 0xE0, 0x01, 0xC2, 0xF8, 0x00, 0x70, 0xBE, 0x00, 0x1C, 0x2F, 0x80, 0x00, 0x0B, 0xE0, 0x00,
    0x02, 0xF8, 0xFD, 0x00, 0xFC, 0xFD, 0x00, 0xFC, 0xFD, 0x00, 0xFC, 0xFD, 0x00, 0xFC, 0xFD, 0x34,
    0xFC, 0xBE, 0x35, 0xFC, 0x7F, 0xFF, 0xFC, 0x2F, 0xFE, 0xFC, 0x01, 0xB4, 0xFC, 0x00, 0x34, 0xFC,
    0x00, 0x34, 0xFC, 0x00, 0x00, 0xFC, 0x3F, 0x00, 0x00, 0x0F, 0xC0, 0x00, 0x03, 0xF0, 0x00, 0x00,
    0xFC, 0x00, 0x00, 0x3F, 0x01, 0x50, 0x0F, 0xFF, 0xFF, 0x83, 0xFF, 0xFF, 0xF4, 0xFE, 0x40, 0xFF,
    0x3F, 0x00, 0x1F, 0xCF, 0xC0, 0x03, 0xF3, 0xF0, 0x00, 0xFC, 0xFC, 0x00, 0x3F, 0x3F, 0x00, 0x0F,
    0xCF, 0xC0, 0x03, 0xF3, 0xF0, 0x00, 0xFC, 0x7E, 0x00, 0x00, 0x7E, 0x00, 0x00, 0x7E, 0x00, 0x00,
    0x7E, 0x00, 0x00, 0x7E, 0x2F, 0xD0, 0x7F, 0xFF, 0xF4, 0x7F, 0xEB, 0xFC, 0x7F, 0x01, 0xFC, 0x7F,
    0x00, 0xFC, 0x7E, 0x00, 0xFC, 0x7E, 0x00, 0xFC, 0x7E, 0x00, 0xFC, 0x7E, 0x00, 0xFC, 0x7E, 0x00,
    0xFC, 0x7E, 0x00, 0xFC, 0x7E, 0x00, 0xFC, 0x00, 0x01, 0xBF, 0xE4, 0x00, 0x00, 0x2F, 0xFF, 0xF8,
    0x00, 0x02, 0xFE, 0x9B, 0xF8, 0x2F, 0x1F, 0xD0, 0x03, 0xF4, 0xF8, 0xBE, 0x00, 0x07, 0xE3, 0xF7,
    0xF9, 0x55, 0x6F, 0xCB, 0xFF, 0xFF, 0xFF, 0xFF, 0x0B, 0xFF, 0xFF, 0xFF, 0xFC, 0x00, 0xFD, 0x00,
    0x00, 0x00, 0x02, 0xF8, 0x00, 0x00, 0x00, 0x07, 0xF0, 0x00, 0x00, 0x00, 0x0F, 0xE0, 0x00, 0x74,
    0x00, 0x1F, 0xF9, 0xAF, 0xD0, 0x00, 0x1F, 0xFF, 0xFF, 0x00, 0x00, 0x07, 0xFF, 0x90, 0x00, 0x00,
    0x02, 0xFE, 0x40, 0x00, 0x3F, 0xFF, 0x40, 0x03, 0xFE, 0xBF, 0x0F, 0x5F, 0xC0, 0x7E, 0x3E, 0xBE,
    0x01, 0xF8, 0xFF, 0xFF, 0xFF, 0xF0, 0xBF, 0xFF, 0xFF, 0xC0, 0x2F, 0x80, 0x00, 0x00, 0x7F, 0x00,
    0x00, 0x00, 0xFF, 0x9A, 0xC0, 0x00, 0xFF, 0xFF, 0x00, 0x00, 0xBF, 0xE4, 0x00, 0x01, 0xBF, 0xE4,
    0x00, 0x00, 0x2F, 0xFF, 0xF8, 0x00, 0x02, 0xFE, 0x9B, 0xF8, 0x2F, 0x1F, 0xD0, 0x03, 0xF4, 0xF8,
    0xBE, 0x00, 0x07, 0xE3, 0xF7, 0xF9, 0x55, 0x6F, 0xCB, 0xFF, 0xFF, 0xFF, 0xFF, 0x0B, 0xFF, 0xFF,
    0xFF, 0xFC, 0x00, 0xFD, 0x00, 0x00, 0x00, 0x03, 0xF8, 0x00, 0x00, 0x00, 0x07, 0xF0, 0x00, 0x00,
    0x00, 0x0F, 0xF4, 0x02, 0xF4, 0x00, 0x1F, 0xFF, 0xFF, 0xD0, 0x00, 0x0F, 0xFF, 0xFE, 0x00, 0x00,
    0x06, 0xFE, 0x40, 0x00, 0x00, 0x07, 0xF0, 0x00, 0x00, 0x00, 0x1F, 0xC0, 0x00, 0x00, 0x00, 0x7F,
    0x00, 0x00, 0x00, 0x01, 0xFC, 0x00, 0x00, 0x00, 0x02, 0xFE, 0x40, 0x00, 0x3F, 0xFF, 0x40, 0x03,
    0xFE, 0xBF, 0x0F, 0x5F, 0xC0, 0x7E, 0x3E, 0xBE, 0x01, 0xF8, 0xFF, 0xFF, 0xFF, 0xF0, 0xBF, 0xFF,
    0xFF, 0xC0, 0x2F, 0x80, 0x00, 0x00, 0x7F, 0x00, 0x00, 0x00, 0xFF, 0x9A, 0xC0, 0x01, 0xFF, 0xFF,
    0x00, 0x00, 0xBF, 0xF8, 0x00, 0x00, 0xBC, 0x00, 0x00, 0x02, 0xF0, 0x00, 0x00, 0x0B, 0xC0, 0x00,
    0x00, 0x2F, 0x00, 0x7F, 0xFD, 0x7F, 0xFD, 0x1F, 0xF4, 0x0B, 0xE0, 0x0B, 0xE0, 0x0B, 0xE0, 0x0B,
    0xE0, 0x0B, 0xE0, 0x0B, 0xE0, 0x0B, 0xE0, 0x0B, 0xE0, 0x0B, 0xE0, 0x0F, 0xF0, 0x7F, 0xFD, 0x7F,
    0xFD, 0x00, 0x02, 0x80, 0x64, 0x00, 0x00, 0x01, 0xF8, 0x3E, 0x00, 0x00, 0x00, 0x3F, 0xFF, 0x00,
    0x00, 0x00, 0x02, 0xFE, 0x00, 0x00, 0x00, 0x00, 0x00, 0x00, 0x00, 0x00, 0x00, 0x00, 0x00, 0x00,
    0x03, 0xF4, 0x03, 0xF0, 0x0B, 0xF0, 0x7F, 0x00, 0xFC, 0x03, 0xF0, 0x0B, 0xE0, 0x3F, 0x03, 0xF4,
    0x00, 0xFD, 0x0F, 0xC2, 0xF8, 0x00, 0x1F, 0xC3, 0xF0, 0xFC, 0x00, 0x02, 0xFA, 0xFD, 0xFD, 0x00,
    0x00, 0x3F, 0xFF, 0xFE, 0x00, 0x00, 0x1F, 0xFF, 0xFF, 0xC0, 0x00, 0x0F, 0xE3, 0xF3, 0xF8, 0x00,
    0x07, 0xF0, 0xFC, 0x3F, 0x40, 0x03, 0xF4, 0x3F, 0x0B, 0xF0, 0x02, 0xFC, 0x0F, 0xC0, 0xFD, 0x01,
    0xFC, 0x03, 0xF0, 0x1F, 0xC0, 0xFE, 0x00, 0xFC, 0x03, 0xF8, 0xBF, 0x00, 0x3F, 0x00, 0x7F, 0x40,
    0x00, 0x00, 0x00, 0x00, 0x00, 0x03, 0xF0, 0xFC, 0x00, 0x00, 0x2F, 0xFF, 0x80, 0x00, 0x00, 0xFF,
    0xF0, 0x00, 0x00, 0x00, 0x50, 0x00, 0x03, 0xF0, 0x1F, 0x40, 0xFC, 0x2F, 0x81, 0xF4, 0x2F, 0x80,
    0xFD, 0x1F, 0x43, 0xF0, 0x03, 0xF1, 0xF4, 0xFC, 0x00, 0x2F, 0xAF, 0xAF, 0x80, 0x00, 0xFF, 0xFF,
    0xF0, 0x00, 0x1F, 0xFF, 0xFF, 0x40, 0x03, 0xF5, 0xF5, 0xFC, 0x00, 0xBF, 0x1F, 0x4B, 0xE0, 0x1F,
    0xC1, 0xF4, 0x3F, 0x43, 0xF8, 0x1F, 0x42, 0xFC, 0xBF, 0x01, 0xF4, 0x0F, 0xE0, 0x3F, 0x00, 0x3F,
    0x83, 0xF0, 0x0B, 0xE0, 0x3F, 0x01, 0xFC, 0x03, 0xF0, 0x3F, 0x00, 0x3F, 0x0F, 0xD0, 0x03, 0xF2,
    0xF4, 0x00, 0x3F, 0x7E, 0x00, 0x03, 0xFF, 0xFE, 0x40, 0x3F, 0xFF, 0xFE, 0x03, 0xFA, 0xAF, 0xF8,
    0x3F, 0x00, 0x1F, 0xC3, 0xF0, 0x00, 0xBE, 0x3F, 0x00, 0x07, 0xE3, 0xF0, 0x00, 0x7F, 0x3F, 0x00,
    0x07, 0xE0, 0x00, 0x00, 0xFE, 0x00, 0x00, 0x2F, 0xC0, 0x03, 0xFF, 0xF8, 0x00, 0x3F, 0xFF, 0x00,
    0x02, 0xFF, 0x40, 0x7E, 0x01, 0xFD, 0x7E, 0x07, 0xF4, 0x7E, 0x0F, 0xD0, 0x7E, 0x3F, 0x40, 0x7F,
    0xFD, 0x00, 0x7F, 0xFF, 0x80, 0x7F, 0xFF, 0xF4, 0x7F, 0x9B, 0xFC, 0x7E, 0x00, 0xFD, 0x7E, 0x00,
    0xBE, 0x7E, 0x00, 0x7E, 0x7E, 0x00, 0x7E, 0x00, 0x00, 0x7E, 0x00, 0x00, 0xFD, 0x00, 0xAB, 0xFC,
    0x00, 0xBF, 0xF0, 0x00, 0xBF, 0x80, 0x00, 0xFF, 0xFF, 0xE0, 0x00, 0x0F, 0xFF, 0xFE, 0x00, 0x00,
    0xFD, 0x5B, 0xE0, 0x00, 0x0F, 0x80, 0xBE, 0x00, 0x01, 0xF8, 0x0B, 0xE0, 0x00, 0x1F, 0x40, 0xBE,
    0x00, 0x02, 0xF4, 0x0B, 0xE0, 0x00, 0x3F, 0x00, 0xBE, 0x00, 0x03, 0xF0, 0x0B, 0xE0, 0x00, 0x3F,
    0x00, 0xBE, 0x00, 0x07, 0xE0, 0x0B, 0xE0, 0x00, 0xBD, 0x00, 0xBE, 0x00, 0xAF, 0xC0, 0x0B, 0xFF,
    0xCF, 0xF8, 0x00, 0xBF, 0xF8, 0xFE, 0x00, 0x0B, 0xFF, 0x40, 0x00, 0x00, 0x02, 0xF0, 0x00, 0x00,
    0x00, 0x3F, 0x00, 0x00, 0x00, 0x0B, 0xE0, 0x00, 0x00, 0x00, 0xFD, 0x00, 0x03, 0xFF, 0xFF, 0x00,
    0x0F, 0xFF, 0xFC, 0x00, 0x3F, 0x5B, 0xF0, 0x00, 0xFC, 0x1F, 0xC0, 0x03, 0xE0, 0x7F, 0x00, 0x1F,
    0x81, 0xFC, 0x00, 0x7D, 0x07, 0xF0, 0x02, 0xF0, 0x1F, 0xC0, 0x0F, 0xC0, 0x7F, 0x02, 0xBE, 0x01,
    0xFD, 0x5F, 0xF0, 0x07, 0xFF, 0xBF, 0x40, 0x1F, 0xFD, 0x00, 0x00, 0x01, 0xF0, 0x00, 0x00, 0x0B,
    0xC0, 0x00, 0x00, 0x3F, 0x00, 0x00, 0x01, 0xF8, 0x00, 0x00, 0x06, 0x80, 0x3F, 0x00, 0x0F, 0xC3,
    0xF0, 0x00, 0xFC, 0x3F, 0x00, 0x0F, 0xC3, 0xF0, 0x00, 0xFC, 0x3F, 0x00, 0x0F, 0xC3, 0xF5, 0x56,
    0xFC, 0x3F, 0xFF, 0xFF, 0xC3, 0xFF, 0xFF, 0xFC, 0x3F, 0x00, 0x0F, 0xC3, 0xF0, 0x00, 0xFC, 0x3F,
    0x00, 0x0F, 0xC3, 0xF0, 0x00, 0xFC, 0x3F, 0x00, 0x0F, 0xC3, 0xF0, 0x00, 0xFC, 0x3F, 0x00, 0x0F,
    0xC0, 0x00, 0x01, 0xFC, 0x00, 0x00, 0x3F, 0x80, 0x0A, 0x9F, 0xF0, 0x00, 0xFF, 0xFD, 0x00, 0x0B,
    0xFE, 0x00, 0x7E, 0x00, 0xFC, 0x7E, 0x00, 0xFC, 0x7E, 0x00, 0xFC, 0x7E, 0x00, 0xFC, 0x7F, 0x55,
    0xFC, 0x7F, 0xFF, 0xFC, 0x7F, 0xFF, 0xFC, 0x7E, 0x00, 0xFC, 0x7E, 0x00, 0xFC, 0x7E, 0x00, 0xFC,
    0x7E, 0x00, 0xFC, 0x7E, 0x00, 0xFC, 0x00, 0x00, 0xFC, 0x00, 0x01, 0xFC, 0x01, 0x9B, 0xF4, 0x02,
    0xFF, 0xF0, 0x01, 0xFF, 0x40, 0x3F, 0x00, 0x0F, 0xC0, 0x0F, 0xC0, 0x03, 0xF0, 0x03, 0xF0, 0x00,
    0xFC, 0x00, 0xFC, 0x00, 0x3F, 0x00, 0x3F, 0x00, 0x0F, 0xC0, 0x0F, 0xD5, 0x5B, 0xF0, 0x03, 0xFF,
    0xFF, 0xFC, 0x00, 0xFF, 0xFF, 0xFF, 0x00, 0x3F, 0x00, 0x0F, 0xC0, 0x0F, 0xC0, 0x03, 0xF0, 0x03,
    0xF0, 0x00, 0xFC, 0x00, 0xFC, 0x00, 0x3F, 0x00, 0x3F, 0x00, 0x0F, 0xFF, 0x4F, 0xC0, 0x03, 0xFF,
    0xC3, 0xF0, 0x00, 0xFF, 0xF0, 0x00, 0x00, 0x00, 0xF8, 0x00, 0x00, 0x00, 0xBD, 0x00, 0x00, 0x00,
    0x3F, 0x00, 0x00, 0x00, 0x2F, 0xC0, 0x7E, 0x00, 0xFC, 0x01, 0xF8, 0x03, 0xF0, 0x07, 0xE0, 0x0F,
    0xC0, 0x1F, 0x80, 0x3F, 0x00, 0x7F, 0x55, 0xFC, 0x01, 0xFF, 0xFF, 0xF0, 0x07, 0xFF, 0xFF, 0xC0,
    0x1F, 0x80, 0x3F, 0x00, 0x7E, 0x00, 0xFC, 0x01, 0xF8, 0x03, 0xFF, 0xC7, 0xE0, 0x0F, 0xFF, 0x1F,
    0x80, 0x3F, 0xF8, 0x00, 0x00, 0x03, 0xD0, 0x00, 0x00, 0x1F, 0x00, 0x00, 0x00, 0xBC, 0x00, 0x00,
    0x03, 0xF0, 0xBE, 0x00, 0x2F, 0xAF, 0x80, 0x0B, 0xEB, 0xE0, 0x02, 0xFA, 0xF8, 0x00, 0xBE, 0xBE,
    0x00, 0x2F, 0xAF, 0x80, 0x0B, 0xEB, 0xF0, 0x03, 0xF9, 0xFF, 0xFF, 0xFE, 0x3F, 0xFF, 0xFF, 0x82,
    0xFF, 0x9B, 0xE0, 0x00, 0x02, 0xF8, 0x00, 0x00, 0xBE, 0x00, 0x03, 0xFF, 0x80, 0x00, 0xFF, 0xE0,
    0x00, 0x3F, 0xF8, 0x00, 0x0F, 0xC0, 0x00, 0x03, 0xF0, 0x00, 0x00, 0xFC, 0x00, 0x00, 0x3F, 0x00,
    0xFD, 0x00, 0xFC, 0xFD, 0x00, 0xFC, 0xFD, 0x00, 0xFC, 0xFD, 0x00, 0xFC, 0xBD, 0x00, 0xFC, 0xBE,
    0x06, 0xFC, 0x7F, 0xFF, 0xFC, 0x1F, 0xFE, 0xFC, 0x00, 0x40, 0xFC, 0x00, 0x1F, 0xFC, 0x00, 0x1F,
    0xFC, 0x00, 0x1F, 0xFC, 0x00, 0x1F, 0x40, 0x00, 0x1F, 0x40, 0x00, 0x1F, 0x40, 0x00, 0x1F, 0x40,
    0x3F, 0xD0, 0x00, 0xBF, 0xC0, 0x0F, 0xF8, 0x00, 0x3F, 0xF0, 0x03, 0xFF, 0x00, 0x1F, 0xFC, 0x00,
    0xFF, 0xD0, 0x0B, 0xFF, 0x00, 0x3E, 0xF8, 0x03, 0xEF, 0xC0, 0x0F, 0xBF, 0x01, 0xF7, 0xF0, 0x03,
    0xE7, 0xC0, 0xBC, 0xFC, 0x00, 0xF8, 0xF8, 0x3E, 0x3F, 0x00, 0x3E, 0x3F, 0x1F, 0x0F, 0xC0, 0x0F,
    0x8B, 0xCB, 0xC3, 0xF0, 0x03, 0xE0, 0xFB, 0xE0, 0xFC, 0x00, 0xF8, 0x3F, 0xF0, 0x3F, 0x00, 0x3E,
    0x0B, 0xFC, 0x0F, 0xFF, 0x0F, 0x81, 0xFE, 0x03, 0xFF, 0xC3, 0xE0, 0x3F, 0x00, 0xFF, 0xE0, 0x00,
    0x00, 0x00, 0x01, 0xF0, 0x00, 0x00, 0x00, 0x00, 0xFC, 0x00, 0x00, 0x00, 0x00, 0x7E, 0x00, 0x00,
    0x00, 0x00, 0x3F, 0x40, 0x7F, 0xC0, 0x07, 0xFC, 0x07, 0xFE, 0x00, 0xFF, 0xC0, 0x7F, 0xF0, 0x0F,
    0xFC, 0x07, 0xEF, 0x42, 0xFF, 0xC0, 0x7D, 0xF8, 0x3E, 0xFC, 0x07, 0xEB, 0xC7, 0xCF, 0xC0, 0x7E,
    0x3D, 0xBC, 0xFC, 0x07, 0xE3, 0xFF, 0x4F, 0xC0, 0x7E, 0x2F, 0xF0, 0xFC, 0x07, 0xE0, 0xFF, 0x0F,
    0xFF, 0x7E, 0x0F, 0xD0, 0xFF, 0xE7, 0xE0, 0xBC, 0x0F, 0xFD, 0x00, 0x00, 0x00, 0x03, 0xD0, 0x00,
    0x00, 0x00, 0xBC, 0x00, 0x00, 0x00, 0x0F, 0xC0, 0x00, 0x00, 0x01, 0xF8, 0x7F, 0xFD, 0x7F, 0xFD,
    0x1F, 0xF4, 0x0B, 0xE0, 0x0B, 0xE0, 0x0B, 0xE0, 0x0B, 0xE0, 0x0B, 0xE0, 0x0B, 0xE0, 0x0B, 0xE0,
    0x0B, 0xE0, 0x0B, 0xE0, 0x0F, 0xF0, 0x7F, 0xFD, 0x7F, 0xFD, 0x01, 0x90, 0x29, 0x00, 0x07, 0xD1,
    0xF4, 0x00, 0x0F, 0xFF, 0xC0, 0x00, 0x0B, 0xF8, 0x00, 0x00, 0x00, 0x00, 0x00, 0x00, 0x00, 0x00,
    0x00, 0x03, 0xFD, 0x00, 0x00, 0x1F, 0xF8, 0x00, 0x00, 0xBF, 0xF0, 0x00, 0x03, 0xF7, 0xD0, 0x00,
    0x1F, 0x8F, 0x80, 0x00, 0xBD, 0x3F, 0x00, 0x03, 0xF0, 0x7D, 0x00, 0x1F, 0x80, 0xFC, 0x00, 0xBF,
    0xFF, 0xF0, 0x03, 0xFF, 0xFF, 0xD0, 0x1F, 0xFF, 0xFF, 0xC0, 0xFD, 0x00, 0x3F, 0x03, 0xF0, 0x00,
    0xBE, 0x1F, 0xC0, 0x01, 0xFC, 0xFE, 0x00, 0x03, 0xF0, 0x00, 0x00, 0x00, 0x0F, 0x87, 0xE0, 0x3F,
    0xFF, 0x40, 0x3F, 0xF4, 0x00, 0x15, 0x00, 0x07, 0xFE, 0x00, 0xFF, 0xFF, 0x01, 0xEA, 0xFE, 0x00,
    0x01, 0xFC, 0x01, 0x5B, 0xF0, 0xBF, 0xFF, 0xCB, 0xFF, 0xFF, 0x3F, 0x80, 0xFC, 0xFC, 0x07, 0xF3,
    0xFD, 0xBF, 0xCB, 0xFF, 0xEF, 0x07, 0xF8, 0x7C, 0x00, 0x50, 0x10, 0x00, 0x07, 0xD3, 0xF0, 0x00,
    0x0F, 0x0B, 0x80, 0x00, 0x00, 0x00, 0x00, 0x00, 0x00, 0x00, 0x00, 0x00, 0xFF, 0x40, 0x00, 0x07,
    0xFE, 0x00, 0x00, 0x2F, 0xFC, 0x00, 0x00, 0xFD, 0xF4, 0x00, 0x07, 0xE3, 0xE0, 0x00, 0x2F, 0x4F,
    0xC0, 0x00, 0xFC, 0x1F, 0x40, 0x07, 0xE0, 0x3F, 0x00, 0x2F, 0xFF, 0xFC, 0x00, 0xFF, 0xFF, 0xF4,
    0x07, 0xFF, 0xFF, 0xF0, 0x3F, 0x40, 0x0F, 0xC0, 0xFC, 0x00, 0x2F, 0x87, 0xF0, 0x00, 0x7F, 0x3F,
    0x80, 0x00, 0xFC, 0x01, 0x40, 0x40, 0x1F, 0x4F, 0xC0, 0x3C, 0x2E, 0x00, 0x00, 0x00, 0x01, 0xFF,
    0x80, 0x3F, 0xFF, 0xC0, 0x7A, 0xBF, 0x80, 0x00, 0x7F, 0x00, 0x56, 0xFC, 0x2F, 0xFF, 0xF2, 0xFF,
    0xFF, 0xCF, 0xE0, 0x3F, 0x3F, 0x01, 0xFC, 0xFF, 0x6F, 0xF2, 0xFF, 0xFB, 0xC1, 0xFE, 0x1F, 0x00,
    0x0B, 0xFF, 0xFF, 0xF8, 0x00, 0x3F, 0xFF, 0xFF, 0xE0, 0x01, 0xFA, 0xFD, 0x55, 0x40, 0x0F, 0xC7,
    0xF0, 0x00, 0x00, 0x7E, 0x1F, 0xC0, 0x00, 0x03, 0xF0, 0x7F, 0x00, 0x00, 0x0F, 0x81, 0xFF, 0xFF,
    0x00, 0xBD, 0x07, 0xFF, 0xFC, 0x03, 0xF5, 0x6F, 0xD5, 0x50, 0x2F, 0xFF, 0xFF, 0x00, 0x00, 0xFF,
    0xFF, 0xFC, 0x00, 0x07, 0xE0, 0x07, 0xF0, 0x00, 0x3F, 0x00, 0x1F, 0xD5, 0x55, 0xFC, 0x00, 0x7F,
    0xFF, 0xEF, 0xD0, 0x01, 0xFF, 0xFF, 0x80, 0x02, 0xFF, 0x42, 0xFE, 0x00, 0x3F, 0xFF, 0xFF, 0xFF,
    0x00, 0x7A, 0xBF, 0xFA, 0xFE, 0x00, 0x00, 0x7F, 0x40, 0xFC, 0x00, 0x56, 0xFD, 0x57, 0xF0, 0x3F,
    0xFF, 0xFF, 0xFF, 0xC2, 0xFE, 0x6F, 0xFF, 0xFF, 0x0F, 0xD0, 0x7F, 0x00, 0x00, 0x3F, 0x02, 0xFD,
    0x00, 0x00, 0xFF, 0xAF, 0xFE, 0xAB, 0x81, 0xFF, 0xF5, 0xFF, 0xFE, 0x01, 0xFE, 0x40, 0xBF, 0xE0,
    0x19, 0x02, 0x83, 0xF0, 0xBC, 0x1F, 0xFF, 0x80, 0x6F, 0xD0, 0x00, 0x00, 0x00, 0x00, 0x00, 0x3F,
    0xFF, 0xD3, 0xFF, 0xFD, 0x3F, 0x55, 0x43, 0xF0, 0x00, 0x3F, 0x00, 0x03, 0xF0, 0x00, 0x3F, 0xFF,
    0xC3, 0xFF, 0xFC, 0x3F, 0x55, 0x43, 0xF0, 0x00, 0x3F, 0x00, 0x03, 0xF0, 0x00, 0x3F, 0x55, 0x43,
    0xFF, 0xFD, 0x3F, 0xFF, 0xD0, 0x00, 0x00, 0x00, 0x07, 0xE1, 0xF8, 0x03, 0xFF, 0xF0, 0x01, 0xFF,
    0xD0, 0x00, 0x15, 0x00, 0x00, 0xBF, 0x80, 0x07, 0xFF, 0xF0, 0x0F, 0xEA, 0xFC, 0x2F, 0x80, 0xFC,
    0x3F, 0x95, 0xBD, 0x3F, 0xFF, 0xFD, 0x3F, 0xFF, 0xFD, 0x3F, 0x40, 0x00, 0x2F, 0x80, 0x00, 0x0F,
    0xFA, 0xBC, 0x07, 0xFF, 0xFC, 0x00, 0xBF, 0xE4, 0x01, 0xBF, 0xF4, 0x00, 0x7F, 0xFF, 0xFD, 0x02,
    0xFE, 0x9B, 0xFC, 0x05, 0x00, 0x02, 0xFC, 0x00, 0x00, 0x03, 0xF4, 0x00, 0x00, 0x0B, 0xE7, 0xFF,
    0xFF, 0xFF, 0x9F, 0xFF, 0xFF, 0xFF, 0x3F, 0x55, 0x57, 0xF8, 0xFC, 0x00, 0x0B, 0xE3, 0xF4, 0x00,
    0x3F, 0x47, 0xF0, 0x02, 0xFC, 0x0F, 0xF9, 0xBF, 0xD0, 0x0F, 0xFF, 0xFD, 0x00, 0x06, 0xFF, 0x80,
    0x00, 0x07, 0xFE, 0x40, 0x1F, 0xFF, 0xF0, 0x1E, 0xAB, 0xF8, 0x00, 0x01, 0xFC, 0x00, 0x00, 0xFD,
    0x3F, 0xFF, 0xFD, 0x3F, 0xFF, 0xFD, 0x3F, 0x55, 0xFD, 0x3F, 0x00, 0xFC, 0x1F, 0xEB, 0xF8, 0x0B,
    0xFF, 0xF0, 0x01, 0xFF, 0x40, 0x00, 0x10, 0x14, 0x00, 0x03, 0xE2, 0xF0, 0x00, 0x0F, 0x47, 0xC0,
    0x00, 0x00, 0x00, 0x00, 0x00, 0x00, 0x00, 0x00, 0x06, 0xFF, 0xD0, 0x01, 0xFF, 0xFF, 0xF4, 0x0B,
    0xFA, 0x6F, 0xF0, 0x14, 0x00, 0x0B, 0xF0, 0x00, 0x00, 0x0F, 0xD0, 0x00, 0x00, 0x2F, 0x9F, 0xFF,
    0xFF, 0xFE, 0x7F, 0xFF, 0xFF, 0xFC, 0xFD, 0x55, 0x5F, 0xE3, 0xF0, 0x00, 0x2F, 0x8F, 0xD0, 0x00,
    0xFD, 0x1F, 0xC0, 0x0B, 0xF0, 0x3F, 0xE6, 0xFF, 0x40, 0x3F, 0xFF, 0xF4, 0x00, 0x1B, 0xFE, 0x00,
    0x01, 0x40, 0x40, 0x0B, 0xC3, 0xE0, 0x07, 0xC3, 0xD0, 0x00, 0x00, 0x00, 0x07, 0xFE, 0x40, 0x1F,
    0xFF, 0xF0, 0x1E, 0xAB, 0xF8, 0x00, 0x01, 0xFC, 0x00, 0x00, 0xFD, 0x3F, 0xFF, 0xFD, 0x3F, 0xFF,
    0xFD, 0x3F, 0x55, 0xFD, 0x3F, 0x00, 0xFC, 0x1F, 0xEB, 0xF8, 0x0B, 0xFF, 0xF0, 0x01, 0xFF, 0x40,
    0x00, 0x01, 0x40, 0x40, 0x00, 0x00, 0x00, 0xF8, 0xBC, 0x00, 0x00, 0x00, 0x3D, 0x1E, 0x00, 0x00,
    0x00, 0x00, 0x00, 0x00, 0x00, 0x00, 0x00, 0x00, 0x00, 0x00, 0x0F, 0xD0, 0x0F, 0xC0, 0x2F, 0xC1,
    0xFC, 0x03, 0xF0, 0x0F, 0xC0, 0x2F, 0x80, 0xFC, 0x0F, 0xD0, 0x03, 0xF4, 0x3F, 0x0B, 0xE0, 0x00,
    0x7F, 0x0F, 0xC3, 0xF0, 0x00, 0x0B, 0xEB, 0xF7, 0xF4, 0x00, 0x00, 0xFF, 0xFF, 0xF8, 0x00, 0x00,
    0x7F, 0xFF, 0xFF, 0x00, 0x00, 0x3F, 0x8F, 0xCF, 0xE0, 0x00, 0x1F, 0xC3, 0xF0, 0xFD, 0x00, 0x0F,
    0xD0, 0xFC, 0x2F, 0xC0, 0x0B, 0xF0, 0x3F, 0x03, 0xF4, 0x07, 0xF0, 0x0F, 0xC0, 0x7F, 0x03, 0xF8,
    0x03, 0xF0, 0x0F, 0xE2, 0xFC, 0x00, 0xFC, 0x01, 0xFD, 0x00, 0x05, 0x05, 0x00, 0x00, 0x02, 0xF0,
    0xF8, 0x00, 0x00, 0x1F, 0x0F, 0x40, 0x00, 0x00, 0x00, 0x00, 0x00, 0x3F, 0x01, 0xF4, 0x0F, 0xC2,
    0xF8, 0x1F, 0x42, 0xF8, 0x0F, 0xD1, 0xF4, 0x3F, 0x00, 0x3F, 0x1F, 0x4F, 0xC0, 0x02, 0xFA, 0xFA,
    0xF8, 0x00, 0x0F, 0xFF, 0xFF, 0x00, 0x01, 0xFF, 0xFF, 0xF4, 0x00, 0x3F, 0x5F, 0x5F, 0xC0, 0x0B,
    0xF1, 0xF4, 0xBE, 0x01, 0xFC, 0x1F, 0x43, 0xF4, 0x3F, 0x81, 0xF4, 0x2F, 0xCB, 0xF0, 0x1F, 0x40,
    0xFE, 0x01, 0x41, 0x40, 0x0B, 0xC3, 0xE0, 0x07, 0xC3, 0xD0, 0x00, 0x00, 0x00, 0x00, 0x00, 0x00,
    0x0B, 0xFF, 0x40, 0x3F, 0xFF, 0xF0, 0x2E, 0x9B, 0xF8, 0x00, 0x01, 0xFC, 0x00, 0x01, 0xF8, 0x01,
    0x6B, 0xF0, 0x03, 0xFF, 0x80, 0x03, 0xFF, 0xE0, 0x00, 0x07, 0xF8, 0x00, 0x00, 0xFC, 0x00, 0x00,
    0xFC, 0x00, 0x01, 0xFC, 0x3E, 0xAB, 0xF8, 0x3F, 0xFF, 0xF0, 0x1B, 0xFE, 0x40, 0x05, 0x01, 0x01,
    0xF4, 0xFC, 0x0F, 0x0B, 0x80, 0x00, 0x00, 0x1B, 0xFE, 0x03, 0xFF, 0xFC, 0x2E, 0x6F, 0xE0, 0x00,
    0x7E, 0x01, 0x6F, 0xC0, 0x7F, 0xF0, 0x07, 0xFF, 0xC0, 0x00, 0xBE, 0x00, 0x07, 0xF3, 0xA6, 0xFE,
    0x3F, 0xFF, 0xC2, 0xFF, 0xE0, 0x3F, 0xFF, 0xFC, 0x3F, 0xFF, 0xFC, 0x15, 0x5F, 0xF4, 0x00, 0x2F,
    0xC0, 0x00, 0xBF, 0x00, 0x02, 0xFC, 0x00, 0x03, 0xFF, 0x80, 0x03, 0xFF, 0xF4, 0x00, 0x17, 0xFC,
    0x00, 0x00, 0xFD, 0x00, 0x00, 0xBD, 0x00, 0x00, 0xFD, 0x7E, 0xAB, 0xFC, 0x7F, 0xFF, 0xF0, 0x1B,
    0xFF, 0x40, 0x3F, 0xFF, 0xFC, 0x3F, 0xFF, 0xFC, 0x15, 0x5B, 0xF4, 0x00, 0x0F, 0xD0, 0x00, 0x3F,
    0x40, 0x00, 0xFD, 0x00, 0x03, 0xF8, 0x00, 0x03, 0xFF, 0xD0, 0x03, 0xFF, 0xF4, 0x00, 0x07, 0xFC,
    0x00, 0x00, 0xFC, 0x00, 0x00, 0xFC, 0x00, 0x00, 0xFC, 0x00, 0x01, 0xFC, 0x7E, 0x6B, 0xF8, 0x7F,
    0xFF, 0xE0, 0x1B, 0xFE, 0x40, 0x00, 0x55, 0x54, 0x00, 0x1F, 0xFF, 0x80, 0x01, 0xFF, 0xF8, 0x00,
    0x00, 0x00, 0x00, 0x00, 0x00, 0x00, 0x03, 0xF0, 0x02, 0xFE, 0x3F, 0x00, 0x3F, 0xE3, 0xF0, 0x0B,
    0xFE, 0x3F, 0x00, 0xFF, 0xE3, 0xF0, 0x2F, 0xBE, 0x3F, 0x03, 0xEB, 0xE3, 0xF0, 0xBC, 0xBE, 0x3F,
    0x0F, 0x8B, 0xE3, 0xF2, 0xF0, 0xBE, 0x3F, 0x3E, 0x0B, 0xE3, 0xFF, 0xC0, 0xBE, 0x3F, 0xF8, 0x0B,
    0xE3, 0xFF, 0x00, 0xBE, 0x3F, 0xE0, 0x0B, 0xE3, 0xFC, 0x00, 0xBE, 0x01, 0x55, 0x40, 0x07, 0xFF,
    0xE0, 0x07, 0xFF, 0xE0, 0x00, 0x00, 0x00, 0x7E, 0x01, 0xFD, 0x7E, 0x03, 0xFD, 0x7E, 0x07, 0xFD,
    0x7E, 0x0F, 0xFD, 0x7E, 0x1F, 0xBD, 0x7E, 0x3E, 0xBD, 0x7E, 0x7C, 0xBD, 0x7E, 0xF8, 0xBD, 0x7F,
    0xF0, 0xBD, 0x7F, 0xD0, 0xBD, 0x7F, 0xC0, 0xBD, 0x7F, 0x40, 0xBD, 0x00, 0x50, 0x10, 0x00, 0x1F,
    0x4F, 0xC0, 0x00, 0xF0, 0xB8, 0x00, 0x00, 0x00, 0x00, 0x00, 0x00, 0x00, 0x03, 0xF0, 0x02, 0xFE,
    0x3F, 0x00, 0x3F, 0xE3, 0xF0, 0x0B, 0xFE, 0x3F, 0x00, 0xFF, 0xE3, 0xF0, 0x2F, 0xBE, 0x3F, 0x03,
    0xEB, 0xE3, 0xF0, 0xBC, 0xBE, 0x3F, 0x0F, 0x8B, 0xE3, 0xF2, 0xF0, 0xBE, 0x3F, 0x3E, 0x0B, 0xE3,
    0xFF, 0xC0, 0xBE, 0x3F, 0xF8, 0x0B, 0xE3, 0xFF, 0x00, 0xBE, 0x3F, 0xE0, 0x0B, 0xE3, 0xFC, 0x00,
    0xBE, 0x01, 0x41, 0x40, 0x0B, 0xC3, 0xE0, 0x07, 0xC3, 0xD0, 0x00, 0x00, 0x00, 0x7E, 0x01, 0xFD,
    0x7E, 0x03, 0xFD, 0x7E, 0x07, 0xFD, 0x7E, 0x0F, 0xFD, 0x7E, 0x1F, 0xBD, 0x7E, 0x3E, 0xBD, 0x7E,
    0x7C, 0xBD, 0x7E, 0xF8, 0xBD, 0x7F, 0xF0, 0xBD, 0x7F, 0xD0, 0xBD, 0x7F, 0xC0, 0xBD, 0x7F, 0x40,
    0xBD, 0x00, 0x50, 0x10, 0x00, 0x07, 0xD3, 0xF0, 0x00, 0x0F, 0x0B, 0x80, 0x00, 0x00, 0x00, 0x00,
    0x00, 0x00, 0x00, 0x00, 0x02, 0xFF, 0x90, 0x00, 0x7F, 0xFF, 0xF0, 0x07, 0xFE, 0x6F, 0xF0, 0x3F,
    0x80, 0x0F, 0xD1, 0xFC, 0x00, 0x2F, 0xCB, 0xE0, 0x00, 0x7F, 0x3F, 0x80, 0x00, 0xFC, 0xFE, 0x00,
    0x03, 0xF7, 0xF8, 0x00, 0x0F, 0xCB, 0xE0, 0x00, 0x7F, 0x1F, 0xC0, 0x02, 0xFC, 0x3F, 0x80, 0x0F,
    0xD0, 0x7F, 0xE6, 0xFF, 0x00, 0x7F, 0xFF, 0xF0, 0x00, 0x2F, 0xF9, 0x00, 0x01, 0x40, 0x50, 0x00,
    0xF8, 0xBC, 0x00, 0x3D, 0x1F, 0x00, 0x00, 0x00, 0x00, 0x00, 0xBF, 0x80, 0x01, 0xFF, 0xFD, 0x00,
    0xFE, 0xAF, 0xC0, 0xBE, 0x02, 0xF8, 0x3F, 0x40, 0x7F, 0x0F, 0xC0, 0x0F, 0xC3, 0xF0, 0x03, 0xF0,
    0xFD, 0x01, 0xFC, 0x2F, 0x80, 0xBE, 0x03, 0xFE, 0xFF, 0x00, 0x7F, 0xFF, 0x40, 0x02, 0xFE, 0x00,
    0x00, 0xBF, 0xE4, 0x00, 0x1F, 0xFF, 0xFC, 0x01, 0xFF, 0x9B, 0xFC, 0x0F, 0xD0, 0x03, 0xF4, 0x7E,
    0x00, 0x03, 0xF2, 0xF9, 0x55, 0x5F, 0xCF, 0xFF, 0xFF, 0xFF, 0x3F, 0xFF, 0xFF, 0xFD, 0xFD, 0x00,
    0x03, 0xF2, 0xF8, 0x00, 0x0F, 0xC7, 0xF0, 0x00, 0x7F, 0x0F, 0xE0, 0x03, 0xF4, 0x1F, 0xF9, 0xBF,
    0xC0, 0x1F, 0xFF, 0xFC, 0x00, 0x0B, 0xFE, 0x40, 0x00, 0x01, 0xBF, 0x80, 0x07, 0xFF, 0xF4, 0x1F,
    0xE6, 0xFC, 0x2F, 0x80, 0xBE, 0x3F, 0x95, 0xBF, 0x3F, 0xFF, 0xFF, 0x3F, 0xFF, 0xFF, 0x3F, 0x40,
    0x7F, 0x2F, 0x80, 0xBE, 0x0F, 0xE6, 0xFC, 0x07, 0xFF, 0xF4, 0x00, 0xBF, 0x80, 0x00, 0x50, 0x10,
    0x00, 0x07, 0xD3, 0xF0, 0x00, 0x0F, 0x0B, 0x80, 0x00, 0x00, 0x00, 0x00, 0x00, 0xBF, 0xE4, 0x00,
    0x1F, 0xFF, 0xFC, 0x01, 0xFF, 0x9B, 0xFC, 0x0F, 0xD0, 0x03, 0xF4, 0x7E, 0x00, 0x03, 0xF2, 0xF9,
    0x55, 0x5F, 0xCF, 0xFF, 0xFF, 0xFF, 0x3F, 0xFF, 0xFF, 0xFD, 0xFD, 0x00, 0x03, 0xF2, 0xF8, 0x00,
    0x0F, 0xC7, 0xF0, 0x00, 0x7F, 0x0F, 0xE0, 0x03, 0xF4, 0x1F, 0xF9, 0xBF, 0xC0, 0x1F, 0xFF, 0xFC,
    0x00, 0x0B, 0xFE, 0x40, 0x00, 0x01, 0x40, 0x50, 0x03, 0xE2, 0xF0, 0x03, 0xD1, 0xF0, 0x00, 0x00,
    0x00, 0x01, 0xBF, 0x80, 0x07, 0xFF, 0xF4, 0x1F, 0xE6, 0xFC, 0x2F, 0x80, 0xBE, 0x3F, 0x95, 0xBF,
    0x3F, 0xFF, 0xFF, 0x3F, 0xFF, 0xFF, 0x3F, 0x40, 0x7F, 0x2F, 0x80, 0xBE, 0x0F, 0xE6, 0xFC, 0x07,
    0xFF, 0xF4, 0x00, 0xBF, 0x80, 0x01, 0x01, 0x40, 0x03, 0xF1, 0xF4, 0x00, 0xB8, 0x3C, 0x00, 0x00,
    0x00, 0x00, 0x00, 0x00, 0x00, 0x02, 0xFF, 0xD0, 0x03, 0xFF, 0xFF, 0x00, 0x7A, 0x6F, 0xF0, 0x00,
    0x00, 0xBE, 0x00, 0x00, 0x0F, 0xC0, 0x15, 0x57, 0xF4, 0x0F, 0xFF, 0xFD, 0x03, 0xFF, 0xFF, 0x40,
    0x00, 0x0F, 0xD0, 0x00, 0x03, 0xF4, 0x00, 0x01, 0xFC, 0x00, 0x00, 0xFE, 0x0F, 0xA6, 0xFF, 0x03,
    0xFF, 0xFF, 0x00, 0x6F, 0xF9, 0x00, 0x04, 0x05, 0x00, 0xBC, 0x3E, 0x01, 0xE0, 0xF4, 0x00, 0x00,
    0x00, 0x1F, 0xF8, 0x00, 0xFF, 0xFD, 0x02, 0xAB, 0xFC, 0x00, 0x02, 0xF8, 0x05, 0x5B, 0xF0, 0x2F,
    0xFF, 0xC0, 0xBF, 0xFF, 0x00, 0x01, 0xFC, 0x00, 0x0B, 0xE0, 0xE6, 0xFF, 0x03, 0xFF, 0xF4, 0x0B,
    0xFE, 0x00, 0x01, 0x55, 0x50, 0x00, 0x2F, 0xFF, 0x40, 0x02, 0xFF, 0xF4, 0x00, 0x00, 0x00, 0x00,
    0x00, 0x00, 0x00, 0x0B, 0xF0, 0x00, 0xFC, 0x3F, 0x00, 0x1F, 0xC2, 0xF8, 0x02, 0xF4, 0x0F, 0xC0,
    0x3F, 0x00, 0xBD, 0x07, 0xE0, 0x03, 0xF0, 0xFC, 0x00, 0x2F, 0x1F, 0x80, 0x01, 0xFA, 0xF0, 0x00,
    0x0F, 0xFF, 0x00, 0x00, 0x7F, 0xD0, 0x00, 0x03, 0xFC, 0x00, 0x00, 0x3F, 0x40, 0x02, 0xFF, 0xF0,
    0x00, 0x2F, 0xFC, 0x00, 0x02, 0xFE, 0x00, 0x00, 0x00, 0x55, 0x50, 0x00, 0xBF, 0xFD, 0x00, 0x2F,
    0xFF, 0x40, 0x00, 0x00, 0x00, 0x3F, 0x80, 0x2F, 0x87, 0xF0, 0x0F, 0xD0, 0xFC, 0x03, 0xF0, 0x2F,
    0x41, 0xF8, 0x07, 0xF0, 0xBD, 0x00, 0xFC, 0x3F, 0x00, 0x2F, 0x5F, 0x80, 0x03, 0xEB, 0xC0, 0x00,
    0xBF, 0xF0, 0x00, 0x1F, 0xF4, 0x00, 0x03, 0xFC, 0x00, 0x00, 0xBE, 0x00, 0x00, 0x2F, 0x40, 0x00,
    0x1F, 0xC0, 0x01, 0xBF, 0xD0, 0x00, 0x7F, 0xE0, 0x00, 0x1F, 0xE0, 0x00, 0x00, 0x00, 0x40, 0x50,
    0x00, 0x3F, 0x1F, 0x40, 0x02, 0xE0, 0xF0, 0x00, 0x00, 0x00, 0x00, 0x00, 0x00, 0x00, 0x0B, 0xF0,
    0x00, 0xFC, 0x3F, 0x00, 0x1F, 0xC2, 0xF8, 0x02, 0xF4, 0x0F, 0xC0, 0x3F, 0x00, 0xBD, 0x07, 0xE0,
    0x03, 0xF0, 0xFC, 0x00, 0x2F, 0x1F, 0x80, 0x01, 0xFA, 0xF0, 0x00, 0x0F, 0xFF, 0x00, 0x00, 0x7F,
    0xD0, 0x00, 0x03, 0xFC, 0x00, 0x00, 0x3F, 0x40, 0x02, 0xFF, 0xF0, 0x00, 0x2F, 0xFC, 0x00, 0x02,
    0xFE, 0x00, 0x00, 0x00, 0x40, 0x50, 0x00, 0xBC, 0x3E, 0x00, 0x1F, 0x0F, 0x40, 0x00, 0x00, 0x00,
    0x3F, 0x80, 0x2F, 0x87, 0xF0, 0x0F, 0xD0, 0xFC, 0x03, 0xF0, 0x2F, 0x41, 0xF8, 0x07, 0xF0, 0xBD,
    0x00, 0xFC, 0x3F, 0x00, 0x2F, 0x5F, 0x80, 0x03, 0xEB, 0xC0, 0x00, 0xBF, 0xF0, 0x00, 0x1F, 0xF4,
    0x00, 0x03, 0xFC, 0x00, 0x00, 0xBE, 0x00, 0x00, 0x2F, 0x40, 0x00, 0x1F, 0xC0, 0x01, 0xBF, 0xD0,
    0x00, 0x7F, 0xE0, 0x00, 0x1F, 0xE0, 0x00, 0x00, 0x00, 0x1F, 0xDF, 0xC0, 0x03, 0xE3, 0xE0, 0x00,
    0xB4, 0xB4, 0x00, 0x00, 0x00, 0x00, 0x00, 0x00, 0x00, 0x0B, 0xF0, 0x00, 0xFC, 0x3F, 0x00, 0x1F,
    0xC2, 0xF8, 0x02, 0xF4, 0x0F, 0xC0, 0x3F, 0x00, 0xBD, 0x07, 0xE0, 0x03, 0xF0, 0xFC, 0x00, 0x2F,
    0x1F, 0x80, 0x01, 0xFA, 0xF0, 0x00, 0x0F, 0xFF, 0x00, 0x00, 0x7F, 0xD0, 0x00, 0x03, 0xFC, 0x00,
    0x00, 0x3F, 0x40, 0x02, 0xFF, 0xF0, 0x00, 0x2F, 0xFC, 0x00, 0x02, 0xFE, 0x00, 0x00, 0x00, 0xFD,
    0xFD, 0x02, 0xF2, 0xF0, 0x07, 0x87, 0x80, 0x00, 0x00, 0x00, 0xFD, 0x00, 0xBE, 0x7F, 0x00, 0xFD,
    0x3F, 0x00, 0xFC, 0x2F, 0x41, 0xF8, 0x1F, 0x83, 0xF4, 0x0F, 0xC3, 0xF0, 0x0B, 0xD7, 0xE0, 0x03,
    0xEB, 0xC0, 0x02, 0xFF, 0xC0, 0x01, 0xFF, 0x40, 0x00, 0xFF, 0x00, 0x00, 0xBE, 0x00, 0x00, 0xFD,
    0x00, 0x01, 0xFC, 0x00, 0x2B, 0xF4, 0x00, 0x7F, 0xE0, 0x00, 0x3F, 0x80, 0x00, 0x01, 0x40, 0x40,
    0x01, 0xF4, 0xFC, 0x00, 0x3C, 0x2E, 0x00, 0x00, 0x00, 0x00, 0x00, 0x00, 0x00, 0x2F, 0x80, 0x0F,
    0xCB, 0xE0, 0x03, 0xF2, 0xF8, 0x00, 0xFC, 0xBE, 0x00, 0x3F, 0x2F, 0x80, 0x0F, 0xCB, 0xF0, 0x03,
    0xF1, 0xFD, 0x01, 0xFC, 0x3F, 0xFF, 0xFF, 0x07, 0xFF, 0xFF, 0xC0, 0x1A, 0x97, 0xF0, 0x00, 0x00,
    0xFC, 0x00, 0x00, 0x3F, 0x00, 0x00, 0x0F, 0xC0, 0x00, 0x03, 0xF0, 0x00, 0x00, 0xFC, 0x05, 0x01,
    0x00, 0x3E, 0x2F, 0x00, 0xF4, 0x78, 0x00, 0x00, 0x00, 0xFD, 0x02, 0xFB, 0xF4, 0x0B, 0xEF, 0xD0,
    0x2F, 0xAF, 0x40, 0xBE, 0xBE, 0x02, 0xFA, 0xFE, 0xAF, 0xE3, 0xFF, 0xFF, 0x82, 0xFF, 0xFE, 0x00,
    0x02, 0xF8, 0x00, 0x0B, 0xE0, 0x00, 0x2F, 0x80, 0x00, 0xBE, 0x3F, 0xFF, 0xF4, 0xFF, 0xFF, 0xD3,
    0xF5, 0x55, 0x0F, 0xC0, 0x00, 0x3F, 0x00, 0x00, 0xFC, 0x00, 0x03, 0xF0, 0x00, 0x0F, 0xC0, 0x00,
    0x3F, 0x00, 0x00, 0xFC, 0x00, 0x03, 0xF0, 0x00, 0x0F, 0xC0, 0x00, 0x3F, 0xFC, 0x00, 0xFF, 0xF0,
    0x03, 0xFF, 0xC0, 0x00, 0x3F, 0x00, 0x00, 0xFC, 0x00, 0x03, 0xF0, 0x00, 0x0F, 0xC0, 0x00, 0x7F,
    0xFF, 0x5F, 0xFF, 0xD7, 0xF5, 0x51, 0xF8, 0x00, 0x7E, 0x00, 0x1F, 0x80, 0x07, 0xE0, 0x01, 0xF8,
    0x00, 0x7E, 0x00, 0x1F, 0xFE, 0x07, 0xFF, 0x81, 0xFF, 0xE0, 0x01, 0xF8, 0x00, 0x7E, 0x00, 0x1F,
    0x80, 0x07, 0xE0, 0x00, 0x04, 0x05, 0x00, 0x00, 0x0F, 0x8B, 0xC0, 0x00, 0x03, 0xD1, 0xF0, 0x00,
    0x00, 0x00, 0x00, 0x00, 0x00, 0x00, 0x00, 0x00, 0x0F, 0xC0, 0x00, 0x0F, 0xD3, 0xF0, 0x00, 0x03,
    0xF4, 0xFC, 0x00, 0x00, 0xFD, 0x3F, 0x00, 0x00, 0x3F, 0x4F, 0xC0, 0x00, 0x0F, 0xD3, 0xFF, 0xF8,
    0x03, 0xF4, 0xFF, 0xFF, 0xC0, 0xFD, 0x3F, 0xAF, 0xFC, 0x3F, 0x4F, 0xC0, 0x7F, 0x0F, 0xD3, 0xF0,
    0x0F, 0xD3, 0xF4, 0xFC, 0x03, 0xF4, 0xFD, 0x3F, 0x01, 0xFC, 0x3F, 0x4F, 0xEB, 0xFF, 0x0F, 0xD3,
    0xFF, 0xFF, 0x03, 0xF4, 0xFF, 0xFE, 0x00, 0xFD, 0x00, 0x10, 0x14, 0x00, 0x00, 0xBC, 0x3D, 0x00,
    0x00, 0x78, 0x3D, 0x00, 0x00, 0x00, 0x00, 0x00, 0x7F, 0x00, 0x00, 0xFC, 0x7F, 0x00, 0x00, 0xFC,
    0x7F, 0x00, 0x00, 0xFC, 0x7F, 0x00, 0x00, 0xFC, 0x7F, 0xFE, 0x40, 0xFC, 0x7F, 0xFF, 0xE0, 0xFC,
    0x7F, 0x5B, 0xF0, 0xFC, 0x7F, 0x03, 0xF4, 0xFC, 0x7F, 0x03, 0xF4, 0xFC, 0x7F, 0x5B, 0xF0, 0xFC,
    0x7F, 0xFF, 0xE0, 0xFC, 0x7F, 0xFE, 0x40, 0xFC, 0x0F, 0xFF, 0xFC, 0x0F, 0xFF, 0xFC, 0x0F, 0xD5,
    0x54, 0x0F, 0xC0, 0x00, 0x0F, 0xC0, 0x00, 0x0F, 0xC0, 0x00, 0xBF, 0xFF, 0xC0, 0xBF, 0xFF, 0xC0,
    0x2F, 0xD5, 0x40, 0x0F, 0xC0, 0x00, 0x0F, 0xC0, 0x00, 0x0F, 0xC0, 0x00, 0x0F, 0xD5, 0x00, 0x0F,
    0xFF, 0x00, 0x0F, 0xFF, 0x00, 0x00, 0x3F, 0x00, 0x00, 0x3F, 0x00, 0x01, 0xBF, 0x00, 0x07, 0xFE,
    0x00, 0x07, 0xF8, 0x00, 0x2F, 0xFF, 0xF2, 0xFF, 0xFF, 0x2F, 0xD5, 0x52, 0xF8, 0x00, 0x2F, 0x80,
    0x0F, 0xFF, 0xF0, 0xFF, 0xFF, 0x07, 0xFD, 0x50, 0x2F, 0x80, 0x02, 0xF9, 0x40, 0x2F, 0xFC, 0x02,
    0xFF, 0xC0, 0x00, 0x7C, 0x00, 0x07, 0xC0, 0x01, 0xFC, 0x00, 0xBF, 0x80, 0x07, 0xE0, 0x00, 0x7F,
    0x00, 0x1F, 0xC0, 0xBF, 0x00, 0xFE, 0x00, 0xFD, 0x0B, 0xF0, 0x01, 0xFC, 0x3F, 0x40, 0x03, 0xFA,
    0xF8, 0x00, 0x03, 0xFF, 0xC0, 0x00, 0x0B, 0xFD, 0x00, 0x00, 0x0F, 0xF0, 0x00, 0x00, 0xFF, 0xE0,
    0x00, 0x07, 0xFF, 0xC0, 0x00, 0x3F, 0x6F, 0xC0, 0x02, 0xFC, 0x3F, 0x80, 0x1F, 0xC0, 0x7F, 0xF8,
    0xFE, 0x00, 0xBF, 0xFB, 0xF0, 0x00, 0xFF, 0xC0, 0x00, 0x00, 0x7F, 0x00, 0x00, 0x01, 0xF8, 0x00,
    0x00, 0xAF, 0xE0, 0x00, 0x02, 0xFF, 0x00, 0x00, 0x0B, 0xF4, 0x7F, 0x00, 0xFD, 0x0F, 0xE0, 0xBF,
    0x00, 0xFC, 0x3F, 0x00, 0x2F, 0xFF, 0x80, 0x03, 0xFF, 0xC0, 0x00, 0x7F, 0xD0, 0x00, 0x1F, 0xF4,
    0x00, 0x0F, 0xFF, 0x00, 0x0B, 0xEB, 0xE0, 0x07, 0xF0, 0xFE, 0x53, 0xF4, 0x1F, 0xFA, 0xFC, 0x03,
    0xFE, 0x00, 0x00, 0x0F, 0x80, 0x00, 0x03, 0xE0, 0x00, 0x05, 0xF8, 0x00, 0x03, 0xFD, 0x00, 0x00,
    0xBD, 0x00, 0x7F, 0x00, 0x1F, 0xC2, 0xFC, 0x03, 0xF8, 0x0F, 0xD0, 0xBF, 0x00, 0x7F, 0x0F, 0xD0,
    0x03, 0xFA, 0xF8, 0x00, 0x0F, 0xFF, 0x00, 0x3F, 0xFF, 0xFF, 0xC3, 0xFF, 0xFF, 0xFC, 0x2A, 0xFF,
    0xFA, 0x80, 0x1F, 0xFF, 0x00, 0x03, 0xF6, 0xFC, 0x00, 0xBF, 0x0F, 0xE0, 0x1F, 0xC0, 0x7F, 0x03,
    0xF8, 0x02, 0xFC, 0xBF, 0x00, 0x0F, 0xE0, 0x7F, 0x00, 0xFD, 0x3F, 0x82, 0xFC, 0x0F, 0xC3, 0xF4,
    0x0B, 0xEB, 0xE0, 0x03, 0xFF, 0xC0, 0x3F, 0xFF, 0xFC, 0x3F, 0xFF, 0xFC, 0x17, 0xFF, 0xD4, 0x0B,
    0xFF, 0xE0, 0x0F, 0xC3, 0xF4, 0x3F, 0x82, 0xFC, 0xBF, 0x00, 0xFE, 0x00, 0x3F, 0xD0, 0x00, 0x01,
    0xFF, 0x80, 0x00, 0x0B, 0xFF, 0x00, 0x00, 0x3F, 0x7D, 0x00, 0x01, 0xF8, 0xF8, 0x00, 0x0B, 0xD3,
    0xF0, 0x00, 0x3F, 0x07, 0xD0, 0x01, 0xF8, 0x0F, 0xC0, 0x0B, 0xFF, 0xFF, 0x00, 0x3F, 0xFF, 0xFD,
    0x01, 0xFF, 0xFF, 0xFC, 0x0F, 0xD0, 0x03, 0xF0, 0x3F, 0x00, 0x0B, 0xE1, 0xFC, 0x00, 0x1F, 0xCF,
    0xE0, 0x00, 0x3F, 0x00, 0x00, 0x00, 0x00, 0x00, 0x00, 0x00, 0x00, 0x00, 0x3D, 0x00, 0x00, 0x01,
    0xFC, 0x00, 0x00, 0x03, 0xD0, 0x00, 0x01, 0xFF, 0x80, 0x3F, 0xFF, 0xC0, 0x7A, 0xBF, 0x80, 0x00,
    0x7F, 0x00, 0x56, 0xFC, 0x2F, 0xFF, 0xF2, 0xFF, 0xFF, 0xCF, 0xE0, 0x3F, 0x3F, 0x01, 0xFC, 0xFF,
    0x6F, 0xF2, 0xFF, 0xFB, 0xC1, 0xFE, 0x1F, 0x00, 0x00, 0x00, 0x00, 0x00, 0x00, 0x03, 0xD0, 0x00,
    0x1F, 0xC0, 0x00, 0x3D, 0x00, 0x00, 0x2F, 0x40, 0x00, 0x00, 0xFF, 0x40, 0x00, 0x00, 0x3E, 0x00,
    0x00, 0x01, 0xF4, 0x00, 0x00, 0x0F, 0x40, 0x00, 0x00, 0x14, 0x00, 0x00, 0x00, 0x00, 0x00, 0x00,
    0x0F, 0xF4, 0x00, 0x00, 0x7F, 0xE0, 0x00, 0x02, 0xFF, 0xC0, 0x00, 0x0F, 0xDF, 0x40, 0x00, 0x7E,
    0x3E, 0x00, 0x02, 0xF4, 0xFC, 0x00, 0x0F, 0xC1, 0xF4, 0x00, 0x7E, 0x03, 0xF0, 0x02, 0xFF, 0xFF,
    0xC0, 0x0F, 0xFF, 0xFF, 0x40, 0x7F, 0xFF, 0xFF, 0x03, 0xF4, 0x00, 0xFC, 0x0F, 0xC0, 0x02, 0xF8,
    0x7F, 0x00, 0x07, 0xF3, 0xF8, 0x00, 0x0F, 0xC0, 0x00, 0xBD, 0x00, 0x03, 0xFD, 0x00, 0x00, 0xF8,
    0x00, 0x07, 0xD0, 0x00, 0x3D, 0x00, 0x00, 0x50, 0x00, 0x1F, 0xF8, 0x03, 0xFF, 0xFC, 0x07, 0xAB,
    0xF8, 0x00, 0x07, 0xF0, 0x05, 0x6F, 0xC2, 0xFF, 0xFF, 0x2F, 0xFF, 0xFC, 0xFE, 0x03, 0xF3, 0xF0,
    0x1F, 0xCF, 0xF6, 0xFF, 0x2F, 0xFF, 0xBC, 0x1F, 0xE1, 0xF0, 0x00, 0x00, 0x03, 0xE0, 0x00, 0xBE,
    0x1E, 0x00, 0x07, 0xFE, 0x50, 0x00, 0x3D, 0x3D, 0x00, 0x01, 0x90, 0x28, 0x00, 0x00, 0x00, 0x00,
    0x00, 0x03, 0xFD, 0x00, 0x00, 0x1F, 0xF8, 0x00, 0x00, 0xBF, 0xF0, 0x00, 0x03, 0xF7, 0xD0, 0x00,
    0x1F, 0x8F, 0x80, 0x00, 0xBD, 0x3F, 0x00, 0x03, 0xF0, 0x7D, 0x00, 0x1F, 0x80, 0xFC, 0x00, 0xBF,
    0xFF, 0xF0, 0x03, 0xFF, 0xFF, 0xD0, 0x1F, 0xFF, 0xFF, 0xC0, 0xFD, 0x00, 0x3F, 0x03, 0xF0, 0x00,
    0xBE, 0x1F, 0xC0, 0x01, 0xFC, 0xFE, 0x00, 0x03, 0xF0, 0x00, 0x00, 0x05, 0x40, 0x00, 0x03, 0xD0,
    0x0F, 0xF2, 0xD0, 0x0B, 0xEF, 0x00, 0x07, 0x81, 0xF0, 0x00, 0x00, 0x00, 0x00, 0x1F, 0xF8, 0x00,
    0x3F, 0xFF, 0xC0, 0x07, 0xAB, 0xF8, 0x00, 0x00, 0x7F, 0x00, 0x05, 0x6F, 0xC0, 0x2F, 0xFF, 0xF0,
    0x2F, 0xFF, 0xFC, 0x0F, 0xE0, 0x3F, 0x03, 0xF0, 0x1F, 0xC0, 0xFF, 0x6F, 0xF0, 0x2F, 0xFF, 0xBC,
    0x01, 0xFE, 0x1F, 0x00, 0x7C, 0x00, 0x00, 0x00, 0x7C, 0x7E, 0x00, 0x00, 0x57, 0xFE, 0x00, 0x00,
    0x3D, 0x3D, 0x00, 0x01, 0x90, 0x28, 0x00, 0x00, 0x00, 0x00, 0x00, 0x03, 0xFD, 0x00, 0x00, 0x1F,
    0xF8, 0x00, 0x00, 0xBF, 0xF0, 0x00, 0x03, 0xF7, 0xD0, 0x00, 0x1F, 0x8F, 0x80, 0x00, 0xBD, 0x3F,
    0x00, 0x03, 0xF0, 0x7D, 0x00, 0x1F, 0x80, 0xFC, 0x00, 0xBF, 0xFF, 0xF0, 0x03, 0xFF, 0xFF, 0xD0,
    0x1F, 0xFF, 0xFF, 0xC0, 0xFD, 0x00, 0x3F, 0x03, 0xF0, 0x00, 0xBE, 0x1F, 0xC0, 0x01, 0xFC, 0xFE,
    0x00, 0x03, 0xF0, 0x14, 0x00, 0x00, 0x3D, 0x00, 0x00, 0x0B, 0x2F, 0xD0, 0x00, 0xBE, 0xF0, 0x01,
    0xE0, 0x7C, 0x00, 0x00, 0x00, 0x00, 0x7F, 0xE0, 0x03, 0xFF, 0xFC, 0x01, 0xEA, 0xFE, 0x00, 0x00,
    0x7F, 0x00, 0x15, 0xBF, 0x02, 0xFF, 0xFF, 0x0B, 0xFF, 0xFF, 0x0F, 0xE0, 0x3F, 0x0F, 0xC0, 0x7F,
    0x0F, 0xF6, 0xFF, 0x0B, 0xFF, 0xEF, 0x01, 0xFE, 0x1F, 0x00, 0x00, 0x0F, 0x80, 0x00, 0x00, 0x0B,
    0x00, 0x02, 0xFC, 0xB4, 0x00, 0x1F, 0xFC, 0x00, 0x00, 0xF4, 0xF4, 0x00, 0x06, 0x00, 0xA0, 0x00,
    0x00, 0x00, 0x00, 0x00, 0x0F, 0xF4, 0x00, 0x00, 0x7F, 0xE0, 0x00, 0x02, 0xFF, 0xC0, 0x00, 0x0F,
    0xDF, 0x40, 0x00, 0x7E, 0x3E, 0x00, 0x02, 0xF4, 0xFC, 0x00, 0x0F, 0xC1, 0xF4, 0x00, 0x7E, 0x03,
    0xF0, 0x02, 0xFF, 0xFF, 0xC0, 0x0F, 0xFF, 0xFF, 0x40, 0x7F, 0xFF, 0xFF, 0x03, 0xF4, 0x00, 0xFC,
    0x0F, 0xC0, 0x02, 0xF8, 0x7F, 0x00, 0x07, 0xF3, 0xF8, 0x00, 0x0F, 0xC0, 0x00, 0x00, 0x3D, 0x00,
    0x00, 0x02, 0xC0, 0x00, 0x00, 0xB0, 0x02, 0xFD, 0xB0, 0x02, 0xFB, 0xC0, 0x01, 0xE0, 0x7C, 0x00,
    0x00, 0x00, 0x00, 0x07, 0xFE, 0x00, 0x0F, 0xFF, 0xF0, 0x01, 0xEA, 0xFE, 0x00, 0x00, 0x1F, 0xC0,
    0x01, 0x5B, 0xF0, 0x0B, 0xFF, 0xFC, 0x0B, 0xFF, 0xFF, 0x03, 0xF8, 0x0F, 0xC0, 0xFC, 0x07, 0xF0,
    0x3F, 0xDB, 0xFC, 0x0B, 0xFF, 0xEF, 0x00, 0x7F, 0x87, 0xC0, 0x00, 0x19, 0x05, 0x00, 0x01, 0xFF,
    0xF0, 0x00, 0x05, 0x06, 0x00, 0x00, 0x02, 0xA4, 0x00, 0x00, 0x1F, 0xF0, 0x00, 0x01, 0xF1, 0xF0,
    0x00, 0x0A, 0x00, 0x90, 0x00, 0x00, 0x00, 0x00, 0x00, 0x3F, 0xD0, 0x00, 0x01, 0xFF, 0x80, 0x00,
    0x0B, 0xFF, 0x00, 0x00, 0x3F, 0x7D, 0x00, 0x01, 0xF8, 0xF8, 0x00, 0x0B, 0xD3, 0xF0, 0x00, 0x3F,
    0x07, 0xD0, 0x01, 0xF8, 0x0F, 0xC0, 0x0B, 0xFF, 0xFF, 0x00, 0x3F, 0xFF, 0xFD, 0x01, 0xFF, 0xFF,
    0xFC, 0x0F, 0xD0, 0x03, 0xF0, 0x3F, 0x00, 0x0B, 0xE1, 0xFC, 0x00, 0x1F, 0xCF, 0xE0, 0x00, 0x3F,
    0x00, 0x00, 0xBD, 0x38, 0x0B, 0xBF, 0xC0, 0x14, 0x18, 0x00, 0x0F, 0xE0, 0x00, 0xFB, 0xE0, 0x0B,
    0x42, 0xD0, 0x00, 0x00, 0x00, 0x7F, 0xE0, 0x0F, 0xFF, 0xF0, 0x1E, 0xAF, 0xE0, 0x00, 0x1F, 0xC0,
    0x15, 0xBF, 0x0B, 0xFF, 0xFC, 0xBF, 0xFF, 0xF3, 0xF8, 0x0F, 0xCF, 0xC0, 0x7F, 0x3F, 0xDB, 0xFC,
    0xBF, 0xFE, 0xF0, 0x7F, 0x87, 0xC0, 0x00, 0x1A, 0x40, 0x00, 0x00, 0xFF, 0x80, 0x00, 0x0F, 0xEF,
    0x40, 0x00, 0xB8, 0x1F, 0x00, 0x00, 0x00, 0x00, 0x00, 0x00, 0x00, 0x00, 0x00, 0x03, 0xFD, 0x00,
    0x00, 0x1F, 0xF8, 0x00, 0x00, 0xBF, 0xF0, 0x00, 0x03, 0xF7, 0xD0, 0x00, 0x1F, 0x8F, 0x80, 0x00,
    0xBD, 0x3F, 0x00, 0x03, 0xF0, 0x7D, 0x00, 0x1F, 0x80, 0xFC, 0x00, 0xBF, 0xFF, 0xF0, 0x03, 0xFF,
    0xFF, 0xD0, 0x1F, 0xFF, 0xFF, 0xC0, 0xFD, 0x00, 0x3F, 0x03, 0xF0, 0x00, 0xBE, 0x1F, 0xC0, 0x01,
    0xFC, 0xFE, 0x00, 0x03, 0xF0, 0x00, 0x00, 0x00, 0x00, 0x00, 0x00, 0x00, 0x00, 0x03, 0xD0, 0x00,
    0x00, 0x1F, 0xC0, 0x00, 0x00, 0x3D, 0x00, 0x00, 0x00, 0x29, 0x00, 0x03, 0xFE, 0x00, 0x3F, 0xBD,
    0x02, 0xF0, 0x7D, 0x00, 0x00, 0x00, 0x07, 0xFE, 0x00, 0xFF, 0xFF, 0x01, 0xEA, 0xFE, 0x00, 0x01,
    0xFC, 0x01, 0x5B, 0xF0, 0xBF, 0xFF, 0xCB, 0xFF, 0xFF, 0x3F, 0x80, 0xFC, 0xFC, 0x07, 0xF3, 0xFD,
    0xBF, 0xCB, 0xFF, 0xEF, 0x07, 0xF8, 0x7C, 0x00, 0x00, 0x00, 0x00, 0x00, 0x00, 0x0F, 0x40, 0x00,
    0xBF, 0x00, 0x00, 0xF4, 0x00, 0x00, 0x02, 0xE0, 0x00, 0x00, 0x1E, 0x00, 0x00, 0x0E, 0x53, 0xC0,
    0x00, 0x3F, 0xFE, 0x00, 0x00, 0x2F, 0xD0, 0x00, 0x00, 0x00, 0x00, 0x00, 0x00, 0x00, 0x00, 0x00,
    0x0F, 0xF4, 0x00, 0x00, 0x7F, 0xE0, 0x00, 0x02, 0xFF, 0xC0, 0x00, 0x0F, 0xDF, 0x40, 0x00, 0x7E,
    0x3E, 0x00, 0x02, 0xF4, 0xFC, 0x00, 0x0F, 0xC1, 0xF4, 0x00, 0x7E, 0x03, 0xF0, 0x02, 0xFF, 0xFF,
    0xC0, 0x0F, 0xFF, 0xFF, 0x40, 0x7F, 0xFF, 0xFF, 0x03, 0xF4, 0x00, 0xFC, 0x0F, 0xC0, 0x02, 0xF8,
    0x7F, 0x00, 0x07, 0xF3, 0xF8, 0x00, 0x0F, 0xC0, 0x00, 0x0B, 0x80, 0x00, 0x38, 0x00, 0x39, 0x4B,
    0x00, 0xFF, 0xF8, 0x00, 0xBF, 0x80, 0x00, 0x00, 0x00, 0x1F, 0xF8, 0x03, 0xFF, 0xFC, 0x07, 0xAB,
    0xF8, 0x00, 0x07, 0xF0, 0x05, 0x6F, 0xC2, 0xFF, 0xFF, 0x2F, 0xFF, 0xFC, 0xFE, 0x03, 0xF3, 0xF0,
    0x1F, 0xCF, 0xE1, 0xFF, 0x2F, 0xFF, 0xFC, 0x1F, 0xE1, 0xF0, 0x00, 0x3D, 0x00, 0x00, 0x00, 0x3C,
    0x00, 0x00, 0x0E, 0x13, 0xC0, 0x00, 0x3F, 0xFE, 0x00, 0x00, 0x2F, 0xD0, 0x00, 0x00, 0x00, 0x00,
    0x00, 0x00, 0x00, 0x00, 0x00, 0x0F, 0xF4, 0x00, 0x00, 0x7F, 0xE0, 0x00, 0x02, 0xFF, 0xC0, 0x00,
    0x0F, 0xDF, 0x40, 0x00, 0x7E, 0x3E, 0x00, 0x02, 0xF4, 0xFC, 0x00, 0x0F, 0xC1, 0xF4, 0x00, 0x7E,
    0x03, 0xF0, 0x02, 0xFF, 0xFF, 0xC0, 0x0F, 0xFF, 0xFF, 0x40, 0x7F, 0xFF, 0xFF, 0x03, 0xF4, 0x00,
    0xFC, 0x0F, 0xC0, 0x02, 0xF8, 0x7F, 0x00, 0x07, 0xF3, 0xF8, 0x00, 0x0F, 0xC0, 0x00, 0xF4, 0x00,
    0x00, 0xF0, 0x00, 0x38, 0x4B, 0x00, 0xFF, 0xF8, 0x00, 0xBF, 0x80, 0x00, 0x00, 0x00, 0x1F, 0xF8,
    0x03, 0xFF, 0xFC, 0x07, 0xAB, 0xF8, 0x00, 0x07, 0xF0, 0x05, 0x6F, 0xC2, 0xFF, 0xFF, 0x2F, 0xFF,
    0xFC, 0xFE, 0x03, 0xF3, 0xF0, 0x1F, 0xCF, 0xE1, 0xFF, 0x2F, 0xFF, 0xFC, 0x1F, 0xE1, 0xF0, 0x00,
    0x0F, 0x40, 0x00, 0x00, 0x0E, 0x00, 0x00, 0x18, 0xB2, 0x80, 0x00, 0x3F, 0xFE, 0x00, 0x00, 0x2F,
    0xE0, 0x00, 0x00, 0x00, 0x00, 0x00, 0x00, 0x00, 0x00, 0x00, 0x0F, 0xF4, 0x00, 0x00, 0x7F, 0xE0,
    0x00, 0x02, 0xFF, 0xC0, 0x00, 0x0F, 0xDF, 0x40, 0x00, 0x7E, 0x3E, 0x00, 0x02, 0xF4, 0xFC, 0x00,
    0x0F, 0xC1, 0xF4, 0x00, 0x7E, 0x03, 0xF0, 0x02, 0xFF, 0xFF, 0xC0, 0x0F, 0xFF, 0xFF, 0x40, 0x7F,
    0xFF, 0xFF, 0x03, 0xF4, 0x00, 0xFC, 0x0F, 0xC0, 0x02, 0xF8, 0x7F, 0x00, 0x07, 0xF3, 0xF8, 0x00,
    0x0F, 0xC0, 0x00, 0x3D, 0x00, 0x00, 0x78, 0x00, 0x01, 0x80, 0x01, 0xD0, 0x3C, 0x03, 0xFF, 0xD0,
    0x02, 0xFD, 0x00, 0x00, 0x00, 0x00, 0x7F, 0xE0, 0x0F, 0xFF, 0xF0, 0x1E, 0xAF, 0xE0, 0x00, 0x1F,
    0xC0, 0x15, 0xBF, 0x0B, 0xFF, 0xFC, 0xBF, 0xFF, 0xF3, 0xF8, 0x0F, 0xCF, 0xC0, 0x7F, 0x3F, 0x87,
    0xFC, 0xBF, 0xFF, 0xF0, 0x7F, 0x87, 0xC0, 0x00, 0x19, 0x05, 0x00, 0x01, 0xFF, 0xF4, 0x00, 0x05,
    0x06, 0x40, 0x00, 0x2C, 0x07, 0x40, 0x00, 0x7F, 0xFC, 0x00, 0x00, 0x7F, 0x80, 0x00, 0x00, 0x00,
    0x00, 0x00, 0x00, 0x00, 0x00, 0x00, 0x3F, 0xD0, 0x00, 0x01, 0xFF, 0x80, 0x00, 0x0B, 0xFF, 0x00,
    0x00, 0x3F, 0x7D, 0x00, 0x01, 0xF8, 0xF8, 0x00, 0x0B, 0xD3, 0xF0, 0x00, 0x3F, 0x07, 0xD0, 0x01,
    0xF8, 0x0F, 0xC0, 0x0B, 0xFF, 0xFF, 0x00, 0x3F, 0xFF, 0xFD, 0x01, 0xFF, 0xFF, 0xFC, 0x0F, 0xD0,
    0x03, 0xF0, 0x3F, 0x00, 0x0B, 0xE1, 0xFC, 0x00, 0x1F, 0xCF, 0xE0, 0x00, 0x3F, 0x00, 0x00, 0xBD,
    0x38, 0x07, 0xBF, 0xC0, 0x14, 0x18, 0x00, 0xB0, 0x1D, 0x01, 0xFF, 0xF0, 0x01, 0xFE, 0x00, 0x00,
    0x00, 0x00, 0x7F, 0xE0, 0x0F, 0xFF, 0xF0, 0x1E, 0xAF, 0xE0, 0x00, 0x1F, 0xC0, 0x15, 0xBF, 0x0B,
    0xFF, 0xFC, 0xBF, 0xFF, 0xF3, 0xF8, 0x0F, 0xCF, 0xC0, 0x7F, 0x3F, 0x87, 0xFC, 0xBF, 0xFF, 0xF0,
    0x7F, 0x87, 0xC0, 0x00, 0x80, 0x08, 0x00, 0x07, 0xE6, 0xF4, 0x00, 0x0F, 0xFF, 0x80, 0x00, 0x0B,
    0xF4, 0x00, 0x00, 0x00, 0x00, 0x00, 0x00, 0x00, 0x00, 0x00, 0x03, 0xFD, 0x00, 0x00, 0x1F, 0xF8,
    0x00, 0x00, 0xBF, 0xF0, 0x00, 0x03, 0xF7, 0xD0, 0x00, 0x1F, 0x8F, 0x80, 0x00, 0xBD, 0x3F, 0x00,
    0x03, 0xF0, 0x7D, 0x00, 0x1F, 0x80, 0xFC, 0x00, 0xBF, 0xFF, 0xF0, 0x03, 0xFF, 0xFF, 0xD0, 0x1F,
    0xFF, 0xFF, 0xC0, 0xFD, 0x00, 0x3F, 0x03, 0xF0, 0x00, 0xBE, 0x1F, 0xC0, 0x01, 0xFC, 0xFE, 0x00,
    0x03, 0xF0, 0x00, 0x00, 0x00, 0x00, 0x00, 0x00, 0x00, 0x00, 0x03, 0xD0, 0x00, 0x00, 0x1F, 0xC0,
    0x00, 0x00, 0x3D, 0x00, 0x00, 0x02, 0x00, 0x20, 0x0F, 0x9B, 0xD0, 0x2F, 0xFF, 0x00, 0x2F, 0xE0,
    0x00, 0x00, 0x00, 0x07, 0xFE, 0x00, 0xFF, 0xFF, 0x01, 0xEA, 0xFE, 0x00, 0x01, 0xFC, 0x01, 0x5B,
    0xF0, 0xBF, 0xFF, 0xCB, 0xFF, 0xFF, 0x3F, 0x80, 0xFC, 0xFC, 0x07, 0xF3, 0xFD, 0xBF, 0xCB, 0xFF,
    0xEF, 0x07, 0xF8, 0x7C, 0x00, 0x00, 0x00, 0x00, 0x00, 0x00, 0x1F, 0x40, 0x00, 0xBE, 0x00, 0x01,
    0xF4, 0x00, 0x3F, 0xFF, 0xD3, 0xFF, 0xFD, 0x3F, 0x55, 0x43, 0xF0, 0x00, 0x3F, 0x00, 0x03, 0xF0,
    0x00, 0x3F, 0xFF, 0xC3, 0xFF, 0xFC, 0x3F, 0x55, 0x43, 0xF0, 0x00, 0x3F, 0x00, 0x03, 0xF0, 0x00,
    0x3F, 0x55, 0x43, 0xFF, 0xFD, 0x3F, 0xFF, 0xD0, 0x00, 0x00, 0x00, 0x00, 0x00, 0x2F, 0x00, 0x03,
    0xF4, 0x00, 0x2F, 0x00, 0x00, 0xBF, 0x80, 0x07, 0xFF, 0xF0, 0x0F, 0xEA, 0xFC, 0x2F, 0x80, 0xFC,
    0x3F, 0x95, 0xBD, 0x3F, 0xFF, 0xFD, 0x3F, 0xFF, 0xFD, 0x3F, 0x40, 0x00, 0x2F, 0x80, 0x00, 0x0F,
    0xFA, 0xBC, 0x07, 0xFF, 0xFC, 0x00, 0xBF, 0xE4, 0x00, 0x00, 0x00, 0x00, 0x00, 0x00, 0x00, 0x2F,
    0x00, 0x00, 0x3F, 0x40, 0x00, 0x2F, 0x00, 0x03, 0xE0, 0x00, 0x7F, 0xC0, 0x00, 0x7D, 0x00, 0x0B,
    0xC0, 0x01, 0xF0, 0x00, 0x04, 0x00, 0x00, 0x00, 0x03, 0xFF, 0xFD, 0x3F, 0xFF, 0xD3, 0xF5, 0x54,
    0x3F, 0x00, 0x03, 0xF0, 0x00, 0x3F, 0x00, 0x03, 0xFF, 0xFC, 0x3F, 0xFF, 0xC3, 0xF5, 0x54, 0x3F,
    0x00, 0x03, 0xF0, 0x00, 0x3F, 0x00, 0x03, 0xF5, 0x54, 0x3F, 0xFF, 0xD3, 0xFF, 0xFD, 0x00, 0x7F,
    0x40, 0x00, 0xBF, 0xC0, 0x00, 0x07, 0xC0, 0x00, 0x1F, 0x80, 0x00, 0x2E, 0x00, 0x00, 0x00, 0x00,
    0x00, 0xBF, 0x80, 0x07, 0xFF, 0xF0, 0x0F, 0xEA, 0xFC, 0x2F, 0x80, 0xFC, 0x3F, 0x95, 0xBD, 0x3F,
    0xFF, 0xFD, 0x3F, 0xFF, 0xFD, 0x3F, 0x40, 0x00, 0x2F, 0x80, 0x00, 0x0F, 0xFA, 0xBC, 0x07, 0xFF,
    0xFC, 0x00, 0xBF, 0xE4, 0x01, 0x40, 0x40, 0xFF, 0xBD, 0x2F, 0xFF, 0xC3, 0xC2, 0xF0, 0x00, 0x00,
    0x00, 0x00, 0x00, 0x3F, 0xFF, 0xD3, 0xFF, 0xFD, 0x3F, 0x55, 0x43, 0xF0, 0x00, 0x3F, 0x00, 0x03,
    0xF0, 0x00, 0x3F, 0xFF, 0xC3, 0xFF, 0xFC, 0x3F, 0x55, 0x43, 0xF0, 0x00, 0x3F, 0x00, 0x03, 0xF0,
    0x00, 0x3F, 0x55, 0x43, 0xFF, 0xFD, 0x3F, 0xFF, 0xD0, 0x00, 0x50, 0x10, 0x03, 0xFE, 0xB4, 0x0B,
    0xFF, 0xF0, 0x0F, 0x0B, 0xD0, 0x00, 0x00, 0x00, 0x00, 0xBF, 0x80, 0x07, 0xFF, 0xF0, 0x0F, 0xEA,
    0xFC, 0x2F, 0x80, 0xFC, 0x3F, 0x95, 0xBD, 0x3F, 0xFF, 0xFD, 0x3F, 0xFF, 0xFD, 0x3F, 0x40, 0x00,
    0x2F, 0x80, 0x00, 0x0F, 0xFA, 0xBC, 0x07, 0xFF, 0xFC, 0x00, 0xBF, 0xE4, 0x00, 0x00, 0x7C, 0x03,
    0xF4, 0xF0, 0x0F, 0xFD, 0x40, 0x2E, 0x2E, 0x00, 0x28, 0x06, 0x00, 0x00, 0x00, 0x00, 0x3F, 0xFF,
    0xD0, 0x3F, 0xFF, 0xD0, 0x3F, 0x55, 0x40, 0x3F, 0x00, 0x00, 0x3F, 0x00, 0x00, 0x3F, 0x00, 0x00,
    0x3F, 0xFF, 0xC0, 0x3F, 0xFF, 0xC0, 0x3F, 0x55, 0x40, 0x3F, 0x00, 0x00, 0x3F, 0x00, 0x00, 0x3F,
    0x00, 0x00, 0x3F, 0x55, 0x40, 0x3F, 0xFF, 0xD0, 0x3F, 0xFF, 0xD0, 0x00, 0x00, 0x0B, 0xC0, 0x00,
    0x00, 0xF0, 0x00, 0xBF, 0x54, 0x00, 0x2E, 0x3D, 0x00, 0x03, 0x80, 0xA0, 0x00, 0x00, 0x00, 0x00,
    0x00, 0xBF, 0x80, 0x00, 0x7F, 0xFF, 0x00, 0x0F, 0xEA, 0xFC, 0x02, 0xF8, 0x0F, 0xC0, 0x3F, 0x95,
    0xBD, 0x03, 0xFF, 0xFF, 0xD0, 0x3F, 0xFF, 0xFD, 0x03, 0xF4, 0x00, 0x00, 0x2F, 0x80, 0x00, 0x00,
    0xFF, 0xAB, 0xC0, 0x07, 0xFF, 0xFC, 0x00, 0x0B, 0xFE, 0x40, 0x3D, 0x00, 0x00, 0x07, 0xC7, 0xF0,
    0x00, 0x17, 0xFF, 0x00, 0x02, 0xE3, 0xE0, 0x00, 0x90, 0x28, 0x00, 0x00, 0x00, 0x00, 0x0F, 0xFF,
    0xF4, 0x03, 0xFF, 0xFD, 0x00, 0xFD, 0x55, 0x00, 0x3F, 0x00, 0x00, 0x0F, 0xC0, 0x00, 0x03, 0xF0,
    0x00, 0x00, 0xFF, 0xFF, 0x00, 0x3F, 0xFF, 0xC0, 0x0F, 0xD5, 0x50, 0x03, 0xF0, 0x00, 0x00, 0xFC,
    0x00, 0x00, 0x3F, 0x00, 0x00, 0x0F, 0xD5, 0x50, 0x03, 0xFF, 0xFD, 0x00, 0xFF, 0xFF, 0x40, 0x7D,
    0x00, 0x00, 0x07, 0xC0, 0x00, 0x00, 0x12, 0xFD, 0x00, 0x02, 0xE3, 0xD0, 0x00, 0xE0, 0x28, 0x00,
    0x00, 0x00, 0x00, 0x02, 0xFE, 0x00, 0x07, 0xFF, 0xF0, 0x03, 0xFA, 0xBF, 0x02, 0xF8, 0x0F, 0xC0,
    0xFE, 0x56, 0xF4, 0x3F, 0xFF, 0xFD, 0x0F, 0xFF, 0xFF, 0x43, 0xF4, 0x00, 0x00, 0xBE, 0x00, 0x00,
    0x0F, 0xFA, 0xBC, 0x01, 0xFF, 0xFF, 0x00, 0x0B, 0xFE, 0x40, 0x00, 0x02, 0xF0, 0x00, 0x01, 0xD0,
    0x7F, 0x5D, 0x03, 0xEF, 0x00, 0x2E, 0x1F, 0x00, 0x90, 0x18, 0x00, 0x00, 0x00, 0x0F, 0xFF, 0xF4,
    0x3F, 0xFF, 0xD0, 0xFD, 0x55, 0x03, 0xF0, 0x00, 0x0F, 0xC0, 0x00, 0x3F, 0x00, 0x00, 0xFF, 0xFF,
    0x03, 0xFF, 0xFC, 0x0F, 0xD5, 0x50, 0x3F, 0x00, 0x00, 0xFC, 0x00, 0x03, 0xF0, 0x00, 0x0F, 0xD5,
    0x50, 0x3F, 0xFF, 0xD0, 0xFF, 0xFF, 0x40, 0x00, 0x00, 0x3E, 0x00, 0x00, 0x02, 0xC0, 0x00, 0x00,
    0x70, 0x02, 0xFD, 0x70, 0x01, 0xFB, 0xD0, 0x00, 0xF0, 0x7C, 0x00, 0x00, 0x00, 0x00, 0x02, 0xFE,
    0x00, 0x07, 0xFF, 0xF0, 0x03, 0xFA, 0xBF, 0x02, 0xF8, 0x0F, 0xC0, 0xFE, 0x56, 0xF4, 0x3F, 0xFF,
    0xFD, 0x0F, 0xFF, 0xFF, 0x43, 0xF4, 0x00, 0x00, 0xBE, 0x00, 0x00, 0x0F, 0xFA, 0xBC, 0x01, 0xFF,
    0xFF, 0x00, 0x0B, 0xFE, 0x40, 0x02, 0x51, 0x40, 0xFF, 0xF8, 0x08, 0x19, 0x00, 0x1F, 0x80, 0x03,
    0xFD, 0x00, 0xF4, 0xF4, 0x18, 0x02, 0x80, 0x00, 0x00, 0x3F, 0xFF, 0xD3, 0xFF, 0xFD, 0x3F, 0x55,
    0x43, 0xF0, 0x00, 0x3F, 0x00, 0x03, 0xF0, 0x00, 0x3F, 0xFF, 0xC3, 0xFF, 0xFC, 0x3F, 0x55, 0x43,
    0xF0, 0x00, 0x3F, 0x00, 0x03, 0xF0, 0x00, 0x3F, 0x55, 0x43, 0xFF, 0xFD, 0x3F, 0xFF, 0xD0, 0x00,
    0x24, 0x14, 0x00, 0xFF, 0xB8, 0x02, 0xC7, 0xE0, 0x00, 0x00, 0x00, 0x00, 0x3F, 0xC0, 0x00, 0xBE,
    0xE0, 0x01, 0xD0, 0x78, 0x00, 0x00, 0x00, 0x00, 0xBF, 0x80, 0x07, 0xFF, 0xF0, 0x0F, 0xEA, 0xFC,
    0x2F, 0x80, 0xFC, 0x3F, 0x95, 0xBD, 0x3F, 0xFF, 0xFD, 0x3F, 0xFF, 0xFD, 0x3F, 0x40, 0x00, 0x2F,
    0x80, 0x00, 0x0F, 0xFA, 0xBC, 0x07, 0xFF, 0xFC, 0x00, 0xBF, 0xE4, 0x01, 0xA4, 0x00, 0x3F, 0xD0,
    0x0F, 0xAF, 0x03, 0xE0, 0xBC, 0x00, 0x00, 0x00, 0x00, 0x00, 0x3F, 0xFF, 0xD3, 0xFF, 0xFD, 0x3F,
    0x55, 0x43, 0xF0, 0x00, 0x3F, 0x00, 0x03, 0xF0, 0x00, 0x3F, 0xFF, 0xC3, 0xFF, 0xFC, 0x3F, 0x55,
    0x43, 0xF0, 0x00, 0x3F, 0x00, 0x03, 0xF0, 0x00, 0x3F, 0x55, 0x43, 0xFF, 0xFD, 0x3F, 0xFF, 0xD0,
    0x00, 0x00, 0x00, 0x00, 0x00, 0x2F, 0x00, 0x03, 0xF4, 0x00, 0x2F, 0x00, 0x00, 0x29, 0x00, 0x00,
    0xFF, 0x80, 0x03, 0xFB, 0xD0, 0x0B, 0x81, 0xF0, 0x00, 0x00, 0x00, 0x00, 0xBF, 0x80, 0x07, 0xFF,
    0xF0, 0x0F, 0xEA, 0xFC, 0x2F, 0x80, 0xFC, 0x3F, 0x95, 0xBD, 0x3F, 0xFF, 0xFD, 0x3F, 0xFF, 0xFD,
    0x3F, 0x40, 0x00, 0x2F, 0x80, 0x00, 0x0F, 0xFA, 0xBC, 0x07, 0xFF, 0xFC, 0x00, 0xBF, 0xE4, 0x00,
    0x00, 0x00, 0x00, 0x00, 0x00, 0x00, 0x2F, 0x00, 0x00, 0x3F, 0x40, 0x00, 0x2F, 0x00, 0x1F, 0x80,
    0x2F, 0xF0, 0x01, 0xF0, 0x02, 0xF0, 0x0B, 0xD0, 0x07, 0x40, 0x00, 0x00, 0x7F, 0xFD, 0x7F, 0xFD,
    0x1F, 0xF4, 0x0B, 0xE0, 0x0B, 0xE0, 0x0B, 0xE0, 0x0B, 0xE0, 0x0B, 0xE0, 0x0B, 0xE0, 0x0B, 0xE0,
    0x0B, 0xE0, 0x0B, 0xE0, 0x0F, 0xF0, 0x7F, 0xFD, 0x7F, 0xFD, 0xBE, 0x3F, 0xE0, 0xB8, 0xBD, 0x3C,
    0x00, 0x07, 0xE1, 0xF8, 0x7E, 0x1F, 0x87, 0xE1, 0xF8, 0x7E, 0x1F, 0x87, 0xE1, 0xF8, 0x7E, 0x1F,
    0x80, 0x7F, 0xFD, 0x7F, 0xFD, 0x1F, 0xF4, 0x0B, 0xE0, 0x0B, 0xE0, 0x0B, 0xE0, 0x0B, 0xE0, 0x0B,
    0xE0, 0x0B, 0xE0, 0x0B, 0xE0, 0x0B, 0xE0, 0x0B, 0xE0, 0x0F, 0xF0, 0x7F, 0xFD, 0x7F, 0xFD, 0x00,
    0x00, 0x00, 0x00, 0x0B, 0x80, 0x0F, 0xC0, 0x0B, 0x80, 0x3D, 0xBF, 0x3D, 0x00, 0x7E, 0x7E, 0x7E,
    0x7E, 0x7E, 0x7E, 0x7E, 0x7E, 0x7E, 0x7E, 0x7E, 0x7E, 0x00, 0x00, 0x3D, 0xBF, 0x3D, 0x00, 0xBF,
    0xE4, 0x00, 0x1F, 0xFF, 0xFC, 0x01, 0xFF, 0x9B, 0xFC, 0x0F, 0xE0, 0x03, 0xF4, 0x7F, 0x00, 0x0B,
    0xF2, 0xF8, 0x00, 0x1F, 0xCF, 0xE0, 0x00, 0x3F, 0x3F, 0x80, 0x00, 0xFD, 0xFE, 0x00, 0x03, 0xF2,
    0xF8, 0x00, 0x1F, 0xC7, 0xF0, 0x00, 0xBF, 0x0F, 0xE0, 0x03, 0xF4, 0x1F, 0xF9, 0xBF, 0xC0, 0x1F,
    0xFF, 0xFC, 0x00, 0x0B, 0xFE, 0x40, 0x00, 0x00, 0x00, 0x00, 0x00, 0x00, 0x00, 0x00, 0x00, 0x3D,
    0x00, 0x00, 0x01, 0xFC, 0x00, 0x00, 0x03, 0xD0, 0x00, 0x00, 0xBF, 0x80, 0x01, 0xFF, 0xFD, 0x00,
    0xFE, 0xAF, 0xC0, 0xBE, 0x02, 0xF8, 0x3F, 0x40, 0x7F, 0x0F, 0xC0, 0x0F, 0xC3, 0xF0, 0x03, 0xF0,
    0xFD, 0x01, 0xFC, 0x2F, 0x80, 0xBE, 0x03, 0xFE, 0xFF, 0x00, 0x7F, 0xFF, 0x40, 0x02, 0xFE, 0x00,
    0x00, 0x00, 0x00, 0x00, 0x00, 0x00, 0x00, 0x03, 0xE0, 0x00, 0x00, 0xFC, 0x00, 0x00, 0x3E, 0x00,
    0x00, 0x00, 0x2F, 0x80, 0x00, 0x00, 0xFF, 0x80, 0x00, 0x00, 0x2F, 0x00, 0x00, 0x00, 0xFC, 0x00,
    0x00, 0x0F, 0xD0, 0x00, 0x00, 0x2C, 0x00, 0x00, 0x00, 0x00, 0x00, 0x00, 0x2F, 0xF9, 0x00, 0x07,
    0xFF, 0xFF, 0x00, 0x7F, 0xE6, 0xFF, 0x03, 0xF8, 0x00, 0xFD, 0x1F, 0xC0, 0x02, 0xFC, 0xBE, 0x00,
    0x07, 0xF3, 0xF8, 0x00, 0x0F, 0xCF, 0xE0, 0x00, 0x3F, 0x7F, 0x80, 0x00, 0xFC, 0xBE, 0x00, 0x07,
    0xF1, 0xFC, 0x00, 0x2F, 0xC3, 0xF8, 0x00, 0xFD, 0x07, 0xFE, 0x6F, 0xF0, 0x07, 0xFF, 0xFF, 0x00,
    0x02, 0xFF, 0x90, 0x00, 0x00, 0x7F, 0x40, 0x00, 0x2F, 0xF0, 0x00, 0x00, 0x7C, 0x00, 0x00, 0x7E,
    0x00, 0x00, 0x1E, 0x00, 0x00, 0x00, 0x00, 0x00, 0x0B, 0xF8, 0x00, 0x1F, 0xFF, 0xD0, 0x0F, 0xEA,
    0xFC, 0x0B, 0xE0, 0x2F, 0x83, 0xF4, 0x07, 0xF0, 0xFC, 0x00, 0xFC, 0x3F, 0x00, 0x3F, 0x0F, 0xD0,
    0x1F, 0xC2, 0xF8, 0x0B, 0xE0, 0x3F, 0xEF, 0xF0, 0x07, 0xFF, 0xF4, 0x00, 0x2F, 0xE0, 0x00, 0x00,
    0x00, 0x01, 0x50, 0x00, 0x00, 0x0F, 0x40, 0x03, 0xFC, 0xF4, 0x00, 0x2F, 0xFC, 0x00, 0x00, 0xF0,
    0xF4, 0x00, 0x06, 0x00, 0xA0, 0x00, 0x00, 0x00, 0x00, 0x00, 0x2F, 0xF9, 0x00, 0x07, 0xFF, 0xFF,
    0x00, 0x7F, 0xE6, 0xFF, 0x03, 0xF8, 0x00, 0xFD, 0x1F, 0xC0, 0x02, 0xFC, 0xBE, 0x00, 0x07, 0xF3,
    0xF8, 0x00, 0x0F, 0xCF, 0xE0, 0x00, 0x3F, 0x7F, 0x80, 0x00, 0xFC, 0xBE, 0x00, 0x07, 0xF1, 0xFC,
    0x00, 0x2F, 0xC3, 0xF8, 0x00, 0xFD, 0x07, 0xFE, 0x6F, 0xF0, 0x07, 0xFF, 0xFF, 0x00, 0x02, 0xFF,
    0x90, 0x00, 0x00, 0x00, 0x0B, 0xC0, 0x00, 0x00, 0xF0, 0x00, 0xBF, 0x54, 0x00, 0x1E, 0x3D, 0x00,
    0x03, 0x80, 0xB0, 0x00, 0x00, 0x00, 0x00, 0x00, 0xBF, 0x80, 0x00, 0x7F, 0xFF, 0x40, 0x0F, 0xEA,
    0xFC, 0x02, 0xF8, 0x0B, 0xE0, 0x3F, 0x40, 0x7F, 0x03, 0xF0, 0x03, 0xF0, 0x3F, 0x00, 0x3F, 0x03,
    0xF4, 0x07, 0xF0, 0x2F, 0x80, 0xBE, 0x00, 0xFF, 0xBF, 0xC0, 0x07, 0xFF, 0xF4, 0x00, 0x0B, 0xF8,
    0x00, 0x54, 0x00, 0x00, 0x00, 0xF4, 0x00, 0x00, 0x00, 0xF3, 0xFC, 0x00, 0x00, 0x1F, 0xBC, 0x00,
    0x00, 0xF0, 0xF4, 0x00, 0x06, 0x40, 0xA0, 0x00, 0x00, 0x00, 0x00, 0x00, 0x2F, 0xF9, 0x00, 0x07,
    0xFF, 0xFF, 0x00, 0x7F, 0xE6, 0xFF, 0x03, 0xF8, 0x00, 0xFD, 0x1F, 0xC0, 0x02, 0xFC, 0xBE, 0x00,
    0x07, 0xF3, 0xF8, 0x00, 0x0F, 0xCF, 0xE0, 0x00, 0x3F, 0x7F, 0x80, 0x00, 0xFC, 0xBE, 0x00, 0x07,
    0xF1, 0xFC, 0x00, 0x2F, 0xC3, 0xF8, 0x00, 0xFD, 0x07, 0xFE, 0x6F, 0xF0, 0x07, 0xFF, 0xFF, 0x00,
    0x02, 0xFF, 0x90, 0x00, 0x3D, 0x00, 0x00, 0x01, 0xF0, 0x00, 0x00, 0x01, 0x2F, 0xE0, 0x00, 0x07,
    0x8F, 0x40, 0x00, 0xE0, 0x2C, 0x00, 0x00, 0x00, 0x00, 0x00, 0x2F, 0xE0, 0x00, 0x1F, 0xFF, 0xD0,
    0x03, 0xFA, 0xBF, 0x00, 0xBE, 0x02, 0xF8, 0x0F, 0xD0, 0x1F, 0xC0, 0xFC, 0x00, 0xFC, 0x0F, 0xC0,
    0x0F, 0xC0, 0xFD, 0x01, 0xFC, 0x0B, 0xE0, 0x2F, 0x80, 0x3F, 0xEF, 0xF0, 0x01, 0xFF, 0xFD, 0x00,
    0x02, 0xFE, 0x00, 0x00, 0x00, 0x0F, 0x80, 0x00, 0x00, 0x0B, 0x00, 0x03, 0xFC, 0xB4, 0x00, 0x1F,
    0xF8, 0x00, 0x00, 0xF4, 0xF4, 0x00, 0x06, 0x40, 0xA0, 0x00, 0x00, 0x00, 0x00, 0x00, 0x2F, 0xF9,
    0x00, 0x07, 0xFF, 0xFF, 0x00, 0x7F, 0xE6, 0xFF, 0x03, 0xF8, 0x00, 0xFD, 0x1F, 0xC0, 0x02, 0xFC,
    0xBE, 0x00, 0x07, 0xF3, 0xF8, 0x00, 0x0F, 0xCF, 0xE0, 0x00, 0x3F, 0x7F, 0x80, 0x00, 0xFC, 0xBE,
    0x00, 0x07, 0xF1, 0xFC, 0x00, 0x2F, 0xC3, 0xF8, 0x00, 0xFD, 0x07, 0xFE, 0x6F, 0xF0, 0x07, 0xFF,
    0xFF, 0x00, 0x02, 0xFF, 0x90, 0x00, 0x00, 0x00, 0x2E, 0x00, 0x00, 0x02, 0xC0, 0x00, 0x00, 0x70,
    0x02, 0xFD, 0x70, 0x01, 0xFB, 0xD0, 0x00, 0xF0, 0x7C, 0x00, 0x00, 0x00, 0x00, 0x02, 0xFE, 0x00,
    0x07, 0xFF, 0xF4, 0x03, 0xFA, 0xBF, 0x02, 0xF8, 0x0B, 0xE0, 0xFD, 0x01, 0xFC, 0x3F, 0x00, 0x3F,
    0x0F, 0xC0, 0x0F, 0xC3, 0xF4, 0x07, 0xF0, 0xBE, 0x02, 0xF8, 0x0F, 0xFB, 0xFC, 0x01, 0xFF, 0xFD,
    0x00, 0x0B, 0xF8, 0x00, 0x00, 0x3E, 0x4D, 0x00, 0x02, 0xEF, 0xF0, 0x00, 0x05, 0x06, 0x00, 0x00,
    0x02, 0xA4, 0x00, 0x00, 0x1F, 0xF0, 0x00, 0x00, 0xF6, 0xF0, 0x00, 0x0A, 0x01, 0xD0, 0x00, 0x00,
    0x00, 0x00, 0x00, 0xBF, 0xE4, 0x00, 0x1F, 0xFF, 0xFC, 0x01, 0xFF, 0x9B, 0xFC, 0x0F, 0xE0, 0x03,
    0xF4, 0x7F, 0x00, 0x0B, 0xF2, 0xF8, 0x00, 0x1F, 0xCF, 0xE0, 0x00, 0x3F, 0x3F, 0x80, 0x00, 0xFD,
    0xFE, 0x00, 0x03, 0xF2, 0xF8, 0x00, 0x1F, 0xC7, 0xF0, 0x00, 0xBF, 0x0F, 0xE0, 0x03, 0xF4, 0x1F,
    0xF9, 0xBF, 0xC0, 0x1F, 0xFF, 0xFC, 0x00, 0x0B, 0xFE, 0x40, 0x00, 0x00, 0x24, 0x14, 0x00, 0x3F,
    0xEE, 0x00, 0x1C, 0x6F, 0x00, 0x00, 0x00, 0x00, 0x00, 0x2F, 0xC0, 0x00, 0x2F, 0xB8, 0x00, 0x1E,
    0x07, 0x80, 0x00, 0x00, 0x00, 0x00, 0xBF, 0x80, 0x01, 0xFF, 0xFD, 0x00, 0xFE, 0xAF, 0xC0, 0xBE,
    0x02, 0xF8, 0x3F, 0x40, 0x7F, 0x0F, 0xC0, 0x0F, 0xC3, 0xF0, 0x03, 0xF0, 0xFD, 0x01, 0xFC, 0x2F,
    0x80, 0xBE, 0x03, 0xFE, 0xFF, 0x00, 0x7F, 0xFF, 0x40, 0x02, 0xFE, 0x00, 0x00, 0x0A, 0x40, 0x00,
    0x00, 0xFF, 0x80, 0x00, 0x0F, 0xEF, 0x40, 0x00, 0xBC, 0x1F, 0x40, 0x00, 0x00, 0x00, 0x00, 0x00,
    0x00, 0x00, 0x00, 0x0B, 0xFE, 0x40, 0x01, 0xFF, 0xFF, 0xC0, 0x1F, 0xF9, 0xBF, 0xC0, 0xFE, 0x00,
    0x3F, 0x47, 0xF0, 0x00, 0xBF, 0x2F, 0x80, 0x01, 0xFC, 0xFE, 0x00, 0x03, 0xF3, 0xF8, 0x00, 0x0F,
    0xDF, 0xE0, 0x00, 0x3F, 0x2F, 0x80, 0x01, 0xFC, 0x7F, 0x00, 0x0B, 0xF0, 0xFE, 0x00, 0x3F, 0x41,
    0xFF, 0x9B, 0xFC, 0x01, 0xFF, 0xFF, 0xC0, 0x00, 0xBF, 0xE4, 0x00, 0x00, 0x00, 0x00, 0x00, 0x00,
    0x00, 0x00, 0x00, 0x03, 0xD0, 0x00, 0x00, 0x1F, 0xC0, 0x00, 0x00, 0x3D, 0x00, 0x00, 0x00, 0x2A,
    0x00, 0x00, 0x2F, 0xF0, 0x00, 0x2F, 0xBE, 0x00, 0x1F, 0x03, 0xD0, 0x00, 0x00, 0x00, 0x00, 0x2F,
    0xE0, 0x00, 0x7F, 0xFF, 0x40, 0x3F, 0xAB, 0xF0, 0x2F, 0x80, 0xBE, 0x0F, 0xD0, 0x1F, 0xC3, 0xF0,
    0x03, 0xF0, 0xFC, 0x00, 0xFC, 0x3F, 0x40, 0x7F, 0x0B, 0xE0, 0x2F, 0x80, 0xFF, 0xBF, 0xC0, 0x1F,
    0xFF, 0xD0, 0x00, 0xBF, 0x80, 0x00, 0x00, 0x00, 0x00, 0x00, 0x00, 0x00, 0x00, 0xF8, 0x00, 0x00,
    0x3F, 0x00, 0x00, 0x0F, 0x80, 0x00, 0x00, 0x00, 0xA8, 0x00, 0x00, 0x00, 0xBE, 0x00, 0x00, 0x00,
    0xBE, 0x00, 0x00, 0x00, 0x7D, 0x00, 0x00, 0x00, 0x00, 0x00, 0x00, 0x00, 0x00, 0x00, 0x07, 0xE0,
    0x0B, 0xFE, 0x42, 0xF4, 0x1F, 0xFF, 0xFD, 0xFC, 0x1F, 0xF9, 0xBF, 0xFD, 0x0F, 0xE0, 0x03, 0xFD,
    0x07, 0xF0, 0x00, 0xBF, 0x02, 0xF8, 0x00, 0x0F, 0xC0, 0xFE, 0x00, 0x03, 0xF0, 0x3F, 0x80, 0x00,
    0xFD, 0x0F, 0xE0, 0x00, 0x3F, 0x02, 0xF8, 0x00, 0x1F, 0xC0, 0x7F, 0x00, 0x0B, 0xF0, 0x0F, 0xE0,
    0x03, 0xF4, 0x01, 0xFF, 0x9B, 0xFC, 0x00, 0x1F, 0xFF, 0xFC, 0x00, 0x00, 0xBF, 0xE4, 0x00, 0x00,
    0x00, 0x01, 0xA4, 0x00, 0x00, 0x1F, 0xC0, 0x00, 0x01, 0xF8, 0x00, 0x00, 0x0F, 0x80, 0x29, 0x00,
    0x00, 0x01, 0xF8, 0x02, 0xFE, 0x4B, 0xD0, 0x7F, 0xFF, 0xFF, 0x03, 0xFA, 0xBF, 0xE0, 0x2F, 0x80,
    0xBE, 0x00, 0xFD, 0x01, 0xFC, 0x03, 0xF0, 0x03, 0xF0, 0x0F, 0xC0, 0x0F, 0xC0, 0x3F, 0x40, 0x7F,
    0x00, 0xBE, 0x02, 0xF8, 0x00, 0xFF, 0xAF, 0xC0, 0x01, 0xFF, 0xFD, 0x00, 0x00, 0xBF, 0x80, 0x00,
    0x00, 0xA8, 0x00, 0x00, 0x00, 0x2F, 0x80, 0x00, 0x00, 0x02, 0xF4, 0x00, 0x00, 0x00, 0x1F, 0x40,
    0x00, 0x00, 0x00, 0x00, 0x00, 0x00, 0x00, 0x00, 0x07, 0xE0, 0x0B, 0xFE, 0x42, 0xF4, 0x1F, 0xFF,
    0xFD, 0xFC, 0x1F, 0xF9, 0xBF, 0xFD, 0x0F, 0xE0, 0x03, 0xFD, 0x07, 0xF0, 0x00, 0xBF, 0x02, 0xF8,
    0x00, 0x0F, 0xC0, 0xFE, 0x00, 0x03, 0xF0, 0x3F, 0x80, 0x00, 0xFD, 0x0F, 0xE0, 0x00, 0x3F, 0x02,
    0xF8, 0x00, 0x1F, 0xC0, 0x7F, 0x00, 0x0B, 0xF0, 0x0F, 0xE0, 0x03, 0xF4, 0x01, 0xFF, 0x9B, 0xFC,
    0x00, 0x1F, 0xFF, 0xFC, 0x00, 0x00, 0xBF, 0xE4, 0x00, 0x00, 0x01, 0xA0, 0x00, 0x00, 0x07, 0xF0,
    0x00, 0x00, 0x07, 0xE0, 0x00, 0x00, 0x03, 0xE0, 0x29, 0x00, 0x00, 0x01, 0xF8, 0x02, 0xFE, 0x4B,
    0xD0, 0x7F, 0xFF, 0xFF, 0x03, 0xFA, 0xBF, 0xE0, 0x2F, 0x80, 0xBE, 0x00, 0xFD, 0x01, 0xFC, 0x03,
    0xF0, 0x03, 0xF0, 0x0F, 0xC0, 0x0F, 0xC0, 0x3F, 0x40, 0x7F, 0x00, 0xBE, 0x02, 0xF8, 0x00, 0xFF,
    0xAF, 0xC0, 0x01, 0xFF, 0xFD, 0x00, 0x00, 0xBF, 0x80, 0x00, 0x00, 0x2F, 0x40, 0x00, 0x00, 0x0F,
    0xF4, 0x00, 0x00, 0x00, 0x3E, 0x00, 0x00, 0x00, 0x1F, 0x40, 0x00, 0x00, 0x0F, 0x40, 0x00, 0x00,
    0x01, 0x40, 0x00, 0x00, 0x00, 0x00, 0x01, 0xF8, 0x02, 0xFF, 0x90, 0xBD, 0x07, 0xFF, 0xFF, 0x7F,
    0x07, 0xFE, 0x6F, 0xFF, 0x43, 0xF8, 0x00, 0xFF, 0x41, 0xFC, 0x00, 0x2F, 0xC0, 0xBE, 0x00, 0x03,
    0xF0, 0x3F, 0x80, 0x00, 0xFC, 0x0F, 0xE0, 0x00, 0x3F, 0x43, 0xF8, 0x00, 0x0F, 0xC0, 0xBE, 0x00,
    0x07, 0xF0, 0x1F, 0xC0, 0x02, 0xFC, 0x03, 0xF8, 0x00, 0xFD, 0x00, 0x7F, 0xE6, 0xFF, 0x00, 0x07,
    0xFF, 0xFF, 0x00, 0x00, 0x2F, 0xF9, 0x00, 0x00, 0x00, 0x7E, 0x00, 0x00, 0x02, 0xFE, 0x00, 0x00,
    0x00, 0xBC, 0x00, 0x00, 0x03, 0xE0, 0x00, 0x00, 0x3E, 0x00, 0xA4, 0x00, 0x50, 0x07, 0xE0, 0x0B,
    0xF9, 0x2F, 0x41, 0xFF, 0xFF, 0xFC, 0x0F, 0xEA, 0xFF, 0x80, 0xBE, 0x02, 0xF8, 0x03, 0xF4, 0x07,
    0xF0, 0x0F, 0xC0, 0x0F, 0xC0, 0x3F, 0x00, 0x3F, 0x00, 0xFD, 0x01, 0xFC, 0x02, 0xF8, 0x0B, 0xE0,
    0x03, 0xFE, 0xBF, 0x00, 0x07, 0xFF, 0xF4, 0x00, 0x02, 0xFE, 0x00, 0x00, 0x00, 0x14, 0x05, 0x00,
    0x00, 0x3F, 0xEB, 0x40, 0x00, 0x2F, 0xFF, 0xC0, 0x00, 0x0F, 0x0B, 0xD0, 0x00, 0x00, 0x00, 0x00,
    0x00, 0x00, 0x00, 0x00, 0x07, 0xE0, 0x0B, 0xFE, 0x42, 0xF4, 0x1F, 0xFF, 0xFD, 0xFC, 0x1F, 0xF9,
    0xBF, 0xFD, 0x0F, 0xE0, 0x03, 0xFD, 0x07, 0xF0, 0x00, 0xBF, 0x02, 0xF8, 0x00, 0x0F, 0xC0, 0xFE,
    0x00, 0x03, 0xF0, 0x3F, 0x80, 0x00, 0xFD, 0x0F, 0xE0, 0x00, 0x3F, 0x02, 0xF8, 0x00, 0x1F, 0xC0,
    0x7F, 0x00, 0x0B, 0xF0, 0x0F, 0xE0, 0x03, 0xF4, 0x01, 0xFF, 0x9B, 0xFC, 0x00, 0x1F, 0xFF, 0xFC,
    0x00, 0x00, 0xBF, 0xE4, 0x00, 0x00, 0x00, 0x50, 0x14, 0x00, 0x0B, 0xFA, 0xE0, 0x00, 0x7F, 0xFF,
    0x40, 0x02, 0xD2, 0xF4, 0x29, 0x00, 0x00, 0x01, 0xF8, 0x02, 0xFE, 0x4B, 0xD0, 0x7F, 0xFF, 0xFF,
    0x03, 0xFA, 0xBF, 0xE0, 0x2F, 0x80, 0xBE, 0x00, 0xFD, 0x01, 0xFC, 0x03, 0xF0, 0x03, 0xF0, 0x0F,
    0xC0, 0x0F, 0xC0, 0x3F, 0x40, 0x7F, 0x00, 0xBE, 0x02, 0xF8, 0x00, 0xFF, 0xAF, 0xC0, 0x01, 0xFF,
    0xFD, 0x00, 0x00, 0xBF, 0x80, 0x00, 0x00, 0x00, 0x00, 0x1F, 0x80, 0x2F, 0xF9, 0x0B, 0xD0, 0x7F,
    0xFF, 0xF7, 0xF0, 0x7F, 0xE6, 0xFF, 0xF4, 0x3F, 0x80, 0x0F, 0xF4, 0x1F, 0xC0, 0x02, 0xFC, 0x0B,
    0xE0, 0x00, 0x3F, 0x03, 0xF8, 0x00, 0x0F, 0xC0, 0xFE, 0x00, 0x03, 0xF4, 0x3F, 0x80, 0x00, 0xFC,
    0x0B, 0xE0, 0x00, 0x7F, 0x01, 0xFC, 0x00, 0x2F, 0xC0, 0x3F, 0x80, 0x0F, 0xD0, 0x07, 0xFE, 0x6F,
    0xF0, 0x00, 0x7F, 0xFF, 0xF0, 0x00, 0x02, 0xFF, 0x90, 0x00, 0x00, 0x00, 0x00, 0x00, 0x00, 0x00,
    0x00, 0x00, 0x00, 0x00, 0xF8, 0x00, 0x00, 0x00, 0x7F, 0x00, 0x00, 0x00, 0x0F, 0x80, 0x00, 0x00,
    0x00, 0x00, 0x00, 0xA4, 0x00, 0x00, 0x07, 0xE0, 0x0B, 0xF9, 0x2F, 0x41, 0xFF, 0xFF, 0xFC, 0x0F,
    0xEA, 0xFF, 0x80, 0xBE, 0x02, 0xF8, 0x03, 0xF4, 0x07, 0xF0, 0x0F, 0xC0, 0x0F, 0xC0, 0x3F, 0x00,
    0x3F, 0x00, 0xFD, 0x01, 0xFC, 0x02, 0xF8, 0x0B, 0xE0, 0x03, 0xFE, 0xBF, 0x00, 0x07, 0xFF, 0xF4,
    0x00, 0x02, 0xFE, 0x00, 0x00, 0x00, 0x00, 0x00, 0x00, 0x00, 0x00, 0x00, 0x00, 0x2E, 0x00, 0x00,
    0x00, 0xFC, 0x00, 0x00, 0x02, 0xE0, 0x00, 0x00, 0x3F, 0x00, 0x0F, 0xCF, 0xC0, 0x03, 0xF3, 0xF0,
    0x00, 0xFC, 0xFC, 0x00, 0x3F, 0x3F, 0x00, 0x0F, 0xCF, 0xC0, 0x03, 0xF3, 0xF0, 0x00, 0xFC, 0xFC,
    0x00, 0x3F, 0x3F, 0x00, 0x0F, 0xCF, 0xC0, 0x03, 0xF3, 0xF0, 0x01, 0xFC, 0xFE, 0x00, 0xFE, 0x1F,
    0xFF, 0xFF, 0x02, 0xFF, 0xFF, 0x40, 0x1B, 0xFE, 0x00, 0x00, 0x00, 0x00, 0x00, 0x00, 0x00, 0x00,
    0x0F, 0x80, 0x00, 0x07, 0xF0, 0x00, 0x00, 0xF8, 0x00, 0xBE, 0x00, 0xFE, 0xF8, 0x03, 0xFB, 0xE0,
    0x0F, 0xEF, 0x80, 0x3F, 0xBE, 0x00, 0xFE, 0xF8, 0x03, 0xFB, 0xE0, 0x0F, 0xEF, 0x80, 0x7F, 0x7F,
    0x02, 0xFD, 0xFE, 0x6F, 0xF3, 0xFF, 0xEB, 0xC2, 0xFD, 0x2F, 0x00, 0x00, 0x00, 0x00, 0x00, 0x00,
    0x0B, 0x80, 0x00, 0x3F, 0x00, 0x00, 0xB8, 0x00, 0x00, 0xBE, 0x00, 0x00, 0x3F, 0xE0, 0x00, 0x00,
    0xBC, 0x00, 0x00, 0x3E, 0x00, 0x00, 0x3F, 0x00, 0x00, 0x0B, 0x00, 0x00, 0x00, 0x00, 0x00, 0xFC,
    0x00, 0x3F, 0x3F, 0x00, 0x0F, 0xCF, 0xC0, 0x03, 0xF3, 0xF0, 0x00, 0xFC, 0xFC, 0x00, 0x3F, 0x3F,
    0x00, 0x0F, 0xCF, 0xC0, 0x03, 0xF3, 0xF0, 0x00, 0xFC, 0xFC, 0x00, 0x3F, 0x3F, 0x00, 0x0F, 0xCF,
    0xC0, 0x07, 0xF3, 0xF8, 0x03, 0xF8, 0x7F, 0xFF, 0xFC, 0x0B, 0xFF, 0xFD, 0x00, 0x6F, 0xF8, 0x00,
    0x01, 0xFD, 0x00, 0x07, 0xFC, 0x00, 0x00, 0xF0, 0x00, 0x0F, 0xC0, 0x00, 0x78, 0x00, 0x00, 0x00,
    0x0B, 0xE0, 0x0F, 0xEF, 0x80, 0x3F, 0xBE, 0x00, 0xFE, 0xF8, 0x03, 0xFB, 0xE0, 0x0F, 0xEF, 0x80,
    0x3F, 0xBE, 0x00, 0xFE, 0xF8, 0x07, 0xF7, 0xF0, 0x2F, 0xDF, 0xE6, 0xFF, 0x3F, 0xFE, 0xBC, 0x2F,
    0xD2, 0xF0, 0x00, 0x01, 0xA4, 0x00, 0x00, 0x00, 0x7F, 0x00, 0x00, 0x00, 0x0F, 0xC0, 0x00, 0x00,
    0x03, 0xE0, 0x00, 0x00, 0x00, 0x00, 0x00, 0x00, 0x00, 0x00, 0x00, 0x00, 0xBE, 0x3F, 0x00, 0x0F,
    0xCF, 0xC3, 0xF0, 0x00, 0xFD, 0xFC, 0x3F, 0x00, 0x0F, 0xFF, 0x03, 0xF0, 0x00, 0xFE, 0x40, 0x3F,
    0x00, 0x0F, 0xC0, 0x03, 0xF0, 0x00, 0xFC, 0x00, 0x3F, 0x00, 0x0F, 0xC0, 0x03, 0xF0, 0x00, 0xFC,
    0x00, 0x3F, 0x00, 0x0F, 0xC0, 0x03, 0xF0, 0x00, 0xFC, 0x00, 0x3F, 0x00, 0x1F, 0xC0, 0x03, 0xF8,
    0x03, 0xF8, 0x00, 0x1F, 0xFF, 0xFF, 0x00, 0x00, 0xBF, 0xFF, 0xD0, 0x00, 0x01, 0xBF, 0xE0, 0x00,
    0x00, 0x00, 0x06, 0x90, 0x00, 0x00, 0x1F, 0xC0, 0x00, 0x00, 0x3F, 0x00, 0x00, 0x00, 0xF8, 0x00,
    0x68, 0x00, 0x00, 0x00, 0xFD, 0xBE, 0x00, 0xFC, 0xFC, 0xBE, 0x00, 0xFF, 0xF4, 0xBE, 0x00, 0xFF,
    0xD0, 0xBE, 0x00, 0xFD, 0x00, 0xBE, 0x00, 0xFC, 0x00, 0xBE, 0x00, 0xFC, 0x00, 0xBE, 0x00, 0xFC,
    0x00, 0xBE, 0x01, 0xFC, 0x00, 0x7F, 0x02, 0xFC, 0x00, 0x7F, 0x9B, 0xFC, 0x00, 0x3F, 0xFE, 0xBC,
    0x00, 0x0B, 0xF4, 0xBC, 0x00, 0x01, 0xA4, 0x00, 0x00, 0x00, 0x1F, 0xC0, 0x00, 0x00, 0x00, 0x3F,
    0x00, 0x00, 0x00, 0x00, 0xF8, 0x00, 0x00, 0x00, 0x00, 0x00, 0x00, 0x00, 0x00, 0x00, 0x00, 0xBE,
    0x3F, 0x00, 0x0F, 0xCF, 0xC3, 0xF0, 0x00, 0xFD, 0xFC, 0x3F, 0x00, 0x0F, 0xFF, 0x03, 0xF0, 0x00,
    0xFE, 0x40, 0x3F, 0x00, 0x0F, 0xC0, 0x03, 0xF0, 0x00, 0xFC, 0x00, 0x3F, 0x00, 0x0F, 0xC0, 0x03,
    0xF0, 0x00, 0xFC, 0x00, 0x3F, 0x00, 0x0F, 0xC0, 0x03, 0xF0, 0x00, 0xFC, 0x00, 0x3F, 0x00, 0x1F,
    0xC0, 0x03, 0xF8, 0x03, 0xF8, 0x00, 0x1F, 0xFF, 0xFF, 0x00, 0x00, 0xBF, 0xFF, 0xD0, 0x00, 0x01,
    0xBF, 0xE0, 0x00, 0x00, 0x06, 0x90, 0x00, 0x00, 0x07, 0xF0, 0x00, 0x00, 0x00, 0xFC, 0x00, 0x00,
    0x00, 0x2E, 0x00, 0x68, 0x00, 0x00, 0x00, 0xFD, 0xBE, 0x00, 0xFC, 0xFC, 0xBE, 0x00, 0xFF, 0xF4,
    0xBE, 0x00, 0xFF, 0xD0, 0xBE, 0x00, 0xFD, 0x00, 0xBE, 0x00, 0xFC, 0x00, 0xBE, 0x00, 0xFC, 0x00,
    0xBE, 0x00, 0xFC, 0x00, 0xBE, 0x01, 0xFC, 0x00, 0x7F, 0x02, 0xFC, 0x00, 0x7F, 0x9B, 0xFC, 0x00,
    0x3F, 0xFE, 0xBC, 0x00, 0x0B, 0xF4, 0xBC, 0x00, 0x00, 0x7E, 0x00, 0x00, 0x00, 0x0B, 0xF8, 0x00,
    0x00, 0x00, 0x0B, 0xC0, 0x00, 0x00, 0x00, 0xBC, 0x00, 0x00, 0x00, 0x2F, 0x40, 0x00, 0x00, 0x02,
    0xC0, 0x00, 0x00, 0x00, 0x00, 0x00, 0x0B, 0xE3, 0xF0, 0x00, 0xFC, 0xFC, 0x3F, 0x00, 0x0F, 0xDF,
    0xC3, 0xF0, 0x00, 0xFF, 0xF0, 0x3F, 0x00, 0x0F, 0xE4, 0x03, 0xF0, 0x00, 0xFC, 0x00, 0x3F, 0x00,
    0x0F, 0xC0, 0x03, 0xF0, 0x00, 0xFC, 0x00, 0x3F, 0x00, 0x0F, 0xC0, 0x03, 0xF0, 0x00, 0xFC, 0x00,
    0x3F, 0x00, 0x0F, 0xC0, 0x03, 0xF0, 0x01, 0xFC, 0x00, 0x3F, 0x80, 0x3F, 0x80, 0x01, 0xFF, 0xFF,
    0xF0, 0x00, 0x0B, 0xFF, 0xFD, 0x00, 0x00, 0x1B, 0xFE, 0x00, 0x00, 0x00, 0xFD, 0x00, 0x00, 0x01,
    0xFF, 0x00, 0x00, 0x00, 0x0F, 0x40, 0x00, 0x00, 0x3F, 0x00, 0x00, 0x00, 0x78, 0x00, 0xA9, 0x00,
    0x00, 0x00, 0xFC, 0xBE, 0x00, 0xFC, 0xFC, 0xBE, 0x00, 0xFF, 0xF4, 0xBE, 0x00, 0xFF, 0xD0, 0xBE,
    0x00, 0xFD, 0x00, 0xBE, 0x00, 0xFC, 0x00, 0xBE, 0x00, 0xFC, 0x00, 0xBE, 0x00, 0xFC, 0x00, 0xBE,
    0x01, 0xFC, 0x00, 0x7F, 0x02, 0xFC, 0x00, 0x7F, 0x9B, 0xFC, 0x00, 0x3F, 0xFE, 0xBC, 0x00, 0x0B,
    0xF4, 0xBC, 0x00, 0x00, 0x10, 0x14, 0x00, 0x00, 0x1F, 0xEB, 0xC0, 0x00, 0x03, 0xFF, 0xF8, 0x00,
    0x00, 0x74, 0x7E, 0x00, 0x00, 0x00, 0x00, 0x00, 0x00, 0x00, 0x00, 0x00, 0x00, 0xBE, 0x3F, 0x00,
    0x0F, 0xCF, 0xC3, 0xF0, 0x00, 0xFD, 0xFC, 0x3F, 0x00, 0x0F, 0xFF, 0x03, 0xF0, 0x00, 0xFE, 0x40,
    0x3F, 0x00, 0x0F, 0xC0, 0x03, 0xF0, 0x00, 0xFC, 0x00, 0x3F, 0x00, 0x0F, 0xC0, 0x03, 0xF0, 0x00,
    0xFC, 0x00, 0x3F, 0x00, 0x0F, 0xC0, 0x03, 0xF0, 0x00, 0xFC, 0x00, 0x3F, 0x00, 0x1F, 0xC0, 0x03,
    0xF8, 0x03, 0xF8, 0x00, 0x1F, 0xFF, 0xFF, 0x00, 0x00, 0xBF, 0xFF, 0xD0, 0x00, 0x01, 0xBF, 0xE0,
    0x00, 0x00, 0x00, 0x40, 0x50, 0x00, 0x07, 0xFA, 0xF0, 0x00, 0x0F, 0xFF, 0xE0, 0x00, 0x1D, 0x1F,
    0x80, 0x68, 0x00, 0x00, 0x00, 0xFD, 0xBE, 0x00, 0xFC, 0xFC, 0xBE, 0x00, 0xFF, 0xF4, 0xBE, 0x00,
    0xFF, 0xD0, 0xBE, 0x00, 0xFD, 0x00, 0xBE, 0x00, 0xFC, 0x00, 0xBE, 0x00, 0xFC, 0x00, 0xBE, 0x00,
    0xFC, 0x00, 0xBE, 0x01, 0xFC, 0x00, 0x7F, 0x02, 0xFC, 0x00, 0x7F, 0x9B, 0xFC, 0x00, 0x3F, 0xFE,
    0xBC, 0x00, 0x0B, 0xF4, 0xBC, 0x00, 0x00, 0x00, 0x00, 0x0B, 0xE3, 0xF0, 0x00, 0xFC, 0xFC, 0x3F,
    0x00, 0x0F, 0xDF, 0xC3, 0xF0, 0x00, 0xFF, 0xF0, 0x3F, 0x00, 0x0F, 0xE4, 0x03, 0xF0, 0x00, 0xFC,
    0x00, 0x3F, 0x00, 0x0F, 0xC0, 0x03, 0xF0, 0x00, 0xFC, 0x00, 0x3F, 0x00, 0x0F, 0xC0, 0x03, 0xF0,
    0x00, 0xFC, 0x00, 0x3F, 0x00, 0x0F, 0xC0, 0x03, 0xF0, 0x01, 0xFC, 0x00, 0x3F, 0x80, 0x3F, 0x80,
    0x01, 0xFF, 0xFF, 0xF0, 0x00, 0x0B, 0xFF, 0xFD, 0x00, 0x00, 0x1B, 0xFE, 0x00, 0x00, 0x00, 0x00,
    0x00, 0x00, 0x00, 0x00, 0x00, 0x00, 0x00, 0x00, 0x3E, 0x00, 0x00, 0x00, 0x07, 0xF0, 0x00, 0x00,
    0x00, 0x3E, 0x00, 0x00, 0x00, 0x00, 0x00, 0x00, 0x68, 0x00, 0x00, 0x00, 0xFD, 0xBE, 0x00, 0xFC,
    0xFC, 0xBE, 0x00, 0xFF, 0xF4, 0xBE, 0x00, 0xFF, 0xD0, 0xBE, 0x00, 0xFD, 0x00, 0xBE, 0x00, 0xFC,
    0x00, 0xBE, 0x00, 0xFC, 0x00, 0xBE, 0x00, 0xFC, 0x00, 0xBE, 0x01, 0xFC, 0x00, 0x7F, 0x02, 0xFC,
    0x00, 0x7F, 0x9B, 0xFC, 0x00, 0x3F, 0xFE, 0xBC, 0x00, 0x0B, 0xF4, 0xBC, 0x00, 0x00, 0x00, 0x00,
    0x00, 0x00, 0x00, 0x00, 0x00, 0x00, 0xB8, 0x00, 0x00, 0x00, 0xFC, 0x00, 0x00, 0x00, 0xB8, 0x00,
    0x00, 0x01, 0xA4, 0x00, 0x00, 0x0F, 0xE0, 0x00, 0x00, 0x2F, 0x40, 0x00, 0x00, 0xBC, 0x00, 0x00,
    0x00, 0x00, 0x00, 0x00, 0x00, 0x00, 0xBE, 0x00, 0x2F, 0xC3, 0xF0, 0x03, 0xF0, 0x2F, 0x80, 0xBE,
    0x00, 0xFC, 0x0F, 0xC0, 0x0B, 0xE2, 0xF8, 0x00, 0x3F, 0x7F, 0x00, 0x02, 0xFF, 0xE0, 0x00, 0x0F,
    0xFC, 0x00, 0x00, 0xBF, 0x40, 0x00, 0x03, 0xF0, 0x00, 0x00, 0x3F, 0x00, 0x00, 0x03, 0xF0, 0x00,
    0x00, 0x3F, 0x00, 0x00, 0x03, 0xF0, 0x00, 0x00, 0x3F, 0x00, 0x00, 0x02, 0xA0, 0x00, 0x01, 0xFC,
    0x00, 0x00, 0x7E, 0x00, 0x00, 0x0F, 0x40, 0x00, 0x00, 0x00, 0xFD, 0x00, 0xBE, 0x7F, 0x00, 0xFD,
    0x3F, 0x00, 0xFC, 0x2F, 0x41, 0xF8, 0x1F, 0x83, 0xF4, 0x0F, 0xC3, 0xF0, 0x0B, 0xD7, 0xE0, 0x03,
    0xEB, 0xC0, 0x02, 0xFF, 0xC0, 0x01, 0xFF, 0x40, 0x00, 0xFF, 0x00, 0x00, 0xBE, 0x00, 0x00, 0xFD,
    0x00, 0x01, 0xFC, 0x00, 0x2B, 0xF4, 0x00, 0x7F, 0xE0, 0x00, 0x3F, 0x80, 0x00, 0xBE, 0x00, 0x2F,
    0xC3, 0xF0, 0x03, 0xF0, 0x2F, 0x80, 0xBE, 0x00, 0xFC, 0x0F, 0xC0, 0x0B, 0xE2, 0xF8, 0x00, 0x3F,
    0x7F, 0x00, 0x02, 0xFF, 0xE0, 0x00, 0x0F, 0xFC, 0x00, 0x00, 0xBF, 0x40, 0x00, 0x03, 0xF0, 0x00,
    0x00, 0x3F, 0x00, 0x00, 0x03, 0xF0, 0x00, 0x00, 0x3F, 0x00, 0x00, 0x03, 0xF0, 0x00, 0x00, 0x3F,
    0x00, 0x00, 0x00, 0x00, 0x00, 0x00, 0x00, 0x00, 0x00, 0x02, 0xE0, 0x00, 0x00, 0x3F, 0x00, 0x00,
    0x03, 0xE0, 0x00, 0xFD, 0x00, 0xBE, 0x7F, 0x00, 0xFD, 0x3F, 0x00, 0xFC, 0x2F, 0x41, 0xF8, 0x1F,
    0x83, 0xF4, 0x0F, 0xC3, 0xF0, 0x0B, 0xD7, 0xE0, 0x03, 0xEB, 0xC0, 0x02, 0xFF, 0xC0, 0x01, 0xFF,
    0x40, 0x00, 0xFF, 0x00, 0x00, 0xBE, 0x00, 0x00, 0xFD, 0x00, 0x01, 0xFC, 0x00, 0x2B, 0xF4, 0xBC,
    0x7F, 0xE0, 0xFD, 0x3F, 0x80, 0xBC, 0x00, 0x7E, 0x00, 0x00, 0x0B, 0xFC, 0x00, 0x00, 0x0B, 0xC0,
    0x00, 0x00, 0xBC, 0x00, 0x00, 0x2F, 0x40, 0x00, 0x01, 0xD0, 0x00, 0x00, 0x00, 0x00, 0x0B, 0xE0,
    0x02, 0xFC, 0x3F, 0x00, 0x3F, 0x02, 0xF8, 0x0B, 0xE0, 0x0F, 0xC0, 0xFC, 0x00, 0xBE, 0x2F, 0x80,
    0x03, 0xF7, 0xF0, 0x00, 0x2F, 0xFE, 0x00, 0x00, 0xFF, 0xC0, 0x00, 0x0B, 0xF4, 0x00, 0x00, 0x3F,
    0x00, 0x00, 0x03, 0xF0, 0x00, 0x00, 0x3F, 0x00, 0x00, 0x03, 0xF0, 0x00, 0x00, 0x3F, 0x00, 0x00,
    0x03, 0xF0, 0x00, 0x00, 0xFE, 0x00, 0x00, 0xFF, 0x40, 0x00, 0x0F, 0x40, 0x00, 0x2F, 0x00, 0x00,
    0x3C, 0x00, 0x00, 0x00, 0x00, 0xFD, 0x00, 0xBE, 0x7F, 0x00, 0xFD, 0x3F, 0x00, 0xFC, 0x2F, 0x41,
    0xF8, 0x1F, 0x83, 0xF4, 0x0F, 0xC3, 0xF0, 0x0B, 0xD7, 0xE0, 0x03, 0xEB, 0xC0, 0x02, 0xFF, 0xC0,
    0x01, 0xFF, 0x40, 0x00, 0xFF, 0x00, 0x00, 0xBE, 0x00, 0x00, 0xFD, 0x00, 0x01, 0xFC, 0x00, 0x2B,
    0xF4, 0x00, 0x7F, 0xE0, 0x00, 0x3F, 0x80, 0x00, 0x00, 0x50, 0x14, 0x00, 0x2F, 0xEB, 0x80, 0x07,
    0xFF, 0xF4, 0x00, 0xB4, 0xBD, 0x00, 0x00, 0x00, 0x00, 0x00, 0x00, 0x00, 0x00, 0xBE, 0x00, 0x2F,
    0xC3, 0xF0, 0x03, 0xF0, 0x2F, 0x80, 0xBE, 0x00, 0xFC, 0x0F, 0xC0, 0x0B, 0xE2, 0xF8, 0x00, 0x3F,
    0x7F, 0x00, 0x02, 0xFF, 0xE0, 0x00, 0x0F, 0xFC, 0x00, 0x00, 0xBF, 0x40, 0x00, 0x03, 0xF0, 0x00,
    0x00, 0x3F, 0x00, 0x00, 0x03, 0xF0, 0x00, 0x00, 0x3F, 0x00, 0x00, 0x03, 0xF0, 0x00, 0x00, 0x3F,
    0x00, 0x00, 0x00, 0x50, 0x10, 0x07, 0xFE, 0xF0, 0x0F, 0xFF, 0xE0, 0x0E, 0x1F, 0x80, 0x00, 0x00,
    0x00, 0xFD, 0x00, 0xBE, 0x7F, 0x00, 0xFD, 0x3F, 0x00, 0xFC, 0x2F, 0x41, 0xF8, 0x1F, 0x83, 0xF4,
    0x0F, 0xC3, 0xF0, 0x0B, 0xD7, 0xE0, 0x03, 0xEB, 0xC0, 0x02, 0xFF, 0xC0, 0x01, 0xFF, 0x40, 0x00,
    0xFF, 0x00, 0x00, 0xBE, 0x00, 0x00, 0xFD, 0x00, 0x01, 0xFC, 0x00, 0x2B, 0xF4, 0x00, 0x7F, 0xE0,
    0x00, 0x3F, 0x80, 0x00, 0x01, 0x00, 0x24, 0x7F, 0xC5, 0x24, 0x51, 0x05, 0x00, 0x50, 0x05, 0x00,
    0x50, 0x05, 0x00, 0x50, 0x05, 0x00, 0x50, 0x05, 0x00, 0x50, 0x05, 0x00, 0x50, 0x05, 0x00, 0x04,
    0x01, 0x80, 0x3F, 0xD1, 0x85, 0x04, 0x50, 0x05, 0x00, 0x50, 0x05, 0x00, 0x50, 0x05, 0x00, 0x50,
    0x05, 0x00, 0x50, 0x05, 0x00, 0x50, 0x05, 0x00, 0x50, 0x05, 0x15, 0x51, 0xFF, 0xC7, 0xFF, 0x00,
    0x15, 0x51, 0xFF, 0xC7, 0xFF, 0x00, 0x15, 0x55, 0x54, 0x3F, 0xFF, 0xFC, 0x3F, 0xFF, 0xFC, 0x15,
    0x55, 0x53, 0xFF, 0xFE, 0x3F, 0xFF, 0xE0, 0x15, 0x55, 0x55, 0x55, 0x55, 0x0F, 0xFF, 0xFF, 0xFF,
    0xFF, 0xC3, 0xFF, 0xFF, 0xFF, 0xFF, 0xF0, 0x15, 0x55, 0x55, 0x55, 0x55, 0x0F, 0xFF, 0xFF, 0xFF,
    0xFF, 0xC3, 0xFF, 0xFF, 0xFF, 0xFF, 0xF0, 0x3C, 0x0B, 0x8F, 0x02, 0xE3, 0xC0, 0xB8, 0xF0, 0x2E,
    0x3C, 0x0B, 0x8F, 0x02, 0xE3, 0xC0, 0xB8, 0xF0, 0x2E, 0x3C, 0x0B, 0x8F, 0x02, 0xE3, 0xC0, 0xB8,
    0xF0, 0x2E, 0x3C, 0x0B, 0x8F, 0x02, 0xE3, 0xC0, 0xB8, 0xF0, 0x2E, 0x3C, 0x0B, 0x8F, 0x02, 0xE3,
    0xC0, 0xB8, 0xF0, 0x2E, 0x3C, 0x0B, 0x80, 0x3F, 0xFF, 0xE0, 0x00, 0x00, 0x00, 0x00, 0x03, 0xFF,
    0xFE, 0x00, 0x00, 0x00, 0x0F, 0x0B, 0xC3, 0xE1, 0xF8, 0xBD, 0x00, 0x3F, 0x0F, 0xC3, 0xE1, 0xF0,
    0xB8, 0x00, 0x2F, 0x4B, 0xC3, 0xF0, 0xF4, 0x7C, 0x00, 0xBD, 0x1F, 0x83, 0xE0, 0xBC, 0x0F, 0x00,
    0x0F, 0x07, 0xC2, 0xF0, 0xF8, 0x3E, 0x0F, 0x47, 0xE2, 0xF4, 0xBD, 0x3F, 0x00, 0x3F, 0x0F, 0xC3,
    0xF0, 0xF8, 0x3E, 0x1F, 0x47, 0xC2, 0xF0, 0xB8, 0x3D, 0x00, 0x1F, 0x8B, 0xD2, 0xF0, 0xFC, 0x3F,
    0x0F, 0x83, 0xE1, 0xF4, 0x3C, 0x1F, 0x00, 0xBD, 0x3F, 0x07, 0xE2, 0xF4, 0x3E, 0x0F, 0x42, 0xF0,
    0xF8, 0x0F, 0x07, 0xC0, 0x03, 0xE0, 0x00, 0xF4, 0x00, 0x3D, 0x00, 0x0B, 0x00, 0xBB, 0xEB, 0x7F,
    0xFF, 0xD5, 0x6D, 0x54, 0x0B, 0x00, 0x03, 0xC0, 0x00, 0xF4, 0x00, 0x3D, 0x00, 0x0F, 0x40, 0x03,
    0xD0, 0x00, 0xF8, 0x00, 0x3E, 0x00, 0x0F, 0x80, 0x03, 0xF0, 0x00, 0xF8, 0x00, 0x2D, 0x01, 0x0B,
    0x40, 0xFF, 0xFF, 0xBF, 0xFF, 0xE0, 0x2D, 0x00, 0x0F, 0x80, 0x03, 0xE0, 0x00, 0xB4, 0x0F, 0xFF,
    0xFB, 0xFF, 0xFE, 0x56, 0xD5, 0x40, 0xB4, 0x00, 0x3E, 0x00, 0x0F, 0xC0, 0x2F, 0x8B, 0xFD, 0xFF,
    0xEF, 0xFF, 0xFF, 0xEB, 0xFD, 0x2F, 0x40, 0x40, 0x03, 0xC0, 0x0F, 0xE0, 0x3F, 0xF4, 0xFF, 0xF3,
    0xFE, 0x0F, 0x80, 0x24, 0x00, 0x00, 0x00, 0x3E, 0x2F, 0xC3, 0xE0, 0x7D, 0x07, 0xDF, 0xE0, 0xBF,
    0x7D, 0x07, 0xD0, 0x7D, 0x07, 0xD0, 0xBC, 0xFE, 0x0F, 0xE0, 0xFE, 0x7D, 0x07, 0xD0, 0xBC, 0x7D,
    0xFE, 0x7D, 0x7F, 0xD5, 0x00, 0x50, 0x05, 0x00, 0x50, 0x05, 0x00, 0x50, 0x05, 0x00, 0x50, 0x05,
    0x00, 0x50, 0x05, 0x00, 0x50, 0x05, 0x00, 0x50, 0x05, 0x00, 0x7F, 0xD0, 0x05, 0x00, 0x50, 0x05,
    0x00, 0x50, 0x05, 0x00, 0x50, 0x05, 0x00, 0x50, 0x05, 0x00, 0x50, 0x05, 0x00, 0x50, 0x05, 0x00,
    0x50, 0x05, 0x7F, 0xD7, 0xFD, 0x7F, 0xD7, 0xFD, 0x7F, 0xD0, 0x50, 0x05, 0x00, 0x50, 0x05, 0x00,
    0x50, 0x05, 0x00, 0x50, 0x05, 0x00, 0x50, 0x05, 0x00, 0x50, 0x05, 0x00, 0x50, 0x7F, 0xD5, 0x00,
    0x50, 0x05, 0x00, 0x7F, 0xD0, 0x50, 0x05, 0x00, 0x50, 0x05, 0x00, 0x50, 0x05, 0x00, 0x50, 0x05,
    0x00, 0x50, 0x05, 0x00, 0x50, 0x05, 0x00, 0x50, 0x7F, 0xD0, 0x05, 0x00, 0x50, 0x05, 0x7F, 0xD0,
    0x50, 0x05, 0x00, 0x50, 0x05, 0x00, 0x50, 0x05, 0x00, 0x50, 0x05, 0x00, 0x50, 0x05, 0x00, 0x50,
    0x05, 0x00, 0x50, 0x0B, 0xE0, 0x00, 0xF4, 0x00, 0x00, 0x00, 0xBF, 0xF0, 0x0B, 0xC0, 0x00, 0x00,
    0x03, 0xFB, 0xD0, 0x3D, 0x00, 0x00, 0x00, 0x1F, 0x0F, 0x82, 0xF0, 0x00, 0x00, 0x00, 0x7C, 0x3E,
    0x0F, 0x00, 0x00, 0x00, 0x01, 0xF0, 0xF8, 0xF8, 0x54, 0x00, 0x54, 0x03, 0xD3, 0xD7, 0xCB, 0xFC,
    0x0F, 0xFC, 0x0F, 0xFF, 0x3E, 0x7F, 0xF8, 0xBF, 0xF4, 0x0F, 0xF9, 0xF2, 0xF2, 0xF3, 0xF3, 0xF0,
    0x05, 0x0F, 0x8F, 0x87, 0xCF, 0x47, 0xC0, 0x00, 0xBC, 0x3E, 0x1F, 0x3D, 0x1F, 0x00, 0x03, 0xD0,
    0xF8, 0x7C, 0xF8, 0xBC, 0x00, 0x2F, 0x02, 0xFB, 0xF2, 0xFB, 0xE0, 0x00, 0xF4, 0x03, 0xFF, 0x43,
    0xFF, 0x00, 0x0B, 0xC0, 0x07, 0xF4, 0x07, 0xF4, 0x00, 0x0B, 0xE0, 0x00, 0xF4, 0x00, 0x00, 0x00,
    0x00, 0x00, 0xBF, 0xF0, 0x0B, 0xC0, 0x00, 0x00, 0x00, 0x00, 0x03, 0xFB, 0xD0, 0x3D, 0x00, 0x00,
    0x00, 0x00, 0x00, 0x1F, 0x0F, 0x82, 0xF0, 0x00, 0x00, 0x00, 0x00, 0x00, 0x7C, 0x3E, 0x0F, 0x40,
    0x00, 0x00, 0x00, 0x00, 0x01, 0xF0, 0xF8, 0xB8, 0x54, 0x00, 0x54, 0x00, 0x54, 0x03, 0xD3, 0xE7,
    0xCB, 0xFC, 0x0B, 0xFC, 0x0F, 0xFC, 0x0F, 0xFF, 0x3E, 0x7F, 0xF8, 0x7F, 0xF8, 0xBF, 0xF4, 0x0F,
    0xF9, 0xF2, 0xF2, 0xF3, 0xF2, 0xF3, 0xF2, 0xF0, 0x05, 0x0F, 0x8F, 0x87, 0xCF, 0x87, 0xCF, 0x87,
    0xC0, 0x00, 0x7C, 0x3E, 0x0F, 0x3E, 0x1F, 0x3D, 0x1F, 0x00, 0x03, 0xD0, 0xBC, 0x7C, 0xF8, 0x7C,
    0xF8, 0xBC, 0x00, 0x2F, 0x01, 0xFB, 0xF2, 0xFB, 0xF2, 0xFB, 0xF0, 0x00, 0xF4, 0x03, 0xFF, 0x43,
    0xFF, 0x43, 0xFF, 0x40, 0x0B, 0xC0, 0x03, 0xF8, 0x07, 0xF4, 0x07, 0xF4, 0x00, 0x02, 0xF0, 0x0F,
    0x80, 0xBC, 0x03, 0xC0, 0x2E, 0x00, 0x50, 0x00, 0x02, 0xF0, 0xFC, 0x03, 0xE1, 0xF0, 0x0B, 0xC3,
    0xD0, 0x0F, 0x07, 0xC0, 0x2E, 0x0F, 0x00, 0x14, 0x05, 0x00, 0x02, 0xF0, 0xF8, 0x7D, 0x03, 0xD2,
    0xF0, 0xF8, 0x0B, 0x83, 0xD1, 0xF0, 0x0F, 0x0B, 0x83, 0xC0, 0x3D, 0x0F, 0x0B, 0x80, 0xBC, 0x03,
    0xE0, 0x1F, 0x00, 0xB8, 0x03, 0xC0, 0x14, 0xBC, 0x3E, 0x00, 0xF8, 0x7C, 0x01, 0xF0, 0xB8, 0x02,
    0xE0, 0xF0, 0x03, 0xC1, 0xE0, 0x05, 0x01, 0x40, 0xBC, 0x3E, 0x1F, 0x40, 0xF8, 0x7C, 0x3F, 0x01,
    0xF0, 0xB8, 0x3D, 0x02, 0xE0, 0xF0, 0x7C, 0x03, 0xC1, 0xE0, 0xF4, 0x05, 0x01, 0x40, 0x50, 0x02,
    0xC0, 0x00, 0xF4, 0x00, 0xBF, 0x00, 0x39, 0xD0, 0x1C, 0x3C, 0x0F, 0x07, 0x47, 0x40, 0xF0, 0x00,
    0x00, 0x03, 0xD0, 0x3F, 0x03, 0xF4, 0x2F, 0x80, 0xFC, 0x01, 0xFC, 0x02, 0xF8, 0x02, 0xF8, 0x03,
    0x80, 0x00, 0x00, 0x00, 0x00, 0xBC, 0x02, 0xF8, 0x03, 0xF4, 0x03, 0xF4, 0x0B, 0xE0, 0x7F, 0x03,
    0xF0, 0x3F, 0x40, 0x34, 0x00, 0x00, 0x00, 0x04, 0x07, 0xC0, 0x10, 0x3D, 0x0B, 0xD0, 0xBC, 0x2F,
    0x87, 0xC3, 0xF4, 0x07, 0xF0, 0x1F, 0xC0, 0x01, 0xFD, 0xBF, 0x00, 0xBC, 0x3F, 0xF8, 0x3D, 0xFC,
    0x0F, 0xE0, 0xBE, 0xBC, 0x2F, 0xF4, 0x3D, 0x00, 0x7D, 0xBC, 0x00, 0x01, 0xF8, 0x3F, 0x00, 0x03,
    0xE0, 0x0F, 0xC0, 0x0F, 0xC0, 0x03, 0xE0, 0x3F, 0x07, 0xC0, 0xF8, 0x3C, 0x0B, 0xD0, 0x7C, 0x00,
    0x07, 0xC0, 0x10, 0xFE, 0x0F, 0xEF, 0xE0, 0xFE, 0xBE, 0x0F, 0xEB, 0xE0, 0xBD, 0xBD, 0x0B, 0xDB,
    0xD0, 0xBD, 0x7D, 0x0B, 0xD7, 0xD0, 0xBD, 0x7D, 0x07, 0xC7, 0xC0, 0x7C, 0x00, 0x00, 0x00, 0x00,
    0x00, 0x7D, 0x07, 0xDF, 0xE0, 0xFE, 0x7D, 0x07, 0xD0, 0x1B, 0xFD, 0x0B, 0xFF, 0xF8, 0x7F, 0xEF,
    0xC1, 0xBC, 0x7D, 0x0B, 0xC7, 0xD0, 0x7C, 0xFC, 0x07, 0xFF, 0x00, 0x7F, 0x80, 0x07, 0xF0, 0x00,
    0x3E, 0x00, 0x00, 0x00, 0x00, 0x00, 0x00, 0x03, 0xE0, 0x00, 0x7F, 0x00, 0x03, 0xE0, 0x00, 0x15,
    0x55, 0x54, 0x3F, 0xFF, 0xFD, 0x3F, 0xFF, 0xFD, 0x00, 0x00, 0x00, 0x1C, 0x00, 0x00, 0xC2, 0x80,
    0x00, 0xD0, 0x2D, 0x46, 0xD0, 0x01, 0xBF, 0x80, 0x00, 0x01, 0xBF, 0x80, 0x02, 0xE4, 0x6D, 0x02,
    0x80, 0x00, 0xD1, 0xC0, 0x00, 0x0C, 0x00, 0x00, 0x00, 0x00, 0x00, 0x07, 0x00, 0x03, 0x80, 0x01,
    0xD0, 0x00, 0xF0, 0x00, 0x34, 0x00, 0x2C, 0x00, 0x0E, 0x00, 0x0B, 0x00, 0x03, 0xD0, 0x02, 0xFC,
    0x00, 0xE3, 0x40, 0x70, 0xE0, 0x3C, 0x1C, 0x1D, 0x03, 0x80, 0x00, 0x00, 0x0B, 0xC0, 0x00, 0x00,
    0x00, 0x00, 0x0B, 0xC0, 0x00, 0x00, 0x00, 0x00, 0x0B, 0x80, 0x00, 0x00, 0x00, 0x03, 0xDB, 0x9B,
    0x40, 0x00, 0x00, 0x07, 0xFF, 0xFF, 0x40, 0x00, 0x00, 0x02, 0xAF, 0xFA, 0x40, 0x00, 0x00, 0x00,
    0x2F, 0xF0, 0x00, 0x00, 0x00, 0x00, 0x7D, 0xF4, 0x00, 0x00, 0x00, 0x00, 0xFC, 0xBC, 0x00, 0x00,
    0x00, 0xF4, 0x34, 0x34, 0x7D, 0x00, 0x00, 0xF4, 0x00, 0x00, 0x3C, 0x00, 0x00, 0xF0, 0x00, 0x00,
    0x3C, 0x00, 0xB9, 0xF6, 0xF0, 0x3E, 0x7D, 0xBC, 0xFF, 0xFF, 0xF0, 0x3F, 0xFF, 0xFC, 0x6B, 0xFE,
    0xA0, 0x1A, 0xFF, 0xA4, 0x03, 0xFD, 0x00, 0x00, 0xFF, 0x00, 0x0F, 0xEF, 0x00, 0x03, 0xEB, 0xC0,
    0x1F, 0x4F, 0x80, 0x0B, 0xC3, 0xE0, 0x07, 0x0A, 0x00, 0x02, 0xC2, 0x80, 0x00, 0x00, 0x00, 0x00,
    0x00, 0x00, 0x55, 0x5F, 0xFE, 0xFF, 0xE0, 0x00, 0x00, 0xF4, 0x00, 0x0B, 0xC0, 0x00, 0x3D, 0x00,
    0x02, 0xF0, 0x00, 0x0F, 0x00, 0x00, 0xF8, 0x00, 0x07, 0xC0, 0x00, 0x3E, 0x00, 0x01, 0xF0, 0x00,
    0x0F, 0x40, 0x00, 0xBC, 0x00, 0x03, 0xD0, 0x00, 0x2F, 0x00, 0x00, 0xF4, 0x00, 0x0B, 0x80, 0x00,
    0x00, 0xBF, 0xDB, 0xFD, 0xBE, 0x4B, 0xC0, 0xBC, 0x0B, 0xC0, 0xBC, 0x0B, 0xC0, 0xBE, 0x4B, 0xFD,
    0xBF, 0xDB, 0xC0, 0xBC, 0x0B, 0xC0, 0xBC, 0x0B, 0xC0, 0xBE, 0x4B, 0xFD, 0xBF, 0xD0, 0x7F, 0xD7,
    0xFD, 0x1B, 0xD0, 0x3D, 0x03, 0xD0, 0x3D, 0x03, 0xD0, 0x3D, 0x1B, 0xD7, 0xFD, 0x7F, 0xD0, 0x3D,
    0x03, 0xD0, 0x3D, 0x03, 0xD0, 0x3D, 0x1B, 0xD7, 0xFD, 0x7F, 0xD0, 0x1B, 0xFD, 0x01, 0xBF, 0xD0,
    0xBF, 0xFF, 0x8F, 0xFF, 0xF8, 0x7E, 0x6F, 0xD7, 0xE6, 0xFC, 0x10, 0x0B, 0xD1, 0x00, 0xBD, 0x00,
    0x0B, 0xD0, 0x00, 0xFC, 0x00, 0x1F, 0xC0, 0x01, 0xFC, 0x00, 0xBF, 0x40, 0x0B, 0xF0, 0x01, 0xFD,
    0x00, 0x2F, 0xC0, 0x03, 0xF0, 0x00, 0x3F, 0x00, 0x03, 0xE0, 0x00, 0x3D, 0x00, 0x01, 0x40, 0x00,
    0x14, 0x00, 0x00, 0x00, 0x00, 0x00, 0x00, 0x03, 0xE0, 0x00, 0x7D, 0x00, 0x07, 0xF0, 0x00, 0xBF,
    0x00, 0x03, 0xE0, 0x00, 0x7D, 0x00, 0x1B, 0xFD, 0x03, 0xFA, 0xFF, 0xFE, 0x0F, 0xE7, 0xE6, 0xFD,
    0x3F, 0x84, 0x02, 0xF4, 0xBD, 0x00, 0x0B, 0xD2, 0xF4, 0x00, 0x7F, 0x0B, 0xD0, 0x0B, 0xF4, 0x2F,
    0x40, 0x7F, 0x40, 0xBD, 0x03, 0xF0, 0x01, 0xF0, 0x0F, 0x80, 0x07, 0xC0, 0x14, 0x00, 0x00, 0x00,
    0x00, 0x00, 0x00, 0x03, 0xE0, 0x01, 0xF4, 0x1F, 0xC0, 0x0F, 0xE0, 0x3E, 0x00, 0x1F, 0x40, 0xFE,
    0x06, 0xFF, 0x43, 0xF8, 0xBF, 0xFF, 0x8B, 0xE1, 0xF9, 0xBF, 0x2F, 0x81, 0x00, 0xBD, 0xBD, 0x00,
    0x02, 0xF6, 0xF4, 0x00, 0x1F, 0xC7, 0xD0, 0x02, 0xFD, 0x1F, 0x40, 0x2F, 0xD0, 0x7D, 0x00, 0xFC,
    0x01, 0xF0, 0x03, 0xD0, 0x00, 0x00, 0x05, 0x00, 0x00, 0x00, 0x00, 0x00, 0x7D, 0x00, 0xF8, 0x03,
    0xF8, 0x07, 0xF0, 0x07, 0xD0, 0x0F, 0x80, 0x00, 0x3F, 0xFF, 0xFC, 0xFF, 0xFF, 0xF1, 0x55, 0x6F,
    0x80, 0x00, 0xBC, 0x00, 0x07, 0xD0, 0x00, 0x3F, 0x00, 0x01, 0xF4, 0x00, 0x0F, 0xC0, 0x00, 0xBD,
    0x00, 0x03, 0xE0, 0x00, 0x3F, 0x00, 0x01, 0xF8, 0x00, 0x7F, 0xFF, 0x80, 0x7F, 0xFF, 0xF0, 0x79,
    0xFF, 0xFC, 0x70, 0xFF, 0xFC, 0x70, 0xFF, 0xFC, 0x70, 0xFF, 0xFD, 0x70, 0xFF, 0xFC, 0x70, 0xFF,
    0xFC, 0x70, 0xFF, 0xFC, 0x70, 0xFF, 0xF4, 0x70, 0xFF, 0xD0, 0x70, 0xE0, 0x00, 0x70, 0xE0, 0x00,
    0x70, 0xE0, 0x00, 0x70, 0xE0, 0x00, 0x70, 0xE0, 0x00, 0x70, 0xE0, 0x00, 0x70, 0xE0, 0x00, 0x70,
    0xE0, 0x00, 0x10, 0x50, 0x00, 0x0B, 0xFF, 0xFC, 0xFF, 0xFF, 0xF7, 0xFF, 0xE7, 0xEF, 0xFF, 0x8F,
    0xFF, 0xFE, 0x3F, 0xFF, 0xF8, 0xFF, 0xFF, 0xE3, 0xFF, 0xFF, 0x8F, 0xBF, 0xFE, 0x3C, 0xFF, 0xFF,
    0xF1, 0xFF, 0xFF, 0xC0, 0x55, 0x55, 0x3F, 0xFF, 0xD0, 0x3F, 0xFF, 0xF4, 0x39, 0xFF, 0xFC, 0x34,
    0xFF, 0xFD, 0x34, 0xFF, 0xFD, 0x34, 0xFF, 0xFE, 0x34, 0xFF, 0xFD, 0x34, 0xFF, 0xFD, 0x34, 0xFF,
    0xFC, 0x3F, 0xFF, 0xF8, 0x3F, 0xFF, 0xF0, 0x15, 0x55, 0x00, 0x00, 0xBC, 0x00, 0x02, 0xF0, 0x00,
    0x07, 0x80, 0x0F, 0x5E, 0x6D, 0x7F, 0xFF, 0xF8, 0x6B, 0xFE, 0x90, 0x2F, 0xF0, 0x01, 0xF7, 0xE0,
    0x0F, 0xCB, 0xC0, 0x09, 0x0D, 0x00, 0x00, 0x00, 0x00, 0x7C, 0x2F, 0x8B, 0xE1, 0xF0, 0x00, 0x00,
    0x00, 0x00, 0x00, 0x00, 0x00, 0x0B, 0xD1, 0xF8, 0x3E, 0x0B, 0xC0, 0xF0, 0x01, 0xBF, 0x80, 0x02,
    0xE4, 0x6D, 0x02, 0x80, 0x00, 0xD1, 0xC0, 0x00, 0x0C, 0x00, 0x00, 0x00, 0x00, 0x00, 0x00, 0x00,
    0x00, 0x00, 0x00, 0x00, 0x00, 0x00, 0x00, 0x00, 0x00, 0x00, 0x00, 0x00, 0x00, 0x00, 0x00, 0x00,
    0x00, 0x00, 0x00, 0x00, 0x00, 0x00, 0x00, 0x00, 0x00, 0x00, 0x00, 0x00, 0x00, 0x00, 0x00, 0x00,
    0x00, 0x00, 0x00, 0x00, 0x00, 0x00, 0x07, 0x00, 0x00, 0x30, 0xA0, 0x00, 0x34, 0x0B, 0x51, 0xB4,
    0x00, 0x6F, 0xE0, 0x00, 0x00, 0xBC, 0x00, 0x02, 0xF0, 0x00, 0x07, 0x80, 0x0F, 0x5E, 0x6D, 0x7F,
    0xFF, 0xF8, 0x6B, 0xFE, 0x90, 0x2F, 0xF0, 0x01, 0xF7, 0xE0, 0x0F, 0xCB, 0xC0, 0x09, 0x0D, 0x00,
    0x00, 0x00, 0x00, 0x2F, 0x00, 0x00, 0xBC, 0x00, 0x01, 0xE0, 0x03, 0xD7, 0x9B, 0x5F, 0xFF, 0xFE,
    0x1A, 0xFF, 0xA4, 0x0B, 0xFC, 0x00, 0x7D, 0xF8, 0x03, 0xF2, 0xF0, 0x02, 0x43, 0x40, 0x00, 0x00,
    0x00, 0x7C, 0x0F, 0xBF, 0x87, 0xC7, 0xC3, 0xE0, 0x00, 0xF4, 0x00, 0xBC, 0x00, 0x3D, 0x00, 0x1F,
    0x00, 0x0F, 0x80, 0x07, 0xC0, 0x02, 0xF0, 0x00, 0xF4, 0x00, 0x7C, 0x00, 0x3E, 0x1F, 0x5F, 0x0F,
    0xEB, 0xC1, 0xF4, 0x00, 0x54, 0x00, 0x00, 0x01, 0x01, 0xFF, 0xFE, 0x40, 0x03, 0xC0, 0xFF, 0xFF,
    0xFF, 0x9B, 0xE0, 0xF4, 0x06, 0xFF, 0xFF, 0xF0, 0x38, 0x00, 0x01, 0xBF, 0xE0, 0x00, 0x01, 0xBF,
    0x80, 0x02, 0xE4, 0x6D, 0x02, 0x80, 0x00, 0xD1, 0xC0, 0x00, 0x0C, 0x00, 0x00, 0x00, 0x00, 0x00,
    0x38, 0x00, 0x08, 0x38, 0x50, 0x1F, 0x39, 0xF0, 0x0B, 0xFF, 0xD0, 0x02, 0xFF, 0x40, 0x7F, 0xFF,
    0xFC, 0x7F, 0xFF, 0xFC, 0x03, 0xFF, 0x80, 0x0F, 0xBF, 0xE0, 0x0D, 0x38, 0xA0, 0x00, 0x38, 0x00,
    0x00, 0x07, 0xD0, 0x00, 0xBF, 0x00, 0x07, 0xD0, 0x00, 0x00, 0x00, 0x00, 0x07, 0xD0, 0x00, 0xFE,
    0x00, 0x07, 0xD0, 0x00, 0x00, 0x00, 0x00, 0x00, 0x00, 0x00, 0x00, 0x00, 0x00, 0x00, 0x00, 0x07,
    0xD0, 0x00, 0xBF, 0x00, 0x07, 0xD0, 0x02, 0xF0, 0xF8, 0xFC, 0x7D, 0x03, 0xE2, 0xF1, 0xF4, 0xF8,
    0x0B, 0xC3, 0xD3, 0xE1, 0xF0, 0x0F, 0x0B, 0x87, 0xC3, 0xD0, 0x2E, 0x0F, 0x0F, 0x47, 0x80, 0x14,
    0x14, 0x05, 0x05, 0x00, 0x00, 0x07, 0xD0, 0x00, 0x00, 0x0B, 0xF0, 0x00, 0x00, 0x07, 0xD0, 0x00,
    0x00, 0x00, 0x00, 0x00, 0x00, 0x00, 0x00, 0x00, 0x7D, 0x00, 0x00, 0x3E, 0xFE, 0x00, 0x00, 0xBF,
    0x7D, 0x00, 0x00, 0x3E, 0x00, 0x00, 0x00, 0x00, 0x00, 0x00, 0x00, 0x00, 0x00, 0x00, 0x00, 0x00,
    0x00, 0x00, 0x00, 0x00, 0x00, 0x07, 0xD0, 0x00, 0x00, 0x0B, 0xF0, 0x00, 0x00, 0x07, 0xD0, 0x00,
    0x7D, 0x00, 0x00, 0x3E, 0xFE, 0x00, 0x00, 0xBF, 0x7D, 0x00, 0x00, 0x3E, 0x00, 0x00, 0x00, 0x00,
    0x00, 0x00, 0x00, 0x00, 0x00, 0x07, 0xD0, 0x00, 0x00, 0x0B, 0xF0, 0x00, 0x00, 0x07, 0xD0, 0x00,
    0x00, 0x00, 0x00, 0x00, 0x00, 0x00, 0x00, 0x00, 0x00, 0x00, 0x00, 0x00, 0x00, 0x00, 0x00, 0x00,
    0x7D, 0x00, 0x00, 0x3E, 0xFE, 0x00, 0x00, 0xBF, 0x7D, 0x00, 0x00, 0x3E, 0x7D, 0xFE, 0x7D, 0x00,
    0x00, 0x00, 0x00, 0x00, 0x00, 0x00, 0x00, 0x00, 0x7D, 0xFE, 0x7D, 0x00, 0x3E, 0x00, 0x00, 0x2F,
    0xC0, 0x00, 0x03, 0xE0, 0x00, 0x00, 0x00, 0x00, 0x00, 0x00, 0x00, 0x00, 0x00, 0x00, 0x00, 0x00,
    0x00, 0x01, 0xF4, 0x00, 0xF8, 0xFE, 0x00, 0x7F, 0x1F, 0x40, 0x0F, 0x80, 0x00, 0x00, 0x00, 0x00,
    0x00, 0x00, 0x00, 0x00, 0x00, 0x00, 0x00, 0x00, 0x00, 0x03, 0xE0, 0x00, 0x02, 0xFC, 0x00, 0x00,
    0x3E, 0x00, 0x00, 0x00, 0x01, 0xF0, 0x00, 0x01, 0xF0, 0x7C, 0x1F, 0x00, 0xFE, 0x1F, 0x0B, 0xE0,
    0x3F, 0x87, 0xC2, 0xF8, 0x07, 0xC1, 0xF0, 0x7C, 0x00, 0x00, 0x7C, 0x00, 0x00, 0x00, 0x1F, 0x00,
    0x00, 0x55, 0x5B, 0xD5, 0x55, 0x3F, 0xFF, 0xFF, 0xFF, 0xCF, 0xFF, 0xFF, 0xFF, 0xF0, 0x00, 0x1F,
    0x00, 0x00, 0x00, 0x07, 0xC0, 0x00, 0x07, 0xC1, 0xF0, 0x7C, 0x03, 0xF8, 0x7C, 0x2F, 0x80, 0xFE,
    0x1F, 0x0B, 0xE0, 0x1F, 0x07, 0xC1, 0xF0, 0x00, 0x01, 0xF0, 0x00, 0x00, 0x7D, 0xBF, 0x7D, 0x00,
    0x00, 0x00, 0x7D, 0xBF, 0x7D, 0x00, 0x00, 0x00, 0x00, 0x7D, 0xFE, 0x7D, 0x7D, 0xFE, 0x7D, 0x7D,
    0xFE, 0x7D, 0x00, 0x7D, 0xFE, 0x7D, 0x00, 0x00, 0x7D, 0xFE, 0x7D, 0x7F, 0xD0, 0x50, 0x05, 0x00,
    0x50, 0x7F, 0xD0, 0x50, 0x05, 0x00, 0x50, 0x05, 0x00, 0x50, 0x05, 0x00, 0x50, 0x05, 0x00, 0x50,
    0x05, 0x00, 0x50, 0x05, 0x00, 0x50, 0x7F, 0xD5, 0x05, 0x50, 0x55, 0x05, 0x7F, 0xD0, 0x50, 0x05,
    0x00, 0x50, 0x05, 0x00, 0x50, 0x05, 0x00, 0x50, 0x05, 0x00, 0x50, 0x05, 0x00, 0x50, 0x05, 0x00,
    0x50, 0x3F, 0xC2, 0xF8, 0x0F, 0x00, 0xA0, 0x05, 0x00, 0x50, 0x05, 0x00, 0x50, 0x05, 0x00, 0x50,
    0x05, 0x00, 0x50, 0x05, 0x00, 0x50, 0x05, 0x00, 0x50, 0x05, 0x00, 0x50, 0x00, 0x00, 0xA0, 0x0F,
    0x02, 0xF8, 0x3F, 0xC0, 0x50, 0x05, 0x00, 0x50, 0x05, 0x00, 0x50, 0x05, 0x00, 0x50, 0x05, 0x00,
    0x50, 0x05, 0x00, 0x50, 0x05, 0x00, 0x50, 0x05, 0x01, 0xF4, 0x30, 0xC1, 0xA4, 0x0A, 0x00, 0x50,
    0x05, 0x00, 0x50, 0x05, 0x00, 0x50, 0x05, 0x00, 0x50, 0x05, 0x00, 0x50, 0x05, 0x00, 0x50, 0x05,
    0x00, 0x50, 0x7D, 0x00, 0x50, 0x05, 0x00, 0x50, 0x7F, 0xD0, 0x50, 0x05, 0x00, 0x50, 0x05, 0x00,
    0x50, 0x05, 0x00, 0x50, 0x05, 0x00, 0x50, 0x05, 0x00, 0x50, 0x05, 0x00, 0x50, 0x00, 0x00, 0x0F,
    0xF0, 0x3F, 0xFC, 0x7D, 0x7C, 0x7C, 0x3D, 0xBC, 0x3D, 0x7C, 0x3D, 0x7D, 0xBC, 0x3F, 0xF8, 0x0B,
    0xE0, 0x14, 0x3C, 0x00, 0x3C, 0x3C, 0x3C, 0x3C, 0x3C, 0x3C, 0x3C, 0x00, 0x60, 0x02, 0xF4, 0x03,
    0xF4, 0x0F, 0xF4, 0x2D, 0xF4, 0x38, 0xF4, 0xBE, 0xFE, 0xFF, 0xFE, 0x00, 0xF4, 0x00, 0x50, 0x00,
    0x00, 0x2F, 0xF8, 0x3F, 0xF8, 0x3C, 0x00, 0x3F, 0xF0, 0x3F, 0xFC, 0x00, 0x7C, 0x10, 0x7C, 0x3F,
    0xF8, 0x2F, 0xE0, 0x06, 0xF8, 0x1F, 0xFC, 0x3E, 0x40, 0x7E, 0xF8, 0x7F, 0xFC, 0xBC, 0x3D, 0x7C,
    0x3D, 0x3F, 0xFC, 0x0B, 0xE0, 0x00, 0x00, 0x7F, 0xFD, 0x7F, 0xFD, 0x00, 0x3C, 0x00, 0xB8, 0x00,
    0xF0, 0x02, 0xE0, 0x03, 0xD0, 0x0B, 0xC0, 0x0F, 0x40, 0x00, 0x00, 0x1F, 0xF0, 0x3F, 0xFC, 0x3C,
    0x3C, 0x3D, 0x7C, 0x1F, 0xF0, 0x3F, 0xF8, 0x7C, 0x3D, 0x7C, 0x3D, 0x3F, 0xFC, 0x1F, 0xE0, 0x0F,
    0xE0, 0x3F, 0xFC, 0x7C, 0x7C, 0xBC, 0x3D, 0x7F, 0xFD, 0x2F, 0x7C, 0x00, 0xFC, 0x3F, 0xF4, 0x3F,
    0x90, 0x03, 0x80, 0x0E, 0x07, 0xFF, 0x80, 0xE0, 0x03, 0x80, 0x0E, 0x00, 0x7F, 0xFC, 0x55, 0x50,
    0x7F, 0xF8, 0x00, 0x00, 0x00, 0x1F, 0xFE, 0x00, 0x00, 0x0E, 0x2C, 0x38, 0x74, 0xB4, 0xB0, 0xB0,
    0xB4, 0x74, 0x38, 0x3C, 0x0E, 0xB0, 0x3C, 0x2C, 0x1D, 0x0E, 0x0E, 0x0E, 0x0E, 0x1D, 0x2C, 0x3C,
    0xB0, 0xE7, 0xE3, 0xFF, 0xEF, 0x8B, 0xFC, 0x0F, 0xF0, 0x3F, 0xC0, 0xFF, 0x03, 0xC0, 0x00, 0x00,
    0x0F, 0xF0, 0x3F, 0xFC, 0x7D, 0x7C, 0x7C, 0x3D, 0xBC, 0x3D, 0x7C, 0x3D, 0x7D, 0xBC, 0x3F, 0xF8,
    0x0B, 0xE0, 0x02, 0xF0, 0xFF, 0x3F, 0xF2, 0x6F, 0x02, 0xF0, 0x2F, 0x02, 0xF0, 0x2F, 0x02, 0xF0,
    0x00, 0x00, 0x1F, 0xE0, 0x7F, 0xF8, 0x24, 0xBC, 0x00, 0xF8, 0x02, 0xF0, 0x0B, 0xC0, 0x2F, 0x00,
    0x7F, 0xFC, 0x7F, 0xFC, 0x1F, 0xE0, 0x3F, 0xFC, 0x10, 0xBC, 0x0F, 0xF4, 0x0F, 0xF4, 0x00, 0x7C,
    0x50, 0x7C, 0x7F, 0xFC, 0x2F, 0xE0, 0x00, 0x60, 0x02, 0xF4, 0x03, 0xF4, 0x0F, 0xF4, 0x2D, 0xF4,
    0x38, 0xF4, 0xBE, 0xFE, 0xFF, 0xFE, 0x00, 0xF4, 0x00, 0x50, 0x00, 0x00, 0x2F, 0xF8, 0x3F, 0xF8,
    0x3C, 0x00, 0x3F, 0xF0, 0x3F, 0xFC, 0x00, 0x7C, 0x10, 0x7C, 0x3F, 0xF8, 0x2F, 0xE0, 0x06, 0xF8,
    0x1F, 0xFC, 0x3E, 0x40, 0x7E, 0xF8, 0x7F, 0xFC, 0xBC, 0x3D, 0x7C, 0x3D, 0x3F, 0xFC, 0x0B, 0xE0,
    0x00, 0x00, 0x7F, 0xFD, 0x7F, 0xFD, 0x00, 0x3C, 0x00, 0xB8, 0x00, 0xF0, 0x02, 0xE0, 0x03, 0xD0,
    0x0B, 0xC0, 0x0F, 0x40, 0x00, 0x00, 0x1F, 0xF0, 0x3F, 0xFC, 0x3C, 0x3C, 0x3D, 0x7C, 0x1F, 0xF0,
    0x3F, 0xF8, 0x7C, 0x3D, 0x7C, 0x3D, 0x3F, 0xFC, 0x1F, 0xE0, 0x0F, 0xE0, 0x3F, 0xFC, 0x7C, 0x7C,
    0xBC, 0x3D, 0x7F, 0xFD, 0x2F, 0x7C, 0x00, 0xFC, 0x3F, 0xF4, 0x3F, 0x90, 0x03, 0x80, 0x0E, 0x07,
    0xFF, 0x80, 0xE0, 0x03, 0x80, 0x0E, 0x00, 0x7F, 0xFC, 0x55, 0x50, 0x7F, 0xF8, 0x00, 0x00, 0x00,
    0x1F, 0xFE, 0x00, 0x00, 0x0E, 0x2C, 0x38, 0x74, 0xB4, 0xB0, 0xB0, 0xB4, 0x74, 0x38, 0x3C, 0x0E,
    0xB0, 0x3C, 0x2C, 0x1D, 0x0E, 0x0E, 0x0E, 0x0E, 0x1D, 0x2C, 0x3C, 0xB0, 0x1F, 0xF0, 0x1E, 0xBC,
    0x00, 0x3C, 0x2F, 0xFC, 0x7D, 0x7C, 0x7D, 0xBC, 0x2F, 0x9C, 0x0B, 0xE0, 0x3E, 0xBC, 0x3C, 0x2D,
    0x7F, 0xFD, 0x3D, 0x54, 0x3E, 0x58, 0x0B, 0xF8, 0x0B, 0xF4, 0x3E, 0xBC, 0x3C, 0x1E, 0x7C, 0x1F,
    0x3C, 0x1E, 0x3E, 0xBC, 0x0B, 0xF4, 0x7C, 0x3D, 0x3D, 0xB8, 0x0F, 0xF0, 0x0B, 0xD0, 0x0F, 0xF0,
    0x3D, 0xB8, 0xB8, 0x3D, 0x2F, 0xE0, 0x29, 0xBC, 0x00, 0x3D, 0x7F, 0xFD, 0x79, 0x7D, 0x3E, 0xBC,
    0x0B, 0xE0, 0xF0, 0x03, 0xC0, 0x0F, 0x00, 0x3D, 0xF8, 0xFF, 0xFB, 0xD1, 0xFF, 0x03, 0xFC, 0x0F,
    0xF0, 0x3F, 0xC0, 0xF0, 0xF0, 0x00, 0xF0, 0x00, 0xF0, 0x00, 0xF0, 0xB8, 0xF2, 0xF0, 0xF7, 0xC0,
    0xFF, 0x80, 0xFB, 0xD0, 0xF0, 0xF0, 0xF0, 0x7C, 0xF3, 0xCF, 0x3C, 0xF3, 0xCF, 0x3C, 0xF3, 0xC0,
    0xE7, 0xE2, 0xF4, 0xFF, 0xFF, 0xFC, 0xF4, 0xBC, 0x3C, 0xF0, 0x78, 0x3D, 0xF0, 0x78, 0x3D, 0xF0,
    0x78, 0x3D, 0xF0, 0x78, 0x3D, 0xE7, 0xE3, 0xFF, 0xEF, 0x47, 0xFC, 0x0F, 0xF0, 0x3F, 0xC0, 0xFF,
    0x03, 0xC0, 0xE3, 0xE3, 0xFF, 0xDF, 0x4B, 0xFC, 0x0F, 0xF4, 0xBF, 0xFF, 0xDF, 0x7E, 0x3C, 0x00,
    0xF0, 0x03, 0xC0, 0x00, 0x1F, 0xE1, 0xF1, 0x47, 0xE0, 0x0B, 0xF8, 0x02, 0xF1, 0x43, 0xC7, 0xFD,
    0x00, 0x08, 0x01, 0xD0, 0x7F, 0xD3, 0xD0, 0x2D, 0x02, 0xD0, 0x2D, 0x02, 0xF9, 0x0F, 0xD0, 0x02,
    0xFE, 0x00, 0x1F, 0xFF, 0x00, 0x3F, 0xEA, 0x00, 0x7F, 0x00, 0x00, 0xBD, 0x2F, 0xFD, 0xBD, 0x2F,
    0xFD, 0x7D, 0x2F, 0x94, 0x7F, 0x2F, 0x00, 0x3F, 0xFF, 0xFC, 0x0F, 0xFF, 0xFC, 0x00, 0x7F, 0x94,
    0x00, 0x2F, 0x00, 0x00, 0x2F, 0x94, 0x00, 0x2F, 0xFD, 0x00, 0x2F, 0xFD, 0x00, 0x03, 0x4C, 0x00,
    0x02, 0xEB, 0x00, 0x0F, 0xFF, 0xF0, 0x1F, 0xFF, 0xFC, 0x0F, 0xFD, 0x3D, 0x0B, 0xF3, 0x4D, 0x03,
    0xF5, 0xC7, 0x00, 0xFC, 0xB2, 0xC0, 0x7F, 0x38, 0xE0, 0x0F, 0xCE, 0x34, 0x03, 0xF7, 0x4D, 0x00,
    0xFF, 0xC7, 0x00, 0x1F, 0xF2, 0xC0, 0x03, 0xFF, 0xFF, 0x40, 0x2F, 0xFF, 0xD0, 0x03, 0xBF, 0x90,
    0x01, 0xC7, 0x00, 0x00, 0x11, 0x40, 0x00, 0x00, 0x6F, 0xF4, 0x02, 0xFF, 0xFC, 0x0B, 0xF9, 0xB8,
    0x1F, 0xC0, 0x00, 0x2F, 0x80, 0x00, 0x3F, 0x0F, 0x2D, 0x3F, 0x0F, 0xFC, 0x3F, 0x0F, 0xF8, 0x3F,
    0x0F, 0xC0, 0x3F, 0x0F, 0xC0, 0x3F, 0x4F, 0xC0, 0x2F, 0xDF, 0xC4, 0x0F, 0xFF, 0xFC, 0x07, 0xFF,
    0xFC, 0x00, 0xBF, 0xE4, 0x0F, 0xFF, 0xFC, 0x3F, 0xFF, 0xF0, 0xFD, 0x55, 0x43, 0xF0, 0x00, 0x0F,
    0xC0, 0x00, 0x3F, 0x00, 0x00, 0xFF, 0xFF, 0x43, 0xFF, 0xFD, 0x0F, 0xD5, 0x50, 0x3F, 0x00, 0x0B,
    0xFF, 0xF0, 0x2F, 0xFF, 0xC0, 0x6F, 0xD5, 0x00, 0x3F, 0x00, 0x00, 0xFC, 0x00, 0x00, 0x00, 0x7F,
    0xE4, 0x02, 0xFF, 0xFC, 0x03, 0xF9, 0xB4, 0x07, 0xF0, 0x00, 0x1B, 0xF5, 0x40, 0x3F, 0xFF, 0xD0,
    0x3F, 0xFF, 0xD0, 0x07, 0xE0, 0x00, 0x3F, 0xFF, 0xD0, 0x3F, 0xFF, 0xD0, 0x1B, 0xF5, 0x40, 0x0B,
    0xD0, 0x00, 0x2F, 0xD5, 0x54, 0x3F, 0xFF, 0xFE, 0x3F, 0xFF, 0xFE, 0x00, 0x00, 0x01, 0x90, 0x00,
    0x00, 0x00, 0x3C, 0x00, 0x00, 0x00, 0x07, 0xC0, 0x07, 0xC7, 0xF8, 0xFF, 0xE0, 0x7E, 0xFF, 0xFF,
    0xFF, 0xC7, 0xFE, 0xBF, 0xFA, 0xFE, 0x7F, 0x02, 0xFD, 0x0B, 0xF7, 0xF0, 0x1F, 0xC0, 0x7F, 0x7E,
    0x01, 0xFC, 0x07, 0xF7, 0xE0, 0x1F, 0xC0, 0x7F, 0x7E, 0x03, 0xFC, 0x07, 0xF7, 0xE0, 0x7F, 0xC0,
    0x7F, 0x7E, 0x0B, 0xFC, 0x07, 0xF7, 0xE0, 0xFF, 0xC0, 0x7F, 0x7E, 0x2F, 0xFC, 0x07, 0xF0, 0x03,
    0xC0, 0x00, 0x00, 0x00, 0xB8, 0x00, 0x00, 0x00, 0x05, 0x00, 0x00, 0x00, 0x2F, 0xC0, 0xF8, 0x2F,
    0xC0, 0xF8, 0x2F, 0xD0, 0xF8, 0x2E, 0xF0, 0xF8, 0x2E, 0xF0, 0xF8, 0xFF, 0xFF, 0xFE, 0xBF, 0xFF,
    0xFE, 0x2E, 0x3C, 0xF8, 0xFF, 0xFF, 0xFE, 0xBF, 0xFF, 0xFE, 0x2E, 0x0F, 0xB8, 0x2E, 0x0F, 0xF8,
    0x2E, 0x0B, 0xF8, 0x2E, 0x03, 0xF8, 0x2E, 0x03, 0xF8, 0x7F, 0xFD, 0x00, 0x00, 0x1F, 0xFF, 0xF0,
    0x00, 0x07, 0xFA, 0xFE, 0x00, 0x01, 0xF8, 0x1F, 0xC3, 0xC0, 0x7E, 0x03, 0xF0, 0xF0, 0x1F, 0x81,
    0xFC, 0x7C, 0x07, 0xE1, 0xFE, 0x7F, 0xF9, 0xFF, 0xFF, 0x7F, 0xFE, 0x7F, 0xFF, 0x07, 0xF5, 0x5F,
    0xD4, 0x00, 0xFC, 0x07, 0xE0, 0x00, 0x3F, 0x01, 0xF8, 0x00, 0x0F, 0xC0, 0x7E, 0x00, 0x03, 0xF4,
    0x5F, 0x80, 0x00, 0x7F, 0xF7, 0xE0, 0x00, 0x0B, 0xF8, 0x7F, 0xF9, 0x00, 0x00, 0x07, 0xFF, 0xF4,
    0x00, 0x00, 0x7E, 0xBF, 0xC0, 0x00, 0x07, 0xE0, 0xFC, 0x1F, 0xF4, 0x7E, 0x0F, 0xC7, 0xFF, 0xC7,
    0xE0, 0xFC, 0xBE, 0xBC, 0x7E, 0xBF, 0x8F, 0xC0, 0x07, 0xFF, 0xE0, 0xBF, 0x00, 0x7F, 0xFD, 0x03,
    0xFE, 0x07, 0xE7, 0xE0, 0x0B, 0xFC, 0x7E, 0x3F, 0x00, 0x0F, 0xD7, 0xE2, 0xF8, 0x00, 0x7D, 0x7E,
    0x0F, 0xCF, 0xAF, 0xD7, 0xE0, 0xFD, 0xFF, 0xFC, 0x7E, 0x07, 0xF7, 0xFE, 0x00, 0xBC, 0x0F, 0xC0,
    0xBC, 0x7C, 0x0F, 0xD0, 0xB8, 0x3C, 0x0F, 0xD0, 0xF8, 0x3D, 0x1F, 0xE0, 0xF4, 0x3D, 0x1D, 0xF0,
    0xF0, 0x2E, 0x2D, 0xF1, 0xF0, 0x7F, 0xBE, 0xFB, 0xF8, 0xFF, 0xFF, 0xFF, 0xFC, 0x0F, 0x3C, 0xB6,
    0xE0, 0x0F, 0x78, 0x7B, 0xD0, 0x0F, 0xB8, 0x3B, 0xC0, 0x0B, 0xF4, 0x3F, 0xC0, 0x0B, 0xF0, 0x3F,
    0xC0, 0x07, 0xF0, 0x2F, 0x80, 0x03, 0xF0, 0x2F, 0x80, 0x3F, 0xFF, 0xD0, 0x1F, 0x4F, 0xFF, 0xFF,
    0x07, 0xD3, 0xE5, 0x5F, 0xD1, 0xF4, 0xF8, 0xFC, 0xFC, 0x7D, 0x3E, 0x3F, 0x3F, 0x1F, 0x4F, 0x8F,
    0xCB, 0xC7, 0xD3, 0xE3, 0xF2, 0xF1, 0xF4, 0xF8, 0xFC, 0xBC, 0x7D, 0x3E, 0x3F, 0x2F, 0x1F, 0x4F,
    0x8F, 0xCB, 0xC7, 0xD3, 0xE3, 0xF2, 0xF1, 0xF4, 0xF8, 0xFC, 0x00, 0xFC, 0x3E, 0x3F, 0x55, 0xFE,
    0x0F, 0x8F, 0xFF, 0xFF, 0x03, 0xE3, 0xFF, 0xFE, 0x00, 0x00, 0x00, 0xBE, 0x00, 0x02, 0xFF, 0xFC,
    0x00, 0x2F, 0xFF, 0xC0, 0x01, 0x5B, 0xF4, 0x02, 0xFD, 0x7E, 0x00, 0xFF, 0xFF, 0xE0, 0x1F, 0xFB,
    0xFE, 0x02, 0xFC, 0x0F, 0xE0, 0x3F, 0x80, 0x7E, 0x03, 0xF4, 0x07, 0xE0, 0x3F, 0x40, 0x7E, 0x03,
    0xF8, 0x07, 0xE0, 0x2F, 0xC0, 0xBE, 0x01, 0xFF, 0xAF, 0xE0, 0x0F, 0xFF, 0xBE, 0x00, 0x2F, 0xC3,
    0xE0, 0x00, 0x00, 0x00, 0x00, 0x00, 0x00, 0x00, 0x0B, 0xFF, 0xFC, 0x00, 0x00, 0x00, 0x00, 0x00,
    0x1F, 0xF8, 0x00, 0xFF, 0xFD, 0x03, 0xFE, 0xAC, 0x0B, 0xF0, 0x00, 0x0F, 0xD0, 0x00, 0x7F, 0xFF,
    0xC0, 0x7F, 0xFF, 0xC0, 0x0F, 0xC0, 0x00, 0x7F, 0xFF, 0x80, 0x7F, 0xFF, 0x40, 0x0F, 0xD0, 0x00,
    0x07, 0xF0, 0x00, 0x03, 0xFE, 0x6C, 0x00, 0xFF, 0xFC, 0x00, 0x1F, 0xF8, 0x2F, 0x80, 0xBE, 0x2F,
    0x81, 0xFC, 0x2F, 0x83, 0xF0, 0x2F, 0x8B, 0xD0, 0x2F, 0x8F, 0xC0, 0x2F, 0xBF, 0x00, 0xFF, 0xFF,
    0xFC, 0xFF, 0xFF, 0xFC, 0x2F, 0xEF, 0x80, 0x2F, 0x8F, 0xC0, 0x2F, 0x8B, 0xE0, 0x2F, 0x83, 0xF0,
    0x2F, 0x82, 0xF8, 0x2F, 0x80, 0xFC, 0x2F, 0x80, 0xBE, 0xBF, 0xFF, 0xFE, 0xBF, 0xFF, 0xFE, 0x55,
    0xFE, 0x54, 0x00, 0xBE, 0x10, 0x00, 0xBF, 0xF0, 0x00, 0xBF, 0xC0, 0x00, 0xBE, 0x00, 0x02, 0xFE,
    0x60, 0x0F, 0xFF, 0xF0, 0x09, 0xBF, 0x80, 0x00, 0xBE, 0x00, 0x03, 0xFE, 0x00, 0x0F, 0xFE, 0x00,
    0x04, 0xBE, 0x00, 0x00, 0xBE, 0x00, 0x1B, 0xFE, 0x40, 0x00, 0x00, 0x1F, 0xFF, 0xFC, 0x00, 0x00,
    0x02, 0xAA, 0xFF, 0xC0, 0x00, 0x00, 0x0F, 0xC3, 0xF8, 0x00, 0x00, 0x07, 0xE0, 0x3F, 0x00, 0x00,
    0x02, 0xF4, 0x0F, 0xC0, 0x00, 0x00, 0xFC, 0x02, 0xF4, 0x00, 0x00, 0x3F, 0x00, 0xFD, 0x1F, 0xE0,
    0x0F, 0xC0, 0x3F, 0x1F, 0xFF, 0x07, 0xE0, 0x1F, 0xCF, 0xEF, 0xC2, 0xF4, 0x0F, 0xE7, 0xD0, 0xF4,
    0xFC, 0x0F, 0xF2, 0xF0, 0x3D, 0x3F, 0xBF, 0xF0, 0xFC, 0x2F, 0x0F, 0xFF, 0xF0, 0x3F, 0xFF, 0x87,
    0xFF, 0x90, 0x1F, 0xBF, 0x40, 0x00, 0x00, 0x07, 0xC0, 0x00, 0x00, 0x00, 0x02, 0xF0, 0x00, 0x00,
    0x00, 0x00, 0xFC, 0x00, 0x00, 0x00, 0x00, 0x3E, 0x00, 0x00, 0x00, 0x00, 0x1F, 0x40, 0x00, 0x00,
    0x1F, 0xE0, 0x00, 0x7F, 0xFC, 0x00, 0xFE, 0xFC, 0x00, 0xFC, 0x7D, 0x00, 0xFC, 0x7D, 0x00, 0xFC,
    0x7C, 0x00, 0xBE, 0xFC, 0x00, 0x3F, 0xF4, 0x00, 0x2F, 0xF0, 0x01, 0x0F, 0xD0, 0x07, 0x0F, 0xE0,
    0x0F, 0xAF, 0xF0, 0x2F, 0xFE, 0xF8, 0x3D, 0xF4, 0xFC, 0xB4, 0xE0, 0xFD, 0x00, 0x00, 0xBD, 0x00,
    0x00, 0xBE, 0x00, 0x06, 0xFD, 0x00, 0x0F, 0xFC, 0x00, 0x0B, 0xE0, 0x2F, 0xFF, 0x40, 0x2F, 0xFF,
    0xF0, 0x2F, 0x9B, 0xF4, 0xFF, 0xFF, 0xFF, 0x2F, 0x81, 0xFC, 0x2F, 0x40, 0xFC, 0xFF, 0xFF, 0xFF,
    0x2F, 0x83, 0xF4, 0x2F, 0xAF, 0xF0, 0x2F, 0xFF, 0xC0, 0x2F, 0xFE, 0x00, 0x2F, 0x40, 0x00, 0x2F,
    0x40, 0x00, 0x2F, 0x40, 0x00, 0x2F, 0x40, 0x00, 0x00, 0x0B, 0x00, 0x00, 0x1B, 0xFE, 0x40, 0x3F,
    0xFF, 0xF0, 0x3F, 0xFE, 0xB8, 0x3F, 0xDB, 0x00, 0x1F, 0xD2, 0xC0, 0x0B, 0xF0, 0xB0, 0x02, 0xF8,
    0x2C, 0x00, 0xFD, 0x0B, 0xFF, 0x6F, 0x82, 0xFF, 0xDB, 0xE0, 0xBB, 0xF5, 0xFC, 0x2C, 0xBD, 0x3F,
    0x8B, 0x2F, 0x47, 0xFF, 0xEF, 0xD0, 0xBF, 0xFF, 0xF4, 0x02, 0xFF, 0xF8, 0x00, 0x0B, 0x00, 0x00,
    0x02, 0xC0, 0x00, 0x00, 0x3F, 0x80, 0x00, 0x0B, 0xFC, 0x00, 0x00, 0xFF, 0xD0, 0x00, 0x0F, 0xBF,
    0x00, 0x02, 0xF2, 0xF0, 0x0B, 0xFF, 0xFF, 0xFD, 0xFF, 0xFF, 0xFF, 0xD0, 0xBD, 0x0F, 0xC0, 0xBF,
    0xFF, 0xFF, 0xDF, 0xFF, 0xFF, 0xFD, 0x2F, 0x40, 0x3F, 0x03, 0xF0, 0x02, 0xF4, 0x3F, 0x00, 0x1F,
    0x8B, 0xE0, 0x00, 0xFC, 0xFD, 0x00, 0x0F, 0xD0, 0x06, 0xFF, 0x80, 0x1F, 0xFF, 0xF0, 0x0F, 0xAB,
    0xF8, 0x00, 0x01, 0xF8, 0x00, 0x02, 0xF8, 0xFF, 0xFF, 0xFE, 0xBF, 0xFF, 0xFE, 0x07, 0xFF, 0x80,
    0xFF, 0xFF, 0xFE, 0xBF, 0xFF, 0xFE, 0x3F, 0x40, 0x00, 0x3F, 0x40, 0x00, 0x2F, 0xE6, 0xB8, 0x0F,
    0xFF, 0xF8, 0x02, 0xFF, 0xE0, 0x00, 0x0F, 0x00, 0x01, 0xFF, 0xF8, 0x0B, 0xFF, 0xFD, 0x1F, 0xFF,
    0xBC, 0x3F, 0x8B, 0x00, 0x7F, 0x0B, 0x00, 0xBE, 0x0B, 0x00, 0xBE, 0x0B, 0x00, 0xFE, 0x0B, 0x00,
    0xBE, 0x0B, 0x00, 0xBE, 0x0B, 0x00, 0x7F, 0x0B, 0x00, 0x3F, 0x8B, 0x00, 0x2F, 0xFF, 0xBC, 0x0B,
    0xFF, 0xFC, 0x01, 0xFF, 0xF4, 0x00, 0x0B, 0x00, 0x00, 0x0B, 0x00, 0x03, 0xC0, 0xB8, 0x00, 0xBC,
    0x0F, 0x80, 0x1F, 0xFF, 0xFF, 0xEB, 0xFF, 0xFF, 0xFE, 0x1F, 0xE7, 0xF9, 0x50, 0xFC, 0x2F, 0x80,
    0x0F, 0xC2, 0xF8, 0x00, 0xFC, 0x2F, 0x80, 0x0F, 0xC2, 0xF8, 0x00, 0xFC, 0x2F, 0x80, 0x0F, 0xC2,
    0xF8, 0x00, 0xFC, 0x1F, 0xEA, 0x0F, 0xC0, 0xFF, 0xF0, 0xFC, 0x03, 0xFE, 0x00, 0x02, 0xFF, 0x90,
    0x00, 0x3F, 0xFF, 0xC0, 0x03, 0xFE, 0xBE, 0x00, 0x0F, 0xC0, 0x00, 0x00, 0x3F, 0x00, 0x00, 0x00,
    0xFF, 0x40, 0x00, 0x00, 0xFF, 0xD0, 0x00, 0x00, 0xFF, 0xE0, 0x00, 0x00, 0x7F, 0xE0, 0x00, 0x00,
    0x1F, 0xC3, 0xDF, 0xEF, 0x5F, 0x6A, 0xC7, 0x8F, 0x7D, 0x3F, 0x0D, 0x2F, 0xF0, 0x3F, 0xFF, 0xFF,
    0x40, 0xBB, 0xFF, 0xE0, 0x02, 0xC3, 0x4B, 0x00, 0x05, 0x04, 0x14, 0x00, 0xBF, 0xFF, 0xFE, 0xBF,
    0xFF, 0xFE, 0x55, 0x55, 0x54, 0x00, 0x00, 0x00, 0xBF, 0xFF, 0xFE, 0xBF, 0xFF, 0xFE, 0x55, 0xFF,
    0x54, 0x00, 0xBE, 0x00, 0x00, 0xBE, 0x00, 0x00, 0xBE, 0x00, 0x00, 0xBE, 0x00, 0x00, 0xBE, 0x00,
    0x00, 0xBE, 0x00, 0x00, 0xBE, 0x00, 0x00, 0xBE, 0x00, 0xBF, 0xFF, 0xF6, 0xBF, 0xE9, 0x00, 0xFC,
    0x06, 0xAF, 0xE9, 0xBF, 0xFF, 0xF0, 0x0F, 0xD0, 0x06, 0xFC, 0x0B, 0xFF, 0x00, 0xBF, 0x40, 0x03,
    0xF4, 0x00, 0x1F, 0xC0, 0x00, 0xFE, 0x00, 0x07, 0xF0, 0x00, 0x2F, 0xC0, 0x00, 0xFD, 0x00, 0x0F,
    0xC0, 0x00, 0x0F, 0xC0, 0x00, 0x0F, 0xEF, 0x40, 0x0F, 0xFE, 0x00, 0xFF, 0xD0, 0x00, 0xEF, 0xEF,
    0x40, 0x0F, 0xFE, 0x00, 0xBF, 0xD0, 0x14, 0xEF, 0xC0, 0xBD, 0x0F, 0xC0, 0xBC, 0x0F, 0xC0, 0xFC,
    0x0F, 0xC2, 0xF8, 0x0F, 0xEF, 0xF0, 0x0F, 0xFF, 0xC0, 0x0F, 0xF9, 0x00, 0x2F, 0x80, 0x00, 0x00,
    0x1C, 0x3C, 0x00, 0x00, 0x0B, 0x0B, 0x00, 0x00, 0x02, 0xFF, 0xFF, 0xFF, 0xD0, 0x3F, 0xFF, 0xFF,
    0xFE, 0x01, 0x7E, 0x55, 0x6B, 0xC0, 0x0B, 0x40, 0x00, 0x74, 0x02, 0xD3, 0x8C, 0x0D, 0x00, 0xBB,
    0xFF, 0xC3, 0x00, 0x2F, 0x8F, 0x6F, 0x80, 0x0F, 0xC0, 0x00, 0x00, 0x0F, 0xF8, 0x00, 0x00, 0x02,
    0x2F, 0xE6, 0x90, 0x00, 0x02, 0xFF, 0xF4, 0x00, 0x00, 0x1B, 0xFD, 0x00, 0x00, 0x07, 0xE0, 0x00,
    0x00, 0x01, 0xF8, 0x00, 0x00, 0x00, 0x7E, 0x00, 0x00, 0x00, 0x1F, 0x80, 0x00, 0x00, 0x6F, 0xF9,
    0x00, 0x01, 0xFF, 0xFF, 0xF8, 0x01, 0xFF, 0xFF, 0xFF, 0xC0, 0xFE, 0x1F, 0x87, 0xF4, 0x7E, 0x07,
    0xE0, 0x7F, 0x2F, 0x01, 0xF8, 0x0F, 0xCF, 0xC0, 0x7E, 0x03, 0xF3, 0xF0, 0x1F, 0x80, 0xFC, 0xFC,
    0x00, 0x00, 0x3F, 0x3F, 0x00, 0x00, 0x0F, 0xCF, 0xC0, 0x00, 0x03, 0xF0, 0x0F, 0xFF, 0xE0, 0x03,
    0xFF, 0xFF, 0x00, 0xFD, 0x6F, 0xF0, 0x3F, 0x01, 0xFC, 0x0F, 0xC0, 0x3F, 0x03, 0xF0, 0x1F, 0xC6,
    0xFD, 0xAF, 0xE3, 0xFF, 0xFF, 0xF0, 0xFF, 0xFF, 0xD0, 0x03, 0xF0, 0x00, 0x06, 0xFD, 0x50, 0x03,
    0xFF, 0xFC, 0x00, 0xFF, 0xFF, 0x00, 0x03, 0xF0, 0x00, 0x00, 0xFC, 0x00, 0x00, 0x00, 0x38, 0xD0,
    0x00, 0x02, 0xFF, 0xD0, 0x00, 0x7F, 0xFF, 0xF0, 0x07, 0xFF, 0xBF, 0xF0, 0x3F, 0xB8, 0xEF, 0xD1,
    0xFC, 0xE3, 0x5F, 0xCB, 0xE3, 0x8D, 0x3F, 0x3F, 0x4E, 0x34, 0xFC, 0xFD, 0x38, 0xD3, 0xF6, 0xF8,
    0x00, 0x00, 0x07, 0xF0, 0x00, 0x00, 0x0F, 0xC0, 0x00, 0x00, 0x1F, 0xC0, 0x00, 0x00, 0x2F, 0xE9,
    0x55, 0x03, 0xFF, 0xFF, 0xFD, 0x0F, 0xFF, 0xFF, 0xF4, 0x01, 0x08, 0x00, 0x0D, 0x30, 0x00, 0x34,
    0xC0, 0x0F, 0xFF, 0x80, 0x3F, 0xFF, 0xC0, 0xFD, 0xBF, 0x83, 0xF0, 0xBF, 0x0F, 0xC1, 0xFC, 0x3F,
    0x0F, 0xE0, 0xFF, 0xFF, 0x03, 0xFF, 0xF8, 0x0F, 0xDB, 0xFC, 0x3F, 0x03, 0xF0, 0xFC, 0x0F, 0xC3,
    0xF0, 0x3F, 0x0F, 0xDB, 0xFC, 0x3F, 0xFF, 0xD0, 0xFF, 0xF8, 0x00, 0x34, 0xC0, 0x00, 0xD3, 0x00,
    0x00, 0xBF, 0xD0, 0x1F, 0xFF, 0xC1, 0xFF, 0xAD, 0x0B, 0xE0, 0x00, 0x3F, 0x40, 0x00, 0xFC, 0x00,
    0x03, 0xF0, 0x00, 0x0F, 0xD0, 0x00, 0x3F, 0x80, 0x00, 0x7F, 0xEB, 0xC0, 0xBF, 0xFF, 0x00, 0x6F,
    0xE4, 0x00, 0x00, 0x00, 0x55, 0x55, 0x43, 0xFF, 0xFF, 0x0F, 0xFF, 0xFC, 0x02, 0xF0, 0x01, 0xF0,
    0x00, 0x3F, 0xC0, 0x0F, 0x80, 0x03, 0xFF, 0x00, 0x7C, 0x00, 0x09, 0xBC, 0x03, 0xE0, 0x00, 0x02,
    0xF0, 0x1F, 0x00, 0x00, 0x0B, 0xC0, 0xF4, 0x00, 0x00, 0x2F, 0x0B, 0xCF, 0xFF, 0xC0, 0xBC, 0x3D,
    0x3F, 0xFF, 0x02, 0xF2, 0xF0, 0x00, 0xB4, 0x00, 0x0F, 0x00, 0x03, 0xC0, 0x00, 0xF8, 0x00, 0x2E,
    0x00, 0x07, 0xC0, 0x00, 0xF0, 0x00, 0x3E, 0x00, 0x0F, 0x80, 0x01, 0xF0, 0x00, 0x7C, 0x00, 0x0F,
    0x40, 0x02, 0xF0, 0x00, 0x02, 0xF0, 0x01, 0xF0, 0x00, 0x3F, 0xC0, 0x0F, 0x40, 0x03, 0xFF, 0x00,
    0xBC, 0x00, 0x09, 0xBC, 0x03, 0xD0, 0x00, 0x02, 0xF0, 0x2F, 0x00, 0x00, 0x0B, 0xC0, 0xF4, 0x00,
    0x00, 0x2F, 0x0B, 0x80, 0x00, 0x00, 0xBC, 0x7C, 0x0F, 0xE0, 0x02, 0xF3, 0xE0, 0xFF, 0xF0, 0x00,
    0x1F, 0x07, 0xC7, 0xC0, 0x00, 0xF8, 0x2F, 0x0F, 0x40, 0x07, 0xC0, 0x7F, 0xFD, 0x00, 0x3D, 0x00,
    0xBD, 0xF0, 0x02, 0xF0, 0x00, 0x0F, 0xC0, 0x0F, 0x40, 0x0F, 0xFD, 0x00, 0x00, 0x00, 0x3F, 0x90,
    0x02, 0xF0, 0x01, 0xF0, 0x00, 0x00, 0x0F, 0xF0, 0x03, 0xD0, 0x00, 0x00, 0x3F, 0xF0, 0x0B, 0xC0,
    0x00, 0x00, 0x26, 0xF0, 0x0F, 0x40, 0x00, 0x00, 0x02, 0xF0, 0x2F, 0x00, 0x00, 0x00, 0x02, 0xF0,
    0x3D, 0x00, 0x00, 0x00, 0x02, 0xF0, 0xB8, 0x7C, 0x00, 0x00, 0x02, 0xF1, 0xF2, 0xFC, 0x0F, 0xF0,
    0x02, 0xF3, 0xEB, 0xFC, 0x3F, 0xFC, 0x00, 0x07, 0xC6, 0x7C, 0x7D, 0x7C, 0x00, 0x0F, 0x80, 0x3C,
    0x7C, 0x3D, 0x00, 0x1F, 0x00, 0x3C, 0xBC, 0x3D, 0x00, 0x3D, 0x00, 0x3C, 0x7C, 0x3D, 0x00, 0xBC,
    0x00, 0x3C, 0x7D, 0xBC, 0x00, 0xF4, 0x00, 0x3C, 0x3F, 0xF8, 0x00, 0x00, 0x00, 0x00, 0x0B, 0xE0,
    0x03, 0xE0, 0x03, 0xE0, 0x01, 0xFE, 0x00, 0x7C, 0x00, 0x3F, 0xE0, 0x0F, 0x80, 0x00, 0x2E, 0x02,
    0xF0, 0x00, 0x02, 0xE0, 0x3D, 0x00, 0x00, 0x2E, 0x0B, 0xCB, 0xE0, 0x02, 0xE0, 0xF7, 0xFF, 0xC0,
    0x2E, 0x2F, 0x28, 0x3C, 0x02, 0xE3, 0xC0, 0x03, 0xC0, 0x00, 0xF8, 0x07, 0xF4, 0x00, 0x1F, 0x00,
    0xBF, 0x80, 0x03, 0xE0, 0x00, 0x3D, 0x00, 0x7C, 0x01, 0x03, 0xD0, 0x0F, 0x80, 0x3F, 0xFC, 0x02,
    0xF0, 0x02, 0xFF, 0x40, 0x1F, 0xE0, 0x00, 0xF8, 0x01, 0xFF, 0xD0, 0x07, 0xC0, 0x03, 0xAF, 0x80,
    0x3E, 0x00, 0x00, 0x3D, 0x01, 0xF0, 0x00, 0x02, 0xE0, 0x0F, 0x40, 0x00, 0x3E, 0x00, 0xBC, 0xB9,
    0x07, 0xF5, 0x43, 0xDF, 0xFE, 0x2F, 0xFF, 0x2F, 0x24, 0xBC, 0xBF, 0xFC, 0xF0, 0x01, 0xE0, 0x00,
    0x0B, 0x80, 0xFE, 0x00, 0x00, 0x7C, 0x03, 0xFD, 0x00, 0x03, 0xE0, 0x00, 0x7C, 0x00, 0x1F, 0x00,
    0x40, 0xF0, 0x00, 0xF4, 0x07, 0xFF, 0xC0, 0x07, 0xC0, 0x0B, 0xF8, 0x00, 0x02, 0xF0, 0x01, 0xF0,
    0x00, 0x3F, 0xC0, 0x0F, 0x40, 0x03, 0xFF, 0x00, 0xBC, 0x00, 0x09, 0xBC, 0x03, 0xD0, 0x00, 0x02,
    0xF0, 0x2F, 0x00, 0x00, 0x0B, 0xC0, 0xF4, 0x00, 0x00, 0x2F, 0x0B, 0x87, 0xFF, 0x00, 0xBC, 0x7C,
    0x2F, 0xFC, 0x02, 0xF3, 0xE0, 0xB0, 0x00, 0x00, 0x1F, 0x02, 0xFF, 0x40, 0x00, 0xF8, 0x0B, 0xFF,
    0x00, 0x07, 0xC0, 0x00, 0x3D, 0x00, 0x3D, 0x00, 0x41, 0xF4, 0x02, 0xF0, 0x03, 0xFF, 0xC0, 0x0F,
    0x40, 0x0B, 0xF8, 0x00, 0x00, 0x00, 0x00, 0x00, 0x00, 0x1F, 0xE0, 0x00, 0x3C, 0x00, 0x7F, 0xF8,
    0x00, 0xB8, 0x00, 0x24, 0xBC, 0x01, 0xF0, 0x00, 0x00, 0xF8, 0x03, 0xE0, 0x00, 0x02, 0xF0, 0x07,
    0xC0, 0x00, 0x0B, 0xC0, 0x0F, 0x40, 0x00, 0x2F, 0x00, 0x1F, 0x1F, 0xFC, 0x7F, 0xFC, 0x3D, 0x1F,
    0xFC, 0x7F, 0xFC, 0xBC, 0x1D, 0x00, 0x00, 0x00, 0xF4, 0x2F, 0xF4, 0x00, 0x02, 0xE0, 0x1F, 0xFD,
    0x00, 0x03, 0xC0, 0x00, 0x3E, 0x00, 0x0F, 0x80, 0x14, 0x3E, 0x00, 0x1F, 0x00, 0x3F, 0xFC, 0x00,
    0x3E, 0x00, 0x1F, 0xE0, 0x1F, 0xE0, 0x01, 0xF0, 0x03, 0xFF, 0xC0, 0x3E, 0x00, 0x10, 0xBC, 0x07,
    0xC0, 0x00, 0xFF, 0x40, 0xF4, 0x00, 0x0F, 0xF4, 0x2F, 0x00, 0x00, 0x07, 0xC3, 0xD0, 0x00, 0x50,
    0x7C, 0xBC, 0xFF, 0xD7, 0xFF, 0xCF, 0x4F, 0xFD, 0x2F, 0xE2, 0xE0, 0xE0, 0x00, 0x00, 0x7C, 0x0F,
    0xF8, 0x00, 0x0F, 0x80, 0xFF, 0xE0, 0x01, 0xF0, 0x00, 0x2F, 0x00, 0x3E, 0x01, 0x42, 0xF0, 0x07,
    0xC0, 0x1F, 0xFD, 0x00, 0xF4, 0x00, 0xFF, 0x40, 0x00, 0x60, 0x00, 0x7C, 0x00, 0x02, 0xF4, 0x00,
    0xF4, 0x00, 0x03, 0xF4, 0x02, 0xF0, 0x00, 0x0F, 0xF4, 0x03, 0xD0, 0x00, 0x2D, 0xF4, 0x0B, 0xC0,
    0x00, 0x38, 0xF4, 0x0F, 0x00, 0x00, 0xBE, 0xFE, 0x2E, 0x1F, 0xFC, 0xFF, 0xFE, 0x7C, 0x2F, 0xFC,
    0x00, 0xF4, 0xF8, 0x2C, 0x00, 0x00, 0x51, 0xF0, 0x2F, 0xF4, 0x00, 0x03, 0xD0, 0x2F, 0xFC, 0x00,
    0x07, 0xC0, 0x00, 0x3D, 0x00, 0x0F, 0x40, 0x10, 0x7D, 0x00, 0x2F, 0x00, 0x3F, 0xFC, 0x00, 0x3D,
    0x00, 0x2F, 0xE0, 0x02, 0xF0, 0x01, 0xF0, 0x00, 0x3F, 0xC0, 0x0F, 0x40, 0x03, 0xFF, 0x00, 0xBC,
    0x00, 0x09, 0xBC, 0x03, 0xD0, 0x00, 0x02, 0xF0, 0x2F, 0x00, 0x00, 0x0B, 0xC0, 0xF4, 0x00, 0x00,
    0x2F, 0x0B, 0x80, 0x00, 0x00, 0xBC, 0x7C, 0x07, 0xF4, 0x02, 0xF3, 0xE0, 0xFF, 0xD0, 0x00, 0x1F,
    0x07, 0xD4, 0x00, 0x00, 0xF8, 0x2E, 0xFD, 0x00, 0x07, 0xC0, 0xFF, 0xFC, 0x00, 0x3D, 0x03, 0xE1,
    0xF0, 0x02, 0xF0, 0x0B, 0x87, 0xC0, 0x0F, 0x40, 0x0F, 0xFE, 0x00, 0x00, 0x00, 0x0F, 0xE0, 0x00,
    0x00, 0x00, 0x00, 0x00, 0xBF, 0xE0, 0x03, 0xD0, 0x03, 0xFF, 0x80, 0x2F, 0x00, 0x0F, 0x00, 0x00,
    0xF4, 0x00, 0x3F, 0xF0, 0x0B, 0x80, 0x00, 0xFF, 0xF0, 0x3C, 0x00, 0x00, 0x07, 0xC3, 0xE0, 0x00,
    0x04, 0x1F, 0x1F, 0x00, 0x00, 0x3F, 0xF8, 0xF8, 0x1B, 0xF0, 0xBF, 0x87, 0xC1, 0xFF, 0xC0, 0x00,
    0x3D, 0x0F, 0x90, 0x00, 0x02, 0xF0, 0x7E, 0xF8, 0x00, 0x0F, 0x41, 0xFF, 0xF4, 0x00, 0xBC, 0x07,
    0xC3, 0xD0, 0x03, 0xC0, 0x1F, 0x0F, 0x40, 0x2E, 0x00, 0x3F, 0xFC, 0x00, 0x00, 0x00, 0x2F, 0x80,
    0x03, 0xE0, 0x03, 0xD0, 0x01, 0xFE, 0x00, 0xBC, 0x00, 0x3B, 0xE0, 0x0F, 0x40, 0x00, 0x3E, 0x02,
    0xF0, 0x00, 0x03, 0xE0, 0x3C, 0x00, 0x00, 0x3E, 0x0F, 0x86, 0x90, 0x03, 0xE1, 0xF3, 0xFF, 0x80,
    0x3E, 0x3E, 0x3C, 0x7C, 0x03, 0xE7, 0xC3, 0xDB, 0xC0, 0x00, 0xF4, 0x3F, 0xF4, 0x00, 0x2F, 0x01,
    0xFF, 0x00, 0x03, 0xD0, 0x7E, 0xFC, 0x00, 0xBC, 0x0B, 0xC3, 0xD0, 0x0F, 0x40, 0x7C, 0x7C, 0x02,
    0xE0, 0x01, 0xFE, 0x00, 0x1F, 0xE0, 0x01, 0xF0, 0x03, 0xFF, 0x80, 0x3E, 0x00, 0x00, 0xB8, 0x07,
    0xC0, 0x00, 0xFE, 0x00, 0xF4, 0x00, 0x0F, 0xF4, 0x2F, 0x00, 0x00, 0x07, 0xC3, 0xD7, 0xE0, 0x50,
    0x7C, 0xBE, 0xFF, 0xC7, 0xFF, 0x8F, 0x7E, 0x3D, 0x2F, 0xE2, 0xE3, 0xE7, 0xD0, 0x00, 0x3C, 0x1F,
    0xF8, 0x00, 0x0F, 0x80, 0xFF, 0x40, 0x01, 0xF0, 0x3F, 0xBD, 0x00, 0x3E, 0x03, 0xC2, 0xE0, 0x07,
    0xC0, 0x3D, 0x3D, 0x00, 0xF4, 0x00, 0xBF, 0x40, 0x2F, 0xFC, 0x00, 0xF4, 0x02, 0xFF, 0xC0, 0x2E,
    0x00, 0x2E, 0x54, 0x07, 0xC0, 0x03, 0xFE, 0x00, 0xF8, 0x00, 0x2F, 0xFC, 0x1F, 0x00, 0x00, 0x03,
    0xD3, 0xE6, 0xE4, 0x10, 0x3D, 0x7D, 0xFF, 0xC3, 0xFF, 0xCF, 0x6E, 0x3E, 0x2F, 0xE2, 0xF2, 0xF7,
    0xE0, 0x00, 0x3D, 0x0F, 0xFC, 0x00, 0x0B, 0xC0, 0xBF, 0x80, 0x00, 0xF0, 0x2F, 0x7E, 0x00, 0x2E,
    0x03, 0xD1, 0xF0, 0x07, 0xC0, 0x2E, 0x2E, 0x00, 0xF8, 0x00, 0xBF, 0x80, 0x7F, 0xFD, 0x03, 0xE0,
    0x07, 0xFF, 0xD0, 0x7C, 0x00, 0x15, 0x7D, 0x0F, 0x40, 0x00, 0x07, 0xC2, 0xF0, 0x00, 0x00, 0xF4,
    0x3D, 0x00, 0x00, 0x2F, 0x0B, 0xC6, 0xA0, 0x03, 0xD0, 0xF6, 0xFF, 0xC0, 0xBC, 0x2E, 0x3D, 0x3D,
    0x0A, 0x47, 0xC3, 0xE3, 0xD0, 0x00, 0xF8, 0x1F, 0xF8, 0x00, 0x1F, 0x00, 0xFF, 0x40, 0x03, 0xE0,
    0x3E, 0x7D, 0x00, 0x7C, 0x07, 0xC2, 0xE0, 0x0F, 0x40, 0x3D, 0x3D, 0x02, 0xF0, 0x00, 0xBF, 0x40,
    0x02, 0xF0, 0x01, 0xF0, 0x3F, 0xC0, 0x0F, 0x43, 0xFF, 0x00, 0xBC, 0x09, 0xBC, 0x03, 0xD0, 0x02,
    0xF0, 0x2F, 0x00, 0x0B, 0xC0, 0xF4, 0x00, 0x2F, 0x0B, 0x80, 0x00, 0xBC, 0x7C, 0x00, 0x02, 0xF3,
    0xE0, 0x00, 0x00, 0x1F, 0x00, 0x00, 0x00, 0xF8, 0x00, 0x00, 0x07, 0xC0, 0x00, 0x00, 0x3D, 0x00,
    0x00, 0x02, 0xF0, 0x00, 0x00, 0x0F, 0x40, 0x00, 0x00, 0x1B, 0xFE, 0x40, 0x0F, 0xFF, 0xFC, 0x02,
    0xEA, 0xBF, 0xC0, 0x00, 0x07, 0xF4, 0x00, 0x00, 0xBF, 0x00, 0x00, 0x1F, 0xC0, 0x00, 0x03, 0xF0,
    0x00, 0x00, 0xFC, 0x00, 0x00, 0x3F, 0x00, 0x00, 0x1F, 0xC0, 0x00, 0x0B, 0xE0, 0x00, 0x07, 0xF4,
    0x3E, 0xAF, 0xF8, 0x0F, 0xFF, 0xF8, 0x01, 0xBF, 0xE0, 0x00, 0x2F, 0xF8, 0x03, 0xFF, 0xF4, 0x2E,
    0xBF, 0xC0, 0x00, 0xFD, 0x00, 0x0B, 0xE0, 0x00, 0xBE, 0x00, 0x0B, 0xE0, 0x00, 0xBE, 0x00, 0x0F,
    0xD3, 0xAB, 0xFC, 0x3F, 0xFF, 0x01, 0xFF, 0x80, 0x00, 0x00, 0x00, 0xF4, 0x00, 0x3F, 0xC0, 0x0B,
    0xC0, 0x03, 0xFF, 0xC0, 0x3D, 0x00, 0x1F, 0x5F, 0x02, 0xF0, 0x00, 0x7C, 0x3D, 0x0F, 0x00, 0x02,
    0xF0, 0xF4, 0xF8, 0x00, 0x07, 0xC3, 0xD7, 0xC2, 0xFD, 0x1F, 0x6F, 0x3E, 0x3F, 0xFC, 0x3F, 0xF9,
    0xF0, 0x11, 0xF0, 0x2F, 0x8F, 0x40, 0xBF, 0x40, 0x00, 0xBC, 0x02, 0xFE, 0x00, 0x03, 0xD0, 0x00,
    0x3D, 0x00, 0x2F, 0x00, 0x90, 0xF8, 0x00, 0xF4, 0x03, 0xFF, 0xC0, 0x0B, 0x80, 0x0B, 0xFD, 0x00,
    0x00, 0x00, 0x00, 0x3F, 0xFF, 0xFC, 0x3F, 0xFF, 0xFC, 0x01, 0xFF, 0x81, 0xFF, 0x80, 0x7F, 0xF8,
    0x7F, 0xF8, 0x0F, 0xF6, 0x0B, 0xF6, 0x40, 0xFD, 0x00, 0xFD, 0x00, 0x2F, 0xFF, 0x2F, 0xFF, 0x0B,
    0xFF, 0xFB, 0xFF, 0xF0, 0x5F, 0xE5, 0x1F, 0xE5, 0x00, 0xFC, 0x00, 0xFD, 0x00, 0x0F, 0xC0, 0x0F,
    0xD0, 0x00, 0xFC, 0x00, 0xFD, 0x00, 0x0F, 0xC0, 0x0F, 0xD0, 0x00, 0xFC, 0x00, 0xFD, 0x00, 0x0F,
    0xC0, 0x0F, 0xD0, 0x00, 0xFC, 0x00, 0xFD, 0x00, 0x0F, 0xC0, 0x0F, 0xD0, 0x00, 0xFC, 0x00, 0xFD,
    0x00, 0x01, 0xFF, 0x8F, 0x41, 0xFF, 0xE7, 0xF0, 0xFF, 0x60, 0xF4, 0x3F, 0x40, 0x00, 0x2F, 0xFF,
    0x1F, 0xAF, 0xFF, 0xC7, 0xE5, 0xFE, 0x51, 0xF8, 0x3F, 0x00, 0x7E, 0x0F, 0xC0, 0x1F, 0x83, 0xF0,
    0x07, 0xE0, 0xFC, 0x01, 0xF8, 0x3F, 0x00, 0x7E, 0x0F, 0xC0, 0x1F, 0x83, 0xF0, 0x07, 0xE0, 0xFC,
    0x01, 0xF8, 0x3F, 0x00, 0x7E, 0x01, 0xFF, 0x9F, 0x81, 0xFF, 0xE7, 0xE0, 0xFF, 0x61, 0xF8, 0x3F,
    0x40, 0x7E, 0x2F, 0xFF, 0x1F, 0xAF, 0xFF, 0xC7, 0xE5, 0xFE, 0x51, 0xF8, 0x3F, 0x00, 0x7E, 0x0F,
    0xC0, 0x1F, 0x83, 0xF0, 0x07, 0xE0, 0xFC, 0x01, 0xF8, 0x3F, 0x00, 0x7E, 0x0F, 0xC0, 0x1F, 0x83,
    0xF0, 0x07, 0xE0, 0xFC, 0x01, 0xF8, 0x3F, 0x00, 0x7E, 0x01, 0xFF, 0x81, 0xFF, 0x8F, 0x41, 0xFF,
    0xE1, 0xFF, 0xE7, 0xF0, 0xFF, 0x60, 0xBF, 0x64, 0xF4, 0x3F, 0x40, 0x3F, 0x40, 0x00, 0x2F, 0xFF,
    0x2F, 0xFF, 0x1F, 0xEF, 0xFF, 0xEF, 0xFF, 0xC7, 0xF5, 0xFE, 0x51, 0xFE, 0x51, 0xFC, 0x3F, 0x00,
    0x3F, 0x40, 0x7F, 0x0F, 0xC0, 0x0F, 0xD0, 0x1F, 0xC3, 0xF0, 0x03, 0xF4, 0x07, 0xF0, 0xFC, 0x00,
    0xFD, 0x01, 0xFC, 0x3F, 0x00, 0x3F, 0x40, 0x7F, 0x0F, 0xC0, 0x0F, 0xD0, 0x1F, 0xC3, 0xF0, 0x03,
    0xF4, 0x07, 0xF0, 0xFC, 0x00, 0xFD, 0x01, 0xFC, 0x3F, 0x00, 0x3F, 0x40, 0x7F, 0x01, 0xFF, 0x81,
    0xFF, 0x9F, 0xC1, 0xFF, 0xE1, 0xFF, 0xE7, 0xF0, 0xFF, 0x60, 0xBF, 0x65, 0xFC, 0x3F, 0x40, 0x3F,
    0x40, 0x7F, 0x2F, 0xFF, 0x2F, 0xFF, 0x1F, 0xEF, 0xFF, 0xEF, 0xFF, 0xC7, 0xF5, 0xFE, 0x51, 0xFE,
    0x51, 0xFC, 0x3F, 0x00, 0x3F, 0x40, 0x7F, 0x0F, 0xC0, 0x0F, 0xD0, 0x1F, 0xC3, 0xF0, 0x03, 0xF4,
    0x07, 0xF0, 0xFC, 0x00, 0xFD, 0x01, 0xFC, 0x3F, 0x00, 0x3F, 0x40, 0x7F, 0x0F, 0xC0, 0x0F, 0xD0,
    0x1F, 0xC3, 0xF0, 0x03, 0xF4, 0x07, 0xF0, 0xFC, 0x00, 0xFD, 0x01, 0xFC, 0x3F, 0x00, 0x3F, 0x40,
    0x7F, 0x02, 0xFF, 0x90, 0x00, 0x7F, 0xFF, 0xF0, 0x03, 0xFE, 0xAF, 0xD0, 0x0F, 0xC0, 0x3F, 0x40,
    0x7F, 0x01, 0xFF, 0xF9, 0xF8, 0x1F, 0xFF, 0xE7, 0xE0, 0x1F, 0xE5, 0x1F, 0x80, 0x3F, 0x40, 0x7E,
    0x00, 0xFD, 0x01, 0xF8, 0x03, 0xF4, 0x07, 0xE0, 0x0F, 0xD0, 0x1F, 0x80, 0x3F, 0x40, 0x7E, 0x00,
    0xFD, 0x01, 0xF8, 0x02, 0xFE, 0x97, 0xE0, 0x07, 0xFF, 0x9F, 0x80, 0x07, 0xFD, 0x00, 0x01, 0xFF,
    0xD0, 0x00, 0x00, 0x2F, 0xFF, 0xF0, 0x00, 0x00, 0xFE, 0x6F, 0xD0, 0x00, 0x03, 0xD0, 0x2F, 0x40,
    0x06, 0xFF, 0x80, 0xFF, 0xF8, 0xBF, 0xFF, 0x0F, 0xFF, 0xE3, 0xF9, 0xBC, 0x1F, 0xE5, 0x4F, 0xC0,
    0x00, 0x2F, 0x40, 0x3F, 0xE0, 0x00, 0xBD, 0x00, 0x3F, 0xF8, 0x02, 0xF4, 0x00, 0x2F, 0xFC, 0x0B,
    0xD0, 0x00, 0x07, 0xF4, 0x2F, 0x40, 0x00, 0x0B, 0xE0, 0xBD, 0x00, 0xF9, 0xBF, 0x42, 0xFE, 0xA3,
    0xFF, 0xFC, 0x03, 0xFF, 0x87, 0xFF, 0x80, 0x07, 0xFD, 0x00, 0x00, 0x00, 0x00, 0x00, 0x00, 0x00,
    0x1C, 0x00, 0x00, 0x00, 0x00, 0x7F, 0x00, 0x00, 0x00, 0x01, 0xFF, 0xC0, 0x00, 0x00, 0x07, 0xFF,
    0xF0, 0x00, 0x00, 0x1E, 0x00, 0x7C, 0x00, 0x00, 0x7D, 0x00, 0x1F, 0x00, 0x01, 0xFF, 0xBD, 0x0F,
    0xC0, 0x07, 0xFF, 0xFD, 0x0F, 0xF0, 0x1F, 0xFF, 0xF8, 0x2F, 0xFC, 0x3F, 0xFF, 0xE0, 0xBF, 0xFE,
    0x0F, 0xFF, 0xC2, 0xFF, 0xF8, 0x03, 0xFF, 0xC3, 0xFF, 0xE0, 0x00, 0xFF, 0xFF, 0xFF, 0x80, 0x00,
    0x3F, 0xD7, 0xFE, 0x00, 0x00, 0x0F, 0x82, 0xF8, 0x00, 0x00, 0x03, 0xD7, 0xE0, 0x00, 0x00, 0x00,
    0xBF, 0x80, 0x00, 0x00, 0x00, 0x2E, 0x00, 0x00, 0x00, 0x00, 0x04, 0x00, 0x00,
};

static const EpdGlyph notosans_10_boldGlyphs[] = {
    { 0, 0, 0, 0, 0, 0, 0 }, // U+0000
    { 0, 0, 87, 0, 0, 0, 0 }, // U+000D
    { 0, 0, 87, 0, 0, 0, 0 }, // U+0020
    { 4, 15, 94, 1, 15, 15, 0 }, // !
    { 8, 5, 160, 1, 15, 10, 15 }, // "
    { 13, 15, 215, 0, 15, 49, 25 }, // #
    { 12, 17, 191, 0, 16, 51, 74 }, // $
    { 19, 15, 301, 0, 15, 72, 125 }, // %
    { 16, 15, 250, 0, 15, 60, 197 }, // &
    { 4, 5, 89, 1, 15, 5, 257 }, // '
    { 7, 19, 113, 0, 15, 34, 262 }, // (
    { 7, 19, 113, 0, 15, 34, 296 }, // )
    { 11, 11, 181, 0, 16, 31, 330 }, // *
    { 11, 10, 191, 0, 12, 28, 361 }, // +
    { 5, 5, 95, 0, 2, 7, 389 }, // ,
    { 7, 3, 107, 0, 7, 6, 396 }, // -
    { 4, 3, 94, 1, 3, 3, 402 }, // .
    { 9, 15, 138, 0, 15, 34, 405 }, // /
    { 12, 15, 191, 0, 15, 45, 439 }, // 0
    { 8, 15, 191, 1, 15, 30, 484 }, // 1
    { 12, 15, 191, 0, 15, 45, 514 }, // 2
    { 12, 15, 191, 0, 15, 45, 559 }, // 3
    { 12, 15, 191, 0, 15, 45, 604 }, // 4
    { 10, 15, 191, 1, 15, 38, 649 }, // 5
    { 12, 15, 191, 0, 15, 45, 687 }, // 6
    { 12, 15, 191, 0, 15, 45, 732 }, // 7
    { 12, 15, 191, 0, 15, 45, 777 }, // 8
    { 12, 15, 191, 0, 15, 45, 822 }, // 9
    { 4, 12, 94, 1, 12, 12, 867 }, // :
    { 5, 15, 95, 0, 12, 19, 879 }, // ;
    { 11, 12, 191, 0, 14, 33, 898 }, // <
    { 11, 7, 191, 0, 11, 20, 931 }, // =
    { 11, 12, 191, 0, 14, 33, 951 }, // >
    { 10, 15, 159, 0, 15, 38, 984 }, // ?
    { 18, 17, 299, 0, 15, 77, 1022 }, // @
    { 15, 15, 231, 0, 15, 57, 1099 }, // A
    { 12, 15, 222, 1, 15, 45, 1156 }, // B
    { 12, 15, 214, 1, 15, 45, 1201 }, // C
    { 14, 15, 244, 1, 15, 53, 1246 }, // D
    { 10, 15, 187, 1, 15, 38, 1299 }, // E
    { 10, 15, 183, 1, 15, 38, 1337 }, // F
    { 13, 15, 241, 1, 15, 49, 1375 }, // G
    { 14, 15, 255, 1, 15, 53, 1424 }, // H
    { 8, 15, 130, 0, 15, 30, 1477 }, // I
    { 8, 20, 110, -2, 15, 40, 1507 }, // J
    { 13, 15, 221, 1, 15, 49, 1547 }, // K
    { 10, 15, 186, 1, 15, 38, 1596 }, // L
    { 17, 15, 314, 1, 15, 64, 1634 }, // M
    { 15, 15, 271, 1, 15, 57, 1698 }, // N
    { 15, 15, 264, 1, 15, 57, 1755 }, // O
    { 12, 15, 207, 1, 15, 45, 1812 }, // P
    { 15, 19, 264, 1, 15, 72, 1857 }, // Q
    { 13, 15, 219, 1, 15, 49, 1929 }, // R
    { 11, 15, 184, 0, 15, 42, 1978 }, // S
    { 12, 15, 192, 0, 15, 45, 2020 }, // T
    { 13, 15, 252, 1, 15, 49, 2065 }, // U
    { 14, 15, 217, 0, 15, 53, 2114 }, // V
    { 21, 15, 322, 0, 15, 79, 2167 }, // W
    { 14, 15, 223, 0, 15, 53, 2246 }, // X
    { 14, 15, 209, 0, 15, 53, 2299 }, // Y
    { 12, 15, 193, 0, 15, 45, 2352 }, // Z
    { 6, 19, 110, 1, 15, 29, 2397 }, // [
    { 9, 15, 138, 0, 15, 34, 2426 }, // <backslash>
    { 6, 19, 110, 0, 15, 29, 2460 }, // ]
    { 12, 10, 191, 0, 15, 30, 2489 }, // ^
    { 10, 2, 137, -1, -2, 5, 2519 }, // _
    { 7, 4, 122, 0, 17, 7, 2524 }, // `
    { 11, 12, 200, 0, 12, 33, 2531 }, // a
    { 12, 16, 211, 1, 16, 48, 2564 }, // b
    { 11, 12, 172, 0, 12, 33, 2612 }, // c
    { 12, 16, 211, 0, 16, 48, 2645 }, // d
    { 12, 12, 199, 0, 12, 36, 2693 }, // e
    { 9, 16, 129, 0, 16, 36, 2729 }, // f
    { 12, 17, 211, 0, 12, 51, 2765 }, // g
    { 12, 16, 217, 1, 16, 48, 2816 }, // h
    { 4, 16, 100, 1, 16, 16, 2864 }, // i
    { 7, 21, 99, -2, 16, 37, 2880 }, // j
    { 12, 16, 207, 1, 16, 48, 2917 }, // k
    { 4, 16, 99, 1, 16, 16, 2965 }, // l
    { 18, 12, 325, 1, 12, 54, 2981 }, // m
    { 12, 12, 217, 1, 12, 36, 3035 }, // n
    { 13, 12, 208, 0, 12, 39, 3071 }, // o
    { 12, 17, 211, 1, 12, 51, 3110 }, // p
    { 12, 17, 211, 0, 12, 51, 3161 }, // q
    { 9, 12, 149, 1, 12, 27, 3212 }, // r
    { 10, 12, 167, 0, 12, 30, 3239 }, // s
    { 9, 15, 145, 0, 15, 34, 3269 }, // t
    { 11, 12, 217, 1, 12, 33, 3303 }, // u
    { 12, 12, 190, 0, 12, 36, 3336 }, // v
    { 18, 12, 285, 0, 12, 54, 3372 }, // w
    { 12, 12, 193, 0, 12, 36, 3426 }, // x
    { 12, 17, 190, 0, 12, 51, 3462 }, // y
    { 10, 12, 164, 0, 12, 30, 3513 }, // z
    { 8, 19, 131, 0, 15, 38, 3543 }, // {
    { 3, 21, 184, 4, 16, 16, 3581 }, // |
    { 8, 19, 131, 0, 15, 38, 3597 }, // }
    { 11, 5, 191, 0, 10, 14, 3635 }, // ~
    { 0, 0, 87, 0, 0, 0, 3649 }, // U+00A0
    { 4, 16, 95, 1, 12, 16, 3649 }, // U+00A1
    { 10, 15, 191, 1, 15, 38, 3665 }, // U+00A2
    { 12, 15, 191, 0, 15, 45, 3703 }, // U+00A3
    { 10, 11, 189, 1, 13, 28, 3748 }, // U+00A4
    { 12, 15, 191, 0, 15, 45, 3776 }, // U+00A5
    { 3, 21, 184, 4, 16, 16, 3821 }, // U+00A6
    { 9, 16, 162, 1, 16, 36, 3837 }, // U+00A7
    { 8, 3, 198, 2, 16, 6, 3873 }, // U+00A8
    { 16, 17, 277, 1, 16, 68, 3879 }, // U+00A9
    { 8, 8, 127, 0, 15, 16, 3947 }, // U+00AA
    { 12, 11, 205, 0, 11, 33, 3963 }, // U+00AB
    { 11, 7, 191, 0, 9, 20, 3996 }, // U+00AC
    { 7, 3, 107, 0, 7, 6, 4016 }, // U+00AD
    { 16, 17, 277, 1, 16, 68, 4022 }, // U+00AE
    { 12, 3, 167, -1, 19, 9, 4090 }, // U+00AF
    { 8, 8, 141, 0, 16, 16, 4099 }, // U+00B0
    { 11, 13, 191, 0, 13, 36, 4115 }, // U+00B1
    { 8, 10, 126, 0, 19, 20, 4151 }, // U+00B2
    { 8, 9, 127, 0, 18, 18, 4171 }, // U+00B3
    { 7, 4, 122, 0, 17, 7, 4189 }, // U+00B4
    { 12, 17, 218, 1, 12, 51, 4196 }, // U+00B5
    { 11, 20, 216, 1, 16, 55, 4247 }, // U+00B6
    { 4, 3, 94, 1, 9, 3, 4302 }, // U+00B7
    { 6, 5, 88, 0, 0, 8, 4305 }, // U+00B8
    { 6, 9, 127, 0, 18, 14, 4313 }, // U+00B9
    { 8, 8, 129, 0, 15, 16, 4327 }, // U+00BA
    { 12, 11, 205, 0, 11, 33, 4343 }, // U+00BB
    { 18, 15, 277, 0, 15, 68, 4376 }, // U+00BC
    { 18, 15, 291, 0, 15, 68, 4444 }, // U+00BD
    { 18, 16, 282, 0, 16, 72, 4512 }, // U+00BE
    { 10, 16, 159, 0, 12, 40, 4584 }, // U+00BF
    { 15, 21, 231, 0, 21, 79, 4624 }, // U+00C0
    { 15, 21, 231, 0, 21, 79, 4703 }, // U+00C1
    { 15, 21, 231, 0, 21, 79, 4782 }, // U+00C2
    { 15, 21, 231, 0, 21, 79, 4861 }, // U+00C3
    { 15, 20, 231, 0, 20, 75, 4940 }, // U+00C4
    { 15, 19, 231, 0, 19, 72, 5015 }, // U+00C5
    { 19, 15, 317, 0, 15, 72, 5087 }, // U+00C6
    { 12, 20, 214, 1, 15, 60, 5159 }, // U+00C7
    { 10, 21, 187, 1, 21, 53, 5219 }, // U+00C8
    { 10, 21, 187, 1, 21, 53, 5272 }, // U+00C9
    { 10, 21, 187, 1, 21, 53, 5325 }, // U+00CA
    { 10, 20, 187, 1, 20, 50, 5378 }, // U+00CB
    { 8, 21, 130, 0, 21, 42, 5428 }, // U+00CC
    { 8, 21, 130, 0, 21, 42, 5470 }, // U+00CD
    { 10, 21, 130, -1, 21, 53, 5512 }, // U+00CE
    { 8, 20, 130, 0, 20, 40, 5565 }, // U+00CF
    { 15, 15, 244, 0, 15, 57, 5605 }, // U+00D0
    { 15, 21, 268, 1, 21, 79, 5662 }, // U+00D1
    { 15, 21, 264, 1, 21, 79, 5741 }, // U+00D2
    { 15, 21, 264, 1, 21, 79, 5820 }, // U+00D3
    { 15, 21, 264, 1, 21, 79, 5899 }, // U+00D4
    { 15, 21, 264, 1, 21, 79, 5978 }, // U+00D5
    { 15, 20, 264, 1, 20, 75, 6057 }, // U+00D6
    { 10, 10, 191, 1, 12, 25, 6132 }, // U+00D7
    { 15, 17, 264, 1, 16, 64, 6157 }, // U+00D8
    { 13, 21, 252, 1, 21, 69, 6221 }, // U+00D9
    { 13, 21, 252, 1, 21, 69, 6290 }, // U+00DA
    { 13, 21, 252, 1, 21, 69, 6359 }, // U+00DB
    { 13, 20, 252, 1, 20, 65, 6428 }, // U+00DC
    { 14, 21, 209, 0, 21, 74, 6493 }, // U+00DD
    { 12, 15, 209, 1, 15, 45, 6567 }, // U+00DE
    { 13, 16, 235, 1, 16, 52, 6612 }, // U+00DF
    { 11, 17, 200, 0, 17, 47, 6664 }, // U+00E0
    { 11, 17, 200, 0, 17, 47, 6711 }, // U+00E1
    { 11, 17, 200, 0, 17, 47, 6758 }, // U+00E2
    { 11, 17, 200, 0, 17, 47, 6805 }, // U+00E3
    { 11, 16, 200, 0, 16, 44, 6852 }, // U+00E4
    { 11, 18, 200, 0, 18, 50, 6896 }, // U+00E5
    { 19, 12, 306, 0, 12, 57, 6946 }, // U+00E6
    { 11, 17, 172, 0, 12, 47, 7003 }, // U+00E7
    { 12, 17, 199, 0, 17, 51, 7050 }, // U+00E8
    { 12, 17, 199, 0, 17, 51, 7101 }, // U+00E9
    { 12, 17, 199, 0, 17, 51, 7152 }, // U+00EA
    { 12, 16, 199, 0, 16, 48, 7203 }, // U+00EB
    { 7, 17, 100, -1, 17, 30, 7251 }, // U+00EC
    { 7, 17, 100, 1, 17, 30, 7281 }, // U+00ED
    { 10, 17, 100, -2, 17, 43, 7311 }, // U+00EE
    { 8, 16, 100, -1, 16, 32, 7354 }, // U+00EF
    { 12, 17, 209, 1, 17, 51, 7386 }, // U+00F0
    { 12, 17, 217, 1, 17, 51, 7437 }, // U+00F1
    { 13, 17, 208, 0, 17, 56, 7488 }, // U+00F2
    { 13, 17, 208, 0, 17, 56, 7544 }, // U+00F3
    { 13, 17, 208, 0, 17, 56, 7600 }, // U+00F4
    { 13, 17, 208, 0, 17, 56, 7656 }, // U+00F5
    { 13, 16, 208, 0, 16, 52, 7712 }, // U+00F6
    { 11, 10, 191, 0, 12, 28, 7764 }, // U+00F7
    { 12, 14, 206, 0, 13, 42, 7792 }, // U+00F8
    { 11, 17, 217, 1, 17, 47, 7834 }, // U+00F9
    { 11, 17, 217, 1, 17, 47, 7881 }, // U+00FA
    { 11, 17, 217, 1, 17, 47, 7928 }, // U+00FB
    { 11, 16, 217, 1, 16, 44, 7975 }, // U+00FC
    { 12, 22, 190, 0, 17, 66, 8019 }, // U+00FD
    { 12, 21, 211, 1, 16, 63, 8085 }, // U+00FE
    { 12, 21, 190, 0, 16, 63, 8148 }, // U+00FF
    { 15, 20, 231, 0, 20, 75, 8211 }, // U+0100
    { 11, 16, 200, 0, 16, 44, 8286 }, // U+0101
    { 15, 21, 231, 0, 21, 79, 8330 }, // U+0102
    { 11, 17, 200, 0, 17, 47, 8409 }, // U+0103
    { 15, 20, 231, 0, 15, 75, 8456 }, // U+0104
    { 12, 17, 200, 0, 12, 51, 8531 }, // U+0105
    { 12, 21, 214, 1, 21, 63, 8582 }, // U+0106
    { 11, 17, 172, 0, 17, 47, 8645 }, // U+0107
    { 12, 21, 214, 1, 21, 63, 8692 }, // U+0108
    { 11, 17, 172, 0, 17, 47, 8755 }, // U+0109
    { 12, 20, 214, 1, 20, 60, 8802 }, // U+010A
    { 11, 16, 172, 0, 16, 44, 8862 }, // U+010B
    { 12, 21, 214, 1, 21, 63, 8906 }, // U+010C
    { 11, 17, 172, 0, 17, 47, 8969 }, // U+010D
    { 14, 21, 244, 1, 21, 74, 9016 }, // U+010E
    { 17, 16, 211, 0, 16, 68, 9090 }, // U+010F
    { 15, 15, 244, 0, 15, 57, 9158 }, // U+0110
    { 14, 16, 215, 0, 16, 56, 9215 }, // U+0111
    { 10, 20, 187, 1, 20, 50, 9271 }, // U+0112
    { 12, 16, 199, 0, 16, 48, 9321 }, // U+0113
    { 10, 21, 187, 1, 21, 53, 9369 }, // U+0114
    { 12, 17, 199, 0, 17, 51, 9422 }, // U+0115
    { 10, 20, 187, 1, 20, 50, 9473 }, // U+0116
    { 12, 16, 199, 0, 16, 48, 9523 }, // U+0117
    { 10, 20, 187, 1, 15, 50, 9571 }, // U+0118
    { 12, 17, 197, 0, 12, 51, 9621 }, // U+0119
    { 10, 21, 187, 1, 21, 53, 9672 }, // U+011A
    { 12, 17, 199, 0, 17, 51, 9725 }, // U+011B
    { 13, 21, 241, 1, 21, 69, 9776 }, // U+011C
    { 12, 22, 211, 0, 17, 66, 9845 }, // U+011D
    { 13, 21, 241, 1, 21, 69, 9911 }, // U+011E
    { 12, 22, 211, 0, 17, 66, 9980 }, // U+011F
    { 13, 20, 241, 1, 20, 65, 10046 }, // U+0120
    { 12, 21, 211, 0, 16, 63, 10111 }, // U+0121
    { 13, 20, 241, 1, 15, 65, 10174 }, // U+0122
    { 12, 21, 211, 0, 16, 63, 10239 }, // U+0123
    { 14, 21, 255, 1, 21, 74, 10302 }, // U+0124
    { 15, 21, 217, -2, 21, 79, 10376 }, // U+0125
    { 16, 15, 255, 0, 15, 60, 10455 }, // U+0126
    { 13, 16, 219, 0, 16, 52, 10515 }, // U+0127
    { 9, 21, 130, -1, 21, 48, 10567 }, // U+0128
    { 9, 17, 100, -1, 17, 39, 10615 }, // U+0129
    { 8, 20, 130, 0, 20, 40, 10654 }, // U+012A
    { 8, 16, 100, -1, 16, 32, 10694 }, // U+012B
    { 9, 21, 130, 0, 21, 48, 10726 }, // U+012C
    { 9, 17, 100, -1, 17, 39, 10774 }, // U+012D
    { 8, 20, 130, 0, 15, 40, 10813 }, // U+012E
    { 5, 21, 100, 0, 16, 27, 10853 }, // U+012F
    { 8, 20, 130, 0, 20, 40, 10880 }, // U+0130
    { 4, 12, 100, 1, 12, 12, 10920 }, // U+0131
    { 14, 20, 241, 0, 15, 70, 10932 }, // U+0132
    { 11, 21, 203, 1, 16, 58, 11002 }, // U+0133
    { 10, 26, 110, -2, 21, 65, 11060 }, // U+0134
    { 10, 22, 99, -2, 17, 55, 11125 }, // U+0135
    { 13, 20, 220, 1, 15, 65, 11180 }, // U+0136
    { 12, 21, 207, 1, 16, 63, 11245 }, // U+0137
    { 12, 12, 207, 1, 12, 36, 11308 }, // U+0138
    { 10, 21, 186, 1, 21, 53, 11344 }, // U+0139
    { 7, 21, 99, 1, 21, 37, 11397 }, // U+013A
    { 10, 20, 186, 1, 15, 50, 11434 }, // U+013B
    { 4, 21, 99, 1, 16, 21, 11484 }, // U+013C
    { 11, 15, 186, 1, 15, 42, 11505 }, // U+013D
    { 9, 16, 99, 1, 16, 36, 11547 }, // U+013E
    { 10, 15, 186, 1, 15, 38, 11583 }, // U+013F
    { 8, 16, 123, 1, 16, 32, 11621 }, // U+0140
    { 12, 15, 188, 0, 15, 45, 11653 }, // U+0141
    { 8, 16, 102, -1, 16, 32, 11698 }, // U+0142
    { 15, 21, 268, 1, 21, 79, 11730 }, // U+0143
    { 12, 17, 217, 1, 17, 51, 11809 }, // U+0144
    { 15, 20, 268, 1, 15, 75, 11860 }, // U+0145
    { 12, 17, 217, 1, 12, 51, 11935 }, // U+0146
    { 15, 21, 268, 1, 21, 79, 11986 }, // U+0147
    { 12, 17, 217, 1, 17, 51, 12065 }, // U+0148
    { 16, 15, 258, -1, 15, 60, 12116 }, // U+0149
    { 15, 20, 271, 1, 15, 75, 12176 }, // U+014A
    { 12, 17, 217, 1, 12, 51, 12251 }, // U+014B
    { 15, 20, 264, 1, 20, 75, 12302 }, // U+014C
    { 13, 16, 208, 0, 16, 52, 12377 }, // U+014D
    { 15, 21, 264, 1, 21, 79, 12429 }, // U+014E
    { 13, 17, 208, 0, 17, 56, 12508 }, // U+014F
    { 15, 20, 264, 1, 20, 75, 12564 }, // U+0150
    { 13, 16, 208, 0, 16, 52, 12639 }, // U+0151
    { 19, 15, 324, 1, 15, 72, 12691 }, // U+0152
    { 20, 12, 326, 0, 12, 60, 12763 }, // U+0153
    { 13, 21, 219, 1, 21, 69, 12823 }, // U+0154
    { 9, 17, 149, 1, 17, 39, 12892 }, // U+0155
    { 13, 20, 219, 1, 15, 65, 12931 }, // U+0156
    { 9, 17, 149, 1, 12, 39, 12996 }, // U+0157
    { 13, 21, 219, 1, 21, 69, 13035 }, // U+0158
    { 10, 17, 149, 0, 17, 43, 13104 }, // U+0159
    { 11, 21, 184, 0, 21, 58, 13147 }, // U+015A
    { 10, 17, 167, 0, 17, 43, 13205 }, // U+015B
    { 11, 21, 184, 0, 21, 58, 13248 }, // U+015C
    { 10, 17, 167, 0, 17, 43, 13306 }, // U+015D
    { 11, 20, 184, 0, 15, 55, 13349 }, // U+015E
    { 10, 17, 167, 0, 12, 43, 13404 }, // U+015F
    { 11, 21, 184, 0, 21, 58, 13447 }, // U+0160
    { 10, 17, 167, 0, 17, 43, 13505 }, // U+0161
    { 12, 20, 192, 0, 15, 60, 13548 }, // U+0162
    { 9, 20, 145, 0, 15, 45, 13608 }, // U+0163
    { 12, 21, 192, 0, 21, 63, 13653 }, // U+0164
    { 12, 16, 145, 0, 16, 48, 13716 }, // U+0165
    { 12, 15, 192, 0, 15, 45, 13764 }, // U+0166
    { 9, 15, 145, 0, 15, 34, 13809 }, // U+0167
    { 13, 21, 252, 1, 21, 69, 13843 }, // U+0168
    { 11, 17, 217, 1, 17, 47, 13912 }, // U+0169
    { 13, 20, 252, 1, 20, 65, 13959 }, // U+016A
    { 11, 16, 217, 1, 16, 44, 14024 }, // U+016B
    { 13, 21, 252, 1, 21, 69, 14068 }, // U+016C
    { 11, 17, 217, 1, 17, 47, 14137 }, // U+016D
    { 13, 22, 252, 1, 22, 72, 14184 }, // U+016E
    { 11, 18, 217, 1, 18, 50, 14256 }, // U+016F
    { 13, 20, 252, 1, 20, 65, 14306 }, // U+0170
    { 11, 16, 217, 1, 16, 44, 14371 }, // U+0171
    { 13, 20, 252, 1, 15, 65, 14415 }, // U+0172
    { 11, 17, 217, 1, 12, 47, 14480 }, // U+0173
    { 21, 21, 322, 0, 21, 111, 14527 }, // U+0174
    { 18, 17, 287, 0, 17, 77, 14638 }, // U+0175
    { 14, 21, 209, 0, 21, 74, 14715 }, // U+0176
    { 12, 22, 190, 0, 17, 66, 14789 }, // U+0177
    { 14, 20, 209, 0, 20, 70, 14855 }, // U+0178
    { 12, 21, 193, 0, 21, 63, 14925 }, // U+0179
    { 10, 17, 164, 0, 17, 43, 14988 }, // U+017A
    { 12, 20, 193, 0, 20, 60, 15031 }, // U+017B
    { 10, 16, 164, 0, 16, 40, 15091 }, // U+017C
    { 12, 21, 193, 0, 21, 63, 15131 }, // U+017D
    { 10, 17, 164, 0, 17, 43, 15194 }, // U+017E
    { 8, 16, 128, 1, 16, 32, 15237 }, // U+017F
    { 17, 16, 274, 1, 16, 68, 15269 }, // U+01A0
    { 15, 14, 227, 0, 14, 53, 15337 }, // U+01A1
    { 18, 16, 295, 1, 16, 72, 15390 }, // U+01AF
    { 16, 14, 252, 1, 14, 56, 15462 }, // U+01B0
    { 26, 21, 436, 1, 21, 137, 15518 }, // U+01C4
    { 25, 17, 408, 1, 17, 107, 15655 }, // U+01C5
    { 23, 17, 375, 0, 17, 98, 15762 }, // U+01C6
    { 16, 20, 299, 1, 15, 80, 15860 }, // U+01C7
    { 16, 21, 290, 1, 16, 84, 15940 }, // U+01C8
    { 11, 21, 203, 1, 16, 58, 16024 }, // U+01C9
    { 21, 20, 381, 1, 15, 105, 16082 }, // U+01CA
    { 21, 21, 373, 1, 16, 111, 16187 }, // U+01CB
    { 18, 21, 321, 1, 16, 95, 16298 }, // U+01CC
    { 15, 21, 231, 0, 21, 79, 16393 }, // U+01CD
    { 11, 17, 200, 0, 17, 47, 16472 }, // U+01CE
    { 10, 21, 130, -1, 21, 53, 16519 }, // U+01CF
    { 10, 17, 100, -2, 17, 43, 16572 }, // U+01D0
    { 15, 21, 264, 1, 21, 79, 16615 }, // U+01D1
    { 13, 17, 208, 0, 17, 56, 16694 }, // U+01D2
    { 13, 21, 252, 1, 21, 69, 16750 }, // U+01D3
    { 11, 17, 217, 1, 17, 47, 16819 }, // U+01D4
    { 13, 23, 252, 1, 23, 75, 16866 }, // U+01D5
    { 11, 19, 217, 1, 19, 53, 16941 }, // U+01D6
    { 13, 23, 252, 1, 23, 75, 16994 }, // U+01D7
    { 11, 19, 217, 1, 19, 53, 17069 }, // U+01D8
    { 13, 23, 252, 1, 23, 75, 17122 }, // U+01D9
    { 11, 19, 217, 1, 19, 53, 17197 }, // U+01DA
    { 13, 23, 252, 1, 23, 75, 17250 }, // U+01DB
    { 11, 19, 217, 1, 19, 53, 17325 }, // U+01DC
    { 12, 12, 199, 0, 12, 36, 17378 }, // U+01DD
    { 15, 23, 231, 0, 23, 87, 17414 }, // U+01DE
    { 11, 19, 200, 0, 19, 53, 17501 }, // U+01DF
    { 15, 23, 231, 0, 23, 87, 17554 }, // U+01E0
    { 11, 19, 200, 0, 19, 53, 17641 }, // U+01E1
    { 19, 20, 317, 0, 20, 95, 17694 }, // U+01E2
    { 19, 16, 306, 0, 16, 76, 17789 }, // U+01E3
    { 14, 15, 241, 1, 15, 53, 17865 }, // U+01E4
    { 13, 17, 212, 0, 12, 56, 17918 }, // U+01E5
    { 13, 21, 241, 1, 21, 69, 17974 }, // U+01E6
    { 12, 22, 211, 0, 17, 66, 18043 }, // U+01E7
    { 13, 21, 220, 1, 21, 69, 18109 }, // U+01E8
    { 15, 21, 207, -2, 21, 79, 18178 }, // U+01E9
    { 15, 20, 264, 1, 15, 75, 18257 }, // U+01EA
    { 13, 17, 208, 0, 12, 56, 18332 }, // U+01EB
    { 15, 25, 264, 1, 20, 94, 18388 }, // U+01EC
    { 13, 21, 208, 0, 16, 69, 18482 }, // U+01ED
    { 12, 21, 197, 0, 21, 63, 18551 }, // U+01EE
    { 12, 22, 194, 0, 17, 66, 18614 }, // U+01EF
    { 10, 22, 99, -2, 17, 55, 18680 }, // U+01F0
    { 26, 15, 436, 1, 15, 98, 18735 }, // U+01F1
    { 24, 15, 408, 1, 15, 90, 18833 }, // U+01F2
    { 23, 16, 375, 0, 16, 92, 18923 }, // U+01F3
    { 13, 21, 241, 1, 21, 69, 19015 }, // U+01F4
    { 12, 22, 211, 0, 17, 66, 19084 }, // U+01F5
    { 20, 15, 349, 1, 15, 75, 19150 }, // U+01F6
    { 13, 20, 225, 1, 15, 65, 19225 }, // U+01F7
    { 15, 21, 268, 1, 21, 79, 19290 }, // U+01F8
    { 12, 17, 217, 1, 17, 51, 19369 }, // U+01F9
    { 15, 21, 230, 0, 21, 79, 19420 }, // U+01FA
    { 11, 21, 200, 0, 21, 58, 19499 }, // U+01FB
    { 19, 21, 317, 0, 21, 100, 19557 }, // U+01FC
    { 19, 17, 306, 0, 17, 81, 19657 }, // U+01FD
    { 15, 22, 264, 1, 21, 83, 19738 }, // U+01FE
    { 12, 18, 206, 0, 17, 54, 19821 }, // U+01FF
    { 15, 20, 231, 0, 20, 75, 19875 }, // U+0200
    { 11, 16, 200, 0, 16, 44, 19950 }, // U+0201
    { 15, 21, 231, 0, 21, 79, 19994 }, // U+0202
    { 11, 17, 200, 0, 17, 47, 20073 }, // U+0203
    { 11, 20, 187, 0, 20, 55, 20120 }, // U+0204
    { 12, 16, 199, 0, 16, 48, 20175 }, // U+0205
    { 10, 21, 187, 1, 21, 53, 20223 }, // U+0206
    { 12, 17, 199, 0, 17, 51, 20276 }, // U+0207
    { 10, 20, 130, -2, 20, 50, 20327 }, // U+0208
    { 10, 16, 100, -3, 16, 40, 20377 }, // U+0209
    { 9, 21, 130, 0, 21, 48, 20417 }, // U+020A
    { 9, 17, 100, -1, 17, 39, 20465 }, // U+020B
    { 15, 20, 264, 1, 20, 75, 20504 }, // U+020C
    { 13, 16, 208, 0, 16, 52, 20579 }, // U+020D
    { 15, 21, 264, 1, 21, 79, 20631 }, // U+020E
    { 13, 17, 208, 0, 17, 56, 20710 }, // U+020F
    { 13, 20, 219, 1, 20, 65, 20766 }, // U+0210
    { 11, 16, 149, -1, 16, 44, 20831 }, // U+0211
    { 13, 21, 219, 1, 21, 69, 20875 }, // U+0212
    { 9, 17, 149, 1, 17, 39, 20944 }, // U+0213
    { 13, 20, 252, 1, 20, 65, 20983 }, // U+0214
    { 11, 16, 217, 1, 16, 44, 21048 }, // U+0215
    { 13, 21, 252, 1, 21, 69, 21092 }, // U+0216
    { 11, 17, 217, 1, 17, 47, 21161 }, // U+0217
    { 11, 20, 184, 0, 15, 55, 21208 }, // U+0218
    { 10, 17, 167, 0, 12, 43, 21263 }, // U+0219
    { 12, 20, 192, 0, 15, 60, 21306 }, // U+021A
    { 9, 20, 145, 0, 15, 45, 21366 }, // U+021B
    { 13, 20, 210, 0, 15, 65, 21411 }, // U+021C
    { 10, 18, 169, 0, 12, 45, 21476 }, // U+021D
    { 14, 21, 255, 1, 21, 74, 21521 }, // U+021E
    { 15, 21, 217, -2, 21, 79, 21595 }, // U+021F
    { 7, 4, 0, -12, 17, 7, 21674 }, // U+0300
    { 7, 4, 0, -8, 17, 7, 21681 }, // U+0301
    { 10, 4, 0, -5, 17, 10, 21688 }, // U+0302
    { 10, 4, 0, -12, 17, 10, 21698 }, // U+0303
    { 8, 3, 0, -4, 16, 6, 21708 }, // U+0304
    { 10, 3, 0, -5, 19, 8, 21714 }, // U+0305
    { 9, 4, 0, -4, 17, 9, 21722 }, // U+0306
    { 4, 3, 0, -2, 16, 3, 21731 }, // U+0307
    { 8, 3, 0, -4, 16, 6, 21734 }, // U+0308
    { 5, 6, 0, -9, 18, 8, 21740 }, // U+0309
    { 6, 6, 0, -3, 18, 9, 21748 }, // U+030A
    { 10, 3, 0, -4, 16, 8, 21757 }, // U+030B
    { 10, 4, 0, -5, 17, 10, 21765 }, // U+030C
    { 4, 4, 0, -2, 17, 4, 21775 }, // U+030D
    { 6, 4, 0, -3, 17, 6, 21779 }, // U+030E
    { 9, 3, 0, -12, 16, 7, 21785 }, // U+030F
    { 8, 6, 0, -4, 19, 12, 21792 }, // U+0310
    { 8, 5, 0, -4, 17, 10, 21804 }, // U+0311
    { 5, 5, 0, -2, 15, 7, 21814 }, // U+0312
    { 5, 5, 0, -2, 15, 7, 21821 }, // U+0313
    { 5, 5, 0, -2, 15, 7, 21828 }, // U+0314
    { 5, 5, 0, -2, 15, 7, 21835 }, // U+0315
    { 7, 4, 0, -4, 0, 7, 21842 }, // U+0316
    { 7, 4, 0, -3, 0, 7, 21849 }, // U+0317
    { 4, 4, 0, -2, -1, 4, 21856 }, // U+0318
    { 4, 4, 0, -2, -1, 4, 21860 }, // U+0319
    { 6, 6, 100, 0, 16, 9, 21864 }, // U+031A
    { 6, 5, 0, -2, 16, 8, 21873 }, // U+031B
    { 4, 6, 0, -2, 0, 6, 21881 }, // U+031C
    { 6, 5, 0, -3, 0, 8, 21887 }, // U+031D
    { 6, 4, 0, -3, -1, 6, 21895 }, // U+031E
    { 6, 4, 0, -3, -1, 6, 21901 }, // U+031F
    { 6, 2, 0, -3, -2, 3, 21907 }, // U+0320
    { 5, 7, 0, -5, 2, 9, 21910 }, // U+0321
    { 5, 7, 0, 0, 2, 9, 21919 }, // U+0322
    { 4, 3, 0, -9, -2, 3, 21928 }, // U+0323
    { 8, 3, 0, -4, -1, 6, 21931 }, // U+0324
    { 6, 6, 0, -3, 1, 9, 21937 }, // U+0325
    { 4, 3, 0, -2, -2, 3, 21946 }, // U+0326
    { 6, 5, 0, -3, 0, 8, 21949 }, // U+0327
    { 6, 6, 0, -3, 1, 9, 21957 }, // U+0328
    { 4, 4, 0, -2, 0, 4, 21966 }, // U+0329
    { 8, 4, 0, -4, -1, 8, 21970 }, // U+032A
    { 8, 3, 0, -4, -1, 6, 21978 }, // U+032B
    { 10, 4, 0, -5, 0, 10, 21984 }, // U+032C
    { 10, 4, 0, -5, 0, 10, 21994 }, // U+032D
    { 9, 4, 0, -4, 0, 9, 22004 }, // U+032E
    { 8, 5, 0, -4, 0, 10, 22013 }, // U+032F
    { 10, 4, 0, -5, 0, 10, 22023 }, // U+0330
    { 8, 3, 0, -4, 0, 6, 22033 }, // U+0331
    { 10, 2, 0, -5, -2, 5, 22039 }, // U+0332
    { 9, 5, 0, -5, -1, 12, 22044 }, // U+0333
    { 10, 4, 0, -5, 9, 10, 22056 }, // U+0334
    { 10, 3, 0, -5, 8, 8, 22066 }, // U+0335
    { 16, 3, 0, -8, 8, 12, 22074 }, // U+0336
    { 8, 6, 0, -4, 9, 12, 22086 }, // U+0337
    { 10, 18, 0, -5, 17, 45, 22098 }, // U+0338
    { 4, 6, 0, -2, 0, 6, 22143 }, // U+0339
    { 8, 5, 0, -4, 0, 10, 22149 }, // U+033A
    { 8, 5, 0, -4, -1, 10, 22159 }, // U+033B
    { 8, 3, 0, -4, -1, 6, 22169 }, // U+033C
    { 6, 6, 0, -3, 17, 9, 22175 }, // U+033D
    { 4, 6, 0, -2, 18, 6, 22184 }, // U+033E
    { 9, 5, 0, -5, 20, 12, 22190 }, // U+033F
    { 7, 4, 0, -5, 17, 7, 22202 }, // U+0340
    { 7, 4, 0, -2, 17, 7, 22209 }, // U+0341
    { 10, 4, 0, -5, 17, 10, 22216 }, // U+0342
    { 4, 5, 0, -2, 17, 5, 22226 }, // U+0343
    { 12, 4, 0, -5, 17, 12, 22231 }, // U+0344
    { 4, 4, 0, -1, -1, 4, 22243 }, // U+0345
    { 10, 4, 0, -5, 16, 10, 22247 }, // U+0346
    { 9, 5, 0, -5, -1, 12, 22257 }, // U+0347
    { 6, 4, 0, -3, 0, 6, 22269 }, // U+0348
    { 4, 4, 0, -2, -1, 4, 22275 }, // U+0349
    { 8, 5, 0, -4, 17, 10, 22279 }, // U+034A
    { 8, 9, 0, -4, 21, 18, 22289 }, // U+034B
    { 8, 6, 0, -4, 19, 12, 22307 }, // U+034C
    { 8, 5, 0, -4, 0, 10, 22319 }, // U+034D
    { 4, 5, 0, -2, 0, 5, 22329 }, // U+034E
    { 16, 16, 0, -8, 15, 64, 22334 }, // U+034F
    { 4, 4, 0, -2, 17, 4, 22398 }, // U+0350
    { 4, 5, 0, -2, 17, 5, 22402 }, // U+0351
    { 8, 5, 0, -4, 18, 10, 22407 }, // U+0352
    { 4, 5, 0, -2, 0, 5, 22417 }, // U+0353
    { 4, 4, 0, -2, -1, 4, 22422 }, // U+0354
    { 4, 4, 0, -2, -1, 4, 22426 }, // U+0355
    { 9, 4, 0, -4, -1, 9, 22430 }, // U+0356
    { 4, 5, 0, -2, 17, 5, 22439 }, // U+0357
    { 5, 3, 0, 1, 16, 4, 22444 }, // U+0358
    { 6, 5, 0, -3, -1, 8, 22448 }, // U+0359
    { 8, 5, 0, -4, 0, 10, 22456 }, // U+035A
    { 4, 5, 0, -2, 17, 5, 22466 }, // U+035B
    { 18, 5, 0, -9, 0, 23, 22471 }, // U+035C
    { 18, 5, 0, -9, 17, 23, 22494 }, // U+035D
    { 14, 2, 0, -7, 14, 7, 22517 }, // U+035E
    { 14, 2, 0, -7, -2, 7, 22524 }, // U+035F
    { 18, 4, 0, -9, 17, 18, 22531 }, // U+0360
    { 18, 5, 0, -9, 20, 23, 22549 }, // U+0361
    { 17, 6, 0, -8, 1, 26, 22572 }, // U+0362
    { 6, 5, 0, -3, 18, 8, 22598 }, // U+0363
    { 6, 6, 0, -3, 19, 9, 22606 }, // U+0364
    { 2, 7, 0, -1, 20, 4, 22615 }, // U+0365
    { 6, 5, 0, -3, 18, 8, 22619 }, // U+0366
    { 6, 6, 0, -3, 19, 9, 22627 }, // U+0367
    { 5, 5, 0, -2, 18, 7, 22636 }, // U+0368
    { 6, 7, 0, -3, 20, 11, 22643 }, // U+0369
    { 6, 7, 0, -3, 20, 11, 22654 }, // U+036A
    { 9, 5, 0, -4, 18, 12, 22665 }, // U+036B
    { 5, 5, 0, -2, 18, 7, 22677 }, // U+036C
    { 4, 7, 0, -2, 19, 7, 22684 }, // U+036D
    { 6, 5, 0, -3, 18, 8, 22691 }, // U+036E
    { 6, 5, 0, -3, 18, 8, 22699 }, // U+036F
    { 9, 15, 161, 1, 15, 34, 22707 }, // U+0370
    { 8, 12, 140, 1, 12, 24, 22741 }, // U+0371
    { 14, 15, 258, 1, 15, 53, 22765 }, // U+0372
    { 12, 16, 231, 1, 16, 48, 22818 }, // U+0373
    { 6, 4, 84, 0, 16, 6, 22866 }, // U+0374
    { 6, 4, 84, -1, 1, 6, 22872 }, // U+0375
    { 15, 15, 274, 1, 15, 57, 22878 }, // U+0376
    { 13, 12, 240, 1, 12, 39, 22935 }, // U+0377
    { 5, 4, 96, 1, -1, 5, 22974 }, // U+037A
    { 10, 12, 170, 0, 12, 30, 22979 }, // U+037B
    { 11, 12, 172, 0, 12, 33, 23009 }, // U+037C
    { 10, 12, 170, 0, 12, 30, 23042 }, // U+037D
    { 5, 15, 95, 0, 12, 19, 23072 }, // U+037E
    { 8, 20, 110, -2, 15, 40, 23091 }, // U+037F
    { 6, 4, 97, 0, 17, 6, 23131 }, // U+0384
    { 12, 4, 263, 2, 17, 12, 23137 }, // U+0385
    { 17, 16, 265, 0, 16, 68, 23149 }, // U+0386
    { 4, 3, 94, 1, 11, 3, 23217 }, // U+0387
    { 16, 16, 261, 0, 16, 64, 23220 }, // U+0388
    { 19, 16, 330, 0, 16, 76, 23284 }, // U+0389
    { 13, 16, 214, 0, 16, 52, 23360 }, // U+038A
    { 19, 16, 323, 0, 16, 76, 23412 }, // U+038C
    { 19, 16, 299, 0, 16, 76, 23488 }, // U+038E
    { 19, 16, 312, 0, 16, 76, 23564 }, // U+038F
    { 12, 17, 134, -2, 17, 51, 23640 }, // U+0390
    { 15, 15, 231, 0, 15, 57, 23691 }, // U+0391
    { 12, 15, 222, 1, 15, 45, 23748 }, // U+0392
    { 9, 15, 176, 1, 15, 34, 23793 }, // U+0393
    { 14, 15, 224, 0, 15, 53, 23827 }, // U+0394
    { 10, 15, 187, 1, 15, 38, 23880 }, // U+0395
    { 12, 15, 193, 0, 15, 45, 23918 }, // U+0396
    { 14, 15, 255, 1, 15, 53, 23963 }, // U+0397
    { 15, 15, 264, 1, 15, 57, 24016 }, // U+0398
    { 8, 15, 130, 0, 15, 30, 24073 }, // U+0399
    { 13, 15, 220, 1, 15, 49, 24103 }, // U+039A
    { 14, 15, 223, 0, 15, 53, 24152 }, // U+039B
    { 17, 15, 315, 1, 15, 64, 24205 }, // U+039C
    { 15, 15, 268, 1, 15, 57, 24269 }, // U+039D
    { 11, 15, 209, 1, 15, 42, 24326 }, // U+039E
    { 15, 15, 264, 1, 15, 57, 24368 }, // U+039F
    { 13, 15, 252, 1, 15, 49, 24425 }, // U+03A0
    { 12, 15, 207, 1, 15, 45, 24474 }, // U+03A1
    { 12, 15, 193, 0, 15, 45, 24519 }, // U+03A3
    { 12, 15, 192, 0, 15, 45, 24564 }, // U+03A4
    { 14, 15, 209, 0, 15, 53, 24609 }, // U+03A5
    { 18, 15, 301, 0, 15, 68, 24662 }, // U+03A6
    { 14, 15, 223, 0, 15, 53, 24730 }, // U+03A7
    { 16, 15, 293, 1, 15, 60, 24783 }, // U+03A8
    { 16, 15, 252, 0, 15, 60, 24843 }, // U+03A9
    { 8, 20, 130, 0, 20, 40, 24903 }, // U+03AA
    { 14, 20, 209, 0, 20, 70, 24943 }, // U+03AB
    { 14, 17, 219, 0, 17, 60, 25013 }, // U+03AC
    { 10, 17, 169, 0, 17, 43, 25073 }, // U+03AD
    { 11, 22, 214, 1, 17, 61, 25116 }, // U+03AE
    { 7, 17, 134, 1, 17, 30, 25177 }, // U+03AF
    { 12, 17, 212, 1, 17, 51, 25207 }, // U+03B0
    { 14, 12, 219, 0, 12, 42, 25258 }, // U+03B1
    { 12, 21, 210, 1, 16, 63, 25300 }, // U+03B2
    { 12, 17, 188, 0, 12, 51, 25363 }, // U+03B3
    { 12, 16, 203, 0, 16, 48, 25414 }, // U+03B4
    { 10, 12, 168, 0, 12, 30, 25462 }, // U+03B5
    { 11, 21, 162, 0, 16, 58, 25492 }, // U+03B6
    { 11, 17, 214, 1, 12, 47, 25550 }, // U+03B7
    { 12, 16, 205, 0, 16, 48, 25597 }, // U+03B8
    { 7, 12, 134, 1, 12, 21, 25645 }, // U+03B9
    { 12, 12, 207, 1, 12, 36, 25666 }, // U+03BA
    { 12, 16, 191, 0, 16, 48, 25702 }, // U+03BB
    { 13, 17, 224, 1, 12, 56, 25750 }, // U+03BC
    { 12, 12, 188, 0, 12, 36, 25806 }, // U+03BD
    { 11, 21, 175, 0, 16, 58, 25842 }, // U+03BE
    { 13, 12, 208, 0, 12, 39, 25900 }, // U+03BF
    { 15, 12, 248, 0, 12, 45, 25939 }, // U+03C0
    { 11, 17, 206, 1, 12, 47, 25984 }, // U+03C1
    { 11, 16, 171, 0, 12, 44, 26031 }, // U+03C2
    { 13, 12, 218, 0, 12, 39, 26075 }, // U+03C3
    { 11, 12, 182, 0, 12, 33, 26114 }, // U+03C4
    { 12, 12, 212, 1, 12, 36, 26147 }, // U+03C5
    { 17, 21, 271, 0, 16, 90, 26183 }, // U+03C6
    { 14, 17, 207, 0, 12, 60, 26273 }, // U+03C7
    { 16, 21, 277, 1, 16, 84, 26333 }, // U+03C8
    { 16, 12, 289, 1, 12, 48, 26417 }, // U+03C9
    { 9, 16, 134, -1, 16, 36, 26465 }, // U+03CA
    { 12, 16, 212, 1, 16, 48, 26501 }, // U+03CB
    { 13, 17, 208, 0, 17, 56, 26549 }, // U+03CC
    { 12, 17, 212, 1, 17, 51, 26605 }, // U+03CD
    { 16, 17, 292, 1, 17, 68, 26656 }, // U+03CE
    { 13, 20, 220, 1, 15, 65, 26724 }, // U+03CF
    { 12, 16, 219, 1, 16, 48, 26789 }, // U+03D0
    { 15, 16, 244, 0, 16, 60, 26837 }, // U+03D1
    { 14, 15, 218, 0, 15, 53, 26897 }, // U+03D2
    { 19, 16, 308, 0, 16, 76, 26950 }, // U+03D3
    { 14, 20, 218, 0, 20, 70, 27026 }, // U+03D4
    { 17, 21, 271, 0, 16, 90, 27096 }, // U+03D5
    { 21, 12, 338, 0, 12, 63, 27186 }, // U+03D6
    { 12, 17, 207, 1, 12, 51, 27249 }, // U+03D7
    { 15, 15, 263, 1, 15, 57, 27300 }, // U+03D8
    { 13, 17, 208, 0, 12, 56, 27357 }, // U+03D9
    { 12, 15, 214, 1, 15, 45, 27413 }, // U+03DA
    { 11, 17, 171, 0, 12, 47, 27458 }, // U+03DB
    { 10, 15, 184, 1, 15, 38, 27505 }, // U+03DC
    { 10, 17, 183, 1, 12, 43, 27543 }, // U+03DD
    { 12, 15, 167, -1, 15, 45, 27586 }, // U+03DE
    { 11, 21, 184, 0, 16, 58, 27631 }, // U+03DF
    { 13, 15, 198, -1, 15, 49, 27689 }, // U+03E0
    { 12, 22, 168, -2, 17, 66, 27738 }, // U+03E1
    { 14, 12, 220, 0, 12, 42, 27804 }, // U+03F0
    { 11, 17, 206, 1, 12, 47, 27846 }, // U+03F1
    { 11, 12, 172, 0, 12, 33, 27893 }, // U+03F2
    { 7, 21, 99, -2, 16, 37, 27926 }, // U+03F3
    { 15, 15, 264, 1, 15, 57, 27963 }, // U+03F4
    { 11, 12, 175, 0, 12, 33, 28020 }, // U+03F5
    { 10, 12, 171, 0, 12, 30, 28053 }, // U+03F6
    { 12, 15, 209, 1, 15, 45, 28083 }, // U+03F7
    { 12, 21, 211, 1, 16, 63, 28128 }, // U+03F8
    { 12, 15, 214, 1, 15, 45, 28191 }, // U+03F9
    { 17, 15, 314, 1, 15, 64, 28236 }, // U+03FA
    { 15, 17, 274, 1, 12, 64, 28300 }, // U+03FB
    { 13, 17, 208, -1, 12, 56, 28364 }, // U+03FC
    { 13, 15, 214, 0, 15, 49, 28420 }, // U+03FD
    { 12, 15, 214, 1, 15, 45, 28469 }, // U+03FE
    { 13, 15, 214, 0, 15, 49, 28514 }, // U+03FF
    { 10, 21, 187, 1, 21, 53, 28563 }, // U+0400
    { 10, 20, 187, 1, 20, 50, 28616 }, // U+0401
    { 16, 15, 255, 0, 15, 60, 28666 }, // U+0402
    { 11, 21, 188, 1, 21, 58, 28726 }, // U+0403
    { 12, 15, 217, 1, 15, 45, 28784 }, // U+0404
    { 11, 15, 182, 0, 15, 42, 28829 }, // U+0405
    { 4, 15, 108, 1, 15, 15, 28871 }, // U+0406
    { 7, 20, 110, 0, 20, 35, 28886 }, // U+0407
    { 8, 20, 110, -2, 15, 40, 28921 }, // U+0408
    { 21, 15, 345, 0, 15, 79, 28961 }, // U+0409
    { 21, 15, 354, 1, 15, 79, 29040 }, // U+040A
    { 15, 15, 259, 0, 15, 57, 29119 }, // U+040B
    { 14, 21, 228, 1, 21, 74, 29176 }, // U+040C
    { 14, 21, 264, 1, 21, 74, 29250 }, // U+040D
    { 14, 21, 215, 0, 21, 74, 29324 }, // U+040E
    { 14, 18, 255, 1, 15, 63, 29398 }, // U+040F
    { 15, 15, 231, 0, 15, 57, 29461 }, // U+0410
    { 12, 15, 216, 1, 15, 45, 29518 }, // U+0411
    { 12, 15, 221, 1, 15, 45, 29563 }, // U+0412
    { 11, 15, 188, 1, 15, 42, 29608 }, // U+0413
    { 16, 19, 259, 0, 15, 76, 29650 }, // U+0414
    { 10, 15, 187, 1, 15, 38, 29726 }, // U+0415
    { 21, 15, 332, 0, 15, 79, 29764 }, // U+0416
    { 12, 15, 198, 0, 15, 45, 29843 }, // U+0417
    { 14, 15, 264, 1, 15, 53, 29888 }, // U+0418
    { 14, 21, 264, 1, 21, 74, 29941 }, // U+0419
    { 14, 15, 231, 1, 15, 53, 30015 }, // U+041A
    { 14, 15, 244, 0, 15, 53, 30068 }, // U+041B
    { 17, 15, 314, 1, 15, 64, 30121 }, // U+041C
    { 14, 15, 257, 1, 15, 53, 30185 }, // U+041D
    { 15, 15, 259, 1, 15, 57, 30238 }, // U+041E
    { 13, 15, 254, 1, 15, 49, 30295 }, // U+041F
    { 12, 15, 208, 1, 15, 45, 30344 }, // U+0420
    { 12, 15, 215, 1, 15, 45, 30389 }, // U+0421
    { 12, 15, 192, 0, 15, 45, 30434 }, // U+0422
    { 14, 15, 215, 0, 15, 53, 30479 }, // U+0423
    { 17, 15, 301, 1, 15, 64, 30532 }, // U+0424
    { 14, 15, 222, 0, 15, 53, 30596 }, // U+0425
    { 15, 19, 259, 1, 15, 72, 30649 }, // U+0426
    { 13, 15, 240, 1, 15, 49, 30721 }, // U+0427
    { 20, 15, 356, 1, 15, 75, 30770 }, // U+0428
    { 22, 19, 358, 1, 15, 105, 30845 }, // U+0429
    { 15, 15, 251, 0, 15, 57, 30950 }, // U+042A
    { 17, 15, 307, 1, 15, 64, 31007 }, // U+042B
    { 12, 15, 215, 1, 15, 45, 31071 }, // U+042C
    { 13, 15, 219, 0, 15, 49, 31116 }, // U+042D
    { 20, 15, 339, 1, 15, 75, 31165 }, // U+042E
    { 13, 15, 227, 0, 15, 49, 31240 }, // U+042F
    { 11, 12, 199, 0, 12, 33, 31289 }, // U+0430
    { 13, 17, 208, 0, 17, 56, 31322 }, // U+0431
    { 11, 12, 199, 1, 12, 33, 31378 }, // U+0432
    { 9, 12, 158, 1, 12, 27, 31411 }, // U+0433
    { 14, 15, 212, 0, 12, 53, 31438 }, // U+0434
    { 12, 12, 195, 0, 12, 36, 31491 }, // U+0435
    { 18, 12, 289, 0, 12, 54, 31527 }, // U+0436
    { 10, 12, 172, 0, 12, 30, 31581 }, // U+0437
    { 12, 12, 225, 1, 12, 36, 31611 }, // U+0438
    { 12, 17, 225, 1, 17, 51, 31647 }, // U+0439
    { 12, 12, 205, 1, 12, 36, 31698 }, // U+043A
    { 12, 12, 208, 0, 12, 36, 31734 }, // U+043B
    { 15, 12, 279, 1, 12, 45, 31770 }, // U+043C
    { 11, 12, 219, 1, 12, 33, 31815 }, // U+043D
    { 13, 12, 207, 0, 12, 39, 31848 }, // U+043E
    { 11, 12, 217, 1, 12, 33, 31887 }, // U+043F
    { 12, 17, 212, 1, 12, 51, 31920 }, // U+0440
    { 11, 12, 175, 0, 12, 33, 31971 }, // U+0441
    { 11, 12, 168, 0, 12, 33, 32004 }, // U+0442
    { 13, 17, 190, -1, 12, 56, 32037 }, // U+0443
    { 16, 21, 270, 0, 16, 84, 32093 }, // U+0444
    { 12, 12, 192, 0, 12, 36, 32177 }, // U+0445
    { 13, 16, 217, 1, 12, 52, 32213 }, // U+0446
    { 11, 12, 212, 1, 12, 33, 32265 }, // U+0447
    { 18, 12, 318, 1, 12, 54, 32298 }, // U+0448
    { 19, 15, 318, 1, 12, 72, 32352 }, // U+0449
    { 14, 12, 224, 0, 12, 42, 32424 }, // U+044A
    { 16, 12, 285, 1, 12, 48, 32466 }, // U+044B
    { 11, 12, 197, 1, 12, 33, 32514 }, // U+044C
    { 11, 12, 175, 0, 12, 33, 32547 }, // U+044D
    { 16, 12, 284, 1, 12, 48, 32580 }, // U+044E
    { 12, 12, 202, 0, 12, 36, 32628 }, // U+044F
    { 12, 17, 195, 0, 17, 51, 32664 }, // U+0450
    { 12, 15, 195, 0, 15, 45, 32715 }, // U+0451
    { 13, 22, 218, 0, 17, 72, 32760 }, // U+0452
    { 9, 17, 160, 1, 17, 39, 32832 }, // U+0453
    { 11, 12, 175, 0, 12, 33, 32871 }, // U+0454
    { 10, 12, 166, 0, 12, 30, 32904 }, // U+0455
    { 4, 16, 103, 1, 16, 16, 32934 }, // U+0456
    { 7, 16, 100, 0, 16, 28, 32950 }, // U+0457
    { 7, 21, 99, -2, 16, 37, 32978 }, // U+0458
    { 18, 12, 299, 0, 12, 54, 33015 }, // U+0459
    { 18, 12, 309, 1, 12, 54, 33069 }, // U+045A
    { 13, 17, 218, 0, 17, 56, 33123 }, // U+045B
    { 12, 17, 205, 1, 17, 51, 33179 }, // U+045C
    { 12, 17, 225, 1, 17, 51, 33230 }, // U+045D
    { 13, 22, 190, -1, 17, 72, 33281 }, // U+045E
    { 11, 15, 217, 1, 12, 42, 33353 }, // U+045F
    { 20, 15, 318, 0, 15, 75, 33395 }, // U+0460
    { 18, 12, 295, 0, 12, 54, 33470 }, // U+0461
    { 14, 15, 224, 0, 15, 53, 33524 }, // U+0462
    { 14, 14, 222, 0, 14, 49, 33577 }, // U+0463
    { 19, 15, 317, 1, 15, 72, 33626 }, // U+0464
    { 16, 12, 268, 1, 12, 48, 33698 }, // U+0465
    { 16, 15, 243, 0, 15, 60, 33746 }, // U+0466
    { 14, 12, 213, 0, 12, 42, 33806 }, // U+0467
    { 20, 15, 335, 1, 15, 75, 33848 }, // U+0468
    { 18, 12, 301, 1, 12, 54, 33923 }, // U+0469
    { 17, 15, 268, 0, 15, 64, 33977 }, // U+046A
    { 13, 12, 208, 0, 12, 39, 34041 }, // U+046B
    { 21, 15, 358, 1, 15, 79, 34080 }, // U+046C
    { 18, 12, 293, 1, 12, 54, 34159 }, // U+046D
    { 13, 24, 211, 0, 19, 78, 34213 }, // U+046E
    { 11, 20, 185, 0, 15, 55, 34291 }, // U+046F
    { 16, 15, 294, 1, 15, 60, 34346 }, // U+0470
    { 16, 21, 281, 1, 16, 84, 34406 }, // U+0471
    { 15, 15, 264, 1, 15, 57, 34490 }, // U+0472
    { 12, 12, 206, 0, 12, 36, 34547 }, // U+0473
    { 15, 15, 239, 0, 15, 57, 34583 }, // U+0474
    { 13, 12, 202, 0, 12, 39, 34640 }, // U+0475
    { 15, 20, 239, 0, 20, 75, 34679 }, // U+0476
    { 13, 16, 202, 0, 16, 52, 34754 }, // U+0477
    { 27, 20, 440, 1, 15, 135, 34806 }, // U+0478
    { 25, 17, 392, 0, 12, 107, 34941 }, // U+0479
    { 16, 18, 277, 1, 17, 72, 35048 }, // U+047A
    { 14, 14, 228, 0, 13, 49, 35120 }, // U+047B
    { 21, 24, 363, 1, 24, 126, 35169 }, // U+047C
    { 18, 20, 319, 1, 20, 90, 35295 }, // U+047D
    { 20, 20, 319, 0, 20, 100, 35385 }, // U+047E
    { 18, 15, 295, 0, 15, 68, 35485 }, // U+047F
    { 13, 20, 226, 1, 15, 65, 35553 }, // U+0480
    { 11, 17, 175, 0, 12, 47, 35618 }, // U+0481
    { 11, 15, 203, 1, 14, 42, 35665 }, // U+0482
    { 9, 4, 0, -10, 16, 9, 35707 }, // U+0483
    { 9, 4, 0, -10, 17, 9, 35716 }, // U+0484
    { 5, 4, 0, -8, 17, 5, 35725 }, // U+0485
    { 5, 4, 0, -8, 17, 5, 35730 }, // U+0486
    { 10, 4, 0, -5, 20, 10, 35735 }, // U+0487
    { 24, 23, 0, -12, 17, 138, 35745 }, // U+0488
    { 24, 23, 0, -12, 17, 138, 35883 }, // U+0489
    { 18, 25, 305, 1, 21, 113, 36021 }, // U+048A
    { 16, 21, 267, 1, 17, 84, 36134 }, // U+048B
    { 13, 15, 213, 0, 15, 49, 36218 }, // U+048C
    { 13, 17, 205, 0, 17, 56, 36267 }, // U+048D
    { 12, 15, 209, 1, 15, 45, 36323 }, // U+048E
    { 12, 17, 211, 1, 12, 51, 36368 }, // U+048F
    { 11, 19, 193, 1, 19, 53, 36419 }, // U+0490
    { 9, 15, 171, 1, 15, 34, 36472 }, // U+0491
    { 12, 15, 186, 0, 15, 45, 36506 }, // U+0492
    { 10, 12, 164, 0, 12, 30, 36551 }, // U+0493
    { 14, 20, 245, 1, 15, 70, 36581 }, // U+0494
    { 11, 17, 201, 1, 12, 47, 36651 }, // U+0495
    { 22, 20, 343, 0, 15, 110, 36698 }, // U+0496
    { 21, 16, 312, -1, 12, 84, 36808 }, // U+0497
    { 12, 20, 198, 0, 15, 60, 36892 }, // U+0498
    { 10, 17, 172, 0, 12, 43, 36952 }, // U+0499
    { 15, 20, 252, 1, 15, 75, 36995 }, // U+049A
    { 13, 16, 219, 1, 12, 52, 37070 }, // U+049B
    { 13, 15, 223, 1, 15, 49, 37122 }, // U+049C
    { 12, 12, 206, 1, 12, 36, 37171 }, // U+049D
    { 15, 15, 231, 0, 15, 57, 37207 }, // U+049E
    { 13, 16, 209, 0, 16, 52, 37264 }, // U+049F
    { 16, 15, 244, 0, 15, 60, 37316 }, // U+04A0
    { 15, 12, 232, 0, 12, 45, 37376 }, // U+04A1
    { 17, 19, 280, 1, 15, 81, 37421 }, // U+04A2
    { 14, 16, 248, 1, 12, 56, 37502 }, // U+04A3
    { 17, 15, 278, 1, 15, 64, 37558 }, // U+04A4
    { 15, 12, 253, 1, 12, 45, 37622 }, // U+04A5
    { 22, 20, 375, 1, 15, 110, 37667 }, // U+04A6
    { 17, 17, 296, 1, 12, 73, 37777 }, // U+04A7
    { 15, 16, 259, 1, 15, 60, 37850 }, // U+04A8
    { 13, 13, 219, 0, 12, 43, 37910 }, // U+04A9
    { 12, 20, 214, 1, 15, 60, 37953 }, // U+04AA
    { 11, 17, 172, 0, 12, 47, 38013 }, // U+04AB
    { 12, 19, 193, 0, 15, 57, 38060 }, // U+04AC
    { 12, 16, 183, 0, 12, 48, 38117 }, // U+04AD
    { 14, 15, 209, 0, 15, 53, 38165 }, // U+04AE
    { 12, 17, 191, 0, 12, 51, 38218 }, // U+04AF
    { 14, 15, 209, 0, 15, 53, 38269 }, // U+04B0
    { 12, 17, 191, 0, 12, 51, 38322 }, // U+04B1
    { 16, 19, 248, 0, 15, 76, 38373 }, // U+04B2
    { 13, 16, 211, 0, 12, 52, 38449 }, // U+04B3
    { 19, 20, 310, 0, 15, 95, 38501 }, // U+04B4
    { 17, 17, 264, 0, 12, 73, 38596 }, // U+04B5
    { 16, 19, 268, 1, 15, 76, 38669 }, // U+04B6
    { 14, 16, 242, 1, 12, 56, 38745 }, // U+04B7
    { 13, 15, 245, 1, 15, 49, 38801 }, // U+04B8
    { 12, 12, 220, 1, 12, 36, 38850 }, // U+04B9
    { 13, 15, 245, 1, 15, 49, 38886 }, // U+04BA
    { 12, 16, 217, 1, 16, 48, 38935 }, // U+04BB
    { 19, 15, 316, 0, 15, 72, 38983 }, // U+04BC
    { 15, 12, 236, -1, 12, 45, 39055 }, // U+04BD
    { 19, 19, 316, 0, 15, 91, 39100 }, // U+04BE
    { 15, 16, 236, -1, 12, 60, 39191 }, // U+04BF
    { 8, 15, 130, 0, 15, 30, 39251 }, // U+04C0
    { 21, 21, 333, 0, 21, 111, 39281 }, // U+04C1
    { 18, 17, 289, 0, 17, 77, 39392 }, // U+04C2
    { 14, 20, 253, 1, 15, 70, 39469 }, // U+04C3
    { 12, 17, 218, 1, 12, 51, 39539 }, // U+04C4
    { 18, 19, 279, 0, 15, 86, 39590 }, // U+04C5
    { 15, 17, 242, 0, 12, 64, 39676 }, // U+04C6
    { 14, 20, 255, 1, 15, 70, 39740 }, // U+04C7
    { 12, 17, 221, 1, 12, 51, 39810 }, // U+04C8
    { 17, 19, 286, 1, 15, 81, 39861 }, // U+04C9
    { 15, 16, 248, 1, 12, 60, 39942 }, // U+04CA
    { 13, 19, 245, 1, 15, 62, 40002 }, // U+04CB
    { 12, 16, 219, 1, 12, 48, 40064 }, // U+04CC
    { 21, 19, 345, 1, 15, 100, 40112 }, // U+04CD
    { 18, 16, 309, 1, 12, 72, 40212 }, // U+04CE
    { 8, 15, 130, 0, 15, 30, 40284 }, // U+04CF
    { 15, 21, 231, 0, 21, 79, 40314 }, // U+04D0
    { 11, 17, 200, 0, 17, 47, 40393 }, // U+04D1
    { 15, 20, 231, 0, 20, 75, 40440 }, // U+04D2
    { 11, 16, 200, 0, 16, 44, 40515 }, // U+04D3
    { 19, 15, 317, 0, 15, 72, 40559 }, // U+04D4
    { 19, 12, 306, 0, 12, 57, 40631 }, // U+04D5
    { 10, 21, 187, 1, 21, 53, 40688 }, // U+04D6
    { 12, 17, 199, 0, 17, 51, 40741 }, // U+04D7
    { 15, 15, 272, 1, 15, 57, 40792 }, // U+04D8
    { 12, 12, 199, 0, 12, 36, 40849 }, // U+04D9
    { 15, 20, 272, 1, 20, 75, 40885 }, // U+04DA
    { 12, 16, 199, 0, 16, 48, 40960 }, // U+04DB
    { 21, 20, 333, 0, 20, 105, 41008 }, // U+04DC
    { 18, 16, 289, 0, 16, 72, 41113 }, // U+04DD
    { 12, 20, 198, 0, 20, 60, 41185 }, // U+04DE
    { 10, 16, 172, 0, 16, 40, 41245 }, // U+04DF
    { 12, 15, 197, 0, 15, 45, 41285 }, // U+04E0
    { 12, 17, 194, 0, 12, 51, 41330 }, // U+04E1
    { 14, 20, 264, 1, 20, 70, 41381 }, // U+04E2
    { 12, 16, 225, 1, 16, 48, 41451 }, // U+04E3
    { 14, 20, 264, 1, 20, 70, 41499 }, // U+04E4
    { 12, 16, 225, 1, 16, 48, 41569 }, // U+04E5
    { 15, 20, 264, 1, 20, 75, 41617 }, // U+04E6
    { 13, 16, 208, 0, 16, 52, 41692 }, // U+04E7
    { 15, 15, 264, 1, 15, 57, 41744 }, // U+04E8
    { 12, 12, 208, 0, 12, 36, 41801 }, // U+04E9
    { 15, 19, 264, 1, 19, 72, 41837 }, // U+04EA
    { 12, 16, 208, 0, 16, 48, 41909 }, // U+04EB
    { 13, 20, 217, 0, 20, 65, 41957 }, // U+04EC
    { 11, 16, 175, 0, 16, 44, 42022 }, // U+04ED
    { 14, 20, 215, 0, 20, 70, 42066 }, // U+04EE
    { 13, 21, 190, -1, 16, 69, 42136 }, // U+04EF
    { 14, 20, 215, 0, 20, 70, 42205 }, // U+04F0
    { 13, 21, 190, -1, 16, 69, 42275 }, // U+04F1
    { 14, 20, 215, 0, 20, 70, 42344 }, // U+04F2
    { 12, 21, 190, 0, 16, 63, 42414 }, // U+04F3
    { 13, 20, 240, 1, 20, 65, 42477 }, // U+04F4
    { 11, 16, 212, 1, 16, 44, 42542 }, // U+04F5
    { 11, 19, 187, 1, 15, 53, 42586 }, // U+04F6
    { 9, 16, 159, 1, 12, 36, 42639 }, // U+04F7
    { 17, 20, 307, 1, 20, 85, 42675 }, // U+04F8
    { 16, 16, 285, 1, 16, 64, 42760 }, // U+04F9
    { 12, 20, 186, 0, 15, 60, 42824 }, // U+04FA
    { 10, 17, 164, 0, 12, 43, 42884 }, // U+04FB
    { 15, 20, 243, 0, 15, 75, 42927 }, // U+04FC
    { 13, 17, 215, 0, 12, 56, 43002 }, // U+04FD
    { 14, 15, 223, 0, 15, 53, 43058 }, // U+04FE
    { 12, 12, 193, 0, 12, 36, 43111 }, // U+04FF
    { 15, 20, 231, 0, 15, 75, 43147 }, // U+1EA0
    { 11, 17, 200, 0, 12, 47, 43222 }, // U+1EA1
    { 15, 22, 231, 0, 22, 83, 43269 }, // U+1EA2
    { 11, 18, 200, 0, 18, 50, 43352 }, // U+1EA3
    { 15, 21, 231, 0, 21, 79, 43402 }, // U+1EA4
    { 13, 18, 200, 0, 18, 59, 43481 }, // U+1EA5
    { 15, 21, 231, 0, 21, 79, 43540 }, // U+1EA6
    { 12, 18, 200, -1, 18, 54, 43619 }, // U+1EA7
    { 15, 22, 231, 0, 22, 83, 43673 }, // U+1EA8
    { 13, 19, 200, 0, 19, 62, 43756 }, // U+1EA9
    { 15, 23, 231, 0, 23, 87, 43818 }, // U+1EAA
    { 11, 19, 200, 0, 19, 53, 43905 }, // U+1EAB
    { 15, 26, 231, 0, 21, 98, 43958 }, // U+1EAC
    { 11, 22, 200, 0, 17, 61, 44056 }, // U+1EAD
    { 15, 22, 231, 0, 22, 83, 44117 }, // U+1EAE
    { 11, 18, 200, 0, 18, 50, 44200 }, // U+1EAF
    { 15, 22, 231, 0, 22, 83, 44250 }, // U+1EB0
    { 11, 18, 200, 0, 18, 50, 44333 }, // U+1EB1
    { 15, 22, 231, 0, 22, 83, 44383 }, // U+1EB2
    { 11, 19, 200, 0, 19, 53, 44466 }, // U+1EB3
    { 15, 23, 231, 0, 23, 87, 44519 }, // U+1EB4
    { 11, 19, 200, 0, 19, 53, 44606 }, // U+1EB5
    { 15, 26, 231, 0, 21, 98, 44659 }, // U+1EB6
    { 11, 22, 200, 0, 17, 61, 44757 }, // U+1EB7
    { 10, 20, 187, 1, 15, 50, 44818 }, // U+1EB8
    { 12, 17, 199, 0, 12, 51, 44868 }, // U+1EB9
    { 10, 22, 187, 1, 22, 55, 44919 }, // U+1EBA
    { 12, 18, 199, 0, 18, 54, 44974 }, // U+1EBB
    { 10, 21, 187, 1, 21, 53, 45028 }, // U+1EBC
    { 12, 17, 199, 0, 17, 51, 45081 }, // U+1EBD
    { 12, 21, 187, 1, 21, 63, 45132 }, // U+1EBE
    { 14, 18, 199, 0, 18, 63, 45195 }, // U+1EBF
    { 13, 21, 187, -2, 21, 69, 45258 }, // U+1EC0
    { 13, 18, 199, -1, 18, 59, 45327 }, // U+1EC1
    { 11, 22, 187, 1, 22, 61, 45386 }, // U+1EC2
    { 13, 19, 199, 0, 19, 62, 45447 }, // U+1EC3
    { 10, 23, 187, 1, 23, 58, 45509 }, // U+1EC4
    { 12, 20, 199, 0, 20, 60, 45567 }, // U+1EC5
    { 10, 26, 187, 1, 21, 65, 45627 }, // U+1EC6
    { 12, 22, 199, 0, 17, 66, 45692 }, // U+1EC7
    { 8, 22, 130, 0, 22, 44, 45758 }, // U+1EC8
    { 5, 18, 100, 1, 18, 23, 45802 }, // U+1EC9
    { 8, 20, 130, 0, 15, 40, 45825 }, // U+1ECA
    { 4, 21, 100, 1, 16, 21, 45865 }, // U+1ECB
    { 15, 20, 264, 1, 15, 75, 45886 }, // U+1ECC
    { 13, 17, 208, 0, 12, 56, 45961 }, // U+1ECD
    { 15, 22, 264, 1, 22, 83, 46017 }, // U+1ECE
    { 13, 18, 208, 0, 18, 59, 46100 }, // U+1ECF
    { 15, 22, 264, 1, 22, 83, 46159 }, // U+1ED0
    { 14, 18, 208, 0, 18, 63, 46242 }, // U+1ED1
    { 15, 22, 264, 1, 22, 83, 46305 }, // U+1ED2
    { 14, 18, 208, -1, 18, 63, 46388 }, // U+1ED3
    { 15, 22, 264, 1, 22, 83, 46451 }, // U+1ED4
    { 13, 19, 208, 0, 19, 62, 46534 }, // U+1ED5
    { 15, 23, 264, 1, 23, 87, 46596 }, // U+1ED6
    { 13, 20, 208, 0, 20, 65, 46683 }, // U+1ED7
    { 15, 26, 264, 1, 21, 98, 46748 }, // U+1ED8
    { 13, 22, 208, 0, 17, 72, 46846 }, // U+1ED9
    { 17, 21, 274, 1, 21, 90, 46918 }, // U+1EDA
    { 15, 17, 227, 0, 17, 64, 47008 }, // U+1EDB
    { 17, 21, 274, 1, 21, 90, 47072 }, // U+1EDC
    { 15, 17, 227, 0, 17, 64, 47162 }, // U+1EDD
    { 17, 22, 274, 1, 22, 94, 47226 }, // U+1EDE
    { 15, 18, 227, 0, 18, 68, 47320 }, // U+1EDF
    { 17, 21, 274, 1, 21, 90, 47388 }, // U+1EE0
    { 15, 17, 227, 0, 17, 64, 47478 }, // U+1EE1
    { 17, 21, 274, 1, 16, 90, 47542 }, // U+1EE2
    { 15, 19, 227, 0, 14, 72, 47632 }, // U+1EE3
    { 13, 20, 252, 1, 15, 65, 47704 }, // U+1EE4
    { 11, 17, 217, 1, 12, 47, 47769 }, // U+1EE5
    { 13, 22, 252, 1, 22, 72, 47816 }, // U+1EE6
    { 11, 18, 217, 1, 18, 50, 47888 }, // U+1EE7
    { 18, 21, 295, 1, 21, 95, 47938 }, // U+1EE8
    { 16, 17, 252, 1, 17, 68, 48033 }, // U+1EE9
    { 18, 21, 295, 1, 21, 95, 48101 }, // U+1EEA
    { 16, 17, 252, 1, 17, 68, 48196 }, // U+1EEB
    { 18, 22, 295, 1, 22, 99, 48264 }, // U+1EEC
    { 16, 18, 252, 1, 18, 72, 48363 }, // U+1EED
    { 18, 21, 295, 1, 21, 95, 48435 }, // U+1EEE
    { 16, 17, 252, 1, 17, 68, 48530 }, // U+1EEF
    { 18, 21, 295, 1, 16, 95, 48598 }, // U+1EF0
    { 16, 19, 252, 1, 14, 76, 48693 }, // U+1EF1
    { 14, 21, 209, 0, 21, 74, 48769 }, // U+1EF2
    { 12, 22, 190, 0, 17, 66, 48843 }, // U+1EF3
    { 14, 20, 209, 0, 15, 70, 48909 }, // U+1EF4
    { 12, 17, 190, 0, 12, 51, 48979 }, // U+1EF5
    { 14, 22, 209, 0, 22, 77, 49030 }, // U+1EF6
    { 12, 23, 190, 0, 18, 69, 49107 }, // U+1EF7
    { 14, 21, 209, 0, 21, 74, 49176 }, // U+1EF8
    { 12, 22, 190, 0, 17, 66, 49250 }, // U+1EF9
    { 0, 0, 167, 0, 0, 0, 49316 }, // U+2000
    { 0, 0, 333, 0, 0, 0, 49316 }, // U+2001
    { 0, 0, 167, 0, 0, 0, 49316 }, // U+2002
    { 0, 0, 333, 0, 0, 0, 49316 }, // U+2003
    { 0, 0, 111, 0, 0, 0, 49316 }, // U+2004
    { 0, 0, 83, 0, 0, 0, 49316 }, // U+2005
    { 0, 0, 56, 0, 0, 0, 49316 }, // U+2006
    { 0, 0, 191, 0, 0, 0, 49316 }, // U+2007
    { 0, 0, 94, 0, 0, 0, 49316 }, // U+2008
    { 0, 0, 55, 0, 0, 0, 49316 }, // U+2009
    { 0, 0, 33, 0, 0, 0, 49316 }, // U+200A
    { 0, 0, 0, 0, 0, 0, 49316 }, // U+200B
    { 0, 0, 0, 0, 0, 0, 49316 }, // U+200C
    { 0, 0, 0, 0, 0, 0, 49316 }, // U+200D
    { 6, 18, 0, -1, 15, 27, 49316 }, // U+200E
    { 6, 18, 0, -5, 15, 27, 49343 }, // U+200F
    { 7, 3, 107, 0, 7, 6, 49370 }, // U+2010
    { 7, 3, 107, 0, 7, 6, 49376 }, // U+2011
    { 12, 3, 192, 0, 9, 9, 49382 }, // U+2012
    { 10, 3, 167, 0, 8, 8, 49391 }, // U+2013
    { 21, 3, 333, 0, 8, 16, 49399 }, // U+2014
    { 21, 3, 333, 0, 8, 16, 49415 }, // U+2015
    { 9, 21, 184, 1, 16, 48, 49431 }, // U+2016
    { 10, 5, 137, -1, -1, 13, 49479 }, // U+2017
    { 5, 5, 72, 0, 15, 7, 49492 }, // U+2018
    { 5, 5, 72, 0, 15, 7, 49499 }, // U+2019
    { 5, 5, 95, 0, 3, 7, 49506 }, // U+201A
    { 5, 5, 72, 0, 15, 7, 49513 }, // U+201B
    { 10, 5, 148, 0, 15, 13, 49520 }, // U+201C
    { 10, 5, 148, 0, 15, 13, 49533 }, // U+201D
    { 10, 5, 171, 0, 3, 13, 49546 }, // U+201E
    { 10, 5, 148, 0, 15, 13, 49559 }, // U+201F
    { 9, 16, 171, 1, 16, 36, 49572 }, // U+2020
    { 9, 16, 173, 1, 16, 36, 49608 }, // U+2021
    { 6, 7, 125, 1, 12, 11, 49644 }, // U+2022
    { 7, 9, 125, 1, 12, 16, 49655 }, // U+2023
    { 5, 3, 167, 3, 3, 4, 49671 }, // U+2024
    { 10, 3, 192, 1, 3, 8, 49675 }, // U+2025
    { 16, 3, 285, 1, 3, 12, 49683 }, // U+2026
    { 4, 3, 94, 1, 7, 3, 49695 }, // U+2027
    { 0, 0, 200, 0, 0, 0, 49698 }, // U+2028
    { 0, 0, 200, 0, 0, 0, 49698 }, // U+2029
    { 6, 16, 0, -1, 13, 24, 49698 }, // U+202A
    { 6, 16, 0, -5, 13, 24, 49722 }, // U+202B
    { 6, 18, 0, -3, 15, 27, 49746 }, // U+202C
    { 6, 18, 0, -3, 15, 27, 49773 }, // U+202D
    { 6, 18, 0, -3, 15, 27, 49800 }, // U+202E
    { 0, 0, 55, 0, 0, 0, 49827 }, // U+202F
    { 27, 15, 427, 0, 15, 102, 49827 }, // U+2030
    { 35, 15, 556, 0, 15, 132, 49929 }, // U+2031
    { 7, 6, 101, 0, 15, 11, 50061 }, // U+2032
    { 12, 6, 175, 0, 15, 18, 50072 }, // U+2033
    { 16, 5, 248, 0, 15, 20, 50090 }, // U+2034
    { 6, 6, 141, 1, 15, 9, 50110 }, // U+2035
    { 11, 6, 214, 1, 15, 17, 50119 }, // U+2036
    { 15, 6, 288, 1, 15, 23, 50136 }, // U+2037
    { 9, 7, 136, 0, 2, 16, 50159 }, // U+2038
    { 7, 11, 122, 0, 11, 20, 50175 }, // U+2039
    { 7, 11, 122, 0, 11, 20, 50195 }, // U+203A
    { 16, 15, 283, 1, 15, 60, 50215 }, // U+203B
    { 10, 15, 190, 1, 15, 38, 50275 }, // U+203C
    { 10, 15, 159, 0, 15, 38, 50313 }, // U+203D
    { 12, 3, 167, -1, 19, 9, 50351 }, // U+203E
    { 13, 5, 203, 0, 0, 17, 50360 }, // U+203F
    { 13, 5, 203, 0, 17, 17, 50377 }, // U+2040
    { 9, 14, 141, 0, 9, 32, 50394 }, // U+2041
    { 24, 20, 373, 0, 16, 120, 50426 }, // U+2042
    { 6, 3, 107, 1, 7, 5, 50546 }, // U+2043
    { 11, 15, 43, -4, 15, 42, 50551 }, // U+2044
    { 6, 19, 110, 1, 15, 29, 50593 }, // U+2045
    { 6, 19, 110, 0, 15, 29, 50622 }, // U+2046
    { 20, 15, 316, 0, 15, 75, 50651 }, // U+2047
    { 15, 15, 254, 0, 15, 57, 50726 }, // U+2048
    { 15, 15, 254, 1, 15, 57, 50783 }, // U+2049
    { 11, 12, 196, 0, 12, 33, 50840 }, // U+204A
    { 12, 20, 216, 1, 16, 60, 50873 }, // U+204B
    { 11, 12, 218, 1, 12, 33, 50933 }, // U+204C
    { 12, 12, 218, 1, 12, 36, 50966 }, // U+204D
    { 11, 11, 181, 0, 6, 31, 51002 }, // U+204E
    { 5, 15, 95, 1, 12, 19, 51033 }, // U+204F
    { 13, 22, 200, 0, 17, 72, 51052 }, // U+2050
    { 11, 22, 181, 0, 16, 61, 51124 }, // U+2051
    { 9, 15, 141, 0, 15, 34, 51185 }, // U+2052
    { 21, 5, 333, 0, 9, 27, 51219 }, // U+2053
    { 13, 5, 200, 0, -1, 17, 51246 }, // U+2054
    { 12, 11, 187, 0, 11, 33, 51263 }, // U+2055
    { 10, 15, 193, 1, 15, 38, 51296 }, // U+2056
    { 20, 6, 312, 0, 15, 30, 51334 }, // U+2057
    { 16, 15, 291, 1, 15, 60, 51364 }, // U+2058
    { 16, 15, 291, 1, 15, 60, 51424 }, // U+2059
    { 4, 15, 95, 1, 15, 15, 51484 }, // U+205A
    { 13, 17, 231, 1, 17, 56, 51499 }, // U+205B
    { 17, 17, 284, 0, 16, 73, 51555 }, // U+205C
    { 4, 16, 94, 1, 16, 16, 51628 }, // U+205D
    { 4, 15, 95, 1, 15, 15, 51644 }, // U+205E
    { 0, 0, 74, 0, 0, 0, 51659 }, // U+205F
    { 0, 0, 200, 0, 0, 0, 51659 }, // U+2060
    { 0, 0, 200, 0, 0, 0, 51659 }, // U+2061
    { 0, 0, 200, 0, 0, 0, 51659 }, // U+2062
    { 0, 0, 200, 0, 0, 0, 51659 }, // U+2063
    { 0, 0, 200, 0, 0, 0, 51659 }, // U+2064
    { 0, 0, 0, 0, 0, 0, 51659 }, // U+2066
    { 0, 0, 0, 0, 0, 0, 51659 }, // U+2067
    { 0, 0, 0, 0, 0, 0, 51659 }, // U+2068
    { 0, 0, 0, 0, 0, 0, 51659 }, // U+2069
    { 6, 18, 0, -3, 15, 27, 51659 }, // U+206A
    { 6, 18, 0, -3, 15, 27, 51686 }, // U+206B
    { 6, 18, 0, -3, 15, 27, 51713 }, // U+206C
    { 6, 18, 0, -3, 15, 27, 51740 }, // U+206D
    { 6, 18, 0, -3, 15, 27, 51767 }, // U+206E
    { 6, 18, 0, -3, 15, 27, 51794 }, // U+206F
    { 8, 10, 126, 0, 18, 20, 51821 }, // U+2070
    { 4, 10, 65, 0, 16, 10, 51841 }, // U+2071
    { 8, 10, 127, 0, 18, 20, 51851 }, // U+2074
    { 8, 10, 127, 0, 19, 20, 51871 }, // U+2075
    { 8, 9, 127, 0, 17, 18, 51891 }, // U+2076
    { 8, 10, 127, 0, 19, 20, 51909 }, // U+2077
    { 8, 11, 127, 0, 19, 22, 51929 }, // U+2078
    { 8, 9, 127, 0, 17, 18, 51951 }, // U+2079
    { 7, 6, 120, 0, 15, 11, 51969 }, // U+207A
    { 7, 2, 120, 0, 13, 4, 51980 }, // U+207B
    { 7, 5, 120, 0, 15, 9, 51984 }, // U+207C
    { 4, 12, 81, 1, 19, 12, 51993 }, // U+207D
    { 4, 12, 81, 0, 19, 12, 52005 }, // U+207E
    { 7, 7, 141, 1, 13, 13, 52017 }, // U+207F
    { 8, 10, 127, 0, 7, 20, 52030 }, // U+2080
    { 6, 9, 127, 0, 7, 14, 52050 }, // U+2081
    { 8, 10, 127, 0, 8, 20, 52064 }, // U+2082
    { 8, 9, 127, 0, 7, 18, 52084 }, // U+2083
    { 8, 10, 127, 0, 7, 20, 52102 }, // U+2084
    { 8, 10, 127, 0, 8, 20, 52122 }, // U+2085
    { 8, 9, 127, 0, 6, 18, 52142 }, // U+2086
    { 8, 10, 127, 0, 8, 20, 52160 }, // U+2087
    { 8, 11, 127, 0, 8, 22, 52180 }, // U+2088
    { 8, 9, 127, 0, 6, 18, 52202 }, // U+2089
    { 7, 6, 120, 0, 4, 11, 52220 }, // U+208A
    { 7, 2, 120, 0, 2, 4, 52231 }, // U+208B
    { 7, 5, 120, 0, 4, 9, 52235 }, // U+208C
    { 4, 12, 81, 1, 8, 12, 52244 }, // U+208D
    { 4, 12, 81, 0, 8, 12, 52256 }, // U+208E
    { 8, 7, 130, 0, 5, 14, 52268 }, // U+2090
    { 8, 7, 129, 0, 5, 14, 52282 }, // U+2091
    { 8, 7, 135, 0, 5, 14, 52296 }, // U+2092
    { 8, 7, 125, 0, 5, 14, 52310 }, // U+2093
    { 8, 7, 129, 0, 5, 14, 52324 }, // U+2094
    { 7, 10, 141, 1, 8, 18, 52338 }, // U+2095
    { 8, 10, 132, 1, 8, 20, 52356 }, // U+2096
    { 3, 10, 65, 1, 8, 8, 52376 }, // U+2097
    { 12, 7, 211, 1, 5, 21, 52384 }, // U+2098
    { 7, 7, 141, 1, 5, 13, 52405 }, // U+2099
    { 7, 10, 137, 1, 5, 18, 52418 }, // U+209A
    { 7, 7, 109, 0, 5, 13, 52436 }, // U+209B
    { 6, 9, 91, 0, 7, 14, 52449 }, // U+209C
    { 12, 15, 191, 0, 15, 45, 52463 }, // U+20A0
    { 13, 18, 203, 0, 16, 59, 52508 }, // U+20A1
    { 12, 15, 191, 0, 15, 45, 52567 }, // U+20A2
    { 11, 15, 191, 0, 15, 42, 52612 }, // U+20A3
    { 12, 15, 191, 0, 15, 45, 52654 }, // U+20A4
    { 18, 18, 325, 1, 15, 81, 52699 }, // U+20A5
    { 12, 15, 191, 0, 15, 45, 52780 }, // U+20A6
    { 17, 15, 297, 1, 15, 64, 52825 }, // U+20A7
    { 18, 15, 306, 1, 15, 68, 52889 }, // U+20A8
    { 16, 15, 246, 0, 15, 60, 52957 }, // U+20A9
    { 17, 15, 306, 1, 15, 64, 53017 }, // U+20AA
    { 14, 20, 215, 0, 16, 70, 53081 }, // U+20AB
    { 12, 15, 191, 0, 15, 45, 53151 }, // U+20AC
    { 12, 15, 191, 0, 15, 45, 53196 }, // U+20AD
    { 12, 15, 191, 0, 15, 45, 53241 }, // U+20AE
    { 21, 20, 337, 0, 15, 105, 53286 }, // U+20AF
    { 12, 20, 203, 0, 15, 60, 53391 }, // U+20B0
    { 12, 15, 191, 0, 15, 45, 53451 }, // U+20B1
    { 13, 18, 245, 1, 16, 59, 53496 }, // U+20B2
    { 14, 15, 217, 0, 15, 53, 53555 }, // U+20B3
    { 12, 15, 191, 0, 15, 45, 53608 }, // U+20B4
    { 12, 18, 212, 1, 16, 54, 53653 }, // U+20B5
    { 14, 14, 232, 0, 14, 49, 53707 }, // U+20B6
    { 15, 17, 244, 0, 15, 64, 53756 }, // U+20B7
    { 12, 15, 191, 0, 15, 45, 53820 }, // U+20B8
    { 10, 15, 191, 1, 15, 38, 53865 }, // U+20B9
    { 12, 15, 191, 0, 15, 45, 53903 }, // U+20BA
    { 17, 15, 271, 0, 15, 64, 53948 }, // U+20BB
    { 17, 15, 291, 1, 15, 64, 54012 }, // U+20BC
    { 13, 15, 200, 0, 15, 49, 54076 }, // U+20BD
    { 15, 16, 263, 1, 16, 60, 54125 }, // U+20BE
    { 11, 20, 191, 1, 18, 55, 54185 }, // U+20BF
    { 11, 16, 175, 0, 12, 44, 54240 }, // U+20C0
    { 19, 15, 310, 0, 15, 72, 54284 }, // U+2150
    { 19, 16, 301, 0, 15, 76, 54356 }, // U+2151
    { 24, 16, 382, 0, 15, 96, 54432 }, // U+2152
    { 18, 15, 296, 0, 15, 68, 54528 }, // U+2153
    { 19, 15, 321, 0, 15, 72, 54596 }, // U+2154
    { 19, 15, 305, 0, 15, 72, 54668 }, // U+2155
    { 20, 16, 326, 0, 16, 80, 54740 }, // U+2156
    { 18, 15, 298, 0, 15, 68, 54820 }, // U+2157
    { 20, 15, 321, 0, 15, 75, 54888 }, // U+2158
    { 19, 16, 297, 0, 15, 76, 54963 }, // U+2159
    { 19, 17, 303, 0, 16, 81, 55039 }, // U+215A
    { 18, 15, 296, 0, 15, 68, 55120 }, // U+215B
    { 18, 15, 296, 0, 15, 68, 55188 }, // U+215C
    { 18, 15, 296, 0, 15, 68, 55256 }, // U+215D
    { 18, 15, 298, 0, 15, 68, 55324 }, // U+215E
    { 15, 15, 165, 0, 15, 57, 55392 }, // U+215F
    { 13, 15, 214, 0, 15, 49, 55449 }, // U+2183
    { 10, 12, 171, 0, 12, 30, 55498 }, // U+2184
    { 19, 15, 307, 0, 15, 72, 55528 }, // U+2189
    { 12, 3, 194, 0, 9, 9, 55600 }, // U+2212
    { 18, 16, 257, 0, 16, 72, 55609 }, // U+FB00
    { 13, 16, 228, 0, 16, 52, 55681 }, // U+FB01
    { 13, 16, 231, 0, 16, 52, 55733 }, // U+FB02
    { 21, 16, 357, 0, 16, 84, 55785 }, // U+FB03
    { 21, 16, 360, 0, 16, 84, 55869 }, // U+FB04
    { 15, 16, 261, 1, 16, 60, 55953 }, // U+FB05
    { 19, 16, 310, 0, 16, 76, 56013 }, // U+FB06
    { 20, 20, 333, 0, 17, 100, 56089 }, // U+FFFD
};

static const EpdUnicodeInterval notosans_10_boldIntervals[] = {
    { 0x0, 0x0, 0x0 },
    { 0xD, 0xD, 0x1 },
    { 0x20, 0x7E, 0x2 },
    { 0xA0, 0x17F, 0x61 },
    { 0x1A0, 0x1A1, 0x141 },
    { 0x1AF, 0x1B0, 0x143 },
    { 0x1C4, 0x21F, 0x145 },
    { 0x300, 0x377, 0x1A1 },
    { 0x37A, 0x37F, 0x219 },
    { 0x384, 0x38A, 0x21F },
    { 0x38C, 0x38C, 0x226 },
    { 0x38E, 0x3A1, 0x227 },
    { 0x3A3, 0x3E1, 0x23B },
    { 0x3F0, 0x4FF, 0x27A },
    { 0x1EA0, 0x1EF9, 0x38A },
    { 0x2000, 0x2064, 0x3E4 },
    { 0x2066, 0x2071, 0x449 },
    { 0x2074, 0x208E, 0x455 },
    { 0x2090, 0x209C, 0x470 },
    { 0x20A0, 0x20C0, 0x47D },
    { 0x2150, 0x215F, 0x49E },
    { 0x2183, 0x2184, 0x4AE },
    { 0x2189, 0x2189, 0x4B0 },
    { 0x2212, 0x2212, 0x4B1 },
    { 0xFB00, 0xFB06, 0x4B2 },
    { 0xFFFD, 0xFFFD, 0x4B9 },
};

static const EpdKernClassEntry notosans_10_boldKernLeftClasses[] = {
    { 0x0022, 1 }, // "
    { 0x0026, 2 }, // &
    { 0x0027, 1 }, // '
    { 0x0028, 3 }, // (
    { 0x002C, 4 }, // ,
    { 0x002D, 5 }, // -
    { 0x002E, 4 }, // .
    { 0x003A, 6 }, // :
    { 0x0041, 7 }, // A
    { 0x0042, 8 }, // B
    { 0x0043, 9 }, // C
    { 0x0044, 10 }, // D
    { 0x0045, 11 }, // E
    { 0x0046, 12 }, // F
    { 0x004B, 9 }, // K
    { 0x004C, 13 }, // L
    { 0x004F, 10 }, // O
    { 0x0050, 14 }, // P
    { 0x0051, 10 }, // Q
    { 0x0052, 15 }, // R
    { 0x0054, 16 }, // T
    { 0x0055, 17 }, // U
    { 0x0056, 18 }, // V
    { 0x0057, 18 }, // W
    { 0x0058, 9 }, // X
    { 0x0059, 19 }, // Y
    { 0x005A, 20 }, // Z
    { 0x005B, 3 }, // [
    { 0x005F, 21 }, // _
    { 0x0061, 22 }, // a
    { 0x0062, 23 }, // b
    { 0x0063, 24 }, // c
    { 0x0065, 23 }, // e
    { 0x0066, 25 }, // f
    { 0x0068, 22 }, // h
    { 0x006D, 22 }, // m
    { 0x006E, 22 }, // n
    { 0x006F, 23 }, // o
    { 0x0070, 23 }, // p
    { 0x0072, 26 }, // r
    { 0x0074, 24 }, // t
    { 0x0076, 27 }, // v
    { 0x0077, 27 }, // w
    { 0x0078, 28 }, // x
    { 0x0079, 27 }, // y
    { 0x007B, 3 }, // {
    { 0x00A1, 29 }, // U+00A1
    { 0x00AB, 30 }, // U+00AB
    { 0x00BB, 31 }, // U+00BB
    { 0x00BF, 32 }, // U+00BF
    { 0x00C0, 7 }, // U+00C0
    { 0x00C1, 7 }, // U+00C1
    { 0x00C2, 7 }, // U+00C2
    { 0x00C3, 7 }, // U+00C3
    { 0x00C4, 7 }, // U+00C4
    { 0x00C5, 7 }, // U+00C5
    { 0x00C6, 11 }, // U+00C6
    { 0x00C7, 9 }, // U+00C7
    { 0x00C8, 11 }, // U+00C8
    { 0x00C9, 11 }, // U+00C9
    { 0x00CA, 11 }, // U+00CA
    { 0x00CB, 11 }, // U+00CB
    { 0x00D0, 10 }, // U+00D0
    { 0x00D2, 10 }, // U+00D2
    { 0x00D3, 10 }, // U+00D3
    { 0x00D4, 10 }, // U+00D4
    { 0x00D5, 10 }, // U+00D5
    { 0x00D6, 10 }, // U+00D6
    { 0x00D8, 10 }, // U+00D8
    { 0x00D9, 17 }, // U+00D9
    { 0x00DA, 17 }, // U+00DA
    { 0x00DB, 17 }, // U+00DB
    { 0x00DC, 17 }, // U+00DC
    { 0x00DD, 19 }, // U+00DD
    { 0x00DE, 14 }, // U+00DE
    { 0x00E0, 22 }, // U+00E0
    { 0x00E1, 22 }, // U+00E1
    { 0x00E2, 22 }, // U+00E2
    { 0x00E3, 22 }, // U+00E3
    { 0x00E4, 22 }, // U+00E4
    { 0x00E5, 22 }, // U+00E5
    { 0x00E6, 23 }, // U+00E6
    { 0x00E8, 23 }, // U+00E8
    { 0x00E9, 23 }, // U+00E9
    { 0x00EA, 23 }, // U+00EA
    { 0x00EB, 23 }, // U+00EB
    { 0x00EE, 33 }, // U+00EE
    { 0x00EF, 33 }, // U+00EF
    { 0x00F0, 23 }, // U+00F0
    { 0x00F2, 23 }, // U+00F2
    { 0x00F3, 23 }, // U+00F3
    { 0x00F4, 23 }, // U+00F4
    { 0x00F5, 23 }, // U+00F5
    { 0x00F6, 23 }, // U+00F6
    { 0x00F8, 23 }, // U+00F8
    { 0x00FD, 27 }, // U+00FD
    { 0x00FE, 23 }, // U+00FE
    { 0x00FF, 27 }, // U+00FF
    { 0x0100, 7 }, // U+0100
    { 0x0101, 22 }, // U+0101
    { 0x0102, 7 }, // U+0102
    { 0x0103, 22 }, // U+0103
    { 0x0104, 34 }, // U+0104
    { 0x0105, 22 }, // U+0105
    { 0x0106, 9 }, // U+0106
    { 0x0108, 9 }, // U+0108
    { 0x010A, 9 }, // U+010A
    { 0x010C, 9 }, // U+010C
    { 0x010E, 10 }, // U+010E
    { 0x010F, 35 }, // U+010F
    { 0x0110, 10 }, // U+0110
    { 0x0112, 11 }, // U+0112
    { 0x0113, 23 }, // U+0113
    { 0x0114, 11 }, // U+0114
    { 0x0115, 23 }, // U+0115
    { 0x0116, 11 }, // U+0116
    { 0x0117, 23 }, // U+0117
    { 0x0118, 11 }, // U+0118
    { 0x0119, 23 }, // U+0119
    { 0x011A, 11 }, // U+011A
    { 0x011B, 23 }, // U+011B
    { 0x0125, 22 }, // U+0125
    { 0x0129, 36 }, // U+0129
    { 0x012B, 33 }, // U+012B
    { 0x012E, 37 }, // U+012E
    { 0x0136, 9 }, // U+0136
    { 0x0138, 28 }, // U+0138
    { 0x0139, 13 }, // U+0139
    { 0x013B, 13 }, // U+013B
    { 0x013D, 13 }, // U+013D
    { 0x013E, 35 }, // U+013E
    { 0x013F, 13 }, // U+013F
    { 0x0141, 13 }, // U+0141
    { 0x0144, 22 }, // U+0144
    { 0x0146, 22 }, // U+0146
    { 0x0149, 22 }, // U+0149
    { 0x014B, 22 }, // U+014B
    { 0x014C, 10 }, // U+014C
    { 0x014D, 23 }, // U+014D
    { 0x014E, 10 }, // U+014E
    { 0x014F, 23 }, // U+014F
    { 0x0150, 10 }, // U+0150
    { 0x0151, 23 }, // U+0151
    { 0x0152, 11 }, // U+0152
    { 0x0153, 23 }, // U+0153
    { 0x0155, 26 }, // U+0155
    { 0x0157, 26 }, // U+0157
    { 0x0159, 26 }, // U+0159
    { 0x0162, 16 }, // U+0162
    { 0x0163, 24 }, // U+0163
    { 0x0164, 16 }, // U+0164
    { 0x0165, 38 }, // U+0165
    { 0x0166, 16 }, // U+0166
    { 0x0167, 24 }, // U+0167
    { 0x0168, 17 }, // U+0168
    { 0x016A, 17 }, // U+016A
    { 0x016C, 17 }, // U+016C
    { 0x016E, 17 }, // U+016E
    { 0x0170, 17 }, // U+0170
    { 0x0172, 17 }, // U+0172
    { 0x0174, 18 }, // U+0174
    { 0x0175, 27 }, // U+0175
    { 0x0176, 19 }, // U+0176
    { 0x0177, 27 }, // U+0177
    { 0x0178, 19 }, // U+0178
    { 0x0179, 20 }, // U+0179
    { 0x017B, 20 }, // U+017B
    { 0x017D, 20 }, // U+017D
    { 0x01A0, 39 }, // U+01A0
    { 0x01A1, 40 }, // U+01A1
    { 0x01AF, 41 }, // U+01AF
    { 0x01B0, 42 }, // U+01B0
    { 0x01FA, 7 }, // U+01FA
    { 0x01FB, 22 }, // U+01FB
    { 0x01FC, 11 }, // U+01FC
    { 0x01FD, 23 }, // U+01FD
    { 0x01FE, 10 }, // U+01FE
    { 0x020B, 33 }, // U+020B
    { 0x021A, 16 }, // U+021A
    { 0x021B, 24 }, // U+021B
    { 0x0384, 43 }, // U+0384
    { 0x0385, 8 }, // U+0385
    { 0x0386, 43 }, // U+0386
    { 0x038C, 44 }, // U+038C
    { 0x038E, 45 }, // U+038E
    { 0x0390, 46 }, // U+0390
    { 0x0391, 43 }, // U+0391
    { 0x0392, 8 }, // U+0392
    { 0x0393, 47 }, // U+0393
    { 0x0394, 43 }, // U+0394
    { 0x0396, 48 }, // U+0396
    { 0x0398, 44 }, // U+0398
    { 0x039A, 49 }, // U+039A
    { 0x039B, 43 }, // U+039B
    { 0x039F, 44 }, // U+039F
    { 0x03A3, 48 }, // U+03A3
    { 0x03A4, 50 }, // U+03A4
    { 0x03A5, 45 }, // U+03A5
    { 0x03A6, 44 }, // U+03A6
    { 0x03A8, 45 }, // U+03A8
    { 0x03AB, 45 }, // U+03AB
    { 0x03AC, 51 }, // U+03AC
    { 0x03AD, 52 }, // U+03AD
    { 0x03AE, 53 }, // U+03AE
    { 0x03AF, 46 }, // U+03AF
    { 0x03B0, 54 }, // U+03B0
    { 0x03B1, 51 }, // U+03B1
    { 0x03B2, 55 }, // U+03B2
    { 0x03B3, 56 }, // U+03B3
    { 0x03B4, 57 }, // U+03B4
    { 0x03B5, 52 }, // U+03B5
    { 0x03B6, 58 }, // U+03B6
    { 0x03B7, 53 }, // U+03B7
    { 0x03B8, 59 }, // U+03B8
    { 0x03B9, 46 }, // U+03B9
    { 0x03BB, 60 }, // U+03BB
    { 0x03BC, 51 }, // U+03BC
    { 0x03BD, 56 }, // U+03BD
    { 0x03BE, 61 }, // U+03BE
    { 0x03BF, 57 }, // U+03BF
    { 0x03C0, 52 }, // U+03C0
    { 0x03C1, 57 }, // U+03C1
    { 0x03C3, 62 }, // U+03C3
    { 0x03C4, 63 }, // U+03C4
    { 0x03C5, 54 }, // U+03C5
    { 0x03C6, 57 }, // U+03C6
    { 0x03C7, 64 }, // U+03C7
    { 0x03C8, 54 }, // U+03C8
    { 0x03C9, 57 }, // U+03C9
    { 0x03CA, 46 }, // U+03CA
    { 0x03CB, 54 }, // U+03CB
    { 0x03CC, 57 }, // U+03CC
    { 0x03CD, 54 }, // U+03CD
    { 0x03CE, 57 }, // U+03CE
    { 0x03CF, 49 }, // U+03CF
    { 0x03D5, 57 }, // U+03D5
    { 0x0400, 65 }, // U+0400
    { 0x0401, 65 }, // U+0401
    { 0x0402, 66 }, // U+0402
    { 0x0403, 67 }, // U+0403
    { 0x0404, 68 }, // U+0404
    { 0x0405, 69 }, // U+0405
    { 0x0409, 70 }, // U+0409
    { 0x040A, 70 }, // U+040A
    { 0x040B, 66 }, // U+040B
    { 0x040C, 71 }, // U+040C
    { 0x040E, 72 }, // U+040E
    { 0x0410, 73 }, // U+0410
    { 0x0411, 74 }, // U+0411
    { 0x0412, 75 }, // U+0412
    { 0x0413, 67 }, // U+0413
    { 0x0414, 76 }, // U+0414
    { 0x0415, 65 }, // U+0415
    { 0x0416, 71 }, // U+0416
    { 0x0417, 75 }, // U+0417
    { 0x041A, 71 }, // U+041A
    { 0x041E, 77 }, // U+041E
    { 0x0420, 78 }, // U+0420
    { 0x0421, 68 }, // U+0421
    { 0x0422, 67 }, // U+0422
    { 0x0423, 72 }, // U+0423
    { 0x0424, 79 }, // U+0424
    { 0x0425, 71 }, // U+0425
    { 0x0426, 76 }, // U+0426
    { 0x0429, 76 }, // U+0429
    { 0x042A, 70 }, // U+042A
    { 0x042C, 70 }, // U+042C
    { 0x042D, 77 }, // U+042D
    { 0x042E, 77 }, // U+042E
    { 0x0430, 80 }, // U+0430
    { 0x0431, 81 }, // U+0431
    { 0x0432, 82 }, // U+0432
    { 0x0433, 83 }, // U+0433
    { 0x0434, 84 }, // U+0434
    { 0x0435, 85 }, // U+0435
    { 0x0436, 86 }, // U+0436
    { 0x0437, 82 }, // U+0437
    { 0x0438, 87 }, // U+0438
    { 0x0439, 87 }, // U+0439
    { 0x043A, 86 }, // U+043A
    { 0x043B, 87 }, // U+043B
    { 0x043C, 87 }, // U+043C
    { 0x043D, 87 }, // U+043D
    { 0x043E, 85 }, // U+043E
    { 0x043F, 87 }, // U+043F
    { 0x0440, 85 }, // U+0440
    { 0x0441, 88 }, // U+0441
    { 0x0442, 83 }, // U+0442
    { 0x0443, 89 }, // U+0443
    { 0x0444, 85 }, // U+0444
    { 0x0445, 86 }, // U+0445
    { 0x0446, 84 }, // U+0446
    { 0x0447, 87 }, // U+0447
    { 0x0448, 87 }, // U+0448
    { 0x0449, 84 }, // U+0449
    { 0x044A, 90 }, // U+044A
    { 0x044B, 87 }, // U+044B
    { 0x044C, 90 }, // U+044C
    { 0x044D, 85 }, // U+044D
    { 0x044E, 85 }, // U+044E
    { 0x044F, 87 }, // U+044F
    { 0x0450, 85 }, // U+0450
    { 0x0451, 85 }, // U+0451
    { 0x0452, 91 }, // U+0452
    { 0x0453, 92 }, // U+0453
    { 0x0454, 88 }, // U+0454
    { 0x0455, 93 }, // U+0455
    { 0x0457, 94 }, // U+0457
    { 0x0458, 95 }, // U+0458
    { 0x0459, 90 }, // U+0459
    { 0x045A, 90 }, // U+045A
    { 0x045B, 96 }, // U+045B
    { 0x045C, 86 }, // U+045C
    { 0x045D, 87 }, // U+045D
    { 0x045E, 89 }, // U+045E
    { 0x045F, 87 }, // U+045F
    { 0x0460, 77 }, // U+0460
    { 0x0461, 97 }, // U+0461
    { 0x0462, 98 }, // U+0462
    { 0x0463, 90 }, // U+0463
    { 0x0464, 68 }, // U+0464
    { 0x0465, 88 }, // U+0465
    { 0x0466, 73 }, // U+0466
    { 0x0467, 99 }, // U+0467
    { 0x0468, 73 }, // U+0468
    { 0x0469, 99 }, // U+0469
    { 0x046E, 100 }, // U+046E
    { 0x0471, 85 }, // U+0471
    { 0x0472, 77 }, // U+0472
    { 0x0473, 85 }, // U+0473
    { 0x0474, 72 }, // U+0474
    { 0x0475, 97 }, // U+0475
    { 0x0476, 72 }, // U+0476
    { 0x0477, 97 }, // U+0477
    { 0x0478, 89 }, // U+0478
    { 0x0479, 89 }, // U+0479
    { 0x047A, 77 }, // U+047A
    { 0x047B, 85 }, // U+047B
    { 0x047C, 77 }, // U+047C
    { 0x047D, 85 }, // U+047D
    { 0x047E, 77 }, // U+047E
    { 0x047F, 97 }, // U+047F
    { 0x0480, 68 }, // U+0480
    { 0x048A, 76 }, // U+048A
    { 0x048B, 84 }, // U+048B
    { 0x048C, 98 }, // U+048C
    { 0x048D, 90 }, // U+048D
    { 0x048E, 78 }, // U+048E
    { 0x048F, 85 }, // U+048F
    { 0x0490, 101 }, // U+0490
    { 0x0491, 102 }, // U+0491
    { 0x0492, 103 }, // U+0492
    { 0x0493, 104 }, // U+0493
    { 0x0496, 105 }, // U+0496
    { 0x0497, 106 }, // U+0497
    { 0x0498, 100 }, // U+0498
    { 0x0499, 82 }, // U+0499
    { 0x049A, 105 }, // U+049A
    { 0x049B, 106 }, // U+049B
    { 0x049C, 71 }, // U+049C
    { 0x049D, 86 }, // U+049D
    { 0x049E, 71 }, // U+049E
    { 0x049F, 86 }, // U+049F
    { 0x04A0, 71 }, // U+04A0
    { 0x04A1, 86 }, // U+04A1
    { 0x04A2, 76 }, // U+04A2
    { 0x04A3, 84 }, // U+04A3
    { 0x04A4, 103 }, // U+04A4
    { 0x04A5, 102 }, // U+04A5
    { 0x04A9, 85 }, // U+04A9
    { 0x04AA, 68 }, // U+04AA
    { 0x04AB, 88 }, // U+04AB
    { 0x04AC, 101 }, // U+04AC
    { 0x04AD, 102 }, // U+04AD
    { 0x04AE, 107 }, // U+04AE
    { 0x04AF, 108 }, // U+04AF
    { 0x04B0, 107 }, // U+04B0
    { 0x04B1, 108 }, // U+04B1
    { 0x04B2, 105 }, // U+04B2
    { 0x04B3, 106 }, // U+04B3
    { 0x04B4, 76 }, // U+04B4
    { 0x04B5, 84 }, // U+04B5
    { 0x04B6, 76 }, // U+04B6
    { 0x04B7, 84 }, // U+04B7
    { 0x04BC, 109 }, // U+04BC
    { 0x04BD, 110 }, // U+04BD
    { 0x04BE, 109 }, // U+04BE
    { 0x04BF, 110 }, // U+04BF
    { 0x04C1, 71 }, // U+04C1
    { 0x04C2, 86 }, // U+04C2
    { 0x04C5, 76 }, // U+04C5
    { 0x04C6, 84 }, // U+04C6
    { 0x04C9, 76 }, // U+04C9
    { 0x04CA, 84 }, // U+04CA
    { 0x04CD, 76 }, // U+04CD
    { 0x04CE, 84 }, // U+04CE
    { 0x04D0, 73 }, // U+04D0
    { 0x04D1, 80 }, // U+04D1
    { 0x04D2, 73 }, // U+04D2
    { 0x04D3, 80 }, // U+04D3
    { 0x04D4, 65 }, // U+04D4
    { 0x04D5, 110 }, // U+04D5
    { 0x04D6, 65 }, // U+04D6
    { 0x04D7, 110 }, // U+04D7
    { 0x04D8, 77 }, // U+04D8
    { 0x04D9, 85 }, // U+04D9
    { 0x04DA, 77 }, // U+04DA
    { 0x04DB, 85 }, // U+04DB
    { 0x04DC, 71 }, // U+04DC
    { 0x04DD, 86 }, // U+04DD
    { 0x04DE, 100 }, // U+04DE
    { 0x04DF, 82 }, // U+04DF
    { 0x04E3, 87 }, // U+04E3
    { 0x04E5, 87 }, // U+04E5
    { 0x04E6, 77 }, // U+04E6
    { 0x04E7, 85 }, // U+04E7
    { 0x04E8, 77 }, // U+04E8
    { 0x04E9, 85 }, // U+04E9
    { 0x04EA, 77 }, // U+04EA
    { 0x04EB, 85 }, // U+04EB
    { 0x04EC, 77 }, // U+04EC
    { 0x04ED, 85 }, // U+04ED
    { 0x04EE, 72 }, // U+04EE
    { 0x04EF, 89 }, // U+04EF
    { 0x04F0, 72 }, // U+04F0
    { 0x04F1, 89 }, // U+04F1
    { 0x04F2, 72 }, // U+04F2
    { 0x04F3, 89 }, // U+04F3
    { 0x04F5, 87 }, // U+04F5
    { 0x04F6, 101 }, // U+04F6
    { 0x04F7, 102 }, // U+04F7
    { 0x04F9, 87 }, // U+04F9
    { 0x04FA, 103 }, // U+04FA
    { 0x04FB, 104 }, // U+04FB
    { 0x04FC, 105 }, // U+04FC
    { 0x04FD, 106 }, // U+04FD
    { 0x04FE, 71 }, // U+04FE
    { 0x04FF, 106 }, // U+04FF
    { 0x1EA0, 7 }, // U+1EA0
    { 0x1EA1, 22 }, // U+1EA1
    { 0x1EA2, 7 }, // U+1EA2
    { 0x1EA3, 22 }, // U+1EA3
    { 0x1EA4, 7 }, // U+1EA4
    { 0x1EA5, 22 }, // U+1EA5
    { 0x1EA6, 7 }, // U+1EA6
    { 0x1EA7, 22 }, // U+1EA7
    { 0x1EA8, 7 }, // U+1EA8
    { 0x1EA9, 22 }, // U+1EA9
    { 0x1EAA, 7 }, // U+1EAA
    { 0x1EAB, 22 }, // U+1EAB
    { 0x1EAC, 7 }, // U+1EAC
    { 0x1EAD, 22 }, // U+1EAD
    { 0x1EAE, 7 }, // U+1EAE
    { 0x1EAF, 22 }, // U+1EAF
    { 0x1EB0, 7 }, // U+1EB0
    { 0x1EB1, 22 }, // U+1EB1
    { 0x1EB2, 7 }, // U+1EB2
    { 0x1EB3, 22 }, // U+1EB3
    { 0x1EB4, 7 }, // U+1EB4
    { 0x1EB5, 22 }, // U+1EB5
    { 0x1EB6, 7 }, // U+1EB6
    { 0x1EB7, 22 }, // U+1EB7
    { 0x1EB8, 11 }, // U+1EB8
    { 0x1EB9, 23 }, // U+1EB9
    { 0x1EBA, 11 }, // U+1EBA
    { 0x1EBB, 23 }, // U+1EBB
    { 0x1EBC, 11 }, // U+1EBC
    { 0x1EBD, 23 }, // U+1EBD
    { 0x1EBE, 11 }, // U+1EBE
    { 0x1EBF, 23 }, // U+1EBF
    { 0x1EC0, 11 }, // U+1EC0
    { 0x1EC1, 23 }, // U+1EC1
    { 0x1EC2, 11 }, // U+1EC2
    { 0x1EC3, 23 }, // U+1EC3
    { 0x1EC4, 11 }, // U+1EC4
    { 0x1EC5, 23 }, // U+1EC5
    { 0x1EC6, 11 }, // U+1EC6
    { 0x1EC7, 23 }, // U+1EC7
    { 0x1ECC, 10 }, // U+1ECC
    { 0x1ECD, 23 }, // U+1ECD
    { 0x1ECE, 10 }, // U+1ECE
    { 0x1ECF, 23 }, // U+1ECF
    { 0x1ED0, 10 }, // U+1ED0
    { 0x1ED1, 23 }, // U+1ED1
    { 0x1ED2, 10 }, // U+1ED2
    { 0x1ED3, 23 }, // U+1ED3
    { 0x1ED4, 10 }, // U+1ED4
    { 0x1ED5, 23 }, // U+1ED5
    { 0x1ED6, 10 }, // U+1ED6
    { 0x1ED7, 23 }, // U+1ED7
    { 0x1ED8, 10 }, // U+1ED8
    { 0x1ED9, 23 }, // U+1ED9
    { 0x1EDA, 39 }, // U+1EDA
    { 0x1EDB, 40 }, // U+1EDB
    { 0x1EDC, 39 }, // U+1EDC
    { 0x1EDD, 40 }, // U+1EDD
    { 0x1EDE, 39 }, // U+1EDE
    { 0x1EDF, 40 }, // U+1EDF
    { 0x1EE0, 39 }, // U+1EE0
    { 0x1EE1, 40 }, // U+1EE1
    { 0x1EE2, 39 }, // U+1EE2
    { 0x1EE3, 40 }, // U+1EE3
    { 0x1EE4, 17 }, // U+1EE4
    { 0x1EE6, 17 }, // U+1EE6
    { 0x1EE8, 41 }, // U+1EE8
    { 0x1EE9, 42 }, // U+1EE9
    { 0x1EEA, 41 }, // U+1EEA
    { 0x1EEB, 42 }, // U+1EEB
    { 0x1EEC, 41 }, // U+1EEC
    { 0x1EED, 42 }, // U+1EED
    { 0x1EEE, 41 }, // U+1EEE
    { 0x1EEF, 42 }, // U+1EEF
    { 0x1EF0, 41 }, // U+1EF0
    { 0x1EF1, 42 }, // U+1EF1
    { 0x1EF2, 19 }, // U+1EF2
    { 0x1EF3, 27 }, // U+1EF3
    { 0x1EF4, 19 }, // U+1EF4
    { 0x1EF5, 27 }, // U+1EF5
    { 0x1EF6, 19 }, // U+1EF6
    { 0x1EF7, 27 }, // U+1EF7
    { 0x1EF8, 19 }, // U+1EF8
    { 0x1EF9, 27 }, // U+1EF9
    { 0x2013, 5 }, // U+2013
    { 0x2014, 5 }, // U+2014
    { 0x2015, 5 }, // U+2015
    { 0x2018, 1 }, // U+2018
    { 0x2019, 1 }, // U+2019
    { 0x201A, 4 }, // U+201A
    { 0x201C, 1 }, // U+201C
    { 0x201D, 1 }, // U+201D
    { 0x201E, 4 }, // U+201E
    { 0x2039, 30 }, // U+2039
    { 0x203A, 31 }, // U+203A
    { 0xFB00, 25 }, // U+FB00
};

static const EpdKernClassEntry notosans_10_boldKernRightClasses[] = {
    { 0x0021, 1 }, // !
    { 0x0022, 2 }, // "
    { 0x0026, 3 }, // &
    { 0x0027, 2 }, // '
    { 0x0029, 4 }, // )
    { 0x002C, 5 }, // ,
    { 0x002D, 6 }, // -
    { 0x002E, 5 }, // .
    { 0x003A, 7 }, // :
    { 0x003B, 7 }, // ;
    { 0x003F, 8 }, // ?
    { 0x0041, 9 }, // A
    { 0x0043, 10 }, // C
    { 0x0047, 10 }, // G
    { 0x0049, 11 }, // I
    { 0x004A, 12 }, // J
    { 0x004F, 10 }, // O
    { 0x0051, 10 }, // Q
    { 0x0054, 13 }, // T
    { 0x0055, 14 }, // U
    { 0x0056, 15 }, // V
    { 0x0057, 15 }, // W
    { 0x0058, 16 }, // X
    { 0x0059, 17 }, // Y
    { 0x005A, 18 }, // Z
    { 0x005D, 4 }, // ]
    { 0x0061, 19 }, // a
    { 0x0062, 20 }, // b
    { 0x0063, 21 }, // c
    { 0x0064, 21 }, // d
    { 0x0065, 21 }, // e
    { 0x0066, 22 }, // f
    { 0x0067, 23 }, // g
    { 0x0068, 20 }, // h
    { 0x006A, 24 }, // j
    { 0x006B, 20 }, // k
    { 0x006C, 20 }, // l
    { 0x006D, 25 }, // m
    { 0x006E, 25 }, // n
    { 0x006F, 21 }, // o
    { 0x0070, 25 }, // p
    { 0x0071, 21 }, // q
    { 0x0072, 25 }, // r
    { 0x0073, 26 }, // s
    { 0x0074, 22 }, // t
    { 0x0075, 25 }, // u
    { 0x0076, 27 }, // v
    { 0x0077, 27 }, // w
    { 0x0078, 27 }, // x
    { 0x0079, 27 }, // y
    { 0x007A, 28 }, // z
    { 0x007D, 4 }, // }
    { 0x00AB, 29 }, // U+00AB
    { 0x00BB, 30 }, // U+00BB
    { 0x00C0, 9 }, // U+00C0
    { 0x00C1, 9 }, // U+00C1
    { 0x00C2, 9 }, // U+00C2
    { 0x00C3, 9 }, // U+00C3
    { 0x00C4, 9 }, // U+00C4
    { 0x00C5, 9 }, // U+00C5
    { 0x00C6, 31 }, // U+00C6
    { 0x00C7, 10 }, // U+00C7
    { 0x00D2, 10 }, // U+00D2
    { 0x00D3, 10 }, // U+00D3
    { 0x00D4, 10 }, // U+00D4
    { 0x00D5, 10 }, // U+00D5
    { 0x00D6, 10 }, // U+00D6
    { 0x00D8, 10 }, // U+00D8
    { 0x00D9, 14 }, // U+00D9
    { 0x00DA, 14 }, // U+00DA
    { 0x00DB, 14 }, // U+00DB
    { 0x00DC, 14 }, // U+00DC
    { 0x00DD, 17 }, // U+00DD
    { 0x00E0, 21 }, // U+00E0
    { 0x00E1, 19 }, // U+00E1
    { 0x00E2, 19 }, // U+00E2
    { 0x00E3, 19 }, // U+00E3
    { 0x00E4, 19 }, // U+00E4
    { 0x00E5, 19 }, // U+00E5
    { 0x00E6, 19 }, // U+00E6
    { 0x00E7, 21 }, // U+00E7
    { 0x00E8, 21 }, // U+00E8
    { 0x00E9, 21 }, // U+00E9
    { 0x00EA, 21 }, // U+00EA
    { 0x00EB, 21 }, // U+00EB
    { 0x00F2, 21 }, // U+00F2
    { 0x00F3, 21 }, // U+00F3
    { 0x00F4, 21 }, // U+00F4
    { 0x00F5, 21 }, // U+00F5
    { 0x00F6, 21 }, // U+00F6
    { 0x00F8, 21 }, // U+00F8
    { 0x00F9, 25 }, // U+00F9
    { 0x00FA, 25 }, // U+00FA
    { 0x00FB, 25 }, // U+00FB
    { 0x00FC, 25 }, // U+00FC
    { 0x00FD, 27 }, // U+00FD
    { 0x00FE, 20 }, // U+00FE
    { 0x00FF, 27 }, // U+00FF
    { 0x0100, 9 }, // U+0100
    { 0x0101, 19 }, // U+0101
    { 0x0102, 9 }, // U+0102
    { 0x0103, 19 }, // U+0103
    { 0x0104, 9 }, // U+0104
    { 0x0105, 19 }, // U+0105
    { 0x0106, 10 }, // U+0106
    { 0x0107, 21 }, // U+0107
    { 0x0108, 10 }, // U+0108
    { 0x0109, 21 }, // U+0109
    { 0x010A, 10 }, // U+010A
    { 0x010B, 21 }, // U+010B
    { 0x010C, 10 }, // U+010C
    { 0x010D, 21 }, // U+010D
    { 0x010F, 21 }, // U+010F
    { 0x0111, 21 }, // U+0111
    { 0x0113, 21 }, // U+0113
    { 0x0115, 21 }, // U+0115
    { 0x0117, 21 }, // U+0117
    { 0x0119, 21 }, // U+0119
    { 0x011B, 21 }, // U+011B
    { 0x011C, 10 }, // U+011C
    { 0x011D, 23 }, // U+011D
    { 0x011E, 10 }, // U+011E
    { 0x011F, 23 }, // U+011F
    { 0x0120, 10 }, // U+0120
    { 0x0121, 23 }, // U+0121
    { 0x0122, 10 }, // U+0122
    { 0x0123, 23 }, // U+0123
    { 0x0125, 20 }, // U+0125
    { 0x0127, 32 }, // U+0127
    { 0x0129, 33 }, // U+0129
    { 0x0137, 20 }, // U+0137
    { 0x0138, 25 }, // U+0138
    { 0x013A, 20 }, // U+013A
    { 0x013C, 20 }, // U+013C
    { 0x013E, 20 }, // U+013E
    { 0x0140, 20 }, // U+0140
    { 0x0144, 25 }, // U+0144
    { 0x0146, 25 }, // U+0146
    { 0x014B, 25 }, // U+014B
    { 0x014C, 10 }, // U+014C
    { 0x014D, 21 }, // U+014D
    { 0x014E, 10 }, // U+014E
    { 0x014F, 21 }, // U+014F
    { 0x0150, 10 }, // U+0150
    { 0x0151, 21 }, // U+0151
    { 0x0152, 10 }, // U+0152
    { 0x0153, 21 }, // U+0153
    { 0x0155, 25 }, // U+0155
    { 0x0157, 25 }, // U+0157
    { 0x015B, 26 }, // U+015B
    { 0x015F, 26 }, // U+015F
    { 0x0162, 13 }, // U+0162
    { 0x0163, 22 }, // U+0163
    { 0x0164, 13 }, // U+0164
    { 0x0165, 22 }, // U+0165
    { 0x0166, 13 }, // U+0166
    { 0x0167, 22 }, // U+0167
    { 0x0168, 14 }, // U+0168
    { 0x0169, 25 }, // U+0169
    { 0x016A, 14 }, // U+016A
    { 0x016B, 25 }, // U+016B
    { 0x016C, 14 }, // U+016C
    { 0x016D, 25 }, // U+016D
    { 0x016E, 14 }, // U+016E
    { 0x016F, 25 }, // U+016F
    { 0x0170, 14 }, // U+0170
    { 0x0171, 25 }, // U+0171
    { 0x0172, 14 }, // U+0172
    { 0x0173, 25 }, // U+0173
    { 0x0174, 15 }, // U+0174
    { 0x0175, 27 }, // U+0175
    { 0x0176, 17 }, // U+0176
    { 0x0177, 27 }, // U+0177
    { 0x0178, 17 }, // U+0178
    { 0x0179, 18 }, // U+0179
    { 0x017A, 28 }, // U+017A
    { 0x017B, 18 }, // U+017B
    { 0x017C, 28 }, // U+017C
    { 0x017D, 18 }, // U+017D
    { 0x017E, 28 }, // U+017E
    { 0x01A0, 10 }, // U+01A0
    { 0x01A1, 21 }, // U+01A1
    { 0x01AF, 14 }, // U+01AF
    { 0x01B0, 25 }, // U+01B0
    { 0x01FA, 9 }, // U+01FA
    { 0x01FB, 19 }, // U+01FB
    { 0x01FC, 31 }, // U+01FC
    { 0x01FD, 19 }, // U+01FD
    { 0x01FE, 10 }, // U+01FE
    { 0x01FF, 21 }, // U+01FF
    { 0x0219, 26 }, // U+0219
    { 0x021A, 13 }, // U+021A
    { 0x021B, 22 }, // U+021B
    { 0x0384, 34 }, // U+0384
    { 0x0386, 34 }, // U+0386
    { 0x038C, 35 }, // U+038C
    { 0x038E, 36 }, // U+038E
    { 0x0390, 37 }, // U+0390
    { 0x0391, 34 }, // U+0391
    { 0x0394, 34 }, // U+0394
    { 0x0396, 38 }, // U+0396
    { 0x0398, 35 }, // U+0398
    { 0x039B, 34 }, // U+039B
    { 0x039F, 35 }, // U+039F
    { 0x03A3, 38 }, // U+03A3
    { 0x03A4, 39 }, // U+03A4
    { 0x03A5, 36 }, // U+03A5
    { 0x03A6, 35 }, // U+03A6
    { 0x03A7, 40 }, // U+03A7
    { 0x03A8, 36 }, // U+03A8
    { 0x03AB, 36 }, // U+03AB
    { 0x03AC, 41 }, // U+03AC
    { 0x03AD, 42 }, // U+03AD
    { 0x03AF, 37 }, // U+03AF
    { 0x03B0, 43 }, // U+03B0
    { 0x03B1, 41 }, // U+03B1
    { 0x03B2, 44 }, // U+03B2
    { 0x03B3, 45 }, // U+03B3
    { 0x03B4, 41 }, // U+03B4
    { 0x03B5, 42 }, // U+03B5
    { 0x03B6, 46 }, // U+03B6
    { 0x03B8, 47 }, // U+03B8
    { 0x03B9, 37 }, // U+03B9
    { 0x03BA, 44 }, // U+03BA
    { 0x03BB, 48 }, // U+03BB
    { 0x03BC, 44 }, // U+03BC
    { 0x03BD, 45 }, // U+03BD
    { 0x03BE, 49 }, // U+03BE
    { 0x03BF, 41 }, // U+03BF
    { 0x03C0, 50 }, // U+03C0
    { 0x03C1, 44 }, // U+03C1
    { 0x03C2, 41 }, // U+03C2
    { 0x03C3, 41 }, // U+03C3
    { 0x03C4, 51 }, // U+03C4
    { 0x03C5, 43 }, // U+03C5
    { 0x03C6, 41 }, // U+03C6
    { 0x03C7, 52 }, // U+03C7
    { 0x03C8, 43 }, // U+03C8
    { 0x03C9, 41 }, // U+03C9
    { 0x03CA, 37 }, // U+03CA
    { 0x03CB, 43 }, // U+03CB
    { 0x03CC, 41 }, // U+03CC
    { 0x03CD, 43 }, // U+03CD
    { 0x03CE, 41 }, // U+03CE
    { 0x03D5, 41 }, // U+03D5
    { 0x0402, 53 }, // U+0402
    { 0x0404, 54 }, // U+0404
    { 0x0405, 55 }, // U+0405
    { 0x0408, 56 }, // U+0408
    { 0x0409, 57 }, // U+0409
    { 0x040B, 53 }, // U+040B
    { 0x040E, 58 }, // U+040E
    { 0x0410, 59 }, // U+0410
    { 0x0414, 60 }, // U+0414
    { 0x0416, 61 }, // U+0416
    { 0x0417, 62 }, // U+0417
    { 0x041B, 57 }, // U+041B
    { 0x041E, 54 }, // U+041E
    { 0x0421, 54 }, // U+0421
    { 0x0422, 53 }, // U+0422
    { 0x0423, 58 }, // U+0423
    { 0x0424, 63 }, // U+0424
    { 0x0425, 61 }, // U+0425
    { 0x0427, 64 }, // U+0427
    { 0x042A, 53 }, // U+042A
    { 0x042D, 62 }, // U+042D
    { 0x042F, 65 }, // U+042F
    { 0x0430, 66 }, // U+0430
    { 0x0431, 67 }, // U+0431
    { 0x0432, 68 }, // U+0432
    { 0x0433, 68 }, // U+0433
    { 0x0434, 69 }, // U+0434
    { 0x0435, 70 }, // U+0435
    { 0x0436, 71 }, // U+0436
    { 0x0437, 72 }, // U+0437
    { 0x0438, 68 }, // U+0438
    { 0x0439, 68 }, // U+0439
    { 0x043A, 68 }, // U+043A
    { 0x043B, 73 }, // U+043B
    { 0x043C, 68 }, // U+043C
    { 0x043D, 68 }, // U+043D
    { 0x043E, 70 }, // U+043E
    { 0x043F, 68 }, // U+043F
    { 0x0440, 68 }, // U+0440
    { 0x0441, 70 }, // U+0441
    { 0x0442, 74 }, // U+0442
    { 0x0443, 75 }, // U+0443
    { 0x0444, 70 }, // U+0444
    { 0x0445, 71 }, // U+0445
    { 0x0446, 68 }, // U+0446
    { 0x0447, 76 }, // U+0447
    { 0x0448, 68 }, // U+0448
    { 0x0449, 68 }, // U+0449
    { 0x044A, 74 }, // U+044A
    { 0x044B, 68 }, // U+044B
    { 0x044C, 68 }, // U+044C
    { 0x044D, 72 }, // U+044D
    { 0x044E, 68 }, // U+044E
    { 0x044F, 77 }, // U+044F
    { 0x0450, 70 }, // U+0450
    { 0x0451, 70 }, // U+0451
    { 0x0452, 78 }, // U+0452
    { 0x0453, 68 }, // U+0453
    { 0x0454, 70 }, // U+0454
    { 0x0455, 79 }, // U+0455
    { 0x0457, 80 }, // U+0457
    { 0x0458, 81 }, // U+0458
    { 0x0459, 73 }, // U+0459
    { 0x045A, 68 }, // U+045A
    { 0x045B, 78 }, // U+045B
    { 0x045C, 68 }, // U+045C
    { 0x045D, 68 }, // U+045D
    { 0x045E, 75 }, // U+045E
    { 0x045F, 68 }, // U+045F
    { 0x0460, 82 }, // U+0460
    { 0x0461, 83 }, // U+0461
    { 0x0462, 84 }, // U+0462
    { 0x0465, 85 }, // U+0465
    { 0x0466, 59 }, // U+0466
    { 0x0467, 69 }, // U+0467
    { 0x0469, 85 }, // U+0469
    { 0x046D, 85 }, // U+046D
    { 0x046E, 62 }, // U+046E
    { 0x0470, 64 }, // U+0470
    { 0x0472, 82 }, // U+0472
    { 0x0473, 66 }, // U+0473
    { 0x0474, 86 }, // U+0474
    { 0x0475, 83 }, // U+0475
    { 0x0476, 86 }, // U+0476
    { 0x0477, 83 }, // U+0477
    { 0x0478, 82 }, // U+0478
    { 0x0479, 66 }, // U+0479
    { 0x047A, 82 }, // U+047A
    { 0x047B, 66 }, // U+047B
    { 0x047C, 82 }, // U+047C
    { 0x047D, 66 }, // U+047D
    { 0x047E, 82 }, // U+047E
    { 0x047F, 83 }, // U+047F
    { 0x0480, 82 }, // U+0480
    { 0x0481, 66 }, // U+0481
    { 0x048B, 85 }, // U+048B
    { 0x048C, 84 }, // U+048C
    { 0x048D, 78 }, // U+048D
    { 0x048F, 85 }, // U+048F
    { 0x0491, 85 }, // U+0491
    { 0x0492, 84 }, // U+0492
    { 0x0495, 85 }, // U+0495
    { 0x0496, 61 }, // U+0496
    { 0x0497, 71 }, // U+0497
    { 0x0498, 62 }, // U+0498
    { 0x0499, 72 }, // U+0499
    { 0x049B, 85 }, // U+049B
    { 0x049D, 85 }, // U+049D
    { 0x049F, 78 }, // U+049F
    { 0x04A0, 87 }, // U+04A0
    { 0x04A1, 74 }, // U+04A1
    { 0x04A3, 85 }, // U+04A3
    { 0x04A5, 85 }, // U+04A5
    { 0x04A7, 85 }, // U+04A7
    { 0x04A8, 82 }, // U+04A8
    { 0x04A9, 66 }, // U+04A9
    { 0x04AA, 82 }, // U+04AA
    { 0x04AB, 66 }, // U+04AB
    { 0x04AC, 53 }, // U+04AC
    { 0x04AD, 74 }, // U+04AD
    { 0x04AE, 88 }, // U+04AE
    { 0x04AF, 89 }, // U+04AF
    { 0x04B0, 88 }, // U+04B0
    { 0x04B1, 89 }, // U+04B1
    { 0x04B2, 61 }, // U+04B2
    { 0x04B3, 71 }, // U+04B3
    { 0x04B4, 87 }, // U+04B4
    { 0x04B5, 74 }, // U+04B5
    { 0x04B6, 64 }, // U+04B6
    { 0x04B7, 76 }, // U+04B7
    { 0x04B8, 64 }, // U+04B8
    { 0x04B9, 76 }, // U+04B9
    { 0x04BB, 85 }, // U+04BB
    { 0x04BC, 90 }, // U+04BC
    { 0x04BD, 91 }, // U+04BD
    { 0x04BE, 90 }, // U+04BE
    { 0x04BF, 91 }, // U+04BF
    { 0x04C1, 61 }, // U+04C1
    { 0x04C2, 71 }, // U+04C2
    { 0x04C4, 85 }, // U+04C4
    { 0x04C5, 92 }, // U+04C5
    { 0x04C6, 69 }, // U+04C6
    { 0x04C8, 85 }, // U+04C8
    { 0x04CA, 85 }, // U+04CA
    { 0x04CB, 64 }, // U+04CB
    { 0x04CC, 76 }, // U+04CC
    { 0x04CE, 85 }, // U+04CE
    { 0x04D0, 59 }, // U+04D0
    { 0x04D1, 93 }, // U+04D1
    { 0x04D2, 59 }, // U+04D2
    { 0x04D3, 93 }, // U+04D3
    { 0x04D4, 59 }, // U+04D4
    { 0x04D5, 93 }, // U+04D5
    { 0x04D7, 66 }, // U+04D7
    { 0x04D8, 94 }, // U+04D8
    { 0x04D9, 93 }, // U+04D9
    { 0x04DA, 94 }, // U+04DA
    { 0x04DB, 93 }, // U+04DB
    { 0x04DC, 61 }, // U+04DC
    { 0x04DD, 71 }, // U+04DD
    { 0x04DE, 62 }, // U+04DE
    { 0x04DF, 72 }, // U+04DF
    { 0x04E3, 68 }, // U+04E3
    { 0x04E5, 68 }, // U+04E5
    { 0x04E6, 82 }, // U+04E6
    { 0x04E7, 66 }, // U+04E7
    { 0x04E8, 82 }, // U+04E8
    { 0x04E9, 66 }, // U+04E9
    { 0x04EA, 82 }, // U+04EA
    { 0x04EB, 66 }, // U+04EB
    { 0x04EC, 62 }, // U+04EC
    { 0x04ED, 72 }, // U+04ED
    { 0x04EE, 58 }, // U+04EE
    { 0x04EF, 75 }, // U+04EF
    { 0x04F0, 58 }, // U+04F0
    { 0x04F1, 75 }, // U+04F1
    { 0x04F2, 58 }, // U+04F2
    { 0x04F3, 75 }, // U+04F3
    { 0x04F4, 64 }, // U+04F4
    { 0x04F5, 76 }, // U+04F5
    { 0x04F7, 85 }, // U+04F7
    { 0x04F9, 68 }, // U+04F9
    { 0x04FA, 84 }, // U+04FA
    { 0x04FC, 61 }, // U+04FC
    { 0x04FD, 71 }, // U+04FD
    { 0x04FE, 61 }, // U+04FE
    { 0x04FF, 71 }, // U+04FF
    { 0x1EA0, 9 }, // U+1EA0
    { 0x1EA1, 19 }, // U+1EA1
    { 0x1EA2, 9 }, // U+1EA2
    { 0x1EA3, 19 }, // U+1EA3
    { 0x1EA4, 9 }, // U+1EA4
    { 0x1EA5, 19 }, // U+1EA5
    { 0x1EA6, 9 }, // U+1EA6
    { 0x1EA7, 19 }, // U+1EA7
    { 0x1EA8, 9 }, // U+1EA8
    { 0x1EA9, 19 }, // U+1EA9
    { 0x1EAA, 9 }, // U+1EAA
    { 0x1EAB, 19 }, // U+1EAB
    { 0x1EAC, 9 }, // U+1EAC
    { 0x1EAD, 19 }, // U+1EAD
    { 0x1EAE, 9 }, // U+1EAE
    { 0x1EAF, 19 }, // U+1EAF
    { 0x1EB0, 9 }, // U+1EB0
    { 0x1EB1, 19 }, // U+1EB1
    { 0x1EB2, 9 }, // U+1EB2
    { 0x1EB3, 19 }, // U+1EB3
    { 0x1EB4, 9 }, // U+1EB4
    { 0x1EB5, 19 }, // U+1EB5
    { 0x1EB6, 9 }, // U+1EB6
    { 0x1EB7, 19 }, // U+1EB7
    { 0x1EB9, 21 }, // U+1EB9
    { 0x1EBB, 21 }, // U+1EBB
    { 0x1EBD, 21 }, // U+1EBD
    { 0x1EBF, 21 }, // U+1EBF
    { 0x1EC1, 21 }, // U+1EC1
    { 0x1EC3, 21 }, // U+1EC3
    { 0x1EC5, 21 }, // U+1EC5
    { 0x1EC7, 21 }, // U+1EC7
    { 0x1ECC, 10 }, // U+1ECC
    { 0x1ECD, 21 }, // U+1ECD
    { 0x1ECE, 10 }, // U+1ECE
    { 0x1ECF, 21 }, // U+1ECF
    { 0x1ED0, 10 }, // U+1ED0
    { 0x1ED1, 21 }, // U+1ED1
    { 0x1ED2, 10 }, // U+1ED2
    { 0x1ED3, 21 }, // U+1ED3
    { 0x1ED4, 10 }, // U+1ED4
    { 0x1ED5, 21 }, // U+1ED5
    { 0x1ED6, 10 }, // U+1ED6
    { 0x1ED7, 21 }, // U+1ED7
    { 0x1ED8, 10 }, // U+1ED8
    { 0x1ED9, 21 }, // U+1ED9
    { 0x1EDA, 10 }, // U+1EDA
    { 0x1EDB, 21 }, // U+1EDB
    { 0x1EDC, 10 }, // U+1EDC
    { 0x1EDD, 21 }, // U+1EDD
    { 0x1EDE, 10 }, // U+1EDE
    { 0x1EDF, 21 }, // U+1EDF
    { 0x1EE0, 10 }, // U+1EE0
    { 0x1EE1, 21 }, // U+1EE1
    { 0x1EE2, 10 }, // U+1EE2
    { 0x1EE3, 21 }, // U+1EE3
    { 0x1EE4, 14 }, // U+1EE4
    { 0x1EE5, 25 }, // U+1EE5
    { 0x1EE6, 14 }, // U+1EE6
    { 0x1EE7, 25 }, // U+1EE7
    { 0x1EE8, 14 }, // U+1EE8
    { 0x1EE9, 25 }, // U+1EE9
    { 0x1EEA, 14 }, // U+1EEA
    { 0x1EEB, 25 }, // U+1EEB
    { 0x1EEC, 14 }, // U+1EEC
    { 0x1EED, 25 }, // U+1EED
    { 0x1EEE, 14 }, // U+1EEE
    { 0x1EEF, 25 }, // U+1EEF
    { 0x1EF0, 14 }, // U+1EF0
    { 0x1EF1, 25 }, // U+1EF1
    { 0x1EF2, 17 }, // U+1EF2
    { 0x1EF4, 17 }, // U+1EF4
    { 0x1EF5, 27 }, // U+1EF5
    { 0x1EF6, 17 }, // U+1EF6
    { 0x1EF7, 27 }, // U+1EF7
    { 0x1EF8, 17 }, // U+1EF8
    { 0x1EF9, 27 }, // U+1EF9
    { 0x2013, 6 }, // U+2013
    { 0x2014, 6 }, // U+2014
    { 0x2015, 6 }, // U+2015
    { 0x2018, 95 }, // U+2018
    { 0x2019, 2 }, // U+2019
    { 0x201A, 5 }, // U+201A
    { 0x201C, 95 }, // U+201C
    { 0x201D, 2 }, // U+201D
    { 0x201E, 5 }, // U+201E
    { 0x2026, 5 }, // U+2026
    { 0x2039, 29 }, // U+2039
    { 0x203A, 30 }, // U+203A
    { 0xFB00, 22 }, // U+FB00
    { 0xFB01, 22 }, // U+FB01
    { 0xFB02, 22 }, // U+FB02
    { 0xFB03, 22 }, // U+FB03
    { 0xFB04, 22 }, // U+FB04
};

static const int8_t notosans_10_boldKernMatrix[] = {
       0,    0,    0,    0,    0,    0,    0,    0,  -23,    0,    0,    0,    7,    0,    7,    0,    3,    0,  -13,    0,  -20,    0,  -10,    0,  -10,  -10,    0,    0,    0,    0,  -27,    0,   23,  -23,    0,    3,  -10,    0,    7,    0,  -20,  -20,  -10,  -10,    0,  -20,    0,    0,  -20,    0,    0,    0,    7,    0,    0,    0,  -10,    7,  -23,  -20,    7,    0,   -3,    0,    0,  -13,    0,    0,  -23,    0,    0,    7,  -17,   10,    7,    0,    0,   10,    0,   10,    0,    0,    0,    0,    0,    0,    7,    0,    0,    0,    0,  -20,   -7,    0,    0,
       0,    0,    0,    0,    0,    0,    0,    0,    0,    0,    0,    0,  -20,    0,   -7,    0,  -10,    0,    0,    0,    0,    0,    0,    0,    0,    0,    0,    0,    0,    0,    0,    0,    0,    0,    0,    0,    0,    0,    0,    0,    0,    0,    0,    0,    0,    0,    0,    0,    0,    0,    0,    0,    0,    0,    0,    0,    0,    0,    0,    0,    0,    0,    0,    0,    0,    0,    0,    0,    0,    0,    0,    0,    0,    0,    0,    0,    0,    0,    0,    0,    0,    0,    0,    0,    0,    0,    0,    0,    0,    0,    0,    0,    0,    0,    0,
       0,    0,    0,    0,    0,    0,    0,    0,    0,    0,    0,   30,    0,    0,    0,    0,    0,    0,    0,    0,    0,    0,    0,   13,    0,    0,    0,    0,    0,    0,    0,    0,    0,    0,    0,    0,    0,    0,    0,    0,    0,    0,    0,    0,    0,    0,    0,    0,    0,    0,    0,    0,    0,    0,    0,   33,    0,    0,    0,    0,    0,    0,  -10,    0,    0,    0,    0,    0,    0,    0,    0,    0,    0,    0,    0,    0,    0,    0,    0,    0,   20,    0,    0,    0,    0,    0,    0,    0,    0,    0,    0,    0,    0,    0,    0,
       0,    0,    0,    0,    0,    0,    0,    0,    0,  -17,    0,    0,  -23,   -7,  -20,    0,  -20,    0,    0,    0,    0,    0,    0,    0,    0,    0,    0,    0,    0,    0,    0,    0,    0,    0,  -17,  -20,    0,    0,  -23,    0,    0,    0,    0,    0,    0,    0,    0,    0,    0,    0,    0,    0,  -17,    0,    0,   20,    0,   -7,    0,    0,    0,    0,  -13,  -27,    0,    0,    0,    0,    0,    0,    0,    0,    0,  -13,    0,  -20,    0,    0,    0,    0,    0,  -17,    0,    0,    0,  -20,  -23,  -20,    0,  -20,    0,    0,    0,    0,    0,
       0,    0,    0,    0,    0,    0,    0,    0,    0,    0,    0,    0,  -13,    0,    0,    0,    0,    0,    0,    0,    0,    0,    0,    0,    0,    0,    0,    0,    0,    0,    0,    0,    0,    0,    0,    0,    0,    0,  -13,    0,    0,    0,    0,    0,    0,    0,    0,    0,    0,    0,    0,    0,  -13,    0,    0,    0,    0,   -7,    0,    0,   -3,    0,    0,    0,    0,    0,    0,    0,    0,    0,   -3,    0,    0,   -7,    0,    0,    0,    0,    0,    0,    0,    0,    0,    0,    0,    0,  -13,    0,    0,    0,    0,    0,    0,    0,    0,
       0,    0,    0,    0,    0,    0,    0,    0,    0,    0,    0,    0,    0,    0,    0,    0,    0,    0,    0,    0,    0,    0,    0,    0,    0,    0,    0,    0,    0,    0,    0,    0,    0,    0,    0,    0,    0,    0,    0,    0,    0,    0,    0,    0,    0,    0,    0,    0,    0,    0,    0,    0,   -4,    0,    0,    0,    0,    0,    0,    0,   -1,    0,   -1,   -1,    0,    0,    0,    0,    0,    0,    0,    0,    0,    0,    0,   -1,    0,    0,    0,    0,    0,    0,    0,    0,    0,    0,    0,    0,    0,    0,    0,    0,    0,    0,    0,
       0,  -23,    0,    0,    0,    0,    0,    0,    0,   -7,    0,   17,  -23,    0,  -13,    0,  -20,    0,    0,    0,    0,    0,    0,    0,    0,    0,    0,    0,    0,    0,    0,    0,    0,    0,    0,    0,    0,    0,    0,    0,    0,    0,    0,    0,    0,    0,    0,    0,    0,    0,    0,    0,    0,    0,    0,    0,    0,    0,    0,    0,    0,    0,    0,    0,    0,    0,    0,    0,    0,    0,    0,    0,    0,    0,    0,    0,    0,    0,    0,    0,    0,    0,    0,    0,    0,    0,    0,    0,    0,    0,    0,    0,    0,    0,    0,
       0,    0,    0,    0,   -3,    0,    0,    0,    0,    0,    0,    0,    0,    0,    0,    0,    0,    0,    0,    0,    0,    0,    0,    0,    0,    0,    0,    0,    0,    0,    0,    0,    0,    0,    0,    0,    0,    0,    0,    0,    0,    0,    0,    0,    0,    0,    0,    0,    0,    0,    0,    0,    0,    0,    0,    0,    0,    0,    0,    0,    0,    0,    0,    0,    0,    0,    0,    0,    0,    0,    0,    0,    0,    0,    0,    0,    0,    0,    0,    0,    0,    0,    0,    0,    0,    0,    0,    0,    0,    0,    0,    0,    0,    0,    0,
       0,    0,    0,    0,    0,    0,    0,    0,    0,   -7,    0,    0,    0,    0,    0,    0,    0,    0,    0,    0,    0,    0,    0,    0,    0,    0,    0,    0,   -7,    0,    0,    0,    0,    0,    0,    0,    0,    0,    0,    0,    0,    0,    0,    0,    0,    0,    0,    0,    0,    0,    0,    0,    0,    0,    0,    0,    0,    0,    0,    0,    0,    0,    0,    0,    0,    0,    0,    0,    0,    0,    0,    0,    0,    0,    0,    0,    0,    0,    0,    0,    0,    0,    0,    0,    0,    0,    0,    0,    0,    0,    0,    0,    0,    0,    0,
       0,    0,    0,    0,  -13,    0,    0,    0,   -7,    0,    0,    0,  -10,    0,   -3,   -7,   -3,   -3,    0,    0,    0,    0,    0,    0,    0,    0,    0,    0,    0,    0,    0,    0,    0,    0,    0,    0,    0,    0,    0,    0,    0,    0,    0,    0,    0,    0,    0,    0,    0,    0,    0,    0,    0,    0,    0,    0,    0,    0,    0,    0,    0,    0,    0,    0,    0,    0,    0,    0,    0,    0,    0,    0,    0,    0,    0,    0,    0,    0,    0,    0,    0,    0,    0,    0,    0,    0,    0,    0,    0,    0,    0,    0,    0,    0,    0,
       0,    0,    0,    0,    0,    0,    0,    0,    0,    0,    0,   20,    0,    0,    0,    0,    0,    0,    0,    0,    0,    0,    0,    0,    0,    0,    0,    0,    0,    0,    0,    0,    0,    0,    0,    0,    0,    0,    0,    0,    0,    0,    0,    0,    0,    0,    0,    0,    0,    0,    0,    0,    0,    0,    0,    0,    0,    0,    0,    0,    0,    0,    0,    0,    0,    0,    0,    0,    0,    0,    0,    0,    0,    0,    0,    0,    0,    0,    0,    0,    0,    0,    0,    0,    0,    0,    0,    0,    0,    0,    0,    0,    0,    0,    0,
       0,    0,    0,    7,  -20,    0,    0,    7,   -7,    0,    0,    0,    0,    0,    0,    0,    0,    0,    0,    0,    0,    0,    0,    0,    0,    0,    0,    0,    0,    0,    0,    0,    0,    0,    0,    0,    0,    0,    0,    0,    0,    0,    0,    0,    0,    0,    0,    0,    0,    0,    0,    0,    0,    0,    0,    0,    0,    0,    0,    0,    0,    0,    0,    0,    0,    0,    0,    0,    0,    0,    0,    0,    0,    0,    0,    0,    0,    0,    0,    0,    0,    0,    0,    0,    0,    0,    0,    0,    0,    0,    0,    0,    0,    0,    0,
       0,  -27,    0,    0,    0,    0,    0,    0,    0,   -7,    0,    0,   -7,   -3,   -7,    0,  -10,    0,    0,    0,    0,    0,    0,    0,    0,    0,    0,    0,    0,    0,    0,    0,    0,    0,    0,    0,    0,    0,    0,    0,    0,    0,    0,    0,    0,    0,    0,    0,    0,    0,    0,    0,    0,    0,    0,    0,    0,    0,    0,    0,    0,    0,    0,    0,    0,    0,    0,    0,    0,    0,    0,    0,    0,    0,    0,    0,    0,    0,    0,    0,    0,    0,    0,    0,    0,    0,    0,    0,    0,    0,    0,    0,    0,    0,    0,
       0,    0,   -3,    0,  -43,    0,    0,    0,  -17,    0,    0,    0,    0,    0,    0,   -7,    0,   -3,    0,    0,    0,    0,    0,    0,    0,    0,    0,    0,   -7,    0,  -10,    0,    0,    0,    0,    0,    0,    0,    0,    0,    0,    0,    0,    0,    0,    0,    0,    0,    0,    0,    0,    0,    0,    0,    0,    0,    0,    0,    0,    0,    0,    0,    0,    0,    0,    0,    0,    0,    0,    0,    0,    0,    0,    0,    0,    0,    0,    0,    0,    0,    0,    0,    0,    0,    0,    0,    0,    0,    0,    0,    0,    0,    0,    0,    0,
       0,    0,    0,    0,    0,    0,    0,    0,    0,    0,    0,    0,    0,    0,    0,    0,    0,    0,    0,    0,    0,    0,    0,    0,    0,    0,    0,    0,   -3,    0,    0,    0,    0,    0,    0,    0,    0,    0,    0,    0,    0,    0,    0,    0,    0,    0,    0,    0,    0,    0,    0,    0,    0,    0,    0,    0,    0,    0,    0,    0,    0,    0,    0,    0,    0,    0,    0,    0,    0,    0,    0,    0,    0,    0,    0,    0,    0,    0,    0,    0,    0,    0,    0,    0,    0,    0,    0,    0,    0,    0,    0,    0,    0,    0,    0,
       0,    0,   -7,    0,  -20,  -13,    0,    7,  -23,   -7,    0,    0,    7,    0,    0,    0,    0,    0,  -27,    0,  -23,    0,  -23,    0,  -17,  -20,   -7,  -13,  -20,  -10,    0,    0,    0,    0,    0,    0,    0,    0,    0,    0,    0,    0,    0,    0,    0,    0,    0,    0,    0,    0,    0,    0,    0,    0,    0,    0,    0,    0,    0,    0,    0,    0,    0,    0,    0,    0,    0,    0,    0,    0,    0,    0,    0,    0,    0,    0,    0,    0,    0,    0,    0,    0,    0,    0,    0,    0,    0,    0,    0,    0,    0,    0,    0,    0,    0,
       0,    0,    0,    0,   -7,    0,    0,    0,   -3,    0,    0,    0,    0,    0,    0,    0,    0,    0,    0,    0,    0,    0,    0,    0,    0,    0,    0,    0,    0,    0,    0,    0,    0,    0,    0,    0,    0,    0,    0,    0,    0,    0,    0,    0,    0,    0,    0,    0,    0,    0,    0,    0,    0,    0,    0,    0,    0,    0,    0,    0,    0,    0,    0,    0,    0,    0,    0,    0,    0,    0,    0,    0,    0,    0,    0,    0,    0,    0,    0,    0,    0,    0,    0,    0,    0,    0,    0,    0,    0,    0,    0,    0,    0,    0,    0,
       0,    0,    0,    0,  -17,    0,    0,    7,  -13,   -3,    0,    0,    0,    0,    0,    0,    0,    0,   -7,    0,   -7,    0,   -3,    0,   -3,   -3,    0,    0,  -10,   -3,    0,    0,    0,    0,    0,    0,    0,    0,    0,    0,    0,    0,    0,    0,    0,    0,    0,    0,    0,    0,    0,    0,    0,    0,    0,    0,    0,    0,    0,    0,    0,    0,    0,    0,    0,    0,    0,    0,    0,    0,    0,    0,    0,    0,    0,    0,    0,    0,    0,    0,    0,    0,    0,    0,    0,    0,    0,    0,    0,    0,    0,    0,    0,    0,    0,
       0,    0,  -10,    0,  -20,    0,    0,    7,  -20,   -7,    0,    0,    0,    0,    0,    0,    0,    0,  -17,    0,  -17,    0,  -17,    0,  -10,  -13,    0,   -7,  -27,  -10,    0,    0,    0,    0,    0,    0,    0,    0,    0,    0,    0,    0,    0,    0,    0,    0,    0,    0,    0,    0,    0,    0,    0,    0,    0,    0,    0,    0,    0,    0,    0,    0,    0,    0,    0,    0,    0,    0,    0,    0,    0,    0,    0,    0,    0,    0,    0,    0,    0,    0,    0,    0,    0,    0,    0,    0,    0,    0,    0,    0,    0,    0,    0,    0,    0,
       0,    0,    0,    0,    0,    0,    0,    0,    0,   -3,    0,    0,    0,    0,    0,    0,    0,    0,    0,    0,    0,    0,    0,    0,    0,    0,    0,    0,   -7,    0,    0,    0,    0,    0,    0,    0,    0,    0,    0,    0,    0,    0,    0,    0,    0,    0,    0,    0,    0,    0,    0,    0,    0,    0,    0,    0,    0,    0,    0,    0,    0,    0,    0,    0,    0,    0,    0,    0,    0,    0,    0,    0,    0,    0,    0,    0,    0,    0,    0,    0,    0,    0,    0,    0,    0,    0,    0,    0,    0,    0,    0,    0,    0,    0,    0,
       0,    0,    0,    0,    0,    0,    0,    0,    0,    0,    0,   32,    0,    0,    0,    0,    0,    0,    0,    0,    0,    0,    0,    0,    0,    0,    0,    0,    0,    0,    0,    0,    0,    0,    0,    0,    0,    0,    0,    0,    0,    0,    0,    0,    0,    0,    0,    0,    0,    0,    0,    0,    0,    0,    0,    0,    0,    0,    0,    0,    0,    0,    0,    0,    0,    0,    0,    0,    0,    0,    0,    0,    0,    0,    0,    0,    0,    0,    0,    0,    0,    0,    0,    0,    0,    0,    0,    0,    0,    0,    0,    0,    0,    0,    0,
       0,   -3,    0,    0,    0,    0,    0,    0,    0,    0,    0,    0,    0,    0,    0,    0,    0,    0,    0,    0,    0,    0,    0,    0,    0,    0,    0,    0,    0,    0,    0,    0,    0,    0,    0,    0,    0,    0,    0,    0,    0,    0,    0,    0,    0,    0,    0,    0,    0,    0,    0,    0,    0,    0,    0,    0,    0,    0,    0,    0,    0,    0,    0,    0,    0,    0,    0,    0,    0,    0,    0,    0,    0,    0,    0,    0,    0,    0,    0,    0,    0,    0,    0,    0,    0,    0,    0,    0,    0,    0,    0,    0,    0,    0,    0,
       0,   -3,    0,    0,    0,    0,    0,    0,    0,    0,    0,    0,    0,    0,    0,    0,    0,    0,    0,    0,    0,    0,    0,    0,    0,    0,   -7,   -3,    0,    0,    0,    0,    0,    0,    0,    0,    0,    0,    0,    0,    0,    0,    0,    0,    0,    0,    0,    0,    0,    0,    0,    0,    0,    0,    0,    0,    0,    0,    0,    0,    0,    0,    0,    0,    0,    0,    0,    0,    0,    0,    0,    0,    0,    0,    0,    0,    0,    0,    0,    0,    0,    0,    0,    0,    0,    0,    0,    0,    0,    0,    0,    0,    0,    0,    0,
       0,    7,    0,    0,    0,    0,    0,    0,    0,    0,    0,    0,    0,    0,    0,    0,    0,    0,    0,    0,    0,    0,    0,    0,    0,    0,    0,    0,    0,    0,    0,    0,    0,    0,    0,    0,    0,    0,    0,    0,    0,    0,    0,    0,    0,    0,    0,    0,    0,    0,    0,    0,    0,    0,    0,    0,    0,    0,    0,    0,    0,    0,    0,    0,    0,    0,    0,    0,    0,    0,    0,    0,    0,    0,    0,    0,    0,    0,    0,    0,    0,    0,    0,    0,    0,    0,    0,    0,    0,    0,    0,    0,    0,    0,    0,
       0,   20,    0,   13,   -7,    0,    0,    0,    0,    0,    0,    0,    0,    0,    0,    0,    0,    0,    0,    0,    0,    0,    0,    0,    0,    0,    0,    0,    0,    0,    0,    0,    0,    0,    0,    0,    0,    0,    0,    0,    0,    0,    0,    0,    0,    0,    0,    0,    0,    0,    0,    0,    0,    0,    0,    0,    0,    0,    0,    0,    0,    0,    0,    0,    0,    0,    0,    0,    0,    0,    0,    0,    0,    0,    0,    0,    0,    0,    0,    0,    0,    0,    0,    0,    0,    0,    0,    0,    0,    0,    0,    0,    0,    0,    0,
       0,   13,    0,    0,  -53,    0,    0,    0,    0,    0,    0,    0,    0,    0,    0,    0,    0,    0,   -7,    0,   -7,    0,   -3,    0,    0,    0,    0,    0,    0,    0,    0,    0,    0,    0,    0,    0,    0,    0,    0,    0,    0,    0,    0,    0,    0,    0,    0,    0,    0,    0,    0,    0,    0,    0,    0,    0,    0,    0,    0,    0,    0,    0,    0,    0,    0,    0,    0,    0,    0,    0,    0,    0,    0,    0,    0,    0,    0,    0,    0,    0,    0,    0,    0,    0,    0,    0,    0,    0,    0,    0,    0,    0,    0,    0,    0,
       0,   13,    0,    0,  -13,    0,    0,    7,    0,    0,    0,    0,    0,    0,    0,    0,    0,    0,    0,    0,    0,    0,    0,    0,    0,    0,    0,    0,    0,    0,    0,    0,    0,    0,    0,    0,    0,    0,    0,    0,    0,    0,    0,    0,    0,    0,    0,    0,    0,    0,    0,    0,    0,    0,    0,    0,    0,    0,    0,    0,    0,    0,    0,    0,    0,    0,    0,    0,    0,    0,    0,    0,    0,    0,    0,    0,    0,    0,    0,    0,    0,    0,    0,    0,    0,    0,    0,    0,    0,    0,    0,    0,    0,    0,    0,
       0,    0,    0,    0,    0,    0,    0,    0,    0,    0,    0,    0,    0,    0,    0,    0,    0,    0,    0,    0,   -7,    0,    0,    0,    0,    0,    0,    0,    0,    0,    0,    0,    0,    0,    0,    0,    0,    0,    0,    0,    0,    0,    0,    0,    0,    0,    0,    0,    0,    0,    0,    0,    0,    0,    0,    0,    0,    0,    0,    0,    0,    0,    0,    0,    0,    0,    0,    0,    0,    0,    0,    0,    0,    0,    0,    0,    0,    0,    0,    0,    0,    0,    0,    0,    0,    0,    0,    0,    0,    0,    0,    0,    0,    0,    0,
       0,    0,    0,    0,    0,    0,    0,    0,    0,    0,    0,   17,   -7,    0,   -3,    0,  -10,    0,    0,    0,    0,    0,    0,    0,    0,    0,    0,    0,    0,    0,    0,    0,    0,    0,    0,    0,    0,    0,    0,    0,    0,    0,    0,    0,    0,    0,    0,    0,    0,    0,    0,    0,    0,    0,    0,    0,    0,    0,    0,    0,    0,    0,    0,    0,    0,    0,    0,    0,    0,    0,    0,    0,    0,    0,    0,    0,    0,    0,    0,    0,    0,    0,    0,    0,    0,    0,    0,    0,    0,    0,    0,    0,    0,    0,    0,
       0,    0,    0,    0,    0,    0,    0,    0,    0,    0,    0,    0,  -10,    0,   -3,    0,  -10,    0,    0,    0,    0,    0,    0,    0,    0,    0,    0,    0,    0,    0,    0,    0,    0,    0,    0,  -10,    0,    0,  -10,    0,    0,    0,    0,    0,    0,    0,    0,    0,    0,    0,    0,    0,  -10,    0,    0,    0,    0,    0,   -3,    0,    0,    0,    0,    0,    0,    0,    0,    0,    0,    0,    0,    0,    0,    0,    0,    0,    0,    0,    0,    0,    0,    0,    0,    0,    0,    0,   -3,    0,    0,    0,    0,    0,    0,    0,    0,
       0,    0,    0,    0,    0,    0,    0,    0,    0,    0,    0,    0,  -20,    0,  -10,   -7,  -27,    0,    0,    0,    0,    0,    0,    0,    0,    0,    0,    0,    0,    0,    0,    0,    0,    0,    0,  -27,    0,    0,  -20,   -7,    0,    0,    0,    0,    0,    0,    0,    0,    0,    0,    0,    0,  -20,    0,    0,    0,    0,   -7,    0,    0,   -7,    0,    0,   -7,    0,    0,    0,    0,    0,    0,    0,    0,    0,    0,    0,    0,    0,    0,    0,    0,    0,    0,    0,    0,    0,    0,  -13,    0,    0,    0,    0,    0,    0,    0,    0,
       0,    0,    0,    0,    0,    0,    0,    0,    0,    0,    0,   33,  -13,    0,  -10,    0,  -13,    0,    0,    0,    0,    0,    0,    0,    0,    0,    0,    0,    0,    0,    0,    0,    0,    0,    0,    0,    0,    0,    0,    0,    0,    0,    0,    0,    0,    0,    0,    0,    0,    0,    0,    0,    0,    0,    0,    0,    0,    0,    0,    0,    0,    0,    0,    0,    0,    0,    0,    0,    0,    0,    0,    0,    0,    0,    0,    0,    0,    0,    0,    0,    0,    0,    0,    0,    0,    0,    0,    0,    0,    0,    0,    0,    0,    0,    0,
       0,    0,    0,   17,    0,    0,    0,    0,    0,    0,    0,    0,    0,    0,    0,    0,    0,    0,    0,    0,    0,    0,    0,    0,    0,    0,    0,    0,    0,    0,    0,    0,    0,    0,    0,    0,    0,    0,    0,    0,    0,    0,    0,    0,    0,    0,    0,    0,    0,    0,    0,    0,    0,    0,    0,    0,    0,    0,    0,    0,    0,    0,    0,    0,    0,    0,    0,    0,    0,    0,    0,    0,    0,    0,    0,    0,    0,    0,    0,    0,    0,    0,    0,    0,    0,    0,    0,    0,    0,    0,    0,    0,    0,    0,    0,
       0,  -23,    0,    0,    0,    0,    0,    0,    0,   -7,    0,   37,  -23,    0,  -13,    0,  -20,    0,    0,    0,    0,    0,    0,    0,    0,    0,    0,    0,    0,    0,    0,    0,    0,    0,    0,    0,    0,    0,    0,    0,    0,    0,    0,    0,    0,    0,    0,    0,    0,    0,    0,    0,    0,    0,    0,    0,    0,    0,    0,    0,    0,    0,    0,    0,    0,    0,    0,    0,    0,    0,    0,    0,    0,    0,    0,    0,    0,    0,    0,    0,    0,    0,    0,    0,    0,    0,    0,    0,    0,    0,    0,    0,    0,    0,    0,
      39,   35,    0,   48,    0,    0,    0,   44,    0,    0,    0,    0,    0,    0,    0,    0,    0,    0,    0,   10,    0,    0,    0,    0,    0,    0,    0,    0,    0,    0,    0,   23,    0,    0,    0,    0,    0,    0,    0,    0,    0,    0,    0,    0,    0,    0,    0,    0,    0,    0,    0,    0,    0,    0,    0,    0,    0,    0,    0,    0,    0,    0,    0,    0,    0,    0,    0,    0,    0,    0,    0,    0,    0,    0,    0,    0,    0,    0,    0,    0,    0,    0,    0,    0,    0,    0,    0,    0,    0,    0,    0,    0,    0,    0,   31,
       0,    0,    0,   17,    0,    0,    0,    0,    0,    0,    0,    0,    0,    0,    0,    0,    0,    0,    0,    0,    0,    0,    0,    0,    0,    0,    0,    0,    0,    0,    0,    0,   39,    0,    0,    0,    0,    0,    0,    0,    0,    0,    0,    0,    0,    0,    0,    0,    0,    0,    0,    0,    0,    0,    0,    0,    0,    0,    0,    0,    0,    0,    0,    0,    0,    0,    0,    0,    0,    0,    0,    0,    0,    0,    0,    0,    0,    0,    0,    0,    0,    0,    0,    0,    0,    0,    0,    0,    0,    0,    0,    0,    0,    0,    0,
       0,    0,    0,    0,    0,    0,    0,    0,    0,    0,    0,   17,    0,    0,    0,    0,    0,    0,    0,    0,    0,    0,    0,    0,    0,    0,    0,    0,    0,    0,    0,    0,    0,    0,    0,    0,    0,    0,    0,    0,    0,    0,    0,    0,    0,    0,    0,    0,    0,    0,    0,    0,    0,    0,    0,    0,    0,    0,    0,    0,    0,    0,    0,    0,    0,    0,    0,    0,    0,    0,    0,    0,    0,    0,    0,    0,    0,    0,    0,    0,    0,    0,    0,    0,    0,    0,    0,    0,    0,    0,    0,    0,    0,    0,    0,
      44,   45,    0,   54,    0,    0,    0,   47,    0,    0,    0,    0,    0,    0,    0,    0,    0,    0,    0,    0,    0,    0,    0,    0,    0,    0,    0,    0,    0,    0,    0,    0,    0,    0,    0,    0,    0,    0,    0,    0,    0,    0,    0,    0,    0,    0,    0,    0,    0,    0,    0,    0,    0,    0,    0,    0,    0,    0,    0,    0,    0,    0,    0,    0,    0,    0,    0,    0,    0,    0,    0,    0,    0,    0,    0,    0,    0,    0,    0,    0,    0,    0,    0,    0,    0,    0,    0,    0,    0,    0,    0,    0,    0,    0,   31,
       0,    0,    0,    0,    0,    0,    0,    0,   -7,    0,    7,    0,   20,    0,   23,   17,   20,    0,    0,    0,    0,    0,    0,    0,    0,    0,    0,    0,    0,    0,    0,    0,    0,    0,    0,    0,    0,    0,    0,    0,    0,    0,    0,    0,    0,    0,    0,    0,    0,    0,    0,    0,    0,    0,    0,    0,    0,    0,    0,    0,    0,    0,    0,    0,    0,    0,    0,    0,    0,    0,    0,    0,    0,    0,    0,    0,    0,    0,    0,    0,    0,    0,    0,    0,    0,    0,    0,    0,    0,    0,    0,    0,    0,    0,    0,
       0,    0,    0,    0,    0,    0,    0,    0,    0,    0,    0,    0,    0,    0,    0,    0,    0,    0,    0,    7,    0,   13,    0,    0,    0,    0,   17,    0,    0,    0,    0,    0,    0,    0,    0,    0,    0,    0,    0,    0,    0,    0,    0,    0,    0,    0,    0,    0,    0,    0,    0,    0,    0,    0,    0,    0,    0,    0,    0,    0,    0,    0,    0,    0,    0,    0,    0,    0,    0,    0,    0,    0,    0,    0,    0,    0,    0,    0,    0,    0,    0,    0,    0,    0,    0,    0,    0,    0,    0,    0,    0,    0,    0,    0,    0,
       0,    0,    0,    0,    0,    0,    0,    0,  -10,   -3,    7,    0,   23,    0,   23,   17,   20,    0,  -10,    0,   -7,    0,   -7,    0,    0,    0,    0,    0,    0,    0,    0,    0,    0,    0,    0,    0,    0,    0,    0,    0,    0,    0,    0,    0,    0,    0,    0,    0,    0,    0,    0,    0,    0,    0,    0,    0,    0,    0,    0,    0,    0,    0,    0,    0,    0,    0,    0,    0,    0,    0,    0,    0,    0,    0,    0,    0,    0,    0,    0,    0,    0,    0,    0,    0,    0,    0,    0,    0,    0,    0,    0,    0,    0,    0,    0,
       0,    0,    0,    0,    0,    0,    0,    0,    0,    0,    0,    0,    0,    0,    0,    0,    0,    0,    0,    7,    0,   17,    0,    0,    0,    0,   17,    0,    0,    0,    0,    0,    0,    0,    0,    0,    0,    0,    0,    0,    0,    0,    0,    0,    0,    0,    0,    0,    0,    0,    0,    0,    0,    0,    0,    0,    0,    0,    0,    0,    0,    0,    0,    0,    0,    0,    0,    0,    0,    0,    0,    0,    0,    0,    0,    0,    0,    0,    0,    0,    0,    0,    0,    0,    0,    0,    0,    0,    0,    0,    0,    0,    0,    0,    0,
       0,  -23,    0,    0,    0,    0,    0,    0,    0,    0,    0,    0,    0,    0,    0,    0,    0,    0,    0,    0,    0,    0,    0,    0,    0,    0,    0,    0,    0,    0,    0,    0,    0,    0,   -7,  -20,    0,    0,  -23,    0,    0,    0,    0,    0,    0,    0,    0,    0,    0,    0,    0,    0,    0,    0,    0,    0,    0,    0,    0,    0,    0,    0,    0,    0,    0,    0,    0,    0,    0,    0,    0,    0,    0,    0,    0,    0,    0,    0,    0,    0,    0,    0,    0,    0,    0,    0,    0,    0,    0,    0,    0,    0,    0,    0,    0,
       0,    0,    0,    0,  -13,    0,    0,    0,    0,    0,    0,    0,    0,    0,    0,    0,    0,    0,    0,    0,    0,    0,    0,    0,    0,    0,    0,    0,    0,    0,    0,    0,    0,   -7,    0,   -3,    0,   -3,  -10,   -7,    0,    0,    0,    0,    0,    0,    0,    0,    0,    0,    0,    0,    0,    0,    0,    0,    0,    0,    0,    0,    0,    0,    0,    0,    0,    0,    0,    0,    0,    0,    0,    0,    0,    0,    0,    0,    0,    0,    0,    0,    0,    0,    0,    0,    0,    0,    0,    0,    0,    0,    0,    0,    0,    0,    0,
       0,    0,    0,    0,  -20,    0,    0,    0,    0,    0,    0,    0,    0,    0,    0,    0,    0,    0,    0,    0,    0,    0,    0,    0,    0,    0,    0,    0,  -27,  -10,    0,    0,    0,  -20,   -7,    0,  -10,    0,    0,    0,  -17,  -17,  -10,  -10,    0,  -17,    0,    0,  -17,    0,    0,    0,    0,    0,    0,    0,    0,    0,    0,    0,    0,    0,    0,    0,    0,    0,    0,    0,    0,    0,    0,    0,    0,    0,    0,    0,    0,    0,    0,    0,    0,    0,    0,    0,    0,    0,    0,    0,    0,    0,    0,    0,    0,    0,    0,
       0,   13,    0,    0,   -7,    0,    0,    0,    0,    0,    0,    0,    0,    0,    0,    0,    0,    0,    0,    0,    0,    0,    0,    0,    0,    0,    0,    0,    0,    0,    0,    0,    0,    0,    0,    0,    0,    0,    0,    0,   -7,   -7,   -3,    0,   -7,   -7,   -7,    0,   -7,   -7,   -7,   -7,    0,    0,    0,    0,    0,    0,    0,    0,    0,    0,    0,    0,    0,    0,    0,    0,    0,    0,    0,    0,    0,    0,    0,    0,    0,    0,    0,    0,    0,    0,    0,    0,    0,    0,    0,    0,    0,    0,    0,    0,    0,    0,    0,
       0,    0,    0,    0,  -27,  -13,    0,    0,    0,    0,    0,    0,    0,    0,    0,    0,    0,    0,    0,    0,    0,    0,    0,    0,    0,    0,    0,    0,  -20,  -10,    0,    0,    0,  -23,   -7,    0,  -17,    0,    7,    0,  -23,  -23,  -17,  -17,   -7,  -23,    0,   -7,  -23,    0,    0,   -7,    0,    0,    0,    0,    0,    0,    0,    0,    0,    0,    0,    0,    0,    0,    0,    0,    0,    0,    0,    0,    0,    0,    0,    0,    0,    0,    0,    0,    0,    0,    0,    0,    0,    0,    0,    0,    0,    0,    0,    0,    0,    0,    0,
       0,    0,    0,    0,    0,    0,    0,    0,    0,    0,    0,    0,    0,    0,    0,    0,    0,    0,    0,    0,    0,    0,    0,    0,    0,    0,    0,    0,   -7,    0,    0,    0,    0,    0,   -3,    0,    0,    0,    0,    0,    0,    0,    0,    0,    0,    0,    0,    0,    0,    0,    0,    0,    0,    0,    0,    0,    0,    0,    0,    0,    0,    0,    0,    0,    0,    0,    0,    0,    0,    0,    0,    0,    0,    0,    0,    0,    0,    0,    0,    0,    0,    0,    0,    0,    0,    0,    0,    0,    0,    0,    0,    0,    0,    0,    0,
       0,    0,    0,    0,    0,    0,    0,    0,    0,    0,    0,    0,    0,    0,    0,    0,    0,    0,    0,    0,    0,    0,    0,    0,    0,    0,    0,    0,   -7,    0,    0,    0,    0,    0,   -7,    0,    0,    0,    0,    0,    0,    0,    0,    0,    0,    0,    0,    0,    0,    0,    0,    0,    0,    0,    0,    0,    0,    0,    0,    0,    0,    0,    0,    0,    0,    0,    0,    0,    0,    0,    0,    0,    0,    0,    0,    0,    0,    0,    0,    0,    0,    0,    0,    0,    0,    0,    0,    0,    0,    0,    0,    0,    0,    0,    0,
       0,    0,    0,    0,  -20,  -13,    0,    0,    0,    0,    0,    0,    0,    0,    0,    0,    0,    0,    0,    0,    0,    0,    0,    0,    0,    0,    0,    0,  -20,  -10,    0,    0,    0,  -23,   -7,    0,  -17,    0,    7,    0,  -23,  -23,  -17,  -17,   -7,  -23,    0,   -7,  -23,    0,    0,   -7,    0,    0,    0,    0,    0,    0,    0,    0,    0,    0,    0,    0,    0,    0,    0,    0,    0,    0,    0,    0,    0,    0,    0,    0,    0,    0,    0,    0,    0,    0,    0,    0,    0,    0,    0,    0,    0,    0,    0,    0,    0,    0,    0,
       0,   13,    0,    0,   -7,    0,    0,    0,    0,    0,    0,    0,    0,    0,    0,    0,    0,    0,    0,    0,    0,    0,    0,    0,    0,    0,    0,    0,    0,    0,    0,    0,    0,    0,    0,    0,    0,    0,    0,    0,   -3,   -7,   -3,    0,   -2,   -7,   -3,    0,   -7,   -3,   -3,   -3,    0,    0,    0,    0,    0,    0,    0,    0,    0,    0,    0,    0,    0,    0,    0,    0,    0,    0,    0,    0,    0,    0,    0,    0,    0,    0,    0,    0,    0,    0,    0,    0,    0,    0,    0,    0,    0,    0,    0,    0,    0,    0,    0,
       0,    7,    0,    0,    0,    0,    0,    0,    0,    0,    0,    0,    0,    0,    0,    0,    0,    0,    0,    0,    0,    0,    0,    0,    0,    0,    0,    0,    0,    0,    0,    0,    0,    0,    0,    0,    0,    0,    0,    0,   -3,    0,    0,    0,    0,    0,    0,    0,    0,    0,    0,    0,    0,    0,    0,    0,    0,    0,    0,    0,    0,    0,    0,    0,    0,    0,    0,    0,    0,    0,    0,    0,    0,    0,    0,    0,    0,    0,    0,    0,    0,    0,    0,    0,    0,    0,    0,    0,    0,    0,    0,    0,    0,    0,    0,
       0,   -3,    0,    0,    0,    0,    0,    0,    0,    0,    0,    0,    0,    0,    0,    0,    0,    0,    0,    0,    0,    0,    0,    0,    0,    0,    0,    0,    0,    0,    0,    0,    0,    0,    0,    0,    0,    0,    0,    0,    0,    0,    0,    0,   -2,    0,    0,    0,    0,   -3,    0,    0,    0,    0,    0,    0,    0,    0,    0,    0,    0,    0,    0,    0,    0,    0,    0,    0,    0,    0,    0,    0,    0,    0,    0,    0,    0,    0,    0,    0,    0,    0,    0,    0,    0,    0,    0,    0,    0,    0,    0,    0,    0,    0,    0,
       0,   -3,    0,    0,    0,    0,    0,    0,    0,    0,    0,    0,    0,    0,    0,    0,    0,    0,    0,    0,    0,    0,    0,    0,    0,    0,    0,    0,    0,    0,    0,    0,    0,    0,    0,    0,    0,    0,    0,    0,    0,    0,    0,    0,   -7,    0,    0,  -10,    0,   -3,   -3,   -7,    0,    0,    0,    0,    0,    0,    0,    0,    0,    0,    0,    0,    0,    0,    0,    0,    0,    0,    0,    0,    0,    0,    0,    0,    0,    0,    0,    0,    0,    0,    0,    0,    0,    0,    0,    0,    0,    0,    0,    0,    0,    0,    0,
       0,   -3,    0,    0,    0,    0,    0,    0,    0,    0,    0,    0,    0,    0,    0,    0,    0,    0,    0,    0,    0,    0,    0,    0,    0,    0,    0,    0,    0,    0,    0,    0,    0,    0,    0,    0,    0,    0,    0,    0,    0,    0,    0,    0,   -7,    0,    0,   -7,    0,    0,    0,   -7,    0,    0,    0,    0,    0,    0,    0,    0,    0,    0,    0,    0,    0,    0,    0,    0,    0,    0,    0,    0,    0,    0,    0,    0,    0,    0,    0,    0,    0,    0,    0,    0,    0,    0,    0,    0,    0,    0,    0,    0,    0,    0,    0,
       0,   13,    0,    0,  -13,    0,    0,    0,    0,    0,    0,    0,    0,    0,    0,    0,    0,    0,    0,    0,    0,    0,    0,    0,    0,    0,    0,    0,    0,    0,    0,    0,    0,    0,    0,    0,    0,    0,    0,    0,   -3,    0,    0,    0,    0,    0,    0,   -3,    0,    0,    0,    0,    0,    0,    0,    0,    0,    0,    0,    0,    0,    0,    0,    0,    0,    0,    0,    0,    0,    0,    0,    0,    0,    0,    0,    0,    0,    0,    0,    0,    0,    0,    0,    0,    0,    0,    0,    0,    0,    0,    0,    0,    0,    0,    0,
       0,   -3,    0,    0,    0,    0,    0,    0,    0,    0,    0,    0,    0,    0,    0,    0,    0,    0,    0,    0,    0,    0,    0,    0,    0,    0,    0,    0,    0,    0,    0,    0,    0,    0,    0,    0,    0,    0,    0,    0,    0,    0,    0,    0,   -7,    0,    0,   -7,    0,   -3,   -3,   -7,    0,    0,    0,    0,    0,    0,    0,    0,    0,    0,    0,    0,    0,    0,    0,    0,    0,    0,    0,    0,    0,    0,    0,    0,    0,    0,    0,    0,    0,    0,    0,    0,    0,    0,    0,    0,    0,    0,    0,    0,    0,    0,    0,
       0,    7,    0,    0,    0,    0,    0,    0,    0,    0,    0,    0,    0,    0,    0,    0,    0,    0,    0,    0,    0,    0,    0,    0,    0,    0,    0,    0,    0,    0,    0,    0,    0,    0,    0,    0,    0,    0,    0,    0,   -8,   -3,    0,    0,    0,    0,    0,    0,    0,    0,   -3,    0,    0,    0,    0,    0,    0,    0,    0,    0,    0,    0,    0,    0,    0,    0,    0,    0,    0,    0,    0,    0,    0,    0,    0,    0,    0,    0,    0,    0,    0,    0,    0,    0,    0,    0,    0,    0,    0,    0,    0,    0,    0,    0,    0,
       0,    0,    0,    0,    0,    0,    0,    0,    0,    0,    0,    0,    0,    0,    0,    0,    0,    0,    0,    0,    0,    0,    0,    0,    0,    0,    0,    0,    0,    0,    0,    0,    0,    0,    0,    0,    0,    0,    0,    0,    0,   -3,    0,    0,    0,    0,    0,   -7,    0,    0,    0,    0,    0,    0,    0,    0,    0,    0,    0,    0,    0,    0,    0,    0,    0,    0,    0,    0,    0,    0,    0,    0,    0,    0,    0,    0,    0,    0,    0,    0,    0,    0,    0,    0,    0,    0,    0,    0,    0,    0,    0,    0,    0,    0,    0,
       0,   13,    0,    0,   -7,    0,    0,    0,    0,    0,    0,    0,    0,    0,    0,    0,    0,    0,    0,    0,    0,    0,    0,    0,    0,    0,    0,    0,    0,    0,    0,    0,    0,    0,    0,    0,    0,    0,    0,    0,   -3,    0,    0,    0,   -7,    0,   -7,    0,   -3,   -3,   -7,  -17,    0,    0,    0,    0,    0,    0,    0,    0,    0,    0,    0,    0,    0,    0,    0,    0,    0,    0,    0,    0,    0,    0,    0,    0,    0,    0,    0,    0,    0,    0,    0,    0,    0,    0,    0,    0,    0,    0,    0,    0,    0,    0,    0,
       0,    7,    0,    0,    0,    0,    0,    0,    0,    0,    0,    0,    0,    0,    0,    0,    0,    0,    0,    0,    0,    0,    0,    0,    0,    0,    0,    0,    0,    0,    0,    0,    0,    0,    0,    0,   -3,    0,    0,    0,   -3,    0,   -7,    0,    0,    0,    0,    0,    0,    0,    0,    0,    0,    0,    0,    0,    0,    0,    0,    0,    0,    0,    0,    0,    0,    0,    0,    0,    0,    0,    0,    0,    0,    0,    0,    0,    0,    0,    0,    0,    0,    0,    0,    0,    0,    0,    0,    0,    0,    0,    0,    0,    0,    0,    0,
       0,   13,    0,    0,  -13,    0,    0,    0,    0,    0,    0,    0,    0,    0,    0,    0,    0,    0,    0,    0,    0,    0,    0,    0,    0,    0,    0,    0,    0,    0,    0,    0,    0,    0,    0,    0,    0,    0,    0,    0,   -7,   -7,    0,    0,    0,   -7,    0,    0,   -7,    0,    0,    0,    0,    0,    0,    0,    0,    0,    0,    0,    0,    0,    0,    0,    0,    0,    0,    0,    0,    0,    0,    0,    0,    0,    0,    0,    0,    0,    0,    0,    0,    0,    0,    0,    0,    0,    0,    0,    0,    0,    0,    0,    0,    0,    0,
       0,   13,    0,    0,   -7,    0,    0,    0,    0,    0,    0,    0,    0,    0,    0,    0,    0,    0,    0,    0,    0,    0,    0,    0,    0,    0,    0,    0,    0,    0,    0,    0,    0,    0,    0,    0,    0,    0,    0,    0,   -7,   -7,    0,    0,    0,   -7,    0,    0,   -7,    0,    0,    0,    0,    0,    0,    0,    0,    0,    0,    0,    0,    0,    0,    0,    0,    0,    0,    0,    0,    0,    0,    0,    0,    0,    0,    0,    0,    0,    0,    0,    0,    0,    0,    0,    0,    0,    0,    0,    0,    0,    0,    0,    0,    0,    0,
       0,   13,    0,    0,    0,    0,    0,    0,    0,    0,    0,    0,    0,    0,    0,    0,    0,    0,    0,    0,    0,    0,    0,    0,    0,    0,    0,    0,    0,    0,    0,    0,    0,    0,    0,    0,    0,    0,    0,    0,  -10,   -7,   -3,    0,    0,    0,    0,  -11,    0,    0,    0,    0,    0,    0,    0,    0,    0,    0,    0,    0,    0,    0,    0,    0,    0,    0,    0,    0,    0,    0,    0,    0,    0,    0,    0,    0,    0,    0,    0,    0,    0,    0,    0,    0,    0,    0,    0,    0,    0,    0,    0,    0,    0,    0,    0,
       0,    0,    0,    0,    0,    0,    0,    0,    0,    0,    0,    0,    0,    0,    0,    0,    0,    0,    0,    0,    0,    0,    0,    0,    0,    0,    0,    0,    0,    0,    0,    0,    0,    0,    0,    0,    0,    0,    0,    0,    0,    0,    0,    0,    0,    0,    0,    0,    0,    0,    0,    0,    0,    0,    0,   17,    0,    0,    0,    0,    0,    0,    0,    0,    0,    0,    0,    0,    0,    0,    0,    0,    0,    0,    0,    0,    0,    0,    0,    0,    0,    0,    0,    0,    0,    0,    0,    0,    0,    0,    0,    0,    0,    0,    0,
       0,  -23,    0,    0,    0,    0,    0,    0,    0,    0,    0,    0,    0,    0,    0,    0,    0,    0,    0,    0,    0,    0,    0,    0,    0,    0,    0,    0,    0,    0,    0,    0,    0,    0,    0,    0,    0,    0,    0,    0,    0,    0,    0,    0,    0,    0,    0,    0,    0,    0,    0,    0,  -17,    0,    0,    0,    0,   -7,    0,    0,    0,    0,    0,  -10,    0,    0,    0,    0,    0,    0,    0,    0,    0,   -7,   -7,   -7,    0,    0,    0,    0,    0,    0,    0,   -7,    0,  -13,  -20,  -17,   -7,    0,    0,    0,    0,    0,  -10,
       0,    7,    0,    0,  -17,  -13,  -10,    0,    0,    0,    0,    0,    0,    0,    0,    0,    0,    0,    0,    0,    0,    0,    0,    0,    0,    0,    0,    0,    0,  -10,    0,    0,    0,    0,    0,    0,    0,    0,    0,    0,    0,    0,    0,    0,    0,    0,    0,    0,    0,    0,    0,    0,    7,   -7,    0,    0,   -8,    0,  -23,   -8,    0,    0,  -12,    0,    0,  -13,   -7,  -10,  -13,  -13,   -3,   -3,  -10,   -3,   -3,  -10,  -13,    0,   -7,    0,    0,    0,    0,    0,    0,    0,    3,    0,    0,    0,    0,    0,    0,    0,    0,
       0,    0,    0,    0,    0,    0,    0,    0,    0,    0,    0,    0,    0,    0,    0,    0,    0,    0,    0,    0,    0,    0,    0,    0,    0,    0,    0,    0,   -7,    0,    0,    0,    0,    0,    0,    0,    0,    0,    0,    0,    0,    0,    0,    0,    0,    0,    0,    0,    0,    0,    0,    0,    0,   -7,    0,    0,    0,    0,    0,    0,    0,    0,  -10,    0,    0,    0,    0,    0,    0,    0,    0,    0,    0,    0,    0,   -7,    0,    0,    0,    0,    0,   -7,    0,    0,    0,    0,    0,    0,    0,   -7,    0,    0,    0,    0,    0,
       0,    0,    0,    0,   -7,    0,    0,    0,    0,    0,    0,    0,    0,    0,    0,    0,    0,    0,    0,    0,    0,    0,    0,    0,    0,    0,    0,    0,    0,    0,    0,    0,    0,    0,    0,    0,    0,    0,    0,    0,    0,    0,    0,    0,    0,    0,    0,    0,    0,    0,    0,    0,    0,    0,    0,    0,    0,    0,    0,    0,    0,    0,   -3,    0,    0,    0,    0,    0,    0,    0,    0,    0,    0,    0,    0,    0,    0,    0,    0,    0,    0,    0,    0,    0,    0,    0,    0,    0,    0,    0,    0,    0,    0,    0,    0,
       0,  -30,    0,    0,   -3,    0,    0,    0,    0,    0,    0,    0,    0,    0,    0,    0,    0,    0,    0,    0,    0,    0,    0,    0,    0,    0,    0,    0,    0,    0,    0,    0,    0,    0,    0,    0,    0,    0,    0,    0,    0,    0,    0,    0,    0,    0,    0,    0,    0,    0,    0,    0,  -20,    0,    0,    0,    0,   -7,    0,    0,    0,    0,    0,  -10,    0,    0,    0,    0,    0,    0,   -7,    0,    0,   -7,   -7,    0,   -7,    0,    0,    0,    0,    0,    0,    0,    0,    0,  -10,    0,    0,    0,    0,    0,    0,    0,  -20,
       0,    7,    0,    0,    0,   -3,   -3,    0,    0,    0,    0,    0,    0,    0,    0,    0,    0,    0,    0,    0,    0,    0,    0,    0,    0,    0,    0,    0,   -7,    0,    0,    0,    0,    0,    0,    0,    0,    0,    0,    0,    0,    0,    0,    0,    0,    0,    0,    0,    0,    0,    0,    0,    0,   -7,    0,    0,    0,    0,    0,    0,    0,    0,  -13,   -3,    0,   -3,   -7,    0,    0,   -7,    0,    0,    0,   -3,   -3,   -7,    0,    0,    0,    0,    0,   -7,    0,    0,    0,    0,    0,    0,    0,  -17,    0,    0,    0,    0,    0,
       0,    7,    0,    0,  -23,   -7,   -3,    0,    0,    0,    0,    0,    0,    0,    0,    0,    0,    0,    0,    0,    0,    0,    0,    0,    0,    0,    0,    0,  -17,   -7,    0,    0,    0,    0,    0,    0,    0,    0,    0,    0,    0,    0,    0,    0,    0,    0,    0,    0,    0,    0,    0,    0,    0,  -13,   -7,    0,  -26,    0,  -40,  -35,    0,    0,  -10,    0,  -12,  -17,  -13,   -3,  -31,  -24,  -10,   -7,  -17,    0,    0,   -7,  -17,   17,  -10,    0,    0,   -3,    0,    0,    0,    0,    0,    0,    0,   -7,  -10,  -17,    0,    0,    0,
       0,  -23,    0,    0,    0,    0,    0,    0,    0,    0,    0,    0,    0,    0,    0,    0,    0,    0,    0,    0,    0,    0,    0,    0,    0,    0,    0,    0,    0,   -3,    0,    0,    0,    0,    0,    0,    0,    0,    0,    0,    0,    0,    0,    0,    0,    0,    0,    0,    0,    0,    0,    0,  -23,   -7,    0,   17,    0,   -6,    0,    0,    0,    0,  -12,  -20,    0,    0,    0,    0,    0,   -3,    0,    0,    0,  -10,   -7,  -10,    0,    0,    0,    0,    0,    0,    0,   -7,    0,  -13,  -17,  -20,    0,  -17,    0,    0,    0,   -3,  -13,
       0,    0,    0,    0,    0,    0,    0,    0,    0,    0,    0,    0,    0,    0,    0,    0,    0,    0,    0,    0,    0,    0,    0,    0,    0,    0,    0,    0,    0,    0,    0,    0,    0,    0,    0,    0,    0,    0,    0,    0,    0,    0,    0,    0,    0,    0,    0,    0,    0,    0,    0,    0,    0,    0,    0,    0,    0,    0,    0,    0,    0,    0,    0,    0,    0,    0,    0,    0,    0,    0,   -3,    0,    0,    0,   -3,    0,    0,    0,    0,    0,    0,    0,    0,    0,    0,    0,    0,    0,    0,    0,    0,    0,    0,    0,    0,
       0,    0,    0,   -3,    0,    0,    0,    0,    0,    0,    0,    0,    0,    0,    0,    0,    0,    0,    0,    0,    0,    0,    0,    0,    0,    0,    0,    0,    0,    0,    0,    0,    0,    0,    0,    0,    0,    0,    0,    0,    0,    0,    0,    0,    0,    0,    0,    0,    0,    0,    0,    0,    0,    0,    0,    0,    0,    0,    0,    0,    0,    0,    0,    0,    0,    0,    0,    0,    0,    0,   -3,    0,    0,    0,    0,   -5,   -3,    0,    0,    0,    0,    0,    0,    0,    0,    0,    0,    0,    0,    0,    0,    0,    0,    0,    0,
       0,    0,    0,    0,   10,    0,    0,    0,    0,    0,    0,    0,    0,    0,    0,    0,    0,    0,    0,    0,    0,    0,    0,    0,    0,    0,    0,    0,    0,    0,    0,    0,    0,    0,    0,    0,    0,    0,    0,    0,    0,    0,    0,    0,    0,    0,    0,    0,    0,    0,    0,    0,    0,    0,    0,   30,   10,    0,    0,   13,    0,    0,   -3,   -8,    0,    0,    0,    0,   10,    0,    0,    0,   10,   -3,   10,   -7,    0,    0,    0,    0,   23,    0,    0,    0,    0,    0,    0,    0,    0,    0,    0,    0,    0,    0,    0,
       0,    0,    0,    0,  -13,    0,    0,    0,    0,    0,    0,    0,    0,    0,    0,    0,    0,    0,    0,    0,    0,    0,    0,    0,    0,    0,    0,    0,    0,    0,    0,    0,    0,    0,    0,    0,    0,    0,    0,    0,    0,    0,    0,    0,    0,    0,    0,    0,    0,    0,    0,    0,   -7,    0,    0,    0,   -3,  -13,   -7,   -3,   -7,   -3,    0,    0,    0,    0,    0,    0,   -3,    0,   -5,    0,   -3,    0,    0,    0,   -3,    0,    0,    0,    0,    0,    0,    0,    0,   -3,   -3,   -3,    0,    0,    0,   -7,    0,    0,    0,
       0,    0,    0,    0,  -43,   -3,   -3,    0,    0,    0,    0,    0,    0,    0,    0,    0,    0,    0,    0,    0,    0,    0,    0,    0,    0,    0,    0,    0,   -7,   -3,    0,    0,    0,    0,    0,    0,    0,    0,    0,    0,    0,    0,    0,    0,    0,    0,    0,    0,    0,    0,    0,    0,    0,    0,    0,    0,  -20,   -7,  -17,  -20,   -7,    0,   -3,    0,    0,   -8,    0,    0,  -17,   -3,    0,    0,  -13,    0,    0,    0,   -3,    0,    0,    0,    0,    0,    0,    0,    0,    0,    0,    0,    0,    0,    0,  -20,    0,    0,    0,
       0,   -3,    0,   -4,  -13,    0,   -3,    0,    0,    0,    0,    0,    0,    0,    0,    0,    0,    0,    0,    0,    0,    0,    0,    0,    0,    0,    0,    0,    0,    0,    0,    0,    0,    0,    0,    0,    0,    0,    0,    0,    0,    0,    0,    0,    0,    0,    0,    0,    0,    0,    0,    0,  -12,    0,   -3,    0,   -6,  -10,  -12,  -10,  -13,  -10,    0,    0,   -3,    0,    0,    0,   -8,    0,   -5,    0,   -5,    0,    0,    0,   -3,    0,    0,    0,    0,    0,    0,    0,    0,    0,   -7,    0,    0,    0,    0,    0,    0,    0,    0,
       0,   -3,    0,    0,    0,    0,    0,    0,    0,    0,    0,    0,    0,    0,    0,    0,    0,    0,    0,    0,    0,    0,    0,    0,    0,    0,    0,    0,    0,    0,    0,    0,    0,    0,    0,    0,    0,    0,    0,    0,    0,    0,    0,    0,    0,    0,    0,    0,    0,    0,    0,    0,  -13,    0,    0,    0,    0,  -11,    0,    0,    0,    0,    0,    0,    0,    0,    0,    0,    0,    0,   -7,    0,    0,   -3,   -3,    0,    0,    0,    0,    0,    0,    0,    0,    0,    0,    0,    0,    0,    0,    0,    0,    0,    0,    0,    0,
       0,   -2,    0,    0,    0,    0,    0,    0,    0,    0,    0,    0,    0,    0,    0,    0,    0,    0,    0,    0,    0,    0,    0,    0,    0,    0,    0,    0,    0,    0,    0,    0,    0,    0,    0,    0,    0,    0,    0,    0,    0,    0,    0,    0,    0,    0,    0,    0,    0,    0,    0,    0,  -20,    0,    0,    0,    0,  -12,   -3,    0,  -10,    0,    0,    0,   -7,    0,    0,    0,   -3,    0,   -7,    0,    0,   -3,  -10,   -3,   -3,    0,    0,    0,    0,    0,    0,    0,    0,    0,    0,    0,    0,    0,    0,    0,    0,    0,    0,
       0,    0,    0,   -1,    0,    0,    0,    0,    0,    0,    0,    0,    0,    0,    0,    0,    0,    0,    0,    0,    0,    0,    0,    0,    0,    0,    0,    0,    0,    0,    0,    0,    0,    0,    0,    0,    0,    0,    0,    0,    0,    0,    0,    0,    0,    0,    0,    0,    0,    0,    0,    0,  -10,    0,    0,    0,    0,   -3,    0,    0,   -3,    0,    0,    0,   -3,    0,    0,    0,    0,    0,   -7,    0,    0,   -3,   -3,    0,    0,    0,    0,    0,    0,    0,    0,    0,    0,    0,    0,    0,    0,    0,    0,    0,    0,    0,    0,
       0,   10,    0,    0,  -13,   -7,    0,    0,    0,    0,    0,    0,    0,    0,    0,    0,    0,    0,    0,    0,    0,    0,    0,    0,    0,    0,    0,    0,    0,    0,    0,    0,    0,    0,    0,    0,    0,    0,    0,    0,    0,    0,    0,    0,    0,    0,    0,    0,    0,    0,    0,    0,    0,    0,    0,    0,   -7,    0,  -10,  -10,   -3,    0,    0,    0,    0,    0,    0,    0,  -13,   -3,    0,    0,  -10,    0,    0,    0,    0,    0,    0,    0,    0,    0,    0,    0,    0,    0,    0,    0,    0,    0,    0,    0,    0,    0,   13,
       0,   -3,    0,    0,    7,    0,    0,    0,    0,    0,    0,    0,    0,    0,    0,    0,    0,    0,    0,    0,    0,    0,    0,    0,    0,    0,    0,    0,    0,    0,    0,    0,    0,    0,    0,    0,    0,    0,    0,    0,    0,    0,    0,    0,    0,    0,    0,    0,    0,    0,    0,    0,  -10,    0,    0,   33,    7,    0,    0,   10,    0,    0,    0,   -5,    0,    0,    0,    0,    7,    0,    0,    0,    8,   -5,    0,  -10,    0,    0,    0,    0,   20,    0,    0,    0,    0,    0,    0,    0,    0,    0,    0,    0,    0,    0,    0,
       0,   -2,    0,    0,    0,    0,    0,    0,    0,    0,    0,    0,    0,    0,    0,    0,    0,    0,    0,    0,    0,    0,    0,    0,    0,    0,    0,    0,    0,    0,    0,    0,    0,    0,    0,    0,    0,    0,    0,    0,    0,    0,    0,    0,    0,    0,    0,    0,    0,    0,    0,    0,  -13,    0,    0,    0,    0,  -12,   -3,    0,   -7,    0,    0,    0,   -7,    0,    0,    0,   -3,    0,   -7,    0,    0,   -3,  -10,   -3,   -3,    0,    0,    0,    0,    0,    0,    0,    0,    0,    0,    0,    0,    0,    0,    0,    0,    0,    0,
       0,    0,    0,    0,    0,   -3,    0,    0,    0,    0,    0,    0,    0,    0,    0,    0,    0,    0,    0,    0,    0,    0,    0,    0,    0,    0,    0,    0,    0,    0,    0,    0,    0,    0,    0,    0,    0,    0,    0,    0,    0,    0,    0,    0,    0,    0,    0,    0,    0,    0,    0,    0,   -3,   -5,    0,    0,    0,   -3,    0,    0,    0,    0,   -5,   -3,    0,   -7,    0,    0,    0,   -7,    0,    0,    0,    0,    0,   -7,   -3,    0,    0,    0,    0,    0,    0,    0,    0,    0,    0,    0,    0,    0,   -7,    0,    0,    0,   10,
       0,    0,    0,    0,    0,    0,    0,    0,    0,    0,    0,    0,    0,    0,    0,    0,    0,    0,    0,    0,    0,    0,    0,    0,    0,    0,    0,    0,    0,    0,    0,    0,    0,    0,    0,    0,    0,    0,    0,    0,    0,    0,    0,    0,    0,    0,    0,    0,    0,    0,    0,    0,  -10,    0,    0,    0,    0,    0,    0,    0,    0,    0,    0,    0,    0,    0,    0,    0,    0,    0,    0,    0,    0,    0,    0,    0,    0,   -1,    0,    0,    0,    0,    0,    0,    0,    0,    0,    0,    0,    0,    0,    0,    0,    0,    0,
       0,    7,    0,    0,    0,    0,    0,    0,    0,    0,    0,    0,    0,    0,    0,    0,    0,    0,    0,    0,    0,    0,    0,    0,    0,    0,    0,    0,    0,    0,    0,    0,    0,    0,    0,    0,    0,    0,    0,    0,    0,    0,    0,    0,    0,    0,    0,    0,    0,    0,    0,    0,   -7,    0,    0,    0,    0,    0,    0,    0,    0,    0,    0,    0,    0,    0,    0,    0,    0,   -3,    0,    0,    0,    0,    0,    0,   -3,    0,    0,    0,    0,    0,    0,    0,    0,    0,    0,    0,    0,    0,    0,    0,    0,    0,    0,
       0,    7,    0,    0,  -13,    0,    0,    0,    0,    0,    0,    0,    0,    0,    0,    0,    0,    0,    0,    0,    0,    0,    0,    0,    0,    0,    0,    0,    0,    0,    0,    0,    0,    0,    0,    0,    0,    0,    0,    0,    0,    0,    0,    0,    0,    0,    0,    0,    0,    0,    0,    0,    0,    0,    0,    0,   -7,    0,   -7,  -10,   -3,    0,    0,    0,    0,   -3,    0,    0,  -17,  -10,    0,    0,  -17,    0,    0,    0,  -10,    0,    0,    0,    0,    0,    0,    0,    0,    0,    0,    0,    0,    0,    0,    0,    0,    0,   13,
       0,  -27,    0,    0,    0,    0,   -3,    0,    0,    0,    0,    0,    0,    0,    0,    0,    0,    0,    0,    0,    0,    0,    0,    0,    0,    0,    0,    0,    0,    0,    0,    0,    0,    0,    0,    0,    0,    0,    0,    0,    0,    0,    0,    0,    0,    0,    0,    0,    0,    0,    0,    0,  -20,    0,    0,    0,    0,   -7,   -3,    0,   -3,    0,   -3,  -23,   -7,    0,    0,    0,    0,    0,   -7,    0,    0,  -20,  -15,  -13,   -7,    0,    0,    0,    0,    0,   -7,    0,    0,    0,    0,    0,  -10,    0,   -7,    0,    0,    0,  -10,
       0,   -3,    0,    0,    0,    0,    0,    0,    0,    0,    0,    0,    0,    0,    0,    0,    0,    0,    0,    0,    0,    0,    0,    0,    0,    0,    0,    0,    0,    0,    0,    0,    0,    0,    0,    0,    0,    0,    0,    0,    0,    0,    0,    0,    0,    0,    0,    0,    0,    0,    0,    0,  -13,    0,    0,   13,    0,    0,    0,    0,    0,    0,    0,    0,    0,    0,    0,    0,    0,    0,    0,    0,    0,  -10,  -17,    0,    0,    0,    0,    0,    7,    0,    0,    0,    0,    0,    0,    0,    0,    0,    0,    0,    0,    0,    0,
       0,   10,    0,    0,  -13,   -7,    0,    0,    0,    0,    0,    0,    0,    0,    0,    0,    0,    0,    0,    0,    0,    0,    0,    0,    0,    0,    0,    0,    0,    0,    0,    0,    0,    0,    0,    0,    0,    0,    0,    0,    0,    0,    0,    0,    0,    0,    0,    0,    0,    0,    0,    0,    0,    0,    0,    0,   -7,    8,  -10,  -10,   -3,    0,    0,    0,    0,    0,    0,    0,  -13,   -3,    0,    0,  -10,    0,    0,    0,    0,    8,    0,    8,    0,    0,    0,    0,    0,    0,    0,    0,    0,    0,    0,    0,    0,    0,   13,
       0,    0,    0,    0,    0,    0,    0,    0,    0,    0,    0,    0,    0,    0,    0,    0,    0,    0,    0,    0,    0,    0,    0,    0,    0,    0,    0,    0,    0,    0,    0,    0,    0,    0,    0,    0,    0,    0,    0,    0,    0,    0,    0,    0,    0,    0,    0,    0,    0,    0,    0,    0,   -7,    0,    0,    0,    0,  -10,    0,    0,    0,    0,    0,    0,   -3,    0,    0,    0,    0,    0,    0,    0,    0,    0,    0,    0,   -7,    0,    0,    0,    0,    0,    0,    0,    0,    0,    0,    0,    0,    0,    0,    0,    0,    0,    0,
       0,   10,    0,    0,    0,    0,    0,    0,    0,    0,    0,    0,    0,    0,    0,    0,    0,    0,    0,    0,    0,    0,    0,    0,    0,    0,    0,    0,    0,    0,    0,    0,    0,    0,    0,    0,    0,    0,    0,    0,    0,    0,    0,    0,    0,    0,    0,    0,    0,    0,    0,    0,    7,    0,    0,    0,    0,    0,    0,    0,    0,    0,    0,    0,    0,    0,    0,    0,    0,    0,    0,    0,    0,    0,    0,    0,    0,   14,    0,    5,    0,    0,    0,    0,    0,    0,    0,    0,    0,    0,    0,    0,    0,    0,    0,
       0,    0,    0,    0,    0,    0,    0,    0,    0,    0,    0,    0,    0,    0,    0,    0,    0,    0,    0,    0,    0,    0,    0,    0,    0,    0,    0,    0,    0,    0,    0,    0,    0,    0,    0,    0,    0,    0,    0,    0,    0,    0,    0,    0,    0,    0,    0,    0,    0,    0,    0,    0,    0,    0,    0,   10,    0,    0,    0,    0,    0,    0,    0,    0,    0,    0,    0,    0,    0,    0,    0,    0,    0,    0,    0,    0,    0,    0,    0,    0,    7,    0,    0,    0,    0,    0,    0,    0,    0,    0,    0,    0,    0,    0,    0,
       0,   -3,    0,    0,    0,    0,    0,    0,    0,    0,    0,    0,    0,    0,    0,    0,    0,    0,    0,    0,    0,    0,    0,    0,    0,    0,    0,    0,    0,    0,    0,    0,    0,    0,    0,    0,    0,    0,    0,    0,    0,    0,    0,    0,    0,    0,    0,    0,    0,    0,    0,    0,  -13,    0,    0,   13,    0,    0,    0,    0,    0,    0,    0,    0,    0,    0,    0,    0,    0,    0,    0,    0,    0,  -10,  -17,    0,    0,    0,    0,    0,    0,    0,    0,    0,    0,    0,    0,    0,    0,    0,    0,    0,    0,    0,    0,
       0,    0,    0,    0,  -13,    0,    0,    0,    0,    0,    0,    0,    0,    0,    0,    0,    0,    0,    0,    0,    0,    0,    0,    0,    0,    0,    0,    0,    0,    0,    0,    0,    0,    0,    0,    0,    0,    0,    0,    0,    0,    0,    0,    0,    0,    0,    0,    0,    0,    0,    0,    0,    0,    0,    0,    0,    0,    0,    0,    0,    0,    0,    0,    0,    0,    0,    0,    0,   -7,    0,    0,    0,    0,    0,    0,    0,    0,    0,    0,    0,    0,    0,    0,    0,    0,    0,    0,    0,    0,    0,    0,    0,    0,    0,    0,
       0,  -13,    0,    0,    0,    0,    0,    0,    0,    0,    0,    0,    0,    0,    0,    0,    0,    0,    0,    0,    0,    0,    0,    0,    0,    0,    0,    0,    0,    0,    0,    0,    0,    0,    0,    0,    0,    0,    0,    0,    0,    0,    0,    0,    0,    0,    0,    0,    0,    0,    0,    0,  -13,    0,    0,    0,    0,    0,    0,    0,    0,    0,    0,  -13,    0,    0,    0,    0,    0,    0,    0,    0,    0,   -7,    0,    0,    0,    0,    0,    0,    0,    0,    0,    0,    0,  -10,   -7,  -10,    0,    0,    0,    0,    0,    0,    0,
       0,  -23,    0,    0,    0,    0,    0,    0,    0,    0,    0,    0,    0,    0,    0,    0,    0,    0,    0,    0,    0,    0,    0,    0,    0,    0,    0,    0,    0,    0,    0,    0,    0,    0,    0,    0,    0,    0,    0,    0,    0,    0,    0,    0,    0,    0,    0,    0,    0,    0,    0,    0,    0,    0,    0,    0,    0,    0,    0,    0,    0,    0,    0,    0,    0,   -7,    0,    0,    0,    0,    0,    0,    0,  -17,  -10,  -10,    0,    0,    0,    0,    0,    0,   -7,    0,    0,    0,    0,    0,   -7,    0,   -7,    0,    0,    0,    0,
       0,    0,    0,    0,  -13,    0,    0,    0,    0,    0,    0,    0,    0,    0,    0,    0,    0,    0,    0,    0,    0,    0,    0,    0,    0,    0,    0,    0,    0,    0,    0,    0,    0,    0,    0,    0,    0,    0,    0,    0,    0,    0,    0,    0,    0,    0,    0,    0,    0,    0,    0,    0,    0,    0,    0,    0,    0,    0,    0,    0,    0,    0,    0,    0,    0,    0,    0,    0,    0,    0,    0,    0,    0,    0,    0,    0,    0,    0,    0,    0,    0,    0,    0,    0,    0,   -3,    0,   -3,    0,    0,    0,    0,    0,    0,    0,
       0,    0,    0,    0,  -20,  -13,    0,    0,    0,    0,    0,    0,    0,    0,    0,    0,    0,    0,    0,    0,    0,    0,    0,    0,    0,    0,    0,    0,  -20,  -10,    0,    0,    0,    0,    0,    0,    0,    0,    0,    0,    0,    0,    0,    0,    0,    0,    0,    0,    0,    0,    0,    0,    7,   -7,    0,    0,  -13,    0,  -23,  -17,    0,    0,  -10,    0,    0,  -23,    0,    0,  -20,    0,   -7,   -7,    0,  -13,  -13,  -17,    0,    0,    0,    0,    0,   -7,   -7,    0,  -17,    0,    0,    0,  -13,  -17,  -23,  -17,  -27,    0,    0,
       0,    0,    0,    0,  -17,   -7,    0,    0,    0,    0,    0,    0,    0,    0,    0,    0,    0,    0,    0,    0,    0,    0,    0,    0,    0,    0,    0,    0,    0,    0,    0,    0,    0,    0,    0,    0,    0,    0,    0,    0,    0,    0,    0,    0,    0,    0,    0,    0,    0,    0,    0,    0,    0,    0,    0,    0,    0,    0,  -10,    0,    0,    0,    0,    0,    0,   -3,    0,    0,  -13,   -3,    0,    0,  -10,    0,    0,    0,    0,    0,    0,    0,    0,    0,    0,    0,    0,    0,    0,    0,    0,    0,    0,    0,    0,    0,    0,
       0,    0,    0,    0,  -17,   -7,    0,    0,    0,    0,    0,    0,    0,    0,    0,    0,    0,    0,    0,    0,    0,    0,    0,    0,    0,    0,    0,    0,    0,    0,    0,    0,    0,    0,    0,    0,    0,    0,    0,    0,    0,    0,    0,    0,    0,    0,    0,    0,    0,    0,    0,    0,    7,    0,    0,    0,    0,    0,  -20,    0,    0,    0,    0,    0,    0,  -13,    0,    0,  -17,    0,   -7,   -7,    0,    0,    0,  -17,    0,    7,    0,    0,    0,   -7,    0,    0,  -10,    0,    7,    0,    0,   -7,  -10,  -13,    0,    0,    0,
       0,    0,    0,    0,  -10,    0,    0,    0,    0,    0,    0,    0,    0,    0,    0,    0,    0,    0,    0,    0,    0,    0,    0,    0,    0,    0,    0,    0,    0,    0,    0,    0,    0,    0,    0,    0,    0,    0,    0,    0,    0,    0,    0,    0,    0,    0,    0,    0,    0,    0,    0,    0,    0,    0,    0,    0,    0,    0,    0,    0,    0,    0,    0,    0,    0,   -7,    0,    0,  -10,    0,    0,    0,    0,    0,    0,    0,    0,    0,    0,    0,    0,    0,    0,    0,    0,    0,    0,    0,    0,    0,    0,    0,    0,    0,    0,
       0,    0,    0,    0,    0,    0,    0,    0,    0,    0,    0,    0,    0,    0,    0,    0,    0,    0,    0,    0,    0,    0,    0,    0,    0,    0,    0,    0,    0,    0,    0,    0,    0,    0,    0,    0,    0,    0,    0,    0,    0,    0,    0,    0,    0,    0,    0,    0,    0,    0,    0,    0,    0,    0,    0,    0,    0,    0,    0,    0,    0,    0,    0,    0,    0,    0,    0,    0,    0,    0,    0,    0,    0,   -7,    0,  -17,    0,    0,    0,    0,    0,   -7,    0,    0,    0,    0,    0,    0,    0,  -17,   -7,    0,    0,    0,    0,
       0,    0,    0,    0,    0,    0,    0,    0,    0,    0,    0,    0,    0,    0,    0,    0,    0,    0,    0,    0,    0,    0,    0,    0,    0,    0,    0,    0,    0,    0,    0,    0,    0,    0,    0,    0,    0,    0,    0,    0,    0,    0,    0,    0,    0,    0,    0,    0,    0,    0,    0,    0,    0,    0,    0,    0,    0,    0,    0,    0,    0,    0,    0,    0,    0,   -3,    0,    0,    0,    0,    0,    0,    0,    0,    0,   -3,    0,    0,    0,    0,    0,    0,    0,    0,    0,    0,    0,    0,    0,    0,    0,    0,    0,    0,    0,
       0,    0,    0,    0,  -20,    0,    0,    0,    0,    0,    0,    0,    0,    0,    0,    0,    0,    0,    0,    0,    0,    0,    0,    0,    0,    0,    0,    0,    0,    0,    0,    0,    0,    0,    0,    0,    0,    0,    0,    0,    0,    0,    0,    0,    0,    0,    0,    0,    0,    0,    0,    0,    0,    0,    0,    0,    0,    0,  -20,    0,    0,    0,    0,    0,    0,  -17,    0,    0,  -17,    0,    0,    0,    0,    0,    0,  -13,    0,    7,    0,    0,    0,   -7,    0,    0,  -10,    0,    0,    0,    0,    0,  -13,  -13,  -13,   -3,    0,
       0,    0,    0,    0,  -13,    0,    0,    0,    0,    0,    0,    0,    0,    0,    0,    0,    0,    0,    0,    0,    0,    0,    0,    0,    0,    0,    0,    0,    0,    0,    0,    0,    0,    0,    0,    0,    0,    0,    0,    0,    0,    0,    0,    0,    0,    0,    0,    0,    0,    0,    0,    0,    0,    0,    0,    0,    0,    0,    0,    0,    0,    0,    0,    0,    0,    0,    0,    0,   -3,    0,    0,    0,    0,    0,    0,    0,    0,    0,    0,    0,    0,    0,    0,    0,    0,    0,    0,    0,    0,    0,    0,    0,    0,    0,    0,
       0,    0,    0,    0,    0,    0,    0,    0,    0,    0,    0,    0,    0,    0,    0,    0,    0,    0,    0,    0,    0,    0,    0,    0,    0,    0,    0,    0,    0,    0,    0,    0,    0,    0,    0,    0,    0,    0,    0,    0,    0,    0,    0,    0,    0,    0,    0,    0,    0,    0,    0,    0,   -7,    0,    0,    0,    0,    0,    0,    0,    0,    0,    0,    0,    0,    0,    0,    0,    0,    0,    0,    0,    0,    0,    0,    0,    0,    0,    0,    0,    0,    0,    0,    0,    0,   -3,    0,   -3,    0,    0,    0,    0,    0,    0,    0,
       0,   -3,    0,    0,    0,    0,    0,    0,    0,    0,    0,    0,    0,    0,    0,    0,    0,    0,    0,    0,    0,    0,    0,    0,    0,    0,    0,    0,    0,    0,    0,    0,    0,    0,    0,    0,    0,    0,    0,    0,    0,    0,    0,    0,    0,    0,    0,    0,    0,    0,    0,    0,    0,    0,    0,    0,    0,    0,    0,    0,    0,    0,    0,    0,    0,    0,    0,    0,    0,    0,   -7,    0,    0,    0,   -3,    0,    0,    0,    0,    0,    0,    0,    0,    0,    0,    0,    0,    0,    0,    0,    0,    0,    0,    0,    0,
};

static const EpdLigaturePair notosans_10_boldLigaturePairs[] = {
    { 0x00660066, 0xFB00 }, // f f -> U+FB00
    { 0x00660069, 0xFB01 }, // f i -> U+FB01
    { 0x0066006C, 0xFB02 }, // f l -> U+FB02
    { 0xFB000069, 0xFB03 }, // U+FB00 i -> U+FB03
    { 0xFB00006C, 0xFB04 }, // U+FB00 l -> U+FB04
};

static const EpdFontData notosans_10_bold = {
    notosans_10_boldBitmaps,
    notosans_10_boldGlyphs,
    notosans_10_boldIntervals,
    26,
    28,
    23,
    -7,
    true,
    nullptr,
    0,
    nullptr,
    notosans_10_boldKernLeftClasses,
    notosans_10_boldKernRightClasses,
    notosans_10_boldKernMatrix,
    534,
    526,
    110,
    95,
    notosans_10_boldLigaturePairs,
    5,
    nullptr,
    nullptr,
    nullptr,
};
