/**
 * generated by fontconvert.py
 * name: notosans_18_regular
 * size: 18
 * mode: 2-bit  compressed: true
 * Command used: fontconvert.py notosans_18_regular 18 ../builtinFonts/source/NotoSans/NotoSans-Regular.ttf --2bit --compress --pnum
 */
#pragma once
#include "EpdFontData.h"

static const uint8_t notosans_18_regularBitmaps[25437] = {
    0xDD, 0x5A, 0x3F, 0xB0, 0xDC, 0xC6, 0x79, 0xDF, 0x3B, 0xE4, 0x09, 0x43, 0x63, 0x12, 0xA8, 0xC8,
    0xB3, 0x66, 0xCC, 0x99, 0xC0, 0x65, 0xE2, 0xCC, 0x18, 0xAD, 0x1B, 0x1E, 0x30, 0xD1, 0x24, 0x2A,
    0x5C, 0x84, 0x05, 0x8F, 0x2A, 0x58, 0xB0, 0xF5, 0x48, 0x33, 0x61, 0x93, 0x22, 0x85, 0xF9, 0x16,
    0x51, 0xE3, 0x42, 0x85, 0x5F, 0x11, 0xA6, 0x48, 0x63, 0x17, 0x71, 0x46, 0x7A, 0x2C, 0xD4, 0xA4,
    0xB0, 0x93, 0xC7, 0x07, 0x64, 0x54, 0xA6, 0xD0, 0xC5, 0x1E, 0x47, 0xA5, 0xA1, 0x31, 0x33, 0x19,
    0xD9, 0x05, 0x61, 0x07, 0x89, 0x8E, 0x24, 0x80, 0xF5, 0xEF, 0xF7, 0x5B, 0x00, 0xEF, 0x1E, 0x45,
    0xBD, 0x47, 0x51, 0x74, 0x32, 0x93, 0xBB, 0xC3, 0xB7, 0x77, 0x87, 0xDD, 0x6F, 0xBF, 0xFD, 0xF6,
    0xFB, 0xBF, 0x48, 0xAB, 0x6C, 0x7C, 0xA7, 0x55, 0x5A, 0xF8, 0x77, 0x52, 0x24, 0xB9, 0x7F, 0xC7,
    0x7C, 0x9B, 0xD8, 0xEC, 0x19, 0xBE, 0xF6, 0x4C, 0x56, 0xD9, 0x4D, 0xB6, 0xC9, 0xAA, 0x3D, 0x63,
    0x97, 0x5B, 0xBB, 0xEC, 0x00, 0x0F, 0x16, 0xDB, 0x15, 0x3F, 0xED, 0xCA, 0xB4, 0x57, 0xF8, 0x69,
    0xF0, 0x31, 0xE6, 0xEB, 0x78, 0x1B, 0x93, 0x99, 0x15, 0xE0, 0x4A, 0xF0, 0xB6, 0xB9, 0x02, 0x78,
    0x6C, 0xBE, 0x2D, 0x78, 0x0C, 0xD8, 0xE1, 0x6D, 0xCC, 0x16, 0xEF, 0xC8, 0xE1, 0xD5, 0x09, 0xF6,
    0x2F, 0xDD, 0x7D, 0x74, 0xF7, 0xD1, 0x3B, 0x26, 0x68, 0x02, 0xA0, 0x09, 0xEA, 0xA0, 0x06, 0xDC,
    0x04, 0x1B, 0x63, 0xC2, 0x2A, 0x04, 0x8C, 0xAA, 0xA8, 0x32, 0xFB, 0x37, 0x7F, 0x7A, 0xF3, 0xA7,
    0x57, 0x33, 0xF6, 0x6F, 0x3C, 0x34, 0x29, 0xC8, 0x35, 0x26, 0xC5, 0x9B, 0xD3, 0x66, 0xF3, 0xB4,
    0x2B, 0x4D, 0x7B, 0x1B, 0x6F, 0x83, 0xA9, 0x8F, 0xE7, 0xC9, 0xCD, 0x55, 0x5C, 0xCB, 0xE6, 0x0C,
    0x28, 0x9D, 0x27, 0x25, 0x4F, 0xDD, 0x63, 0x67, 0xB2, 0xB7, 0x9A, 0xAF, 0x98, 0x92, 0x37, 0x4E,
    0x66, 0x60, 0x09, 0xB2, 0x1F, 0x03, 0xA4, 0x98, 0x13, 0x9D, 0x1F, 0x6A, 0x18, 0x68, 0x0C, 0x5D,
    0x0F, 0x2C, 0x8F, 0x5D, 0x0E, 0x54, 0xB6, 0x02, 0x88, 0x05, 0x36, 0x13, 0x48, 0xAA, 0x7F, 0x5C,
    0x36, 0x65, 0x51, 0x02, 0x3D, 0x06, 0x60, 0xA2, 0xCB, 0xCE, 0x15, 0x9F, 0xA2, 0x40, 0x60, 0xF7,
    0xB5, 0x60, 0xA7, 0x63, 0xA2, 0x6F, 0xC8, 0x2A, 0x13, 0xFF, 0xB8, 0x53, 0xA7, 0x24, 0x3F, 0x36,
    0x61, 0xED, 0x39, 0x8C, 0x99, 0xD4, 0x26, 0x05, 0x97, 0x3B, 0x2D, 0x3E, 0xD3, 0x92, 0xD9, 0x76,
    0xBE, 0x5D, 0xB6, 0xBE, 0x0D, 0xEA, 0x7D, 0xF5, 0x8F, 0xFE, 0x05, 0x74, 0xA7, 0xE6, 0x76, 0xFC,
    0x1D, 0x50, 0x13, 0x17, 0x5D, 0x16, 0x6F, 0x7A, 0x13, 0x3D, 0xDE, 0x1E, 0xC4, 0xC5, 0xCA, 0x04,
    0xAE, 0xEE, 0x92, 0x1C, 0x98, 0xDE, 0x58, 0xB4, 0x9E, 0xA9, 0x41, 0x93, 0x1A, 0xB2, 0x38, 0xDA,
    0x64, 0x6A, 0xE3, 0xCA, 0xB7, 0xBC, 0xCB, 0x76, 0x35, 0x32, 0xBF, 0x33, 0x1A, 0xB7, 0x20, 0xCE,
    0x15, 0x87, 0x61, 0x04, 0x58, 0x83, 0xBD, 0x0B, 0x1C, 0x17, 0x00, 0x62, 0xC9, 0x2F, 0x2F, 0x50,
    0xF3, 0x2B, 0xF4, 0xFF, 0xA5, 0xE4, 0x22, 0x38, 0xFA, 0x0B, 0xC7, 0x66, 0x30, 0x19, 0x96, 0xB4,
    0xE8, 0x4C, 0x5A, 0x09, 0x61, 0x52, 0xE9, 0x17, 0x1B, 0x4C, 0xC3, 0x7B, 0xE8, 0x52, 0xB2, 0xA7,
    0xFD, 0x13, 0x8D, 0x4B, 0x1F, 0x70, 0x8D, 0x26, 0x76, 0x1B, 0x36, 0x91, 0x90, 0x18, 0x8B, 0x3D,
    0xD9, 0xCF, 0x97, 0xCE, 0xD6, 0x26, 0xCB, 0xA3, 0x2E, 0xDE, 0x62, 0xF1, 0x71, 0x1D, 0x70, 0x24,
    0xF0, 0xBA, 0xA2, 0x27, 0xA6, 0xEC, 0x23, 0x20, 0xCC, 0x4D, 0xFC, 0xB8, 0x65, 0xB3, 0x04, 0xB7,
    0x89, 0xDE, 0x55, 0xEC, 0xB2, 0x00, 0x6D, 0x49, 0x6B, 0x12, 0x49, 0xC7, 0x91, 0xFB, 0xB5, 0xC3,
    0x7D, 0x08, 0x49, 0x59, 0x99, 0x5B, 0xAE, 0x35, 0x29, 0x76, 0xE3, 0x9A, 0xE6, 0xB1, 0xF6, 0x60,
    0xB5, 0x5A, 0x5D, 0xB9, 0x72, 0x05, 0x2B, 0xE7, 0x26, 0x9C, 0x90, 0xD8, 0x60, 0x6B, 0x42, 0xB0,
    0xA0, 0x36, 0x90, 0x82, 0x44, 0xE8, 0x38, 0x5B, 0xCE, 0xFB, 0xF6, 0x33, 0x3E, 0xBC, 0x9B, 0x9B,
    0xB4, 0x60, 0x7F, 0x8C, 0x8A, 0x6B, 0x62, 0x08, 0x5A, 0x62, 0xC3, 0x7A, 0x39, 0x32, 0x29, 0x6E,
    0xFB, 0xB6, 0x9A, 0xEE, 0x6E, 0x75, 0xB7, 0x57, 0x87, 0x72, 0x07, 0x0B, 0x26, 0x4B, 0x3F, 0xF5,
    0xD9, 0xA5, 0xE0, 0x84, 0xA3, 0x3C, 0x9D, 0x81, 0xE8, 0x04, 0x4E, 0xDC, 0x3C, 0xA0, 0xEC, 0xBD,
    0x63, 0xC4, 0xEF, 0x5D, 0x40, 0x19, 0x14, 0x58, 0xE5, 0x6D, 0x58, 0x67, 0xFD, 0x23, 0xD7, 0x58,
    0xEA, 0xDF, 0xDE, 0x9B, 0xC3, 0x9D, 0x1C, 0xBB, 0x48, 0xEE, 0xFF, 0x0C, 0x9C, 0x4B, 0xFF, 0x1C,
    0x5B, 0x60, 0x41, 0x99, 0x19, 0x02, 0x20, 0xEF, 0x96, 0x20, 0xED, 0xAF, 0xCC, 0x2C, 0xDD, 0xBF,
    0x6F, 0xA4, 0x88, 0x17, 0x80, 0xAF, 0x1D, 0x0D, 0x47, 0x7F, 0x4F, 0xFD, 0xDE, 0x0A, 0x3C, 0xC3,
    0x08, 0x81, 0xC5, 0xD5, 0xA8, 0x89, 0xA1, 0x75, 0x49, 0x95, 0x54, 0x69, 0x4E, 0xCD, 0xF8, 0xB6,
    0x79, 0xE3, 0xE8, 0x10, 0x6A, 0x8A, 0xCF, 0xFE, 0x3A, 0xDF, 0xB5, 0x63, 0x94, 0x67, 0x2F, 0x94,
    0xE0, 0x0B, 0x17, 0x4E, 0x9E, 0x90, 0x29, 0xD4, 0x1A, 0xAE, 0x98, 0x5A, 0x43, 0x4B, 0xC4, 0xA5,
    0xC4, 0xE7, 0x77, 0x0D, 0xC6, 0xAE, 0x60, 0xA2, 0xBA, 0x26, 0x53, 0x57, 0xE3, 0xBB, 0xFA, 0x57,
    0x0A, 0x71, 0x5C, 0xD0, 0x62, 0x85, 0xEE, 0xBD, 0xCE, 0xC4, 0xCD, 0x62, 0x60, 0x47, 0xEB, 0x77,
    0x4A, 0x7B, 0x6A, 0x39, 0xCB, 0x09, 0x71, 0x9C, 0x10, 0x59, 0x3F, 0x81, 0xE6, 0xB3, 0x40, 0x7D,
    0x32, 0x82, 0x78, 0xC3, 0xB1, 0x1B, 0x61, 0xA1, 0x08, 0x55, 0xDA, 0xCC, 0xB8, 0x31, 0xCE, 0x04,
    0xC3, 0x8D, 0x9E, 0xF3, 0xB6, 0xA4, 0x80, 0x5A, 0x45, 0xFB, 0x07, 0x9D, 0x0A, 0xA1, 0x5D, 0x9D,
    0x71, 0x5D, 0xD8, 0x77, 0xE9, 0x47, 0x5D, 0xFA, 0xD7, 0xDD, 0x25, 0x2C, 0xE5, 0xB9, 0x3F, 0x7A,
    0xDD, 0x02, 0xFE, 0x90, 0x33, 0xA5, 0xEE, 0x3D, 0xA8, 0xF0, 0x06, 0xB3, 0xFF, 0xAE, 0xF1, 0xEA,
    0x4A, 0x45, 0xF6, 0xFA, 0x7B, 0x0A, 0xC8, 0x22, 0xB1, 0x53, 0xAA, 0xBC, 0xA0, 0x22, 0x07, 0x94,
    0xB2, 0x98, 0xD2, 0x92, 0xB1, 0x07, 0xA5, 0x2A, 0xE8, 0x2E, 0xFA, 0x8B, 0xA6, 0xB5, 0x39, 0x05,
    0x13, 0x2D, 0x1B, 0xD2, 0x02, 0xE5, 0x76, 0x77, 0x9D, 0x49, 0x0F, 0x4D, 0x59, 0x5D, 0x1A, 0xC9,
    0xE0, 0x16, 0xED, 0x82, 0x6A, 0x46, 0x84, 0x0B, 0xCC, 0xC2, 0x90, 0x0D, 0xC1, 0x7D, 0x08, 0xE2,
    0x7B, 0x32, 0x25, 0xA5, 0x86, 0xD1, 0x50, 0x51, 0x1A, 0xB4, 0xDF, 0x1E, 0xE8, 0x67, 0xD4, 0xE8,
    0xEE, 0x5F, 0x62, 0xB3, 0x2B, 0xFB, 0xF1, 0x0D, 0x97, 0x43, 0x31, 0x7A, 0x9A, 0x79, 0x0C, 0xD8,
    0xBB, 0x2A, 0x6A, 0xC4, 0x03, 0x8F, 0x66, 0xE1, 0x08, 0x03, 0xC1, 0xE8, 0x67, 0x62, 0xC6, 0xF7,
    0x44, 0x81, 0xB7, 0x6E, 0x84, 0xCB, 0x2D, 0x61, 0xD0, 0x10, 0xC6, 0x95, 0xA4, 0x29, 0x27, 0xB4,
    0xE2, 0x9B, 0xEC, 0x20, 0xA4, 0x13, 0x30, 0x94, 0xD6, 0x62, 0x01, 0x5E, 0x77, 0x09, 0xE9, 0x14,
    0x8B, 0x5D, 0x38, 0x71, 0xFB, 0x3C, 0x18, 0x93, 0xE0, 0x53, 0xE0, 0xB7, 0xA8, 0x38, 0x03, 0xD2,
    0xFC, 0x0C, 0xC8, 0xFE, 0xF4, 0x2A, 0x59, 0xE4, 0x0E, 0x09, 0xB6, 0xE6, 0xF7, 0xEE, 0xDC, 0x1A,
    0x88, 0xCB, 0xE5, 0x13, 0x2F, 0x93, 0xA7, 0x70, 0xDA, 0xEF, 0x3A, 0x81, 0xCD, 0xBF, 0x0F, 0x46,
    0x98, 0xF2, 0x07, 0xD0, 0x84, 0x92, 0x7B, 0x96, 0x38, 0x0E, 0xDD, 0xCF, 0x67, 0xF7, 0x57, 0x02,
    0x5F, 0xE2, 0x68, 0xD4, 0x1E, 0x1D, 0xC1, 0xEC, 0x92, 0xD7, 0xDB, 0x69, 0x13, 0x84, 0x47, 0x82,
    0x93, 0x99, 0x49, 0xC5, 0x4E, 0x16, 0xFF, 0x94, 0x9B, 0x93, 0x14, 0xC2, 0xD7, 0x97, 0x18, 0x86,
    0xD6, 0xE5, 0xB2, 0xE2, 0x8E, 0x93, 0x0F, 0x1C, 0x29, 0x8D, 0xB9, 0x37, 0xAB, 0x0D, 0x35, 0xA6,
    0xA6, 0xE9, 0xDF, 0xA4, 0xEC, 0x07, 0x79, 0x2A, 0xF3, 0x70, 0xB8, 0x31, 0x50, 0x59, 0xB6, 0x54,
    0x16, 0x92, 0x7C, 0x6D, 0x47, 0xBC, 0x5A, 0x81, 0x79, 0xC3, 0xE7, 0x15, 0x69, 0x73, 0x45, 0x09,
    0x6D, 0x02, 0x6D, 0xB1, 0x59, 0x76, 0x93, 0x84, 0x3C, 0xAD, 0xAF, 0xF5, 0x3E, 0x6E, 0xB4, 0xAC,
    0x92, 0xE6, 0xF0, 0x6C, 0xDF, 0x74, 0xEE, 0x5B, 0x4E, 0x7D, 0x27, 0x23, 0x72, 0x48, 0x27, 0x04,
    0x87, 0x34, 0x40, 0xAC, 0x93, 0x1A, 0x34, 0xD3, 0xB4, 0x57, 0xDA, 0x7D, 0x2E, 0xC6, 0x7F, 0x93,
    0xB7, 0x01, 0xAF, 0x4A, 0x13, 0xF6, 0x4B, 0xAA, 0xFF, 0x03, 0x86, 0x2F, 0x14, 0x06, 0x8B, 0x65,
    0xC1, 0x25, 0xC2, 0x49, 0xB7, 0xE0, 0x2A, 0xFA, 0x59, 0x9A, 0x9D, 0x64, 0xB6, 0x38, 0x61, 0x23,
    0xC0, 0x9F, 0x4D, 0x29, 0x0E, 0x01, 0x55, 0x95, 0x3C, 0xBC, 0xEE, 0xF2, 0x90, 0xB2, 0xE1, 0x83,
    0x9E, 0xC5, 0xB5, 0x89, 0xA0, 0xCB, 0x44, 0x4A, 0x82, 0x02, 0x77, 0x77, 0x30, 0x51, 0x0B, 0x82,
    0x92, 0x0D, 0xF0, 0xA6, 0x74, 0x61, 0xA0, 0x25, 0x6C, 0x32, 0x8A, 0x32, 0x41, 0xEB, 0x41, 0x4E,
    0x00, 0x43, 0xD1, 0xB2, 0x4B, 0x1B, 0xB7, 0xC6, 0xB6, 0xA1, 0xBB, 0xFB, 0x49, 0x0B, 0xB6, 0xFF,
    0x04, 0x52, 0x3D, 0xD0, 0x92, 0x7A, 0xC5, 0x62, 0x9C, 0xF3, 0x24, 0xEF, 0xC8, 0x8F, 0xA0, 0x37,
    0xCB, 0x75, 0xD9, 0x62, 0x4A, 0xC7, 0xE0, 0x82, 0x0C, 0x5F, 0xE3, 0xFA, 0xD2, 0x19, 0xF3, 0xFE,
    0xE9, 0xD7, 0xAE, 0xF9, 0x5F, 0x16, 0x71, 0x93, 0xB4, 0x09, 0xDC, 0xC5, 0x22, 0x7F, 0x6A, 0xDF,
    0x3C, 0xAE, 0xE9, 0x48, 0xC8, 0xD9, 0x0C, 0x4E, 0xF1, 0xD8, 0xFC, 0x70, 0xF6, 0x5F, 0x0B, 0x0A,
    0x62, 0xB2, 0x35, 0x8A, 0x0F, 0x40, 0xF0, 0xF4, 0xA5, 0xE7, 0x97, 0x8D, 0xFF, 0x42, 0xEB, 0x07,
    0x70, 0x5F, 0xD1, 0x08, 0x67, 0xB0, 0x5B, 0x05, 0x3B, 0xDA, 0x5C, 0x6E, 0xE7, 0x52, 0x71, 0x0F,
    0xB1, 0x78, 0x7C, 0xE6, 0x77, 0xF6, 0xD7, 0xEB, 0x75, 0x4E, 0x95, 0xDD, 0x08, 0xAC, 0xF9, 0xF3,
    0x69, 0xA4, 0x51, 0x0A, 0xAB, 0xB9, 0x5F, 0xF5, 0x32, 0xFF, 0xBB, 0x62, 0xA6, 0x29, 0x35, 0xB9,
    0xC8, 0x10, 0x65, 0x9E, 0x34, 0x48, 0x8B, 0x46, 0xEA, 0x2B, 0x67, 0x4B, 0x01, 0x5E, 0x62, 0x27,
    0x92, 0x15, 0x61, 0x0B, 0x17, 0xF2, 0x0F, 0x03, 0x26, 0xCC, 0x6A, 0x45, 0x8B, 0x78, 0xBD, 0x3C,
    0xCD, 0xB8, 0x84, 0x42, 0x41, 0xCD, 0x37, 0xD9, 0xE0, 0x9A, 0xAF, 0x4B, 0x0F, 0x25, 0xB8, 0xDD,
    0x28, 0xEC, 0x93, 0x17, 0xDC, 0x7A, 0xA3, 0x4C, 0xF5, 0x77, 0x5E, 0xAC, 0xF9, 0xD3, 0x9B, 0x2F,
    0x33, 0xC6, 0xE7, 0xD0, 0xF1, 0x9D, 0xA5, 0x5C, 0x22, 0x63, 0x0A, 0x6F, 0x18, 0x79, 0xF1, 0xFB,
    0x25, 0xDD, 0x79, 0xF3, 0xE3, 0x51, 0xDC, 0xA5, 0x70, 0x20, 0xA0, 0x54, 0x84, 0x81, 0xA8, 0xDB,
    0x6E, 0x7C, 0x3F, 0x6A, 0x4C, 0xEF, 0x75, 0x48, 0x8A, 0x06, 0xAD, 0x82, 0xFF, 0xDD, 0xBF, 0x86,
    0xC9, 0xE2, 0x0A, 0xB2, 0x54, 0xC5, 0x45, 0x9A, 0x23, 0xA8, 0xDF, 0x44, 0x88, 0x57, 0xD3, 0x4D,
    0xB4, 0x09, 0xAB, 0x15, 0xFB, 0x54, 0xC1, 0xE6, 0xB6, 0xB9, 0xA7, 0xF6, 0x18, 0xA4, 0xA3, 0xAD,
    0x8F, 0x11, 0xD7, 0xC4, 0x68, 0xBB, 0x85, 0xDA, 0x8D, 0x6F, 0xC3, 0xAA, 0xD3, 0xFF, 0x51, 0xC5,
    0x7E, 0x30, 0x10, 0xC5, 0x31, 0x14, 0xDC, 0x6E, 0x10, 0x39, 0x9B, 0xEC, 0xDF, 0xFF, 0xE7, 0xE1,
    0xC0, 0xC8, 0x1B, 0x9B, 0xC0, 0xB0, 0x72, 0x39, 0xD0, 0xC5, 0xC8, 0x50, 0x4E, 0x22, 0x3B, 0x19,
    0x00, 0xED, 0xC1, 0xC8, 0xCD, 0xEC, 0xA1, 0xB9, 0x21, 0x45, 0x1F, 0x0D, 0x09, 0xB4, 0x71, 0xF0,
    0x7B, 0xBC, 0xF6, 0x3D, 0x23, 0x05, 0xC3, 0x72, 0x6D, 0x8C, 0x3C, 0x39, 0x44, 0xBE, 0x75, 0x25,
    0x78, 0x8F, 0xC1, 0x99, 0xE9, 0x32, 0xAD, 0x9A, 0xF6, 0x2F, 0x68, 0xBD, 0xA3, 0xA0, 0x0B, 0x8B,
    0x6A, 0x1F, 0x7E, 0x84, 0xE2, 0x39, 0xA7, 0x4E, 0x8B, 0xE5, 0x96, 0x3C, 0xE7, 0xE6, 0x94, 0xEB,
    0x75, 0x4F, 0x3D, 0x45, 0x12, 0xB2, 0x10, 0x5C, 0x0E, 0x47, 0x47, 0x65, 0xC1, 0x6E, 0x49, 0xE5,
    0x43, 0x1C, 0x9A, 0xD6, 0x48, 0x3E, 0x27, 0x6C, 0x68, 0x7F, 0x82, 0x2D, 0xA7, 0x40, 0xAE, 0x27,
    0xA3, 0x26, 0x01, 0x1A, 0xAC, 0x7B, 0x94, 0x1B, 0xB9, 0x37, 0x06, 0x7F, 0xB0, 0x1C, 0x8B, 0x52,
    0x76, 0xB4, 0xB1, 0xDC, 0x10, 0x4B, 0x8A, 0xCE, 0x80, 0xA8, 0x91, 0x71, 0xB1, 0xEB, 0xEB, 0xF2,
    0x8A, 0xED, 0x38, 0x16, 0x3F, 0x37, 0xD3, 0xB0, 0x80, 0x13, 0x68, 0x96, 0x45, 0x7F, 0x06, 0xE8,
    0x46, 0x48, 0x90, 0x2A, 0xD4, 0xDC, 0x10, 0x10, 0xCB, 0xFD, 0x59, 0x7E, 0x6E, 0xF1, 0xBB, 0x12,
    0x37, 0x39, 0x3E, 0xC9, 0xFD, 0x5F, 0x20, 0xE2, 0x31, 0x93, 0x9C, 0x7B, 0x7F, 0xE1, 0xCD, 0xE9,
    0xE8, 0x84, 0x6D, 0x3E, 0xFB, 0x0C, 0x6F, 0x5C, 0x2F, 0x80, 0xBE, 0xBF, 0x1F, 0x2B, 0xCF, 0x06,
    0x61, 0x3A, 0xDD, 0xA4, 0xB0, 0xF7, 0x0A, 0x52, 0x30, 0xA7, 0x29, 0x87, 0xBB, 0xBD, 0x64, 0x96,
    0x19, 0xA1, 0x9C, 0x88, 0xD9, 0xBB, 0xC6, 0x4D, 0x7E, 0xC4, 0x98, 0x51, 0x7F, 0x6B, 0x21, 0x98,
    0x7D, 0x0F, 0xE6, 0x8B, 0xFC, 0xE9, 0x09, 0x21, 0x1F, 0x56, 0x9A, 0x60, 0x45, 0x2B, 0x61, 0x42,
    0xFE, 0x80, 0x7A, 0x6B, 0x46, 0x26, 0x8E, 0x30, 0xDC, 0x81, 0xD1, 0xA7, 0xA0, 0xEF, 0xEF, 0xC7,
    0x66, 0xD5, 0x8C, 0xD3, 0xE3, 0xD7, 0x5C, 0x8B, 0xB2, 0x9D, 0x68, 0x70, 0xF4, 0xAE, 0x10, 0xC0,
    0x43, 0x4F, 0x1B, 0x7F, 0xEB, 0x1A, 0xB9, 0xF3, 0x99, 0xD7, 0x7A, 0x7D, 0x0D, 0xFD, 0x3A, 0x5D,
    0xFC, 0x7E, 0x51, 0x7F, 0x89, 0xF9, 0x88, 0xDB, 0x5F, 0xCF, 0x3E, 0xD7, 0x93, 0xF3, 0x1D, 0x1D,
    0xBD, 0xF3, 0x4C, 0x63, 0xCE, 0x04, 0xDE, 0x94, 0x93, 0x87, 0x34, 0xBE, 0x2A, 0x17, 0x38, 0xC6,
    0x65, 0x90, 0x9B, 0xB0, 0x0A, 0xDC, 0x8E, 0x9C, 0x34, 0x9F, 0x43, 0x4E, 0x52, 0xB7, 0x7D, 0x02,
    0x42, 0x59, 0xD8, 0x1F, 0x2A, 0x53, 0x08, 0x4A, 0x7D, 0xE0, 0x07, 0x01, 0x63, 0x26, 0x07, 0x5B,
    0xCA, 0x49, 0xB0, 0xA5, 0x9C, 0xC0, 0x4C, 0x96, 0xC3, 0x51, 0xB9, 0x65, 0xC8, 0x03, 0x11, 0x59,
    0x94, 0x0C, 0xA2, 0xCC, 0x62, 0xED, 0xE7, 0x8A, 0xFD, 0xEE, 0x3F, 0x2F, 0x84, 0xCF, 0xB8, 0x55,
    0x59, 0xF9, 0x85, 0x11, 0x1E, 0x1D, 0x1D, 0xBD, 0xF7, 0xC5, 0x70, 0xEE, 0x42, 0x06, 0x42, 0xCD,
    0x65, 0x77, 0xF8, 0x45, 0x52, 0x05, 0x7C, 0x5E, 0x1A, 0x72, 0x8F, 0x8A, 0x2E, 0x1E, 0x51, 0xCF,
    0x0B, 0xFE, 0x28, 0xE7, 0xCE, 0xE0, 0x23, 0x0B, 0x88, 0x78, 0x79, 0x7F, 0xDC, 0xC7, 0x85, 0x74,
    0x0D, 0xDE, 0x4B, 0x81, 0x9F, 0x32, 0x65, 0xA6, 0x5F, 0xF4, 0x55, 0x56, 0xDE, 0xCA, 0x2A, 0x00,
    0xB3, 0x92, 0x02, 0x8B, 0x38, 0x06, 0x50, 0x49, 0x89, 0x55, 0x70, 0x66, 0x13, 0x9A, 0x12, 0x2B,
    0xF7, 0x68, 0x65, 0xBD, 0xED, 0x63, 0x5A, 0x65, 0xFB, 0x6F, 0x4E, 0xF8, 0x4B, 0x06, 0x57, 0xF2,
    0xC1, 0x56, 0xD2, 0x64, 0xE5, 0x28, 0xAD, 0x61, 0x02, 0x3C, 0xCD, 0x32, 0xCE, 0x98, 0x68, 0xF6,
    0x48, 0x16, 0x00, 0x13, 0x5B, 0xA5, 0x35, 0x9F, 0x47, 0xAE, 0x9F, 0xEB, 0xDA, 0xD5, 0x41, 0x05,
    0x02, 0xBD, 0x55, 0xBC, 0xD9, 0xDB, 0x56, 0x71, 0x83, 0xE5, 0x6A, 0xB2, 0xFE, 0x60, 0x6C, 0x18,
    0xCB, 0xDE, 0xEB, 0x0F, 0x38, 0xB4, 0xEB, 0x0F, 0xE0, 0x0A, 0x16, 0xDB, 0xFE, 0x00, 0xB1, 0x66,
    0xD0, 0xF6, 0x07, 0xF0, 0x37, 0x41, 0x83, 0x66, 0xC3, 0x98, 0x91, 0xC9, 0x7E, 0x5C, 0xF5, 0x36,
    0x60, 0x4A, 0xD2, 0x5B, 0xF8, 0x9C, 0x34, 0x87, 0xFD, 0x46, 0xE6, 0x65, 0xD0, 0xF4, 0x08, 0x9E,
    0xD0, 0xF0, 0x37, 0x9A, 0xCC, 0x37, 0xE9, 0x5B, 0x2D, 0x9B, 0xE4, 0xFD, 0x86, 0x4D, 0xFC, 0x61,
    0xCD, 0x26, 0xFA, 0xE5, 0x86, 0x0D, 0x33, 0x23, 0x35, 0x05, 0x1B, 0xBA, 0xCE, 0xDE, 0xB3, 0x8F,
    0xCD, 0x3D, 0x36, 0x54, 0xB1, 0x9A, 0x61, 0x00, 0xCC, 0xA0, 0x12, 0x74, 0x06, 0x31, 0x80, 0x0A,
    0x5C, 0x0F, 0x9C, 0x20, 0x3A, 0x01, 0x62, 0x27, 0x01, 0xB1, 0x1B, 0x80, 0x21, 0xEB, 0x31, 0x07,
    0x08, 0xCC, 0x01, 0x81, 0x8E, 0x26, 0xD4, 0xE6, 0x84, 0x59, 0x45, 0x18, 0xD7, 0x84, 0x61, 0x4B,
    0x18, 0x74, 0x32, 0xB0, 0x88, 0x44, 0x01, 0xCB, 0x57, 0x09, 0xB3, 0xF7, 0xE5, 0xC9, 0x7E, 0x4E,
    0x18, 0x7D, 0x22, 0xBF, 0xE5, 0x1A, 0x99, 0x56, 0x19, 0xDE, 0x52, 0x30, 0x13, 0x4C, 0x9A, 0xD3,
    0x24, 0x86, 0xAA, 0x4D, 0x45, 0xEF, 0xC7, 0xB8, 0xAD, 0x90, 0xAB, 0x00, 0xD5, 0xC8, 0xBE, 0x69,
    0x79, 0x28, 0x28, 0x90, 0x00, 0x5A, 0x0A, 0x16, 0xBD, 0x7C, 0x12, 0xEA, 0x73, 0x84, 0x5C, 0x06,
    0x28, 0x2B, 0x4A, 0xEF, 0x78, 0x4A, 0x6F, 0x9F, 0x2E, 0x6C, 0xBC, 0xD9, 0xC7, 0x38, 0x9F, 0x1F,
    0xE5, 0x23, 0xCE, 0xD4, 0xCF, 0xC0, 0xF9, 0x20, 0x90, 0xE3, 0xEC, 0x4B, 0xF8, 0x4D, 0x72, 0x10,
    0x7E, 0x8B, 0xE9, 0x68, 0x22, 0x8F, 0xC0, 0xF8, 0x40, 0x4E, 0x53, 0x31, 0xBE, 0x75, 0x1F, 0x4B,
    0x74, 0x5A, 0xEF, 0x2F, 0xAC, 0x79, 0x05, 0x2E, 0xD8, 0x4C, 0x49, 0x83, 0x1D, 0x5D, 0x8E, 0x1C,
    0xB9, 0x5C, 0x90, 0xFF, 0xC9, 0x1B, 0xF2, 0x63, 0x65, 0x61, 0xD7, 0x6F, 0x3A, 0x8E, 0xDD, 0x12,
    0xC0, 0xEB, 0x1C, 0xFD, 0xCD, 0x68, 0x54, 0x3F, 0x17, 0xF8, 0x7F, 0xC2, 0xD1, 0x9B, 0x5E, 0x34,
    0xC2, 0x6E, 0x0C, 0xAB, 0xC7, 0x80, 0xBE, 0xF2, 0x35, 0x02, 0x7F, 0x33, 0xDE, 0x9A, 0x91, 0xFB,
    0xE0, 0x7D, 0x3E, 0xF3, 0x9E, 0x06, 0xE2, 0x25, 0x57, 0xD8, 0x91, 0x1E, 0xCF, 0xE7, 0x7A, 0x62,
    0x7B, 0x54, 0x9F, 0xE1, 0x3D, 0xBB, 0x2C, 0xC6, 0x3A, 0x84, 0xE5, 0xE4, 0x96, 0x8C, 0xB2, 0xE4,
    0x8A, 0x8C, 0x9C, 0xA5, 0x17, 0xB2, 0xCC, 0x52, 0xED, 0x68, 0x7A, 0x6C, 0x7E, 0x06, 0x73, 0x34,
    0x47, 0x66, 0xB2, 0x80, 0xCA, 0xF3, 0x1E, 0x2A, 0x7E, 0xAC, 0xE8, 0x46, 0x2B, 0x10, 0x79, 0x39,
    0x4F, 0xE6, 0x4C, 0x55, 0x95, 0x9C, 0xF4, 0xB4, 0xCE, 0xA3, 0xBC, 0x4D, 0xB9, 0xAD, 0xB6, 0x4B,
    0x4C, 0x48, 0x94, 0x37, 0x6A, 0xDF, 0x7C, 0x46, 0xA4, 0x65, 0x0B, 0x87, 0x82, 0xB4, 0x68, 0xA7,
    0x94, 0xA2, 0x1B, 0xDF, 0xA0, 0x98, 0x65, 0x8F, 0x90, 0xE6, 0x66, 0xAC, 0xE3, 0x5C, 0xA6, 0xF8,
    0xA8, 0x9E, 0x22, 0xCF, 0x96, 0x97, 0x3B, 0xF0, 0xAC, 0xB7, 0xFE, 0xBF, 0x87, 0x07, 0xF2, 0x96,
    0xE5, 0xFF, 0x22, 0x3C, 0x8D, 0x1C, 0x21, 0xA7, 0xF4, 0x44, 0x39, 0xE5, 0xD3, 0x51, 0x9A, 0x10,
    0x7A, 0x04, 0xEE, 0x17, 0x88, 0xFB, 0x8C, 0xE2, 0x3E, 0x5F, 0x55, 0xF1, 0xB5, 0x96, 0x13, 0x25,
    0x29, 0xA5, 0x18, 0x4F, 0xE9, 0x46, 0xB6, 0x5F, 0x50, 0x84, 0x94, 0xB3, 0x55, 0x4C, 0x63, 0x54,
    0x45, 0x90, 0xA1, 0xA4, 0xCC, 0x33, 0x5D, 0x18, 0x28, 0x36, 0xDE, 0x8D, 0x2F, 0x55, 0x79, 0xE6,
    0x9F, 0xA5, 0x12, 0x76, 0xEF, 0x40, 0x31, 0x64, 0x63, 0x7C, 0x09, 0x92, 0xE5, 0x88, 0x62, 0x2C,
    0xB3, 0x8C, 0x41, 0x6B, 0xD0, 0x0E, 0x0A, 0x97, 0x94, 0xBA, 0xF5, 0x52, 0x84, 0x41, 0x12, 0x5F,
    0x4A, 0xFC, 0xE5, 0x92, 0x7C, 0x26, 0x3B, 0xFA, 0x61, 0x9F, 0x5B, 0x92, 0xBC, 0x40, 0x06, 0x1E,
    0x08, 0x19, 0xE0, 0x47, 0xCC, 0x51, 0x58, 0x76, 0x8E, 0x6B, 0x4C, 0x44, 0x89, 0x42, 0x06, 0xB3,
    0x51, 0x0D, 0x3A, 0xA9, 0x40, 0x73, 0xF2, 0x41, 0x05, 0x89, 0x04, 0x3D, 0xE9, 0x77, 0x59, 0x1B,
    0x03, 0x79, 0xD9, 0x37, 0x6B, 0xF8, 0x1F, 0x50, 0x9B, 0x85, 0xA3, 0x06, 0x1C, 0x04, 0x0D, 0x58,
    0x80, 0x55, 0xDC, 0xC3, 0xBF, 0x2A, 0x86, 0x77, 0x8B, 0x4E, 0xE5, 0x74, 0x7E, 0xE5, 0xEA, 0x06,
    0x78, 0xB3, 0x9E, 0x89, 0x6D, 0x89, 0x1E, 0x27, 0x5C, 0x69, 0x86, 0x31, 0x2A, 0x6F, 0x67, 0xAF,
    0x01, 0x1D, 0xD7, 0x9B, 0xBE, 0xBD, 0xC1, 0x24, 0x2C, 0x00, 0x60, 0xCA, 0xE4, 0x03, 0x96, 0x8A,
    0xF1, 0x85, 0x97, 0x89, 0x1F, 0x14, 0xBA, 0x44, 0x5F, 0x48, 0x39, 0x25, 0xC5, 0x8A, 0x3B, 0xB9,
    0x06, 0xFF, 0x85, 0xC9, 0xC2, 0x30, 0xD6, 0x8C, 0xA8, 0x6D, 0xD4, 0xA3, 0xA4, 0xA0, 0x62, 0xA8,
    0x82, 0x0B, 0x86, 0xFB, 0x22, 0xFF, 0xD2, 0x27, 0xBA, 0xCE, 0x33, 0x39, 0xF7, 0x7B, 0xE4, 0x77,
    0xAD, 0x54, 0x05, 0xA9, 0x93, 0x4D, 0x11, 0x33, 0x7D, 0x15, 0xD4, 0xCA, 0xB0, 0xD8, 0xCD, 0xFC,
    0x8F, 0xBF, 0x1B, 0xFC, 0x4A, 0xF5, 0xD3, 0xDA, 0x99, 0xB1, 0x5C, 0x0C, 0x6C, 0xE4, 0xF5, 0x09,
    0x35, 0x0F, 0x13, 0x21, 0xDC, 0xC1, 0x8C, 0x98, 0x2E, 0xD2, 0xEC, 0xA4, 0xC4, 0x9B, 0x50, 0x6F,
    0x33, 0x13, 0x96, 0xCF, 0x40, 0x21, 0x55, 0x0E, 0xC2, 0xC6, 0xD4, 0x5D, 0x19, 0x6F, 0xCF, 0xFE,
    0x9E, 0x48, 0x7C, 0x9E, 0x36, 0xBC, 0xF0, 0x51, 0x24, 0x17, 0x1B, 0x7F, 0xA4, 0xAA, 0xD7, 0x7F,
    0x89, 0x1E, 0xD1, 0xE6, 0x6B, 0x16, 0xC6, 0xF9, 0x10, 0x3C, 0xFF, 0x62, 0x90, 0xD9, 0x60, 0xBB,
    0x7B, 0x80, 0xE0, 0x03, 0x7C, 0x59, 0x9B, 0xB9, 0xD4, 0xEB, 0x2B, 0xCE, 0xDD, 0x64, 0x76, 0xCE,
    0xBF, 0x59, 0x9F, 0xB9, 0x39, 0x7C, 0xD6, 0x4D, 0x1E, 0x67, 0x9E, 0x02, 0x98, 0x26, 0xFF, 0xE9,
    0x54, 0x25, 0x79, 0x81, 0x9F, 0x19, 0xF3, 0xC1, 0x58, 0x56, 0xE1, 0xAA, 0xBD, 0xC6, 0xF9, 0x2A,
    0x02, 0x45, 0x94, 0xE2, 0xC2, 0x12, 0xC0, 0x5C, 0xA9, 0xB1, 0x63, 0x67, 0x89, 0x58, 0xE5, 0x0B,
    0x15, 0xEC, 0x1C, 0x8C, 0x9D, 0xE7, 0xB2, 0xCE, 0xC9, 0xD4, 0x39, 0xF7, 0x9D, 0x63, 0x75, 0xCE,
    0xDC, 0xF8, 0xD1, 0xE9, 0xD4, 0x8B, 0xFC, 0x9C, 0x62, 0x36, 0xED, 0x5C, 0x17, 0x1D, 0x8C, 0xD7,
    0x17, 0x13, 0x7D, 0x40, 0x12, 0xBE, 0x49, 0x81, 0xE7, 0xA9, 0xF0, 0x8A, 0xE7, 0xA0, 0xAC, 0xD9,
    0xE0, 0x73, 0xCC, 0x43, 0xD1, 0x15, 0x17, 0x90, 0xF2, 0xA4, 0x31, 0x2E, 0x40, 0x69, 0x54, 0x25,
    0x30, 0x16, 0x75, 0xC6, 0x33, 0x1C, 0xB2, 0xA7, 0xFB, 0x1A, 0x92, 0xA0, 0x43, 0x0A, 0x42, 0x2D,
    0xF0, 0x46, 0xCE, 0xCD, 0x82, 0xAC, 0x73, 0xC9, 0x9D, 0x38, 0xB2, 0x37, 0x96, 0x60, 0x18, 0xD8,
    0x07, 0x74, 0xDA, 0xCB, 0x87, 0x7F, 0x86, 0x99, 0x8B, 0x27, 0x0F, 0x2F, 0xE2, 0xF1, 0xDB, 0x57,
    0xE0, 0x03, 0x59, 0x47, 0xA9, 0xA2, 0xE1, 0x4E, 0x52, 0xA5, 0x2C, 0xC3, 0x67, 0x85, 0x57, 0x26,
    0xD9, 0x62, 0x29, 0x26, 0x0F, 0xD7, 0x17, 0xAE, 0x4A, 0xFF, 0xFB, 0xE6, 0x83, 0x2A, 0x76, 0xEE,
    0xED, 0x6A, 0xE9, 0xFA, 0xA8, 0x32, 0x7B, 0xE0, 0xE9, 0xB7, 0xA6, 0x42, 0xF1, 0x85, 0x00, 0x54,
    0xF5, 0x74, 0x9D, 0x7D, 0x09, 0x1F, 0xE8, 0xFA, 0xD7, 0x9D, 0x61, 0x14, 0x55, 0xB8, 0x7C, 0x2A,
    0x6D, 0xCB, 0x04, 0xCA, 0x20, 0x0E, 0x73, 0xF5, 0x56, 0x60, 0x18, 0x41, 0xD4, 0xB8, 0x51, 0xDB,
    0xD1, 0x99, 0xB5, 0x62, 0x20, 0x28, 0x8B, 0x61, 0xB8, 0xE1, 0x4C, 0x47, 0xA4, 0x5B, 0x79, 0x66,
    0x1D, 0x65, 0x2A, 0x0B, 0x75, 0xED, 0x12, 0xCA, 0x13, 0x0D, 0xD7, 0x1B, 0xCA, 0x35, 0xC5, 0x9A,
    0x9A, 0x5E, 0x8E, 0x65, 0xE8, 0x61, 0x24, 0xAD, 0xDF, 0xF9, 0x5D, 0x8E, 0xE9, 0x32, 0xFB, 0x22,
    0xFA, 0x7D, 0x39, 0x1A, 0xFE, 0x4E, 0x38, 0x90, 0x77, 0xD7, 0xE3, 0x19, 0xE9, 0xF2, 0x70, 0x2E,
    0xEA, 0x9E, 0x03, 0xF6, 0xAE, 0x02, 0x94, 0xEE, 0xB5, 0x06, 0x7B, 0xF0, 0x9F, 0x4D, 0xDC, 0x5F,
    0x77, 0x0D, 0x78, 0x6B, 0x69, 0xF3, 0x53, 0x45, 0x97, 0x2A, 0x49, 0x37, 0xE7, 0xAF, 0xB6, 0x9C,
    0x42, 0x51, 0x0E, 0x4B, 0x3C, 0x82, 0x78, 0xB8, 0xF1, 0x98, 0x48, 0x7F, 0x02, 0xE3, 0xED, 0x5E,
    0x6D, 0xC6, 0x43, 0x30, 0x1F, 0xE0, 0xB2, 0x1E, 0x0E, 0x5A, 0xA3, 0xFE, 0x95, 0x9E, 0x36, 0x40,
    0xB6, 0x4A, 0xA6, 0x4A, 0xF1, 0x5F, 0xC2, 0x03, 0xB9, 0x44, 0xF5, 0xD6, 0x11, 0x40, 0x98, 0x8A,
    0x61, 0xAE, 0xCA, 0x97, 0x73, 0xAD, 0xC0, 0x1F, 0x7B, 0x00, 0x77, 0x1E, 0xBA, 0xBF, 0x2D, 0xF3,
    0x85, 0x02, 0x93, 0x54, 0x0F, 0x0A, 0xA8, 0xBA, 0xF7, 0xC6, 0x21, 0xDC, 0x40, 0xAB, 0xE7, 0x07,
    0xB2, 0xEA, 0xAA, 0x06, 0x9E, 0xEC, 0x30, 0xB3, 0x67, 0x8C, 0xA5, 0x98, 0x2D, 0xDF, 0x1F, 0xD6,
    0x67, 0xFE, 0x7F, 0xEE, 0x4B, 0xA7, 0x4F, 0x25, 0x16, 0x8C, 0xA5, 0xFF, 0x1C, 0xFC, 0x7C, 0xFD,
    0x31, 0xF7, 0xF4, 0x09, 0x7E, 0x46, 0xE7, 0xF2, 0x33, 0x7C, 0x92, 0x9F, 0x42, 0x00, 0x54, 0xCE,
    0x6F, 0x12, 0x18, 0xF8, 0x1A, 0xF9, 0x79, 0xBA, 0x8F, 0x51, 0x7D, 0x7A, 0x8A, 0xF1, 0x07, 0x39,
    0x44, 0x2D, 0x71, 0xA5, 0x63, 0x28, 0xAC, 0x62, 0x47, 0xF1, 0xB9, 0x65, 0x5F, 0x27, 0x3A, 0xBD,
    0x19, 0x86, 0xEB, 0x93, 0xEC, 0x17, 0x5E, 0xF6, 0x13, 0x29, 0x00, 0xDD, 0xC9, 0x08, 0xFA, 0xE7,
    0x03, 0x5F, 0x92, 0x1B, 0xCB, 0x8A, 0x4B, 0x63, 0x92, 0x81, 0x10, 0xFF, 0x99, 0xDE, 0x66, 0x59,
    0xD0, 0x8A, 0xC0, 0xB3, 0x00, 0x2E, 0x77, 0x6A, 0xF5, 0x2F, 0xD0, 0x34, 0xC2, 0x90, 0xF0, 0x20,
    0x8F, 0x05, 0xFB, 0x67, 0xE7, 0x9B, 0x00, 0x7C, 0x54, 0xCF, 0x12, 0x44, 0x4F, 0xEA, 0xF4, 0xA8,
    0x43, 0x4F, 0x89, 0xED, 0xE9, 0xB6, 0x7A, 0x7A, 0xC3, 0x9E, 0x02, 0xDB, 0x4B, 0xAF, 0xFD, 0x19,
    0x0E, 0xF6, 0xCD, 0xBD, 0xDD, 0xFA, 0x83, 0x7B, 0x74, 0x66, 0xCA, 0xCD, 0x4A, 0x7B, 0xCF, 0x54,
    0xA7, 0xE7, 0x32, 0x7B, 0xFA, 0xBC, 0x11, 0xB3, 0x29, 0xF3, 0x6F, 0xF5, 0xE7, 0xBC, 0x24, 0xF4,
    0x6B, 0x1E, 0x68, 0xBA, 0x9A, 0x62, 0x0F, 0x53, 0x03, 0x5F, 0x3C, 0x98, 0xE1, 0xE1, 0x8D, 0x7E,
    0xDC, 0x49, 0x28, 0x82, 0x0C, 0x99, 0x1D, 0x8F, 0xE9, 0x64, 0x41, 0x9D, 0xF1, 0x27, 0x99, 0x83,
    0x5A, 0x6D, 0x6C, 0x36, 0xEE, 0xD4, 0x6F, 0xA5, 0x9D, 0x88, 0x14, 0x85, 0xE0, 0x50, 0xFF, 0xDB,
    0x92, 0x32, 0x19, 0x57, 0x68, 0x4B, 0x4D, 0x73, 0x83, 0x58, 0x09, 0x4C, 0xC8, 0xA1, 0x4B, 0x74,
    0x12, 0x53, 0xCE, 0x55, 0x8E, 0xE1, 0xB1, 0x07, 0xDB, 0x7E, 0x06, 0xFA, 0x79, 0x32, 0x15, 0xD6,
    0x19, 0x0B, 0x2B, 0xFC, 0x8D, 0xEB, 0x98, 0x08, 0x42, 0xF2, 0x73, 0xA1, 0x94, 0x38, 0x9D, 0x4D,
    0xF9, 0xC4, 0x7B, 0x6F, 0xE3, 0x87, 0x53, 0xC7, 0x51, 0x9C, 0xE7, 0x38, 0x4E, 0xAD, 0xE8, 0x19,
    0xC7, 0x91, 0xD0, 0x71, 0x64, 0x15, 0xB0, 0x95, 0x85, 0xA3, 0xE3, 0x90, 0x37, 0xF2, 0x7E, 0x89,
    0xB3, 0x3D, 0xAB, 0x54, 0x3E, 0xCD, 0x20, 0xBD, 0x58, 0x03, 0xFF, 0xE1, 0x53, 0x0C, 0xD2, 0xC5,
    0x60, 0xDD, 0x45, 0xAE, 0xCB, 0x86, 0xCE, 0xBD, 0xCB, 0x73, 0xE3, 0x8A, 0xC7, 0xD8, 0x4E, 0xF6,
    0x7D, 0x10, 0xE1, 0xE7, 0x7F, 0x58, 0xE3, 0x07, 0xF7, 0xEF, 0x47, 0xB0, 0x70, 0xE9, 0x7F, 0x7C,
    0x99, 0xBB, 0xF3, 0x72, 0x36, 0x45, 0x65, 0x95, 0x3F, 0xE3, 0xD3, 0xC1, 0x1F, 0x8F, 0xB4, 0x23,
    0x1D, 0xBA, 0xB5, 0xBE, 0x06, 0xB0, 0x98, 0x4F, 0xD0, 0xBE, 0x8A, 0x78, 0x39, 0xBB, 0x73, 0x93,
    0x21, 0x6B, 0x7D, 0x99, 0xF9, 0x19, 0xB3, 0xB3, 0x3F, 0x1C, 0x1F, 0x6D, 0x19, 0x83, 0x32, 0xE6,
    0x07, 0x29, 0xF2, 0x78, 0xE6, 0xF2, 0xAF, 0xF4, 0xEB, 0x7C, 0x39, 0xFE, 0xF7, 0xAC, 0xD7, 0x62,
    0xCC, 0x2F, 0x8C, 0xBB, 0xC3, 0xB2, 0x02, 0x58, 0x47, 0xB5, 0xBF, 0x36, 0xD9, 0x3C, 0xA6, 0x56,
    0x5F, 0x0C, 0x28, 0x87, 0xC4, 0xA6, 0x54, 0xDC, 0x94, 0x8D, 0xBC, 0x04, 0x36, 0x25, 0xE4, 0x4E,
    0x6B, 0xCF, 0xBD, 0xD7, 0x1D, 0x3D, 0xA7, 0x4E, 0x7C, 0x74, 0x1A, 0x1C, 0x7A, 0x51, 0xD6, 0x33,
    0x4F, 0x4C, 0xDC, 0xAA, 0x88, 0xCF, 0x60, 0x31, 0x4F, 0x53, 0xAD, 0x9C, 0x74, 0xF7, 0x3E, 0x25,
    0x33, 0x27, 0x3A, 0xD0, 0x52, 0x1A, 0xF6, 0x1A, 0x8F, 0xB9, 0xDE, 0xAE, 0x7D, 0xB2, 0x65, 0x22,
    0x26, 0x59, 0x4A, 0xB0, 0x94, 0x53, 0x2D, 0x4F, 0x0F, 0xCC, 0xC7, 0xAA, 0xAB, 0x42, 0xB3, 0x92,
    0x29, 0x21, 0x64, 0x06, 0x7B, 0xA0, 0x8C, 0x87, 0x85, 0x11, 0xDC, 0x59, 0x7C, 0xD2, 0x28, 0x85,
    0x09, 0x7E, 0xDD, 0xCA, 0x5A, 0x06, 0xBF, 0xDA, 0xF2, 0x60, 0xB0, 0x09, 0x6B, 0x26, 0x83, 0x41,
    0x13, 0x6D, 0x3A, 0xCC, 0x1B, 0xB4, 0x71, 0xC5, 0x0C, 0x70, 0xB9, 0x45, 0xEA, 0x83, 0x78, 0x73,
    0xD1, 0xA5, 0x39, 0x33, 0x49, 0x9E, 0xC7, 0xA5, 0x48, 0x2D, 0x4D, 0xBF, 0x32, 0xC9, 0x77, 0xB1,
    0xBB, 0x27, 0xB7, 0x3D, 0x4D, 0xF6, 0xD8, 0x3F, 0x11, 0x95, 0x75, 0x9E, 0xB2, 0xAC, 0xF5, 0xC4,
    0x21, 0x44, 0x50, 0x0B, 0x83, 0x3A, 0xD3, 0xC9, 0x5C, 0xB6, 0x95, 0x23, 0xC1, 0x92, 0xD3, 0x0A,
    0xD3, 0x22, 0xA4, 0x28, 0xF5, 0xD0, 0xD7, 0x5B, 0x58, 0x77, 0xF2, 0x61, 0x33, 0x8A, 0x4E, 0xA0,
    0x47, 0x78, 0xB4, 0x46, 0x9F, 0x4E, 0x32, 0x30, 0xFF, 0x25, 0xB3, 0xD0, 0xF7, 0xB7, 0x63, 0xBD,
    0xBA, 0x67, 0xA2, 0xCE, 0xA7, 0xE4, 0xC0, 0xC7, 0x64, 0x83, 0x88, 0x26, 0x52, 0xCE, 0xDC, 0x4D,
    0xA7, 0x17, 0x9E, 0xF3, 0x3C, 0xA9, 0x10, 0xE7, 0xA3, 0x46, 0x9E, 0x46, 0x0F, 0x80, 0x85, 0x13,
    0xE7, 0x29, 0x5C, 0x25, 0xA5, 0x6E, 0x60, 0x90, 0xC2, 0xDA, 0xB8, 0x38, 0xFF, 0x2A, 0x4F, 0x15,
    0xBF, 0xC3, 0xD3, 0xC2, 0x7F, 0xAD, 0xC7, 0xA7, 0x57, 0xC2, 0x07, 0x3C, 0xEB, 0x20, 0x2D, 0x0B,
    0x37, 0x07, 0x45, 0xFD, 0x1C, 0xC3, 0x6F, 0x27, 0x35, 0x53, 0x51, 0x87, 0x81, 0xF4, 0x3F, 0xB3,
    0x6F, 0xA9, 0x6C, 0xA4, 0x9E, 0x1C, 0x2E, 0x52, 0x25, 0x5E, 0xFB, 0xEB, 0xD7, 0xBB, 0xD3, 0x07,
    0xAE, 0x18, 0x7A, 0x97, 0x5E, 0x64, 0x89, 0x26, 0x1A, 0xCF, 0x92, 0x99, 0x92, 0x0C, 0xA7, 0xCF,
    0x5D, 0x11, 0xAF, 0x0A, 0x05, 0x47, 0x47, 0xEF, 0x94, 0x3E, 0xEF, 0xC2, 0x9D, 0x3F, 0xF6, 0x82,
    0x10, 0x3B, 0x7F, 0x9E, 0x3D, 0x3D, 0xB3, 0x75, 0xDE, 0x35, 0x78, 0x2D, 0x61, 0x65, 0x9F, 0x14,
    0x32, 0x27, 0x55, 0x9D, 0x6E, 0x78, 0x86, 0xDA, 0xBA, 0x52, 0x4E, 0x95, 0x56, 0xC6, 0x8C, 0xE5,
    0x96, 0xF9, 0xA3, 0xD5, 0xB3, 0xBC, 0xCC, 0xBB, 0xD4, 0x47, 0xDA, 0x86, 0xD1, 0x24, 0x88, 0x75,
    0x27, 0x17, 0x5C, 0x76, 0x2C, 0x91, 0x70, 0x79, 0xE4, 0x3A, 0x9F, 0x77, 0xF4, 0x07, 0x0F, 0x17,
    0x8F, 0xED, 0x7D, 0xE2, 0x5A, 0x6E, 0xFD, 0xBC, 0x3F, 0xE2, 0x4E, 0xBD, 0xAB, 0xF2, 0x5C, 0x6B,
    0xBE, 0x81, 0x4D, 0xF8, 0x87, 0xED, 0x15, 0x3E, 0x2C, 0xF6, 0x55, 0x3D, 0x15, 0xC0, 0xD7, 0x6F,
    0x00, 0xDD, 0x5A, 0x3D, 0x90, 0xDD, 0x56, 0x15, 0x3E, 0x92, 0x76, 0x57, 0x49, 0xC4, 0x8C, 0x5C,
    0xD8, 0x93, 0x10, 0x0F, 0x88, 0x82, 0x02, 0x32, 0x13, 0xAB, 0xA1, 0xB4, 0x57, 0x22, 0x99, 0x09,
    0xAD, 0x8B, 0x5D, 0x33, 0x83, 0x8B, 0x50, 0xA4, 0x00, 0x17, 0xB8, 0xA1, 0x48, 0x61, 0xAF, 0x34,
    0x69, 0x28, 0x28, 0x58, 0x8A, 0x84, 0x19, 0x1A, 0x52, 0x98, 0x99, 0xF8, 0x65, 0x98, 0xB4, 0x9E,
    0x61, 0x77, 0x25, 0x26, 0x05, 0x05, 0x45, 0x1E, 0x0C, 0x7D, 0x94, 0xB1, 0x33, 0x19, 0x4C, 0x61,
    0x05, 0x14, 0x22, 0x13, 0x49, 0x97, 0xEF, 0x3B, 0x57, 0xEF, 0x67, 0xD7, 0x1B, 0xFF, 0x24, 0x61,
    0x1D, 0xE7, 0xED, 0xEA, 0xDC, 0xF7, 0x73, 0x75, 0xEF, 0xB9, 0xE7, 0x9C, 0xFB, 0x9D, 0x1F, 0xDD,
    0x55, 0x49, 0xCA, 0x64, 0x9A, 0x4D, 0x93, 0xF2, 0x09, 0xE1, 0x6B, 0x55, 0x42, 0xFD, 0x8B, 0xD2,
    0xD9, 0x5F, 0x9C, 0xCF, 0xFE, 0xD0, 0x73, 0xFE, 0xA7, 0x9D, 0x9D, 0x7A, 0xBC, 0x1A, 0x91, 0x93,
    0xE6, 0x86, 0x18, 0xD3, 0xF9, 0xE6, 0x56, 0x1B, 0xB6, 0x72, 0x2C, 0x9E, 0x8A, 0x24, 0x39, 0xAE,
    0x54, 0x24, 0x43, 0xD7, 0xE2, 0xC0, 0x95, 0x8D, 0x17, 0x7F, 0xE7, 0x68, 0x51, 0x25, 0x12, 0xF6,
    0xCE, 0x25, 0x0F, 0x63, 0x48, 0x61, 0x5A, 0x59, 0x1B, 0xD2, 0xC5, 0xF8, 0xB8, 0xE4, 0xAC, 0x8C,
    0xAF, 0x02, 0xBF, 0x04, 0xC6, 0xD4, 0x12, 0xFF, 0xB7, 0xA8, 0x24, 0xCB, 0x9D, 0x52, 0x47, 0x94,
    0x7E, 0x4E, 0xBA, 0x4F, 0x21, 0xE7, 0x86, 0xCD, 0x0D, 0x0C, 0xAE, 0x33, 0x80, 0x7C, 0x6A, 0x3F,
    0x25, 0x2E, 0x89, 0x87, 0x95, 0x49, 0x34, 0xE5, 0xAC, 0x06, 0xB7, 0x98, 0x39, 0x59, 0x01, 0x57,
    0x72, 0x66, 0xF5, 0x4A, 0x98, 0x67, 0x99, 0x29, 0xF2, 0x08, 0xDF, 0x49, 0xD0, 0xE0, 0x9E, 0xB0,
    0x94, 0x5D, 0x09, 0x53, 0x59, 0x97, 0x58, 0xF0, 0x0F, 0x12, 0x59, 0x12, 0xF1, 0x63, 0x98, 0xCB,
    0x96, 0x04, 0x95, 0x83, 0x7E, 0xC3, 0xF9, 0x5E, 0x12, 0xDC, 0x96, 0x6E, 0x9D, 0x1C, 0xA2, 0xF2,
    0x3B, 0x22, 0xBE, 0x5D, 0x5E, 0x82, 0x2B, 0x4E, 0x29, 0xBB, 0x4C, 0x22, 0x48, 0x66, 0x40, 0x7F,
    0xC1, 0x0D, 0x5E, 0x2D, 0x5E, 0x2B, 0x6E, 0x2B, 0x7E, 0x4D, 0x06, 0x43, 0x30, 0xB5, 0xA7, 0x1D,
    0x12, 0x15, 0x62, 0x9C, 0x53, 0x9C, 0xE1, 0x94, 0x02, 0xF0, 0x3F, 0x54, 0xDE, 0x3F, 0x26, 0xF3,
    0x8E, 0x81, 0x64, 0x9D, 0x89, 0xF9, 0xEF, 0xEB, 0xE2, 0x1A, 0x4A, 0xCD, 0x99, 0x14, 0x37, 0x5F,
    0x1F, 0x25, 0xBF, 0x4C, 0xED, 0xAF, 0x96, 0xDE, 0xF9, 0xEB, 0x32, 0xFD, 0xEE, 0xFA, 0xBE, 0xD7,
    0x4C, 0x2F, 0xC7, 0x0F, 0x7E, 0xFD, 0xA3, 0xAB, 0xE2, 0x1B, 0x53, 0x41, 0x36, 0x75, 0x92, 0x3B,
    0xD5, 0xB2, 0xCA, 0x63, 0xAA, 0xDB, 0xA4, 0xE2, 0x41, 0xD3, 0xE1, 0x27, 0x26, 0x4D, 0xD2, 0xAC,
    0x5A, 0x87, 0x00, 0x2F, 0x63, 0x81, 0x97, 0xB1, 0x3C, 0xF4, 0x6B, 0x93, 0xD2, 0x69, 0xA2, 0xD6,
    0xAB, 0x3D, 0x73, 0x6B, 0x2A, 0x19, 0x3A, 0xBB, 0x06, 0x6B, 0x8E, 0xC1, 0x1D, 0xE4, 0x40, 0x41,
    0xE0, 0xDA, 0x86, 0x86, 0x86, 0x57, 0x2F, 0xD6, 0xE0, 0xBA, 0x8C, 0xCC, 0x6D, 0xE5, 0x63, 0x45,
    0x8E, 0x25, 0x18, 0xC1, 0xE9, 0x40, 0xF1, 0x5E, 0xE6, 0xAF, 0x93, 0xB6, 0x83, 0x83, 0xCE, 0xD4,
    0x68, 0x00, 0x51, 0xB6, 0xB2, 0x30, 0x51, 0xCA, 0x0C, 0xDA, 0x73, 0x6B, 0xB9, 0xB0, 0x0D, 0x61,
    0xFB, 0xA5, 0x67, 0x06, 0x69, 0xA0, 0xCB, 0x70, 0xE8, 0xE5, 0x12, 0xF4, 0x97, 0xE4, 0x2B, 0x72,
    0x46, 0x4E, 0x69, 0xE7, 0x08, 0xEF, 0xF4, 0x06, 0x39, 0xBD, 0xBF, 0x4D, 0x4F, 0x4B, 0x7B, 0xA0,
    0xB5, 0xBF, 0xCF, 0xFA, 0x9F, 0x82, 0x7D, 0x58, 0x7B, 0xE0, 0xC4, 0xEB, 0xE8, 0x11, 0xBF, 0xFF,
    0x07, 0x8C, 0xEF, 0x97, 0x81, 0xE9, 0x71, 0x0F, 0xA6, 0x2E, 0x6E, 0xB8, 0xB5, 0xE5, 0x27, 0x00,
    0xA3, 0x59, 0x6A, 0x79, 0x0C, 0x6F, 0xC8, 0x1A, 0xB5, 0xEB, 0x9A, 0x9B, 0xD4, 0x29, 0x44, 0x01,
    0xFE, 0xF4, 0x75, 0x22, 0xB5, 0x6D, 0x60, 0xF2, 0xC4, 0xD4, 0x4F, 0x71, 0x3B, 0x62, 0xEE, 0x76,
    0xCD, 0xB4, 0xC9, 0xCD, 0x76, 0x57, 0xDA, 0x16, 0xFF, 0x4E, 0xBB, 0x77, 0xBE, 0x4D, 0x86, 0x97,
    0xD7, 0xB6, 0x8F, 0x61, 0x93, 0xC3, 0x7C, 0xC3, 0x3C, 0x4E, 0x31, 0x2E, 0xB6, 0xCE, 0x00, 0xEB,
    0x72, 0x3B, 0x98, 0x7A, 0x50, 0x87, 0x15, 0x4C, 0x0A, 0xB6, 0xA7, 0xDF, 0x67, 0x29, 0xC6, 0x8F,
    0xF9, 0x31, 0xA8, 0xB1, 0x07, 0xBC, 0x96, 0x96, 0x37, 0x70, 0x5F, 0xE8, 0xCF, 0xE8, 0x98, 0xCA,
    0xE3, 0xF2, 0x98, 0x3C, 0x33, 0x99, 0x4C, 0xAE, 0xD0, 0x94, 0x5B, 0x25, 0x14, 0x31, 0x89, 0xDC,
    0x9D, 0xC8, 0x85, 0xC9, 0x76, 0x61, 0x2A, 0xFC, 0x9F, 0xD8, 0x4C, 0x1F, 0x5C, 0x49, 0x4F, 0x4F,
    0x52, 0x55, 0x52, 0x8C, 0x09, 0xA9, 0xA4, 0xD8, 0x58, 0x25, 0xC5, 0x69, 0xA6, 0x4A, 0xC2, 0x16,
    0x52, 0x25, 0xC5, 0x69, 0xAC, 0xCA, 0xE1, 0x67, 0xDB, 0x0E, 0xAA, 0x94, 0x18, 0x00, 0x60, 0xDB,
    0xCA, 0xB6, 0xBF, 0xA9, 0x55, 0x49, 0xF1, 0x73, 0x8D, 0x2A, 0x29, 0x4E, 0x3B, 0x55, 0x52, 0x9C,
    0xEE, 0x59, 0x25, 0xE1, 0x7E, 0x2A, 0x29, 0x4E, 0xA3, 0x92, 0x4A, 0x8A, 0xD2, 0xE0, 0x6F, 0x0F,
    0xAE, 0x24, 0x0A, 0xC8, 0x28, 0xA1, 0xD0, 0xAE, 0x6A, 0x47, 0x80, 0x47, 0x93, 0x7C, 0xBF, 0xDB,
    0x91, 0xF5, 0x56, 0xE2, 0x56, 0x22, 0x50, 0xBC, 0x5F, 0x97, 0x5D, 0x2C, 0xCD, 0x87, 0x10, 0x8E,
    0xA3, 0xD7, 0x06, 0x47, 0xD8, 0xB9, 0x17, 0x79, 0x66, 0x32, 0xEC, 0x57, 0xC4, 0xCE, 0xBD, 0x6F,
    0xFB, 0xC9, 0x28, 0xF7, 0x03, 0x4A, 0x74, 0xCC, 0x36, 0xD8, 0x8A, 0x7F, 0xDD, 0x3D, 0x26, 0x97,
    0x69, 0xA5, 0xA4, 0x3B, 0xD4, 0x2B, 0x84, 0x0E, 0xF9, 0x27, 0x5C, 0x39, 0xDF, 0xC2, 0x54, 0x4C,
    0x8F, 0xFF, 0x13, 0x9B, 0x1B, 0xAE, 0xD9, 0xC6, 0x6A, 0x1B, 0xC1, 0x5A, 0x60, 0x5F, 0xE8, 0xCF,
    0xDB, 0xD8, 0x12, 0xBC, 0x20, 0x0C, 0x4F, 0x91, 0xA8, 0x9F, 0x41, 0x9C, 0xB6, 0xC7, 0x00, 0x87,
    0x5B, 0xAF, 0x75, 0xD8, 0xDE, 0x8D, 0xAC, 0x4D, 0x20, 0xA1, 0x89, 0xB8, 0x3D, 0xF7, 0x37, 0x0C,
    0x31, 0x26, 0x56, 0xCE, 0xF7, 0x6F, 0x4F, 0xBD, 0x7F, 0x76, 0x12, 0x95, 0xC3, 0x48, 0x92, 0xD2,
    0x40, 0x5D, 0xA5, 0xC9, 0xC5, 0x94, 0xE6, 0xF6, 0xF9, 0x5B, 0x25, 0x96, 0xFB, 0x4E, 0xD9, 0x67,
    0x7D, 0x50, 0xF6, 0xAB, 0xE9, 0xB2, 0x1B, 0xB9, 0x3B, 0x91, 0xD5, 0x0B, 0x93, 0x2B, 0x34, 0xD3,
    0x16, 0xCE, 0xE8, 0x66, 0x0B, 0x94, 0xCB, 0xAF, 0x25, 0x24, 0x19, 0x49, 0x41, 0x62, 0xEE, 0x4A,
    0x8A, 0x79, 0x67, 0xBD, 0x4D, 0x07, 0xF0, 0x49, 0xE0, 0x6B, 0x40, 0x24, 0xF8, 0x42, 0x88, 0x9F,
    0xFE, 0x7C, 0x15, 0x6B, 0x86, 0x87, 0x87, 0x8F, 0x5F, 0x15, 0x6F, 0xEA, 0x97, 0x61, 0x03, 0x13,
    0x85, 0xD7, 0x90, 0xAD, 0xAC, 0xCB, 0x2A, 0x79, 0xC6, 0x31, 0x81, 0x49, 0xDE, 0x3A, 0x13, 0x1F,
    0x8B, 0xE5, 0xB0, 0xBF, 0x13, 0xD6, 0x4A, 0x43, 0x58, 0xA9, 0xEC, 0x5C, 0x92, 0x33, 0xD7, 0x68,
    0xA5, 0x34, 0xD4, 0x6B, 0x6A, 0xA8, 0x67, 0xE4, 0x72, 0xFC, 0x1A, 0x64, 0x50, 0xC9, 0x4F, 0xA1,
    0xF6, 0x15, 0x6A, 0x7D, 0x87, 0xBE, 0x3F, 0xA3, 0x37, 0x8A, 0x4B, 0x00, 0x74, 0x48, 0xFF, 0x45,
    0xCC, 0x2E, 0x28, 0x39, 0xF0, 0x92, 0x12, 0x55, 0x52, 0xEC, 0xE7, 0x01, 0xF6, 0xE0, 0xC1, 0x3A,
    0x9A, 0x00, 0xA6, 0x54, 0xC1, 0x99, 0xC5, 0xFC, 0x31, 0x63, 0xB7, 0xC7, 0xE4, 0x29, 0xCC, 0xBB,
    0xA5, 0x68, 0xE1, 0x42, 0x63, 0x40, 0xC4, 0x10, 0x8D, 0x0F, 0x8F, 0x7F, 0x51, 0x21, 0xE0, 0x34,
    0xFD, 0x6B, 0xAA, 0xC6, 0xB4, 0x6E, 0x6D, 0xAA, 0xD3, 0x86, 0xE8, 0x87, 0xC6, 0x53, 0x2F, 0x26,
    0x41, 0xA9, 0x0D, 0xEC, 0x54, 0x1D, 0x25, 0xF7, 0x68, 0x02, 0x9B, 0x2C, 0xD8, 0x74, 0x0E, 0x9C,
    0x4A, 0xE2, 0xD6, 0xDE, 0x2D, 0x34, 0x7E, 0x15, 0xFC, 0x2E, 0x95, 0xD5, 0xB0, 0x8C, 0x22, 0x0C,
    0x1A, 0xA5, 0x67, 0x62, 0x45, 0xE7, 0x6B, 0x6C, 0x76, 0x9C, 0x1A, 0x8D, 0xD3, 0x7A, 0x53, 0x34,
    0x5E, 0x1D, 0x70, 0x6F, 0x05, 0xD3, 0x90, 0x4D, 0x98, 0xAF, 0x6E, 0x5E, 0xDC, 0x56, 0x6B, 0xC6,
    0x6F, 0x97, 0x6D, 0xD3, 0xD9, 0x86, 0xB7, 0x82, 0x19, 0xBA, 0xB9, 0x1A, 0xD8, 0x9C, 0x8A, 0x3F,
    0x95, 0xE4, 0x9D, 0x94, 0xCC, 0x9F, 0x42, 0x84, 0x10, 0xAB, 0x7B, 0xD0, 0x25, 0x86, 0xE9, 0xE8,
    0x3C, 0xDC, 0x46, 0x1B, 0xAF, 0xD2, 0x46, 0x99, 0x0F, 0x11, 0x83, 0x9D, 0x60, 0x93, 0xF8, 0x0A,
    0x55, 0xBB, 0x09, 0xA7, 0x4D, 0xDB, 0x53, 0x0C, 0x02, 0x9E, 0xAF, 0xB9, 0xC3, 0xC2, 0x1F, 0x4C,
    0xD9, 0x80, 0x79, 0xDD, 0xD4, 0xB1, 0x85, 0x58, 0x48, 0xC5, 0xB3, 0x08, 0x05, 0x80, 0xA2, 0x54,
    0x94, 0x79, 0xA1, 0xFB, 0xC1, 0xC0, 0x9C, 0x29, 0xCA, 0xC9, 0x0B, 0x45, 0x97, 0xBC, 0xBA, 0x41,
    0xE6, 0x33, 0xF5, 0x40, 0xDA, 0x8C, 0x2F, 0x02, 0x10, 0x50, 0x4F, 0x38, 0x29, 0xA5, 0x78, 0x0A,
    0x9B, 0x5B, 0x27, 0x60, 0xF7, 0xAD, 0xB1, 0xED, 0x2C, 0x9A, 0x28, 0xF3, 0xF0, 0xCB, 0xE4, 0xDE,
    0xC3, 0x7D, 0x64, 0xDF, 0xC3, 0xC6, 0xA6, 0x40, 0xB9, 0xF1, 0x93, 0x31, 0xBE, 0xD9, 0x1D, 0xDB,
    0xD6, 0x55, 0x64, 0x87, 0x87, 0x6F, 0x11, 0xDD, 0xED, 0xF9, 0x53, 0x04, 0x8E, 0xD9, 0x9B, 0x5D,
    0x58, 0x9E, 0x42, 0x6B, 0xEA, 0x58, 0x2E, 0xB5, 0xE2, 0x5C, 0xC5, 0x3A, 0x1A, 0x75, 0x18, 0x9D,
    0x5B, 0xA9, 0x6F, 0x69, 0xFC, 0x92, 0xAD, 0x57, 0x43, 0x08, 0x44, 0xDF, 0x72, 0x5D, 0x1D, 0x4A,
    0x94, 0x63, 0x2F, 0xE9, 0x6A, 0x6C, 0x7B, 0x59, 0x4E, 0x9C, 0xEB, 0x53, 0xEB, 0x6C, 0x5A, 0xB5,
    0x1F, 0x6D, 0xFD, 0xE9, 0xE8, 0x80, 0x8E, 0x5B, 0x30, 0xA2, 0x6D, 0x79, 0xB8, 0x1C, 0xC2, 0xF4,
    0x4B, 0x0B, 0x3F, 0xA4, 0x90, 0xBB, 0x33, 0x7A, 0x9C, 0xCE, 0xC6, 0x1B, 0xB0, 0x52, 0x61, 0x60,
    0x4B, 0x8D, 0x12, 0x58, 0x6A, 0xB1, 0x01, 0x98, 0xB5, 0xC2, 0xC5, 0x95, 0x6B, 0xB7, 0x4B, 0xA1,
    0x79, 0xAB, 0x47, 0x3C, 0xDB, 0x83, 0xA1, 0x6D, 0x1D, 0xD2, 0x7D, 0x43, 0x5D, 0x9B, 0x75, 0x08,
    0x99, 0x3A, 0xBD, 0x58, 0x23, 0xE9, 0x40, 0x5D, 0x85, 0xCA, 0x4F, 0x96, 0x23, 0x96, 0xD1, 0xAD,
    0xEB, 0xAF, 0x9C, 0x0D, 0xF3, 0x69, 0x9F, 0x44, 0x25, 0xBE, 0xAE, 0x74, 0x57, 0xB5, 0xD0, 0x71,
    0x62, 0x84, 0x3C, 0x29, 0x63, 0x56, 0x32, 0x05, 0xF1, 0x94, 0xBC, 0x95, 0x37, 0x87, 0x53, 0x5F,
    0x59, 0x65, 0x34, 0x1B, 0xE7, 0x5C, 0x49, 0x42, 0x50, 0x96, 0x62, 0x73, 0x13, 0xCB, 0xA0, 0x37,
    0x52, 0x7F, 0x6B, 0xC4, 0x1D, 0x26, 0x93, 0x22, 0x67, 0xB7, 0xA8, 0xE4, 0x2D, 0xE1, 0x14, 0x7B,
    0x97, 0xDE, 0x1F, 0x43, 0xF9, 0x35, 0x79, 0xF5, 0x5A, 0x8D, 0x15, 0x19, 0xA0, 0x01, 0x07, 0x75,
    0x25, 0x24, 0x4F, 0xEB, 0x02, 0x6D, 0x5A, 0x60, 0x74, 0x91, 0xCA, 0x9B, 0x6E, 0x42, 0xB5, 0x31,
    0x66, 0x16, 0x8F, 0xDE, 0xBA, 0x9E, 0x78, 0x5D, 0x75, 0xA4, 0xBC, 0x65, 0x9D, 0x5A, 0x71, 0xA1,
    0xCB, 0xE2, 0x8D, 0xA1, 0x0E, 0xB5, 0xBA, 0x94, 0x99, 0x3C, 0x32, 0xEB, 0x7A, 0x49, 0xBE, 0xCD,
    0xAD, 0x9D, 0xBE, 0xCC, 0x28, 0xFC, 0x3F, 0x9C, 0x25, 0x60, 0xD4, 0x7F, 0x5A, 0x8A, 0x52, 0x37,
    0xC6, 0xA3, 0xA7, 0xA9, 0xD4, 0x91, 0xD9, 0x8C, 0xBE, 0x52, 0xFB, 0xDE, 0x7E, 0x2F, 0x8F, 0xE2,
    0x8A, 0xD6, 0xB6, 0x17, 0x5C, 0xDD, 0x56, 0x7E, 0xEA, 0x70, 0x89, 0x46, 0x9A, 0x0A, 0x2B, 0x4E,
    0xC7, 0xED, 0x97, 0x18, 0x19, 0x98, 0x19, 0x0F, 0xB3, 0xC8, 0x97, 0xDB, 0x68, 0x6C, 0x07, 0xCD,
    0xAA, 0x31, 0x99, 0x45, 0x07, 0xAF, 0xB5, 0xAD, 0x55, 0x1E, 0xC6, 0xAF, 0x6C, 0x1B, 0x95, 0xB6,
    0x8D, 0x73, 0xDB, 0x26, 0x23, 0x9A, 0x14, 0x12, 0xBE, 0x8F, 0x64, 0x1E, 0x91, 0x42, 0xC8, 0x54,
    0x9E, 0x89, 0x37, 0x5B, 0x30, 0xA8, 0xDF, 0x07, 0x1F, 0x6D, 0xBE, 0xA8, 0xCE, 0xD3, 0xA8, 0x2F,
    0x40, 0x5C, 0x6A, 0xDB, 0xE4, 0xE6, 0x84, 0x26, 0xCE, 0x54, 0x42, 0xC7, 0x19, 0x6C, 0xCB, 0x25,
    0xAB, 0xD1, 0xB4, 0xB6, 0xD5, 0x15, 0x72, 0x8B, 0x57, 0x76, 0x08, 0xDD, 0xEE, 0x8C, 0xDC, 0x73,
    0xDB, 0xCE, 0xAC, 0xE8, 0xA2, 0xB9, 0xC1, 0xAC, 0xCB, 0x30, 0x8E, 0xB0, 0xB2, 0x9A, 0xCA, 0xCF,
    0xC4, 0xD3, 0xC5, 0x07, 0xAD, 0x5D, 0xC7, 0x02, 0xE5, 0x79, 0xF7, 0x0C, 0xF7, 0x33, 0x5B, 0xCA,
    0xB8, 0x0F, 0x6A, 0xFB, 0xDB, 0x7B, 0x2D, 0xC0, 0xC6, 0xD3, 0x85, 0xED, 0xFA, 0x6A, 0x01, 0x08,
    0xCF, 0x08, 0x44, 0xC5, 0xF0, 0x66, 0xAF, 0x6B, 0x55, 0xBF, 0xA6, 0x99, 0x98, 0xFF, 0x77, 0xED,
    0x95, 0x2F, 0x78, 0x59, 0x53, 0xDB, 0x90, 0xF5, 0x25, 0xBA, 0xA7, 0xB3, 0xE9, 0xF7, 0x05, 0xC6,
    0x76, 0xAE, 0x8E, 0x28, 0xCE, 0xE9, 0x58, 0x67, 0x50, 0x18, 0xEF, 0x64, 0x19, 0x1A, 0xA0, 0xC6,
    0x1E, 0xD7, 0xA0, 0xD7, 0x52, 0x3D, 0xE7, 0xD0, 0x6B, 0x73, 0x73, 0x03, 0xFD, 0x3A, 0xBD, 0xF8,
    0xFE, 0x5E, 0xFD, 0xED, 0xF8, 0xC3, 0xEC, 0xB2, 0x38, 0xCC, 0x55, 0x67, 0xB9, 0xAA, 0x8C, 0x76,
    0xEA, 0x33, 0x99, 0x90, 0x87, 0xC3, 0xCF, 0x1A, 0xD8, 0x09, 0x99, 0x06, 0x83, 0x97, 0x21, 0xC1,
    0xB6, 0x09, 0xA7, 0xC1, 0xD4, 0x6D, 0x56, 0x97, 0x7C, 0xF7, 0x91, 0xF2, 0x73, 0xD6, 0x41, 0xE0,
    0x18, 0x4C, 0xBD, 0x36, 0xA8, 0xDC, 0x06, 0x01, 0xCE, 0x01, 0xD0, 0x3B, 0x4A, 0x5E, 0x2E, 0xA4,
    0xB4, 0x1A, 0x58, 0x1A, 0xA1, 0xA2, 0xD3, 0x78, 0x68, 0x75, 0xCE, 0x46, 0x5D, 0x98, 0xFA, 0xA4,
    0xD9, 0xC6, 0x6E, 0xFB, 0x3C, 0xFF, 0x6B, 0x43, 0x6A, 0x87, 0x62, 0x3C, 0x15, 0x34, 0x2C, 0xCF,
    0x61, 0x77, 0xEC, 0x69, 0x88, 0x9B, 0xFE, 0xDF, 0xE6, 0xBA, 0xC0, 0x3D, 0x51, 0x6A, 0x12, 0x1B,
    0x5E, 0x6F, 0x80, 0x47, 0x3D, 0xE2, 0xD8, 0x38, 0x3D, 0xBB, 0x64, 0x84, 0x11, 0x00, 0x88, 0x65,
    0x85, 0x35, 0xA2, 0xC2, 0x7D, 0x09, 0xEE, 0xC1, 0x2E, 0xA7, 0xD8, 0x9E, 0xCF, 0x71, 0x5C, 0xCE,
    0xEE, 0xBA, 0xCD, 0xE0, 0xB5, 0xA0, 0xC7, 0x24, 0x5D, 0xD2, 0xF5, 0x17, 0xBC, 0x70, 0x04, 0xB0,
    0x57, 0x88, 0xCF, 0xB6, 0x1E, 0xC3, 0xA6, 0xD7, 0xB2, 0xE8, 0x79, 0x06, 0xC1, 0x8D, 0x02, 0x86,
    0x7A, 0x85, 0x5A, 0x1B, 0xBF, 0xD5, 0xC6, 0x55, 0x24, 0x66, 0x7C, 0xAD, 0x05, 0xD4, 0xC1, 0x36,
    0xC5, 0xAC, 0x79, 0x73, 0x98, 0xE4, 0x58, 0x90, 0x62, 0xF2, 0xD8, 0x14, 0xE2, 0xEF, 0xEB, 0xB2,
    0x74, 0xDF, 0x38, 0x8A, 0xD7, 0x2D, 0xCF, 0x30, 0xCE, 0x67, 0x67, 0x3F, 0xA9, 0x95, 0x44, 0xCB,
    0x19, 0x1A, 0x4D, 0x3F, 0xCC, 0x3F, 0xD4, 0xBD, 0x6C, 0xCB, 0x8F, 0xB1, 0x57, 0x07, 0xA9, 0xE9,
    0x81, 0x3E, 0xC0, 0x2F, 0x67, 0x22, 0x3A, 0x82, 0x97, 0x99, 0xFA, 0xDD, 0x19, 0x69, 0x13, 0x5F,
    0xBC, 0x2A, 0x63, 0xCA, 0x53, 0x67, 0xB5, 0xD2, 0x56, 0x69, 0x4F, 0xBA, 0x65, 0x94, 0xA2, 0x13,
    0x28, 0x20, 0x1D, 0x14, 0x20, 0x0C, 0xEA, 0xB3, 0x28, 0xBB, 0x85, 0x45, 0x83, 0x02, 0x38, 0xD1,
    0x1F, 0xA8, 0x4D, 0x9A, 0x94, 0xA4, 0x61, 0x45, 0xEA, 0x37, 0xA4, 0x5E, 0x47, 0x2A, 0x83, 0x47,
    0x5A, 0x3C, 0x4F, 0x9A, 0xBC, 0x4D, 0x1A, 0x5D, 0x27, 0x0D, 0x3E, 0x26, 0xF5, 0x0C, 0xA9, 0xA3,
    0x54, 0x0A, 0xA5, 0x89, 0x52, 0xAC, 0x5A, 0x26, 0x63, 0x15, 0xDC, 0xEA, 0xDC, 0x7A, 0x96, 0x11,
    0xDA, 0xAD, 0xD4, 0x66, 0x95, 0x9D, 0x43, 0x23, 0x39, 0xA7, 0xD0, 0x5C, 0x24, 0x52, 0x61, 0x69,
    0x51, 0x3B, 0x57, 0xEF, 0x81, 0xD5, 0xFA, 0x9D, 0x3A, 0x2D, 0xFA, 0x15, 0xC8, 0x5A, 0xDD, 0xF3,
    0x60, 0x3D, 0x4E, 0x61, 0xDD, 0x4F, 0x96, 0xAA, 0x2F, 0x4A, 0xF2, 0xC2, 0xFA, 0xA2, 0xC2, 0x32,
    0x70, 0xCF, 0x06, 0x19, 0xBF, 0x75, 0x61, 0x5A, 0x42, 0x4E, 0xD2, 0x71, 0xCC, 0xD8, 0xCE, 0xC0,
    0xF9, 0xDC, 0x7E, 0x36, 0xBB, 0x0B, 0xBD, 0x50, 0xF2, 0x70, 0x65, 0xD4, 0x53, 0x64, 0x83, 0x07,
    0xC7, 0xD8, 0x62, 0x9A, 0xB3, 0x61, 0x57, 0x61, 0xE3, 0x72, 0x7D, 0x68, 0x30, 0xF7, 0x8D, 0xA3,
    0xBB, 0xB4, 0x89, 0x87, 0xE6, 0xA0, 0xFC, 0x94, 0x7E, 0x45, 0x45, 0xE0, 0x5E, 0xB1, 0x7A, 0xB7,
    0xAB, 0x8D, 0x6D, 0x44, 0x52, 0xA8, 0x35, 0x38, 0x9D, 0x06, 0xB7, 0x7E, 0xA5, 0x55, 0x58, 0xE7,
    0x30, 0x33, 0xF8, 0x4A, 0x88, 0x60, 0x43, 0x1E, 0xB7, 0xA1, 0xCF, 0xB3, 0x5A, 0xA7, 0xB8, 0x4D,
    0xA3, 0x0F, 0x5F, 0xD1, 0xA8, 0x27, 0xD4, 0x07, 0x0C, 0x2C, 0x46, 0x7D, 0x45, 0xD5, 0x6F, 0x21,
    0xDF, 0x69, 0x19, 0x05, 0x01, 0x6D, 0x59, 0x98, 0x98, 0x7D, 0x92, 0x65, 0x77, 0xF0, 0xD5, 0x5B,
    0xBB, 0xEA, 0xF4, 0x59, 0xAA, 0x18, 0xEC, 0x24, 0x39, 0x86, 0xE1, 0x83, 0x37, 0xB0, 0xEC, 0xF6,
    0x1C, 0xAB, 0xC8, 0xF4, 0x3E, 0xC6, 0xDF, 0x5A, 0x51, 0xD3, 0x72, 0x33, 0xB1, 0xDE, 0xA0, 0xA7,
    0xD7, 0x21, 0x5C, 0x08, 0x6B, 0xCC, 0x07, 0x26, 0x8A, 0x34, 0x61, 0x5A, 0xF1, 0x35, 0x44, 0xC4,
    0x4B, 0x12, 0xFA, 0x96, 0x15, 0x52, 0x67, 0x13, 0x97, 0xD6, 0x0A, 0xA9, 0x56, 0x21, 0x15, 0x95,
    0xB2, 0x19, 0x37, 0xCA, 0x74, 0x66, 0x85, 0xD4, 0xAB, 0x90, 0xBC, 0x46, 0x85, 0x14, 0xD4, 0x2A,
    0x24, 0x3E, 0x41, 0x29, 0xEC, 0x52, 0x0B, 0x06, 0xD7, 0x14, 0x04, 0x60, 0x89, 0x0D, 0x00, 0x9A,
    0x0D, 0xAB, 0xDB, 0x68, 0xB4, 0xE0, 0x59, 0x68, 0xFD, 0xAD, 0xD4, 0xA2, 0x27, 0x84, 0xF4, 0x5C,
    0xAB, 0x77, 0xFE, 0x99, 0x6B, 0x91, 0xE8, 0xDD, 0xA9, 0x0A, 0x89, 0x6A, 0x82, 0x90, 0xCC, 0xB2,
    0x90, 0x3C, 0xA3, 0x42, 0x0A, 0x6C, 0x7E, 0x15, 0xFE, 0xC9, 0xFA, 0xBD, 0x74, 0x06, 0x91, 0x4B,
    0x38, 0x19, 0xA8, 0x57, 0x70, 0x2D, 0x54, 0xD8, 0xE2, 0x53, 0xAC, 0x26, 0xA2, 0xF5, 0xC5, 0x3B,
    0x30, 0x72, 0x4B, 0xD3, 0xAE, 0xE2, 0x08, 0x69, 0xA6, 0xD6, 0x92, 0x59, 0x2B, 0xE1, 0x83, 0xCF,
    0x54, 0xAB, 0x6C, 0x12, 0xB6, 0xCC, 0x6F, 0x3C, 0x73, 0xB3, 0x68, 0x34, 0x19, 0x9D, 0x52, 0x2B,
    0xC3, 0xD2, 0x13, 0xAF, 0xC9, 0xA2, 0x9E, 0xE6, 0xE9, 0xF2, 0x02, 0x9B, 0xD0, 0x97, 0xB3, 0x07,
    0xA9, 0x77, 0x82, 0xDF, 0xA3, 0xB3, 0xBA, 0x67, 0x94, 0x6A, 0xDA, 0xEA, 0xEA, 0x33, 0x59, 0xFF,
    0x5F, 0x9D, 0x0E, 0xB8, 0xA7, 0xCB, 0x88, 0x72, 0x6E, 0xF5, 0x03, 0xCA, 0x7B, 0x64, 0x56, 0xE7,
    0xE8, 0x46, 0xB6, 0xB7, 0x8F, 0x34, 0x5F, 0x9F, 0x7F, 0x7F, 0xC7, 0xEB, 0x11, 0xB5, 0xC9, 0x76,
    0x51, 0x6A, 0x8A, 0xF2, 0x45, 0xBE, 0x7D, 0xD0, 0x26, 0xF7, 0x6C, 0xF9, 0x3A, 0xD5, 0xB9, 0x4A,
    0x2D, 0x6E, 0x10, 0x5A, 0x68, 0xCD, 0x36, 0x92, 0xC6, 0x3F, 0xDE, 0xD0, 0xB8, 0x07, 0x45, 0x1D,
    0x0B, 0xC9, 0xFA, 0x8C, 0xC5, 0x3E, 0xD4, 0x92, 0xF0, 0x3D, 0xDA, 0x86, 0xFF, 0x6F, 0xAD, 0x8C,
    0xAB, 0xB5, 0x38, 0xFA, 0xFC, 0xD4, 0xDA, 0xCF, 0x5D, 0x1F, 0xE7, 0xDF, 0x0F, 0xCD, 0xE6, 0x35,
    0x8B, 0x83, 0x84, 0x2E, 0x24, 0x23, 0x52, 0xB2, 0xB0, 0x83, 0xEF, 0x1C, 0x43, 0xAE, 0x14, 0xF4,
    0xC3, 0x6A, 0x46, 0x82, 0x7A, 0xDF, 0xC7, 0x68, 0x3A, 0x76, 0x41, 0x14, 0x9E, 0x4D, 0x8A, 0x81,
    0xF7, 0x36, 0x20, 0x43, 0x7A, 0x97, 0x89, 0x54, 0x52, 0x4F, 0x5F, 0xD5, 0xCA, 0x46, 0xC5, 0x2A,
    0x0C, 0x50, 0xFC, 0xC6, 0x9A, 0xA1, 0x1B, 0xC8, 0xD2, 0x3D, 0x4A, 0x83, 0x0F, 0xF7, 0x72, 0xA2,
    0x68, 0xCA, 0xDA, 0x15, 0xE4, 0x07, 0x4C, 0xE8, 0x19, 0x33, 0xF7, 0x14, 0x57, 0x4F, 0x31, 0xF7,
    0x44, 0xD9, 0x9E, 0x20, 0xD8, 0x33, 0xD8, 0xC7, 0x0F, 0xFC, 0x35, 0xE4, 0xD7, 0x80, 0x78, 0xDE,
    0x5B, 0xF5, 0x04, 0x4C, 0x66, 0x12, 0x6D, 0xCF, 0x58, 0x6A, 0x89, 0xAC, 0xF2, 0x3B, 0xFF, 0xFD,
    0x17, 0xEB, 0xDE, 0x87, 0xDE, 0x7B, 0x97, 0x65, 0x1F, 0x59, 0x3D, 0x8B, 0x9D, 0x9A, 0xCF, 0xAA,
    0x32, 0x5A, 0x94, 0xB1, 0x6A, 0xEF, 0xE6, 0x18, 0xB4, 0xA8, 0x7C, 0x6F, 0xAA, 0xC4, 0x1A, 0xA6,
    0x27, 0x83, 0xB8, 0xB7, 0x5F, 0x00, 0xA0, 0xE7, 0xD6, 0xBB, 0x6A, 0xE4, 0xA6, 0xB8, 0x15, 0x8E,
    0xEF, 0x9E, 0x46, 0x5A, 0xC4, 0xDA, 0x5B, 0x19, 0x0C, 0xAF, 0x46, 0x65, 0x3C, 0x3E, 0x98, 0xD7,
    0x87, 0xEE, 0x6A, 0x9D, 0xFA, 0x08, 0x8D, 0x47, 0x71, 0x1C, 0x53, 0xC6, 0x1F, 0xBD, 0x78, 0xAB,
    0x84, 0x48, 0x7E, 0x59, 0xBA, 0xA6, 0x07, 0xAA, 0xAF, 0xA6, 0xF3, 0xC7, 0x0D, 0x0A, 0xFE, 0x9A,
    0x1E, 0xE8, 0x3C, 0x5B, 0xF3, 0xE7, 0xEF, 0x67, 0x1F, 0x0E, 0x57, 0x5A, 0x5C, 0xE2, 0x03, 0x17,
    0xA8, 0x10, 0x63, 0xC6, 0xEF, 0x80, 0xB5, 0x3D, 0xB7, 0xE5, 0xA3, 0xE5, 0x3D, 0xE6, 0xEF, 0x2B,
    0x0F, 0x85, 0xAB, 0xAF, 0x33, 0x08, 0x28, 0xAA, 0x10, 0x56, 0x30, 0x5C, 0x14, 0xEF, 0xBD, 0x02,
    0xC6, 0x53, 0x46, 0xED, 0x72, 0x85, 0xE9, 0x68, 0x19, 0x3A, 0x4E, 0xFD, 0x6C, 0x31, 0x82, 0x2F,
    0xE8, 0xB8, 0xF5, 0xDD, 0xCA, 0x81, 0x84, 0xF5, 0x68, 0xAD, 0xE9, 0x0D, 0x7B, 0xC0, 0x44, 0xEC,
    0xD3, 0xC6, 0x53, 0x2E, 0xF4, 0xF6, 0xAC, 0x03, 0xF2, 0x4D, 0x0F, 0x1F, 0xC3, 0x5B, 0xE5, 0xA8,
    0xD5, 0x25, 0x1E, 0x8F, 0xD6, 0xAE, 0x36, 0xEC, 0x84, 0x85, 0x99, 0x46, 0xC0, 0x07, 0xEC, 0xD0,
    0x36, 0x63, 0x41, 0xF8, 0xF6, 0x93, 0xC3, 0xF0, 0xC2, 0x40, 0x3F, 0x09, 0xC0, 0xB6, 0x11, 0x6C,
    0x65, 0xE7, 0x07, 0xD2, 0x46, 0x63, 0x4B, 0xB8, 0x1D, 0xDB, 0x93, 0xAC, 0x4F, 0x9B, 0xA9, 0x6B,
    0x6C, 0x1B, 0x0E, 0x1B, 0xC9, 0xCD, 0xC9, 0x64, 0x1B, 0x1C, 0x29, 0xE7, 0x3C, 0x1B, 0x53, 0x5A,
    0x50, 0x4C, 0xC6, 0x42, 0x72, 0x36, 0xB5, 0x9F, 0xED, 0xB9, 0xA9, 0xDC, 0xFD, 0xA4, 0xC3, 0x6C,
    0xF1, 0x47, 0x17, 0xDF, 0x33, 0xBF, 0x2F, 0x72, 0xB0, 0xC9, 0xE7, 0x92, 0x39, 0x38, 0x85, 0xF4,
    0x80, 0x3B, 0x64, 0x96, 0x9E, 0xC2, 0xD9, 0x54, 0xE1, 0x60, 0x9E, 0x26, 0x18, 0xCE, 0xD5, 0x4C,
    0x65, 0x39, 0x20, 0x39, 0x2C, 0xC6, 0x30, 0x6D, 0x18, 0x8F, 0x1A, 0xF4, 0x4B, 0x9F, 0x8B, 0xB1,
    0x22, 0xAC, 0x67, 0xE6, 0x6A, 0x39, 0x16, 0x0C, 0xBF, 0xD5, 0x31, 0xE4, 0x22, 0x16, 0xCD, 0x07,
    0x88, 0xD4, 0x06, 0x4F, 0xCC, 0x38, 0x66, 0x3C, 0x64, 0x11, 0x59, 0xF8, 0x4E, 0x08, 0x6E, 0x37,
    0x46, 0xF7, 0xA4, 0xC5, 0x03, 0x15, 0x82, 0x22, 0x83, 0x2D, 0x1B, 0xEC, 0xEC, 0x73, 0x4D, 0x1A,
    0x47, 0x66, 0xF0, 0x21, 0x3A, 0x7A, 0xD0, 0x3F, 0xD9, 0xD3, 0xF3, 0xA8, 0xE3, 0x51, 0xBF, 0xA3,
    0xD1, 0xBD, 0xC6, 0x22, 0x11, 0x4F, 0x50, 0x98, 0x91, 0x4C, 0x26, 0x93, 0x7C, 0x5E, 0xFB, 0xB7,
    0x29, 0xB9, 0x15, 0x7A, 0x69, 0xCB, 0x17, 0x4E, 0xEA, 0x9B, 0xD7, 0x8A, 0xD4, 0xD1, 0x9A, 0x79,
    0xAC, 0x67, 0x7D, 0x36, 0xE7, 0x91, 0x6A, 0x34, 0x87, 0xA9, 0x62, 0x96, 0xC9, 0x6B, 0x1E, 0xBF,
    0x08, 0x72, 0x8E, 0x96, 0x2B, 0x4D, 0xB2, 0x35, 0xC5, 0xD6, 0x04, 0x9B, 0xE9, 0xB5, 0x26, 0xD7,
    0x9A, 0x5A, 0x2F, 0x25, 0xD6, 0x47, 0xCB, 0x15, 0xF3, 0x3B, 0xCD, 0xF5, 0xDC, 0xCE, 0xAF, 0xC7,
    0xAC, 0xEF, 0x40, 0xCE, 0x77, 0xA4, 0x0C, 0xC1, 0xFB, 0x41, 0x71, 0x36, 0x56, 0x21, 0x86, 0xF3,
    0xA8, 0x84, 0x2C, 0x4E, 0xED, 0x7C, 0xE6, 0xFF, 0x09, 0xA3, 0x28, 0x4F, 0xC3, 0x1E, 0x7B, 0xE2,
    0x68, 0x6E, 0x9B, 0xDC, 0x7C, 0x9F, 0xF5, 0x5F, 0x9D, 0x75, 0x31, 0xD5, 0x90, 0x9A, 0x01, 0x35,
    0xE3, 0xBD, 0x75, 0xD0, 0xE3, 0xCB, 0xA1, 0x74, 0x92, 0x7E, 0xA1, 0xD7, 0xA7, 0x9E, 0x48, 0xFC,
    0x3C, 0xE2, 0x59, 0xB1, 0x79, 0x1C, 0xB6, 0x78, 0xF2, 0xA1, 0xE1, 0x89, 0xD8, 0x76, 0x8C, 0xF9,
    0x78, 0x14, 0x47, 0xB2, 0x7F, 0xD2, 0x75, 0xF0, 0x80, 0xC3, 0xF7, 0xAC, 0x22, 0x35, 0x96, 0x03,
    0xDE, 0xAD, 0x5D, 0x05, 0xC8, 0x19, 0xF3, 0x41, 0xE5, 0x33, 0xB1, 0x0D, 0x1B, 0xC0, 0x22, 0x81,
    0xB0, 0xC9, 0x08, 0x1B, 0x05, 0x83, 0x97, 0x61, 0x8C, 0x7D, 0xDC, 0x39, 0xF1, 0x9A, 0x3D, 0x12,
    0x76, 0xA9, 0x61, 0x42, 0x61, 0x85, 0x58, 0x27, 0x06, 0x52, 0x9F, 0x33, 0xA9, 0xAB, 0xA5, 0x84,
    0x8B, 0x9A, 0xA0, 0x6F, 0xE8, 0x09, 0x8A, 0xA7, 0x18, 0x49, 0x9D, 0xB1, 0x05, 0x99, 0xF0, 0x15,
    0xD3, 0xD8, 0x62, 0xCC, 0xCA, 0x7E, 0xBF, 0xD5, 0x45, 0xF8, 0xA1, 0x2B, 0x70, 0xEF, 0xD0, 0x9F,
    0x33, 0x02, 0xB6, 0xB3, 0x1C, 0xBE, 0x25, 0xE6, 0xD9, 0xAC, 0x88, 0x24, 0x2C, 0x87, 0x39, 0xF9,
    0x8C, 0xA7, 0xBE, 0xE4, 0xC2, 0xDC, 0x76, 0x97, 0x50, 0xEE, 0x90, 0xB0, 0xCC, 0xB1, 0x8E, 0xAA,
    0x12, 0x5D, 0x8C, 0x2E, 0x0B, 0x06, 0xAD, 0xA7, 0x9C, 0xC7, 0xE8, 0x95, 0x72, 0x69, 0x86, 0x19,
    0x69, 0xFB, 0x39, 0xD1, 0x8F, 0x33, 0xE1, 0x78, 0x35, 0x84, 0x1C, 0xF0, 0x61, 0x68, 0x58, 0x85,
    0x1C, 0xC0, 0xC7, 0x50, 0xAC, 0x5E, 0xE8, 0x43, 0xB9, 0x99, 0x84, 0x96, 0xC2, 0x32, 0xAD, 0xB2,
    0x28, 0xDE, 0xED, 0x89, 0x3D, 0x45, 0xBD, 0x78, 0x82, 0x71, 0xC4, 0x5C, 0x39, 0x6F, 0x2C, 0xC2,
    0x32, 0xA6, 0x16, 0xBF, 0xE2, 0xF1, 0x62, 0xA6, 0x1D, 0x8D, 0xEC, 0x72, 0x67, 0xAC, 0x3C, 0x14,
    0xAE, 0x34, 0x2C, 0x33, 0x36, 0x2C, 0xCB, 0xC4, 0xFB, 0x2B, 0x7E, 0xF5, 0xF3, 0xA8, 0x59, 0x0E,
    0xCB, 0x8E, 0x96, 0x21, 0x0D, 0xCB, 0x76, 0xE9, 0x67, 0x07, 0x46, 0xF9, 0xFA, 0xEE, 0x20, 0xF6,
    0x1E, 0xAD, 0x35, 0x5D, 0x9B, 0x65, 0x9B, 0xCE, 0x02, 0xB9, 0x97, 0x8F, 0x31, 0x1D, 0x72, 0x3A,
    0x77, 0xFF, 0x6B, 0x67, 0xFF, 0x00, 0xFD, 0x81, 0x28, 0xC0, 0x2D, 0xB1, 0x98, 0x0F, 0x2A, 0xD7,
    0xC6, 0x66, 0x76, 0x31, 0x85, 0xC6, 0x61, 0x58, 0x8C, 0xF7, 0x09, 0x16, 0x13, 0x5C, 0xAF, 0x91,
    0x95, 0xBE, 0x8D, 0xC5, 0x24, 0x5C, 0x47, 0x0F, 0xE2, 0xB6, 0x58, 0x8C, 0x5F, 0x63, 0x31, 0x61,
    0xE9, 0x35, 0x45, 0x9C, 0x7B, 0x4D, 0x82, 0x8E, 0x75, 0xD2, 0x71, 0x31, 0x0D, 0x16, 0x63, 0x87,
    0xD2, 0x24, 0x8E, 0xE0, 0xF1, 0x0D, 0x99, 0x97, 0xAD, 0x0E, 0x4D, 0xA6, 0xFA, 0x43, 0x92, 0x29,
    0x0B, 0x6A, 0x7E, 0xFD, 0x39, 0x49, 0x40, 0x12, 0xD6, 0x04, 0xC1, 0x1A, 0xD3, 0x66, 0x75, 0xD8,
    0x9F, 0xFF, 0xA4, 0x06, 0x3A, 0x5E, 0xAF, 0x11, 0x4C, 0x3E, 0x0F, 0xAF, 0x77, 0x76, 0xB1, 0x6B,
    0xDB, 0x7B, 0x26, 0x53, 0x47, 0xCA, 0xD5, 0x61, 0xC9, 0xD4, 0xD6, 0x52, 0x32, 0xB5, 0xFA, 0x50,
    0xB8, 0x3A, 0x4E, 0x17, 0x77, 0x8F, 0xDC, 0xE5, 0x61, 0x28, 0xAF, 0xB9, 0x1F, 0xE5, 0x15, 0xE3,
    0x19, 0x16, 0xAF, 0x4D, 0x72, 0x7B, 0xB2, 0x25, 0xA8, 0xE1, 0x31, 0xC3, 0x69, 0x50, 0xD9, 0xA3,
    0x2F, 0x09, 0x4F, 0xC1, 0x24, 0x29, 0x56, 0x56, 0xD0, 0x9B, 0x0C, 0x04, 0x6F, 0xAC, 0x32, 0xD3,
    0xC3, 0x33, 0xCF, 0xF3, 0x1C, 0xCD, 0x2F, 0x78, 0x7A, 0xE4, 0x2F, 0x3C, 0x1E, 0xF3, 0x2E, 0xCF,
    0x92, 0xD8, 0xD4, 0x28, 0x1D, 0x43, 0x72, 0x99, 0xEF, 0x32, 0x1B, 0xDF, 0xEA, 0x21, 0x8D, 0x7A,
    0xC6, 0x19, 0x63, 0xF2, 0x3F, 0xB2, 0xAF, 0x9E, 0xEC, 0xC9, 0xAA, 0xD9, 0x01, 0xED, 0xFB, 0x3A,
    0x94, 0x0C, 0xE0, 0xE9, 0x99, 0xFB, 0xF4, 0x05, 0x12, 0x1F, 0xD3, 0xFF, 0xF0, 0x80, 0x5F, 0x0D,
    0xA7, 0x24, 0xD5, 0x40, 0x08, 0x1A, 0x38, 0x69, 0x3F, 0x27, 0xC3, 0x48, 0x82, 0x5A, 0xBB, 0xD8,
    0xCE, 0x7A, 0x1B, 0xA2, 0xC6, 0xDC, 0x0C, 0xE7, 0x8D, 0x1D, 0xD4, 0x0E, 0x2F, 0x1B, 0x0F, 0x70,
    0x4A, 0xFA, 0x7E, 0x12, 0xD9, 0x2F, 0xA3, 0xD8, 0xFF, 0x07, 0xDD, 0x5C, 0x3F, 0x90, 0xDD, 0xC6,
    0x79, 0x5F, 0x00, 0xBC, 0xC3, 0xF8, 0x50, 0x80, 0x05, 0x69, 0x4D, 0xC8, 0x19, 0x23, 0x45, 0x0A,
    0x9B, 0x91, 0x89, 0x56, 0x85, 0x24, 0x20, 0xD1, 0x8C, 0x55, 0xA4, 0x61, 0x71, 0x8F, 0x2A, 0x58,
    0x48, 0x45, 0x0A, 0x5B, 0x45, 0xD8, 0xB8, 0x48, 0x41, 0x1E, 0x10, 0xBB, 0x48, 0xA1, 0x42, 0xD7,
    0x30, 0x45, 0xD2, 0xB0, 0x50, 0x71, 0x3C, 0x15, 0x49, 0x91, 0x42, 0x33, 0x16, 0x0F, 0xC8, 0xA4,
    0x74, 0x21, 0x78, 0x9C, 0x99, 0x94, 0x86, 0xC7, 0x54, 0x32, 0x76, 0x23, 0x58, 0x7E, 0x8E, 0x40,
    0x11, 0xC0, 0xE6, 0xFB, 0xFD, 0x76, 0x81, 0xF7, 0xDE, 0xF1, 0x28, 0x1E, 0xC9, 0xBB, 0xE3, 0x9D,
    0xDF, 0x3D, 0x7C, 0x78, 0xF7, 0x1E, 0xB0, 0xFB, 0x7D, 0xDF, 0xEE, 0x7E, 0xFF, 0x17, 0x6A, 0x6D,
    0x36, 0x4B, 0x95, 0x0A, 0xB4, 0xAE, 0x46, 0xE8, 0xF0, 0x9B, 0x95, 0x57, 0x50, 0x03, 0x86, 0x0D,
    0x60, 0x34, 0x07, 0x4C, 0x3A, 0xC0, 0x37, 0x09, 0xEF, 0x6F, 0x01, 0x76, 0x89, 0x00, 0xA7, 0x4B,
    0xE4, 0x5E, 0x6F, 0x1E, 0x95, 0x02, 0x9B, 0xB0, 0xC4, 0xAD, 0xB8, 0x39, 0xAC, 0x7C, 0xB9, 0x39,
    0x2A, 0x3D, 0xB9, 0x39, 0xCE, 0xDD, 0x56, 0x1A, 0x90, 0x6B, 0x95, 0x2A, 0x66, 0xB3, 0x5E, 0x29,
    0x2D, 0x2F, 0xE5, 0x10, 0xBA, 0xC3, 0xEE, 0x6E, 0x91, 0xE3, 0xB2, 0xA8, 0xC4, 0x2D, 0x61, 0x15,
    0xCA, 0xED, 0x41, 0x83, 0x06, 0xFD, 0x26, 0x46, 0xB3, 0x2D, 0xBA, 0x70, 0xBB, 0x0C, 0x9D, 0xF6,
    0x03, 0xE0, 0xA0, 0x66, 0xB3, 0x4D, 0x34, 0xD3, 0x59, 0xC0, 0x7F, 0xCD, 0x6B, 0x26, 0x47, 0xA6,
    0xE7, 0xCA, 0xD3, 0x7A, 0x50, 0xEE, 0xC3, 0x1F, 0x68, 0xA5, 0x72, 0x95, 0xE4, 0xF2, 0x2D, 0x1A,
    0x53, 0x68, 0x57, 0x85, 0xF6, 0xD3, 0x25, 0xAD, 0x4B, 0xA0, 0x51, 0x06, 0xC3, 0x9D, 0xA8, 0x8C,
    0x6B, 0xF9, 0x4E, 0xAE, 0x14, 0x90, 0x0A, 0xC8, 0x70, 0x87, 0x7C, 0x4A, 0xCA, 0x44, 0x2E, 0x2A,
    0xE3, 0x3F, 0xBE, 0xFB, 0x45, 0x19, 0x6A, 0xFD, 0x41, 0xE9, 0xEA, 0x3E, 0x28, 0xD5, 0x1A, 0x78,
    0x16, 0x28, 0x07, 0xD8, 0xE6, 0x9E, 0x40, 0xFF, 0xF3, 0x9B, 0xD2, 0xAC, 0xAB, 0x35, 0x7E, 0x28,
    0x7A, 0xE0, 0xE2, 0x28, 0x75, 0xD6, 0x18, 0x5B, 0xAB, 0x57, 0x95, 0x6A, 0xD4, 0xEB, 0x4A, 0xED,
    0x5D, 0x47, 0xE3, 0xBA, 0xC1, 0x34, 0x01, 0xFB, 0xCE, 0xAB, 0x97, 0xC2, 0xE2, 0xD3, 0xCF, 0x32,
    0xBC, 0x88, 0x97, 0x47, 0x4C, 0x83, 0x92, 0xF8, 0xE6, 0x84, 0xA4, 0x20, 0x34, 0xDF, 0x68, 0x5E,
    0xA3, 0x4F, 0x9E, 0x8B, 0xC4, 0xE5, 0x4D, 0xF4, 0xF9, 0x29, 0x40, 0x3B, 0x21, 0x4C, 0x0E, 0x62,
    0x84, 0x55, 0xD2, 0x8C, 0x68, 0x5D, 0xBA, 0x4B, 0x16, 0x13, 0xE5, 0x8C, 0xE8, 0x73, 0x2A, 0x7B,
    0xBC, 0xC1, 0xAF, 0x0E, 0x9E, 0xD6, 0x37, 0xF5, 0x03, 0x4A, 0x13, 0x99, 0xFB, 0x89, 0xE1, 0x67,
    0xA5, 0xFE, 0x4E, 0x79, 0xE4, 0x4D, 0xC0, 0xFE, 0x42, 0xF2, 0x86, 0x94, 0x19, 0x22, 0x6D, 0xE3,
    0xE4, 0xA4, 0x2A, 0x0E, 0x01, 0xCD, 0xF5, 0xE6, 0x5E, 0x83, 0x5E, 0x5C, 0x2D, 0x66, 0x86, 0x4F,
    0x2C, 0x5D, 0x99, 0xA9, 0x6B, 0x72, 0xC3, 0xF0, 0xB1, 0xFC, 0x1B, 0x6B, 0xDD, 0x73, 0x41, 0x02,
    0x81, 0x35, 0x0A, 0x88, 0x0D, 0x21, 0x2E, 0xAA, 0x4D, 0x2B, 0x85, 0xE2, 0x2C, 0xC0, 0xA0, 0x39,
    0x56, 0xFE, 0x39, 0x33, 0x0E, 0x89, 0xDC, 0x32, 0x0F, 0x86, 0xEB, 0x0D, 0xAF, 0x2C, 0x4D, 0xCF,
    0x85, 0x1D, 0xEA, 0xC1, 0x32, 0xA4, 0x5F, 0xFA, 0xBF, 0xB0, 0xD8, 0xE1, 0xDA, 0xA8, 0x51, 0xE7,
    0x83, 0xE1, 0x9F, 0xD9, 0x86, 0xB0, 0x45, 0x5A, 0xD8, 0xB4, 0xFD, 0xCA, 0x6F, 0xE4, 0x44, 0x62,
    0xA6, 0x4D, 0xC6, 0xB9, 0x1A, 0x42, 0x0A, 0x57, 0x60, 0xAE, 0xA0, 0x7D, 0xED, 0x6C, 0x72, 0xD5,
    0xFD, 0x48, 0x2E, 0xEF, 0xF0, 0x8B, 0x5C, 0x13, 0xE7, 0x4E, 0x17, 0xD4, 0x7E, 0xED, 0xB4, 0x32,
    0x4B, 0x2E, 0x1C, 0x2F, 0x57, 0x1D, 0x62, 0xED, 0x13, 0xD3, 0xA0, 0x59, 0x7C, 0x36, 0xDF, 0xAB,
    0xB3, 0x3A, 0x4B, 0x9D, 0x6D, 0xB3, 0xDC, 0xBC, 0xD6, 0x2E, 0xBB, 0xED, 0x05, 0x09, 0xC7, 0xC5,
    0xCB, 0x8D, 0x54, 0xC9, 0x28, 0xFA, 0x35, 0x18, 0xE8, 0x74, 0x64, 0x40, 0x41, 0x82, 0x62, 0xCA,
    0x88, 0x90, 0xAB, 0xDF, 0xB9, 0x76, 0x36, 0x39, 0xBA, 0x9E, 0xAB, 0x1D, 0x6F, 0x2E, 0xAC, 0xEC,
    0x65, 0xB9, 0x25, 0x85, 0xC8, 0x4C, 0x41, 0x30, 0xE8, 0x16, 0x04, 0x1D, 0x17, 0x57, 0x77, 0xD4,
    0x46, 0x0E, 0x6D, 0x03, 0xED, 0x14, 0xFE, 0x02, 0x9C, 0xF4, 0x1F, 0x81, 0x93, 0x60, 0x13, 0xEE,
    0x27, 0x4D, 0x17, 0xF7, 0xF1, 0x34, 0xD3, 0x5F, 0xA7, 0x80, 0x20, 0x42, 0xA0, 0x5C, 0x9A, 0xA9,
    0xB5, 0x62, 0x0E, 0x8E, 0x05, 0x3D, 0xA0, 0xA3, 0xC9, 0xBD, 0x2C, 0xCF, 0xC8, 0x59, 0xC0, 0xA8,
    0xCA, 0xC8, 0xEB, 0x8C, 0x2B, 0x61, 0x01, 0xFD, 0x25, 0x18, 0x3C, 0x06, 0xCD, 0xF5, 0xE6, 0xDE,
    0xA4, 0x9C, 0xDA, 0x34, 0xED, 0xB3, 0x2F, 0x07, 0xFD, 0x1A, 0x1C, 0xA0, 0xA5, 0x04, 0x0E, 0x66,
    0x32, 0xBA, 0xDB, 0x3F, 0x62, 0xC3, 0x7B, 0x84, 0xDD, 0x02, 0xFE, 0x1E, 0xF4, 0xF9, 0x5F, 0xD6,
    0xFC, 0x9C, 0xDB, 0x25, 0xB9, 0x76, 0x0D, 0xB0, 0xD0, 0x6F, 0x37, 0xD0, 0x76, 0xFF, 0xDB, 0xA8,
    0xB0, 0xBF, 0x2E, 0x6A, 0x47, 0xF4, 0x58, 0xD6, 0x60, 0x64, 0xE3, 0x06, 0x3D, 0xCA, 0x80, 0x16,
    0x84, 0x03, 0x97, 0xF3, 0xC0, 0x7B, 0xFB, 0x25, 0x38, 0x8C, 0x30, 0xE0, 0x95, 0xC1, 0x78, 0x17,
    0x54, 0xE1, 0xD8, 0x5A, 0x38, 0xDC, 0x78, 0xC4, 0x5E, 0x7E, 0xD9, 0x00, 0xDD, 0xB7, 0x1A, 0x3B,
    0xCA, 0xF2, 0xCD, 0x47, 0xE6, 0x04, 0xDE, 0xE3, 0xD4, 0x73, 0x75, 0xDD, 0x90, 0xA9, 0x8B, 0x45,
    0x56, 0x54, 0x3C, 0x49, 0x3B, 0x38, 0xF9, 0x2D, 0x4F, 0x6E, 0xC7, 0x93, 0xD3, 0x9B, 0x75, 0x38,
    0x98, 0x53, 0x31, 0x9E, 0x3E, 0x1E, 0x76, 0x73, 0x41, 0x01, 0x7A, 0x79, 0x3C, 0x15, 0xCA, 0x5F,
    0xB9, 0x64, 0xE9, 0x3E, 0xDB, 0x8A, 0xD7, 0x2D, 0xF7, 0x60, 0xFB, 0x33, 0xBD, 0x5F, 0x06, 0x2E,
    0x16, 0x33, 0x39, 0xD5, 0x3C, 0xFD, 0x56, 0x59, 0x86, 0x2F, 0xE4, 0xDB, 0x42, 0xE2, 0xF9, 0x72,
    0x59, 0x6E, 0xA1, 0x33, 0xBB, 0xF1, 0xC7, 0xF1, 0x57, 0x87, 0x0C, 0xCF, 0x96, 0x18, 0x4E, 0xB6,
    0x58, 0x86, 0x97, 0x64, 0x78, 0x7A, 0x30, 0xC3, 0x0F, 0x84, 0xCF, 0xC1, 0x70, 0xF1, 0x2A, 0xAE,
    0xC9, 0xB7, 0x0D, 0x0E, 0x7C, 0x5E, 0x4C, 0x6F, 0xDD, 0x63, 0x32, 0xF1, 0xB0, 0x82, 0xE0, 0x89,
    0x87, 0xD8, 0xF5, 0x72, 0x5D, 0xC7, 0x03, 0x9F, 0x9F, 0x76, 0xBD, 0x69, 0x7F, 0x18, 0x0F, 0xF6,
    0x0B, 0x04, 0x0C, 0x58, 0x42, 0xC3, 0xD9, 0xE4, 0xA5, 0x95, 0xE2, 0x7A, 0x0D, 0xFA, 0x57, 0x7A,
    0x59, 0x07, 0x42, 0x63, 0x02, 0x13, 0x8C, 0x06, 0x55, 0x01, 0xC3, 0x6B, 0x0F, 0x00, 0xB6, 0xA1,
    0x05, 0xBB, 0xBB, 0xBB, 0xF9, 0xC2, 0xEA, 0x2B, 0x26, 0xF1, 0x44, 0xB9, 0x24, 0x2C, 0x71, 0x52,
    0x5F, 0xFF, 0x53, 0x91, 0x3A, 0x94, 0x88, 0xB1, 0x7E, 0x68, 0xCC, 0x3C, 0x3F, 0x57, 0xFF, 0xE6,
    0x95, 0x4E, 0xE3, 0x3D, 0xBC, 0x51, 0x2B, 0xCC, 0x12, 0x9A, 0x00, 0xA9, 0x7A, 0x19, 0x2C, 0xF1,
    0x72, 0xF5, 0x63, 0xE5, 0x55, 0x62, 0xFF, 0xB9, 0x0F, 0x6F, 0x34, 0x8A, 0xE8, 0xA8, 0x98, 0xE4,
    0x4C, 0x08, 0x9D, 0x28, 0x73, 0xA8, 0xEE, 0x30, 0x5B, 0xB1, 0x70, 0xBC, 0xC6, 0xFC, 0xBF, 0x22,
    0x0E, 0x4F, 0x8E, 0x39, 0x46, 0xD5, 0x72, 0xCD, 0x42, 0xF9, 0x5A, 0xA3, 0x77, 0x15, 0x9F, 0x13,
    0x65, 0xCE, 0xC9, 0x12, 0xEF, 0x62, 0x14, 0x4A, 0xE3, 0xB5, 0xC4, 0xC0, 0x0D, 0xFA, 0x45, 0x3E,
    0x47, 0x3D, 0xD5, 0xC1, 0xC9, 0x51, 0x8F, 0xAB, 0x66, 0xED, 0xE8, 0x51, 0xF9, 0xE5, 0xE8, 0x4F,
    0x19, 0x80, 0x7F, 0x03, 0xBD, 0xE4, 0x4B, 0x89, 0x92, 0xDD, 0xF1, 0x1B, 0xBF, 0x71, 0x3A, 0x71,
    0x95, 0x32, 0x69, 0x3D, 0x16, 0x64, 0xC3, 0x76, 0xC5, 0x60, 0x39, 0x49, 0x4E, 0xC2, 0xDE, 0x50,
    0x34, 0x38, 0x68, 0x71, 0xD0, 0xE4, 0xA0, 0xCD, 0x41, 0xA3, 0x63, 0x09, 0xAB, 0x93, 0x5D, 0x68,
    0xCA, 0xDD, 0xA1, 0x7E, 0x18, 0x8C, 0x37, 0xCA, 0x3B, 0xDE, 0x85, 0x21, 0xD2, 0x63, 0xD9, 0x09,
    0xB6, 0x1D, 0x3D, 0xA1, 0x0B, 0x8F, 0xD9, 0x78, 0x0F, 0x8D, 0xA2, 0x69, 0x60, 0x59, 0x89, 0x56,
    0x12, 0x9B, 0xCF, 0x2F, 0x0D, 0xEF, 0xAD, 0x8D, 0xD7, 0x3C, 0x83, 0x8D, 0x17, 0xEB, 0x76, 0x1F,
    0x94, 0xB5, 0x46, 0x67, 0xA8, 0xC5, 0xBD, 0x02, 0xE9, 0x67, 0x47, 0xD0, 0xD2, 0x6D, 0x48, 0x33,
    0x18, 0x36, 0x9E, 0xD7, 0xC2, 0xC6, 0x93, 0x55, 0x59, 0x0C, 0xBB, 0x45, 0xAB, 0x22, 0x0D, 0xF3,
    0xCE, 0x29, 0xB4, 0xDE, 0x36, 0xE6, 0x9B, 0x21, 0x8E, 0xB4, 0x91, 0x34, 0x52, 0xD6, 0x8B, 0x5C,
    0x11, 0xDA, 0xBA, 0x65, 0xB2, 0xD6, 0xC0, 0xFD, 0x42, 0xF4, 0x94, 0xA8, 0x84, 0xDF, 0x34, 0x61,
    0xFF, 0xCE, 0x23, 0xD8, 0x7B, 0x59, 0x43, 0x33, 0x84, 0xEA, 0x8D, 0x9A, 0x6E, 0xB0, 0xC0, 0x6F,
    0xFA, 0x09, 0x0C, 0x13, 0x28, 0xAC, 0x09, 0x15, 0x36, 0x54, 0x85, 0x6C, 0x40, 0x9A, 0xA2, 0xB6,
    0x13, 0x6D, 0x4B, 0xC5, 0x6B, 0x74, 0xB0, 0x51, 0xD6, 0x8C, 0x61, 0x60, 0x2A, 0x08, 0x97, 0xBE,
    0x93, 0x8A, 0xE1, 0x17, 0xE9, 0x42, 0x83, 0x08, 0xD2, 0x20, 0x64, 0x3B, 0x95, 0x7A, 0x4D, 0x60,
    0x43, 0x0F, 0x7D, 0xB8, 0x31, 0xE7, 0xBC, 0xC0, 0x4D, 0x11, 0xC7, 0x49, 0x1D, 0x60, 0x79, 0x9F,
    0x85, 0x51, 0x71, 0x41, 0x96, 0x5B, 0xAB, 0x4F, 0x2C, 0x51, 0x05, 0x68, 0x32, 0x24, 0x4D, 0x14,
    0x9D, 0xCE, 0x01, 0x51, 0xEA, 0x3D, 0x2E, 0x99, 0x6E, 0x01, 0x1D, 0x42, 0xF3, 0xFD, 0x41, 0xCE,
    0xE5, 0x99, 0x58, 0x26, 0xEA, 0xEE, 0x48, 0x8F, 0xD7, 0x4D, 0x94, 0xAD, 0x92, 0x74, 0x5A, 0x07,
    0xE4, 0x4C, 0xB1, 0xD9, 0xBE, 0xEE, 0xA9, 0x29, 0xCE, 0x66, 0xA0, 0xB3, 0x14, 0x29, 0xF4, 0xCA,
    0x45, 0x34, 0xED, 0xCF, 0x00, 0xDE, 0x58, 0x89, 0xD1, 0xB9, 0xB4, 0x43, 0x9A, 0x15, 0x8D, 0x71,
    0x4A, 0xC7, 0xE6, 0x0A, 0xF9, 0x5C, 0x54, 0xF4, 0x6D, 0x79, 0xDF, 0xFF, 0x75, 0x54, 0xD5, 0x74,
    0x2D, 0x19, 0xCB, 0xBC, 0x30, 0x45, 0xD9, 0x46, 0x8D, 0x3C, 0x5D, 0x10, 0x3D, 0x2F, 0x9C, 0xCD,
    0x66, 0x37, 0xCB, 0x8C, 0x4A, 0xD1, 0x42, 0x51, 0x8D, 0xFF, 0xFA, 0x62, 0x6D, 0x2E, 0xC1, 0x03,
    0xC8, 0xFA, 0xF2, 0x1B, 0xC9, 0xBA, 0x44, 0x98, 0xA4, 0x87, 0x87, 0x17, 0xA1, 0xAA, 0xDE, 0x86,
    0xC7, 0x97, 0xDC, 0x64, 0x14, 0xA5, 0xB8, 0x53, 0x88, 0x7F, 0x30, 0x47, 0x94, 0x32, 0xA9, 0xE1,
    0x71, 0xC9, 0x04, 0xF4, 0x09, 0x3D, 0xFA, 0x5D, 0x0B, 0x98, 0xBE, 0x20, 0xA4, 0x38, 0x33, 0x91,
    0x70, 0x78, 0xFA, 0x2B, 0xA7, 0xEB, 0xBD, 0xB0, 0x36, 0xDB, 0xD4, 0x2B, 0x2F, 0x7E, 0x59, 0xCC,
    0x0E, 0xBC, 0xC1, 0xE1, 0x6F, 0x26, 0x8E, 0xAE, 0xA7, 0xD3, 0x20, 0xC3, 0x51, 0x1C, 0xDC, 0xC3,
    0x8B, 0x9E, 0xEE, 0x2E, 0x82, 0xD2, 0x16, 0x72, 0xF1, 0x17, 0x30, 0xA4, 0x2C, 0x7C, 0xE5, 0x21,
    0xDC, 0xBD, 0x95, 0x6B, 0xE6, 0xEB, 0xF7, 0x00, 0xA1, 0x86, 0xBC, 0xAF, 0x30, 0x7F, 0x3D, 0xFD,
    0x40, 0xD6, 0x33, 0xC4, 0x87, 0x38, 0xE9, 0x3D, 0x3D, 0xF6, 0x0E, 0x5C, 0xF1, 0xDA, 0xC7, 0xE0,
    0xFC, 0xF9, 0xA1, 0xB8, 0x34, 0xEF, 0x85, 0x83, 0x6A, 0x62, 0x59, 0x5E, 0x6F, 0x44, 0xBA, 0xFA,
    0x7B, 0x47, 0xA7, 0xE7, 0x97, 0x96, 0x82, 0xC8, 0x33, 0x44, 0xD1, 0x64, 0x35, 0x3D, 0x34, 0x81,
    0xFF, 0xA3, 0x3E, 0x6E, 0x3E, 0x98, 0xFA, 0x50, 0x9B, 0xEA, 0x2F, 0x7C, 0x9D, 0x7E, 0x12, 0xEA,
    0xFF, 0x69, 0xAE, 0x06, 0xBA, 0x7E, 0x5D, 0xD6, 0xF3, 0x8A, 0xC9, 0x87, 0x85, 0x7E, 0x84, 0xC7,
    0xC5, 0xD9, 0x2C, 0xD1, 0x5A, 0xDE, 0xF2, 0xC1, 0x74, 0x10, 0xE9, 0x2E, 0xD6, 0xDD, 0xBA, 0x08,
    0xEE, 0x4C, 0xBD, 0xC8, 0xDB, 0x29, 0xB6, 0x4D, 0x53, 0x62, 0xA2, 0x8B, 0x75, 0x2F, 0xEF, 0x8B,
    0x53, 0x1A, 0xB0, 0x7F, 0xFE, 0xF7, 0x8F, 0x55, 0xA0, 0x6E, 0xA9, 0x48, 0x25, 0x77, 0xF6, 0x80,
    0xAA, 0x30, 0x4E, 0xC4, 0xDF, 0xB9, 0x05, 0x7F, 0xF0, 0x9D, 0x74, 0xAA, 0x40, 0x80, 0x3A, 0x94,
    0x6B, 0xF0, 0x6C, 0x87, 0x90, 0x35, 0xF5, 0xF1, 0xAA, 0xF2, 0xD3, 0x37, 0xC4, 0x1F, 0x8B, 0xEE,
    0x14, 0x62, 0xD6, 0xF6, 0xE2, 0x27, 0x34, 0x2B, 0xB8, 0x50, 0x8E, 0x1C, 0xE1, 0x91, 0xE9, 0xA6,
    0xD0, 0xCD, 0x65, 0xBD, 0x2D, 0xCB, 0xEC, 0x45, 0xDE, 0xEB, 0x43, 0x6A, 0x9A, 0x82, 0xCB, 0x26,
    0xAE, 0xE4, 0x2D, 0x6A, 0xBF, 0x96, 0xB0, 0x68, 0x10, 0x7E, 0x12, 0xF5, 0x96, 0x87, 0x75, 0xD8,
    0x84, 0xB5, 0x9B, 0x8E, 0xF3, 0xEE, 0x70, 0x7F, 0x41, 0x1E, 0x4B, 0x7B, 0x9D, 0xB4, 0xD6, 0x49,
    0x5B, 0x6C, 0xEA, 0x6F, 0xD1, 0xA7, 0xDB, 0x53, 0x38, 0xBC, 0xB7, 0x1C, 0x3A, 0x38, 0x6A, 0x6A,
    0xFA, 0x03, 0x5E, 0xF2, 0x93, 0x2B, 0x12, 0xA5, 0xF1, 0x5A, 0xE9, 0xC9, 0x6B, 0xE5, 0xFA, 0x93,
    0x01, 0x82, 0x95, 0x98, 0x2A, 0xE8, 0x97, 0x9D, 0xAF, 0xC4, 0x2C, 0xA8, 0xB6, 0xC5, 0x13, 0x54,
    0x09, 0xA2, 0x9D, 0x09, 0x1D, 0xA2, 0xD6, 0x3A, 0xCB, 0x22, 0x8D, 0x92, 0xDC, 0x9B, 0x27, 0xA5,
    0x3F, 0x97, 0x73, 0xF3, 0xAD, 0x7D, 0x01, 0x97, 0x24, 0xF5, 0x9A, 0xA3, 0x3C, 0x8C, 0x09, 0xB3,
    0x7C, 0x30, 0xB5, 0xDA, 0xC8, 0x1C, 0xAF, 0xE4, 0xC8, 0x55, 0xD8, 0xDB, 0xBC, 0x1C, 0xC4, 0x2C,
    0x56, 0x60, 0x96, 0x22, 0x87, 0x1B, 0x96, 0x5E, 0xB3, 0x92, 0x13, 0xF3, 0x6B, 0x13, 0xF3, 0x3C,
    0xB1, 0xA3, 0x36, 0x32, 0x4C, 0x54, 0x2F, 0xC2, 0xAB, 0x08, 0x4A, 0x14, 0x0F, 0x2C, 0x2E, 0xC0,
    0x37, 0x86, 0xA2, 0xC1, 0xFC, 0x28, 0x98, 0x1C, 0x0E, 0x73, 0x7F, 0x15, 0xDF, 0x23, 0x96, 0xA3,
    0x07, 0x1E, 0x62, 0xE5, 0x26, 0x82, 0x5B, 0x22, 0x62, 0x3D, 0x6E, 0x8D, 0xF4, 0x60, 0x8A, 0xC0,
    0x6F, 0x19, 0xA9, 0xAD, 0x01, 0x13, 0x04, 0xA7, 0x95, 0xC6, 0xAF, 0xD0, 0x6D, 0x19, 0x89, 0xCB,
    0x68, 0x20, 0x67, 0x0A, 0x91, 0x89, 0xCC, 0x41, 0x6C, 0x27, 0x63, 0xE0, 0x3A, 0x43, 0xEE, 0x43,
    0x65, 0x49, 0x6D, 0x93, 0xD3, 0x02, 0x1F, 0x51, 0xE3, 0xFE, 0x42, 0x53, 0x3A, 0x21, 0x65, 0x91,
    0xA9, 0xA4, 0x02, 0x0C, 0xD9, 0x8E, 0xCF, 0x7E, 0xDD, 0x5E, 0x4D, 0xBD, 0xD8, 0x1E, 0x23, 0xF6,
    0x1E, 0x30, 0x71, 0x21, 0x1D, 0x43, 0xBA, 0xE9, 0x7D, 0x3E, 0xD3, 0xFB, 0x84, 0x7B, 0x4B, 0x36,
    0x32, 0x27, 0xA9, 0x4B, 0x0B, 0xDE, 0x33, 0xB9, 0x66, 0x48, 0x87, 0x1F, 0x4E, 0x69, 0xE8, 0x43,
    0x01, 0x67, 0x10, 0x20, 0x78, 0xF5, 0xE0, 0x40, 0x0F, 0x7B, 0xA9, 0x47, 0xA8, 0xA4, 0x07, 0xF9,
    0x3D, 0xB0, 0xEE, 0x61, 0xD5, 0xF7, 0x4C, 0xED, 0xC0, 0x7C, 0x65, 0xA8, 0x5D, 0x7F, 0x20, 0xD4,
    0x0E, 0xBC, 0x04, 0x78, 0x0A, 0x1B, 0x71, 0x5B, 0x5C, 0xA1, 0x15, 0x24, 0x20, 0xE4, 0x17, 0xDB,
    0x32, 0x99, 0x36, 0xBD, 0x36, 0xB6, 0xA7, 0x3C, 0x3D, 0x73, 0xF7, 0x6A, 0xCC, 0xB5, 0xBF, 0xAE,
    0x96, 0x8B, 0x26, 0x06, 0xDC, 0x3B, 0x00, 0xAB, 0xC1, 0x44, 0xDC, 0x05, 0x85, 0x01, 0x1D, 0x0D,
    0x60, 0xDD, 0x00, 0xE6, 0x0F, 0xE0, 0xFD, 0x00, 0xB7, 0x63, 0x40, 0x50, 0xD6, 0x60, 0xF5, 0xDF,
    0xF2, 0x83, 0xFE, 0xEB, 0x4E, 0xD9, 0x8B, 0x81, 0xD5, 0x00, 0xAC, 0x6C, 0x2B, 0x82, 0x95, 0x6D,
    0x59, 0xB0, 0x72, 0x76, 0x8D, 0x57, 0x87, 0xC6, 0x38, 0x73, 0x05, 0xCF, 0xDB, 0x2B, 0x95, 0x1B,
    0xC7, 0xA2, 0xB0, 0x9E, 0x1C, 0x51, 0xDC, 0x05, 0x6A, 0x82, 0x91, 0xCC, 0x38, 0xE1, 0x50, 0x32,
    0x26, 0x84, 0x2F, 0x11, 0xB5, 0x23, 0x7F, 0x9F, 0x28, 0x69, 0x53, 0x08, 0xEF, 0x23, 0x9B, 0xAC,
    0x6D, 0x4C, 0x75, 0x44, 0x60, 0xE3, 0xA7, 0xE7, 0x40, 0x66, 0x92, 0x3E, 0xDF, 0x9F, 0x09, 0x6A,
    0x86, 0x65, 0x24, 0xAA, 0xEE, 0x0D, 0x51, 0x76, 0xE7, 0xD1, 0xFF, 0x56, 0x06, 0xD9, 0x28, 0x0B,
    0x45, 0x8E, 0x56, 0xAC, 0x1F, 0xF1, 0xE0, 0xDC, 0xEA, 0x38, 0x68, 0xFB, 0xE1, 0xFA, 0x76, 0x1F,
    0x56, 0x7D, 0x58, 0xF6, 0x61, 0xDE, 0x47, 0xAA, 0xBF, 0xAA, 0xFA, 0x0B, 0x2F, 0x62, 0x50, 0xD9,
    0xF7, 0xB3, 0xA1, 0xB4, 0x9E, 0x66, 0xF4, 0xC3, 0x90, 0xDF, 0xC4, 0x79, 0xFD, 0xD9, 0x48, 0x38,
    0x0C, 0x4A, 0x1B, 0x22, 0x07, 0x72, 0xFB, 0xFE, 0xD6, 0xA1, 0x48, 0xA0, 0xF3, 0xF1, 0x8C, 0xC0,
    0xCF, 0x51, 0x98, 0x54, 0xCA, 0x4A, 0x40, 0x8E, 0x0E, 0x39, 0x69, 0x66, 0x7F, 0x19, 0x4F, 0xCF,
    0xBA, 0xB1, 0x9A, 0xE9, 0xE2, 0x37, 0xB7, 0x82, 0xF8, 0xC2, 0x02, 0xA8, 0x1D, 0x8A, 0xCB, 0x6F,
    0x7A, 0x9F, 0x57, 0xFD, 0x5C, 0x89, 0x01, 0xA9, 0x6B, 0x57, 0xA7, 0x61, 0x87, 0x4E, 0xAE, 0x76,
    0x4F, 0xBB, 0x4B, 0x04, 0x32, 0x1D, 0x5E, 0x8A, 0x69, 0x67, 0xA9, 0xEC, 0x87, 0xBE, 0xBF, 0x8A,
    0x38, 0x2F, 0xCF, 0xED, 0x4F, 0x57, 0x23, 0x4C, 0x52, 0x67, 0x15, 0xD3, 0xCC, 0xD4, 0xEE, 0x59,
    0x4B, 0xC8, 0xA0, 0xC3, 0x96, 0x26, 0x94, 0x8B, 0x04, 0xC6, 0x70, 0x65, 0xB7, 0x44, 0x6E, 0x09,
    0x14, 0x41, 0x28, 0xD0, 0xED, 0x00, 0xA5, 0x43, 0xA4, 0xA8, 0xB3, 0x14, 0x50, 0xEC, 0x12, 0x81,
    0x61, 0x0D, 0xE8, 0xCF, 0x01, 0xBD, 0x8E, 0x09, 0xEC, 0xC1, 0x03, 0x2C, 0xDE, 0x02, 0x4C, 0xFE,
    0x13, 0x30, 0xFA, 0x0D, 0x60, 0xF0, 0x15, 0xA0, 0xA7, 0x1B, 0xA6, 0xAE, 0x99, 0xD8, 0x2E, 0x08,
    0x13, 0x42, 0x58, 0x41, 0x2C, 0xBF, 0x89, 0xEB, 0x31, 0x20, 0x84, 0xD5, 0xEB, 0x4C, 0xE9, 0x85,
    0x25, 0xFF, 0x5D, 0x1C, 0x94, 0x2E, 0x12, 0xAD, 0xD7, 0x15, 0x62, 0x6B, 0x0F, 0xFD, 0x75, 0xAD,
    0x90, 0xF9, 0xCE, 0x65, 0xE0, 0xE2, 0x52, 0x33, 0x08, 0x0F, 0x51, 0x3F, 0x4C, 0xA0, 0x7F, 0x3E,
    0x70, 0x16, 0x58, 0xB6, 0xFC, 0x5A, 0xDF, 0x5E, 0x4C, 0x02, 0x53, 0xCB, 0x66, 0xA6, 0x02, 0x75,
    0x9D, 0x09, 0x5A, 0x59, 0x1D, 0x73, 0x42, 0x0C, 0x5C, 0x46, 0x6E, 0x67, 0x1C, 0xCC, 0x45, 0xB8,
    0x8C, 0x09, 0xA3, 0x20, 0x1F, 0x63, 0x6B, 0xDF, 0x63, 0xF2, 0x3C, 0xCA, 0x4D, 0x19, 0x1F, 0xB4,
    0xBE, 0x3B, 0x70, 0xB6, 0x17, 0xA4, 0x33, 0x21, 0x5D, 0x6B, 0xE9, 0x59, 0x9B, 0xD6, 0x1B, 0xCC,
    0x32, 0x35, 0xA0, 0xB8, 0x47, 0x7C, 0x32, 0x2B, 0x6C, 0xAA, 0xCE, 0xC4, 0x41, 0x97, 0x72, 0x5F,
    0x27, 0x34, 0x2A, 0x56, 0x4A, 0x18, 0x58, 0x2E, 0x05, 0x61, 0x4D, 0xAC, 0x8B, 0xA8, 0x6C, 0x31,
    0x84, 0x79, 0x3B, 0xFC, 0x89, 0xA8, 0xD0, 0x4F, 0xC3, 0xCF, 0xB4, 0x2E, 0xAF, 0x85, 0xFA, 0x0E,
    0xCA, 0x08, 0x3A, 0x98, 0x8A, 0xC2, 0x44, 0x71, 0x62, 0xC4, 0x6A, 0x73, 0x5B, 0xCC, 0x37, 0xE1,
    0xA3, 0x0C, 0xF6, 0xD1, 0xC1, 0x43, 0x0D, 0x6A, 0x62, 0x06, 0xB5, 0x5A, 0x0C, 0xAA, 0x67, 0x06,
    0xB5, 0x5F, 0x1A, 0xD4, 0x24, 0x07, 0x8C, 0x2A, 0x0E, 0x6A, 0xC3, 0xE1, 0x6C, 0x01, 0x9D, 0x9E,
    0x83, 0x5A, 0x70, 0x50, 0x93, 0x9F, 0x72, 0x38, 0x7F, 0xC9, 0xE1, 0xFC, 0xC3, 0x53, 0x86, 0x33,
    0xDB, 0x57, 0xC4, 0xE6, 0xD7, 0xFB, 0xCA, 0xA7, 0x34, 0x23, 0xAD, 0xC6, 0xF4, 0xD0, 0x0F, 0x1E,
    0x1F, 0xDC, 0x4C, 0x7E, 0x1A, 0x86, 0xEB, 0x3A, 0x3D, 0xAE, 0x25, 0x77, 0x10, 0xE0, 0x38, 0xC3,
    0x9A, 0x36, 0x3E, 0x26, 0x90, 0x83, 0x5F, 0x64, 0x2B, 0x2D, 0x58, 0x75, 0x31, 0x9D, 0x96, 0xAB,
    0x40, 0x16, 0xF6, 0x53, 0x81, 0x98, 0x39, 0x82, 0xC9, 0xBD, 0x09, 0xDF, 0x09, 0xE2, 0x88, 0xAD,
    0xCB, 0xF0, 0xF8, 0x1D, 0xA7, 0x32, 0x0C, 0x76, 0xB1, 0x21, 0x39, 0xAF, 0x06, 0x93, 0xE3, 0x2C,
    0x8C, 0x1C, 0xCF, 0x52, 0x93, 0xF6, 0xCC, 0x0B, 0x53, 0x1B, 0x66, 0x0A, 0xD6, 0x9E, 0x7E, 0x32,
    0xB5, 0x4E, 0x72, 0x1F, 0x67, 0xA6, 0x18, 0x5C, 0xA6, 0xCD, 0xD8, 0xF4, 0x80, 0xFE, 0x30, 0xD6,
    0xA6, 0x77, 0x51, 0x9F, 0xC0, 0x05, 0xA5, 0x65, 0x30, 0xCA, 0x23, 0x63, 0xFB, 0x39, 0x34, 0xCE,
    0x6D, 0x02, 0xF7, 0xC9, 0xC5, 0xE8, 0xCE, 0xCC, 0xE6, 0xF1, 0x5C, 0x90, 0x17, 0x60, 0x70, 0x10,
    0xD7, 0x2D, 0xA5, 0x43, 0xD6, 0x5E, 0x05, 0x90, 0x46, 0xDE, 0x7C, 0x18, 0x41, 0xDB, 0x4F, 0x80,
    0xFF, 0xEE, 0xE1, 0x07, 0x4C, 0x1B, 0xF1, 0xA4, 0xE5, 0xE2, 0x18, 0xB7, 0x85, 0x68, 0xC0, 0x97,
    0xA6, 0x80, 0x04, 0xAB, 0xDD, 0x80, 0x09, 0x7A, 0xF4, 0x72, 0xF5, 0xEF, 0xC6, 0x6F, 0x62, 0x78,
    0x85, 0xE5, 0x1D, 0xB6, 0xC0, 0x63, 0x2C, 0xF1, 0x58, 0xAE, 0x3A, 0xF9, 0x53, 0x1A, 0x02, 0xA7,
    0x52, 0xAF, 0x22, 0x7B, 0x7A, 0x4B, 0xEE, 0x46, 0xD9, 0x7A, 0x86, 0x09, 0x17, 0xAD, 0x96, 0xAD,
    0x9F, 0xEC, 0x60, 0xA8, 0x2B, 0xFF, 0xC0, 0x6C, 0x7B, 0xC6, 0x34, 0x1B, 0x33, 0xD1, 0x42, 0x53,
    0xCB, 0x45, 0xE3, 0xD5, 0xA8, 0xAA, 0x50, 0x61, 0x7E, 0x9B, 0x9A, 0x67, 0xC5, 0x3F, 0xFB, 0x13,
    0x5A, 0x16, 0x1B, 0xDB, 0xBB, 0x68, 0x14, 0xA6, 0x3F, 0x8A, 0xEE, 0xC1, 0x02, 0x77, 0x2E, 0x0C,
    0xF0, 0xAA, 0x18, 0x9A, 0xF9, 0xDC, 0x4B, 0x1A, 0x98, 0x05, 0x87, 0x35, 0xD2, 0x04, 0x11, 0x73,
    0x15, 0x2D, 0x79, 0x2C, 0x67, 0x57, 0xF8, 0x0E, 0x6E, 0x80, 0xCE, 0xC2, 0x66, 0x13, 0x0B, 0xAB,
    0xD6, 0x0A, 0x2B, 0xEB, 0x0A, 0x35, 0x55, 0x90, 0x4F, 0x35, 0xA2, 0x2B, 0x87, 0x08, 0xBA, 0xC2,
    0x0C, 0x5B, 0xB3, 0x72, 0x1E, 0xBF, 0x5F, 0x3A, 0x32, 0x7B, 0x4E, 0xD2, 0xD5, 0xF6, 0xC7, 0xFE,
    0xC6, 0xFE, 0x47, 0x7C, 0xC0, 0x78, 0x8E, 0x16, 0x38, 0x0F, 0xBC, 0x47, 0xFC, 0x5D, 0x7B, 0xB6,
    0xCC, 0xE7, 0x69, 0x8D, 0x85, 0xA4, 0x95, 0xC3, 0xC8, 0xB1, 0x6E, 0x43, 0x99, 0x45, 0x41, 0xFF,
    0xCE, 0x10, 0x7F, 0x7E, 0xB3, 0x96, 0xF6, 0x33, 0x14, 0x2B, 0x22, 0x03, 0xD8, 0x99, 0x1D, 0x0D,
    0xA1, 0x09, 0x66, 0x41, 0x0F, 0x73, 0x6F, 0x83, 0x3F, 0x9E, 0xA5, 0xDD, 0xA1, 0x5F, 0x3A, 0x7F,
    0xBD, 0xBB, 0x7B, 0x6F, 0xB0, 0x7A, 0xCA, 0x5E, 0xC7, 0xF2, 0xC0, 0xD6, 0xA8, 0xF9, 0xB0, 0x33,
    0xFC, 0x61, 0xC5, 0x0B, 0xA2, 0x40, 0x45, 0xAE, 0x2E, 0x04, 0x83, 0xF4, 0xFB, 0xF0, 0x06, 0x1C,
    0x98, 0x36, 0x00, 0x9E, 0xB1, 0xA8, 0xA9, 0xC2, 0xD6, 0xC9, 0xD2, 0x56, 0xA1, 0x91, 0x1E, 0x4D,
    0x46, 0x7A, 0x31, 0x3A, 0x3F, 0xFB, 0x8D, 0x74, 0x4E, 0x96, 0xDF, 0x22, 0x56, 0xAD, 0x4D, 0x71,
    0x2A, 0xBC, 0x45, 0x9D, 0x67, 0x76, 0x02, 0x73, 0xCA, 0xD8, 0x79, 0x03, 0x30, 0xFD, 0x1B, 0x56,
    0xF6, 0x12, 0x47, 0xA7, 0xAC, 0xAE, 0xCD, 0x30, 0x5B, 0x33, 0xAC, 0x2C, 0x68, 0x72, 0x13, 0x18,
    0x83, 0x1E, 0x47, 0x38, 0xAB, 0x33, 0xD1, 0xAC, 0x8C, 0xAB, 0x69, 0xB9, 0x65, 0x36, 0xEA, 0x75,
    0x26, 0xD2, 0xE6, 0xDC, 0xB3, 0xD1, 0x8D, 0x88, 0xD1, 0x8D, 0x4F, 0xA7, 0xF0, 0xDF, 0xAC, 0x0B,
    0x74, 0x97, 0x0C, 0x9D, 0xBE, 0x27, 0x38, 0xCA, 0x02, 0x91, 0x41, 0x63, 0xF4, 0x86, 0x61, 0xA8,
    0xA7, 0x3A, 0xCA, 0xA7, 0x84, 0xBA, 0xA5, 0xD7, 0x8F, 0xA6, 0xE8, 0x5A, 0x37, 0xE6, 0xB0, 0x19,
    0xA4, 0x63, 0x8C, 0xCE, 0x24, 0xB0, 0x2F, 0xA6, 0x89, 0xAB, 0xCB, 0x24, 0xD4, 0x79, 0x92, 0xFC,
    0x2E, 0x45, 0x20, 0x17, 0x7B, 0x4A, 0x92, 0xCA, 0x9A, 0x07, 0xB9, 0x3D, 0x9E, 0x21, 0x1F, 0x31,
    0x45, 0xD8, 0x72, 0x63, 0x67, 0x40, 0x68, 0x26, 0xD6, 0xE1, 0xF8, 0xC4, 0x4A, 0xF6, 0x43, 0x97,
    0x5A, 0x9D, 0xA2, 0x69, 0xF3, 0x3D, 0xC1, 0x3A, 0x96, 0xBF, 0xA0, 0xDE, 0x53, 0xDE, 0xA3, 0xD6,
    0xEC, 0xC0, 0x01, 0x93, 0xD6, 0x46, 0x44, 0x8F, 0x83, 0x97, 0xA6, 0x3E, 0xAA, 0x1D, 0x6D, 0x4A,
    0x9A, 0x94, 0xD9, 0x14, 0x72, 0x5D, 0x35, 0xCC, 0x2E, 0xA3, 0xC8, 0x02, 0xF9, 0x74, 0x2C, 0xF9,
    0x32, 0x6C, 0xD5, 0xE5, 0x34, 0xAA, 0xC6, 0x9B, 0xE2, 0x7C, 0x02, 0xE5, 0xB8, 0x62, 0xB9, 0xE4,
    0x3D, 0xAA, 0x2C, 0x2A, 0x82, 0x08, 0x0B, 0xDB, 0xA1, 0xEE, 0x0A, 0xCC, 0x7E, 0xB8, 0x72, 0x74,
    0x0D, 0xD8, 0x3B, 0x0D, 0x5D, 0x02, 0xFE, 0x1B, 0x55, 0xAF, 0x09, 0x32, 0x65, 0xF2, 0xF5, 0xC7,
    0x1A, 0xFB, 0x08, 0x3A, 0x41, 0x00, 0x31, 0x12, 0x16, 0x3B, 0xA8, 0x4B, 0xDB, 0x93, 0x54, 0xE4,
    0x7E, 0x9D, 0xC6, 0x04, 0xD9, 0x46, 0x66, 0xAD, 0x6D, 0x42, 0xC4, 0x3F, 0x80, 0x4C, 0x89, 0x3F,
    0xFF, 0x36, 0x54, 0xC0, 0xF9, 0xC4, 0xBA, 0x1B, 0xAC, 0xCB, 0x87, 0x81, 0x8F, 0xC6, 0x0A, 0xD4,
    0x44, 0xE0, 0x43, 0x36, 0x37, 0xD2, 0x94, 0xC2, 0x05, 0x18, 0x76, 0x7F, 0x2E, 0x03, 0x97, 0xDC,
    0x79, 0x77, 0x2E, 0x5D, 0xD7, 0x97, 0x81, 0x3F, 0xB2, 0xF2, 0x2C, 0xDD, 0x60, 0x5D, 0x49, 0xC0,
    0x12, 0xD9, 0x9F, 0x37, 0x46, 0x8F, 0x89, 0xAF, 0xB9, 0x05, 0x33, 0x6A, 0xED, 0xB4, 0x32, 0x6C,
    0xCC, 0x4D, 0x64, 0xCC, 0xA5, 0xA8, 0xC7, 0x72, 0x29, 0xC7, 0xC6, 0xB0, 0x53, 0xC4, 0x88, 0xF5,
    0x49, 0x38, 0x71, 0xC6, 0x3B, 0x8C, 0x68, 0xD1, 0xE8, 0x62, 0xE4, 0x22, 0x1B, 0xB7, 0x61, 0x25,
    0x0F, 0x8E, 0x89, 0x21, 0xAF, 0x54, 0x26, 0x02, 0x01, 0x24, 0xD7, 0x3B, 0x9B, 0x12, 0xC0, 0x71,
    0x9F, 0x49, 0x23, 0xD4, 0x94, 0x38, 0x77, 0xD5, 0x15, 0xDC, 0x8E, 0xD5, 0xFD, 0x16, 0x22, 0xF6,
    0x5F, 0xC0, 0x2F, 0x85, 0xCD, 0xEA, 0x12, 0xDD, 0xCD, 0xD3, 0xBA, 0x24, 0x37, 0x52, 0xE7, 0x2E,
    0x76, 0x56, 0xBA, 0xAD, 0x74, 0x39, 0x0C, 0x26, 0x82, 0x09, 0x3B, 0x65, 0x54, 0xD2, 0xC7, 0x34,
    0xC3, 0x58, 0xE2, 0x93, 0x16, 0x4B, 0x70, 0xB5, 0xB4, 0xEB, 0x34, 0xC0, 0xAB, 0x6A, 0x4A, 0xFD,
    0xD8, 0x34, 0x11, 0x07, 0xC3, 0xA6, 0xB4, 0x9C, 0x85, 0x7F, 0xEF, 0x71, 0x0B, 0x90, 0xD9, 0x29,
    0xF5, 0x5D, 0x5B, 0xF5, 0xD5, 0x99, 0xC3, 0xE5, 0x5E, 0x3A, 0x51, 0x4D, 0x72, 0xBC, 0xD2, 0xCF,
    0x52, 0xD7, 0x7E, 0x77, 0xD8, 0x03, 0x5C, 0xA4, 0xFA, 0xD6, 0x77, 0xC0, 0xB4, 0x9C, 0x8E, 0x90,
    0xF7, 0x5F, 0xB6, 0xB6, 0x1B, 0x13, 0xB2, 0xB7, 0x93, 0x31, 0x31, 0xD9, 0x37, 0x3B, 0x21, 0xED,
    0x76, 0xA5, 0x8C, 0xA4, 0x44, 0xFF, 0x61, 0xB6, 0x2B, 0xD1, 0x6D, 0x31, 0xDB, 0x95, 0xF4, 0x13,
    0xB6, 0x2B, 0x9D, 0xFE, 0x51, 0x31, 0x11, 0x4C, 0xC6, 0xA7, 0x42, 0x5B, 0x4C, 0xFE, 0x5D, 0x15,
    0x81, 0xE9, 0x57, 0xC1, 0xF1, 0x0B, 0x86, 0xF5, 0xAC, 0x85, 0x8C, 0xA9, 0xD8, 0x01, 0xC0, 0x7A,
    0xF3, 0xDD, 0x73, 0x02, 0x13, 0xBA, 0xA7, 0xD5, 0x84, 0x91, 0xE0, 0x50, 0x58, 0xA7, 0x74, 0xF3,
    0xE8, 0xF8, 0x66, 0x76, 0x0A, 0x19, 0xE8, 0x9A, 0x5D, 0x43, 0x47, 0xC5, 0xB7, 0x67, 0x9C, 0x97,
    0xB2, 0x56, 0x79, 0xFC, 0xE5, 0xB0, 0x7B, 0xF8, 0x79, 0x49, 0xF3, 0x3F, 0xC5, 0x1E, 0x8B, 0xB8,
    0x73, 0x21, 0x0A, 0xF4, 0xBF, 0xC8, 0x08, 0xB5, 0x31, 0x7E, 0x6A, 0xDC, 0xE1, 0xA0, 0x88, 0xC5,
    0x16, 0xE3, 0x4E, 0xC5, 0x09, 0xC2, 0xC5, 0x46, 0x3B, 0x71, 0x8E, 0xB1, 0x44, 0x52, 0x38, 0xC5,
    0x1A, 0x7B, 0x0C, 0x58, 0x3D, 0xF6, 0xBB, 0x62, 0x4E, 0xE1, 0x5C, 0x61, 0x7C, 0x07, 0x63, 0xC1,
    0xB1, 0xA6, 0x73, 0x5D, 0x16, 0x56, 0x1D, 0xA6, 0x8E, 0x1E, 0x6E, 0x8A, 0x1F, 0x53, 0xC8, 0xB5,
    0xA5, 0x78, 0x49, 0xFB, 0xF6, 0x4F, 0x8B, 0x7C, 0xF4, 0x9B, 0x17, 0x04, 0x01, 0x40, 0xD8, 0x88,
    0x78, 0x8D, 0x1A, 0xC1, 0x0D, 0xF5, 0x9C, 0x37, 0x1E, 0x35, 0x3E, 0x8A, 0x44, 0x59, 0x2E, 0x6A,
    0x2C, 0x61, 0x53, 0x82, 0x95, 0x70, 0xAE, 0x19, 0xB8, 0x36, 0x9B, 0x9D, 0x51, 0xE6, 0x3E, 0xF9,
    0x09, 0x10, 0x27, 0xCA, 0xD2, 0xD7, 0x94, 0x9F, 0xC2, 0x25, 0xE1, 0x9E, 0x99, 0x3B, 0xF4, 0xD8,
    0x35, 0x25, 0x80, 0x89, 0x84, 0x9C, 0x3B, 0xAB, 0x73, 0xB7, 0x56, 0xDF, 0x9F, 0x9E, 0x03, 0xD1,
    0x3D, 0xE1, 0x39, 0x10, 0x27, 0xCA, 0x68, 0x75, 0x25, 0xA5, 0x25, 0x07, 0xB6, 0x7A, 0xBF, 0x66,
    0x91, 0x53, 0x7E, 0x8B, 0xF0, 0x75, 0xA6, 0x7C, 0xE0, 0x11, 0x7A, 0xDC, 0x5D, 0xAB, 0x8C, 0xBA,
    0x3A, 0xB3, 0xAC, 0x67, 0x4A, 0x8B, 0x86, 0x60, 0xF8, 0xB6, 0xFC, 0xF4, 0x1D, 0x57, 0x48, 0xFE,
    0x3E, 0x9E, 0x33, 0x12, 0xE1, 0x53, 0xF8, 0x05, 0x2A, 0xD2, 0x69, 0xC1, 0xBD, 0xA4, 0x91, 0x70,
    0x77, 0x50, 0xF3, 0xE2, 0xCF, 0x61, 0xCB, 0xD1, 0x3B, 0x16, 0xD3, 0x93, 0x16, 0x05, 0x33, 0x70,
    0x2D, 0xCD, 0xEE, 0x6B, 0xCE, 0x59, 0xE5, 0xFE, 0xC6, 0xF6, 0xFB, 0xB8, 0x0F, 0x66, 0xED, 0x5F,
    0xC9, 0xC4, 0xDF, 0x13, 0x7F, 0xD3, 0x69, 0xC5, 0xE1, 0xF4, 0xEA, 0x68, 0x25, 0x6A, 0x79, 0xA2,
    0x3C, 0x3F, 0xE5, 0xDC, 0xA3, 0x5C, 0xB8, 0x78, 0x93, 0x3C, 0xB9, 0xB5, 0xA8, 0xE3, 0x5A, 0x81,
    0xA6, 0xBE, 0x4B, 0x9B, 0x94, 0x6B, 0xF3, 0x12, 0xB8, 0xC8, 0xE7, 0xB2, 0x30, 0x65, 0x7D, 0x7B,
    0xDA, 0x66, 0xD1, 0x4D, 0x71, 0x2D, 0x90, 0x43, 0xB7, 0xD9, 0x46, 0x87, 0x77, 0xEC, 0x87, 0xE9,
    0x79, 0x2D, 0xE1, 0xB8, 0x09, 0x25, 0xF9, 0xB0, 0x36, 0x1F, 0xF6, 0x4C, 0x71, 0x04, 0x12, 0xCF,
    0xF7, 0x95, 0xAD, 0x55, 0x3B, 0x77, 0xE0, 0xDE, 0xA0, 0x6C, 0x0C, 0x5D, 0xA0, 0xF0, 0x9E, 0xB9,
    0x46, 0xD4, 0xF0, 0x73, 0x93, 0x06, 0x92, 0xC7, 0xC8, 0xD0, 0xD5, 0x51, 0x49, 0xBF, 0x0C, 0x15,
    0xAE, 0x2A, 0xFC, 0x15, 0x1E, 0xEE, 0x22, 0xA6, 0x7A, 0xF4, 0x59, 0x29, 0x8B, 0x4B, 0xBC, 0xB2,
    0xF8, 0xC3, 0x52, 0xF8, 0x84, 0x8D, 0x00, 0x7F, 0x53, 0x9B, 0xB2, 0xF2, 0xC4, 0xB7, 0x61, 0xA7,
    0x2D, 0x99, 0xA1, 0x7B, 0x30, 0xB0, 0xEE, 0xE3, 0x09, 0x07, 0xE8, 0xA8, 0x73, 0x3A, 0x74, 0xD7,
    0xE3, 0x23, 0x0C, 0xAF, 0xC1, 0x6D, 0x55, 0x8F, 0xE2, 0xD0, 0x42, 0xAE, 0x20, 0xD6, 0x89, 0xDC,
    0x93, 0xC1, 0x0F, 0x49, 0xDE, 0x96, 0xE6, 0xE0, 0xF5, 0xC5, 0x1F, 0x54, 0xD2, 0x09, 0x84, 0x8C,
    0x74, 0x19, 0x7D, 0x86, 0xFA, 0x42, 0xF9, 0x80, 0x43, 0x24, 0x4E, 0xCE, 0x83, 0xF8, 0xF9, 0x90,
    0x3C, 0xC0, 0x98, 0x8C, 0x01, 0x0D, 0xE6, 0x03, 0x9E, 0xB8, 0x30, 0x58, 0xCB, 0xD7, 0xC6, 0x0E,
    0xAF, 0x58, 0xCB, 0xCD, 0x24, 0xA0, 0x4C, 0xED, 0xF2, 0xB4, 0x87, 0xC2, 0xEE, 0x6B, 0xA4, 0x64,
    0x60, 0xE1, 0x9C, 0x48, 0x33, 0x27, 0x3D, 0x90, 0x75, 0x18, 0x54, 0x3C, 0xDF, 0xA6, 0x00, 0x2F,
    0x84, 0x71, 0x32, 0xE7, 0x92, 0x54, 0xF8, 0x86, 0x30, 0x9C, 0xFC, 0xE2, 0x7C, 0x85, 0xCD, 0xE9,
    0x61, 0xE5, 0x7D, 0x39, 0x67, 0xC5, 0x9F, 0xF7, 0x7B, 0x54, 0x06, 0x07, 0x8D, 0x5F, 0x83, 0x0B,
    0x5E, 0x13, 0x54, 0x9D, 0x8B, 0xCD, 0xF6, 0x61, 0x09, 0xD2, 0xDD, 0x36, 0xCA, 0x33, 0xAC, 0xE9,
    0x2E, 0x4E, 0xC1, 0x42, 0x3C, 0x3A, 0x28, 0x16, 0x9E, 0xAA, 0xFE, 0x4D, 0x15, 0x7D, 0x28, 0x64,
    0xEF, 0xDD, 0x36, 0x54, 0x67, 0x9F, 0x72, 0x18, 0xE0, 0xDC, 0x92, 0xE6, 0x64, 0x6E, 0x28, 0xC5,
    0x8E, 0x7D, 0x6D, 0x02, 0xF3, 0x24, 0xD8, 0x92, 0x49, 0x22, 0x0D, 0x89, 0xC1, 0x1F, 0xDA, 0x89,
    0x3C, 0x43, 0xDC, 0x63, 0xA4, 0xED, 0xB1, 0x5C, 0x90, 0xCF, 0x8E, 0xC8, 0x4D, 0x6C, 0x0B, 0xCE,
    0x49, 0x0F, 0xFF, 0xDB, 0x3C, 0x73, 0x00, 0x98, 0x32, 0xB2, 0xAC, 0x06, 0x9B, 0x0A, 0x30, 0x51,
    0x3F, 0xB3, 0x31, 0x85, 0xBB, 0x1C, 0x7F, 0x4D, 0x07, 0x8D, 0x7D, 0x79, 0x26, 0xBF, 0x6A, 0xDD,
    0xB4, 0xF2, 0x59, 0x37, 0xA1, 0x1C, 0x08, 0x9D, 0x29, 0xFE, 0x15, 0x32, 0xFE, 0xF5, 0x99, 0xF0,
    0x68, 0xCF, 0xC4, 0xBF, 0xF6, 0xF6, 0xC7, 0xBF, 0x0A, 0xFB, 0x4C, 0x24, 0x6E, 0x9A, 0xE2, 0x93,
    0x92, 0x82, 0x06, 0xD3, 0xB8, 0x0A, 0x6A, 0xF3, 0x28, 0x25, 0x14, 0x1C, 0x4B, 0xB3, 0x42, 0x52,
    0x81, 0x45, 0x37, 0x80, 0x03, 0x9D, 0xCD, 0x0B, 0x31, 0xF8, 0x11, 0xFF, 0x23, 0x8A, 0x82, 0x7F,
    0x8E, 0x12, 0xDF, 0x5F, 0xA1, 0x4C, 0x63, 0x52, 0x72, 0x26, 0x74, 0x33, 0x8C, 0xEB, 0xD4, 0x64,
    0x04, 0xDA, 0xD1, 0x8B, 0x9E, 0x42, 0x99, 0x3F, 0xC3, 0xB5, 0x7C, 0xE8, 0x56, 0x66, 0x32, 0x50,
    0x5C, 0x89, 0x51, 0xBE, 0x35, 0xA5, 0xB7, 0xCC, 0x67, 0xE7, 0xE0, 0x15, 0x7A, 0x06, 0xC6, 0x43,
    0xB9, 0xF7, 0xC6, 0x4D, 0x7B, 0xDC, 0xE1, 0x66, 0x32, 0xEF, 0x93, 0x10, 0x5B, 0x09, 0xE0, 0xE2,
    0x59, 0x2C, 0x08, 0x9D, 0xE8, 0x36, 0x31, 0x39, 0x21, 0x7B, 0x4B, 0x35, 0x6E, 0x12, 0x2E, 0x46,
    0xCF, 0x94, 0xED, 0x05, 0x4F, 0xFF, 0xB1, 0x5E, 0xF9, 0x71, 0x78, 0xD2, 0x8F, 0xD2, 0x5B, 0xB7,
    0x00, 0x66, 0x5F, 0x18, 0x8A, 0x2E, 0xB4, 0x11, 0x0C, 0x88, 0xDD, 0x86, 0xCB, 0x81, 0x6E, 0xA2,
    0xDA, 0xE1, 0xB8, 0x38, 0x7B, 0xA7, 0xB3, 0xA5, 0xE1, 0xD5, 0xE2, 0xF9, 0x4C, 0xBD, 0x19, 0xEC,
    0xA0, 0x31, 0xF4, 0x82, 0x11, 0x83, 0x95, 0xA5, 0x73, 0x33, 0xFA, 0x2C, 0x63, 0xDE, 0xDD, 0xDD,
    0x29, 0x4C, 0xA7, 0x9D, 0xF1, 0x5A, 0xCD, 0x84, 0x59, 0x4C, 0x9D, 0x0B, 0x8F, 0x8D, 0xF8, 0x69,
    0x61, 0x91, 0x6B, 0x83, 0x84, 0xE3, 0xE1, 0xA6, 0xFB, 0xD1, 0x3C, 0x52, 0xF6, 0x38, 0x77, 0x51,
    0x7D, 0x7B, 0x1F, 0x0A, 0x2B, 0xF9, 0x69, 0x0B, 0xD9, 0xCE, 0xA7, 0x8C, 0xE4, 0xE3, 0x42, 0xDB,
    0x3C, 0x85, 0x3C, 0xBA, 0xA4, 0x9C, 0xBB, 0x50, 0x8B, 0xDE, 0x5C, 0x08, 0x64, 0xBC, 0xB1, 0x35,
    0x35, 0x6A, 0x4B, 0x35, 0x5B, 0x47, 0x3E, 0x8D, 0xDE, 0xDF, 0xF6, 0xF5, 0x3C, 0xD2, 0x4D, 0x52,
    0x5D, 0xCB, 0x28, 0x1F, 0x06, 0x75, 0x04, 0x35, 0xB0, 0xFF, 0x0F, 0xED, 0x5C, 0x3D, 0x90, 0xDC,
    0xD6, 0x91, 0x7E, 0x00, 0xC8, 0x9D, 0x2A, 0x22, 0x00, 0x03, 0xD2, 0xB2, 0xC9, 0xB2, 0xA0, 0xF0,
    0xCC, 0xAA, 0x3B, 0xA4, 0x76, 0x95, 0x2C, 0xA0, 0xC4, 0x2A, 0x2B, 0xF4, 0x06, 0x3B, 0x52, 0xA0,
    0x40, 0x89, 0x03, 0x9D, 0x12, 0xC6, 0x57, 0x25, 0x11, 0xD0, 0x5D, 0xE0, 0xC0, 0xC9, 0x06, 0x96,
    0x63, 0x05, 0x74, 0x15, 0x39, 0x0C, 0x9C, 0x38, 0x70, 0x20, 0x12, 0x70, 0x29, 0x70, 0x78, 0xB8,
    0x72, 0xE8, 0xE0, 0x46, 0x27, 0xAA, 0x54, 0xB6, 0x03, 0xA2, 0xEE, 0x46, 0x77, 0x90, 0x38, 0xC0,
    0xBB, 0xFE, 0xBE, 0x7E, 0xC0, 0x60, 0x76, 0x97, 0x3F, 0x12, 0xA9, 0x25, 0xB9, 0xF6, 0x90, 0xF3,
    0x5E, 0x2F, 0x16, 0xF3, 0xF0, 0x5E, 0xBF, 0x7E, 0xDD, 0xFD, 0x75, 0xF7, 0xAC, 0x31, 0x78, 0xFD,
    0xB3, 0xD1, 0x57, 0x69, 0x8C, 0x57, 0xDA, 0x7D, 0x63, 0x8D, 0x89, 0xAD, 0xED, 0x4C, 0x27, 0x97,
    0xAC, 0xB5, 0xEF, 0xAF, 0x8D, 0x6F, 0x0B, 0x93, 0xFF, 0x75, 0x65, 0x66, 0x6B, 0x63, 0x42, 0x5B,
    0x9B, 0xA8, 0x31, 0x26, 0xE8, 0xE5, 0xB6, 0x5A, 0x3E, 0x26, 0x7D, 0x5A, 0xE9, 0xC7, 0xD3, 0x42,
    0xFA, 0x3C, 0xC3, 0x7F, 0xFE, 0x50, 0x62, 0x58, 0xF9, 0x25, 0xFB, 0xE4, 0x11, 0x7B, 0xB9, 0x3F,
    0x37, 0xFA, 0xF9, 0x94, 0xE3, 0x64, 0xE3, 0xF8, 0x89, 0x7B, 0x1E, 0x9E, 0xEF, 0xCB, 0x5C, 0x38,
    0x9F, 0x56, 0x68, 0x2B, 0xF7, 0x34, 0xB8, 0xE7, 0xAB, 0x9B, 0x16, 0xF7, 0xCA, 0xFC, 0x7B, 0x8C,
    0xE1, 0x59, 0xBB, 0xE4, 0xDA, 0xBC, 0x3D, 0xB3, 0xF5, 0x0A, 0x1B, 0xD7, 0x7A, 0x73, 0x13, 0x2D,
    0x4D, 0x6E, 0x97, 0x51, 0xE5, 0xCB, 0xA2, 0xD3, 0x22, 0xEC, 0x5F, 0xB7, 0xD6, 0xC4, 0x4B, 0x93,
    0xB6, 0x98, 0x02, 0x7E, 0x29, 0x0F, 0x6A, 0xF0, 0xF8, 0x60, 0x85, 0x87, 0xBB, 0xB6, 0x05, 0x7F,
    0xC6, 0x56, 0xAF, 0xDC, 0xE6, 0x6F, 0xF5, 0xCE, 0x94, 0xC3, 0xCB, 0xCC, 0x65, 0x04, 0xF9, 0x2F,
    0xC4, 0x4C, 0x46, 0xCE, 0x30, 0xA5, 0x0E, 0xAB, 0xD5, 0x89, 0x6D, 0xA6, 0x75, 0x43, 0xBB, 0xFE,
    0x2A, 0xA6, 0x5F, 0x75, 0x60, 0x45, 0xFC, 0xFB, 0x35, 0xBB, 0x8F, 0x5B, 0x76, 0x7F, 0x6A, 0xD8,
    0xD9, 0x8A, 0x5D, 0x47, 0x6E, 0xC5, 0xD5, 0xB7, 0xD2, 0xE5, 0xBA, 0x1F, 0xB9, 0xDB, 0x86, 0x82,
    0xBB, 0x00, 0xEE, 0x8B, 0x6C, 0x44, 0xAD, 0x99, 0x61, 0xD1, 0xF6, 0x2F, 0xA5, 0xB0, 0xDE, 0x58,
    0x65, 0xF1, 0x45, 0x65, 0xB8, 0x39, 0x9F, 0x6D, 0x33, 0x5A, 0xF7, 0xD0, 0xA8, 0x48, 0x48, 0x87,
    0x9F, 0x67, 0x4D, 0xCF, 0xEE, 0xBF, 0xD7, 0xEC, 0xEC, 0x4A, 0xBB, 0x8A, 0xDD, 0xCA, 0xE8, 0x2D,
    0xDF, 0xAC, 0x0B, 0xB5, 0x83, 0x80, 0x08, 0xC7, 0xE3, 0x86, 0x32, 0x93, 0x4B, 0x17, 0x75, 0x6F,
    0xDE, 0x93, 0x6E, 0x66, 0xED, 0xA7, 0x14, 0x14, 0x7B, 0x19, 0x9D, 0xB7, 0x3B, 0x99, 0xE9, 0xDB,
    0x66, 0xA7, 0x70, 0x64, 0x92, 0x25, 0xC3, 0x3A, 0xA2, 0x65, 0x3F, 0xDC, 0x10, 0xDC, 0x6B, 0xC7,
    0x9B, 0x9D, 0x5C, 0x71, 0x4D, 0xD5, 0x48, 0x9E, 0x37, 0xF7, 0x79, 0xE5, 0xF6, 0x2B, 0x19, 0x30,
    0x12, 0x66, 0x75, 0x39, 0x05, 0x00, 0x64, 0x2F, 0x24, 0x4E, 0x13, 0x49, 0x73, 0xBA, 0x5C, 0xF1,
    0x21, 0x6B, 0xE1, 0x7A, 0x08, 0x11, 0x11, 0x5E, 0xE4, 0x10, 0x61, 0xCE, 0xA2, 0xC1, 0x5E, 0xE4,
    0x05, 0xF7, 0xC5, 0xED, 0x0E, 0x98, 0x0A, 0x92, 0xA7, 0xD0, 0x72, 0xB3, 0x44, 0xD0, 0x70, 0x30,
    0x72, 0x27, 0xE1, 0xC2, 0xCC, 0x81, 0x14, 0x8E, 0x80, 0x04, 0x9B, 0xDC, 0xC6, 0x82, 0xC4, 0x59,
    0x75, 0x37, 0x58, 0x33, 0x90, 0x38, 0x59, 0x8E, 0x9C, 0xB5, 0x66, 0x18, 0x17, 0x2C, 0x75, 0x4F,
    0xC3, 0xB3, 0x73, 0x77, 0x52, 0x0B, 0x25, 0xA5, 0xB7, 0xDC, 0x5E, 0xCC, 0x17, 0x03, 0x18, 0x5D,
    0x05, 0x06, 0x10, 0xD2, 0x93, 0xB5, 0x61, 0x00, 0xA3, 0x2B, 0x4E, 0xA4, 0xB5, 0x39, 0xCF, 0xA8,
    0x23, 0xFB, 0x7D, 0x47, 0x2A, 0xBB, 0xFC, 0xFD, 0x51, 0x2B, 0x79, 0xAD, 0xB7, 0x76, 0xEC, 0x33,
    0xA5, 0x4C, 0x29, 0x77, 0xE7, 0xE7, 0x6E, 0xE5, 0x06, 0x13, 0xFE, 0xE1, 0x11, 0x64, 0x5F, 0xD0,
    0x0D, 0x0F, 0xE6, 0xD1, 0x1A, 0xD9, 0x37, 0x4E, 0x72, 0x20, 0x93, 0x2A, 0x94, 0x0F, 0x3B, 0xF6,
    0x8D, 0x64, 0xB4, 0xF4, 0xE6, 0x73, 0x3B, 0xB2, 0x44, 0xCE, 0xF6, 0x40, 0x06, 0xEB, 0x91, 0x67,
    0xE1, 0x86, 0x93, 0x51, 0x3D, 0xDE, 0x20, 0x67, 0x64, 0x20, 0xCB, 0x91, 0x7D, 0x5E, 0x37, 0xB2,
    0x2F, 0x68, 0x47, 0xF6, 0x85, 0xCD, 0xC8, 0xBE, 0xB8, 0x1A, 0x67, 0x86, 0x73, 0xE2, 0xE6, 0xDB,
    0x8F, 0xEC, 0x73, 0x9C, 0x04, 0xFB, 0x82, 0xD5, 0xC8, 0xBE, 0xE8, 0xAB, 0xC5, 0x22, 0x53, 0xF6,
    0x41, 0x76, 0x0A, 0x65, 0x1F, 0x49, 0xF2, 0xCE, 0xFB, 0xD0, 0x5C, 0x30, 0x3A, 0xC5, 0x5B, 0xF2,
    0x4F, 0xA9, 0xF4, 0xDF, 0x5A, 0x47, 0x45, 0x77, 0x97, 0x8E, 0x0A, 0xF8, 0x01, 0x50, 0x8E, 0x4D,
    0x58, 0xD4, 0xDE, 0x48, 0xE1, 0x75, 0x7A, 0x77, 0xA0, 0x4A, 0xFB, 0x5A, 0x13, 0xC8, 0x33, 0x2A,
    0x69, 0x3E, 0x57, 0x2A, 0xEA, 0x5E, 0xB7, 0x8D, 0xB0, 0x2C, 0xAF, 0x92, 0x25, 0x4F, 0x19, 0xCE,
    0x77, 0x61, 0x92, 0x91, 0x77, 0x34, 0x14, 0x2D, 0x38, 0x12, 0x29, 0xE7, 0x7A, 0x27, 0x8D, 0x35,
    0xA8, 0x99, 0xF2, 0xAD, 0x53, 0xAA, 0x34, 0x8E, 0x92, 0xFD, 0x76, 0xBF, 0x05, 0xD3, 0xF4, 0x13,
    0x8E, 0xAF, 0xD2, 0x39, 0x96, 0xC9, 0x78, 0xE0, 0x98, 0x7C, 0x3C, 0xE6, 0xA8, 0x86, 0x33, 0x20,
    0xBF, 0xA2, 0x5E, 0x8E, 0x7A, 0xD0, 0x2F, 0x16, 0x85, 0x4C, 0xF2, 0x8F, 0xCD, 0x0C, 0x33, 0x15,
    0xCE, 0x5D, 0x76, 0xD4, 0x78, 0xE6, 0x69, 0x65, 0x6E, 0xB1, 0xED, 0x9E, 0x89, 0x16, 0x3B, 0xBA,
    0xD5, 0x72, 0x9A, 0x93, 0x16, 0x9C, 0x51, 0xAB, 0x27, 0x66, 0xA0, 0x61, 0x5B, 0x73, 0xC1, 0x53,
    0x55, 0xF3, 0x33, 0x8E, 0x06, 0x2D, 0x22, 0xF2, 0xB7, 0xA1, 0xDD, 0x75, 0x73, 0xA8, 0x5D, 0x7F,
    0xEB, 0x2D, 0xD6, 0xB2, 0xD5, 0xF2, 0xE1, 0xF7, 0x69, 0x75, 0x8D, 0x01, 0x5A, 0x58, 0x06, 0xB4,
    0x10, 0xD7, 0xC0, 0x66, 0x6F, 0x93, 0x0D, 0x3B, 0x59, 0x27, 0xE2, 0xD3, 0xC9, 0x41, 0x92, 0xBE,
    0xD2, 0x9F, 0x95, 0x3D, 0xFA, 0xC6, 0xB5, 0x27, 0xF7, 0x36, 0x87, 0xDE, 0x90, 0x3F, 0x28, 0x3E,
    0x31, 0xE5, 0x39, 0x5C, 0x9F, 0x15, 0xD5, 0x4A, 0x20, 0x16, 0x3E, 0xCB, 0x6B, 0x3D, 0x69, 0x19,
    0x8E, 0x82, 0x12, 0xED, 0x40, 0x74, 0x8E, 0xB8, 0x6A, 0x07, 0x42, 0x3E, 0xA6, 0x84, 0xA8, 0x53,
    0x25, 0x44, 0xA6, 0x95, 0x10, 0xAD, 0xA9, 0x84, 0xC8, 0xB3, 0x12, 0xA2, 0x5D, 0x75, 0x1C, 0x51,
    0xD9, 0x8E, 0x48, 0x2B, 0x47, 0x44, 0x4B, 0x47, 0xCC, 0x56, 0x8E, 0x08, 0xD6, 0x8E, 0x30, 0x7D,
    0xE0, 0x88, 0xF2, 0xB2, 0x23, 0xD2, 0x8F, 0x1D, 0x11, 0x7F, 0xEA, 0x88, 0xF0, 0xFF, 0x1C, 0x11,
    0x58, 0x47, 0x78, 0x03, 0x61, 0xCA, 0x81, 0x48, 0x07, 0x22, 0x6E, 0x06, 0x93, 0x6E, 0x26, 0x84,
    0xD9, 0xF8, 0x90, 0xAA, 0xC0, 0x9D, 0x48, 0xCE, 0xEC, 0x7A, 0x20, 0x9A, 0x81, 0x28, 0x0E, 0x59,
    0xC7, 0xEF, 0x0D, 0x3C, 0x94, 0xE5, 0x29, 0x0F, 0xCB, 0x81, 0x87, 0x72, 0x45, 0x79, 0xF8, 0x5D,
    0xE3, 0x78, 0x68, 0x8C, 0xE3, 0xA1, 0x10, 0xCA, 0x43, 0x21, 0x94, 0x87, 0xB9, 0x71, 0x3C, 0x14,
    0x42, 0x79, 0x28, 0x84, 0xF2, 0x50, 0x08, 0xE5, 0x61, 0x6E, 0x1C, 0x0F, 0x41, 0x90, 0x87, 0x20,
    0xC8, 0x43, 0x10, 0xE4, 0x21, 0x08, 0xF2, 0x10, 0x04, 0x79, 0x48, 0x02, 0x3C, 0x24, 0x01, 0x1E,
    0x92, 0x00, 0x0F, 0x49, 0x80, 0x87, 0x24, 0xC0, 0xC3, 0xDC, 0x38, 0x1E, 0x92, 0x00, 0x0F, 0x95,
    0x48, 0x07, 0x22, 0x6E, 0xDC, 0x01, 0x1C, 0x4F, 0xE2, 0x23, 0x12, 0x8E, 0xAB, 0xFE, 0xC0, 0x55,
    0xDF, 0x3A, 0x8F, 0xC4, 0x13, 0xBF, 0x5D, 0x5F, 0x1F, 0xEA, 0x2F, 0xF4, 0x86, 0x40, 0x3B, 0xDF,
    0xDD, 0xB5, 0x7B, 0x90, 0xF1, 0x73, 0x1E, 0xBB, 0x58, 0xCE, 0x99, 0xDF, 0xAE, 0x4B, 0x31, 0xAC,
    0x7E, 0xDB, 0x8B, 0x4E, 0x97, 0x4E, 0x14, 0x4B, 0x5E, 0x48, 0x27, 0xDA, 0xBC, 0x92, 0x0E, 0x72,
    0xCF, 0x4E, 0xDC, 0xE4, 0xB6, 0xDF, 0xEA, 0xBA, 0x27, 0xD9, 0x4D, 0xA7, 0x7B, 0x64, 0x17, 0x68,
    0x37, 0xA3, 0xAF, 0x14, 0x95, 0x14, 0xAA, 0x88, 0x3E, 0xBF, 0x09, 0x65, 0x42, 0x17, 0x32, 0x31,
    0x7E, 0x26, 0xAC, 0xC3, 0x25, 0x6E, 0x25, 0x1E, 0xE9, 0xC9, 0xB4, 0x94, 0x9C, 0x88, 0x79, 0xBF,
    0x77, 0xD0, 0x47, 0x35, 0xE1, 0x52, 0x9D, 0x2C, 0xDE, 0xB3, 0xDA, 0xDC, 0xFF, 0x0A, 0xDB, 0x5B,
    0x57, 0xC9, 0xA6, 0x94, 0xDA, 0x09, 0x32, 0x1F, 0xAC, 0xA0, 0x05, 0x82, 0x06, 0xFA, 0x20, 0x5C,
    0xE2, 0xC3, 0x51, 0x0D, 0x39, 0x8C, 0x2B, 0x58, 0xE9, 0xA4, 0xC0, 0x5C, 0x53, 0x6A, 0xB2, 0x72,
    0x3E, 0xEF, 0xE8, 0x23, 0x5B, 0x38, 0xFE, 0xD2, 0xFA, 0x62, 0x97, 0xCA, 0x02, 0xB7, 0xC5, 0x95,
    0xBA, 0x10, 0xF0, 0xD9, 0xC2, 0x06, 0x03, 0xCE, 0x1A, 0x78, 0x56, 0x32, 0xED, 0x0C, 0x1B, 0xA8,
    0x46, 0x81, 0x93, 0xEF, 0xFD, 0x0F, 0xCD, 0x25, 0xE8, 0x47, 0x19, 0x31, 0x7D, 0x0D, 0x0F, 0xBA,
    0x8B, 0x63, 0x62, 0xB3, 0xE1, 0xA0, 0xED, 0x6D, 0xED, 0x68, 0x2E, 0xFB, 0x19, 0x40, 0xD1, 0xFA,
    0x5F, 0xFE, 0x44, 0xB6, 0x4C, 0x1D, 0x78, 0xF5, 0x18, 0xF1, 0x18, 0xAA, 0x31, 0x50, 0x17, 0xC4,
    0x1C, 0x62, 0x56, 0x55, 0xD8, 0x7F, 0x10, 0xC3, 0x84, 0xC7, 0x15, 0xEC, 0x69, 0x25, 0xCF, 0x8F,
    0xE1, 0x64, 0x26, 0x15, 0xB1, 0x57, 0x2A, 0x37, 0x55, 0xC9, 0x17, 0x6F, 0xDD, 0xAD, 0xC4, 0xC5,
    0xF8, 0x85, 0xC0, 0xA4, 0x2E, 0xAC, 0xCC, 0x69, 0x79, 0xF6, 0x75, 0x73, 0x06, 0x0A, 0x09, 0x38,
    0xC5, 0xCC, 0xC4, 0xBB, 0xF6, 0x61, 0x8D, 0x70, 0xBC, 0x27, 0x6E, 0x70, 0x2C, 0xA2, 0x9A, 0xC8,
    0x7B, 0xC7, 0xDE, 0x71, 0xAE, 0xCE, 0x93, 0x7D, 0x7B, 0xE5, 0xFE, 0xF8, 0x0C, 0x38, 0xF0, 0xA9,
    0x78, 0xEE, 0x70, 0xD9, 0xE9, 0xAB, 0xC3, 0x72, 0xC0, 0x3B, 0x3F, 0x7F, 0x00, 0x8F, 0x3C, 0xC9,
    0xB7, 0x60, 0x86, 0xEB, 0x90, 0xCB, 0x15, 0x1D, 0x34, 0xD3, 0x45, 0x35, 0x9F, 0x52, 0x52, 0xC6,
    0x62, 0x3D, 0xB0, 0xA1, 0x1E, 0x43, 0x6F, 0xF7, 0x30, 0x30, 0x20, 0xE2, 0x76, 0x80, 0x5B, 0xF1,
    0x76, 0xA1, 0x70, 0xBB, 0x19, 0xD0, 0x6D, 0xA4, 0xEE, 0xA7, 0xC3, 0xDA, 0x0E, 0x0A, 0x3B, 0xA4,
    0xED, 0x80, 0xB6, 0xC3, 0xCD, 0x0E, 0x46, 0x3F, 0xB4, 0x4B, 0x2B, 0x07, 0xB0, 0x1D, 0xBE, 0x76,
    0x63, 0x3A, 0x74, 0x4D, 0x70, 0xDD, 0x0D, 0x4F, 0x07, 0xB4, 0x86, 0x2A, 0x2E, 0x7B, 0x22, 0x6B,
    0x07, 0xAC, 0x07, 0x5C, 0x4D, 0x58, 0x2D, 0xC2, 0xF9, 0x03, 0x11, 0x76, 0x88, 0x7B, 0xCE, 0x53,
    0x70, 0x17, 0xC7, 0x02, 0xC2, 0x19, 0x6C, 0x0B, 0xA7, 0xA7, 0xC2, 0xB9, 0x34, 0x40, 0xDA, 0x06,
    0x40, 0x3B, 0x03, 0xCE, 0xAE, 0x08, 0x92, 0xA1, 0x44, 0x1B, 0x42, 0xE7, 0x7E, 0x68, 0xDA, 0x6E,
    0x6C, 0xF8, 0x23, 0xE1, 0x35, 0x74, 0x6C, 0x43, 0xA4, 0x97, 0xE0, 0x63, 0x84, 0xD6, 0x40, 0xD6,
    0x0E, 0x58, 0x2B, 0xAE, 0xDE, 0x23, 0x9C, 0x3B, 0x43, 0xDC, 0x8A, 0x45, 0xC2, 0x61, 0x00, 0x7E,
    0x5B, 0x71, 0xEE, 0x9C, 0x7A, 0x59, 0x1D, 0x05, 0xD8, 0x14, 0x7D, 0x97, 0xC7, 0xD8, 0xE6, 0x23,
    0xA4, 0x93, 0xFD, 0x00, 0x9A, 0xCA, 0x14, 0x67, 0x2B, 0xCC, 0x06, 0xCA, 0x5E, 0x51, 0x81, 0xD4,
    0x60, 0x7E, 0x3F, 0x40, 0xEC, 0x2D, 0x85, 0xB0, 0x7A, 0x90, 0x42, 0x30, 0x0E, 0x1E, 0x3F, 0x66,
    0x13, 0x36, 0x84, 0xD5, 0x04, 0xD5, 0x84, 0xD4, 0x04, 0xD4, 0x0A, 0xA7, 0x09, 0xA6, 0x27, 0xC2,
    0x9D, 0x5A, 0x4C, 0x44, 0xDB, 0x4B, 0x8B, 0xC5, 0x01, 0x16, 0x47, 0xD9, 0x8F, 0xC7, 0x25, 0xEB,
    0xF2, 0xCF, 0x64, 0x3F, 0x78, 0x3E, 0x77, 0xC1, 0xCC, 0xE7, 0x7B, 0xB8, 0xBC, 0x76, 0x0D, 0x7F,
    0xDC, 0xBC, 0xDE, 0xF3, 0x44, 0x07, 0x95, 0x30, 0xC5, 0xB7, 0x61, 0x11, 0xCE, 0x6D, 0xD9, 0xDF,
    0xE3, 0xDC, 0x94, 0xB9, 0x86, 0x2C, 0x36, 0x1E, 0x81, 0x86, 0xBF, 0x68, 0x0C, 0xCC, 0x2B, 0x27,
    0x73, 0x6B, 0x8C, 0x0F, 0xB5, 0xCC, 0xF8, 0x03, 0x2C, 0xAC, 0xFA, 0xAA, 0x00, 0xC3, 0x5E, 0xF3,
    0x8C, 0xED, 0xCF, 0x96, 0xA2, 0xFA, 0x84, 0x8A, 0x8A, 0xC0, 0xC7, 0x10, 0xDC, 0x0D, 0x51, 0x8B,
    0x13, 0xB7, 0x3F, 0xD8, 0x22, 0xC6, 0xA7, 0x6E, 0x63, 0x07, 0x92, 0x7F, 0x47, 0x80, 0x00, 0x26,
    0x26, 0xA0, 0x9C, 0x5E, 0x7F, 0xC6, 0x36, 0x49, 0xE7, 0x1C, 0xD3, 0x74, 0x84, 0xAB, 0x89, 0x8B,
    0xAD, 0xBE, 0x79, 0x7C, 0x32, 0x37, 0x69, 0x31, 0x0A, 0x20, 0xDD, 0x0F, 0x0D, 0x05, 0x71, 0xDD,
    0xFF, 0xF8, 0xAC, 0xED, 0xCF, 0x1E, 0x83, 0xBB, 0xFB, 0x08, 0x83, 0x89, 0xCF, 0xF4, 0xD9, 0x9B,
    0xBD, 0x39, 0x25, 0xF3, 0xCA, 0x8C, 0xCB, 0x4E, 0xD0, 0x2D, 0xA3, 0x22, 0xA0, 0xEE, 0x9B, 0x35,
    0x62, 0x98, 0x7E, 0xD3, 0x88, 0x8D, 0xB2, 0xAE, 0xE1, 0xD3, 0x0A, 0x71, 0xE7, 0xE1, 0x56, 0xD4,
    0xA2, 0x1A, 0x93, 0x0A, 0x31, 0xD3, 0x2C, 0xE8, 0xDF, 0xE8, 0xE1, 0x5B, 0xB4, 0xF0, 0x2D, 0xEA,
    0x2D, 0xD3, 0x1A, 0x92, 0x5F, 0xDA, 0xEE, 0x2C, 0x16, 0xFB, 0xDB, 0x9B, 0xEC, 0x2F, 0xC3, 0x02,
    0x0F, 0x52, 0xCF, 0x1E, 0xAD, 0x5F, 0x87, 0xD9, 0x73, 0x06, 0x3C, 0x1E, 0x6A, 0xE1, 0x56, 0xEE,
    0xFC, 0x1E, 0xDC, 0xFC, 0xE3, 0xC4, 0x21, 0x8E, 0xF9, 0xD3, 0xED, 0xD8, 0x7A, 0xCD, 0xEA, 0x0D,
    0x93, 0xB5, 0x9D, 0xD5, 0xE6, 0xE4, 0x6C, 0xC4, 0xEF, 0x18, 0xE9, 0x1B, 0x1A, 0x3D, 0x9E, 0x67,
    0x9F, 0x0A, 0x20, 0x44, 0xBC, 0x78, 0x3E, 0xCF, 0x14, 0x93, 0x2B, 0x28, 0x1F, 0xFA, 0xE1, 0xFA,
    0xC1, 0x57, 0x6C, 0x15, 0x51, 0xA4, 0x2E, 0xF8, 0x9F, 0xBB, 0xBE, 0xA7, 0xC2, 0x11, 0x0E, 0x72,
    0x6E, 0xC2, 0x12, 0xED, 0x67, 0x8D, 0xF6, 0xE2, 0xF8, 0x57, 0xEA, 0xC2, 0x68, 0x9F, 0x14, 0xDA,
    0xA7, 0xBA, 0x16, 0x41, 0x33, 0xD1, 0x67, 0xE0, 0x50, 0x87, 0x09, 0xAC, 0xA1, 0xAB, 0xD9, 0x0B,
    0xD7, 0x79, 0x3D, 0xFC, 0x62, 0xFE, 0x56, 0xA5, 0xB3, 0xE3, 0xF4, 0x12, 0xD7, 0xA7, 0x7F, 0x59,
    0x10, 0x17, 0xE4, 0x8E, 0x27, 0xBD, 0xF6, 0xD8, 0xC7, 0xA8, 0xD2, 0xE0, 0x43, 0x54, 0xB9, 0xD8,
    0x7F, 0xA5, 0xFA, 0x04, 0x43, 0x80, 0x89, 0xE8, 0xC1, 0xD6, 0x88, 0xF3, 0x7F, 0x44, 0x36, 0x00,
    0x3F, 0xCD, 0x89, 0xFB, 0xEA, 0x58, 0x60, 0x89, 0x28, 0xB0, 0x36, 0xC7, 0x34, 0xBF, 0x7C, 0xA1,
    0xEF, 0x7F, 0xD2, 0x23, 0x50, 0x21, 0x7A, 0x59, 0x41, 0xDE, 0x52, 0xF7, 0xCB, 0x25, 0x0D, 0x98,
    0x58, 0xAC, 0xC7, 0xFE, 0x22, 0xB8, 0x66, 0x6B, 0xDF, 0x6A, 0x1F, 0xF5, 0x7B, 0xB2, 0x92, 0xC5,
    0xBE, 0xEC, 0x20, 0x77, 0x1A, 0x39, 0xBC, 0x6A, 0x92, 0x4A, 0x95, 0xE5, 0xE5, 0xB5, 0xFE, 0xCC,
    0xB0, 0x5C, 0x5A, 0xF8, 0xF7, 0xD6, 0xF2, 0xB4, 0xE4, 0x8B, 0x2B, 0x9F, 0xD8, 0x5F, 0x97, 0x45,
    0xC4, 0xA4, 0x82, 0x2D, 0x7C, 0xC0, 0x34, 0x6C, 0x0F, 0x36, 0x77, 0x9A, 0xD9, 0x4B, 0xEC, 0x97,
    0x0C, 0xE5, 0x59, 0x7C, 0x3C, 0xD1, 0x14, 0xA0, 0xBC, 0x45, 0x0C, 0x02, 0x87, 0x78, 0x5B, 0x97,
    0x3C, 0x33, 0x66, 0x90, 0x34, 0x97, 0x1E, 0xDE, 0x64, 0x04, 0xB7, 0x22, 0x86, 0xD2, 0x5D, 0x58,
    0x5C, 0x63, 0x92, 0xD7, 0xB6, 0x93, 0xEE, 0xFC, 0x1B, 0xEC, 0xC0, 0xFA, 0x5C, 0x3B, 0x19, 0xE5,
    0xCC, 0xCD, 0xBE, 0x00, 0x23, 0x84, 0xA9, 0x62, 0x11, 0xD0, 0xB9, 0x44, 0xC3, 0x4C, 0xB3, 0xB1,
    0x00, 0xD0, 0xD8, 0xAB, 0xB2, 0x5F, 0x20, 0x47, 0x09, 0x19, 0x6B, 0x09, 0xB5, 0xFB, 0x6C, 0x80,
    0xA1, 0xE6, 0xF4, 0xAE, 0x4B, 0x03, 0x06, 0xB0, 0x24, 0x51, 0xF7, 0xC6, 0xBD, 0x86, 0x29, 0x04,
    0x66, 0x14, 0x98, 0x60, 0x60, 0xBE, 0x81, 0x89, 0x08, 0x36, 0xDD, 0x48, 0xB1, 0xE1, 0x6F, 0x79,
    0x1F, 0x3F, 0xC1, 0xCF, 0x6A, 0xE6, 0x01, 0xE9, 0x11, 0x91, 0xE3, 0xD7, 0x60, 0x99, 0x66, 0x8D,
    0x33, 0x9B, 0x94, 0x72, 0x8A, 0x86, 0xCA, 0x77, 0x5C, 0xBF, 0x28, 0xC0, 0xBA, 0x8A, 0x6D, 0x69,
    0x31, 0xBF, 0xB5, 0x0B, 0x04, 0x68, 0xE2, 0x8B, 0x39, 0x2F, 0x4D, 0x77, 0x69, 0xA6, 0x4B, 0x93,
    0x5C, 0x9A, 0xDF, 0x3A, 0x88, 0xEE, 0xF0, 0xBA, 0x82, 0xFD, 0xD0, 0xED, 0xD0, 0xDD, 0xB0, 0x77,
    0xCC, 0xAC, 0x52, 0x4F, 0x4A, 0xB7, 0x42, 0x35, 0x9B, 0x6E, 0x84, 0xEE, 0x83, 0x66, 0x64, 0xF3,
    0xC9, 0x26, 0x8C, 0xAD, 0xF0, 0xFE, 0x40, 0x2B, 0xEC, 0xC4, 0xFD, 0x1A, 0x52, 0x93, 0x96, 0x87,
    0x01, 0x47, 0x54, 0x0E, 0x26, 0xF2, 0x6E, 0xAD, 0x72, 0xDE, 0x31, 0x5E, 0xF9, 0xAE, 0x6C, 0x97,
    0x75, 0x61, 0x61, 0x60, 0x3A, 0x17, 0xE7, 0xB7, 0xD0, 0x8D, 0x5C, 0x1A, 0x57, 0xC6, 0x85, 0xE9,
    0xBA, 0x46, 0xE3, 0x71, 0xC4, 0xDE, 0xC4, 0x6E, 0x6F, 0x92, 0xED, 0xBD, 0x09, 0x27, 0x7B, 0xF3,
    0xE0, 0x0D, 0xE2, 0x00, 0x32, 0x94, 0xBD, 0xCF, 0x06, 0xA9, 0x05, 0xE0, 0x99, 0x4A, 0x2A, 0xD9,
    0x9B, 0xB2, 0x18, 0xF6, 0x86, 0x6B, 0x28, 0x8C, 0x47, 0xC8, 0x6D, 0x58, 0x17, 0x61, 0xD2, 0xCB,
    0xB0, 0x11, 0x11, 0x50, 0xB7, 0xCB, 0xA2, 0xB9, 0x0C, 0xDA, 0xC1, 0xAD, 0xC9, 0xA9, 0x96, 0x73,
    0x22, 0x91, 0xDC, 0xB8, 0x72, 0x02, 0x2D, 0x71, 0x60, 0xDA, 0x32, 0x60, 0xB2, 0x55, 0x53, 0x82,
    0x9A, 0x57, 0x85, 0xCF, 0x92, 0x53, 0x95, 0xE7, 0x8C, 0x72, 0xE6, 0x74, 0x3A, 0xF3, 0x74, 0xE9,
    0x14, 0xB9, 0xB4, 0xF7, 0x98, 0x16, 0xFC, 0x0F, 0xCD, 0xB8, 0x96, 0x4C, 0xC1, 0xA6, 0x35, 0x5A,
    0x4D, 0xD2, 0x6A, 0xD6, 0xD6, 0xD7, 0xE4, 0xA3, 0xE6, 0x75, 0xF5, 0x89, 0x31, 0x9F, 0x1E, 0xD2,
    0xEB, 0x76, 0x19, 0x4D, 0xEB, 0xD2, 0xDE, 0x29, 0x33, 0xDE, 0x9A, 0xEC, 0x76, 0x79, 0x6E, 0x8D,
    0x93, 0xE4, 0x87, 0xE2, 0x24, 0x17, 0x26, 0xA7, 0xF8, 0x6B, 0xB5, 0xCC, 0x72, 0x7A, 0x48, 0x9A,
    0x64, 0x38, 0x9D, 0x69, 0x06, 0xF5, 0x20, 0xB8, 0x87, 0x8F, 0xB7, 0xE4, 0x2A, 0x16, 0x96, 0xFE,
    0x94, 0x3A, 0xE9, 0x0A, 0x35, 0x56, 0x49, 0xEC, 0xC6, 0x30, 0x77, 0xFA, 0x5F, 0xE4, 0x7C, 0x61,
    0xC7, 0xA0, 0x55, 0x8A, 0xF8, 0x91, 0xB4, 0x21, 0x8B, 0x06, 0xC0, 0x4A, 0x68, 0xB4, 0xCD, 0xB3,
    0x34, 0xA4, 0x75, 0x12, 0xE2, 0x6C, 0x2E, 0xF8, 0xAD, 0xEA, 0x34, 0x54, 0x75, 0x1A, 0x15, 0x5B,
    0x9D, 0xBB, 0xA8, 0x62, 0x18, 0xD8, 0xA9, 0x95, 0x39, 0xB6, 0xB8, 0x1B, 0x93, 0xCD, 0x10, 0xD1,
    0x00, 0x5B, 0x18, 0xD4, 0x83, 0xAB, 0x35, 0xD3, 0x14, 0x1E, 0x4C, 0xA9, 0xAD, 0xC6, 0x59, 0xCD,
    0x77, 0x79, 0x95, 0x26, 0xC8, 0x75, 0xEE, 0xE2, 0x89, 0x8A, 0x91, 0xBA, 0xE0, 0xAF, 0x86, 0x1D,
    0x82, 0x7A, 0xBA, 0x85, 0x43, 0x57, 0xBB, 0xD4, 0x98, 0x06, 0x2E, 0xEC, 0xC4, 0xD2, 0xDE, 0xD7,
    0xED, 0x7B, 0x26, 0x37, 0xF5, 0x60, 0x28, 0x38, 0xD1, 0x50, 0xF0, 0xA8, 0xE1, 0xB7, 0xB4, 0x23,
    0x2D, 0x55, 0x3A, 0x36, 0x83, 0xAE, 0xB1, 0x43, 0x94, 0x8A, 0x26, 0x2B, 0x3D, 0xE2, 0x52, 0xCD,
    0x95, 0x43, 0xE1, 0x81, 0xD1, 0xE7, 0xB5, 0xE4, 0x8B, 0xE5, 0x07, 0x44, 0xE6, 0x4C, 0x11, 0xF1,
    0x76, 0x42, 0x74, 0x52, 0xBC, 0x16, 0x36, 0xD7, 0xE0, 0x48, 0x95, 0x9F, 0xBD, 0x69, 0xAB, 0x12,
    0x9B, 0x74, 0x91, 0x8F, 0x3D, 0xBF, 0xCB, 0x28, 0xFE, 0xDB, 0x2E, 0x86, 0xCF, 0x08, 0x7E, 0x0A,
    0xAD, 0xCA, 0xBC, 0x3A, 0xB3, 0xED, 0xDB, 0x91, 0x7B, 0x4C, 0x37, 0x63, 0x23, 0x20, 0xD2, 0x0E,
    0x8E, 0x37, 0xE3, 0xFF, 0x1A, 0x6A, 0x2A, 0x5C, 0xAA, 0x8E, 0xCF, 0x57, 0x23, 0xCE, 0x29, 0xEE,
    0x53, 0x7C, 0x0B, 0x34, 0xB8, 0xF9, 0x62, 0x37, 0x86, 0xE5, 0xD2, 0x8D, 0x2F, 0x5E, 0x1F, 0x6E,
    0x06, 0x8F, 0x0F, 0x80, 0xF6, 0x5F, 0xCC, 0xAC, 0x37, 0x79, 0x2F, 0x1A, 0x31, 0x07, 0xD2, 0xD9,
    0x81, 0xE5, 0xBF, 0x20, 0xC6, 0x29, 0xAA, 0xC3, 0x9A, 0xE6, 0x19, 0xF9, 0xAE, 0xB4, 0xD5, 0x5C,
    0xD7, 0xE9, 0x89, 0x24, 0x61, 0xA4, 0x6F, 0xFB, 0x2D, 0xCB, 0x4C, 0x65, 0x7D, 0xA9, 0xAC, 0x29,
    0x69, 0xFF, 0x5E, 0xF5, 0xF4, 0xC8, 0x55, 0x4F, 0xAE, 0xBE, 0x49, 0x2B, 0xC5, 0x6C, 0xB7, 0x21,
    0x07, 0x2C, 0x3B, 0x32, 0x6A, 0x53, 0xDF, 0x64, 0xFE, 0x66, 0xEB, 0x9B, 0x46, 0x5C, 0xDF, 0x3C,
    0x3E, 0x75, 0x82, 0xEB, 0x9B, 0x10, 0x18, 0xB9, 0x36, 0xF1, 0xFD, 0xEB, 0x8D, 0x33, 0xD6, 0xB9,
    0xE8, 0x2B, 0x5E, 0xD9, 0xF3, 0x09, 0x26, 0xDC, 0xE2, 0xA2, 0x51, 0xBB, 0x72, 0x65, 0xDD, 0xB8,
    0xAE, 0xEC, 0x99, 0x06, 0x13, 0xB9, 0x9B, 0x66, 0xEE, 0xEC, 0xC6, 0xD7, 0xEB, 0xA9, 0x0C, 0x8F,
    0xEE, 0xE7, 0xF3, 0x37, 0xD8, 0x0B, 0xBB, 0xB6, 0xFA, 0xC5, 0xE2, 0xE6, 0x03, 0x3F, 0xF7, 0x80,
    0xBE, 0xD5, 0x5E, 0x64, 0x2F, 0x2D, 0x14, 0xCE, 0x94, 0xD4, 0x26, 0xF6, 0xAF, 0xAA, 0x4A, 0x52,
    0xEB, 0x74, 0xEF, 0x50, 0x13, 0x7B, 0x6E, 0x8C, 0x0E, 0x96, 0x5F, 0x9A, 0xAB, 0xA2, 0x7D, 0xAA,
    0xAB, 0x62, 0x2D, 0x9B, 0xFC, 0x96, 0x89, 0x5B, 0x39, 0x45, 0xA2, 0xEB, 0x6B, 0x94, 0xA6, 0xC9,
    0xA6, 0xF5, 0x90, 0x03, 0x36, 0xB7, 0x31, 0x02, 0x9B, 0x7E, 0x6C, 0x50, 0xBD, 0xE6, 0xAD, 0x39,
    0x85, 0xDC, 0xD9, 0x05, 0x5A, 0x84, 0xA4, 0x46, 0x00, 0x43, 0xE6, 0xE2, 0x61, 0x02, 0x21, 0x9E,
    0x8E, 0xD2, 0x1A, 0xBA, 0x84, 0x71, 0xA7, 0x5E, 0x11, 0x0B, 0xB4, 0x4C, 0x7E, 0x67, 0x90, 0xCA,
    0x47, 0x6D, 0xDC, 0x91, 0x71, 0x85, 0x33, 0xFD, 0x34, 0xC4, 0xAF, 0x01, 0xA8, 0xE5, 0x51, 0x95,
    0x34, 0x5A, 0xBE, 0xA4, 0xB5, 0x4B, 0x5A, 0xB8, 0xA4, 0x55, 0x4B, 0x5A, 0xB2, 0xA4, 0xF5, 0x4A,
    0x5A, 0xAC, 0xA4, 0x95, 0x4A, 0x5A, 0xA6, 0xA4, 0x35, 0x4A, 0x5A, 0xA0, 0xA4, 0xD5, 0x49, 0x5A,
    0x9A, 0xA4, 0x75, 0x49, 0x5A, 0x94, 0xA4, 0x15, 0x49, 0x5A, 0x8E, 0xA4, 0xB5, 0x48, 0x5A, 0x88,
    0xA4, 0x55, 0x48, 0x5A, 0x82, 0xA4, 0xF5, 0x47, 0x5A, 0x7C, 0xA4, 0x95, 0x47, 0x5A, 0x76, 0xA4,
    0x35, 0x47, 0xAE, 0xE0, 0x88, 0xA1, 0xFC, 0x49, 0x3C, 0x7C, 0x39, 0xB8, 0x2C, 0x1A, 0x30, 0x3C,
    0x37, 0x0D, 0x18, 0xB2, 0x22, 0x88, 0xF5, 0x40, 0xAC, 0x06, 0x62, 0x2D, 0x10, 0x2B, 0x81, 0x58,
    0x07, 0xC4, 0x2A, 0xA0, 0x7E, 0x6C, 0xBA, 0x6F, 0xD6, 0x0C, 0x13, 0xD1, 0x39, 0x69, 0xE8, 0x52,
    0xE7, 0x13, 0x56, 0x93, 0xF0, 0x20, 0xAF, 0x94, 0xFC, 0xED, 0x2A, 0x46, 0xDB, 0x44, 0x9B, 0xB6,
    0x4D, 0x26, 0xA5, 0x3D, 0x93, 0xA0, 0xED, 0x55, 0xBA, 0xAC, 0x1F, 0x6D, 0x82, 0xB6, 0x7E, 0x9B,
    0x14, 0x43, 0xB8, 0x76, 0xB6, 0x0C, 0xEB, 0x03, 0xE1, 0xDA, 0xCC, 0x63, 0xB8, 0x16, 0x9C, 0x28,
    0xB9, 0xE9, 0x9B, 0x70, 0x6D, 0x06, 0x43, 0x20, 0x36, 0x81, 0x37, 0x33, 0xCE, 0xBB, 0x8C, 0xEA,
    0x07, 0x04, 0x6A, 0x4B, 0x67, 0x9D, 0x39, 0x1D, 0x1A, 0xE4, 0x76, 0xAB, 0xC4, 0x9F, 0xE5, 0x6F,
    0xD1, 0xCF, 0x91, 0x67, 0x01, 0x22, 0x78, 0xD1, 0x60, 0x60, 0x7F, 0xE9, 0x62, 0x09, 0x01, 0x5D,
    0xFF, 0xA7, 0x16, 0xBC, 0x35, 0xE6, 0x92, 0xCB, 0x63, 0x95, 0xD9, 0x56, 0xC1, 0x99, 0xAB, 0xBA,
    0x72, 0x51, 0xF2, 0x4D, 0xBA, 0xEB, 0xD4, 0xD1, 0xD5, 0xEE, 0x27, 0x34, 0xA8, 0x7B, 0x88, 0x3D,
    0xDE, 0xD7, 0x62, 0xCF, 0xF3, 0x17, 0xEC, 0x3D, 0xA3, 0xC5, 0x84, 0x9A, 0xF5, 0x1C, 0xC2, 0xB7,
    0x6A, 0xD8, 0x1D, 0xAA, 0x75, 0x11, 0x89, 0x43, 0x15, 0x75, 0x2F, 0x29, 0x6A, 0x5F, 0x8F, 0xC1,
    0xD7, 0x92, 0xFE, 0x04, 0x54, 0x74, 0xB9, 0x24, 0xA6, 0x4A, 0xD4, 0x37, 0xCE, 0x15, 0xB5, 0x77,
    0x44, 0xED, 0xC1, 0x8A, 0xA8, 0x5D, 0x2C, 0x2D, 0x50, 0x3B, 0xE4, 0xB7, 0x54, 0xEC, 0x2D, 0xDD,
    0x6D, 0x22, 0x73, 0x79, 0x2C, 0x3A, 0xDA, 0xA6, 0x12, 0x5B, 0x85, 0x8E, 0xC9, 0xBA, 0x12, 0x07,
    0x18, 0xA8, 0xBD, 0x23, 0x6A, 0x7F, 0x95, 0x01, 0xA6, 0xF4, 0x0F, 0xF4, 0xAB, 0xE2, 0xFF, 0xAC,
    0x89, 0xDA, 0x11, 0x37, 0x10, 0xEF, 0xDC, 0x4E, 0x51, 0x7B, 0x60, 0x89, 0xDA, 0x43, 0x15, 0xD9,
    0xE8, 0xF7, 0x84, 0x84, 0x41, 0xB6, 0xFD, 0x85, 0x21, 0xD6, 0x12, 0x10, 0x5C, 0x52, 0x82, 0xC9,
    0x89, 0xDB, 0x58, 0xF7, 0xB6, 0xAB, 0xE1, 0xED, 0xF9, 0xF0, 0xC4, 0x3E, 0x5F, 0xFA, 0x7A, 0x0E,
    0x15, 0x93, 0x97, 0x3C, 0x73, 0x82, 0xC9, 0x83, 0x7B, 0xE2, 0x47, 0x84, 0x9F, 0x8A, 0x47, 0x11,
    0x7F, 0x2C, 0x98, 0x3C, 0x05, 0x1C, 0xEF, 0xA4, 0xF1, 0x5B, 0xC1, 0xE4, 0xB3, 0x46, 0x30, 0x79,
    0x24, 0xFA, 0xA8, 0x4C, 0x8A, 0x60, 0x95, 0x96, 0xC8, 0x7B, 0xAE, 0x71, 0x24, 0x56, 0xB2, 0x2A,
    0x1D, 0x0A, 0xC8, 0x20, 0xBD, 0x22, 0xF3, 0xFB, 0xFE, 0x08, 0xA4, 0xBD, 0x1B, 0xDC, 0x23, 0xCB,
    0x48, 0x61, 0xFA, 0x2A, 0x2B, 0xC3, 0xAB, 0xDB, 0xB4, 0x53, 0x09, 0x83, 0x0E, 0xC8, 0x41, 0x9A,
    0xB3, 0xDE, 0xF3, 0x96, 0x77, 0xBC, 0x54, 0xDC, 0x00, 0xAF, 0xE9, 0x76, 0x09, 0xB7, 0x7D, 0x6A,
    0x8A, 0x8F, 0x20, 0x6D, 0x09, 0x42, 0x11, 0xA7, 0x37, 0x3A, 0xF2, 0x78, 0x55, 0xE4, 0x05, 0x7A,
    0x07, 0x54, 0x06, 0x01, 0xB5, 0xCB, 0xAC, 0x46, 0x2C, 0x24, 0xCA, 0xBC, 0x25, 0x66, 0x65, 0x9E,
    0xBB, 0xFC, 0xAE, 0xB7, 0xA0, 0xBE, 0x5E, 0xBA, 0xD8, 0x72, 0x6B, 0x3E, 0x12, 0xE3, 0x6A, 0x5E,
    0xC6, 0x4A, 0x4E, 0x3D, 0x0D, 0x16, 0x2F, 0xFC, 0x6B, 0x26, 0xBF, 0x8C, 0x53, 0x2E, 0xDA, 0xA8,
    0x4E, 0x85, 0x17, 0xA2, 0x4C, 0x5B, 0xE1, 0xF1, 0xB9, 0x0D, 0x6F, 0x73, 0x8D, 0x27, 0xF4, 0x7C,
    0x3F, 0xAC, 0x44, 0x74, 0x3E, 0xDF, 0x93, 0xFB, 0xD6, 0x7C, 0x83, 0x7E, 0x94, 0xB2, 0xD2, 0x61,
    0x6C, 0x79, 0xBF, 0x83, 0xA3, 0x9F, 0xFE, 0x2B, 0x14, 0x19, 0xDC, 0x9D, 0x70, 0x29, 0xD3, 0xF7,
    0x57, 0xA3, 0x34, 0x9E, 0x1A, 0x67, 0x45, 0x85, 0x81, 0xA8, 0x94, 0x0F, 0x8F, 0x3B, 0xEC, 0x5E,
    0xC0, 0x57, 0x14, 0x34, 0x0A, 0x49, 0xB7, 0x99, 0x71, 0x45, 0x9E, 0x4D, 0xF1, 0xA0, 0xC0, 0x20,
    0x6D, 0x16, 0x02, 0xE3, 0xFA, 0xD1, 0xD2, 0x96, 0x23, 0x96, 0xD2, 0x80, 0x90, 0x80, 0x8A, 0x6C,
    0x66, 0x7F, 0x55, 0x66, 0x60, 0x69, 0xE6, 0xD2, 0x6E, 0xD8, 0x8E, 0x9D, 0xEB, 0x78, 0x58, 0x21,
    0x97, 0xEB, 0x60, 0xE9, 0x37, 0xB3, 0xCA, 0x34, 0xDE, 0xC4, 0x71, 0x38, 0x4E, 0x0E, 0x99, 0x9D,
    0x1B, 0xBC, 0x52, 0x40, 0x1C, 0x97, 0xC6, 0x6F, 0xC4, 0xAF, 0x09, 0x2A, 0xF3, 0x5B, 0x18, 0x85,
    0xB3, 0x4F, 0x83, 0x39, 0x97, 0xDE, 0xBF, 0x21, 0xA3, 0x5B, 0x16, 0x8E, 0xF0, 0x40, 0xAD, 0xC5,
    0x69, 0x7F, 0x45, 0x66, 0x75, 0x6A, 0xE2, 0x59, 0xE5, 0x16, 0xD5, 0x23, 0x8D, 0x18, 0xD3, 0x7D,
    0x9E, 0xA7, 0x27, 0xFD, 0xDE, 0xE9, 0xB3, 0xE1, 0x19, 0x10, 0xA1, 0xF4, 0x7D, 0x7C, 0x9B, 0xA4,
    0xC4, 0x49, 0xCC, 0x3C, 0x88, 0xCF, 0xBB, 0x22, 0x3D, 0xA7, 0x26, 0x30, 0x02, 0x07, 0xF7, 0x49,
    0xBE, 0x17, 0x62, 0x46, 0x85, 0xD5, 0xB1, 0x98, 0x8C, 0x57, 0x44, 0x67, 0xBE, 0x6B, 0x22, 0x59,
    0xBC, 0xF7, 0x54, 0xCA, 0xB2, 0xBD, 0x45, 0x16, 0xA1, 0xCA, 0x66, 0x7D, 0xCB, 0xBC, 0xB7, 0x32,
    0xFF, 0xB4, 0x3B, 0x2A, 0x96, 0xEE, 0x31, 0xFE, 0xBF, 0xE3, 0x53, 0x13, 0xF3, 0x64, 0xBA, 0xB3,
    0xC9, 0xD3, 0x49, 0x6B, 0xED, 0xFC, 0xC9, 0x8F, 0x34, 0xD8, 0x7E, 0xEE, 0x70, 0x88, 0xE3, 0x24,
    0x94, 0x5D, 0x43, 0xCC, 0x15, 0x8D, 0xB1, 0x42, 0x4A, 0x4D, 0x07, 0x44, 0x9D, 0xB2, 0x3E, 0x11,
    0xF6, 0xE3, 0x2D, 0xBB, 0x56, 0x75, 0xE0, 0x14, 0x82, 0xAA, 0x04, 0x7C, 0x94, 0xE9, 0x0F, 0xAA,
    0x05, 0x33, 0x55, 0x0C, 0x27, 0x6A, 0x47, 0x8C, 0xBF, 0x30, 0xAE, 0x4A, 0xAC, 0x1C, 0x8C, 0xA9,
    0xE7, 0x8C, 0xE9, 0xB9, 0xA7, 0xB1, 0x19, 0x3C, 0x24, 0x5B, 0xC6, 0x6B, 0x38, 0x1C, 0x3C, 0x1A,
    0xDB, 0x07, 0x23, 0xB7, 0x7F, 0x86, 0xCA, 0x92, 0x89, 0x03, 0xAE, 0xC9, 0x21, 0xDE, 0xB1, 0x45,
    0xEE, 0x78, 0xC4, 0xA9, 0xB9, 0xF9, 0xA1, 0x19, 0x7F, 0x8C, 0x6A, 0x77, 0x8B, 0x67, 0x33, 0x46,
    0xAE, 0x73, 0x30, 0x04, 0x70, 0x02, 0xDF, 0x0B, 0xA9, 0x35, 0xB5, 0x9D, 0x6B, 0xF5, 0x86, 0x86,
    0xE8, 0x19, 0x33, 0x62, 0x08, 0x7F, 0x33, 0x32, 0x07, 0x65, 0x0A, 0xC0, 0xEB, 0x2E, 0xBD, 0x2A,
    0xDA, 0x12, 0xDF, 0xBD, 0x93, 0x91, 0x83, 0x26, 0x29, 0xBC, 0x56, 0x3C, 0x83, 0x77, 0xFD, 0x66,
    0xA3, 0x2D, 0xBD, 0x3D, 0xB9, 0xBE, 0x0E, 0x1A, 0xDB, 0x06, 0xFF, 0xD3, 0x5F, 0x0B, 0x84, 0xDD,
    0x88, 0x4D, 0x22, 0xC1, 0x84, 0xA8, 0x0D, 0xB0, 0x18, 0xDF, 0x5F, 0x43, 0x59, 0x1E, 0x30, 0x61,
    0xC1, 0x51, 0x26, 0xEC, 0x19, 0x62, 0xD1, 0xA8, 0x50, 0xDF, 0x33, 0xEF, 0xFD, 0xD6, 0xBC, 0x78,
    0xD6, 0x29, 0xD4, 0xF9, 0x3A, 0xB4, 0xEB, 0xB4, 0x5F, 0xDB, 0x1B, 0x32, 0x41, 0x91, 0x51, 0xCB,
    0x5C, 0x78, 0xCF, 0xFF, 0x0F, 0xD5, 0xA7, 0x3B, 0x1F, 0x5E, 0x62, 0x30, 0x36, 0x21, 0x32, 0xA6,
    0xDB, 0x7A, 0x95, 0xAC, 0x49, 0x32, 0x26, 0xB1, 0x2A, 0x96, 0x89, 0x67, 0xA7, 0x9E, 0xCF, 0x42,
    0xD6, 0x0D, 0x9C, 0x98, 0x3D, 0x04, 0x4E, 0x1C, 0x6F, 0x65, 0xFE, 0x3B, 0xFB, 0xE3, 0x77, 0x24,
    0x23, 0xCE, 0x36, 0x31, 0x08, 0x72, 0xBD, 0x6C, 0x50, 0x28, 0x7A, 0x6E, 0x62, 0xAF, 0x9F, 0xAF,
    0xB2, 0x61, 0x11, 0xD0, 0x11, 0x54, 0xB4, 0x08, 0xAB, 0x11, 0x54, 0xFC, 0x78, 0x0B, 0x54, 0x1C,
    0xFF, 0xF7, 0x52, 0x2E, 0xC2, 0x41, 0x84, 0x5F, 0xC9, 0x3C, 0x89, 0x2C, 0xE1, 0x62, 0x16, 0xD7,
    0x03, 0x88, 0x49, 0x8A, 0xB1, 0xA9, 0x86, 0x90, 0x47, 0xC4, 0xCC, 0x31, 0xCD, 0x12, 0x17, 0xC7,
    0x15, 0x79, 0xB4, 0x4F, 0xFC, 0x7A, 0x93, 0x7E, 0x87, 0x28, 0xDE, 0xAE, 0x2C, 0x66, 0xC3, 0x1F,
    0xE3, 0xFA, 0x87, 0x48, 0x69, 0xA7, 0x5F, 0xDD, 0xB4, 0x88, 0x84, 0xAD, 0x11, 0xB8, 0xA9, 0x5D,
    0x3E, 0x42, 0x5F, 0xD7, 0x87, 0x40, 0x8A, 0xBF, 0x9D, 0x5E, 0x27, 0x68, 0xE7, 0xE6, 0x9F, 0xDE,
    0x83, 0x4E, 0xBF, 0x13, 0x5A, 0xDB, 0x26, 0x9F, 0x7D, 0x07, 0x6B, 0x3D, 0x9B, 0xBA, 0xEF, 0xDB,
    0xC2, 0x58, 0xC5, 0x88, 0x32, 0xD3, 0xDE, 0xF4, 0xFA, 0x97, 0x59, 0x4C, 0xBE, 0xD2, 0x94, 0x35,
    0x87, 0xC5, 0x4C, 0xD7, 0x2F, 0x89, 0x56, 0x49, 0x3F, 0x78, 0x6B, 0x25, 0x53, 0x58, 0xF2, 0xAF,
    0x74, 0x0C, 0x85, 0x7C, 0x30, 0x0E, 0x78, 0x26, 0x5C, 0x06, 0xC4, 0x5C, 0x51, 0x48, 0x12, 0x6B,
    0xD4, 0x8A, 0x01, 0xBB, 0xAC, 0x9C, 0xB4, 0xDB, 0x29, 0x9E, 0x67, 0xA1, 0x9D, 0xBE, 0x2E, 0x14,
    0x66, 0xD8, 0x3E, 0xF7, 0x5D, 0x64, 0xFD, 0x56, 0xCB, 0xBB, 0x66, 0xA8, 0x5D, 0x70, 0x21, 0xFB,
    0x7F, 0x80, 0x5B, 0xE8, 0x62, 0xDE, 0x6B, 0x4D, 0xD0, 0x27, 0x2E, 0xFE, 0xF5, 0x42, 0x37, 0xCF,
    0x7C, 0x77, 0xED, 0x51, 0xDF, 0xF4, 0xF6, 0xC1, 0x65, 0xFB, 0x41, 0x46, 0xFB, 0x11, 0xC3, 0x86,
    0xEC, 0xDD, 0x9F, 0xBF, 0xD1, 0x34, 0x2A, 0x88, 0x50, 0x4E, 0x08, 0x3F, 0x22, 0xB7, 0x37, 0x2D,
    0xCE, 0x57, 0x5E, 0x7F, 0xF7, 0x90, 0x28, 0x6D, 0xE4, 0x89, 0x6E, 0x09, 0xEA, 0x12, 0xF0, 0x45,
    0x57, 0x1F, 0x0E, 0x06, 0x4F, 0x57, 0xFE, 0xBF, 0xA2, 0xE5, 0x7F, 0xA4, 0xB5, 0x13, 0xF1, 0xF8,
    0x59, 0xEA, 0xEE, 0x60, 0x53, 0x0E, 0xB1, 0x1A, 0xBE, 0x34, 0xAB, 0x09, 0xB3, 0xA5, 0x93, 0x5E,
    0xD6, 0x9A, 0x24, 0xD0, 0xFF, 0x32, 0x1E, 0x33, 0x53, 0x57, 0x18, 0xAD, 0x43, 0xA1, 0x64, 0xB9,
    0x3F, 0x26, 0x3A, 0xCE, 0xEF, 0x62, 0xA2, 0xA8, 0x79, 0x58, 0x26, 0xBF, 0x8C, 0x57, 0xA7, 0x68,
    0x69, 0xA7, 0x70, 0x87, 0x7F, 0x8D, 0x07, 0x21, 0x0A, 0x17, 0xE3, 0xB3, 0x19, 0x3D, 0xA3, 0x16,
    0x99, 0x70, 0x26, 0x2D, 0x7B, 0x17, 0x31, 0x2B, 0x1D, 0xDD, 0xD3, 0xB7, 0xA2, 0xA8, 0x02, 0xC8,
    0x59, 0x94, 0x71, 0xCA, 0x01, 0x69, 0x0D, 0xEC, 0x22, 0x40, 0xC9, 0x1D, 0xFD, 0xD3, 0x44, 0xA8,
    0x4D, 0x4B, 0x32, 0xEC, 0xEC, 0x76, 0x6D, 0x5A, 0x73, 0x74, 0x6D, 0xDA, 0x20, 0x1E, 0xD1, 0xE4,
    0xEB, 0x17, 0xDF, 0xA0, 0x9D, 0xCF, 0xE7, 0x57, 0x98, 0x3B, 0xB3, 0x43, 0x2B, 0x50, 0xF4, 0x37,
    0x8F, 0x37, 0xE6, 0xA4, 0x7D, 0x7B, 0x58, 0xD6, 0xB7, 0x57, 0x72, 0x87, 0x43, 0x9E, 0xBE, 0x06,
    0x5D, 0x95, 0x5E, 0xC1, 0xF1, 0x4D, 0xCB, 0x0F, 0x64, 0xBF, 0xD3, 0x15, 0xFF, 0xB2, 0xD1, 0xD2,
    0xFD, 0x69, 0xA2, 0x19, 0x5B, 0xFC, 0x89, 0x80, 0x62, 0xD2, 0x66, 0x8F, 0xD9, 0xFE, 0x3F, 0xA5,
    0x56, 0xBD, 0x6F, 0xDB, 0x46, 0x14, 0xFF, 0x9D, 0x28, 0x9B, 0x49, 0x88, 0x98, 0x1A, 0x1C, 0x20,
    0x48, 0x52, 0x33, 0x83, 0x07, 0xD7, 0x88, 0xC3, 0xC5, 0x83, 0x81, 0x4A, 0xE6, 0xB5, 0x43, 0x33,
    0x15, 0xD5, 0x10, 0xA5, 0x43, 0x86, 0x78, 0x4D, 0x80, 0xC2, 0x2A, 0x60, 0xA0, 0x2A, 0x2A, 0x8B,
    0xFC, 0x13, 0x0C, 0xB4, 0xE8, 0xD2, 0xC5, 0x43, 0x0A, 0x38, 0xEA, 0x10, 0x0D, 0x19, 0x0C, 0xC4,
    0x16, 0x99, 0xBF, 0xA0, 0x0C, 0xD0, 0x34, 0x53, 0x01, 0x02, 0x69, 0x8A, 0x8E, 0x2C, 0xCA, 0xA0,
    0x6C, 0x4B, 0xE9, 0xFA, 0xDE, 0x89, 0x4A, 0x62, 0x27, 0x0D, 0x02, 0xF4, 0x3E, 0x74, 0xE7, 0x77,
    0xEF, 0xDE, 0xBD, 0xAF, 0xDF, 0xA3, 0x6F, 0x49, 0x78, 0x11, 0xEC, 0x04, 0x46, 0x06, 0x14, 0x80,
    0x07, 0xCC, 0x00, 0x7D, 0x88, 0x31, 0x8C, 0x02, 0x56, 0x0A, 0x3B, 0x62, 0xDA, 0x3C, 0x80, 0xE5,
    0x00, 0xF0, 0x13, 0x08, 0x95, 0xC1, 0x78, 0x56, 0xC0, 0x8E, 0x7D, 0x3A, 0xB1, 0xA3, 0x79, 0x08,
    0x29, 0x76, 0xB0, 0x61, 0x8F, 0x91, 0xBA, 0xEA, 0xD7, 0xB4, 0xE1, 0xA8, 0xB8, 0x2B, 0x94, 0xAC,
    0xD1, 0x95, 0x33, 0xAD, 0xAB, 0xA1, 0x1A, 0xD3, 0xA0, 0xCD, 0xAD, 0x7E, 0xFF, 0x8E, 0x2A, 0x1B,
    0x1D, 0x61, 0x80, 0xB9, 0x7D, 0x5C, 0xF6, 0xAE, 0x15, 0xAE, 0xCA, 0x4C, 0x15, 0xD3, 0x13, 0x4B,
    0xA1, 0x1A, 0xCE, 0x57, 0x51, 0xF3, 0x50, 0xF8, 0x28, 0xE8, 0x97, 0xF6, 0x43, 0xA9, 0xD2, 0x6B,
    0x39, 0x69, 0x96, 0x9F, 0x4F, 0xDD, 0xE0, 0x32, 0x16, 0x20, 0x6E, 0xC3, 0x56, 0x70, 0xAF, 0x47,
    0x75, 0x83, 0x47, 0xC3, 0x88, 0x9C, 0xBB, 0x81, 0x35, 0x06, 0x6A, 0x10, 0x7B, 0xA7, 0x76, 0x8D,
    0xDC, 0x89, 0xAC, 0xD4, 0x93, 0x76, 0x34, 0x24, 0xF5, 0x72, 0x74, 0x8D, 0x04, 0x35, 0x21, 0xF1,
    0x2E, 0x66, 0x03, 0x97, 0xBA, 0x95, 0x0C, 0x61, 0xFC, 0x93, 0x03, 0x2A, 0x05, 0x9B, 0xCE, 0xE6,
    0xDE, 0x1C, 0x72, 0xBB, 0x79, 0x73, 0x76, 0x67, 0x48, 0xC7, 0x2F, 0x0D, 0xA2, 0xDC, 0xFA, 0x60,
    0x0F, 0xDE, 0x83, 0x91, 0x36, 0xD7, 0x24, 0x15, 0x44, 0x6E, 0x45, 0xE8, 0x56, 0x52, 0x54, 0xD1,
    0xC4, 0x12, 0x10, 0x92, 0x24, 0x60, 0x88, 0xC1, 0x3C, 0x9B, 0xD3, 0xFB, 0xE6, 0x85, 0x39, 0xA2,
    0x2F, 0x6D, 0x95, 0x7A, 0xAA, 0xD8, 0xC6, 0xF6, 0x3D, 0x2C, 0xD4, 0x50, 0xAD, 0xC4, 0x66, 0x6C,
    0x45, 0x76, 0xE4, 0x06, 0x5E, 0xE0, 0xC9, 0x90, 0x2E, 0xB6, 0xC8, 0xF5, 0x76, 0xE2, 0xC4, 0x2E,
    0xD3, 0x48, 0xDF, 0x6D, 0x1C, 0xE0, 0x2A, 0x49, 0x0B, 0x41, 0xCE, 0x95, 0x6E, 0xE0, 0x10, 0xB7,
    0x15, 0x1B, 0x89, 0x68, 0x5A, 0x9A, 0xCF, 0x61, 0x3E, 0x39, 0xE5, 0xBB, 0x25, 0xBD, 0xC8, 0x89,
    0xCD, 0x54, 0x14, 0xE8, 0xA1, 0x2A, 0xFA, 0x46, 0x61, 0x66, 0x76, 0xEC, 0xC9, 0x6D, 0xF2, 0x05,
    0x1A, 0x68, 0x2C, 0x1F, 0xFA, 0xA3, 0xE5, 0x11, 0xEF, 0x80, 0x2E, 0xF5, 0xDE, 0x9E, 0x3F, 0xF2,
    0xF7, 0x78, 0x47, 0xD1, 0xEC, 0xEF, 0xFA, 0x2A, 0xA5, 0x01, 0xF1, 0xCA, 0xC0, 0x2E, 0x6E, 0x6A,
    0xB3, 0xC6, 0x10, 0x23, 0xCE, 0x03, 0x37, 0x85, 0x8A, 0xF0, 0x17, 0x87, 0x0D, 0x02, 0x2E, 0x29,
    0x98, 0xEA, 0x3E, 0xA4, 0xBD, 0x20, 0x9A, 0x11, 0x71, 0xBF, 0xFE, 0x54, 0xA9, 0x90, 0x02, 0xC1,
    0x11, 0x36, 0xE3, 0x09, 0x8D, 0xFB, 0x27, 0x8F, 0x98, 0xC2, 0xBB, 0x4A, 0x70, 0xA6, 0x25, 0x7D,
    0x15, 0x7B, 0x24, 0x6D, 0x8F, 0x82, 0xFA, 0xBC, 0x8B, 0x22, 0xCC, 0xC3, 0xD4, 0x0F, 0x8E, 0x10,
    0x31, 0x42, 0x98, 0x7B, 0xB9, 0x95, 0x9D, 0x84, 0xC7, 0x1E, 0x0B, 0x4E, 0xE2, 0x58, 0x76, 0xBC,
    0x21, 0x17, 0x4E, 0xED, 0xD8, 0x91, 0x13, 0xB8, 0x58, 0x27, 0x6B, 0x6B, 0xA4, 0xA0, 0x19, 0xD8,
    0xC9, 0x6C, 0x41, 0x7F, 0xAE, 0x63, 0x18, 0x16, 0x61, 0x0C, 0x69, 0x24, 0xC4, 0xA1, 0x09, 0x1E,
    0xDC, 0xC2, 0x2E, 0x9E, 0xE7, 0x01, 0x5B, 0x19, 0x2A, 0x95, 0xF0, 0x3C, 0x80, 0x71, 0x64, 0xF2,
    0xD9, 0x52, 0x25, 0x58, 0xE2, 0x07, 0xDD, 0x1B, 0xCF, 0x72, 0x5B, 0xA9, 0x54, 0xDC, 0x3E, 0x27,
    0x8F, 0xA6, 0x57, 0x71, 0x24, 0xBD, 0x34, 0x72, 0xE8, 0xC5, 0xD7, 0x21, 0x67, 0x82, 0x82, 0xDE,
    0xB5, 0x37, 0xA5, 0x0D, 0xA1, 0x6B, 0xC7, 0x19, 0x89, 0xC4, 0x53, 0x8F, 0xE3, 0x03, 0x47, 0x45,
    0x59, 0x45, 0x51, 0xEE, 0xBD, 0x82, 0xAE, 0xFE, 0x8E, 0x4F, 0x6E, 0x8E, 0xF5, 0x0F, 0xAB, 0x39,
    0x05, 0x5B, 0x8B, 0x1A, 0xCA, 0xF6, 0x32, 0x4D, 0x83, 0x76, 0x04, 0x7A, 0xEA, 0x71, 0xB2, 0x4D,
    0x62, 0xEF, 0x95, 0xA0, 0x3D, 0x0E, 0xD4, 0x50, 0xEF, 0xC6, 0xE5, 0xC2, 0x0F, 0x11, 0x03, 0x97,
    0x04, 0x4A, 0x3B, 0xAB, 0xA0, 0x92, 0x60, 0x52, 0x08, 0x32, 0x0A, 0x11, 0x2E, 0x4C, 0x9F, 0xE1,
    0x72, 0x41, 0x3E, 0x20, 0xF8, 0xA1, 0x42, 0x75, 0xC5, 0x20, 0x5F, 0x98, 0xA4, 0x13, 0x21, 0x07,
    0x36, 0xF9, 0xC2, 0x95, 0xBA, 0xD0, 0x50, 0xD2, 0x82, 0xF2, 0x58, 0xB3, 0x89, 0x29, 0x5B, 0x52,
    0xB2, 0xD1, 0x74, 0x4A, 0xB6, 0xF5, 0x92, 0xAD, 0x78, 0xC1, 0xC6, 0x81, 0xB0, 0xE2, 0x57, 0xD9,
    0xB8, 0x35, 0xC1, 0x70, 0xB0, 0x75, 0x1F, 0x92, 0x6C, 0xA9, 0xA9, 0xC7, 0x03, 0x39, 0x0D, 0x30,
    0x9F, 0x79, 0x4A, 0x15, 0x3C, 0xEB, 0x40, 0x7D, 0x3A, 0x1B, 0xAD, 0x56, 0x97, 0x69, 0xCB, 0xFD,
    0xFE, 0x1E, 0x05, 0x38, 0xE0, 0x40, 0xBB, 0x56, 0xBA, 0xCF, 0x81, 0xE7, 0x04, 0x00, 0x16, 0xCF,
    0x1E, 0xF6, 0xBC, 0xC2, 0x4E, 0x9D, 0xCC, 0x1F, 0x75, 0x1B, 0xB5, 0x2A, 0xA4, 0x13, 0x7B, 0xC1,
    0x36, 0x81, 0xCD, 0x25, 0xBD, 0xCC, 0xC8, 0x24, 0x54, 0xFB, 0x8C, 0xC4, 0xB7, 0x88, 0x45, 0x1F,
    0x7E, 0xE0, 0x52, 0xDD, 0xAA, 0xE4, 0x38, 0xA4, 0x24, 0xEF, 0xA3, 0x42, 0xB8, 0xCB, 0xB9, 0x2E,
    0xBB, 0x01, 0xBB, 0x89, 0xA4, 0xFC, 0x57, 0x16, 0x90, 0xA0, 0x40, 0xC5, 0x96, 0x2E, 0x2D, 0xCE,
    0x54, 0xB6, 0x9D, 0x62, 0xDE, 0x79, 0x88, 0x9E, 0xFB, 0x43, 0x14, 0x7A, 0x1F, 0xC7, 0xBD, 0x75,
    0x3B, 0xAA, 0x76, 0x85, 0x96, 0xD3, 0xD3, 0xDD, 0x6F, 0x7A, 0xA9, 0x9D, 0x90, 0x71, 0xFD, 0x80,
    0xAC, 0x54, 0x91, 0xD7, 0xEF, 0xDF, 0x8D, 0xA8, 0x4C, 0x98, 0x2F, 0xFD, 0xD4, 0x19, 0xD8, 0x6F,
    0xA3, 0xFD, 0x6B, 0x0B, 0x27, 0x95, 0x9A, 0xD1, 0xF2, 0xA1, 0x2E, 0x3E, 0xDC, 0x45, 0x00, 0xF1,
    0x55, 0xBC, 0xE3, 0xA8, 0x07, 0x13, 0x0B, 0xA8, 0x04, 0x64, 0x3D, 0xB2, 0x80, 0x02, 0xAA, 0x7D,
    0x74, 0x8A, 0xA6, 0x1B, 0x4C, 0x26, 0x45, 0xF4, 0x75, 0xD6, 0xD6, 0x66, 0x8E, 0xF2, 0x68, 0x6C,
    0x01, 0xD2, 0xCA, 0x8D, 0xC8, 0x55, 0xDF, 0x46, 0xF4, 0xE5, 0x91, 0x75, 0xFA, 0x70, 0x71, 0x33,
    0x33, 0xAA, 0x05, 0xEA, 0x4A, 0xB4, 0xBE, 0xA9, 0x82, 0x3A, 0xDF, 0x2D, 0x03, 0x21, 0xA2, 0x55,
    0x58, 0x8F, 0x7A, 0x1C, 0x72, 0xBA, 0xA3, 0x02, 0x6D, 0x6A, 0x70, 0xB1, 0x34, 0xAA, 0x12, 0x98,
    0x89, 0x93, 0x9F, 0xFF, 0xCD, 0x88, 0x27, 0xDD, 0xCF, 0x0C, 0x15, 0x39, 0xA3, 0x72, 0xF9, 0xA2,
    0x49, 0xF5, 0x7A, 0xE6, 0xD3, 0x8E, 0x66, 0x5D, 0xE9, 0xE8, 0x34, 0xA7, 0x65, 0xAE, 0x3E, 0xC0,
    0x0A, 0x30, 0x37, 0x3F, 0xD0, 0x95, 0x50, 0xFB, 0xAC, 0x12, 0xF0, 0xC0, 0x09, 0xA2, 0x2C, 0xA2,
    0xF6, 0x0E, 0x2D, 0x9D, 0x6A, 0xA7, 0xCA, 0xA6, 0xAE, 0x74, 0x58, 0x91, 0xEA, 0x4A, 0xA7, 0xCE,
    0x42, 0x56, 0x3A, 0x8B, 0xB4, 0x9C, 0x5D, 0x29, 0x65, 0x2E, 0x6A, 0xCE, 0xB3, 0xE0, 0x65, 0x95,
    0x94, 0x95, 0x3C, 0xA6, 0x32, 0xC5, 0x47, 0xF8, 0x4C, 0xA2, 0x7C, 0x8F, 0x2E, 0x2C, 0x4D, 0x94,
    0xC0, 0x8B, 0xE5, 0xA8, 0xBA, 0x35, 0x42, 0x84, 0xFB, 0x4B, 0x85, 0x6A, 0xAB, 0x93, 0x7B, 0x72,
    0x91, 0x0A, 0xB5, 0x23, 0x7B, 0xD8, 0xC7, 0x3D, 0x9A, 0x3D, 0xDA, 0x53, 0x3A, 0xB4, 0x60, 0xA9,
    0xC4, 0x55, 0x45, 0xEF, 0xFD, 0xC3, 0x7D, 0x2C, 0x6C, 0x6C, 0x9F, 0xE4, 0xA2, 0x4F, 0xE3, 0x50,
    0x83, 0xB8, 0xD6, 0xE8, 0x4E, 0xF3, 0xFB, 0x12, 0x6B, 0x5B, 0x45, 0xF7, 0x7C, 0xEE, 0xD1, 0xF7,
    0xC5, 0x4D, 0x2B, 0x05, 0x2E, 0xD4, 0x28, 0xAA, 0x5E, 0x62, 0x96, 0xF2, 0x57, 0x35, 0xCE, 0x72,
    0x42, 0x62, 0x48, 0x5F, 0x28, 0x2B, 0x0B, 0x03, 0x33, 0xFB, 0x33, 0x72, 0x7F, 0xFF, 0x23, 0x1E,
    0x1B, 0x0F, 0xD3, 0xC4, 0x88, 0xD2, 0x26, 0x61, 0xD0, 0x87, 0x2D, 0x2D, 0x69, 0x4B, 0x9F, 0xF6,
    0x4D, 0x8A, 0xF9, 0xB4, 0xAE, 0x57, 0x02, 0x23, 0xFA, 0xFC, 0xE7, 0x70, 0x7C, 0xE3, 0x99, 0x93,
    0xAD, 0x1F, 0x9C, 0xB8, 0x38, 0x9B, 0xBB, 0x94, 0x2A, 0x2A, 0x6B, 0x58, 0x49, 0x97, 0x11, 0xC7,
    0x93, 0xF7, 0x4C, 0x33, 0x73, 0x37, 0xAE, 0x92, 0xC7, 0xEB, 0xF0, 0x46, 0x7E, 0x41, 0x4B, 0x07,
    0x1B, 0xF3, 0x93, 0xE0, 0x4A, 0x6F, 0x92, 0xFD, 0x91, 0xA3, 0xF3, 0xD6, 0x93, 0x66, 0xCE, 0x51,
    0x1D, 0x51, 0xE9, 0x7D, 0x8A, 0x99, 0x90, 0x72, 0xCD, 0xE5, 0x9C, 0xA5, 0xC8, 0x08, 0x5A, 0x32,
    0x7D, 0xA7, 0xFF, 0x5D, 0x59, 0xB0, 0xFE, 0xCF, 0xFD, 0x33, 0x0C, 0x83, 0xAB, 0x5C, 0x7A, 0xD5,
    0x88, 0x41, 0xD5, 0xDF, 0x7B, 0x95, 0x82, 0x73, 0x5F, 0x33, 0x7F, 0x60, 0x2A, 0xF5, 0x17, 0x07,
    0x95, 0x6C, 0x51, 0x7F, 0xB7, 0x36, 0xC9, 0x5B, 0xE2, 0x2E, 0x97, 0x5A, 0xFE, 0x2A, 0x6F, 0x4E,
    0x84, 0x96, 0x6D, 0xF6, 0xEE, 0x1D, 0x9D, 0x95, 0x74, 0x9A, 0x4F, 0xCA, 0x14, 0x65, 0x2D, 0x3D,
    0xFD, 0x23, 0xC4, 0x66, 0x06, 0x4B, 0xEB, 0x36, 0xC6, 0x54, 0xD7, 0xA9, 0xEE, 0x53, 0x5B, 0x70,
    0xA4, 0xB5, 0x27, 0x3A, 0xB6, 0x86, 0x65, 0x3D, 0x57, 0x51, 0xB9, 0x96, 0x7C, 0xDD, 0x92, 0x6F,
    0xE3, 0xF9, 0x0D, 0xD1, 0x5C, 0x38, 0xC0, 0x1C, 0xE6, 0x1C, 0xB5, 0x65, 0x0D, 0xEC, 0xAD, 0x4D,
    0xE7, 0x27, 0xD1, 0x84, 0x7D, 0x80, 0x35, 0x0B, 0x5B, 0x26, 0x7C, 0x25, 0xDB, 0x3A, 0x49, 0x2F,
    0x7F, 0x88, 0xD9, 0x11, 0x6A, 0xED, 0x5A, 0xAD, 0x5D, 0x36, 0x62, 0x73, 0x0E, 0xB1, 0x65, 0x61,
    0x60, 0xC8, 0xD4, 0x08, 0x06, 0x46, 0xD0, 0x36, 0x65, 0x63, 0x01, 0x56, 0x46, 0x5F, 0x6C, 0xB4,
    0xCD, 0xA3, 0xC3, 0xC2, 0x9A, 0x8B, 0xF3, 0x4F, 0xE8, 0x39, 0x67, 0x7F, 0x8B, 0xFE, 0x2B, 0xE4,
    0xDE, 0x46, 0x63, 0x9E, 0xB8, 0x2B, 0x84, 0x63, 0x1E, 0xE2, 0x0A, 0x2E, 0xDF, 0xC7, 0x96, 0x8D,
    0x81, 0x89, 0x44, 0x8F, 0x81, 0x85, 0x86, 0x03, 0xEB, 0x09, 0xAB, 0xDB, 0x9E, 0x8C, 0x26, 0xBE,
    0x1C, 0xA2, 0x63, 0xA1, 0x6D, 0x1C, 0x1F, 0xB5, 0xE6, 0x0C, 0xDE, 0x1B, 0xDE, 0x8F, 0xEB, 0x56,
    0x90, 0xAE, 0xD1, 0xDD, 0xD5, 0xE3, 0xD3, 0x20, 0x31, 0xF2, 0xFB, 0x78, 0xBF, 0x7C, 0x9D, 0xFB,
    0x2E, 0x39, 0xE0, 0x24, 0x16, 0x9A, 0xFE, 0xEE, 0x69, 0x4C, 0xBB, 0x0D, 0xFA, 0xB7, 0x4F, 0xB0,
    0x55, 0xAB, 0x16, 0x2E, 0x9D, 0xC6, 0x85, 0x0B, 0x98, 0x5B, 0x83, 0xD9, 0xE6, 0x2F, 0x92, 0x88,
    0xD9, 0xB6, 0xB5, 0x39, 0x9C, 0xBE, 0x04, 0x73, 0x80, 0x4A, 0xCC, 0x44, 0x3A, 0xAD, 0xCF, 0x61,
    0x63, 0x16, 0xFF, 0x02, 0xC5, 0x59, 0x31, 0x8F, 0xDC, 0xC6, 0x15, 0x7E, 0x24, 0x75, 0x62, 0x2C,
    0x16, 0x54, 0xA1, 0x0B, 0xEC, 0x18, 0x30, 0x9B, 0x34, 0x16, 0x22, 0xF1, 0x0F, 0xE8, 0x96, 0x63,
    0xA7, 0x70, 0x91, 0xC2, 0x2A, 0x7C, 0x40, 0x00, 0x15, 0x6E, 0x52, 0x04, 0xE7, 0xC2, 0x2E, 0x62,
    0x40, 0x09, 0x4E, 0x47, 0x0A, 0x2E, 0xD2, 0xBA, 0x71, 0x6A, 0x17, 0x2E, 0xE4, 0x0D, 0x10, 0xB9,
    0x70, 0x71, 0x01, 0x76, 0xB5, 0x0C, 0x5C, 0xA4, 0x25, 0x02, 0xA4, 0x0E, 0xD3, 0xA4, 0x48, 0x1A,
    0x06, 0xD9, 0x24, 0x8C, 0x44, 0x2E, 0xF3, 0x7D, 0x6F, 0x48, 0x2E, 0xF7, 0x64, 0xCB, 0xB2, 0x74,
    0x4E, 0x88, 0x9D, 0xE1, 0xCC, 0xF0, 0xCD, 0x9B, 0x37, 0x6F, 0xDE, 0xFB, 0xDE, 0xCC, 0xAC, 0xDC,
    0x14, 0xF9, 0x5C, 0xE4, 0x9A, 0x1C, 0xDD, 0x37, 0x5D, 0x97, 0x55, 0xAF, 0x48, 0x75, 0x5B, 0xAA,
    0x8F, 0xA5, 0x92, 0xE7, 0xFD, 0x7D, 0x2C, 0xE2, 0x18, 0xF1, 0x33, 0x79, 0x45, 0xE4, 0x64, 0x6E,
    0x56, 0x5D, 0x7E, 0xCD, 0xCB, 0x83, 0x1F, 0xE6, 0xEE, 0x07, 0xB9, 0x78, 0xCF, 0xFF, 0xCB, 0x8E,
    0xE6, 0x1F, 0xAE, 0xBA, 0x12, 0xBF, 0xFD, 0x43, 0x33, 0x2D, 0xA7, 0x5D, 0xD7, 0xD5, 0x2B, 0x64,
    0x0D, 0x4B, 0xCD, 0xD1, 0x7C, 0x3E, 0x17, 0x56, 0x8D, 0x66, 0xFB, 0x87, 0x87, 0x87, 0xC2, 0x36,
    0x3E, 0xF7, 0xD8, 0xC4, 0xA7, 0x19, 0x0B, 0xFC, 0xCE, 0xE7, 0xAD, 0xA7, 0xA1, 0x79, 0x55, 0x5E,
    0x9A, 0x49, 0xF2, 0xBF, 0xFC, 0x49, 0xFF, 0x24, 0x9C, 0x4B, 0x32, 0x4E, 0x68, 0xFB, 0x9C, 0xF9,
    0xE0, 0x54, 0x5E, 0xE5, 0x97, 0x41, 0x11, 0xE6, 0x51, 0x9E, 0x64, 0x49, 0x96, 0x9A, 0x7D, 0x09,
    0xAA, 0xB0, 0x0A, 0x4B, 0xB6, 0xC4, 0x59, 0x22, 0x33, 0xB9, 0x23, 0x57, 0x04, 0xF5, 0x32, 0x2A,
    0x62, 0x6D, 0x49, 0xD0, 0xB2, 0x90, 0xB7, 0x24, 0x35, 0xA9, 0x49, 0xB2, 0x18, 0x74, 0x61, 0x11,
    0x14, 0x5E, 0xE9, 0x56, 0x72, 0xD3, 0xA9, 0xFC, 0xCC, 0xAB, 0xC2, 0xCC, 0x2F, 0x23, 0x13, 0x14,
    0x89, 0x09, 0xF3, 0x44, 0xA2, 0x7C, 0x25, 0x49, 0xB6, 0x91, 0xE4, 0x6E, 0x2B, 0xE9, 0xEB, 0xAD,
    0xEC, 0xA3, 0x6F, 0x50, 0xC5, 0x59, 0x58, 0x25, 0x79, 0x58, 0x26, 0x26, 0xCA, 0x53, 0xA5, 0x89,
    0x4D, 0x0B, 0xDE, 0x0D, 0x46, 0xAC, 0xE5, 0xD8, 0xA9, 0xE4, 0x8A, 0x73, 0x13, 0xE3, 0x26, 0x59,
    0x58, 0xA6, 0x26, 0x2A, 0x52, 0x89, 0x07, 0x3E, 0xA0, 0x49, 0x9C, 0x5A, 0xEE, 0x38, 0x6B, 0x59,
    0x60, 0xD0, 0xB7, 0x60, 0x46, 0xA9, 0xD3, 0x48, 0xFA, 0x5A, 0xAB, 0xDF, 0xE3, 0x7C, 0x23, 0xE4,
    0xC9, 0xB1, 0x83, 0x22, 0x36, 0x5E, 0x19, 0x65, 0x6E, 0x15, 0xE6, 0x90, 0xCE, 0xC8, 0xA5, 0x4C,
    0xF0, 0x51, 0xF0, 0x71, 0x92, 0xD0, 0x16, 0x64, 0x72, 0x39, 0x30, 0x57, 0x56, 0x76, 0x1D, 0x9B,
    0xA3, 0x5B, 0xBF, 0xBA, 0x27, 0x81, 0xD1, 0xF6, 0x31, 0x85, 0x43, 0xCA, 0x9F, 0x9C, 0xA2, 0x21,
    0x15, 0x36, 0x71, 0xCC, 0xB0, 0xD8, 0xA5, 0x09, 0x72, 0xE5, 0xD9, 0xDD, 0xFF, 0x5B, 0x43, 0x93,
    0xE1, 0xDB, 0x8E, 0x31, 0xE5, 0x75, 0xB6, 0x4F, 0x26, 0x87, 0xC1, 0xDD, 0x1F, 0x2B, 0x3D, 0x12,
    0xCB, 0x8F, 0xF7, 0xE9, 0xC7, 0xBD, 0x29, 0x01, 0xB4, 0xD0, 0x65, 0x49, 0x97, 0x4F, 0x7F, 0x51,
    0x67, 0xDC, 0x96, 0x76, 0xF0, 0x33, 0x91, 0x14, 0xBF, 0x52, 0xD2, 0x8D, 0xA4, 0x5D, 0xC1, 0xDF,
    0x46, 0xAB, 0x86, 0x9F, 0xF0, 0xBC, 0x24, 0x2B, 0xD3, 0x65, 0x5D, 0xB6, 0x32, 0x2F, 0xCA, 0x1E,
    0xF8, 0x25, 0xB9, 0xD7, 0xA4, 0x85, 0xD7, 0x26, 0x4C, 0x28, 0xB3, 0x8D, 0x09, 0x84, 0xAC, 0x4A,
    0x9A, 0xA5, 0x85, 0xDF, 0xC8, 0x2A, 0x4F, 0xFA, 0x97, 0x6D, 0xEC, 0x49, 0xF6, 0x40, 0x94, 0x16,
    0x49, 0x91, 0xE4, 0x7B, 0xF0, 0xAE, 0xAC, 0xEB, 0xF2, 0xE7, 0x07, 0x90, 0xF1, 0xF7, 0x99, 0xC8,
    0x7C, 0x0E, 0x74, 0x3A, 0x17, 0xDC, 0xD8, 0x02, 0x48, 0xAF, 0x96, 0xC7, 0x7E, 0xE7, 0x22, 0x34,
    0xF8, 0xFC, 0x62, 0x9E, 0xBD, 0x27, 0x32, 0xFE, 0xDE, 0x27, 0x34, 0x9D, 0x1B, 0xF3, 0xAB, 0x73,
    0x18, 0xC1, 0xF6, 0xB7, 0x7F, 0x78, 0x6E, 0x92, 0x4F, 0x1E, 0xA7, 0x83, 0xF5, 0x2D, 0xB4, 0xE8,
    0x77, 0xF8, 0x52, 0x6B, 0x31, 0xFC, 0x43, 0x23, 0xAE, 0xA5, 0x8B, 0xCC, 0x42, 0xFC, 0xD2, 0x02,
    0x0F, 0xFC, 0x9A, 0xC6, 0xD9, 0x17, 0xA3, 0x4C, 0x8B, 0x84, 0xAC, 0x1E, 0xB4, 0x66, 0x0A, 0x2C,
    0x63, 0xB1, 0x19, 0x8B, 0xEE, 0x7A, 0x2C, 0x7A, 0xE5, 0xBE, 0xC8, 0x9E, 0x21, 0x87, 0xE0, 0x77,
    0x1D, 0xAC, 0xB5, 0x96, 0x58, 0xEE, 0x84, 0xBF, 0xEC, 0x6A, 0xA7, 0xDB, 0xC0, 0x37, 0x9B, 0x24,
    0x2C, 0x5A, 0x6F, 0x9D, 0x98, 0xE0, 0x51, 0x7D, 0x12, 0x66, 0x33, 0xAF, 0x0C, 0x33, 0xAF, 0x2B,
    0x9B, 0xC8, 0x24, 0x3E, 0x30, 0x4E, 0x8E, 0x9C, 0x75, 0x2C, 0x71, 0x90, 0xD3, 0xFB, 0xBC, 0x2A,
    0x96, 0xE8, 0x47, 0xB9, 0x4F, 0xC7, 0x2A, 0x80, 0x52, 0x6F, 0xE6, 0xBE, 0xFA, 0xDB, 0x58, 0x04,
    0xE5, 0x40, 0x30, 0x93, 0xB1, 0x5B, 0x23, 0x03, 0x33, 0x40, 0x50, 0x3F, 0x04, 0x78, 0x81, 0x47,
    0xEB, 0x62, 0x60, 0x41, 0x4F, 0xAF, 0xAB, 0x05, 0xE2, 0xE8, 0x74, 0x21, 0x64, 0x62, 0xD5, 0x42,
    0x2F, 0x02, 0x00, 0xED, 0x3E, 0xAA, 0xC1, 0x3B, 0x43, 0x2D, 0xA0, 0x12, 0x9B, 0xA1, 0x16, 0xFE,
    0xA5, 0x11, 0x67, 0x3D, 0xD4, 0x62, 0xB3, 0xE4, 0x30, 0x03, 0x8C, 0x43, 0xA4, 0xA0, 0xD8, 0xD6,
    0x12, 0x05, 0xA6, 0xAD, 0xF6, 0xE2, 0x71, 0x84, 0x13, 0xA5, 0x9D, 0xD6, 0x9A, 0x69, 0x6D, 0x3B,
    0x80, 0xEA, 0xB7, 0x82, 0x72, 0x01, 0xBB, 0x40, 0x68, 0xF0, 0xF4, 0x8B, 0xD5, 0x5A, 0xE2, 0x16,
    0x62, 0x99, 0x58, 0x4E, 0xC2, 0x2F, 0xBA, 0x16, 0x81, 0xD2, 0xC4, 0x5D, 0x11, 0xE5, 0x4D, 0xFC,
    0x46, 0xB5, 0x72, 0x5A, 0x04, 0x8D, 0x37, 0xAA, 0xB0, 0xAB, 0x67, 0x61, 0x1E, 0xBF, 0xBE, 0x0E,
    0x8A, 0xA5, 0x53, 0x43, 0xDD, 0x0B, 0xC4, 0x8E, 0x0F, 0x2A, 0xAF, 0x6C, 0x30, 0xD4, 0x91, 0xA9,
    0xA3, 0x2C, 0xFC, 0xA2, 0xF4, 0x2A, 0xD6, 0x30, 0x03, 0xD4, 0x7E, 0x3F, 0xD4, 0xFC, 0x22, 0x32,
    0x5A, 0xAB, 0x69, 0x45, 0xE8, 0x35, 0xA9, 0x45, 0x66, 0xDA, 0x8F, 0xF3, 0xDB, 0xD6, 0x96, 0x32,
    0x19, 0x01, 0x56, 0xB7, 0x1D, 0x9D, 0x86, 0xE7, 0x57, 0x2B, 0xB1, 0x92, 0x89, 0x57, 0x8A, 0x6B,
    0xA5, 0x8E, 0xB0, 0x10, 0x5C, 0x0F, 0x3B, 0x23, 0xBF, 0x33, 0xE3, 0x92, 0xE8, 0x6C, 0xA1, 0x5E,
    0xE2, 0x61, 0xCB, 0x45, 0x85, 0x96, 0xB1, 0x88, 0x20, 0x8E, 0xA8, 0x13, 0x39, 0x56, 0xE5, 0xD7,
    0x92, 0x7A, 0x6B, 0x69, 0xFD, 0xCA, 0xA9, 0xC3, 0x9C, 0xB3, 0xF0, 0x8B, 0x18, 0x34, 0x07, 0x20,
    0x3A, 0x05, 0x55, 0x25, 0xC7, 0x6E, 0xA1, 0x74, 0x58, 0x95, 0xD4, 0x5D, 0xA3, 0x77, 0x0B, 0x03,
    0x33, 0x4E, 0x1D, 0xC0, 0xA0, 0x18, 0x11, 0xE1, 0x08, 0xE8, 0x41, 0x59, 0x0F, 0x20, 0x23, 0x7A,
    0x79, 0x05, 0xFB, 0x01, 0xBF, 0xD1, 0x33, 0xE4, 0x9C, 0xE8, 0x08, 0x71, 0xC6, 0x81, 0xE1, 0x32,
    0xAE, 0x75, 0xA7, 0x63, 0x15, 0x21, 0x94, 0x25, 0x9A, 0xB0, 0x3A, 0x12, 0xDF, 0x25, 0x87, 0x06,
    0x14, 0x33, 0x90, 0x60, 0x95, 0x6B, 0xAC, 0xFB, 0x31, 0x4C, 0x74, 0xE6, 0x62, 0x7E, 0x52, 0x81,
    0xEE, 0x44, 0x48, 0x49, 0x5E, 0x77, 0xA1, 0x7A, 0x52, 0x07, 0xE4, 0x38, 0xA3, 0x2E, 0xAA, 0x58,
    0xF9, 0x86, 0x19, 0x59, 0xFB, 0x39, 0xB9, 0xBB, 0xE5, 0x75, 0x0E, 0x50, 0x85, 0xBD, 0x09, 0xF6,
    0xF1, 0x24, 0x86, 0xD7, 0x1E, 0x80, 0xF6, 0xF4, 0x14, 0x3E, 0x7F, 0x43, 0xDC, 0xF2, 0x1A, 0x40,
    0x31, 0xC4, 0xE7, 0xC0, 0x84, 0x28, 0x5D, 0x17, 0xAF, 0x38, 0xC0, 0xEE, 0x81, 0x1A, 0x84, 0x04,
    0xB0, 0xFB, 0x8D, 0xB8, 0x88, 0x60, 0x15, 0x03, 0x1F, 0x6A, 0x08, 0x23, 0x71, 0xCE, 0xAA, 0x87,
    0x91, 0xE0, 0x0A, 0x68, 0xC2, 0x87, 0x17, 0xE4, 0x82, 0xCE, 0x27, 0xC9, 0x18, 0xDB, 0xA0, 0x4F,
    0x44, 0x6D, 0x59, 0xA1, 0x9E, 0x93, 0x3A, 0x15, 0xA7, 0x65, 0x63, 0x58, 0xDA, 0x9A, 0x7C, 0x67,
    0xE2, 0x27, 0xAA, 0x9D, 0x0B, 0x12, 0x82, 0x75, 0x26, 0x07, 0xEC, 0x8E, 0xF7, 0x86, 0xE4, 0x89,
    0x8E, 0xD1, 0xF2, 0x63, 0xA9, 0x03, 0x91, 0xBD, 0xC6, 0x4E, 0x8C, 0x4B, 0x02, 0x7E, 0x26, 0xEB,
    0x50, 0x81, 0x88, 0x7B, 0x16, 0x85, 0xA6, 0x62, 0xA3, 0x06, 0xE0, 0xFF, 0xBB, 0x46, 0xD7, 0x24,
    0x73, 0x08, 0x27, 0x94, 0x04, 0x7C, 0x57, 0x06, 0x6F, 0xC0, 0x25, 0xF6, 0x1D, 0xC6, 0x7B, 0xB4,
    0x96, 0xEB, 0xF4, 0xC6, 0x3F, 0xB7, 0xD6, 0xD7, 0xB0, 0x47, 0xE2, 0x7B, 0xA3, 0x21, 0x9E, 0xCC,
    0x7D, 0x7A, 0x25, 0x98, 0x73, 0x32, 0x3A, 0x76, 0x2A, 0x76, 0x6C, 0x10, 0xE0, 0xF3, 0x75, 0x12,
    0x84, 0x8C, 0xAC, 0x20, 0xC0, 0x82, 0x80, 0xFF, 0x89, 0x5C, 0x54, 0x49, 0x5F, 0xB4, 0x81, 0x96,
    0x06, 0x96, 0x47, 0x65, 0xA2, 0x29, 0x1C, 0x12, 0x76, 0x5B, 0x48, 0xD9, 0x4E, 0xCA, 0xA3, 0x4C,
    0xBD, 0x04, 0x29, 0x18, 0x53, 0x38, 0x24, 0x61, 0xF2, 0x11, 0x61, 0xB7, 0x30, 0xB3, 0x27, 0x17,
    0x0D, 0xF9, 0xA6, 0x45, 0x5C, 0x25, 0x4C, 0x28, 0xEF, 0x89, 0x6B, 0x2C, 0xF6, 0x60, 0xAF, 0xD4,
    0x75, 0x45, 0xD2, 0xBD, 0xBD, 0xBE, 0x90, 0x60, 0xF5, 0x12, 0x69, 0x15, 0x83, 0x6D, 0x5A, 0x22,
    0x2D, 0xEC, 0x66, 0x8B, 0x5A, 0xC6, 0x0C, 0x12, 0xAE, 0x2A, 0xB4, 0x10, 0x57, 0x14, 0x58, 0x8D,
    0x95, 0x7E, 0xA3, 0x69, 0xEF, 0x0C, 0xB0, 0xB1, 0x0D, 0x4A, 0x94, 0x34, 0xB7, 0x3A, 0xD9, 0xB3,
    0x5B, 0xCF, 0x4E, 0xB3, 0xAB, 0xD8, 0x37, 0x7F, 0xAA, 0x93, 0xFF, 0xF0, 0x06, 0x05, 0x29, 0x69,
    0x7C, 0x9E, 0xC2, 0x6B, 0x68, 0x08, 0xF7, 0xB0, 0xE1, 0x95, 0xF1, 0xB1, 0x6E, 0x11, 0xE4, 0x03,
    0xC1, 0xEA, 0x3F, 0x24, 0x3E, 0xFA, 0x44, 0x31, 0x92, 0x90, 0x99, 0x7E, 0x74, 0xAB, 0xA2, 0xAF,
    0x42, 0x4A, 0x42, 0x75, 0x24, 0xE4, 0xE0, 0xE7, 0xD7, 0x90, 0xBB, 0xE5, 0x0F, 0x48, 0x5C, 0x4E,
    0xA5, 0xF1, 0xFA, 0x1D, 0x17, 0xCC, 0x87, 0x5E, 0x0D, 0x03, 0xB2, 0x7E, 0x0D, 0xE3, 0x66, 0x44,
    0x83, 0xEF, 0xC0, 0x9E, 0xC9, 0x60, 0x4B, 0xC2, 0xA8, 0x44, 0x63, 0x5A, 0xA1, 0xED, 0x1F, 0x85,
    0xB8, 0x7F, 0x87, 0x2D, 0x17, 0x40, 0x86, 0xFC, 0x14, 0x24, 0x37, 0x40, 0x72, 0x8D, 0x51, 0x4C,
    0x6E, 0x68, 0x07, 0x88, 0xF8, 0xC9, 0x76, 0xB0, 0x7A, 0x2C, 0xBA, 0x93, 0xE2, 0x16, 0x68, 0x27,
    0x98, 0xEB, 0x8C, 0x88, 0x7E, 0xF2, 0x5A, 0xF5, 0x72, 0x0F, 0xE8, 0xAB, 0x87, 0xFF, 0xEA, 0x86,
    0x22, 0xB4, 0xD5, 0xCF, 0x64, 0xEF, 0x9D, 0xCD, 0x47, 0x63, 0xA0, 0x68, 0x47, 0x0E, 0xD1, 0x6A,
    0xBB, 0xB7, 0x8F, 0xF2, 0xA1, 0xB8, 0x09, 0x87, 0xF9, 0xBB, 0xAD, 0x3F, 0x0C, 0xE7, 0x35, 0xDE,
    0x88, 0xFD, 0x9F, 0x3B, 0x96, 0xC0, 0xB9, 0xA7, 0x44, 0x1F, 0xB3, 0xA8, 0x1F, 0x35, 0xC6, 0x4C,
    0x8A, 0x32, 0x29, 0xD6, 0x43, 0xF1, 0xF2, 0xB6, 0x38, 0x33, 0xEB, 0x97, 0x4B, 0xD9, 0xB8, 0x25,
    0x10, 0x77, 0xF3, 0x10, 0x01, 0xAC, 0x7B, 0xF4, 0xA8, 0xCB, 0x79, 0xB4, 0x42, 0x11, 0x4F, 0xEE,
    0xDC, 0xDA, 0x00, 0x5F, 0xF7, 0xDE, 0x65, 0xEE, 0x77, 0x1A, 0xD8, 0xC8, 0x32, 0xFC, 0x13, 0xDD,
    0x30, 0xA1, 0xAF, 0xC4, 0x6F, 0x72, 0xB6, 0x0F, 0x68, 0x4E, 0x29, 0x9D, 0xC9, 0x69, 0xD4, 0x7B,
    0x29, 0xAC, 0xD7, 0x00, 0x43, 0xDC, 0x06, 0xDE, 0x2B, 0xFE, 0x9A, 0x8A, 0xBD, 0xAD, 0x0B, 0xFB,
    0x99, 0x57, 0x4C, 0x97, 0x77, 0x7A, 0xBC, 0xB3, 0x91, 0x4C, 0xFA, 0x7D, 0x49, 0x3D, 0xC8, 0x4E,
    0x2B, 0xB1, 0xFB, 0x8F, 0xD8, 0x46, 0xBE, 0x7E, 0x66, 0xBA, 0x16, 0x1E, 0x79, 0xD2, 0x3E, 0xEC,
    0xB6, 0x44, 0x37, 0x24, 0xCB, 0xA1, 0xBB, 0xFB, 0x25, 0xDD, 0x67, 0xBB, 0xDD, 0xAB, 0xA1, 0x7B,
    0x38, 0x76, 0xDF, 0x6E, 0xBA, 0xB5, 0xE1, 0x6B, 0x7E, 0xF3, 0xEC, 0x59, 0x88, 0xE9, 0xBA, 0xFC,
    0x11, 0xEC, 0xBE, 0xEE, 0xF7, 0x8C, 0xC4, 0x83, 0x11, 0x01, 0x2A, 0x2E, 0x22, 0x90, 0xC2, 0x7B,
    0xB1, 0x8F, 0xC4, 0xD0, 0x9B, 0xAE, 0x4A, 0x91, 0x80, 0x6D, 0xF5, 0x81, 0x04, 0x6B, 0x6B, 0x31,
    0x6E, 0xD3, 0x6B, 0x85, 0xA9, 0x9D, 0x94, 0x1B, 0xFB, 0x9D, 0x89, 0x6B, 0x08, 0x38, 0x91, 0xB0,
    0xB2, 0x89, 0x18, 0xC1, 0xD4, 0x11, 0x8F, 0xB8, 0xDE, 0xD0, 0x75, 0xDD, 0x7F, 0x2E, 0xED, 0x31,
    0x6A, 0x80, 0x99, 0xA4, 0xD7, 0x7E, 0xD2, 0x27, 0x2E, 0xC2, 0x7E, 0x9F, 0xCE, 0x3E, 0x2F, 0xF4,
    0xC0, 0x9A, 0xD2, 0xA6, 0x7A, 0x2F, 0x26, 0x6E, 0x0C, 0xEF, 0xA1, 0x7D, 0xA0, 0x1B, 0x67, 0xE9,
    0xAF, 0x39, 0xC7, 0x60, 0xCD, 0x19, 0xFA, 0x6B, 0xCE, 0xCF, 0xD7, 0xD9, 0x29, 0xC8, 0xDB, 0xBC,
    0xB5, 0x65, 0x4F, 0x2D, 0x95, 0xB9, 0x57, 0x7B, 0x3A, 0x1B, 0x4F, 0xE7, 0xC3, 0xBC, 0xA3, 0x4D,
    0x60, 0x2E, 0xC8, 0x43, 0xDD, 0x85, 0x30, 0x14, 0x94, 0x9C, 0x05, 0x73, 0x35, 0xB8, 0x44, 0x61,
    0x67, 0xFF, 0xB1, 0x3D, 0x21, 0x24, 0x72, 0x3E, 0xA4, 0x7C, 0xD0, 0x2A, 0xA4, 0x0D, 0xEB, 0x3E,
    0xB7, 0x2D, 0xF6, 0xAB, 0x45, 0xD8, 0xFC, 0x22, 0xF6, 0x99, 0x49, 0xBE, 0xE2, 0x81, 0x3E, 0xEF,
    0x08, 0xE4, 0xF9, 0xCF, 0x85, 0x87, 0x6A, 0x6A, 0x98, 0xF8, 0xEC, 0xD6, 0x54, 0xDD, 0x34, 0x47,
    0x3B, 0xCF, 0xB2, 0x15, 0xCD, 0x3C, 0xC6, 0xE6, 0x8B, 0x30, 0x8B, 0x1C, 0x47, 0x42, 0xE4, 0x60,
    0x1F, 0x69, 0x98, 0x0E, 0xB9, 0xC1, 0x66, 0x7E, 0xC2, 0x9D, 0x01, 0xB7, 0xA7, 0xA1, 0xC2, 0x25,
    0x30, 0xFC, 0xCA, 0xAE, 0x9A, 0x6D, 0x0B, 0x83, 0x25, 0xD4, 0x59, 0x38, 0xD8, 0x55, 0x25, 0x05,
    0x97, 0xD1, 0xB6, 0x4C, 0xE8, 0x89, 0x63, 0x6B, 0xCD, 0xF6, 0x0F, 0x0F, 0x6F, 0x69, 0xC0, 0x2C,
    0x6C, 0x84, 0xEC, 0xFD, 0xE5, 0xC1, 0x80, 0x3A, 0x34, 0x0E, 0x6E, 0x1C, 0x7A, 0x77, 0xD3, 0x60,
    0x4D, 0x90, 0x50, 0x83, 0x52, 0x3C, 0x1D, 0xE2, 0xAD, 0x0D, 0x42, 0x0A, 0xD2, 0x1A, 0x6E, 0xAF,
    0xCE, 0x3F, 0xC5, 0xEE, 0xA0, 0x83, 0x99, 0x9E, 0xDC, 0x47, 0x90, 0xB8, 0xED, 0x03, 0x3A, 0x99,
    0x55, 0xCC, 0xD6, 0xCC, 0x6A, 0x66, 0xCD, 0x13, 0xB3, 0x7A, 0x24, 0xD6, 0x6E, 0x05, 0x33, 0x83,
    0xAC, 0x96, 0xDB, 0x3E, 0x44, 0x39, 0x9F, 0xCC, 0x3E, 0x10, 0xB5, 0xF6, 0x79, 0x19, 0x15, 0x76,
    0xDD, 0x1F, 0x6B, 0x98, 0x5D, 0x76, 0x9A, 0x32, 0x5B, 0x31, 0xEB, 0x9E, 0x98, 0xAD, 0x46, 0x62,
    0xED, 0x16, 0x33, 0x0B, 0xC9, 0xCA, 0x65, 0x26, 0xDF, 0x9D, 0xCF, 0x3F, 0x19, 0xD4, 0xBE, 0xB6,
    0x97, 0x5B, 0xBF, 0x7D, 0x1B, 0x6E, 0x7B, 0x8A, 0xE0, 0x59, 0x8D, 0x59, 0x3D, 0x66, 0xCD, 0x57,
    0x65, 0xFA, 0x75, 0x3D, 0xF6, 0x28, 0xC9, 0x8A, 0x06, 0xB7, 0xE1, 0x15, 0xD9, 0xCD, 0x3E, 0x7A,
    0xE8, 0xB2, 0x6D, 0x33, 0x1B, 0x1A, 0x6A, 0x8D, 0x0C, 0x7E, 0x99, 0xB4, 0x88, 0x09, 0x1A, 0x0D,
    0x18, 0xBF, 0x8C, 0x8D, 0x00, 0x8A, 0xFD, 0x8A, 0xFA, 0x8A, 0xF7, 0x44, 0x7A, 0xAF, 0xE1, 0xBD,
    0xC4, 0xED, 0xE1, 0x7C, 0x79, 0x49, 0xEF, 0x0B, 0xD2, 0x9C, 0xF7, 0x05, 0x5F, 0xF6, 0xEC, 0xC3,
    0xE4, 0xB9, 0x3F, 0x0A, 0xCB, 0x00, 0x87, 0x02, 0xB7, 0x02, 0x0E, 0xD7, 0xCF, 0xB3, 0x41, 0xF8,
    0xFF, 0x3E, 0xDF, 0x78, 0x2B, 0xF4, 0xAD, 0xE9, 0x5D, 0xB6, 0x9B, 0x82, 0x6F, 0x8B, 0x7D, 0x82,
    0x05, 0x59, 0x65, 0x41, 0xBE, 0xC2, 0x56, 0x96, 0x1B, 0xEC, 0x2B, 0x0A, 0x00, 0x27, 0x7D, 0xC4,
    0x6E, 0x6C, 0x4C, 0x55, 0x58, 0x2D, 0x45, 0xCF, 0xB8, 0x7A, 0xA5, 0x65, 0xB6, 0x98, 0xBF, 0x7C,
    0x02, 0x59, 0xC6, 0xF3, 0x7B, 0x8C, 0xC3, 0x51, 0x5C, 0x2E, 0xF5, 0x1E, 0x0C, 0x07, 0x87, 0x78,
    0x43, 0xC4, 0xF4, 0x0D, 0x7D, 0xC3, 0x50, 0xAD, 0xC1, 0xC3, 0xFB, 0xDD, 0x86, 0x18, 0x07, 0x18,
    0x7C, 0xB9, 0xDB, 0xFC, 0xBA, 0xD1, 0x0D, 0xFE, 0xBB, 0xF4, 0x15, 0xAE, 0x81, 0xBC, 0xB3, 0x31,
    0xD3, 0x90, 0x40, 0x0E, 0xDC, 0x84, 0xE9, 0x09, 0x87, 0xA3, 0x25, 0xFD, 0x8D, 0xE0, 0x2B, 0xBA,
    0x54, 0xDA, 0xA5, 0xBA, 0xC0, 0xDC, 0xF4, 0xBB, 0x0E, 0x64, 0xAE, 0x2C, 0x5C, 0xEC, 0x09, 0x16,
    0x3C, 0x2C, 0x2E, 0x00, 0x51, 0xCD, 0xA2, 0xE5, 0xA6, 0x80, 0x91, 0x0F, 0xCB, 0x38, 0xBF, 0xDF,
    0xFD, 0xF5, 0xDE, 0x78, 0x69, 0xDC, 0x68, 0x9B, 0xFD, 0xDA, 0x2E, 0x78, 0x06, 0x5A, 0xF0, 0xE6,
    0x92, 0x7D, 0xCD, 0xC2, 0x9B, 0x30, 0x1D, 0x1E, 0x1D, 0x4C, 0x41, 0x51, 0xCF, 0xB1, 0x9A, 0xA5,
    0x4F, 0x63, 0x68, 0x7B, 0x32, 0xA2, 0x26, 0xE1, 0x37, 0x19, 0xB7, 0x3C, 0x4F, 0xF7, 0xCC, 0x76,
    0x87, 0x5C, 0xF5, 0xC7, 0x97, 0xF8, 0x35, 0x9C, 0x89, 0x97, 0x3C, 0x20, 0xC7, 0x59, 0x83, 0xF0,
    0x58, 0x26, 0xEE, 0x9A, 0xC7, 0xE4, 0xA5, 0x07, 0xDF, 0x8C, 0x70, 0x24, 0xCE, 0xFD, 0x22, 0x71,
    0x71, 0x06, 0x0E, 0xF3, 0x63, 0xAF, 0x8C, 0xE1, 0x8C, 0x68, 0x3A, 0x90, 0x99, 0x53, 0x85, 0xE6,
    0x54, 0x8E, 0xBD, 0xE2, 0xBA, 0xB5, 0x8F, 0x0B, 0x7D, 0xAC, 0xB0, 0xAF, 0xFE, 0x88, 0xDE, 0xBF,
    0xD2, 0x67, 0xF1, 0x2B, 0x8B, 0x1D, 0xDF, 0xD7, 0x69, 0xCA, 0x46, 0x5F, 0x4E, 0x67, 0x5F, 0x9B,
    0xC8, 0x9C, 0x51, 0xEA, 0xD3, 0x3F, 0x27, 0xBD, 0x80, 0x3B, 0x72, 0xAE, 0xB6, 0xAE, 0xEC, 0x68,
    0xE9, 0xB2, 0x55, 0x34, 0xCC, 0x46, 0x75, 0x0D, 0x72, 0x2B, 0x47, 0xD7, 0x6B, 0xFC, 0xC1, 0xF3,
    0x20, 0xC6, 0xF5, 0x21, 0xAE, 0x9A, 0x1D, 0x21, 0x06, 0x29, 0xE4, 0xD5, 0xE7, 0x61, 0x6E, 0x55,
    0x73, 0x2A, 0xBD, 0xA6, 0xAC, 0xFC, 0xEE, 0x66, 0xAC, 0x5F, 0x52, 0xAA, 0x9F, 0xA8, 0xED, 0x24,
    0x39, 0x8E, 0x95, 0x5F, 0x01, 0xD2, 0x67, 0x9F, 0x38, 0x3F, 0x4B, 0x6D, 0x35, 0x61, 0xF5, 0x32,
    0xCD, 0x2F, 0x7E, 0x33, 0x79, 0xF5, 0xCE, 0x82, 0x3D, 0xE3, 0x82, 0xB2, 0x26, 0xA5, 0x9E, 0x4E,
    0x0B, 0x72, 0xB9, 0x68, 0xBE, 0x09, 0xA7, 0xF8, 0x31, 0x49, 0x6C, 0x4B, 0x2F, 0xF1, 0x4F, 0xED,
    0x6B, 0x39, 0x79, 0x5D, 0xC6, 0xEB, 0x02, 0x6F, 0x17, 0x60, 0xFF, 0xD4, 0xD1, 0x12, 0x4B, 0xD1,
    0xBF, 0xC4, 0x36, 0xF6, 0x24, 0x67, 0xFA, 0xED, 0xBC, 0x52, 0xFD, 0xDF, 0xA8, 0x5D, 0xED, 0xBC,
    0x9E, 0xD4, 0x61, 0x78, 0x35, 0x78, 0x3D, 0xE8, 0x87, 0x1D, 0x5E, 0x2A, 0x4B, 0xC7, 0xF5, 0x59,
    0xDA, 0xED, 0xD7, 0x6E, 0x3F, 0x7B, 0xD9, 0x18, 0x67, 0x7A, 0x1F, 0x9F, 0x47, 0x3B, 0xEA, 0xE1,
    0xF2, 0xB0, 0xF5, 0x7B, 0x66, 0xEA, 0x43, 0xDB, 0x9B, 0xFB, 0xB3, 0xFD, 0x2E, 0xED, 0x7C, 0x7B,
    0xD2, 0x57, 0xDE, 0x48, 0x3F, 0xCC, 0xA6, 0xD7, 0xC8, 0xFB, 0xFF, 0x34, 0xE7, 0x7A, 0x97, 0x5E,
    0xBC, 0x27, 0xDB, 0xDF, 0xFB, 0xE7, 0x77, 0xDD, 0x8D, 0x83, 0x56, 0xDC, 0x65, 0x61, 0xC7, 0xFF,
    0x53, 0x10, 0xD0, 0xB8, 0x03, 0x3D, 0xC7, 0xBF, 0x2E, 0xF4, 0xFE, 0x01, 0x91, 0x0C, 0x9C, 0xFD,
    0x16, 0x61, 0x40, 0x62, 0xFD, 0xCB, 0xE6, 0x7C, 0x98, 0xDF, 0xA4, 0xB4, 0xC1, 0x6F, 0xE4, 0x9A,
    0x9F, 0xDD, 0xF0, 0xF2, 0xF0, 0x6D, 0x3D, 0x5D, 0x9D, 0x93, 0xE4, 0x69, 0x29, 0x57, 0x77, 0x5B,
    0xCE, 0x71, 0x41, 0xFF, 0x0B, 0xED, 0x54, 0x3D, 0x73, 0xD3, 0x40, 0x10, 0x7D, 0x67, 0x25, 0x98,
    0x44, 0x85, 0x28, 0x48, 0x03, 0x85, 0x9A, 0x14, 0x99, 0x14, 0x51, 0xCF, 0x58, 0xD6, 0xF1, 0x0F,
    0x5C, 0x10, 0x6A, 0x0A, 0x2A, 0xA7, 0xA0, 0x4D, 0x91, 0x38, 0xE2, 0x1F, 0x84, 0x02, 0x6A, 0x17,
    0x14, 0x44, 0x0D, 0x0D, 0x85, 0x99, 0x31, 0xB6, 0xF2, 0x0F, 0x04, 0x7F, 0x00, 0xF1, 0x31, 0x69,
    0x68, 0x8E, 0x89, 0x98, 0x5C, 0x26, 0xB2, 0x8F, 0x77, 0x17, 0x91, 0x01, 0x26, 0x30, 0xCC, 0xD0,
    0xE6, 0x6E, 0x57, 0xBA, 0x3B, 0x9D, 0x77, 0xF7, 0xBD, 0xDD, 0x35, 0xA6, 0x29, 0xDA, 0xA6, 0x42,
    0x70, 0x54, 0x23, 0x92, 0x03, 0x24, 0x9C, 0x5D, 0x44, 0xD4, 0x50, 0xEE, 0x36, 0x1A, 0x53, 0xBB,
    0x4E, 0x23, 0xF7, 0x3D, 0x4C, 0x27, 0x08, 0xCE, 0x6A, 0x78, 0x46, 0x01, 0x7D, 0x89, 0x85, 0x38,
    0x06, 0x3A, 0x3F, 0x0D, 0x40, 0x54, 0x80, 0xA7, 0x81, 0x80, 0x1A, 0x51, 0x63, 0xEA, 0x37, 0x8D,
    0xD6, 0x57, 0x8D, 0xF6, 0xA1, 0x46, 0x70, 0x57, 0x63, 0x43, 0x68, 0x0C, 0xEE, 0x9F, 0xCA, 0xA9,
    0x31, 0x39, 0x35, 0x05, 0xF7, 0x17, 0x8A, 0x1E, 0xD6, 0xB3, 0x61, 0x62, 0x54, 0x77, 0xB3, 0x47,
    0x73, 0x94, 0x1D, 0x60, 0x70, 0x80, 0x3D, 0x53, 0xDC, 0x79, 0xA4, 0xDC, 0x95, 0x1A, 0x18, 0xF3,
    0x29, 0x85, 0x9E, 0x6F, 0x29, 0xDA, 0xB8, 0x75, 0x00, 0xDC, 0xAE, 0x21, 0x4C, 0x8D, 0xF6, 0xE9,
    0x02, 0x82, 0x1C, 0x08, 0x69, 0xA8, 0x4B, 0x8D, 0xA3, 0x12, 0x5D, 0x9E, 0x27, 0xC5, 0x9E, 0x0D,
    0x9F, 0x80, 0x02, 0xA7, 0x16, 0x54, 0x28, 0x13, 0x82, 0x9F, 0xA1, 0x65, 0xB4, 0x03, 0x93, 0x65,
    0x2F, 0x8C, 0xA9, 0xB3, 0x8C, 0xE6, 0x19, 0xAF, 0x82, 0x57, 0xA2, 0x9D, 0x23, 0x48, 0x79, 0x95,
    0xBF, 0xC5, 0xAE, 0x73, 0x5C, 0x35, 0x5F, 0xFC, 0x1C, 0x8B, 0x12, 0x98, 0xEE, 0x93, 0x43, 0xA2,
    0x2A, 0xDE, 0x38, 0xE6, 0x1C, 0x7B, 0xE9, 0x2E, 0x82, 0x8F, 0x9A, 0x1C, 0x95, 0x8E, 0xA7, 0xE0,
    0xDD, 0xCC, 0xB1, 0xD7, 0x7C, 0x3D, 0xE7, 0x91, 0x6E, 0xFD, 0xC6, 0xAD, 0x1D, 0x82, 0x24, 0xF8,
    0xCC, 0x45, 0xF4, 0xB8, 0xE6, 0x9D, 0x2E, 0x7D, 0x85, 0x84, 0x1D, 0xDA, 0x37, 0x83, 0x4C, 0x64,
    0x74, 0x64, 0xA4, 0x6F, 0xDE, 0x03, 0x07, 0x16, 0x58, 0x64, 0x81, 0xC1, 0x86, 0xB3, 0xB4, 0x45,
    0xFB, 0x26, 0xC7, 0xF2, 0x0B, 0x47, 0x1C, 0x5E, 0x35, 0xB2, 0xF2, 0xBA, 0x37, 0x35, 0x55, 0x7F,
    0x3E, 0xBC, 0x38, 0xB1, 0x87, 0x9B, 0xEE, 0x30, 0x1B, 0x5E, 0x2C, 0x9C, 0x6F, 0x70, 0x4D, 0x01,
    0x81, 0xB5, 0xF3, 0x20, 0x0D, 0xE9, 0x3E, 0xA6, 0xF3, 0x31, 0x46, 0xCD, 0x1C, 0x73, 0x17, 0xBB,
    0xD0, 0x03, 0xD9, 0xCE, 0x09, 0x1F, 0x36, 0x27, 0x11, 0x77, 0x7E, 0xEE, 0x15, 0x5E, 0xD9, 0x52,
    0x82, 0x13, 0x9C, 0xF6, 0xDD, 0x52, 0x5E, 0xE9, 0x15, 0xB4, 0x24, 0x23, 0x9B, 0x39, 0x3B, 0x3E,
    0x98, 0xE2, 0xEC, 0x4B, 0x35, 0xC3, 0x58, 0xA3, 0x53, 0xA1, 0xA3, 0x2E, 0x13, 0x17, 0xC8, 0xFF,
    0x17, 0x24, 0xD6, 0x85, 0xF1, 0x4D, 0xF2, 0x32, 0x8E, 0x6E, 0x44, 0xB8, 0x6C, 0xAE, 0x08, 0xB3,
    0x1F, 0x9A, 0x2A, 0x7A, 0x52, 0x5F, 0xB7, 0x19, 0xED, 0xBA, 0xBC, 0x8E, 0x6D, 0x59, 0x79, 0xCA,
    0x56, 0x4E, 0x62, 0x69, 0xB5, 0xCB, 0x14, 0x89, 0x99, 0x51, 0x56, 0x36, 0xEF, 0xB5, 0xCC, 0x3E,
    0x22, 0x06, 0x96, 0xDC, 0xAD, 0xB1, 0x60, 0xEF, 0xBB, 0xD2, 0xE2, 0x5B, 0xD4, 0x4D, 0x96, 0x4B,
    0xAE, 0x67, 0x3C, 0x4B, 0x9A, 0xEC, 0x24, 0xB8, 0x81, 0x01, 0x06, 0xCF, 0x6A, 0x96, 0x6D, 0x85,
    0x6B, 0x99, 0xBC, 0xEA, 0x8B, 0xAB, 0xBE, 0xF8, 0xB5, 0x2F, 0x44, 0x26, 0x03, 0x53, 0x2E, 0xD9,
    0xB2, 0x18, 0x01, 0xDB, 0xA2, 0xAF, 0x43, 0xA3, 0x77, 0xB1, 0xAD, 0x31, 0xAA, 0xA0, 0xC7, 0x2D,
    0x9D, 0x98, 0x6D, 0xFF, 0xF3, 0x2A, 0xFA, 0x24, 0xB2, 0x0C, 0xA5, 0xEE, 0xA0, 0x43, 0x77, 0x93,
    0xEC, 0xCD, 0xD4, 0xCC, 0x46, 0x2E, 0xF9, 0x84, 0x1A, 0xC9, 0x05, 0x9F, 0x59, 0x7C, 0x39, 0xB4,
    0x84, 0x59, 0xA2, 0x42, 0x39, 0xE6, 0xB9, 0xF5, 0x10, 0xD0, 0x6C, 0x20, 0x7F, 0xA8, 0xDD, 0x77,
    0x18, 0x69, 0x44, 0xEA, 0xEC, 0x3D, 0x4C, 0x52, 0xDC, 0xC4, 0x22, 0xF7, 0xCC, 0x7A, 0x3A, 0x82,
    0xF7, 0x96, 0x25, 0x74, 0xC2, 0x02, 0x99, 0xCA, 0xF3, 0x2A, 0x66, 0x2F, 0x8A, 0xE3, 0x02, 0xDE,
    0x21, 0x89, 0xA4, 0xCD, 0x0D, 0xE2, 0x5C, 0xC3, 0x32, 0xAE, 0x1D, 0xB0, 0x2D, 0xF2, 0x55, 0x0B,
    0x76, 0xEC, 0x8A, 0x30, 0x66, 0x38, 0xC6, 0x46, 0xC4, 0xE8, 0x76, 0xBA, 0xA2, 0x0A, 0x4C, 0x21,
    0x26, 0x78, 0x00, 0xC2, 0xFE, 0x49, 0xFA, 0xF2, 0xC4, 0xA8, 0xB9, 0xD0, 0x35, 0x76, 0xAA, 0x3F,
    0xFC, 0x07, 0x0C, 0xB1, 0xF6, 0xFB, 0xAF, 0xD0, 0x53, 0x5E, 0xA1, 0x02, 0xA9, 0x62, 0xA8, 0x0A,
    0x27, 0x05, 0x58, 0x35, 0xB5, 0x86, 0xDD, 0x86, 0x92, 0x49, 0x21, 0xA7, 0x43, 0x3C, 0x7F, 0xA0,
    0x7E, 0x1B, 0xC3, 0x5E, 0x1F, 0xD6, 0xE1, 0x27, 0xBA, 0x6C, 0x19, 0x51, 0xD5, 0x2C, 0x08, 0x72,
    0x3A, 0xC2, 0x8E, 0x3A, 0x7F, 0xBC, 0xFA, 0xCB, 0x63, 0x88, 0x87, 0x58, 0xED, 0xF5, 0xE5, 0xF1,
    0x3F, 0xC4, 0xEB, 0xAE, 0x95, 0x3F, 0xAE, 0xC5, 0x0A, 0x1B, 0xE7, 0xC2, 0x75, 0x8D, 0xCE, 0x1C,
    0xFA, 0xCC, 0x28, 0x35, 0x91, 0xBF, 0x62, 0x6A, 0x28, 0x1C, 0x09, 0x59, 0x39, 0x0E, 0x13, 0x76,
    0xCA, 0x9C, 0x99, 0xCC, 0xE1, 0x15, 0x68, 0x95, 0x3D, 0xAF, 0x98, 0x9A, 0xF4, 0xF6, 0xA9, 0x2D,
    0x26, 0x4F, 0xA2, 0x2D, 0x11, 0x3E, 0x65, 0x25, 0x32, 0x09, 0x97, 0x88, 0x2F, 0x6D, 0xBF, 0x79,
    0x46, 0x62, 0x82, 0xEF, 0xAD, 0x58, 0xBF, 0x8F, 0xDC, 0xC6, 0x15, 0x1E, 0x92, 0xD6, 0x2D, 0x10,
    0x22, 0x61, 0x8A, 0x9C, 0x52, 0xA8, 0x60, 0xDA, 0x28, 0x50, 0xD8, 0xAA, 0xB0, 0x6E, 0x28, 0x0B,
    0x88, 0xCA, 0x5C, 0xE1, 0x95, 0x8B, 0x2B, 0x94, 0x32, 0x90, 0x10, 0x5F, 0xEB, 0xE2, 0x24, 0xD2,
    0x4E, 0x91, 0xC2, 0x45, 0x0E, 0x29, 0x82, 0x94, 0x29, 0x54, 0x28, 0xAB, 0xE2, 0x9A, 0x14, 0x29,
    0x4E, 0x4B, 0xC6, 0xFA, 0x03, 0xB2, 0x89, 0x21, 0xA8, 0x25, 0x60, 0x19, 0x02, 0xE4, 0x42, 0x84,
    0x4D, 0x59, 0xBC, 0x15, 0xC9, 0xC9, 0xFB, 0xBE, 0x19, 0xEE, 0xEE, 0x9D, 0x61, 0x44, 0x01, 0xB4,
    0x90, 0xBE, 0xC7, 0xE3, 0xBC, 0x99, 0x79, 0xF3, 0x7E, 0x0F, 0x95, 0xC2, 0x6F, 0x7F, 0x48, 0x95,
    0x6F, 0x4C, 0xA9, 0xC2, 0x7E, 0x2F, 0x57, 0x71, 0x25, 0xAF, 0x74, 0x0E, 0xC0, 0x60, 0x06, 0x98,
    0x5B, 0xB8, 0x38, 0xBB, 0x3F, 0x57, 0xDA, 0x74, 0x84, 0x42, 0xE9, 0x54, 0x46, 0x05, 0x74, 0x2A,
    0x90, 0x94, 0x02, 0x51, 0x23, 0x30, 0x31, 0xC6, 0xB4, 0xAA, 0x00, 0x9C, 0x2B, 0x66, 0xF7, 0x14,
    0x58, 0xBE, 0x07, 0x66, 0xF7, 0x15, 0x96, 0x72, 0x70, 0x2E, 0xDD, 0x55, 0x2A, 0x7A, 0xAF, 0x16,
    0x08, 0x44, 0x88, 0xF8, 0x83, 0x85, 0xF2, 0x8C, 0x69, 0x54, 0x6C, 0xCC, 0xA0, 0x8A, 0xE1, 0x66,
    0xE7, 0x99, 0xE3, 0xE8, 0x2F, 0x41, 0x77, 0x10, 0xA5, 0x61, 0x7D, 0x1C, 0xA9, 0x68, 0xD1, 0xC6,
    0xB2, 0x6F, 0x93, 0x88, 0xB8, 0xF5, 0x8E, 0xD2, 0x57, 0xEB, 0x2B, 0x4A, 0xBF, 0x57, 0xBD, 0xAB,
    0x74, 0x50, 0x1D, 0x08, 0x2C, 0x8E, 0x95, 0xBE, 0x5E, 0xB6, 0x80, 0x46, 0x25, 0x9F, 0xE6, 0xB5,
    0x8A, 0xFF, 0xF5, 0x71, 0xAD, 0xA2, 0x17, 0xB2, 0x45, 0x68, 0x64, 0x8B, 0xC0, 0x04, 0xD8, 0xE2,
    0x49, 0xF9, 0x5B, 0x95, 0x41, 0x5C, 0x0D, 0x38, 0x80, 0x3A, 0x64, 0x0B, 0xA5, 0xFE, 0x11, 0x89,
    0x8C, 0x4D, 0xAC, 0x36, 0x7F, 0xBE, 0x91, 0xD1, 0xC4, 0x98, 0x5A, 0x99, 0x65, 0x51, 0x05, 0x83,
    0xF2, 0xCB, 0xB0, 0x95, 0xF7, 0x11, 0xB4, 0x96, 0x94, 0xE3, 0xC9, 0xA8, 0xB5, 0xC2, 0x6A, 0xED,
    0x27, 0x3F, 0x38, 0x1C, 0xD4, 0x71, 0x51, 0xF5, 0x6A, 0x6E, 0x04, 0x8A, 0xA7, 0xA9, 0x40, 0xAE,
    0x7A, 0x8C, 0xCF, 0xA1, 0xDA, 0x42, 0x3D, 0xC4, 0x8C, 0x87, 0x98, 0x0B, 0x28, 0x05, 0xE2, 0x85,
    0x40, 0x54, 0x0B, 0x4C, 0xFA, 0x87, 0x2A, 0x95, 0x6D, 0x8F, 0x4A, 0x08, 0x29, 0x46, 0x32, 0x46,
    0x8C, 0xB3, 0x2D, 0xBB, 0x18, 0x28, 0x67, 0x0D, 0x3D, 0xB6, 0xEB, 0xDE, 0x10, 0xFA, 0xE9, 0x74,
    0x17, 0xD3, 0x2A, 0x0B, 0xC3, 0x6C, 0x76, 0x78, 0x86, 0x65, 0xBB, 0x9F, 0xA6, 0x76, 0x47, 0xC2,
    0xF7, 0x2F, 0xCF, 0x9F, 0x57, 0x88, 0x5E, 0x42, 0xE8, 0x25, 0x19, 0x8A, 0x4A, 0x0C, 0xE2, 0x1D,
    0xDA, 0xF3, 0x0F, 0xDC, 0xED, 0xBB, 0x30, 0x1D, 0xA6, 0xEF, 0xC3, 0x49, 0x3A, 0x0B, 0x67, 0x46,
    0xD7, 0x03, 0xE4, 0x5B, 0xEF, 0xE6, 0x03, 0x82, 0x06, 0x1A, 0x5F, 0x58, 0x3E, 0xD3, 0x99, 0x15,
    0x80, 0x6B, 0x52, 0x5A, 0x89, 0xA2, 0xDC, 0xD2, 0x38, 0xB5, 0x94, 0xDE, 0xAC, 0xA6, 0xEA, 0xCE,
    0x54, 0x56, 0x8A, 0x4D, 0x05, 0x95, 0x75, 0x85, 0x69, 0xE1, 0x5C, 0xC3, 0xC9, 0x9E, 0x19, 0x6E,
    0x18, 0x65, 0x16, 0x4A, 0x4E, 0x90, 0xE5, 0x46, 0x4E, 0x5E, 0x8A, 0x39, 0x0D, 0x23, 0x21, 0x26,
    0x4D, 0x85, 0x0E, 0xA4, 0x11, 0xA8, 0x58, 0x38, 0x2A, 0x45, 0x54, 0x63, 0xA9, 0xE7, 0x68, 0xE0,
    0xE8, 0xC4, 0xD1, 0xC8, 0xD1, 0xD8, 0xF1, 0x27, 0xDA, 0xD2, 0x2B, 0x8E, 0x1E, 0x3B, 0xDA, 0x58,
    0xEA, 0xD7, 0xA4, 0x0A, 0xFE, 0x8F, 0x5F, 0x78, 0xF6, 0x30, 0xEA, 0xB4, 0x37, 0xF6, 0xCA, 0xAF,
    0x95, 0x3F, 0xA8, 0x40, 0xD0, 0x58, 0x4C, 0x89, 0x25, 0xF0, 0x35, 0xF1, 0x55, 0x05, 0xFC, 0xA6,
    0x06, 0x7E, 0xDD, 0x08, 0xDE, 0x5E, 0x0E, 0x0F, 0x96, 0x39, 0x54, 0x67, 0x4A, 0x8B, 0xB2, 0x2D,
    0x46, 0x1D, 0xC6, 0xBF, 0xAF, 0xD5, 0xE6, 0xE8, 0x4F, 0x4F, 0xF6, 0x5E, 0xBD, 0x4C, 0xFD, 0x3A,
    0xF8, 0x06, 0xA3, 0xFE, 0xB7, 0x40, 0x35, 0x10, 0x0D, 0x31, 0x23, 0x6A, 0x62, 0x42, 0x8C, 0x89,
    0x91, 0xBC, 0x1C, 0x0E, 0xA9, 0x7C, 0x63, 0x1C, 0x59, 0xD0, 0x14, 0x32, 0x03, 0x64, 0xD2, 0x92,
    0xD0, 0xA8, 0x5A, 0x79, 0x96, 0xA8, 0xDE, 0x4B, 0x49, 0x82, 0x12, 0xA4, 0x9B, 0x94, 0x1C, 0x0B,
    0x41, 0x82, 0x36, 0xF9, 0x32, 0xD5, 0x2A, 0xFA, 0x56, 0x16, 0xD2, 0x37, 0x8A, 0x2F, 0x40, 0x24,
    0x1E, 0x44, 0x63, 0xDA, 0x9C, 0x40, 0x71, 0xFA, 0x6F, 0x29, 0x89, 0x52, 0xFF, 0x0F, 0x59, 0x90,
    0x84, 0x2F, 0x77, 0x41, 0x02, 0x03, 0x23, 0x88, 0x45, 0xAD, 0x0D, 0xB6, 0x55, 0xB1, 0xA4, 0x0B,
    0x21, 0x39, 0x90, 0xF0, 0x28, 0xBD, 0x57, 0xE4, 0x74, 0x56, 0x06, 0x7D, 0x6F, 0xDD, 0xB1, 0x47,
    0x1E, 0x98, 0x0A, 0x09, 0xAB, 0x08, 0xB1, 0x1E, 0x56, 0xDA, 0x34, 0x78, 0x69, 0x7E, 0x55, 0x83,
    0x85, 0x7E, 0x9E, 0xFC, 0x93, 0xA4, 0xB8, 0xDA, 0x61, 0xB1, 0x01, 0x11, 0x82, 0xA5, 0x25, 0xAA,
    0x11, 0x3E, 0x5A, 0x02, 0x59, 0xFC, 0x5B, 0xFC, 0xA6, 0x17, 0xB5, 0x88, 0x21, 0x7B, 0xF8, 0x7D,
    0x22, 0xD3, 0x85, 0x2F, 0x94, 0xC5, 0xC4, 0x91, 0xFC, 0xB6, 0x87, 0x5F, 0x7A, 0x2D, 0x77, 0xC7,
    0x5F, 0xD1, 0xBF, 0xD3, 0x40, 0xC6, 0xC2, 0xAF, 0x4F, 0x6E, 0x0A, 0x67, 0x00, 0xF5, 0x08, 0x69,
    0x0B, 0x43, 0xC9, 0xBD, 0x5D, 0xB5, 0x83, 0xA0, 0x89, 0x53, 0xAA, 0x5C, 0xF2, 0xA5, 0x0A, 0x3B,
    0x01, 0x47, 0x92, 0x34, 0xEA, 0x84, 0x21, 0xCE, 0xA3, 0x3B, 0xEA, 0xAE, 0xB8, 0x5A, 0xBC, 0xA3,
    0xEE, 0x88, 0x6A, 0x84, 0x1C, 0x0B, 0x49, 0x12, 0x11, 0x20, 0x2C, 0x77, 0x62, 0x90, 0xC5, 0x4E,
    0x9C, 0x76, 0x6A, 0xB2, 0xB8, 0x12, 0xA5, 0xAD, 0xF5, 0x11, 0x63, 0x1D, 0xC9, 0x94, 0xE2, 0x55,
    0x47, 0x5F, 0x2D, 0xC5, 0x4D, 0xDA, 0xC9, 0x23, 0x58, 0xBF, 0x0D, 0x3E, 0xAF, 0x94, 0xD7, 0x34,
    0x20, 0xEA, 0x65, 0x1D, 0x7C, 0x21, 0x0A, 0x3A, 0xA9, 0xFD, 0x67, 0x42, 0x96, 0xB5, 0xFF, 0x4A,
    0xB4, 0x36, 0xAF, 0xBC, 0xD7, 0x42, 0x32, 0xC9, 0x41, 0x20, 0x0B, 0xA8, 0x40, 0xB2, 0x9F, 0x82,
    0xD0, 0x42, 0x8A, 0x94, 0x19, 0x35, 0x43, 0x94, 0x9F, 0x28, 0xB5, 0xC3, 0x44, 0xA5, 0x19, 0xE6,
    0xBA, 0x83, 0xD3, 0x0B, 0xA2, 0x00, 0xA1, 0x7C, 0xA4, 0xC0, 0x38, 0xD7, 0x5D, 0x50, 0x47, 0xE5,
    0xDB, 0x44, 0xA5, 0xEE, 0x12, 0xE7, 0x40, 0xAF, 0x03, 0x4E, 0xDA, 0x2E, 0x58, 0xCE, 0x8A, 0xBA,
    0x0B, 0x70, 0x6C, 0xE0, 0x09, 0x63, 0x91, 0x8E, 0x3E, 0xA9, 0xD7, 0x18, 0x0A, 0xA2, 0x18, 0xE6,
    0x0E, 0xBD, 0xE9, 0xDE, 0xCB, 0x71, 0xD4, 0xDB, 0x05, 0x66, 0xE6, 0x7A, 0x2D, 0xFE, 0x66, 0x9E,
    0x49, 0xAC, 0x0C, 0x7B, 0xAF, 0x25, 0x7A, 0x2A, 0x84, 0x86, 0x1C, 0x5E, 0xC2, 0x28, 0x4B, 0x11,
    0x40, 0x05, 0xCA, 0x00, 0x6D, 0x4F, 0x9C, 0x7C, 0x0F, 0x86, 0xE4, 0x14, 0xCC, 0xC8, 0x8F, 0xAC,
    0x35, 0xAE, 0x66, 0x57, 0x96, 0x5D, 0x3E, 0xE7, 0x8E, 0xD7, 0xB8, 0xFB, 0xE9, 0x3C, 0xA2, 0xB6,
    0x66, 0x33, 0xA9, 0xC5, 0x21, 0x95, 0x1B, 0x8E, 0x99, 0x94, 0xBF, 0x89, 0x41, 0xB2, 0xCD, 0x20,
    0xBF, 0xCF, 0x53, 0x84, 0x3D, 0xB2, 0x10, 0xBB, 0x04, 0x08, 0x8A, 0xC1, 0x74, 0x55, 0xED, 0x6C,
    0xBA, 0xB7, 0x79, 0x1C, 0xA6, 0x4A, 0x1D, 0x9E, 0x97, 0x7A, 0xA3, 0x6C, 0x80, 0x3B, 0xFC, 0xC5,
    0x60, 0x8B, 0xBF, 0xAD, 0xFE, 0xDC, 0x90, 0xB3, 0x6C, 0xAF, 0x61, 0x0B, 0xA8, 0x6D, 0x43, 0xDC,
    0x5E, 0x51, 0xAB, 0x7C, 0x04, 0xE7, 0xF3, 0x62, 0x15, 0x84, 0xB1, 0xD5, 0xFC, 0xD4, 0xD6, 0x86,
    0x24, 0x07, 0x16, 0x78, 0xC6, 0x16, 0xE2, 0xA6, 0x0D, 0x10, 0x95, 0xB9, 0xE3, 0x4A, 0x1D, 0x65,
    0xEC, 0xB8, 0x7F, 0xC7, 0x1A, 0xD2, 0xB1, 0x6C, 0x77, 0xDC, 0xA6, 0x2B, 0xEC, 0x39, 0x45, 0x14,
    0x8B, 0xE7, 0x8D, 0x79, 0x2C, 0xA5, 0xC7, 0xD8, 0xC8, 0x86, 0x31, 0x65, 0x56, 0xCB, 0xBD, 0x7A,
    0x62, 0x46, 0x84, 0x0E, 0xC6, 0x5D, 0xEC, 0x8E, 0x3E, 0x77, 0x87, 0x2A, 0x3A, 0x2A, 0x07, 0xB2,
    0x95, 0x9A, 0xB1, 0x92, 0x31, 0x54, 0x2C, 0x8E, 0xC7, 0x63, 0xC3, 0xB0, 0x42, 0xF6, 0x45, 0xD7,
    0xD8, 0x83, 0xDD, 0x24, 0x32, 0x84, 0x35, 0x75, 0x96, 0x55, 0xEC, 0x40, 0x52, 0x1E, 0x3D, 0x95,
    0x05, 0x8A, 0x42, 0xFC, 0xC7, 0xEB, 0xF5, 0x91, 0x88, 0x28, 0xA9, 0x86, 0x2B, 0x30, 0x49, 0x15,
    0x25, 0x4D, 0x07, 0xCE, 0x84, 0x68, 0xB8, 0x7E, 0x4B, 0xDC, 0x3D, 0xBD, 0xE3, 0x1A, 0x47, 0x67,
    0x30, 0xE6, 0x50, 0x39, 0x0B, 0x5A, 0x7B, 0x26, 0xC3, 0x91, 0xA1, 0xA9, 0x7F, 0xA8, 0x6C, 0xEA,
    0xA6, 0x7B, 0x5B, 0x27, 0xD9, 0x3A, 0xF4, 0x2C, 0x93, 0xE8, 0xC9, 0xFA, 0x00, 0xB2, 0x2A, 0xD7,
    0x8B, 0x4B, 0x77, 0x44, 0x31, 0x0D, 0xD3, 0xA4, 0xAD, 0xA2, 0xAE, 0x1A, 0xAF, 0x1E, 0xEC, 0x50,
    0x36, 0x3E, 0xCC, 0xC1, 0xEF, 0xBD, 0x4F, 0x7F, 0xD0, 0x79, 0x6C, 0x72, 0xAB, 0xC6, 0xC2, 0xD4,
    0xB0, 0x5C, 0xE1, 0x0D, 0xD7, 0x5B, 0x3C, 0x0C, 0x41, 0xE3, 0x77, 0xBE, 0x38, 0x45, 0x37, 0x91,
    0x01, 0x31, 0xE7, 0xA4, 0x15, 0x09, 0x10, 0xA0, 0xB1, 0xC4, 0xAE, 0x27, 0x6F, 0x45, 0x0B, 0x51,
    0x19, 0xB4, 0x61, 0x75, 0xC1, 0xC8, 0x66, 0x61, 0x1D, 0x21, 0xCD, 0x26, 0x2F, 0xF7, 0x25, 0x37,
    0xCB, 0xA2, 0xAC, 0x1B, 0xE6, 0xA9, 0xEC, 0x91, 0x59, 0xC7, 0x53, 0xD9, 0x39, 0xA7, 0x85, 0xBB,
    0xA3, 0x26, 0xE6, 0xE3, 0x43, 0x3F, 0x3E, 0x8C, 0x81, 0xE1, 0x8D, 0x0F, 0x7E, 0xEB, 0x1E, 0xE8,
    0x50, 0x7C, 0xA8, 0xD7, 0xAA, 0xF4, 0x90, 0xD2, 0x42, 0x49, 0xEB, 0x2A, 0x7E, 0x26, 0x8C, 0x49,
    0x0A, 0x6F, 0x57, 0x84, 0x7E, 0xF5, 0xC4, 0x04, 0x06, 0x27, 0xF9, 0x58, 0x58, 0xE2, 0xCF, 0x64,
    0x9D, 0xE8, 0x11, 0x9A, 0xE0, 0x27, 0x0B, 0xD8, 0xB0, 0x84, 0xD3, 0xE7, 0xB0, 0xBB, 0x13, 0xE4,
    0xC7, 0x80, 0xCB, 0x68, 0x34, 0x0E, 0x60, 0xE1, 0x21, 0x7A, 0x91, 0xFB, 0x66, 0xFF, 0xD7, 0xA5,
    0x44, 0x78, 0xB8, 0x08, 0x9F, 0xC8, 0xC1, 0xA3, 0x47, 0x6D, 0x50, 0x27, 0x57, 0x6B, 0xBF, 0xCD,
    0xD4, 0x5F, 0xBD, 0x33, 0xED, 0xDA, 0xC3, 0x15, 0x74, 0xEE, 0x1C, 0xC1, 0x83, 0x16, 0x7B, 0x54,
    0x80, 0xD4, 0x33, 0xCB, 0x1C, 0x72, 0x9B, 0x9E, 0x28, 0x1B, 0x08, 0x4B, 0xB1, 0x00, 0x4A, 0x5E,
    0xB9, 0xD1, 0x4F, 0xF7, 0x4E, 0x52, 0xDB, 0x16, 0xDC, 0x1A, 0x66, 0x0F, 0x86, 0x5C, 0xDE, 0x8B,
    0x0A, 0x36, 0x71, 0xB3, 0x75, 0xB0, 0xB3, 0x3C, 0x46, 0x89, 0x37, 0x3C, 0xC0, 0x6A, 0xE3, 0xCA,
    0x72, 0x38, 0xAF, 0x4F, 0xD5, 0xE9, 0xAC, 0xF0, 0x26, 0x08, 0x0F, 0x26, 0x52, 0xE1, 0xFB, 0xC8,
    0x01, 0xC8, 0xAF, 0x35, 0xDA, 0x72, 0xF4, 0xB3, 0x4F, 0x9B, 0x89, 0xE8, 0x02, 0xA3, 0xD2, 0x99,
    0x37, 0x4C, 0x87, 0x0D, 0x7D, 0xAB, 0x61, 0xC4, 0x35, 0x8C, 0xC9, 0x86, 0x0E, 0xD7, 0x30, 0x5F,
    0x6C, 0xA2, 0xB8, 0xC8, 0x19, 0x6C, 0x82, 0x16, 0xFC, 0x41, 0x8B, 0xB9, 0x82, 0x25, 0x30, 0x5E,
    0x00, 0xA3, 0x06, 0x38, 0xE9, 0x81, 0xBE, 0xC9, 0x05, 0xE5, 0x9A, 0xB2, 0x2C, 0x5A, 0xDC, 0x58,
    0xC4, 0xD5, 0xBC, 0x82, 0x81, 0xE4, 0x9D, 0xAC, 0xA5, 0xB5, 0xE8, 0x3C, 0xDF, 0xA6, 0x50, 0x7A,
    0x4B, 0xC1, 0xF7, 0x43, 0xCB, 0x43, 0xB2, 0xCF, 0x6D, 0x7B, 0xFA, 0xD4, 0x9C, 0xF5, 0x02, 0x99,
    0x46, 0x7A, 0x09, 0xF6, 0xE3, 0xD2, 0xB7, 0x52, 0xB7, 0xCD, 0xAD, 0xE2, 0xF9, 0xD1, 0xF2, 0x9E,
    0xB8, 0x0E, 0x52, 0x53, 0x01, 0xFF, 0xDB, 0x1E, 0xA6, 0x1F, 0x9C, 0xEC, 0x16, 0x1B, 0x3C, 0xC8,
    0x57, 0x86, 0x05, 0x27, 0x63, 0x39, 0xD2, 0x29, 0xB2, 0x59, 0x52, 0x42, 0x82, 0xB8, 0x44, 0xBC,
    0x45, 0x58, 0x56, 0xC6, 0x32, 0x6E, 0x84, 0x48, 0x0E, 0x46, 0x8F, 0xBE, 0x80, 0x86, 0xC7, 0x26,
    0x7D, 0x9F, 0xAA, 0xF5, 0x1A, 0x54, 0x15, 0x30, 0x92, 0xC5, 0x32, 0xFA, 0x1B, 0xCF, 0x22, 0x03,
    0xF7, 0xB5, 0x98, 0x4E, 0xA7, 0x7B, 0xE6, 0x31, 0x6C, 0xD4, 0x33, 0x1B, 0x21, 0x8F, 0x66, 0xE0,
    0xBB, 0x6D, 0x9E, 0xCF, 0x66, 0x8E, 0x67, 0x7F, 0x29, 0xA5, 0xC7, 0x76, 0x4F, 0x48, 0x1C, 0x6B,
    0xB4, 0x6F, 0xEA, 0x31, 0xD3, 0x7C, 0x84, 0xD4, 0x7F, 0xD4, 0x32, 0xF5, 0x23, 0x4C, 0x6C, 0x8E,
    0xDA, 0x1E, 0xFB, 0x1B, 0x08, 0x52, 0x5B, 0x7F, 0x78, 0xAA, 0x58, 0xC2, 0x6C, 0xE9, 0x11, 0xFE,
    0xFF, 0xD4, 0x1F, 0xAA, 0x60, 0xC0, 0x68, 0xD8, 0x02, 0xA3, 0x1A, 0x98, 0x94, 0x40, 0x9D, 0x03,
    0xB3, 0x94, 0xC8, 0x15, 0x8A, 0x37, 0x40, 0xCB, 0x6F, 0xE7, 0x6A, 0xAE, 0x93, 0x2C, 0xD6, 0x2B,
    0x4F, 0x3A, 0xA0, 0x6F, 0x3E, 0xA9, 0xCF, 0xA1, 0x75, 0x59, 0xF6, 0x94, 0xB6, 0xA7, 0x2A, 0x71,
    0x7A, 0xBF, 0x59, 0x4B, 0x4B, 0xBC, 0xAC, 0x7E, 0x24, 0x78, 0xC0, 0xE6, 0xFE, 0x58, 0xBA, 0x33,
    0x56, 0x95, 0xB1, 0xC2, 0x5C, 0x80, 0x96, 0x2A, 0x56, 0x8F, 0xEA, 0x7C, 0x7F, 0xAB, 0x98, 0xEE,
    0x7A, 0x7C, 0xFF, 0x16, 0x51, 0x33, 0xC6, 0xF5, 0x97, 0xBF, 0x11, 0x8C, 0x99, 0x65, 0x27, 0xA6,
    0xB6, 0xAD, 0xEF, 0xFA, 0x17, 0x43, 0xAF, 0xCC, 0x08, 0x39, 0x6C, 0xF9, 0x02, 0x44, 0xFC, 0xFF,
    0xC2, 0x78, 0xED, 0x5D, 0xD5, 0x90, 0x33, 0xC4, 0x5E, 0x5C, 0x92, 0x85, 0x72, 0x35, 0x9C, 0xF6,
    0x34, 0xB9, 0x4D, 0x8E, 0x36, 0x32, 0x12, 0x7A, 0x86, 0xA8, 0xA7, 0x75, 0x6E, 0x67, 0x77, 0x34,
    0x6E, 0x6A, 0xB9, 0x95, 0xDE, 0xDF, 0x3A, 0x8C, 0x16, 0xFA, 0x99, 0x49, 0xDA, 0x70, 0x71, 0xB9,
    0x8F, 0x9A, 0x03, 0x21, 0xED, 0x64, 0x71, 0x29, 0x5A, 0xBC, 0xDB, 0x04, 0xE5, 0x25, 0xE9, 0x55,
    0x41, 0x74, 0x3E, 0x19, 0xAE, 0x95, 0x09, 0xFB, 0x69, 0xAA, 0x7A, 0x69, 0xA5, 0x6D, 0x26, 0x8F,
    0x7F, 0x87, 0xD0, 0x13, 0x16, 0x21, 0x7F, 0x27, 0x41, 0x20, 0x0D, 0x8C, 0x26, 0xC2, 0x99, 0x76,
    0x68, 0x3D, 0xE0, 0x46, 0xB3, 0x55, 0x4F, 0xF2, 0x76, 0x81, 0xDD, 0x11, 0xE1, 0xA2, 0x59, 0xCE,
    0xF0, 0x01, 0x65, 0xBC, 0xE3, 0x22, 0xC9, 0x6F, 0xCB, 0xE5, 0x77, 0x83, 0x65, 0xE3, 0x32, 0x1D,
    0x80, 0x65, 0x1F, 0x09, 0x0D, 0xBA, 0xD3, 0xFD, 0x68, 0x05, 0xF6, 0x33, 0xEC, 0x3E, 0x6D, 0x40,
    0xF6, 0xAB, 0xCE, 0x8C, 0x86, 0xD8, 0xE0, 0x69, 0xC6, 0x55, 0xB8, 0xA8, 0xDE, 0xB8, 0x22, 0x8F,
    0x78, 0x0E, 0xE8, 0x21, 0x01, 0xE9, 0x7D, 0xF2, 0x20, 0xE2, 0xB6, 0xD8, 0x0E, 0xDA, 0x56, 0x23,
    0x2B, 0xD4, 0x87, 0x4A, 0xFD, 0x4C, 0x5F, 0xB0, 0xA3, 0x18, 0x28, 0x28, 0x09, 0x2D, 0x97, 0xF1,
    0xD2, 0xFC, 0x91, 0xA6, 0x2B, 0x68, 0xE5, 0xFE, 0x65, 0xC4, 0xC2, 0xDE, 0xF3, 0xC6, 0x4B, 0x9F,
    0xA6, 0xB4, 0x9A, 0xD1, 0xAE, 0xD9, 0xBB, 0xE8, 0x23, 0x5E, 0x02, 0xE8, 0x11, 0xDA, 0x39, 0xC2,
    0xE6, 0xBD, 0x77, 0x18, 0x9D, 0xD2, 0xB9, 0x5E, 0x68, 0xEF, 0x6A, 0x07, 0x36, 0xAA, 0xD4, 0x81,
    0xD7, 0x9C, 0xA2, 0x5A, 0xB5, 0xCE, 0xD3, 0xE4, 0xB7, 0x14, 0x15, 0xF0, 0xCA, 0x52, 0x31, 0x43,
    0xDB, 0xDE, 0x53, 0xC6, 0x79, 0x54, 0xF0, 0x25, 0x8E, 0xE2, 0x1B, 0x50, 0xFB, 0x8E, 0xA3, 0xBF,
    0xF4, 0xCB, 0x50, 0xE4, 0x68, 0xCD, 0x1F, 0xEB, 0xC8, 0x7E, 0x7B, 0xE9, 0xF0, 0x79, 0xC8, 0x7C,
    0xD6, 0x53, 0x19, 0x52, 0x6F, 0x90, 0xA5, 0x68, 0x3A, 0xC9, 0x46, 0xA1, 0x6B, 0x18, 0xB4, 0xED,
    0x88, 0xD4, 0xA5, 0xC4, 0x9D, 0x21, 0xAA, 0xC6, 0xB6, 0x7A, 0x76, 0x6C, 0x63, 0xC0, 0xF5, 0xDA,
    0x89, 0xF3, 0x7E, 0x17, 0x74, 0x5E, 0xBB, 0xD9, 0x5D, 0xBC, 0x39, 0xB9, 0xCD, 0xFB, 0x76, 0x6C,
    0xDD, 0xC5, 0xB0, 0x2C, 0x06, 0xE6, 0x4F, 0xED, 0xBE, 0xD4, 0xE1, 0xD6, 0x97, 0x22, 0xA5, 0xE2,
    0x85, 0x70, 0x66, 0xA9, 0xA4, 0xAD, 0x56, 0x72, 0x97, 0x4E, 0x85, 0xC4, 0x65, 0x86, 0xE9, 0xD1,
    0xA2, 0x00, 0x09, 0xAB, 0x39, 0x49, 0x4D, 0x82, 0x92, 0xE0, 0xB5, 0xAE, 0x32, 0xBC, 0x19, 0x91,
    0x23, 0xDD, 0x1B, 0x33, 0x85, 0xC7, 0x2F, 0x53, 0xC8, 0x2B, 0x6C, 0xCA, 0xC5, 0x6E, 0xEC, 0xE1,
    0x88, 0x99, 0xB5, 0x7D, 0xBA, 0xC6, 0x6C, 0x3D, 0xEA, 0x91, 0x53, 0x54, 0x7A, 0xDB, 0x7C, 0x65,
    0x6C, 0x55, 0x29, 0xED, 0x37, 0x45, 0xE9, 0x1A, 0xCE, 0x76, 0x04, 0xD2, 0x89, 0xE4, 0xFC, 0x16,
    0x54, 0x8E, 0xF8, 0xBF, 0x3A, 0x08, 0x7E, 0xDF, 0x03, 0xA1, 0x59, 0xEE, 0xDC, 0xCC, 0xAD, 0x29,
    0x2A, 0x35, 0xE6, 0x6A, 0xF1, 0xE4, 0x9B, 0xA8, 0x7B, 0xC3, 0x41, 0x74, 0x54, 0x49, 0xBD, 0x3B,
    0x88, 0xFE, 0x20, 0x97, 0xF2, 0xEA, 0x20, 0xFA, 0xA4, 0x93, 0x28, 0x92, 0x79, 0x72, 0xFD, 0xCC,
    0x85, 0xE0, 0x2B, 0xA8, 0x90, 0x4C, 0x64, 0x17, 0xA2, 0x53, 0x4B, 0xE4, 0xF5, 0x8A, 0xA4, 0x20,
    0x1B, 0x77, 0x1A, 0x17, 0x5F, 0x63, 0x82, 0x74, 0xC9, 0xD3, 0x96, 0x3B, 0xD6, 0xE8, 0x8D, 0x12,
    0xEC, 0xF2, 0x92, 0xED, 0x14, 0xB6, 0x8E, 0xE8, 0xAB, 0x91, 0xD9, 0x24, 0xEA, 0xDE, 0xCF, 0x91,
    0xDA, 0x76, 0x36, 0x21, 0x33, 0x73, 0xA6, 0xB0, 0x0A, 0x80, 0x24, 0x2F, 0x01, 0x9A, 0x61, 0xB1,
    0x0C, 0x32, 0x20, 0x02, 0xD3, 0x11, 0xF8, 0x67, 0x01, 0xC5, 0xF7, 0x2A, 0x9B, 0x4A, 0x42, 0xE1,
    0x45, 0xCF, 0xCE, 0x9D, 0xEE, 0xF7, 0xAB, 0x69, 0x3A, 0x67, 0x7B, 0xFE, 0x5D, 0xD0, 0x80, 0x42,
    0x46, 0xC5, 0xB5, 0x32, 0x68, 0x2E, 0x83, 0xC1, 0x33, 0xBA, 0xDF, 0x69, 0xA9, 0xAC, 0xA4, 0x6A,
    0x2A, 0x37, 0x00, 0x11, 0x4A, 0x04, 0x0B, 0xCC, 0x9F, 0x8F, 0xF1, 0xED, 0x14, 0x21, 0x91, 0xB8,
    0xDB, 0x10, 0x94, 0xC2, 0xFF, 0x4E, 0x4F, 0xAB, 0xBF, 0x73, 0xCB, 0x03, 0x5E, 0x99, 0xF3, 0x0E,
    0xE6, 0x62, 0x0D, 0x59, 0xAB, 0xB5, 0x17, 0x40, 0x35, 0xDE, 0x58, 0x7A, 0xFC, 0xBF, 0x28, 0xD7,
    0xD9, 0xFF, 0x02, 0xD3, 0x5A, 0xB5, 0x6A, 0xD5, 0x12, 0xFB, 0xFF, 0xFF, 0xFF, 0xFF, 0x00, 0x13,
    0x0C, 0x20, 0x00, 0x00, 0xD5, 0x53, 0x31, 0x4E, 0xC3, 0x40, 0x10, 0x9C, 0x24, 0x8A, 0x22, 0xE4,
    0x22, 0x14, 0x04, 0x09, 0x52, 0x98, 0x22, 0x15, 0x4D, 0x9E, 0x70, 0x57, 0x51, 0xA7, 0x89, 0x28,
    0x69, 0x11, 0x0D, 0x4F, 0x70, 0x9E, 0x90, 0x26, 0x3F, 0xA0, 0xE1, 0x13, 0x49, 0x9E, 0x90, 0x27,
    0xB8, 0x49, 0xEF, 0x22, 0x45, 0x0A, 0x9F, 0x97, 0xD9, 0xBB, 0x4B, 0x0C, 0x06, 0xD1, 0x20, 0x22,
    0xB0, 0xEC, 0x9D, 0xF3, 0x6A, 0xEF, 0x76, 0x67, 0x67, 0x0F, 0x78, 0x9A, 0xE3, 0xFA, 0x05, 0x89,
    0xEC, 0xDA, 0xE2, 0x30, 0x96, 0x22, 0x91, 0x12, 0x66, 0x3D, 0xE9, 0xE7, 0x17, 0x58, 0x01, 0xE3,
    0x35, 0xB0, 0x04, 0xCC, 0x0C, 0x70, 0x04, 0xDB, 0x80, 0xA1, 0xC8, 0x9D, 0xC8, 0x26, 0x13, 0x79,
    0x26, 0x0C, 0xAA, 0x69, 0x37, 0x5B, 0xD8, 0x2F, 0x23, 0x4F, 0x00, 0x4A, 0x45, 0x89, 0x8C, 0x94,
    0x86, 0x53, 0x12, 0x95, 0x52, 0x70, 0x4A, 0x60, 0xA4, 0x41, 0xA8, 0x0D, 0x0B, 0xB7, 0x2E, 0x53,
    0xC3, 0xA2, 0xE9, 0x71, 0xF8, 0x05, 0xC3, 0x82, 0x1E, 0xB5, 0x20, 0x77, 0x2C, 0xC8, 0x1D, 0x0B,
    0x6A, 0x06, 0x9F, 0xAA, 0x20, 0x15, 0x1B, 0x51, 0xEE, 0x2B, 0x44, 0xC1, 0xD9, 0xBD, 0x20, 0x79,
    0x36, 0x8B, 0xA2, 0xD3, 0x13, 0x64, 0x3F, 0xAB, 0xDB, 0xFB, 0x79, 0x11, 0xE5, 0x37, 0x36, 0x0E,
    0x80, 0xB1, 0x71, 0x04, 0xCC, 0x61, 0x08, 0xFE, 0xE0, 0x22, 0x34, 0xE1, 0xF6, 0xD0, 0x04, 0x7A,
    0x1A, 0x4D, 0xE0, 0xA2, 0xD1, 0x84, 0x6F, 0x0F, 0xFC, 0x97, 0x4D, 0xF0, 0x53, 0xD0, 0x11, 0xE1,
    0xBD, 0xEE, 0x8B, 0x14, 0x74, 0x6F, 0x86, 0x25, 0x90, 0xD9, 0x16, 0x43, 0xFC, 0x8C, 0xA2, 0x42,
    0x1C, 0x1A, 0x57, 0xFF, 0x26, 0xE4, 0xA7, 0xD3, 0xAC, 0x96, 0x2C, 0xAD, 0xFB, 0x18, 0xF3, 0x93,
    0x37, 0xA4, 0x0B, 0xA9, 0xCD, 0x76, 0xEE, 0x74, 0x36, 0x99, 0x05, 0x3D, 0xD9, 0xE8, 0xC8, 0x0D,
    0xD4, 0xB4, 0x5F, 0xE1, 0x1F, 0x13, 0x7C, 0x10, 0xD9, 0x7B, 0xB7, 0xEB, 0xF9, 0x8B, 0xDD, 0x29,
    0xF4, 0x14, 0x8F, 0x4B, 0xC5, 0x5E, 0x1E, 0x30, 0xFE, 0x77, 0xEF, 0x3D, 0xB6, 0xB8, 0x8B, 0x3C,
    0x72, 0x7E, 0xFB, 0x94, 0x38, 0xDE, 0x5E, 0x16, 0x5D, 0x99, 0xAA, 0x5C, 0xE7, 0x5E, 0x6F, 0xDD,
    0xF2, 0x1E, 0xD7, 0x01, 0xD3, 0x7D, 0x40, 0x5F, 0x90, 0x9E, 0xB7, 0xAA, 0x02, 0x26, 0x74, 0xF8,
    0x3C, 0xD9, 0x2E, 0xE6, 0x2D, 0x03, 0xB6, 0x22, 0x86, 0x1B, 0xCF, 0xA7, 0x54, 0x7E, 0x37, 0x68,
    0x97, 0x6C, 0x34, 0xCC, 0xE2, 0x61, 0x47, 0xA6, 0x13, 0xC3, 0x1A, 0x90, 0x4A, 0x3E, 0x94, 0x4A,
    0x0F, 0xCF, 0x31, 0xB0, 0x9E, 0xEF, 0x1B, 0x4D, 0x8F, 0xBD, 0x0D, 0xC2, 0x30, 0x14, 0x84, 0x2F,
    0x76, 0x91, 0x82, 0x82, 0x11, 0xCC, 0x06, 0x1E, 0x01, 0x31, 0x07, 0x8B, 0xD0, 0x25, 0xE3, 0x20,
    0xB1, 0x02, 0x22, 0xD9, 0x84, 0xF4, 0x34, 0x94, 0x2E, 0x12, 0x1F, 0xF7, 0x6C, 0x47, 0xC2, 0xF2,
    0xCF, 0xE7, 0xA7, 0xEF, 0x9D, 0x6C, 0xE0, 0x6F, 0xDC, 0xDA, 0xD9, 0xE5, 0x06, 0x3D, 0xC7, 0x0A,
    0x81, 0x4B, 0x85, 0x81, 0xA9, 0x2A, 0x64, 0x6E, 0xCA, 0xA7, 0x4A, 0x61, 0x41, 0x2C, 0xD2, 0x00,
    0xF8, 0x54, 0x94, 0x96, 0xD4, 0xF3, 0x72, 0x87, 0x49, 0x81, 0xEF, 0x0C, 0x4B, 0x1A, 0x48, 0x42,
    0x49, 0x4A, 0x51, 0x8C, 0x66, 0x2F, 0x58, 0x75, 0x1B, 0x83, 0x60, 0xF1, 0x5A, 0x67, 0xC1, 0x78,
    0x24, 0x53, 0x34, 0x57, 0x0D, 0xDF, 0x03, 0xB9, 0x59, 0xC3, 0xEC, 0xE4, 0x7A, 0xAB, 0x62, 0x2A,
    0xB0, 0x02, 0x91, 0xF9, 0x21, 0x05, 0x90, 0x64, 0x0A, 0xE0, 0x0A, 0xD8, 0x7B, 0xA6, 0xCD, 0x9B,
    0x22, 0x29, 0x75, 0xA6, 0x48, 0x12, 0xCC, 0x06, 0x6E, 0x75, 0xAC, 0xFF, 0x7A, 0x5D, 0xD7, 0x0A,
    0xB1, 0x2A, 0x96, 0x34, 0x57, 0xD8, 0x15, 0xE0, 0xB9, 0xC3, 0xC9, 0xB6, 0x1F,
};

static const EpdGlyph notosans_18_regularGlyphs[] = {
    { 0, 0, 0, 0, 0, 0, 0 }, // U+0000
    { 0, 0, 156, 0, 0, 0, 0 }, // U+000D
    { 0, 0, 156, 0, 0, 0, 0 }, // U+0020
    { 6, 28, 161, 2, 27, 42, 0 }, // !
    { 11, 10, 245, 2, 27, 28, 42 }, // "
    { 24, 27, 388, 0, 27, 162, 70 }, // #
    { 18, 32, 343, 2, 29, 144, 232 }, // $
    { 29, 29, 499, 1, 28, 211, 376 }, // %
    { 27, 29, 439, 1, 28, 196, 587 }, // &
    { 4, 10, 135, 2, 27, 10, 783 }, // '
    { 10, 33, 180, 1, 27, 83, 793 }, // (
    { 9, 33, 180, 1, 27, 75, 876 }, // )
    { 19, 18, 331, 1, 29, 86, 951 }, // *
    { 19, 19, 343, 1, 23, 91, 1037 }, // +
    { 7, 10, 161, 1, 5, 18, 1128 }, // ,
    { 10, 4, 193, 1, 12, 10, 1146 }, // -
    { 6, 6, 161, 2, 5, 9, 1156 }, // .
    { 14, 27, 223, 0, 27, 95, 1165 }, // /
    { 18, 29, 350, 2, 28, 131, 1260 }, // 0
    { 11, 27, 265, 0, 27, 75, 1391 }, // 1
    { 19, 28, 333, 1, 28, 133, 1466 }, // 2
    { 19, 29, 343, 1, 28, 138, 1599 }, // 3
    { 21, 27, 343, 0, 27, 142, 1737 }, // 4
    { 18, 28, 343, 2, 27, 126, 1879 }, // 5
    { 18, 29, 343, 2, 28, 131, 2005 }, // 6
    { 19, 27, 307, 0, 27, 129, 2136 }, // 7
    { 18, 29, 353, 2, 28, 131, 2265 }, // 8
    { 19, 29, 343, 1, 28, 138, 2396 }, // 9
    { 6, 22, 161, 2, 21, 33, 2534 }, // :
    { 7, 26, 161, 1, 21, 46, 2567 }, // ;
    { 19, 19, 343, 1, 23, 91, 2613 }, // <
    { 18, 11, 343, 2, 19, 50, 2704 }, // =
    { 19, 19, 343, 1, 23, 91, 2754 }, // >
    { 16, 29, 260, 0, 28, 116, 2845 }, // ?
    { 30, 31, 539, 2, 27, 233, 2961 }, // @
    { 24, 27, 383, 0, 27, 162, 3194 }, // A
    { 20, 27, 390, 3, 27, 135, 3356 }, // B
    { 21, 29, 379, 2, 28, 153, 3491 }, // C
    { 23, 27, 438, 3, 27, 156, 3644 }, // D
    { 16, 27, 334, 3, 27, 108, 3800 }, // E
    { 16, 27, 311, 3, 27, 108, 3908 }, // F
    { 23, 29, 437, 2, 28, 167, 4016 }, // G
    { 22, 27, 445, 3, 27, 149, 4183 }, // H
    { 11, 27, 203, 1, 27, 75, 4332 }, // I
    { 10, 35, 164, -3, 27, 88, 4407 }, // J
    { 21, 27, 371, 3, 27, 142, 4495 }, // K
    { 16, 27, 314, 3, 27, 108, 4637 }, // L
    { 28, 27, 544, 3, 27, 189, 4745 }, // M
    { 22, 27, 456, 3, 27, 149, 4934 }, // N
    { 25, 29, 469, 2, 28, 182, 5083 }, // O
    { 18, 27, 363, 3, 27, 122, 5265 }, // P
    { 25, 35, 469, 2, 28, 219, 5387 }, // Q
    { 20, 27, 373, 3, 27, 135, 5606 }, // R
    { 18, 29, 329, 1, 28, 131, 5741 }, // S
    { 21, 27, 334, 0, 27, 142, 5872 }, // T
    { 21, 28, 439, 3, 27, 147, 6014 }, // U
    { 23, 27, 360, 0, 27, 156, 6161 }, // V
    { 35, 27, 558, 0, 27, 237, 6317 }, // W
    { 22, 27, 352, 0, 27, 149, 6554 }, // X
    { 22, 27, 340, 0, 27, 149, 6703 }, // Y
    { 19, 27, 343, 1, 27, 129, 6852 }, // Z
    { 9, 33, 197, 3, 27, 75, 6981 }, // [
    { 14, 27, 223, 0, 27, 95, 7056 }, // <backslash>
    { 10, 33, 197, 0, 27, 83, 7151 }, // ]
    { 20, 17, 343, 1, 27, 85, 7234 }, // ^
    { 18, 3, 266, -1, -3, 14, 7319 }, // _
    { 9, 7, 169, 1, 29, 16, 7333 }, // `
    { 17, 22, 337, 1, 21, 94, 7349 }, // a
    { 18, 30, 369, 3, 29, 135, 7443 }, // b
    { 15, 22, 288, 2, 21, 83, 7578 }, // c
    { 18, 30, 369, 2, 29, 135, 7661 }, // d
    { 18, 22, 338, 2, 21, 99, 7796 }, // e
    { 15, 29, 206, 0, 29, 109, 7895 }, // f
    { 18, 30, 369, 2, 21, 135, 8004 }, // g
    { 18, 29, 371, 3, 29, 131, 8139 }, // h
    { 5, 28, 155, 2, 28, 35, 8270 }, // i
    { 10, 37, 155, -3, 28, 93, 8305 }, // j
    { 17, 29, 320, 3, 29, 124, 8398 }, // k
    { 4, 29, 155, 3, 29, 29, 8522 }, // l
    { 30, 21, 561, 3, 21, 158, 8551 }, // m
    { 18, 21, 371, 3, 21, 95, 8709 }, // n
    { 19, 22, 363, 2, 21, 105, 8804 }, // o
    { 18, 30, 369, 3, 21, 135, 8909 }, // p
    { 18, 30, 369, 2, 21, 135, 9044 }, // q
    { 12, 21, 248, 3, 21, 63, 9179 }, // r
    { 16, 22, 287, 1, 21, 88, 9242 }, // s
    { 13, 26, 217, 0, 25, 85, 9330 }, // t
    { 18, 22, 371, 2, 21, 99, 9415 }, // u
    { 20, 21, 305, 0, 21, 105, 9514 }, // v
    { 30, 21, 472, 0, 21, 158, 9619 }, // w
    { 20, 21, 317, 0, 21, 105, 9777 }, // x
    { 20, 30, 306, 0, 21, 150, 9882 }, // y
    { 16, 21, 282, 1, 21, 84, 10032 }, // z
    { 13, 33, 228, 1, 27, 108, 10116 }, // {
    { 4, 39, 331, 8, 29, 39, 10224 }, // |
    { 13, 33, 228, 1, 27, 108, 10263 }, // }
    { 19, 6, 343, 1, 16, 29, 10371 }, // ~
    { 0, 0, 156, 0, 0, 0, 0 }, // U+00A0
    { 6, 28, 161, 2, 21, 42, 0 }, // U+00A1
    { 16, 29, 343, 3, 28, 116, 42 }, // U+00A2
    { 20, 28, 343, 1, 28, 140, 158 }, // U+00A3
    { 18, 18, 343, 2, 22, 81, 298 }, // U+00A4
    { 21, 27, 343, 0, 27, 142, 379 }, // U+00A5
    { 4, 39, 331, 8, 29, 39, 521 }, // U+00A6
    { 15, 30, 308, 2, 29, 113, 560 }, // U+00A7
    { 12, 5, 348, 5, 28, 15, 673 }, // U+00A8
    { 29, 29, 499, 1, 28, 211, 688 }, // U+00A9
    { 11, 14, 214, 1, 28, 39, 899 }, // U+00AA
    { 17, 16, 305, 1, 18, 68, 938 }, // U+00AB
    { 19, 11, 343, 1, 15, 53, 1006 }, // U+00AC
    { 10, 4, 193, 1, 12, 10, 1059 }, // U+00AD
    { 29, 29, 499, 1, 28, 211, 1069 }, // U+00AE
    { 20, 3, 300, -1, 31, 15, 1280 }, // U+00AF
    { 12, 13, 257, 2, 28, 39, 1295 }, // U+00B0
    { 19, 23, 343, 1, 23, 110, 1334 }, // U+00B1
    { 12, 17, 210, 0, 32, 51, 1444 }, // U+00B2
    { 13, 17, 210, 0, 32, 56, 1495 }, // U+00B3
    { 9, 7, 169, 1, 29, 16, 1551 }, // U+00B4
    { 18, 30, 374, 3, 21, 135, 1567 }, // U+00B5
    { 19, 34, 393, 2, 29, 162, 1702 }, // U+00B6
    { 6, 6, 161, 2, 16, 9, 1864 }, // U+00B7
    { 8, 9, 135, 0, 0, 18, 1873 }, // U+00B8
    { 8, 17, 210, 1, 32, 34, 1891 }, // U+00B9
    { 12, 14, 226, 1, 28, 42, 1925 }, // U+00BA
    { 17, 16, 305, 1, 18, 68, 1967 }, // U+00BB
    { 27, 27, 447, 1, 27, 183, 2035 }, // U+00BC
    { 28, 27, 463, 0, 27, 189, 2218 }, // U+00BD
    { 29, 28, 469, 0, 28, 203, 2407 }, // U+00BE
    { 16, 29, 260, 0, 21, 116, 2610 }, // U+00BF
    { 24, 36, 383, 0, 36, 216, 2726 }, // U+00C0
    { 24, 36, 383, 0, 36, 216, 2942 }, // U+00C1
    { 24, 36, 383, 0, 36, 216, 3158 }, // U+00C2
    { 24, 35, 383, 0, 35, 210, 3374 }, // U+00C3
    { 24, 35, 383, 0, 35, 210, 3584 }, // U+00C4
    { 24, 33, 383, 0, 33, 198, 3794 }, // U+00C5
    { 32, 27, 529, -1, 27, 216, 3992 }, // U+00C6
    { 21, 37, 379, 2, 28, 195, 4208 }, // U+00C7
    { 16, 36, 334, 3, 36, 144, 4403 }, // U+00C8
    { 16, 36, 334, 3, 36, 144, 4547 }, // U+00C9
    { 16, 36, 334, 3, 36, 144, 4691 }, // U+00CA
    { 16, 35, 334, 3, 35, 140, 4835 }, // U+00CB
    { 11, 36, 203, 1, 36, 99, 4975 }, // U+00CC
    { 11, 36, 203, 1, 36, 99, 5074 }, // U+00CD
    { 13, 36, 203, 0, 36, 117, 5173 }, // U+00CE
    { 11, 35, 203, 1, 35, 97, 5290 }, // U+00CF
    { 25, 27, 438, 1, 27, 169, 5387 }, // U+00D0
    { 22, 35, 456, 3, 35, 193, 5556 }, // U+00D1
    { 25, 37, 469, 2, 36, 232, 5749 }, // U+00D2
    { 25, 37, 469, 2, 36, 232, 5981 }, // U+00D3
    { 25, 37, 469, 2, 36, 232, 6213 }, // U+00D4
    { 25, 36, 469, 2, 35, 225, 6445 }, // U+00D5
    { 25, 36, 469, 2, 35, 225, 6670 }, // U+00D6
    { 17, 18, 343, 2, 22, 77, 6895 }, // U+00D7
    { 25, 30, 469, 2, 28, 188, 6972 }, // U+00D8
    { 21, 37, 439, 3, 36, 195, 7160 }, // U+00D9
    { 21, 37, 439, 3, 36, 195, 7355 }, // U+00DA
    { 21, 37, 439, 3, 36, 195, 7550 }, // U+00DB
    { 21, 36, 439, 3, 35, 189, 7745 }, // U+00DC
    { 22, 36, 340, 0, 36, 198, 7934 }, // U+00DD
    { 18, 27, 363, 3, 27, 122, 8132 }, // U+00DE
    { 19, 30, 379, 3, 29, 143, 8254 }, // U+00DF
    { 17, 30, 337, 1, 29, 128, 8397 }, // U+00E0
    { 17, 30, 337, 1, 29, 128, 8525 }, // U+00E1
    { 17, 30, 337, 1, 29, 128, 8653 }, // U+00E2
    { 17, 29, 337, 1, 28, 124, 8781 }, // U+00E3
    { 17, 29, 337, 1, 28, 124, 8905 }, // U+00E4
    { 17, 32, 337, 1, 31, 136, 9029 }, // U+00E5
    { 30, 22, 518, 1, 21, 165, 9165 }, // U+00E6
    { 15, 30, 288, 2, 21, 113, 9330 }, // U+00E7
    { 18, 30, 338, 2, 29, 135, 9443 }, // U+00E8
    { 18, 30, 338, 2, 29, 135, 9578 }, // U+00E9
    { 18, 30, 338, 2, 29, 135, 9713 }, // U+00EA
    { 18, 29, 338, 2, 28, 131, 9848 }, // U+00EB
    { 9, 29, 155, -1, 29, 66, 9979 }, // U+00EC
    { 9, 29, 155, 2, 29, 66, 10045 }, // U+00ED
    { 14, 29, 155, -2, 29, 102, 10111 }, // U+00EE
    { 12, 28, 155, -1, 28, 84, 10213 }, // U+00EF
    { 19, 30, 363, 2, 29, 143, 10297 }, // U+00F0
    { 18, 28, 371, 3, 28, 126, 10440 }, // U+00F1
    { 19, 30, 363, 2, 29, 143, 10566 }, // U+00F2
    { 19, 30, 363, 2, 29, 143, 10709 }, // U+00F3
    { 19, 30, 363, 2, 29, 143, 10852 }, // U+00F4
    { 19, 29, 363, 2, 28, 138, 10995 }, // U+00F5
    { 19, 29, 363, 2, 28, 138, 11133 }, // U+00F6
    { 19, 18, 343, 1, 22, 86, 11271 }, // U+00F7
    { 19, 24, 363, 2, 22, 114, 11357 }, // U+00F8
    { 18, 30, 371, 2, 29, 135, 11471 }, // U+00F9
    { 18, 30, 371, 2, 29, 135, 11606 }, // U+00FA
    { 18, 30, 371, 2, 29, 135, 11741 }, // U+00FB
    { 18, 29, 371, 2, 28, 131, 11876 }, // U+00FC
    { 20, 38, 306, 0, 29, 190, 12007 }, // U+00FD
    { 18, 38, 369, 3, 29, 171, 12197 }, // U+00FE
    { 20, 37, 306, 0, 28, 185, 12368 }, // U+00FF
    { 24, 33, 383, 0, 33, 198, 0 }, // U+0100
    { 17, 27, 337, 1, 26, 115, 198 }, // U+0101
    { 24, 35, 383, 0, 35, 210, 313 }, // U+0102
    { 17, 29, 337, 1, 28, 124, 523 }, // U+0103
    { 24, 36, 383, 0, 27, 216, 647 }, // U+0104
    { 18, 30, 337, 1, 21, 135, 863 }, // U+0105
    { 21, 37, 379, 2, 36, 195, 998 }, // U+0106
    { 15, 30, 288, 2, 29, 113, 1193 }, // U+0107
    { 21, 37, 379, 2, 36, 195, 1306 }, // U+0108
    { 15, 30, 288, 2, 29, 113, 1501 }, // U+0109
    { 21, 36, 379, 2, 35, 189, 1614 }, // U+010A
    { 15, 29, 288, 2, 28, 109, 1803 }, // U+010B
    { 21, 37, 379, 2, 36, 195, 1912 }, // U+010C
    { 15, 30, 288, 2, 29, 113, 2107 }, // U+010D
    { 23, 36, 438, 3, 36, 207, 2220 }, // U+010E
    { 24, 30, 369, 2, 29, 180, 2427 }, // U+010F
    { 25, 27, 438, 1, 27, 169, 2607 }, // U+0110
    { 21, 30, 370, 2, 29, 158, 2776 }, // U+0111
    { 16, 33, 334, 3, 33, 132, 2934 }, // U+0112
    { 18, 27, 338, 2, 26, 122, 3066 }, // U+0113
    { 16, 35, 334, 3, 35, 140, 3188 }, // U+0114
    { 18, 29, 338, 2, 28, 131, 3328 }, // U+0115
    { 16, 35, 334, 3, 35, 140, 3459 }, // U+0116
    { 18, 29, 338, 2, 28, 131, 3599 }, // U+0117
    { 16, 36, 334, 3, 27, 144, 3730 }, // U+0118
    { 18, 30, 338, 2, 21, 135, 3874 }, // U+0119
    { 16, 36, 334, 3, 36, 144, 4009 }, // U+011A
    { 18, 30, 338, 2, 29, 135, 4153 }, // U+011B
    { 23, 37, 437, 2, 36, 213, 4288 }, // U+011C
    { 18, 38, 369, 2, 29, 171, 4501 }, // U+011D
    { 23, 36, 437, 2, 35, 207, 4672 }, // U+011E
    { 18, 37, 369, 2, 28, 167, 4879 }, // U+011F
    { 23, 36, 437, 2, 35, 207, 5046 }, // U+0120
    { 18, 37, 369, 2, 28, 167, 5253 }, // U+0121
    { 23, 37, 437, 2, 28, 213, 5420 }, // U+0122
    { 18, 38, 369, 2, 29, 171, 5633 }, // U+0123
    { 22, 36, 445, 3, 36, 198, 5804 }, // U+0124
    { 23, 37, 371, -2, 37, 213, 6002 }, // U+0125
    { 28, 27, 445, 0, 27, 189, 6215 }, // U+0126
    { 21, 29, 371, 0, 29, 153, 6404 }, // U+0127
    { 15, 35, 203, -1, 35, 132, 6557 }, // U+0128
    { 15, 28, 155, -3, 28, 105, 6689 }, // U+0129
    { 12, 33, 203, 0, 33, 99, 6794 }, // U+012A
    { 12, 26, 155, -1, 26, 78, 6893 }, // U+012B
    { 13, 35, 203, 0, 35, 114, 6971 }, // U+012C
    { 13, 28, 155, -2, 28, 91, 7085 }, // U+012D
    { 11, 36, 203, 1, 27, 99, 7176 }, // U+012E
    { 7, 37, 155, 1, 28, 65, 7275 }, // U+012F
    { 11, 35, 203, 1, 35, 97, 7340 }, // U+0130
    { 4, 21, 155, 3, 21, 21, 7437 }, // U+0131
    { 19, 35, 367, 1, 27, 167, 7458 }, // U+0132
    { 15, 37, 310, 2, 28, 139, 7625 }, // U+0133
    { 15, 44, 164, -3, 36, 165, 7764 }, // U+0134
    { 15, 38, 155, -3, 29, 143, 7929 }, // U+0135
    { 21, 36, 371, 3, 27, 189, 8072 }, // U+0136
    { 17, 38, 320, 3, 29, 162, 8261 }, // U+0137
    { 17, 21, 320, 3, 21, 90, 8423 }, // U+0138
    { 16, 36, 314, 3, 36, 144, 8513 }, // U+0139
    { 9, 37, 155, 2, 37, 84, 8657 }, // U+013A
    { 16, 36, 314, 3, 27, 144, 8741 }, // U+013B
    { 6, 38, 155, 2, 29, 57, 8885 }, // U+013C
    { 16, 27, 314, 3, 27, 108, 8942 }, // U+013D
    { 10, 29, 155, 3, 29, 73, 9050 }, // U+013E
    { 16, 27, 314, 3, 27, 108, 9123 }, // U+013F
    { 9, 29, 161, 3, 29, 66, 9231 }, // U+0140
    { 19, 27, 314, 0, 27, 129, 9297 }, // U+0141
    { 12, 29, 155, -1, 29, 87, 9426 }, // U+0142
    { 22, 36, 456, 3, 36, 198, 9513 }, // U+0143
    { 18, 29, 371, 3, 29, 131, 9711 }, // U+0144
    { 22, 36, 456, 3, 27, 198, 9842 }, // U+0145
    { 18, 30, 371, 3, 21, 135, 10040 }, // U+0146
    { 22, 36, 456, 3, 36, 198, 10175 }, // U+0147
    { 18, 29, 371, 3, 29, 131, 10373 }, // U+0148
    { 23, 27, 413, 0, 27, 156, 10504 }, // U+0149
    { 22, 35, 456, 3, 27, 193, 10660 }, // U+014A
    { 18, 30, 371, 3, 21, 135, 10853 }, // U+014B
    { 25, 34, 469, 2, 33, 213, 10988 }, // U+014C
    { 19, 27, 363, 2, 26, 129, 11201 }, // U+014D
    { 25, 36, 469, 2, 35, 225, 11330 }, // U+014E
    { 19, 29, 363, 2, 28, 138, 11555 }, // U+014F
    { 25, 37, 469, 2, 36, 232, 11693 }, // U+0150
    { 19, 30, 363, 2, 29, 143, 11925 }, // U+0151
    { 31, 29, 557, 2, 28, 225, 12068 }, // U+0152
    { 32, 22, 568, 2, 21, 176, 12293 }, // U+0153
    { 20, 36, 373, 3, 36, 180, 12469 }, // U+0154
    { 12, 29, 248, 3, 29, 87, 12649 }, // U+0155
    { 20, 36, 373, 3, 27, 180, 12736 }, // U+0156
    { 13, 30, 248, 2, 21, 98, 12916 }, // U+0157
    { 20, 36, 373, 3, 36, 180, 13014 }, // U+0158
    { 14, 29, 248, 2, 29, 102, 13194 }, // U+0159
    { 18, 37, 329, 1, 36, 167, 13296 }, // U+015A
    { 16, 30, 287, 1, 29, 120, 13463 }, // U+015B
    { 18, 37, 329, 1, 36, 167, 13583 }, // U+015C
    { 16, 30, 287, 1, 29, 120, 13750 }, // U+015D
    { 18, 37, 329, 1, 28, 167, 13870 }, // U+015E
    { 16, 30, 287, 1, 21, 120, 14037 }, // U+015F
    { 18, 37, 329, 1, 36, 167, 14157 }, // U+0160
    { 16, 30, 287, 1, 29, 120, 14324 }, // U+0161
    { 21, 36, 334, 0, 27, 189, 14444 }, // U+0162
    { 13, 34, 217, 0, 25, 111, 14633 }, // U+0163
    { 21, 36, 334, 0, 36, 189, 14744 }, // U+0164
    { 18, 30, 217, 0, 29, 135, 14933 }, // U+0165
    { 21, 27, 334, 0, 27, 142, 15068 }, // U+0166
    { 13, 26, 217, 0, 25, 85, 15210 }, // U+0167
    { 21, 36, 439, 3, 35, 189, 15295 }, // U+0168
    { 18, 29, 371, 2, 28, 131, 15484 }, // U+0169
    { 21, 34, 439, 3, 33, 179, 15615 }, // U+016A
    { 18, 27, 371, 2, 26, 122, 15794 }, // U+016B
    { 21, 36, 439, 3, 35, 189, 15916 }, // U+016C
    { 18, 29, 371, 2, 28, 131, 16105 }, // U+016D
    { 21, 39, 439, 3, 38, 205, 16236 }, // U+016E
    { 18, 32, 371, 2, 31, 144, 16441 }, // U+016F
    { 21, 37, 439, 3, 36, 195, 16585 }, // U+0170
    { 18, 30, 371, 2, 29, 135, 16780 }, // U+0171
    { 21, 36, 439, 3, 27, 189, 16915 }, // U+0172
    { 19, 30, 371, 2, 21, 143, 17104 }, // U+0173
    { 35, 36, 558, 0, 36, 315, 17247 }, // U+0174
    { 30, 29, 472, 0, 29, 218, 17562 }, // U+0175
    { 22, 36, 340, 0, 36, 198, 17780 }, // U+0176
    { 20, 38, 306, 0, 29, 190, 17978 }, // U+0177
    { 22, 35, 340, 0, 35, 193, 18168 }, // U+0178
    { 19, 36, 343, 1, 36, 171, 18361 }, // U+0179
    { 16, 29, 282, 1, 29, 116, 18532 }, // U+017A
    { 19, 35, 343, 1, 35, 167, 18648 }, // U+017B
    { 16, 28, 282, 1, 28, 112, 18815 }, // U+017C
    { 19, 36, 343, 1, 36, 171, 18927 }, // U+017D
    { 16, 29, 282, 1, 29, 116, 19098 }, // U+017E
    { 11, 29, 196, 3, 29, 80, 19214 }, // U+017F
    { 29, 30, 470, 2, 29, 218, 0 }, // U+01A0
    { 23, 25, 370, 2, 24, 144, 218 }, // U+01A1
    { 28, 30, 468, 3, 29, 210, 362 }, // U+01AF
    { 25, 25, 404, 2, 24, 157, 572 }, // U+01B0
    { 44, 36, 775, 3, 36, 396, 729 }, // U+01C4
    { 41, 29, 720, 3, 29, 298, 1125 }, // U+01C5
    { 38, 30, 651, 2, 29, 285, 1423 }, // U+01C6
    { 24, 35, 478, 3, 27, 210, 1708 }, // U+01C7
    { 24, 37, 469, 3, 28, 222, 1918 }, // U+01C8
    { 14, 38, 310, 3, 29, 133, 2140 }, // U+01C9
    { 33, 35, 620, 3, 27, 289, 2273 }, // U+01CA
    { 33, 37, 611, 3, 28, 306, 2562 }, // U+01CB
    { 27, 37, 526, 3, 28, 250, 2868 }, // U+01CC
    { 24, 36, 383, 0, 36, 216, 3118 }, // U+01CD
    { 17, 30, 337, 1, 29, 128, 3334 }, // U+01CE
    { 13, 36, 203, 0, 36, 117, 3462 }, // U+01CF
    { 14, 29, 155, -2, 29, 102, 3579 }, // U+01D0
    { 25, 37, 469, 2, 36, 232, 3681 }, // U+01D1
    { 19, 30, 363, 2, 29, 143, 3913 }, // U+01D2
    { 21, 37, 439, 3, 36, 195, 4056 }, // U+01D3
    { 18, 30, 371, 2, 29, 135, 4251 }, // U+01D4
    { 21, 40, 439, 3, 39, 210, 4386 }, // U+01D5
    { 18, 33, 371, 2, 32, 149, 4596 }, // U+01D6
    { 21, 41, 439, 3, 40, 216, 4745 }, // U+01D7
    { 18, 34, 371, 2, 33, 153, 4961 }, // U+01D8
    { 21, 41, 439, 3, 40, 216, 5114 }, // U+01D9
    { 18, 35, 371, 2, 34, 158, 5330 }, // U+01DA
    { 21, 41, 439, 3, 40, 216, 5488 }, // U+01DB
    { 18, 34, 371, 2, 33, 153, 5704 }, // U+01DC
    { 19, 22, 338, 1, 21, 105, 5857 }, // U+01DD
    { 24, 39, 383, 0, 39, 234, 5962 }, // U+01DE
    { 17, 33, 337, 1, 32, 141, 6196 }, // U+01DF
    { 24, 38, 383, 0, 38, 228, 6337 }, // U+01E0
    { 17, 33, 337, 1, 32, 141, 6565 }, // U+01E1
    { 32, 33, 529, -1, 33, 264, 6706 }, // U+01E2
    { 30, 27, 518, 1, 26, 203, 6970 }, // U+01E3
    { 25, 29, 437, 2, 28, 182, 7173 }, // U+01E4
    { 20, 30, 369, 2, 21, 150, 7355 }, // U+01E5
    { 23, 37, 437, 2, 36, 213, 7505 }, // U+01E6
    { 18, 38, 369, 2, 29, 171, 7718 }, // U+01E7
    { 21, 36, 371, 3, 36, 189, 7889 }, // U+01E8
    { 22, 37, 320, -2, 37, 204, 8078 }, // U+01E9
    { 25, 37, 469, 2, 28, 232, 8282 }, // U+01EA
    { 19, 30, 363, 2, 21, 143, 8514 }, // U+01EB
    { 25, 42, 469, 2, 33, 263, 8657 }, // U+01EC
    { 19, 35, 363, 2, 26, 167, 8920 }, // U+01ED
    { 19, 37, 350, 1, 36, 176, 9087 }, // U+01EE
    { 18, 38, 299, 0, 29, 171, 9263 }, // U+01EF
    { 15, 38, 155, -3, 29, 143, 9434 }, // U+01F0
    { 44, 27, 775, 3, 27, 297, 9577 }, // U+01F1
    { 41, 27, 720, 3, 27, 277, 9874 }, // U+01F2
    { 38, 30, 651, 2, 29, 285, 10151 }, // U+01F3
    { 23, 37, 437, 2, 36, 213, 10436 }, // U+01F4
    { 18, 38, 369, 2, 29, 171, 10649 }, // U+01F5
    { 29, 28, 563, 3, 27, 203, 10820 }, // U+01F6
    { 20, 37, 397, 3, 28, 185, 11023 }, // U+01F7
    { 22, 36, 456, 3, 36, 198, 11208 }, // U+01F8
    { 18, 29, 371, 3, 29, 131, 11406 }, // U+01F9
    { 24, 36, 384, 0, 36, 216, 11537 }, // U+01FA
    { 17, 37, 337, 1, 36, 158, 11753 }, // U+01FB
    { 32, 36, 529, -1, 36, 288, 11911 }, // U+01FC
    { 30, 30, 518, 1, 29, 225, 12199 }, // U+01FD
    { 25, 38, 469, 2, 36, 238, 12424 }, // U+01FE
    { 19, 31, 363, 2, 29, 148, 12662 }, // U+01FF
    { 24, 36, 383, 0, 36, 216, 12810 }, // U+0200
    { 17, 30, 337, 1, 29, 128, 13026 }, // U+0201
    { 24, 35, 383, 0, 35, 210, 13154 }, // U+0202
    { 17, 29, 337, 1, 28, 124, 13364 }, // U+0203
    { 16, 36, 334, 3, 36, 144, 13488 }, // U+0204
    { 18, 30, 338, 2, 29, 135, 13632 }, // U+0205
    { 16, 35, 334, 3, 35, 140, 13767 }, // U+0206
    { 18, 29, 338, 2, 28, 131, 13907 }, // U+0207
    { 15, 36, 203, -3, 36, 135, 14038 }, // U+0208
    { 14, 29, 155, -4, 29, 102, 14173 }, // U+0209
    { 13, 35, 203, 0, 35, 114, 14275 }, // U+020A
    { 12, 28, 155, -1, 28, 84, 14389 }, // U+020B
    { 25, 37, 469, 2, 36, 232, 14473 }, // U+020C
    { 19, 30, 363, 2, 29, 143, 14705 }, // U+020D
    { 25, 36, 469, 2, 35, 225, 14848 }, // U+020E
    { 19, 29, 363, 2, 28, 138, 15073 }, // U+020F
    { 20, 36, 373, 3, 36, 180, 15211 }, // U+0210
    { 15, 29, 248, 0, 29, 109, 15391 }, // U+0211
    { 20, 35, 373, 3, 35, 175, 15500 }, // U+0212
    { 12, 28, 248, 3, 28, 84, 15675 }, // U+0213
    { 21, 37, 439, 3, 36, 195, 15759 }, // U+0214
    { 18, 30, 371, 2, 29, 135, 15954 }, // U+0215
    { 21, 36, 439, 3, 35, 189, 16089 }, // U+0216
    { 18, 29, 371, 2, 28, 131, 16278 }, // U+0217
    { 18, 37, 329, 1, 28, 167, 16409 }, // U+0218
    { 16, 30, 287, 1, 21, 120, 16576 }, // U+0219
    { 21, 36, 334, 0, 27, 189, 16696 }, // U+021A
    { 13, 34, 217, 0, 25, 111, 16885 }, // U+021B
    { 19, 35, 345, 1, 28, 167, 16996 }, // U+021C
    { 16, 30, 298, 1, 21, 120, 17163 }, // U+021D
    { 22, 36, 445, 3, 36, 198, 17283 }, // U+021E
    { 23, 37, 371, -2, 37, 213, 17481 }, // U+021F
    { 9, 7, 0, -19, 29, 16, 0 }, // U+0300
    { 9, 7, 0, -13, 29, 16, 16 }, // U+0301
    { 14, 7, 0, -7, 29, 25, 32 }, // U+0302
    { 15, 6, 0, -19, 28, 23, 57 }, // U+0303
    { 12, 4, 0, -6, 26, 12, 80 }, // U+0304
    { 16, 4, 0, -8, 32, 16, 92 }, // U+0305
    { 12, 6, 0, -6, 28, 18, 108 }, // U+0306
    { 4, 5, 0, -2, 28, 5, 126 }, // U+0307
    { 12, 5, 0, -6, 28, 15, 131 }, // U+0308
    { 7, 9, 0, -14, 31, 16, 146 }, // U+0309
    { 10, 9, 0, -5, 31, 23, 162 }, // U+030A
    { 14, 7, 0, -5, 29, 25, 185 }, // U+030B
    { 14, 7, 0, -7, 29, 25, 210 }, // U+030C
    { 4, 7, 0, -2, 29, 7, 235 }, // U+030D
    { 10, 7, 0, -5, 29, 18, 242 }, // U+030E
    { 15, 7, 0, -20, 29, 27, 260 }, // U+030F
    { 12, 10, 0, -6, 32, 30, 287 }, // U+0310
    { 12, 6, 0, -6, 28, 18, 317 }, // U+0311
    { 6, 10, 0, -3, 27, 15, 335 }, // U+0312
    { 6, 10, 0, -3, 27, 15, 350 }, // U+0313
    { 6, 10, 0, -3, 27, 15, 365 }, // U+0314
    { 6, 10, 0, -3, 27, 15, 380 }, // U+0315
    { 8, 7, 0, -4, -1, 14, 395 }, // U+0316
    { 8, 7, 0, -4, -1, 14, 409 }, // U+0317
    { 8, 8, 0, -4, -1, 16, 423 }, // U+0318
    { 8, 8, 0, -4, -1, 16, 439 }, // U+0319
    { 11, 10, 188, 0, 29, 28, 455 }, // U+031A
    { 9, 9, 0, -4, 29, 21, 483 }, // U+031B
    { 5, 9, 0, -2, 0, 12, 504 }, // U+031C
    { 8, 7, 0, -4, -1, 14, 516 }, // U+031D
    { 8, 7, 0, -4, -1, 14, 530 }, // U+031E
    { 8, 8, 0, -4, -1, 16, 544 }, // U+031F
    { 10, 3, 0, -5, -3, 8, 560 }, // U+0320
    { 7, 11, 0, -7, 2, 20, 568 }, // U+0321
    { 7, 11, 0, 0, 2, 20, 588 }, // U+0322
    { 5, 5, 0, -14, -2, 7, 608 }, // U+0323
    { 12, 5, 0, -6, -2, 15, 615 }, // U+0324
    { 10, 9, 0, -5, 0, 23, 630 }, // U+0325
    { 6, 7, 0, -3, -2, 11, 653 }, // U+0326
    { 8, 9, 0, -4, 0, 18, 664 }, // U+0327
    { 8, 10, 0, -4, 1, 20, 682 }, // U+0328
    { 4, 7, 0, -2, -1, 7, 702 }, // U+0329
    { 14, 8, 0, -7, -1, 28, 709 }, // U+032A
    { 16, 5, 0, -8, -2, 20, 737 }, // U+032B
    { 14, 7, 0, -7, -1, 25, 757 }, // U+032C
    { 14, 7, 0, -7, -1, 25, 782 }, // U+032D
    { 12, 6, 0, -6, -2, 18, 807 }, // U+032E
    { 12, 6, 0, -6, -2, 18, 825 }, // U+032F
    { 14, 6, 0, -7, -2, 21, 843 }, // U+0330
    { 12, 4, 0, -6, -2, 12, 864 }, // U+0331
    { 18, 3, 0, -9, -3, 14, 876 }, // U+0332
    { 16, 9, 0, -8, 0, 36, 890 }, // U+0333
    { 15, 6, 0, -7, 13, 23, 926 }, // U+0334
    { 16, 4, 0, -8, 13, 16, 949 }, // U+0335
    { 28, 3, 0, -14, 12, 21, 965 }, // U+0336
    { 12, 9, 0, -6, 15, 27, 986 }, // U+0337
    { 16, 32, 0, -8, 29, 128, 1013 }, // U+0338
    { 5, 9, 0, -2, 0, 12, 1141 }, // U+0339
    { 14, 8, 0, -7, -1, 28, 1153 }, // U+033A
    { 16, 8, 0, -8, -1, 32, 1181 }, // U+033B
    { 16, 5, 0, -8, -2, 20, 1213 }, // U+033C
    { 8, 9, 0, -4, 30, 18, 1233 }, // U+033D
    { 6, 12, 0, -3, 33, 18, 1251 }, // U+033E
    { 16, 9, 0, -8, 37, 36, 1269 }, // U+033F
    { 8, 7, 0, -6, 29, 14, 1305 }, // U+0340
    { 9, 7, 0, -2, 29, 16, 1319 }, // U+0341
    { 14, 6, 0, -7, 28, 21, 1335 }, // U+0342
    { 6, 8, 0, -3, 30, 12, 1356 }, // U+0343
    { 14, 8, 0, -6, 30, 28, 1368 }, // U+0344
    { 6, 6, 0, -2, -3, 9, 1396 }, // U+0345
    { 18, 7, 0, -9, 29, 32, 1405 }, // U+0346
    { 16, 9, 0, -8, 0, 36, 1437 }, // U+0347
    { 10, 7, 0, -5, -1, 18, 1473 }, // U+0348
    { 8, 7, 0, -4, -2, 14, 1491 }, // U+0349
    { 14, 8, 0, -7, 29, 28, 1505 }, // U+034A
    { 14, 14, 0, -7, 35, 49, 1533 }, // U+034B
    { 14, 11, 0, -7, 33, 39, 1582 }, // U+034C
    { 14, 8, 0, -7, -1, 28, 1621 }, // U+034D
    { 8, 9, 0, -4, 0, 18, 1649 }, // U+034E
    { 28, 27, 0, -14, 27, 189, 1667 }, // U+034F
    { 7, 8, 0, -4, 30, 14, 1856 }, // U+0350
    { 5, 9, 0, -2, 31, 12, 1870 }, // U+0351
    { 12, 10, 0, -6, 32, 30, 1882 }, // U+0352
    { 8, 8, 0, -4, -1, 16, 1912 }, // U+0353
    { 7, 8, 0, -4, -1, 14, 1928 }, // U+0354
    { 7, 8, 0, -4, -1, 14, 1942 }, // U+0355
    { 15, 8, 0, -7, -1, 30, 1956 }, // U+0356
    { 5, 9, 0, -2, 31, 12, 1986 }, // U+0357
    { 5, 5, 0, 4, 28, 7, 1998 }, // U+0358
    { 8, 8, 0, -4, -1, 16, 2005 }, // U+0359
    { 16, 8, 0, -8, -1, 32, 2021 }, // U+035A
    { 8, 8, 0, -4, 30, 16, 2053 }, // U+035B
    { 30, 8, 0, -15, -1, 60, 2069 }, // U+035C
    { 30, 8, 0, -15, 30, 60, 2129 }, // U+035D
    { 24, 3, 0, -12, 26, 18, 2189 }, // U+035E
    { 24, 3, 0, -12, -2, 18, 2207 }, // U+035F
    { 30, 6, 0, -15, 28, 45, 2225 }, // U+0360
    { 30, 8, 0, -15, 32, 60, 2270 }, // U+0361
    { 30, 8, 0, -14, -1, 60, 2330 }, // U+0362
    { 8, 9, 0, -4, 32, 18, 2390 }, // U+0363
    { 9, 9, 0, -4, 32, 21, 2408 }, // U+0364
    { 3, 12, 0, -1, 35, 9, 2429 }, // U+0365
    { 9, 9, 0, -4, 32, 21, 2438 }, // U+0366
    { 9, 9, 0, -4, 32, 21, 2459 }, // U+0367
    { 7, 9, 0, -3, 32, 16, 2480 }, // U+0368
    { 9, 12, 0, -4, 35, 27, 2496 }, // U+0369
    { 9, 12, 0, -4, 35, 27, 2523 }, // U+036A
    { 14, 9, 0, -7, 32, 32, 2550 }, // U+036B
    { 6, 9, 0, -2, 32, 14, 2582 }, // U+036C
    { 7, 11, 0, -3, 34, 20, 2596 }, // U+036D
    { 9, 9, 0, -4, 32, 21, 2616 }, // U+036E
    { 9, 9, 0, -4, 32, 21, 2637 }, // U+036F
    { 0, 0, 300, 0, 0, 0, 0 }, // U+2000
    { 0, 0, 600, 0, 0, 0, 0 }, // U+2001
    { 0, 0, 300, 0, 0, 0, 0 }, // U+2002
    { 0, 0, 600, 0, 0, 0, 0 }, // U+2003
    { 0, 0, 200, 0, 0, 0, 0 }, // U+2004
    { 0, 0, 150, 0, 0, 0, 0 }, // U+2005
    { 0, 0, 100, 0, 0, 0, 0 }, // U+2006
    { 0, 0, 343, 0, 0, 0, 0 }, // U+2007
    { 0, 0, 161, 0, 0, 0, 0 }, // U+2008
    { 0, 0, 100, 0, 0, 0, 0 }, // U+2009
    { 0, 0, 60, 0, 0, 0, 0 }, // U+200A
    { 0, 0, 0, 0, 0, 0, 0 }, // U+200B
    { 0, 0, 0, 0, 0, 0, 0 }, // U+200C
    { 0, 0, 0, 0, 0, 0, 0 }, // U+200D
    { 9, 31, 0, -1, 26, 70, 0 }, // U+200E
    { 9, 31, 0, -8, 26, 70, 70 }, // U+200F
    { 10, 4, 193, 1, 12, 10, 140 }, // U+2010
    { 10, 4, 193, 1, 12, 10, 150 }, // U+2011
    { 19, 3, 343, 1, 15, 15, 160 }, // U+2012
    { 17, 4, 300, 1, 12, 17, 175 }, // U+2013
    { 35, 4, 600, 1, 12, 35, 192 }, // U+2014
    { 35, 4, 600, 1, 12, 35, 227 }, // U+2015
    { 12, 39, 331, 4, 29, 117, 262 }, // U+2016
    { 17, 9, 247, -1, 0, 39, 379 }, // U+2017
    { 7, 10, 105, 0, 27, 18, 418 }, // U+2018
    { 7, 10, 105, 0, 27, 18, 436 }, // U+2019
    { 6, 10, 150, 1, 5, 15, 454 }, // U+201A
    { 7, 10, 105, 0, 27, 18, 469 }, // U+201B
    { 14, 10, 215, 0, 27, 35, 487 }, // U+201C
    { 14, 10, 215, 0, 27, 35, 522 }, // U+201D
    { 13, 10, 250, 1, 5, 33, 557 }, // U+201E
    { 14, 10, 215, 0, 27, 35, 590 }, // U+201F
    { 15, 29, 307, 2, 29, 109, 625 }, // U+2020
    { 15, 29, 307, 2, 29, 109, 734 }, // U+2021
    { 10, 10, 226, 2, 19, 25, 843 }, // U+2022
    { 11, 12, 221, 2, 20, 33, 868 }, // U+2023
    { 5, 6, 300, 7, 5, 8, 901 }, // U+2024
    { 16, 6, 322, 2, 5, 24, 909 }, // U+2025
    { 25, 6, 475, 2, 5, 38, 933 }, // U+2026
    { 6, 6, 161, 2, 12, 9, 971 }, // U+2027
    { 0, 0, 360, 0, 0, 0, 980 }, // U+2028
    { 0, 0, 360, 0, 0, 0, 980 }, // U+2029
    { 9, 28, 0, -1, 23, 63, 980 }, // U+202A
    { 9, 28, 0, -8, 23, 63, 1043 }, // U+202B
    { 10, 31, 0, -5, 26, 78, 1106 }, // U+202C
    { 10, 31, 0, -5, 26, 78, 1184 }, // U+202D
    { 10, 31, 0, -5, 26, 78, 1262 }, // U+202E
    { 0, 0, 100, 0, 0, 0, 1340 }, // U+202F
    { 42, 29, 706, 1, 28, 305, 1340 }, // U+2030
    { 56, 29, 926, 1, 28, 406, 1645 }, // U+2031
    { 9, 10, 139, 1, 27, 23, 2051 }, // U+2032
    { 16, 10, 245, 1, 27, 40, 2074 }, // U+2033
    { 22, 10, 350, 1, 27, 55, 2114 }, // U+2034
    { 9, 10, 139, -1, 27, 23, 2169 }, // U+2035
    { 15, 10, 264, -1, 27, 38, 2192 }, // U+2036
    { 21, 10, 361, -1, 27, 53, 2230 }, // U+2037
    { 15, 13, 239, 0, 4, 49, 2283 }, // U+2038
    { 10, 16, 186, 1, 18, 40, 2332 }, // U+2039
    { 10, 16, 186, 1, 18, 40, 2372 }, // U+203A
    { 29, 29, 502, 1, 28, 211, 2412 }, // U+203B
    { 14, 28, 299, 2, 27, 98, 2623 }, // U+203C
    { 16, 29, 266, 0, 28, 116, 2721 }, // U+203D
    { 20, 3, 300, -1, 31, 15, 2837 }, // U+203E
    { 22, 8, 365, 0, -1, 44, 2852 }, // U+203F
    { 22, 9, 365, 0, 30, 50, 2896 }, // U+2040
    { 14, 25, 224, 0, 16, 88, 2946 }, // U+2041
    { 42, 35, 671, 0, 29, 368, 3034 }, // U+2042
    { 10, 4, 193, 1, 12, 10, 3402 }, // U+2043
    { 20, 27, 78, -8, 27, 135, 3412 }, // U+2044
    { 10, 33, 194, 2, 27, 83, 3547 }, // U+2045
    { 10, 33, 194, 0, 27, 83, 3630 }, // U+2046
    { 32, 29, 513, 0, 28, 232, 3713 }, // U+2047
    { 23, 29, 407, 0, 28, 167, 3945 }, // U+2048
    { 23, 29, 409, 2, 28, 167, 4112 }, // U+2049
    { 19, 21, 343, 1, 21, 100, 4279 }, // U+204A
    { 20, 34, 393, 3, 29, 170, 4379 }, // U+204B
    { 19, 20, 383, 2, 21, 95, 4549 }, // U+204C
    { 19, 20, 383, 3, 21, 95, 4644 }, // U+204D
    { 19, 18, 331, 1, 10, 86, 4739 }, // U+204E
    { 7, 26, 142, 1, 21, 46, 4825 }, // U+204F
    { 22, 39, 363, 0, 30, 215, 4871 }, // U+2050
    { 19, 37, 331, 1, 29, 176, 5086 }, // U+2051
    { 14, 29, 223, 0, 28, 102, 5262 }, // U+2052
    { 33, 6, 600, 2, 14, 50, 5364 }, // U+2053
    { 22, 9, 363, 0, 0, 50, 5414 }, // U+2054
    { 20, 20, 343, 1, 19, 100, 5464 }, // U+2055
    { 17, 29, 310, 1, 28, 124, 5564 }, // U+2056
    { 28, 10, 445, 1, 27, 70, 5688 }, // U+2057
    { 28, 29, 493, 1, 28, 203, 5758 }, // U+2058
    { 29, 29, 497, 1, 28, 211, 5961 }, // U+2059
    { 6, 29, 133, 1, 28, 44, 6172 }, // U+205A
    { 22, 30, 392, 1, 29, 165, 6216 }, // U+205B
    { 28, 29, 478, 1, 28, 203, 6381 }, // U+205C
    { 6, 28, 161, 2, 27, 42, 6584 }, // U+205D
    { 6, 29, 161, 2, 28, 44, 6626 }, // U+205E
    { 0, 0, 133, 0, 0, 0, 6670 }, // U+205F
    { 0, 0, 360, 0, 0, 0, 6670 }, // U+2060
    { 0, 0, 360, 0, 0, 0, 6670 }, // U+2061
    { 0, 0, 360, 0, 0, 0, 6670 }, // U+2062
    { 0, 0, 360, 0, 0, 0, 6670 }, // U+2063
    { 0, 0, 360, 0, 0, 0, 6670 }, // U+2064
    { 0, 0, 0, 0, 0, 0, 6670 }, // U+2066
    { 0, 0, 0, 0, 0, 0, 6670 }, // U+2067
    { 0, 0, 0, 0, 0, 0, 6670 }, // U+2068
    { 0, 0, 0, 0, 0, 0, 6670 }, // U+2069
    { 10, 31, 0, -5, 26, 78, 6670 }, // U+206A
    { 10, 31, 0, -5, 26, 78, 6748 }, // U+206B
    { 10, 31, 0, -5, 26, 78, 6826 }, // U+206C
    { 10, 31, 0, -5, 26, 78, 6904 }, // U+206D
    { 10, 31, 0, -5, 26, 78, 6982 }, // U+206E
    { 10, 31, 0, -5, 26, 78, 7060 }, // U+206F
    { 13, 17, 210, 0, 32, 56, 0 }, // U+2070
    { 4, 18, 101, 1, 28, 18, 56 }, // U+2071
    { 13, 17, 210, 0, 32, 56, 74 }, // U+2074
    { 11, 17, 210, 1, 32, 47, 130 }, // U+2075
    { 13, 17, 210, 0, 32, 56, 177 }, // U+2076
    { 12, 17, 210, 1, 32, 51, 233 }, // U+2077
    { 13, 17, 210, 0, 32, 56, 284 }, // U+2078
    { 13, 18, 210, 0, 33, 59, 340 }, // U+2079
    { 11, 11, 203, 1, 28, 31, 399 }, // U+207A
    { 11, 3, 203, 1, 24, 9, 430 }, // U+207B
    { 11, 7, 203, 1, 26, 20, 439 }, // U+207C
    { 7, 22, 136, 2, 35, 39, 459 }, // U+207D
    { 7, 22, 136, 0, 35, 39, 498 }, // U+207E
    { 12, 14, 241, 2, 24, 42, 537 }, // U+207F
    { 13, 17, 210, 0, 12, 56, 579 }, // U+2080
    { 8, 17, 210, 1, 12, 34, 635 }, // U+2081
    { 12, 17, 210, 0, 12, 51, 669 }, // U+2082
    { 13, 17, 210, 0, 12, 56, 720 }, // U+2083
    { 13, 17, 210, 0, 12, 56, 776 }, // U+2084
    { 11, 17, 210, 1, 12, 47, 832 }, // U+2085
    { 13, 17, 210, 0, 12, 56, 879 }, // U+2086
    { 12, 17, 210, 1, 12, 51, 935 }, // U+2087
    { 13, 17, 210, 0, 12, 56, 986 }, // U+2088
    { 13, 18, 210, 0, 13, 59, 1042 }, // U+2089
    { 11, 11, 203, 1, 8, 31, 1101 }, // U+208A
    { 11, 3, 203, 1, 4, 9, 1132 }, // U+208B
    { 11, 7, 203, 1, 6, 20, 1141 }, // U+208C
    { 7, 22, 136, 2, 14, 39, 1161 }, // U+208D
    { 7, 22, 136, 0, 14, 39, 1200 }, // U+208E
    { 11, 13, 219, 1, 9, 36, 1239 }, // U+2090
    { 12, 13, 220, 1, 9, 39, 1275 }, // U+2091
    { 13, 13, 236, 1, 9, 43, 1314 }, // U+2092
    { 13, 13, 206, 0, 9, 43, 1357 }, // U+2093
    { 12, 13, 220, 1, 9, 39, 1400 }, // U+2094
    { 12, 18, 241, 2, 14, 54, 1439 }, // U+2095
    { 11, 18, 208, 2, 14, 50, 1493 }, // U+2096
    { 3, 18, 101, 2, 14, 14, 1543 }, // U+2097
    { 19, 13, 365, 2, 9, 62, 1557 }, // U+2098
    { 12, 13, 241, 2, 9, 39, 1619 }, // U+2099
    { 12, 18, 240, 2, 9, 54, 1658 }, // U+209A
    { 10, 13, 187, 1, 9, 33, 1712 }, // U+209B
    { 9, 16, 141, 0, 12, 36, 1745 }, // U+209C
    { 20, 28, 343, 1, 28, 140, 0 }, // U+20A0
    { 20, 32, 343, 1, 29, 160, 140 }, // U+20A1
    { 19, 29, 343, 2, 28, 138, 300 }, // U+20A2
    { 19, 27, 343, 1, 27, 129, 438 }, // U+20A3
    { 20, 28, 343, 1, 28, 140, 567 }, // U+20A4
    { 30, 30, 561, 3, 25, 225, 707 }, // U+20A5
    { 22, 27, 343, 0, 27, 149, 932 }, // U+20A6
    { 26, 28, 466, 2, 27, 182, 1081 }, // U+20A7
    { 27, 28, 500, 3, 27, 189, 1263 }, // U+20A8
    { 25, 27, 402, 0, 27, 169, 1452 }, // U+20A9
    { 24, 27, 479, 3, 27, 162, 1621 }, // U+20AA
    { 21, 35, 370, 2, 29, 184, 1783 }, // U+20AB
    { 21, 29, 343, 0, 28, 153, 1967 }, // U+20AC
    { 22, 27, 343, 0, 27, 149, 2120 }, // U+20AD
    { 21, 27, 343, 0, 27, 142, 2269 }, // U+20AE
    { 36, 37, 582, 0, 28, 333, 2411 }, // U+20AF
    { 20, 37, 343, 0, 28, 185, 2744 }, // U+20B0
    { 22, 27, 343, 0, 27, 149, 2929 }, // U+20B1
    { 23, 32, 437, 2, 29, 184, 3078 }, // U+20B2
    { 23, 27, 365, 0, 27, 156, 3262 }, // U+20B3
    { 21, 29, 329, 0, 28, 153, 3418 }, // U+20B4
    { 21, 32, 379, 2, 29, 168, 3571 }, // U+20B5
    { 23, 26, 373, 0, 25, 150, 3739 }, // U+20B6
    { 26, 31, 436, 0, 28, 202, 3889 }, // U+20B7
    { 20, 27, 328, 0, 27, 135, 4091 }, // U+20B8
    { 17, 27, 343, 2, 27, 115, 4226 }, // U+20B9
    { 21, 28, 343, 0, 27, 147, 4341 }, // U+20BA
    { 29, 29, 469, 0, 28, 211, 4488 }, // U+20BB
    { 26, 27, 486, 2, 27, 176, 4699 }, // U+20BC
    { 21, 27, 349, 0, 27, 142, 4875 }, // U+20BD
    { 25, 29, 463, 2, 29, 182, 5017 }, // U+20BE
    { 18, 35, 343, 3, 31, 158, 5199 }, // U+20BF
    { 16, 27, 296, 1, 21, 108, 5357 }, // U+20C0
    { 19, 4, 343, 1, 15, 19, 0 }, // U+2212
    { 28, 29, 413, 0, 29, 203, 0 }, // U+FB00
    { 20, 29, 361, 0, 29, 145, 203 }, // U+FB01
    { 20, 29, 361, 0, 29, 145, 348 }, // U+FB02
    { 33, 29, 568, 0, 29, 240, 493 }, // U+FB03
    { 33, 29, 568, 0, 29, 240, 733 }, // U+FB04
    { 22, 30, 404, 3, 29, 165, 973 }, // U+FB05
    { 30, 30, 504, 1, 29, 225, 1138 }, // U+FB06
    { 35, 35, 600, 1, 29, 307, 0 }, // U+FFFD
};

static const EpdUnicodeInterval notosans_18_regularIntervals[] = {
    { 0x0, 0x0, 0x0 },
    { 0xD, 0xD, 0x1 },
    { 0x20, 0x7E, 0x2 },
    { 0xA0, 0x17F, 0x61 },
    { 0x1A0, 0x1A1, 0x141 },
    { 0x1AF, 0x1B0, 0x143 },
    { 0x1C4, 0x21F, 0x145 },
    { 0x300, 0x36F, 0x1A1 },
    { 0x2000, 0x2064, 0x211 },
    { 0x2066, 0x2071, 0x276 },
    { 0x2074, 0x208E, 0x282 },
    { 0x2090, 0x209C, 0x29D },
    { 0x20A0, 0x20C0, 0x2AA },
    { 0x2212, 0x2212, 0x2CB },
    { 0xFB00, 0xFB06, 0x2CC },
    { 0xFFFD, 0xFFFD, 0x2D3 },
};

static const EpdFontGroup notosans_18_regularGroups[] = {
    { 0, 4225, 11305, 97, 0 },
    { 4225, 3849, 13593, 96, 97 },
    { 8074, 4689, 20862, 128, 193 },
    { 12763, 4564, 19030, 96, 321 },
    { 17327, 1557, 2918, 112, 417 },
    { 18884, 2689, 7797, 111, 529 },
    { 21573, 799, 1999, 42, 640 },
    { 22372, 2511, 5853, 33, 682 },
    { 24883, 17, 20, 1, 715 },
    { 24900, 371, 1435, 7, 716 },
    { 25271, 166, 315, 1, 723 },
};

static const EpdKernClassEntry notosans_18_regularKernLeftClasses[] = {
    { 0x0022, 1 }, // "
    { 0x0026, 2 }, // &
    { 0x0027, 1 }, // '
    { 0x0028, 3 }, // (
    { 0x002C, 4 }, // ,
    { 0x002D, 5 }, // -
    { 0x002E, 4 }, // .
    { 0x0041, 6 }, // A
    { 0x0042, 7 }, // B
    { 0x0043, 8 }, // C
    { 0x0044, 9 }, // D
    { 0x0045, 10 }, // E
    { 0x0046, 11 }, // F
    { 0x004B, 8 }, // K
    { 0x004C, 12 }, // L
    { 0x004F, 9 }, // O
    { 0x0050, 13 }, // P
    { 0x0051, 9 }, // Q
    { 0x0052, 14 }, // R
    { 0x0054, 15 }, // T
    { 0x0055, 16 }, // U
    { 0x0056, 17 }, // V
    { 0x0057, 17 }, // W
    { 0x0058, 8 }, // X
    { 0x0059, 18 }, // Y
    { 0x005A, 19 }, // Z
    { 0x005B, 3 }, // [
    { 0x005F, 20 }, // _
    { 0x0061, 21 }, // a
    { 0x0062, 22 }, // b
    { 0x0063, 23 }, // c
    { 0x0065, 22 }, // e
    { 0x0066, 24 }, // f
    { 0x0068, 21 }, // h
    { 0x006D, 21 }, // m
    { 0x006E, 21 }, // n
    { 0x006F, 22 }, // o
    { 0x0070, 22 }, // p
    { 0x0072, 25 }, // r
    { 0x0074, 23 }, // t
    { 0x0076, 26 }, // v
    { 0x0077, 26 }, // w
    { 0x0078, 27 }, // x
    { 0x0079, 26 }, // y
    { 0x007B, 3 }, // {
    { 0x00A1, 28 }, // U+00A1
    { 0x00AB, 29 }, // U+00AB
    { 0x00BB, 30 }, // U+00BB
    { 0x00BF, 31 }, // U+00BF
    { 0x00C0, 6 }, // U+00C0
    { 0x00C1, 6 }, // U+00C1
    { 0x00C2, 6 }, // U+00C2
    { 0x00C3, 6 }, // U+00C3
    { 0x00C4, 6 }, // U+00C4
    { 0x00C5, 6 }, // U+00C5
    { 0x00C6, 10 }, // U+00C6
    { 0x00C7, 8 }, // U+00C7
    { 0x00C8, 10 }, // U+00C8
    { 0x00C9, 10 }, // U+00C9
    { 0x00CA, 10 }, // U+00CA
    { 0x00CB, 10 }, // U+00CB
    { 0x00D0, 9 }, // U+00D0
    { 0x00D2, 9 }, // U+00D2
    { 0x00D3, 9 }, // U+00D3
    { 0x00D4, 9 }, // U+00D4
    { 0x00D5, 9 }, // U+00D5
    { 0x00D6, 9 }, // U+00D6
    { 0x00D8, 9 }, // U+00D8
    { 0x00D9, 16 }, // U+00D9
    { 0x00DA, 16 }, // U+00DA
    { 0x00DB, 16 }, // U+00DB
    { 0x00DC, 16 }, // U+00DC
    { 0x00DD, 18 }, // U+00DD
    { 0x00DE, 13 }, // U+00DE
    { 0x00E0, 21 }, // U+00E0
    { 0x00E1, 21 }, // U+00E1
    { 0x00E2, 21 }, // U+00E2
    { 0x00E3, 21 }, // U+00E3
    { 0x00E4, 21 }, // U+00E4
    { 0x00E5, 21 }, // U+00E5
    { 0x00E6, 22 }, // U+00E6
    { 0x00E8, 22 }, // U+00E8
    { 0x00E9, 22 }, // U+00E9
    { 0x00EA, 22 }, // U+00EA
    { 0x00EB, 22 }, // U+00EB
    { 0x00EE, 32 }, // U+00EE
    { 0x00EF, 32 }, // U+00EF
    { 0x00F0, 22 }, // U+00F0
    { 0x00F2, 22 }, // U+00F2
    { 0x00F3, 22 }, // U+00F3
    { 0x00F4, 22 }, // U+00F4
    { 0x00F5, 22 }, // U+00F5
    { 0x00F6, 22 }, // U+00F6
    { 0x00F8, 22 }, // U+00F8
    { 0x00FD, 26 }, // U+00FD
    { 0x00FE, 22 }, // U+00FE
    { 0x00FF, 26 }, // U+00FF
    { 0x0100, 6 }, // U+0100
    { 0x0101, 21 }, // U+0101
    { 0x0102, 6 }, // U+0102
    { 0x0103, 21 }, // U+0103
    { 0x0104, 33 }, // U+0104
    { 0x0105, 21 }, // U+0105
    { 0x0106, 8 }, // U+0106
    { 0x0108, 8 }, // U+0108
    { 0x010A, 8 }, // U+010A
    { 0x010C, 8 }, // U+010C
    { 0x010E, 9 }, // U+010E
    { 0x010F, 34 }, // U+010F
    { 0x0110, 9 }, // U+0110
    { 0x0112, 10 }, // U+0112
    { 0x0113, 22 }, // U+0113
    { 0x0114, 10 }, // U+0114
    { 0x0115, 22 }, // U+0115
    { 0x0116, 10 }, // U+0116
    { 0x0117, 22 }, // U+0117
    { 0x0118, 10 }, // U+0118
    { 0x0119, 22 }, // U+0119
    { 0x011A, 10 }, // U+011A
    { 0x011B, 22 }, // U+011B
    { 0x0125, 21 }, // U+0125
    { 0x0129, 35 }, // U+0129
    { 0x012B, 32 }, // U+012B
    { 0x012E, 36 }, // U+012E
    { 0x0136, 8 }, // U+0136
    { 0x0138, 27 }, // U+0138
    { 0x0139, 12 }, // U+0139
    { 0x013B, 12 }, // U+013B
    { 0x013D, 12 }, // U+013D
    { 0x013E, 34 }, // U+013E
    { 0x013F, 12 }, // U+013F
    { 0x0141, 12 }, // U+0141
    { 0x0144, 21 }, // U+0144
    { 0x0146, 21 }, // U+0146
    { 0x0149, 21 }, // U+0149
    { 0x014B, 21 }, // U+014B
    { 0x014C, 9 }, // U+014C
    { 0x014D, 22 }, // U+014D
    { 0x014E, 9 }, // U+014E
    { 0x014F, 22 }, // U+014F
    { 0x0150, 9 }, // U+0150
    { 0x0151, 22 }, // U+0151
    { 0x0152, 10 }, // U+0152
    { 0x0153, 22 }, // U+0153
    { 0x0155, 25 }, // U+0155
    { 0x0157, 25 }, // U+0157
    { 0x0159, 25 }, // U+0159
    { 0x0162, 15 }, // U+0162
    { 0x0163, 23 }, // U+0163
    { 0x0164, 15 }, // U+0164
    { 0x0165, 37 }, // U+0165
    { 0x0166, 15 }, // U+0166
    { 0x0167, 23 }, // U+0167
    { 0x0168, 16 }, // U+0168
    { 0x016A, 16 }, // U+016A
    { 0x016C, 16 }, // U+016C
    { 0x016E, 16 }, // U+016E
    { 0x0170, 16 }, // U+0170
    { 0x0172, 16 }, // U+0172
    { 0x0174, 17 }, // U+0174
    { 0x0175, 26 }, // U+0175
    { 0x0176, 18 }, // U+0176
    { 0x0177, 26 }, // U+0177
    { 0x0178, 18 }, // U+0178
    { 0x0179, 19 }, // U+0179
    { 0x017B, 19 }, // U+017B
    { 0x017D, 19 }, // U+017D
    { 0x01A0, 38 }, // U+01A0
    { 0x01A1, 39 }, // U+01A1
    { 0x01AF, 40 }, // U+01AF
    { 0x01B0, 41 }, // U+01B0
    { 0x01FA, 6 }, // U+01FA
    { 0x01FB, 21 }, // U+01FB
    { 0x01FC, 10 }, // U+01FC
    { 0x01FD, 22 }, // U+01FD
    { 0x01FE, 9 }, // U+01FE
    { 0x020B, 32 }, // U+020B
    { 0x021A, 15 }, // U+021A
    { 0x021B, 23 }, // U+021B
    { 0x2013, 5 }, // U+2013
    { 0x2014, 5 }, // U+2014
    { 0x2015, 5 }, // U+2015
    { 0x2018, 1 }, // U+2018
    { 0x2019, 1 }, // U+2019
    { 0x201A, 4 }, // U+201A
    { 0x201C, 1 }, // U+201C
    { 0x201D, 1 }, // U+201D
    { 0x201E, 4 }, // U+201E
    { 0x2039, 29 }, // U+2039
    { 0x203A, 30 }, // U+203A
    { 0xFB00, 24 }, // U+FB00
};

static const EpdKernClassEntry notosans_18_regularKernRightClasses[] = {
    { 0x0021, 1 }, // !
    { 0x0022, 2 }, // "
    { 0x0026, 3 }, // &
    { 0x0027, 2 }, // '
    { 0x0029, 4 }, // )
    { 0x002C, 5 }, // ,
    { 0x002D, 6 }, // -
    { 0x002E, 5 }, // .
    { 0x003F, 7 }, // ?
    { 0x0041, 8 }, // A
    { 0x0043, 9 }, // C
    { 0x0047, 9 }, // G
    { 0x0049, 10 }, // I
    { 0x004A, 11 }, // J
    { 0x004F, 9 }, // O
    { 0x0051, 9 }, // Q
    { 0x0054, 12 }, // T
    { 0x0055, 13 }, // U
    { 0x0056, 14 }, // V
    { 0x0057, 14 }, // W
    { 0x0058, 15 }, // X
    { 0x0059, 16 }, // Y
    { 0x005A, 17 }, // Z
    { 0x005D, 4 }, // ]
    { 0x0061, 18 }, // a
    { 0x0062, 19 }, // b
    { 0x0063, 20 }, // c
    { 0x0064, 20 }, // d
    { 0x0065, 20 }, // e
    { 0x0066, 21 }, // f
    { 0x0067, 22 }, // g
    { 0x0068, 19 }, // h
    { 0x006A, 23 }, // j
    { 0x006B, 19 }, // k
    { 0x006C, 19 }, // l
    { 0x006D, 24 }, // m
    { 0x006E, 24 }, // n
    { 0x006F, 20 }, // o
    { 0x0070, 24 }, // p
    { 0x0071, 20 }, // q
    { 0x0072, 24 }, // r
    { 0x0073, 25 }, // s
    { 0x0074, 21 }, // t
    { 0x0075, 24 }, // u
    { 0x0076, 26 }, // v
    { 0x0077, 26 }, // w
    { 0x0078, 26 }, // x
    { 0x0079, 26 }, // y
    { 0x007A, 27 }, // z
    { 0x007D, 4 }, // }
    { 0x00AB, 28 }, // U+00AB
    { 0x00BB, 29 }, // U+00BB
    { 0x00C0, 8 }, // U+00C0
    { 0x00C1, 8 }, // U+00C1
    { 0x00C2, 8 }, // U+00C2
    { 0x00C3, 8 }, // U+00C3
    { 0x00C4, 8 }, // U+00C4
    { 0x00C5, 8 }, // U+00C5
    { 0x00C6, 30 }, // U+00C6
    { 0x00C7, 9 }, // U+00C7
    { 0x00D2, 9 }, // U+00D2
    { 0x00D3, 9 }, // U+00D3
    { 0x00D4, 9 }, // U+00D4
    { 0x00D5, 9 }, // U+00D5
    { 0x00D6, 9 }, // U+00D6
    { 0x00D8, 9 }, // U+00D8
    { 0x00D9, 13 }, // U+00D9
    { 0x00DA, 13 }, // U+00DA
    { 0x00DB, 13 }, // U+00DB
    { 0x00DC, 13 }, // U+00DC
    { 0x00DD, 16 }, // U+00DD
    { 0x00E0, 20 }, // U+00E0
    { 0x00E1, 18 }, // U+00E1
    { 0x00E2, 18 }, // U+00E2
    { 0x00E3, 18 }, // U+00E3
    { 0x00E4, 18 }, // U+00E4
    { 0x00E5, 18 }, // U+00E5
    { 0x00E6, 18 }, // U+00E6
    { 0x00E7, 20 }, // U+00E7
    { 0x00E8, 20 }, // U+00E8
    { 0x00E9, 20 }, // U+00E9
    { 0x00EA, 20 }, // U+00EA
    { 0x00EB, 20 }, // U+00EB
    { 0x00F2, 20 }, // U+00F2
    { 0x00F3, 20 }, // U+00F3
    { 0x00F4, 20 }, // U+00F4
    { 0x00F5, 20 }, // U+00F5
    { 0x00F6, 20 }, // U+00F6
    { 0x00F8, 20 }, // U+00F8
    { 0x00F9, 24 }, // U+00F9
    { 0x00FA, 24 }, // U+00FA
    { 0x00FB, 24 }, // U+00FB
    { 0x00FC, 24 }, // U+00FC
    { 0x00FD, 26 }, // U+00FD
    { 0x00FE, 19 }, // U+00FE
    { 0x00FF, 26 }, // U+00FF
    { 0x0100, 8 }, // U+0100
    { 0x0101, 18 }, // U+0101
    { 0x0102, 8 }, // U+0102
    { 0x0103, 18 }, // U+0103
    { 0x0104, 8 }, // U+0104
    { 0x0105, 18 }, // U+0105
    { 0x0106, 9 }, // U+0106
    { 0x0107, 20 }, // U+0107
    { 0x0108, 9 }, // U+0108
    { 0x0109, 20 }, // U+0109
    { 0x010A, 9 }, // U+010A
    { 0x010B, 20 }, // U+010B
    { 0x010C, 9 }, // U+010C
    { 0x010D, 20 }, // U+010D
    { 0x010F, 20 }, // U+010F
    { 0x0111, 20 }, // U+0111
    { 0x0113, 20 }, // U+0113
    { 0x0115, 20 }, // U+0115
    { 0x0117, 20 }, // U+0117
    { 0x0119, 20 }, // U+0119
    { 0x011B, 20 }, // U+011B
    { 0x011C, 9 }, // U+011C
    { 0x011D, 22 }, // U+011D
    { 0x011E, 9 }, // U+011E
    { 0x011F, 22 }, // U+011F
    { 0x0120, 9 }, // U+0120
    { 0x0121, 22 }, // U+0121
    { 0x0122, 9 }, // U+0122
    { 0x0123, 22 }, // U+0123
    { 0x0125, 19 }, // U+0125
    { 0x0127, 31 }, // U+0127
    { 0x0129, 32 }, // U+0129
    { 0x0137, 19 }, // U+0137
    { 0x0138, 24 }, // U+0138
    { 0x013A, 19 }, // U+013A
    { 0x013C, 19 }, // U+013C
    { 0x013E, 19 }, // U+013E
    { 0x0140, 19 }, // U+0140
    { 0x0144, 24 }, // U+0144
    { 0x0146, 24 }, // U+0146
    { 0x014B, 24 }, // U+014B
    { 0x014C, 9 }, // U+014C
    { 0x014D, 20 }, // U+014D
    { 0x014E, 9 }, // U+014E
    { 0x014F, 20 }, // U+014F
    { 0x0150, 9 }, // U+0150
    { 0x0151, 20 }, // U+0151
    { 0x0152, 9 }, // U+0152
    { 0x0153, 20 }, // U+0153
    { 0x0155, 24 }, // U+0155
    { 0x0157, 24 }, // U+0157
    { 0x015B, 25 }, // U+015B
    { 0x015F, 25 }, // U+015F
    { 0x0162, 12 }, // U+0162
    { 0x0163, 21 }, // U+0163
    { 0x0164, 12 }, // U+0164
    { 0x0165, 21 }, // U+0165
    { 0x0166, 12 }, // U+0166
    { 0x0167, 21 }, // U+0167
    { 0x0168, 13 }, // U+0168
    { 0x0169, 24 }, // U+0169
    { 0x016A, 13 }, // U+016A
    { 0x016B, 24 }, // U+016B
    { 0x016C, 13 }, // U+016C
    { 0x016D, 24 }, // U+016D
    { 0x016E, 13 }, // U+016E
    { 0x016F, 24 }, // U+016F
    { 0x0170, 13 }, // U+0170
    { 0x0171, 24 }, // U+0171
    { 0x0172, 13 }, // U+0172
    { 0x0173, 24 }, // U+0173
    { 0x0174, 14 }, // U+0174
    { 0x0175, 26 }, // U+0175
    { 0x0176, 16 }, // U+0176
    { 0x0177, 26 }, // U+0177
    { 0x0178, 16 }, // U+0178
    { 0x0179, 17 }, // U+0179
    { 0x017A, 27 }, // U+017A
    { 0x017B, 17 }, // U+017B
    { 0x017C, 27 }, // U+017C
    { 0x017D, 17 }, // U+017D
    { 0x017E, 27 }, // U+017E
    { 0x01A0, 9 }, // U+01A0
    { 0x01A1, 20 }, // U+01A1
    { 0x01AF, 13 }, // U+01AF
    { 0x01B0, 24 }, // U+01B0
    { 0x01FA, 8 }, // U+01FA
    { 0x01FB, 18 }, // U+01FB
    { 0x01FC, 30 }, // U+01FC
    { 0x01FD, 18 }, // U+01FD
    { 0x01FE, 9 }, // U+01FE
    { 0x01FF, 20 }, // U+01FF
    { 0x0219, 25 }, // U+0219
    { 0x021A, 12 }, // U+021A
    { 0x021B, 21 }, // U+021B
    { 0x2013, 6 }, // U+2013
    { 0x2014, 6 }, // U+2014
    { 0x2015, 6 }, // U+2015
    { 0x2018, 33 }, // U+2018
    { 0x2019, 2 }, // U+2019
    { 0x201A, 5 }, // U+201A
    { 0x201C, 33 }, // U+201C
    { 0x201D, 2 }, // U+201D
    { 0x201E, 5 }, // U+201E
    { 0x2026, 5 }, // U+2026
    { 0x2039, 28 }, // U+2039
    { 0x203A, 29 }, // U+203A
    { 0xFB00, 21 }, // U+FB00
    { 0xFB01, 21 }, // U+FB01
    { 0xFB02, 21 }, // U+FB02
    { 0xFB03, 21 }, // U+FB03
    { 0xFB04, 21 }, // U+FB04
};

static const int8_t notosans_18_regularKernMatrix[] = {
       0,    0,    0,    0,    0,    0,    0,  -42,    0,    0,    0,   12,    0,   12,    0,    6,    0,  -24,    0,  -36,    0,  -18,    0,  -18,  -18,    0,    0,    0,    0,  -48,    0,   42,    0,
       0,    0,    0,    0,    0,    0,    0,    0,    0,    0,    0,  -36,    0,  -12,    0,  -18,    0,    0,    0,    0,    0,    0,    0,    0,    0,    0,    0,    0,    0,    0,    0,    0,    0,
       0,    0,    0,    0,    0,    0,    0,    0,    0,    0,   54,    0,    0,    0,    0,    0,    0,    0,    0,    0,    0,    0,   24,    0,    0,    0,    0,    0,    0,    0,    0,    0,    0,
       0,    0,    0,    0,    0,    0,    0,    0,  -30,    0,    0,  -42,  -12,  -36,    0,  -36,    0,    0,    0,    0,    0,    0,    0,    0,    0,    0,    0,    0,    0,    0,    0,    0,    0,
       0,    0,    0,    0,    0,    0,    0,    0,    0,    0,    0,  -24,    0,    0,    0,    0,    0,    0,    0,    0,    0,    0,    0,    0,    0,    0,    0,    0,    0,    0,    0,    0,    0,
       0,  -42,    0,    0,    0,    0,    0,    0,  -12,    0,   30,  -42,    0,  -24,    0,  -36,    0,    0,    0,    0,    0,    0,    0,    0,    0,    0,    0,    0,    0,    0,    0,    0,    0,
       0,    0,    0,    0,   -6,    0,    0,    0,    0,    0,    0,    0,    0,    0,    0,    0,    0,    0,    0,    0,    0,    0,    0,    0,    0,    0,    0,    0,    0,    0,    0,    0,    0,
       0,    0,    0,    0,    0,    0,    0,    0,  -12,    0,    0,    0,    0,    0,    0,    0,    0,    0,    0,    0,    0,    0,    0,    0,    0,    0,    0,  -12,    0,    0,    0,    0,    0,
       0,    0,    0,    0,  -24,    0,    0,  -12,    0,    0,    0,  -18,    0,   -6,  -12,   -6,   -6,    0,    0,    0,    0,    0,    0,    0,    0,    0,    0,    0,    0,    0,    0,    0,    0,
       0,    0,    0,    0,    0,    0,    0,    0,    0,    0,   36,    0,    0,    0,    0,    0,    0,    0,    0,    0,    0,    0,    0,    0,    0,    0,    0,    0,    0,    0,    0,    0,    0,
       0,    0,    0,   12,  -36,    0,   12,  -12,    0,    0,    0,    0,    0,    0,    0,    0,    0,    0,    0,    0,    0,    0,    0,    0,    0,    0,    0,    0,    0,    0,    0,    0,    0,
       0,  -48,    0,    0,    0,    0,    0,    0,  -12,    0,    0,  -12,   -6,  -12,    0,  -18,    0,    0,    0,    0,    0,    0,    0,    0,    0,    0,    0,    0,    0,    0,    0,    0,    0,
       0,    0,   -6,    0,  -78,    0,    0,  -30,    0,    0,    0,    0,    0,    0,  -12,    0,   -6,    0,    0,    0,    0,    0,    0,    0,    0,    0,    0,  -12,    0,  -18,    0,    0,    0,
       0,    0,    0,    0,    0,    0,    0,    0,    0,    0,    0,    0,    0,    0,    0,    0,    0,    0,    0,    0,    0,    0,    0,    0,    0,    0,    0,   -6,    0,    0,    0,    0,    0,
       0,    0,  -12,    0,  -36,  -24,   12,  -42,  -12,    0,    0,   12,    0,    0,    0,    0,    0,  -48,    0,  -42,    0,  -42,    0,  -30,  -36,  -12,  -24,  -36,  -18,    0,    0,    0,    0,
       0,    0,    0,    0,  -12,    0,    0,   -6,    0,    0,    0,    0,    0,    0,    0,    0,    0,    0,    0,    0,    0,    0,    0,    0,    0,    0,    0,    0,    0,    0,    0,    0,    0,
       0,    0,    0,    0,  -30,    0,   12,  -24,   -6,    0,    0,    0,    0,    0,    0,    0,    0,  -12,    0,  -12,    0,   -6,    0,   -6,   -6,    0,    0,  -18,   -6,    0,    0,    0,    0,
       0,    0,  -18,    0,  -36,    0,   12,  -36,  -12,    0,    0,    0,    0,    0,    0,    0,    0,  -30,    0,  -30,    0,  -30,    0,  -18,  -24,    0,  -12,  -48,  -18,    0,    0,    0,    0,
       0,    0,    0,    0,    0,    0,    0,    0,   -6,    0,    0,    0,    0,    0,    0,    0,    0,    0,    0,    0,    0,    0,    0,    0,    0,    0,    0,  -12,    0,    0,    0,    0,    0,
       0,    0,    0,    0,    0,    0,    0,    0,    0,    0,   57,    0,    0,    0,    0,    0,    0,    0,    0,    0,    0,    0,    0,    0,    0,    0,    0,    0,    0,    0,    0,    0,    0,
       0,   -6,    0,    0,    0,    0,    0,    0,    0,    0,    0,    0,    0,    0,    0,    0,    0,    0,    0,    0,    0,    0,    0,    0,    0,    0,    0,    0,    0,    0,    0,    0,    0,
       0,   -6,    0,    0,    0,    0,    0,    0,    0,    0,    0,    0,    0,    0,    0,    0,    0,    0,    0,    0,    0,    0,    0,    0,    0,  -12,   -6,    0,    0,    0,    0,    0,    0,
       0,   12,    0,    0,    0,    0,    0,    0,    0,    0,    0,    0,    0,    0,    0,    0,    0,    0,    0,    0,    0,    0,    0,    0,    0,    0,    0,    0,    0,    0,    0,    0,    0,
       0,   36,    0,   24,  -12,    0,    0,    0,    0,    0,    0,    0,    0,    0,    0,    0,    0,    0,    0,    0,    0,    0,    0,    0,    0,    0,    0,    0,    0,    0,    0,    0,    0,
       0,   24,    0,    0,  -96,    0,    0,    0,    0,    0,    0,    0,    0,    0,    0,    0,    0,  -12,    0,  -12,    0,   -6,    0,    0,    0,    0,    0,    0,    0,    0,    0,    0,    0,
       0,   24,    0,    0,  -24,    0,   12,    0,    0,    0,    0,    0,    0,    0,    0,    0,    0,    0,    0,    0,    0,    0,    0,    0,    0,    0,    0,    0,    0,    0,    0,    0,    0,
       0,    0,    0,    0,    0,    0,    0,    0,    0,    0,    0,    0,    0,    0,    0,    0,    0,    0,    0,  -12,    0,    0,    0,    0,    0,    0,    0,    0,    0,    0,    0,    0,    0,
       0,    0,    0,    0,    0,    0,    0,    0,    0,    0,   30,  -12,    0,   -6,    0,  -18,    0,    0,    0,    0,    0,    0,    0,    0,    0,    0,    0,    0,    0,    0,    0,    0,    0,
       0,    0,    0,    0,    0,    0,    0,    0,    0,    0,    0,  -18,    0,   -6,    0,  -18,    0,    0,    0,    0,    0,    0,    0,    0,    0,    0,    0,    0,    0,    0,    0,    0,    0,
       0,    0,    0,    0,    0,    0,    0,    0,    0,    0,    0,  -36,    0,  -18,  -12,  -48,    0,    0,    0,    0,    0,    0,    0,    0,    0,    0,    0,    0,    0,    0,    0,    0,    0,
       0,    0,    0,    0,    0,    0,    0,    0,    0,    0,   60,  -24,    0,  -18,    0,  -24,    0,    0,    0,    0,    0,    0,    0,    0,    0,    0,    0,    0,    0,    0,    0,    0,    0,
       0,    0,    0,   30,    0,    0,    0,    0,    0,    0,    0,    0,    0,    0,    0,    0,    0,    0,    0,    0,    0,    0,    0,    0,    0,    0,    0,    0,    0,    0,    0,    0,    0,
       0,  -42,    0,    0,    0,    0,    0,    0,  -12,    0,   66,  -42,    0,  -24,    0,  -36,    0,    0,    0,    0,    0,    0,    0,    0,    0,    0,    0,    0,    0,    0,    0,    0,    0,
      30,   30,    0,   54,    0,    0,   54,    0,    0,    0,    0,    0,    0,    0,    0,    0,    0,    0,   18,    0,    0,    0,    0,    0,    0,    0,    0,    0,    0,    0,   42,    0,   42,
       0,    0,    0,   30,    0,    0,    0,    0,    0,    0,    0,    0,    0,    0,    0,    0,    0,    0,    0,    0,    0,    0,    0,    0,    0,    0,    0,    0,    0,    0,    0,   78,    0,
       0,    0,    0,    0,    0,    0,    0,    0,    0,    0,   30,    0,    0,    0,    0,    0,    0,    0,    0,    0,    0,    0,    0,    0,    0,    0,    0,    0,    0,    0,    0,    0,    0,
      42,   66,    0,   72,    0,    0,   66,    0,    0,    0,    0,    0,    0,    0,    0,    0,    0,    0,    0,    0,    0,    0,    0,    0,    0,    0,    0,    0,    0,    0,    0,    0,   42,
       0,    0,    0,    0,    0,    0,    0,  -12,    0,   12,    0,   36,    0,   42,   30,   36,    0,    0,    0,    0,    0,    0,    0,    0,    0,    0,    0,    0,    0,    0,    0,    0,    0,
       0,    0,    0,    0,    0,    0,    0,    0,    0,    0,    0,    0,    0,    0,    0,    0,    0,    0,   12,    0,   24,    0,    0,    0,    0,   30,    0,    0,    0,    0,    0,    0,    0,
       0,    0,    0,    0,    0,    0,    0,  -18,   -6,   12,    0,   42,    0,   42,   30,   36,    0,  -18,    0,  -12,    0,  -12,    0,    0,    0,    0,    0,    0,    0,    0,    0,    0,    0,
       0,    0,    0,    0,    0,    0,    0,    0,    0,    0,    0,    0,    0,    0,    0,    0,    0,    0,   12,    0,   30,    0,    0,    0,    0,   30,    0,    0,    0,    0,    0,    0,    0,
};

static const EpdLigaturePair notosans_18_regularLigaturePairs[] = {
    { 0x00660066, 0xFB00 }, // f f -> U+FB00
    { 0x00660069, 0xFB01 }, // f i -> U+FB01
    { 0x0066006C, 0xFB02 }, // f l -> U+FB02
    { 0xFB000069, 0xFB03 }, // U+FB00 i -> U+FB03
    { 0xFB00006C, 0xFB04 }, // U+FB00 l -> U+FB04
};

static const EpdFontData notosans_18_regular = {
    notosans_18_regularBitmaps,
    notosans_18_regularGlyphs,
    notosans_18_regularIntervals,
    16,
    51,
    41,
    -11,
    true,
    notosans_18_regularGroups,
    11,
    nullptr,
    notosans_18_regularKernLeftClasses,
    notosans_18_regularKernRightClasses,
    notosans_18_regularKernMatrix,
    191,
    208,
    41,
    33,
    notosans_18_regularLigaturePairs,
    5,
};
