/**
 * generated by fontconvert.py
 * name: notosans_16_regular
 * size: 16
 * mode: 2-bit  compressed: true
 * Command used: fontconvert.py notosans_16_regular 16 ../builtinFonts/source/NotoSans/NotoSans-Regular.ttf --2bit --compress --pnum
 */
#pragma once
#include "EpdFontData.h"

static const uint8_t notosans_16_regularBitmaps[22284] = {
    0xBD, 0x5A, 0x3D, 0x8C, 0xE5, 0x56, 0x15, 0xBE, 0xB6, 0x77, 0xD7, 0x12, 0x16, 0x72, 0x8A, 0x2C,
    0x44, 0x6C, 0xE1, 0x26, 0x55, 0x22, 0xE2, 0x36, 0xC5, 0x8E, 0xAF, 0xA3, 0x88, 0x3E, 0xC5, 0x4E,
    0x56, 0x62, 0x8A, 0xD0, 0x12, 0x09, 0x4D, 0x93, 0x82, 0x62, 0xE6, 0xD9, 0x90, 0x82, 0x22, 0x05,
    0x2B, 0xA1, 0x20, 0xA4, 0x34, 0x14, 0x09, 0x82, 0xB7, 0xC5, 0x36, 0x14, 0x20, 0xBD, 0x79, 0xB6,
    0x40, 0xA2, 0xA1, 0x88, 0x41, 0x42, 0x94, 0x38, 0x62, 0xB7, 0x48, 0x28, 0x62, 0x81, 0x23, 0xFC,
    0x36, 0xB6, 0x2F, 0xDF, 0x77, 0xAE, 0xFD, 0xDE, 0xCC, 0xEE, 0xEC, 0x6F, 0x56, 0xF8, 0xF9, 0x1E,
    0xCF, 0xF3, 0xBB, 0x3F, 0xE7, 0x9E, 0xFF, 0x73, 0xEE, 0x68, 0xA5, 0xCF, 0xF9, 0x24, 0xEA, 0x95,
    0xE9, 0xF3, 0x6D, 0x75, 0x41, 0xF1, 0xD2, 0xAA, 0x48, 0x8B, 0x3C, 0xC3, 0xB7, 0x55, 0x50, 0x4D,
    0xB7, 0x5F, 0xE2, 0x3E, 0xC2, 0xED, 0xF1, 0x7E, 0xD5, 0xCB, 0x95, 0xFA, 0xAD, 0x53, 0xA3, 0x73,
    0xEB, 0x11, 0x36, 0x5E, 0xA5, 0x94, 0xD3, 0x78, 0xA5, 0x52, 0x6E, 0xE3, 0x13, 0xD6, 0x01, 0xA0,
    0x57, 0x05, 0xB9, 0xFA, 0xDA, 0xCD, 0xBB, 0xB7, 0x3E, 0x4B, 0x43, 0x83, 0x2B, 0xBF, 0x78, 0xF0,
    0xB7, 0xC3, 0xFD, 0x54, 0x05, 0x79, 0x8C, 0x41, 0x61, 0x9A, 0x08, 0xDC, 0x03, 0x8C, 0xD4, 0x55,
    0xC0, 0x58, 0x1D, 0x61, 0x79, 0x74, 0x1C, 0x27, 0xA8, 0xF6, 0x54, 0x8B, 0xF7, 0x57, 0x55, 0x03,
    0x78, 0xE4, 0x10, 0xAE, 0x5C, 0xC2, 0xCE, 0xB5, 0x8B, 0x57, 0xF3, 0xE2, 0xCA, 0x41, 0xC3, 0x6A,
    0xD2, 0xAE, 0xDC, 0x50, 0xBE, 0x31, 0x55, 0x64, 0x4C, 0x93, 0x7D, 0xF0, 0xF3, 0xE6, 0x04, 0xEF,
    0xFA, 0xA9, 0x0D, 0x68, 0xD9, 0x7B, 0xB9, 0x8A, 0x4D, 0x8E, 0x3E, 0x9D, 0x52, 0x19, 0xFE, 0x08,
    0x4C, 0xA3, 0x82, 0x9F, 0x74, 0x18, 0xDB, 0xA3, 0xAD, 0xF8, 0x4C, 0x83, 0x1F, 0xF5, 0xE3, 0xC1,
    0xAD, 0x16, 0x68, 0x54, 0x19, 0x31, 0xB9, 0x92, 0xEF, 0xE6, 0x67, 0xB3, 0x97, 0x3B, 0x72, 0x07,
    0x2A, 0x34, 0x25, 0x90, 0x57, 0xF1, 0xEB, 0x35, 0x30, 0x56, 0x09, 0x10, 0x5D, 0x11, 0xF7, 0x86,
    0xD8, 0x1F, 0x01, 0xCD, 0x46, 0x1E, 0x24, 0x0C, 0x1E, 0x61, 0x2E, 0x8F, 0x48, 0x36, 0xD6, 0x26,
    0x97, 0x6E, 0xA8, 0x3D, 0xA7, 0x59, 0xE9, 0x5E, 0xBD, 0xE2, 0x36, 0xED, 0xBA, 0x50, 0xD1, 0x07,
    0x7F, 0x6D, 0xDA, 0x30, 0x0D, 0xCC, 0xBB, 0x7F, 0x69, 0xC2, 0xDC, 0xF9, 0x7D, 0xF8, 0x87, 0x86,
    0xC4, 0x8C, 0xDC, 0x9A, 0x13, 0x24, 0x9E, 0x3C, 0x8E, 0xEC, 0xA3, 0x93, 0x97, 0x6E, 0xE3, 0xB2,
    0x8B, 0x57, 0x39, 0x18, 0xA0, 0xF0, 0x57, 0x17, 0xA5, 0x44, 0x2B, 0x1B, 0xC9, 0x4D, 0x15, 0x75,
    0x82, 0xAB, 0x93, 0xCE, 0x58, 0x47, 0x86, 0x7F, 0x16, 0x06, 0x34, 0x74, 0xC6, 0x03, 0xE0, 0xE8,
    0xB5, 0x0E, 0xFA, 0x00, 0xCD, 0x7E, 0x07, 0xF9, 0xC6, 0xE9, 0x3C, 0xD2, 0x7F, 0x88, 0x48, 0x6D,
    0x5D, 0x70, 0xDB, 0xD1, 0xC0, 0x19, 0x32, 0xBE, 0x76, 0xCD, 0xA0, 0xBC, 0x3A, 0x68, 0xB3, 0xDC,
    0xAF, 0xA2, 0x32, 0xAA, 0xC3, 0x52, 0xA7, 0x7E, 0x07, 0x88, 0x59, 0x75, 0xAA, 0x49, 0x5B, 0x59,
    0xBE, 0x27, 0x0C, 0x7A, 0x15, 0x97, 0x4A, 0x8F, 0x2A, 0xDC, 0x5C, 0x37, 0x18, 0x61, 0x4C, 0x17,
    0xD6, 0xC0, 0x21, 0xF7, 0x7A, 0xE5, 0xBC, 0x41, 0xC6, 0xF2, 0x3A, 0x3A, 0x3A, 0x7A, 0x15, 0x22,
    0xB9, 0xC2, 0xC2, 0x8D, 0x5F, 0x85, 0x65, 0x94, 0xC7, 0x29, 0xA5, 0x74, 0x81, 0xCF, 0xC9, 0xA9,
    0x0F, 0xBF, 0xF3, 0x7D, 0x9C, 0x87, 0x65, 0x58, 0xF9, 0xB5, 0x4B, 0xA4, 0x8F, 0xD5, 0x85, 0x15,
    0xDE, 0x45, 0x69, 0x58, 0xFA, 0xB5, 0xD7, 0xB8, 0xDC, 0x54, 0x8F, 0xCF, 0x3C, 0x60, 0xFE, 0x9C,
    0xA8, 0x81, 0xEF, 0x5D, 0xAE, 0xD1, 0x04, 0x55, 0x98, 0x6B, 0x0C, 0x7D, 0xCE, 0x12, 0xC8, 0xAF,
    0x6D, 0xA3, 0x4C, 0xA1, 0xBD, 0xE8, 0x95, 0x17, 0xB3, 0x9F, 0xFD, 0x69, 0x2C, 0x20, 0x07, 0xDF,
    0x2A, 0xC6, 0x8F, 0x54, 0x88, 0x8D, 0x6B, 0x30, 0xF7, 0x04, 0x9B, 0xEC, 0xE3, 0xDC, 0x6B, 0xC3,
    0x4A, 0x68, 0xFF, 0x9C, 0x43, 0xA1, 0x57, 0x8F, 0x00, 0x19, 0xA6, 0x49, 0x05, 0x5C, 0xBE, 0xFE,
    0xC5, 0xFE, 0xA3, 0x46, 0x28, 0xE0, 0x13, 0x92, 0x08, 0x25, 0x89, 0x90, 0x40, 0xA0, 0x8E, 0x88,
    0x26, 0x39, 0x97, 0xE2, 0xDE, 0xDF, 0x3F, 0xA3, 0xAC, 0x0A, 0x2A, 0xAC, 0xB0, 0x3B, 0x45, 0xD9,
    0x23, 0x0B, 0x9D, 0x56, 0x98, 0xA9, 0xA8, 0xA1, 0x01, 0xB6, 0x13, 0x52, 0x88, 0x72, 0x6A, 0x99,
    0x48, 0x05, 0xF6, 0x2C, 0xDD, 0x14, 0xF8, 0xEC, 0x4E, 0x5D, 0xFD, 0x87, 0x74, 0xB5, 0x57, 0x0C,
    0x91, 0x52, 0xD0, 0x09, 0xE5, 0x51, 0x70, 0x82, 0xDA, 0xE9, 0xD9, 0xF9, 0x84, 0xBD, 0xC1, 0x8D,
    0x54, 0x98, 0xA2, 0x88, 0xAE, 0x05, 0x51, 0xFE, 0x30, 0x30, 0xF5, 0x93, 0x61, 0x32, 0x01, 0xA6,
    0x5A, 0x63, 0x52, 0xA0, 0xE5, 0x6D, 0xAE, 0x74, 0x5C, 0x08, 0x08, 0xC5, 0x22, 0xAD, 0x14, 0x11,
    0xEC, 0x04, 0x92, 0x58, 0xD4, 0xDE, 0x97, 0x75, 0xF4, 0xCF, 0x5A, 0xBF, 0x5E, 0x7F, 0x1D, 0x6F,
    0x9E, 0xE2, 0x16, 0x1A, 0x0E, 0x50, 0x7B, 0x53, 0xEA, 0x3B, 0x87, 0x4D, 0x02, 0xF9, 0xBF, 0x00,
    0x76, 0x4E, 0xF4, 0x98, 0x9A, 0x33, 0xD1, 0xC5, 0x6F, 0x2C, 0x3D, 0x34, 0xB0, 0x58, 0xE3, 0x15,
    0x5E, 0x07, 0xC4, 0x2A, 0xBF, 0xEF, 0x6B, 0xB1, 0x5C, 0x2E, 0x29, 0x28, 0x6C, 0x56, 0xE3, 0x8A,
    0x91, 0xCA, 0x86, 0x4D, 0x60, 0x99, 0x16, 0xFC, 0x71, 0x39, 0xB7, 0x12, 0x0D, 0x3A, 0xD9, 0x02,
    0xBE, 0x93, 0xC5, 0x03, 0xAC, 0xF4, 0x76, 0x81, 0xA5, 0xCC, 0xA0, 0xA6, 0xBD, 0xAB, 0x2B, 0x32,
    0x62, 0x14, 0x9D, 0x53, 0x13, 0x37, 0x4E, 0x81, 0x0C, 0x74, 0x71, 0x06, 0xB5, 0x4E, 0xD1, 0xAF,
    0xE0, 0x88, 0xC8, 0x8C, 0xC0, 0xF3, 0xB2, 0xA8, 0xBA, 0x4C, 0xEA, 0x11, 0x84, 0x04, 0x31, 0xC1,
    0x9E, 0xEC, 0xAE, 0xA7, 0x9D, 0x06, 0xF0, 0x2B, 0x80, 0x10, 0x56, 0x0F, 0x9C, 0xEE, 0xC9, 0xE6,
    0x9E, 0xE2, 0xD0, 0x5B, 0x1B, 0xE0, 0x57, 0x00, 0xB0, 0x27, 0xA2, 0xBE, 0xBD, 0xC8, 0x6E, 0x2B,
    0xE0, 0xA5, 0xE5, 0x72, 0xFC, 0xE5, 0x84, 0xF8, 0xFD, 0x00, 0xFB, 0xAD, 0x62, 0xA0, 0x12, 0xF3,
    0x39, 0xE1, 0x39, 0xB7, 0x64, 0x6E, 0x6F, 0xDF, 0x50, 0x99, 0xB5, 0xF2, 0xD5, 0x05, 0x15, 0x51,
    0x48, 0x3B, 0x75, 0x1F, 0x07, 0xD8, 0xDC, 0x2E, 0x05, 0x07, 0x36, 0xAF, 0x65, 0x15, 0xB5, 0x26,
    0xA6, 0xC5, 0xBE, 0x3C, 0xCB, 0xA2, 0xC3, 0x6F, 0x11, 0x41, 0x71, 0xE7, 0x9A, 0x72, 0x49, 0x34,
    0x0A, 0xB1, 0x48, 0xB0, 0xB0, 0x0C, 0xA6, 0x40, 0x59, 0x21, 0x56, 0xFA, 0x12, 0xE8, 0xA2, 0x63,
    0x18, 0x7A, 0xBD, 0x3E, 0xC0, 0x8E, 0x6A, 0xD0, 0x54, 0xE7, 0xA7, 0xC4, 0x35, 0x3A, 0x05, 0x20,
    0x90, 0x31, 0x8C, 0x08, 0x7E, 0x03, 0x6B, 0xD7, 0xCA, 0x1B, 0xFC, 0x9E, 0xFC, 0x68, 0x94, 0xB8,
    0x0D, 0x91, 0x45, 0xE1, 0xF1, 0x0E, 0xCC, 0xFC, 0xD8, 0x32, 0x94, 0x92, 0x33, 0x61, 0x53, 0x6F,
    0xB1, 0xC9, 0xE7, 0x6E, 0x8B, 0x59, 0x0C, 0x9C, 0x7B, 0xFA, 0x6E, 0x31, 0x8F, 0xB7, 0x7D, 0xD7,
    0x67, 0x64, 0x64, 0xD2, 0x42, 0xA8, 0x84, 0x43, 0x84, 0xFC, 0xCD, 0x75, 0xF0, 0xA8, 0x42, 0x27,
    0x41, 0xD7, 0x2A, 0xD1, 0xA4, 0x49, 0x0B, 0x0A, 0x14, 0x78, 0x39, 0x50, 0xAE, 0x0A, 0x78, 0x28,
    0x0C, 0x13, 0xE3, 0x01, 0xE5, 0xED, 0x82, 0x0E, 0xC3, 0x9C, 0x91, 0xEB, 0x08, 0x0D, 0x44, 0x1F,
    0xC3, 0x2D, 0x80, 0x52, 0xCA, 0x2C, 0x2D, 0x1C, 0x9C, 0x67, 0x84, 0xC4, 0xE6, 0x86, 0xB2, 0x86,
    0x5A, 0xAE, 0xC3, 0x81, 0xF6, 0x1F, 0x93, 0x06, 0x9B, 0xC3, 0x46, 0x45, 0x25, 0xF4, 0x00, 0x0A,
    0x22, 0xA2, 0x92, 0x90, 0xC5, 0x34, 0xD9, 0xA0, 0xBC, 0x00, 0x7E, 0x15, 0x77, 0x80, 0x49, 0x1D,
    0x93, 0x86, 0x5F, 0x1C, 0x18, 0x4E, 0x0A, 0xBE, 0x14, 0xDD, 0x4E, 0x94, 0x93, 0xFB, 0xE9, 0x07,
    0xC4, 0x2F, 0x38, 0x50, 0x88, 0x80, 0x0E, 0x38, 0x30, 0xB7, 0xF1, 0xEA, 0x1A, 0xDA, 0x05, 0x6B,
    0xF5, 0x52, 0xAD, 0xCE, 0xBB, 0x76, 0x16, 0xD1, 0x01, 0x5E, 0x71, 0x15, 0x57, 0x42, 0xD0, 0xFB,
    0xAE, 0x88, 0x76, 0x35, 0xE7, 0xE6, 0x8F, 0x61, 0x31, 0x3B, 0xB5, 0xDD, 0x9A, 0xF2, 0x29, 0x35,
    0x19, 0x9D, 0x01, 0xE9, 0x95, 0xD1, 0x23, 0x8C, 0xA7, 0xFF, 0xD0, 0xD5, 0xF4, 0xBB, 0x8A, 0x3B,
    0x11, 0x43, 0x7E, 0x8F, 0x44, 0x47, 0x0B, 0xE2, 0x18, 0x88, 0x3C, 0x48, 0x07, 0x3F, 0x3D, 0x85,
    0x18, 0x05, 0x45, 0xCF, 0xB6, 0xE1, 0xDE, 0x0B, 0x4A, 0xB5, 0xBC, 0xB7, 0xCB, 0x3B, 0xDB, 0x79,
    0x62, 0xEB, 0x6F, 0xCF, 0xFB, 0xD3, 0xD9, 0xAE, 0x16, 0x8C, 0x34, 0x39, 0x95, 0xF5, 0xD1, 0x2E,
    0xF9, 0xA5, 0xBB, 0x79, 0x82, 0x77, 0xCE, 0x2C, 0x76, 0xC9, 0xB4, 0xD4, 0x67, 0xA5, 0x3F, 0x2A,
    0xF2, 0x17, 0x45, 0xE0, 0xFC, 0xCA, 0x3A, 0x8A, 0xD3, 0x1E, 0x00, 0x0C, 0x85, 0x6D, 0x51, 0x7E,
    0x3B, 0x7D, 0xA5, 0xF9, 0x60, 0x1C, 0x36, 0xB5, 0xE7, 0x4F, 0x4D, 0x48, 0x07, 0x61, 0xA6, 0x36,
    0xCE, 0xBF, 0x39, 0xB7, 0x3E, 0x14, 0xD4, 0x0C, 0x95, 0xC6, 0x33, 0xEF, 0x1F, 0x52, 0x5D, 0x6B,
    0x04, 0x07, 0xD6, 0x96, 0x41, 0x18, 0x3A, 0x91, 0x79, 0x88, 0xFE, 0x45, 0xC8, 0xBF, 0x5F, 0x32,
    0xA0, 0x40, 0x78, 0x14, 0x82, 0xDD, 0x5D, 0x84, 0xE5, 0x11, 0x08, 0xC4, 0xE0, 0x4D, 0xA2, 0x8E,
    0x12, 0x30, 0x08, 0x8F, 0x3D, 0xF8, 0x34, 0x79, 0x34, 0x74, 0x86, 0xF6, 0xB1, 0xE2, 0xCB, 0x63,
    0xD5, 0xED, 0xA1, 0xCB, 0xA0, 0x60, 0xCC, 0x4F, 0x5C, 0xE3, 0xD5, 0xB1, 0xD2, 0x9F, 0x7F, 0xFC,
    0x79, 0x19, 0xA9, 0x70, 0xF4, 0x0C, 0x55, 0xE2, 0x0D, 0x7C, 0xB8, 0x49, 0xAA, 0x5A, 0x6B, 0x91,
    0x1E, 0xAD, 0xCB, 0x8F, 0x37, 0xDF, 0xB9, 0x95, 0x93, 0xD9, 0x46, 0x88, 0xFA, 0xB2, 0xF9, 0x70,
    0x2B, 0x93, 0x34, 0x11, 0xE4, 0xAA, 0x08, 0x90, 0xB0, 0xD9, 0xF9, 0x2F, 0xD5, 0xD9, 0xFB, 0x37,
    0xB5, 0xD5, 0xFB, 0x44, 0x84, 0xB4, 0x12, 0x0B, 0x5B, 0x9E, 0x88, 0x86, 0x2F, 0xC4, 0xE0, 0x58,
    0x7B, 0x07, 0x33, 0x02, 0x81, 0x26, 0xE9, 0xC4, 0x49, 0x42, 0x61, 0x61, 0xA0, 0xA1, 0x34, 0xD0,
    0x5B, 0xEF, 0xEE, 0xF2, 0x66, 0x4B, 0x62, 0x83, 0x04, 0xB6, 0x43, 0x54, 0x52, 0xD5, 0x39, 0x44,
    0xDB, 0xE1, 0xE9, 0x42, 0x26, 0xB4, 0x93, 0x17, 0xE6, 0x53, 0x5A, 0x20, 0x8C, 0x07, 0x60, 0x4C,
    0x03, 0xBD, 0xC4, 0x2F, 0x05, 0x81, 0x3E, 0x0B, 0xD6, 0x00, 0x30, 0x15, 0x66, 0x59, 0x48, 0xE7,
    0x94, 0xA0, 0xE5, 0x3B, 0x19, 0xA1, 0x53, 0x1A, 0x7B, 0xCE, 0x1A, 0x95, 0x33, 0x88, 0x09, 0x34,
    0xDF, 0x19, 0x35, 0x2E, 0x6F, 0x0D, 0x76, 0x84, 0x11, 0x4F, 0x62, 0xA3, 0x5C, 0xFE, 0x09, 0x7B,
    0xDE, 0x38, 0xE6, 0xB3, 0x5B, 0x95, 0x37, 0x28, 0x27, 0x0F, 0x49, 0x80, 0xB8, 0x54, 0xD6, 0x2F,
    0x5A, 0xDF, 0xB4, 0xDE, 0x3A, 0xB7, 0xE1, 0xAC, 0x53, 0xD8, 0xBD, 0x5B, 0xEF, 0x1C, 0x19, 0x87,
    0x69, 0x31, 0x8B, 0xA4, 0x68, 0xD0, 0xC9, 0x3A, 0xEF, 0x1F, 0x94, 0x34, 0xA8, 0x54, 0x79, 0x0A,
    0x0D, 0xFC, 0xD8, 0x99, 0x9D, 0x33, 0x6E, 0x83, 0xE8, 0x13, 0x67, 0x52, 0x3D, 0xA0, 0x0F, 0xF3,
    0x5A, 0x71, 0x13, 0xF4, 0xD8, 0xFD, 0xEC, 0xDC, 0x2C, 0x18, 0xB6, 0x60, 0xFB, 0x4E, 0xBA, 0x48,
    0x67, 0x19, 0x16, 0x36, 0xD3, 0xF6, 0x61, 0x96, 0xC6, 0x65, 0x31, 0xCC, 0x0B, 0x6D, 0xC4, 0xC0,
    0xD3, 0xE5, 0xD4, 0x4C, 0x00, 0xCE, 0xF1, 0x4B, 0xDB, 0x66, 0x96, 0xCB, 0x1C, 0x7D, 0x4A, 0xB6,
    0x87, 0xF5, 0x63, 0x1B, 0x97, 0xCB, 0x1B, 0xD3, 0x9C, 0xF5, 0xE3, 0xCE, 0xFF, 0xA4, 0x6B, 0xCC,
    0x6D, 0x72, 0x91, 0x34, 0xDB, 0x11, 0x09, 0x67, 0xEE, 0xDE, 0xEC, 0x3D, 0x48, 0xFC, 0x8B, 0x8C,
    0x60, 0x45, 0xDA, 0xAC, 0x70, 0x3F, 0x80, 0x73, 0xCB, 0xDF, 0x90, 0x28, 0x46, 0x00, 0xDF, 0x65,
    0xEC, 0xA2, 0xD9, 0x59, 0x93, 0x73, 0x9A, 0xAC, 0xD7, 0x08, 0xE0, 0x95, 0xA6, 0x6F, 0xD4, 0xAE,
    0xB9, 0xF3, 0xA6, 0x91, 0x10, 0x81, 0x7A, 0x04, 0x23, 0x78, 0xF1, 0x0D, 0x86, 0xA1, 0x8E, 0xF0,
    0xE6, 0xB1, 0x01, 0xF6, 0x79, 0x93, 0x19, 0x97, 0xB1, 0xE0, 0x89, 0xC6, 0xEE, 0x00, 0x72, 0x0A,
    0x78, 0x3B, 0x7F, 0x43, 0x97, 0xFA, 0x34, 0x77, 0x4B, 0x67, 0x49, 0x7F, 0x89, 0xB0, 0x3E, 0x7C,
    0x76, 0x77, 0x9C, 0xEF, 0x17, 0x0A, 0x01, 0x61, 0xD1, 0xC2, 0xDA, 0x91, 0x38, 0xA2, 0xDB, 0x99,
    0xD5, 0xD6, 0x9E, 0xCB, 0x8A, 0x27, 0xEF, 0xAD, 0x1F, 0x05, 0xA7, 0x7A, 0xC6, 0x96, 0x3D, 0xC3,
    0x87, 0x9E, 0xD4, 0xEE, 0x49, 0xFC, 0x91, 0x5A, 0xC1, 0xF0, 0x5B, 0x99, 0xF7, 0xA0, 0x81, 0x23,
    0xC3, 0xA6, 0x9E, 0x4C, 0xEB, 0xC9, 0x48, 0x49, 0xB1, 0x30, 0x0B, 0x03, 0x68, 0x9F, 0xF3, 0xB9,
    0x9C, 0x19, 0x5A, 0x3D, 0xEB, 0x77, 0x54, 0xAD, 0x1E, 0x53, 0x7C, 0x9E, 0xA4, 0x99, 0xD3, 0x62,
    0x9D, 0xD3, 0x23, 0x31, 0xD8, 0xF0, 0x24, 0x80, 0xF5, 0x25, 0x6C, 0x82, 0x03, 0xA7, 0x13, 0x29,
    0x7A, 0x7A, 0x00, 0x4D, 0x1D, 0xD4, 0xBA, 0x87, 0xCF, 0xD8, 0xD3, 0x3D, 0x6C, 0x1D, 0x72, 0x5F,
    0xC4, 0x02, 0x9D, 0xEE, 0xA3, 0xDC, 0x69, 0x75, 0x1F, 0x96, 0x6E, 0xA3, 0x7B, 0xB8, 0x85, 0x5A,
    0xF7, 0x48, 0x2F, 0x4B, 0xC0, 0x06, 0x49, 0x65, 0xEF, 0xB4, 0x08, 0xCF, 0xB0, 0x21, 0x98, 0xD7,
    0x5E, 0xAD, 0x12, 0xC2, 0xC5, 0x31, 0xA1, 0xBD, 0xE1, 0x8B, 0x01, 0x61, 0x97, 0xB6, 0x10, 0xE6,
    0x5E, 0x53, 0x6C, 0x57, 0x24, 0xDA, 0x8A, 0x38, 0xAD, 0x88, 0xCC, 0x0A, 0xC6, 0x4D, 0xAD, 0x68,
    0x17, 0x56, 0x7D, 0x41, 0x00, 0x82, 0xAF, 0x7A, 0x68, 0xC4, 0x8A, 0xC4, 0x5E, 0xF5, 0xE0, 0xC4,
    0xAA, 0x07, 0x4F, 0x56, 0xE4, 0xC2, 0x8A, 0xFC, 0x58, 0x91, 0xB0, 0x2B, 0x12, 0x76, 0xC5, 0xD8,
    0x78, 0x45, 0xC2, 0x02, 0xA8, 0x81, 0x20, 0x23, 0x88, 0xB9, 0xA7, 0x90, 0xC0, 0x17, 0x0B, 0xD3,
    0x6F, 0x1D, 0xED, 0xC6, 0x7A, 0xC0, 0x0A, 0x76, 0xEB, 0x4E, 0xD1, 0x29, 0xBF, 0x63, 0xA0, 0x4A,
    0xC5, 0xC9, 0xC4, 0x7C, 0x32, 0x02, 0xA1, 0x81, 0x27, 0x73, 0xC3, 0x6A, 0x2D, 0xF1, 0x22, 0xF5,
    0xCD, 0x6F, 0x6C, 0x38, 0xDB, 0x9F, 0x82, 0xC3, 0x16, 0xFA, 0x8D, 0xED, 0x69, 0x47, 0xD9, 0x19,
    0xA8, 0xCD, 0x71, 0x1E, 0x55, 0x9C, 0x19, 0xD6, 0x14, 0xE6, 0xDE, 0xB5, 0x2E, 0x57, 0xF2, 0x02,
    0x1B, 0x43, 0x29, 0x8A, 0x1E, 0x5E, 0x7C, 0x48, 0x43, 0x47, 0x93, 0x82, 0x99, 0x83, 0x8E, 0xDB,
    0xE9, 0xAD, 0xA5, 0x3C, 0x99, 0x1A, 0xFF, 0xEE, 0xED, 0xFB, 0xA8, 0x31, 0x62, 0xAA, 0x46, 0xF0,
    0xF9, 0xC6, 0x13, 0x98, 0x9E, 0xFF, 0xFB, 0xDE, 0xCB, 0x47, 0xEE, 0xDD, 0x9C, 0xF2, 0xE9, 0xE2,
    0x75, 0x88, 0xD2, 0x54, 0xC5, 0xC1, 0xB5, 0x4C, 0x49, 0x19, 0x21, 0x8D, 0x12, 0x2F, 0x4D, 0xE2,
    0xCC, 0xFA, 0x29, 0x35, 0x03, 0xB8, 0xF3, 0x19, 0xC8, 0x57, 0x51, 0xDC, 0x4E, 0x8D, 0xFB, 0x87,
    0x5B, 0x5F, 0x2B, 0x3F, 0x9D, 0x52, 0xC8, 0x7C, 0x56, 0x6B, 0xBF, 0x99, 0xB5, 0xDC, 0xCE, 0xB7,
    0xDE, 0xB9, 0x63, 0x1B, 0x9F, 0x1E, 0x9A, 0x1B, 0xD0, 0x99, 0x3E, 0x1C, 0x6F, 0x76, 0x10, 0xC6,
    0xE7, 0xC5, 0xCC, 0xCE, 0xB9, 0x53, 0x6A, 0x7B, 0xD1, 0x76, 0xFB, 0x62, 0x02, 0x36, 0xCC, 0x7C,
    0x98, 0x73, 0x32, 0x6B, 0xEF, 0x27, 0xC3, 0xBD, 0x9E, 0x52, 0x0B, 0xB6, 0x93, 0xE7, 0xB0, 0x4E,
    0xF6, 0xFE, 0x5B, 0x4C, 0xD9, 0x90, 0x8F, 0x8D, 0x93, 0x33, 0xC5, 0xB6, 0x76, 0xE0, 0x41, 0x29,
    0xDC, 0x33, 0x07, 0x4F, 0x69, 0xC9, 0x1F, 0x09, 0x3C, 0xCA, 0x82, 0xD7, 0x64, 0x94, 0x07, 0xC4,
    0x12, 0x71, 0x19, 0x6E, 0xDE, 0x34, 0xA9, 0x27, 0x2E, 0x2B, 0x93, 0xFC, 0xF9, 0x9A, 0x2D, 0x87,
    0x2C, 0x48, 0x9A, 0x35, 0x49, 0x49, 0x6D, 0x77, 0x60, 0x69, 0x30, 0x01, 0x8C, 0x32, 0x2C, 0x4B,
    0x05, 0xCE, 0x20, 0x10, 0x93, 0x30, 0x14, 0xA6, 0xA7, 0x85, 0x5D, 0x76, 0xFA, 0x6D, 0x32, 0xC3,
    0xCA, 0x11, 0x38, 0x39, 0x4C, 0xC1, 0x55, 0xFC, 0x63, 0x08, 0x4C, 0xF8, 0xC7, 0x66, 0x02, 0xFE,
    0xDF, 0x19, 0x36, 0xFF, 0x4B, 0xAC, 0x5D, 0x49, 0xC3, 0x97, 0x4E, 0x31, 0x30, 0x59, 0xB1, 0x90,
    0xB0, 0xD9, 0x6D, 0x33, 0x46, 0x2B, 0x58, 0x09, 0xB3, 0x21, 0xED, 0xF4, 0x1A, 0x96, 0x3B, 0x90,
    0xB9, 0xD5, 0xC0, 0x61, 0xD1, 0x60, 0x5D, 0xD6, 0x4F, 0x18, 0x05, 0xE2, 0xD9, 0x33, 0x50, 0x0C,
    0x2A, 0xA7, 0x5B, 0x01, 0x0B, 0x56, 0xB5, 0x8E, 0x11, 0x11, 0x7A, 0x8D, 0x87, 0xA8, 0x56, 0x63,
    0x24, 0x2C, 0x22, 0x9E, 0x6E, 0xEB, 0x57, 0x31, 0xA2, 0x43, 0xA7, 0xC3, 0x98, 0x1C, 0x61, 0x67,
    0xCF, 0xB1, 0xA4, 0x72, 0x94, 0x06, 0x7C, 0x9E, 0xC4, 0xCA, 0x67, 0x68, 0xBA, 0xD0, 0x36, 0x50,
    0xD5, 0x89, 0x72, 0xFF, 0xC3, 0xE7, 0xB1, 0x0D, 0x5F, 0x23, 0x50, 0xE4, 0xCB, 0xCA, 0x56, 0x05,
    0xCC, 0x24, 0x55, 0x0C, 0x71, 0x99, 0x27, 0x52, 0x39, 0x58, 0xF1, 0xD0, 0xAC, 0xC9, 0xC0, 0x7F,
    0xC7, 0x13, 0x8D, 0x42, 0x92, 0x27, 0xCA, 0x99, 0xE6, 0x51, 0xD6, 0xB0, 0x6A, 0xC6, 0xE8, 0x3D,
    0x7E, 0x97, 0xA4, 0xF8, 0x73, 0x45, 0xB1, 0x64, 0xD9, 0xD7, 0xCC, 0xD5, 0x0A, 0xF9, 0xCB, 0xA3,
    0x84, 0x86, 0x1F, 0x33, 0x23, 0x61, 0x3F, 0x4D, 0x87, 0xC6, 0xE2, 0x1B, 0x46, 0x66, 0x74, 0xB5,
    0x71, 0x8E, 0x54, 0x83, 0xF5, 0x2D, 0x2C, 0xAD, 0x19, 0x92, 0xAD, 0x19, 0xA1, 0x9D, 0xB0, 0xF6,
    0x92, 0x91, 0xAF, 0x40, 0x22, 0xA8, 0xC5, 0x7B, 0xC2, 0x30, 0xC7, 0x39, 0x46, 0x68, 0x16, 0x5C,
    0x4E, 0xAC, 0xE2, 0xA9, 0x35, 0x03, 0x79, 0x4D, 0x6C, 0xA3, 0x9F, 0x72, 0x3B, 0x9F, 0xE7, 0x53,
    0xCA, 0xC6, 0x38, 0x67, 0x4A, 0x97, 0x9F, 0x00, 0xEC, 0x8A, 0x73, 0xD9, 0x94, 0x0A, 0xAC, 0xB7,
    0x45, 0x94, 0x29, 0x1B, 0x9D, 0x03, 0x27, 0x29, 0x9F, 0x3E, 0xFD, 0x8F, 0x48, 0xF5, 0x72, 0x2A,
    0x60, 0x29, 0x20, 0x63, 0xE0, 0xA4, 0xB2, 0x25, 0x05, 0xE6, 0x99, 0xDC, 0x76, 0xC2, 0xCB, 0xFB,
    0x92, 0x95, 0x25, 0x93, 0x09, 0x61, 0x29, 0x84, 0x99, 0x06, 0x4B, 0xC9, 0x52, 0xE0, 0x6C, 0xA6,
    0x24, 0xBB, 0x9B, 0x48, 0x70, 0x3C, 0x75, 0x8C, 0xA7, 0x4A, 0x85, 0x74, 0x9E, 0xB2, 0x42, 0x76,
    0x66, 0x39, 0x51, 0x3A, 0xAE, 0x26, 0x0B, 0x03, 0x59, 0x64, 0xB2, 0x9A, 0xBE, 0x54, 0xB0, 0x5C,
    0xF2, 0x4C, 0x6E, 0xCC, 0x86, 0x1B, 0x98, 0x2B, 0x1E, 0x25, 0x88, 0x20, 0x2A, 0x1B, 0xAF, 0x72,
    0xD1, 0x84, 0xD9, 0xE7, 0x55, 0xE2, 0xF7, 0xBB, 0x10, 0xBB, 0x69, 0x03, 0x56, 0xBE, 0x3D, 0xA8,
    0x56, 0xE5, 0x36, 0xDC, 0x57, 0xCB, 0x9A, 0xF7, 0x8A, 0x1B, 0xD8, 0xE3, 0xB6, 0xE5, 0x34, 0x21,
    0x4C, 0xB7, 0xB9, 0xF7, 0x9C, 0x57, 0xBF, 0x0D, 0x2E, 0x44, 0xA5, 0x5F, 0x63, 0x43, 0x3F, 0x54,
    0x36, 0x41, 0x4D, 0x11, 0xA6, 0xD4, 0xDE, 0x9D, 0x2B, 0xAD, 0x23, 0x05, 0xBD, 0x53, 0xDE, 0xEC,
    0xD2, 0xCD, 0xDE, 0xA5, 0x51, 0xBE, 0xBB, 0xDF, 0x43, 0x35, 0x18, 0x83, 0xF5, 0x0B, 0x69, 0x30,
    0xAE, 0xCA, 0xC3, 0xBB, 0xB8, 0x8F, 0xCC, 0x70, 0xE4, 0x9B, 0xFA, 0x88, 0x85, 0xA9, 0xCB, 0xE7,
    0xD4, 0xE8, 0xCE, 0x03, 0x49, 0x00, 0x01, 0x4B, 0x32, 0x96, 0xA3, 0x36, 0x2C, 0x47, 0x55, 0xB6,
    0x1C, 0x95, 0xF1, 0x57, 0xFD, 0xD0, 0xEA, 0xA9, 0xFC, 0x80, 0x2E, 0x52, 0xB7, 0x29, 0x39, 0xAC,
    0x83, 0xFD, 0xDF, 0x2B, 0x30, 0xD5, 0xD5, 0x68, 0xAE, 0x4E, 0x4D, 0x55, 0xFE, 0x1B, 0x0E, 0xB7,
    0x35, 0x7E, 0xB7, 0xA2, 0xCF, 0xA5, 0xFC, 0xC5, 0xE9, 0xD9, 0x7A, 0xDC, 0x99, 0x96, 0xDA, 0x3E,
    0xEC, 0xEB, 0x0F, 0x17, 0x6B, 0x8E, 0x45, 0xD2, 0x57, 0x4D, 0x13, 0x5E, 0x54, 0x73, 0x05, 0xEB,
    0x61, 0x20, 0x1E, 0xC2, 0x1C, 0xF4, 0xFA, 0x38, 0xF7, 0x37, 0xD7, 0x4D, 0xCE, 0x02, 0x7F, 0x8E,
    0x39, 0x75, 0x8E, 0xC9, 0xE3, 0x73, 0x36, 0x13, 0x9E, 0xFE, 0xCA, 0x2E, 0xAC, 0x3A, 0xE5, 0x30,
    0x37, 0x45, 0x1E, 0x74, 0x97, 0x8C, 0x9D, 0x4A, 0x65, 0x23, 0xF2, 0xF7, 0xDD, 0xE9, 0x45, 0xCC,
    0xBC, 0x94, 0xC8, 0x49, 0x8D, 0x58, 0x7C, 0x2B, 0x56, 0x5E, 0x6F, 0xAB, 0xCF, 0x00, 0xCB, 0x65,
    0x31, 0xD5, 0x52, 0xA4, 0xAA, 0xB2, 0xA3, 0x7D, 0x3A, 0x2B, 0x22, 0x77, 0x89, 0x6D, 0xBE, 0xF6,
    0x83, 0x29, 0xC1, 0x89, 0x19, 0x14, 0x4A, 0x75, 0xC9, 0xD9, 0xB7, 0xAE, 0x15, 0x82, 0x28, 0x96,
    0x6C, 0x2A, 0x05, 0xCF, 0xED, 0x8A, 0x61, 0xA5, 0xB5, 0x57, 0xDF, 0xD8, 0x5C, 0x3B, 0xF3, 0xFE,
    0x49, 0xDB, 0xB4, 0x97, 0x21, 0xC8, 0x1D, 0xA1, 0xD7, 0x70, 0x20, 0xF4, 0x32, 0x96, 0x5E, 0xF1,
    0x7D, 0xF4, 0x0A, 0xCF, 0x02, 0xA1, 0x57, 0xB4, 0xA5, 0x57, 0xB6, 0xA5, 0xD7, 0x3F, 0xB6, 0xF4,
    0x0A, 0xB7, 0x8C, 0x89, 0x25, 0xD7, 0x26, 0x0B, 0x8D, 0x0A, 0x3F, 0x85, 0xBC, 0x05, 0x74, 0xFE,
    0x4E, 0x01, 0x42, 0x5E, 0x56, 0x0F, 0x91, 0x08, 0xB6, 0xC0, 0xE4, 0x90, 0xD3, 0x56, 0x6F, 0xAE,
    0xF7, 0x90, 0xD2, 0x01, 0x72, 0xB7, 0x20, 0x8D, 0x9F, 0xB4, 0xBD, 0x00, 0xD9, 0xCE, 0x6C, 0x8D,
    0x4F, 0x8C, 0x92, 0x7E, 0xE4, 0x47, 0xBD, 0x20, 0xC9, 0x69, 0xA6, 0xB6, 0xA3, 0xA6, 0x2A, 0xA1,
    0xFE, 0x0A, 0x77, 0x42, 0xA3, 0xFE, 0xAB, 0x5E, 0x99, 0x4E, 0x15, 0x95, 0x54, 0xA9, 0x92, 0x87,
    0x36, 0xB7, 0x4B, 0xE0, 0x82, 0x12, 0x30, 0x23, 0x81, 0x4D, 0x4F, 0x10, 0xD7, 0x27, 0x30, 0xE6,
    0x09, 0x78, 0x94, 0x10, 0x31, 0x88, 0x88, 0x86, 0xDF, 0xD3, 0xC8, 0xC5, 0xB4, 0xC7, 0x0A, 0xD5,
    0x80, 0xC6, 0x6D, 0xC6, 0x65, 0x02, 0x11, 0xE3, 0xC1, 0x42, 0x02, 0x4B, 0x71, 0x59, 0x3F, 0xE8,
    0x9A, 0x76, 0x75, 0x15, 0xE6, 0x20, 0x1E, 0xD5, 0x5E, 0x66, 0x3E, 0xE1, 0x99, 0xC4, 0xE6, 0xE0,
    0xCB, 0x3B, 0x87, 0x08, 0x68, 0x5C, 0xC4, 0x32, 0x0D, 0x28, 0x6E, 0x60, 0xA9, 0xC5, 0xED, 0xCA,
    0x03, 0x01, 0xE4, 0xB3, 0x7D, 0x4C, 0x18, 0xE4, 0x7B, 0x3B, 0x3E, 0x8F, 0x4F, 0xCB, 0xE7, 0xB9,
    0x3E, 0x9D, 0x53, 0xAF, 0x5A, 0xE5, 0x0D, 0xD7, 0x25, 0xE2, 0xCF, 0xA8, 0x75, 0x31, 0xC5, 0x9A,
    0xC7, 0x83, 0x13, 0x60, 0xF0, 0x1E, 0x6C, 0x81, 0x7C, 0x0D, 0x4B, 0xE9, 0x22, 0x9D, 0x65, 0x98,
    0xB7, 0xB9, 0x34, 0xD8, 0xA9, 0x76, 0xB5, 0x77, 0xB9, 0xF6, 0x80, 0x30, 0x09, 0xF6, 0x55, 0x2C,
    0x68, 0x76, 0xCA, 0x82, 0x26, 0xB4, 0xA0, 0x89, 0x28, 0x3E, 0xD7, 0x78, 0x0C, 0x1B, 0x7E, 0xAF,
    0x06, 0x3F, 0x2B, 0x8B, 0x27, 0x1A, 0x1C, 0x51, 0x83, 0x1F, 0x69, 0x6E, 0x27, 0x70, 0x35, 0xE8,
    0x91, 0x49, 0xEF, 0xAD, 0x7F, 0x81, 0xB8, 0x12, 0x3B, 0xB2, 0xB1, 0xDB, 0x23, 0x6F, 0x7B, 0x84,
    0x32, 0xAA, 0x90, 0x22, 0x57, 0xBD, 0x25, 0xE5, 0xF4, 0xC5, 0xAC, 0xF6, 0x8C, 0xA7, 0xA4, 0x8A,
    0x5C, 0xDB, 0x33, 0x3F, 0x87, 0xC4, 0x8F, 0xA6, 0x90, 0x80, 0x75, 0xD4, 0xA0, 0x3A, 0x56, 0x87,
    0x25, 0x8B, 0xC8, 0xDB, 0x43, 0x99, 0x86, 0xB7, 0x23, 0x45, 0x94, 0xC8, 0xF4, 0x99, 0xE9, 0xBF,
    0xF9, 0xC5, 0xB5, 0xC7, 0x29, 0xB7, 0xF0, 0xE4, 0x06, 0x36, 0x38, 0x06, 0xA3, 0x59, 0xF4, 0x4C,
    0xD0, 0xF4, 0x63, 0xB6, 0x0C, 0xAD, 0x00, 0xC2, 0x46, 0xA7, 0xAE, 0x89, 0xEB, 0x2B, 0x06, 0x9B,
    0xD1, 0xAE, 0xE9, 0x62, 0x1A, 0xBB, 0x93, 0xA9, 0x20, 0x6B, 0x19, 0x4E, 0x2B, 0xB8, 0x20, 0xBD,
    0x06, 0x86, 0x36, 0xB0, 0x81, 0x08, 0xB3, 0x19, 0x53, 0x37, 0x16, 0x38, 0x1D, 0x77, 0xD6, 0x33,
    0xEA, 0x59, 0x91, 0xA8, 0x0B, 0x39, 0xBB, 0x92, 0x80, 0xE8, 0x78, 0x3E, 0x41, 0x0B, 0x69, 0xB7,
    0x59, 0x0E, 0x3F, 0x66, 0x86, 0xEF, 0xD7, 0x8C, 0x00, 0x44, 0x78, 0xBD, 0x41, 0x24, 0x37, 0x30,
    0x94, 0xDD, 0x3C, 0xBC, 0x85, 0x65, 0x10, 0x93, 0xBF, 0x95, 0xF2, 0x14, 0x29, 0x22, 0xCB, 0xD1,
    0x89, 0x32, 0xEF, 0xD7, 0x89, 0x0F, 0xBA, 0x79, 0xCD, 0xB1, 0x57, 0xAF, 0x58, 0x49, 0x60, 0x7A,
    0xEB, 0xB6, 0x9D, 0xDB, 0x60, 0xE6, 0x4D, 0xAB, 0xBE, 0xC0, 0xDC, 0x63, 0xA3, 0xEE, 0x82, 0x92,
    0xEB, 0x5A, 0x72, 0xBB, 0xAC, 0x92, 0x73, 0x07, 0x72, 0xB5, 0x92, 0xE8, 0x1C, 0x01, 0xF9, 0x7C,
    0x3C, 0xB5, 0xB6, 0x39, 0xA5, 0x2B, 0x87, 0xF4, 0x52, 0x28, 0xCA, 0x88, 0x7E, 0xCC, 0xE0, 0x33,
    0x1C, 0xE7, 0xB3, 0x3F, 0xC9, 0x0E, 0xE5, 0xAB, 0x3E, 0xE4, 0x11, 0xA6, 0x94, 0x9B, 0x7D, 0x12,
    0x1E, 0xA1, 0x0E, 0x06, 0x0D, 0x64, 0x6B, 0xA6, 0x44, 0x18, 0xCF, 0xA3, 0x98, 0x1C, 0xEF, 0x0A,
    0xC5, 0x10, 0x32, 0x4D, 0x14, 0x73, 0xE5, 0x5F, 0x1A, 0x76, 0x14, 0x3B, 0xA6, 0xAF, 0xD1, 0x74,
    0x33, 0xB1, 0x24, 0xE4, 0xEB, 0x99, 0x62, 0xFE, 0x36, 0x06, 0x96, 0xF3, 0x2D, 0xBF, 0x3E, 0x73,
    0xC8, 0x45, 0x77, 0xFC, 0x26, 0x31, 0x2B, 0xD8, 0x8D, 0x27, 0x17, 0xF4, 0xDA, 0x25, 0xDB, 0xE5,
    0xFD, 0xC3, 0xDD, 0x99, 0xAB, 0x63, 0xFF, 0x2D, 0x41, 0x46, 0x46, 0xD3, 0x49, 0xC4, 0x60, 0xDD,
    0x28, 0x5F, 0x43, 0x7B, 0xE4, 0xBC, 0x2C, 0xDB, 0xDF, 0x4F, 0x59, 0x56, 0x2D, 0xA4, 0x40, 0xF6,
    0x7D, 0xA6, 0x01, 0xE1, 0xC6, 0x9E, 0x70, 0x9D, 0x7F, 0x9F, 0xA8, 0x97, 0x3B, 0x39, 0x05, 0x6C,
    0xE5, 0xA0, 0x63, 0xF1, 0x20, 0x5D, 0x81, 0xA7, 0xBD, 0xCD, 0xD3, 0x15, 0x47, 0x8E, 0x36, 0xF6,
    0x1E, 0x75, 0xA9, 0x5F, 0x43, 0x20, 0x73, 0xB2, 0x0F, 0x3B, 0x27, 0x92, 0xF7, 0xDF, 0x52, 0x25,
    0x50, 0xFA, 0x36, 0x0B, 0x10, 0x11, 0x7C, 0x51, 0x6A, 0x4F, 0x5E, 0xEF, 0xB9, 0x31, 0x96, 0xF9,
    0x68, 0xC3, 0xA3, 0x07, 0x5B, 0xA2, 0xF0, 0x91, 0xF7, 0x23, 0x44, 0xBE, 0x1D, 0xA4, 0x8B, 0x43,
    0xE4, 0x28, 0xDF, 0xE3, 0x31, 0xB6, 0x1C, 0xCB, 0xFD, 0x0F, 0xD5, 0x5A, 0x3D, 0x8C, 0xDC, 0xD6,
    0x11, 0x1E, 0x92, 0xD2, 0xD1, 0x10, 0x81, 0x50, 0x85, 0x64, 0x04, 0x16, 0x2C, 0xBA, 0x48, 0x11,
    0x0B, 0xB6, 0xD8, 0xBA, 0xB8, 0x5B, 0xD2, 0x48, 0x91, 0x22, 0x85, 0x55, 0xE8, 0x2C, 0x20, 0x2E,
    0x54, 0xC7, 0x41, 0x70, 0x29, 0x5C, 0xA8, 0x58, 0x2D, 0xE9, 0x2A, 0x65, 0xAE, 0x71, 0x95, 0x46,
    0x85, 0x03, 0xC8, 0x7B, 0x40, 0xCE, 0xC5, 0x01, 0x51, 0x80, 0xBD, 0x5B, 0x02, 0x29, 0x52, 0xA4,
    0x08, 0x81, 0xA4, 0x37, 0x93, 0xC8, 0x06, 0xE2, 0x46, 0x44, 0x42, 0x23, 0x7B, 0x07, 0xEE, 0xBE,
    0x7C, 0xDF, 0x3C, 0xEE, 0xDE, 0x9F, 0x24, 0x4B, 0xCE, 0x9D, 0x7C, 0xDE, 0x5D, 0xCE, 0xDB, 0xE3,
    0xBE, 0x37, 0x6F, 0x66, 0xDE, 0xBC, 0x79, 0xDF, 0x0C, 0x4F, 0x24, 0x91, 0x71, 0x3A, 0x4E, 0x13,
    0x39, 0x27, 0x7C, 0xBD, 0x89, 0xF7, 0x75, 0xBC, 0x7B, 0xFA, 0x4E, 0x8E, 0xBC, 0x33, 0xBC, 0xBB,
    0x57, 0x50, 0x74, 0xD7, 0xDF, 0xC4, 0x31, 0xA6, 0xF0, 0x71, 0x45, 0xCD, 0x52, 0x9A, 0xE4, 0xA2,
    0x7D, 0xB6, 0x71, 0xB5, 0x8F, 0xB9, 0xA6, 0xB8, 0x76, 0xC4, 0xF6, 0x49, 0x0A, 0x49, 0xC3, 0xBD,
    0x9F, 0xEB, 0x58, 0xC9, 0x66, 0x1D, 0xBF, 0xDC, 0x5E, 0xCE, 0x7C, 0xA2, 0x25, 0xF3, 0x50, 0x24,
    0x36, 0x46, 0x64, 0xFC, 0xD1, 0x36, 0x99, 0x9C, 0x13, 0x67, 0x82, 0xFB, 0x6E, 0xF3, 0x34, 0x32,
    0x26, 0x4F, 0x43, 0x72, 0x6B, 0x77, 0x35, 0x7D, 0x6C, 0x17, 0xAF, 0x9E, 0x93, 0xB0, 0xE0, 0x88,
    0x2F, 0x87, 0xC3, 0xDC, 0x70, 0x88, 0x12, 0x9D, 0xFB, 0x55, 0x49, 0x5F, 0x95, 0x78, 0x6D, 0x36,
    0x90, 0xD0, 0x98, 0x56, 0xBC, 0xC6, 0xAF, 0xC5, 0x2F, 0xA4, 0xA1, 0x84, 0x23, 0x09, 0x53, 0x59,
    0x5E, 0x90, 0x3E, 0xA5, 0x9F, 0x88, 0x57, 0xB9, 0xE8, 0x32, 0x5B, 0x6B, 0x24, 0x32, 0x66, 0x2A,
    0xF1, 0xD2, 0xC7, 0x3D, 0x5A, 0xF6, 0x9C, 0x0C, 0x38, 0x6B, 0xC2, 0x09, 0xA3, 0x5C, 0x82, 0x32,
    0x2C, 0x31, 0x2B, 0xB8, 0xC5, 0x94, 0x65, 0x40, 0xB5, 0x60, 0x9D, 0x6D, 0x2A, 0x96, 0x50, 0xA4,
    0xF8, 0xC7, 0x15, 0xC4, 0xFA, 0x0B, 0xED, 0xF1, 0x28, 0x15, 0xE7, 0x96, 0x59, 0x15, 0x0F, 0x52,
    0x59, 0x62, 0x2D, 0x49, 0xE2, 0xAC, 0x4E, 0xBB, 0x1F, 0xDC, 0xE1, 0x6C, 0x78, 0xE0, 0x87, 0x7D,
    0x72, 0x69, 0xE5, 0xC0, 0xEB, 0x52, 0x67, 0xD3, 0xD7, 0x0F, 0xDE, 0x14, 0xB9, 0x7C, 0x53, 0x5C,
    0x63, 0x4A, 0xE8, 0x58, 0x46, 0xB9, 0x93, 0xC7, 0xE8, 0x11, 0xA7, 0x22, 0x51, 0x89, 0xE9, 0xB1,
    0x60, 0xAE, 0xA9, 0xC4, 0x37, 0x33, 0x09, 0xF3, 0xAC, 0x88, 0x25, 0xA8, 0x62, 0x28, 0x01, 0xB9,
    0xA1, 0x88, 0x57, 0x87, 0x8D, 0x5F, 0x7A, 0x66, 0x33, 0x97, 0xCC, 0xB0, 0x63, 0x6E, 0x47, 0x41,
    0x31, 0xB5, 0xAC, 0x5F, 0xF5, 0xD2, 0xA8, 0x4C, 0x8C, 0x49, 0xAF, 0x98, 0x89, 0xCE, 0x7C, 0x4E,
    0xD2, 0xC4, 0xAD, 0x13, 0xB7, 0xB9, 0xEE, 0xD4, 0xF3, 0x15, 0x96, 0x35, 0xB3, 0x4E, 0x8F, 0x9A,
    0x6D, 0xD2, 0x3B, 0xE0, 0x41, 0x6B, 0x60, 0x33, 0xE1, 0x68, 0x98, 0x53, 0x6E, 0xE2, 0x6B, 0x90,
    0x07, 0xA6, 0x58, 0x91, 0x10, 0xB3, 0x14, 0x11, 0x3C, 0x74, 0x0A, 0xC7, 0x49, 0x97, 0xB9, 0x8A,
    0x7E, 0xBE, 0xCC, 0x89, 0xBC, 0xE2, 0x0E, 0xBA, 0x6A, 0x53, 0x1E, 0x6F, 0x96, 0xED, 0x6F, 0xCB,
    0x2E, 0x45, 0xCA, 0xDF, 0x24, 0xEF, 0x20, 0x0D, 0x65, 0xBC, 0x51, 0x84, 0x60, 0x1D, 0x91, 0xB5,
    0x57, 0x3A, 0xBF, 0xC5, 0x92, 0x72, 0x01, 0xC8, 0x2F, 0x4B, 0x25, 0xA6, 0xF1, 0xF7, 0xDE, 0x9B,
    0x89, 0x7A, 0x53, 0xC5, 0xC6, 0xB9, 0x61, 0xE5, 0xBD, 0x32, 0x93, 0x64, 0x9C, 0x5F, 0xF4, 0x0A,
    0x0E, 0xDB, 0x28, 0x63, 0x53, 0x8E, 0xBC, 0xB2, 0xC1, 0xC7, 0x2F, 0x77, 0xD6, 0xCA, 0xF8, 0xAB,
    0xB2, 0xD3, 0x54, 0x7A, 0x4E, 0x23, 0xAD, 0x5F, 0xBB, 0x4D, 0x58, 0x04, 0x55, 0x22, 0x51, 0x3E,
    0x95, 0xCC, 0x9D, 0xC8, 0x8E, 0xD7, 0x48, 0x92, 0xB6, 0x12, 0x96, 0x99, 0xFA, 0x83, 0xD3, 0x06,
    0x95, 0x0C, 0x70, 0xF3, 0x0D, 0xD1, 0x79, 0x32, 0xAC, 0x68, 0xAA, 0xE4, 0xF2, 0xEA, 0xEA, 0xED,
    0x94, 0x1E, 0xFA, 0x24, 0x72, 0xC1, 0x8A, 0x97, 0xE2, 0xB3, 0xBA, 0x2A, 0xCF, 0x66, 0x51, 0x51,
    0x8B, 0x8E, 0x67, 0x42, 0x8B, 0x8E, 0xAD, 0x45, 0x47, 0x7E, 0x05, 0x8B, 0xCA, 0xC8, 0xAB, 0x61,
    0x51, 0x36, 0x30, 0x1E, 0x9A, 0x8A, 0xCD, 0xF6, 0x5A, 0xC1, 0x66, 0x6C, 0x68, 0x51, 0xD9, 0xD9,
    0xA1, 0x29, 0x65, 0x14, 0xDB, 0x06, 0x5E, 0x9C, 0x73, 0x78, 0x49, 0x8B, 0x62, 0x1C, 0x2D, 0x3A,
    0x72, 0x26, 0xB4, 0xE8, 0x4D, 0xB9, 0xF9, 0x4C, 0x16, 0xBD, 0x36, 0x1C, 0x0E, 0xD7, 0xE1, 0x24,
    0xA6, 0xE6, 0xB7, 0x7B, 0xA2, 0x8E, 0x14, 0x1A, 0xF8, 0xD8, 0x68, 0x45, 0x96, 0x97, 0x65, 0x05,
    0x1F, 0x7C, 0xC1, 0x9F, 0xB8, 0xA9, 0x3E, 0x86, 0x1E, 0xD5, 0xD7, 0x91, 0x03, 0x46, 0xBC, 0xF5,
    0xD5, 0xEA, 0xD7, 0x8D, 0xE0, 0x0B, 0xC6, 0x5E, 0x3D, 0x30, 0x0C, 0x9E, 0x17, 0x98, 0x3C, 0xD9,
    0xA8, 0x5E, 0xA2, 0xAB, 0xD6, 0x02, 0xEA, 0xEA, 0xF6, 0x8F, 0x52, 0xB9, 0x2B, 0x58, 0x59, 0xBF,
    0xE4, 0xD7, 0xC4, 0xD4, 0xF8, 0x70, 0xFC, 0x4D, 0xEC, 0xF9, 0x22, 0xF9, 0x4D, 0x7D, 0x69, 0xD1,
    0x3F, 0x28, 0x7D, 0x93, 0xBA, 0x9B, 0x15, 0x7B, 0xD3, 0xFE, 0x13, 0x7C, 0x19, 0x6C, 0xD4, 0x99,
    0xC9, 0x9D, 0x9B, 0xE2, 0xDC, 0xF7, 0x26, 0x41, 0x15, 0xE5, 0x3D, 0xB9, 0x83, 0x50, 0x2B, 0x49,
    0xF2, 0x7C, 0x57, 0x86, 0x6B, 0x9C, 0xE4, 0x8E, 0x49, 0xAA, 0x2B, 0x06, 0xD6, 0x8B, 0x7B, 0xD9,
    0x24, 0xEE, 0x39, 0x10, 0x88, 0x4B, 0xFE, 0x84, 0x0B, 0x11, 0x03, 0xD1, 0x10, 0xC1, 0x11, 0x9B,
    0xD6, 0x6C, 0x70, 0xC7, 0xBB, 0x65, 0x44, 0x92, 0x3C, 0x23, 0xD1, 0xCE, 0x3A, 0xCC, 0x23, 0x01,
    0x2B, 0x10, 0x09, 0xFF, 0x5F, 0xA2, 0x2F, 0x3D, 0x89, 0xF2, 0x0C, 0x3B, 0xC7, 0x2B, 0xE0, 0x4D,
    0xB5, 0xD3, 0x22, 0xAA, 0x8E, 0xC6, 0x4D, 0x06, 0x5F, 0xC6, 0x16, 0x69, 0xB3, 0x51, 0xBF, 0x7F,
    0xB1, 0x2F, 0xC7, 0xDF, 0x7C, 0xF9, 0x33, 0x89, 0x1F, 0x15, 0x7D, 0xB7, 0xDE, 0x92, 0xBA, 0x91,
    0xAD, 0x5A, 0x3F, 0x5B, 0xD2, 0xF4, 0x9D, 0x3A, 0xDE, 0x28, 0x03, 0x33, 0xDF, 0x92, 0x77, 0xE1,
    0x8C, 0x09, 0x38, 0x87, 0xC5, 0x00, 0x61, 0x2A, 0xCE, 0x9D, 0x09, 0x42, 0xF1, 0x0E, 0x6E, 0x66,
    0x2E, 0xF7, 0x6A, 0xE5, 0x35, 0x51, 0x11, 0x94, 0x89, 0xC4, 0x79, 0x2B, 0x03, 0xDC, 0x7A, 0xC3,
    0xE9, 0xDC, 0xE3, 0x81, 0xC8, 0x55, 0xF1, 0x11, 0x51, 0x57, 0x24, 0x06, 0x1D, 0xC9, 0x76, 0x9F,
    0x4B, 0xFC, 0x5A, 0x5F, 0xB7, 0x94, 0x86, 0x7F, 0x50, 0x6E, 0xCA, 0xBE, 0x30, 0x82, 0x5A, 0xC1,
    0xFA, 0x32, 0xC1, 0x92, 0x40, 0x2C, 0xEC, 0xF0, 0xBE, 0x57, 0x86, 0xA0, 0x61, 0x9E, 0x80, 0x46,
    0xF2, 0xFB, 0x4A, 0x2E, 0xF5, 0x9C, 0xFF, 0x60, 0xF0, 0xC8, 0xFB, 0x23, 0x68, 0x13, 0xFC, 0x88,
    0xDB, 0xF3, 0x2A, 0xD8, 0xF9, 0xC5, 0x0A, 0x68, 0x88, 0x5D, 0x0D, 0xAD, 0xE0, 0x92, 0x53, 0xF2,
    0xC2, 0x1D, 0xEE, 0xA5, 0x8A, 0xDE, 0x85, 0xEF, 0x77, 0x29, 0x8F, 0xB8, 0x33, 0x0A, 0x24, 0xD1,
    0x8C, 0x12, 0x49, 0xAF, 0x47, 0x91, 0xC0, 0xD6, 0x6E, 0xF3, 0x9E, 0x0A, 0x85, 0x46, 0x43, 0x45,
    0x4F, 0xC5, 0x42, 0xD3, 0xB7, 0xCD, 0x64, 0x09, 0x76, 0xED, 0xB9, 0x35, 0x0E, 0x36, 0xE9, 0x79,
    0x7F, 0xDD, 0x1D, 0xA3, 0x09, 0xF3, 0x3C, 0x42, 0x13, 0x69, 0x74, 0x01, 0x1B, 0xC1, 0x37, 0x32,
    0xBE, 0x8E, 0xA6, 0x91, 0x4E, 0x0A, 0x3A, 0x33, 0xB6, 0x81, 0x5F, 0x6A, 0x2F, 0x6C, 0x01, 0x32,
    0xBE, 0xAB, 0xCA, 0xF2, 0x27, 0x9E, 0x82, 0x38, 0x91, 0x20, 0x88, 0xA7, 0x87, 0x95, 0x85, 0x0B,
    0xD8, 0x4F, 0xE0, 0x90, 0x60, 0xDB, 0x63, 0x13, 0xFD, 0x10, 0x17, 0x43, 0x33, 0x76, 0x49, 0xC8,
    0xB3, 0xBE, 0xD6, 0x79, 0xC0, 0x1A, 0xAA, 0xF8, 0x86, 0x67, 0x2B, 0x1B, 0x65, 0xB6, 0x54, 0xAB,
    0x2A, 0x32, 0xF1, 0x8B, 0xCB, 0x6C, 0xC2, 0x74, 0x40, 0x59, 0x62, 0x99, 0xC9, 0x1F, 0xFC, 0xBA,
    0x0F, 0xFD, 0x33, 0x53, 0x4E, 0xFC, 0xDF, 0xC9, 0xD2, 0x27, 0x6E, 0x1D, 0xF6, 0xC8, 0xA6, 0x5C,
    0x61, 0x13, 0xE4, 0x0F, 0xD8, 0x44, 0x52, 0xB3, 0xE9, 0x79, 0x25, 0xFD, 0x7F, 0x04, 0xAC, 0x41,
    0x53, 0x7B, 0x6C, 0xC8, 0xB8, 0xA7, 0xAA, 0xB0, 0xA1, 0x8D, 0x7A, 0x56, 0x58, 0xC6, 0xAB, 0xA0,
    0xB1, 0x97, 0x02, 0x84, 0x74, 0x3F, 0xB2, 0x32, 0x5A, 0xF0, 0xE2, 0xE0, 0x00, 0x2A, 0x44, 0x18,
    0x0D, 0xCB, 0xB9, 0x30, 0x62, 0x50, 0xDB, 0x3F, 0x13, 0xB1, 0x9C, 0xE6, 0x17, 0xFE, 0x4E, 0xE3,
    0x87, 0x57, 0xE0, 0x84, 0x0C, 0x5F, 0x30, 0xC4, 0x79, 0x44, 0x3D, 0x1A, 0x1F, 0x5C, 0x1A, 0xDD,
    0x94, 0x7A, 0x58, 0x13, 0x06, 0x50, 0x60, 0x9D, 0xCC, 0xCF, 0xE5, 0xC8, 0x2B, 0xB1, 0x54, 0xEF,
    0x8F, 0x15, 0x9E, 0x18, 0x5A, 0xD0, 0xF9, 0x2F, 0xCD, 0xE3, 0xFD, 0x5B, 0xC1, 0xCC, 0xDF, 0xC9,
    0x2E, 0x28, 0x5B, 0xC5, 0x34, 0x84, 0x60, 0x51, 0x4E, 0xA6, 0x71, 0xB7, 0xFF, 0x79, 0xA8, 0x6F,
    0x2B, 0xDA, 0xA1, 0xFF, 0x13, 0xB7, 0x71, 0x39, 0x18, 0x78, 0xC5, 0xDB, 0x1B, 0x6E, 0x34, 0x3C,
    0x1F, 0x10, 0xAF, 0x6D, 0x07, 0x6A, 0xB2, 0xA3, 0x43, 0x12, 0x3B, 0x5C, 0x0D, 0x1F, 0xE5, 0xED,
    0x1C, 0x30, 0x7D, 0xA2, 0xE6, 0x68, 0xE7, 0x06, 0xC3, 0x5D, 0xDD, 0xC8, 0xB1, 0xCA, 0xBF, 0x2C,
    0x67, 0x5D, 0xFE, 0x6B, 0x2A, 0xCF, 0x98, 0xF2, 0x38, 0x7A, 0x18, 0xF9, 0xFF, 0xE0, 0xEC, 0x61,
    0xBE, 0xAD, 0x30, 0x38, 0x3A, 0xE3, 0xF2, 0x3B, 0x29, 0xE2, 0x8A, 0x84, 0x13, 0x3A, 0x4A, 0x62,
    0x36, 0x69, 0x72, 0x06, 0x01, 0xF9, 0xC0, 0xF9, 0xF8, 0xAC, 0x4B, 0x2E, 0x17, 0xF5, 0xCB, 0x48,
    0xE9, 0x54, 0xB7, 0xEA, 0x1D, 0x79, 0xEC, 0xEB, 0xCC, 0xF9, 0xBC, 0x2C, 0x24, 0x71, 0xBF, 0xD0,
    0xD9, 0x8B, 0x4F, 0x49, 0xF3, 0x2D, 0xFD, 0x5E, 0x2F, 0x7C, 0x49, 0xB2, 0xB3, 0x23, 0xF3, 0x58,
    0xC1, 0x8C, 0x72, 0x61, 0xEB, 0x75, 0xAD, 0x5F, 0xD9, 0xA8, 0x13, 0x96, 0xB6, 0x8D, 0x0A, 0xDB,
    0xC6, 0x69, 0xDB, 0xD9, 0xDE, 0xB6, 0xDB, 0x5D, 0xDB, 0xDA, 0x16, 0x47, 0xE2, 0x6C, 0x38, 0xD4,
    0x2D, 0x6F, 0xCC, 0x4C, 0x63, 0xA0, 0xB6, 0x98, 0x4A, 0x7F, 0x8F, 0x99, 0x28, 0x71, 0x78, 0xD7,
    0x66, 0xC3, 0xE1, 0x3C, 0x15, 0x61, 0x4B, 0x38, 0xD8, 0x76, 0x11, 0x83, 0xAD, 0xDF, 0xB5, 0x8C,
    0x1D, 0xE4, 0x4B, 0x6D, 0x28, 0x5F, 0x92, 0xDA, 0xB6, 0x0B, 0xBA, 0x66, 0x96, 0x92, 0x73, 0xED,
    0x98, 0x2F, 0x37, 0x4B, 0x6F, 0x2A, 0x4E, 0x1E, 0xD2, 0x90, 0x44, 0x94, 0xC2, 0xAE, 0x36, 0x2F,
    0x65, 0x62, 0xA9, 0x19, 0xA6, 0x25, 0xFB, 0x79, 0xD0, 0xFE, 0x3D, 0xED, 0xA2, 0x9D, 0x75, 0x58,
    0x42, 0x06, 0x11, 0x57, 0x26, 0xD0, 0x9C, 0xD2, 0x7C, 0xF4, 0x5E, 0x61, 0x73, 0x47, 0x04, 0x6B,
    0x2C, 0xE1, 0xF5, 0x74, 0x1E, 0xCB, 0x74, 0x41, 0xFD, 0x05, 0x5E, 0xD4, 0x8C, 0x82, 0x59, 0xA2,
    0x07, 0xDD, 0xDD, 0x8F, 0xBB, 0x40, 0x38, 0xED, 0x7C, 0x96, 0x76, 0x5F, 0xC0, 0x1A, 0x5D, 0x81,
    0x92, 0x6B, 0x88, 0xAB, 0x6C, 0x9F, 0x90, 0x18, 0xF3, 0x32, 0x36, 0x03, 0x65, 0x02, 0x5A, 0x3C,
    0xAD, 0x1F, 0x2F, 0x18, 0x6B, 0xBD, 0xE3, 0x09, 0x51, 0xDE, 0xE7, 0x1D, 0xCC, 0x39, 0xB1, 0x16,
    0xE5, 0xFC, 0x57, 0xE5, 0xC5, 0xCD, 0xFF, 0x0A, 0xBD, 0x0F, 0xFA, 0xC2, 0x41, 0xDD, 0xA6, 0x15,
    0xE2, 0xA7, 0xAB, 0x9A, 0xC5, 0xBF, 0x28, 0xFD, 0xCF, 0x01, 0x8D, 0xF4, 0xB0, 0x3C, 0x09, 0x76,
    0xE1, 0x9B, 0x87, 0x42, 0xC8, 0x69, 0xCF, 0xFD, 0xBE, 0x7A, 0x12, 0xDC, 0xD6, 0xB7, 0xC0, 0xE8,
    0xCE, 0x62, 0xDE, 0x1C, 0xA9, 0x95, 0xBF, 0x4B, 0x4F, 0xFF, 0x26, 0x9F, 0x86, 0x99, 0x19, 0x3E,
    0x72, 0x61, 0x9D, 0x6E, 0x8E, 0x39, 0xA6, 0xE4, 0xEF, 0x95, 0x27, 0xCD, 0xFF, 0x3E, 0xBC, 0x9E,
    0x68, 0x2B, 0xFC, 0x73, 0xD9, 0x73, 0x9B, 0xAD, 0x0E, 0x4E, 0x63, 0xB7, 0x55, 0x31, 0xF6, 0x1B,
    0xF6, 0x5D, 0x2B, 0xDF, 0xE4, 0x33, 0x05, 0x87, 0x1A, 0x9F, 0x8B, 0x8E, 0xB4, 0x41, 0xD1, 0x06,
    0xE5, 0x03, 0xBF, 0x38, 0xB0, 0x28, 0x27, 0x23, 0xBC, 0x6F, 0x66, 0xEB, 0xC4, 0x96, 0x1A, 0x88,
    0xB8, 0xC2, 0x0C, 0x47, 0x71, 0x43, 0xEA, 0xB6, 0x0A, 0xCF, 0x8C, 0xD2, 0x24, 0x25, 0x8D, 0x73,
    0x0B, 0xD8, 0x48, 0x99, 0x90, 0x93, 0xB2, 0x48, 0x13, 0x96, 0x96, 0x6E, 0xEE, 0xDD, 0xE7, 0x7D,
    0xFB, 0xEB, 0xA2, 0xA7, 0x1D, 0x65, 0x39, 0x98, 0x7D, 0xCE, 0x11, 0x66, 0xD9, 0xDB, 0xE0, 0x8C,
    0xF3, 0xD9, 0x09, 0xE8, 0xCE, 0xE3, 0x2D, 0x49, 0xFD, 0x3D, 0x74, 0x9D, 0x21, 0xAE, 0xD7, 0x19,
    0x32, 0xBE, 0xD2, 0x42, 0xBD, 0xEE, 0xC5, 0x00, 0x34, 0x62, 0x68, 0x19, 0x31, 0x7A, 0x8C, 0x98,
    0x39, 0x8E, 0x0C, 0xFC, 0x66, 0x34, 0x65, 0x52, 0xD1, 0x8E, 0x49, 0xB0, 0xD8, 0xA3, 0x16, 0x2E,
    0x35, 0x62, 0x5D, 0x60, 0xD4, 0x42, 0xDD, 0x51, 0x0B, 0x8C, 0x38, 0x6A, 0xB1, 0xC7, 0x41, 0x92,
    0x14, 0x24, 0x2E, 0x40, 0xC2, 0x0A, 0xC4, 0xAB, 0x41, 0xDC, 0x76, 0x44, 0xA3, 0x93, 0x64, 0x24,
    0x71, 0x0B, 0x12, 0x92, 0xF8, 0x24, 0x90, 0xD9, 0xBD, 0xA7, 0x48, 0xCD, 0x06, 0xF3, 0xE9, 0x81,
    0xE3, 0x35, 0xB4, 0x09, 0x75, 0x79, 0xE4, 0xEC, 0x5D, 0x32, 0xBB, 0xB6, 0x14, 0x01, 0x8D, 0xCD,
    0xE7, 0xE3, 0x89, 0xF8, 0x13, 0x71, 0x61, 0x26, 0xA6, 0xD6, 0x1A, 0x78, 0xE3, 0xDC, 0x86, 0xBA,
    0x4C, 0xC3, 0x37, 0xF5, 0x0A, 0xAA, 0xA9, 0x86, 0xF4, 0xA9, 0x06, 0xF8, 0xF6, 0x00, 0x9D, 0x2E,
    0xA8, 0x5F, 0xDB, 0x9E, 0x76, 0x94, 0xE5, 0xC0, 0x03, 0x3E, 0xCE, 0x59, 0x38, 0xCA, 0x18, 0x87,
    0x9D, 0x19, 0x03, 0xF1, 0xDA, 0x44, 0x37, 0x2F, 0x61, 0xB6, 0xD1, 0x92, 0xC1, 0x79, 0x2B, 0xD7,
    0xFB, 0xFB, 0x0A, 0xB8, 0x5A, 0x53, 0xD2, 0xA0, 0xDC, 0x69, 0x71, 0x5D, 0xBE, 0x1B, 0x5A, 0xBC,
    0xA2, 0x07, 0x5B, 0x62, 0xE1, 0x81, 0x42, 0x82, 0xAF, 0x5A, 0x2D, 0xAA, 0x32, 0x5F, 0x40, 0xE8,
    0x4C, 0xBF, 0x0B, 0x5A, 0x38, 0x37, 0x1C, 0x16, 0x6B, 0xA7, 0x1E, 0x04, 0x88, 0xCC, 0x23, 0x7C,
    0x5F, 0xD6, 0x3C, 0xFB, 0x2D, 0xE6, 0xCA, 0xDF, 0x09, 0x5F, 0x62, 0xCD, 0x9B, 0x07, 0x07, 0x61,
    0xCC, 0x40, 0x21, 0xDC, 0xCA, 0x63, 0x71, 0xE8, 0x59, 0x95, 0x5F, 0x7E, 0x20, 0xF2, 0xCB, 0x6D,
    0x80, 0xAA, 0x24, 0xF5, 0xEB, 0xB0, 0x8C, 0x0A, 0xAF, 0x01, 0xAF, 0x59, 0xCB, 0x18, 0x04, 0x36,
    0x14, 0xAF, 0x41, 0x76, 0x39, 0xC5, 0x4C, 0x49, 0x1A, 0x15, 0x5A, 0x6F, 0x6C, 0xFA, 0x9A, 0xCA,
    0x2B, 0x08, 0x97, 0x97, 0x54, 0x37, 0xA4, 0x9C, 0x99, 0x16, 0x91, 0xA1, 0x5B, 0x4B, 0xDD, 0x3C,
    0xD5, 0xCD, 0x33, 0xD4, 0x2D, 0x34, 0xD4, 0x2D, 0x7E, 0x87, 0xBA, 0x0D, 0x54, 0xB7, 0x96, 0xBA,
    0xB9, 0x35, 0x75, 0xF3, 0x4B, 0x6A, 0x15, 0x16, 0xA4, 0x89, 0x6A, 0xB5, 0x4D, 0x0A, 0x94, 0x07,
    0xDD, 0x10, 0xA9, 0xA1, 0x1B, 0x62, 0x25, 0x74, 0x8B, 0x72, 0xEA, 0x66, 0x54, 0xB7, 0x76, 0x5F,
    0x37, 0x5F, 0x75, 0x0B, 0xF5, 0x10, 0x8F, 0x7F, 0x42, 0xDD, 0x2E, 0x2C, 0x74, 0x63, 0x65, 0x30,
    0x9D, 0x83, 0xBC, 0xB0, 0x5A, 0xA4, 0x99, 0xAD, 0x7D, 0x4E, 0x71, 0xE0, 0xC5, 0x00, 0xD7, 0x9C,
    0x02, 0xF1, 0xB8, 0x3E, 0x5E, 0x9D, 0x71, 0x8D, 0xB0, 0x57, 0xE3, 0x22, 0xDC, 0x7D, 0xD7, 0xA4,
    0x1E, 0x4F, 0x0B, 0x18, 0xAC, 0xD2, 0x92, 0x1F, 0xBD, 0xE3, 0xDE, 0x5C, 0xC0, 0x38, 0x9F, 0x47,
    0x55, 0xC5, 0xBA, 0xD5, 0xD9, 0x11, 0x52, 0xB3, 0x42, 0x8F, 0x4E, 0x17, 0x72, 0x8B, 0x62, 0x39,
    0x81, 0xEC, 0x61, 0x4F, 0xC8, 0xF8, 0xE0, 0xCC, 0x08, 0xC9, 0xFA, 0x9C, 0xDC, 0x25, 0xB4, 0x1E,
    0x70, 0xA9, 0x97, 0x8F, 0x9D, 0x49, 0xDF, 0xF6, 0x4A, 0xEB, 0x19, 0xCA, 0x32, 0x8F, 0xE6, 0x29,
    0x76, 0xA5, 0x99, 0xC6, 0xCA, 0xA1, 0x95, 0xDE, 0x66, 0x9A, 0x93, 0x91, 0x1F, 0x0E, 0xF2, 0xA0,
    0x02, 0x18, 0x57, 0xB4, 0x11, 0xE7, 0x2C, 0x3D, 0xF2, 0xD0, 0xDA, 0xEE, 0xB2, 0x29, 0x3E, 0x07,
    0x90, 0x84, 0x80, 0x3D, 0xFA, 0x35, 0x51, 0x07, 0x43, 0xA8, 0xCF, 0xE5, 0x61, 0x52, 0xD1, 0x55,
    0x85, 0x9E, 0x83, 0x8C, 0x8E, 0xC1, 0xD4, 0x75, 0xCD, 0xA1, 0xB8, 0xBB, 0x90, 0x27, 0x36, 0x44,
    0x09, 0x04, 0x09, 0x7C, 0xD2, 0x74, 0xE0, 0x6A, 0xED, 0xFD, 0xA0, 0x31, 0x1B, 0x0A, 0x95, 0x53,
    0x42, 0x99, 0xC7, 0xC1, 0x5E, 0x39, 0x7F, 0x53, 0xD3, 0xC8, 0x9C, 0x68, 0xA7, 0x91, 0xB8, 0x5C,
    0x6A, 0x2D, 0x2E, 0x4D, 0xA8, 0x73, 0x47, 0x1C, 0x06, 0x02, 0x9F, 0x8A, 0x12, 0xB5, 0xB2, 0x34,
    0xA6, 0x89, 0x64, 0x47, 0xA6, 0x24, 0x48, 0xA5, 0xF0, 0x2B, 0xBB, 0xF8, 0x3A, 0x96, 0x4F, 0x1F,
    0xD1, 0x3B, 0x11, 0x4D, 0x1C, 0x14, 0xC5, 0x23, 0xB0, 0xD8, 0x3F, 0x83, 0x1C, 0x3F, 0x04, 0x4C,
    0x08, 0x5D, 0xAE, 0x85, 0x9C, 0x4F, 0x6D, 0xE1, 0x29, 0xEB, 0x76, 0x1B, 0x51, 0x19, 0x1F, 0xEB,
    0x1C, 0xF4, 0xE2, 0xCC, 0xA4, 0x2C, 0xF3, 0x79, 0x9F, 0x5F, 0x69, 0x1C, 0x8B, 0x11, 0xF6, 0xB5,
    0x58, 0xDA, 0x68, 0x91, 0x48, 0xB7, 0xE1, 0xDE, 0x6A, 0x8B, 0x48, 0xDB, 0x82, 0x4D, 0x3B, 0xD0,
    0xCB, 0xC1, 0x77, 0x0F, 0xF7, 0xE2, 0x36, 0x32, 0xD3, 0xBE, 0x6F, 0xAA, 0xBE, 0xB0, 0xDE, 0x28,
    0x17, 0x72, 0x7B, 0x4E, 0x67, 0x9D, 0xF7, 0xD5, 0x87, 0x6B, 0x73, 0x27, 0x39, 0x17, 0xBD, 0x2B,
    0x04, 0x8B, 0x18, 0x8A, 0xEE, 0xC0, 0x92, 0x0D, 0xE2, 0x6A, 0xE9, 0x56, 0xA7, 0x32, 0xD7, 0x25,
    0x79, 0xCD, 0x31, 0xF9, 0x96, 0x67, 0xF6, 0x6A, 0xFF, 0x43, 0x53, 0x06, 0x1D, 0x22, 0x39, 0xF1,
    0x79, 0x00, 0xFF, 0x65, 0x12, 0x16, 0x4E, 0x8B, 0x5D, 0xB0, 0x15, 0x1C, 0x2E, 0x6A, 0x9E, 0xE8,
    0x3A, 0x89, 0xB5, 0x5D, 0x0F, 0xBD, 0xDE, 0x0A, 0x45, 0x3E, 0x08, 0x59, 0x10, 0xB3, 0xB6, 0x5C,
    0xAA, 0x4E, 0x6F, 0x4E, 0x6C, 0x88, 0xF1, 0x54, 0xC6, 0x0D, 0xCF, 0xB0, 0x3F, 0xE1, 0xFC, 0x0A,
    0x1E, 0xDE, 0x7E, 0x54, 0x66, 0xB9, 0xC3, 0xC3, 0x53, 0xAB, 0x00, 0x53, 0xC5, 0xA7, 0x4E, 0xAB,
    0x87, 0x97, 0x6D, 0x5E, 0xDE, 0x98, 0x0D, 0x37, 0x58, 0x09, 0x66, 0x45, 0x27, 0xDC, 0x7B, 0x17,
    0xE9, 0xE4, 0xBD, 0x24, 0xD7, 0x87, 0xDA, 0x99, 0xDD, 0xF5, 0x03, 0x5B, 0x4E, 0x18, 0xD8, 0x40,
    0x90, 0xD9, 0xEA, 0x79, 0x92, 0x67, 0xB7, 0x1F, 0xBE, 0x5C, 0x42, 0x04, 0x68, 0x50, 0x42, 0x0A,
    0x87, 0xF5, 0x91, 0xCB, 0x76, 0x4F, 0x68, 0x05, 0xC7, 0xAC, 0x3B, 0xD4, 0x6D, 0xF6, 0x53, 0x3E,
    0x67, 0xD0, 0x10, 0x65, 0xCB, 0x42, 0x4F, 0xB8, 0x52, 0xDB, 0x87, 0x7D, 0xFD, 0xE9, 0x79, 0xB2,
    0x43, 0x90, 0x22, 0xC4, 0xD1, 0xA7, 0xA5, 0x42, 0x20, 0x60, 0xEB, 0xFA, 0xD7, 0x6D, 0x21, 0x3B,
    0xE1, 0x16, 0xC6, 0x6F, 0x3F, 0x5B, 0xD4, 0x50, 0xF4, 0x68, 0xE6, 0x16, 0xB4, 0x7B, 0x50, 0x0E,
    0x97, 0xF1, 0xE2, 0x99, 0x16, 0x71, 0x00, 0x24, 0x76, 0xAF, 0x4C, 0x58, 0xE1, 0x41, 0x10, 0xCA,
    0x6D, 0xAD, 0x4A, 0x4B, 0x55, 0x20, 0xC3, 0xE1, 0x98, 0x95, 0x22, 0xC3, 0x6F, 0x43, 0x1B, 0x4F,
    0x93, 0x45, 0x71, 0x26, 0x5A, 0x1C, 0xFC, 0xFE, 0xF4, 0xED, 0x5F, 0x30, 0xF2, 0x4C, 0x99, 0x97,
    0x36, 0xF3, 0x68, 0xCC, 0xAD, 0x69, 0x45, 0xC8, 0xE6, 0x61, 0xD0, 0xB5, 0x45, 0xB9, 0x17, 0x29,
    0x86, 0x3D, 0x13, 0x68, 0x2A, 0xFA, 0x9A, 0x0C, 0x30, 0xC6, 0x99, 0xC0, 0x26, 0x5E, 0x79, 0xE0,
    0x09, 0xF7, 0xE9, 0x8B, 0xC1, 0x8D, 0xC6, 0x4C, 0x1B, 0x84, 0x7E, 0xB7, 0x75, 0xFC, 0x01, 0xC2,
    0x29, 0x4B, 0x70, 0x2D, 0x8D, 0x71, 0xCA, 0xB9, 0xC8, 0x55, 0x3B, 0x70, 0x36, 0xD1, 0x43, 0xEE,
    0xE9, 0xEF, 0xFB, 0xDE, 0x04, 0xC0, 0x15, 0xA1, 0xDF, 0x7A, 0xCE, 0xF1, 0xFF, 0x38, 0x39, 0xFE,
    0x96, 0xD7, 0xA1, 0x44, 0xEA, 0x22, 0x66, 0xFD, 0xB3, 0x8E, 0xD2, 0x76, 0x79, 0x91, 0xF3, 0xF5,
    0xC4, 0x2A, 0xF1, 0x5C, 0x1F, 0x40, 0x8E, 0x9E, 0x57, 0x03, 0x6E, 0xAC, 0x1C, 0x08, 0xB4, 0x32,
    0xF9, 0x46, 0x25, 0x8F, 0x73, 0xF6, 0xF1, 0x0D, 0xF0, 0x75, 0xFC, 0x05, 0x13, 0x6F, 0xE2, 0x06,
    0xFB, 0x2F, 0x11, 0xAC, 0x00, 0x67, 0xBF, 0x82, 0x3B, 0xBC, 0x65, 0x0F, 0xF5, 0xED, 0xCE, 0xB0,
    0x17, 0xFE, 0x05, 0xDB, 0x1B, 0xF3, 0x59, 0xEE, 0x99, 0x4D, 0x53, 0xC0, 0xB4, 0xE3, 0x22, 0x22,
    0xFA, 0x80, 0xB9, 0xC3, 0x72, 0x7E, 0x1E, 0xEE, 0x13, 0x1A, 0x0A, 0x04, 0xE7, 0x5E, 0x94, 0x63,
    0xF9, 0x70, 0x7E, 0x4E, 0x80, 0xA1, 0xB1, 0x0E, 0x3C, 0x34, 0xB4, 0xFE, 0x70, 0x63, 0x11, 0xDA,
    0x3F, 0x65, 0x68, 0x0F, 0xDE, 0x66, 0x68, 0xBF, 0xB6, 0x08, 0xED, 0xC8, 0xCF, 0xF2, 0x95, 0xCC,
    0x34, 0xC9, 0xEE, 0xAD, 0x36, 0x29, 0x65, 0x86, 0x30, 0x37, 0x48, 0x9E, 0xFF, 0xD1, 0x73, 0x62,
    0x1F, 0x9E, 0x58, 0x60, 0x5E, 0x3E, 0x05, 0x98, 0x43, 0xAA, 0x9C, 0xF2, 0x35, 0x80, 0x9E, 0xB7,
    0x34, 0xA7, 0xC8, 0xE8, 0x45, 0x71, 0x0E, 0xB5, 0x3B, 0x65, 0x12, 0x39, 0xAA, 0x6A, 0x68, 0x55,
    0xD5, 0x2E, 0xDA, 0x59, 0x87, 0x79, 0xBB, 0x4B, 0x53, 0xCB, 0x4A, 0x99, 0x5A, 0x55, 0x8F, 0x42,
    0xEF, 0x41, 0xB7, 0x78, 0x47, 0xA0, 0xF7, 0x69, 0x8B, 0x71, 0x14, 0x5C, 0xDF, 0xDE, 0x07, 0xD7,
    0x5B, 0x2F, 0x50, 0x8C, 0xCB, 0xF2, 0x7D, 0x80, 0xA9, 0x72, 0x19, 0x3F, 0xCC, 0x90, 0x9F, 0x96,
    0xE3, 0x5A, 0xDC, 0xFC, 0xF0, 0x99, 0x7B, 0xDA, 0xEB, 0xB1, 0x00, 0xF0, 0x3B, 0x44, 0xB5, 0xCB,
    0x5E, 0x79, 0x3C, 0x08, 0x9D, 0xB2, 0x04, 0xE9, 0xDC, 0x1D, 0xFD, 0xC5, 0xFF, 0x78, 0x39, 0xEB,
    0x87, 0x51, 0xC7, 0x81, 0x7F, 0xAE, 0x59, 0x3D, 0xF8, 0xCB, 0xFE, 0x30, 0x25, 0x5D, 0x40, 0x38,
    0x4F, 0xF6, 0xEF, 0xE4, 0xA2, 0xFF, 0x7E, 0x65, 0x65, 0x76, 0x0C, 0x64, 0xF6, 0x4C, 0x1A, 0xA7,
    0xC1, 0x67, 0x10, 0x37, 0x7A, 0x07, 0xA4, 0x47, 0x21, 0x5B, 0x88, 0xEB, 0x36, 0x20, 0x7E, 0x85,
    0x3F, 0xC3, 0x02, 0x32, 0xAF, 0x51, 0xE6, 0x29, 0x65, 0x9E, 0x40, 0x66, 0x7F, 0x0A, 0x99, 0x15,
    0x3D, 0x47, 0x9B, 0x90, 0xD9, 0xEF, 0xAC, 0xD6, 0x3D, 0x4D, 0x1D, 0x1F, 0x05, 0xB5, 0xFB, 0xDE,
    0x33, 0xB0, 0xD0, 0x26, 0x79, 0xC6, 0x2B, 0x1B, 0xF0, 0x9F, 0x43, 0x10, 0x28, 0x13, 0x44, 0xCA,
    0xB8, 0xBA, 0x62, 0x00, 0x4F, 0x80, 0xA0, 0x27, 0xB1, 0xCD, 0xAE, 0x15, 0xD4, 0xE6, 0x0B, 0x50,
    0xEB, 0x1D, 0x06, 0xB5, 0x27, 0x3A, 0x97, 0x0B, 0xE3, 0x87, 0xCD, 0x61, 0x50, 0x5B, 0xEC, 0xC7,
    0xDA, 0x13, 0x9D, 0x6B, 0x0E, 0x36, 0x71, 0x49, 0x73, 0xD8, 0xF1, 0x4F, 0xDE, 0x7E, 0x5F, 0x8F,
    0x3C, 0xB6, 0xBB, 0xE7, 0x7A, 0x71, 0x9A, 0x74, 0x4F, 0xF5, 0x06, 0xC4, 0x84, 0xDB, 0xF6, 0x59,
    0x99, 0x5F, 0x01, 0xF1, 0x79, 0xB5, 0xC7, 0x47, 0x26, 0x5C, 0x00, 0x62, 0x06, 0x7B, 0x76, 0xDF,
    0x65, 0x2D, 0x33, 0x21, 0x74, 0x8B, 0xB5, 0x26, 0xC4, 0x22, 0x51, 0xA8, 0x0F, 0xCB, 0xDA, 0xF9,
    0xBF, 0x0C, 0x58, 0x57, 0xAD, 0xE6, 0xE8, 0x2B, 0x9C, 0x3F, 0x07, 0x7B, 0x97, 0x78, 0x71, 0xCC,
    0x6E, 0xE3, 0x52, 0x23, 0xC2, 0xE2, 0x00, 0x7F, 0x3A, 0xC1, 0xB9, 0x20, 0xBD, 0xCC, 0x20, 0x27,
    0xDB, 0x7D, 0xAF, 0xE5, 0xA3, 0x9C, 0x19, 0xFD, 0xC3, 0xA2, 0x02, 0xCD, 0xCE, 0x48, 0xA2, 0xFC,
    0x38, 0xB1, 0xBA, 0xA5, 0xB6, 0x73, 0xC1, 0x61, 0x13, 0x48, 0xD9, 0x1B, 0x83, 0x55, 0x2F, 0x32,
    0xBC, 0x7B, 0xE3, 0x99, 0x24, 0x78, 0x06, 0xFC, 0xF2, 0xED, 0x9B, 0xF3, 0x7F, 0xD5, 0x5B, 0xBD,
    0x8F, 0xDC, 0xC8, 0x95, 0x7F, 0x24, 0x4F, 0x43, 0xAF, 0x18, 0xD0, 0x80, 0x57, 0xE7, 0xB5, 0x05,
    0x6F, 0x3B, 0x30, 0x8C, 0xF5, 0x7E, 0x88, 0xA9, 0x03, 0xA9, 0x49, 0x5F, 0x70, 0xB1, 0x82, 0x1D,
    0x2D, 0x60, 0x05, 0xEB, 0x60, 0x13, 0x1B, 0x30, 0x94, 0x38, 0x50, 0xB0, 0xEA, 0x26, 0xEC, 0xC0,
    0x81, 0x83, 0x9D, 0xC4, 0xC0, 0x65, 0x56, 0x20, 0x18, 0xDA, 0x1E, 0xC0, 0xB3, 0x81, 0x02, 0xC1,
    0xE8, 0x99, 0x26, 0xEE, 0xFE, 0x00, 0x77, 0x70, 0x80, 0x43, 0x73, 0x61, 0x2F, 0x60, 0xCB, 0x81,
    0x09, 0xBB, 0x05, 0x73, 0x66, 0xC9, 0x2E, 0xFF, 0x7E, 0xAF, 0x48, 0xF6, 0x87, 0xB4, 0x23, 0x69,
    0x34, 0x5F, 0xEE, 0xE9, 0x7A, 0xEC, 0x21, 0x8B, 0x55, 0xEF, 0xBD, 0xAA, 0x7A, 0x5F, 0xF5, 0x4A,
    0x2E, 0x8E, 0x3E, 0x16, 0x91, 0x9E, 0x99, 0x2B, 0xAC, 0x65, 0xED, 0x13, 0x5B, 0x98, 0x12, 0x4E,
    0x32, 0x42, 0x33, 0x05, 0x70, 0xFE, 0x99, 0x03, 0x7A, 0x7F, 0x2F, 0x08, 0x3F, 0x9D, 0x01, 0x06,
    0xD3, 0x0A, 0x30, 0xCC, 0x76, 0xD9, 0x4E, 0x3A, 0x00, 0x8C, 0xF4, 0xE5, 0x58, 0xA2, 0x44, 0x64,
    0x17, 0x4F, 0x44, 0x2A, 0x42, 0xC7, 0x18, 0x93, 0x8B, 0x0B, 0x58, 0x88, 0x77, 0x30, 0xDA, 0x9E,
    0x89, 0x9F, 0x8B, 0x53, 0x36, 0x15, 0x7A, 0x80, 0x7B, 0xFA, 0x4A, 0x6C, 0x5F, 0x4F, 0x06, 0xDA,
    0xA0, 0x6D, 0xDC, 0x19, 0x8D, 0x52, 0xBC, 0x39, 0x45, 0x1B, 0x59, 0x87, 0xE2, 0xD0, 0x24, 0x3E,
    0x9A, 0xF4, 0x3E, 0xBB, 0x3C, 0x73, 0xC4, 0x2D, 0x85, 0xCD, 0xB4, 0x65, 0x63, 0xBB, 0x42, 0xFD,
    0x2A, 0x3C, 0xD8, 0xAC, 0x40, 0x43, 0x35, 0xC4, 0xBD, 0x81, 0x16, 0x07, 0xBF, 0x3D, 0xDC, 0x8B,
    0x2A, 0x10, 0xFD, 0xA1, 0x6F, 0xF2, 0x0F, 0xE5, 0x12, 0xDE, 0x78, 0x4D, 0x5E, 0x01, 0x7C, 0x5D,
    0xAE, 0xB0, 0xBB, 0x47, 0x6C, 0xC3, 0x37, 0xA4, 0x4E, 0x7E, 0x93, 0x9E, 0x6F, 0xCE, 0xB8, 0xA9,
    0x6C, 0xB9, 0x53, 0x6F, 0xEA, 0xCC, 0x77, 0x32, 0x99, 0x18, 0xF4, 0xFA, 0x27, 0x39, 0x11, 0x0E,
    0x9D, 0x33, 0xBA, 0xD9, 0x7F, 0x4F, 0x31, 0xBA, 0xAA, 0x50, 0x07, 0x4B, 0x8A, 0xA5, 0xDF, 0x73,
    0xC5, 0x74, 0x48, 0x1C, 0xE5, 0xC2, 0x71, 0xF3, 0xE3, 0xA1, 0x88, 0x0B, 0xBA, 0x7D, 0xE0, 0x11,
    0x34, 0xC5, 0x3F, 0xC0, 0x3D, 0x0C, 0x80, 0xBC, 0x8A, 0xC2, 0xB5, 0xE5, 0xB2, 0x61, 0x8F, 0xC8,
    0x84, 0x44, 0xA2, 0x07, 0x4A, 0xE4, 0xDA, 0xCA, 0x54, 0x72, 0xCD, 0x3C, 0x91, 0x08, 0xE4, 0x3B,
    0xE6, 0xD1, 0xCE, 0xD4, 0xAB, 0xC5, 0x49, 0x43, 0x92, 0x10, 0x65, 0x4A, 0x2F, 0x31, 0x66, 0xB5,
    0x3D, 0x82, 0xBA, 0x03, 0x55, 0x07, 0x16, 0xF7, 0xB4, 0x8A, 0x56, 0xD6, 0xD7, 0x62, 0x36, 0xD0,
    0xE3, 0xC0, 0x04, 0xA5, 0xF6, 0xF3, 0xCB, 0x9B, 0x9C, 0x1D, 0x58, 0x3C, 0x81, 0x31, 0xE0, 0xCB,
    0x25, 0x56, 0xBA, 0x98, 0xDA, 0x9E, 0x86, 0xB6, 0x39, 0x17, 0x3D, 0x7B, 0x4B, 0xB3, 0xBD, 0x67,
    0xB6, 0x1C, 0x32, 0x6B, 0xFE, 0xFD, 0x69, 0x88, 0x96, 0x38, 0x1C, 0x76, 0x30, 0xBE, 0xA0, 0x24,
    0xB6, 0x0E, 0xEB, 0xFA, 0xF5, 0x85, 0x9C, 0xEF, 0x82, 0x36, 0x50, 0x7E, 0x1D, 0x4F, 0xDF, 0x6C,
    0x67, 0x8D, 0x83, 0xBB, 0x98, 0x2D, 0xE0, 0x4A, 0x98, 0x62, 0x82, 0xBC, 0xD3, 0x0C, 0xE2, 0x79,
    0x60, 0x88, 0x7B, 0x17, 0x48, 0xE1, 0x69, 0x84, 0x06, 0x06, 0x71, 0xE2, 0x94, 0x41, 0x86, 0x75,
    0x95, 0x9F, 0x0C, 0x43, 0x5E, 0xE9, 0x96, 0x94, 0xE2, 0x17, 0xC9, 0x13, 0x9F, 0x33, 0xE5, 0x85,
    0x83, 0xAB, 0x57, 0x2C, 0xCA, 0xF2, 0xE7, 0x38, 0xF9, 0xF0, 0x86, 0x5C, 0xE4, 0xCA, 0xE8, 0xE3,
    0xD1, 0xA7, 0x40, 0xC6, 0xFD, 0xBC, 0x68, 0xA5, 0x8B, 0xA2, 0x7A, 0x2E, 0x98, 0x01, 0x11, 0x7B,
    0xD7, 0x9D, 0x41, 0x34, 0xED, 0x46, 0xA9, 0xC4, 0x78, 0x3F, 0x44, 0x93, 0x7E, 0x71, 0x22, 0x0C,
    0x71, 0xB6, 0xE4, 0x03, 0x91, 0x92, 0x6B, 0x31, 0xA6, 0x90, 0xEB, 0x51, 0xA0, 0xF8, 0x44, 0x5C,
    0xC5, 0x55, 0xF7, 0x99, 0x98, 0xBF, 0x40, 0xFE, 0xF2, 0x45, 0x80, 0x1A, 0x34, 0xBA, 0x26, 0x01,
    0x56, 0x11, 0x45, 0x6F, 0x50, 0x54, 0x94, 0x3B, 0x5C, 0xD2, 0x25, 0x80, 0x53, 0xA9, 0x80, 0xEB,
    0x40, 0xDD, 0x81, 0xEE, 0x9E, 0x56, 0xD1, 0xCA, 0xFA, 0x5A, 0xC8, 0x06, 0xA2, 0xAC, 0xC2, 0x62,
    0x4D, 0xE6, 0xA3, 0x49, 0xDD, 0x76, 0xB4, 0xAF, 0x5D, 0x5F, 0x70, 0x38, 0x7F, 0x7B, 0x3F, 0x23,
    0x03, 0x7A, 0x3F, 0x57, 0xC9, 0xF6, 0x73, 0x65, 0xE2, 0x2F, 0xC8, 0xCF, 0xDE, 0x47, 0xCA, 0x91,
    0xB4, 0x85, 0x51, 0x1D, 0xA6, 0x14, 0xF1, 0xBF, 0x4B, 0xC5, 0xDF, 0x7F, 0x0F, 0x1C, 0x05, 0xD5,
    0x93, 0x94, 0xF4, 0x43, 0xCA, 0x82, 0x13, 0x64, 0xA9, 0xD6, 0x5C, 0x83, 0xE1, 0xDA, 0x1D, 0xAD,
    0xC9, 0xCA, 0x29, 0xA5, 0x29, 0x5A, 0x08, 0xCA, 0x0D, 0xD3, 0xB6, 0x2C, 0xC3, 0x39, 0xEA, 0x8B,
    0x93, 0xA8, 0xDE, 0x9E, 0x6F, 0x09, 0x07, 0x6F, 0xAE, 0x10, 0x6C, 0x0D, 0xA6, 0x12, 0xCD, 0x08,
    0x21, 0x90, 0x01, 0xC5, 0x28, 0x8C, 0x13, 0xC2, 0x28, 0x25, 0xEC, 0x65, 0x84, 0x61, 0x16, 0xE4,
    0x84, 0x64, 0x68, 0x38, 0xB5, 0x70, 0xE7, 0xE0, 0x3E, 0xEF, 0xDB, 0xA7, 0x5D, 0x4D, 0xFB, 0x96,
    0x6D, 0xC1, 0x2C, 0x5A, 0xEE, 0xA1, 0x97, 0x83, 0x6D, 0xF6, 0xD8, 0xF6, 0xBE, 0x25, 0x9D, 0xF6,
    0x51, 0x96, 0x00, 0x38, 0x9B, 0xB7, 0xFE, 0x1F, 0x48, 0x9A, 0xCA, 0x82, 0xC5, 0x83, 0xA8, 0xEE,
    0xA5, 0x98, 0x0A, 0x1F, 0xA5, 0x7E, 0x7D, 0xD3, 0xA4, 0x60, 0x93, 0x49, 0x95, 0x4B, 0x4A, 0xBA,
    0x72, 0x61, 0x05, 0x84, 0xCB, 0xFF, 0xB2, 0x8A, 0x32, 0x47, 0x79, 0xA3, 0xAC, 0xB1, 0x9C, 0x51,
    0xC6, 0x90, 0x2F, 0x1B, 0xA3, 0x91, 0x84, 0xC6, 0x10, 0xA9, 0xA5, 0x49, 0x64, 0xA6, 0x1C, 0x5A,
    0x72, 0xA9, 0x5A, 0x51, 0x86, 0xAB, 0xC5, 0xC0, 0xFA, 0x42, 0x9D, 0x8C, 0xE5, 0xB0, 0x7A, 0x2C,
    0xF3, 0xD1, 0x68, 0xAB, 0x69, 0x33, 0xA7, 0xD5, 0x46, 0x25, 0x3F, 0xB5, 0x60, 0xE9, 0x13, 0x61,
    0x35, 0x0B, 0x27, 0x95, 0xB7, 0x7F, 0xB9, 0xE4, 0x80, 0x56, 0xE4, 0x80, 0x6A, 0x7B, 0x55, 0xF6,
    0x00, 0xA3, 0xD1, 0x44, 0x62, 0xB4, 0xC2, 0x5F, 0xA3, 0x46, 0x52, 0x76, 0xAB, 0x96, 0xCB, 0x47,
    0xD7, 0x0F, 0xD6, 0xC6, 0xF7, 0x7E, 0xCC, 0xE6, 0xB1, 0x44, 0x22, 0xB5, 0xD8, 0xDE, 0x85, 0x62,
    0x93, 0x0D, 0x09, 0xF1, 0xE7, 0x3F, 0xDA, 0xC3, 0x04, 0x01, 0x56, 0xB7, 0xB6, 0x4E, 0x8F, 0x66,
    0xD8, 0x63, 0x30, 0x0D, 0x5C, 0x90, 0x4B, 0x8B, 0x0C, 0x26, 0x07, 0x35, 0xED, 0x9F, 0xE4, 0xF4,
    0xA8, 0x07, 0xF1, 0xCD, 0xD2, 0xA3, 0x8C, 0x59, 0x91, 0xA2, 0x27, 0x4E, 0xBD, 0x08, 0x27, 0xB3,
    0x2A, 0x8C, 0x05, 0x58, 0xFB, 0x9C, 0x2C, 0xF5, 0x27, 0x4F, 0x61, 0xAF, 0xB1, 0x39, 0x1F, 0x36,
    0x96, 0x26, 0x0B, 0x45, 0x0E, 0x2D, 0xCD, 0x0B, 0x27, 0x4B, 0x23, 0x91, 0xB9, 0xA1, 0x77, 0xF5,
    0x79, 0xD2, 0xDA, 0xC0, 0x0A, 0xC2, 0x3F, 0x53, 0x89, 0xA9, 0xB6, 0xBB, 0x0E, 0xF3, 0x62, 0x23,
    0x09, 0xB3, 0x28, 0xF1, 0x0A, 0x18, 0x59, 0xE4, 0xCD, 0x30, 0x6F, 0xA5, 0xF2, 0xA9, 0x4C, 0x04,
    0xEA, 0x4C, 0x51, 0xA5, 0x29, 0xBB, 0x3A, 0x17, 0xA9, 0x76, 0xC3, 0xEA, 0xC9, 0x29, 0x71, 0xC2,
    0x6B, 0x41, 0x8D, 0x5C, 0x89, 0xF8, 0x7C, 0x82, 0x7B, 0x4E, 0x89, 0xA7, 0x7E, 0x8E, 0xC6, 0xC3,
    0xC4, 0xCF, 0x96, 0xD0, 0x70, 0x26, 0x90, 0xD5, 0x3D, 0xBE, 0x6C, 0x0E, 0xB6, 0x2B, 0x0F, 0xD2,
    0xFB, 0x5B, 0xE1, 0xAC, 0x6D, 0x5E, 0x7D, 0x9E, 0x2F, 0xB0, 0x2F, 0x46, 0x1F, 0x53, 0x4D, 0x9A,
    0xAA, 0xE9, 0x59, 0x86, 0xAC, 0x12, 0xB3, 0x72, 0x4C, 0xFC, 0x62, 0x2E, 0xC2, 0x98, 0xF8, 0xC5,
    0x3E, 0x6A, 0xC7, 0xAE, 0xF9, 0xEC, 0x86, 0x81, 0x50, 0x00, 0x35, 0x10, 0xFF, 0x10, 0x0B, 0x17,
    0xA0, 0x4C, 0x9D, 0x7B, 0x44, 0x5F, 0xFD, 0x1A, 0x4A, 0x8B, 0x98, 0x0C, 0xAB, 0xE8, 0x0A, 0xE5,
    0xF2, 0x60, 0x85, 0x57, 0x75, 0x40, 0x0D, 0xF1, 0xBB, 0x75, 0x0D, 0x11, 0x3D, 0xA1, 0x21, 0xC2,
    0x55, 0xA0, 0x1A, 0xA2, 0xD7, 0x69, 0x88, 0x61, 0xA7, 0x21, 0xFE, 0xD0, 0x69, 0x88, 0x30, 0x6D,
    0x55, 0x51, 0xA4, 0x66, 0x11, 0xA7, 0xB2, 0x91, 0xF0, 0x2F, 0x37, 0x2B, 0xAA, 0x8C, 0x02, 0x0C,
    0xE2, 0x40, 0x6D, 0x88, 0x9B, 0x48, 0x90, 0x06, 0x09, 0xFC, 0xB5, 0x09, 0x8D, 0x79, 0x22, 0xFD,
    0xD6, 0x96, 0x9C, 0x17, 0x4E, 0x6E, 0x61, 0xD6, 0x49, 0xE1, 0x60, 0x8A, 0xED, 0xED, 0x50, 0x43,
    0xD3, 0x82, 0xDB, 0x28, 0xE5, 0x7C, 0x31, 0x51, 0x5C, 0x69, 0x5D, 0xD8, 0x05, 0x58, 0xFD, 0x9C,
    0x29, 0x13, 0xD5, 0x3F, 0x71, 0xD9, 0x9D, 0x47, 0xD6, 0x39, 0xB3, 0xA7, 0xC8, 0xF0, 0xB3, 0x67,
    0xE2, 0xD9, 0xB3, 0x49, 0x3F, 0x3E, 0xED, 0x9A, 0x40, 0x87, 0x91, 0xFD, 0x85, 0xBC, 0xF7, 0x8E,
    0x34, 0x51, 0x00, 0x79, 0x8D, 0xE0, 0xC3, 0x36, 0x26, 0xE1, 0x2C, 0xF4, 0x62, 0x7E, 0xDE, 0xD8,
    0x79, 0x9F, 0x58, 0x31, 0x16, 0x18, 0x18, 0xFC, 0x1B, 0x7D, 0x04, 0x8A, 0xEE, 0x10, 0xD5, 0x99,
    0xEA, 0xB9, 0xF6, 0x33, 0xE6, 0x74, 0xA0, 0xAF, 0xF0, 0xDC, 0x00, 0x0A, 0x64, 0x7B, 0x06, 0xC6,
    0x19, 0x0B, 0x5E, 0xE8, 0xDD, 0x05, 0x90, 0xEF, 0x68, 0xBC, 0x89, 0x4E, 0x3A, 0x0D, 0xC9, 0xE0,
    0x8F, 0x05, 0xBD, 0xC6, 0x8A, 0x8A, 0xF8, 0x4A, 0x8B, 0xDB, 0x22, 0x48, 0xF5, 0x0C, 0x10, 0x40,
    0x2A, 0xF4, 0x87, 0x50, 0x11, 0xF1, 0xFE, 0x7B, 0x95, 0xC4, 0x53, 0xCC, 0x0A, 0xCC, 0x95, 0x41,
    0xA3, 0x6D, 0x8E, 0x0E, 0xE8, 0xB4, 0x61, 0x3A, 0x90, 0x6B, 0xC1, 0xFA, 0xC5, 0xE8, 0x27, 0x6D,
    0x2E, 0xDB, 0x07, 0xA3, 0xD1, 0xCE, 0x41, 0xF2, 0xD4, 0x9A, 0x1E, 0xD4, 0x28, 0x64, 0x97, 0x67,
    0xD4, 0x77, 0x69, 0x2F, 0x4F, 0xAD, 0x79, 0xC4, 0x8B, 0xFA, 0x6F, 0x0B, 0xF3, 0xEC, 0xAB, 0x8F,
    0x37, 0x13, 0xEB, 0xF1, 0x4E, 0xE8, 0xF1, 0x2E, 0x1B, 0x6F, 0xFF, 0x79, 0x5D, 0xBC, 0x4F, 0xE1,
    0xCA, 0x78, 0x7F, 0xC5, 0x13, 0xCF, 0x24, 0x51, 0xE6, 0x61, 0xD6, 0xE4, 0xDE, 0x0C, 0xCF, 0x50,
    0xE5, 0xC8, 0xC0, 0x49, 0x30, 0x2F, 0x2B, 0x2F, 0x8D, 0xCD, 0x4E, 0x72, 0xB5, 0x37, 0x97, 0x9F,
    0xA8, 0x06, 0xB4, 0x9F, 0xC0, 0x94, 0x28, 0x18, 0xDA, 0xE1, 0xD6, 0x21, 0x2E, 0xF4, 0x8B, 0x96,
    0x44, 0xDB, 0x64, 0x71, 0x12, 0x57, 0x7A, 0x65, 0x00, 0xDD, 0xB0, 0x23, 0x0F, 0x7A, 0xB5, 0x7C,
    0xE2, 0x2E, 0xFA, 0x96, 0xFE, 0xF1, 0xF4, 0xF7, 0xE6, 0xE8, 0xDE, 0xD0, 0x94, 0x43, 0xD3, 0x48,
    0xCE, 0xC8, 0xE4, 0x91, 0x29, 0x1C, 0xAC, 0xB3, 0x4A, 0x8E, 0xF2, 0xAD, 0xD1, 0x42, 0x81, 0xEF,
    0x8F, 0x46, 0x77, 0x27, 0xA6, 0xC0, 0xB7, 0xC1, 0xB6, 0x3C, 0x4A, 0x6B, 0x3F, 0x90, 0x37, 0x6E,
    0xCB, 0xED, 0x78, 0xBB, 0x08, 0xCD, 0xD4, 0xFD, 0xAD, 0x1C, 0x2F, 0x86, 0x77, 0xE5, 0x83, 0x07,
    0x52, 0x0C, 0xB6, 0xF1, 0x3B, 0xDB, 0xD8, 0x97, 0x97, 0xC1, 0x73, 0x62, 0xD2, 0x89, 0xC9, 0xFC,
    0x7D, 0xD1, 0x19, 0xF3, 0xE2, 0xDF, 0x19, 0x5A, 0xC8, 0xF0, 0xA5, 0x80, 0x78, 0xC8, 0xC8, 0xB0,
    0xAB, 0x5F, 0x67, 0x9E, 0x32, 0xBE, 0x74, 0x41, 0x9C, 0xD4, 0x2F, 0xFC, 0xA2, 0x15, 0xC4, 0x5E,
    0xCE, 0xA9, 0x79, 0xF8, 0x9F, 0x9F, 0x85, 0x68, 0xEC, 0x1A, 0xFE, 0xE2, 0x7B, 0xBD, 0x19, 0x9C,
    0xEA, 0x2D, 0xF6, 0x82, 0xAF, 0x5B, 0x2C, 0x7B, 0x58, 0xC7, 0x83, 0x76, 0x3F, 0x5E, 0xFF, 0xA0,
    0xE5, 0x28, 0xC1, 0x93, 0x28, 0x41, 0xEB, 0xB4, 0xEC, 0x4F, 0x0C, 0xCC, 0xA4, 0xE9, 0x48, 0xC1,
    0x42, 0x73, 0x34, 0xFA, 0xF4, 0xC6, 0xBC, 0xB1, 0xFC, 0x34, 0x96, 0x4B, 0x45, 0xF7, 0x1A, 0xF8,
    0x39, 0x44, 0xAD, 0x21, 0x04, 0x69, 0xDF, 0x06, 0xBA, 0x97, 0x96, 0x54, 0x2F, 0x61, 0xE4, 0xFF,
    0x65, 0x8B, 0x3C, 0x51, 0x80, 0xD0, 0xB7, 0x61, 0x2F, 0xC7, 0xD4, 0xD0, 0x79, 0x13, 0xCE, 0xC6,
    0x75, 0x38, 0x83, 0x99, 0xBF, 0x8B, 0x11, 0x8D, 0x92, 0x60, 0xD9, 0xC8, 0xA7, 0x92, 0x0E, 0x4F,
    0xA1, 0x40, 0x19, 0x6F, 0xC2, 0x36, 0x9E, 0xCC, 0xAD, 0xCB, 0xA1, 0x2E, 0xE1, 0x77, 0xA8, 0xBC,
    0xA0, 0xBA, 0xA0, 0xB8, 0xA0, 0xB6, 0x16, 0x4A, 0xAB, 0x2F, 0x56, 0x7D, 0x1C, 0xF1, 0xDB, 0xA7,
    0x6D, 0xF3, 0xEB, 0x4A, 0x20, 0x32, 0x27, 0x53, 0x2A, 0x67, 0xDD, 0x1D, 0x19, 0x62, 0xF5, 0x38,
    0x15, 0x00, 0x06, 0xB2, 0xB2, 0x2E, 0x55, 0xCC, 0x85, 0x0D, 0x84, 0x2A, 0x46, 0x11, 0x2B, 0x86,
    0xB9, 0x2A, 0x9A, 0x38, 0xDC, 0xE5, 0x90, 0x39, 0x8D, 0x64, 0x8D, 0xCF, 0x98, 0x5F, 0x60, 0x22,
    0xCF, 0x3D, 0x5D, 0xAE, 0x35, 0x01, 0x37, 0x41, 0x18, 0x46, 0xA8, 0xE8, 0x61, 0x55, 0xE2, 0xB3,
    0x3D, 0x97, 0x2D, 0xC3, 0x82, 0x20, 0xD7, 0xD9, 0x5B, 0x6F, 0x39, 0xB0, 0xB3, 0x30, 0x6E, 0xAC,
    0x5D, 0xD4, 0x99, 0x44, 0xFF, 0xD1, 0x58, 0x44, 0xFD, 0x43, 0x8B, 0x5B, 0xF6, 0xA1, 0x5E, 0xFA,
    0x60, 0x61, 0x5F, 0x26, 0xD2, 0x47, 0x57, 0xFD, 0xA0, 0x90, 0x3E, 0x6C, 0xA1, 0x3E, 0x50, 0xE9,
    0x43, 0xFF, 0xC7, 0x58, 0xD0, 0x31, 0xD0, 0x8C, 0x81, 0x65, 0x1F, 0x48, 0xF6, 0x81, 0x23, 0xEA,
    0x67, 0x7D, 0x60, 0xD8, 0x07, 0xC1, 0x7D, 0x52, 0xDE, 0x7E, 0x74, 0x44, 0x52, 0xEB, 0x1E, 0x5F,
    0x69, 0xBC, 0xF6, 0x2F, 0x93, 0x71, 0x6E, 0x19, 0x4B, 0x50, 0x60, 0x56, 0x65, 0x31, 0xDE, 0x8F,
    0x1D, 0x18, 0x00, 0xE0, 0x15, 0x0D, 0xBE, 0x98, 0x51, 0xC9, 0x09, 0x0A, 0xF8, 0x11, 0xFF, 0x1E,
    0xFD, 0xFC, 0x57, 0x89, 0xFA, 0x78, 0xCE, 0x7A, 0x5A, 0x3F, 0xCC, 0x63, 0xF4, 0x13, 0xB3, 0x9F,
    0x8F, 0xED, 0x1E, 0x0F, 0xB7, 0x78, 0xB8, 0xC3, 0xC3, 0x79, 0xBF, 0xBC, 0xBF, 0x13, 0xC9, 0x31,
    0x2A, 0xB0, 0xB6, 0x3C, 0x1A, 0xDD, 0x83, 0x2F, 0x5C, 0xB2, 0xC8, 0x7D, 0xAF, 0xF4, 0x8B, 0x10,
    0x38, 0xDD, 0x56, 0xF3, 0x27, 0x7E, 0xE1, 0xBF, 0xF1, 0x33, 0x3C, 0xFA, 0xA3, 0x14, 0xB3, 0x12,
    0x2C, 0x59, 0x1F, 0x89, 0x64, 0x65, 0x24, 0x8E, 0x82, 0xB3, 0x72, 0x36, 0x89, 0x30, 0xEA, 0x1F,
    0xC2, 0x3B, 0xBE, 0x0E, 0x1A, 0xFC, 0x69, 0xA5, 0x25, 0xC8, 0x30, 0x4F, 0x61, 0x14, 0x86, 0xC0,
    0xE3, 0x4B, 0xC7, 0x46, 0xC3, 0x25, 0x27, 0x89, 0xC1, 0x63, 0x98, 0xDB, 0xA1, 0xC4, 0xAF, 0x4B,
    0xFC, 0xF6, 0x4B, 0xAD, 0xD8, 0xE7, 0xE7, 0xF8, 0xB7, 0x74, 0x11, 0xDA, 0x32, 0x7E, 0x7E, 0x6C,
    0x9F, 0x89, 0xC3, 0x2B, 0x74, 0x71, 0xF8, 0x8D, 0x9E, 0x8D, 0xAD, 0x5B, 0x3C, 0x19, 0xCD, 0x3B,
    0x04, 0xC0, 0xEF, 0xF1, 0x1E, 0x43, 0x22, 0x7B, 0x98, 0x9B, 0x00, 0x18, 0xEF, 0x80, 0xCE, 0x55,
    0x5C, 0xB4, 0xE0, 0x2B, 0x5F, 0xF8, 0x2E, 0x8C, 0xDE, 0x84, 0xB6, 0x6E, 0xAA, 0x80, 0x1B, 0x21,
    0xE5, 0x21, 0xDF, 0xC4, 0xF9, 0x7C, 0x0A, 0xE5, 0xE3, 0x98, 0x24, 0xC0, 0xF2, 0x2C, 0x25, 0x3A,
    0xAC, 0x32, 0x9D, 0x59, 0x9A, 0x78, 0x41, 0xD1, 0xEE, 0xC4, 0x6A, 0xE0, 0xE8, 0xCE, 0x62, 0xA7,
    0xB8, 0xF9, 0xD0, 0x07, 0x1C, 0x13, 0xEB, 0x31, 0x93, 0x0C, 0xC6, 0x34, 0xB3, 0xC6, 0x34, 0xE1,
    0xC6, 0xDC, 0x2C, 0x19, 0x57, 0x13, 0x02, 0xBC, 0x3A, 0xAE, 0x20, 0x8F, 0xC6, 0x14, 0xA2, 0xE3,
    0x0A, 0x4B, 0x7F, 0x5C, 0x41, 0x12, 0x8C, 0x29, 0x5D, 0xC7, 0x94, 0xB3, 0x63, 0x0A, 0xCC, 0x31,
    0x05, 0x26, 0x80, 0x57, 0x8C, 0x29, 0x30, 0xC7, 0xB4, 0x90, 0x08, 0x86, 0x04, 0x11, 0x37, 0x5B,
    0x42, 0x02, 0x5F, 0xB7, 0x5D, 0x2A, 0xAB, 0xBA, 0xE8, 0xAE, 0x36, 0x3B, 0xB1, 0x64, 0x89, 0xBF,
    0x88, 0xD5, 0x5D, 0x85, 0xC3, 0x72, 0x0D, 0xC6, 0x24, 0xDD, 0x15, 0x78, 0x2B, 0x73, 0x3A, 0x2B,
    0x1C, 0x9F, 0x17, 0x2D, 0x67, 0x47, 0xDF, 0xAA, 0x81, 0x6D, 0x59, 0x3F, 0x5E, 0xF1, 0x8A, 0x25,
    0x39, 0x5E, 0x5A, 0x17, 0x1B, 0x87, 0xB3, 0x66, 0x67, 0xBB, 0xDD, 0xAD, 0x4F, 0xAC, 0x4A, 0xBE,
    0x2B, 0x6F, 0x10, 0x91, 0x92, 0xBB, 0x57, 0x78, 0x14, 0xFC, 0x2D, 0x6B, 0x76, 0xEF, 0xA5, 0x3E,
    0x0F, 0x73, 0xC2, 0x4D, 0x9C, 0x2D, 0xB7, 0x80, 0xB3, 0x56, 0x31, 0x10, 0x5A, 0xDB, 0x8D, 0x69,
    0x3F, 0x3F, 0xF6, 0x39, 0xA1, 0x91, 0x12, 0xBB, 0x8B, 0x6A, 0xAD, 0xBC, 0x36, 0xCD, 0x43, 0xBA,
    0x81, 0x92, 0xF1, 0x15, 0x1F, 0xDA, 0xF0, 0x61, 0x1C, 0x63, 0x59, 0x5F, 0x8F, 0xEB, 0x1B, 0xB5,
    0xDA, 0x5B, 0x13, 0xDD, 0x3B, 0x8D, 0x75, 0xE2, 0xC6, 0xBA, 0xA6, 0x22, 0x7D, 0xED, 0xE5, 0xE0,
    0x53, 0xF9, 0x5D, 0xAE, 0xF1, 0x3B, 0xED, 0xF8, 0x5D, 0x90, 0xDF, 0x25, 0xB9, 0xAC, 0xFC, 0x9E,
    0x28, 0xBF, 0x53, 0xB2, 0x9A, 0xFC, 0xF6, 0xC9, 0x6A, 0xAF, 0x24, 0x83, 0xAB, 0x8E, 0xD5, 0xF1,
    0x3A, 0xAB, 0x5B, 0x31, 0x6A, 0x67, 0x24, 0x7F, 0x51, 0x66, 0x5C, 0xB8, 0x39, 0xA3, 0x2F, 0x9A,
    0x37, 0x01, 0x11, 0xB9, 0xDE, 0xB2, 0x7D, 0x6B, 0x8D, 0xED, 0xC3, 0x23, 0x4E, 0xCF, 0xF5, 0x32,
    0x80, 0x35, 0x5B, 0x77, 0xD6, 0xEC, 0xC5, 0xD1, 0x48, 0xC3, 0xC1, 0x46, 0x3D, 0x62, 0xB3, 0x16,
    0x7E, 0xDB, 0xD0, 0xAD, 0xD8, 0x21, 0x8D, 0x36, 0xD7, 0x7C, 0x36, 0x29, 0xC5, 0x2F, 0xC5, 0xAD,
    0x35, 0x0C, 0x3E, 0xD4, 0xC1, 0xD4, 0xA8, 0x11, 0x98, 0x30, 0x54, 0x91, 0x47, 0xA6, 0x06, 0x39,
    0xE7, 0xB5, 0x5F, 0xD4, 0x2A, 0x72, 0xAB, 0x25, 0x58, 0x77, 0xD0, 0x2F, 0x6C, 0x4D, 0xFB, 0x96,
    0x6D, 0x81, 0x62, 0x29, 0x4A, 0x69, 0xE4, 0x0D, 0xB9, 0x43, 0xEE, 0xCC, 0xB9, 0x45, 0x7E, 0xAB,
    0xD4, 0x1D, 0x04, 0x65, 0xCE, 0xBC, 0xDB, 0xE1, 0x84, 0x7B, 0x4A, 0x43, 0xB2, 0xE0, 0xB3, 0x95,
    0x20, 0x7F, 0x64, 0x74, 0x1B, 0x10, 0xBE, 0x52, 0xFD, 0x9E, 0x62, 0x39, 0x64, 0x84, 0x2E, 0x62,
    0x78, 0x8B, 0xD6, 0x4B, 0x03, 0xD8, 0x61, 0xD0, 0x01, 0xFD, 0x97, 0x3B, 0x18, 0x00, 0x5A, 0x59,
    0x5F, 0xF3, 0xF6, 0x37, 0x6A, 0xDB, 0x94, 0x36, 0xDA, 0xA6, 0x52, 0x6C, 0xA8, 0x99, 0x49, 0x43,
    0x33, 0x78, 0x44, 0x12, 0x54, 0x01, 0xAD, 0x6C, 0xFB, 0x9D, 0x67, 0xBE, 0xDD, 0x85, 0x4F, 0x0E,
    0xFF, 0x94, 0x41, 0xEB, 0xED, 0xBC, 0x21, 0x6C, 0xE1, 0x3C, 0x9F, 0x06, 0x07, 0xE5, 0x3E, 0x35,
    0x90, 0x5B, 0x46, 0x9A, 0xF5, 0x31, 0x54, 0x67, 0x49, 0xB7, 0xA6, 0x55, 0x36, 0xBF, 0xED, 0xA5,
    0xFF, 0x16, 0x7C, 0xBC, 0x98, 0xDE, 0x47, 0xDD, 0x9F, 0xE2, 0x59, 0x4C, 0x0D, 0x3A, 0x66, 0x86,
    0x59, 0x01, 0xDB, 0xDF, 0xCD, 0xBE, 0x7B, 0xAA, 0xCC, 0x6C, 0x02, 0xC3, 0x8C, 0xDC, 0x95, 0x1A,
    0x34, 0x36, 0x15, 0xB8, 0xB4, 0x83, 0x0B, 0x08, 0xD0, 0x54, 0x82, 0x5C, 0x2F, 0x60, 0x94, 0xA6,
    0x11, 0x68, 0x50, 0x8E, 0xBA, 0x9F, 0x97, 0x3D, 0x7B, 0xA9, 0xED, 0x85, 0xD9, 0x1C, 0x07, 0xA3,
    0xBB, 0x95, 0x0A, 0x81, 0xD9, 0xD2, 0x65, 0x51, 0x65, 0x6F, 0xE5, 0xF5, 0xA6, 0x31, 0x70, 0x4D,
    0xB3, 0x15, 0x34, 0xF9, 0x41, 0x9A, 0x6E, 0xC9, 0xB8, 0x83, 0xD1, 0x7D, 0x72, 0xCE, 0x68, 0x30,
    0x4C, 0x2F, 0x36, 0x17, 0x6C, 0x89, 0x39, 0x49, 0x60, 0xF9, 0x93, 0xC7, 0x64, 0xD1, 0xFE, 0xCD,
    0x72, 0xFE, 0xDF, 0xEA, 0x45, 0xC2, 0x99, 0x1D, 0x6A, 0x2A, 0x06, 0xBC, 0xA4, 0x84, 0x91, 0xE9,
    0x69, 0x13, 0x97, 0xCE, 0x9A, 0xD0, 0xF4, 0xA3, 0xD1, 0x44, 0x39, 0xC7, 0xBD, 0x42, 0xFB, 0xFF,
    0x48, 0xEF, 0x67, 0x56, 0xC2, 0xF5, 0x9A, 0x54, 0x9D, 0x68, 0x6A, 0x03, 0xD2, 0x71, 0x63, 0x8F,
    0x4D, 0xB8, 0x56, 0xC1, 0xC9, 0xCA, 0x24, 0xB7, 0xD8, 0x6F, 0x11, 0x53, 0xDE, 0x81, 0x9F, 0xBE,
    0xCE, 0xB2, 0xEB, 0x4D, 0x64, 0x57, 0x33, 0xC8, 0x28, 0x08, 0x9D, 0x6E, 0x17, 0x51, 0xC3, 0xEE,
    0xAF, 0xAF, 0x6D, 0x70, 0xDF, 0xD3, 0xBC, 0x98, 0x54, 0x34, 0xAB, 0xB0, 0x22, 0xED, 0x8D, 0x37,
    0xAC, 0x96, 0xB4, 0xEC, 0x76, 0xA0, 0xB6, 0x71, 0x26, 0x6A, 0x08, 0x99, 0x6F, 0xDE, 0xD2, 0x4C,
    0x9A, 0x44, 0x94, 0x25, 0xF5, 0xB2, 0xFB, 0x9B, 0xB6, 0x4E, 0xB4, 0x5F, 0xB4, 0x3E, 0xB5, 0x6D,
    0x6F, 0x4F, 0x7D, 0x60, 0x4D, 0xBB, 0xC9, 0xB8, 0x87, 0x87, 0x47, 0x18, 0x59, 0x50, 0xD6, 0x97,
    0x2E, 0x68, 0x7E, 0x35, 0xA8, 0xAE, 0xC5, 0xD5, 0xB5, 0xBD, 0xFF, 0x01, 0xB5, 0x54, 0x97, 0xC9,
    0x73, 0x79, 0x09, 0x67, 0x46, 0xC5, 0x53, 0x3D, 0xF9, 0xEC, 0x09, 0x4F, 0xFE, 0xC8, 0x84, 0x35,
    0x73, 0x4C, 0x2B, 0x5F, 0xD3, 0x9D, 0x91, 0x07, 0x3A, 0xC2, 0x17, 0x99, 0x64, 0x15, 0x64, 0x70,
    0x0F, 0xDD, 0x19, 0xD3, 0x46, 0xE7, 0x9C, 0x13, 0x0C, 0xEA, 0xD8, 0x59, 0x73, 0xE6, 0xC3, 0xFB,
    0x81, 0x7C, 0xAD, 0x0F, 0x81, 0xF2, 0x7F, 0x85, 0x6F, 0x32, 0x78, 0x1D, 0x76, 0x47, 0xE9, 0x25,
    0xB8, 0xF0, 0xB4, 0xD4, 0xCB, 0x25, 0x42, 0x6F, 0x99, 0x2D, 0x8F, 0xB9, 0xA8, 0xF3, 0xED, 0x12,
    0xF4, 0xBF, 0x1A, 0x27, 0xAB, 0xC9, 0x63, 0x9A, 0xD8, 0x31, 0xA3, 0x88, 0x61, 0xE4, 0x66, 0x9F,
    0x59, 0x62, 0xF8, 0x31, 0x29, 0x9A, 0x4D, 0xE4, 0xBA, 0xB1, 0x5B, 0x07, 0x4D, 0xD9, 0xFD, 0x32,
    0x73, 0x58, 0x7F, 0xF9, 0xFE, 0x8C, 0x02, 0x3B, 0xA2, 0xC0, 0xD4, 0x25, 0xFF, 0x43, 0x5B, 0xD5,
    0x6B, 0x0C, 0x4B, 0xBA, 0xE7, 0x57, 0x96, 0x76, 0x20, 0x51, 0x2F, 0xE4, 0x42, 0x9E, 0xBE, 0x9F,
    0x34, 0xE6, 0x89, 0xED, 0x9F, 0xF2, 0xAB, 0xA6, 0x30, 0xA1, 0xAA, 0xD2, 0x48, 0x60, 0x6A, 0x47,
    0x89, 0x22, 0x86, 0x51, 0x9F, 0x60, 0x7A, 0x47, 0x6E, 0x65, 0xE8, 0x0B, 0x6B, 0xB8, 0xB4, 0x8B,
    0x97, 0x99, 0x95, 0xC1, 0x4A, 0x66, 0x25, 0x33, 0x96, 0x8B, 0x53, 0xA5, 0xF7, 0xEB, 0x89, 0x4D,
    0xF6, 0x63, 0xAE, 0xF1, 0x63, 0x06, 0x0B, 0x06, 0x10, 0x1D, 0x41, 0x72, 0x22, 0xF4, 0x9E, 0x06,
    0x4D, 0x97, 0x53, 0xBB, 0x20, 0x99, 0xBB, 0xA8, 0x4E, 0xEE, 0xD8, 0x46, 0xDA, 0x19, 0x73, 0x9C,
    0xA4, 0xC7, 0x4B, 0x53, 0xAF, 0x91, 0xB3, 0x7C, 0x51, 0x63, 0x02, 0x33, 0x75, 0xDB, 0x18, 0xFF,
    0xE5, 0x6A, 0x58, 0x24, 0x48, 0x32, 0x8D, 0xAD, 0x49, 0x90, 0x5C, 0xCE, 0xF3, 0x38, 0x85, 0xF1,
    0xFD, 0x1A, 0x13, 0x5E, 0xD2, 0x48, 0xAD, 0x0A, 0x87, 0xE6, 0xE7, 0x50, 0xF3, 0xF4, 0x4E, 0x64,
    0x3E, 0x53, 0x81, 0x16, 0x0B, 0xB0, 0x9C, 0x67, 0x7A, 0xC2, 0xE0, 0x41, 0x9B, 0xE4, 0xEE, 0xCE,
    0x3B, 0x8F, 0xCD, 0xEE, 0x3B, 0xA7, 0x4D, 0xF2, 0x08, 0xFD, 0x44, 0xD6, 0x28, 0x38, 0x40, 0x18,
    0x83, 0x9E, 0xA9, 0x86, 0xA6, 0xFA, 0xEA, 0xE3, 0x77, 0x9F, 0x67, 0xEB, 0x01, 0x36, 0x9C, 0x98,
    0x9A, 0xCB, 0x14, 0x0B, 0x23, 0x64, 0x3A, 0xA9, 0xFA, 0xCF, 0xFA, 0x05, 0x9D, 0x86, 0xB9, 0x6D,
    0x1F, 0x30, 0x8A, 0x3C, 0xE3, 0x36, 0x2A, 0x39, 0x47, 0xDF, 0x48, 0xB7, 0x8D, 0x9D, 0xB5, 0xF4,
    0xD4, 0xB3, 0xE2, 0x90, 0x46, 0x99, 0x07, 0xDD, 0x72, 0xA0, 0x59, 0x5D, 0x38, 0xB9, 0xD3, 0xA4,
    0x31, 0x83, 0x1B, 0xB0, 0xC8, 0x2A, 0x01, 0x3F, 0x56, 0xD2, 0x9B, 0x9F, 0x59, 0x18, 0x45, 0xE0,
    0x3C, 0xD4, 0xEC, 0xA2, 0x5A, 0x53, 0x4D, 0xD7, 0x69, 0x54, 0x0E, 0x1C, 0x0A, 0x9C, 0xCD, 0xFA,
    0x5D, 0xEE, 0xE8, 0xCE, 0x2D, 0xB0, 0x96, 0xCC, 0xB3, 0x5F, 0x5B, 0x07, 0x87, 0x8E, 0xEE, 0x5B,
    0x07, 0xF7, 0x62, 0x53, 0xBD, 0x75, 0x70, 0xFF, 0xB0, 0xD1, 0x05, 0xF6, 0x17, 0xE4, 0x4B, 0x18,
    0xA6, 0xFC, 0x6D, 0x2E, 0x8C, 0xB1, 0xB8, 0x53, 0x88, 0x0D, 0x37, 0x0D, 0x96, 0x0D, 0xFD, 0x23,
    0x6E, 0xD5, 0x3F, 0x13, 0x78, 0xB4, 0xF2, 0xD5, 0xCB, 0x08, 0x72, 0x08, 0xE4, 0x28, 0x0B, 0xF7,
    0x6F, 0x18, 0x06, 0xFF, 0x6A, 0xBA, 0x14, 0x79, 0x93, 0xB8, 0xF5, 0xAA, 0x7C, 0x13, 0x2B, 0xF1,
    0x13, 0xCF, 0x1C, 0x14, 0xC1, 0xF7, 0xCC, 0x34, 0x90, 0x37, 0x3B, 0x51, 0x8D, 0xD1, 0xED, 0xA3,
    0xC4, 0xCF, 0x59, 0x86, 0x28, 0x13, 0x2C, 0x75, 0x13, 0x27, 0xAE, 0x89, 0xF2, 0xCB, 0x06, 0x62,
    0x20, 0x76, 0x4D, 0x19, 0xA9, 0xD7, 0xF0, 0x45, 0x4E, 0xEB, 0x99, 0x52, 0xDF, 0x1C, 0x77, 0xCA,
    0xDC, 0xA5, 0xE3, 0x4E, 0xC7, 0x4A, 0xF5, 0xC2, 0xE5, 0x1C, 0x58, 0x97, 0x33, 0x5B, 0x77, 0x39,
    0xCF, 0x94, 0x7E, 0x37, 0x75, 0x78, 0xA8, 0x29, 0x73, 0x0E, 0x9A, 0x43, 0x4D, 0x97, 0x17, 0x09,
    0xB4, 0xC7, 0xCA, 0x07, 0xEB, 0xA9, 0x51, 0x7E, 0x85, 0xBF, 0xC2, 0xFC, 0xFA, 0x06, 0x8D, 0x30,
    0x05, 0xAF, 0xFB, 0xAD, 0x40, 0x75, 0x1E, 0x9E, 0x1B, 0xB6, 0xD8, 0xAD, 0x94, 0xD2, 0x32, 0xE0,
    0x36, 0xE4, 0xF3, 0x4F, 0x50, 0xAE, 0xF6, 0xAC, 0x44, 0xDA, 0xC8, 0x4F, 0x86, 0x45, 0xEA, 0x55,
    0xF7, 0xFE, 0xB7, 0xF3, 0xAA, 0xE9, 0x74, 0xCD, 0xE8, 0x55, 0x4F, 0xDF, 0x3E, 0x3F, 0x8C, 0xF9,
    0x3A, 0x2C, 0xCC, 0x21, 0x0D, 0xF8, 0x30, 0x73, 0x66, 0x30, 0x02, 0xA6, 0xD7, 0xA0, 0xC1, 0x3E,
    0x39, 0x11, 0x86, 0x9C, 0x0D, 0xA1, 0xB3, 0x36, 0xF3, 0xD7, 0x5B, 0x78, 0x63, 0x1D, 0x08, 0xF6,
    0xDB, 0xE4, 0x2D, 0x88, 0x4D, 0xD2, 0x4A, 0x10, 0xBF, 0x30, 0x18, 0x12, 0x4C, 0x68, 0x15, 0x19,
    0x21, 0xE5, 0x42, 0xD2, 0x69, 0x34, 0xC5, 0xB0, 0x8E, 0xCA, 0x98, 0x51, 0x96, 0x87, 0x5D, 0x16,
    0x5B, 0xD6, 0x7A, 0x86, 0x0A, 0xBC, 0x03, 0x69, 0xC3, 0xE7, 0xAF, 0x76, 0x59, 0xB7, 0x6D, 0xE2,
    0x6D, 0x93, 0x7B, 0x2B, 0x4D, 0xFA, 0xAD, 0x34, 0x19, 0xB8, 0x9A, 0xC1, 0xEC, 0x3F, 0x99, 0xFB,
    0x48, 0x2C, 0xC2, 0x0C, 0x4C, 0x19, 0xAA, 0x01, 0xE2, 0x15, 0xB1, 0xBA, 0x82, 0x5E, 0x41, 0xB7,
    0xB1, 0xC0, 0xBB, 0x30, 0x32, 0x07, 0x05, 0xCC, 0x32, 0x54, 0xDA, 0xE5, 0x61, 0x41, 0x5C, 0xAB,
    0x4A, 0xCF, 0x67, 0x38, 0xE5, 0x18, 0xFE, 0xB7, 0x9F, 0xBB, 0xC5, 0x1D, 0x4D, 0x66, 0xF0, 0x8A,
    0x3E, 0xC8, 0xC1, 0x35, 0xE7, 0xCE, 0x21, 0x4C, 0xD4, 0x69, 0x94, 0x0C, 0x80, 0x05, 0xDE, 0xE1,
    0xE1, 0xB3, 0x8A, 0xEF, 0xD2, 0x4B, 0xEC, 0x25, 0x1A, 0xEF, 0xDA, 0x8D, 0xC4, 0xE7, 0x09, 0xC6,
    0x41, 0x6C, 0xCF, 0x33, 0xC6, 0x7D, 0x71, 0xFF, 0xC1, 0xEB, 0x1D, 0x7B, 0xCA, 0xB1, 0x07, 0x9B,
    0xE2, 0xF3, 0xA9, 0x35, 0x6F, 0x4D, 0x63, 0xB3, 0xF2, 0xAC, 0x12, 0x77, 0x96, 0x18, 0xA7, 0xE2,
    0x99, 0x20, 0xDD, 0x5B, 0x6A, 0xD2, 0x99, 0x3C, 0x6B, 0x91, 0x84, 0x36, 0x7C, 0x1B, 0xBF, 0xAF,
    0xB4, 0xEE, 0xAA, 0x61, 0xBC, 0x9E, 0xDA, 0x6B, 0xA3, 0xED, 0x2E, 0xBC, 0xD0, 0x9C, 0xA7, 0x0D,
    0x35, 0xE8, 0xE4, 0xD5, 0x1A, 0x71, 0x0A, 0x0C, 0x63, 0x4E, 0x69, 0xB8, 0x03, 0xD2, 0x80, 0xF0,
    0xFB, 0x49, 0x94, 0xE0, 0x7F, 0xA6, 0xFF, 0xA1, 0x12, 0x63, 0x55, 0x7E, 0xDE, 0xF7, 0x61, 0xA3,
    0x7A, 0xC5, 0x1D, 0x2F, 0x1F, 0x73, 0x7F, 0x81, 0x36, 0xB0, 0x3B, 0x2B, 0xDD, 0x02, 0x8B, 0x76,
    0x7F, 0x26, 0x8F, 0x81, 0xE6, 0xBC, 0x90, 0x03, 0x06, 0x18, 0x73, 0x35, 0xAB, 0x61, 0x1B, 0x33,
    0x1F, 0x9C, 0x1E, 0xAB, 0x0D, 0x16, 0xA9, 0xEB, 0xBF, 0x9A, 0x02, 0xD8, 0xFB, 0x08, 0x8F, 0x06,
    0xAE, 0xA6, 0x00, 0xDE, 0x5E, 0xC2, 0x72, 0x97, 0xC3, 0x38, 0xE4, 0x54, 0x65, 0x52, 0x55, 0x0E,
    0xE6, 0xEB, 0xB9, 0x99, 0x28, 0x05, 0x5D, 0xDC, 0x59, 0x67, 0x05, 0xEB, 0x3F, 0xD3, 0x68, 0x8A,
    0xC9, 0x13, 0x6D, 0x2A, 0xFC, 0x1B, 0x39, 0x64, 0xDA, 0x3E, 0x9C, 0x17, 0x36, 0xED, 0xE8, 0x44,
    0xDA, 0x43, 0x5A, 0x14, 0x77, 0xF4, 0x23, 0x85, 0x8E, 0xA4, 0xAC, 0x78, 0x92, 0x8A, 0x9F, 0x1E,
    0x3A, 0x65, 0xD6, 0x88, 0x3D, 0x72, 0x3A, 0xE0, 0x74, 0xD2, 0x63, 0xA7, 0x64, 0x2F, 0x4C, 0x28,
    0xCD, 0x42, 0x73, 0x67, 0x1C, 0x88, 0x52, 0xA3, 0x6C, 0x0C, 0x51, 0xDD, 0xE1, 0x52, 0x8A, 0x35,
    0xB7, 0x44, 0x23, 0x8F, 0x5D, 0xC2, 0xBA, 0xDF, 0x1D, 0xE3, 0xD4, 0x91, 0xD3, 0x4D, 0x18, 0xBE,
    0xD5, 0x04, 0xB6, 0x12, 0x9B, 0x10, 0x23, 0x13, 0x56, 0x9B, 0x4C, 0x6D, 0x88, 0x04, 0x37, 0xFB,
    0xAC, 0xAD, 0x22, 0xF3, 0x1D, 0x27, 0x5F, 0x1F, 0xEA, 0x33, 0x63, 0xA2, 0x5C, 0xDC, 0x5A, 0x39,
    0x35, 0x57, 0xB7, 0x09, 0xBE, 0xDE, 0xCA, 0xF9, 0x1C, 0x46, 0x2D, 0x93, 0x05, 0x68, 0x1C, 0x30,
    0xA7, 0xE3, 0x84, 0xEE, 0xA5, 0xF6, 0xBA, 0x56, 0x26, 0x47, 0x7F, 0x38, 0x82, 0xA9, 0x43, 0xFB,
    0x39, 0x53, 0xA0, 0x51, 0x09, 0xA7, 0xB6, 0x75, 0x83, 0x26, 0xA7, 0xE2, 0x9D, 0xA5, 0xB3, 0xD7,
    0xF4, 0xE0, 0x50, 0x2E, 0x6D, 0xDE, 0xCA, 0x6C, 0x0B, 0x7B, 0xB6, 0xF1, 0x26, 0xB5, 0x51, 0x5B,
    0x8E, 0x2D, 0x5D, 0xB4, 0x95, 0x79, 0x3B, 0x6C, 0x1C, 0xC1, 0xE1, 0xE6, 0x66, 0xC2, 0x63, 0x0F,
    0x13, 0xCD, 0x75, 0xD9, 0xEA, 0x62, 0x5C, 0xC4, 0xCA, 0x7D, 0xF2, 0x9C, 0xCA, 0x99, 0xB1, 0xE0,
    0x95, 0xC6, 0xB1, 0x8B, 0x53, 0x59, 0x3D, 0x1C, 0x7B, 0x7C, 0xE4, 0xEB, 0xE9, 0x0C, 0x67, 0xC6,
    0xF0, 0xDE, 0x40, 0x4F, 0x67, 0x4C, 0xDA, 0xA3, 0x23, 0xDE, 0xEC, 0x3C, 0xF0, 0x00, 0xCE, 0xBC,
    0xC6, 0x94, 0xFD, 0xBC, 0x71, 0xE6, 0x27, 0x59, 0xBB, 0x3D, 0x79, 0xBC, 0xD3, 0xE0, 0x12, 0x14,
    0x6C, 0x11, 0x9A, 0x3C, 0xCA, 0x5E, 0x2A, 0xAB, 0xC3, 0x7E, 0xFF, 0x05, 0xE5, 0x5B, 0x3D, 0x8C,
    0x1C, 0x57, 0x72, 0xAE, 0xEE, 0x36, 0xB7, 0x6D, 0x0E, 0xA0, 0x56, 0x20, 0x9E, 0x71, 0x22, 0x4E,
    0x9D, 0x1C, 0x0C, 0x99, 0x10, 0xD4, 0xA9, 0x02, 0x71, 0xBA, 0x0F, 0x0E, 0x2F, 0x10, 0x03, 0xAD,
    0x14, 0x30, 0x60, 0x62, 0x18, 0xB0, 0x00, 0x83, 0x0E, 0x14, 0x5C, 0x40, 0x6E, 0xF7, 0x9D, 0x03,
    0x07, 0x4E, 0x36, 0x21, 0xE0, 0x70, 0x83, 0x85, 0x21, 0x0D, 0x03, 0x29, 0x50, 0x70, 0x01, 0x77,
    0xA7, 0x7D, 0x89, 0x43, 0x8F, 0xED, 0xD0, 0xC1, 0xCD, 0x01, 0x94, 0x01, 0xF9, 0x02, 0x35, 0xEC,
    0x39, 0x5C, 0x2F, 0xDD, 0x3D, 0xCF, 0xF5, 0x7D, 0xF5, 0xBA, 0x67, 0x46, 0x3F, 0x14, 0xA9, 0x5B,
    0xF2, 0x56, 0xF6, 0x60, 0xBB, 0xEA, 0xED, 0xF4, 0xDF, 0xAB, 0x7A, 0xEF, 0x55, 0xD5, 0x57, 0xF5,
    0x46, 0x44, 0x3F, 0x97, 0x84, 0x9F, 0xAC, 0x92, 0x3D, 0x77, 0x26, 0x59, 0x21, 0xA5, 0x73, 0x8B,
    0x5C, 0x42, 0xF7, 0xE9, 0xBC, 0x3D, 0x90, 0xB8, 0xD5, 0x56, 0x27, 0xC9, 0x52, 0x64, 0xBE, 0x94,
    0xAC, 0x16, 0xC9, 0x2B, 0xC9, 0xF5, 0xFA, 0xA4, 0x96, 0x12, 0x6C, 0x21, 0xA7, 0xCA, 0x26, 0x4B,
    0xE9, 0x95, 0xC5, 0xCD, 0xC0, 0x3A, 0x65, 0xD1, 0xC8, 0x76, 0xCF, 0xF9, 0x1B, 0xFC, 0xED, 0xFE,
    0x61, 0xFA, 0x58, 0xF4, 0x21, 0x5D, 0x08, 0x4E, 0x4C, 0x5A, 0x09, 0xD6, 0xA2, 0xAF, 0xBE, 0x77,
    0xBB, 0xD5, 0xF3, 0x73, 0xED, 0x12, 0x6E, 0x72, 0x6B, 0xD9, 0xEA, 0xB2, 0xC8, 0xB5, 0x02, 0x34,
    0x37, 0xAA, 0xF7, 0xBB, 0xEA, 0x40, 0xC4, 0xB9, 0x55, 0x27, 0x51, 0xFF, 0xAE, 0x5B, 0xA1, 0xDB,
    0x65, 0x2D, 0x69, 0x8D, 0x27, 0xAB, 0x64, 0x78, 0x8D, 0x0C, 0x94, 0x6F, 0x9E, 0x7C, 0x89, 0xEA,
    0x59, 0xBB, 0x32, 0xAD, 0x70, 0x97, 0x5E, 0xA6, 0xDD, 0x89, 0xCE, 0x42, 0xED, 0x7B, 0xA0, 0x4F,
    0x16, 0xBE, 0x05, 0xEF, 0xBB, 0x31, 0x74, 0xE2, 0x8A, 0xB1, 0x1C, 0xC2, 0x86, 0x2B, 0xCF, 0x0E,
    0x8C, 0x75, 0x64, 0x7A, 0x1B, 0x59, 0x4D, 0xA6, 0x02, 0xF1, 0xDC, 0x39, 0x32, 0x55, 0x31, 0xB4,
    0x0A, 0x96, 0x53, 0xB7, 0x18, 0x29, 0x0C, 0x56, 0x72, 0xF6, 0x8E, 0x53, 0xED, 0x44, 0xCE, 0x41,
    0xF7, 0x3A, 0xB4, 0x4B, 0xF6, 0xF5, 0xED, 0xA1, 0xEF, 0x7B, 0x87, 0x62, 0xA3, 0xC0, 0x41, 0xB8,
    0x2B, 0x32, 0x4D, 0x6A, 0x55, 0x61, 0x9E, 0x17, 0xA0, 0x6B, 0x01, 0x5D, 0x91, 0xCA, 0x93, 0xD2,
    0x92, 0x74, 0xCE, 0x7F, 0x1D, 0x06, 0x27, 0x54, 0x9A, 0x2D, 0xAF, 0x2A, 0x4D, 0x9C, 0xCB, 0xA1,
    0x87, 0x36, 0xDB, 0x1E, 0x44, 0x91, 0x57, 0xE5, 0xB2, 0x6F, 0xA5, 0xC5, 0xD4, 0xB7, 0xE2, 0x5F,
    0xB5, 0xBE, 0x15, 0xFE, 0x4F, 0x33, 0x5C, 0x38, 0xAF, 0x87, 0x96, 0x8D, 0xF9, 0x97, 0x3E, 0x73,
    0xF7, 0x99, 0xDE, 0xEA, 0x74, 0xA0, 0xF4, 0x58, 0x8E, 0xAD, 0xDE, 0x5A, 0x9D, 0xBE, 0xBB, 0xE0,
    0xE4, 0x53, 0x9D, 0x65, 0x10, 0x3A, 0xAD, 0xB5, 0x35, 0x69, 0xF8, 0x40, 0xE8, 0x11, 0xE3, 0x3B,
    0x1F, 0x46, 0x29, 0xE0, 0xE8, 0x05, 0xF6, 0x3D, 0x66, 0xB2, 0x5D, 0xEB, 0x5B, 0x29, 0x47, 0x13,
    0x73, 0x5A, 0xFB, 0xE2, 0x5B, 0x73, 0xF1, 0x67, 0x71, 0x93, 0xB5, 0x22, 0x1B, 0x21, 0xFD, 0x02,
    0xAF, 0xB1, 0x27, 0xEB, 0xAD, 0x62, 0x4F, 0x85, 0x18, 0xDA, 0x4A, 0x1A, 0xDC, 0x8A, 0x56, 0x56,
    0x07, 0xFE, 0x09, 0xAE, 0x60, 0x6F, 0xD6, 0xB3, 0x79, 0x2F, 0x93, 0x47, 0xB3, 0xD9, 0x07, 0x94,
    0x68, 0xA2, 0xB4, 0x73, 0xBA, 0x50, 0xAD, 0x65, 0x52, 0x1F, 0xCA, 0x9F, 0x5B, 0xA3, 0x0B, 0x57,
    0xD4, 0x80, 0xE4, 0x93, 0x05, 0x2F, 0x57, 0x95, 0x17, 0x94, 0x5F, 0xE2, 0xB5, 0x98, 0xF8, 0x41,
    0x2B, 0x83, 0xF4, 0x32, 0x08, 0x6F, 0xBD, 0x09, 0xF5, 0x42, 0x76, 0x30, 0xB2, 0x46, 0xD0, 0x05,
    0xFB, 0xFB, 0xBD, 0x17, 0x37, 0x6C, 0x7D, 0x23, 0x6E, 0xBC, 0xB0, 0x49, 0xED, 0x1B, 0x59, 0xE5,
    0x4F, 0x95, 0x83, 0x6E, 0x06, 0xC5, 0x99, 0xDE, 0x54, 0xE2, 0x78, 0xE9, 0x05, 0x4E, 0x6A, 0x2F,
    0xAF, 0x29, 0x4D, 0xE7, 0xE8, 0xA9, 0x97, 0x16, 0x72, 0x53, 0xD8, 0xE8, 0x37, 0xFB, 0x6F, 0x0F,
    0xA3, 0xB7, 0xA6, 0xA8, 0x68, 0x70, 0xC6, 0x5C, 0x96, 0x3D, 0xAC, 0xBD, 0xB4, 0x9A, 0xD4, 0x69,
    0xC1, 0x46, 0xB4, 0x3A, 0xE1, 0xBC, 0xA9, 0xC4, 0xB5, 0xBE, 0x91, 0x2F, 0x7D, 0x23, 0xAD, 0x7D,
    0xC3, 0xCF, 0x2D, 0x6B, 0x64, 0x7D, 0x52, 0x65, 0xFA, 0x78, 0x95, 0xF6, 0x9F, 0xD9, 0x88, 0xCF,
    0xDE, 0x75, 0xD5, 0x95, 0xFD, 0x5B, 0x0B, 0xB5, 0x16, 0xF3, 0x0A, 0x03, 0x9B, 0x9A, 0x39, 0xCA,
    0xD1, 0x49, 0xB5, 0x01, 0x2A, 0x63, 0xCE, 0xDB, 0x55, 0x75, 0xD6, 0xD0, 0x85, 0x66, 0x0D, 0xB3,
    0x22, 0x09, 0x4D, 0x85, 0x7D, 0x53, 0x8A, 0x6F, 0x74, 0x62, 0xB7, 0x63, 0x89, 0xE2, 0x6C, 0x15,
    0x2F, 0xB9, 0xD2, 0xE6, 0x95, 0xEA, 0x40, 0x0D, 0xDC, 0x9E, 0xAB, 0xF2, 0x7B, 0xFB, 0x05, 0xBB,
    0x91, 0x3B, 0xD7, 0x48, 0xB9, 0x4E, 0xAC, 0x11, 0xF8, 0xB9, 0xFD, 0x80, 0x0B, 0xA2, 0x63, 0xD7,
    0x9F, 0x3F, 0x75, 0xB3, 0xD9, 0xA1, 0x52, 0x55, 0xD0, 0x40, 0xA9, 0xBD, 0x62, 0x43, 0x61, 0xB9,
    0xE5, 0x1D, 0x9A, 0x64, 0x9B, 0x89, 0x66, 0x5D, 0x5E, 0xB2, 0xDE, 0xFF, 0x11, 0xFB, 0xCF, 0x65,
    0xE5, 0x69, 0x26, 0x36, 0x5F, 0xBF, 0x48, 0xB3, 0x67, 0x42, 0xD1, 0x7F, 0xA5, 0xDA, 0xF3, 0x81,
    0xB2, 0xE7, 0x5F, 0xA2, 0xF9, 0x86, 0xFE, 0x05, 0x65, 0x29, 0xD9, 0x33, 0x9D, 0x45, 0x57, 0xF8,
    0xFD, 0x25, 0x3D, 0xB2, 0x42, 0xE7, 0x42, 0x95, 0xEB, 0x68, 0xE4, 0xFE, 0x5A, 0x3B, 0xF0, 0x7F,
    0xF6, 0x3B, 0x1F, 0xF2, 0xA5, 0x43, 0x9F, 0xFE, 0x27, 0xB0, 0x9D, 0x1D, 0xFB, 0x71, 0xCA, 0xB9,
    0x90, 0x16, 0xF0, 0x3B, 0x0F, 0xF4, 0xBC, 0xFA, 0x11, 0xE3, 0x8D, 0xE7, 0x2B, 0xE3, 0x58, 0xAA,
    0xE0, 0xDD, 0xDC, 0x73, 0x9D, 0x7F, 0xE4, 0x3A, 0x9F, 0xC9, 0xD5, 0x31, 0x90, 0xEB, 0x3A, 0x24,
    0xD7, 0x25, 0x47, 0x2E, 0x6B, 0xCF, 0xF3, 0xC2, 0x78, 0x56, 0x1B, 0x4F, 0x96, 0xC6, 0xA3, 0xC6,
    0x78, 0xD8, 0x19, 0x97, 0xDE, 0xF3, 0xD2, 0xF3, 0xAC, 0x33, 0x9E, 0x78, 0x1E, 0x7B, 0x1E, 0x76,
    0x7E, 0xAE, 0xC8, 0xC8, 0x73, 0xBF, 0x1C, 0x4B, 0x63, 0x36, 0x7F, 0xD4, 0x00, 0x74, 0x9E, 0x9B,
    0x87, 0x1A, 0x66, 0x11, 0xE6, 0x91, 0xC9, 0x9F, 0x8B, 0xC9, 0x9F, 0x0F, 0xF2, 0x8B, 0xC9, 0xAF,
    0xD3, 0x6E, 0x65, 0xDC, 0xE4, 0xD7, 0x39, 0x65, 0xF2, 0x8B, 0xC9, 0xAF, 0x0E, 0x99, 0xF2, 0x2B,
    0xA7, 0xFC, 0xCA, 0x29, 0xBF, 0x72, 0xCA, 0x0F, 0x87, 0xBD, 0xF6, 0x1C, 0xF2, 0x83, 0x43, 0x7E,
    0x70, 0xC8, 0x0F, 0x0E, 0xF9, 0xC1, 0x21, 0x3F, 0x1D, 0x7C, 0xEF, 0x79, 0xE9, 0xB9, 0xCA, 0x4F,
    0x9E, 0x78, 0x1E, 0x7B, 0x1E, 0x76, 0xA3, 0xBC, 0x4F, 0xC8, 0x6D, 0x0E, 0xAA, 0x2B, 0xF1, 0xB6,
    0xBD, 0xF4, 0xFA, 0xB8, 0xB4, 0xA3, 0xC5, 0xBC, 0xF2, 0xEE, 0xF2, 0x2B, 0xBD, 0xE0, 0x9B, 0x13,
    0x55, 0x55, 0x5A, 0x5C, 0x2F, 0x55, 0x33, 0x3A, 0xC5, 0xCE, 0xDE, 0xC5, 0x28, 0xE4, 0x0B, 0x15,
    0x53, 0x59, 0xA5, 0xEE, 0x19, 0xF3, 0xCE, 0x4F, 0xEB, 0xF3, 0x67, 0xDB, 0xFD, 0xFC, 0x4A, 0x66,
    0x92, 0x62, 0x82, 0x8B, 0xCD, 0x71, 0x5B, 0x6E, 0x3E, 0x0C, 0x48, 0x11, 0x7A, 0xC8, 0xE4, 0x5F,
    0x5A, 0xBA, 0x7E, 0x4A, 0xEF, 0xEA, 0x6D, 0x45, 0x6D, 0x3E, 0xF9, 0x96, 0x2E, 0x2C, 0x34, 0x60,
    0x98, 0x18, 0xFC, 0x16, 0x77, 0x45, 0xFF, 0x05, 0xCF, 0x16, 0xFD, 0x0A, 0x4E, 0x74, 0xB2, 0xE8,
    0x18, 0xE0, 0x9C, 0xD0, 0xB2, 0x1D, 0x70, 0xED, 0xDB, 0x0A, 0x46, 0x97, 0x4E, 0xE0, 0x95, 0x30,
    0xDA, 0x35, 0x42, 0x3C, 0x9D, 0x80, 0x6A, 0x93, 0x75, 0x6E, 0x45, 0x8F, 0x66, 0xF7, 0x57, 0xF0,
    0x5C, 0x6A, 0xF6, 0xED, 0x02, 0x38, 0x94, 0x53, 0xBF, 0x40, 0x79, 0x3B, 0xBB, 0x6A, 0x06, 0x33,
    0xA9, 0xC3, 0x4A, 0x8E, 0xC2, 0x26, 0x5E, 0xC8, 0x89, 0x5E, 0x91, 0xEB, 0xA4, 0x4D, 0x5A, 0x86,
    0xBB, 0xE3, 0xA7, 0x74, 0x85, 0x7A, 0xB2, 0x65, 0xF4, 0xE9, 0xD5, 0x55, 0xC0, 0x00, 0x63, 0x70,
    0x97, 0x7A, 0xEC, 0xDD, 0xEF, 0xF4, 0xAD, 0x5D, 0xF2, 0x68, 0xBF, 0x53, 0x79, 0x3A, 0x5D, 0x1C,
    0xDD, 0x01, 0x8F, 0x40, 0xDB, 0x91, 0x7E, 0x97, 0x75, 0xA9, 0xEB, 0xEF, 0xC4, 0x6E, 0x79, 0x07,
    0x76, 0xE9, 0x48, 0x5E, 0xBD, 0x2B, 0x6D, 0xFA, 0xB7, 0xCB, 0xC9, 0xE7, 0x35, 0xE2, 0xAB, 0xDE,
    0xBF, 0x22, 0x53, 0x3B, 0xE7, 0x9A, 0x60, 0x5D, 0x98, 0x17, 0x7E, 0xEA, 0xBF, 0x5E, 0x9F, 0xD0,
    0xE8, 0xDF, 0x0F, 0xE5, 0xFB, 0x99, 0x9C, 0x24, 0xBF, 0x58, 0x45, 0xAA, 0x51, 0x87, 0x29, 0xE3,
    0x3F, 0x53, 0x6A, 0xFD, 0x69, 0xFF, 0xBE, 0x2F, 0x7B, 0x05, 0xDC, 0x64, 0x46, 0x38, 0xD0, 0x71,
    0x9D, 0x53, 0x31, 0xE5, 0xC2, 0x63, 0x8F, 0xDD, 0x0F, 0x90, 0x88, 0x10, 0x88, 0x18, 0x0E, 0x21,
    0x0C, 0xE9, 0x89, 0x42, 0x4A, 0xC6, 0xB5, 0x59, 0x65, 0xB0, 0xC1, 0x30, 0x84, 0x01, 0x0A, 0x43,
    0x17, 0xFD, 0xF8, 0x8A, 0x81, 0xF6, 0x23, 0x8D, 0x1B, 0xBB, 0xD2, 0xEE, 0xB2, 0x27, 0x18, 0xEE,
    0x30, 0xD8, 0x61, 0xA8, 0xC3, 0x83, 0x8E, 0x39, 0xE3, 0x27, 0x0F, 0x39, 0xB0, 0xFA, 0x02, 0x86,
    0x59, 0x5D, 0x88, 0x20, 0x1B, 0xF3, 0x21, 0x41, 0x2C, 0x19, 0xE3, 0xB9, 0x61, 0xBB, 0xD3, 0x7B,
    0x00, 0x04, 0x62, 0x05, 0x05, 0x21, 0xEC, 0x74, 0x69, 0x10, 0x84, 0xB8, 0x82, 0x10, 0x23, 0xF7,
    0xEF, 0x9F, 0x8C, 0x84, 0xFF, 0x26, 0x35, 0x2F, 0xE1, 0xC5, 0xBC, 0x2D, 0x3A, 0xDB, 0xEB, 0x3D,
    0xEC, 0x30, 0xD4, 0x71, 0x63, 0x88, 0xF6, 0x3A, 0x84, 0x15, 0x1A, 0xE5, 0xF9, 0x6E, 0x44, 0xE8,
    0x65, 0xB0, 0xD3, 0x0D, 0x8F, 0x3F, 0xCE, 0x9D, 0x44, 0x0D, 0x91, 0x06, 0x40, 0xDA, 0x32, 0x07,
    0xCA, 0x20, 0xC6, 0x30, 0x84, 0x61, 0xF8, 0x42, 0xD1, 0x45, 0x58, 0x04, 0x87, 0x61, 0xA3, 0xDD,
    0xEB, 0xB0, 0x16, 0x7A, 0xBF, 0x16, 0x96, 0x63, 0xE7, 0x74, 0x3E, 0x4D, 0x81, 0x18, 0x9E, 0xF0,
    0x28, 0x81, 0x28, 0x80, 0x27, 0x80, 0x26, 0x80, 0x25, 0x80, 0x24, 0x88, 0x23, 0x2E, 0x31, 0xE8,
    0x6F, 0x80, 0xFA, 0x94, 0xBC, 0x37, 0x3B, 0xDA, 0x56, 0xC1, 0xDD, 0x48, 0xDF, 0x78, 0x00, 0x54,
    0x74, 0x3D, 0x5A, 0x5C, 0x18, 0xD5, 0x38, 0x57, 0xE3, 0x08, 0x66, 0x33, 0x9B, 0xF6, 0x2F, 0x06,
    0x22, 0x6D, 0x52, 0x07, 0x7A, 0xC8, 0x6A, 0x52, 0x3D, 0x13, 0x15, 0x59, 0x98, 0xCF, 0x80, 0x38,
    0x1F, 0xC2, 0xAE, 0x60, 0x79, 0xA1, 0xF5, 0xE4, 0xD7, 0x52, 0x6D, 0x58, 0x4F, 0xCF, 0x60, 0xE1,
    0xC5, 0xD5, 0xF3, 0xD1, 0x57, 0x21, 0x2F, 0xEA, 0x4B, 0x02, 0xAC, 0xB1, 0x64, 0x77, 0x8D, 0x7D,
    0x70, 0xA1, 0x95, 0xA6, 0xD0, 0xE1, 0x46, 0x04, 0x1F, 0xD4, 0x6F, 0xAD, 0xBB, 0xBD, 0xA3, 0xE7,
    0xA3, 0xB4, 0xF9, 0x68, 0xCB, 0x61, 0x97, 0x38, 0x5E, 0x22, 0x77, 0x2E, 0xFC, 0x24, 0x23, 0xE0,
    0x9E, 0xFB, 0xAE, 0xAB, 0xEA, 0x24, 0x68, 0x9E, 0xD3, 0xA2, 0x34, 0x47, 0xA7, 0x18, 0xB4, 0xCE,
    0xEE, 0xDD, 0xD6, 0x97, 0x46, 0x43, 0x4C, 0x70, 0xEA, 0xE3, 0xE3, 0xFC, 0xDA, 0x6C, 0x36, 0x57,
    0x37, 0xE8, 0x70, 0xE8, 0x73, 0xA6, 0x48, 0xB1, 0x00, 0x39, 0xA7, 0x75, 0xD8, 0x26, 0xAB, 0xAB,
    0x8D, 0x8A, 0x53, 0xCB, 0x7C, 0xCD, 0x81, 0x97, 0x94, 0x49, 0x9E, 0x94, 0x1E, 0xEB, 0xF2, 0xEC,
    0xC3, 0x2F, 0xF8, 0xD4, 0xA4, 0x7E, 0x20, 0x03, 0x68, 0x9F, 0x54, 0x77, 0x2E, 0x78, 0x2C, 0xA5,
    0xAE, 0x1F, 0xC7, 0x37, 0x19, 0xC9, 0xF3, 0x8C, 0xA9, 0xE4, 0xD2, 0xFE, 0xDB, 0xA3, 0xFE, 0x52,
    0x9F, 0x6A, 0xE4, 0xE7, 0x0F, 0xB6, 0x35, 0xB4, 0x81, 0xBE, 0xFE, 0xFB, 0x0B, 0xAD, 0xBF, 0xFD,
    0x7D, 0x8B, 0xB9, 0xC3, 0x85, 0xC5, 0xA2, 0x38, 0xC2, 0xC5, 0x33, 0x89, 0x49, 0x65, 0xE3, 0x7F,
    0xE7, 0x4C, 0x94, 0xE2, 0xE9, 0xAB, 0xAF, 0x49, 0xD3, 0x39, 0x58, 0x54, 0x48, 0xE8, 0xD3, 0x93,
    0xE4, 0xF1, 0xD2, 0xC0, 0x40, 0xB2, 0x30, 0xCE, 0xEC, 0x1C, 0x71, 0x43, 0xB7, 0x49, 0xB1, 0x0A,
    0x94, 0x34, 0x24, 0x0F, 0xC8, 0x35, 0x14, 0x5A, 0xCF, 0x66, 0x4C, 0x7F, 0x32, 0x51, 0xA4, 0xD6,
    0x87, 0xDC, 0x72, 0x4D, 0x08, 0x9D, 0x0C, 0x5C, 0xE6, 0x9E, 0x97, 0xB3, 0x59, 0x27, 0x43, 0xA2,
    0xCA, 0xC2, 0x26, 0x9F, 0xA7, 0x26, 0x8F, 0x3D, 0x87, 0xE1, 0xC7, 0x73, 0xA1, 0x69, 0xF4, 0x0F,
    0x23, 0x6F, 0xFD, 0xBC, 0x36, 0x3B, 0x36, 0xE9, 0xDA, 0xAF, 0x11, 0x32, 0x98, 0xF7, 0x32, 0x5F,
    0x21, 0xDF, 0xF9, 0x4F, 0xDA, 0x91, 0xC9, 0xC3, 0x5B, 0x9F, 0x2F, 0xCA, 0x2A, 0x50, 0x39, 0x39,
    0x78, 0x1A, 0xC9, 0x22, 0x14, 0x42, 0x7E, 0xAC, 0x19, 0xD8, 0xF7, 0xEE, 0xAF, 0x67, 0xF7, 0x1B,
    0x0C, 0xB6, 0x0E, 0x77, 0xF2, 0xE8, 0x1D, 0x7D, 0xF1, 0x51, 0x5E, 0x31, 0xA2, 0x2B, 0xCD, 0x42,
    0x1D, 0x00, 0x4C, 0x82, 0xD1, 0x0F, 0x69, 0xB0, 0x8A, 0x9E, 0xE4, 0x55, 0x79, 0xEB, 0xE1, 0xF7,
    0x16, 0x3A, 0x0C, 0x3A, 0x8A, 0x0B, 0x1D, 0x89, 0x00, 0x1D, 0xD4, 0xC1, 0xB8, 0x54, 0x6C, 0xFA,
    0xE2, 0x0E, 0x31, 0x9F, 0x61, 0x1C, 0xDC, 0xA3, 0xFB, 0x1D, 0xEF, 0xFF, 0xA1, 0xCF, 0xFB, 0x59,
    0x8A, 0xCC, 0xE6, 0xB4, 0x01, 0xF2, 0x53, 0xD2, 0x7E, 0x8B, 0x22, 0x3B, 0xB7, 0x26, 0x75, 0x9E,
    0xF6, 0x1C, 0x8B, 0x53, 0x52, 0xBD, 0x6B, 0x36, 0x3F, 0xCA, 0x19, 0x80, 0xA9, 0x99, 0x9D, 0xB9,
    0x23, 0x44, 0xE9, 0x39, 0x62, 0x69, 0x61, 0x15, 0xE1, 0x1D, 0xC7, 0x48, 0xDE, 0x31, 0x8D, 0xF7,
    0x10, 0xCB, 0x6C, 0xCC, 0x9C, 0x97, 0xFD, 0xA4, 0x62, 0xFE, 0x2B, 0x3E, 0xBB, 0xE9, 0x2A, 0xE6,
    0xC6, 0x32, 0xA4, 0xDE, 0x98, 0x37, 0x63, 0x16, 0x6D, 0x20, 0xC9, 0x48, 0xFC, 0x77, 0x48, 0xE8,
    0x23, 0x91, 0x56, 0x56, 0x93, 0x55, 0xE8, 0x2A, 0x9D, 0x41, 0xBF, 0xAC, 0x98, 0x41, 0x93, 0xE0,
    0x46, 0x82, 0x45, 0x08, 0xC2, 0xC0, 0xD9, 0x61, 0x94, 0xF6, 0xCB, 0xC3, 0x4B, 0x90, 0x30, 0xF9,
    0xEC, 0x66, 0x8F, 0xCC, 0xE9, 0x4A, 0xD5, 0xA2, 0x20, 0x49, 0x01, 0xA7, 0xA2, 0xB6, 0xC9, 0x22,
    0xAD, 0x98, 0xB2, 0x57, 0xE9, 0xA1, 0xF0, 0xBC, 0xB1, 0x92, 0xC4, 0xCE, 0x80, 0xAA, 0x12, 0xA9,
    0x43, 0xA8, 0x90, 0x1A, 0x4C, 0x56, 0x63, 0x44, 0x55, 0x0D, 0xDA, 0x3B, 0x1D, 0xB5, 0xD6, 0xFB,
    0x09, 0x36, 0xFB, 0x90, 0x2A, 0x23, 0xC1, 0x77, 0x25, 0xB5, 0x46, 0xDB, 0x0E, 0xAD, 0xE7, 0x8C,
    0x6F, 0xA8, 0xB1, 0x18, 0xC9, 0x1E, 0xD3, 0x17, 0xD5, 0x65, 0xDA, 0x52, 0x65, 0x19, 0xEE, 0x68,
    0x31, 0x57, 0x0E, 0xD0, 0xAB, 0x14, 0xC0, 0x79, 0xD2, 0xDB, 0xC4, 0xDF, 0xC1, 0x1D, 0xAA, 0xCE,
    0x80, 0xEA, 0xEC, 0xA1, 0xCE, 0xA5, 0x02, 0x37, 0x66, 0x32, 0xB3, 0xC7, 0xA8, 0x73, 0xD0, 0x69,
    0x61, 0x3A, 0xCD, 0x31, 0x0A, 0xAA, 0x53, 0x64, 0x27, 0xC3, 0x2D, 0x9D, 0x16, 0x49, 0x35, 0x64,
    0x50, 0x09, 0xE2, 0x91, 0x16, 0x13, 0x07, 0x75, 0x76, 0x50, 0x67, 0x63, 0xEA, 0x0C, 0xAB, 0xE0,
    0x48, 0x08, 0x81, 0x19, 0x7F, 0xA0, 0x80, 0x60, 0x11, 0xC8, 0x0E, 0x0C, 0x66, 0x92, 0x86, 0x86,
    0xAA, 0xB4, 0x4C, 0xB9, 0xCF, 0x13, 0xEB, 0x9B, 0x3B, 0x4B, 0x0B, 0xAF, 0x81, 0x6F, 0xB0, 0x2A,
    0x51, 0xC9, 0xE8, 0xA0, 0x22, 0x18, 0x1F, 0x59, 0x3B, 0x8E, 0xA9, 0x3E, 0xDD, 0xFD, 0x9D, 0x3E,
    0x6F, 0x1D, 0x71, 0xE1, 0xF6, 0x20, 0xB0, 0x4D, 0x88, 0x15, 0x59, 0xA9, 0xEA, 0x24, 0x5E, 0x31,
    0x59, 0x83, 0x01, 0x70, 0x4C, 0xC4, 0xE2, 0x6D, 0xE9, 0x42, 0x51, 0x2D, 0xAC, 0xAD, 0x5A, 0x5E,
    0x45, 0xB6, 0x30, 0x3B, 0x30, 0x84, 0xC4, 0x55, 0x23, 0xBE, 0xB5, 0xBC, 0xD3, 0xF4, 0x49, 0x88,
    0xF6, 0x70, 0x8A, 0x5A, 0xCB, 0x14, 0x81, 0xC3, 0x14, 0x11, 0xC4, 0x14, 0x2B, 0x74, 0x8A, 0x95,
    0x35, 0xC5, 0xC4, 0x98, 0xA2, 0xD3, 0x53, 0x2E, 0x53, 0x64, 0x30, 0x72, 0x74, 0x3A, 0x47, 0xA7,
    0xA7, 0xE8, 0xF4, 0x14, 0x9D, 0x9E, 0xA2, 0xD3, 0x53, 0x74, 0x7A, 0x0A, 0x25, 0x4C, 0x6D, 0xA9,
    0x5F, 0x48, 0x08, 0xCC, 0x19, 0x20, 0xA9, 0x25, 0x98, 0x64, 0x13, 0xDA, 0x19, 0xCD, 0x69, 0xF8,
    0x33, 0x0E, 0x73, 0x50, 0x3C, 0x07, 0x24, 0x8C, 0x60, 0x26, 0xA0, 0x57, 0xC5, 0x20, 0xC6, 0xF5,
    0x40, 0xA2, 0x47, 0xCC, 0x2E, 0x0C, 0x43, 0x79, 0x19, 0x8E, 0x01, 0x86, 0x98, 0xE5, 0x43, 0x77,
    0xD1, 0xF3, 0x0C, 0x13, 0x5A, 0x9D, 0x84, 0x9D, 0x7B, 0x9D, 0xF4, 0xFA, 0x16, 0xCD, 0xE9, 0x76,
    0x68, 0x78, 0x4C, 0xC9, 0xF4, 0xB7, 0x44, 0xBE, 0x73, 0xD7, 0x3C, 0xA7, 0x14, 0xC4, 0x93, 0x29,
    0x1E, 0x09, 0x00, 0xD5, 0x06, 0x80, 0x40, 0x47, 0x53, 0xC0, 0xD0, 0x94, 0xA6, 0x60, 0xB9, 0x13,
    0x76, 0xC2, 0x53, 0x6F, 0x88, 0x8F, 0x81, 0x31, 0x00, 0x66, 0x56, 0x37, 0x5F, 0x2D, 0x06, 0x47,
    0x05, 0x77, 0xA6, 0x42, 0x57, 0xDE, 0xB4, 0x5B, 0x0A, 0xC6, 0xC0, 0x07, 0xCF, 0x13, 0x81, 0x6C,
    0x48, 0x2E, 0xF0, 0xDB, 0xB2, 0x2E, 0xAE, 0x76, 0xC2, 0x58, 0x2A, 0x73, 0xB0, 0xFC, 0x57, 0xF4,
    0xD8, 0x2B, 0x82, 0x2A, 0x5E, 0x22, 0xAA, 0xCC, 0x2D, 0xED, 0x8F, 0xF9, 0x3B, 0x59, 0x6C, 0x77,
    0x6E, 0xA5, 0x47, 0x7B, 0x0D, 0xC1, 0x17, 0x4F, 0xE0, 0x89, 0x07, 0x16, 0x32, 0xC0, 0xA4, 0xC1,
    0x1C, 0x63, 0x78, 0xB1, 0xC6, 0xD1, 0xFB, 0x8F, 0xB0, 0xCE, 0xD3, 0x46, 0x36, 0x91, 0xD4, 0x89,
    0x3F, 0xEE, 0x7A, 0xCE, 0x72, 0xD8, 0x0D, 0xF5, 0xBE, 0xF3, 0x7B, 0xF3, 0x85, 0x0E, 0xBD, 0x0E,
    0xFC, 0x43, 0x39, 0xE7, 0x6C, 0xDB, 0xF8, 0x37, 0x85, 0x47, 0xFA, 0x87, 0x0E, 0xA5, 0xB1, 0xF9,
    0xE2, 0xFF, 0x5D, 0x6D, 0xD4, 0x2A, 0xA1, 0x9C, 0x2B, 0xBE, 0xA8, 0xE0, 0x7C, 0x19, 0x5C, 0x06,
    0x61, 0xBF, 0xBB, 0x95, 0xD0, 0xDD, 0x9A, 0xE6, 0xB7, 0x6B, 0x7C, 0x77, 0x2A, 0xA1, 0xD8, 0xEA,
    0x31, 0x2C, 0xF2, 0x60, 0x88, 0xD5, 0xCD, 0x58, 0x26, 0x72, 0x51, 0xE2, 0x34, 0xBF, 0x9B, 0x22,
    0x1D, 0x0D, 0x15, 0xDF, 0xD2, 0xCA, 0x2E, 0xE0, 0xBA, 0x08, 0x71, 0xDA, 0x03, 0xAB, 0x7D, 0x76,
    0x66, 0xBC, 0xBE, 0x91, 0x4D, 0x6A, 0x63, 0x8B, 0x5D, 0xE6, 0x66, 0xB3, 0xB9, 0x70, 0x9F, 0x81,
    0xDB, 0xB0, 0xAF, 0xBC, 0xF2, 0xEB, 0x19, 0x57, 0x8E, 0xBA, 0x45, 0xB0, 0xE4, 0xD3, 0x39, 0x96,
    0xCF, 0x84, 0x30, 0x43, 0xC7, 0xA1, 0xDD, 0xD9, 0xEB, 0xF3, 0xF3, 0x58, 0x6D, 0x63, 0x97, 0xEB,
    0xB7, 0xDD, 0xFA, 0xE6, 0x1A, 0xA5, 0xE6, 0x12, 0x05, 0xD1, 0xAC, 0xC2, 0xBE, 0x92, 0x9A, 0x68,
    0xAF, 0xDF, 0x25, 0x9D, 0x27, 0x0C, 0x35, 0x09, 0x21, 0x89, 0x1F, 0x4F, 0x77, 0x82, 0xCE, 0x14,
    0xCB, 0xB1, 0xD4, 0x39, 0x1A, 0x22, 0xE8, 0xCC, 0x56, 0x43, 0x94, 0xD9, 0x0F, 0x00, 0xBE, 0x1F,
    0x6B, 0xD5, 0x8F, 0x27, 0xF2, 0x72, 0x35, 0x78, 0x29, 0x06, 0xBB, 0x96, 0x8C, 0x87, 0xD9, 0x97,
    0x57, 0xB6, 0x07, 0x9F, 0xC5, 0x4C, 0x56, 0x32, 0x59, 0xC6, 0x64, 0x0D, 0x93, 0x05, 0x4C, 0x56,
    0x2F, 0x59, 0xBA, 0x64, 0xDD, 0x92, 0x45, 0x4B, 0x56, 0x2C, 0x59, 0xAE, 0x64, 0xAD, 0x92, 0x85,
    0x4A, 0x56, 0x29, 0x59, 0xA2, 0x64, 0x7D, 0x92, 0xC5, 0x49, 0x56, 0x26, 0x59, 0x96, 0x64, 0x4D,
    0x92, 0x05, 0x49, 0x56, 0x23, 0x59, 0x8A, 0xB4, 0x3A, 0xE4, 0x87, 0x5B, 0x59, 0x2E, 0xB8, 0x32,
    0xA6, 0xE7, 0x3E, 0xD9, 0xA9, 0x19, 0xA2, 0x60, 0x88, 0x6A, 0x21, 0x4A, 0x85, 0xA8, 0x13, 0xC2,
    0x8B, 0x3C, 0xED, 0xE1, 0x17, 0xA8, 0xB9, 0x0B, 0xEF, 0x4C, 0xB3, 0xAD, 0x8A, 0xEE, 0xEB, 0xC5,
    0x58, 0xE5, 0x8D, 0x6A, 0x86, 0x11, 0xF5, 0x27, 0xA4, 0x1F, 0x63, 0xA1, 0xFC, 0x47, 0xB3, 0xC9,
    0x9F, 0x18, 0xFD, 0x2D, 0x53, 0x89, 0xFF, 0xBD, 0xC9, 0x9F, 0xC4, 0x3E, 0x7F, 0xC2, 0xDD, 0x11,
    0xD5, 0x74, 0xCC, 0x9F, 0x4C, 0x59, 0x0D, 0x1D, 0xF2, 0x27, 0xFA, 0x62, 0xCB, 0x9F, 0x44, 0x63,
    0xFE, 0xA4, 0x65, 0x6F, 0x98, 0x5A, 0xD1, 0xCB, 0xB0, 0x3C, 0xCA, 0x9D, 0xCC, 0x49, 0xEF, 0x51,
    0x9F, 0x4A, 0x2F, 0xF3, 0xC2, 0xBC, 0x9C, 0xB7, 0x3F, 0x00, 0xB3, 0xAF, 0xDF, 0x56, 0x25, 0xA9,
    0xB5, 0x79, 0x63, 0x62, 0x3C, 0xD5, 0xEB, 0xF7, 0x1E, 0x3E, 0xAB, 0x4C, 0x8A, 0x84, 0xBE, 0x92,
    0x31, 0xF1, 0x71, 0x5D, 0x5A, 0xEF, 0x96, 0x8B, 0x1F, 0x78, 0xBE, 0x94, 0xFF, 0x8B, 0x19, 0x16,
    0x09, 0x8F, 0xB7, 0xA5, 0xF7, 0x60, 0xDC, 0x6F, 0xFA, 0xBA, 0x6B, 0x22, 0x36, 0x72, 0x51, 0xD3,
    0x2E, 0xEF, 0x6D, 0xB2, 0x27, 0x56, 0x1A, 0xB4, 0x98, 0xD7, 0x10, 0xD4, 0x8E, 0x35, 0x90, 0x3F,
    0x24, 0x08, 0x49, 0x0B, 0xF3, 0x25, 0x00, 0x21, 0x1D, 0x40, 0x48, 0xC4, 0xA0, 0x5D, 0x3B, 0xAE,
    0x7E, 0x27, 0x71, 0xB0, 0xFD, 0xD9, 0x5B, 0x00, 0x21, 0x07, 0x04, 0x21, 0x1D, 0x40, 0x88, 0xE2,
    0x6C, 0x05, 0x1B, 0xF1, 0x02, 0xF0, 0x23, 0xA9, 0x41, 0x73, 0xC2, 0x8F, 0x13, 0x50, 0x95, 0x40,
    0x41, 0x88, 0x0A, 0xA8, 0x20, 0x44, 0x07, 0x4B, 0x43, 0x7B, 0xB8, 0xE8, 0x3A, 0x77, 0xB4, 0xB6,
    0xDD, 0x06, 0x84, 0xC4, 0x04, 0x21, 0x09, 0x97, 0x4A, 0xF6, 0x63, 0x8C, 0xE9, 0xE5, 0xED, 0x9D,
    0x79, 0xAC, 0x1D, 0x58, 0x38, 0x9E, 0x8D, 0x38, 0xB9, 0xDD, 0x29, 0x1E, 0xD1, 0x44, 0x67, 0xEE,
    0xAD, 0x0A, 0x43, 0x37, 0xE0, 0x0D, 0xC5, 0x01, 0x69, 0x1D, 0xB9, 0x22, 0x2B, 0x26, 0xBF, 0x54,
    0xA8, 0x91, 0xBE, 0xA5, 0x64, 0x0A, 0x80, 0xD1, 0x29, 0xD4, 0x08, 0x57, 0x4A, 0x34, 0xEE, 0x5E,
    0xE4, 0x49, 0xAD, 0x78, 0xE3, 0x36, 0xF0, 0x46, 0x0F, 0xBC, 0xD1, 0x6A, 0xB7, 0xE2, 0x7E, 0xCF,
    0x67, 0x68, 0xD2, 0x8F, 0xD4, 0x4C, 0xC6, 0xE3, 0x3E, 0xCB, 0xE0, 0xF8, 0x1A, 0xBD, 0x3F, 0x3C,
    0xB1, 0x06, 0xCB, 0xF4, 0xB2, 0x0C, 0x03, 0x92, 0x0A, 0x66, 0x21, 0xAC, 0x5F, 0xBB, 0xD8, 0x29,
    0xED, 0x6B, 0xBA, 0xA2, 0xB3, 0x9F, 0xB5, 0xF4, 0x49, 0x51, 0xA3, 0x76, 0x6B, 0xA5, 0x58, 0xFA,
    0x8D, 0xE8, 0xD9, 0xA4, 0xB2, 0xE5, 0x3D, 0x4C, 0xC4, 0x88, 0x99, 0xC9, 0xE4, 0x11, 0x37, 0x74,
    0x11, 0x4F, 0xFE, 0x40, 0x5E, 0xB8, 0xD8, 0x5A, 0x92, 0xBD, 0x63, 0x68, 0x42, 0x3B, 0x31, 0xAF,
    0xC3, 0x65, 0xB4, 0x08, 0xEB, 0x60, 0xF1, 0x2C, 0x34, 0x74, 0x2D, 0x3C, 0x94, 0xFC, 0xCF, 0x56,
    0x36, 0x1A, 0xCB, 0xBB, 0x8A, 0x68, 0x75, 0x34, 0x7E, 0x12, 0x6F, 0x65, 0x2E, 0x0C, 0xFA, 0x11,
    0x02, 0xEE, 0xEC, 0xF9, 0xFA, 0xC2, 0xF1, 0x9F, 0x6A, 0x30, 0x90, 0xFA, 0xC4, 0xF1, 0xB8, 0xEB,
    0x70, 0xCC, 0x66, 0xC7, 0xFE, 0x99, 0x2D, 0x66, 0x83, 0xA4, 0xBF, 0x68, 0xBD, 0x5A, 0x23, 0xDE,
    0xDC, 0x26, 0xFA, 0xFE, 0xD7, 0xA2, 0x9D, 0xDD, 0x10, 0xD9, 0x9A, 0x46, 0x51, 0x8D, 0xC1, 0xD9,
    0xD5, 0xD6, 0x72, 0x64, 0xBA, 0x94, 0xA9, 0xC0, 0xDC, 0x60, 0x5E, 0x8E, 0x38, 0x2C, 0xC7, 0xE2,
    0xD3, 0xD6, 0xCC, 0xC6, 0x33, 0x1F, 0xCD, 0x25, 0xFD, 0x06, 0x17, 0x70, 0xDC, 0xFF, 0xE8, 0xAF,
    0x7C, 0x78, 0x9B, 0x71, 0x62, 0xA0, 0xDA, 0xF1, 0xF2, 0x21, 0xB7, 0x5E, 0xC5, 0x8F, 0xD4, 0x5E,
    0x16, 0x89, 0xCE, 0x8E, 0x78, 0xDB, 0x85, 0x70, 0x13, 0xA9, 0x1E, 0x8B, 0x6E, 0x47, 0xD7, 0xBB,
    0x87, 0xC6, 0x81, 0xD8, 0x20, 0x58, 0xE3, 0x78, 0xDC, 0x75, 0x1D, 0x11, 0xDB, 0xEC, 0xD0, 0x3F,
    0x73, 0xC9, 0xA1, 0xD6, 0x8E, 0x17, 0x1C, 0x6C, 0xB5, 0x28, 0x1A, 0x26, 0x87, 0xF5, 0xAE, 0x43,
    0x7B, 0xB6, 0xD2, 0xFF, 0xE5, 0x9E, 0xC6, 0xCD, 0xEA, 0x8C, 0xB2, 0x9F, 0xAD, 0x18, 0xE4, 0x86,
    0x4B, 0x5D, 0x96, 0x1F, 0x4F, 0xC6, 0xB7, 0x87, 0x0E, 0x59, 0x1A, 0x9D, 0x8C, 0xE9, 0x43, 0xF3,
    0x41, 0xE7, 0x72, 0x2C, 0xF8, 0x4C, 0x1C, 0x34, 0x09, 0x7F, 0x33, 0x4C, 0xC2, 0xC1, 0x24, 0xC4,
    0x9B, 0xF1, 0x47, 0xC9, 0x14, 0x36, 0xEE, 0x77, 0x3C, 0x82, 0x0F, 0xD5, 0xC2, 0x2F, 0xF2, 0x5F,
    0x37, 0x6F, 0xCA, 0x4F, 0xDE, 0x97, 0x37, 0xCE, 0x77, 0xAB, 0x90, 0x3E, 0x3C, 0x75, 0x75, 0xFE,
    0x79, 0xF3, 0x73, 0x69, 0x3E, 0x96, 0xF7, 0x7D, 0xCF, 0xDB, 0x6F, 0xF5, 0xCC, 0xE3, 0x97, 0x31,
    0x68, 0x3D, 0xDD, 0x7D, 0x4E, 0xA7, 0x99, 0xFE, 0x88, 0x31, 0x1F, 0xA3, 0xBD, 0x60, 0xF1, 0x83,
    0xEF, 0xC2, 0x3E, 0xA1, 0xCB, 0x3F, 0x3D, 0xC6, 0x6D, 0xBD, 0xAF, 0x3E, 0x07, 0x2B, 0xC4, 0xA5,
    0x77, 0x90, 0x23, 0x7B, 0x25, 0x58, 0x3C, 0xC7, 0x7D, 0x42, 0x58, 0xDB, 0xDC, 0x6D, 0x0F, 0x89,
    0x1E, 0x31, 0x15, 0x5F, 0x00, 0x2D, 0xBF, 0x20, 0x93, 0xEF, 0x82, 0x1A, 0x31, 0x6B, 0x51, 0xEC,
    0xD0, 0x1B, 0xCA, 0x8F, 0xF4, 0xD4, 0x0A, 0x01, 0xDF, 0x52, 0xFE, 0xFA, 0xF9, 0x69, 0x90, 0x36,
    0x1A, 0x2E, 0xDB, 0x70, 0x24, 0x9D, 0x36, 0x97, 0xE8, 0x8E, 0xDB, 0xC6, 0x0D, 0x9F, 0x31, 0xF4,
    0x5D, 0x5A, 0xFC, 0x9B, 0x8B, 0x62, 0xC9, 0xDC, 0xA3, 0x8B, 0x1C, 0xBB, 0x22, 0xB3, 0x91, 0xE4,
    0xB6, 0x49, 0x32, 0x47, 0x62, 0x33, 0xBF, 0x77, 0xB3, 0xC5, 0x1D, 0x0B, 0x10, 0x9E, 0x82, 0x51,
    0x43, 0x26, 0x00, 0x55, 0x85, 0x9C, 0x29, 0x30, 0xC4, 0xA0, 0xB9, 0x4F, 0xBB, 0xF0, 0x79, 0x1C,
    0x09, 0x93, 0xA8, 0xF9, 0xD3, 0x3D, 0xF8, 0xB0, 0x46, 0xD2, 0x7F, 0xD4, 0x11, 0x5B, 0xC0, 0x87,
    0x29, 0xD0, 0x7A, 0x7F, 0xE3, 0xC3, 0xA2, 0x7A, 0x5E, 0x47, 0xFF, 0xE6, 0xEA, 0xE8, 0xDF, 0x3F,
    0xAB, 0x34, 0x94, 0x54, 0x2F, 0x68, 0xB0, 0xEC, 0x69, 0x2D, 0x08, 0x27, 0x12, 0x37, 0xE8, 0x46,
    0x6B, 0x87, 0xCD, 0x03, 0xEA, 0xA6, 0x26, 0x12, 0x17, 0x3B, 0x70, 0xE3, 0x98, 0xA1, 0x7B, 0x65,
    0x29, 0xD6, 0x0E, 0x63, 0xEB, 0x61, 0xB6, 0x76, 0xBE, 0xF3, 0x80, 0xE2, 0x64, 0xFC, 0x97, 0xF8,
    0xBB, 0x95, 0xF5, 0xFE, 0xED, 0xA5, 0x45, 0xFC, 0x04, 0x0E, 0xFD, 0x76, 0x31, 0xA7, 0x1A, 0x4A,
    0x42, 0xFC, 0x35, 0x11, 0xC1, 0xBA, 0x3D, 0xEF, 0xD4, 0x12, 0x4A, 0x96, 0x33, 0x7B, 0x4F, 0xA7,
    0xCC, 0x32, 0xFD, 0x75, 0x7B, 0x5D, 0xDE, 0x7C, 0x43, 0x5E, 0x1B, 0xA0, 0x6C, 0x77, 0x3D, 0xEF,
    0xAE, 0x9F, 0xFE, 0x7D, 0xDE, 0x48, 0x5E, 0x0B, 0xD5, 0xFA, 0xCD, 0x7F, 0x97, 0xAB, 0x0F, 0xC6,
    0x65, 0x4B, 0x67, 0x3C, 0x2E, 0xDB, 0x17, 0xB6, 0x83, 0xDD, 0xDF, 0xEF, 0x7E, 0x95, 0x6F, 0xF2,
    0x18, 0xE7, 0xBA, 0x3F, 0xC5, 0x2F, 0x40, 0x40, 0x62, 0x2C, 0xC0, 0x4F, 0xB0, 0x00, 0x8F, 0x46,
    0x0B, 0xFF, 0xFB, 0xDF, 0xBB, 0xB3, 0x1B, 0x2A, 0xD6, 0xDB, 0xA1, 0xE2, 0x79, 0xEF, 0xD3, 0x91,
    0xDB, 0xEE, 0x30, 0x42, 0x78, 0xB9, 0xBE, 0xDF, 0xEA, 0x0A, 0x7D, 0x29, 0x2F, 0xB6, 0xC2, 0xBA,
    0xC2, 0xB6, 0xA9, 0x21, 0xD1, 0x18, 0x33, 0x79, 0x74, 0xE6, 0xED, 0xD6, 0xBC, 0xE1, 0x4E, 0x70,
    0x83, 0x82, 0xA7, 0x1E, 0x3E, 0xE1, 0x38, 0x79, 0x11, 0x61, 0xE9, 0xBD, 0x5B, 0x2B, 0xD8, 0xDC,
    0x0C, 0x36, 0xEF, 0x8A, 0x5F, 0x4D, 0x70, 0x7A, 0xA8, 0x9F, 0x22, 0xB7, 0x89, 0x68, 0xF0, 0x95,
    0xCD, 0x36, 0x13, 0x54, 0xE1, 0xB5, 0x5F, 0x75, 0xBE, 0xB8, 0xC5, 0x9F, 0x21, 0x1C, 0x0C, 0xEF,
    0xC7, 0x06, 0x35, 0xEC, 0x8F, 0x83, 0x62, 0x32, 0xEC, 0x05, 0x72, 0x95, 0x45, 0x3E, 0xC8, 0x77,
    0xF0, 0x61, 0x6A, 0x1C, 0x6E, 0xD7, 0xFA, 0x2E, 0x35, 0x55, 0xED, 0xF8, 0x83, 0x35, 0x8B, 0x46,
    0x2A, 0xDB, 0x45, 0xFE, 0xBA, 0xAF, 0xEA, 0xBD, 0x68, 0xA9, 0x83, 0x66, 0x43, 0x9E, 0x28, 0xFB,
    0x75, 0x3E, 0x64, 0xF3, 0x39, 0x19, 0xBF, 0x6B, 0x87, 0x72, 0x13, 0x93, 0xA8, 0x4C, 0xC8, 0x34,
    0xF8, 0xD3, 0xEF, 0xD4, 0x36, 0xA5, 0xAE, 0x2B, 0x5D, 0xF7, 0xC7, 0xBF, 0x79, 0x3B, 0xE2, 0xBF,
    0x8F, 0xFB, 0x5B, 0xC1, 0xA5, 0x21, 0xB1, 0x97, 0xF5, 0x3E, 0xAF, 0xA3, 0x3A, 0x56, 0x15, 0xA8,
    0x96, 0x53, 0xCA, 0xFE, 0xD2, 0x90, 0x44, 0xD0, 0x90, 0x28, 0x65, 0x1A, 0xFA, 0xD3, 0x9B, 0x1D,
    0x2A, 0x6F, 0xFD, 0x98, 0x32, 0x2E, 0x65, 0x27, 0x83, 0xCC, 0x5C, 0x06, 0x7F, 0x9F, 0xB8, 0xC4,
    0x0C, 0xF1, 0xA1, 0xAA, 0x9C, 0xF1, 0x3B, 0xBB, 0xAD, 0xDC, 0x8D, 0x47, 0x8D, 0x8C, 0x27, 0x58,
    0xDD, 0x22, 0x3A, 0x5B, 0xF9, 0xA7, 0xA4, 0xFA, 0x94, 0xD8, 0xD1, 0x1F, 0x16, 0xF6, 0x8D, 0x1C,
    0x0F, 0x4A, 0x99, 0xA8, 0x77, 0xC2, 0x20, 0x4E, 0x8B, 0xB2, 0x1A, 0x63, 0x49, 0x0E, 0x32, 0xB7,
    0x05, 0xD4, 0x4C, 0x5B, 0x4D, 0x7A, 0x9A, 0xEA, 0x70, 0x3D, 0x2F, 0x82, 0x43, 0x4E, 0x82, 0xA5,
    0x25, 0x5C, 0x06, 0x6B, 0xEE, 0x93, 0xEF, 0x9C, 0xB2, 0x8E, 0xD7, 0xEF, 0x39, 0xA4, 0x75, 0x0A,
    0xFE, 0x7C, 0x87, 0x09, 0xAD, 0x23, 0x79, 0x55, 0xE4, 0x01, 0x76, 0x3F, 0x66, 0x3F, 0xC6, 0xD3,
    0x3F, 0xAF, 0x86, 0xDD, 0x8F, 0xDD, 0x17, 0xCA, 0xF8, 0xC1, 0xD3, 0x2D, 0x6D, 0x85, 0x0A, 0xF7,
    0x51, 0x73, 0x72, 0x46, 0xBE, 0xA5, 0x81, 0x78, 0x55, 0x5E, 0x06, 0xF6, 0xBC, 0xAB, 0x3D, 0xFB,
    0x57, 0x96, 0xF1, 0x97, 0x43, 0x19, 0xBF, 0x94, 0x9D, 0x1F, 0x65, 0xE6, 0x4F, 0x40, 0xF0, 0x53,
    0x89, 0x29, 0xB6, 0xF0, 0xF0, 0x67, 0x12, 0xBA, 0x96, 0x7A, 0xE1, 0x4F, 0x24, 0x06, 0x3F, 0xFD,
    0x6D, 0xC9, 0xFF, 0x02, 0x9D, 0x55, 0x3D, 0x6C, 0xDB, 0x46, 0x14, 0xFE, 0x4E, 0xB4, 0xCC, 0x58,
    0x57, 0xFB, 0x04, 0x54, 0xEE, 0x4F, 0xE2, 0x98, 0x1D, 0x3C, 0x04, 0x86, 0x23, 0x7A, 0x10, 0x0A,
    0x0D, 0x92, 0x78, 0x69, 0xF7, 0x42, 0x40, 0xEC, 0xB9, 0x05, 0x1A, 0x20, 0x68, 0x3A, 0x44, 0x83,
    0x07, 0x0D, 0xB6, 0xC9, 0xA2, 0x7B, 0xE1, 0xA1, 0xE8, 0xD2, 0xC5, 0x83, 0x87, 0x54, 0x19, 0xEC,
    0x16, 0x19, 0x3C, 0xD8, 0xD2, 0x15, 0x69, 0x87, 0x6E, 0x1C, 0x0A, 0x74, 0xE5, 0x56, 0x34, 0x1D,
    0xC2, 0x02, 0x0C, 0x20, 0xB7, 0x94, 0xAE, 0xEF, 0x48, 0x33, 0x89, 0x93, 0x14, 0x01, 0x7A, 0x8F,
    0x7F, 0x47, 0xBE, 0xBB, 0x7B, 0xF7, 0x7D, 0xDF, 0x7B, 0x5C, 0x85, 0x17, 0x08, 0x65, 0xC5, 0x18,
    0xA3, 0xC5, 0x0E, 0xAC, 0x44, 0x84, 0x6E, 0xD0, 0xC1, 0x03, 0xE0, 0x33, 0x40, 0xC3, 0xD2, 0x4A,
    0xFC, 0x16, 0xBB, 0x48, 0xFB, 0xB8, 0xCE, 0x24, 0x93, 0x22, 0xB5, 0x02, 0x57, 0x3F, 0x96, 0x2D,
    0x47, 0xA3, 0xC1, 0xEE, 0x61, 0x30, 0xD8, 0xD7, 0x3A, 0x1E, 0xE9, 0x18, 0xD4, 0x34, 0x3D, 0x9A,
    0x73, 0x73, 0x73, 0xB3, 0xBB, 0x82, 0x77, 0x5A, 0x68, 0xB9, 0x83, 0xB1, 0xD0, 0x11, 0x1B, 0xCA,
    0xDA, 0x70, 0xB8, 0x83, 0x2A, 0xE4, 0x89, 0x1D, 0x9E, 0xDA, 0xD1, 0xB6, 0xA5, 0x16, 0xE1, 0x47,
    0x6F, 0x25, 0x38, 0x46, 0xC2, 0x63, 0x21, 0x05, 0xCA, 0x34, 0xDE, 0x49, 0x3A, 0x3B, 0x0F, 0x96,
    0x8F, 0x16, 0xFA, 0x75, 0x2F, 0xE5, 0x11, 0x0E, 0x2E, 0x4B, 0x2B, 0xF1, 0xA4, 0x1D, 0x0D, 0x21,
    0xD4, 0x18, 0x6E, 0x29, 0x42, 0xD3, 0x0A, 0x70, 0x0B, 0xEF, 0x76, 0x70, 0x22, 0x1E, 0xC6, 0xB6,
    0x56, 0x4C, 0x4B, 0x0C, 0x51, 0xDB, 0x31, 0x0D, 0xDD, 0xF2, 0xD8, 0x2D, 0x0C, 0x58, 0x2D, 0xED,
    0xC3, 0xFB, 0x30, 0xA1, 0xA1, 0x29, 0xAC, 0x68, 0x07, 0x2C, 0x76, 0x80, 0xA6, 0x1D, 0x98, 0x40,
    0x77, 0x40, 0xA3, 0xE8, 0x58, 0xB9, 0x76, 0x21, 0x48, 0xDC, 0x01, 0xD7, 0x91, 0xF3, 0xE7, 0xB8,
    0x8D, 0x56, 0x13, 0x6B, 0x25, 0x65, 0x2B, 0xAE, 0x44, 0xE0, 0x4A, 0x0F, 0x1E, 0x7C, 0x2C, 0x42,
    0x84, 0x42, 0x39, 0xCA, 0x09, 0x5C, 0xEA, 0xB7, 0xB1, 0x8D, 0x1A, 0x76, 0xE9, 0xBD, 0x07, 0x57,
    0x3A, 0x84, 0x21, 0x57, 0x96, 0x62, 0x92, 0x87, 0x99, 0x57, 0x36, 0xAA, 0x83, 0x16, 0xF9, 0xAC,
    0x1A, 0x84, 0xC3, 0x0C, 0xE1, 0x35, 0xDC, 0x2B, 0xA5, 0x76, 0x2C, 0x94, 0x8B, 0x26, 0xC5, 0xC1,
    0x62, 0x16, 0x13, 0x64, 0xB1, 0xB9, 0xA3, 0x0B, 0x24, 0x64, 0xA6, 0x6F, 0xEE, 0x5D, 0x2C, 0x6E,
    0xCA, 0x91, 0x56, 0x77, 0xEE, 0x2B, 0x58, 0x17, 0x8F, 0x52, 0x40, 0xB3, 0x4E, 0x90, 0xB2, 0xD4,
    0x4E, 0xFC, 0xD0, 0x27, 0x5C, 0xCB, 0x5E, 0xFF, 0xE8, 0xA8, 0xEF, 0x96, 0x99, 0xB4, 0x94, 0xB1,
    0xD1, 0xD4, 0x9F, 0x2C, 0x6E, 0x8C, 0xA6, 0x9F, 0xFF, 0x91, 0xF7, 0x01, 0x73, 0xBD, 0x7B, 0x36,
    0x9A, 0xBE, 0xFD, 0xAB, 0xA5, 0x68, 0xBC, 0xE1, 0x4A, 0xB3, 0x6E, 0x29, 0x2E, 0xCC, 0x8A, 0x0F,
    0x23, 0xAD, 0x86, 0x72, 0x83, 0xA2, 0x2C, 0x2C, 0xC5, 0x68, 0xDF, 0x8F, 0xAF, 0x44, 0xAD, 0xE1,
    0xB0, 0xF5, 0x3C, 0x77, 0x2F, 0x32, 0x25, 0x08, 0x24, 0x47, 0xD6, 0x69, 0xB3, 0x55, 0x5A, 0xC7,
    0x0E, 0x44, 0x82, 0x13, 0x83, 0x8F, 0x3F, 0xF6, 0x42, 0x06, 0x41, 0x5F, 0xB6, 0x89, 0xE8, 0x13,
    0x9A, 0xCD, 0x8B, 0x99, 0x3C, 0x67, 0x8B, 0x44, 0x42, 0x21, 0xFC, 0x3D, 0x38, 0x4C, 0x68, 0xB6,
    0xEC, 0xE8, 0xA2, 0xDC, 0x17, 0x2C, 0x6C, 0x09, 0x4B, 0xB9, 0x5A, 0x07, 0x76, 0x74, 0xFA, 0x0A,
    0xAE, 0x2F, 0xC8, 0x92, 0x8D, 0x49, 0x96, 0x85, 0xD2, 0x92, 0x57, 0x92, 0xC8, 0xBA, 0x2C, 0xE0,
    0x13, 0x33, 0xE3, 0xE3, 0xA0, 0xC5, 0x35, 0xC1, 0x7E, 0xFC, 0x4C, 0xB4, 0xBE, 0xD6, 0x13, 0x73,
    0xE2, 0xBC, 0x15, 0x02, 0x2E, 0xFA, 0x83, 0xCC, 0x33, 0x17, 0x34, 0x93, 0x25, 0xB8, 0x09, 0x87,
    0xAF, 0x0F, 0xF1, 0xC0, 0x4D, 0xB1, 0x4F, 0xFA, 0x7A, 0x51, 0xF4, 0x83, 0xAC, 0xE9, 0xAC, 0xE5,
    0xCF, 0xC6, 0xA3, 0xA4, 0xE0, 0x44, 0x18, 0x05, 0x3C, 0x85, 0x1F, 0x92, 0x62, 0xF0, 0x9E, 0x79,
    0xCB, 0x24, 0x91, 0x12, 0x02, 0x9C, 0xE0, 0x14, 0x44, 0x08, 0xA9, 0x93, 0xF4, 0x02, 0xC2, 0x0D,
    0x04, 0x15, 0x08, 0x7E, 0x92, 0x07, 0xB9, 0xC4, 0x2F, 0xBB, 0xB9, 0x2F, 0xBB, 0x95, 0xCE, 0xDD,
    0xEC, 0x73, 0x37, 0x21, 0x73, 0x37, 0x33, 0xE3, 0x36, 0x9D, 0xDD, 0xB4, 0x2E, 0x44, 0x3D, 0xED,
    0x12, 0xC6, 0x4F, 0xF1, 0x9E, 0x0E, 0x46, 0x14, 0x27, 0xC5, 0x6D, 0xC2, 0x21, 0x18, 0xC2, 0xDD,
    0xC1, 0xFD, 0xB0, 0x8F, 0xD2, 0xD3, 0xD3, 0xBC, 0x5B, 0x1D, 0x0C, 0x02, 0xFE, 0x64, 0x0A, 0x77,
    0x44, 0xF8, 0x11, 0x33, 0x5B, 0x9C, 0x85, 0xB5, 0x5A, 0x7B, 0x9B, 0xA0, 0x88, 0x9C, 0xA4, 0x7D,
    0x52, 0x5B, 0x99, 0x55, 0xAE, 0x6A, 0x53, 0x3C, 0x2E, 0x2D, 0x6C, 0x12, 0xC6, 0x93, 0xCD, 0xD7,
    0x82, 0xF9, 0x5F, 0x29, 0xF1, 0x2A, 0xB6, 0x7C, 0xF8, 0x94, 0x88, 0xB6, 0x12, 0x72, 0x8E, 0xF6,
    0x15, 0x62, 0xC6, 0x51, 0xF0, 0xDC, 0x8F, 0xA5, 0xE7, 0x39, 0x41, 0xBD, 0x2D, 0x60, 0x32, 0xA9,
    0x06, 0x13, 0x41, 0x07, 0x5E, 0x24, 0xC2, 0xC5, 0xCD, 0xCD, 0x0D, 0x43, 0xEA, 0xEE, 0x60, 0x70,
    0x4A, 0x5B, 0x6F, 0x17, 0x67, 0xCD, 0xB8, 0xBD, 0x26, 0xAE, 0x8B, 0x25, 0xC4, 0x4B, 0xBD, 0x94,
    0x44, 0x9D, 0x1B, 0xF1, 0xC5, 0x6E, 0xFE, 0x18, 0x70, 0xFD, 0x65, 0x1E, 0x9D, 0x4B, 0xD1, 0x6D,
    0xDF, 0x03, 0xD6, 0xCF, 0xA7, 0xA9, 0x98, 0x02, 0x66, 0x08, 0x22, 0xE4, 0xA9, 0x98, 0xD9, 0x63,
    0x4B, 0x39, 0xFA, 0xDB, 0xA0, 0xED, 0x68, 0xD9, 0x2A, 0x4D, 0x90, 0x17, 0x38, 0xC3, 0x4A, 0x90,
    0xF9, 0xCE, 0x06, 0x73, 0xEE, 0xF8, 0x7A, 0x67, 0x94, 0x6E, 0xF1, 0x84, 0xBE, 0x88, 0x68, 0xD9,
    0x9B, 0xEE, 0xF4, 0xFD, 0xB4, 0x37, 0x1B, 0x51, 0xD7, 0xBE, 0x11, 0xBA, 0x7A, 0xEC, 0xEB, 0x89,
    0xB8, 0x11, 0x97, 0x6E, 0x64, 0x35, 0x8B, 0xB2, 0x9E, 0x47, 0xEE, 0x38, 0xCF, 0x67, 0xCA, 0x70,
    0x45, 0xCF, 0x53, 0x1D, 0xBA, 0x63, 0x3B, 0xDF, 0x8A, 0x28, 0xAE, 0x37, 0x7F, 0x86, 0xE8, 0xE2,
    0x87, 0xAF, 0x68, 0xC5, 0x05, 0xE0, 0x08, 0x20, 0xD8, 0x3E, 0xC9, 0x44, 0x37, 0x87, 0x6E, 0x0F,
    0x58, 0x28, 0x9F, 0x7B, 0xEE, 0x91, 0x64, 0x44, 0x6C, 0x44, 0x73, 0x3E, 0x76, 0xDF, 0x7C, 0xAD,
    0x80, 0xAE, 0xF3, 0xC5, 0xA8, 0x7C, 0x06, 0x7C, 0xFF, 0x11, 0x10, 0xE3, 0xD3, 0x5F, 0x9E, 0xAD,
    0x62, 0xAE, 0xDA, 0xC4, 0xA0, 0xF3, 0x18, 0x4C, 0xF1, 0xF2, 0x29, 0x42, 0x1E, 0xF9, 0x41, 0x92,
    0xC5, 0xEB, 0x10, 0x1F, 0x5B, 0xF4, 0x23, 0xE9, 0x53, 0x81, 0xE4, 0x28, 0xE9, 0x40, 0xE8, 0xD8,
    0xFD, 0x66, 0x4C, 0x58, 0xD6, 0x5A, 0xB5, 0xBC, 0xFE, 0xE2, 0x1A, 0x2E, 0xBD, 0xD7, 0x49, 0x45,
    0x22, 0x62, 0x6F, 0x7C, 0xD5, 0xC8, 0xA6, 0x6B, 0xD3, 0x78, 0xAA, 0x3B, 0x92, 0xEA, 0xFF, 0xBE,
    0xC4, 0x19, 0xBC, 0xD0, 0x8E, 0x1C, 0xFA, 0x03, 0xEC, 0x67, 0x59, 0xD3, 0x21, 0x73, 0xA2, 0x11,
    0x4A, 0x89, 0x06, 0x7F, 0xF2, 0x7B, 0xE0, 0x7D, 0xF0, 0x50, 0x35, 0xAC, 0x2F, 0x68, 0x0F, 0xC7,
    0x94, 0x58, 0x82, 0xD6, 0x11, 0x54, 0xDC, 0x6F, 0xA1, 0xB6, 0x3B, 0xDA, 0x21, 0xC0, 0xDE, 0xFC,
    0xC9, 0x4B, 0xFD, 0x09, 0x8F, 0xEA, 0xC7, 0x97, 0xB2, 0x9C, 0x33, 0x42, 0xF6, 0x46, 0x8F, 0x55,
    0x5F, 0x94, 0xD4, 0x16, 0x95, 0x1A, 0x73, 0x37, 0x7D, 0x1E, 0x4F, 0x61, 0xF6, 0xBA, 0x94, 0x53,
    0xDE, 0x34, 0x10, 0xDC, 0xCA, 0x92, 0x74, 0xCF, 0xE4, 0x19, 0x65, 0x95, 0x61, 0x8D, 0xCA, 0x3C,
    0x3F, 0x23, 0xE6, 0x26, 0x60, 0x5A, 0x1F, 0x6A, 0xDA, 0xE5, 0x15, 0xAD, 0xA7, 0x44, 0x29, 0x2E,
    0x0F, 0xE4, 0xFF, 0x18, 0xF0, 0xAC, 0x58, 0x14, 0x3A, 0x7C, 0xBE, 0x8B, 0x4D, 0xE3, 0xD8, 0xE5,
    0x5A, 0xEF, 0x81, 0x45, 0xDE, 0x3F, 0x5A, 0x3F, 0x3A, 0x54, 0x7D, 0x30, 0xCA, 0x59, 0x49, 0x95,
    0x87, 0xDD, 0x39, 0x28, 0x04, 0x8C, 0x59, 0xAD, 0xCF, 0xF2, 0x14, 0xD6, 0x21, 0x95, 0xC6, 0xAF,
    0xD9, 0xDD, 0x94, 0x04, 0x45, 0x6F, 0x46, 0x04, 0xBD, 0x21, 0x4A, 0x99, 0x4A, 0x41, 0x7F, 0x41,
    0x3C, 0xD7, 0x66, 0xF2, 0x1B, 0x97, 0x5E, 0xB6, 0x66, 0x94, 0xDF, 0xF2, 0xAC, 0xE0, 0xB9, 0xE2,
    0xE6, 0x0A, 0x5F, 0x9E, 0xCC, 0x2C, 0x61, 0x9E, 0x4F, 0x9A, 0xF3, 0xEB, 0xF3, 0xED, 0xD3, 0xB2,
    0xB4, 0x93, 0xA5, 0xAB, 0x8D, 0x8A, 0xA7, 0x1B, 0x44, 0xA0, 0xF8, 0x8E, 0x6D, 0x54, 0x7B, 0xE8,
    0xE5, 0xAD, 0x4A, 0x6A, 0x5E, 0xBB, 0x8A, 0x75, 0x8E, 0x9E, 0x6D, 0x8E, 0x46, 0x05, 0xCB, 0x27,
    0x94, 0xD6, 0x58, 0xAF, 0x14, 0xD6, 0x58, 0xA8, 0x0F, 0xCB, 0x92, 0xC7, 0x2D, 0x33, 0x8A, 0xAC,
    0x81, 0xE5, 0x03, 0x72, 0xA8, 0x18, 0xE3, 0x8F, 0x9A, 0xCB, 0xBD, 0x85, 0x5E, 0xA5, 0x97, 0x79,
    0x31, 0xB9, 0x4E, 0x5F, 0x1B, 0x78, 0x7F, 0xDC, 0x5A, 0x68, 0xF0, 0xC2, 0xAA, 0xEC, 0xF6, 0x5F,
    0x13, 0xF4, 0xEB, 0xB4, 0xC4, 0x92, 0xF5, 0xD2, 0x59, 0x9D, 0x61, 0xB8, 0xAD, 0x4E, 0x49, 0xB5,
    0x85, 0x55, 0x61, 0xF4, 0xEC, 0x46, 0xF3, 0x28, 0x8C, 0xEF, 0xB1, 0xEE, 0x3A, 0xC5, 0x46, 0x84,
    0xBF, 0x81, 0xF9, 0x35, 0x54, 0x1A, 0xB0, 0x7A, 0x59, 0xF9, 0x94, 0x58, 0x99, 0x33, 0x6F, 0xEC,
    0x1E, 0x95, 0x3F, 0x03, 0xD8, 0x02, 0xFD, 0x42, 0xE6, 0x51, 0x65, 0xF8, 0x17, 0xB5, 0x58, 0xBD,
    0x6F, 0xDC, 0xC8, 0x15, 0x7F, 0x24, 0x25, 0x33, 0xB9, 0x4D, 0x8E, 0x2A, 0xA4, 0x00, 0x67, 0xC0,
    0xC7, 0xC6, 0x45, 0xCE, 0xB1, 0x96, 0x4D, 0x8A, 0x2B, 0xB4, 0xCB, 0xB1, 0x53, 0xA4, 0xDD, 0xC2,
    0x82, 0x0B, 0x03, 0x49, 0xCA, 0x20, 0x01, 0x72, 0x8D, 0x0B, 0x17, 0xAB, 0xE5, 0xC4, 0xFE, 0x07,
    0x04, 0x1C, 0x9C, 0x26, 0x8D, 0x1A, 0x03, 0x39, 0xA7, 0xB0, 0x0A, 0x03, 0xD1, 0x25, 0x2B, 0x93,
    0xB6, 0x81, 0xA4, 0x65, 0x2E, 0x48, 0x9A, 0x34, 0xCC, 0xC7, 0x35, 0xA9, 0x26, 0x07, 0x02, 0x21,
    0x0E, 0xD4, 0x32, 0xBF, 0xF7, 0x86, 0x5C, 0xED, 0xCA, 0xB2, 0x2D, 0x9D, 0x70, 0x5C, 0xCE, 0x70,
    0x86, 0x7C, 0x5F, 0xF3, 0xE6, 0x7D, 0xCD, 0x52, 0x46, 0x64, 0x88, 0xB6, 0x28, 0x6D, 0x68, 0x7F,
    0x8B, 0xF6, 0xF6, 0x69, 0x2F, 0xA3, 0x3D, 0xFA, 0xEA, 0xF7, 0x88, 0x88, 0x32, 0xF2, 0x34, 0x05,
    0x44, 0x71, 0xA3, 0xDF, 0xF5, 0xB4, 0x77, 0x5F, 0xD3, 0x0B, 0x4D, 0xEE, 0x05, 0x6E, 0x47, 0x81,
    0x6A, 0xDA, 0x28, 0xDC, 0xDB, 0xDB, 0x74, 0x62, 0xCC, 0xB3, 0xA6, 0xD1, 0xD2, 0x6D, 0x6C, 0xB7,
    0xEF, 0x30, 0x2B, 0xB9, 0x61, 0x3E, 0x22, 0x3A, 0x06, 0xC3, 0x55, 0x77, 0xCF, 0x6D, 0x7B, 0xDD,
    0x7A, 0xDB, 0xF7, 0x35, 0x1A, 0x1D, 0x38, 0xE6, 0xEB, 0xBE, 0x5B, 0x21, 0x62, 0x30, 0xE6, 0xD6,
    0x09, 0x75, 0xED, 0xF1, 0xE3, 0xDF, 0xF0, 0x1C, 0x2B, 0xBB, 0xE5, 0xE6, 0x7E, 0xD6, 0xCB, 0x02,
    0x1D, 0xAA, 0x58, 0xC5, 0x94, 0xD0, 0x06, 0x05, 0x79, 0x90, 0x85, 0x59, 0xA4, 0x23, 0x8A, 0x69,
    0x40, 0x63, 0x5A, 0x23, 0xCC, 0xB2, 0x08, 0x5F, 0x63, 0xDA, 0xA1, 0x29, 0x1D, 0x60, 0x3F, 0x26,
    0x80, 0x8C, 0x29, 0x52, 0xA1, 0x0E, 0x80, 0xED, 0xE5, 0x8E, 0x72, 0xB3, 0x4D, 0x3F, 0x1B, 0xF4,
    0xB2, 0x69, 0xA0, 0xEB, 0xF0, 0x46, 0x15, 0xBB, 0x65, 0xEC, 0x99, 0xC4, 0x37, 0x1B, 0xCE, 0x28,
    0xC8, 0x0F, 0x83, 0xEC, 0x28, 0xCC, 0xEA, 0xE8, 0x46, 0x15, 0xB9, 0xE5, 0xD0, 0x33, 0x03, 0xAF,
    0x18, 0xFB, 0xD9, 0x9A, 0xA3, 0xF8, 0xE5, 0xF3, 0x3A, 0xBA, 0x59, 0xC5, 0x1E, 0xC3, 0xEF, 0x78,
    0xC5, 0xD4, 0xCF, 0x0E, 0x7A, 0x7A, 0xB4, 0x4A, 0x13, 0xDF, 0x24, 0x9E, 0xC1, 0xFB, 0xE8, 0x66,
    0x19, 0xEA, 0x0A, 0x64, 0x7B, 0xD9, 0xD8, 0xCB, 0x06, 0x8E, 0x5A, 0x87, 0x90, 0x58, 0x54, 0xDB,
    0x86, 0x6D, 0xDB, 0xB4, 0x6D, 0xF6, 0xEC, 0x49, 0x06, 0x45, 0x67, 0xBF, 0xFF, 0xC5, 0xCF, 0xB3,
    0xEE, 0xDD, 0x52, 0x1B, 0x9E, 0xD2, 0xE2, 0xD7, 0xB4, 0x8D, 0x13, 0xF3, 0xBE, 0x6D, 0x0F, 0xFB,
    0x1B, 0x9A, 0x79, 0x70, 0x13, 0x9A, 0xFD, 0x53, 0x70, 0x87, 0xF6, 0xFD, 0xAD, 0xCD, 0x55, 0xD5,
    0xC1, 0xAA, 0x2B, 0xA4, 0x04, 0xF6, 0x24, 0x4F, 0x15, 0x56, 0xF1, 0x51, 0xD2, 0xF0, 0x2F, 0x9E,
    0xC5, 0x47, 0xBD, 0x92, 0xC4, 0xEE, 0x0F, 0x61, 0x3F, 0x39, 0xA5, 0xB5, 0x98, 0xE6, 0x11, 0xA5,
    0x05, 0x3D, 0x23, 0xDA, 0x6F, 0x37, 0x71, 0x48, 0xA9, 0x4A, 0x55, 0x42, 0xEB, 0x76, 0x8B, 0x29,
    0xD0, 0xA9, 0x8A, 0xF2, 0x54, 0x47, 0x79, 0x82, 0x0D, 0x5B, 0xA1, 0xD5, 0x6E, 0xF3, 0x29, 0xD4,
    0xBD, 0x3C, 0x55, 0x71, 0x16, 0x98, 0x54, 0x73, 0x9F, 0x50, 0x94, 0x05, 0x05, 0x43, 0xB0, 0x0F,
    0xC4, 0x4C, 0x47, 0x27, 0xB4, 0x62, 0xCD, 0x95, 0xE9, 0xEF, 0x5D, 0xF8, 0x1E, 0xB5, 0x76, 0xA7,
    0xD9, 0x6B, 0xDD, 0x0B, 0xDF, 0x8E, 0x6A, 0x96, 0x2E, 0x57, 0x9F, 0xED, 0xC7, 0x78, 0x9F, 0x6F,
    0xE7, 0xC4, 0xBF, 0x82, 0xCE, 0x87, 0xB7, 0x7D, 0x87, 0x7C, 0xF9, 0xF5, 0xCE, 0x83, 0x47, 0xF3,
    0xCB, 0x9D, 0x11, 0x05, 0x32, 0x0F, 0x60, 0x25, 0x91, 0xBC, 0x8B, 0x7E, 0x50, 0xC0, 0xA5, 0x64,
    0xF7, 0xE0, 0x9C, 0x53, 0x19, 0x0D, 0x10, 0x2B, 0x4B, 0x19, 0x8D, 0xA9, 0xF4, 0x4C, 0x37, 0xF2,
    0xB3, 0x6E, 0x14, 0xE8, 0x6E, 0x14, 0x5A, 0xCA, 0x5B, 0x54, 0x0E, 0x2F, 0xED, 0xD2, 0x25, 0x4D,
    0x03, 0xC7, 0x4C, 0xE3, 0x9A, 0x92, 0x8A, 0xFA, 0xAE, 0x29, 0x9F, 0xA5, 0x34, 0x3B, 0xA4, 0xF0,
    0xD7, 0x9F, 0x99, 0x32, 0xB8, 0x69, 0x22, 0x08, 0xFE, 0xE0, 0xCF, 0x26, 0x78, 0x50, 0x04, 0xE4,
    0x7C, 0x1A, 0xBC, 0x30, 0xBD, 0x97, 0x39, 0xCB, 0x13, 0xBA, 0x85, 0xFF, 0x32, 0x63, 0xA2, 0x43,
    0xAF, 0xF0, 0xFF, 0x24, 0xA3, 0xF1, 0x7C, 0x54, 0x75, 0x5F, 0x5D, 0xE3, 0xB6, 0x18, 0xF0, 0x6E,
    0xA6, 0x02, 0xE6, 0xBD, 0x8C, 0xAA, 0xF0, 0x86, 0x89, 0x65, 0x61, 0xC9, 0x8C, 0x9A, 0x23, 0x31,
    0xDF, 0xB0, 0xA2, 0xD8, 0xAE, 0x00, 0xEB, 0x77, 0x68, 0xF9, 0x62, 0x35, 0xF4, 0x74, 0x3B, 0x61,
    0x4D, 0x84, 0xDD, 0x97, 0xE8, 0x87, 0x85, 0x38, 0x82, 0xD5, 0x87, 0x6B, 0xB0, 0xC2, 0xF6, 0xDA,
    0x81, 0x42, 0xAA, 0x6E, 0x32, 0x86, 0x4C, 0x66, 0x61, 0xE2, 0xE5, 0x0B, 0x93, 0x5E, 0xB6, 0x30,
    0x09, 0xD4, 0xF1, 0xA4, 0x1C, 0x3A, 0xD0, 0x90, 0xDC, 0x03, 0xA7, 0x1C, 0x47, 0x33, 0x8A, 0x8F,
    0x28, 0xA9, 0x29, 0x76, 0x4D, 0x95, 0xC0, 0xE0, 0xA1, 0xAA, 0x19, 0x54, 0xF5, 0x0F, 0x53, 0x07,
    0x59, 0x15, 0xDE, 0x2F, 0x59, 0x5B, 0x2F, 0x8B, 0xD2, 0x7F, 0x8E, 0x45, 0x9B, 0x40, 0x3B, 0x9F,
    0xF6, 0x9E, 0x1B, 0xEF, 0x33, 0xE3, 0xBF, 0x2C, 0x58, 0x2B, 0xC1, 0x0D, 0xE3, 0xFD, 0x0B, 0x93,
    0x9C, 0xF9, 0x45, 0x0E, 0x26, 0x85, 0xFF, 0x17, 0x99, 0x0C, 0x16, 0x27, 0x35, 0x26, 0xFF, 0x6C,
    0xC1, 0x1C, 0xE3, 0x94, 0x20, 0xD0, 0x13, 0x02, 0x5E, 0x41, 0x15, 0x48, 0x63, 0x13, 0x20, 0x23,
    0x76, 0x76, 0xCA, 0x4C, 0x6F, 0x80, 0x29, 0xBC, 0x16, 0x5E, 0xA2, 0x92, 0x86, 0x1A, 0xE8, 0x89,
    0xE7, 0x47, 0x14, 0xD6, 0x14, 0xB5, 0xAB, 0x57, 0xA2, 0x51, 0xC5, 0x1A, 0xA9, 0x5D, 0xE3, 0x15,
    0x08, 0xD4, 0xAA, 0x8F, 0xFD, 0xBF, 0x8B, 0x37, 0xE0, 0x51, 0x07, 0xDA, 0xC5, 0x3E, 0x7B, 0xC5,
    0x00, 0x5B, 0x33, 0xC5, 0xA6, 0x18, 0xD8, 0x41, 0x41, 0x5B, 0x5E, 0x46, 0x77, 0x7B, 0x4A, 0x60,
    0xA6, 0x00, 0xFA, 0x25, 0x14, 0x18, 0x79, 0x40, 0x1F, 0xF8, 0xB9, 0x04, 0x68, 0x00, 0x86, 0x0C,
    0x39, 0x60, 0xD0, 0x31, 0xC3, 0xEE, 0x83, 0x03, 0x02, 0x85, 0x0A, 0x10, 0xCB, 0x5D, 0xB6, 0xC7,
    0x31, 0x5D, 0xDF, 0x61, 0xD9, 0xC0, 0x25, 0x84, 0xD1, 0x06, 0xCF, 0x0D, 0xEC, 0xE0, 0x00, 0x56,
    0xB1, 0x45, 0x54, 0x22, 0x84, 0x8D, 0x91, 0x8A, 0xAF, 0xFB, 0x7A, 0x27, 0xB8, 0x6F, 0x18, 0xA8,
    0x62, 0xA8, 0x29, 0x83, 0x0D, 0x19, 0x2E, 0x64, 0x40, 0xEC, 0x7A, 0xD9, 0x87, 0x28, 0xE3, 0xC0,
    0x29, 0x18, 0x76, 0x9F, 0xBE, 0x49, 0xB2, 0x46, 0x8A, 0x21, 0xDB, 0xEF, 0xA0, 0xAF, 0x2F, 0x72,
    0x72, 0x73, 0x10, 0xCE, 0x9E, 0x52, 0x4F, 0x6D, 0x21, 0xBB, 0x6F, 0xE2, 0x17, 0x60, 0x7D, 0x10,
    0x7E, 0x45, 0xA2, 0x64, 0x4D, 0x6E, 0x49, 0xBD, 0x02, 0x21, 0x0C, 0x09, 0x87, 0xA3, 0x1F, 0x50,
    0x83, 0x9C, 0xE0, 0x26, 0x0E, 0xB2, 0xD9, 0x04, 0x32, 0xB0, 0x9A, 0x56, 0x44, 0xFA, 0x20, 0xF3,
    0x8D, 0x53, 0x01, 0x28, 0xA1, 0xDA, 0x2B, 0x7B, 0x79, 0xA4, 0x27, 0xF6, 0xB3, 0xBD, 0x56, 0x98,
    0x94, 0x03, 0xFE, 0x5E, 0x05, 0x4D, 0x85, 0x19, 0x1E, 0x31, 0x01, 0xA3, 0x00, 0x13, 0x26, 0xC6,
    0xAE, 0x07, 0x1E, 0x01, 0xE4, 0x0A, 0x33, 0x89, 0xCA, 0xBE, 0x21, 0x4E, 0x99, 0x4E, 0x6D, 0xBD,
    0x32, 0xE1, 0x4F, 0xEF, 0x51, 0xD8, 0xD0, 0x3B, 0xC8, 0x85, 0x7E, 0x0D, 0xB0, 0x44, 0x79, 0xFC,
    0x00, 0xEF, 0x46, 0x10, 0xE3, 0x50, 0xEC, 0xB1, 0xF6, 0x19, 0xC1, 0x33, 0x4C, 0x96, 0xDF, 0x4F,
    0x6C, 0x98, 0xC7, 0x22, 0x98, 0xA0, 0x5F, 0x30, 0xAF, 0x11, 0x44, 0x85, 0xB6, 0x4B, 0x7C, 0x14,
    0x91, 0x42, 0xF5, 0x0D, 0xC2, 0xEC, 0x12, 0xE3, 0x8F, 0x04, 0x7E, 0xC2, 0xA1, 0xB9, 0x6D, 0x49,
    0x3B, 0x5F, 0x6C, 0x43, 0xC9, 0xCF, 0xDC, 0x86, 0x68, 0xFD, 0x79, 0xDB, 0x92, 0xB6, 0x89, 0xB6,
    0x62, 0x83, 0x7A, 0x9B, 0x06, 0x26, 0x08, 0xF4, 0x0D, 0xA5, 0xBA, 0x01, 0xB5, 0x14, 0x5F, 0x6C,
    0xE2, 0xB8, 0xD4, 0x94, 0x5C, 0x1F, 0xD0, 0xB0, 0x8E, 0x60, 0x97, 0x7E, 0x4E, 0x53, 0x18, 0xEB,
    0x14, 0x02, 0xDA, 0x67, 0x41, 0x63, 0x98, 0xC0, 0x18, 0xA2, 0x8F, 0xA1, 0xFD, 0x09, 0xEC, 0x32,
    0x81, 0xFF, 0x25, 0xCA, 0xE6, 0xB0, 0x41, 0xDB, 0x16, 0xAF, 0xEF, 0x72, 0x1A, 0x41, 0x6B, 0x48,
    0x36, 0x88, 0xD9, 0xA0, 0xDE, 0x78, 0xBC, 0x0B, 0x26, 0x8D, 0xE1, 0xD1, 0xDE, 0x55, 0xBC, 0xFD,
    0x16, 0xEC, 0x88, 0xAE, 0xC3, 0x88, 0xE8, 0x29, 0xFC, 0xC1, 0x2D, 0xA0, 0x8D, 0x90, 0x5D, 0xE1,
    0x88, 0x25, 0xDA, 0xC5, 0x6B, 0x2E, 0xB9, 0x42, 0xC8, 0x46, 0xE9, 0xC3, 0x94, 0xFD, 0x07, 0x55,
    0x0A, 0x98, 0x9A, 0x2B, 0x78, 0xFD, 0x21, 0xE3, 0x5E, 0x59, 0x93, 0x3D, 0xE5, 0x34, 0xD7, 0xE7,
    0x90, 0x48, 0xF7, 0x60, 0x98, 0xF0, 0x3A, 0x58, 0x14, 0x0C, 0x8A, 0x43, 0x0E, 0x88, 0xBF, 0x2F,
    0x5F, 0x10, 0x57, 0x8E, 0x58, 0x1E, 0xF7, 0xEF, 0xCA, 0x7B, 0x99, 0xF5, 0xEE, 0x67, 0x30, 0xC8,
    0xF7, 0xC9, 0x0C, 0xE8, 0xDE, 0x98, 0x3F, 0xDB, 0x34, 0xDF, 0x69, 0xE9, 0xD5, 0x51, 0xF4, 0xCA,
    0xC8, 0x81, 0x13, 0xFE, 0x44, 0x46, 0xDE, 0xEC, 0x47, 0xA1, 0x0D, 0x4E, 0x1E, 0x96, 0xD7, 0x06,
    0xC1, 0x9F, 0x35, 0xFF, 0xD9, 0xED, 0xCA, 0xBF, 0x2E, 0x3E, 0x39, 0xFF, 0x2B, 0xDA, 0x91, 0xF7,
    0x45, 0xD9, 0x45, 0xC3, 0xBC, 0xAB, 0xC8, 0xA2, 0x2C, 0x6D, 0x47, 0xA1, 0xB6, 0x21, 0xD1, 0x19,
    0x39, 0x28, 0xBC, 0x46, 0xD6, 0x0A, 0x89, 0x4D, 0x97, 0x58, 0x0B, 0x8B, 0x23, 0x29, 0xEF, 0x24,
    0x1A, 0xF2, 0xE8, 0xAA, 0x97, 0xAF, 0xD2, 0xBA, 0x63, 0x5C, 0x8A, 0x3F, 0xFE, 0x5B, 0x43, 0xD1,
    0xBF, 0xFF, 0x8B, 0xE2, 0x00, 0x32, 0x51, 0xC4, 0x35, 0xEC, 0xE5, 0x74, 0xF6, 0x88, 0xBE, 0xF3,
    0xA4, 0xF9, 0x04, 0xEE, 0xC3, 0x04, 0x7C, 0xE6, 0x1C, 0x71, 0x02, 0x0A, 0x98, 0xF3, 0x0E, 0xAF,
    0x36, 0x12, 0xFB, 0x8C, 0xD0, 0x4D, 0xD8, 0xC5, 0x2A, 0x74, 0x62, 0xC9, 0xC8, 0x03, 0x3C, 0x62,
    0x9E, 0x6B, 0x1C, 0xDD, 0xD7, 0x1D, 0x3A, 0x59, 0x2E, 0x8B, 0x14, 0x12, 0x8B, 0x25, 0x06, 0x0F,
    0x6D, 0x0C, 0x26, 0x92, 0xC4, 0x26, 0xD1, 0x5B, 0xD2, 0x99, 0x64, 0xB2, 0x88, 0x3A, 0xA3, 0x99,
    0xCE, 0x17, 0x51, 0xBC, 0x06, 0xBD, 0xEA, 0xD0, 0x85, 0x81, 0xA0, 0x87, 0x73, 0x74, 0xAE, 0x96,
    0x26, 0x9F, 0xEC, 0xD0, 0xAB, 0xBF, 0xC9, 0x36, 0x7F, 0x3B, 0xED, 0xCB, 0x8E, 0x60, 0x6D, 0x6C,
    0x23, 0xE6, 0xE2, 0xBE, 0x96, 0x2A, 0xD4, 0xB0, 0x6F, 0xB8, 0x37, 0x12, 0x65, 0x21, 0xDF, 0x0C,
    0x86, 0xDB, 0x82, 0x6D, 0x6C, 0x77, 0xA6, 0xC2, 0x6E, 0xF5, 0x11, 0x07, 0xF6, 0xC6, 0x87, 0xD9,
    0xC7, 0x8F, 0xD2, 0x07, 0x5F, 0xDE, 0xA9, 0xAF, 0x52, 0xF0, 0x42, 0xB1, 0x2D, 0xC2, 0xCD, 0xD8,
    0x37, 0x78, 0xDD, 0x43, 0x09, 0x08, 0xFC, 0x60, 0x2D, 0x1F, 0xDA, 0x00, 0x54, 0x4B, 0xA0, 0x43,
    0x38, 0x70, 0x00, 0x1C, 0xE6, 0xE4, 0x97, 0xE2, 0x73, 0xFC, 0xC9, 0xA6, 0x5C, 0x8E, 0x48, 0x03,
    0xAB, 0x96, 0xB1, 0x55, 0x6E, 0xFB, 0x58, 0x27, 0x5A, 0x2C, 0x42, 0xBA, 0x7C, 0x2A, 0x1C, 0xE1,
    0x91, 0x81, 0x99, 0x3F, 0xB8, 0x3C, 0x29, 0x96, 0x11, 0x58, 0x68, 0x54, 0xF6, 0x30, 0x1A, 0xC4,
    0x9C, 0x47, 0xA9, 0x4E, 0x09, 0x12, 0x67, 0x09, 0x6F, 0x5F, 0x3E, 0x91, 0x7D, 0xE2, 0xDE, 0x97,
    0xBE, 0x27, 0x6F, 0x82, 0x4C, 0x4A, 0x59, 0x05, 0x59, 0x20, 0x2A, 0x7A, 0x48, 0x3A, 0x90, 0x35,
    0x0C, 0x44, 0xCE, 0x81, 0xDC, 0xD6, 0x07, 0xE7, 0xFD, 0x3A, 0x2D, 0xC4, 0xA5, 0x4E, 0xC0, 0x89,
    0x08, 0x36, 0xBF, 0x67, 0x12, 0x44, 0xD6, 0xA9, 0x8D, 0x52, 0xA0, 0xF5, 0x51, 0xA3, 0x63, 0x8F,
    0x75, 0xE9, 0xCD, 0xEE, 0xD4, 0x31, 0x64, 0x3E, 0x92, 0xEA, 0x79, 0xB9, 0x9B, 0x70, 0x57, 0xB3,
    0x82, 0x2A, 0xAE, 0x52, 0x0A, 0x48, 0x17, 0xEB, 0x3E, 0x6B, 0xAD, 0xCF, 0x9E, 0xD3, 0x67, 0x95,
    0xF7, 0x59, 0x6D, 0x9B, 0xDC, 0xAD, 0x2C, 0xEB, 0x2A, 0xE6, 0x9D, 0x48, 0x15, 0x94, 0x93, 0x6A,
    0x74, 0x09, 0xF5, 0x8C, 0x05, 0xE1, 0xC3, 0x1B, 0x71, 0xDD, 0x49, 0x38, 0xBA, 0x25, 0x73, 0xD3,
    0xAD, 0xC8, 0x6E, 0x84, 0xEC, 0x9C, 0x6C, 0x8E, 0x35, 0xEE, 0x89, 0xE4, 0x80, 0xCE, 0x57, 0xC5,
    0x7F, 0xE5, 0x23, 0xFB, 0x97, 0x8D, 0x2B, 0x87, 0x92, 0x56, 0x38, 0xCA, 0xF1, 0x49, 0x11, 0x84,
    0x73, 0xFA, 0x32, 0x6D, 0x2A, 0x32, 0x11, 0x02, 0x20, 0xBA, 0xE6, 0xB8, 0x53, 0xDC, 0xE9, 0x53,
    0x3A, 0xB5, 0x04, 0x27, 0x68, 0x42, 0x20, 0x27, 0xC3, 0x47, 0x92, 0x8B, 0x74, 0xF6, 0xFA, 0x1E,
    0xC4, 0x72, 0x59, 0x36, 0x14, 0xC0, 0xB7, 0xF3, 0x10, 0x55, 0x70, 0x1E, 0x71, 0x17, 0xBF, 0xBD,
    0x13, 0xB8, 0x80, 0x3B, 0xE0, 0xFE, 0xD6, 0x52, 0xA1, 0xCB, 0x36, 0x09, 0xEC, 0xCA, 0x71, 0x94,
    0x06, 0x3F, 0x86, 0xE0, 0x5B, 0xF8, 0xAC, 0xB9, 0xCB, 0xE6, 0x5D, 0x3E, 0xEF, 0x8A, 0xE5, 0xE9,
    0x31, 0x88, 0x1E, 0x3E, 0x01, 0xAE, 0x50, 0x41, 0x3E, 0xD1, 0xD6, 0x80, 0xD9, 0x89, 0xB8, 0xB1,
    0x4B, 0xA0, 0x5D, 0xF5, 0xB2, 0xD5, 0xE4, 0xE3, 0x3F, 0xCE, 0x78, 0xEB, 0x24, 0xF8, 0x71, 0xD8,
    0x8B, 0xB1, 0x6D, 0x87, 0x31, 0x34, 0x1F, 0x69, 0xAF, 0x0C, 0x50, 0xE8, 0x20, 0xE6, 0x20, 0xA4,
    0xAD, 0xC0, 0x80, 0x13, 0x9D, 0xE8, 0x98, 0x4E, 0xBB, 0x70, 0xEC, 0x55, 0x11, 0x8E, 0xB9, 0x28,
    0x2F, 0xB8, 0x38, 0x2A, 0x38, 0x28, 0x9F, 0x35, 0x39, 0x7D, 0xFD, 0xD7, 0x59, 0x72, 0xE9, 0x05,
    0xD5, 0xD3, 0x55, 0xF6, 0x17, 0xA5, 0x31, 0x41, 0xEC, 0x4E, 0xF9, 0xD8, 0x0A, 0x77, 0x1F, 0x88,
    0x07, 0x95, 0x36, 0xFE, 0x73, 0x18, 0xE4, 0xF8, 0xC4, 0x19, 0x80, 0x63, 0x7C, 0x48, 0xC7, 0xD5,
    0xC5, 0xD4, 0x66, 0x01, 0x01, 0x33, 0x96, 0xF5, 0x31, 0xD8, 0x07, 0x52, 0x1D, 0x0D, 0xD0, 0xA6,
    0x5C, 0xBA, 0xB1, 0xC6, 0x37, 0x38, 0x65, 0x3A, 0xE4, 0xB2, 0x9D, 0x91, 0xAF, 0x03, 0x4E, 0x7E,
    0xC8, 0x2A, 0x91, 0xBA, 0xD4, 0x34, 0x0F, 0x9F, 0x71, 0xF4, 0xC1, 0xA0, 0xA2, 0xEF, 0x4B, 0xB4,
    0xD3, 0xB6, 0x3C, 0x41, 0xE9, 0xCF, 0x5B, 0xF9, 0xAB, 0x14, 0xBA, 0x03, 0x75, 0x6C, 0xA5, 0x63,
    0x50, 0x39, 0xD0, 0x3D, 0xD6, 0xEB, 0x66, 0xBB, 0x95, 0x77, 0x79, 0x09, 0x07, 0xA0, 0xAD, 0x0F,
    0xBE, 0x0D, 0x89, 0x0F, 0x60, 0x2C, 0xD5, 0x01, 0x5C, 0x78, 0xF8, 0x07, 0x63, 0xCF, 0x35, 0x1B,
    0x77, 0x9A, 0x87, 0x23, 0x5B, 0xE4, 0x3C, 0x69, 0x1E, 0xEF, 0xC9, 0x3B, 0x8A, 0xF9, 0x6B, 0x0D,
    0x38, 0xCF, 0x00, 0xC3, 0xCD, 0x0E, 0xDE, 0xB5, 0x54, 0xDA, 0x6E, 0x7E, 0xF1, 0xDA, 0x38, 0xC8,
    0x7B, 0xAC, 0x92, 0xDD, 0xD7, 0x6D, 0x36, 0x0B, 0x15, 0xEB, 0xB6, 0xBD, 0xD9, 0x2E, 0x46, 0x96,
    0xD6, 0x02, 0x4D, 0x1C, 0x06, 0xAA, 0x50, 0x51, 0x1D, 0xDE, 0xC4, 0x01, 0xCE, 0x45, 0x18, 0xCD,
    0xA7, 0x58, 0xC7, 0x98, 0x6B, 0x77, 0xB4, 0x00, 0x69, 0x16, 0xA7, 0x9C, 0x3E, 0x14, 0x8C, 0xC6,
    0xB5, 0xFB, 0x96, 0xAF, 0x9F, 0xC2, 0xA6, 0xEE, 0xF6, 0xA8, 0xB8, 0x72, 0x42, 0x52, 0xB2, 0x84,
    0x8F, 0x1F, 0xAF, 0x17, 0xF9, 0xB5, 0xEB, 0x40, 0xC7, 0xC7, 0x00, 0xAC, 0x25, 0xD6, 0xF6, 0x41,
    0xED, 0xC9, 0xE0, 0x1C, 0x97, 0x3A, 0x45, 0xA4, 0x76, 0xB6, 0x28, 0x92, 0x50, 0x8D, 0x5A, 0x46,
    0x59, 0xCB, 0xF6, 0x32, 0x7F, 0x79, 0xE7, 0x5C, 0xEC, 0x4E, 0x5D, 0xBB, 0x5B, 0x9C, 0x8B, 0xC6,
    0xAA, 0xED, 0xAC, 0x10, 0x4A, 0x44, 0x42, 0xE4, 0xB1, 0x33, 0x3E, 0x1F, 0xC9, 0x21, 0x29, 0x16,
    0xB5, 0x44, 0x6F, 0x25, 0x76, 0x59, 0x48, 0xC4, 0x6A, 0xA5, 0xF5, 0x14, 0x4E, 0x9B, 0x6D, 0x77,
    0xF8, 0x36, 0x5C, 0xC6, 0x59, 0x03, 0x63, 0xA7, 0x82, 0x10, 0x5E, 0x8D, 0x91, 0x5B, 0xF3, 0xC6,
    0x3C, 0x7D, 0x1B, 0xE2, 0x4F, 0x97, 0x19, 0x1D, 0x71, 0xB7, 0x66, 0x6B, 0x56, 0xAB, 0xA5, 0x62,
    0xE1, 0xB1, 0xEB, 0x15, 0x2E, 0x2A, 0x99, 0xCA, 0x2B, 0xA4, 0xA6, 0xC4, 0x03, 0xA7, 0x9F, 0x52,
    0x66, 0x34, 0xF2, 0x0A, 0xC9, 0xBF, 0x4B, 0x08, 0x4B, 0x0F, 0xFB, 0xAF, 0xA9, 0x6A, 0x1F, 0xDB,
    0xDB, 0xB7, 0x3F, 0x97, 0x7A, 0xF3, 0x34, 0x04, 0x05, 0x62, 0x64, 0x49, 0x67, 0xC2, 0x28, 0xB4,
    0xFC, 0x70, 0x22, 0x73, 0x0A, 0x9C, 0x9C, 0xF5, 0x2B, 0x78, 0xEE, 0x6E, 0x1B, 0xDF, 0xF9, 0x7F,
    0xB4, 0x45, 0x77, 0x7A, 0x0F, 0xB5, 0x56, 0xAA, 0x13, 0xD5, 0x5F, 0xCA, 0x02, 0xC7, 0xFF, 0x92,
    0x75, 0x18, 0x2B, 0xA2, 0x45, 0x1C, 0xA6, 0x74, 0x87, 0x7F, 0xAD, 0xC5, 0xFC, 0xE0, 0x04, 0x0E,
    0x12, 0xE8, 0x5F, 0xED, 0x3F, 0x44, 0x5E, 0x76, 0xCE, 0x7F, 0xAF, 0xEE, 0xE4, 0x3E, 0xFF, 0x8A,
    0x73, 0xFD, 0x0B, 0x95, 0xCE, 0xE2, 0x3A, 0xAA, 0x02, 0xD3, 0x2B, 0xBC, 0xEC, 0xAC, 0x58, 0xF6,
    0xDF, 0x2B, 0x47, 0x79, 0x99, 0x9F, 0x07, 0x26, 0x2C, 0xE3, 0x3A, 0x9D, 0x9D, 0x1D, 0xD3, 0xD5,
    0xBD, 0xE2, 0xFA, 0x87, 0xFB, 0xEF, 0x6E, 0x6D, 0x05, 0xE6, 0xEC, 0x3C, 0xB1, 0x42, 0x7D, 0x5B,
    0x7F, 0x15, 0xCD, 0xFC, 0x1F, 0xED, 0x53, 0xB1, 0x6E, 0xDB, 0x30, 0x10, 0x7D, 0x94, 0x9A, 0xA8,
    0xA8, 0x06, 0x79, 0x70, 0x96, 0x0E, 0x55, 0x86, 0xCE, 0xD6, 0xAA, 0x26, 0x92, 0xA5, 0xA0, 0x3F,
    0xE0, 0x21, 0xFD, 0x83, 0x4C, 0xFE, 0x02, 0x0D, 0x4A, 0x4C, 0xA0, 0x3F, 0x90, 0xDD, 0x4B, 0x87,
    0x0E, 0x89, 0x33, 0x64, 0x31, 0x50, 0x0F, 0x46, 0x4D, 0xA0, 0x63, 0x17, 0xEE, 0x1D, 0x2A, 0xA0,
    0xDD, 0x32, 0x84, 0x83, 0x06, 0x21, 0xB0, 0x7B, 0x3D, 0xCA, 0x4E, 0x50, 0x23, 0x40, 0xD1, 0x8E,
    0x05, 0xCA, 0x7B, 0x20, 0xC8, 0xE3, 0x91, 0xBC, 0x7B, 0x77, 0x87, 0x2E, 0x3C, 0x92, 0xC1, 0x6D,
    0x15, 0x09, 0xD3, 0x47, 0x93, 0x62, 0x5E, 0xA2, 0x7C, 0x00, 0x6F, 0x59, 0x19, 0x89, 0x9A, 0x0D,
    0x5C, 0x92, 0xE8, 0x02, 0x49, 0x8C, 0x4E, 0xFC, 0x30, 0x58, 0x01, 0xF8, 0x1A, 0xA1, 0x46, 0xA6,
    0xF1, 0x41, 0x8B, 0x6F, 0xDA, 0xFD, 0xA4, 0x83, 0xD7, 0xFA, 0x85, 0xAB, 0x13, 0x57, 0x2F, 0x68,
    0xC5, 0x80, 0xAB, 0x37, 0x68, 0x47, 0x46, 0xEA, 0x6C, 0x22, 0x0B, 0x60, 0x8D, 0x45, 0x83, 0x05,
    0xE5, 0x9D, 0x50, 0xC1, 0xAD, 0xE0, 0x54, 0x3C, 0xE7, 0x9E, 0xBE, 0xBB, 0x56, 0xF4, 0x03, 0x3B,
    0x03, 0x60, 0x27, 0x07, 0x19, 0xEF, 0xEE, 0x5D, 0x20, 0xD1, 0x03, 0x52, 0x76, 0x60, 0x21, 0x47,
    0x64, 0x46, 0x68, 0xD8, 0xBF, 0x04, 0x49, 0x82, 0x32, 0x42, 0x13, 0xDC, 0x18, 0x97, 0x34, 0xBA,
    0xEB, 0xF7, 0x97, 0x19, 0x35, 0x40, 0x0D, 0x61, 0xEC, 0xA7, 0x9E, 0x02, 0x5F, 0x0E, 0x81, 0x3E,
    0x5F, 0x06, 0x66, 0xF6, 0xC4, 0x31, 0xF7, 0xEE, 0xD8, 0xF8, 0x55, 0x30, 0x36, 0x11, 0xEA, 0x1E,
    0x6A, 0x66, 0x21, 0xB8, 0xD1, 0x2E, 0xE5, 0xFE, 0xAD, 0x8E, 0x9C, 0x3A, 0xC5, 0x2C, 0xB1, 0x2C,
    0x34, 0xD1, 0xD8, 0xF8, 0xA4, 0x70, 0x0C, 0x86, 0x4F, 0x32, 0x1A, 0x57, 0x29, 0xEA, 0x12, 0xB3,
    0x96, 0xA6, 0x79, 0x5F, 0x2C, 0x43, 0x9A, 0x7B, 0xAB, 0xA2, 0x7D, 0x9D, 0x9F, 0xAE, 0x9E, 0x5D,
    0xAB, 0x60, 0xED, 0x7F, 0x0E, 0x54, 0x1B, 0x5C, 0xDD, 0x49, 0x22, 0x25, 0xEE, 0xB7, 0x38, 0xC7,
    0x64, 0x62, 0x35, 0xEC, 0xC5, 0xF0, 0x7E, 0xC1, 0x63, 0x41, 0xAA, 0x5D, 0x7B, 0x32, 0xE0, 0x90,
    0xF9, 0x7F, 0x4C, 0xD9, 0x63, 0xD3, 0x4A, 0xCD, 0xEB, 0x82, 0x75, 0x29, 0xC7, 0xE3, 0xE7, 0x8E,
    0xB4, 0x11, 0xF5, 0x10, 0xC0, 0x97, 0xAE, 0x62, 0xD1, 0xCE, 0x46, 0xEC, 0x8E, 0xEF, 0xE7, 0x21,
    0x5B, 0x9E, 0xA0, 0xB3, 0x87, 0x03, 0xAA, 0xB2, 0xA3, 0x3A, 0x41, 0x91, 0x20, 0x66, 0xC4, 0xDB,
    0xE8, 0xA2, 0x8B, 0xBF, 0x2D, 0x04, 0x88, 0xA5, 0xBF, 0x1C, 0xCD, 0xCB, 0xB2, 0xC3, 0xE7, 0x8F,
    0x64, 0x43, 0x54, 0x76, 0x55, 0x3D, 0xE5, 0x2C, 0xB0, 0xE7, 0x3C, 0x33, 0xE9, 0x9C, 0x8B, 0x30,
    0xC7, 0x29, 0x44, 0x0D, 0x4F, 0xDB, 0x65, 0x46, 0x86, 0x81, 0xD6, 0x3E, 0x24, 0x95, 0x8D, 0x4D,
    0xF7, 0xC1, 0xDE, 0xD7, 0x1E, 0xE5, 0xCE, 0x75, 0x65, 0xAD, 0xD1, 0x58, 0x88, 0xFA, 0xEC, 0xCA,
    0x8C, 0x48, 0x8A, 0x63, 0xFC, 0x2F, 0xBC, 0x7F, 0xA0, 0xF0, 0x76, 0x2F, 0x11, 0x91, 0x7C, 0xE2,
    0x2A, 0x38, 0x9A, 0x11, 0x92, 0x3E, 0x75, 0xB4, 0x61, 0xB8, 0xBA, 0x09, 0x75, 0xD6, 0x68, 0x26,
    0x59, 0x5C, 0x22, 0x20, 0x99, 0x3A, 0xBA, 0x80, 0x99, 0xC2, 0x10, 0x19, 0xCE, 0xF6, 0x14, 0xB6,
    0x86, 0xA2, 0x7C, 0xE0, 0x33, 0xB9, 0x6F, 0xD6, 0x36, 0x2A, 0x15, 0xA6, 0x40, 0x31, 0x45, 0x62,
    0x5A, 0xB0, 0x43, 0xEC, 0x61, 0xCF, 0x61, 0x82, 0x24, 0xB3, 0xF3, 0x12, 0x27, 0x3D, 0x18, 0xAE,
    0x00, 0xF7, 0xB3, 0x14, 0x04, 0xCC, 0x81, 0x15, 0x9C, 0xAF, 0xF0, 0xDF, 0xAA, 0x50, 0x54, 0x89,
    0x25, 0x08, 0xCF, 0xDF, 0x63, 0x44, 0xB9, 0x4D, 0x8C, 0x25, 0xC3, 0x0C, 0x27, 0xF6, 0x3B, 0x0E,
    0x6F, 0x2A, 0xAA, 0xD4, 0xB3, 0xC4, 0x61, 0x80, 0x18, 0xBF, 0x60, 0x98, 0x1F, 0x12, 0xB7, 0xC3,
    0xA6, 0x71, 0xE2, 0x47, 0x00, 0xB6, 0xED, 0x71, 0x1E, 0x7B, 0x2A, 0x0E, 0x11, 0x97, 0x78, 0x65,
    0x90, 0x55, 0xE8, 0xCF, 0x90, 0xA4, 0x88, 0x03, 0x58, 0xBD, 0x63, 0x0B, 0x3D, 0xDE, 0x1E, 0xD8,
    0x1F, 0x72, 0x74, 0x87, 0xF4, 0x85, 0x24, 0x67, 0x93, 0x8B, 0x17, 0xB5, 0xE0, 0xC9, 0x88, 0x2A,
    0xFE, 0xED, 0xD4, 0x66, 0x6C, 0xFF, 0x0F, 0xFC, 0x6B, 0x6D, 0xAA, 0xD6, 0xC6, 0x96, 0x6D, 0x6C,
    0x2B, 0xD7, 0x22, 0x45, 0x91, 0x1D, 0x99, 0x03, 0xD2, 0xF1, 0xDE, 0x56, 0x0C, 0xBB, 0x17, 0xCC,
    0x11, 0xDA, 0x1E, 0xE4, 0x46, 0x45, 0xF8, 0x1D, 0xE2, 0x23, 0x10, 0x30, 0x6B, 0xF9, 0x79, 0x08,
    0x6E, 0x2A, 0xCE, 0x99, 0x07, 0x1F, 0xE1, 0xC5, 0x62, 0x19, 0x60, 0x4B, 0xA4, 0xB7, 0xC2, 0xF1,
    0x4F, 0xAD, 0x58, 0x3D, 0x8F, 0xDC, 0xD6, 0x15, 0xBD, 0x24, 0x2D, 0x11, 0x36, 0x0B, 0xBA, 0x88,
    0x25, 0xC0, 0x80, 0xC5, 0x14, 0x6E, 0x02, 0x24, 0x22, 0x52, 0xA4, 0xDB, 0x1D, 0x32, 0x51, 0x91,
    0x32, 0x5B, 0x68, 0xE5, 0x62, 0x81, 0x54, 0xAE, 0xB2, 0x08, 0xB6, 0x95, 0x01, 0xED, 0x90, 0x49,
    0x7E, 0x40, 0xB6, 0xB0, 0x92, 0x32, 0x2A, 0x1C, 0x40, 0x1E, 0x17, 0xAB, 0x42, 0x85, 0x0A, 0xAD,
    0x48, 0xD9, 0x45, 0x8A, 0x14, 0x61, 0xEC, 0x04, 0x2E, 0x52, 0x88, 0x40, 0x22, 0x28, 0x91, 0x8A,
    0x25, 0x12, 0x2A, 0xE2, 0xAE, 0xC8, 0x79, 0x39, 0xE7, 0x3E, 0xCE, 0xEC, 0xAC, 0x6C, 0x19, 0x46,
    0x92, 0x01, 0x78, 0xEE, 0xCC, 0xFB, 0xE2, 0x7B, 0xF7, 0xE3, 0xDC, 0xFB, 0x46, 0x84, 0x9F, 0xE2,
    0x48, 0xC4, 0x37, 0x73, 0x91, 0xB0, 0xFE, 0xB6, 0x48, 0x92, 0xA2, 0x29, 0x61, 0xFB, 0x2E, 0xE1,
    0x2E, 0xA1, 0x97, 0xD9, 0x2C, 0xED, 0xC5, 0x98, 0xB2, 0x97, 0xF9, 0x2C, 0x3F, 0x40, 0x83, 0x4C,
    0x09, 0x09, 0x21, 0x46, 0xAB, 0x84, 0x66, 0x3E, 0x4B, 0x5D, 0x63, 0x4C, 0x2A, 0x67, 0x86, 0x4D,
    0x9D, 0xF3, 0x12, 0xC0, 0x2A, 0x23, 0x7C, 0xE3, 0x0C, 0x7E, 0xAE, 0x5D, 0x00, 0x5C, 0xBD, 0x08,
    0xB8, 0x87, 0x17, 0x06, 0xC6, 0xE4, 0x52, 0xA0, 0xD7, 0x35, 0x4D, 0x96, 0xFB, 0x4F, 0xEB, 0x3B,
    0x12, 0x7E, 0x5A, 0xB5, 0x12, 0x7D, 0x52, 0x35, 0x92, 0x5C, 0x2A, 0x01, 0xDE, 0xFD, 0x5A, 0x12,
    0xFF, 0xE7, 0xB5, 0x4C, 0x83, 0x4B, 0x95, 0x4C, 0xC3, 0x4B, 0xA5, 0x4C, 0x42, 0xAF, 0x94, 0x24,
    0xF2, 0x73, 0x49, 0x2E, 0x04, 0xA9, 0xC4, 0x3F, 0x0D, 0x53, 0x89, 0xFA, 0x10, 0xBB, 0x22, 0x78,
    0x03, 0x5E, 0xE1, 0x18, 0xB3, 0xAF, 0x2B, 0xE7, 0xF2, 0x6F, 0x83, 0x03, 0x37, 0x6B, 0x68, 0x6B,
    0xAE, 0x02, 0xEA, 0xDB, 0x32, 0x7E, 0xCE, 0xB2, 0x23, 0xE6, 0x10, 0xF3, 0xE7, 0x22, 0xF5, 0x06,
    0x71, 0xC4, 0x6F, 0xD0, 0x1E, 0x56, 0x80, 0x08, 0x1B, 0x96, 0x78, 0xA9, 0x9C, 0x44, 0xDE, 0xBD,
    0x98, 0x26, 0x72, 0x64, 0x00, 0xE6, 0x39, 0x21, 0x45, 0xDB, 0x30, 0xAA, 0xC4, 0xEA, 0x05, 0x2A,
    0x93, 0x28, 0xA7, 0x72, 0xA8, 0xA1, 0xA0, 0x01, 0x78, 0x5D, 0xCF, 0xBD, 0xF4, 0x5B, 0x22, 0x99,
    0x31, 0x3C, 0x2F, 0xF4, 0x2E, 0x6F, 0x88, 0x50, 0x75, 0xAB, 0xC0, 0xF7, 0x7E, 0x1D, 0x30, 0x66,
    0x20, 0xCC, 0xC7, 0x6F, 0xA7, 0x7B, 0xB7, 0x8F, 0x6F, 0xC2, 0xBC, 0x68, 0x97, 0xED, 0xF9, 0xCD,
    0x2F, 0x5F, 0x60, 0x71, 0xF2, 0xBF, 0xE9, 0xC9, 0xB1, 0xAB, 0xEB, 0xF7, 0x04, 0xC7, 0x78, 0x45,
    0x9C, 0x0E, 0xED, 0x4E, 0xCB, 0x71, 0xA7, 0x61, 0xFB, 0x78, 0x06, 0x05, 0xD1, 0x80, 0xDB, 0xF0,
    0x85, 0x95, 0x0E, 0x9A, 0xCD, 0x76, 0xBC, 0x73, 0xB4, 0x99, 0xDA, 0x36, 0xAF, 0x59, 0x40, 0x48,
    0xFD, 0x15, 0x8F, 0x67, 0xB3, 0xDC, 0x70, 0x8C, 0x82, 0x9C, 0x7C, 0xD6, 0xAD, 0xB8, 0x66, 0x45,
    0xAB, 0xE8, 0x60, 0xDE, 0x5A, 0x60, 0x2E, 0xE1, 0x74, 0xEB, 0x99, 0x79, 0x84, 0x09, 0xC9, 0xD1,
    0x96, 0x79, 0xB8, 0x53, 0x27, 0x70, 0x8F, 0xD4, 0x6B, 0x12, 0xEC, 0x03, 0xAF, 0x49, 0xB8, 0x61,
    0x15, 0x3D, 0x36, 0xBC, 0x14, 0xAE, 0x15, 0x9E, 0x15, 0xBE, 0x15, 0xA1, 0x15, 0x91, 0x15, 0xEB,
    0x56, 0x5C, 0xB3, 0xA2, 0x53, 0xE1, 0x34, 0x2A, 0xDC, 0x9A, 0x42, 0x3C, 0xBB, 0xC7, 0x20, 0x57,
    0x11, 0xDA, 0xDD, 0xBD, 0xA9, 0xE8, 0xC1, 0x2B, 0xB9, 0x7A, 0x0C, 0x07, 0x23, 0xCC, 0x09, 0x86,
    0x70, 0x98, 0x02, 0x1E, 0x94, 0x80, 0xCF, 0x01, 0xDB, 0xCF, 0x8F, 0x8B, 0x0F, 0xA0, 0x1B, 0xD3,
    0x6D, 0x1F, 0xE3, 0x9B, 0x57, 0x75, 0x98, 0x56, 0xDF, 0x8D, 0xA0, 0x48, 0x53, 0xDC, 0xD4, 0x8E,
    0x77, 0x1E, 0xEE, 0xEC, 0xBF, 0xEF, 0xD5, 0xE1, 0x6F, 0xD0, 0x11, 0x3E, 0x00, 0xF8, 0x87, 0x00,
    0x2C, 0xE6, 0xD5, 0x2E, 0xC1, 0x21, 0x88, 0x42, 0x21, 0xD9, 0x31, 0x9D, 0x30, 0x33, 0x9D, 0x8C,
    0x3E, 0x84, 0x40, 0x2D, 0x72, 0x22, 0x5D, 0x74, 0x57, 0x15, 0xBD, 0x2B, 0x41, 0x65, 0xF1, 0xAA,
    0xE2, 0x1D, 0x6D, 0xEF, 0x80, 0xF1, 0xEF, 0x4C, 0xB3, 0xEB, 0x14, 0xB1, 0x69, 0x33, 0x33, 0x9C,
    0x1B, 0x36, 0x32, 0xD3, 0x4A, 0x27, 0xD9, 0x87, 0x22, 0x9D, 0x06, 0xFC, 0xD7, 0xC1, 0x41, 0xB1,
    0xE8, 0x88, 0x71, 0xA7, 0x96, 0x4A, 0x93, 0x79, 0xAA, 0x61, 0xA1, 0xDB, 0x92, 0x64, 0x9F, 0x6E,
    0x2D, 0x13, 0xC9, 0xAC, 0xD0, 0xB8, 0x99, 0x20, 0x18, 0x54, 0x84, 0x65, 0x36, 0x50, 0xDC, 0xC7,
    0xEE, 0xD1, 0xF8, 0x8B, 0xEE, 0xC7, 0x1C, 0xF2, 0xC3, 0x9A, 0x7D, 0x89, 0x8F, 0x8D, 0x4F, 0xAE,
    0xCC, 0xFD, 0x5A, 0x17, 0xF3, 0x3A, 0x8A, 0x0A, 0xE6, 0x96, 0x09, 0x62, 0xB1, 0xA8, 0x65, 0x02,
    0x6F, 0x82, 0xF9, 0x26, 0xF0, 0x4F, 0x87, 0xD3, 0x35, 0xDA, 0x26, 0x72, 0x8F, 0xF1, 0x36, 0x61,
    0x6C, 0x46, 0xA9, 0xBE, 0x8F, 0xBF, 0xA2, 0xDF, 0xA7, 0x19, 0x5F, 0xF4, 0x17, 0xC3, 0xF7, 0xF9,
    0x8F, 0x8C, 0xF5, 0xAB, 0x37, 0x54, 0x59, 0xB9, 0x57, 0xAF, 0x83, 0xBB, 0xBC, 0x1A, 0xC3, 0x4B,
    0xBF, 0x4A, 0x24, 0xA9, 0x7C, 0x98, 0x6B, 0x52, 0x07, 0x65, 0x24, 0xBB, 0xC4, 0xF4, 0xBD, 0x26,
    0xCC, 0xC3, 0xF4, 0x0E, 0x31, 0x6F, 0xDB, 0x30, 0x0D, 0xCB, 0xB6, 0x8D, 0x24, 0xB8, 0xDF, 0xDE,
    0x89, 0xE9, 0xED, 0xC6, 0x34, 0x16, 0xBD, 0x4F, 0xEB, 0xB5, 0x89, 0x78, 0x7F, 0xAD, 0xD6, 0xD7,
    0x89, 0xDF, 0x59, 0x13, 0xF7, 0x5F, 0xE5, 0xC5, 0x6B, 0xE2, 0x3C, 0x2B, 0x23, 0x78, 0xF4, 0xB3,
    0x3C, 0xBC, 0x03, 0xCA, 0xB3, 0x98, 0x86, 0xD8, 0x44, 0x01, 0x36, 0x20, 0x92, 0x5E, 0x32, 0x62,
    0x62, 0xFE, 0x21, 0x6E, 0x9D, 0xC0, 0xC5, 0xE1, 0xD6, 0xB3, 0xFD, 0xC6, 0x6B, 0x26, 0xE2, 0x76,
    0x44, 0xE9, 0x15, 0x77, 0x81, 0xEE, 0x1E, 0x0E, 0x3F, 0xC1, 0x86, 0xFF, 0x67, 0x14, 0x7E, 0xA9,
    0xC5, 0xAF, 0x88, 0x51, 0x39, 0xF1, 0x1E, 0x6E, 0x16, 0xE9, 0xC4, 0x23, 0x85, 0x10, 0x6B, 0x6A,
    0x89, 0xE4, 0x6C, 0x2D, 0x06, 0x70, 0x36, 0x77, 0xFE, 0x84, 0x24, 0x61, 0x7A, 0x0B, 0x27, 0x1D,
    0xF1, 0x10, 0xE5, 0xE0, 0xD6, 0x5F, 0xE6, 0xFE, 0xB0, 0x85, 0x13, 0xC2, 0x4B, 0x73, 0xB8, 0x61,
    0x92, 0x23, 0x8D, 0xC4, 0x39, 0xAD, 0x71, 0x1A, 0xC2, 0xD5, 0x9F, 0x1C, 0x12, 0x83, 0xB3, 0x73,
    0x10, 0x6C, 0x91, 0x07, 0xDD, 0x59, 0x93, 0x83, 0xC5, 0xFE, 0x90, 0x4B, 0x36, 0x0F, 0xF1, 0xCA,
    0x74, 0x85, 0x1E, 0x10, 0x59, 0xD4, 0x33, 0x61, 0xB5, 0x35, 0x06, 0x57, 0x63, 0x4A, 0x2B, 0xC1,
    0x7C, 0xBB, 0x91, 0xB8, 0x92, 0x0D, 0xCB, 0xCE, 0xF7, 0x16, 0xD9, 0x46, 0x59, 0xCC, 0xED, 0xD4,
    0x33, 0xE1, 0x9A, 0x0A, 0x27, 0x9C, 0x74, 0xFE, 0x29, 0x78, 0x2A, 0xE1, 0x79, 0x01, 0x95, 0x1D,
    0x6C, 0x93, 0xD4, 0x40, 0x50, 0xE7, 0x4D, 0xC8, 0x00, 0xE1, 0xD1, 0x95, 0x86, 0x5B, 0xA0, 0xB9,
    0x30, 0x50, 0x9C, 0x0D, 0x92, 0x93, 0xDB, 0x82, 0x42, 0x83, 0x1A, 0x10, 0x95, 0x80, 0x84, 0x8C,
    0xDA, 0x03, 0xC0, 0x0C, 0x6E, 0x13, 0xD4, 0x00, 0xA8, 0xC2, 0x6D, 0x12, 0x52, 0x2D, 0x56, 0x3D,
    0xF7, 0x0C, 0xB4, 0x48, 0x87, 0x29, 0x33, 0x82, 0x3B, 0x9F, 0x72, 0x6B, 0xD0, 0x82, 0xDB, 0x84,
    0x1C, 0xE7, 0x73, 0x86, 0xDB, 0x2E, 0x56, 0xC1, 0xEB, 0x01, 0x71, 0x0E, 0x08, 0x2B, 0x80, 0xDF,
    0x00, 0xDC, 0x8E, 0x73, 0xDB, 0x13, 0xF8, 0x62, 0x8E, 0x65, 0x3E, 0xED, 0x0B, 0x26, 0x5A, 0x1E,
    0x87, 0x24, 0xEB, 0x32, 0x18, 0x23, 0xF6, 0x16, 0xE8, 0x45, 0x0A, 0x32, 0xE2, 0x54, 0x1A, 0x0B,
    0x2F, 0xF6, 0x2E, 0x12, 0x54, 0xF5, 0x65, 0x89, 0x7B, 0x91, 0x2A, 0x16, 0x91, 0x6E, 0x4D, 0x11,
    0xFF, 0x76, 0x47, 0x95, 0xF5, 0x0A, 0xE6, 0xA7, 0xD6, 0x6F, 0x62, 0x25, 0xCD, 0x38, 0x0D, 0x6A,
    0x9B, 0x29, 0x55, 0xD7, 0x94, 0xAD, 0x65, 0x03, 0xCD, 0x0C, 0x08, 0x41, 0xAB, 0xEF, 0x83, 0xA5,
    0xDE, 0x17, 0xD2, 0xF6, 0xC3, 0x50, 0xAD, 0x6B, 0x72, 0x92, 0x70, 0x13, 0x19, 0x1E, 0xDE, 0xAF,
    0x93, 0x5F, 0x23, 0x26, 0xA0, 0x8E, 0x03, 0x46, 0x85, 0x16, 0x1E, 0x3D, 0xB4, 0x96, 0x7D, 0xBF,
    0x93, 0x3E, 0xA8, 0x9C, 0x39, 0x26, 0xF6, 0x88, 0x5B, 0x8C, 0x71, 0xBB, 0xF0, 0xB1, 0xA9, 0xBC,
    0x2E, 0x68, 0x50, 0x98, 0xD0, 0x72, 0x55, 0x64, 0xF6, 0xC4, 0x3F, 0x9C, 0x5B, 0x3A, 0x2F, 0x37,
    0x2C, 0x9F, 0x8F, 0x19, 0x68, 0x29, 0x2D, 0xCD, 0x83, 0x42, 0x46, 0xF7, 0x1A, 0xCF, 0x9C, 0x8C,
    0x72, 0x72, 0xA2, 0x86, 0x60, 0x50, 0x1D, 0xD0, 0xD7, 0x48, 0xBB, 0x3D, 0x97, 0xE8, 0x82, 0x05,
    0xF4, 0xC1, 0xA2, 0xED, 0x2E, 0xD7, 0xDC, 0x8D, 0x38, 0x99, 0xAB, 0x25, 0xEB, 0x0B, 0x65, 0x93,
    0x06, 0x94, 0x05, 0x5E, 0xA7, 0x9A, 0x6E, 0x85, 0xF8, 0xD6, 0x82, 0x4C, 0xDD, 0x7E, 0xB7, 0x47,
    0x2E, 0xE9, 0x0F, 0x24, 0x78, 0x80, 0xB8, 0x0F, 0x7F, 0x54, 0x83, 0x98, 0x3C, 0x70, 0xD1, 0xAE,
    0x9B, 0xEA, 0xF6, 0x74, 0xAF, 0xC1, 0x69, 0x60, 0xDB, 0xAB, 0x3B, 0xE8, 0x8D, 0xB8, 0xA1, 0x10,
    0xAB, 0xB0, 0x92, 0xD1, 0x40, 0xF6, 0x8E, 0x61, 0x55, 0xAF, 0x71, 0xE6, 0xB4, 0x42, 0x26, 0x63,
    0x1E, 0x9A, 0x15, 0x7F, 0x27, 0x8D, 0xE6, 0x0A, 0x88, 0x82, 0x9D, 0xBD, 0x65, 0xC7, 0x07, 0x68,
    0xE3, 0xE0, 0xAD, 0x7E, 0x5C, 0x80, 0xF6, 0x3E, 0x09, 0x99, 0xAF, 0x06, 0xB8, 0xCE, 0x22, 0x5D,
    0x3A, 0x05, 0x14, 0x1E, 0x91, 0x51, 0x8C, 0x79, 0xD2, 0x7B, 0xF3, 0x20, 0x7F, 0x3B, 0x6C, 0xD1,
    0x11, 0x95, 0x01, 0x43, 0x1E, 0x90, 0x71, 0xDC, 0x3D, 0xC2, 0xB0, 0x84, 0x5E, 0x82, 0xC7, 0x1F,
    0xF6, 0x2C, 0x03, 0x15, 0xD8, 0x96, 0x71, 0x48, 0xC2, 0xC1, 0x49, 0x92, 0x02, 0x62, 0x2C, 0x90,
    0x84, 0x35, 0xC0, 0xEF, 0x01, 0xAE, 0x79, 0xF2, 0x2B, 0xC3, 0x44, 0x68, 0x48, 0x4D, 0x28, 0x63,
    0x82, 0xBD, 0x45, 0xC2, 0x3E, 0x4B, 0x33, 0x4E, 0x75, 0x5B, 0x46, 0xF7, 0x66, 0x52, 0x2D, 0x99,
    0xA8, 0x32, 0xEF, 0x39, 0xD1, 0x7F, 0x44, 0x17, 0x0D, 0x3E, 0xD1, 0x02, 0xE5, 0x63, 0x5A, 0x24,
    0xFA, 0x59, 0x27, 0x96, 0xDB, 0x47, 0xC4, 0x0E, 0x33, 0xF5, 0x4A, 0x38, 0x81, 0xD3, 0x33, 0xB3,
    0xAC, 0xF6, 0xFA, 0x24, 0x00, 0x26, 0x5B, 0xBA, 0x65, 0xA9, 0x35, 0x41, 0x4E, 0xBE, 0x61, 0x15,
    0xAD, 0x53, 0x70, 0xAC, 0xA9, 0xEE, 0x62, 0x58, 0xF1, 0xA3, 0x1D, 0xA8, 0xC6, 0xE3, 0x11, 0xBD,
    0xF9, 0x47, 0xA8, 0x60, 0x52, 0xC9, 0xB8, 0xB1, 0x38, 0x5F, 0xE1, 0x55, 0xC6, 0x4F, 0xB1, 0xC8,
    0x30, 0xD8, 0xDE, 0x4E, 0xC7, 0xD0, 0x43, 0x7B, 0x86, 0x2F, 0x57, 0xCC, 0xF5, 0xCD, 0x0D, 0xED,
    0xC8, 0x50, 0x50, 0xDD, 0x88, 0x4E, 0x4F, 0xD4, 0x4A, 0x15, 0x4C, 0xEC, 0xA4, 0xFE, 0x7C, 0x73,
    0x9F, 0x94, 0x8A, 0x79, 0x3B, 0xF4, 0x08, 0xB9, 0xBC, 0x24, 0xF6, 0x50, 0x35, 0x01, 0xD3, 0xA2,
    0xEA, 0x6B, 0x1C, 0x73, 0xB8, 0x5F, 0x79, 0x43, 0xE8, 0xE4, 0x61, 0x13, 0xB2, 0xA0, 0x0F, 0x79,
    0x0F, 0x08, 0xC9, 0x80, 0x21, 0x15, 0x10, 0xF2, 0x18, 0x0B, 0xE8, 0x97, 0x70, 0xD2, 0xA6, 0x43,
    0x74, 0xB0, 0x4E, 0x4B, 0xB8, 0x40, 0x54, 0x03, 0x82, 0x2E, 0xE4, 0x7B, 0xF6, 0xB7, 0x4A, 0x5B,
    0x1E, 0x6A, 0x7D, 0x6F, 0xE3, 0x4B, 0x8B, 0xA9, 0xD7, 0xF0, 0xDC, 0x12, 0x9C, 0xAF, 0x51, 0x00,
    0xA9, 0x3A, 0x8C, 0x74, 0x0C, 0x33, 0x3D, 0x6D, 0xDA, 0x9F, 0x3F, 0xDA, 0x7E, 0x7A, 0xD9, 0x43,
    0x3E, 0x94, 0xFF, 0x06, 0x5C, 0x92, 0x87, 0x33, 0x9C, 0xC1, 0x0F, 0x33, 0x07, 0x24, 0x73, 0x2D,
    0x56, 0x16, 0x41, 0xEC, 0x14, 0xE4, 0xB2, 0x40, 0x15, 0x9C, 0xA0, 0xAE, 0x54, 0xCA, 0x4F, 0x47,
    0xF6, 0x1F, 0x49, 0x6F, 0x15, 0x0B, 0xCB, 0x06, 0x95, 0x72, 0x84, 0x0E, 0xF2, 0x6D, 0xAE, 0xCC,
    0x94, 0x57, 0xAC, 0x67, 0x49, 0xDC, 0xD8, 0xF2, 0xF0, 0x35, 0xF7, 0xC6, 0xB7, 0x9C, 0x2E, 0x79,
    0x30, 0x98, 0xB2, 0xFB, 0x6E, 0x8B, 0xCB, 0x4B, 0xF7, 0xBD, 0xE6, 0x82, 0xFB, 0xC7, 0xF6, 0x62,
    0xFD, 0x96, 0xFB, 0x59, 0x13, 0xB4, 0x6F, 0xB9, 0x87, 0x28, 0x6C, 0xCC, 0x47, 0xF0, 0xCA, 0x27,
    0xCA, 0xE4, 0xF5, 0x85, 0x2B, 0x58, 0x1A, 0xBD, 0xC0, 0xBD, 0x57, 0x9D, 0x5C, 0xBD, 0xBA, 0x3E,
    0x81, 0x13, 0xF6, 0xF9, 0xC9, 0x6C, 0x36, 0xDB, 0x5B, 0xE9, 0xB0, 0xC5, 0xFA, 0xFF, 0x0D, 0x32,
    0x9B, 0x5D, 0xDA, 0x73, 0xE6, 0xFA, 0x86, 0xBA, 0x13, 0xAB, 0x31, 0xF2, 0xC7, 0xD8, 0xAE, 0xC1,
    0xCE, 0xDA, 0x25, 0xAA, 0xE4, 0x4D, 0x18, 0x34, 0x1B, 0xEC, 0xBD, 0x91, 0x1E, 0x4C, 0x2E, 0x62,
    0x97, 0x92, 0x7D, 0x3F, 0xE6, 0xE2, 0x64, 0x74, 0x4B, 0xDE, 0xA4, 0xD8, 0x79, 0xF7, 0x85, 0xF4,
    0xE2, 0xDC, 0x02, 0xEC, 0x34, 0xBC, 0x17, 0x32, 0xA1, 0xB3, 0xF6, 0xA3, 0x7A, 0xA7, 0x3D, 0x7C,
    0xE1, 0xF5, 0x3E, 0x63, 0x07, 0x2C, 0xE5, 0x23, 0x6C, 0x24, 0x43, 0x7E, 0xB8, 0xF1, 0x1E, 0x39,
    0x4D, 0x56, 0x01, 0x3B, 0xEC, 0xF9, 0xEE, 0x9E, 0xEF, 0xE9, 0xB9, 0x9B, 0x1E, 0x9C, 0x27, 0x03,
    0xE3, 0x86, 0xB9, 0x5D, 0xCC, 0x20, 0xA7, 0x3E, 0x7E, 0x37, 0x56, 0x10, 0x2A, 0xD6, 0x2C, 0xF5,
    0x5F, 0xF5, 0xD5, 0x82, 0x77, 0x3D, 0x35, 0xF1, 0xAE, 0x15, 0xC9, 0x93, 0x63, 0x5C, 0x7F, 0x71,
    0xC3, 0x25, 0x45, 0x92, 0xD7, 0x94, 0x16, 0xD8, 0x87, 0x70, 0xA3, 0xC0, 0x24, 0x0A, 0x3C, 0x5E,
    0x75, 0xE3, 0x6D, 0x58, 0xCF, 0xFB, 0xAC, 0x3D, 0xA0, 0x38, 0x34, 0x06, 0xB7, 0x53, 0x6F, 0x1E,
    0x7F, 0x7E, 0x08, 0xD1, 0x05, 0xA4, 0xA1, 0xC0, 0xF2, 0x64, 0x6C, 0x4B, 0xD1, 0x6B, 0xD6, 0xB1,
    0xBE, 0x39, 0x1D, 0x13, 0xCE, 0xC3, 0x2B, 0x74, 0xCE, 0xC0, 0x28, 0x53, 0xE1, 0x55, 0xA9, 0x2C,
    0x1D, 0xD6, 0x53, 0xFB, 0x5B, 0x9A, 0xFD, 0x6A, 0xDC, 0xE6, 0x0D, 0x21, 0xE2, 0x66, 0x79, 0x1D,
    0x33, 0xB9, 0x07, 0xD7, 0xCF, 0xEA, 0x00, 0x21, 0x81, 0x74, 0x58, 0x31, 0x39, 0x46, 0x25, 0x95,
    0x16, 0xE3, 0x0E, 0x25, 0x07, 0x9A, 0x9F, 0xA7, 0x2B, 0x98, 0xA0, 0x90, 0xD9, 0x23, 0xF2, 0xEC,
    0x2F, 0x43, 0x70, 0x87, 0x72, 0xD8, 0x80, 0xE3, 0xED, 0x1B, 0x26, 0x92, 0x84, 0x6B, 0x86, 0xB5,
    0xC7, 0x4A, 0xE5, 0x8B, 0xB1, 0x18, 0xB0, 0x23, 0xAA, 0xBC, 0xA7, 0x20, 0xB1, 0x82, 0xF7, 0xD5,
    0x82, 0x7E, 0x7B, 0xFE, 0xE8, 0xF2, 0x6A, 0xFA, 0xC0, 0x85, 0x92, 0xE4, 0x0B, 0xBB, 0xE1, 0x06,
    0xF9, 0x92, 0x0C, 0xE3, 0xEC, 0xBD, 0xCB, 0x50, 0xD3, 0x5B, 0xBB, 0xFB, 0x54, 0x93, 0xA8, 0xDE,
    0xA1, 0x0B, 0x5A, 0xD9, 0x33, 0x75, 0xD1, 0x49, 0xF0, 0xCF, 0xFA, 0xF6, 0x20, 0xD1, 0xC7, 0xF5,
    0x6D, 0xE4, 0xCE, 0x1F, 0xD4, 0xB7, 0x51, 0x88, 0x62, 0x7C, 0x58, 0x4E, 0x89, 0xD5, 0x01, 0x30,
    0xA8, 0x06, 0x62, 0x4D, 0xF4, 0xEB, 0x41, 0xD2, 0x0D, 0x67, 0xE3, 0x40, 0x96, 0x95, 0xA3, 0xAD,
    0xFC, 0x46, 0xBA, 0x56, 0x5A, 0xB6, 0xFF, 0x01, 0x8C, 0x15, 0x8C, 0x68, 0xB4, 0x3B, 0x19, 0xDC,
    0xC2, 0x7A, 0xC5, 0x88, 0xCA, 0x01, 0x55, 0xB3, 0x7C, 0x0A, 0xF0, 0x0A, 0xDB, 0x8D, 0xFE, 0x71,
    0x12, 0xE1, 0x46, 0xE9, 0x37, 0x74, 0xD7, 0x93, 0xC7, 0xAF, 0xE9, 0xAF, 0x66, 0x66, 0x52, 0x5A,
    0x8B, 0xB6, 0xC2, 0x6F, 0xF6, 0xB5, 0xF0, 0x72, 0xDE, 0x47, 0x7B, 0xFB, 0xB8, 0x78, 0x58, 0x99,
    0x05, 0xCD, 0x7C, 0x56, 0xD4, 0xFC, 0x97, 0x85, 0xE3, 0x57, 0xDF, 0x25, 0x69, 0xBA, 0x2C, 0x89,
    0x51, 0x8F, 0x57, 0xFE, 0x7C, 0xAB, 0x44, 0x0E, 0xD0, 0xDD, 0x27, 0xE3, 0x59, 0xA6, 0x2F, 0x3C,
    0x8B, 0x76, 0x8E, 0x41, 0x24, 0x4B, 0x70, 0x74, 0x96, 0x84, 0x54, 0x21, 0xCE, 0xD1, 0x62, 0x4B,
    0xA4, 0x37, 0x36, 0x37, 0x53, 0x56, 0xC8, 0x2C, 0x90, 0xFF, 0x03, 0xAB, 0xFF, 0xFF, 0xFF, 0xBF,
    0x43, 0x3D, 0x88, 0x10, 0x0D, 0x0D, 0x0D, 0x65, 0x00, 0x00, 0xCD, 0x93, 0x31, 0x4E, 0xC3, 0x30,
    0x18, 0x85, 0x9F, 0x5B, 0x15, 0x86, 0x0C, 0x66, 0x29, 0x4B, 0x87, 0x1C, 0x21, 0x47, 0xB0, 0x77,
    0x06, 0x32, 0x14, 0x31, 0xF6, 0x08, 0x9C, 0x00, 0x6A, 0xB1, 0x72, 0xA8, 0x58, 0x9C, 0xC0, 0x0B,
    0x3B, 0x47, 0xC8, 0x10, 0xA4, 0x22, 0xA5, 0xF9, 0x79, 0xB6, 0x53, 0x04, 0x2D, 0x03, 0x03, 0x45,
    0x5D, 0xDE, 0x17, 0xFB, 0x77, 0x9C, 0xF7, 0xFB, 0xC5, 0x50, 0x37, 0x50, 0x4B, 0xA0, 0x14, 0x57,
    0x09, 0x60, 0xC4, 0x36, 0xC4, 0x00, 0xB5, 0x05, 0xD0, 0x63, 0xD2, 0x01, 0x6A, 0x83, 0x69, 0xBB,
    0x8F, 0x85, 0xF4, 0xA5, 0x74, 0x68, 0xA4, 0x17, 0xD9, 0xE0, 0xF2, 0x7D, 0x79, 0xFB, 0x56, 0xFF,
    0xBC, 0xF2, 0x18, 0x00, 0x5D, 0x47, 0xCF, 0x8F, 0x96, 0x8E, 0xAF, 0x03, 0xFD, 0xEA, 0x40, 0xB7,
    0x85, 0x67, 0x3D, 0x2D, 0x1A, 0x85, 0x2E, 0x0B, 0xDF, 0x44, 0xA1, 0xC3, 0x54, 0xFD, 0x2B, 0xA1,
    0x03, 0x65, 0xE9, 0xE0, 0xC9, 0xD3, 0xC1, 0x95, 0xA7, 0x03, 0xCE, 0xF5, 0x87, 0xEB, 0x8E, 0xEA,
    0x20, 0x25, 0x97, 0xA3, 0x3B, 0x1B, 0xB3, 0x2B, 0x7D, 0x0E, 0xAF, 0xF4, 0x39, 0x3D, 0xED, 0x3E,
    0x8F, 0x6C, 0x8F, 0x39, 0x41, 0xED, 0x72, 0x84, 0xDA, 0xE5, 0x0C, 0x77, 0xEB, 0xFF, 0x9F, 0xB9,
    0x9F, 0xD9, 0xD8, 0x0F, 0xC7, 0xA9, 0x1F, 0x32, 0xF5, 0x43, 0x7E, 0xEB, 0xE7, 0x90, 0x27, 0xD7,
    0xCF, 0xBC, 0x06, 0x26, 0x32, 0x00, 0x85, 0x48, 0x40, 0x19, 0x16, 0x2D, 0x8C, 0x65, 0x0B, 0x06,
    0x7B, 0xB2, 0x90, 0xAD, 0x61, 0xB7, 0x83, 0x89, 0xF7, 0xE8, 0xA0, 0xFA, 0x0B, 0x51, 0x49, 0x7A,
    0x0A, 0x0F, 0x8B, 0xD2, 0x70, 0x2B, 0x94, 0xFC, 0x32, 0x40, 0x0F, 0x98, 0xDB, 0xF8, 0xA4, 0x24,
    0xDE, 0x88, 0x68, 0x26, 0x42, 0x87, 0xB5, 0x8B, 0xFF, 0x8E, 0xD5, 0x9E, 0xA8, 0xF0, 0x15, 0x69,
    0x52, 0x89, 0xB8, 0xB5, 0xB4, 0x5A, 0xE4, 0x59, 0xA4, 0x35, 0x61, 0x65, 0x57, 0x2F, 0xB5, 0x89,
    0x6F, 0x7A, 0x3C, 0x64, 0x8C, 0x23, 0x13, 0x12, 0xF4, 0x36, 0x61, 0x22, 0xAF, 0x69, 0x97, 0x6A,
    0x48, 0x50, 0xE2, 0xF2, 0x9E, 0x3E, 0xA1, 0x08, 0x09, 0xE7, 0x61, 0x37, 0x0A, 0xB8, 0xC7, 0x9D,
    0x2F, 0xBA, 0x8B, 0x35, 0x7D, 0x4D, 0xA5, 0xAB, 0xA2, 0xCB, 0xA6, 0xC5, 0x9C, 0xE5, 0x19, 0x3E,
    0x00, 0x4D, 0x8F, 0xB1, 0x0D, 0xC3, 0x30, 0x0C, 0x04, 0x19, 0xA8, 0x48, 0xC9, 0x3E, 0x19, 0x42,
    0x23, 0x50, 0x9B, 0x39, 0x23, 0x64, 0x23, 0x6B, 0x04, 0x8D, 0x90, 0x11, 0x52, 0xD8, 0x40, 0x0A,
    0x3B, 0x9F, 0xD7, 0x0B, 0x36, 0xC2, 0xE6, 0x41, 0xF0, 0xC8, 0x7F, 0x9A, 0x9D, 0x95, 0xCA, 0x50,
    0x6F, 0x43, 0x63, 0x19, 0x8A, 0x7D, 0x8C, 0x01, 0x01, 0x0E, 0x08, 0x88, 0xE7, 0x5D, 0xC0, 0xC7,
    0xAC, 0x03, 0x89, 0x1A, 0x04, 0x7C, 0xBB, 0x3D, 0x82, 0x40, 0x7C, 0xD1, 0x32, 0x01, 0x00, 0xAF,
    0xBC, 0xF7, 0x6D, 0xD4, 0x40, 0xE1, 0x36, 0x6C, 0x42, 0x0B, 0x60, 0xBB, 0x00, 0x0B, 0xF5, 0x7D,
    0xA5, 0x7A, 0xC7, 0x78, 0x99, 0x5C, 0x9F, 0x15, 0xEE, 0xB5, 0xA9, 0x3B, 0xB3, 0xE1, 0x58, 0xB6,
    0x32, 0x4E, 0x58, 0x67, 0x05, 0xE1, 0x39, 0x05, 0x8B, 0x9A, 0x95, 0xC3, 0x6B, 0x28, 0x57, 0x5A,
    0xE7, 0xF2, 0x9F, 0xFB, 0xFC, 0xE3, 0xF8, 0xEB, 0xF8, 0x53, 0xF5, 0x03,
};

static const EpdGlyph notosans_16_regularGlyphs[] = {
    { 0, 0, 0, 0, 0, 0, 0 }, // U+0000
    { 0, 0, 139, 0, 0, 0, 0 }, // U+000D
    { 0, 0, 139, 0, 0, 0, 0 }, // U+0020
    { 5, 25, 143, 2, 24, 32, 0 }, // !
    { 10, 9, 218, 2, 24, 23, 32 }, // "
    { 21, 24, 344, 0, 24, 126, 55 }, // #
    { 16, 28, 305, 2, 26, 112, 181 }, // $
    { 26, 26, 443, 1, 25, 169, 293 }, // %
    { 24, 26, 390, 1, 25, 156, 462 }, // &
    { 4, 9, 120, 2, 24, 9, 618 }, // '
    { 8, 30, 160, 1, 24, 60, 627 }, // (
    { 8, 30, 160, 1, 24, 60, 687 }, // )
    { 16, 16, 294, 1, 26, 64, 747 }, // *
    { 17, 17, 305, 1, 20, 73, 811 }, // +
    { 6, 9, 143, 1, 4, 14, 884 }, // ,
    { 9, 4, 172, 1, 11, 9, 898 }, // -
    { 5, 6, 143, 2, 5, 8, 907 }, // .
    { 13, 24, 198, 0, 24, 78, 915 }, // /
    { 17, 26, 311, 1, 25, 111, 993 }, // 0
    { 10, 24, 235, 0, 24, 60, 1104 }, // 1
    { 16, 25, 296, 1, 25, 100, 1164 }, // 2
    { 17, 26, 305, 1, 25, 111, 1264 }, // 3
    { 19, 24, 305, 0, 24, 114, 1375 }, // 4
    { 16, 25, 305, 2, 24, 100, 1489 }, // 5
    { 17, 26, 305, 1, 25, 111, 1589 }, // 6
    { 17, 24, 272, 0, 24, 102, 1700 }, // 7
    { 17, 26, 314, 1, 25, 111, 1802 }, // 8
    { 17, 26, 305, 1, 25, 111, 1913 }, // 9
    { 5, 20, 143, 2, 19, 25, 2024 }, // :
    { 6, 24, 143, 1, 19, 36, 2049 }, // ;
    { 17, 18, 305, 1, 21, 77, 2085 }, // <
    { 17, 10, 305, 1, 17, 43, 2162 }, // =
    { 17, 18, 305, 1, 21, 77, 2205 }, // >
    { 14, 26, 231, 0, 25, 91, 2282 }, // ?
    { 28, 27, 479, 1, 24, 189, 2373 }, // @
    { 22, 24, 341, 0, 24, 132, 2562 }, // A
    { 17, 24, 347, 3, 24, 102, 2694 }, // B
    { 19, 26, 337, 2, 25, 124, 2796 }, // C
    { 20, 24, 389, 3, 24, 120, 2920 }, // D
    { 14, 24, 296, 3, 24, 84, 3040 }, // E
    { 14, 24, 277, 3, 24, 84, 3124 }, // F
    { 20, 26, 388, 2, 25, 130, 3208 }, // G
    { 19, 24, 395, 3, 24, 114, 3338 }, // H
    { 9, 24, 181, 1, 24, 54, 3452 }, // I
    { 10, 31, 146, -3, 24, 78, 3506 }, // J
    { 18, 24, 330, 3, 24, 108, 3584 }, // K
    { 14, 24, 279, 3, 24, 84, 3692 }, // L
    { 24, 24, 484, 3, 24, 144, 3776 }, // M
    { 20, 24, 405, 3, 24, 120, 3920 }, // N
    { 22, 26, 416, 2, 25, 143, 4040 }, // O
    { 16, 24, 323, 3, 24, 96, 4183 }, // P
    { 22, 31, 416, 2, 25, 171, 4279 }, // Q
    { 18, 24, 332, 3, 24, 108, 4450 }, // R
    { 16, 26, 293, 1, 25, 104, 4558 }, // S
    { 19, 24, 296, 0, 24, 114, 4662 }, // T
    { 19, 25, 390, 3, 24, 119, 4776 }, // U
    { 20, 24, 320, 0, 24, 120, 4895 }, // V
    { 31, 24, 496, 0, 24, 186, 5015 }, // W
    { 20, 24, 312, 0, 24, 120, 5201 }, // X
    { 19, 24, 302, 0, 24, 114, 5321 }, // Y
    { 17, 24, 305, 1, 24, 102, 5435 }, // Z
    { 9, 30, 175, 2, 24, 68, 5537 }, // [
    { 13, 24, 198, 0, 24, 78, 5605 }, // <backslash>
    { 9, 30, 175, 0, 24, 68, 5683 }, // ]
    { 17, 16, 305, 1, 24, 68, 5751 }, // ^
    { 16, 3, 237, -1, -3, 12, 5819 }, // _
    { 8, 6, 150, 1, 26, 12, 5831 }, // `
    { 15, 20, 299, 1, 19, 75, 5843 }, // a
    { 17, 27, 328, 2, 26, 115, 5918 }, // b
    { 14, 20, 256, 1, 19, 70, 6033 }, // c
    { 17, 27, 328, 1, 26, 115, 6103 }, // d
    { 17, 20, 301, 1, 19, 85, 6218 }, // e
    { 13, 26, 183, 0, 26, 85, 6303 }, // f
    { 17, 27, 328, 1, 19, 115, 6388 }, // g
    { 16, 26, 330, 2, 26, 104, 6503 }, // h
    { 5, 25, 138, 2, 25, 32, 6607 }, // i
    { 9, 33, 138, -2, 25, 75, 6639 }, // j
    { 16, 26, 285, 2, 26, 104, 6714 }, // k
    { 4, 26, 138, 2, 26, 26, 6818 }, // l
    { 27, 19, 499, 2, 19, 129, 6844 }, // m
    { 16, 19, 330, 2, 19, 76, 6973 }, // n
    { 18, 20, 323, 1, 19, 90, 7049 }, // o
    { 17, 27, 328, 2, 19, 115, 7139 }, // p
    { 17, 27, 328, 1, 19, 115, 7254 }, // q
    { 12, 19, 220, 2, 19, 57, 7369 }, // r
    { 14, 20, 255, 1, 19, 70, 7426 }, // s
    { 12, 23, 193, 0, 22, 69, 7496 }, // t
    { 16, 19, 330, 2, 18, 76, 7565 }, // u
    { 17, 18, 271, 0, 18, 77, 7641 }, // v
    { 26, 18, 419, 0, 18, 117, 7718 }, // w
    { 18, 18, 282, 0, 18, 81, 7835 }, // x
    { 17, 26, 272, 0, 18, 111, 7916 }, // y
    { 14, 18, 251, 1, 18, 63, 8027 }, // z
    { 12, 30, 203, 0, 24, 90, 8090 }, // {
    { 4, 35, 294, 7, 26, 35, 8180 }, // |
    { 11, 30, 203, 1, 24, 83, 8215 }, // }
    { 17, 5, 305, 1, 14, 22, 8298 }, // ~
    { 0, 0, 139, 0, 0, 0, 0 }, // U+00A0
    { 5, 26, 143, 2, 19, 33, 0 }, // U+00A1
    { 14, 26, 305, 3, 25, 91, 33 }, // U+00A2
    { 17, 25, 305, 1, 25, 107, 124 }, // U+00A3
    { 17, 16, 305, 1, 20, 68, 231 }, // U+00A4
    { 19, 24, 305, 0, 24, 114, 299 }, // U+00A5
    { 4, 35, 294, 7, 26, 35, 413 }, // U+00A6
    { 14, 27, 274, 1, 26, 95, 448 }, // U+00A7
    { 11, 4, 309, 4, 25, 11, 543 }, // U+00A8
    { 26, 26, 444, 1, 25, 169, 554 }, // U+00A9
    { 10, 13, 190, 1, 25, 33, 723 }, // U+00AA
    { 15, 15, 271, 1, 16, 57, 756 }, // U+00AB
    { 17, 9, 305, 1, 13, 39, 813 }, // U+00AC
    { 9, 4, 172, 1, 11, 9, 852 }, // U+00AD
    { 26, 26, 444, 1, 25, 169, 861 }, // U+00AE
    { 18, 3, 267, -1, 28, 14, 1030 }, // U+00AF
    { 12, 12, 228, 1, 25, 36, 1044 }, // U+00B0
    { 17, 20, 305, 1, 20, 85, 1080 }, // U+00B1
    { 11, 16, 187, 0, 29, 44, 1165 }, // U+00B2
    { 11, 16, 187, 0, 29, 44, 1209 }, // U+00B3
    { 8, 6, 150, 1, 26, 12, 1253 }, // U+00B4
    { 16, 26, 332, 2, 18, 104, 1265 }, // U+00B5
    { 18, 31, 349, 1, 26, 140, 1369 }, // U+00B6
    { 5, 6, 143, 2, 15, 8, 1509 }, // U+00B7
    { 8, 8, 120, 0, 0, 16, 1517 }, // U+00B8
    { 7, 16, 187, 1, 29, 28, 1533 }, // U+00B9
    { 11, 13, 201, 1, 25, 36, 1561 }, // U+00BA
    { 15, 15, 271, 1, 16, 57, 1597 }, // U+00BB
    { 24, 24, 397, 1, 24, 144, 1654 }, // U+00BC
    { 25, 24, 411, 0, 24, 150, 1798 }, // U+00BD
    { 26, 25, 416, 0, 25, 163, 1948 }, // U+00BE
    { 14, 26, 231, 0, 19, 91, 2111 }, // U+00BF
    { 22, 32, 341, 0, 32, 176, 2202 }, // U+00C0
    { 22, 32, 341, 0, 32, 176, 2378 }, // U+00C1
    { 22, 32, 341, 0, 32, 176, 2554 }, // U+00C2
    { 22, 31, 341, 0, 31, 171, 2730 }, // U+00C3
    { 22, 31, 341, 0, 31, 171, 2901 }, // U+00C4
    { 22, 30, 341, 0, 30, 165, 3072 }, // U+00C5
    { 29, 24, 470, -1, 24, 174, 3237 }, // U+00C6
    { 19, 33, 337, 2, 25, 157, 3411 }, // U+00C7
    { 14, 32, 296, 3, 32, 112, 3568 }, // U+00C8
    { 14, 32, 296, 3, 32, 112, 3680 }, // U+00C9
    { 14, 32, 296, 3, 32, 112, 3792 }, // U+00CA
    { 14, 31, 296, 3, 31, 109, 3904 }, // U+00CB
    { 9, 32, 181, 1, 32, 72, 4013 }, // U+00CC
    { 10, 32, 181, 1, 32, 80, 4085 }, // U+00CD
    { 12, 32, 181, 0, 32, 96, 4165 }, // U+00CE
    { 10, 31, 181, 1, 31, 78, 4261 }, // U+00CF
    { 22, 24, 389, 1, 24, 132, 4339 }, // U+00D0
    { 20, 31, 405, 3, 31, 155, 4471 }, // U+00D1
    { 22, 33, 416, 2, 32, 182, 4626 }, // U+00D2
    { 22, 33, 416, 2, 32, 182, 4808 }, // U+00D3
    { 22, 33, 416, 2, 32, 182, 4990 }, // U+00D4
    { 22, 32, 416, 2, 31, 176, 5172 }, // U+00D5
    { 22, 32, 416, 2, 31, 176, 5348 }, // U+00D6
    { 15, 16, 305, 2, 20, 60, 5524 }, // U+00D7
    { 22, 27, 416, 2, 25, 149, 5584 }, // U+00D8
    { 19, 33, 390, 3, 32, 157, 5733 }, // U+00D9
    { 19, 33, 390, 3, 32, 157, 5890 }, // U+00DA
    { 19, 33, 390, 3, 32, 157, 6047 }, // U+00DB
    { 19, 32, 390, 3, 31, 152, 6204 }, // U+00DC
    { 19, 32, 302, 0, 32, 152, 6356 }, // U+00DD
    { 16, 24, 323, 3, 24, 96, 6508 }, // U+00DE
    { 18, 27, 336, 2, 26, 122, 6604 }, // U+00DF
    { 15, 27, 299, 1, 26, 102, 6726 }, // U+00E0
    { 15, 27, 299, 1, 26, 102, 6828 }, // U+00E1
    { 15, 27, 299, 1, 26, 102, 6930 }, // U+00E2
    { 15, 26, 299, 1, 25, 98, 7032 }, // U+00E3
    { 15, 26, 299, 1, 25, 98, 7130 }, // U+00E4
    { 15, 29, 299, 1, 28, 109, 7228 }, // U+00E5
    { 27, 20, 461, 1, 19, 135, 7337 }, // U+00E6
    { 14, 27, 256, 1, 19, 95, 7472 }, // U+00E7
    { 17, 27, 301, 1, 26, 115, 7567 }, // U+00E8
    { 17, 27, 301, 1, 26, 115, 7682 }, // U+00E9
    { 17, 27, 301, 1, 26, 115, 7797 }, // U+00EA
    { 17, 26, 301, 1, 25, 111, 7912 }, // U+00EB
    { 8, 26, 138, -1, 26, 52, 8023 }, // U+00EC
    { 8, 26, 138, 2, 26, 52, 8075 }, // U+00ED
    { 12, 26, 138, -2, 26, 78, 8127 }, // U+00EE
    { 10, 25, 138, -1, 25, 63, 8205 }, // U+00EF
    { 18, 27, 323, 1, 26, 122, 8268 }, // U+00F0
    { 16, 25, 330, 2, 25, 100, 8390 }, // U+00F1
    { 18, 27, 323, 1, 26, 122, 8490 }, // U+00F2
    { 18, 27, 323, 1, 26, 122, 8612 }, // U+00F3
    { 18, 27, 323, 1, 26, 122, 8734 }, // U+00F4
    { 18, 26, 323, 1, 25, 117, 8856 }, // U+00F5
    { 18, 26, 323, 1, 25, 117, 8973 }, // U+00F6
    { 17, 16, 305, 1, 20, 68, 9090 }, // U+00F7
    { 18, 21, 323, 1, 19, 95, 9158 }, // U+00F8
    { 16, 27, 330, 2, 26, 108, 9253 }, // U+00F9
    { 16, 27, 330, 2, 26, 108, 9361 }, // U+00FA
    { 16, 27, 330, 2, 26, 108, 9469 }, // U+00FB
    { 16, 26, 330, 2, 25, 104, 9577 }, // U+00FC
    { 17, 34, 272, 0, 26, 145, 9681 }, // U+00FD
    { 17, 34, 328, 2, 26, 145, 9826 }, // U+00FE
    { 17, 33, 272, 0, 25, 141, 9971 }, // U+00FF
    { 22, 29, 341, 0, 29, 160, 0 }, // U+0100
    { 15, 24, 299, 1, 23, 90, 160 }, // U+0101
    { 22, 31, 341, 0, 31, 171, 250 }, // U+0102
    { 15, 26, 299, 1, 25, 98, 421 }, // U+0103
    { 22, 32, 341, 0, 24, 176, 519 }, // U+0104
    { 16, 27, 299, 1, 19, 108, 695 }, // U+0105
    { 19, 33, 337, 2, 32, 157, 803 }, // U+0106
    { 14, 27, 256, 1, 26, 95, 960 }, // U+0107
    { 19, 33, 337, 2, 32, 157, 1055 }, // U+0108
    { 15, 27, 256, 1, 26, 102, 1212 }, // U+0109
    { 19, 32, 337, 2, 31, 152, 1314 }, // U+010A
    { 14, 26, 256, 1, 25, 91, 1466 }, // U+010B
    { 19, 33, 337, 2, 32, 157, 1557 }, // U+010C
    { 15, 27, 256, 1, 26, 102, 1714 }, // U+010D
    { 20, 32, 389, 3, 32, 160, 1816 }, // U+010E
    { 22, 27, 328, 1, 26, 149, 1976 }, // U+010F
    { 22, 24, 389, 1, 24, 132, 2125 }, // U+0110
    { 20, 27, 329, 1, 26, 135, 2257 }, // U+0111
    { 14, 29, 296, 3, 29, 102, 2392 }, // U+0112
    { 17, 24, 301, 1, 23, 102, 2494 }, // U+0113
    { 14, 31, 296, 3, 31, 109, 2596 }, // U+0114
    { 17, 26, 301, 1, 25, 111, 2705 }, // U+0115
    { 14, 31, 296, 3, 31, 109, 2816 }, // U+0116
    { 17, 26, 301, 1, 25, 111, 2925 }, // U+0117
    { 14, 32, 296, 3, 24, 112, 3036 }, // U+0118
    { 17, 27, 301, 1, 19, 115, 3148 }, // U+0119
    { 14, 32, 296, 3, 32, 112, 3263 }, // U+011A
    { 17, 27, 301, 1, 26, 115, 3375 }, // U+011B
    { 20, 33, 388, 2, 32, 165, 3490 }, // U+011C
    { 17, 34, 328, 1, 26, 145, 3655 }, // U+011D
    { 20, 32, 388, 2, 31, 160, 3800 }, // U+011E
    { 17, 33, 328, 1, 25, 141, 3960 }, // U+011F
    { 20, 32, 388, 2, 31, 160, 4101 }, // U+0120
    { 17, 33, 328, 1, 25, 141, 4261 }, // U+0121
    { 20, 33, 388, 2, 25, 165, 4402 }, // U+0122
    { 17, 34, 328, 1, 26, 145, 4567 }, // U+0123
    { 19, 32, 395, 3, 32, 152, 4712 }, // U+0124
    { 20, 33, 330, -2, 33, 165, 4864 }, // U+0125
    { 25, 24, 395, 0, 24, 150, 5029 }, // U+0126
    { 18, 26, 330, 0, 26, 117, 5179 }, // U+0127
    { 13, 31, 181, -1, 31, 101, 5296 }, // U+0128
    { 13, 25, 138, -2, 25, 82, 5397 }, // U+0129
    { 11, 29, 181, 0, 29, 80, 5479 }, // U+012A
    { 11, 23, 138, -1, 23, 64, 5559 }, // U+012B
    { 11, 31, 181, 0, 31, 86, 5623 }, // U+012C
    { 11, 25, 138, -1, 25, 69, 5709 }, // U+012D
    { 9, 32, 181, 1, 24, 72, 5778 }, // U+012E
    { 7, 33, 138, 0, 25, 58, 5850 }, // U+012F
    { 9, 31, 181, 1, 31, 70, 5908 }, // U+0130
    { 4, 18, 138, 2, 18, 18, 5978 }, // U+0131
    { 17, 31, 326, 1, 24, 132, 5996 }, // U+0132
    { 13, 33, 275, 2, 25, 108, 6128 }, // U+0133
    { 14, 39, 146, -3, 32, 137, 6236 }, // U+0134
    { 12, 34, 138, -2, 26, 102, 6373 }, // U+0135
    { 18, 32, 330, 3, 24, 144, 6475 }, // U+0136
    { 16, 34, 285, 2, 26, 136, 6619 }, // U+0137
    { 16, 18, 285, 2, 18, 72, 6755 }, // U+0138
    { 15, 32, 279, 2, 32, 120, 6827 }, // U+0139
    { 8, 33, 138, 2, 33, 66, 6947 }, // U+013A
    { 14, 32, 279, 3, 24, 112, 7013 }, // U+013B
    { 5, 34, 138, 2, 26, 43, 7125 }, // U+013C
    { 14, 24, 279, 3, 24, 84, 7168 }, // U+013D
    { 10, 26, 138, 2, 26, 65, 7252 }, // U+013E
    { 14, 24, 279, 3, 24, 84, 7317 }, // U+013F
    { 9, 26, 143, 2, 26, 59, 7401 }, // U+0140
    { 17, 24, 279, 0, 24, 102, 7460 }, // U+0141
    { 10, 26, 138, -1, 26, 65, 7562 }, // U+0142
    { 20, 32, 405, 3, 32, 160, 7627 }, // U+0143
    { 16, 26, 330, 2, 26, 104, 7787 }, // U+0144
    { 20, 32, 405, 3, 24, 160, 7891 }, // U+0145
    { 16, 27, 330, 2, 19, 108, 8051 }, // U+0146
    { 20, 32, 405, 3, 32, 160, 8159 }, // U+0147
    { 16, 26, 330, 2, 26, 104, 8319 }, // U+0148
    { 21, 24, 367, 0, 24, 126, 8423 }, // U+0149
    { 20, 31, 405, 3, 24, 155, 8549 }, // U+014A
    { 16, 27, 330, 2, 19, 108, 8704 }, // U+014B
    { 22, 30, 416, 2, 29, 165, 8812 }, // U+014C
    { 18, 24, 323, 1, 23, 108, 8977 }, // U+014D
    { 22, 32, 416, 2, 31, 176, 9085 }, // U+014E
    { 18, 26, 323, 1, 25, 117, 9261 }, // U+014F
    { 22, 33, 416, 2, 32, 182, 9378 }, // U+0150
    { 18, 27, 323, 1, 26, 122, 9560 }, // U+0151
    { 27, 26, 495, 2, 25, 176, 9682 }, // U+0152
    { 29, 20, 504, 1, 19, 145, 9858 }, // U+0153
    { 18, 32, 332, 3, 32, 144, 10003 }, // U+0154
    { 12, 26, 220, 2, 26, 78, 10147 }, // U+0155
    { 18, 32, 332, 3, 24, 144, 10225 }, // U+0156
    { 12, 27, 220, 2, 19, 81, 10369 }, // U+0157
    { 18, 32, 332, 3, 32, 144, 10450 }, // U+0158
    { 12, 26, 220, 2, 26, 78, 10594 }, // U+0159
    { 16, 33, 293, 1, 32, 132, 10672 }, // U+015A
    { 14, 27, 255, 1, 26, 95, 10804 }, // U+015B
    { 16, 33, 293, 1, 32, 132, 10899 }, // U+015C
    { 14, 27, 255, 1, 26, 95, 11031 }, // U+015D
    { 16, 33, 293, 1, 25, 132, 11126 }, // U+015E
    { 14, 27, 255, 1, 19, 95, 11258 }, // U+015F
    { 16, 33, 293, 1, 32, 132, 11353 }, // U+0160
    { 14, 27, 255, 1, 26, 95, 11485 }, // U+0161
    { 19, 32, 296, 0, 24, 152, 11580 }, // U+0162
    { 12, 30, 193, 0, 22, 90, 11732 }, // U+0163
    { 19, 32, 296, 0, 32, 152, 11822 }, // U+0164
    { 16, 27, 193, 0, 26, 108, 11974 }, // U+0165
    { 19, 24, 296, 0, 24, 114, 12082 }, // U+0166
    { 12, 23, 193, 0, 22, 69, 12196 }, // U+0167
    { 19, 32, 390, 3, 31, 152, 12265 }, // U+0168
    { 16, 26, 330, 2, 25, 104, 12417 }, // U+0169
    { 19, 30, 390, 3, 29, 143, 12521 }, // U+016A
    { 16, 24, 330, 2, 23, 96, 12664 }, // U+016B
    { 19, 32, 390, 3, 31, 152, 12760 }, // U+016C
    { 16, 26, 330, 2, 25, 104, 12912 }, // U+016D
    { 19, 35, 390, 3, 34, 167, 13016 }, // U+016E
    { 16, 29, 330, 2, 28, 116, 13183 }, // U+016F
    { 19, 33, 390, 3, 32, 157, 13299 }, // U+0170
    { 16, 27, 330, 2, 26, 108, 13456 }, // U+0171
    { 19, 32, 390, 3, 24, 152, 13564 }, // U+0172
    { 17, 26, 330, 2, 18, 111, 13716 }, // U+0173
    { 31, 32, 496, 0, 32, 248, 13827 }, // U+0174
    { 26, 26, 419, 0, 26, 169, 14075 }, // U+0175
    { 19, 32, 302, 0, 32, 152, 14244 }, // U+0176
    { 17, 34, 272, 0, 26, 145, 14396 }, // U+0177
    { 19, 31, 302, 0, 31, 148, 14541 }, // U+0178
    { 17, 32, 305, 1, 32, 136, 14689 }, // U+0179
    { 14, 26, 251, 1, 26, 91, 14825 }, // U+017A
    { 17, 31, 305, 1, 31, 132, 14916 }, // U+017B
    { 14, 25, 251, 1, 25, 88, 15048 }, // U+017C
    { 17, 32, 305, 1, 32, 136, 15136 }, // U+017D
    { 14, 26, 251, 1, 26, 91, 15272 }, // U+017E
    { 11, 26, 174, 2, 26, 72, 15363 }, // U+017F
    { 25, 27, 418, 2, 26, 169, 0 }, // U+01A0
    { 21, 22, 328, 1, 21, 116, 169 }, // U+01A1
    { 25, 27, 416, 3, 26, 169, 285 }, // U+01AF
    { 22, 22, 359, 2, 21, 121, 454 }, // U+01B0
    { 39, 32, 689, 3, 32, 312, 575 }, // U+01C4
    { 36, 26, 640, 3, 26, 234, 887 }, // U+01C5
    { 34, 27, 579, 1, 26, 230, 1121 }, // U+01C6
    { 21, 31, 425, 3, 24, 163, 1351 }, // U+01C7
    { 21, 33, 417, 3, 25, 174, 1514 }, // U+01C8
    { 13, 34, 275, 2, 26, 111, 1688 }, // U+01C9
    { 29, 31, 551, 3, 24, 225, 1799 }, // U+01CA
    { 29, 33, 543, 3, 25, 240, 2024 }, // U+01CB
    { 25, 33, 467, 2, 25, 207, 2264 }, // U+01CC
    { 22, 32, 341, 0, 32, 176, 2471 }, // U+01CD
    { 15, 27, 299, 1, 26, 102, 2647 }, // U+01CE
    { 12, 32, 181, 0, 32, 96, 2749 }, // U+01CF
    { 12, 26, 138, -2, 26, 78, 2845 }, // U+01D0
    { 22, 33, 416, 2, 32, 182, 2923 }, // U+01D1
    { 18, 27, 323, 1, 26, 122, 3105 }, // U+01D2
    { 19, 33, 390, 3, 32, 157, 3227 }, // U+01D3
    { 16, 27, 330, 2, 26, 108, 3384 }, // U+01D4
    { 19, 35, 390, 3, 34, 167, 3492 }, // U+01D5
    { 16, 29, 330, 2, 28, 116, 3659 }, // U+01D6
    { 19, 36, 390, 3, 35, 171, 3775 }, // U+01D7
    { 16, 31, 330, 2, 30, 124, 3946 }, // U+01D8
    { 19, 37, 390, 3, 36, 176, 4070 }, // U+01D9
    { 16, 31, 330, 2, 30, 124, 4246 }, // U+01DA
    { 19, 36, 390, 3, 35, 171, 4370 }, // U+01DB
    { 16, 31, 330, 2, 30, 124, 4541 }, // U+01DC
    { 16, 20, 301, 1, 19, 80, 4665 }, // U+01DD
    { 22, 34, 341, 0, 34, 187, 4745 }, // U+01DE
    { 15, 29, 299, 1, 28, 109, 4932 }, // U+01DF
    { 22, 34, 341, 0, 34, 187, 5041 }, // U+01E0
    { 15, 29, 299, 1, 28, 109, 5228 }, // U+01E1
    { 29, 29, 470, -1, 29, 211, 5337 }, // U+01E2
    { 27, 24, 461, 1, 23, 162, 5548 }, // U+01E3
    { 22, 26, 388, 2, 25, 143, 5710 }, // U+01E4
    { 19, 27, 328, 1, 19, 129, 5853 }, // U+01E5
    { 20, 33, 388, 2, 32, 165, 5982 }, // U+01E6
    { 17, 34, 328, 1, 26, 145, 6147 }, // U+01E7
    { 18, 32, 330, 3, 32, 144, 6292 }, // U+01E8
    { 20, 33, 285, -2, 33, 165, 6436 }, // U+01E9
    { 22, 33, 416, 2, 25, 182, 6601 }, // U+01EA
    { 18, 27, 323, 1, 19, 122, 6783 }, // U+01EB
    { 22, 37, 416, 2, 29, 204, 6905 }, // U+01EC
    { 18, 31, 323, 1, 23, 140, 7109 }, // U+01ED
    { 17, 33, 311, 1, 32, 141, 7249 }, // U+01EE
    { 16, 34, 266, 0, 26, 136, 7390 }, // U+01EF
    { 12, 34, 138, -2, 26, 102, 7526 }, // U+01F0
    { 39, 24, 689, 3, 24, 234, 7628 }, // U+01F1
    { 36, 24, 640, 3, 24, 216, 7862 }, // U+01F2
    { 34, 27, 579, 1, 26, 230, 8078 }, // U+01F3
    { 20, 33, 388, 2, 32, 165, 8308 }, // U+01F4
    { 17, 34, 328, 1, 26, 145, 8473 }, // U+01F5
    { 26, 25, 500, 3, 24, 163, 8618 }, // U+01F6
    { 18, 33, 352, 3, 25, 149, 8781 }, // U+01F7
    { 20, 32, 405, 3, 32, 160, 8930 }, // U+01F8
    { 16, 26, 330, 2, 26, 104, 9090 }, // U+01F9
    { 22, 32, 341, 0, 32, 176, 9194 }, // U+01FA
    { 15, 33, 299, 1, 32, 124, 9370 }, // U+01FB
    { 29, 32, 470, -1, 32, 232, 9494 }, // U+01FC
    { 27, 27, 461, 1, 26, 183, 9726 }, // U+01FD
    { 22, 34, 416, 2, 32, 187, 9909 }, // U+01FE
    { 18, 28, 323, 1, 26, 126, 10096 }, // U+01FF
    { 22, 32, 341, 0, 32, 176, 10222 }, // U+0200
    { 15, 27, 299, 1, 26, 102, 10398 }, // U+0201
    { 22, 31, 341, 0, 31, 171, 10500 }, // U+0202
    { 15, 26, 299, 1, 25, 98, 10671 }, // U+0203
    { 15, 32, 296, 2, 32, 120, 10769 }, // U+0204
    { 17, 27, 301, 1, 26, 115, 10889 }, // U+0205
    { 14, 31, 296, 3, 31, 109, 11004 }, // U+0206
    { 17, 26, 301, 1, 25, 111, 11113 }, // U+0207
    { 13, 32, 181, -2, 32, 104, 11224 }, // U+0208
    { 13, 26, 138, -4, 26, 85, 11328 }, // U+0209
    { 11, 31, 181, 0, 31, 86, 11413 }, // U+020A
    { 11, 25, 138, -1, 25, 69, 11499 }, // U+020B
    { 22, 33, 416, 2, 32, 182, 11568 }, // U+020C
    { 18, 27, 323, 1, 26, 122, 11750 }, // U+020D
    { 22, 32, 416, 2, 31, 176, 11872 }, // U+020E
    { 18, 26, 323, 1, 25, 117, 12048 }, // U+020F
    { 19, 32, 332, 2, 32, 152, 12165 }, // U+0210
    { 14, 26, 220, 0, 26, 91, 12317 }, // U+0211
    { 18, 31, 332, 3, 31, 140, 12408 }, // U+0212
    { 12, 25, 220, 2, 25, 75, 12548 }, // U+0213
    { 19, 33, 390, 3, 32, 157, 12623 }, // U+0214
    { 16, 27, 330, 2, 26, 108, 12780 }, // U+0215
    { 19, 32, 390, 3, 31, 152, 12888 }, // U+0216
    { 16, 26, 330, 2, 25, 104, 13040 }, // U+0217
    { 16, 33, 293, 1, 25, 132, 13144 }, // U+0218
    { 14, 27, 255, 1, 19, 95, 13276 }, // U+0219
    { 19, 32, 296, 0, 24, 152, 13371 }, // U+021A
    { 12, 30, 193, 0, 22, 90, 13523 }, // U+021B
    { 17, 31, 307, 1, 25, 132, 13613 }, // U+021C
    { 14, 27, 264, 1, 19, 95, 13745 }, // U+021D
    { 19, 32, 395, 3, 32, 152, 13840 }, // U+021E
    { 20, 33, 330, -2, 33, 165, 13992 }, // U+021F
    { 8, 6, 0, -17, 26, 12, 0 }, // U+0300
    { 7, 6, 0, -11, 26, 11, 12 }, // U+0301
    { 12, 6, 0, -6, 26, 18, 23 }, // U+0302
    { 13, 5, 0, -17, 25, 17, 41 }, // U+0303
    { 10, 3, 0, -5, 23, 8, 58 }, // U+0304
    { 14, 4, 0, -7, 29, 14, 66 }, // U+0305
    { 12, 5, 0, -6, 25, 15, 80 }, // U+0306
    { 4, 5, 0, -2, 25, 5, 95 }, // U+0307
    { 10, 4, 0, -5, 25, 10, 100 }, // U+0308
    { 7, 9, 0, -13, 28, 16, 110 }, // U+0309
    { 8, 8, 0, -4, 28, 16, 126 }, // U+030A
    { 13, 6, 0, -5, 26, 20, 142 }, // U+030B
    { 12, 6, 0, -6, 26, 18, 162 }, // U+030C
    { 4, 7, 0, -2, 26, 7, 180 }, // U+030D
    { 8, 7, 0, -4, 26, 14, 187 }, // U+030E
    { 13, 6, 0, -18, 26, 20, 201 }, // U+030F
    { 12, 9, 0, -6, 29, 27, 221 }, // U+0310
    { 12, 5, 0, -6, 25, 15, 248 }, // U+0311
    { 6, 9, 0, -3, 24, 14, 263 }, // U+0312
    { 6, 9, 0, -3, 24, 14, 277 }, // U+0313
    { 6, 9, 0, -3, 24, 14, 291 }, // U+0314
    { 6, 9, 0, -3, 24, 14, 305 }, // U+0315
    { 8, 6, 0, -4, -1, 12, 319 }, // U+0316
    { 8, 6, 0, -4, -1, 12, 331 }, // U+0317
    { 6, 8, 0, -3, 0, 12, 343 }, // U+0318
    { 6, 8, 0, -3, 0, 12, 355 }, // U+0319
    { 10, 9, 167, 0, 26, 23, 367 }, // U+031A
    { 8, 8, 0, -4, 26, 16, 390 }, // U+031B
    { 4, 8, 0, -2, 0, 8, 406 }, // U+031C
    { 8, 6, 0, -4, -1, 12, 414 }, // U+031D
    { 8, 6, 0, -4, -1, 12, 426 }, // U+031E
    { 8, 8, 0, -4, 0, 16, 438 }, // U+031F
    { 8, 3, 0, -4, -2, 6, 454 }, // U+0320
    { 6, 10, 0, -6, 2, 15, 460 }, // U+0321
    { 6, 10, 0, 0, 2, 15, 475 }, // U+0322
    { 4, 4, 0, -12, -2, 4, 490 }, // U+0323
    { 10, 4, 0, -5, -2, 10, 494 }, // U+0324
    { 8, 8, 0, -4, 0, 16, 504 }, // U+0325
    { 6, 6, 0, -3, -2, 9, 520 }, // U+0326
    { 8, 8, 0, -4, 0, 16, 529 }, // U+0327
    { 6, 9, 0, -3, 1, 14, 545 }, // U+0328
    { 4, 7, 0, -2, -1, 7, 559 }, // U+0329
    { 12, 7, 0, -6, -1, 21, 566 }, // U+032A
    { 14, 4, 0, -7, -2, 14, 587 }, // U+032B
    { 12, 6, 0, -6, -1, 18, 601 }, // U+032C
    { 12, 6, 0, -6, -1, 18, 619 }, // U+032D
    { 12, 5, 0, -6, -1, 15, 637 }, // U+032E
    { 12, 5, 0, -6, -1, 15, 652 }, // U+032F
    { 14, 5, 0, -7, -1, 18, 667 }, // U+0330
    { 10, 3, 0, -5, -2, 8, 685 }, // U+0331
    { 16, 3, 0, -8, -3, 12, 693 }, // U+0332
    { 14, 8, 0, -7, 0, 28, 705 }, // U+0333
    { 13, 5, 0, -6, 12, 17, 733 }, // U+0334
    { 14, 4, 0, -7, 12, 14, 750 }, // U+0335
    { 24, 3, 0, -12, 11, 18, 764 }, // U+0336
    { 10, 8, 0, -5, 14, 20, 782 }, // U+0337
    { 14, 28, 0, -7, 26, 98, 802 }, // U+0338
    { 4, 8, 0, -2, 0, 8, 900 }, // U+0339
    { 12, 7, 0, -6, -1, 21, 908 }, // U+033A
    { 14, 8, 0, -7, 0, 28, 929 }, // U+033B
    { 14, 4, 0, -7, -2, 14, 957 }, // U+033C
    { 8, 7, 0, -4, 26, 14, 971 }, // U+033D
    { 6, 10, 0, -3, 29, 15, 985 }, // U+033E
    { 14, 8, 0, -7, 33, 28, 1000 }, // U+033F
    { 8, 6, 0, -6, 26, 12, 1028 }, // U+0340
    { 8, 6, 0, -2, 26, 12, 1040 }, // U+0341
    { 14, 5, 0, -7, 25, 18, 1052 }, // U+0342
    { 6, 6, 0, -3, 26, 9, 1070 }, // U+0343
    { 13, 6, 0, -6, 26, 20, 1079 }, // U+0344
    { 6, 6, 0, -2, -2, 9, 1099 }, // U+0345
    { 16, 7, 0, -8, 26, 28, 1108 }, // U+0346
    { 14, 8, 0, -7, 0, 28, 1136 }, // U+0347
    { 8, 7, 0, -4, -1, 14, 1164 }, // U+0348
    { 8, 6, 0, -4, -2, 12, 1178 }, // U+0349
    { 14, 8, 0, -7, 26, 28, 1190 }, // U+034A
    { 14, 12, 0, -7, 31, 42, 1218 }, // U+034B
    { 12, 9, 0, -6, 29, 27, 1260 }, // U+034C
    { 12, 7, 0, -6, -1, 21, 1287 }, // U+034D
    { 8, 8, 0, -4, 0, 16, 1308 }, // U+034E
    { 24, 24, 0, -12, 24, 144, 1324 }, // U+034F
    { 6, 8, 0, -3, 27, 12, 1468 }, // U+0350
    { 5, 8, 0, -2, 28, 10, 1480 }, // U+0351
    { 12, 8, 0, -6, 28, 24, 1490 }, // U+0352
    { 8, 7, 0, -4, -1, 14, 1514 }, // U+0353
    { 6, 7, 0, -3, -1, 11, 1528 }, // U+0354
    { 6, 7, 0, -3, -1, 11, 1539 }, // U+0355
    { 14, 7, 0, -7, -1, 25, 1550 }, // U+0356
    { 5, 8, 0, -2, 28, 10, 1575 }, // U+0357
    { 4, 5, 0, 4, 25, 5, 1585 }, // U+0358
    { 8, 7, 0, -4, -1, 14, 1590 }, // U+0359
    { 14, 8, 0, -7, 0, 28, 1604 }, // U+035A
    { 8, 8, 0, -4, 27, 16, 1632 }, // U+035B
    { 26, 7, 0, -13, -1, 46, 1648 }, // U+035C
    { 26, 7, 0, -13, 26, 46, 1694 }, // U+035D
    { 20, 3, 0, -10, 23, 15, 1740 }, // U+035E
    { 20, 3, 0, -10, -2, 15, 1755 }, // U+035F
    { 26, 5, 0, -13, 25, 33, 1770 }, // U+0360
    { 26, 8, 0, -13, 29, 52, 1803 }, // U+0361
    { 27, 7, 0, -13, -1, 48, 1855 }, // U+0362
    { 8, 8, 0, -4, 28, 16, 1903 }, // U+0363
    { 8, 8, 0, -4, 28, 16, 1919 }, // U+0364
    { 3, 11, 0, -1, 31, 9, 1935 }, // U+0365
    { 9, 8, 0, -4, 28, 18, 1944 }, // U+0366
    { 8, 8, 0, -4, 28, 16, 1962 }, // U+0367
    { 7, 8, 0, -3, 28, 14, 1978 }, // U+0368
    { 8, 11, 0, -4, 31, 22, 1992 }, // U+0369
    { 8, 11, 0, -4, 31, 22, 2014 }, // U+036A
    { 13, 8, 0, -6, 28, 26, 2036 }, // U+036B
    { 6, 8, 0, -2, 28, 12, 2062 }, // U+036C
    { 6, 10, 0, -3, 30, 15, 2074 }, // U+036D
    { 9, 8, 0, -4, 28, 18, 2089 }, // U+036E
    { 9, 8, 0, -4, 28, 18, 2107 }, // U+036F
    { 0, 0, 267, 0, 0, 0, 0 }, // U+2000
    { 0, 0, 533, 0, 0, 0, 0 }, // U+2001
    { 0, 0, 267, 0, 0, 0, 0 }, // U+2002
    { 0, 0, 533, 0, 0, 0, 0 }, // U+2003
    { 0, 0, 178, 0, 0, 0, 0 }, // U+2004
    { 0, 0, 133, 0, 0, 0, 0 }, // U+2005
    { 0, 0, 89, 0, 0, 0, 0 }, // U+2006
    { 0, 0, 305, 0, 0, 0, 0 }, // U+2007
    { 0, 0, 143, 0, 0, 0, 0 }, // U+2008
    { 0, 0, 89, 0, 0, 0, 0 }, // U+2009
    { 0, 0, 53, 0, 0, 0, 0 }, // U+200A
    { 0, 0, 0, 0, 0, 0, 0 }, // U+200B
    { 0, 0, 0, 0, 0, 0, 0 }, // U+200C
    { 0, 0, 0, 0, 0, 0, 0 }, // U+200D
    { 9, 28, 0, -1, 23, 63, 0 }, // U+200E
    { 9, 28, 0, -8, 23, 63, 63 }, // U+200F
    { 9, 4, 172, 1, 11, 9, 126 }, // U+2010
    { 9, 4, 172, 1, 11, 9, 135 }, // U+2011
    { 17, 4, 305, 1, 14, 17, 144 }, // U+2012
    { 15, 4, 267, 1, 11, 15, 161 }, // U+2013
    { 31, 4, 533, 1, 11, 31, 176 }, // U+2014
    { 31, 4, 533, 1, 11, 31, 207 }, // U+2015
    { 11, 35, 294, 4, 26, 97, 238 }, // U+2016
    { 15, 8, 219, -1, 0, 30, 335 }, // U+2017
    { 6, 9, 93, 0, 24, 14, 365 }, // U+2018
    { 6, 9, 93, 0, 24, 14, 379 }, // U+2019
    { 6, 9, 133, 1, 4, 14, 393 }, // U+201A
    { 6, 9, 93, 0, 24, 14, 407 }, // U+201B
    { 12, 9, 191, 0, 24, 27, 421 }, // U+201C
    { 12, 9, 191, 0, 24, 27, 448 }, // U+201D
    { 12, 9, 222, 1, 4, 27, 475 }, // U+201E
    { 12, 9, 191, 0, 24, 27, 502 }, // U+201F
    { 13, 26, 273, 2, 26, 85, 529 }, // U+2020
    { 14, 26, 273, 2, 26, 91, 614 }, // U+2021
    { 8, 9, 201, 2, 17, 18, 705 }, // U+2022
    { 9, 11, 196, 2, 18, 25, 723 }, // U+2023
    { 5, 6, 267, 6, 5, 8, 748 }, // U+2024
    { 14, 6, 286, 2, 5, 21, 756 }, // U+2025
    { 22, 6, 422, 2, 5, 33, 777 }, // U+2026
    { 5, 6, 143, 2, 11, 8, 810 }, // U+2027
    { 0, 0, 320, 0, 0, 0, 818 }, // U+2028
    { 0, 0, 320, 0, 0, 0, 818 }, // U+2029
    { 9, 26, 0, -1, 21, 59, 818 }, // U+202A
    { 9, 26, 0, -8, 21, 59, 877 }, // U+202B
    { 8, 28, 0, -4, 23, 56, 936 }, // U+202C
    { 8, 28, 0, -4, 23, 56, 992 }, // U+202D
    { 8, 28, 0, -4, 23, 56, 1048 }, // U+202E
    { 0, 0, 89, 0, 0, 0, 1104 }, // U+202F
    { 37, 26, 628, 1, 25, 241, 1104 }, // U+2030
    { 49, 26, 823, 1, 25, 319, 1345 }, // U+2031
    { 8, 9, 124, 1, 24, 18, 1664 }, // U+2032
    { 14, 9, 218, 1, 24, 32, 1682 }, // U+2033
    { 20, 9, 311, 1, 24, 45, 1714 }, // U+2034
    { 8, 9, 124, -1, 24, 18, 1759 }, // U+2035
    { 13, 9, 235, -1, 24, 30, 1777 }, // U+2036
    { 19, 9, 321, -1, 24, 43, 1807 }, // U+2037
    { 13, 11, 213, 0, 3, 36, 1850 }, // U+2038
    { 9, 15, 165, 1, 16, 34, 1886 }, // U+2039
    { 8, 15, 165, 1, 16, 30, 1920 }, // U+203A
    { 26, 26, 446, 1, 25, 169, 1950 }, // U+203B
    { 13, 25, 266, 2, 24, 82, 2119 }, // U+203C
    { 14, 26, 237, 0, 25, 91, 2201 }, // U+203D
    { 18, 3, 267, -1, 28, 14, 2292 }, // U+203E
    { 20, 7, 325, 0, -1, 35, 2306 }, // U+203F
    { 20, 8, 325, 0, 27, 40, 2341 }, // U+2040
    { 12, 22, 199, 0, 14, 66, 2381 }, // U+2041
    { 37, 31, 596, 0, 26, 287, 2447 }, // U+2042
    { 9, 4, 172, 1, 11, 9, 2734 }, // U+2043
    { 18, 24, 69, -7, 24, 108, 2743 }, // U+2044
    { 8, 30, 173, 2, 24, 60, 2851 }, // U+2045
    { 9, 30, 173, 0, 24, 68, 2911 }, // U+2046
    { 28, 26, 456, 0, 25, 182, 2979 }, // U+2047
    { 21, 26, 362, 0, 25, 137, 3161 }, // U+2048
    { 20, 26, 364, 2, 25, 130, 3298 }, // U+2049
    { 17, 18, 305, 1, 18, 77, 3428 }, // U+204A
    { 17, 31, 349, 3, 26, 132, 3505 }, // U+204B
    { 18, 17, 341, 1, 18, 77, 3637 }, // U+204C
    { 18, 17, 341, 2, 18, 77, 3714 }, // U+204D
    { 16, 16, 294, 1, 9, 64, 3791 }, // U+204E
    { 6, 24, 126, 1, 19, 36, 3855 }, // U+204F
    { 20, 35, 323, 0, 27, 175, 3891 }, // U+2050
    { 16, 33, 294, 1, 26, 132, 4066 }, // U+2051
    { 13, 26, 198, 0, 25, 85, 4198 }, // U+2052
    { 29, 6, 533, 2, 13, 44, 4283 }, // U+2053
    { 20, 8, 323, 0, 0, 40, 4327 }, // U+2054
    { 18, 18, 305, 0, 17, 81, 4367 }, // U+2055
    { 15, 26, 276, 1, 25, 98, 4448 }, // U+2056
    { 25, 9, 396, 1, 24, 57, 4546 }, // U+2057
    { 25, 26, 438, 1, 25, 163, 4603 }, // U+2058
    { 25, 26, 442, 1, 25, 163, 4766 }, // U+2059
    { 5, 26, 118, 1, 25, 33, 4929 }, // U+205A
    { 20, 26, 349, 1, 25, 130, 4962 }, // U+205B
    { 25, 26, 424, 1, 25, 163, 5092 }, // U+205C
    { 5, 25, 143, 2, 24, 32, 5255 }, // U+205D
    { 5, 26, 143, 2, 25, 33, 5287 }, // U+205E
    { 0, 0, 118, 0, 0, 0, 5320 }, // U+205F
    { 0, 0, 320, 0, 0, 0, 5320 }, // U+2060
    { 0, 0, 320, 0, 0, 0, 5320 }, // U+2061
    { 0, 0, 320, 0, 0, 0, 5320 }, // U+2062
    { 0, 0, 320, 0, 0, 0, 5320 }, // U+2063
    { 0, 0, 320, 0, 0, 0, 5320 }, // U+2064
    { 0, 0, 0, 0, 0, 0, 5320 }, // U+2066
    { 0, 0, 0, 0, 0, 0, 5320 }, // U+2067
    { 0, 0, 0, 0, 0, 0, 5320 }, // U+2068
    { 0, 0, 0, 0, 0, 0, 5320 }, // U+2069
    { 8, 28, 0, -4, 23, 56, 5320 }, // U+206A
    { 8, 28, 0, -4, 23, 56, 5376 }, // U+206B
    { 8, 28, 0, -4, 23, 56, 5432 }, // U+206C
    { 8, 29, 0, -4, 24, 58, 5488 }, // U+206D
    { 8, 28, 0, -4, 23, 56, 5546 }, // U+206E
    { 8, 28, 0, -4, 23, 56, 5602 }, // U+206F
    { 11, 16, 187, 0, 29, 44, 0 }, // U+2070
    { 3, 16, 90, 1, 25, 12, 44 }, // U+2071
    { 12, 16, 187, 0, 29, 48, 56 }, // U+2074
    { 10, 16, 187, 1, 29, 40, 104 }, // U+2075
    { 12, 16, 187, 0, 29, 48, 144 }, // U+2076
    { 11, 16, 187, 0, 29, 44, 192 }, // U+2077
    { 11, 16, 187, 0, 29, 44, 236 }, // U+2078
    { 11, 16, 187, 0, 29, 44, 280 }, // U+2079
    { 10, 10, 180, 1, 25, 25, 324 }, // U+207A
    { 10, 3, 180, 1, 21, 8, 349 }, // U+207B
    { 10, 6, 180, 1, 23, 15, 357 }, // U+207C
    { 6, 19, 121, 2, 31, 29, 372 }, // U+207D
    { 6, 19, 121, 0, 31, 29, 401 }, // U+207E
    { 11, 12, 214, 1, 21, 33, 430 }, // U+207F
    { 11, 16, 187, 0, 11, 44, 463 }, // U+2080
    { 7, 16, 187, 1, 11, 28, 507 }, // U+2081
    { 11, 16, 187, 0, 11, 44, 535 }, // U+2082
    { 11, 16, 187, 0, 11, 44, 579 }, // U+2083
    { 12, 16, 187, 0, 11, 48, 623 }, // U+2084
    { 10, 16, 187, 1, 11, 40, 671 }, // U+2085
    { 12, 16, 187, 0, 11, 48, 711 }, // U+2086
    { 11, 16, 187, 0, 11, 44, 759 }, // U+2087
    { 11, 16, 187, 0, 11, 44, 803 }, // U+2088
    { 11, 16, 187, 0, 11, 44, 847 }, // U+2089
    { 10, 10, 180, 1, 7, 25, 891 }, // U+208A
    { 10, 3, 180, 1, 3, 8, 916 }, // U+208B
    { 10, 6, 180, 1, 5, 15, 924 }, // U+208C
    { 6, 19, 121, 2, 13, 29, 939 }, // U+208D
    { 6, 19, 121, 0, 13, 29, 968 }, // U+208E
    { 10, 12, 195, 1, 8, 30, 997 }, // U+2090
    { 11, 12, 196, 1, 8, 33, 1027 }, // U+2091
    { 11, 12, 210, 1, 8, 33, 1060 }, // U+2092
    { 12, 12, 183, 0, 8, 36, 1093 }, // U+2093
    { 11, 12, 196, 1, 8, 33, 1129 }, // U+2094
    { 11, 16, 214, 1, 12, 44, 1162 }, // U+2095
    { 11, 16, 185, 1, 12, 44, 1206 }, // U+2096
    { 3, 16, 90, 1, 12, 12, 1250 }, // U+2097
    { 18, 12, 324, 1, 8, 54, 1262 }, // U+2098
    { 11, 12, 214, 1, 8, 33, 1316 }, // U+2099
    { 12, 16, 213, 1, 8, 48, 1349 }, // U+209A
    { 9, 12, 166, 1, 8, 27, 1397 }, // U+209B
    { 8, 14, 125, 0, 10, 28, 1424 }, // U+209C
    { 17, 25, 305, 1, 25, 107, 0 }, // U+20A0
    { 18, 28, 305, 1, 26, 126, 107 }, // U+20A1
    { 17, 26, 305, 1, 25, 111, 233 }, // U+20A2
    { 17, 24, 305, 1, 24, 102, 344 }, // U+20A3
    { 17, 25, 305, 1, 25, 107, 446 }, // U+20A4
    { 27, 27, 499, 2, 23, 183, 553 }, // U+20A5
    { 19, 24, 305, 0, 24, 114, 736 }, // U+20A6
    { 23, 25, 414, 2, 24, 144, 850 }, // U+20A7
    { 25, 25, 444, 2, 24, 157, 994 }, // U+20A8
    { 22, 24, 357, 0, 24, 132, 1151 }, // U+20A9
    { 22, 24, 426, 2, 24, 132, 1283 }, // U+20AA
    { 20, 32, 329, 1, 26, 160, 1415 }, // U+20AB
    { 19, 26, 305, 0, 25, 124, 1575 }, // U+20AC
    { 20, 24, 305, 0, 24, 120, 1699 }, // U+20AD
    { 19, 24, 305, 0, 24, 114, 1819 }, // U+20AE
    { 32, 33, 517, 0, 25, 264, 1933 }, // U+20AF
    { 18, 33, 305, 0, 25, 149, 2197 }, // U+20B0
    { 19, 24, 305, 0, 24, 114, 2346 }, // U+20B1
    { 20, 29, 388, 2, 26, 145, 2460 }, // U+20B2
    { 21, 24, 324, 0, 24, 126, 2605 }, // U+20B3
    { 18, 26, 293, 0, 25, 117, 2731 }, // U+20B4
    { 19, 29, 337, 2, 26, 138, 2848 }, // U+20B5
    { 20, 23, 331, 0, 22, 115, 2986 }, // U+20B6
    { 23, 28, 387, 0, 25, 161, 3101 }, // U+20B7
    { 18, 24, 291, 0, 24, 108, 3262 }, // U+20B8
    { 15, 24, 305, 2, 24, 90, 3370 }, // U+20B9
    { 19, 25, 305, 0, 24, 119, 3460 }, // U+20BA
    { 26, 26, 416, 0, 25, 169, 3579 }, // U+20BB
    { 24, 24, 432, 1, 24, 144, 3748 }, // U+20BC
    { 19, 24, 310, 0, 24, 114, 3892 }, // U+20BD
    { 22, 26, 411, 2, 26, 143, 4006 }, // U+20BE
    { 15, 32, 305, 3, 28, 120, 4149 }, // U+20BF
    { 14, 24, 263, 1, 19, 84, 4269 }, // U+20C0
    { 17, 3, 305, 1, 13, 13, 0 }, // U+2212
    { 25, 26, 367, 0, 26, 163, 0 }, // U+FB00
    { 18, 26, 321, 0, 26, 117, 163 }, // U+FB01
    { 18, 26, 321, 0, 26, 117, 280 }, // U+FB02
    { 29, 26, 504, 0, 26, 189, 397 }, // U+FB03
    { 29, 26, 504, 0, 26, 189, 586 }, // U+FB04
    { 20, 27, 359, 2, 26, 135, 775 }, // U+FB05
    { 27, 27, 448, 1, 26, 183, 910 }, // U+FB06
    { 31, 32, 533, 1, 26, 248, 0 }, // U+FFFD
};

static const EpdUnicodeInterval notosans_16_regularIntervals[] = {
    { 0x0, 0x0, 0x0 },
    { 0xD, 0xD, 0x1 },
    { 0x20, 0x7E, 0x2 },
    { 0xA0, 0x17F, 0x61 },
    { 0x1A0, 0x1A1, 0x141 },
    { 0x1AF, 0x1B0, 0x143 },
    { 0x1C4, 0x21F, 0x145 },
    { 0x300, 0x36F, 0x1A1 },
    { 0x2000, 0x2064, 0x211 },
    { 0x2066, 0x2071, 0x276 },
    { 0x2074, 0x208E, 0x282 },
    { 0x2090, 0x209C, 0x29D },
    { 0x20A0, 0x20C0, 0x2AA },
    { 0x2212, 0x2212, 0x2CB },
    { 0xFB00, 0xFB06, 0x2CC },
    { 0xFFFD, 0xFFFD, 0x2D3 },
};

static const EpdFontGroup notosans_16_regularGroups[] = {
    { 0, 3626, 9181, 97, 0 },
    { 3626, 3331, 11053, 96, 97 },
    { 6957, 4095, 16723, 128, 193 },
    { 11052, 4104, 15196, 96, 321 },
    { 15156, 1337, 2343, 112, 417 },
    { 16493, 2424, 6244, 111, 529 },
    { 18917, 668, 1618, 42, 640 },
    { 19585, 2218, 4655, 33, 682 },
    { 21803, 15, 15, 1, 715 },
    { 21818, 327, 1182, 7, 716 },
    { 22145, 139, 256, 1, 723 },
};

static const EpdKernClassEntry notosans_16_regularKernLeftClasses[] = {
    { 0x0022, 1 }, // "
    { 0x0026, 2 }, // &
    { 0x0027, 1 }, // '
    { 0x0028, 3 }, // (
    { 0x002C, 4 }, // ,
    { 0x002D, 5 }, // -
    { 0x002E, 4 }, // .
    { 0x0041, 6 }, // A
    { 0x0042, 7 }, // B
    { 0x0043, 8 }, // C
    { 0x0044, 9 }, // D
    { 0x0045, 10 }, // E
    { 0x0046, 11 }, // F
    { 0x004B, 8 }, // K
    { 0x004C, 12 }, // L
    { 0x004F, 9 }, // O
    { 0x0050, 13 }, // P
    { 0x0051, 9 }, // Q
    { 0x0052, 14 }, // R
    { 0x0054, 15 }, // T
    { 0x0055, 16 }, // U
    { 0x0056, 17 }, // V
    { 0x0057, 17 }, // W
    { 0x0058, 8 }, // X
    { 0x0059, 18 }, // Y
    { 0x005A, 19 }, // Z
    { 0x005B, 3 }, // [
    { 0x005F, 20 }, // _
    { 0x0061, 21 }, // a
    { 0x0062, 22 }, // b
    { 0x0063, 23 }, // c
    { 0x0065, 22 }, // e
    { 0x0066, 24 }, // f
    { 0x0068, 21 }, // h
    { 0x006D, 21 }, // m
    { 0x006E, 21 }, // n
    { 0x006F, 22 }, // o
    { 0x0070, 22 }, // p
    { 0x0072, 25 }, // r
    { 0x0074, 23 }, // t
    { 0x0076, 26 }, // v
    { 0x0077, 26 }, // w
    { 0x0078, 27 }, // x
    { 0x0079, 26 }, // y
    { 0x007B, 3 }, // {
    { 0x00A1, 28 }, // U+00A1
    { 0x00AB, 29 }, // U+00AB
    { 0x00BB, 30 }, // U+00BB
    { 0x00BF, 31 }, // U+00BF
    { 0x00C0, 6 }, // U+00C0
    { 0x00C1, 6 }, // U+00C1
    { 0x00C2, 6 }, // U+00C2
    { 0x00C3, 6 }, // U+00C3
    { 0x00C4, 6 }, // U+00C4
    { 0x00C5, 6 }, // U+00C5
    { 0x00C6, 10 }, // U+00C6
    { 0x00C7, 8 }, // U+00C7
    { 0x00C8, 10 }, // U+00C8
    { 0x00C9, 10 }, // U+00C9
    { 0x00CA, 10 }, // U+00CA
    { 0x00CB, 10 }, // U+00CB
    { 0x00D0, 9 }, // U+00D0
    { 0x00D2, 9 }, // U+00D2
    { 0x00D3, 9 }, // U+00D3
    { 0x00D4, 9 }, // U+00D4
    { 0x00D5, 9 }, // U+00D5
    { 0x00D6, 9 }, // U+00D6
    { 0x00D8, 9 }, // U+00D8
    { 0x00D9, 16 }, // U+00D9
    { 0x00DA, 16 }, // U+00DA
    { 0x00DB, 16 }, // U+00DB
    { 0x00DC, 16 }, // U+00DC
    { 0x00DD, 18 }, // U+00DD
    { 0x00DE, 13 }, // U+00DE
    { 0x00E0, 21 }, // U+00E0
    { 0x00E1, 21 }, // U+00E1
    { 0x00E2, 21 }, // U+00E2
    { 0x00E3, 21 }, // U+00E3
    { 0x00E4, 21 }, // U+00E4
    { 0x00E5, 21 }, // U+00E5
    { 0x00E6, 22 }, // U+00E6
    { 0x00E8, 22 }, // U+00E8
    { 0x00E9, 22 }, // U+00E9
    { 0x00EA, 22 }, // U+00EA
    { 0x00EB, 22 }, // U+00EB
    { 0x00EE, 32 }, // U+00EE
    { 0x00EF, 32 }, // U+00EF
    { 0x00F0, 22 }, // U+00F0
    { 0x00F2, 22 }, // U+00F2
    { 0x00F3, 22 }, // U+00F3
    { 0x00F4, 22 }, // U+00F4
    { 0x00F5, 22 }, // U+00F5
    { 0x00F6, 22 }, // U+00F6
    { 0x00F8, 22 }, // U+00F8
    { 0x00FD, 26 }, // U+00FD
    { 0x00FE, 22 }, // U+00FE
    { 0x00FF, 26 }, // U+00FF
    { 0x0100, 6 }, // U+0100
    { 0x0101, 21 }, // U+0101
    { 0x0102, 6 }, // U+0102
    { 0x0103, 21 }, // U+0103
    { 0x0104, 33 }, // U+0104
    { 0x0105, 21 }, // U+0105
    { 0x0106, 8 }, // U+0106
    { 0x0108, 8 }, // U+0108
    { 0x010A, 8 }, // U+010A
    { 0x010C, 8 }, // U+010C
    { 0x010E, 9 }, // U+010E
    { 0x010F, 34 }, // U+010F
    { 0x0110, 9 }, // U+0110
    { 0x0112, 10 }, // U+0112
    { 0x0113, 22 }, // U+0113
    { 0x0114, 10 }, // U+0114
    { 0x0115, 22 }, // U+0115
    { 0x0116, 10 }, // U+0116
    { 0x0117, 22 }, // U+0117
    { 0x0118, 10 }, // U+0118
    { 0x0119, 22 }, // U+0119
    { 0x011A, 10 }, // U+011A
    { 0x011B, 22 }, // U+011B
    { 0x0125, 21 }, // U+0125
    { 0x0129, 35 }, // U+0129
    { 0x012B, 32 }, // U+012B
    { 0x012E, 36 }, // U+012E
    { 0x0136, 8 }, // U+0136
    { 0x0138, 27 }, // U+0138
    { 0x0139, 12 }, // U+0139
    { 0x013B, 12 }, // U+013B
    { 0x013D, 12 }, // U+013D
    { 0x013E, 34 }, // U+013E
    { 0x013F, 12 }, // U+013F
    { 0x0141, 12 }, // U+0141
    { 0x0144, 21 }, // U+0144
    { 0x0146, 21 }, // U+0146
    { 0x0149, 21 }, // U+0149
    { 0x014B, 21 }, // U+014B
    { 0x014C, 9 }, // U+014C
    { 0x014D, 22 }, // U+014D
    { 0x014E, 9 }, // U+014E
    { 0x014F, 22 }, // U+014F
    { 0x0150, 9 }, // U+0150
    { 0x0151, 22 }, // U+0151
    { 0x0152, 10 }, // U+0152
    { 0x0153, 22 }, // U+0153
    { 0x0155, 25 }, // U+0155
    { 0x0157, 25 }, // U+0157
    { 0x0159, 25 }, // U+0159
    { 0x0162, 15 }, // U+0162
    { 0x0163, 23 }, // U+0163
    { 0x0164, 15 }, // U+0164
    { 0x0165, 37 }, // U+0165
    { 0x0166, 15 }, // U+0166
    { 0x0167, 23 }, // U+0167
    { 0x0168, 16 }, // U+0168
    { 0x016A, 16 }, // U+016A
    { 0x016C, 16 }, // U+016C
    { 0x016E, 16 }, // U+016E
    { 0x0170, 16 }, // U+0170
    { 0x0172, 16 }, // U+0172
    { 0x0174, 17 }, // U+0174
    { 0x0175, 26 }, // U+0175
    { 0x0176, 18 }, // U+0176
    { 0x0177, 26 }, // U+0177
    { 0x0178, 18 }, // U+0178
    { 0x0179, 19 }, // U+0179
    { 0x017B, 19 }, // U+017B
    { 0x017D, 19 }, // U+017D
    { 0x01A0, 38 }, // U+01A0
    { 0x01A1, 39 }, // U+01A1
    { 0x01AF, 40 }, // U+01AF
    { 0x01B0, 41 }, // U+01B0
    { 0x01FA, 6 }, // U+01FA
    { 0x01FB, 21 }, // U+01FB
    { 0x01FC, 10 }, // U+01FC
    { 0x01FD, 22 }, // U+01FD
    { 0x01FE, 9 }, // U+01FE
    { 0x020B, 32 }, // U+020B
    { 0x021A, 15 }, // U+021A
    { 0x021B, 23 }, // U+021B
    { 0x2013, 5 }, // U+2013
    { 0x2014, 5 }, // U+2014
    { 0x2015, 5 }, // U+2015
    { 0x2018, 1 }, // U+2018
    { 0x2019, 1 }, // U+2019
    { 0x201A, 4 }, // U+201A
    { 0x201C, 1 }, // U+201C
    { 0x201D, 1 }, // U+201D
    { 0x201E, 4 }, // U+201E
    { 0x2039, 29 }, // U+2039
    { 0x203A, 30 }, // U+203A
    { 0xFB00, 24 }, // U+FB00
};

static const EpdKernClassEntry notosans_16_regularKernRightClasses[] = {
    { 0x0021, 1 }, // !
    { 0x0022, 2 }, // "
    { 0x0026, 3 }, // &
    { 0x0027, 2 }, // '
    { 0x0029, 4 }, // )
    { 0x002C, 5 }, // ,
    { 0x002D, 6 }, // -
    { 0x002E, 5 }, // .
    { 0x003F, 7 }, // ?
    { 0x0041, 8 }, // A
    { 0x0043, 9 }, // C
    { 0x0047, 9 }, // G
    { 0x0049, 10 }, // I
    { 0x004A, 11 }, // J
    { 0x004F, 9 }, // O
    { 0x0051, 9 }, // Q
    { 0x0054, 12 }, // T
    { 0x0055, 13 }, // U
    { 0x0056, 14 }, // V
    { 0x0057, 14 }, // W
    { 0x0058, 15 }, // X
    { 0x0059, 16 }, // Y
    { 0x005A, 17 }, // Z
    { 0x005D, 4 }, // ]
    { 0x0061, 18 }, // a
    { 0x0062, 19 }, // b
    { 0x0063, 20 }, // c
    { 0x0064, 20 }, // d
    { 0x0065, 20 }, // e
    { 0x0066, 21 }, // f
    { 0x0067, 22 }, // g
    { 0x0068, 19 }, // h
    { 0x006A, 23 }, // j
    { 0x006B, 19 }, // k
    { 0x006C, 19 }, // l
    { 0x006D, 24 }, // m
    { 0x006E, 24 }, // n
    { 0x006F, 20 }, // o
    { 0x0070, 24 }, // p
    { 0x0071, 20 }, // q
    { 0x0072, 24 }, // r
    { 0x0073, 25 }, // s
    { 0x0074, 21 }, // t
    { 0x0075, 24 }, // u
    { 0x0076, 26 }, // v
    { 0x0077, 26 }, // w
    { 0x0078, 26 }, // x
    { 0x0079, 26 }, // y
    { 0x007A, 27 }, // z
    { 0x007D, 4 }, // }
    { 0x00AB, 28 }, // U+00AB
    { 0x00BB, 29 }, // U+00BB
    { 0x00C0, 8 }, // U+00C0
    { 0x00C1, 8 }, // U+00C1
    { 0x00C2, 8 }, // U+00C2
    { 0x00C3, 8 }, // U+00C3
    { 0x00C4, 8 }, // U+00C4
    { 0x00C5, 8 }, // U+00C5
    { 0x00C6, 30 }, // U+00C6
    { 0x00C7, 9 }, // U+00C7
    { 0x00D2, 9 }, // U+00D2
    { 0x00D3, 9 }, // U+00D3
    { 0x00D4, 9 }, // U+00D4
    { 0x00D5, 9 }, // U+00D5
    { 0x00D6, 9 }, // U+00D6
    { 0x00D8, 9 }, // U+00D8
    { 0x00D9, 13 }, // U+00D9
    { 0x00DA, 13 }, // U+00DA
    { 0x00DB, 13 }, // U+00DB
    { 0x00DC, 13 }, // U+00DC
    { 0x00DD, 16 }, // U+00DD
    { 0x00E0, 20 }, // U+00E0
    { 0x00E1, 18 }, // U+00E1
    { 0x00E2, 18 }, // U+00E2
    { 0x00E3, 18 }, // U+00E3
    { 0x00E4, 18 }, // U+00E4
    { 0x00E5, 18 }, // U+00E5
    { 0x00E6, 18 }, // U+00E6
    { 0x00E7, 20 }, // U+00E7
    { 0x00E8, 20 }, // U+00E8
    { 0x00E9, 20 }, // U+00E9
    { 0x00EA, 20 }, // U+00EA
    { 0x00EB, 20 }, // U+00EB
    { 0x00F2, 20 }, // U+00F2
    { 0x00F3, 20 }, // U+00F3
    { 0x00F4, 20 }, // U+00F4
    { 0x00F5, 20 }, // U+00F5
    { 0x00F6, 20 }, // U+00F6
    { 0x00F8, 20 }, // U+00F8
    { 0x00F9, 24 }, // U+00F9
    { 0x00FA, 24 }, // U+00FA
    { 0x00FB, 24 }, // U+00FB
    { 0x00FC, 24 }, // U+00FC
    { 0x00FD, 26 }, // U+00FD
    { 0x00FE, 19 }, // U+00FE
    { 0x00FF, 26 }, // U+00FF
    { 0x0100, 8 }, // U+0100
    { 0x0101, 18 }, // U+0101
    { 0x0102, 8 }, // U+0102
    { 0x0103, 18 }, // U+0103
    { 0x0104, 8 }, // U+0104
    { 0x0105, 18 }, // U+0105
    { 0x0106, 9 }, // U+0106
    { 0x0107, 20 }, // U+0107
    { 0x0108, 9 }, // U+0108
    { 0x0109, 20 }, // U+0109
    { 0x010A, 9 }, // U+010A
    { 0x010B, 20 }, // U+010B
    { 0x010C, 9 }, // U+010C
    { 0x010D, 20 }, // U+010D
    { 0x010F, 20 }, // U+010F
    { 0x0111, 20 }, // U+0111
    { 0x0113, 20 }, // U+0113
    { 0x0115, 20 }, // U+0115
    { 0x0117, 20 }, // U+0117
    { 0x0119, 20 }, // U+0119
    { 0x011B, 20 }, // U+011B
    { 0x011C, 9 }, // U+011C
    { 0x011D, 22 }, // U+011D
    { 0x011E, 9 }, // U+011E
    { 0x011F, 22 }, // U+011F
    { 0x0120, 9 }, // U+0120
    { 0x0121, 22 }, // U+0121
    { 0x0122, 9 }, // U+0122
    { 0x0123, 22 }, // U+0123
    { 0x0125, 19 }, // U+0125
    { 0x0127, 31 }, // U+0127
    { 0x0129, 32 }, // U+0129
    { 0x0137, 19 }, // U+0137
    { 0x0138, 24 }, // U+0138
    { 0x013A, 19 }, // U+013A
    { 0x013C, 19 }, // U+013C
    { 0x013E, 19 }, // U+013E
    { 0x0140, 19 }, // U+0140
    { 0x0144, 24 }, // U+0144
    { 0x0146, 24 }, // U+0146
    { 0x014B, 24 }, // U+014B
    { 0x014C, 9 }, // U+014C
    { 0x014D, 20 }, // U+014D
    { 0x014E, 9 }, // U+014E
    { 0x014F, 20 }, // U+014F
    { 0x0150, 9 }, // U+0150
    { 0x0151, 20 }, // U+0151
    { 0x0152, 9 }, // U+0152
    { 0x0153, 20 }, // U+0153
    { 0x0155, 24 }, // U+0155
    { 0x0157, 24 }, // U+0157
    { 0x015B, 25 }, // U+015B
    { 0x015F, 25 }, // U+015F
    { 0x0162, 12 }, // U+0162
    { 0x0163, 21 }, // U+0163
    { 0x0164, 12 }, // U+0164
    { 0x0165, 21 }, // U+0165
    { 0x0166, 12 }, // U+0166
    { 0x0167, 21 }, // U+0167
    { 0x0168, 13 }, // U+0168
    { 0x0169, 24 }, // U+0169
    { 0x016A, 13 }, // U+016A
    { 0x016B, 24 }, // U+016B
    { 0x016C, 13 }, // U+016C
    { 0x016D, 24 }, // U+016D
    { 0x016E, 13 }, // U+016E
    { 0x016F, 24 }, // U+016F
    { 0x0170, 13 }, // U+0170
    { 0x0171, 24 }, // U+0171
    { 0x0172, 13 }, // U+0172
    { 0x0173, 24 }, // U+0173
    { 0x0174, 14 }, // U+0174
    { 0x0175, 26 }, // U+0175
    { 0x0176, 16 }, // U+0176
    { 0x0177, 26 }, // U+0177
    { 0x0178, 16 }, // U+0178
    { 0x0179, 17 }, // U+0179
    { 0x017A, 27 }, // U+017A
    { 0x017B, 17 }, // U+017B
    { 0x017C, 27 }, // U+017C
    { 0x017D, 17 }, // U+017D
    { 0x017E, 27 }, // U+017E
    { 0x01A0, 9 }, // U+01A0
    { 0x01A1, 20 }, // U+01A1
    { 0x01AF, 13 }, // U+01AF
    { 0x01B0, 24 }, // U+01B0
    { 0x01FA, 8 }, // U+01FA
    { 0x01FB, 18 }, // U+01FB
    { 0x01FC, 30 }, // U+01FC
    { 0x01FD, 18 }, // U+01FD
    { 0x01FE, 9 }, // U+01FE
    { 0x01FF, 20 }, // U+01FF
    { 0x0219, 25 }, // U+0219
    { 0x021A, 12 }, // U+021A
    { 0x021B, 21 }, // U+021B
    { 0x2013, 6 }, // U+2013
    { 0x2014, 6 }, // U+2014
    { 0x2015, 6 }, // U+2015
    { 0x2018, 33 }, // U+2018
    { 0x2019, 2 }, // U+2019
    { 0x201A, 5 }, // U+201A
    { 0x201C, 33 }, // U+201C
    { 0x201D, 2 }, // U+201D
    { 0x201E, 5 }, // U+201E
    { 0x2026, 5 }, // U+2026
    { 0x2039, 28 }, // U+2039
    { 0x203A, 29 }, // U+203A
    { 0xFB00, 21 }, // U+FB00
    { 0xFB01, 21 }, // U+FB01
    { 0xFB02, 21 }, // U+FB02
    { 0xFB03, 21 }, // U+FB03
    { 0xFB04, 21 }, // U+FB04
};

static const int8_t notosans_16_regularKernMatrix[] = {
       0,    0,    0,    0,    0,    0,    0,  -37,    0,    0,    0,   11,    0,   11,    0,    5,    0,  -21,    0,  -32,    0,  -16,    0,  -16,  -16,    0,    0,    0,    0,  -43,    0,   37,    0,
       0,    0,    0,    0,    0,    0,    0,    0,    0,    0,    0,  -32,    0,  -11,    0,  -16,    0,    0,    0,    0,    0,    0,    0,    0,    0,    0,    0,    0,    0,    0,    0,    0,    0,
       0,    0,    0,    0,    0,    0,    0,    0,    0,    0,   48,    0,    0,    0,    0,    0,    0,    0,    0,    0,    0,    0,   21,    0,    0,    0,    0,    0,    0,    0,    0,    0,    0,
       0,    0,    0,    0,    0,    0,    0,    0,  -27,    0,    0,  -37,  -11,  -32,    0,  -32,    0,    0,    0,    0,    0,    0,    0,    0,    0,    0,    0,    0,    0,    0,    0,    0,    0,
       0,    0,    0,    0,    0,    0,    0,    0,    0,    0,    0,  -21,    0,    0,    0,    0,    0,    0,    0,    0,    0,    0,    0,    0,    0,    0,    0,    0,    0,    0,    0,    0,    0,
       0,  -37,    0,    0,    0,    0,    0,    0,  -11,    0,   27,  -37,    0,  -21,    0,  -32,    0,    0,    0,    0,    0,    0,    0,    0,    0,    0,    0,    0,    0,    0,    0,    0,    0,
       0,    0,    0,    0,   -5,    0,    0,    0,    0,    0,    0,    0,    0,    0,    0,    0,    0,    0,    0,    0,    0,    0,    0,    0,    0,    0,    0,    0,    0,    0,    0,    0,    0,
       0,    0,    0,    0,    0,    0,    0,    0,  -11,    0,    0,    0,    0,    0,    0,    0,    0,    0,    0,    0,    0,    0,    0,    0,    0,    0,    0,  -11,    0,    0,    0,    0,    0,
       0,    0,    0,    0,  -21,    0,    0,  -11,    0,    0,    0,  -16,    0,   -5,  -11,   -5,   -5,    0,    0,    0,    0,    0,    0,    0,    0,    0,    0,    0,    0,    0,    0,    0,    0,
       0,    0,    0,    0,    0,    0,    0,    0,    0,    0,   32,    0,    0,    0,    0,    0,    0,    0,    0,    0,    0,    0,    0,    0,    0,    0,    0,    0,    0,    0,    0,    0,    0,
       0,    0,    0,   11,  -32,    0,   11,  -11,    0,    0,    0,    0,    0,    0,    0,    0,    0,    0,    0,    0,    0,    0,    0,    0,    0,    0,    0,    0,    0,    0,    0,    0,    0,
       0,  -43,    0,    0,    0,    0,    0,    0,  -11,    0,    0,  -11,   -5,  -11,    0,  -16,    0,    0,    0,    0,    0,    0,    0,    0,    0,    0,    0,    0,    0,    0,    0,    0,    0,
       0,    0,   -5,    0,  -69,    0,    0,  -27,    0,    0,    0,    0,    0,    0,  -11,    0,   -5,    0,    0,    0,    0,    0,    0,    0,    0,    0,    0,  -11,    0,  -16,    0,    0,    0,
       0,    0,    0,    0,    0,    0,    0,    0,    0,    0,    0,    0,    0,    0,    0,    0,    0,    0,    0,    0,    0,    0,    0,    0,    0,    0,    0,   -5,    0,    0,    0,    0,    0,
       0,    0,  -11,    0,  -32,  -21,   11,  -37,  -11,    0,    0,   11,    0,    0,    0,    0,    0,  -43,    0,  -37,    0,  -37,    0,  -27,  -32,  -11,  -21,  -32,  -16,    0,    0,    0,    0,
       0,    0,    0,    0,  -11,    0,    0,   -5,    0,    0,    0,    0,    0,    0,    0,    0,    0,    0,    0,    0,    0,    0,    0,    0,    0,    0,    0,    0,    0,    0,    0,    0,    0,
       0,    0,    0,    0,  -27,    0,   11,  -21,   -5,    0,    0,    0,    0,    0,    0,    0,    0,  -11,    0,  -11,    0,   -5,    0,   -5,   -5,    0,    0,  -16,   -5,    0,    0,    0,    0,
       0,    0,  -16,    0,  -32,    0,   11,  -32,  -11,    0,    0,    0,    0,    0,    0,    0,    0,  -27,    0,  -27,    0,  -27,    0,  -16,  -21,    0,  -11,  -43,  -16,    0,    0,    0,    0,
       0,    0,    0,    0,    0,    0,    0,    0,   -5,    0,    0,    0,    0,    0,    0,    0,    0,    0,    0,    0,    0,    0,    0,    0,    0,    0,    0,  -11,    0,    0,    0,    0,    0,
       0,    0,    0,    0,    0,    0,    0,    0,    0,    0,   51,    0,    0,    0,    0,    0,    0,    0,    0,    0,    0,    0,    0,    0,    0,    0,    0,    0,    0,    0,    0,    0,    0,
       0,   -5,    0,    0,    0,    0,    0,    0,    0,    0,    0,    0,    0,    0,    0,    0,    0,    0,    0,    0,    0,    0,    0,    0,    0,    0,    0,    0,    0,    0,    0,    0,    0,
       0,   -5,    0,    0,    0,    0,    0,    0,    0,    0,    0,    0,    0,    0,    0,    0,    0,    0,    0,    0,    0,    0,    0,    0,    0,  -11,   -5,    0,    0,    0,    0,    0,    0,
       0,   11,    0,    0,    0,    0,    0,    0,    0,    0,    0,    0,    0,    0,    0,    0,    0,    0,    0,    0,    0,    0,    0,    0,    0,    0,    0,    0,    0,    0,    0,    0,    0,
       0,   32,    0,   21,  -11,    0,    0,    0,    0,    0,    0,    0,    0,    0,    0,    0,    0,    0,    0,    0,    0,    0,    0,    0,    0,    0,    0,    0,    0,    0,    0,    0,    0,
       0,   21,    0,    0,  -85,    0,    0,    0,    0,    0,    0,    0,    0,    0,    0,    0,    0,  -11,    0,  -11,    0,   -5,    0,    0,    0,    0,    0,    0,    0,    0,    0,    0,    0,
       0,   21,    0,    0,  -21,    0,   11,    0,    0,    0,    0,    0,    0,    0,    0,    0,    0,    0,    0,    0,    0,    0,    0,    0,    0,    0,    0,    0,    0,    0,    0,    0,    0,
       0,    0,    0,    0,    0,    0,    0,    0,    0,    0,    0,    0,    0,    0,    0,    0,    0,    0,    0,  -11,    0,    0,    0,    0,    0,    0,    0,    0,    0,    0,    0,    0,    0,
       0,    0,    0,    0,    0,    0,    0,    0,    0,    0,   27,  -11,    0,   -5,    0,  -16,    0,    0,    0,    0,    0,    0,    0,    0,    0,    0,    0,    0,    0,    0,    0,    0,    0,
       0,    0,    0,    0,    0,    0,    0,    0,    0,    0,    0,  -16,    0,   -5,    0,  -16,    0,    0,    0,    0,    0,    0,    0,    0,    0,    0,    0,    0,    0,    0,    0,    0,    0,
       0,    0,    0,    0,    0,    0,    0,    0,    0,    0,    0,  -32,    0,  -16,  -11,  -43,    0,    0,    0,    0,    0,    0,    0,    0,    0,    0,    0,    0,    0,    0,    0,    0,    0,
       0,    0,    0,    0,    0,    0,    0,    0,    0,    0,   53,  -21,    0,  -16,    0,  -21,    0,    0,    0,    0,    0,    0,    0,    0,    0,    0,    0,    0,    0,    0,    0,    0,    0,
       0,    0,    0,   27,    0,    0,    0,    0,    0,    0,    0,    0,    0,    0,    0,    0,    0,    0,    0,    0,    0,    0,    0,    0,    0,    0,    0,    0,    0,    0,    0,    0,    0,
       0,  -37,    0,    0,    0,    0,    0,    0,  -11,    0,   59,  -37,    0,  -21,    0,  -32,    0,    0,    0,    0,    0,    0,    0,    0,    0,    0,    0,    0,    0,    0,    0,    0,    0,
      27,   27,    0,   48,    0,    0,   48,    0,    0,    0,    0,    0,    0,    0,    0,    0,    0,    0,   16,    0,    0,    0,    0,    0,    0,    0,    0,    0,    0,    0,   37,    0,   37,
       0,    0,    0,   27,    0,    0,    0,    0,    0,    0,    0,    0,    0,    0,    0,    0,    0,    0,    0,    0,    0,    0,    0,    0,    0,    0,    0,    0,    0,    0,    0,   69,    0,
       0,    0,    0,    0,    0,    0,    0,    0,    0,    0,   27,    0,    0,    0,    0,    0,    0,    0,    0,    0,    0,    0,    0,    0,    0,    0,    0,    0,    0,    0,    0,    0,    0,
      37,   59,    0,   64,    0,    0,   59,    0,    0,    0,    0,    0,    0,    0,    0,    0,    0,    0,    0,    0,    0,    0,    0,    0,    0,    0,    0,    0,    0,    0,    0,    0,   37,
       0,    0,    0,    0,    0,    0,    0,  -11,    0,   11,    0,   32,    0,   37,   27,   32,    0,    0,    0,    0,    0,    0,    0,    0,    0,    0,    0,    0,    0,    0,    0,    0,    0,
       0,    0,    0,    0,    0,    0,    0,    0,    0,    0,    0,    0,    0,    0,    0,    0,    0,    0,   11,    0,   21,    0,    0,    0,    0,   27,    0,    0,    0,    0,    0,    0,    0,
       0,    0,    0,    0,    0,    0,    0,  -16,   -5,   11,    0,   37,    0,   37,   27,   32,    0,  -16,    0,  -11,    0,  -11,    0,    0,    0,    0,    0,    0,    0,    0,    0,    0,    0,
       0,    0,    0,    0,    0,    0,    0,    0,    0,    0,    0,    0,    0,    0,    0,    0,    0,    0,   11,    0,   27,    0,    0,    0,    0,   27,    0,    0,    0,    0,    0,    0,    0,
};

static const EpdLigaturePair notosans_16_regularLigaturePairs[] = {
    { 0x00660066, 0xFB00 }, // f f -> U+FB00
    { 0x00660069, 0xFB01 }, // f i -> U+FB01
    { 0x0066006C, 0xFB02 }, // f l -> U+FB02
    { 0xFB000069, 0xFB03 }, // U+FB00 i -> U+FB03
    { 0xFB00006C, 0xFB04 }, // U+FB00 l -> U+FB04
};

static const EpdFontData notosans_16_regular = {
    notosans_16_regularBitmaps,
    notosans_16_regularGlyphs,
    notosans_16_regularIntervals,
    16,
    45,
    36,
    -10,
    true,
    notosans_16_regularGroups,
    11,
    nullptr,
    notosans_16_regularKernLeftClasses,
    notosans_16_regularKernRightClasses,
    notosans_16_regularKernMatrix,
    191,
    208,
    41,
    33,
    notosans_16_regularLigaturePairs,
    5,
};
