/**
 * generated by fontconvert.py
 * name: notosans_10_regular
 * size: 10
 * mode: 2-bit
 * Command used: fontconvert.py notosans_10_regular 10 ../builtinFonts/source/NotoSans/NotoSans-Regular.ttf --2bit
 */
#pragma once
#include "EpdFontData.h"

static const uint8_t notosans_10_regularBitmaps[47744] = {
    0x7C, 0x3C, 0x3C, 0x38, 0x38, 0x38, 0x38, 0x38, 0x34, 0x34, 0x00, 0x38, 0x7C, 0x38, 0xB4, 0xF2,
    0xC2, 0xC7, 0x0B, 0x1C, 0x2C, 0x70, 0x70, 0x00, 0x38, 0x1C, 0x00, 0x0D, 0x0B, 0x00, 0x07, 0x03,
    0x80, 0x02, 0xC0, 0xD0, 0x2F, 0xFF, 0xFF, 0xC1, 0x79, 0x6D, 0x50, 0x0C, 0x0E, 0x00, 0x0B, 0x03,
    0x80, 0x7F, 0xFF, 0xFF, 0x05, 0xE5, 0xB5, 0x40, 0x34, 0x2C, 0x00, 0x0C, 0x0E, 0x00, 0x07, 0x03,
    0x80, 0x02, 0xC0, 0xD0, 0x00, 0x00, 0xA0, 0x00, 0x0E, 0x00, 0x1F, 0xFF, 0x87, 0xEF, 0xAC, 0xB0,
    0xA0, 0x0B, 0x0A, 0x00, 0x7C, 0xA0, 0x02, 0xFF, 0x00, 0x02, 0xFF, 0x40, 0x0A, 0xBD, 0x00, 0xA0,
    0xE0, 0x0A, 0x0E, 0x50, 0xA7, 0xDB, 0xFF, 0xF4, 0x15, 0xF4, 0x00, 0x0A, 0x00, 0x00, 0x50, 0x00,
    0x2F, 0x80, 0x07, 0x40, 0x7A, 0xE0, 0x0E, 0x00, 0xF0, 0xB0, 0x2C, 0x00, 0xE0, 0x70, 0x38, 0x00,
    0xE0, 0x70, 0xB0, 0x00, 0xE0, 0xB1, 0xDB, 0xF0, 0xB5, 0xE3, 0x9E, 0x78, 0x3F, 0xC7, 0x2C, 0x2C,
    0x05, 0x0E, 0x38, 0x1C, 0x00, 0x2C, 0x38, 0x1D, 0x00, 0x34, 0x38, 0x1C, 0x00, 0xF0, 0x2C, 0x2C,
    0x01, 0xC0, 0x0E, 0xB8, 0x03, 0x80, 0x07, 0xE0, 0x02, 0xFD, 0x00, 0x00, 0x3E, 0xBE, 0x00, 0x01,
    0xD0, 0x3C, 0x00, 0x07, 0x40, 0xF0, 0x00, 0x0F, 0x0B, 0x40, 0x00, 0x1F, 0xF4, 0x00, 0x00, 0x3F,
    0x40, 0x00, 0x0B, 0x8F, 0x00, 0xB0, 0x78, 0x0F, 0x43, 0x83, 0xC0, 0x0F, 0x6D, 0x0F, 0x00, 0x0F,
    0xE0, 0x2D, 0x00, 0x2F, 0x80, 0x3E, 0xAB, 0xEF, 0x80, 0x2F, 0xF8, 0x0B, 0x80, 0xB6, 0xC7, 0x1C,
    0x70, 0x01, 0xD0, 0x38, 0x0B, 0x00, 0xE0, 0x2D, 0x03, 0xC0, 0x3C, 0x03, 0xC0, 0x38, 0x03, 0x80,
    0x3C, 0x03, 0xC0, 0x2C, 0x01, 0xD0, 0x0F, 0x00, 0xB4, 0x03, 0xC0, 0x04, 0x38, 0x01, 0xD0, 0x0F,
    0x00, 0x74, 0x03, 0xC0, 0x3C, 0x02, 0xC0, 0x2D, 0x01, 0xD0, 0x1D, 0x02, 0xD0, 0x2C, 0x03, 0xC0,
    0x78, 0x0B, 0x00, 0xE0, 0x2C, 0x01, 0x40, 0x00, 0x78, 0x00, 0x00, 0xE0, 0x00, 0x03, 0x40, 0x0F,
    0x9E, 0x6D, 0x2F, 0xFF, 0xE4, 0x03, 0xF0, 0x00, 0x2C, 0xF0, 0x01, 0xF1, 0xE0, 0x07, 0x43, 0x80,
    0x00, 0x00, 0x00, 0x00, 0xE0, 0x00, 0x0E, 0x00, 0x00, 0xE0, 0x00, 0x0E, 0x00, 0x00, 0xE0, 0x0F,
    0xFF, 0xFF, 0x55, 0xF5, 0x50, 0x0E, 0x00, 0x00, 0xE0, 0x00, 0x0E, 0x00, 0x0F, 0x1E, 0x2C, 0x3C,
    0x34, 0x00, 0x03, 0xFF, 0x15, 0x50, 0x38, 0x7C, 0x38, 0x00, 0x1D, 0x00, 0x3C, 0x00, 0x38, 0x00,
    0xB0, 0x00, 0xF0, 0x01, 0xD0, 0x03, 0xC0, 0x03, 0x80, 0x0B, 0x00, 0x0F, 0x00, 0x1D, 0x00, 0x3C,
    0x00, 0x38, 0x00, 0xB0, 0x00, 0x07, 0xF9, 0x02, 0xFA, 0xF4, 0x3C, 0x03, 0xCB, 0x40, 0x1D, 0xF0,
    0x00, 0xEF, 0x00, 0x0F, 0xF0, 0x00, 0xFF, 0x00, 0x0F, 0xF0, 0x00, 0xFF, 0x00, 0x0E, 0xB4, 0x01,
    0xD3, 0xC0, 0x3C, 0x1F, 0xAF, 0x40, 0x7F, 0xD0, 0x00, 0xB4, 0x1F, 0xD2, 0xF7, 0x4A, 0x1D, 0x00,
    0x74, 0x01, 0xD0, 0x07, 0x40, 0x1D, 0x00, 0x74, 0x01, 0xD0, 0x07, 0x40, 0x1D, 0x00, 0x74, 0x01,
    0xD0, 0x0B, 0xF9, 0x07, 0xE6, 0xF4, 0x60, 0x03, 0xC0, 0x00, 0x2C, 0x00, 0x02, 0xC0, 0x00, 0x3C,
    0x00, 0x0B, 0x40, 0x02, 0xE0, 0x00, 0xB8, 0x00, 0x2E, 0x00, 0x0B, 0x80, 0x02, 0xD0, 0x00, 0xBD,
    0x55, 0x5F, 0xFF, 0xFF, 0x06, 0xFF, 0x40, 0xBE, 0x6F, 0x80, 0x40, 0x0F, 0x00, 0x00, 0x2C, 0x00,
    0x00, 0xF0, 0x00, 0x1F, 0x40, 0x3F, 0xF0, 0x00, 0x56, 0xF8, 0x00, 0x00, 0xB4, 0x00, 0x00, 0xE0,
    0x00, 0x07, 0x80, 0x00, 0x3D, 0x3E, 0x9B, 0xE0, 0x7F, 0xF9, 0x00, 0x00, 0x03, 0xD0, 0x00, 0x0B,
    0xD0, 0x00, 0x1E, 0xD0, 0x00, 0x79, 0xD0, 0x00, 0xF1, 0xD0, 0x03, 0xC1, 0xD0, 0x0B, 0x01, 0xD0,
    0x1D, 0x01, 0xD0, 0x38, 0x01, 0xD0, 0xBF, 0xFF, 0xFE, 0x6A, 0xAB, 0xE9, 0x00, 0x01, 0xD0, 0x00,
    0x01, 0xD0, 0x00, 0x01, 0xD0, 0x3F, 0xFF, 0x83, 0xD5, 0x54, 0x38, 0x00, 0x03, 0x80, 0x00, 0x34,
    0x00, 0x07, 0xFF, 0xE0, 0x29, 0x5F, 0xC0, 0x00, 0x3D, 0x00, 0x01, 0xE0, 0x00, 0x0E, 0x00, 0x01,
    0xE0, 0x00, 0x3C, 0xBA, 0xAF, 0x46, 0xFF, 0x80, 0x01, 0xBF, 0x80, 0xBE, 0xA4, 0x1E, 0x00, 0x03,
    0xC0, 0x00, 0x74, 0x00, 0x0B, 0x2F, 0xF0, 0xFF, 0x5B, 0xCF, 0x80, 0x1E, 0xF0, 0x00, 0xFB, 0x00,
    0x0F, 0x74, 0x00, 0xF3, 0xC0, 0x2D, 0x1F, 0xAF, 0xC0, 0x2F, 0xE0, 0x3F, 0xFF, 0xFC, 0x55, 0x56,
    0xF0, 0x00, 0x0B, 0x40, 0x00, 0x3C, 0x00, 0x02, 0xD0, 0x00, 0x0F, 0x00, 0x00, 0xB4, 0x00, 0x03,
    0xC0, 0x00, 0x1D, 0x00, 0x00, 0xF0, 0x00, 0x07, 0x80, 0x00, 0x3C, 0x00, 0x01, 0xE0, 0x00, 0x0F,
    0x00, 0x00, 0x0B, 0xFD, 0x03, 0xFA, 0xFC, 0x78, 0x02, 0xD7, 0x40, 0x1D, 0x38, 0x03, 0xC2, 0xE0,
    0xF4, 0x07, 0xFC, 0x01, 0xFA, 0xF4, 0x78, 0x03, 0xDF, 0x00, 0x0E, 0xF0, 0x00, 0xFF, 0x40, 0x1E,
    0x3E, 0xAB, 0xC0, 0xBF, 0xE0, 0x0B, 0xF8, 0x03, 0xEA, 0xF4, 0xB4, 0x03, 0xCF, 0x00, 0x1D, 0xF0,
    0x00, 0xEF, 0x00, 0x1F, 0x7D, 0x0B, 0xF1, 0xFF, 0xDE, 0x01, 0x41, 0xE0, 0x00, 0x2D, 0x00, 0x03,
    0xC0, 0x00, 0xF4, 0x2A, 0xBE, 0x03, 0xFE, 0x00, 0x38, 0x7C, 0x38, 0x00, 0x00, 0x00, 0x00, 0x00,
    0x38, 0x7C, 0x38, 0x1E, 0x0B, 0xC0, 0xE0, 0x00, 0x00, 0x00, 0x00, 0x00, 0x00, 0x00, 0x07, 0x82,
    0xD0, 0xF0, 0x38, 0x0C, 0x00, 0x00, 0x00, 0x10, 0x00, 0x1F, 0x00, 0x1F, 0x80, 0x1F, 0x80, 0x1F,
    0x40, 0x0F, 0x80, 0x00, 0x7E, 0x40, 0x00, 0x7F, 0x40, 0x00, 0x2F, 0x80, 0x00, 0x2F, 0x00, 0x00,
    0x10, 0x00, 0x00, 0x0F, 0xFF, 0xFE, 0x55, 0x55, 0x40, 0x00, 0x00, 0x00, 0x00, 0x0F, 0xFF, 0xFE,
    0x55, 0x55, 0x40, 0x40, 0x00, 0x0F, 0x40, 0x00, 0x2F, 0x40, 0x00, 0x2F, 0x40, 0x00, 0x2F, 0x40,
    0x00, 0x2F, 0x00, 0x1B, 0xD0, 0x1F, 0x90, 0x2F, 0x80, 0x0F, 0x80, 0x00, 0x40, 0x00, 0x00, 0x2F,
    0xF8, 0x1E, 0xAB, 0xC0, 0x00, 0xB4, 0x00, 0x1D, 0x00, 0x0B, 0x00, 0x0B, 0x80, 0x0F, 0x40, 0x0B,
    0x00, 0x03, 0x80, 0x00, 0x90, 0x00, 0x00, 0x00, 0x0E, 0x00, 0x0B, 0xC0, 0x01, 0xE0, 0x00, 0x00,
    0x1B, 0xFE, 0x40, 0x00, 0x7F, 0xAA, 0xFC, 0x00, 0xB8, 0x00, 0x07, 0xC0, 0x78, 0x1F, 0xF8, 0x38,
    0x38, 0x2F, 0xAF, 0x07, 0x1C, 0x0E, 0x02, 0xC0, 0xDB, 0x0B, 0x00, 0xF0, 0x36, 0xC2, 0xC0, 0x3C,
    0x0D, 0xE0, 0x70, 0x0F, 0x07, 0x2C, 0x0F, 0x0F, 0xD7, 0xC7, 0x02, 0xFE, 0x2F, 0xC0, 0xE0, 0x04,
    0x01, 0x40, 0x2D, 0x00, 0x00, 0x00, 0x02, 0xF5, 0x05, 0x90, 0x00, 0x1B, 0xFF, 0xF4, 0x00, 0x00,
    0x05, 0x00, 0x00, 0x00, 0x1E, 0x00, 0x00, 0x03, 0xF0, 0x00, 0x00, 0x3B, 0x80, 0x00, 0x0B, 0x3C,
    0x00, 0x00, 0xE1, 0xD0, 0x00, 0x1D, 0x0F, 0x00, 0x03, 0xC0, 0xB0, 0x00, 0x78, 0x03, 0x80, 0x0B,
    0xFF, 0xFC, 0x00, 0xFA, 0xAA, 0xD0, 0x2D, 0x00, 0x0F, 0x03, 0xC0, 0x00, 0xB0, 0x74, 0x00, 0x07,
    0x8F, 0x00, 0x00, 0x3C, 0xFF, 0xFE, 0x03, 0xD5, 0xAF, 0x4F, 0x00, 0x1F, 0x3C, 0x00, 0x3C, 0xF0,
    0x00, 0xE3, 0xC0, 0x1F, 0x0F, 0xFF, 0xE0, 0x3D, 0x56, 0xF4, 0xF0, 0x00, 0xF3, 0xC0, 0x02, 0xDF,
    0x00, 0x0B, 0x7C, 0x00, 0x3C, 0xF5, 0x5B, 0xD3, 0xFF, 0xF9, 0x00, 0x00, 0x7F, 0xF8, 0x07, 0xF9,
    0xBC, 0x1F, 0x40, 0x00, 0x3C, 0x00, 0x00, 0x78, 0x00, 0x00, 0xB4, 0x00, 0x00, 0xB4, 0x00, 0x00,
    0xB4, 0x00, 0x00, 0xB4, 0x00, 0x00, 0x78, 0x00, 0x00, 0x3C, 0x00, 0x00, 0x1F, 0x00, 0x00, 0x0B,
    0xE9, 0xAC, 0x00, 0xBF, 0xF8, 0xFF, 0xFE, 0x00, 0xF5, 0x6F, 0xE0, 0xF0, 0x00, 0xF8, 0xF0, 0x00,
    0x3C, 0xF0, 0x00, 0x1E, 0xF0, 0x00, 0x0F, 0xF0, 0x00, 0x0F, 0xF0, 0x00, 0x0F, 0xF0, 0x00, 0x0F,
    0xF0, 0x00, 0x2E, 0xF0, 0x00, 0x3C, 0xF0, 0x00, 0xF4, 0xF5, 0xAF, 0xD0, 0xFF, 0xFE, 0x00, 0xFF,
    0xFF, 0x7D, 0x55, 0x4F, 0x00, 0x03, 0xC0, 0x00, 0xF0, 0x00, 0x3C, 0x00, 0x0F, 0xFF, 0xF3, 0xD5,
    0x54, 0xF0, 0x00, 0x3C, 0x00, 0x0F, 0x00, 0x03, 0xC0, 0x00, 0xF5, 0x55, 0x3F, 0xFF, 0xD0, 0xFF,
    0xFF, 0x7D, 0x55, 0x4F, 0x00, 0x03, 0xC0, 0x00, 0xF0, 0x00, 0x3C, 0x00, 0x0F, 0xFF, 0xF3, 0xD5,
    0x54, 0xF0, 0x00, 0x3C, 0x00, 0x0F, 0x00, 0x03, 0xC0, 0x00, 0xF0, 0x00, 0x3C, 0x00, 0x00, 0x00,
    0x6F, 0xF9, 0x00, 0xFE, 0x6B, 0xC0, 0xF4, 0x00, 0x00, 0xF4, 0x00, 0x00, 0x78, 0x00, 0x00, 0x2D,
    0x00, 0x00, 0x0B, 0x40, 0x2F, 0xFA, 0xD0, 0x01, 0x5E, 0xB4, 0x00, 0x07, 0x9E, 0x00, 0x01, 0xE3,
    0xC0, 0x00, 0x78, 0x7D, 0x00, 0x1E, 0x07, 0xFA, 0x6F, 0x80, 0x2F, 0xFF, 0x80, 0xF0, 0x00, 0x1D,
    0xF0, 0x00, 0x1D, 0xF0, 0x00, 0x1D, 0xF0, 0x00, 0x1D, 0xF0, 0x00, 0x1D, 0xF0, 0x00, 0x2D, 0xFF,
    0xFF, 0xFD, 0xF5, 0x55, 0x6D, 0xF0, 0x00, 0x1D, 0xF0, 0x00, 0x1D, 0xF0, 0x00, 0x1D, 0xF0, 0x00,
    0x1D, 0xF0, 0x00, 0x1D, 0xF0, 0x00, 0x1D, 0x3F, 0xF0, 0x2E, 0x00, 0x74, 0x01, 0xD0, 0x07, 0x40,
    0x1D, 0x00, 0x74, 0x01, 0xD0, 0x07, 0x40, 0x1D, 0x00, 0x74, 0x01, 0xD0, 0x0B, 0x80, 0xFF, 0xC0,
    0x00, 0xF0, 0x0F, 0x00, 0xF0, 0x0F, 0x00, 0xF0, 0x0F, 0x00, 0xF0, 0x0F, 0x00, 0xF0, 0x0F, 0x00,
    0xF0, 0x0F, 0x00, 0xF0, 0x0F, 0x00, 0xF0, 0x0E, 0x07, 0xDB, 0xF4, 0x10, 0x00, 0xF0, 0x00, 0xF3,
    0xC0, 0x0F, 0x0F, 0x00, 0xF4, 0x3C, 0x0F, 0x40, 0xF0, 0xF4, 0x03, 0xCB, 0x40, 0x0F, 0xBC, 0x00,
    0x3F, 0xBC, 0x00, 0xF0, 0xB8, 0x03, 0xC0, 0xF4, 0x0F, 0x00, 0xF0, 0x3C, 0x01, 0xF0, 0xF0, 0x02,
    0xE3, 0xC0, 0x02, 0xE0, 0xF0, 0x00, 0x3C, 0x00, 0x0F, 0x00, 0x03, 0xC0, 0x00, 0xF0, 0x00, 0x3C,
    0x00, 0x0F, 0x00, 0x03, 0xC0, 0x00, 0xF0, 0x00, 0x3C, 0x00, 0x0F, 0x00, 0x03, 0xC0, 0x00, 0xFA,
    0xAA, 0x3F, 0xFF, 0xD0, 0xFC, 0x00, 0x00, 0xFF, 0xF4, 0x00, 0x07, 0xFE, 0xF0, 0x00, 0x3F, 0xFA,
    0xC0, 0x01, 0xDF, 0xE3, 0x80, 0x0B, 0x3F, 0x8F, 0x00, 0x38, 0xFF, 0x1D, 0x02, 0xC3, 0xFC, 0x3C,
    0x0F, 0x0F, 0xF0, 0xB0, 0x74, 0x3F, 0xC0, 0xE2, 0xC0, 0xFF, 0x03, 0xCE, 0x03, 0xFC, 0x07, 0xF0,
    0x0F, 0xF0, 0x0F, 0x80, 0x3F, 0xC0, 0x2D, 0x00, 0xF0, 0xF8, 0x00, 0x0F, 0xFC, 0x00, 0x0F, 0xFF,
    0x00, 0x0F, 0xEB, 0x40, 0x0F, 0xE3, 0xC0, 0x0F, 0xE0, 0xE0, 0x0F, 0xE0, 0xB4, 0x0F, 0xF0, 0x3C,
    0x0F, 0xF0, 0x0E, 0x0F, 0xF0, 0x07, 0x4F, 0xF0, 0x03, 0xCF, 0xF0, 0x00, 0xEF, 0xF0, 0x00, 0x7F,
    0xF0, 0x00, 0x2F, 0x00, 0xBF, 0xE4, 0x00, 0x7E, 0x9B, 0xE0, 0x1F, 0x00, 0x0B, 0x83, 0xC0, 0x00,
    0x3D, 0x78, 0x00, 0x01, 0xEB, 0x40, 0x00, 0x0F, 0xB4, 0x00, 0x00, 0xFB, 0x40, 0x00, 0x0F, 0xB4,
    0x00, 0x00, 0xF7, 0x80, 0x00, 0x1E, 0x3C, 0x00, 0x03, 0xD1, 0xF0, 0x00, 0xB8, 0x0B, 0xE9, 0xBE,
    0x00, 0x0B, 0xFE, 0x40, 0xFF, 0xF9, 0x0F, 0x5A, 0xF8, 0xF0, 0x03, 0xCF, 0x00, 0x2D, 0xF0, 0x01,
    0xDF, 0x00, 0x3C, 0xF0, 0x1F, 0x8F, 0xFF, 0xD0, 0xF5, 0x40, 0x0F, 0x00, 0x00, 0xF0, 0x00, 0x0F,
    0x00, 0x00, 0xF0, 0x00, 0x0F, 0x00, 0x00, 0x00, 0xBF, 0xE4, 0x00, 0x7E, 0x9B, 0xE0, 0x1F, 0x00,
    0x0B, 0x83, 0xC0, 0x00, 0x3D, 0x78, 0x00, 0x01, 0xEB, 0x40, 0x00, 0x0F, 0xB4, 0x00, 0x00, 0xFB,
    0x40, 0x00, 0x0F, 0xB4, 0x00, 0x00, 0xF7, 0x80, 0x00, 0x1E, 0x3C, 0x00, 0x03, 0xD1, 0xF0, 0x00,
    0xB8, 0x0B, 0xE9, 0xBE, 0x00, 0x0B, 0xFF, 0x40, 0x00, 0x00, 0xF8, 0x00, 0x00, 0x03, 0xE0, 0x00,
    0x00, 0x0F, 0x80, 0xFF, 0xF9, 0x03, 0xD6, 0xBE, 0x0F, 0x00, 0x3D, 0x3C, 0x00, 0xB4, 0xF0, 0x01,
    0xD3, 0xC0, 0x0F, 0x4F, 0x01, 0xB8, 0x3F, 0xFF, 0x40, 0xF5, 0x7C, 0x03, 0xC0, 0x78, 0x0F, 0x00,
    0xF4, 0x3C, 0x00, 0xF0, 0xF0, 0x02, 0xE3, 0xC0, 0x03, 0xD0, 0x0B, 0xFE, 0x43, 0xEA, 0xBC, 0xB4,
    0x00, 0x0B, 0x00, 0x00, 0xB4, 0x00, 0x03, 0xE0, 0x00, 0x0F, 0xE4, 0x00, 0x1B, 0xF0, 0x00, 0x0B,
    0xC0, 0x00, 0x2D, 0x00, 0x01, 0xD0, 0x00, 0x3C, 0xFA, 0xAF, 0x87, 0xFF, 0x90, 0xFF, 0xFF, 0xFD,
    0x55, 0xBD, 0x54, 0x00, 0x38, 0x00, 0x00, 0x38, 0x00, 0x00, 0x38, 0x00, 0x00, 0x38, 0x00, 0x00,
    0x38, 0x00, 0x00, 0x38, 0x00, 0x00, 0x38, 0x00, 0x00, 0x38, 0x00, 0x00, 0x38, 0x00, 0x00, 0x38,
    0x00, 0x00, 0x38, 0x00, 0x00, 0x38, 0x00, 0x3C, 0x00, 0x0B, 0x4F, 0x00, 0x02, 0xD3, 0xC0, 0x00,
    0xB4, 0xF0, 0x00, 0x2D, 0x3C, 0x00, 0x0B, 0x4F, 0x00, 0x02, 0xD3, 0xC0, 0x00, 0xB4, 0xF0, 0x00,
    0x2D, 0x3C, 0x00, 0x0B, 0x4F, 0x00, 0x02, 0xD3, 0xC0, 0x00, 0xF0, 0x78, 0x00, 0x78, 0x0B, 0xEA,
    0xFC, 0x00, 0x6F, 0xF4, 0x00, 0xF0, 0x00, 0x0B, 0x5E, 0x00, 0x03, 0xC3, 0xC0, 0x01, 0xE0, 0xB4,
    0x00, 0xF0, 0x1E, 0x00, 0x3C, 0x03, 0xC0, 0x2D, 0x00, 0xB4, 0x0F, 0x00, 0x0F, 0x07, 0x80, 0x03,
    0xC2, 0xD0, 0x00, 0x74, 0xF0, 0x00, 0x0F, 0x78, 0x00, 0x02, 0xEC, 0x00, 0x00, 0x7F, 0x00, 0x00,
    0x0F, 0x40, 0x00, 0xB4, 0x00, 0xB8, 0x00, 0x3C, 0x78, 0x00, 0xFC, 0x00, 0x78, 0x3C, 0x00, 0xFD,
    0x00, 0xB4, 0x3C, 0x01, 0xDE, 0x00, 0xF0, 0x1D, 0x03, 0xCF, 0x00, 0xF0, 0x0E, 0x03, 0x87, 0x41,
    0xE0, 0x0F, 0x07, 0x43, 0x82, 0xD0, 0x0B, 0x0B, 0x03, 0xC3, 0xC0, 0x07, 0x4F, 0x01, 0xD3, 0x80,
    0x03, 0x9D, 0x00, 0xE7, 0x40, 0x03, 0xEC, 0x00, 0xFB, 0x00, 0x02, 0xFC, 0x00, 0xBF, 0x00, 0x00,
    0xF8, 0x00, 0x3E, 0x00, 0x00, 0xF0, 0x00, 0x3D, 0x00, 0x7C, 0x00, 0x2D, 0x0B, 0x40, 0x0E, 0x00,
    0xF0, 0x0F, 0x00, 0x0F, 0x0B, 0x40, 0x02, 0xD3, 0x80, 0x00, 0x3F, 0xC0, 0x00, 0x03, 0xD0, 0x00,
    0x02, 0xF8, 0x00, 0x00, 0xEB, 0x40, 0x00, 0xF0, 0xF0, 0x00, 0xB4, 0x1E, 0x00, 0x38, 0x02, 0xD0,
    0x3C, 0x00, 0x3C, 0x2D, 0x00, 0x07, 0xC0, 0xB4, 0x00, 0x2D, 0x3C, 0x00, 0x3C, 0x2D, 0x00, 0xB4,
    0x0F, 0x00, 0xF0, 0x07, 0x42, 0xC0, 0x03, 0xC3, 0x80, 0x01, 0xDB, 0x00, 0x00, 0xBD, 0x00, 0x00,
    0x3C, 0x00, 0x00, 0x3C, 0x00, 0x00, 0x3C, 0x00, 0x00, 0x3C, 0x00, 0x00, 0x3C, 0x00, 0x00, 0x3C,
    0x00, 0x3F, 0xFF, 0xFC, 0x15, 0x55, 0xF8, 0x00, 0x00, 0xF0, 0x00, 0x03, 0xD0, 0x00, 0x07, 0x80,
    0x00, 0x0F, 0x00, 0x00, 0x3D, 0x00, 0x00, 0xB8, 0x00, 0x01, 0xF0, 0x00, 0x03, 0xC0, 0x00, 0x0B,
    0x40, 0x00, 0x1F, 0x00, 0x00, 0x3E, 0x55, 0x54, 0x3F, 0xFF, 0xFC, 0x7F, 0xD7, 0x94, 0x74, 0x07,
    0x40, 0x74, 0x07, 0x40, 0x74, 0x07, 0x40, 0x74, 0x07, 0x40, 0x74, 0x07, 0x40, 0x74, 0x07, 0x40,
    0x74, 0x07, 0x80, 0x7F, 0xD1, 0x54, 0xB0, 0x00, 0x38, 0x00, 0x3C, 0x00, 0x1D, 0x00, 0x0F, 0x00,
    0x0B, 0x00, 0x03, 0x80, 0x03, 0xC0, 0x01, 0xD0, 0x00, 0xF0, 0x00, 0xB0, 0x00, 0x38, 0x00, 0x3C,
    0x00, 0x1D, 0x7F, 0xC1, 0x7C, 0x02, 0xC0, 0x2C, 0x02, 0xC0, 0x2C, 0x02, 0xC0, 0x2C, 0x02, 0xC0,
    0x2C, 0x02, 0xC0, 0x2C, 0x02, 0xC0, 0x2C, 0x02, 0xC0, 0x2C, 0x7F, 0xC1, 0x54, 0x00, 0x38, 0x00,
    0x00, 0xBC, 0x00, 0x00, 0xDE, 0x00, 0x02, 0xC7, 0x00, 0x03, 0x83, 0x80, 0x07, 0x01, 0xC0, 0x0E,
    0x00, 0xF0, 0x1C, 0x00, 0x74, 0x38, 0x00, 0x3C, 0x00, 0x00, 0x00, 0xFF, 0xFF, 0xD1, 0x55, 0x55,
    0x00, 0x3D, 0x00, 0xF0, 0x03, 0xC0, 0x02, 0xFF, 0x40, 0xBA, 0xBD, 0x00, 0x00, 0xF0, 0x00, 0x0F,
    0x00, 0x00, 0xF0, 0x7F, 0xFF, 0x2F, 0x95, 0xF3, 0xC0, 0x0F, 0x3C, 0x01, 0xF2, 0xFA, 0xFF, 0x0B,
    0xF8, 0x70, 0x38, 0x00, 0x00, 0xE0, 0x00, 0x03, 0x80, 0x00, 0x0E, 0x00, 0x00, 0x38, 0xBF, 0x40,
    0xFE, 0x6F, 0x43, 0xD0, 0x0F, 0x0F, 0x00, 0x2D, 0x38, 0x00, 0x78, 0xE0, 0x01, 0xE3, 0x80, 0x07,
    0x8F, 0x00, 0x2D, 0x3D, 0x00, 0xF0, 0xEE, 0x6F, 0x43, 0x1B, 0xF4, 0x00, 0x06, 0xFE, 0x07, 0xEA,
    0xC3, 0xC0, 0x02, 0xD0, 0x00, 0xF0, 0x00, 0x3C, 0x00, 0x0F, 0x00, 0x02, 0xD0, 0x00, 0x3C, 0x00,
    0x0B, 0xEA, 0xC0, 0x6F, 0xE0, 0x00, 0x00, 0xF0, 0x00, 0x03, 0xC0, 0x00, 0x0F, 0x00, 0x00, 0x3C,
    0x07, 0xF8, 0xF0, 0xBE, 0xAF, 0xC7, 0xC0, 0x2F, 0x2D, 0x00, 0x3C, 0xF0, 0x00, 0xF3, 0xC0, 0x03,
    0xCF, 0x00, 0x0F, 0x2D, 0x00, 0x3C, 0x7C, 0x01, 0xF0, 0xBE, 0xAF, 0xC0, 0x7F, 0x8B, 0x00, 0x06,
    0xFD, 0x01, 0xFA, 0xF8, 0x38, 0x02, 0xDB, 0x40, 0x1E, 0xFF, 0xFF, 0xEF, 0x55, 0x54, 0xF0, 0x00,
    0x0B, 0x40, 0x00, 0x3C, 0x00, 0x01, 0xF9, 0xAC, 0x02, 0xFF, 0x80, 0x01, 0xFE, 0x01, 0xFA, 0x40,
    0xB4, 0x00, 0x2C, 0x00, 0x7F, 0xFC, 0x17, 0xE5, 0x00, 0xB0, 0x00, 0x2C, 0x00, 0x0B, 0x00, 0x02,
    0xC0, 0x00, 0xB0, 0x00, 0x2C, 0x00, 0x0B, 0x00, 0x02, 0xC0, 0x00, 0xB0, 0x00, 0x07, 0xF8, 0xB0,
    0xBE, 0xBF, 0xC3, 0xC0, 0x2F, 0x2D, 0x00, 0x3C, 0xF0, 0x00, 0xF3, 0xC0, 0x03, 0xCF, 0x00, 0x0F,
    0x2D, 0x00, 0x3C, 0x7C, 0x01, 0xF0, 0xBE, 0xBF, 0xC0, 0x7F, 0x8F, 0x00, 0x00, 0x3C, 0x00, 0x00,
    0xF0, 0x00, 0x0B, 0x83, 0xEA, 0xFC, 0x06, 0xFF, 0x80, 0x38, 0x00, 0x00, 0xE0, 0x00, 0x03, 0x80,
    0x00, 0x0E, 0x00, 0x00, 0x38, 0xBF, 0x40, 0xFE, 0x6F, 0x83, 0xD0, 0x0F, 0x0F, 0x00, 0x2C, 0x38,
    0x00, 0xB0, 0xE0, 0x02, 0xC3, 0x80, 0x0B, 0x0E, 0x00, 0x2C, 0x38, 0x00, 0xB0, 0xE0, 0x02, 0xC3,
    0x80, 0x0B, 0x00, 0x38, 0xE0, 0x00, 0x38, 0xE3, 0x8E, 0x38, 0xE3, 0x8E, 0x38, 0xE3, 0x80, 0x00,
    0xE0, 0x0E, 0x00, 0x00, 0x00, 0x00, 0xE0, 0x0E, 0x00, 0xE0, 0x0E, 0x00, 0xE0, 0x0E, 0x00, 0xE0,
    0x0E, 0x00, 0xE0, 0x0E, 0x00, 0xE0, 0x0E, 0x00, 0xE0, 0x1D, 0x2B, 0xC3, 0xF4, 0x38, 0x00, 0x03,
    0x80, 0x00, 0x38, 0x00, 0x03, 0x80, 0x00, 0x38, 0x03, 0xC3, 0x80, 0xF0, 0x38, 0x3D, 0x03, 0x8F,
    0x40, 0x3A, 0xD0, 0x03, 0xFE, 0x00, 0x3C, 0xB4, 0x03, 0x83, 0xD0, 0x38, 0x0F, 0x03, 0x80, 0x7C,
    0x38, 0x02, 0xE0, 0x38, 0xE3, 0x8E, 0x38, 0xE3, 0x8E, 0x38, 0xE3, 0x8E, 0x38, 0xE3, 0x80, 0x35,
    0xBF, 0x06, 0xFD, 0x0E, 0xE6, 0xF7, 0xAB, 0xC3, 0xD0, 0x1F, 0x40, 0x78, 0xF0, 0x03, 0xC0, 0x0F,
    0x38, 0x00, 0xE0, 0x03, 0xCE, 0x00, 0x38, 0x00, 0xF3, 0x80, 0x0E, 0x00, 0x3C, 0xE0, 0x03, 0x80,
    0x0F, 0x38, 0x00, 0xE0, 0x03, 0xCE, 0x00, 0x38, 0x00, 0xF3, 0x80, 0x0E, 0x00, 0x3C, 0x34, 0xBF,
    0x40, 0xEE, 0x6F, 0x83, 0xD0, 0x0F, 0x0F, 0x00, 0x2C, 0x38, 0x00, 0xB0, 0xE0, 0x02, 0xC3, 0x80,
    0x0B, 0x0E, 0x00, 0x2C, 0x38, 0x00, 0xB0, 0xE0, 0x02, 0xC3, 0x80, 0x0B, 0x00, 0x06, 0xFE, 0x00,
    0x7E, 0x6F, 0x03, 0xC0, 0x1F, 0x2D, 0x00, 0x3C, 0xF0, 0x00, 0xB7, 0xC0, 0x01, 0xDF, 0x00, 0x0B,
    0x6D, 0x00, 0x3C, 0x3C, 0x01, 0xF0, 0x7E, 0x6F, 0x00, 0x2F, 0xE0, 0x00, 0x34, 0xBF, 0x40, 0xEE,
    0xAF, 0x43, 0xD0, 0x0F, 0x0F, 0x00, 0x2D, 0x38, 0x00, 0x78, 0xE0, 0x01, 0xE3, 0x80, 0x07, 0x8F,
    0x00, 0x2D, 0x3D, 0x00, 0xF0, 0xFE, 0x6F, 0x43, 0x8B, 0xF4, 0x0E, 0x00, 0x00, 0x38, 0x00, 0x00,
    0xE0, 0x00, 0x03, 0x80, 0x00, 0x0E, 0x00, 0x00, 0x07, 0xF8, 0xB0, 0xBE, 0xBF, 0xC7, 0xC0, 0x2F,
    0x2D, 0x00, 0x3C, 0xF0, 0x00, 0xF3, 0xC0, 0x03, 0xCF, 0x00, 0x0F, 0x2D, 0x00, 0x3C, 0x7C, 0x02,
    0xF0, 0xBE, 0xBF, 0xC0, 0x7F, 0x8F, 0x00, 0x00, 0x3C, 0x00, 0x00, 0xF0, 0x00, 0x03, 0xC0, 0x00,
    0x0F, 0x00, 0x00, 0x3C, 0x34, 0xBC, 0x37, 0xE8, 0x3E, 0x00, 0x3C, 0x00, 0x38, 0x00, 0x38, 0x00,
    0x38, 0x00, 0x38, 0x00, 0x38, 0x00, 0x38, 0x00, 0x38, 0x00, 0x1F, 0xF9, 0x2F, 0xAB, 0x4F, 0x00,
    0x03, 0xC0, 0x00, 0x7E, 0x40, 0x02, 0xFD, 0x00, 0x07, 0xE0, 0x00, 0x3C, 0x00, 0x0F, 0x3E, 0x6F,
    0x87, 0xFE, 0x40, 0x01, 0x00, 0x0B, 0x00, 0x0F, 0x00, 0x7F, 0xFC, 0x6F, 0x54, 0x0F, 0x00, 0x0F,
    0x00, 0x0F, 0x00, 0x0F, 0x00, 0x0F, 0x00, 0x0F, 0x00, 0x0F, 0x00, 0x0B, 0xD8, 0x02, 0xFC, 0x78,
    0x00, 0xB1, 0xE0, 0x02, 0xC7, 0x80, 0x0B, 0x1E, 0x00, 0x2C, 0x78, 0x00, 0xB1, 0xE0, 0x02, 0xC7,
    0x80, 0x0F, 0x1E, 0x00, 0x3C, 0x3C, 0x02, 0xF0, 0xFE, 0xAF, 0xC0, 0xBF, 0x87, 0x00, 0xF0, 0x00,
    0xB5, 0xE0, 0x03, 0xC3, 0xC0, 0x1E, 0x0B, 0x00, 0xB0, 0x1E, 0x03, 0xC0, 0x3C, 0x1D, 0x00, 0xB4,
    0xF0, 0x00, 0xE3, 0x80, 0x02, 0xDD, 0x00, 0x07, 0xF0, 0x00, 0x0F, 0x80, 0x00, 0xB4, 0x03, 0xD0,
    0x0F, 0x1E, 0x01, 0xF8, 0x03, 0x83, 0xC0, 0xBB, 0x01, 0xD0, 0xF0, 0x3D, 0xD0, 0xB0, 0x2D, 0x0D,
    0x38, 0x3C, 0x03, 0x8B, 0x0F, 0x0E, 0x00, 0xF3, 0xC1, 0xC7, 0x40, 0x2C, 0xE0, 0x3A, 0xC0, 0x07,
    0xB0, 0x0E, 0xE0, 0x00, 0xFC, 0x02, 0xF4, 0x00, 0x3E, 0x00, 0x7C, 0x00, 0x3C, 0x00, 0xF0, 0x78,
    0x0B, 0x40, 0xB4, 0x78, 0x00, 0xF3, 0xC0, 0x00, 0xFC, 0x00, 0x03, 0xF0, 0x00, 0x1F, 0xD0, 0x00,
    0xF3, 0xC0, 0x0F, 0x03, 0xC0, 0xB4, 0x07, 0x87, 0xC0, 0x0F, 0x40, 0xF0, 0x00, 0xB5, 0xE0, 0x03,
    0xC3, 0xC0, 0x1E, 0x0B, 0x40, 0xB4, 0x0E, 0x03, 0xC0, 0x3C, 0x1E, 0x00, 0x74, 0xB0, 0x00, 0xF3,
    0xC0, 0x02, 0xDD, 0x00, 0x03, 0xF0, 0x00, 0x0F, 0x80, 0x00, 0x2C, 0x00, 0x00, 0xF0, 0x00, 0x0B,
    0x40, 0x05, 0xB8, 0x00, 0x2F, 0x80, 0x00, 0x3F, 0xFF, 0xC5, 0x56, 0xE0, 0x00, 0xF0, 0x00, 0xB4,
    0x00, 0x78, 0x00, 0x3C, 0x00, 0x3C, 0x00, 0x2D, 0x00, 0x1E, 0x00, 0x0F, 0x95, 0x53, 0xFF, 0xFC,
    0x00, 0x6C, 0x01, 0xF8, 0x03, 0xC0, 0x03, 0xC0, 0x03, 0xC0, 0x03, 0xC0, 0x03, 0xC0, 0x0B, 0x40,
    0x7D, 0x00, 0x1F, 0x40, 0x03, 0xC0, 0x03, 0xC0, 0x03, 0xC0, 0x03, 0xC0, 0x03, 0xC0, 0x02, 0xE0,
    0x00, 0xBD, 0x00, 0x00, 0x38, 0xE3, 0x8E, 0x38, 0xE3, 0x8E, 0x38, 0xE3, 0x8E, 0x38, 0xE3, 0x8E,
    0x38, 0xE3, 0x8E, 0x79, 0x00, 0x2F, 0x40, 0x03, 0x80, 0x03, 0xC0, 0x03, 0xC0, 0x03, 0xC0, 0x03,
    0xC0, 0x02, 0xE0, 0x00, 0x7D, 0x01, 0xF4, 0x03, 0xC0, 0x03, 0xC0, 0x03, 0xC0, 0x03, 0xC0, 0x03,
    0xC0, 0x1B, 0x40, 0x7E, 0x00, 0x00, 0x00, 0x00, 0x00, 0x0B, 0xFE, 0x46, 0xE5, 0xFF, 0xE0, 0x00,
    0x10, 0x38, 0x7C, 0x38, 0x00, 0x00, 0x34, 0x34, 0x38, 0x38, 0x38, 0x38, 0x38, 0x3C, 0x7C, 0x7C,
    0x00, 0x34, 0x00, 0x2F, 0xFC, 0x0F, 0x96, 0x82, 0xE0, 0x00, 0x3C, 0x00, 0x03, 0xC0, 0x00, 0x3C,
    0x00, 0x03, 0xC0, 0x00, 0x3C, 0x00, 0x02, 0xD0, 0x00, 0x0F, 0x81, 0x80, 0x3F, 0xFC, 0x00, 0x38,
    0x00, 0x03, 0x40, 0x00, 0x7F, 0xE0, 0x02, 0xFA, 0xB4, 0x03, 0xC0, 0x00, 0x07, 0x80, 0x00, 0x07,
    0x80, 0x00, 0x07, 0x80, 0x00, 0x7F, 0xFF, 0xC0, 0x1B, 0x95, 0x40, 0x07, 0x80, 0x00, 0x07, 0x80,
    0x00, 0x07, 0x40, 0x00, 0x0F, 0x00, 0x00, 0x2E, 0x55, 0x54, 0x7F, 0xFF, 0xFC, 0x10, 0x00, 0x4B,
    0x6F, 0x9D, 0x3F, 0xAF, 0x82, 0xC0, 0x38, 0x34, 0x01, 0xC3, 0x40, 0x1C, 0x38, 0x02, 0xC2, 0xE0,
    0xB4, 0x7F, 0xFF, 0xC2, 0x04, 0x08, 0x74, 0x00, 0x2D, 0x3C, 0x00, 0x38, 0x0E, 0x00, 0xB0, 0x0B,
    0x00, 0xD0, 0x03, 0x82, 0xC0, 0x01, 0xC3, 0x00, 0x00, 0xEA, 0x00, 0x0F, 0xFF, 0xF0, 0x05, 0x7D,
    0x50, 0x00, 0x3C, 0x00, 0x0F, 0xFF, 0xF0, 0x05, 0x7D, 0x50, 0x00, 0x3C, 0x00, 0x00, 0x3C, 0x00,
    0x38, 0xE3, 0x8E, 0x38, 0xE3, 0x8E, 0x00, 0x00, 0x00, 0x38, 0xE3, 0x8E, 0x38, 0xE3, 0x8E, 0x1B,
    0xFD, 0x0F, 0x9B, 0xCB, 0x00, 0x01, 0xE0, 0x00, 0x1F, 0x90, 0x0F, 0xBF, 0x47, 0x00, 0xF2, 0xC0,
    0x1D, 0x3D, 0x0B, 0x07, 0xFB, 0x40, 0x0B, 0xD0, 0x00, 0x3C, 0x00, 0x0B, 0x3E, 0xAB, 0xC6, 0xFF,
    0x40, 0x00, 0x0F, 0x0F, 0x00, 0x00, 0x00, 0x00, 0x00, 0x00, 0x00, 0x7F, 0xF8, 0x00, 0x03, 0xE5,
    0x6F, 0x40, 0x0E, 0x00, 0x02, 0xD0, 0x38, 0x1F, 0xF4, 0x70, 0x70, 0x7D, 0x60, 0x28, 0xA0, 0xF0,
    0x00, 0x1C, 0xD0, 0xE0, 0x00, 0x0C, 0xC0, 0xE0, 0x00, 0x0D, 0xD0, 0xE0, 0x00, 0x0C, 0xD0, 0xF0,
    0x00, 0x0C, 0x70, 0x78, 0x10, 0x2C, 0x38, 0x2F, 0xF0, 0x74, 0x1E, 0x01, 0x41, 0xE0, 0x07, 0xD4,
    0x1F, 0x80, 0x00, 0xBF, 0xFD, 0x00, 0x00, 0x01, 0x40, 0x00, 0x2F, 0xE0, 0x00, 0xD1, 0xFF, 0x4D,
    0x0D, 0x30, 0x74, 0xBE, 0x90, 0x00, 0x80, 0x80, 0x2C, 0x2D, 0x0B, 0x47, 0x81, 0xE1, 0xE0, 0x3C,
    0x3C, 0x01, 0xE1, 0xE0, 0x0B, 0x47, 0x80, 0x3C, 0x2D, 0x00, 0x80, 0x80, 0x00, 0x00, 0x0F, 0xFF,
    0xFF, 0x55, 0x55, 0xF0, 0x00, 0x0B, 0x00, 0x00, 0xB0, 0x00, 0x0B, 0x00, 0x00, 0x10, 0x00, 0x03,
    0xFF, 0x15, 0x50, 0x00, 0x00, 0x00, 0x00, 0x00, 0x7F, 0xF8, 0x00, 0x03, 0xE5, 0x6F, 0x40, 0x0E,
    0x00, 0x02, 0xD0, 0x38, 0x00, 0x00, 0x70, 0x70, 0x3F, 0xE0, 0x28, 0xA0, 0x39, 0xB8, 0x1C, 0xD0,
    0x34, 0x38, 0x0C, 0xC0, 0x34, 0x78, 0x0D, 0xD0, 0x3F, 0xE0, 0x0C, 0xD0, 0x39, 0xE0, 0x0C, 0x70,
    0x34, 0x74, 0x2C, 0x38, 0x34, 0x3C, 0x74, 0x1E, 0x00, 0x01, 0xE0, 0x07, 0xD4, 0x1F, 0x80, 0x00,
    0xBF, 0xFD, 0x00, 0x00, 0x01, 0x40, 0x00, 0x00, 0x00, 0x00, 0x3F, 0xFF, 0xFD, 0x15, 0x55, 0x54,
    0x00, 0x00, 0xBF, 0x47, 0x9B, 0x78, 0x0A, 0xE0, 0x2A, 0xD1, 0xD2, 0xFE, 0x00, 0x40, 0x00, 0xE0,
    0x00, 0x0E, 0x00, 0x00, 0xE0, 0x00, 0x0E, 0x00, 0xFF, 0xFF, 0xF5, 0x5F, 0x55, 0x00, 0xE0, 0x00,
    0x0E, 0x00, 0x00, 0xE0, 0x00, 0x0E, 0x00, 0x55, 0x55, 0x5F, 0xFF, 0xFF, 0x00, 0x00, 0x7F, 0x43,
    0x5B, 0x00, 0x0D, 0x00, 0x70, 0x03, 0x80, 0x38, 0x03, 0x80, 0x3C, 0x01, 0xFF, 0xD0, 0x00, 0x00,
    0x00, 0x00, 0xBF, 0x47, 0x5B, 0x00, 0x0D, 0x00, 0xB0, 0x7F, 0x40, 0x1B, 0x40, 0x0E, 0x50, 0x75,
    0xFF, 0x80, 0x00, 0x00, 0x0B, 0x80, 0xF0, 0x38, 0x00, 0x38, 0x00, 0xB0, 0xE0, 0x02, 0xC3, 0x80,
    0x0B, 0x0E, 0x00, 0x2C, 0x38, 0x00, 0xB0, 0xE0, 0x02, 0xC3, 0x80, 0x0B, 0x0E, 0x00, 0x3C, 0x3C,
    0x01, 0xF0, 0xFE, 0x6E, 0xC3, 0xAF, 0x87, 0x0E, 0x00, 0x00, 0x38, 0x00, 0x00, 0xE0, 0x00, 0x03,
    0x80, 0x00, 0x0E, 0x00, 0x00, 0x0B, 0xFF, 0xF4, 0xFF, 0xF9, 0xD7, 0xFF, 0xC3, 0x6F, 0xFF, 0x0D,
    0xFF, 0xFC, 0x37, 0xFF, 0xF0, 0xDF, 0xFF, 0xC3, 0x6F, 0xFF, 0x0D, 0x3F, 0xFC, 0x34, 0x3F, 0xF0,
    0xD0, 0x00, 0xC3, 0x40, 0x03, 0x0D, 0x00, 0x0C, 0x34, 0x00, 0x30, 0xD0, 0x00, 0xC3, 0x40, 0x03,
    0x0D, 0x00, 0x0C, 0x34, 0x00, 0x30, 0x90, 0x38, 0x7C, 0x38, 0x0C, 0x0B, 0x40, 0xB4, 0x1D, 0xBE,
    0x00, 0x00, 0x07, 0xCB, 0xF3, 0x5C, 0x07, 0x01, 0xC0, 0x70, 0x1C, 0x07, 0x01, 0xC0, 0x0B, 0xE0,
    0x38, 0x28, 0x30, 0x1C, 0x70, 0x0C, 0x30, 0x1C, 0x38, 0x38, 0x0B, 0xE0, 0x14, 0x14, 0x02, 0xC2,
    0xD0, 0x0F, 0x0F, 0x00, 0x3C, 0x3C, 0x01, 0xE1, 0xE0, 0x3C, 0x3C, 0x0F, 0x0F, 0x02, 0xC2, 0xD0,
    0x14, 0x14, 0x00, 0x07, 0xC0, 0x02, 0xC0, 0x2F, 0xC0, 0x03, 0x40, 0x32, 0xC0, 0x0F, 0x00, 0x02,
    0xC0, 0x1C, 0x00, 0x02, 0xC0, 0x38, 0x00, 0x02, 0xC0, 0xB0, 0x00, 0x02, 0xC0, 0xD0, 0xF0, 0x02,
    0xC3, 0x81, 0xF0, 0x02, 0xC7, 0x03, 0xB0, 0x00, 0x0E, 0x0D, 0x70, 0x00, 0x2C, 0x1C, 0xB0, 0x00,
    0x74, 0x30, 0xB0, 0x00, 0xE0, 0xBF, 0xFD, 0x01, 0xC0, 0x00, 0xB4, 0x03, 0x40, 0x00, 0xB0, 0x0B,
    0x80, 0x03, 0x40, 0x3B, 0x80, 0x0E, 0x00, 0x13, 0x80, 0x2C, 0x00, 0x03, 0x80, 0x34, 0x00, 0x03,
    0x80, 0xF0, 0x00, 0x03, 0x81, 0xCB, 0xF0, 0x03, 0x83, 0x9D, 0x3C, 0x03, 0x8B, 0x00, 0x1C, 0x03,
    0x9D, 0x00, 0x2C, 0x00, 0x38, 0x00, 0x34, 0x00, 0xB0, 0x00, 0xE0, 0x00, 0xD0, 0x03, 0x80, 0x03,
    0x80, 0x0E, 0x00, 0x07, 0x00, 0x2F, 0xFC, 0x04, 0x00, 0x05, 0x54, 0x00, 0x00, 0x00, 0x00, 0x0B,
    0xF4, 0x00, 0x3C, 0x07, 0x9B, 0x00, 0x1C, 0x00, 0x00, 0xD0, 0x0E, 0x00, 0x00, 0xB0, 0x0B, 0x00,
    0x07, 0xF4, 0x03, 0x40, 0x00, 0x5B, 0x43, 0xC0, 0x00, 0x00, 0xE1, 0xC0, 0xF0, 0x50, 0x74, 0xE0,
    0xBC, 0x2F, 0xF8, 0xB0, 0x7B, 0x00, 0x50, 0x34, 0x32, 0xC0, 0x00, 0x3C, 0x28, 0xF0, 0x00, 0x1C,
    0x1C, 0x3C, 0x00, 0x0E, 0x0F, 0xFF, 0xC0, 0x0B, 0x00, 0x03, 0xC0, 0x03, 0x40, 0x00, 0xF0, 0x00,
    0xB4, 0x00, 0x3E, 0x00, 0x0B, 0x00, 0x00, 0x00, 0x00, 0x20, 0x00, 0x1C, 0x00, 0x0F, 0x00, 0x0F,
    0x40, 0x0F, 0x40, 0x0F, 0x00, 0x07, 0x40, 0x01, 0xD0, 0x00, 0x78, 0x00, 0x0F, 0xEB, 0xE0, 0xBF,
    0xE0, 0x00, 0xF4, 0x00, 0x00, 0x03, 0xC0, 0x00, 0x00, 0x0B, 0x00, 0x00, 0x00, 0x00, 0x00, 0x00,
    0x00, 0x00, 0x00, 0x01, 0xE0, 0x00, 0x00, 0x3F, 0x00, 0x00, 0x03, 0xB8, 0x00, 0x00, 0xB3, 0xC0,
    0x00, 0x0E, 0x1D, 0x00, 0x01, 0xD0, 0xF0, 0x00, 0x3C, 0x0B, 0x00, 0x07, 0x80, 0x38, 0x00, 0xBF,
    0xFF, 0xC0, 0x0F, 0xAA, 0xAD, 0x02, 0xD0, 0x00, 0xF0, 0x3C, 0x00, 0x0B, 0x07, 0x40, 0x00, 0x78,
    0xF0, 0x00, 0x03, 0xC0, 0x00, 0x03, 0xD0, 0x00, 0x00, 0x74, 0x00, 0x00, 0x1D, 0x00, 0x00, 0x00,
    0x00, 0x00, 0x00, 0x00, 0x00, 0x00, 0x01, 0xE0, 0x00, 0x00, 0x3F, 0x00, 0x00, 0x03, 0xB8, 0x00,
    0x00, 0xB3, 0xC0, 0x00, 0x0E, 0x1D, 0x00, 0x01, 0xD0, 0xF0, 0x00, 0x3C, 0x0B, 0x00, 0x07, 0x80,
    0x38, 0x00, 0xBF, 0xFF, 0xC0, 0x0F, 0xAA, 0xAD, 0x02, 0xD0, 0x00, 0xF0, 0x3C, 0x00, 0x0B, 0x07,
    0x40, 0x00, 0x78, 0xF0, 0x00, 0x03, 0xC0, 0x00, 0x2F, 0x00, 0x00, 0x0B, 0xBC, 0x00, 0x02, 0xC0,
    0xF0, 0x00, 0x00, 0x00, 0x00, 0x00, 0x00, 0x00, 0x00, 0x01, 0xE0, 0x00, 0x00, 0x3F, 0x00, 0x00,
    0x03, 0xB8, 0x00, 0x00, 0xB3, 0xC0, 0x00, 0x0E, 0x1D, 0x00, 0x01, 0xD0, 0xF0, 0x00, 0x3C, 0x0B,
    0x00, 0x07, 0x80, 0x38, 0x00, 0xBF, 0xFF, 0xC0, 0x0F, 0xAA, 0xAD, 0x02, 0xD0, 0x00, 0xF0, 0x3C,
    0x00, 0x0B, 0x07, 0x40, 0x00, 0x78, 0xF0, 0x00, 0x03, 0xC0, 0x00, 0x00, 0x00, 0x00, 0x1F, 0xD3,
    0x40, 0x03, 0x9F, 0xF0, 0x00, 0x10, 0x04, 0x00, 0x00, 0x00, 0x00, 0x00, 0x00, 0x00, 0x00, 0x00,
    0x1E, 0x00, 0x00, 0x03, 0xF0, 0x00, 0x00, 0x3B, 0x80, 0x00, 0x0B, 0x3C, 0x00, 0x00, 0xE1, 0xD0,
    0x00, 0x1D, 0x0F, 0x00, 0x03, 0xC0, 0xB0, 0x00, 0x78, 0x03, 0x80, 0x0B, 0xFF, 0xFC, 0x00, 0xFA,
    0xAA, 0xD0, 0x2D, 0x00, 0x0F, 0x03, 0xC0, 0x00, 0xB0, 0x74, 0x00, 0x07, 0x8F, 0x00, 0x00, 0x3C,
    0x00, 0x00, 0x00, 0x00, 0x0E, 0x1D, 0x00, 0x00, 0x40, 0x40, 0x00, 0x00, 0x00, 0x00, 0x00, 0x00,
    0x00, 0x00, 0x01, 0xE0, 0x00, 0x00, 0x3F, 0x00, 0x00, 0x03, 0xB8, 0x00, 0x00, 0xB3, 0xC0, 0x00,
    0x0E, 0x1D, 0x00, 0x01, 0xD0, 0xF0, 0x00, 0x3C, 0x0B, 0x00, 0x07, 0x80, 0x38, 0x00, 0xBF, 0xFF,
    0xC0, 0x0F, 0xAA, 0xAD, 0x02, 0xD0, 0x00, 0xF0, 0x3C, 0x00, 0x0B, 0x07, 0x40, 0x00, 0x78, 0xF0,
    0x00, 0x03, 0xC0, 0x00, 0x00, 0x00, 0x00, 0x03, 0xF4, 0x00, 0x00, 0xB6, 0xC0, 0x00, 0x0A, 0x2C,
    0x00, 0x00, 0x3F, 0x40, 0x00, 0x03, 0xF0, 0x00, 0x00, 0x3B, 0x80, 0x00, 0x0B, 0x3C, 0x00, 0x00,
    0xE1, 0xD0, 0x00, 0x1D, 0x0F, 0x00, 0x03, 0xC0, 0xB0, 0x00, 0x78, 0x03, 0x80, 0x0B, 0xFF, 0xFC,
    0x00, 0xFA, 0xAA, 0xD0, 0x2D, 0x00, 0x0F, 0x03, 0xC0, 0x00, 0xB0, 0x74, 0x00, 0x07, 0x8F, 0x00,
    0x00, 0x3C, 0x00, 0x00, 0xFF, 0xFF, 0xF0, 0x00, 0x0B, 0x7E, 0x55, 0x40, 0x00, 0x38, 0xB0, 0x00,
    0x00, 0x02, 0xC2, 0xC0, 0x00, 0x00, 0x0E, 0x0B, 0x00, 0x00, 0x00, 0xB0, 0x2D, 0x00, 0x00, 0x03,
    0x80, 0xBF, 0xFE, 0x00, 0x2C, 0x02, 0xD5, 0x50, 0x00, 0xFF, 0xFF, 0x00, 0x00, 0x0B, 0x55, 0x7C,
    0x00, 0x00, 0x38, 0x00, 0xB0, 0x00, 0x03, 0xC0, 0x02, 0xC0, 0x00, 0x1E, 0x00, 0x0B, 0x95, 0x50,
    0xF0, 0x00, 0x2F, 0xFF, 0xC0, 0x00, 0x7F, 0xF8, 0x07, 0xF9, 0xBC, 0x1F, 0x40, 0x00, 0x3C, 0x00,
    0x00, 0x78, 0x00, 0x00, 0xB4, 0x00, 0x00, 0xB4, 0x00, 0x00, 0xB4, 0x00, 0x00, 0xB4, 0x00, 0x00,
    0x78, 0x00, 0x00, 0x3C, 0x00, 0x00, 0x1F, 0x00, 0x00, 0x0B, 0xE9, 0xAC, 0x00, 0xBF, 0xF8, 0x00,
    0x09, 0x00, 0x00, 0x1E, 0x00, 0x00, 0x07, 0x80, 0x00, 0x03, 0xC0, 0x00, 0x7F, 0x00, 0x00, 0x00,
    0x00, 0x0F, 0x00, 0x00, 0xF0, 0x00, 0x0E, 0x00, 0x00, 0x00, 0x00, 0x00, 0x3F, 0xFF, 0xDF, 0x55,
    0x53, 0xC0, 0x00, 0xF0, 0x00, 0x3C, 0x00, 0x0F, 0x00, 0x03, 0xFF, 0xFC, 0xF5, 0x55, 0x3C, 0x00,
    0x0F, 0x00, 0x03, 0xC0, 0x00, 0xF0, 0x00, 0x3D, 0x55, 0x4F, 0xFF, 0xF4, 0x00, 0x3C, 0x00, 0x3D,
    0x00, 0x2C, 0x00, 0x00, 0x00, 0x00, 0x00, 0x3F, 0xFF, 0xDF, 0x55, 0x53, 0xC0, 0x00, 0xF0, 0x00,
    0x3C, 0x00, 0x0F, 0x00, 0x03, 0xFF, 0xFC, 0xF5, 0x55, 0x3C, 0x00, 0x0F, 0x00, 0x03, 0xC0, 0x00,
    0xF0, 0x00, 0x3D, 0x55, 0x4F, 0xFF, 0xF4, 0x03, 0xE0, 0x03, 0xEE, 0x03, 0x81, 0xE0, 0x00, 0x00,
    0x00, 0x00, 0x3F, 0xFF, 0xDF, 0x55, 0x53, 0xC0, 0x00, 0xF0, 0x00, 0x3C, 0x00, 0x0F, 0x00, 0x03,
    0xFF, 0xFC, 0xF5, 0x55, 0x3C, 0x00, 0x0F, 0x00, 0x03, 0xC0, 0x00, 0xF0, 0x00, 0x3D, 0x55, 0x4F,
    0xFF, 0xF4, 0x00, 0x00, 0x07, 0x4B, 0x00, 0x40, 0x00, 0x00, 0x00, 0x00, 0x00, 0x3F, 0xFF, 0xDF,
    0x55, 0x53, 0xC0, 0x00, 0xF0, 0x00, 0x3C, 0x00, 0x0F, 0x00, 0x03, 0xFF, 0xFC, 0xF5, 0x55, 0x3C,
    0x00, 0x0F, 0x00, 0x03, 0xC0, 0x00, 0xF0, 0x00, 0x3D, 0x55, 0x4F, 0xFF, 0xF4, 0x3D, 0x00, 0x3C,
    0x00, 0x3C, 0x00, 0x00, 0x00, 0x00, 0xFF, 0xC0, 0xB8, 0x01, 0xD0, 0x07, 0x40, 0x1D, 0x00, 0x74,
    0x01, 0xD0, 0x07, 0x40, 0x1D, 0x00, 0x74, 0x01, 0xD0, 0x07, 0x40, 0x2E, 0x03, 0xFF, 0x00, 0x00,
    0xF4, 0x0B, 0x40, 0x74, 0x00, 0x00, 0x00, 0x00, 0xFF, 0xC0, 0xB8, 0x01, 0xD0, 0x07, 0x40, 0x1D,
    0x00, 0x74, 0x01, 0xD0, 0x07, 0x40, 0x1D, 0x00, 0x74, 0x01, 0xD0, 0x07, 0x40, 0x2E, 0x03, 0xFF,
    0x00, 0x0F, 0xC0, 0x2E, 0xE0, 0xB0, 0x38, 0x00, 0x00, 0x00, 0x00, 0x3F, 0xF0, 0x0B, 0x80, 0x07,
    0x40, 0x07, 0x40, 0x07, 0x40, 0x07, 0x40, 0x07, 0x40, 0x07, 0x40, 0x07, 0x40, 0x07, 0x40, 0x07,
    0x40, 0x07, 0x40, 0x0B, 0x80, 0x3F, 0xF0, 0x00, 0x01, 0xD1, 0xD1, 0x01, 0x00, 0x00, 0x00, 0x00,
    0xFF, 0xC0, 0xB8, 0x01, 0xD0, 0x07, 0x40, 0x1D, 0x00, 0x74, 0x01, 0xD0, 0x07, 0x40, 0x1D, 0x00,
    0x74, 0x01, 0xD0, 0x07, 0x40, 0x2E, 0x03, 0xFF, 0x00, 0x0F, 0xFF, 0xE0, 0x00, 0xF5, 0x6F, 0xE0,
    0x0F, 0x00, 0x0F, 0x80, 0xF0, 0x00, 0x3C, 0x0F, 0x00, 0x01, 0xE0, 0xF0, 0x00, 0x0F, 0x7F, 0xFF,
    0x00, 0xF1, 0xF5, 0x40, 0x0F, 0x0F, 0x00, 0x00, 0xF0, 0xF0, 0x00, 0x2E, 0x0F, 0x00, 0x03, 0xC0,
    0xF0, 0x00, 0xF4, 0x0F, 0x5A, 0xFD, 0x00, 0xFF, 0xFD, 0x00, 0x00, 0x00, 0x00, 0x03, 0xF4, 0xA0,
    0x0A, 0x6F, 0xC0, 0x04, 0x01, 0x00, 0x00, 0x00, 0x00, 0x00, 0x00, 0x00, 0xF8, 0x00, 0x0F, 0xFC,
    0x00, 0x0F, 0xFF, 0x00, 0x0F, 0xEB, 0x40, 0x0F, 0xE3, 0xC0, 0x0F, 0xE0, 0xE0, 0x0F, 0xE0, 0xB4,
    0x0F, 0xF0, 0x3C, 0x0F, 0xF0, 0x0E, 0x0F, 0xF0, 0x07, 0x4F, 0xF0, 0x03, 0xCF, 0xF0, 0x00, 0xEF,
    0xF0, 0x00, 0x7F, 0xF0, 0x00, 0x2F, 0x00, 0x7C, 0x00, 0x00, 0x01, 0xE0, 0x00, 0x00, 0x07, 0x40,
    0x00, 0x00, 0x00, 0x00, 0x00, 0x00, 0x00, 0x00, 0x0B, 0xFE, 0x40, 0x07, 0xE9, 0xBE, 0x01, 0xF0,
    0x00, 0xB8, 0x3C, 0x00, 0x03, 0xD7, 0x80, 0x00, 0x1E, 0xB4, 0x00, 0x00, 0xFB, 0x40, 0x00, 0x0F,
    0xB4, 0x00, 0x00, 0xFB, 0x40, 0x00, 0x0F, 0x78, 0x00, 0x01, 0xE3, 0xC0, 0x00, 0x3D, 0x1F, 0x00,
    0x0B, 0x80, 0xBE, 0x9B, 0xE0, 0x00, 0xBF, 0xE4, 0x00, 0x00, 0x01, 0xF0, 0x00, 0x00, 0x3C, 0x00,
    0x00, 0x0B, 0x00, 0x00, 0x00, 0x00, 0x00, 0x00, 0x00, 0x00, 0x00, 0x0B, 0xFE, 0x40, 0x07, 0xE9,
    0xBE, 0x01, 0xF0, 0x00, 0xB8, 0x3C, 0x00, 0x03, 0xD7, 0x80, 0x00, 0x1E, 0xB4, 0x00, 0x00, 0xFB,
    0x40, 0x00, 0x0F, 0xB4, 0x00, 0x00, 0xFB, 0x40, 0x00, 0x0F, 0x78, 0x00, 0x01, 0xE3, 0xC0, 0x00,
    0x3D, 0x1F, 0x00, 0x0B, 0x80, 0xBE, 0x9B, 0xE0, 0x00, 0xBF, 0xE4, 0x00, 0x00, 0x0F, 0x40, 0x00,
    0x03, 0xED, 0x00, 0x00, 0xE0, 0x74, 0x00, 0x00, 0x00, 0x00, 0x00, 0x00, 0x00, 0x00, 0x0B, 0xFE,
    0x40, 0x07, 0xE9, 0xBE, 0x01, 0xF0, 0x00, 0xB8, 0x3C, 0x00, 0x03, 0xD7, 0x80, 0x00, 0x1E, 0xB4,
    0x00, 0x00, 0xFB, 0x40, 0x00, 0x0F, 0xB4, 0x00, 0x00, 0xFB, 0x40, 0x00, 0x0F, 0x78, 0x00, 0x01,
    0xE3, 0xC0, 0x00, 0x3D, 0x1F, 0x00, 0x0B, 0x80, 0xBE, 0x9B, 0xE0, 0x00, 0xBF, 0xE4, 0x00, 0x00,
    0x00, 0x00, 0x00, 0x0F, 0xE2, 0xC0, 0x01, 0xDB, 0xF4, 0x00, 0x00, 0x04, 0x00, 0x00, 0x00, 0x00,
    0x00, 0x00, 0x00, 0x00, 0x00, 0xBF, 0xE4, 0x00, 0x7E, 0x9B, 0xE0, 0x1F, 0x00, 0x0B, 0x83, 0xC0,
    0x00, 0x3D, 0x78, 0x00, 0x01, 0xEB, 0x40, 0x00, 0x0F, 0xB4, 0x00, 0x00, 0xFB, 0x40, 0x00, 0x0F,
    0xB4, 0x00, 0x00, 0xF7, 0x80, 0x00, 0x1E, 0x3C, 0x00, 0x03, 0xD1, 0xF0, 0x00, 0xB8, 0x0B, 0xE9,
    0xBE, 0x00, 0x0B, 0xFE, 0x40, 0x00, 0x00, 0x00, 0x00, 0x0B, 0x0F, 0x00, 0x00, 0x00, 0x00, 0x00,
    0x00, 0x00, 0x00, 0x00, 0x00, 0x00, 0x00, 0x0B, 0xFE, 0x40, 0x07, 0xE9, 0xBE, 0x01, 0xF0, 0x00,
    0xB8, 0x3C, 0x00, 0x03, 0xD7, 0x80, 0x00, 0x1E, 0xB4, 0x00, 0x00, 0xFB, 0x40, 0x00, 0x0F, 0xB4,
    0x00, 0x00, 0xFB, 0x40, 0x00, 0x0F, 0x78, 0x00, 0x01, 0xE3, 0xC0, 0x00, 0x3D, 0x1F, 0x00, 0x0B,
    0x80, 0xBE, 0x9B, 0xE0, 0x00, 0xBF, 0xE4, 0x00, 0x20, 0x00, 0x87, 0xC0, 0x3C, 0x1F, 0x0F, 0x00,
    0x7F, 0xC0, 0x01, 0xF4, 0x00, 0x3F, 0xC0, 0x0F, 0x1F, 0x03, 0xC0, 0x7C, 0x70, 0x01, 0xC0, 0x00,
    0x00, 0x00, 0x00, 0x00, 0x00, 0x0B, 0xFE, 0x7C, 0x07, 0xEA, 0xBF, 0x41, 0xF0, 0x01, 0xF8, 0x3C,
    0x00, 0x3B, 0xC7, 0x80, 0x0F, 0x1E, 0xB4, 0x02, 0xC0, 0xFB, 0x40, 0x74, 0x0F, 0xB4, 0x0E, 0x00,
    0xFB, 0x43, 0xC0, 0x0F, 0x78, 0xB0, 0x01, 0xE3, 0xED, 0x00, 0x3D, 0x1F, 0x80, 0x0B, 0x80, 0xFE,
    0x9B, 0xE0, 0x2D, 0xBF, 0xE4, 0x00, 0x00, 0x00, 0x00, 0x00, 0xF4, 0x00, 0x00, 0x0F, 0x00, 0x00,
    0x00, 0xB0, 0x00, 0x00, 0x00, 0x00, 0x00, 0x00, 0x00, 0x0F, 0x00, 0x02, 0xD3, 0xC0, 0x00, 0xB4,
    0xF0, 0x00, 0x2D, 0x3C, 0x00, 0x0B, 0x4F, 0x00, 0x02, 0xD3, 0xC0, 0x00, 0xB4, 0xF0, 0x00, 0x2D,
    0x3C, 0x00, 0x0B, 0x4F, 0x00, 0x02, 0xD3, 0xC0, 0x00, 0xB4, 0xF0, 0x00, 0x3C, 0x1E, 0x00, 0x1E,
    0x02, 0xFA, 0xBF, 0x00, 0x1B, 0xFD, 0x00, 0x00, 0x03, 0xD0, 0x00, 0x01, 0xD0, 0x00, 0x01, 0xD0,
    0x00, 0x00, 0x00, 0x00, 0x00, 0x00, 0x00, 0x0F, 0x00, 0x02, 0xD3, 0xC0, 0x00, 0xB4, 0xF0, 0x00,
    0x2D, 0x3C, 0x00, 0x0B, 0x4F, 0x00, 0x02, 0xD3, 0xC0, 0x00, 0xB4, 0xF0, 0x00, 0x2D, 0x3C, 0x00,
    0x0B, 0x4F, 0x00, 0x02, 0xD3, 0xC0, 0x00, 0xB4, 0xF0, 0x00, 0x3C, 0x1E, 0x00, 0x1E, 0x02, 0xFA,
    0xBF, 0x00, 0x1B, 0xFD, 0x00, 0x00, 0x2F, 0x00, 0x00, 0x2E, 0xF0, 0x00, 0x2C, 0x0F, 0x00, 0x00,
    0x00, 0x00, 0x00, 0x00, 0x00, 0x0F, 0x00, 0x02, 0xD3, 0xC0, 0x00, 0xB4, 0xF0, 0x00, 0x2D, 0x3C,
    0x00, 0x0B, 0x4F, 0x00, 0x02, 0xD3, 0xC0, 0x00, 0xB4, 0xF0, 0x00, 0x2D, 0x3C, 0x00, 0x0B, 0x4F,
    0x00, 0x02, 0xD3, 0xC0, 0x00, 0xB4, 0xF0, 0x00, 0x3C, 0x1E, 0x00, 0x1E, 0x02, 0xFA, 0xBF, 0x00,
    0x1B, 0xFD, 0x00, 0x00, 0x00, 0x00, 0x00, 0x38, 0x74, 0x00, 0x04, 0x04, 0x00, 0x00, 0x00, 0x00,
    0x00, 0x00, 0x00, 0x0F, 0x00, 0x02, 0xD3, 0xC0, 0x00, 0xB4, 0xF0, 0x00, 0x2D, 0x3C, 0x00, 0x0B,
    0x4F, 0x00, 0x02, 0xD3, 0xC0, 0x00, 0xB4, 0xF0, 0x00, 0x2D, 0x3C, 0x00, 0x0B, 0x4F, 0x00, 0x02,
    0xD3, 0xC0, 0x00, 0xB4, 0xF0, 0x00, 0x3C, 0x1E, 0x00, 0x1E, 0x02, 0xFA, 0xBF, 0x00, 0x1B, 0xFD,
    0x00, 0x00, 0x0B, 0x80, 0x00, 0x0E, 0x00, 0x00, 0x38, 0x00, 0x00, 0x00, 0x00, 0x00, 0x00, 0x00,
    0xB4, 0x00, 0x2D, 0x3C, 0x00, 0x3C, 0x2D, 0x00, 0xB4, 0x0F, 0x00, 0xF0, 0x07, 0x42, 0xC0, 0x03,
    0xC3, 0x80, 0x01, 0xDB, 0x00, 0x00, 0xBD, 0x00, 0x00, 0x3C, 0x00, 0x00, 0x3C, 0x00, 0x00, 0x3C,
    0x00, 0x00, 0x3C, 0x00, 0x00, 0x3C, 0x00, 0x00, 0x3C, 0x00, 0xF0, 0x00, 0x0F, 0x00, 0x00, 0xFF,
    0xFD, 0x0F, 0x56, 0xF8, 0xF0, 0x03, 0xDF, 0x00, 0x1D, 0xF0, 0x01, 0xDF, 0x00, 0x3C, 0xF0, 0x1F,
    0x8F, 0xFF, 0xD0, 0xF5, 0x40, 0x0F, 0x00, 0x00, 0xF0, 0x00, 0x0F, 0x00, 0x00, 0x07, 0xFE, 0x40,
    0x2F, 0x9B, 0xD0, 0x3C, 0x00, 0xF0, 0x38, 0x00, 0xF0, 0x38, 0x03, 0xC0, 0x38, 0x0F, 0x00, 0x38,
    0x2C, 0x00, 0x38, 0x2D, 0x00, 0x38, 0x0F, 0x80, 0x38, 0x02, 0xF0, 0x38, 0x00, 0x7C, 0x38, 0x00,
    0x2C, 0x38, 0x00, 0x3C, 0x38, 0xBA, 0xBC, 0x38, 0x6F, 0xE0, 0x02, 0xE0, 0x00, 0x0B, 0x40, 0x00,
    0x2C, 0x00, 0x00, 0x00, 0x02, 0xFF, 0x40, 0xBA, 0xBD, 0x00, 0x00, 0xF0, 0x00, 0x0F, 0x00, 0x00,
    0xF0, 0x7F, 0xFF, 0x2F, 0x95, 0xF3, 0xC0, 0x0F, 0x3C, 0x01, 0xF2, 0xFA, 0xFF, 0x0B, 0xF8, 0x70,
    0x00, 0x0B, 0x80, 0x01, 0xE0, 0x00, 0x38, 0x00, 0x00, 0x00, 0x02, 0xFF, 0x40, 0xBA, 0xBD, 0x00,
    0x00, 0xF0, 0x00, 0x0F, 0x00, 0x00, 0xF0, 0x7F, 0xFF, 0x2F, 0x95, 0xF3, 0xC0, 0x0F, 0x3C, 0x01,
    0xF2, 0xFA, 0xFF, 0x0B, 0xF8, 0x70, 0x00, 0xBC, 0x00, 0x1E, 0xF0, 0x07, 0x42, 0xC0, 0x00, 0x00,
    0x02, 0xFF, 0x40, 0xBA, 0xBD, 0x00, 0x00, 0xF0, 0x00, 0x0F, 0x00, 0x00, 0xF0, 0x7F, 0xFF, 0x2F,
    0x95, 0xF3, 0xC0, 0x0F, 0x3C, 0x01, 0xF2, 0xFA, 0xFF, 0x0B, 0xF8, 0x70, 0x00, 0x00, 0x00, 0x3F,
    0x4A, 0x0E, 0x6F, 0xC0, 0x40, 0x10, 0x00, 0x00, 0x00, 0x2F, 0xF4, 0x0B, 0xAB, 0xD0, 0x00, 0x0F,
    0x00, 0x00, 0xF0, 0x00, 0x0F, 0x07, 0xFF, 0xF2, 0xF9, 0x5F, 0x3C, 0x00, 0xF3, 0xC0, 0x1F, 0x2F,
    0xAF, 0xF0, 0xBF, 0x87, 0x00, 0x00, 0x00, 0x3C, 0x38, 0x00, 0x00, 0x00, 0x00, 0x00, 0x02, 0xFF,
    0x40, 0xBA, 0xBD, 0x00, 0x00, 0xF0, 0x00, 0x0F, 0x00, 0x00, 0xF0, 0x7F, 0xFF, 0x2F, 0x95, 0xF3,
    0xC0, 0x0F, 0x3C, 0x01, 0xF2, 0xFA, 0xFF, 0x0B, 0xF8, 0x70, 0x00, 0x00, 0x00, 0x0B, 0xD0, 0x01,
    0xDB, 0x00, 0x1C, 0x70, 0x00, 0xFE, 0x00, 0x01, 0x00, 0x02, 0xFF, 0x40, 0xBA, 0xBD, 0x00, 0x00,
    0xF0, 0x00, 0x0F, 0x00, 0x00, 0xF0, 0x7F, 0xFF, 0x2F, 0x95, 0xF3, 0xC0, 0x0F, 0x3C, 0x01, 0xF2,
    0xFA, 0xFF, 0x0B, 0xF8, 0x70, 0x06, 0xFE, 0x07, 0xF8, 0x03, 0xEA, 0xFB, 0xAB, 0xC0, 0x00, 0x1F,
    0x40, 0x78, 0x00, 0x03, 0xC0, 0x0F, 0x07, 0xFF, 0xFF, 0xFF, 0xC7, 0xE5, 0x7D, 0x55, 0x53, 0xC0,
    0x0F, 0x00, 0x00, 0xF0, 0x07, 0xC0, 0x00, 0x3C, 0x03, 0xF8, 0x00, 0x0B, 0xEB, 0xCB, 0xE6, 0xD0,
    0x7F, 0x80, 0x7F, 0xE0, 0x06, 0xFE, 0x07, 0xEA, 0xC3, 0xC0, 0x02, 0xD0, 0x00, 0xF0, 0x00, 0x3C,
    0x00, 0x0F, 0x00, 0x02, 0xD0, 0x00, 0x3C, 0x00, 0x0B, 0xEA, 0xC0, 0x6F, 0xE0, 0x02, 0x40, 0x00,
    0xE0, 0x00, 0x0F, 0x00, 0x02, 0xC0, 0x0F, 0xD0, 0x00, 0x00, 0x00, 0x0B, 0x80, 0x00, 0x2D, 0x00,
    0x00, 0x70, 0x00, 0x00, 0x00, 0x06, 0xFD, 0x01, 0xFA, 0xF8, 0x38, 0x02, 0xDB, 0x40, 0x1E, 0xFF,
    0xFF, 0xEF, 0x55, 0x54, 0xF0, 0x00, 0x0B, 0x40, 0x00, 0x3C, 0x00, 0x01, 0xF9, 0xAC, 0x02, 0xFF,
    0x80, 0x00, 0x2E, 0x00, 0x03, 0xC0, 0x00, 0xE0, 0x00, 0x00, 0x00, 0x06, 0xFD, 0x01, 0xFA, 0xF8,
    0x38, 0x02, 0xDB, 0x40, 0x1E, 0xFF, 0xFF, 0xEF, 0x55, 0x54, 0xF0, 0x00, 0x0B, 0x40, 0x00, 0x3C,
    0x00, 0x01, 0xF9, 0xAC, 0x02, 0xFF, 0x80, 0x01, 0xF0, 0x00, 0x7B, 0xC0, 0x1D, 0x0B, 0x00, 0x00,
    0x00, 0x06, 0xFD, 0x01, 0xFA, 0xF8, 0x38, 0x02, 0xDB, 0x40, 0x1E, 0xFF, 0xFF, 0xEF, 0x55, 0x54,
    0xF0, 0x00, 0x0B, 0x40, 0x00, 0x3C, 0x00, 0x01, 0xF9, 0xAC, 0x02, 0xFF, 0x80, 0x00, 0x00, 0x00,
    0xF0, 0xF0, 0x00, 0x00, 0x00, 0x00, 0x00, 0x06, 0xFD, 0x01, 0xFA, 0xF8, 0x38, 0x02, 0xDB, 0x40,
    0x1E, 0xFF, 0xFF, 0xEF, 0x55, 0x54, 0xF0, 0x00, 0x0B, 0x40, 0x00, 0x3C, 0x00, 0x01, 0xF9, 0xAC,
    0x02, 0xFF, 0x80, 0x3D, 0x00, 0xF0, 0x02, 0xC0, 0x00, 0x03, 0x80, 0x38, 0x03, 0x80, 0x38, 0x03,
    0x80, 0x38, 0x03, 0x80, 0x38, 0x03, 0x80, 0x38, 0x03, 0x80, 0x0F, 0x47, 0x83, 0x40, 0x00, 0x38,
    0x0E, 0x03, 0x80, 0xE0, 0x38, 0x0E, 0x03, 0x80, 0xE0, 0x38, 0x0E, 0x03, 0x80, 0x0B, 0xC0, 0x2E,
    0xF0, 0xB4, 0x2C, 0x00, 0x00, 0x03, 0x80, 0x03, 0x80, 0x03, 0x80, 0x03, 0x80, 0x03, 0x80, 0x03,
    0x80, 0x03, 0x80, 0x03, 0x80, 0x03, 0x80, 0x03, 0x80, 0x03, 0x80, 0x00, 0x00, 0xE0, 0xE0, 0x01,
    0x00, 0x00, 0x03, 0x80, 0x0E, 0x00, 0x38, 0x00, 0xE0, 0x03, 0x80, 0x0E, 0x00, 0x38, 0x00, 0xE0,
    0x03, 0x80, 0x0E, 0x00, 0x38, 0x00, 0x00, 0x00, 0x00, 0x0E, 0x06, 0x00, 0x2F, 0xF8, 0x00, 0x3F,
    0x80, 0x07, 0xDF, 0x40, 0x04, 0x0F, 0x00, 0x00, 0x1D, 0x02, 0xFF, 0xBC, 0x2F, 0x5B, 0xF1, 0xE0,
    0x03, 0xDB, 0x00, 0x0B, 0x7C, 0x00, 0x1D, 0xF0, 0x00, 0x76, 0xD0, 0x02, 0xC3, 0xC0, 0x0E, 0x07,
    0xE6, 0xF0, 0x06, 0xFE, 0x00, 0x00, 0x00, 0x00, 0x2F, 0x97, 0x00, 0xD7, 0xF8, 0x01, 0x00, 0x00,
    0x00, 0x00, 0x00, 0xD2, 0xFD, 0x03, 0xB9, 0xBE, 0x0F, 0x40, 0x3C, 0x3C, 0x00, 0xB0, 0xE0, 0x02,
    0xC3, 0x80, 0x0B, 0x0E, 0x00, 0x2C, 0x38, 0x00, 0xB0, 0xE0, 0x02, 0xC3, 0x80, 0x0B, 0x0E, 0x00,
    0x2C, 0x03, 0xC0, 0x00, 0x07, 0xC0, 0x00, 0x03, 0x80, 0x00, 0x00, 0x00, 0x06, 0xFE, 0x00, 0x7E,
    0x6F, 0x03, 0xC0, 0x1F, 0x2D, 0x00, 0x3C, 0xF0, 0x00, 0xB7, 0xC0, 0x01, 0xDF, 0x00, 0x0B, 0x6D,
    0x00, 0x3C, 0x3C, 0x01, 0xF0, 0x7E, 0x6F, 0x00, 0x2F, 0xE0, 0x00, 0x00, 0x0F, 0x00, 0x00, 0xF0,
    0x00, 0x0B, 0x00, 0x00, 0x00, 0x00, 0x06, 0xFE, 0x00, 0x7E, 0x6F, 0x03, 0xC0, 0x1F, 0x2D, 0x00,
    0x3C, 0xF0, 0x00, 0xB7, 0xC0, 0x01, 0xDF, 0x00, 0x0B, 0x6D, 0x00, 0x3C, 0x3C, 0x01, 0xF0, 0x7E,
    0x6F, 0x00, 0x2F, 0xE0, 0x00, 0x00, 0xF8, 0x00, 0x0F, 0xB4, 0x00, 0xE0, 0x74, 0x00, 0x00, 0x00,
    0x06, 0xFE, 0x00, 0x7E, 0x6F, 0x03, 0xC0, 0x1F, 0x2D, 0x00, 0x3C, 0xF0, 0x00, 0xB7, 0xC0, 0x01,
    0xDF, 0x00, 0x0B, 0x6D, 0x00, 0x3C, 0x3C, 0x01, 0xF0, 0x7E, 0x6F, 0x00, 0x2F, 0xE0, 0x00, 0x00,
    0x00, 0x00, 0x2F, 0x97, 0x01, 0xDB, 0xF4, 0x00, 0x00, 0x00, 0x00, 0x00, 0x00, 0x1B, 0xF8, 0x01,
    0xF9, 0xBC, 0x0F, 0x00, 0x7C, 0xB4, 0x00, 0xF3, 0xC0, 0x02, 0xDF, 0x00, 0x07, 0x7C, 0x00, 0x2D,
    0xB4, 0x00, 0xF0, 0xF0, 0x07, 0xC1, 0xF9, 0xBC, 0x00, 0xBF, 0x80, 0x00, 0x00, 0x00, 0x2D, 0x2C,
    0x00, 0x10, 0x00, 0x00, 0x00, 0x00, 0x06, 0xFE, 0x00, 0x7E, 0x6F, 0x03, 0xC0, 0x1F, 0x2D, 0x00,
    0x3C, 0xF0, 0x00, 0xB7, 0xC0, 0x01, 0xDF, 0x00, 0x0B, 0x6D, 0x00, 0x3C, 0x3C, 0x01, 0xF0, 0x7E,
    0x6F, 0x00, 0x2F, 0xE0, 0x00, 0x00, 0x00, 0x00, 0x0F, 0x00, 0x00, 0xF0, 0x00, 0x00, 0x00, 0x00,
    0x00, 0x0F, 0xFF, 0xFF, 0x55, 0x55, 0x50, 0x00, 0x00, 0x00, 0xF0, 0x00, 0x0F, 0x00, 0x00, 0x00,
    0x00, 0x1B, 0xFB, 0xC1, 0xFA, 0xBD, 0x0F, 0x01, 0xF8, 0xB4, 0x0F, 0xF3, 0xC0, 0xF2, 0xDF, 0x0B,
    0x47, 0x7C, 0x74, 0x2D, 0xBB, 0x80, 0xF0, 0xFC, 0x07, 0xC2, 0xF9, 0xBC, 0x0E, 0xBF, 0x80, 0x10,
    0x00, 0x00, 0x03, 0xC0, 0x00, 0x03, 0xC0, 0x00, 0x03, 0x80, 0x00, 0x00, 0x00, 0x78, 0x00, 0xB1,
    0xE0, 0x02, 0xC7, 0x80, 0x0B, 0x1E, 0x00, 0x2C, 0x78, 0x00, 0xB1, 0xE0, 0x02, 0xC7, 0x80, 0x0F,
    0x1E, 0x00, 0x3C, 0x3C, 0x02, 0xF0, 0xFE, 0xAF, 0xC0, 0xBF, 0x87, 0x00, 0x00, 0x0F, 0x40, 0x00,
    0xB4, 0x00, 0x07, 0x40, 0x00, 0x00, 0x00, 0x78, 0x00, 0xB1, 0xE0, 0x02, 0xC7, 0x80, 0x0B, 0x1E,
    0x00, 0x2C, 0x78, 0x00, 0xB1, 0xE0, 0x02, 0xC7, 0x80, 0x0F, 0x1E, 0x00, 0x3C, 0x3C, 0x02, 0xF0,
    0xFE, 0xAF, 0xC0, 0xBF, 0x87, 0x00, 0x00, 0xF8, 0x00, 0x0F, 0xB8, 0x00, 0xB0, 0x38, 0x00, 0x00,
    0x00, 0x78, 0x00, 0xB1, 0xE0, 0x02, 0xC7, 0x80, 0x0B, 0x1E, 0x00, 0x2C, 0x78, 0x00, 0xB1, 0xE0,
    0x02, 0xC7, 0x80, 0x0F, 0x1E, 0x00, 0x3C, 0x3C, 0x02, 0xF0, 0xFE, 0xAF, 0xC0, 0xBF, 0x87, 0x00,
    0x00, 0x00, 0x00, 0x1D, 0x1D, 0x00, 0x10, 0x10, 0x00, 0x00, 0x00, 0x78, 0x00, 0xB1, 0xE0, 0x02,
    0xC7, 0x80, 0x0B, 0x1E, 0x00, 0x2C, 0x78, 0x00, 0xB1, 0xE0, 0x02, 0xC7, 0x80, 0x0F, 0x1E, 0x00,
    0x3C, 0x3C, 0x02, 0xF0, 0xFE, 0xAF, 0xC0, 0xBF, 0x87, 0x00, 0x00, 0x0F, 0x00, 0x00, 0xF0, 0x00,
    0x0B, 0x00, 0x00, 0x00, 0x00, 0xF0, 0x00, 0xB5, 0xE0, 0x03, 0xC3, 0xC0, 0x1E, 0x0B, 0x40, 0xB4,
    0x0E, 0x03, 0xC0, 0x3C, 0x1E, 0x00, 0x74, 0xB0, 0x00, 0xF3, 0xC0, 0x02, 0xDD, 0x00, 0x03, 0xF0,
    0x00, 0x0F, 0x80, 0x00, 0x2C, 0x00, 0x00, 0xF0, 0x00, 0x0B, 0x40, 0x05, 0xB8, 0x00, 0x2F, 0x80,
    0x00, 0x38, 0x00, 0x00, 0xE0, 0x00, 0x03, 0x80, 0x00, 0x0E, 0x00, 0x00, 0x38, 0xBF, 0x40, 0xFE,
    0xAF, 0x43, 0xD0, 0x0F, 0x0F, 0x00, 0x1D, 0x38, 0x00, 0x78, 0xE0, 0x01, 0xE3, 0x80, 0x07, 0x8F,
    0x00, 0x2D, 0x3D, 0x00, 0xF0, 0xFE, 0x6F, 0x43, 0x8B, 0xF4, 0x0E, 0x00, 0x00, 0x38, 0x00, 0x00,
    0xE0, 0x00, 0x03, 0x80, 0x00, 0x0E, 0x00, 0x00, 0x00, 0x00, 0x00, 0x2D, 0x2C, 0x00, 0x10, 0x00,
    0x00, 0x00, 0x00, 0xF0, 0x00, 0xB5, 0xE0, 0x03, 0xC3, 0xC0, 0x1E, 0x0B, 0x40, 0xB4, 0x0E, 0x03,
    0xC0, 0x3C, 0x1E, 0x00, 0x74, 0xB0, 0x00, 0xF3, 0xC0, 0x02, 0xDD, 0x00, 0x03, 0xF0, 0x00, 0x0F,
    0x80, 0x00, 0x2C, 0x00, 0x00, 0xF0, 0x00, 0x0B, 0x40, 0x05, 0xB8, 0x00, 0x2F, 0x80, 0x00, 0x00,
    0x00, 0x00, 0x00, 0x1F, 0xFE, 0x00, 0x00, 0x55, 0x40, 0x00, 0x00, 0x00, 0x00, 0x00, 0x00, 0x00,
    0x00, 0x01, 0xE0, 0x00, 0x00, 0x3F, 0x00, 0x00, 0x03, 0xB8, 0x00, 0x00, 0xB3, 0xC0, 0x00, 0x0E,
    0x1D, 0x00, 0x01, 0xD0, 0xF0, 0x00, 0x3C, 0x0B, 0x00, 0x07, 0x80, 0x38, 0x00, 0xBF, 0xFF, 0xC0,
    0x0F, 0xAA, 0xAD, 0x02, 0xD0, 0x00, 0xF0, 0x3C, 0x00, 0x0B, 0x07, 0x40, 0x00, 0x78, 0xF0, 0x00,
    0x03, 0xC0, 0x00, 0x00, 0x00, 0x7F, 0xFC, 0x01, 0x55, 0x40, 0x00, 0x00, 0x02, 0xFF, 0x40, 0xBA,
    0xBD, 0x00, 0x00, 0xF0, 0x00, 0x0F, 0x00, 0x00, 0xF0, 0x7F, 0xFF, 0x2F, 0x95, 0xF3, 0xC0, 0x0F,
    0x3C, 0x01, 0xF2, 0xFA, 0xFF, 0x0B, 0xF8, 0x70, 0x00, 0x00, 0x00, 0x00, 0x1C, 0x1A, 0x00, 0x00,
    0xFF, 0xC0, 0x00, 0x00, 0x40, 0x00, 0x00, 0x00, 0x00, 0x00, 0x00, 0x00, 0x00, 0x00, 0x1E, 0x00,
    0x00, 0x03, 0xF0, 0x00, 0x00, 0x3B, 0x80, 0x00, 0x0B, 0x3C, 0x00, 0x00, 0xE1, 0xD0, 0x00, 0x1D,
    0x0F, 0x00, 0x03, 0xC0, 0xB0, 0x00, 0x78, 0x03, 0x80, 0x0B, 0xFF, 0xFC, 0x00, 0xFA, 0xAA, 0xD0,
    0x2D, 0x00, 0x0F, 0x03, 0xC0, 0x00, 0xB0, 0x74, 0x00, 0x07, 0x8F, 0x00, 0x00, 0x3C, 0x00, 0x00,
    0x00, 0x34, 0x2C, 0x02, 0xFF, 0x40, 0x01, 0x00, 0x00, 0x00, 0x00, 0x2F, 0xF4, 0x0B, 0xAB, 0xD0,
    0x00, 0x0F, 0x00, 0x00, 0xF0, 0x00, 0x0F, 0x07, 0xFF, 0xF2, 0xF9, 0x5F, 0x3C, 0x00, 0xF3, 0xC0,
    0x1F, 0x2F, 0xAF, 0xF0, 0xBF, 0x87, 0x00, 0x1E, 0x00, 0x00, 0x03, 0xF0, 0x00, 0x00, 0x3B, 0x80,
    0x00, 0x0B, 0x3C, 0x00, 0x00, 0xE1, 0xD0, 0x00, 0x1D, 0x0F, 0x00, 0x03, 0xC0, 0xB0, 0x00, 0x78,
    0x03, 0x80, 0x0B, 0xFF, 0xFC, 0x00, 0xFA, 0xAA, 0xD0, 0x2D, 0x00, 0x0F, 0x03, 0xC0, 0x00, 0xB0,
    0x74, 0x00, 0x07, 0x8F, 0x00, 0x00, 0x3C, 0x00, 0x00, 0x07, 0x00, 0x00, 0x00, 0xD0, 0x00, 0x00,
    0x0E, 0x00, 0x00, 0x00, 0xFD, 0x00, 0x00, 0x01, 0x40, 0x02, 0xFF, 0x40, 0x2E, 0xAF, 0x40, 0x00,
    0x0F, 0x00, 0x00, 0x3C, 0x00, 0x00, 0xF0, 0x1F, 0xFF, 0xC2, 0xF9, 0x5F, 0x0F, 0x00, 0x3C, 0x3C,
    0x01, 0xF0, 0xBE, 0xBF, 0xC0, 0xBF, 0x8B, 0x00, 0x00, 0x30, 0x00, 0x03, 0x80, 0x00, 0x0F, 0x00,
    0x00, 0x2F, 0x80, 0x00, 0x04, 0x00, 0x02, 0xE0, 0x00, 0x03, 0x80, 0x00, 0x0E, 0x00, 0x00, 0x00,
    0x00, 0x00, 0x00, 0x00, 0x00, 0x7F, 0xF8, 0x07, 0xF9, 0xBC, 0x1F, 0x40, 0x00, 0x3C, 0x00, 0x00,
    0x78, 0x00, 0x00, 0xB4, 0x00, 0x00, 0xB4, 0x00, 0x00, 0xB4, 0x00, 0x00, 0xB4, 0x00, 0x00, 0x78,
    0x00, 0x00, 0x3C, 0x00, 0x00, 0x1F, 0x00, 0x00, 0x0B, 0xE9, 0xAC, 0x00, 0xBF, 0xF8, 0x00, 0x2E,
    0x00, 0x0E, 0x00, 0x0E, 0x00, 0x00, 0x00, 0x06, 0xFE, 0x07, 0xEA, 0xC3, 0xC0, 0x02, 0xD0, 0x00,
    0xF0, 0x00, 0x3C, 0x00, 0x0F, 0x00, 0x02, 0xD0, 0x00, 0x3C, 0x00, 0x0B, 0xEA, 0xC0, 0x6F, 0xE0,
    0x00, 0x1F, 0x00, 0x00, 0x7B, 0xC0, 0x01, 0xD0, 0xB0, 0x00, 0x00, 0x00, 0x00, 0x00, 0x00, 0x00,
    0x7F, 0xF8, 0x07, 0xF9, 0xBC, 0x1F, 0x40, 0x00, 0x3C, 0x00, 0x00, 0x78, 0x00, 0x00, 0xB4, 0x00,
    0x00, 0xB4, 0x00, 0x00, 0xB4, 0x00, 0x00, 0xB4, 0x00, 0x00, 0x78, 0x00, 0x00, 0x3C, 0x00, 0x00,
    0x1F, 0x00, 0x00, 0x0B, 0xE9, 0xAC, 0x00, 0xBF, 0xF8, 0x01, 0xF0, 0x01, 0xEF, 0x01, 0xD0, 0xB0,
    0x00, 0x00, 0x06, 0xFE, 0x07, 0xEA, 0xC3, 0xC0, 0x02, 0xD0, 0x00, 0xF0, 0x00, 0x3C, 0x00, 0x0F,
    0x00, 0x02, 0xD0, 0x00, 0x3C, 0x00, 0x0B, 0xEA, 0xC0, 0x6F, 0xE0, 0x00, 0x00, 0x00, 0x00, 0x0F,
    0x00, 0x00, 0x0F, 0x00, 0x00, 0x00, 0x00, 0x00, 0x00, 0x00, 0x00, 0x00, 0x00, 0x00, 0x7F, 0xF8,
    0x07, 0xF9, 0xBC, 0x1F, 0x40, 0x00, 0x3C, 0x00, 0x00, 0x78, 0x00, 0x00, 0xB4, 0x00, 0x00, 0xB4,
    0x00, 0x00, 0xB4, 0x00, 0x00, 0xB4, 0x00, 0x00, 0x78, 0x00, 0x00, 0x3C, 0x00, 0x00, 0x1F, 0x00,
    0x00, 0x0B, 0xE9, 0xAC, 0x00, 0xBF, 0xF8, 0x00, 0x00, 0x00, 0x3C, 0x00, 0x0F, 0x00, 0x00, 0x00,
    0x00, 0x00, 0x01, 0xBF, 0x81, 0xFA, 0xB0, 0xF0, 0x00, 0xB4, 0x00, 0x3C, 0x00, 0x0F, 0x00, 0x03,
    0xC0, 0x00, 0xB4, 0x00, 0x0F, 0x00, 0x02, 0xFA, 0xB0, 0x1B, 0xF8, 0x01, 0xD0, 0xB0, 0x00, 0x7B,
    0xC0, 0x00, 0x1F, 0x00, 0x00, 0x00, 0x00, 0x00, 0x00, 0x00, 0x00, 0x7F, 0xF8, 0x07, 0xF9, 0xBC,
    0x1F, 0x40, 0x00, 0x3C, 0x00, 0x00, 0x78, 0x00, 0x00, 0xB4, 0x00, 0x00, 0xB4, 0x00, 0x00, 0xB4,
    0x00, 0x00, 0xB4, 0x00, 0x00, 0x78, 0x00, 0x00, 0x3C, 0x00, 0x00, 0x1F, 0x00, 0x00, 0x0B, 0xE9,
    0xAC, 0x00, 0xBF, 0xF8, 0x1D, 0x0B, 0x01, 0xEF, 0x00, 0x1F, 0x00, 0x00, 0x00, 0x06, 0xFE, 0x07,
    0xEA, 0xC3, 0xC0, 0x02, 0xD0, 0x00, 0xF0, 0x00, 0x3C, 0x00, 0x0F, 0x00, 0x02, 0xD0, 0x00, 0x3C,
    0x00, 0x0B, 0xEA, 0xC0, 0x6F, 0xE0, 0x0B, 0x03, 0x80, 0x02, 0xDE, 0x00, 0x00, 0xFC, 0x00, 0x00,
    0x00, 0x00, 0x00, 0x00, 0x00, 0xFF, 0xFE, 0x00, 0xF5, 0x6F, 0xE0, 0xF0, 0x00, 0xF8, 0xF0, 0x00,
    0x3C, 0xF0, 0x00, 0x1E, 0xF0, 0x00, 0x0F, 0xF0, 0x00, 0x0F, 0xF0, 0x00, 0x0F, 0xF0, 0x00, 0x0F,
    0xF0, 0x00, 0x2E, 0xF0, 0x00, 0x3C, 0xF0, 0x00, 0xF4, 0xF5, 0xAF, 0xD0, 0xFF, 0xFE, 0x00, 0x00,
    0x00, 0xF2, 0xC0, 0x00, 0x0F, 0x3C, 0x00, 0x00, 0xF3, 0x00, 0x00, 0x0F, 0x00, 0x07, 0xF8, 0xF0,
    0x02, 0xFA, 0xBF, 0x00, 0x7C, 0x02, 0xF0, 0x0B, 0x40, 0x0F, 0x00, 0xF0, 0x00, 0xF0, 0x0F, 0x00,
    0x0F, 0x00, 0xF0, 0x00, 0xF0, 0x0B, 0x40, 0x0F, 0x00, 0x7C, 0x01, 0xF0, 0x02, 0xFA, 0xBF, 0x00,
    0x07, 0xF8, 0xB0, 0x00, 0x0F, 0xFF, 0xE0, 0x00, 0xF5, 0x6F, 0xE0, 0x0F, 0x00, 0x0F, 0x80, 0xF0,
    0x00, 0x3C, 0x0F, 0x00, 0x01, 0xE0, 0xF0, 0x00, 0x0F, 0x7F, 0xFF, 0x00, 0xF1, 0xF5, 0x40, 0x0F,
    0x0F, 0x00, 0x00, 0xF0, 0xF0, 0x00, 0x2E, 0x0F, 0x00, 0x03, 0xC0, 0xF0, 0x00, 0xF4, 0x0F, 0x5A,
    0xFD, 0x00, 0xFF, 0xFD, 0x00, 0x00, 0x00, 0xF0, 0x00, 0xFF, 0xFE, 0x00, 0x55, 0xF4, 0x00, 0x00,
    0xF0, 0x07, 0xF8, 0xF0, 0x2F, 0xAB, 0xF0, 0x7C, 0x02, 0xF0, 0xB4, 0x00, 0xF0, 0xF0, 0x00, 0xF0,
    0xF0, 0x00, 0xF0, 0xF0, 0x00, 0xF0, 0xB4, 0x00, 0xF0, 0x7C, 0x01, 0xF0, 0x2F, 0xAB, 0xF0, 0x07,
    0xF8, 0xB0, 0x00, 0x00, 0x0F, 0xFF, 0x40, 0x55, 0x40, 0x00, 0x00, 0x00, 0x00, 0x3F, 0xFF, 0xDF,
    0x55, 0x53, 0xC0, 0x00, 0xF0, 0x00, 0x3C, 0x00, 0x0F, 0x00, 0x03, 0xFF, 0xFC, 0xF5, 0x55, 0x3C,
    0x00, 0x0F, 0x00, 0x03, 0xC0, 0x00, 0xF0, 0x00, 0x3D, 0x55, 0x4F, 0xFF, 0xF4, 0x00, 0x00, 0x00,
    0xFF, 0xF0, 0x05, 0x55, 0x00, 0x00, 0x00, 0x06, 0xFD, 0x01, 0xFA, 0xF8, 0x38, 0x02, 0xDB, 0x40,
    0x1E, 0xFF, 0xFF, 0xEF, 0x55, 0x54, 0xF0, 0x00, 0x0B, 0x40, 0x00, 0x3C, 0x00, 0x01, 0xF9, 0xAC,
    0x02, 0xFF, 0x80, 0x00, 0x00, 0x0A, 0x07, 0x40, 0xFF, 0x80, 0x01, 0x00, 0x00, 0x00, 0x00, 0x00,
    0x0F, 0xFF, 0xF7, 0xD5, 0x54, 0xF0, 0x00, 0x3C, 0x00, 0x0F, 0x00, 0x03, 0xC0, 0x00, 0xFF, 0xFF,
    0x3D, 0x55, 0x4F, 0x00, 0x03, 0xC0, 0x00, 0xF0, 0x00, 0x3C, 0x00, 0x0F, 0x55, 0x53, 0xFF, 0xFD,
    0x00, 0x00, 0x00, 0xD0, 0xB0, 0x0B, 0xFD, 0x00, 0x04, 0x00, 0x00, 0x00, 0x00, 0x6F, 0xD0, 0x1F,
    0xAF, 0x83, 0x80, 0x2D, 0xB4, 0x01, 0xEF, 0xFF, 0xFE, 0xF5, 0x55, 0x4F, 0x00, 0x00, 0xB4, 0x00,
    0x03, 0xC0, 0x00, 0x1F, 0x9A, 0xC0, 0x2F, 0xF8, 0x00, 0x00, 0x00, 0xB4, 0x00, 0x1C, 0x00, 0x00,
    0x00, 0x00, 0x00, 0x00, 0x00, 0x0F, 0xFF, 0xF7, 0xD5, 0x54, 0xF0, 0x00, 0x3C, 0x00, 0x0F, 0x00,
    0x03, 0xC0, 0x00, 0xFF, 0xFF, 0x3D, 0x55, 0x4F, 0x00, 0x03, 0xC0, 0x00, 0xF0, 0x00, 0x3C, 0x00,
    0x0F, 0x55, 0x53, 0xFF, 0xFD, 0x00, 0x00, 0x00, 0x0F, 0x00, 0x00, 0xF0, 0x00, 0x00, 0x00, 0x00,
    0x00, 0x00, 0x6F, 0xD0, 0x1F, 0xAF, 0x83, 0x80, 0x2D, 0xB4, 0x01, 0xEF, 0xFF, 0xFE, 0xF5, 0x55,
    0x4F, 0x00, 0x00, 0xB4, 0x00, 0x03, 0xC0, 0x00, 0x1F, 0x9A, 0xC0, 0x2F, 0xF8, 0xFF, 0xFF, 0x7D,
    0x55, 0x4F, 0x00, 0x03, 0xC0, 0x00, 0xF0, 0x00, 0x3C, 0x00, 0x0F, 0xFF, 0xF3, 0xD5, 0x54, 0xF0,
    0x00, 0x3C, 0x00, 0x0F, 0x00, 0x03, 0xC0, 0x00, 0xF5, 0x55, 0x3F, 0xFF, 0xD0, 0x01, 0xC0, 0x00,
    0xD0, 0x00, 0x38, 0x00, 0x0F, 0xC0, 0x00, 0x50, 0x06, 0xFD, 0x01, 0xFA, 0xF4, 0x3C, 0x03, 0xCB,
    0x40, 0x1D, 0xF4, 0x01, 0xEF, 0xFF, 0xFE, 0xF5, 0x55, 0x4B, 0x40, 0x00, 0x3C, 0x00, 0x01, 0xF9,
    0xAC, 0x02, 0xFF, 0xC0, 0x00, 0x70, 0x00, 0x0D, 0x00, 0x01, 0xC0, 0x00, 0x1E, 0x80, 0x00, 0xBC,
    0x38, 0x1E, 0x03, 0xDE, 0x00, 0x3E, 0x00, 0x00, 0x00, 0x00, 0x00, 0x3F, 0xFF, 0xDF, 0x55, 0x53,
    0xC0, 0x00, 0xF0, 0x00, 0x3C, 0x00, 0x0F, 0x00, 0x03, 0xFF, 0xFC, 0xF5, 0x55, 0x3C, 0x00, 0x0F,
    0x00, 0x03, 0xC0, 0x00, 0xF0, 0x00, 0x3D, 0x55, 0x4F, 0xFF, 0xF4, 0x1D, 0x0B, 0x00, 0x7A, 0xC0,
    0x01, 0xF4, 0x00, 0x00, 0x00, 0x06, 0xFD, 0x01, 0xFA, 0xF8, 0x38, 0x02, 0xDB, 0x40, 0x1E, 0xFF,
    0xFF, 0xEF, 0x55, 0x54, 0xF0, 0x00, 0x0B, 0x40, 0x00, 0x3C, 0x00, 0x01, 0xF9, 0xAC, 0x02, 0xFF,
    0x80, 0x00, 0x0F, 0x80, 0x00, 0x0F, 0xB8, 0x00, 0x0B, 0x03, 0x80, 0x00, 0x00, 0x00, 0x00, 0x00,
    0x00, 0x00, 0x1B, 0xFE, 0x40, 0x3F, 0x9A, 0xF0, 0x3D, 0x00, 0x00, 0x3D, 0x00, 0x00, 0x1E, 0x00,
    0x00, 0x0B, 0x40, 0x00, 0x02, 0xD0, 0x0B, 0xFE, 0xB4, 0x00, 0x57, 0xAD, 0x00, 0x01, 0xE7, 0x80,
    0x00, 0x78, 0xF0, 0x00, 0x1E, 0x1F, 0x40, 0x07, 0x81, 0xFE, 0x9B, 0xE0, 0x0B, 0xFF, 0xE0, 0x00,
    0xF4, 0x00, 0x0F, 0xB4, 0x00, 0xE0, 0x74, 0x00, 0x00, 0x00, 0x07, 0xF8, 0xB0, 0xBE, 0xBF, 0xC3,
    0xC0, 0x2F, 0x2D, 0x00, 0x3C, 0xF0, 0x00, 0xF3, 0xC0, 0x03, 0xCF, 0x00, 0x0F, 0x2D, 0x00, 0x3C,
    0x7C, 0x01, 0xF0, 0xBE, 0xBF, 0xC0, 0x7F, 0x8F, 0x00, 0x00, 0x3C, 0x00, 0x00, 0xF0, 0x00, 0x0B,
    0x83, 0xEA, 0xFC, 0x06, 0xFF, 0x80, 0x00, 0x00, 0x00, 0x00, 0x28, 0x1D, 0x00, 0x03, 0xFE, 0x00,
    0x00, 0x04, 0x00, 0x00, 0x00, 0x00, 0x00, 0x00, 0x00, 0x00, 0x06, 0xFF, 0x90, 0x0F, 0xE6, 0xBC,
    0x0F, 0x40, 0x00, 0x0F, 0x40, 0x00, 0x07, 0x80, 0x00, 0x02, 0xD0, 0x00, 0x00, 0xB4, 0x02, 0xFF,
    0xAD, 0x00, 0x15, 0xEB, 0x40, 0x00, 0x79, 0xE0, 0x00, 0x1E, 0x3C, 0x00, 0x07, 0x87, 0xD0, 0x01,
    0xE0, 0x7F, 0xA6, 0xF8, 0x02, 0xFF, 0xF8, 0x00, 0x00, 0x00, 0x38, 0x1C, 0x00, 0x7F, 0xE0, 0x00,
    0x14, 0x00, 0x00, 0x00, 0x00, 0x1F, 0xE2, 0xC2, 0xFA, 0xFF, 0x0F, 0x00, 0xBC, 0xB4, 0x00, 0xF3,
    0xC0, 0x03, 0xCF, 0x00, 0x0F, 0x3C, 0x00, 0x3C, 0xB4, 0x00, 0xF1, 0xF0, 0x07, 0xC2, 0xFA, 0xFF,
    0x01, 0xFE, 0x3C, 0x00, 0x00, 0xF0, 0x00, 0x03, 0xC0, 0x00, 0x2E, 0x0F, 0xAB, 0xF0, 0x1B, 0xFE,
    0x00, 0x00, 0x00, 0x00, 0x00, 0x01, 0xD0, 0x00, 0x00, 0x74, 0x00, 0x00, 0x00, 0x00, 0x00, 0x00,
    0x00, 0x00, 0x00, 0x00, 0x00, 0x06, 0xFF, 0x90, 0x0F, 0xE6, 0xBC, 0x0F, 0x40, 0x00, 0x0F, 0x40,
    0x00, 0x07, 0x80, 0x00, 0x02, 0xD0, 0x00, 0x00, 0xB4, 0x02, 0xFF, 0xAD, 0x00, 0x15, 0xEB, 0x40,
    0x00, 0x79, 0xE0, 0x00, 0x1E, 0x3C, 0x00, 0x07, 0x87, 0xD0, 0x01, 0xE0, 0x7F, 0xA6, 0xF8, 0x02,
    0xFF, 0xF8, 0x00, 0x00, 0x00, 0x02, 0xC0, 0x00, 0x0B, 0x00, 0x00, 0x00, 0x00, 0x00, 0x00, 0x00,
    0x1F, 0xE2, 0xC2, 0xFA, 0xFF, 0x0F, 0x00, 0xBC, 0xB4, 0x00, 0xF3, 0xC0, 0x03, 0xCF, 0x00, 0x0F,
    0x3C, 0x00, 0x3C, 0xB4, 0x00, 0xF1, 0xF0, 0x07, 0xC2, 0xFA, 0xFF, 0x01, 0xFE, 0x3C, 0x00, 0x00,
    0xF0, 0x00, 0x03, 0xC0, 0x00, 0x2E, 0x0F, 0xAB, 0xF0, 0x1B, 0xFE, 0x00, 0x00, 0x6F, 0xF9, 0x00,
    0xFE, 0x6B, 0xC0, 0xF4, 0x00, 0x00, 0xF4, 0x00, 0x00, 0x78, 0x00, 0x00, 0x2D, 0x00, 0x00, 0x0B,
    0x40, 0x2F, 0xFA, 0xD0, 0x01, 0x5E, 0xB4, 0x00, 0x07, 0x9E, 0x00, 0x01, 0xE3, 0xC0, 0x00, 0x78,
    0x7D, 0x00, 0x1E, 0x07, 0xFA, 0x6F, 0x80, 0x2F, 0xFF, 0x80, 0x00, 0x00, 0x00, 0x00, 0x0E, 0x00,
    0x00, 0x07, 0x00, 0x00, 0x03, 0x40, 0x00, 0x00, 0x34, 0x00, 0x01, 0xC0, 0x00, 0x0F, 0x00, 0x00,
    0x00, 0x00, 0x07, 0xF8, 0xB0, 0xBE, 0xBF, 0xC3, 0xC0, 0x2F, 0x2D, 0x00, 0x3C, 0xF0, 0x00, 0xF3,
    0xC0, 0x03, 0xCF, 0x00, 0x0F, 0x2D, 0x00, 0x3C, 0x7C, 0x01, 0xF0, 0xBE, 0xBF, 0xC0, 0x7F, 0x8F,
    0x00, 0x00, 0x3C, 0x00, 0x00, 0xF0, 0x00, 0x0B, 0x83, 0xEA, 0xFC, 0x06, 0xFF, 0x80, 0x00, 0xBC,
    0x00, 0x01, 0xEF, 0x00, 0x07, 0x42, 0xC0, 0x00, 0x00, 0x00, 0x00, 0x00, 0x00, 0xF0, 0x00, 0x1D,
    0xF0, 0x00, 0x1D, 0xF0, 0x00, 0x1D, 0xF0, 0x00, 0x1D, 0xF0, 0x00, 0x1D, 0xF0, 0x00, 0x2D, 0xFF,
    0xFF, 0xFD, 0xF5, 0x55, 0x6D, 0xF0, 0x00, 0x1D, 0xF0, 0x00, 0x1D, 0xF0, 0x00, 0x1D, 0xF0, 0x00,
    0x1D, 0xF0, 0x00, 0x1D, 0xF0, 0x00, 0x1D, 0x0B, 0xC0, 0x00, 0x0B, 0xBC, 0x00, 0x07, 0x42, 0xC0,
    0x00, 0x00, 0x00, 0x00, 0x00, 0x00, 0x00, 0x00, 0xE0, 0x00, 0x00, 0x38, 0x00, 0x00, 0x0E, 0x00,
    0x00, 0x03, 0x80, 0x00, 0x00, 0xE2, 0xFD, 0x00, 0x3F, 0x9B, 0xE0, 0x0F, 0x40, 0x3C, 0x03, 0xC0,
    0x0B, 0x00, 0xE0, 0x02, 0xC0, 0x38, 0x00, 0xB0, 0x0E, 0x00, 0x2C, 0x03, 0x80, 0x0B, 0x00, 0xE0,
    0x02, 0xC0, 0x38, 0x00, 0xB0, 0x0E, 0x00, 0x2C, 0x0F, 0x00, 0x01, 0xD0, 0x0F, 0x00, 0x02, 0xD0,
    0xFF, 0xFF, 0xFF, 0xFD, 0x5F, 0x55, 0x56, 0xE4, 0x0F, 0x00, 0x01, 0xD0, 0x0F, 0x00, 0x02, 0xD0,
    0x0F, 0xFF, 0xFF, 0xD0, 0x0F, 0x55, 0x56, 0xD0, 0x0F, 0x00, 0x01, 0xD0, 0x0F, 0x00, 0x01, 0xD0,
    0x0F, 0x00, 0x01, 0xD0, 0x0F, 0x00, 0x01, 0xD0, 0x0F, 0x00, 0x01, 0xD0, 0x0F, 0x00, 0x01, 0xD0,
    0x0E, 0x00, 0x00, 0x1E, 0x00, 0x00, 0xFF, 0xFF, 0x00, 0x5E, 0x55, 0x00, 0x0E, 0x2F, 0xD0, 0x0E,
    0xE6, 0xF8, 0x0F, 0x40, 0x3C, 0x0F, 0x00, 0x2C, 0x0E, 0x00, 0x2C, 0x0E, 0x00, 0x2C, 0x0E, 0x00,
    0x2C, 0x0E, 0x00, 0x2C, 0x0E, 0x00, 0x2C, 0x0E, 0x00, 0x2C, 0x0E, 0x00, 0x2C, 0x00, 0x00, 0x07,
    0xE5, 0xC3, 0x9F, 0xE0, 0x40, 0x00, 0x00, 0x00, 0x00, 0x00, 0x00, 0xFF, 0xC0, 0x0B, 0x80, 0x01,
    0xD0, 0x00, 0x74, 0x00, 0x1D, 0x00, 0x07, 0x40, 0x01, 0xD0, 0x00, 0x74, 0x00, 0x1D, 0x00, 0x07,
    0x40, 0x01, 0xD0, 0x00, 0x74, 0x00, 0x2E, 0x00, 0x3F, 0xF0, 0x00, 0x00, 0x07, 0xF4, 0xD3, 0x9F,
    0xF0, 0x40, 0x10, 0x00, 0x00, 0x00, 0x38, 0x00, 0x0E, 0x00, 0x03, 0x80, 0x00, 0xE0, 0x00, 0x38,
    0x00, 0x0E, 0x00, 0x03, 0x80, 0x00, 0xE0, 0x00, 0x38, 0x00, 0x0E, 0x00, 0x03, 0x80, 0x00, 0x02,
    0xFF, 0xE1, 0x55, 0x00, 0x00, 0x00, 0x00, 0xFF, 0xC0, 0xB8, 0x01, 0xD0, 0x07, 0x40, 0x1D, 0x00,
    0x74, 0x01, 0xD0, 0x07, 0x40, 0x1D, 0x00, 0x74, 0x01, 0xD0, 0x07, 0x40, 0x2E, 0x03, 0xFF, 0x00,
    0x00, 0x01, 0xFF, 0xF1, 0x55, 0x40, 0x00, 0x03, 0x80, 0x0E, 0x00, 0x38, 0x00, 0xE0, 0x03, 0x80,
    0x0E, 0x00, 0x38, 0x00, 0xE0, 0x03, 0x80, 0x0E, 0x00, 0x38, 0x00, 0x00, 0x02, 0xC1, 0xE3, 0xFF,
    0x00, 0x40, 0x00, 0x00, 0x00, 0x03, 0xFF, 0x02, 0xE0, 0x07, 0x40, 0x1D, 0x00, 0x74, 0x01, 0xD0,
    0x07, 0x40, 0x1D, 0x00, 0x74, 0x01, 0xD0, 0x07, 0x40, 0x1D, 0x00, 0xB8, 0x0F, 0xFC, 0x00, 0x01,
    0xD1, 0xA2, 0xFF, 0x00, 0x40, 0x00, 0x00, 0x0E, 0x00, 0x38, 0x00, 0xE0, 0x03, 0x80, 0x0E, 0x00,
    0x38, 0x00, 0xE0, 0x03, 0x80, 0x0E, 0x00, 0x38, 0x00, 0xE0, 0x3F, 0xF0, 0x2E, 0x00, 0x74, 0x01,
    0xD0, 0x07, 0x40, 0x1D, 0x00, 0x74, 0x01, 0xD0, 0x07, 0x40, 0x1D, 0x00, 0x74, 0x01, 0xD0, 0x0B,
    0x80, 0xFF, 0xC0, 0x2C, 0x00, 0xD0, 0x03, 0x80, 0x0F, 0xC0, 0x05, 0x00, 0x0E, 0x0E, 0x00, 0x00,
    0x0E, 0x0E, 0x0E, 0x0E, 0x0E, 0x0E, 0x0E, 0x0E, 0x0E, 0x0E, 0x1F, 0x28, 0x70, 0x74, 0x3F, 0x04,
    0x00, 0x00, 0x1D, 0x00, 0x74, 0x00, 0x00, 0x00, 0x00, 0x00, 0x03, 0xFF, 0x02, 0xE0, 0x07, 0x40,
    0x1D, 0x00, 0x74, 0x01, 0xD0, 0x07, 0x40, 0x1D, 0x00, 0x74, 0x01, 0xD0, 0x07, 0x40, 0x1D, 0x00,
    0xB8, 0x0F, 0xFC, 0x38, 0xE3, 0x8E, 0x38, 0xE3, 0x8E, 0x38, 0xE3, 0x80, 0x3F, 0xF0, 0x3C, 0x2E,
    0x00, 0xF0, 0x74, 0x03, 0xC1, 0xD0, 0x0F, 0x07, 0x40, 0x3C, 0x1D, 0x00, 0xF0, 0x74, 0x03, 0xC1,
    0xD0, 0x0F, 0x07, 0x40, 0x3C, 0x1D, 0x00, 0xF0, 0x74, 0x03, 0xC1, 0xD0, 0x0F, 0x0B, 0x80, 0x3C,
    0xFF, 0xC0, 0xF0, 0x00, 0x03, 0xC0, 0x00, 0x0E, 0x00, 0x01, 0xF4, 0x00, 0xBF, 0x80, 0x00, 0x50,
    0x00, 0x38, 0x0F, 0x0E, 0x03, 0xC0, 0x00, 0x00, 0x00, 0x00, 0x38, 0x0F, 0x0E, 0x03, 0xC3, 0x80,
    0xF0, 0xE0, 0x3C, 0x38, 0x0F, 0x0E, 0x03, 0xC3, 0x80, 0xF0, 0xE0, 0x3C, 0x38, 0x0F, 0x0E, 0x03,
    0xC3, 0x80, 0xF0, 0x00, 0x3C, 0x00, 0x0F, 0x00, 0x03, 0xC0, 0x16, 0xE0, 0x0B, 0xE0, 0x02, 0xF0,
    0x01, 0xEF, 0x01, 0xD0, 0xB0, 0x00, 0x00, 0x00, 0x00, 0x00, 0x3C, 0x00, 0x0F, 0x00, 0x03, 0xC0,
    0x00, 0xF0, 0x00, 0x3C, 0x00, 0x0F, 0x00, 0x03, 0xC0, 0x00, 0xF0, 0x00, 0x3C, 0x00, 0x0F, 0x00,
    0x03, 0xC0, 0x00, 0xF0, 0x00, 0x3C, 0x00, 0x0F, 0x00, 0x03, 0xC0, 0x00, 0xE0, 0x01, 0xF4, 0x0B,
    0xF4, 0x00, 0x40, 0x00, 0x02, 0xF0, 0x02, 0xEF, 0x02, 0xD0, 0xB0, 0x00, 0x00, 0x00, 0xE0, 0x00,
    0x38, 0x00, 0x0E, 0x00, 0x03, 0x80, 0x00, 0xE0, 0x00, 0x38, 0x00, 0x0E, 0x00, 0x03, 0x80, 0x00,
    0xE0, 0x00, 0x38, 0x00, 0x0E, 0x00, 0x03, 0x80, 0x00, 0xE0, 0x00, 0x74, 0x02, 0xBC, 0x00, 0xFD,
    0x00, 0xF0, 0x00, 0xF3, 0xC0, 0x0F, 0x0F, 0x00, 0xF4, 0x3C, 0x0F, 0x40, 0xF0, 0xF4, 0x03, 0xCB,
    0x40, 0x0F, 0xBC, 0x00, 0x3F, 0xBC, 0x00, 0xF0, 0xB8, 0x03, 0xC0, 0xF4, 0x0F, 0x00, 0xF0, 0x3C,
    0x01, 0xF0, 0xF0, 0x02, 0xE3, 0xC0, 0x02, 0xE0, 0x00, 0x00, 0x00, 0x2C, 0x00, 0x00, 0xE0, 0x00,
    0x07, 0x00, 0x00, 0x38, 0x00, 0x03, 0x80, 0x00, 0x38, 0x00, 0x03, 0x80, 0x00, 0x38, 0x03, 0xC3,
    0x80, 0xF0, 0x38, 0x3D, 0x03, 0x8F, 0x40, 0x3A, 0xD0, 0x03, 0xFE, 0x00, 0x3C, 0xB4, 0x03, 0x83,
    0xD0, 0x38, 0x0F, 0x03, 0x80, 0x7C, 0x38, 0x02, 0xE0, 0x00, 0x00, 0x00, 0xF0, 0x00, 0x1D, 0x00,
    0x02, 0x80, 0x00, 0x38, 0x03, 0xC3, 0x80, 0xF4, 0x38, 0x2D, 0x03, 0x8B, 0x80, 0x39, 0xE0, 0x03,
    0xFF, 0x00, 0x3D, 0xB8, 0x03, 0x83, 0xD0, 0x38, 0x0F, 0x03, 0x80, 0x7C, 0x38, 0x02, 0xE0, 0x0B,
    0x80, 0x00, 0xE0, 0x00, 0x38, 0x00, 0x00, 0x00, 0x00, 0x00, 0x00, 0x03, 0xC0, 0x00, 0x3C, 0x00,
    0x03, 0xC0, 0x00, 0x3C, 0x00, 0x03, 0xC0, 0x00, 0x3C, 0x00, 0x03, 0xC0, 0x00, 0x3C, 0x00, 0x03,
    0xC0, 0x00, 0x3C, 0x00, 0x03, 0xC0, 0x00, 0x3C, 0x00, 0x03, 0xEA, 0xA8, 0x3F, 0xFF, 0xD0, 0x0F,
    0x47, 0x83, 0x40, 0x00, 0x00, 0x0E, 0x03, 0x80, 0xE0, 0x38, 0x0E, 0x03, 0x80, 0xE0, 0x38, 0x0E,
    0x03, 0x80, 0xE0, 0x38, 0x0E, 0x03, 0x80, 0xE0, 0xF0, 0x00, 0x3C, 0x00, 0x0F, 0x00, 0x03, 0xC0,
    0x00, 0xF0, 0x00, 0x3C, 0x00, 0x0F, 0x00, 0x03, 0xC0, 0x00, 0xF0, 0x00, 0x3C, 0x00, 0x0F, 0x00,
    0x03, 0xC0, 0x00, 0xFA, 0xAA, 0x3F, 0xFF, 0xD0, 0x00, 0x00, 0x07, 0x40, 0x02, 0xC0, 0x00, 0xD0,
    0x00, 0x38, 0x38, 0x38, 0x38, 0x38, 0x38, 0x38, 0x38, 0x38, 0x38, 0x38, 0x38, 0x38, 0x38, 0x38,
    0x00, 0x3C, 0x34, 0xA0, 0xF0, 0x0B, 0x7C, 0x02, 0xCF, 0x00, 0xC3, 0xC0, 0x00, 0xF0, 0x00, 0x3C,
    0x00, 0x0F, 0x00, 0x03, 0xC0, 0x00, 0xF0, 0x00, 0x3C, 0x00, 0x0F, 0x00, 0x03, 0xC0, 0x00, 0xFA,
    0xAA, 0x3F, 0xFF, 0xD0, 0x38, 0xF0, 0xE3, 0x43, 0x9C, 0x0E, 0x00, 0x38, 0x00, 0xE0, 0x03, 0x80,
    0x0E, 0x00, 0x38, 0x00, 0xE0, 0x03, 0x80, 0x0E, 0x00, 0x38, 0x00, 0xE0, 0x03, 0x80, 0x00, 0xF0,
    0x00, 0x3C, 0x00, 0x0F, 0x00, 0x03, 0xC0, 0x00, 0xF0, 0x00, 0x3C, 0x00, 0x0F, 0x03, 0xC3, 0xC0,
    0xF0, 0xF0, 0x00, 0x3C, 0x00, 0x0F, 0x00, 0x03, 0xC0, 0x00, 0xFA, 0xAA, 0x3F, 0xFF, 0xD0, 0x38,
    0x03, 0x80, 0x38, 0x03, 0x80, 0x38, 0x03, 0x80, 0x39, 0xD3, 0x9D, 0x38, 0x03, 0x80, 0x38, 0x03,
    0x80, 0x38, 0x03, 0x80, 0x38, 0x00, 0x0F, 0x00, 0x00, 0x3C, 0x00, 0x00, 0xF0, 0x00, 0x03, 0xC0,
    0x00, 0x0F, 0x00, 0x00, 0x3C, 0x70, 0x00, 0xFF, 0xC0, 0x03, 0xF4, 0x00, 0x7F, 0x00, 0x00, 0x7C,
    0x00, 0x00, 0xF0, 0x00, 0x03, 0xC0, 0x00, 0x0F, 0xAA, 0xA0, 0x3F, 0xFF, 0xD0, 0x07, 0x40, 0x1D,
    0x00, 0x74, 0x01, 0xD0, 0x07, 0x40, 0x1D, 0x00, 0x7B, 0x01, 0xF8, 0x2F, 0x80, 0xBD, 0x00, 0x74,
    0x01, 0xD0, 0x07, 0x40, 0x1D, 0x00, 0x74, 0x00, 0x00, 0x0B, 0x80, 0x00, 0x0E, 0x00, 0x00, 0x38,
    0x00, 0x00, 0x00, 0x00, 0x00, 0x00, 0x00, 0xF8, 0x00, 0x0F, 0xFC, 0x00, 0x0F, 0xFF, 0x00, 0x0F,
    0xEB, 0x40, 0x0F, 0xE3, 0xC0, 0x0F, 0xE0, 0xE0, 0x0F, 0xE0, 0xB4, 0x0F, 0xF0, 0x3C, 0x0F, 0xF0,
    0x0E, 0x0F, 0xF0, 0x07, 0x4F, 0xF0, 0x03, 0xCF, 0xF0, 0x00, 0xEF, 0xF0, 0x00, 0x7F, 0xF0, 0x00,
    0x2F, 0x00, 0x0F, 0x40, 0x00, 0xB4, 0x00, 0x07, 0x40, 0x00, 0x00, 0x00, 0x34, 0xBF, 0x40, 0xEE,
    0x6F, 0x83, 0xD0, 0x0F, 0x0F, 0x00, 0x2C, 0x38, 0x00, 0xB0, 0xE0, 0x02, 0xC3, 0x80, 0x0B, 0x0E,
    0x00, 0x2C, 0x38, 0x00, 0xB0, 0xE0, 0x02, 0xC3, 0x80, 0x0B, 0x00, 0xF8, 0x00, 0x0F, 0xFC, 0x00,
    0x0F, 0xFF, 0x00, 0x0F, 0xEB, 0x40, 0x0F, 0xE3, 0xC0, 0x0F, 0xE0, 0xE0, 0x0F, 0xE0, 0xB4, 0x0F,
    0xF0, 0x3C, 0x0F, 0xF0, 0x0E, 0x0F, 0xF0, 0x07, 0x4F, 0xF0, 0x03, 0xCF, 0xF0, 0x00, 0xEF, 0xF0,
    0x00, 0x7F, 0xF0, 0x00, 0x2F, 0x00, 0x00, 0x00, 0x00, 0x2C, 0x00, 0x00, 0x38, 0x00, 0x00, 0x70,
    0x00, 0x34, 0xBF, 0x40, 0xEE, 0x6F, 0x83, 0xD0, 0x0F, 0x0F, 0x00, 0x2C, 0x38, 0x00, 0xB0, 0xE0,
    0x02, 0xC3, 0x80, 0x0B, 0x0E, 0x00, 0x2C, 0x38, 0x00, 0xB0, 0xE0, 0x02, 0xC3, 0x80, 0x0B, 0x00,
    0x00, 0x00, 0x00, 0x38, 0x00, 0x01, 0xC0, 0x00, 0x0D, 0x00, 0x00, 0x07, 0x42, 0xC0, 0x01, 0xEF,
    0x00, 0x00, 0x7C, 0x00, 0x00, 0x00, 0x00, 0x00, 0x00, 0x00, 0xF8, 0x00, 0x0F, 0xFC, 0x00, 0x0F,
    0xFF, 0x00, 0x0F, 0xEB, 0x40, 0x0F, 0xE3, 0xC0, 0x0F, 0xE0, 0xE0, 0x0F, 0xE0, 0xB4, 0x0F, 0xF0,
    0x3C, 0x0F, 0xF0, 0x0E, 0x0F, 0xF0, 0x07, 0x4F, 0xF0, 0x03, 0xCF, 0xF0, 0x00, 0xEF, 0xF0, 0x00,
    0x7F, 0xF0, 0x00, 0x2F, 0x0F, 0x03, 0x80, 0x0F, 0x78, 0x00, 0x0F, 0x80, 0x00, 0x00, 0x00, 0x34,
    0xBF, 0x40, 0xEE, 0x6F, 0x83, 0xD0, 0x0F, 0x0F, 0x00, 0x2C, 0x38, 0x00, 0xB0, 0xE0, 0x02, 0xC3,
    0x80, 0x0B, 0x0E, 0x00, 0x2C, 0x38, 0x00, 0xB0, 0xE0, 0x02, 0xC3, 0x80, 0x0B, 0x00, 0x3C, 0x00,
    0x00, 0x0F, 0x00, 0x00, 0x07, 0x40, 0x00, 0x02, 0xCF, 0x2F, 0xE0, 0xE3, 0xFE, 0xAF, 0x00, 0xFC,
    0x02, 0xD0, 0x3D, 0x00, 0x78, 0x0F, 0x00, 0x0E, 0x03, 0xC0, 0x03, 0x80, 0xF0, 0x00, 0xE0, 0x3C,
    0x00, 0x38, 0x0F, 0x00, 0x0E, 0x03, 0xC0, 0x03, 0x80, 0xF0, 0x00, 0xE0, 0xF8, 0x00, 0x0F, 0xFD,
    0x00, 0x0F, 0xEB, 0x00, 0x0F, 0xE3, 0x80, 0x0F, 0xE1, 0xD0, 0x0F, 0xE0, 0xB0, 0x0F, 0xF0, 0x3C,
    0x0F, 0xF0, 0x1D, 0x0F, 0xF0, 0x0B, 0x0F, 0xF0, 0x03, 0xCF, 0xF0, 0x01, 0xEF, 0xF0, 0x00, 0xBF,
    0xF0, 0x00, 0x3F, 0xF0, 0x00, 0x1F, 0x00, 0x00, 0x0E, 0x00, 0x00, 0x2D, 0x00, 0x0B, 0xF8, 0x00,
    0x01, 0x00, 0x34, 0xBF, 0x40, 0xEE, 0x6F, 0x83, 0xD0, 0x0F, 0x0F, 0x00, 0x2C, 0x38, 0x00, 0xB0,
    0xE0, 0x02, 0xC3, 0x80, 0x0B, 0x0E, 0x00, 0x2C, 0x38, 0x00, 0xB0, 0xE0, 0x02, 0xC3, 0x80, 0x0B,
    0x00, 0x00, 0x2C, 0x00, 0x00, 0xB0, 0x00, 0x02, 0xC0, 0x00, 0xAF, 0x00, 0x03, 0xE0, 0x00, 0x00,
    0x00, 0x00, 0x0F, 0xFF, 0x00, 0x00, 0x55, 0x50, 0x00, 0x00, 0x00, 0x00, 0x00, 0x00, 0x00, 0x00,
    0x0B, 0xFE, 0x40, 0x07, 0xE9, 0xBE, 0x01, 0xF0, 0x00, 0xB8, 0x3C, 0x00, 0x03, 0xD7, 0x80, 0x00,
    0x1E, 0xB4, 0x00, 0x00, 0xFB, 0x40, 0x00, 0x0F, 0xB4, 0x00, 0x00, 0xFB, 0x40, 0x00, 0x0F, 0x78,
    0x00, 0x01, 0xE3, 0xC0, 0x00, 0x3D, 0x1F, 0x00, 0x0B, 0x80, 0xBE, 0x9B, 0xE0, 0x00, 0xBF, 0xE4,
    0x00, 0x00, 0x00, 0x00, 0x3F, 0xFD, 0x00, 0x55, 0x50, 0x00, 0x00, 0x00, 0x06, 0xFE, 0x00, 0x7E,
    0x6F, 0x03, 0xC0, 0x1F, 0x2D, 0x00, 0x3C, 0xF0, 0x00, 0xB7, 0xC0, 0x01, 0xDF, 0x00, 0x0B, 0x6D,
    0x00, 0x3C, 0x3C, 0x01, 0xF0, 0x7E, 0x6F, 0x00, 0x2F, 0xE0, 0x00, 0x00, 0x00, 0x00, 0x00, 0x0D,
    0x07, 0x00, 0x00, 0x7F, 0xD0, 0x00, 0x00, 0x50, 0x00, 0x00, 0x00, 0x00, 0x00, 0x00, 0x00, 0x00,
    0x00, 0xBF, 0xE4, 0x00, 0x7E, 0x9B, 0xE0, 0x1F, 0x00, 0x0B, 0x83, 0xC0, 0x00, 0x3D, 0x78, 0x00,
    0x01, 0xEB, 0x40, 0x00, 0x0F, 0xB4, 0x00, 0x00, 0xFB, 0x40, 0x00, 0x0F, 0xB4, 0x00, 0x00, 0xF7,
    0x80, 0x00, 0x1E, 0x3C, 0x00, 0x03, 0xD1, 0xF0, 0x00, 0xB8, 0x0B, 0xE9, 0xBE, 0x00, 0x0B, 0xFE,
    0x40, 0x00, 0x00, 0x00, 0x38, 0x1D, 0x00, 0x3F, 0xE0, 0x00, 0x04, 0x00, 0x00, 0x00, 0x00, 0x1B,
    0xF8, 0x01, 0xF9, 0xBC, 0x0F, 0x00, 0x7C, 0xB4, 0x00, 0xF3, 0xC0, 0x02, 0xDF, 0x00, 0x07, 0x7C,
    0x00, 0x2D, 0xB4, 0x00, 0xF0, 0xF0, 0x07, 0xC1, 0xF9, 0xBC, 0x00, 0xBF, 0x80, 0x00, 0x3C, 0x78,
    0x00, 0x0B, 0x0E, 0x00, 0x01, 0xC2, 0x80, 0x00, 0x00, 0x00, 0x00, 0x00, 0x00, 0x00, 0x00, 0x0B,
    0xFE, 0x40, 0x07, 0xE9, 0xBE, 0x01, 0xF0, 0x00, 0xB8, 0x3C, 0x00, 0x03, 0xD7, 0x80, 0x00, 0x1E,
    0xB4, 0x00, 0x00, 0xFB, 0x40, 0x00, 0x0F, 0xB4, 0x00, 0x00, 0xFB, 0x40, 0x00, 0x0F, 0x78, 0x00,
    0x01, 0xE3, 0xC0, 0x00, 0x3D, 0x1F, 0x00, 0x0B, 0x80, 0xBE, 0x9B, 0xE0, 0x00, 0xBF, 0xE4, 0x00,
    0x03, 0xC3, 0xC0, 0x2D, 0x3C, 0x00, 0xD2, 0xC0, 0x00, 0x00, 0x00, 0x06, 0xFE, 0x00, 0x7E, 0x6F,
    0x03, 0xC0, 0x1F, 0x2D, 0x00, 0x3C, 0xF0, 0x00, 0xB7, 0xC0, 0x01, 0xDF, 0x00, 0x0B, 0x6D, 0x00,
    0x3C, 0x3C, 0x01, 0xF0, 0x7E, 0x6F, 0x00, 0x2F, 0xE0, 0x00, 0x00, 0xBF, 0xFF, 0xFF, 0xC0, 0xBE,
    0x9B, 0xE5, 0x54, 0x1F, 0x00, 0x3C, 0x00, 0x03, 0xC0, 0x03, 0xC0, 0x00, 0x78, 0x00, 0x3C, 0x00,
    0x0B, 0x40, 0x03, 0xC0, 0x00, 0xB4, 0x00, 0x3F, 0xFF, 0x8B, 0x40, 0x03, 0xD5, 0x50, 0xB4, 0x00,
    0x3C, 0x00, 0x07, 0x80, 0x03, 0xC0, 0x00, 0x3C, 0x00, 0x3C, 0x00, 0x01, 0xF0, 0x03, 0xC0, 0x00,
    0x0B, 0xE9, 0xBE, 0x55, 0x40, 0x0B, 0xFF, 0xFF, 0xFC, 0x06, 0xFD, 0x02, 0xFD, 0x02, 0xFA, 0xB9,
    0xFA, 0xF8, 0x3C, 0x01, 0xFC, 0x02, 0xDB, 0x40, 0x0F, 0x40, 0x1E, 0xF0, 0x00, 0xFF, 0xFF, 0xEF,
    0x00, 0x0B, 0x55, 0x54, 0xF0, 0x00, 0xF4, 0x00, 0x0B, 0x40, 0x0F, 0x80, 0x00, 0x3C, 0x02, 0xFC,
    0x00, 0x01, 0xFA, 0xF8, 0xF9, 0xAC, 0x06, 0xFD, 0x02, 0xFF, 0x80, 0x00, 0x3D, 0x00, 0x02, 0xD0,
    0x00, 0x1D, 0x00, 0x00, 0x00, 0x00, 0x00, 0x00, 0x03, 0xFF, 0xE4, 0x0F, 0x5A, 0xF8, 0x3C, 0x00,
    0xF4, 0xF0, 0x02, 0xD3, 0xC0, 0x07, 0x4F, 0x00, 0x3D, 0x3C, 0x06, 0xE0, 0xFF, 0xFD, 0x03, 0xD5,
    0xF0, 0x0F, 0x01, 0xE0, 0x3C, 0x03, 0xD0, 0xF0, 0x03, 0xC3, 0xC0, 0x0B, 0x8F, 0x00, 0x0F, 0x40,
    0x00, 0x7C, 0x00, 0xF0, 0x03, 0x80, 0x00, 0x00, 0x34, 0xBC, 0x37, 0xE8, 0x3E, 0x00, 0x3C, 0x00,
    0x38, 0x00, 0x38, 0x00, 0x38, 0x00, 0x38, 0x00, 0x38, 0x00, 0x38, 0x00, 0x38, 0x00, 0xFF, 0xF9,
    0x03, 0xD6, 0xBE, 0x0F, 0x00, 0x3D, 0x3C, 0x00, 0xB4, 0xF0, 0x01, 0xD3, 0xC0, 0x0F, 0x4F, 0x01,
    0xB8, 0x3F, 0xFF, 0x40, 0xF5, 0x7C, 0x03, 0xC0, 0x78, 0x0F, 0x00, 0xF4, 0x3C, 0x00, 0xF0, 0xF0,
    0x02, 0xE3, 0xC0, 0x03, 0xD0, 0x00, 0x00, 0x00, 0x3C, 0x00, 0x00, 0xE0, 0x00, 0x07, 0x00, 0x00,
    0x34, 0xBC, 0x37, 0xE8, 0x3E, 0x00, 0x3C, 0x00, 0x38, 0x00, 0x38, 0x00, 0x38, 0x00, 0x38, 0x00,
    0x38, 0x00, 0x38, 0x00, 0x38, 0x00, 0x00, 0x00, 0x3C, 0x00, 0x34, 0x00, 0xA0, 0x00, 0x3C, 0x0E,
    0x00, 0x3D, 0xE0, 0x00, 0x3F, 0x00, 0x00, 0x00, 0x00, 0x00, 0x00, 0x03, 0xFF, 0xE4, 0x0F, 0x5A,
    0xF8, 0x3C, 0x00, 0xF4, 0xF0, 0x02, 0xD3, 0xC0, 0x07, 0x4F, 0x00, 0x3D, 0x3C, 0x06, 0xE0, 0xFF,
    0xFD, 0x03, 0xD5, 0xF0, 0x0F, 0x01, 0xE0, 0x3C, 0x03, 0xD0, 0xF0, 0x03, 0xC3, 0xC0, 0x0B, 0x8F,
    0x00, 0x0F, 0x40, 0x74, 0x1D, 0x1E, 0xB4, 0x07, 0xD0, 0x00, 0x00, 0x34, 0xBC, 0x37, 0xE8, 0x3E,
    0x00, 0x3C, 0x00, 0x38, 0x00, 0x38, 0x00, 0x38, 0x00, 0x38, 0x00, 0x38, 0x00, 0x38, 0x00, 0x38,
    0x00, 0x00, 0x2E, 0x00, 0x03, 0xC0, 0x00, 0xE0, 0x00, 0x00, 0x00, 0x00, 0x00, 0x00, 0xBF, 0xE4,
    0x3E, 0xAB, 0xCB, 0x40, 0x00, 0xB0, 0x00, 0x0B, 0x40, 0x00, 0x3E, 0x00, 0x00, 0xFE, 0x40, 0x01,
    0xBF, 0x00, 0x00, 0xBC, 0x00, 0x02, 0xD0, 0x00, 0x1D, 0x00, 0x03, 0xCF, 0xAA, 0xF8, 0x7F, 0xF9,
    0x00, 0x00, 0x7C, 0x00, 0x3C, 0x00, 0x38, 0x00, 0x00, 0x00, 0x1F, 0xF9, 0x2F, 0xAB, 0x4F, 0x00,
    0x03, 0xC0, 0x00, 0x7E, 0x40, 0x02, 0xFD, 0x00, 0x07, 0xE0, 0x00, 0x3C, 0x00, 0x0F, 0x3E, 0x6F,
    0x87, 0xFE, 0x40, 0x01, 0xF0, 0x00, 0x7B, 0xC0, 0x1D, 0x0B, 0x00, 0x00, 0x00, 0x00, 0x00, 0x00,
    0xBF, 0xE4, 0x3E, 0xAB, 0xCB, 0x40, 0x00, 0xB0, 0x00, 0x0B, 0x40, 0x00, 0x3E, 0x00, 0x00, 0xFE,
    0x40, 0x01, 0xBF, 0x00, 0x00, 0xBC, 0x00, 0x02, 0xD0, 0x00, 0x1D, 0x00, 0x03, 0xCF, 0xAA, 0xF8,
    0x7F, 0xF9, 0x00, 0x07, 0xD0, 0x07, 0xBC, 0x03, 0x42, 0xC0, 0x00, 0x00, 0x1F, 0xF9, 0x2F, 0xAB,
    0x4F, 0x00, 0x03, 0xC0, 0x00, 0x7E, 0x40, 0x02, 0xFD, 0x00, 0x07, 0xE0, 0x00, 0x3C, 0x00, 0x0F,
    0x3E, 0x6F, 0x87, 0xFE, 0x40, 0x0B, 0xFE, 0x43, 0xEA, 0xBC, 0xB4, 0x00, 0x0B, 0x00, 0x00, 0xB4,
    0x00, 0x03, 0xE0, 0x00, 0x0F, 0xE4, 0x00, 0x1B, 0xF0, 0x00, 0x0B, 0xC0, 0x00, 0x2D, 0x00, 0x01,
    0xD0, 0x00, 0x3C, 0xFA, 0xAF, 0x87, 0xFF, 0x90, 0x00, 0xC0, 0x00, 0x2D, 0x00, 0x00, 0xB4, 0x00,
    0x07, 0x40, 0x0B, 0xE0, 0x00, 0x00, 0x00, 0x1F, 0xF9, 0x2F, 0xAB, 0x4F, 0x00, 0x03, 0xC0, 0x00,
    0x7E, 0x40, 0x02, 0xFD, 0x00, 0x07, 0xE0, 0x00, 0x3C, 0x00, 0x0F, 0x3E, 0x6F, 0x87, 0xFE, 0x40,
    0x0A, 0x00, 0x03, 0x80, 0x00, 0x3C, 0x00, 0x0B, 0x00, 0x3F, 0x40, 0x00, 0x00, 0x00, 0x1D, 0x0B,
    0x00, 0x7A, 0xC0, 0x01, 0xF4, 0x00, 0x00, 0x00, 0x00, 0x00, 0x00, 0xBF, 0xE4, 0x3E, 0xAB, 0xCB,
    0x40, 0x00, 0xB0, 0x00, 0x0B, 0x40, 0x00, 0x3E, 0x00, 0x00, 0xFE, 0x40, 0x01, 0xBF, 0x00, 0x00,
    0xBC, 0x00, 0x02, 0xD0, 0x00, 0x1D, 0x00, 0x03, 0xCF, 0xAA, 0xF8, 0x7F, 0xF9, 0x00, 0x74, 0x1D,
    0x07, 0xAD, 0x00, 0x7D, 0x00, 0x00, 0x00, 0x1F, 0xF9, 0x2F, 0xAB, 0x4F, 0x00, 0x03, 0xC0, 0x00,
    0x7E, 0x40, 0x02, 0xFD, 0x00, 0x07, 0xE0, 0x00, 0x3C, 0x00, 0x0F, 0x3E, 0x6F, 0x87, 0xFE, 0x40,
    0xFF, 0xFF, 0xFD, 0x55, 0xBD, 0x54, 0x00, 0x38, 0x00, 0x00, 0x38, 0x00, 0x00, 0x38, 0x00, 0x00,
    0x38, 0x00, 0x00, 0x38, 0x00, 0x00, 0x38, 0x00, 0x00, 0x38, 0x00, 0x00, 0x38, 0x00, 0x00, 0x38,
    0x00, 0x00, 0x38, 0x00, 0x00, 0x38, 0x00, 0x00, 0x38, 0x00, 0x00, 0x24, 0x00, 0x00, 0x38, 0x00,
    0x00, 0x1E, 0x00, 0x00, 0x0B, 0x00, 0x00, 0xFC, 0x00, 0x00, 0x00, 0x00, 0x01, 0x00, 0x0B, 0x00,
    0x0F, 0x00, 0x7F, 0xFC, 0x6F, 0x54, 0x0F, 0x00, 0x0F, 0x00, 0x0F, 0x00, 0x0F, 0x00, 0x0F, 0x00,
    0x0F, 0x00, 0x0F, 0x00, 0x0B, 0xD8, 0x02, 0xFC, 0x00, 0xC0, 0x02, 0xD0, 0x00, 0x74, 0x00, 0x34,
    0x0B, 0xE0, 0x00, 0x00, 0x07, 0x42, 0xC0, 0x01, 0xEF, 0x00, 0x00, 0xBC, 0x00, 0x00, 0x00, 0x00,
    0x00, 0x00, 0x00, 0xFF, 0xFF, 0xFD, 0x55, 0xBD, 0x54, 0x00, 0x38, 0x00, 0x00, 0x38, 0x00, 0x00,
    0x38, 0x00, 0x00, 0x38, 0x00, 0x00, 0x38, 0x00, 0x00, 0x38, 0x00, 0x00, 0x38, 0x00, 0x00, 0x38,
    0x00, 0x00, 0x38, 0x00, 0x00, 0x38, 0x00, 0x00, 0x38, 0x00, 0x00, 0x38, 0x00, 0x00, 0x00, 0xE0,
    0x00, 0x1C, 0x0B, 0x02, 0x80, 0xF0, 0x00, 0x7F, 0xFC, 0x06, 0xF5, 0x40, 0x0F, 0x00, 0x00, 0xF0,
    0x00, 0x0F, 0x00, 0x00, 0xF0, 0x00, 0x0F, 0x00, 0x00, 0xF0, 0x00, 0x0F, 0x00, 0x00, 0xBD, 0x80,
    0x02, 0xFC, 0x00, 0xFF, 0xFF, 0xFD, 0x55, 0xBD, 0x54, 0x00, 0x38, 0x00, 0x00, 0x38, 0x00, 0x00,
    0x38, 0x00, 0x00, 0x78, 0x00, 0x1F, 0xFF, 0xF0, 0x05, 0x7D, 0x50, 0x00, 0x38, 0x00, 0x00, 0x38,
    0x00, 0x00, 0x38, 0x00, 0x00, 0x38, 0x00, 0x00, 0x38, 0x00, 0x00, 0x38, 0x00, 0x01, 0x00, 0x0B,
    0x00, 0x0F, 0x00, 0x7F, 0xFC, 0x6F, 0x54, 0x0F, 0x00, 0x0F, 0x00, 0xBF, 0xFC, 0x1F, 0x54, 0x0F,
    0x00, 0x0F, 0x00, 0x0F, 0x00, 0x0B, 0xD8, 0x02, 0xFC, 0x00, 0x00, 0x00, 0x00, 0x7F, 0x4D, 0x00,
    0x39, 0xFF, 0x00, 0x04, 0x01, 0x00, 0x00, 0x00, 0x00, 0x00, 0x00, 0x00, 0x03, 0xC0, 0x00, 0xB4,
    0xF0, 0x00, 0x2D, 0x3C, 0x00, 0x0B, 0x4F, 0x00, 0x02, 0xD3, 0xC0, 0x00, 0xB4, 0xF0, 0x00, 0x2D,
    0x3C, 0x00, 0x0B, 0x4F, 0x00, 0x02, 0xD3, 0xC0, 0x00, 0xB4, 0xF0, 0x00, 0x2D, 0x3C, 0x00, 0x0F,
    0x07, 0x80, 0x07, 0x80, 0xBE, 0xAF, 0xC0, 0x06, 0xFF, 0x40, 0x00, 0x00, 0x00, 0x2F, 0x97, 0x00,
    0xD7, 0xF8, 0x01, 0x00, 0x00, 0x00, 0x00, 0x01, 0xE0, 0x02, 0xC7, 0x80, 0x0B, 0x1E, 0x00, 0x2C,
    0x78, 0x00, 0xB1, 0xE0, 0x02, 0xC7, 0x80, 0x0B, 0x1E, 0x00, 0x3C, 0x78, 0x00, 0xF0, 0xF0, 0x0B,
    0xC3, 0xFA, 0xBF, 0x02, 0xFE, 0x1C, 0x00, 0x00, 0x00, 0x00, 0x7F, 0xF8, 0x00, 0x05, 0x54, 0x00,
    0x00, 0x00, 0x00, 0x00, 0x00, 0x00, 0x0F, 0x00, 0x02, 0xD3, 0xC0, 0x00, 0xB4, 0xF0, 0x00, 0x2D,
    0x3C, 0x00, 0x0B, 0x4F, 0x00, 0x02, 0xD3, 0xC0, 0x00, 0xB4, 0xF0, 0x00, 0x2D, 0x3C, 0x00, 0x0B,
    0x4F, 0x00, 0x02, 0xD3, 0xC0, 0x00, 0xB4, 0xF0, 0x00, 0x3C, 0x1E, 0x00, 0x1E, 0x02, 0xFA, 0xBF,
    0x00, 0x1B, 0xFD, 0x00, 0x00, 0x00, 0x00, 0x2F, 0xFE, 0x00, 0x15, 0x50, 0x00, 0x00, 0x00, 0x78,
    0x00, 0xB1, 0xE0, 0x02, 0xC7, 0x80, 0x0B, 0x1E, 0x00, 0x2C, 0x78, 0x00, 0xB1, 0xE0, 0x02, 0xC7,
    0x80, 0x0F, 0x1E, 0x00, 0x3C, 0x3C, 0x02, 0xF0, 0xFE, 0xAF, 0xC0, 0xBF, 0x87, 0x00, 0x00, 0x00,
    0x00, 0x00, 0x70, 0x68, 0x00, 0x0F, 0xFC, 0x00, 0x00, 0x10, 0x00, 0x00, 0x00, 0x00, 0x00, 0x00,
    0x00, 0x03, 0xC0, 0x00, 0xB4, 0xF0, 0x00, 0x2D, 0x3C, 0x00, 0x0B, 0x4F, 0x00, 0x02, 0xD3, 0xC0,
    0x00, 0xB4, 0xF0, 0x00, 0x2D, 0x3C, 0x00, 0x0B, 0x4F, 0x00, 0x02, 0xD3, 0xC0, 0x00, 0xB4, 0xF0,
    0x00, 0x2D, 0x3C, 0x00, 0x0F, 0x07, 0x80, 0x07, 0x80, 0xBE, 0xAF, 0xC0, 0x06, 0xFF, 0x40, 0x00,
    0x00, 0x00, 0x28, 0x1D, 0x00, 0x3F, 0xE0, 0x00, 0x04, 0x00, 0x00, 0x00, 0x01, 0xE0, 0x02, 0xC7,
    0x80, 0x0B, 0x1E, 0x00, 0x2C, 0x78, 0x00, 0xB1, 0xE0, 0x02, 0xC7, 0x80, 0x0B, 0x1E, 0x00, 0x3C,
    0x78, 0x00, 0xF0, 0xF0, 0x0B, 0xC3, 0xFA, 0xBF, 0x02, 0xFE, 0x1C, 0x00, 0x00, 0x00, 0x00, 0x0F,
    0xD0, 0x00, 0x0B, 0x6C, 0x00, 0x02, 0x8B, 0x00, 0x00, 0x3F, 0x40, 0x00, 0x01, 0x00, 0x00, 0x00,
    0x00, 0x00, 0xF0, 0x00, 0x2D, 0x3C, 0x00, 0x0B, 0x4F, 0x00, 0x02, 0xD3, 0xC0, 0x00, 0xB4, 0xF0,
    0x00, 0x2D, 0x3C, 0x00, 0x0B, 0x4F, 0x00, 0x02, 0xD3, 0xC0, 0x00, 0xB4, 0xF0, 0x00, 0x2D, 0x3C,
    0x00, 0x0B, 0x4F, 0x00, 0x03, 0xC1, 0xE0, 0x01, 0xE0, 0x2F, 0xAB, 0xF0, 0x01, 0xBF, 0xD0, 0x00,
    0x00, 0x00, 0x00, 0x03, 0xF0, 0x00, 0x39, 0xE0, 0x00, 0xE2, 0x80, 0x01, 0xFC, 0x00, 0x00, 0x40,
    0x07, 0x80, 0x0B, 0x1E, 0x00, 0x2C, 0x78, 0x00, 0xB1, 0xE0, 0x02, 0xC7, 0x80, 0x0B, 0x1E, 0x00,
    0x2C, 0x78, 0x00, 0xF1, 0xE0, 0x03, 0xC3, 0xC0, 0x2F, 0x0F, 0xEA, 0xFC, 0x0B, 0xF8, 0x70, 0x00,
    0xB4, 0xF0, 0x00, 0x38, 0xB4, 0x00, 0x38, 0x34, 0x00, 0x00, 0x00, 0x00, 0x00, 0x00, 0x00, 0x0F,
    0x00, 0x02, 0xD3, 0xC0, 0x00, 0xB4, 0xF0, 0x00, 0x2D, 0x3C, 0x00, 0x0B, 0x4F, 0x00, 0x02, 0xD3,
    0xC0, 0x00, 0xB4, 0xF0, 0x00, 0x2D, 0x3C, 0x00, 0x0B, 0x4F, 0x00, 0x02, 0xD3, 0xC0, 0x00, 0xB4,
    0xF0, 0x00, 0x3C, 0x1E, 0x00, 0x1E, 0x02, 0xFA, 0xBF, 0x00, 0x1B, 0xFD, 0x00, 0x03, 0xD3, 0xC0,
    0x1D, 0x2C, 0x00, 0xD1, 0xC0, 0x00, 0x00, 0x00, 0x78, 0x00, 0xB1, 0xE0, 0x02, 0xC7, 0x80, 0x0B,
    0x1E, 0x00, 0x2C, 0x78, 0x00, 0xB1, 0xE0, 0x02, 0xC7, 0x80, 0x0F, 0x1E, 0x00, 0x3C, 0x3C, 0x02,
    0xF0, 0xFE, 0xAF, 0xC0, 0xBF, 0x87, 0x00, 0x3C, 0x00, 0x0B, 0x4F, 0x00, 0x02, 0xD3, 0xC0, 0x00,
    0xB4, 0xF0, 0x00, 0x2D, 0x3C, 0x00, 0x0B, 0x4F, 0x00, 0x02, 0xD3, 0xC0, 0x00, 0xB4, 0xF0, 0x00,
    0x2D, 0x3C, 0x00, 0x0B, 0x4F, 0x00, 0x02, 0xD3, 0xC0, 0x00, 0xF0, 0x78, 0x00, 0x7C, 0x0B, 0xEA,
    0xFD, 0x00, 0x6F, 0xFD, 0x00, 0x00, 0x0E, 0x00, 0x00, 0x0B, 0x00, 0x00, 0x03, 0x80, 0x00, 0x00,
    0xB9, 0x00, 0x00, 0x0F, 0x80, 0x78, 0x00, 0xB1, 0xE0, 0x02, 0xC7, 0x80, 0x0B, 0x1E, 0x00, 0x2C,
    0x78, 0x00, 0xB1, 0xE0, 0x02, 0xC7, 0x80, 0x0F, 0x1E, 0x00, 0x3C, 0x3C, 0x02, 0xF0, 0xFE, 0xAF,
    0xC0, 0xBF, 0x8F, 0x00, 0x00, 0x70, 0x00, 0x03, 0x40, 0x00, 0x0E, 0x00, 0x00, 0x3F, 0x40, 0x00,
    0x14, 0x00, 0x00, 0xBC, 0x00, 0x00, 0x00, 0x02, 0xEF, 0x00, 0x00, 0x00, 0x0B, 0x42, 0xC0, 0x00,
    0x00, 0x00, 0x00, 0x00, 0x00, 0x00, 0x00, 0x00, 0x00, 0x00, 0xB4, 0x00, 0xB8, 0x00, 0x3C, 0x78,
    0x00, 0xFC, 0x00, 0x78, 0x3C, 0x00, 0xFD, 0x00, 0xB4, 0x3C, 0x01, 0xDE, 0x00, 0xF0, 0x1D, 0x03,
    0xCF, 0x00, 0xF0, 0x0E, 0x03, 0x87, 0x41, 0xE0, 0x0F, 0x07, 0x43, 0x82, 0xD0, 0x0B, 0x0B, 0x03,
    0xC3, 0xC0, 0x07, 0x4F, 0x01, 0xD3, 0x80, 0x03, 0x9D, 0x00, 0xE7, 0x40, 0x03, 0xEC, 0x00, 0xFB,
    0x00, 0x02, 0xFC, 0x00, 0xBF, 0x00, 0x00, 0xF8, 0x00, 0x3E, 0x00, 0x00, 0xF0, 0x00, 0x3D, 0x00,
    0x00, 0x03, 0xD0, 0x00, 0x00, 0x03, 0xED, 0x00, 0x00, 0x03, 0x81, 0xD0, 0x00, 0x00, 0x00, 0x00,
    0x00, 0xB4, 0x03, 0xD0, 0x0F, 0x1E, 0x01, 0xF8, 0x03, 0x83, 0xC0, 0xBB, 0x01, 0xD0, 0xF0, 0x3D,
    0xD0, 0xB0, 0x2D, 0x0D, 0x38, 0x3C, 0x03, 0x8B, 0x0F, 0x0E, 0x00, 0xF3, 0xC1, 0xC7, 0x40, 0x2C,
    0xE0, 0x3A, 0xC0, 0x07, 0xB0, 0x0E, 0xE0, 0x00, 0xFC, 0x02, 0xF4, 0x00, 0x3E, 0x00, 0x7C, 0x00,
    0x00, 0x7C, 0x00, 0x01, 0xEF, 0x00, 0x07, 0x42, 0xC0, 0x00, 0x00, 0x00, 0x00, 0x00, 0x00, 0xB4,
    0x00, 0x2D, 0x3C, 0x00, 0x3C, 0x2D, 0x00, 0xB4, 0x0F, 0x00, 0xF0, 0x07, 0x42, 0xC0, 0x03, 0xC3,
    0x80, 0x01, 0xDB, 0x00, 0x00, 0xBD, 0x00, 0x00, 0x3C, 0x00, 0x00, 0x3C, 0x00, 0x00, 0x3C, 0x00,
    0x00, 0x3C, 0x00, 0x00, 0x3C, 0x00, 0x00, 0x3C, 0x00, 0x00, 0xF8, 0x00, 0x0F, 0xB4, 0x00, 0xE0,
    0x74, 0x00, 0x00, 0x00, 0xF0, 0x00, 0xB5, 0xE0, 0x03, 0xC3, 0xC0, 0x1E, 0x0B, 0x40, 0xB4, 0x0E,
    0x03, 0xC0, 0x3C, 0x1E, 0x00, 0x74, 0xB0, 0x00, 0xF3, 0xC0, 0x02, 0xDD, 0x00, 0x03, 0xF0, 0x00,
    0x0F, 0x80, 0x00, 0x2C, 0x00, 0x00, 0xF0, 0x00, 0x0B, 0x40, 0x05, 0xB8, 0x00, 0x2F, 0x80, 0x00,
    0x00, 0x00, 0x00, 0x03, 0xC3, 0x80, 0x00, 0x00, 0x00, 0x00, 0x00, 0x00, 0x00, 0x00, 0x00, 0xB4,
    0x00, 0x2D, 0x3C, 0x00, 0x3C, 0x2D, 0x00, 0xB4, 0x0F, 0x00, 0xF0, 0x07, 0x42, 0xC0, 0x03, 0xC3,
    0x80, 0x01, 0xDB, 0x00, 0x00, 0xBD, 0x00, 0x00, 0x3C, 0x00, 0x00, 0x3C, 0x00, 0x00, 0x3C, 0x00,
    0x00, 0x3C, 0x00, 0x00, 0x3C, 0x00, 0x00, 0x3C, 0x00, 0x00, 0x07, 0xC0, 0x00, 0x0F, 0x00, 0x00,
    0x38, 0x00, 0x00, 0x00, 0x00, 0x00, 0x00, 0x00, 0x3F, 0xFF, 0xFC, 0x15, 0x55, 0xF8, 0x00, 0x00,
    0xF0, 0x00, 0x03, 0xD0, 0x00, 0x07, 0x80, 0x00, 0x0F, 0x00, 0x00, 0x3D, 0x00, 0x00, 0xB8, 0x00,
    0x01, 0xF0, 0x00, 0x03, 0xC0, 0x00, 0x0B, 0x40, 0x00, 0x1F, 0x00, 0x00, 0x3E, 0x55, 0x54, 0x3F,
    0xFF, 0xFC, 0x00, 0x2E, 0x00, 0x0E, 0x00, 0x0E, 0x00, 0x00, 0x00, 0x3F, 0xFF, 0xC5, 0x56, 0xE0,
    0x00, 0xF0, 0x00, 0xB4, 0x00, 0x78, 0x00, 0x3C, 0x00, 0x3C, 0x00, 0x2D, 0x00, 0x1E, 0x00, 0x0F,
    0x95, 0x53, 0xFF, 0xFC, 0x00, 0x00, 0x00, 0x00, 0x3C, 0x00, 0x00, 0x3C, 0x00, 0x00, 0x00, 0x00,
    0x00, 0x00, 0x00, 0x00, 0x00, 0x00, 0x3F, 0xFF, 0xFC, 0x15, 0x55, 0xF8, 0x00, 0x00, 0xF0, 0x00,
    0x03, 0xD0, 0x00, 0x07, 0x80, 0x00, 0x0F, 0x00, 0x00, 0x3D, 0x00, 0x00, 0xB8, 0x00, 0x01, 0xF0,
    0x00, 0x03, 0xC0, 0x00, 0x0B, 0x40, 0x00, 0x1F, 0x00, 0x00, 0x3E, 0x55, 0x54, 0x3F, 0xFF, 0xFC,
    0x00, 0x00, 0x00, 0x3C, 0x00, 0x0E, 0x00, 0x00, 0x00, 0x00, 0x00, 0x0F, 0xFF, 0xF1, 0x55, 0xB8,
    0x00, 0x3C, 0x00, 0x2D, 0x00, 0x1E, 0x00, 0x0F, 0x00, 0x0F, 0x00, 0x0B, 0x40, 0x07, 0x80, 0x03,
    0xE5, 0x54, 0xFF, 0xFF, 0x03, 0x41, 0xD0, 0x01, 0xEB, 0x40, 0x00, 0x7D, 0x00, 0x00, 0x00, 0x00,
    0x00, 0x00, 0x00, 0x3F, 0xFF, 0xFC, 0x15, 0x55, 0xF8, 0x00, 0x00, 0xF0, 0x00, 0x03, 0xD0, 0x00,
    0x07, 0x80, 0x00, 0x0F, 0x00, 0x00, 0x3D, 0x00, 0x00, 0xB8, 0x00, 0x01, 0xF0, 0x00, 0x03, 0xC0,
    0x00, 0x0B, 0x40, 0x00, 0x1F, 0x00, 0x00, 0x3E, 0x55, 0x54, 0x3F, 0xFF, 0xFC, 0x1D, 0x0B, 0x01,
    0xEF, 0x00, 0x1F, 0x00, 0x00, 0x00, 0x3F, 0xFF, 0xC5, 0x56, 0xE0, 0x00, 0xF0, 0x00, 0xB4, 0x00,
    0x78, 0x00, 0x3C, 0x00, 0x3C, 0x00, 0x2D, 0x00, 0x1E, 0x00, 0x0F, 0x95, 0x53, 0xFF, 0xFC, 0x0B,
    0xF4, 0xBA, 0x83, 0xC0, 0x0E, 0x00, 0x38, 0x00, 0xE0, 0x03, 0x80, 0x0E, 0x00, 0x38, 0x00, 0xE0,
    0x03, 0x80, 0x0E, 0x00, 0x38, 0x00, 0xE0, 0x03, 0x80, 0x00, 0x00, 0x00, 0x00, 0x1E, 0x00, 0xBF,
    0xE0, 0x1D, 0x07, 0xE9, 0xBE, 0x3C, 0x1F, 0x00, 0x0B, 0xF0, 0x3C, 0x00, 0x03, 0xC0, 0x78, 0x00,
    0x01, 0xE0, 0xB4, 0x00, 0x00, 0xF0, 0xB4, 0x00, 0x00, 0xF0, 0xB4, 0x00, 0x00, 0xF0, 0xB4, 0x00,
    0x00, 0xF0, 0x78, 0x00, 0x01, 0xE0, 0x3C, 0x00, 0x03, 0xD0, 0x1F, 0x00, 0x0B, 0x80, 0x0B, 0xE9,
    0xBE, 0x00, 0x00, 0xBF, 0xE4, 0x00, 0x00, 0x00, 0x06, 0x00, 0x00, 0x03, 0xC0, 0x6F, 0xE0, 0xF0,
    0x7E, 0x6F, 0xF0, 0x3C, 0x01, 0xF0, 0x2D, 0x00, 0x2C, 0x0F, 0x00, 0x0B, 0x43, 0xC0, 0x01, 0xD0,
    0xF0, 0x00, 0xB4, 0x2D, 0x00, 0x2C, 0x03, 0xC0, 0x1F, 0x00, 0x7E, 0x6F, 0x00, 0x02, 0xFE, 0x00,
    0x00, 0x00, 0x00, 0x00, 0x0F, 0x0F, 0x00, 0x02, 0xD3, 0x83, 0xC0, 0x00, 0xB6, 0xC0, 0xF0, 0x00,
    0x2F, 0xC0, 0x3C, 0x00, 0x0B, 0x40, 0x0F, 0x00, 0x02, 0xD0, 0x03, 0xC0, 0x00, 0xB4, 0x00, 0xF0,
    0x00, 0x2D, 0x00, 0x3C, 0x00, 0x0B, 0x40, 0x0F, 0x00, 0x02, 0xD0, 0x03, 0xC0, 0x00, 0xB4, 0x00,
    0xF0, 0x00, 0x3C, 0x00, 0x1E, 0x00, 0x1E, 0x00, 0x02, 0xFA, 0xBF, 0x00, 0x00, 0x1B, 0xFD, 0x00,
    0x00, 0x00, 0x00, 0x00, 0x90, 0x00, 0x00, 0x1E, 0x78, 0x00, 0xB3, 0xC7, 0x80, 0x0B, 0xF4, 0x78,
    0x00, 0xB4, 0x07, 0x80, 0x0B, 0x00, 0x78, 0x00, 0xB0, 0x07, 0x80, 0x0B, 0x00, 0x78, 0x00, 0xF0,
    0x07, 0x80, 0x0F, 0x00, 0x3C, 0x02, 0xF0, 0x03, 0xFA, 0xBF, 0x00, 0x0B, 0xF8, 0x70, 0x00, 0x00,
    0x00, 0x00, 0x00, 0xD0, 0x74, 0x00, 0x00, 0x00, 0x00, 0x1E, 0xB4, 0x00, 0x00, 0x00, 0x00, 0x01,
    0xF4, 0x00, 0x00, 0x00, 0x00, 0x00, 0x00, 0x00, 0x00, 0x00, 0x00, 0x00, 0x00, 0x00, 0x3F, 0xFF,
    0x80, 0x03, 0xFF, 0xFF, 0xCF, 0x56, 0xFE, 0x00, 0x55, 0x57, 0xE3, 0xC0, 0x03, 0xE0, 0x00, 0x00,
    0xF0, 0xF0, 0x00, 0x3C, 0x00, 0x00, 0xF4, 0x3C, 0x00, 0x07, 0x80, 0x00, 0x78, 0x0F, 0x00, 0x00,
    0xF0, 0x00, 0x3C, 0x03, 0xC0, 0x00, 0x3C, 0x00, 0x3D, 0x00, 0xF0, 0x00, 0x0F, 0x00, 0x2E, 0x00,
    0x3C, 0x00, 0x03, 0xC0, 0x1F, 0x00, 0x0F, 0x00, 0x02, 0xE0, 0x0F, 0x00, 0x03, 0xC0, 0x00, 0xF0,
    0x0B, 0x40, 0x00, 0xF0, 0x00, 0xF4, 0x07, 0xC0, 0x00, 0x3D, 0x6B, 0xF4, 0x03, 0xE5, 0x55, 0x4F,
    0xFF, 0xE0, 0x00, 0xFF, 0xFF, 0xF0, 0x00, 0x00, 0x00, 0x03, 0x81, 0xD3, 0xFF, 0xF8, 0x00, 0x03,
    0xAD, 0x0F, 0x56, 0xFE, 0x00, 0x07, 0xD0, 0x3C, 0x00, 0x3E, 0x00, 0x00, 0x00, 0xF0, 0x00, 0x3C,
    0x0B, 0xFF, 0xF3, 0xC0, 0x00, 0x78, 0x15, 0x5B, 0xCF, 0x00, 0x00, 0xF0, 0x00, 0x2D, 0x3C, 0x00,
    0x03, 0xC0, 0x01, 0xE0, 0xF0, 0x00, 0x0F, 0x00, 0x0F, 0x03, 0xC0, 0x00, 0x3C, 0x00, 0xF0, 0x0F,
    0x00, 0x02, 0xE0, 0x0B, 0x40, 0x3C, 0x00, 0x0F, 0x00, 0x78, 0x00, 0xF0, 0x00, 0xF4, 0x03, 0xC0,
    0x03, 0xD6, 0xBF, 0x40, 0x3E, 0x55, 0x4F, 0xFF, 0xE0, 0x00, 0xFF, 0xFF, 0x00, 0x00, 0x00, 0xF0,
    0x2D, 0x0B, 0x00, 0x00, 0x3C, 0x02, 0xDF, 0x00, 0x00, 0x0F, 0x00, 0x2F, 0x00, 0x00, 0x03, 0xC0,
    0x00, 0x00, 0x07, 0xF8, 0xF0, 0x3F, 0xFF, 0x8B, 0xEA, 0xFC, 0x05, 0x57, 0xE7, 0xC0, 0x2F, 0x00,
    0x00, 0xF2, 0xD0, 0x03, 0xC0, 0x00, 0xF0, 0xF0, 0x00, 0xF0, 0x00, 0xB4, 0x3C, 0x00, 0x3C, 0x00,
    0x78, 0x0F, 0x00, 0x0F, 0x00, 0x3C, 0x02, 0xD0, 0x03, 0xC0, 0x2C, 0x00, 0x7C, 0x01, 0xF0, 0x1D,
    0x00, 0x0B, 0xEA, 0xFC, 0x0F, 0x55, 0x50, 0x7F, 0x8B, 0x07, 0xFF, 0xFC, 0xF0, 0x00, 0x03, 0xBC,
    0x00, 0x00, 0xEF, 0x00, 0x00, 0x3B, 0xC0, 0x00, 0x0E, 0xF0, 0x00, 0x03, 0xBC, 0x00, 0x00, 0xEF,
    0x00, 0x00, 0x3B, 0xC0, 0x00, 0x0E, 0xF0, 0x00, 0x03, 0xBC, 0x00, 0x00, 0xEF, 0x00, 0x00, 0x3B,
    0xC0, 0x00, 0x0E, 0xFA, 0xAA, 0x03, 0xBF, 0xFF, 0xD0, 0xE0, 0x00, 0x00, 0x38, 0x00, 0x00, 0x1E,
    0x00, 0x00, 0x1F, 0x00, 0x00, 0xBF, 0x40, 0x00, 0x04, 0x00, 0x00, 0x00, 0x07, 0x7C, 0x00, 0x01,
    0xEF, 0x00, 0x00, 0x03, 0xC0, 0x00, 0x00, 0xF0, 0x00, 0x07, 0xBC, 0x00, 0x01, 0xEF, 0x00, 0x00,
    0x7B, 0xC0, 0x00, 0x1E, 0xF0, 0x00, 0x07, 0xBC, 0x00, 0x01, 0xEF, 0x00, 0x00, 0x7B, 0xC0, 0x00,
    0x1E, 0xF0, 0x00, 0x07, 0xBE, 0xAA, 0x81, 0xEF, 0xFF, 0xF4, 0x78, 0x00, 0x00, 0x1E, 0x00, 0x00,
    0x07, 0x80, 0x00, 0x01, 0xD0, 0x00, 0x0A, 0xF0, 0x00, 0x03, 0xF4, 0x38, 0x0F, 0x0E, 0x03, 0xC3,
    0x80, 0x00, 0xE0, 0x00, 0x38, 0x0F, 0x0E, 0x03, 0xC3, 0x80, 0xF0, 0xE0, 0x3C, 0x38, 0x0F, 0x0E,
    0x03, 0xC3, 0x80, 0xF0, 0xE0, 0x3C, 0x38, 0x0F, 0x0E, 0x03, 0xC3, 0x80, 0xF0, 0x00, 0x3C, 0x00,
    0x0F, 0x00, 0x03, 0xC0, 0x16, 0xE0, 0x0B, 0xE0, 0xF8, 0x00, 0x0F, 0x01, 0xEF, 0xC0, 0x00, 0xF0,
    0x1E, 0xFF, 0x00, 0x0F, 0x01, 0xEE, 0xB4, 0x00, 0xF0, 0x1E, 0xE3, 0xC0, 0x0F, 0x01, 0xEE, 0x0E,
    0x00, 0xF0, 0x1E, 0xE0, 0xB4, 0x0F, 0x01, 0xEF, 0x03, 0xC0, 0xF0, 0x1E, 0xF0, 0x0E, 0x0F, 0x01,
    0xEF, 0x00, 0x74, 0xF0, 0x1E, 0xF0, 0x03, 0xCF, 0x01, 0xEF, 0x00, 0x0E, 0xF0, 0x1E, 0xF0, 0x00,
    0x7F, 0x01, 0xEF, 0x00, 0x02, 0xF0, 0x1E, 0x00, 0x00, 0x00, 0x01, 0xE0, 0x00, 0x00, 0x00, 0x1D,
    0x00, 0x00, 0x00, 0x07, 0xC0, 0x00, 0x00, 0x0F, 0xF4, 0x00, 0x00, 0x00, 0x10, 0x00, 0x00, 0x00,
    0x00, 0x01, 0xDF, 0x80, 0x00, 0xF0, 0x1D, 0xFC, 0x00, 0x0F, 0x00, 0x0F, 0xF0, 0x00, 0xF0, 0x00,
    0xEB, 0x40, 0x0F, 0x01, 0xDE, 0x3C, 0x00, 0xF0, 0x1D, 0xE0, 0xE0, 0x0F, 0x01, 0xDE, 0x0B, 0x40,
    0xF0, 0x1D, 0xF0, 0x3C, 0x0F, 0x01, 0xDF, 0x00, 0xE0, 0xF0, 0x1D, 0xF0, 0x07, 0x4F, 0x01, 0xDF,
    0x00, 0x3C, 0xF0, 0x1D, 0xF0, 0x00, 0xEF, 0x01, 0xDF, 0x00, 0x07, 0xF0, 0x1D, 0xF0, 0x00, 0x2F,
    0x01, 0xD0, 0x00, 0x00, 0x00, 0x1D, 0x00, 0x00, 0x00, 0x01, 0xD0, 0x00, 0x00, 0x00, 0x2D, 0x00,
    0x00, 0x00, 0x2B, 0xC0, 0x00, 0x00, 0x07, 0xF0, 0x00, 0x00, 0x00, 0x1D, 0x00, 0x00, 0x00, 0x1E,
    0x00, 0x00, 0x00, 0x00, 0x00, 0x00, 0x00, 0x00, 0x34, 0xBF, 0x40, 0x1D, 0x3B, 0x9B, 0xE0, 0x1D,
    0x3D, 0x00, 0xF0, 0x1D, 0x3C, 0x00, 0xB0, 0x1D, 0x38, 0x00, 0xB0, 0x1D, 0x38, 0x00, 0xB0, 0x1D,
    0x38, 0x00, 0xB0, 0x1D, 0x38, 0x00, 0xB0, 0x1D, 0x38, 0x00, 0xB0, 0x1D, 0x38, 0x00, 0xB0, 0x1D,
    0x38, 0x00, 0xB0, 0x1D, 0x00, 0x00, 0x00, 0x1D, 0x00, 0x00, 0x00, 0x1D, 0x00, 0x00, 0x00, 0x1D,
    0x00, 0x00, 0x02, 0xBC, 0x00, 0x00, 0x03, 0xF4, 0x02, 0xC0, 0xF0, 0x00, 0x0B, 0x7C, 0x00, 0x00,
    0x2F, 0x00, 0x00, 0x00, 0x00, 0x00, 0x00, 0x00, 0x00, 0x00, 0x01, 0xE0, 0x00, 0x00, 0x3F, 0x00,
    0x00, 0x03, 0xB8, 0x00, 0x00, 0xB3, 0xC0, 0x00, 0x0E, 0x1D, 0x00, 0x01, 0xD0, 0xF0, 0x00, 0x3C,
    0x0B, 0x00, 0x07, 0x80, 0x38, 0x00, 0xBF, 0xFF, 0xC0, 0x0F, 0xAA, 0xAD, 0x02, 0xD0, 0x00, 0xF0,
    0x3C, 0x00, 0x0B, 0x07, 0x40, 0x00, 0x78, 0xF0, 0x00, 0x03, 0xC0, 0x07, 0x42, 0xC0, 0x1E, 0xF0,
    0x00, 0xBC, 0x00, 0x00, 0x00, 0x02, 0xFF, 0x40, 0xBA, 0xBD, 0x00, 0x00, 0xF0, 0x00, 0x0F, 0x00,
    0x00, 0xF0, 0x7F, 0xFF, 0x2F, 0x95, 0xF3, 0xC0, 0x0F, 0x3C, 0x01, 0xF2, 0xFA, 0xFF, 0x0B, 0xF8,
    0x70, 0xB0, 0x3C, 0x2D, 0xE0, 0x0F, 0xC0, 0x00, 0x00, 0x00, 0x00, 0x3F, 0xF0, 0x0B, 0x80, 0x07,
    0x40, 0x07, 0x40, 0x07, 0x40, 0x07, 0x40, 0x07, 0x40, 0x07, 0x40, 0x07, 0x40, 0x07, 0x40, 0x07,
    0x40, 0x07, 0x40, 0x0B, 0x80, 0x3F, 0xF0, 0xB0, 0x2C, 0x2D, 0xF0, 0x0B, 0xC0, 0x00, 0x00, 0x03,
    0x80, 0x03, 0x80, 0x03, 0x80, 0x03, 0x80, 0x03, 0x80, 0x03, 0x80, 0x03, 0x80, 0x03, 0x80, 0x03,
    0x80, 0x03, 0x80, 0x03, 0x80, 0x00, 0xE0, 0x74, 0x00, 0x03, 0xED, 0x00, 0x00, 0x0F, 0x40, 0x00,
    0x00, 0x00, 0x00, 0x00, 0x00, 0x00, 0x00, 0x0B, 0xFE, 0x40, 0x07, 0xE9, 0xBE, 0x01, 0xF0, 0x00,
    0xB8, 0x3C, 0x00, 0x03, 0xD7, 0x80, 0x00, 0x1E, 0xB4, 0x00, 0x00, 0xFB, 0x40, 0x00, 0x0F, 0xB4,
    0x00, 0x00, 0xFB, 0x40, 0x00, 0x0F, 0x78, 0x00, 0x01, 0xE3, 0xC0, 0x00, 0x3D, 0x1F, 0x00, 0x0B,
    0x80, 0xBE, 0x9B, 0xE0, 0x00, 0xBF, 0xE4, 0x00, 0x0E, 0x07, 0x80, 0x0F, 0xB8, 0x00, 0x0F, 0x80,
    0x00, 0x00, 0x00, 0x06, 0xFE, 0x00, 0x7E, 0x6F, 0x03, 0xC0, 0x1F, 0x2D, 0x00, 0x3C, 0xF0, 0x00,
    0xB7, 0xC0, 0x01, 0xDF, 0x00, 0x0B, 0x6D, 0x00, 0x3C, 0x3C, 0x01, 0xF0, 0x7E, 0x6F, 0x00, 0x2F,
    0xE0, 0x00, 0x02, 0xC0, 0xF0, 0x00, 0x2D, 0xF0, 0x00, 0x02, 0xF0, 0x00, 0x00, 0x00, 0x00, 0x00,
    0x00, 0x00, 0x0F, 0x00, 0x02, 0xD3, 0xC0, 0x00, 0xB4, 0xF0, 0x00, 0x2D, 0x3C, 0x00, 0x0B, 0x4F,
    0x00, 0x02, 0xD3, 0xC0, 0x00, 0xB4, 0xF0, 0x00, 0x2D, 0x3C, 0x00, 0x0B, 0x4F, 0x00, 0x02, 0xD3,
    0xC0, 0x00, 0xB4, 0xF0, 0x00, 0x3C, 0x1E, 0x00, 0x1E, 0x02, 0xFA, 0xBF, 0x00, 0x1B, 0xFD, 0x00,
    0x0F, 0x03, 0x80, 0x0F, 0x78, 0x00, 0x0F, 0x80, 0x00, 0x00, 0x00, 0x78, 0x00, 0xB1, 0xE0, 0x02,
    0xC7, 0x80, 0x0B, 0x1E, 0x00, 0x2C, 0x78, 0x00, 0xB1, 0xE0, 0x02, 0xC7, 0x80, 0x0F, 0x1E, 0x00,
    0x3C, 0x3C, 0x02, 0xF0, 0xFE, 0xAF, 0xC0, 0xBF, 0x87, 0x00, 0x00, 0x00, 0x00, 0x00, 0x7F, 0xF8,
    0x00, 0x05, 0x54, 0x00, 0x00, 0x00, 0x00, 0x00, 0xE1, 0xD0, 0x00, 0x10, 0x10, 0x00, 0x00, 0x00,
    0x00, 0x00, 0x00, 0x00, 0x3C, 0x00, 0x0B, 0x4F, 0x00, 0x02, 0xD3, 0xC0, 0x00, 0xB4, 0xF0, 0x00,
    0x2D, 0x3C, 0x00, 0x0B, 0x4F, 0x00, 0x02, 0xD3, 0xC0, 0x00, 0xB4, 0xF0, 0x00, 0x2D, 0x3C, 0x00,
    0x0B, 0x4F, 0x00, 0x02, 0xD3, 0xC0, 0x00, 0xF0, 0x78, 0x00, 0x78, 0x0B, 0xEA, 0xFC, 0x00, 0x6F,
    0xF4, 0x00, 0x00, 0x00, 0x00, 0x2F, 0xFE, 0x00, 0x15, 0x50, 0x00, 0x00, 0x00, 0x07, 0x47, 0x00,
    0x04, 0x04, 0x00, 0x00, 0x00, 0x1E, 0x00, 0x2C, 0x78, 0x00, 0xB1, 0xE0, 0x02, 0xC7, 0x80, 0x0B,
    0x1E, 0x00, 0x2C, 0x78, 0x00, 0xB1, 0xE0, 0x03, 0xC7, 0x80, 0x0F, 0x0F, 0x00, 0xBC, 0x3F, 0xAB,
    0xF0, 0x2F, 0xE1, 0xC0, 0x00, 0x01, 0x90, 0x00, 0x00, 0xF0, 0x00, 0x00, 0xF0, 0x00, 0x00, 0x10,
    0x00, 0x00, 0xD0, 0xD0, 0x00, 0x34, 0x74, 0x00, 0x00, 0x00, 0x00, 0x00, 0x00, 0x00, 0x3C, 0x00,
    0x0B, 0x4F, 0x00, 0x02, 0xD3, 0xC0, 0x00, 0xB4, 0xF0, 0x00, 0x2D, 0x3C, 0x00, 0x0B, 0x4F, 0x00,
    0x02, 0xD3, 0xC0, 0x00, 0xB4, 0xF0, 0x00, 0x2D, 0x3C, 0x00, 0x0B, 0x4F, 0x00, 0x02, 0xD3, 0xC0,
    0x00, 0xF0, 0x78, 0x00, 0x78, 0x0B, 0xEA, 0xFC, 0x00, 0x6F, 0xF4, 0x00, 0x00, 0x06, 0x00, 0x00,
    0x7C, 0x00, 0x03, 0x80, 0x00, 0x14, 0x00, 0x07, 0x47, 0x00, 0x04, 0x04, 0x00, 0x00, 0x00, 0x1E,
    0x00, 0x2C, 0x78, 0x00, 0xB1, 0xE0, 0x02, 0xC7, 0x80, 0x0B, 0x1E, 0x00, 0x2C, 0x78, 0x00, 0xB1,
    0xE0, 0x03, 0xC7, 0x80, 0x0F, 0x0F, 0x00, 0xBC, 0x3F, 0xAB, 0xF0, 0x2F, 0xE1, 0xC0, 0x01, 0x40,
    0x50, 0x00, 0x38, 0xB4, 0x00, 0x03, 0xF4, 0x00, 0x00, 0x64, 0x00, 0x00, 0xD0, 0xD0, 0x00, 0x34,
    0x74, 0x00, 0x00, 0x00, 0x00, 0x00, 0x00, 0x00, 0x3C, 0x00, 0x0B, 0x4F, 0x00, 0x02, 0xD3, 0xC0,
    0x00, 0xB4, 0xF0, 0x00, 0x2D, 0x3C, 0x00, 0x0B, 0x4F, 0x00, 0x02, 0xD3, 0xC0, 0x00, 0xB4, 0xF0,
    0x00, 0x2D, 0x3C, 0x00, 0x0B, 0x4F, 0x00, 0x02, 0xD3, 0xC0, 0x00, 0xF0, 0x78, 0x00, 0x78, 0x0B,
    0xEA, 0xFC, 0x00, 0x6F, 0xF4, 0x00, 0x0F, 0x03, 0x80, 0x0F, 0xB8, 0x00, 0x0F, 0x80, 0x00, 0x00,
    0x00, 0x07, 0x47, 0x00, 0x04, 0x04, 0x00, 0x00, 0x00, 0x1E, 0x00, 0x2C, 0x78, 0x00, 0xB1, 0xE0,
    0x02, 0xC7, 0x80, 0x0B, 0x1E, 0x00, 0x2C, 0x78, 0x00, 0xB1, 0xE0, 0x03, 0xC7, 0x80, 0x0F, 0x0F,
    0x00, 0xBC, 0x3F, 0xAB, 0xF0, 0x2F, 0xE1, 0xC0, 0x00, 0x90, 0x00, 0x00, 0x2D, 0x00, 0x00, 0x02,
    0xC0, 0x00, 0x00, 0x14, 0x00, 0x00, 0xD0, 0xD0, 0x00, 0x34, 0x74, 0x00, 0x00, 0x00, 0x00, 0x00,
    0x00, 0x00, 0x3C, 0x00, 0x0B, 0x4F, 0x00, 0x02, 0xD3, 0xC0, 0x00, 0xB4, 0xF0, 0x00, 0x2D, 0x3C,
    0x00, 0x0B, 0x4F, 0x00, 0x02, 0xD3, 0xC0, 0x00, 0xB4, 0xF0, 0x00, 0x2D, 0x3C, 0x00, 0x0B, 0x4F,
    0x00, 0x02, 0xD3, 0xC0, 0x00, 0xF0, 0x78, 0x00, 0x78, 0x0B, 0xEA, 0xFC, 0x00, 0x6F, 0xF4, 0x00,
    0x06, 0x40, 0x00, 0x0F, 0x00, 0x00, 0x0F, 0x00, 0x00, 0x05, 0x00, 0x07, 0x47, 0x00, 0x04, 0x04,
    0x00, 0x00, 0x00, 0x1E, 0x00, 0x2C, 0x78, 0x00, 0xB1, 0xE0, 0x02, 0xC7, 0x80, 0x0B, 0x1E, 0x00,
    0x2C, 0x78, 0x00, 0xB1, 0xE0, 0x03, 0xC7, 0x80, 0x0F, 0x0F, 0x00, 0xBC, 0x3F, 0xAB, 0xF0, 0x2F,
    0xE1, 0xC0, 0x2F, 0xF8, 0x07, 0xAA, 0xF0, 0x00, 0x03, 0xC0, 0x00, 0x2D, 0x00, 0x01, 0xDF, 0xFF,
    0xFE, 0xF5, 0x56, 0xDB, 0x00, 0x2D, 0x78, 0x03, 0xC2, 0xFA, 0xF0, 0x07, 0xF8, 0x00, 0x00, 0x00,
    0x00, 0x00, 0x1F, 0xFE, 0x00, 0x00, 0x55, 0x40, 0x00, 0x00, 0x00, 0x00, 0x00, 0xE1, 0xD0, 0x00,
    0x04, 0x04, 0x00, 0x00, 0x00, 0x00, 0x00, 0x01, 0xE0, 0x00, 0x00, 0x3F, 0x00, 0x00, 0x03, 0xB8,
    0x00, 0x00, 0xB3, 0xC0, 0x00, 0x0E, 0x1D, 0x00, 0x01, 0xD0, 0xF0, 0x00, 0x3C, 0x0B, 0x00, 0x07,
    0x80, 0x38, 0x00, 0xBF, 0xFF, 0xC0, 0x0F, 0xAA, 0xAD, 0x02, 0xD0, 0x00, 0xF0, 0x3C, 0x00, 0x0B,
    0x07, 0x40, 0x00, 0x78, 0xF0, 0x00, 0x03, 0xC0, 0x00, 0x00, 0x00, 0x7F, 0xFC, 0x01, 0x55, 0x40,
    0x00, 0x00, 0x03, 0x83, 0x80, 0x14, 0x10, 0x00, 0x00, 0x00, 0x2F, 0xF4, 0x0B, 0xAB, 0xD0, 0x00,
    0x0F, 0x00, 0x00, 0xF0, 0x00, 0x0F, 0x07, 0xFF, 0xF2, 0xF9, 0x5F, 0x3C, 0x00, 0xF3, 0xC0, 0x1F,
    0x2F, 0xAF, 0xF0, 0xBF, 0x87, 0x00, 0x00, 0x00, 0x00, 0x1F, 0xFE, 0x00, 0x00, 0x55, 0x40, 0x00,
    0x00, 0xD0, 0x00, 0x00, 0x1E, 0x00, 0x00, 0x00, 0x00, 0x00, 0x00, 0x00, 0x00, 0x00, 0x01, 0xE0,
    0x00, 0x00, 0x3F, 0x00, 0x00, 0x03, 0xB8, 0x00, 0x00, 0xB3, 0xC0, 0x00, 0x0E, 0x1D, 0x00, 0x01,
    0xD0, 0xF0, 0x00, 0x3C, 0x0B, 0x00, 0x07, 0x80, 0x38, 0x00, 0xBF, 0xFF, 0xC0, 0x0F, 0xAA, 0xAD,
    0x02, 0xD0, 0x00, 0xF0, 0x3C, 0x00, 0x0B, 0x07, 0x40, 0x00, 0x78, 0xF0, 0x00, 0x03, 0xC0, 0x00,
    0x00, 0x00, 0x7F, 0xFC, 0x01, 0x55, 0x40, 0x00, 0x00, 0x00, 0x38, 0x00, 0x03, 0xC0, 0x00, 0x00,
    0x00, 0x2F, 0xF4, 0x0B, 0xAB, 0xD0, 0x00, 0x0F, 0x00, 0x00, 0xF0, 0x00, 0x0F, 0x07, 0xFF, 0xF2,
    0xF9, 0x5F, 0x3C, 0x00, 0xF3, 0xC0, 0x1F, 0x2F, 0xAF, 0xF0, 0xBF, 0x87, 0x00, 0x00, 0x00, 0x00,
    0x00, 0x00, 0x03, 0xFF, 0xD0, 0x00, 0x00, 0x05, 0x55, 0x00, 0x00, 0x00, 0x00, 0x00, 0x00, 0x00,
    0x00, 0x00, 0x00, 0x00, 0x00, 0x03, 0xFF, 0xFF, 0xC0, 0x00, 0x2D, 0xF9, 0x55, 0x00, 0x00, 0xE2,
    0xC0, 0x00, 0x00, 0x0B, 0x0B, 0x00, 0x00, 0x00, 0x38, 0x2C, 0x00, 0x00, 0x02, 0xC0, 0xB4, 0x00,
    0x00, 0x0E, 0x02, 0xFF, 0xF8, 0x00, 0xB0, 0x0B, 0x55, 0x40, 0x03, 0xFF, 0xFC, 0x00, 0x00, 0x2D,
    0x55, 0xF0, 0x00, 0x00, 0xE0, 0x02, 0xC0, 0x00, 0x0F, 0x00, 0x0B, 0x00, 0x00, 0x78, 0x00, 0x2E,
    0x55, 0x43, 0xC0, 0x00, 0xBF, 0xFF, 0x00, 0x00, 0x00, 0x00, 0x00, 0x00, 0x03, 0xFF, 0xC0, 0x00,
    0x00, 0x55, 0x50, 0x00, 0x00, 0x00, 0x00, 0x00, 0x06, 0xFE, 0x07, 0xF8, 0x03, 0xEA, 0xFB, 0xAB,
    0xC0, 0x00, 0x1F, 0x40, 0x78, 0x00, 0x03, 0xC0, 0x0F, 0x07, 0xFF, 0xFF, 0xFF, 0xC7, 0xE5, 0x7D,
    0x55, 0x53, 0xC0, 0x0F, 0x00, 0x00, 0xF0, 0x07, 0xC0, 0x00, 0x3C, 0x03, 0xF8, 0x00, 0x0B, 0xEB,
    0xCB, 0xE6, 0xD0, 0x7F, 0x80, 0x7F, 0xE0, 0x00, 0x6F, 0xF9, 0x00, 0x3F, 0x9A, 0xF0, 0x0F, 0x40,
    0x00, 0x03, 0xC0, 0x00, 0x00, 0x78, 0x00, 0x00, 0x0B, 0x40, 0x00, 0x00, 0xB4, 0x02, 0xFF, 0x8B,
    0x40, 0x05, 0x78, 0xB4, 0x00, 0x07, 0x87, 0x80, 0x1F, 0xFF, 0x3C, 0x00, 0x57, 0x91, 0xF0, 0x00,
    0x78, 0x07, 0xF9, 0x6F, 0x80, 0x0B, 0xFF, 0xE0, 0x07, 0xF8, 0x70, 0x2F, 0xAF, 0xF0, 0x3C, 0x02,
    0xF0, 0xB4, 0x00, 0xF0, 0xF0, 0x00, 0xF0, 0xF0, 0x00, 0xF0, 0xF0, 0x00, 0xF0, 0xB4, 0x00, 0xF0,
    0x7C, 0x01, 0xF0, 0x2F, 0xAF, 0xF0, 0x07, 0xF8, 0xF0, 0x00, 0x00, 0xF0, 0x00, 0xBF, 0xFC, 0x00,
    0x16, 0xF4, 0x3E, 0x9B, 0xC0, 0x1B, 0xFE, 0x00, 0x00, 0xF0, 0x38, 0x00, 0x0F, 0x78, 0x00, 0x00,
    0xF8, 0x00, 0x00, 0x00, 0x00, 0x00, 0x00, 0x00, 0x00, 0x1B, 0xFE, 0x40, 0x3F, 0x9A, 0xF0, 0x3D,
    0x00, 0x00, 0x3D, 0x00, 0x00, 0x1E, 0x00, 0x00, 0x0B, 0x40, 0x00, 0x02, 0xD0, 0x0B, 0xFE, 0xB4,
    0x00, 0x57, 0xAD, 0x00, 0x01, 0xE7, 0x80, 0x00, 0x78, 0xF0, 0x00, 0x1E, 0x1F, 0x40, 0x07, 0x81,
    0xFE, 0x9B, 0xE0, 0x0B, 0xFF, 0xE0, 0x0E, 0x07, 0x40, 0x0F, 0xB4, 0x00, 0x0F, 0x40, 0x00, 0x00,
    0x00, 0x07, 0xF8, 0xB0, 0xBE, 0xBF, 0xC3, 0xC0, 0x2F, 0x2D, 0x00, 0x3C, 0xF0, 0x00, 0xF3, 0xC0,
    0x03, 0xCF, 0x00, 0x0F, 0x2D, 0x00, 0x3C, 0x7C, 0x01, 0xF0, 0xBE, 0xBF, 0xC0, 0x7F, 0x8F, 0x00,
    0x00, 0x3C, 0x00, 0x00, 0xF0, 0x00, 0x0B, 0x83, 0xEA, 0xFC, 0x06, 0xFF, 0x80, 0x0E, 0x07, 0x40,
    0x0E, 0xB4, 0x00, 0x1F, 0x40, 0x00, 0x00, 0x00, 0x00, 0x00, 0x03, 0xC0, 0x03, 0xCF, 0x00, 0x3C,
    0x3C, 0x03, 0xD0, 0xF0, 0x3D, 0x03, 0xC3, 0xD0, 0x0F, 0x2D, 0x00, 0x3E, 0xF0, 0x00, 0xFE, 0xF0,
    0x03, 0xC2, 0xE0, 0x0F, 0x03, 0xD0, 0x3C, 0x03, 0xC0, 0xF0, 0x07, 0xC3, 0xC0, 0x0B, 0x8F, 0x00,
    0x0B, 0x80, 0xB0, 0x2C, 0x00, 0x2D, 0xF0, 0x00, 0x0B, 0xC0, 0x00, 0x00, 0x00, 0x00, 0x00, 0x00,
    0x00, 0x03, 0x80, 0x00, 0x03, 0x80, 0x00, 0x03, 0x80, 0x00, 0x03, 0x80, 0x00, 0x03, 0x80, 0x3C,
    0x03, 0x80, 0xF0, 0x03, 0x83, 0xD0, 0x03, 0x8F, 0x40, 0x03, 0xAD, 0x00, 0x03, 0xFE, 0x00, 0x03,
    0xCB, 0x40, 0x03, 0x83, 0xD0, 0x03, 0x80, 0xF0, 0x03, 0x80, 0x7C, 0x03, 0x80, 0x2E, 0x00, 0xBF,
    0xE4, 0x00, 0x7E, 0x9B, 0xE0, 0x1F, 0x00, 0x0B, 0x83, 0xC0, 0x00, 0x3D, 0x78, 0x00, 0x01, 0xEB,
    0x40, 0x00, 0x0F, 0xB4, 0x00, 0x00, 0xFB, 0x40, 0x00, 0x0F, 0xB4, 0x00, 0x00, 0xF7, 0x80, 0x00,
    0x1E, 0x3C, 0x00, 0x03, 0xD1, 0xF0, 0x00, 0xB8, 0x0B, 0xE9, 0xBE, 0x00, 0x0B, 0xFE, 0x40, 0x00,
    0x0A, 0x00, 0x00, 0x01, 0xC0, 0x00, 0x00, 0x1D, 0x00, 0x00, 0x00, 0xFC, 0x00, 0x00, 0x01, 0x00,
    0x00, 0x06, 0xFE, 0x00, 0x7E, 0x6F, 0x03, 0xC0, 0x1F, 0x2D, 0x00, 0x3C, 0xF0, 0x00, 0xB7, 0xC0,
    0x01, 0xDF, 0x00, 0x0B, 0x6D, 0x00, 0x3C, 0x3C, 0x01, 0xF0, 0x7E, 0x6F, 0x00, 0x2F, 0xE0, 0x00,
    0x1C, 0x00, 0x00, 0xD0, 0x00, 0x03, 0x80, 0x00, 0x0F, 0xC0, 0x00, 0x05, 0x00, 0x00, 0x00, 0x00,
    0x00, 0x0F, 0xFF, 0x00, 0x00, 0x55, 0x50, 0x00, 0x00, 0x00, 0x00, 0x00, 0x00, 0x00, 0x00, 0x0B,
    0xFE, 0x40, 0x07, 0xE9, 0xBE, 0x01, 0xF0, 0x00, 0xB8, 0x3C, 0x00, 0x03, 0xD7, 0x80, 0x00, 0x1E,
    0xB4, 0x00, 0x00, 0xFB, 0x40, 0x00, 0x0F, 0xB4, 0x00, 0x00, 0xFB, 0x40, 0x00, 0x0F, 0x78, 0x00,
    0x01, 0xE3, 0xC0, 0x00, 0x3D, 0x1F, 0x00, 0x0B, 0x80, 0xBE, 0x9B, 0xE0, 0x00, 0xBF, 0xE4, 0x00,
    0x00, 0x70, 0x00, 0x00, 0x0D, 0x00, 0x00, 0x00, 0xE0, 0x00, 0x00, 0x0F, 0xD0, 0x00, 0x00, 0x14,
    0x00, 0x00, 0x00, 0x00, 0x3F, 0xFD, 0x00, 0x55, 0x50, 0x00, 0x00, 0x00, 0x06, 0xFE, 0x00, 0x7E,
    0x6F, 0x03, 0xC0, 0x1F, 0x2D, 0x00, 0x3C, 0xF0, 0x00, 0xB7, 0xC0, 0x01, 0xDF, 0x00, 0x0B, 0x6D,
    0x00, 0x3C, 0x3C, 0x01, 0xF0, 0x7E, 0x6F, 0x00, 0x2F, 0xE0, 0x00, 0x1C, 0x00, 0x00, 0xD0, 0x00,
    0x03, 0x80, 0x00, 0x0F, 0xC0, 0x00, 0x05, 0x00, 0x0B, 0x42, 0xC0, 0x02, 0xDF, 0x00, 0x00, 0xBC,
    0x00, 0x00, 0x00, 0x00, 0x00, 0x00, 0x00, 0x3F, 0xFF, 0xF4, 0x15, 0x56, 0xF0, 0x00, 0x03, 0xC0,
    0x00, 0x1F, 0x00, 0x00, 0x7C, 0x00, 0x02, 0xF0, 0x00, 0x03, 0xFF, 0x80, 0x01, 0x5B, 0xF0, 0x00,
    0x00, 0x7C, 0x00, 0x00, 0x3C, 0x00, 0x00, 0x3C, 0x00, 0x00, 0xB8, 0x7E, 0x9B, 0xF0, 0x2F, 0xFE,
    0x40, 0x1D, 0x0B, 0x00, 0x7B, 0xC0, 0x01, 0xF0, 0x00, 0x00, 0x00, 0x7F, 0xFF, 0xC1, 0x55, 0xBC,
    0x00, 0x0F, 0x00, 0x02, 0xD0, 0x00, 0xB4, 0x00, 0x1E, 0x00, 0x03, 0xC0, 0x00, 0xBF, 0xD0, 0x01,
    0x6F, 0x80, 0x00, 0x3D, 0x00, 0x01, 0xE0, 0x00, 0x0E, 0x00, 0x01, 0xD0, 0x00, 0x3C, 0xBA, 0xAF,
    0x46, 0xFF, 0x80, 0x2C, 0x0B, 0x02, 0xDF, 0x00, 0x2F, 0x00, 0x00, 0x00, 0x00, 0xE0, 0x00, 0x38,
    0x00, 0x0E, 0x00, 0x03, 0x80, 0x00, 0xE0, 0x00, 0x38, 0x00, 0x0E, 0x00, 0x03, 0x80, 0x00, 0xE0,
    0x00, 0x38, 0x00, 0x0E, 0x00, 0x03, 0x80, 0x00, 0xE0, 0x00, 0x74, 0x02, 0xBC, 0x00, 0xFD, 0x00,
    0xFF, 0xFE, 0x00, 0x0F, 0xFF, 0xFF, 0x3D, 0x5B, 0xF8, 0x01, 0x55, 0x5F, 0x8F, 0x00, 0x0F, 0x80,
    0x00, 0x03, 0xC3, 0xC0, 0x00, 0xF0, 0x00, 0x03, 0xD0, 0xF0, 0x00, 0x1E, 0x00, 0x01, 0xE0, 0x3C,
    0x00, 0x03, 0xC0, 0x00, 0xF0, 0x0F, 0x00, 0x00, 0xF0, 0x00, 0xF4, 0x03, 0xC0, 0x00, 0x3C, 0x00,
    0xB8, 0x00, 0xF0, 0x00, 0x0F, 0x00, 0x7C, 0x00, 0x3C, 0x00, 0x0B, 0x80, 0x3C, 0x00, 0x0F, 0x00,
    0x03, 0xC0, 0x2D, 0x00, 0x03, 0xC0, 0x03, 0xD0, 0x1F, 0x00, 0x00, 0xF5, 0xAF, 0xD0, 0x0F, 0x95,
    0x55, 0x3F, 0xFF, 0x80, 0x03, 0xFF, 0xFF, 0xC0, 0xFF, 0xFE, 0x00, 0x00, 0x00, 0x03, 0xD5, 0xBF,
    0x80, 0x00, 0x00, 0x0F, 0x00, 0x0F, 0x80, 0x00, 0x00, 0x3C, 0x00, 0x0F, 0x02, 0xFF, 0xFC, 0xF0,
    0x00, 0x1E, 0x05, 0x56, 0xF3, 0xC0, 0x00, 0x3C, 0x00, 0x0B, 0x4F, 0x00, 0x00, 0xF0, 0x00, 0x78,
    0x3C, 0x00, 0x03, 0xC0, 0x03, 0xC0, 0xF0, 0x00, 0x0F, 0x00, 0x3C, 0x03, 0xC0, 0x00, 0xB8, 0x02,
    0xD0, 0x0F, 0x00, 0x03, 0xC0, 0x1E, 0x00, 0x3C, 0x00, 0x3D, 0x00, 0xF0, 0x00, 0xF5, 0xAF, 0xD0,
    0x0F, 0x95, 0x53, 0xFF, 0xF8, 0x00, 0x3F, 0xFF, 0xC0, 0x00, 0x00, 0xF0, 0x00, 0x00, 0x00, 0x00,
    0x3C, 0x00, 0x00, 0x00, 0x00, 0x0F, 0x00, 0x00, 0x00, 0x00, 0x03, 0xC0, 0x00, 0x00, 0x07, 0xF8,
    0xF0, 0x3F, 0xFF, 0x8B, 0xEA, 0xFC, 0x05, 0x57, 0xE7, 0xC0, 0x2F, 0x00, 0x00, 0xF2, 0xD0, 0x03,
    0xC0, 0x00, 0xF0, 0xF0, 0x00, 0xF0, 0x00, 0xB4, 0x3C, 0x00, 0x3C, 0x00, 0x78, 0x0F, 0x00, 0x0F,
    0x00, 0x3C, 0x02, 0xD0, 0x03, 0xC0, 0x2C, 0x00, 0x7C, 0x01, 0xF0, 0x1D, 0x00, 0x0B, 0xEA, 0xFC,
    0x0F, 0x55, 0x50, 0x7F, 0x8B, 0x07, 0xFF, 0xFC, 0x00, 0x00, 0xF4, 0x00, 0x00, 0xB4, 0x00, 0x00,
    0x74, 0x00, 0x00, 0x00, 0x00, 0x00, 0x00, 0x00, 0x00, 0x1B, 0xFE, 0x40, 0x3F, 0x9A, 0xF0, 0x3D,
    0x00, 0x00, 0x3D, 0x00, 0x00, 0x1E, 0x00, 0x00, 0x0B, 0x40, 0x00, 0x02, 0xD0, 0x0B, 0xFE, 0xB4,
    0x00, 0x57, 0xAD, 0x00, 0x01, 0xE7, 0x80, 0x00, 0x78, 0xF0, 0x00, 0x1E, 0x1F, 0x40, 0x07, 0x81,
    0xFE, 0x9B, 0xE0, 0x0B, 0xFF, 0xE0, 0x00, 0x1F, 0x00, 0x00, 0xF0, 0x00, 0x0B, 0x00, 0x00, 0x00,
    0x00, 0x07, 0xF8, 0xB0, 0xBE, 0xBF, 0xC3, 0xC0, 0x2F, 0x2D, 0x00, 0x3C, 0xF0, 0x00, 0xF3, 0xC0,
    0x03, 0xCF, 0x00, 0x0F, 0x2D, 0x00, 0x3C, 0x7C, 0x01, 0xF0, 0xBE, 0xBF, 0xC0, 0x7F, 0x8F, 0x00,
    0x00, 0x3C, 0x00, 0x00, 0xF0, 0x00, 0x0B, 0x83, 0xEA, 0xFC, 0x06, 0xFF, 0x80, 0xF0, 0x00, 0xF0,
    0x00, 0xF0, 0x00, 0xF0, 0x00, 0xF0, 0x00, 0xF0, 0x00, 0xF0, 0x00, 0xF0, 0x0E, 0xF0, 0x00, 0xF0,
    0x0E, 0xF0, 0x00, 0xF0, 0x0E, 0xFF, 0xFF, 0xF0, 0x0E, 0xF5, 0x55, 0xF0, 0x0E, 0xF0, 0x00, 0xF0,
    0x0E, 0xF0, 0x00, 0xF0, 0x0E, 0xF0, 0x00, 0xF0, 0x0E, 0xF0, 0x00, 0xF0, 0x1D, 0xF0, 0x00, 0x7E,
    0xBC, 0xF0, 0x00, 0x1F, 0xE0, 0xE1, 0xBF, 0x43, 0x9E, 0xAF, 0x8F, 0xC0, 0x0F, 0x3D, 0x00, 0x1D,
    0xF0, 0x00, 0x7B, 0xC0, 0x01, 0xEF, 0x00, 0x07, 0x7C, 0x00, 0x3C, 0xF0, 0x01, 0xE3, 0xC0, 0x0F,
    0x0F, 0x00, 0xF4, 0x3C, 0x1F, 0x40, 0xF7, 0xF0, 0x03, 0xFD, 0x00, 0x0F, 0x40, 0x00, 0x3C, 0x00,
    0x00, 0xF0, 0x00, 0x03, 0xC0, 0x00, 0x0F, 0x00, 0x00, 0x00, 0x02, 0xE0, 0x00, 0x00, 0xB4, 0x00,
    0x00, 0x1C, 0x00, 0x00, 0x00, 0x00, 0x00, 0x00, 0x00, 0xF8, 0x00, 0x0F, 0xFC, 0x00, 0x0F, 0xFF,
    0x00, 0x0F, 0xEB, 0x40, 0x0F, 0xE3, 0xC0, 0x0F, 0xE0, 0xE0, 0x0F, 0xE0, 0xB4, 0x0F, 0xF0, 0x3C,
    0x0F, 0xF0, 0x0E, 0x0F, 0xF0, 0x07, 0x4F, 0xF0, 0x03, 0xCF, 0xF0, 0x00, 0xEF, 0xF0, 0x00, 0x7F,
    0xF0, 0x00, 0x2F, 0x03, 0xC0, 0x00, 0x03, 0xC0, 0x00, 0x03, 0x80, 0x00, 0x00, 0x00, 0x34, 0xBF,
    0x40, 0xEE, 0x6F, 0x83, 0xD0, 0x0F, 0x0F, 0x00, 0x2C, 0x38, 0x00, 0xB0, 0xE0, 0x02, 0xC3, 0x80,
    0x0B, 0x0E, 0x00, 0x2C, 0x38, 0x00, 0xB0, 0xE0, 0x02, 0xC3, 0x80, 0x0B, 0x00, 0x00, 0x01, 0x90,
    0x00, 0x00, 0x3C, 0x00, 0x00, 0x0F, 0x00, 0x00, 0x00, 0x80, 0x00, 0x00, 0x3F, 0x40, 0x00, 0x0B,
    0x6C, 0x00, 0x00, 0xA1, 0xC0, 0x00, 0x03, 0xB4, 0x00, 0x00, 0x3F, 0x00, 0x00, 0x07, 0x78, 0x00,
    0x00, 0xF2, 0xC0, 0x00, 0x1D, 0x0D, 0x00, 0x02, 0xC0, 0xB0, 0x00, 0x38, 0x07, 0x40, 0x0B, 0xAA,
    0xBC, 0x00, 0xFF, 0xFF, 0xD0, 0x1D, 0x00, 0x0E, 0x03, 0xC0, 0x00, 0xB0, 0x78, 0x00, 0x07, 0x8F,
    0x00, 0x00, 0x3C, 0x00, 0x06, 0x40, 0x01, 0xF0, 0x00, 0x14, 0x00, 0x00, 0x00, 0x00, 0xBD, 0x00,
    0x0C, 0x30, 0x00, 0xC3, 0x00, 0x0B, 0xD0, 0x00, 0x00, 0x00, 0x2F, 0xF4, 0x0B, 0xAB, 0xD0, 0x00,
    0x0F, 0x00, 0x00, 0xF0, 0x00, 0x0F, 0x07, 0xFF, 0xF2, 0xF9, 0x5F, 0x3C, 0x00, 0xF3, 0xC0, 0x1F,
    0x2F, 0xAF, 0xF0, 0xBF, 0x87, 0x00, 0x00, 0x00, 0xF0, 0x00, 0x00, 0x00, 0x0F, 0x00, 0x00, 0x00,
    0x00, 0xB0, 0x00, 0x00, 0x00, 0x00, 0x00, 0x00, 0x00, 0x00, 0x00, 0x00, 0x00, 0x00, 0x03, 0xFF,
    0xFF, 0xC0, 0x00, 0x2D, 0xF9, 0x55, 0x00, 0x00, 0xE2, 0xC0, 0x00, 0x00, 0x0B, 0x0B, 0x00, 0x00,
    0x00, 0x38, 0x2C, 0x00, 0x00, 0x02, 0xC0, 0xB4, 0x00, 0x00, 0x0E, 0x02, 0xFF, 0xF8, 0x00, 0xB0,
    0x0B, 0x55, 0x40, 0x03, 0xFF, 0xFC, 0x00, 0x00, 0x2D, 0x55, 0xF0, 0x00, 0x00, 0xE0, 0x02, 0xC0,
    0x00, 0x0F, 0x00, 0x0B, 0x00, 0x00, 0x78, 0x00, 0x2E, 0x55, 0x43, 0xC0, 0x00, 0xBF, 0xFF, 0x00,
    0x00, 0x00, 0x1F, 0x00, 0x00, 0x00, 0x0F, 0x00, 0x00, 0x00, 0x0B, 0x00, 0x00, 0x00, 0x00, 0x00,
    0x00, 0x06, 0xFE, 0x07, 0xF8, 0x03, 0xEA, 0xFB, 0xAB, 0xC0, 0x00, 0x1F, 0x40, 0x78, 0x00, 0x03,
    0xC0, 0x0F, 0x07, 0xFF, 0xFF, 0xFF, 0xC7, 0xE5, 0x7D, 0x55, 0x53, 0xC0, 0x0F, 0x00, 0x00, 0xF0,
    0x07, 0xC0, 0x00, 0x3C, 0x03, 0xF8, 0x00, 0x0B, 0xEB, 0xCB, 0xE6, 0xD0, 0x7F, 0x80, 0x7F, 0xE0,
    0x00, 0x01, 0xF0, 0x00, 0x00, 0x3C, 0x00, 0x00, 0x0B, 0x00, 0x00, 0x00, 0x00, 0x00, 0x00, 0x00,
    0x00, 0x00, 0x0B, 0xFE, 0x7C, 0x07, 0xEA, 0xBF, 0x41, 0xF0, 0x01, 0xF8, 0x3C, 0x00, 0x3B, 0xC7,
    0x80, 0x0F, 0x1E, 0xB4, 0x02, 0xC0, 0xFB, 0x40, 0x74, 0x0F, 0xB4, 0x0E, 0x00, 0xFB, 0x43, 0xC0,
    0x0F, 0x78, 0xB0, 0x01, 0xE3, 0xED, 0x00, 0x3D, 0x1F, 0x80, 0x0B, 0x80, 0xFE, 0x9B, 0xE0, 0x2D,
    0xBF, 0xE4, 0x00, 0x00, 0x00, 0x00, 0x00, 0x0F, 0x00, 0x00, 0xF0, 0x00, 0x0B, 0x00, 0x00, 0x00,
    0x00, 0x06, 0xFE, 0xF0, 0x7E, 0xAF, 0x43, 0xC0, 0x7E, 0x2D, 0x03, 0xFC, 0xF0, 0x3C, 0xB7, 0xC2,
    0xD1, 0xDF, 0x1D, 0x0B, 0x6E, 0xE0, 0x3C, 0x3F, 0x01, 0xF0, 0xBE, 0x6F, 0x03, 0xAF, 0xE0, 0x04,
    0x00, 0x00, 0x0F, 0x4F, 0x00, 0x00, 0x3C, 0x78, 0x00, 0x00, 0xE1, 0xC0, 0x00, 0x00, 0x00, 0x00,
    0x00, 0x00, 0x00, 0x00, 0x01, 0xE0, 0x00, 0x00, 0x3F, 0x00, 0x00, 0x03, 0xB8, 0x00, 0x00, 0xB3,
    0xC0, 0x00, 0x0E, 0x1D, 0x00, 0x01, 0xD0, 0xF0, 0x00, 0x3C, 0x0B, 0x00, 0x07, 0x80, 0x38, 0x00,
    0xBF, 0xFF, 0xC0, 0x0F, 0xAA, 0xAD, 0x02, 0xD0, 0x00, 0xF0, 0x3C, 0x00, 0x0B, 0x07, 0x40, 0x00,
    0x78, 0xF0, 0x00, 0x03, 0xC0, 0x2D, 0x3C, 0x00, 0xB0, 0xF0, 0x02, 0xC3, 0x40, 0x00, 0x00, 0x02,
    0xFF, 0x40, 0xBA, 0xBD, 0x00, 0x00, 0xF0, 0x00, 0x0F, 0x00, 0x00, 0xF0, 0x7F, 0xFF, 0x2F, 0x95,
    0xF3, 0xC0, 0x0F, 0x3C, 0x01, 0xF2, 0xFA, 0xFF, 0x0B, 0xF8, 0x70, 0x00, 0x00, 0x00, 0x00, 0x07,
    0xF8, 0x00, 0x00, 0xE5, 0xD0, 0x00, 0x18, 0x06, 0x00, 0x00, 0x00, 0x00, 0x00, 0x00, 0x00, 0x00,
    0x00, 0x1E, 0x00, 0x00, 0x03, 0xF0, 0x00, 0x00, 0x3B, 0x80, 0x00, 0x0B, 0x3C, 0x00, 0x00, 0xE1,
    0xD0, 0x00, 0x1D, 0x0F, 0x00, 0x03, 0xC0, 0xB0, 0x00, 0x78, 0x03, 0x80, 0x0B, 0xFF, 0xFC, 0x00,
    0xFA, 0xAA, 0xD0, 0x2D, 0x00, 0x0F, 0x03, 0xC0, 0x00, 0xB0, 0x74, 0x00, 0x07, 0x8F, 0x00, 0x00,
    0x3C, 0x00, 0x00, 0x00, 0x0F, 0xF0, 0x03, 0x97, 0x80, 0x20, 0x0C, 0x00, 0x00, 0x00, 0x2F, 0xF4,
    0x0B, 0xAB, 0xD0, 0x00, 0x0F, 0x00, 0x00, 0xF0, 0x00, 0x0F, 0x07, 0xFF, 0xF2, 0xF9, 0x5F, 0x3C,
    0x00, 0xF3, 0xC0, 0x1F, 0x2F, 0xAF, 0xF0, 0xBF, 0x87, 0x3C, 0x78, 0x00, 0xE2, 0xD0, 0x03, 0x47,
    0x00, 0x00, 0x00, 0x00, 0x00, 0x03, 0xFF, 0xFD, 0x3D, 0x55, 0x43, 0xC0, 0x00, 0x3C, 0x00, 0x03,
    0xC0, 0x00, 0x3C, 0x00, 0x03, 0xFF, 0xFC, 0x3D, 0x55, 0x43, 0xC0, 0x00, 0x3C, 0x00, 0x03, 0xC0,
    0x00, 0x3C, 0x00, 0x03, 0xD5, 0x54, 0x3F, 0xFF, 0xD0, 0x78, 0xF0, 0x02, 0xC3, 0xC0, 0x0B, 0x0E,
    0x00, 0x00, 0x00, 0x06, 0xFD, 0x01, 0xFA, 0xF8, 0x38, 0x02, 0xDB, 0x40, 0x1E, 0xFF, 0xFF, 0xEF,
    0x55, 0x54, 0xF0, 0x00, 0x0B, 0x40, 0x00, 0x3C, 0x00, 0x01, 0xF9, 0xAC, 0x02, 0xFF, 0x80, 0x00,
    0x00, 0x02, 0xFD, 0x01, 0xD5, 0xC0, 0x90, 0x24, 0x00, 0x00, 0x00, 0x00, 0x0F, 0xFF, 0xF7, 0xD5,
    0x54, 0xF0, 0x00, 0x3C, 0x00, 0x0F, 0x00, 0x03, 0xC0, 0x00, 0xFF, 0xFF, 0x3D, 0x55, 0x4F, 0x00,
    0x03, 0xC0, 0x00, 0xF0, 0x00, 0x3C, 0x00, 0x0F, 0x55, 0x53, 0xFF, 0xFD, 0x00, 0x00, 0x00, 0x3F,
    0xC0, 0x0E, 0x5B, 0x00, 0xC0, 0x30, 0x00, 0x00, 0x00, 0x6F, 0xD0, 0x1F, 0xAF, 0x83, 0x80, 0x2D,
    0xB4, 0x01, 0xEF, 0xFF, 0xFE, 0xF5, 0x55, 0x4F, 0x00, 0x00, 0xB4, 0x00, 0x03, 0xC0, 0x00, 0x1F,
    0x9A, 0xC0, 0x2F, 0xF8, 0x3C, 0x3C, 0x03, 0xC7, 0x40, 0x34, 0x70, 0x00, 0x00, 0x00, 0x00, 0x00,
    0xFF, 0xC0, 0x0B, 0x80, 0x01, 0xD0, 0x00, 0x74, 0x00, 0x1D, 0x00, 0x07, 0x40, 0x01, 0xD0, 0x00,
    0x74, 0x00, 0x1D, 0x00, 0x07, 0x40, 0x01, 0xD0, 0x00, 0x74, 0x00, 0x2E, 0x00, 0x3F, 0xF0, 0xB4,
    0xF0, 0x3C, 0x38, 0x0A, 0x0D, 0x00, 0x00, 0x00, 0xE0, 0x00, 0xE0, 0x00, 0xE0, 0x00, 0xE0, 0x00,
    0xE0, 0x00, 0xE0, 0x00, 0xE0, 0x00, 0xE0, 0x00, 0xE0, 0x00, 0xE0, 0x00, 0xE0, 0x00, 0x00, 0x7F,
    0x87, 0x97, 0x54, 0x06, 0x00, 0x00, 0x00, 0x03, 0xFF, 0x02, 0xE0, 0x07, 0x40, 0x1D, 0x00, 0x74,
    0x01, 0xD0, 0x07, 0x40, 0x1D, 0x00, 0x74, 0x01, 0xD0, 0x07, 0x40, 0x1D, 0x00, 0xB8, 0x0F, 0xFC,
    0x00, 0x00, 0x7F, 0x83, 0x97, 0x98, 0x06, 0x00, 0x00, 0x0E, 0x00, 0x38, 0x00, 0xE0, 0x03, 0x80,
    0x0E, 0x00, 0x38, 0x00, 0xE0, 0x03, 0x80, 0x0E, 0x00, 0x38, 0x00, 0xE0, 0x07, 0xCB, 0x40, 0x00,
    0x1D, 0x2C, 0x00, 0x00, 0x70, 0xA0, 0x00, 0x00, 0x00, 0x00, 0x00, 0x00, 0x00, 0x00, 0x0B, 0xFE,
    0x40, 0x07, 0xE9, 0xBE, 0x01, 0xF0, 0x00, 0xB8, 0x3C, 0x00, 0x03, 0xD7, 0x80, 0x00, 0x1E, 0xB4,
    0x00, 0x00, 0xFB, 0x40, 0x00, 0x0F, 0xB4, 0x00, 0x00, 0xFB, 0x40, 0x00, 0x0F, 0x78, 0x00, 0x01,
    0xE3, 0xC0, 0x00, 0x3D, 0x1F, 0x00, 0x0B, 0x80, 0xBE, 0x9B, 0xE0, 0x00, 0xBF, 0xE4, 0x00, 0x3C,
    0x78, 0x00, 0x78, 0xB0, 0x00, 0x70, 0xB0, 0x00, 0x00, 0x00, 0x06, 0xFE, 0x00, 0x7E, 0x6F, 0x03,
    0xC0, 0x1F, 0x2D, 0x00, 0x3C, 0xF0, 0x00, 0xB7, 0xC0, 0x01, 0xDF, 0x00, 0x0B, 0x6D, 0x00, 0x3C,
    0x3C, 0x01, 0xF0, 0x7E, 0x6F, 0x00, 0x2F, 0xE0, 0x00, 0x00, 0x00, 0x00, 0x00, 0x02, 0xFD, 0x00,
    0x00, 0xB5, 0xB0, 0x00, 0x0C, 0x02, 0x00, 0x00, 0x00, 0x00, 0x00, 0x00, 0x00, 0x00, 0x00, 0xBF,
    0xE4, 0x00, 0x7E, 0x9B, 0xE0, 0x1F, 0x00, 0x0B, 0x83, 0xC0, 0x00, 0x3D, 0x78, 0x00, 0x01, 0xEB,
    0x40, 0x00, 0x0F, 0xB4, 0x00, 0x00, 0xFB, 0x40, 0x00, 0x0F, 0xB4, 0x00, 0x00, 0xF7, 0x80, 0x00,
    0x1E, 0x3C, 0x00, 0x03, 0xD1, 0xF0, 0x00, 0xB8, 0x0B, 0xE9, 0xBE, 0x00, 0x0B, 0xFE, 0x40, 0x00,
    0x00, 0x00, 0x0B, 0xF4, 0x00, 0xB5, 0xB0, 0x02, 0x40, 0x90, 0x00, 0x00, 0x00, 0x1B, 0xF8, 0x01,
    0xF9, 0xBC, 0x0F, 0x00, 0x7C, 0xB4, 0x00, 0xF3, 0xC0, 0x02, 0xDF, 0x00, 0x07, 0x7C, 0x00, 0x2D,
    0xB4, 0x00, 0xF0, 0xF0, 0x07, 0xC1, 0xF9, 0xBC, 0x00, 0xBF, 0x80, 0x3C, 0x7C, 0x00, 0x0E, 0x1D,
    0x00, 0x03, 0x47, 0x00, 0x00, 0x00, 0x00, 0x00, 0x00, 0x00, 0x3F, 0xFE, 0x40, 0x3D, 0x6B, 0xE0,
    0x3C, 0x00, 0xF4, 0x3C, 0x00, 0xB4, 0x3C, 0x00, 0x74, 0x3C, 0x00, 0xF4, 0x3C, 0x06, 0xE0, 0x3F,
    0xFF, 0x40, 0x3D, 0x5F, 0x00, 0x3C, 0x07, 0x80, 0x3C, 0x03, 0xD0, 0x3C, 0x00, 0xF0, 0x3C, 0x00,
    0xB8, 0x3C, 0x00, 0x3D, 0x78, 0xB4, 0x0B, 0x0F, 0x00, 0x70, 0xE0, 0x00, 0x00, 0x0D, 0x2F, 0x03,
    0x7E, 0x80, 0xF8, 0x00, 0x3C, 0x00, 0x0E, 0x00, 0x03, 0x80, 0x00, 0xE0, 0x00, 0x38, 0x00, 0x0E,
    0x00, 0x03, 0x80, 0x00, 0xE0, 0x00, 0x00, 0x00, 0x00, 0x2F, 0xE0, 0x01, 0xD5, 0xD0, 0x09, 0x01,
    0x80, 0x00, 0x00, 0x00, 0x00, 0x00, 0x0F, 0xFF, 0x90, 0x3D, 0x6B, 0xE0, 0xF0, 0x03, 0xD3, 0xC0,
    0x0B, 0x4F, 0x00, 0x1D, 0x3C, 0x00, 0xF4, 0xF0, 0x1B, 0x83, 0xFF, 0xF4, 0x0F, 0x57, 0xC0, 0x3C,
    0x07, 0x80, 0xF0, 0x0F, 0x43, 0xC0, 0x0F, 0x0F, 0x00, 0x2E, 0x3C, 0x00, 0x3D, 0x00, 0x00, 0x0F,
    0xF0, 0x39, 0x6C, 0x30, 0x0C, 0x00, 0x00, 0x34, 0xBC, 0x37, 0xE8, 0x3E, 0x00, 0x3C, 0x00, 0x38,
    0x00, 0x38, 0x00, 0x38, 0x00, 0x38, 0x00, 0x38, 0x00, 0x38, 0x00, 0x38, 0x00, 0x0F, 0x4F, 0x00,
    0x00, 0xF1, 0xE0, 0x00, 0x0E, 0x1C, 0x00, 0x00, 0x00, 0x00, 0x00, 0x00, 0x00, 0x0F, 0x00, 0x02,
    0xD3, 0xC0, 0x00, 0xB4, 0xF0, 0x00, 0x2D, 0x3C, 0x00, 0x0B, 0x4F, 0x00, 0x02, 0xD3, 0xC0, 0x00,
    0xB4, 0xF0, 0x00, 0x2D, 0x3C, 0x00, 0x0B, 0x4F, 0x00, 0x02, 0xD3, 0xC0, 0x00, 0xB4, 0xF0, 0x00,
    0x3C, 0x1E, 0x00, 0x1E, 0x02, 0xFA, 0xBF, 0x00, 0x1B, 0xFD, 0x00, 0x3C, 0x78, 0x00, 0x38, 0x74,
    0x00, 0x34, 0x70, 0x00, 0x00, 0x00, 0x78, 0x00, 0xB1, 0xE0, 0x02, 0xC7, 0x80, 0x0B, 0x1E, 0x00,
    0x2C, 0x78, 0x00, 0xB1, 0xE0, 0x02, 0xC7, 0x80, 0x0F, 0x1E, 0x00, 0x3C, 0x3C, 0x02, 0xF0, 0xFE,
    0xAF, 0xC0, 0xBF, 0x87, 0x00, 0x00, 0x00, 0x00, 0x00, 0x1F, 0xE0, 0x00, 0x0E, 0x5D, 0x00, 0x06,
    0x01, 0x80, 0x00, 0x00, 0x00, 0x00, 0x00, 0x00, 0x03, 0xC0, 0x00, 0xB4, 0xF0, 0x00, 0x2D, 0x3C,
    0x00, 0x0B, 0x4F, 0x00, 0x02, 0xD3, 0xC0, 0x00, 0xB4, 0xF0, 0x00, 0x2D, 0x3C, 0x00, 0x0B, 0x4F,
    0x00, 0x02, 0xD3, 0xC0, 0x00, 0xB4, 0xF0, 0x00, 0x2D, 0x3C, 0x00, 0x0F, 0x07, 0x80, 0x07, 0x80,
    0xBE, 0xAF, 0xC0, 0x06, 0xFF, 0x40, 0x00, 0x00, 0x00, 0x0B, 0xF8, 0x00, 0x75, 0x74, 0x02, 0x40,
    0x50, 0x00, 0x00, 0x01, 0xE0, 0x02, 0xC7, 0x80, 0x0B, 0x1E, 0x00, 0x2C, 0x78, 0x00, 0xB1, 0xE0,
    0x02, 0xC7, 0x80, 0x0B, 0x1E, 0x00, 0x3C, 0x78, 0x00, 0xF0, 0xF0, 0x0B, 0xC3, 0xFA, 0xBF, 0x02,
    0xFE, 0x1C, 0x0B, 0xFE, 0x43, 0xEA, 0xBC, 0xB4, 0x00, 0x0B, 0x00, 0x00, 0xB4, 0x00, 0x03, 0xE0,
    0x00, 0x0F, 0xE4, 0x00, 0x1B, 0xF0, 0x00, 0x0B, 0xC0, 0x00, 0x2D, 0x00, 0x01, 0xD0, 0x00, 0x3C,
    0xFA, 0xAF, 0x87, 0xFF, 0x90, 0x00, 0x00, 0x00, 0x0E, 0x00, 0x01, 0xC0, 0x00, 0x34, 0x00, 0x1F,
    0xF9, 0x2F, 0xAB, 0x4F, 0x00, 0x03, 0xC0, 0x00, 0x7E, 0x40, 0x02, 0xFD, 0x00, 0x07, 0xE0, 0x00,
    0x3C, 0x00, 0x0F, 0x3E, 0x6F, 0x87, 0xFE, 0x40, 0x00, 0x00, 0x02, 0xC0, 0x00, 0xE0, 0x00, 0x30,
    0x00, 0xFF, 0xFF, 0xFD, 0x55, 0xBD, 0x54, 0x00, 0x38, 0x00, 0x00, 0x38, 0x00, 0x00, 0x38, 0x00,
    0x00, 0x38, 0x00, 0x00, 0x38, 0x00, 0x00, 0x38, 0x00, 0x00, 0x38, 0x00, 0x00, 0x38, 0x00, 0x00,
    0x38, 0x00, 0x00, 0x38, 0x00, 0x00, 0x38, 0x00, 0x00, 0x38, 0x00, 0x00, 0x00, 0x00, 0x00, 0x3C,
    0x00, 0x00, 0x38, 0x00, 0x00, 0x70, 0x00, 0x01, 0x00, 0x0B, 0x00, 0x0F, 0x00, 0x7F, 0xFC, 0x6F,
    0x54, 0x0F, 0x00, 0x0F, 0x00, 0x0F, 0x00, 0x0F, 0x00, 0x0F, 0x00, 0x0F, 0x00, 0x0F, 0x00, 0x0B,
    0xD8, 0x02, 0xFC, 0x00, 0x00, 0x00, 0xE0, 0x01, 0xC0, 0x03, 0x80, 0x06, 0xFF, 0x40, 0xFE, 0x6F,
    0xC1, 0x40, 0x0F, 0x40, 0x00, 0x1D, 0x00, 0x00, 0xB4, 0x00, 0x07, 0xC0, 0x01, 0xFC, 0x00, 0xFF,
    0xF0, 0x01, 0x41, 0xF0, 0x00, 0x01, 0xE0, 0x00, 0x03, 0xC0, 0x00, 0x0F, 0x00, 0x00, 0xB8, 0x00,
    0x07, 0xC0, 0x00, 0xBD, 0x00, 0x6F, 0xD0, 0x2F, 0xF4, 0x00, 0xF8, 0x00, 0x00, 0x00, 0x00, 0x00,
    0x1B, 0xFD, 0x03, 0xEA, 0xF4, 0x00, 0x03, 0xC0, 0x00, 0x3C, 0x00, 0x07, 0x80, 0x01, 0xF0, 0x02,
    0xFE, 0x00, 0x24, 0xB8, 0x00, 0x03, 0xC0, 0x00, 0x2D, 0x00, 0x02, 0xC0, 0x00, 0x3C, 0x00, 0x1F,
    0x40, 0x1F, 0xD0, 0x7F, 0xD0, 0x06, 0x40, 0x00, 0x0B, 0x42, 0xC0, 0x02, 0xDF, 0x00, 0x00, 0xBC,
    0x00, 0x00, 0x00, 0x00, 0x00, 0x00, 0x00, 0xF0, 0x00, 0x1D, 0xF0, 0x00, 0x1D, 0xF0, 0x00, 0x1D,
    0xF0, 0x00, 0x1D, 0xF0, 0x00, 0x1D, 0xF0, 0x00, 0x2D, 0xFF, 0xFF, 0xFD, 0xF5, 0x55, 0x6D, 0xF0,
    0x00, 0x1D, 0xF0, 0x00, 0x1D, 0xF0, 0x00, 0x1D, 0xF0, 0x00, 0x1D, 0xF0, 0x00, 0x1D, 0xF0, 0x00,
    0x1D, 0xB4, 0x2C, 0x00, 0x0B, 0x7C, 0x00, 0x00, 0xBC, 0x00, 0x00, 0x00, 0x00, 0x00, 0x00, 0x00,
    0x00, 0x00, 0xE0, 0x00, 0x00, 0x38, 0x00, 0x00, 0x0E, 0x00, 0x00, 0x03, 0x80, 0x00, 0x00, 0xE2,
    0xFD, 0x00, 0x3F, 0x9B, 0xE0, 0x0F, 0x40, 0x3C, 0x03, 0xC0, 0x0B, 0x00, 0xE0, 0x02, 0xC0, 0x38,
    0x00, 0xB0, 0x0E, 0x00, 0x2C, 0x03, 0x80, 0x0B, 0x00, 0xE0, 0x02, 0xC0, 0x38, 0x00, 0xB0, 0x0E,
    0x00, 0x2C, 0x3C, 0x03, 0xC0, 0x38, 0x0F, 0x0F, 0x4B, 0x00, 0x07, 0xD0, 0x0E, 0xB4, 0x38, 0x1D,
    0x00, 0x00, 0x07, 0xE4, 0xD3, 0x9F, 0xE0, 0x40, 0x10, 0x00, 0x00, 0x3F, 0xFC, 0x15, 0x54, 0x00,
    0x00, 0x07, 0xFF, 0xFD, 0x15, 0x55, 0x40, 0x00, 0x00, 0x34, 0x1C, 0x1F, 0xF4, 0x01, 0x40, 0x00,
    0x3C, 0x3C, 0x00, 0x0F, 0x0F, 0x00, 0x00, 0x00, 0xFD, 0x5F, 0x0B, 0x38, 0x30, 0x00, 0x02, 0xF8,
    0x35, 0xC3, 0x5D, 0x2F, 0xC0, 0x10, 0x0F, 0x1E, 0x2C, 0x38, 0x70, 0xA0, 0x74, 0x1D, 0x1E, 0xB4,
    0x07, 0xD0, 0xFF, 0xF0, 0xB0, 0xEB, 0x0E, 0xB0, 0xE0, 0xB8, 0xF0, 0x2C, 0x3C, 0x0B, 0x0D, 0x00,
    0x00, 0x03, 0xC0, 0x03, 0xC0, 0x34, 0x1C, 0x1F, 0xF4, 0x01, 0x40, 0x00, 0x00, 0x0F, 0xF0, 0x39,
    0x6C, 0x30, 0x0C, 0x0D, 0x1C, 0x3C, 0x38, 0xB8, 0x2D, 0x3C, 0x3C, 0x34, 0x70, 0xB8, 0x38, 0x3C,
    0x1C, 0x0D, 0x2D, 0x3C, 0x3C, 0x34, 0x70, 0x3D, 0x00, 0xF0, 0x02, 0xC0, 0x07, 0xC0, 0xF0, 0x38,
    0x00, 0x0B, 0xFF, 0x5B, 0x0B, 0xE0, 0xFF, 0xE5, 0xE0, 0x00, 0x0B, 0xFE, 0x15, 0xE0, 0x0A, 0x00,
    0xA0, 0x0A, 0x03, 0xC0, 0x3C, 0x1F, 0x03, 0xD0, 0x00, 0x00, 0x00, 0x1C, 0x38, 0x34, 0x2C, 0x00,
    0x0A, 0x00, 0xA0, 0x3F, 0xC0, 0x00, 0x00, 0x03, 0xFC, 0x1F, 0x40, 0xA0, 0x00, 0x00, 0x0A, 0x03,
    0xFC, 0x1F, 0x40, 0xA0, 0x00, 0x07, 0xFD, 0x15, 0x40, 0x06, 0x0B, 0x0B, 0x0B, 0x6F, 0xBC, 0x90,
    0xE0, 0xE0, 0xE0, 0xF9, 0x3E, 0x00, 0xE3, 0x80, 0x00, 0x0F, 0x0F, 0x00, 0x00, 0x00, 0x02, 0xF8,
    0x35, 0xC3, 0x5D, 0x2F, 0xC0, 0x10, 0x2C, 0x38, 0x30, 0x0A, 0x00, 0xE0, 0x02, 0xC0, 0x2C, 0x3F,
    0x40, 0x00, 0x08, 0x34, 0xB0, 0xB0, 0x7E, 0x04, 0xFF, 0xF0, 0x00, 0x00, 0xBF, 0xFE, 0xB5, 0x5E,
    0xA0, 0x0A, 0x00, 0x00, 0x00, 0x00, 0xE3, 0xCB, 0x7F, 0xFD, 0x04, 0x10, 0x74, 0x1D, 0x1E, 0xB4,
    0x07, 0xD0, 0x07, 0xD0, 0x1E, 0xF0, 0x34, 0x2C, 0x00, 0x00, 0x34, 0x1C, 0x1F, 0xF4, 0x01, 0x40,
    0x00, 0x00, 0x0F, 0xF0, 0x39, 0x6C, 0x30, 0x0C, 0x00, 0x00, 0x3F, 0x4A, 0xB6, 0xFC, 0x40, 0x10,
    0x00, 0x00, 0x3F, 0xFC, 0x15, 0x54, 0x00, 0x00, 0x0B, 0xFF, 0xFE, 0x15, 0x55, 0x40, 0x00, 0x00,
    0x07, 0xFF, 0xFD, 0x15, 0x55, 0x40, 0x00, 0x00, 0x7F, 0xFF, 0xD1, 0x55, 0x54, 0x00, 0x00, 0x3F,
    0x8B, 0xB6, 0xFD, 0x00, 0x10, 0x00, 0x00, 0x07, 0xFF, 0xFD, 0x15, 0x55, 0x40, 0x00, 0x00, 0x00,
    0x00, 0xBF, 0xFF, 0xFF, 0xFE, 0x15, 0x55, 0x55, 0x54, 0x00, 0x00, 0x00, 0x38, 0x02, 0xF4, 0x1F,
    0x80, 0x28, 0x00, 0x00, 0x00, 0x00, 0x01, 0x40, 0x00, 0x38, 0x00, 0x07, 0x40, 0x00, 0xB0, 0x00,
    0x0E, 0x00, 0x01, 0xC0, 0x00, 0x38, 0x00, 0x07, 0x40, 0x00, 0xB0, 0x00, 0x0D, 0x00, 0x01, 0xC0,
    0x00, 0x38, 0x00, 0x07, 0x40, 0x00, 0xB0, 0x00, 0x0D, 0x00, 0x02, 0xC0, 0x00, 0x38, 0x00, 0x00,
    0x00, 0x34, 0x1C, 0x1C, 0x38, 0x00, 0x00, 0x00, 0xA0, 0x0A, 0xA0, 0x0A, 0xBF, 0xFE, 0x00, 0x00,
    0x00, 0x00, 0xFF, 0xFF, 0xD5, 0x57, 0xD0, 0x07, 0xFF, 0xFF, 0x55, 0x55, 0x00, 0x00, 0x3E, 0xBC,
    0xA7, 0xDA, 0x81, 0x42, 0x00, 0x03, 0x5C, 0x1F, 0x41, 0xF4, 0x35, 0xC0, 0x00, 0x00, 0x2D, 0x78,
    0x34, 0x1C, 0x1D, 0x7C, 0x00, 0x00, 0x00, 0x07, 0xFF, 0xFD, 0x15, 0x55, 0x40, 0x00, 0x00, 0x7F,
    0xFF, 0xD1, 0x55, 0x54, 0x3C, 0x03, 0xC0, 0x38, 0x0F, 0x0F, 0x0B, 0x00, 0x00, 0x00, 0x3F, 0x4A,
    0xB6, 0xFC, 0x40, 0x10, 0x00, 0xBC, 0x2D, 0x1C, 0x10, 0x00, 0xF0, 0x0E, 0x76, 0xC0, 0x28, 0x00,
    0xA0, 0xB0, 0x7C, 0x00, 0x00, 0x00, 0x0B, 0xFF, 0xFE, 0xB5, 0x55, 0xEB, 0x00, 0x0E, 0x10, 0x00,
    0x40, 0x00, 0x00, 0x07, 0xFF, 0xFD, 0x15, 0x55, 0x40, 0x00, 0x00, 0x7F, 0xFF, 0xD1, 0x55, 0x54,
    0xB0, 0xEB, 0x0E, 0xB0, 0xE0, 0x00, 0xFF, 0x5B, 0x07, 0x07, 0x00, 0x80, 0x3F, 0xCA, 0xB7, 0xFC,
    0x46, 0x10, 0x00, 0x00, 0x00, 0x00, 0x03, 0xC0, 0x00, 0x00, 0x3F, 0x4A, 0xB6, 0xFC, 0x40, 0x10,
    0x03, 0xC0, 0x00, 0x00, 0x00, 0x00, 0x3F, 0x4D, 0x76, 0xFC, 0x00, 0x10, 0x3F, 0x4D, 0x76, 0xFC,
    0x00, 0x10, 0x00, 0x00, 0x1C, 0x34, 0x7F, 0xFD, 0x1D, 0x74, 0x00, 0x00, 0x00, 0x3C, 0x7D, 0x28,
    0x28, 0x7F, 0x0B, 0xE0, 0xFD, 0x60, 0x00, 0x00, 0x09, 0x60, 0x09, 0x60, 0x09, 0x00, 0x80, 0x02,
    0x00, 0x00, 0x00, 0x00, 0x00, 0x62, 0x40, 0x00, 0x89, 0x63, 0x00, 0x00, 0xC9, 0x60, 0x00, 0x00,
    0x09, 0x02, 0x40, 0x00, 0x80, 0x00, 0x80, 0x02, 0x00, 0x00, 0x08, 0x20, 0x00, 0x60, 0x01, 0x40,
    0x09, 0x60, 0x00, 0x00, 0x09, 0x7F, 0x0B, 0xE0, 0xFD, 0x00, 0x00, 0x00, 0x00, 0xA0, 0x2E, 0x2E,
    0xA0, 0x01, 0xDE, 0x34, 0x74, 0x00, 0x00, 0x00, 0x0F, 0xF0, 0x3D, 0x6C, 0x30, 0x0C, 0x03, 0xC0,
    0x03, 0xC0, 0x00, 0xAE, 0x3C, 0xBE, 0x01, 0x0A, 0xB8, 0xB8, 0x0A, 0x90, 0x2D, 0x2E, 0xA0, 0x90,
    0x28, 0x0F, 0x4F, 0x02, 0xDA, 0x92, 0x43, 0x1C, 0x03, 0x87, 0x1C, 0xF0, 0x00, 0x00, 0xE3, 0x80,
    0x0A, 0x03, 0xFC, 0x1F, 0x41, 0xA4, 0x00, 0x00, 0x00, 0x00, 0x7E, 0xBD, 0xE7, 0xDB, 0xD3, 0xC7,
    0x7F, 0xFD, 0x04, 0x10, 0x10, 0xA0, 0xFF, 0x0A, 0x04, 0x24, 0x00, 0x00, 0x01, 0x81, 0xE0, 0x00,
    0x00, 0xB4, 0x07, 0xE4, 0x01, 0xBD, 0x00, 0x0B, 0xFF, 0xFE, 0x00, 0x00, 0x00, 0x50, 0x00, 0x00,
    0x24, 0x00, 0x00, 0x01, 0x81, 0xE0, 0x00, 0x00, 0xB4, 0x07, 0xE4, 0x01, 0xBD, 0x00, 0x0B, 0xFF,
    0xFE, 0x00, 0x00, 0x00, 0x50, 0x00, 0x00, 0x00, 0x00, 0x00, 0x07, 0xFF, 0xFF, 0xFD, 0x15, 0x55,
    0x55, 0x40, 0x00, 0x00, 0x00, 0x07, 0xFF, 0xFF, 0xFD, 0x15, 0x55, 0x55, 0x40, 0x00, 0x00, 0x00,
    0x00, 0x00, 0xBF, 0xFA, 0x50, 0x2C, 0x2D, 0x56, 0xFF, 0xFF, 0x01, 0x00, 0x00, 0x05, 0x00, 0x00,
    0x00, 0x00, 0x00, 0x00, 0x06, 0xFF, 0xF9, 0x00, 0x03, 0xF9, 0x56, 0xFC, 0x00, 0xE0, 0x00, 0x00,
    0xB0, 0x28, 0x00, 0x00, 0x02, 0x80, 0x00, 0x00, 0x00, 0x00, 0x00, 0x00, 0x00, 0x07, 0x0B, 0xFF,
    0xFF, 0xFF, 0xF0, 0x55, 0x55, 0x55, 0x74, 0x00, 0x00, 0x00, 0x00, 0x00, 0x29, 0x00, 0xC6, 0x73,
    0x0C, 0x66, 0x00, 0x29, 0x20, 0x8E, 0xA6, 0x00, 0x2A, 0x00, 0x02, 0x02, 0x22, 0x20, 0x0A, 0x43,
    0x09, 0x30, 0x63, 0x09, 0x0A, 0x40, 0x00, 0x30, 0x9C, 0x27, 0x09, 0x65, 0x00, 0x1A, 0x18, 0x05,
    0x01, 0x80, 0x1A, 0x00, 0x00, 0x00, 0x09, 0x1A, 0x93, 0x09, 0x20, 0x93, 0x09, 0x0A, 0x40, 0xC0,
    0x36, 0x8C, 0x27, 0x05, 0xC1, 0x70, 0x50, 0x5A, 0x29, 0x61, 0xC3, 0x50, 0x83, 0x50, 0x83, 0x50,
    0x83, 0x02, 0xBE, 0x70, 0xC3, 0x00, 0x10, 0x39, 0x20, 0x20, 0x24, 0x09, 0x10, 0x12, 0x08, 0x18,
    0x80, 0xE4, 0x07, 0x00, 0x24, 0x80, 0xA0, 0x0A, 0x02, 0x48, 0xF0, 0x03, 0xC0, 0x0F, 0x00, 0x3C,
    0x00, 0xF0, 0x03, 0xC0, 0x0F, 0xFF, 0x7D, 0x54, 0xF0, 0x03, 0xC0, 0x0F, 0x00, 0x3C, 0x00, 0xF0,
    0x03, 0xC0, 0x00, 0x38, 0x00, 0xE0, 0x03, 0x80, 0x0E, 0x00, 0x38, 0x00, 0xFF, 0xD3, 0x95, 0x0E,
    0x00, 0x38, 0x00, 0xE0, 0x03, 0x80, 0x00, 0xFF, 0xFF, 0xFD, 0xF5, 0xBD, 0x6D, 0xF0, 0x3C, 0x0D,
    0xF0, 0x3C, 0x0D, 0xF0, 0x3C, 0x0D, 0xA0, 0x3C, 0x0D, 0x00, 0x3C, 0x00, 0x00, 0x3C, 0x00, 0x00,
    0x3C, 0x00, 0x00, 0x3C, 0x00, 0x00, 0x3C, 0x00, 0x00, 0x3C, 0x00, 0x00, 0x3C, 0x00, 0x00, 0x3C,
    0x00, 0x3F, 0xFF, 0xFC, 0xE6, 0xF5, 0xF3, 0x43, 0x82, 0xCD, 0x0E, 0x0B, 0x20, 0x38, 0x18, 0x00,
    0xE0, 0x00, 0x03, 0x80, 0x00, 0x0E, 0x00, 0x00, 0x38, 0x00, 0x00, 0xE0, 0x00, 0x03, 0x80, 0x00,
    0x0E, 0x00, 0x00, 0x38, 0x00, 0x00, 0xE0, 0x00, 0x03, 0x80, 0x00, 0x1F, 0x0B, 0x43, 0xC0, 0xD0,
    0x0E, 0x1D, 0x3C, 0x7C, 0xF0, 0x00, 0x1F, 0xF0, 0x00, 0x3F, 0xF0, 0x00, 0xBF, 0xF0, 0x01, 0xEB,
    0xF0, 0x03, 0xCB, 0xF0, 0x0B, 0x0B, 0xF0, 0x1D, 0x0B, 0xF0, 0x38, 0x0F, 0xF0, 0xB0, 0x0F, 0xF1,
    0xD0, 0x0F, 0xE3, 0x80, 0x0F, 0xEB, 0x00, 0x0F, 0xFC, 0x00, 0x0F, 0xF4, 0x00, 0x0F, 0x38, 0x00,
    0xF8, 0xE0, 0x0B, 0xE3, 0x80, 0x3B, 0x8E, 0x03, 0xCE, 0x38, 0x2C, 0x38, 0xE0, 0xE0, 0xE3, 0x4F,
    0x03, 0x8D, 0x74, 0x0E, 0x3B, 0x80, 0x38, 0xFC, 0x00, 0xE3, 0xD0, 0x03, 0x80, 0x34, 0x74, 0x3E,
    0x00, 0x2F, 0xF4, 0x0E, 0xAF, 0x80, 0x00, 0xF4, 0x00, 0x1E, 0x00, 0x03, 0xC0, 0x00, 0xF0, 0x00,
    0x38, 0x00, 0x1E, 0x00, 0x0F, 0x0E, 0x6F, 0x42, 0xFE, 0x00, 0x06, 0xFE, 0x07, 0xEA, 0xC3, 0xC0,
    0x02, 0xD0, 0x00, 0xF0, 0xB0, 0x3C, 0x2C, 0x0F, 0x00, 0x02, 0xD0, 0x00, 0x3C, 0x00, 0x0B, 0xEA,
    0xC0, 0x6F, 0xE0, 0x2F, 0xF4, 0x0E, 0xAF, 0x80, 0x00, 0xF4, 0x00, 0x1E, 0x03, 0x83, 0xC0, 0xE0,
    0xF0, 0x00, 0x38, 0x00, 0x1E, 0x00, 0x0F, 0x0E, 0x6F, 0x42, 0xFE, 0x00, 0x1E, 0x0B, 0xC0, 0xE0,
    0x00, 0x00, 0x00, 0x00, 0x00, 0x00, 0x00, 0x07, 0x82, 0xD0, 0xF0, 0x38, 0x0C, 0x00, 0x00, 0xF0,
    0x0F, 0x00, 0xF0, 0x0F, 0x00, 0xF0, 0x0F, 0x00, 0xF0, 0x0F, 0x00, 0xF0, 0x0F, 0x00, 0xF0, 0x0F,
    0x00, 0xF0, 0x0F, 0x00, 0xF0, 0x0E, 0x07, 0xDB, 0xF4, 0x10, 0x00, 0x1F, 0x0B, 0x03, 0x40, 0x03,
    0xD0, 0xF3, 0x9D, 0x07, 0x04, 0x3C, 0x03, 0xC0, 0x01, 0xD0, 0x1F, 0x80, 0x0B, 0x00, 0xFB, 0x00,
    0x00, 0x03, 0x9D, 0x00, 0x00, 0x2C, 0x3C, 0x00, 0x00, 0xF0, 0xB0, 0x00, 0x07, 0x40, 0xE0, 0x00,
    0x3C, 0x03, 0xC0, 0x01, 0xFF, 0xFF, 0x40, 0x0B, 0xAA, 0xAF, 0x00, 0x38, 0x00, 0x2D, 0x02, 0xD0,
    0x00, 0x38, 0x0F, 0x00, 0x00, 0xF0, 0x78, 0x00, 0x01, 0xE0, 0x38, 0x7C, 0x38, 0x3C, 0x2F, 0xFF,
    0xF7, 0x42, 0xE5, 0x55, 0xB0, 0x2D, 0x00, 0x00, 0x02, 0xD0, 0x00, 0x00, 0x2D, 0x00, 0x00, 0x02,
    0xD0, 0x00, 0x00, 0x2F, 0xFF, 0xD0, 0x02, 0xE5, 0x54, 0x00, 0x2D, 0x00, 0x00, 0x02, 0xD0, 0x00,
    0x00, 0x2D, 0x00, 0x00, 0x02, 0xD0, 0x00, 0x00, 0x2E, 0x55, 0x50, 0x02, 0xFF, 0xFF, 0x3C, 0x2D,
    0x00, 0x03, 0xDD, 0x0B, 0x40, 0x00, 0xFB, 0x02, 0xD0, 0x00, 0x3C, 0x00, 0xB4, 0x00, 0x0F, 0x00,
    0x2D, 0x00, 0x03, 0xC0, 0x0B, 0x40, 0x00, 0xF0, 0x02, 0xFF, 0xFF, 0xFC, 0x00, 0xB9, 0x55, 0x5F,
    0x00, 0x2D, 0x00, 0x03, 0xC0, 0x0B, 0x40, 0x00, 0xF0, 0x02, 0xD0, 0x00, 0x3C, 0x00, 0xB4, 0x00,
    0x0F, 0x00, 0x2D, 0x00, 0x03, 0xC0, 0x0B, 0x40, 0x00, 0xF0, 0x3C, 0x7F, 0xF1, 0xD0, 0x7E, 0x0B,
    0x00, 0xB4, 0x00, 0x02, 0xD0, 0x00, 0x0B, 0x40, 0x00, 0x2D, 0x00, 0x00, 0xB4, 0x00, 0x02, 0xD0,
    0x00, 0x0B, 0x40, 0x00, 0x2D, 0x00, 0x00, 0xB4, 0x00, 0x02, 0xD0, 0x00, 0x0B, 0x80, 0x01, 0xFF,
    0xC0, 0x3C, 0x01, 0xFF, 0xD0, 0x07, 0x40, 0xFE, 0x6F, 0xC0, 0xB0, 0x3D, 0x00, 0x1F, 0x00, 0x0B,
    0x40, 0x00, 0x78, 0x00, 0xF0, 0x00, 0x03, 0xC0, 0x0F, 0x00, 0x00, 0x2C, 0x01, 0xE0, 0x00, 0x02,
    0xD0, 0x1E, 0x00, 0x00, 0x2D, 0x00, 0xF0, 0x00, 0x02, 0xC0, 0x0F, 0x00, 0x00, 0x3C, 0x00, 0xB4,
    0x00, 0x07, 0x80, 0x03, 0xD0, 0x01, 0xF0, 0x00, 0x0F, 0xE6, 0xFC, 0x00, 0x00, 0x1F, 0xFD, 0x00,
    0x3C, 0x7C, 0x00, 0x0F, 0x1D, 0x0B, 0x40, 0x0B, 0x4B, 0x00, 0xF0, 0x03, 0xC0, 0x00, 0x2D, 0x02,
    0xC0, 0x00, 0x03, 0xC0, 0xE0, 0x00, 0x00, 0x74, 0xB0, 0x00, 0x00, 0x0F, 0x74, 0x00, 0x00, 0x01,
    0xFC, 0x00, 0x00, 0x00, 0x2D, 0x00, 0x00, 0x00, 0x0B, 0x40, 0x00, 0x00, 0x02, 0xD0, 0x00, 0x00,
    0x00, 0xB4, 0x00, 0x00, 0x00, 0x2D, 0x00, 0x00, 0x00, 0x0B, 0x40, 0x00, 0x3C, 0x02, 0xFF, 0x80,
    0x1D, 0x0B, 0xEA, 0xBE, 0x0B, 0x07, 0xC0, 0x02, 0xE0, 0x03, 0xC0, 0x00, 0x3C, 0x01, 0xE0, 0x00,
    0x07, 0x80, 0xB4, 0x00, 0x00, 0xE0, 0x3C, 0x00, 0x00, 0x3C, 0x0B, 0x40, 0x00, 0x0F, 0x02, 0xD0,
    0x00, 0x07, 0x80, 0x3C, 0x00, 0x02, 0xD0, 0x0B, 0x40, 0x00, 0xE0, 0x00, 0xB4, 0x00, 0xF0, 0x01,
    0x5F, 0x41, 0xF9, 0x40, 0xFF, 0xE0, 0xBF, 0xF0, 0x00, 0xF0, 0x0F, 0x76, 0xC0, 0x2C, 0x00, 0x00,
    0x00, 0x07, 0x80, 0x01, 0xE0, 0x00, 0x78, 0x00, 0x1E, 0x00, 0x07, 0x80, 0x01, 0xE0, 0x00, 0x78,
    0x00, 0x1E, 0x00, 0x03, 0x80, 0x00, 0xF9, 0x40, 0x0B, 0xD0, 0x00, 0x1E, 0x00, 0x00, 0x03, 0xF0,
    0x00, 0x00, 0x3B, 0x80, 0x00, 0x0B, 0x3C, 0x00, 0x00, 0xE1, 0xD0, 0x00, 0x1D, 0x0F, 0x00, 0x03,
    0xC0, 0xB0, 0x00, 0x78, 0x03, 0x80, 0x0B, 0xFF, 0xFC, 0x00, 0xFA, 0xAA, 0xD0, 0x2D, 0x00, 0x0F,
    0x03, 0xC0, 0x00, 0xB0, 0x74, 0x00, 0x07, 0x8F, 0x00, 0x00, 0x3C, 0xFF, 0xFE, 0x03, 0xD5, 0xAF,
    0x4F, 0x00, 0x1F, 0x3C, 0x00, 0x3C, 0xF0, 0x00, 0xE3, 0xC0, 0x1F, 0x0F, 0xFF, 0xE0, 0x3D, 0x56,
    0xF4, 0xF0, 0x00, 0xF3, 0xC0, 0x02, 0xDF, 0x00, 0x0B, 0x7C, 0x00, 0x3C, 0xF5, 0x5B, 0xD3, 0xFF,
    0xF9, 0x00, 0xFF, 0xFF, 0xF5, 0x55, 0xF0, 0x00, 0xF0, 0x00, 0xF0, 0x00, 0xF0, 0x00, 0xF0, 0x00,
    0xF0, 0x00, 0xF0, 0x00, 0xF0, 0x00, 0xF0, 0x00, 0xF0, 0x00, 0xF0, 0x00, 0xF0, 0x00, 0x00, 0x1E,
    0x00, 0x00, 0x03, 0xF0, 0x00, 0x00, 0x7B, 0x80, 0x00, 0x0B, 0x3C, 0x00, 0x00, 0xE1, 0xD0, 0x00,
    0x2D, 0x0F, 0x00, 0x03, 0xC0, 0xB4, 0x00, 0x74, 0x03, 0x80, 0x0F, 0x00, 0x2C, 0x01, 0xE0, 0x01,
    0xE0, 0x2C, 0x00, 0x0F, 0x03, 0x80, 0x00, 0x74, 0xBE, 0xAA, 0xAB, 0xCF, 0xFF, 0xFF, 0xFC, 0xFF,
    0xFF, 0x7D, 0x55, 0x4F, 0x00, 0x03, 0xC0, 0x00, 0xF0, 0x00, 0x3C, 0x00, 0x0F, 0xFF, 0xF3, 0xD5,
    0x54, 0xF0, 0x00, 0x3C, 0x00, 0x0F, 0x00, 0x03, 0xC0, 0x00, 0xF5, 0x55, 0x3F, 0xFF, 0xD0, 0x3F,
    0xFF, 0xFC, 0x15, 0x55, 0xF8, 0x00, 0x00, 0xF0, 0x00, 0x03, 0xD0, 0x00, 0x07, 0x80, 0x00, 0x0F,
    0x00, 0x00, 0x3D, 0x00, 0x00, 0xB8, 0x00, 0x01, 0xF0, 0x00, 0x03, 0xC0, 0x00, 0x0B, 0x40, 0x00,
    0x1F, 0x00, 0x00, 0x3E, 0x55, 0x54, 0x3F, 0xFF, 0xFC, 0xF0, 0x00, 0x1D, 0xF0, 0x00, 0x1D, 0xF0,
    0x00, 0x1D, 0xF0, 0x00, 0x1D, 0xF0, 0x00, 0x1D, 0xF0, 0x00, 0x2D, 0xFF, 0xFF, 0xFD, 0xF5, 0x55,
    0x6D, 0xF0, 0x00, 0x1D, 0xF0, 0x00, 0x1D, 0xF0, 0x00, 0x1D, 0xF0, 0x00, 0x1D, 0xF0, 0x00, 0x1D,
    0xF0, 0x00, 0x1D, 0x00, 0xBF, 0xE4, 0x00, 0x7E, 0x9B, 0xE0, 0x1F, 0x00, 0x0B, 0x83, 0xC0, 0x00,
    0x3D, 0x78, 0x00, 0x01, 0xEB, 0x40, 0x00, 0x0F, 0xB4, 0xFF, 0xF4, 0xFB, 0x45, 0x55, 0x0F, 0xB4,
    0x00, 0x00, 0xF7, 0x80, 0x00, 0x1E, 0x3C, 0x00, 0x03, 0xD1, 0xF0, 0x00, 0xB8, 0x0B, 0xE9, 0xBE,
    0x00, 0x0B, 0xFE, 0x40, 0x3F, 0xF0, 0x2E, 0x00, 0x74, 0x01, 0xD0, 0x07, 0x40, 0x1D, 0x00, 0x74,
    0x01, 0xD0, 0x07, 0x40, 0x1D, 0x00, 0x74, 0x01, 0xD0, 0x0B, 0x80, 0xFF, 0xC0, 0xF0, 0x00, 0xF3,
    0xC0, 0x0F, 0x0F, 0x00, 0xF4, 0x3C, 0x0F, 0x40, 0xF0, 0xF4, 0x03, 0xCB, 0x40, 0x0F, 0xBC, 0x00,
    0x3F, 0xBC, 0x00, 0xF0, 0xB8, 0x03, 0xC0, 0xF4, 0x0F, 0x00, 0xF0, 0x3C, 0x01, 0xF0, 0xF0, 0x02,
    0xE3, 0xC0, 0x02, 0xE0, 0x00, 0x2D, 0x00, 0x00, 0x0F, 0xC0, 0x00, 0x07, 0xB0, 0x00, 0x03, 0xCE,
    0x00, 0x01, 0xE3, 0xC0, 0x00, 0xB0, 0x74, 0x00, 0x38, 0x0E, 0x00, 0x1D, 0x02, 0xC0, 0x0F, 0x00,
    0x78, 0x03, 0x80, 0x0F, 0x02, 0xC0, 0x02, 0xD0, 0xF0, 0x00, 0x38, 0x74, 0x00, 0x0F, 0x3C, 0x00,
    0x01, 0xD0, 0xFC, 0x00, 0x00, 0xFF, 0xF4, 0x00, 0x07, 0xFE, 0xF0, 0x00, 0x3F, 0xFA, 0xC0, 0x01,
    0xDF, 0xE3, 0x80, 0x0B, 0x3F, 0x8F, 0x00, 0x38, 0xFF, 0x1D, 0x02, 0xC3, 0xFC, 0x3C, 0x0F, 0x0F,
    0xF0, 0xB0, 0x74, 0x3F, 0xC0, 0xE2, 0xC0, 0xFF, 0x03, 0xCE, 0x03, 0xFC, 0x07, 0xF0, 0x0F, 0xF0,
    0x0F, 0x80, 0x3F, 0xC0, 0x2D, 0x00, 0xF0, 0xF8, 0x00, 0x0F, 0xFC, 0x00, 0x0F, 0xFF, 0x00, 0x0F,
    0xEB, 0x40, 0x0F, 0xE3, 0xC0, 0x0F, 0xE0, 0xE0, 0x0F, 0xE0, 0xB4, 0x0F, 0xF0, 0x3C, 0x0F, 0xF0,
    0x0E, 0x0F, 0xF0, 0x07, 0x4F, 0xF0, 0x03, 0xCF, 0xF0, 0x00, 0xEF, 0xF0, 0x00, 0x7F, 0xF0, 0x00,
    0x2F, 0x7F, 0xFF, 0xF4, 0x55, 0x55, 0x40, 0x00, 0x00, 0x00, 0x00, 0x00, 0x00, 0x00, 0x00, 0x00,
    0x00, 0x02, 0xFF, 0xFE, 0x01, 0x55, 0x50, 0x00, 0x00, 0x00, 0x00, 0x00, 0x00, 0x00, 0x00, 0x00,
    0x00, 0x00, 0x55, 0x55, 0x57, 0xFF, 0xFF, 0xF0, 0x00, 0xBF, 0xE4, 0x00, 0x7E, 0x9B, 0xE0, 0x1F,
    0x00, 0x0B, 0x83, 0xC0, 0x00, 0x3D, 0x78, 0x00, 0x01, 0xEB, 0x40, 0x00, 0x0F, 0xB4, 0x00, 0x00,
    0xFB, 0x40, 0x00, 0x0F, 0xB4, 0x00, 0x00, 0xF7, 0x80, 0x00, 0x1E, 0x3C, 0x00, 0x03, 0xD1, 0xF0,
    0x00, 0xB8, 0x0B, 0xE9, 0xBE, 0x00, 0x0B, 0xFE, 0x40, 0xFF, 0xFF, 0xFC, 0xF5, 0x55, 0x7C, 0xF0,
    0x00, 0x2C, 0xF0, 0x00, 0x2C, 0xF0, 0x00, 0x2C, 0xF0, 0x00, 0x2C, 0xF0, 0x00, 0x2C, 0xF0, 0x00,
    0x2C, 0xF0, 0x00, 0x2C, 0xF0, 0x00, 0x2C, 0xF0, 0x00, 0x2C, 0xF0, 0x00, 0x2C, 0xF0, 0x00, 0x2C,
    0xF0, 0x00, 0x2C, 0xFF, 0xF9, 0x0F, 0x5A, 0xF8, 0xF0, 0x03, 0xCF, 0x00, 0x2D, 0xF0, 0x01, 0xDF,
    0x00, 0x3C, 0xF0, 0x1F, 0x8F, 0xFF, 0xD0, 0xF5, 0x40, 0x0F, 0x00, 0x00, 0xF0, 0x00, 0x0F, 0x00,
    0x00, 0xF0, 0x00, 0x0F, 0x00, 0x00, 0x3F, 0xFF, 0xFC, 0x3F, 0x55, 0x54, 0x0F, 0x40, 0x00, 0x03,
    0xC0, 0x00, 0x01, 0xF0, 0x00, 0x00, 0x7C, 0x00, 0x00, 0x2E, 0x00, 0x00, 0x3C, 0x00, 0x00, 0xB4,
    0x00, 0x02, 0xD0, 0x00, 0x07, 0x80, 0x00, 0x1F, 0x00, 0x00, 0x3E, 0x55, 0x54, 0x3F, 0xFF, 0xFC,
    0xFF, 0xFF, 0xFD, 0x55, 0xBD, 0x54, 0x00, 0x38, 0x00, 0x00, 0x38, 0x00, 0x00, 0x38, 0x00, 0x00,
    0x38, 0x00, 0x00, 0x38, 0x00, 0x00, 0x38, 0x00, 0x00, 0x38, 0x00, 0x00, 0x38, 0x00, 0x00, 0x38,
    0x00, 0x00, 0x38, 0x00, 0x00, 0x38, 0x00, 0x00, 0x38, 0x00, 0xB4, 0x00, 0x2D, 0x3C, 0x00, 0x3C,
    0x2D, 0x00, 0xB4, 0x0F, 0x00, 0xF0, 0x07, 0x42, 0xC0, 0x03, 0xC3, 0x80, 0x01, 0xDB, 0x00, 0x00,
    0xBD, 0x00, 0x00, 0x3C, 0x00, 0x00, 0x3C, 0x00, 0x00, 0x3C, 0x00, 0x00, 0x3C, 0x00, 0x00, 0x3C,
    0x00, 0x00, 0x3C, 0x00, 0x00, 0x03, 0x80, 0x00, 0x02, 0xFF, 0xFF, 0x40, 0x1F, 0x97, 0xDB, 0xF0,
    0x3C, 0x03, 0x80, 0xB8, 0xB4, 0x03, 0x80, 0x3C, 0xF0, 0x03, 0x80, 0x2D, 0xF0, 0x03, 0x80, 0x1D,
    0xF0, 0x03, 0x80, 0x2D, 0xB4, 0x03, 0x80, 0x3C, 0x3C, 0x03, 0x80, 0x7C, 0x1F, 0x97, 0x86, 0xF0,
    0x07, 0xFF, 0xFF, 0x80, 0x00, 0x07, 0xD0, 0x00, 0x00, 0x03, 0x80, 0x00, 0x7C, 0x00, 0x2D, 0x0B,
    0x40, 0x0E, 0x00, 0xF0, 0x0F, 0x00, 0x0F, 0x0B, 0x40, 0x02, 0xD3, 0x80, 0x00, 0x3F, 0xC0, 0x00,
    0x03, 0xD0, 0x00, 0x02, 0xF8, 0x00, 0x00, 0xEB, 0x40, 0x00, 0xF0, 0xF0, 0x00, 0xB4, 0x1E, 0x00,
    0x38, 0x02, 0xD0, 0x3C, 0x00, 0x3C, 0x2D, 0x00, 0x07, 0xC0, 0x3C, 0x07, 0x40, 0xB0, 0xF0, 0x1D,
    0x02, 0xC3, 0xC0, 0x74, 0x0B, 0x0F, 0x01, 0xD0, 0x2C, 0x3C, 0x07, 0x40, 0xB0, 0xF0, 0x1D, 0x03,
    0xC3, 0xC0, 0x74, 0x0F, 0x0B, 0x81, 0xD0, 0x78, 0x0F, 0x97, 0x9B, 0xC0, 0x0B, 0xFF, 0xF8, 0x00,
    0x00, 0xB9, 0x00, 0x00, 0x01, 0xD0, 0x00, 0x00, 0x07, 0x40, 0x00, 0x00, 0x1D, 0x00, 0x00, 0x00,
    0x7F, 0xE4, 0x00, 0x0F, 0xE6, 0xFC, 0x00, 0xF4, 0x00, 0x7C, 0x0B, 0x40, 0x00, 0xB8, 0x3C, 0x00,
    0x00, 0xF0, 0xE0, 0x00, 0x03, 0xC7, 0x80, 0x00, 0x0B, 0x5E, 0x00, 0x00, 0x2C, 0x3C, 0x00, 0x00,
    0xF0, 0xB0, 0x00, 0x03, 0x80, 0xE0, 0x00, 0x3C, 0x01, 0xE0, 0x02, 0xD0, 0x16, 0xF0, 0x3E, 0x51,
    0xFF, 0xC0, 0xFF, 0xD0, 0x00, 0x01, 0xD1, 0xD1, 0x01, 0x00, 0x00, 0x00, 0x00, 0xFF, 0xC0, 0xB8,
    0x01, 0xD0, 0x07, 0x40, 0x1D, 0x00, 0x74, 0x01, 0xD0, 0x07, 0x40, 0x1D, 0x00, 0x74, 0x01, 0xD0,
    0x07, 0x40, 0x2E, 0x03, 0xFF, 0x00, 0x00, 0x00, 0x00, 0x03, 0xC3, 0x80, 0x00, 0x00, 0x00, 0x00,
    0x00, 0x00, 0x00, 0x00, 0x00, 0xB4, 0x00, 0x2D, 0x3C, 0x00, 0x3C, 0x2D, 0x00, 0xB4, 0x0F, 0x00,
    0xF0, 0x07, 0x42, 0xC0, 0x03, 0xC3, 0x80, 0x01, 0xDB, 0x00, 0x00, 0xBD, 0x00, 0x00, 0x3C, 0x00,
    0x00, 0x3C, 0x00, 0x00, 0x3C, 0x00, 0x00, 0x3C, 0x00, 0x00, 0x3C, 0x00, 0x00, 0x3C, 0x00, 0x00,
    0x2E, 0x00, 0x00, 0x3C, 0x00, 0x00, 0x70, 0x00, 0x00, 0x00, 0x00, 0x07, 0xF8, 0xB0, 0x2F, 0x9B,
    0xF0, 0x7C, 0x02, 0xF0, 0xB4, 0x00, 0xF0, 0xF0, 0x00, 0xF0, 0xF0, 0x00, 0xF0, 0xF0, 0x00, 0xF0,
    0xB4, 0x00, 0xF0, 0x7C, 0x01, 0xF0, 0x2F, 0x9B, 0xB9, 0x07, 0xF8, 0x3D, 0x00, 0x0F, 0x00, 0x02,
    0xD0, 0x00, 0x38, 0x00, 0x00, 0x00, 0x02, 0xFF, 0x41, 0xFA, 0xBC, 0x2D, 0x00, 0x02, 0xC0, 0x00,
    0x0F, 0x40, 0x00, 0x7F, 0xC0, 0x1F, 0x54, 0x03, 0xC0, 0x00, 0x3C, 0x00, 0x02, 0xF9, 0xAC, 0x07,
    0xFF, 0x80, 0x00, 0x78, 0x00, 0x0F, 0x00, 0x00, 0xD0, 0x00, 0x00, 0x00, 0x34, 0xBF, 0x43, 0xB9,
    0xBD, 0x3D, 0x00, 0xF3, 0xC0, 0x0F, 0x38, 0x00, 0xF3, 0x80, 0x0F, 0x38, 0x00, 0xF3, 0x80, 0x0F,
    0x38, 0x00, 0xF3, 0x80, 0x0F, 0x38, 0x00, 0xF0, 0x00, 0x0F, 0x00, 0x00, 0xF0, 0x00, 0x0F, 0x00,
    0x00, 0xF0, 0x00, 0x0F, 0x0F, 0x40, 0xE0, 0x2C, 0x00, 0x00, 0x78, 0x07, 0x80, 0x78, 0x07, 0x80,
    0x78, 0x07, 0x80, 0x78, 0x07, 0x80, 0x38, 0x03, 0xE5, 0x0B, 0xD0, 0x00, 0x3C, 0x00, 0x3D, 0xEB,
    0x00, 0x0B, 0x00, 0x00, 0x00, 0x00, 0x74, 0x01, 0xD1, 0xD0, 0x03, 0x87, 0x40, 0x0F, 0x1D, 0x00,
    0x3C, 0x74, 0x00, 0xF1, 0xD0, 0x03, 0xC7, 0x80, 0x0F, 0x1E, 0x00, 0x38, 0x3C, 0x03, 0xD0, 0xBE,
    0xBE, 0x00, 0xBF, 0xD0, 0x00, 0x07, 0xF8, 0xB0, 0x2F, 0x9B, 0xF0, 0x7C, 0x02, 0xF0, 0xB4, 0x00,
    0xF0, 0xF0, 0x00, 0xF0, 0xF0, 0x00, 0xF0, 0xF0, 0x00, 0xF0, 0xB4, 0x00, 0xF0, 0x7C, 0x01, 0xF0,
    0x2F, 0x9B, 0xB9, 0x07, 0xF8, 0x3D, 0x02, 0xFE, 0x40, 0x3E, 0x6F, 0x43, 0xC0, 0x1F, 0x0E, 0x00,
    0x3C, 0x38, 0x00, 0xE0, 0xE0, 0x1F, 0x03, 0x8F, 0xE0, 0x0E, 0x15, 0xF4, 0x38, 0x00, 0xF0, 0xE0,
    0x01, 0xD3, 0x80, 0x03, 0x8E, 0x00, 0x1E, 0x38, 0x00, 0xF0, 0xFE, 0x6F, 0x83, 0xEF, 0xE4, 0x0E,
    0x00, 0x00, 0x38, 0x00, 0x00, 0xE0, 0x00, 0x03, 0x80, 0x00, 0x0E, 0x00, 0x00, 0xF0, 0x00, 0xB1,
    0xD0, 0x03, 0xC3, 0xC0, 0x0F, 0x0B, 0x00, 0x3C, 0x1D, 0x00, 0xE0, 0x3C, 0x07, 0x40, 0xB0, 0x3C,
    0x01, 0xE1, 0xD0, 0x03, 0xCE, 0x00, 0x0B, 0xF0, 0x00, 0x0F, 0x00, 0x00, 0x3C, 0x00, 0x00, 0xF0,
    0x00, 0x03, 0xC0, 0x00, 0x0F, 0x00, 0x00, 0x00, 0xBF, 0xD0, 0x03, 0xE6, 0xF4, 0x03, 0x80, 0x10,
    0x03, 0x80, 0x00, 0x02, 0xE0, 0x00, 0x00, 0xBE, 0x00, 0x02, 0xFB, 0xC0, 0x0F, 0x40, 0xF0, 0x2D,
    0x00, 0x38, 0x3C, 0x00, 0x3C, 0x3C, 0x00, 0x2C, 0x3C, 0x00, 0x3C, 0x2E, 0x00, 0xB8, 0x0F, 0xEB,
    0xF0, 0x01, 0xFF, 0x40, 0x02, 0xFF, 0x41, 0xFA, 0xBC, 0x2D, 0x00, 0x02, 0xC0, 0x00, 0x0F, 0x40,
    0x00, 0x7F, 0xC0, 0x1F, 0x54, 0x03, 0xC0, 0x00, 0x3C, 0x00, 0x02, 0xF9, 0xAC, 0x07, 0xFF, 0x80,
    0x3F, 0xFF, 0x85, 0x57, 0xD0, 0x01, 0xD0, 0x00, 0xE0, 0x00, 0xF0, 0x00, 0xF0, 0x00, 0xB4, 0x00,
    0x78, 0x00, 0x3C, 0x00, 0x1D, 0x00, 0x0B, 0x00, 0x03, 0xC0, 0x00, 0xB4, 0x00, 0x1F, 0x80, 0x01,
    0xFF, 0x80, 0x06, 0xFC, 0x00, 0x0B, 0x40, 0x01, 0xD0, 0x00, 0xF0, 0x00, 0x14, 0x34, 0xBF, 0x43,
    0xB9, 0xBD, 0x3D, 0x00, 0xF3, 0xC0, 0x0F, 0x38, 0x00, 0xF3, 0x80, 0x0F, 0x38, 0x00, 0xF3, 0x80,
    0x0F, 0x38, 0x00, 0xF3, 0x80, 0x0F, 0x38, 0x00, 0xF0, 0x00, 0x0F, 0x00, 0x00, 0xF0, 0x00, 0x0F,
    0x00, 0x00, 0xF0, 0x00, 0x0F, 0x02, 0xFD, 0x00, 0x7E, 0xBE, 0x03, 0xC0, 0x2D, 0x1D, 0x00, 0x38,
    0xB0, 0x00, 0xF2, 0xC0, 0x02, 0xCF, 0xFF, 0xFF, 0x3D, 0x55, 0x6C, 0xF0, 0x00, 0xB2, 0xC0, 0x03,
    0xCB, 0x40, 0x0F, 0x1E, 0x00, 0x38, 0x3C, 0x02, 0xD0, 0x7E, 0xBE, 0x00, 0x2F, 0xD0, 0x00, 0x78,
    0x07, 0x80, 0x78, 0x07, 0x80, 0x78, 0x07, 0x80, 0x78, 0x07, 0x80, 0x38, 0x03, 0xE5, 0x0B, 0xD0,
    0x38, 0x03, 0xC3, 0x80, 0xF4, 0x38, 0x2D, 0x03, 0x8B, 0x80, 0x39, 0xE0, 0x03, 0xFF, 0x00, 0x3D,
    0xB8, 0x03, 0x83, 0xD0, 0x38, 0x0F, 0x03, 0x80, 0x7C, 0x38, 0x02, 0xE0, 0xFD, 0x00, 0x02, 0xBE,
    0x00, 0x00, 0x2D, 0x00, 0x00, 0x3C, 0x00, 0x00, 0xF0, 0x00, 0x03, 0xE0, 0x00, 0x2F, 0xC0, 0x00,
    0xE7, 0x40, 0x07, 0x4F, 0x00, 0x2C, 0x2C, 0x00, 0xE0, 0x78, 0x07, 0x40, 0xF0, 0x3C, 0x02, 0xD0,
    0xE0, 0x03, 0xDB, 0x40, 0x0B, 0x80, 0x38, 0x00, 0xB0, 0x38, 0x00, 0xB0, 0x38, 0x00, 0xB0, 0x38,
    0x00, 0xB0, 0x38, 0x00, 0xB0, 0x38, 0x00, 0xB0, 0x38, 0x00, 0xF0, 0x38, 0x00, 0xF0, 0x3C, 0x01,
    0xF0, 0x3F, 0x9B, 0xB9, 0x3A, 0xF8, 0x3D, 0x38, 0x00, 0x00, 0x38, 0x00, 0x00, 0x38, 0x00, 0x00,
    0x38, 0x00, 0x00, 0x38, 0x00, 0x00, 0xF0, 0x00, 0xB1, 0xD0, 0x03, 0xC3, 0x80, 0x0F, 0x0B, 0x00,
    0x3C, 0x1D, 0x00, 0xE0, 0x3C, 0x07, 0x40, 0xB0, 0x3C, 0x01, 0xD1, 0xD0, 0x03, 0xCF, 0x00, 0x0B,
    0xF0, 0x00, 0x0F, 0x40, 0x00, 0x3F, 0xFF, 0x86, 0xFA, 0x41, 0xE0, 0x00, 0xF0, 0x00, 0x38, 0x00,
    0x0F, 0x00, 0x01, 0xE4, 0x00, 0x1F, 0xFD, 0x1F, 0x55, 0x1E, 0x00, 0x0B, 0x00, 0x03, 0xC0, 0x00,
    0xB4, 0x00, 0x1F, 0x40, 0x01, 0xFF, 0x80, 0x06, 0xFC, 0x00, 0x0B, 0x40, 0x01, 0xD0, 0x00, 0xF0,
    0x00, 0x14, 0x06, 0xFE, 0x00, 0x7E, 0x6F, 0x03, 0xC0, 0x1F, 0x2D, 0x00, 0x3C, 0xF0, 0x00, 0xB7,
    0xC0, 0x01, 0xDF, 0x00, 0x0B, 0x6D, 0x00, 0x3C, 0x3C, 0x01, 0xF0, 0x7E, 0x6F, 0x00, 0x2F, 0xE0,
    0x00, 0xBF, 0xFF, 0xFF, 0xC5, 0xB9, 0x57, 0xD4, 0x07, 0x40, 0x3C, 0x00, 0x74, 0x03, 0xC0, 0x07,
    0x40, 0x3C, 0x00, 0x74, 0x03, 0xC0, 0x07, 0x40, 0x3C, 0x00, 0x74, 0x03, 0xC0, 0x07, 0x40, 0x3C,
    0x00, 0x74, 0x02, 0xE4, 0x07, 0x40, 0x0F, 0x80, 0x02, 0xFE, 0x00, 0x7E, 0xAF, 0x03, 0xC0, 0x1E,
    0x1E, 0x00, 0x3C, 0x74, 0x00, 0xB6, 0xD0, 0x02, 0xDB, 0x40, 0x0B, 0x6D, 0x00, 0x3C, 0xB4, 0x01,
    0xE2, 0xFE, 0x6F, 0x0B, 0x6F, 0xE0, 0x2D, 0x00, 0x00, 0xB4, 0x00, 0x02, 0xD0, 0x00, 0x0B, 0x40,
    0x00, 0x2D, 0x00, 0x00, 0x06, 0xFE, 0x07, 0xEA, 0xC3, 0xC0, 0x02, 0xD0, 0x00, 0xF0, 0x00, 0x3C,
    0x00, 0x0F, 0x00, 0x02, 0xD0, 0x00, 0x3C, 0x00, 0x0B, 0xE4, 0x00, 0x6F, 0xE0, 0x00, 0x7D, 0x00,
    0x07, 0x40, 0x02, 0xC0, 0x00, 0xE0, 0x02, 0xFF, 0xFC, 0x1F, 0xA7, 0xD4, 0x3C, 0x01, 0xD0, 0xB4,
    0x00, 0xF0, 0xB0, 0x00, 0xB0, 0xF0, 0x00, 0xB0, 0xF0, 0x00, 0xB0, 0xB4, 0x00, 0xF0, 0x7C, 0x01,
    0xE0, 0x2F, 0xAB, 0xC0, 0x07, 0xFD, 0x00, 0xBF, 0xFF, 0xE5, 0x7E, 0x55, 0x02, 0xC0, 0x00, 0x2C,
    0x00, 0x02, 0xC0, 0x00, 0x2C, 0x00, 0x02, 0xC0, 0x00, 0x2C, 0x00, 0x02, 0xD0, 0x00, 0x1F, 0x98,
    0x00, 0x7F, 0xC0, 0x74, 0x01, 0xD1, 0xD0, 0x03, 0x87, 0x40, 0x0F, 0x1D, 0x00, 0x3C, 0x74, 0x00,
    0xF1, 0xD0, 0x03, 0xC7, 0x80, 0x0F, 0x1E, 0x00, 0x38, 0x3C, 0x03, 0xD0, 0xBE, 0xBE, 0x00, 0xBF,
    0xD0, 0x00, 0x00, 0x1D, 0x00, 0x00, 0x07, 0x40, 0x00, 0x01, 0xD0, 0x00, 0x00, 0x74, 0x00, 0x00,
    0x6E, 0x40, 0x02, 0xFF, 0xFE, 0x02, 0xE1, 0xD2, 0xF1, 0xE0, 0x74, 0x2D, 0xB4, 0x1D, 0x03, 0xFC,
    0x07, 0x40, 0xFF, 0x01, 0xD0, 0x3E, 0xD0, 0x74, 0x0F, 0x7C, 0x1D, 0x0B, 0x4B, 0x87, 0x5B, 0x80,
    0x7F, 0xFF, 0x80, 0x00, 0xB9, 0x00, 0x00, 0x1D, 0x00, 0x00, 0x07, 0x40, 0x00, 0x01, 0xD0, 0x00,
    0x00, 0x74, 0x00, 0x7C, 0x00, 0x0F, 0x0B, 0xC0, 0x0B, 0x40, 0xB4, 0x03, 0x80, 0x0F, 0x02, 0xC0,
    0x02, 0xD0, 0xE0, 0x00, 0x3C, 0xF0, 0x00, 0x0B, 0xB4, 0x00, 0x00, 0xFC, 0x00, 0x00, 0x3D, 0x00,
    0x00, 0x1F, 0xC0, 0x00, 0x0F, 0xB4, 0x00, 0x0B, 0x0F, 0x00, 0x07, 0x82, 0xD0, 0x03, 0xC0, 0x3C,
    0x02, 0xD0, 0x0B, 0x91, 0xE0, 0x00, 0xBC, 0x00, 0x0E, 0x00, 0x00, 0x00, 0xE0, 0x00, 0x00, 0x0E,
    0x00, 0x00, 0x00, 0xE0, 0x00, 0x74, 0x0E, 0x03, 0x87, 0x40, 0xE0, 0x3C, 0x74, 0x0E, 0x03, 0xC7,
    0x40, 0xE0, 0x2C, 0x74, 0x0E, 0x02, 0xC7, 0x40, 0xE0, 0x2C, 0x78, 0x0E, 0x03, 0xC3, 0x80, 0xE0,
    0x3C, 0x3D, 0x0E, 0x0F, 0x40, 0xFE, 0xFB, 0xE0, 0x02, 0xFF, 0xE4, 0x00, 0x00, 0xE0, 0x00, 0x00,
    0x0E, 0x00, 0x00, 0x00, 0xE0, 0x00, 0x00, 0x0E, 0x00, 0x00, 0x00, 0xE0, 0x00, 0x0E, 0x00, 0x03,
    0xC0, 0xF0, 0x00, 0x07, 0x43, 0x80, 0x00, 0x0F, 0x1D, 0x00, 0x40, 0x2C, 0xB4, 0x0B, 0x00, 0xB2,
    0xC0, 0x2C, 0x02, 0xDB, 0x40, 0xB0, 0x0B, 0x1D, 0x02, 0xD0, 0x3C, 0x3C, 0x0F, 0x80, 0xF0, 0xBE,
    0xF7, 0xAF, 0x00, 0x7F, 0x07, 0xF4, 0x00, 0x00, 0x00, 0x38, 0x38, 0x00, 0x00, 0x00, 0x00, 0x07,
    0x80, 0x07, 0x80, 0x07, 0x80, 0x07, 0x80, 0x07, 0x80, 0x07, 0x80, 0x07, 0x80, 0x07, 0x80, 0x03,
    0x80, 0x03, 0xE5, 0x00, 0xBD, 0x00, 0x00, 0x00, 0x3C, 0x38, 0x00, 0x00, 0x00, 0x00, 0x00, 0x00,
    0x74, 0x01, 0xD1, 0xD0, 0x03, 0x87, 0x40, 0x0F, 0x1D, 0x00, 0x3C, 0x74, 0x00, 0xF1, 0xD0, 0x03,
    0xC7, 0x80, 0x0F, 0x1E, 0x00, 0x38, 0x3C, 0x03, 0xD0, 0xBE, 0xBE, 0x00, 0xBF, 0xD0, 0x00, 0x00,
    0x1F, 0x00, 0x00, 0xB0, 0x00, 0x03, 0x40, 0x00, 0x00, 0x00, 0x06, 0xFE, 0x00, 0x7E, 0x6F, 0x03,
    0xC0, 0x1F, 0x2D, 0x00, 0x3C, 0xF0, 0x00, 0xB7, 0xC0, 0x01, 0xDF, 0x00, 0x0B, 0x6D, 0x00, 0x3C,
    0x3C, 0x01, 0xF0, 0x7E, 0x6F, 0x00, 0x2F, 0xE0, 0x00, 0x00, 0x2D, 0x00, 0x00, 0xE0, 0x00, 0x07,
    0x00, 0x00, 0x00, 0x00, 0x74, 0x01, 0xD1, 0xD0, 0x03, 0x87, 0x40, 0x0F, 0x1D, 0x00, 0x3C, 0x74,
    0x00, 0xF1, 0xD0, 0x03, 0xC7, 0x80, 0x0F, 0x1E, 0x00, 0x38, 0x3C, 0x03, 0xD0, 0xBE, 0xBE, 0x00,
    0xBF, 0xD0, 0x00, 0x00, 0x01, 0xF0, 0x00, 0x00, 0x0B, 0x00, 0x00, 0x00, 0x34, 0x00, 0x00, 0x00,
    0x00, 0x00, 0x0E, 0x00, 0x03, 0xC0, 0xF0, 0x00, 0x07, 0x43, 0x80, 0x00, 0x0F, 0x1D, 0x00, 0x40,
    0x2C, 0xB4, 0x0B, 0x00, 0xB2, 0xC0, 0x2C, 0x02, 0xDB, 0x40, 0xB0, 0x0B, 0x1D, 0x02, 0xD0, 0x3C,
    0x3C, 0x0F, 0x80, 0xF0, 0xBE, 0xF7, 0xAF, 0x00, 0x7F, 0x07, 0xF4, 0x00, 0xF0, 0x00, 0xF3, 0xC0,
    0x0F, 0x0F, 0x00, 0xF4, 0x3C, 0x0F, 0x40, 0xF0, 0xB4, 0x03, 0xCB, 0x40, 0x0F, 0xBC, 0x00, 0x3F,
    0xBC, 0x00, 0xF0, 0xB8, 0x03, 0xC0, 0xF4, 0x0F, 0x00, 0xF0, 0x3C, 0x01, 0xF0, 0xF0, 0x02, 0xE3,
    0xC0, 0x02, 0xE0, 0x00, 0x07, 0xC0, 0x00, 0x3D, 0x00, 0x02, 0xF3, 0xEA, 0xBF, 0x06, 0xFF, 0xD0,
    0x00, 0x00, 0xBF, 0x80, 0x03, 0xE6, 0xF0, 0x0F, 0x40, 0xF0, 0x1D, 0xFF, 0xD0, 0x3C, 0x04, 0x00,
    0x3C, 0x00, 0x00, 0x3C, 0xFF, 0x80, 0x3F, 0x96, 0xF4, 0x3C, 0x00, 0x3C, 0x38, 0x00, 0x3C, 0x3C,
    0x00, 0x2C, 0x3C, 0x00, 0x3C, 0x1E, 0x00, 0x78, 0x0F, 0xEB, 0xF0, 0x02, 0xFF, 0x40, 0x01, 0xFF,
    0x40, 0x01, 0xFA, 0xF8, 0x00, 0xB0, 0x0B, 0x40, 0x1D, 0x00, 0xF0, 0x03, 0xE4, 0x3C, 0x00, 0x1F,
    0xFF, 0xEB, 0xD0, 0x06, 0xE1, 0x7C, 0x00, 0x74, 0x0F, 0x00, 0x2D, 0x03, 0xC0, 0x0B, 0x00, 0xE0,
    0x03, 0xC0, 0x38, 0x00, 0xE0, 0x0F, 0x00, 0xF0, 0x02, 0xFA, 0xF4, 0x00, 0x1F, 0xE0, 0x00, 0xB4,
    0x00, 0x1F, 0x0F, 0x00, 0x0F, 0x82, 0xD0, 0x0B, 0x40, 0x3C, 0x03, 0xC0, 0x07, 0x82, 0xC0, 0x00,
    0xF1, 0xE0, 0x00, 0x1E, 0xF0, 0x00, 0x03, 0xF4, 0x00, 0x00, 0x3C, 0x00, 0x00, 0x0F, 0x00, 0x00,
    0x03, 0xC0, 0x00, 0x00, 0xF0, 0x00, 0x00, 0x3C, 0x00, 0x00, 0x0F, 0x00, 0x00, 0x3C, 0x78, 0x00,
    0x0B, 0x5D, 0x0F, 0x00, 0x0B, 0x9B, 0x00, 0xF0, 0x03, 0xC0, 0x00, 0x2D, 0x03, 0xC0, 0x00, 0x03,
    0xC1, 0xE0, 0x00, 0x00, 0xB4, 0xF0, 0x00, 0x00, 0x0F, 0xB4, 0x00, 0x00, 0x01, 0xFC, 0x00, 0x00,
    0x00, 0x3D, 0x00, 0x00, 0x00, 0x0B, 0x00, 0x00, 0x00, 0x02, 0xC0, 0x00, 0x00, 0x00, 0xB0, 0x00,
    0x00, 0x00, 0x2C, 0x00, 0x00, 0x00, 0x0B, 0x00, 0x00, 0x00, 0x00, 0x00, 0x00, 0xF0, 0xF0, 0x00,
    0x00, 0x00, 0x00, 0x00, 0x00, 0x00, 0x00, 0x00, 0x00, 0x2D, 0x00, 0x07, 0xC3, 0xC0, 0x03, 0xE0,
    0xB4, 0x02, 0xD0, 0x0F, 0x00, 0xF0, 0x01, 0xE0, 0xB0, 0x00, 0x3C, 0x78, 0x00, 0x07, 0xBC, 0x00,
    0x00, 0xFD, 0x00, 0x00, 0x0F, 0x00, 0x00, 0x03, 0xC0, 0x00, 0x00, 0xF0, 0x00, 0x00, 0x3C, 0x00,
    0x00, 0x0F, 0x00, 0x00, 0x03, 0xC0, 0x00, 0x00, 0x1D, 0x00, 0x00, 0x07, 0x40, 0x00, 0x01, 0xD0,
    0x00, 0x00, 0x74, 0x00, 0x00, 0x6E, 0x40, 0x02, 0xFF, 0xFE, 0x02, 0xE1, 0xD2, 0xF1, 0xE0, 0x74,
    0x2D, 0xB4, 0x1D, 0x03, 0xFC, 0x07, 0x40, 0xFF, 0x01, 0xD0, 0x3E, 0xD0, 0x74, 0x0F, 0x7C, 0x1D,
    0x0B, 0x4B, 0x87, 0x5B, 0x80, 0x7F, 0xFF, 0x80, 0x00, 0xB9, 0x00, 0x00, 0x1D, 0x00, 0x00, 0x07,
    0x40, 0x00, 0x01, 0xD0, 0x00, 0x00, 0x74, 0x00, 0xBF, 0xFF, 0xFF, 0xFF, 0xD5, 0xBD, 0x55, 0x57,
    0xE4, 0x0B, 0x40, 0x00, 0x1D, 0x00, 0xF0, 0x00, 0x00, 0xE0, 0x0F, 0x00, 0xF0, 0x0F, 0x00, 0xF0,
    0x0F, 0x00, 0xF0, 0x0F, 0x00, 0xF0, 0x0F, 0x00, 0xF0, 0x0F, 0x00, 0xE0, 0x0B, 0x41, 0xF0, 0x2D,
    0x00, 0x3E, 0xBA, 0xEB, 0xC0, 0x00, 0xBE, 0x0B, 0xE0, 0x00, 0x38, 0x03, 0xC3, 0x80, 0xF4, 0x38,
    0x2D, 0x03, 0x8B, 0x80, 0x39, 0xE0, 0x03, 0xFF, 0x00, 0x3D, 0xB8, 0x03, 0x83, 0xD0, 0x38, 0x0F,
    0x03, 0x80, 0x7C, 0x38, 0x02, 0xE0, 0x00, 0x0F, 0x00, 0x02, 0xD2, 0x40, 0xBC, 0x2F, 0xFE, 0x00,
    0x00, 0x00, 0x01, 0xBF, 0xE4, 0x00, 0xFE, 0xAB, 0xE0, 0x3E, 0x00, 0x0B, 0x87, 0xC0, 0x00, 0x3C,
    0xB4, 0x00, 0x02, 0xDB, 0x40, 0x00, 0x1E, 0xB4, 0x00, 0x01, 0xE7, 0x80, 0x00, 0x2D, 0x3C, 0x00,
    0x07, 0xC1, 0xF4, 0x02, 0xF4, 0x07, 0xFF, 0xFC, 0x00, 0x01, 0xF4, 0x00, 0x00, 0x0F, 0x00, 0x00,
    0x00, 0xF0, 0x00, 0x06, 0xFE, 0x00, 0x7E, 0x6F, 0x03, 0xC0, 0x1E, 0x2D, 0x00, 0x3C, 0xF0, 0x00,
    0xB7, 0xC0, 0x01, 0xDF, 0x00, 0x0B, 0x6D, 0x00, 0x2D, 0x78, 0x00, 0xF0, 0xB8, 0x0F, 0x40, 0xBF,
    0xF4, 0x00, 0x2D, 0x00, 0x00, 0xB0, 0x00, 0x02, 0xC0, 0x00, 0x0B, 0x00, 0x00, 0x2C, 0x00, 0x01,
    0xBF, 0xF8, 0x0F, 0xE9, 0xBC, 0x3E, 0x00, 0x00, 0x78, 0x00, 0x00, 0xB4, 0x00, 0x00, 0xB4, 0x00,
    0x00, 0xB4, 0x00, 0x00, 0x7C, 0x00, 0x00, 0x2F, 0x40, 0x00, 0x0B, 0xFF, 0x00, 0x00, 0x6F, 0x00,
    0x00, 0x0F, 0x00, 0x00, 0x0F, 0x00, 0x00, 0x0F, 0x00, 0x06, 0xFE, 0x07, 0xEA, 0xC3, 0xC0, 0x02,
    0xD0, 0x00, 0xF0, 0x00, 0x3C, 0x00, 0x0F, 0x00, 0x02, 0xD0, 0x00, 0x7C, 0x00, 0x0B, 0xE4, 0x00,
    0x7F, 0xD0, 0x00, 0x7C, 0x00, 0x0B, 0x01, 0x07, 0xC0, 0xFF, 0xD0, 0x05, 0x00, 0xFF, 0xFF, 0x3D,
    0x55, 0x4F, 0x00, 0x03, 0xC0, 0x00, 0xF0, 0x00, 0x3C, 0x00, 0x0F, 0xFF, 0xE3, 0xD5, 0x78, 0xF0,
    0x0E, 0x3C, 0x03, 0x8F, 0x00, 0x03, 0xC0, 0x00, 0xF0, 0x00, 0x3C, 0x00, 0x00, 0xFF, 0xFF, 0x7D,
    0x55, 0x4F, 0x00, 0x03, 0xC0, 0x00, 0xF0, 0x00, 0x3C, 0x00, 0x0F, 0xFF, 0xE3, 0xD5, 0x78, 0xF0,
    0x0E, 0x3C, 0x03, 0x8F, 0x00, 0x43, 0xC0, 0x00, 0xF0, 0x00, 0x3C, 0x00, 0x0F, 0x00, 0x03, 0xC0,
    0x00, 0x3F, 0x00, 0x00, 0x6F, 0x00, 0x00, 0x3C, 0x00, 0x00, 0xF0, 0x00, 0x07, 0x80, 0x00, 0x2D,
    0x00, 0x00, 0xFF, 0xFF, 0x41, 0x55, 0x7C, 0x00, 0x00, 0xE0, 0x00, 0x0B, 0x40, 0x00, 0x3C, 0x00,
    0x00, 0xF0, 0x00, 0x03, 0xE4, 0x00, 0x03, 0xF0, 0x7E, 0x00, 0x02, 0xF4, 0x00, 0x07, 0x40, 0x00,
    0xB4, 0x00, 0x0F, 0x00, 0x00, 0xE0, 0x00, 0x2C, 0x00, 0x03, 0xC0, 0x05, 0x79, 0xBF, 0xEF, 0xFF,
    0xBC, 0xE5, 0x03, 0xC0, 0x00, 0x74, 0x00, 0x0B, 0x00, 0x00, 0xE0, 0x00, 0x1D, 0x00, 0x03, 0xC0,
    0x00, 0x38, 0x00, 0x07, 0x80, 0x00, 0x3E, 0x80, 0x01, 0xFC, 0x0B, 0xFE, 0x00, 0x3E, 0xAB, 0xD0,
    0x10, 0x03, 0xF4, 0x00, 0x2F, 0xBC, 0x01, 0xF8, 0x2D, 0x01, 0x80, 0x2E, 0x00, 0x01, 0xFF, 0x00,
    0x0F, 0xDF, 0x00, 0x2D, 0x0F, 0x00, 0x00, 0x0F, 0x00, 0x00, 0x0F, 0x00, 0x00, 0x1E, 0x00, 0x00,
    0x2D, 0x00, 0x00, 0x3C, 0x00, 0x00, 0x00, 0xB9, 0x00, 0x00, 0x6F, 0xD0, 0x00, 0x01, 0xF8, 0x00,
    0x00, 0x2F, 0x00, 0x00, 0x0B, 0xC0, 0x00, 0x0B, 0xD0, 0x02, 0xFE, 0xF0, 0x02, 0x90, 0x78, 0x00,
    0x00, 0x3C, 0x00, 0x01, 0xBC, 0x00, 0x6F, 0xFD, 0x00, 0xB8, 0x1D, 0x00, 0x00, 0x1E, 0x00, 0x00,
    0x1E, 0x00, 0x00, 0x1D, 0x00, 0x00, 0x2D, 0x00, 0x00, 0x2C, 0x00, 0x00, 0x3C, 0x00, 0x00, 0x78,
    0x00, 0x00, 0xB0, 0x7E, 0x00, 0x0B, 0x42, 0xF8, 0x01, 0xF0, 0x03, 0xC0, 0x7E, 0x00, 0x2D, 0x0F,
    0xD0, 0x02, 0xD3, 0xEC, 0x00, 0x2D, 0xB6, 0xC0, 0x02, 0xEE, 0x3C, 0x00, 0x3F, 0x82, 0xC0, 0x03,
    0xF0, 0x2D, 0x00, 0x7C, 0x00, 0xF9, 0x0F, 0x40, 0x07, 0xE0, 0x02, 0xFE, 0x00, 0x7E, 0xAF, 0x03,
    0xC0, 0x1E, 0x1E, 0x00, 0x3C, 0x74, 0x00, 0xB2, 0xD0, 0x02, 0xDB, 0x40, 0x0B, 0x6D, 0x00, 0x3C,
    0xB4, 0x01, 0xE2, 0xFE, 0x6F, 0x0B, 0x6F, 0xE0, 0x1D, 0x00, 0x00, 0x3D, 0x00, 0x00, 0x3F, 0xFD,
    0x00, 0x01, 0x7C, 0x00, 0x00, 0xE0, 0x06, 0xFE, 0x07, 0xEA, 0xC3, 0xC0, 0x02, 0xD0, 0x00, 0xF0,
    0x00, 0x3C, 0x00, 0x0F, 0x00, 0x02, 0xD0, 0x00, 0x3C, 0x00, 0x0B, 0xEA, 0xC0, 0x6F, 0xE0, 0x00,
    0xE0, 0x0E, 0x00, 0x00, 0x00, 0x00, 0xE0, 0x0E, 0x00, 0xE0, 0x0E, 0x00, 0xE0, 0x0E, 0x00, 0xE0,
    0x0E, 0x00, 0xE0, 0x0E, 0x00, 0xE0, 0x0E, 0x00, 0xE0, 0x1D, 0x2B, 0xC3, 0xF4, 0x00, 0xBF, 0xE4,
    0x00, 0x7E, 0x9B, 0xE0, 0x1F, 0x00, 0x0B, 0x83, 0xC0, 0x00, 0x3D, 0x78, 0x00, 0x01, 0xEB, 0x40,
    0x00, 0x1F, 0xBF, 0xFF, 0xFF, 0xFB, 0x95, 0x55, 0x5F, 0xB4, 0x00, 0x00, 0xF7, 0x80, 0x00, 0x1E,
    0x3C, 0x00, 0x03, 0xD1, 0xF0, 0x00, 0xB8, 0x0B, 0xE9, 0xBE, 0x00, 0x0B, 0xFE, 0x40, 0x02, 0xFF,
    0x47, 0xEA, 0xD3, 0xC0, 0x02, 0xD0, 0x00, 0xF4, 0x00, 0x3F, 0xFF, 0x8F, 0x55, 0x42, 0xD0, 0x00,
    0x3C, 0x00, 0x07, 0xE6, 0x90, 0x6F, 0xE0, 0x2F, 0xF4, 0x03, 0xAB, 0xF0, 0x00, 0x0B, 0x80, 0x00,
    0x3C, 0x00, 0x03, 0xC1, 0xFF, 0xFC, 0x05, 0x57, 0xC0, 0x00, 0x3C, 0x00, 0x0B, 0x47, 0x9B, 0xE0,
    0x2F, 0xE4, 0x00, 0xF0, 0x00, 0x0F, 0x00, 0x00, 0xFF, 0xFD, 0x0F, 0x56, 0xF8, 0xF0, 0x03, 0xDF,
    0x00, 0x1D, 0xF0, 0x01, 0xDF, 0x00, 0x3C, 0xF0, 0x1F, 0x8F, 0xFF, 0xD0, 0xF5, 0x40, 0x0F, 0x00,
    0x00, 0xF0, 0x00, 0x0F, 0x00, 0x00, 0x38, 0x00, 0x00, 0xE0, 0x00, 0x03, 0x80, 0x00, 0x0E, 0x00,
    0x00, 0x38, 0xBF, 0x40, 0xFE, 0xAF, 0x43, 0xD0, 0x0F, 0x0F, 0x00, 0x1D, 0x38, 0x00, 0x78, 0xE0,
    0x01, 0xE3, 0x80, 0x07, 0x8F, 0x00, 0x2D, 0x3D, 0x00, 0xF0, 0xFE, 0x6F, 0x43, 0x8B, 0xF4, 0x0E,
    0x00, 0x00, 0x38, 0x00, 0x00, 0xE0, 0x00, 0x03, 0x80, 0x00, 0x0E, 0x00, 0x00, 0x00, 0x7F, 0xF8,
    0x07, 0xF9, 0xBC, 0x1F, 0x40, 0x00, 0x3C, 0x00, 0x00, 0x78, 0x00, 0x00, 0xB4, 0x00, 0x00, 0xB4,
    0x00, 0x00, 0xB4, 0x00, 0x00, 0xB4, 0x00, 0x00, 0x78, 0x00, 0x00, 0x3C, 0x00, 0x00, 0x1F, 0x00,
    0x00, 0x0B, 0xE9, 0xAC, 0x00, 0xBF, 0xF8, 0xFC, 0x00, 0x00, 0xFF, 0xF8, 0x00, 0x0B, 0xFE, 0xF0,
    0x00, 0x7B, 0xF8, 0xF0, 0x03, 0xCF, 0xE2, 0xD0, 0x2D, 0x3F, 0x83, 0xC0, 0xE0, 0xFF, 0x03, 0x8F,
    0x03, 0xFC, 0x0B, 0xF4, 0x0F, 0xF0, 0x0F, 0x80, 0x3F, 0xC0, 0x04, 0x00, 0xFF, 0x00, 0x00, 0x03,
    0xFC, 0x00, 0x00, 0x0F, 0xF0, 0x00, 0x00, 0x3F, 0xC0, 0x00, 0x00, 0xF0, 0x3D, 0x00, 0x0F, 0x4F,
    0xC0, 0x0B, 0xD3, 0xF8, 0x07, 0xF4, 0xEB, 0x03, 0x9D, 0x38, 0xF3, 0xC7, 0x4E, 0x1F, 0xD1, 0xD3,
    0x82, 0xE0, 0x74, 0xE0, 0x00, 0x1D, 0x38, 0x00, 0x07, 0x4E, 0x00, 0x01, 0xD3, 0x80, 0x00, 0x74,
    0xE0, 0x00, 0x00, 0x38, 0x00, 0x00, 0x0E, 0x00, 0x00, 0x03, 0x80, 0x00, 0x00, 0xE0, 0x00, 0x00,
    0x00, 0xBF, 0x80, 0x07, 0xEA, 0xF0, 0x0F, 0x00, 0x78, 0x1E, 0x00, 0x3C, 0x1D, 0x00, 0x2D, 0x2D,
    0x00, 0x2D, 0x2D, 0x00, 0x2D, 0x2D, 0x00, 0x3C, 0x2D, 0x00, 0x78, 0x2F, 0xE6, 0xF0, 0x2D, 0xBF,
    0x80, 0x2D, 0x00, 0x00, 0x2D, 0x00, 0x00, 0xFF, 0xFE, 0x00, 0x6E, 0x54, 0x00, 0x2D, 0x00, 0x00,
    0x1F, 0xFE, 0x40, 0x3E, 0x6B, 0xE0, 0x00, 0x00, 0xF8, 0x00, 0x00, 0x3C, 0x00, 0x00, 0x2E, 0x00,
    0x00, 0x0E, 0x00, 0x00, 0x0F, 0x00, 0x00, 0x0F, 0x00, 0x00, 0x0E, 0x00, 0x00, 0x2D, 0x00, 0x00,
    0x3C, 0x00, 0x00, 0xF4, 0x2A, 0x6B, 0xE0, 0x1F, 0xFE, 0x00, 0x00, 0x7F, 0xF8, 0x07, 0xF9, 0xBC,
    0x1F, 0x40, 0x00, 0x3C, 0x00, 0x00, 0x78, 0x00, 0x00, 0xB4, 0x0B, 0x00, 0xB4, 0x0F, 0x40, 0xB4,
    0x0F, 0x00, 0xB4, 0x00, 0x00, 0x78, 0x00, 0x00, 0x3C, 0x00, 0x00, 0x1F, 0x00, 0x00, 0x0B, 0xE9,
    0xAC, 0x00, 0xBF, 0xF8, 0x1F, 0xFE, 0x40, 0x3E, 0x6B, 0xE0, 0x00, 0x00, 0xF8, 0x00, 0x00, 0x3C,
    0x00, 0x00, 0x2E, 0x00, 0xA0, 0x0E, 0x00, 0xF4, 0x0F, 0x00, 0xF0, 0x0F, 0x00, 0x00, 0x0E, 0x00,
    0x00, 0x2D, 0x00, 0x00, 0x3C, 0x00, 0x00, 0xF4, 0x2A, 0x6B, 0xE0, 0x1F, 0xFE, 0x00, 0x0F, 0x00,
    0x00, 0xF0, 0x00, 0x0E, 0x00, 0x00, 0x00, 0x00, 0x00, 0x3F, 0xFF, 0xDF, 0x55, 0x53, 0xC0, 0x00,
    0xF0, 0x00, 0x3C, 0x00, 0x0F, 0x00, 0x03, 0xFF, 0xFC, 0xF5, 0x55, 0x3C, 0x00, 0x0F, 0x00, 0x03,
    0xC0, 0x00, 0xF0, 0x00, 0x3D, 0x55, 0x4F, 0xFF, 0xF4, 0x00, 0x00, 0x07, 0x4B, 0x00, 0xD2, 0xC0,
    0x00, 0x00, 0x00, 0x00, 0x3F, 0xFF, 0xDF, 0x55, 0x53, 0xC0, 0x00, 0xF0, 0x00, 0x3C, 0x00, 0x0F,
    0x00, 0x03, 0xFF, 0xFC, 0xF5, 0x55, 0x3C, 0x00, 0x0F, 0x00, 0x03, 0xC0, 0x00, 0xF0, 0x00, 0x3D,
    0x55, 0x4F, 0xFF, 0xF4, 0xFF, 0xFF, 0xFC, 0x05, 0x6F, 0x55, 0x40, 0x00, 0xE0, 0x00, 0x00, 0x0E,
    0x00, 0x00, 0x00, 0xE0, 0x00, 0x00, 0x0F, 0xFF, 0xE0, 0x00, 0xF9, 0x5F, 0xC0, 0x0E, 0x00, 0x2E,
    0x00, 0xE0, 0x00, 0xF0, 0x0E, 0x00, 0x0F, 0x00, 0xE0, 0x00, 0xE0, 0x0E, 0x00, 0x2D, 0x00, 0xE0,
    0xAF, 0xC0, 0x0E, 0x1F, 0xE0, 0x00, 0x7C, 0x00, 0x3C, 0x00, 0x2C, 0x00, 0x00, 0x00, 0x00, 0x00,
    0x3F, 0xFF, 0xCF, 0x55, 0x53, 0xC0, 0x00, 0xF0, 0x00, 0x3C, 0x00, 0x0F, 0x00, 0x03, 0xC0, 0x00,
    0xF0, 0x00, 0x3C, 0x00, 0x0F, 0x00, 0x03, 0xC0, 0x00, 0xF0, 0x00, 0x3C, 0x00, 0x0F, 0x00, 0x00,
    0x00, 0xBF, 0xF4, 0x07, 0xE9, 0xBC, 0x1F, 0x00, 0x00, 0x3C, 0x00, 0x00, 0x78, 0x00, 0x00, 0xB4,
    0x00, 0x00, 0xBF, 0xFF, 0xE0, 0xB9, 0x55, 0x40, 0xB4, 0x00, 0x00, 0x78, 0x00, 0x00, 0x3C, 0x00,
    0x00, 0x2F, 0x00, 0x00, 0x0B, 0xF9, 0xAC, 0x00, 0xBF, 0xF8, 0x0B, 0xFE, 0x43, 0xEA, 0xBC, 0xB4,
    0x00, 0x0B, 0x00, 0x00, 0xB4, 0x00, 0x03, 0xE0, 0x00, 0x0F, 0xE4, 0x00, 0x1B, 0xF0, 0x00, 0x0B,
    0xC0, 0x00, 0x2D, 0x00, 0x01, 0xD0, 0x00, 0x3C, 0xFA, 0xAF, 0x87, 0xFF, 0x90, 0xFF, 0xFF, 0xFF,
    0xFF, 0xFF, 0xFF, 0xFF, 0x00, 0x07, 0xAC, 0x35, 0xC0, 0x00, 0x00, 0x00, 0xF0, 0x0F, 0x00, 0xF0,
    0x0F, 0x00, 0xF0, 0x0F, 0x00, 0xF0, 0x0F, 0x00, 0xF0, 0x0F, 0x00, 0xF0, 0x0F, 0x00, 0xF0, 0x0F,
    0x00, 0x00, 0xF0, 0x0F, 0x00, 0xF0, 0x0F, 0x00, 0xF0, 0x0F, 0x00, 0xF0, 0x0F, 0x00, 0xF0, 0x0F,
    0x00, 0xF0, 0x0F, 0x00, 0xF0, 0x0F, 0x00, 0xF0, 0x0E, 0x07, 0xDB, 0xF4, 0x10, 0x00, 0x01, 0xFF,
    0xFF, 0x40, 0x00, 0x01, 0xE5, 0x5F, 0x40, 0x00, 0x01, 0xD0, 0x0B, 0x40, 0x00, 0x02, 0xC0, 0x0B,
    0x40, 0x00, 0x02, 0xC0, 0x0B, 0x40, 0x00, 0x02, 0xC0, 0x0B, 0xFF, 0xE0, 0x02, 0xC0, 0x0B, 0x95,
    0xBC, 0x03, 0xC0, 0x0B, 0x40, 0x2E, 0x03, 0xC0, 0x0B, 0x40, 0x0F, 0x03, 0xC0, 0x0B, 0x40, 0x0F,
    0x03, 0x80, 0x0B, 0x40, 0x0F, 0x07, 0x40, 0x0B, 0x40, 0x2E, 0x6F, 0x00, 0x0B, 0x96, 0xFC, 0xFC,
    0x00, 0x0B, 0xFF, 0xD0, 0xF0, 0x00, 0x38, 0x00, 0x03, 0xC0, 0x00, 0xE0, 0x00, 0x0F, 0x00, 0x03,
    0x80, 0x00, 0x3C, 0x00, 0x0E, 0x00, 0x00, 0xF0, 0x00, 0x38, 0x00, 0x03, 0xEA, 0xAA, 0xFA, 0x90,
    0x0F, 0xFF, 0xFF, 0xFF, 0xF8, 0x3C, 0x00, 0x0E, 0x00, 0xBC, 0xF0, 0x00, 0x38, 0x00, 0xF3, 0xC0,
    0x00, 0xE0, 0x02, 0xDF, 0x00, 0x03, 0x80, 0x0F, 0x3C, 0x00, 0x0E, 0x00, 0x7C, 0xF0, 0x00, 0x3E,
    0xAF, 0xD3, 0xC0, 0x00, 0xFF, 0xF8, 0x00, 0xFF, 0xFF, 0xFC, 0x05, 0x6F, 0x55, 0x40, 0x00, 0xE0,
    0x00, 0x00, 0x0E, 0x00, 0x00, 0x00, 0xE0, 0x00, 0x00, 0x0F, 0xFF, 0xE0, 0x00, 0xF9, 0x5B, 0xC0,
    0x0E, 0x00, 0x2D, 0x00, 0xE0, 0x00, 0xE0, 0x0E, 0x00, 0x0E, 0x00, 0xE0, 0x00, 0xF0, 0x0E, 0x00,
    0x0F, 0x00, 0xE0, 0x00, 0xF0, 0x0E, 0x00, 0x0F, 0x00, 0x2E, 0x00, 0x01, 0xE0, 0x00, 0x0E, 0x00,
    0x00, 0x00, 0x00, 0x00, 0x00, 0x03, 0xC0, 0x03, 0xCF, 0x00, 0x2D, 0x3C, 0x01, 0xE0, 0xF0, 0x0F,
    0x03, 0xC0, 0xF0, 0x0F, 0x0B, 0x40, 0x3F, 0xFC, 0x00, 0xF5, 0xF4, 0x03, 0xC0, 0xF0, 0x0F, 0x01,
    0xE0, 0x3C, 0x03, 0xD0, 0xF0, 0x03, 0xC3, 0xC0, 0x07, 0xCF, 0x00, 0x0B, 0x40, 0x01, 0xF0, 0x00,
    0x00, 0x78, 0x00, 0x00, 0x1D, 0x00, 0x00, 0x00, 0x00, 0x00, 0x00, 0x00, 0xF0, 0x00, 0x2E, 0xF0,
    0x00, 0x7E, 0xF0, 0x00, 0xFE, 0xF0, 0x02, 0xDE, 0xF0, 0x03, 0x4E, 0xF0, 0x0F, 0x0E, 0xF0, 0x1C,
    0x0E, 0xF0, 0x34, 0x0E, 0xF0, 0xB0, 0x0E, 0xF1, 0xC0, 0x0E, 0xF3, 0x40, 0x0E, 0xFA, 0x00, 0x0E,
    0xFC, 0x00, 0x0E, 0xF4, 0x00, 0x0E, 0x00, 0x00, 0x00, 0x00, 0x78, 0x7C, 0x00, 0x0B, 0xFC, 0x00,
    0x00, 0x10, 0x00, 0x00, 0x00, 0x00, 0x2D, 0x00, 0x01, 0xE3, 0xC0, 0x00, 0xF0, 0xB8, 0x00, 0x78,
    0x0F, 0x00, 0x3C, 0x01, 0xE0, 0x0E, 0x00, 0x3C, 0x0B, 0x00, 0x07, 0x83, 0x80, 0x00, 0xF2, 0xC0,
    0x00, 0x1E, 0xE0, 0x00, 0x03, 0xF4, 0x00, 0x00, 0x7C, 0x00, 0x00, 0x3C, 0x00, 0x01, 0xBD, 0x00,
    0x01, 0xFD, 0x00, 0x00, 0xF0, 0x00, 0x2C, 0xF0, 0x00, 0x2C, 0xF0, 0x00, 0x2C, 0xF0, 0x00, 0x2C,
    0xF0, 0x00, 0x2C, 0xF0, 0x00, 0x2C, 0xF0, 0x00, 0x2C, 0xF0, 0x00, 0x2C, 0xF0, 0x00, 0x2C, 0xF0,
    0x00, 0x2C, 0xF0, 0x00, 0x2C, 0xF0, 0x00, 0x2C, 0xFA, 0xAA, 0xBC, 0xFF, 0xFF, 0xFC, 0x00, 0x78,
    0x00, 0x00, 0x78, 0x00, 0x00, 0x74, 0x00, 0x00, 0x1E, 0x00, 0x00, 0x03, 0xF0, 0x00, 0x00, 0x3B,
    0x80, 0x00, 0x0B, 0x3C, 0x00, 0x00, 0xE1, 0xD0, 0x00, 0x1D, 0x0F, 0x00, 0x03, 0xC0, 0xB0, 0x00,
    0x78, 0x03, 0x80, 0x0B, 0xFF, 0xFC, 0x00, 0xFA, 0xAA, 0xD0, 0x2D, 0x00, 0x0F, 0x03, 0xC0, 0x00,
    0xB0, 0x74, 0x00, 0x07, 0x8F, 0x00, 0x00, 0x3C, 0xFF, 0xFF, 0xCF, 0x55, 0x54, 0xF0, 0x00, 0x0F,
    0x00, 0x00, 0xF0, 0x00, 0x0F, 0xFF, 0xD0, 0xF5, 0x5F, 0xCF, 0x00, 0x3D, 0xF0, 0x01, 0xEF, 0x00,
    0x0E, 0xF0, 0x01, 0xEF, 0x00, 0x3D, 0xF5, 0xAF, 0x8F, 0xFF, 0x90, 0xFF, 0xFE, 0x03, 0xD5, 0xAF,
    0x4F, 0x00, 0x1F, 0x3C, 0x00, 0x3C, 0xF0, 0x00, 0xE3, 0xC0, 0x1F, 0x0F, 0xFF, 0xE0, 0x3D, 0x56,
    0xF4, 0xF0, 0x00, 0xF3, 0xC0, 0x02, 0xDF, 0x00, 0x0B, 0x7C, 0x00, 0x3C, 0xF5, 0x5B, 0xD3, 0xFF,
    0xF9, 0x00, 0xFF, 0xFF, 0x3D, 0x55, 0x4F, 0x00, 0x03, 0xC0, 0x00, 0xF0, 0x00, 0x3C, 0x00, 0x0F,
    0x00, 0x03, 0xC0, 0x00, 0xF0, 0x00, 0x3C, 0x00, 0x0F, 0x00, 0x03, 0xC0, 0x00, 0xF0, 0x00, 0x3C,
    0x00, 0x00, 0x00, 0xFF, 0xFF, 0xC0, 0x03, 0xD5, 0x5F, 0x00, 0x0E, 0x00, 0x3C, 0x00, 0x38, 0x00,
    0xF0, 0x00, 0xE0, 0x03, 0xC0, 0x03, 0x80, 0x0F, 0x00, 0x0E, 0x00, 0x3C, 0x00, 0x74, 0x00, 0xF0,
    0x02, 0xD0, 0x03, 0xC0, 0x0F, 0x00, 0x0F, 0x00, 0x38, 0x00, 0x3C, 0x02, 0xD0, 0x00, 0xF0, 0x6F,
    0x55, 0x57, 0xD7, 0xFF, 0xFF, 0xFF, 0xFF, 0x00, 0x00, 0x03, 0xFC, 0x00, 0x00, 0x0F, 0xF0, 0x00,
    0x00, 0x3D, 0x80, 0x00, 0x00, 0x60, 0xFF, 0xFF, 0x7D, 0x55, 0x4F, 0x00, 0x03, 0xC0, 0x00, 0xF0,
    0x00, 0x3C, 0x00, 0x0F, 0xFF, 0xF3, 0xD5, 0x54, 0xF0, 0x00, 0x3C, 0x00, 0x0F, 0x00, 0x03, 0xC0,
    0x00, 0xF5, 0x55, 0x3F, 0xFF, 0xD0, 0x3C, 0x00, 0xB4, 0x00, 0xF0, 0x74, 0x02, 0xD0, 0x0B, 0x40,
    0xF0, 0x0B, 0x40, 0x78, 0x00, 0xF0, 0x2D, 0x03, 0xC0, 0x01, 0xE0, 0xB4, 0x3C, 0x00, 0x02, 0xD2,
    0xD2, 0xD0, 0x00, 0x03, 0xFF, 0xFF, 0x00, 0x00, 0x2E, 0x6E, 0x6D, 0x00, 0x01, 0xF0, 0xB4, 0x3C,
    0x00, 0x0F, 0x02, 0xD0, 0x78, 0x00, 0xB4, 0x0B, 0x40, 0xB4, 0x07, 0xC0, 0x2D, 0x00, 0xF0, 0x3C,
    0x00, 0xB4, 0x01, 0xE2, 0xE0, 0x02, 0xD0, 0x02, 0xD0, 0x1B, 0xFE, 0x40, 0xBA, 0xAF, 0x80, 0x00,
    0x0F, 0x00, 0x00, 0x2D, 0x00, 0x00, 0xF0, 0x00, 0x1F, 0x40, 0x7F, 0xF0, 0x00, 0x56, 0xF8, 0x00,
    0x00, 0xB4, 0x00, 0x01, 0xE0, 0x00, 0x07, 0xC0, 0x00, 0x3D, 0x3A, 0xAB, 0xE0, 0xBF, 0xF9, 0x00,
    0xF0, 0x00, 0x2E, 0xF0, 0x00, 0x7E, 0xF0, 0x00, 0xFE, 0xF0, 0x02, 0xDE, 0xF0, 0x03, 0x4E, 0xF0,
    0x0F, 0x0E, 0xF0, 0x1C, 0x0E, 0xF0, 0x34, 0x0E, 0xF0, 0xB0, 0x0E, 0xF1, 0xC0, 0x0E, 0xF3, 0x40,
    0x0E, 0xFA, 0x00, 0x0E, 0xFC, 0x00, 0x0E, 0xF4, 0x00, 0x0E, 0x00, 0x00, 0x00, 0x03, 0x83, 0xC0,
    0x01, 0xFF, 0x40, 0x00, 0x14, 0x00, 0x00, 0x00, 0x00, 0xF0, 0x00, 0x2E, 0xF0, 0x00, 0x7E, 0xF0,
    0x00, 0xFE, 0xF0, 0x02, 0xDE, 0xF0, 0x03, 0x4E, 0xF0, 0x0F, 0x0E, 0xF0, 0x1C, 0x0E, 0xF0, 0x34,
    0x0E, 0xF0, 0xB0, 0x0E, 0xF1, 0xC0, 0x0E, 0xF3, 0x40, 0x0E, 0xFA, 0x00, 0x0E, 0xFC, 0x00, 0x0E,
    0xF4, 0x00, 0x0E, 0xF0, 0x00, 0xF3, 0xC0, 0x0B, 0x4F, 0x00, 0x78, 0x3C, 0x03, 0xC0, 0xF0, 0x3C,
    0x03, 0xC2, 0xD0, 0x0F, 0xFF, 0x00, 0x3D, 0x7D, 0x00, 0xF0, 0x3C, 0x03, 0xC0, 0x78, 0x0F, 0x00,
    0xF4, 0x3C, 0x00, 0xF0, 0xF0, 0x01, 0xF3, 0xC0, 0x02, 0xD0, 0x01, 0xFF, 0xFF, 0x80, 0x79, 0x56,
    0xE0, 0x1D, 0x00, 0x78, 0x0B, 0x00, 0x1E, 0x02, 0xC0, 0x07, 0x80, 0xB0, 0x01, 0xE0, 0x2C, 0x00,
    0x78, 0x0F, 0x00, 0x1E, 0x03, 0xC0, 0x07, 0x80, 0xF0, 0x01, 0xE0, 0x38, 0x00, 0x78, 0x1D, 0x00,
    0x1E, 0x6F, 0x00, 0x07, 0xBF, 0x00, 0x01, 0xE0, 0xFC, 0x00, 0x00, 0xFF, 0xF4, 0x00, 0x07, 0xFE,
    0xF0, 0x00, 0x3F, 0xFA, 0xC0, 0x01, 0xDF, 0xE3, 0x80, 0x0B, 0x3F, 0x8F, 0x00, 0x38, 0xFF, 0x1D,
    0x02, 0xC3, 0xFC, 0x3C, 0x0F, 0x0F, 0xF0, 0xB0, 0x74, 0x3F, 0xC0, 0xE2, 0xC0, 0xFF, 0x03, 0xCE,
    0x03, 0xFC, 0x07, 0xF0, 0x0F, 0xF0, 0x0F, 0x80, 0x3F, 0xC0, 0x2D, 0x00, 0xF0, 0xF0, 0x00, 0x1D,
    0xF0, 0x00, 0x1D, 0xF0, 0x00, 0x1D, 0xF0, 0x00, 0x1D, 0xF0, 0x00, 0x1D, 0xF0, 0x00, 0x2D, 0xFF,
    0xFF, 0xFD, 0xF5, 0x55, 0x6D, 0xF0, 0x00, 0x1D, 0xF0, 0x00, 0x1D, 0xF0, 0x00, 0x1D, 0xF0, 0x00,
    0x1D, 0xF0, 0x00, 0x1D, 0xF0, 0x00, 0x1D, 0x00, 0xBF, 0xE0, 0x00, 0x7E, 0xAB, 0xD0, 0x1F, 0x00,
    0x0F, 0x43, 0xC0, 0x00, 0x3C, 0x78, 0x00, 0x02, 0xDB, 0x40, 0x00, 0x2D, 0xB4, 0x00, 0x01, 0xEB,
    0x40, 0x00, 0x1E, 0xB4, 0x00, 0x02, 0xD7, 0x80, 0x00, 0x2C, 0x3C, 0x00, 0x03, 0xC1, 0xF0, 0x00,
    0xF4, 0x07, 0xEA, 0xBD, 0x00, 0x0B, 0xFE, 0x00, 0xFF, 0xFF, 0xFD, 0xF5, 0x55, 0x7D, 0xF0, 0x00,
    0x2D, 0xF0, 0x00, 0x2D, 0xF0, 0x00, 0x2D, 0xF0, 0x00, 0x2D, 0xF0, 0x00, 0x2D, 0xF0, 0x00, 0x2D,
    0xF0, 0x00, 0x2D, 0xF0, 0x00, 0x2D, 0xF0, 0x00, 0x2D, 0xF0, 0x00, 0x2D, 0xF0, 0x00, 0x2D, 0xF0,
    0x00, 0x2D, 0xFF, 0xF9, 0x0F, 0x5A, 0xF8, 0xF0, 0x03, 0xCF, 0x00, 0x2D, 0xF0, 0x01, 0xDF, 0x00,
    0x3C, 0xF0, 0x1F, 0x8F, 0xFF, 0xD0, 0xF5, 0x40, 0x0F, 0x00, 0x00, 0xF0, 0x00, 0x0F, 0x00, 0x00,
    0xF0, 0x00, 0x0F, 0x00, 0x00, 0x00, 0x7F, 0xF8, 0x07, 0xFA, 0xBC, 0x1F, 0x00, 0x00, 0x3C, 0x00,
    0x00, 0x78, 0x00, 0x00, 0xB4, 0x00, 0x00, 0xB4, 0x00, 0x00, 0xB4, 0x00, 0x00, 0xB4, 0x00, 0x00,
    0x78, 0x00, 0x00, 0x3C, 0x00, 0x00, 0x2F, 0x00, 0x00, 0x0B, 0xF9, 0xAC, 0x00, 0xBF, 0xF8, 0xFF,
    0xFF, 0xFD, 0x55, 0xBD, 0x54, 0x00, 0x38, 0x00, 0x00, 0x38, 0x00, 0x00, 0x38, 0x00, 0x00, 0x38,
    0x00, 0x00, 0x38, 0x00, 0x00, 0x38, 0x00, 0x00, 0x38, 0x00, 0x00, 0x38, 0x00, 0x00, 0x38, 0x00,
    0x00, 0x38, 0x00, 0x00, 0x38, 0x00, 0x00, 0x38, 0x00, 0xB4, 0x00, 0x07, 0x8F, 0x00, 0x03, 0xC2,
    0xE0, 0x01, 0xE0, 0x3C, 0x00, 0xF0, 0x07, 0x80, 0x38, 0x00, 0xF0, 0x2C, 0x00, 0x1E, 0x0E, 0x00,
    0x03, 0xCB, 0x00, 0x00, 0x7B, 0x80, 0x00, 0x0F, 0xD0, 0x00, 0x01, 0xF0, 0x00, 0x00, 0xF0, 0x00,
    0x06, 0xF4, 0x00, 0x07, 0xF4, 0x00, 0x00, 0x00, 0x07, 0x80, 0x00, 0x0B, 0xFF, 0xF8, 0x01, 0xF9,
    0xB9, 0xBD, 0x0F, 0x01, 0xD0, 0x3C, 0xB4, 0x07, 0x40, 0x7B, 0xC0, 0x1D, 0x00, 0xFF, 0x00, 0x74,
    0x03, 0xFC, 0x01, 0xD0, 0x0F, 0xB4, 0x07, 0x40, 0x78, 0xF0, 0x1D, 0x03, 0xD2, 0xF4, 0xB8, 0x7E,
    0x01, 0xFF, 0xFF, 0xD0, 0x00, 0x1B, 0x90, 0x00, 0x00, 0x1D, 0x00, 0x00, 0x3C, 0x00, 0x2D, 0x0B,
    0x40, 0x0E, 0x00, 0xF0, 0x0F, 0x00, 0x0F, 0x0B, 0x40, 0x01, 0xD3, 0x80, 0x00, 0x3F, 0xC0, 0x00,
    0x03, 0xD0, 0x00, 0x01, 0xF8, 0x00, 0x00, 0xEB, 0x40, 0x00, 0xF0, 0xF0, 0x00, 0xB4, 0x1F, 0x00,
    0x38, 0x02, 0xD0, 0x3C, 0x00, 0x3C, 0x2D, 0x00, 0x07, 0xC0, 0xF0, 0x00, 0x2C, 0x0F, 0x00, 0x02,
    0xC0, 0xF0, 0x00, 0x2C, 0x0F, 0x00, 0x02, 0xC0, 0xF0, 0x00, 0x2C, 0x0F, 0x00, 0x02, 0xC0, 0xF0,
    0x00, 0x2C, 0x0F, 0x00, 0x02, 0xC0, 0xF0, 0x00, 0x2C, 0x0F, 0x00, 0x02, 0xC0, 0xF0, 0x00, 0x2C,
    0x0F, 0x00, 0x02, 0xC0, 0xFA, 0xAA, 0xBE, 0x8F, 0xFF, 0xFF, 0xFC, 0x00, 0x00, 0x02, 0xC0, 0x00,
    0x00, 0x2C, 0x00, 0x00, 0x02, 0xC0, 0x74, 0x00, 0x3D, 0xD0, 0x00, 0xF7, 0x40, 0x03, 0xDD, 0x00,
    0x0F, 0x74, 0x00, 0x3D, 0xE0, 0x00, 0xF3, 0xD0, 0x07, 0xC7, 0xFF, 0xFF, 0x01, 0xA5, 0x3C, 0x00,
    0x00, 0xF0, 0x00, 0x03, 0xC0, 0x00, 0x0F, 0x00, 0x00, 0x3C, 0x00, 0x00, 0xF0, 0xF0, 0x00, 0xE0,
    0x01, 0xEF, 0x00, 0x0E, 0x00, 0x1E, 0xF0, 0x00, 0xE0, 0x01, 0xEF, 0x00, 0x0E, 0x00, 0x1E, 0xF0,
    0x00, 0xE0, 0x01, 0xEF, 0x00, 0x0E, 0x00, 0x1E, 0xF0, 0x00, 0xE0, 0x01, 0xEF, 0x00, 0x0E, 0x00,
    0x1E, 0xF0, 0x00, 0xE0, 0x01, 0xEF, 0x00, 0x0E, 0x00, 0x1E, 0xF0, 0x00, 0xE0, 0x01, 0xEF, 0x00,
    0x0E, 0x00, 0x1E, 0xFA, 0xAA, 0xFA, 0xAB, 0xEF, 0xFF, 0xFF, 0xFF, 0xFE, 0xF0, 0x01, 0xE0, 0x02,
    0xC0, 0xF0, 0x01, 0xE0, 0x02, 0xC0, 0xF0, 0x01, 0xE0, 0x02, 0xC0, 0xF0, 0x01, 0xE0, 0x02, 0xC0,
    0xF0, 0x01, 0xE0, 0x02, 0xC0, 0xF0, 0x01, 0xE0, 0x02, 0xC0, 0xF0, 0x01, 0xE0, 0x02, 0xC0, 0xF0,
    0x01, 0xE0, 0x02, 0xC0, 0xF0, 0x01, 0xE0, 0x02, 0xC0, 0xF0, 0x01, 0xE0, 0x02, 0xC0, 0xF0, 0x01,
    0xE0, 0x02, 0xC0, 0xF0, 0x01, 0xE0, 0x02, 0xC0, 0xFA, 0xAA, 0xFA, 0xAB, 0xE8, 0xFF, 0xFF, 0xFF,
    0xFF, 0xFC, 0x00, 0x00, 0x00, 0x00, 0x2C, 0x00, 0x00, 0x00, 0x00, 0x2C, 0x00, 0x00, 0x00, 0x00,
    0x2C, 0xFF, 0xE0, 0x00, 0x05, 0x6E, 0x00, 0x00, 0x01, 0xE0, 0x00, 0x00, 0x1E, 0x00, 0x00, 0x01,
    0xE0, 0x00, 0x00, 0x1F, 0xFF, 0x80, 0x01, 0xE5, 0x6F, 0x40, 0x1E, 0x00, 0x7C, 0x01, 0xE0, 0x03,
    0xC0, 0x1E, 0x00, 0x3C, 0x01, 0xE0, 0x03, 0xC0, 0x1E, 0x00, 0x78, 0x01, 0xF5, 0xBF, 0x00, 0x1F,
    0xFF, 0x80, 0xF0, 0x00, 0x00, 0xEF, 0x00, 0x00, 0x0E, 0xF0, 0x00, 0x00, 0xEF, 0x00, 0x00, 0x0E,
    0xF0, 0x00, 0x00, 0xEF, 0xFF, 0x90, 0x0E, 0xFA, 0xAF, 0x80, 0xEF, 0x00, 0x3C, 0x0E, 0xF0, 0x02,
    0xD0, 0xEF, 0x00, 0x1E, 0x0E, 0xF0, 0x02, 0xD0, 0xEF, 0x00, 0x3C, 0x0E, 0xFA, 0xBF, 0x40, 0xEF,
    0xFF, 0x80, 0x0E, 0xF0, 0x00, 0x0F, 0x00, 0x00, 0xF0, 0x00, 0x0F, 0x00, 0x00, 0xF0, 0x00, 0x0F,
    0xFF, 0x90, 0xFA, 0xAF, 0x8F, 0x00, 0x3C, 0xF0, 0x02, 0xDF, 0x00, 0x1E, 0xF0, 0x02, 0xDF, 0x00,
    0x3C, 0xFA, 0xBF, 0x4F, 0xFF, 0x80, 0x1B, 0xFE, 0x40, 0x0B, 0xA6, 0xFC, 0x00, 0x00, 0x0B, 0xC0,
    0x00, 0x00, 0xB4, 0x00, 0x00, 0x0F, 0x00, 0x00, 0x03, 0xC0, 0x3F, 0xFF, 0xF0, 0x05, 0x55, 0x7C,
    0x00, 0x00, 0x0F, 0x00, 0x00, 0x03, 0xC0, 0x00, 0x02, 0xD0, 0x00, 0x02, 0xF0, 0x3E, 0x6B, 0xF0,
    0x07, 0xFF, 0x90, 0x00, 0xF0, 0x00, 0xBF, 0xE0, 0x0F, 0x00, 0x7E, 0xAB, 0xD0, 0xF0, 0x1F, 0x00,
    0x0F, 0x4F, 0x03, 0xC0, 0x00, 0x3C, 0xF0, 0x3C, 0x00, 0x03, 0xCF, 0x07, 0x80, 0x00, 0x2D, 0xFF,
    0xF4, 0x00, 0x01, 0xEF, 0x5B, 0x40, 0x00, 0x1E, 0xF0, 0x78, 0x00, 0x02, 0xDF, 0x03, 0xC0, 0x00,
    0x3C, 0xF0, 0x3C, 0x00, 0x03, 0xCF, 0x00, 0xF0, 0x00, 0xF4, 0xF0, 0x07, 0xEA, 0xBD, 0x0F, 0x00,
    0x0B, 0xFE, 0x00, 0x01, 0xBF, 0xFD, 0x0B, 0xE9, 0x7D, 0x0F, 0x00, 0x2D, 0x1D, 0x00, 0x2D, 0x1D,
    0x00, 0x2D, 0x1F, 0x00, 0x2D, 0x0B, 0xD0, 0x2D, 0x02, 0xFF, 0xFD, 0x00, 0xB9, 0x6D, 0x01, 0xF0,
    0x2D, 0x03, 0xC0, 0x2D, 0x0B, 0x40, 0x2D, 0x1F, 0x00, 0x2D, 0x3C, 0x00, 0x2D, 0x06, 0xFE, 0x40,
    0xF9, 0xBD, 0x00, 0x00, 0xE0, 0x00, 0x0F, 0x07, 0xFF, 0xF1, 0xF9, 0x5F, 0x3C, 0x00, 0xF3, 0xC0,
    0x0F, 0x3C, 0x02, 0xF2, 0xFA, 0xFF, 0x0B, 0xF8, 0xB0, 0x00, 0x1A, 0xE0, 0x0B, 0xFF, 0x40, 0xF9,
    0x00, 0x0F, 0x00, 0x00, 0x38, 0x00, 0x02, 0xC7, 0xF8, 0x0B, 0xFA, 0xBD, 0x3F, 0x00, 0x7C, 0xF4,
    0x00, 0xF3, 0xC0, 0x02, 0xDF, 0x00, 0x0B, 0x6C, 0x00, 0x2D, 0x74, 0x00, 0xF0, 0xF0, 0x07, 0x81,
    0xF9, 0xBC, 0x00, 0xBF, 0x80, 0x3F, 0xFE, 0x03, 0xD6, 0xBC, 0x38, 0x02, 0xD3, 0x80, 0x2D, 0x38,
    0x07, 0xC3, 0xFF, 0xF0, 0x39, 0x5B, 0xC3, 0x80, 0x0E, 0x38, 0x01, 0xE3, 0xD5, 0xBD, 0x3F, 0xFE,
    0x40, 0x3F, 0xFE, 0x3D, 0x55, 0x38, 0x00, 0x38, 0x00, 0x38, 0x00, 0x38, 0x00, 0x38, 0x00, 0x38,
    0x00, 0x38, 0x00, 0x38, 0x00, 0x38, 0x00, 0x03, 0xFF, 0xFC, 0x00, 0xF5, 0x6F, 0x00, 0x3C, 0x03,
    0xC0, 0x0E, 0x00, 0xF0, 0x03, 0x80, 0x3C, 0x00, 0xE0, 0x0F, 0x00, 0x74, 0x03, 0xC0, 0x2C, 0x00,
    0xF0, 0x0F, 0x00, 0x3C, 0x1B, 0x95, 0x6F, 0x4F, 0xFF, 0xFF, 0xF7, 0xC0, 0x00, 0x1D, 0xF0, 0x00,
    0x07, 0x58, 0x00, 0x00, 0x80, 0x07, 0xFD, 0x02, 0xFA, 0xF8, 0x78, 0x03, 0xCB, 0x00, 0x2D, 0xFF,
    0xFF, 0xEF, 0x55, 0x54, 0xF0, 0x00, 0x0B, 0x40, 0x00, 0x7C, 0x00, 0x02, 0xF9, 0xAC, 0x06, 0xFF,
    0x40, 0x38, 0x03, 0xC0, 0x3C, 0x2D, 0x03, 0xC0, 0xB4, 0x0F, 0x03, 0xC0, 0xE0, 0x07, 0x83, 0xC3,
    0xC0, 0x02, 0xD3, 0xC7, 0x40, 0x00, 0xFF, 0xFF, 0x00, 0x02, 0xD7, 0xDB, 0x40, 0x07, 0x83, 0xC3,
    0xC0, 0x0F, 0x03, 0xC0, 0xF0, 0x3D, 0x03, 0xC0, 0x78, 0x78, 0x03, 0xC0, 0x3D, 0x1F, 0xF9, 0x03,
    0xE6, 0xF4, 0x00, 0x03, 0xC0, 0x00, 0x38, 0x00, 0x1F, 0x40, 0xBF, 0xD0, 0x01, 0x5F, 0x40, 0x00,
    0x3C, 0x00, 0x03, 0xC7, 0xA6, 0xF8, 0x2F, 0xFD, 0x00, 0x38, 0x01, 0xF0, 0xE0, 0x0F, 0xC3, 0x80,
    0xBB, 0x0E, 0x03, 0x6C, 0x38, 0x2C, 0xB0, 0xE1, 0xD2, 0xC3, 0x8E, 0x0B, 0x0E, 0xB0, 0x2C, 0x3B,
    0x80, 0xB0, 0xFC, 0x02, 0xC3, 0xD0, 0x0B, 0x00, 0x00, 0x00, 0x00, 0x2D, 0x1D, 0x00, 0x3F, 0xE0,
    0x00, 0x04, 0x00, 0x38, 0x01, 0xF0, 0xE0, 0x0F, 0xC3, 0x80, 0xBB, 0x0E, 0x03, 0x6C, 0x38, 0x2C,
    0xB0, 0xE1, 0xD2, 0xC3, 0x8E, 0x0B, 0x0E, 0xB0, 0x2C, 0x3B, 0x80, 0xB0, 0xFC, 0x02, 0xC3, 0xD0,
    0x0B, 0x00, 0x38, 0x02, 0xD3, 0x80, 0x78, 0x38, 0x0F, 0x03, 0x82, 0xD0, 0x38, 0x78, 0x03, 0xFF,
    0x00, 0x39, 0xB8, 0x03, 0x82, 0xD0, 0x38, 0x0F, 0x03, 0x80, 0x7C, 0x38, 0x02, 0xE0, 0x03, 0xFF,
    0xF4, 0x0E, 0x56, 0xD0, 0x34, 0x07, 0x41, 0xD0, 0x1D, 0x07, 0x40, 0x74, 0x1C, 0x01, 0xD0, 0xB0,
    0x07, 0x42, 0xC0, 0x1D, 0x0F, 0x00, 0x76, 0xB8, 0x01, 0xDF, 0x80, 0x07, 0x40, 0x3D, 0x00, 0x07,
    0xC3, 0xF0, 0x00, 0xFC, 0x3F, 0x40, 0x1F, 0xC3, 0x78, 0x02, 0xEC, 0x36, 0xC0, 0x39, 0xC3, 0x4E,
    0x0B, 0x1C, 0x34, 0xB0, 0xE1, 0xC3, 0x47, 0x5C, 0x1C, 0x34, 0x3F, 0xC1, 0xC3, 0x41, 0xF4, 0x1C,
    0x34, 0x0F, 0x01, 0xC0, 0x38, 0x00, 0xF0, 0xE0, 0x03, 0xC3, 0x80, 0x0F, 0x0E, 0x00, 0x3C, 0x38,
    0x00, 0xF0, 0xFF, 0xFF, 0xC3, 0x95, 0x5F, 0x0E, 0x00, 0x3C, 0x38, 0x00, 0xF0, 0xE0, 0x03, 0xC3,
    0x80, 0x0F, 0x00, 0x07, 0xFE, 0x00, 0xBE, 0xAF, 0x07, 0xC0, 0x1E, 0x2D, 0x00, 0x3C, 0xF0, 0x00,
    0xB7, 0xC0, 0x02, 0xDF, 0x00, 0x0B, 0x6D, 0x00, 0x3C, 0x7C, 0x01, 0xE0, 0xBE, 0x6F, 0x00, 0x6F,
    0xE0, 0x00, 0x3F, 0xFF, 0xF3, 0xD5, 0x5F, 0x38, 0x00, 0xF3, 0x80, 0x0F, 0x38, 0x00, 0xF3, 0x80,
    0x0F, 0x38, 0x00, 0xF3, 0x80, 0x0F, 0x38, 0x00, 0xF3, 0x80, 0x0F, 0x38, 0x00, 0xF0, 0x34, 0xBF,
    0x40, 0xEE, 0xAF, 0x43, 0xD0, 0x0F, 0x0F, 0x00, 0x2D, 0x38, 0x00, 0x78, 0xE0, 0x01, 0xE3, 0x80,
    0x07, 0x8F, 0x00, 0x2D, 0x3D, 0x00, 0xF0, 0xFE, 0x6F, 0x43, 0x8B, 0xF4, 0x0E, 0x00, 0x00, 0x38,
    0x00, 0x00, 0xE0, 0x00, 0x03, 0x80, 0x00, 0x0E, 0x00, 0x00, 0x06, 0xFE, 0x0B, 0xE6, 0xC7, 0xC0,
    0x02, 0xD0, 0x00, 0xF0, 0x00, 0x3C, 0x00, 0x0F, 0x00, 0x03, 0xC0, 0x00, 0x7C, 0x00, 0x0B, 0xE6,
    0xC0, 0x7F, 0xE0, 0xBF, 0xFF, 0xD5, 0x6F, 0x54, 0x00, 0xE0, 0x00, 0x0E, 0x00, 0x00, 0xE0, 0x00,
    0x0E, 0x00, 0x00, 0xE0, 0x00, 0x0E, 0x00, 0x00, 0xE0, 0x00, 0x0E, 0x00, 0x00, 0xE0, 0x00, 0xF0,
    0x00, 0xB5, 0xE0, 0x03, 0xC3, 0xC0, 0x1E, 0x0B, 0x40, 0xB4, 0x0E, 0x03, 0xC0, 0x3C, 0x1D, 0x00,
    0x74, 0xB0, 0x00, 0xF3, 0x80, 0x02, 0xDD, 0x00, 0x03, 0xF0, 0x00, 0x0F, 0x80, 0x00, 0x2C, 0x00,
    0x00, 0xF0, 0x00, 0x0B, 0x40, 0x05, 0xB8, 0x00, 0x2F, 0x80, 0x00, 0x00, 0x0E, 0x00, 0x00, 0x00,
    0xE0, 0x00, 0x00, 0x0E, 0x00, 0x00, 0x00, 0xE0, 0x00, 0x02, 0xFF, 0xE4, 0x01, 0xFA, 0xEB, 0xE0,
    0x3C, 0x0E, 0x0B, 0x8B, 0x40, 0xE0, 0x3C, 0xF0, 0x0E, 0x02, 0xDF, 0x00, 0xE0, 0x2D, 0xF0, 0x0E,
    0x02, 0xCB, 0x40, 0xE0, 0x3C, 0x3C, 0x0E, 0x0B, 0x81, 0xFA, 0xEB, 0xE0, 0x02, 0xFF, 0xE4, 0x00,
    0x00, 0xE0, 0x00, 0x00, 0x0E, 0x00, 0x00, 0x00, 0xE0, 0x00, 0x00, 0x0E, 0x00, 0x00, 0x00, 0xE0,
    0x00, 0x7C, 0x00, 0xF0, 0xB4, 0x0F, 0x00, 0xF0, 0xB4, 0x00, 0xF7, 0x80, 0x01, 0xFC, 0x00, 0x03,
    0xE0, 0x00, 0x2F, 0xC0, 0x01, 0xE3, 0xC0, 0x0F, 0x07, 0x80, 0xB4, 0x0B, 0x47, 0x80, 0x0F, 0x00,
    0x38, 0x00, 0xF0, 0x38, 0x00, 0xF0, 0x38, 0x00, 0xF0, 0x38, 0x00, 0xF0, 0x38, 0x00, 0xF0, 0x38,
    0x00, 0xF0, 0x38, 0x00, 0xF0, 0x38, 0x00, 0xF0, 0x38, 0x00, 0xF0, 0x3E, 0xAA, 0xF9, 0x3F, 0xFF,
    0xFE, 0x00, 0x00, 0x0E, 0x00, 0x00, 0x0E, 0x00, 0x00, 0x09, 0xF0, 0x01, 0xEF, 0x00, 0x1E, 0xF0,
    0x01, 0xEB, 0x00, 0x1E, 0xB4, 0x01, 0xE7, 0xD0, 0x7E, 0x2F, 0xFF, 0xE0, 0x14, 0x1E, 0x00, 0x01,
    0xE0, 0x00, 0x1E, 0x00, 0x01, 0xE0, 0x78, 0x02, 0xC0, 0x0F, 0x78, 0x02, 0xC0, 0x0F, 0x78, 0x02,
    0xC0, 0x0F, 0x78, 0x02, 0xC0, 0x0F, 0x78, 0x02, 0xC0, 0x0F, 0x78, 0x02, 0xC0, 0x0F, 0x78, 0x02,
    0xC0, 0x0F, 0x78, 0x02, 0xC0, 0x0F, 0x78, 0x02, 0xC0, 0x0F, 0x7E, 0xAB, 0xEA, 0xAF, 0x7F, 0xFF,
    0xFF, 0xFF, 0x38, 0x02, 0xC0, 0x0F, 0x03, 0x80, 0x2C, 0x00, 0xF0, 0x38, 0x02, 0xC0, 0x0F, 0x03,
    0x80, 0x2C, 0x00, 0xF0, 0x38, 0x02, 0xC0, 0x0F, 0x03, 0x80, 0x2C, 0x00, 0xF0, 0x38, 0x02, 0xC0,
    0x0F, 0x03, 0x80, 0x2C, 0x00, 0xF0, 0x38, 0x02, 0xC0, 0x0F, 0x03, 0xEA, 0xBE, 0xAA, 0xF8, 0x3F,
    0xFF, 0xFF, 0xFF, 0xD0, 0x00, 0x00, 0x00, 0x1D, 0x00, 0x00, 0x00, 0x01, 0xD0, 0x00, 0x00, 0x00,
    0x08, 0xBF, 0xC0, 0x00, 0x15, 0xF0, 0x00, 0x00, 0x2C, 0x00, 0x00, 0x0B, 0x40, 0x00, 0x02, 0xFF,
    0xF4, 0x00, 0xB5, 0x5F, 0x80, 0x2C, 0x00, 0xF0, 0x0B, 0x00, 0x3C, 0x02, 0xC0, 0x0F, 0x00, 0xB9,
    0x6F, 0x40, 0x2F, 0xFE, 0x40, 0x38, 0x00, 0x03, 0xC3, 0x80, 0x00, 0x3C, 0x38, 0x00, 0x03, 0xC3,
    0x80, 0x00, 0x3C, 0x3F, 0xFE, 0x03, 0xC3, 0x95, 0xBC, 0x3C, 0x38, 0x03, 0xC3, 0xC3, 0x80, 0x2D,
    0x3C, 0x38, 0x03, 0xC3, 0xC3, 0xD6, 0xF8, 0x3C, 0x3F, 0xFD, 0x03, 0xC0, 0x38, 0x00, 0x03, 0x80,
    0x00, 0x38, 0x00, 0x03, 0x80, 0x00, 0x3F, 0xFE, 0x03, 0x95, 0xBC, 0x38, 0x02, 0xD3, 0x80, 0x2D,
    0x38, 0x03, 0xC3, 0xD6, 0xF8, 0x3F, 0xFD, 0x00, 0x2F, 0xF4, 0x03, 0xAB, 0xF0, 0x00, 0x0B, 0x80,
    0x00, 0x3C, 0x00, 0x03, 0xC0, 0xFF, 0xFD, 0x05, 0x57, 0xC0, 0x00, 0x3C, 0x00, 0x07, 0x83, 0x9B,
    0xF0, 0x2F, 0xF4, 0x00, 0x38, 0x02, 0xFE, 0x00, 0xE0, 0x3E, 0x6F, 0x43, 0x82, 0xD0, 0x0F, 0x0E,
    0x0F, 0x00, 0x2D, 0x38, 0x78, 0x00, 0x78, 0xFF, 0xE0, 0x01, 0xE3, 0x97, 0x80, 0x07, 0x8E, 0x0F,
    0x00, 0x2D, 0x38, 0x2D, 0x00, 0xF0, 0xE0, 0x3E, 0x6F, 0x43, 0x80, 0x2F, 0xE0, 0x00, 0x02, 0xFF,
    0xF4, 0x7E, 0x57, 0xD2, 0xD0, 0x0B, 0x4B, 0x40, 0x2D, 0x1F, 0x40, 0xB4, 0x1F, 0xFF, 0xD0, 0x1E,
    0x5B, 0x40, 0xF0, 0x2D, 0x0B, 0x40, 0xB4, 0x7C, 0x02, 0xD3, 0xC0, 0x0B, 0x40, 0x07, 0xC0, 0x00,
    0x1E, 0x00, 0x00, 0x70, 0x00, 0x00, 0x00, 0x07, 0xFD, 0x02, 0xFA, 0xF8, 0x78, 0x03, 0xCB, 0x00,
    0x2D, 0xFF, 0xFF, 0xEF, 0x55, 0x54, 0xF0, 0x00, 0x0B, 0x40, 0x00, 0x7C, 0x00, 0x02, 0xF9, 0xAC,
    0x06, 0xFF, 0x40, 0x0B, 0x0E, 0x00, 0xF0, 0xF0, 0x00, 0x00, 0x00, 0x7F, 0xD0, 0x2F, 0xAF, 0x87,
    0x80, 0x3C, 0xB0, 0x02, 0xDF, 0xFF, 0xFE, 0xF5, 0x55, 0x4F, 0x00, 0x00, 0xB4, 0x00, 0x07, 0xC0,
    0x00, 0x2F, 0x9A, 0xC0, 0x6F, 0xF4, 0x0E, 0x00, 0x00, 0x1E, 0x00, 0x00, 0xFF, 0xFE, 0x00, 0x5F,
    0x54, 0x00, 0x0E, 0x2F, 0xD0, 0x0F, 0xEA, 0xF4, 0x0F, 0x40, 0x3C, 0x0F, 0x00, 0x2C, 0x0F, 0x00,
    0x2C, 0x0E, 0x00, 0x2C, 0x0E, 0x00, 0x2C, 0x0E, 0x00, 0x2C, 0x0E, 0x00, 0x2C, 0x0E, 0x00, 0x2C,
    0x0E, 0x00, 0x2C, 0x00, 0x00, 0x2C, 0x00, 0x00, 0x2C, 0x00, 0x00, 0x3C, 0x00, 0x09, 0xB8, 0x00,
    0x0F, 0xE0, 0x00, 0x3C, 0x00, 0xF0, 0x02, 0xC0, 0x00, 0x00, 0x3F, 0xFE, 0x3D, 0x55, 0x38, 0x00,
    0x38, 0x00, 0x38, 0x00, 0x38, 0x00, 0x38, 0x00, 0x38, 0x00, 0x38, 0x00, 0x38, 0x00, 0x38, 0x00,
    0x06, 0xFE, 0x0B, 0xEA, 0xC7, 0xC0, 0x02, 0xD0, 0x00, 0xF0, 0x00, 0x3F, 0xFF, 0x4F, 0x55, 0x43,
    0xC0, 0x00, 0x78, 0x00, 0x0B, 0xE6, 0x80, 0x7F, 0xE0, 0x07, 0xFE, 0x0B, 0xAA, 0xD3, 0x80, 0x00,
    0xF0, 0x00, 0x1F, 0x80, 0x00, 0xBF, 0x40, 0x01, 0xF4, 0x00, 0x0F, 0x00, 0x03, 0x8E, 0x9B, 0xD2,
    0xFF, 0x90, 0x39, 0xE0, 0x0E, 0x38, 0xE3, 0x8E, 0x38, 0xE3, 0x8E, 0x38, 0xE0, 0x73, 0x9C, 0xE0,
    0x00, 0x78, 0x1E, 0x07, 0x81, 0xE0, 0x78, 0x1E, 0x07, 0x81, 0xE0, 0x78, 0x1E, 0x07, 0x80, 0x00,
    0xE0, 0x0E, 0x00, 0x00, 0x00, 0x00, 0xE0, 0x0E, 0x00, 0xE0, 0x0E, 0x00, 0xE0, 0x0E, 0x00, 0xE0,
    0x0E, 0x00, 0xE0, 0x0E, 0x00, 0xE0, 0x0E, 0x00, 0xE0, 0x1D, 0x2B, 0xC3, 0xF4, 0x03, 0xFF, 0xF0,
    0x00, 0x00, 0xE5, 0x7C, 0x00, 0x00, 0x34, 0x0B, 0x00, 0x00, 0x1D, 0x02, 0xD0, 0x00, 0x07, 0x40,
    0xBF, 0xFD, 0x01, 0xC0, 0x2D, 0x57, 0xD0, 0xB0, 0x0B, 0x00, 0x3C, 0x2C, 0x02, 0xC0, 0x0F, 0x0F,
    0x00, 0xB0, 0x07, 0xEB, 0x80, 0x2E, 0x5B, 0xDF, 0x80, 0x0B, 0xFF, 0x80, 0x38, 0x00, 0xF0, 0x00,
    0x0E, 0x00, 0x3C, 0x00, 0x03, 0x80, 0x0F, 0x00, 0x00, 0xE0, 0x03, 0xC0, 0x00, 0x38, 0x00, 0xF0,
    0x00, 0x0F, 0xFF, 0xFF, 0xFF, 0x43, 0x95, 0x5F, 0x56, 0xF0, 0xE0, 0x03, 0xC0, 0x1E, 0x38, 0x00,
    0xF0, 0x07, 0x8E, 0x00, 0x3D, 0x6B, 0xC3, 0x80, 0x0F, 0xFF, 0x80, 0x1E, 0x00, 0x00, 0xFF, 0xFF,
    0x00, 0x5F, 0x55, 0x00, 0x0E, 0x00, 0x00, 0x0E, 0x2F, 0xD0, 0x0F, 0xEA, 0xF8, 0x0F, 0x40, 0x3C,
    0x0F, 0x00, 0x2C, 0x0F, 0x00, 0x2C, 0x0E, 0x00, 0x2D, 0x0E, 0x00, 0x2D, 0x0E, 0x00, 0x2D, 0x0E,
    0x00, 0x2D, 0x0E, 0x00, 0x2D, 0x0E, 0x00, 0x2D, 0x00, 0x0F, 0x00, 0x03, 0xC0, 0x00, 0xB0, 0x00,
    0x00, 0x00, 0x38, 0x02, 0xD3, 0x80, 0x78, 0x38, 0x0F, 0x03, 0x82, 0xD0, 0x38, 0x78, 0x03, 0xFF,
    0x00, 0x39, 0xB8, 0x03, 0x82, 0xD0, 0x38, 0x0F, 0x03, 0x80, 0x7C, 0x38, 0x02, 0xE0, 0x03, 0xD0,
    0x00, 0x03, 0xC0, 0x00, 0x03, 0x80, 0x00, 0x00, 0x00, 0x38, 0x01, 0xF0, 0xE0, 0x0F, 0xC3, 0x80,
    0xBB, 0x0E, 0x03, 0x6C, 0x38, 0x2C, 0xB0, 0xE1, 0xD2, 0xC3, 0x8E, 0x0B, 0x0E, 0xB0, 0x2C, 0x3B,
    0x80, 0xB0, 0xFC, 0x02, 0xC3, 0xD0, 0x0B, 0x00, 0x00, 0x00, 0x00, 0x2D, 0x1D, 0x00, 0x3F, 0xE0,
    0x00, 0x04, 0x00, 0xF0, 0x00, 0xB5, 0xE0, 0x03, 0xC3, 0xC0, 0x1E, 0x0B, 0x40, 0xB4, 0x0E, 0x03,
    0xC0, 0x3C, 0x1D, 0x00, 0x74, 0xB0, 0x00, 0xF3, 0x80, 0x02, 0xDD, 0x00, 0x03, 0xF0, 0x00, 0x0F,
    0x80, 0x00, 0x2C, 0x00, 0x00, 0xF0, 0x00, 0x0B, 0x40, 0x05, 0xB8, 0x00, 0x2F, 0x80, 0x00, 0x38,
    0x00, 0xF3, 0x80, 0x0F, 0x38, 0x00, 0xF3, 0x80, 0x0F, 0x38, 0x00, 0xF3, 0x80, 0x0F, 0x38, 0x00,
    0xF3, 0x80, 0x0F, 0x38, 0x00, 0xF3, 0xEA, 0xAF, 0x3F, 0xFF, 0xF0, 0x0B, 0x00, 0x00, 0xB0, 0x00,
    0x0B, 0x00, 0x78, 0x00, 0xB4, 0x00, 0x79, 0xE0, 0x02, 0xD0, 0x01, 0xD3, 0xC0, 0x07, 0x80, 0x07,
    0x4F, 0x00, 0x1E, 0x00, 0x2D, 0x3C, 0x00, 0x7C, 0x00, 0xB0, 0xB4, 0x03, 0xF0, 0x03, 0xC1, 0xE0,
    0x0F, 0xD0, 0x0E, 0x03, 0xC0, 0xB7, 0xC0, 0x78, 0x0B, 0x43, 0xCF, 0x02, 0xC0, 0x1E, 0x1D, 0x1E,
    0x0F, 0x00, 0x3C, 0xB0, 0x3C, 0x74, 0x00, 0x7B, 0x80, 0x77, 0xC0, 0x00, 0xFD, 0x00, 0xFD, 0x00,
    0x01, 0xF0, 0x01, 0xF0, 0x00, 0xB0, 0x03, 0xC0, 0x0F, 0x74, 0x03, 0xC0, 0x0F, 0x74, 0x03, 0xC0,
    0x0E, 0x38, 0x02, 0xD0, 0x1D, 0x3C, 0x02, 0xE0, 0x2C, 0x2C, 0x03, 0xF0, 0x3C, 0x0E, 0x0B, 0xB0,
    0x78, 0x0F, 0x0D, 0x74, 0xB0, 0x07, 0x6C, 0x3C, 0xE0, 0x03, 0xF4, 0x1F, 0xC0, 0x01, 0xF0, 0x0F,
    0x40, 0x02, 0xD0, 0x00, 0x1A, 0xFA, 0xA4, 0x0F, 0xFF, 0xFD, 0x00, 0x0B, 0x40, 0x00, 0x02, 0xD0,
    0x00, 0x00, 0xB4, 0x00, 0x00, 0x2F, 0xFF, 0x80, 0x0B, 0x95, 0xBC, 0x02, 0xD0, 0x07, 0x80, 0xB4,
    0x00, 0xF0, 0x2D, 0x00, 0x3C, 0x0B, 0x40, 0x2E, 0x02, 0xEA, 0xBF, 0x00, 0xBF, 0xFE, 0x00, 0x07,
    0x40, 0x00, 0x01, 0xD0, 0x00, 0x0F, 0xFF, 0xF0, 0x01, 0x6E, 0x54, 0x00, 0x07, 0x40, 0x00, 0x01,
    0xD0, 0x00, 0x00, 0x78, 0x00, 0x00, 0x1F, 0xFF, 0xE0, 0x07, 0x95, 0x6F, 0x01, 0xD0, 0x03, 0xC0,
    0x74, 0x00, 0xF0, 0x1E, 0x56, 0xF8, 0x07, 0xFF, 0xF4, 0x00, 0xF0, 0x00, 0x1F, 0xFE, 0x3C, 0x00,
    0x7F, 0x9B, 0xCF, 0x00, 0x7C, 0x00, 0x03, 0xC0, 0x3C, 0x00, 0x00, 0xF0, 0x1E, 0x00, 0x00, 0x3C,
    0x0B, 0x40, 0x00, 0x0F, 0xFF, 0xFF, 0xFF, 0x43, 0xD5, 0xF9, 0x55, 0x40, 0xF0, 0x2D, 0x00, 0x00,
    0x3C, 0x07, 0x80, 0x00, 0x0F, 0x00, 0xF0, 0x00, 0x03, 0xC0, 0x1F, 0x00, 0x00, 0xF0, 0x01, 0xFE,
    0x6B, 0x3C, 0x00, 0x0B, 0xFF, 0x80, 0x38, 0x00, 0xBF, 0xD3, 0x80, 0x3E, 0xAD, 0x38, 0x0F, 0x40,
    0x03, 0x80, 0xE0, 0x00, 0x38, 0x2E, 0x00, 0x03, 0xFF, 0xFF, 0xF8, 0x39, 0x6E, 0x55, 0x03, 0x81,
    0xE0, 0x00, 0x38, 0x0F, 0x00, 0x03, 0x80, 0x7E, 0xAA, 0x38, 0x00, 0xBF, 0xD0, 0x00, 0x0F, 0x00,
    0x00, 0x00, 0x7E, 0x00, 0x00, 0x03, 0xEC, 0x00, 0x00, 0x1D, 0x38, 0x00, 0x00, 0xF0, 0xF0, 0x00,
    0x03, 0x81, 0xD0, 0x00, 0x2F, 0xFF, 0xC0, 0x00, 0xFB, 0xEF, 0x40, 0x0B, 0x4F, 0x0F, 0x00, 0x3C,
    0x3C, 0x2C, 0x01, 0xD0, 0xF0, 0x78, 0x0F, 0x03, 0xC0, 0xF0, 0x78, 0x0F, 0x01, 0xE3, 0xC0, 0x3C,
    0x03, 0xC0, 0x00, 0x7D, 0x00, 0x00, 0xFE, 0x00, 0x01, 0xDB, 0x00, 0x02, 0xC3, 0x80, 0x03, 0xC3,
    0xC0, 0x0B, 0xFF, 0xD0, 0x0F, 0x7D, 0xF0, 0x1D, 0x3C, 0xB4, 0x3C, 0x3C, 0x38, 0x78, 0x3C, 0x2C,
    0xB0, 0x3C, 0x1E, 0xF0, 0x00, 0x3D, 0x00, 0x0F, 0x00, 0x07, 0xF0, 0x00, 0xF0, 0x00, 0xF7, 0x40,
    0x0F, 0x00, 0x0E, 0x38, 0x00, 0xF0, 0x02, 0xC2, 0xC0, 0x0F, 0x00, 0x3C, 0x1E, 0x00, 0xFF, 0xFF,
    0xFF, 0xF0, 0x0F, 0x55, 0xF6, 0xDB, 0x40, 0xF0, 0x1D, 0x2C, 0x3C, 0x0F, 0x03, 0xC2, 0xC2, 0xD0,
    0xF0, 0x78, 0x2C, 0x0F, 0x0F, 0x0F, 0x02, 0xC0, 0xB0, 0xF0, 0xF0, 0x2C, 0x07, 0x8F, 0x2D, 0x02,
    0xC0, 0x3C, 0x38, 0x00, 0xF8, 0x00, 0x38, 0x01, 0xFC, 0x00, 0x38, 0x03, 0xDD, 0x00, 0x38, 0x07,
    0x4F, 0x00, 0x38, 0x0B, 0x0B, 0x40, 0x3F, 0xFF, 0xFF, 0xC0, 0x39, 0x7D, 0xB7, 0xC0, 0x38, 0x3C,
    0xB1, 0xE0, 0x38, 0x74, 0xB0, 0xF0, 0x38, 0xF0, 0xB0, 0x74, 0x39, 0xD0, 0xB0, 0x3C, 0x1F, 0xFF,
    0xFF, 0xE0, 0x3E, 0x55, 0x5F, 0x40, 0x7C, 0x00, 0xB4, 0x00, 0x78, 0x0B, 0x40, 0x00, 0x78, 0x78,
    0x00, 0x00, 0xBB, 0x80, 0x00, 0x2F, 0xFF, 0xE0, 0x01, 0xF6, 0xE7, 0xE0, 0x0F, 0x07, 0x83, 0xC0,
    0x78, 0x1E, 0x07, 0x82, 0xD0, 0x78, 0x0F, 0x0F, 0x01, 0xE0, 0x3C, 0x78, 0x07, 0x80, 0x76, 0xD0,
    0x1E, 0x00, 0xF0, 0x2F, 0xFF, 0xFF, 0x00, 0xF9, 0x57, 0xD0, 0x03, 0x80, 0x74, 0x00, 0x1E, 0x1E,
    0x00, 0x00, 0xBB, 0xC0, 0x00, 0x7F, 0xFF, 0x80, 0x0F, 0x0E, 0x2D, 0x01, 0xD0, 0xE0, 0xF0, 0x3C,
    0x0E, 0x0B, 0x07, 0x80, 0xE0, 0x78, 0xB0, 0x0E, 0x03, 0xC0, 0xF0, 0x3F, 0xFF, 0xFF, 0xC3, 0xC0,
    0xBD, 0x55, 0x6E, 0x0F, 0x00, 0xF4, 0x00, 0xF0, 0x3C, 0x00, 0xF0, 0x0F, 0x00, 0xF0, 0x00, 0xF0,
    0xF0, 0x03, 0xC0, 0x01, 0xFF, 0x00, 0x0F, 0xFF, 0xFF, 0xFF, 0xD0, 0x3D, 0x57, 0xE7, 0xDB, 0xC0,
    0xF0, 0x1D, 0x0F, 0x07, 0x83, 0xC0, 0xF0, 0x3C, 0x0F, 0x0F, 0x03, 0x80, 0xF0, 0x2D, 0x3C, 0x2D,
    0x03, 0xC0, 0x78, 0xF0, 0xF0, 0x0F, 0x00, 0xF3, 0xC3, 0xC0, 0x3C, 0x02, 0xC0, 0x38, 0x3F, 0xFF,
    0xFC, 0x0E, 0x0B, 0x95, 0x6F, 0x03, 0x80, 0xF0, 0x0F, 0x00, 0xE0, 0x0F, 0x0F, 0x00, 0x38, 0x01,
    0xFB, 0x00, 0x0F, 0xFF, 0xFF, 0xF8, 0x03, 0x96, 0xF7, 0xDB, 0x80, 0xE0, 0xF0, 0xF0, 0xF0, 0x38,
    0x74, 0x3C, 0x1E, 0x0E, 0x3C, 0x0F, 0x03, 0xC3, 0x9E, 0x03, 0xC0, 0x74, 0x00, 0x00, 0x00, 0x0B,
    0x42, 0xF0, 0x02, 0xDB, 0x90, 0x00, 0xFD, 0x00, 0x0B, 0xFF, 0xD0, 0x3E, 0x41, 0xF0, 0x00, 0x00,
    0x78, 0x00, 0x00, 0x38, 0x00, 0x00, 0xB4, 0x00, 0x06, 0xE0, 0x0B, 0xFE, 0x00, 0x01, 0x5B, 0xE0,
    0x00, 0x00, 0x78, 0x00, 0x00, 0x3C, 0x00, 0x00, 0x3C, 0x00, 0x00, 0xB8, 0x01, 0x5B, 0xF0, 0x2F,
    0xFF, 0x80, 0x7C, 0x00, 0x00, 0x7C, 0x00, 0x00, 0x2F, 0xFF, 0xF8, 0x01, 0x55, 0x54, 0x00, 0x00,
    0x01, 0xD0, 0xBC, 0x0B, 0x6E, 0x40, 0x3F, 0x80, 0x3F, 0xFE, 0x03, 0x95, 0xF8, 0x00, 0x03, 0xC0,
    0x00, 0x3C, 0x00, 0x1F, 0x40, 0x3F, 0xD0, 0x01, 0x5B, 0x80, 0x00, 0x2C, 0x00, 0x03, 0xC0, 0x56,
    0xF8, 0x3F, 0xFD, 0x0B, 0x40, 0x00, 0xB4, 0x00, 0x03, 0xFF, 0xFC, 0x01, 0x55, 0x80, 0x3C, 0x07,
    0x40, 0xB0, 0xF0, 0x1D, 0x02, 0xC3, 0xC0, 0x74, 0x0B, 0x0F, 0x01, 0xD0, 0x2C, 0x3C, 0x07, 0x40,
    0xB0, 0xF0, 0x1D, 0x03, 0xC3, 0xC0, 0x74, 0x0F, 0x0B, 0x81, 0xD0, 0x78, 0x0F, 0x97, 0x9B, 0xC0,
    0x0B, 0xFF, 0xF8, 0x00, 0x00, 0xB9, 0x00, 0x00, 0x01, 0xD0, 0x00, 0x00, 0x07, 0x40, 0x00, 0x00,
    0x1D, 0x00, 0x00, 0x00, 0x0E, 0x00, 0x00, 0x00, 0xE0, 0x00, 0x00, 0x0E, 0x00, 0x00, 0x00, 0xE0,
    0x00, 0x74, 0x0E, 0x03, 0x87, 0x40, 0xE0, 0x3C, 0x74, 0x0E, 0x03, 0xC7, 0x40, 0xE0, 0x2C, 0x74,
    0x0E, 0x02, 0xC7, 0x40, 0xE0, 0x2C, 0x78, 0x0E, 0x03, 0xC3, 0x80, 0xE0, 0x3C, 0x3D, 0x0E, 0x0F,
    0x40, 0xFE, 0xFB, 0xE0, 0x02, 0xFF, 0xE4, 0x00, 0x00, 0xE0, 0x00, 0x00, 0x0E, 0x00, 0x00, 0x00,
    0xE0, 0x00, 0x00, 0x0E, 0x00, 0x00, 0x00, 0xE0, 0x00, 0x00, 0xBF, 0xE4, 0x00, 0x7E, 0x9B, 0xE0,
    0x1F, 0x00, 0x0B, 0x83, 0xC0, 0x00, 0x3D, 0x78, 0x00, 0x01, 0xEB, 0x40, 0x00, 0x1F, 0xBF, 0xFF,
    0xFF, 0xFB, 0x95, 0x55, 0x5F, 0xB4, 0x00, 0x00, 0xF7, 0x80, 0x00, 0x1E, 0x3C, 0x00, 0x03, 0xD1,
    0xF0, 0x00, 0xB8, 0x0B, 0xE9, 0xBE, 0x00, 0x0B, 0xFE, 0x40, 0x06, 0xFE, 0x00, 0x7E, 0xAF, 0x03,
    0xC0, 0x1F, 0x2D, 0x00, 0x3C, 0xF4, 0x00, 0xB7, 0xFF, 0xFF, 0xDF, 0x55, 0x5B, 0x6D, 0x00, 0x2C,
    0x3C, 0x00, 0xF0, 0x7E, 0xAF, 0x00, 0x2F, 0xE0, 0x00, 0xF0, 0x00, 0x03, 0xF7, 0x80, 0x00, 0xFA,
    0x3C, 0x00, 0x1E, 0x02, 0xD0, 0x03, 0xC0, 0x1E, 0x00, 0x38, 0x00, 0xF0, 0x07, 0x40, 0x0B, 0x40,
    0xF0, 0x00, 0x3C, 0x0E, 0x00, 0x03, 0xC2, 0xD0, 0x00, 0x1E, 0x3C, 0x00, 0x00, 0xF3, 0x80, 0x00,
    0x0B, 0xB4, 0x00, 0x00, 0x3F, 0x00, 0x00, 0x03, 0xE0, 0x00, 0xF0, 0x00, 0x7C, 0x74, 0x00, 0xF8,
    0x3C, 0x01, 0xD0, 0x2C, 0x02, 0xC0, 0x1E, 0x03, 0x80, 0x0F, 0x07, 0x40, 0x0B, 0x4B, 0x00, 0x03,
    0x8E, 0x00, 0x03, 0xDD, 0x00, 0x01, 0xFC, 0x00, 0x00, 0xF8, 0x00, 0x0F, 0x1F, 0x00, 0x00, 0x38,
    0x74, 0x00, 0x00, 0xD1, 0xC0, 0x00, 0x00, 0x00, 0x00, 0x00, 0x00, 0x00, 0x0F, 0x00, 0x00, 0x3F,
    0x78, 0x00, 0x0F, 0xA3, 0xC0, 0x01, 0xE0, 0x2D, 0x00, 0x3C, 0x01, 0xE0, 0x03, 0x80, 0x0F, 0x00,
    0x74, 0x00, 0xB4, 0x0F, 0x00, 0x03, 0xC0, 0xE0, 0x00, 0x3C, 0x2D, 0x00, 0x01, 0xE3, 0xC0, 0x00,
    0x0F, 0x38, 0x00, 0x00, 0xBB, 0x40, 0x00, 0x03, 0xF0, 0x00, 0x00, 0x3E, 0x00, 0x00, 0x3C, 0x78,
    0x00, 0x0E, 0x1D, 0x00, 0x03, 0x47, 0x00, 0x00, 0x00, 0x00, 0xF0, 0x00, 0x7C, 0x74, 0x00, 0xF8,
    0x3C, 0x01, 0xD0, 0x2C, 0x02, 0xC0, 0x1E, 0x03, 0x80, 0x0F, 0x07, 0x40, 0x0B, 0x4B, 0x00, 0x03,
    0x8E, 0x00, 0x03, 0xDD, 0x00, 0x01, 0xFC, 0x00, 0x00, 0xF8, 0x00, 0x01, 0xBF, 0xD0, 0x00, 0x00,
    0x00, 0x02, 0xF9, 0xBF, 0x00, 0x00, 0x00, 0x02, 0xE0, 0x01, 0xE0, 0x00, 0x00, 0x00, 0xF0, 0x00,
    0x3D, 0x3C, 0x00, 0x3C, 0x78, 0x00, 0x07, 0x8B, 0x40, 0x0E, 0x2D, 0x00, 0x00, 0xF0, 0xE0, 0x0B,
    0x4B, 0x40, 0x00, 0x3C, 0x3C, 0x03, 0xC2, 0xD0, 0x00, 0x0F, 0x07, 0x40, 0xE0, 0xB4, 0x00, 0x03,
    0xC0, 0xF0, 0xB0, 0x1E, 0x00, 0x01, 0xE0, 0x2C, 0x3C, 0x03, 0xC0, 0x00, 0xF4, 0x03, 0x9D, 0x00,
    0xB8, 0x00, 0xB8, 0x00, 0xBB, 0x00, 0x0B, 0xE6, 0xFC, 0x00, 0x1F, 0x80, 0x00, 0x6F, 0xE4, 0x00,
    0x03, 0xD0, 0x00, 0x00, 0x00, 0x00, 0x00, 0xF0, 0x00, 0x00, 0x00, 0x00, 0x00, 0x78, 0x00, 0x00,
    0x00, 0x00, 0x00, 0x3C, 0x00, 0x00, 0x00, 0x00, 0x02, 0xBD, 0x00, 0x00, 0x00, 0x00, 0x00, 0xFD,
    0x00, 0x00, 0x06, 0xFE, 0x02, 0xD0, 0x01, 0xE1, 0xF9, 0xBC, 0x0E, 0x00, 0x2C, 0x3C, 0x01, 0xF0,
    0xF0, 0x03, 0xCB, 0x40, 0x0F, 0x07, 0x80, 0x74, 0xF0, 0x00, 0xB4, 0x3C, 0x0F, 0x0F, 0x00, 0x07,
    0x42, 0xD0, 0xE0, 0xF0, 0x00, 0xB4, 0x0E, 0x1D, 0x0B, 0x40, 0x0F, 0x00, 0xF3, 0xC0, 0x3C, 0x01,
    0xF0, 0x07, 0x78, 0x01, 0xF9, 0xBC, 0x00, 0x3F, 0x00, 0x02, 0xFE, 0x00, 0x02, 0xF0, 0x00, 0x00,
    0x00, 0x00, 0x1D, 0x00, 0x00, 0x00, 0x00, 0x03, 0xC0, 0x00, 0x00, 0x00, 0x00, 0x78, 0x00, 0x00,
    0x00, 0x01, 0x6F, 0x00, 0x00, 0x00, 0x00, 0x2F, 0x80, 0x00, 0x00, 0x0B, 0x80, 0x00, 0x01, 0xFF,
    0xD0, 0x00, 0x7F, 0xFF, 0xF4, 0x03, 0xE2, 0xE2, 0xF4, 0x3E, 0x00, 0x01, 0xF1, 0xF0, 0x00, 0x03,
    0xDB, 0x40, 0x00, 0x07, 0xAD, 0x00, 0x00, 0x1E, 0xB4, 0x00, 0x00, 0x3E, 0xD0, 0x00, 0x01, 0xEB,
    0x80, 0x00, 0x07, 0x8F, 0x00, 0x00, 0x3D, 0x3E, 0x00, 0x01, 0xF0, 0x3F, 0x6E, 0x2F, 0x40, 0x3F,
    0xFF, 0xF4, 0x00, 0x1B, 0xFD, 0x00, 0x00, 0x0B, 0x80, 0x00, 0x00, 0x3C, 0x00, 0x06, 0xFF, 0x80,
    0x1F, 0x7D, 0xF0, 0x3C, 0x00, 0x3C, 0xB4, 0x00, 0x2D, 0xF0, 0x00, 0x1D, 0xF0, 0x00, 0x1E, 0xF0,
    0x00, 0x1D, 0xB4, 0x00, 0x2D, 0x3C, 0x00, 0x3C, 0x1F, 0x7D, 0xF0, 0x02, 0xFF, 0x80, 0x00, 0x3C,
    0x00, 0x00, 0x00, 0x00, 0x00, 0x00, 0x00, 0x07, 0xF9, 0x40, 0x00, 0x00, 0x0E, 0x6F, 0xE0, 0x00,
    0x00, 0x04, 0x74, 0x00, 0x00, 0x00, 0x00, 0x78, 0x00, 0x00, 0x00, 0x00, 0x24, 0x00, 0x00, 0x00,
    0x00, 0xA0, 0x00, 0x00, 0x00, 0x00, 0x00, 0x00, 0x00, 0x01, 0xFE, 0x01, 0xFE, 0x00, 0x0F, 0xEB,
    0x43, 0xAB, 0xD0, 0x2E, 0x00, 0x00, 0x00, 0xF0, 0x3C, 0x00, 0x00, 0x00, 0x78, 0x74, 0x00, 0x00,
    0x00, 0x3C, 0xB4, 0x00, 0x00, 0x00, 0x3C, 0xB0, 0x00, 0x00, 0x00, 0x3C, 0xB0, 0x00, 0x10, 0x00,
    0x3C, 0xB4, 0x00, 0x78, 0x00, 0x3C, 0x78, 0x00, 0x78, 0x00, 0x38, 0x3C, 0x00, 0x78, 0x00, 0xB4,
    0x2E, 0x00, 0x78, 0x01, 0xF0, 0x0B, 0xEA, 0xFF, 0xAB, 0xC0, 0x01, 0xFF, 0x86, 0xFE, 0x00, 0x00,
    0x00, 0x00, 0x00, 0x00, 0x0B, 0xF9, 0x00, 0x00, 0x03, 0x9B, 0xF4, 0x00, 0x00, 0x4B, 0x04, 0x00,
    0x00, 0x01, 0xD0, 0x00, 0x00, 0x00, 0x30, 0x00, 0x00, 0x00, 0x20, 0x00, 0x00, 0x00, 0x00, 0x00,
    0x00, 0x07, 0xF8, 0x0B, 0xF4, 0x0B, 0xEA, 0x02, 0xAF, 0x43, 0xC0, 0x00, 0x00, 0xF2, 0xD0, 0x00,
    0x00, 0x2D, 0xB0, 0x00, 0x00, 0x07, 0xBC, 0x00, 0x60, 0x01, 0xEB, 0x00, 0x2D, 0x00, 0x7A, 0xD0,
    0x0B, 0x40, 0x2D, 0x3C, 0x02, 0xD0, 0x0F, 0x0B, 0xEB, 0xFE, 0xAF, 0x40, 0x7F, 0xD1, 0xFE, 0x40,
    0x00, 0x00, 0x00, 0x00, 0x00, 0x00, 0x7F, 0xFF, 0xC0, 0x00, 0x00, 0xD7, 0x59, 0x00, 0x00, 0x00,
    0x00, 0x00, 0x00, 0x00, 0x00, 0x00, 0x00, 0x01, 0xE0, 0x02, 0xD0, 0x01, 0xE7, 0x80, 0x0B, 0x40,
    0x07, 0x4F, 0x00, 0x1E, 0x00, 0x1D, 0x3C, 0x00, 0x78, 0x00, 0xB4, 0xF0, 0x01, 0xF0, 0x02, 0xC2,
    0xD0, 0x0F, 0xC0, 0x0F, 0x07, 0x80, 0x3F, 0x40, 0x38, 0x0F, 0x02, 0xDF, 0x01, 0xE0, 0x2D, 0x0F,
    0x3C, 0x0B, 0x00, 0x78, 0x74, 0x78, 0x3C, 0x00, 0xF2, 0xC0, 0xF1, 0xD0, 0x01, 0xEE, 0x01, 0xDF,
    0x00, 0x03, 0xF4, 0x03, 0xF4, 0x00, 0x07, 0xC0, 0x07, 0xC0, 0x00, 0x00, 0xFF, 0xFF, 0x00, 0x00,
    0xA6, 0xDB, 0x00, 0x00, 0x00, 0x00, 0x00, 0xB0, 0x03, 0xC0, 0x0F, 0x74, 0x03, 0xC0, 0x0F, 0x74,
    0x03, 0xC0, 0x0E, 0x38, 0x02, 0xD0, 0x1D, 0x3C, 0x02, 0xE0, 0x2C, 0x2C, 0x03, 0xF0, 0x3C, 0x0E,
    0x0B, 0xB0, 0x78, 0x0F, 0x0D, 0x74, 0xB0, 0x07, 0x6C, 0x3C, 0xE0, 0x03, 0xF4, 0x1F, 0xC0, 0x01,
    0xF0, 0x0F, 0x40, 0x00, 0x7F, 0xF9, 0x07, 0xF9, 0xBD, 0x1F, 0x40, 0x00, 0x3D, 0x00, 0x00, 0x78,
    0x00, 0x00, 0xB4, 0x00, 0x00, 0xB4, 0x00, 0x00, 0xB4, 0x00, 0x00, 0xB4, 0x00, 0x00, 0x78, 0x00,
    0x00, 0x3C, 0x00, 0x00, 0x1F, 0x00, 0x00, 0x07, 0xE9, 0x80, 0x00, 0xBF, 0xD0, 0x00, 0x02, 0xD0,
    0x00, 0x02, 0xD0, 0x00, 0x02, 0xD0, 0x00, 0x02, 0xD0, 0x00, 0x02, 0xD0, 0x06, 0xFF, 0x47, 0xEA,
    0xC3, 0xC0, 0x02, 0xD0, 0x00, 0xF0, 0x00, 0x3C, 0x00, 0x0F, 0x00, 0x02, 0xD0, 0x00, 0x7C, 0x00,
    0x0B, 0xE6, 0x40, 0x6F, 0xD0, 0x00, 0x74, 0x00, 0x1D, 0x00, 0x07, 0x40, 0x01, 0xD0, 0x00, 0x74,
    0x00, 0x00, 0x00, 0x00, 0x03, 0x00, 0x10, 0x2C, 0x00, 0xF4, 0xD0, 0x00, 0xBF, 0x00, 0x00, 0x7E,
    0x00, 0x03, 0x9F, 0x54, 0x1C, 0x04, 0xB9, 0xE0, 0x00, 0x7F, 0x00, 0x00, 0x7F, 0x40, 0x03, 0xCB,
    0x80, 0x1D, 0x00, 0x00, 0x60, 0x00, 0x00, 0x00, 0x00, 0x00, 0x00, 0x0A, 0x7F, 0xFF, 0x74, 0x00,
    0x00, 0x00, 0x00, 0x00, 0x01, 0xBF, 0x4B, 0xF9, 0xB0, 0x00, 0x04, 0x3C, 0x38, 0x28, 0x00, 0x2C,
    0x1D, 0x2C, 0x10, 0x00, 0x00, 0x7F, 0xD4, 0xB6, 0xFF, 0x40, 0x00, 0x00, 0x00, 0x00, 0x00, 0x00,
    0x00, 0x00, 0x00, 0x0F, 0xE0, 0x00, 0x00, 0x00, 0x00, 0x29, 0x74, 0x00, 0x00, 0x00, 0x00, 0x00,
    0x00, 0x00, 0x00, 0x03, 0xF8, 0x00, 0x00, 0x2F, 0x80, 0x06, 0x5C, 0x00, 0x00, 0x75, 0xD0, 0x04,
    0x00, 0x00, 0x00, 0x00, 0x00, 0x00, 0x00, 0x00, 0x00, 0x00, 0x00, 0x00, 0x00, 0x00, 0x00, 0x00,
    0x00, 0x00, 0x00, 0x00, 0x00, 0x00, 0x00, 0x3F, 0x40, 0x00, 0x00, 0x01, 0xFC, 0xA5, 0xC0, 0x00,
    0x00, 0x03, 0x5A, 0x40, 0x00, 0x00, 0x00, 0x00, 0x01, 0x00, 0x00, 0x00, 0x00, 0x00, 0x00, 0x00,
    0x00, 0x00, 0x00, 0x00, 0x00, 0x00, 0x00, 0x00, 0x00, 0x00, 0x00, 0x03, 0xF8, 0x00, 0x00, 0x3F,
    0x80, 0x0A, 0x5D, 0x00, 0x00, 0x65, 0xD0, 0x00, 0x00, 0x00, 0x00, 0x00, 0x00, 0x00, 0x00, 0x0F,
    0xE0, 0x00, 0x00, 0x00, 0x00, 0x29, 0x70, 0x00, 0x00, 0x00, 0x00, 0x00, 0x00, 0x00, 0x00, 0x00,
    0x00, 0x00, 0xC0, 0x00, 0x00, 0x00, 0x00, 0x01, 0xC0, 0x00, 0x00, 0x00, 0x00, 0x03, 0xC0, 0x00,
    0x00, 0x00, 0xD0, 0x03, 0x80, 0x00, 0x00, 0x00, 0x70, 0x00, 0x00, 0x1F, 0x80, 0x00, 0x3C, 0x00,
    0x00, 0xBD, 0x00, 0x00, 0x2C, 0x00, 0x00, 0x20, 0x00, 0x00, 0x00, 0x00, 0x00, 0x00, 0x00, 0x00,
    0x00, 0x00, 0x00, 0x00, 0x00, 0x00, 0x00, 0x00, 0x00, 0x00, 0x00, 0x7E, 0x40, 0x00, 0x00, 0x03,
    0xE0, 0x1B, 0xC0, 0x00, 0x00, 0x02, 0xFD, 0x00, 0x00, 0x00, 0x00, 0x00, 0x00, 0x00, 0x00, 0x00,
    0x00, 0x00, 0x00, 0x00, 0x00, 0x00, 0x00, 0x00, 0x00, 0x00, 0x00, 0x00, 0x00, 0x00, 0x00, 0x00,
    0x1C, 0x00, 0x00, 0x38, 0x00, 0x00, 0xBD, 0x00, 0x00, 0x2C, 0x00, 0x02, 0xD0, 0x02, 0xC0, 0x0E,
    0x00, 0x00, 0x00, 0x03, 0xC0, 0x02, 0x00, 0x00, 0x00, 0x03, 0x80, 0x00, 0x00, 0x00, 0x00, 0x03,
    0x00, 0x00, 0x00, 0x05, 0x00, 0x50, 0x00, 0xB4, 0x1E, 0x00, 0x03, 0xFF, 0xC0, 0x00, 0x01, 0x40,
    0x00, 0x00, 0x00, 0x00, 0x0F, 0x00, 0x01, 0xF0, 0xF0, 0x00, 0x3F, 0x0F, 0x00, 0x0F, 0xB0, 0xF0,
    0x01, 0xCB, 0x0F, 0x00, 0x34, 0xB0, 0xF0, 0x0F, 0x0F, 0x0F, 0x02, 0xC0, 0xF0, 0xF0, 0x34, 0x0F,
    0x0F, 0x0F, 0x00, 0xF0, 0xE2, 0xC0, 0x0F, 0x0E, 0x34, 0x00, 0xF0, 0xEF, 0x00, 0x0F, 0x0F, 0xC0,
    0x00, 0xF0, 0xF4, 0x00, 0x0F, 0xF0, 0x00, 0x00, 0x1E, 0x00, 0x00, 0x02, 0xC0, 0x00, 0x00, 0x3C,
    0x00, 0x00, 0x07, 0x80, 0x05, 0x00, 0x50, 0x03, 0xC0, 0x38, 0x00, 0x78, 0x3C, 0x00, 0x0F, 0xFE,
    0x00, 0x00, 0x14, 0x00, 0x0E, 0x00, 0x3E, 0x03, 0x80, 0x2F, 0x80, 0xE0, 0x0E, 0xE0, 0x38, 0x0F,
    0x38, 0x0E, 0x07, 0x4E, 0x03, 0x83, 0x83, 0x80, 0xD2, 0xC0, 0xE0, 0x35, 0xD0, 0x38, 0x0D, 0xE0,
    0x0E, 0x03, 0xF0, 0x03, 0x80, 0xF4, 0x00, 0xFD, 0x00, 0x00, 0x0B, 0x00, 0x00, 0x03, 0xC0, 0x00,
    0x00, 0xE0, 0x00, 0x00, 0xB4, 0x0F, 0x00, 0x00, 0x6F, 0xA8, 0x00, 0xBF, 0xFD, 0x00, 0x0F, 0x00,
    0x00, 0x0F, 0x00, 0x00, 0x0F, 0x00, 0x00, 0x0F, 0xFF, 0xD0, 0x0F, 0x55, 0xFC, 0x0F, 0x00, 0x2D,
    0x0F, 0x00, 0x1E, 0x0F, 0x00, 0x1E, 0x0F, 0x00, 0x3D, 0x0F, 0xAA, 0xF8, 0x0F, 0xFF, 0x90, 0x09,
    0x00, 0x00, 0x0E, 0x00, 0x00, 0x1E, 0x00, 0x00, 0xFF, 0xF8, 0x00, 0x5E, 0x50, 0x00, 0x0E, 0x00,
    0x00, 0x0E, 0x00, 0x00, 0x0E, 0x00, 0x00, 0x0E, 0x00, 0x00, 0x0E, 0x00, 0x00, 0x0F, 0xFF, 0xE0,
    0x0E, 0x55, 0xBC, 0x0E, 0x00, 0x2C, 0x0E, 0x00, 0x3C, 0x0F, 0x56, 0xF8, 0x0F, 0xFF, 0xE0, 0xFF,
    0xF9, 0x0F, 0x5A, 0xF8, 0xF0, 0x03, 0xDF, 0x00, 0x1E, 0xF0, 0x01, 0xEF, 0x0B, 0x2D, 0xF0, 0x7F,
    0xCF, 0xFF, 0xF0, 0xF5, 0x4B, 0x0F, 0x00, 0x20, 0xF0, 0x00, 0x0F, 0x00, 0x00, 0xF0, 0x00, 0x0F,
    0x00, 0x00, 0x34, 0xBF, 0x40, 0xEE, 0xAF, 0x43, 0xD0, 0x0F, 0x0F, 0x00, 0x2D, 0x38, 0x00, 0x78,
    0xE0, 0x01, 0xE3, 0x80, 0x07, 0x8F, 0x02, 0x2D, 0x3D, 0x0E, 0xF0, 0xFE, 0x7F, 0x43, 0x8B, 0xFC,
    0x0E, 0x00, 0x3C, 0x38, 0x00, 0x00, 0xE0, 0x00, 0x03, 0x80, 0x00, 0x0E, 0x00, 0x00, 0x00, 0x02,
    0x40, 0x00, 0xE0, 0x00, 0x38, 0x00, 0x0E, 0xFF, 0xFF, 0xBD, 0x55, 0x5F, 0x00, 0x03, 0xC0, 0x00,
    0xF0, 0x00, 0x3C, 0x00, 0x0F, 0x00, 0x03, 0xC0, 0x00, 0xF0, 0x00, 0x3C, 0x00, 0x0F, 0x00, 0x03,
    0xC0, 0x00, 0xF0, 0x00, 0x3C, 0x00, 0x00, 0x00, 0x0E, 0x00, 0x0E, 0x00, 0x0E, 0x3F, 0xFE, 0x3D,
    0x55, 0x38, 0x00, 0x38, 0x00, 0x38, 0x00, 0x38, 0x00, 0x38, 0x00, 0x38, 0x00, 0x38, 0x00, 0x38,
    0x00, 0x38, 0x00, 0x0F, 0xFF, 0xF8, 0x3D, 0x55, 0x50, 0xF0, 0x00, 0x03, 0xC0, 0x00, 0x0F, 0x00,
    0x00, 0x3C, 0x00, 0x0B, 0xFF, 0xF0, 0x07, 0xD5, 0x40, 0x0F, 0x00, 0x00, 0x3C, 0x00, 0x00, 0xF0,
    0x00, 0x03, 0xC0, 0x00, 0x0F, 0x00, 0x00, 0x3C, 0x00, 0x00, 0x1F, 0xFF, 0x87, 0xD5, 0x51, 0xE0,
    0x00, 0x78, 0x00, 0x1E, 0x00, 0x3F, 0xFF, 0x05, 0xE5, 0x40, 0x78, 0x00, 0x1E, 0x00, 0x07, 0x80,
    0x01, 0xE0, 0x00, 0xFF, 0xFF, 0x83, 0xD5, 0x55, 0x0F, 0x00, 0x00, 0x3C, 0x00, 0x00, 0xF0, 0x00,
    0x03, 0xC0, 0x00, 0x0F, 0xFF, 0xD0, 0x3D, 0x5B, 0xF0, 0xF0, 0x02, 0xF3, 0xC0, 0x03, 0xDF, 0x00,
    0x07, 0xBC, 0x00, 0x0E, 0xF0, 0x00, 0x3F, 0xC0, 0x00, 0xE0, 0x00, 0x07, 0x80, 0x00, 0x2D, 0x00,
    0x01, 0xF0, 0x2A, 0xAF, 0x00, 0x7F, 0xE0, 0x00, 0x3F, 0xFE, 0x03, 0xD5, 0x50, 0x38, 0x00, 0x03,
    0x80, 0x00, 0x38, 0x00, 0x03, 0xFF, 0x80, 0x3D, 0x6F, 0x43, 0x80, 0x3C, 0x38, 0x02, 0xD3, 0x80,
    0x1D, 0x38, 0x01, 0xD0, 0x00, 0x1D, 0x00, 0x02, 0xD0, 0x00, 0x3C, 0x06, 0xAF, 0x40, 0x7F, 0x90,
    0x78, 0x00, 0xF0, 0x03, 0xC0, 0xB8, 0x03, 0xC0, 0x3D, 0x00, 0xB4, 0x0F, 0x02, 0xD0, 0x00, 0xF0,
    0x3C, 0x1E, 0x00, 0x00, 0xF0, 0xF1, 0xE0, 0x00, 0x00, 0xF3, 0xCF, 0x00, 0x00, 0x01, 0xEF, 0xF0,
    0x00, 0x00, 0x0B, 0xBE, 0xD0, 0x00, 0x00, 0x78, 0xF3, 0xC0, 0x00, 0x03, 0xC3, 0xC3, 0xC0, 0x00,
    0x3C, 0x0F, 0x07, 0xC0, 0x03, 0xD0, 0x3C, 0x07, 0x80, 0x2D, 0x00, 0xF0, 0x0B, 0xA6, 0xE0, 0x03,
    0xC0, 0x0F, 0xD0, 0x00, 0x00, 0x00, 0x07, 0x40, 0x00, 0x00, 0x00, 0x1D, 0x00, 0x00, 0x00, 0x00,
    0x74, 0x00, 0x00, 0x00, 0x01, 0xD0, 0x3C, 0x03, 0x80, 0x78, 0x07, 0x80, 0xE0, 0x3C, 0x00, 0x78,
    0x38, 0x3C, 0x00, 0x0B, 0x4E, 0x3C, 0x00, 0x00, 0xB7, 0xAD, 0x00, 0x00, 0x0F, 0xFF, 0x00, 0x00,
    0x0F, 0x39, 0xE0, 0x00, 0x0F, 0x0E, 0x2D, 0x00, 0x0B, 0x43, 0x82, 0xD0, 0x0B, 0x40, 0xE0, 0x3D,
    0x4B, 0x80, 0x38, 0x03, 0xF4, 0x00, 0x00, 0x00, 0x2D, 0x00, 0x00, 0x00, 0x0B, 0x40, 0x00, 0x00,
    0x02, 0xD0, 0x00, 0x00, 0x00, 0x50, 0x1B, 0xFE, 0x40, 0xBA, 0xAF, 0x80, 0x00, 0x0F, 0x00, 0x00,
    0x2D, 0x00, 0x00, 0xF0, 0x00, 0x1F, 0x40, 0x7F, 0xF0, 0x00, 0x56, 0xF8, 0x00, 0x00, 0xB4, 0x00,
    0x01, 0xE0, 0x00, 0x07, 0xC0, 0x00, 0x3D, 0x3A, 0xAB, 0xE0, 0xBF, 0xF9, 0x00, 0x03, 0x40, 0x00,
    0x07, 0x00, 0x00, 0x0D, 0x00, 0x02, 0xB0, 0x00, 0x0F, 0x80, 0x00, 0x1F, 0xF9, 0x03, 0xE6, 0xF4,
    0x00, 0x03, 0xC0, 0x00, 0x38, 0x00, 0x1F, 0x40, 0xBF, 0xD0, 0x01, 0x5F, 0x40, 0x00, 0x3C, 0x00,
    0x03, 0xC7, 0xA6, 0xF8, 0x2F, 0xFD, 0x00, 0x0E, 0x00, 0x00, 0x70, 0x00, 0x03, 0x40, 0x01, 0xB4,
    0x00, 0x2E, 0x00, 0xF0, 0x00, 0xF0, 0xF0, 0x03, 0xC0, 0xF0, 0x0F, 0x40, 0xF0, 0x3D, 0x00, 0xF0,
    0xF4, 0x00, 0xF3, 0xD0, 0x00, 0xFF, 0x40, 0x00, 0xFB, 0x80, 0x00, 0xF2, 0xE0, 0x00, 0xF0, 0xB8,
    0x00, 0xF0, 0x2E, 0x00, 0xF0, 0x0B, 0x80, 0xF0, 0x03, 0xE9, 0xF0, 0x00, 0xFE, 0x00, 0x00, 0x0E,
    0x00, 0x00, 0x0E, 0x00, 0x00, 0x0E, 0x00, 0x00, 0x0E, 0x38, 0x03, 0xC0, 0xE0, 0x3C, 0x03, 0x83,
    0xC0, 0x0E, 0x2D, 0x00, 0x3A, 0xD0, 0x00, 0xFF, 0x00, 0x03, 0x9E, 0x00, 0x0E, 0x2E, 0x00, 0x38,
    0x2E, 0x00, 0xE0, 0x2E, 0x83, 0x80, 0x3F, 0x40, 0x00, 0x1D, 0x00, 0x00, 0x74, 0x00, 0x01, 0xD0,
    0x00, 0x01, 0x00, 0xF0, 0x00, 0xF3, 0xC0, 0x0F, 0x0F, 0x34, 0xF0, 0x3C, 0xEF, 0x00, 0xF3, 0xF0,
    0x03, 0xCF, 0x00, 0x0F, 0xF4, 0x00, 0x3D, 0xF0, 0x00, 0xF3, 0xF0, 0x03, 0xCF, 0xF0, 0x0F, 0x36,
    0xE0, 0x3C, 0x02, 0xE0, 0xF0, 0x02, 0xE3, 0xC0, 0x03, 0xD0, 0x38, 0x03, 0xC3, 0x8C, 0xF0, 0x38,
    0xFC, 0x03, 0x8F, 0x40, 0x3A, 0xD0, 0x03, 0xFC, 0x00, 0x39, 0xE0, 0x03, 0x8F, 0x80, 0x38, 0xED,
    0x03, 0x8C, 0xB4, 0x38, 0x03, 0xD0, 0x0F, 0x00, 0x0F, 0x03, 0xC0, 0x0B, 0x4B, 0xFF, 0x07, 0x80,
    0x7D, 0x43, 0xC0, 0x0F, 0x03, 0xC0, 0x03, 0xC2, 0xD0, 0x00, 0xFF, 0xF0, 0x00, 0x3D, 0x7D, 0x00,
    0x0F, 0x03, 0xC0, 0x03, 0xC0, 0x78, 0x00, 0xF0, 0x0F, 0x40, 0x3C, 0x00, 0xF0, 0x0F, 0x00, 0x1F,
    0x03, 0xC0, 0x02, 0xD0, 0x0E, 0x00, 0x00, 0x78, 0x00, 0x0F, 0xFF, 0xD0, 0x17, 0x95, 0x00, 0x0E,
    0x00, 0xF0, 0x38, 0x0F, 0x00, 0xE0, 0xF0, 0x03, 0x8B, 0x00, 0x0E, 0xB4, 0x00, 0x3F, 0xC0, 0x00,
    0xE7, 0x80, 0x03, 0x8B, 0x80, 0x0E, 0x0B, 0x80, 0x38, 0x0B, 0x40, 0xE0, 0x0F, 0x40, 0xFF, 0xD0,
    0x01, 0xE1, 0x5B, 0x40, 0x1E, 0x00, 0x1D, 0x01, 0xE0, 0x00, 0x74, 0x1F, 0x00, 0x01, 0xD1, 0xF0,
    0x00, 0x07, 0x5F, 0x00, 0x00, 0x1E, 0xF0, 0x00, 0x00, 0x7B, 0xD0, 0x00, 0x01, 0xD3, 0xD0, 0x00,
    0x07, 0x43, 0xC0, 0x00, 0x1D, 0x03, 0xC0, 0x00, 0x74, 0x07, 0xC0, 0x01, 0xD0, 0x07, 0xC0, 0x07,
    0x40, 0x07, 0xC0, 0xBF, 0xE0, 0x0F, 0x15, 0xB8, 0x0F, 0x00, 0x0E, 0x0B, 0x40, 0x03, 0x8B, 0x40,
    0x00, 0xEB, 0x40, 0x00, 0x3F, 0xC0, 0x00, 0x0E, 0x7C, 0x00, 0x03, 0x87, 0x80, 0x00, 0xE0, 0x78,
    0x00, 0x38, 0x0B, 0x80, 0x0E, 0x00, 0xB4, 0xF0, 0x00, 0x1D, 0x0F, 0x00, 0x01, 0xD0, 0xF0, 0x00,
    0x1D, 0x0F, 0x00, 0x01, 0xD0, 0xF0, 0x00, 0x1D, 0x0F, 0x00, 0x02, 0xD0, 0xFF, 0xFF, 0xFD, 0x0F,
    0x55, 0x56, 0xD0, 0xF0, 0x00, 0x1D, 0x0F, 0x00, 0x01, 0xD0, 0xF0, 0x00, 0x1D, 0x0F, 0x00, 0x01,
    0xD0, 0xF0, 0x00, 0x1D, 0x0F, 0x00, 0x01, 0xFC, 0x00, 0x00, 0x02, 0xC0, 0x00, 0x00, 0x2C, 0x00,
    0x00, 0x02, 0xC0, 0x00, 0x00, 0x2C, 0x38, 0x00, 0x78, 0x0E, 0x00, 0x1E, 0x03, 0x80, 0x07, 0x80,
    0xE0, 0x01, 0xE0, 0x38, 0x00, 0x78, 0x0F, 0xFF, 0xFE, 0x03, 0x95, 0x5B, 0x80, 0xE0, 0x01, 0xE0,
    0x38, 0x00, 0x78, 0x0E, 0x00, 0x1E, 0x03, 0x80, 0x07, 0xF0, 0x00, 0x00, 0x2C, 0x00, 0x00, 0x0B,
    0x00, 0x00, 0x02, 0xC0, 0x00, 0x00, 0xB0, 0xF0, 0x00, 0x1F, 0xFF, 0xC0, 0x00, 0x79, 0x5F, 0x00,
    0x01, 0xD0, 0x3C, 0x00, 0x07, 0x40, 0xF0, 0x00, 0x1D, 0x03, 0xC0, 0x00, 0xB4, 0x0F, 0xFF, 0xFF,
    0xD0, 0x3D, 0x55, 0x5B, 0x40, 0xF0, 0x00, 0x1D, 0x03, 0xC0, 0x00, 0x74, 0x0F, 0x00, 0x01, 0xD0,
    0x3C, 0x00, 0x07, 0x40, 0xF0, 0x00, 0x1D, 0x03, 0xC0, 0x00, 0x74, 0x00, 0x38, 0x00, 0x7F, 0xF0,
    0xE0, 0x01, 0xE5, 0x43, 0x80, 0x07, 0x80, 0x0E, 0x00, 0x1E, 0x00, 0x38, 0x00, 0x78, 0x00, 0xFF,
    0xFF, 0xE0, 0x03, 0x95, 0x5B, 0x80, 0x0E, 0x00, 0x1E, 0x00, 0x38, 0x00, 0x78, 0x00, 0xE0, 0x01,
    0xE0, 0x03, 0x80, 0x07, 0x80, 0x00, 0xFF, 0xFF, 0xF8, 0x00, 0x00, 0xF5, 0x55, 0xB8, 0x00, 0x00,
    0xF0, 0x00, 0x38, 0x00, 0x00, 0xF0, 0x00, 0x38, 0x00, 0x00, 0xF0, 0x00, 0x38, 0x00, 0x00, 0xF0,
    0x00, 0x38, 0x00, 0x00, 0xF0, 0x00, 0x3F, 0xFE, 0x00, 0xF0, 0x00, 0x3D, 0x5B, 0xD0, 0xF0, 0x00,
    0x38, 0x00, 0xF0, 0xF0, 0x00, 0x38, 0x00, 0x78, 0xF0, 0x00, 0x38, 0x00, 0x3C, 0xF0, 0x00, 0x38,
    0x00, 0x3C, 0xF0, 0x00, 0x38, 0x00, 0x2C, 0xF0, 0x00, 0x38, 0x00, 0x3C, 0x00, 0x00, 0x00, 0x00,
    0x3C, 0x00, 0x00, 0x00, 0x00, 0x78, 0x00, 0x00, 0x00, 0x00, 0xF4, 0x00, 0x00, 0x03, 0x9B, 0xE0,
    0x00, 0x00, 0x02, 0xFE, 0x40, 0x3F, 0xFF, 0xF0, 0x00, 0x0F, 0x55, 0x7C, 0x00, 0x03, 0x80, 0x0F,
    0x00, 0x00, 0xE0, 0x03, 0xC0, 0x00, 0x38, 0x00, 0xF0, 0x00, 0x0E, 0x00, 0x3F, 0xF8, 0x03, 0x80,
    0x0F, 0x5B, 0xC0, 0xE0, 0x03, 0xC0, 0x7C, 0x38, 0x00, 0xF0, 0x0F, 0x0E, 0x00, 0x3C, 0x02, 0xD3,
    0x80, 0x0F, 0x00, 0xB4, 0x00, 0x00, 0x00, 0x2D, 0x00, 0x00, 0x00, 0x0B, 0x00, 0x00, 0x00, 0x03,
    0xC0, 0x00, 0x00, 0xEB, 0xD0, 0x00, 0x00, 0x2F, 0xD0, 0x01, 0xBF, 0x80, 0x00, 0x2F, 0x95, 0x00,
    0x02, 0xE0, 0x0F, 0xF0, 0x0F, 0x00, 0xF9, 0xF0, 0x78, 0x07, 0x81, 0xE2, 0xD0, 0x2D, 0x03, 0xCB,
    0x40, 0xB0, 0x0F, 0x2D, 0x02, 0xC0, 0x3C, 0xB4, 0x0B, 0x40, 0xF1, 0xE0, 0x1E, 0x07, 0x83, 0xC0,
    0x3C, 0x3C, 0x07, 0xC0, 0xBA, 0xE0, 0x0B, 0xEA, 0xFF, 0x00, 0x02, 0xFF, 0xBF, 0xD0, 0x00, 0x00,
    0x05, 0x00, 0x07, 0xF8, 0x00, 0x2F, 0x90, 0x00, 0x3C, 0x0B, 0xF0, 0xB4, 0x2E, 0x7C, 0xF0, 0x3C,
    0x2C, 0xF0, 0x38, 0x2C, 0xF0, 0x3C, 0x2C, 0xB4, 0x3C, 0x3C, 0x3C, 0x1E, 0xB4, 0x1F, 0x9F, 0xF5,
    0x06, 0xFE, 0xFE, 0x00, 0x7F, 0xF8, 0x07, 0xF9, 0xBC, 0x0F, 0x40, 0x00, 0x3C, 0x00, 0x00, 0x78,
    0x00, 0x00, 0xB4, 0x00, 0x00, 0xB4, 0x00, 0x00, 0xB4, 0x00, 0x00, 0xB4, 0x00, 0x00, 0x78, 0x00,
    0x00, 0x3C, 0x00, 0x00, 0x3F, 0x00, 0x00, 0x0F, 0xE9, 0xAC, 0x02, 0xFF, 0xF8, 0x00, 0x1D, 0x00,
    0x00, 0x0B, 0x00, 0x00, 0x03, 0x40, 0x00, 0x1B, 0x00, 0x00, 0x3E, 0x00, 0x06, 0xFE, 0x07, 0xEA,
    0xC3, 0xC0, 0x02, 0xD0, 0x00, 0xB0, 0x00, 0x3C, 0x00, 0x0F, 0x00, 0x02, 0xD0, 0x00, 0x7C, 0x00,
    0x0F, 0xEA, 0xC0, 0xBF, 0xE0, 0x03, 0x80, 0x00, 0x34, 0x00, 0x0E, 0x00, 0x1B, 0x80, 0x0B, 0xC0,
    0xFF, 0xFF, 0xFD, 0x55, 0xBD, 0x54, 0x00, 0x38, 0x00, 0x00, 0x38, 0x00, 0x00, 0x38, 0x00, 0x00,
    0x38, 0x00, 0x00, 0x38, 0x00, 0x00, 0x38, 0x00, 0x00, 0x38, 0x00, 0x00, 0x38, 0x00, 0x00, 0x38,
    0x00, 0x00, 0x38, 0x00, 0x00, 0x38, 0x00, 0x00, 0x3F, 0x80, 0x00, 0x07, 0x80, 0x00, 0x07, 0x80,
    0x00, 0x07, 0x80, 0x00, 0x07, 0x80, 0xBF, 0xFF, 0xD5, 0x5F, 0x54, 0x00, 0xF0, 0x00, 0x0F, 0x00,
    0x00, 0xF0, 0x00, 0x0F, 0x00, 0x00, 0xF0, 0x00, 0x0F, 0x00, 0x00, 0xF0, 0x00, 0x0F, 0x00, 0x00,
    0xFD, 0x00, 0x01, 0xD0, 0x00, 0x1D, 0x00, 0x01, 0xD0, 0x00, 0x1D, 0x00, 0xB4, 0x00, 0x2D, 0x3C,
    0x00, 0x3C, 0x2D, 0x00, 0xB4, 0x0F, 0x00, 0xF0, 0x07, 0x42, 0xC0, 0x03, 0xC3, 0x80, 0x01, 0xDB,
    0x00, 0x00, 0xBD, 0x00, 0x00, 0x3C, 0x00, 0x00, 0x3C, 0x00, 0x00, 0x3C, 0x00, 0x00, 0x3C, 0x00,
    0x00, 0x3C, 0x00, 0x00, 0x3C, 0x00, 0xF0, 0x00, 0xB5, 0xD0, 0x03, 0xC3, 0xC0, 0x1E, 0x0B, 0x40,
    0xB0, 0x0E, 0x03, 0xC0, 0x3C, 0x1D, 0x00, 0x74, 0xF0, 0x00, 0xE3, 0x80, 0x02, 0xDC, 0x00, 0x07,
    0xF0, 0x00, 0x0F, 0x40, 0x00, 0x2C, 0x00, 0x00, 0xB0, 0x00, 0x02, 0xC0, 0x00, 0x0B, 0x00, 0x00,
    0x2C, 0x00, 0xB4, 0x00, 0x2D, 0x3C, 0x00, 0x3C, 0x2D, 0x00, 0xB4, 0x0F, 0x00, 0xE0, 0x07, 0x83,
    0xC0, 0x03, 0xC7, 0x80, 0x00, 0xEF, 0x00, 0x00, 0xBD, 0x00, 0x00, 0x3C, 0x00, 0x0F, 0xFF, 0xF0,
    0x0A, 0xBE, 0xA0, 0x00, 0x3C, 0x00, 0x00, 0x3C, 0x00, 0x00, 0x3C, 0x00, 0xF0, 0x00, 0xB5, 0xD0,
    0x03, 0xC3, 0xC0, 0x1E, 0x0B, 0x40, 0xB0, 0x0E, 0x03, 0xC0, 0x3C, 0x1D, 0x00, 0x74, 0xF0, 0x00,
    0xF3, 0x80, 0x02, 0xEC, 0x00, 0x03, 0xF0, 0x00, 0x0F, 0x40, 0x07, 0xFF, 0xF0, 0x05, 0xB5, 0x40,
    0x02, 0xC0, 0x00, 0x0B, 0x00, 0x00, 0x2C, 0x00, 0x7C, 0x00, 0x2D, 0x0B, 0x40, 0x0F, 0x00, 0xF0,
    0x0F, 0x00, 0x1E, 0x07, 0x40, 0x02, 0xD3, 0xC0, 0x00, 0x3E, 0xC0, 0x00, 0x07, 0xD0, 0x00, 0x01,
    0xF8, 0x00, 0x00, 0xFF, 0x00, 0x00, 0xB0, 0xF0, 0x00, 0x78, 0x1D, 0x00, 0x3C, 0x02, 0xC0, 0x3C,
    0x00, 0x38, 0x2D, 0x00, 0x07, 0xF0, 0x00, 0x00, 0x3C, 0x00, 0x00, 0x0F, 0x00, 0x00, 0x03, 0xC0,
    0x00, 0x00, 0xF0, 0x3C, 0x00, 0xF0, 0x1E, 0x02, 0xD0, 0x0B, 0x43, 0x80, 0x03, 0xCF, 0x00, 0x01,
    0xFD, 0x00, 0x00, 0xFC, 0x00, 0x00, 0xFC, 0x00, 0x03, 0xDF, 0x00, 0x0B, 0x47, 0x80, 0x1E, 0x02,
    0xC0, 0x7C, 0x00, 0xFC, 0x00, 0x00, 0x2C, 0x00, 0x00, 0x2C, 0x00, 0x00, 0x2C, 0x00, 0x00, 0x2C,
    0xFF, 0xFF, 0xFC, 0x1E, 0x0A, 0xAF, 0xAA, 0x81, 0xE0, 0x00, 0xB4, 0x00, 0x1E, 0x00, 0x0B, 0x40,
    0x01, 0xE0, 0x00, 0xB4, 0x00, 0x1E, 0x00, 0x0B, 0x40, 0x01, 0xE0, 0x00, 0xB4, 0x00, 0x1E, 0x00,
    0x0B, 0x40, 0x01, 0xE0, 0x00, 0xB4, 0x00, 0x1E, 0x00, 0x0B, 0x40, 0x01, 0xE0, 0x00, 0xB4, 0x00,
    0x1E, 0x00, 0x0B, 0x40, 0x01, 0xE0, 0x00, 0xBA, 0xAA, 0xAF, 0x90, 0x0B, 0xFF, 0xFF, 0xFD, 0x00,
    0x00, 0x00, 0x01, 0xD0, 0x00, 0x00, 0x00, 0x1D, 0x00, 0x00, 0x00, 0x01, 0xD0, 0x00, 0x00, 0x00,
    0x1D, 0xBF, 0xFF, 0xC3, 0xC1, 0xAB, 0xAA, 0x0F, 0x00, 0x1D, 0x00, 0x3C, 0x00, 0x74, 0x00, 0xF0,
    0x01, 0xD0, 0x03, 0xC0, 0x07, 0x40, 0x0F, 0x00, 0x1D, 0x00, 0x3C, 0x00, 0x74, 0x00, 0xF0, 0x01,
    0xD0, 0x03, 0xC0, 0x07, 0xAA, 0xAF, 0x90, 0x1F, 0xFF, 0xFF, 0x80, 0x00, 0x00, 0x0E, 0x00, 0x00,
    0x00, 0x38, 0x00, 0x00, 0x00, 0xE0, 0x00, 0x00, 0x02, 0x40, 0x78, 0x00, 0x1E, 0x07, 0x80, 0x01,
    0xE0, 0x78, 0x00, 0x1E, 0x07, 0x80, 0x01, 0xE0, 0x78, 0x00, 0x1E, 0x07, 0x80, 0x01, 0xE0, 0x38,
    0x00, 0x1E, 0x03, 0xE0, 0x5B, 0xE0, 0x0F, 0xFF, 0xEE, 0x00, 0x05, 0x01, 0xE0, 0x00, 0x00, 0x1E,
    0x00, 0x00, 0x01, 0xE0, 0x00, 0x00, 0x1E, 0x00, 0x00, 0x01, 0xFD, 0x00, 0x00, 0x01, 0xD0, 0x00,
    0x00, 0x1D, 0x00, 0x00, 0x01, 0xD0, 0x00, 0x00, 0x1D, 0x74, 0x00, 0xF0, 0x74, 0x00, 0xF0, 0x74,
    0x00, 0xF0, 0x74, 0x00, 0xF0, 0x74, 0x00, 0xF0, 0x3D, 0x0B, 0xF0, 0x1F, 0xFD, 0xF0, 0x00, 0x40,
    0xF0, 0x00, 0x00, 0xF0, 0x00, 0x00, 0xF0, 0x00, 0x00, 0xFE, 0x00, 0x00, 0x0E, 0x00, 0x00, 0x0E,
    0x00, 0x00, 0x0E, 0x00, 0x00, 0x0E, 0x78, 0x00, 0x1E, 0x78, 0x00, 0x1E, 0x78, 0x00, 0x1E, 0x78,
    0x00, 0x1E, 0x78, 0x28, 0x1E, 0x78, 0x28, 0x1E, 0x3C, 0x28, 0x1E, 0x3E, 0x2D, 0xBE, 0x0F, 0xFF,
    0xFE, 0x00, 0x68, 0x1E, 0x00, 0x28, 0x1E, 0x00, 0x28, 0x1E, 0x00, 0x00, 0x1E, 0x00, 0x00, 0x1E,
    0x74, 0x00, 0xF7, 0x40, 0x0F, 0x74, 0x00, 0xF7, 0x4A, 0x0F, 0x74, 0xA0, 0xF3, 0xDA, 0xBF, 0x1F,
    0xFD, 0xF0, 0x0E, 0x0F, 0x00, 0xA0, 0xF0, 0x0A, 0x0F, 0x00, 0x00, 0xF0, 0xF0, 0x00, 0x03, 0xC0,
    0x00, 0x0F, 0x00, 0x00, 0x3C, 0x00, 0x00, 0xF0, 0x00, 0x03, 0xDB, 0xFF, 0x4F, 0xE9, 0x6F, 0x7C,
    0x00, 0x1F, 0xF0, 0x00, 0x3F, 0xC0, 0x00, 0xFF, 0x00, 0x03, 0xFC, 0x00, 0x0F, 0xF0, 0x00, 0x3F,
    0xC0, 0x00, 0xF0, 0x38, 0x00, 0x00, 0xE0, 0x00, 0x03, 0x80, 0x00, 0x0E, 0x00, 0x00, 0x38, 0xBF,
    0x40, 0xFE, 0x6F, 0x83, 0xD0, 0x0F, 0x0F, 0x00, 0x2C, 0x38, 0x00, 0xB0, 0xE0, 0x02, 0xC3, 0x80,
    0x0B, 0x0E, 0x00, 0x2C, 0x38, 0x00, 0xB0, 0xE0, 0x02, 0xC3, 0x80, 0x0B, 0x00, 0x00, 0x02, 0xFF,
    0x90, 0x00, 0x07, 0xF9, 0xBE, 0x00, 0x03, 0xD0, 0x02, 0xD0, 0x02, 0xD0, 0x00, 0x3C, 0x74, 0xF0,
    0x00, 0x0B, 0x1D, 0x78, 0x00, 0x02, 0xD3, 0xFF, 0xFF, 0xFF, 0xF4, 0x0B, 0xD5, 0x55, 0x54, 0x00,
    0xF0, 0x00, 0x00, 0x00, 0x3C, 0x00, 0x00, 0x00, 0x0B, 0x80, 0x00, 0x00, 0x00, 0xF4, 0x00, 0x00,
    0x00, 0x0F, 0xE5, 0xAE, 0x00, 0x00, 0x6F, 0xFE, 0x00, 0x00, 0x1F, 0xF4, 0x00, 0x2F, 0xAB, 0xC6,
    0x1E, 0x00, 0xB5, 0xDB, 0x40, 0x1E, 0x3F, 0xFF, 0xFF, 0xC1, 0xF5, 0x55, 0x50, 0x2C, 0x00, 0x00,
    0x07, 0x80, 0x00, 0x00, 0xF0, 0x00, 0x00, 0x1F, 0xAA, 0xD0, 0x00, 0xBF, 0xE0, 0x00, 0x02, 0xFF,
    0x90, 0x00, 0x07, 0xF9, 0xBE, 0x00, 0x03, 0xD0, 0x02, 0xD0, 0x02, 0xD0, 0x00, 0x3C, 0x74, 0xF0,
    0x00, 0x0B, 0x1D, 0x78, 0x00, 0x02, 0xD3, 0xFF, 0xFF, 0xFF, 0xF4, 0x0B, 0xD5, 0x55, 0x54, 0x00,
    0xF0, 0x00, 0x00, 0x00, 0x3C, 0x00, 0x00, 0x00, 0x0B, 0x80, 0x00, 0x00, 0x00, 0xF4, 0x00, 0x00,
    0x00, 0x0F, 0xE5, 0xAE, 0x00, 0x00, 0x7F, 0xFE, 0x00, 0x00, 0x02, 0xD0, 0x00, 0x00, 0x00, 0xB4,
    0x00, 0x00, 0x00, 0x2D, 0x00, 0x00, 0x00, 0x05, 0x00, 0x00, 0x00, 0x1B, 0xF4, 0x00, 0x2F, 0xAF,
    0xC6, 0x1E, 0x00, 0xB5, 0xDB, 0x40, 0x1E, 0x3F, 0xFF, 0xFF, 0xC0, 0xF5, 0x55, 0x40, 0x2C, 0x00,
    0x00, 0x07, 0x80, 0x00, 0x00, 0xF0, 0x00, 0x00, 0x1F, 0x9A, 0xD0, 0x00, 0xBF, 0xE0, 0x00, 0x0B,
    0x00, 0x00, 0x02, 0xC0, 0x00, 0x00, 0xB0, 0x00, 0x00, 0x14, 0x00, 0x3F, 0xF0, 0x2E, 0x00, 0x74,
    0x01, 0xD0, 0x07, 0x40, 0x1D, 0x00, 0x74, 0x01, 0xD0, 0x07, 0x40, 0x1D, 0x00, 0x74, 0x01, 0xD0,
    0x0B, 0x80, 0xFF, 0xC0, 0x00, 0x00, 0x00, 0x00, 0x00, 0x00, 0x2D, 0x2D, 0x00, 0x00, 0x00, 0x3F,
    0xE0, 0x00, 0x00, 0x00, 0x04, 0x00, 0x00, 0x00, 0x00, 0x00, 0x00, 0x00, 0xF0, 0x02, 0xD0, 0x03,
    0xC1, 0xD0, 0x0B, 0x40, 0x2D, 0x03, 0xC0, 0x2D, 0x01, 0xE0, 0x03, 0xC0, 0xB4, 0x0F, 0x00, 0x07,
    0x82, 0xD0, 0xF0, 0x00, 0x0B, 0x4B, 0x4B, 0x40, 0x00, 0x0F, 0xFF, 0xFC, 0x00, 0x00, 0xB9, 0xB9,
    0xB4, 0x00, 0x07, 0xC2, 0xD0, 0xF0, 0x00, 0x3C, 0x0B, 0x41, 0xE0, 0x02, 0xD0, 0x2D, 0x02, 0xD0,
    0x1F, 0x00, 0xB4, 0x03, 0xC0, 0xF0, 0x02, 0xD0, 0x07, 0x8B, 0x80, 0x0B, 0x40, 0x0B, 0x40, 0x00,
    0x00, 0x00, 0x00, 0x00, 0x38, 0x3C, 0x00, 0x00, 0x1F, 0xF4, 0x00, 0x00, 0x01, 0x40, 0x00, 0x38,
    0x03, 0xC0, 0x3C, 0x2D, 0x03, 0xC0, 0xB4, 0x0F, 0x03, 0xC0, 0xE0, 0x07, 0x83, 0xC3, 0xC0, 0x02,
    0xD3, 0xC7, 0x40, 0x00, 0xFF, 0xFF, 0x00, 0x02, 0xD7, 0xDB, 0x40, 0x07, 0x83, 0xC3, 0xC0, 0x0F,
    0x03, 0xC0, 0xF0, 0x3D, 0x03, 0xC0, 0x78, 0x78, 0x03, 0xC0, 0x3D, 0xF0, 0x00, 0xF0, 0xF0, 0x07,
    0xC0, 0xF0, 0x1F, 0x00, 0xF0, 0x78, 0x00, 0xF1, 0xE0, 0x00, 0xF7, 0x80, 0x00, 0xFF, 0xFE, 0x40,
    0xF9, 0x5B, 0xE0, 0xF0, 0x00, 0xF4, 0xF0, 0x00, 0x7C, 0xF0, 0x00, 0x3C, 0xF0, 0x00, 0x2D, 0xF0,
    0x00, 0x2D, 0xF0, 0x00, 0x2D, 0x00, 0x00, 0x3C, 0x00, 0x00, 0x3C, 0x00, 0x00, 0xF4, 0x03, 0x9B,
    0xE0, 0x02, 0xFE, 0x40, 0x38, 0x03, 0xC3, 0x80, 0xF0, 0x38, 0x3C, 0x03, 0x8F, 0x00, 0x3B, 0xD0,
    0x03, 0xFF, 0xE0, 0x3D, 0x5F, 0xC3, 0x80, 0x2D, 0x38, 0x00, 0xE3, 0x80, 0x0F, 0x38, 0x00, 0xF0,
    0x00, 0x0F, 0x00, 0x00, 0xE0, 0x00, 0x2D, 0x03, 0xAF, 0x80, 0x2F, 0xD0, 0x00, 0x7F, 0xFF, 0x80,
    0x02, 0xE5, 0x6E, 0x00, 0x0F, 0x00, 0x38, 0x00, 0x3C, 0x00, 0xE0, 0x00, 0xE0, 0x03, 0x80, 0x03,
    0x80, 0x0E, 0x00, 0x1D, 0x00, 0x38, 0x00, 0xB4, 0x00, 0xE0, 0x02, 0xC0, 0x03, 0x80, 0x0F, 0x00,
    0x0E, 0x00, 0x38, 0x00, 0x38, 0x02, 0xD0, 0x00, 0xE0, 0xAF, 0x00, 0x03, 0xFB, 0xF0, 0x00, 0x0F,
    0xD0, 0x00, 0x00, 0x0B, 0x00, 0x00, 0x00, 0x38, 0x00, 0x00, 0x02, 0xD0, 0x02, 0xFF, 0xF4, 0x00,
    0xB9, 0x7D, 0x00, 0x2C, 0x0B, 0x40, 0x0F, 0x02, 0xD0, 0x03, 0xC0, 0xB4, 0x00, 0xE0, 0x2D, 0x00,
    0x74, 0x0B, 0x40, 0x2C, 0x02, 0xD0, 0x0F, 0x00, 0xB4, 0x1F, 0x40, 0x2E, 0x4F, 0x80, 0x0B, 0xF0,
    0x00, 0x00, 0x38, 0x00, 0x00, 0x1D, 0x00, 0x00, 0x0B, 0x00, 0x00, 0x01, 0x40, 0xF0, 0x00, 0x1D,
    0xF0, 0x00, 0x1D, 0xF0, 0x00, 0x1D, 0xF0, 0x00, 0x1D, 0xF0, 0x00, 0x1D, 0xF0, 0x00, 0x2D, 0xFF,
    0xFF, 0xFD, 0xF5, 0x55, 0x6D, 0xF0, 0x00, 0x1D, 0xF0, 0x00, 0x1D, 0xF0, 0x00, 0x1D, 0xF0, 0x00,
    0x1D, 0xF0, 0x00, 0x1D, 0xF0, 0x00, 0x2D, 0x00, 0x00, 0x2C, 0x00, 0x00, 0x3C, 0x00, 0x00, 0xB4,
    0x03, 0x9B, 0xE0, 0x02, 0xFF, 0x40, 0x38, 0x00, 0x78, 0xE0, 0x01, 0xE3, 0x80, 0x07, 0x8E, 0x00,
    0x1E, 0x38, 0x00, 0x78, 0xFF, 0xFF, 0xE3, 0x95, 0x5B, 0x8E, 0x00, 0x1E, 0x38, 0x00, 0x78, 0xE0,
    0x01, 0xE3, 0x80, 0x07, 0x40, 0x00, 0x1D, 0x00, 0x00, 0xB4, 0x00, 0x03, 0xC0, 0x0E, 0xBD, 0x00,
    0x2F, 0xD0, 0xF0, 0x00, 0x1D, 0x0F, 0x00, 0x01, 0xD0, 0xF0, 0x00, 0x1D, 0x0F, 0x00, 0x01, 0xD0,
    0xF0, 0x00, 0x1D, 0x0F, 0x00, 0x02, 0xD0, 0xFF, 0xFF, 0xFD, 0x0F, 0x55, 0x56, 0xD0, 0xF0, 0x00,
    0x1D, 0x0F, 0x00, 0x01, 0xD0, 0xF0, 0x00, 0x1D, 0x0F, 0x00, 0x01, 0xD0, 0xF0, 0x00, 0x1D, 0x0F,
    0x00, 0x01, 0xFD, 0x00, 0x00, 0x03, 0xC0, 0x00, 0x00, 0x38, 0x00, 0x00, 0x0B, 0x40, 0x00, 0x00,
    0xF0, 0x38, 0x00, 0x78, 0x0E, 0x00, 0x1E, 0x03, 0x80, 0x07, 0x80, 0xE0, 0x01, 0xE0, 0x38, 0x00,
    0x78, 0x0F, 0xFF, 0xFE, 0x03, 0x95, 0x5B, 0x80, 0xE0, 0x01, 0xE0, 0x38, 0x00, 0x78, 0x0E, 0x00,
    0x1E, 0x03, 0x80, 0x07, 0xF4, 0x00, 0x00, 0x2C, 0x00, 0x00, 0x0E, 0x00, 0x00, 0x07, 0x40, 0x00,
    0x02, 0xC0, 0x78, 0x00, 0x1E, 0x78, 0x00, 0x1E, 0x78, 0x00, 0x1E, 0x78, 0x00, 0x1E, 0x78, 0x00,
    0x1E, 0x78, 0x00, 0x1E, 0x38, 0x00, 0x1E, 0x3E, 0x05, 0xBE, 0x0F, 0xFF, 0xEE, 0x00, 0x50, 0x1E,
    0x00, 0x00, 0x1E, 0x00, 0x00, 0x1E, 0x00, 0x00, 0x1E, 0x00, 0x00, 0xFE, 0x00, 0x00, 0xE0, 0x00,
    0x00, 0xE0, 0x00, 0x00, 0xE0, 0x00, 0x00, 0xE0, 0x74, 0x00, 0xF7, 0x40, 0x0F, 0x74, 0x00, 0xF7,
    0x40, 0x0F, 0x74, 0x00, 0xF3, 0xD0, 0xBF, 0x1F, 0xFD, 0xF0, 0x04, 0x0F, 0x00, 0x00, 0xF0, 0x00,
    0x0F, 0x00, 0x07, 0xF0, 0x00, 0x74, 0x00, 0x07, 0x40, 0x00, 0x74, 0x00, 0x07, 0x40, 0xFC, 0x00,
    0x00, 0xFC, 0x3F, 0x40, 0x00, 0x7F, 0x0E, 0xF0, 0x00, 0x3B, 0xC3, 0xAC, 0x00, 0x0C, 0xF0, 0xE3,
    0x80, 0x0A, 0x3C, 0x38, 0xF0, 0x03, 0x4F, 0x0F, 0x1D, 0x01, 0xC3, 0xC3, 0xC3, 0x80, 0xE0, 0xF0,
    0xF0, 0xB0, 0x30, 0x3C, 0x3C, 0x0D, 0x2C, 0x0F, 0x0F, 0x03, 0xCD, 0x03, 0xC3, 0xC0, 0x7B, 0x00,
    0xF0, 0xF0, 0x0F, 0x80, 0x3C, 0x3C, 0x02, 0xD0, 0x0F, 0xE0, 0x00, 0x00, 0x00, 0x74, 0x00, 0x00,
    0x00, 0x3C, 0x00, 0x00, 0x00, 0x0F, 0x00, 0x00, 0x00, 0x0B, 0x80, 0x3D, 0x00, 0x0F, 0xC0, 0xFC,
    0x00, 0x7F, 0x03, 0xF0, 0x02, 0xFC, 0x0E, 0xE0, 0x0E, 0xF0, 0x36, 0xC0, 0x73, 0xC0, 0xD7, 0x43,
    0xCF, 0x03, 0x4E, 0x0D, 0x3C, 0x0D, 0x1C, 0xB0, 0xF0, 0x34, 0x37, 0x83, 0xC0, 0xD0, 0xBC, 0x0F,
    0x03, 0x41, 0xE0, 0x3F, 0x80, 0x00, 0x00, 0x1D, 0x00, 0x00, 0x00, 0xB0, 0x00, 0x00, 0x03, 0x80,
    0x00, 0x00, 0x1D, 0x00, 0x3F, 0xF0, 0x2E, 0x00, 0x74, 0x01, 0xD0, 0x07, 0x40, 0x1D, 0x00, 0x74,
    0x01, 0xD0, 0x07, 0x40, 0x1D, 0x00, 0x74, 0x01, 0xD0, 0x0B, 0x80, 0xFF, 0xC0, 0x00, 0x00, 0x00,
    0x00, 0x1E, 0x1E, 0x00, 0x00, 0xBF, 0xC0, 0x00, 0x00, 0x40, 0x00, 0x00, 0x00, 0x00, 0x00, 0x01,
    0xE0, 0x00, 0x00, 0x3F, 0x00, 0x00, 0x03, 0xB8, 0x00, 0x00, 0xB3, 0xC0, 0x00, 0x0E, 0x1D, 0x00,
    0x01, 0xD0, 0xF0, 0x00, 0x3C, 0x0B, 0x00, 0x07, 0x80, 0x38, 0x00, 0xBF, 0xFF, 0xC0, 0x0F, 0xAA,
    0xAD, 0x02, 0xD0, 0x00, 0xF0, 0x3C, 0x00, 0x0B, 0x07, 0x40, 0x00, 0x78, 0xF0, 0x00, 0x03, 0xC0,
    0x00, 0x00, 0x00, 0x3C, 0x3C, 0x01, 0xFF, 0x40, 0x01, 0x40, 0x02, 0xFF, 0x40, 0xBA, 0xBD, 0x00,
    0x00, 0xF0, 0x00, 0x0F, 0x00, 0x00, 0xF0, 0x7F, 0xFF, 0x2F, 0x95, 0xF3, 0xC0, 0x0F, 0x3C, 0x01,
    0xF2, 0xFA, 0xFF, 0x0B, 0xF8, 0x70, 0x00, 0x00, 0x00, 0x00, 0x0E, 0x1D, 0x00, 0x00, 0x40, 0x40,
    0x00, 0x00, 0x00, 0x00, 0x00, 0x00, 0x00, 0x00, 0x01, 0xE0, 0x00, 0x00, 0x3F, 0x00, 0x00, 0x03,
    0xB8, 0x00, 0x00, 0xB3, 0xC0, 0x00, 0x0E, 0x1D, 0x00, 0x01, 0xD0, 0xF0, 0x00, 0x3C, 0x0B, 0x00,
    0x07, 0x80, 0x38, 0x00, 0xBF, 0xFF, 0xC0, 0x0F, 0xAA, 0xAD, 0x02, 0xD0, 0x00, 0xF0, 0x3C, 0x00,
    0x0B, 0x07, 0x40, 0x00, 0x78, 0xF0, 0x00, 0x03, 0xC0, 0x00, 0x00, 0x00, 0x3C, 0x38, 0x00, 0x00,
    0x00, 0x00, 0x00, 0x02, 0xFF, 0x40, 0xBA, 0xBD, 0x00, 0x00, 0xF0, 0x00, 0x0F, 0x00, 0x00, 0xF0,
    0x7F, 0xFF, 0x2F, 0x95, 0xF3, 0xC0, 0x0F, 0x3C, 0x01, 0xF2, 0xFA, 0xFF, 0x0B, 0xF8, 0x70, 0x00,
    0x00, 0xFF, 0xFF, 0xF0, 0x00, 0x0B, 0x7E, 0x55, 0x40, 0x00, 0x38, 0xB0, 0x00, 0x00, 0x02, 0xC2,
    0xC0, 0x00, 0x00, 0x0E, 0x0B, 0x00, 0x00, 0x00, 0xB0, 0x2D, 0x00, 0x00, 0x03, 0x80, 0xBF, 0xFE,
    0x00, 0x2C, 0x02, 0xD5, 0x50, 0x00, 0xFF, 0xFF, 0x00, 0x00, 0x0B, 0x55, 0x7C, 0x00, 0x00, 0x38,
    0x00, 0xB0, 0x00, 0x03, 0xC0, 0x02, 0xC0, 0x00, 0x1E, 0x00, 0x0B, 0x95, 0x50, 0xF0, 0x00, 0x2F,
    0xFF, 0xC0, 0x06, 0xFE, 0x07, 0xF8, 0x03, 0xEA, 0xFB, 0xAB, 0xC0, 0x00, 0x1F, 0x40, 0x78, 0x00,
    0x03, 0xC0, 0x0F, 0x07, 0xFF, 0xFF, 0xFF, 0xC7, 0xE5, 0x7D, 0x55, 0x53, 0xC0, 0x0F, 0x00, 0x00,
    0xF0, 0x07, 0xC0, 0x00, 0x3C, 0x03, 0xF8, 0x00, 0x0B, 0xEB, 0xCB, 0xE6, 0xD0, 0x7F, 0x80, 0x7F,
    0xE0, 0x00, 0x00, 0x0B, 0x4B, 0x40, 0xFF, 0x80, 0x01, 0x00, 0x00, 0x00, 0x3F, 0xFF, 0xDF, 0x55,
    0x53, 0xC0, 0x00, 0xF0, 0x00, 0x3C, 0x00, 0x0F, 0x00, 0x03, 0xFF, 0xFC, 0xF5, 0x55, 0x3C, 0x00,
    0x0F, 0x00, 0x03, 0xC0, 0x00, 0xF0, 0x00, 0x3D, 0x55, 0x4F, 0xFF, 0xF4, 0x00, 0x00, 0x00, 0xF0,
    0xB0, 0x07, 0xFD, 0x00, 0x05, 0x00, 0x06, 0xFD, 0x01, 0xFA, 0xF8, 0x38, 0x02, 0xDB, 0x40, 0x1E,
    0xFF, 0xFF, 0xEF, 0x55, 0x54, 0xF0, 0x00, 0x0B, 0x40, 0x00, 0x3C, 0x00, 0x01, 0xF9, 0xAC, 0x02,
    0xFF, 0x80, 0x1B, 0xFF, 0x90, 0x03, 0xEA, 0xAF, 0x80, 0x00, 0x00, 0x2E, 0x00, 0x00, 0x00, 0xB4,
    0x00, 0x00, 0x03, 0x80, 0x00, 0x00, 0x3C, 0xFF, 0xFF, 0xFF, 0xCB, 0x95, 0x55, 0x7C, 0xB4, 0x00,
    0x03, 0xC7, 0x40, 0x00, 0x78, 0x3C, 0x00, 0x0F, 0x42, 0xE0, 0x02, 0xF0, 0x0F, 0xE6, 0xFC, 0x00,
    0x1F, 0xF9, 0x00, 0x2F, 0xF8, 0x07, 0xAA, 0xF0, 0x00, 0x03, 0xC0, 0x00, 0x2D, 0x00, 0x01, 0xDF,
    0xFF, 0xFE, 0xF5, 0x56, 0xDB, 0x00, 0x2D, 0x78, 0x03, 0xC2, 0xFA, 0xF0, 0x07, 0xF8, 0x00, 0x00,
    0x00, 0x00, 0x00, 0x2C, 0x2C, 0x00, 0x00, 0x40, 0x00, 0x00, 0x00, 0x00, 0x00, 0x00, 0x00, 0x00,
    0x01, 0xBF, 0xF9, 0x00, 0x3E, 0xAA, 0xF8, 0x00, 0x00, 0x02, 0xE0, 0x00, 0x00, 0x0B, 0x40, 0x00,
    0x00, 0x38, 0x00, 0x00, 0x03, 0xCF, 0xFF, 0xFF, 0xFC, 0xB9, 0x55, 0x57, 0xCB, 0x40, 0x00, 0x3C,
    0x74, 0x00, 0x07, 0x83, 0xC0, 0x00, 0xF4, 0x2E, 0x00, 0x2F, 0x00, 0xFE, 0x6F, 0xC0, 0x01, 0xFF,
    0x90, 0x00, 0x00, 0x00, 0x00, 0xE0, 0xE0, 0x00, 0x04, 0x00, 0x00, 0x00, 0x2F, 0xF8, 0x07, 0xAA,
    0xF0, 0x00, 0x03, 0xC0, 0x00, 0x2D, 0x00, 0x01, 0xDF, 0xFF, 0xFE, 0xF5, 0x56, 0xDB, 0x00, 0x2D,
    0x78, 0x03, 0xC2, 0xFA, 0xF0, 0x07, 0xF8, 0x00, 0x00, 0x00, 0x00, 0x00, 0x00, 0x00, 0x1D, 0x2C,
    0x00, 0x00, 0x00, 0x10, 0x10, 0x00, 0x00, 0x00, 0x00, 0x00, 0x00, 0x00, 0x00, 0x00, 0x00, 0x00,
    0xF0, 0x02, 0xD0, 0x03, 0xC1, 0xD0, 0x0B, 0x40, 0x2D, 0x03, 0xC0, 0x2D, 0x01, 0xE0, 0x03, 0xC0,
    0xB4, 0x0F, 0x00, 0x07, 0x82, 0xD0, 0xF0, 0x00, 0x0B, 0x4B, 0x4B, 0x40, 0x00, 0x0F, 0xFF, 0xFC,
    0x00, 0x00, 0xB9, 0xB9, 0xB4, 0x00, 0x07, 0xC2, 0xD0, 0xF0, 0x00, 0x3C, 0x0B, 0x41, 0xE0, 0x02,
    0xD0, 0x2D, 0x02, 0xD0, 0x1F, 0x00, 0xB4, 0x03, 0xC0, 0xF0, 0x02, 0xD0, 0x07, 0x8B, 0x80, 0x0B,
    0x40, 0x0B, 0x40, 0x00, 0x00, 0x00, 0x00, 0x00, 0x3C, 0x38, 0x00, 0x00, 0x00, 0x00, 0x00, 0x00,
    0x00, 0x00, 0x00, 0x38, 0x03, 0xC0, 0x3C, 0x2D, 0x03, 0xC0, 0xB4, 0x0F, 0x03, 0xC0, 0xE0, 0x07,
    0x83, 0xC3, 0xC0, 0x02, 0xD3, 0xC7, 0x40, 0x00, 0xFF, 0xFF, 0x00, 0x02, 0xD7, 0xDB, 0x40, 0x07,
    0x83, 0xC3, 0xC0, 0x0F, 0x03, 0xC0, 0xF0, 0x3D, 0x03, 0xC0, 0x78, 0x78, 0x03, 0xC0, 0x3D, 0x00,
    0x00, 0x00, 0x1D, 0x2C, 0x00, 0x10, 0x00, 0x00, 0x00, 0x00, 0x00, 0x00, 0x00, 0x6F, 0xF9, 0x02,
    0xEA, 0xBE, 0x00, 0x00, 0x3C, 0x00, 0x00, 0xB4, 0x00, 0x03, 0xC0, 0x00, 0x7D, 0x01, 0xFF, 0xC0,
    0x01, 0x5B, 0xE0, 0x00, 0x02, 0xD0, 0x00, 0x07, 0x80, 0x00, 0x1F, 0x00, 0x00, 0xF4, 0xEA, 0xAF,
    0x82, 0xFF, 0xE4, 0x00, 0x00, 0x00, 0x00, 0xF0, 0xE0, 0x00, 0x00, 0x00, 0x00, 0x00, 0x1F, 0xF9,
    0x03, 0xE6, 0xF4, 0x00, 0x03, 0xC0, 0x00, 0x38, 0x00, 0x1F, 0x40, 0xBF, 0xD0, 0x01, 0x5F, 0x40,
    0x00, 0x3C, 0x00, 0x03, 0xC7, 0xA6, 0xF8, 0x2F, 0xFD, 0x00, 0x3F, 0xFF, 0xF4, 0x15, 0x56, 0xF0,
    0x00, 0x03, 0xC0, 0x00, 0x1F, 0x00, 0x00, 0x7C, 0x00, 0x02, 0xF0, 0x00, 0x03, 0xFF, 0x80, 0x01,
    0x5B, 0xF0, 0x00, 0x00, 0x7C, 0x00, 0x00, 0x3C, 0x00, 0x00, 0x3C, 0x00, 0x00, 0xB8, 0x7E, 0x9B,
    0xF0, 0x2F, 0xFE, 0x40, 0x7F, 0xFF, 0xC1, 0x55, 0xBC, 0x00, 0x0F, 0x00, 0x02, 0xD0, 0x00, 0xB4,
    0x00, 0x1E, 0x00, 0x03, 0xC0, 0x00, 0xBF, 0xD0, 0x01, 0x6F, 0x80, 0x00, 0x3D, 0x00, 0x01, 0xE0,
    0x00, 0x0E, 0x00, 0x01, 0xD0, 0x00, 0x3C, 0xBA, 0xAF, 0x46, 0xFF, 0x80, 0x00, 0x00, 0x00, 0x03,
    0xFF, 0xC0, 0x01, 0x55, 0x40, 0x00, 0x00, 0x00, 0x00, 0x00, 0x00, 0xF0, 0x00, 0x2E, 0xF0, 0x00,
    0x7E, 0xF0, 0x00, 0xFE, 0xF0, 0x02, 0xDE, 0xF0, 0x03, 0x4E, 0xF0, 0x0F, 0x0E, 0xF0, 0x1C, 0x0E,
    0xF0, 0x34, 0x0E, 0xF0, 0xB0, 0x0E, 0xF1, 0xC0, 0x0E, 0xF3, 0x40, 0x0E, 0xFA, 0x00, 0x0E, 0xFC,
    0x00, 0x0E, 0xF4, 0x00, 0x0E, 0x00, 0x00, 0x00, 0x2F, 0xFE, 0x00, 0x15, 0x50, 0x00, 0x00, 0x00,
    0x38, 0x01, 0xF0, 0xE0, 0x0F, 0xC3, 0x80, 0xBB, 0x0E, 0x03, 0x6C, 0x38, 0x2C, 0xB0, 0xE1, 0xD2,
    0xC3, 0x8E, 0x0B, 0x0E, 0xB0, 0x2C, 0x3B, 0x80, 0xB0, 0xFC, 0x02, 0xC3, 0xD0, 0x0B, 0x00, 0x00,
    0x00, 0x00, 0x03, 0xC3, 0x80, 0x00, 0x00, 0x00, 0x00, 0x00, 0x00, 0x00, 0x00, 0x00, 0xF0, 0x00,
    0x2E, 0xF0, 0x00, 0x7E, 0xF0, 0x00, 0xFE, 0xF0, 0x02, 0xDE, 0xF0, 0x03, 0x4E, 0xF0, 0x0F, 0x0E,
    0xF0, 0x1C, 0x0E, 0xF0, 0x34, 0x0E, 0xF0, 0xB0, 0x0E, 0xF1, 0xC0, 0x0E, 0xF3, 0x40, 0x0E, 0xFA,
    0x00, 0x0E, 0xFC, 0x00, 0x0E, 0xF4, 0x00, 0x0E, 0x00, 0x00, 0x00, 0x1D, 0x1D, 0x00, 0x10, 0x10,
    0x00, 0x00, 0x00, 0x38, 0x01, 0xF0, 0xE0, 0x0F, 0xC3, 0x80, 0xBB, 0x0E, 0x03, 0x6C, 0x38, 0x2C,
    0xB0, 0xE1, 0xD2, 0xC3, 0x8E, 0x0B, 0x0E, 0xB0, 0x2C, 0x3B, 0x80, 0xB0, 0xFC, 0x02, 0xC3, 0xD0,
    0x0B, 0x00, 0x00, 0x00, 0x00, 0x00, 0x0B, 0x0F, 0x00, 0x00, 0x00, 0x00, 0x00, 0x00, 0x00, 0x00,
    0x00, 0x00, 0x00, 0x00, 0x0B, 0xFE, 0x40, 0x07, 0xE9, 0xBE, 0x01, 0xF0, 0x00, 0xB8, 0x3C, 0x00,
    0x03, 0xD7, 0x80, 0x00, 0x1E, 0xB4, 0x00, 0x00, 0xFB, 0x40, 0x00, 0x0F, 0xB4, 0x00, 0x00, 0xFB,
    0x40, 0x00, 0x0F, 0x78, 0x00, 0x01, 0xE3, 0xC0, 0x00, 0x3D, 0x1F, 0x00, 0x0B, 0x80, 0xBE, 0x9B,
    0xE0, 0x00, 0xBF, 0xE4, 0x00, 0x00, 0x00, 0x00, 0x2C, 0x2C, 0x00, 0x10, 0x00, 0x00, 0x00, 0x00,
    0x06, 0xFE, 0x00, 0x7E, 0x6F, 0x03, 0xC0, 0x1F, 0x2D, 0x00, 0x3C, 0xF0, 0x00, 0xB7, 0xC0, 0x01,
    0xDF, 0x00, 0x0B, 0x6D, 0x00, 0x3C, 0x3C, 0x01, 0xF0, 0x7E, 0x6F, 0x00, 0x2F, 0xE0, 0x00, 0x00,
    0xBF, 0xE4, 0x00, 0x7E, 0x9B, 0xE0, 0x1F, 0x00, 0x0B, 0x83, 0xC0, 0x00, 0x3D, 0x78, 0x00, 0x01,
    0xEB, 0x40, 0x00, 0x1F, 0xBF, 0xFF, 0xFF, 0xFB, 0x95, 0x55, 0x5F, 0xB4, 0x00, 0x00, 0xF7, 0x80,
    0x00, 0x1E, 0x3C, 0x00, 0x03, 0xD1, 0xF0, 0x00, 0xB8, 0x0B, 0xE9, 0xBE, 0x00, 0x0B, 0xFE, 0x40,
    0x06, 0xFE, 0x00, 0x7E, 0xAF, 0x03, 0xC0, 0x1F, 0x2D, 0x00, 0x3C, 0xF4, 0x00, 0xB7, 0xFF, 0xFF,
    0xDF, 0x55, 0x5B, 0x6D, 0x00, 0x2C, 0x3C, 0x00, 0xF0, 0x7E, 0xAF, 0x00, 0x2F, 0xE0, 0x00, 0x00,
    0x00, 0x00, 0x00, 0x0B, 0x0F, 0x00, 0x00, 0x00, 0x00, 0x00, 0x00, 0x00, 0x00, 0x00, 0xBF, 0xE4,
    0x00, 0x7E, 0x9B, 0xE0, 0x1F, 0x00, 0x0B, 0x83, 0xC0, 0x00, 0x3D, 0x78, 0x00, 0x01, 0xEB, 0x40,
    0x00, 0x1F, 0xBF, 0xFF, 0xFF, 0xFB, 0x95, 0x55, 0x5F, 0xB4, 0x00, 0x00, 0xF7, 0x80, 0x00, 0x1E,
    0x3C, 0x00, 0x03, 0xD1, 0xF0, 0x00, 0xB8, 0x0B, 0xE9, 0xBE, 0x00, 0x0B, 0xFE, 0x40, 0x00, 0x00,
    0x00, 0x2C, 0x2C, 0x00, 0x10, 0x00, 0x00, 0x00, 0x00, 0x06, 0xFE, 0x00, 0x7E, 0xAF, 0x03, 0xC0,
    0x1F, 0x2D, 0x00, 0x3C, 0xF4, 0x00, 0xB7, 0xFF, 0xFF, 0xDF, 0x55, 0x5B, 0x6D, 0x00, 0x2C, 0x3C,
    0x00, 0xF0, 0x7E, 0xAF, 0x00, 0x2F, 0xE0, 0x00, 0x00, 0x00, 0x00, 0x01, 0xD2, 0xC0, 0x00, 0x10,
    0x00, 0x00, 0x00, 0x00, 0x00, 0x00, 0x00, 0x00, 0x06, 0xFF, 0x90, 0x02, 0xE9, 0xBF, 0x00, 0x00,
    0x02, 0xF0, 0x00, 0x00, 0x2D, 0x00, 0x00, 0x03, 0xC0, 0x00, 0x00, 0xF0, 0x0F, 0xFF, 0xFC, 0x01,
    0x55, 0x5F, 0x00, 0x00, 0x03, 0xC0, 0x00, 0x00, 0xF0, 0x00, 0x00, 0xB4, 0x00, 0x00, 0xBC, 0x0F,
    0x9A, 0xFC, 0x01, 0xFF, 0xE4, 0x00, 0x00, 0x00, 0x01, 0xD1, 0xD0, 0x04, 0x04, 0x00, 0x00, 0x00,
    0x2F, 0xF4, 0x03, 0xAB, 0xF0, 0x00, 0x0B, 0x80, 0x00, 0x3C, 0x00, 0x03, 0xC0, 0xFF, 0xFD, 0x05,
    0x57, 0xC0, 0x00, 0x3C, 0x00, 0x07, 0x83, 0x9B, 0xF0, 0x2F, 0xF4, 0x00, 0x00, 0x00, 0x00, 0x00,
    0xBF, 0xF8, 0x00, 0x05, 0x54, 0x00, 0x00, 0x00, 0x00, 0x00, 0x00, 0x00, 0x2D, 0x00, 0x01, 0xE3,
    0xC0, 0x00, 0xF0, 0xB8, 0x00, 0x78, 0x0F, 0x00, 0x3C, 0x01, 0xE0, 0x0E, 0x00, 0x3C, 0x0B, 0x00,
    0x07, 0x83, 0x80, 0x00, 0xF2, 0xC0, 0x00, 0x1E, 0xE0, 0x00, 0x03, 0xF4, 0x00, 0x00, 0x7C, 0x00,
    0x00, 0x3C, 0x00, 0x01, 0xBD, 0x00, 0x01, 0xFD, 0x00, 0x00, 0x00, 0x00, 0x00, 0x3F, 0xFD, 0x00,
    0x55, 0x50, 0x00, 0x00, 0x00, 0xF0, 0x00, 0xB5, 0xE0, 0x03, 0xC3, 0xC0, 0x1E, 0x0B, 0x40, 0xB4,
    0x0E, 0x03, 0xC0, 0x3C, 0x1D, 0x00, 0x74, 0xB0, 0x00, 0xF3, 0x80, 0x02, 0xDD, 0x00, 0x03, 0xF0,
    0x00, 0x0F, 0x80, 0x00, 0x2C, 0x00, 0x00, 0xF0, 0x00, 0x0B, 0x40, 0x05, 0xB8, 0x00, 0x2F, 0x80,
    0x00, 0x00, 0x00, 0x00, 0x00, 0x74, 0x74, 0x00, 0x04, 0x04, 0x00, 0x00, 0x00, 0x00, 0x00, 0x00,
    0x00, 0x2D, 0x00, 0x01, 0xE3, 0xC0, 0x00, 0xF0, 0xB8, 0x00, 0x78, 0x0F, 0x00, 0x3C, 0x01, 0xE0,
    0x0E, 0x00, 0x3C, 0x0B, 0x00, 0x07, 0x83, 0x80, 0x00, 0xF2, 0xC0, 0x00, 0x1E, 0xE0, 0x00, 0x03,
    0xF4, 0x00, 0x00, 0x7C, 0x00, 0x00, 0x3C, 0x00, 0x01, 0xBD, 0x00, 0x01, 0xFD, 0x00, 0x00, 0x00,
    0x00, 0x00, 0x2C, 0x2C, 0x00, 0x10, 0x00, 0x00, 0x00, 0x00, 0xF0, 0x00, 0xB5, 0xE0, 0x03, 0xC3,
    0xC0, 0x1E, 0x0B, 0x40, 0xB4, 0x0E, 0x03, 0xC0, 0x3C, 0x1D, 0x00, 0x74, 0xB0, 0x00, 0xF3, 0x80,
    0x02, 0xDD, 0x00, 0x03, 0xF0, 0x00, 0x0F, 0x80, 0x00, 0x2C, 0x00, 0x00, 0xF0, 0x00, 0x0B, 0x40,
    0x05, 0xB8, 0x00, 0x2F, 0x80, 0x00, 0x00, 0x1F, 0x2D, 0x00, 0x0F, 0x0E, 0x00, 0x0B, 0x0E, 0x00,
    0x00, 0x00, 0x00, 0x00, 0x00, 0x00, 0x2D, 0x00, 0x01, 0xE3, 0xC0, 0x00, 0xF0, 0xB8, 0x00, 0x78,
    0x0F, 0x00, 0x3C, 0x01, 0xE0, 0x0E, 0x00, 0x3C, 0x0B, 0x00, 0x07, 0x83, 0x80, 0x00, 0xF2, 0xC0,
    0x00, 0x1E, 0xE0, 0x00, 0x03, 0xF4, 0x00, 0x00, 0x7C, 0x00, 0x00, 0x3C, 0x00, 0x01, 0xBD, 0x00,
    0x01, 0xFD, 0x00, 0x00, 0x00, 0xF4, 0xF0, 0x07, 0x4B, 0x00, 0x34, 0x70, 0x00, 0x00, 0x00, 0xF0,
    0x00, 0xB5, 0xE0, 0x03, 0xC3, 0xC0, 0x1E, 0x0B, 0x40, 0xB4, 0x0E, 0x03, 0xC0, 0x3C, 0x1E, 0x00,
    0x74, 0xB0, 0x00, 0xF3, 0xC0, 0x02, 0xDD, 0x00, 0x03, 0xF0, 0x00, 0x0F, 0x80, 0x00, 0x2C, 0x00,
    0x00, 0xF0, 0x00, 0x0B, 0x40, 0x05, 0xB8, 0x00, 0x2F, 0x80, 0x00, 0x00, 0x00, 0x00, 0x0E, 0x0E,
    0x00, 0x00, 0x00, 0x00, 0x00, 0x00, 0x00, 0x00, 0x01, 0xD0, 0x00, 0xF7, 0x40, 0x03, 0xDD, 0x00,
    0x0F, 0x74, 0x00, 0x3D, 0xD0, 0x00, 0xF7, 0x80, 0x03, 0xCF, 0x40, 0x1F, 0x1F, 0xFF, 0xFC, 0x06,
    0x94, 0xF0, 0x00, 0x03, 0xC0, 0x00, 0x0F, 0x00, 0x00, 0x3C, 0x00, 0x00, 0xF0, 0x00, 0x03, 0xC0,
    0x00, 0x00, 0x00, 0xF0, 0xE0, 0x00, 0x00, 0x00, 0x00, 0x00, 0xF0, 0x01, 0xEF, 0x00, 0x1E, 0xF0,
    0x01, 0xEB, 0x00, 0x1E, 0xB4, 0x01, 0xE7, 0xD0, 0x7E, 0x2F, 0xFF, 0xE0, 0x14, 0x1E, 0x00, 0x01,
    0xE0, 0x00, 0x1E, 0x00, 0x01, 0xE0, 0xFF, 0xFF, 0xBD, 0x55, 0x5F, 0x00, 0x03, 0xC0, 0x00, 0xF0,
    0x00, 0x3C, 0x00, 0x0F, 0x00, 0x03, 0xC0, 0x00, 0xF0, 0x00, 0x3C, 0x00, 0x0F, 0x00, 0x03, 0xC0,
    0x00, 0xF0, 0x00, 0x3F, 0x80, 0x00, 0xE0, 0x00, 0x38, 0x00, 0x0E, 0x00, 0x03, 0x80, 0x00, 0x3F,
    0xFE, 0x3D, 0x55, 0x38, 0x00, 0x38, 0x00, 0x38, 0x00, 0x38, 0x00, 0x38, 0x00, 0x38, 0x00, 0x38,
    0x00, 0x38, 0x00, 0x3F, 0x40, 0x0B, 0x40, 0x0B, 0x40, 0x0B, 0x40, 0x0B, 0x40, 0x00, 0x00, 0x00,
    0x00, 0x0F, 0x0E, 0x00, 0x00, 0x00, 0x00, 0x00, 0x00, 0x00, 0x00, 0x00, 0x00, 0x00, 0x0F, 0x00,
    0x00, 0x0E, 0xF0, 0x00, 0x00, 0xEF, 0x00, 0x00, 0x0E, 0xF0, 0x00, 0x00, 0xEF, 0x00, 0x00, 0x0E,
    0xFF, 0xF9, 0x00, 0xEF, 0xAA, 0xF8, 0x0E, 0xF0, 0x03, 0xC0, 0xEF, 0x00, 0x2D, 0x0E, 0xF0, 0x01,
    0xE0, 0xEF, 0x00, 0x2D, 0x0E, 0xF0, 0x03, 0xC0, 0xEF, 0xAB, 0xF4, 0x0E, 0xFF, 0xF8, 0x00, 0xE0,
    0x00, 0x00, 0x00, 0x00, 0x0F, 0x0E, 0x00, 0x00, 0x00, 0x00, 0x00, 0x00, 0x00, 0x00, 0x38, 0x00,
    0x03, 0xC3, 0x80, 0x00, 0x3C, 0x38, 0x00, 0x03, 0xC3, 0x80, 0x00, 0x3C, 0x3F, 0xFE, 0x03, 0xC3,
    0x95, 0xBC, 0x3C, 0x38, 0x03, 0xC3, 0xC3, 0x80, 0x2D, 0x3C, 0x38, 0x03, 0xC3, 0xC3, 0xD6, 0xF8,
    0x3C, 0x3F, 0xFD, 0x03, 0xC0, 0x0F, 0xFF, 0xF8, 0x3D, 0x55, 0x50, 0xF0, 0x00, 0x03, 0xC0, 0x00,
    0x0F, 0x00, 0x00, 0x3C, 0x00, 0x0B, 0xFF, 0xF0, 0x07, 0xD5, 0x40, 0x0F, 0x00, 0x00, 0x3C, 0x00,
    0x00, 0xF0, 0x00, 0x03, 0xC0, 0x00, 0x0F, 0x90, 0x00, 0x3F, 0x80, 0x00, 0x0E, 0x00, 0x00, 0x34,
    0x00, 0x0B, 0xD0, 0x00, 0x3E, 0x00, 0x00, 0x1F, 0xFF, 0x87, 0xD5, 0x51, 0xE0, 0x00, 0x78, 0x00,
    0x1E, 0x00, 0x3F, 0xFF, 0x05, 0xE5, 0x40, 0x78, 0x00, 0x1E, 0x00, 0x07, 0x90, 0x01, 0xFC, 0x00,
    0x07, 0x00, 0x01, 0xC0, 0x00, 0xB0, 0x02, 0xF8, 0x00, 0x10, 0x00, 0x7C, 0x00, 0x2D, 0x0B, 0x40,
    0x0E, 0x00, 0xF0, 0x0F, 0x00, 0x0F, 0x0B, 0x40, 0x02, 0xD3, 0x80, 0x00, 0x3F, 0xC0, 0x00, 0x03,
    0xD0, 0x00, 0x02, 0xF8, 0x00, 0x00, 0xEB, 0x40, 0x00, 0xF0, 0xF0, 0x00, 0xB4, 0x1F, 0x00, 0x38,
    0x02, 0xD0, 0x3C, 0x00, 0x3E, 0x6D, 0x00, 0x07, 0xE0, 0x00, 0x00, 0x38, 0x00, 0x00, 0x0E, 0x00,
    0x00, 0x2B, 0x40, 0x00, 0x0F, 0x80, 0x3C, 0x00, 0xF0, 0x1E, 0x02, 0xD0, 0x0B, 0x47, 0x80, 0x03,
    0xCF, 0x00, 0x00, 0xFC, 0x00, 0x00, 0xFC, 0x00, 0x01, 0xFD, 0x00, 0x03, 0xCF, 0x00, 0x0F, 0x03,
    0xC0, 0x2D, 0x01, 0xE4, 0x7C, 0x00, 0xFC, 0x00, 0x00, 0x2C, 0x00, 0x00, 0x2C, 0x00, 0x01, 0xBC,
    0x00, 0x01, 0xF4, 0x7C, 0x00, 0x2D, 0x0B, 0x80, 0x1E, 0x00, 0xB4, 0x0F, 0x00, 0x0F, 0x0B, 0x00,
    0x01, 0xE7, 0x40, 0x06, 0xBF, 0xEA, 0x02, 0xFF, 0xFF, 0xC0, 0x03, 0xFC, 0x00, 0x01, 0xE7, 0x80,
    0x00, 0xF0, 0xF0, 0x00, 0xB4, 0x0F, 0x00, 0x78, 0x02, 0xE0, 0x3C, 0x00, 0x3C, 0x2D, 0x00, 0x07,
    0xC0, 0x3C, 0x00, 0xF0, 0x78, 0x0B, 0x40, 0xB4, 0x78, 0x00, 0xF3, 0xC0, 0x01, 0xFD, 0x00, 0xFF,
    0xFF, 0xC0, 0x6F, 0xE4, 0x00, 0xF3, 0xC0, 0x0B, 0x47, 0x80, 0x78, 0x0B, 0x87, 0xC0, 0x0F, 0x40,
    0x00, 0x1E, 0x00, 0x00, 0x03, 0xF0, 0x00, 0x00, 0x3B, 0x80, 0x00, 0x0B, 0x3C, 0x00, 0x00, 0xE1,
    0xD0, 0x00, 0x1D, 0x0F, 0x00, 0x03, 0xC0, 0xB0, 0x00, 0x78, 0x03, 0x80, 0x0B, 0xFF, 0xFC, 0x00,
    0xFA, 0xAA, 0xD0, 0x2D, 0x00, 0x0F, 0x03, 0xC0, 0x00, 0xB0, 0x74, 0x00, 0x07, 0x8F, 0x00, 0x00,
    0x3C, 0x00, 0x00, 0x00, 0x00, 0x00, 0x00, 0x00, 0x00, 0x0E, 0x00, 0x00, 0x00, 0xE0, 0x00, 0x02,
    0xFF, 0x40, 0xBA, 0xBD, 0x00, 0x00, 0xF0, 0x00, 0x0F, 0x00, 0x00, 0xF0, 0x7F, 0xFF, 0x2F, 0x95,
    0xF3, 0xC0, 0x0F, 0x3C, 0x01, 0xF2, 0xFA, 0xFF, 0x0B, 0xF8, 0x70, 0x00, 0x00, 0x00, 0x00, 0x00,
    0x03, 0xC0, 0x00, 0x38, 0x00, 0x00, 0x00, 0x00, 0x00, 0x03, 0xF0, 0x00, 0x00, 0x17, 0x80, 0x00,
    0x00, 0x38, 0x00, 0x00, 0x1D, 0x00, 0x00, 0x00, 0xC0, 0x00, 0x00, 0x00, 0x00, 0x00, 0x00, 0x00,
    0x00, 0x00, 0x1E, 0x00, 0x00, 0x03, 0xF0, 0x00, 0x00, 0x3B, 0x80, 0x00, 0x0B, 0x3C, 0x00, 0x00,
    0xE1, 0xD0, 0x00, 0x1D, 0x0F, 0x00, 0x03, 0xC0, 0xB0, 0x00, 0x78, 0x03, 0x80, 0x0B, 0xFF, 0xFC,
    0x00, 0xFA, 0xAA, 0xD0, 0x2D, 0x00, 0x0F, 0x03, 0xC0, 0x00, 0xB0, 0x74, 0x00, 0x07, 0x8F, 0x00,
    0x00, 0x3C, 0x00, 0x00, 0x00, 0x0F, 0xD0, 0x00, 0x5F, 0x00, 0x00, 0xB0, 0x00, 0x38, 0x00, 0x03,
    0x00, 0x00, 0x00, 0x00, 0x2F, 0xF4, 0x0B, 0xAB, 0xD0, 0x00, 0x0F, 0x00, 0x00, 0xF0, 0x00, 0x0F,
    0x07, 0xFF, 0xF2, 0xF9, 0x5F, 0x3C, 0x00, 0xF3, 0xC0, 0x1F, 0x2F, 0xAF, 0xF0, 0xBF, 0x87, 0x00,
    0x00, 0x05, 0x00, 0x01, 0x91, 0xD0, 0x00, 0x3F, 0x50, 0x00, 0x0E, 0x2C, 0x00, 0x00, 0x40, 0x50,
    0x00, 0x00, 0x00, 0x00, 0x00, 0x1E, 0x00, 0x00, 0x03, 0xF0, 0x00, 0x00, 0x3B, 0x80, 0x00, 0x0B,
    0x3C, 0x00, 0x00, 0xE1, 0xD0, 0x00, 0x1D, 0x0F, 0x00, 0x03, 0xC0, 0xB0, 0x00, 0x78, 0x03, 0x80,
    0x0B, 0xFF, 0xFC, 0x00, 0xFA, 0xAA, 0xD0, 0x2D, 0x00, 0x0F, 0x03, 0xC0, 0x00, 0xB0, 0x74, 0x00,
    0x07, 0x8F, 0x00, 0x00, 0x3C, 0x00, 0x00, 0x18, 0x00, 0x00, 0x38, 0x00, 0xBC, 0xA0, 0x01, 0xDB,
    0x00, 0x02, 0x01, 0x80, 0x00, 0x00, 0x00, 0x02, 0xFF, 0x40, 0x0B, 0xAB, 0xD0, 0x00, 0x00, 0xF0,
    0x00, 0x00, 0xF0, 0x00, 0x00, 0xF0, 0x07, 0xFF, 0xF0, 0x2F, 0x95, 0xF0, 0x3C, 0x00, 0xF0, 0x3C,
    0x01, 0xF0, 0x2F, 0xAF, 0xF0, 0x0B, 0xF8, 0x70, 0x14, 0x00, 0x00, 0x00, 0xE1, 0x90, 0x00, 0x01,
    0x7F, 0x40, 0x00, 0x0E, 0x2C, 0x00, 0x01, 0x40, 0x50, 0x00, 0x00, 0x00, 0x00, 0x00, 0x1E, 0x00,
    0x00, 0x03, 0xF0, 0x00, 0x00, 0x3B, 0x80, 0x00, 0x0B, 0x3C, 0x00, 0x00, 0xE1, 0xD0, 0x00, 0x1D,
    0x0F, 0x00, 0x03, 0xC0, 0xB0, 0x00, 0x78, 0x03, 0x80, 0x0B, 0xFF, 0xFC, 0x00, 0xFA, 0xAA, 0xD0,
    0x2D, 0x00, 0x0F, 0x03, 0xC0, 0x00, 0xB0, 0x74, 0x00, 0x07, 0x8F, 0x00, 0x00, 0x3C, 0x60, 0x00,
    0x03, 0x80, 0x00, 0x0D, 0xBC, 0x00, 0x1D, 0xB0, 0x02, 0x01, 0x80, 0x00, 0x00, 0x02, 0xFF, 0x40,
    0xBA, 0xBD, 0x00, 0x00, 0xF0, 0x00, 0x0F, 0x00, 0x00, 0xF0, 0x7F, 0xFF, 0x2F, 0x95, 0xF3, 0xC0,
    0x0F, 0x3C, 0x01, 0xF2, 0xFA, 0xFF, 0x0B, 0xF8, 0x70, 0x00, 0x00, 0x00, 0x00, 0x00, 0x07, 0xC0,
    0x00, 0x00, 0x1D, 0x00, 0x00, 0x01, 0x80, 0x00, 0x2F, 0x30, 0x00, 0x0B, 0x78, 0x00, 0x01, 0xC0,
    0xD0, 0x00, 0x00, 0x00, 0x00, 0x00, 0x1E, 0x00, 0x00, 0x03, 0xF0, 0x00, 0x00, 0x3B, 0x80, 0x00,
    0x0B, 0x3C, 0x00, 0x00, 0xE1, 0xD0, 0x00, 0x1D, 0x0F, 0x00, 0x03, 0xC0, 0xB0, 0x00, 0x78, 0x03,
    0x80, 0x0B, 0xFF, 0xFC, 0x00, 0xFA, 0xAA, 0xD0, 0x2D, 0x00, 0x0F, 0x03, 0xC0, 0x00, 0xB0, 0x74,
    0x00, 0x07, 0x8F, 0x00, 0x00, 0x3C, 0x00, 0x00, 0x00, 0x00, 0x03, 0xD0, 0x00, 0x06, 0x80, 0x00,
    0x09, 0x00, 0x7D, 0x50, 0x07, 0x6C, 0x00, 0x20, 0x18, 0x00, 0x00, 0x00, 0x02, 0xFF, 0x40, 0x2E,
    0xAF, 0x40, 0x00, 0x0F, 0x00, 0x00, 0x3C, 0x00, 0x00, 0xF0, 0x1F, 0xFF, 0xC2, 0xF9, 0x5F, 0x0F,
    0x00, 0x3C, 0x3C, 0x01, 0xF0, 0xBE, 0xBF, 0xC0, 0xBF, 0x87, 0x00, 0x00, 0xB9, 0x70, 0x00, 0x1E,
    0xFD, 0x00, 0x00, 0x00, 0x00, 0x00, 0x02, 0xF0, 0x00, 0x00, 0x7B, 0x80, 0x00, 0x1D, 0x0E, 0x00,
    0x00, 0x00, 0x00, 0x00, 0x01, 0xE0, 0x00, 0x00, 0x3F, 0x00, 0x00, 0x03, 0xB8, 0x00, 0x00, 0xB3,
    0xC0, 0x00, 0x0E, 0x1D, 0x00, 0x01, 0xD0, 0xF0, 0x00, 0x3C, 0x0B, 0x00, 0x07, 0x80, 0x38, 0x00,
    0xBF, 0xFF, 0xC0, 0x0F, 0xAA, 0xAD, 0x02, 0xD0, 0x00, 0xF0, 0x3C, 0x00, 0x0B, 0x07, 0x40, 0x00,
    0x78, 0xF0, 0x00, 0x03, 0xC0, 0x02, 0xE5, 0xC0, 0x3B, 0xF8, 0x00, 0x01, 0x00, 0x0B, 0xC0, 0x01,
    0xEF, 0x00, 0x34, 0x28, 0x00, 0x00, 0x00, 0x2F, 0xF4, 0x0B, 0xAB, 0xD0, 0x00, 0x0F, 0x00, 0x00,
    0xF0, 0x00, 0x0F, 0x07, 0xFF, 0xF2, 0xF9, 0x5F, 0x3C, 0x00, 0xF3, 0xC0, 0x1F, 0x2F, 0xAF, 0xF0,
    0xBF, 0x87, 0x00, 0x2F, 0x00, 0x00, 0x0B, 0xBC, 0x00, 0x02, 0xD0, 0xB0, 0x00, 0x00, 0x00, 0x00,
    0x00, 0x00, 0x00, 0x00, 0x01, 0xE0, 0x00, 0x00, 0x3F, 0x00, 0x00, 0x03, 0xB8, 0x00, 0x00, 0xB3,
    0xC0, 0x00, 0x0E, 0x1D, 0x00, 0x01, 0xD0, 0xF0, 0x00, 0x3C, 0x0B, 0x00, 0x07, 0x80, 0x38, 0x00,
    0xBF, 0xFF, 0xC0, 0x0F, 0xAA, 0xAD, 0x02, 0xD0, 0x00, 0xF0, 0x3C, 0x00, 0x0B, 0x07, 0x40, 0x00,
    0x78, 0xF0, 0x00, 0x03, 0xC0, 0x00, 0x00, 0x00, 0x00, 0x00, 0x00, 0x00, 0x00, 0xE0, 0x00, 0x00,
    0x0E, 0x00, 0x00, 0x00, 0x7C, 0x00, 0x1E, 0xF0, 0x07, 0x42, 0xC0, 0x00, 0x00, 0x02, 0xFF, 0x40,
    0xBA, 0xBD, 0x00, 0x00, 0xF0, 0x00, 0x0F, 0x00, 0x00, 0xF0, 0x7F, 0xFF, 0x2F, 0x95, 0xF3, 0xC0,
    0x0F, 0x3C, 0x01, 0xF2, 0xFA, 0xFF, 0x0B, 0xF8, 0x70, 0x00, 0x00, 0x00, 0x00, 0x00, 0x07, 0x80,
    0x00, 0x38, 0x00, 0x00, 0x01, 0x40, 0x00, 0x00, 0x34, 0x00, 0x00, 0x0E, 0x00, 0x00, 0x1C, 0x0A,
    0x00, 0x00, 0xBF, 0xC0, 0x00, 0x00, 0x00, 0x00, 0x00, 0x00, 0x00, 0x00, 0x01, 0xE0, 0x00, 0x00,
    0x3F, 0x00, 0x00, 0x03, 0xB8, 0x00, 0x00, 0xB3, 0xC0, 0x00, 0x0E, 0x1D, 0x00, 0x01, 0xD0, 0xF0,
    0x00, 0x3C, 0x0B, 0x00, 0x07, 0x80, 0x38, 0x00, 0xBF, 0xFF, 0xC0, 0x0F, 0xAA, 0xAD, 0x02, 0xD0,
    0x00, 0xF0, 0x3C, 0x00, 0x0B, 0x07, 0x40, 0x00, 0x78, 0xF0, 0x00, 0x03, 0xC0, 0x00, 0x0F, 0x00,
    0x02, 0xC0, 0x03, 0x01, 0xC0, 0x34, 0x38, 0x01, 0xFE, 0x00, 0x00, 0x00, 0x02, 0xFF, 0x40, 0xBA,
    0xBD, 0x00, 0x00, 0xF0, 0x00, 0x0F, 0x00, 0x00, 0xF0, 0x6F, 0xFF, 0x1F, 0x50, 0xF3, 0xC0, 0x0F,
    0x3C, 0x01, 0xF2, 0xE5, 0xBF, 0x0B, 0xF8, 0x70, 0x00, 0x50, 0x00, 0x00, 0x07, 0x40, 0x00, 0x00,
    0x1C, 0x00, 0x00, 0x1C, 0x0A, 0x00, 0x00, 0xBF, 0xC0, 0x00, 0x00, 0x00, 0x00, 0x00, 0x00, 0x00,
    0x00, 0x01, 0xE0, 0x00, 0x00, 0x3F, 0x00, 0x00, 0x03, 0xB8, 0x00, 0x00, 0xB3, 0xC0, 0x00, 0x0E,
    0x1D, 0x00, 0x01, 0xD0, 0xF0, 0x00, 0x3C, 0x0B, 0x00, 0x07, 0x80, 0x38, 0x00, 0xBF, 0xFF, 0xC0,
    0x0F, 0xAA, 0xAD, 0x02, 0xD0, 0x00, 0xF0, 0x3C, 0x00, 0x0B, 0x07, 0x40, 0x00, 0x78, 0xF0, 0x00,
    0x03, 0xC0, 0x01, 0xD0, 0x00, 0x07, 0x00, 0x03, 0x01, 0xC0, 0x34, 0x34, 0x01, 0xFE, 0x00, 0x00,
    0x00, 0x02, 0xFF, 0x40, 0xBA, 0xBD, 0x00, 0x00, 0xF0, 0x00, 0x0F, 0x00, 0x00, 0xF0, 0x6F, 0xFF,
    0x1F, 0x50, 0xF3, 0xC0, 0x0F, 0x3C, 0x01, 0xF2, 0xE5, 0xBF, 0x0B, 0xF8, 0x70, 0x00, 0x00, 0x00,
    0x00, 0x02, 0xF0, 0x00, 0x00, 0x07, 0x00, 0x00, 0x00, 0x90, 0x00, 0x01, 0xD0, 0xE0, 0x00, 0x0B,
    0xFC, 0x00, 0x00, 0x04, 0x00, 0x00, 0x00, 0x00, 0x00, 0x00, 0x1E, 0x00, 0x00, 0x03, 0xF0, 0x00,
    0x00, 0x3B, 0x80, 0x00, 0x0B, 0x3C, 0x00, 0x00, 0xE1, 0xD0, 0x00, 0x1D, 0x0F, 0x00, 0x03, 0xC0,
    0xB0, 0x00, 0x78, 0x03, 0x80, 0x0B, 0xFF, 0xFC, 0x00, 0xFA, 0xAA, 0xD0, 0x2D, 0x00, 0x0F, 0x03,
    0xC0, 0x00, 0xB0, 0x74, 0x00, 0x07, 0x8F, 0x00, 0x00, 0x3C, 0x00, 0x00, 0x00, 0x07, 0xC0, 0x00,
    0x1D, 0x00, 0x02, 0x80, 0x03, 0x01, 0xC0, 0x38, 0x38, 0x01, 0xFF, 0x00, 0x01, 0x00, 0x02, 0xFF,
    0x40, 0xBA, 0xBD, 0x00, 0x00, 0xF0, 0x00, 0x0F, 0x00, 0x00, 0xF0, 0x6F, 0xFF, 0x1F, 0x50, 0xF3,
    0xC0, 0x0F, 0x3C, 0x01, 0xF2, 0xE5, 0xBF, 0x0B, 0xF8, 0x70, 0x00, 0x00, 0x00, 0x00, 0x0F, 0xD7,
    0x00, 0x01, 0xDF, 0xD0, 0x00, 0x00, 0x04, 0x00, 0x01, 0xD0, 0xE0, 0x00, 0x0B, 0xFC, 0x00, 0x00,
    0x04, 0x00, 0x00, 0x00, 0x00, 0x00, 0x00, 0x1E, 0x00, 0x00, 0x03, 0xF0, 0x00, 0x00, 0x3B, 0x80,
    0x00, 0x0B, 0x3C, 0x00, 0x00, 0xE1, 0xD0, 0x00, 0x1D, 0x0F, 0x00, 0x03, 0xC0, 0xB0, 0x00, 0x78,
    0x03, 0x80, 0x0B, 0xFF, 0xFC, 0x00, 0xFA, 0xAA, 0xD0, 0x2D, 0x00, 0x0F, 0x03, 0xC0, 0x00, 0xB0,
    0x74, 0x00, 0x07, 0x8F, 0x00, 0x00, 0x3C, 0x00, 0x00, 0x00, 0x2F, 0x4C, 0x03, 0x6F, 0x80, 0x00,
    0x00, 0x03, 0x01, 0xC0, 0x38, 0x74, 0x01, 0xFF, 0x00, 0x01, 0x00, 0x02, 0xFF, 0x40, 0xBA, 0xBD,
    0x00, 0x00, 0xF0, 0x00, 0x0F, 0x00, 0x00, 0xF0, 0x6F, 0xFF, 0x1F, 0x50, 0xF3, 0xC0, 0x0F, 0x3C,
    0x01, 0xF2, 0xE5, 0xBF, 0x0B, 0xF8, 0x70, 0x00, 0x00, 0x00, 0x00, 0x1D, 0x0B, 0x00, 0x00, 0xBF,
    0xC0, 0x00, 0x00, 0x40, 0x00, 0x00, 0x00, 0x00, 0x00, 0x00, 0x00, 0x00, 0x00, 0x1E, 0x00, 0x00,
    0x03, 0xF0, 0x00, 0x00, 0x3B, 0x80, 0x00, 0x0B, 0x3C, 0x00, 0x00, 0xE1, 0xD0, 0x00, 0x1D, 0x0F,
    0x00, 0x03, 0xC0, 0xB0, 0x00, 0x78, 0x03, 0x80, 0x0B, 0xFF, 0xFC, 0x00, 0xFA, 0xAA, 0xD0, 0x2D,
    0x00, 0x0F, 0x03, 0xC0, 0x00, 0xB0, 0x74, 0x00, 0x07, 0x8F, 0x00, 0x00, 0x3C, 0x00, 0x00, 0x00,
    0x00, 0x00, 0x00, 0x00, 0x00, 0x0E, 0x00, 0x00, 0x00, 0xE0, 0x00, 0x00, 0x00, 0x00, 0x34, 0x1C,
    0x01, 0xFF, 0x40, 0x01, 0x40, 0x00, 0x00, 0x00, 0x2F, 0xF4, 0x0B, 0xAB, 0xD0, 0x00, 0x0F, 0x00,
    0x00, 0xF0, 0x00, 0x0F, 0x07, 0xFF, 0xF2, 0xF9, 0x5F, 0x3C, 0x00, 0xF3, 0xC0, 0x1F, 0x2F, 0xAF,
    0xF0, 0xBF, 0x87, 0x00, 0x00, 0x00, 0x00, 0x00, 0x00, 0x74, 0x00, 0x07, 0x40, 0xFF, 0xFF, 0x7D,
    0x55, 0x4F, 0x00, 0x03, 0xC0, 0x00, 0xF0, 0x00, 0x3C, 0x00, 0x0F, 0xFF, 0xF3, 0xD5, 0x54, 0xF0,
    0x00, 0x3C, 0x00, 0x0F, 0x00, 0x03, 0xC0, 0x00, 0xF5, 0x55, 0x3F, 0xFF, 0xD0, 0x00, 0x00, 0x00,
    0x00, 0x02, 0xC0, 0x00, 0xB0, 0x00, 0x06, 0xFD, 0x01, 0xFA, 0xF8, 0x38, 0x02, 0xDB, 0x40, 0x1E,
    0xFF, 0xFF, 0xEF, 0x55, 0x54, 0xF0, 0x00, 0x0B, 0x40, 0x00, 0x3C, 0x00, 0x01, 0xF9, 0xAC, 0x02,
    0xFF, 0x80, 0x00, 0x00, 0x00, 0x00, 0x00, 0x0B, 0x00, 0x00, 0xB0, 0x00, 0x00, 0x00, 0x01, 0xFC,
    0x00, 0x1B, 0x40, 0x00, 0xD0, 0x02, 0xD0, 0x00, 0x60, 0x00, 0x00, 0x00, 0x00, 0x00, 0xFF, 0xFF,
    0x7D, 0x55, 0x4F, 0x00, 0x03, 0xC0, 0x00, 0xF0, 0x00, 0x3C, 0x00, 0x0F, 0xFF, 0xF3, 0xD5, 0x54,
    0xF0, 0x00, 0x3C, 0x00, 0x0F, 0x00, 0x03, 0xC0, 0x00, 0xF5, 0x55, 0x3F, 0xFF, 0xD0, 0x00, 0x00,
    0x00, 0x1F, 0x80, 0x00, 0x6D, 0x00, 0x00, 0xD0, 0x00, 0x78, 0x00, 0x0A, 0x00, 0x00, 0x00, 0x00,
    0x6F, 0xD0, 0x1F, 0xAF, 0x83, 0x80, 0x2D, 0xB4, 0x01, 0xEF, 0xFF, 0xFE, 0xF5, 0x55, 0x4F, 0x00,
    0x00, 0xB4, 0x00, 0x03, 0xC0, 0x00, 0x1F, 0x9A, 0xC0, 0x2F, 0xF8, 0x00, 0x00, 0x0B, 0xE5, 0xC7,
    0x6F, 0xE0, 0x00, 0x00, 0x00, 0x00, 0x00, 0x00, 0x0F, 0xFF, 0xF7, 0xD5, 0x54, 0xF0, 0x00, 0x3C,
    0x00, 0x0F, 0x00, 0x03, 0xC0, 0x00, 0xFF, 0xFF, 0x3D, 0x55, 0x4F, 0x00, 0x03, 0xC0, 0x00, 0xF0,
    0x00, 0x3C, 0x00, 0x0F, 0x55, 0x53, 0xFF, 0xFD, 0x00, 0x00, 0x00, 0xFD, 0x28, 0x29, 0xBF, 0x01,
    0x00, 0x40, 0x00, 0x00, 0x00, 0x6F, 0xD0, 0x1F, 0xAF, 0x83, 0x80, 0x2D, 0xB4, 0x01, 0xEF, 0xFF,
    0xFE, 0xF5, 0x55, 0x4F, 0x00, 0x00, 0xB4, 0x00, 0x03, 0xC0, 0x00, 0x1F, 0x9A, 0xC0, 0x2F, 0xF8,
    0x00, 0x00, 0x90, 0x18, 0x38, 0x0B, 0xF5, 0x01, 0xD3, 0x80, 0x10, 0x04, 0x00, 0x00, 0x00, 0xFF,
    0xFF, 0x4F, 0x55, 0x50, 0xF0, 0x00, 0x0F, 0x00, 0x00, 0xF0, 0x00, 0x0F, 0x00, 0x00, 0xFF, 0xFF,
    0x0F, 0x55, 0x50, 0xF0, 0x00, 0x0F, 0x00, 0x00, 0xF0, 0x00, 0x0F, 0x00, 0x00, 0xF5, 0x55, 0x0F,
    0xFF, 0xF4, 0x00, 0x00, 0x20, 0x00, 0x03, 0xC0, 0x1F, 0x58, 0x00, 0xEB, 0x40, 0x09, 0x06, 0x00,
    0x00, 0x00, 0x00, 0x6F, 0xD0, 0x07, 0xEB, 0xE0, 0x38, 0x02, 0xD2, 0xD0, 0x07, 0x8F, 0xFF, 0xFE,
    0x3D, 0x55, 0x50, 0xF0, 0x00, 0x02, 0xD0, 0x00, 0x03, 0xC0, 0x00, 0x07, 0xE6, 0xB0, 0x02, 0xFF,
    0x80, 0x14, 0x00, 0x00, 0x74, 0x60, 0x00, 0x17, 0xF0, 0x00, 0x74, 0xF0, 0x01, 0x00, 0x40, 0x00,
    0x00, 0x00, 0xFF, 0xFF, 0x43, 0xD5, 0x54, 0x0F, 0x00, 0x00, 0x3C, 0x00, 0x00, 0xF0, 0x00, 0x03,
    0xC0, 0x00, 0x0F, 0xFF, 0xF0, 0x3D, 0x55, 0x40, 0xF0, 0x00, 0x03, 0xC0, 0x00, 0x0F, 0x00, 0x00,
    0x3C, 0x00, 0x00, 0xF5, 0x55, 0x03, 0xFF, 0xFD, 0x24, 0x00, 0x00, 0xB0, 0x00, 0x00, 0xA7, 0xD0,
    0x00, 0x39, 0xD0, 0x02, 0x41, 0x80, 0x00, 0x00, 0x00, 0x1B, 0xF4, 0x01, 0xFA, 0xF8, 0x0E, 0x00,
    0xB4, 0xB4, 0x01, 0xE3, 0xFF, 0xFF, 0x8F, 0x55, 0x54, 0x3C, 0x00, 0x00, 0xB4, 0x00, 0x00, 0xF0,
    0x00, 0x01, 0xF9, 0xAC, 0x00, 0xBF, 0xE0, 0x00, 0x00, 0x00, 0x00, 0xB8, 0x00, 0x05, 0xC0, 0x00,
    0x28, 0x03, 0xD2, 0x00, 0xE7, 0x40, 0x28, 0x1C, 0x00, 0x00, 0x00, 0xFF, 0xFF, 0x4F, 0x55, 0x50,
    0xF0, 0x00, 0x0F, 0x00, 0x00, 0xF0, 0x00, 0x0F, 0x00, 0x00, 0xFF, 0xFF, 0x0F, 0x55, 0x50, 0xF0,
    0x00, 0x0F, 0x00, 0x00, 0xF0, 0x00, 0x0F, 0x00, 0x00, 0xF5, 0x55, 0x0F, 0xFF, 0xF4, 0x00, 0x00,
    0x00, 0x00, 0x3D, 0x00, 0x01, 0xB0, 0x00, 0x09, 0x01, 0xF5, 0x40, 0x7A, 0xC0, 0x09, 0x06, 0x00,
    0x00, 0x00, 0x06, 0xFD, 0x01, 0xFA, 0xF8, 0x38, 0x02, 0xDB, 0x40, 0x1E, 0xFF, 0xFF, 0xEF, 0x55,
    0x54, 0xF0, 0x00, 0x0B, 0x40, 0x00, 0x3C, 0x00, 0x01, 0xF9, 0xAC, 0x02, 0xFF, 0x80, 0x1F, 0x4D,
    0x0E, 0xBF, 0x01, 0x01, 0x00, 0x0F, 0x40, 0x0F, 0xB4, 0x0E, 0x07, 0x00, 0x00, 0x03, 0xFF, 0xFD,
    0xF5, 0x55, 0x3C, 0x00, 0x0F, 0x00, 0x03, 0xC0, 0x00, 0xF0, 0x00, 0x3F, 0xFF, 0xCF, 0x55, 0x53,
    0xC0, 0x00, 0xF0, 0x00, 0x3C, 0x00, 0x0F, 0x00, 0x03, 0xD5, 0x54, 0xFF, 0xFF, 0x40, 0x07, 0xD3,
    0x00, 0xEB, 0xE0, 0x04, 0x04, 0x00, 0x1F, 0x40, 0x03, 0xAC, 0x00, 0xD0, 0xB0, 0x00, 0x00, 0x00,
    0x6F, 0xD0, 0x1F, 0xAF, 0x83, 0x80, 0x2D, 0xB4, 0x01, 0xEF, 0xFF, 0xFE, 0xF5, 0x55, 0x4F, 0x00,
    0x00, 0xB4, 0x00, 0x03, 0xC0, 0x00, 0x1F, 0x9A, 0xC0, 0x2F, 0xF8, 0x03, 0xE0, 0x03, 0xEE, 0x03,
    0x81, 0xE0, 0x00, 0x00, 0x00, 0x00, 0x3F, 0xFF, 0xDF, 0x55, 0x53, 0xC0, 0x00, 0xF0, 0x00, 0x3C,
    0x00, 0x0F, 0x00, 0x03, 0xFF, 0xFC, 0xF5, 0x55, 0x3C, 0x00, 0x0F, 0x00, 0x03, 0xC0, 0x00, 0xF0,
    0x00, 0x3D, 0x55, 0x4F, 0xFF, 0xF4, 0x00, 0x00, 0x00, 0x00, 0x00, 0xB0, 0x00, 0x2C, 0x00, 0x01,
    0xF4, 0x00, 0x7B, 0xC0, 0x1D, 0x0B, 0x00, 0x00, 0x00, 0x06, 0xFD, 0x01, 0xFA, 0xF8, 0x38, 0x02,
    0xDB, 0x40, 0x1E, 0xFF, 0xFF, 0xEF, 0x55, 0x54, 0xF0, 0x00, 0x0B, 0x40, 0x00, 0x3C, 0x00, 0x01,
    0xF9, 0xAC, 0x02, 0xFF, 0x80, 0x00, 0x00, 0x00, 0x00, 0x00, 0x0B, 0x00, 0x00, 0xB0, 0x00, 0x00,
    0x00, 0x3F, 0x40, 0x5F, 0x00, 0x2C, 0x03, 0xC0, 0x0C, 0x00, 0x00, 0x0F, 0xFC, 0x0B, 0x80, 0x1D,
    0x00, 0x74, 0x01, 0xD0, 0x07, 0x40, 0x1D, 0x00, 0x74, 0x01, 0xD0, 0x07, 0x40, 0x1D, 0x00, 0x74,
    0x02, 0xE0, 0x3F, 0xF0, 0x00, 0x2F, 0x45, 0xF0, 0x2C, 0x38, 0x0C, 0x00, 0x00, 0xE0, 0x38, 0x0E,
    0x03, 0x80, 0xE0, 0x38, 0x0E, 0x03, 0x80, 0xE0, 0x38, 0x0E, 0x00, 0x3F, 0xF0, 0x2E, 0x00, 0x74,
    0x01, 0xD0, 0x07, 0x40, 0x1D, 0x00, 0x74, 0x01, 0xD0, 0x07, 0x40, 0x1D, 0x00, 0x74, 0x01, 0xD0,
    0x0B, 0x80, 0xFF, 0xC0, 0x00, 0x00, 0x00, 0x07, 0x40, 0x1D, 0x00, 0x38, 0xE0, 0x00, 0x38, 0xE3,
    0x8E, 0x38, 0xE3, 0x8E, 0x38, 0xE3, 0x80, 0x01, 0xE3, 0x80, 0x00, 0xBF, 0xE4, 0x00, 0x7E, 0x9B,
    0xE0, 0x1F, 0x00, 0x0B, 0x83, 0xC0, 0x00, 0x3D, 0x78, 0x00, 0x01, 0xEB, 0x40, 0x00, 0x0F, 0xB4,
    0x00, 0x00, 0xFB, 0x40, 0x00, 0x0F, 0xB4, 0x00, 0x00, 0xF7, 0x80, 0x00, 0x1E, 0x3C, 0x00, 0x03,
    0xD1, 0xF0, 0x00, 0xB8, 0x0B, 0xE9, 0xBE, 0x00, 0x0B, 0xFE, 0x40, 0x00, 0x00, 0x00, 0x00, 0x00,
    0x00, 0x00, 0x00, 0x0F, 0x00, 0x00, 0x00, 0xB0, 0x00, 0x06, 0xFE, 0x00, 0x7E, 0x6F, 0x03, 0xC0,
    0x1F, 0x2D, 0x00, 0x3C, 0xF0, 0x00, 0xB7, 0xC0, 0x01, 0xDF, 0x00, 0x0B, 0x6D, 0x00, 0x3C, 0x3C,
    0x01, 0xF0, 0x7E, 0x6F, 0x00, 0x2F, 0xE0, 0x00, 0x00, 0x00, 0x00, 0x00, 0x00, 0x02, 0xC0, 0x00,
    0x0B, 0x00, 0x00, 0x00, 0x00, 0x00, 0x00, 0x01, 0xF8, 0x00, 0x00, 0x06, 0xD0, 0x00, 0x00, 0x0D,
    0x00, 0x00, 0x07, 0x80, 0x00, 0x00, 0xB0, 0x00, 0x00, 0x00, 0x00, 0x00, 0x0B, 0xFE, 0x40, 0x07,
    0xE9, 0xBE, 0x01, 0xF0, 0x00, 0xB8, 0x3C, 0x00, 0x03, 0xD7, 0x80, 0x00, 0x1E, 0xB4, 0x00, 0x00,
    0xFB, 0x40, 0x00, 0x0F, 0xB4, 0x00, 0x00, 0xFB, 0x40, 0x00, 0x0F, 0x78, 0x00, 0x01, 0xE3, 0xC0,
    0x00, 0x3D, 0x1F, 0x00, 0x0B, 0x80, 0xBE, 0x9B, 0xE0, 0x00, 0xBF, 0xE4, 0x00, 0x00, 0x00, 0x00,
    0x03, 0xF0, 0x00, 0x05, 0xE0, 0x00, 0x03, 0x80, 0x00, 0x78, 0x00, 0x01, 0xC0, 0x00, 0x00, 0x00,
    0x01, 0xBF, 0x80, 0x1F, 0x9B, 0xC0, 0xF0, 0x07, 0xCB, 0x40, 0x0F, 0x3C, 0x00, 0x2D, 0xF0, 0x00,
    0x77, 0xC0, 0x02, 0xDB, 0x40, 0x0F, 0x0F, 0x00, 0x7C, 0x1F, 0x9B, 0xC0, 0x0B, 0xF8, 0x00, 0x00,
    0x00, 0x07, 0x40, 0x00, 0x60, 0xE0, 0x00, 0x2F, 0xD4, 0x00, 0x0A, 0x0B, 0x00, 0x00, 0x00, 0x00,
    0x00, 0x00, 0x00, 0x00, 0x00, 0xBF, 0xE4, 0x00, 0x7E, 0x9B, 0xE0, 0x1F, 0x00, 0x0B, 0x83, 0xC0,
    0x00, 0x3D, 0x78, 0x00, 0x01, 0xEB, 0x40, 0x00, 0x0F, 0xB4, 0x00, 0x00, 0xFB, 0x40, 0x00, 0x0F,
    0xB4, 0x00, 0x00, 0xF7, 0x80, 0x00, 0x1E, 0x3C, 0x00, 0x03, 0xD1, 0xF0, 0x00, 0xB8, 0x0B, 0xE9,
    0xBE, 0x00, 0x0B, 0xFE, 0x40, 0x00, 0x00, 0x24, 0x00, 0x02, 0xC0, 0x0F, 0x8C, 0x00, 0xF7, 0x40,
    0x0A, 0x02, 0x00, 0x00, 0x00, 0x00, 0x6F, 0xE0, 0x07, 0xE6, 0xF0, 0x3C, 0x01, 0xF2, 0xD0, 0x03,
    0xCF, 0x00, 0x0B, 0x7C, 0x00, 0x1D, 0xF0, 0x00, 0xB6, 0xD0, 0x03, 0xC3, 0xC0, 0x1F, 0x07, 0xE6,
    0xF0, 0x02, 0xFE, 0x00, 0x0F, 0x00, 0x00, 0x00, 0x74, 0x60, 0x00, 0x00, 0x6F, 0xC0, 0x00, 0x0A,
    0x0B, 0x00, 0x00, 0x00, 0x00, 0x00, 0x00, 0x00, 0x00, 0x00, 0xBF, 0xE4, 0x00, 0x7E, 0x9B, 0xE0,
    0x1F, 0x00, 0x0B, 0x83, 0xC0, 0x00, 0x3D, 0x78, 0x00, 0x01, 0xEB, 0x40, 0x00, 0x0F, 0xB4, 0x00,
    0x00, 0xFB, 0x40, 0x00, 0x0F, 0xB4, 0x00, 0x00, 0xF7, 0x80, 0x00, 0x1E, 0x3C, 0x00, 0x03, 0xD1,
    0xF0, 0x00, 0xB8, 0x0B, 0xE9, 0xBE, 0x00, 0x0B, 0xFE, 0x40, 0x14, 0x00, 0x00, 0x1C, 0x00, 0x00,
    0x06, 0x3E, 0x00, 0x00, 0xF7, 0x80, 0x02, 0x80, 0x80, 0x00, 0x00, 0x00, 0x01, 0xBF, 0x80, 0x07,
    0xE6, 0xF0, 0x0F, 0x00, 0x7C, 0x2D, 0x00, 0x3C, 0x3C, 0x00, 0x2D, 0x3C, 0x00, 0x1D, 0x3C, 0x00,
    0x2D, 0x2D, 0x00, 0x3C, 0x0F, 0x00, 0x7C, 0x07, 0xE6, 0xF0, 0x00, 0xBF, 0x80, 0x00, 0x00, 0x00,
    0x00, 0x00, 0x03, 0xE0, 0x00, 0x00, 0x1B, 0x00, 0x00, 0x00, 0xA0, 0x00, 0x0F, 0x48, 0x00, 0x03,
    0xEC, 0x00, 0x00, 0xE0, 0x70, 0x00, 0x00, 0x00, 0x00, 0x00, 0xBF, 0xE4, 0x00, 0x7E, 0x9B, 0xE0,
    0x1F, 0x00, 0x0B, 0x83, 0xC0, 0x00, 0x3D, 0x78, 0x00, 0x01, 0xEB, 0x40, 0x00, 0x0F, 0xB4, 0x00,
    0x00, 0xFB, 0x40, 0x00, 0x0F, 0xB4, 0x00, 0x00, 0xF7, 0x80, 0x00, 0x1E, 0x3C, 0x00, 0x03, 0xD1,
    0xF0, 0x00, 0xB8, 0x0B, 0xE9, 0xBE, 0x00, 0x0B, 0xFE, 0x40, 0x00, 0x00, 0x00, 0x00, 0x0B, 0xC0,
    0x00, 0x07, 0x00, 0x00, 0x18, 0x00, 0xF8, 0xC0, 0x0F, 0x74, 0x00, 0xA0, 0x20, 0x00, 0x00, 0x00,
    0x06, 0xFE, 0x00, 0x7E, 0x6F, 0x03, 0xC0, 0x1F, 0x2D, 0x00, 0x3C, 0xF0, 0x00, 0xB7, 0xC0, 0x01,
    0xDF, 0x00, 0x0B, 0x6D, 0x00, 0x3C, 0x3C, 0x01, 0xF0, 0x7E, 0x6F, 0x00, 0x2F, 0xE0, 0x00, 0x00,
    0x38, 0x24, 0x00, 0x0A, 0xF3, 0x00, 0x00, 0xC3, 0xE0, 0x00, 0x04, 0x04, 0x00, 0x00, 0x2F, 0x80,
    0x00, 0x0A, 0x0B, 0x00, 0x00, 0x00, 0x00, 0x00, 0x00, 0x00, 0x00, 0x00, 0xBF, 0xE4, 0x00, 0x7E,
    0x9B, 0xE0, 0x1F, 0x00, 0x0B, 0x83, 0xC0, 0x00, 0x3D, 0x78, 0x00, 0x01, 0xEB, 0x40, 0x00, 0x0F,
    0xB4, 0x00, 0x00, 0xFB, 0x40, 0x00, 0x0F, 0xB4, 0x00, 0x00, 0xF7, 0x80, 0x00, 0x1E, 0x3C, 0x00,
    0x03, 0xD1, 0xF0, 0x00, 0xB8, 0x0B, 0xE9, 0xBE, 0x00, 0x0B, 0xFE, 0x40, 0x03, 0xE2, 0x40, 0x3A,
    0xFC, 0x00, 0x40, 0x40, 0x00, 0x3E, 0x00, 0x03, 0xED, 0x00, 0x28, 0x1C, 0x00, 0x00, 0x00, 0x01,
    0xBF, 0x80, 0x1F, 0x9B, 0xC0, 0xF0, 0x07, 0xCB, 0x40, 0x0F, 0x3C, 0x00, 0x2D, 0xF0, 0x00, 0x77,
    0xC0, 0x02, 0xDB, 0x40, 0x0F, 0x0F, 0x00, 0x7C, 0x1F, 0x9B, 0xC0, 0x0B, 0xF8, 0x00, 0x00, 0x0F,
    0x40, 0x00, 0x03, 0xED, 0x00, 0x00, 0xE0, 0x74, 0x00, 0x00, 0x00, 0x00, 0x00, 0x00, 0x00, 0x00,
    0x0B, 0xFE, 0x40, 0x07, 0xE9, 0xBE, 0x01, 0xF0, 0x00, 0xB8, 0x3C, 0x00, 0x03, 0xD7, 0x80, 0x00,
    0x1E, 0xB4, 0x00, 0x00, 0xFB, 0x40, 0x00, 0x0F, 0xB4, 0x00, 0x00, 0xFB, 0x40, 0x00, 0x0F, 0x78,
    0x00, 0x01, 0xE3, 0xC0, 0x00, 0x3D, 0x1F, 0x00, 0x0B, 0x80, 0xBE, 0x9B, 0xE0, 0x00, 0xBF, 0xE4,
    0x00, 0x00, 0x00, 0x00, 0x00, 0x00, 0x00, 0x00, 0x00, 0xF0, 0x00, 0x00, 0x0B, 0x00, 0x00, 0x00,
    0xF8, 0x00, 0x0F, 0xB8, 0x00, 0xE0, 0x78, 0x00, 0x00, 0x00, 0x06, 0xFE, 0x00, 0x7E, 0x6F, 0x03,
    0xC0, 0x1F, 0x2D, 0x00, 0x3C, 0xF0, 0x00, 0xB7, 0xC0, 0x01, 0xDF, 0x00, 0x0B, 0x6D, 0x00, 0x3C,
    0x3C, 0x01, 0xF0, 0x7E, 0x6F, 0x00, 0x2F, 0xE0, 0x00, 0x00, 0x00, 0x00, 0x00, 0x00, 0x02, 0xC0,
    0x00, 0x0B, 0x00, 0x00, 0x00, 0x01, 0xF0, 0x00, 0x00, 0x03, 0xC0, 0x00, 0x00, 0x0E, 0x00, 0x00,
    0x00, 0x00, 0x00, 0x00, 0x00, 0x00, 0x00, 0x1E, 0x00, 0xBF, 0xE0, 0x1D, 0x07, 0xE9, 0xBE, 0x3C,
    0x1F, 0x00, 0x0B, 0xF0, 0x3C, 0x00, 0x03, 0xC0, 0x78, 0x00, 0x01, 0xE0, 0xB4, 0x00, 0x00, 0xF0,
    0xB4, 0x00, 0x00, 0xF0, 0xB4, 0x00, 0x00, 0xF0, 0xB4, 0x00, 0x00, 0xF0, 0x78, 0x00, 0x01, 0xE0,
    0x3C, 0x00, 0x03, 0xD0, 0x1F, 0x00, 0x0B, 0x80, 0x0B, 0xE9, 0xBE, 0x00, 0x00, 0xBF, 0xE4, 0x00,
    0x00, 0x1F, 0x00, 0x00, 0x0F, 0x00, 0x00, 0x0B, 0x00, 0x60, 0x00, 0x00, 0x3C, 0x06, 0xFE, 0x0F,
    0x07, 0xE6, 0xFF, 0x03, 0xC0, 0x1F, 0x02, 0xD0, 0x02, 0xC0, 0xF0, 0x00, 0xB4, 0x3C, 0x00, 0x1D,
    0x0F, 0x00, 0x0B, 0x42, 0xD0, 0x02, 0xC0, 0x3C, 0x01, 0xF0, 0x07, 0xE6, 0xF0, 0x00, 0x2F, 0xE0,
    0x00, 0x00, 0x7C, 0x00, 0x00, 0x00, 0x1E, 0x00, 0x00, 0x00, 0x07, 0x40, 0x00, 0x00, 0x00, 0x00,
    0x00, 0x00, 0x00, 0x00, 0x1E, 0x00, 0xBF, 0xE0, 0x1D, 0x07, 0xE9, 0xBE, 0x3C, 0x1F, 0x00, 0x0B,
    0xF0, 0x3C, 0x00, 0x03, 0xC0, 0x78, 0x00, 0x01, 0xE0, 0xB4, 0x00, 0x00, 0xF0, 0xB4, 0x00, 0x00,
    0xF0, 0xB4, 0x00, 0x00, 0xF0, 0xB4, 0x00, 0x00, 0xF0, 0x78, 0x00, 0x01, 0xE0, 0x3C, 0x00, 0x03,
    0xD0, 0x1F, 0x00, 0x0B, 0x80, 0x0B, 0xE9, 0xBE, 0x00, 0x00, 0xBF, 0xE4, 0x00, 0x03, 0xC0, 0x00,
    0x00, 0x78, 0x00, 0x00, 0x03, 0x80, 0x60, 0x00, 0x00, 0x3C, 0x06, 0xFE, 0x0F, 0x07, 0xE6, 0xFF,
    0x03, 0xC0, 0x1F, 0x02, 0xD0, 0x02, 0xC0, 0xF0, 0x00, 0xB4, 0x3C, 0x00, 0x1D, 0x0F, 0x00, 0x0B,
    0x42, 0xD0, 0x02, 0xC0, 0x3C, 0x01, 0xF0, 0x07, 0xE6, 0xF0, 0x00, 0x2F, 0xE0, 0x00, 0x00, 0x00,
    0x00, 0x00, 0x00, 0x2F, 0x80, 0x00, 0x00, 0x06, 0xC0, 0x00, 0x00, 0x01, 0xC0, 0x00, 0x00, 0x0B,
    0x00, 0x00, 0x00, 0x09, 0x00, 0x00, 0x00, 0x00, 0x00, 0x00, 0x00, 0x00, 0x00, 0x1E, 0x00, 0xBF,
    0xE0, 0x1D, 0x07, 0xE9, 0xBE, 0x3C, 0x1F, 0x00, 0x0B, 0xF0, 0x3C, 0x00, 0x03, 0xC0, 0x78, 0x00,
    0x01, 0xE0, 0xB4, 0x00, 0x00, 0xF0, 0xB4, 0x00, 0x00, 0xF0, 0xB4, 0x00, 0x00, 0xF0, 0xB4, 0x00,
    0x00, 0xF0, 0x78, 0x00, 0x01, 0xE0, 0x3C, 0x00, 0x03, 0xD0, 0x1F, 0x00, 0x0B, 0x80, 0x0B, 0xE9,
    0xBE, 0x00, 0x00, 0xBF, 0xE4, 0x00, 0x00, 0x00, 0x00, 0x00, 0x7E, 0x00, 0x00, 0x06, 0xD0, 0x00,
    0x00, 0x70, 0x00, 0x00, 0xB4, 0x00, 0x00, 0x18, 0x01, 0x80, 0x00, 0x00, 0xF0, 0x1B, 0xF8, 0x3C,
    0x1F, 0x9B, 0xFC, 0x0F, 0x00, 0x7C, 0x0B, 0x40, 0x0B, 0x03, 0xC0, 0x02, 0xD0, 0xF0, 0x00, 0x74,
    0x3C, 0x00, 0x2D, 0x0B, 0x40, 0x0B, 0x00, 0xF0, 0x07, 0xC0, 0x1F, 0x9B, 0xC0, 0x00, 0xBF, 0x80,
    0x00, 0x00, 0x00, 0x00, 0x00, 0x00, 0xFE, 0x2C, 0x00, 0x01, 0xDB, 0xF4, 0x00, 0x00, 0x00, 0x40,
    0x00, 0x00, 0x00, 0x00, 0x00, 0x00, 0x00, 0x00, 0x1E, 0x00, 0xBF, 0xE0, 0x1D, 0x07, 0xE9, 0xBE,
    0x3C, 0x1F, 0x00, 0x0B, 0xF0, 0x3C, 0x00, 0x03, 0xC0, 0x78, 0x00, 0x01, 0xE0, 0xB4, 0x00, 0x00,
    0xF0, 0xB4, 0x00, 0x00, 0xF0, 0xB4, 0x00, 0x00, 0xF0, 0xB4, 0x00, 0x00, 0xF0, 0x78, 0x00, 0x01,
    0xE0, 0x3C, 0x00, 0x03, 0xD0, 0x1F, 0x00, 0x0B, 0x80, 0x0B, 0xE9, 0xBE, 0x00, 0x00, 0xBF, 0xE4,
    0x00, 0x00, 0x00, 0x00, 0x02, 0xF9, 0x70, 0x01, 0xDB, 0xF4, 0x00, 0x00, 0x10, 0x18, 0x00, 0x00,
    0x0F, 0x01, 0xBF, 0x83, 0xC1, 0xF9, 0xBF, 0xC0, 0xF0, 0x07, 0xC0, 0xB4, 0x00, 0xB0, 0x3C, 0x00,
    0x2D, 0x0F, 0x00, 0x07, 0x43, 0xC0, 0x02, 0xD0, 0xB4, 0x00, 0xB0, 0x0F, 0x00, 0x7C, 0x01, 0xF9,
    0xBC, 0x00, 0x0B, 0xF8, 0x00, 0x00, 0x00, 0x00, 0x1E, 0x00, 0xBF, 0xE0, 0x1D, 0x07, 0xE9, 0xBE,
    0x3C, 0x1F, 0x00, 0x0B, 0xF0, 0x3C, 0x00, 0x03, 0xC0, 0x78, 0x00, 0x01, 0xE0, 0xB4, 0x00, 0x00,
    0xF0, 0xB4, 0x00, 0x00, 0xF0, 0xB4, 0x00, 0x00, 0xF0, 0xB4, 0x00, 0x00, 0xF0, 0x78, 0x00, 0x01,
    0xE0, 0x3C, 0x00, 0x03, 0xD0, 0x1F, 0x00, 0x0B, 0x80, 0x0B, 0xE9, 0xBE, 0x00, 0x00, 0xBF, 0xE4,
    0x00, 0x00, 0x00, 0x00, 0x00, 0x00, 0x00, 0x00, 0x00, 0x00, 0x0F, 0x00, 0x00, 0x00, 0x0F, 0x00,
    0x00, 0x00, 0x00, 0x06, 0x00, 0x00, 0x03, 0xC0, 0x6F, 0xE0, 0xF0, 0x7E, 0x6F, 0xF0, 0x3C, 0x01,
    0xF0, 0x2D, 0x00, 0x2C, 0x0F, 0x00, 0x0B, 0x43, 0xC0, 0x01, 0xD0, 0xF0, 0x00, 0xB4, 0x2D, 0x00,
    0x2C, 0x03, 0xC0, 0x1F, 0x00, 0x7E, 0x6F, 0x00, 0x02, 0xFE, 0x00, 0x00, 0x00, 0x00, 0x00, 0x00,
    0x00, 0x00, 0x02, 0xC0, 0x00, 0x00, 0xB0, 0x00, 0x00, 0x3C, 0x00, 0x0B, 0x4F, 0x00, 0x02, 0xD3,
    0xC0, 0x00, 0xB4, 0xF0, 0x00, 0x2D, 0x3C, 0x00, 0x0B, 0x4F, 0x00, 0x02, 0xD3, 0xC0, 0x00, 0xB4,
    0xF0, 0x00, 0x2D, 0x3C, 0x00, 0x0B, 0x4F, 0x00, 0x02, 0xD3, 0xC0, 0x00, 0xF0, 0x78, 0x00, 0x78,
    0x0B, 0xEA, 0xFC, 0x00, 0x6F, 0xF4, 0x00, 0x00, 0x00, 0x00, 0x00, 0x00, 0x00, 0x00, 0x1E, 0x00,
    0x00, 0x07, 0x40, 0x00, 0x78, 0x00, 0xB1, 0xE0, 0x02, 0xC7, 0x80, 0x0B, 0x1E, 0x00, 0x2C, 0x78,
    0x00, 0xB1, 0xE0, 0x02, 0xC7, 0x80, 0x0F, 0x1E, 0x00, 0x3C, 0x3C, 0x02, 0xF0, 0xFE, 0xAF, 0xC0,
    0xBF, 0x87, 0x00, 0x00, 0x00, 0x00, 0x00, 0x00, 0x03, 0xC0, 0x00, 0x0B, 0x00, 0x00, 0x00, 0x00,
    0x00, 0x00, 0x0F, 0xD0, 0x00, 0x01, 0x7C, 0x00, 0x00, 0x0B, 0x00, 0x00, 0x0F, 0x00, 0x00, 0x03,
    0x00, 0x00, 0x00, 0x00, 0x00, 0xF0, 0x00, 0x2D, 0x3C, 0x00, 0x0B, 0x4F, 0x00, 0x02, 0xD3, 0xC0,
    0x00, 0xB4, 0xF0, 0x00, 0x2D, 0x3C, 0x00, 0x0B, 0x4F, 0x00, 0x02, 0xD3, 0xC0, 0x00, 0xB4, 0xF0,
    0x00, 0x2D, 0x3C, 0x00, 0x0B, 0x4F, 0x00, 0x03, 0xC1, 0xE0, 0x01, 0xE0, 0x2F, 0xAB, 0xF0, 0x01,
    0xBF, 0xD0, 0x00, 0x00, 0x00, 0x00, 0x03, 0xF0, 0x00, 0x05, 0xE0, 0x00, 0x03, 0x40, 0x00, 0x78,
    0x00, 0x01, 0xC0, 0x00, 0x00, 0x00, 0x1E, 0x00, 0x2C, 0x78, 0x00, 0xB1, 0xE0, 0x02, 0xC7, 0x80,
    0x0B, 0x1E, 0x00, 0x2C, 0x78, 0x00, 0xB1, 0xE0, 0x03, 0xC7, 0x80, 0x0F, 0x0F, 0x00, 0xBC, 0x3F,
    0xAB, 0xF0, 0x2F, 0xE1, 0xC0, 0x00, 0x03, 0xD0, 0x00, 0x00, 0x02, 0xD0, 0x00, 0x00, 0x01, 0xD0,
    0x00, 0x00, 0x00, 0x00, 0x00, 0x00, 0x00, 0x00, 0x00, 0x0F, 0x0F, 0x00, 0x02, 0xD3, 0x83, 0xC0,
    0x00, 0xB6, 0xC0, 0xF0, 0x00, 0x2F, 0xC0, 0x3C, 0x00, 0x0B, 0x40, 0x0F, 0x00, 0x02, 0xD0, 0x03,
    0xC0, 0x00, 0xB4, 0x00, 0xF0, 0x00, 0x2D, 0x00, 0x3C, 0x00, 0x0B, 0x40, 0x0F, 0x00, 0x02, 0xD0,
    0x03, 0xC0, 0x00, 0xB4, 0x00, 0xF0, 0x00, 0x3C, 0x00, 0x1E, 0x00, 0x1E, 0x00, 0x02, 0xFA, 0xBF,
    0x00, 0x00, 0x1B, 0xFD, 0x00, 0x00, 0x00, 0x0F, 0x00, 0x00, 0x03, 0xC0, 0x00, 0x00, 0xB0, 0x00,
    0x90, 0x00, 0x00, 0x1E, 0x78, 0x00, 0xB3, 0xC7, 0x80, 0x0B, 0xF4, 0x78, 0x00, 0xB4, 0x07, 0x80,
    0x0B, 0x00, 0x78, 0x00, 0xB0, 0x07, 0x80, 0x0B, 0x00, 0x78, 0x00, 0xF0, 0x07, 0x80, 0x0F, 0x00,
    0x3C, 0x02, 0xF0, 0x03, 0xFA, 0xBF, 0x00, 0x0B, 0xF8, 0x70, 0x00, 0x00, 0xF4, 0x00, 0x00, 0x00,
    0x0F, 0x00, 0x00, 0x00, 0x00, 0xB0, 0x00, 0x00, 0x00, 0x00, 0x00, 0x00, 0x00, 0x00, 0x00, 0x0F,
    0x0F, 0x00, 0x02, 0xD3, 0x83, 0xC0, 0x00, 0xB6, 0xC0, 0xF0, 0x00, 0x2F, 0xC0, 0x3C, 0x00, 0x0B,
    0x40, 0x0F, 0x00, 0x02, 0xD0, 0x03, 0xC0, 0x00, 0xB4, 0x00, 0xF0, 0x00, 0x2D, 0x00, 0x3C, 0x00,
    0x0B, 0x40, 0x0F, 0x00, 0x02, 0xD0, 0x03, 0xC0, 0x00, 0xB4, 0x00, 0xF0, 0x00, 0x3C, 0x00, 0x1E,
    0x00, 0x1E, 0x00, 0x02, 0xFA, 0xBF, 0x00, 0x00, 0x1B, 0xFD, 0x00, 0x00, 0x03, 0xC0, 0x00, 0x00,
    0x0F, 0x00, 0x00, 0x00, 0x38, 0x00, 0x90, 0x00, 0x00, 0x1E, 0x78, 0x00, 0xB3, 0xC7, 0x80, 0x0B,
    0xF4, 0x78, 0x00, 0xB4, 0x07, 0x80, 0x0B, 0x00, 0x78, 0x00, 0xB0, 0x07, 0x80, 0x0B, 0x00, 0x78,
    0x00, 0xF0, 0x07, 0x80, 0x0F, 0x00, 0x3C, 0x02, 0xF0, 0x03, 0xFA, 0xBF, 0x00, 0x0B, 0xF8, 0x70,
    0x00, 0x00, 0x00, 0x00, 0x00, 0x00, 0x0F, 0xD0, 0x00, 0x00, 0x01, 0x7C, 0x00, 0x00, 0x00, 0x0B,
    0x00, 0x00, 0x00, 0x0F, 0x40, 0x00, 0x00, 0x03, 0x40, 0x00, 0x00, 0x00, 0x00, 0x00, 0xF0, 0xF0,
    0x00, 0x2D, 0x38, 0x3C, 0x00, 0x0B, 0x6C, 0x0F, 0x00, 0x02, 0xFC, 0x03, 0xC0, 0x00, 0xB4, 0x00,
    0xF0, 0x00, 0x2D, 0x00, 0x3C, 0x00, 0x0B, 0x40, 0x0F, 0x00, 0x02, 0xD0, 0x03, 0xC0, 0x00, 0xB4,
    0x00, 0xF0, 0x00, 0x2D, 0x00, 0x3C, 0x00, 0x0B, 0x40, 0x0F, 0x00, 0x03, 0xC0, 0x01, 0xE0, 0x01,
    0xE0, 0x00, 0x2F, 0xAB, 0xF0, 0x00, 0x01, 0xBF, 0xD0, 0x00, 0x00, 0x00, 0x00, 0x00, 0x00, 0x0F,
    0xC0, 0x00, 0x00, 0x5E, 0x00, 0x00, 0x00, 0xE0, 0x00, 0x00, 0x78, 0x00, 0x00, 0x07, 0x00, 0x19,
    0x00, 0x00, 0x01, 0xD7, 0x80, 0x0B, 0x3C, 0x78, 0x00, 0xBF, 0x47, 0x80, 0x0B, 0x40, 0x78, 0x00,
    0xB0, 0x07, 0x80, 0x0B, 0x00, 0x78, 0x00, 0xB0, 0x07, 0x80, 0x0F, 0x00, 0x78, 0x00, 0xF0, 0x03,
    0xC0, 0x2F, 0x00, 0x3F, 0xAB, 0xF0, 0x00, 0xBF, 0x87, 0x00, 0x00, 0x00, 0x00, 0x00, 0x00, 0x7F,
    0x4D, 0x00, 0x00, 0x39, 0xFF, 0x00, 0x00, 0x04, 0x01, 0x00, 0x00, 0x00, 0x00, 0x00, 0x00, 0x00,
    0x00, 0x00, 0x03, 0xC3, 0xC0, 0x00, 0xB4, 0xE0, 0xF0, 0x00, 0x2D, 0xB0, 0x3C, 0x00, 0x0B, 0xF0,
    0x0F, 0x00, 0x02, 0xD0, 0x03, 0xC0, 0x00, 0xB4, 0x00, 0xF0, 0x00, 0x2D, 0x00, 0x3C, 0x00, 0x0B,
    0x40, 0x0F, 0x00, 0x02, 0xD0, 0x03, 0xC0, 0x00, 0xB4, 0x00, 0xF0, 0x00, 0x2D, 0x00, 0x3C, 0x00,
    0x0F, 0x00, 0x07, 0x80, 0x07, 0x80, 0x00, 0xBE, 0xAF, 0xC0, 0x00, 0x06, 0xFF, 0x40, 0x00, 0x00,
    0x00, 0x00, 0x00, 0xBE, 0x5C, 0x00, 0x0D, 0x7F, 0x80, 0x00, 0x00, 0x00, 0x09, 0x00, 0x00, 0x01,
    0xE7, 0x80, 0x0B, 0x3C, 0x78, 0x00, 0xBF, 0x47, 0x80, 0x0B, 0x40, 0x78, 0x00, 0xB0, 0x07, 0x80,
    0x0B, 0x00, 0x78, 0x00, 0xB0, 0x07, 0x80, 0x0F, 0x00, 0x78, 0x00, 0xF0, 0x03, 0xC0, 0x2F, 0x00,
    0x3F, 0xAB, 0xF0, 0x00, 0xBF, 0x87, 0x00, 0x00, 0x00, 0x00, 0x0F, 0x0F, 0x00, 0x02, 0xD3, 0x83,
    0xC0, 0x00, 0xB6, 0xC0, 0xF0, 0x00, 0x2F, 0xC0, 0x3C, 0x00, 0x0B, 0x40, 0x0F, 0x00, 0x02, 0xD0,
    0x03, 0xC0, 0x00, 0xB4, 0x00, 0xF0, 0x00, 0x2D, 0x00, 0x3C, 0x00, 0x0B, 0x40, 0x0F, 0x00, 0x02,
    0xD0, 0x03, 0xC0, 0x00, 0xB4, 0x00, 0xF0, 0x00, 0x3C, 0x00, 0x1E, 0x00, 0x1E, 0x00, 0x02, 0xFA,
    0xBF, 0x00, 0x00, 0x1B, 0xFD, 0x00, 0x00, 0x00, 0x00, 0x00, 0x00, 0x00, 0x00, 0x00, 0x00, 0x00,
    0x07, 0x80, 0x00, 0x00, 0x00, 0xE0, 0x00, 0x00, 0x00, 0x00, 0x00, 0x90, 0x00, 0x00, 0x1E, 0x78,
    0x00, 0xB3, 0xC7, 0x80, 0x0B, 0xF4, 0x78, 0x00, 0xB4, 0x07, 0x80, 0x0B, 0x00, 0x78, 0x00, 0xB0,
    0x07, 0x80, 0x0B, 0x00, 0x78, 0x00, 0xF0, 0x07, 0x80, 0x0F, 0x00, 0x3C, 0x02, 0xF0, 0x03, 0xFA,
    0xBF, 0x00, 0x0B, 0xF8, 0x70, 0x00, 0x00, 0x00, 0x00, 0x00, 0x00, 0x00, 0x00, 0x0F, 0x00, 0x00,
    0x00, 0xF0, 0x00, 0x00, 0x02, 0xE0, 0x00, 0x00, 0xB4, 0x00, 0x00, 0x1C, 0x00, 0x00, 0x00, 0x00,
    0x00, 0x00, 0x00, 0xB4, 0x00, 0x2D, 0x3C, 0x00, 0x3C, 0x2D, 0x00, 0xB4, 0x0F, 0x00, 0xF0, 0x07,
    0x42, 0xC0, 0x03, 0xC3, 0x80, 0x01, 0xDB, 0x00, 0x00, 0xBD, 0x00, 0x00, 0x3C, 0x00, 0x00, 0x3C,
    0x00, 0x00, 0x3C, 0x00, 0x00, 0x3C, 0x00, 0x00, 0x3C, 0x00, 0x00, 0x3C, 0x00, 0x03, 0xC0, 0x00,
    0x07, 0xC0, 0x00, 0x03, 0x80, 0x00, 0x00, 0x00, 0xF0, 0x00, 0xB5, 0xE0, 0x03, 0xC3, 0xC0, 0x1E,
    0x0B, 0x40, 0xB4, 0x0E, 0x03, 0xC0, 0x3C, 0x1E, 0x00, 0x74, 0xB0, 0x00, 0xF3, 0xC0, 0x02, 0xDD,
    0x00, 0x03, 0xF0, 0x00, 0x0F, 0x80, 0x00, 0x2C, 0x00, 0x00, 0xF0, 0x00, 0x0B, 0x40, 0x05, 0xB8,
    0x00, 0x2F, 0x80, 0x00, 0xB4, 0x00, 0x2D, 0x3C, 0x00, 0x3C, 0x2D, 0x00, 0xB4, 0x0F, 0x00, 0xF0,
    0x07, 0x42, 0xC0, 0x03, 0xC3, 0x80, 0x01, 0xDB, 0x00, 0x00, 0xBD, 0x00, 0x00, 0x3C, 0x00, 0x00,
    0x3C, 0x00, 0x00, 0x3C, 0x00, 0x00, 0x3C, 0x00, 0x00, 0x3C, 0x00, 0x00, 0x3C, 0x00, 0x00, 0x00,
    0x00, 0x00, 0x00, 0x00, 0x00, 0x3C, 0x00, 0x00, 0x38, 0x00, 0xF0, 0x00, 0xB5, 0xE0, 0x03, 0xC3,
    0xC0, 0x1E, 0x0B, 0x40, 0xB4, 0x0E, 0x03, 0xC0, 0x3C, 0x1E, 0x00, 0x74, 0xB0, 0x00, 0xF3, 0xC0,
    0x02, 0xDD, 0x00, 0x03, 0xF0, 0x00, 0x0F, 0x80, 0x00, 0x2C, 0x00, 0x00, 0xF0, 0x00, 0x0B, 0x4F,
    0x05, 0xB8, 0x3C, 0x2F, 0x80, 0x00, 0x00, 0x00, 0x00, 0x00, 0xBE, 0x00, 0x00, 0x1B, 0x00, 0x00,
    0x07, 0x00, 0x00, 0x2D, 0x00, 0x00, 0x34, 0x00, 0x00, 0x00, 0x00, 0xB4, 0x00, 0x2D, 0x3C, 0x00,
    0x3C, 0x2D, 0x00, 0xB4, 0x0F, 0x00, 0xF0, 0x07, 0x42, 0xC0, 0x03, 0xC3, 0x80, 0x01, 0xDB, 0x00,
    0x00, 0xBD, 0x00, 0x00, 0x3C, 0x00, 0x00, 0x3C, 0x00, 0x00, 0x3C, 0x00, 0x00, 0x3C, 0x00, 0x00,
    0x3C, 0x00, 0x00, 0x3C, 0x00, 0x00, 0x00, 0x00, 0x03, 0xF0, 0x00, 0x05, 0xD0, 0x00, 0x07, 0x00,
    0x00, 0x70, 0x00, 0x00, 0x00, 0x0F, 0x00, 0x0B, 0x5E, 0x00, 0x3C, 0x3C, 0x01, 0xE0, 0xB4, 0x0B,
    0x40, 0xE0, 0x3C, 0x03, 0xC1, 0xE0, 0x07, 0x4B, 0x00, 0x0F, 0x3C, 0x00, 0x2D, 0xD0, 0x00, 0x3F,
    0x00, 0x00, 0xF8, 0x00, 0x02, 0xC0, 0x00, 0x0F, 0x00, 0x00, 0xB4, 0x00, 0x5B, 0x80, 0x02, 0xF8,
    0x00, 0x00, 0x00, 0x00, 0x00, 0x03, 0xF4, 0xA0, 0x0A, 0x6F, 0xC0, 0x04, 0x01, 0x00, 0x00, 0x00,
    0x00, 0x00, 0x00, 0x00, 0xB4, 0x00, 0x2D, 0x3C, 0x00, 0x3C, 0x2D, 0x00, 0xB4, 0x0F, 0x00, 0xF0,
    0x07, 0x42, 0xC0, 0x03, 0xC3, 0x80, 0x01, 0xDB, 0x00, 0x00, 0xBD, 0x00, 0x00, 0x3C, 0x00, 0x00,
    0x3C, 0x00, 0x00, 0x3C, 0x00, 0x00, 0x3C, 0x00, 0x00, 0x3C, 0x00, 0x00, 0x3C, 0x00, 0x00, 0x00,
    0x00, 0x2F, 0x97, 0x01, 0xDB, 0xF4, 0x00, 0x01, 0x00, 0x00, 0x00, 0x03, 0xC0, 0x02, 0xD7, 0x80,
    0x0F, 0x0F, 0x00, 0x78, 0x2D, 0x02, 0xD0, 0x38, 0x0F, 0x00, 0xF0, 0x78, 0x01, 0xD2, 0xC0, 0x03,
    0xCF, 0x00, 0x0B, 0x74, 0x00, 0x0F, 0xC0, 0x00, 0x3E, 0x00, 0x00, 0xB0, 0x00, 0x03, 0xC0, 0x00,
    0x2D, 0x00, 0x16, 0xE0, 0x00, 0xBE, 0x00, 0x00, 0x02, 0x00, 0x24, 0x7F, 0xC6, 0x68, 0x52, 0x05,
    0x00, 0x50, 0x05, 0x00, 0x50, 0x05, 0x00, 0x50, 0x05, 0x00, 0x50, 0x05, 0x00, 0x50, 0x05, 0x00,
    0x50, 0x00, 0x00, 0x08, 0x01, 0x80, 0x3F, 0xD2, 0x99, 0x08, 0x50, 0x05, 0x00, 0x50, 0x05, 0x00,
    0x50, 0x05, 0x00, 0x50, 0x05, 0x00, 0x50, 0x05, 0x00, 0x50, 0x05, 0x00, 0x50, 0x00, 0x00, 0x03,
    0xFF, 0x15, 0x50, 0x00, 0x03, 0xFF, 0x15, 0x50, 0x00, 0x00, 0x00, 0x3F, 0xFF, 0xFC, 0x15, 0x55,
    0x54, 0x00, 0x00, 0x03, 0xFF, 0xFE, 0x15, 0x55, 0x40, 0x00, 0x00, 0x00, 0x00, 0x00, 0x3F, 0xFF,
    0xFF, 0xFF, 0xFF, 0x15, 0x55, 0x55, 0x55, 0x55, 0x00, 0x00, 0x00, 0x00, 0x00, 0x3F, 0xFF, 0xFF,
    0xFF, 0xFF, 0x15, 0x55, 0x55, 0x55, 0x55, 0x70, 0x2D, 0xC0, 0xB7, 0x02, 0xDC, 0x0B, 0x70, 0x2D,
    0xC0, 0xB7, 0x02, 0xDC, 0x0B, 0x70, 0x2D, 0xC0, 0xB7, 0x02, 0xDC, 0x0B, 0x70, 0x2D, 0xC0, 0xB7,
    0x02, 0xDC, 0x0B, 0x70, 0x2D, 0xC0, 0xB7, 0x02, 0xDC, 0x0B, 0x00, 0x00, 0x03, 0xFF, 0xFE, 0x15,
    0x55, 0x40, 0x00, 0x00, 0x3F, 0xFF, 0xE1, 0x55, 0x54, 0x0D, 0x2C, 0x3C, 0x78, 0xB4, 0x3D, 0x3C,
    0x38, 0x70, 0xB0, 0x1E, 0x2D, 0x3C, 0x38, 0x30, 0xB4, 0x78, 0x3C, 0x2C, 0x0D, 0x0D, 0x1C, 0x2C,
    0x3C, 0x3C, 0x38, 0x78, 0xB4, 0xB4, 0xF4, 0x3D, 0x3C, 0x3C, 0x3C, 0x38, 0x74, 0x70, 0xB0, 0xB0,
    0xE0, 0x1E, 0x2E, 0x2D, 0x3C, 0x3C, 0x3C, 0x38, 0x34, 0x30, 0x70, 0xB4, 0xF4, 0x78, 0xB4, 0x3C,
    0x38, 0x2C, 0x3C, 0x0D, 0x1C, 0x02, 0xC0, 0x00, 0xB0, 0x00, 0x1C, 0x00, 0x07, 0x00, 0xBF, 0xFF,
    0x55, 0xB5, 0x40, 0x1C, 0x00, 0x07, 0x00, 0x01, 0xC0, 0x00, 0xB0, 0x00, 0x2C, 0x00, 0x0B, 0x00,
    0x02, 0xC0, 0x00, 0xB0, 0x00, 0x3D, 0x00, 0x02, 0xD0, 0x00, 0xB0, 0x00, 0x1C, 0x01, 0x57, 0x54,
    0xFF, 0xFF, 0x40, 0x70, 0x00, 0x2C, 0x00, 0x0B, 0x40, 0x02, 0xC0, 0x00, 0x70, 0x0B, 0xFF, 0xF5,
    0x9B, 0x59, 0x01, 0xC0, 0x00, 0xB0, 0x00, 0x2D, 0x00, 0x2F, 0x43, 0xFC, 0x7F, 0xC3, 0xFC, 0x2F,
    0x40, 0x40, 0x0B, 0x80, 0xBF, 0x8B, 0xFD, 0xBE, 0x0A, 0x00, 0x00, 0x00, 0x2C, 0x3D, 0x2C, 0x38,
    0x07, 0x5F, 0x03, 0xE3, 0x80, 0xB4, 0x38, 0x0B, 0x00, 0xD7, 0xC0, 0xF4, 0x2F, 0x38, 0x0B, 0x01,
    0xE0, 0x38, 0x7C, 0x38, 0x00, 0x07, 0xFD, 0x65, 0x45, 0x00, 0x50, 0x05, 0x00, 0x50, 0x05, 0x00,
    0x50, 0x05, 0x00, 0x50, 0x05, 0x00, 0x50, 0x05, 0x00, 0x50, 0x05, 0x00, 0x00, 0x00, 0x00, 0x07,
    0xFD, 0x15, 0x90, 0x05, 0x00, 0x50, 0x05, 0x00, 0x50, 0x05, 0x00, 0x50, 0x05, 0x00, 0x50, 0x05,
    0x00, 0x50, 0x05, 0x00, 0x50, 0x05, 0x00, 0x00, 0x7F, 0xD7, 0xFD, 0x7F, 0xD7, 0xFD, 0x05, 0x00,
    0x50, 0x05, 0x00, 0x50, 0x05, 0x00, 0x50, 0x05, 0x00, 0x50, 0x05, 0x00, 0x50, 0x05, 0x00, 0x50,
    0x00, 0x00, 0x00, 0x07, 0xFD, 0x65, 0x45, 0x00, 0x7F, 0xD1, 0xA4, 0x05, 0x00, 0x50, 0x05, 0x00,
    0x50, 0x05, 0x00, 0x50, 0x05, 0x00, 0x50, 0x05, 0x00, 0x50, 0x05, 0x00, 0x50, 0x00, 0x07, 0xFD,
    0x15, 0x90, 0x05, 0x7F, 0xD1, 0xA4, 0x05, 0x00, 0x50, 0x05, 0x00, 0x50, 0x05, 0x00, 0x50, 0x05,
    0x00, 0x50, 0x05, 0x00, 0x50, 0x05, 0x00, 0x50, 0x2F, 0x80, 0x07, 0x40, 0x00, 0x01, 0xEB, 0x80,
    0x38, 0x00, 0x00, 0x0F, 0x0B, 0x02, 0xC0, 0x00, 0x00, 0x38, 0x1C, 0x0E, 0x00, 0x00, 0x00, 0xE0,
    0x70, 0xB0, 0x00, 0x00, 0x03, 0x82, 0xC7, 0x6F, 0xC0, 0x7F, 0x0B, 0x5E, 0x39, 0xE7, 0x83, 0x9F,
    0x0F, 0xF1, 0xCB, 0x0B, 0x1C, 0x1D, 0x05, 0x0E, 0x38, 0x1C, 0xB0, 0x34, 0x00, 0xB0, 0xE0, 0x76,
    0xC0, 0xD0, 0x03, 0x43, 0x81, 0xCB, 0x03, 0x40, 0x3C, 0x0B, 0x0B, 0x1C, 0x1C, 0x01, 0xC0, 0x0E,
    0xB8, 0x3E, 0xF0, 0x0E, 0x00, 0x1F, 0x80, 0x7F, 0x00, 0x0B, 0xE0, 0x00, 0xD0, 0x00, 0x00, 0x00,
    0x00, 0x1E, 0xB8, 0x03, 0xC0, 0x00, 0x00, 0x00, 0x00, 0x3C, 0x2C, 0x07, 0x00, 0x00, 0x00, 0x00,
    0x00, 0x38, 0x1C, 0x0E, 0x00, 0x00, 0x00, 0x00, 0x00, 0x38, 0x1C, 0x2C, 0x00, 0x00, 0x00, 0x00,
    0x00, 0x38, 0x2C, 0x35, 0xFD, 0x03, 0xF8, 0x0B, 0xE0, 0x2D, 0x7C, 0xB3, 0xDF, 0x0F, 0x6D, 0x2E,
    0xB8, 0x0F, 0xF1, 0xD7, 0x07, 0x4D, 0x0E, 0x38, 0x2C, 0x01, 0x43, 0x8B, 0x03, 0x9D, 0x0F, 0x38,
    0x1C, 0x00, 0x07, 0x0B, 0x03, 0x9C, 0x0B, 0x38, 0x1C, 0x00, 0x0D, 0x0B, 0x03, 0x9D, 0x0F, 0x38,
    0x1C, 0x00, 0x2C, 0x07, 0x07, 0x4E, 0x0E, 0x3C, 0x2C, 0x00, 0x34, 0x03, 0xEF, 0x0B, 0xBD, 0x1E,
    0xB8, 0x00, 0xE0, 0x01, 0xFC, 0x02, 0xF4, 0x0B, 0xE0, 0x03, 0xC0, 0x74, 0x0E, 0x01, 0xC0, 0x34,
    0x00, 0x03, 0xC3, 0x80, 0x74, 0xB0, 0x0E, 0x0D, 0x01, 0xC2, 0x80, 0x34, 0x30, 0x00, 0x03, 0xC3,
    0x87, 0x41, 0xD2, 0xC3, 0x80, 0xE0, 0xD2, 0xC0, 0x70, 0xA0, 0xD0, 0x34, 0x30, 0xA0, 0x00, 0x38,
    0x02, 0xC0, 0x0E, 0x00, 0x30, 0x02, 0x80, 0x38, 0xF0, 0x0B, 0x0E, 0x00, 0xE1, 0xC0, 0x0C, 0x38,
    0x02, 0x83, 0x00, 0x38, 0xF1, 0xD0, 0x2C, 0x38, 0xF0, 0x0E, 0x1C, 0x34, 0x03, 0x0E, 0x1C, 0x02,
    0x83, 0x0A, 0x00, 0x40, 0x03, 0xC0, 0x07, 0xA0, 0x0D, 0x30, 0x1C, 0x28, 0x34, 0x0C, 0x70, 0x0A,
    0x00, 0x80, 0x2C, 0x0B, 0x41, 0xE0, 0x3C, 0x01, 0xE0, 0x0B, 0x40, 0x3C, 0x00, 0x80, 0x14, 0x02,
    0xC0, 0x0F, 0x00, 0x3C, 0x01, 0xE0, 0x3C, 0x0F, 0x02, 0xC0, 0x14, 0x00, 0x10, 0x07, 0x80, 0x04,
    0x78, 0x07, 0x80, 0x78, 0x0E, 0x00, 0x01, 0xE0, 0x03, 0xC0, 0x07, 0x40, 0x00, 0xF0, 0x2D, 0x00,
    0x00, 0x2C, 0xB4, 0x00, 0xF0, 0x0B, 0xC0, 0x2D, 0xB0, 0x0F, 0xD0, 0x2C, 0x00, 0x3C, 0xB4, 0x00,
    0x00, 0xF0, 0x1D, 0x00, 0x03, 0xC0, 0x07, 0x80, 0x0E, 0x00, 0x01, 0xE0, 0x38, 0x07, 0x80, 0x78,
    0x20, 0x07, 0x80, 0x04, 0x7C, 0x1E, 0x3C, 0x1E, 0x3C, 0x1E, 0x38, 0x1E, 0x38, 0x1D, 0x38, 0x0D,
    0x38, 0x0D, 0x38, 0x0D, 0x34, 0x0D, 0x34, 0x0C, 0x00, 0x00, 0x38, 0x1D, 0x7C, 0x2F, 0x38, 0x1E,
    0x1B, 0xF8, 0x1F, 0xEB, 0xC0, 0x74, 0x74, 0x1D, 0x0E, 0x03, 0x43, 0x40, 0xD2, 0xC0, 0x37, 0xC0,
    0x0F, 0x80, 0x03, 0xC0, 0x00, 0xE0, 0x00, 0x00, 0x00, 0x00, 0x00, 0x07, 0xC0, 0x00, 0xE0, 0x00,
    0x00, 0x00, 0x00, 0x3F, 0xFF, 0xFD, 0x15, 0x55, 0x54, 0x10, 0x00, 0x01, 0x0C, 0x00, 0x01, 0xC1,
    0xD0, 0x02, 0xC0, 0x2F, 0xAB, 0xD0, 0x01, 0xBF, 0x80, 0x00, 0x00, 0x00, 0x00, 0x00, 0x7F, 0xE0,
    0x00, 0xB9, 0x5F, 0x40, 0xB0, 0x00, 0x74, 0x30, 0x00, 0x07, 0x00, 0x00, 0x00, 0x40, 0x00, 0x0D,
    0x00, 0x1C, 0x00, 0x34, 0x00, 0x70, 0x00, 0xD0, 0x01, 0xC0, 0x02, 0x80, 0x03, 0x80, 0x0B, 0xC0,
    0x0C, 0xD0, 0x2C, 0x70, 0x34, 0x34, 0x70, 0x1C, 0x00, 0x00, 0x07, 0x80, 0x00, 0x00, 0x00, 0x00,
    0x0D, 0x00, 0x00, 0x00, 0x00, 0x00, 0x34, 0x00, 0x00, 0x00, 0x00, 0xF9, 0xD7, 0xD0, 0x00, 0x00,
    0x02, 0xFF, 0xFE, 0x40, 0x00, 0x00, 0x00, 0x3F, 0x00, 0x00, 0x00, 0x00, 0x02, 0xCF, 0x00, 0x00,
    0x00, 0x00, 0x1E, 0x1E, 0x00, 0x00, 0x00, 0x00, 0x74, 0x34, 0x00, 0x00, 0x03, 0xC0, 0x00, 0x00,
    0xF0, 0x00, 0x0B, 0x00, 0x00, 0x03, 0xC0, 0x00, 0x2C, 0x00, 0x00, 0x0B, 0x00, 0xB9, 0xB6, 0xF0,
    0x2E, 0x69, 0xB9, 0xBF, 0xFF, 0x80, 0xAF, 0xFF, 0xE0, 0x1F, 0x80, 0x00, 0x07, 0xE0, 0x00, 0xE7,
    0x40, 0x00, 0x3A, 0xD0, 0x0F, 0x0F, 0x00, 0x03, 0xC3, 0xC0, 0x28, 0x1C, 0x00, 0x0A, 0x0A, 0x00,
    0x00, 0x00, 0x00, 0x00, 0x00, 0x00, 0x00, 0x03, 0xFF, 0x15, 0x50, 0x00, 0x00, 0x34, 0x00, 0x03,
    0x80, 0x00, 0x2C, 0x00, 0x00, 0xD0, 0x00, 0x0E, 0x00, 0x00, 0x70, 0x00, 0x03, 0x40, 0x00, 0x3C,
    0x00, 0x01, 0xC0, 0x00, 0x0E, 0x00, 0x00, 0xB0, 0x00, 0x07, 0x00, 0x00, 0x38, 0x00, 0x02, 0xC0,
    0x00, 0x00, 0x7F, 0xC7, 0x94, 0x74, 0x07, 0x40, 0x74, 0x07, 0x40, 0x74, 0x07, 0x40, 0x7F, 0xC7,
    0x94, 0x74, 0x07, 0x40, 0x74, 0x07, 0x40, 0x74, 0x07, 0x40, 0x7F, 0xC1, 0x54, 0x7F, 0xC1, 0x7C,
    0x02, 0xC0, 0x2C, 0x02, 0xC0, 0x2C, 0x02, 0xC0, 0x2C, 0xBF, 0xC1, 0x6C, 0x02, 0xC0, 0x2C, 0x02,
    0xC0, 0x2C, 0x02, 0xC0, 0x2C, 0x7F, 0xC1, 0x54, 0x2F, 0xF8, 0x0B, 0xFD, 0x07, 0xAA, 0xF2, 0xEA,
    0xF8, 0x00, 0x0B, 0x40, 0x02, 0xC0, 0x00, 0x74, 0x00, 0x2C, 0x00, 0x0B, 0x00, 0x03, 0xC0, 0x02,
    0xE0, 0x00, 0xF4, 0x00, 0xF4, 0x00, 0x3C, 0x00, 0x2C, 0x00, 0x0F, 0x00, 0x03, 0x80, 0x00, 0xD0,
    0x00, 0x24, 0x00, 0x08, 0x00, 0x00, 0x00, 0x00, 0x00, 0x00, 0x38, 0x00, 0x1D, 0x00, 0x0B, 0xC0,
    0x03, 0xE0, 0x00, 0x78, 0x00, 0x1D, 0x00, 0x2F, 0xF8, 0x0B, 0x5E, 0xAB, 0xC2, 0xD0, 0x00, 0xB4,
    0xB4, 0x00, 0x1D, 0x2D, 0x00, 0x0B, 0x0B, 0x00, 0x0B, 0x81, 0xC0, 0x0F, 0x40, 0x70, 0x0B, 0x00,
    0x1C, 0x03, 0x80, 0x07, 0x00, 0x90, 0x01, 0xC0, 0x00, 0x00, 0x00, 0x0E, 0x00, 0x1C, 0x0B, 0xC0,
    0x0F, 0x81, 0xE0, 0x02, 0xD0, 0x7C, 0x1F, 0xF8, 0x0F, 0x1F, 0xAB, 0xC3, 0xC0, 0x00, 0x78, 0xE0,
    0x00, 0x0E, 0x38, 0x00, 0x07, 0x4E, 0x00, 0x07, 0x83, 0x80, 0x0B, 0x80, 0xE0, 0x07, 0x40, 0x34,
    0x03, 0x80, 0x0D, 0x00, 0x90, 0x00, 0x00, 0x00, 0x00, 0xE0, 0x0A, 0x00, 0x7C, 0x07, 0xC0, 0x0E,
    0x00, 0xF0, 0x00, 0x7F, 0xFF, 0xF8, 0x55, 0x56, 0xE0, 0x00, 0x0F, 0x00, 0x00, 0x74, 0x00, 0x03,
    0x80, 0x00, 0x3C, 0x00, 0x01, 0xD0, 0x00, 0x0F, 0x00, 0x00, 0xB0, 0x00, 0x07, 0x80, 0x00, 0x3C,
    0x00, 0x00, 0x3F, 0xFF, 0x80, 0x39, 0xFF, 0xF4, 0x30, 0xBF, 0xFC, 0x30, 0xBF, 0xFC, 0x30, 0xBF,
    0xFC, 0x30, 0xBF, 0xFC, 0x30, 0xBF, 0xFC, 0x30, 0xBF, 0xFC, 0x30, 0xBF, 0xF4, 0x30, 0xBF, 0xE0,
    0x30, 0xA0, 0x00, 0x30, 0xA0, 0x00, 0x30, 0xA0, 0x00, 0x30, 0xA0, 0x00, 0x30, 0xA0, 0x00, 0x30,
    0xA0, 0x00, 0x30, 0xA0, 0x00, 0x30, 0x90, 0x00, 0x0B, 0xFF, 0xF4, 0xFF, 0xF9, 0xD7, 0xFF, 0xC3,
    0x6F, 0xFF, 0x0D, 0xFF, 0xFC, 0x37, 0xFF, 0xF0, 0xDF, 0xFF, 0xC3, 0x6F, 0xFF, 0x0D, 0x3F, 0xFD,
    0x34, 0x7F, 0xFF, 0xD0, 0x05, 0x55, 0x00, 0x3F, 0xFF, 0x80, 0x39, 0xFF, 0xF0, 0x30, 0xFF, 0xFC,
    0x30, 0xFF, 0xFC, 0x30, 0xFF, 0xFC, 0x30, 0xFF, 0xFC, 0x30, 0xFF, 0xFC, 0x30, 0xFF, 0xFC, 0x30,
    0xFF, 0xF4, 0x3F, 0xFF, 0xE0, 0x15, 0x55, 0x00, 0x00, 0x78, 0x00, 0x00, 0xE0, 0x00, 0x03, 0x40,
    0x0F, 0x9E, 0x6D, 0x2F, 0xFF, 0xE4, 0x03, 0xF0, 0x00, 0x2C, 0xF0, 0x01, 0xF1, 0xE0, 0x07, 0x43,
    0x80, 0x00, 0x00, 0x00, 0x2C, 0x0F, 0x42, 0xC0, 0x00, 0x00, 0x00, 0x00, 0x00, 0x00, 0x00, 0x0B,
    0x41, 0xE0, 0x38, 0x0B, 0x01, 0xC0, 0x00, 0x00, 0x00, 0x00, 0x7F, 0xE0, 0x00, 0xB9, 0x5F, 0x40,
    0xB0, 0x00, 0x74, 0x30, 0x00, 0x07, 0x00, 0x00, 0x00, 0x40, 0x00, 0x00, 0x00, 0x00, 0x00, 0x00,
    0x00, 0x00, 0x00, 0x00, 0x00, 0x00, 0x00, 0x00, 0x00, 0x00, 0x00, 0x00, 0x00, 0x00, 0x00, 0x00,
    0x00, 0x00, 0x00, 0x00, 0x00, 0x00, 0x00, 0x00, 0x00, 0x00, 0x00, 0x00, 0x00, 0x04, 0x00, 0x00,
    0x43, 0x00, 0x00, 0x70, 0x74, 0x00, 0xB0, 0x0B, 0xEA, 0xF4, 0x00, 0x6F, 0xE0, 0x00, 0x00, 0x78,
    0x00, 0x00, 0xE0, 0x00, 0x03, 0x40, 0x0F, 0x9E, 0x6D, 0x2F, 0xFF, 0xE4, 0x03, 0xF0, 0x00, 0x2C,
    0xF0, 0x01, 0xF1, 0xE0, 0x07, 0x43, 0x80, 0x00, 0x00, 0x00, 0x00, 0x00, 0x00, 0x1E, 0x00, 0x00,
    0x38, 0x00, 0x00, 0xD0, 0x03, 0xE7, 0x9B, 0x4B, 0xFF, 0xF9, 0x00, 0xFC, 0x00, 0x0B, 0x3C, 0x00,
    0x7C, 0x78, 0x01, 0xD0, 0xE0, 0x00, 0x00, 0x00, 0xB4, 0x0D, 0xF8, 0x2C, 0x10, 0x38, 0x00, 0x70,
    0x00, 0xE0, 0x01, 0xD0, 0x02, 0xC0, 0x03, 0x40, 0x0B, 0x00, 0x0E, 0x00, 0x1C, 0x00, 0x3C, 0x04,
    0x34, 0x2E, 0xB0, 0x2D, 0x00, 0x00, 0x00, 0x00, 0x00, 0x2F, 0xF9, 0x00, 0x00, 0xC2, 0xE5, 0xBF,
    0xE4, 0x1E, 0x0C, 0x00, 0x06, 0xFF, 0xE0, 0x10, 0x00, 0x00, 0x14, 0x00, 0x00, 0x00, 0x00, 0x00,
    0x7F, 0xE0, 0x00, 0xB9, 0x5F, 0x40, 0xB0, 0x00, 0x74, 0x30, 0x00, 0x07, 0x04, 0x00, 0x00, 0x40,
    0x00, 0x38, 0x00, 0x0D, 0x38, 0xB0, 0x07, 0xBA, 0xC0, 0x01, 0xFF, 0x40, 0x7F, 0xFF, 0xFC, 0x15,
    0xFF, 0x54, 0x03, 0xFF, 0x80, 0x0F, 0x39, 0xE0, 0x08, 0x38, 0x60, 0x00, 0x38, 0x00, 0x00, 0x0B,
    0x40, 0x02, 0xE0, 0x00, 0x00, 0x00, 0x00, 0x00, 0x00, 0x00, 0x00, 0x0F, 0x40, 0x02, 0xD0, 0x00,
    0x00, 0x00, 0x00, 0x00, 0x00, 0x00, 0x00, 0x00, 0x00, 0x00, 0x0B, 0x80, 0x02, 0xD0, 0x03, 0xC3,
    0x8B, 0x0E, 0x07, 0x4F, 0x0D, 0x2C, 0x0E, 0x1C, 0x3C, 0x34, 0x1C, 0x38, 0x70, 0xE0, 0x34, 0x70,
    0xD1, 0xC0, 0x00, 0x0B, 0x40, 0x00, 0x00, 0x0B, 0x80, 0x00, 0x00, 0x00, 0x00, 0x00, 0x00, 0x00,
    0x00, 0x00, 0x00, 0x00, 0x00, 0x00, 0x00, 0x00, 0x00, 0x00, 0xF4, 0x00, 0x00, 0x7C, 0xB4, 0x00,
    0x00, 0x3C, 0x00, 0x00, 0x00, 0x00, 0x00, 0x00, 0x00, 0x00, 0x00, 0x00, 0x00, 0x00, 0x00, 0x00,
    0x00, 0x00, 0x00, 0x0B, 0x80, 0x00, 0x00, 0x0B, 0x40, 0x00, 0xB4, 0x00, 0x00, 0x3C, 0xF4, 0x00,
    0x00, 0x3C, 0x00, 0x00, 0x00, 0x00, 0x00, 0x00, 0x00, 0x00, 0x00, 0x00, 0x00, 0x00, 0x00, 0x07,
    0x40, 0x00, 0x00, 0x0B, 0x80, 0x00, 0x00, 0x00, 0x00, 0x00, 0x00, 0x00, 0x00, 0x00, 0x00, 0x00,
    0x00, 0x00, 0x00, 0x00, 0x00, 0x00, 0x00, 0x00, 0x00, 0x00, 0xF4, 0x00, 0x00, 0x7C, 0xB4, 0x00,
    0x00, 0x38, 0xB3, 0xD7, 0x00, 0x00, 0x00, 0x00, 0x00, 0x00, 0x1C, 0xF6, 0xC0, 0x00, 0x38, 0x00,
    0x00, 0x7C, 0x00, 0x00, 0x34, 0x00, 0x00, 0x00, 0x00, 0x00, 0x00, 0x00, 0x00, 0x00, 0x00, 0xB0,
    0x00, 0x2C, 0xF4, 0x00, 0x3D, 0x70, 0x00, 0x1C, 0x00, 0x00, 0x00, 0x00, 0x00, 0x00, 0x00, 0x00,
    0x00, 0x00, 0x34, 0x00, 0x00, 0x7C, 0x00, 0x00, 0x38, 0x00, 0x00, 0x02, 0xC0, 0x00, 0x03, 0x42,
    0xC0, 0xA0, 0x0B, 0xC2, 0xC0, 0xF0, 0x07, 0x82, 0xC0, 0xF0, 0x00, 0x02, 0xC0, 0x00, 0x00, 0x02,
    0xC0, 0x00, 0x00, 0x02, 0xC0, 0x00, 0x3F, 0xFF, 0xFF, 0xFF, 0x15, 0x56, 0xD5, 0x55, 0x00, 0x02,
    0xC0, 0x00, 0x00, 0x02, 0xC0, 0x00, 0x07, 0x82, 0xC0, 0xE0, 0x0B, 0xC2, 0xC1, 0xF0, 0x03, 0x42,
    0xC0, 0xD0, 0x00, 0x02, 0xC0, 0x00, 0x38, 0x7C, 0x38, 0x00, 0x00, 0x38, 0x7C, 0x38, 0x00, 0x00,
    0x00, 0x38, 0x7C, 0x38, 0x38, 0x7C, 0x38, 0x38, 0x7C, 0x38, 0x00, 0x38, 0x7C, 0x38, 0x00, 0x38,
    0x7C, 0x38, 0x00, 0x07, 0xFD, 0x1A, 0x40, 0x50, 0x7F, 0xD1, 0xA4, 0x05, 0x00, 0x50, 0x05, 0x00,
    0x50, 0x05, 0x00, 0x50, 0x05, 0x00, 0x50, 0x05, 0x00, 0x50, 0x05, 0x00, 0x50, 0x00, 0x07, 0xFD,
    0x65, 0x95, 0x05, 0x7F, 0xD1, 0xA4, 0x05, 0x00, 0x50, 0x05, 0x00, 0x50, 0x05, 0x00, 0x50, 0x05,
    0x00, 0x50, 0x05, 0x00, 0x50, 0x05, 0x00, 0x50, 0x2A, 0x83, 0xFC, 0x1F, 0x40, 0xF0, 0x05, 0x00,
    0x50, 0x05, 0x00, 0x50, 0x05, 0x00, 0x50, 0x05, 0x00, 0x50, 0x05, 0x00, 0x50, 0x05, 0x00, 0x50,
    0x05, 0x00, 0x00, 0x00, 0xA0, 0x1F, 0x43, 0xFC, 0x2A, 0x80, 0x50, 0x05, 0x00, 0x50, 0x05, 0x00,
    0x50, 0x05, 0x00, 0x50, 0x05, 0x00, 0x50, 0x05, 0x00, 0x50, 0x05, 0x00, 0x00, 0x01, 0xF4, 0x30,
    0xC1, 0xA4, 0x0A, 0x00, 0x50, 0x05, 0x00, 0x50, 0x05, 0x00, 0x50, 0x05, 0x00, 0x50, 0x05, 0x00,
    0x50, 0x05, 0x00, 0x50, 0x05, 0x00, 0x00, 0x07, 0xD0, 0x19, 0x00, 0x50, 0x7F, 0xD1, 0xA4, 0x05,
    0x00, 0x50, 0x05, 0x00, 0x50, 0x05, 0x00, 0x50, 0x05, 0x00, 0x50, 0x05, 0x00, 0x50, 0x05, 0x00,
    0x50, 0x00, 0x00, 0x7F, 0x43, 0xDB, 0x1C, 0x0E, 0xB0, 0x2E, 0xC0, 0xBB, 0x02, 0xDC, 0x0E, 0x38,
    0x74, 0x7F, 0x80, 0x00, 0x00, 0x90, 0xDD, 0xDD, 0xDD, 0xD0, 0x00, 0xF0, 0x02, 0xF0, 0x07, 0xB0,
    0x0D, 0xB0, 0x28, 0xB0, 0x70, 0xF0, 0xFF, 0xFC, 0x00, 0xF0, 0x00, 0xB0, 0x00, 0x00, 0xFF, 0xC3,
    0x40, 0x0C, 0x00, 0x3F, 0xD0, 0x56, 0xD0, 0x03, 0x80, 0x0E, 0x50, 0x75, 0xFF, 0x80, 0x00, 0x00,
    0x00, 0x00, 0x1F, 0xC2, 0xD5, 0x0D, 0x00, 0x7B, 0xE2, 0xE5, 0xEB, 0x02, 0xDC, 0x0B, 0x38, 0x78,
    0x7F, 0x80, 0x00, 0x00, 0x00, 0x01, 0xFF, 0xE0, 0x07, 0x80, 0x1C, 0x00, 0xE0, 0x07, 0x00, 0x38,
    0x01, 0xC0, 0x0E, 0x00, 0x24, 0x00, 0x00, 0x00, 0x7F, 0x83, 0x97, 0x4D, 0x0D, 0x3D, 0xB0, 0x3F,
    0x43, 0x47, 0x5C, 0x0A, 0x74, 0x38, 0xBF, 0xC0, 0x00, 0x00, 0x00, 0x00, 0x7F, 0x43, 0x9B, 0x6C,
    0x0E, 0xB0, 0x2D, 0xD1, 0xF2, 0xFE, 0x80, 0x0D, 0x00, 0xB0, 0xFF, 0x00, 0x00, 0x00, 0x03, 0x00,
    0x0C, 0x00, 0x30, 0x1F, 0xFD, 0x03, 0x40, 0x0C, 0x00, 0x3F, 0xF4, 0x00, 0x01, 0xFF, 0xD1, 0x55,
    0x1F, 0xFD, 0x00, 0x00, 0x0C, 0x38, 0x30, 0x70, 0xA0, 0xA0, 0xA0, 0x70, 0x30, 0x38, 0x0C, 0xB0,
    0x34, 0x1C, 0x0C, 0x0D, 0x0D, 0x0D, 0x0C, 0x1C, 0x34, 0xB0, 0xCB, 0xD3, 0xD6, 0xCE, 0x03, 0x34,
    0x0D, 0xD0, 0x37, 0x40, 0xDD, 0x03, 0x40, 0x00, 0x00, 0x7F, 0x43, 0xDB, 0x1C, 0x0E, 0xB0, 0x2E,
    0xC0, 0xBB, 0x02, 0xDC, 0x0E, 0x38, 0x74, 0x7F, 0x80, 0x00, 0x00, 0x07, 0xCB, 0xF3, 0x5C, 0x07,
    0x01, 0xC0, 0x70, 0x1C, 0x07, 0x01, 0xC0, 0x00, 0x00, 0x7F, 0x43, 0x5B, 0x00, 0x0D, 0x00, 0x70,
    0x03, 0x80, 0x38, 0x03, 0x80, 0x3C, 0x01, 0xFF, 0xD0, 0x00, 0x00, 0x00, 0x00, 0xBF, 0x47, 0x5B,
    0x00, 0x0D, 0x00, 0xB0, 0x7F, 0x40, 0x1B, 0x40, 0x0E, 0x50, 0x75, 0xFF, 0x80, 0x00, 0x00, 0x00,
    0xF0, 0x02, 0xF0, 0x07, 0xB0, 0x0D, 0xB0, 0x28, 0xB0, 0x70, 0xF0, 0xFF, 0xFC, 0x00, 0xF0, 0x00,
    0xB0, 0x00, 0x00, 0xFF, 0xC3, 0x40, 0x0C, 0x00, 0x3F, 0xD0, 0x56, 0xD0, 0x03, 0x80, 0x0E, 0x50,
    0x75, 0xFF, 0x80, 0x00, 0x00, 0x00, 0x00, 0x1F, 0xC2, 0xD5, 0x0D, 0x00, 0x7B, 0xE2, 0xE5, 0xEB,
    0x02, 0xDC, 0x0B, 0x38, 0x78, 0x7F, 0x80, 0x00, 0x00, 0x00, 0x01, 0xFF, 0xE0, 0x07, 0x80, 0x1C,
    0x00, 0xE0, 0x07, 0x00, 0x38, 0x01, 0xC0, 0x0E, 0x00, 0x24, 0x00, 0x00, 0x00, 0x7F, 0x83, 0x97,
    0x4D, 0x0D, 0x3D, 0xB0, 0x3F, 0x43, 0x47, 0x5C, 0x0A, 0x74, 0x38, 0xBF, 0xC0, 0x00, 0x00, 0x00,
    0x00, 0x7F, 0x43, 0x9B, 0x6C, 0x0E, 0xB0, 0x2D, 0xD1, 0xF2, 0xFE, 0x80, 0x0D, 0x00, 0xB0, 0xFF,
    0x00, 0x00, 0x00, 0x03, 0x00, 0x0C, 0x00, 0x30, 0x1F, 0xFD, 0x03, 0x40, 0x0C, 0x00, 0x3F, 0xF4,
    0x00, 0x01, 0xFF, 0xD1, 0x55, 0x1F, 0xFD, 0x00, 0x00, 0x0C, 0x38, 0x30, 0x70, 0xA0, 0xA0, 0xA0,
    0x70, 0x30, 0x38, 0x0C, 0xB0, 0x34, 0x1C, 0x0C, 0x0D, 0x0D, 0x0D, 0x0C, 0x1C, 0x34, 0xB0, 0x1F,
    0xE0, 0x00, 0xD0, 0x02, 0x47, 0xFE, 0x34, 0x29, 0xC1, 0xE2, 0xFA, 0x80, 0x0B, 0xE0, 0xA0, 0xD3,
    0x01, 0xCF, 0xFF, 0x30, 0x00, 0xA0, 0x00, 0xBF, 0x40, 0x0B, 0xE0, 0x28, 0x2C, 0x30, 0x0D, 0x30,
    0x0D, 0x30, 0x0D, 0x28, 0x2C, 0x0B, 0xE0, 0x70, 0x34, 0xA2, 0x80, 0xEC, 0x01, 0xD0, 0x0E, 0xC0,
    0xA2, 0xC7, 0x03, 0x80, 0x2F, 0xD0, 0x00, 0xD0, 0x01, 0x9F, 0xFF, 0x30, 0x18, 0xD0, 0xD0, 0xBD,
    0x00, 0xD0, 0x03, 0x40, 0x0D, 0x00, 0x36, 0xF4, 0xF9, 0xB3, 0x80, 0xCD, 0x03, 0x74, 0x0D, 0xD0,
    0x37, 0x40, 0xD0, 0xD0, 0x03, 0x40, 0x0D, 0x00, 0x34, 0x34, 0xD3, 0x43, 0x74, 0x0F, 0xD0, 0x35,
    0xC0, 0xD2, 0xC3, 0x42, 0x80, 0xDD, 0xDD, 0xDD, 0xDD, 0xDD, 0xCB, 0xC7, 0xE3, 0xD7, 0xF5, 0xDE,
    0x07, 0x02, 0xB4, 0x0C, 0x0A, 0xD0, 0x30, 0x2B, 0x40, 0xC0, 0xAD, 0x03, 0x02, 0x80, 0xCB, 0xD3,
    0xE6, 0xCE, 0x03, 0x34, 0x0D, 0xD0, 0x37, 0x40, 0xDD, 0x03, 0x40, 0xCB, 0xD3, 0xD6, 0xCD, 0x03,
    0x74, 0x0A, 0xE0, 0x37, 0xE6, 0xCD, 0xBD, 0x34, 0x00, 0xD0, 0x03, 0x40, 0x00, 0x2F, 0xD3, 0x55,
    0x30, 0x00, 0x64, 0x00, 0x62, 0x5B, 0x2F, 0xC0, 0x00, 0x09, 0x0B, 0xF9, 0xE4, 0x34, 0x0D, 0x03,
    0x40, 0xB4, 0x0F, 0x40, 0x02, 0xFE, 0x00, 0x0F, 0xAA, 0x00, 0x3C, 0x00, 0x00, 0x3C, 0x00, 0x00,
    0x38, 0x1F, 0xFC, 0x38, 0x1E, 0x54, 0x3C, 0x1D, 0x00, 0x2F, 0x5D, 0x00, 0x0B, 0xFF, 0xFC, 0x00,
    0x2E, 0x54, 0x00, 0x1D, 0x00, 0x00, 0x1D, 0x00, 0x00, 0x1E, 0x54, 0x00, 0x1F, 0xFC, 0x00, 0x34,
    0xD0, 0x00, 0xEB, 0x40, 0x2F, 0xFF, 0x47, 0xFC, 0xB8, 0x3C, 0xE2, 0x81, 0xD3, 0x4D, 0x0F, 0x0C,
    0x30, 0x3C, 0x71, 0xC0, 0xF2, 0x8B, 0x03, 0xCE, 0x38, 0x0B, 0x74, 0xD0, 0x0F, 0xC3, 0x00, 0x2F,
    0x6C, 0x10, 0x2F, 0xFF, 0xC0, 0xE7, 0x94, 0x03, 0x4D, 0x00, 0x04, 0x10, 0x00, 0x01, 0xBF, 0x90,
    0x2F, 0xAB, 0xC2, 0xE0, 0x00, 0x0F, 0x00, 0x00, 0x74, 0x00, 0x02, 0xC1, 0xDF, 0xCF, 0x07, 0xE5,
    0x3C, 0x1F, 0x00, 0xB0, 0x74, 0x02, 0xD1, 0xD0, 0x03, 0xC7, 0x40, 0x0B, 0x9D, 0x00, 0x0F, 0xFA,
    0xE0, 0x07, 0xFE, 0x40, 0x07, 0xFF, 0xFC, 0x1E, 0x55, 0x50, 0x78, 0x00, 0x01, 0xE0, 0x00, 0x07,
    0x80, 0x00, 0x1E, 0x00, 0x00, 0x7F, 0xFF, 0x41, 0xE5, 0x54, 0x07, 0x80, 0x00, 0x1E, 0x00, 0x03,
    0xFF, 0xE0, 0x06, 0xE5, 0x00, 0x07, 0x80, 0x00, 0x1E, 0x00, 0x00, 0x00, 0x7F, 0xE0, 0x02, 0xFA,
    0xB4, 0x03, 0xC0, 0x00, 0x03, 0x80, 0x00, 0x07, 0x80, 0x00, 0x7F, 0xFF, 0xC0, 0x17, 0x95, 0x40,
    0x07, 0x80, 0x00, 0x7F, 0xFF, 0xC0, 0x1B, 0x95, 0x40, 0x07, 0x40, 0x00, 0x0F, 0x00, 0x00, 0x2E,
    0x55, 0x54, 0x7F, 0xFF, 0xFC, 0x00, 0x00, 0x01, 0x00, 0x00, 0x00, 0x01, 0xC0, 0x00, 0x00, 0x00,
    0xE0, 0x00, 0xD6, 0xFC, 0x7F, 0xF4, 0x3B, 0x9B, 0xFE, 0xAF, 0x0F, 0x40, 0x7D, 0x01, 0xE3, 0xC0,
    0x0F, 0x00, 0x3C, 0xE0, 0x07, 0x80, 0x0F, 0x38, 0x02, 0xE0, 0x03, 0xCE, 0x00, 0xF8, 0x00, 0xF3,
    0x80, 0xBE, 0x00, 0x3C, 0xE0, 0x37, 0x80, 0x0F, 0x38, 0x2C, 0xE0, 0x03, 0xCE, 0x0D, 0x38, 0x00,
    0xF0, 0x0B, 0x00, 0x00, 0x00, 0x03, 0x40, 0x00, 0x00, 0x0F, 0x00, 0xB0, 0x0F, 0x80, 0xB0, 0x0F,
    0xC0, 0xB0, 0x0E, 0xD0, 0xB0, 0x1D, 0xF0, 0xB0, 0xFF, 0xFF, 0xFE, 0x5E, 0x79, 0xB4, 0x1E, 0x3C,
    0xB0, 0xFF, 0xFF, 0xFE, 0x5E, 0x5F, 0xB4, 0x0D, 0x0B, 0xB0, 0x0D, 0x03, 0xF0, 0x0D, 0x02, 0xF0,
    0x0D, 0x01, 0xF0, 0x7F, 0xF4, 0x00, 0x01, 0xE6, 0xFC, 0x00, 0x07, 0x40, 0xF4, 0x00, 0x1D, 0x01,
    0xE1, 0xC0, 0x74, 0x07, 0x8B, 0x01, 0xD0, 0x2D, 0x3C, 0x07, 0x46, 0xF7, 0xFF, 0x1F, 0xFE, 0x07,
    0xD4, 0x79, 0x00, 0x0F, 0x01, 0xD0, 0x00, 0x3C, 0x07, 0x40, 0x00, 0xF0, 0x1D, 0x00, 0x03, 0xC0,
    0x74, 0x00, 0x0B, 0x51, 0xD0, 0x00, 0x0F, 0xD0, 0x7F, 0xF4, 0x00, 0x00, 0x79, 0xBE, 0x00, 0x00,
    0x78, 0x0F, 0x00, 0x00, 0x78, 0x0B, 0x07, 0xF8, 0x78, 0x0B, 0x1F, 0xAC, 0x78, 0x0F, 0x2C, 0x00,
    0x78, 0x2E, 0x2D, 0x00, 0x7F, 0xF8, 0x0F, 0x80, 0x79, 0xB4, 0x03, 0xF4, 0x78, 0x3C, 0x00, 0x7C,
    0x78, 0x2D, 0x00, 0x1D, 0x78, 0x0F, 0x00, 0x1D, 0x78, 0x0B, 0x6A, 0xBC, 0x78, 0x03, 0x9F, 0xF4,
    0xB0, 0x0F, 0x00, 0xD7, 0x41, 0xF4, 0x1D, 0x34, 0x1F, 0x41, 0xC3, 0x82, 0xA8, 0x2C, 0x3C, 0x3A,
    0xC3, 0x82, 0xC3, 0x5C, 0x38, 0xFF, 0xFF, 0xFF, 0xF1, 0xEB, 0x0E, 0x74, 0x0D, 0xB0, 0xE7, 0x00,
    0xEA, 0x0B, 0xB0, 0x0A, 0xD0, 0x7A, 0x00, 0x7D, 0x03, 0xE0, 0x07, 0xC0, 0x3D, 0x00, 0x3C, 0x03,
    0xC0, 0x3F, 0xFE, 0x00, 0xB3, 0x95, 0xBC, 0x0B, 0x34, 0x00, 0xE0, 0xB3, 0x47, 0x4F, 0x0B, 0x34,
    0x74, 0xB0, 0xB3, 0x47, 0x4B, 0x0B, 0x34, 0x74, 0xB0, 0xB3, 0x47, 0x4B, 0x0B, 0x34, 0x74, 0xB0,
    0xB3, 0x47, 0x4B, 0x0F, 0x34, 0x74, 0x10, 0xF3, 0x47, 0x40, 0x1E, 0x34, 0x79, 0x5B, 0xC3, 0x47,
    0xFF, 0xE0, 0x00, 0x00, 0xF0, 0x00, 0xFF, 0xFE, 0x00, 0x55, 0xF4, 0x00, 0x00, 0xF0, 0x07, 0xF8,
    0xF0, 0x2F, 0xAB, 0xF0, 0x7C, 0x02, 0xF0, 0xB4, 0x00, 0xF0, 0xF0, 0x00, 0xF0, 0xF0, 0x00, 0xF0,
    0xF0, 0x00, 0xF0, 0xB4, 0x00, 0xF0, 0x7C, 0x01, 0xF0, 0x2F, 0xAB, 0xF0, 0x07, 0xF8, 0xB0, 0x00,
    0x00, 0x00, 0x00, 0x00, 0x00, 0x2F, 0xFF, 0xF8, 0x05, 0x55, 0x50, 0x00, 0x2F, 0xF8, 0x00, 0xFA,
    0xAD, 0x03, 0xD0, 0x00, 0x07, 0x80, 0x00, 0x0F, 0x00, 0x00, 0xBF, 0xFF, 0xC0, 0x1F, 0x55, 0x40,
    0x0F, 0x00, 0x00, 0xBF, 0xFF, 0x40, 0x1F, 0x55, 0x00, 0x07, 0x40, 0x00, 0x03, 0xD0, 0x00, 0x00,
    0xFA, 0xAC, 0x00, 0x2F, 0xF8, 0x0F, 0x00, 0x3D, 0x0F, 0x00, 0xB4, 0x0F, 0x02, 0xD0, 0x0F, 0x07,
    0x80, 0x0F, 0x1E, 0x00, 0x0F, 0x7C, 0x00, 0xBF, 0xFF, 0xF8, 0x1F, 0xFD, 0x50, 0x0F, 0x0F, 0x00,
    0x0F, 0x07, 0x80, 0x0F, 0x02, 0xD0, 0x0F, 0x00, 0xF0, 0x0F, 0x00, 0x7C, 0x0F, 0x00, 0x2E, 0xBF,
    0xFF, 0xFE, 0x55, 0x7D, 0x54, 0x00, 0x3C, 0x00, 0x00, 0x3C, 0x10, 0x00, 0x3E, 0xE0, 0x00, 0x3F,
    0x40, 0x00, 0xFC, 0x00, 0x0B, 0xBC, 0xF0, 0x09, 0x3F, 0xC0, 0x00, 0x7D, 0x00, 0x02, 0xFC, 0x00,
    0x0F, 0x3C, 0x00, 0x00, 0x3C, 0x00, 0x00, 0x3C, 0x00, 0x2F, 0xFE, 0x00, 0x00, 0x00, 0x3E, 0xAF,
    0xE0, 0x00, 0x00, 0x00, 0x00, 0xF8, 0x00, 0x00, 0x02, 0xC0, 0x3C, 0x00, 0x00, 0x03, 0xC0, 0x1D,
    0x00, 0x00, 0x03, 0x80, 0x1E, 0x00, 0x00, 0x07, 0x40, 0x1E, 0x00, 0x00, 0x0B, 0x00, 0x1D, 0x00,
    0x00, 0x0F, 0x00, 0x2D, 0x0F, 0xF4, 0x0F, 0x00, 0x3C, 0x3D, 0x7C, 0x0E, 0x00, 0xF4, 0x74, 0x1D,
    0x1D, 0x07, 0xE0, 0xF0, 0x2C, 0x2E, 0xBF, 0x40, 0xFA, 0xF8, 0x3F, 0xF4, 0x01, 0xEF, 0xD0, 0x00,
    0x00, 0x01, 0xC0, 0x00, 0x00, 0x00, 0x02, 0xC0, 0x00, 0x00, 0x00, 0x03, 0xC0, 0x00, 0x00, 0x00,
    0x03, 0x80, 0x00, 0x00, 0x00, 0x07, 0x40, 0x00, 0x00, 0x0B, 0xE0, 0x00, 0xBA, 0xD0, 0x03, 0xC3,
    0x80, 0x0E, 0x0E, 0x00, 0x3C, 0x34, 0x00, 0xB1, 0xC0, 0x01, 0xCA, 0x00, 0x03, 0xB4, 0x00, 0x0B,
    0x80, 0x08, 0x2E, 0x00, 0xB1, 0xFC, 0x07, 0xFE, 0x38, 0x3C, 0xF0, 0xF1, 0xC2, 0x41, 0xD0, 0x00,
    0x03, 0x80, 0x00, 0x0E, 0x00, 0x00, 0x38, 0x00, 0x2B, 0xD0, 0x00, 0xFD, 0x00, 0x0F, 0xFF, 0x40,
    0x0F, 0xAB, 0xF0, 0xFF, 0xFF, 0xFE, 0x5F, 0x55, 0xB8, 0x0F, 0x00, 0xB4, 0xFF, 0xFF, 0xFE, 0x5F,
    0x55, 0xF4, 0x0F, 0x07, 0xD0, 0x0F, 0xFF, 0x40, 0x0F, 0x50, 0x00, 0x0F, 0x00, 0x00, 0x0F, 0x00,
    0x00, 0x0F, 0x00, 0x00, 0x0F, 0x00, 0x00, 0x00, 0x03, 0x00, 0x00, 0x1B, 0xFF, 0x40, 0x3F, 0xBA,
    0xF0, 0x3D, 0x0C, 0x00, 0x3D, 0x03, 0x00, 0x1E, 0x00, 0xC0, 0x0B, 0x40, 0x30, 0x02, 0xD0, 0x0C,
    0x00, 0xB4, 0x03, 0xFF, 0xAD, 0x00, 0xD5, 0xE7, 0x80, 0x30, 0x78, 0xF0, 0x0C, 0x1E, 0x2F, 0x43,
    0x07, 0x82, 0xFE, 0xEB, 0xE0, 0x1B, 0xFF, 0xE4, 0x00, 0x0C, 0x00, 0x00, 0x01, 0x00, 0x00, 0x00,
    0x3E, 0x00, 0x00, 0x1F, 0xC0, 0x00, 0x0B, 0x74, 0x00, 0x03, 0x8E, 0x00, 0x02, 0xD3, 0xC0, 0x3F,
    0xFF, 0xFF, 0xD5, 0xB9, 0x5F, 0x50, 0x2D, 0x03, 0xD0, 0xFF, 0xFF, 0xFF, 0x5B, 0x95, 0x5F, 0x42,
    0xD0, 0x02, 0xD0, 0xF0, 0x00, 0x78, 0x78, 0x00, 0x0F, 0x3C, 0x00, 0x02, 0xD0, 0x06, 0xFF, 0x80,
    0x0E, 0x9B, 0xF0, 0x00, 0x00, 0xB4, 0x00, 0x00, 0xB4, 0xFF, 0xFF, 0xFD, 0x55, 0x5F, 0xD4, 0x00,
    0xBE, 0x00, 0x0B, 0xE0, 0x00, 0xFF, 0xFF, 0xFD, 0x7D, 0x55, 0x54, 0x3C, 0x00, 0x00, 0x3C, 0x00,
    0x00, 0x1F, 0xAA, 0xB4, 0x06, 0xFF, 0xA0, 0x00, 0x0B, 0x00, 0x00, 0xBF, 0xF8, 0x07, 0xFF, 0xBC,
    0x1F, 0x4B, 0x00, 0x3D, 0x0B, 0x00, 0x78, 0x0B, 0x00, 0xB4, 0x0B, 0x00, 0xB4, 0x0B, 0x00, 0xB4,
    0x0B, 0x00, 0xB4, 0x0B, 0x00, 0x78, 0x0B, 0x00, 0x3C, 0x0B, 0x00, 0x2F, 0x0B, 0x00, 0x0B, 0xEF,
    0xAC, 0x01, 0xBF, 0xF8, 0x00, 0x0B, 0x00, 0x00, 0x05, 0x00, 0x07, 0x01, 0xC0, 0x02, 0xC0, 0xF0,
    0x06, 0xFF, 0xFF, 0xF1, 0x7D, 0x5F, 0x54, 0x0F, 0x03, 0xC0, 0x03, 0xC0, 0xF0, 0x00, 0xF0, 0x3C,
    0x00, 0x3C, 0x0F, 0x00, 0x0F, 0x03, 0xC0, 0x03, 0xC0, 0xF0, 0x00, 0xF0, 0x3C, 0x00, 0x3C, 0x0B,
    0xD8, 0x0F, 0x00, 0xBF, 0x00, 0x00, 0x02, 0xFF, 0x90, 0x00, 0x7E, 0xAB, 0x80, 0x03, 0xC0, 0x00,
    0x00, 0x0F, 0x00, 0x00, 0x00, 0x3C, 0x00, 0x00, 0x00, 0x7D, 0x00, 0x00, 0x00, 0x7F, 0x80, 0x00,
    0x00, 0x0B, 0xE0, 0x00, 0x00, 0x02, 0xE1, 0xF3, 0xD7, 0xD3, 0xC6, 0xF6, 0xE6, 0x8B, 0x0F, 0x83,
    0x07, 0x3C, 0x0F, 0xAE, 0x6F, 0xC0, 0x2A, 0xFF, 0xF4, 0x00, 0x90, 0xC1, 0xC0, 0x01, 0x01, 0x01,
    0x00, 0xBF, 0xFF, 0xFC, 0x55, 0x55, 0x54, 0x00, 0x00, 0x00, 0xBF, 0xFF, 0xFC, 0x55, 0xBD, 0x54,
    0x00, 0x78, 0x00, 0x00, 0x78, 0x00, 0x00, 0x78, 0x00, 0x00, 0x78, 0x00, 0x00, 0x78, 0x00, 0x00,
    0x78, 0x00, 0x00, 0x78, 0x00, 0x00, 0x78, 0x00, 0x00, 0x78, 0x00, 0x7F, 0xFF, 0xD0, 0x7E, 0x00,
    0x00, 0xF0, 0x00, 0x07, 0x40, 0x7F, 0xFF, 0xD0, 0x0B, 0x80, 0x00, 0xF0, 0x02, 0xFD, 0x00, 0x3D,
    0x00, 0x02, 0xD0, 0x00, 0x0F, 0x00, 0x00, 0xB4, 0x00, 0x03, 0xC0, 0x00, 0x1E, 0x00, 0x00, 0xF4,
    0x00, 0x00, 0x00, 0x07, 0x40, 0x00, 0x07, 0x40, 0x00, 0x07, 0x9B, 0x80, 0x0B, 0xF8, 0x00, 0xBF,
    0x41, 0x40, 0x07, 0xAF, 0x80, 0x1F, 0xE4, 0x00, 0xBF, 0x40, 0x2C, 0x07, 0x40, 0x2C, 0x07, 0x40,
    0x3C, 0x07, 0x40, 0x78, 0x07, 0x41, 0xF0, 0x07, 0xEF, 0xC0, 0x07, 0xFD, 0x00, 0x2F, 0x80, 0x00,
    0x00, 0xBA, 0xE0, 0x00, 0x00, 0xB0, 0xB0, 0x00, 0x00, 0x3F, 0xFF, 0xFF, 0xE0, 0x05, 0xF5, 0x55,
    0xBC, 0x00, 0xB0, 0x00, 0x0E, 0x00, 0xB0, 0x00, 0x07, 0x00, 0xB3, 0xCB, 0x07, 0x00, 0xBF, 0xFF,
    0xCA, 0x00, 0xBC, 0x34, 0xBC, 0x01, 0xF4, 0x00, 0x10, 0x03, 0x7C, 0x00, 0x00, 0x00, 0x0F, 0xA6,
    0x80, 0x00, 0x02, 0xFF, 0x80, 0x00, 0x0B, 0x40, 0x00, 0x00, 0x2D, 0x00, 0x00, 0x00, 0xB4, 0x00,
    0x00, 0x02, 0xD0, 0x00, 0x02, 0xFF, 0xFD, 0x00, 0x3E, 0x6E, 0x7F, 0x03, 0xD0, 0xB4, 0x2E, 0x1E,
    0x02, 0xD0, 0x3C, 0xB4, 0x0B, 0x40, 0xB6, 0xC0, 0x2D, 0x01, 0xDB, 0x00, 0xB4, 0x07, 0x7C, 0x00,
    0x00, 0x1E, 0xF0, 0x00, 0x00, 0x7B, 0xC0, 0x00, 0x01, 0xE0, 0x0F, 0xFF, 0x80, 0x0F, 0x5A, 0xF4,
    0x0F, 0x00, 0x3C, 0x0F, 0x00, 0x2D, 0x0F, 0x00, 0x2D, 0x0F, 0x00, 0x3C, 0x0F, 0x01, 0xF8, 0xFF,
    0xFF, 0xD0, 0x5F, 0x54, 0x00, 0x0F, 0x00, 0x00, 0xFF, 0xFD, 0x00, 0x5F, 0x54, 0x00, 0x0F, 0x00,
    0x00, 0x0F, 0x00, 0x00, 0x00, 0x34, 0xD0, 0x00, 0x0B, 0xFE, 0x00, 0x07, 0xFA, 0xFE, 0x01, 0xF7,
    0x4D, 0xF4, 0x3C, 0x34, 0xD3, 0xC7, 0x83, 0x4D, 0x2D, 0xB4, 0x34, 0xD1, 0xEB, 0x43, 0x4D, 0x0F,
    0xB4, 0x00, 0x00, 0x07, 0x40, 0x00, 0x00, 0x3C, 0x00, 0x00, 0x02, 0xD0, 0x00, 0x00, 0x0F, 0x40,
    0x00, 0x00, 0x7F, 0x95, 0x54, 0x2F, 0xFF, 0xFF, 0xC0, 0x08, 0x20, 0x00, 0xD7, 0x00, 0x0D, 0x70,
    0x0F, 0xFF, 0x80, 0xF5, 0xBF, 0x0F, 0x00, 0xB8, 0xF0, 0x07, 0x8F, 0x00, 0x78, 0xF0, 0x1F, 0x0F,
    0xFF, 0x80, 0xF5, 0x6F, 0x4F, 0x00, 0x3C, 0xF0, 0x03, 0xCF, 0x00, 0x3C, 0xF0, 0x07, 0xCF, 0x56,
    0xF4, 0xFF, 0xF8, 0x00, 0xD7, 0x00, 0x0D, 0x70, 0x00, 0x06, 0xFE, 0x0B, 0xEA, 0xC7, 0x80, 0x02,
    0xC0, 0x00, 0xF0, 0x00, 0x3C, 0x00, 0x0F, 0x00, 0x02, 0xC0, 0x00, 0x78, 0x00, 0x0B, 0xEA, 0xC0,
    0x7F, 0xE0, 0x00, 0x00, 0xFF, 0xFF, 0x15, 0x55, 0x40, 0x07, 0xC0, 0x00, 0x00, 0x0B, 0xF0, 0x00,
    0xE0, 0x03, 0x5C, 0x00, 0xB0, 0x00, 0x07, 0x00, 0x70, 0x00, 0x01, 0xC0, 0x38, 0x00, 0x00, 0x70,
    0x2C, 0x00, 0x00, 0x1C, 0x1D, 0xBF, 0xF4, 0x07, 0x0E, 0x00, 0x1C, 0x01, 0xCB, 0x00, 0x0A, 0x00,
    0x03, 0x40, 0x03, 0x40, 0x03, 0x80, 0x02, 0xC0, 0x02, 0xC0, 0x00, 0xD0, 0x00, 0xD0, 0x00, 0xB0,
    0x00, 0xE0, 0x00, 0x34, 0x00, 0x70, 0x00, 0x18, 0x00, 0x07, 0xC0, 0x00, 0x00, 0x0B, 0xF0, 0x00,
    0xE0, 0x03, 0x5C, 0x00, 0xB0, 0x00, 0x07, 0x00, 0x70, 0x00, 0x01, 0xC0, 0x38, 0x00, 0x00, 0x70,
    0x2C, 0x00, 0x00, 0x1C, 0x1D, 0x3F, 0x40, 0x07, 0x0E, 0x39, 0x74, 0x01, 0xCB, 0x1C, 0x0B, 0x00,
    0x03, 0x47, 0x01, 0xC0, 0x03, 0x80, 0xE1, 0xF0, 0x02, 0xC0, 0x2F, 0xEC, 0x00, 0xD0, 0x00, 0x0A,
    0x00, 0xE0, 0x00, 0x0B, 0x00, 0x70, 0x00, 0xBF, 0x40, 0x00, 0x00, 0x00, 0x00, 0x07, 0xC0, 0x00,
    0x00, 0x00, 0x02, 0xFC, 0x00, 0x38, 0x00, 0x00, 0x35, 0xC0, 0x0B, 0x00, 0x00, 0x00, 0x1C, 0x01,
    0xC0, 0x00, 0x00, 0x01, 0xC0, 0x38, 0x00, 0x00, 0x00, 0x1C, 0x0B, 0x00, 0x00, 0x00, 0x01, 0xC1,
    0xD3, 0xD0, 0xBE, 0x00, 0x1C, 0x39, 0xFD, 0x2D, 0x78, 0x01, 0xCB, 0x28, 0xD3, 0x82, 0xC0, 0x00,
    0xD0, 0x0D, 0x34, 0x1C, 0x00, 0x38, 0x00, 0xD7, 0x41, 0xC0, 0x0B, 0x00, 0x0D, 0x34, 0x1C, 0x00,
    0xD0, 0x00, 0xD3, 0x42, 0xC0, 0x38, 0x00, 0x0D, 0x2C, 0x38, 0x07, 0x00, 0x00, 0xD0, 0xFF, 0x00,
    0x00, 0x00, 0x00, 0x00, 0x00, 0x0B, 0x80, 0x03, 0x40, 0x3B, 0x80, 0x0F, 0x00, 0x13, 0x80, 0x1C,
    0x00, 0x03, 0x80, 0x34, 0x00, 0x03, 0x80, 0xB0, 0x00, 0x03, 0x81, 0xC7, 0xF8, 0x03, 0x83, 0x8E,
    0x6E, 0x03, 0x8B, 0x00, 0x0E, 0x00, 0x1D, 0x00, 0x1D, 0x00, 0x38, 0x03, 0xF8, 0x00, 0xB0, 0x01,
    0x5E, 0x01, 0xD0, 0x00, 0x0B, 0x03, 0x80, 0x1E, 0x6E, 0x0B, 0x00, 0x0B, 0xF8, 0x1F, 0xD0, 0x00,
    0xF0, 0x0E, 0xBC, 0x00, 0x70, 0x00, 0x03, 0x40, 0x38, 0x00, 0x01, 0xC0, 0x2C, 0x00, 0x01, 0xC0,
    0x1C, 0x00, 0x02, 0xC0, 0x0E, 0xBF, 0x82, 0xC0, 0x0B, 0x39, 0xB5, 0xFF, 0xD7, 0x40, 0x0E, 0x15,
    0x53, 0x80, 0x07, 0x40, 0x02, 0xC0, 0x3F, 0x80, 0x01, 0xD0, 0x05, 0xB8, 0x00, 0xE0, 0x00, 0x0B,
    0x00, 0xB0, 0x06, 0x9B, 0x80, 0x34, 0x00, 0xBF, 0x80, 0x07, 0xC0, 0x00, 0x00, 0x2F, 0xC0, 0x03,
    0x80, 0x35, 0xC0, 0x0B, 0x00, 0x01, 0xC0, 0x1C, 0x00, 0x01, 0xC0, 0x38, 0x00, 0x01, 0xC0, 0xB0,
    0x00, 0x01, 0xC1, 0xDB, 0xFD, 0x01, 0xC3, 0x8A, 0x00, 0x01, 0xCB, 0x0D, 0x00, 0x00, 0x0D, 0x0F,
    0xF8, 0x00, 0x38, 0x05, 0x6E, 0x00, 0xB0, 0x00, 0x0B, 0x00, 0xD0, 0x00, 0x0B, 0x03, 0x80, 0x08,
    0x1E, 0x07, 0x00, 0x0F, 0xF8, 0x00, 0x00, 0x00, 0x00, 0x00, 0x00, 0x00, 0x00, 0x07, 0xF4, 0x00,
    0x00, 0x03, 0x5B, 0x00, 0x0E, 0x00, 0x00, 0xD0, 0x07, 0x00, 0x00, 0x70, 0x03, 0x40, 0x00, 0x38,
    0x03, 0xC0, 0x00, 0x38, 0x01, 0xC0, 0x00, 0x38, 0x00, 0xDF, 0xFC, 0x3C, 0x00, 0xB3, 0x40, 0x1F,
    0xFD, 0x70, 0xC0, 0x00, 0x00, 0x38, 0x3F, 0xD0, 0x00, 0x2C, 0x05, 0x6D, 0x00, 0x1C, 0x00, 0x03,
    0x80, 0x0E, 0x00, 0x00, 0xE0, 0x0B, 0x00, 0x50, 0x74, 0x07, 0x40, 0x1F, 0xF8, 0x00, 0x00, 0x00,
    0x00, 0x00, 0x00, 0x00, 0x00, 0x00, 0x02, 0xFD, 0x00, 0x00, 0x00, 0x75, 0xB0, 0x00, 0xB0, 0x00,
    0x03, 0x40, 0x1D, 0x00, 0x00, 0xB0, 0x03, 0x80, 0x01, 0xFD, 0x00, 0xB0, 0x00, 0x01, 0xB4, 0x0D,
    0x00, 0x00, 0x03, 0x83, 0x9F, 0xFC, 0x50, 0x74, 0xB1, 0xC0, 0x07, 0xFE, 0x0D, 0x1C, 0x00, 0x00,
    0x03, 0x82, 0xFE, 0x00, 0x00, 0x70, 0x05, 0x7C, 0x00, 0x0D, 0x00, 0x01, 0xC0, 0x03, 0xC0, 0x00,
    0x1C, 0x00, 0x70, 0x02, 0x43, 0xC0, 0x0D, 0x00, 0x2F, 0xF0, 0x00, 0x00, 0x00, 0x00, 0x00, 0x00,
    0xF0, 0x00, 0x00, 0x00, 0xBC, 0x00, 0x38, 0x00, 0x7B, 0x00, 0x2C, 0x00, 0x36, 0xC0, 0x0D, 0x00,
    0x28, 0xB0, 0x0E, 0x00, 0x1C, 0x3C, 0x0B, 0x00, 0x0F, 0xFF, 0xC3, 0x7F, 0xF4, 0x03, 0xC3, 0x8E,
    0x00, 0x00, 0xB1, 0xC3, 0x40, 0x00, 0x00, 0xD0, 0xFF, 0x40, 0x00, 0xF0, 0x15, 0xB4, 0x00, 0x70,
    0x00, 0x0E, 0x00, 0x34, 0x00, 0x03, 0x80, 0x2C, 0x00, 0x41, 0xD0, 0x1C, 0x00, 0x3F, 0xE0, 0x00,
    0x00, 0x00, 0x00, 0x07, 0xC0, 0x00, 0x00, 0x2F, 0xC0, 0x03, 0x80, 0x35, 0xC0, 0x0B, 0x00, 0x01,
    0xC0, 0x1C, 0x00, 0x01, 0xC0, 0x38, 0x00, 0x01, 0xC0, 0xB0, 0x00, 0x01, 0xC1, 0xD2, 0xFC, 0x01,
    0xC3, 0x8F, 0x54, 0x01, 0xCB, 0x1C, 0x00, 0x00, 0x0D, 0x2A, 0xF8, 0x00, 0x38, 0x3E, 0x6D, 0x00,
    0xB0, 0x38, 0x0E, 0x00, 0xD0, 0x28, 0x0E, 0x03, 0x80, 0x1D, 0x1D, 0x07, 0x00, 0x0B, 0xF8, 0x00,
    0x00, 0x00, 0x00, 0x00, 0x00, 0x00, 0x00, 0x0F, 0xFC, 0x00, 0x00, 0x03, 0x40, 0x00, 0x0B, 0x00,
    0xC0, 0x00, 0x07, 0x00, 0x3F, 0xD0, 0x03, 0x80, 0x05, 0x6D, 0x02, 0xC0, 0x00, 0x03, 0x81, 0xC0,
    0x00, 0x00, 0xE0, 0xE2, 0xFC, 0x50, 0x74, 0xB3, 0xD5, 0x1F, 0xF8, 0x75, 0xC0, 0x00, 0x00, 0x38,
    0xBB, 0xE0, 0x00, 0x2C, 0x2E, 0x5D, 0x00, 0x0D, 0x0B, 0x03, 0x80, 0x0E, 0x02, 0xC0, 0xE0, 0x0B,
    0x00, 0x74, 0x74, 0x03, 0x40, 0x07, 0xF8, 0x00, 0x00, 0x00, 0x00, 0x00, 0x07, 0xC0, 0x03, 0x80,
    0x3E, 0xC0, 0x0B, 0x00, 0x12, 0xC0, 0x1D, 0x00, 0x02, 0xC0, 0x38, 0x00, 0x02, 0xC0, 0xB0, 0x00,
    0x02, 0xC0, 0xD7, 0xF4, 0x02, 0xC3, 0x8E, 0x2C, 0x02, 0xC7, 0x1C, 0x0D, 0x00, 0x0D, 0x0F, 0x78,
    0x00, 0x3C, 0x07, 0xF4, 0x00, 0x70, 0x1C, 0x1D, 0x00, 0xD0, 0x2C, 0x0E, 0x02, 0xC0, 0x1E, 0x6D,
    0x07, 0x00, 0x07, 0xF4, 0x2F, 0xE0, 0x01, 0xD0, 0x7A, 0xB4, 0x03, 0x80, 0x00, 0x74, 0x0B, 0x00,
    0x1F, 0xD0, 0x0D, 0x00, 0x06, 0xF4, 0x38, 0x00, 0x00, 0x38, 0xB7, 0xF8, 0x50, 0x78, 0xDF, 0x6D,
    0x7F, 0xE3, 0xCD, 0x0E, 0x05, 0x07, 0x0B, 0x1C, 0x00, 0x0D, 0x03, 0xF8, 0x00, 0x2C, 0x0D, 0x1E,
    0x00, 0x70, 0x1C, 0x0B, 0x00, 0xE0, 0x0F, 0xAE, 0x02, 0xC0, 0x07, 0xF8, 0x3F, 0xF4, 0x01, 0xC0,
    0x39, 0x50, 0x03, 0x80, 0x34, 0x00, 0x0B, 0x00, 0x3F, 0xD0, 0x1D, 0x00, 0x15, 0xB4, 0x38, 0x00,
    0x00, 0x38, 0xB7, 0xF8, 0x10, 0x79, 0xDF, 0x6D, 0x3F, 0xF3, 0x8D, 0x0D, 0x01, 0x0B, 0x0B, 0x1C,
    0x00, 0x0D, 0x03, 0xF8, 0x00, 0x38, 0x0D, 0x0E, 0x00, 0x70, 0x1C, 0x0B, 0x00, 0xD0, 0x0F, 0x6E,
    0x03, 0xC0, 0x07, 0xF8, 0xFF, 0xF0, 0x0D, 0x01, 0x57, 0xC0, 0xE0, 0x00, 0x0D, 0x0B, 0x00, 0x00,
    0xB0, 0x34, 0x00, 0x03, 0x43, 0x80, 0x00, 0x2C, 0x1C, 0x7F, 0x40, 0xD0, 0xD3, 0x87, 0x4B, 0x0F,
    0x0D, 0x0D, 0x00, 0x70, 0x2D, 0xA0, 0x03, 0x40, 0x7F, 0x80, 0x2C, 0x03, 0x43, 0x81, 0xC0, 0x1C,
    0x0A, 0x0E, 0x00, 0x3D, 0xB4, 0xB0, 0x00, 0x7F, 0x80, 0x07, 0xC0, 0x00, 0x0B, 0xF0, 0x00, 0xE3,
    0x5C, 0x00, 0xB0, 0x07, 0x00, 0x70, 0x01, 0xC0, 0x38, 0x00, 0x70, 0x2C, 0x00, 0x1C, 0x1D, 0x00,
    0x07, 0x0E, 0x00, 0x01, 0xCB, 0x00, 0x00, 0x03, 0x40, 0x00, 0x03, 0x80, 0x00, 0x02, 0xC0, 0x00,
    0x00, 0xD0, 0x00, 0x00, 0xE0, 0x00, 0x00, 0x70, 0x00, 0x00, 0x1F, 0xFE, 0x40, 0x3E, 0x6B, 0xE0,
    0x00, 0x00, 0xF8, 0x00, 0x00, 0x3C, 0x00, 0x00, 0x2E, 0x00, 0x00, 0x0E, 0x00, 0x00, 0x0F, 0x00,
    0x00, 0x0F, 0x00, 0x00, 0x0E, 0x00, 0x00, 0x2D, 0x00, 0x00, 0x3C, 0x00, 0x00, 0xF4, 0x2A, 0x6B,
    0xE0, 0x1F, 0xFE, 0x00, 0x2F, 0xF4, 0x0E, 0xAF, 0x80, 0x00, 0xF4, 0x00, 0x1E, 0x00, 0x03, 0xC0,
    0x00, 0xF0, 0x00, 0x38, 0x00, 0x1E, 0x00, 0x0F, 0x0E, 0x6F, 0x42, 0xFE, 0x00, 0x00, 0x00, 0x00,
    0x00, 0x01, 0xFD, 0x00, 0x00, 0x00, 0x3D, 0xB0, 0x00, 0xB0, 0x07, 0x03, 0x80, 0x1C, 0x00, 0xB0,
    0x2C, 0x03, 0x80, 0x0B, 0x02, 0xC0, 0xB0, 0x00, 0xB0, 0x2C, 0x1C, 0x00, 0x07, 0x03, 0x83, 0x8B,
    0xF4, 0x38, 0x74, 0xB1, 0x97, 0xC1, 0xFE, 0x1D, 0x00, 0x1C, 0x00, 0x03, 0x80, 0x03, 0xC0, 0x00,
    0xB0, 0x0B, 0xF0, 0x00, 0x0D, 0x00, 0x06, 0xC0, 0x03, 0x80, 0x00, 0x0D, 0x00, 0xB0, 0x01, 0x42,
    0xC0, 0x0D, 0x00, 0x2F, 0xF4, 0x00, 0x00, 0x00, 0x00, 0x00, 0xFF, 0xFF, 0xF0, 0x00, 0x00, 0x01,
    0xFE, 0x02, 0xFC, 0x07, 0xE9, 0x0F, 0xA8, 0x0B, 0x40, 0x1D, 0x00, 0x0B, 0x00, 0x2D, 0x00, 0x7F,
    0xFD, 0xBF, 0xF0, 0x5F, 0x94, 0x7E, 0x50, 0x0B, 0x00, 0x2D, 0x00, 0x0B, 0x00, 0x2D, 0x00, 0x0B,
    0x00, 0x2D, 0x00, 0x0B, 0x00, 0x2D, 0x00, 0x0B, 0x00, 0x2D, 0x00, 0x0B, 0x00, 0x2D, 0x00, 0x0B,
    0x00, 0x2D, 0x00, 0x0B, 0x00, 0x2D, 0x00, 0x0B, 0x00, 0x2D, 0x00, 0x01, 0xFE, 0x38, 0x1F, 0xA4,
    0xF0, 0xB4, 0x00, 0x02, 0xC0, 0x00, 0x7F, 0xFC, 0x3D, 0x7E, 0x50, 0xF0, 0xB0, 0x03, 0xC2, 0xC0,
    0x0F, 0x0B, 0x00, 0x3C, 0x2C, 0x00, 0xF0, 0xB0, 0x03, 0xC2, 0xC0, 0x0F, 0x0B, 0x00, 0x3C, 0x2C,
    0x00, 0xF0, 0xB0, 0x03, 0xC0, 0x01, 0xFE, 0x3C, 0x1F, 0xA4, 0xF0, 0xB4, 0x03, 0xC2, 0xC0, 0x0F,
    0x7F, 0xFC, 0x3D, 0x7E, 0x50, 0xF0, 0xB0, 0x03, 0xC2, 0xC0, 0x0F, 0x0B, 0x00, 0x3C, 0x2C, 0x00,
    0xF0, 0xB0, 0x03, 0xC2, 0xC0, 0x0F, 0x0B, 0x00, 0x3C, 0x2C, 0x00, 0xF0, 0xB0, 0x03, 0xC0, 0x01,
    0xFE, 0x02, 0xFC, 0xF0, 0x1F, 0xA4, 0x3E, 0xA3, 0xC0, 0xB4, 0x01, 0xD0, 0x00, 0x02, 0xC0, 0x0B,
    0x40, 0x00, 0x7F, 0xFD, 0xBF, 0xF0, 0xF1, 0x7E, 0x51, 0xF9, 0x43, 0xC0, 0xB0, 0x02, 0xD0, 0x0F,
    0x02, 0xC0, 0x0B, 0x40, 0x3C, 0x0B, 0x00, 0x2D, 0x00, 0xF0, 0x2C, 0x00, 0xB4, 0x03, 0xC0, 0xB0,
    0x02, 0xD0, 0x0F, 0x02, 0xC0, 0x0B, 0x40, 0x3C, 0x0B, 0x00, 0x2D, 0x00, 0xF0, 0x2C, 0x00, 0xB4,
    0x03, 0xC0, 0xB0, 0x02, 0xD0, 0x0F, 0x00, 0x01, 0xFE, 0x02, 0xFC, 0xF0, 0x7E, 0x90, 0xFA, 0x8F,
    0x0B, 0x40, 0x1D, 0x00, 0xF0, 0xB0, 0x02, 0xD0, 0x0F, 0x7F, 0xFD, 0xBF, 0xF0, 0xF5, 0xF9, 0x47,
    0xE5, 0x0F, 0x0B, 0x00, 0x2D, 0x00, 0xF0, 0xB0, 0x02, 0xD0, 0x0F, 0x0B, 0x00, 0x2D, 0x00, 0xF0,
    0xB0, 0x02, 0xD0, 0x0F, 0x0B, 0x00, 0x2D, 0x00, 0xF0, 0xB0, 0x02, 0xD0, 0x0F, 0x0B, 0x00, 0x2D,
    0x00, 0xF0, 0xB0, 0x02, 0xD0, 0x0F, 0x0B, 0x00, 0x2D, 0x00, 0xF0, 0x07, 0xFD, 0x00, 0x0B, 0xEB,
    0xF0, 0x03, 0xC0, 0x2C, 0x00, 0xE0, 0x0B, 0x40, 0x38, 0x0B, 0xFF, 0x4E, 0x01, 0xF9, 0x43, 0x80,
    0x2D, 0x00, 0xE0, 0x0B, 0x40, 0x38, 0x02, 0xD0, 0x0E, 0x00, 0xB4, 0x03, 0x80, 0x2D, 0x00, 0xE0,
    0x0B, 0x40, 0x38, 0x01, 0xD0, 0x0E, 0x00, 0x3E, 0x93, 0x80, 0x07, 0xF4, 0x00, 0x02, 0xFD, 0x00,
    0x00, 0x03, 0xEB, 0xD0, 0x00, 0x01, 0xD0, 0x38, 0x00, 0x00, 0x70, 0x0E, 0x00, 0x1F, 0xFE, 0x1F,
    0xFF, 0x2F, 0xAB, 0x46, 0xF5, 0x4F, 0x00, 0x00, 0x38, 0x03, 0xC0, 0x00, 0x0E, 0x00, 0x7E, 0x40,
    0x03, 0x80, 0x02, 0xFD, 0x00, 0xE0, 0x00, 0x07, 0xE0, 0x38, 0x00, 0x00, 0x3C, 0x0E, 0x00, 0x00,
    0x0F, 0x03, 0xC0, 0x3E, 0x6F, 0x80, 0xBD, 0x87, 0xFE, 0x40, 0x0B, 0xF0, 0x00, 0x00, 0x00, 0x00,
    0x00, 0x00, 0x00, 0x1C, 0x00, 0x00, 0x00, 0x00, 0x7F, 0x00, 0x00, 0x00, 0x01, 0xFF, 0xC0, 0x00,
    0x00, 0x07, 0xFB, 0xF0, 0x00, 0x00, 0x1D, 0x00, 0x3C, 0x00, 0x00, 0x7D, 0x04, 0x1F, 0x00, 0x01,
    0xFF, 0xFE, 0x0F, 0xC0, 0x07, 0xFF, 0xFD, 0x0F, 0xF0, 0x1F, 0xFF, 0xF8, 0x2F, 0xFC, 0x3F, 0xFF,
    0xE0, 0xBF, 0xFE, 0x0F, 0xFF, 0xC2, 0xFF, 0xF8, 0x03, 0xFF, 0xC3, 0xFF, 0xE0, 0x00, 0xFF, 0xFF,
    0xFF, 0x80, 0x00, 0x3F, 0xD7, 0xFE, 0x00, 0x00, 0x0B, 0x82, 0xF8, 0x00, 0x00, 0x02, 0xD7, 0xE0,
    0x00, 0x00, 0x00, 0xBF, 0x40, 0x00, 0x00, 0x00, 0x2D, 0x00, 0x00, 0x00, 0x00, 0x00, 0x00, 0x00,
};

static const EpdGlyph notosans_10_regularGlyphs[] = {
    { 0, 0, 0, 0, 0, 0, 0 }, // U+0000
    { 0, 0, 87, 0, 0, 0, 0 }, // U+000D
    { 0, 0, 87, 0, 0, 0, 0 }, // U+0020
    { 4, 14, 90, 1, 14, 14, 0 }, // !
    { 7, 5, 136, 1, 14, 9, 14 }, // "
    { 13, 14, 215, 0, 14, 46, 23 }, // #
    { 10, 17, 191, 1, 15, 43, 69 }, // $
    { 16, 14, 277, 1, 14, 56, 112 }, // %
    { 15, 14, 244, 1, 14, 53, 168 }, // &
    { 3, 5, 75, 1, 14, 4, 221 }, // '
    { 6, 18, 100, 0, 14, 27, 225 }, // (
    { 6, 18, 100, 0, 14, 27, 252 }, // )
    { 11, 10, 184, 0, 15, 28, 279 }, // *
    { 10, 10, 191, 1, 12, 25, 307 }, // +
    { 4, 5, 89, 0, 2, 5, 332 }, // ,
    { 6, 3, 107, 0, 7, 5, 337 }, // -
    { 4, 3, 89, 1, 3, 3, 342 }, // .
    { 8, 14, 124, 0, 14, 28, 345 }, // /
    { 10, 14, 191, 1, 14, 35, 373 }, // 0
    { 7, 14, 191, 1, 14, 25, 408 }, // 1
    { 10, 14, 191, 1, 14, 35, 433 }, // 2
    { 11, 14, 191, 0, 14, 39, 468 }, // 3
    { 12, 14, 191, 0, 14, 42, 507 }, // 4
    { 10, 14, 191, 1, 14, 35, 549 }, // 5
    { 10, 14, 191, 1, 14, 35, 584 }, // 6
    { 11, 14, 191, 0, 14, 39, 619 }, // 7
    { 10, 14, 191, 1, 14, 35, 658 }, // 8
    { 10, 14, 191, 1, 14, 35, 693 }, // 9
    { 4, 11, 89, 1, 11, 11, 728 }, // :
    { 5, 14, 89, 0, 11, 18, 739 }, // ;
    { 10, 11, 191, 1, 13, 28, 757 }, // <
    { 10, 7, 191, 1, 11, 18, 785 }, // =
    { 10, 11, 191, 1, 13, 28, 803 }, // >
    { 9, 14, 145, 0, 14, 32, 831 }, // ?
    { 17, 16, 300, 1, 14, 68, 863 }, // @
    { 14, 14, 213, 0, 14, 49, 931 }, // A
    { 11, 14, 217, 2, 14, 39, 980 }, // B
    { 12, 14, 211, 1, 14, 42, 1019 }, // C
    { 12, 14, 243, 2, 14, 42, 1061 }, // D
    { 9, 14, 185, 2, 14, 32, 1103 }, // E
    { 9, 14, 173, 2, 14, 32, 1135 }, // F
    { 13, 14, 243, 1, 14, 46, 1167 }, // G
    { 12, 14, 247, 2, 14, 42, 1213 }, // H
    { 7, 14, 113, 0, 14, 25, 1255 }, // I
    { 6, 19, 91, -2, 14, 29, 1280 }, // J
    { 11, 14, 206, 2, 14, 39, 1309 }, // K
    { 9, 14, 175, 2, 14, 32, 1348 }, // L
    { 15, 14, 302, 2, 14, 53, 1380 }, // M
    { 12, 14, 253, 2, 14, 42, 1433 }, // N
    { 14, 14, 260, 1, 14, 49, 1475 }, // O
    { 10, 14, 202, 2, 14, 35, 1524 }, // P
    { 14, 17, 260, 1, 14, 60, 1559 }, // Q
    { 11, 14, 207, 2, 14, 39, 1619 }, // R
    { 10, 14, 183, 1, 14, 35, 1658 }, // S
    { 12, 14, 185, 0, 14, 42, 1693 }, // T
    { 13, 14, 244, 1, 14, 46, 1735 }, // U
    { 13, 14, 200, 0, 14, 46, 1781 }, // V
    { 20, 14, 310, 0, 14, 70, 1827 }, // W
    { 13, 14, 195, 0, 14, 46, 1897 }, // X
    { 12, 14, 189, 0, 14, 42, 1943 }, // Y
    { 12, 14, 191, 0, 14, 42, 1985 }, // Z
    { 6, 18, 110, 1, 14, 27, 2027 }, // [
    { 8, 14, 124, 0, 14, 28, 2054 }, // <backslash>
    { 6, 18, 110, 0, 14, 27, 2082 }, // ]
    { 12, 9, 191, 0, 14, 27, 2109 }, // ^
    { 11, 3, 148, -1, -1, 9, 2136 }, // _
    { 6, 3, 94, 0, 15, 5, 2145 }, // `
    { 10, 11, 187, 0, 11, 28, 2150 }, // a
    { 11, 15, 205, 1, 15, 42, 2178 }, // b
    { 9, 11, 160, 1, 11, 25, 2220 }, // c
    { 11, 15, 205, 1, 15, 42, 2245 }, // d
    { 10, 11, 188, 1, 11, 28, 2287 }, // e
    { 9, 15, 115, 0, 15, 34, 2315 }, // f
    { 11, 16, 205, 1, 11, 44, 2349 }, // g
    { 11, 15, 206, 1, 15, 42, 2393 }, // h
    { 3, 15, 86, 1, 15, 12, 2435 }, // i
    { 6, 20, 86, -2, 15, 30, 2447 }, // j
    { 10, 15, 178, 1, 15, 38, 2477 }, // k
    { 3, 15, 86, 1, 15, 12, 2515 }, // l
    { 17, 11, 312, 1, 11, 47, 2527 }, // m
    { 11, 11, 206, 1, 11, 31, 2574 }, // n
    { 11, 11, 202, 1, 11, 31, 2605 }, // o
    { 11, 16, 205, 1, 11, 44, 2636 }, // p
    { 11, 16, 205, 1, 11, 44, 2680 }, // q
    { 8, 11, 138, 1, 11, 22, 2724 }, // r
    { 9, 11, 160, 1, 11, 25, 2746 }, // s
    { 8, 14, 120, 0, 14, 28, 2771 }, // t
    { 11, 11, 206, 1, 11, 31, 2799 }, // u
    { 11, 11, 169, 0, 11, 31, 2830 }, // v
    { 17, 11, 262, 0, 11, 47, 2861 }, // w
    { 11, 11, 176, 0, 11, 31, 2908 }, // x
    { 11, 16, 170, 0, 11, 44, 2939 }, // y
    { 9, 11, 157, 0, 11, 25, 2983 }, // z
    { 8, 18, 127, 0, 14, 36, 3008 }, // {
    { 3, 20, 184, 4, 15, 15, 3044 }, // |
    { 8, 18, 127, 0, 14, 36, 3059 }, // }
    { 10, 4, 191, 1, 9, 10, 3095 }, // ~
    { 0, 0, 87, 0, 0, 0, 3105 }, // U+00A0
    { 4, 15, 90, 1, 11, 15, 3105 }, // U+00A1
    { 10, 14, 191, 1, 14, 35, 3120 }, // U+00A2
    { 12, 14, 191, 0, 14, 42, 3155 }, // U+00A3
    { 10, 10, 191, 1, 12, 25, 3197 }, // U+00A4
    { 12, 14, 191, 0, 14, 42, 3222 }, // U+00A5
    { 3, 20, 184, 4, 15, 15, 3264 }, // U+00A6
    { 9, 15, 171, 1, 15, 34, 3279 }, // U+00A7
    { 6, 3, 193, 3, 15, 5, 3313 }, // U+00A8
    { 16, 17, 277, 1, 16, 68, 3318 }, // U+00A9
    { 7, 6, 119, 0, 15, 11, 3386 }, // U+00AA
    { 10, 9, 170, 0, 10, 23, 3397 }, // U+00AB
    { 10, 7, 191, 1, 9, 18, 3420 }, // U+00AC
    { 6, 3, 107, 0, 7, 5, 3438 }, // U+00AD
    { 16, 17, 277, 1, 16, 68, 3443 }, // U+00AE
    { 12, 3, 167, -1, 18, 9, 3511 }, // U+00AF
    { 7, 8, 143, 1, 16, 14, 3520 }, // U+00B0
    { 10, 12, 191, 1, 12, 30, 3534 }, // U+00B1
    { 7, 11, 117, 0, 19, 20, 3564 }, // U+00B2
    { 7, 11, 117, 0, 19, 20, 3584 }, // U+00B3
    { 6, 3, 94, 0, 15, 5, 3604 }, // U+00B4
    { 11, 16, 208, 1, 11, 44, 3609 }, // U+00B5
    { 11, 18, 218, 1, 15, 50, 3653 }, // U+00B6
    { 4, 3, 89, 1, 9, 3, 3703 }, // U+00B7
    { 5, 6, 75, 0, 0, 8, 3706 }, // U+00B8
    { 5, 9, 117, 0, 18, 12, 3714 }, // U+00B9
    { 8, 7, 125, 0, 15, 14, 3726 }, // U+00BA
    { 10, 9, 170, 0, 10, 23, 3740 }, // U+00BB
    { 16, 15, 248, 0, 15, 60, 3763 }, // U+00BC
    { 16, 15, 257, 0, 14, 60, 3823 }, // U+00BD
    { 17, 16, 260, 0, 16, 68, 3883 }, // U+00BE
    { 9, 15, 145, 0, 11, 34, 3951 }, // U+00BF
    { 14, 19, 213, 0, 19, 67, 3985 }, // U+00C0
    { 14, 19, 213, 0, 19, 67, 4052 }, // U+00C1
    { 14, 19, 213, 0, 19, 67, 4119 }, // U+00C2
    { 14, 20, 213, 0, 20, 70, 4186 }, // U+00C3
    { 14, 19, 213, 0, 19, 67, 4256 }, // U+00C4
    { 14, 18, 213, 0, 18, 63, 4323 }, // U+00C5
    { 19, 14, 294, -1, 14, 67, 4386 }, // U+00C6
    { 12, 20, 211, 1, 14, 60, 4453 }, // U+00C7
    { 9, 19, 185, 2, 19, 43, 4513 }, // U+00C8
    { 9, 19, 185, 2, 19, 43, 4556 }, // U+00C9
    { 9, 19, 185, 2, 19, 43, 4599 }, // U+00CA
    { 9, 19, 185, 2, 19, 43, 4642 }, // U+00CB
    { 7, 19, 113, 0, 19, 34, 4685 }, // U+00CC
    { 7, 19, 113, 0, 19, 34, 4719 }, // U+00CD
    { 8, 19, 113, 0, 19, 38, 4753 }, // U+00CE
    { 7, 19, 113, 0, 19, 34, 4791 }, // U+00CF
    { 14, 14, 243, 0, 14, 49, 4825 }, // U+00D0
    { 12, 20, 253, 2, 20, 60, 4874 }, // U+00D1
    { 14, 19, 260, 1, 19, 67, 4934 }, // U+00D2
    { 14, 19, 260, 1, 19, 67, 5001 }, // U+00D3
    { 14, 19, 260, 1, 19, 67, 5068 }, // U+00D4
    { 14, 20, 260, 1, 20, 70, 5135 }, // U+00D5
    { 14, 19, 260, 1, 19, 67, 5205 }, // U+00D6
    { 10, 10, 191, 1, 12, 25, 5272 }, // U+00D7
    { 14, 16, 260, 1, 15, 56, 5297 }, // U+00D8
    { 13, 19, 244, 1, 19, 62, 5353 }, // U+00D9
    { 13, 19, 244, 1, 19, 62, 5415 }, // U+00DA
    { 13, 19, 244, 1, 19, 62, 5477 }, // U+00DB
    { 13, 19, 244, 1, 19, 62, 5539 }, // U+00DC
    { 12, 19, 189, 0, 19, 57, 5601 }, // U+00DD
    { 10, 14, 202, 2, 14, 35, 5658 }, // U+00DE
    { 12, 15, 210, 1, 15, 45, 5693 }, // U+00DF
    { 10, 15, 187, 0, 15, 38, 5738 }, // U+00E0
    { 10, 15, 187, 0, 15, 38, 5776 }, // U+00E1
    { 10, 15, 187, 0, 15, 38, 5814 }, // U+00E2
    { 10, 16, 187, 0, 16, 40, 5852 }, // U+00E3
    { 10, 15, 187, 0, 15, 38, 5892 }, // U+00E4
    { 10, 17, 187, 0, 17, 43, 5930 }, // U+00E5
    { 17, 11, 288, 0, 11, 47, 5973 }, // U+00E6
    { 9, 17, 160, 1, 11, 39, 6020 }, // U+00E7
    { 10, 15, 188, 1, 15, 38, 6059 }, // U+00E8
    { 10, 15, 188, 1, 15, 38, 6097 }, // U+00E9
    { 10, 15, 188, 1, 15, 38, 6135 }, // U+00EA
    { 10, 15, 188, 1, 15, 38, 6173 }, // U+00EB
    { 6, 15, 86, -1, 15, 23, 6211 }, // U+00EC
    { 5, 15, 86, 1, 15, 19, 6234 }, // U+00ED
    { 8, 15, 86, -1, 15, 30, 6253 }, // U+00EE
    { 7, 15, 86, -1, 15, 27, 6283 }, // U+00EF
    { 11, 17, 202, 1, 17, 47, 6310 }, // U+00F0
    { 11, 16, 206, 1, 16, 44, 6357 }, // U+00F1
    { 11, 15, 202, 1, 15, 42, 6401 }, // U+00F2
    { 11, 15, 202, 1, 15, 42, 6443 }, // U+00F3
    { 11, 15, 202, 1, 15, 42, 6485 }, // U+00F4
    { 11, 16, 202, 1, 16, 44, 6527 }, // U+00F5
    { 11, 15, 202, 1, 15, 42, 6571 }, // U+00F6
    { 10, 10, 191, 1, 12, 25, 6613 }, // U+00F7
    { 11, 13, 202, 1, 12, 36, 6638 }, // U+00F8
    { 11, 15, 206, 1, 15, 42, 6674 }, // U+00F9
    { 11, 15, 206, 1, 15, 42, 6716 }, // U+00FA
    { 11, 15, 206, 1, 15, 42, 6758 }, // U+00FB
    { 11, 15, 206, 1, 15, 42, 6800 }, // U+00FC
    { 11, 20, 170, 0, 15, 55, 6842 }, // U+00FD
    { 11, 20, 205, 1, 15, 55, 6897 }, // U+00FE
    { 11, 20, 170, 0, 15, 55, 6952 }, // U+00FF
    { 14, 19, 213, 0, 19, 67, 7007 }, // U+0100
    { 10, 15, 187, 0, 15, 38, 7074 }, // U+0101
    { 14, 20, 213, 0, 20, 70, 7112 }, // U+0102
    { 10, 16, 187, 0, 16, 40, 7182 }, // U+0103
    { 14, 19, 213, 0, 14, 67, 7222 }, // U+0104
    { 11, 16, 187, 0, 11, 44, 7289 }, // U+0105
    { 12, 19, 211, 1, 19, 57, 7333 }, // U+0106
    { 9, 15, 160, 1, 15, 34, 7390 }, // U+0107
    { 12, 19, 211, 1, 19, 57, 7424 }, // U+0108
    { 9, 15, 160, 1, 15, 34, 7481 }, // U+0109
    { 12, 20, 211, 1, 20, 60, 7515 }, // U+010A
    { 9, 16, 160, 1, 16, 36, 7575 }, // U+010B
    { 12, 19, 211, 1, 19, 57, 7611 }, // U+010C
    { 9, 15, 160, 1, 15, 34, 7668 }, // U+010D
    { 12, 19, 243, 2, 19, 57, 7702 }, // U+010E
    { 14, 15, 205, 1, 15, 53, 7759 }, // U+010F
    { 14, 14, 243, 0, 14, 49, 7812 }, // U+0110
    { 12, 15, 206, 1, 15, 45, 7861 }, // U+0111
    { 9, 19, 185, 2, 19, 43, 7906 }, // U+0112
    { 10, 15, 188, 1, 15, 38, 7949 }, // U+0113
    { 9, 20, 185, 2, 20, 45, 7987 }, // U+0114
    { 10, 16, 188, 1, 16, 40, 8032 }, // U+0115
    { 9, 20, 185, 2, 20, 45, 8072 }, // U+0116
    { 10, 16, 188, 1, 16, 40, 8117 }, // U+0117
    { 9, 19, 185, 2, 14, 43, 8157 }, // U+0118
    { 10, 16, 188, 1, 11, 40, 8200 }, // U+0119
    { 9, 19, 185, 2, 19, 43, 8240 }, // U+011A
    { 10, 15, 188, 1, 15, 38, 8283 }, // U+011B
    { 13, 19, 243, 1, 19, 62, 8321 }, // U+011C
    { 11, 20, 205, 1, 15, 55, 8383 }, // U+011D
    { 13, 20, 243, 1, 20, 65, 8438 }, // U+011E
    { 11, 21, 205, 1, 16, 58, 8503 }, // U+011F
    { 13, 20, 243, 1, 20, 65, 8561 }, // U+0120
    { 11, 21, 205, 1, 16, 58, 8626 }, // U+0121
    { 13, 18, 243, 1, 14, 59, 8684 }, // U+0122
    { 11, 20, 205, 1, 15, 55, 8743 }, // U+0123
    { 12, 19, 247, 2, 19, 57, 8798 }, // U+0124
    { 13, 20, 206, -1, 20, 65, 8855 }, // U+0125
    { 16, 14, 247, 0, 14, 56, 8920 }, // U+0126
    { 12, 15, 206, 0, 15, 45, 8976 }, // U+0127
    { 9, 20, 113, -1, 20, 45, 9021 }, // U+0128
    { 9, 16, 86, -2, 16, 36, 9066 }, // U+0129
    { 7, 19, 113, 0, 19, 34, 9102 }, // U+012A
    { 7, 15, 86, -1, 15, 27, 9136 }, // U+012B
    { 7, 20, 113, 0, 20, 35, 9163 }, // U+012C
    { 7, 16, 86, -1, 16, 28, 9198 }, // U+012D
    { 7, 19, 113, 0, 14, 34, 9226 }, // U+012E
    { 4, 20, 86, 0, 15, 20, 9260 }, // U+012F
    { 7, 20, 113, 0, 20, 35, 9280 }, // U+0130
    { 3, 11, 86, 1, 11, 9, 9315 }, // U+0131
    { 11, 19, 204, 0, 14, 53, 9324 }, // U+0132
    { 9, 20, 172, 1, 15, 45, 9377 }, // U+0133
    { 9, 24, 91, -2, 19, 54, 9422 }, // U+0134
    { 9, 20, 86, -2, 15, 45, 9476 }, // U+0135
    { 11, 18, 206, 2, 14, 50, 9521 }, // U+0136
    { 10, 19, 178, 1, 15, 48, 9571 }, // U+0137
    { 10, 11, 178, 1, 11, 28, 9619 }, // U+0138
    { 10, 19, 175, 1, 19, 48, 9647 }, // U+0139
    { 5, 20, 86, 1, 20, 25, 9695 }, // U+013A
    { 9, 18, 175, 2, 14, 41, 9720 }, // U+013B
    { 4, 19, 86, 1, 15, 19, 9761 }, // U+013C
    { 9, 14, 175, 2, 14, 32, 9780 }, // U+013D
    { 7, 15, 86, 1, 15, 27, 9812 }, // U+013E
    { 9, 14, 175, 2, 14, 32, 9839 }, // U+013F
    { 6, 15, 89, 1, 15, 23, 9871 }, // U+0140
    { 11, 14, 175, 0, 14, 39, 9894 }, // U+0141
    { 7, 15, 86, -1, 15, 27, 9933 }, // U+0142
    { 12, 19, 253, 2, 19, 57, 9960 }, // U+0143
    { 11, 15, 206, 1, 15, 42, 10017 }, // U+0144
    { 12, 18, 253, 2, 14, 54, 10059 }, // U+0145
    { 11, 15, 206, 1, 11, 42, 10113 }, // U+0146
    { 12, 19, 253, 2, 19, 57, 10155 }, // U+0147
    { 11, 15, 206, 1, 15, 42, 10212 }, // U+0148
    { 13, 14, 229, 0, 14, 46, 10254 }, // U+0149
    { 12, 18, 253, 2, 14, 54, 10300 }, // U+014A
    { 11, 16, 206, 1, 11, 44, 10354 }, // U+014B
    { 14, 19, 260, 1, 19, 67, 10398 }, // U+014C
    { 11, 15, 202, 1, 15, 42, 10465 }, // U+014D
    { 14, 20, 260, 1, 20, 70, 10507 }, // U+014E
    { 11, 16, 202, 1, 16, 44, 10577 }, // U+014F
    { 14, 19, 260, 1, 19, 67, 10621 }, // U+0150
    { 11, 15, 202, 1, 15, 42, 10688 }, // U+0151
    { 18, 14, 309, 1, 14, 63, 10730 }, // U+0152
    { 18, 11, 315, 1, 11, 50, 10793 }, // U+0153
    { 11, 19, 207, 2, 19, 53, 10843 }, // U+0154
    { 8, 15, 138, 1, 15, 30, 10896 }, // U+0155
    { 11, 18, 207, 2, 14, 50, 10926 }, // U+0156
    { 8, 15, 138, 1, 11, 30, 10976 }, // U+0157
    { 11, 19, 207, 2, 19, 53, 11006 }, // U+0158
    { 8, 15, 138, 1, 15, 30, 11059 }, // U+0159
    { 10, 19, 183, 1, 19, 48, 11089 }, // U+015A
    { 9, 15, 160, 1, 15, 34, 11137 }, // U+015B
    { 10, 19, 183, 1, 19, 48, 11171 }, // U+015C
    { 9, 15, 160, 1, 15, 34, 11219 }, // U+015D
    { 10, 20, 183, 1, 14, 50, 11253 }, // U+015E
    { 9, 17, 160, 1, 11, 39, 11303 }, // U+015F
    { 10, 19, 183, 1, 19, 48, 11342 }, // U+0160
    { 9, 15, 160, 1, 15, 34, 11390 }, // U+0161
    { 12, 20, 185, 0, 14, 60, 11424 }, // U+0162
    { 8, 20, 120, 0, 14, 40, 11484 }, // U+0163
    { 12, 19, 185, 0, 19, 57, 11524 }, // U+0164
    { 10, 15, 120, 0, 15, 38, 11581 }, // U+0165
    { 12, 14, 185, 0, 14, 42, 11619 }, // U+0166
    { 8, 14, 120, 0, 14, 28, 11661 }, // U+0167
    { 13, 20, 244, 1, 20, 65, 11689 }, // U+0168
    { 11, 16, 206, 1, 16, 44, 11754 }, // U+0169
    { 13, 19, 244, 1, 19, 62, 11798 }, // U+016A
    { 11, 15, 206, 1, 15, 42, 11860 }, // U+016B
    { 13, 20, 244, 1, 20, 65, 11902 }, // U+016C
    { 11, 16, 206, 1, 16, 44, 11967 }, // U+016D
    { 13, 21, 244, 1, 21, 69, 12011 }, // U+016E
    { 11, 17, 206, 1, 17, 47, 12080 }, // U+016F
    { 13, 19, 244, 1, 19, 62, 12127 }, // U+0170
    { 11, 15, 206, 1, 15, 42, 12189 }, // U+0171
    { 13, 19, 244, 1, 14, 62, 12231 }, // U+0172
    { 11, 16, 206, 1, 11, 44, 12293 }, // U+0173
    { 20, 19, 310, 0, 19, 95, 12337 }, // U+0174
    { 17, 15, 262, 0, 15, 64, 12432 }, // U+0175
    { 12, 19, 189, 0, 19, 57, 12496 }, // U+0176
    { 11, 20, 170, 0, 15, 55, 12553 }, // U+0177
    { 12, 19, 189, 0, 19, 57, 12608 }, // U+0178
    { 12, 19, 191, 0, 19, 57, 12665 }, // U+0179
    { 9, 15, 157, 0, 15, 34, 12722 }, // U+017A
    { 12, 20, 191, 0, 20, 60, 12756 }, // U+017B
    { 9, 16, 157, 0, 16, 36, 12816 }, // U+017C
    { 12, 19, 191, 0, 19, 57, 12852 }, // U+017D
    { 9, 15, 157, 0, 15, 34, 12909 }, // U+017E
    { 7, 15, 109, 1, 15, 27, 12943 }, // U+017F
    { 16, 15, 261, 1, 15, 60, 12970 }, // U+01A0
    { 13, 13, 205, 1, 13, 43, 13030 }, // U+01A1
    { 17, 15, 260, 1, 15, 64, 13073 }, // U+01AF
    { 14, 13, 225, 1, 13, 46, 13137 }, // U+01B0
    { 25, 19, 431, 2, 19, 119, 13183 }, // U+01C4
    { 23, 15, 400, 2, 15, 87, 13302 }, // U+01C5
    { 21, 15, 362, 1, 15, 79, 13389 }, // U+01C6
    { 13, 19, 266, 2, 14, 62, 13468 }, // U+01C7
    { 13, 20, 261, 2, 15, 65, 13530 }, // U+01C8
    { 9, 20, 172, 1, 15, 45, 13595 }, // U+01C9
    { 18, 19, 344, 2, 14, 86, 13640 }, // U+01CA
    { 18, 20, 339, 2, 15, 90, 13726 }, // U+01CB
    { 16, 20, 292, 1, 15, 80, 13816 }, // U+01CC
    { 14, 19, 213, 0, 19, 67, 13896 }, // U+01CD
    { 10, 15, 187, 0, 15, 38, 13963 }, // U+01CE
    { 8, 19, 113, 0, 19, 38, 14001 }, // U+01CF
    { 8, 15, 86, -1, 15, 30, 14039 }, // U+01D0
    { 14, 19, 260, 1, 19, 67, 14069 }, // U+01D1
    { 11, 15, 202, 1, 15, 42, 14136 }, // U+01D2
    { 13, 19, 244, 1, 19, 62, 14178 }, // U+01D3
    { 11, 15, 206, 1, 15, 42, 14240 }, // U+01D4
    { 13, 22, 244, 1, 22, 72, 14282 }, // U+01D5
    { 11, 18, 206, 1, 18, 50, 14354 }, // U+01D6
    { 13, 22, 244, 1, 22, 72, 14404 }, // U+01D7
    { 11, 18, 206, 1, 18, 50, 14476 }, // U+01D8
    { 13, 22, 244, 1, 22, 72, 14526 }, // U+01D9
    { 11, 18, 206, 1, 18, 50, 14598 }, // U+01DA
    { 13, 22, 244, 1, 22, 72, 14648 }, // U+01DB
    { 11, 18, 206, 1, 18, 50, 14720 }, // U+01DC
    { 10, 11, 188, 1, 11, 28, 14770 }, // U+01DD
    { 14, 21, 213, 0, 21, 74, 14798 }, // U+01DE
    { 10, 18, 187, 0, 18, 45, 14872 }, // U+01DF
    { 14, 21, 213, 0, 21, 74, 14917 }, // U+01E0
    { 10, 18, 187, 0, 18, 45, 14991 }, // U+01E1
    { 19, 19, 294, -1, 19, 91, 15036 }, // U+01E2
    { 17, 15, 288, 0, 15, 64, 15127 }, // U+01E3
    { 14, 14, 243, 1, 14, 49, 15191 }, // U+01E4
    { 12, 16, 205, 1, 11, 48, 15240 }, // U+01E5
    { 13, 19, 243, 1, 19, 62, 15288 }, // U+01E6
    { 11, 20, 205, 1, 15, 55, 15350 }, // U+01E7
    { 11, 19, 206, 2, 19, 53, 15405 }, // U+01E8
    { 12, 20, 178, -1, 20, 60, 15458 }, // U+01E9
    { 14, 19, 260, 1, 14, 67, 15518 }, // U+01EA
    { 11, 16, 202, 1, 11, 44, 15585 }, // U+01EB
    { 14, 24, 260, 1, 19, 84, 15629 }, // U+01EC
    { 11, 20, 202, 1, 15, 55, 15713 }, // U+01ED
    { 12, 19, 195, 0, 19, 57, 15768 }, // U+01EE
    { 10, 20, 166, 0, 15, 50, 15825 }, // U+01EF
    { 9, 20, 86, -2, 15, 45, 15875 }, // U+01F0
    { 25, 14, 431, 2, 14, 88, 15920 }, // U+01F1
    { 23, 14, 400, 2, 14, 81, 16008 }, // U+01F2
    { 21, 15, 362, 1, 15, 79, 16089 }, // U+01F3
    { 13, 19, 243, 1, 19, 62, 16168 }, // U+01F4
    { 11, 20, 205, 1, 15, 55, 16230 }, // U+01F5
    { 16, 14, 313, 2, 14, 56, 16285 }, // U+01F6
    { 11, 19, 220, 2, 14, 53, 16341 }, // U+01F7
    { 12, 19, 253, 2, 19, 57, 16394 }, // U+01F8
    { 11, 15, 206, 1, 15, 42, 16451 }, // U+01F9
    { 14, 20, 213, 0, 20, 70, 16493 }, // U+01FA
    { 10, 20, 187, 0, 20, 50, 16563 }, // U+01FB
    { 19, 19, 294, -1, 19, 91, 16613 }, // U+01FC
    { 17, 15, 288, 0, 15, 64, 16704 }, // U+01FD
    { 14, 20, 260, 1, 19, 70, 16768 }, // U+01FE
    { 11, 16, 202, 1, 15, 44, 16838 }, // U+01FF
    { 14, 19, 213, 0, 19, 67, 16882 }, // U+0200
    { 10, 15, 187, 0, 15, 38, 16949 }, // U+0201
    { 14, 20, 213, 0, 20, 70, 16987 }, // U+0202
    { 10, 16, 187, 0, 16, 40, 17057 }, // U+0203
    { 10, 19, 185, 1, 19, 48, 17097 }, // U+0204
    { 10, 15, 188, 1, 15, 38, 17145 }, // U+0205
    { 9, 20, 185, 2, 20, 45, 17183 }, // U+0206
    { 10, 16, 188, 1, 16, 40, 17228 }, // U+0207
    { 9, 19, 113, -2, 19, 43, 17268 }, // U+0208
    { 8, 15, 86, -2, 15, 30, 17311 }, // U+0209
    { 7, 20, 113, 0, 20, 35, 17341 }, // U+020A
    { 7, 16, 86, -1, 16, 28, 17376 }, // U+020B
    { 14, 19, 260, 1, 19, 67, 17404 }, // U+020C
    { 11, 15, 202, 1, 15, 42, 17471 }, // U+020D
    { 14, 20, 260, 1, 20, 70, 17513 }, // U+020E
    { 11, 16, 202, 1, 16, 44, 17583 }, // U+020F
    { 12, 19, 207, 1, 19, 57, 17627 }, // U+0210
    { 9, 15, 138, 0, 15, 34, 17684 }, // U+0211
    { 11, 20, 207, 2, 20, 55, 17718 }, // U+0212
    { 8, 16, 138, 1, 16, 32, 17773 }, // U+0213
    { 13, 19, 244, 1, 19, 62, 17805 }, // U+0214
    { 11, 15, 206, 1, 15, 42, 17867 }, // U+0215
    { 13, 20, 244, 1, 20, 65, 17909 }, // U+0216
    { 11, 16, 206, 1, 16, 44, 17974 }, // U+0217
    { 10, 18, 183, 1, 14, 45, 18018 }, // U+0218
    { 9, 15, 160, 1, 11, 34, 18063 }, // U+0219
    { 12, 18, 185, 0, 14, 54, 18097 }, // U+021A
    { 8, 18, 120, 0, 14, 36, 18151 }, // U+021B
    { 11, 19, 192, 0, 14, 53, 18187 }, // U+021C
    { 10, 16, 165, 0, 11, 40, 18240 }, // U+021D
    { 12, 19, 247, 2, 19, 57, 18280 }, // U+021E
    { 13, 20, 206, -1, 20, 65, 18337 }, // U+021F
    { 5, 3, 0, -11, 15, 4, 18402 }, // U+0300
    { 5, 3, 0, -7, 15, 4, 18406 }, // U+0301
    { 8, 3, 0, -4, 15, 6, 18410 }, // U+0302
    { 9, 4, 0, -11, 16, 9, 18416 }, // U+0303
    { 8, 3, 0, -4, 15, 6, 18425 }, // U+0304
    { 10, 3, 0, -5, 18, 8, 18431 }, // U+0305
    { 8, 4, 0, -4, 16, 8, 18439 }, // U+0306
    { 4, 3, 0, -2, 16, 3, 18447 }, // U+0307
    { 6, 3, 0, -3, 15, 5, 18450 }, // U+0308
    { 4, 6, 0, -8, 18, 6, 18455 }, // U+0309
    { 6, 6, 0, -3, 17, 9, 18461 }, // U+030A
    { 8, 3, 0, -3, 15, 6, 18470 }, // U+030B
    { 8, 3, 0, -4, 15, 6, 18476 }, // U+030C
    { 2, 3, 0, -1, 15, 2, 18482 }, // U+030D
    { 6, 3, 0, -3, 15, 5, 18484 }, // U+030E
    { 8, 3, 0, -11, 15, 6, 18489 }, // U+030F
    { 8, 6, 0, -4, 18, 12, 18495 }, // U+0310
    { 8, 4, 0, -4, 16, 8, 18507 }, // U+0311
    { 4, 5, 0, -2, 14, 5, 18515 }, // U+0312
    { 4, 5, 0, -2, 14, 5, 18520 }, // U+0313
    { 4, 5, 0, -2, 14, 5, 18525 }, // U+0314
    { 4, 5, 0, -2, 14, 5, 18530 }, // U+0315
    { 6, 3, 0, -3, -2, 5, 18535 }, // U+0316
    { 6, 3, 0, -3, -2, 5, 18540 }, // U+0317
    { 4, 4, 0, -2, 0, 4, 18545 }, // U+0318
    { 4, 4, 0, -2, 0, 4, 18549 }, // U+0319
    { 6, 6, 104, 0, 16, 9, 18553 }, // U+031A
    { 6, 5, 0, -3, 15, 8, 18562 }, // U+031B
    { 4, 6, 0, -2, 1, 6, 18570 }, // U+031C
    { 6, 4, 0, -3, -1, 6, 18576 }, // U+031D
    { 6, 5, 0, -3, 0, 8, 18582 }, // U+031E
    { 6, 4, 0, -3, -1, 6, 18590 }, // U+031F
    { 6, 3, 0, -3, -1, 5, 18596 }, // U+0320
    { 4, 6, 0, -4, 1, 6, 18601 }, // U+0321
    { 4, 6, 0, 0, 1, 6, 18607 }, // U+0322
    { 3, 3, 0, -8, -1, 3, 18613 }, // U+0323
    { 6, 3, 0, -3, -2, 5, 18616 }, // U+0324
    { 6, 6, 0, -3, 0, 9, 18621 }, // U+0325
    { 4, 3, 0, -2, -1, 3, 18630 }, // U+0326
    { 6, 6, 0, -3, 0, 9, 18633 }, // U+0327
    { 4, 6, 0, -2, 1, 6, 18642 }, // U+0328
    { 2, 3, 0, -1, -2, 2, 18648 }, // U+0329
    { 8, 5, 0, -4, 0, 10, 18650 }, // U+032A
    { 8, 4, 0, -4, 0, 8, 18660 }, // U+032B
    { 8, 3, 0, -4, -2, 6, 18668 }, // U+032C
    { 8, 3, 0, -4, -2, 6, 18674 }, // U+032D
    { 8, 4, 0, -4, 0, 8, 18680 }, // U+032E
    { 8, 4, 0, -4, 0, 8, 18688 }, // U+032F
    { 8, 4, 0, -4, 0, 8, 18696 }, // U+0330
    { 8, 3, 0, -4, -1, 6, 18704 }, // U+0331
    { 10, 3, 0, -5, -1, 8, 18710 }, // U+0332
    { 10, 6, 0, -5, 1, 15, 18718 }, // U+0333
    { 8, 4, 0, -4, 8, 8, 18733 }, // U+0334
    { 10, 3, 0, -5, 7, 8, 18741 }, // U+0335
    { 16, 3, 0, -8, 7, 12, 18749 }, // U+0336
    { 8, 6, 0, -4, 9, 12, 18761 }, // U+0337
    { 10, 17, 0, -5, 16, 43, 18773 }, // U+0338
    { 4, 6, 0, -2, 1, 6, 18816 }, // U+0339
    { 8, 5, 0, -4, 0, 10, 18822 }, // U+033A
    { 8, 6, 0, -4, 1, 12, 18832 }, // U+033B
    { 8, 4, 0, -4, 0, 8, 18844 }, // U+033C
    { 6, 6, 0, -3, 17, 9, 18852 }, // U+033D
    { 4, 8, 0, -2, 19, 8, 18861 }, // U+033E
    { 10, 6, 0, -5, 22, 15, 18869 }, // U+033F
    { 5, 3, 0, -4, 15, 4, 18884 }, // U+0340
    { 5, 3, 0, -1, 15, 4, 18888 }, // U+0341
    { 8, 4, 0, -4, 16, 8, 18892 }, // U+0342
    { 4, 5, 0, -2, 17, 5, 18900 }, // U+0343
    { 9, 3, 0, -4, 15, 7, 18905 }, // U+0344
    { 4, 4, 0, -1, -2, 4, 18912 }, // U+0345
    { 10, 5, 0, -5, 16, 13, 18916 }, // U+0346
    { 10, 6, 0, -5, 1, 15, 18929 }, // U+0347
    { 6, 3, 0, -3, -2, 5, 18944 }, // U+0348
    { 4, 5, 0, -2, 0, 5, 18949 }, // U+0349
    { 8, 5, 0, -4, 16, 10, 18954 }, // U+034A
    { 8, 8, 0, -4, 19, 16, 18964 }, // U+034B
    { 8, 7, 0, -4, 18, 14, 18980 }, // U+034C
    { 8, 5, 0, -4, 0, 10, 18994 }, // U+034D
    { 4, 5, 0, -2, 0, 5, 19004 }, // U+034E
    { 16, 15, 0, -8, 14, 60, 19009 }, // U+034F
    { 4, 4, 0, -2, 16, 4, 19069 }, // U+0350
    { 3, 6, 0, -1, 17, 5, 19073 }, // U+0351
    { 8, 6, 0, -4, 18, 12, 19078 }, // U+0352
    { 4, 5, 0, -2, 0, 5, 19090 }, // U+0353
    { 4, 4, 0, -2, -1, 4, 19095 }, // U+0354
    { 4, 4, 0, -2, -1, 4, 19099 }, // U+0355
    { 9, 4, 0, -4, -1, 9, 19103 }, // U+0356
    { 3, 6, 0, -1, 17, 5, 19112 }, // U+0357
    { 3, 3, 0, 2, 16, 3, 19117 }, // U+0358
    { 6, 5, 0, -3, -1, 8, 19120 }, // U+0359
    { 8, 6, 0, -4, 0, 12, 19128 }, // U+035A
    { 4, 5, 0, -2, 17, 5, 19140 }, // U+035B
    { 18, 5, 0, -9, 0, 23, 19145 }, // U+035C
    { 18, 5, 0, -9, 17, 23, 19168 }, // U+035D
    { 14, 3, 0, -7, 15, 11, 19191 }, // U+035E
    { 14, 3, 0, -7, -1, 11, 19202 }, // U+035F
    { 18, 4, 0, -9, 16, 18, 19213 }, // U+0360
    { 18, 5, 0, -9, 18, 23, 19231 }, // U+0361
    { 17, 5, 0, -8, 0, 22, 19254 }, // U+0362
    { 5, 5, 0, -2, 17, 7, 19276 }, // U+0363
    { 5, 5, 0, -2, 17, 7, 19283 }, // U+0364
    { 2, 7, 0, -1, 20, 4, 19290 }, // U+0365
    { 6, 5, 0, -3, 17, 8, 19294 }, // U+0366
    { 5, 5, 0, -2, 17, 7, 19302 }, // U+0367
    { 5, 5, 0, -2, 17, 7, 19309 }, // U+0368
    { 6, 7, 0, -3, 19, 11, 19316 }, // U+0369
    { 5, 6, 0, -2, 19, 8, 19327 }, // U+036A
    { 8, 5, 0, -4, 18, 10, 19335 }, // U+036B
    { 3, 6, 0, -1, 19, 5, 19345 }, // U+036C
    { 4, 6, 0, -2, 18, 6, 19350 }, // U+036D
    { 6, 5, 0, -3, 18, 8, 19356 }, // U+036E
    { 6, 4, 0, -3, 17, 6, 19364 }, // U+036F
    { 7, 14, 148, 2, 14, 25, 19370 }, // U+0370
    { 7, 11, 125, 1, 11, 20, 19395 }, // U+0371
    { 12, 14, 219, 1, 14, 42, 19415 }, // U+0372
    { 11, 15, 218, 1, 15, 42, 19457 }, // U+0373
    { 5, 4, 56, 0, 15, 5, 19499 }, // U+0374
    { 4, 4, 56, -1, 1, 4, 19504 }, // U+0375
    { 12, 14, 256, 2, 14, 42, 19508 }, // U+0376
    { 11, 11, 214, 1, 11, 31, 19550 }, // U+0377
    { 4, 4, 81, 1, -2, 4, 19581 }, // U+037A
    { 9, 11, 160, 0, 11, 25, 19585 }, // U+037B
    { 9, 11, 160, 1, 11, 25, 19610 }, // U+037C
    { 9, 11, 160, 0, 11, 25, 19635 }, // U+037D
    { 5, 14, 89, 0, 11, 18, 19660 }, // U+037E
    { 6, 19, 91, -2, 14, 29, 19678 }, // U+037F
    { 5, 3, 78, 0, 15, 4, 19707 }, // U+0384
    { 8, 3, 216, 3, 15, 6, 19711 }, // U+0385
    { 15, 14, 236, 0, 14, 53, 19717 }, // U+0386
    { 4, 3, 89, 1, 12, 3, 19770 }, // U+0387
    { 14, 14, 240, 0, 14, 49, 19773 }, // U+0388
    { 17, 14, 302, 0, 14, 60, 19822 }, // U+0389
    { 11, 14, 174, 0, 14, 39, 19882 }, // U+038A
    { 18, 14, 298, 0, 14, 63, 19921 }, // U+038C
    { 17, 14, 260, 0, 14, 60, 19984 }, // U+038E
    { 17, 14, 280, 0, 14, 60, 20044 }, // U+038F
    { 9, 15, 111, -1, 15, 34, 20104 }, // U+0390
    { 14, 14, 213, 0, 14, 49, 20138 }, // U+0391
    { 11, 14, 217, 2, 14, 39, 20187 }, // U+0392
    { 8, 14, 166, 2, 14, 28, 20226 }, // U+0393
    { 14, 14, 213, 0, 14, 49, 20254 }, // U+0394
    { 9, 14, 185, 2, 14, 32, 20303 }, // U+0395
    { 12, 14, 191, 0, 14, 42, 20335 }, // U+0396
    { 12, 14, 247, 2, 14, 42, 20377 }, // U+0397
    { 14, 14, 260, 1, 14, 49, 20419 }, // U+0398
    { 7, 14, 113, 0, 14, 25, 20468 }, // U+0399
    { 11, 14, 206, 2, 14, 39, 20493 }, // U+039A
    { 13, 14, 203, 0, 14, 46, 20532 }, // U+039B
    { 15, 14, 302, 2, 14, 53, 20578 }, // U+039C
    { 12, 14, 253, 2, 14, 42, 20631 }, // U+039D
    { 11, 14, 208, 1, 14, 39, 20673 }, // U+039E
    { 14, 14, 260, 1, 14, 49, 20712 }, // U+039F
    { 12, 14, 244, 2, 14, 42, 20761 }, // U+03A0
    { 10, 14, 202, 2, 14, 35, 20803 }, // U+03A1
    { 12, 14, 191, 0, 14, 42, 20838 }, // U+03A3
    { 12, 14, 185, 0, 14, 42, 20880 }, // U+03A4
    { 12, 14, 189, 0, 14, 42, 20922 }, // U+03A5
    { 16, 14, 281, 1, 14, 56, 20964 }, // U+03A6
    { 13, 14, 195, 0, 14, 46, 21020 }, // U+03A7
    { 15, 14, 274, 1, 14, 53, 21066 }, // U+03A8
    { 15, 14, 239, 0, 14, 53, 21119 }, // U+03A9
    { 7, 19, 113, 0, 19, 34, 21172 }, // U+03AA
    { 12, 19, 189, 0, 19, 57, 21206 }, // U+03AB
    { 12, 15, 208, 1, 15, 45, 21263 }, // U+03AC
    { 10, 15, 157, 0, 15, 38, 21308 }, // U+03AD
    { 10, 20, 203, 1, 15, 50, 21346 }, // U+03AE
    { 6, 15, 111, 1, 15, 23, 21396 }, // U+03AF
    { 11, 15, 199, 1, 15, 42, 21419 }, // U+03B0
    { 12, 11, 208, 1, 11, 33, 21461 }, // U+03B1
    { 11, 20, 204, 1, 15, 55, 21494 }, // U+03B2
    { 11, 15, 172, 0, 11, 42, 21549 }, // U+03B3
    { 12, 15, 196, 0, 15, 45, 21591 }, // U+03B4
    { 10, 11, 157, 0, 11, 28, 21636 }, // U+03B5
    { 9, 20, 153, 1, 15, 45, 21664 }, // U+03B6
    { 10, 16, 203, 1, 11, 40, 21709 }, // U+03B7
    { 11, 15, 198, 1, 15, 42, 21749 }, // U+03B8
    { 6, 11, 111, 1, 11, 17, 21791 }, // U+03B9
    { 10, 11, 178, 1, 11, 28, 21808 }, // U+03BA
    { 11, 15, 173, 0, 15, 42, 21836 }, // U+03BB
    { 12, 16, 209, 1, 11, 48, 21878 }, // U+03BC
    { 11, 11, 172, 0, 11, 31, 21926 }, // U+03BD
    { 9, 20, 163, 1, 15, 45, 21957 }, // U+03BE
    { 11, 11, 202, 1, 11, 31, 22002 }, // U+03BF
    { 14, 11, 218, 0, 11, 39, 22033 }, // U+03C0
    { 11, 16, 200, 1, 11, 44, 22072 }, // U+03C1
    { 9, 15, 162, 1, 11, 34, 22116 }, // U+03C2
    { 12, 11, 205, 1, 11, 33, 22150 }, // U+03C3
    { 10, 11, 163, 0, 11, 28, 22183 }, // U+03C4
    { 11, 11, 199, 1, 11, 31, 22211 }, // U+03C5
    { 13, 20, 242, 1, 15, 65, 22242 }, // U+03C6
    { 13, 16, 198, 0, 11, 52, 22307 }, // U+03C7
    { 14, 20, 250, 1, 15, 70, 22359 }, // U+03C8
    { 15, 11, 266, 1, 11, 42, 22429 }, // U+03C9
    { 8, 15, 111, -1, 15, 30, 22471 }, // U+03CA
    { 11, 15, 199, 1, 15, 42, 22501 }, // U+03CB
    { 11, 15, 202, 1, 15, 42, 22543 }, // U+03CC
    { 11, 15, 199, 1, 15, 42, 22585 }, // U+03CD
    { 15, 15, 266, 1, 15, 57, 22627 }, // U+03CE
    { 11, 19, 206, 2, 14, 53, 22684 }, // U+03CF
    { 12, 15, 214, 1, 15, 45, 22737 }, // U+03D0
    { 13, 15, 208, 0, 15, 49, 22782 }, // U+03D1
    { 13, 14, 197, 0, 14, 46, 22831 }, // U+03D2
    { 17, 14, 267, 0, 14, 60, 22877 }, // U+03D3
    { 13, 19, 197, 0, 19, 62, 22937 }, // U+03D4
    { 13, 20, 242, 1, 15, 65, 22999 }, // U+03D5
    { 18, 11, 286, 0, 11, 50, 23064 }, // U+03D6
    { 10, 16, 178, 1, 11, 40, 23114 }, // U+03D7
    { 14, 14, 254, 1, 14, 49, 23154 }, // U+03D8
    { 11, 16, 202, 1, 11, 44, 23203 }, // U+03D9
    { 12, 14, 211, 1, 14, 42, 23247 }, // U+03DA
    { 9, 16, 160, 1, 11, 36, 23289 }, // U+03DB
    { 9, 14, 170, 2, 14, 32, 23325 }, // U+03DC
    { 9, 16, 172, 2, 11, 36, 23357 }, // U+03DD
    { 11, 14, 165, -1, 14, 39, 23393 }, // U+03DE
    { 10, 20, 185, 1, 15, 50, 23432 }, // U+03DF
    { 12, 14, 198, -1, 14, 42, 23482 }, // U+03E0
    { 12, 21, 174, -2, 16, 63, 23524 }, // U+03E1
    { 14, 11, 227, 0, 11, 39, 23587 }, // U+03F0
    { 11, 16, 200, 1, 11, 44, 23626 }, // U+03F1
    { 9, 11, 160, 1, 11, 25, 23670 }, // U+03F2
    { 6, 20, 86, -2, 15, 30, 23695 }, // U+03F3
    { 14, 14, 261, 1, 14, 49, 23725 }, // U+03F4
    { 9, 11, 165, 1, 11, 25, 23774 }, // U+03F5
    { 10, 11, 165, 0, 11, 28, 23799 }, // U+03F6
    { 10, 14, 202, 2, 14, 35, 23827 }, // U+03F7
    { 11, 20, 205, 1, 15, 55, 23862 }, // U+03F8
    { 12, 14, 211, 1, 14, 42, 23917 }, // U+03F9
    { 15, 14, 302, 2, 14, 53, 23959 }, // U+03FA
    { 13, 16, 242, 1, 11, 52, 24012 }, // U+03FB
    { 12, 16, 202, 0, 11, 48, 24064 }, // U+03FC
    { 12, 14, 211, 0, 14, 42, 24112 }, // U+03FD
    { 12, 14, 211, 1, 14, 42, 24154 }, // U+03FE
    { 12, 14, 211, 0, 14, 42, 24196 }, // U+03FF
    { 9, 19, 185, 2, 19, 43, 24238 }, // U+0400
    { 9, 19, 185, 2, 19, 43, 24281 }, // U+0401
    { 14, 14, 239, 0, 14, 49, 24324 }, // U+0402
    { 9, 19, 170, 2, 19, 43, 24373 }, // U+0403
    { 12, 14, 213, 1, 14, 42, 24416 }, // U+0404
    { 10, 14, 183, 1, 14, 35, 24458 }, // U+0405
    { 2, 14, 95, 2, 14, 7, 24493 }, // U+0406
    { 6, 19, 95, 0, 19, 29, 24500 }, // U+0407
    { 6, 19, 91, -2, 14, 29, 24529 }, // U+0408
    { 20, 14, 337, 0, 14, 70, 24558 }, // U+0409
    { 19, 14, 342, 2, 14, 67, 24628 }, // U+040A
    { 14, 14, 238, 0, 14, 49, 24695 }, // U+040B
    { 11, 19, 208, 2, 19, 53, 24744 }, // U+040C
    { 12, 19, 252, 2, 19, 57, 24797 }, // U+040D
    { 13, 19, 205, 0, 19, 62, 24854 }, // U+040E
    { 12, 17, 244, 2, 14, 51, 24916 }, // U+040F
    { 14, 14, 213, 0, 14, 49, 24967 }, // U+0410
    { 10, 14, 205, 2, 14, 35, 25016 }, // U+0411
    { 11, 14, 217, 2, 14, 39, 25051 }, // U+0412
    { 9, 14, 170, 2, 14, 32, 25090 }, // U+0413
    { 15, 18, 243, 0, 14, 68, 25122 }, // U+0414
    { 9, 14, 185, 2, 14, 32, 25190 }, // U+0415
    { 19, 14, 302, 0, 14, 67, 25222 }, // U+0416
    { 11, 14, 192, 0, 14, 39, 25289 }, // U+0417
    { 12, 14, 252, 2, 14, 42, 25328 }, // U+0418
    { 12, 19, 252, 2, 19, 57, 25370 }, // U+0419
    { 11, 14, 208, 2, 14, 39, 25427 }, // U+041A
    { 13, 14, 233, 0, 14, 46, 25466 }, // U+041B
    { 15, 14, 302, 2, 14, 53, 25512 }, // U+041C
    { 12, 14, 248, 2, 14, 42, 25565 }, // U+041D
    { 14, 14, 254, 1, 14, 49, 25607 }, // U+041E
    { 12, 14, 244, 2, 14, 42, 25656 }, // U+041F
    { 10, 14, 202, 2, 14, 35, 25698 }, // U+0420
    { 12, 14, 213, 1, 14, 42, 25733 }, // U+0421
    { 12, 14, 185, 0, 14, 42, 25775 }, // U+0422
    { 13, 14, 205, 0, 14, 46, 25817 }, // U+0423
    { 15, 14, 272, 1, 14, 53, 25863 }, // U+0424
    { 13, 14, 196, 0, 14, 46, 25916 }, // U+0425
    { 14, 17, 247, 2, 14, 60, 25962 }, // U+0426
    { 11, 14, 224, 1, 14, 39, 26022 }, // U+0427
    { 18, 14, 345, 2, 14, 63, 26061 }, // U+0428
    { 20, 17, 342, 2, 14, 85, 26124 }, // U+0429
    { 14, 14, 228, 0, 14, 49, 26209 }, // U+042A
    { 14, 14, 283, 2, 14, 49, 26258 }, // U+042B
    { 10, 14, 202, 2, 14, 35, 26307 }, // U+042C
    { 13, 14, 216, 0, 14, 46, 26342 }, // U+042D
    { 18, 14, 333, 2, 14, 63, 26388 }, // U+042E
    { 12, 14, 213, 0, 14, 42, 26451 }, // U+042F
    { 10, 11, 185, 0, 11, 28, 26493 }, // U+0430
    { 11, 16, 199, 1, 16, 44, 26521 }, // U+0431
    { 10, 11, 188, 1, 11, 28, 26565 }, // U+0432
    { 8, 11, 146, 1, 11, 22, 26593 }, // U+0433
    { 13, 14, 202, 0, 11, 46, 26615 }, // U+0434
    { 10, 11, 184, 1, 11, 28, 26661 }, // U+0435
    { 16, 11, 253, 0, 11, 44, 26689 }, // U+0436
    { 10, 11, 163, 0, 11, 28, 26733 }, // U+0437
    { 11, 11, 207, 1, 11, 31, 26761 }, // U+0438
    { 11, 15, 207, 1, 15, 42, 26792 }, // U+0439
    { 10, 11, 177, 1, 11, 28, 26834 }, // U+043A
    { 11, 11, 196, 0, 11, 31, 26862 }, // U+043B
    { 14, 11, 256, 1, 11, 39, 26893 }, // U+043C
    { 11, 11, 205, 1, 11, 31, 26932 }, // U+043D
    { 11, 11, 198, 1, 11, 31, 26963 }, // U+043E
    { 10, 11, 202, 1, 11, 28, 26994 }, // U+043F
    { 11, 16, 203, 1, 11, 44, 27022 }, // U+0440
    { 9, 11, 164, 1, 11, 25, 27066 }, // U+0441
    { 10, 11, 155, 0, 11, 28, 27091 }, // U+0442
    { 11, 16, 170, 0, 11, 44, 27119 }, // U+0443
    { 14, 20, 246, 1, 15, 70, 27163 }, // U+0444
    { 11, 11, 170, 0, 11, 31, 27233 }, // U+0445
    { 12, 14, 204, 1, 11, 42, 27264 }, // U+0446
    { 10, 11, 196, 1, 11, 28, 27306 }, // U+0447
    { 16, 11, 298, 1, 11, 44, 27334 }, // U+0448
    { 18, 14, 299, 1, 11, 63, 27378 }, // U+0449
    { 13, 11, 208, 0, 11, 36, 27441 }, // U+044A
    { 14, 11, 253, 1, 11, 39, 27477 }, // U+044B
    { 10, 11, 182, 1, 11, 28, 27516 }, // U+044C
    { 10, 11, 165, 0, 11, 28, 27544 }, // U+044D
    { 15, 11, 266, 1, 11, 42, 27572 }, // U+044E
    { 11, 11, 192, 0, 11, 31, 27614 }, // U+044F
    { 10, 15, 184, 1, 15, 38, 27645 }, // U+0450
    { 10, 14, 184, 1, 14, 35, 27683 }, // U+0451
    { 12, 20, 206, 0, 15, 60, 27718 }, // U+0452
    { 8, 15, 146, 1, 15, 30, 27778 }, // U+0453
    { 9, 11, 164, 1, 11, 25, 27808 }, // U+0454
    { 9, 11, 156, 0, 11, 25, 27833 }, // U+0455
    { 3, 14, 86, 1, 14, 11, 27858 }, // U+0456
    { 5, 14, 86, 0, 14, 18, 27869 }, // U+0457
    { 6, 20, 86, -2, 15, 30, 27887 }, // U+0458
    { 17, 11, 286, 0, 11, 47, 27917 }, // U+0459
    { 17, 11, 297, 1, 11, 47, 27964 }, // U+045A
    { 12, 15, 207, 0, 15, 45, 28011 }, // U+045B
    { 10, 15, 177, 1, 15, 38, 28056 }, // U+045C
    { 11, 15, 207, 1, 15, 42, 28094 }, // U+045D
    { 11, 20, 170, 0, 15, 55, 28136 }, // U+045E
    { 10, 14, 202, 1, 11, 35, 28191 }, // U+045F
    { 19, 14, 306, 0, 14, 67, 28226 }, // U+0460
    { 16, 11, 263, 0, 11, 44, 28293 }, // U+0461
    { 13, 14, 225, 0, 14, 46, 28337 }, // U+0462
    { 13, 13, 211, 0, 13, 43, 28383 }, // U+0463
    { 17, 14, 307, 2, 14, 60, 28426 }, // U+0464
    { 14, 11, 247, 1, 11, 39, 28486 }, // U+0465
    { 15, 14, 228, 0, 14, 53, 28525 }, // U+0466
    { 12, 11, 191, 0, 11, 33, 28578 }, // U+0467
    { 18, 14, 310, 2, 14, 63, 28611 }, // U+0468
    { 16, 11, 260, 1, 11, 44, 28674 }, // U+0469
    { 15, 14, 243, 0, 14, 53, 28718 }, // U+046A
    { 14, 11, 213, 0, 11, 39, 28771 }, // U+046B
    { 19, 14, 328, 2, 14, 67, 28810 }, // U+046C
    { 17, 11, 283, 1, 11, 47, 28877 }, // U+046D
    { 12, 22, 196, 0, 18, 66, 28924 }, // U+046E
    { 10, 19, 163, 0, 15, 48, 28990 }, // U+046F
    { 15, 14, 268, 1, 14, 53, 29038 }, // U+0470
    { 14, 20, 254, 1, 15, 70, 29091 }, // U+0471
    { 14, 14, 261, 1, 14, 49, 29161 }, // U+0472
    { 11, 11, 202, 1, 11, 31, 29210 }, // U+0473
    { 14, 14, 212, 0, 14, 49, 29241 }, // U+0474
    { 12, 11, 172, 0, 11, 33, 29290 }, // U+0475
    { 14, 19, 212, 0, 19, 67, 29323 }, // U+0476
    { 12, 15, 172, 0, 15, 45, 29390 }, // U+0477
    { 25, 19, 407, 1, 14, 119, 29435 }, // U+0478
    { 22, 16, 365, 1, 11, 88, 29554 }, // U+0479
    { 15, 17, 274, 1, 16, 64, 29642 }, // U+047A
    { 12, 13, 220, 1, 12, 39, 29706 }, // U+047B
    { 20, 22, 342, 1, 22, 110, 29745 }, // U+047C
    { 17, 19, 301, 1, 19, 81, 29855 }, // U+047D
    { 19, 19, 306, 0, 19, 91, 29936 }, // U+047E
    { 16, 14, 263, 0, 14, 56, 30027 }, // U+047F
    { 12, 19, 214, 1, 14, 57, 30083 }, // U+0480
    { 9, 16, 164, 1, 11, 36, 30140 }, // U+0481
    { 11, 15, 203, 1, 14, 42, 30176 }, // U+0482
    { 8, 4, 0, -10, 15, 8, 30218 }, // U+0483
    { 9, 4, 0, -10, 16, 9, 30226 }, // U+0484
    { 4, 4, 0, -8, 16, 4, 30235 }, // U+0485
    { 4, 4, 0, -8, 16, 4, 30239 }, // U+0486
    { 8, 4, 0, -4, 19, 8, 30243 }, // U+0487
    { 24, 22, 0, -12, 16, 132, 30251 }, // U+0488
    { 24, 22, 0, -12, 16, 132, 30383 }, // U+0489
    { 14, 23, 262, 2, 19, 81, 30515 }, // U+048A
    { 13, 20, 220, 1, 16, 65, 30596 }, // U+048B
    { 12, 14, 205, 0, 14, 42, 30661 }, // U+048C
    { 12, 16, 198, 0, 16, 48, 30703 }, // U+048D
    { 10, 14, 204, 2, 14, 35, 30751 }, // U+048E
    { 11, 16, 205, 1, 11, 44, 30786 }, // U+048F
    { 9, 18, 177, 2, 18, 41, 30830 }, // U+0490
    { 8, 14, 145, 1, 14, 28, 30871 }, // U+0491
    { 11, 14, 177, 0, 14, 39, 30899 }, // U+0492
    { 9, 11, 145, 0, 11, 25, 30938 }, // U+0493
    { 11, 19, 217, 2, 14, 53, 30963 }, // U+0494
    { 10, 16, 178, 1, 11, 40, 31016 }, // U+0495
    { 19, 18, 301, 0, 14, 86, 31056 }, // U+0496
    { 17, 15, 265, 0, 11, 64, 31142 }, // U+0497
    { 11, 19, 192, 0, 14, 53, 31206 }, // U+0498
    { 10, 16, 163, 0, 11, 40, 31259 }, // U+0499
    { 12, 18, 223, 2, 14, 54, 31299 }, // U+049A
    { 11, 15, 186, 1, 11, 42, 31353 }, // U+049B
    { 11, 14, 208, 2, 14, 39, 31395 }, // U+049C
    { 10, 11, 176, 1, 11, 28, 31434 }, // U+049D
    { 13, 14, 208, 0, 14, 46, 31462 }, // U+049E
    { 11, 15, 178, 0, 15, 42, 31508 }, // U+049F
    { 15, 14, 231, 0, 14, 53, 31550 }, // U+04A0
    { 13, 11, 208, 0, 11, 36, 31603 }, // U+04A1
    { 14, 18, 252, 2, 14, 63, 31639 }, // U+04A2
    { 13, 15, 219, 1, 11, 49, 31702 }, // U+04A3
    { 15, 14, 272, 2, 14, 53, 31751 }, // U+04A4
    { 15, 11, 246, 1, 11, 42, 31804 }, // U+04A5
    { 20, 19, 352, 2, 14, 95, 31846 }, // U+04A6
    { 17, 16, 288, 1, 11, 68, 31941 }, // U+04A7
    { 15, 15, 260, 1, 14, 57, 32009 }, // U+04A8
    { 12, 11, 214, 1, 11, 33, 32066 }, // U+04A9
    { 12, 19, 211, 1, 14, 57, 32099 }, // U+04AA
    { 9, 16, 160, 1, 11, 36, 32156 }, // U+04AB
    { 12, 18, 185, 0, 14, 54, 32192 }, // U+04AC
    { 10, 15, 158, 0, 11, 38, 32246 }, // U+04AD
    { 12, 14, 189, 0, 14, 42, 32284 }, // U+04AE
    { 11, 16, 169, 0, 11, 44, 32326 }, // U+04AF
    { 12, 14, 189, 0, 14, 42, 32370 }, // U+04B0
    { 11, 16, 169, 0, 11, 44, 32412 }, // U+04B1
    { 13, 18, 210, 0, 14, 59, 32456 }, // U+04B2
    { 12, 15, 184, 0, 11, 45, 32515 }, // U+04B3
    { 18, 18, 287, 0, 14, 81, 32560 }, // U+04B4
    { 15, 15, 241, 0, 11, 57, 32641 }, // U+04B5
    { 14, 18, 234, 1, 14, 63, 32698 }, // U+04B6
    { 12, 15, 207, 1, 11, 45, 32761 }, // U+04B7
    { 12, 14, 233, 1, 14, 42, 32806 }, // U+04B8
    { 10, 11, 202, 1, 11, 28, 32848 }, // U+04B9
    { 11, 14, 233, 2, 14, 39, 32876 }, // U+04BA
    { 11, 15, 206, 1, 15, 42, 32915 }, // U+04BB
    { 17, 14, 283, 0, 14, 60, 32957 }, // U+04BC
    { 13, 11, 222, 0, 11, 36, 33017 }, // U+04BD
    { 17, 18, 283, 0, 14, 77, 33053 }, // U+04BE
    { 13, 15, 222, 0, 11, 49, 33130 }, // U+04BF
    { 7, 14, 113, 0, 14, 25, 33179 }, // U+04C0
    { 19, 19, 302, 0, 19, 91, 33204 }, // U+04C1
    { 16, 15, 253, 0, 15, 60, 33295 }, // U+04C2
    { 12, 19, 232, 2, 14, 57, 33355 }, // U+04C3
    { 10, 16, 187, 1, 11, 40, 33412 }, // U+04C4
    { 15, 17, 240, 0, 14, 64, 33452 }, // U+04C5
    { 13, 15, 196, 0, 11, 49, 33516 }, // U+04C6
    { 12, 19, 244, 2, 14, 57, 33565 }, // U+04C7
    { 11, 16, 207, 1, 11, 44, 33622 }, // U+04C8
    { 14, 18, 252, 2, 14, 63, 33666 }, // U+04C9
    { 13, 15, 221, 1, 11, 49, 33729 }, // U+04CA
    { 12, 18, 233, 1, 14, 54, 33778 }, // U+04CB
    { 10, 15, 204, 1, 11, 38, 33832 }, // U+04CC
    { 17, 18, 306, 2, 14, 77, 33870 }, // U+04CD
    { 15, 15, 252, 1, 11, 57, 33947 }, // U+04CE
    { 7, 14, 113, 0, 14, 25, 34004 }, // U+04CF
    { 14, 19, 213, 0, 19, 67, 34029 }, // U+04D0
    { 10, 15, 187, 0, 15, 38, 34096 }, // U+04D1
    { 14, 19, 213, 0, 19, 67, 34134 }, // U+04D2
    { 10, 15, 187, 0, 15, 38, 34201 }, // U+04D3
    { 19, 14, 294, -1, 14, 67, 34239 }, // U+04D4
    { 17, 11, 288, 0, 11, 47, 34306 }, // U+04D5
    { 9, 19, 185, 2, 19, 43, 34353 }, // U+04D6
    { 10, 15, 188, 1, 15, 38, 34396 }, // U+04D7
    { 14, 14, 246, 1, 14, 49, 34434 }, // U+04D8
    { 10, 11, 188, 1, 11, 28, 34483 }, // U+04D9
    { 14, 19, 246, 1, 19, 67, 34511 }, // U+04DA
    { 10, 15, 188, 1, 15, 38, 34578 }, // U+04DB
    { 19, 19, 302, 0, 19, 91, 34616 }, // U+04DC
    { 16, 15, 253, 0, 15, 60, 34707 }, // U+04DD
    { 11, 19, 192, 0, 19, 53, 34767 }, // U+04DE
    { 10, 15, 163, 0, 15, 38, 34820 }, // U+04DF
    { 12, 14, 195, 0, 14, 42, 34858 }, // U+04E0
    { 10, 16, 166, 0, 11, 40, 34900 }, // U+04E1
    { 12, 19, 252, 2, 19, 57, 34940 }, // U+04E2
    { 11, 15, 207, 1, 15, 42, 34997 }, // U+04E3
    { 12, 19, 252, 2, 19, 57, 35039 }, // U+04E4
    { 11, 15, 207, 1, 15, 42, 35096 }, // U+04E5
    { 14, 19, 260, 1, 19, 67, 35138 }, // U+04E6
    { 11, 15, 202, 1, 15, 42, 35205 }, // U+04E7
    { 14, 14, 261, 1, 14, 49, 35247 }, // U+04E8
    { 11, 11, 202, 1, 11, 31, 35296 }, // U+04E9
    { 14, 18, 261, 1, 18, 63, 35327 }, // U+04EA
    { 11, 15, 202, 1, 15, 42, 35390 }, // U+04EB
    { 13, 19, 216, 0, 19, 62, 35432 }, // U+04EC
    { 10, 15, 165, 0, 15, 38, 35494 }, // U+04ED
    { 13, 19, 205, 0, 19, 62, 35532 }, // U+04EE
    { 11, 20, 170, 0, 15, 55, 35594 }, // U+04EF
    { 13, 19, 205, 0, 19, 62, 35649 }, // U+04F0
    { 11, 20, 170, 0, 15, 55, 35711 }, // U+04F1
    { 13, 19, 205, 0, 19, 62, 35766 }, // U+04F2
    { 11, 20, 170, 0, 15, 55, 35828 }, // U+04F3
    { 11, 19, 224, 1, 19, 53, 35883 }, // U+04F4
    { 10, 15, 196, 1, 15, 38, 35936 }, // U+04F5
    { 9, 18, 177, 2, 14, 41, 35974 }, // U+04F6
    { 8, 15, 144, 1, 11, 30, 36015 }, // U+04F7
    { 14, 19, 283, 2, 19, 67, 36045 }, // U+04F8
    { 14, 15, 253, 1, 15, 53, 36112 }, // U+04F9
    { 11, 18, 177, 0, 14, 50, 36165 }, // U+04FA
    { 9, 16, 145, 0, 11, 36, 36215 }, // U+04FB
    { 13, 18, 211, 0, 14, 59, 36251 }, // U+04FC
    { 12, 15, 183, 0, 11, 45, 36310 }, // U+04FD
    { 13, 14, 195, 0, 14, 46, 36355 }, // U+04FE
    { 11, 11, 176, 0, 11, 31, 36401 }, // U+04FF
    { 14, 18, 213, 0, 14, 63, 36432 }, // U+1EA0
    { 10, 15, 187, 0, 11, 38, 36495 }, // U+1EA1
    { 14, 22, 213, 0, 22, 77, 36533 }, // U+1EA2
    { 10, 18, 187, 0, 18, 45, 36610 }, // U+1EA3
    { 14, 20, 213, 0, 20, 70, 36655 }, // U+1EA4
    { 12, 17, 187, 0, 17, 51, 36725 }, // U+1EA5
    { 14, 20, 213, 0, 20, 70, 36776 }, // U+1EA6
    { 10, 17, 187, 0, 17, 43, 36846 }, // U+1EA7
    { 14, 22, 213, 0, 22, 77, 36889 }, // U+1EA8
    { 11, 19, 187, 0, 19, 53, 36966 }, // U+1EA9
    { 14, 21, 213, 0, 21, 74, 37019 }, // U+1EAA
    { 10, 18, 187, 0, 18, 45, 37093 }, // U+1EAB
    { 14, 23, 213, 0, 19, 81, 37138 }, // U+1EAC
    { 10, 19, 187, 0, 15, 48, 37219 }, // U+1EAD
    { 14, 21, 213, 0, 21, 74, 37267 }, // U+1EAE
    { 10, 17, 187, 0, 17, 43, 37341 }, // U+1EAF
    { 14, 21, 213, 0, 21, 74, 37384 }, // U+1EB0
    { 10, 17, 187, 0, 17, 43, 37458 }, // U+1EB1
    { 14, 22, 213, 0, 22, 77, 37501 }, // U+1EB2
    { 10, 19, 187, 0, 19, 48, 37578 }, // U+1EB3
    { 14, 22, 213, 0, 22, 77, 37626 }, // U+1EB4
    { 10, 19, 187, 0, 19, 48, 37703 }, // U+1EB5
    { 14, 24, 213, 0, 20, 84, 37751 }, // U+1EB6
    { 10, 20, 187, 0, 16, 50, 37835 }, // U+1EB7
    { 9, 18, 185, 2, 14, 41, 37885 }, // U+1EB8
    { 10, 15, 188, 1, 11, 38, 37926 }, // U+1EB9
    { 9, 22, 185, 2, 22, 50, 37964 }, // U+1EBA
    { 10, 18, 188, 1, 18, 45, 38014 }, // U+1EBB
    { 9, 20, 185, 2, 20, 45, 38059 }, // U+1EBC
    { 10, 16, 188, 1, 16, 40, 38104 }, // U+1EBD
    { 10, 20, 185, 2, 20, 50, 38144 }, // U+1EBE
    { 11, 17, 188, 1, 17, 47, 38194 }, // U+1EBF
    { 11, 20, 185, 0, 20, 55, 38241 }, // U+1EC0
    { 11, 17, 188, 0, 17, 47, 38296 }, // U+1EC1
    { 10, 22, 185, 2, 22, 55, 38343 }, // U+1EC2
    { 10, 19, 188, 1, 19, 48, 38398 }, // U+1EC3
    { 9, 21, 185, 2, 21, 48, 38446 }, // U+1EC4
    { 10, 18, 188, 1, 18, 45, 38494 }, // U+1EC5
    { 9, 23, 185, 2, 19, 52, 38539 }, // U+1EC6
    { 10, 19, 188, 1, 15, 48, 38591 }, // U+1EC7
    { 7, 21, 113, 0, 21, 37, 38639 }, // U+1EC8
    { 5, 18, 86, 1, 18, 23, 38676 }, // U+1EC9
    { 7, 18, 113, 0, 14, 32, 38699 }, // U+1ECA
    { 3, 19, 86, 1, 15, 15, 38731 }, // U+1ECB
    { 14, 18, 260, 1, 14, 63, 38746 }, // U+1ECC
    { 11, 15, 202, 1, 11, 42, 38809 }, // U+1ECD
    { 14, 21, 260, 1, 21, 74, 38851 }, // U+1ECE
    { 11, 18, 202, 1, 18, 50, 38925 }, // U+1ECF
    { 14, 20, 260, 1, 20, 70, 38975 }, // U+1ED0
    { 11, 17, 202, 1, 17, 47, 39045 }, // U+1ED1
    { 14, 20, 260, 1, 20, 70, 39092 }, // U+1ED2
    { 12, 17, 202, 0, 17, 51, 39162 }, // U+1ED3
    { 14, 22, 260, 1, 22, 77, 39213 }, // U+1ED4
    { 11, 19, 202, 1, 19, 53, 39290 }, // U+1ED5
    { 14, 22, 260, 1, 22, 77, 39343 }, // U+1ED6
    { 11, 18, 202, 1, 18, 50, 39420 }, // U+1ED7
    { 14, 23, 260, 1, 19, 81, 39470 }, // U+1ED8
    { 11, 19, 202, 1, 15, 53, 39551 }, // U+1ED9
    { 16, 19, 261, 1, 19, 76, 39604 }, // U+1EDA
    { 13, 15, 205, 1, 15, 49, 39680 }, // U+1EDB
    { 16, 19, 261, 1, 19, 76, 39729 }, // U+1EDC
    { 13, 15, 205, 1, 15, 49, 39805 }, // U+1EDD
    { 16, 22, 261, 1, 22, 88, 39854 }, // U+1EDE
    { 13, 18, 205, 1, 18, 59, 39942 }, // U+1EDF
    { 16, 20, 261, 1, 20, 80, 40001 }, // U+1EE0
    { 13, 16, 205, 1, 16, 52, 40081 }, // U+1EE1
    { 16, 19, 261, 1, 15, 76, 40133 }, // U+1EE2
    { 13, 17, 205, 1, 13, 56, 40209 }, // U+1EE3
    { 13, 18, 244, 1, 14, 59, 40265 }, // U+1EE4
    { 11, 15, 206, 1, 11, 42, 40324 }, // U+1EE5
    { 13, 21, 244, 1, 21, 69, 40366 }, // U+1EE6
    { 11, 18, 206, 1, 18, 50, 40435 }, // U+1EE7
    { 17, 19, 260, 1, 19, 81, 40485 }, // U+1EE8
    { 14, 15, 225, 1, 15, 53, 40566 }, // U+1EE9
    { 17, 19, 260, 1, 19, 81, 40619 }, // U+1EEA
    { 14, 15, 225, 1, 15, 53, 40700 }, // U+1EEB
    { 17, 21, 260, 1, 21, 90, 40753 }, // U+1EEC
    { 14, 18, 225, 1, 18, 63, 40843 }, // U+1EED
    { 17, 20, 260, 1, 20, 85, 40906 }, // U+1EEE
    { 14, 16, 225, 1, 16, 56, 40991 }, // U+1EEF
    { 17, 19, 260, 1, 15, 81, 41047 }, // U+1EF0
    { 14, 17, 225, 1, 13, 60, 41128 }, // U+1EF1
    { 12, 19, 189, 0, 19, 57, 41188 }, // U+1EF2
    { 11, 20, 170, 0, 15, 55, 41245 }, // U+1EF3
    { 12, 18, 189, 0, 14, 54, 41300 }, // U+1EF4
    { 11, 16, 170, 0, 11, 44, 41354 }, // U+1EF5
    { 12, 21, 189, 0, 21, 63, 41398 }, // U+1EF6
    { 11, 22, 170, 0, 17, 61, 41461 }, // U+1EF7
    { 12, 20, 189, 0, 20, 60, 41522 }, // U+1EF8
    { 11, 21, 170, 0, 16, 58, 41582 }, // U+1EF9
    { 0, 0, 167, 0, 0, 0, 41640 }, // U+2000
    { 0, 0, 333, 0, 0, 0, 41640 }, // U+2001
    { 0, 0, 167, 0, 0, 0, 41640 }, // U+2002
    { 0, 0, 333, 0, 0, 0, 41640 }, // U+2003
    { 0, 0, 111, 0, 0, 0, 41640 }, // U+2004
    { 0, 0, 83, 0, 0, 0, 41640 }, // U+2005
    { 0, 0, 56, 0, 0, 0, 41640 }, // U+2006
    { 0, 0, 191, 0, 0, 0, 41640 }, // U+2007
    { 0, 0, 89, 0, 0, 0, 41640 }, // U+2008
    { 0, 0, 55, 0, 0, 0, 41640 }, // U+2009
    { 0, 0, 33, 0, 0, 0, 41640 }, // U+200A
    { 0, 0, 0, 0, 0, 0, 41640 }, // U+200B
    { 0, 0, 0, 0, 0, 0, 41640 }, // U+200C
    { 0, 0, 0, 0, 0, 0, 41640 }, // U+200D
    { 6, 18, 0, -1, 14, 27, 41640 }, // U+200E
    { 6, 18, 0, -5, 14, 27, 41667 }, // U+200F
    { 6, 3, 107, 0, 7, 5, 41694 }, // U+2010
    { 6, 3, 107, 0, 7, 5, 41699 }, // U+2011
    { 12, 3, 191, 0, 9, 9, 41704 }, // U+2012
    { 10, 3, 167, 0, 7, 8, 41713 }, // U+2013
    { 20, 3, 333, 0, 7, 15, 41721 }, // U+2014
    { 20, 3, 333, 0, 7, 15, 41736 }, // U+2015
    { 7, 20, 184, 2, 15, 35, 41751 }, // U+2016
    { 10, 6, 137, -1, 1, 15, 41786 }, // U+2017
    { 4, 5, 58, 0, 14, 5, 41801 }, // U+2018
    { 4, 5, 58, 0, 14, 5, 41806 }, // U+2019
    { 4, 5, 83, 0, 2, 5, 41811 }, // U+201A
    { 4, 5, 58, 0, 14, 5, 41816 }, // U+201B
    { 8, 5, 120, 0, 14, 10, 41821 }, // U+201C
    { 8, 5, 120, 0, 14, 10, 41831 }, // U+201D
    { 8, 5, 139, 0, 2, 10, 41841 }, // U+201E
    { 8, 5, 120, 0, 14, 10, 41851 }, // U+201F
    { 9, 15, 171, 1, 15, 34, 41861 }, // U+2020
    { 9, 15, 171, 1, 15, 34, 41895 }, // U+2021
    { 6, 5, 125, 1, 10, 8, 41929 }, // U+2022
    { 6, 7, 123, 1, 11, 11, 41937 }, // U+2023
    { 4, 3, 167, 3, 3, 3, 41948 }, // U+2024
    { 9, 3, 179, 1, 3, 7, 41951 }, // U+2025
    { 14, 3, 264, 1, 3, 11, 41958 }, // U+2026
    { 4, 3, 89, 1, 7, 3, 41969 }, // U+2027
    { 0, 0, 200, 0, 0, 0, 41972 }, // U+2028
    { 0, 0, 200, 0, 0, 0, 41972 }, // U+2029
    { 6, 17, 0, -1, 13, 26, 41972 }, // U+202A
    { 6, 17, 0, -5, 13, 26, 41998 }, // U+202B
    { 6, 17, 0, -3, 14, 26, 42024 }, // U+202C
    { 6, 18, 0, -3, 15, 27, 42050 }, // U+202D
    { 6, 18, 0, -3, 15, 27, 42077 }, // U+202E
    { 0, 0, 55, 0, 0, 0, 42104 }, // U+202F
    { 23, 14, 392, 1, 14, 81, 42104 }, // U+2030
    { 32, 14, 515, 0, 14, 112, 42185 }, // U+2031
    { 6, 5, 77, 0, 14, 8, 42297 }, // U+2032
    { 10, 5, 136, 0, 14, 13, 42305 }, // U+2033
    { 13, 5, 195, 0, 14, 17, 42318 }, // U+2034
    { 6, 5, 77, -1, 14, 8, 42335 }, // U+2035
    { 9, 5, 147, -1, 14, 12, 42343 }, // U+2036
    { 12, 5, 201, -1, 14, 15, 42355 }, // U+2037
    { 8, 7, 133, 0, 2, 14, 42370 }, // U+2038
    { 6, 9, 103, 0, 10, 14, 42384 }, // U+2039
    { 6, 9, 103, 0, 10, 14, 42398 }, // U+203A
    { 16, 14, 279, 1, 14, 56, 42412 }, // U+203B
    { 8, 14, 166, 1, 14, 28, 42468 }, // U+203C
    { 9, 14, 148, 0, 14, 32, 42496 }, // U+203D
    { 12, 3, 167, -1, 18, 9, 42528 }, // U+203E
    { 13, 5, 203, 0, 0, 17, 42537 }, // U+203F
    { 13, 6, 203, 0, 17, 20, 42554 }, // U+2040
    { 8, 13, 125, 0, 8, 26, 42574 }, // U+2041
    { 23, 19, 373, 0, 15, 110, 42600 }, // U+2042
    { 6, 3, 107, 0, 7, 5, 42710 }, // U+2043
    { 11, 14, 43, -4, 14, 39, 42715 }, // U+2044
    { 6, 18, 108, 1, 14, 27, 42754 }, // U+2045
    { 6, 18, 108, 0, 14, 27, 42781 }, // U+2046
    { 18, 14, 285, 0, 14, 63, 42808 }, // U+2047
    { 13, 14, 226, 0, 14, 46, 42871 }, // U+2048
    { 13, 14, 227, 1, 14, 46, 42917 }, // U+2049
    { 11, 11, 191, 0, 11, 31, 42963 }, // U+204A
    { 12, 18, 218, 1, 15, 54, 42994 }, // U+204B
    { 11, 11, 213, 1, 11, 31, 43048 }, // U+204C
    { 12, 11, 213, 1, 11, 33, 43079 }, // U+204D
    { 11, 10, 184, 0, 4, 28, 43112 }, // U+204E
    { 5, 14, 79, 0, 11, 18, 43140 }, // U+204F
    { 13, 22, 202, 0, 17, 72, 43158 }, // U+2050
    { 11, 21, 184, 0, 15, 58, 43230 }, // U+2051
    { 8, 14, 124, 0, 14, 28, 43288 }, // U+2052
    { 19, 5, 333, 1, 9, 24, 43316 }, // U+2053
    { 13, 6, 202, 0, 1, 20, 43340 }, // U+2054
    { 12, 10, 191, 0, 10, 30, 43360 }, // U+2055
    { 9, 14, 172, 1, 14, 32, 43390 }, // U+2056
    { 16, 5, 247, 0, 14, 20, 43422 }, // U+2057
    { 16, 14, 274, 1, 14, 56, 43442 }, // U+2058
    { 16, 14, 276, 1, 14, 56, 43498 }, // U+2059
    { 3, 14, 74, 1, 14, 11, 43554 }, // U+205A
    { 12, 15, 218, 1, 15, 45, 43565 }, // U+205B
    { 16, 15, 265, 0, 15, 60, 43610 }, // U+205C
    { 4, 14, 89, 1, 14, 14, 43670 }, // U+205D
    { 4, 14, 89, 1, 14, 14, 43684 }, // U+205E
    { 0, 0, 74, 0, 0, 0, 43698 }, // U+205F
    { 0, 0, 200, 0, 0, 0, 43698 }, // U+2060
    { 0, 0, 200, 0, 0, 0, 43698 }, // U+2061
    { 0, 0, 200, 0, 0, 0, 43698 }, // U+2062
    { 0, 0, 200, 0, 0, 0, 43698 }, // U+2063
    { 0, 0, 200, 0, 0, 0, 43698 }, // U+2064
    { 0, 0, 0, 0, 0, 0, 43698 }, // U+2066
    { 0, 0, 0, 0, 0, 0, 43698 }, // U+2067
    { 0, 0, 0, 0, 0, 0, 43698 }, // U+2068
    { 0, 0, 0, 0, 0, 0, 43698 }, // U+2069
    { 6, 18, 0, -3, 15, 27, 43698 }, // U+206A
    { 6, 18, 0, -3, 15, 27, 43725 }, // U+206B
    { 6, 17, 0, -3, 14, 26, 43752 }, // U+206C
    { 6, 17, 0, -3, 14, 26, 43778 }, // U+206D
    { 6, 17, 0, -3, 14, 26, 43804 }, // U+206E
    { 6, 18, 0, -3, 15, 27, 43830 }, // U+206F
    { 7, 11, 117, 0, 19, 20, 43857 }, // U+2070
    { 2, 9, 56, 1, 15, 5, 43877 }, // U+2071
    { 8, 9, 117, 0, 18, 18, 43882 }, // U+2074
    { 7, 11, 117, 0, 19, 20, 43900 }, // U+2075
    { 7, 11, 117, 0, 19, 20, 43920 }, // U+2076
    { 7, 10, 117, 0, 19, 18, 43940 }, // U+2077
    { 7, 11, 117, 0, 19, 20, 43958 }, // U+2078
    { 7, 11, 117, 0, 19, 20, 43978 }, // U+2079
    { 7, 6, 113, 0, 16, 11, 43998 }, // U+207A
    { 7, 1, 113, 0, 13, 2, 44009 }, // U+207B
    { 7, 5, 113, 0, 15, 9, 44011 }, // U+207C
    { 4, 11, 75, 1, 19, 11, 44020 }, // U+207D
    { 4, 11, 75, 0, 19, 11, 44031 }, // U+207E
    { 7, 7, 134, 1, 13, 13, 44042 }, // U+207F
    { 7, 11, 117, 0, 8, 20, 44055 }, // U+2080
    { 5, 9, 117, 0, 7, 12, 44075 }, // U+2081
    { 7, 11, 117, 0, 8, 20, 44087 }, // U+2082
    { 7, 11, 117, 0, 8, 20, 44107 }, // U+2083
    { 8, 9, 117, 0, 7, 18, 44127 }, // U+2084
    { 7, 11, 117, 0, 8, 20, 44145 }, // U+2085
    { 7, 11, 117, 0, 8, 20, 44165 }, // U+2086
    { 7, 10, 117, 0, 8, 18, 44185 }, // U+2087
    { 7, 11, 117, 0, 8, 20, 44203 }, // U+2088
    { 7, 11, 117, 0, 8, 20, 44223 }, // U+2089
    { 7, 6, 113, 0, 5, 11, 44243 }, // U+208A
    { 7, 1, 113, 0, 2, 2, 44254 }, // U+208B
    { 7, 5, 113, 0, 4, 9, 44256 }, // U+208C
    { 4, 11, 75, 1, 8, 11, 44265 }, // U+208D
    { 4, 11, 75, 0, 8, 11, 44276 }, // U+208E
    { 7, 7, 122, 0, 5, 13, 44287 }, // U+2090
    { 7, 7, 122, 0, 5, 13, 44300 }, // U+2091
    { 8, 7, 131, 0, 5, 14, 44313 }, // U+2092
    { 7, 7, 115, 0, 5, 13, 44327 }, // U+2093
    { 7, 7, 122, 0, 5, 13, 44340 }, // U+2094
    { 7, 10, 134, 1, 8, 18, 44353 }, // U+2095
    { 7, 10, 116, 1, 8, 18, 44371 }, // U+2096
    { 2, 10, 56, 1, 8, 5, 44389 }, // U+2097
    { 11, 7, 203, 1, 5, 20, 44394 }, // U+2098
    { 7, 7, 134, 1, 5, 13, 44414 }, // U+2099
    { 7, 10, 133, 1, 5, 18, 44427 }, // U+209A
    { 6, 7, 104, 0, 5, 11, 44445 }, // U+209B
    { 5, 9, 78, 0, 7, 12, 44456 }, // U+209C
    { 12, 14, 191, 0, 14, 42, 44468 }, // U+20A0
    { 11, 17, 191, 1, 15, 47, 44510 }, // U+20A1
    { 11, 14, 191, 1, 14, 39, 44557 }, // U+20A2
    { 11, 14, 191, 0, 14, 39, 44596 }, // U+20A3
    { 12, 14, 191, 0, 14, 42, 44635 }, // U+20A4
    { 17, 16, 312, 1, 14, 68, 44677 }, // U+20A5
    { 12, 14, 191, 0, 14, 42, 44745 }, // U+20A6
    { 15, 14, 259, 1, 14, 53, 44787 }, // U+20A7
    { 16, 14, 278, 1, 14, 56, 44840 }, // U+20A8
    { 14, 14, 223, 0, 14, 49, 44896 }, // U+20A9
    { 14, 14, 266, 1, 14, 49, 44945 }, // U+20AA
    { 12, 19, 206, 1, 15, 57, 44994 }, // U+20AB
    { 12, 14, 191, 0, 14, 42, 45051 }, // U+20AC
    { 12, 14, 191, 0, 14, 42, 45093 }, // U+20AD
    { 12, 14, 191, 0, 14, 42, 45135 }, // U+20AE
    { 20, 19, 323, 0, 14, 95, 45177 }, // U+20AF
    { 11, 19, 191, 0, 14, 53, 45272 }, // U+20B0
    { 12, 14, 191, 0, 14, 42, 45325 }, // U+20B1
    { 13, 17, 243, 1, 15, 56, 45367 }, // U+20B2
    { 13, 14, 203, 0, 14, 46, 45423 }, // U+20B3
    { 12, 14, 183, 0, 14, 42, 45469 }, // U+20B4
    { 12, 17, 211, 1, 15, 51, 45511 }, // U+20B5
    { 13, 13, 207, 0, 13, 43, 45562 }, // U+20B6
    { 15, 16, 242, 0, 14, 60, 45605 }, // U+20B7
    { 12, 14, 182, 0, 14, 42, 45665 }, // U+20B8
    { 10, 16, 191, 1, 15, 40, 45707 }, // U+20B9
    { 12, 14, 191, 0, 14, 42, 45747 }, // U+20BA
    { 16, 14, 260, 0, 14, 56, 45789 }, // U+20BB
    { 15, 14, 270, 1, 14, 53, 45845 }, // U+20BC
    { 12, 14, 194, 0, 14, 42, 45898 }, // U+20BD
    { 14, 15, 257, 1, 15, 53, 45940 }, // U+20BE
    { 10, 19, 191, 2, 17, 48, 45993 }, // U+20BF
    { 9, 14, 164, 1, 11, 32, 46041 }, // U+20C0
    { 17, 15, 272, 0, 15, 64, 46073 }, // U+2150
    { 17, 16, 263, 0, 15, 68, 46137 }, // U+2151
    { 22, 16, 346, 0, 15, 88, 46205 }, // U+2152
    { 16, 14, 277, 0, 14, 56, 46293 }, // U+2153
    { 17, 14, 301, 0, 14, 60, 46349 }, // U+2154
    { 16, 16, 264, 0, 15, 64, 46409 }, // U+2155
    { 17, 17, 281, 0, 16, 73, 46473 }, // U+2156
    { 18, 17, 286, 0, 16, 77, 46546 }, // U+2157
    { 17, 16, 278, 0, 15, 68, 46623 }, // U+2158
    { 16, 16, 256, 0, 15, 64, 46691 }, // U+2159
    { 17, 17, 274, 0, 16, 73, 46755 }, // U+215A
    { 16, 14, 277, 0, 14, 56, 46828 }, // U+215B
    { 16, 14, 277, 0, 14, 56, 46884 }, // U+215C
    { 16, 14, 277, 0, 14, 56, 46940 }, // U+215D
    { 15, 14, 277, 1, 14, 53, 46996 }, // U+215E
    { 13, 15, 142, 0, 15, 49, 47049 }, // U+215F
    { 12, 14, 211, 0, 14, 42, 47098 }, // U+2183
    { 9, 11, 160, 0, 11, 25, 47140 }, // U+2184
    { 18, 17, 289, 0, 16, 77, 47165 }, // U+2189
    { 10, 2, 191, 1, 8, 5, 47242 }, // U+2212
    { 16, 15, 229, 0, 15, 60, 47247 }, // U+FB00
    { 11, 15, 201, 0, 15, 42, 47307 }, // U+FB01
    { 11, 15, 201, 0, 15, 42, 47349 }, // U+FB02
    { 19, 15, 315, 0, 15, 72, 47391 }, // U+FB03
    { 18, 15, 315, 0, 15, 68, 47463 }, // U+FB04
    { 13, 15, 224, 1, 15, 49, 47531 }, // U+FB05
    { 17, 15, 280, 1, 15, 64, 47580 }, // U+FB06
    { 20, 20, 333, 0, 17, 100, 47644 }, // U+FFFD
};

static const EpdUnicodeInterval notosans_10_regularIntervals[] = {
    { 0x0, 0x0, 0x0 },
    { 0xD, 0xD, 0x1 },
    { 0x20, 0x7E, 0x2 },
    { 0xA0, 0x17F, 0x61 },
    { 0x1A0, 0x1A1, 0x141 },
    { 0x1AF, 0x1B0, 0x143 },
    { 0x1C4, 0x21F, 0x145 },
    { 0x300, 0x377, 0x1A1 },
    { 0x37A, 0x37F, 0x219 },
    { 0x384, 0x38A, 0x21F },
    { 0x38C, 0x38C, 0x226 },
    { 0x38E, 0x3A1, 0x227 },
    { 0x3A3, 0x3E1, 0x23B },
    { 0x3F0, 0x4FF, 0x27A },
    { 0x1EA0, 0x1EF9, 0x38A },
    { 0x2000, 0x2064, 0x3E4 },
    { 0x2066, 0x2071, 0x449 },
    { 0x2074, 0x208E, 0x455 },
    { 0x2090, 0x209C, 0x470 },
    { 0x20A0, 0x20C0, 0x47D },
    { 0x2150, 0x215F, 0x49E },
    { 0x2183, 0x2184, 0x4AE },
    { 0x2189, 0x2189, 0x4B0 },
    { 0x2212, 0x2212, 0x4B1 },
    { 0xFB00, 0xFB06, 0x4B2 },
    { 0xFFFD, 0xFFFD, 0x4B9 },
};

static const EpdKernClassEntry notosans_10_regularKernLeftClasses[] = {
    { 0x0022, 1 }, // "
    { 0x0026, 2 }, // &
    { 0x0027, 1 }, // '
    { 0x0028, 3 }, // (
    { 0x002C, 4 }, // ,
    { 0x002D, 5 }, // -
    { 0x002E, 4 }, // .
    { 0x003A, 6 }, // :
    { 0x0041, 7 }, // A
    { 0x0042, 8 }, // B
    { 0x0043, 9 }, // C
    { 0x0044, 10 }, // D
    { 0x0045, 11 }, // E
    { 0x0046, 12 }, // F
    { 0x004B, 9 }, // K
    { 0x004C, 13 }, // L
    { 0x004F, 10 }, // O
    { 0x0050, 14 }, // P
    { 0x0051, 10 }, // Q
    { 0x0052, 15 }, // R
    { 0x0054, 16 }, // T
    { 0x0055, 17 }, // U
    { 0x0056, 18 }, // V
    { 0x0057, 18 }, // W
    { 0x0058, 9 }, // X
    { 0x0059, 19 }, // Y
    { 0x005A, 20 }, // Z
    { 0x005B, 3 }, // [
    { 0x005F, 21 }, // _
    { 0x0061, 22 }, // a
    { 0x0062, 23 }, // b
    { 0x0063, 24 }, // c
    { 0x0065, 23 }, // e
    { 0x0066, 25 }, // f
    { 0x0068, 22 }, // h
    { 0x006D, 22 }, // m
    { 0x006E, 22 }, // n
    { 0x006F, 23 }, // o
    { 0x0070, 23 }, // p
    { 0x0072, 26 }, // r
    { 0x0074, 24 }, // t
    { 0x0076, 27 }, // v
    { 0x0077, 27 }, // w
    { 0x0078, 28 }, // x
    { 0x0079, 27 }, // y
    { 0x007B, 3 }, // {
    { 0x00A1, 29 }, // U+00A1
    { 0x00AB, 30 }, // U+00AB
    { 0x00BB, 31 }, // U+00BB
    { 0x00BF, 32 }, // U+00BF
    { 0x00C0, 7 }, // U+00C0
    { 0x00C1, 7 }, // U+00C1
    { 0x00C2, 7 }, // U+00C2
    { 0x00C3, 7 }, // U+00C3
    { 0x00C4, 7 }, // U+00C4
    { 0x00C5, 7 }, // U+00C5
    { 0x00C6, 11 }, // U+00C6
    { 0x00C7, 9 }, // U+00C7
    { 0x00C8, 11 }, // U+00C8
    { 0x00C9, 11 }, // U+00C9
    { 0x00CA, 11 }, // U+00CA
    { 0x00CB, 11 }, // U+00CB
    { 0x00D0, 10 }, // U+00D0
    { 0x00D2, 10 }, // U+00D2
    { 0x00D3, 10 }, // U+00D3
    { 0x00D4, 10 }, // U+00D4
    { 0x00D5, 10 }, // U+00D5
    { 0x00D6, 10 }, // U+00D6
    { 0x00D8, 10 }, // U+00D8
    { 0x00D9, 17 }, // U+00D9
    { 0x00DA, 17 }, // U+00DA
    { 0x00DB, 17 }, // U+00DB
    { 0x00DC, 17 }, // U+00DC
    { 0x00DD, 19 }, // U+00DD
    { 0x00DE, 14 }, // U+00DE
    { 0x00E0, 22 }, // U+00E0
    { 0x00E1, 22 }, // U+00E1
    { 0x00E2, 22 }, // U+00E2
    { 0x00E3, 22 }, // U+00E3
    { 0x00E4, 22 }, // U+00E4
    { 0x00E5, 22 }, // U+00E5
    { 0x00E6, 23 }, // U+00E6
    { 0x00E8, 23 }, // U+00E8
    { 0x00E9, 23 }, // U+00E9
    { 0x00EA, 23 }, // U+00EA
    { 0x00EB, 23 }, // U+00EB
    { 0x00EE, 33 }, // U+00EE
    { 0x00EF, 33 }, // U+00EF
    { 0x00F0, 23 }, // U+00F0
    { 0x00F2, 23 }, // U+00F2
    { 0x00F3, 23 }, // U+00F3
    { 0x00F4, 23 }, // U+00F4
    { 0x00F5, 23 }, // U+00F5
    { 0x00F6, 23 }, // U+00F6
    { 0x00F8, 23 }, // U+00F8
    { 0x00FD, 27 }, // U+00FD
    { 0x00FE, 23 }, // U+00FE
    { 0x00FF, 27 }, // U+00FF
    { 0x0100, 7 }, // U+0100
    { 0x0101, 22 }, // U+0101
    { 0x0102, 7 }, // U+0102
    { 0x0103, 22 }, // U+0103
    { 0x0104, 34 }, // U+0104
    { 0x0105, 22 }, // U+0105
    { 0x0106, 9 }, // U+0106
    { 0x0108, 9 }, // U+0108
    { 0x010A, 9 }, // U+010A
    { 0x010C, 9 }, // U+010C
    { 0x010E, 10 }, // U+010E
    { 0x010F, 35 }, // U+010F
    { 0x0110, 10 }, // U+0110
    { 0x0112, 11 }, // U+0112
    { 0x0113, 23 }, // U+0113
    { 0x0114, 11 }, // U+0114
    { 0x0115, 23 }, // U+0115
    { 0x0116, 11 }, // U+0116
    { 0x0117, 23 }, // U+0117
    { 0x0118, 11 }, // U+0118
    { 0x0119, 23 }, // U+0119
    { 0x011A, 11 }, // U+011A
    { 0x011B, 23 }, // U+011B
    { 0x0125, 22 }, // U+0125
    { 0x0129, 36 }, // U+0129
    { 0x012B, 33 }, // U+012B
    { 0x012E, 37 }, // U+012E
    { 0x0136, 9 }, // U+0136
    { 0x0138, 28 }, // U+0138
    { 0x0139, 13 }, // U+0139
    { 0x013B, 13 }, // U+013B
    { 0x013D, 13 }, // U+013D
    { 0x013E, 35 }, // U+013E
    { 0x013F, 13 }, // U+013F
    { 0x0141, 13 }, // U+0141
    { 0x0144, 22 }, // U+0144
    { 0x0146, 22 }, // U+0146
    { 0x0149, 22 }, // U+0149
    { 0x014B, 22 }, // U+014B
    { 0x014C, 10 }, // U+014C
    { 0x014D, 23 }, // U+014D
    { 0x014E, 10 }, // U+014E
    { 0x014F, 23 }, // U+014F
    { 0x0150, 10 }, // U+0150
    { 0x0151, 23 }, // U+0151
    { 0x0152, 11 }, // U+0152
    { 0x0153, 23 }, // U+0153
    { 0x0155, 26 }, // U+0155
    { 0x0157, 26 }, // U+0157
    { 0x0159, 26 }, // U+0159
    { 0x0162, 16 }, // U+0162
    { 0x0163, 24 }, // U+0163
    { 0x0164, 16 }, // U+0164
    { 0x0165, 38 }, // U+0165
    { 0x0166, 16 }, // U+0166
    { 0x0167, 24 }, // U+0167
    { 0x0168, 17 }, // U+0168
    { 0x016A, 17 }, // U+016A
    { 0x016C, 17 }, // U+016C
    { 0x016E, 17 }, // U+016E
    { 0x0170, 17 }, // U+0170
    { 0x0172, 17 }, // U+0172
    { 0x0174, 18 }, // U+0174
    { 0x0175, 27 }, // U+0175
    { 0x0176, 19 }, // U+0176
    { 0x0177, 27 }, // U+0177
    { 0x0178, 19 }, // U+0178
    { 0x0179, 20 }, // U+0179
    { 0x017B, 20 }, // U+017B
    { 0x017D, 20 }, // U+017D
    { 0x01A0, 39 }, // U+01A0
    { 0x01A1, 40 }, // U+01A1
    { 0x01AF, 41 }, // U+01AF
    { 0x01B0, 42 }, // U+01B0
    { 0x01FA, 7 }, // U+01FA
    { 0x01FB, 22 }, // U+01FB
    { 0x01FC, 11 }, // U+01FC
    { 0x01FD, 23 }, // U+01FD
    { 0x01FE, 10 }, // U+01FE
    { 0x020B, 33 }, // U+020B
    { 0x021A, 16 }, // U+021A
    { 0x021B, 24 }, // U+021B
    { 0x0384, 43 }, // U+0384
    { 0x0385, 8 }, // U+0385
    { 0x0386, 43 }, // U+0386
    { 0x038C, 44 }, // U+038C
    { 0x038E, 45 }, // U+038E
    { 0x0390, 46 }, // U+0390
    { 0x0391, 43 }, // U+0391
    { 0x0392, 8 }, // U+0392
    { 0x0393, 47 }, // U+0393
    { 0x0394, 43 }, // U+0394
    { 0x0396, 48 }, // U+0396
    { 0x0398, 44 }, // U+0398
    { 0x039A, 49 }, // U+039A
    { 0x039B, 43 }, // U+039B
    { 0x039F, 44 }, // U+039F
    { 0x03A3, 48 }, // U+03A3
    { 0x03A4, 50 }, // U+03A4
    { 0x03A5, 45 }, // U+03A5
    { 0x03A6, 44 }, // U+03A6
    { 0x03A8, 45 }, // U+03A8
    { 0x03AB, 45 }, // U+03AB
    { 0x03AC, 51 }, // U+03AC
    { 0x03AD, 52 }, // U+03AD
    { 0x03AE, 53 }, // U+03AE
    { 0x03AF, 46 }, // U+03AF
    { 0x03B0, 54 }, // U+03B0
    { 0x03B1, 51 }, // U+03B1
    { 0x03B2, 55 }, // U+03B2
    { 0x03B3, 56 }, // U+03B3
    { 0x03B4, 57 }, // U+03B4
    { 0x03B5, 52 }, // U+03B5
    { 0x03B6, 58 }, // U+03B6
    { 0x03B7, 53 }, // U+03B7
    { 0x03B8, 59 }, // U+03B8
    { 0x03B9, 46 }, // U+03B9
    { 0x03BB, 60 }, // U+03BB
    { 0x03BC, 51 }, // U+03BC
    { 0x03BD, 56 }, // U+03BD
    { 0x03BE, 61 }, // U+03BE
    { 0x03BF, 57 }, // U+03BF
    { 0x03C0, 52 }, // U+03C0
    { 0x03C1, 57 }, // U+03C1
    { 0x03C3, 62 }, // U+03C3
    { 0x03C4, 63 }, // U+03C4
    { 0x03C5, 54 }, // U+03C5
    { 0x03C6, 57 }, // U+03C6
    { 0x03C7, 64 }, // U+03C7
    { 0x03C8, 54 }, // U+03C8
    { 0x03C9, 57 }, // U+03C9
    { 0x03CA, 46 }, // U+03CA
    { 0x03CB, 54 }, // U+03CB
    { 0x03CC, 57 }, // U+03CC
    { 0x03CD, 54 }, // U+03CD
    { 0x03CE, 57 }, // U+03CE
    { 0x03CF, 49 }, // U+03CF
    { 0x03D5, 57 }, // U+03D5
    { 0x0400, 65 }, // U+0400
    { 0x0401, 65 }, // U+0401
    { 0x0402, 66 }, // U+0402
    { 0x0403, 67 }, // U+0403
    { 0x0404, 68 }, // U+0404
    { 0x0405, 69 }, // U+0405
    { 0x0409, 70 }, // U+0409
    { 0x040A, 70 }, // U+040A
    { 0x040B, 66 }, // U+040B
    { 0x040C, 71 }, // U+040C
    { 0x040E, 72 }, // U+040E
    { 0x0410, 73 }, // U+0410
    { 0x0411, 74 }, // U+0411
    { 0x0412, 75 }, // U+0412
    { 0x0413, 67 }, // U+0413
    { 0x0414, 76 }, // U+0414
    { 0x0415, 65 }, // U+0415
    { 0x0416, 71 }, // U+0416
    { 0x0417, 75 }, // U+0417
    { 0x041A, 71 }, // U+041A
    { 0x041E, 77 }, // U+041E
    { 0x0420, 78 }, // U+0420
    { 0x0421, 68 }, // U+0421
    { 0x0422, 67 }, // U+0422
    { 0x0423, 72 }, // U+0423
    { 0x0424, 79 }, // U+0424
    { 0x0425, 71 }, // U+0425
    { 0x0426, 76 }, // U+0426
    { 0x0429, 76 }, // U+0429
    { 0x042A, 70 }, // U+042A
    { 0x042C, 70 }, // U+042C
    { 0x042D, 77 }, // U+042D
    { 0x042E, 77 }, // U+042E
    { 0x0430, 80 }, // U+0430
    { 0x0431, 81 }, // U+0431
    { 0x0432, 82 }, // U+0432
    { 0x0433, 83 }, // U+0433
    { 0x0434, 84 }, // U+0434
    { 0x0435, 85 }, // U+0435
    { 0x0436, 86 }, // U+0436
    { 0x0437, 82 }, // U+0437
    { 0x0438, 87 }, // U+0438
    { 0x0439, 87 }, // U+0439
    { 0x043A, 86 }, // U+043A
    { 0x043B, 87 }, // U+043B
    { 0x043C, 87 }, // U+043C
    { 0x043D, 87 }, // U+043D
    { 0x043E, 85 }, // U+043E
    { 0x043F, 87 }, // U+043F
    { 0x0440, 85 }, // U+0440
    { 0x0441, 88 }, // U+0441
    { 0x0442, 83 }, // U+0442
    { 0x0443, 89 }, // U+0443
    { 0x0444, 85 }, // U+0444
    { 0x0445, 86 }, // U+0445
    { 0x0446, 84 }, // U+0446
    { 0x0447, 87 }, // U+0447
    { 0x0448, 87 }, // U+0448
    { 0x0449, 84 }, // U+0449
    { 0x044A, 90 }, // U+044A
    { 0x044B, 87 }, // U+044B
    { 0x044C, 90 }, // U+044C
    { 0x044D, 85 }, // U+044D
    { 0x044E, 85 }, // U+044E
    { 0x044F, 87 }, // U+044F
    { 0x0450, 85 }, // U+0450
    { 0x0451, 85 }, // U+0451
    { 0x0452, 91 }, // U+0452
    { 0x0453, 83 }, // U+0453
    { 0x0454, 88 }, // U+0454
    { 0x0455, 92 }, // U+0455
    { 0x0457, 93 }, // U+0457
    { 0x0458, 94 }, // U+0458
    { 0x0459, 90 }, // U+0459
    { 0x045A, 90 }, // U+045A
    { 0x045B, 95 }, // U+045B
    { 0x045C, 86 }, // U+045C
    { 0x045D, 87 }, // U+045D
    { 0x045E, 89 }, // U+045E
    { 0x045F, 87 }, // U+045F
    { 0x0460, 77 }, // U+0460
    { 0x0461, 96 }, // U+0461
    { 0x0462, 97 }, // U+0462
    { 0x0463, 90 }, // U+0463
    { 0x0464, 68 }, // U+0464
    { 0x0465, 88 }, // U+0465
    { 0x0466, 73 }, // U+0466
    { 0x0467, 98 }, // U+0467
    { 0x0468, 73 }, // U+0468
    { 0x0469, 98 }, // U+0469
    { 0x046E, 99 }, // U+046E
    { 0x0471, 85 }, // U+0471
    { 0x0472, 77 }, // U+0472
    { 0x0473, 85 }, // U+0473
    { 0x0474, 72 }, // U+0474
    { 0x0475, 96 }, // U+0475
    { 0x0476, 72 }, // U+0476
    { 0x0477, 96 }, // U+0477
    { 0x0478, 89 }, // U+0478
    { 0x0479, 89 }, // U+0479
    { 0x047A, 77 }, // U+047A
    { 0x047B, 85 }, // U+047B
    { 0x047C, 77 }, // U+047C
    { 0x047D, 85 }, // U+047D
    { 0x047E, 77 }, // U+047E
    { 0x047F, 96 }, // U+047F
    { 0x0480, 68 }, // U+0480
    { 0x048A, 76 }, // U+048A
    { 0x048B, 84 }, // U+048B
    { 0x048C, 97 }, // U+048C
    { 0x048D, 90 }, // U+048D
    { 0x048E, 78 }, // U+048E
    { 0x048F, 85 }, // U+048F
    { 0x0490, 100 }, // U+0490
    { 0x0491, 101 }, // U+0491
    { 0x0492, 102 }, // U+0492
    { 0x0493, 103 }, // U+0493
    { 0x0496, 104 }, // U+0496
    { 0x0497, 105 }, // U+0497
    { 0x0498, 99 }, // U+0498
    { 0x0499, 82 }, // U+0499
    { 0x049A, 104 }, // U+049A
    { 0x049B, 105 }, // U+049B
    { 0x049C, 71 }, // U+049C
    { 0x049D, 86 }, // U+049D
    { 0x049E, 71 }, // U+049E
    { 0x049F, 86 }, // U+049F
    { 0x04A0, 71 }, // U+04A0
    { 0x04A1, 86 }, // U+04A1
    { 0x04A2, 76 }, // U+04A2
    { 0x04A3, 84 }, // U+04A3
    { 0x04A4, 102 }, // U+04A4
    { 0x04A5, 101 }, // U+04A5
    { 0x04A9, 85 }, // U+04A9
    { 0x04AA, 68 }, // U+04AA
    { 0x04AB, 88 }, // U+04AB
    { 0x04AC, 100 }, // U+04AC
    { 0x04AD, 101 }, // U+04AD
    { 0x04AE, 106 }, // U+04AE
    { 0x04AF, 107 }, // U+04AF
    { 0x04B0, 106 }, // U+04B0
    { 0x04B1, 107 }, // U+04B1
    { 0x04B2, 104 }, // U+04B2
    { 0x04B3, 105 }, // U+04B3
    { 0x04B4, 76 }, // U+04B4
    { 0x04B5, 84 }, // U+04B5
    { 0x04B6, 76 }, // U+04B6
    { 0x04B7, 84 }, // U+04B7
    { 0x04BC, 108 }, // U+04BC
    { 0x04BD, 109 }, // U+04BD
    { 0x04BE, 108 }, // U+04BE
    { 0x04BF, 109 }, // U+04BF
    { 0x04C1, 71 }, // U+04C1
    { 0x04C2, 86 }, // U+04C2
    { 0x04C5, 76 }, // U+04C5
    { 0x04C6, 84 }, // U+04C6
    { 0x04C9, 76 }, // U+04C9
    { 0x04CA, 84 }, // U+04CA
    { 0x04CD, 76 }, // U+04CD
    { 0x04CE, 84 }, // U+04CE
    { 0x04D0, 73 }, // U+04D0
    { 0x04D1, 80 }, // U+04D1
    { 0x04D2, 73 }, // U+04D2
    { 0x04D3, 80 }, // U+04D3
    { 0x04D4, 65 }, // U+04D4
    { 0x04D5, 109 }, // U+04D5
    { 0x04D6, 65 }, // U+04D6
    { 0x04D7, 109 }, // U+04D7
    { 0x04D8, 77 }, // U+04D8
    { 0x04D9, 85 }, // U+04D9
    { 0x04DA, 77 }, // U+04DA
    { 0x04DB, 85 }, // U+04DB
    { 0x04DC, 71 }, // U+04DC
    { 0x04DD, 86 }, // U+04DD
    { 0x04DE, 99 }, // U+04DE
    { 0x04DF, 82 }, // U+04DF
    { 0x04E3, 87 }, // U+04E3
    { 0x04E5, 87 }, // U+04E5
    { 0x04E6, 77 }, // U+04E6
    { 0x04E7, 85 }, // U+04E7
    { 0x04E8, 77 }, // U+04E8
    { 0x04E9, 85 }, // U+04E9
    { 0x04EA, 77 }, // U+04EA
    { 0x04EB, 85 }, // U+04EB
    { 0x04EC, 77 }, // U+04EC
    { 0x04ED, 85 }, // U+04ED
    { 0x04EE, 72 }, // U+04EE
    { 0x04EF, 89 }, // U+04EF
    { 0x04F0, 72 }, // U+04F0
    { 0x04F1, 89 }, // U+04F1
    { 0x04F2, 72 }, // U+04F2
    { 0x04F3, 89 }, // U+04F3
    { 0x04F5, 87 }, // U+04F5
    { 0x04F6, 100 }, // U+04F6
    { 0x04F7, 101 }, // U+04F7
    { 0x04F9, 87 }, // U+04F9
    { 0x04FA, 102 }, // U+04FA
    { 0x04FB, 103 }, // U+04FB
    { 0x04FC, 104 }, // U+04FC
    { 0x04FD, 105 }, // U+04FD
    { 0x04FE, 71 }, // U+04FE
    { 0x04FF, 105 }, // U+04FF
    { 0x1EA0, 7 }, // U+1EA0
    { 0x1EA1, 22 }, // U+1EA1
    { 0x1EA2, 7 }, // U+1EA2
    { 0x1EA3, 22 }, // U+1EA3
    { 0x1EA4, 7 }, // U+1EA4
    { 0x1EA5, 22 }, // U+1EA5
    { 0x1EA6, 7 }, // U+1EA6
    { 0x1EA7, 22 }, // U+1EA7
    { 0x1EA8, 7 }, // U+1EA8
    { 0x1EA9, 22 }, // U+1EA9
    { 0x1EAA, 7 }, // U+1EAA
    { 0x1EAB, 22 }, // U+1EAB
    { 0x1EAC, 7 }, // U+1EAC
    { 0x1EAD, 22 }, // U+1EAD
    { 0x1EAE, 7 }, // U+1EAE
    { 0x1EAF, 22 }, // U+1EAF
    { 0x1EB0, 7 }, // U+1EB0
    { 0x1EB1, 22 }, // U+1EB1
    { 0x1EB2, 7 }, // U+1EB2
    { 0x1EB3, 22 }, // U+1EB3
    { 0x1EB4, 7 }, // U+1EB4
    { 0x1EB5, 22 }, // U+1EB5
    { 0x1EB6, 7 }, // U+1EB6
    { 0x1EB7, 22 }, // U+1EB7
    { 0x1EB8, 11 }, // U+1EB8
    { 0x1EB9, 23 }, // U+1EB9
    { 0x1EBA, 11 }, // U+1EBA
    { 0x1EBB, 23 }, // U+1EBB
    { 0x1EBC, 11 }, // U+1EBC
    { 0x1EBD, 23 }, // U+1EBD
    { 0x1EBE, 11 }, // U+1EBE
    { 0x1EBF, 23 }, // U+1EBF
    { 0x1EC0, 11 }, // U+1EC0
    { 0x1EC1, 23 }, // U+1EC1
    { 0x1EC2, 11 }, // U+1EC2
    { 0x1EC3, 23 }, // U+1EC3
    { 0x1EC4, 11 }, // U+1EC4
    { 0x1EC5, 23 }, // U+1EC5
    { 0x1EC6, 11 }, // U+1EC6
    { 0x1EC7, 23 }, // U+1EC7
    { 0x1ECC, 10 }, // U+1ECC
    { 0x1ECD, 23 }, // U+1ECD
    { 0x1ECE, 10 }, // U+1ECE
    { 0x1ECF, 23 }, // U+1ECF
    { 0x1ED0, 10 }, // U+1ED0
    { 0x1ED1, 23 }, // U+1ED1
    { 0x1ED2, 10 }, // U+1ED2
    { 0x1ED3, 23 }, // U+1ED3
    { 0x1ED4, 10 }, // U+1ED4
    { 0x1ED5, 23 }, // U+1ED5
    { 0x1ED6, 10 }, // U+1ED6
    { 0x1ED7, 23 }, // U+1ED7
    { 0x1ED8, 10 }, // U+1ED8
    { 0x1ED9, 23 }, // U+1ED9
    { 0x1EDA, 39 }, // U+1EDA
    { 0x1EDB, 40 }, // U+1EDB
    { 0x1EDC, 39 }, // U+1EDC
    { 0x1EDD, 40 }, // U+1EDD
    { 0x1EDE, 39 }, // U+1EDE
    { 0x1EDF, 40 }, // U+1EDF
    { 0x1EE0, 39 }, // U+1EE0
    { 0x1EE1, 40 }, // U+1EE1
    { 0x1EE2, 39 }, // U+1EE2
    { 0x1EE3, 40 }, // U+1EE3
    { 0x1EE4, 17 }, // U+1EE4
    { 0x1EE6, 17 }, // U+1EE6
    { 0x1EE8, 41 }, // U+1EE8
    { 0x1EE9, 42 }, // U+1EE9
    { 0x1EEA, 41 }, // U+1EEA
    { 0x1EEB, 42 }, // U+1EEB
    { 0x1EEC, 41 }, // U+1EEC
    { 0x1EED, 42 }, // U+1EED
    { 0x1EEE, 41 }, // U+1EEE
    { 0x1EEF, 42 }, // U+1EEF
    { 0x1EF0, 41 }, // U+1EF0
    { 0x1EF1, 42 }, // U+1EF1
    { 0x1EF2, 19 }, // U+1EF2
    { 0x1EF3, 27 }, // U+1EF3
    { 0x1EF4, 19 }, // U+1EF4
    { 0x1EF5, 27 }, // U+1EF5
    { 0x1EF6, 19 }, // U+1EF6
    { 0x1EF7, 27 }, // U+1EF7
    { 0x1EF8, 19 }, // U+1EF8
    { 0x1EF9, 27 }, // U+1EF9
    { 0x2013, 5 }, // U+2013
    { 0x2014, 5 }, // U+2014
    { 0x2015, 5 }, // U+2015
    { 0x2018, 1 }, // U+2018
    { 0x2019, 1 }, // U+2019
    { 0x201A, 4 }, // U+201A
    { 0x201C, 1 }, // U+201C
    { 0x201D, 1 }, // U+201D
    { 0x201E, 4 }, // U+201E
    { 0x2039, 30 }, // U+2039
    { 0x203A, 31 }, // U+203A
    { 0xFB00, 25 }, // U+FB00
};

static const EpdKernClassEntry notosans_10_regularKernRightClasses[] = {
    { 0x0021, 1 }, // !
    { 0x0022, 2 }, // "
    { 0x0026, 3 }, // &
    { 0x0027, 2 }, // '
    { 0x0029, 4 }, // )
    { 0x002C, 5 }, // ,
    { 0x002D, 6 }, // -
    { 0x002E, 5 }, // .
    { 0x003A, 7 }, // :
    { 0x003B, 7 }, // ;
    { 0x003F, 8 }, // ?
    { 0x0041, 9 }, // A
    { 0x0043, 10 }, // C
    { 0x0047, 10 }, // G
    { 0x0049, 11 }, // I
    { 0x004A, 12 }, // J
    { 0x004F, 10 }, // O
    { 0x0051, 10 }, // Q
    { 0x0054, 13 }, // T
    { 0x0055, 14 }, // U
    { 0x0056, 15 }, // V
    { 0x0057, 15 }, // W
    { 0x0058, 16 }, // X
    { 0x0059, 17 }, // Y
    { 0x005A, 18 }, // Z
    { 0x005D, 4 }, // ]
    { 0x0061, 19 }, // a
    { 0x0062, 20 }, // b
    { 0x0063, 21 }, // c
    { 0x0064, 21 }, // d
    { 0x0065, 21 }, // e
    { 0x0066, 22 }, // f
    { 0x0067, 23 }, // g
    { 0x0068, 20 }, // h
    { 0x006A, 24 }, // j
    { 0x006B, 20 }, // k
    { 0x006C, 20 }, // l
    { 0x006D, 25 }, // m
    { 0x006E, 25 }, // n
    { 0x006F, 21 }, // o
    { 0x0070, 25 }, // p
    { 0x0071, 21 }, // q
    { 0x0072, 25 }, // r
    { 0x0073, 26 }, // s
    { 0x0074, 22 }, // t
    { 0x0075, 25 }, // u
    { 0x0076, 27 }, // v
    { 0x0077, 27 }, // w
    { 0x0078, 27 }, // x
    { 0x0079, 27 }, // y
    { 0x007A, 28 }, // z
    { 0x007D, 4 }, // }
    { 0x00AB, 29 }, // U+00AB
    { 0x00BB, 30 }, // U+00BB
    { 0x00C0, 9 }, // U+00C0
    { 0x00C1, 9 }, // U+00C1
    { 0x00C2, 9 }, // U+00C2
    { 0x00C3, 9 }, // U+00C3
    { 0x00C4, 9 }, // U+00C4
    { 0x00C5, 9 }, // U+00C5
    { 0x00C6, 31 }, // U+00C6
    { 0x00C7, 10 }, // U+00C7
    { 0x00D2, 10 }, // U+00D2
    { 0x00D3, 10 }, // U+00D3
    { 0x00D4, 10 }, // U+00D4
    { 0x00D5, 10 }, // U+00D5
    { 0x00D6, 10 }, // U+00D6
    { 0x00D8, 10 }, // U+00D8
    { 0x00D9, 14 }, // U+00D9
    { 0x00DA, 14 }, // U+00DA
    { 0x00DB, 14 }, // U+00DB
    { 0x00DC, 14 }, // U+00DC
    { 0x00DD, 17 }, // U+00DD
    { 0x00E0, 21 }, // U+00E0
    { 0x00E1, 19 }, // U+00E1
    { 0x00E2, 19 }, // U+00E2
    { 0x00E3, 19 }, // U+00E3
    { 0x00E4, 19 }, // U+00E4
    { 0x00E5, 19 }, // U+00E5
    { 0x00E6, 19 }, // U+00E6
    { 0x00E7, 21 }, // U+00E7
    { 0x00E8, 21 }, // U+00E8
    { 0x00E9, 21 }, // U+00E9
    { 0x00EA, 21 }, // U+00EA
    { 0x00EB, 21 }, // U+00EB
    { 0x00F2, 21 }, // U+00F2
    { 0x00F3, 21 }, // U+00F3
    { 0x00F4, 21 }, // U+00F4
    { 0x00F5, 21 }, // U+00F5
    { 0x00F6, 21 }, // U+00F6
    { 0x00F8, 21 }, // U+00F8
    { 0x00F9, 25 }, // U+00F9
    { 0x00FA, 25 }, // U+00FA
    { 0x00FB, 25 }, // U+00FB
    { 0x00FC, 25 }, // U+00FC
    { 0x00FD, 27 }, // U+00FD
    { 0x00FE, 20 }, // U+00FE
    { 0x00FF, 27 }, // U+00FF
    { 0x0100, 9 }, // U+0100
    { 0x0101, 19 }, // U+0101
    { 0x0102, 9 }, // U+0102
    { 0x0103, 19 }, // U+0103
    { 0x0104, 9 }, // U+0104
    { 0x0105, 19 }, // U+0105
    { 0x0106, 10 }, // U+0106
    { 0x0107, 21 }, // U+0107
    { 0x0108, 10 }, // U+0108
    { 0x0109, 21 }, // U+0109
    { 0x010A, 10 }, // U+010A
    { 0x010B, 21 }, // U+010B
    { 0x010C, 10 }, // U+010C
    { 0x010D, 21 }, // U+010D
    { 0x010F, 21 }, // U+010F
    { 0x0111, 21 }, // U+0111
    { 0x0113, 21 }, // U+0113
    { 0x0115, 21 }, // U+0115
    { 0x0117, 21 }, // U+0117
    { 0x0119, 21 }, // U+0119
    { 0x011B, 21 }, // U+011B
    { 0x011C, 10 }, // U+011C
    { 0x011D, 23 }, // U+011D
    { 0x011E, 10 }, // U+011E
    { 0x011F, 23 }, // U+011F
    { 0x0120, 10 }, // U+0120
    { 0x0121, 23 }, // U+0121
    { 0x0122, 10 }, // U+0122
    { 0x0123, 23 }, // U+0123
    { 0x0125, 20 }, // U+0125
    { 0x0127, 32 }, // U+0127
    { 0x0129, 33 }, // U+0129
    { 0x0137, 20 }, // U+0137
    { 0x0138, 25 }, // U+0138
    { 0x013A, 20 }, // U+013A
    { 0x013C, 20 }, // U+013C
    { 0x013E, 20 }, // U+013E
    { 0x0140, 20 }, // U+0140
    { 0x0144, 25 }, // U+0144
    { 0x0146, 25 }, // U+0146
    { 0x014B, 25 }, // U+014B
    { 0x014C, 10 }, // U+014C
    { 0x014D, 21 }, // U+014D
    { 0x014E, 10 }, // U+014E
    { 0x014F, 21 }, // U+014F
    { 0x0150, 10 }, // U+0150
    { 0x0151, 21 }, // U+0151
    { 0x0152, 10 }, // U+0152
    { 0x0153, 21 }, // U+0153
    { 0x0155, 25 }, // U+0155
    { 0x0157, 25 }, // U+0157
    { 0x015B, 26 }, // U+015B
    { 0x015F, 26 }, // U+015F
    { 0x0162, 13 }, // U+0162
    { 0x0163, 22 }, // U+0163
    { 0x0164, 13 }, // U+0164
    { 0x0165, 22 }, // U+0165
    { 0x0166, 13 }, // U+0166
    { 0x0167, 22 }, // U+0167
    { 0x0168, 14 }, // U+0168
    { 0x0169, 25 }, // U+0169
    { 0x016A, 14 }, // U+016A
    { 0x016B, 25 }, // U+016B
    { 0x016C, 14 }, // U+016C
    { 0x016D, 25 }, // U+016D
    { 0x016E, 14 }, // U+016E
    { 0x016F, 25 }, // U+016F
    { 0x0170, 14 }, // U+0170
    { 0x0171, 25 }, // U+0171
    { 0x0172, 14 }, // U+0172
    { 0x0173, 25 }, // U+0173
    { 0x0174, 15 }, // U+0174
    { 0x0175, 27 }, // U+0175
    { 0x0176, 17 }, // U+0176
    { 0x0177, 27 }, // U+0177
    { 0x0178, 17 }, // U+0178
    { 0x0179, 18 }, // U+0179
    { 0x017A, 28 }, // U+017A
    { 0x017B, 18 }, // U+017B
    { 0x017C, 28 }, // U+017C
    { 0x017D, 18 }, // U+017D
    { 0x017E, 28 }, // U+017E
    { 0x01A0, 10 }, // U+01A0
    { 0x01A1, 21 }, // U+01A1
    { 0x01AF, 14 }, // U+01AF
    { 0x01B0, 25 }, // U+01B0
    { 0x01FA, 9 }, // U+01FA
    { 0x01FB, 19 }, // U+01FB
    { 0x01FC, 31 }, // U+01FC
    { 0x01FD, 19 }, // U+01FD
    { 0x01FE, 10 }, // U+01FE
    { 0x01FF, 21 }, // U+01FF
    { 0x0219, 26 }, // U+0219
    { 0x021A, 13 }, // U+021A
    { 0x021B, 22 }, // U+021B
    { 0x0384, 34 }, // U+0384
    { 0x0386, 34 }, // U+0386
    { 0x038C, 35 }, // U+038C
    { 0x038E, 36 }, // U+038E
    { 0x0390, 37 }, // U+0390
    { 0x0391, 34 }, // U+0391
    { 0x0394, 34 }, // U+0394
    { 0x0396, 38 }, // U+0396
    { 0x0398, 35 }, // U+0398
    { 0x039B, 34 }, // U+039B
    { 0x039F, 35 }, // U+039F
    { 0x03A3, 38 }, // U+03A3
    { 0x03A4, 39 }, // U+03A4
    { 0x03A5, 36 }, // U+03A5
    { 0x03A6, 35 }, // U+03A6
    { 0x03A7, 40 }, // U+03A7
    { 0x03A8, 36 }, // U+03A8
    { 0x03AB, 36 }, // U+03AB
    { 0x03AC, 41 }, // U+03AC
    { 0x03AD, 42 }, // U+03AD
    { 0x03AF, 37 }, // U+03AF
    { 0x03B0, 43 }, // U+03B0
    { 0x03B1, 41 }, // U+03B1
    { 0x03B2, 44 }, // U+03B2
    { 0x03B3, 45 }, // U+03B3
    { 0x03B4, 41 }, // U+03B4
    { 0x03B5, 42 }, // U+03B5
    { 0x03B6, 46 }, // U+03B6
    { 0x03B8, 47 }, // U+03B8
    { 0x03B9, 37 }, // U+03B9
    { 0x03BA, 44 }, // U+03BA
    { 0x03BB, 48 }, // U+03BB
    { 0x03BC, 44 }, // U+03BC
    { 0x03BD, 45 }, // U+03BD
    { 0x03BE, 49 }, // U+03BE
    { 0x03BF, 41 }, // U+03BF
    { 0x03C0, 50 }, // U+03C0
    { 0x03C1, 44 }, // U+03C1
    { 0x03C2, 41 }, // U+03C2
    { 0x03C3, 41 }, // U+03C3
    { 0x03C4, 51 }, // U+03C4
    { 0x03C5, 43 }, // U+03C5
    { 0x03C6, 41 }, // U+03C6
    { 0x03C7, 52 }, // U+03C7
    { 0x03C8, 43 }, // U+03C8
    { 0x03C9, 41 }, // U+03C9
    { 0x03CA, 37 }, // U+03CA
    { 0x03CB, 43 }, // U+03CB
    { 0x03CC, 41 }, // U+03CC
    { 0x03CD, 43 }, // U+03CD
    { 0x03CE, 41 }, // U+03CE
    { 0x03D5, 41 }, // U+03D5
    { 0x0402, 53 }, // U+0402
    { 0x0404, 54 }, // U+0404
    { 0x0405, 55 }, // U+0405
    { 0x0408, 56 }, // U+0408
    { 0x0409, 57 }, // U+0409
    { 0x040B, 53 }, // U+040B
    { 0x040E, 58 }, // U+040E
    { 0x0410, 59 }, // U+0410
    { 0x0414, 60 }, // U+0414
    { 0x0416, 61 }, // U+0416
    { 0x0417, 62 }, // U+0417
    { 0x041B, 57 }, // U+041B
    { 0x041E, 54 }, // U+041E
    { 0x0421, 54 }, // U+0421
    { 0x0422, 53 }, // U+0422
    { 0x0423, 58 }, // U+0423
    { 0x0424, 63 }, // U+0424
    { 0x0425, 61 }, // U+0425
    { 0x0427, 64 }, // U+0427
    { 0x042A, 53 }, // U+042A
    { 0x042D, 62 }, // U+042D
    { 0x042F, 65 }, // U+042F
    { 0x0430, 66 }, // U+0430
    { 0x0431, 67 }, // U+0431
    { 0x0432, 68 }, // U+0432
    { 0x0433, 68 }, // U+0433
    { 0x0434, 69 }, // U+0434
    { 0x0435, 70 }, // U+0435
    { 0x0436, 71 }, // U+0436
    { 0x0437, 72 }, // U+0437
    { 0x0438, 68 }, // U+0438
    { 0x0439, 68 }, // U+0439
    { 0x043A, 68 }, // U+043A
    { 0x043B, 73 }, // U+043B
    { 0x043C, 68 }, // U+043C
    { 0x043D, 68 }, // U+043D
    { 0x043E, 70 }, // U+043E
    { 0x043F, 68 }, // U+043F
    { 0x0440, 68 }, // U+0440
    { 0x0441, 70 }, // U+0441
    { 0x0442, 74 }, // U+0442
    { 0x0443, 75 }, // U+0443
    { 0x0444, 70 }, // U+0444
    { 0x0445, 71 }, // U+0445
    { 0x0446, 68 }, // U+0446
    { 0x0447, 76 }, // U+0447
    { 0x0448, 68 }, // U+0448
    { 0x0449, 68 }, // U+0449
    { 0x044A, 74 }, // U+044A
    { 0x044B, 68 }, // U+044B
    { 0x044C, 68 }, // U+044C
    { 0x044D, 72 }, // U+044D
    { 0x044E, 68 }, // U+044E
    { 0x044F, 77 }, // U+044F
    { 0x0450, 70 }, // U+0450
    { 0x0451, 70 }, // U+0451
    { 0x0452, 78 }, // U+0452
    { 0x0453, 68 }, // U+0453
    { 0x0454, 70 }, // U+0454
    { 0x0455, 79 }, // U+0455
    { 0x0457, 80 }, // U+0457
    { 0x0458, 81 }, // U+0458
    { 0x0459, 73 }, // U+0459
    { 0x045A, 68 }, // U+045A
    { 0x045B, 78 }, // U+045B
    { 0x045C, 68 }, // U+045C
    { 0x045D, 68 }, // U+045D
    { 0x045E, 75 }, // U+045E
    { 0x045F, 68 }, // U+045F
    { 0x0460, 82 }, // U+0460
    { 0x0461, 83 }, // U+0461
    { 0x0462, 84 }, // U+0462
    { 0x0465, 85 }, // U+0465
    { 0x0466, 59 }, // U+0466
    { 0x0467, 69 }, // U+0467
    { 0x0469, 85 }, // U+0469
    { 0x046D, 85 }, // U+046D
    { 0x046E, 62 }, // U+046E
    { 0x0470, 64 }, // U+0470
    { 0x0472, 82 }, // U+0472
    { 0x0473, 66 }, // U+0473
    { 0x0474, 86 }, // U+0474
    { 0x0475, 83 }, // U+0475
    { 0x0476, 86 }, // U+0476
    { 0x0477, 83 }, // U+0477
    { 0x0478, 82 }, // U+0478
    { 0x0479, 66 }, // U+0479
    { 0x047A, 82 }, // U+047A
    { 0x047B, 66 }, // U+047B
    { 0x047C, 82 }, // U+047C
    { 0x047D, 66 }, // U+047D
    { 0x047E, 82 }, // U+047E
    { 0x047F, 83 }, // U+047F
    { 0x0480, 82 }, // U+0480
    { 0x0481, 66 }, // U+0481
    { 0x048B, 85 }, // U+048B
    { 0x048C, 84 }, // U+048C
    { 0x048D, 78 }, // U+048D
    { 0x048F, 85 }, // U+048F
    { 0x0491, 85 }, // U+0491
    { 0x0492, 84 }, // U+0492
    { 0x0495, 85 }, // U+0495
    { 0x0496, 61 }, // U+0496
    { 0x0497, 71 }, // U+0497
    { 0x0498, 62 }, // U+0498
    { 0x0499, 72 }, // U+0499
    { 0x049B, 85 }, // U+049B
    { 0x049D, 85 }, // U+049D
    { 0x049F, 78 }, // U+049F
    { 0x04A0, 87 }, // U+04A0
    { 0x04A1, 74 }, // U+04A1
    { 0x04A3, 85 }, // U+04A3
    { 0x04A5, 85 }, // U+04A5
    { 0x04A7, 85 }, // U+04A7
    { 0x04A8, 82 }, // U+04A8
    { 0x04A9, 66 }, // U+04A9
    { 0x04AA, 82 }, // U+04AA
    { 0x04AB, 66 }, // U+04AB
    { 0x04AC, 53 }, // U+04AC
    { 0x04AD, 74 }, // U+04AD
    { 0x04AE, 88 }, // U+04AE
    { 0x04AF, 89 }, // U+04AF
    { 0x04B0, 88 }, // U+04B0
    { 0x04B1, 89 }, // U+04B1
    { 0x04B2, 61 }, // U+04B2
    { 0x04B3, 71 }, // U+04B3
    { 0x04B4, 87 }, // U+04B4
    { 0x04B5, 74 }, // U+04B5
    { 0x04B6, 64 }, // U+04B6
    { 0x04B7, 76 }, // U+04B7
    { 0x04B8, 64 }, // U+04B8
    { 0x04B9, 76 }, // U+04B9
    { 0x04BB, 85 }, // U+04BB
    { 0x04BC, 90 }, // U+04BC
    { 0x04BD, 91 }, // U+04BD
    { 0x04BE, 90 }, // U+04BE
    { 0x04BF, 91 }, // U+04BF
    { 0x04C1, 61 }, // U+04C1
    { 0x04C2, 71 }, // U+04C2
    { 0x04C4, 85 }, // U+04C4
    { 0x04C5, 92 }, // U+04C5
    { 0x04C6, 69 }, // U+04C6
    { 0x04C8, 85 }, // U+04C8
    { 0x04CA, 85 }, // U+04CA
    { 0x04CB, 64 }, // U+04CB
    { 0x04CC, 76 }, // U+04CC
    { 0x04CE, 85 }, // U+04CE
    { 0x04D0, 59 }, // U+04D0
    { 0x04D1, 93 }, // U+04D1
    { 0x04D2, 59 }, // U+04D2
    { 0x04D3, 93 }, // U+04D3
    { 0x04D4, 59 }, // U+04D4
    { 0x04D5, 93 }, // U+04D5
    { 0x04D7, 66 }, // U+04D7
    { 0x04D8, 94 }, // U+04D8
    { 0x04D9, 93 }, // U+04D9
    { 0x04DA, 94 }, // U+04DA
    { 0x04DB, 93 }, // U+04DB
    { 0x04DC, 61 }, // U+04DC
    { 0x04DD, 71 }, // U+04DD
    { 0x04DE, 62 }, // U+04DE
    { 0x04DF, 72 }, // U+04DF
    { 0x04E3, 68 }, // U+04E3
    { 0x04E5, 68 }, // U+04E5
    { 0x04E6, 82 }, // U+04E6
    { 0x04E7, 66 }, // U+04E7
    { 0x04E8, 82 }, // U+04E8
    { 0x04E9, 66 }, // U+04E9
    { 0x04EA, 82 }, // U+04EA
    { 0x04EB, 66 }, // U+04EB
    { 0x04EC, 62 }, // U+04EC
    { 0x04ED, 72 }, // U+04ED
    { 0x04EE, 58 }, // U+04EE
    { 0x04EF, 75 }, // U+04EF
    { 0x04F0, 58 }, // U+04F0
    { 0x04F1, 75 }, // U+04F1
    { 0x04F2, 58 }, // U+04F2
    { 0x04F3, 75 }, // U+04F3
    { 0x04F4, 64 }, // U+04F4
    { 0x04F5, 76 }, // U+04F5
    { 0x04F7, 85 }, // U+04F7
    { 0x04F9, 68 }, // U+04F9
    { 0x04FA, 84 }, // U+04FA
    { 0x04FC, 61 }, // U+04FC
    { 0x04FD, 71 }, // U+04FD
    { 0x04FE, 61 }, // U+04FE
    { 0x04FF, 71 }, // U+04FF
    { 0x1EA0, 9 }, // U+1EA0
    { 0x1EA1, 19 }, // U+1EA1
    { 0x1EA2, 9 }, // U+1EA2
    { 0x1EA3, 19 }, // U+1EA3
    { 0x1EA4, 9 }, // U+1EA4
    { 0x1EA5, 19 }, // U+1EA5
    { 0x1EA6, 9 }, // U+1EA6
    { 0x1EA7, 19 }, // U+1EA7
    { 0x1EA8, 9 }, // U+1EA8
    { 0x1EA9, 19 }, // U+1EA9
    { 0x1EAA, 9 }, // U+1EAA
    { 0x1EAB, 19 }, // U+1EAB
    { 0x1EAC, 9 }, // U+1EAC
    { 0x1EAD, 19 }, // U+1EAD
    { 0x1EAE, 9 }, // U+1EAE
    { 0x1EAF, 19 }, // U+1EAF
    { 0x1EB0, 9 }, // U+1EB0
    { 0x1EB1, 19 }, // U+1EB1
    { 0x1EB2, 9 }, // U+1EB2
    { 0x1EB3, 19 }, // U+1EB3
    { 0x1EB4, 9 }, // U+1EB4
    { 0x1EB5, 19 }, // U+1EB5
    { 0x1EB6, 9 }, // U+1EB6
    { 0x1EB7, 19 }, // U+1EB7
    { 0x1EB9, 21 }, // U+1EB9
    { 0x1EBB, 21 }, // U+1EBB
    { 0x1EBD, 21 }, // U+1EBD
    { 0x1EBF, 21 }, // U+1EBF
    { 0x1EC1, 21 }, // U+1EC1
    { 0x1EC3, 21 }, // U+1EC3
    { 0x1EC5, 21 }, // U+1EC5
    { 0x1EC7, 21 }, // U+1EC7
    { 0x1ECC, 10 }, // U+1ECC
    { 0x1ECD, 21 }, // U+1ECD
    { 0x1ECE, 10 }, // U+1ECE
    { 0x1ECF, 21 }, // U+1ECF
    { 0x1ED0, 10 }, // U+1ED0
    { 0x1ED1, 21 }, // U+1ED1
    { 0x1ED2, 10 }, // U+1ED2
    { 0x1ED3, 21 }, // U+1ED3
    { 0x1ED4, 10 }, // U+1ED4
    { 0x1ED5, 21 }, // U+1ED5
    { 0x1ED6, 10 }, // U+1ED6
    { 0x1ED7, 21 }, // U+1ED7
    { 0x1ED8, 10 }, // U+1ED8
    { 0x1ED9, 21 }, // U+1ED9
    { 0x1EDA, 10 }, // U+1EDA
    { 0x1EDB, 21 }, // U+1EDB
    { 0x1EDC, 10 }, // U+1EDC
    { 0x1EDD, 21 }, // U+1EDD
    { 0x1EDE, 10 }, // U+1EDE
    { 0x1EDF, 21 }, // U+1EDF
    { 0x1EE0, 10 }, // U+1EE0
    { 0x1EE1, 21 }, // U+1EE1
    { 0x1EE2, 10 }, // U+1EE2
    { 0x1EE3, 21 }, // U+1EE3
    { 0x1EE4, 14 }, // U+1EE4
    { 0x1EE5, 25 }, // U+1EE5
    { 0x1EE6, 14 }, // U+1EE6
    { 0x1EE7, 25 }, // U+1EE7
    { 0x1EE8, 14 }, // U+1EE8
    { 0x1EE9, 25 }, // U+1EE9
    { 0x1EEA, 14 }, // U+1EEA
    { 0x1EEB, 25 }, // U+1EEB
    { 0x1EEC, 14 }, // U+1EEC
    { 0x1EED, 25 }, // U+1EED
    { 0x1EEE, 14 }, // U+1EEE
    { 0x1EEF, 25 }, // U+1EEF
    { 0x1EF0, 14 }, // U+1EF0
    { 0x1EF1, 25 }, // U+1EF1
    { 0x1EF2, 17 }, // U+1EF2
    { 0x1EF4, 17 }, // U+1EF4
    { 0x1EF5, 27 }, // U+1EF5
    { 0x1EF6, 17 }, // U+1EF6
    { 0x1EF7, 27 }, // U+1EF7
    { 0x1EF8, 17 }, // U+1EF8
    { 0x1EF9, 27 }, // U+1EF9
    { 0x2013, 6 }, // U+2013
    { 0x2014, 6 }, // U+2014
    { 0x2015, 6 }, // U+2015
    { 0x2018, 95 }, // U+2018
    { 0x2019, 2 }, // U+2019
    { 0x201A, 5 }, // U+201A
    { 0x201C, 95 }, // U+201C
    { 0x201D, 2 }, // U+201D
    { 0x201E, 5 }, // U+201E
    { 0x2026, 5 }, // U+2026
    { 0x2039, 29 }, // U+2039
    { 0x203A, 30 }, // U+203A
    { 0xFB00, 22 }, // U+FB00
    { 0xFB01, 22 }, // U+FB01
    { 0xFB02, 22 }, // U+FB02
    { 0xFB03, 22 }, // U+FB03
    { 0xFB04, 22 }, // U+FB04
};

static const int8_t notosans_10_regularKernMatrix[] = {
       0,    0,    0,    0,    0,    0,    0,    0,  -23,    0,    0,    0,    7,    0,    7,    0,    3,    0,  -13,    0,  -20,    0,  -10,    0,  -10,  -10,    0,    0,    0,    0,  -27,    0,   23,  -23,    0,    3,  -10,    0,    7,    0,  -20,  -20,  -10,  -10,    0,  -20,    0,    0,  -20,    0,    0,    0,    7,    0,    0,    0,  -10,    7,  -23,  -20,    7,    0,   -3,    0,    0,  -13,    0,    0,  -23,    0,    0,    7,  -17,   10,    7,    0,    0,   10,    0,   10,    0,    0,    0,    0,    0,    0,    7,    0,    0,    0,    0,  -20,   -7,    0,    0,
       0,    0,    0,    0,    0,    0,    0,    0,    0,    0,    0,    0,  -20,    0,   -7,    0,  -10,    0,    0,    0,    0,    0,    0,    0,    0,    0,    0,    0,    0,    0,    0,    0,    0,    0,    0,    0,    0,    0,    0,    0,    0,    0,    0,    0,    0,    0,    0,    0,    0,    0,    0,    0,    0,    0,    0,    0,    0,    0,    0,    0,    0,    0,    0,    0,    0,    0,    0,    0,    0,    0,    0,    0,    0,    0,    0,    0,    0,    0,    0,    0,    0,    0,    0,    0,    0,    0,    0,    0,    0,    0,    0,    0,    0,    0,    0,
       0,    0,    0,    0,    0,    0,    0,    0,    0,    0,    0,   30,    0,    0,    0,    0,    0,    0,    0,    0,    0,    0,    0,   13,    0,    0,    0,    0,    0,    0,    0,    0,    0,    0,    0,    0,    0,    0,    0,    0,    0,    0,    0,    0,    0,    0,    0,    0,    0,    0,    0,    0,    0,    0,    0,   33,    0,    0,    0,    0,    0,    0,  -10,    0,    0,    0,    0,    0,    0,    0,    0,    0,    0,    0,    0,    0,    0,    0,    0,    0,   20,    0,    0,    0,    0,    0,    0,    0,    0,    0,    0,    0,    0,    0,    0,
       0,    0,    0,    0,    0,    0,    0,    0,    0,  -17,    0,    0,  -23,   -7,  -20,    0,  -20,    0,    0,    0,    0,    0,    0,    0,    0,    0,    0,    0,    0,    0,    0,    0,    0,    0,  -17,  -20,    0,    0,  -23,    0,    0,    0,    0,    0,    0,    0,    0,    0,    0,    0,    0,    0,  -17,    0,    0,   20,    0,   -7,    0,    0,    0,    0,  -13,  -27,    0,    0,    0,    0,    0,    0,    0,    0,    0,  -13,    0,  -20,    0,    0,    0,    0,    0,  -17,    0,    0,    0,  -20,  -23,  -20,    0,  -20,    0,    0,    0,    0,    0,
       0,    0,    0,    0,    0,    0,    0,    0,    0,    0,    0,    0,  -13,    0,    0,    0,    0,    0,    0,    0,    0,    0,    0,    0,    0,    0,    0,    0,    0,    0,    0,    0,    0,    0,    0,    0,    0,    0,  -13,    0,    0,    0,    0,    0,    0,    0,    0,    0,    0,    0,    0,    0,  -13,    0,    0,    0,    0,   -7,    0,    0,   -3,    0,    0,    0,    0,    0,    0,    0,    0,    0,   -3,    0,    0,   -7,    0,    0,    0,    0,    0,    0,    0,    0,    0,    0,    0,    0,  -13,    0,    0,    0,    0,    0,    0,    0,    0,
       0,    0,    0,    0,    0,    0,    0,    0,    0,    0,    0,    0,    0,    0,    0,    0,    0,    0,    0,    0,    0,    0,    0,    0,    0,    0,    0,    0,    0,    0,    0,    0,    0,    0,    0,    0,    0,    0,    0,    0,    0,    0,    0,    0,    0,    0,    0,    0,    0,    0,    0,    0,  -10,    0,    0,    0,    0,    0,    0,    0,   -3,    0,   -3,   -3,    0,    0,    0,    0,    0,    0,    0,    0,    0,    0,    0,   -3,    0,    0,    0,    0,    0,    0,    0,    0,    0,    0,    0,    0,    0,    0,    0,    0,    0,    0,    0,
       0,  -23,    0,    0,    0,    0,    0,    0,    0,   -7,    0,   17,  -23,    0,  -13,    0,  -20,    0,    0,    0,    0,    0,    0,    0,    0,    0,    0,    0,    0,    0,    0,    0,    0,    0,    0,    0,    0,    0,    0,    0,    0,    0,    0,    0,    0,    0,    0,    0,    0,    0,    0,    0,    0,    0,    0,    0,    0,    0,    0,    0,    0,    0,    0,    0,    0,    0,    0,    0,    0,    0,    0,    0,    0,    0,    0,    0,    0,    0,    0,    0,    0,    0,    0,    0,    0,    0,    0,    0,    0,    0,    0,    0,    0,    0,    0,
       0,    0,    0,    0,   -3,    0,    0,    0,    0,    0,    0,    0,    0,    0,    0,    0,    0,    0,    0,    0,    0,    0,    0,    0,    0,    0,    0,    0,    0,    0,    0,    0,    0,    0,    0,    0,    0,    0,    0,    0,    0,    0,    0,    0,    0,    0,    0,    0,    0,    0,    0,    0,    0,    0,    0,    0,    0,    0,    0,    0,    0,    0,    0,    0,    0,    0,    0,    0,    0,    0,    0,    0,    0,    0,    0,    0,    0,    0,    0,    0,    0,    0,    0,    0,    0,    0,    0,    0,    0,    0,    0,    0,    0,    0,    0,
       0,    0,    0,    0,    0,    0,    0,    0,    0,   -7,    0,    0,    0,    0,    0,    0,    0,    0,    0,    0,    0,    0,    0,    0,    0,    0,    0,    0,   -7,    0,    0,    0,    0,    0,    0,    0,    0,    0,    0,    0,    0,    0,    0,    0,    0,    0,    0,    0,    0,    0,    0,    0,    0,    0,    0,    0,    0,    0,    0,    0,    0,    0,    0,    0,    0,    0,    0,    0,    0,    0,    0,    0,    0,    0,    0,    0,    0,    0,    0,    0,    0,    0,    0,    0,    0,    0,    0,    0,    0,    0,    0,    0,    0,    0,    0,
       0,    0,    0,    0,  -13,    0,    0,    0,   -7,    0,    0,    0,  -10,    0,   -3,   -7,   -3,   -3,    0,    0,    0,    0,    0,    0,    0,    0,    0,    0,    0,    0,    0,    0,    0,    0,    0,    0,    0,    0,    0,    0,    0,    0,    0,    0,    0,    0,    0,    0,    0,    0,    0,    0,    0,    0,    0,    0,    0,    0,    0,    0,    0,    0,    0,    0,    0,    0,    0,    0,    0,    0,    0,    0,    0,    0,    0,    0,    0,    0,    0,    0,    0,    0,    0,    0,    0,    0,    0,    0,    0,    0,    0,    0,    0,    0,    0,
       0,    0,    0,    0,    0,    0,    0,    0,    0,    0,    0,   20,    0,    0,    0,    0,    0,    0,    0,    0,    0,    0,    0,    0,    0,    0,    0,    0,    0,    0,    0,    0,    0,    0,    0,    0,    0,    0,    0,    0,    0,    0,    0,    0,    0,    0,    0,    0,    0,    0,    0,    0,    0,    0,    0,    0,    0,    0,    0,    0,    0,    0,    0,    0,    0,    0,    0,    0,    0,    0,    0,    0,    0,    0,    0,    0,    0,    0,    0,    0,    0,    0,    0,    0,    0,    0,    0,    0,    0,    0,    0,    0,    0,    0,    0,
       0,    0,    0,    7,  -20,    0,    0,    7,   -7,    0,    0,    0,    0,    0,    0,    0,    0,    0,    0,    0,    0,    0,    0,    0,    0,    0,    0,    0,    0,    0,    0,    0,    0,    0,    0,    0,    0,    0,    0,    0,    0,    0,    0,    0,    0,    0,    0,    0,    0,    0,    0,    0,    0,    0,    0,    0,    0,    0,    0,    0,    0,    0,    0,    0,    0,    0,    0,    0,    0,    0,    0,    0,    0,    0,    0,    0,    0,    0,    0,    0,    0,    0,    0,    0,    0,    0,    0,    0,    0,    0,    0,    0,    0,    0,    0,
       0,  -27,    0,    0,    0,    0,    0,    0,    0,   -7,    0,    0,   -7,   -3,   -7,    0,  -10,    0,    0,    0,    0,    0,    0,    0,    0,    0,    0,    0,    0,    0,    0,    0,    0,    0,    0,    0,    0,    0,    0,    0,    0,    0,    0,    0,    0,    0,    0,    0,    0,    0,    0,    0,    0,    0,    0,    0,    0,    0,    0,    0,    0,    0,    0,    0,    0,    0,    0,    0,    0,    0,    0,    0,    0,    0,    0,    0,    0,    0,    0,    0,    0,    0,    0,    0,    0,    0,    0,    0,    0,    0,    0,    0,    0,    0,    0,
       0,    0,   -3,    0,  -43,    0,    0,    0,  -17,    0,    0,    0,    0,    0,    0,   -7,    0,   -3,    0,    0,    0,    0,    0,    0,    0,    0,    0,    0,   -7,    0,  -10,    0,    0,    0,    0,    0,    0,    0,    0,    0,    0,    0,    0,    0,    0,    0,    0,    0,    0,    0,    0,    0,    0,    0,    0,    0,    0,    0,    0,    0,    0,    0,    0,    0,    0,    0,    0,    0,    0,    0,    0,    0,    0,    0,    0,    0,    0,    0,    0,    0,    0,    0,    0,    0,    0,    0,    0,    0,    0,    0,    0,    0,    0,    0,    0,
       0,    0,    0,    0,    0,    0,    0,    0,    0,    0,    0,    0,    0,    0,    0,    0,    0,    0,    0,    0,    0,    0,    0,    0,    0,    0,    0,    0,   -3,    0,    0,    0,    0,    0,    0,    0,    0,    0,    0,    0,    0,    0,    0,    0,    0,    0,    0,    0,    0,    0,    0,    0,    0,    0,    0,    0,    0,    0,    0,    0,    0,    0,    0,    0,    0,    0,    0,    0,    0,    0,    0,    0,    0,    0,    0,    0,    0,    0,    0,    0,    0,    0,    0,    0,    0,    0,    0,    0,    0,    0,    0,    0,    0,    0,    0,
       0,    0,   -7,    0,  -20,  -13,    0,    7,  -23,   -7,    0,    0,    7,    0,    0,    0,    0,    0,  -27,    0,  -23,    0,  -23,    0,  -17,  -20,   -7,  -13,  -20,  -10,    0,    0,    0,    0,    0,    0,    0,    0,    0,    0,    0,    0,    0,    0,    0,    0,    0,    0,    0,    0,    0,    0,    0,    0,    0,    0,    0,    0,    0,    0,    0,    0,    0,    0,    0,    0,    0,    0,    0,    0,    0,    0,    0,    0,    0,    0,    0,    0,    0,    0,    0,    0,    0,    0,    0,    0,    0,    0,    0,    0,    0,    0,    0,    0,    0,
       0,    0,    0,    0,   -7,    0,    0,    0,   -3,    0,    0,    0,    0,    0,    0,    0,    0,    0,    0,    0,    0,    0,    0,    0,    0,    0,    0,    0,    0,    0,    0,    0,    0,    0,    0,    0,    0,    0,    0,    0,    0,    0,    0,    0,    0,    0,    0,    0,    0,    0,    0,    0,    0,    0,    0,    0,    0,    0,    0,    0,    0,    0,    0,    0,    0,    0,    0,    0,    0,    0,    0,    0,    0,    0,    0,    0,    0,    0,    0,    0,    0,    0,    0,    0,    0,    0,    0,    0,    0,    0,    0,    0,    0,    0,    0,
       0,    0,    0,    0,  -17,    0,    0,    7,  -13,   -3,    0,    0,    0,    0,    0,    0,    0,    0,   -7,    0,   -7,    0,   -3,    0,   -3,   -3,    0,    0,  -10,   -3,    0,    0,    0,    0,    0,    0,    0,    0,    0,    0,    0,    0,    0,    0,    0,    0,    0,    0,    0,    0,    0,    0,    0,    0,    0,    0,    0,    0,    0,    0,    0,    0,    0,    0,    0,    0,    0,    0,    0,    0,    0,    0,    0,    0,    0,    0,    0,    0,    0,    0,    0,    0,    0,    0,    0,    0,    0,    0,    0,    0,    0,    0,    0,    0,    0,
       0,    0,  -10,    0,  -20,    0,    0,    7,  -20,   -7,    0,    0,    0,    0,    0,    0,    0,    0,  -17,    0,  -17,    0,  -17,    0,  -10,  -13,    0,   -7,  -27,  -10,    0,    0,    0,    0,    0,    0,    0,    0,    0,    0,    0,    0,    0,    0,    0,    0,    0,    0,    0,    0,    0,    0,    0,    0,    0,    0,    0,    0,    0,    0,    0,    0,    0,    0,    0,    0,    0,    0,    0,    0,    0,    0,    0,    0,    0,    0,    0,    0,    0,    0,    0,    0,    0,    0,    0,    0,    0,    0,    0,    0,    0,    0,    0,    0,    0,
       0,    0,    0,    0,    0,    0,    0,    0,    0,   -3,    0,    0,    0,    0,    0,    0,    0,    0,    0,    0,    0,    0,    0,    0,    0,    0,    0,    0,   -7,    0,    0,    0,    0,    0,    0,    0,    0,    0,    0,    0,    0,    0,    0,    0,    0,    0,    0,    0,    0,    0,    0,    0,    0,    0,    0,    0,    0,    0,    0,    0,    0,    0,    0,    0,    0,    0,    0,    0,    0,    0,    0,    0,    0,    0,    0,    0,    0,    0,    0,    0,    0,    0,    0,    0,    0,    0,    0,    0,    0,    0,    0,    0,    0,    0,    0,
       0,    0,    0,    0,    0,    0,    0,    0,    0,    0,    0,   32,    0,    0,    0,    0,    0,    0,    0,    0,    0,    0,    0,    0,    0,    0,    0,    0,    0,    0,    0,    0,    0,    0,    0,    0,    0,    0,    0,    0,    0,    0,    0,    0,    0,    0,    0,    0,    0,    0,    0,    0,    0,    0,    0,    0,    0,    0,    0,    0,    0,    0,    0,    0,    0,    0,    0,    0,    0,    0,    0,    0,    0,    0,    0,    0,    0,    0,    0,    0,    0,    0,    0,    0,    0,    0,    0,    0,    0,    0,    0,    0,    0,    0,    0,
       0,   -3,    0,    0,    0,    0,    0,    0,    0,    0,    0,    0,    0,    0,    0,    0,    0,    0,    0,    0,    0,    0,    0,    0,    0,    0,    0,    0,    0,    0,    0,    0,    0,    0,    0,    0,    0,    0,    0,    0,    0,    0,    0,    0,    0,    0,    0,    0,    0,    0,    0,    0,    0,    0,    0,    0,    0,    0,    0,    0,    0,    0,    0,    0,    0,    0,    0,    0,    0,    0,    0,    0,    0,    0,    0,    0,    0,    0,    0,    0,    0,    0,    0,    0,    0,    0,    0,    0,    0,    0,    0,    0,    0,    0,    0,
       0,   -3,    0,    0,    0,    0,    0,    0,    0,    0,    0,    0,    0,    0,    0,    0,    0,    0,    0,    0,    0,    0,    0,    0,    0,    0,   -7,   -3,    0,    0,    0,    0,    0,    0,    0,    0,    0,    0,    0,    0,    0,    0,    0,    0,    0,    0,    0,    0,    0,    0,    0,    0,    0,    0,    0,    0,    0,    0,    0,    0,    0,    0,    0,    0,    0,    0,    0,    0,    0,    0,    0,    0,    0,    0,    0,    0,    0,    0,    0,    0,    0,    0,    0,    0,    0,    0,    0,    0,    0,    0,    0,    0,    0,    0,    0,
       0,    7,    0,    0,    0,    0,    0,    0,    0,    0,    0,    0,    0,    0,    0,    0,    0,    0,    0,    0,    0,    0,    0,    0,    0,    0,    0,    0,    0,    0,    0,    0,    0,    0,    0,    0,    0,    0,    0,    0,    0,    0,    0,    0,    0,    0,    0,    0,    0,    0,    0,    0,    0,    0,    0,    0,    0,    0,    0,    0,    0,    0,    0,    0,    0,    0,    0,    0,    0,    0,    0,    0,    0,    0,    0,    0,    0,    0,    0,    0,    0,    0,    0,    0,    0,    0,    0,    0,    0,    0,    0,    0,    0,    0,    0,
       0,   20,    0,   13,   -7,    0,    0,    0,    0,    0,    0,    0,    0,    0,    0,    0,    0,    0,    0,    0,    0,    0,    0,    0,    0,    0,    0,    0,    0,    0,    0,    0,    0,    0,    0,    0,    0,    0,    0,    0,    0,    0,    0,    0,    0,    0,    0,    0,    0,    0,    0,    0,    0,    0,    0,    0,    0,    0,    0,    0,    0,    0,    0,    0,    0,    0,    0,    0,    0,    0,    0,    0,    0,    0,    0,    0,    0,    0,    0,    0,    0,    0,    0,    0,    0,    0,    0,    0,    0,    0,    0,    0,    0,    0,    0,
       0,   13,    0,    0,  -53,    0,    0,    0,    0,    0,    0,    0,    0,    0,    0,    0,    0,    0,   -7,    0,   -7,    0,   -3,    0,    0,    0,    0,    0,    0,    0,    0,    0,    0,    0,    0,    0,    0,    0,    0,    0,    0,    0,    0,    0,    0,    0,    0,    0,    0,    0,    0,    0,    0,    0,    0,    0,    0,    0,    0,    0,    0,    0,    0,    0,    0,    0,    0,    0,    0,    0,    0,    0,    0,    0,    0,    0,    0,    0,    0,    0,    0,    0,    0,    0,    0,    0,    0,    0,    0,    0,    0,    0,    0,    0,    0,
       0,   13,    0,    0,  -13,    0,    0,    7,    0,    0,    0,    0,    0,    0,    0,    0,    0,    0,    0,    0,    0,    0,    0,    0,    0,    0,    0,    0,    0,    0,    0,    0,    0,    0,    0,    0,    0,    0,    0,    0,    0,    0,    0,    0,    0,    0,    0,    0,    0,    0,    0,    0,    0,    0,    0,    0,    0,    0,    0,    0,    0,    0,    0,    0,    0,    0,    0,    0,    0,    0,    0,    0,    0,    0,    0,    0,    0,    0,    0,    0,    0,    0,    0,    0,    0,    0,    0,    0,    0,    0,    0,    0,    0,    0,    0,
       0,    0,    0,    0,    0,    0,    0,    0,    0,    0,    0,    0,    0,    0,    0,    0,    0,    0,    0,    0,   -7,    0,    0,    0,    0,    0,    0,    0,    0,    0,    0,    0,    0,    0,    0,    0,    0,    0,    0,    0,    0,    0,    0,    0,    0,    0,    0,    0,    0,    0,    0,    0,    0,    0,    0,    0,    0,    0,    0,    0,    0,    0,    0,    0,    0,    0,    0,    0,    0,    0,    0,    0,    0,    0,    0,    0,    0,    0,    0,    0,    0,    0,    0,    0,    0,    0,    0,    0,    0,    0,    0,    0,    0,    0,    0,
       0,    0,    0,    0,    0,    0,    0,    0,    0,    0,    0,   17,   -7,    0,   -3,    0,  -10,    0,    0,    0,    0,    0,    0,    0,    0,    0,    0,    0,    0,    0,    0,    0,    0,    0,    0,    0,    0,    0,    0,    0,    0,    0,    0,    0,    0,    0,    0,    0,    0,    0,    0,    0,    0,    0,    0,    0,    0,    0,    0,    0,    0,    0,    0,    0,    0,    0,    0,    0,    0,    0,    0,    0,    0,    0,    0,    0,    0,    0,    0,    0,    0,    0,    0,    0,    0,    0,    0,    0,    0,    0,    0,    0,    0,    0,    0,
       0,    0,    0,    0,    0,    0,    0,    0,    0,    0,    0,    0,  -10,    0,   -3,    0,  -10,    0,    0,    0,    0,    0,    0,    0,    0,    0,    0,    0,    0,    0,    0,    0,    0,    0,    0,  -10,    0,    0,  -10,    0,    0,    0,    0,    0,    0,    0,    0,    0,    0,    0,    0,    0,  -10,    0,    0,    0,    0,    0,   -3,    0,    0,    0,    0,    0,    0,    0,    0,    0,    0,    0,    0,    0,    0,    0,    0,    0,    0,    0,    0,    0,    0,    0,    0,    0,    0,    0,   -3,    0,    0,    0,    0,    0,    0,    0,    0,
       0,    0,    0,    0,    0,    0,    0,    0,    0,    0,    0,    0,  -20,    0,  -10,   -7,  -27,    0,    0,    0,    0,    0,    0,    0,    0,    0,    0,    0,    0,    0,    0,    0,    0,    0,    0,  -27,    0,    0,  -20,   -7,    0,    0,    0,    0,    0,    0,    0,    0,    0,    0,    0,    0,  -20,    0,    0,    0,    0,   -7,    0,    0,   -7,    0,    0,   -7,    0,    0,    0,    0,    0,    0,    0,    0,    0,    0,    0,    0,    0,    0,    0,    0,    0,    0,    0,    0,    0,    0,  -13,    0,    0,    0,    0,    0,    0,    0,    0,
       0,    0,    0,    0,    0,    0,    0,    0,    0,    0,    0,   33,  -13,    0,  -10,    0,  -13,    0,    0,    0,    0,    0,    0,    0,    0,    0,    0,    0,    0,    0,    0,    0,    0,    0,    0,    0,    0,    0,    0,    0,    0,    0,    0,    0,    0,    0,    0,    0,    0,    0,    0,    0,    0,    0,    0,    0,    0,    0,    0,    0,    0,    0,    0,    0,    0,    0,    0,    0,    0,    0,    0,    0,    0,    0,    0,    0,    0,    0,    0,    0,    0,    0,    0,    0,    0,    0,    0,    0,    0,    0,    0,    0,    0,    0,    0,
       0,    0,    0,   17,    0,    0,    0,    0,    0,    0,    0,    0,    0,    0,    0,    0,    0,    0,    0,    0,    0,    0,    0,    0,    0,    0,    0,    0,    0,    0,    0,    0,    0,    0,    0,    0,    0,    0,    0,    0,    0,    0,    0,    0,    0,    0,    0,    0,    0,    0,    0,    0,    0,    0,    0,    0,    0,    0,    0,    0,    0,    0,    0,    0,    0,    0,    0,    0,    0,    0,    0,    0,    0,    0,    0,    0,    0,    0,    0,    0,    0,    0,    0,    0,    0,    0,    0,    0,    0,    0,    0,    0,    0,    0,    0,
       0,  -23,    0,    0,    0,    0,    0,    0,    0,   -7,    0,   37,  -23,    0,  -13,    0,  -20,    0,    0,    0,    0,    0,    0,    0,    0,    0,    0,    0,    0,    0,    0,    0,    0,    0,    0,    0,    0,    0,    0,    0,    0,    0,    0,    0,    0,    0,    0,    0,    0,    0,    0,    0,    0,    0,    0,    0,    0,    0,    0,    0,    0,    0,    0,    0,    0,    0,    0,    0,    0,    0,    0,    0,    0,    0,    0,    0,    0,    0,    0,    0,    0,    0,    0,    0,    0,    0,    0,    0,    0,    0,    0,    0,    0,    0,    0,
      17,   17,    0,   30,    0,    0,    0,   30,    0,    0,    0,    0,    0,    0,    0,    0,    0,    0,    0,   10,    0,    0,    0,    0,    0,    0,    0,    0,    0,    0,    0,   23,    0,    0,    0,    0,    0,    0,    0,    0,    0,    0,    0,    0,    0,    0,    0,    0,    0,    0,    0,    0,    0,    0,    0,    0,    0,    0,    0,    0,    0,    0,    0,    0,    0,    0,    0,    0,    0,    0,    0,    0,    0,    0,    0,    0,    0,    0,    0,    0,    0,    0,    0,    0,    0,    0,    0,    0,    0,    0,    0,    0,    0,    0,   23,
       0,    0,    0,   17,    0,    0,    0,    0,    0,    0,    0,    0,    0,    0,    0,    0,    0,    0,    0,    0,    0,    0,    0,    0,    0,    0,    0,    0,    0,    0,    0,    0,   43,    0,    0,    0,    0,    0,    0,    0,    0,    0,    0,    0,    0,    0,    0,    0,    0,    0,    0,    0,    0,    0,    0,    0,    0,    0,    0,    0,    0,    0,    0,    0,    0,    0,    0,    0,    0,    0,    0,    0,    0,    0,    0,    0,    0,    0,    0,    0,    0,    0,    0,    0,    0,    0,    0,    0,    0,    0,    0,    0,    0,    0,    0,
       0,    0,    0,    0,    0,    0,    0,    0,    0,    0,    0,   17,    0,    0,    0,    0,    0,    0,    0,    0,    0,    0,    0,    0,    0,    0,    0,    0,    0,    0,    0,    0,    0,    0,    0,    0,    0,    0,    0,    0,    0,    0,    0,    0,    0,    0,    0,    0,    0,    0,    0,    0,    0,    0,    0,    0,    0,    0,    0,    0,    0,    0,    0,    0,    0,    0,    0,    0,    0,    0,    0,    0,    0,    0,    0,    0,    0,    0,    0,    0,    0,    0,    0,    0,    0,    0,    0,    0,    0,    0,    0,    0,    0,    0,    0,
      23,   37,    0,   40,    0,    0,    0,   37,    0,    0,    0,    0,    0,    0,    0,    0,    0,    0,    0,    0,    0,    0,    0,    0,    0,    0,    0,    0,    0,    0,    0,    0,    0,    0,    0,    0,    0,    0,    0,    0,    0,    0,    0,    0,    0,    0,    0,    0,    0,    0,    0,    0,    0,    0,    0,    0,    0,    0,    0,    0,    0,    0,    0,    0,    0,    0,    0,    0,    0,    0,    0,    0,    0,    0,    0,    0,    0,    0,    0,    0,    0,    0,    0,    0,    0,    0,    0,    0,    0,    0,    0,    0,    0,    0,   23,
       0,    0,    0,    0,    0,    0,    0,    0,   -7,    0,    7,    0,   20,    0,   23,   17,   20,    0,    0,    0,    0,    0,    0,    0,    0,    0,    0,    0,    0,    0,    0,    0,    0,    0,    0,    0,    0,    0,    0,    0,    0,    0,    0,    0,    0,    0,    0,    0,    0,    0,    0,    0,    0,    0,    0,    0,    0,    0,    0,    0,    0,    0,    0,    0,    0,    0,    0,    0,    0,    0,    0,    0,    0,    0,    0,    0,    0,    0,    0,    0,    0,    0,    0,    0,    0,    0,    0,    0,    0,    0,    0,    0,    0,    0,    0,
       0,    0,    0,    0,    0,    0,    0,    0,    0,    0,    0,    0,    0,    0,    0,    0,    0,    0,    0,    7,    0,   13,    0,    0,    0,    0,   17,    0,    0,    0,    0,    0,    0,    0,    0,    0,    0,    0,    0,    0,    0,    0,    0,    0,    0,    0,    0,    0,    0,    0,    0,    0,    0,    0,    0,    0,    0,    0,    0,    0,    0,    0,    0,    0,    0,    0,    0,    0,    0,    0,    0,    0,    0,    0,    0,    0,    0,    0,    0,    0,    0,    0,    0,    0,    0,    0,    0,    0,    0,    0,    0,    0,    0,    0,    0,
       0,    0,    0,    0,    0,    0,    0,    0,  -10,   -3,    7,    0,   23,    0,   23,   17,   20,    0,  -10,    0,   -7,    0,   -7,    0,    0,    0,    0,    0,    0,    0,    0,    0,    0,    0,    0,    0,    0,    0,    0,    0,    0,    0,    0,    0,    0,    0,    0,    0,    0,    0,    0,    0,    0,    0,    0,    0,    0,    0,    0,    0,    0,    0,    0,    0,    0,    0,    0,    0,    0,    0,    0,    0,    0,    0,    0,    0,    0,    0,    0,    0,    0,    0,    0,    0,    0,    0,    0,    0,    0,    0,    0,    0,    0,    0,    0,
       0,    0,    0,    0,    0,    0,    0,    0,    0,    0,    0,    0,    0,    0,    0,    0,    0,    0,    0,    7,    0,   17,    0,    0,    0,    0,   17,    0,    0,    0,    0,    0,    0,    0,    0,    0,    0,    0,    0,    0,    0,    0,    0,    0,    0,    0,    0,    0,    0,    0,    0,    0,    0,    0,    0,    0,    0,    0,    0,    0,    0,    0,    0,    0,    0,    0,    0,    0,    0,    0,    0,    0,    0,    0,    0,    0,    0,    0,    0,    0,    0,    0,    0,    0,    0,    0,    0,    0,    0,    0,    0,    0,    0,    0,    0,
       0,  -23,    0,    0,    0,    0,    0,    0,    0,    0,    0,    0,    0,    0,    0,    0,    0,    0,    0,    0,    0,    0,    0,    0,    0,    0,    0,    0,    0,    0,    0,    0,    0,    0,   -7,  -20,    0,    0,  -23,    0,    0,    0,    0,    0,    0,    0,    0,    0,    0,    0,    0,    0,    0,    0,    0,    0,    0,    0,    0,    0,    0,    0,    0,    0,    0,    0,    0,    0,    0,    0,    0,    0,    0,    0,    0,    0,    0,    0,    0,    0,    0,    0,    0,    0,    0,    0,    0,    0,    0,    0,    0,    0,    0,    0,    0,
       0,    0,    0,    0,  -13,    0,    0,    0,    0,    0,    0,    0,    0,    0,    0,    0,    0,    0,    0,    0,    0,    0,    0,    0,    0,    0,    0,    0,    0,    0,    0,    0,    0,   -7,    0,   -3,    0,   -3,  -10,   -7,    0,    0,    0,    0,    0,    0,    0,    0,    0,    0,    0,    0,    0,    0,    0,    0,    0,    0,    0,    0,    0,    0,    0,    0,    0,    0,    0,    0,    0,    0,    0,    0,    0,    0,    0,    0,    0,    0,    0,    0,    0,    0,    0,    0,    0,    0,    0,    0,    0,    0,    0,    0,    0,    0,    0,
       0,    0,    0,    0,  -20,    0,    0,    0,    0,    0,    0,    0,    0,    0,    0,    0,    0,    0,    0,    0,    0,    0,    0,    0,    0,    0,    0,    0,  -27,  -10,    0,    0,    0,  -20,   -7,    0,  -10,    0,    0,    0,  -17,  -17,  -10,  -10,    0,  -17,    0,    0,  -17,    0,    0,    0,    0,    0,    0,    0,    0,    0,    0,    0,    0,    0,    0,    0,    0,    0,    0,    0,    0,    0,    0,    0,    0,    0,    0,    0,    0,    0,    0,    0,    0,    0,    0,    0,    0,    0,    0,    0,    0,    0,    0,    0,    0,    0,    0,
       0,   13,    0,    0,   -7,    0,    0,    0,    0,    0,    0,    0,    0,    0,    0,    0,    0,    0,    0,    0,    0,    0,    0,    0,    0,    0,    0,    0,    0,    0,    0,    0,    0,    0,    0,    0,    0,    0,    0,    0,   -7,   -7,   -3,    0,   -7,   -7,   -7,    0,   -7,   -7,   -7,   -7,    0,    0,    0,    0,    0,    0,    0,    0,    0,    0,    0,    0,    0,    0,    0,    0,    0,    0,    0,    0,    0,    0,    0,    0,    0,    0,    0,    0,    0,    0,    0,    0,    0,    0,    0,    0,    0,    0,    0,    0,    0,    0,    0,
       0,    0,    0,    0,  -27,  -13,    0,    0,    0,    0,    0,    0,    0,    0,    0,    0,    0,    0,    0,    0,    0,    0,    0,    0,    0,    0,    0,    0,  -20,  -10,    0,    0,    0,  -23,   -7,    0,  -17,    0,    7,    0,  -23,  -23,  -17,  -17,   -7,  -23,    0,   -7,  -23,    0,    0,   -7,    0,    0,    0,    0,    0,    0,    0,    0,    0,    0,    0,    0,    0,    0,    0,    0,    0,    0,    0,    0,    0,    0,    0,    0,    0,    0,    0,    0,    0,    0,    0,    0,    0,    0,    0,    0,    0,    0,    0,    0,    0,    0,    0,
       0,    0,    0,    0,    0,    0,    0,    0,    0,    0,    0,    0,    0,    0,    0,    0,    0,    0,    0,    0,    0,    0,    0,    0,    0,    0,    0,    0,   -7,    0,    0,    0,    0,    0,   -3,    0,    0,    0,    0,    0,    0,    0,    0,    0,    0,    0,    0,    0,    0,    0,    0,    0,    0,    0,    0,    0,    0,    0,    0,    0,    0,    0,    0,    0,    0,    0,    0,    0,    0,    0,    0,    0,    0,    0,    0,    0,    0,    0,    0,    0,    0,    0,    0,    0,    0,    0,    0,    0,    0,    0,    0,    0,    0,    0,    0,
       0,    0,    0,    0,    0,    0,    0,    0,    0,    0,    0,    0,    0,    0,    0,    0,    0,    0,    0,    0,    0,    0,    0,    0,    0,    0,    0,    0,   -7,    0,    0,    0,    0,    0,   -7,    0,    0,    0,    0,    0,    0,    0,    0,    0,    0,    0,    0,    0,    0,    0,    0,    0,    0,    0,    0,    0,    0,    0,    0,    0,    0,    0,    0,    0,    0,    0,    0,    0,    0,    0,    0,    0,    0,    0,    0,    0,    0,    0,    0,    0,    0,    0,    0,    0,    0,    0,    0,    0,    0,    0,    0,    0,    0,    0,    0,
       0,    0,    0,    0,  -20,  -13,    0,    0,    0,    0,    0,    0,    0,    0,    0,    0,    0,    0,    0,    0,    0,    0,    0,    0,    0,    0,    0,    0,  -20,  -10,    0,    0,    0,  -23,   -7,    0,  -17,    0,    7,    0,  -23,  -23,  -17,  -17,   -7,  -23,    0,   -7,  -23,    0,    0,   -7,    0,    0,    0,    0,    0,    0,    0,    0,    0,    0,    0,    0,    0,    0,    0,    0,    0,    0,    0,    0,    0,    0,    0,    0,    0,    0,    0,    0,    0,    0,    0,    0,    0,    0,    0,    0,    0,    0,    0,    0,    0,    0,    0,
       0,   13,    0,    0,   -7,    0,    0,    0,    0,    0,    0,    0,    0,    0,    0,    0,    0,    0,    0,    0,    0,    0,    0,    0,    0,    0,    0,    0,    0,    0,    0,    0,    0,    0,    0,    0,    0,    0,    0,    0,   -3,   -7,   -3,    0,   -2,   -7,   -3,    0,   -7,   -3,   -3,   -3,    0,    0,    0,    0,    0,    0,    0,    0,    0,    0,    0,    0,    0,    0,    0,    0,    0,    0,    0,    0,    0,    0,    0,    0,    0,    0,    0,    0,    0,    0,    0,    0,    0,    0,    0,    0,    0,    0,    0,    0,    0,    0,    0,
       0,    7,    0,    0,    0,    0,    0,    0,    0,    0,    0,    0,    0,    0,    0,    0,    0,    0,    0,    0,    0,    0,    0,    0,    0,    0,    0,    0,    0,    0,    0,    0,    0,    0,    0,    0,    0,    0,    0,    0,   -3,    0,    0,    0,    0,    0,    0,    0,    0,    0,    0,    0,    0,    0,    0,    0,    0,    0,    0,    0,    0,    0,    0,    0,    0,    0,    0,    0,    0,    0,    0,    0,    0,    0,    0,    0,    0,    0,    0,    0,    0,    0,    0,    0,    0,    0,    0,    0,    0,    0,    0,    0,    0,    0,    0,
       0,   -3,    0,    0,    0,    0,    0,    0,    0,    0,    0,    0,    0,    0,    0,    0,    0,    0,    0,    0,    0,    0,    0,    0,    0,    0,    0,    0,    0,    0,    0,    0,    0,    0,    0,    0,    0,    0,    0,    0,    0,    0,    0,    0,   -2,    0,    0,    0,    0,   -3,    0,    0,    0,    0,    0,    0,    0,    0,    0,    0,    0,    0,    0,    0,    0,    0,    0,    0,    0,    0,    0,    0,    0,    0,    0,    0,    0,    0,    0,    0,    0,    0,    0,    0,    0,    0,    0,    0,    0,    0,    0,    0,    0,    0,    0,
       0,   -3,    0,    0,    0,    0,    0,    0,    0,    0,    0,    0,    0,    0,    0,    0,    0,    0,    0,    0,    0,    0,    0,    0,    0,    0,    0,    0,    0,    0,    0,    0,    0,    0,    0,    0,    0,    0,    0,    0,    0,    0,    0,    0,   -7,    0,    0,  -10,    0,   -3,   -3,   -7,    0,    0,    0,    0,    0,    0,    0,    0,    0,    0,    0,    0,    0,    0,    0,    0,    0,    0,    0,    0,    0,    0,    0,    0,    0,    0,    0,    0,    0,    0,    0,    0,    0,    0,    0,    0,    0,    0,    0,    0,    0,    0,    0,
       0,   -3,    0,    0,    0,    0,    0,    0,    0,    0,    0,    0,    0,    0,    0,    0,    0,    0,    0,    0,    0,    0,    0,    0,    0,    0,    0,    0,    0,    0,    0,    0,    0,    0,    0,    0,    0,    0,    0,    0,    0,    0,    0,    0,   -7,    0,    0,   -7,    0,    0,    0,   -7,    0,    0,    0,    0,    0,    0,    0,    0,    0,    0,    0,    0,    0,    0,    0,    0,    0,    0,    0,    0,    0,    0,    0,    0,    0,    0,    0,    0,    0,    0,    0,    0,    0,    0,    0,    0,    0,    0,    0,    0,    0,    0,    0,
       0,   13,    0,    0,  -13,    0,    0,    0,    0,    0,    0,    0,    0,    0,    0,    0,    0,    0,    0,    0,    0,    0,    0,    0,    0,    0,    0,    0,    0,    0,    0,    0,    0,    0,    0,    0,    0,    0,    0,    0,   -3,    0,    0,    0,    0,    0,    0,   -3,    0,    0,    0,    0,    0,    0,    0,    0,    0,    0,    0,    0,    0,    0,    0,    0,    0,    0,    0,    0,    0,    0,    0,    0,    0,    0,    0,    0,    0,    0,    0,    0,    0,    0,    0,    0,    0,    0,    0,    0,    0,    0,    0,    0,    0,    0,    0,
       0,   -3,    0,    0,    0,    0,    0,    0,    0,    0,    0,    0,    0,    0,    0,    0,    0,    0,    0,    0,    0,    0,    0,    0,    0,    0,    0,    0,    0,    0,    0,    0,    0,    0,    0,    0,    0,    0,    0,    0,    0,    0,    0,    0,   -7,    0,    0,   -7,    0,   -3,   -3,   -7,    0,    0,    0,    0,    0,    0,    0,    0,    0,    0,    0,    0,    0,    0,    0,    0,    0,    0,    0,    0,    0,    0,    0,    0,    0,    0,    0,    0,    0,    0,    0,    0,    0,    0,    0,    0,    0,    0,    0,    0,    0,    0,    0,
       0,    7,    0,    0,    0,    0,    0,    0,    0,    0,    0,    0,    0,    0,    0,    0,    0,    0,    0,    0,    0,    0,    0,    0,    0,    0,    0,    0,    0,    0,    0,    0,    0,    0,    0,    0,    0,    0,    0,    0,   -8,   -3,    0,    0,    0,    0,    0,    0,    0,    0,   -3,    0,    0,    0,    0,    0,    0,    0,    0,    0,    0,    0,    0,    0,    0,    0,    0,    0,    0,    0,    0,    0,    0,    0,    0,    0,    0,    0,    0,    0,    0,    0,    0,    0,    0,    0,    0,    0,    0,    0,    0,    0,    0,    0,    0,
       0,    0,    0,    0,    0,    0,    0,    0,    0,    0,    0,    0,    0,    0,    0,    0,    0,    0,    0,    0,    0,    0,    0,    0,    0,    0,    0,    0,    0,    0,    0,    0,    0,    0,    0,    0,    0,    0,    0,    0,    0,   -3,    0,    0,    0,    0,    0,   -7,    0,    0,    0,    0,    0,    0,    0,    0,    0,    0,    0,    0,    0,    0,    0,    0,    0,    0,    0,    0,    0,    0,    0,    0,    0,    0,    0,    0,    0,    0,    0,    0,    0,    0,    0,    0,    0,    0,    0,    0,    0,    0,    0,    0,    0,    0,    0,
       0,   13,    0,    0,   -7,    0,    0,    0,    0,    0,    0,    0,    0,    0,    0,    0,    0,    0,    0,    0,    0,    0,    0,    0,    0,    0,    0,    0,    0,    0,    0,    0,    0,    0,    0,    0,    0,    0,    0,    0,   -3,    0,    0,    0,   -7,    0,   -7,    0,   -3,   -3,   -7,  -17,    0,    0,    0,    0,    0,    0,    0,    0,    0,    0,    0,    0,    0,    0,    0,    0,    0,    0,    0,    0,    0,    0,    0,    0,    0,    0,    0,    0,    0,    0,    0,    0,    0,    0,    0,    0,    0,    0,    0,    0,    0,    0,    0,
       0,    7,    0,    0,    0,    0,    0,    0,    0,    0,    0,    0,    0,    0,    0,    0,    0,    0,    0,    0,    0,    0,    0,    0,    0,    0,    0,    0,    0,    0,    0,    0,    0,    0,    0,    0,   -3,    0,    0,    0,   -3,    0,   -7,    0,    0,    0,    0,    0,    0,    0,    0,    0,    0,    0,    0,    0,    0,    0,    0,    0,    0,    0,    0,    0,    0,    0,    0,    0,    0,    0,    0,    0,    0,    0,    0,    0,    0,    0,    0,    0,    0,    0,    0,    0,    0,    0,    0,    0,    0,    0,    0,    0,    0,    0,    0,
       0,   13,    0,    0,  -13,    0,    0,    0,    0,    0,    0,    0,    0,    0,    0,    0,    0,    0,    0,    0,    0,    0,    0,    0,    0,    0,    0,    0,    0,    0,    0,    0,    0,    0,    0,    0,    0,    0,    0,    0,   -7,   -7,    0,    0,    0,   -7,    0,    0,   -7,    0,    0,    0,    0,    0,    0,    0,    0,    0,    0,    0,    0,    0,    0,    0,    0,    0,    0,    0,    0,    0,    0,    0,    0,    0,    0,    0,    0,    0,    0,    0,    0,    0,    0,    0,    0,    0,    0,    0,    0,    0,    0,    0,    0,    0,    0,
       0,   13,    0,    0,   -7,    0,    0,    0,    0,    0,    0,    0,    0,    0,    0,    0,    0,    0,    0,    0,    0,    0,    0,    0,    0,    0,    0,    0,    0,    0,    0,    0,    0,    0,    0,    0,    0,    0,    0,    0,   -7,   -7,    0,    0,    0,   -7,    0,    0,   -7,    0,    0,    0,    0,    0,    0,    0,    0,    0,    0,    0,    0,    0,    0,    0,    0,    0,    0,    0,    0,    0,    0,    0,    0,    0,    0,    0,    0,    0,    0,    0,    0,    0,    0,    0,    0,    0,    0,    0,    0,    0,    0,    0,    0,    0,    0,
       0,   13,    0,    0,    0,    0,    0,    0,    0,    0,    0,    0,    0,    0,    0,    0,    0,    0,    0,    0,    0,    0,    0,    0,    0,    0,    0,    0,    0,    0,    0,    0,    0,    0,    0,    0,    0,    0,    0,    0,  -10,   -7,   -3,    0,    0,    0,    0,  -11,    0,    0,    0,    0,    0,    0,    0,    0,    0,    0,    0,    0,    0,    0,    0,    0,    0,    0,    0,    0,    0,    0,    0,    0,    0,    0,    0,    0,    0,    0,    0,    0,    0,    0,    0,    0,    0,    0,    0,    0,    0,    0,    0,    0,    0,    0,    0,
       0,    0,    0,    0,    0,    0,    0,    0,    0,    0,    0,    0,    0,    0,    0,    0,    0,    0,    0,    0,    0,    0,    0,    0,    0,    0,    0,    0,    0,    0,    0,    0,    0,    0,    0,    0,    0,    0,    0,    0,    0,    0,    0,    0,    0,    0,    0,    0,    0,    0,    0,    0,    0,    0,    0,   17,    0,    0,    0,    0,    0,    0,    0,    0,    0,    0,    0,    0,    0,    0,    0,    0,    0,    0,    0,    0,    0,    0,    0,    0,    0,    0,    0,    0,    0,    0,    0,    0,    0,    0,    0,    0,    0,    0,    0,
       0,  -23,    0,    0,    0,    0,    0,    0,    0,    0,    0,    0,    0,    0,    0,    0,    0,    0,    0,    0,    0,    0,    0,    0,    0,    0,    0,    0,    0,    0,    0,    0,    0,    0,    0,    0,    0,    0,    0,    0,    0,    0,    0,    0,    0,    0,    0,    0,    0,    0,    0,    0,  -17,    0,    0,    0,    0,   -7,    0,    0,    0,    0,    0,  -10,    0,    0,    0,    0,    0,    0,    0,    0,    0,   -7,   -7,   -7,    0,    0,    0,    0,    0,    0,    0,   -7,    0,  -13,  -20,  -17,   -7,    0,    0,    0,    0,    0,  -10,
       0,    7,    0,    0,  -17,  -13,  -10,    0,    0,    0,    0,    0,    0,    0,    0,    0,    0,    0,    0,    0,    0,    0,    0,    0,    0,    0,    0,    0,    0,  -10,    0,    0,    0,    0,    0,    0,    0,    0,    0,    0,    0,    0,    0,    0,    0,    0,    0,    0,    0,    0,    0,    0,    7,   -7,    0,    0,   -8,    0,  -23,   -8,    0,    0,  -12,    0,    0,  -13,   -7,  -10,  -13,  -13,   -3,   -3,  -10,   -3,   -7,  -10,  -13,    0,   -7,    0,    0,    0,    0,    0,    0,    0,    3,    0,    0,    0,    0,    0,    0,    0,    0,
       0,    0,    0,    0,    0,    0,    0,    0,    0,    0,    0,    0,    0,    0,    0,    0,    0,    0,    0,    0,    0,    0,    0,    0,    0,    0,    0,    0,   -7,    0,    0,    0,    0,    0,    0,    0,    0,    0,    0,    0,    0,    0,    0,    0,    0,    0,    0,    0,    0,    0,    0,    0,    0,   -7,    0,    0,    0,    0,    0,    0,    0,    0,  -10,    0,    0,    0,    0,    0,    0,    0,    0,    0,    0,    0,    0,   -7,    0,    0,    0,    0,    0,   -7,    0,    0,    0,    0,    0,    0,    0,   -7,    0,    0,    0,    0,    0,
       0,    0,    0,    0,   -7,    0,    0,    0,    0,    0,    0,    0,    0,    0,    0,    0,    0,    0,    0,    0,    0,    0,    0,    0,    0,    0,    0,    0,    0,    0,    0,    0,    0,    0,    0,    0,    0,    0,    0,    0,    0,    0,    0,    0,    0,    0,    0,    0,    0,    0,    0,    0,    0,    0,    0,    0,    0,    0,    0,    0,    0,    0,   -3,    0,    0,    0,    0,    0,    0,    0,    0,    0,    0,    0,    0,    0,    0,    0,    0,    0,    0,    0,    0,    0,    0,    0,    0,    0,    0,    0,    0,    0,    0,    0,    0,
       0,  -30,    0,    0,   -3,    0,    0,    0,    0,    0,    0,    0,    0,    0,    0,    0,    0,    0,    0,    0,    0,    0,    0,    0,    0,    0,    0,    0,    0,    0,    0,    0,    0,    0,    0,    0,    0,    0,    0,    0,    0,    0,    0,    0,    0,    0,    0,    0,    0,    0,    0,    0,  -20,    0,    0,    0,    0,   -7,    0,    0,    0,    0,    0,  -10,    0,    0,    0,    0,    0,    0,   -7,    0,    0,   -7,   -7,    0,   -7,    0,    0,    0,    0,    0,    0,    0,    0,    0,  -10,    0,    0,    0,    0,    0,    0,    0,  -20,
       0,    7,    0,    0,    0,   -3,   -3,    0,    0,    0,    0,    0,    0,    0,    0,    0,    0,    0,    0,    0,    0,    0,    0,    0,    0,    0,    0,    0,   -7,    0,    0,    0,    0,    0,    0,    0,    0,    0,    0,    0,    0,    0,    0,    0,    0,    0,    0,    0,    0,    0,    0,    0,    0,   -7,    0,    0,    0,    0,    0,    0,    0,    0,  -13,   -3,    0,   -3,   -7,    0,    0,   -7,    0,    0,    0,   -3,   -3,   -7,    0,    0,    0,    0,    0,   -7,    0,    0,    0,    0,    0,    0,    0,  -17,    0,    0,    0,    0,    0,
       0,    7,    0,    0,  -23,   -7,   -3,    0,    0,    0,    0,    0,    0,    0,    0,    0,    0,    0,    0,    0,    0,    0,    0,    0,    0,    0,    0,    0,  -17,   -7,    0,    0,    0,    0,    0,    0,    0,    0,    0,    0,    0,    0,    0,    0,    0,    0,    0,    0,    0,    0,    0,    0,    0,  -13,   -7,    0,  -30,    0,  -40,  -33,    0,    0,  -10,    0,  -10,  -17,  -13,   -3,  -33,  -20,  -10,   -7,  -17,    0,    0,   -7,  -17,   17,  -10,    0,    0,   -3,    0,    0,    0,    0,    0,    0,    0,   -7,  -10,  -17,    0,    0,    0,
       0,  -23,    0,    0,    0,    0,    0,    0,    0,    0,    0,    0,    0,    0,    0,    0,    0,    0,    0,    0,    0,    0,    0,    0,    0,    0,    0,    0,    0,   -3,    0,    0,    0,    0,    0,    0,    0,    0,    0,    0,    0,    0,    0,    0,    0,    0,    0,    0,    0,    0,    0,    0,  -23,   -7,    0,   17,    0,  -10,    0,    0,    0,    0,  -12,  -20,    0,    0,    0,    0,    0,   -3,    0,    0,    0,  -10,   -7,  -10,    0,    0,    0,    0,    0,    0,    0,   -7,    0,  -13,  -17,  -20,    0,  -17,    0,    0,    0,   -3,  -13,
       0,    0,    0,    0,    0,    0,    0,    0,    0,    0,    0,    0,    0,    0,    0,    0,    0,    0,    0,    0,    0,    0,    0,    0,    0,    0,    0,    0,    0,    0,    0,    0,    0,    0,    0,    0,    0,    0,    0,    0,    0,    0,    0,    0,    0,    0,    0,    0,    0,    0,    0,    0,    0,    0,    0,    0,    0,    0,    0,    0,    0,    0,    0,    0,    0,    0,    0,    0,    0,    0,   -3,    0,    0,    0,   -3,    0,    0,    0,    0,    0,    0,    0,    0,    0,    0,    0,    0,    0,    0,    0,    0,    0,    0,    0,    0,
       0,    0,    0,   -8,    0,    0,    0,    0,    0,    0,    0,    0,    0,    0,    0,    0,    0,    0,    0,    0,    0,    0,    0,    0,    0,    0,    0,    0,    0,    0,    0,    0,    0,    0,    0,    0,    0,    0,    0,    0,    0,    0,    0,    0,    0,    0,    0,    0,    0,    0,    0,    0,    0,    0,    0,    0,    0,    0,    0,    0,    0,    0,    0,    0,    0,    0,    0,    0,    0,    0,   -3,    0,    0,    0,    0,   -5,   -3,    0,    0,    0,    0,    0,    0,    0,    0,    0,    0,    0,    0,    0,    0,    0,    0,    0,    0,
       0,    0,    0,    0,   10,    0,    0,    0,    0,    0,    0,    0,    0,    0,    0,    0,    0,    0,    0,    0,    0,    0,    0,    0,    0,    0,    0,    0,    0,    0,    0,    0,    0,    0,    0,    0,    0,    0,    0,    0,    0,    0,    0,    0,    0,    0,    0,    0,    0,    0,    0,    0,    0,    0,    0,   30,   10,    0,    0,   13,    0,    0,   -3,   -8,    0,    0,    0,    0,   10,    0,    0,    0,   10,   -3,   10,   -7,    0,    0,    0,    0,   23,    0,    0,    0,    0,    0,    0,    0,    0,    0,    0,    0,    0,    0,    0,
       0,    0,    0,    0,  -13,    0,    0,    0,    0,    0,    0,    0,    0,    0,    0,    0,    0,    0,    0,    0,    0,    0,    0,    0,    0,    0,    0,    0,    0,    0,    0,    0,    0,    0,    0,    0,    0,    0,    0,    0,    0,    0,    0,    0,    0,    0,    0,    0,    0,    0,    0,    0,   -7,    0,    0,    0,   -3,  -13,   -7,   -3,   -7,   -3,    0,    0,    0,    0,    0,    0,   -3,    0,   -5,    0,   -3,    0,    0,    0,   -3,    0,    0,    0,    0,    0,    0,    0,    0,   -3,   -3,   -3,    0,    0,    0,   -7,    0,    0,    0,
       0,    0,    0,    0,  -43,   -3,   -3,    0,    0,    0,    0,    0,    0,    0,    0,    0,    0,    0,    0,    0,    0,    0,    0,    0,    0,    0,    0,    0,   -7,   -3,    0,    0,    0,    0,    0,    0,    0,    0,    0,    0,    0,    0,    0,    0,    0,    0,    0,    0,    0,    0,    0,    0,    0,    0,    0,    0,  -20,   -7,  -17,  -20,   -7,    0,   -3,    0,    0,   -8,    0,    0,  -17,   -3,    0,    0,  -13,    0,    0,    0,   -3,    0,    0,    0,    0,    0,    0,    0,    0,    0,    0,    0,    0,    0,    0,  -20,    0,    0,    0,
       0,   -3,    0,  -10,  -13,    0,   -3,    0,    0,    0,    0,    0,    0,    0,    0,    0,    0,    0,    0,    0,    0,    0,    0,    0,    0,    0,    0,    0,    0,    0,    0,    0,    0,    0,    0,    0,    0,    0,    0,    0,    0,    0,    0,    0,    0,    0,    0,    0,    0,    0,    0,    0,  -12,    0,   -3,    0,   -8,  -10,  -12,  -10,  -13,  -10,    0,    0,   -3,    0,    0,    0,   -8,    0,   -5,    0,   -5,    0,    0,    0,   -3,    0,    0,    0,    0,    0,    0,    0,    0,    0,   -7,    0,    0,    0,    0,    0,    0,    0,    0,
       0,   -3,    0,    0,    0,    0,    0,    0,    0,    0,    0,    0,    0,    0,    0,    0,    0,    0,    0,    0,    0,    0,    0,    0,    0,    0,    0,    0,    0,    0,    0,    0,    0,    0,    0,    0,    0,    0,    0,    0,    0,    0,    0,    0,    0,    0,    0,    0,    0,    0,    0,    0,  -13,    0,    0,    0,    0,  -13,    0,    0,    0,    0,    0,    0,    0,    0,    0,    0,    0,    0,   -7,    0,    0,   -3,   -3,    0,    0,    0,    0,    0,    0,    0,    0,    0,    0,    0,    0,    0,    0,    0,    0,    0,    0,    0,    0,
       0,    0,    0,    0,    0,    0,    0,    0,    0,    0,    0,    0,    0,    0,    0,    0,    0,    0,    0,    0,    0,    0,    0,    0,    0,    0,    0,    0,    0,    0,    0,    0,    0,    0,    0,    0,    0,    0,    0,    0,    0,    0,    0,    0,    0,    0,    0,    0,    0,    0,    0,    0,  -20,    0,    0,    0,    0,  -13,   -3,    0,  -10,    0,    0,    0,   -7,    0,    0,    0,   -3,    0,   -7,    0,    0,   -3,  -10,   -3,   -3,    0,    0,    0,    0,    0,    0,    0,    0,    0,    0,    0,    0,    0,    0,    0,    0,    0,    0,
       0,    0,    0,   -3,    0,    0,    0,    0,    0,    0,    0,    0,    0,    0,    0,    0,    0,    0,    0,    0,    0,    0,    0,    0,    0,    0,    0,    0,    0,    0,    0,    0,    0,    0,    0,    0,    0,    0,    0,    0,    0,    0,    0,    0,    0,    0,    0,    0,    0,    0,    0,    0,  -10,    0,    0,    0,    0,   -3,    0,    0,   -3,    0,    0,    0,   -3,    0,    0,    0,    0,    0,   -7,    0,    0,   -3,   -3,    0,    0,    0,    0,    0,    0,    0,    0,    0,    0,    0,    0,    0,    0,    0,    0,    0,    0,    0,    0,
       0,   10,    0,    0,  -13,   -7,    0,    0,    0,    0,    0,    0,    0,    0,    0,    0,    0,    0,    0,    0,    0,    0,    0,    0,    0,    0,    0,    0,    0,    0,    0,    0,    0,    0,    0,    0,    0,    0,    0,    0,    0,    0,    0,    0,    0,    0,    0,    0,    0,    0,    0,    0,    0,    0,    0,    0,   -7,    0,  -10,  -10,   -3,    0,    0,    0,    0,    0,    0,    0,  -13,   -3,    0,    0,  -10,    0,    0,    0,    0,    0,    0,    0,    0,    0,    0,    0,    0,    0,    0,    0,    0,    0,    0,    0,    0,    0,   13,
       0,   -3,    0,    0,    7,    0,    0,    0,    0,    0,    0,    0,    0,    0,    0,    0,    0,    0,    0,    0,    0,    0,    0,    0,    0,    0,    0,    0,    0,    0,    0,    0,    0,    0,    0,    0,    0,    0,    0,    0,    0,    0,    0,    0,    0,    0,    0,    0,    0,    0,    0,    0,  -10,    0,    0,   33,    7,    0,    0,   10,    0,    0,    0,   -5,    0,    0,    0,    0,    7,    0,    0,    0,    8,   -5,    0,  -10,    0,    0,    0,    0,   20,    0,    0,    0,    0,    0,    0,    0,    0,    0,    0,    0,    0,    0,    0,
       0,    0,    0,    0,    0,    0,    0,    0,    0,    0,    0,    0,    0,    0,    0,    0,    0,    0,    0,    0,    0,    0,    0,    0,    0,    0,    0,    0,    0,    0,    0,    0,    0,    0,    0,    0,    0,    0,    0,    0,    0,    0,    0,    0,    0,    0,    0,    0,    0,    0,    0,    0,  -13,    0,    0,    0,    0,  -13,   -3,    0,   -7,    0,    0,    0,   -7,    0,    0,    0,   -3,    0,   -7,    0,    0,   -3,  -10,   -3,   -3,    0,    0,    0,    0,    0,    0,    0,    0,    0,    0,    0,    0,    0,    0,    0,    0,    0,    0,
       0,    0,    0,    0,    0,   -3,    0,    0,    0,    0,    0,    0,    0,    0,    0,    0,    0,    0,    0,    0,    0,    0,    0,    0,    0,    0,    0,    0,    0,    0,    0,    0,    0,    0,    0,    0,    0,    0,    0,    0,    0,    0,    0,    0,    0,    0,    0,    0,    0,    0,    0,    0,   -3,   -5,    0,    0,    0,   -3,    0,    0,    0,    0,   -5,   -3,    0,   -7,    0,    0,    0,   -7,    0,    0,    0,    0,    0,   -7,   -3,    0,    0,    0,    0,    0,    0,    0,    0,    0,    0,    0,    0,    0,   -7,    0,    0,    0,   10,
       0,    0,    0,    0,    0,    0,    0,    0,    0,    0,    0,    0,    0,    0,    0,    0,    0,    0,    0,    0,    0,    0,    0,    0,    0,    0,    0,    0,    0,    0,    0,    0,    0,    0,    0,    0,    0,    0,    0,    0,    0,    0,    0,    0,    0,    0,    0,    0,    0,    0,    0,    0,  -10,    0,    0,    0,    0,    0,    0,    0,    0,    0,    0,    0,    0,    0,    0,    0,    0,    0,    0,    0,    0,    0,    0,    0,    0,   -2,    0,    0,    0,    0,    0,    0,    0,    0,    0,    0,    0,    0,    0,    0,    0,    0,    0,
       0,    7,    0,    0,    0,    0,    0,    0,    0,    0,    0,    0,    0,    0,    0,    0,    0,    0,    0,    0,    0,    0,    0,    0,    0,    0,    0,    0,    0,    0,    0,    0,    0,    0,    0,    0,    0,    0,    0,    0,    0,    0,    0,    0,    0,    0,    0,    0,    0,    0,    0,    0,   -7,    0,    0,    0,    0,    0,    0,    0,    0,    0,    0,    0,    0,    0,    0,    0,    0,   -3,    0,    0,    0,    0,    0,    0,   -3,    0,    0,    0,    0,    0,    0,    0,    0,    0,    0,    0,    0,    0,    0,    0,    0,    0,    0,
       0,    7,    0,    0,  -13,    0,    0,    0,    0,    0,    0,    0,    0,    0,    0,    0,    0,    0,    0,    0,    0,    0,    0,    0,    0,    0,    0,    0,    0,    0,    0,    0,    0,    0,    0,    0,    0,    0,    0,    0,    0,    0,    0,    0,    0,    0,    0,    0,    0,    0,    0,    0,    0,    0,    0,    0,   -7,    0,   -7,  -10,   -3,    0,    0,    0,    0,   -3,    0,    0,  -17,  -10,    0,    0,  -17,    0,    0,    0,  -10,    0,    0,    0,    0,    0,    0,    0,    0,    0,    0,    0,    0,    0,    0,    0,    0,    0,   13,
       0,  -27,    0,    0,    0,    0,   -3,    0,    0,    0,    0,    0,    0,    0,    0,    0,    0,    0,    0,    0,    0,    0,    0,    0,    0,    0,    0,    0,    0,    0,    0,    0,    0,    0,    0,    0,    0,    0,    0,    0,    0,    0,    0,    0,    0,    0,    0,    0,    0,    0,    0,    0,  -20,    0,    0,    0,    0,   -7,   -3,    0,   -3,    0,   -3,  -23,   -7,    0,    0,    0,    0,    0,   -7,    0,    0,  -20,  -15,  -13,   -7,    0,    0,    0,    0,    0,   -7,    0,    0,    0,    0,    0,  -10,    0,   -7,    0,    0,    0,  -10,
       0,   -3,    0,    0,    0,    0,    0,    0,    0,    0,    0,    0,    0,    0,    0,    0,    0,    0,    0,    0,    0,    0,    0,    0,    0,    0,    0,    0,    0,    0,    0,    0,    0,    0,    0,    0,    0,    0,    0,    0,    0,    0,    0,    0,    0,    0,    0,    0,    0,    0,    0,    0,  -13,    0,    0,   13,    0,    0,    0,    0,    0,    0,    0,    0,    0,    0,    0,    0,    0,    0,    0,    0,    0,  -10,  -17,    0,    0,    0,    0,    0,    7,    0,    0,    0,    0,    0,    0,    0,    0,    0,    0,    0,    0,    0,    0,
       0,    0,    0,    0,    0,    0,    0,    0,    0,    0,    0,    0,    0,    0,    0,    0,    0,    0,    0,    0,    0,    0,    0,    0,    0,    0,    0,    0,    0,    0,    0,    0,    0,    0,    0,    0,    0,    0,    0,    0,    0,    0,    0,    0,    0,    0,    0,    0,    0,    0,    0,    0,   -7,    0,    0,    0,    0,  -10,    0,    0,    0,    0,    0,    0,   -3,    0,    0,    0,    0,    0,    0,    0,    0,    0,    0,    0,   -7,    0,    0,    0,    0,    0,    0,    0,    0,    0,    0,    0,    0,    0,    0,    0,    0,    0,    0,
       0,   10,    0,    0,    0,    0,    0,    0,    0,    0,    0,    0,    0,    0,    0,    0,    0,    0,    0,    0,    0,    0,    0,    0,    0,    0,    0,    0,    0,    0,    0,    0,    0,    0,    0,    0,    0,    0,    0,    0,    0,    0,    0,    0,    0,    0,    0,    0,    0,    0,    0,    0,    7,    0,    0,    0,    0,    0,    0,    0,    0,    0,    0,    0,    0,    0,    0,    0,    0,    0,    0,    0,    0,    0,    0,    0,    0,   10,    0,    3,    0,    0,    0,    0,    0,    0,    0,    0,    0,    0,    0,    0,    0,    0,    0,
       0,    0,    0,    0,    0,    0,    0,    0,    0,    0,    0,    0,    0,    0,    0,    0,    0,    0,    0,    0,    0,    0,    0,    0,    0,    0,    0,    0,    0,    0,    0,    0,    0,    0,    0,    0,    0,    0,    0,    0,    0,    0,    0,    0,    0,    0,    0,    0,    0,    0,    0,    0,    0,    0,    0,   10,    0,    0,    0,    0,    0,    0,    0,    0,    0,    0,    0,    0,    0,    0,    0,    0,    0,    0,    0,    0,    0,    0,    0,    0,    7,    0,    0,    0,    0,    0,    0,    0,    0,    0,    0,    0,    0,    0,    0,
       0,   -3,    0,    0,    0,    0,    0,    0,    0,    0,    0,    0,    0,    0,    0,    0,    0,    0,    0,    0,    0,    0,    0,    0,    0,    0,    0,    0,    0,    0,    0,    0,    0,    0,    0,    0,    0,    0,    0,    0,    0,    0,    0,    0,    0,    0,    0,    0,    0,    0,    0,    0,  -13,    0,    0,   13,    0,    0,    0,    0,    0,    0,    0,    0,    0,    0,    0,    0,    0,    0,    0,    0,    0,  -10,  -17,    0,    0,    0,    0,    0,    0,    0,    0,    0,    0,    0,    0,    0,    0,    0,    0,    0,    0,    0,    0,
       0,    0,    0,    0,  -13,    0,    0,    0,    0,    0,    0,    0,    0,    0,    0,    0,    0,    0,    0,    0,    0,    0,    0,    0,    0,    0,    0,    0,    0,    0,    0,    0,    0,    0,    0,    0,    0,    0,    0,    0,    0,    0,    0,    0,    0,    0,    0,    0,    0,    0,    0,    0,    0,    0,    0,    0,    0,    0,    0,    0,    0,    0,    0,    0,    0,    0,    0,    0,   -7,    0,    0,    0,    0,    0,    0,    0,    0,    0,    0,    0,    0,    0,    0,    0,    0,    0,    0,    0,    0,    0,    0,    0,    0,    0,    0,
       0,  -13,    0,    0,    0,    0,    0,    0,    0,    0,    0,    0,    0,    0,    0,    0,    0,    0,    0,    0,    0,    0,    0,    0,    0,    0,    0,    0,    0,    0,    0,    0,    0,    0,    0,    0,    0,    0,    0,    0,    0,    0,    0,    0,    0,    0,    0,    0,    0,    0,    0,    0,  -13,    0,    0,    0,    0,    0,    0,    0,    0,    0,    0,  -13,    0,    0,    0,    0,    0,    0,    0,    0,    0,   -7,    0,    0,    0,    0,    0,    0,    0,    0,    0,    0,    0,  -10,   -7,  -10,    0,    0,    0,    0,    0,    0,    0,
       0,  -23,    0,    0,    0,    0,    0,    0,    0,    0,    0,    0,    0,    0,    0,    0,    0,    0,    0,    0,    0,    0,    0,    0,    0,    0,    0,    0,    0,    0,    0,    0,    0,    0,    0,    0,    0,    0,    0,    0,    0,    0,    0,    0,    0,    0,    0,    0,    0,    0,    0,    0,    0,    0,    0,    0,    0,    0,    0,    0,    0,    0,    0,    0,    0,   -7,    0,    0,    0,    0,    0,    0,    0,  -17,  -10,  -10,    0,    0,    0,    0,    0,    0,   -7,    0,    0,    0,    0,    0,   -7,    0,   -7,    0,    0,    0,    0,
       0,    0,    0,    0,  -13,    0,    0,    0,    0,    0,    0,    0,    0,    0,    0,    0,    0,    0,    0,    0,    0,    0,    0,    0,    0,    0,    0,    0,    0,    0,    0,    0,    0,    0,    0,    0,    0,    0,    0,    0,    0,    0,    0,    0,    0,    0,    0,    0,    0,    0,    0,    0,    0,    0,    0,    0,    0,    0,    0,    0,    0,    0,    0,    0,    0,    0,    0,    0,    0,    0,    0,    0,    0,    0,    0,    0,    0,    0,    0,    0,    0,    0,    0,    0,    0,   -3,    0,   -3,    0,    0,    0,    0,    0,    0,    0,
       0,    0,    0,    0,  -20,  -13,    0,    0,    0,    0,    0,    0,    0,    0,    0,    0,    0,    0,    0,    0,    0,    0,    0,    0,    0,    0,    0,    0,  -20,  -10,    0,    0,    0,    0,    0,    0,    0,    0,    0,    0,    0,    0,    0,    0,    0,    0,    0,    0,    0,    0,    0,    0,    7,   -7,    0,    0,  -13,    0,  -23,  -17,    0,    0,  -12,    0,    0,  -23,    0,    0,  -20,    0,   -7,   -7,    0,  -13,  -13,  -17,    0,    0,    0,    0,    0,   -7,   -7,    0,  -17,    0,    0,    0,  -13,  -17,  -23,  -17,  -27,    0,    0,
       0,    0,    0,    0,  -17,   -7,    0,    0,    0,    0,    0,    0,    0,    0,    0,    0,    0,    0,    0,    0,    0,    0,    0,    0,    0,    0,    0,    0,    0,    0,    0,    0,    0,    0,    0,    0,    0,    0,    0,    0,    0,    0,    0,    0,    0,    0,    0,    0,    0,    0,    0,    0,    0,    0,    0,    0,    0,    0,  -10,    0,    0,    0,    0,    0,    0,   -3,    0,    0,  -13,   -3,    0,    0,  -10,    0,    0,    0,    0,    0,    0,    0,    0,    0,    0,    0,    0,    0,    0,    0,    0,    0,    0,    0,    0,    0,    0,
       0,    0,    0,    0,  -17,   -7,    0,    0,    0,    0,    0,    0,    0,    0,    0,    0,    0,    0,    0,    0,    0,    0,    0,    0,    0,    0,    0,    0,    0,    0,    0,    0,    0,    0,    0,    0,    0,    0,    0,    0,    0,    0,    0,    0,    0,    0,    0,    0,    0,    0,    0,    0,    7,    0,    0,    0,    0,    0,  -20,    0,    0,    0,    0,    0,    0,  -13,    0,    0,  -17,    0,   -7,   -7,    0,    0,    0,  -17,    0,    7,    0,    0,    0,   -7,    0,    0,  -10,    0,    7,    0,    0,   -7,  -10,  -13,    0,    0,    0,
       0,    0,    0,    0,  -10,    0,    0,    0,    0,    0,    0,    0,    0,    0,    0,    0,    0,    0,    0,    0,    0,    0,    0,    0,    0,    0,    0,    0,    0,    0,    0,    0,    0,    0,    0,    0,    0,    0,    0,    0,    0,    0,    0,    0,    0,    0,    0,    0,    0,    0,    0,    0,    0,    0,    0,    0,    0,    0,    0,    0,    0,    0,    0,    0,    0,   -7,    0,    0,  -10,    0,    0,    0,    0,    0,    0,    0,    0,    0,    0,    0,    0,    0,    0,    0,    0,    0,    0,    0,    0,    0,    0,    0,    0,    0,    0,
       0,    0,    0,    0,    0,    0,    0,    0,    0,    0,    0,    0,    0,    0,    0,    0,    0,    0,    0,    0,    0,    0,    0,    0,    0,    0,    0,    0,    0,    0,    0,    0,    0,    0,    0,    0,    0,    0,    0,    0,    0,    0,    0,    0,    0,    0,    0,    0,    0,    0,    0,    0,    0,    0,    0,    0,    0,    0,    0,    0,    0,    0,    0,    0,    0,    0,    0,    0,    0,    0,    0,    0,    0,   -7,    0,  -17,    0,    0,    0,    0,    0,   -7,    0,    0,    0,    0,    0,    0,    0,  -17,   -7,    0,    0,    0,    0,
       0,    0,    0,    0,    0,    0,    0,    0,    0,    0,    0,    0,    0,    0,    0,    0,    0,    0,    0,    0,    0,    0,    0,    0,    0,    0,    0,    0,    0,    0,    0,    0,    0,    0,    0,    0,    0,    0,    0,    0,    0,    0,    0,    0,    0,    0,    0,    0,    0,    0,    0,    0,    0,    0,    0,    0,    0,    0,    0,    0,    0,    0,    0,    0,    0,   -3,    0,    0,    0,    0,    0,    0,    0,    0,    0,   -3,    0,    0,    0,    0,    0,    0,    0,    0,    0,    0,    0,    0,    0,    0,    0,    0,    0,    0,    0,
       0,    0,    0,    0,  -20,    0,    0,    0,    0,    0,    0,    0,    0,    0,    0,    0,    0,    0,    0,    0,    0,    0,    0,    0,    0,    0,    0,    0,    0,    0,    0,    0,    0,    0,    0,    0,    0,    0,    0,    0,    0,    0,    0,    0,    0,    0,    0,    0,    0,    0,    0,    0,    0,    0,    0,    0,    0,    0,  -20,    0,    0,    0,    0,    0,    0,  -17,    0,    0,  -17,    0,    0,    0,    0,    0,    0,  -13,    0,    7,    0,    0,    0,   -7,    0,    0,  -10,    0,    0,    0,    0,    0,  -13,  -13,  -13,   -3,    0,
       0,    0,    0,    0,  -13,    0,    0,    0,    0,    0,    0,    0,    0,    0,    0,    0,    0,    0,    0,    0,    0,    0,    0,    0,    0,    0,    0,    0,    0,    0,    0,    0,    0,    0,    0,    0,    0,    0,    0,    0,    0,    0,    0,    0,    0,    0,    0,    0,    0,    0,    0,    0,    0,    0,    0,    0,    0,    0,    0,    0,    0,    0,    0,    0,    0,    0,    0,    0,   -3,    0,    0,    0,    0,    0,    0,    0,    0,    0,    0,    0,    0,    0,    0,    0,    0,    0,    0,    0,    0,    0,    0,    0,    0,    0,    0,
       0,    0,    0,    0,    0,    0,    0,    0,    0,    0,    0,    0,    0,    0,    0,    0,    0,    0,    0,    0,    0,    0,    0,    0,    0,    0,    0,    0,    0,    0,    0,    0,    0,    0,    0,    0,    0,    0,    0,    0,    0,    0,    0,    0,    0,    0,    0,    0,    0,    0,    0,    0,   -7,    0,    0,    0,    0,    0,    0,    0,    0,    0,    0,    0,    0,    0,    0,    0,    0,    0,    0,    0,    0,    0,    0,    0,    0,    0,    0,    0,    0,    0,    0,    0,    0,   -3,    0,   -3,    0,    0,    0,    0,    0,    0,    0,
       0,   -3,    0,    0,    0,    0,    0,    0,    0,    0,    0,    0,    0,    0,    0,    0,    0,    0,    0,    0,    0,    0,    0,    0,    0,    0,    0,    0,    0,    0,    0,    0,    0,    0,    0,    0,    0,    0,    0,    0,    0,    0,    0,    0,    0,    0,    0,    0,    0,    0,    0,    0,    0,    0,    0,    0,    0,    0,    0,    0,    0,    0,    0,    0,    0,    0,    0,    0,    0,    0,   -7,    0,    0,    0,   -3,    0,    0,    0,    0,    0,    0,    0,    0,    0,    0,    0,    0,    0,    0,    0,    0,    0,    0,    0,    0,
};

static const EpdLigaturePair notosans_10_regularLigaturePairs[] = {
    { 0x00660066, 0xFB00 }, // f f -> U+FB00
    { 0x00660069, 0xFB01 }, // f i -> U+FB01
    { 0x0066006C, 0xFB02 }, // f l -> U+FB02
    { 0xFB000069, 0xFB03 }, // U+FB00 i -> U+FB03
    { 0xFB00006C, 0xFB04 }, // U+FB00 l -> U+FB04
};

static const EpdFontData notosans_10_regular = {
    notosans_10_regularBitmaps,
    notosans_10_regularGlyphs,
    notosans_10_regularIntervals,
    26,
    28,
    23,
    -7,
    true,
    nullptr,
    0,
    nullptr,
    notosans_10_regularKernLeftClasses,
    notosans_10_regularKernRightClasses,
    notosans_10_regularKernMatrix,
    534,
    526,
    109,
    95,
    notosans_10_regularLigaturePairs,
    5,
    nullptr,
    nullptr,
    nullptr,
};
